bs_zygomaxilla_NL_XXX_D_U,bs_zygomaxilla_NR_XXX_R_A,bs_mandible_NR_IXA_B_F,bs_maxilla_NL_SXX_N_W,bs_chin_NN_SXX_SL_SR,bs_brow_NL_XLX_R_A,bs_canine_NL_XXX_N,bs_brow_NL_XLX_B_F,bs_brow_NR_SMX_B_F,bs_temple_NR_XXX_B_F,bs_orbits_NR_XXX_N_W,bs_orbits_NR_SXX_D_U,bs_teeth_NN_XXX_D_U,ca_ears_NR_XXX_N_W,bs_cuspid_NR_XXX_SL_SR,fl_eyes_NR_XXX_R_A,bs_skull_NN_SXX_N_W,bs_mandible_NR_XXP_B_F,ca_laryngeal_NN_XXX_N_W,bs_orbits_NL_XXX_R_A,bs_maxilla_NR_IXX_B_F,fl_eyes_NR_XXX_D_U,bs_incisorLower_NL_XLX_U,bs_mandible_NL_SXA_N_W,bs_cuspid_NL_XXX_N,bs_brow_NN_XMX_D_U,ca_ears_NL_XXX_B_F,bs_temple_NL_XXX_R_A,bs_zygomaxilla_NR_XXX_D_U,bs_coronal_NN_SXX_R,bs_incisor_NR_XLX_D_U,bs_incisor_NR_IMX_D_U,bs_brow_NN_XMX_SL_SR,bs_canine_NR_IXX_R,bs_maxilla_NR_SXX_D_U,bs_maxilla_NL_IXX_R_A,bs_incisorLower_NL_XLX_SL_SR,ca_ears_NL_XXX_SL_SR,bs_incisor_NL_IMX_R,bs_incisorLower_NL_XLX_N,bs_noseRoot_NN_XXX_D_U,bs_cuspid_NL_SXX_D_U,bs_incisor_NR_ILX_D_U,ca_ears_NL_XXX_R_A,bs_cuspid_NL_XXX_U,bs_cuspid_NR_SXX_D_U,bs_cuspid_NR_XXX_N,bs_mandible_NR_IXA_N_W,ca_ears_NR_XXX_R_A,bs_skull_NN_SXX_R_A,bs_noseBridge_NN_XXX_N_W,bs_incisorLower_NR_SMX_D_U,bs_chin_NN_XXX_B_F,bs_canine_NL_XXX_SL_SR,bs_incisor_NR_XLX_SL_SR,bs_brow_NR_XLX_N_W,bs_maxilla_NL_IXX_B_F,bs_incisorLower_NR_XLX_U,bs_mandible_NR_SXA_D_U,bs_skull_NN_XXP_N_W,bs_chin_NN_XXX_R_A,bs_orbits_NL_SXX_D_U,bs_temple_NL_XXX_B_F,ca_adamsapple_NN_XXX_D_U,bs_orbits_NL_XXX_N_W,bs_mandible_NL_XXP_N_W,bs_canine_NR_XXX_N,bs_nose_NN_XXX_N_W,bs_incisor_NL_XLX_N_W,bs_mandible_NR_XXP_N_W,ca_laryngeal_NN_XXX_B_F,bs_mandible_NL_IXA_B_F,bs_chin_NN_XXX_SL_SR,bs_molarsLower_NR_XXX_U,bs_brow_NL_XLX_N_W,bs_mandible_NL_IXA_R_A,bs_incisorLower_NL_SMX_D_U,bs_brow_NR_XLX_R_A,bs_incisor_NR_XMX_D_U,bs_cuspid_NR_XXX_U,bs_maxilla_NR_IXX_N_W,bs_mandible_NR_IXA_R_A,bs_incisorLower_NR_XLX_N,bs_noseBridge_NN_XXX_R_A,bs_incisor_NR_IMX_R,bs_canine_NL_IXX_R,bs_mandible_NL_IXA_D_U,bs_orbits_NR_XXX_R_A,bs_incisorLower_NL_SLX_D_U,bs_nose_NN_XXX_B_F,bs_mandible_NL_XXP_R_A,bs_temple_NR_XXX_N_W,bs_chin_NN_XXX_N_W,bs_chin_NN_SXX_D_U,bs_orbits_NR_XXX_B_F,bs_teethLower_NN_XXA_N_W,bs_brow_NL_SMX_D_U,bs_incisorLower_NL_XMX_N,bs_skull_NN_XXP_R_A,bs_chin_NN_SXX_N_W,bs_chin_NN_XXX_D_U,bs_canine_NL_XXX_D_U,bs_brow_NL_SMX_N_W,bs_temple_NL_XXX_N_W,bs_orbits_NL_XXX_B_F,bs_mandible_NR_SXA_B_F,bs_noseRoot_NN_XXX_SL_SR,ca_ears_NL_XXX_N_W,bs_coronal_NN_SXX_D_U,bs_maxilla_NL_IXX_N_W,bs_incisor_NL_XMX_D_U,bs_teeth_NN_XXX_SL_SR,bs_cuspid_NL_XXX_SL_SR,ca_ears_NL_XXX_D_U,bs_forehead_NN_XXX_U,bs_incisor_NL_XMX_N_W,bs_maxilla_NL_IXX_D_U,bs_maxilla_NR_IXX_R_A,bs_molarsLower_NL_XXX_U,bs_coronal_NN_SXX_N_W,bs_canine_NR_IXX_D_U,bs_incisor_NL_XLX_D_U,ca_adamsapple_NN_XXX_B_F,bs_incisor_NR_XMX_SL_SR,bs_temple_NR_XXX_R_A,bs_temple_NL_XXX_D_U,bs_noseRoot_NN_XXX_B_F,bs_orbits_NL_SXX_B_F,bs_forehead_NN_XXX_R_A,bs_orbits_NR_SXX_B_F,bs_incisorLower_NR_XMX_N,bs_temple_NR_XXX_D_U,bs_incisor_NL_XLX_SL_SR,bs_brow_NN_XMX_R_A,bs_zygomaxilla_NR_XXX_B_F,bs_teethLower_NN_XXA_D_U,bs_teeth_NN_XXX_B_F,bs_orbits_NL_SXX_N_W,bs_orbits_NL_XXX_D_U,bs_noseBridge_NN_XXX_SL_SR,bs_maxilla_NR_SXX_B_F,bs_teeth_NN_XXX_R_A,bs_incisor_NR_XMX_N_W,bs_maxilla_NR_IXX_D_U,bs_orbits_NR_SXX_R_A,bs_forehead_NN_XXX_B_F,bs_mandible_NL_IXA_N_W,bs_coronal_NN_SXX_B_F,bs_skull_NN_XXP_SL_SR,bs_coronal_NN_SXX_SL_SR,bs_brow_NL_XLX_D_U,bs_forehead_NN_XXX_SL_SR,bs_maxilla_NL_SXX_B_F,bs_noseRoot_NN_XXX_N_W,bs_incisorLower_NR_XMX_SL_SR,bs_zygomaxilla_NL_XXX_R_A,bs_zygomaxilla_NL_XXX_B_F,bs_maxilla_NL_SXX_R_A,bs_nose_NN_XXX_D_U,bs_mandible_NR_XXP_D_U,bs_incisor_NL_XMX_SL_SR,fl_eyes_NR_XXX_B_F,bs_incisor_NL_ILX_R,bs_molars_NL_XXX_D_U,bs_incisor_NR_XLX_N_W,ca_ears_NR_XXX_SL_SR,bs_brow_NR_SMX_R_A,bs_brow_NN_XMX_B_F,bs_canine_NR_XXX_SL_SR,bs_skull_NN_SXX_F,bs_mandible_NR_SXA_N_W,bs_brow_NL_SMX_R_A,fl_eyes_NR_XXX_N_W,ca_laryngeal_NN_XXX_D_U,bs_molars_NR_XXX_D_U,bs_skull_NN_XXP_D_U,bs_chin_NN_SXX_R_A,bs_mandible_NL_XXP_D_U,bs_forehead_NN_XXX_N_W,bs_nose_NN_XXX_SL_SR,fl_eyes_NL_XXX_B_F,bs_orbits_NR_SXX_N_W,bs_chin_NN_SXX_B_F,bs_noseBridge_NN_XXX_D_U,bs_orbits_NR_XXX_D_U,fl_eyes_NL_XXX_R_A,bs_mandible_NR_IXA_D_U,bs_mandible_NL_SXA_R_A,bs_teeth_NN_XXX_N_W,bs_brow_NL_SMX_B_F,bs_brow_NR_XLX_D_U,bs_maxilla_NR_SXX_N_W,bs_incisor_NL_ILX_D_U,bs_mandible_NL_SXA_B_F,bs_canine_NL_IXX_D_U,ca_laryngeal_NN_XXX_SL_SR,bs_brow_NR_SMX_N_W,bs_incisorLower_NL_XMX_U,bs_zygomaxilla_NR_XXX_N_W,ca_ears_NR_XXX_B_F,bs_incisorLower_NR_XLX_SL_SR,bs_canine_NR_XXX_D_U,bs_orbits_NL_SXX_R_A,bs_skull_NN_XXP_B_F,bs_incisor_NR_ILX_R,bs_incisorLower_NL_XMX_SL_SR,bs_teeth_NN_XXA_N_W,bs_mandible_NL_SXA_D_U,bs_mandible_NR_SXA_R_A,bs_mandible_NL_XXP_B_F,bs_brow_NN_XMX_N_W,fl_eyes_NL_XXX_D_U,bs_skull_NN_SXX_SL_SR,bs_teeth_NN_XXA_D_U,bs_noseBridge_NN_XXX_B_F,bs_brow_NR_XLX_B_F,ca_ears_NR_XXX_D_U,bs_skull_NN_SXX_D_U,fl_eyes_NL_XXX_N_W,bs_noseRoot_NN_XXX_R_A,bs_incisorLower_NR_XMX_U,bs_zygomaxilla_NL_XXX_N_W,bs_brow_NR_SMX_D_U,bs_incisor_NL_IMX_D_U,ca_adamsapple_NN_XXX_SL_SR,bs_nose_NN_XXX_R_A,bs_incisorLower_NR_SLX_D_U,bs_maxilla_NL_SXX_D_U,bs_mandible_NR_XXP_R_A,bs_maxilla_NR_SXX_R_A,assetid,fc_neck_restore,fc_mouthbag_restore
-25,3,-52,-97,5,-32,0,40,-17,47,-48,-5,45,2,0,31,12,28,-8,65,-3,31,0,-55,0,-2,-1,32,-26,0,0,0,-4,0,27,6,2,2,0,0,-40,0,0,26,0,-1,0,6,32,18,4,0,-9,1,0,-71,-9,0,-22,37,3,-5,44,11,-49,-25,0,-37,0,-31,5,-49,8,0,-79,9,0,-33,0,0,-60,10,0,17,0,0,14,66,-1,-37,-57,-29,54,0,-26,-1,-51,0,15,-66,78,-1,-52,-37,-26,56,-1,-2,-23,-73,1,-14,1,-16,0,0,-3,0,0,-4,1,-2,-58,4,26,-47,18,69,7,79,0,-47,1,0,-2,0,-82,-40,-4,-5,16,-16,1,-2,-33,-21,7,31,2,2,31,-10,16,0,1,4,-2,29,58,-6,2,-44,0,0,0,11,41,19,1,0,-52,48,-22,-4,-1,-28,3,-7,0,3,-48,-43,-21,0,-12,40,16,-16,-8,-24,24,-93,0,61,0,-2,-61,0,-58,1,1,-1,-27,61,0,-1,-1,-21,-18,28,-7,38,-3,-1,3,50,-24,-45,-21,-12,0,-51,-52,-1,0,15,0,28,-55,27,7053,0,100
-37,26,28,-70,10,8,0,-1,23,41,-41,31,61,11,0,15,-6,70,42,56,28,47,0,-10,0,0,4,23,-39,0,0,0,-5,0,52,-10,2,-45,0,0,57,0,1,19,0,0,0,-29,25,33,25,3,58,0,0,-1,22,0,10,37,15,32,41,2,-44,17,0,-8,1,0,47,32,0,0,-16,48,3,16,0,0,1,51,0,11,0,0,3,60,0,0,-40,-23,-19,12,-34,0,-58,0,3,-70,52,1,-63,-19,-34,64,-3,26,-11,16,2,-4,0,-34,0,6,-37,-10,0,-13,1,-1,-61,3,25,-35,-11,-1,33,2,0,-34,0,30,-20,1,-21,-18,-4,-13,-6,-31,2,-41,-20,46,-20,9,3,10,-73,-6,-4,-26,0,26,-21,23,100,-51,3,-33,0,3,1,-10,39,-9,0,0,-20,39,-63,-9,0,-18,31,-49,-8,-6,-30,-15,-21,61,-6,3,2,-45,0,24,-72,-63,0,65,1,-4,-75,0,-40,0,0,0,-17,23,0,0,4,13,-41,72,-89,48,10,3,-5,-1,-42,13,-64,27,0,-22,-61,0,5,16,1,49,-37,19,50610,0,100
-3,-10,52,-56,0,28,0,-15,7,25,-64,27,-3,1,0,35,-20,45,26,-9,30,11,0,-45,0,27,-20,0,-14,0,0,0,0,0,6,-2,0,-38,0,0,0,0,0,-6,0,0,0,-23,-10,4,-23,0,13,0,0,48,32,0,-29,48,6,9,20,-16,-47,1,0,-42,-1,1,43,48,-12,0,57,18,1,27,-1,0,-67,15,0,-26,0,0,-1,-29,-2,-68,-10,-32,-26,26,-39,-1,-47,0,2,-62,29,0,-14,-27,-57,48,-2,8,-20,-69,-2,11,1,-63,0,1,-34,0,0,-8,0,-1,-45,2,-3,-47,-29,-13,26,-16,0,-50,0,25,-14,-1,-57,31,-43,3,-50,9,0,-34,10,-2,-20,-2,1,-2,-17,-2,-50,-49,0,-14,-17,48,35,-52,0,-45,0,0,0,-20,37,5,0,0,-33,39,-70,-14,0,-28,55,-49,-71,19,-56,29,-45,21,-45,36,-4,-15,-43,12,-3,-54,1,45,0,-3,3,0,10,-21,0,0,8,-9,0,0,0,-30,-13,44,10,20,-5,0,-24,-18,-57,-22,-62,0,0,30,-40,0,2,6,-1,7,-9,45,70131,0,100
-17,-1,16,-76,6,12,0,0,-29,-18,-49,26,-29,-31,0,39,0,12,14,-3,12,37,0,0,0,3,-42,-18,-24,0,0,-3,0,0,25,-26,2,-23,0,0,0,0,1,-2,0,0,0,-23,-7,17,9,0,0,-1,1,45,10,0,-29,16,13,17,-19,-16,-37,-14,0,-22,1,-13,19,14,14,0,42,12,2,12,0,0,11,12,0,31,0,0,8,-14,-1,-2,-20,-28,-21,-28,-30,-1,-20,0,-7,-36,2,0,14,-36,-29,81,3,-45,12,32,2,5,1,27,40,4,0,-19,0,-2,1,-1,-16,3,-18,-9,0,28,0,14,0,-5,0,35,-26,-1,-19,11,-48,-9,-25,-25,2,-3,0,-4,-19,13,3,1,-11,-6,-29,-48,0,-2,-32,35,-17,-34,2,-33,0,1,0,-40,23,-7,0,0,-18,21,-49,-6,1,-14,26,-33,30,-4,-42,11,-40,-15,-36,30,6,-48,-50,-25,-5,-77,0,74,1,0,2,0,9,-39,0,0,-4,12,0,0,2,-26,-44,14,47,34,2,-2,-42,-1,38,-12,-42,21,0,5,-20,-2,0,22,0,25,-18,31,70260,0,100
-23,-47,16,-38,14,-16,0,21,61,24,-37,52,14,0,0,-7,48,55,47,38,48,58,0,-70,0,48,-49,28,-27,0,-1,-1,-1,0,36,3,3,-58,0,0,-24,-3,-3,20,0,-2,0,-23,20,42,4,-1,35,0,0,47,46,0,-35,44,0,50,20,4,-22,6,0,-43,2,11,18,9,2,0,52,40,-2,-19,-2,0,-28,37,0,-7,0,0,-20,25,-2,-42,-39,-50,-18,-31,-23,1,48,0,-14,-47,31,-2,-73,-36,-17,64,3,-3,-11,-52,-3,0,0,-100,47,5,-18,-3,0,-11,-1,-3,-78,0,38,2,44,33,37,40,0,4,0,43,27,-1,-42,-25,-20,-7,11,-34,3,-17,13,-24,-25,19,0,3,-78,-3,14,-22,1,-43,28,17,68,-65,1,-25,0,0,2,-58,49,-20,2,0,-60,52,-81,-2,-1,-44,34,-62,-54,-8,-21,-25,-24,35,-24,-7,-26,-38,-66,61,-69,-28,-1,63,-1,-6,-76,0,38,-44,0,0,15,10,0,1,4,-33,-38,56,-5,65,3,-3,18,41,-100,43,-71,8,0,36,49,-2,3,20,-1,39,-37,10,70310,100,100
-26,9,20,-35,14,16,0,-49,-11,63,-46,25,17,-16,0,-11,7,19,34,16,1,48,0,4,0,-29,-40,-33,-26,0,0,-2,-3,0,29,-2,0,-35,0,0,-20,-1,-1,-4,0,-2,0,8,-4,-22,48,0,-7,0,0,55,0,0,-36,51,11,22,60,-31,-20,74,0,-68,4,84,20,15,-1,0,60,21,0,16,0,0,-45,16,0,-21,0,0,-34,8,-2,-68,-17,-27,6,-29,-35,3,-52,0,-17,-16,-16,0,4,-21,-38,69,-1,-14,26,-54,-2,-12,0,-25,0,12,-8,-3,0,15,0,-1,-52,2,-32,-55,-18,15,-20,22,0,-57,2,44,-43,-1,-45,74,-23,7,-64,-35,8,-8,-20,-11,4,-52,0,-4,-42,-10,-52,-100,0,3,-36,26,7,-67,2,-1,0,0,5,-26,42,-27,0,0,7,40,-33,-21,-1,-22,39,-68,6,28,-22,76,-56,-24,-27,-14,-38,-34,2,-23,-48,-39,-2,68,0,-3,-5,0,-20,-38,-1,0,-15,-68,0,0,9,-34,-33,18,37,55,2,-1,-19,-45,-26,5,-24,0,0,-1,-50,-3,2,7,0,28,-12,24,70508,0,100
-2,31,15,-29,8,-6,0,7,-15,-82,-22,-9,43,-30,0,-42,34,37,32,-36,-8,10,0,-6,0,20,-24,-77,2,0,0,-3,1,0,69,-25,3,-12,0,0,-15,0,0,44,0,0,0,-38,41,23,-33,-1,-15,-3,-2,-30,-10,0,57,27,0,-2,-78,23,-11,-9,0,13,2,-18,46,20,-5,0,-37,33,0,-13,-1,0,-38,30,0,13,0,0,12,-29,2,-52,-28,-75,-44,-84,-14,-1,-56,0,-1,10,54,-2,5,-65,2,3,-3,-20,-14,-27,-5,-3,0,29,0,9,22,-24,0,33,2,-2,-83,1,-74,-81,-37,37,18,37,0,-80,3,3,-30,-1,-8,15,-30,0,-72,-23,7,17,-44,-15,-38,-4,-1,4,-36,1,-69,-7,4,35,-36,37,51,-24,-1,-14,0,0,1,1,25,-17,0,0,-7,29,-35,17,0,9,28,-21,-4,8,-10,11,-43,34,-30,-40,7,-14,-36,-19,-44,-35,-3,4,1,-6,27,0,26,-29,3,-2,-46,2,0,0,7,58,-13,40,69,4,-6,-8,-73,14,31,-9,-40,2,0,39,-58,-4,13,3,-1,70,-25,32,70786,0,100
1,7,23,-72,2,12,0,16,-14,17,-51,57,-23,-19,0,30,21,88,23,44,56,29,0,-29,0,21,-10,-27,4,0,0,-2,1,0,63,-33,1,-93,0,0,-1,-2,2,-23,0,0,0,10,-28,2,53,0,29,0,1,46,60,0,-9,40,1,43,17,-28,-59,10,0,-23,2,-8,40,39,-21,0,43,74,0,17,0,0,-45,75,0,-3,0,0,29,27,-2,-7,-69,-34,-24,-68,-35,1,-22,0,-9,-56,3,0,-27,-50,-35,74,3,-8,20,-48,2,-37,2,47,91,5,16,-33,0,-47,0,-1,-86,0,-28,-47,18,70,0,66,0,-36,0,32,49,-2,-40,14,-27,-7,-13,-6,4,22,-38,-35,7,-11,7,15,-35,-6,-29,-11,0,9,48,29,43,-27,3,-21,0,0,2,-85,36,-19,2,0,-26,38,-20,-7,1,-33,50,-30,84,-5,-20,42,-97,66,-14,21,33,-2,-7,-20,-19,-74,1,76,0,-5,-5,0,-11,-21,0,-1,-51,6,0,-1,2,-11,0,90,-20,29,6,-2,33,4,46,-4,-28,6,0,5,-20,-3,6,37,-2,62,-63,28,70826,0,100
-32,-25,16,-36,9,-15,0,68,1,-35,-39,18,92,-21,2,33,-11,16,12,34,20,-9,0,-37,0,-74,-56,-38,-27,0,-1,0,2,0,40,-18,1,-36,0,0,-22,0,0,-15,0,-2,0,-45,-16,41,-30,0,-5,2,-5,58,24,0,-36,23,9,19,-25,19,-27,-19,0,29,1,-28,41,21,-8,0,50,12,-3,-16,2,0,-22,16,0,29,0,0,-6,34,-1,-43,-51,-29,-72,-29,-67,-1,-100,0,-9,-71,58,2,-65,-28,-58,10,2,0,1,-25,7,-29,0,57,24,6,28,-16,0,15,1,0,-86,4,-41,-33,-35,23,22,27,0,-31,0,17,-39,1,29,-18,-44,0,-9,-15,4,29,-18,40,-37,18,-3,4,-26,3,-3,-67,-1,-19,-23,32,100,-38,2,44,0,3,-3,7,87,-9,0,0,-28,90,-24,9,1,2,56,-36,2,15,63,-28,-49,-30,-44,33,-4,2,0,-2,-34,-34,0,5,3,-3,-73,0,-15,-66,2,0,-16,8,0,1,2,-36,2,19,52,-7,-4,0,-88,63,58,0,-17,-9,0,-3,-100,-1,8,5,2,42,-50,36,71998,0,100
-51,-10,22,-42,0,-3,0,32,29,-5,-43,4,38,-23,1,27,5,29,27,22,33,-3,0,-52,0,-36,-23,-3,-61,0,-1,0,0,0,9,-25,0,-70,0,0,-61,0,0,-13,0,-2,0,-12,-12,14,-6,0,34,2,-1,34,34,0,-28,33,-3,3,-8,-1,-58,-8,0,-49,1,-21,31,33,-10,0,36,22,-1,3,0,0,-50,28,0,6,0,0,10,29,-1,-47,-11,-42,-12,16,-47,0,-44,0,-1,-3,40,1,-56,-45,-52,58,0,-14,-8,-43,4,0,1,-3,0,6,-27,-23,0,30,1,0,-51,2,-2,-6,-34,30,-9,40,0,-5,0,-2,3,1,-54,4,-9,-9,-24,10,5,-28,-17,38,8,9,-1,1,-36,-3,-17,-11,1,-12,7,29,-3,-32,1,-38,0,2,-1,-65,27,-28,0,0,-45,25,-75,-8,2,-18,41,-30,52,-11,-35,3,-44,-29,-7,26,11,-46,-25,45,-36,-47,-2,52,5,0,-58,0,-9,-27,0,0,-14,13,0,1,1,-27,-43,29,-10,-6,-3,-1,-71,22,-7,-7,-82,-18,0,0,-45,0,1,0,3,9,-9,33,72026,0,100
-3,-8,32,-6,3,-16,0,81,46,30,-24,-11,0,-27,0,-4,-5,6,28,7,0,2,0,-52,0,6,-4,-3,-2,0,0,-1,0,0,35,-18,1,-28,0,0,-9,0,0,3,0,2,0,-3,3,6,45,0,3,-1,0,60,2,0,-27,36,14,-3,28,-8,-23,6,0,-23,3,-12,26,42,0,0,56,10,0,-22,0,0,2,16,0,7,0,0,35,11,1,-24,-35,3,28,-22,-32,0,-32,0,-10,-27,23,0,18,8,-32,31,0,-12,1,2,2,-5,2,-36,44,12,-23,-17,0,78,3,0,-49,3,-5,26,-14,12,11,18,0,28,3,21,-29,0,-24,42,36,-5,7,-46,6,-25,-27,-21,9,-5,0,4,-34,5,8,-40,2,-10,-32,28,84,-38,2,9,0,1,2,-4,-21,-44,3,0,-50,-19,-36,-6,0,-7,24,-35,24,-4,14,56,-31,35,26,-15,35,-24,-20,39,-39,-8,1,31,0,-2,31,0,-16,-7,0,0,-27,-7,0,1,9,-25,-17,9,60,4,0,0,12,86,-42,2,-34,17,0,-14,-36,-2,3,0,1,35,-34,26,72387,0,100
21,11,20,15,10,-2,0,7,38,33,-48,64,34,-16,0,10,40,11,20,55,48,-10,0,-42,0,-4,-20,-11,21,0,0,2,-3,0,-26,-15,1,-41,0,0,-50,1,0,-82,0,2,0,-13,-85,27,5,2,0,-1,0,22,43,0,-29,36,-1,56,35,1,-47,62,0,-17,0,54,6,20,9,0,15,21,0,-10,2,0,20,23,0,6,0,0,-7,56,-1,-43,-5,-1,-32,-74,56,2,28,0,-24,-60,29,0,4,14,50,71,-8,-13,58,17,3,-6,1,-71,0,4,-5,-19,0,-3,1,0,-71,0,-3,3,-40,16,20,24,0,-3,1,50,44,0,-27,1,7,-16,-37,-40,5,-7,36,9,-4,8,1,2,8,0,-44,-13,0,12,39,30,63,-49,1,38,0,0,1,-39,27,-82,-1,0,-25,27,-77,7,1,0,-3,-47,8,-10,35,28,-38,-7,17,22,-10,-10,-27,21,9,17,0,74,2,0,28,0,22,-20,0,2,32,-5,0,1,5,-30,-7,12,14,-5,-3,3,-43,27,-69,12,-74,-20,0,34,28,2,2,33,0,-26,-5,26,72399,0,100
-28,9,33,-94,5,-23,0,-5,42,33,-73,-7,49,14,0,-29,-31,47,62,20,43,0,0,-14,0,60,-19,-22,-24,0,0,0,1,0,30,7,1,-23,0,0,-40,1,-1,8,0,1,0,-14,11,23,40,0,22,-2,1,8,40,0,5,22,13,-10,32,-14,-71,-63,0,-67,0,-70,69,25,5,0,14,52,0,-29,0,0,-63,48,0,30,0,0,12,28,2,-22,-71,-48,-52,-65,-33,0,-21,0,0,-49,39,1,-44,-52,-41,33,4,19,-27,-52,0,-21,-2,13,0,4,-7,9,0,18,0,2,-73,1,-19,-8,-17,29,-9,37,0,-10,2,4,6,0,-9,-28,-1,3,37,2,2,-8,-10,20,-17,18,0,6,16,-2,27,-4,0,9,3,25,47,-49,2,1,0,0,0,-14,43,-27,0,0,-15,42,-79,-13,0,-12,26,-49,58,12,0,-26,-34,-4,0,-33,8,-17,-69,56,16,-91,0,26,0,-2,-46,0,-78,-25,0,0,-12,28,0,1,1,3,-18,47,50,0,-6,1,-28,0,10,-29,-76,6,0,-73,-21,0,4,34,2,26,-73,18,72418,0,100
-57,1,-8,-20,4,23,0,3,6,43,-63,10,3,-32,0,-20,-12,2,11,14,6,7,0,-46,0,29,-25,33,-55,0,1,0,0,0,11,-4,2,-15,0,0,22,0,2,-3,0,1,0,-16,-5,1,-4,0,9,1,0,62,1,0,-30,19,0,13,40,2,-46,-9,0,-52,1,-1,34,-20,6,0,68,41,3,17,0,0,-12,32,0,16,0,0,14,9,-1,-2,-6,-33,-18,16,12,0,37,0,-4,-20,21,0,43,-32,4,34,3,-44,-2,-26,2,-11,1,-48,0,3,-49,-10,0,-4,2,1,-58,5,36,-13,-12,1,-7,4,0,-11,0,35,1,-1,-33,8,-9,-3,19,23,1,-49,5,3,-27,-1,5,-3,15,-15,15,34,0,-3,-11,9,-5,-26,2,-19,0,3,0,-31,-24,-29,1,0,-25,-25,-57,2,0,-15,43,-26,21,-2,-24,13,-50,1,-14,-27,7,7,-18,1,12,-24,2,32,2,-2,24,0,-33,-18,2,0,10,-13,0,0,1,-30,7,0,45,5,3,-1,-10,9,-40,11,-51,6,0,-28,30,-2,1,-6,0,13,-5,3,72864,0,100
-14,8,-2,-60,4,32,0,-5,57,-6,-57,37,40,37,-1,30,14,31,58,0,0,33,0,-22,0,67,11,-32,-25,0,0,0,1,0,54,20,1,3,0,0,27,0,1,-21,0,0,0,-21,-21,-8,36,0,0,-1,1,74,2,0,-56,52,-4,31,-3,-6,-54,-1,0,-37,4,8,61,-6,-12,0,87,24,3,25,0,0,-34,23,0,9,0,0,1,-1,1,26,-13,21,1,-63,-25,0,-23,0,-9,-44,39,0,22,24,-27,93,1,7,-14,-27,2,-20,0,-7,0,13,6,22,0,6,1,0,-75,1,-22,-23,24,6,-23,-1,0,-26,1,48,-20,1,-43,55,-24,2,2,-1,9,5,-11,25,-20,-11,0,-2,-22,-11,4,-33,0,5,-23,10,100,-41,2,6,0,3,3,-34,-10,-18,1,0,-23,-10,-24,-17,2,-23,14,-37,100,14,6,61,-34,9,-27,23,-1,-29,-60,52,-17,-64,3,93,1,-4,34,0,5,25,0,0,-12,-2,0,0,10,-55,-29,30,81,35,-9,5,64,-3,-9,-13,-23,24,0,23,-16,0,5,39,3,52,-13,12,72880,0,100
38,8,50,32,6,-4,0,43,-24,-31,-29,11,11,-66,0,-45,3,58,21,1,-28,6,0,-85,0,-27,-48,-12,36,0,0,-4,-1,0,68,0,0,-51,0,0,20,0,0,-39,0,-1,0,-44,-37,-13,23,0,-16,0,0,52,-34,0,-1,43,-6,15,-27,-8,-22,-39,0,-27,1,-36,24,46,8,0,52,32,-1,-4,-1,0,-52,27,0,7,0,0,-28,-1,-1,-58,-38,-21,-21,-46,-55,0,-34,0,-21,-24,20,0,10,-23,-49,44,-1,-66,-11,-37,0,-16,-1,-10,27,9,-6,-2,0,57,0,0,-52,1,-9,-1,10,-34,-2,-28,0,-5,-1,2,-93,-3,-36,62,-9,0,-100,-12,6,-12,2,-39,-50,-17,3,-5,-43,-18,-100,-28,0,11,-93,15,35,-30,3,-16,0,1,1,-52,21,-83,1,0,-81,13,-89,-5,0,-31,19,-26,45,9,-21,72,-62,30,-8,-38,-33,-24,-14,-14,-36,27,-1,47,0,-1,36,0,95,-46,0,0,8,0,0,0,6,0,-23,60,31,6,-3,-5,-40,52,-8,-37,-87,16,0,77,-36,-4,3,16,-1,66,-36,21,73052,0,100
-14,8,-11,-50,2,-27,0,70,-11,22,-58,27,50,-10,-1,29,-15,10,19,27,77,0,0,-26,0,-13,-17,47,-27,0,0,-6,-1,0,60,-9,-1,-11,0,0,-31,0,-1,23,0,0,0,-9,20,-1,-67,3,-16,-2,2,-73,79,0,-17,34,1,22,21,-12,-54,-25,0,-75,0,-32,24,-3,-3,0,-73,16,0,-25,0,0,-49,14,0,21,0,0,23,12,-1,-33,-38,-25,-49,-86,-55,1,-73,0,2,-57,46,0,-62,-32,-55,38,0,-1,-12,-50,-1,-19,0,-15,0,7,-17,-8,0,28,1,0,-58,3,41,-6,-13,15,-1,20,0,-8,0,54,-11,-3,-34,52,-29,4,-11,21,4,-15,-29,-8,-14,-15,7,-8,-50,-16,-9,20,1,7,-10,41,49,-45,2,-39,0,-1,1,1,25,-47,1,0,-26,19,-86,-4,-2,-21,43,-46,-14,11,-39,43,-48,28,-33,22,23,-4,-33,-3,-48,-63,-1,41,0,0,-63,0,-82,-19,0,0,-26,-2,0,-2,6,-16,-2,12,33,-1,-2,-9,-19,61,-16,-8,-82,23,0,-87,-77,-6,5,28,0,62,-34,45,73053,0,100
13,-15,-20,-90,3,-9,0,56,30,22,-83,-61,33,11,1,33,-4,25,24,68,33,40,0,-44,0,34,-19,-1,15,0,0,-1,-3,0,-34,3,2,-40,0,0,0,-1,0,-13,0,0,0,-36,-12,10,34,0,28,0,0,-83,37,0,-37,22,11,-58,21,-10,-84,-31,0,-36,2,-22,11,-22,-8,0,-78,32,-1,-17,0,0,-35,28,0,1,0,0,15,68,-1,-36,-30,-37,-22,-25,-40,0,-23,0,-13,-33,31,0,-69,-16,-41,68,-1,10,-8,-47,0,-6,1,1,0,5,-34,-1,0,14,1,0,-60,0,6,21,-30,39,23,44,0,22,0,-29,-20,1,-39,-18,-57,-5,-48,-22,4,-31,-21,-7,-50,1,0,-9,14,-8,-39,-37,1,-14,-15,39,13,-60,3,-15,0,1,1,-29,34,-35,2,0,-41,38,-26,-7,0,-2,32,-58,52,-1,-30,-29,-20,24,-69,22,12,-31,-72,35,12,-86,0,73,0,-3,-68,0,-23,-16,1,0,-18,-5,0,-1,4,-39,-35,26,-9,44,-14,2,12,71,5,7,-23,0,0,-13,-19,-1,3,5,1,-34,-30,40,73145,0,100
22,24,-31,-14,0,18,0,-31,21,54,-28,61,55,-26,-1,5,24,33,6,-26,5,0,0,-23,0,29,-51,-72,20,0,0,-4,-1,0,27,3,0,-26,0,0,-11,0,-2,-48,0,1,0,-24,-48,26,45,1,0,-2,0,13,10,0,-14,29,8,58,55,-29,-31,-4,0,-5,0,1,48,-29,-14,0,21,11,2,18,0,0,-33,10,0,39,0,0,7,-27,0,-11,-32,12,-16,-80,-7,0,18,0,-23,-45,44,0,33,19,-6,58,2,-30,-12,-47,-2,-27,-1,50,52,9,16,-1,0,0,1,0,-40,-1,-69,-31,-4,-17,-3,-7,0,-28,-1,44,-24,-2,-11,-13,2,-4,-26,-50,3,21,-12,10,-31,-3,4,-10,-82,-16,-32,-22,1,24,-13,-3,0,-44,0,21,0,0,3,-44,7,-47,0,0,-32,8,-63,-13,0,-1,15,-47,25,-2,29,-19,-54,-8,-1,2,8,22,-26,21,-72,-16,-2,67,0,-2,39,0,30,-50,0,0,-8,-7,0,2,10,-14,21,33,-74,2,-10,-1,-21,-30,46,0,-64,12,0,24,25,-4,5,4,1,27,-28,0,73204,0,100
-40,-10,13,-47,5,12,0,42,-7,13,-1,-2,8,-18,0,25,-26,-2,32,29,45,35,0,-9,0,-12,-16,27,-46,0,0,0,0,0,33,-8,2,-56,0,0,-11,0,0,-24,0,0,0,0,-26,-48,62,0,13,0,0,2,41,0,-42,50,13,-5,7,-10,6,65,0,-41,5,68,30,10,0,0,24,19,0,6,0,0,-2,14,0,8,0,0,-7,25,-1,3,4,-43,-1,-8,3,1,-32,0,-18,-28,12,0,-6,-39,-10,80,7,-20,-12,0,0,-10,3,-12,30,9,-31,-9,0,52,2,-1,-28,1,39,3,49,43,20,50,0,6,1,15,-1,0,-1,40,-18,-6,8,-45,5,-33,-37,-75,0,-34,0,0,-25,-2,7,36,1,-15,-12,20,63,-23,2,-1,0,2,3,-47,32,-20,2,0,-7,36,-5,-14,1,-41,45,-19,51,-9,-10,31,-55,-15,-18,14,-13,3,-28,-9,-26,-43,0,76,-1,0,-23,0,12,-12,2,0,-32,-11,0,0,5,-41,2,-2,0,37,0,1,48,52,-9,-9,-1,13,0,17,-28,-2,0,0,-1,31,6,15,73272,0,100
-6,20,-16,-52,11,-5,0,-18,14,25,-84,-10,-2,-37,0,17,0,45,31,17,30,-4,0,-71,0,-30,-17,19,0,0,-1,0,0,0,-7,-2,0,15,0,0,6,0,0,34,0,0,0,-3,26,9,-51,1,13,0,0,-45,41,0,-29,31,-5,-5,19,-27,-62,-39,0,-12,0,-33,20,-19,14,0,-36,33,0,-13,-2,0,-1,25,0,37,0,0,-3,19,-1,-42,-51,-70,-56,-46,-5,-1,-71,0,4,-72,26,0,-75,-31,-28,20,0,-26,-44,-12,-1,-16,0,-6,0,1,-20,-9,0,0,0,-1,-75,3,37,-45,23,10,19,35,0,-34,0,-44,8,0,-58,2,-33,9,1,39,0,-18,-23,-10,-26,6,0,-6,-70,-8,5,-44,0,13,-4,47,-16,-45,2,-5,0,0,0,10,41,-11,0,0,-40,48,-81,-11,0,-24,8,-50,2,34,-19,-8,-41,-37,-27,17,-6,-17,25,0,-77,-45,0,25,0,0,-77,0,-84,-16,0,0,-15,20,0,0,0,-32,-15,45,-12,-10,-21,-2,-43,1,21,-30,-70,6,0,-66,-74,-1,1,15,0,-4,-49,43,73293,0,100
-45,13,-23,-87,5,-8,0,0,50,22,-41,-13,49,-33,0,32,-3,26,71,0,-43,62,0,-55,0,7,-32,7,-46,0,0,1,-2,0,74,16,1,-15,0,0,18,0,1,-5,0,0,0,-15,-5,31,30,1,27,0,0,15,-43,0,-27,21,0,-25,20,-9,-52,1,0,-24,2,0,55,-24,-7,0,7,23,0,-6,0,0,-26,20,0,3,0,0,-7,-5,0,-42,6,-45,26,-11,-41,0,-72,0,-23,-12,58,0,-46,-45,-46,52,0,-32,-45,-27,0,-2,1,47,0,6,-23,14,0,-30,2,0,-65,0,4,-28,19,35,50,25,0,-29,0,23,-18,1,-67,30,-21,0,-50,-17,4,-24,-39,58,-22,17,-2,-1,-67,-9,-45,-94,0,12,-11,43,71,-21,0,-12,0,1,2,-7,64,26,0,0,-68,64,0,-26,0,-8,22,-21,75,11,-18,28,-33,13,-20,40,-8,-39,-45,54,-57,-87,1,55,1,-7,-58,0,-56,-32,0,0,-40,13,0,0,2,-27,-40,28,-40,62,2,5,-16,-1,51,-12,-1,9,0,-52,-68,0,3,-12,0,74,5,42,73480,0,100
-16,12,14,-74,6,5,0,0,-6,49,-41,29,67,33,1,34,-21,23,16,-13,43,-6,0,-57,0,-15,-27,-23,-12,0,0,2,0,0,48,-10,1,41,0,0,-27,2,-1,-21,0,0,0,16,-17,37,-22,1,-5,-2,0,25,44,0,3,47,0,31,50,-2,-32,-11,0,-43,2,0,49,14,3,0,22,9,0,10,2,0,-44,8,0,9,0,0,30,-10,2,-12,-34,0,-35,-24,-32,-4,-17,0,-17,-50,54,1,-40,0,-34,41,1,24,-3,-51,0,0,-2,-6,0,3,-11,-15,0,62,1,0,-56,0,-19,-26,-16,38,20,35,0,-29,1,27,-28,2,-56,-18,-9,-13,1,-21,2,-13,-41,60,8,19,3,4,4,0,0,-40,0,13,-30,58,57,-25,0,0,0,1,0,26,62,-14,-2,0,-56,66,-71,-9,0,0,42,-27,11,-15,1,-4,-42,23,-7,25,32,-45,-42,0,2,-72,0,46,1,-2,-36,0,-16,-25,2,0,-40,-8,0,-1,1,2,-48,24,56,-7,-7,1,-22,-9,-7,-2,-62,-8,0,-33,-18,1,5,17,0,49,-35,58,73554,0,100
31,23,36,-71,1,-15,0,30,6,56,-63,0,49,-54,-1,44,0,52,-12,36,17,31,0,-17,0,-13,-25,-25,24,0,1,1,1,0,39,-9,0,-64,0,0,-9,0,0,-9,0,0,0,-21,-8,28,-9,3,9,0,0,-90,17,0,-13,6,11,1,55,-5,-52,-18,0,-29,-1,-27,20,41,9,0,-87,63,2,-14,2,0,-4,63,0,30,0,0,32,33,0,-64,-38,-58,-34,-20,-54,0,-32,0,-32,-62,58,0,-69,-56,-49,57,3,-50,-24,0,2,-8,0,39,0,3,52,-6,0,-29,2,3,-68,1,-22,-13,-6,14,24,11,0,-7,0,-24,2,2,-52,-32,-2,-8,14,-3,0,55,-16,-13,-20,14,-1,6,-55,5,17,0,0,23,12,26,49,-18,1,-48,0,2,0,-52,43,-52,2,0,-17,45,-52,0,2,19,54,-17,-3,-7,-50,-38,-69,35,-7,31,31,-24,-44,10,-50,-66,-1,61,3,0,-60,0,-19,-27,0,0,-16,10,0,0,2,-13,-27,54,55,31,0,6,-41,23,35,20,-48,1,0,-13,-25,0,3,22,1,37,-37,23,73634,0,100
-8,16,5,-45,1,14,0,62,63,46,-55,-3,27,9,0,21,-21,42,75,21,48,13,0,-77,0,24,-42,5,-17,0,0,-1,-1,0,17,-18,3,-42,0,0,-2,0,2,-51,0,0,0,-27,-49,-66,58,2,18,0,0,-37,54,0,-14,58,9,3,45,1,-49,13,0,-29,5,16,74,14,-3,0,-14,43,3,1,0,0,-18,40,0,9,0,0,36,23,0,-14,-37,-38,1,-33,-16,1,-39,0,-30,-17,32,1,-86,-41,-7,60,-2,10,-2,-25,2,10,0,62,56,8,-19,-20,0,2,2,-1,-55,2,7,-18,-12,26,-4,15,0,-20,0,12,-28,-1,-22,23,-20,0,-10,9,5,-19,-22,-80,-27,-70,1,2,-26,0,-13,10,1,12,-26,16,76,-17,3,4,0,2,3,-31,42,-45,3,0,-85,40,-9,-7,2,-38,52,-14,36,10,7,28,-60,8,-28,10,32,-66,-45,58,-33,-51,2,57,3,0,-77,0,-22,-44,0,0,-29,-54,0,0,7,-10,-64,41,2,13,2,0,0,56,57,-39,-7,1,0,-6,-44,-1,4,20,1,14,-36,18,73969,0,100
25,7,-1,36,4,10,0,-9,3,27,-7,14,77,-20,0,-14,18,9,-15,13,-8,-9,0,-37,0,-39,-39,-6,26,0,0,0,0,0,77,-11,1,-21,0,0,-70,1,2,29,0,0,0,-16,26,38,24,0,-26,-3,-3,1,-9,0,-23,26,-7,19,29,0,-2,-6,0,20,1,-1,26,-1,0,0,4,8,0,10,2,0,23,8,0,13,0,0,-15,-1,3,-25,-12,-23,-40,-47,-60,-1,-70,0,-18,-52,20,-1,23,-4,-56,2,0,-29,-5,22,-2,-15,-4,10,0,6,3,-13,0,6,0,0,-74,0,-3,-24,-72,-24,-1,-29,0,-26,2,16,5,1,20,6,-5,-4,-18,4,4,2,-4,46,-14,22,-4,-4,-23,-2,-18,69,3,9,6,9,78,-8,-2,-45,0,0,0,-46,17,-64,0,0,-28,16,-60,1,1,0,22,-6,9,3,-47,14,-14,38,0,-19,-16,-7,-74,1,-28,35,0,3,0,-3,37,0,42,-38,0,0,-7,7,0,-3,7,-23,-9,8,72,-9,-16,1,-100,-18,15,-6,-60,-14,0,45,-69,0,8,4,0,80,-12,10,74102,0,100
27,-9,26,-65,2,52,0,15,20,9,-21,54,21,-6,1,-39,29,72,10,6,-4,9,0,-60,0,61,-12,4,24,0,-1,-6,0,0,-4,-36,0,-82,0,0,-39,-1,-1,-1,0,0,0,-19,-8,5,15,-1,0,0,0,49,-4,0,3,30,-4,52,12,-11,-29,52,0,-52,0,43,13,31,-1,0,31,49,0,51,-1,0,-22,52,0,21,0,0,-10,7,-2,11,-44,-38,-35,-25,9,0,1,0,-15,-35,16,-1,-60,-30,5,70,-2,4,-30,-23,-3,-5,2,-66,0,4,-39,-34,0,-29,0,-2,-66,0,1,22,35,0,22,-3,0,22,0,17,11,-5,-54,-24,-8,-3,-49,-14,3,-38,-2,20,-10,-9,0,-1,16,-6,-52,-42,1,-12,11,23,-5,-65,0,28,0,-1,0,-69,-10,-26,-2,0,-71,-17,-49,-3,0,-26,24,-65,-58,0,30,-27,-41,-12,-9,-44,-8,0,-43,16,14,-61,-2,66,-1,-1,-58,0,35,-12,1,-2,-4,-2,0,1,0,3,-1,73,46,8,-2,-5,21,19,-66,3,-50,15,0,43,0,-3,2,9,0,-5,-43,19,74179,100,100
23,4,11,-89,8,-10,0,38,68,11,-51,14,4,10,-1,-9,0,40,64,30,30,44,0,-40,0,7,-28,22,10,0,0,-1,0,0,31,4,0,-48,0,0,-38,2,1,-6,0,0,0,-32,-5,14,20,0,27,0,0,46,27,0,-63,57,6,-7,10,-11,-63,-5,0,-57,2,-3,66,17,-2,0,34,41,1,-1,0,0,-40,39,0,10,0,0,1,21,2,-9,-22,-23,-10,-3,-29,1,-39,0,-3,-5,47,0,-16,-36,-29,94,0,28,-2,-43,0,-30,1,48,68,8,-6,4,0,37,0,0,-49,2,9,-20,22,32,2,26,0,-15,1,51,-36,0,-47,26,-34,-8,25,-22,6,-12,-11,-16,-30,-6,3,-4,-40,-11,15,-8,2,0,-49,16,21,-18,2,-26,0,3,3,-49,37,-7,0,0,-47,43,-44,-14,3,-13,32,-15,-2,-1,-16,27,-22,-4,-25,-15,-5,-18,-21,70,-25,-77,0,92,0,-4,-13,0,-23,-37,0,1,-19,-11,0,1,9,-58,-18,38,24,45,4,4,32,31,52,-7,-54,8,0,-7,-31,-2,3,8,1,29,-16,4,74188,0,100
0,8,31,-73,3,-33,0,75,-7,-14,-59,-51,30,-21,0,8,16,36,18,61,4,7,0,-64,0,-16,-26,2,-3,0,-2,-1,-2,0,47,11,0,28,0,0,-34,0,-2,-12,0,-1,0,-6,-15,52,-44,-2,10,-3,-4,10,-2,0,-2,25,-4,-49,-19,-4,-59,-32,0,-27,0,-42,80,37,-9,0,16,15,0,-37,0,0,-44,21,0,6,0,0,21,58,3,-44,-47,-6,-23,-38,19,-2,0,0,-7,-9,35,-1,62,-6,12,16,0,-14,-38,-35,-4,-11,-2,8,0,3,-2,8,0,31,0,-1,-47,1,1,-37,-1,59,6,49,0,-30,0,-30,-41,0,-14,-52,-15,0,5,15,2,-6,-15,63,0,32,1,-2,-55,-9,6,9,2,8,-40,8,66,-7,0,-6,0,0,0,14,8,11,0,0,-71,9,-68,-6,0,-3,26,-6,15,7,-27,-40,-28,32,-18,20,24,-8,-64,-2,-59,-79,-3,16,0,-5,59,0,-62,-26,-1,-1,-22,33,0,-2,2,-2,-10,37,50,8,-2,-3,-20,69,13,-24,-74,1,0,-60,-2,-2,8,26,-2,46,-43,7,74207,0,100
-70,14,18,-75,6,-9,0,49,-13,35,-56,32,58,-5,-2,15,19,75,32,52,40,23,0,-70,0,-2,-28,32,-69,0,-1,-1,-1,0,55,-14,0,-29,0,0,7,1,-1,-61,0,2,0,-25,-70,35,18,1,8,-1,0,-40,43,0,-17,52,24,30,32,-21,-68,-47,0,-60,0,-51,52,21,0,0,-44,74,0,1,0,0,-28,75,0,37,0,0,22,56,0,-20,-62,10,7,-100,-3,-1,-30,0,-18,-69,33,0,-62,-2,-1,40,4,9,-8,-41,0,-32,1,-61,0,6,6,-18,0,36,0,0,-83,2,21,-37,0,50,21,46,0,-24,0,42,0,-2,-44,14,-5,-14,52,0,5,10,-34,-7,-29,-4,0,6,-100,-6,50,1,3,13,1,20,61,-72,3,8,0,1,1,-25,17,-67,-1,0,-84,27,-70,-8,0,-2,47,-72,-10,-22,1,31,-96,20,-7,0,22,-43,-51,-33,-90,-76,0,43,0,-2,-62,0,-33,-31,0,0,-30,-5,0,1,3,-17,-41,75,39,23,-1,-2,-2,37,-64,29,-79,18,0,-32,-25,-1,5,33,-1,56,-63,16,74235,0,100
-21,24,12,-82,3,-39,0,51,75,39,-91,-18,52,-16,0,21,-33,0,5,15,25,69,0,-32,0,75,5,30,-7,0,0,-4,-3,0,47,18,1,29,0,0,-58,1,0,-24,0,1,0,-43,-24,34,28,1,-31,0,0,32,23,0,-23,34,10,-21,38,-8,-100,-43,0,-17,1,-40,33,16,3,0,48,57,0,-47,-1,0,-52,61,0,19,0,0,21,15,0,-50,-46,-50,-48,7,-8,0,-63,0,0,-50,36,1,2,-64,-10,77,-1,-20,-25,-44,1,-11,0,5,0,8,40,18,0,82,2,0,-70,3,37,-19,-14,51,48,48,0,-18,0,-1,0,0,-99,14,-22,-16,-8,-20,4,42,-34,48,-49,4,5,4,-11,0,-17,42,0,19,-6,44,61,-31,4,-52,0,0,2,3,100,9,0,0,-28,100,-27,-5,1,-21,35,-38,82,-16,-49,22,-35,25,-16,24,27,-7,-58,79,-17,-89,2,81,2,-2,1,0,-64,4,1,1,-37,45,0,0,5,-25,-11,-2,24,63,-2,0,50,50,16,-27,-33,-12,0,-75,-65,-4,2,-7,0,47,-47,40,74305,0,100
-48,-16,-10,-68,5,6,0,24,-2,21,-32,23,44,-42,-1,32,60,25,1,19,-11,44,0,-22,0,64,-25,-12,-48,0,-1,-1,-1,0,43,-10,0,-77,0,0,13,1,1,-44,0,3,0,1,-44,25,-11,1,1,-2,0,-2,-11,0,-32,49,22,19,20,2,-28,-3,0,-54,2,4,37,-7,-13,0,-15,50,2,12,1,0,-69,47,0,7,0,0,-5,11,0,-9,-38,-20,24,-14,-10,0,5,0,-24,-6,20,0,-33,-25,-6,86,-3,-44,-31,-67,0,-8,0,42,89,9,-2,-8,0,12,2,-1,-83,1,-10,-11,33,21,18,13,0,-9,0,17,-46,0,-48,50,-9,-2,-84,-11,7,-1,-37,0,-5,-2,2,0,-4,-9,-82,9,0,-16,-45,27,67,-48,1,-23,0,1,1,-75,4,18,-2,0,-23,0,-27,-1,2,-6,39,-44,-2,5,-23,65,-74,43,-10,33,-6,-19,-35,0,4,-74,1,80,1,-4,-30,0,9,-21,-1,0,-38,-16,0,0,6,-33,-18,25,-34,42,6,2,-1,29,50,1,-16,22,0,15,5,0,7,6,0,44,-39,28,74428,0,100
9,3,6,-50,6,8,0,4,3,9,-36,-10,57,21,1,-5,-41,11,-4,1,22,6,0,-40,0,-23,-28,-41,10,0,0,1,-4,0,7,-21,1,7,0,0,-37,1,0,-12,0,-1,0,-24,-12,31,-7,1,-20,-4,-4,26,23,0,-11,25,-7,-5,9,8,-28,-12,0,-53,-1,-8,35,3,4,0,30,13,0,10,2,0,-35,13,0,16,0,0,25,11,2,-10,-7,-25,-56,26,-46,-3,-21,0,-2,-51,37,0,-57,-31,-52,38,1,14,-24,-34,-2,-8,-2,36,0,0,-16,-23,0,39,2,0,-25,0,-36,11,-1,8,-5,15,0,7,2,0,-20,2,-44,0,-15,-13,-35,-10,1,-14,-25,39,-29,29,1,8,-17,-3,-34,-29,2,3,-19,38,3,-11,-1,-4,0,0,-2,-12,23,-22,0,0,-33,25,-48,-1,2,5,12,-9,31,-19,-5,0,-8,-25,-10,-15,26,-16,-34,19,-25,-51,-1,37,1,-3,-57,0,-9,-24,2,0,-19,29,0,-2,0,-13,-16,9,33,0,0,0,-43,-2,36,-19,-48,-4,0,-16,-21,-1,7,4,-1,4,-9,38,74590,0,100
-32,-2,3,-57,-1,19,0,-4,5,-80,-54,16,5,-1,-1,-12,-20,39,26,-16,10,-3,0,-61,0,-14,49,-82,-28,0,0,-1,-9,0,-6,26,0,23,0,0,-1,0,2,43,0,0,0,-3,39,1,13,0,0,0,-1,35,1,0,6,24,-8,18,-85,-27,-64,-39,0,-69,1,-17,3,-9,-17,0,40,11,0,16,0,0,-65,5,0,34,0,0,10,-3,0,-7,-43,-74,-38,-33,-10,-1,30,0,30,-51,25,1,36,-61,-8,67,-9,5,5,-72,1,-35,-2,-93,0,2,-18,25,0,42,0,-1,-56,0,-81,-81,42,-21,-19,-6,0,-81,0,25,28,0,-27,64,-45,-27,-31,-13,0,-18,4,-27,-13,-9,0,-3,4,-5,-39,-17,0,-10,18,36,2,-23,0,-1,0,0,0,3,-15,-29,-2,0,-60,-5,-60,-12,0,-11,24,-23,25,-37,5,54,-24,-4,-43,-12,3,6,-38,-6,1,-64,0,60,0,-2,27,0,-36,50,0,0,13,12,0,-1,1,3,4,34,24,-7,-5,-1,-57,6,-84,-20,-65,20,0,-52,30,0,3,2,0,-6,-44,28,74600,0,100
1,-2,30,-25,9,-6,0,48,-10,-42,-61,-24,49,-11,0,36,-3,60,18,29,0,33,0,7,0,35,-26,9,-1,0,0,1,0,0,36,-5,0,-13,0,0,0,1,0,1,0,1,0,-30,3,-2,-32,0,18,-2,0,-100,3,0,-5,29,0,-25,-42,-6,-54,-46,0,-44,0,-46,18,25,-6,0,-100,49,1,-10,1,0,-17,48,0,31,0,0,17,34,2,-50,-52,-34,-32,-46,-42,0,13,0,-3,-24,58,0,-82,-27,-42,76,0,-18,0,-9,1,-26,1,-20,0,3,13,-1,0,9,1,0,-76,0,15,-7,13,49,-5,40,0,-16,0,-14,-52,3,-23,2,-17,8,8,-1,1,16,-33,-41,-30,-21,-2,0,-9,0,17,-35,0,-7,-52,2,17,-46,1,-9,0,1,1,-16,33,-22,0,0,7,30,-58,-2,2,0,64,-45,0,27,-17,4,-75,10,-19,42,15,-14,-36,-21,-14,-32,1,72,0,-1,-81,0,-4,-20,1,2,-31,-24,0,0,3,-7,-13,58,13,34,-3,7,-12,45,-20,21,-52,20,0,13,12,0,3,33,0,34,-52,5,74642,0,100
-13,7,7,-37,7,-12,0,-18,-23,10,-100,4,44,-61,-1,15,13,39,21,4,10,42,0,-37,0,26,-40,-13,-19,0,0,0,0,0,5,5,-4,-28,0,0,-16,0,0,2,0,1,0,-44,4,12,-18,2,-20,1,0,52,6,0,-10,18,9,2,7,-11,-81,-11,0,-58,1,-19,44,5,17,0,60,42,2,-10,-1,0,-42,38,0,39,0,0,15,1,3,-68,-30,-64,-19,-11,-31,-2,-28,0,-7,-57,3,0,-16,-61,-36,27,6,-68,-27,-44,0,-23,-1,18,39,3,-4,6,0,-17,1,0,-73,0,-12,-28,-21,-43,5,-37,0,-23,1,40,9,0,-78,76,6,7,-29,34,2,-2,9,-25,-46,-1,2,-5,-7,-14,-26,1,0,2,-11,20,63,-51,1,-43,0,2,-1,-38,42,-90,2,0,-42,42,-20,-4,0,-14,60,-48,-16,20,-41,73,-16,-43,0,17,8,-5,-20,-17,0,-52,-2,29,0,0,-11,0,-29,-31,1,2,16,-1,0,0,1,-9,-2,38,-48,44,-6,3,8,-27,14,-2,-12,17,0,-22,-23,-1,3,20,0,3,-28,22,74748,0,100
14,-4,16,-21,0,-3,0,41,-13,-47,-48,2,31,13,0,-39,-12,45,23,54,46,-16,0,-34,0,11,-49,-39,21,0,0,1,-2,0,-4,-4,2,-13,0,0,-52,0,0,16,0,0,0,-13,9,3,7,0,-4,-1,1,11,49,0,0,19,13,5,-49,-22,-43,-51,0,-40,0,-45,33,22,-20,0,11,18,0,3,0,0,-43,22,0,14,0,0,17,46,0,5,-37,-39,-19,-36,-26,-2,-33,0,0,-22,42,1,-52,-49,-31,89,-3,24,-15,-38,0,-21,0,-26,0,5,15,-4,0,36,0,0,-52,1,-47,-52,36,26,-14,23,0,-42,1,55,1,0,-16,-5,-13,-5,-4,17,0,17,-27,10,-14,-1,-2,2,-60,-3,-12,-34,-1,-4,-9,39,11,-11,0,3,0,2,-1,-5,14,20,0,0,-37,18,-19,-13,1,-7,49,-14,-47,-1,0,-4,-42,-19,-13,-35,21,-33,-61,-12,-58,-25,0,87,1,-3,-48,0,14,-52,1,0,-31,6,0,0,3,-1,-33,43,4,-18,0,2,22,24,-26,-2,-19,5,0,1,-34,1,4,17,0,-1,-38,34,74788,0,100
27,30,34,-88,7,-29,0,43,-25,12,-93,-26,48,-27,-2,-23,8,50,34,19,51,23,0,-67,0,40,-11,35,17,0,0,-2,0,0,50,4,0,-5,0,0,-30,1,-1,6,0,1,0,-2,7,-6,-46,2,25,-2,1,-60,49,0,-20,21,-3,-24,8,-5,-79,-30,0,-58,0,-44,47,39,6,0,-54,36,2,-31,1,0,-60,34,0,66,0,0,31,15,1,-11,-55,-37,-13,-10,-7,-1,-52,0,6,-32,49,2,-25,-39,-26,44,2,-21,-19,-49,1,-4,1,19,0,4,7,9,0,-1,0,0,-72,2,34,15,4,24,14,21,0,17,0,-52,-31,1,-16,-22,-15,-2,12,23,3,4,-30,27,-1,-3,6,1,40,-5,9,-46,0,26,-37,27,52,-23,3,9,0,0,0,5,38,6,0,0,-75,43,-22,-10,0,-5,29,-22,-11,5,-5,-29,-23,-33,-5,-34,28,-15,-16,-21,36,-93,-1,44,2,0,-28,0,-52,-13,2,0,-33,15,0,-1,2,-19,-14,51,7,17,1,2,-39,40,18,-6,-20,35,0,-30,-51,-2,3,28,1,50,-50,22,74918,0,100
-2,-1,-2,-24,3,-1,0,52,-8,-37,-23,-1,27,-11,0,24,37,34,33,28,26,41,0,2,0,-40,-32,-38,-2,0,1,1,-2,0,45,0,0,-38,0,0,-19,2,0,-28,0,-2,0,13,-25,-12,70,-1,0,-2,-3,64,28,0,-12,40,0,-11,-39,-11,-27,32,0,-22,1,37,23,1,2,0,58,-6,1,0,2,0,30,-6,0,15,0,0,7,22,2,-46,-31,-36,35,37,-42,2,4,0,-8,-19,30,0,-33,-28,-35,49,-1,-11,4,17,0,-21,-1,92,100,6,8,0,0,29,1,1,-54,1,-34,-36,40,56,-3,58,0,-37,1,-13,40,1,-25,7,-28,-11,-51,-6,5,11,-37,-81,9,43,-1,2,-54,4,-44,-58,4,0,47,2,17,-14,1,-6,0,1,2,-38,18,-22,1,0,8,22,-20,-4,0,-29,31,-15,60,-14,-5,7,-33,1,-25,20,9,-23,14,-8,-45,-13,0,54,1,-3,-18,0,-8,-35,1,-1,-37,0,0,-1,6,-14,-25,35,-26,45,-5,-1,-16,58,89,-5,-24,21,0,0,7,-1,5,0,-1,44,-34,0,178088,0,100
-56,-7,-6,-82,6,-20,0,-6,-24,-9,-44,-7,71,11,0,28,13,-19,36,56,15,32,0,-33,0,20,-52,-46,-61,0,1,1,-5,0,21,-4,-1,-22,0,0,-26,0,2,-6,0,-1,0,-4,-6,-6,-32,5,3,-3,0,-71,18,0,-28,28,4,-9,-6,-15,-41,-28,0,-22,2,-29,71,-2,20,0,-76,27,1,-14,0,0,-47,29,0,34,0,0,49,52,-1,-48,-39,-34,-71,11,-34,4,-18,0,-3,-36,54,-1,-52,-35,-25,15,-4,9,-12,-50,-1,3,-4,-37,0,2,-20,-2,0,9,2,-1,-49,1,-40,-8,-32,-12,-28,-19,0,-3,0,14,-33,0,-64,-12,-38,-12,8,-20,4,-18,-10,-2,0,-11,4,4,-39,-9,8,-7,3,-6,-29,50,80,-31,4,-16,0,2,1,-25,-8,-52,-2,0,-36,-4,-84,-9,0,-19,56,-29,-3,-11,-12,-7,-33,28,-34,24,49,-9,-68,-33,-30,-68,-1,14,2,0,-62,0,-25,-54,0,0,-15,-8,0,1,0,-27,-4,-17,45,33,-4,1,-71,-8,-35,-18,-85,15,0,-25,-16,0,0,24,0,22,-37,49,189387,0,100
-7,-19,-14,24,3,-6,0,16,-20,-16,-17,-28,22,4,1,-16,42,0,33,39,38,18,0,-32,0,37,4,-14,-8,0,3,0,1,0,45,10,0,0,0,0,-33,1,0,51,0,-1,0,-49,49,18,5,0,-10,-5,-2,-29,37,0,-29,22,-5,-17,-16,-11,-1,-18,0,19,0,-5,18,-19,-2,0,-19,14,1,-5,2,0,-22,13,0,28,0,0,-4,35,4,-24,3,-23,-31,-17,-37,-2,26,0,-5,-72,-3,0,-10,-23,-35,51,5,11,31,-30,-1,-26,0,11,0,1,-9,4,0,-22,2,2,-44,0,-20,-23,-29,63,20,65,0,-20,1,24,6,3,28,12,-13,-4,19,-6,2,-9,-24,9,-55,13,-4,2,13,5,23,-75,4,-16,5,-27,22,-10,-1,-6,0,1,0,-12,-32,39,2,0,-33,-31,-35,-3,2,-14,18,-8,-25,-10,-5,24,-25,5,-15,-26,-6,-1,2,-29,1,21,-2,52,0,-5,-9,0,39,2,1,0,-25,12,0,-1,2,-30,-3,0,13,19,-3,2,-50,4,14,-22,-27,3,0,24,26,0,9,-30,0,46,2,-24,190483,0,100
-20,6,32,-37,3,-24,0,52,0,-26,-32,-3,25,2,-1,-34,7,32,12,11,28,14,0,-21,0,50,-44,-9,-21,0,3,0,-2,0,16,-12,0,-21,0,0,-7,0,0,-3,0,1,0,36,-2,12,16,1,-14,-1,1,-41,25,0,-12,26,19,-2,-22,-7,-37,-52,0,-37,3,-48,-36,33,3,0,-52,18,1,-21,-1,0,-6,20,0,32,0,0,5,12,0,-23,-45,-15,-23,-16,-13,3,-41,0,2,-31,33,0,0,-9,2,44,-1,-3,-3,-4,0,0,-2,81,14,9,2,-13,0,4,1,0,-86,4,-8,-10,22,88,20,82,0,-13,0,-6,-29,-1,-26,48,-8,-6,0,5,7,2,-52,14,37,-12,3,0,33,-5,3,20,1,7,-20,36,10,-14,2,-3,0,0,0,-27,11,13,0,0,-24,13,-40,0,1,8,60,-13,10,-2,4,62,-52,-8,-9,-29,5,12,-68,1,37,-38,0,44,0,0,19,0,22,-41,1,2,-58,-15,0,0,4,-14,11,35,34,16,-11,0,-45,50,79,36,-41,24,0,21,-36,0,0,24,2,18,-44,37,190824,0,100
-20,8,-11,-81,9,16,0,-66,-21,41,-73,-52,30,36,3,0,28,38,21,-4,-1,3,0,-58,0,37,-15,-33,-18,0,-3,-5,1,0,58,0,-2,-19,0,0,-28,0,-1,-15,0,-1,0,-10,-13,17,-15,-5,22,1,-1,29,2,0,-24,39,0,-49,46,-7,-48,-36,0,-36,0,-45,55,-1,4,0,51,27,-4,3,0,0,-44,22,0,12,0,0,5,5,-3,-11,-40,-39,-1,-26,-25,2,0,0,-12,-25,18,0,19,-51,-27,36,0,50,-35,-47,3,-1,0,32,0,10,-9,0,0,73,0,1,-52,4,-28,8,-45,21,-1,6,0,3,0,87,-71,-2,-24,27,-5,33,8,-7,4,-7,-38,-20,-5,9,5,0,-41,-4,1,18,-1,8,-63,23,58,-41,4,34,0,1,-3,2,10,-44,0,0,-43,6,-82,-8,4,-14,52,-42,14,25,25,-3,-49,4,-9,-3,5,-10,-75,-22,-57,-77,-2,36,4,0,12,0,-90,-20,1,0,-40,14,0,2,1,-25,-8,42,-57,4,4,-6,6,-70,27,-13,-76,2,0,-84,3,-5,2,23,3,54,-39,23,190972,0,100
12,-14,1,-52,12,-9,0,6,-5,15,-57,-15,48,32,0,51,-1,54,51,-8,27,55,0,-32,0,-60,-32,23,13,0,0,0,0,0,58,-24,1,-4,0,0,10,0,0,30,0,-2,0,-21,32,24,9,1,3,1,0,12,26,0,-12,36,10,-7,13,-21,-49,-11,0,-43,1,-11,63,0,-11,0,11,46,1,-11,0,0,-28,52,0,63,0,0,5,-2,2,-25,-43,3,-25,-37,10,0,-39,0,-10,-40,26,2,-6,-3,-8,30,-2,29,-12,2,1,-18,-2,46,0,9,14,-16,0,63,2,0,-54,0,20,-27,1,23,16,23,0,-23,2,12,-37,2,-39,34,-17,0,32,-12,2,16,-39,44,-7,6,0,0,-31,0,26,22,2,-18,-41,34,50,-40,1,40,0,0,0,-33,1,-20,1,0,-40,2,-6,-13,0,-12,35,-41,25,8,35,25,-36,32,-15,48,10,0,-13,17,-36,-73,0,21,4,-3,-12,0,-34,-31,0,0,-35,6,0,3,5,-15,0,52,-51,50,2,1,11,16,52,-27,-5,40,0,-40,-42,1,6,0,3,58,-45,33,194794,0,100
18,6,-2,-98,1,4,0,-5,-27,43,-30,14,46,9,1,-24,28,-24,43,-17,31,3,0,-34,0,-16,-18,15,8,0,0,-5,-5,0,70,10,1,-75,0,0,10,1,0,-32,0,-2,0,-6,-30,13,-42,2,6,-3,-5,-49,29,0,-5,27,5,10,41,-14,-34,22,0,-24,1,30,44,-3,-7,0,-48,-3,1,2,3,0,-35,-6,0,20,0,0,-3,-18,2,-20,17,-42,-31,8,-60,-2,-4,0,-19,-39,50,0,-35,-40,-60,73,-6,21,-11,-37,-3,-12,-1,100,19,1,3,8,0,19,1,1,-45,0,18,-8,15,41,-18,47,0,-11,1,36,-4,2,-17,75,-12,-7,-8,-27,2,4,-37,-14,-17,2,-3,-1,-74,-4,-6,-92,4,7,6,6,38,7,-2,22,0,0,2,-58,4,26,-1,0,-33,1,-37,-7,2,-5,34,7,52,13,13,65,-52,38,-7,-20,-1,-19,-8,-24,-71,-95,-1,80,2,-5,-37,0,15,-23,-1,-1,-35,7,0,-2,1,-8,-21,-23,-11,-15,-3,-9,6,6,100,-5,-44,26,0,26,-5,-1,9,1,-1,70,14,4,198710,0,100
-22,-2,1,-82,3,-20,0,43,1,33,-100,-12,26,-7,0,91,14,23,45,88,3,34,0,-50,0,21,-18,16,-14,0,-1,-1,4,0,39,5,1,-5,0,0,-11,1,0,-1,0,0,0,-3,3,5,11,1,0,1,1,-4,11,0,-25,23,7,-22,26,-12,-77,-25,0,-56,0,-34,40,11,3,0,19,43,0,-32,1,0,-35,46,0,52,0,0,0,78,3,11,-40,-36,-32,-11,14,0,-8,0,-12,-46,39,1,-32,-29,-23,62,2,-24,-18,-36,0,0,-1,-42,0,4,14,4,0,6,0,0,-79,-2,23,-1,35,58,-3,64,0,-1,4,17,-54,0,-30,-29,2,3,26,-3,0,19,2,-13,-4,-1,4,3,-96,1,16,13,1,-2,-53,5,35,-47,2,22,0,-1,0,-23,21,-18,0,0,-29,11,-74,-6,-2,-15,28,-52,44,15,-2,-29,-30,-9,17,73,4,-29,-83,21,-100,-83,1,72,3,0,-45,0,-56,-14,0,0,4,4,0,0,0,-26,-28,26,63,29,3,1,15,37,-31,-15,-59,24,0,-50,-10,1,2,13,0,37,-38,9,199493,0,100
-20,0,20,34,6,73,0,0,18,-36,-5,56,-8,13,0,-37,11,8,10,11,1,6,0,-23,0,21,-21,-34,-14,0,3,0,-1,0,42,-16,0,17,0,0,0,1,1,11,0,0,0,-18,9,-16,68,0,2,-2,-2,-7,11,0,-34,6,32,55,-38,-1,12,14,0,12,0,30,26,15,-12,0,14,-8,1,65,2,0,23,-8,0,26,0,0,2,16,2,-26,6,-31,17,-48,1,0,16,0,-3,-31,-23,-1,-12,-48,-13,22,2,-13,1,26,1,-14,-1,65,0,4,-32,-19,0,-5,3,2,-23,0,-34,-40,36,22,-17,33,0,-28,0,47,-12,2,46,25,-27,-5,-7,13,1,-33,-57,13,-27,-10,3,5,-34,-12,-6,10,3,-9,-18,-47,-5,27,1,-6,0,0,-1,-38,-45,67,1,0,-14,-40,-57,1,0,0,62,23,10,0,-15,26,-71,11,-16,-34,7,-20,0,23,-29,26,0,23,1,-5,-9,0,11,-11,0,0,-52,-9,0,0,1,-36,-19,4,30,1,-1,2,-16,11,72,0,-52,36,0,5,17,0,9,0,0,42,6,-43,201908,0,100
-29,8,6,7,5,-13,0,56,20,25,-41,10,-2,13,0,10,22,0,18,58,23,-24,0,-39,0,35,-11,21,-27,0,0,0,0,0,45,4,1,-20,0,0,2,0,0,-5,0,-2,0,-31,-2,4,6,0,-5,-3,-2,20,21,0,-33,37,12,5,27,-18,-32,17,0,-18,0,18,15,11,-12,0,48,15,0,-18,2,0,-47,17,0,7,0,0,-31,54,3,-20,-6,-16,43,-1,-40,0,-31,0,-21,-16,-10,0,-21,-16,-41,70,3,9,18,-30,-1,-17,-2,-24,0,3,6,3,0,18,1,0,-48,0,34,-32,-2,71,28,84,0,-29,0,30,-22,0,23,20,-6,4,4,15,4,0,-47,33,-28,-1,-2,1,-52,1,5,-64,5,8,-22,-30,61,-8,1,-26,0,0,2,-43,46,20,-1,0,-45,47,-81,-6,0,-25,68,-10,37,15,-20,29,-79,24,-2,3,-29,-29,3,21,-50,9,-4,68,0,-5,-21,0,40,-12,1,0,-48,-10,0,-2,2,-36,-33,0,1,-26,-2,-2,14,57,-25,-25,-81,9,0,34,-30,-2,7,2,-1,46,-7,-33,203895,0,100
-38,15,-3,-75,11,4,0,-15,-29,-70,-77,-23,40,-40,0,29,24,36,12,-6,-14,15,0,-7,0,0,-38,-67,-37,0,3,0,0,0,56,0,0,38,0,0,-10,2,2,2,0,-1,0,-36,2,-22,-4,3,0,-4,3,-33,-15,0,3,21,11,-20,-69,-12,-56,-21,0,-76,4,-33,2,4,12,0,-29,46,0,5,0,0,-63,48,0,32,0,0,35,0,1,-49,-61,-62,-45,-30,-36,1,-50,0,13,-51,62,1,-100,-85,-37,41,3,-39,-67,-62,1,-8,-1,2,52,1,20,0,0,34,4,0,-76,0,-74,-73,-88,50,-20,51,0,-69,1,8,-82,-1,-39,-31,-13,7,-13,3,2,20,-21,-54,-29,-24,6,6,-22,-11,-19,-31,1,16,-73,48,47,-32,1,8,0,1,0,46,45,-37,-2,0,-6,43,-78,-4,1,-29,50,-30,47,20,9,-25,-58,19,-16,36,36,-24,-67,-30,-30,-74,0,40,1,-1,-100,0,-71,-38,0,1,-23,-3,0,-2,0,3,-21,38,72,16,-2,3,31,-21,2,-14,-73,12,0,-58,-50,1,2,11,1,52,-60,48,204280,0,100
-14,15,1,-24,8,-3,0,-15,-14,-13,-64,-10,37,-60,-1,32,5,-4,31,38,9,-6,0,11,0,-11,-68,-38,-12,0,-1,0,0,0,50,-1,0,-15,0,0,-11,0,0,-7,0,0,0,-10,-6,24,22,1,-9,1,0,-38,8,0,-14,9,4,-18,-15,-10,-70,-12,0,-40,-3,-17,26,5,9,0,-33,14,0,2,0,0,-44,16,0,44,0,0,-12,31,2,2,-27,0,-73,-17,13,-1,-5,0,0,-39,25,0,-14,-2,3,-1,3,-60,-16,-45,0,-21,-2,-24,0,4,-25,-2,0,-4,1,0,-68,0,-35,-4,8,34,9,50,0,-5,0,26,0,-1,24,10,-10,-8,-10,-14,0,-26,-16,12,-2,3,4,-2,35,-11,-5,10,0,17,12,22,33,-28,3,-43,0,0,-1,-28,9,-12,-1,0,8,17,-79,-5,-2,1,42,-27,32,-13,-47,2,-30,16,-6,18,-13,12,-65,-1,41,-23,0,-3,1,-3,-26,0,-6,-68,0,-2,-9,-1,0,0,0,-13,6,-2,31,-13,-10,-1,-35,-13,-19,-35,-86,12,0,-46,4,0,1,17,0,54,-25,23,206098,0,100
-3,1,-1,-100,0,-6,0,-11,-33,-64,-43,-2,32,-41,1,22,3,-3,8,1,9,22,0,-72,0,-32,-23,11,-1,0,1,-1,1,0,41,-9,-2,5,0,0,-28,1,0,24,0,1,0,-43,26,6,-33,2,-3,0,0,-30,6,0,-25,23,14,-2,-58,-6,-40,-40,0,-49,2,-47,43,3,-11,0,-45,26,2,0,-4,0,-66,29,0,6,0,0,-13,-3,0,-72,-17,-29,-18,-47,-38,0,-20,0,14,-41,43,-1,-66,-33,-40,-3,2,-39,-22,-64,-1,-17,-1,35,26,4,0,-8,0,23,1,-2,-30,1,10,-41,7,8,20,-1,0,-35,0,6,-52,-1,-46,13,-16,1,9,-13,3,0,-16,10,-39,-1,0,7,16,-4,15,-23,3,4,-42,56,27,-27,0,-10,0,1,0,12,15,2,-2,0,-69,18,-45,-7,0,-25,10,-26,-6,0,-22,15,-36,30,-14,23,-11,9,-88,-42,29,-98,-2,1,0,-4,-49,0,-57,-22,0,0,-22,21,0,-1,1,-24,8,0,-7,23,1,-3,-46,-14,33,-22,-43,0,0,-67,-14,-2,4,29,3,41,-17,57,206561,0,100
-24,23,-5,-44,5,-43,0,19,-28,30,-61,6,33,-3,0,21,6,17,25,35,30,41,0,-16,0,0,-29,4,-21,0,2,0,-5,0,42,-7,1,-6,0,0,-6,1,1,-14,0,0,0,-12,-12,33,-36,3,45,-4,1,0,33,0,-20,25,29,2,32,-20,-52,-27,0,-2,1,-17,54,-4,-1,0,6,35,0,-36,0,0,-38,33,0,44,0,0,20,33,0,-62,-14,-26,-44,-49,0,6,-93,0,-10,-54,41,-1,-45,-39,-5,65,-3,-10,-35,-52,-1,-14,-3,-32,15,3,-23,-11,0,26,3,-1,-52,2,6,-36,-35,45,47,44,0,-25,0,50,5,-1,-55,38,-13,-11,24,-24,5,-20,-28,54,-20,24,2,3,-6,-7,17,-52,3,21,11,23,50,-22,2,-2,0,2,3,-33,62,-21,-1,0,-7,73,-73,-7,1,-19,51,-24,2,-11,-13,37,-40,0,-12,16,22,9,-72,-33,0,-35,0,64,0,-2,-55,0,-18,-26,2,0,-28,15,0,-1,1,-23,6,17,44,43,-2,-1,-31,12,-25,-1,-76,18,0,-32,-88,0,0,22,1,43,-13,24,212197,0,100
-71,19,-6,-21,6,-68,0,68,3,52,-77,2,52,-36,0,39,-18,61,30,13,11,22,0,-36,0,2,-63,-6,-72,0,2,-1,0,0,33,16,0,8,0,0,33,4,0,-37,0,0,0,-47,-33,39,18,4,9,-5,1,-60,7,0,-40,36,22,0,52,-23,-58,-35,0,-74,1,-43,36,-1,-6,0,-58,80,3,-74,0,0,-50,83,0,39,0,0,21,8,1,-61,-70,-51,-31,-60,-20,0,-6,0,-23,-69,52,0,-88,-51,-16,48,2,-36,-31,-42,1,-1,-6,38,0,2,-14,18,0,52,2,-1,-79,1,-6,-36,-40,15,40,8,0,-32,-2,-21,-85,0,-42,-17,-11,8,-23,8,4,-18,-10,21,-37,13,8,1,-25,2,-25,-33,2,18,-80,25,56,-48,2,-11,0,3,0,12,98,-24,-2,0,-42,98,-93,-8,1,-13,83,-46,5,21,-11,-22,-85,33,-8,33,22,-22,-67,-7,-31,-26,1,46,1,-1,-93,0,-58,-65,1,1,-12,-11,0,-3,0,-39,-25,60,80,22,2,-1,-62,68,37,1,-89,11,0,-52,-7,0,3,33,1,33,-69,22,212321,0,100
-5,28,10,-58,2,-18,0,21,-57,20,-70,0,66,-10,-1,6,-39,37,40,31,3,-8,0,-69,0,-11,-1,-18,-5,0,2,0,-2,0,19,1,0,44,0,0,-27,1,0,0,0,-1,0,-21,2,-6,-4,3,-5,-2,3,-55,0,0,-35,19,-4,0,17,-6,-60,-56,0,-74,0,-57,68,12,-15,0,-51,30,1,-19,-2,0,-58,34,0,30,0,0,11,29,0,-93,-50,-58,-40,-48,-16,1,-43,0,9,-58,78,0,-82,-58,-13,26,1,-21,-14,-58,-1,-14,-5,15,0,1,2,5,0,32,4,0,-60,0,-8,-30,-25,20,-12,17,0,-30,1,3,-5,1,-43,-43,-6,-4,0,-2,2,1,-12,-7,-13,-9,0,6,45,-1,-4,-40,4,26,-5,23,46,-28,1,-47,0,0,1,16,0,-42,-2,0,-71,0,-72,-3,-1,-10,37,-28,16,3,-42,-38,-37,-8,-4,4,14,2,-65,-63,42,-58,1,22,0,-4,-82,0,-84,0,0,1,-14,27,0,-1,-2,-35,0,35,29,-6,-4,1,-78,18,20,-45,-69,0,0,-88,-44,0,5,17,0,19,-50,23,214948,0,100
-3,23,0,-46,-1,2,0,6,20,11,-72,-4,44,9,-3,25,-11,14,41,5,8,18,0,-41,0,-54,-37,10,-6,0,2,0,-2,0,60,4,-1,-22,0,0,17,0,0,-66,0,1,0,-10,-65,9,-10,5,1,-2,2,-16,10,0,-7,16,26,5,13,-12,-62,-35,0,-51,3,-25,39,0,-1,0,-10,29,0,1,-1,0,-18,24,0,40,0,0,9,9,0,-19,-26,-35,-21,-6,-20,3,-49,0,-7,-20,24,0,-44,-40,-7,36,0,0,-4,-22,0,-21,-3,66,0,5,6,5,0,9,3,0,-60,1,11,-18,-9,15,4,20,0,-23,1,-12,-66,-1,-19,5,-11,-7,11,6,3,10,-25,8,-21,-9,0,-2,-13,-4,10,20,2,19,-58,40,50,-3,3,-7,0,2,1,-45,-24,-43,-1,0,-21,-26,-72,-8,2,2,52,-5,48,-5,3,5,-67,37,-15,19,7,1,-47,18,-23,-44,1,39,2,-2,-35,0,-12,-35,0,0,-24,-7,0,0,4,-11,0,11,25,13,-9,-2,-16,6,65,1,-72,30,0,-22,-52,0,3,38,0,61,-27,40,215443,0,100
6,20,-31,-73,9,-52,0,24,-21,27,-69,-4,35,-32,0,38,-5,15,15,56,5,5,0,-46,0,-2,-35,-1,8,0,3,0,-3,0,32,13,0,-16,0,0,-32,3,0,-15,0,1,0,-8,-14,4,20,6,-5,-3,2,14,3,0,-24,21,16,-10,26,-14,-62,-39,0,-52,3,-37,19,-33,8,0,8,52,1,-50,-2,0,-42,55,0,43,0,0,28,48,0,-43,-54,-47,-52,-27,-20,3,-58,0,-9,-66,45,0,12,-42,-5,9,-1,-34,-23,-42,0,-6,-4,73,35,5,11,17,0,15,4,-1,-63,2,5,-6,-28,0,18,0,0,-6,1,23,-31,1,-64,5,-33,2,-20,-8,5,14,-14,-12,-6,0,8,-3,-46,-3,-14,-13,2,17,-31,48,45,-2,2,-34,0,2,3,-17,-17,-21,-2,0,-50,-24,-78,-6,2,-15,39,-2,-18,15,-19,7,-37,-7,-39,37,27,0,-75,-18,-40,-70,3,9,2,0,-7,0,-81,-32,0,1,-15,22,0,-1,2,-26,2,15,62,7,-1,2,-55,32,71,-21,-76,-2,0,-84,-58,1,1,10,1,34,-57,48,216199,0,100
5,15,-2,-27,7,47,0,38,36,-52,-47,0,-5,14,-2,8,-12,6,20,-10,50,34,0,-13,0,-9,-34,-25,-1,0,1,0,-4,0,-10,-19,1,-29,0,0,-54,0,3,-26,0,1,0,21,-26,-30,39,4,-27,-2,1,-4,50,0,-7,23,35,6,-45,-14,-55,-23,0,-91,4,-33,57,4,-10,0,-1,3,0,43,-2,0,6,6,0,83,0,0,8,-10,0,-11,-15,-46,-6,-31,-66,1,44,0,-3,-47,-27,-2,-77,-47,-46,41,-1,18,-52,2,0,-15,0,83,8,4,-18,-19,0,29,2,0,-44,2,-28,-35,47,46,-45,52,0,-39,1,15,-22,-1,-28,-35,-33,-8,0,-13,4,-18,-10,-5,36,-21,2,4,5,-4,-1,-27,1,19,-12,9,-11,26,1,-12,0,0,2,-10,-47,-20,-1,0,-14,-52,-64,-4,2,-28,37,30,-52,-5,13,-28,-61,-35,-36,4,8,-35,-52,34,-2,-19,0,40,0,-4,-87,0,-46,-38,0,0,-11,7,0,-2,1,-4,-34,9,80,33,-5,-1,14,44,80,-42,-70,45,0,-37,42,0,4,10,0,-13,-17,12,220348,0,100
-50,-7,-13,-69,6,18,0,-11,-48,-14,-67,4,21,-20,0,-9,12,25,29,20,35,-22,0,-36,0,32,-8,4,-45,0,1,-4,-1,0,6,-11,1,12,0,0,-44,0,-2,42,0,-1,0,-2,40,10,4,2,-19,-3,2,-7,31,0,-10,23,3,3,-11,-17,-49,-38,0,-51,2,-27,49,-20,11,0,0,46,0,16,-3,0,-26,41,0,40,0,0,4,16,-1,-48,-51,-34,-31,-12,-20,0,2,0,8,-58,27,0,-31,-32,-17,9,-1,-29,-32,-18,0,7,-3,58,0,2,-22,-9,0,8,2,0,-65,2,7,-33,-48,0,18,3,0,-29,0,2,0,-4,-30,16,-21,5,-13,7,2,-24,-16,-13,-9,1,3,1,-4,-1,-11,-10,1,-9,-7,58,16,-30,1,-30,0,0,0,-17,29,-36,1,0,-35,26,-51,-10,0,-27,36,-32,36,15,-25,23,-42,-22,-22,-6,0,3,-58,-51,-4,-69,-1,4,0,-1,-20,0,-63,-5,0,0,-19,21,0,-1,-2,-13,3,22,38,-23,-11,-9,-90,-10,64,-29,-44,15,0,-68,0,-4,0,19,0,9,-52,54,221014,0,100
-19,23,-36,-43,-5,66,0,-93,-22,-90,-31,44,-6,-12,0,24,14,20,0,-49,11,3,0,-41,0,3,-13,-100,-14,0,0,0,-6,0,72,-46,0,38,0,0,-40,0,4,12,0,-2,0,-39,9,31,-36,2,-5,-2,3,61,11,0,-12,30,23,37,-90,-13,-25,-50,0,100,1,-34,9,-38,12,0,82,27,-1,60,1,0,44,24,0,-42,0,0,-6,-52,2,-78,-3,-82,-11,-61,-33,0,-74,0,-37,-26,49,1,-99,-63,-30,-10,-6,-20,-73,39,3,5,0,-79,71,3,27,-46,0,-15,4,0,-42,-1,-90,-71,-69,13,13,11,0,-72,0,56,-74,-1,-31,20,-27,-15,-47,-42,1,28,-31,8,-50,71,9,-2,-44,-7,-47,-52,0,20,-66,84,79,-16,0,-4,0,2,2,23,93,-79,0,34,-37,90,-40,-8,2,8,30,-17,69,-6,0,7,-46,76,-27,19,-10,-18,-35,-15,-36,-40,0,-8,0,0,-100,0,-56,-8,0,0,-32,-17,0,0,3,-12,-24,18,-4,7,-6,2,-95,-91,-68,21,-43,-18,0,-63,-73,3,0,-25,1,71,-2,79,221556,0,100
-42,7,11,-25,14,2,0,4,41,0,-65,-29,25,32,1,-7,-8,39,46,23,17,29,0,-24,0,-5,-12,10,-36,0,0,-2,-2,0,46,-16,0,69,0,0,-29,2,-2,-18,0,-2,0,-13,-22,-7,-4,-2,8,-2,-3,54,19,0,-26,36,9,-29,-9,-19,-58,-37,0,-72,-1,-30,20,9,37,0,48,45,0,-7,0,0,1,41,0,39,0,0,29,32,2,-42,-78,-9,-84,-43,-35,-1,12,0,5,-100,17,0,3,-7,-40,31,-1,23,-29,1,-3,-7,-1,32,0,6,-18,-19,0,44,0,0,-69,2,13,1,4,19,0,2,0,0,2,31,-22,1,-13,31,6,-3,37,-21,4,-20,0,-19,-21,-20,7,-7,-43,-9,37,11,5,1,-26,9,-15,-67,-1,0,0,1,-2,43,16,-49,1,0,-10,15,-24,-12,0,-10,26,-69,98,7,-17,14,-50,-6,7,-13,25,19,-31,48,-56,-30,-1,39,0,-1,-4,0,-58,-6,2,0,-5,0,0,0,3,-27,17,38,15,27,-1,-6,-23,12,35,-14,-18,16,0,-60,15,-6,6,25,-2,43,-80,9,223578,0,100
-18,17,-24,-16,5,29,0,-10,1,25,-22,44,-8,13,-2,-80,17,25,14,40,13,-11,0,-29,0,17,-35,-24,-19,0,3,-1,-1,0,95,-4,1,-71,0,0,-19,0,2,-22,0,-1,0,-24,-25,6,-17,3,-15,-2,2,41,13,0,-13,16,23,47,30,-11,-19,-8,0,-19,3,-11,1,-21,8,0,31,-29,1,35,-3,0,0,-30,0,16,0,0,-30,34,0,-28,-6,-19,-31,-69,-48,4,-34,0,-16,-16,20,0,-70,-29,-30,28,4,9,-4,-1,0,-11,-1,22,0,8,-3,-3,0,-2,6,-1,-50,1,-30,11,1,31,-21,27,0,15,0,45,-1,0,2,-15,-6,-4,-29,-24,2,-3,-11,6,-25,-7,-1,6,-33,-1,-27,22,2,16,8,29,50,-35,5,-29,0,1,1,-80,-45,-13,0,0,-23,-44,-61,7,1,-8,23,-38,-10,-8,-16,3,-27,31,-11,-69,-32,39,-52,-11,-34,-19,0,28,2,-2,-63,0,18,-34,0,1,-17,-3,0,0,5,-14,42,25,64,-8,-4,-3,-78,-22,27,13,-58,-10,0,13,-31,-1,3,17,0,95,-4,30,224970,0,100
0,8,0,-84,4,-7,0,9,-33,-17,-81,-12,41,-33,-1,58,12,29,21,9,-17,13,0,20,0,16,-28,4,-4,0,-1,-1,1,0,-4,-6,1,0,0,0,-26,0,2,35,0,-2,0,-21,36,50,14,0,-22,-1,0,-7,-12,0,-5,26,-2,-11,-18,-16,-68,-17,0,-44,-1,-26,31,8,4,0,3,15,-1,-9,0,0,-47,17,0,8,0,0,-2,7,0,-44,-38,-31,-52,-14,-34,0,17,0,0,-43,40,1,36,-38,-45,67,4,-46,4,-40,0,-10,-2,-8,0,5,20,-1,0,61,1,-1,-49,-1,13,-7,-20,10,23,18,0,-4,1,27,-31,-3,-77,16,-1,4,-79,-1,1,22,-6,50,-9,73,7,0,-100,-9,-74,-33,1,9,-25,57,39,-6,0,-18,0,0,-1,-15,39,-39,0,0,28,35,-4,-6,0,-6,47,-5,61,14,-27,6,-62,-5,-4,64,-3,0,-55,-16,-100,-89,1,67,0,-2,27,0,-83,-25,0,0,-4,38,0,0,2,-2,0,32,-24,13,-5,-2,-67,11,-2,-57,-3,-5,0,-88,19,0,1,-8,0,-3,-36,58,225200,0,100
8,0,4,-27,3,48,0,0,-8,-10,-44,34,29,-47,0,-67,17,41,16,19,-26,-40,0,-18,0,37,-46,-45,9,0,0,1,-2,0,-3,-1,0,-24,0,0,-27,1,4,15,0,0,0,-54,15,-10,4,1,17,-4,1,58,-25,0,-27,4,13,33,-13,-22,-29,-35,0,46,3,-31,23,0,2,0,61,47,1,40,0,0,7,44,0,25,0,0,-14,18,1,-41,-31,-2,-48,-83,-13,1,31,0,13,-42,33,1,27,3,0,6,3,-44,-8,8,0,-1,-1,-19,0,3,2,-3,0,2,2,-1,-68,0,-39,7,-61,40,-24,36,0,11,0,9,-27,0,-3,-5,-13,2,-16,12,4,0,-25,-41,-60,-15,3,4,2,-2,-12,35,1,-4,-20,26,49,-35,-1,-8,0,1,1,-23,-25,-3,1,0,-13,-23,-58,-7,1,-6,60,-38,-3,9,-7,-6,-80,28,-15,-66,-16,-15,-7,-10,6,-26,0,3,0,-1,15,0,51,-47,0,2,-29,9,0,-1,5,-28,-15,42,57,-37,-1,0,-74,7,-16,3,-56,1,0,40,31,0,2,20,0,-5,-32,25,225811,0,100
-25,0,-24,-10,4,18,0,-2,-31,0,-34,-52,54,0,-2,14,6,71,27,14,60,-19,0,-91,0,-37,-20,-25,-27,0,3,0,2,0,45,8,1,0,0,0,-6,0,1,12,0,-1,0,-52,15,13,12,4,20,-1,0,74,65,0,-35,24,0,-54,1,-23,-41,-41,0,-36,5,-47,58,-20,-13,0,72,44,1,22,-2,0,-10,49,0,22,0,0,19,13,0,4,-71,-24,-52,-74,-17,2,-52,0,4,-58,34,0,-28,-30,-20,67,-1,-5,-10,1,0,-5,-3,-38,0,5,-14,13,0,-30,2,0,-67,1,-21,-32,33,72,-13,70,0,-34,0,-7,22,-1,-39,23,-16,5,16,1,6,-11,-47,31,-47,3,0,2,-61,0,20,65,1,-1,26,24,48,-62,1,-4,0,2,3,0,-2,-17,0,0,-87,-4,-60,-13,0,-28,57,-61,6,13,-5,14,-67,18,-11,14,23,-7,-18,-22,-61,-14,0,67,-1,-2,-26,0,-41,-18,1,0,-47,19,0,0,3,-35,-1,72,36,-19,0,-1,-40,4,-42,-24,-64,0,0,-35,-47,0,4,29,1,42,-74,29,227794,0,100
-26,12,14,-93,4,-35,0,49,-2,36,-94,-46,45,-40,-1,46,-4,56,43,18,33,14,0,-36,0,16,-16,50,-24,0,1,1,0,0,54,-3,-1,16,0,0,29,3,0,6,0,0,0,12,8,9,-19,5,-1,-2,1,-23,34,0,-24,30,11,-45,39,-17,-76,-47,0,-95,1,-43,25,16,2,0,-39,40,0,-27,-1,0,-34,37,0,32,0,0,10,11,0,-54,-60,-63,-39,38,-37,3,-26,0,0,-51,49,0,-62,-68,-37,22,3,-37,-27,-44,0,-1,-2,-31,22,1,9,-10,0,20,5,1,-84,3,43,-16,-8,64,7,63,0,-13,1,36,17,2,-91,14,-2,1,4,-8,3,11,-13,16,10,6,10,2,-3,-13,1,-58,1,14,27,16,68,-28,1,6,0,0,0,29,-1,-20,-2,0,-24,1,-24,-7,1,-23,57,-27,-12,8,7,25,-54,39,-6,47,9,-12,-61,-7,0,-89,-1,23,1,-1,-61,0,-89,-14,0,1,-14,22,0,-2,0,-25,-14,58,3,14,-1,0,-8,41,-27,-14,-14,27,0,-95,-26,2,0,42,1,55,-58,18,229624,0,100
3,-10,-33,4,2,-22,0,31,-24,-21,-31,-32,58,-11,0,39,8,16,12,50,-7,11,0,4,0,-43,-8,-35,0,0,4,-1,-1,0,7,0,4,-12,0,0,-32,-1,0,37,0,0,0,-79,40,11,-35,0,-2,0,4,-45,-4,0,-38,8,28,-34,-18,-9,-26,-29,0,24,6,-27,27,-32,-5,0,-39,11,-1,-24,0,0,26,12,0,34,0,0,-2,43,1,-68,-10,-17,3,-96,-15,2,-38,0,4,3,47,-1,0,-21,-12,-17,2,-14,8,26,0,-5,-1,27,0,6,-15,-3,0,17,1,-1,-28,0,-34,-12,-8,42,-14,32,0,-13,1,-38,5,1,58,-45,-41,-1,-20,-10,4,-15,-30,29,-90,-50,0,3,-58,3,-20,55,2,-10,12,58,100,10,0,3,0,-1,3,-21,9,-18,0,40,14,10,-3,-2,1,6,12,8,-1,2,-3,-31,-43,17,-38,42,-2,3,4,-26,-58,5,1,-17,1,0,13,0,4,-12,4,0,-37,1,0,1,9,-39,2,19,64,14,-2,1,-79,25,31,-38,-3,-30,0,-3,-32,0,4,-15,2,7,-12,61,230147,0,100
-15,27,20,-7,2,1,0,36,-11,21,-44,21,38,-15,0,1,9,22,22,3,48,11,0,-46,0,-10,-18,15,-17,0,0,0,-3,0,74,-16,3,-15,0,0,-6,1,1,-23,0,-1,0,-24,-17,34,21,1,12,-1,-3,28,47,0,-23,18,26,37,21,-1,-45,16,0,28,1,16,18,24,5,0,24,25,2,2,3,0,2,24,0,36,0,0,9,5,4,-47,-7,10,-22,-34,4,-1,-4,0,-11,-38,24,1,-68,-2,-2,58,4,-18,22,5,0,-7,-1,27,0,9,-39,-20,0,75,3,0,-71,2,15,0,0,19,7,32,0,1,3,33,12,2,10,17,-4,2,-4,-36,6,-41,-2,16,-25,14,8,0,-43,-17,-18,26,5,31,9,0,26,-36,1,22,0,2,0,-18,20,-19,0,0,-36,23,-40,-1,1,18,70,-38,0,7,29,40,-62,18,-5,-3,10,3,-43,-16,-54,-10,-1,65,2,-3,-77,0,-42,-18,2,1,3,7,0,0,4,-25,3,20,52,5,4,0,-62,45,23,21,-37,1,0,-26,-5,-3,7,1,1,71,-7,-4,231102,0,100
-30,18,-7,-30,1,-6,0,9,-11,-33,-52,6,23,-20,-3,12,-28,37,30,-12,22,-14,0,-69,0,-1,-18,-21,-33,0,2,1,-3,0,41,-8,-2,-17,0,0,-39,0,0,-3,0,1,0,-35,-6,-21,43,4,-8,-1,1,-19,19,0,-18,13,22,4,-31,-20,-61,-51,0,-93,4,-67,36,1,2,0,-35,24,0,-4,-3,0,-49,27,0,32,0,0,1,-8,0,-44,-58,-42,-22,-57,-4,0,52,0,12,-55,47,0,17,-24,-7,31,-3,-15,-24,-41,0,-4,-5,34,21,2,-11,0,0,7,2,-1,-36,2,-24,-17,6,50,-21,44,0,-20,0,25,-42,0,-31,-5,-15,-10,1,-22,2,-13,-29,-62,-22,-23,3,0,6,-5,0,7,2,21,-36,17,0,0,1,13,0,2,2,8,-85,-41,-1,0,-72,-87,-72,-9,0,-12,27,2,-5,-2,9,-9,-38,57,-14,9,0,32,-54,-14,8,-22,1,31,1,-2,23,0,-52,-19,0,2,-28,15,0,0,1,-16,37,40,56,-15,-13,-1,-37,10,31,-27,-75,9,0,-42,56,2,2,28,1,40,-58,15,231108,0,100
-48,7,-2,-51,3,13,0,-81,-4,5,-37,10,44,-36,0,9,14,20,37,2,19,33,0,-75,0,-25,-45,-28,-47,0,0,-1,-3,0,32,-3,0,-9,0,0,-10,1,0,-24,0,-1,0,-38,-25,-1,-17,2,21,-1,0,21,22,0,-35,24,19,12,11,-16,-56,-16,0,-62,4,-20,42,3,-6,0,3,39,0,19,-2,0,-61,43,0,6,0,0,17,-2,1,-31,-43,-10,-60,0,-24,2,-40,0,15,-60,38,0,-40,-16,-25,38,-6,-34,-7,-66,-1,-9,-2,-28,0,5,-32,0,0,11,1,-1,-60,1,-36,-49,12,13,-14,1,0,-47,1,12,-3,0,-34,26,-30,-14,28,-8,4,-29,-7,11,-33,0,2,1,-33,-8,28,23,4,7,1,33,62,-56,1,42,0,1,0,0,63,-21,-2,0,-75,60,-69,-12,0,-23,69,-56,-24,-16,37,40,-60,21,-28,7,20,-10,-60,-2,-28,-45,0,40,0,-3,-18,0,-52,-51,1,1,-13,-2,0,0,1,-36,-10,19,58,34,-5,-3,-45,-85,-24,-13,-76,-3,0,-33,-35,-1,2,31,1,32,-44,35,231640,0,100
1,3,2,-22,2,6,0,-32,-3,4,-27,12,3,-28,-1,2,-4,16,-6,21,17,-4,0,-27,0,-47,-43,-28,2,0,0,-1,-4,0,19,2,-1,10,0,0,-24,-1,0,-36,0,-2,0,-13,-35,18,-14,2,-31,-3,0,16,15,0,-18,38,9,11,1,-8,-19,-6,0,-61,4,-5,-8,3,-1,0,25,11,0,2,-1,0,-52,16,0,40,0,0,-6,19,0,-72,-22,-13,-38,-34,-64,1,-29,0,-11,-48,-4,-1,-36,-19,-58,27,-1,-33,-28,-54,-1,1,-3,18,55,4,-14,3,0,21,0,-1,-48,0,-28,-25,9,19,16,18,0,-18,-1,33,-24,0,-30,11,-7,-4,3,-2,4,-14,-11,15,-5,6,2,5,17,-3,1,13,1,1,-22,20,12,-27,2,-38,0,0,2,3,-24,-46,-1,0,-37,-17,-58,-1,0,-14,12,-25,3,-1,-35,2,-33,-19,-3,-1,-3,-33,-47,-15,18,-16,0,26,0,-4,-51,0,-27,-39,0,0,-10,-19,0,-2,0,-16,-34,14,-14,-4,0,-3,-62,-29,23,-22,-62,9,0,-10,-28,-2,2,17,0,19,-23,17,233800,0,100
-46,4,0,-81,2,9,0,-30,3,-6,-93,-2,-2,-3,-1,30,-10,26,29,4,-41,-20,0,-26,0,-28,-68,20,-40,0,4,-3,0,0,41,19,0,9,0,0,0,1,1,-71,0,0,0,5,-66,-6,27,4,20,-4,0,21,-44,0,-40,14,20,0,-9,-24,-98,-55,0,-43,0,-50,28,-4,-11,0,30,42,1,5,-3,0,-39,44,0,31,0,0,37,6,0,-8,-43,-61,27,39,2,1,-16,0,6,-64,7,2,-20,-63,-5,10,0,-30,44,-38,0,-27,-3,74,0,0,-32,22,0,10,2,-2,-65,1,26,-11,-2,1,-27,-3,0,-16,0,18,-42,0,18,24,-28,0,4,15,3,-30,-16,11,8,-13,2,-3,-76,-9,5,-7,0,2,-45,16,17,-36,1,-6,0,-1,0,-25,31,-30,-3,0,-23,24,19,-13,0,-27,72,-35,26,3,-8,25,-72,10,-28,26,39,8,-52,4,-80,-83,0,9,1,-5,-11,0,-95,-58,0,3,-17,1,0,0,-1,-42,8,27,49,-21,-7,-2,-22,-30,78,-27,17,14,0,-97,-16,-2,5,11,1,43,-43,18,234779,0,100
34,23,6,-56,8,20,0,-5,-9,-51,-47,32,32,-33,0,-80,-11,55,19,13,-2,-38,0,-60,0,-15,-22,-52,32,0,0,-2,-3,0,0,-2,1,-24,0,0,-37,-3,0,13,0,-3,0,-50,15,-17,-28,3,14,-1,2,23,-2,0,-12,31,11,34,-49,-13,-48,-15,0,-6,6,-11,13,6,-3,0,14,19,-2,23,-2,0,-31,18,0,18,0,0,-15,16,0,-41,-41,-47,-25,-78,-11,2,20,0,0,-32,48,-1,37,-56,-6,52,1,-47,18,-37,-1,-6,-3,18,0,10,-19,-7,0,-17,-2,-2,-63,-1,-51,-50,-36,-9,-30,-8,0,-51,0,-22,33,-2,-40,17,-20,-1,-54,-30,7,-21,10,-17,-47,9,0,0,-68,-8,-55,-19,1,25,39,54,23,-38,1,-31,0,0,3,-56,19,-62,-1,0,-60,19,-34,0,0,-23,2,-38,-55,2,-29,24,-22,18,-14,-77,-17,20,3,-17,-71,-50,-1,49,0,-1,32,0,-21,-19,1,0,6,-4,0,0,4,-10,19,56,46,-41,-5,-5,-34,-5,20,-11,-31,0,0,-41,18,-2,3,38,1,0,-40,51,235593,100,100
-57,1,32,-92,3,13,0,-24,-8,-19,-55,23,30,-30,1,-1,9,61,16,13,70,40,0,-33,0,4,-39,10,-50,0,0,0,-5,0,31,-27,0,22,0,0,-21,0,0,-33,0,-1,0,-24,-31,28,-13,0,3,-3,2,-48,67,0,-34,28,-5,21,-23,-5,-51,-45,0,-36,0,-38,75,34,-18,0,-49,12,-2,9,-1,0,-28,13,0,7,0,0,-9,20,0,-39,-43,-19,-46,12,-52,-2,-68,0,19,-72,40,0,-87,-28,-56,48,-3,-43,-31,-28,-1,-5,-2,-34,0,1,-27,-25,0,25,-1,0,-55,0,8,-14,-49,0,47,3,0,-11,0,18,27,-1,-87,17,-17,-6,4,7,2,-26,-8,6,-18,5,-1,4,-19,-6,0,-80,2,-3,22,66,75,-54,-1,-18,0,-1,-1,-10,3,-25,-3,0,-31,11,-63,-7,0,-15,7,-54,5,-4,-20,17,-29,-4,-13,-2,-5,-76,-42,-16,-19,-100,-4,43,-1,-5,-88,0,-68,-32,0,0,-7,6,0,-1,-1,-36,-76,61,42,40,0,0,-15,-14,-29,-40,-58,-7,0,-76,-69,0,5,0,0,32,-43,65,235824,0,100
6,4,-12,-5,1,-2,0,37,-11,18,-47,20,32,-30,0,39,28,49,19,21,21,23,0,-35,0,-46,-8,58,0,0,1,0,-5,0,23,35,0,0,0,0,-13,0,-1,41,0,-2,0,-22,42,4,7,-3,13,-1,-1,22,18,0,-9,28,0,19,21,-7,-59,-12,0,-35,0,-9,0,-12,-23,0,20,17,0,0,0,0,-51,22,0,14,0,0,6,20,2,-35,-35,-5,26,18,-21,0,-51,0,17,-52,34,0,-39,-1,-15,52,2,-34,-25,-44,-1,-18,0,-58,0,1,9,36,0,0,-1,1,-75,-1,55,-36,5,49,16,51,0,-34,0,50,42,1,-23,64,-24,-1,-2,-12,1,6,-19,-4,-17,1,-3,0,-61,-2,0,-14,1,5,48,-9,57,2,0,-42,0,0,-1,5,41,-15,1,0,-49,46,-60,-7,0,-36,56,4,-8,6,-39,62,-57,13,-24,31,8,-28,-9,-22,-52,-13,-3,53,-2,-7,-36,0,-29,-3,0,0,-17,10,0,-2,0,-10,-27,49,-9,21,-5,0,-7,35,-58,-23,-70,0,0,-37,-49,-2,8,19,-1,25,-37,-8,236441,0,100
-31,10,16,-28,0,-7,0,-20,-12,20,-52,5,42,-9,-2,-11,33,45,70,36,34,-1,0,-63,0,-20,-5,-30,-41,0,1,-1,-1,0,-4,-5,-1,-44,0,0,-24,2,0,29,0,0,0,-36,29,44,-40,1,-7,-4,-1,51,33,0,-42,20,12,1,28,-17,-58,-45,0,-93,4,-54,72,26,-4,0,52,9,0,-9,-1,0,-7,14,0,38,0,0,-35,28,-1,-25,-46,-33,-100,-16,-2,0,-51,0,-7,-80,77,-2,-90,-32,3,25,0,-6,-38,-4,0,0,-3,30,0,4,-33,-3,0,25,1,-2,-64,0,-31,-20,-16,16,38,4,0,-19,-1,15,-43,-2,-39,31,-14,-2,-23,1,3,-35,-20,51,-23,26,5,0,-62,-7,-18,-38,5,13,-36,42,29,-55,0,39,0,1,2,-44,58,-21,-1,0,-60,56,-73,-11,0,-13,44,-54,-5,-2,30,39,-33,-8,-15,-11,-33,-9,-71,-8,-56,-31,0,23,0,0,-81,0,-35,-11,3,1,-26,27,0,0,0,-41,-4,46,70,0,-3,-2,-52,-23,32,2,-83,10,0,-25,-52,0,-1,23,2,-2,-44,41,236541,0,100
-23,21,-14,-43,9,-24,0,7,17,32,-50,-17,24,-33,0,-28,-27,32,35,55,17,23,0,-32,0,-64,-29,32,-25,0,-1,-3,2,0,52,-6,1,51,0,0,18,0,-2,13,0,0,0,-17,16,14,4,-1,-19,1,1,-74,12,0,-9,29,6,-23,30,-15,-44,-72,0,-65,0,-73,6,-14,7,0,-71,48,-2,-31,-1,0,-52,50,0,31,0,0,1,52,0,-24,-70,16,-41,-21,-36,0,31,0,7,-31,1,0,-48,24,-45,31,1,-42,-31,-43,-1,-7,-1,-100,0,8,4,-3,0,48,0,-2,-69,0,39,-14,-44,42,16,43,0,-19,0,13,-8,-2,-28,-8,-31,33,-52,19,3,3,-14,36,-14,-4,0,-3,-81,-4,-49,-1,0,16,-9,22,1,-79,2,-28,0,-1,-1,40,14,-42,-1,0,-38,11,-16,-8,-1,-12,39,-77,-24,23,-35,-4,-37,25,-27,-27,0,-3,-51,25,-76,-45,0,29,0,-2,-45,0,-86,-23,0,0,-17,18,0,1,3,-9,-5,32,-100,19,-7,-5,63,7,-100,-70,-12,15,0,-73,35,-2,2,9,0,52,-72,19,236810,0,100
-11,19,15,-96,5,-25,0,28,-7,43,-52,2,72,-44,0,33,49,26,41,76,45,36,0,-6,0,-48,-19,20,-7,0,3,2,-3,0,15,14,-1,-66,0,0,-100,1,1,40,0,0,0,11,38,-13,9,2,-10,-2,0,-23,47,0,43,30,12,-3,45,-15,-42,-25,0,-76,0,-12,65,16,-5,0,-7,11,-1,-33,-1,0,-79,10,0,35,0,0,-16,64,0,-39,-27,-68,-27,3,2,5,-86,0,-2,-36,90,1,-61,-71,-5,69,1,-50,-23,-81,-1,-7,0,33,0,9,-8,14,0,-50,4,0,-63,0,25,-29,18,54,-23,46,0,-22,3,14,20,-1,-56,-38,-26,-6,8,-13,5,-9,-3,-31,3,-11,2,4,-56,-9,11,15,3,16,19,55,34,-26,1,-8,0,1,0,-79,21,-16,0,0,5,24,-57,-5,0,-37,38,-24,-3,-6,-25,-31,-27,26,-26,30,-15,-1,-61,-5,-50,-94,0,68,1,-2,-62,0,-7,-22,1,3,-10,14,0,-1,2,39,-3,24,45,42,-2,4,14,32,42,-28,-58,0,0,7,-81,4,3,25,0,17,-26,52,237916,0,100
-9,-5,17,-5,5,17,0,-7,-30,-42,-33,46,15,-24,-2,-30,4,32,18,-2,-4,-22,0,-14,0,-6,-38,-41,-3,0,-2,0,-5,0,30,8,0,-29,0,0,-44,0,0,48,0,-1,0,-15,49,16,-52,-1,-1,-1,0,1,-1,0,-1,18,13,47,-37,-4,-23,-26,0,18,0,-17,58,13,10,0,-13,-1,-1,24,-2,0,4,0,0,69,0,0,-23,-3,0,-7,-7,-36,-33,-54,47,0,-45,0,-11,-41,15,0,-33,-49,46,28,-4,-21,-88,6,0,-5,0,-21,67,8,-14,8,0,-13,1,-1,-48,-1,-45,-52,15,28,-7,20,0,-42,0,20,1,-1,68,-24,-27,6,-1,-24,4,-12,-16,2,-21,-14,4,5,-8,-8,-5,4,1,0,-3,29,36,-41,1,9,0,0,0,-13,-11,-8,-1,31,-19,-3,-7,3,-2,-1,34,-42,-8,17,9,-2,-41,-26,-20,-30,-22,6,-6,-32,0,-11,0,28,1,-1,-34,0,5,-42,1,-1,-19,-3,0,3,6,-2,8,32,57,-23,2,-2,-16,-10,-25,-2,-7,3,0,-4,-43,0,0,0,1,31,-7,28,238227,0,100
-27,4,28,-42,5,-12,0,-20,-13,22,-39,0,63,1,2,4,13,12,9,-3,47,30,0,-70,0,6,-39,-43,-33,0,3,0,-4,0,79,-15,0,-38,0,0,-41,1,1,-2,0,1,0,-6,4,30,-52,0,-25,-2,4,34,44,0,-21,22,34,2,23,2,-36,-31,0,-49,5,-36,41,30,13,0,25,4,0,-11,1,0,-74,3,0,31,0,0,10,-6,-1,-24,-30,-6,-26,-35,13,4,-36,0,-19,-44,58,-2,-25,-7,20,46,0,0,32,-70,-1,-13,-4,66,40,7,-2,-10,0,14,3,0,-44,1,-40,14,3,-7,18,-8,0,13,0,35,-92,0,-44,20,-13,8,8,-24,8,-3,-14,54,-3,11,4,3,-45,-12,11,-2,2,2,-83,37,75,-12,2,-13,0,2,3,-39,25,-4,-1,0,-70,24,-52,3,1,-7,29,-11,-10,17,-16,22,-6,18,-20,8,7,16,-57,-15,-42,-50,-1,44,0,-1,-29,0,-6,-42,0,0,-17,5,0,-2,2,-22,17,14,56,33,-6,1,-31,-15,66,-14,-60,2,0,9,-34,0,0,35,0,81,-28,37,238593,0,100
-60,7,10,-48,4,-13,0,16,-15,16,-44,10,23,6,1,-13,18,39,23,32,34,8,0,-10,0,14,-22,6,-56,0,3,0,-1,0,56,-22,-1,5,0,0,0,2,0,0,0,2,0,-2,0,4,-44,4,0,-2,3,15,35,0,0,24,14,15,14,-9,-30,-34,0,-42,2,-26,29,13,3,0,14,41,2,-15,0,0,-24,41,0,25,0,0,20,30,3,-19,-58,-12,-15,-10,-28,2,-36,0,8,-16,24,1,-71,-22,-29,48,1,-2,-7,-36,0,-11,-2,-10,0,5,13,-23,0,24,3,1,-56,2,8,0,-3,46,8,45,0,2,0,25,16,0,-51,-8,-15,0,15,-5,6,14,-11,-12,-5,-12,8,1,-43,-7,12,13,2,6,16,43,34,-32,3,17,0,4,3,-8,67,-18,0,0,0,64,-46,-5,1,-16,44,-31,-5,2,16,-12,-34,24,-18,-20,21,-3,-51,-13,-46,-46,0,49,1,-2,-76,0,-70,-20,1,0,-12,-3,0,-1,4,0,-4,40,82,9,-2,1,-35,23,-6,12,-43,13,0,-70,-37,1,2,22,2,57,-57,46,239608,0,100
26,11,-2,-24,7,-16,0,6,-18,-5,-95,0,62,5,-1,-6,-13,15,30,-25,39,6,0,7,0,0,-36,0,12,0,1,1,0,0,23,-5,0,-17,0,0,-32,0,1,-43,0,0,0,-22,-39,7,-54,4,6,0,0,28,37,0,-3,27,18,8,-4,-18,-94,-1,0,-32,3,-7,38,0,3,0,21,25,0,-13,0,0,6,26,0,43,0,0,6,-25,0,-31,-15,4,-54,-50,13,4,-25,0,-10,-56,35,0,-31,4,31,22,2,1,-7,18,0,-7,-3,34,0,7,25,0,0,55,2,1,-38,2,-2,-1,30,29,-5,22,0,-2,1,-6,-17,1,-20,8,-5,1,10,-23,6,23,-20,5,-3,-1,3,0,-21,-7,7,44,0,13,-18,26,22,-8,1,-1,0,3,1,-29,34,-14,0,0,2,28,-57,-8,3,-18,14,-4,9,6,13,21,-9,-41,-3,-6,3,-17,-22,-19,-26,-29,0,20,2,0,-28,0,5,-35,0,0,-22,-12,0,-2,4,-2,-12,15,55,2,-5,1,-37,7,27,5,-62,18,0,8,-25,-1,1,20,0,19,-16,27,239977,0,100
-14,16,-26,-60,4,-48,0,40,-60,12,-71,11,18,9,0,-31,28,19,20,17,0,34,0,-7,0,36,-13,-8,-18,0,4,-1,-4,0,14,27,0,-28,0,0,-8,2,1,0,0,0,0,45,1,1,-1,3,62,-4,2,-6,-2,0,-32,-3,27,7,14,-8,-73,5,0,-49,3,3,55,-25,11,0,-24,40,0,-41,0,0,-54,41,0,39,0,0,-6,15,0,34,-40,-55,-49,0,-2,0,-28,0,6,-79,25,-2,-87,-50,-3,-5,-1,3,-69,-58,0,-10,-1,-74,94,4,-12,34,0,33,4,-1,-41,0,-5,0,37,47,25,51,0,-3,0,45,-32,0,17,21,-12,-7,-25,12,3,-12,-5,-1,52,0,4,0,-1,-4,-26,56,2,18,-28,9,54,21,1,39,0,3,0,-35,69,-27,0,0,-9,64,-56,-4,0,9,40,22,-26,-5,43,23,-23,3,-14,-31,-6,6,-86,-58,3,-54,-1,-9,-1,0,-100,0,-37,-10,1,1,-9,22,0,0,-3,-34,5,21,-6,36,0,0,-17,42,-74,-18,-56,26,0,-45,-29,-1,0,18,3,16,-37,11,240683,0,100
-1,6,-13,-100,7,17,0,30,-19,-48,-48,-6,9,-48,0,-6,39,75,40,51,2,15,0,20,0,0,-23,-58,0,0,-1,-1,-1,0,44,-2,0,-27,0,0,16,0,0,42,0,0,0,-34,44,4,-22,1,-2,1,1,32,1,0,-15,56,8,7,-43,-19,-45,-21,0,-56,-1,-24,64,-12,0,0,42,45,0,12,2,0,-91,46,0,24,0,0,-6,56,0,-35,-48,-44,-77,-45,-23,-1,4,0,6,-73,24,0,-30,-44,-9,18,6,-37,1,-92,0,-19,-1,-26,0,7,-27,-3,0,26,2,0,-78,1,-56,-42,-52,50,-1,50,0,-47,1,-19,25,0,-5,17,-26,7,-29,-4,2,-24,-5,-13,-34,-7,2,-2,-22,-7,-39,-12,0,8,22,35,77,-50,1,-29,0,-1,-1,-9,-8,-17,-1,0,27,-12,-4,-3,-1,-29,43,-48,0,10,-12,12,-51,14,-33,-20,-9,17,-95,-8,-44,-100,0,20,1,-1,-55,0,-87,-27,0,0,-1,-14,0,0,3,-14,19,78,65,10,-5,-2,-60,33,-31,-7,-4,5,0,-67,0,0,0,18,1,42,-48,34,240744,0,100
-30,25,-18,-73,0,-37,0,40,-4,14,-43,1,33,-24,0,8,-49,37,21,16,-21,10,0,-9,0,-23,-31,-25,-28,0,2,-2,-4,0,47,-4,2,44,0,0,-1,1,1,-27,0,-1,0,-28,-28,0,-19,5,-41,-4,3,-41,-19,0,3,4,5,0,19,-19,-50,-66,0,-26,3,-69,52,-14,0,0,-47,36,0,-34,-2,0,-72,37,0,52,0,0,13,5,0,-33,-56,-12,-66,-17,-37,2,-71,0,19,-45,45,-1,-66,-12,-38,10,-3,-20,-5,-75,1,-3,-1,27,0,4,10,-6,0,-54,5,-2,-45,2,-28,-15,7,29,-20,28,0,-9,0,20,-3,-1,-64,44,-8,-20,-23,-13,2,13,-10,-15,-24,-10,2,4,-58,-10,-24,10,0,25,0,38,58,-21,2,-26,0,0,0,46,45,-24,-2,19,-17,48,-72,-11,0,2,64,-21,-62,-27,-34,52,-69,19,-9,2,12,-8,-55,-6,-51,-68,1,8,3,-1,-79,0,-83,-32,0,2,-14,10,0,-2,1,5,-7,38,-18,10,0,-7,-64,39,37,-5,-82,29,0,-82,-72,-1,1,12,0,46,-55,36,241973,0,100
-63,26,13,-61,2,-25,0,2,-14,12,-46,21,39,43,5,-49,3,62,40,5,38,40,0,-47,0,16,-27,7,-55,0,-1,-5,7,0,69,-10,1,-8,0,0,0,-1,0,-58,0,0,0,-35,-61,2,-48,-1,-7,2,0,0,37,0,-10,21,11,17,9,-7,-30,-35,0,-5,1,-47,33,28,1,0,13,31,-2,-19,1,0,-39,34,0,42,0,0,3,10,-3,34,-42,14,-4,-76,-4,-1,-27,0,4,-15,12,0,-12,8,-31,57,6,58,-12,-38,3,-5,0,-31,0,12,4,-12,0,11,1,0,-62,6,4,-12,29,6,15,4,0,-1,0,42,-5,-3,16,13,-14,0,34,-10,7,5,-4,-6,-26,-11,1,14,-49,7,27,-32,0,28,-2,42,17,-29,3,-36,0,0,0,4,7,-27,-1,0,-52,13,-66,-8,1,-8,55,-29,-77,5,-62,2,-68,-21,-7,-61,4,-38,-78,-18,-52,-64,-1,58,5,-1,-14,0,-40,-30,0,0,-6,2,0,3,4,-7,-39,65,22,40,3,-6,-10,-10,-30,16,-65,16,0,-28,-25,-6,2,16,4,69,-41,39,242492,0,100
-36,4,24,-24,2,31,0,-7,9,31,-8,31,16,-34,-1,-15,-1,45,0,20,33,15,0,-25,0,52,-35,-39,-37,0,0,-2,-1,0,-5,-23,-1,-5,0,0,-22,1,1,20,0,-1,0,-34,18,-5,-28,0,-4,-4,1,-37,31,0,-31,32,3,37,36,-18,0,-16,0,-68,1,-27,39,32,-1,0,-37,26,-3,32,-3,0,23,23,0,39,0,0,24,16,-1,-60,-32,1,-63,-5,-14,3,-16,0,5,-36,31,-2,-18,0,-7,40,1,-21,-29,21,-2,0,-4,-76,0,3,-13,-24,0,0,0,-3,-45,0,-44,-30,-23,30,3,21,0,-28,-1,38,3,-3,-13,16,-14,-3,-35,-3,3,-15,16,-68,-26,-12,2,5,18,-3,-39,-50,1,5,2,5,-14,-57,0,-10,0,0,0,13,-17,-47,0,0,-26,-14,-30,-10,0,-5,18,-55,-12,-1,-10,24,-37,-40,-13,-18,23,-15,-30,-3,10,-23,-1,41,-2,0,-9,0,-22,-39,1,0,10,1,0,0,0,-28,-13,44,-94,13,-2,-4,-17,-15,-77,-2,-32,0,0,-6,-16,-3,1,-4,-1,-4,-31,1,243904,0,100
21,14,24,-18,-3,-31,0,43,-21,32,-57,12,82,-19,2,20,20,28,18,40,-4,14,0,-52,0,-24,-24,10,19,0,1,1,3,0,37,18,0,-63,0,0,-14,3,-1,17,0,0,0,-27,20,5,32,0,-2,1,-2,-39,0,0,-14,26,1,18,34,15,-37,-35,0,-34,1,-33,57,29,-8,0,-42,46,0,-33,1,0,-62,45,0,6,0,0,34,41,0,-37,-43,-19,-48,-27,-41,-1,-34,0,-2,-54,90,0,-12,-20,-38,45,4,-7,1,-80,5,-9,0,16,0,6,-6,12,0,22,1,2,-36,4,9,-8,21,46,29,44,0,-4,0,13,-27,2,-52,1,-15,3,-10,-2,4,0,-13,8,-33,-4,3,9,7,5,-8,-5,0,12,-21,10,56,-18,3,-24,0,3,-2,-42,16,8,0,0,-32,16,-57,2,4,-4,32,-21,22,8,-26,-11,-45,45,-22,-1,35,-19,-14,-23,-2,-29,-2,45,5,0,-14,0,-32,-27,0,3,-16,2,0,0,3,-15,-17,27,46,15,1,1,-4,31,16,-5,-52,3,0,-9,-40,0,2,9,4,35,-45,15,244262,0,100
0,-3,2,-9,2,6,0,34,23,39,-36,25,18,-11,0,-31,-4,62,12,14,79,1,0,-58,0,6,-13,-3,-3,0,3,-1,1,0,20,-1,0,22,0,0,17,0,-2,32,0,0,0,-4,33,19,12,1,-8,-2,3,-4,79,0,-12,33,22,30,39,-19,-33,-19,0,-34,4,-23,25,5,12,0,-13,21,1,4,-3,0,-33,17,0,11,0,0,5,19,-1,21,-51,-14,-15,-31,-12,0,-14,0,-4,-50,29,1,-36,-12,-2,54,3,-17,-31,-32,0,-11,-2,-50,0,7,1,-3,0,22,2,1,-36,1,-2,-30,25,38,22,33,0,-37,1,33,28,-1,-16,1,-36,0,4,-20,3,6,-16,23,0,13,4,-4,-37,-1,1,19,1,-5,23,7,63,-40,1,21,0,0,1,14,61,-25,2,0,-57,52,24,-11,2,-14,39,-40,83,4,29,0,-52,24,-39,-31,1,-9,-76,25,-44,-8,0,55,1,0,-42,0,-19,-10,0,2,-17,10,0,0,5,-10,-5,60,58,-1,-5,-5,32,32,-49,-17,22,12,0,-14,-18,-2,0,18,0,20,-51,4,244394,0,100
-37,3,2,-55,6,35,0,26,45,4,0,18,-16,-6,0,-5,16,43,32,-1,55,-48,0,-81,0,38,1,-27,-31,0,1,0,1,0,20,-7,2,19,0,0,-4,1,0,-2,0,0,0,-56,0,8,-5,0,15,0,0,48,57,0,3,30,6,14,0,-5,18,-62,0,-22,0,-58,-2,7,-5,0,59,53,1,30,0,0,-25,57,0,24,0,0,-6,-2,2,-42,-40,-8,-22,-32,-19,0,25,0,3,-43,16,0,2,-6,-12,67,1,-9,-2,-29,0,-9,-1,98,0,4,-12,-6,0,24,1,1,-66,1,-25,1,-2,16,-11,31,0,0,0,54,-15,1,-4,31,-9,0,24,-21,3,-14,-11,-5,-59,4,3,0,-11,-1,27,-57,1,0,-7,22,-3,-15,3,13,0,0,1,11,-9,2,2,0,-87,-6,38,0,0,-20,40,-19,51,4,17,5,-57,4,-11,-15,-1,-53,-50,45,-8,-43,0,67,1,-3,14,0,-49,2,0,0,-9,7,0,0,3,1,-55,43,87,-48,-4,0,-40,35,94,-25,40,-1,0,-54,30,0,7,5,-1,22,-41,20,245278,0,100
16,-2,12,-86,-1,-9,0,-15,-29,-2,-62,4,30,-37,0,36,60,46,2,29,-38,-8,0,-38,0,-5,-51,-4,11,0,2,0,-2,0,-1,16,1,-42,0,0,-15,0,-1,13,0,0,0,-60,16,13,1,0,42,-2,0,41,-35,0,-19,30,24,5,0,-15,-61,-65,0,-68,1,-64,32,17,1,0,52,50,0,-14,-2,0,-55,51,0,34,0,0,-8,31,-1,-23,-45,-13,-45,-22,-29,3,-3,0,-9,-42,41,-2,27,-5,-23,32,3,-48,-16,-64,-1,-14,-4,-57,0,3,-42,17,0,6,2,-1,-58,3,3,3,-14,36,23,43,0,0,-3,6,-69,0,-27,47,0,0,-15,15,2,-39,-38,33,-56,0,4,-6,18,-5,-15,-49,2,0,-65,21,22,-25,0,7,0,0,1,-58,23,-60,0,0,-26,16,-69,-6,-2,-34,50,-24,15,5,16,46,-37,14,0,34,-7,18,-54,-29,7,-82,-1,36,0,-1,18,0,32,-47,0,0,-36,-1,0,0,1,-20,18,46,67,-7,-10,-3,21,-10,-60,-2,-72,13,0,29,-7,0,1,33,0,1,-46,26,245426,0,100
-49,17,2,-85,1,-25,0,-15,-58,16,-79,38,54,-6,0,-1,-11,21,42,19,-32,18,0,-9,0,34,-8,-17,-58,0,1,-4,-4,0,33,-5,2,-21,0,0,4,0,-2,-23,0,0,0,-48,-25,21,-20,2,-35,-3,1,-19,-29,0,-24,38,14,35,25,-17,-87,-39,0,-38,3,-48,71,11,-3,0,-28,22,0,-18,-5,0,-46,22,0,22,0,0,-17,10,0,-34,-28,-48,-86,-58,-52,0,-12,0,3,-56,39,-3,-78,-42,-54,17,-3,10,-52,-62,-3,-13,-3,-38,0,8,-15,-9,0,15,1,0,-43,0,-21,-36,22,41,22,44,0,-35,2,54,-40,-2,-60,2,-13,-17,-32,-48,6,-14,-17,43,-43,21,0,4,-74,-1,-32,-6,3,19,-37,58,51,-43,4,-36,0,0,0,-3,48,-60,-2,0,4,51,-37,-11,0,-29,20,-42,26,-27,-40,19,-35,11,-14,-8,-17,25,-73,-65,-67,-82,-3,18,1,-3,-62,0,-88,-13,1,0,-21,41,0,-2,0,-23,27,23,13,17,-14,-7,-28,-18,-35,-52,-47,18,0,-91,-3,-3,2,14,1,36,-28,58,245741,0,100
-6,-4,3,5,1,18,0,-44,12,-20,-24,36,-5,15,2,-12,48,14,-25,23,48,-7,0,-62,0,9,-9,-35,0,0,0,0,-3,0,18,-9,0,-55,0,0,-72,0,0,-4,0,-1,0,-32,-7,30,-13,1,-21,1,-1,24,47,0,-20,10,-2,28,-17,6,-15,21,0,-21,-1,28,22,6,-7,0,4,-7,-1,27,1,0,25,-6,0,-4,0,0,1,17,-1,-30,11,4,-56,-38,17,-4,-22,0,5,-60,21,2,-51,-9,24,39,-2,17,2,0,5,-37,1,-39,0,1,-30,-16,0,15,0,0,-38,2,-40,-25,28,-2,0,-5,0,-24,0,42,12,0,-20,-16,5,-11,-1,-14,2,-28,-15,35,-33,16,0,3,-23,-9,-1,9,-1,-6,7,14,24,0,2,23,0,1,-2,-50,21,-32,0,0,-43,23,-67,4,1,-10,1,-2,15,-8,26,0,-10,-6,12,-6,3,-7,-28,4,-14,4,0,36,2,0,-57,0,31,-4,-1,2,-18,15,0,2,-1,-20,-7,11,20,-8,5,1,-82,-50,-45,6,-58,-25,0,22,-20,1,3,29,5,19,12,15,245835,100,100
-21,-4,-49,9,1,0,0,42,0,26,17,81,-23,-14,0,-9,20,-14,9,57,27,-35,0,-46,0,21,-10,-42,-29,0,1,0,0,0,30,-25,-3,-21,0,0,-6,-2,3,29,0,-1,0,-29,29,20,7,0,-27,2,5,-13,26,0,-58,20,20,66,22,-8,12,12,0,-2,2,4,-7,-39,-12,0,-9,12,-3,-4,-3,0,11,16,0,19,0,0,-44,39,-1,-40,0,46,-39,-79,-40,-1,-3,0,-16,-52,1,0,-66,40,-29,-8,-2,7,-36,16,3,0,-1,43,46,7,-38,-24,0,48,0,0,-17,1,-45,-8,1,72,21,70,0,-6,0,47,-5,-3,68,20,-26,1,-6,11,5,-44,-46,-30,-22,16,1,-6,-17,-5,0,-62,0,-3,4,36,-62,6,4,-14,0,-1,0,7,14,33,4,0,-55,11,-9,-5,1,-3,41,7,-12,5,-10,5,-48,18,-27,-10,-41,-16,43,6,-14,19,2,-9,-1,0,-71,0,24,-25,-2,1,-55,19,0,0,4,-58,-17,-12,30,-32,-2,-3,-34,48,40,-29,-20,1,0,34,0,2,-3,-18,0,33,4,32,245906,0,100
-63,3,-22,-85,0,22,0,-38,-4,-11,-77,6,44,48,0,23,0,38,44,-48,22,22,0,-51,0,15,17,-30,-58,0,1,1,0,0,55,0,-1,-1,0,0,8,0,2,-41,0,0,0,-20,-44,-9,27,4,-8,-1,1,40,20,0,0,16,-2,9,-8,-3,-83,-38,0,-68,1,-35,45,-16,-10,0,41,28,1,21,-2,0,-79,30,0,6,0,0,14,-48,0,-10,-51,-29,-30,-35,14,3,18,0,26,-47,36,0,-9,-14,13,41,0,41,-19,-79,0,-11,-1,-18,0,6,20,3,0,-8,2,0,-64,2,-27,-7,0,39,-20,33,0,-9,2,10,-64,0,-70,-11,-7,-6,4,-13,5,19,-29,-1,-18,-12,-1,-2,2,-3,1,-35,2,6,-60,27,49,-32,0,44,0,3,0,-4,-11,-30,0,0,-44,-7,-66,-9,1,-25,20,-30,40,-9,41,-9,-39,15,-6,14,15,-19,-49,-13,-8,-85,1,39,1,-3,-2,0,-100,18,0,3,-31,7,0,-1,3,-1,-19,40,9,20,-13,1,-10,-45,-18,-22,-70,-2,0,-92,20,2,2,12,2,56,-51,28,245999,0,100
-51,-24,-9,-66,8,-9,0,21,-12,-43,-36,-19,51,11,1,-3,36,18,17,39,72,10,0,36,0,-13,-16,-12,-58,0,1,0,-1,0,25,-30,-2,-19,0,0,21,0,2,-16,0,2,0,0,-10,6,6,4,3,-1,1,31,70,0,-13,31,26,-22,-40,-3,-38,-1,0,-18,5,-18,49,-2,11,0,17,39,2,-7,0,0,-25,42,0,42,0,0,41,36,0,-11,-32,-34,-32,-7,-39,2,-11,0,-1,-49,64,0,-33,-32,-31,34,-1,21,-14,-19,0,0,-1,-22,0,7,-7,-24,0,21,1,0,-44,3,-18,-33,17,10,8,10,0,-37,1,6,-32,-2,-29,8,-25,-6,9,-17,6,-6,-6,-17,15,-9,5,5,-24,-3,4,15,2,-21,-28,46,49,-15,1,-7,0,2,0,10,48,0,0,0,35,43,-39,-2,0,-17,48,-9,-10,-2,2,13,-40,-10,-29,-9,38,-14,-61,-13,-24,-67,1,32,0,0,-39,0,-7,-21,-1,1,-6,-2,0,0,4,-11,-9,22,56,11,-6,0,-42,22,-31,-7,-45,29,0,9,-12,0,0,29,1,22,-32,43,246301,0,100
-16,11,11,-48,11,-21,0,37,-29,41,-31,9,71,-22,0,23,-25,26,24,57,-18,-10,0,-34,0,-9,-36,-16,-22,0,2,0,-1,0,22,3,0,-10,0,0,-45,2,2,34,0,1,0,-17,33,13,-60,3,-6,-1,2,-24,-22,0,-14,20,0,19,43,-5,-28,-30,0,-13,2,-38,46,15,0,0,-24,11,1,-18,0,0,-46,16,0,42,0,0,-7,62,0,-42,-23,-30,-47,-14,-13,1,-55,0,3,-48,78,2,-25,-38,-13,41,0,-27,-11,-39,0,-7,-1,-6,0,4,0,8,0,4,1,-1,-57,0,-17,-4,-4,49,-18,40,0,-1,2,3,-8,1,-80,7,-21,-2,7,-4,5,-1,-13,-5,-1,9,4,7,-23,-5,1,20,3,9,-8,47,43,9,1,-25,0,0,1,-20,-2,-55,-3,0,-42,0,-36,-1,1,-4,29,9,-29,5,-32,20,-15,-27,-17,20,-2,-13,-55,-39,-29,-50,0,38,0,0,-26,0,-46,-35,1,1,-17,11,0,0,3,-13,-15,25,62,-12,-7,3,-51,29,-2,-6,-35,15,0,-46,-57,0,2,6,0,19,-22,45,246666,0,100
9,7,24,-33,9,-1,0,32,-3,-20,-52,0,36,-25,0,-7,-16,57,38,15,47,6,0,-58,0,-45,-22,25,0,0,-2,-4,-5,0,63,-30,1,-14,0,0,-47,0,-4,-8,0,-3,0,-28,-10,-6,15,-1,1,-2,-4,-39,46,0,8,31,26,4,-24,-9,-68,-43,0,-22,-1,-24,80,14,14,0,-52,46,-2,4,-2,0,4,47,0,19,0,0,-1,-5,0,-36,-45,-19,-23,-80,-18,0,-36,0,-12,-47,52,-1,-30,-31,-7,48,-6,-15,-14,-11,-4,-8,-2,8,54,5,-5,-34,0,23,0,-2,-52,0,15,-22,0,10,-10,19,0,-19,1,44,-45,-1,-19,13,-25,-18,-52,-15,6,-5,-20,-25,-37,-6,5,-1,-64,-19,-48,23,2,5,-48,33,0,-37,0,4,0,-2,0,-13,22,-8,0,0,-47,25,-69,-11,-2,-15,40,-37,62,-16,17,37,-75,21,-25,-11,0,-33,-56,0,-54,-29,-3,48,0,-4,-2,0,-8,-25,0,0,-22,5,0,0,2,4,-34,55,54,2,-3,-9,-60,28,16,-25,-74,7,0,-13,-33,-7,7,25,-4,66,-47,29,246871,0,100
-6,19,7,-79,10,11,0,-34,-11,20,-37,21,26,19,0,-33,16,24,2,-11,14,-13,0,-54,0,38,-36,-25,-8,0,1,0,0,0,17,-17,2,-11,0,0,-42,2,4,47,0,-1,0,-28,47,9,12,3,-25,-4,0,-7,16,0,-12,17,-6,21,26,5,-31,-18,0,-3,3,-24,-8,18,-1,0,-22,0,1,14,0,0,-47,1,0,46,0,0,-1,-17,0,-23,-23,-19,-47,-28,-36,0,-12,0,0,-48,52,0,-92,-20,-31,60,2,10,-48,-45,1,-6,-1,36,0,5,17,-18,0,1,2,0,-63,-1,-27,-12,-30,0,20,-9,0,-11,0,18,-58,0,-37,-3,0,7,13,-8,3,14,2,-8,-22,10,0,0,-63,-8,12,-46,1,21,-51,62,27,-26,0,-9,0,3,1,-23,66,-24,0,0,-50,65,-54,2,0,-7,43,-25,-10,13,-19,8,-32,-40,-3,-26,0,-36,-82,-6,-57,-81,0,57,0,-3,-81,0,9,-34,0,0,-3,16,0,-1,1,-11,-34,26,34,-9,-11,4,-9,-40,34,-19,-51,-4,0,1,-8,2,2,11,1,20,-20,66,247678,0,100
6,24,24,-70,16,-33,0,35,-6,50,-34,12,42,-25,1,15,-16,51,51,40,29,7,0,-72,0,26,-16,45,10,0,0,-1,-2,0,14,-5,1,7,0,0,-45,0,-2,-6,0,-2,0,-15,-2,10,-31,-1,6,-3,-4,-39,21,0,17,36,8,-2,51,-19,-39,-48,0,-45,0,-52,81,16,37,0,-22,40,0,-27,0,0,-37,34,0,25,0,0,11,18,2,-39,-61,-35,-33,-26,-2,-2,-52,0,0,-39,24,-2,-40,-44,-21,66,0,-36,-52,-28,-5,1,-3,-2,0,4,-3,-5,0,-22,0,-2,-47,0,49,-14,-18,-10,30,8,0,-9,2,11,16,-1,-45,-36,-42,1,-79,6,4,-1,4,-8,-17,10,7,-7,-76,-23,-71,-23,3,20,14,55,54,-60,-1,12,0,-3,1,-3,10,-28,0,0,-83,22,-2,-16,-2,-14,54,-58,-34,23,4,-23,-64,43,-46,25,5,-39,-51,-4,-51,-76,-3,62,0,-1,-25,0,-75,-12,1,-1,10,19,0,-1,2,16,-36,51,-48,9,-18,-7,-16,32,9,-20,-5,1,0,-73,-41,-4,6,5,-2,19,-61,54,248602,0,100
-12,34,-31,-44,2,-15,0,35,-10,8,-32,22,62,-20,1,10,46,31,14,33,62,-5,0,-33,0,1,-17,15,-14,0,0,0,0,0,19,-16,0,-49,0,0,-31,0,-1,31,0,-3,0,0,27,36,-6,0,-21,-3,-3,17,62,0,17,41,11,33,6,-9,-46,-24,0,-41,1,-32,-1,-25,-9,0,21,45,0,-14,1,0,-12,48,0,41,0,0,22,27,2,-34,-40,-26,-58,-43,-21,0,-67,0,-9,-58,42,0,-56,-20,-11,22,0,-2,-33,-17,-3,-12,-1,89,0,7,-12,-18,0,40,1,-1,-43,0,14,-20,-14,24,20,29,0,-23,2,13,10,1,-68,21,-9,-2,-34,-8,5,-12,-12,13,-5,26,2,0,-29,2,-31,38,1,33,14,43,34,-35,0,-18,0,0,0,0,17,-65,0,0,-37,19,-75,-3,-2,-7,21,-36,10,6,-7,28,-23,-14,-12,0,26,-35,-30,-7,-44,-35,-3,28,0,-3,-39,0,-89,-25,0,0,-14,17,0,0,3,15,-32,35,74,-7,1,-1,-77,34,90,-17,-81,2,0,-66,-63,-3,9,9,-2,21,-40,38,248808,0,100
-20,-4,4,-89,12,-5,0,2,13,-2,-47,-6,37,-20,0,38,32,34,76,7,3,46,0,-30,0,-84,3,27,-28,0,0,2,-3,0,2,34,2,-27,0,0,10,0,0,-11,0,0,0,-20,-11,-12,1,0,28,1,0,3,1,0,-26,62,-3,0,0,-12,-54,27,0,-42,2,14,67,5,2,0,14,32,2,-7,-1,0,-27,33,0,4,0,0,30,3,0,-41,-7,-68,-6,-8,-15,0,-87,0,-2,-23,42,-1,-20,-62,-1,61,0,-24,51,-29,0,-18,1,-65,0,5,-41,32,0,10,0,-1,-77,0,32,-63,-1,4,0,11,0,-67,0,0,-8,1,-54,10,9,-7,-18,3,3,-40,2,-25,-18,-2,-2,-1,-60,-9,-9,-30,2,-2,0,42,75,-52,1,-6,0,1,1,-38,66,-64,2,0,-39,68,-20,-22,0,-55,33,-52,96,0,-10,11,-50,10,9,32,30,-36,-64,21,-60,-93,0,60,0,-4,-24,0,-60,0,1,-2,3,4,0,1,3,-26,-33,37,44,47,-4,4,13,8,-68,-75,-24,3,0,-63,-89,0,4,14,1,3,-5,47,248959,0,100
-24,-4,-32,-64,7,11,0,43,41,39,-2,-13,40,-41,-1,6,37,-52,74,72,24,33,0,-38,0,6,-48,-38,-24,0,1,1,0,0,47,-8,1,-81,0,0,39,2,2,-14,0,2,0,0,-14,18,37,2,-3,-1,0,-1,26,0,-13,45,14,-15,41,14,11,2,0,-61,4,6,55,-27,0,0,-1,41,3,7,1,0,-25,41,0,44,0,0,16,72,1,-26,-46,-22,100,-15,-12,2,-35,0,-33,-32,51,3,-69,-29,-23,81,-2,-50,-15,-21,2,-23,0,52,0,12,5,-10,0,-18,0,3,-79,2,-34,-21,40,34,5,37,0,-23,0,-7,-9,3,-11,-19,2,3,42,-30,6,4,-31,10,-3,9,3,2,24,-5,43,-8,-1,-10,-12,9,90,-15,1,-35,0,3,3,-100,68,-15,-1,0,-41,71,-44,2,3,-24,43,-16,19,12,-38,-13,-26,14,-1,4,16,0,-23,45,33,-68,2,82,2,-1,-52,0,5,-40,0,3,-33,-2,0,-2,10,-13,0,-52,-95,34,3,8,5,44,49,2,-33,31,0,13,-35,1,3,14,0,45,-43,10,249365,0,100
-40,41,-2,-47,3,14,0,9,-26,-2,-55,6,39,-89,0,42,29,51,19,5,0,74,0,-70,0,-22,-20,23,-23,0,0,-2,-1,0,29,5,0,-55,0,0,-16,0,-1,-23,0,-3,0,-79,-23,13,41,0,-9,2,0,20,-4,0,-55,39,11,9,0,-13,-78,-3,0,-23,3,1,22,-7,5,0,25,20,0,6,-1,0,-32,22,0,24,0,0,-21,8,0,-32,-11,-1,9,-37,43,1,20,0,-24,-14,40,0,6,7,33,100,-2,-89,-18,-34,0,-2,-1,-62,0,9,-19,3,0,16,1,0,-58,0,27,26,26,-12,41,-8,0,15,-1,26,45,-1,-13,9,-17,-21,-50,-45,5,-18,-11,0,-71,0,3,-14,3,-14,-55,-9,0,42,38,-9,76,-80,0,-11,0,2,3,-63,34,-56,3,0,-78,34,21,-19,0,-20,22,-80,-78,-19,-4,7,-49,12,-17,23,-20,51,-61,-30,2,-52,1,100,2,-4,1,0,-57,-16,1,0,-13,-4,0,0,5,-54,52,50,6,75,-2,0,-1,14,-60,6,16,2,0,-71,16,-2,0,16,0,30,-10,-6,250121,0,100
-22,-13,27,-84,14,12,0,34,-2,20,-28,6,24,-31,-2,-5,24,45,13,60,35,66,0,-31,0,-21,3,-19,-28,0,0,-1,-2,0,33,-8,-1,-100,0,0,23,1,2,4,0,-1,0,-38,0,34,39,0,28,0,1,92,33,0,-52,23,0,18,14,-11,-28,35,0,-52,2,29,20,30,-8,0,81,37,2,15,1,0,12,36,0,25,0,0,-6,58,0,-12,-5,-19,-20,14,-68,-1,-50,0,-21,-54,-11,0,-47,-27,-71,56,0,-22,0,-5,0,-23,0,-49,25,4,-10,-14,0,-31,1,0,-83,-2,-25,1,29,13,15,10,0,0,0,52,36,2,-51,50,-10,-6,-4,-5,2,-7,-5,21,-40,31,1,-6,-46,-12,5,-75,0,-19,32,4,49,-46,-1,-5,0,2,1,-78,87,-16,0,0,-7,87,12,-3,2,-21,63,-45,0,0,-7,33,-61,-20,-12,-5,-7,-42,8,4,-63,-81,0,62,0,-3,-58,0,0,4,2,0,1,-1,0,0,2,-52,-43,46,-14,62,2,6,20,42,-50,2,15,27,0,7,-51,-2,4,36,1,35,-2,6,251008,0,100
-6,19,44,-56,6,8,0,-13,2,17,-70,-1,-27,-35,1,47,21,40,25,7,4,11,0,-61,0,-4,-45,0,-6,0,0,-1,1,0,15,-8,2,-8,0,0,15,2,0,5,0,0,0,-44,9,10,29,1,28,1,0,35,5,0,-29,35,-2,8,14,-19,-55,-9,0,-43,1,-15,26,44,-4,0,46,61,0,0,0,0,-33,61,0,-10,0,0,25,22,0,-12,-23,-19,-68,-1,-14,0,-64,0,7,-43,20,0,-18,-34,-11,81,2,-47,-1,-6,0,0,0,48,0,2,0,0,0,38,1,0,-99,2,5,-46,-21,16,-4,17,0,-52,1,38,-3,1,-1,8,-24,5,-13,12,0,0,19,40,-41,2,0,0,-27,-2,-4,22,1,10,-5,36,-21,-43,0,-18,0,2,0,-26,42,49,1,0,-46,34,-57,-5,1,-29,57,-46,6,17,-22,1,-75,2,-32,46,27,-38,-51,9,-46,-72,0,79,0,-3,-13,0,-72,-40,1,0,20,8,0,0,0,-34,-37,38,54,9,-2,0,11,-9,46,-69,-57,6,0,-52,-72,0,4,4,1,13,-22,39,254101,0,100
-21,2,-14,-52,12,-20,0,51,9,-12,-32,-52,26,16,0,42,19,64,27,43,57,33,0,-16,0,-7,-11,5,-17,0,-1,-1,0,0,33,-2,0,-36,0,0,-55,0,0,-13,0,0,0,-36,-19,8,3,0,8,1,0,20,55,0,-39,37,22,-40,-14,-23,-38,-31,0,-49,3,-41,45,-5,23,0,23,50,-1,-22,-1,0,20,54,0,12,0,0,-5,51,0,-39,-58,8,-7,-66,-64,1,-56,0,-11,-46,71,-1,-51,5,-67,64,3,17,-22,6,0,-25,1,-60,0,8,-39,-4,0,31,1,0,-63,3,-4,-15,36,48,30,50,0,-13,-1,9,-8,0,-64,87,-23,-13,-26,18,6,-35,-49,1,-33,0,0,0,30,-4,-29,-76,0,1,-3,31,72,-38,2,-17,0,0,2,-26,60,3,0,0,-23,58,-58,-15,0,-26,54,-40,-8,-22,-21,69,-58,14,-27,31,-4,-6,-30,21,20,-56,0,62,0,-2,-55,0,-24,-11,2,-1,-48,21,0,1,6,-37,-2,64,-27,31,0,0,-45,50,-58,-2,-65,-3,0,-31,-58,0,3,-7,0,33,-55,33,256355,0,100
3,-10,-23,-30,6,-4,0,31,9,7,-22,12,41,-35,-1,-13,-2,27,35,15,36,-24,0,-43,0,0,-21,-11,-3,0,0,2,-1,0,58,-7,-1,-18,0,0,-8,1,3,-29,0,0,0,-35,-28,16,34,3,-3,-1,0,26,34,0,-12,21,4,16,13,-13,-37,-6,0,-63,4,-24,24,-15,12,0,10,11,1,6,1,0,-61,14,0,4,0,0,9,11,0,-19,-39,-23,-19,-9,-42,3,-17,0,-3,-25,23,2,-27,-28,-35,39,-3,-21,-8,-61,1,0,-4,13,0,5,-4,-5,0,17,0,0,-36,1,-21,-7,-18,-3,1,-1,0,-9,0,52,-1,2,-10,2,-20,-4,-20,-24,5,-4,-14,26,-23,2,3,0,-13,-6,-23,18,1,-5,7,24,-3,-31,0,8,0,2,2,10,11,-20,0,0,-52,16,-29,-8,-2,-15,20,-26,55,0,16,16,-26,66,-24,-5,6,28,-2,10,-9,-23,1,38,0,-1,-16,0,-49,-29,-1,1,-17,4,0,1,2,-10,30,31,13,-24,-3,4,-21,21,7,-12,-36,0,0,-36,-14,2,0,16,2,58,-39,24,256970,0,100
-15,7,3,-66,5,-26,0,18,-29,47,-41,6,18,-28,0,-1,-38,27,-10,18,-3,27,0,-42,0,0,-18,2,-19,0,2,-1,-2,0,57,1,-3,-24,0,0,-15,3,0,-18,0,0,0,-38,-17,2,-45,3,-39,-3,0,-12,0,0,-7,23,9,14,51,0,-38,-23,0,-47,3,-26,65,7,14,0,-17,31,1,-26,1,0,-34,28,0,11,0,0,8,13,-1,-84,-25,-24,-72,-23,-48,3,-55,0,-5,-60,29,0,-95,-27,-46,22,-2,-24,13,-41,0,-2,-4,-3,0,3,-7,0,0,20,0,-1,-27,1,1,-7,-34,3,-4,-4,0,-8,0,23,-22,-2,-72,5,-24,2,-14,-20,5,-5,-5,-13,-39,-21,5,1,-34,-7,-18,-6,4,5,-18,41,23,-40,1,-30,0,2,0,-9,48,-22,-1,0,-30,47,-41,0,0,0,34,-39,-14,7,-32,14,-51,22,-30,-2,6,15,-70,-35,-36,-64,-1,24,-1,0,-92,0,-75,-22,0,0,-7,-17,0,0,-1,-9,16,28,48,28,-7,-3,-90,16,-4,16,-42,-4,0,-61,-54,-2,0,9,1,57,-24,45,257480,0,100
4,-54,8,-68,0,-7,0,20,-22,-54,-52,17,43,-7,0,46,0,57,19,26,-55,13,0,-7,0,55,-10,12,-15,0,-1,0,2,0,1,-8,2,1,0,0,-7,0,2,-1,0,0,0,-22,0,-2,12,0,33,2,1,-74,-55,0,-29,30,11,15,-61,-5,-39,-13,0,-40,1,-17,62,7,-4,0,-58,42,0,-12,1,0,-11,38,0,21,0,0,4,21,0,-22,-17,-56,29,-36,6,0,-49,0,-1,-24,52,0,-58,-72,-2,30,4,-21,-31,-4,4,-21,1,31,14,6,25,-6,0,32,2,0,-46,2,14,-52,29,25,7,21,0,-57,1,45,33,1,-5,-32,0,3,-2,-9,2,21,-3,0,-19,-1,4,-2,-8,-7,4,-12,1,-58,35,15,76,24,2,12,0,0,0,-20,34,-7,1,0,-7,38,-14,-2,1,-21,33,29,64,8,-9,-51,-60,6,9,45,0,19,-61,-24,-14,-75,2,26,3,-3,-73,0,-56,-2,2,0,-3,13,0,2,4,-28,24,57,90,10,5,1,15,18,36,-14,-14,0,0,-44,-48,0,3,35,2,-1,-15,15,257563,0,100
-16,-9,-12,47,7,33,0,-24,4,15,23,26,-52,7,4,-14,27,-6,4,-23,48,-46,0,-45,0,-1,-25,-19,-17,0,2,-2,2,0,32,-17,1,-34,0,0,0,1,-1,3,0,0,0,-1,2,-1,-41,0,0,1,-1,55,44,0,2,30,25,21,16,-14,16,77,0,71,4,80,31,-15,-13,0,65,0,-1,33,0,0,15,3,0,10,0,0,-15,-20,0,0,10,12,-20,-81,28,-2,-63,0,-20,-4,-48,0,-13,15,20,26,2,9,-12,33,3,-12,1,18,0,13,-27,-10,0,-38,0,0,2,3,-14,-11,-20,2,-11,7,0,-11,-1,22,-5,-1,44,39,-26,-2,-8,-10,7,-26,-17,-8,4,-13,-2,-2,6,-11,-7,50,0,-7,-7,6,17,-3,2,62,0,2,1,-42,21,-32,0,0,-56,19,-52,-2,4,9,33,-3,11,1,68,48,-45,33,-25,-16,-13,-13,-14,8,15,48,0,20,2,-4,-18,0,54,-24,1,-2,-15,-26,0,2,7,0,-14,-6,74,-45,-7,-3,-30,-24,20,4,-55,-13,0,52,-64,-2,8,13,3,31,9,6,258509,0,100
-33,20,26,-48,0,-4,0,46,-6,-26,-64,6,81,-9,-1,31,-11,39,41,14,47,3,0,-11,0,10,21,-28,-33,0,2,3,-1,0,68,-10,0,-6,0,0,-7,3,1,-21,0,1,0,14,-23,38,28,2,17,-5,5,15,46,0,0,31,27,7,-26,-12,-50,-21,0,-27,5,-15,62,27,-1,0,10,34,0,-6,0,0,-19,34,0,54,0,0,18,10,-1,-18,-52,-21,-49,34,-35,1,-27,0,3,-33,68,2,-90,-26,-31,58,4,-20,-31,-29,1,-5,-4,32,34,8,-27,-13,0,31,4,0,-61,0,-27,-18,31,28,37,24,0,-15,0,20,-4,0,-22,42,2,-3,1,-54,7,-27,-13,14,16,23,2,2,-52,-3,2,4,3,16,-8,15,71,-31,1,34,0,3,3,-32,95,1,-2,0,-5,92,-44,-6,0,-22,56,-32,-1,-6,28,44,-51,15,2,32,14,20,-76,-7,-55,-51,1,57,2,-1,-91,0,-56,26,0,3,-16,15,0,-3,2,-2,21,38,64,3,-6,1,-22,45,38,-23,-39,23,0,-63,-26,1,3,9,3,70,-51,13,258534,0,100
-18,-4,56,-16,0,2,0,-27,100,2,7,-18,37,14,1,-30,22,41,38,32,47,-6,0,-58,0,-20,2,-22,-17,0,2,0,-1,0,24,-2,1,-16,0,0,-58,1,0,28,0,0,0,-31,28,18,-1,1,11,0,0,0,51,0,1,32,19,-12,5,-27,19,6,0,-4,3,5,42,62,9,0,8,21,-1,-1,0,0,-32,18,0,14,0,0,3,31,0,-17,-22,-8,-40,-15,-52,2,-77,0,-1,-63,57,-1,-12,-16,-50,49,0,7,-28,-46,0,-7,-1,21,0,8,-54,-5,0,12,0,0,-55,0,-21,-36,13,7,14,9,0,-32,0,17,-17,-1,-34,39,-35,-4,-6,6,6,-49,-21,20,-29,17,1,7,-47,1,-8,49,3,-7,-12,31,26,-32,0,18,0,0,4,-23,64,29,0,0,-48,64,-79,-15,0,-17,52,-32,48,-7,16,33,-33,6,-31,-31,0,-25,-63,100,-50,-23,0,49,0,0,-15,0,-24,4,0,0,-22,12,0,-1,4,1,-23,41,-100,-10,-1,0,-9,-21,21,-24,-77,-3,0,-20,-83,-2,0,20,1,28,-22,32,258885,0,100
-45,-1,-13,-34,11,-17,0,-14,41,9,-31,0,33,24,0,14,30,46,43,10,-28,30,0,-37,0,-13,-34,10,-48,0,3,-1,1,0,43,27,0,34,0,0,15,1,0,-5,0,-1,0,-45,-5,12,-1,1,-3,-2,1,-1,-26,0,-15,37,4,5,11,-27,-16,-61,0,-61,3,-72,78,-5,21,0,-6,41,-1,-22,-2,0,-58,42,0,5,0,0,-19,8,0,-41,-81,-6,-54,-67,-14,0,-46,0,0,-68,45,-1,-56,-9,-8,51,1,18,-31,-65,-1,-5,-2,-89,0,5,3,28,0,10,0,-1,-51,0,11,-36,-30,27,26,21,0,-33,1,13,-41,-1,-8,1,2,1,-19,13,4,3,-15,8,-35,3,3,2,-16,-3,-23,3,3,0,-35,6,64,-54,1,-2,0,1,2,37,37,-2,0,0,-36,36,-61,-9,0,-36,22,-52,9,10,-7,0,-34,31,1,8,-19,7,-80,33,-21,-32,-2,50,0,0,-61,0,-28,-35,1,0,-18,-2,0,0,1,-14,8,45,61,31,0,-2,-36,-8,-91,-18,-57,5,0,-14,-48,0,0,26,2,43,-79,10,259105,0,100
-8,14,12,-75,4,-45,0,8,-11,-2,-77,3,33,14,0,3,-10,52,4,2,43,28,0,-49,0,-39,-5,-10,-4,0,2,-5,-3,0,16,-20,2,-32,0,0,-43,-1,0,20,0,0,0,-61,18,23,-50,2,4,-3,1,-77,47,0,-1,25,17,3,-3,-13,-70,-51,0,-20,7,-49,38,15,-2,0,-86,44,0,-46,0,0,-21,46,0,29,0,0,7,1,1,-74,-52,-32,-60,-48,-24,3,-77,0,-15,-29,25,0,-2,-34,-15,57,-2,15,-24,-25,-2,-5,-3,100,0,7,-15,-22,0,100,1,-1,-41,0,-9,-11,-26,1,8,-4,0,-8,2,-23,10,-3,-32,-20,-65,3,-45,-2,8,-14,-31,-31,-60,75,-1,5,4,-11,-45,44,2,11,12,60,23,-33,0,-12,0,0,4,-28,14,-63,-1,0,-35,15,-31,-7,0,0,27,-32,-4,5,-5,-21,-31,22,-60,3,7,23,-50,-19,6,-76,-2,56,-1,0,-2,0,-72,-6,1,0,-35,19,0,0,2,-2,23,52,69,30,0,-4,-84,6,100,-12,-27,1,0,-68,-78,-5,2,11,3,15,-51,58,259163,0,100
-24,11,20,-100,5,11,0,20,19,24,-68,-15,31,29,0,30,-5,51,-5,50,52,31,0,0,0,14,-45,-6,-33,0,2,0,0,0,-3,-4,0,20,0,0,-31,2,3,15,0,2,0,-4,19,2,-22,5,-22,-2,2,22,51,0,-54,44,16,-11,30,-9,-72,-52,0,-67,6,-47,49,19,1,0,14,4,1,12,0,0,-4,7,0,37,0,0,7,47,0,-58,-52,-45,9,-28,-48,5,-2,0,-4,-22,41,-2,-58,-46,-27,5,0,16,-29,0,0,-5,0,-3,0,5,-39,-2,0,12,1,0,-44,2,-8,-7,9,56,0,52,0,-9,2,9,-8,0,-71,13,-28,-2,10,18,5,-42,-9,-13,4,-7,0,1,36,-5,8,-14,1,12,-1,28,80,-39,2,-11,0,3,2,-4,39,-10,0,0,-2,37,-68,-3,1,-20,52,-37,64,4,8,13,-51,5,-28,28,7,-21,-50,22,37,-97,0,0,2,-1,-54,0,-23,-38,0,2,-11,-2,0,-2,1,-52,-21,51,-21,29,-3,-3,50,22,-3,-20,-72,13,0,-23,0,1,0,46,2,-2,-54,30,259173,0,100
-14,0,-9,-57,9,6,0,-20,-16,-81,-50,7,58,-46,0,21,11,28,-6,33,6,-10,0,-47,0,18,-31,-80,-10,0,3,0,0,0,9,12,0,-8,0,0,-1,2,2,21,0,2,0,-47,22,8,-2,2,-8,-2,1,57,1,0,-19,24,11,7,-80,-7,-44,-21,0,-39,2,-32,26,-4,23,0,58,12,2,6,-3,0,-78,13,0,27,0,0,4,35,0,-18,-33,-81,-23,-10,-10,3,-28,0,-9,-30,57,0,-54,-86,-2,33,3,-44,-18,-75,1,-6,-4,39,0,5,-3,14,0,68,2,2,-52,0,-81,-77,21,35,-2,33,0,-79,3,22,-32,-2,-58,-9,-25,3,6,-27,5,-5,-16,-3,-32,2,2,0,-30,-6,4,-6,2,0,-30,27,24,-24,2,8,0,2,2,3,48,-39,0,0,-52,44,-63,-2,0,-16,16,-21,-15,11,18,-7,-20,13,-26,16,2,3,-54,-19,-33,-58,0,31,0,-1,-52,0,6,-33,0,2,-14,6,0,-1,4,-16,3,29,58,-10,-9,-1,-22,-16,32,-10,-64,2,0,19,-27,2,0,10,2,6,-35,30,259240,0,100
-18,18,28,-60,11,-25,0,1,3,22,-64,-31,60,6,0,13,-32,40,65,33,-6,67,0,-47,0,-35,-16,37,-9,0,-1,-1,-2,0,54,7,0,86,0,0,0,1,-1,21,0,0,0,13,24,23,-20,-1,3,-1,0,-29,-1,0,-7,23,12,-39,12,-20,-69,-64,0,-61,-1,-58,82,12,12,0,-15,29,0,-28,0,0,-49,23,0,27,0,0,-13,26,2,-64,-64,-28,-48,-64,-6,0,-53,0,6,-72,46,2,-31,-29,-17,40,-3,3,-12,-65,-1,-18,-1,-46,39,5,-6,1,0,29,1,0,-54,0,36,-7,-9,56,1,59,0,0,2,31,-16,0,-41,0,-20,-13,-1,-17,2,6,-18,39,-2,13,4,0,27,-7,0,12,3,17,-13,26,39,-38,1,6,0,-1,0,75,28,-29,0,0,-26,36,-49,-13,-3,-12,34,-40,3,-10,-12,-6,-44,-1,-15,13,-14,2,-56,1,28,-59,-2,38,1,-4,-34,0,-92,-20,0,0,-18,18,0,1,1,-12,1,40,52,68,-5,0,-58,7,-31,6,-56,15,0,-94,-49,1,4,6,0,56,-65,26,259584,0,100
-24,6,36,-32,5,7,0,1,-12,-26,-33,65,30,-6,0,-37,15,39,-2,-29,31,-20,0,-61,0,16,-29,1,-32,0,2,0,2,0,14,-16,3,-2,0,0,13,0,0,56,0,-2,0,-9,58,7,-24,0,-26,-4,-4,37,36,0,-4,12,2,64,-24,-6,-15,-33,0,-18,-1,-40,11,37,6,0,25,-27,0,8,2,0,-20,-28,0,28,0,0,-6,-37,4,-3,-23,-3,-52,-54,24,-3,-43,0,9,-58,12,-1,-31,0,17,28,1,-17,-22,-25,-1,12,-3,13,0,0,-22,-20,0,23,1,0,-11,1,4,-14,-4,-11,4,-15,0,-15,2,29,-16,3,6,9,-29,2,4,20,0,-23,12,1,-11,1,4,3,7,-1,9,6,2,8,-6,22,34,-9,0,45,0,0,-1,-16,-1,-51,0,0,-60,2,-51,2,-1,-1,30,-9,-12,12,26,0,-30,35,-23,-41,-7,-13,-77,-18,7,-36,0,31,1,-2,-20,0,-74,-27,2,0,11,9,0,-2,-1,-5,-9,41,21,-20,-5,-1,5,3,20,-16,-46,5,0,-69,-37,-1,7,10,-1,17,-21,25,260145,0,100
22,-52,-2,54,10,27,0,18,-76,-52,-34,27,32,24,2,-13,26,-11,4,22,23,-11,0,-51,0,10,-19,-30,21,0,3,-5,-2,0,75,0,0,-28,0,0,-3,0,2,23,0,0,0,-52,20,-8,-7,2,3,-1,3,49,24,0,-7,34,15,22,-51,-11,-36,-17,0,60,1,-11,63,-5,7,0,52,-10,0,27,0,0,2,-12,0,19,0,0,1,22,-1,-37,4,-51,-80,-79,-20,5,-19,0,-8,-75,27,-3,-9,-49,-18,11,0,18,0,-10,1,-11,-1,-20,31,8,1,-4,0,46,3,0,-23,0,-29,-54,-39,-14,-47,-13,0,-54,4,39,-44,-1,6,1,-13,-7,-3,-51,6,0,-17,-51,-45,-25,3,-4,-1,-1,-6,83,3,-56,-42,56,86,-10,2,23,0,1,0,-41,-15,-25,2,0,-51,-13,-22,0,0,-3,40,-8,-35,-10,27,16,-50,60,-16,-13,-2,-18,-58,-77,0,60,2,8,2,-2,1,0,-8,-18,0,-1,-19,-23,0,0,8,-5,-16,-9,100,-11,-10,-5,-52,10,-16,1,-23,2,0,-6,-19,-5,4,10,0,72,6,52,261539,0,100
36,-4,-11,-54,3,1,0,39,-10,0,-33,38,22,-21,-2,-41,6,34,-5,-5,74,43,0,-81,0,17,-35,36,33,0,-2,-1,-2,0,-1,4,0,-58,0,0,-69,-2,-2,-28,0,-3,0,-39,-29,50,-16,-1,4,-1,1,0,73,0,3,22,11,37,-1,-5,-35,-1,0,-55,-1,-15,12,-5,1,0,-20,27,-2,1,0,0,-82,29,0,54,0,0,-17,-10,-1,-7,-46,-48,-62,-41,-16,0,-34,0,-16,-90,18,0,1,-39,-13,42,-2,-13,-41,-92,-1,-16,-1,31,0,4,5,0,0,-10,-1,-2,-54,1,34,4,22,77,17,70,0,1,2,12,22,-1,-52,-16,-28,0,34,-20,3,7,-13,29,-39,33,2,-1,-23,-5,27,29,1,-4,28,22,-33,-13,2,49,0,-1,0,-45,-27,-2,-2,0,-73,-27,-70,4,-2,2,-17,-13,-62,6,49,-14,11,-61,-37,-27,-18,19,21,-27,-14,-52,0,44,-1,-2,11,0,49,-35,0,0,-18,17,0,0,3,2,18,35,68,47,-7,-5,-76,34,29,24,-64,0,0,47,-26,0,3,17,-1,0,-45,21,261785,100,100
-47,12,22,-43,11,12,0,-47,28,21,-24,8,58,16,1,-13,0,27,51,14,29,35,0,-38,0,-17,-2,18,-41,0,0,0,1,0,55,-11,0,25,0,0,11,0,0,3,0,0,0,-5,-1,28,-23,0,0,5,4,49,31,0,-4,24,-2,4,20,10,-15,-21,0,-41,1,-7,15,15,10,0,55,27,-1,10,-2,0,-33,26,0,19,0,0,-8,4,-2,0,-25,-33,-50,-1,0,0,-32,0,13,-10,55,1,23,-40,-19,27,-3,6,-10,-45,1,-8,-1,14,0,9,-39,-12,0,16,0,0,-41,3,19,-46,10,-11,6,-8,0,-47,0,-2,-7,-1,-47,28,-28,4,4,-24,6,-37,-11,38,-12,16,4,-8,-17,-13,5,12,0,9,-8,34,40,-7,3,29,0,-1,2,-12,54,1,3,0,-30,56,-44,-1,1,-5,7,-8,58,15,8,34,-19,-5,-13,-7,-5,2,-65,18,-33,-48,1,26,0,-1,28,0,-11,0,-3,3,-13,20,0,3,5,-6,-3,22,70,31,1,-1,-24,-40,23,-11,-33,0,0,-13,-31,1,-1,15,1,58,-28,38,261829,100,100
-29,14,21,-38,8,2,0,2,25,31,-33,11,58,-25,-1,-10,19,17,6,28,11,18,0,-1,0,-9,-22,-39,-33,0,3,-1,0,0,7,5,0,-76,0,0,-49,0,0,9,0,-1,0,-45,15,16,-52,2,-18,-2,2,25,11,0,-24,27,29,12,35,-6,-39,-11,0,-50,4,-9,33,21,3,0,20,31,-1,0,-1,0,-11,35,0,35,0,0,-9,30,0,-71,-21,-58,-65,-29,-13,0,-29,0,-13,-31,63,-2,-87,-58,-11,39,0,-39,9,-13,-2,-3,-2,22,44,1,-10,6,0,-25,3,0,-41,0,-35,-11,-2,10,7,5,0,-13,0,5,-24,0,-8,-17,-31,-3,-8,0,3,-9,-8,12,-38,24,2,3,-36,-7,-8,17,4,13,-11,41,52,-20,0,0,0,0,3,-79,78,-4,0,0,0,77,-57,-5,0,-26,57,-17,54,-1,-3,-17,-58,16,-33,-18,-7,17,-71,22,-35,-29,-3,39,-1,0,-83,0,-27,-19,1,0,-9,29,0,0,0,-26,17,17,60,19,-8,2,-70,3,21,-11,-55,2,0,-12,-29,1,0,16,1,6,-24,43,262045,0,100
-8,27,5,-26,2,3,0,7,24,26,-40,42,31,-32,-1,-43,-6,67,43,-35,45,-6,0,-19,0,-39,-2,-25,3,0,0,-6,0,0,52,6,-1,-56,0,0,-28,0,-3,-3,0,0,0,-52,0,15,55,3,40,-2,0,-14,41,0,0,52,-7,52,29,-23,-42,4,0,-56,0,18,61,3,-16,0,-11,57,1,-4,0,0,-31,60,0,27,0,0,-9,-29,0,-2,-52,-18,-43,-77,-51,1,9,0,-27,-47,17,0,3,-16,-68,69,1,-29,-34,-17,-1,-19,-1,-100,0,7,-9,11,0,-25,0,0,-75,0,-23,-31,21,-7,-2,-2,0,-28,-1,40,-21,-4,8,40,-8,-13,-52,-22,4,-8,-13,-38,-48,-15,-1,-4,-2,-5,-62,-16,0,31,-13,17,80,-49,2,16,0,1,0,-63,13,-56,-1,0,-20,16,-54,-17,1,-11,60,-50,1,-17,10,16,-90,34,-9,-52,-7,4,-52,30,-13,-24,-2,61,0,-4,-2,0,13,-6,0,0,-13,-8,0,0,4,0,0,65,46,-4,0,-3,-1,15,-95,-11,-55,27,0,-14,2,-7,6,32,-1,52,-50,11,262408,0,100
-19,9,57,-73,10,-1,0,43,-9,7,-27,-3,52,7,0,7,25,77,27,32,-58,15,0,12,0,-48,-21,55,-19,0,0,-1,-1,0,44,2,0,-11,0,0,6,0,-1,-10,0,-4,0,-38,-10,11,8,-1,-25,-2,-4,13,-58,0,6,39,8,-4,3,-3,-27,0,0,-20,2,-4,40,57,15,0,10,46,0,3,1,0,-51,44,0,29,0,0,20,23,0,-74,-38,-5,-51,-63,-27,-1,-16,0,-8,-35,49,-1,-24,0,-21,43,1,14,-36,-58,-3,-24,-3,-27,0,7,5,1,0,72,2,0,-2,0,58,-45,-28,16,6,25,0,-40,2,-1,-11,0,-70,-16,-31,-10,-62,-20,8,7,-24,-19,-42,14,-4,8,-58,3,-58,-44,2,8,-20,27,36,0,0,-9,0,-1,0,-16,47,-38,0,0,25,49,-13,-1,0,-20,26,0,-8,-9,0,1,-58,0,-37,5,18,-5,-73,-6,-54,-81,-2,46,1,-3,-25,0,-43,-24,1,0,-22,26,0,-1,5,5,-4,77,37,16,-3,-5,-44,44,-22,-35,-14,16,0,-28,-15,-4,7,12,-3,46,-35,29,262569,0,100
-35,8,23,-56,3,-26,0,36,6,16,-39,-7,45,-24,0,38,-1,37,81,45,22,-6,0,-42,0,-27,-5,15,-37,0,3,2,-1,0,42,-2,-1,-6,0,0,-29,0,3,21,0,0,0,-10,15,38,4,3,3,-3,3,-13,19,0,8,28,15,-7,20,-30,-40,-56,0,-57,4,-58,94,29,-14,0,-17,29,0,-23,0,0,-54,31,0,23,0,0,4,43,0,-39,-61,-55,-11,8,-7,3,-48,0,8,-47,52,0,-54,-52,-12,11,0,-14,-48,-42,1,-9,-2,-57,0,11,-18,1,0,34,2,0,-58,0,10,-51,8,52,28,56,0,-48,2,14,-1,0,-58,19,-13,-6,3,-39,7,-21,-29,60,-2,25,0,1,-33,-5,4,8,2,10,1,39,80,-37,0,-17,0,3,0,10,50,-5,-2,0,-52,54,-46,-17,0,-22,40,-34,16,-5,-19,30,-46,38,-11,36,4,-23,-52,4,-30,-60,0,6,1,-3,-54,0,-58,-10,-1,1,-31,27,0,-1,5,9,-24,40,31,-8,-8,0,-7,33,-57,-49,-50,17,0,-60,-47,2,3,27,2,43,-58,34,263056,0,100
-23,13,3,-21,5,-42,0,15,-13,-4,-60,-24,26,-3,-1,10,12,7,24,64,35,13,0,-55,0,13,-34,-3,-20,0,5,0,0,0,33,0,-1,-25,0,0,-55,2,0,-5,0,0,0,-39,-3,17,-67,3,-7,-4,1,-42,34,0,-14,17,5,-23,-1,-17,-52,-35,0,-34,3,-41,36,10,0,0,-31,-21,1,-43,-2,0,-77,-18,0,22,0,0,0,67,0,-30,-23,-18,-78,-38,-34,3,-37,0,-5,-85,29,0,-37,-17,-35,48,2,-6,-9,-77,-1,-12,-2,-46,61,3,1,3,0,5,2,0,-47,1,2,-15,-16,15,-4,13,0,-12,1,17,-33,0,-35,6,-30,3,-51,-29,5,0,-11,-13,-29,8,2,0,-68,-4,-50,19,3,12,-29,37,38,5,1,-7,0,1,1,-23,10,-45,-1,0,-51,11,-74,-6,0,-14,30,7,43,2,-17,0,-54,0,-22,4,2,0,-26,-14,-70,-17,-1,46,-1,-1,-36,0,-52,-32,-1,0,-11,5,0,-1,-1,-12,1,7,60,8,-9,0,-60,9,-46,-10,-76,-2,0,-52,-34,-1,0,25,0,34,-21,40,263310,0,100
-22,8,10,-10,5,-9,0,12,-6,8,-47,-31,32,26,0,5,34,31,6,-1,16,7,0,-18,0,-60,-22,11,-21,0,2,-2,-2,0,-16,6,-1,-48,0,0,-17,0,-1,-23,0,0,0,-29,-23,24,1,1,-30,-3,1,-21,15,0,-6,12,32,-22,7,0,-36,-6,0,-4,4,-11,-15,10,11,0,0,11,-2,-17,-4,0,-22,10,0,37,0,0,-4,0,-3,-70,-27,-12,-35,-48,-40,2,-47,0,-5,-52,22,0,-36,-12,-31,56,0,29,5,-31,0,-8,-2,70,29,6,0,3,0,24,1,-3,-60,1,17,-21,-4,32,1,41,0,-20,0,-13,-20,-3,-43,45,-17,2,-30,-15,4,2,-27,11,-23,5,2,0,-24,-1,-35,15,3,8,-18,23,29,-3,1,-14,0,0,1,-32,36,-28,-1,0,-15,34,-40,0,0,8,29,-1,-3,8,0,27,-45,-20,-22,2,-5,2,-61,-5,-39,-5,0,55,2,-2,-60,0,-73,-22,0,0,-23,-9,0,-2,1,-7,5,30,0,7,-4,-4,-73,19,69,18,-42,13,0,-54,-50,0,1,15,0,-16,-31,22,264124,0,100
1,9,23,-82,11,-2,0,8,9,50,-36,9,58,-15,0,-46,46,35,10,-38,55,29,0,-63,0,-22,-31,18,-8,0,0,0,-3,0,33,-11,1,-66,0,0,-38,2,-1,-7,0,-2,0,-10,-7,45,-58,0,-9,-2,-3,37,51,0,-9,41,18,25,48,-3,-37,1,0,-39,0,7,27,21,3,0,24,26,0,11,0,0,-47,26,0,33,0,0,25,-47,5,-48,-17,-48,-32,-4,-25,-1,-63,0,-17,-48,44,-1,-90,-45,-10,71,1,-9,-72,-52,-5,-9,-2,32,0,7,-14,-17,0,39,0,-2,-57,0,13,2,7,1,55,13,0,1,1,-20,20,2,-66,-35,-2,-1,-4,-39,6,-14,0,-5,-15,17,2,4,-26,-8,0,51,4,12,21,49,46,-25,0,-8,0,-2,0,-49,42,-57,2,0,-62,49,-82,1,0,0,39,-20,39,3,3,-8,-37,11,-7,-48,23,-14,-50,22,-37,-75,-1,70,0,-3,-97,0,1,-32,0,0,4,8,0,0,3,-10,-15,38,70,23,0,-2,-63,10,43,4,-81,-12,0,5,-64,-4,9,10,0,33,-19,46,264133,0,100
-40,7,35,-49,7,-11,0,8,-1,28,-49,-11,47,28,0,-23,-34,45,20,48,25,-2,0,-28,0,-23,-25,-31,-52,0,-1,-1,-3,0,-28,-5,-1,21,0,0,-13,0,-1,25,0,-2,0,-20,29,22,16,0,-10,-1,-2,14,28,0,-24,21,2,-11,31,2,-37,-20,0,-4,0,-25,63,37,7,0,25,17,-1,-8,0,0,-37,16,0,34,0,0,0,52,0,-19,-40,-12,-16,8,-38,-1,-5,0,1,-47,75,-1,-3,-24,-38,19,0,18,-49,-44,-2,4,-2,62,0,2,-6,-7,0,-9,1,0,-49,0,-28,-9,-12,26,0,33,0,-13,1,-6,8,1,-79,19,-21,-4,-11,-2,2,-6,-10,37,-16,14,4,0,-38,-11,-12,-47,1,12,13,43,60,-3,0,-14,0,0,0,1,4,14,0,0,-20,1,-54,-10,0,8,17,-3,14,0,-13,9,-25,-55,-22,-33,0,-29,-32,14,-38,-44,-1,21,1,-3,-16,0,-30,-25,0,0,-4,25,0,0,2,-22,-24,46,47,-7,-1,-1,-37,3,64,-22,-52,5,0,-41,-9,0,5,14,-1,-32,-38,46,264174,0,100
-25,5,40,-31,11,5,0,0,49,-36,-24,31,31,36,0,33,40,37,30,10,62,-5,0,-3,0,15,0,-48,-18,0,-1,-1,-2,0,21,-1,0,-20,0,0,-27,0,-1,-17,0,-1,0,9,-13,24,-11,0,14,-2,-3,16,62,0,-16,30,6,31,-37,4,-26,7,0,-68,0,9,18,41,7,0,19,3,0,5,1,0,-25,3,0,29,0,0,1,5,1,-5,-28,-37,-6,7,-19,0,22,0,-10,-14,29,0,9,-46,-22,63,-2,35,-39,-35,0,-8,-2,32,75,5,-12,-6,0,41,0,0,-55,0,-45,-44,49,30,18,38,0,-39,0,23,-17,-1,33,-15,-23,-3,27,-26,5,-11,-24,-13,1,13,1,-5,20,-6,26,-18,4,7,-17,-7,-3,-7,0,30,0,1,1,-36,-35,26,0,54,3,-31,-52,1,-1,35,6,-12,36,0,30,-23,-2,-21,-27,39,4,3,-45,52,22,-31,-1,68,1,-2,1,0,15,-1,0,0,-18,12,0,0,4,-19,3,39,58,-4,-6,-1,41,8,27,3,-54,24,0,3,24,-4,4,-15,-1,24,-28,-5,264260,0,100
-48,5,-40,-9,2,-5,0,-26,-25,14,-13,-14,28,-18,-1,47,2,9,13,33,-41,17,0,-16,0,33,-60,-18,-56,0,0,0,0,0,20,15,1,-20,0,0,-11,1,0,-100,0,0,0,-42,-100,3,57,-1,-7,0,0,-21,-30,0,-9,57,12,-10,15,-13,13,-64,0,-41,2,-73,57,-40,-2,0,-2,43,0,-10,-3,0,-54,39,0,17,0,0,12,20,-2,-33,-29,-74,-34,-28,-21,-1,-89,0,-8,-38,30,0,-64,-81,-30,74,1,-8,-11,-56,-1,-10,0,-74,10,5,-1,12,0,-3,-1,-2,-71,3,-21,-2,-7,-42,-24,-43,0,1,1,27,-89,-2,-17,12,-30,-3,-22,30,3,1,-1,-10,-45,-19,1,1,-11,-5,-20,13,0,10,-85,20,43,-54,2,-8,0,0,0,-3,9,-12,0,0,-19,16,-52,-5,0,-26,57,-50,26,-4,-23,26,-75,-8,-34,35,8,-5,-30,-27,-10,-4,0,75,0,-3,-41,0,21,-64,0,1,0,-30,0,0,3,-7,-2,10,38,17,-3,-2,33,-39,-72,-27,-44,8,0,30,-85,-3,3,17,0,18,-29,18,264687,0,100
-23,-2,11,-83,13,6,0,11,24,-18,-100,34,30,-21,-2,22,8,49,50,-15,60,56,0,-39,0,-43,-11,-22,-28,0,-1,-6,-1,0,28,-8,1,-8,0,0,9,-2,0,1,0,-2,0,-24,-1,-16,-19,0,32,0,0,-13,66,0,4,26,9,22,-15,-13,-84,-9,0,-46,1,-12,17,11,4,0,-6,23,0,2,0,0,-68,19,0,41,0,0,-13,-22,-1,-12,-40,-23,20,-52,8,1,-56,0,1,-44,29,-2,-33,-23,0,69,-3,-22,-84,-71,-1,-4,0,19,36,8,-17,-7,0,-72,-1,0,-76,2,-20,-19,38,24,3,36,0,-18,1,33,-13,-3,-34,43,-34,-1,-51,-12,4,-15,-29,-41,-30,-22,0,4,-72,-4,-54,-37,0,0,-13,26,40,-43,1,23,0,-2,0,-9,35,-15,0,0,-26,34,-4,-11,-1,-4,41,-42,9,7,10,39,-52,4,-21,13,-15,-10,-54,22,-56,-80,-1,69,0,-1,-23,0,-62,-13,0,-2,-28,1,0,0,3,3,-8,52,-18,52,0,-7,-26,23,31,7,-3,22,0,-58,-50,-4,3,18,-1,28,-38,26,264836,0,100
-17,-1,17,-41,2,45,0,-17,-2,-19,-32,13,55,-34,1,-65,2,23,13,-46,67,-9,0,-87,0,16,-27,-6,-25,0,-1,-3,-6,0,27,-8,-1,-46,0,0,-36,0,-1,-29,0,-2,0,11,-20,26,-8,-2,-4,1,0,-35,66,0,18,19,6,16,-20,2,-38,-19,0,-47,2,-22,37,17,0,0,-34,3,-3,46,-1,0,-85,1,0,20,0,0,15,-46,-2,-43,-22,-43,-17,5,-24,-1,-23,0,8,-39,58,0,-43,-44,-26,60,-3,-36,-18,-88,2,-17,0,-1,80,5,-10,-9,0,13,0,-2,-47,3,-3,-1,8,27,-4,24,0,5,1,38,-11,0,-81,2,-11,-4,-15,6,3,-7,-22,-4,10,9,5,4,-12,-18,-21,11,0,-1,-10,16,36,-38,2,9,0,2,0,-34,-45,-9,0,0,-85,-43,-66,-1,1,-10,23,-40,0,0,15,5,-31,-33,-14,-57,13,-16,-60,10,-6,-34,-3,58,2,0,-46,0,25,-29,-1,0,-24,12,0,0,4,16,-14,23,4,-11,1,-3,-42,-20,-5,4,-72,2,0,45,-20,-1,3,0,4,24,-22,12,265287,100,100
39,21,-3,-61,5,-16,0,12,-52,1,-76,15,48,-57,1,-1,4,-25,28,8,34,-13,0,-24,0,28,-26,1,45,0,-1,-3,-1,0,17,-9,2,-59,0,0,-15,0,-2,23,0,-4,0,-40,21,72,-60,0,-19,-4,-5,-2,30,0,31,16,5,23,0,5,-77,-22,0,-64,0,-21,57,0,-12,0,14,7,0,-19,-1,0,-58,12,0,51,0,0,12,-5,3,-66,-55,0,-44,-39,-19,-2,-25,0,-19,-26,58,-3,-1,-12,-9,43,5,-43,-34,-86,-6,-19,-3,58,0,4,-8,-20,0,0,-1,-2,-67,-1,-4,6,-1,6,6,11,0,7,1,0,19,-1,-52,-34,-40,-10,-15,-42,6,-7,-13,-10,-40,21,6,-1,-7,-15,-14,6,4,21,29,45,38,3,-1,38,0,-2,-1,-54,-19,-66,0,0,-25,-20,-67,0,-2,28,1,1,-91,-16,45,-20,-10,11,-42,-2,14,9,-70,-42,-12,-55,-4,50,-1,-7,-9,0,-1,-32,1,-2,-13,32,0,0,1,30,6,-24,35,-15,-2,-6,-64,11,56,4,-66,2,0,14,-28,-6,12,25,-2,18,-54,46,265332,100,100
-41,11,14,-39,2,0,0,-18,-8,-51,-62,-3,28,13,-2,10,-1,55,20,-5,35,0,0,-30,0,-10,-13,-58,-38,0,2,-2,-3,0,49,-4,-1,41,0,0,-24,2,0,18,0,0,0,-15,16,4,4,2,-26,-3,0,20,35,0,-13,31,10,-7,-49,-1,-55,-66,0,-62,3,-57,38,11,7,0,18,8,-1,1,-1,0,-30,7,0,18,0,0,0,-14,-1,-34,-52,-47,-45,-24,-47,2,-24,0,6,-70,38,0,-43,-48,-36,52,0,13,-16,-38,0,-14,-5,-14,7,5,-3,-6,0,27,3,-1,-56,2,-61,-58,-2,-1,-1,-9,0,-54,0,13,-38,-3,-51,15,-29,-9,-23,-16,4,-2,-5,-25,-24,-9,2,1,-54,-6,-22,23,2,14,-36,44,26,-55,2,13,0,0,3,37,39,-36,-2,0,-21,39,-41,-3,0,0,25,-58,12,-15,15,14,-38,17,-30,5,0,29,-64,-9,-48,-31,0,52,1,-1,-44,0,-66,-13,0,3,-9,1,0,-1,2,-13,26,52,40,3,-4,-6,-10,-18,-8,0,-43,-1,0,-78,-23,-1,2,24,1,49,-54,39,265578,0,100
21,7,27,-67,3,12,0,-16,-26,-21,-28,8,31,48,3,6,28,50,-19,28,60,0,0,-87,0,15,-22,-13,15,0,2,0,0,0,21,-7,0,-11,0,0,-69,2,2,-16,0,0,0,-35,-17,25,-66,0,-18,2,-1,-54,60,0,-4,20,-17,13,-27,12,-20,6,0,-67,-1,4,24,31,3,0,-49,15,0,9,2,0,-83,15,0,36,0,0,18,30,0,-89,-13,52,-44,-12,18,-3,-9,0,0,-38,58,4,-27,52,27,61,0,49,-20,-80,7,1,1,2,0,3,37,-7,0,66,3,1,-44,2,-14,34,-7,44,-10,46,0,30,0,37,38,2,-86,-26,1,-6,11,8,3,34,2,-32,-32,10,1,2,-19,-7,6,29,1,5,31,44,-17,6,0,13,0,2,-2,-24,-1,-73,0,0,-85,1,-29,8,3,2,18,8,-86,-1,20,-22,-23,-20,0,3,16,-54,-80,-33,-30,-68,1,57,2,0,-25,0,-8,-23,0,2,1,21,0,3,1,-2,-50,50,71,-3,-8,4,-99,-20,9,29,-23,-6,0,5,-8,2,2,5,5,21,-12,42,265716,100,100
-31,7,-5,-39,8,-26,0,67,6,54,-10,-3,16,-7,-2,-8,-23,55,20,38,2,35,0,-34,0,40,-20,-19,-46,0,-1,-1,0,0,-6,16,1,0,0,0,-68,0,0,58,0,1,0,-70,55,-8,19,0,9,1,0,-48,6,0,-20,28,26,-4,49,-5,-14,-50,0,-2,0,-49,6,-11,-1,0,-21,38,0,-34,-2,0,-13,40,0,42,0,0,17,35,-2,9,-51,14,-31,-78,-7,1,-61,0,-5,-32,43,0,-43,14,-20,34,2,7,-28,-21,-1,-18,0,66,24,9,-1,11,0,31,1,0,-65,2,-16,-23,-24,36,30,31,0,-11,0,34,1,-1,19,2,-45,-15,24,3,2,1,-14,-10,-63,-11,0,6,-33,3,14,-30,0,5,-3,35,-7,3,2,-13,0,0,0,2,7,-10,0,0,-32,15,-27,1,-2,-1,41,4,-68,-19,-21,-1,-24,-16,-33,-5,14,5,-36,4,-30,-33,0,29,0,-2,-38,0,-2,-24,0,-2,-17,13,0,2,4,-20,7,52,-42,32,-5,-2,-28,56,73,-3,-33,6,0,0,-62,2,3,-1,0,-8,-49,32,266797,0,100
32,24,-2,-97,-5,-18,0,-10,-33,-7,-60,24,15,-11,-1,-22,9,23,-26,-19,10,38,0,-91,0,-30,-15,-16,24,0,-1,-4,-1,0,-23,-31,1,-100,0,0,-47,-2,-6,3,0,-3,0,-17,-2,20,-52,0,0,-1,1,-4,13,0,0,38,-7,26,0,-19,-74,-10,0,-64,-3,-19,-8,8,-4,0,-7,-12,-2,-19,-1,0,-25,-18,0,65,0,0,-7,3,0,19,-35,-39,-49,-75,-39,1,-44,0,-18,-27,36,0,-10,-37,-46,16,-4,-1,-24,-36,-2,4,-1,43,55,5,-22,-37,0,0,-1,-3,-75,0,-18,9,19,38,3,37,0,10,1,-22,3,-7,-62,8,-38,-7,9,-3,2,-20,-34,-35,-17,1,10,-5,-2,-14,2,6,1,26,0,52,-18,-12,3,10,0,-2,0,-100,31,-38,-1,0,-81,28,-57,-5,-4,-6,10,-9,-34,-12,13,1,-14,-55,-39,-31,-11,-43,-48,-41,-6,-100,-1,20,0,-1,-14,0,-34,-20,0,-1,-38,15,0,0,0,3,-39,25,-19,36,-14,-9,-60,-11,43,-2,-66,-2,0,-34,-46,-5,1,1,0,-24,-32,52,267235,100,100
0,4,39,-75,4,-3,0,32,66,26,-79,17,17,0,-2,7,-12,52,12,8,13,19,0,-44,0,-20,-14,-9,6,0,0,-2,1,0,-25,-2,0,-23,0,0,-39,-1,-2,-7,0,-1,0,-40,-9,63,1,0,0,-1,0,13,19,0,-2,18,2,29,25,-18,-72,-21,0,-75,-1,-7,41,33,-10,0,3,13,-1,-1,0,0,-52,10,0,23,0,0,1,16,-1,-17,-33,-26,-47,-41,3,2,-13,0,-14,-55,44,0,-3,-26,0,58,4,0,-33,-60,0,-22,-1,-1,0,7,-45,-4,0,-3,0,0,-69,0,-9,-31,0,14,11,24,0,-29,1,-7,24,-3,-47,3,-50,-4,-52,-28,3,-41,-3,56,-45,36,0,4,-54,-2,-52,-49,3,4,25,32,30,-48,1,14,0,-1,0,-27,10,-47,-2,0,-27,15,-30,-9,-2,8,5,-45,15,-9,21,8,-18,-3,-54,5,-1,4,-63,57,-60,-83,-1,55,0,-2,7,0,-8,-13,-1,0,-2,29,0,2,4,-2,3,50,20,20,-4,-8,-44,26,1,0,-22,6,0,-11,-10,-3,3,7,-1,-23,-36,33,267341,100,100
27,-1,27,-46,2,-11,0,19,-10,22,-74,0,20,-50,0,-23,42,33,-18,13,28,2,0,-60,0,-23,-28,-2,24,0,0,-3,0,0,17,11,0,-43,0,0,-60,0,-1,-3,0,-1,0,5,0,11,-15,3,-11,-4,2,14,27,0,-10,16,15,-1,19,-1,-63,-21,0,-26,3,-23,38,32,13,0,23,0,-2,-16,-2,0,-43,0,0,25,0,0,13,9,-1,-38,-35,-8,-31,-52,-31,1,-35,0,-5,-35,42,-1,-9,-19,-14,51,3,-54,-52,-48,-1,-11,-2,68,0,5,-7,11,0,58,0,0,-36,1,0,2,-31,17,-9,25,0,2,0,10,-11,-2,-22,6,-28,4,-46,9,6,-4,-31,28,14,11,0,0,14,-4,-45,9,1,-2,-12,34,3,5,2,-10,0,-1,0,-56,51,-30,0,0,-57,46,-7,-1,0,-15,39,7,-1,6,11,8,-35,18,-32,-21,10,-23,-69,-9,9,-47,0,50,0,0,-22,0,-43,-28,0,0,-31,28,0,-2,0,-10,-18,31,42,3,-6,-6,-37,29,69,-17,-3,0,0,-42,-39,-3,0,30,1,18,-35,35,268632,0,100
-4,-47,40,-68,7,7,0,33,8,39,-67,1,-8,-4,0,29,41,-6,77,12,-2,17,0,-39,0,6,-35,14,4,0,0,0,-1,0,38,4,0,-100,0,0,38,0,-1,-30,0,1,0,-17,-29,34,49,0,40,0,-1,24,3,0,-26,58,-4,-12,26,-2,-54,50,0,-8,1,45,73,48,-14,0,44,39,0,0,0,0,-49,43,0,-22,0,0,33,11,0,-19,4,-16,-38,-3,7,0,-42,0,-22,-63,17,0,-35,-15,0,35,-3,1,-38,-53,1,-2,0,-53,0,7,-29,3,0,-24,0,0,-62,1,19,-39,14,41,42,50,0,-35,0,-7,11,0,-37,25,-11,-9,26,0,4,-29,-45,-20,-13,6,-7,3,-23,13,31,-26,1,-51,6,31,37,16,1,-10,0,1,2,-86,34,8,0,0,-43,36,-5,-12,0,-18,32,14,-20,-13,-12,16,-17,59,-8,27,36,-57,-14,-8,-27,-63,0,39,0,-7,-48,0,-22,-38,0,0,-43,-23,0,0,2,-28,-56,-7,-60,23,5,0,3,41,-54,1,-7,21,0,0,-43,0,6,30,0,39,3,28,268731,0,100
-29,10,37,-18,5,-5,0,24,39,-10,-44,14,25,-35,1,-36,26,0,24,6,87,18,0,-42,0,58,-28,-16,-27,0,0,-1,-4,0,9,-4,1,-68,0,0,-12,-2,-1,-7,0,-4,0,0,-8,-22,-19,-2,-22,-2,-5,56,85,0,-28,29,6,17,-14,-1,-31,6,0,-55,-3,9,16,35,-1,0,45,13,-1,-3,-2,0,-5,16,0,45,0,0,5,0,1,13,-4,-4,0,-46,-37,-2,-84,0,-18,-9,25,-4,28,2,-36,72,-6,-43,-1,-15,-5,-7,-2,-8,46,0,-34,-10,0,63,-2,0,-41,0,-13,-1,0,39,1,37,0,5,2,-13,-14,0,-65,-8,-23,-10,-45,3,2,-33,-3,-25,-1,-36,-4,9,-24,8,-36,-14,4,8,-8,32,1,-2,-2,-38,0,-4,2,-81,-13,16,1,41,-52,-5,-7,1,0,0,21,-3,20,-13,-47,1,-45,-33,-18,-36,9,5,-11,28,-20,-17,-4,76,-1,-5,58,0,39,-21,1,-2,-4,-31,0,-1,1,-28,2,-1,72,18,4,-5,-21,21,-13,22,-2,10,0,41,-81,-4,9,12,-4,9,-4,31,268942,100,100
-10,2,-21,-18,4,66,0,-11,0,5,-32,13,15,6,0,-69,60,0,21,-17,48,14,0,11,0,-40,-18,-36,-12,0,-1,-4,-1,0,18,-22,1,7,0,0,-7,0,-1,39,0,-3,0,-5,33,8,-38,0,-4,-1,0,-17,46,0,-1,47,-5,18,9,-7,-9,-5,0,-2,1,-7,29,-20,2,0,-12,0,0,58,0,0,-21,-3,0,36,0,0,-3,-27,0,5,-18,15,-45,-89,15,1,21,0,-4,-32,22,2,10,7,20,22,7,10,0,-28,-1,-3,-2,-74,0,10,-55,-24,0,35,0,0,-63,1,-36,-3,-48,42,-42,36,0,-5,1,36,26,-2,-9,23,-10,1,-17,-46,7,-57,-31,-27,-3,-2,1,8,29,9,-7,-42,0,4,33,32,100,-34,0,5,0,0,2,15,-90,-35,-3,0,19,-95,-9,-5,-3,-22,17,-28,-11,1,-9,21,-38,9,-11,-77,-11,16,-77,0,19,-31,0,21,1,-1,-2,0,-66,-17,0,0,-34,15,0,0,7,2,16,0,8,14,-2,-8,-96,-19,-68,2,-3,17,0,-57,17,-5,3,7,-2,20,-20,35,269218,100,100
-76,12,17,-75,8,-12,0,-46,-9,-48,-40,-16,34,28,1,-33,12,60,27,9,20,1,0,-58,0,-3,-41,-50,-67,0,1,-2,-5,0,38,7,0,92,0,0,-2,0,2,20,0,-1,0,7,18,10,-39,1,-5,-4,1,-1,23,0,-18,30,4,-14,-51,-24,-42,-57,0,-47,4,-45,54,13,-6,0,13,65,0,-19,-2,0,-79,66,0,20,0,0,19,7,-1,-68,-90,-44,-60,-75,-51,2,-37,0,4,-88,41,-2,-11,-58,-44,52,-5,12,-37,-87,0,-5,-5,-30,0,5,19,7,0,32,0,0,-68,1,-47,-52,-51,28,29,23,0,-44,-2,13,-32,-3,-64,22,-21,-14,-15,6,3,21,-27,14,3,1,3,2,-42,-6,-17,0,3,7,-35,54,54,-55,3,19,0,0,0,41,75,-38,0,0,-58,80,-69,-10,0,-19,49,-57,-14,-15,23,26,-79,26,-16,-34,20,-3,-51,-18,-46,-64,0,49,0,-3,-13,0,-92,-37,0,-1,-30,7,0,-1,0,-19,-8,58,89,-1,-1,-7,-92,-42,-21,1,-72,4,0,-100,-37,-1,3,32,1,41,-90,52,269641,0,100
-46,-4,7,-11,3,-21,0,16,-4,9,-79,-34,55,0,0,56,-52,37,31,21,-4,-28,0,-44,0,26,-23,-19,-44,0,3,0,-1,0,35,-12,-3,23,0,0,-8,0,0,-52,0,-1,0,4,-51,-6,-7,3,-16,-3,0,-43,-3,0,-18,27,10,-40,8,-11,-66,-63,0,-27,3,-62,23,10,10,0,-46,22,0,-22,-2,0,-50,26,0,37,0,0,16,17,-2,-35,-54,-45,-28,-31,-54,2,-39,0,0,-41,57,0,-42,-48,-51,27,0,-8,-21,-57,-1,7,-5,7,46,2,13,-13,0,77,1,0,-61,3,-19,4,0,0,-26,-6,0,6,1,21,-48,0,-47,-2,-1,3,0,-17,2,13,-5,-37,8,-8,5,2,14,-7,3,-3,1,-7,-47,37,42,-37,3,-45,0,0,1,12,20,-36,-1,0,-44,22,-60,-10,0,-18,30,-36,-1,9,-51,-6,-30,-1,-3,56,18,-15,-74,-8,23,-7,0,25,2,-1,-40,0,-91,-19,1,3,-9,2,0,-3,1,-21,-14,35,7,-22,-10,0,-42,17,11,-27,-60,18,0,-84,-35,0,-1,18,-1,36,-54,39,269962,0,100
1,12,37,-58,5,-25,0,12,-5,51,-67,24,69,-17,1,58,16,22,20,83,22,26,0,-7,0,-32,-28,-28,5,0,2,1,0,0,28,-11,3,-12,0,0,-65,1,0,31,0,1,0,-26,33,22,-45,2,-24,-1,-3,57,22,0,-42,27,7,13,51,0,-57,-14,0,-38,0,-20,68,45,3,0,52,31,0,-18,3,0,1,35,0,39,0,0,32,72,5,-1,-26,-16,-62,29,-4,-2,-43,0,-11,-75,66,0,-16,-28,-1,40,3,-24,-36,9,0,-7,-3,55,14,3,-8,-6,0,39,2,0,-54,1,-22,0,33,49,21,54,0,12,2,60,-50,4,-17,26,-20,2,0,15,2,-13,0,23,-24,32,3,9,-60,-12,5,10,5,14,-43,45,66,-27,0,4,0,2,0,-29,72,-9,-1,0,-5,75,-47,-12,2,-12,56,-27,18,13,0,32,-19,-10,-18,60,34,-14,-34,-7,-46,-54,0,41,1,-4,-8,0,-7,-28,1,2,1,50,0,0,1,-40,-14,24,31,29,-3,2,-31,22,64,-39,-43,1,0,-2,-38,0,7,3,0,29,-25,44,270219,0,100
-43,4,26,-5,1,-14,0,-13,-4,-58,-22,4,58,8,1,21,-15,43,43,-7,32,6,0,-55,0,-32,-3,-8,-38,0,-1,-1,0,0,27,-24,0,43,0,0,-47,1,0,-1,0,0,0,9,-2,7,15,0,13,-4,-2,-27,32,0,0,31,14,5,-63,10,-15,-29,0,0,1,-27,56,30,-17,0,-40,-6,0,-4,1,0,-51,0,0,5,0,0,-5,-11,4,-72,-38,-9,-13,-26,-75,-2,-45,0,5,-35,58,0,-36,-6,-63,16,-3,5,7,-41,-2,0,-3,84,33,3,-4,-24,0,23,2,0,-49,-1,-8,1,-32,-33,-3,-25,0,9,1,4,-60,0,-44,-3,-31,4,-44,1,1,-7,-22,-21,13,0,-6,6,-24,0,-30,-6,2,1,-54,25,27,-27,0,-43,0,-1,0,18,18,-39,-2,0,-60,31,-14,-9,0,-8,25,-30,77,11,-42,5,-35,-19,-34,21,1,-39,-31,-14,-14,-15,0,16,3,-6,-17,0,-35,-4,1,0,-15,22,0,-2,3,-1,-40,43,30,7,-8,0,-61,-24,83,-25,-15,-7,0,-37,-38,-3,10,4,-3,28,-37,30,270335,0,100
-16,11,23,-58,6,-6,0,-6,9,-2,-52,28,32,-9,0,-16,8,44,33,3,86,-11,0,-35,0,-4,-22,-10,-16,0,3,2,-1,0,19,-15,2,-25,0,0,-12,1,0,64,0,0,0,2,62,21,-13,0,-17,-3,-3,-10,88,0,-8,28,0,27,6,-5,-33,-32,0,-1,1,-22,22,18,3,0,1,21,1,-16,2,0,-26,17,0,36,0,0,22,-12,3,-4,-30,10,-18,-1,22,-2,-45,0,2,-26,44,1,28,17,24,66,0,-5,5,-34,-1,-4,-1,-13,0,5,-21,-18,0,66,3,0,-73,0,-1,0,35,29,0,33,0,-1,4,40,22,4,-15,21,-17,12,-1,-24,4,-20,-12,-10,-8,6,3,-5,-2,-15,2,43,3,12,19,41,34,-13,0,28,0,0,-1,-37,32,13,-1,0,-20,28,-74,-6,0,0,38,-13,12,31,22,20,-47,11,-20,-16,19,-17,-44,9,0,-70,-1,69,3,-5,15,0,-55,-24,0,0,-15,10,0,-2,4,-9,-16,44,99,-11,-3,0,-74,2,-11,-34,-71,13,0,-50,-48,-2,10,9,1,23,-27,42,270373,0,100
-39,0,-5,-52,8,0,0,-11,-43,-17,-58,4,52,-12,0,-24,-7,17,27,46,41,6,0,-70,0,-58,-37,3,-36,0,-1,-2,-3,0,-4,-22,0,-15,0,0,-81,0,-4,27,0,-1,0,8,31,-4,3,-3,-23,-1,0,-7,42,0,30,22,3,-1,-18,-16,-27,-44,0,-36,1,-23,45,-17,0,0,-11,26,-3,-9,0,0,-51,22,0,61,0,0,4,34,0,-50,-40,-30,-31,-43,-15,0,-77,0,3,-12,37,0,-58,-23,-16,-14,0,-19,-2,-75,-2,-11,-1,2,0,10,-41,-22,0,0,-3,-1,-67,1,15,-5,0,28,-33,34,0,-7,1,5,23,-2,-86,7,-20,0,19,-30,7,-40,-15,-18,1,-17,0,-1,33,-3,17,44,2,-2,30,38,-2,-51,0,13,0,-3,2,-33,-3,-46,-1,0,-47,-5,-97,-8,-2,-13,24,-47,-23,5,12,12,-15,-71,-21,-20,-2,7,-43,-39,37,-45,-2,-22,-1,0,-65,0,14,-31,0,-1,-12,0,0,0,7,30,1,14,58,11,-8,-4,-95,-2,11,-15,-77,3,0,16,-78,-1,2,16,0,-6,-43,35,271347,100,100
-43,-3,23,-73,1,-4,0,-17,-4,-4,-30,-7,52,5,0,-15,-6,28,28,-7,69,16,0,-25,0,-25,-19,-29,-39,0,4,0,-1,0,30,-18,0,26,0,0,-39,0,0,12,0,1,0,26,6,9,14,2,-12,-5,2,-64,62,0,-1,19,21,-13,-2,0,-26,-52,0,-40,2,-46,60,23,-2,0,-54,-1,0,-6,-2,0,-49,2,0,29,0,0,1,-19,-1,-47,-52,-29,17,-28,-36,3,-38,0,12,-52,58,-1,-37,-46,-36,21,0,11,-41,-37,0,-4,-4,3,39,4,0,-12,0,24,3,1,-49,0,-32,-20,11,35,0,33,0,-9,2,-17,-28,-3,-44,11,-43,-5,13,-9,4,-2,-56,30,28,5,4,3,-39,-12,16,-5,2,-1,-22,40,50,-4,1,-3,0,0,0,22,66,-17,-1,0,-29,68,-43,-3,0,-15,35,-5,6,-2,-8,8,-29,23,-43,-17,2,-8,-23,-2,-33,-82,0,20,1,-2,-44,0,-56,-20,0,0,-57,14,0,1,2,-2,-12,27,62,20,-3,-3,45,-14,7,-19,-55,10,0,-56,-33,0,1,31,0,32,-54,39,271459,0,100
-15,-8,-20,3,5,47,0,-14,5,-54,-29,14,-10,-25,0,-54,-26,39,18,-51,63,-51,0,-63,0,39,-3,-29,-10,0,0,-1,0,0,-6,-13,1,54,0,0,-48,1,-2,33,0,-3,0,-35,32,-2,0,-1,1,-4,-5,21,66,0,5,22,-29,18,-53,-25,-30,-53,0,57,0,-49,40,-19,7,0,17,-18,0,41,0,0,20,-20,0,68,0,0,10,-52,2,2,-20,24,-44,-37,-9,-2,27,0,-3,-40,13,-1,39,39,-10,29,5,-38,-39,32,-6,3,-1,-55,0,2,-14,-13,0,-17,0,0,0,2,-21,15,31,-23,-26,-22,0,13,0,-13,-12,0,41,41,-21,8,22,9,5,-13,-30,-17,-38,-11,-1,-4,33,-9,35,70,4,-10,-8,12,64,-24,-1,18,0,-1,-1,17,-36,-16,0,0,-74,-34,-1,-10,0,5,25,-25,-11,18,4,50,-24,-28,-16,-51,11,9,-18,0,24,-7,-3,32,0,-4,36,0,-56,0,2,0,-35,2,0,-3,2,4,11,39,97,-54,-15,-6,-51,-11,-52,-6,0,13,0,-47,29,-6,9,16,-2,-6,-18,14,271940,0,100
8,7,25,-71,5,10,0,-46,-25,9,-43,34,33,0,0,-22,-2,58,15,1,-52,35,0,-85,0,-9,-15,14,11,0,0,-2,1,0,0,-10,1,24,0,0,3,0,0,7,0,-1,0,-19,7,-17,24,0,16,2,3,-51,-52,0,4,11,-6,41,6,-9,-31,-21,0,-38,0,-30,5,25,10,0,-40,39,-1,1,1,0,-18,42,0,26,0,0,18,4,-1,-7,-68,-3,-54,-85,-21,1,-14,0,5,-71,27,0,-58,0,-28,47,-3,-5,0,-23,0,6,0,-33,22,6,19,-9,0,-30,0,0,-40,0,17,-18,1,20,-42,19,0,-19,0,23,16,-3,-27,6,-40,-7,-54,2,2,20,-6,-75,-12,-16,5,-2,-49,-5,-55,-28,0,6,11,13,13,-51,3,-3,0,-1,0,12,-46,-34,0,0,-80,-49,-34,1,-3,-15,15,-51,60,-5,-10,-3,-52,-18,-47,-37,16,-22,-39,-27,-50,-66,1,41,1,1,-41,0,-62,-14,0,0,-9,-2,0,2,1,5,-21,58,33,39,1,-5,-7,-33,-28,9,-29,7,0,-52,-14,0,0,23,0,0,-68,11,272014,100,100
-2,-4,10,-69,11,43,0,-16,-13,-35,-39,38,24,7,-1,-46,20,23,25,-4,68,29,0,-62,0,-26,-21,-7,-3,0,0,-2,-6,0,27,-13,0,-40,0,0,-41,1,-1,-18,0,0,0,-16,-16,-19,24,0,46,0,0,74,69,0,11,27,1,46,-33,-31,-50,-18,0,-52,0,-8,27,1,9,0,79,29,0,45,-1,0,-81,25,0,-11,0,0,36,0,0,-25,-17,-15,-54,-20,-19,-2,-14,0,12,-85,16,-1,-64,-16,-36,57,-6,11,-57,-82,-2,-24,0,-100,0,5,-15,-15,0,16,0,0,-51,1,-9,-34,11,-26,-6,-14,0,-30,0,38,-18,0,-23,46,-17,-5,-7,-24,5,-14,-21,-6,-20,-23,4,-4,-22,-13,-8,-13,0,-4,-20,46,-6,-45,1,3,0,0,0,-30,-26,-7,0,0,-81,-23,-62,-20,0,-35,4,-41,-6,0,0,41,-24,1,-16,-42,29,-29,0,2,-24,-67,-2,54,-1,-2,-68,0,23,-23,0,0,-16,-13,0,0,3,13,-25,22,-8,27,-4,-2,-33,-13,-90,6,-64,-2,0,19,-16,-3,1,15,-1,28,-18,46,272561,100,100
-11,35,1,-57,8,8,0,34,-8,46,-41,-6,27,18,0,3,19,61,10,43,22,22,0,-51,0,-54,-23,12,-11,0,-1,0,-1,0,19,-2,1,-41,0,0,-47,0,-1,8,0,0,0,-12,8,17,-4,0,-7,0,-1,52,24,0,21,20,10,-4,45,-12,-33,-34,0,-21,2,-28,18,0,-6,0,50,51,0,7,0,0,-64,55,0,48,0,0,-5,22,1,-45,-64,-52,-20,-46,5,-1,-6,0,-14,-31,56,-1,-23,-48,3,61,6,27,-17,-57,-1,-7,-2,31,57,5,-7,-2,0,4,0,0,-65,0,16,-34,13,40,-15,35,0,-28,2,-15,-3,0,-77,5,-23,1,-9,-26,3,-9,-48,7,-16,8,2,0,-52,-4,-7,8,0,35,-6,33,-9,-43,2,-4,0,-1,2,-47,1,-7,-1,0,-47,0,-72,-4,-1,-4,10,-45,40,11,-15,4,-9,-8,-23,13,0,-12,-66,0,-49,-67,-1,62,0,-2,-38,0,-26,-27,1,0,-49,20,0,0,3,19,-15,62,41,26,1,-2,-26,39,44,-4,-70,9,0,-36,-5,-2,6,20,0,24,-65,33,272862,0,100
-41,-27,36,-43,14,50,0,-54,-6,-38,-18,43,42,-7,1,-65,43,22,0,-8,55,22,0,-75,0,-5,-21,-21,-43,0,0,-2,0,0,57,-20,0,-51,0,0,-39,0,-1,13,0,0,0,-22,14,-4,-14,-1,-34,0,-1,49,47,0,-11,10,-4,38,-40,4,11,-3,0,-49,2,-10,-23,36,35,0,47,7,-2,48,-1,0,-37,1,0,17,0,0,24,-9,-3,-16,-19,-23,-47,18,17,-1,28,0,23,-58,58,0,-6,-19,21,68,1,0,-16,-47,2,-13,0,-54,0,7,0,-22,0,-17,1,0,-68,3,-22,-39,17,4,-38,7,0,-37,1,34,-2,-1,-71,11,-8,-3,-22,-29,4,-3,-14,5,-11,2,3,7,3,-6,-16,-3,0,-22,0,47,55,-45,2,14,0,2,0,-48,-25,-23,-1,0,-70,-28,-24,1,2,-30,17,-44,-9,2,6,5,-7,7,-12,-62,14,-15,-18,3,0,-47,-2,61,2,1,-10,0,-15,-25,0,1,-14,19,0,2,4,-8,-14,24,71,22,-1,-3,-36,-51,-57,-14,-18,0,0,-4,25,-1,0,7,3,58,-18,45,273382,100,100
-6,4,13,22,2,0,0,26,-2,7,-27,-15,48,-29,1,-12,17,40,22,3,20,0,0,-4,0,-6,-16,21,-7,0,0,0,1,0,86,-20,0,-9,0,0,-11,0,0,-1,0,0,0,-52,5,-6,14,-3,-8,2,0,18,15,0,-13,26,19,-17,3,-6,-17,-32,0,-7,2,-26,55,18,12,0,22,26,-2,0,0,0,12,24,0,30,0,0,-6,0,0,35,-17,16,-43,-17,-2,0,-58,0,-3,-21,41,0,-57,19,24,40,-1,-31,16,12,5,-4,2,47,0,16,-35,-21,0,54,1,0,-18,2,22,0,26,25,-7,19,0,-6,2,36,-29,0,-17,34,-22,-3,-8,-23,10,-39,-35,8,-51,-19,5,-4,-14,-11,-8,-18,0,9,-23,-8,94,-37,2,29,0,2,0,-8,35,13,-1,0,0,30,-4,-8,3,-12,51,-38,5,4,50,19,-31,27,-33,-9,-10,15,-38,4,-21,27,-1,43,2,1,-52,0,-55,-16,0,0,-40,-25,0,1,8,-12,7,43,23,5,-4,1,-39,23,44,1,-3,15,0,-44,-62,0,2,6,4,90,-17,-9,273906,0,100
22,11,-12,-35,4,-3,0,11,-8,15,-46,-16,50,-30,-2,27,16,7,7,-20,13,-16,0,-52,0,-4,-39,-33,23,0,2,1,-2,0,16,-1,0,-69,0,0,-31,2,0,17,0,1,0,-22,19,23,0,4,-15,-2,1,42,15,0,-24,-29,21,-13,20,-2,-27,-26,0,-88,5,-36,51,-2,6,0,27,-1,0,1,0,0,-21,1,0,10,0,0,-3,-30,0,-67,-22,-5,-78,-5,-62,2,-35,0,-19,-61,62,-1,-79,-23,-42,-4,0,-35,-21,-31,0,-2,-2,67,0,5,4,-4,0,1,1,-1,-32,0,-39,20,-23,28,3,19,0,28,0,19,-42,3,-22,-29,-23,3,-33,8,4,4,14,23,-13,11,4,4,-21,-12,-31,-16,2,13,-34,45,74,16,0,-32,0,1,2,-71,40,-77,1,0,-44,40,-77,1,2,-10,46,17,-7,12,-18,-17,-39,63,-29,30,-3,-12,-43,-16,-19,-34,-1,-2,0,0,-71,0,35,-40,1,1,9,0,0,0,2,-23,-11,8,76,-10,-4,2,-26,6,69,-13,-73,-6,0,32,-37,3,1,17,2,18,-19,47,274038,0,100
8,3,29,-2,21,27,0,-19,10,-22,-50,26,46,40,0,-14,-12,-16,18,-9,37,-9,0,-54,0,31,26,1,6,0,3,0,-1,0,19,0,0,18,0,0,-21,2,2,53,0,0,0,2,57,9,31,2,6,-3,-3,26,38,0,14,14,-2,24,-29,17,-42,-3,0,55,1,-8,17,25,13,0,38,23,1,22,3,0,-22,26,0,33,0,0,51,-12,4,-8,5,17,-11,77,6,-1,-22,0,1,-34,37,1,7,10,-5,74,-4,40,-13,-33,0,-2,0,39,0,4,-2,-3,0,25,3,1,-31,-1,4,10,-2,-10,-1,-7,0,9,3,37,31,2,16,23,-5,2,-24,0,3,-2,-5,6,10,6,-1,2,-31,2,-26,-4,2,0,32,-4,51,21,0,-7,0,1,-1,8,-6,-2,0,11,-47,-8,3,1,1,24,3,21,-49,10,-18,19,-20,-8,0,-20,51,8,-43,5,-40,-6,0,71,3,-5,0,0,-69,26,0,0,-4,10,0,-1,4,12,11,-18,17,-11,6,0,-49,-22,37,6,4,3,0,-68,-26,0,8,-25,0,15,7,-3,274389,0,100
-33,9,17,-70,5,-1,0,16,4,11,-84,7,-11,-25,0,42,-22,-46,44,0,-62,55,0,-80,0,-41,49,-2,-50,0,-2,-5,3,0,28,8,0,-55,0,0,29,-1,0,0,0,-3,0,-84,-2,7,-15,1,0,0,-1,58,-61,0,-15,48,-13,4,16,-31,-62,12,0,-20,0,-6,52,25,-1,0,48,12,0,5,-2,0,-46,10,0,26,0,0,-82,6,-2,-58,-25,-46,9,-54,-13,1,-31,0,2,-91,14,-2,-79,-42,-36,97,2,-1,-47,-51,-3,-14,1,-62,0,6,12,8,0,-52,-2,-1,-67,0,-9,-89,26,42,0,40,0,-97,0,-28,1,-4,-43,22,8,4,-39,-50,4,12,-33,18,-74,5,-2,6,-79,6,-50,-25,0,11,10,8,44,-71,2,-52,0,0,0,-6,81,-77,1,0,-72,79,-87,-21,0,-35,20,-67,8,21,-61,25,-39,-14,17,44,-87,21,5,-11,-76,-73,0,97,-2,-4,-73,0,-44,43,1,0,-30,20,0,0,1,-14,24,-44,-19,49,0,-10,-42,2,-71,-37,-75,12,0,-29,-33,-6,4,-16,0,27,-19,5,275302,0,100
-34,15,35,-63,4,-1,0,-25,38,25,-48,1,12,-20,0,-6,12,66,34,34,23,19,0,-13,0,-4,-24,-7,-42,0,-2,-6,0,0,40,-1,1,45,0,0,-5,0,-1,11,0,-2,0,-17,12,30,-15,0,9,-2,-2,-12,24,0,2,32,4,2,25,-16,-52,-40,0,-41,1,-37,62,36,0,0,-15,38,0,0,0,0,-17,38,0,23,0,0,5,26,3,-57,-58,-2,-40,-4,0,0,-64,0,18,-18,32,-3,3,-10,-2,52,3,-21,-24,-26,-3,-21,-2,-37,0,5,-21,-4,0,69,0,-2,-55,2,-7,-25,-32,52,9,45,0,-23,2,-28,25,-3,-37,-3,-28,-10,-6,4,2,-20,-21,35,-21,9,0,4,-39,-5,-15,-24,3,17,23,38,40,-50,0,-11,0,0,0,42,58,-47,0,0,-18,67,-52,-11,-1,-10,33,-49,100,-11,-14,6,-38,1,-25,-12,4,-2,-36,29,-39,-58,-2,57,0,-4,10,0,-64,-25,2,0,-21,20,0,-1,3,3,0,66,78,16,-2,-9,-55,-25,-35,-14,-49,11,0,-62,-63,-7,7,29,-2,42,-60,36,275333,0,100
-8,1,29,32,4,34,0,0,47,4,39,19,52,-13,-1,-57,-12,21,17,-34,71,-50,0,-55,0,-44,-15,-29,-16,0,0,0,0,0,48,-25,0,-21,0,0,-43,0,-1,-1,0,0,0,-27,5,19,2,-1,-8,-1,0,42,71,0,-13,8,-5,26,6,-5,45,-20,0,-18,0,-39,-9,35,7,0,50,17,-1,34,0,0,-34,23,0,18,0,0,28,-34,0,-20,-26,-36,-35,-3,-8,0,-47,0,-2,-34,54,1,-6,-34,-1,25,0,-10,-37,-42,0,-3,-2,48,75,8,-14,-26,0,69,0,-1,-67,1,-25,-14,2,-6,-1,-7,0,-19,0,11,10,-2,-51,58,-23,0,5,-7,3,-10,-9,-64,-11,5,0,4,14,2,2,75,1,5,17,17,43,-24,1,14,0,0,0,0,-23,-23,0,0,-57,-23,-21,-3,0,10,14,-23,39,4,18,56,-15,-17,-21,-60,30,-25,-23,52,8,42,0,27,0,-1,-2,0,26,-17,0,0,-8,0,0,0,8,-12,-24,23,19,-52,0,-1,-100,-5,43,3,-23,-4,0,40,-41,-1,2,9,1,45,-26,18,275927,100,100
48,-5,52,-51,9,15,0,52,-3,43,-69,22,73,-46,0,-3,24,-8,22,-15,51,43,0,11,0,-2,-34,47,49,0,3,2,0,0,85,-14,1,-74,0,0,-6,2,3,-50,0,3,0,7,-48,11,26,2,-11,0,1,51,51,0,5,35,23,13,44,8,-63,75,0,-33,3,76,26,46,-10,0,49,51,2,16,1,0,-47,56,0,22,0,0,43,-22,0,-14,-2,-46,0,0,-16,1,-30,0,-24,-31,92,2,-34,-42,-15,47,1,-39,-13,-36,3,-15,4,43,0,6,-1,-12,0,-37,3,1,-62,1,50,29,8,39,50,40,0,25,0,-19,3,3,-64,-17,17,5,35,3,5,1,-27,-46,5,1,-4,5,-18,5,32,-17,1,-9,3,2,84,6,0,13,0,2,2,-71,8,-4,-1,0,7,9,-60,-2,2,1,64,1,-45,14,16,-19,-62,49,11,9,50,-15,-40,-1,-9,-54,1,46,2,-2,-41,0,-23,-33,0,3,-23,-1,0,0,6,1,-15,-9,22,47,4,7,-23,52,43,21,-52,16,0,-21,-27,3,6,0,0,82,-5,6,276467,0,100
-21,8,48,-41,2,13,0,27,14,46,-52,-4,-14,34,0,-35,-7,41,37,23,5,24,0,-50,0,21,55,0,-25,0,0,-1,1,0,-2,45,2,-49,0,0,-24,-1,1,-16,0,-1,0,-48,-14,-16,33,0,73,0,0,43,0,0,-43,31,5,-14,52,-29,-46,32,0,-51,1,30,46,47,3,0,34,72,1,12,-1,0,-78,64,0,47,0,0,26,29,-2,9,-26,-30,3,36,0,0,4,0,4,-45,13,-2,24,-28,-21,97,4,32,-23,-64,0,-18,0,-72,51,5,-65,46,0,-3,0,0,-83,2,-3,-40,0,9,-28,3,0,-50,0,23,5,-1,16,17,-17,-10,-5,0,2,-71,-19,-42,-56,-2,-3,1,-32,-2,-18,-58,3,7,4,7,38,-63,1,11,0,0,1,-52,-9,-26,1,0,-50,-9,-56,-21,0,-30,20,-62,54,-13,-1,20,-56,-64,-11,-31,20,-18,-13,28,-35,-51,0,96,0,-2,27,0,40,55,0,-1,-24,16,0,1,1,-40,-20,43,72,22,-1,-2,-8,19,-72,-11,-51,55,0,46,5,-3,2,-5,2,-8,-23,8,277949,0,100
-19,10,26,-55,3,22,0,-37,-29,4,-100,9,30,-19,-1,32,-24,58,30,0,30,-1,0,-19,0,-63,-21,-5,-14,0,0,-2,1,0,44,5,2,39,0,0,-17,0,0,-8,0,1,0,-19,-11,-10,12,0,6,0,1,57,31,0,-4,28,1,15,5,-18,-94,-58,0,-29,4,-60,49,32,-10,0,49,10,0,24,0,0,-79,12,0,7,0,0,4,-7,0,-11,-52,-14,-48,-58,-32,0,-78,0,1,-63,27,0,-28,-21,-20,51,1,-6,-80,-80,0,-3,-2,-8,0,8,-6,6,0,-88,1,0,-49,0,-10,-38,-25,3,1,-9,0,-29,1,0,12,-4,-35,62,-5,5,-16,-6,8,-8,-34,2,-19,3,2,3,-38,-3,-9,-12,1,10,14,29,78,-56,0,-34,0,0,1,71,7,-31,0,0,-13,6,-13,-9,0,-20,20,-57,-2,14,-37,61,-42,19,-7,28,7,11,-50,-36,-39,-51,-2,54,0,-2,-13,0,-82,-25,0,0,-38,-6,0,-1,2,-5,12,58,75,-2,0,-7,-29,-43,-11,-14,-15,4,0,-68,-77,-4,4,26,1,45,-54,29,277954,0,100
2,8,23,-5,0,0,0,9,-15,4,-1,6,63,18,2,-52,15,49,17,43,16,-16,0,-62,0,-61,23,-19,0,0,0,-2,0,0,64,-20,0,-41,0,0,4,-1,-1,27,0,-2,0,-37,26,-15,2,0,33,0,0,40,25,0,25,31,8,9,18,0,-13,-27,0,-7,2,-30,50,36,-36,0,39,36,-2,0,0,0,6,41,0,14,0,0,-25,45,-1,-5,-28,18,-15,-69,-6,-2,-61,0,-8,0,61,0,-19,10,-4,16,3,48,-20,2,1,-12,0,-14,0,10,-19,-22,0,14,-1,-2,-32,2,-24,-1,1,19,-16,11,0,0,0,2,-27,-2,-7,17,-23,-4,19,-7,7,-18,-24,-15,-31,-11,-4,11,12,2,15,-12,-1,16,-16,4,84,-39,0,-41,0,2,0,-7,-21,-13,0,0,-47,-17,-40,-3,1,-14,28,-39,-95,-6,-40,32,-27,36,-24,-50,-21,-2,0,-8,12,-4,0,21,2,-3,-6,0,-13,8,0,-2,-29,26,0,2,7,24,0,52,-7,-15,0,-3,-56,7,-4,-25,-47,4,0,-8,-61,-2,7,25,4,66,-25,7,278017,0,100
23,-3,23,-17,2,-6,0,-23,-27,22,-34,17,52,7,0,-4,-20,40,-7,-6,29,5,0,-32,0,0,-27,-22,19,0,2,0,-2,0,41,-7,-3,-2,0,0,-35,1,3,-9,0,0,0,-33,-8,-14,34,1,-7,-1,0,-11,29,0,5,37,14,17,21,-2,-32,-34,0,-19,3,-37,14,27,1,0,-16,7,0,-10,-2,0,-14,9,0,14,0,0,31,-15,0,-51,-7,18,-29,-25,-27,3,-17,0,1,-44,33,1,-36,20,-22,35,-1,4,4,-12,2,0,-3,-85,0,7,7,-2,0,-11,0,0,-34,3,-24,4,-44,-34,-4,-41,0,7,1,34,-7,1,-33,-11,-41,-1,-52,-30,4,7,0,-36,-28,-20,2,3,48,-5,-50,44,0,-8,-6,15,78,6,2,-36,0,3,0,-6,-17,-46,1,0,-32,-16,-29,1,0,-24,50,7,-51,1,-37,3,-69,52,-33,0,29,-31,-26,-30,52,-18,2,32,0,-1,-29,0,17,-24,0,1,-4,-18,0,-3,4,7,-29,39,47,2,-9,0,-73,-20,-88,-36,-33,1,0,31,-15,0,3,13,2,43,-8,18,278172,0,100
-7,-15,8,-71,2,-8,0,6,-9,-16,-56,-35,35,-5,0,-2,-21,-2,14,27,22,7,0,-51,0,-11,-29,-21,-1,0,2,2,-2,0,22,-7,-1,10,0,0,-46,4,2,22,0,0,0,-6,21,-4,26,4,-19,-2,1,13,22,0,-12,31,2,-36,-12,-4,-54,-24,0,-46,5,-20,13,6,3,0,13,-5,2,-8,0,0,-52,0,0,13,0,0,20,27,0,-25,-29,-58,-19,-16,-35,2,-6,0,7,-66,43,1,-75,-69,-27,2,-6,-8,0,-52,1,4,-3,21,85,3,3,-5,0,-25,4,0,-46,0,-21,3,-7,19,-28,15,0,10,1,7,-34,-1,-54,10,-11,-6,-7,-2,2,6,-5,44,-6,8,2,5,-28,-5,-5,1,2,-16,-30,40,17,3,1,2,0,2,1,3,82,-34,-2,0,-55,86,-70,-5,0,-45,17,1,-5,-5,5,8,-16,1,-5,-4,23,-17,-40,-14,-26,-67,0,1,2,-1,-71,0,-63,-28,0,2,-8,18,0,0,0,-14,-17,0,41,7,0,2,-24,12,23,-79,-73,3,0,-58,-1,3,1,2,0,23,-30,43,278403,0,100
-20,-17,20,-27,2,4,0,13,-23,3,-62,23,29,-13,0,-4,20,36,37,-46,23,-4,0,-56,0,-22,-33,36,-16,0,0,0,-1,0,56,13,0,33,0,0,-21,0,0,11,0,0,0,-23,3,28,-69,0,8,0,0,24,24,0,-32,46,8,26,-1,-19,-60,-33,0,-35,0,-12,25,18,1,0,32,25,0,0,0,0,-93,20,0,6,0,0,-5,-45,-1,-44,-36,0,4,-41,-10,0,-22,0,6,-39,43,0,-40,-3,-6,28,1,-32,-8,-89,0,3,-1,-26,0,4,0,9,0,51,0,0,-71,1,44,-11,12,75,15,81,0,-11,1,20,-28,-1,-19,16,-23,-3,47,-20,1,-4,-26,16,-40,14,7,-7,-19,-15,56,-71,1,-21,-25,28,31,-52,0,-6,0,1,0,1,30,-11,-1,0,-48,30,-77,-11,0,-21,54,-54,19,0,-3,16,-70,40,-19,0,-9,-4,-60,-24,-24,-22,2,37,0,-2,-44,0,-13,-24,0,0,-27,15,0,0,2,-32,-5,34,-19,-6,-1,0,-9,26,-28,2,-70,14,0,-21,-21,0,3,13,0,55,-39,27,278404,0,100
-10,10,-6,-52,10,-31,0,24,-16,-13,-29,-28,62,30,1,-11,5,-4,20,13,-5,2,0,-9,0,23,-20,-3,-17,0,-1,-2,-3,0,43,-16,0,-24,0,0,-29,2,1,0,0,0,0,-2,-1,-6,12,-4,0,-1,0,5,-3,0,-19,15,7,-23,-12,10,-18,-78,0,-30,0,-71,5,-5,11,0,11,14,0,-29,1,0,-24,12,0,15,0,0,13,17,-1,-26,-37,-58,-26,-15,-58,3,-30,0,-5,-9,51,1,-30,-55,-54,3,3,36,4,-32,-2,-2,1,5,0,2,-5,-19,0,-5,0,0,-65,4,5,-28,15,-43,-21,-34,0,-20,1,24,-57,0,-52,-1,-7,8,-34,-4,3,-5,10,-2,1,-7,1,9,-12,6,-31,50,-1,8,-50,10,36,9,5,-14,0,3,4,-10,29,-40,2,0,-3,36,-90,2,0,-16,18,11,6,12,-13,-11,-19,-7,-11,-19,11,-24,-41,-8,-21,-47,0,7,1,0,-46,0,-22,-17,0,-1,13,-5,0,0,7,-17,-21,-4,77,6,3,3,-75,23,7,-16,-86,-8,0,-5,-31,0,0,10,0,40,-39,6,278661,0,100
-2,13,19,-42,5,14,0,0,-1,5,-39,29,52,-23,1,-19,-11,51,45,18,24,19,0,-35,0,-43,-26,-3,2,0,3,0,1,0,67,-17,1,-10,0,0,-41,2,1,26,0,-1,0,-20,25,16,5,0,-12,-4,-5,-7,23,0,-10,20,8,42,3,0,-22,-4,0,2,-1,-5,79,23,-3,0,10,42,0,7,3,0,-7,39,0,37,0,0,17,20,4,-14,-37,-23,-44,-21,6,-3,-36,0,0,-52,42,1,-54,-28,11,38,3,-23,-2,-3,-1,-19,-2,7,0,2,44,-14,0,-3,4,1,-8,1,-1,-23,-22,33,1,34,0,-20,1,0,-17,4,-8,19,-15,8,-43,-17,2,40,-24,28,-26,0,4,2,-16,-8,-43,-29,6,14,-15,51,31,-14,0,32,0,3,-1,-15,11,-13,1,0,-30,10,-34,-1,1,6,45,-13,-17,20,34,8,-60,42,-20,-32,16,-24,-28,-2,-29,-44,0,38,3,-5,-41,0,-39,-26,1,0,-25,5,0,0,3,-12,-26,52,58,20,-4,2,-46,6,6,5,-30,6,0,-47,-40,0,10,9,0,68,-36,50,278801,0,100
-26,13,-12,-36,9,-1,0,-10,55,8,-42,2,14,11,1,-18,10,56,25,11,33,-1,0,-58,0,6,-24,3,-31,0,-3,-8,0,0,41,-2,1,-18,0,0,-24,0,-2,-14,0,0,0,-40,-15,7,-10,-2,-9,-3,0,40,35,0,4,17,12,6,7,-16,-34,-37,0,-24,0,-40,19,-9,-2,0,52,45,-3,-2,-3,0,-72,45,0,17,0,0,4,3,-3,-23,-45,-17,-27,-57,17,0,-13,0,-2,-48,18,2,-61,-35,10,55,3,8,-13,-73,-2,-17,0,-22,0,7,-10,-6,0,-6,-1,-1,-48,2,-1,-47,-3,-19,-4,-15,0,-41,-1,7,11,-2,-70,2,-26,2,-46,-22,5,-8,-14,18,-41,1,0,0,-62,-10,-49,20,-1,12,10,30,16,-24,4,30,0,1,0,-29,16,-56,-2,0,-57,18,-66,-9,1,-10,31,-28,49,2,21,0,-55,12,-26,-32,6,-5,-77,51,-71,-36,-2,56,0,0,-58,0,-6,-23,0,-3,-15,5,0,0,7,3,-6,57,47,0,-9,-7,-58,-19,-21,0,-65,-2,0,-11,-13,-6,2,6,0,40,-44,31,278949,0,100
-30,-9,30,29,5,26,0,-16,-21,-8,3,20,15,0,1,-41,-9,28,47,-3,64,-12,0,-52,0,2,-44,-29,-28,0,-2,-2,0,0,71,-43,-1,-27,0,0,-65,-1,0,40,0,0,0,-8,36,-7,25,-1,17,-1,0,44,65,0,-8,19,12,27,-8,-11,2,9,0,72,4,9,35,32,4,0,35,26,0,28,0,0,-16,24,0,1,0,0,-1,-9,1,2,-7,16,-38,-33,-27,1,-72,0,-6,-41,24,0,-54,0,-13,36,5,5,-8,-11,0,-5,0,28,0,11,-12,-41,0,15,0,0,-35,1,-37,-10,-20,11,-41,1,0,-4,0,41,-20,0,-40,12,-14,-6,-29,-16,5,-14,-27,18,-14,-8,0,4,-21,-5,-27,80,-1,-8,-21,38,54,-32,1,16,0,0,2,-4,23,-28,0,0,-48,19,-71,3,-1,0,43,-30,-12,-13,28,27,-46,37,-17,-47,-2,3,-6,-22,-23,29,0,37,0,-2,-62,0,38,-49,0,-2,-33,-17,0,0,8,-8,3,29,85,-12,3,0,-69,-19,26,-31,-64,-5,0,37,-74,0,3,-14,1,70,-6,37,278981,0,100
-21,-20,-11,-41,5,23,0,-13,-13,21,-55,13,54,4,0,25,39,25,12,-5,2,7,0,-49,0,-38,20,-6,-17,0,2,0,2,0,43,5,1,-58,0,0,18,2,1,5,0,0,0,-37,6,12,8,1,11,2,-3,-25,10,0,-63,10,12,19,20,-5,-51,-23,0,-1,1,-35,26,-3,12,0,-17,73,-1,25,1,0,-27,73,0,2,0,0,6,-10,1,-58,-52,15,-45,6,-4,0,48,0,-4,-15,51,0,-27,5,-4,34,-2,21,-11,-45,6,-9,0,73,0,8,0,0,0,25,1,1,-57,2,-14,16,-29,77,17,84,0,28,0,26,-5,3,-47,25,1,-13,5,7,3,3,-27,1,-35,6,0,10,58,5,3,-45,0,-15,7,12,43,-45,1,1,0,4,0,-41,-42,-29,0,0,-37,-32,-64,-6,3,0,51,-46,18,-14,0,21,-52,22,-12,21,4,-7,-13,-14,58,-29,0,34,4,0,-10,0,10,9,1,1,-26,17,0,2,6,-63,-6,27,-9,10,-7,2,34,-26,83,18,-68,6,0,23,47,1,1,19,5,42,-51,10,279008,0,100
-54,-9,17,-26,9,13,0,-24,34,-30,-28,0,52,29,2,-13,-7,17,4,12,31,10,0,-40,0,-9,-20,0,-54,0,0,-2,0,0,51,-14,1,20,0,0,-22,0,-2,-19,0,0,0,-42,-18,18,15,-1,-7,0,-2,54,30,0,-28,29,2,-1,-34,-6,-11,-37,0,-12,1,-36,0,17,16,0,57,27,-1,14,0,0,-20,24,0,11,0,0,14,11,-1,-9,-23,-42,-69,-41,-9,0,-12,0,5,-47,50,1,-28,-43,-11,38,2,18,-12,-24,4,-11,1,-90,0,9,2,-16,0,60,0,1,-38,3,4,-26,6,-7,-16,-9,0,-25,0,26,-1,2,-58,50,-16,0,-3,-21,5,5,-23,58,-41,17,4,6,-18,-8,-2,-5,0,-8,-1,24,19,-11,1,19,0,2,-1,1,12,-3,0,0,-44,14,-41,-5,3,-16,23,-13,100,1,8,49,-26,-16,-14,-14,11,-10,-40,37,-13,-33,-2,37,3,0,-21,0,-17,-13,-1,0,-22,22,0,2,4,-26,-12,18,39,8,-4,-1,-46,-24,-86,-12,-36,6,0,-18,-12,-2,0,3,4,51,-23,27,279071,0,100
-1,-15,50,-18,7,11,0,-9,0,-1,-47,10,83,-9,4,2,27,37,9,34,18,-3,0,-45,0,-12,-36,-43,6,0,0,0,-2,0,61,4,0,-52,0,0,-3,2,1,24,0,0,0,-32,22,21,-41,-1,-7,0,-4,34,20,0,-42,44,7,9,-3,2,-41,-67,0,-52,0,-52,74,49,6,0,31,33,0,9,3,0,-10,29,0,17,0,0,29,35,-1,-41,-40,-28,-45,-46,7,-1,-6,0,-25,-52,63,2,-5,-31,0,43,-1,-10,-33,-19,6,-24,1,34,0,6,0,1,0,83,1,2,-42,5,-49,-16,-3,10,7,22,0,-6,-1,32,0,2,-52,0,-8,-11,-14,19,2,0,-10,16,-43,18,-1,6,-39,-5,-19,-9,0,-12,-7,52,32,-37,3,22,0,2,-2,-66,19,-21,0,0,-36,19,-75,-5,3,-24,56,-40,35,-7,27,17,-75,62,0,1,25,-1,-19,12,-44,-24,0,45,4,0,16,0,-16,-35,0,0,-12,30,0,0,1,-44,-4,36,52,-7,-3,0,1,-7,50,-26,-70,0,0,-17,-12,-2,1,11,3,68,-38,49,279101,0,100
3,14,-22,-21,-3,32,0,-13,-14,10,-8,-10,-52,-16,3,-35,-22,16,-11,18,38,3,0,-64,0,12,-32,1,3,0,0,-5,0,0,-4,-19,0,-19,0,0,-54,-1,-1,-14,0,0,0,4,-14,16,-19,-3,-20,0,-3,2,36,0,-17,19,10,-2,11,-1,0,-1,0,37,2,11,29,-21,-14,0,-4,3,-1,30,0,0,44,0,0,31,0,0,-22,13,-1,-40,4,3,2,-81,13,-1,-17,0,-14,-36,-6,-2,-48,2,13,16,0,-10,-18,33,1,-1,0,50,41,7,-25,-22,0,-18,0,0,-17,1,5,5,-50,40,6,36,0,1,0,14,42,-1,-4,32,-68,0,8,-1,4,-25,-20,-30,1,17,5,-1,5,-7,4,1,-1,15,32,35,-24,34,1,10,0,0,2,-19,20,-43,-1,27,-57,20,-20,0,2,8,8,36,-16,2,12,21,-29,-12,-65,-36,-24,-18,-3,-12,-8,-20,-2,15,0,0,-41,0,-52,-36,0,-1,-21,6,0,1,4,-17,-19,16,49,1,0,-6,-60,-9,48,-1,-19,1,0,-47,-15,-6,3,-14,2,-1,4,30,279502,0,100
-4,-7,18,-50,1,-2,0,26,70,8,-98,43,32,-14,0,-39,-17,32,10,27,18,-20,0,-15,0,56,-54,-42,3,0,-2,0,-2,0,-16,-8,-1,7,0,0,-42,1,0,36,0,0,0,-26,32,22,9,1,-6,-2,-4,32,18,0,-21,21,36,42,9,-3,-85,-11,0,-30,0,-7,66,18,-2,0,39,16,1,1,3,0,-15,17,0,20,0,0,-49,3,3,-1,-27,18,-37,-38,-16,-6,-37,0,-5,-64,34,1,2,10,-22,40,4,-2,-36,-23,-1,-24,-2,26,0,3,11,-8,0,40,1,0,-36,0,-43,10,-6,33,8,34,0,19,0,36,23,2,-6,-21,-9,-19,-1,-7,3,11,-18,22,-30,14,1,7,-69,-4,1,-68,0,-11,16,38,21,-54,0,-1,0,0,0,11,5,-46,-1,0,-7,7,1,-1,1,3,28,-54,51,-25,-5,-21,-21,-23,-6,-42,-50,-21,-50,82,-65,-45,0,36,2,-3,7,0,49,-60,-1,1,-16,26,0,0,0,-21,-23,31,76,-16,1,0,-48,23,27,-27,1,4,0,61,-35,-1,9,6,-3,-14,-28,37,279506,0,100
-14,26,15,-25,1,-8,0,51,9,0,-39,11,77,-12,0,-14,9,22,14,24,33,-3,0,-54,0,-17,-23,13,-12,0,0,0,0,0,38,3,1,-10,0,0,-7,1,0,-33,0,-3,0,1,-36,25,0,0,-9,-2,-3,-20,40,0,15,27,23,13,0,-12,-31,-44,0,-24,1,-40,33,16,-21,0,-21,25,0,-7,2,0,-66,26,0,20,0,0,6,19,4,-32,-43,8,-1,-9,-23,0,4,0,-6,-38,41,-1,1,-8,-26,27,0,-16,8,-79,-1,-3,-1,20,0,5,20,0,0,54,1,0,-19,0,0,17,1,31,3,19,0,28,2,4,7,2,-43,8,-6,-2,-16,5,4,24,-11,22,-3,16,1,0,28,-6,-13,24,3,25,6,16,74,-7,0,18,0,0,0,-10,4,8,0,0,-44,7,-83,-4,0,-4,27,-6,4,-1,8,-3,-33,23,-10,-26,9,-3,-24,15,31,-28,-2,32,1,-5,-7,0,-3,-23,1,-1,-6,20,0,-1,2,14,-1,24,56,-1,0,0,-35,49,19,-3,-79,4,0,-13,4,0,8,13,-1,39,-42,18,279634,0,100
10,10,14,-67,5,37,0,-17,-21,27,-26,26,43,-2,0,-23,-9,45,28,-5,37,13,0,-92,0,-10,-37,11,7,0,0,0,-8,0,11,-17,0,-26,0,0,-47,1,-1,-68,0,-1,0,-19,-68,1,14,1,-19,-5,-1,52,36,0,-18,23,0,25,25,0,-24,-32,0,-40,0,-27,-34,9,1,0,57,3,-1,36,3,0,-75,5,0,32,0,0,0,-4,2,-41,-49,-11,-35,-17,-43,0,-30,0,-11,-57,29,-1,-27,-21,-56,37,-6,1,-55,-76,-1,-9,-1,49,0,8,-16,-15,0,15,0,-1,-84,-1,4,4,0,12,-10,12,0,7,2,18,16,0,-58,1,-10,-4,-51,-26,5,-18,-17,-24,-12,-13,10,-6,-17,-21,-54,-28,1,8,6,46,17,-52,0,22,0,0,2,-27,9,-11,-2,0,-86,13,-34,0,-2,-8,23,-47,-29,6,19,-12,-44,0,-14,-24,-4,2,-10,-29,-15,-76,0,28,0,-3,-34,0,-32,-38,0,-1,-16,4,0,2,6,-16,6,43,52,18,-5,-1,-66,-18,45,5,-42,-4,0,-39,-25,-1,5,6,-1,11,-48,43,279694,100,100
-26,20,-34,-80,3,-5,0,73,-1,29,-22,-15,17,-34,-1,18,5,-2,18,70,7,46,0,-37,0,2,-28,52,-27,0,-2,-1,-3,0,23,-3,0,-37,0,0,-24,0,0,9,0,0,0,-52,6,5,-15,1,-9,-2,0,-54,9,0,-19,39,8,-9,28,-15,-28,-20,0,4,0,-23,40,-32,-15,0,-57,43,1,-8,0,0,-41,43,0,13,0,0,12,87,0,-46,-30,-48,-86,-43,-44,0,-6,0,-9,-81,17,0,-37,-34,-42,40,-2,-35,-9,-54,0,-13,0,42,0,3,-28,-5,0,14,1,-1,-38,2,55,28,-4,41,-15,45,0,27,0,8,19,-1,-74,24,-34,-17,0,-22,4,-25,-3,-1,-51,2,-5,2,-48,7,8,-48,0,17,20,68,16,3,4,-4,0,0,0,-47,-16,3,0,0,-25,-15,-52,-11,-2,-21,49,8,9,-27,-4,15,-74,0,-36,2,8,14,-40,-10,-58,-77,0,40,1,-4,-45,0,-64,-25,0,1,0,17,0,-1,3,-17,13,-2,11,44,-1,-1,2,73,45,-17,-50,6,0,-67,-12,-3,4,31,-1,21,-27,67,279696,0,100
0,0,0,0,0,0,0,0,0,0,0,0,0,0,0,0,0,0,0,0,0,0,0,0,0,0,0,0,0,0,0,0,0,0,0,0,0,0,0,0,0,0,0,0,0,0,0,0,0,0,0,0,0,0,0,0,0,0,0,0,0,0,0,0,0,0,0,0,0,0,0,0,0,0,0,0,0,0,0,0,0,0,0,0,0,0,0,0,0,0,0,0,0,0,0,0,0,0,0,0,0,0,0,0,0,0,0,0,0,0,0,0,0,0,0,0,0,0,0,0,0,0,0,0,0,0,0,0,0,0,0,0,0,0,0,0,0,0,0,0,0,0,0,0,0,0,0,0,0,0,0,0,0,0,0,0,0,0,0,0,0,0,0,0,0,0,0,0,0,0,0,0,0,0,0,0,0,0,0,0,0,0,0,0,0,0,0,0,0,0,0,0,0,0,0,0,0,0,0,0,0,0,0,0,0,0,0,0,0,0,0,0,0,0,0,0,0,0,0,0,0,0,0,0,0,0,0,0,0,0,279744,0,100
