assetid,teamcolor1g,teamcolor1r,clubworth,teamcolor2b,goalnetstanchioncolor2g,teamcolor2r,foundationyear,goalnetstanchioncolor2r,teamcolor3r,goalnetstanchioncolor1b,teamcolor1b,opponentweakthreshold,latitude,teamcolor3g,opponentstrongthreshold,goalnetstanchioncolor2b,goalnetstanchioncolor1r,teamcolor2g,goalnetstanchioncolor1g,teamname,teamcolor3b,presassetone,powid,hassubstitutionboard,rightfreekicktakerid,flamethrowercannon,domesticprestige,genericint2,defensivedepth,hasvikingclap,jerseytype,pitchcolor,pitchwear,popularity,hastifo,presassettwo,teamstadiumcapacity,stadiumgoalnetstyle,iscompetitionscarfenabled,cityid,rivalteam,playsurfacetype,isbannerenabled,midfieldrating,stadiummowpattern_code,matchdayoverallrating,matchdaymidfieldrating,attackrating,longitude,buildupplay,matchdaydefenserating,hasstandingcrowd,favoriteteamsheetid,defenserating,iscompetitionpoleflagenabled,skinnyflags,uefa_consecutive_wins,longkicktakerid,trait1vweak,iscompetitioncrowdcardsenabled,rightcornerkicktakerid,gender,cksupport1,uefa_cl_wins,hassuncanthem,domesticcups,ethnicity,leftcornerkicktakerid,youthdevelopment,teamid,uefa_el_wins,trait1vequal,numtransfersin,stanchionflamethrower,stadiumgoalnetpattern,captainid,personalityid,prev_el_champ,leftfreekicktakerid,cksupport2,leaguetitles,genericbanner,crowdregion,uefa_uecl_wins,overallrating,ballid,profitability,utcoffset,penaltytakerid,pitchlinecolor,freekicktakerid,crowdskintonecode,internationalprestige,cksupport3,haslargeflag,trainingstadium,form,genericint1,trait1vstrong,matchdayattackrating
1,26,218,1871280,255,1,255,1886,1,228,1,53,3,51,206,3,1,1,255,1,Arsenal,60,0,-1,0,246669,0,9,-1,65,0,2,3,0,9,0,0,60704,0,0,285,18,0,1,85,1,84,85,83,0,1,83,0,-1,82,0,0,0,246669,131586,2,246669,0,0,0,0,14,4,234378,6,1,0,180738,0,0,0,246669,1,0,234378,0,13,0,3,0,84,143,2,0,246669,0,246669,2,9,0,0,366,0,-1,263170,83
2,0,102,800000,229,184,148,1874,139,124,51,51,2,52,47,2,226,102,190,0,Aston Villa,78,0,-1,0,200458,1,7,-1,30,0,2,4,0,7,0,0,42657,0,2,54,109,0,2,80,1,80,79,85,-1,2,79,0,-1,80,0,0,0,216393,4195456,2,200458,0,0,1,0,7,3,216393,5,2,0,581760,0,0,0,202811,1,0,216393,0,7,0,3,0,80,143,1,0,200458,0,200458,2,6,0,0,366,0,-1,528512,86
3,76,1,39000,255,76,255,1875,1,1,182,182,1,53,76,1,182,1,255,76,Blackburn Rovers,202,0,-1,0,264299,0,5,-1,50,0,2,4,0,4,0,0,31367,0,2,55,1796,0,2,70,1,70,70,68,-2,1,69,0,-1,69,2,0,0,264299,262672,2,264299,0,0,0,0,6,2,218343,7,3,0,4227600,0,0,0,234319,0,0,264299,0,3,0,3,0,70,135,7,0,245766,0,264299,2,1,0,0,316,0,-1,525328,68
4,255,255,8000,63,28,8,1874,14,255,80,255,1,53,255,1,80,14,21,28,Bolton Wanderers,255,0,-1,0,239377,0,10,-1,65,0,2,4,0,4,0,0,28723,0,2,61,1917,0,2,66,1,66,67,67,-2,1,66,0,-1,67,2,0,0,212366,131712,0,239377,0,0,0,0,4,2,212366,7,4,0,131712,0,0,0,212090,1,0,212366,0,0,0,3,0,67,135,2,0,220039,0,212366,2,1,0,0,316,0,-1,263296,66
5,20,0,2340000,255,85,255,1905,48,28,200,137,2,51,75,2,200,48,255,85,Chelsea,160,0,-1,0,257534,1,8,-1,65,0,2,3,0,9,0,0,40343,0,2,285,1,0,1,81,1,81,81,81,0,1,79,1,-1,79,1,0,0,257534,131721,3,257534,0,0,2,0,8,4,257534,4,5,2,180873,0,0,0,256079,0,0,257534,0,6,0,3,0,81,143,1,0,257534,0,257534,2,7,0,0,366,0,-1,263305,83
7,54,0,650000,255,54,255,1878,0,45,156,156,2,53,99,2,156,0,255,54,Everton,201,0,-1,0,243282,0,4,-1,30,0,2,4,0,7,0,0,39414,0,0,282,9,0,2,76,1,77,77,76,-2,2,78,0,-1,76,0,0,0,243282,4195400,2,243282,0,0,0,0,5,1,243282,5,7,0,548936,0,0,0,202695,1,0,243282,0,9,0,3,0,76,143,6,0,221479,0,243282,2,4,0,0,366,0,-1,528456,76
8,255,255,200000,134,205,46,1919,235,235,134,255,2,53,225,2,0,46,67,67,Leeds United,1,0,-1,0,213693,0,10,-1,90,0,1,5,0,7,0,0,37890,0,2,269,1939,0,1,73,1,74,74,74,-1,1,73,0,-1,74,2,0,0,247361,66177,2,247361,0,0,0,0,1,3,247361,4,8,0,82561,0,0,0,239360,0,0,247361,0,3,0,3,0,74,135,4,0,239360,0,213693,2,2,0,0,366,0,-1,132225,71
9,27,227,4134150,255,1,255,1892,1,255,1,35,3,53,215,3,1,1,255,1,Liverpool,0,0,-1,0,231281,0,9,-1,65,0,1,3,0,9,0,0,53394,0,1,282,11,0,1,82,1,84,83,84,-2,3,84,0,-1,84,1,0,0,231281,135296,3,231281,0,0,6,0,8,2,216267,3,9,3,182400,0,0,0,203376,0,0,231281,0,19,0,3,0,84,143,6,0,209331,0,231281,2,8,0,0,366,0,-1,264320,84
10,173,108,3825000,255,177,255,1880,133,0,222,233,3,53,40,3,222,133,255,177,Manchester City,94,0,-1,0,186942,0,10,-1,65,0,2,4,0,9,1,0,53400,0,1,300,11,0,2,87,1,84,86,84,-2,1,81,1,-1,83,1,0,0,186942,131712,3,270409,0,0,1,0,7,2,186942,3,10,0,164480,0,0,0,239818,1,0,186942,0,10,0,3,0,85,143,1,0,239085,0,186942,2,10,0,0,366,0,-1,263296,83
11,1,199,4318650,255,1,255,1878,1,30,1,1,2,53,30,2,1,1,255,1,Manchester United,30,0,-1,0,212198,0,7,-1,50,0,2,5,0,10,0,0,74310,0,0,300,9,0,0,80,1,81,80,81,-2,2,81,1,-1,81,0,0,0,212198,263316,0,212198,0,0,3,0,13,4,212198,9,11,1,4202644,0,0,0,212198,0,0,212198,0,20,0,3,0,81,143,4,0,212198,0,212198,2,8,0,0,366,0,-1,528532,81
12,25,224,80000,255,53,255,1876,7,235,33,34,1,54,25,1,33,7,255,53,Middlesbrough,34,0,-1,0,252066,0,7,-1,30,0,2,4,0,5,0,0,33931,0,2,315,13,0,2,71,0,70,71,70,-1,1,68,0,-1,71,2,0,0,252066,4194946,2,252066,0,0,0,0,0,2,252066,6,12,0,557698,0,0,0,186156,0,0,252066,0,0,0,3,0,71,135,5,0,237295,0,252066,2,1,0,0,316,0,-1,525442,72
13,30,30,789000,255,40,255,1892,9,30,25,30,2,54,30,2,25,9,255,40,Newcastle United,30,0,-1,0,266127,0,7,-1,65,0,2,4,0,7,0,0,52305,0,0,342,106,0,2,82,1,80,81,80,-1,2,79,0,-1,79,0,0,0,266127,132224,2,266127,0,0,0,0,6,2,266127,5,13,0,188544,0,0,0,247851,0,0,242964,0,4,0,3,0,80,143,1,0,233731,0,242964,2,6,0,0,366,0,-1,266368,79
14,36,221,440000,255,36,255,1865,221,210,33,33,2,52,36,2,33,221,255,36,Nottingham Forest,33,0,-1,0,236015,0,2,-1,30,0,2,5,0,6,0,0,30445,0,2,352,91,0,2,77,1,76,77,77,-1,3,76,0,-1,78,2,0,0,236015,4198720,2,236015,0,0,2,0,2,5,236015,6,14,0,575808,0,0,0,235642,0,0,236015,0,1,0,3,0,77,143,1,0,236015,0,236015,2,2,0,0,366,0,-1,526656,76
15,66,32,28000,255,43,255,1882,31,32,109,151,1,51,66,1,109,31,255,43,Queens Park Rangers,171,0,-1,0,246682,0,4,-1,30,0,2,4,0,3,0,0,18439,5,2,285,144,0,2,70,1,70,71,70,0,3,69,0,-1,69,2,0,0,246682,4202752,2,246682,0,0,0,0,0,3,238490,6,15,0,577792,0,0,0,193011,1,0,246682,0,0,0,3,0,70,135,6,0,240317,0,246682,2,1,0,0,316,0,-1,526592,68
17,0,228,450000,255,26,255,1885,236,211,27,43,2,50,10,2,27,236,255,26,Southampton,10,0,-1,0,270857,1,1,-1,50,0,1,3,0,6,0,0,32384,0,0,459,1790,0,2,73,1,74,72,75,-1,1,73,0,-1,74,0,0,0,270857,262784,2,226012,0,0,0,0,1,2,270857,8,17,0,4244096,0,0,0,202697,0,0,270857,0,0,0,3,0,75,143,4,0,240097,0,270857,2,2,0,0,366,0,-1,525440,75
18,255,255,2430000,75,37,15,1882,29,153,110,255,2,51,177,2,110,29,32,37,Tottenham Hotspur,211,0,-1,0,220697,0,7,-1,90,0,1,6,0,8,0,0,62850,0,0,285,1,0,1,81,1,82,83,81,0,1,84,1,-1,83,2,0,0,220697,66180,3,220697,0,0,0,0,8,4,220697,6,18,2,82564,0,0,0,200104,0,0,220697,0,2,0,3,0,81,143,3,0,200104,0,220697,2,7,0,0,366,0,-1,132228,81
19,37,123,915300,231,38,27,1895,16,100,32,57,2,51,30,2,32,16,177,38,West Ham United,60,1,-1,0,210736,0,6,-1,30,0,2,3,0,7,0,0,60000,0,1,285,97,0,2,80,1,80,82,77,0,3,80,0,-1,78,0,0,0,210736,4198544,2,210736,0,0,0,0,3,2,210736,6,19,0,559248,0,0,0,224371,0,0,210736,0,0,0,3,1,79,143,2,0,233927,0,210736,2,6,0,0,366,0,-1,526480,77
21,1,255,3672000,255,255,255,1900,255,29,1,60,3,48,29,3,255,200,255,1,Bayern München,27,0,-1,1,202126,0,10,-1,90,0,2,4,0,10,0,0,75000,1,1,333,22,0,1,84,1,84,84,90,11,1,83,1,-1,82,1,0,0,212622,66180,1,247827,0,0,6,0,20,6,212622,7,21,1,115332,0,0,0,167495,0,0,212622,0,33,0,4,0,84,113,6,1,202126,0,212622,2,9,0,0,366,0,-1,132228,92
22,217,255,1621718,1,157,1,1909,149,245,152,1,2,51,255,2,152,149,1,157,Borussia Dortmund,1,0,-1,1,212194,0,9,-1,65,0,2,4,0,9,1,0,81365,12,1,141,34,0,1,80,1,83,82,84,7,1,83,1,-1,81,1,0,0,212194,131716,3,212194,0,0,1,0,5,4,212194,8,22,0,164484,0,0,0,212194,1,0,212194,0,8,0,4,0,81,113,7,1,215441,0,212194,2,8,0,0,366,0,-1,263300,84
23,1,1,303790,255,1,255,1900,1,122,255,1,2,51,185,2,1,255,255,255,Borussia M'gladbach,41,0,-1,1,220876,0,5,-1,50,0,2,4,0,7,1,0,54042,0,1,322,31,0,1,76,1,76,77,76,6,2,75,1,-1,74,1,0,0,220876,263170,3,220876,0,0,0,0,3,3,220876,7,23,2,4218882,0,0,0,222028,0,0,239367,0,5,0,4,0,75,113,8,1,222028,0,239367,2,5,0,0,366,0,-1,528386,77
25,1,228,288210,1,1,1,1904,220,255,1,43,2,48,255,2,1,220,1,1,SC Freiburg,255,0,-1,1,212096,4,4,-1,50,0,2,4,0,4,0,0,34700,1,1,168,36,0,1,76,1,74,74,73,7,1,76,1,-1,78,1,0,0,212096,262658,1,212096,0,0,0,0,0,3,212096,10,25,0,4194818,0,0,0,209846,0,0,212096,0,0,0,4,0,76,113,7,1,212096,0,212096,2,4,0,0,366,0,-1,525314,71
27,110,1,10850,255,235,255,1965,235,255,235,184,1,54,41,1,235,235,255,235,Hansa Rostock,31,0,-1,0,251107,0,10,-1,50,1,2,4,2,3,0,0,29000,5,1,641,110329,0,1,65,1,65,65,65,12,3,65,1,-1,66,1,0,0,251107,270592,1,211982,0,0,0,0,0,3,211982,7,27,0,4215040,0,0,0,262635,1,0,251107,0,0,0,4,0,66,123,7,1,251107,0,251107,2,1,0,0,316,0,-1,526592,65
28,90,1,154410,255,1,255,1887,1,1,1,170,2,53,1,2,1,1,255,1,Hamburger SV,1,0,-1,0,232839,0,9,-1,65,0,2,4,0,6,1,2,57000,11,1,205,110329,0,1,71,1,71,71,72,9,3,69,1,-1,72,1,0,0,232839,139265,3,238068,0,0,1,0,3,3,232839,6,28,0,184321,0,0,0,214948,0,0,238068,0,6,0,4,0,71,115,3,1,236533,0,232839,2,2,0,0,316,0,-1,264193,71
29,1,255,17150,255,210,255,1900,210,153,210,1,1,49,24,1,210,210,255,210,1. FC Kaiserslautern,65,0,-1,0,263089,0,4,-1,50,0,2,4,2,5,0,0,49850,0,1,238,110532,0,1,67,1,68,68,73,7,3,68,1,-1,67,1,0,0,263089,270337,1,216381,0,0,0,0,2,3,263089,7,29,0,4247553,0,0,0,248434,1,0,263089,0,4,0,4,0,68,115,7,1,262119,0,263089,2,1,0,0,316,0,-1,526337,76
31,41,218,104520,255,150,255,1948,150,1,150,28,2,50,1,2,150,150,255,150,1. FC Köln,1,0,-1,0,223633,0,8,-1,65,0,2,4,0,7,0,0,50000,1,1,249,23,0,1,72,1,73,73,71,6,1,70,1,-1,69,1,0,0,223633,131712,3,223633,0,0,0,0,4,2,223633,8,31,0,131712,0,0,0,234727,0,0,223633,0,3,0,4,0,72,115,8,1,240916,0,223633,2,3,0,0,316,0,-1,263296,71
32,1,255,525729,1,210,1,1904,210,255,210,1,3,51,255,3,210,210,1,210,Bayer 04 Leverkusen,255,0,-1,1,210035,0,9,-1,65,0,2,4,0,4,1,0,30210,0,1,277,31,0,1,83,1,83,84,81,7,1,83,1,-1,83,1,0,0,210035,131584,3,210035,0,0,0,0,2,2,256630,7,32,1,164352,0,0,0,190941,0,0,210035,0,1,0,4,0,83,113,2,1,256630,0,210035,2,6,0,0,366,0,-1,263168,83
33,200,145,5580,255,240,255,1899,240,20,240,241,1,48,75,1,240,240,255,240,TSV 1860 München,175,0,-1,0,270014,0,8,-1,50,0,2,4,2,4,0,0,15000,0,1,333,111239,0,1,66,1,63,63,65,11,2,63,1,-1,64,1,0,0,238793,263184,1,238793,0,0,0,0,2,4,238793,9,33,0,4202512,0,0,0,238779,1,0,270014,0,1,0,4,0,65,123,6,1,270014,0,270014,2,1,0,0,316,0,-1,528400,64
34,75,1,156090,255,180,255,1904,180,13,180,156,1,51,70,1,180,180,255,180,FC Schalke 04,223,0,-1,1,243887,0,10,-1,50,0,2,4,0,7,1,0,62271,3,1,178,22,0,1,69,1,69,69,70,7,2,67,1,-1,67,1,0,0,243887,263169,3,243887,0,0,0,0,5,1,221885,9,34,1,4202497,0,0,0,212240,0,0,221885,0,7,0,4,0,69,115,10,1,212240,0,243887,2,3,0,0,316,0,-1,528385,71
36,255,255,314020,41,30,211,1893,210,1,255,255,2,48,1,2,30,255,1,255,VfB Stuttgart,1,0,-1,1,250959,4,6,-1,65,0,2,4,0,7,0,0,60449,24,1,466,25,0,1,77,1,77,78,76,9,1,76,1,-1,75,1,0,0,250959,131585,1,250959,0,0,0,0,3,3,250959,8,36,0,164353,0,0,0,239096,0,0,250959,0,5,0,4,0,76,113,7,1,238900,0,250959,2,4,0,0,366,0,-1,263169,75
38,129,1,179400,255,255,255,1899,255,1,255,73,2,53,81,2,255,255,255,255,Werder Bremen,52,0,-1,1,197031,0,4,-1,50,0,2,4,0,7,1,0,42100,25,1,70,28,0,1,75,1,74,74,77,8,2,73,1,-1,73,1,0,0,197031,263296,3,197031,0,0,0,0,6,2,197031,6,38,0,4202624,0,0,0,237595,0,0,197031,0,4,0,4,0,74,113,7,1,197031,0,197031,2,3,0,0,366,0,-1,528512,77
45,250,250,1800450,30,25,30,1897,25,248,25,250,2,45,151,2,25,25,30,25,Juventus,170,0,-1,0,246430,0,10,-1,30,0,2,3,0,10,0,0,41507,0,1,485,54,0,1,78,1,80,79,82,7,2,78,1,-1,77,1,0,0,240679,4195392,1,277954,0,0,2,0,15,4,240679,9,45,3,581696,0,0,0,266872,0,0,246430,0,36,0,4,0,80,136,2,1,246430,0,246430,2,8,0,0,366,0,-1,528448,82
48,69,40,660000,250,69,250,1926,40,40,163,163,2,40,116,2,163,40,250,69,Napoli,192,0,-1,0,216409,0,9,-1,90,0,1,4,0,8,0,0,60240,49,1,338,45,0,1,79,1,80,80,82,14,3,80,1,-1,79,1,0,0,216435,69764,2,216409,0,0,0,0,6,4,247635,1,48,1,67716,0,0,0,217870,1,0,247635,0,3,0,4,0,80,136,1,1,192505,0,216409,2,7,0,0,366,0,-1,133252,83
50,212,255,75000,145,250,9,1913,250,250,250,0,2,44,250,2,250,250,48,250,Parma,250,0,-1,0,240992,0,5,-1,65,0,2,4,0,6,0,0,22352,0,1,653,189,0,1,73,1,72,72,74,10,1,71,1,-1,72,1,0,0,239978,131592,1,239978,0,0,0,0,3,2,239978,7,50,2,164360,0,0,0,240992,1,0,252794,0,0,0,4,0,73,136,6,1,239978,0,240992,2,3,0,0,316,0,-1,263176,76
52,0,102,660000,0,250,255,1927,250,250,250,0,2,41,250,2,250,250,142,250,Roma,250,0,-1,0,211110,0,8,-1,50,0,1,4,0,8,1,0,70634,0,1,408,115841,0,1,80,1,79,79,84,12,1,79,2,-1,80,1,0,0,228251,262724,1,228251,0,0,0,0,9,3,228251,4,52,0,4244036,0,0,0,228251,0,0,211110,0,3,0,4,1,80,136,9,1,211110,0,211110,2,7,0,0,366,0,-1,525380,84
54,30,122,180000,250,29,250,1906,124,150,35,35,2,45,30,2,35,124,250,29,Torino,55,0,-1,0,258683,0,6,-1,30,0,1,4,0,6,0,0,27958,0,1,485,45,0,1,76,1,76,76,76,7,3,75,1,-1,74,1,0,0,258683,4198408,1,258683,0,0,0,0,5,2,258683,6,54,0,542728,0,0,0,211408,1,0,258683,0,7,0,4,0,76,136,5,1,226093,0,258683,2,4,0,0,366,0,-1,526344,75
55,30,30,130000,250,30,250,1896,30,196,30,30,2,46,160,2,30,30,250,30,Udinese,64,0,-1,0,204970,0,3,-1,50,0,2,4,0,3,0,0,25144,8,1,499,48,0,1,72,1,73,72,72,13,2,71,1,-1,73,1,0,0,204970,263176,1,204970,0,0,0,0,0,2,204970,6,55,0,4218888,0,0,0,204970,0,0,204970,0,0,0,4,0,73,136,7,1,204970,0,204970,2,3,0,0,316,0,-1,528392,73
57,112,32,65000,250,1,250,1905,1,1,1,184,1,47,116,1,1,1,250,1,AJ Auxerre,175,0,-1,0,240787,4,2,-1,50,0,2,4,0,4,0,0,18541,0,1,29,1530,0,1,71,3,71,71,70,3,3,72,1,-1,72,0,0,0,240787,270465,0,240787,0,0,0,0,4,2,240787,5,57,0,4198529,0,0,0,217565,0,0,240787,0,1,0,4,0,71,100,8,1,217565,0,240787,2,1,0,0,316,0,-1,526465,70
58,54,34,20000,250,97,250,1905,97,0,97,123,1,42,103,1,97,97,250,97,SC Bastia,206,0,-1,0,269293,4,5,-1,50,0,1,4,0,3,0,0,16078,0,1,42,614,0,1,67,3,66,66,63,9,2,64,1,-1,63,1,0,0,269293,263232,0,255174,0,0,0,0,1,2,269293,2,58,0,4202560,0,0,1,178363,0,0,269293,0,0,0,4,0,66,103,9,1,276020,0,269293,2,1,0,0,316,0,-1,528448,63
62,1,222,40000,1,1,1,1912,1,250,1,23,1,48,250,1,1,1,1,1,En Avant Guingamp,250,0,-1,0,225174,4,7,-1,50,0,2,4,0,3,0,0,18462,0,1,201,378,0,1,67,3,68,69,65,-3,2,67,1,-1,66,0,0,0,225174,263170,1,225174,0,0,0,0,2,2,225174,5,62,0,4235266,0,0,0,212735,0,0,225174,0,0,0,4,0,66,103,6,1,261758,0,225174,2,1,0,0,316,0,-1,528386,67
64,1,184,160000,1,1,255,1906,1,182,1,28,2,50,25,2,1,1,213,1,RC Lens,44,0,-1,0,220837,4,6,-1,90,1,1,4,0,6,0,0,38223,18,1,274,65,0,1,75,1,76,74,76,2,2,78,1,-1,78,1,0,0,220837,66688,1,226789,0,0,0,0,0,1,226789,2,64,0,123008,0,0,0,204883,1,0,220837,0,1,0,4,0,76,100,5,1,240452,0,220837,2,4,0,0,366,0,-1,135296,75
65,30,224,220000,106,1,36,1944,1,250,1,20,2,50,250,2,1,1,32,1,LOSC Lille,250,0,-1,0,239763,4,6,-1,65,0,1,4,0,5,0,0,50186,13,1,279,64,0,1,76,1,78,77,82,3,1,75,1,-1,75,1,0,0,239763,131592,1,239763,0,0,0,0,6,1,239763,7,65,0,164360,0,0,0,190674,0,0,239763,0,4,0,4,0,77,100,5,1,243630,0,239763,2,4,0,0,366,0,-1,263176,82
66,250,250,500000,127,250,19,1950,250,180,250,250,2,45,1,2,250,250,56,250,Olympique Lyonnais,1,0,-1,0,193301,4,7,-1,50,1,1,4,0,7,0,0,59186,0,1,293,1819,0,1,78,1,77,77,77,4,1,76,1,-1,76,1,0,0,193301,262658,3,251570,0,0,0,0,5,2,251570,9,66,0,4227586,0,0,0,193301,0,0,193301,0,7,0,4,0,77,100,4,1,193301,0,193301,2,4,0,0,366,0,-1,525314,78
67,0,255,12500,1,255,255,1921,255,0,255,0,1,43,0,1,255,255,213,255,FC Martigues,0,0,-1,0,274550,4,1,-1,30,0,1,4,0,1,0,0,8289,0,1,950,614,0,1,63,1,62,62,65,5,2,63,1,-1,63,0,0,0,274550,4195392,0,276028,0,0,0,0,0,1,276028,3,67,0,532544,0,0,0,72341,1,0,274550,0,0,0,4,0,63,103,9,1,239211,0,274550,2,1,0,0,316,0,-1,528448,65
68,5,99,58000,250,1,250,1932,1,112,1,5,1,49,14,1,1,1,250,1,FC Metz,29,0,-1,0,234239,4,10,-1,65,0,1,4,0,3,0,0,24985,0,1,313,76,0,1,70,3,69,70,71,6,2,69,1,-1,69,1,0,0,234239,132224,1,234239,0,0,0,0,2,2,234239,5,68,0,172160,0,0,0,229236,0,0,234239,0,0,0,4,0,70,103,5,1,275372,0,234239,2,1,0,0,316,0,-1,266368,72
69,30,224,500000,250,1,250,1924,1,250,1,35,2,43,33,2,1,1,250,1,AS Monaco,64,0,-1,0,225663,4,8,-1,65,0,1,4,0,6,0,0,18523,1,1,321,72,0,1,77,1,77,78,77,7,1,77,1,-1,77,0,0,0,225663,131718,0,225663,0,0,0,0,5,2,225663,6,69,0,180870,0,0,0,229261,0,0,225663,0,8,0,4,0,77,100,5,1,226627,0,225663,2,5,0,0,366,0,-1,263302,76
70,90,1,105000,38,1,244,1974,1,250,1,148,2,43,250,2,1,1,148,1,Montpellier HSC,250,0,-1,0,205686,4,3,-1,30,0,2,4,0,3,0,0,22000,0,1,326,219,0,1,74,3,73,74,73,3,3,72,1,-1,72,1,0,0,205686,4202496,1,205686,0,0,0,0,2,2,205686,8,70,0,528384,0,0,0,205686,0,0,205686,0,1,0,4,0,74,100,8,1,205686,0,205686,2,1,0,0,366,0,-1,526336,72
71,220,255,110000,44,1,1,1943,1,254,1,17,2,47,221,2,1,1,87,1,FC Nantes,57,0,-1,0,260478,4,3,-1,30,0,2,4,0,5,0,0,35322,18,1,337,74,0,1,73,3,71,71,73,-1,3,71,1,-1,72,1,0,0,260478,4202753,1,260478,0,0,0,0,4,8,260478,5,71,0,577793,0,0,0,224019,1,0,260478,0,8,0,4,0,73,100,6,1,254247,0,260478,2,1,0,0,316,0,-1,526593,73
72,1,204,220000,1,1,1,1904,1,201,1,1,2,43,18,2,1,1,1,1,OGC Nice,27,0,-1,0,224422,4,6,-1,65,1,2,4,0,4,0,0,35596,0,1,344,69,0,1,77,3,76,77,76,7,1,75,1,-1,75,1,0,0,224422,131722,1,224422,0,0,0,0,3,2,224422,2,72,0,180874,0,0,0,158625,0,0,239093,0,4,0,4,0,76,100,5,1,256476,0,239093,2,4,0,0,366,0,-1,263306,76
73,62,1,3546004,41,62,200,1970,1,250,116,116,3,48,250,3,116,1,42,62,Paris Saint-Germain,250,0,-1,0,235212,4,10,-1,65,0,2,4,0,10,1,0,47929,0,1,373,219,0,1,81,1,83,83,82,2,1,83,1,-1,82,1,0,0,235212,131716,3,231443,0,0,0,0,15,3,231443,5,73,0,164484,0,0,0,207865,1,0,235212,0,12,0,4,0,82,100,1,1,255253,0,235212,2,9,0,0,366,0,-1,263300,81
74,24,202,180000,1,1,1,1901,1,250,1,10,2,48,250,2,1,1,1,1,Stade Rennais,250,0,-1,0,256949,4,6,-1,65,0,1,4,0,5,0,0,29164,0,1,400,71,0,1,75,1,74,74,76,-1,1,71,1,-1,73,1,0,0,256949,131588,1,231102,0,0,0,0,3,4,231102,10,74,0,164356,0,0,0,163705,1,0,256949,0,0,0,4,0,75,100,4,1,231102,0,256949,2,4,0,0,366,0,-1,263172,75
76,102,51,110000,250,182,250,1906,182,1,182,204,2,48,159,2,182,182,250,182,RC Strasbourg,227,0,-1,0,250789,4,4,-1,65,0,2,4,0,5,0,0,26109,3,1,564,68,0,1,73,3,72,72,73,7,1,70,1,-1,71,1,0,0,250789,131586,1,250789,0,0,0,0,3,6,250789,6,76,0,147970,0,0,0,264293,0,0,250789,0,1,0,4,0,72,100,6,1,258437,0,250789,2,1,0,0,316,0,-1,263170,73
77,0,240,7500,255,0,255,1903,240,255,0,0,1,57,0,1,0,240,255,0,Aberdeen,0,0,-1,0,225872,0,8,-1,50,0,2,4,0,5,0,0,20866,1,0,3,86,0,1,69,1,67,68,68,-2,2,65,0,-1,66,0,0,0,225872,263424,0,225872,0,0,0,0,7,1,225872,7,77,0,4251904,0,0,1,200302,0,0,225872,0,4,0,3,0,67,173,4,0,225872,0,225872,2,3,0,0,316,0,-1,528640,67
78,135,1,80000,255,90,255,1888,25,8,25,73,2,55,123,2,25,25,255,90,Celtic,16,0,-1,0,263439,4,10,-1,65,0,2,4,0,8,0,0,60411,0,1,186,86,0,1,75,1,74,75,75,-4,1,73,1,-1,74,0,0,0,263439,131732,0,263439,0,0,1,0,42,2,263439,5,78,0,164500,0,0,0,211093,0,0,263439,0,54,0,3,0,75,173,1,0,263439,0,263439,2,6,0,0,366,0,-1,263316,75
80,0,120,9500,255,12,255,1874,80,80,35,41,1,55,12,1,35,80,255,12,Heart of Midlothian,35,0,-1,0,219177,0,8,-1,65,0,1,4,0,6,0,0,20099,0,2,148,81,0,2,69,1,68,67,71,-3,1,65,0,-1,68,0,0,0,219177,131732,0,209729,0,0,0,0,8,2,219177,4,80,0,148116,0,0,0,216218,1,0,219177,0,4,0,3,0,69,173,5,0,216218,0,219177,2,4,0,0,316,0,-1,263316,70
81,150,24,8000,255,80,255,1875,25,25,58,56,1,55,120,1,58,25,255,80,Hibernian,58,0,-1,0,211221,4,7,-1,30,0,2,4,0,6,0,0,20421,0,1,148,80,0,2,66,1,65,65,65,-3,3,63,0,-1,66,0,0,0,211221,4202516,0,211221,0,0,0,0,3,2,211221,6,81,0,577556,0,0,0,235728,0,0,211221,0,4,0,3,0,67,173,5,0,263919,0,211221,2,2,0,0,316,0,-1,526356,64
82,12,12,4300,255,80,255,1869,25,19,25,205,1,55,50,1,25,25,255,80,Kilmarnock,150,0,-1,0,223871,0,3,-1,50,0,2,4,0,3,0,0,18128,3,0,247,100805,0,0,66,15,64,65,65,-4,3,63,0,-1,65,0,0,0,223871,270664,0,223871,0,0,0,0,3,3,204324,6,82,0,4215112,0,0,0,220943,0,0,204324,0,1,0,3,0,65,173,7,0,223871,0,223871,2,1,0,0,316,0,-1,526664,62
83,159,255,4100,51,100,153,1886,1,251,1,2,1,55,180,1,1,1,0,100,Motherwell,20,0,-1,0,199146,0,5,-1,30,1,2,4,0,4,0,0,13677,0,2,331,86,0,1,64,1,63,64,64,-3,3,62,0,-1,63,0,0,0,275522,4202568,0,275522,0,0,0,0,2,3,275522,9,83,0,544840,0,0,0,211707,0,0,199146,0,1,0,3,0,64,173,7,0,275522,0,199146,2,2,0,0,316,0,-1,526408,63
86,80,50,60000,255,50,255,1872,30,50,80,210,2,55,80,2,80,30,255,50,Rangers,255,0,-1,0,195479,0,10,-1,65,0,1,4,0,8,0,0,50817,0,1,186,78,0,2,73,1,74,74,73,-4,1,73,1,-1,73,0,0,0,195479,131712,0,195479,0,0,0,0,34,2,195479,5,86,0,180864,0,0,0,195479,0,0,195479,0,55,0,3,0,74,173,2,0,195479,0,195479,2,6,0,0,316,0,-1,263296,71
88,35,1,25000,255,40,255,1875,10,1,10,102,1,52,35,1,10,10,255,40,Birmingham City,163,0,-1,0,243589,0,10,-1,65,0,2,4,0,4,0,0,29409,0,2,54,2,0,2,70,1,69,69,70,-1,2,69,0,-1,70,2,0,0,237424,132232,2,243589,0,0,0,0,0,1,237424,4,88,0,139400,0,0,0,224763,0,0,237424,0,0,0,3,0,70,135,1,0,237332,0,237424,2,1,0,0,316,0,-1,266376,70
89,28,212,6500,255,40,255,1905,1,242,10,43,1,51,28,1,10,1,255,40,Charlton Athletic,43,0,-1,0,240863,0,8,-1,50,0,2,4,0,4,0,0,27111,0,0,285,97,0,0,66,1,64,63,64,0,1,63,2,-1,65,0,0,0,240863,262721,2,240863,0,0,0,0,1,2,240863,10,89,0,4211265,0,0,0,224842,1,0,240863,0,0,0,3,0,65,135,3,0,248740,0,240863,2,1,0,0,316,0,-1,525377,64
91,255,255,10000,1,255,1,1884,255,255,1,255,1,52,255,1,255,1,1,1,Derby County,255,0,-1,0,194964,0,3,-1,65,0,2,4,0,5,0,0,33597,0,2,134,14,0,2,68,1,68,68,68,-1,1,69,2,-1,69,2,0,0,215412,131665,2,215412,0,0,0,0,1,2,194964,6,91,0,148049,0,0,0,200840,1,0,215412,0,2,0,3,0,68,135,6,0,226507,0,215412,2,1,0,0,316,0,-1,263249,66
92,1,1,2150,255,1,255,1878,1,1,1,1,1,53,1,1,1,1,255,1,Grimsby Town,1,0,-1,0,212167,0,4,-1,65,0,2,4,0,2,0,0,9052,8,0,577,149,0,2,60,1,61,60,63,0,2,62,0,-1,62,0,0,0,236209,132160,0,212167,0,0,0,0,0,2,236209,7,92,0,155712,0,0,0,203500,0,0,212167,0,0,0,3,0,61,135,6,0,203500,0,212167,2,1,0,0,316,0,-1,266304,61
94,85,30,370000,255,85,255,1878,30,30,165,150,2,52,85,2,165,30,255,85,Ipswich Town,165,0,-1,0,246685,0,1,-1,50,0,2,5,0,4,0,0,29673,0,2,229,1792,0,2,74,1,74,74,73,1,1,74,0,-1,74,2,0,0,246685,262786,0,246685,0,0,0,0,1,1,246685,7,94,1,4211330,0,0,1,197975,0,0,246685,0,1,0,3,0,74,143,4,0,259031,0,246685,2,1,0,0,366,0,-1,525442,71
95,51,0,625000,255,77,255,1884,37,57,173,160,2,52,101,2,173,37,255,77,Leicester City,189,0,-1,0,222400,0,3,-1,50,0,2,3,0,7,1,0,32261,0,0,272,14,0,2,76,1,74,75,77,-1,3,73,0,-1,75,0,0,0,222400,270336,3,222400,0,0,0,0,1,1,222400,4,95,0,4247552,0,0,0,208830,0,0,222400,0,1,0,3,0,76,143,6,0,208830,0,222400,2,4,0,0,366,0,-1,526336,75
97,36,33,22000,255,36,255,1885,33,33,115,115,1,51,36,1,115,33,255,36,Millwall,115,0,-1,0,216270,0,5,-1,30,0,1,4,0,3,0,0,20146,0,2,285,19,0,1,69,1,69,68,68,0,2,70,2,-1,70,2,0,0,216270,4195400,2,203505,0,0,0,0,0,1,216270,3,97,0,548936,0,0,0,216481,0,0,204412,0,0,0,3,0,69,135,4,0,275347,0,204412,2,1,0,0,316,0,-1,528456,66
106,1,231,19500,255,1,255,1879,231,221,1,1,1,54,1,1,1,231,255,1,Sunderland,1,0,-1,0,221982,0,5,-1,50,0,2,4,0,6,0,0,48707,4,2,467,13,0,2,71,1,70,70,69,-1,1,71,0,-1,72,2,0,0,221982,262720,0,221982,0,0,0,0,2,2,268903,9,106,0,4227648,0,0,0,258483,0,0,221982,0,6,0,3,0,71,135,5,0,221982,0,221982,2,1,0,0,316,0,-1,525376,69
109,36,1,120000,255,250,255,1878,250,1,106,106,1,52,36,1,250,1,255,36,West Bromwich Albion,136,0,-1,0,213798,0,7,-1,30,0,2,4,0,5,0,0,26850,0,2,525,110,0,2,71,1,72,72,72,-1,2,70,0,-1,71,2,0,0,211506,4195352,2,213798,0,0,0,0,5,3,213798,2,109,0,548888,0,0,0,186158,1,0,213798,0,1,0,3,0,71,135,4,0,211506,0,213798,2,1,0,0,316,0,-1,528408,74
110,185,253,550000,30,1,30,1877,1,229,1,19,2,52,152,2,1,1,30,1,Wolverhampton Wanderers,59,0,-1,0,212811,1,4,-1,50,0,2,3,0,6,0,0,32750,0,0,531,109,0,2,77,1,77,78,76,-2,2,77,0,-1,77,0,0,0,212811,263176,2,242641,0,0,0,0,4,4,242641,5,110,0,4235272,0,0,0,212811,0,0,212811,0,3,0,3,0,77,143,3,0,240243,0,212811,2,3,0,0,366,0,-1,528392,76
111,0,0,0,0,255,0,1800,255,0,255,0,1,0,0,1,255,255,0,255,OTP Generics,0,0,-1,0,1,4,5,-1,50,0,0,4,0,5,0,0,0,0,0,0,1318,0,0,0,0,0,0,0,0,0,0,0,-1,0,2,0,0,1,0,0,1,0,0,0,0,0,2,1,5,111,0,0,0,2,0,1,0,0,1,0,0,0,0,0,0,6,5,0,1,0,1,2,5,0,0,316,0,-1,0,0
112,0,0,0,0,255,0,2000,255,0,255,0,1,0,0,1,255,255,0,255,OTP Generics,0,0,-1,0,1,4,5,-1,50,0,0,4,0,5,0,0,0,0,0,0,1318,0,0,0,0,0,0,0,0,0,0,0,-1,0,2,0,0,1,0,0,1,0,0,0,0,0,2,1,5,112,0,0,0,2,0,1,0,0,1,0,0,0,0,0,0,6,5,0,1,0,1,2,5,0,0,316,0,-1,0,0
121,1,231,1975,255,95,255,1877,1,231,60,1,1,53,1,1,60,1,255,95,Crewe Alexandra,1,0,-1,0,240981,0,4,-1,30,0,2,4,0,2,0,0,10153,4,0,125,1928,0,2,61,1,62,63,60,-2,2,61,0,-1,60,0,0,0,240981,4195330,0,240981,0,0,0,0,0,1,240981,10,121,0,548866,0,0,0,223381,0,0,240981,0,0,0,3,0,61,135,8,0,223381,0,240981,2,1,0,0,316,0,-1,528386,61
127,51,1,3000,0,88,255,1886,0,1,176,204,1,52,80,1,176,0,163,88,Shrewsbury Town,204,0,-1,0,233378,0,4,-1,30,0,2,4,0,2,0,0,9875,27,0,449,1803,0,0,63,1,62,61,61,-2,3,62,0,-1,63,0,0,0,208812,4202496,0,208812,0,0,0,0,0,2,184242,8,127,0,544768,0,0,0,233782,1,0,233378,0,0,0,3,0,63,135,6,0,240715,0,233378,2,1,0,0,316,0,-1,526336,61
142,14,202,2400,255,14,255,1879,232,232,9,9,1,53,14,1,9,232,255,14,Doncaster Rovers,9,0,-1,0,235915,0,7,-1,50,0,2,4,0,3,0,0,15231,4,0,139,1797,0,0,63,1,63,62,65,-1,2,62,0,-1,62,0,0,0,235915,263306,0,235915,0,0,0,0,0,2,235915,7,142,0,4202634,0,0,0,243613,0,0,235915,0,0,0,3,0,62,135,5,0,163050,0,235915,2,1,0,0,316,0,-1,528522,64
143,28,227,3800,255,40,255,1901,30,30,30,38,1,50,30,1,30,30,255,40,Exeter City,30,0,-1,0,233115,0,3,-1,50,0,2,4,0,3,0,0,8219,0,0,159,1929,0,2,65,1,61,63,63,-3,1,60,0,-1,63,0,0,0,207646,262786,0,233115,0,0,0,0,0,2,233115,10,143,0,4244098,0,0,0,207646,1,0,233115,0,0,0,3,0,63,135,7,0,207646,0,233115,2,1,0,0,316,0,-1,525442,62
144,255,255,780000,1,1,1,1879,1,255,1,255,2,51,255,2,1,1,1,1,Fulham,255,0,-1,0,208450,0,5,-1,30,0,2,3,0,5,0,0,25700,0,0,285,15,0,2,76,1,75,76,75,0,3,75,0,-1,77,0,0,0,208450,4198528,2,208450,0,0,0,0,0,3,208450,7,144,0,542848,0,0,0,192563,0,0,208450,0,0,0,3,0,77,143,4,0,208450,0,208450,2,4,0,0,366,0,-1,526464,73
149,1,228,3900,255,1,255,1884,255,1,1,43,1,53,1,1,1,255,255,1,Lincoln City,1,0,-1,0,257508,0,6,-1,50,0,1,4,0,3,0,0,10669,1,0,603,92,0,1,65,3,64,64,62,0,2,64,0,-1,65,0,0,0,257508,263178,0,257508,0,0,0,0,0,2,239553,6,149,0,4235274,0,0,0,228106,0,0,239553,0,0,0,3,0,65,135,5,0,239799,0,239553,2,1,0,0,316,0,-1,528394,59
159,1,1,12970,157,150,1,1905,150,255,150,1,1,52,255,1,150,150,91,150,Arminia Bielefeld,255,0,-1,0,231897,0,8,-1,50,0,2,4,0,4,0,0,27332,0,1,51,10030,0,1,65,1,63,63,65,8,2,62,1,-1,64,1,0,0,231897,263170,1,276610,0,0,0,0,0,2,259453,4,159,0,4218882,0,0,0,231897,1,0,231897,0,0,0,4,0,65,123,5,1,257236,0,231897,2,1,0,0,316,0,-1,528386,64
160,86,20,78320,255,66,255,1938,52,17,200,162,2,51,78,2,200,52,255,66,VfL Bochum,207,0,-1,1,224423,0,3,-1,30,0,2,3,1,5,0,0,27500,3,1,57,34,0,1,73,1,72,72,71,7,3,70,1,-1,71,1,0,0,224423,4202564,1,224423,0,0,0,0,0,2,224423,7,160,0,544836,0,0,0,199288,0,0,224423,0,0,0,4,0,72,113,8,1,206606,0,224423,2,1,0,0,316,0,-1,526404,70
162,15,242,2000,255,255,255,1966,255,230,255,30,1,51,52,1,255,255,255,255,Energie Cottbus,20,0,-1,0,257286,0,2,-1,30,0,2,4,0,3,0,0,22528,0,1,683,503,0,1,64,3,64,65,64,14,1,65,1,-1,63,1,0,0,257286,4194944,0,257286,0,0,0,0,0,4,257286,9,162,0,524928,0,0,0,211732,1,0,257286,0,0,0,4,0,63,123,10,1,224518,0,257286,2,1,0,0,316,0,-1,525440,64
165,153,1,29600,255,205,255,1903,205,37,205,50,1,49,87,1,205,205,255,205,SpVgg Greuther Fürth,38,0,-1,0,212192,0,6,-1,90,0,2,4,0,2,0,0,16626,0,1,172,171,0,1,68,1,67,68,66,10,3,68,1,-1,68,1,0,0,212192,73732,1,212192,0,0,0,0,0,2,212192,10,165,0,102404,0,0,0,209504,0,0,212192,0,3,0,4,0,68,115,9,1,212192,0,212192,2,1,0,0,316,0,-1,133124,64
166,105,1,180520,255,135,255,1892,135,15,135,180,1,52,55,1,135,135,255,135,Hertha BSC,160,0,-1,1,239744,0,9,-1,50,0,1,4,0,5,1,0,74475,0,1,47,1831,0,1,70,1,71,70,69,13,1,71,1,-1,71,1,0,0,224263,262656,3,239744,0,0,0,0,0,4,275029,7,166,0,4211200,0,0,0,204776,1,0,239744,0,2,0,4,0,71,115,10,1,239744,0,239744,2,3,0,0,316,0,-1,525312,69
169,6,227,129020,250,20,250,1905,235,165,20,19,2,49,165,2,20,235,250,20,1. FSV Mainz 05,165,0,-1,1,225309,0,4,-1,65,0,2,4,0,3,1,0,33305,0,1,296,1824,0,1,74,1,76,77,77,8,3,74,1,-1,74,1,0,0,225309,139266,3,225309,0,0,0,0,0,2,225309,5,169,0,184322,0,0,0,244257,1,0,225309,0,0,0,4,0,74,113,9,1,225309,0,225309,2,2,0,0,366,0,-1,264194,80
171,16,194,56700,1,225,1,1900,225,255,225,43,1,49,255,1,225,225,1,225,1. FC Nürnberg,255,0,-1,0,256674,0,7,-1,50,0,2,4,0,5,0,0,50000,0,1,355,165,0,1,69,1,69,70,68,11,1,68,1,-1,69,1,0,0,216283,262656,1,264194,0,0,0,0,4,3,264194,6,171,0,4194816,0,0,0,203030,0,0,256674,0,9,0,4,0,69,115,8,1,203030,0,256674,2,1,0,0,316,0,-1,525312,69
172,1,245,3780,235,230,50,1925,230,255,230,43,1,48,255,1,230,230,80,230,SpVgg Unterhaching,255,0,-1,0,202087,0,4,-1,50,0,1,4,2,2,0,0,15053,6,1,655,33,0,1,64,3,62,63,62,11,1,62,1,-1,63,1,0,0,202087,262728,1,202087,0,0,0,0,0,2,202087,8,172,0,4227656,0,0,0,211893,0,0,202087,0,0,0,4,0,63,123,10,1,257060,0,202087,2,1,0,0,316,0,-1,525384,63
175,180,100,340170,255,210,255,1945,210,90,210,45,2,52,225,2,210,210,255,210,VfL Wolfsburg,2,0,-1,1,206511,0,6,-1,50,0,2,4,0,3,1,0,30000,0,1,530,485,0,1,77,1,77,77,76,10,2,75,1,-1,75,1,0,0,206511,263169,3,206511,0,0,0,0,1,2,206511,4,175,0,4218881,0,0,0,206511,1,0,206511,0,1,0,4,0,76,113,3,1,206511,0,206511,2,5,0,0,366,0,-1,528385,76
180,25,25,3800,255,255,255,1893,255,15,255,112,1,56,40,1,255,255,255,255,Dundee FC,150,0,-1,0,267868,0,2,-1,30,0,2,4,0,3,0,0,11506,0,2,146,181,0,2,65,3,64,66,63,-2,2,63,0,-1,63,0,0,0,262361,4195332,0,262361,0,0,0,0,1,3,267868,6,180,0,548868,0,0,0,227758,0,0,267868,0,1,0,3,0,64,173,8,0,227758,0,267868,2,1,0,0,316,0,-1,528388,63
181,120,255,4000,1,30,1,1909,30,255,0,0,1,56,120,1,30,255,1,120,Dundee United,0,0,-1,0,206101,0,3,-1,50,0,2,4,0,3,0,0,14209,0,0,146,180,0,0,63,0,63,62,63,-2,2,63,0,-1,64,0,0,0,241875,263168,0,241875,0,0,0,0,2,2,241875,8,181,0,4202496,0,0,0,206101,0,0,241875,0,1,0,3,0,63,173,8,0,206101,0,206101,2,1,0,0,316,0,-1,528384,62
189,64,0,300000,17,33,172,1909,29,250,30,128,2,44,250,2,30,29,20,33,Bologna,250,0,-1,0,233556,0,5,-1,65,0,1,4,0,5,0,0,36462,23,1,60,110374,0,1,77,3,76,76,76,11,1,75,1,-1,76,1,0,0,233556,131716,1,233556,0,0,0,0,2,3,233556,5,189,0,131716,0,0,0,233556,1,0,233556,0,7,0,4,0,77,136,4,1,233556,0,233556,2,2,0,0,366,0,-1,263300,75
191,0,197,240000,255,204,255,1933,202,50,206,11,2,47,60,2,206,202,255,204,RB Salzburg,124,0,-1,0,274288,0,10,-1,90,0,2,4,0,6,0,0,30188,1,1,418,254,0,1,72,3,72,72,67,12,3,72,1,-1,71,1,0,0,257345,73856,2,274288,0,0,0,0,9,2,274288,7,191,0,102528,0,0,0,204092,0,0,274288,0,17,0,4,0,72,124,6,1,274288,0,274288,2,6,0,0,366,0,-1,133248,67
205,30,30,40000,54,30,255,1907,30,0,30,30,1,45,130,1,30,30,130,30,Venezia,35,0,-1,0,269276,0,1,-1,30,0,2,4,0,1,0,0,12048,25,1,651,206,0,1,70,1,70,69,72,12,1,67,1,-1,68,1,0,0,269276,4195072,2,269276,0,0,0,0,1,4,269276,6,205,0,541440,0,0,0,220165,1,0,269276,0,0,0,4,0,71,136,7,1,220165,0,269276,2,1,0,0,316,0,-1,525568,71
206,229,255,80000,148,30,1,1903,30,1,30,7,2,45,62,2,30,30,76,30,Hellas Verona,107,0,-1,0,255233,0,4,-1,30,0,2,4,0,4,0,0,31045,0,1,511,205,0,1,74,3,71,72,73,10,3,69,1,-1,72,1,0,0,255233,4202502,2,222148,0,0,0,0,0,1,222148,2,206,0,544774,0,0,0,212127,0,0,255233,0,1,0,4,0,73,136,9,1,222148,0,255233,2,1,0,0,316,0,-1,526342,70
209,1,1,76000,255,204,255,1909,202,2,206,1,1,47,2,1,206,202,255,204,Sturm Graz,2,0,-1,0,259101,0,7,-1,50,0,2,4,0,6,0,1,16364,0,1,194,254,0,1,69,1,71,70,67,15,3,70,1,-1,69,1,0,0,259101,270474,2,256127,0,0,0,0,7,2,256127,5,209,0,4231306,0,0,0,245058,0,0,259101,0,4,0,4,0,70,124,6,1,270050,0,259101,2,4,0,0,316,0,-1,526474,68
210,71,47,34000,6,1,229,1913,1,250,1,135,1,49,250,1,1,1,5,1,SM Caen,250,0,-1,0,263987,4,7,-1,65,0,1,4,0,3,0,0,20300,0,1,89,1738,0,1,67,3,66,66,69,0,2,66,1,-1,68,0,0,0,263987,132352,1,263987,0,0,0,0,0,2,263987,8,210,0,172288,0,0,1,184190,0,0,263987,0,0,0,4,0,68,103,5,1,223510,0,263987,2,1,0,0,316,0,-1,266496,68
211,77,12,98000,255,77,255,1911,12,12,162,162,2,45,77,2,162,12,255,77,Dinamo Zagreb,162,0,-1,0,215455,0,10,-1,50,0,2,4,0,6,0,0,35423,3,1,700,263,0,1,71,1,71,71,72,16,1,71,0,-1,71,1,0,0,262842,262656,0,262842,0,0,0,0,17,2,262842,10,211,0,4243968,0,0,0,215455,1,0,215455,0,25,0,5,0,71,110,9,1,215455,0,215455,2,6,0,0,316,0,-1,525312,72
217,103,235,63500,1,1,1,1926,1,250,1,11,1,47,250,1,1,1,1,1,FC Lorient,250,0,-1,0,242655,4,10,-1,65,0,2,4,0,3,0,0,14340,0,1,287,74,0,1,70,0,72,70,71,-3,1,71,1,-1,71,0,0,0,242655,131592,1,242655,0,0,0,0,1,1,242655,4,217,0,164360,0,0,0,213367,1,0,242655,0,0,0,4,0,71,103,5,1,277216,0,242655,2,1,0,0,316,0,-1,263176,71
219,250,250,460000,214,1,1,1899,1,102,1,250,2,43,204,2,1,1,151,1,Olympique de Marseille,255,0,-1,0,246147,4,7,-1,65,0,2,4,0,8,1,0,67394,47,1,306,73,0,1,78,1,78,80,75,5,3,76,1,-1,76,1,0,0,246147,135296,3,246147,0,0,1,0,10,4,246147,2,219,0,133248,0,0,0,242835,1,0,246147,0,9,0,4,0,77,100,4,1,246147,0,246147,2,5,0,0,366,0,-1,264320,75
229,48,94,120000,255,204,255,1908,202,1,206,111,2,50,1,2,206,202,255,204,Anderlecht,1,0,-1,0,236918,0,10,-1,65,0,2,4,0,6,0,1,21500,48,1,79,232,0,1,73,1,75,76,76,4,1,73,1,-1,72,1,0,0,236918,131588,2,236918,0,0,0,0,9,2,236918,10,229,1,131588,0,0,0,191627,0,0,236918,0,34,0,8,0,73,122,2,1,228687,0,236918,2,5,0,0,316,0,-1,263172,79
230,29,238,120000,250,204,250,1880,202,1,206,29,2,51,1,2,206,202,250,204,Antwerp,1,0,-1,0,204060,0,9,-1,65,0,2,4,0,5,0,1,16144,4,1,616,231,0,1,71,1,73,72,77,4,1,75,1,-1,74,1,0,0,204060,131600,0,204060,0,0,0,0,4,2,204060,7,230,0,147984,0,0,0,184087,0,0,204060,0,5,0,8,0,72,122,3,1,226537,0,204060,2,5,0,0,316,0,-1,263184,77
231,120,1,184000,1,204,1,1891,202,255,206,190,2,51,255,2,206,202,1,204,Club Brugge,255,0,-1,0,251479,0,10,-1,65,0,2,4,0,6,0,1,29062,0,1,78,229,0,1,75,1,76,78,73,3,1,74,1,-1,72,1,0,0,251479,131712,2,251479,0,0,0,0,11,3,251479,6,231,0,180864,0,0,0,200155,0,0,200155,0,19,0,8,0,74,122,2,1,200155,0,200155,2,6,0,0,366,0,-1,263296,73
232,46,238,82000,255,204,255,1898,202,162,206,36,1,50,144,1,206,202,255,204,Standard Liège,97,0,-1,0,261143,0,8,-1,50,0,2,4,1,5,0,1,27670,0,1,278,229,0,1,69,1,69,69,69,5,2,69,1,-1,68,1,0,0,261143,263168,2,261143,0,0,0,0,8,2,261143,7,232,0,4235264,0,0,1,230888,0,0,261143,0,10,0,8,0,68,122,5,1,261143,0,261143,2,5,0,0,316,0,-1,528384,70
234,37,220,400000,255,37,255,1904,220,220,25,25,2,38,37,2,25,220,255,37,Benfica,25,0,-1,0,183898,0,10,-1,65,0,2,4,0,9,0,2,65000,1,1,281,236,0,1,79,1,78,79,79,-9,1,78,1,-1,78,1,0,0,183898,131586,3,183898,0,0,2,0,26,3,183898,10,234,0,164354,0,0,0,192366,0,0,183898,0,38,0,4,0,78,183,5,0,229188,0,183898,2,6,0,0,366,0,-1,263170,79
236,95,0,310000,255,70,255,1893,30,30,150,167,2,41,70,2,150,30,255,70,FC Porto,150,0,-1,0,239482,0,10,-1,90,0,2,3,0,8,0,2,50033,0,1,385,234,0,1,78,1,77,78,75,-8,1,75,1,-1,75,1,0,0,260599,66177,1,260599,0,0,2,0,20,4,239482,7,236,2,98945,0,0,0,234577,0,0,239482,0,30,0,4,0,77,183,4,0,239482,0,239482,2,7,0,0,366,0,-1,132225,75
237,101,2,290000,255,255,255,1906,255,30,255,73,2,38,140,2,255,255,255,255,Sporting CP,0,0,-1,0,244778,0,10,-1,90,0,2,4,0,7,0,2,50095,0,1,281,234,0,1,78,1,78,78,81,-9,1,78,1,-1,78,1,0,0,240950,66176,0,244778,0,0,0,0,17,4,240950,9,237,0,98944,0,0,0,240950,0,0,240950,0,20,0,4,0,78,183,5,0,241651,0,240950,2,5,0,0,366,0,-1,132224,81
240,0,255,1287000,108,1,25,1903,1,255,1,0,3,40,254,3,1,1,31,1,Atlético de Madrid,254,0,-1,0,194765,4,9,-1,50,0,2,5,0,9,1,0,68456,0,2,295,243,0,1,81,1,82,81,84,-3,1,81,0,-1,81,2,0,0,193747,262784,3,194765,0,0,0,0,10,4,194765,5,240,3,4227712,0,0,0,193747,1,0,194765,0,11,0,4,0,82,131,4,1,194765,0,194765,2,9,0,0,366,0,-1,525440,83
241,57,3,4138200,60,200,154,1899,200,255,200,128,3,41,231,3,200,200,0,200,FC Barcelona,0,0,-1,0,233419,4,10,-1,65,0,2,4,0,10,0,0,99354,0,2,36,243,0,1,82,1,84,81,84,2,1,78,0,-1,80,2,0,0,251854,131712,2,233419,0,0,5,0,31,3,251854,8,241,0,180864,0,0,0,233419,0,0,188545,0,27,0,4,0,84,131,8,1,188545,0,188545,2,9,0,0,366,0,-1,263296,85
242,91,47,75000,255,50,255,1906,0,250,100,214,2,43,250,2,100,0,255,50,RC Deportivo,255,0,-1,0,199354,4,4,-1,50,1,2,4,0,7,0,0,32660,0,2,257,450,0,1,72,1,72,72,70,-8,1,71,0,-1,71,2,0,0,199354,262792,0,199354,0,0,0,0,2,4,199354,7,242,0,4244104,0,0,0,199354,0,0,199354,0,1,0,0,0,71,130,9,1,199354,0,199354,2,1,0,0,316,0,-1,525448,70
243,255,255,4432500,130,1,45,1902,1,225,1,255,3,40,225,3,1,1,65,1,Real Madrid,255,0,-1,0,243812,4,10,-1,65,0,2,3,0,10,1,0,85000,0,2,295,241,0,1,85,1,86,86,89,-3,1,84,0,-1,84,2,0,0,239053,131712,3,243812,0,0,15,0,20,4,243812,4,243,2,180864,0,0,0,208618,0,0,243812,0,37,0,4,0,86,131,5,1,238794,0,243812,2,10,0,0,366,0,-1,263296,90
244,61,32,7000,255,255,255,1932,255,244,255,162,1,41,244,1,255,255,255,255,Real Zaragoza,255,0,-1,0,252864,4,7,-1,65,0,2,4,0,5,0,0,33608,0,2,537,110839,0,1,70,1,69,70,68,0,1,69,0,-1,70,2,0,0,237184,131600,0,252864,0,0,0,0,6,4,252864,6,244,0,180752,0,0,0,234032,0,0,252864,0,0,0,4,0,70,130,5,1,251922,0,252864,2,2,0,0,316,0,-1,263184,68
245,20,225,425000,255,66,255,1900,35,30,66,20,2,52,30,2,66,35,255,66,Ajax,30,0,-1,0,183711,0,10,-1,50,0,2,4,0,9,1,0,55885,20,2,16,246,0,2,77,1,76,77,76,4,1,76,2,-1,75,2,0,3,183711,262792,3,255009,0,0,4,0,20,3,183711,9,245,1,4244104,0,0,0,183711,1,0,183711,0,36,0,4,0,76,170,7,1,251810,0,183711,2,6,0,0,366,0,-1,525448,76
246,255,255,333429,45,120,225,1908,120,50,120,255,2,51,158,2,120,120,24,120,Feyenoord,50,0,-1,0,271400,0,10,-1,65,0,2,4,0,7,0,1,51117,36,2,412,245,0,2,74,1,77,75,72,4,1,76,1,-1,75,2,0,0,271400,131714,0,228010,0,0,1,0,14,2,228010,8,246,2,131714,0,0,0,251806,1,0,271400,0,16,0,4,0,76,170,4,1,251806,0,271400,2,6,0,0,366,0,-1,263298,74
247,1,232,302571,255,35,255,1913,35,77,35,1,2,51,197,2,35,35,255,35,PSV,211,0,-1,0,253109,0,10,-1,65,0,2,4,0,7,0,0,35000,0,2,150,245,0,2,78,1,79,79,78,5,1,80,2,-1,77,2,0,0,253109,131720,2,253109,0,0,1,0,11,2,253109,6,247,1,148104,0,0,0,189805,0,0,253109,0,25,0,4,0,78,170,8,1,189805,0,253109,2,6,0,0,366,0,-1,263304,78
252,255,255,37500,1,204,1,1908,202,204,206,255,1,48,1,1,206,202,1,204,LASK,1,0,-1,0,201290,0,9,-1,65,0,2,4,0,4,0,1,19080,29,1,639,110720,0,1,69,1,70,69,71,11,1,70,1,-1,69,1,0,0,191783,131712,2,191783,0,0,0,0,1,2,191783,5,252,0,180864,0,0,0,201290,0,0,191783,0,1,0,4,0,70,124,5,1,201290,0,201290,2,5,0,0,316,0,-1,263296,72
254,145,41,56000,255,255,255,1899,255,1,255,117,1,48,1,1,255,255,255,255,SK Rapid,1,0,-1,0,275638,0,8,-1,50,0,2,4,0,6,0,1,28600,25,1,527,256,0,1,68,1,69,68,72,16,1,70,1,-1,68,1,0,0,244795,262913,2,244795,0,0,0,0,14,2,263233,7,254,0,4211457,0,0,0,275638,0,0,275638,0,32,0,4,0,69,124,5,1,271384,0,275638,2,5,0,0,316,0,-1,525569,72
256,21,67,42000,255,204,255,1911,202,250,206,119,1,48,1,1,206,202,255,204,Austria Wien,1,0,-1,0,242815,0,6,-1,90,0,2,4,0,5,0,1,17500,5,1,527,254,0,1,68,1,69,68,67,16,1,68,1,-1,68,1,0,0,244941,66048,1,242815,0,0,0,0,27,2,242815,6,256,0,66048,0,0,0,244941,0,0,242815,0,24,0,4,0,68,124,7,1,242815,0,242815,2,5,0,0,316,0,-1,132096,69
260,89,0,7000,255,254,255,1922,254,244,254,169,1,28,244,1,254,254,255,254,CD Tenerife,255,0,-1,0,277069,4,8,-1,65,0,2,4,0,4,0,0,23000,0,2,430,472,0,1,69,1,69,69,70,-16,2,67,0,-1,67,2,0,0,277069,132352,0,277069,0,0,0,0,0,2,277069,6,260,0,155904,0,0,0,177633,1,0,277069,0,0,0,4,0,69,130,6,0,177633,0,277069,2,1,0,0,316,0,-1,266496,71
263,255,255,45000,1,255,1,1911,255,62,255,255,1,43,72,1,255,255,1,255,Hajduk Split,204,0,-1,0,168651,4,9,-1,50,0,2,4,0,5,0,0,34198,0,1,867,211,0,1,71,1,70,71,71,16,2,69,1,-1,69,1,0,0,168651,263168,0,168651,0,0,0,0,8,3,168651,8,263,0,4202496,0,0,0,205855,1,0,168651,0,6,0,5,0,70,141,6,1,205855,0,168651,2,4,0,0,316,0,-1,528384,71
266,12,207,65000,255,12,255,1892,207,207,22,22,2,50,12,2,22,207,255,12,Slavia Praha,22,0,-1,0,253727,0,10,-1,65,0,2,4,0,5,0,0,19084,0,1,654,267,0,1,74,1,74,74,74,14,1,74,1,-1,74,1,0,0,253727,131968,0,253727,0,0,0,0,7,2,269509,6,266,0,148352,0,0,0,251116,0,0,253727,0,7,0,5,0,74,152,4,1,269509,0,253727,2,4,0,0,366,0,-1,263552,74
267,12,190,65000,26,1,250,1893,1,1,1,22,2,50,102,2,1,1,166,1,Sparta Praha,179,0,-1,0,227562,0,10,-1,30,0,2,4,0,5,0,0,19416,0,1,654,266,0,1,74,1,74,74,75,14,2,74,1,-1,74,1,0,0,227562,4195457,0,261307,0,0,0,0,8,2,261307,6,267,0,565377,0,0,0,247643,1,0,227562,0,14,0,5,0,74,110,5,1,277565,0,227562,2,4,0,0,366,0,-1,528513,75
269,234,254,28500,119,1,3,1964,1,253,1,1,1,55,234,1,1,1,66,1,Brøndby IF,69,0,-1,0,172522,0,8,-1,50,0,2,4,0,4,0,1,28000,18,1,77,819,0,1,70,1,70,70,68,12,3,69,1,-1,69,1,0,0,172522,270404,0,172522,0,0,0,0,7,2,172522,4,269,0,4231236,0,0,1,172522,0,0,172522,0,11,0,7,0,70,80,5,1,172522,0,172522,2,2,0,0,316,0,-1,526404,71
270,0,197,10000,255,169,255,1917,169,193,169,0,1,56,5,1,169,169,255,169,Silkeborg IF,10,0,-1,0,243666,0,3,-1,30,0,2,4,0,4,0,0,10000,0,1,559,1516,2,1,65,3,66,64,67,9,1,67,1,-1,67,1,0,0,243666,4194816,2,262794,0,0,0,0,2,3,262794,7,270,0,557568,0,0,1,200209,1,0,243666,0,1,0,7,0,67,80,6,1,271320,0,243666,2,1,0,0,316,0,-1,525312,68
271,51,51,12650,255,51,255,1880,51,59,102,102,1,56,49,1,102,51,255,51,AGF,99,0,-1,0,253409,0,7,-1,30,0,2,4,0,4,0,0,19433,0,1,2,269,0,1,69,3,70,69,71,10,3,70,1,-1,70,1,0,0,238222,4202568,0,253409,0,0,0,0,9,3,253409,8,271,0,577608,0,0,1,191083,1,0,253409,0,5,0,7,0,70,80,5,1,191083,0,253409,2,1,0,0,316,0,-1,526408,70
278,213,251,67000,10,1,10,1924,1,250,1,13,2,38,250,2,1,1,10,1,AEK,250,0,-1,0,229153,0,9,-1,50,0,1,4,0,6,0,1,32500,18,1,27,1884,0,1,76,3,75,76,77,23,3,73,1,-1,73,1,0,0,220969,266496,2,220969,0,0,0,0,16,4,170368,4,278,0,4245760,0,0,0,199206,1,0,170368,0,13,0,8,0,75,141,3,2,229153,0,170368,9,4,0,0,366,0,-1,526592,77
280,0,234,105000,255,250,255,1925,250,255,24,24,2,37,0,2,250,234,255,0,Olympiacos,0,0,-1,0,243686,0,10,-1,50,0,2,4,0,7,0,1,32115,1,1,380,1884,0,1,75,3,75,75,79,23,1,75,1,-1,75,1,0,0,243686,262977,2,243686,0,0,0,0,28,4,73884,2,280,0,4227905,0,0,0,234986,1,0,243686,0,47,0,8,1,75,110,2,2,243586,0,243686,9,7,0,0,366,0,-1,525633,79
294,58,20,55000,250,1,250,1986,1,6,1,133,1,48,127,1,1,1,250,1,ESTAC Troyes,208,0,-1,0,208835,4,3,-1,30,0,2,4,0,1,0,0,20136,3,1,494,379,0,1,66,1,67,67,64,4,2,67,1,-1,66,0,0,0,208835,4195336,0,208835,0,0,0,0,0,1,208835,4,294,0,548872,0,0,0,215708,0,0,208835,0,0,0,4,0,66,103,5,1,257112,0,208835,2,1,0,0,316,0,-1,528392,63
298,255,255,20450,1,1,1,1917,1,235,1,255,1,63,245,1,1,1,1,1,Rosenborg BK,245,0,-1,0,229263,0,9,-1,50,0,2,4,0,5,0,0,21423,0,1,493,417,0,1,68,1,67,68,65,10,1,67,1,-1,66,1,0,0,229263,262657,0,268737,0,0,0,0,12,1,268737,4,298,0,4194817,0,0,1,252858,0,0,229263,0,26,0,7,0,66,199,2,1,260567,0,229263,2,3,0,0,316,0,-1,525313,66
299,220,241,11500,30,0,30,1917,0,245,0,9,1,59,230,1,0,0,30,0,Lillestrøm SK,6,0,-1,0,221631,0,6,-1,50,0,2,4,0,4,0,0,11500,0,1,280,298,0,1,66,3,66,67,65,11,1,66,1,-1,66,1,0,0,221631,262656,0,235166,0,0,0,0,6,2,235166,5,299,0,4194816,0,0,1,190491,1,0,221631,0,5,0,7,0,66,199,6,1,235166,0,221631,2,2,0,0,316,0,-1,525312,65
300,32,21,10150,255,211,255,1899,211,233,211,60,1,58,27,1,211,211,255,211,Viking FK,32,0,-1,0,205214,0,6,-1,50,0,2,4,0,3,0,0,15900,3,1,462,1463,2,1,66,15,67,66,68,5,1,66,1,-1,66,1,0,0,205214,262920,0,254142,0,0,0,0,6,2,205214,6,300,0,4227848,0,0,0,205214,0,0,205214,0,8,0,7,0,66,199,7,1,205214,0,205214,2,1,0,0,316,0,-1,525576,70
301,30,215,6900,35,128,220,1910,128,30,255,34,1,51,30,1,128,255,30,255,Widzew Łódź,30,0,-1,0,212249,0,5,-1,65,0,2,4,0,4,0,0,18018,0,1,751,1871,0,1,65,1,64,64,61,19,1,62,1,-1,64,2,0,0,212249,131585,0,212249,0,0,0,0,1,2,212249,4,301,0,164353,0,0,1,244891,0,0,212249,0,4,0,5,0,65,127,7,1,276735,0,212249,2,2,0,2,316,0,-1,263169,58
305,49,222,985,1,60,1,1890,10,201,40,49,1,53,26,1,40,10,1,60,Bohemians,26,0,-1,0,255621,0,7,-1,50,0,2,4,0,4,0,1,4227,0,1,143,306,0,1,61,3,60,61,60,-6,1,58,1,-1,58,1,0,0,255621,262786,0,255621,0,0,0,0,7,4,255621,8,305,0,4244098,0,0,0,227679,0,0,255621,0,11,0,3,0,60,155,8,0,255621,0,255621,2,1,0,0,316,0,-1,525442,60
306,140,36,1200,255,40,255,1899,5,19,5,68,1,53,165,1,5,5,255,40,Shamrock Rovers,91,0,-1,0,236364,0,10,-1,90,0,2,4,0,5,0,1,10000,0,1,143,305,0,1,62,1,63,62,64,-6,1,63,0,-1,63,1,0,0,236364,66176,0,236364,0,0,0,0,25,1,236364,5,306,0,98944,0,0,0,202014,0,0,236364,0,20,0,3,0,63,155,3,0,236364,0,236364,2,2,0,0,316,0,-1,132224,64
308,140,1,9150,255,120,255,1948,120,1,120,255,1,44,1,1,120,120,255,120,Universitatea Craiova,1,0,-1,0,229804,0,8,-1,65,0,1,4,0,4,0,0,30944,37,1,718,114385,0,1,68,1,67,68,67,23,1,66,1,-1,67,1,0,0,229804,131728,0,229804,0,0,0,0,7,4,229804,7,308,0,180880,0,0,0,243000,0,0,229804,0,4,0,5,0,67,24,3,2,229804,0,229804,2,3,0,0,316,0,-1,263312,66
310,49,130,8500,250,250,250,1923,250,30,250,57,1,44,30,1,250,250,250,250,Rapid București,30,0,-1,0,248049,0,7,-1,65,0,2,4,0,4,0,0,14050,0,1,768,100761,0,1,67,3,67,68,69,26,2,66,1,-1,67,1,0,0,248049,132225,0,248049,0,0,0,0,13,2,248049,7,310,0,155777,0,0,0,156221,1,0,248049,0,3,0,5,0,67,24,4,2,248049,0,248049,2,2,0,0,316,0,-1,266369,70
319,1,1,14050,255,169,255,1904,169,22,169,255,1,57,55,1,169,169,255,169,IFK Göteborg,222,0,-1,0,235670,0,5,-1,50,0,1,4,0,4,0,1,18100,0,1,191,320,0,1,64,1,66,64,64,11,2,67,1,-1,67,1,0,0,144429,263424,0,246777,0,0,0,0,8,1,246777,6,319,2,4219136,0,0,1,144429,1,0,235670,0,18,0,7,0,66,97,8,1,235670,0,235670,2,1,0,0,316,0,-1,528640,64
320,181,17,50000,255,169,255,1910,169,138,169,234,1,55,197,1,169,169,255,169,Malmö FF,255,0,-1,0,273694,0,10,-1,90,0,1,4,0,5,0,1,22500,0,1,299,319,0,1,70,1,70,70,70,12,1,71,1,-1,71,1,0,0,236259,66176,0,273694,0,0,0,0,16,1,236259,6,320,0,66176,0,0,0,199792,1,0,236259,0,23,0,7,0,70,97,6,1,205985,0,236259,2,4,0,0,316,0,-1,132224,70
321,112,37,5230,250,169,250,1914,169,37,169,203,1,56,112,1,169,169,250,169,Halmstads BK,203,0,-1,0,239278,0,2,-1,30,0,1,4,0,2,0,0,10873,0,1,621,319,0,1,62,3,63,62,62,12,2,63,1,-1,63,0,0,0,239278,4195328,0,239278,0,0,0,0,1,2,239278,4,321,0,532480,0,0,1,23823,0,0,239278,0,4,0,7,0,63,97,6,1,239278,0,239278,2,1,0,0,316,0,-1,528384,62
322,92,1,18000,255,1,255,1886,1,1,1,163,1,47,92,1,1,1,255,1,Grasshopper Club Zürich,173,0,-1,0,240544,0,5,-1,30,0,2,4,0,4,0,0,26104,0,1,539,894,0,1,68,1,68,68,63,8,2,66,1,-1,66,1,0,0,240544,4195392,0,240544,0,0,0,0,19,3,240544,10,322,0,548928,0,0,1,199282,1,0,240544,0,27,0,4,0,67,180,6,1,240544,0,240544,2,2,0,0,316,0,-1,528448,63
324,31,135,26300,255,150,255,1890,150,1,150,45,1,46,1,1,150,150,255,150,Servette FC,1,0,-1,0,206254,0,8,-1,65,0,1,4,0,4,0,0,30084,0,1,749,1862,0,1,70,0,69,70,69,6,2,69,1,-1,69,1,0,0,206254,132096,0,206254,0,0,0,0,8,4,206254,2,324,0,155648,0,0,0,206307,0,0,206254,0,17,0,4,0,69,180,5,1,206254,0,206254,2,3,0,0,316,0,-1,266240,68
325,2,167,289000,11,1,255,1905,1,175,1,29,2,41,2,2,1,1,157,1,Galatasaray,45,0,-1,0,270571,0,10,-1,90,0,1,4,0,7,1,1,52468,0,1,231,326,0,1,78,1,79,79,82,28,1,77,1,-1,77,1,0,0,175943,66177,3,270571,0,0,0,0,18,4,175943,4,325,1,115329,0,0,0,182494,0,0,175943,0,24,0,1,0,79,179,4,3,232293,0,175943,9,7,0,0,366,0,-1,132225,83
326,246,254,260000,133,180,69,1907,215,4,50,0,2,40,50,2,50,215,84,180,Fenerbahçe,187,0,-1,0,199434,4,10,-1,90,0,1,4,0,8,1,0,50530,0,1,231,325,0,1,79,1,79,80,81,29,1,78,1,-1,78,1,0,0,199434,66176,3,199434,0,0,0,0,7,2,199434,5,326,0,115328,0,0,1,180930,1,0,199434,0,19,0,1,0,79,179,4,3,199434,0,199434,9,6,0,0,366,0,-1,132224,82
327,1,1,169800,255,1,255,1903,1,11,1,1,2,41,11,2,1,1,255,1,Beşiktaş,44,0,-1,0,212491,0,9,-1,65,0,1,4,0,8,0,0,41903,0,1,231,326,0,1,77,1,76,76,82,28,1,76,1,-1,76,1,0,0,216547,131728,0,216547,0,0,0,0,11,4,212491,4,327,0,180880,0,0,0,190113,0,0,212491,0,16,0,0,0,76,179,4,3,192387,0,212491,9,6,0,0,366,0,-1,263312,82
347,242,255,95000,40,250,240,1908,250,10,250,0,2,40,95,2,250,250,30,250,Lecce,133,0,-1,0,277839,0,2,-1,50,0,2,4,0,3,0,0,29122,0,1,695,1848,0,1,70,3,73,69,74,18,3,74,1,-1,73,1,0,0,251790,270464,0,251790,0,0,0,0,0,2,251790,6,347,0,4231296,0,0,0,268573,0,0,277839,0,0,0,4,0,73,136,8,1,277839,0,277839,2,1,0,0,316,0,-1,526464,73
357,20,235,2100,255,19,255,1920,217,225,19,20,1,54,20,1,19,217,255,19,Morecambe,20,0,-1,0,258969,0,2,-1,50,0,2,4,0,1,0,0,6476,0,0,328,110313,0,2,60,1,60,60,56,-2,2,60,0,-1,60,0,0,0,258969,263234,0,223941,0,0,0,0,0,1,211512,1,357,0,4218946,0,0,0,238260,1,0,229674,0,0,0,3,0,60,135,9,0,258969,0,258969,2,1,0,0,316,0,-1,528450,56
361,255,255,3200,1,1,231,1976,1,255,1,255,1,51,255,1,1,1,1,1,Stevenage,255,0,-1,0,245903,0,5,-1,50,0,2,4,0,1,0,0,7800,0,0,463,1923,0,2,64,1,63,61,65,0,2,64,0,-1,65,0,0,0,245903,263424,0,245903,0,0,0,0,0,2,245903,4,361,0,4219136,0,0,0,200731,0,0,245903,0,0,0,3,0,65,135,7,0,256164,0,245903,2,1,0,0,316,0,-1,528640,63
378,23,238,105000,250,182,250,1950,182,255,182,30,2,48,1,2,182,182,250,182,Stade Brestois 29,1,0,-1,0,231612,4,5,-1,65,0,2,4,0,4,0,0,15097,0,1,72,62,0,1,75,3,75,74,75,-4,2,73,1,-1,75,0,0,0,231612,132248,0,231612,0,0,0,0,0,2,231612,3,378,0,188568,0,0,0,215410,0,0,231612,0,0,0,4,0,76,100,6,1,231612,0,231612,2,3,0,0,366,0,-1,266392,75
379,1,235,120000,250,1,250,1931,1,255,1,1,2,49,1,2,1,1,250,1,Stade de Reims,1,0,-1,0,232905,4,4,-1,50,0,2,4,0,4,0,0,21127,13,1,399,76,0,1,74,1,74,74,72,4,2,75,1,-1,74,0,0,0,232905,263184,0,232905,0,0,0,0,2,3,242914,2,379,0,4218896,0,0,0,244309,0,0,232905,0,6,0,4,0,74,100,6,1,232905,0,232905,2,1,0,0,366,0,-1,528400,72
381,120,1,2200,255,94,255,1901,43,1,213,255,1,54,120,1,213,43,255,94,Barrow,255,0,-1,0,250786,0,5,-1,50,0,1,4,0,1,0,0,5045,5,0,814,357,0,0,62,3,61,61,61,-3,3,61,0,-1,62,0,0,0,250786,270592,0,250786,0,0,0,0,0,2,250786,1,381,0,4215040,0,0,1,187154,0,0,250786,0,0,0,3,0,62,135,8,0,238758,0,250786,2,1,0,0,316,0,-1,526592,61
383,115,6,150000,255,220,255,1914,220,255,220,69,2,-23,255,2,220,220,255,220,Palmeiras,255,0,-1,0,230481,0,10,-1,65,0,2,4,0,7,0,1,43713,25,0,434,598,2,1,77,15,76,77,78,-46,2,74,1,-1,74,1,1,0,230481,132160,1,230481,0,0,3,0,4,2,230481,7,383,0,188480,0,0,1,230481,1,0,230481,0,12,0,1,0,76,74,3,-3,230440,0,230481,7,8,0,0,366,0,-1,266304,78
393,5,5,80000,255,204,255,1926,202,25,206,5,2,40,25,2,206,202,255,204,PAOK,25,0,-1,0,220746,0,9,-1,50,0,2,4,0,6,0,1,29000,8,1,477,278,0,1,74,3,74,74,75,22,1,73,1,-1,73,1,0,0,220746,262672,1,220746,0,0,0,0,8,4,220746,2,393,0,4243984,0,0,0,220746,1,0,210455,0,4,0,8,0,74,141,2,2,220746,0,220746,9,5,0,0,366,0,-1,525328,75
417,86,2,21000,255,250,255,1911,250,56,250,158,1,62,139,1,250,250,255,250,Molde FK,222,0,-1,0,209335,0,9,-1,50,0,2,4,0,4,0,0,11249,3,1,320,298,2,1,69,15,68,69,68,7,1,67,1,-1,67,1,0,0,209335,262660,0,209335,0,0,0,0,6,2,223253,5,417,0,4227588,0,0,0,209335,0,0,209335,0,5,0,7,0,68,199,4,1,238236,0,209335,2,3,0,0,316,0,-1,525316,69
418,1,204,3900,250,250,250,1920,250,220,250,1,1,69,5,1,250,250,250,250,Tromsø IL,10,0,-1,0,177279,0,4,-1,50,0,1,4,0,2,0,0,6691,1,1,492,918,2,1,64,15,63,64,63,18,3,61,1,-1,61,1,0,0,177279,270336,0,177279,0,0,0,0,2,2,177279,7,418,0,4231168,0,0,0,177279,0,0,177279,0,0,0,7,0,62,199,6,1,262732,0,177279,2,1,0,0,316,0,-1,526336,64
420,255,255,10900,12,255,206,1948,255,17,255,255,1,50,73,1,255,255,0,255,Górnik Zabrze,147,0,-1,0,225996,0,7,-1,30,0,2,4,0,4,0,0,24563,0,1,536,1871,0,1,64,3,66,66,65,18,2,67,1,-1,65,1,0,0,225996,4195328,1,225996,0,0,0,0,6,3,225996,7,420,0,548864,0,0,1,225996,0,0,225996,0,14,0,5,0,64,127,5,1,150516,0,225996,2,3,0,0,316,0,-1,528384,64
423,49,222,977,255,255,255,1929,255,198,10,49,1,53,30,1,255,10,255,10,St Patrick's Athletic,40,0,-1,0,229249,0,7,-1,65,0,2,4,0,3,0,0,5340,13,1,143,306,0,1,63,1,62,63,63,-6,1,61,0,-1,61,0,0,0,229249,131730,0,202819,0,0,0,0,4,1,202819,3,423,0,180882,0,0,0,246079,0,0,229249,0,8,0,3,0,62,155,5,0,202819,0,229249,2,1,0,0,316,0,-1,263314,63
433,1,1,23300,1,211,255,1891,211,14,211,1,1,59,10,1,211,211,238,211,AIK,20,0,-1,0,219951,0,7,-1,65,0,2,4,0,4,0,1,50000,0,1,457,710,0,1,66,1,66,66,67,17,1,66,1,-1,66,1,0,0,219951,131840,0,219951,0,0,0,0,8,2,219951,5,433,0,148224,0,0,1,202605,0,0,219951,0,12,0,7,0,66,97,5,1,277262,0,219951,2,2,0,0,316,0,-1,263424,67
436,13,118,42000,255,1,90,1967,1,95,1,2,2,41,175,2,1,1,170,1,Trabzonspor,215,0,-1,0,205678,0,7,-1,65,0,2,4,0,7,0,1,41461,0,1,490,326,0,1,75,1,76,75,77,39,1,75,1,-1,75,1,0,0,205678,131649,0,205678,0,0,0,0,9,2,205678,8,436,0,164417,0,0,0,226300,0,0,205678,0,7,0,1,0,75,179,1,3,231652,0,205678,9,5,0,0,366,0,-1,263233,77
445,22,243,990,255,240,255,1928,240,223,100,45,1,54,3,1,240,10,255,20,Derry City,38,0,-1,0,229718,0,9,-1,50,0,2,4,0,3,0,0,7700,1,0,135,563,2,1,62,15,61,62,64,-7,1,60,0,-1,60,1,0,0,229718,262786,0,229718,0,0,0,0,6,2,229718,6,445,0,4227714,0,0,0,198485,0,0,229718,0,2,0,3,0,61,155,2,0,229718,0,229718,2,1,0,0,316,0,-1,525442,64
448,10,190,280000,255,255,255,1898,255,205,255,30,2,43,30,2,255,255,255,255,Athletic Club de Bilbao,30,0,-1,0,256516,0,7,-1,65,0,2,4,0,6,1,0,53331,0,2,53,457,0,1,80,1,80,81,79,-2,2,78,0,-1,79,2,0,0,205157,132224,3,256516,0,0,0,0,25,4,256516,10,448,0,155776,0,0,0,190149,0,0,256516,0,8,0,4,0,80,131,7,1,244675,0,256516,2,5,0,0,366,0,-1,266368,79
449,150,1,175000,255,90,255,1907,1,10,1,85,2,37,140,2,1,1,255,90,Real Betis Balompié,90,0,-1,0,226226,4,6,-1,50,0,1,4,0,5,1,0,60721,0,1,445,481,0,1,77,1,77,77,76,-5,1,75,0,-1,76,2,0,0,226226,262656,3,226226,0,0,0,0,3,3,226226,6,449,0,4227584,0,0,0,241867,0,0,226226,0,1,0,4,0,77,131,6,1,226226,0,226226,2,3,0,0,366,0,-1,525312,74
450,168,76,110000,255,255,255,1923,255,60,255,213,2,42,150,2,255,255,255,255,RC Celta de Vigo,200,0,-1,0,192629,4,6,-1,50,0,2,4,0,6,0,0,29000,0,1,515,110242,0,1,75,1,75,75,78,-8,1,73,0,-1,73,2,0,0,192629,262794,2,192629,0,0,0,0,0,3,192629,5,450,0,4194954,0,0,0,192629,0,0,192629,0,0,0,4,0,75,131,6,1,192629,0,192629,2,4,0,0,366,0,-1,525450,77
452,108,17,55000,255,1,255,1900,1,0,1,191,2,41,90,2,1,1,255,1,RCD Espanyol,170,0,-1,0,270728,0,4,-1,30,0,1,4,0,6,0,0,40500,0,2,36,241,0,1,73,1,72,72,75,2,3,71,0,-1,73,2,0,0,270728,4202496,2,270728,0,0,0,0,4,4,270728,6,452,0,544768,0,0,0,244622,1,0,270728,0,0,0,4,0,73,131,8,1,244622,0,270728,2,2,0,0,316,0,-1,526336,74
453,26,236,8000,0,26,10,1916,236,255,13,13,2,39,0,2,13,236,0,26,RCD Mallorca,0,0,-1,0,202648,0,3,-1,30,0,2,4,0,4,0,0,23142,0,2,369,483,0,1,76,1,76,77,77,2,3,76,2,-1,76,2,0,0,202648,4202824,1,202648,0,0,0,0,1,2,202648,5,453,0,561480,0,0,0,228805,0,0,202648,0,0,0,4,0,76,131,3,1,223710,0,202648,2,1,0,0,366,0,-1,526664,76
456,254,254,4400,9,244,55,1913,244,250,81,254,1,43,254,1,244,95,102,156,Racing de Santander,250,0,-1,0,243792,0,5,-1,50,0,2,4,0,4,0,0,22222,0,2,765,448,0,1,69,1,69,69,67,-3,1,68,2,-1,68,2,0,0,243792,262656,1,243792,0,0,0,0,0,3,243792,4,456,0,4227584,0,0,0,262501,0,0,243792,0,0,0,4,0,68,130,5,1,243792,0,243792,2,1,0,0,316,0,-1,525312,67
457,35,0,150000,255,73,255,1909,2,0,49,125,2,43,45,2,49,2,255,73,Real Sociedad,135,0,-1,0,230142,4,7,-1,90,0,2,4,0,6,0,0,40000,0,2,425,448,0,1,78,1,77,78,78,-1,1,76,0,-1,77,2,0,0,230142,66048,2,230142,0,0,0,0,3,4,248148,6,457,0,98816,0,0,0,230142,0,0,230142,0,2,0,4,0,78,131,5,1,230142,0,230142,2,4,0,0,366,0,-1,132096,77
459,5,221,17000,255,180,255,1905,180,200,180,4,1,43,0,1,180,180,255,180,Real Sporting de Gijón,0,0,-1,0,190143,4,7,-1,50,0,2,4,0,5,0,0,30000,0,2,183,110827,0,1,69,1,71,69,71,-5,1,71,0,-1,72,2,0,0,190143,262784,0,190143,0,0,0,0,0,4,190143,8,459,0,4194944,0,0,0,190143,1,0,224428,0,0,0,4,0,71,130,5,1,224428,0,224428,2,1,0,0,316,0,-1,525440,71
461,124,247,530000,255,1,255,1919,1,1,1,67,2,39,1,2,1,1,255,1,Valencia CF,1,0,-1,0,230786,4,7,-1,50,0,2,4,0,7,1,0,49430,0,2,504,1853,0,1,75,1,77,76,76,0,2,77,0,-1,76,2,0,0,230786,263313,3,230786,0,0,0,0,8,4,230786,6,461,1,4251793,0,0,0,211688,0,0,230786,0,6,0,4,0,76,131,2,1,230786,0,230786,2,6,0,0,366,0,-1,528529,77
462,52,142,11000,255,55,255,1928,1,80,1,175,2,41,0,2,1,1,255,55,Real Valladolid,112,0,-1,0,262581,4,2,-1,65,0,1,4,0,4,0,0,27618,0,1,506,459,0,1,72,1,71,72,73,-4,1,70,0,-1,72,2,0,0,258769,131584,2,262581,0,0,0,0,0,2,258139,5,462,0,131584,0,0,0,245238,1,0,258769,0,0,0,4,0,72,131,6,1,258139,0,258769,2,1,0,0,316,0,-1,263168,70
463,78,0,13000,255,120,255,1921,1,0,200,180,2,42,66,2,200,1,255,120,Deportivo Alavés,200,0,-1,0,240458,4,2,-1,50,0,2,4,0,3,0,0,19840,0,2,518,448,0,1,74,1,72,73,74,-2,3,71,0,-1,73,2,0,0,245157,270401,2,245157,0,0,0,0,0,4,244767,4,463,0,4214849,0,0,0,222464,1,0,240458,0,0,0,4,0,74,131,4,1,192678,0,240458,2,1,0,0,366,0,-1,526401,73
467,74,52,29000,98,255,219,1940,255,70,255,132,1,43,90,1,255,255,55,255,SD Eibar,150,0,-1,0,229337,4,8,-1,65,0,2,4,0,4,0,0,8164,0,2,149,457,0,1,70,1,69,69,69,-2,1,69,0,-1,69,2,0,0,229337,131718,2,229337,0,0,0,0,0,3,229337,2,467,0,148102,0,0,0,199986,1,0,229337,0,0,0,4,0,70,130,5,1,244197,0,229337,2,1,0,0,316,0,-1,263302,68
468,255,255,5000,60,110,40,1923,50,240,70,255,1,38,255,1,70,50,100,110,Elche CF,240,0,-1,0,208621,4,9,-1,90,0,2,5,0,2,0,0,31388,0,2,153,1853,0,1,68,1,71,70,70,0,3,69,0,-1,69,2,0,0,235522,73800,0,208621,0,0,0,0,0,4,208621,4,468,0,86088,0,0,0,229667,0,0,208621,0,0,0,4,0,70,130,7,1,258846,0,208621,2,1,0,0,316,0,-1,133192,74
472,235,255,45000,173,255,9,1949,255,255,255,0,2,28,204,2,255,255,78,255,UD Las Palmas,0,0,-1,0,251011,4,2,-1,50,0,2,4,0,4,0,0,32400,0,2,264,260,0,1,75,1,74,73,74,-15,1,73,0,-1,74,2,0,0,251011,262676,0,251011,0,0,0,0,0,4,251011,9,472,0,4227604,0,0,0,251011,0,0,251011,0,0,0,4,0,75,131,7,0,217731,0,251011,2,1,0,0,366,0,-1,525332,75
479,0,193,15000,93,200,18,1920,200,203,200,5,2,42,10,2,200,200,25,200,CA Osasuna,15,0,-1,0,211022,0,5,-1,30,0,2,4,0,4,0,0,23576,0,2,370,448,0,1,76,1,75,75,77,-1,3,73,2,-1,75,2,0,0,247495,4202624,1,211022,0,0,0,0,0,4,211022,7,479,0,544896,0,0,0,224003,0,0,211022,0,0,0,4,0,76,131,4,1,188335,0,211022,2,1,0,0,366,0,-1,526464,79
480,255,255,10000,0,200,255,1924,200,255,200,255,2,40,234,2,200,200,0,200,Rayo Vallecano,240,0,-1,0,232498,0,3,-1,50,0,1,4,0,5,0,0,14708,0,2,295,100888,0,1,77,1,76,76,77,-3,3,74,2,-1,75,2,0,0,232498,266242,1,232498,0,0,0,0,0,2,232498,5,480,0,4245506,0,0,0,243558,0,0,216447,0,0,0,4,0,76,131,6,1,232498,0,232498,2,1,0,0,366,0,-1,526338,76
481,0,249,540000,255,120,255,1905,120,230,120,0,2,37,0,2,120,120,255,120,Sevilla FC,0,0,-1,0,208421,4,8,-1,50,0,2,4,0,8,1,0,43883,0,1,445,449,0,1,74,1,77,74,73,-5,2,78,0,-1,78,2,0,0,208421,263176,3,208421,0,0,0,0,5,4,146536,7,481,7,4218888,0,0,0,146536,0,0,208421,0,1,0,4,0,77,131,7,1,208421,0,208421,2,8,0,0,366,0,-1,528392,73
483,230,250,370000,135,100,0,1923,1,255,1,100,2,39,215,2,1,1,50,100,Villarreal CF,0,0,-1,0,257279,4,8,-1,65,0,2,4,0,6,1,0,23500,0,2,517,461,0,1,79,1,77,79,78,0,1,76,0,-1,76,2,0,0,189513,131584,3,257279,0,0,0,0,0,2,189513,7,483,1,180736,0,0,0,157481,1,0,189513,0,0,0,4,0,78,131,5,1,189513,0,189513,2,7,0,0,366,0,-1,263168,78
485,255,255,85115,1,255,1,1896,255,1,255,255,1,52,157,1,255,255,1,255,Hannover 96,58,0,-1,0,262669,0,7,-1,65,0,2,3,1,4,0,0,49200,0,1,208,110500,0,1,69,3,69,69,70,9,1,71,1,-1,71,1,0,0,262669,131712,1,262669,0,0,0,0,1,2,262669,5,485,0,148096,0,0,0,186148,0,0,262669,0,2,0,4,0,70,115,2,1,210665,0,262669,2,1,0,0,316,0,-1,263296,67
487,37,95,8015,255,160,255,1899,160,128,160,159,1,52,0,1,160,160,255,160,VfL Osnabrück,128,0,-1,0,183632,4,9,-1,65,0,1,4,0,3,0,0,16667,0,1,635,531,0,1,64,3,63,62,65,8,2,62,2,-1,64,1,0,0,183632,132368,1,183632,0,0,0,0,0,2,183632,7,487,0,188688,0,0,0,199347,0,0,183632,0,0,0,4,0,65,123,6,1,183632,0,183632,2,1,0,0,316,0,-1,266512,63
489,1,1,17500,255,255,255,1910,255,50,1,1,1,40,160,1,255,1,255,1,Farense,50,0,-1,0,240259,0,2,-1,30,0,2,4,0,1,0,0,15000,0,1,824,1891,0,1,68,1,68,68,68,-8,2,68,1,-1,68,1,0,0,240259,4195392,0,240259,0,0,0,0,0,4,251326,2,489,0,548928,0,0,0,240316,0,0,240259,0,0,0,4,0,68,183,5,0,240316,0,240259,2,1,0,0,316,0,-1,528448,68
492,1,160,8980,1,220,1,1926,220,255,220,5,1,50,255,1,220,220,1,220,SV Wehen Wiesbaden,255,0,-1,0,257307,0,9,-1,65,0,2,4,0,1,0,0,15295,0,1,636,169,0,1,65,3,64,64,63,8,1,65,1,-1,66,1,0,0,276342,131592,1,257307,0,0,0,0,0,4,276342,2,492,0,180744,0,0,0,208776,0,0,276342,0,0,0,4,0,65,123,2,1,243445,0,276342,2,1,0,0,316,0,-1,263176,61
503,1,1,10330,1,255,255,1953,255,155,200,1,1,51,1,1,255,200,205,200,Dynamo Dresden,17,0,-1,0,234385,0,9,-1,65,0,2,4,1,5,0,0,32249,0,1,567,506,0,1,66,3,64,64,66,13,1,64,1,-1,66,1,0,0,234385,131728,1,234385,0,0,0,0,0,2,211872,6,503,0,180880,0,0,0,234385,0,0,211872,0,0,0,4,0,66,123,4,1,235157,0,211872,2,1,0,0,316,0,-1,263312,65
506,55,84,8270,100,200,202,1949,200,1,200,138,1,50,1,1,200,200,174,200,Erzgebirge Aue,1,0,-1,0,216255,0,7,-1,50,0,2,4,0,2,0,0,16485,0,1,568,503,0,1,64,1,61,61,67,12,3,60,1,-1,63,1,0,0,216255,270345,1,216255,0,0,0,0,0,2,216255,1,506,0,4214793,0,0,0,182520,0,0,216255,0,0,0,4,0,64,123,8,1,216255,0,216255,2,1,0,0,316,0,-1,526345,62
517,1,1,50000,255,255,255,1904,255,255,255,1,1,-22,255,1,255,255,255,255,Botafogo,255,0,-1,0,230397,0,7,-1,50,0,2,4,0,4,0,0,44661,0,0,402,567,0,1,72,1,71,72,71,-43,1,70,1,-1,70,1,1,0,230468,4198408,1,230397,0,0,0,0,0,2,230397,4,517,0,542728,0,0,1,230397,1,0,230468,0,2,0,1,0,71,74,3,-3,230516,0,230468,7,4,0,0,316,0,-1,526344,71
523,81,1,5100,1,255,1,1903,255,251,250,173,1,49,190,1,255,250,1,250,1. FC Saarbrücken,1,0,-1,0,256282,0,7,-1,65,0,2,4,0,3,0,0,16003,0,1,821,29,0,1,66,3,65,64,65,6,2,63,1,-1,64,1,0,0,256282,132096,0,256282,0,0,0,0,0,3,256282,2,523,0,155648,0,0,0,234279,0,0,256282,0,0,0,4,0,65,123,4,1,256282,0,256282,2,1,0,0,316,0,-1,266240,65
526,3,255,6100,254,156,255,1907,156,255,156,3,1,51,3,1,156,156,255,156,Rot-Weiß Essen,3,0,-1,0,231424,0,6,-1,50,0,1,4,0,5,0,0,20352,0,1,656,34,0,1,64,12,63,63,61,6,2,62,1,-1,64,1,0,0,231424,263424,0,260186,0,0,0,0,1,3,260186,8,526,0,4235520,0,0,0,217841,0,0,231424,0,1,0,8,0,64,123,3,1,231424,0,231424,2,1,0,0,316,0,-1,528640,62
531,150,0,7240,1,210,1,1906,210,255,210,94,1,51,255,1,210,210,1,210,Preußen Münster,255,0,-1,0,194431,0,1,-1,30,0,2,4,3,4,0,0,15000,0,1,609,159,0,1,66,15,66,66,66,7,2,64,1,-1,65,1,0,0,194431,4195592,1,229702,0,0,0,0,0,2,194431,6,531,0,549128,0,0,0,194431,0,0,194431,0,0,0,0,0,66,115,7,1,229702,0,194431,2,1,0,0,316,0,-1,528648,66
537,58,57,10000,20,255,255,2001,255,1,255,176,1,50,1,1,255,255,11,255,Dender,1,0,-1,0,72649,0,1,-1,30,0,2,4,0,1,0,0,6429,0,1,951,229,0,1,64,0,65,65,66,4,2,65,1,-1,64,1,0,0,72649,4195456,0,72649,0,0,0,0,0,2,72649,2,537,0,548992,0,0,0,72649,0,0,72649,0,0,0,8,0,65,122,3,1,72649,0,72649,2,1,0,0,316,0,-1,528512,66
543,1,227,8920,5,225,175,1907,225,255,225,15,1,48,255,1,225,225,11,225,Jahn Regensburg,255,0,-1,0,256634,0,1,-1,30,0,2,4,0,2,0,0,15210,1,1,615,111239,0,1,67,3,65,66,64,12,3,64,1,-1,64,1,0,0,256634,4202496,1,213644,0,0,0,0,0,2,213644,2,543,0,561152,0,0,0,213644,0,0,256634,0,0,0,4,0,66,115,7,1,213644,0,256634,2,1,0,0,316,0,-1,526336,64
563,0,242,947,255,220,255,1928,220,210,220,0,1,54,22,1,220,220,255,220,Sligo Rovers,8,0,-1,0,248723,0,6,-1,50,0,2,4,0,2,0,0,4000,1,0,455,445,0,1,60,0,60,60,59,-8,2,60,0,-1,60,1,0,0,248723,263488,0,241582,0,0,0,0,5,1,248723,7,563,0,4235584,0,0,0,243596,0,0,243637,0,3,0,3,0,60,155,7,0,240535,0,248723,2,1,0,0,316,0,-1,528704,59
567,112,5,30000,38,230,182,1902,230,255,230,67,2,-22,255,2,230,230,6,230,Fluminense,255,0,-1,0,230337,0,8,-1,65,0,2,4,0,5,0,0,78838,0,0,402,1043,0,1,72,3,72,72,74,-43,1,72,1,-1,72,1,0,0,230271,65537,0,230337,0,0,1,0,1,2,230337,9,567,0,98305,0,0,1,230271,1,0,230337,0,4,0,1,0,72,74,8,-3,230278,0,230337,7,5,0,0,316,0,-1,131073,74
568,52,4,47500,255,245,255,1921,245,255,245,170,1,-20,255,1,245,245,255,245,Cruzeiro,255,0,-1,0,234015,0,6,-1,65,0,2,4,0,6,0,0,61846,5,1,44,1035,0,1,72,1,72,72,71,-44,1,73,1,-1,73,1,0,0,230502,132165,0,234015,0,0,2,0,6,2,234015,6,568,0,270405,0,0,1,230318,1,0,234015,0,4,0,0,0,72,74,4,-3,230502,0,234015,7,5,0,0,316,0,-1,4198469,71
573,90,25,70000,255,50,255,1994,40,83,92,170,1,36,140,1,92,40,255,50,Málaga CF,195,0,-1,0,201295,4,2,-1,50,0,2,4,0,6,0,0,30044,0,2,298,481,0,1,67,1,67,67,66,-4,2,67,0,-1,66,2,0,0,201295,263168,0,264176,0,0,0,0,0,5,264176,7,573,0,4218880,0,0,0,235312,0,0,264176,0,0,0,4,0,67,130,8,1,200510,0,201295,2,1,0,0,316,0,-1,528384,65
576,83,1,26850,255,160,255,1900,160,226,170,151,1,54,1,1,170,160,255,160,Holstein Kiel,49,0,-1,1,188154,0,1,-1,30,0,2,4,0,1,0,0,15034,0,1,642,110329,0,1,70,3,67,67,70,10,3,66,1,-1,69,1,0,0,188154,4202498,1,188154,0,0,0,0,0,3,248175,5,576,0,544770,0,0,0,188154,0,0,188154,0,1,0,4,0,69,113,6,1,245622,0,188154,2,1,0,0,316,0,-1,526338,67
580,255,255,8990,1,146,1,1907,146,255,146,255,1,49,255,1,146,146,1,146,SV Elversberg,255,0,-1,0,271246,0,2,-1,65,0,2,4,0,1,0,0,10000,8,1,910,523,0,1,67,0,69,68,68,7,1,69,1,-1,67,1,0,0,271246,131584,0,271246,0,0,0,0,0,3,271246,3,580,0,131584,0,0,0,238631,1,0,271246,0,0,0,4,0,67,115,7,1,238631,0,271246,2,1,0,0,316,0,-1,263168,70
598,0,250,50000,255,230,255,1930,230,1,230,0,2,-23,1,2,230,230,255,230,São Paulo,1,0,-1,0,230385,0,7,-1,65,0,2,4,0,7,0,1,72039,0,0,434,383,0,1,72,1,73,72,73,-46,1,73,1,-1,73,1,1,0,230242,132224,1,230385,0,0,3,0,1,2,230385,9,598,1,148608,0,0,1,230222,1,0,230385,0,6,0,1,0,73,74,2,-3,230385,0,230385,7,8,0,0,316,0,-1,270464,73
605,1,1,450000,255,1,255,1957,1,1,1,204,2,24,1,2,1,1,255,1,Al Hilal,153,0,-1,0,222737,4,10,-1,90,0,2,4,1,6,0,0,68752,0,1,405,112139,0,1,79,1,78,79,82,46,1,75,1,-1,76,1,0,0,224293,66184,0,224293,0,0,0,0,11,3,224293,6,605,0,115336,0,0,1,229851,1,0,224293,0,19,0,1,0,78,64,1,3,215716,0,224293,9,7,0,0,366,0,-1,132232,82
607,255,255,350000,1,80,1,1927,52,255,53,1,2,21,255,2,53,52,1,80,Al Ittihad,255,0,-1,0,165153,4,8,-1,65,0,2,4,1,6,0,0,62345,0,1,232,112387,0,1,76,1,76,77,77,39,1,70,1,-1,69,1,0,0,165153,131713,0,234906,0,0,0,0,9,3,234906,9,607,0,180865,0,0,0,165153,0,0,165153,0,9,0,1,0,75,64,1,3,165153,0,165153,9,6,0,0,366,0,-1,263297,77
614,1,255,25000,250,1,250,1910,1,224,1,1,1,41,34,1,1,1,250,1,AC Ajaccio,16,0,-1,0,178160,4,3,-1,50,0,2,4,0,1,0,0,10446,1,1,6,58,0,1,67,1,65,67,64,8,1,64,1,-1,66,0,0,0,178160,262920,0,178160,0,0,0,0,0,2,178160,5,614,0,4211464,0,0,0,178160,0,0,178160,0,0,0,4,0,66,103,9,1,178160,0,178160,2,1,0,0,316,0,-1,525576,64
631,25,25,3500,255,25,255,1929,25,225,80,112,1,57,0,1,80,25,255,25,Ross County,0,0,-1,0,233865,0,2,-1,30,0,2,4,0,2,0,0,6541,0,0,137,77,0,0,64,1,62,63,62,-4,2,59,2,-1,62,0,0,0,246326,4195648,0,246326,0,0,0,0,0,2,246326,6,631,0,549184,0,0,0,216299,0,0,233865,0,0,0,3,0,63,173,8,0,233865,0,233865,2,1,0,0,316,0,-1,528704,63
634,240,240,22643,90,185,24,1968,185,4,185,50,1,50,4,1,185,185,160,185,Fortuna Sittard,4,0,-1,0,216349,0,4,-1,50,0,2,4,0,2,0,1,12511,0,2,677,1905,0,2,68,1,68,68,67,5,2,70,2,-1,70,2,0,0,216349,263176,2,216349,0,0,0,0,2,2,210386,1,634,0,4202504,0,0,0,197860,1,0,216349,0,0,0,4,0,69,170,1,1,216349,0,216349,2,1,0,0,316,0,-1,528392,66
670,5,5,37000,255,204,255,1904,202,1,206,5,1,50,1,1,206,202,255,204,Charleroi,1,0,-1,0,262925,0,5,-1,50,0,2,4,0,4,0,1,15000,8,1,103,232,0,1,69,1,68,69,71,4,2,68,1,-1,69,1,0,0,262925,263240,2,262925,0,0,0,0,0,3,262925,5,670,0,4218952,0,0,0,262925,0,0,262925,0,0,0,8,0,69,122,7,1,262925,0,262925,2,4,0,0,316,0,-1,528456,69
673,72,55,130000,255,72,255,1988,55,255,186,186,1,51,255,1,186,55,255,72,Genk,255,0,-1,0,260570,1,9,-1,65,0,2,4,0,6,0,1,24956,3,1,179,680,0,1,71,1,73,73,71,5,1,73,1,-1,72,1,0,0,260570,131608,2,260570,0,0,0,0,5,3,260570,8,673,0,147992,0,0,0,229659,0,0,260570,0,4,0,8,0,71,122,3,1,258911,0,260570,2,5,0,0,316,0,-1,263192,71
674,58,1,147000,255,255,255,1900,255,213,255,183,1,51,228,1,255,255,255,255,Gent,23,0,-1,0,266681,0,8,-1,65,0,2,4,0,6,0,0,20000,0,1,181,231,0,1,70,1,68,66,68,3,1,70,1,-1,74,1,0,0,266681,131714,1,266681,0,0,0,0,4,2,266681,6,674,0,148098,0,0,1,209547,1,0,266681,0,1,0,8,0,71,122,5,1,270787,0,266681,2,5,0,0,316,0,-1,263298,66
675,50,93,20000,250,255,250,2013,255,233,255,129,1,51,179,1,255,255,250,255,Beerschot,19,0,-1,0,208422,0,2,-1,30,0,2,4,0,3,0,0,12772,0,1,616,230,0,1,67,1,64,66,62,4,3,64,1,-1,65,1,0,0,208422,4202560,0,208422,0,0,0,0,0,3,208422,5,675,0,544832,0,0,0,208422,0,0,208422,0,0,0,8,0,65,122,7,1,264777,0,208422,2,1,0,0,316,0,-1,526400,60
680,238,249,40000,250,204,0,1924,202,46,206,19,1,50,41,1,206,202,0,204,Sint-Truiden,70,0,-1,0,232849,0,5,-1,50,0,2,4,0,3,0,0,14600,38,1,451,673,2,1,67,15,64,63,66,5,2,64,1,-1,68,1,0,0,232849,263168,0,232849,0,0,0,0,0,2,232849,3,680,0,4218880,0,0,0,210361,1,0,232849,0,0,0,8,0,67,122,8,1,277457,0,232849,2,3,0,0,316,0,-1,528384,65
681,244,249,55000,181,200,14,1933,200,229,200,0,1,51,224,1,200,200,113,200,Westerlo,20,0,-1,0,235661,0,3,-1,30,0,2,0,1,3,0,0,8035,38,1,526,110724,0,1,67,0,69,69,69,5,2,69,1,-1,68,1,0,0,235661,4195393,0,235661,0,0,0,0,1,1,235661,3,681,0,548929,0,0,0,162220,0,0,235661,0,0,0,8,0,68,122,4,1,235661,0,235661,2,1,0,0,316,0,-1,528449,69
687,240,255,194000,12,1,12,1996,1,255,1,0,1,39,240,1,1,1,12,1,Columbus Crew,0,0,-1,0,237034,4,6,-1,65,0,1,4,0,4,0,0,20000,0,1,114,113149,0,1,69,0,70,69,78,-83,1,70,0,-1,70,1,0,0,241907,131738,0,241907,0,0,0,0,1,9,241907,5,687,0,148122,0,0,0,202078,0,0,237034,0,3,0,6,0,70,41,4,-5,237034,0,237034,2,2,0,0,316,0,-1,263322,78
688,1,1,277000,255,1,255,1995,1,239,1,1,1,38,47,1,1,1,255,1,D.C. United,36,0,-1,0,211119,4,4,-1,90,0,2,4,0,4,0,0,20000,0,1,522,689,0,1,67,3,68,67,70,-76,1,68,0,-1,68,1,0,0,211119,66186,0,192955,0,0,0,0,3,2,192955,4,688,0,82570,0,0,0,184111,0,0,192955,0,4,0,6,0,68,41,9,-5,184111,0,211119,2,3,0,0,366,0,-1,132234,70
689,0,246,261000,255,1,255,1995,255,31,1,29,1,40,42,1,1,255,255,1,New York Red Bulls,62,0,-1,0,251834,4,7,-1,65,0,1,4,0,4,1,0,25000,0,1,210,112828,0,1,70,1,68,70,70,-74,2,67,0,-1,67,1,0,0,208448,132224,0,251834,0,0,0,0,0,2,208448,7,689,0,155776,0,1,0,208448,0,0,251834,0,0,0,6,0,68,41,6,-5,208448,0,251834,2,4,0,0,366,0,-1,266368,70
691,52,38,170500,255,52,255,1996,38,235,84,84,1,42,22,1,84,38,255,52,New England Revolution,52,0,-1,0,210930,4,5,-1,30,0,2,4,0,3,0,0,65878,0,1,166,689,2,1,70,15,69,70,69,-71,1,65,0,-1,65,1,0,0,210930,4194952,0,210930,0,0,0,0,1,2,210930,5,691,0,574088,0,0,0,210930,0,0,210930,0,0,0,6,0,69,41,6,-5,210930,0,210930,2,3,0,0,316,0,-1,525448,69
693,0,246,285500,255,255,255,1997,255,15,255,29,1,41,38,1,255,255,255,255,Chicago Fire FC,106,0,-1,0,213209,4,4,-1,50,0,2,4,0,2,0,0,61500,0,1,607,691,0,1,67,3,68,67,76,-87,2,68,0,-1,68,1,0,0,213209,263440,0,213209,0,0,0,0,4,3,260984,3,693,0,4219152,0,0,0,213209,0,0,213209,0,1,0,6,0,68,41,3,-6,233630,0,213209,2,1,0,0,366,0,-1,528656,76
694,1,129,160000,255,255,153,1995,255,155,1,14,1,39,1,1,255,255,204,1,Colorado Rapids,14,0,-1,0,237496,4,4,-1,90,0,2,4,0,2,0,0,18061,0,1,115,111065,0,1,68,1,67,68,66,-104,1,68,0,-1,68,1,0,0,245341,66368,0,237496,0,0,0,0,0,4,237496,3,694,0,82752,0,0,1,231985,0,0,237496,0,1,0,6,0,67,41,4,-7,237496,0,237496,2,1,0,0,316,0,-1,132416,66
695,0,220,168000,255,1,255,1995,1,1,1,0,1,33,62,1,1,1,255,1,FC Dallas,127,0,-1,0,217714,4,6,-1,30,0,1,4,0,3,0,0,20500,0,1,169,698,0,1,66,1,68,66,75,-96,3,65,0,-1,65,1,0,0,217714,4202504,0,217714,0,0,0,0,2,2,217714,6,695,0,561160,0,0,0,217714,1,0,217714,0,0,0,6,0,68,41,4,-6,244797,0,217714,2,2,0,0,316,0,-1,526344,75
696,156,118,182500,43,255,12,1995,255,255,124,191,1,39,255,1,255,35,24,69,Sporting KC,255,0,-1,0,221797,4,7,-1,50,0,2,4,0,3,0,1,18467,0,1,240,698,0,1,69,1,68,69,69,-94,1,68,0,-1,68,1,0,0,213313,262738,0,221797,0,0,0,0,4,2,221797,9,696,0,4211282,0,0,0,185068,1,0,221797,0,2,0,6,0,68,41,6,-6,192930,0,221797,2,2,0,0,316,0,-1,525394,69
697,255,255,412000,93,1,0,1995,1,255,1,255,1,34,210,1,1,1,36,1,Los Angeles Galaxy,0,0,-1,0,242816,0,9,-1,30,0,2,4,0,8,0,0,27000,14,1,97,112996,0,1,73,15,71,73,75,-118,1,69,0,-1,69,1,0,0,242816,4195072,0,70822,0,0,0,0,2,2,242816,4,697,0,541440,0,0,0,191648,0,0,242816,0,5,0,6,0,71,41,8,-8,241162,0,242816,2,6,0,0,366,0,-1,525568,75
698,114,255,188000,255,114,255,2005,255,1,50,50,1,30,1,1,50,255,255,114,Houston Dynamo,1,0,-1,0,243544,1,4,-1,65,0,1,4,0,4,0,0,22039,16,1,220,695,0,1,69,1,69,69,68,-95,1,68,0,-1,68,1,0,0,243544,131716,0,243544,0,0,0,0,2,2,243544,4,698,0,148100,0,0,0,156519,1,0,243544,0,2,0,6,0,69,41,5,-6,238504,0,243544,2,2,0,0,316,0,-1,263300,68
700,220,249,15550,1,1,1,1904,1,255,1,36,1,57,255,1,1,1,1,1,IF Elfsborg,30,0,-1,0,221919,0,7,-1,50,0,2,4,0,3,0,0,16200,0,1,62,319,2,1,61,15,66,61,67,12,3,67,1,-1,67,1,0,0,221919,270470,0,221919,0,0,0,0,3,2,221919,7,700,0,4214918,0,0,0,209063,0,0,221919,0,6,0,7,0,66,97,6,1,221919,0,221919,2,1,0,0,316,0,-1,526470,67
702,68,17,12700,255,169,255,1897,169,32,169,126,1,58,95,1,169,169,255,169,IFK Norrköping,223,0,-1,0,211177,0,6,-1,50,0,1,4,0,3,0,0,16000,0,1,349,320,2,1,65,15,64,65,67,16,2,62,1,-1,62,1,0,0,211177,263178,0,211177,0,0,0,0,6,2,211177,9,702,0,4251658,0,0,1,202905,0,0,211177,0,13,0,7,0,64,97,4,1,211177,0,211177,2,1,0,0,316,0,-1,528394,67
708,97,1,27900,255,169,255,1889,169,1,169,33,1,59,77,1,169,169,255,169,Hammarby IF,24,0,-1,0,197240,0,8,-1,50,0,1,4,0,4,0,1,30000,0,1,464,710,2,1,65,15,65,65,63,18,1,64,1,-1,64,1,0,0,197240,262792,0,197240,0,0,0,0,1,1,197240,3,708,0,4227720,0,0,0,197240,0,0,197240,0,1,0,7,0,65,97,3,1,197240,0,197240,2,2,0,0,316,0,-1,525448,63
710,128,1,30000,95,169,47,1891,169,15,169,255,1,59,125,1,169,169,62,169,Djurgårdens IF,210,0,-1,0,227855,0,9,-1,50,0,2,4,0,4,0,1,30000,0,1,464,433,2,1,67,15,67,67,69,18,1,66,1,-1,66,1,0,0,227855,262792,0,227855,0,0,0,0,5,2,247025,4,710,0,4227720,0,0,0,208440,0,0,247025,0,12,0,7,0,67,97,5,1,208440,0,227855,2,3,0,0,316,0,-1,525448,69
711,204,255,25550,1,169,1,1940,169,255,169,1,1,57,255,1,169,169,1,169,BK Häcken,255,0,-1,0,234488,0,8,-1,65,0,1,4,0,3,0,0,6316,18,1,218,319,2,1,69,15,68,69,67,11,1,68,1,-1,68,1,0,0,234488,131584,0,213613,0,0,0,0,3,2,234488,7,711,0,164352,0,0,0,213613,0,0,213613,0,1,0,7,0,68,97,4,1,234488,0,234488,2,2,0,0,316,0,-1,263168,67
718,146,0,10000,18,255,214,2020,255,255,255,63,1,38,255,1,255,255,2,255,Estrela da Amadora,255,0,-1,0,269740,0,1,-1,30,0,1,4,0,2,0,0,9288,0,1,929,10020,0,1,70,1,69,70,70,-9,1,67,1,-1,67,0,0,0,269740,4194880,0,269740,0,0,0,0,0,4,269740,1,718,0,524864,0,0,0,251447,0,0,269740,0,0,0,4,0,69,183,6,0,245240,0,269740,2,1,0,0,316,0,-1,525376,70
741,23,168,36200,255,255,255,1966,255,255,255,31,1,36,255,1,255,255,255,255,Antalyaspor,255,0,-1,0,186651,4,5,-1,50,0,1,4,0,4,0,0,32539,1,1,20,113142,0,1,69,12,68,69,70,30,1,66,0,-1,66,1,0,0,186651,262721,0,209782,0,0,0,0,0,5,209782,5,741,0,4244033,0,0,0,194077,0,0,186651,0,0,0,1,0,68,179,6,3,244628,0,186651,9,3,0,0,316,0,-1,525377,70
744,110,0,17500,255,1,255,1939,1,255,1,10,1,41,255,1,1,1,255,1,Rio Ave,255,0,-1,0,221506,0,3,-1,50,0,2,4,0,3,0,0,9065,0,1,516,1896,0,1,70,3,70,70,70,-8,1,70,1,-1,70,1,0,0,221506,262724,0,221506,0,0,0,0,0,2,221506,6,744,0,4244036,0,0,0,213374,1,0,221506,0,0,0,4,0,70,183,1,0,270983,0,221506,2,2,0,0,316,0,-1,525380,70
748,18,235,15000,255,1,255,1965,1,235,1,29,1,41,18,1,1,1,255,1,Samsunspor,29,0,-1,0,218745,0,4,-1,65,0,2,4,0,3,0,0,33919,1,1,924,436,0,1,70,1,69,69,69,36,3,68,1,-1,68,0,0,0,240040,139264,0,218745,0,0,0,0,0,2,240040,3,748,0,167936,0,0,0,223134,0,0,240040,0,0,0,5,0,69,179,10,3,218745,0,218745,2,3,0,0,316,0,-1,264192,69
753,88,29,950,252,115,252,1930,50,45,220,192,1,52,110,1,220,50,252,115,Waterford,201,0,-1,0,251262,0,4,-1,50,0,2,4,0,2,0,0,5500,3,0,663,423,0,0,58,1,58,58,57,-7,2,59,0,-1,59,0,0,0,251262,263248,0,251262,0,0,0,0,2,4,71148,2,753,0,4218960,0,0,0,251262,0,0,251262,0,6,0,3,0,58,155,8,0,183807,0,251262,2,1,0,0,316,0,-1,528464,57
819,76,9,70250,255,220,255,1992,220,10,220,187,2,55,74,2,220,220,255,220,FC København,177,0,-1,0,203362,0,10,-1,90,0,2,4,0,6,0,1,38065,0,1,248,269,0,1,73,1,72,74,70,12,1,72,1,-1,71,1,0,0,203362,66200,0,203362,0,0,0,0,9,1,203362,5,819,0,98968,0,0,1,207554,1,0,203362,0,15,0,7,0,72,80,3,1,224841,0,203362,2,4,0,0,316,0,-1,132248,70
820,18,228,8000,255,250,255,1885,250,227,250,1,1,57,18,1,250,250,255,250,AaB,1,0,-1,0,272932,0,4,-1,50,0,1,4,0,4,0,0,13600,0,1,1,271,0,1,59,1,64,60,64,9,1,66,1,-1,65,1,0,0,272932,262656,0,272932,0,0,0,0,3,2,272932,6,820,0,4211200,0,0,1,243371,1,0,272932,0,4,0,7,0,64,80,5,1,262904,0,272932,2,1,0,0,316,0,-1,525312,64
822,25,196,3250,255,255,255,1891,255,255,255,25,1,55,255,1,255,255,255,255,Vejle BK,255,0,-1,0,262579,0,1,-1,30,0,2,4,0,2,0,0,11060,15,1,690,271,0,1,63,0,64,62,62,9,2,65,1,-1,65,1,0,0,262579,4195392,0,262579,0,0,0,0,6,4,240563,7,822,0,581696,0,0,1,266123,0,0,262579,0,5,0,7,0,64,80,7,1,184143,0,262579,2,1,0,0,316,0,-1,528448,62
834,25,255,942,255,60,255,1895,10,222,40,25,1,53,39,1,40,10,255,60,Shelbourne,28,0,-1,0,240473,0,4,-1,50,0,2,4,0,3,0,1,4450,1,0,143,305,0,1,61,1,61,61,60,-6,1,61,1,-1,61,1,0,0,240473,262976,0,240473,0,0,0,0,7,1,240473,4,834,0,4211520,0,0,0,246591,1,0,240473,0,13,0,3,0,61,155,9,0,240473,0,240473,2,1,0,0,316,0,-1,525632,60
837,255,255,1050,1,22,1,1903,22,255,22,255,1,53,255,1,22,22,1,22,Dundalk,255,0,-1,0,202663,0,9,-1,30,0,2,4,0,4,0,0,4500,0,1,145,1572,2,1,57,15,57,57,55,-6,2,57,1,-1,57,0,0,0,202663,4195608,0,202663,0,0,0,0,12,1,202663,3,837,0,581912,0,0,0,207868,0,0,202663,0,14,0,3,0,57,155,3,0,202663,0,202663,2,2,0,0,316,0,-1,528664,55
873,81,0,23000,255,120,255,1922,120,65,120,156,1,52,121,1,120,120,255,120,Lech Poznań,198,0,-1,0,247144,0,10,-1,65,0,2,4,0,6,0,0,42837,0,1,388,1871,0,1,69,1,70,72,71,16,1,69,1,-1,68,1,0,0,258276,131730,1,247144,0,0,0,0,5,2,258276,9,873,0,148114,0,0,1,206626,0,0,247144,0,8,0,5,0,68,127,6,1,206626,0,247144,2,4,0,0,316,0,-1,263314,71
894,155,1,24700,255,230,255,1896,230,33,230,230,1,47,56,1,230,230,255,230,FC Zürich,129,0,-1,0,231027,0,6,-1,65,0,2,4,0,5,0,0,26104,0,1,539,322,0,1,68,0,66,66,69,8,2,64,1,-1,68,1,0,0,246168,132096,0,241635,0,0,0,0,10,5,241635,7,894,0,139264,0,0,1,204842,0,0,241635,0,13,0,4,0,68,180,8,1,231027,0,231027,2,2,0,0,316,0,-1,266240,67
896,4,230,65000,129,110,1,1893,110,1,110,22,1,47,7,1,110,110,7,110,FC Basel,169,0,-1,0,239016,0,7,-1,65,0,2,5,0,6,0,0,38512,0,1,41,900,0,1,68,3,69,69,70,7,1,67,1,-1,66,1,0,0,239016,131858,0,239016,0,0,0,0,13,4,239016,8,896,0,164626,0,0,1,239016,0,0,276969,0,20,0,4,0,69,180,8,1,252386,0,239016,2,4,0,0,316,0,-1,263442,72
897,98,0,34000,255,180,255,1901,180,255,180,170,1,47,255,1,180,180,255,180,FC Luzern,255,0,-1,0,268273,0,6,-1,50,0,2,4,0,5,0,0,16490,3,1,292,898,0,1,63,1,67,63,66,8,2,66,1,-1,66,1,0,0,270328,263296,0,278318,0,0,0,0,3,2,278318,8,897,0,4219008,0,0,0,262862,0,0,268273,0,1,0,4,0,67,180,7,1,275090,0,268273,2,3,0,0,316,0,-1,528512,67
898,148,45,33000,255,20,255,1879,20,45,20,88,1,47,168,1,20,20,255,20,FC St. Gallen,88,0,-1,0,210619,0,6,-1,65,0,2,4,0,5,0,0,19568,25,1,461,897,0,1,70,3,69,70,70,9,2,69,1,-1,68,1,0,0,210619,132226,0,210619,0,0,0,0,1,2,263745,10,898,0,172162,0,0,1,228645,0,0,263745,0,2,0,4,0,69,180,8,1,263745,0,210619,2,4,0,0,316,0,-1,266370,70
900,209,255,100000,1,102,1,1898,102,255,102,0,1,46,219,1,102,102,1,102,BSC Young Boys,0,0,-1,0,236657,0,10,-1,65,0,2,4,0,6,0,0,31120,12,1,48,896,2,1,70,15,71,71,71,7,1,70,1,-1,70,1,0,0,236657,131712,0,236657,0,0,0,0,8,2,236657,6,900,0,131712,0,0,0,219244,0,0,236657,0,17,0,4,0,71,180,7,1,235513,0,236657,2,4,0,0,316,0,-1,263296,71
918,228,255,27050,1,250,1,1916,250,235,250,1,1,67,210,1,250,250,1,250,FK Bodø/Glimt,1,0,-1,0,222227,0,9,-1,90,0,2,4,0,5,0,1,4616,0,1,58,418,2,1,72,15,71,73,70,14,1,69,1,-1,69,1,0,0,222227,66184,0,222227,0,0,0,0,2,3,222227,7,918,0,82568,0,0,1,222227,0,0,222227,0,3,0,7,0,70,199,6,1,222227,0,222227,2,4,0,0,316,0,-1,132232,72
919,19,204,9550,255,1,255,1908,1,245,1,25,1,60,10,1,1,1,255,1,SK Brann,12,0,-1,0,233379,0,5,-1,90,0,1,4,0,5,0,0,16750,1,1,46,298,0,1,66,1,65,65,65,5,2,63,1,-1,64,1,0,0,233379,66696,0,233379,0,0,0,0,7,1,233379,4,919,0,90248,0,0,0,238263,0,0,233379,0,3,0,7,0,65,199,4,1,233379,0,233379,2,1,0,0,316,0,-1,135304,66
922,51,51,6550,255,250,255,1907,250,198,250,102,1,59,36,1,250,250,255,250,Strømsgodset Toppfotball,5,0,-1,0,205291,0,5,-1,50,0,2,4,0,3,0,0,8935,0,1,142,299,2,1,64,15,63,62,62,10,3,65,1,-1,65,1,0,0,205291,270336,0,205291,0,0,0,0,5,2,205291,7,922,0,4198400,0,0,0,203363,1,0,205291,0,2,0,7,0,64,199,5,1,205291,0,205291,2,1,0,0,316,0,-1,526336,61
980,124,37,12650,2,37,136,1997,136,248,108,108,1,36,223,1,2,37,37,124,Daejeon Hana Citizen,0,0,-1,0,237091,4,7,-1,30,0,1,4,0,4,0,0,40535,0,0,131,982,0,1,68,1,67,68,65,127,2,65,0,-1,65,0,0,0,237091,4195329,0,237091,0,0,0,0,1,4,237091,6,980,0,565249,0,0,0,238098,0,0,237091,0,0,0,2,0,67,38,1,9,247471,0,237091,4,2,0,0,316,0,-1,528385,65
982,1,255,17630,1,1,1,1983,1,255,1,1,1,37,255,1,1,255,1,1,FC Seoul,255,0,-1,0,180283,0,7,-1,50,0,2,4,0,5,0,1,66704,4,1,443,1474,0,1,68,1,68,68,70,126,1,68,1,-1,68,1,0,0,180283,262656,1,180283,0,0,0,0,2,4,180283,8,982,0,4194816,0,0,0,180283,1,0,180283,0,6,0,2,0,68,38,2,9,228861,0,180283,4,6,0,0,316,0,-1,525312,70
1013,44,29,135000,17,255,217,1908,255,29,255,63,2,-34,44,2,255,255,27,255,San Lorenzo de Almagro,63,0,-1,0,267784,0,8,-1,50,0,2,4,0,7,0,1,47964,23,0,82,111711,0,1,71,3,71,71,71,-58,1,67,1,-1,68,1,1,0,267784,262920,2,267784,0,0,1,0,0,5,267784,6,1013,1,4211464,0,0,0,189575,0,0,267784,0,15,0,1,0,72,129,10,-3,267784,0,267784,7,7,0,0,316,0,-1,525576,70
1035,1,1,100000,255,255,255,1908,255,255,255,1,2,-19,255,2,255,255,255,255,Atlético Mineiro,255,0,-1,0,230463,0,8,-1,65,0,2,4,0,6,0,0,61846,0,1,44,567,0,1,75,1,75,75,77,-43,1,76,1,-1,76,1,0,0,230463,132232,1,230463,0,0,1,0,2,2,230463,5,1035,0,155784,0,0,1,230225,1,0,230463,0,2,0,1,0,75,74,1,-3,230384,0,230463,7,5,0,0,366,0,-1,266376,77
1039,0,220,77000,1,255,1,1924,255,255,255,29,2,-25,255,2,255,255,1,255,Athletico Paranaense,255,0,-1,0,230267,0,7,-1,65,0,2,4,0,4,0,0,42370,0,2,129,1043,0,1,72,1,74,72,74,-49,1,76,1,-1,76,1,1,0,230267,132228,0,230355,0,0,0,0,1,2,230355,8,1039,2,296068,0,0,1,230375,1,0,230267,0,1,0,1,0,74,74,7,-3,230497,0,230267,7,6,0,0,366,0,-1,4202628,74
1041,30,30,134000,250,250,250,1910,250,250,250,30,2,-23,250,2,250,250,250,250,Corinthians,250,0,-1,0,230364,0,7,-1,65,0,2,4,0,8,0,2,47605,8,1,434,383,0,1,72,3,73,72,75,-46,1,74,1,-1,74,0,1,0,230364,263432,2,230364,0,0,1,0,3,2,230364,5,1041,0,4219144,0,0,1,230258,1,0,230364,0,7,0,1,0,73,74,1,-3,230442,0,230364,7,6,0,0,316,0,-1,528648,75
1043,0,215,280000,1,230,1,1895,230,255,230,15,2,-22,255,2,230,230,1,230,Flamengo,255,0,-1,0,230406,0,10,-1,65,1,2,4,0,8,0,2,78838,0,0,402,567,0,1,76,3,76,76,77,-43,1,75,1,-1,75,1,1,0,230430,132244,1,230406,0,0,3,0,4,2,230460,7,1043,0,172180,0,0,1,230430,1,0,230406,0,7,0,1,0,76,74,2,-3,230430,0,230406,7,8,0,0,366,0,-1,266388,77
1048,0,200,35000,255,255,255,1909,255,255,255,0,2,-30,255,2,255,255,255,255,Internacional,255,0,-1,0,230431,0,7,-1,65,0,2,4,0,6,0,1,50128,1,1,386,1041,0,1,74,1,74,74,71,-51,1,75,1,-1,75,0,1,0,230276,262409,1,230183,0,0,2,0,1,2,230431,5,1048,1,4243721,0,0,0,230313,1,0,230183,0,3,0,1,0,74,74,2,-3,230183,0,230183,7,5,0,0,366,0,-1,524553,71
1318,255,255,0,6,1,241,1863,1,255,1,255,3,51,255,3,1,1,6,1,England,255,0,-1,0,237692,0,10,-1,30,0,2,4,0,0,0,0,90000,0,0,0,1337,0,1,86,1,85,86,87,0,1,83,0,-1,83,0,0,0,237692,4194880,2,237692,0,0,0,0,0,3,237692,0,1318,0,557632,0,0,0,202126,0,0,237692,0,0,0,3,0,85,141,0,0,202126,0,237692,2,8,0,0,366,0,-1,525376,87
1328,255,255,0,21,250,228,1912,250,4,250,255,2,43,52,2,250,250,24,250,Croatia,177,0,-1,0,177003,0,10,-1,50,0,2,4,0,0,0,0,34198,0,1,0,1886,0,1,80,1,78,80,78,16,1,77,1,-1,77,0,0,0,177003,262656,0,177003,0,0,0,0,0,4,177003,0,1328,0,4211200,0,0,0,177003,0,0,177003,0,0,0,5,0,78,141,0,1,177003,0,177003,2,6,0,0,366,0,-1,525312,78
1330,27,225,0,163,1,59,1901,1,255,1,34,2,50,255,2,1,1,90,1,Czech Republic,255,0,-1,0,253727,4,10,-1,30,0,1,4,0,0,0,0,21000,0,1,0,1337,0,1,75,3,75,75,76,14,3,75,0,-1,75,0,0,0,253727,4198400,0,244470,0,0,0,0,0,1,244470,0,1330,0,542720,0,0,0,236792,1,0,253727,0,0,0,5,0,75,152,0,1,236792,0,253727,2,4,0,0,366,0,-1,526336,76
1331,4,154,0,255,169,255,1889,169,153,169,8,2,55,3,2,169,169,255,169,Denmark,8,0,-1,0,190460,0,10,-1,50,0,2,4,0,0,0,0,38065,0,1,0,1363,0,1,79,1,78,79,77,12,1,78,1,-1,78,0,0,0,190460,262720,0,190460,0,0,0,0,0,2,190460,0,1331,0,4227648,0,0,1,163587,0,0,190460,0,0,0,7,0,78,141,0,1,190460,0,190460,2,5,0,0,366,0,-1,525376,77
1334,255,255,0,204,102,0,1907,0,255,204,255,2,60,235,2,204,0,102,102,Finland,245,0,-1,0,228312,0,10,-1,30,0,2,4,0,0,0,0,36200,0,1,0,1363,0,1,73,1,72,73,72,24,3,67,0,-1,67,1,0,0,228312,4202496,0,228312,0,0,0,0,0,2,228312,0,1334,0,528384,0,0,0,190941,0,0,228312,0,0,0,7,0,72,141,0,2,220165,0,228312,2,2,0,0,316,0,-1,526336,72
1335,73,16,0,255,1,255,1904,1,255,1,128,3,48,1,3,1,1,255,1,France,1,0,-1,0,231747,4,10,-1,50,0,1,4,0,0,0,0,80000,0,1,0,1343,0,1,84,1,85,84,85,2,2,85,0,-1,85,1,0,0,231747,263168,0,231443,0,0,0,0,0,3,231443,0,1335,0,4251648,0,0,0,231747,0,0,231747,0,0,0,4,0,85,141,0,1,231747,0,231747,2,10,0,0,366,0,-1,528384,85
1337,255,255,0,1,135,1,1900,135,15,135,255,3,51,145,3,135,135,1,135,Germany,120,0,-1,0,227647,4,10,-1,65,0,2,4,0,0,0,0,47800,0,1,0,1318,0,1,84,1,84,84,78,12,2,84,0,-1,84,0,0,0,212622,132224,0,212622,0,0,0,0,0,2,227647,0,1337,0,172160,0,0,0,212622,1,0,212622,0,0,0,4,0,84,110,0,1,235790,0,212622,2,9,0,0,366,0,-1,266368,78
1341,91,36,0,255,139,255,1947,34,221,34,167,1,64,23,1,34,34,255,139,Iceland,11,0,-1,0,191076,0,10,-1,30,1,1,4,0,0,0,0,9800,0,1,0,1331,0,1,70,1,70,70,68,-21,3,68,1,-1,68,1,0,0,191076,4202560,0,191076,0,0,0,0,0,2,191076,0,1341,0,544832,0,0,0,189167,0,0,191076,0,0,0,7,0,70,152,0,0,191076,0,191076,2,3,0,0,316,0,-1,526400,68
1343,107,0,0,250,250,250,1898,250,0,250,187,2,41,107,2,250,250,250,250,Italy,187,0,-1,0,226268,0,10,-1,50,0,1,4,0,0,0,0,73261,0,1,0,1335,0,1,81,1,82,81,78,12,2,81,0,-1,81,1,0,0,241096,263168,1,241096,0,0,0,0,0,4,241096,0,1343,0,4235264,0,0,0,230621,1,0,226268,0,0,0,4,0,82,110,0,1,241850,0,226268,2,8,0,0,366,0,-1,528384,78
1352,5,164,0,255,1,255,1902,1,17,1,1,2,59,51,2,1,1,255,1,Norway,210,0,-1,0,222665,0,10,-1,50,0,1,4,0,0,0,0,27200,0,1,0,1363,0,1,77,1,77,77,80,10,2,74,1,-1,74,0,0,0,222665,263168,0,222665,0,0,0,0,0,2,222665,0,1352,0,4218880,0,0,0,222665,1,0,222665,0,0,0,7,0,77,141,0,1,239085,0,222665,2,3,0,0,366,0,-1,528384,80
1353,2,255,0,255,220,255,1919,220,221,1,2,2,52,22,2,220,1,255,1,Poland,22,0,-1,0,210406,0,10,-1,30,0,2,4,0,0,0,0,58580,0,1,0,1337,0,1,75,1,76,75,78,21,3,74,0,-1,74,1,0,0,210406,4198400,0,210406,0,0,0,0,0,2,210406,0,1353,0,542720,0,0,0,188545,1,0,210406,0,0,0,5,0,76,141,0,1,188545,0,210406,2,5,0,0,366,0,-1,526336,78
1354,10,210,0,2,255,0,1914,255,20,255,15,3,38,130,3,255,255,100,255,Portugal,0,0,-1,0,20801,0,10,-1,65,0,2,4,0,0,0,2,37593,0,1,0,1362,0,1,84,1,84,84,85,-9,1,83,1,-1,83,1,0,0,212198,131584,2,212198,0,0,0,0,0,5,212198,0,1354,0,164352,0,0,0,20801,0,0,20801,0,0,0,4,0,84,141,0,0,20801,0,20801,2,8,0,0,366,0,-1,263168,85
1355,153,0,0,255,110,255,1921,0,10,60,76,2,53,140,2,60,0,255,110,Republic of Ireland,31,0,-1,0,228151,0,10,-1,50,0,2,4,0,0,0,0,51700,0,0,0,110081,0,1,73,1,73,73,73,-6,3,73,0,-1,73,1,0,0,228151,270464,0,228151,0,0,0,0,0,3,228151,0,1355,0,4247680,0,0,0,248484,0,0,228151,0,0,0,3,0,73,161,0,0,259608,0,228151,2,4,0,0,316,0,-1,526464,73
1356,204,255,0,1,1,255,1909,1,1,1,1,2,44,1,2,1,1,1,1,Romania,204,0,-1,0,212207,0,10,-1,30,0,1,4,0,0,0,0,55634,0,1,0,1886,0,1,73,3,73,73,71,26,3,72,1,-1,72,1,0,0,212207,4202568,1,212207,0,0,0,0,0,5,212207,0,1356,0,577608,0,0,0,212207,1,0,212207,0,0,0,5,0,73,141,0,2,212207,0,212207,2,5,0,0,316,0,-1,526408,71
1359,55,20,0,255,1,255,1873,1,250,1,150,2,55,240,2,1,1,255,1,Scotland,1,0,-1,0,210881,4,10,-1,50,0,2,4,0,0,0,0,52063,0,0,0,1318,0,1,75,3,75,75,76,-4,2,75,0,-1,75,0,0,0,216267,263168,0,210881,0,0,0,0,0,3,210881,0,1359,0,4218880,0,0,0,216267,0,0,210881,0,0,0,3,0,75,110,0,0,210881,0,210881,2,4,0,0,366,0,-1,528384,76
1362,8,181,0,25,1,255,1909,1,200,1,16,3,40,44,3,1,1,173,1,Spain,22,0,-1,0,256516,4,10,-1,90,0,2,4,0,0,0,0,68456,0,0,295,1343,0,1,84,1,84,84,83,-3,1,83,0,-1,83,0,0,0,256516,66176,0,256516,0,0,0,0,0,3,277643,0,1362,0,98944,0,0,0,201153,0,0,256516,0,0,0,4,0,84,110,0,1,201153,0,256516,2,10,0,0,366,0,-1,132224,83
1363,221,253,0,180,211,1,1904,211,250,211,26,2,59,210,2,211,211,106,211,Sweden,5,0,-1,0,247394,0,10,-1,65,0,2,4,0,0,0,0,50000,0,1,0,1331,0,1,74,1,77,74,85,17,2,77,1,-1,77,0,0,0,247394,132160,0,247394,0,0,0,0,0,3,247394,0,1363,0,155712,0,0,1,221660,0,0,247394,0,0,0,7,0,77,110,0,1,241651,0,247394,2,4,0,0,366,0,-1,266304,85
1366,207,252,0,196,255,28,1991,255,252,255,27,2,50,207,2,255,255,90,255,Ukraine,27,0,-1,0,227813,0,10,-1,50,1,2,4,0,0,0,0,70050,0,1,0,1367,0,1,76,1,78,76,78,30,3,75,0,-1,75,1,0,0,227813,266240,0,227813,0,0,0,0,0,2,227813,0,1366,0,4212736,0,0,0,227813,0,0,227813,0,0,0,5,0,78,141,0,2,227813,0,227813,2,5,0,0,366,0,-1,526336,78
1367,15,218,0,255,100,255,1876,1,1,1,4,2,51,181,2,1,1,255,100,Wales,1,0,-1,0,220710,0,10,-1,50,0,2,4,0,0,0,0,33280,0,1,0,1318,0,1,72,1,73,72,72,-3,2,74,0,-1,74,0,0,0,220710,263232,0,232104,0,0,0,0,0,3,232104,0,1367,0,4218944,0,0,0,205923,1,0,220710,0,0,0,3,0,73,110,0,0,220710,0,220710,2,3,0,0,316,0,-1,528448,72
1369,200,125,0,255,255,255,1893,255,100,255,255,3,-34,175,3,255,255,255,255,Argentina,225,0,-1,0,158023,0,10,-1,65,0,1,4,0,0,0,0,54000,0,0,0,1337,0,1,84,1,83,84,87,-58,1,81,1,-1,81,1,1,0,158023,131712,0,158023,0,0,0,0,0,3,158023,0,1369,0,164480,0,0,0,158023,0,0,158023,0,0,0,1,0,83,110,0,-3,158023,0,158023,7,10,0,0,366,0,-1,263296,87
1386,124,12,0,250,250,250,1922,250,186,250,68,2,19,27,2,250,250,250,250,Mexico,27,0,-1,0,222382,0,10,-1,50,0,2,3,0,0,0,0,81070,0,1,483,1387,0,1,77,1,76,77,77,-99,2,74,0,-1,74,1,0,0,222382,263508,0,222382,0,0,0,0,0,2,224574,0,1386,0,4219220,0,0,0,235844,1,0,222382,0,0,0,1,0,76,110,0,-6,204838,0,222382,7,7,0,0,366,0,-1,528724,77
1387,7,241,0,92,255,0,1913,255,255,255,16,2,34,255,2,255,255,37,255,United States,255,0,-1,0,227796,4,10,-1,65,0,1,4,0,0,0,0,27000,0,1,0,1386,2,1,76,15,76,76,77,-118,2,76,0,-1,76,1,0,0,227796,132224,0,227796,0,0,0,0,0,2,227796,0,1387,0,155776,0,0,0,227796,0,0,227796,0,0,0,6,0,76,141,0,-8,227796,0,227796,2,6,0,0,366,0,-1,266368,77
1438,0,255,16000,0,255,245,1927,255,255,255,0,1,37,255,1,255,255,0,255,Santa Clara,255,0,-1,0,271132,0,3,-1,50,0,2,4,0,2,0,0,12500,0,1,671,1891,0,1,68,3,69,68,70,-25,2,69,1,-1,69,1,0,0,271562,263168,0,271562,0,0,0,0,0,4,271132,2,1438,0,4218880,0,0,0,271571,0,0,271132,0,0,0,4,0,69,183,6,-1,271562,0,271132,2,1,0,0,316,0,-1,528384,70
1439,24,239,7500,255,169,255,1910,169,230,169,33,1,56,20,1,169,169,255,169,Kalmar FF,28,0,-1,0,221662,0,3,-1,50,0,1,4,0,2,0,1,12000,0,1,239,112072,0,1,64,1,64,64,66,16,1,63,1,-1,63,1,0,0,193358,262656,0,193358,0,0,0,0,3,2,193358,8,1439,0,4227584,0,0,1,221662,0,0,193358,0,1,0,7,0,64,97,8,1,221662,0,193358,2,1,0,0,316,0,-1,525312,66
1443,113,0,8050,255,250,255,1896,250,0,250,97,1,56,140,1,250,250,255,250,Viborg FF,110,0,-1,0,241150,0,2,-1,30,0,2,4,0,1,0,0,10000,25,0,512,1516,0,1,66,1,66,66,64,9,2,67,1,-1,67,1,0,0,241150,4195328,0,241150,0,0,0,0,1,2,241150,2,1443,0,548864,0,0,1,215686,0,0,241150,0,0,0,7,0,66,80,6,1,263239,0,241150,2,1,0,0,316,0,-1,528384,64
1447,204,172,4000,255,169,255,2004,169,52,169,255,1,55,67,1,169,169,255,169,Sønderjyske Fodbold,134,0,-1,0,73301,0,3,-1,50,0,1,4,0,2,0,0,10100,0,1,204,822,0,1,61,1,62,61,60,9,1,62,1,-1,62,1,0,0,73301,262730,0,73301,0,0,0,0,1,2,73301,4,1447,0,4244042,0,0,0,238051,1,0,73301,0,0,0,7,0,62,80,6,1,73298,0,73301,2,1,0,0,316,0,-1,525386,60
1456,255,255,6450,1,1,1,1894,1,255,1,255,1,59,255,1,1,1,1,1,Odds Ballklubb,255,0,-1,0,148696,0,6,-1,30,0,2,4,0,3,0,0,11767,0,1,454,1757,2,1,66,15,65,65,64,9,3,65,1,-1,65,1,0,0,148696,4202754,0,148696,0,0,0,0,12,2,148696,7,1456,0,528642,0,0,0,190979,0,0,148696,0,0,0,7,0,66,199,6,1,148696,0,148696,2,1,0,0,316,0,-1,526594,63
1463,255,255,3600,255,169,1,1993,169,245,169,255,1,59,225,1,169,169,1,169,FK Haugesund,235,0,-1,0,239175,0,5,-1,30,0,1,4,0,2,0,0,8754,5,1,212,300,0,1,62,3,61,61,64,5,2,59,1,-1,62,1,0,0,239175,4195592,0,239175,0,0,0,0,0,5,239175,5,1463,0,581896,0,0,0,246954,0,0,239175,0,0,0,7,0,63,199,7,1,269414,0,239175,2,1,0,0,316,0,-1,528648,64
1473,102,1,17080,255,204,255,1983,255,255,204,204,1,35,204,1,1,1,255,102,Ulsan HD FC,1,0,-1,0,213471,0,9,-1,50,0,2,4,0,7,0,0,43554,5,1,501,1474,0,1,71,1,70,71,72,129,1,68,1,-1,68,1,0,0,213471,262674,1,213471,0,0,0,0,1,4,213471,5,1473,0,4211218,0,0,0,201528,0,0,213471,0,5,0,2,0,70,38,1,9,213189,0,213471,4,7,0,0,316,0,-1,525330,72
1474,1,204,8800,1,1,1,1973,1,255,1,1,1,35,255,1,1,204,1,1,Pohang Steelers,255,0,-1,0,229343,0,6,-1,30,0,1,4,0,5,0,0,17443,17,1,382,1473,0,1,69,1,68,69,67,129,1,69,1,-1,69,1,0,0,229343,4194832,1,229343,0,0,0,0,5,4,229343,7,1474,0,557584,0,0,0,229343,1,0,229343,0,5,0,2,0,68,38,6,9,232269,0,229343,4,4,0,0,316,0,-1,525328,67
1477,204,1,17730,1,1,1,1994,1,255,1,1,1,35,255,1,1,1,1,204,Jeonbuk Hyundai Motors,255,0,-1,0,228007,0,8,-1,30,0,1,4,0,6,0,0,42477,25,1,233,1473,0,1,68,1,67,68,68,127,3,66,1,-1,66,1,0,0,227659,4202626,1,228007,0,0,0,0,5,4,227659,3,1477,0,561282,0,0,0,243673,0,0,228007,0,9,0,2,0,67,38,2,9,267825,0,228007,4,6,0,0,316,0,-1,526466,68
1478,128,255,9780,1,255,255,1982,255,250,1,1,1,33,250,1,255,255,1,128,Jeju United,250,0,-1,0,237919,0,6,-1,30,0,1,4,0,3,0,0,29791,3,1,441,982,0,1,67,1,67,67,65,126,2,66,0,-1,66,1,0,0,251580,4195456,0,237919,0,0,0,0,0,4,237919,7,1478,0,565376,0,0,0,232065,1,0,251580,0,1,0,2,0,67,38,4,9,238763,0,237919,4,2,0,0,316,0,-1,528512,65
1480,1,1,2300,255,80,255,1904,0,225,200,200,1,54,1,1,200,0,255,80,Carlisle United,1,0,-1,0,72765,0,6,-1,30,0,2,4,0,3,0,0,17949,0,0,95,381,0,2,64,1,63,63,60,-2,2,63,0,-1,61,0,0,0,72765,4195332,0,72765,0,0,0,0,0,2,72765,9,1480,0,548868,0,0,0,228928,0,0,72765,0,0,0,3,0,63,135,7,0,226950,0,72765,2,1,0,0,316,0,-1,528388,60
1516,33,224,42500,1,211,1,1999,211,221,211,34,2,56,30,2,211,211,1,211,FC Midtjylland,27,0,-1,0,278012,0,9,-1,50,0,2,4,0,5,0,0,11800,0,1,216,1443,0,1,71,1,72,71,72,8,2,72,1,-1,72,1,0,0,278012,263296,0,278012,0,0,0,0,2,1,278012,7,1516,0,4202624,0,0,1,234472,1,0,278012,0,4,0,7,0,72,80,2,1,257536,0,278012,2,3,0,0,316,0,-1,528512,73
1530,250,250,70000,1,1,1,1919,1,250,1,250,1,47,250,1,1,1,1,1,Angers SCO,250,0,-1,0,245283,4,2,-1,30,0,2,4,0,2,0,0,15679,0,1,17,1814,0,1,71,3,70,71,70,0,3,68,1,-1,69,0,0,0,246297,4202754,1,245283,0,0,0,0,0,4,245283,3,1530,0,545026,0,0,1,246297,0,0,245283,0,0,0,4,0,70,100,8,1,246297,0,245283,2,1,0,0,316,0,-1,526594,69
1571,21,143,975,241,255,167,1937,255,255,255,82,1,53,255,1,255,255,213,255,Galway United,255,0,-1,0,202731,0,5,-1,30,0,2,4,0,1,0,0,5000,0,0,173,563,0,2,59,7,60,59,57,-9,2,61,0,-1,61,0,0,0,202731,4195328,0,202731,0,0,0,0,1,1,202731,2,1571,0,548864,0,0,0,202731,1,0,202731,0,0,0,0,0,60,155,10,0,200404,0,202731,2,1,0,0,316,0,-1,528384,57
1572,17,123,945,250,10,135,1919,10,165,10,40,1,53,30,1,10,10,206,10,Drogheda United,43,0,-1,0,236845,0,3,-1,50,0,2,4,1,2,0,0,2000,0,0,634,837,0,1,57,1,57,57,60,-6,2,57,0,-1,57,0,0,0,227082,263492,0,227082,0,0,0,0,1,3,227082,2,1572,0,4219204,0,0,0,198990,0,0,236845,0,1,0,3,0,57,155,8,0,269954,0,236845,2,1,0,0,316,0,-1,528708,60
1629,174,0,45000,255,230,255,1903,230,1,230,239,1,-29,1,1,230,230,255,230,Grêmio,1,0,-1,0,230420,0,8,-1,50,0,2,4,0,6,0,1,55662,0,1,386,1048,0,1,70,3,71,70,72,-51,3,71,1,-1,71,1,1,0,230263,132488,0,230250,0,0,3,0,5,2,230289,6,1629,0,181640,0,0,1,230263,1,0,230420,0,2,0,1,0,71,74,6,-3,230240,0,230420,7,8,0,0,316,0,-1,270728,72
1704,130,37,6000,255,255,255,1897,255,0,255,52,1,53,0,1,255,255,255,255,Yverdon-Sport,0,0,-1,0,250765,0,2,-1,50,0,2,4,0,2,0,0,7600,25,1,930,1862,0,1,66,7,67,66,65,18,2,65,1,-1,65,1,0,0,250765,263488,0,244442,0,0,0,0,0,2,244442,4,1704,0,4219200,0,0,0,244442,0,0,250765,0,0,0,4,0,66,180,9,1,73236,0,250765,2,1,0,0,316,0,-1,528704,65
1713,1,255,11400,1,255,1,1896,255,255,255,1,1,47,255,1,255,255,1,255,FC Winterthur,255,0,-1,0,256980,0,4,-1,30,0,2,4,0,4,0,0,9400,1,1,905,894,0,1,67,12,66,68,65,8,3,64,1,-1,64,1,0,0,210538,4202512,0,210538,0,0,0,0,0,2,210538,2,1713,0,561168,0,0,0,269564,0,0,256980,0,3,0,4,0,66,180,8,1,210538,0,256980,2,1,0,0,316,0,-1,526352,64
1738,191,153,72000,90,1,45,1894,1,250,1,230,1,49,250,1,1,1,62,1,Le Havre AC,250,0,-1,0,236629,4,2,-1,50,0,2,4,0,3,0,0,25178,0,1,267,210,0,1,71,3,72,71,72,0,2,72,1,-1,72,0,0,0,236629,263168,1,236629,0,0,0,0,1,2,236629,8,1738,0,4202496,0,0,0,262237,0,0,236629,0,0,0,4,0,72,100,9,1,210450,0,236629,2,1,0,0,316,0,-1,528384,72
1744,235,255,17500,98,250,0,1912,250,0,250,0,1,44,83,1,250,250,16,250,Modena,166,0,-1,0,224982,0,5,-1,65,0,2,4,0,2,0,0,21151,27,1,319,189,0,1,68,3,69,67,70,10,2,67,0,-1,67,1,0,0,224982,132096,0,224982,0,0,0,0,0,1,224982,4,1744,0,139264,0,0,0,225428,0,0,224982,0,0,0,4,0,69,169,7,1,224982,0,224982,2,1,0,0,316,0,-1,266240,69
1745,62,22,50000,250,250,250,1907,250,40,250,147,2,45,112,2,250,250,250,250,Como,194,0,-1,0,277846,0,4,-1,50,0,2,4,0,2,0,0,13602,0,1,117,111811,0,1,73,3,73,73,76,9,3,72,1,-1,73,1,0,0,235949,270464,0,235949,0,0,0,0,0,4,235949,5,1745,0,4231296,0,0,1,237715,0,0,277846,0,0,0,4,0,74,136,5,1,237715,0,277846,2,2,0,0,366,0,-1,526464,76
1746,90,32,65000,250,250,250,1920,250,47,250,167,1,43,118,1,250,250,250,250,Empoli,215,0,-1,0,247888,0,2,-1,30,0,2,4,0,2,0,0,16284,0,1,154,110374,0,1,71,3,72,72,73,10,2,72,1,-1,71,1,0,0,247888,4195456,2,247888,0,0,0,0,0,2,247888,9,1746,0,581760,0,0,0,258782,0,0,247888,0,0,0,4,0,72,136,10,1,256899,0,247888,2,1,0,0,316,0,-1,528512,73
1750,160,21,60000,1,204,1,1899,202,250,206,74,1,51,250,1,206,202,1,204,Cercle Brugge,250,0,-1,0,237254,0,6,-1,90,0,2,4,0,3,0,1,29062,0,1,78,231,0,1,67,1,68,66,70,3,1,65,1,-1,65,1,0,0,201438,66069,2,201438,0,0,0,0,2,4,201438,8,1750,0,115221,0,0,0,251189,1,0,237254,0,3,0,8,0,68,122,7,1,237254,0,237254,2,2,0,0,316,0,-1,132117,70
1756,149,0,3200,255,250,255,1918,250,0,250,67,1,60,149,1,250,250,255,250,HamKam Fotball,67,0,-1,0,267688,0,2,-1,50,0,2,4,0,2,0,0,7800,0,1,877,298,0,1,62,15,64,62,64,11,3,65,1,-1,64,1,0,0,267688,270400,0,227869,0,0,0,0,0,2,227869,5,1756,0,4198464,0,0,0,246911,0,0,267688,0,0,0,7,0,64,199,5,1,252434,0,267688,2,1,0,0,316,0,-1,526400,63
1757,80,1,2850,255,220,255,1998,220,1,220,145,1,59,70,1,220,220,255,220,Sandefjord Fotball,120,0,-1,0,272968,0,3,-1,50,0,1,4,0,1,0,0,6582,3,1,624,1456,0,1,61,3,62,62,64,10,1,61,1,-1,60,1,0,0,272968,262922,0,272968,0,0,0,0,0,3,272968,6,1757,0,4195082,0,0,0,272968,0,0,272968,0,0,0,7,0,62,199,6,1,201993,0,272968,2,1,0,0,316,0,-1,525578,65
1786,217,151,10450,87,169,1,2003,169,72,169,239,1,56,122,1,169,169,2,169,Randers FC,238,0,-1,0,255464,0,5,-1,30,0,2,4,0,2,0,0,10300,22,1,396,271,0,1,67,1,67,69,66,10,2,68,1,-1,67,1,0,0,255464,4195352,0,255464,0,0,0,0,2,3,255464,3,1786,0,581656,0,0,1,223566,0,0,255464,0,0,0,7,0,67,80,4,1,255464,0,255464,2,1,0,0,316,0,-1,528408,66
1787,41,78,10800,250,131,250,1920,129,235,135,84,1,46,187,1,135,129,250,131,Austria Klagenfurt,79,0,-1,0,262383,0,2,-1,65,0,2,4,0,2,0,0,30000,5,1,866,111822,0,1,64,1,63,62,61,14,1,63,0,-1,64,1,0,0,202518,131584,0,262383,0,0,0,0,0,3,262383,4,1787,0,180736,0,0,0,229507,1,0,262383,0,0,0,4,0,64,124,9,1,264247,0,262383,2,2,0,0,316,0,-1,263168,61
1788,16,197,12550,8,211,255,2003,211,237,211,26,1,55,31,1,211,211,198,211,FC Nordsjælland,41,0,-1,0,224067,0,6,-1,90,0,1,4,0,4,0,0,10300,0,1,161,15001,2,1,67,15,67,67,67,12,1,67,1,-1,66,1,0,0,259716,66064,0,259716,0,0,0,0,2,2,259716,10,1788,0,98832,0,0,1,224067,0,0,224067,0,1,0,7,0,67,80,5,1,215247,0,224067,2,1,0,0,316,0,-1,132112,67
1790,60,1,9000,255,60,255,1898,1,5,170,170,1,50,85,1,170,1,255,60,Portsmouth,190,0,-1,0,196916,0,3,-1,50,0,1,2,0,4,0,0,19669,0,0,387,17,0,0,67,1,67,67,62,-1,1,67,0,-1,67,0,0,0,196916,262664,0,196916,0,0,0,0,2,2,196916,4,1790,0,4211208,0,0,0,196916,0,0,196916,0,2,0,3,0,67,135,6,0,240673,0,196916,2,1,0,0,316,0,-1,525320,62
1792,242,255,130000,81,242,0,1902,252,235,0,0,1,52,222,1,0,252,166,242,Norwich City,0,0,-1,0,256051,0,8,-1,65,0,1,4,0,5,0,0,27359,35,2,351,94,0,2,71,1,70,71,71,1,1,68,0,-1,70,2,0,0,256051,131586,0,256051,0,0,0,0,0,1,256051,3,1792,0,131586,0,0,0,201368,0,0,256051,0,0,0,3,0,71,135,6,0,242075,0,256051,2,1,0,0,316,0,-1,263170,71
1793,56,1,7000,255,56,255,1871,1,1,168,168,1,51,56,1,168,1,255,56,Reading,168,0,-1,0,238839,0,6,-1,65,0,2,4,0,4,0,0,24161,0,2,397,1951,0,2,65,1,65,68,65,0,1,65,2,-1,65,2,0,0,238839,131908,2,238839,0,0,0,0,0,3,238839,8,1793,0,148292,0,0,0,238839,1,0,238839,0,0,0,3,0,65,135,10,0,235247,0,238839,2,1,0,0,316,0,-1,263492,64
1794,6,227,169500,255,1,255,1889,1,30,1,19,1,53,30,1,1,1,255,1,Sheffield United,30,0,-1,0,234741,1,9,-1,65,0,2,4,0,6,0,0,32050,4,2,447,1807,0,2,73,1,71,74,70,-1,2,69,0,-1,70,0,0,0,234741,132224,0,248050,0,0,0,0,4,2,234741,5,1794,0,155776,0,0,0,271063,1,0,248050,0,1,0,3,0,71,135,3,0,216627,0,234741,2,1,0,0,316,0,-1,266368,70
1795,237,255,115500,30,37,30,1881,22,255,30,1,1,51,237,1,30,22,30,37,Watford,100,0,-1,0,241168,0,6,-1,30,0,2,5,0,5,0,0,22200,0,0,523,1923,0,0,70,1,70,70,70,0,1,70,0,-1,70,1,0,0,241168,4194837,2,242217,0,0,0,0,0,1,241168,5,1795,0,557589,0,0,0,183394,0,0,241168,0,0,0,3,0,70,135,6,0,246832,0,241168,2,1,0,0,316,0,-1,525333,70
1796,29,108,178500,232,1,141,1882,1,122,1,69,2,53,32,2,1,1,200,1,Burnley,58,0,-1,0,277068,0,10,-1,65,0,2,4,0,4,0,0,21944,0,0,84,3,0,2,72,1,73,71,73,-2,1,72,0,-1,72,0,0,0,220659,131850,2,277068,0,0,0,0,1,2,220659,4,1796,0,164618,0,0,0,220659,0,0,220659,0,2,0,3,0,73,135,2,0,241173,0,220659,2,1,0,0,316,0,-1,263434,73
1797,1,226,7500,255,255,255,1925,255,226,1,1,1,53,1,1,255,226,255,1,Rotherham United,1,0,-1,0,228153,0,9,-1,50,0,2,4,0,2,0,0,12021,0,2,411,1807,0,2,67,1,65,65,67,-1,2,66,0,-1,66,2,0,0,228153,263176,0,228153,0,0,0,0,0,2,228153,5,1797,0,4202504,0,0,0,200779,1,0,228153,0,0,0,3,0,67,135,4,0,200779,0,228153,2,1,0,0,316,0,-1,528392,66
1798,255,255,2900,1,1,1,2004,1,220,1,255,1,52,1,1,1,1,1,1,Milton Keynes Dons,1,0,-1,0,221279,0,10,-1,50,0,2,4,0,2,0,0,30500,0,0,317,1938,0,0,64,1,63,64,64,0,1,61,0,-1,63,0,0,0,221279,262658,0,221279,0,0,0,0,0,3,221279,2,1798,0,4194818,0,0,1,208302,0,0,221279,0,0,0,3,0,63,135,4,0,263371,0,221279,2,1,0,0,316,0,-1,525314,64
1799,85,0,760000,36,1,238,1905,1,250,1,165,2,51,250,2,1,1,46,1,Crystal Palace,250,0,-1,0,235794,0,5,-1,50,0,1,4,0,6,0,0,25486,0,0,285,1808,0,2,78,1,77,78,78,0,2,77,0,-1,77,1,0,0,235794,263296,2,235794,0,0,0,0,0,1,235794,3,1799,0,4202624,0,0,0,241159,1,0,235794,0,0,0,3,0,78,143,3,0,235794,0,235794,2,4,0,0,366,0,-1,528512,79
1800,208,150,72500,255,40,255,1883,10,175,10,255,1,52,208,1,10,10,255,40,Coventry City,255,0,-1,0,251690,0,6,-1,30,0,2,4,0,5,0,0,32609,0,0,122,95,0,2,71,1,70,71,71,-1,2,69,0,-1,70,0,0,0,251690,4195328,0,251690,0,0,0,0,1,2,251555,6,1800,0,548864,0,0,0,225779,1,0,251690,0,0,0,3,0,70,135,4,0,238743,0,251690,2,1,0,0,316,0,-1,528384,71
1801,255,255,20000,71,10,0,1880,1,255,71,255,1,53,255,1,71,1,10,10,Preston North End,255,0,-1,0,225071,0,5,-1,50,0,2,4,0,4,0,0,23404,0,2,389,1926,0,2,71,1,69,70,70,-2,2,68,2,-1,69,2,0,0,225071,263430,2,225071,0,0,0,0,2,1,225071,2,1801,0,4219142,0,0,0,225071,0,0,225071,0,2,0,3,0,70,135,6,0,244296,0,225071,2,1,0,0,316,0,-1,528646,68
1802,56,48,2300,255,100,255,1893,1,48,1,140,1,51,53,1,1,1,255,100,Gillingham,160,0,-1,0,273813,0,8,-1,30,0,2,4,0,2,0,0,10500,0,0,184,1934,0,0,62,0,63,62,64,0,2,63,0,-1,63,0,0,0,223981,4195584,0,223981,0,0,0,0,0,1,240248,6,1802,0,532736,0,0,0,200812,0,0,240248,0,0,0,3,0,63,135,3,0,263192,0,273813,2,1,0,0,316,0,-1,528640,64
1803,1,255,2250,255,1,255,1888,220,1,1,1,1,52,1,1,1,220,255,1,Walsall,1,0,-1,0,248328,0,6,-1,50,0,2,4,0,2,0,0,11300,0,0,519,127,0,0,63,0,63,63,62,-1,3,63,0,-1,62,0,0,0,248328,270410,0,248328,0,0,0,0,0,2,255196,3,1803,0,4198474,0,0,0,212683,0,0,248328,0,0,0,3,0,62,135,5,0,248328,0,248328,2,1,0,0,316,0,-1,526410,63
1804,19,105,2400,15,166,246,1903,246,105,28,28,1,53,19,1,15,105,166,19,Bradford City,58,0,-1,0,200806,0,9,-1,65,0,2,4,0,4,0,0,25136,0,0,66,8,0,0,63,1,63,63,63,-1,1,63,0,-1,63,0,0,0,200806,131584,0,200806,0,0,0,0,1,2,200806,4,1804,0,147968,0,0,0,200806,0,0,200806,0,0,0,3,0,63,135,4,0,192450,0,200806,2,1,0,0,316,0,-1,263168,64
1805,72,1,20000,250,1,250,1911,1,1,1,154,1,45,59,1,1,1,250,1,Grenoble Foot 38,104,0,-1,0,224590,4,5,-1,50,0,2,4,0,2,0,0,20068,0,1,685,66,0,1,68,1,68,68,69,5,2,67,1,-1,67,0,0,0,224590,263248,1,224590,0,0,0,0,0,4,224590,2,1805,0,4202576,0,0,0,220030,0,0,224590,0,0,0,4,0,67,103,6,1,224590,0,224590,2,1,0,0,316,0,-1,528464,69
1806,6,204,65000,255,48,255,1863,220,216,35,23,1,52,6,1,35,220,255,48,Stoke City,23,0,-1,0,258093,0,6,-1,50,0,1,4,0,5,0,0,30089,0,2,465,1928,0,2,70,0,69,69,69,-2,2,68,0,-1,68,2,0,0,258093,263170,0,258093,0,0,0,0,0,3,258093,5,1806,0,4218882,0,0,1,200408,0,0,266774,0,0,0,3,0,69,135,4,0,272651,0,266774,2,1,0,0,316,0,-1,528386,70
1807,41,41,13500,255,41,255,1867,41,35,202,202,1,53,35,1,202,41,255,41,Sheffield Wednesday,255,0,-1,0,219216,0,2,-1,30,0,2,4,0,5,0,0,39732,5,2,447,1794,0,2,69,1,69,70,68,-1,3,68,2,-1,69,2,0,0,183540,4202624,2,183540,0,0,0,0,3,2,219216,3,1807,0,577664,0,0,1,183540,1,0,183540,0,4,0,3,0,69,135,7,0,219216,0,219216,2,1,0,0,316,0,-1,526464,67
1808,57,0,675000,255,99,255,1901,72,240,168,166,2,50,171,2,168,72,255,99,Brighton & Hove Albion,0,0,-1,0,186146,0,5,-1,65,0,2,4,0,6,0,0,31780,5,0,74,1799,0,2,75,1,77,75,77,0,2,78,0,-1,78,0,0,0,257400,132234,2,237942,0,0,0,0,0,2,257400,5,1808,0,172170,0,0,0,186146,1,0,186146,0,0,0,3,0,77,143,2,0,186146,0,186146,2,5,0,0,366,0,-1,266378,77
1809,112,132,98000,250,1,250,1937,1,128,1,172,2,43,108,2,1,1,250,1,Toulouse FC,172,0,-1,0,242534,4,4,-1,50,0,1,4,0,3,0,0,33150,48,1,488,70,0,1,73,1,73,72,74,1,3,73,1,-1,73,0,0,0,242534,270338,0,228593,0,0,0,0,2,2,228593,7,1809,0,4247554,0,0,0,228593,0,0,242534,0,0,0,4,0,73,100,6,1,228593,0,242534,2,1,0,0,316,0,-1,526338,72
1814,132,248,18000,1,1,1,1902,1,255,1,45,1,48,128,1,1,1,1,1,Stade Lavallois MFC,64,0,-1,0,254996,4,5,-1,30,0,1,4,0,2,0,0,10107,0,1,266,1530,0,1,66,1,67,69,66,0,3,66,1,-1,64,0,0,0,254996,4202752,0,254996,0,0,0,0,0,2,254996,2,1814,0,545024,0,0,0,208865,0,0,254996,0,0,0,4,0,66,103,8,1,240133,0,254996,2,1,0,0,316,0,-1,526592,67
1815,26,165,59000,104,250,1,1990,250,250,250,57,1,45,250,1,250,250,48,250,Clermont Foot,250,0,-1,0,183256,4,8,-1,65,0,1,4,0,2,0,0,13000,0,1,111,1819,0,1,67,3,67,67,68,3,1,65,1,-1,65,0,0,0,208861,131656,0,183256,0,0,0,0,0,1,183256,1,1815,0,148040,0,0,0,208861,0,0,183256,0,0,0,4,0,67,103,7,1,183256,0,183256,2,1,0,0,316,0,-1,263240,68
1816,250,250,26000,1,1,1,1901,1,195,1,250,1,49,195,1,1,1,1,1,Amiens SC,195,0,-1,0,266586,4,5,-1,50,0,2,4,0,2,0,0,12707,29,1,565,65,0,1,66,3,65,65,70,2,2,64,1,-1,66,0,0,0,191210,263232,0,263107,0,0,0,0,0,9,263107,5,1816,0,4218944,0,0,0,176994,0,0,191210,0,0,0,4,0,66,103,8,1,266586,0,191210,2,1,0,0,316,0,-1,528448,67
1819,130,9,65000,250,1,250,1919,1,30,1,45,1,45,130,1,1,1,250,1,AS Saint-Étienne,76,0,-1,0,271688,4,2,-1,30,0,1,4,0,6,0,0,41965,0,1,414,66,0,1,70,3,71,69,72,4,3,71,1,-1,71,1,0,0,271688,4202568,1,271688,0,0,0,0,6,1,271688,6,1819,0,561224,0,0,0,230727,0,0,271688,0,10,0,4,0,71,100,6,1,244022,0,271688,2,1,0,0,316,0,-1,526408,72
1824,1,1,685830,255,1,255,1899,1,227,1,1,2,50,6,2,1,1,255,1,Eintracht Frankfurt,19,0,-1,1,256675,0,7,-1,65,0,2,4,0,8,0,0,58000,0,1,167,169,0,1,77,1,77,77,79,8,1,77,1,-1,76,1,0,0,233301,131584,3,257540,0,0,0,0,5,2,256675,4,1824,2,164352,0,0,0,188943,0,0,256675,0,1,0,4,0,77,113,8,1,256675,0,256675,2,6,0,0,366,0,-1,263168,80
1826,255,255,2020,1,255,1,1900,255,1,255,1,1,50,1,1,255,255,1,255,Alemannia Aachen,1,0,-1,0,256289,0,2,-1,30,0,1,4,0,3,0,0,32960,0,1,953,110645,0,1,63,3,63,63,64,6,3,61,1,-1,63,1,0,0,256289,4202496,0,256289,0,0,0,0,0,2,256289,3,1826,0,544768,0,0,0,268533,1,0,256289,0,0,0,4,0,63,123,7,1,224395,0,256289,2,1,0,0,316,0,-1,526336,64
1831,6,227,135000,255,255,255,1966,255,29,49,19,2,52,29,2,255,229,255,55,1. FC Union Berlin,27,0,-1,1,193254,0,5,-1,30,0,2,4,0,6,0,0,22012,0,1,47,166,0,1,74,1,74,73,74,13,3,76,2,-1,76,1,0,0,192641,4202560,1,193254,0,0,0,0,0,2,193254,2,1831,0,544832,0,0,0,193254,1,0,192641,0,0,0,4,0,75,113,4,1,227558,0,193254,2,4,0,0,366,0,-1,526400,74
1832,75,1,10920,255,210,255,1894,210,15,210,147,1,49,100,1,210,210,255,210,Karlsruher SC,240,0,-1,0,228245,0,5,-1,50,0,2,4,0,4,0,0,15330,3,1,241,29,0,1,69,3,69,69,69,8,1,69,1,-1,69,1,0,0,228245,262785,1,228245,0,0,0,0,2,2,228245,7,1832,0,4194945,0,0,0,228245,0,0,228245,0,1,0,4,0,69,115,7,1,228245,0,228245,2,1,0,0,316,0,-1,525441,71
1837,84,0,80000,250,115,250,1946,95,0,133,161,1,44,83,1,133,95,250,115,Sampdoria,161,0,-1,0,185144,0,10,-1,30,0,2,4,0,6,0,0,36599,0,1,180,110556,0,1,70,1,71,70,74,8,3,70,1,-1,70,1,0,0,266069,4202496,1,220509,0,0,0,0,4,3,213685,6,1837,0,528384,0,0,0,199763,1,0,185144,0,1,0,4,0,71,169,5,1,185144,0,185144,2,5,0,0,316,0,-1,526336,74
1842,0,212,85000,121,30,0,1920,30,250,30,14,2,39,250,2,30,30,61,30,Cagliari,250,0,-1,0,173160,0,3,-1,30,0,1,4,0,3,0,0,16223,0,1,90,48,0,1,72,3,73,72,72,9,1,73,1,-1,73,1,0,0,173160,4195136,1,173160,0,0,0,0,0,2,173160,4,1842,0,525120,0,0,0,173160,1,0,173160,0,1,0,4,0,73,136,8,1,173160,0,173160,2,1,0,0,316,0,-1,525632,73
1843,176,255,40000,30,250,30,1900,250,255,250,198,2,38,130,2,250,250,30,250,Palermo,163,0,-1,0,244874,0,9,-1,30,0,2,4,0,5,0,0,36349,0,1,368,45,0,1,72,12,71,72,72,13,2,68,1,-1,70,1,0,0,244874,4195393,0,261313,0,0,0,0,0,2,213814,6,1843,0,565313,0,0,0,244836,0,0,244874,0,0,0,4,0,72,169,3,1,231835,0,244874,2,3,0,0,316,0,-1,528449,72
1848,250,250,25000,30,30,233,1908,30,250,30,250,1,41,250,1,30,30,16,30,Bari,250,0,-1,0,220084,0,8,-1,50,0,1,4,0,5,0,0,58270,0,1,37,347,0,1,68,0,68,69,69,16,2,67,1,-1,67,1,0,0,203782,263168,0,220084,0,0,0,0,0,4,220084,6,1848,0,4235264,0,0,0,215433,0,0,220084,0,0,0,4,0,68,169,6,1,220084,0,220084,2,2,0,0,316,0,-1,528384,69
1853,90,15,49000,0,50,147,1909,20,30,60,150,1,39,100,1,60,20,0,50,Levante UD,170,0,-1,0,243312,4,9,-1,65,0,2,4,0,4,0,0,25354,0,2,504,461,0,1,71,1,71,71,72,0,1,69,0,-1,68,2,0,0,243312,131600,2,243312,0,0,0,0,0,2,243312,4,1853,0,147984,0,0,0,189560,0,0,243312,0,0,0,4,0,71,130,4,1,243312,0,243312,2,1,0,0,316,0,-1,263184,70
1854,255,255,2500,1,254,1,1940,254,233,254,255,1,38,233,1,254,254,1,254,Albacete Balompié,233,0,-1,0,189172,0,4,-1,90,0,2,4,0,2,0,0,17524,0,2,8,1853,0,1,68,1,68,68,69,-1,3,69,0,-1,69,2,0,0,263708,73728,0,263708,0,0,0,0,0,4,251599,4,1854,0,86016,0,0,0,251599,0,0,189172,0,0,0,4,0,68,130,5,1,211565,0,189172,2,1,0,0,316,0,-1,133120,70
1860,85,0,45000,255,80,255,1983,1,0,1,190,2,40,65,2,1,1,255,80,Getafe CF,160,0,-1,0,242201,4,5,-1,50,0,2,4,0,3,0,0,17000,0,2,182,100888,0,1,75,1,75,75,71,-3,3,75,0,-1,75,2,0,0,242201,270401,2,242201,0,0,0,0,0,4,242201,1,1860,0,4214849,0,0,0,217940,0,0,242201,0,0,0,4,0,74,131,5,1,242201,0,242201,2,4,0,0,366,0,-1,526401,70
1861,50,220,47000,255,255,255,1989,255,195,255,50,2,36,35,2,255,255,255,255,UD Almería,35,0,-1,0,235008,4,2,-1,30,0,1,3,0,4,0,0,16503,0,2,14,110832,0,1,73,1,73,73,75,-2,2,70,0,-1,71,2,0,0,235008,4195329,0,235008,0,0,0,0,0,2,235008,5,1861,0,548865,0,0,0,235008,1,0,235008,0,0,0,4,0,72,130,3,1,245158,0,235008,2,1,0,0,316,0,-1,528385,79
1862,95,1,20000,255,108,255,1896,106,1,110,200,1,45,100,1,110,106,255,108,FC Lausanne-Sport,190,0,-1,0,256874,0,6,-1,90,0,2,4,0,4,0,0,12544,3,1,588,1704,2,1,68,0,69,69,67,5,2,67,0,-1,66,1,0,0,256874,66560,0,256874,0,0,0,0,9,1,256874,6,1862,0,122880,0,0,0,201841,1,0,256874,0,7,0,4,0,68,180,7,1,201841,0,256874,2,1,0,0,316,0,-1,135168,67
1867,170,10,5300,255,255,255,1954,255,0,255,140,1,37,160,1,255,255,255,255,Córdoba CF,130,0,-1,0,225738,0,6,-1,30,0,2,4,0,4,0,0,20989,0,1,119,110832,0,1,64,0,65,65,67,-4,3,65,0,-1,65,2,0,0,279256,4202561,0,225738,0,0,0,0,0,4,225738,4,1867,0,544833,0,0,0,254099,1,0,225738,0,0,0,0,0,64,130,5,1,73408,0,225738,2,1,0,2,316,0,-1,526401,67
1871,255,255,25000,50,45,0,1916,45,1,1,255,1,52,1,1,45,1,130,1,Legia Warszawa,1,0,-1,0,244186,0,10,-1,65,0,2,4,0,6,0,0,31103,0,1,521,873,0,1,67,3,69,68,68,21,1,70,1,-1,68,1,0,0,235172,131712,1,216003,0,0,0,0,20,2,235172,7,1871,0,180864,0,0,1,216003,1,0,235172,0,15,0,5,0,68,127,4,1,203568,0,244186,2,4,0,0,316,0,-1,263296,68
1874,1,1,49000,51,30,0,1899,30,254,30,1,2,47,254,2,30,30,153,30,Ferencvárosi TC,254,0,-1,0,275976,4,10,-1,65,0,2,4,0,5,0,0,22000,0,1,858,254,0,1,73,1,72,73,74,19,2,71,1,-1,71,1,0,0,275976,132096,0,275976,0,0,0,0,24,5,275976,4,1874,0,188416,0,0,0,221610,0,0,205207,0,35,0,5,0,72,141,6,1,236510,0,205207,2,4,0,0,316,0,-1,266240,74
1876,255,255,240000,33,1,223,1901,1,255,1,255,2,-34,255,2,1,1,17,1,River Plate,255,0,-1,0,276528,0,10,-1,90,0,2,3,0,8,0,1,84567,0,0,82,1877,0,1,74,1,76,74,75,-58,1,77,1,-1,77,1,1,0,216700,66064,2,276528,0,0,4,0,3,4,276528,10,1876,1,98832,0,0,0,214584,0,0,276528,0,38,0,1,0,76,129,6,-3,245461,0,276528,7,8,0,0,366,0,-1,132112,74
1877,36,1,215000,1,60,252,1905,1,1,170,72,2,-34,69,2,170,1,177,60,Boca Juniors,138,0,-1,0,259789,0,10,-1,50,0,2,3,0,8,0,1,54000,0,0,82,1876,0,1,73,1,74,72,73,-58,1,73,1,-1,73,1,1,0,259789,262788,2,259789,0,0,6,0,4,3,259789,10,1877,2,4227716,0,0,0,179813,0,0,259789,0,35,0,1,0,74,129,5,-3,179813,0,259789,7,8,0,0,366,0,-1,525444,73
1884,111,28,55000,255,1,255,1908,1,10,1,57,2,37,10,2,1,1,255,1,Panathinaikos,10,0,-1,0,247641,0,9,-1,50,0,2,4,0,6,0,1,69618,25,1,27,278,0,1,74,1,74,74,77,23,3,73,1,-1,73,1,0,0,208250,270608,2,247641,0,0,0,0,20,4,208250,6,1884,0,4215056,0,0,0,258015,0,0,208250,0,20,0,8,0,74,110,6,2,208250,0,208250,9,5,0,0,366,0,-1,526608,77
1886,1,205,0,255,255,255,1901,255,1,255,1,2,47,1,2,255,255,255,255,Hungary,1,0,-1,0,236772,0,10,-1,50,0,2,4,0,0,0,0,67889,0,1,0,1356,0,1,74,3,75,74,73,19,2,74,1,-1,74,0,0,0,236772,263168,1,236772,0,0,0,0,0,1,236772,0,1886,0,4235264,0,0,1,236772,0,0,236772,0,0,0,5,0,75,110,0,1,236772,0,236772,2,4,0,0,366,0,-1,528384,73
1887,255,255,60000,1,1,1,1922,1,1,1,255,2,41,1,2,1,1,1,1,Vitória de Guimarães,1,0,-1,0,212474,0,7,-1,65,0,2,4,0,6,0,2,30008,0,1,200,1896,0,1,74,1,72,74,71,-8,2,71,1,-1,71,1,0,0,212474,132096,0,212474,0,0,0,0,1,5,212474,7,1887,0,155648,0,0,1,219754,0,0,212474,0,0,0,4,0,72,183,4,0,212474,0,212474,2,2,0,0,316,0,-1,266240,71
1888,0,170,22000,220,1,10,1924,1,10,1,0,1,41,90,1,1,1,90,1,Gil Vicente FC,220,0,-1,0,257899,0,4,-1,30,0,2,4,0,3,0,0,12038,0,1,747,112809,0,1,70,1,69,70,66,-8,1,69,1,-1,69,1,0,0,257899,4195136,0,257899,0,0,0,0,0,4,257899,3,1888,0,557888,0,0,0,18115,0,0,257899,0,0,0,4,0,69,183,3,0,257899,0,257899,2,1,0,0,316,0,-1,525632,66
1891,1,1,7000,255,255,255,1910,255,255,255,1,1,33,255,1,255,255,255,255,Nacional da Madeira,255,0,-1,0,267633,0,3,-1,30,0,2,4,0,3,0,0,5200,0,1,171,1438,0,1,69,1,68,69,67,-17,3,68,1,-1,68,1,0,0,267633,4202498,0,267633,0,0,0,0,0,2,267633,7,1891,0,544770,0,0,0,264488,0,0,267633,0,0,0,4,0,68,183,4,0,265748,0,267633,2,1,0,0,316,0,-1,526338,67
1896,0,233,125000,255,1,255,1921,1,255,1,0,2,41,255,2,1,1,255,1,Braga,255,0,-1,0,251377,0,8,-1,65,0,2,4,0,5,0,2,30154,4,1,67,1887,0,1,76,1,75,76,71,-8,1,73,1,-1,73,1,0,0,251377,131584,0,251377,0,0,0,0,3,4,251377,7,1896,0,180736,0,0,1,213516,0,0,251377,0,0,0,4,0,75,183,4,0,251377,0,251377,2,3,0,0,366,0,-1,263168,71
1898,1,1,28000,255,255,255,1903,255,255,255,1,1,41,255,1,255,255,255,255,Boavista,255,0,-1,0,271461,0,5,-1,50,0,2,4,0,6,0,0,30000,34,1,385,1887,0,1,70,1,68,70,68,-8,2,66,1,-1,66,1,0,0,204737,263504,0,271461,0,0,0,0,5,4,204737,3,1898,0,4251984,0,0,0,214606,1,0,204737,0,1,0,4,0,68,183,2,0,255409,0,204737,2,1,0,0,316,0,-1,528720,68
1900,150,50,23000,255,255,255,1938,255,255,255,65,1,41,255,1,255,255,255,255,Moreirense,255,0,-1,0,275548,0,4,-1,30,0,1,4,0,3,0,0,6153,0,0,200,1887,0,1,69,1,69,69,68,-8,3,70,1,-1,70,0,0,0,70810,4202568,0,275545,0,0,0,0,0,4,275545,4,1900,0,544840,0,0,0,232459,0,0,275548,0,0,0,4,0,69,183,2,0,275545,0,275548,2,1,0,0,316,0,-1,526408,68
1903,48,197,81000,255,120,255,1970,120,4,120,48,1,52,69,1,120,120,255,120,FC Utrecht,137,0,-1,0,239379,0,7,-1,30,0,1,4,0,5,0,0,23750,1,2,502,245,0,2,68,1,70,68,67,5,2,72,2,-1,72,2,0,0,265518,4195392,2,262473,0,0,0,0,3,1,262473,8,1903,0,581696,0,0,0,193440,0,0,239379,0,0,0,4,0,69,170,3,1,257959,0,239379,2,1,0,0,316,0,-1,528448,67
1904,216,255,37786,5,100,5,1912,100,235,45,33,1,51,196,1,100,45,5,45,NAC Breda,13,0,-1,0,224185,0,2,-1,50,0,2,4,0,3,0,0,19000,0,2,618,1907,0,2,66,1,65,66,65,4,2,66,2,-1,66,2,0,0,224185,263232,0,224185,0,0,0,0,1,3,224185,5,1904,0,4202560,0,0,1,246716,1,0,224185,0,1,0,4,0,65,170,6,1,224185,0,224185,2,1,0,0,316,0,-1,528448,65
1905,240,243,12071,208,125,47,1940,125,223,125,0,1,51,220,1,125,125,157,125,RKC Waalwijk,0,0,-1,0,225531,0,3,-1,30,0,2,4,0,2,0,0,7508,0,2,752,1907,0,2,65,3,66,65,68,5,2,63,2,-1,64,2,0,0,188621,4195344,2,188621,0,0,0,0,0,7,277968,3,1905,0,548880,0,0,0,224324,0,0,188621,0,0,0,4,0,66,170,8,1,224324,0,188621,2,1,0,0,316,0,-1,528400,68
1906,1,232,93715,255,20,255,1967,20,255,20,1,1,52,30,1,20,20,255,20,AZ,30,0,-1,0,199422,0,8,-1,65,0,1,4,0,5,0,0,19478,0,2,11,245,0,2,73,1,70,74,69,4,1,69,2,-1,70,2,0,0,199422,131722,2,254789,0,0,0,0,4,3,260076,10,1906,0,131722,0,0,0,199422,0,0,199422,0,2,0,4,0,70,170,9,1,245902,0,199422,2,4,0,0,316,0,-1,263306,69
1907,255,255,35785,34,127,224,1896,129,38,120,255,1,51,75,1,120,129,25,127,Willem II,153,0,-1,0,268724,0,3,-1,50,0,2,4,0,3,0,0,14500,0,2,482,1904,0,2,67,1,65,66,65,5,2,64,2,-1,66,2,0,0,264452,263177,2,262256,0,0,0,0,2,2,262256,5,1907,0,4218889,0,0,0,252382,1,0,268724,0,3,0,4,0,66,170,6,1,268724,0,268724,2,1,0,0,316,0,-1,528393,63
1908,20,245,106500,250,25,250,1965,25,195,25,30,2,52,0,2,25,25,250,25,FC Twente,5,0,-1,0,229435,0,7,-1,65,0,2,4,0,5,0,0,30205,0,2,155,100634,0,2,72,1,72,72,72,6,1,70,2,-1,71,2,0,0,229435,131712,2,229435,0,0,0,0,3,1,229435,7,1908,0,131712,0,0,0,199833,0,0,229435,0,1,0,4,0,72,170,10,1,244728,0,229435,2,2,0,0,316,0,-1,263296,72
1910,36,232,35000,100,10,6,1900,10,10,10,55,1,52,10,1,10,10,162,10,NEC Nijmegen,10,0,-1,0,227794,0,6,-1,30,0,1,4,0,3,0,0,12500,0,2,346,1903,0,2,70,1,69,69,69,6,3,69,2,-1,70,2,0,0,227794,4202560,0,237895,0,0,0,0,0,2,237895,5,1910,0,528448,0,0,1,193091,0,0,237895,0,0,0,4,0,70,170,5,1,232829,0,237895,2,1,0,0,316,0,-1,526400,66
1913,113,1,58000,255,240,255,1920,240,227,240,184,1,52,1,1,240,240,255,240,sc Heerenveen,15,0,-1,0,233178,0,5,-1,50,0,2,4,0,5,0,0,27224,3,2,213,1915,0,2,67,1,66,65,69,5,2,65,2,-1,67,2,0,0,233178,263240,2,233178,0,0,0,0,1,1,233178,4,1913,0,4202568,0,0,0,262397,0,0,233178,0,0,0,4,0,67,170,6,1,262397,0,233178,2,1,0,0,316,0,-1,528456,67
1914,15,15,31500,255,101,255,1910,87,32,111,200,1,52,167,1,111,87,255,101,PEC Zwolle,99,0,-1,0,258984,0,4,-1,50,0,2,4,0,3,0,0,14000,3,2,540,100632,0,2,68,1,67,68,68,6,2,66,2,-1,66,2,0,0,258984,263424,2,258984,0,0,0,0,1,1,258984,7,1914,0,4235520,0,0,0,258984,0,0,258984,0,0,0,4,0,68,170,2,1,237807,0,258984,2,1,0,0,316,0,-1,528640,66
1915,162,19,52140,255,27,255,1971,4,1,49,107,1,53,143,1,49,4,255,27,FC Groningen,82,0,-1,0,198133,0,3,-1,30,0,2,4,0,4,0,0,22550,25,2,196,1913,0,2,66,1,64,63,66,6,2,63,2,-1,66,2,0,0,198133,4195328,2,234066,0,0,0,0,1,1,234066,5,1915,0,548864,0,0,0,198133,0,0,198133,0,0,0,4,0,66,170,7,1,198133,0,198133,2,1,0,0,316,0,-1,528384,64
1917,89,29,7800,255,110,255,1932,1,29,70,175,1,53,89,1,70,1,255,110,Wigan Athletic,195,0,-1,0,271976,0,7,-1,30,0,2,4,0,3,0,0,25138,0,2,528,4,0,2,64,1,64,63,62,-2,1,64,2,-1,64,2,0,0,271976,4194816,2,271976,0,0,0,0,1,2,73861,3,1917,0,541184,0,0,0,225589,0,0,271976,0,0,0,3,0,65,135,6,0,268434,0,271976,2,1,0,0,316,0,-1,525312,62
1919,1,225,60000,255,1,255,1894,225,225,1,1,1,51,1,1,1,225,255,1,Bristol City,1,0,-1,0,237619,0,6,-1,30,0,2,4,0,5,0,0,27000,0,2,76,1962,0,2,69,1,69,69,68,-2,2,70,0,-1,70,2,0,0,237619,4195330,2,241419,0,0,0,0,0,1,237619,5,1919,0,532482,0,0,1,252376,0,0,237619,0,0,0,3,0,69,135,6,0,202686,0,237619,2,1,0,0,316,0,-1,528386,66
1923,112,255,135500,255,1,255,1885,1,1,60,1,2,51,1,2,60,1,255,1,Luton Town,60,0,-1,0,252483,0,8,-1,50,0,2,4,0,4,0,0,10356,0,0,291,1795,0,2,72,1,72,72,74,0,3,72,0,-1,72,0,0,0,252483,270344,2,252483,0,0,0,0,0,2,252483,2,1923,0,4214792,0,0,0,213152,0,0,252483,0,0,0,3,0,72,135,5,0,229375,0,252483,2,1,0,0,316,0,-1,526344,72
1924,102,51,2200,255,102,255,1866,51,51,204,204,1,53,102,1,204,51,255,102,Chesterfield,216,0,-1,0,256481,0,7,-1,50,0,2,4,0,3,0,0,10300,0,0,105,1940,0,1,62,3,63,63,63,-1,1,64,0,-1,64,0,0,0,256481,262784,0,246349,0,0,0,0,0,2,200928,3,1924,0,4227712,0,0,0,206536,1,0,256481,0,0,0,3,0,63,135,3,0,194122,0,256481,2,1,0,0,316,0,-1,525440,62
1925,1,242,430000,255,10,255,1889,10,1,10,34,2,51,1,2,10,10,255,10,Brentford,1,0,-1,0,243014,0,3,-1,65,0,2,3,0,4,0,0,17250,0,2,285,15,0,2,76,1,77,76,79,0,2,76,0,-1,76,2,0,0,241508,132480,2,243014,0,0,0,0,0,4,241508,3,1925,0,156032,0,0,0,210697,0,0,243014,0,0,0,3,0,76,143,2,0,243014,0,243014,2,2,0,0,366,0,-1,266624,77
1926,134,255,6000,255,134,255,1887,255,255,255,20,1,53,110,1,20,255,255,255,Blackpool,20,0,-1,0,213105,0,7,-1,50,0,2,4,0,4,0,0,17338,0,0,56,1801,0,0,66,1,65,65,66,-3,1,64,0,-1,66,0,0,0,213105,262656,0,213105,0,0,0,0,1,2,213105,4,1926,0,4211200,0,0,0,213105,0,0,213105,0,0,0,3,0,66,135,5,0,213699,0,213105,2,1,0,0,316,0,-1,525312,65
1928,255,255,3300,1,1,1,1876,1,255,1,255,1,53,255,1,1,1,1,1,Port Vale,255,0,-1,0,258102,0,7,-1,50,0,2,4,0,2,0,0,19052,9,0,465,1806,0,2,64,1,62,63,62,-2,2,61,0,-1,63,0,0,0,258102,263170,0,258102,0,0,0,0,0,9,258102,5,1928,0,4202498,0,0,0,255930,0,0,258102,0,0,0,3,0,63,135,5,0,258102,0,258102,2,1,0,0,316,0,-1,528386,62
1929,75,1,7350,255,1,255,1886,1,1,1,1,1,50,100,1,1,1,255,1,Plymouth Argyle,1,0,-1,0,252796,0,1,-1,30,0,2,4,0,3,0,0,18200,0,0,381,143,0,0,69,1,68,68,69,-4,2,66,0,-1,68,0,0,0,251306,4195338,0,251306,0,0,0,0,0,2,251306,7,1929,0,565258,0,0,1,192231,0,0,251306,0,0,0,3,0,69,135,7,0,226084,0,251306,2,1,0,0,316,0,-1,528394,69
1930,1,153,2400,255,1,255,1897,153,153,39,39,1,52,1,1,39,153,255,1,Northampton Town,29,0,-1,0,213969,0,3,-1,30,0,1,4,0,2,0,0,7798,0,0,350,1938,0,0,65,1,64,64,65,0,2,65,0,-1,64,0,0,0,213969,4195584,0,213969,0,0,0,0,0,1,216483,6,1930,0,532736,0,0,0,213127,0,0,213969,0,0,0,3,0,65,135,5,0,216483,0,213969,2,1,0,0,316,0,-1,528640,63
1931,80,0,2800,255,80,255,1883,0,0,180,180,1,53,80,1,180,0,255,80,Stockport County,180,0,-1,0,186143,0,2,-1,65,0,2,4,0,3,0,0,10852,0,0,900,121,0,2,65,3,65,65,65,-2,1,64,0,-1,64,0,0,0,186143,131712,0,186143,0,0,0,0,0,3,186143,2,1931,0,148096,0,0,0,230677,0,0,186143,0,0,0,3,0,65,135,2,0,225001,0,186143,2,1,0,0,316,0,-1,263296,62
1932,1,230,7200,255,1,255,1887,230,200,1,1,1,53,1,1,1,230,255,1,Barnsley,1,0,-1,0,245988,0,8,-1,50,0,2,4,0,4,0,0,23287,0,2,38,1794,0,2,66,1,64,66,65,-1,1,64,2,-1,65,2,0,0,245988,262784,2,245988,0,0,0,0,1,2,236487,4,1932,0,4211328,0,0,1,245988,1,0,245988,0,0,0,3,0,66,135,4,0,224225,0,245988,2,1,0,0,316,0,-1,525440,64
1933,182,77,5500,65,1,1,1887,1,1,1,227,1,51,139,1,1,1,33,1,Wycombe Wanderers,212,0,-1,0,235807,0,7,-1,30,0,1,4,0,2,0,0,9617,22,0,217,1935,0,2,66,1,65,67,65,0,2,65,0,-1,66,0,0,0,235807,4195392,0,226514,0,0,0,0,0,2,210046,2,1933,0,548928,0,0,0,205015,1,0,235807,0,0,0,3,0,66,135,7,0,210046,0,235807,2,1,0,0,316,0,-1,528448,64
1934,6,221,2075,255,6,255,1879,221,221,24,24,1,51,6,1,24,221,255,6,Swindon Town,24,0,-1,0,240897,0,4,-1,50,0,2,4,0,3,0,0,15547,0,0,471,1951,0,2,61,1,60,60,61,-1,1,58,0,-1,61,0,0,0,240897,262785,0,240897,0,0,0,0,0,2,240897,5,1934,0,4227713,0,0,0,240897,1,0,240897,0,0,0,3,0,62,135,6,0,242286,0,240897,2,1,0,0,316,0,-1,525441,60
1935,102,51,2000,255,90,255,1937,1,31,40,255,1,51,85,1,40,1,255,90,Colchester United,255,0,-1,0,216467,0,3,-1,30,0,1,4,0,1,0,0,10105,0,0,113,94,0,2,61,1,63,61,64,0,2,63,0,-1,62,0,0,0,216467,4195338,0,216467,0,0,0,0,0,2,216467,9,1935,0,581642,0,0,0,194785,1,0,216467,0,0,0,3,0,62,135,7,0,216467,0,216467,2,1,0,0,316,0,-1,528394,64
1936,22,233,2100,255,1,255,1887,1,180,1,22,1,51,10,1,1,1,255,1,Cheltenham Town,10,0,-1,0,202698,0,4,-1,50,0,2,4,0,2,0,0,7066,0,0,578,1934,0,2,62,1,61,62,60,-2,2,62,0,-1,61,0,0,0,202698,263234,0,202698,0,0,0,0,0,1,202698,4,1936,0,4218946,0,0,1,190240,0,0,202698,0,0,0,3,0,60,135,8,0,231929,0,202698,2,1,0,0,316,0,-1,528450,60
1937,1,1,2300,255,1,255,1862,1,1,1,1,1,53,1,1,1,1,255,1,Notts County,1,0,-1,0,241039,0,9,-1,30,0,2,3,0,2,0,0,19841,0,0,352,14,0,2,63,1,64,63,62,-1,2,63,0,-1,62,0,0,0,211228,4195480,0,241039,0,0,0,0,1,2,211228,5,1937,0,581784,0,0,0,211228,0,0,241039,0,0,0,3,0,63,135,3,0,256738,0,241039,2,1,0,0,316,0,-1,528536,61
1938,90,1,6750,255,75,255,1934,1,1,150,195,1,52,90,1,150,1,255,75,Peterborough United,215,0,-1,0,244871,0,8,-1,50,0,2,4,0,3,0,0,15314,5,0,379,1944,0,0,66,1,64,64,65,0,1,63,0,-1,63,0,0,0,244871,262664,0,251028,0,0,0,0,0,1,244871,6,1938,0,4211208,0,0,0,252883,1,0,240606,0,0,0,3,0,64,135,3,0,244871,0,240606,2,1,0,0,316,0,-1,525320,65
1939,113,1,14000,255,113,255,1908,1,1,185,185,1,53,113,1,185,1,255,113,Huddersfield Town,185,0,-1,0,231580,0,10,-1,50,0,2,4,0,4,0,0,24329,0,0,221,8,0,2,66,0,67,67,65,-1,2,67,0,-1,67,0,0,0,231580,263168,2,242322,0,0,0,0,1,2,231580,4,1939,0,4218880,0,0,0,183546,0,0,231580,0,3,0,3,0,67,135,4,0,233565,0,231580,2,1,0,0,316,0,-1,528384,64
1940,204,255,2750,204,250,51,1897,250,245,250,1,1,53,201,1,250,250,102,250,Mansfield Town,1,0,-1,0,212782,0,1,-1,65,0,1,4,0,2,0,0,9186,0,0,303,1924,0,2,63,1,64,62,65,-1,1,64,0,-1,65,0,0,0,212782,131714,0,212782,0,0,0,0,0,3,173673,5,1940,0,131714,0,0,1,222477,1,0,202033,0,0,0,3,0,64,135,2,0,223551,0,202033,2,1,0,0,316,0,-1,263298,65
1943,10,220,410000,30,1,30,1899,1,204,1,30,2,50,18,2,1,1,30,1,AFC Bournemouth,18,0,-1,0,236920,0,2,-1,50,0,2,5,0,4,0,0,11307,0,0,65,17,0,2,76,1,76,76,78,-1,2,75,0,-1,76,0,0,0,237477,263304,2,237477,0,0,0,0,0,2,224294,3,1943,0,4202632,0,0,0,224294,0,0,237477,0,0,0,3,0,77,143,1,0,256612,0,237477,2,2,0,0,366,0,-1,528520,78
1944,163,255,3300,26,95,11,1912,1,255,60,0,1,52,163,1,60,1,6,95,Cambridge United,0,0,-1,0,190620,0,2,-1,30,0,2,4,0,2,0,0,8127,0,0,92,1938,0,2,64,1,63,62,65,0,2,64,0,-1,64,0,0,0,190620,4195396,0,190620,0,0,0,0,0,2,190620,4,1944,0,548932,0,0,0,188782,0,0,190620,0,0,0,3,0,64,135,8,0,238990,0,190620,2,1,0,0,316,0,-1,528452,65
1947,0,225,5000,255,50,255,1864,20,51,20,0,1,53,153,1,20,20,255,50,Wrexham,102,0,-1,0,236319,0,6,-1,50,0,2,5,0,5,0,0,10771,0,0,863,127,0,0,66,1,67,67,65,-3,3,67,0,-1,65,0,0,0,236319,270336,0,236319,0,0,0,0,0,2,210108,3,1947,0,4214784,0,0,0,198489,1,0,210108,0,0,0,3,0,66,135,3,0,214896,0,210108,2,1,0,0,316,0,-1,526336,66
1951,240,240,7250,110,60,1,1893,0,255,1,1,1,51,255,1,100,240,1,240,Oxford United,255,0,-1,0,208769,0,1,-1,30,0,1,4,0,3,0,0,12500,0,0,364,1934,0,1,68,1,66,68,67,-1,1,64,0,-1,66,0,0,0,208769,4194832,0,208769,0,0,0,0,0,2,208769,5,1951,0,557584,0,0,0,235263,0,0,208769,0,0,0,3,0,68,135,8,0,237833,0,208769,2,1,0,0,316,0,-1,525328,63
1952,173,241,70250,1,1,1,1904,1,241,1,1,1,53,173,1,1,1,1,1,Hull City,1,0,-1,0,224099,0,7,-1,50,0,2,4,0,4,0,0,25586,0,2,223,8,0,2,68,1,71,67,71,0,1,71,0,-1,70,2,0,0,231777,263040,2,231777,0,0,0,0,0,3,231777,4,1952,0,4244352,0,0,0,224099,1,0,231777,0,0,0,3,0,71,135,4,0,199254,0,231777,2,1,0,0,316,0,-1,525696,70
1958,1,230,3000,255,255,255,1881,255,230,255,1,1,51,1,1,255,255,255,255,Leyton Orient,1,0,-1,0,222583,0,3,-1,50,0,2,4,0,2,0,0,9271,15,0,285,19,0,2,65,1,63,63,63,0,3,63,0,-1,64,0,0,0,258050,270345,2,222583,0,0,0,0,0,2,222583,6,1958,0,4231177,0,0,1,194759,1,0,222583,0,0,0,3,0,64,135,6,0,228382,0,222583,2,1,0,0,316,0,-1,526345,63
1960,255,255,70500,1,39,1,1912,18,255,30,255,1,51,255,1,30,18,1,39,Swansea City,255,0,-1,0,260492,0,5,-1,50,0,2,4,0,4,0,0,21088,8,2,470,1961,0,2,69,1,68,67,68,-3,1,67,0,-1,69,2,0,0,212118,262661,2,212118,0,0,0,0,0,2,232759,7,1960,0,4211205,0,0,0,212118,1,0,212118,0,0,0,3,0,69,135,7,0,212118,0,212118,2,1,0,0,316,0,-1,525317,67
1961,93,16,70000,255,100,255,1899,1,16,1,170,1,51,93,1,1,1,255,100,Cardiff City,170,0,-1,0,204464,0,4,-1,30,0,2,4,0,5,0,0,33280,0,0,94,1960,0,2,70,1,70,69,69,-3,3,71,1,-1,71,0,0,0,204464,4202564,2,204464,0,0,0,0,1,3,204464,4,1961,0,561220,0,0,0,204464,1,0,204464,0,0,0,3,0,71,135,6,0,204464,0,204464,2,1,0,0,316,0,-1,526404,69
1962,1,1,3200,255,255,255,1883,255,11,187,240,1,51,60,1,255,0,255,94,Bristol Rovers,180,0,-1,0,227287,0,5,-1,50,0,2,4,0,3,0,0,12296,5,0,76,1919,0,0,63,1,64,63,64,-2,1,67,0,-1,64,0,0,0,227287,262724,0,235059,0,0,0,0,0,2,227287,8,1962,0,4244036,0,0,0,173734,0,0,169214,0,0,0,3,0,64,135,5,0,169214,0,169214,2,1,0,0,316,0,-1,525380,62
1968,245,245,5000,170,80,1,1910,0,250,220,0,2,36,250,2,220,0,60,80,Cádiz CF,111,0,-1,0,229788,0,4,-1,50,0,2,4,0,5,0,0,25033,0,1,574,481,0,1,72,1,72,72,72,-6,2,70,0,-1,70,2,0,0,229788,263232,0,229788,0,0,0,0,0,2,229788,3,1968,0,4218944,0,0,0,199247,0,0,229788,0,0,0,4,0,72,130,3,1,199247,0,229788,2,1,0,0,316,0,-1,528448,71
2014,232,244,100000,127,125,1,1897,125,250,125,90,1,50,250,1,125,125,62,125,Union Saint-Gilloise,250,0,-1,0,233965,0,9,-1,65,0,2,4,0,5,0,0,9400,0,1,79,229,0,2,71,1,71,71,66,4,2,73,0,-1,73,2,0,0,233965,132096,0,233965,0,0,0,0,3,2,233965,2,2014,0,139264,0,0,1,184167,0,0,233965,0,11,0,8,0,71,122,4,1,270905,0,233965,2,5,0,0,316,0,-1,266240,67
2017,68,30,8400,255,204,255,1946,202,24,206,183,1,47,148,1,206,202,255,204,Hartberg,207,0,-1,0,203615,0,2,-1,50,0,2,4,0,2,0,0,5024,3,1,689,209,0,1,65,3,64,65,66,15,1,63,1,-1,64,1,0,0,203615,262656,0,203615,0,0,0,0,0,2,232843,4,2017,0,4227584,0,0,0,244435,1,0,232843,0,0,0,4,0,65,124,8,1,232843,0,203615,2,1,0,0,316,0,-1,525312,65
2041,44,216,7000,255,255,255,1903,255,216,255,52,1,59,44,1,255,255,255,255,Fredrikstad FK,52,0,-1,0,266731,0,3,-1,50,0,1,4,0,4,0,0,12600,0,1,944,112199,0,1,62,0,63,63,61,11,2,62,1,-1,62,1,0,0,266731,263168,0,266731,0,0,0,0,11,2,266731,4,2041,0,4202496,0,0,0,70124,0,0,266731,0,9,0,7,0,62,199,6,1,70126,0,266731,2,2,0,0,316,0,-1,528384,61
2055,28,184,23050,73,38,0,2021,0,201,34,34,1,36,169,1,73,184,38,28,Gimcheon Sangmu,111,0,-1,0,245054,0,4,-1,30,0,2,4,0,3,0,0,25000,0,1,852,1474,0,1,68,1,66,68,66,128,1,65,0,-1,65,1,0,0,245054,4194944,0,245054,0,0,0,0,0,4,243824,1,2055,0,557696,0,0,0,263845,0,0,245054,0,0,0,0,0,66,38,10,9,228534,0,245054,4,1,0,0,316,0,-1,525440,66
2056,178,102,9050,255,255,255,2002,255,1,255,255,1,35,1,1,255,102,255,178,Daegu FC,204,0,-1,0,225733,0,7,-1,65,0,1,4,0,5,0,0,12415,0,1,130,1474,0,1,64,1,66,64,71,128,2,66,1,-1,66,1,0,0,225733,132352,1,225733,0,0,0,0,1,2,225733,7,2056,0,188672,0,0,0,199236,0,0,225733,0,0,0,2,0,66,38,5,9,225733,0,225733,4,3,0,0,316,0,-1,266496,71
10020,255,255,24000,192,255,0,1939,255,20,255,0,1,38,100,1,255,255,128,255,Estoril,180,0,-1,0,70673,0,4,-1,30,0,2,4,0,3,0,0,8000,0,1,98,114510,0,1,70,3,69,70,68,-9,3,68,1,-1,68,1,0,0,70673,4202560,0,70673,0,0,0,0,0,1,70673,10,10020,0,561216,0,0,0,251434,0,0,70673,0,0,0,4,0,69,183,3,0,243047,0,70673,2,1,0,0,316,0,-1,526400,68
10029,93,31,331100,255,80,255,1899,80,1,80,166,2,49,48,2,80,80,255,80,TSG 1899 Hoffenheim,91,0,-1,1,216354,4,5,-1,65,0,2,4,0,3,1,0,30150,0,1,450,36,0,1,75,1,76,75,76,8,3,74,1,-1,73,1,0,0,216354,135168,3,216354,0,0,0,0,0,1,216354,8,10029,0,149504,0,0,0,193698,1,0,216354,0,0,0,4,0,76,113,4,1,216354,0,216354,2,4,0,0,366,0,-1,264192,77
10030,109,1,31250,1,185,1,1907,185,255,185,179,1,51,255,1,185,185,1,185,SC Paderborn 07,255,0,-1,0,270013,4,6,-1,50,0,2,2,0,3,0,0,15000,0,1,367,159,0,1,66,1,68,67,69,8,1,68,1,-1,67,1,0,0,270013,262793,1,270013,0,0,0,0,0,3,270013,5,10030,0,4227721,0,0,0,238363,1,0,270013,0,0,0,4,0,68,115,6,1,212879,0,270013,2,1,0,0,316,0,-1,525449,68
10032,1,1,35000,255,180,255,1908,180,252,180,1,1,46,252,1,180,180,255,180,FC Lugano,252,0,-1,0,210537,0,7,-1,50,0,1,4,0,2,0,0,6390,0,1,289,900,0,1,70,1,70,72,66,8,1,67,1,-1,67,1,0,0,210537,262784,0,270913,0,0,0,0,4,3,270913,5,10032,0,4227712,0,0,0,247077,0,0,210537,0,3,0,4,0,69,180,8,1,210537,0,210537,2,3,0,0,316,0,-1,525440,66
10846,254,254,2540,1,255,1,1994,255,240,255,254,1,42,240,1,255,255,1,255,Burgos CF,240,0,-1,0,231733,0,1,-1,30,0,2,4,0,2,0,0,12194,0,2,862,110069,0,1,70,1,70,70,71,-3,3,70,2,-1,70,2,0,0,231733,4202560,0,231733,0,0,0,0,0,4,231733,5,10846,0,544832,0,0,0,219637,0,0,231733,0,0,0,4,0,70,130,6,1,231733,0,231733,2,1,0,0,316,0,-1,526400,72
15001,51,0,3600,255,192,255,1921,192,14,192,153,1,55,43,1,192,192,255,192,Lyngby BK,137,0,-1,0,234489,0,2,-1,30,0,2,4,0,2,0,0,10100,3,1,561,1788,0,1,63,3,65,61,65,12,2,65,1,-1,64,1,0,0,269400,4195344,2,244181,0,0,0,0,3,2,244181,8,15001,0,581648,0,0,1,234489,0,0,234489,0,2,0,7,0,65,80,7,1,234489,0,234489,2,1,0,0,316,0,-1,528400,64
15009,250,250,9700,1,204,1,1929,202,250,206,250,1,47,250,1,206,202,1,204,SCR Altach,1,0,-1,0,270999,0,4,-1,50,0,2,4,0,2,0,0,8500,8,1,15,15040,0,1,66,1,65,65,65,9,3,66,1,-1,66,1,0,0,270999,270400,0,252254,0,0,0,0,0,2,252254,2,15009,0,4214848,0,0,0,223427,0,0,270999,0,0,0,4,0,66,124,9,1,229477,0,270999,2,2,0,0,316,0,-1,526400,64
15015,245,249,4750,1,1,1,1950,1,251,1,1,1,52,235,1,1,1,1,1,Burton Albion,10,0,-1,0,264115,0,4,-1,30,0,1,4,0,1,0,0,6912,0,2,86,91,0,2,62,1,61,60,63,-1,2,59,0,-1,63,2,0,0,241982,4195650,0,241982,0,0,0,0,0,2,241982,7,15015,0,532802,0,0,0,226116,1,0,241982,0,0,0,3,0,63,135,6,0,262831,0,241982,2,1,0,0,316,0,-1,528706,60
15040,170,1,10350,254,204,254,1930,202,1,206,87,1,47,1,1,206,202,254,204,WSG Tirol,1,0,-1,0,248471,0,1,-1,50,0,2,4,0,1,0,0,16008,0,1,754,15009,0,1,65,3,65,67,63,11,2,67,1,-1,65,1,0,0,244840,263232,0,248471,0,0,0,0,0,4,248471,4,15040,0,4218944,0,0,0,231840,1,0,248471,0,0,0,4,0,65,124,8,1,277985,0,248471,2,1,0,0,316,0,-1,528448,63
15048,255,255,2300,255,40,75,1884,0,42,60,255,1,53,66,1,60,0,75,40,Tranmere Rovers,128,0,-1,0,243840,0,6,-1,50,0,2,4,0,2,0,0,15573,0,2,687,4,0,2,62,1,61,61,60,-3,3,62,0,-1,62,2,0,0,243840,270464,0,227947,0,0,0,0,0,2,227947,3,15048,0,4214912,0,0,0,222947,0,0,243840,0,0,0,3,0,62,135,6,0,207620,0,243840,2,1,0,0,316,0,-1,526464,60
100081,1,204,27000,255,204,255,1971,202,245,206,1,1,50,1,1,206,202,255,204,Kortrijk,1,0,-1,0,264201,0,4,-1,30,0,2,4,0,3,0,1,9399,0,1,251,674,0,1,69,1,66,66,67,3,2,65,1,-1,67,1,0,0,264201,4195592,0,264201,0,0,0,0,0,3,264201,1,100081,0,549128,0,0,0,270585,0,0,264201,0,0,0,8,0,68,122,9,1,221350,0,264201,2,2,0,0,316,0,-1,528648,66
100087,255,255,35000,15,255,15,2002,255,0,255,255,1,50,153,1,255,255,15,255,OH Leuven,51,0,-1,0,237138,0,4,-1,50,0,2,4,0,3,0,0,10020,0,1,276,110724,0,1,69,1,69,70,69,4,2,67,1,-1,67,1,0,0,237138,263234,0,237138,0,0,0,0,0,2,237138,5,100087,0,4235330,0,0,0,210831,0,0,237138,0,0,0,8,0,69,122,5,1,237138,0,237138,2,2,0,0,316,0,-1,528450,69
100135,105,44,35000,250,255,250,1926,255,216,255,205,1,35,185,1,255,255,250,255,APOEL Nicosia FC,69,0,-1,0,215725,0,10,-1,50,0,1,4,1,4,0,0,22859,0,1,859,1884,0,1,71,3,70,71,73,33,2,69,1,-1,69,0,0,0,215725,263168,0,204908,0,0,0,0,21,2,204908,2,100135,0,4218880,0,0,0,193336,0,0,215725,0,29,0,8,0,70,141,4,3,270478,0,215725,9,3,0,0,316,0,-1,528384,73
100325,73,2,6500,255,73,255,1907,2,2,155,155,1,60,73,1,155,2,255,73,HJK Helsinki,155,0,-1,0,234294,0,10,-1,65,0,2,4,0,4,0,1,10770,0,1,586,320,2,1,64,15,63,64,64,24,1,62,1,-1,62,1,0,0,234294,131588,0,234294,0,0,0,0,14,2,234294,6,100325,0,164356,0,0,0,272646,0,0,234294,0,33,0,7,0,63,110,5,2,265793,0,234294,2,1,0,0,316,0,-1,263172,64
100409,14,216,148345,45,1,1,1907,1,6,1,22,2,48,45,2,1,1,70,1,FC Augsburg,34,0,-1,1,224425,0,4,-1,50,0,2,4,0,3,0,0,30660,0,1,28,21,0,1,74,1,73,73,75,10,3,72,1,-1,73,1,0,0,224425,270344,3,224425,0,0,0,0,0,1,236457,5,100409,0,4198408,0,0,0,202201,0,0,224425,0,0,0,4,0,74,113,7,1,233216,0,224425,2,3,0,0,366,0,-1,526344,73
100632,23,193,22430,62,75,244,1902,75,218,75,26,1,52,54,1,75,75,215,75,Go Ahead Eagles,44,0,-1,0,256800,0,5,-1,30,0,1,4,0,2,0,0,10400,0,2,563,1914,0,2,67,1,68,69,68,6,2,68,2,-1,67,2,0,0,244725,4195400,0,256800,0,0,0,0,0,1,256800,2,100632,0,548936,0,0,0,262790,0,0,256800,0,4,0,4,0,67,170,8,1,262790,0,256800,2,1,0,0,316,0,-1,528456,69
100634,255,255,30000,15,20,15,1903,20,235,20,255,1,52,235,1,20,20,15,20,Heracles Almelo,235,0,-1,0,73964,0,4,-1,30,0,1,4,0,2,0,0,12080,0,2,13,1908,0,2,66,1,66,66,65,6,2,65,2,-1,65,2,0,0,73964,4195584,2,246179,0,0,0,0,0,3,246179,1,100634,0,549120,0,0,0,250913,0,0,73964,0,2,0,4,0,66,170,8,1,250913,0,73964,2,1,0,0,316,0,-1,528640,65
100646,23,228,32340,255,175,255,1888,175,10,175,31,1,51,10,1,175,175,255,175,Sparta Rotterdam,10,0,-1,0,276712,0,6,-1,30,0,2,4,0,2,0,0,11000,1,2,412,246,0,2,68,1,68,67,72,4,2,67,2,-1,67,2,0,0,276712,4195332,2,236037,0,0,0,0,3,3,236037,7,100646,0,581636,0,0,0,224241,0,0,224163,0,6,0,4,0,68,170,6,1,230737,0,276712,2,1,0,0,316,0,-1,528388,72
100757,28,237,3700,255,28,255,1948,237,128,36,36,1,44,128,1,36,237,255,28,Dinamo București,128,0,-1,0,247674,0,5,-1,50,0,2,4,0,4,0,0,8207,4,1,768,100761,0,1,66,1,67,67,66,26,2,67,1,-1,66,1,0,0,247674,263168,1,247674,0,0,0,0,13,4,247674,7,100757,0,4202496,0,0,0,247674,0,0,247674,0,18,0,5,0,66,24,7,2,247674,0,247674,2,2,0,0,316,0,-1,528384,66
100761,1,204,14500,204,1,1,2003,1,1,1,1,1,44,1,1,1,1,1,1,FCSB,1,0,-1,0,247972,0,10,-1,65,0,1,4,0,5,0,0,55634,0,1,719,310,0,1,70,1,69,72,68,26,1,70,1,-1,68,1,0,0,247972,131713,0,247972,0,0,1,0,3,4,247972,4,100761,0,164481,0,0,0,247972,0,0,247972,0,6,0,5,0,68,24,2,2,247972,0,247972,2,5,0,0,316,0,-1,263297,69
100804,100,45,4000,255,80,255,1884,25,51,25,220,1,56,120,1,25,25,255,80,St. Johnstone,220,0,-1,0,192451,0,4,-1,30,0,2,4,0,2,0,0,10696,0,0,375,180,0,0,65,0,63,64,62,-3,2,63,0,-1,63,0,0,0,192451,4195648,0,192451,0,0,0,0,2,4,233050,2,100804,0,549184,0,0,0,232114,0,0,192451,0,0,0,3,0,63,173,8,0,241454,0,192451,2,1,0,0,316,0,-1,528704,60
100805,255,255,3200,1,1,1,1877,1,250,1,255,1,55,1,1,1,1,1,1,St. Mirren,1,0,-1,0,251001,0,3,-1,30,0,2,4,0,3,0,0,8023,0,1,674,80,0,2,66,1,64,66,63,-4,3,64,0,-1,64,1,0,0,251001,4202816,0,251001,0,0,0,0,3,1,211536,4,100805,0,545088,0,0,0,211096,0,0,251001,0,0,0,3,0,64,173,7,0,211536,0,251001,2,1,0,0,316,0,-1,526656,64
100851,254,254,3000,5,222,6,1995,222,138,222,254,1,37,5,1,222,222,4,222,FC Cartagena,37,0,-1,0,208817,0,4,-1,30,0,2,4,0,3,0,0,15105,0,2,823,468,0,1,67,1,66,66,67,0,3,66,0,-1,67,2,0,0,208817,4202560,0,208817,0,0,0,0,0,3,208817,6,100851,0,544832,0,0,0,189709,0,0,208817,0,0,0,4,0,67,130,5,1,190747,0,208817,2,1,0,0,316,0,-1,526400,66
100852,1,1,2600,254,254,254,1922,254,222,254,1,1,39,222,1,254,254,254,254,CD Castellón,222,0,-1,0,266100,0,3,-1,90,0,2,4,0,4,0,0,15500,0,0,825,483,0,1,66,1,67,66,67,0,1,66,0,-1,66,2,0,0,266100,66048,0,252083,0,0,0,0,0,2,266100,6,100852,0,82432,0,0,0,216461,0,0,266100,0,0,0,4,0,67,130,5,1,73318,0,266100,2,1,0,0,316,0,-1,132096,69
100888,90,70,10750,255,129,255,1928,120,245,120,190,2,40,245,2,120,120,255,120,CD Leganés,255,0,-1,0,241463,4,7,-1,30,0,2,4,0,3,0,0,12454,0,2,271,1860,0,1,73,1,73,72,76,-3,3,72,0,-1,73,2,0,0,246169,4202512,2,246169,0,0,0,0,0,4,244523,3,100888,0,544784,0,0,0,221652,0,0,241463,0,0,0,4,0,74,131,2,1,241463,0,241463,2,1,0,0,366,0,-1,526352,74
101014,102,51,59885,1,255,255,2014,255,50,255,204,2,41,100,2,255,255,102,255,Istanbul Başakşehir FK,200,0,-1,0,215531,0,6,-1,50,0,1,4,0,6,0,0,17300,0,1,231,325,0,1,72,1,70,70,72,28,1,71,1,-1,72,1,0,0,215531,262658,0,215531,0,0,0,0,0,4,215531,4,101014,0,4243970,0,0,0,215531,1,0,215531,0,1,0,1,0,71,179,7,3,223113,0,215531,9,5,0,0,316,0,-1,525314,72
101016,206,154,38980,102,255,1,1940,255,154,255,254,1,37,206,1,255,255,0,255,Adana Demirspor,254,0,-1,0,241389,0,2,-1,50,0,2,4,0,2,0,0,33000,0,0,584,741,0,1,65,0,62,64,62,35,1,63,1,-1,65,1,0,0,245364,262912,0,241389,0,0,0,0,0,4,245364,2,101016,0,4227840,0,0,0,263020,0,0,241389,0,0,0,1,0,64,179,6,3,259621,0,241389,9,1,0,0,316,0,-1,525568,62
101020,204,255,28000,3,1,198,1966,1,255,1,1,1,38,204,1,1,1,2,1,Kayserispor,1,0,-1,0,224890,0,4,-1,30,0,2,4,0,2,0,0,32864,0,1,242,101041,0,1,69,1,66,67,67,35,1,64,1,-1,66,1,0,0,224890,4194888,0,224890,0,0,0,0,1,2,224890,6,101020,0,541256,0,0,0,263808,1,0,224890,0,0,0,1,0,67,179,9,3,224890,0,224890,9,2,0,0,316,0,-1,525384,67
101026,32,232,35000,7,1,251,1925,1,1,1,41,1,38,1,1,1,1,199,1,Göztepe,1,0,-1,0,73398,4,4,-1,50,0,2,5,0,5,0,0,19713,0,1,627,131388,0,1,65,1,69,65,67,27,2,68,0,-1,68,1,0,0,73398,263312,0,73563,0,0,0,0,2,2,73563,4,101026,0,4251792,0,0,0,232007,0,0,73398,0,0,0,5,0,68,179,5,3,73398,0,73398,9,1,0,0,316,0,-1,528528,69
101028,35,172,22600,255,192,255,1967,192,255,192,43,1,36,255,1,192,192,255,192,Hatayspor,255,0,-1,0,273888,0,1,-1,30,0,2,4,0,2,0,0,25000,0,1,827,110776,0,1,67,1,67,67,73,36,3,66,1,-1,66,0,0,0,273888,4202496,0,273888,0,0,0,0,0,2,273888,2,101028,0,561152,0,0,0,199683,0,0,273888,0,0,0,1,0,67,179,10,3,199069,0,273888,9,1,0,0,316,0,-1,526336,73
101033,142,38,24800,255,255,255,1922,255,31,255,117,1,37,160,1,255,255,255,255,Konyaspor,130,0,-1,0,223136,0,6,-1,30,0,2,4,0,3,0,0,41981,25,1,250,101020,0,1,67,0,68,67,68,32,2,71,1,-1,70,1,0,0,224885,4195392,0,223136,0,0,0,0,1,2,224885,4,101033,0,548928,0,0,1,224885,0,0,224885,0,0,0,1,0,68,179,8,3,224885,0,224885,9,3,0,0,316,0,-1,528448,68
101037,173,28,38100,216,255,82,1953,255,255,255,86,1,41,255,1,255,255,128,255,Çaykur Rizespor,255,0,-1,0,212045,4,3,-1,50,0,1,4,0,2,0,0,15558,0,1,406,436,0,1,67,3,69,69,72,40,3,65,0,-1,65,1,0,0,277217,270594,0,212045,0,0,0,0,0,3,212045,2,101037,0,4215042,0,0,0,212045,1,0,212045,0,0,0,1,0,69,179,3,3,215323,0,212045,9,2,0,0,316,0,-1,526594,73
101041,0,255,27400,255,255,255,1967,255,225,255,0,1,39,26,1,255,255,255,255,Sivasspor,39,0,-1,0,230800,0,5,-1,30,0,2,4,0,4,0,0,27532,0,1,453,101020,0,1,68,0,67,66,71,37,3,66,1,-1,66,1,0,0,229247,4202824,0,204372,0,0,0,0,1,4,204372,5,101041,0,545096,0,0,0,223709,0,0,230800,0,0,0,1,0,68,179,6,3,230800,0,230800,9,2,0,0,316,0,-1,526664,71
101047,255,255,100000,150,125,0,1927,125,255,125,255,2,50,255,2,125,125,60,125,Dynamo Kyiv,255,0,-1,0,194794,0,10,-1,50,0,2,4,0,6,0,0,70050,0,1,698,101059,0,1,74,3,73,74,72,30,1,72,0,-1,72,1,0,0,277439,262800,0,244373,0,0,0,0,13,2,244373,10,101047,0,4227728,0,0,0,244373,0,0,194794,0,16,0,5,0,73,159,8,2,244373,0,194794,2,5,0,0,316,0,-1,525456,72
101059,80,240,160000,1,1,1,1936,1,255,1,0,2,48,90,2,1,1,1,1,Shakhtar Donetsk,44,0,-1,0,237055,0,10,-1,50,0,1,4,0,7,0,0,52667,33,1,140,101047,0,1,74,1,73,74,72,37,2,73,0,-1,73,1,0,0,237055,263298,0,237055,0,0,0,0,14,2,237055,7,101059,1,4251778,0,0,0,229528,0,0,237055,0,15,0,5,0,73,152,8,2,259913,0,237055,2,6,0,0,316,0,-1,528514,72
101083,22,252,90500,255,255,255,1905,255,252,255,28,2,-34,22,2,255,255,255,255,Estudiantes de La Plata,28,0,-1,0,242426,0,9,-1,65,0,2,4,0,6,0,1,30018,4,0,259,101084,0,1,73,1,72,74,74,-57,1,71,1,-1,71,1,1,0,242426,131589,2,242426,0,0,4,0,1,4,242426,7,101083,0,147973,0,0,0,232244,0,0,242426,0,6,0,1,0,72,129,8,-3,242426,0,242426,7,7,0,0,316,0,-1,263173,74
101084,255,255,10000,98,255,18,1887,255,255,255,255,1,-34,255,1,255,255,21,255,Gimnasia y Esgrima La Plata,255,0,-1,0,205633,0,2,-1,65,0,2,4,0,4,0,1,21500,0,0,259,101083,0,1,70,1,70,70,69,-57,3,71,1,-1,70,1,1,0,267625,139520,2,267625,0,0,0,0,0,4,267625,7,101084,0,135424,0,0,1,240640,0,0,205633,0,1,0,1,0,70,129,4,-3,273080,0,205633,7,1,0,0,316,0,-1,264448,69
101085,200,55,95000,255,255,255,1903,255,1,255,255,2,-34,1,2,255,255,255,255,Racing Club de Avellaneda,1,0,-1,0,210513,0,9,-1,65,0,1,3,0,7,0,1,42500,0,0,30,110093,0,1,72,1,73,72,74,-58,1,72,1,-1,71,1,1,0,210513,131592,2,210513,0,0,1,0,0,4,242081,8,101085,0,164360,0,0,0,223249,1,0,210513,0,18,0,1,0,73,129,6,-3,210513,0,210513,7,8,0,0,316,0,-1,263176,74
101088,63,31,70000,255,255,255,1910,255,31,255,116,2,-34,63,2,255,255,255,255,Vélez Sarsfield,116,0,-1,0,219553,0,8,-1,65,0,2,4,0,5,0,1,49540,5,0,82,1013,0,1,72,3,72,71,74,-58,1,72,1,-1,72,1,1,0,275205,131728,2,275205,0,0,1,0,0,4,219553,9,101088,0,164496,0,0,0,232255,0,0,219553,0,10,0,1,0,72,129,8,-3,219553,0,219553,7,6,0,0,316,0,-1,263312,74
101099,26,210,28500,255,112,255,1927,30,210,30,30,1,3,26,1,30,30,255,112,América de Cali,30,0,-1,0,214196,0,7,-1,65,0,2,4,0,7,0,1,36000,0,0,91,101100,0,1,68,3,69,68,72,-76,2,69,1,-1,69,1,1,0,214196,132168,1,214054,0,0,0,0,0,2,214054,4,101099,0,155720,0,0,0,176619,0,0,214196,0,15,0,1,0,69,74,4,-5,176619,0,214196,7,5,0,0,316,0,-1,266312,72
101100,127,13,47500,250,112,250,1947,30,13,30,64,1,6,127,1,30,30,250,112,Atlético Nacional,64,0,-1,0,192342,4,10,-1,50,0,1,4,0,7,0,1,44739,0,0,310,101103,0,1,69,3,70,69,61,-75,1,70,1,-1,70,1,1,0,192342,262660,2,192342,0,0,2,0,6,6,192342,6,101100,0,4211204,0,0,0,242484,0,0,192342,0,17,0,1,0,70,141,4,-5,192342,0,192342,7,5,0,0,316,0,-1,525316,61
101101,30,224,41500,255,1,255,1924,1,224,1,34,1,10,30,1,1,1,255,1,Junior de Barranquilla,34,0,-1,0,214132,0,8,-1,50,0,2,4,0,5,0,1,46692,0,0,40,101100,0,1,70,1,71,70,74,-74,1,68,1,-1,68,1,1,0,214132,262912,1,214132,0,0,0,0,2,6,214132,4,101101,0,4227840,0,0,1,214343,1,0,214132,0,10,0,1,0,71,74,2,-5,207664,0,214132,7,5,0,0,316,0,-1,525568,74
101103,6,226,32000,171,112,46,1913,30,226,30,18,1,6,6,1,30,30,96,112,Independiente Medellín,7,0,-1,0,264582,0,7,-1,50,0,1,0,0,6,0,1,44739,0,0,310,101100,0,1,70,3,70,70,69,-75,1,69,1,-1,69,1,1,0,226747,262976,1,264582,0,0,0,0,3,4,264582,5,101103,0,4211520,0,0,0,245998,0,0,264582,0,6,0,1,0,70,74,3,-5,273655,0,264582,7,5,0,0,316,0,-1,525632,69
101105,68,39,44500,255,1,255,1946,1,1,1,144,1,4,1,1,1,1,255,1,Millonarios,1,0,-1,0,214378,0,9,-1,50,0,2,0,0,6,0,1,36343,0,1,59,101100,0,1,72,1,71,72,72,-74,1,68,1,-1,68,1,1,0,214378,132225,1,214378,0,0,0,0,3,6,214378,6,101105,0,279681,0,0,0,214378,1,0,214378,0,16,0,1,0,71,74,2,-5,231862,0,214378,7,5,0,0,316,0,-1,4202625,72
101108,255,255,52500,42,249,36,1902,248,201,249,255,1,-25,57,1,249,248,40,249,Olimpia Asunción,119,0,-1,0,262566,0,10,-1,65,0,2,4,0,7,0,0,22000,0,0,771,112716,0,1,67,0,68,67,68,-57,1,66,1,-1,66,0,1,0,216385,131584,1,248869,0,0,3,0,1,2,248869,5,101108,0,147968,0,0,1,216385,0,0,262566,0,46,0,1,0,68,74,5,-4,184252,0,262566,7,7,0,0,316,0,-1,263168,68
101110,30,30,43200,1,249,253,1891,248,30,249,30,2,-34,30,2,249,248,202,249,Peñarol,30,0,-1,0,252935,0,9,-1,50,0,2,4,0,7,0,1,40700,18,1,795,111325,0,1,71,3,71,71,72,-56,1,71,1,-1,71,1,1,0,252935,262672,1,252935,0,0,5,0,0,4,252935,8,101110,0,4243984,0,0,0,236382,0,0,252935,0,51,0,1,0,71,74,4,-3,267406,0,252935,7,5,0,0,316,0,-1,525328,72
101112,255,255,173500,88,1,0,1974,1,150,1,255,1,49,200,1,1,1,34,1,Vancouver Whitecaps,255,0,-1,0,208919,4,4,-1,30,0,1,6,0,4,1,0,22120,5,1,508,111144,2,1,69,15,70,69,73,-123,3,68,0,-1,68,1,0,0,208919,4202564,0,208919,0,0,0,0,0,3,208919,5,101112,0,577604,0,0,0,208919,1,0,208919,0,0,0,6,0,70,41,3,-8,208919,0,208919,2,2,0,0,316,0,-1,526404,73
105035,87,248,0,255,66,255,1889,35,244,66,23,3,52,124,3,66,35,255,66,Holland,34,0,-1,0,245367,4,10,-1,50,0,2,4,0,0,0,0,55885,0,1,0,1337,0,1,82,1,83,82,81,4,1,84,0,-1,84,1,0,0,245367,262784,0,245367,0,0,0,0,0,1,245367,0,105035,0,4227712,0,0,0,203376,0,0,245367,0,0,0,4,0,83,141,0,1,223689,0,245367,2,8,0,0,366,0,-1,525440,81
110062,0,201,8000,255,0,255,1930,180,180,0,0,2,41,0,2,0,180,255,0,Girona FC,0,0,-1,0,190815,0,1,-1,65,0,2,4,0,3,0,0,14642,0,2,185,452,0,1,79,1,79,80,76,2,1,79,2,-1,79,2,0,0,246928,131712,1,190815,0,0,0,0,0,4,246928,3,110062,0,131712,0,0,0,201505,0,0,246928,0,0,0,4,0,79,131,2,1,239250,0,246928,2,1,0,0,366,0,-1,263296,76
110069,0,200,2500,1,110,1,1927,110,12,110,0,1,42,8,1,110,110,1,110,CD Mirandés,8,0,-1,0,260923,0,3,-1,30,1,2,4,0,3,0,0,6900,0,2,318,463,0,1,66,1,66,66,66,-2,2,67,0,-1,66,0,0,0,260923,4195584,0,260923,0,0,0,0,0,4,260923,2,110069,0,532736,0,0,0,214639,0,0,260923,0,0,0,4,0,66,130,5,1,74317,0,260923,2,1,0,0,316,0,-1,528640,66
110072,255,255,3900,50,255,227,1964,255,0,255,255,1,45,83,1,255,255,23,255,ASC Oțelul Galați,156,0,-1,0,216800,0,3,-1,65,0,2,4,1,3,0,0,13500,0,1,933,310,0,1,65,0,65,66,64,28,2,64,1,-1,63,1,0,0,275648,132224,0,216800,0,0,0,0,0,2,216800,3,110072,0,139392,0,0,0,216800,0,0,275648,0,1,0,5,0,64,24,5,2,216800,0,216800,2,1,0,0,316,0,-1,266368,66
110075,90,30,7200,30,50,30,1920,40,250,130,180,1,44,250,1,130,40,30,50,Farul Constanța,250,0,-1,0,197971,0,8,-1,65,0,2,4,0,3,0,0,4554,0,1,871,113378,0,1,64,1,65,63,64,28,1,65,1,-1,65,1,0,0,239116,131968,0,239116,0,0,0,0,1,3,265431,10,110075,0,164736,0,0,1,197971,1,0,239116,0,2,0,5,0,64,24,6,2,197971,0,197971,2,3,0,0,316,0,-1,263552,64
110078,215,230,4200,204,30,30,1924,30,30,30,50,1,44,30,1,30,30,30,30,Petrolul Ploiești,30,0,-1,0,220177,0,5,-1,50,0,1,4,0,3,0,0,15073,0,1,904,310,0,1,64,1,65,64,65,26,3,65,1,-1,65,1,0,0,220177,270400,0,220177,0,0,0,0,3,2,220177,4,110078,0,4214848,0,0,0,220177,0,0,237989,0,4,0,5,0,65,24,7,2,237989,0,220177,2,1,0,0,316,0,-1,526400,65
110081,132,37,0,255,110,255,1880,20,24,70,50,1,54,150,1,70,20,255,110,Northern Ireland,55,0,-1,0,268630,0,10,-1,30,0,2,4,0,0,0,0,18000,0,0,0,1355,0,1,69,1,69,69,65,-5,3,71,0,-1,71,0,0,0,268630,4202824,0,231292,0,0,0,0,0,1,264298,0,110081,0,545096,0,0,0,264298,0,0,268630,0,0,0,3,0,69,110,0,0,220039,0,268630,2,2,0,0,316,0,-1,526664,65
110093,1,206,145000,26,255,206,1904,255,255,255,26,1,-34,255,1,255,255,1,255,Independiente,255,0,-1,0,214968,0,8,-1,65,0,1,5,0,7,0,1,42069,0,0,30,101085,0,1,70,1,71,71,74,-58,1,70,1,-1,69,1,1,0,214968,131860,2,214968,0,0,7,0,0,2,214968,6,110093,2,181012,0,0,0,215057,0,0,214968,0,16,0,1,0,71,129,10,-3,226286,0,214968,7,8,0,0,316,0,-1,263444,74
110176,1,1,6900,255,255,255,1970,255,1,255,1,1,48,1,1,255,255,255,255,SSV Ulm 1846,1,0,-1,0,224430,0,1,-1,30,0,2,3,2,2,0,0,19500,0,1,931,36,0,1,65,3,66,66,65,10,3,68,1,-1,66,1,0,0,276365,4202560,0,224430,0,0,0,0,0,1,224430,3,110176,0,528448,0,0,0,231555,0,0,224430,0,0,0,4,0,65,115,8,1,262838,0,224430,2,1,0,0,316,0,-1,526400,65
110178,1,1,10101,255,255,255,1916,255,58,1,1,1,49,127,1,255,1,255,1,SV Sandhausen,138,0,-1,0,212238,4,9,-1,50,0,2,4,0,1,0,0,15414,0,1,426,1832,0,1,65,3,64,64,65,8,2,64,1,-1,65,1,0,0,209485,263240,1,229923,0,0,0,0,0,3,212238,1,110178,0,4202568,0,0,1,262534,0,0,212238,0,0,0,4,0,65,123,6,1,212238,0,212238,2,1,0,0,316,0,-1,528456,65
110206,128,0,2900,0,30,255,1964,30,30,30,0,1,50,30,1,30,30,255,30,GKS Katowice,30,0,-1,0,235471,0,2,-1,30,0,2,4,0,2,0,0,6710,0,1,958,420,0,1,63,1,64,62,64,19,3,64,1,-1,64,1,0,0,235471,4202560,0,235471,0,0,0,0,3,3,235471,7,110206,0,544832,0,0,0,244160,0,0,235471,0,0,0,5,0,63,127,5,1,244160,0,235471,2,1,0,0,316,0,-1,526400,65
110242,120,36,2000,255,250,255,1919,250,1,245,60,1,43,1,1,250,245,255,245,Racing de Ferrol,1,0,-1,0,227990,0,1,-1,50,0,2,4,0,1,0,0,12043,0,2,926,450,0,1,69,1,67,68,69,-8,1,67,0,-1,67,0,0,0,227990,262720,0,227990,0,0,0,0,0,4,227990,7,110242,0,4211264,0,0,0,172716,0,0,227990,0,0,0,4,0,68,130,5,1,189661,0,227990,2,1,0,0,316,0,-1,525376,68
110313,18,199,2500,255,1,255,1968,1,240,1,36,1,53,18,1,1,1,255,1,Accrington Stanley,36,0,-1,0,167512,0,4,-1,50,0,2,4,0,1,0,0,5057,1,0,4,357,0,2,59,1,59,60,60,-2,2,57,0,-1,59,1,0,0,167512,263240,0,167512,0,0,0,0,0,2,167512,7,110313,0,4218952,0,0,0,167512,0,0,167512,0,0,0,3,0,59,135,9,0,241438,0,167512,2,1,0,0,316,0,-1,528456,61
110321,217,246,17000,179,1,1,1995,1,247,1,87,1,43,217,1,1,1,113,1,Pau FC,97,0,-1,0,225855,0,3,-1,30,0,2,4,0,1,0,0,4031,38,0,816,1809,0,1,66,3,67,68,67,0,2,65,1,-1,66,0,0,0,225855,4195584,0,225855,0,0,0,0,0,2,225855,2,110321,0,581888,0,0,0,234814,0,0,225855,0,0,0,4,0,66,103,8,1,225855,0,225855,2,1,0,0,316,0,-1,528640,69
110329,71,96,55100,255,71,255,1910,96,226,52,52,1,53,1,1,52,96,255,71,FC St. Pauli,26,0,-1,1,222369,0,2,-1,30,0,1,4,0,6,0,0,29546,0,1,205,28,0,1,70,1,69,68,71,9,3,70,1,-1,70,1,0,0,222369,4202496,1,222369,0,0,0,0,0,3,222369,4,110329,0,544768,0,0,0,211378,0,0,222369,0,0,0,4,0,70,113,8,1,234399,0,222369,2,2,0,0,316,0,-1,526336,68
110373,30,132,70000,250,76,250,1919,30,210,190,30,1,40,170,1,190,30,250,76,Salernitana,46,0,-1,0,225844,0,3,-1,30,0,2,4,0,5,0,0,31300,8,1,416,112124,0,1,68,3,69,68,67,14,2,68,1,-1,68,1,0,0,236368,4195328,1,225844,0,0,0,0,0,2,225844,4,110373,0,581632,0,0,0,236368,0,0,225844,0,0,0,4,0,69,169,4,1,225844,0,225844,2,1,0,0,316,0,-1,528384,67
110374,8,57,240000,250,8,250,1926,57,217,142,142,2,43,43,2,142,57,250,8,Fiorentina,38,0,-1,0,201389,0,6,-1,65,0,2,4,0,6,0,0,43147,39,1,162,45,0,1,77,1,78,77,77,11,3,76,1,-1,75,1,0,0,201389,135432,1,201389,0,0,0,0,6,4,201389,8,110374,0,149768,0,0,0,201389,0,0,201389,0,2,0,4,0,77,136,5,1,201389,0,201389,2,5,0,0,366,0,-1,264456,78
110395,40,117,45000,52,255,117,1915,255,255,255,52,2,-34,255,2,255,255,40,255,Lanús,255,0,-1,0,235467,0,5,-1,50,0,2,4,0,4,0,1,47027,0,0,262,110404,0,1,72,1,72,72,72,-58,2,72,1,-1,71,1,1,0,235467,263176,2,235467,0,0,0,0,0,3,235467,8,110395,1,4235272,0,0,0,214766,0,0,235467,0,2,0,1,0,72,129,4,-3,235467,0,235467,7,5,0,0,316,0,-1,528392,72
110396,1,1,24000,21,255,225,1903,255,2,255,1,1,-32,2,1,255,255,11,255,Newell's Old Boys,2,0,-1,0,178562,0,7,-1,50,0,1,4,0,7,0,1,42000,0,0,409,110580,0,1,67,3,70,67,71,-60,1,69,1,-1,70,1,1,0,178562,262680,2,178562,0,0,0,0,0,2,178562,8,110396,0,4227608,0,0,0,178562,1,0,178562,0,6,0,1,0,70,129,7,-3,253718,0,178562,7,4,0,0,316,0,-1,525336,71
110404,153,1,15300,255,255,255,1896,255,210,255,51,1,-34,97,1,255,255,255,255,Banfield,13,0,-1,0,239491,0,5,-1,50,0,1,4,0,3,0,1,34901,0,0,35,110395,0,1,67,3,68,67,69,-58,2,66,1,-1,66,1,1,0,239491,263496,2,239491,0,0,0,0,0,2,239491,6,110404,0,4219208,0,0,0,233780,1,0,239491,0,1,0,1,0,68,129,7,-3,261160,0,239491,7,2,0,0,316,0,-1,528712,69
110468,30,223,40000,168,120,59,1911,120,223,120,35,2,49,30,2,120,120,94,120,Viktoria Plzeň,35,0,-1,0,251221,0,9,-1,30,0,2,4,0,4,0,0,11700,0,1,699,266,0,1,73,1,72,73,71,13,2,71,1,-1,71,1,0,0,251221,4195392,0,251221,0,0,0,0,1,1,251221,4,110468,0,548928,0,0,1,251221,0,0,251221,0,6,0,5,0,72,141,6,1,247050,0,251221,2,3,0,0,316,0,-1,528448,71
110500,98,1,10472,1,93,255,1895,40,225,30,173,1,52,1,1,177,240,204,220,Eintracht Braunschweig,15,0,-1,0,251281,4,2,-1,30,0,2,4,2,4,0,0,23325,38,1,68,485,0,1,67,1,67,66,65,10,2,67,1,-1,69,1,0,0,251281,4195334,1,251281,0,0,0,0,0,2,251281,6,110500,0,532486,0,0,0,201860,1,0,251281,0,1,0,4,0,68,115,6,1,251961,0,251281,2,1,0,0,316,0,-1,528390,63
110501,254,254,2450,1,255,1,1924,255,240,185,254,1,51,240,1,255,185,1,185,SC Verl,240,0,-1,0,241900,0,3,-1,50,0,2,4,0,1,0,0,15000,0,1,820,487,0,1,64,1,62,63,64,8,1,61,1,-1,63,1,0,0,241900,262784,0,235253,0,0,0,0,0,2,235253,5,110501,0,4194944,0,0,0,276283,0,0,241900,0,0,0,4,0,64,123,8,1,255540,0,241900,2,1,0,0,316,0,-1,525440,64
110502,78,1,37980,255,180,255,1898,180,1,255,158,1,49,32,1,180,50,255,50,SV Darmstadt 98,91,0,-1,0,237540,0,7,-1,50,0,1,3,0,4,0,0,17810,3,1,132,1824,0,1,69,3,70,70,68,8,2,70,1,-1,69,1,0,0,251287,263168,1,251287,0,0,0,0,0,2,262604,2,110502,0,4218880,0,0,0,263575,1,0,237540,0,0,0,4,0,70,115,6,1,262604,0,237540,2,1,0,0,316,0,-1,528384,67
110532,66,1,3780,1,180,1,1907,180,255,10,146,1,49,255,1,180,10,1,10,SV Waldhof Mannheim,255,0,-1,0,204044,0,5,-1,50,0,2,4,3,3,0,0,25721,26,1,735,29,0,1,64,0,64,64,66,8,2,63,1,-1,65,1,0,0,204044,263248,1,204044,0,0,0,0,0,2,204044,5,110532,0,4218960,0,0,0,239181,0,0,204044,0,0,0,4,0,65,123,7,1,234901,0,204044,2,1,0,0,316,0,-1,528464,66
110556,2,197,150000,78,79,20,1893,39,250,101,7,2,44,250,2,101,39,33,79,Genoa,250,0,-1,0,236295,0,5,-1,30,0,2,4,0,5,0,0,36599,0,1,180,1837,0,1,73,1,74,74,74,8,3,72,1,-1,71,1,0,0,201144,4202501,1,201144,0,0,0,0,1,9,236295,6,110556,0,561157,0,0,0,201144,0,0,236295,0,9,0,4,0,73,136,5,1,235842,0,236295,2,3,0,0,316,0,-1,526341,75
110580,41,2,30000,1,255,249,1889,255,2,255,118,2,-32,41,2,255,255,200,255,Rosario Central,118,0,-1,0,238230,0,7,-1,50,0,2,4,0,6,0,1,39657,27,0,409,110396,0,1,71,0,72,73,71,-60,2,72,1,-1,71,1,1,0,238230,263304,2,238230,0,0,0,0,1,3,226798,8,110580,0,4251784,0,0,0,216033,0,0,238230,0,4,0,1,0,71,129,6,-3,165560,0,238230,7,4,0,0,316,0,-1,528520,71
110588,105,1,10115,116,210,1,1965,210,255,210,176,1,52,255,1,210,210,60,210,1. FC Magdeburg,255,0,-1,0,233520,0,3,-1,50,0,2,4,2,5,0,0,22000,0,1,612,503,0,1,68,1,69,69,67,11,1,72,1,-1,69,1,0,0,233520,262672,1,233520,0,0,0,0,0,2,233520,4,110588,0,4227600,0,0,0,228607,0,0,233520,0,0,0,4,0,68,115,6,1,234740,0,233520,2,1,0,0,316,0,-1,525328,67
110636,6,227,59300,255,1,255,1895,1,210,1,19,1,51,22,1,1,1,255,1,Fortuna Düsseldorf,35,0,-1,0,246814,0,8,-1,65,0,2,4,0,4,0,0,54600,1,1,147,31,0,1,70,1,69,69,70,6,1,68,1,-1,69,1,0,0,246550,131652,3,246814,0,0,0,0,2,8,202088,3,110636,0,148036,0,0,0,199779,1,0,246814,0,1,0,4,0,70,115,4,1,221168,0,246814,2,1,0,0,316,0,-1,263236,70
110645,40,255,4400,1,180,1,2010,180,255,180,50,1,50,255,1,180,180,1,180,Viktoria Köln,255,0,-1,0,240027,0,6,-1,30,0,2,4,3,2,0,0,10001,0,1,249,31,0,1,63,3,62,61,64,7,3,62,1,-1,63,1,0,0,240027,4202496,1,240027,0,0,0,0,0,3,216183,3,110645,0,561152,0,0,0,238963,0,0,240027,0,0,0,4,0,63,123,3,1,261653,0,240027,2,1,0,0,316,0,-1,526336,64
110676,230,255,5509,1,230,1,1909,230,245,230,1,1,51,255,1,230,230,1,230,Borussia Dortmund II,1,0,-1,0,263065,0,2,-1,50,0,2,4,0,1,0,0,9999,0,1,141,159,0,1,65,3,63,65,63,7,3,61,1,-1,62,1,0,0,224597,270336,0,269996,0,0,0,0,0,2,269996,10,110676,0,4231168,0,0,0,224597,0,0,224597,0,0,0,4,0,63,123,4,1,224597,0,224597,2,1,0,0,316,0,-1,526336,64
110683,255,255,1637,1,255,1,1896,255,1,255,255,1,52,157,1,255,255,1,255,Hannover 96 II,58,0,-1,0,263970,0,1,-1,30,0,2,4,0,1,0,0,2500,0,1,208,110500,0,1,60,3,59,58,59,9,1,60,1,-1,62,1,0,0,70985,4194816,0,72674,0,0,0,0,0,3,72674,10,110683,0,541184,0,0,0,233969,1,0,263970,0,0,0,4,0,61,123,10,1,266012,0,263970,2,1,0,0,316,0,-1,525312,59
110697,255,255,1800,41,255,211,1893,255,1,255,255,1,48,1,1,255,255,1,255,VfB Stuttgart II,1,0,-1,0,279623,4,1,-1,65,0,2,4,0,1,0,0,10000,0,1,466,110176,0,1,60,3,60,59,60,9,3,61,1,-1,61,1,0,0,73584,139264,0,279623,0,0,0,0,0,3,279623,10,110697,0,151552,0,0,0,234416,0,0,279623,0,0,0,4,0,60,123,7,1,279623,0,279623,2,1,0,0,316,0,-1,264192,60
110720,51,51,6500,255,160,255,1938,160,0,160,255,1,48,0,1,160,160,255,160,Blau-Weiß Linz,0,0,-1,0,210490,0,2,-1,30,0,2,4,0,1,0,0,5595,0,1,639,252,0,1,62,0,64,62,65,14,3,64,1,-1,64,1,0,0,224271,4202560,0,224271,0,0,0,0,0,4,224271,4,110720,0,544832,0,0,0,233435,0,0,224271,0,0,0,8,0,64,124,10,1,226958,0,224271,2,1,0,0,316,0,-1,526400,65
110724,232,255,30000,0,204,235,1904,202,1,206,0,1,51,1,1,206,202,13,204,KV Mechelen,1,0,-1,0,224252,0,5,-1,30,0,1,4,0,4,0,1,16672,0,1,309,100087,0,1,70,1,70,72,69,4,1,69,1,-1,67,1,0,0,224252,4194946,1,224252,0,0,0,0,2,3,224252,5,110724,0,541314,0,0,1,205369,1,0,224252,0,4,0,8,0,69,122,6,1,224252,0,224252,2,4,0,0,316,0,-1,525442,70
110738,30,30,25000,142,250,1,1909,250,250,250,30,1,43,250,1,250,250,69,250,Pisa,250,0,-1,0,240797,0,7,-1,50,0,2,4,0,3,0,0,9950,0,1,570,110374,0,1,70,3,68,68,67,10,1,66,0,-1,66,1,0,0,252313,262784,2,222959,0,0,0,0,0,4,222959,5,110738,0,4211328,0,0,0,199174,0,0,240797,0,0,0,4,0,69,169,4,1,268934,0,240797,2,1,0,0,316,0,-1,525440,67
110740,2,122,19000,35,30,225,1919,30,250,30,1,1,44,250,1,30,30,168,30,Reggiana,250,0,-1,0,230940,0,2,-1,50,0,2,4,0,2,0,0,21525,0,1,935,50,0,1,66,3,67,66,65,10,1,66,1,-1,66,1,0,0,230940,262720,0,236836,0,0,0,0,0,4,236836,1,110740,0,4194880,0,0,0,208942,0,0,230940,0,0,0,4,0,67,169,9,1,230940,0,230940,2,1,0,0,316,0,-1,525376,65
110745,9,240,12000,30,120,251,1920,120,224,120,3,1,53,39,1,120,120,222,120,Jagiellonia Białystok,45,0,-1,0,239267,0,7,-1,65,0,1,4,0,3,0,0,22372,0,1,50,1871,0,1,67,1,67,68,70,23,1,67,1,-1,68,1,0,0,251486,131586,1,242629,0,0,0,0,1,2,242629,6,110745,0,147970,0,0,1,224336,0,0,251486,0,1,0,5,0,67,127,6,1,239267,0,251486,2,3,0,0,316,0,-1,263170,70
110746,0,0,11900,0,30,128,1948,30,1,30,116,1,53,1,1,120,128,0,30,Pogoń Szczecin,1,0,-1,0,177922,0,4,-1,65,0,2,4,0,4,0,0,20500,9,1,473,110747,0,1,67,1,69,67,70,14,1,70,1,-1,67,0,0,0,177922,131728,0,177922,0,0,0,0,0,2,177922,8,110746,0,131728,0,0,1,177922,0,0,177922,0,0,0,5,0,67,127,7,1,177922,0,177922,2,3,0,0,316,0,-1,263312,74
110747,31,236,9500,255,255,255,1906,255,220,36,36,1,50,20,1,255,236,255,31,Cracovia,60,0,-1,0,225133,0,6,-1,30,0,2,4,0,3,0,0,15016,4,1,252,110746,0,1,66,1,66,67,69,19,2,65,1,-1,66,1,0,0,254333,4195398,0,254333,0,0,0,0,1,2,225133,5,110747,0,548934,0,0,0,235005,1,0,225133,0,5,0,5,0,66,127,7,1,245582,0,225133,2,2,0,0,316,0,-1,528454,69
110749,82,253,10700,255,120,255,1945,120,1,60,0,1,51,1,1,120,60,255,60,Zagłębie Lubin,1,0,-1,0,198046,0,4,-1,30,0,2,4,0,3,0,0,16086,0,1,288,111092,0,1,65,3,65,67,66,16,2,62,1,-1,63,0,0,0,198046,4195408,0,198046,0,0,0,0,0,2,198046,8,110749,0,565328,0,0,1,198046,1,0,198046,0,2,0,5,0,65,127,3,1,198046,0,198046,2,2,0,0,316,0,-1,528464,65
110750,255,255,4950,1,255,255,1945,255,30,255,255,1,46,30,1,255,255,1,255,UTA Arad,30,0,-1,0,276259,0,5,-1,30,0,2,4,0,3,0,0,12000,0,1,829,113378,0,1,65,3,64,65,64,21,3,63,1,-1,63,1,0,0,276259,4202514,0,276259,0,0,0,0,2,4,276259,5,110750,0,561170,0,0,0,236279,0,0,276259,0,6,0,5,0,64,24,7,2,276259,0,276259,2,1,0,0,316,0,-1,526354,63
110751,30,30,4300,255,255,255,1919,255,220,255,30,1,46,65,1,255,255,255,255,Universitatea Cluj,65,0,-1,0,212226,0,4,-1,50,0,2,4,0,4,0,0,30201,0,1,701,114385,0,1,67,1,67,67,65,23,1,66,1,-1,67,1,0,0,212226,262656,0,212226,0,0,0,0,1,2,212226,3,110751,0,4211200,0,0,0,212048,0,0,212226,0,0,0,5,0,66,24,5,2,212226,0,212226,2,1,0,0,316,0,-1,525312,69
110752,62,46,4000,255,220,255,2001,220,247,220,150,1,47,77,1,220,220,255,220,FC Botoșani,80,0,-1,0,251634,0,5,-1,50,0,2,4,0,3,0,0,7782,0,1,737,308,0,1,63,1,63,65,63,26,2,62,0,-1,63,1,0,0,251634,263424,0,251634,0,0,0,0,0,2,251634,5,110752,0,4235520,0,0,0,251635,0,0,251634,0,0,0,5,0,63,24,6,2,251634,0,251634,2,3,0,0,316,0,-1,528640,62
110765,1,1,10900,1,255,1,2003,255,255,255,255,1,37,255,1,255,1,1,1,Incheon United,255,0,-1,0,273800,0,4,-1,30,0,2,4,0,5,0,0,20300,0,1,225,982,0,1,67,1,66,67,70,126,3,64,1,-1,64,1,0,0,187858,4202560,1,273800,0,0,0,0,0,3,273797,7,110765,0,561216,0,0,0,207753,0,0,187858,0,0,0,2,0,66,38,7,9,223994,0,187858,4,2,0,0,316,0,-1,526400,70
110770,20,222,14500,255,255,255,1909,255,232,255,1,1,46,20,1,255,255,255,255,FC Sion,1,0,-1,0,243898,0,3,-1,50,0,2,4,0,3,0,0,14283,36,1,452,324,0,1,66,3,67,65,67,7,2,66,1,-1,66,1,0,0,243898,263189,0,243898,0,0,0,0,13,2,243898,3,110770,0,4218901,0,0,0,258412,0,0,243898,0,2,0,4,0,67,180,2,1,190058,0,243898,2,1,0,0,316,0,-1,528405,65
110776,1,1,19200,1,255,255,1988,255,255,255,1,1,37,255,1,255,255,50,255,Gaziantep FK,255,0,-1,0,211061,0,3,-1,50,0,2,4,0,2,0,0,33502,0,1,176,101028,0,1,69,0,71,72,72,37,1,67,1,-1,67,0,0,0,211061,262720,0,211061,0,0,0,0,0,4,211061,2,110776,0,4211264,0,0,0,211061,1,0,211061,0,0,0,1,0,69,179,10,3,211061,0,211061,9,1,0,0,316,0,-1,525376,72
110815,255,255,3300,188,255,1,2010,255,1,255,255,1,47,1,1,255,255,120,255,Politehnica Iași,1,0,-1,0,275225,0,2,-1,50,0,2,4,0,3,0,0,11500,0,1,742,110752,0,1,64,3,63,64,62,27,1,63,1,-1,63,1,0,0,275225,262720,0,275225,0,0,0,0,0,2,275225,4,110815,0,4227648,0,0,0,244474,0,0,275225,0,0,0,5,0,63,24,6,2,275225,0,275225,2,1,0,0,316,0,-1,525376,62
110827,75,25,3900,255,255,255,1926,255,233,255,200,2,43,233,2,255,255,255,255,Real Oviedo,255,0,-1,0,146562,4,6,-1,65,0,2,4,0,4,0,0,30800,0,2,363,459,0,1,71,1,70,70,70,-5,1,69,0,-1,69,2,0,0,146562,131584,0,146562,0,0,0,0,0,4,146562,4,110827,0,147968,0,0,0,146562,0,0,146562,0,0,0,4,0,71,130,4,1,146562,0,146562,2,1,0,0,316,0,-1,263168,68
110832,0,255,50000,255,255,255,1931,255,222,255,0,1,37,0,1,255,255,255,255,Granada CF,0,0,-1,0,206545,0,2,-1,50,0,2,4,0,4,0,0,19436,0,2,193,449,0,1,71,1,71,71,73,-3,3,71,2,-1,71,2,0,0,233222,270672,1,245131,0,0,0,0,0,2,245131,5,110832,0,4198736,0,0,0,222041,0,0,206545,0,0,0,4,0,71,130,6,1,261204,0,206545,2,1,0,0,316,0,-1,526672,73
110839,70,40,4500,85,255,155,1960,255,240,255,175,1,42,240,1,255,255,55,255,SD Huesca,255,0,-1,0,190199,0,6,-1,50,0,2,4,0,2,0,0,9100,0,2,222,244,0,1,67,1,68,68,67,0,2,68,2,-1,68,2,0,0,190199,263426,1,229654,0,0,0,0,0,4,229654,3,110839,0,4219138,0,0,0,200519,0,0,190199,0,0,0,4,0,68,130,4,1,246276,0,190199,2,1,0,0,316,0,-1,528642,67
110890,20,235,2300,255,95,255,1896,1,235,60,20,1,51,20,1,60,1,255,95,Crawley Town,20,0,-1,0,252970,0,1,-1,50,0,1,4,0,1,0,0,6134,13,0,123,112259,0,2,63,1,62,62,62,0,1,63,0,-1,62,0,0,0,256070,262792,0,252970,0,0,0,0,0,1,256070,2,110890,0,4194952,0,0,1,246243,0,0,256070,0,0,0,3,0,62,135,4,0,252970,0,252970,2,1,0,0,316,0,-1,525448,63
110908,204,253,21000,20,248,247,1929,249,250,248,29,1,39,250,1,248,249,27,248,Catanzaro,250,0,-1,0,224506,0,3,-1,30,0,2,4,0,2,0,0,14650,0,1,936,112168,0,1,66,3,68,66,68,17,1,66,1,-1,66,1,0,0,224506,4194816,0,224506,0,0,0,0,0,3,224506,4,110908,0,557568,0,0,0,209613,0,0,224506,0,0,0,4,0,67,169,8,1,209613,0,224506,2,1,0,0,316,0,-1,525312,70
110915,250,250,5000,30,250,30,1940,250,250,250,250,1,44,250,1,250,250,30,250,Cesena,250,0,-1,0,251769,0,1,-1,50,0,1,4,0,1,0,0,23860,0,1,99,189,0,1,67,15,68,68,67,12,2,68,1,-1,68,1,0,0,251769,263424,0,72850,0,0,0,0,0,2,204775,5,110915,0,4219136,0,0,0,202513,0,0,251769,0,0,0,4,0,68,169,6,1,72852,0,251769,2,1,0,0,316,0,-1,528640,68
110953,48,225,7500,255,255,255,1918,255,1,255,42,1,-31,1,1,255,255,255,255,Instituto de Córdoba,1,0,-1,0,242342,0,1,-1,65,0,2,4,0,3,0,2,30000,0,0,120,111022,0,1,69,0,69,69,70,-64,3,67,1,-1,67,1,1,0,242342,139264,0,242342,0,0,0,0,0,2,251212,3,110953,0,151552,0,0,0,228959,1,0,242342,0,0,0,1,0,69,129,7,-3,272912,0,242342,7,1,0,0,316,0,-1,264192,70
110955,78,5,11450,1,1,204,1993,204,255,159,159,1,31,255,1,1,5,1,78,Shanghai Shenhua,255,0,-1,0,210377,0,7,-1,30,0,1,4,0,4,0,0,72000,0,1,446,112540,0,1,68,1,68,68,72,121,3,68,0,-1,68,0,0,0,210377,4202624,0,210377,0,0,0,0,4,3,210377,4,110955,0,577664,0,0,0,217153,1,0,210377,0,3,0,2,0,68,156,4,8,246093,0,210377,4,3,0,0,316,0,-1,526464,72
110968,164,60,16400,124,169,8,1925,169,250,250,220,1,-16,250,1,169,250,70,250,Bolívar,250,0,-1,0,247885,0,10,-1,65,0,2,4,0,5,0,0,41143,0,0,770,110969,0,1,67,12,67,67,69,-68,1,64,1,-1,64,0,1,0,247885,131728,0,247885,0,0,0,0,2,4,247885,6,110968,0,148112,0,0,0,241131,0,0,247885,0,30,0,1,0,67,74,3,-4,245079,0,247885,7,5,0,0,316,0,-1,263312,69
110969,196,241,14600,30,250,30,1908,250,242,250,39,1,-16,180,1,250,250,30,250,The Strongest,6,0,-1,0,200120,0,9,-1,30,0,2,0,0,5,0,0,41143,0,0,770,110968,0,1,65,3,66,65,65,-68,3,64,0,-1,64,1,1,0,200120,4202752,2,200120,0,0,0,0,1,2,200120,4,110969,0,561408,0,0,0,236241,1,0,200120,0,16,0,1,0,66,74,2,-4,200120,0,200120,7,4,0,0,316,0,-1,526592,65
110974,14,226,13500,128,255,0,1949,255,250,255,14,1,-17,250,1,255,255,64,255,Jorge Wilstermann,250,0,-1,0,241115,0,7,-1,30,0,2,0,0,5,0,1,32000,0,0,777,110968,0,1,64,1,65,64,69,-66,2,65,1,-1,65,0,0,0,241115,4195648,1,241115,0,0,0,0,0,2,241115,3,110974,0,549184,0,0,0,234372,1,0,241115,0,15,0,1,0,65,74,5,-4,259793,0,241115,7,2,0,0,316,0,-1,528704,69
110975,250,250,36500,200,249,54,1937,248,255,249,250,1,-33,0,1,249,248,112,249,Universidad Católica,0,0,-1,0,215155,0,9,-1,50,0,2,4,0,6,0,1,14118,0,1,263,110980,0,1,68,3,68,68,70,-70,1,68,0,-1,68,1,1,0,215155,262658,0,219605,0,0,0,0,4,2,219605,7,110975,0,4211202,0,0,0,232670,1,0,215155,0,16,0,1,0,68,74,1,-4,232670,0,215155,7,6,0,0,316,0,-1,525314,70
110978,120,232,15000,250,249,250,1979,248,18,249,20,1,-22,153,1,249,248,250,249,Cobresal,81,0,-1,0,214429,0,3,-1,30,0,2,4,0,1,0,0,12102,0,0,152,110980,0,1,65,3,65,65,65,-68,1,63,1,-1,63,1,0,0,214429,4195136,0,214429,0,0,0,0,1,6,214429,3,110978,0,541504,0,0,1,215042,0,0,214429,0,1,0,1,0,65,74,8,-3,214429,0,214429,7,2,0,0,316,0,-1,525632,65
110980,255,255,44200,1,249,1,1925,248,215,249,255,1,-33,0,1,249,248,1,249,Colo-Colo,0,0,-1,0,242971,0,10,-1,65,0,2,4,0,7,0,1,47347,29,1,294,110975,0,1,71,3,70,71,69,-70,1,70,1,-1,70,1,1,0,242971,131968,0,242971,0,0,1,0,14,5,71013,8,110980,0,164736,0,0,0,214294,0,0,242971,0,33,0,1,0,70,74,2,-4,242971,0,242971,7,6,0,0,316,0,-1,263552,69
110981,248,255,46000,15,249,195,1925,248,255,249,51,1,-2,248,1,249,248,37,249,Barcelona SC Guayaquil,51,0,-1,0,253275,0,10,-1,50,0,2,4,0,7,0,1,57267,18,0,780,110986,0,1,69,3,69,69,69,-79,2,68,1,-1,68,1,1,0,253275,263296,2,253275,0,0,0,0,0,10,253275,4,110981,0,4202624,0,0,0,253275,0,0,253275,0,16,0,1,0,69,74,7,-5,223685,0,253275,7,7,0,0,316,0,-1,528512,69
110982,34,224,11500,1,255,1,1971,255,254,255,26,1,-2,205,1,255,255,1,255,Deportivo Cuenca,0,0,-1,0,219678,0,4,-1,65,0,2,4,0,2,0,0,16500,0,0,917,110986,0,1,66,15,66,66,67,-79,1,64,1,-1,64,0,1,0,219678,131648,0,219678,0,0,0,0,0,2,219678,4,110982,0,131648,0,0,0,219678,1,0,219678,0,1,0,1,0,66,74,6,-5,219678,0,219678,7,1,0,0,316,0,-1,263232,67
110986,255,255,28900,26,249,137,1918,248,22,249,255,1,0,36,1,249,248,8,249,LDU Quito,57,0,-1,0,253322,0,9,-1,65,0,2,0,0,6,0,1,41575,0,0,781,110981,0,1,67,1,69,67,70,78,1,68,1,-1,68,0,1,0,253322,131712,0,253322,0,0,1,0,1,4,253322,7,110986,2,148096,0,0,0,199103,0,1,253322,0,12,0,1,0,69,74,5,-5,273843,0,253322,7,7,0,0,316,0,-1,263296,70
110989,28,235,13000,1,255,1,1967,255,235,255,36,1,10,28,1,255,255,1,255,Caracas FC,36,0,-1,0,264775,0,9,-1,30,0,2,0,0,4,0,1,23940,0,0,800,110990,0,1,63,3,65,63,65,-66,3,65,1,-1,65,1,1,0,264775,4202752,1,264775,0,0,0,0,5,3,264775,4,110989,0,545024,0,0,0,209073,0,0,264775,0,12,0,1,0,65,74,5,-4,264775,0,264775,7,3,0,0,316,0,-1,526592,65
110990,184,234,13200,30,250,30,1974,250,241,250,1,1,7,232,1,250,250,30,250,Deportivo Táchira,70,0,-1,0,261648,0,9,-1,50,0,2,4,0,4,0,0,38755,0,0,801,110989,0,1,67,3,66,67,65,-72,2,66,1,-1,66,1,1,0,261648,263424,0,261648,0,0,0,0,2,2,261648,6,110990,0,4219136,0,0,1,261648,1,0,261648,0,10,0,1,0,66,74,5,-4,261648,0,261648,7,4,0,0,316,0,-1,528640,65
110991,21,146,11100,194,255,7,1964,255,255,255,21,1,10,255,1,255,255,54,255,Carabobo FC,255,0,-1,0,272330,0,5,-1,65,0,2,4,0,1,0,0,10400,0,2,803,110990,0,2,66,0,66,66,66,-68,1,67,2,-1,67,2,0,0,259861,131840,2,272330,0,0,0,0,0,4,272330,3,110991,0,148224,0,0,0,272330,0,0,272330,0,0,0,1,0,66,74,5,-4,253579,0,272330,7,1,0,0,316,0,-1,263424,66
110998,255,255,16200,1,1,1,1932,1,255,1,255,1,-34,255,1,1,1,1,1,Danubio FC,255,0,-1,0,239381,0,6,-1,50,0,2,4,0,3,0,0,18000,0,1,795,111325,0,1,66,8,66,66,67,-56,3,65,1,-1,65,0,1,0,239381,270336,0,235111,0,0,0,0,0,4,235111,4,110998,0,4214784,0,0,0,235111,1,0,239381,0,4,0,1,0,66,74,6,-3,186408,0,239381,7,2,0,0,316,0,-1,526336,67
111001,255,255,15850,1,255,1,1902,255,3,255,255,1,-34,240,1,255,255,1,255,Montevideo Wanderers,252,0,-1,0,189703,0,6,-1,65,0,2,4,0,4,0,0,15000,0,1,795,111325,0,1,66,3,66,66,67,-56,1,66,1,-1,66,0,1,0,260958,131584,0,189703,0,0,0,0,0,4,260958,7,111001,0,147968,0,0,0,259875,0,0,189703,0,3,0,1,0,66,74,7,-3,260958,0,189703,7,3,0,0,316,0,-1,263168,67
111006,59,6,8600,5,249,234,1921,248,6,249,227,1,-25,59,1,249,248,234,249,Sportivo Luqueño,227,0,-1,0,240874,0,2,-1,50,0,2,4,0,3,0,0,24000,0,0,787,101108,0,1,65,1,66,65,67,-57,3,65,1,-1,65,1,1,0,240874,270336,0,240874,0,0,0,0,0,4,240874,3,111006,0,4214784,0,0,0,182941,0,0,240874,0,2,0,1,0,66,74,1,-4,240874,0,240874,7,1,0,0,316,0,-1,526336,67
111008,250,250,45500,30,249,30,1905,248,250,249,250,1,-25,250,1,249,248,30,249,Libertad,250,0,-1,0,255436,0,9,-1,30,1,2,4,0,6,0,0,10100,0,0,771,101108,0,1,69,1,70,69,67,-57,2,69,2,-1,69,0,1,0,255436,4195392,0,255436,0,0,0,0,1,4,255436,8,111008,0,548928,0,0,0,179752,0,0,255436,0,25,0,1,0,70,74,6,-3,179752,0,255436,7,7,0,0,316,0,-1,528448,67
111010,36,12,30000,255,249,255,1901,248,12,249,76,1,-12,36,1,249,248,255,249,Alianza Lima,76,0,-1,0,205119,0,9,-1,30,0,2,0,0,6,0,1,35000,5,0,789,111014,0,1,69,3,69,69,70,-77,3,69,1,-1,69,1,1,0,205119,4202768,1,205119,0,0,0,0,0,4,205119,6,111010,0,545040,0,0,1,191856,0,0,205119,0,25,0,1,0,69,74,2,-5,191856,0,205119,7,4,0,0,316,0,-1,526608,70
111014,254,254,27530,25,248,140,1924,248,127,248,240,1,-12,28,1,248,248,22,248,Universitario de Deportes,23,0,-1,0,223637,0,9,-1,30,0,1,4,0,6,0,0,80000,0,0,789,111010,0,1,70,3,70,70,71,-76,2,70,0,-1,70,1,1,0,211274,4195408,0,223637,0,0,0,0,0,5,223637,4,111014,0,565328,0,0,1,196688,1,0,223637,0,27,0,1,0,70,74,4,-5,214414,0,223637,7,4,0,0,316,0,-1,528464,71
111019,45,235,35000,255,255,255,1904,255,0,255,46,1,-34,93,1,255,255,255,255,Argentinos Juniors,163,0,-1,0,272350,0,6,-1,50,0,2,4,0,4,0,1,25110,0,0,82,112689,0,1,71,1,70,72,69,-58,1,66,1,-1,68,1,1,0,272350,262657,2,272350,0,0,1,0,0,4,272350,8,111019,0,4227585,0,0,0,271501,0,0,272350,0,3,0,1,0,70,129,7,-3,242250,0,272350,7,5,0,0,316,0,-1,525313,69
111020,18,32,6500,255,255,255,1913,255,33,255,44,1,-32,19,1,255,255,255,255,Independiente Rivadavia,45,0,-1,0,233959,0,1,-1,30,0,2,4,0,1,0,2,24000,0,0,839,111716,0,1,64,15,68,66,67,-68,2,67,0,-1,66,0,1,0,233959,4195392,0,233959,0,0,0,0,0,3,233959,1,111020,0,532544,0,0,0,263500,0,0,233959,0,0,0,1,0,67,129,3,-3,233959,0,233959,7,1,0,0,316,0,-1,528448,68
111022,154,1,15500,1,255,1,1905,255,250,255,212,1,-31,250,1,255,255,1,255,Belgrano de Córdoba,250,0,-1,0,246770,0,3,-1,50,0,2,4,0,4,0,2,30000,0,0,120,112670,0,1,70,3,70,69,71,-64,2,67,1,-1,68,1,1,0,246770,263489,0,246770,0,0,0,0,0,4,246770,7,111022,0,4219201,0,0,0,232605,0,0,246770,0,0,0,1,0,70,129,6,-3,198347,0,246770,7,1,0,0,316,0,-1,528705,70
111052,0,0,25400,0,225,229,1918,225,0,225,142,1,-3,50,1,225,225,1,225,Fortaleza,180,0,-1,0,230486,0,6,-1,50,0,2,4,0,4,0,0,60342,1,0,693,1043,0,1,71,3,71,71,71,-38,1,71,1,-1,71,0,0,0,230433,132352,0,230340,0,0,0,0,0,2,230340,4,111052,0,165120,0,0,0,230227,1,0,230486,0,0,0,1,0,71,74,8,-3,230292,0,230486,7,4,0,0,316,0,-1,270592,71
111065,14,144,171500,102,14,51,2004,144,237,26,26,1,41,207,1,26,144,51,14,Real Salt Lake,22,0,-1,0,202693,4,6,-1,65,0,2,4,0,4,0,0,20213,0,1,427,694,0,1,69,0,69,69,73,-112,1,68,0,-1,68,1,0,0,202693,131714,0,202693,0,0,0,0,0,5,202693,8,111065,0,148098,0,0,0,222557,0,0,202693,0,1,0,6,0,69,41,6,-7,217998,0,202693,2,4,0,0,316,0,-1,263298,73
111083,228,255,7100,30,120,240,1973,120,30,30,30,1,50,30,1,120,30,30,30,Korona Kielce,30,0,-1,0,224538,0,2,-1,65,0,2,4,0,2,0,0,15500,0,1,246,111088,0,1,65,1,64,67,64,20,2,63,1,-1,63,1,0,0,224538,132416,0,275951,0,0,0,0,0,3,224538,5,111083,0,188736,0,0,0,220616,1,0,224538,0,0,0,5,0,64,127,5,1,224538,0,224538,2,1,0,2,316,0,-1,266560,64
111086,51,0,8800,15,120,196,1945,120,0,120,153,1,50,83,1,120,120,13,120,Piast Gliwice,205,0,-1,0,211626,0,6,-1,50,0,1,4,0,3,0,0,9913,4,1,188,420,0,1,67,1,65,67,64,18,2,66,1,-1,65,0,0,0,211626,263168,0,211626,0,0,0,0,0,2,194059,2,111086,0,4218880,0,0,1,214882,1,0,211626,0,1,0,5,0,65,127,5,1,244213,0,211626,2,2,0,0,316,0,-1,528384,64
111088,168,68,7900,250,130,250,1910,120,30,130,76,1,51,30,1,130,120,250,130,Radomiak Radom,30,0,-1,0,231460,0,4,-1,50,0,2,4,0,2,0,0,8500,0,1,868,111083,0,1,64,3,65,66,66,21,2,66,1,-1,65,1,0,0,231460,263168,0,210401,0,0,0,0,0,2,231460,2,111088,0,4251648,0,0,1,220090,0,0,231460,0,0,0,5,0,65,127,3,1,240847,0,231460,2,1,0,2,316,0,-1,528384,67
111091,156,0,6900,255,15,255,1945,30,0,15,73,1,54,64,1,30,0,255,50,Lechia Gdańsk,0,0,-1,0,242350,0,7,-1,30,0,2,4,0,4,0,0,43615,0,1,177,1871,0,1,64,1,64,66,63,18,2,61,1,-1,62,1,0,0,72586,4195392,0,242350,0,0,0,0,2,2,72586,5,111091,0,548928,0,0,1,242350,0,0,72586,0,0,0,5,0,64,127,2,1,255361,0,72586,2,2,0,0,316,0,-1,528448,63
111092,142,0,12900,255,120,255,1947,120,187,120,80,1,51,10,1,120,120,255,120,Śląsk Wrocław,4,0,-1,0,251026,0,7,-1,30,0,2,4,0,3,0,0,42877,0,1,532,110749,0,1,66,1,66,67,65,16,3,64,1,-1,64,0,0,0,251026,4202500,0,251026,0,0,0,0,2,1,251026,7,111092,0,561156,0,0,0,276492,0,0,251026,0,2,0,5,0,65,127,6,1,251026,0,251026,2,3,0,0,316,0,-1,526340,65
111097,0,0,3000,250,0,250,1950,0,255,139,139,1,51,255,1,139,0,250,0,Motor Lublin,0,0,-1,0,236363,0,1,-1,30,0,2,4,0,1,0,0,15400,0,1,957,111088,0,1,64,1,63,66,62,22,3,62,1,-1,62,1,0,0,236363,4202560,0,236363,0,0,0,0,0,1,236363,4,111097,0,544832,0,0,0,214887,0,0,236363,0,0,0,5,0,63,127,7,1,214887,0,236363,2,1,0,0,316,0,-1,526400,62
111111,39,193,0,255,250,255,1955,250,20,250,45,2,33,222,2,250,250,255,250,Morocco,136,0,-1,0,235212,0,10,-1,90,0,2,4,0,0,0,0,53000,0,1,0,111527,0,1,77,1,78,77,79,-6,1,79,1,-1,79,0,0,0,235212,66048,0,235212,0,0,0,0,0,2,235212,0,111111,0,66048,0,0,1,208295,0,0,235212,0,0,0,0,0,78,152,0,1,235410,0,235212,9,6,0,0,366,0,-1,132096,79
111138,223,222,150000,237,1,133,2010,1,12,1,224,1,44,41,1,1,1,199,1,Minnesota United FC,80,0,-1,0,212424,4,3,-1,30,0,1,4,0,2,0,0,19400,0,1,602,696,0,1,69,3,68,69,69,-93,3,67,0,-1,67,1,0,0,212424,4202634,0,212424,0,0,0,0,0,2,212424,9,111138,0,528522,0,0,0,212424,0,0,212424,0,0,0,6,0,68,41,6,-6,190362,0,212424,2,1,0,0,316,0,-1,526474,69
111139,82,11,189000,12,255,12,1993,255,255,160,160,1,46,255,1,255,11,12,82,CF Montréal,255,0,-1,0,255411,0,4,-1,30,0,2,4,0,4,0,0,20801,0,1,327,111651,0,1,67,0,67,67,70,-74,2,65,0,-1,65,1,0,0,255411,4195656,0,255411,0,0,0,0,0,2,255411,7,111139,0,581960,0,0,0,213092,0,0,255411,0,0,0,6,0,67,41,6,-5,207877,0,255411,2,4,0,0,316,0,-1,528712,70
111140,72,0,201000,0,1,203,2009,1,0,1,18,1,46,100,1,1,1,151,1,Portland Timbers,14,0,-1,0,234505,4,7,-1,30,0,2,4,0,4,1,1,25218,0,1,384,111144,2,1,71,15,69,71,71,-123,2,67,0,-1,67,1,0,0,234505,4195672,3,234505,0,0,0,0,0,3,234505,4,111140,0,565592,0,0,0,203067,0,0,234505,0,1,0,6,0,69,41,5,-8,247933,0,234505,2,3,0,0,366,0,-1,528728,71
111144,198,148,314500,148,211,0,2007,211,148,211,82,1,48,240,1,211,211,85,211,Seattle Sounders,82,0,-1,0,210423,4,7,-1,65,1,2,6,0,7,0,0,37722,0,1,440,111140,2,1,69,15,70,69,72,-122,1,70,0,-1,70,1,0,0,210423,131656,3,210423,0,0,0,0,4,2,210423,7,111144,0,148040,0,1,0,190569,0,0,210423,0,2,0,6,0,70,41,9,-8,210423,0,210423,2,7,0,0,366,0,-1,263240,72
111235,1,225,38440,98,255,10,2007,255,178,225,1,2,48,178,2,255,225,31,225,1. FC Heidenheim,178,0,-1,1,266237,0,3,-1,30,0,2,4,0,2,0,0,15000,0,1,214,110178,0,1,72,3,71,70,72,10,3,71,1,-1,73,1,0,0,266237,4202646,1,266237,0,0,0,0,0,2,269964,3,111235,0,577686,0,0,0,216199,0,0,269964,0,0,0,4,0,72,113,5,1,269964,0,269964,2,1,0,0,316,0,-1,526486,76
111239,255,255,12500,1,235,1,2004,235,225,235,255,1,48,1,1,235,235,1,235,FC Ingolstadt 04,25,0,-1,0,244034,0,10,-1,65,0,2,4,1,2,0,0,15800,0,1,227,33,0,1,66,1,64,66,64,11,3,63,1,-1,65,1,0,0,244034,139265,1,244034,0,0,0,0,0,2,244034,3,111239,0,135169,0,0,0,227932,0,0,244034,0,0,0,4,0,65,123,1,1,244034,0,244034,2,1,0,0,316,0,-1,264193,65
111273,102,12,19000,255,255,255,1897,255,17,255,70,1,48,147,1,255,255,255,255,Red Star FC,101,0,-1,0,72138,4,2,-1,30,0,2,4,0,3,0,0,5600,0,1,415,111817,0,1,64,1,63,64,64,2,3,63,0,-1,65,0,0,0,243412,4202500,0,72138,0,0,0,0,5,2,72136,3,111273,0,528388,0,0,0,244688,0,0,72138,0,0,0,0,0,64,103,6,1,72133,0,72138,2,1,0,0,316,0,-1,526340,63
111276,107,1,13500,255,1,255,1909,1,1,1,174,1,51,110,1,1,1,255,1,USL Dunkerque,185,0,-1,0,267973,0,2,-1,30,0,1,4,0,1,0,0,5000,0,0,815,64,0,1,66,3,67,67,67,2,3,68,1,-1,67,0,0,0,267973,4202752,0,267973,0,0,0,0,0,3,267973,1,111276,0,528640,0,0,0,240258,0,0,267973,0,0,0,4,0,66,103,8,1,223875,0,267973,2,1,0,0,316,0,-1,526592,67
111325,250,250,47000,46,249,238,1899,248,141,249,250,2,-34,194,2,249,248,24,249,Nacional de Montevideo,220,0,-1,0,228179,0,10,-1,65,0,2,4,0,6,0,1,34000,0,1,795,101110,0,1,70,3,71,70,71,-56,1,72,1,-1,72,1,1,0,228179,131584,1,229015,0,0,3,0,0,4,229015,7,111325,0,147968,0,0,0,188485,1,0,228179,0,49,0,1,0,71,74,3,-3,207715,0,228179,7,5,0,0,316,0,-1,263168,71
111326,1,1,25200,143,249,12,1915,248,1,249,1,1,-34,1,1,249,248,31,249,Liverpool Fútbol Club Uruguay,1,0,-1,0,251831,0,7,-1,30,0,2,4,0,3,0,0,8500,0,0,795,111325,0,1,65,12,64,65,65,-56,3,63,1,-1,63,0,1,0,251831,4202496,0,251831,0,0,0,0,0,2,251831,7,111326,0,561152,0,0,0,253255,0,0,251831,0,1,0,1,0,64,74,6,-3,274985,0,251831,7,2,0,0,316,0,-1,526336,65
111327,93,39,28000,30,249,30,1947,248,99,249,168,1,-36,153,1,249,248,30,249,Huachipato,228,0,-1,0,257211,0,5,-1,65,0,2,4,0,2,0,0,10500,0,0,474,110975,0,1,67,3,66,67,66,-73,1,64,1,-1,64,1,0,0,257211,131848,0,257211,0,0,0,0,0,1,257211,5,111327,0,148232,0,0,0,214915,0,0,257211,0,3,0,1,0,66,74,4,-4,253292,0,257211,7,3,0,0,316,0,-1,263432,66
111328,250,250,16500,100,249,20,1920,248,238,249,250,1,-33,46,1,249,248,141,249,Palestino,36,0,-1,0,207641,0,6,-1,50,0,2,4,0,3,0,0,8000,0,0,256,110975,0,1,68,3,67,68,67,-70,2,64,1,-1,64,1,1,0,207641,263424,0,207641,0,0,0,0,3,2,207641,6,111328,0,4235520,0,0,0,207641,0,0,207641,0,2,0,1,0,67,74,8,-4,207641,0,207641,7,4,0,0,316,0,-1,528640,67
111329,221,237,19500,3,249,23,1903,248,255,249,20,1,-25,255,1,249,248,17,249,Guaraní (Paraguay),255,0,-1,0,261682,0,7,-1,50,0,2,4,0,4,0,0,5380,0,0,771,101108,0,1,65,1,65,65,67,-57,2,65,1,-1,65,1,1,0,261682,263232,0,261682,0,0,0,0,1,2,261682,5,111329,0,4218944,0,0,0,211264,1,0,261682,0,11,0,1,0,65,74,7,-4,232066,0,261682,7,4,0,0,316,0,-1,528448,67
111339,51,51,26230,255,255,255,1921,255,200,255,153,1,41,1,1,255,255,255,255,Kasımpaşa,1,0,-1,0,226517,0,4,-1,50,0,2,4,0,4,0,0,14234,3,1,231,101014,0,1,71,0,70,70,73,28,2,69,1,-1,68,1,0,0,223030,263426,0,226517,0,0,0,0,0,1,223030,4,111339,0,4219138,0,0,1,226517,1,0,223030,0,0,0,1,0,70,179,8,3,230857,0,223030,9,3,0,0,316,0,-1,528642,73
111380,25,25,14640,20,250,190,2001,250,60,250,25,1,52,60,1,250,250,20,250,Almere City FC,60,0,-1,0,209316,0,2,-1,50,0,1,4,0,1,0,0,4501,0,2,932,245,0,2,67,1,64,65,68,5,2,63,2,-1,66,2,0,0,220965,263168,0,220965,0,0,0,0,0,6,209316,4,111380,0,4202496,0,0,0,229974,0,0,209316,0,0,0,4,0,66,170,7,1,229974,0,209316,2,1,0,0,316,0,-1,528384,66
111393,1,255,8000,9,1,252,2003,1,229,1,1,1,-34,25,1,1,1,210,1,Adelaide United,55,0,-1,0,212803,0,6,-1,50,0,1,4,0,3,0,0,16500,0,1,5,111397,0,2,62,1,63,63,59,138,1,63,2,-1,63,1,0,0,212803,262674,2,212803,0,0,0,0,3,1,212803,5,111393,0,4211218,0,0,0,220819,0,0,212803,0,1,0,3,0,62,117,5,9,212803,0,212803,2,3,0,0,316,0,-1,525330,60
111395,118,244,11000,1,1,1,2005,1,251,1,36,1,-27,82,1,1,1,1,1,Brisbane Roar,1,0,-1,0,180903,0,5,-1,90,0,2,4,0,3,0,0,52500,0,1,75,111400,0,2,64,1,62,63,62,153,3,60,2,-1,61,1,0,0,180903,73856,2,180903,0,0,0,0,0,4,180903,6,111395,0,69760,0,0,1,180903,1,0,180903,0,3,0,3,0,62,117,5,10,180903,0,180903,2,3,0,0,316,0,-1,133248,62
111396,210,255,5500,155,1,1,2004,1,255,1,1,1,-33,196,1,1,1,82,1,Central Coast Mariners,35,0,-1,0,277428,0,6,-1,50,0,1,4,0,2,0,0,20059,0,1,190,111398,0,2,61,1,62,62,61,151,2,66,2,-1,65,1,0,0,247336,263184,2,277428,0,0,0,0,0,2,277428,8,111396,0,4202512,0,0,0,217439,1,0,277428,0,3,0,3,0,61,117,9,10,256392,0,277428,2,3,0,0,316,0,-1,528400,59
111397,46,3,11500,255,1,255,2004,1,137,1,94,1,-37,148,1,1,1,255,1,Melbourne Victory,152,0,-1,0,246007,0,6,-1,50,0,2,4,0,4,0,0,30050,0,1,311,111400,0,2,64,1,64,65,67,144,2,62,2,-1,62,1,0,0,252974,263256,2,252974,0,0,0,0,2,6,246007,2,111397,0,4235352,0,0,0,193143,1,0,252974,0,4,0,3,0,63,117,3,10,222540,0,252974,2,4,0,0,316,0,-1,528472,67
111398,86,2,7000,39,1,235,2000,1,207,1,155,1,-32,173,1,1,1,45,1,Newcastle Jets,99,0,-1,0,242108,0,2,-1,30,0,2,4,0,2,0,0,33000,0,1,341,111396,0,2,60,1,59,59,56,151,3,60,2,-1,61,1,0,0,242108,4202497,2,242108,0,0,0,0,0,4,242108,4,111398,0,561153,0,0,0,254906,0,0,242108,0,1,0,3,0,60,117,8,10,75060,0,242108,2,1,0,0,316,0,-1,526337,53
111399,40,93,8700,255,20,255,1995,1,90,1,130,1,-31,50,1,1,1,255,20,Perth Glory,110,0,-1,0,261662,0,5,-1,30,0,2,4,0,3,0,0,20500,0,1,376,111766,0,2,58,1,62,58,70,115,3,61,2,-1,63,1,0,0,257348,4202752,2,257348,0,0,0,0,0,1,257348,7,111399,0,528640,0,0,0,202676,0,0,209359,0,2,0,3,0,63,117,5,8,202676,0,209359,2,2,0,0,316,0,-1,526592,70
111400,200,140,12500,107,1,5,2004,1,255,1,255,1,-33,255,1,1,1,62,1,Sydney FC,255,0,-1,0,209886,0,9,-1,90,0,2,4,0,5,0,0,42500,0,1,472,112427,0,2,67,1,64,68,61,151,1,60,2,-1,60,1,0,0,209886,66056,2,241741,0,0,0,0,1,1,241741,2,111400,0,98824,0,0,0,192241,1,0,241741,0,5,0,3,0,63,117,3,10,236757,0,209886,2,5,0,0,316,0,-1,132104,60
111433,250,250,5000,0,250,255,1911,250,250,250,250,1,45,250,1,250,250,0,250,Mantova,250,0,-1,0,178510,0,1,-1,50,0,2,4,0,1,0,0,14884,0,1,961,54,0,1,67,0,67,67,67,10,3,65,0,-1,66,1,0,0,178510,270592,0,178510,0,0,0,0,0,2,178510,5,111433,0,4198656,0,0,0,178510,0,0,178510,0,0,0,4,0,67,169,6,1,268760,0,178510,2,1,0,0,316,0,-1,526592,69
111434,30,240,30000,250,130,250,1903,130,130,133,30,1,45,130,1,133,130,250,130,Cremonese,133,0,-1,0,235163,0,7,-1,65,0,2,4,0,4,0,0,16003,0,1,650,50,0,1,71,1,71,72,70,10,1,71,1,-1,71,1,0,0,207471,131712,0,235163,0,0,0,0,0,2,207471,3,111434,0,180864,0,0,0,205363,0,0,235163,0,0,0,4,0,71,169,4,1,223137,0,235163,2,1,0,0,316,0,-1,263296,70
111462,255,255,0,0,255,255,1957,255,0,255,0,2,5,106,2,255,255,0,255,Ghana,64,0,-1,0,245155,0,10,-1,65,0,1,4,0,0,0,0,40000,0,1,911,1387,0,1,78,10,76,78,75,0,1,74,1,-1,74,0,0,0,197756,131840,0,197756,0,0,0,0,0,9,197756,0,111462,0,164608,0,0,1,257439,1,0,197756,0,0,0,9,0,76,152,0,0,216201,0,197756,2,5,0,0,366,0,-1,263424,75
111473,255,255,0,1,255,1,1891,255,229,255,255,1,-41,230,1,255,255,1,255,New Zealand,229,0,-1,0,232669,0,10,-1,30,0,1,4,0,0,0,0,34500,0,1,0,1318,0,1,67,1,68,67,69,174,3,68,0,-1,68,1,0,0,232669,4202624,0,232669,0,0,0,0,0,2,232669,0,111473,0,528512,0,0,0,192123,0,0,232669,0,0,0,3,0,68,141,0,12,192123,0,232669,2,2,0,0,316,0,-1,526464,69
111527,255,255,0,56,20,138,1960,20,188,20,255,1,25,21,1,20,20,21,20,Qatar,56,0,-1,0,228352,0,10,-1,50,0,2,4,0,0,0,0,45416,0,1,0,111111,0,0,71,1,70,71,69,51,1,69,0,-1,69,0,0,0,228352,262784,0,228352,0,0,0,0,0,4,228352,0,111527,0,4227712,0,0,1,215911,0,0,228352,0,0,0,0,0,70,141,0,3,234051,0,228352,9,3,0,0,316,0,-1,525440,69
111592,0,0,0,0,255,0,2000,255,0,255,0,1,0,0,1,255,255,0,255,NG - FA,0,0,-1,0,1,4,5,-1,50,0,0,4,0,5,0,0,0,0,0,0,1,0,0,0,0,0,0,0,0,0,0,0,-1,0,0,0,0,1,0,0,1,0,0,0,0,0,2,1,5,111592,0,0,0,2,0,1,1,0,1,0,0,0,0,0,0,6,5,0,1,0,1,2,5,0,0,316,0,-1,0,0
111594,155,8,4000,1,255,1,1894,255,0,255,82,1,58,0,1,255,255,1,255,GAIS,0,0,-1,0,70129,0,1,-1,50,0,2,4,0,1,0,0,15000,0,1,191,319,0,1,60,0,61,60,64,12,2,61,1,-1,61,1,0,0,70129,263168,0,70129,0,0,0,0,1,2,70129,2,111594,0,4202496,0,0,0,70108,0,0,70129,0,6,0,7,0,61,97,7,1,70129,0,70129,2,1,0,0,316,0,-1,528384,64
111596,20,20,0,110,255,197,1996,255,20,255,20,1,44,20,1,255,255,163,255,MLS All Stars,20,0,-1,0,237034,1,10,-1,50,0,2,4,0,0,0,0,19400,0,0,115,114815,0,0,78,0,78,78,79,93,1,72,1,-1,72,0,0,0,221634,139280,0,241907,0,0,0,0,0,2,241907,0,111596,0,167952,0,0,0,221634,1,0,237034,0,0,0,6,0,78,41,0,-8,237034,0,237034,2,10,0,0,316,0,-1,264208,79
111629,234,252,3400,39,107,225,1920,19,240,54,2,1,22,240,1,54,19,31,107,East Bengal FC,240,0,-1,0,248289,0,7,-1,50,0,2,4,0,6,0,0,85000,0,1,727,113146,0,1,62,1,60,62,63,88,2,57,1,-1,57,1,0,0,248289,263232,0,259560,0,0,0,0,8,4,259560,3,111629,0,4218944,0,0,0,271396,1,0,248289,0,0,0,1,0,60,133,3,6,210380,0,248289,9,3,0,0,316,0,-1,528448,63
111633,1,1,1000,255,104,255,1891,19,2,54,1,1,22,2,1,54,19,255,107,Mohammedan SC,2,0,-1,0,75120,0,5,-1,30,0,2,4,0,5,0,0,85000,0,0,727,111629,0,1,57,1,57,57,57,88,3,55,1,-1,55,1,0,0,75123,4202496,0,75123,0,0,0,0,0,2,75120,5,111633,0,528384,0,0,0,75121,1,0,75123,0,0,0,1,0,57,133,5,6,271589,0,75120,9,5,0,0,316,0,-1,526336,57
111651,0,240,218500,255,255,255,2006,255,68,255,0,1,44,84,1,255,255,255,255,Toronto FC,97,0,-1,0,212404,4,7,-1,65,1,2,4,0,6,0,1,30000,1,1,486,111139,2,1,69,1,68,69,65,-79,1,65,0,-1,65,1,0,0,212404,131584,0,198219,0,0,0,0,0,3,198219,3,111651,0,180736,0,0,0,198219,0,0,198219,0,1,0,6,0,68,41,7,-5,212404,0,198219,2,4,0,0,366,0,-1,263168,65
111657,255,255,100000,164,250,29,1928,250,250,250,0,1,41,250,1,250,250,93,250,Frosinone,250,0,-1,0,210671,0,1,-1,30,0,2,4,0,2,0,0,16227,38,1,170,189,0,1,69,3,67,69,67,13,2,64,1,-1,65,1,0,0,274197,4195460,2,274197,0,0,0,0,0,4,236308,4,111657,0,565380,0,0,0,236308,0,0,210671,0,0,0,4,0,67,169,7,1,210671,0,210671,2,1,0,0,316,0,-1,528516,67
111659,3,222,19000,1,1,248,1929,1,1,1,40,1,44,1,1,1,1,232,1,Rodez Aveyron Football,1,0,-1,0,260168,0,5,-1,30,0,2,4,0,1,0,0,5955,18,0,745,1809,0,1,65,3,64,65,64,2,3,63,1,-1,64,0,0,0,260168,4202560,0,260168,0,0,0,0,0,2,260168,2,111659,0,544832,0,0,0,237347,0,0,260168,0,0,0,4,0,65,103,8,1,248784,0,260168,2,1,0,0,316,0,-1,526400,64
111674,255,255,75500,1,20,255,1947,20,1,20,255,1,24,1,1,20,20,128,20,Al Shabab,1,0,-1,0,189125,4,7,-1,65,0,2,4,0,4,0,0,22500,0,1,405,112139,0,1,70,1,70,70,74,46,1,70,1,-1,70,0,0,0,189125,131729,0,189125,0,0,0,0,3,4,189125,6,111674,0,148113,0,0,0,213761,1,0,189125,0,6,0,1,0,70,64,3,3,213761,0,189125,9,5,0,0,316,0,-1,263313,74
111701,255,255,76000,177,83,101,1968,7,255,73,255,1,24,255,1,73,7,71,83,Al Ain FC (UAE),255,0,-1,0,247671,0,9,-1,65,0,2,4,0,5,0,0,24000,0,1,766,605,0,1,68,3,71,68,78,55,2,71,0,-1,71,0,0,0,247671,132096,1,247671,0,0,0,0,7,4,247671,4,111701,0,155648,0,0,0,247671,1,0,247671,0,14,0,1,0,71,141,3,4,264348,0,247671,9,6,0,0,316,0,-1,266240,78
111705,1,1,7150,1,192,255,1942,192,1,192,1,1,59,25,1,192,192,1,192,IF Brommapojkarna,10,0,-1,0,274134,0,2,-1,30,0,2,4,0,1,0,0,5000,0,1,464,710,2,1,64,15,63,64,65,18,2,62,1,-1,62,1,0,0,274134,4195456,0,274134,0,0,0,0,0,4,274134,8,111705,0,548992,0,0,0,237140,0,0,274134,0,0,0,7,0,63,97,6,1,272916,0,274134,2,1,0,0,316,0,-1,528512,65
111706,58,1,19500,138,255,1,1921,255,250,255,138,1,-32,250,1,255,255,58,255,Godoy Cruz,250,0,-1,0,253304,0,2,-1,65,0,2,4,0,2,0,1,42000,0,0,189,111708,0,1,69,3,70,70,68,-68,1,70,1,-1,70,1,1,0,253304,131736,2,253304,0,0,0,0,0,2,253304,5,111706,0,148120,0,0,0,199435,0,0,253304,0,0,0,1,0,70,129,9,-3,259579,0,253304,7,2,0,0,316,0,-1,263320,68
111708,255,255,35000,241,255,98,1902,255,255,255,255,1,-26,255,1,255,255,188,255,Atlético Tucumán,255,0,-1,0,261016,0,4,-1,65,0,2,4,0,3,0,1,30000,5,0,423,111716,0,1,68,1,68,68,70,-65,2,67,1,-1,67,1,1,0,261016,132360,2,259537,0,0,0,0,0,4,259537,2,111708,0,139528,0,0,0,240955,0,0,261016,0,0,0,1,0,68,129,7,-3,259537,0,261016,7,3,0,0,316,0,-1,266504,70
111710,216,249,20500,51,255,5,1935,255,255,255,5,1,-34,255,1,255,255,114,255,Defensa y Justicia,255,0,-1,0,241833,0,6,-1,50,0,2,4,0,2,0,1,10070,0,0,164,1876,0,1,69,1,70,70,68,-58,1,68,1,-1,68,1,1,0,256502,262793,2,256502,0,0,0,0,0,2,256502,7,111710,1,4211337,0,0,0,241833,0,0,256502,0,0,0,1,0,69,129,5,-3,70198,0,241833,7,6,0,0,316,0,-1,525449,68
111711,255,255,18300,8,255,251,1908,255,255,255,255,1,-34,255,1,255,255,5,255,Huracán,255,0,-1,0,243684,0,3,-1,50,0,2,4,0,5,0,1,48314,0,0,82,1013,0,1,71,1,71,72,69,-58,1,70,1,-1,69,1,1,0,243684,262920,2,243684,0,0,0,0,1,3,243684,4,111711,0,4227848,0,0,0,253354,0,0,243684,0,5,0,1,0,70,129,5,-3,236803,0,243684,7,3,0,0,316,0,-1,525576,68
111715,51,11,12000,37,249,210,1902,248,255,249,123,1,-34,255,1,249,248,1,249,Tigre,255,0,-1,0,234108,0,4,-1,50,0,2,4,0,4,0,1,26282,0,0,514,112689,0,1,67,3,68,67,67,-58,2,68,1,-1,67,1,1,0,234108,263424,2,234108,0,0,0,0,0,5,234108,6,111715,0,4251904,0,0,0,236472,1,0,234108,0,0,0,1,0,67,129,7,-3,234108,0,234108,7,2,0,0,316,0,-1,528640,67
111716,255,255,11000,21,255,200,1907,255,255,255,255,1,-31,255,1,255,255,30,255,Unión de Santa Fe,255,0,-1,0,228961,0,3,-1,65,0,2,4,0,5,0,1,26489,0,0,431,110396,0,1,68,1,69,66,69,-60,2,70,1,-1,70,1,1,0,231070,132424,2,228961,0,0,0,0,0,4,231070,5,111716,0,155976,0,0,0,211272,1,0,231070,0,0,0,1,0,69,129,8,-3,220156,0,228961,7,2,0,0,316,0,-1,266568,69
111722,9,156,35700,134,30,223,1954,30,156,30,19,1,4,9,1,30,30,217,30,Deportes Tolima,19,0,-1,0,237982,0,6,-1,30,0,2,4,0,4,0,0,30000,0,0,224,101101,0,1,69,1,70,69,68,-75,3,70,1,-1,70,1,1,0,237982,4202506,0,237982,0,0,0,0,1,4,237982,3,111722,0,577546,0,0,1,214135,0,0,252990,0,3,0,1,0,70,74,7,-5,237982,0,237982,7,4,0,0,316,0,-1,526346,68
111724,128,255,13100,255,1,255,1956,1,1,1,1,1,36,1,1,255,255,255,128,Shandong Taishan,255,0,-1,0,205401,0,9,-1,30,0,1,4,0,5,0,0,56808,0,1,234,111768,0,1,67,1,67,67,73,117,2,66,1,-1,66,0,0,0,205401,4195337,0,205401,0,0,0,0,8,4,205401,3,111724,0,548873,0,0,0,230601,0,0,205401,0,5,0,2,0,67,156,2,8,230601,0,205401,4,4,0,0,316,0,-1,528393,73
111766,210,254,5900,1,1,1,2007,1,255,1,6,1,-41,255,1,1,1,1,1,Wellington Phoenix,255,0,-1,0,182091,0,4,-1,30,0,2,4,0,3,0,0,34500,0,1,524,114023,0,2,62,1,63,63,65,174,2,63,2,-1,61,1,0,0,242764,4195456,0,242764,0,0,0,0,0,4,242764,5,111766,0,548992,0,0,0,219392,0,0,242764,0,0,0,3,0,62,117,6,12,182091,0,242764,2,2,0,0,316,0,-1,528512,65
111768,153,1,10480,255,255,255,1951,255,255,1,1,1,39,255,1,1,1,255,153,Beijing Guoan,1,0,-1,0,251294,0,7,-1,50,0,1,4,0,5,0,0,65094,0,1,43,110955,0,1,66,1,67,66,68,116,1,67,0,-1,67,0,0,0,251294,262792,0,251294,0,0,0,0,5,3,251294,6,111768,0,4211336,0,0,0,228033,0,0,251294,0,6,0,2,0,67,156,3,8,227527,0,251294,4,3,0,0,316,0,-1,525448,68
111769,1,255,7050,250,255,250,1996,255,255,1,1,1,43,255,1,1,255,250,1,Changchun Yatai,1,0,-1,0,221931,0,7,-1,50,0,1,4,0,4,0,0,23400,0,1,100,112985,0,1,64,0,65,64,68,125,3,63,0,-1,63,1,0,0,221931,270336,0,225478,0,0,0,0,0,4,225478,6,111769,0,4198400,0,0,0,225478,0,0,221931,0,1,0,2,0,65,156,4,8,221931,0,221931,4,2,0,0,316,0,-1,526336,68
111774,1,76,9550,255,255,255,1951,255,1,153,153,1,39,1,1,255,76,255,1,Tianjin Jinmen Tiger,1,0,-1,0,260645,0,2,-1,50,0,1,4,0,3,0,0,54696,0,1,480,111768,0,1,66,1,64,66,65,117,2,61,0,-1,61,0,0,0,260645,263184,0,224466,0,0,0,0,2,4,224466,6,111774,0,4218896,0,0,0,228077,0,0,224466,0,3,0,2,0,64,156,8,8,224466,0,224466,4,1,0,0,316,0,-1,528400,65
111779,1,204,7950,255,125,255,1958,0,0,1,1,1,34,125,1,34,204,255,1,Henan FC,34,0,-1,0,219908,4,4,-1,30,0,1,4,0,3,0,0,29000,0,1,538,111768,0,1,67,1,65,67,69,113,2,62,0,-1,62,0,0,0,216736,4195592,0,219908,0,0,0,0,0,4,219908,3,111779,0,549128,0,0,0,216736,0,0,219908,0,0,0,2,0,65,156,6,8,219908,0,219908,4,2,0,0,316,0,-1,528648,69
111811,0,229,65000,250,250,250,1912,250,229,250,42,2,45,0,2,250,250,250,250,Monza,42,0,-1,0,202848,0,3,-1,30,0,2,4,0,3,0,0,9300,15,1,831,1745,0,1,74,1,74,74,73,9,1,74,1,-1,73,1,0,0,239613,4194816,1,202848,0,0,0,0,0,4,239613,3,111811,0,541184,0,0,0,239613,0,0,239613,0,0,0,4,0,74,136,5,1,239613,0,202848,2,1,0,0,366,0,-1,525312,73
111817,28,12,38000,250,114,250,1969,22,29,50,61,1,48,62,1,50,22,250,114,Paris FC,148,0,-1,0,257118,4,7,-1,65,0,2,4,0,3,0,0,18528,3,1,373,73,0,1,70,1,69,70,69,2,1,68,1,-1,69,0,0,0,257118,131584,0,257118,0,0,0,0,0,2,257118,5,111817,0,164352,0,0,0,190034,0,0,257118,0,0,0,4,0,69,103,6,1,257118,0,257118,2,1,0,0,316,0,-1,263168,68
111822,255,255,15000,1,204,1,1931,202,1,206,255,1,46,139,1,206,202,1,204,Wolfsberger AC,58,0,-1,0,73288,0,5,-1,65,0,2,4,0,4,0,0,8100,0,1,529,209,0,1,66,3,67,67,65,14,2,69,1,-1,68,1,0,0,261991,132104,0,73288,0,0,0,0,0,2,73288,2,111822,0,139272,0,0,0,229818,1,0,73288,0,0,0,4,0,66,124,7,1,73288,0,73288,2,4,0,0,316,0,-1,266248,64
111928,60,1,162800,1,60,1,1994,1,255,166,166,1,37,255,1,166,1,1,60,San Jose Earthquakes,255,0,-1,0,226385,4,4,-1,30,0,2,4,0,4,0,0,18000,0,1,420,697,0,1,70,3,69,70,71,-121,2,68,0,-1,68,1,0,0,237257,4195472,0,226385,0,0,0,0,0,1,226385,8,111928,0,549008,0,0,0,237257,0,0,226385,0,2,0,6,0,69,41,4,-8,237256,0,226385,2,2,0,0,316,0,-1,528528,71
111974,164,35,115000,30,30,30,1920,30,250,30,84,1,44,250,1,30,30,30,30,Sassuolo,250,0,-1,0,243593,0,3,-1,30,0,2,4,0,3,0,0,21525,0,1,438,110740,0,1,69,3,72,70,77,10,3,70,1,-1,70,1,0,0,242725,4202628,1,243593,0,0,0,0,0,4,243593,6,111974,0,544900,0,0,0,210935,0,0,243593,0,0,0,4,0,71,169,8,1,243593,0,243593,2,1,0,0,316,0,-1,526468,78
111993,30,151,13000,250,249,250,1973,248,30,249,57,1,45,30,1,249,248,250,249,Cittadella,30,0,-1,0,208311,0,3,-1,65,0,2,4,0,2,0,0,7623,0,1,571,205,0,1,66,3,67,65,65,11,2,66,1,-1,66,1,0,0,227223,132098,0,227223,0,0,0,0,0,4,227223,9,111993,0,139266,0,0,0,208311,0,0,208311,0,0,0,4,0,67,169,9,1,227223,0,208311,2,1,0,0,316,0,-1,266242,65
112072,255,255,6200,1,169,1,1939,169,245,169,47,1,56,235,1,169,169,1,169,Mjällby AIF,27,0,-1,0,272712,0,4,-1,50,0,2,4,0,2,0,0,7500,18,1,809,1439,0,1,63,1,63,63,63,14,2,64,1,-1,64,1,0,0,272712,263172,0,219865,0,0,0,0,0,2,219865,6,112072,0,4218884,0,0,0,219865,0,0,272712,0,0,0,7,0,63,97,6,1,253013,0,272712,2,1,0,0,316,0,-1,528388,63
112096,153,1,200000,1,100,255,1945,100,255,201,1,1,26,255,1,201,100,1,100,Al Ettifaq,255,0,-1,0,208008,4,8,-1,30,0,2,4,0,4,0,0,21701,0,1,591,112883,0,1,74,3,71,74,71,50,1,67,1,-1,67,1,0,0,208008,4195073,0,208008,0,0,0,0,2,2,208008,8,112096,0,541441,0,0,1,181291,0,0,208008,0,2,0,1,0,71,64,4,3,211591,0,208008,9,4,0,0,316,0,-1,525569,71
112115,128,255,10580,51,102,1,2008,1,255,1,1,1,37,255,1,51,255,102,128,Gangwon FC,255,0,-1,0,191980,0,6,-1,30,0,1,4,0,2,0,0,22333,0,1,174,1474,0,1,67,1,66,67,67,128,3,66,1,-1,66,1,0,0,191980,4202648,1,191980,0,0,0,0,0,3,191980,8,112115,0,528536,0,0,0,191980,0,0,191980,0,0,0,2,0,66,38,6,9,233568,0,191980,4,1,0,0,316,0,-1,526488,67
112124,255,255,5000,78,0,2,1907,2,250,78,6,1,40,250,1,78,2,0,0,Juve Stabia,250,0,-1,0,252410,0,1,-1,50,0,2,4,0,1,0,0,7642,38,1,762,110373,2,1,63,15,65,64,66,14,2,63,1,-1,63,1,0,0,251603,263172,2,74071,0,0,0,0,0,4,72180,8,112124,0,4218884,0,0,0,240798,0,0,252410,0,0,0,4,0,65,169,6,1,259107,0,252410,2,1,0,0,316,0,-1,528388,67
112126,88,51,5100,255,250,255,1912,250,51,250,255,1,57,88,1,250,250,255,250,IFK Värnamo,255,0,-1,0,270535,0,3,-1,30,0,1,4,0,1,0,0,5010,0,1,875,700,0,1,64,1,63,64,63,14,2,62,0,-1,62,1,0,0,270535,4195392,0,270535,0,0,0,0,0,2,270535,5,112126,0,532544,0,0,0,201965,0,0,270535,0,0,0,7,0,63,97,6,1,215487,0,270535,2,1,0,0,316,0,-1,528448,63
112134,10,0,206000,68,1,171,2008,1,78,1,68,1,40,143,1,1,1,138,1,Philadelphia Union,201,0,-1,0,239704,4,7,-1,50,0,2,4,0,5,0,0,18500,18,1,104,112828,0,1,69,11,70,69,71,-75,1,70,0,-1,70,1,0,0,238008,262784,0,239704,0,0,0,0,0,1,239704,5,112134,0,4227712,0,0,0,238008,0,0,239704,0,0,0,6,0,70,41,6,-5,238277,0,239704,2,3,0,0,366,0,-1,525440,71
112139,204,255,400000,204,1,1,1955,1,255,1,1,2,24,255,2,1,1,1,1,Al Nassr,255,0,-1,0,20801,4,9,-1,65,0,2,4,0,6,0,0,25000,18,1,405,605,0,1,77,1,77,77,79,46,1,75,1,-1,74,1,0,0,20801,131729,0,216352,0,0,0,0,6,3,216352,7,112139,0,164497,0,0,1,20801,1,0,20801,0,9,0,1,0,76,64,1,3,20801,0,20801,9,7,0,0,366,0,-1,263313,80
112163,153,1,10880,255,255,255,1998,255,1,1,1,1,30,153,1,255,1,255,153,Zhejiang Professional FC,1,0,-1,0,254894,4,4,-1,50,0,2,4,0,3,0,0,40000,0,1,207,110955,0,1,65,1,65,65,73,120,3,64,1,-1,64,0,0,0,227939,270336,0,221826,0,0,0,0,0,2,221826,2,112163,0,4231168,0,0,0,271525,0,0,227939,0,0,0,2,0,65,156,6,8,254894,0,254894,4,1,0,0,316,0,-1,526336,73
112168,56,32,19000,50,248,206,1914,249,252,240,87,1,39,176,1,240,249,38,248,Cosenza,24,0,-1,0,70650,0,2,-1,50,0,1,4,0,2,0,0,24209,0,1,694,110373,0,1,65,3,67,64,69,16,2,65,1,-1,65,1,0,0,268791,263168,1,264683,0,0,0,0,0,1,264683,5,112168,0,4235264,0,0,0,229750,1,0,70650,0,0,0,4,0,67,169,10,1,70650,0,70650,2,1,0,0,316,0,-1,528384,70
112172,255,255,607125,65,175,221,2009,175,1,175,255,2,51,31,2,175,175,7,175,RB Leipzig,71,0,-1,1,257876,4,8,-1,90,0,2,4,0,6,1,0,47800,1,1,273,22,0,1,79,1,80,78,81,12,3,78,1,-1,80,1,0,0,228579,69760,3,242187,0,0,0,0,2,3,242187,6,112172,0,100480,0,0,0,204638,1,0,257876,0,0,0,4,0,80,113,1,1,243580,0,257876,2,7,0,0,366,0,-1,133248,81
112180,124,32,5000,255,255,255,1904,255,32,68,68,1,59,124,1,255,32,255,124,Västerås SK,68,0,-1,0,73051,0,1,-1,50,0,2,4,0,1,0,0,6500,0,1,945,433,0,1,63,0,62,63,62,16,1,61,1,-1,61,1,0,0,73051,262656,0,70087,0,0,0,0,0,6,70087,2,112180,0,4211200,0,0,0,70095,0,0,73051,0,0,0,7,0,62,97,7,1,260991,0,73051,2,1,0,0,316,0,-1,525312,62
112199,73,1,8050,255,1,255,2008,1,1,1,150,1,59,87,1,1,1,255,1,Sarpsborg 08,170,0,-1,0,187043,0,5,-1,65,0,2,4,0,2,0,0,8022,3,1,437,2041,2,1,62,15,64,62,64,11,1,63,1,-1,63,1,0,0,187043,131840,0,187043,0,0,0,0,0,3,187043,7,112199,0,148224,0,0,0,183339,0,0,187043,0,0,0,7,0,64,199,6,1,183339,0,187043,2,1,0,0,316,0,-1,263424,64
112222,245,249,2450,30,80,30,1914,30,249,30,1,1,53,245,1,30,30,30,80,Harrogate Town,1,0,-1,0,263990,0,3,-1,30,0,1,4,0,1,0,0,5000,0,0,828,1804,0,2,60,3,61,60,61,-1,2,62,0,-1,62,0,0,0,263990,4195328,0,263990,0,0,0,0,0,2,263990,2,112222,0,565248,0,0,1,257862,0,0,263990,0,0,0,3,0,61,135,8,0,223073,0,263990,2,1,0,0,316,0,-1,528384,61
112224,173,108,12877,255,1,255,2009,1,255,1,223,1,-37,25,1,1,1,255,1,Melbourne City,37,0,-1,0,268473,0,10,-1,90,0,2,4,0,4,0,0,30050,0,1,311,111397,0,2,65,1,65,65,65,144,1,64,2,-1,64,1,0,0,203225,66066,2,268473,0,0,0,0,1,4,202157,2,112224,0,82450,0,0,0,202157,0,0,268473,0,1,0,3,0,65,117,1,10,212075,0,268473,2,5,0,0,316,0,-1,132114,65
112254,158,255,2000,1,250,1,1912,250,255,250,27,1,51,158,1,250,250,1,250,Newport County,27,0,-1,0,257435,0,2,-1,65,0,2,4,0,1,0,0,7850,0,0,343,1961,0,2,60,1,61,61,61,-2,2,61,0,-1,60,0,0,0,212682,132096,0,257435,0,0,0,0,0,3,257435,5,112254,0,155648,0,0,0,193771,0,0,257435,0,0,0,3,0,60,135,8,0,270513,0,257435,2,1,0,0,316,0,-1,266240,60
112258,204,255,11900,50,101,242,2010,242,196,79,1,1,35,18,1,50,255,101,210,Gwangju FC,48,0,-1,0,243422,0,7,-1,90,0,2,4,0,4,0,0,10007,0,1,202,1477,0,1,67,1,67,67,67,126,1,66,0,-1,66,1,0,0,243422,66112,0,243422,0,0,0,0,0,4,243422,7,112258,0,98880,0,0,0,208073,1,0,243422,0,0,0,2,0,67,38,9,9,255519,0,243422,4,2,0,0,316,0,-1,132160,67
112259,91,1,2500,5,91,251,2002,1,1,240,199,1,51,91,1,240,1,239,91,AFC Wimbledon,240,0,-1,0,228642,0,5,-1,65,0,1,4,0,2,0,0,9300,27,0,285,1798,0,1,62,1,61,60,63,0,3,62,0,-1,62,0,0,0,228642,139658,0,228642,0,0,0,0,0,2,228642,9,112259,0,135562,0,0,0,243575,1,0,228642,0,0,0,3,0,62,135,7,0,229731,0,228642,2,1,0,0,316,0,-1,264586,61
112260,20,235,2400,255,10,255,1908,215,215,10,20,1,53,10,1,10,215,255,10,Fleetwood Town,10,0,-1,0,192970,0,8,-1,30,0,2,4,0,1,0,0,5327,0,0,163,1926,0,0,64,1,63,64,61,-3,2,61,0,-1,61,0,0,0,192970,4195650,0,192970,0,0,0,0,0,2,192970,7,112260,0,565570,0,0,0,246723,0,0,192970,0,0,0,3,0,63,135,2,0,225245,0,192970,2,1,0,0,316,0,-1,528706,61
112264,255,255,0,1,255,1,1800,255,255,255,255,1,49,255,1,255,255,1,255,Youth Squad,255,0,-1,0,1,4,1,-1,50,0,1,4,0,0,0,0,0,0,0,0,1318,0,0,0,0,0,0,0,-123,0,0,0,-1,0,0,0,0,1,0,0,1,0,0,0,0,0,2,1,0,112264,0,0,0,2,0,1,1,0,1,0,0,0,0,0,0,141,0,-8,1,0,1,2,1,0,0,316,0,-1,0,0
112387,152,63,300000,255,80,255,1937,52,63,53,89,2,21,210,2,53,52,255,80,Al Ahli,89,0,-1,0,204485,4,8,-1,65,0,2,4,0,6,0,0,62345,0,1,232,607,0,1,74,1,73,75,77,39,1,71,1,-1,70,1,0,0,204485,131712,0,204485,0,0,0,0,13,2,204485,9,112387,0,148096,0,0,0,230938,1,0,204485,0,3,0,1,0,73,64,1,3,212228,0,204485,9,5,0,0,366,0,-1,263296,77
112390,1,1,17950,1,20,1,1958,20,255,20,153,1,25,255,1,20,20,153,20,Al Fateh,255,0,-1,0,215270,4,6,-1,30,0,2,4,0,4,0,0,11000,0,1,7,112096,0,1,66,3,64,65,69,49,1,64,1,-1,64,0,0,0,215270,4195082,0,215270,0,0,0,0,0,1,215270,8,112390,0,574218,0,0,1,209565,0,0,215270,0,1,0,1,0,65,64,9,3,215270,0,215270,9,4,0,0,316,0,-1,525578,67
112391,4,240,150000,255,103,255,1967,81,240,99,4,1,26,4,1,99,83,255,103,Al Qadsiah,4,0,-1,0,234579,4,5,-1,65,0,2,4,0,2,0,0,11000,0,1,245,112096,0,0,71,3,71,72,72,50,2,67,0,-1,67,0,0,0,234579,132097,0,234579,0,0,0,0,0,3,234579,5,112391,0,155649,0,0,1,200724,0,0,234579,0,0,0,1,0,70,64,4,3,188567,0,234579,9,3,0,0,316,0,-1,266241,73
112392,1,255,18650,255,20,255,1954,20,1,20,1,1,26,1,1,20,20,255,20,Al Raed,1,0,-1,0,263893,4,5,-1,30,0,2,4,0,3,0,0,25000,0,1,83,112393,0,1,65,3,67,66,68,43,3,64,1,-1,63,1,0,0,263893,4202757,0,263893,0,0,0,0,0,3,263893,4,112392,0,577797,0,0,0,263893,1,0,263893,0,0,0,1,0,66,64,7,3,263893,0,263893,9,3,0,0,316,0,-1,526597,70
112393,224,221,72100,204,20,1,1956,20,255,20,88,1,26,255,1,20,20,1,20,Al Taawoun,255,0,-1,0,242374,4,6,-1,50,0,2,4,0,4,0,0,6000,0,1,83,112392,0,1,72,3,69,72,71,43,1,65,1,-1,65,1,0,0,242374,262721,0,242374,0,0,0,0,1,4,242374,5,112393,0,4211265,0,0,0,234200,0,0,242374,0,0,0,1,0,70,64,7,3,234200,0,242374,9,5,0,0,316,0,-1,525377,70
112408,1,255,15000,255,35,255,1945,35,204,35,1,1,21,204,1,35,35,255,35,Al Wehda,204,0,-1,0,209888,4,5,-1,50,0,2,4,0,3,0,0,33195,13,1,308,607,0,1,66,3,67,67,74,39,1,67,1,-1,64,0,0,0,209888,262665,0,209888,0,0,0,0,2,4,209888,4,112408,0,4211209,0,0,0,207716,0,0,209888,0,0,0,1,0,67,64,6,3,185195,0,209888,9,2,0,0,316,0,-1,525321,74
112427,33,255,6300,1,1,1,2012,1,255,1,46,1,-33,255,1,1,1,1,1,Western Sydney Wanderers,255,0,-1,0,70177,0,7,-1,50,0,2,4,0,4,0,0,30000,17,1,472,111400,0,2,62,1,63,62,64,151,2,61,2,-1,62,1,0,0,203308,263238,2,203308,0,0,0,0,0,3,213093,3,112427,0,4202566,0,0,0,220708,0,0,257326,0,0,0,3,0,64,117,4,10,257326,0,257326,2,4,0,0,316,0,-1,528454,64
112428,0,176,0,250,255,250,2011,255,108,255,176,1,0,0,1,255,255,250,255,Create Player Team,108,0,-1,0,1,4,2,-1,50,0,1,4,0,5,0,0,5000,0,0,0,22,0,0,0,0,0,0,0,0,0,0,0,-1,0,0,0,0,1,0,0,1,0,0,0,0,0,2,1,5,112428,0,0,0,2,0,1,1,0,1,0,0,0,0,0,0,141,5,0,1,0,1,2,1,0,0,316,0,-1,0,0
112472,248,248,18000,10,250,10,1928,250,250,250,248,2,-23,16,2,250,250,10,250,RB Bragantino,12,0,-1,0,230281,0,6,-1,65,0,2,4,0,2,0,0,17128,0,0,434,1041,0,1,74,1,74,74,74,-46,1,75,1,-1,75,1,0,0,230294,66560,0,230291,0,0,0,0,0,2,230291,8,112472,0,90112,0,0,0,230294,1,0,230281,0,0,0,1,0,74,74,5,-3,230294,0,230281,7,4,0,0,366,0,-1,135168,74
112493,122,0,5000,10,250,245,1908,250,1,250,195,1,40,122,1,250,250,240,250,Carrarese,202,0,-1,0,229459,0,1,-1,50,0,2,4,0,1,0,0,9500,0,1,960,113974,0,1,66,15,67,68,67,10,2,67,0,-1,66,1,0,0,229459,263168,0,229459,0,0,0,0,0,4,229459,5,112493,0,4202496,0,0,0,242264,1,0,229459,0,0,0,4,0,66,169,6,1,229459,0,229459,2,1,0,0,316,0,-1,528384,68
112494,5,220,15000,250,250,250,1995,250,30,250,45,1,46,30,1,250,250,250,250,Südtirol,30,0,-1,0,268756,0,5,-1,65,0,2,4,0,3,0,0,2800,0,1,898,55,0,1,68,1,66,67,67,11,2,66,0,-1,66,1,0,0,268756,132352,0,268756,0,0,0,0,0,3,268756,2,112494,0,139520,0,0,0,268753,0,0,268756,0,0,0,4,0,68,169,8,1,268756,0,268756,2,1,0,0,316,0,-1,266496,64
112513,255,255,30000,220,255,31,1951,255,10,255,0,1,41,100,1,255,255,92,255,Arouca,250,0,-1,0,215616,0,3,-1,65,0,2,4,0,2,0,0,5000,38,1,25,744,0,1,71,3,70,71,69,-8,1,69,1,-1,69,1,0,0,192636,131848,0,192636,0,0,0,0,0,1,192636,6,112513,0,181000,0,0,0,192636,0,0,192636,0,0,0,4,0,70,183,8,0,215616,0,215616,2,1,0,0,316,0,-1,263432,69
112535,31,254,14500,250,249,250,1954,248,254,249,9,1,-32,31,1,249,248,250,249,Unión La Calera,9,0,-1,0,242163,0,3,-1,30,0,2,4,0,2,0,0,10000,0,0,255,112584,2,1,62,15,62,62,63,-71,3,63,0,-1,63,0,0,0,242163,4202760,0,71566,0,0,0,0,0,2,71566,5,112535,0,545032,0,0,1,255365,1,0,242163,0,0,0,1,0,62,74,7,-4,226811,0,242163,7,1,0,0,316,0,-1,526600,63
112540,1,255,17680,255,1,255,2005,204,204,1,1,1,31,1,1,1,255,255,1,Shanghai Port,1,0,-1,0,188152,0,9,-1,65,0,1,4,0,7,0,0,37000,0,1,446,110955,0,1,72,0,69,72,73,121,1,66,0,-1,66,1,0,0,188152,131592,0,188152,0,0,0,0,0,2,188152,4,112540,0,147976,0,0,0,224599,1,0,188152,0,3,0,2,0,69,156,10,8,221445,0,188152,4,6,0,0,316,0,-1,263176,73
112558,1,204,9630,204,1,1,2003,1,255,1,1,1,37,255,1,204,204,1,1,Suwon FC,255,0,-1,0,200601,0,5,-1,30,0,2,4,0,4,0,0,11808,5,0,469,110765,0,1,67,1,65,67,62,127,3,64,0,-1,64,0,0,0,200601,4202500,0,200601,0,0,0,0,0,4,200601,6,112558,0,577540,0,0,0,200577,0,0,200601,0,0,0,2,0,65,38,7,9,200601,0,200601,4,1,0,0,316,0,-1,526340,62
112584,196,255,15000,102,249,21,1909,248,255,249,13,1,-33,196,1,249,248,57,249,Everton de Viña del Mar,13,0,-1,0,226569,0,4,-1,65,0,2,4,0,4,0,0,22360,27,0,593,110980,0,1,67,3,67,67,68,-71,1,65,1,-1,65,1,1,0,226569,131849,0,226569,0,0,0,0,1,2,236946,4,112584,0,164617,0,0,0,214748,1,0,236946,0,4,0,1,0,67,74,7,-4,215112,0,226569,7,2,0,0,316,0,-1,263433,68
112606,52,102,225500,255,52,255,2010,102,253,141,141,1,28,228,1,141,102,255,52,Orlando City SC,1,0,-1,0,256136,4,6,-1,50,0,2,4,0,5,0,0,25500,5,1,360,112885,0,1,71,3,69,71,71,-81,2,66,0,-1,66,1,0,0,240744,263184,0,256136,0,0,0,0,1,4,256136,4,112606,0,4218896,0,0,0,203137,0,0,256136,0,0,0,6,0,69,41,5,-5,256136,0,256136,2,5,0,0,366,0,-1,528400,71
112615,88,49,13000,255,255,255,1919,255,49,255,34,1,34,88,1,255,255,255,255,Racing Club De Montevideo,34,0,-1,0,279918,0,2,-1,50,0,2,4,0,1,0,0,60235,0,0,795,111326,0,0,66,3,66,66,66,56,3,67,1,-1,67,0,0,0,279918,270592,0,279918,0,0,0,0,0,2,279918,2,112615,0,4215040,0,0,0,279918,0,0,279918,0,0,0,1,0,66,74,5,-3,279919,0,279918,7,1,0,0,316,0,-1,526592,66
112667,250,250,7500,1,249,255,1942,248,250,249,250,1,-19,250,1,249,248,1,249,Nacional Potosí,250,0,-1,0,266218,0,4,-1,30,0,2,4,0,2,0,0,32000,13,0,778,110968,0,1,65,12,65,65,63,-65,2,65,2,-1,65,2,1,0,266218,4195328,0,266218,0,0,0,0,0,5,266218,5,112667,0,548864,0,0,0,248860,0,0,266218,0,0,0,1,0,65,74,5,-4,264709,0,266218,7,1,0,0,316,0,-1,528384,63
112670,27,5,50000,255,255,252,1913,255,5,255,68,2,-31,27,2,255,255,251,255,Talleres de Córdoba,68,0,-1,0,215199,0,6,-1,30,0,2,4,0,4,0,1,57000,0,0,120,111022,0,1,69,3,73,69,72,-64,1,72,1,-1,71,1,1,0,215199,4194816,2,215199,0,0,0,0,0,2,215199,5,112670,0,524800,0,0,0,215251,0,0,215199,0,0,0,1,0,72,129,5,-3,215199,0,215199,7,4,0,0,316,0,-1,525312,74
112671,255,255,14500,73,30,208,1904,246,45,249,255,1,-25,55,1,37,248,72,249,Nacional Asunción,92,0,-1,0,273992,0,4,-1,50,0,2,4,0,5,0,0,44164,0,0,771,112716,0,1,63,0,62,63,62,-57,3,64,1,-1,64,0,1,0,273992,270656,1,253713,0,0,0,0,0,4,253713,5,112671,0,4215104,0,0,0,254719,0,0,273992,0,9,0,1,0,62,74,3,-3,200196,0,273992,7,4,0,0,316,0,-1,526656,62
112675,55,0,12000,7,255,238,1975,255,31,255,222,1,29,140,1,255,255,230,255,Al Orobah,66,0,-1,0,191076,0,2,-1,30,0,2,4,0,2,0,0,7000,0,1,952,112393,0,1,67,0,65,65,66,40,1,65,1,-1,66,0,0,0,191076,4195136,0,191076,0,0,0,0,0,4,191076,2,112675,0,525120,0,0,0,245522,1,0,191076,0,0,0,1,0,66,64,9,3,191076,0,191076,9,2,0,0,316,0,-1,525632,66
112689,250,250,8000,24,255,89,1905,255,250,255,250,1,-34,250,1,255,255,55,255,Platense,250,0,-1,0,261262,0,1,-1,30,0,2,4,0,2,0,2,32000,0,0,842,111019,0,1,67,3,69,67,66,-58,3,70,1,-1,68,1,1,0,242002,4202816,0,242002,0,0,0,0,0,2,74782,1,112689,0,528704,0,0,1,235004,0,0,234466,0,0,0,1,0,69,129,5,-3,263229,0,261262,7,1,0,0,316,0,-1,526656,66
112705,255,255,13500,1,249,1,1958,248,255,249,1,1,-29,255,1,249,248,1,249,Coquimbo Unido,255,0,-1,0,225972,0,1,-1,30,0,2,4,0,3,0,0,18000,0,1,708,112535,0,1,65,3,65,65,69,-71,3,64,1,-1,64,1,1,0,225972,4202832,1,225972,0,0,0,0,0,2,225972,5,112705,0,545104,0,0,0,214703,1,0,225972,0,0,0,1,0,65,74,4,-4,223066,0,225972,7,1,0,0,316,0,-1,526672,69
112713,103,3,5000,255,255,255,1911,255,3,250,41,1,-34,103,1,255,250,255,250,Sarmiento,41,0,-1,0,184144,0,1,-1,30,0,2,4,0,1,0,2,22000,0,0,237,112689,0,1,68,3,68,68,68,-60,3,68,1,-1,69,1,1,0,184144,4202816,0,261614,0,0,0,0,0,3,261614,2,112713,0,528704,0,0,0,153060,0,0,184144,0,0,0,1,0,69,129,7,-3,184144,0,184144,7,1,0,0,316,0,-1,526656,68
112716,17,168,44500,102,249,19,1912,248,250,249,24,1,-25,250,1,249,248,56,249,Cerro Porteño,250,0,-1,0,260138,0,9,-1,50,0,2,4,0,6,0,0,45000,0,0,771,101108,0,1,67,1,69,67,69,-57,3,66,1,-1,66,1,0,0,260138,270592,2,260138,0,0,0,0,0,2,260138,8,112716,0,4215040,0,0,1,234037,1,0,260138,0,34,0,0,0,69,74,6,-4,257383,0,260138,7,6,0,0,316,0,-1,526592,69
112764,255,255,2000,1,1,1,1892,1,255,1,255,1,51,255,1,1,1,1,1,Bromley,255,0,-1,0,234487,0,1,-1,30,0,2,4,0,1,0,0,5150,0,0,285,112259,0,2,60,3,61,61,60,0,2,61,0,-1,61,0,0,0,234487,4195328,0,225310,0,0,0,0,0,2,225310,1,112764,0,565248,0,0,0,186122,0,0,234487,0,0,0,3,0,60,135,9,0,72457,0,234487,2,1,0,0,316,0,-1,528384,61
112809,40,13,40000,255,220,255,1931,220,40,220,87,1,41,35,1,220,220,255,220,Famalicão,240,0,-1,0,276302,0,4,-1,50,0,1,4,0,3,0,0,5300,5,1,748,1888,0,1,71,1,70,71,70,-8,2,70,1,-1,70,1,0,0,236830,263168,0,271057,0,0,0,0,0,4,271057,8,112809,0,4235264,0,0,0,236830,0,0,236830,0,0,0,4,0,70,183,3,0,236830,0,236830,2,1,0,0,316,0,-1,528384,70
112828,165,101,326500,255,120,255,2013,255,40,255,215,1,41,59,1,1,255,255,255,New York City FC,75,0,-1,0,255862,4,9,-1,50,0,2,4,0,6,0,0,47309,0,1,340,689,0,1,70,5,68,70,68,-74,1,65,0,-1,65,1,0,0,233790,262656,0,255862,0,0,0,0,0,2,255862,6,112828,0,4194816,0,0,0,233790,1,0,255862,0,1,0,6,0,68,41,7,-5,255862,0,255862,2,5,0,0,366,0,-1,525312,68
112853,79,246,7150,250,252,250,2008,252,15,252,6,1,10,15,1,252,252,250,252,Deportivo La Guaira,15,0,-1,0,252996,0,6,-1,50,0,2,4,0,3,0,0,50940,0,0,800,110989,0,1,64,3,65,64,64,-66,1,65,1,-1,65,0,0,0,252996,262912,0,252996,0,0,0,0,0,4,252996,4,112853,0,4227840,0,0,0,259888,0,0,252996,0,1,0,1,0,65,74,5,-4,252996,0,252996,7,1,0,0,316,0,-1,525568,64
112883,230,246,30000,105,106,4,1945,14,1,156,0,1,26,1,1,156,14,168,106,Al Khaleej,1,0,-1,0,225206,0,4,-1,30,0,2,4,0,3,0,0,12050,0,1,413,112096,0,1,71,3,68,71,65,50,2,65,1,-1,65,1,0,0,225206,4195392,0,225206,0,0,0,0,0,4,225206,6,112883,0,532544,0,0,0,224394,1,0,225206,0,0,0,0,0,67,64,6,3,225206,0,225206,9,3,0,0,316,0,-1,528448,66
112885,0,128,340000,32,1,35,2014,1,163,1,11,1,33,145,1,1,1,31,1,Atlanta United FC,97,0,-1,0,239755,0,7,-1,30,1,2,6,0,6,1,0,42500,17,1,601,112606,2,1,71,3,69,71,68,-84,1,69,0,-1,69,1,0,0,239755,4195208,3,239755,0,0,0,0,1,2,239755,5,112885,0,557960,0,1,0,164505,1,0,239755,0,1,0,6,0,69,41,9,-5,239755,0,239755,2,4,0,0,366,0,-1,525704,68
112893,255,255,420000,32,31,35,2018,35,244,205,255,2,26,181,2,32,244,31,181,Inter Miami,205,0,-1,0,158023,0,8,-1,65,0,2,4,0,8,0,2,17417,19,1,805,112606,0,1,76,0,75,76,78,-80,1,72,2,-1,72,1,0,0,189332,131584,0,158023,0,0,0,0,0,4,158023,3,112893,0,131584,0,0,0,158023,0,0,158023,0,0,0,6,0,75,41,8,-5,158023,0,158023,2,2,0,0,366,0,-1,263168,78
112908,12,12,45000,255,1,255,1958,1,7,1,12,1,0,38,1,1,1,255,1,Independiente del Valle,127,0,-1,0,274559,0,9,-1,65,0,2,4,0,5,0,0,12000,0,0,783,110986,0,1,68,3,68,68,68,78,1,67,2,-1,67,1,0,0,274559,131712,0,274559,0,0,0,0,1,3,274559,10,112908,2,164480,0,0,1,253341,0,0,274559,0,1,0,1,0,68,74,6,-4,242492,0,274559,7,7,0,0,316,0,-1,263296,68
112914,83,110,12500,250,250,250,2012,250,118,250,176,1,10,50,1,250,250,250,250,Metropolitanos FC,200,0,-1,0,253775,0,6,-1,30,0,2,0,0,1,0,0,9800,0,0,800,110989,0,1,64,0,64,64,64,-66,3,64,1,-1,64,0,0,0,253775,4202512,0,253775,0,0,0,0,0,5,253775,3,112914,0,561168,0,0,0,253777,0,0,253775,0,1,0,1,0,64,74,5,-4,253777,0,253775,7,1,0,0,316,0,-1,526352,64
112965,1,1,8500,255,255,255,1919,255,159,255,1,1,-27,43,1,255,255,255,255,Central Córdoba,45,0,-1,0,70203,0,1,-1,50,0,2,4,0,2,0,1,28000,0,0,763,111708,0,1,65,3,66,65,65,-64,2,66,1,-1,66,1,1,0,279776,263232,2,279776,0,0,0,0,0,4,279776,1,112965,0,4202560,0,0,1,70203,0,0,279776,0,0,0,1,0,67,129,1,-3,263418,0,279776,7,1,0,0,316,0,-1,528448,64
112979,0,0,4530,255,255,255,2014,255,129,160,160,1,32,193,1,255,0,255,0,Nantong Zhiyun,255,0,-1,0,207740,0,2,-1,30,0,1,0,0,3,0,0,15000,0,1,921,116360,0,1,61,1,60,61,65,120,2,60,0,-1,60,0,0,0,276523,4195328,0,276523,0,0,0,0,0,2,276523,7,112979,0,532480,0,0,0,226186,0,0,207740,0,0,0,2,0,60,156,8,8,239545,0,207740,4,1,0,0,316,0,-1,528384,65
112985,1,1,5480,250,250,250,2001,250,1,153,153,1,38,1,1,250,1,250,1,Cangzhou Mighty Lions,153,0,-1,0,210870,0,2,-1,50,0,2,4,0,3,0,0,60000,0,1,448,116360,0,1,61,1,61,61,69,114,2,59,0,-1,59,0,0,0,210870,263424,0,210870,0,0,0,0,0,4,210870,6,112985,0,4202752,0,0,0,227970,0,0,210870,0,0,0,2,0,61,156,7,8,203276,0,210870,4,1,0,0,316,0,-1,528640,69
112996,1,1,427500,110,1,196,2014,1,250,1,1,2,34,250,2,1,1,158,1,Los Angeles FC,250,0,-1,0,225951,0,8,-1,65,0,1,4,0,8,0,1,22000,9,1,606,697,0,1,72,1,73,72,77,-118,1,71,0,-1,71,1,0,0,225951,131712,0,225951,0,0,0,0,0,3,225951,6,112996,0,164480,0,0,0,199562,0,0,225951,0,1,0,6,0,73,41,7,-8,225951,0,225951,2,5,0,0,366,0,-1,263296,77
113002,255,255,0,6,1,241,1972,1,255,1,255,3,51,255,3,1,1,6,1,England Women,255,0,-1,0,257008,0,10,-1,65,0,2,4,0,0,0,0,90000,0,0,0,113004,0,1,84,1,84,84,86,0,1,84,0,-1,84,0,0,0,227254,131716,0,257008,1,0,0,0,0,4,257001,0,113002,0,180868,0,0,0,227254,0,0,257001,0,0,0,3,0,84,141,0,0,243404,0,257001,2,8,0,0,366,0,-1,263300,86
113003,73,16,0,255,30,255,1904,30,255,30,128,3,48,1,3,30,30,255,30,France Women,1,0,-1,0,227353,0,10,-1,65,0,1,4,0,0,0,0,67394,0,1,0,113004,0,1,84,1,84,84,86,2,2,85,0,-1,85,1,0,0,227353,132232,0,261733,1,0,0,0,0,1,261733,0,113003,0,188552,0,0,0,227316,0,0,227353,0,0,0,4,0,84,141,0,1,246272,0,227353,2,9,0,0,366,0,-1,266376,86
113004,255,255,0,1,210,1,1982,210,255,210,255,3,51,255,3,210,210,1,210,Germany Women,255,0,-1,0,247788,4,10,-1,50,0,2,4,0,0,0,0,30210,0,0,0,113002,0,1,83,1,83,83,84,7,2,83,1,-1,83,0,0,0,226375,263296,0,248822,1,0,0,0,0,2,247788,0,113004,0,4219008,0,0,0,247788,0,0,248822,0,0,0,4,0,83,110,0,1,244302,0,247788,2,8,0,0,366,0,-1,528512,84
113007,5,164,0,255,30,255,1902,30,17,30,1,2,59,51,2,30,30,255,30,Norway Women,210,0,-1,0,227102,0,10,-1,50,0,2,4,0,0,0,0,27200,0,1,0,113008,0,1,80,1,79,80,85,10,3,74,0,-1,74,0,0,0,227102,266368,0,227323,1,0,0,0,0,2,227102,0,113007,0,4229248,0,0,0,227282,0,0,227102,0,0,0,7,0,79,141,0,1,227323,0,227102,2,5,0,0,366,0,-1,526464,85
113008,221,253,0,180,169,1,1904,169,250,169,26,2,57,210,2,169,169,106,169,Sweden Women,5,0,-1,0,226973,0,10,-1,65,0,2,4,0,0,0,0,16596,0,1,0,113007,0,1,78,1,79,78,80,11,2,79,0,-1,79,0,0,0,226998,132224,0,226998,1,0,0,0,0,1,226973,0,113008,0,188544,0,0,1,226998,0,0,226973,0,0,0,7,0,79,110,0,1,226973,0,226973,2,6,0,0,366,0,-1,266368,80
113009,7,241,0,92,234,0,1985,234,255,234,16,3,47,255,3,234,234,37,234,United States Women,255,0,-1,0,232075,0,10,-1,65,0,2,4,0,0,0,0,37722,0,1,0,113012,2,1,83,15,84,83,86,-122,3,82,0,-1,82,1,0,0,231432,135552,0,232075,1,0,0,0,0,2,232075,0,113009,0,133504,0,0,1,231432,1,0,232075,0,0,0,6,0,84,141,0,-8,264012,0,232075,2,7,0,0,366,0,-1,264576,86
113010,124,12,0,255,255,255,1923,255,255,255,68,2,19,1,2,255,255,255,255,Mexico Women,1,0,-1,0,228724,0,10,-1,50,0,2,4,0,0,0,0,81070,0,1,314,113009,0,1,74,1,74,74,76,-99,2,71,0,-1,71,1,0,0,228724,263424,0,228724,1,0,0,0,0,3,228724,0,113010,0,4219136,0,0,0,241224,0,0,228724,0,0,0,1,0,74,110,0,-6,228724,0,228724,7,1,0,0,366,0,-1,528640,76
113011,87,248,0,255,66,255,1971,35,244,66,23,2,52,124,2,66,35,255,66,Holland Women,34,0,-1,0,233756,0,10,-1,65,0,2,4,0,0,0,0,55885,0,1,0,113004,0,1,80,1,80,80,81,4,2,80,0,-1,80,1,0,0,233756,132224,0,240714,1,0,0,0,0,3,240714,0,113011,0,155776,0,0,0,233747,0,0,233756,0,0,0,4,0,80,141,0,1,233756,0,233756,2,5,0,0,366,0,-1,266368,81
113012,8,181,0,25,1,255,1983,1,200,1,16,3,40,44,3,1,1,173,1,Spain Women,22,0,-1,0,227192,0,10,-1,90,0,2,4,0,0,0,0,68456,0,0,0,113003,0,1,87,1,84,87,83,-3,1,82,0,-1,82,0,0,0,227192,66184,0,227192,1,0,0,0,0,4,227203,0,113012,0,115336,0,0,0,227192,0,0,227203,0,0,0,4,0,84,110,0,1,227192,0,227203,2,10,0,0,366,0,-1,132232,83
113018,0,224,175000,54,5,5,2020,5,255,5,77,1,38,255,1,5,5,26,5,St. Louis City SC,255,0,-1,0,238072,0,2,-1,65,0,2,4,0,2,0,0,22500,0,1,832,696,0,1,69,1,69,69,72,90,2,67,0,-1,67,1,0,0,238072,132224,1,238072,0,0,0,0,0,1,233125,2,113018,0,139392,0,0,0,189117,0,0,238072,0,0,0,6,0,69,41,2,-6,242092,0,238072,2,1,0,0,316,0,-1,266368,72
113029,149,248,18000,142,248,73,1946,248,66,248,41,1,8,185,1,248,248,90,248,Universidad César Vallejo,215,0,-1,0,222065,0,5,-1,50,0,2,0,0,1,0,0,25000,0,2,847,111014,0,2,66,3,67,66,68,79,2,67,2,-1,67,2,0,0,222065,263168,0,222065,0,0,0,0,0,2,222065,1,113029,0,4218880,0,0,0,212509,1,0,222065,0,0,0,1,0,67,74,2,-5,222065,0,222065,7,3,0,1,316,0,-1,528384,68
113037,250,250,10500,29,30,224,1953,30,10,30,250,1,24,10,1,30,30,36,30,Al Riyadh,10,0,-1,0,212729,0,3,-1,30,0,2,4,0,2,0,0,15000,0,1,405,605,0,1,69,3,67,69,67,46,2,62,0,-1,62,0,0,0,212729,4195344,0,212729,0,0,0,0,0,5,212729,4,113037,0,581648,0,0,1,275549,0,0,212729,0,0,0,1,0,67,64,8,3,236373,0,212729,9,2,0,0,316,0,-1,528400,67
113040,250,250,1500,23,100,219,2014,30,250,60,250,1,26,250,1,60,30,18,100,NorthEast United,250,0,-1,0,205158,0,2,-1,30,0,2,4,0,2,0,0,35000,0,1,734,113146,0,1,58,3,58,58,68,91,3,53,1,-1,55,1,0,0,220446,4202768,0,220446,0,0,0,0,0,2,220446,5,113040,0,561424,0,0,0,230306,0,0,205158,0,0,0,1,0,57,133,7,6,230306,0,205158,9,1,0,0,316,0,-1,526608,70
113044,3,227,7000,255,255,255,1904,255,227,255,22,1,-34,3,1,255,255,255,255,Barracas Central,22,0,-1,0,266867,0,1,-1,30,0,2,4,0,1,0,2,4400,0,0,82,115472,0,1,68,3,70,71,67,-58,3,69,1,-1,67,1,1,0,266867,4202496,0,272946,0,0,0,0,0,4,272946,3,113044,0,528384,0,0,1,258528,0,0,266867,0,0,0,1,0,68,129,8,-3,266867,0,266867,7,1,0,0,316,0,-1,526336,66
113057,255,255,40100,1,50,244,1953,45,1,140,255,1,25,1,1,140,45,177,50,Al Fayha,255,0,-1,0,244391,4,5,-1,30,0,1,4,0,2,0,0,7000,0,0,592,112392,0,1,68,3,67,66,69,45,3,65,1,-1,65,0,0,0,245377,4202560,0,245377,0,0,0,0,1,2,245377,5,113057,0,561216,0,0,1,239126,0,0,244391,0,0,0,1,0,67,64,4,3,244391,0,244391,9,3,0,0,316,0,-1,526400,68
113060,161,68,17000,250,30,250,1976,30,250,30,255,1,17,250,1,30,30,250,30,Al Okhdood,250,0,-1,0,230764,0,2,-1,30,0,2,4,0,1,0,0,12000,0,0,334,113217,0,1,69,1,66,70,65,44,2,62,0,-1,62,1,0,0,230764,4195328,0,230764,0,0,0,0,0,1,230764,5,113060,0,532480,0,0,1,235514,1,0,230764,0,0,0,1,0,65,64,7,3,230764,0,230764,9,2,0,0,316,0,-1,528384,64
113142,127,255,36950,80,255,35,1948,255,254,255,39,1,36,254,1,255,255,160,255,Corendon Alanyaspor,254,0,-1,0,234870,0,2,-1,30,0,2,4,0,2,0,0,10842,44,1,20,741,0,1,69,0,68,69,71,32,1,66,2,-1,68,1,0,0,234870,4194832,0,234870,0,0,0,0,0,2,234870,3,113142,0,541200,0,0,1,234870,0,0,234870,0,0,0,1,0,68,179,8,3,212260,0,234870,9,1,0,0,316,0,-1,525328,71
113146,45,168,7100,48,107,0,2020,19,250,54,48,1,22,250,1,54,19,88,107,Mohun Bagan Super Giant,250,0,-1,0,253479,0,9,-1,65,0,2,4,0,6,0,0,85000,0,1,727,111629,0,1,62,3,64,63,67,88,3,65,1,-1,64,1,0,0,202208,139328,0,253479,0,0,0,0,0,4,219948,4,113146,0,184384,0,0,0,245165,0,0,202208,0,2,0,1,0,63,133,2,6,202208,0,202208,9,4,0,0,316,0,-1,264256,69
113149,56,33,226500,30,51,240,2018,51,255,51,129,1,39,255,1,51,51,82,51,FC Cincinnati,255,0,-1,0,221634,0,5,-1,65,0,2,4,0,5,0,0,26000,0,1,711,687,2,1,74,15,71,74,68,84,3,70,0,-1,70,1,0,0,221634,139264,0,221634,0,0,0,0,0,1,221634,5,113149,0,167936,0,0,0,221634,0,0,221634,0,0,0,6,0,71,41,6,-5,221634,0,221634,2,4,0,0,366,0,-1,264192,68
113217,40,230,11900,255,20,255,1972,20,241,20,40,1,18,233,1,20,20,255,20,Damac FC,73,0,-1,0,212207,0,5,-1,30,0,2,4,0,3,0,0,20000,1,1,757,113060,0,1,68,1,68,68,66,42,2,65,1,-1,64,1,0,0,212207,4195584,0,212207,0,0,0,0,0,3,212207,2,113217,0,549120,0,0,0,254895,1,0,212207,0,0,0,1,0,67,64,4,3,219732,0,212207,9,3,0,0,316,0,-1,528640,66
113257,35,39,2450,250,30,250,2019,30,243,30,90,1,20,32,1,30,30,250,30,Odisha FC,26,0,-1,0,248297,0,4,-1,50,0,2,4,0,3,0,0,15000,0,1,774,114168,0,1,59,3,62,63,69,85,1,61,1,-1,60,1,0,0,248297,262656,0,248315,0,0,0,0,0,3,248315,9,113257,0,4211200,0,0,0,223760,0,0,248297,0,0,0,1,0,60,133,7,6,195620,0,248297,9,1,0,0,316,0,-1,525312,69
113297,117,55,3000,250,20,250,2014,20,238,20,201,1,13,218,1,20,20,250,20,Chennaiyin FC,100,0,-1,0,263224,0,5,-1,65,0,2,4,0,4,0,0,19484,0,1,728,113302,0,1,57,3,57,56,64,80,3,56,1,-1,57,1,0,0,263224,139328,0,248319,0,0,0,0,0,3,248319,5,113297,0,151616,0,0,0,264362,1,0,263224,0,2,0,1,0,58,133,5,6,204528,0,263224,9,2,0,0,316,0,-1,264256,64
113298,101,50,2500,39,88,255,2014,61,29,69,185,1,15,57,1,69,61,137,88,FC Goa,101,0,-1,0,189573,0,6,-1,50,0,2,4,0,4,0,0,18600,0,1,730,113300,0,1,63,3,61,63,63,73,1,59,1,-1,59,1,0,0,230132,263040,0,259648,0,0,0,0,0,2,230132,8,113298,0,4244352,0,0,0,223763,0,0,230132,0,0,0,1,0,61,133,9,6,189573,0,189573,9,3,0,0,316,0,-1,525696,63
113299,221,251,4000,181,95,91,2014,20,251,50,94,1,9,221,1,50,20,87,95,Kerala Blasters FC,94,0,-1,0,270741,0,6,-1,30,0,2,4,0,6,0,0,39000,0,1,721,113297,0,1,61,3,62,63,64,76,3,59,1,-1,59,1,0,0,258410,4202880,0,263683,0,0,0,0,0,2,263683,4,113299,0,577920,0,0,0,203902,1,0,270741,0,0,0,1,0,60,133,3,6,203902,0,270741,9,2,0,0,316,0,-1,526720,67
113300,108,80,6000,250,10,250,2014,10,80,10,202,1,19,108,1,10,10,250,10,Mumbai City FC,202,0,-1,0,203746,0,8,-1,65,0,2,4,0,4,0,0,7960,0,1,733,113298,0,1,60,3,62,60,66,72,1,63,0,-1,63,1,0,0,208602,131712,0,231932,0,0,0,0,1,2,231932,2,113300,0,180864,0,0,0,259730,0,0,259730,0,1,0,1,0,62,133,1,6,210947,0,203746,9,3,0,0,316,0,-1,263296,66
113301,10,10,1950,61,55,248,2019,20,10,20,10,1,17,10,1,20,20,202,55,Hyderabad FC,10,0,-1,0,277567,0,5,-1,30,0,2,4,0,2,0,0,30000,0,1,775,113300,0,1,56,3,54,54,56,78,1,49,1,-1,53,1,0,0,277567,4194944,0,277567,0,0,0,0,0,6,277567,9,113301,0,574080,0,0,0,270742,0,0,277567,0,1,0,1,0,56,133,8,6,75222,0,277567,9,1,0,0,316,0,-1,525440,56
113302,75,52,4000,250,88,250,2013,71,52,69,169,1,12,75,1,69,61,250,88,Bengaluru FC,169,0,-1,0,190939,0,7,-1,50,0,2,4,0,5,0,0,24000,0,1,726,113299,0,1,62,3,62,62,68,77,1,60,1,-1,60,1,0,0,190939,263040,0,214784,0,0,0,0,2,2,214784,6,113302,0,4244352,0,0,0,190939,1,0,190939,0,1,0,1,0,62,133,5,6,190939,0,190939,9,3,0,0,316,0,-1,525696,68
113378,55,218,7850,1,255,1,2011,255,255,30,76,1,45,255,1,255,30,1,30,Sepsi OSK,255,0,-1,0,248041,0,7,-1,65,0,2,4,0,3,0,0,8400,4,1,738,110750,0,1,66,3,67,67,65,25,1,68,1,-1,66,1,0,0,248041,131600,0,248041,0,0,0,0,2,3,208739,4,113378,0,180752,0,0,1,236963,0,0,208739,0,0,0,5,0,66,24,2,2,276076,0,208739,2,3,0,0,316,0,-1,263184,65
113458,87,30,10150,1,169,1,1907,169,130,169,153,1,59,150,1,169,169,1,169,IK Sirius,220,0,-1,0,231500,0,3,-1,50,0,2,4,0,2,0,0,10250,0,1,620,433,2,1,62,15,62,62,64,17,1,62,1,-1,62,1,0,0,231500,262660,0,231500,0,0,0,0,0,3,231500,6,113458,0,4227588,0,0,0,227837,0,0,231500,0,0,0,7,0,62,97,6,1,260193,0,231500,2,1,0,0,316,0,-1,525316,64
113459,40,20,4200,255,250,255,2003,250,20,250,100,1,63,40,1,250,250,255,250,Kristiansund BK,120,0,-1,0,228667,0,3,-1,30,0,2,4,0,2,0,0,4444,3,1,623,417,2,1,61,15,61,60,62,7,3,60,0,-1,61,1,0,0,228667,4202816,0,268920,0,0,0,0,0,2,268920,5,113459,0,545088,0,0,0,198642,0,0,228667,0,0,0,7,0,61,199,7,1,268920,0,228667,2,1,0,0,316,0,-1,526656,62
113616,5,236,5930,255,251,248,1902,248,0,13,13,1,15,0,1,255,236,251,5,Grazer AK,0,0,-1,0,244522,0,5,-1,50,0,2,4,0,1,0,0,16364,0,1,194,209,0,1,62,3,64,62,65,47,2,63,0,-1,65,1,0,0,239393,263168,0,244522,0,0,0,0,4,2,244522,4,113616,0,4202496,0,0,0,181731,1,0,244522,0,1,0,4,0,64,124,8,1,239393,0,244522,2,1,0,0,316,0,-1,528384,66
113746,0,255,10500,255,255,255,1971,255,255,255,0,1,1,1,1,255,255,255,255,Técnico Universitario,1,0,-1,0,253328,0,1,-1,50,0,2,4,0,2,0,0,16467,0,0,784,110981,0,1,65,15,65,65,65,-78,3,63,0,-1,63,0,1,0,253328,270352,0,70197,0,0,0,0,0,2,279770,3,113746,0,4198416,0,0,0,279770,1,0,253328,0,0,0,1,0,65,74,4,-5,253356,0,253328,7,1,0,0,316,0,-1,526352,65
113888,30,30,28000,250,250,250,1951,250,0,250,30,1,41,0,1,250,250,250,250,Qarabağ FK,139,0,-1,0,206436,0,10,-1,50,0,2,4,0,4,0,0,5800,0,1,959,280,0,0,69,3,69,69,70,49,1,67,1,-1,67,1,0,0,72868,262784,0,206436,0,0,0,0,8,4,206436,6,113888,0,4244096,0,0,0,72877,0,0,206436,0,11,0,5,0,69,110,7,3,72868,0,206436,9,3,0,0,316,0,-1,525440,70
113926,1,255,2430,255,50,255,1940,1,1,1,1,1,53,1,1,1,1,255,50,Salford City,1,0,-1,0,192319,0,6,-1,65,0,1,4,0,1,0,0,5106,4,0,753,1931,0,2,62,1,62,62,63,-2,1,61,0,-1,61,0,0,0,192319,131600,2,192319,0,0,0,0,0,2,192319,1,113926,0,131600,0,0,0,240446,0,0,192319,0,0,0,3,0,63,135,2,0,207828,0,192319,2,1,0,0,316,0,-1,263184,65
113973,129,0,21000,250,248,250,1911,248,7,248,253,1,45,93,1,248,248,250,248,Brescia,168,0,-1,0,202489,0,4,-1,50,0,2,4,0,2,0,0,16743,3,1,71,115845,0,1,66,3,68,66,63,10,2,69,2,-1,69,1,0,0,202489,263168,0,202489,0,0,0,0,0,2,202489,4,113973,0,4235264,0,0,0,202489,0,0,202489,0,0,0,4,0,67,169,7,1,202489,0,202489,2,1,0,0,316,0,-1,528384,63
113974,250,250,30000,30,30,30,1906,30,184,30,250,1,44,150,1,30,30,30,30,Spezia,60,0,-1,0,252290,0,6,-1,65,0,2,4,0,3,0,0,11676,0,1,260,110556,0,1,69,3,69,70,66,9,1,70,1,-1,68,1,0,0,252290,131584,0,252290,0,0,0,0,0,3,252290,4,113974,0,164352,0,0,0,239998,0,0,252290,0,0,0,4,0,68,169,3,1,252290,0,252290,2,1,0,0,316,0,-1,263168,67
113984,1,1,0,254,30,254,1873,30,12,30,94,2,55,12,2,30,30,254,30,Scotland Women,104,0,-1,0,245882,0,10,-1,30,0,2,4,0,0,0,0,52500,0,1,186,113002,0,1,78,1,76,78,75,-4,2,75,0,-1,75,0,0,0,245882,4195392,0,245882,1,0,0,0,0,4,245882,0,113984,0,548928,0,0,0,245875,0,0,245882,0,0,0,3,0,76,110,0,1,265277,0,245882,2,2,0,0,366,0,-1,528448,75
113996,200,125,0,250,30,250,1993,30,100,30,255,1,-34,175,1,30,30,250,30,Argentina Women,225,0,-1,0,246364,0,10,-1,50,0,1,4,0,0,0,0,72054,0,0,0,113010,0,1,68,1,69,68,72,-58,3,70,0,-1,70,1,1,0,246364,270336,0,269679,1,0,0,0,0,5,246364,0,113996,0,4231168,0,0,0,246364,0,0,246364,0,0,0,1,0,69,110,0,-3,246364,0,246364,7,1,0,0,316,0,-1,526336,72
114004,255,255,4390,255,115,40,1939,40,1,255,255,1,50,1,1,255,255,115,255,Stal Mielec,255,0,-1,0,251089,0,2,-1,30,0,2,4,0,2,0,0,7000,22,1,819,111083,0,1,65,1,65,66,70,21,2,65,1,-1,63,0,0,0,188062,4195328,0,251089,0,0,0,0,0,2,188062,3,114004,0,548864,0,0,1,188062,0,0,188062,0,2,0,5,0,64,127,9,1,199647,0,188062,2,1,0,0,316,0,-1,528384,74
114019,0,0,0,0,255,0,2000,255,0,255,0,1,0,0,1,255,255,0,255,Look Book Character Team,0,0,-1,0,1,4,5,-1,50,0,0,4,0,5,0,0,0,0,0,0,1318,0,0,29,0,41,29,61,0,0,30,0,-1,30,0,0,0,279951,0,0,279951,0,0,0,0,0,2,279951,5,114019,0,0,0,2,0,279951,1,0,1,0,0,0,0,0,41,6,5,0,279955,0,279951,2,5,0,0,316,0,-1,0,61
114023,1,1,6000,50,1,50,2017,1,4,1,1,1,-37,122,1,1,1,220,1,Western United FC,57,0,-1,0,278156,0,5,-1,65,0,2,4,0,1,0,0,30050,0,1,311,112224,0,2,60,1,62,59,61,144,3,63,2,-1,61,1,0,0,253663,139264,2,278156,0,0,0,0,0,4,278156,1,114023,0,135168,0,0,0,232596,0,0,278156,0,1,0,3,0,61,117,8,10,190644,0,278156,2,2,0,0,316,0,-1,264192,63
114046,161,50,0,97,255,2,2000,255,220,255,186,1,0,220,1,255,255,77,255,FUT Custom Team 19,220,0,-1,0,1,4,5,-1,50,0,0,4,0,5,0,0,0,0,0,0,1318,0,0,0,0,0,0,0,0,0,0,0,-1,0,0,0,0,1,0,0,1,0,0,0,0,0,2,1,5,114046,0,0,0,2,0,1,1,0,1,0,0,0,0,0,0,6,5,0,1,0,1,2,5,0,0,316,0,-1,0,0
114147,1,255,3800,255,255,255,2015,255,1,255,1,1,45,1,1,255,255,255,255,FC Hermannstadt,1,0,-1,0,235269,0,4,-1,30,0,2,4,0,3,0,0,14000,0,0,715,113378,0,1,65,1,65,67,66,24,2,63,0,-1,63,1,0,0,235269,4195472,0,235269,0,0,0,0,0,3,235269,3,114147,0,549008,0,0,0,247978,0,0,235269,0,0,0,5,0,65,24,8,2,252484,0,235269,2,1,0,0,316,0,-1,528528,66
114161,12,12,230000,64,110,0,2019,110,12,110,12,1,30,12,1,110,110,177,110,Austin FC,12,0,-1,0,221125,0,4,-1,30,0,2,4,0,3,0,0,20500,0,0,853,698,0,1,69,0,68,69,71,-97,2,66,0,-1,66,1,0,0,205895,4195392,0,221125,0,0,0,0,0,1,221125,3,114161,0,548928,0,0,0,205895,0,0,221125,0,0,0,6,0,68,41,9,-6,221125,0,221125,7,1,0,0,366,0,-1,528448,71
114162,232,236,180000,70,1,31,2017,1,236,1,58,1,36,232,1,1,1,22,1,Nashville SC,58,0,-1,0,210021,0,6,-1,30,0,2,4,0,5,0,2,30000,0,1,806,112885,2,1,68,15,68,68,71,-86,2,69,2,-1,69,1,0,0,210021,4195392,0,210021,0,0,0,0,0,3,210021,5,114162,0,532544,0,0,0,212591,0,0,210021,0,0,0,6,0,68,41,5,-6,210021,0,210021,2,2,0,0,316,0,-1,528448,71
114168,32,217,1600,250,95,250,2017,20,33,50,46,1,22,63,1,50,20,250,95,Jamshedpur FC,103,0,-1,0,278674,0,3,-1,50,0,2,4,0,2,0,0,24424,0,1,732,113146,0,1,54,3,58,53,62,86,3,56,1,-1,58,1,0,0,248318,270400,0,278674,0,0,0,0,0,6,248318,5,114168,0,4247616,0,0,0,261425,0,0,278674,0,0,0,1,0,58,133,5,6,245653,0,278674,9,1,0,0,316,0,-1,526400,62
114326,30,240,18000,193,255,52,1921,255,255,30,30,1,50,255,1,255,200,97,30,Raków Częstochowa,255,0,-1,0,254822,0,9,-1,65,0,1,4,0,4,0,0,5500,0,1,750,301,0,1,68,1,69,70,65,19,1,67,1,-1,67,1,0,0,222467,131712,0,254822,0,0,0,0,2,3,254822,1,114326,0,164480,0,0,0,254822,1,0,254822,0,1,0,5,0,68,127,1,1,222467,0,254822,2,3,0,0,316,0,-1,263296,65
114385,27,135,10700,12,255,12,1907,255,255,255,58,1,46,255,1,255,255,12,255,CFR Cluj,255,0,-1,0,199572,0,9,-1,65,0,2,4,0,4,0,0,22198,0,1,701,110751,0,1,65,3,66,66,68,23,1,66,1,-1,66,1,0,0,199572,131840,0,199572,0,0,0,0,4,3,199572,6,114385,0,148224,0,0,0,199572,0,0,199572,0,8,0,5,0,66,24,2,2,199572,0,199572,2,4,0,0,316,0,-1,263424,69
114393,255,255,3100,173,255,1,1923,255,1,255,255,1,50,1,1,255,255,82,255,Puszcza Niepołomice,1,0,-1,0,238578,0,1,-1,50,0,2,4,0,2,0,0,15016,0,1,934,110747,0,1,63,1,65,66,63,19,2,64,1,-1,63,1,0,0,226025,263232,0,226025,0,0,0,0,0,1,226025,3,114393,0,4218944,0,0,1,226025,1,0,238578,0,0,0,5,0,63,127,4,1,276727,0,238578,2,1,0,0,316,0,-1,528448,66
114510,232,255,17000,22,215,114,1920,215,136,215,0,1,38,64,1,215,215,5,215,Casa Pia,0,0,-1,0,262985,0,2,-1,30,0,2,4,0,1,0,0,7000,0,1,281,10020,0,1,68,1,69,68,69,-9,3,69,1,-1,69,1,0,0,262985,4202752,0,262985,0,0,0,0,0,2,269420,3,114510,0,528640,0,0,0,221750,0,0,262985,0,0,0,4,0,69,183,7,0,211561,0,262985,2,1,0,0,316,0,-1,526592,69
114511,8,227,6000,52,249,43,2007,248,250,249,50,1,-12,250,1,249,248,115,249,Sport Huancayo,250,0,-1,0,253581,0,3,-1,50,0,2,4,0,3,0,0,17000,0,0,793,111010,0,1,69,3,67,69,65,-75,3,66,1,-1,66,0,1,0,253581,270720,0,186745,0,0,0,0,0,7,273769,5,114511,0,4215168,0,0,0,253581,1,0,253581,0,0,0,1,0,67,74,3,-5,273769,0,253581,7,2,0,0,316,0,-1,526720,65
114549,0,0,2800,250,255,250,2016,255,139,255,139,1,45,0,1,255,255,250,255,Gloria Buzău,0,0,-1,0,225359,0,2,-1,30,0,2,4,0,2,0,0,12321,0,1,955,131459,0,1,64,3,63,64,64,26,3,62,1,-1,63,1,0,0,225359,4202560,0,225359,0,0,0,0,0,2,225359,6,114549,0,544832,0,0,0,225359,1,0,225359,0,0,0,5,0,64,24,8,2,225359,0,225359,2,1,0,0,316,0,-1,526400,64
114577,250,250,10650,13,249,250,1933,248,250,249,250,1,-16,250,1,249,248,27,249,Always Ready,250,0,-1,0,274259,0,4,-1,30,0,2,4,0,3,0,0,25000,0,0,804,110969,0,1,62,3,63,62,62,-68,2,65,1,-1,65,1,1,0,274259,4195584,0,274259,0,0,0,0,0,2,274259,2,114577,0,565504,0,0,0,268070,1,0,274259,0,3,0,1,0,63,74,6,-4,274259,0,274259,7,2,0,0,316,0,-1,528640,62
114580,56,11,13000,32,249,245,1989,248,255,249,147,1,0,255,1,249,248,207,249,Delfín SC,255,0,-1,0,273539,0,5,-1,50,0,2,0,0,2,0,0,17834,0,0,782,110986,0,1,63,12,63,63,65,80,3,61,0,-1,61,0,1,0,273539,270656,0,273539,0,0,0,0,0,2,273539,5,114580,0,4198720,0,0,1,266214,1,0,273539,0,1,0,1,0,63,74,4,-5,273539,0,273539,7,2,0,0,316,0,-1,526656,65
114581,8,9,16000,253,249,38,1963,248,255,249,192,1,0,255,1,249,248,209,249,Universidad Católica del Ecuador,255,0,-1,0,228571,0,6,-1,50,0,2,0,0,3,0,0,35258,0,0,781,110986,0,1,67,3,67,67,68,-78,1,66,1,-1,66,1,1,0,228571,262784,0,228571,0,0,0,0,0,4,228571,4,114581,0,4211328,0,0,1,254062,0,0,228571,0,0,0,1,0,67,74,6,-5,231867,0,228571,7,1,0,0,316,0,-1,525440,68
114604,1,1,8571,255,1,255,2020,1,1,1,1,1,-34,1,1,1,1,255,1,Macarthur FC,1,0,-1,0,203280,0,1,-1,30,0,2,4,0,1,0,0,20000,0,1,472,111400,0,2,64,1,64,63,72,150,1,62,2,-1,63,1,0,0,199159,4194896,0,272562,0,0,0,0,1,4,272562,1,114604,0,524880,0,0,0,203280,0,0,203280,0,0,0,3,0,64,117,6,10,203280,0,203280,2,1,0,0,316,0,-1,525392,72
114628,20,151,4880,255,1,255,2013,1,1,38,38,1,23,1,1,1,151,255,20,Meizhou Hakka,1,0,-1,0,221888,4,4,-1,30,0,2,4,0,2,0,0,27000,0,0,895,116361,0,1,63,1,63,63,67,115,3,62,0,-1,62,1,0,0,221888,4202496,0,221888,0,0,0,0,0,2,221888,5,114628,0,544768,0,0,0,231956,0,0,221888,0,0,0,2,0,63,156,6,8,221888,0,221888,4,1,0,0,316,0,-1,526336,67
114640,133,26,170000,1,1,1,2021,1,255,1,200,1,35,255,1,1,1,1,1,Charlotte FC,255,0,-1,0,189280,0,2,-1,50,0,2,4,1,2,0,0,38000,0,1,817,112885,0,1,70,0,70,70,73,-80,3,69,2,-1,69,1,0,0,189280,270592,0,263377,0,0,0,0,0,1,263377,2,114640,0,4198656,0,0,0,189280,0,0,189280,0,0,0,6,0,70,41,2,-6,224301,0,189280,2,1,0,0,316,0,-1,526592,73
114815,174,0,0,250,255,250,2020,255,0,255,239,1,0,174,1,255,255,250,255,Soccer Aid,239,0,-1,0,1397,0,5,-1,50,0,0,4,0,5,0,0,0,0,0,0,111596,0,0,91,3,90,91,90,0,1,89,0,-1,89,0,0,0,1397,66176,0,1397,0,0,0,0,0,2,1397,5,114815,0,98944,0,0,0,237067,1,0,1397,0,0,0,0,0,90,141,5,0,237067,0,1397,2,5,0,0,316,0,-1,132224,90
115202,118,229,1400,245,255,245,2020,255,20,255,45,1,28,20,1,255,255,245,255,Punjab FC,20,0,-1,0,233525,0,2,-1,30,0,2,4,0,2,0,0,60254,0,1,925,113146,0,0,57,1,57,55,66,77,3,54,0,-1,54,0,0,0,233525,4202624,0,278192,0,0,0,0,0,2,278192,5,115202,0,561280,0,0,0,276752,0,0,233525,0,0,0,0,0,58,133,3,6,278192,0,233525,9,1,0,0,316,0,-1,526464,65
115472,255,255,5000,32,255,32,1931,255,255,255,255,1,-34,255,1,255,255,30,255,Deportivo Riestra,255,0,-1,0,215065,0,1,-1,30,0,2,4,0,1,0,2,3000,0,0,82,111710,0,1,64,15,66,64,68,-58,3,64,0,-1,65,0,0,0,215065,4202496,0,70053,0,0,0,0,0,2,70053,3,115472,0,528384,0,0,0,215065,1,0,215065,0,0,0,1,0,66,129,5,-3,243977,0,215065,7,1,0,0,316,0,-1,526336,69
115486,165,255,0,255,255,0,2020,255,0,255,0,1,0,0,1,255,255,0,255,Create Club Team,0,0,-1,0,1,4,1,-1,50,0,1,4,0,5,0,0,5000,0,0,0,631,0,0,0,0,0,0,0,0,3,0,0,-1,0,0,0,0,1,4198400,0,1,0,0,0,0,0,2,1,5,115486,0,526336,0,2,0,1,1,0,1,0,0,0,0,0,0,141,5,0,1,0,1,2,1,0,0,316,0,-1,526336,0
115491,126,9,5600,255,255,255,1999,255,10,255,39,1,-21,127,1,255,255,255,255,Real Tomayapo,40,0,-1,0,71248,0,1,-1,30,0,2,4,0,1,0,0,22000,0,0,942,112667,0,1,62,15,63,62,66,-64,2,63,0,-1,63,0,1,0,71248,4195328,0,264707,0,0,0,0,0,5,264707,1,115491,0,532480,0,0,0,71248,0,0,71248,0,0,0,1,0,63,74,6,-4,71248,0,71248,7,1,0,0,316,0,-1,528384,66
115530,138,1,20750,9,255,0,2001,255,255,255,42,1,-15,219,1,255,255,81,255,Cuiabá,1,0,-1,0,230411,0,1,-1,50,0,1,4,0,2,0,0,42968,0,0,855,112472,0,1,69,3,70,69,71,-56,3,71,0,-1,71,1,0,0,230376,263488,0,230376,0,0,0,0,0,2,230376,3,115530,0,4235584,0,0,0,230354,1,0,230411,0,0,0,1,0,70,74,6,-3,230445,0,230411,7,1,0,0,316,0,-1,528704,71
115536,250,250,5000,118,250,0,2002,250,0,250,250,1,-32,0,1,250,250,45,250,Cerro Largo,150,0,-1,0,273541,0,2,-1,65,0,1,4,0,2,0,0,15000,0,0,796,111326,0,1,64,12,65,64,67,-54,2,66,1,-1,66,0,0,0,273541,132176,0,273541,0,0,0,0,0,3,273541,3,115536,0,155728,0,0,1,223855,0,0,273541,0,0,0,1,0,65,74,7,-3,211435,0,273541,7,1,0,0,316,0,-1,266320,67
115682,10,210,0,2,215,0,1914,215,20,215,15,2,38,130,2,215,215,100,215,Portugal Women,0,0,-1,0,261829,0,10,-1,30,0,2,4,0,0,0,0,32830,0,1,281,113012,0,1,75,1,75,75,74,-9,1,75,1,-1,75,1,0,0,261829,4194880,0,261843,1,0,0,0,0,4,261843,0,115682,0,557632,0,0,0,261829,0,0,261829,0,0,0,4,0,75,141,0,0,261855,0,261829,2,4,0,0,366,0,-1,525376,74
115841,69,50,220000,250,69,250,1900,50,102,171,171,2,41,178,2,171,50,250,69,Lazio,255,0,-1,0,251530,0,8,-1,50,0,1,4,0,8,0,0,70634,0,1,408,52,0,1,79,1,79,80,80,12,1,79,1,-1,78,1,0,0,251530,263056,0,248729,0,0,0,0,7,3,220502,5,115841,0,4244368,0,0,0,220502,0,0,251530,0,2,0,4,0,79,136,6,1,220502,0,251530,2,7,0,0,366,0,-1,525712,81
115845,12,12,400000,180,12,30,1907,12,250,12,12,2,45,250,2,12,12,100,12,Atalanta,250,0,-1,0,251470,0,7,-1,50,0,2,4,0,7,0,0,24276,0,1,45,113973,0,1,78,1,80,79,80,9,1,78,1,-1,78,1,0,0,251470,262784,1,251470,0,0,0,0,1,3,251470,10,115845,1,4244096,0,0,0,208461,1,1,251470,0,0,0,4,0,79,136,3,1,208461,0,251470,2,6,0,0,366,0,-1,525440,81
115995,0,255,100000,255,255,255,1900,255,1,0,0,2,48,1,2,255,255,255,0,Bayern München,1,0,-1,0,239344,0,10,-1,65,0,2,4,0,10,0,0,2500,1,1,333,115998,0,1,83,1,83,83,82,11,1,83,1,-1,82,0,0,0,243404,131584,0,239344,1,0,0,0,1,1,247788,7,115995,0,147968,0,0,0,264886,0,0,247788,0,5,0,0,0,82,157,1,1,243404,0,247788,2,8,0,0,366,0,-1,263168,85
115996,1,255,10000,1,0,1,1904,0,255,0,1,2,51,255,2,0,255,1,0,Bayer 04 Leverkusen,255,0,-1,1,264922,0,7,-1,50,0,2,4,0,5,0,0,30210,0,1,277,116003,0,1,73,1,75,74,71,7,3,75,1,-1,74,0,0,0,264924,270336,0,73014,1,0,0,0,0,2,73014,6,115996,0,4247552,0,0,0,264915,1,0,264922,0,0,0,0,0,74,157,3,1,73014,0,264922,2,6,0,0,366,0,-1,526336,71
115997,1,1,50000,255,1,255,1899,1,227,1,1,2,50,6,2,1,1,255,1,Eintracht Frankfurt,19,0,-1,0,265121,0,8,-1,65,0,2,4,0,7,0,0,58000,0,1,167,115998,0,1,80,1,79,81,80,8,3,79,1,-1,78,1,0,0,265121,135168,0,264933,1,0,4,0,9,3,264933,8,115997,0,182272,0,0,0,261773,0,0,265121,0,7,0,4,0,79,157,2,1,261773,0,265121,2,8,0,0,366,0,-1,264192,80
115998,180,100,80500,255,210,255,1945,210,90,210,45,2,52,225,2,210,210,255,210,VfL Wolfsburg,2,0,-1,0,253417,0,10,-1,90,0,2,4,0,6,0,0,5200,0,1,530,115997,0,1,82,1,82,83,83,10,1,80,1,-1,80,1,0,0,227337,66176,3,227337,1,0,2,0,9,2,227337,6,115998,0,115328,0,0,0,226302,0,0,226302,0,7,0,4,0,82,157,1,1,226302,0,226302,2,9,0,0,366,0,-1,132224,83
115999,0,0,13000,255,255,255,1899,255,1,255,255,2,49,48,2,255,0,255,0,TSG 1899 Hoffenheim,91,0,-1,0,264982,0,8,-1,50,0,2,4,0,4,0,0,30150,0,1,450,115997,0,1,76,1,76,77,78,8,2,71,1,-1,71,0,0,0,264982,263168,0,272657,1,0,0,0,0,2,272657,6,115999,0,4251648,0,0,0,265020,0,0,264982,0,0,0,0,0,76,157,3,1,264982,0,264982,2,4,0,0,366,0,-1,528384,78
116000,102,0,4000,255,255,255,1971,255,0,204,204,1,52,102,1,255,0,255,102,1. FFC Turbine Potsdam,204,0,-1,1,271795,0,3,-1,30,0,2,4,0,4,0,0,10000,0,1,886,115997,0,1,70,1,69,68,69,13,2,68,1,-1,69,0,0,0,271795,4195328,0,226309,1,0,2,0,0,2,226309,6,116000,0,548864,0,0,0,226309,0,0,271795,0,0,0,0,0,70,157,6,1,226309,0,271795,2,2,0,0,316,0,-1,528384,69
116001,0,127,4000,255,255,255,1968,255,0,255,255,2,51,0,2,255,127,255,0,SGS Essen,0,0,-1,1,272338,0,4,-1,50,0,2,4,0,5,0,0,20650,0,1,656,115996,0,1,73,1,73,72,74,7,3,73,1,-1,73,0,0,0,272338,270336,0,272338,1,0,0,0,0,2,272338,6,116001,0,4247552,0,0,0,265033,0,0,272338,0,0,0,0,0,73,157,8,1,272338,0,272338,2,3,0,0,316,0,-1,526336,74
116002,0,255,10000,1,255,1,1904,255,255,0,0,2,48,255,2,255,255,1,0,SC Freiburg,255,0,-1,0,279693,0,7,-1,50,0,1,4,0,5,0,0,34700,1,1,168,115999,0,1,72,1,76,72,77,7,2,77,1,-1,76,0,0,0,265069,263168,0,279693,1,0,0,0,0,2,279693,6,116002,0,4218880,0,0,0,265069,0,0,279693,0,0,0,0,0,75,157,5,1,271839,0,279693,2,6,0,0,366,0,-1,528384,77
116003,1,255,5000,255,255,255,1948,255,1,51,1,2,50,1,2,255,255,255,51,1. FC Köln,1,0,-1,1,265001,0,3,-1,30,0,1,4,0,3,0,0,50000,1,1,249,115996,0,1,75,1,73,75,74,6,3,74,1,-1,74,0,0,0,265001,4202496,0,264940,1,0,0,0,0,2,264940,5,116003,0,577536,0,0,0,265007,0,0,265001,0,0,0,0,0,74,157,4,1,265001,0,265001,2,2,0,0,366,0,-1,526336,72
116004,129,1,6000,255,255,255,1899,255,1,255,73,2,53,81,2,255,255,255,255,Werder Bremen,52,0,-1,1,73023,0,3,-1,50,0,2,4,0,5,0,0,42100,25,1,70,116001,0,1,72,1,74,72,72,8,2,74,1,-1,73,0,0,0,265126,263168,0,265126,1,0,0,0,0,2,265126,7,116004,0,4251648,0,0,0,265119,0,0,73023,0,0,0,0,0,73,157,5,1,265119,0,73023,2,2,0,0,316,0,-1,528384,73
116005,103,0,2000,0,255,248,1903,255,255,225,207,1,50,255,1,255,245,236,245,FC Carl Zeiss Jena,255,0,-1,0,72475,0,2,-1,30,0,1,4,4,2,0,0,12990,0,1,610,116004,0,1,67,1,66,65,70,11,3,65,1,-1,68,1,0,0,72475,4202496,0,265147,1,0,0,0,0,2,265147,6,116005,0,544768,0,0,0,72475,0,0,72475,0,0,0,0,0,68,157,7,1,72475,0,72475,2,2,0,0,316,0,-1,526336,69
116009,26,218,107040,255,1,255,1886,1,211,1,53,3,51,197,3,1,1,255,1,Arsenal,75,0,-1,0,265239,0,9,-1,90,0,2,4,0,10,0,0,4500,0,1,285,116010,0,1,85,1,84,86,82,0,1,84,0,-1,83,0,0,0,265239,66176,0,239761,1,0,1,0,14,2,245802,9,116009,0,115328,0,0,0,245872,0,0,239761,0,15,0,3,0,83,146,1,0,239761,0,265239,2,8,0,0,366,0,-1,132224,83
116010,20,0,105110,255,85,255,1905,48,28,200,137,3,51,75,3,200,48,255,85,Chelsea,160,0,-1,0,227323,0,10,-1,90,0,1,4,0,9,0,0,4850,0,1,285,116009,0,1,81,1,84,82,86,0,1,85,0,-1,83,0,0,0,227323,66176,0,227323,1,0,0,0,5,2,227323,8,116010,0,115328,0,0,0,238257,0,0,227323,0,7,0,3,0,83,146,1,0,227323,0,227323,2,9,0,0,366,0,-1,132224,86
116011,255,255,37730,75,37,15,1882,29,153,110,255,2,51,177,2,110,29,32,37,Tottenham Hotspur,211,0,-1,0,265262,0,6,-1,50,0,1,4,0,5,0,0,6500,0,1,285,116009,0,1,75,1,75,74,79,0,3,76,0,-1,78,0,0,0,265262,266304,0,266598,1,0,0,0,0,2,265262,6,116011,0,4196416,0,0,0,256489,0,0,265252,0,0,0,3,0,77,146,5,0,265262,0,265262,2,6,0,0,366,0,-1,526400,78
116012,1,199,95290,255,1,255,1878,1,30,1,1,2,53,30,2,1,1,255,1,Manchester United,30,0,-1,0,265275,0,8,-1,50,0,2,4,0,8,0,0,12000,0,1,300,116017,0,1,78,1,78,78,80,-2,1,79,0,-1,80,0,0,0,247797,262784,0,265275,1,0,0,0,0,1,265293,7,116012,0,4244096,0,0,0,265293,0,0,265275,0,0,0,3,0,79,146,2,0,265293,0,265275,2,7,0,0,366,0,-1,525440,79
116013,57,0,25730,255,99,255,1901,72,240,168,166,2,51,171,2,168,72,255,99,Brighton & Hove Albion,0,0,-1,0,227201,0,3,-1,50,0,1,4,0,4,0,0,6134,5,1,74,116014,0,1,77,1,75,78,76,0,2,75,0,-1,73,0,0,0,227201,263232,0,227201,1,0,0,0,0,3,227201,7,116013,0,4202560,0,0,0,227201,0,0,227201,0,0,0,3,0,75,146,8,0,227255,0,227201,2,2,0,0,366,0,-1,528448,76
116014,37,123,52570,231,38,27,1895,16,100,32,57,2,51,30,2,32,16,177,38,West Ham United,60,1,-1,0,227348,0,4,-1,30,0,1,4,0,2,0,0,6078,0,1,285,116011,0,1,76,1,74,77,76,0,2,70,0,-1,73,0,0,0,273687,4195392,0,245889,1,0,0,0,0,1,245889,7,116014,0,565312,0,0,0,265300,0,0,227348,0,0,0,3,0,75,146,5,0,227348,0,227348,2,4,0,0,366,0,-1,528448,76
116015,0,102,38730,229,184,148,1874,139,124,51,51,2,52,47,2,226,102,190,0,Aston Villa,78,0,-1,0,227257,0,4,-1,50,0,1,4,0,5,0,0,11300,0,1,54,116020,0,1,80,1,79,81,77,-1,2,79,0,-1,77,0,0,0,227257,263168,0,265274,1,0,0,0,0,2,227257,4,116015,0,4251648,0,0,0,235657,0,0,227257,0,0,0,3,0,78,146,7,0,235657,0,227257,2,4,0,0,366,0,-1,528384,77
116016,54,0,63550,255,54,255,1878,0,45,156,156,2,53,99,2,156,0,255,54,Everton,201,0,-1,0,265217,0,5,-1,50,0,1,4,0,4,0,0,2000,14,1,282,116343,0,1,74,1,74,74,79,-2,3,74,0,-1,71,0,0,0,265217,270464,0,265217,1,0,0,0,1,1,265217,3,116016,0,4247680,0,0,0,265334,0,0,271739,0,1,0,3,0,74,146,5,0,244059,0,265217,2,3,0,0,366,0,-1,526464,80
116017,173,108,81430,255,177,255,1880,133,0,222,233,2,53,40,2,222,133,255,177,Manchester City,94,0,-1,0,240714,0,8,-1,50,0,1,4,1,8,0,0,7000,0,1,300,116012,0,1,83,1,81,82,82,-2,1,79,0,-1,80,0,0,0,227254,262672,0,248799,1,0,0,0,3,1,275906,8,116017,0,4243984,0,0,0,227254,0,0,227254,0,1,0,3,0,81,146,3,0,246219,0,227254,2,7,0,0,366,0,-1,525328,82
116020,51,0,9940,255,77,255,1884,37,57,173,160,2,52,101,2,173,37,255,77,Leicester City,189,0,-1,0,277963,0,4,-1,50,0,1,4,0,3,0,0,32261,0,1,272,116015,0,1,68,1,73,66,75,-1,3,72,0,-1,73,0,0,0,262867,270400,0,277963,1,0,0,0,0,2,277963,5,116020,0,4198464,0,0,0,277963,0,0,277963,0,0,0,3,0,74,146,8,0,275398,0,277963,2,2,0,0,366,0,-1,526400,75
116021,255,255,5000,65,175,221,2009,175,218,175,255,2,51,218,2,175,175,7,175,RB Leipzig,218,0,-1,0,265377,0,3,-1,50,0,2,4,0,5,0,0,47800,1,1,273,116000,0,1,74,1,73,73,79,12,3,72,1,-1,72,1,0,0,265377,270336,0,265377,1,0,0,0,0,2,265377,6,116021,0,4247552,0,0,0,265385,0,0,265377,0,0,0,4,0,73,157,5,1,265377,0,265377,2,2,0,0,316,0,-1,526336,79
116033,0,217,102000,136,250,39,1950,250,210,250,34,3,45,180,3,250,250,66,250,Olympique Lyonnais,83,0,-1,0,265674,0,10,-1,90,0,2,4,0,10,0,0,59186,0,1,293,116034,0,1,84,1,86,84,85,4,2,86,1,-1,85,1,0,0,265674,66688,0,265674,1,0,8,0,10,2,265674,6,116033,0,123008,0,0,0,227316,0,0,265674,0,17,0,4,0,85,141,1,1,227316,0,265674,2,10,0,0,366,0,-1,135296,86
116034,62,1,94000,41,62,200,1970,1,255,116,116,2,48,255,2,116,1,42,62,Paris Saint-Germain,255,0,-1,0,237197,0,9,-1,65,0,1,4,0,9,0,0,47929,0,1,373,116033,0,1,80,1,81,80,77,2,1,80,1,-1,80,1,0,0,233662,131712,0,233662,1,0,0,0,4,5,233662,8,116034,0,164480,0,0,0,264884,0,0,233662,0,1,0,4,0,80,141,1,1,233662,0,233662,2,9,0,0,366,0,-1,263296,78
116035,33,14,18000,17,30,232,1969,30,80,30,92,2,48,112,2,30,30,32,30,Paris FC,189,0,-1,0,227326,0,8,-1,65,0,2,4,0,6,0,0,18850,0,1,373,116034,0,1,80,1,79,82,83,2,1,75,1,-1,75,0,0,0,241546,131712,0,227326,1,0,0,0,1,2,227326,7,116035,0,164480,0,0,0,227326,0,0,265860,0,6,0,4,0,79,141,4,1,227326,0,227326,2,4,0,0,366,0,-1,263296,84
116036,43,230,9000,74,30,73,1970,30,1,30,64,2,48,1,2,30,30,69,30,FC Fleury 91,1,0,-1,0,227351,0,7,-1,50,0,2,4,0,4,0,0,2490,0,1,883,116035,2,1,77,15,75,76,74,2,2,70,1,-1,72,0,0,0,264961,263296,0,227351,1,0,0,0,0,2,265843,5,116036,0,4235392,0,0,0,227351,1,0,265843,0,0,0,4,0,76,141,6,1,227351,0,265843,2,3,0,0,366,0,-1,528512,74
116037,89,233,12000,124,30,2,1974,30,255,30,33,2,43,255,2,30,30,64,30,Montpellier HSC,255,0,-1,0,265857,0,7,-1,50,0,2,4,0,4,0,0,500,0,1,326,116033,0,1,74,1,76,75,75,3,1,78,1,-1,76,0,0,0,264866,262656,0,264866,1,0,0,0,3,2,264866,5,116037,0,4227584,0,0,0,231347,0,0,265857,0,2,0,4,0,76,141,5,1,231347,0,265857,2,3,0,0,366,0,-1,525312,75
116039,21,215,2500,255,250,255,1998,250,111,250,52,2,47,9,2,250,250,255,250,Dijon FCO,18,0,-1,0,265878,0,2,-1,30,0,0,4,0,2,0,0,1500,9,1,136,116040,2,1,72,15,70,69,73,5,3,69,1,-1,72,0,0,0,265878,4202496,0,265878,1,0,0,0,0,1,265878,6,116039,0,528384,0,0,0,265879,0,0,265878,0,0,0,4,0,72,141,8,1,265878,0,265878,2,1,0,0,316,0,-1,526336,73
116040,83,222,7750,51,114,255,1931,22,255,50,90,1,49,255,1,50,22,40,114,Stade de Reims,255,0,-1,0,265901,0,6,-1,30,0,2,4,0,3,0,0,1000,0,1,399,116037,2,1,70,15,71,72,72,4,2,71,1,-1,71,0,0,0,265901,4195328,0,267673,1,0,0,0,0,2,267673,10,116040,0,532480,0,0,0,265901,0,0,267673,0,5,0,0,0,71,141,6,1,267673,0,265901,2,2,0,0,316,0,-1,528384,73
116042,28,237,3500,1,114,1,1912,22,255,50,36,1,48,255,1,50,22,1,114,En Avant Guingamp,255,0,-1,0,264979,0,2,-1,30,0,0,4,0,2,0,0,1960,8,1,201,116039,0,1,70,1,70,69,71,-3,2,71,1,-1,73,0,0,0,265941,4195328,0,264979,1,0,0,0,0,2,264979,5,116042,0,532480,0,0,0,265941,0,0,265941,0,1,0,4,0,71,141,9,1,276767,0,264979,2,1,0,0,316,0,-1,528384,71
116044,130,0,4000,250,255,250,1919,255,30,255,45,1,49,130,1,255,255,250,255,AS Saint-Étienne,76,0,-1,0,265968,0,3,-1,30,0,1,4,0,2,0,0,1250,0,1,414,116033,0,1,72,0,70,72,74,2,3,70,1,-1,72,0,0,0,265968,4202560,0,265968,1,0,0,0,1,3,267661,3,116044,0,528448,0,0,1,268659,0,0,268659,0,0,0,0,0,71,141,7,1,265968,0,265968,2,2,0,0,316,0,-1,526400,74
116263,224,123,11000,250,255,250,1929,255,123,255,251,1,-12,224,1,255,255,250,255,Asociación Deportiva Tarma,251,0,-1,0,225704,0,3,-1,50,0,2,0,0,2,0,0,6000,0,0,947,114511,0,0,65,3,65,65,65,-77,1,65,1,-1,65,0,0,0,225704,262976,0,225704,0,0,0,0,0,3,225704,3,116263,0,4211520,0,0,0,279075,1,0,225704,0,0,0,1,0,65,74,6,-5,255201,0,225704,7,1,0,0,316,0,-1,525632,65
116280,255,255,65000,30,25,30,1897,25,248,25,255,2,45,151,2,25,25,30,25,Juventus,170,0,-1,0,266933,0,10,-1,50,0,2,4,0,6,0,0,41507,0,1,485,116326,0,1,80,1,80,80,78,7,2,79,1,-1,79,1,0,0,266933,263296,0,266933,1,0,0,0,2,4,266996,5,116280,0,4235392,0,0,1,266933,0,0,266933,0,5,0,4,0,80,110,4,1,227073,0,266933,2,5,0,0,366,0,-1,528512,78
116282,0,150,50000,250,74,250,1927,53,250,117,0,2,41,187,2,117,53,250,74,Roma,0,0,-1,0,266970,0,9,-1,50,0,1,4,0,7,0,0,70634,0,1,408,116280,0,1,83,1,79,83,80,12,2,78,1,-1,78,1,0,0,227069,263168,0,266970,1,0,0,0,2,2,227095,5,116282,0,4202496,0,0,0,266970,0,0,227095,0,2,0,4,0,79,110,3,1,227095,0,227095,2,5,0,0,366,0,-1,528384,80
116292,255,255,5000,31,255,216,2005,255,254,255,255,1,-17,254,1,255,255,3,255,Universitario de Vinto,254,0,-1,0,225708,0,1,-1,50,0,2,0,0,1,0,0,32000,0,0,943,110974,0,1,62,1,62,62,60,-66,1,61,0,-1,61,0,1,0,225708,262656,0,215335,0,0,0,0,0,2,215335,3,116292,0,4194816,0,0,0,70208,1,0,225708,0,0,0,1,0,62,74,5,-4,228085,0,225708,7,1,0,0,316,0,-1,525312,60
116295,117,38,9500,255,255,255,1936,255,38,255,192,1,-25,117,1,255,255,255,255,Sportivo Ameliano,192,0,-1,0,240292,0,2,-1,30,0,2,4,0,2,0,0,44164,0,0,771,112671,0,1,65,0,65,65,58,-57,3,65,1,-1,65,0,1,0,240292,4202496,0,240292,0,0,0,0,1,4,240292,4,116295,0,528384,0,0,0,240292,0,0,240292,0,0,0,1,0,65,74,7,-3,240292,0,240292,7,1,0,0,316,0,-1,526336,58
116300,255,255,54155,147,211,1,2012,211,231,211,255,2,47,36,2,211,211,51,211,Seattle Reign FC,36,0,-1,0,266549,0,8,-1,50,0,2,4,0,5,0,0,37722,0,1,440,116302,2,1,77,15,76,77,76,-122,2,74,0,-1,74,1,0,0,266549,263488,0,233246,1,0,0,0,0,2,233246,6,116300,0,4219200,0,0,0,233246,0,0,266549,0,0,0,6,0,76,76,5,-8,247512,0,266549,2,5,0,0,366,0,-1,528704,76
116302,1,1,60615,31,1,151,2012,1,26,1,1,2,46,86,2,1,1,30,1,Portland Thorns FC,50,0,-1,0,267223,0,9,-1,65,1,1,0,0,5,0,0,25218,0,1,384,116300,2,1,78,15,79,78,82,123,2,76,1,-1,76,1,0,0,267217,132224,0,267217,1,0,0,0,1,3,267217,8,116302,0,172160,0,0,0,226177,1,0,267217,0,3,0,6,0,79,76,3,-8,264012,0,267217,2,5,0,1,366,0,-1,266368,82
116303,44,1,48494,255,255,255,2017,255,171,255,100,2,35,29,2,255,255,255,255,North Carolina Courage,55,0,-1,0,266091,0,9,-1,30,1,2,4,0,3,0,0,10000,0,1,891,116302,0,1,76,0,77,76,69,-77,1,77,0,-1,77,1,0,0,265862,4194944,0,265862,1,0,0,0,2,2,265862,7,116303,0,524928,0,0,0,267238,0,0,266091,0,2,0,6,0,77,76,5,-5,265862,0,266091,2,5,0,0,366,0,-1,525440,69
116304,24,16,50344,46,255,196,2012,255,255,255,34,2,38,255,2,255,255,20,255,Washington Spirit,255,0,-1,0,71562,0,8,-1,65,0,1,4,0,4,0,0,20000,0,1,522,116310,0,1,76,3,78,76,81,-77,2,76,0,-1,76,1,0,0,71562,132480,0,71562,1,0,0,0,0,2,71562,4,116304,0,188800,0,0,0,266816,1,0,71562,0,1,0,6,0,78,76,2,-5,243263,0,71562,2,5,0,0,366,0,-1,266624,81
116305,255,255,55924,25,255,17,2006,255,149,255,255,2,41,165,2,255,255,20,255,Chicago Red Stars,194,0,-1,0,232073,0,4,-1,30,0,2,4,0,3,0,0,28000,0,1,607,116310,0,1,74,3,76,74,68,-87,1,75,0,-1,75,1,0,0,232073,4195136,0,232073,1,0,0,0,0,9,232073,3,116305,0,541504,0,0,0,226335,0,0,232073,0,0,0,6,0,76,76,9,-6,232073,0,232073,2,5,0,0,366,0,-1,525632,68
116306,102,249,45500,255,255,255,2013,255,1,255,58,2,30,1,2,255,255,255,255,Houston Dash,1,0,-1,0,226988,0,4,-1,50,0,1,4,0,2,0,0,21000,16,1,220,116307,0,1,77,1,76,77,77,-95,2,73,0,-1,73,1,0,0,274139,263552,0,274139,1,0,0,0,1,1,274139,7,116306,0,4202880,0,0,0,238212,0,0,226988,0,0,0,6,0,76,76,5,-6,267237,0,226988,2,5,0,0,366,0,-1,528768,77
116307,51,99,41955,1,255,1,2015,255,255,255,148,2,28,255,2,255,255,1,255,Orlando Pride,255,0,-1,0,226890,0,4,-1,30,0,2,4,0,4,0,0,25500,5,1,360,116306,0,1,77,3,77,77,78,-81,1,75,0,-1,75,1,0,0,226890,4195072,0,226890,1,0,0,0,0,4,226890,4,116307,0,557824,0,0,0,226890,0,0,226890,0,0,0,6,0,77,76,3,-5,226890,0,226890,2,5,0,0,366,0,-1,525568,78
116308,180,201,43828,45,255,16,2019,255,255,255,246,2,38,255,2,255,255,1,255,Racing Louisville FC,255,0,-1,0,267318,0,2,-1,30,0,2,4,0,2,0,0,11700,0,1,890,116309,0,1,75,0,76,75,76,-85,2,77,0,-1,77,1,0,0,267318,4195584,0,267318,1,0,0,0,0,2,267318,8,116308,0,549120,0,0,0,233341,0,0,267318,0,0,0,6,0,76,76,8,-5,267318,0,267318,2,5,0,0,366,0,-1,528640,76
116309,231,152,69940,255,255,255,2020,255,1,255,228,2,39,1,2,255,255,255,255,Kansas City Current,1,0,-1,0,267343,0,5,-1,90,0,1,0,0,6,0,0,11500,0,1,240,116308,0,1,78,1,79,78,81,-95,3,77,0,-1,77,0,0,0,226893,69760,0,267343,1,0,0,0,0,2,226893,2,116309,0,100480,0,0,0,267336,0,0,226893,0,0,0,6,0,79,76,4,-6,267336,0,226893,2,5,0,0,366,0,-1,133248,81
116310,240,168,44768,1,1,1,2007,1,255,1,246,2,40,255,2,1,1,1,1,NJ / NY Gotham FC,255,0,-1,0,273469,0,7,-1,65,0,1,4,0,4,0,0,25000,1,1,340,116305,0,1,79,1,80,79,79,-74,1,77,0,-1,77,1,0,0,273469,131712,0,232075,1,0,0,0,0,2,273469,5,116310,0,180864,0,0,0,236640,0,0,273469,0,1,0,6,0,80,76,5,-5,236640,0,273469,2,5,0,0,366,0,-1,263296,79
116311,140,234,163800,1,1,1,2020,1,255,1,127,2,34,255,2,1,1,1,1,Angel City FC,255,0,-1,0,243403,0,4,-1,65,0,1,4,0,7,0,0,22000,9,1,606,116312,0,1,74,1,76,74,81,-118,2,74,0,-1,74,1,0,0,243403,132368,0,243403,1,0,0,0,0,2,243403,4,116311,0,155920,0,0,0,267367,0,0,243403,0,0,0,6,0,76,76,4,-8,243403,0,243403,2,5,0,0,366,0,-1,266512,81
116312,42,1,83926,255,255,255,2021,255,252,255,98,2,32,17,2,255,255,255,255,San Diego Wave FC,151,0,-1,0,228724,0,7,-1,50,0,2,4,0,5,0,0,35000,0,1,889,116311,0,1,78,14,77,78,73,-117,3,79,0,-1,79,1,0,0,228724,266368,0,228724,1,0,0,0,0,3,243264,5,116312,0,4212864,0,0,0,237673,0,0,228724,0,0,0,6,0,77,76,3,-8,243264,0,228724,2,5,0,0,366,0,-1,526464,73
116323,18,32,8500,6,255,255,1935,255,255,255,130,1,-25,255,1,255,255,217,255,Sportivo Trinidense,255,0,-1,0,71074,0,1,-1,30,0,2,4,0,2,0,0,44164,0,0,771,101108,0,1,62,0,63,62,61,-57,3,63,0,-1,63,0,1,0,71074,4202496,0,71074,0,0,0,0,0,5,71074,4,116323,0,528384,0,0,0,209006,0,0,71074,0,0,0,1,0,63,74,1,-3,254746,0,71074,7,1,0,0,316,0,-1,526336,61
116325,57,3,180000,60,200,154,1899,200,255,200,128,3,41,231,3,200,200,0,200,FC Barcelona,0,0,-1,0,227102,4,10,-1,90,0,2,4,0,10,0,0,99354,0,2,36,116326,0,1,88,1,86,88,85,2,1,86,0,-1,85,2,0,0,227102,66192,0,236479,1,0,3,0,10,3,227102,8,116325,0,115344,0,0,0,227203,0,0,227102,0,9,0,4,0,85,149,1,1,241667,0,227102,2,10,0,0,366,0,-1,132240,86
116326,255,255,91000,130,1,45,1902,1,225,1,255,2,40,225,2,1,1,65,1,Real Madrid,255,0,-1,0,258576,0,9,-1,65,0,2,4,0,10,0,0,6000,0,2,295,116325,0,1,81,1,80,81,80,-3,3,80,0,-1,80,2,0,0,258576,135296,0,245879,1,0,0,0,0,4,258576,6,116326,0,182400,0,0,0,258789,0,0,258576,0,0,0,4,0,81,149,1,1,262457,0,258576,2,7,0,0,366,0,-1,264320,80
116327,0,255,77000,108,255,25,1903,255,255,255,0,2,40,254,2,255,255,31,255,Atlético de Madrid,254,0,-1,0,265280,0,9,-1,50,0,2,4,0,6,0,0,68456,0,1,295,116326,0,1,79,1,79,79,80,-3,2,77,1,-1,78,1,0,0,265280,263168,0,265280,1,0,0,0,2,2,265280,7,116327,0,4218880,0,0,0,227204,0,0,265280,0,4,0,4,0,79,149,3,1,246630,0,265280,2,6,0,0,366,0,-1,528384,80
116328,10,190,22000,255,255,255,1898,255,205,255,30,2,43,30,2,255,255,255,255,Athletic Club de Bilbao,30,0,-1,0,272135,0,5,-1,50,0,2,4,0,5,0,0,53331,0,2,53,116336,0,0,76,1,77,76,72,-2,3,79,0,-1,77,2,0,0,272123,270352,0,272123,1,0,0,0,0,4,272135,10,116328,0,4247568,0,0,0,271942,0,0,272135,0,5,0,4,0,76,149,5,1,246286,0,272135,2,4,0,0,366,0,-1,526352,72
116330,150,1,20000,255,90,255,1907,1,10,1,85,1,37,140,1,1,1,255,90,Real Betis Balompié,90,0,-1,0,275779,0,3,-1,30,0,2,4,0,4,0,0,60721,0,1,445,116337,0,1,72,1,71,72,71,-5,1,70,0,-1,68,2,0,0,275779,4194880,0,272265,1,0,0,0,0,2,272265,5,116330,0,574016,0,0,0,262460,1,0,275779,0,0,0,4,0,70,149,7,1,262460,0,275779,2,2,0,0,316,0,-1,525376,71
116331,74,52,2000,98,255,219,1940,255,70,255,132,1,43,90,1,255,255,55,255,SD Eibar,150,0,-1,0,275587,4,1,-1,30,0,2,4,0,4,0,0,8164,0,2,149,116336,0,1,72,0,71,72,71,-2,2,72,0,-1,72,2,0,0,275587,4195328,0,275587,1,0,0,0,0,2,275587,2,116331,0,565248,0,0,0,275586,0,0,275587,0,0,0,4,0,72,149,10,1,275587,0,275587,2,1,0,0,316,0,-1,528384,72
116332,66,1,10000,255,255,255,2013,255,0,255,138,2,28,254,2,255,255,255,255,Costa Adeje Tenerife,254,0,-1,0,264089,0,6,-1,50,0,2,4,0,3,0,0,1102,0,0,954,116325,2,1,72,1,74,72,75,-16,3,72,1,-1,74,0,0,0,264089,270416,0,264089,1,0,0,0,0,2,264089,6,116332,0,4247632,0,0,0,272228,0,0,264089,0,0,0,4,0,74,149,7,1,272232,0,264089,2,4,0,0,366,0,-1,526416,76
116333,90,15,25000,0,50,147,1909,20,30,60,150,2,39,100,2,60,20,0,50,Levante UD,170,0,-1,0,246287,0,8,-1,65,0,2,4,0,5,0,0,25354,0,2,504,116339,0,1,74,1,73,73,74,0,2,72,0,-1,73,2,0,0,246287,132224,0,246287,1,0,0,0,6,2,246287,6,116333,0,188544,0,0,0,272014,0,0,246287,0,4,0,4,0,74,149,3,1,272004,0,246287,2,5,0,0,366,0,-1,266368,71
116334,255,255,20000,162,255,255,2010,255,1,255,255,2,40,1,2,255,255,72,255,Madrid CFF,1,0,-1,0,245962,0,6,-1,65,0,2,4,0,4,0,0,7500,0,0,295,116326,0,1,72,1,73,72,73,-3,1,75,0,-1,75,0,0,0,245962,131712,0,245962,1,0,0,0,0,3,245962,8,116334,0,180864,0,0,0,272061,0,0,245962,0,0,0,4,0,73,149,4,1,246364,0,245962,2,4,0,0,316,0,-1,263296,73
116336,35,0,37000,255,73,255,1909,2,0,49,125,2,43,45,2,49,2,255,73,Real Sociedad,135,0,-1,0,272208,0,7,-1,65,0,2,4,0,4,0,0,40000,0,2,425,116328,0,1,74,1,77,75,79,-1,1,78,0,-1,76,2,0,0,259334,131712,0,259334,1,0,0,0,1,3,259334,8,116336,0,164480,0,0,0,259334,1,0,259334,0,0,0,4,0,76,149,5,1,259334,0,259334,2,5,0,0,366,0,-1,263296,79
116337,0,249,21000,255,210,255,1905,210,230,210,0,2,37,0,2,210,210,255,210,Sevilla FC,0,0,-1,0,241182,0,6,-1,50,0,2,4,0,5,0,0,43883,0,1,445,116330,0,1,73,1,72,74,69,-5,1,73,0,-1,73,2,0,0,272180,262784,0,241182,1,0,0,0,0,3,241182,7,116337,0,4227712,0,0,0,228630,0,0,241182,0,0,0,4,0,72,149,7,1,277278,0,241182,2,3,0,0,316,0,-1,525440,70
116339,124,247,17000,255,1,255,1997,1,1,1,67,2,39,1,2,1,1,255,1,Valencia CF,1,0,-1,0,242795,0,2,-1,50,0,2,4,0,4,0,0,49430,0,2,504,116333,0,1,73,1,72,73,73,0,2,69,0,-1,69,2,0,0,242795,263168,0,272626,1,0,0,0,0,2,272626,5,116339,0,4235264,0,0,0,242795,0,0,242795,0,0,0,4,0,72,149,7,1,272098,0,242795,2,3,0,0,316,0,-1,528384,73
116343,27,227,55610,255,1,255,1892,1,255,1,35,2,53,215,2,1,1,255,1,Liverpool,0,0,-1,0,266915,0,5,-1,50,0,1,4,0,7,0,0,16587,0,1,282,116016,0,1,73,1,73,73,72,-2,2,71,0,-1,71,0,0,0,266922,263168,0,265019,1,0,0,0,0,1,265019,8,116343,0,4218880,0,0,0,266915,0,0,266922,0,2,0,3,0,73,146,7,0,265019,0,266915,2,6,0,0,316,0,-1,528384,71
116360,20,151,10550,255,1,255,2018,1,1,38,38,1,30,1,1,1,151,255,20,Chengdu Rongcheng F.C.,1,0,-1,0,208480,4,6,-1,65,0,2,4,0,4,0,0,27000,0,1,896,116361,0,1,65,1,66,65,71,104,2,65,0,-1,65,0,0,0,208480,132096,0,208480,0,0,0,0,0,4,208480,5,116360,0,139264,0,0,0,208480,0,0,208480,0,0,0,2,0,66,156,3,8,244723,0,208480,4,2,0,0,316,0,-1,266240,71
116361,74,56,7350,255,255,255,2013,255,1,134,134,1,30,1,1,255,56,255,74,Wuhan Three Towns,1,0,-1,0,222273,0,4,-1,50,0,2,0,0,2,0,0,20000,0,1,712,111724,0,1,62,1,64,62,65,114,3,64,1,-1,64,0,0,0,222273,270336,0,222273,0,0,0,0,0,2,229947,4,116361,0,4231168,0,0,0,222235,0,0,229947,0,1,0,2,0,64,156,5,8,263789,0,222273,4,1,0,0,316,0,-1,526336,65
116416,191,153,5500,90,30,45,1872,30,255,30,230,2,49,255,2,30,30,62,30,Le Havre AC,255,0,-1,0,270049,0,2,-1,50,0,2,4,0,2,0,0,25178,0,1,267,116042,0,1,73,3,72,72,69,0,1,71,1,-1,73,0,0,0,276797,262656,0,265865,1,0,0,0,0,2,268647,4,116416,0,4194816,0,0,0,270612,0,0,270049,0,0,0,4,0,73,141,7,1,270612,0,270049,2,2,0,0,316,0,-1,525312,66
116417,220,255,1000,44,1,1,1943,1,254,1,17,1,47,221,1,1,1,87,1,FC Nantes,57,0,-1,0,72438,4,1,-1,30,0,2,4,0,1,0,0,1880,18,1,337,116042,0,1,72,3,71,71,70,-1,2,72,1,-1,73,1,0,0,265982,4195328,0,265982,1,0,0,0,0,3,265952,3,116417,0,548864,0,0,0,72438,0,0,72438,0,0,0,4,0,72,141,10,1,265982,0,72438,2,1,0,0,316,0,-1,528384,70
116428,91,36,0,250,139,250,1981,34,221,34,167,2,64,23,2,34,34,250,139,Iceland Women,11,0,-1,0,264891,0,10,-1,50,1,1,4,0,0,0,0,9800,0,1,0,113007,0,1,74,1,73,74,72,-21,3,73,0,-1,73,0,0,0,264891,270336,0,269663,1,0,0,0,0,2,269663,0,116428,0,4214784,0,0,0,264886,0,0,264891,0,0,0,7,0,73,152,0,0,264891,0,264891,2,5,0,0,316,0,-1,526336,72
131110,51,1,1700,1,255,255,1921,255,1,255,193,1,38,24,1,255,255,1,255,CD Eldense,141,0,-1,0,192634,0,1,-1,65,1,2,4,0,1,0,0,4036,0,2,940,468,0,1,68,1,68,68,66,0,3,69,2,-1,69,2,0,0,192634,139280,0,192634,0,0,0,0,0,4,192634,4,131110,0,151568,0,0,0,208157,0,0,192634,0,0,0,4,0,68,130,6,1,208157,0,192634,2,1,0,0,316,0,-1,264208,65
131124,255,255,0,204,102,0,1971,0,255,204,255,2,60,235,2,204,0,102,102,Finland Women,245,0,-1,0,266598,0,10,-1,50,0,2,4,0,0,0,0,36200,0,1,0,113008,0,1,73,1,72,73,70,24,3,74,0,-1,74,1,0,0,267221,270336,0,277966,1,0,0,0,0,2,277966,0,131124,0,4214784,0,0,0,265267,0,0,266598,0,0,0,7,0,72,141,0,2,72789,0,266598,2,4,0,0,316,0,-1,526336,70
131125,64,0,4000,255,255,255,1983,255,0,128,128,2,41,64,2,255,0,255,64,FC Levante Badalona,128,0,-1,0,272111,0,4,-1,30,0,2,4,0,3,0,0,4170,0,0,962,131733,2,1,77,0,73,76,73,2,2,71,1,-1,73,0,0,0,246356,4195456,0,272111,1,0,0,0,0,3,246356,5,131125,0,565376,0,0,0,227207,0,0,246356,0,0,0,4,0,74,149,5,1,272081,0,246356,2,2,0,0,366,0,-1,528512,72
131161,195,51,9500,255,255,255,1957,255,51,255,229,1,-13,195,1,255,255,255,255,Deportivo Garcilaso,229,0,-1,0,250796,0,2,-1,50,0,2,0,0,2,0,0,35000,0,0,880,111010,0,0,67,3,66,67,67,-71,3,65,1,-1,65,0,0,0,250796,262144,0,250796,0,0,0,0,0,4,250796,3,131161,0,4194304,0,0,0,188610,0,0,250796,0,0,0,1,0,66,74,5,-5,70452,0,250796,7,1,0,0,316,0,-1,524288,67
131173,104,255,4030,255,34,255,1990,11,11,38,38,1,23,34,1,87,255,255,104,Qingdao Hainiu FC,87,0,-1,0,210016,0,1,-1,50,0,2,4,0,2,0,0,20525,0,1,810,111724,0,1,63,1,62,63,71,114,3,61,0,-1,61,0,0,0,210016,270464,0,210016,0,0,0,0,1,2,210016,7,131173,0,4214912,0,0,0,248221,0,0,210016,0,0,0,2,0,62,156,8,8,210016,0,210016,4,1,0,0,316,0,-1,526464,71
131174,45,87,20800,19,255,253,1919,255,0,255,134,2,41,0,2,255,255,184,255,Eyüpspor,0,0,-1,0,171875,4,2,-1,50,0,1,3,1,1,0,0,2414,0,1,231,111339,0,1,71,8,71,71,72,28,2,68,1,-1,70,1,0,0,171875,263168,0,171875,0,0,0,0,0,2,171875,1,131174,0,4218880,0,0,0,171875,1,0,171875,0,0,0,5,0,71,179,4,3,217007,0,171875,9,1,0,0,316,0,-1,528384,72
131358,37,220,6000,255,37,255,1904,220,220,25,25,2,38,37,2,25,220,255,37,Benfica,25,0,-1,0,275938,0,10,-1,50,0,1,4,0,5,0,0,3500,1,1,281,131363,0,1,74,1,74,74,75,-9,3,74,1,-1,74,1,0,0,275938,270336,0,275938,1,0,0,0,1,4,261829,5,131358,0,4198400,0,0,0,261829,0,0,275938,0,3,0,4,0,74,110,5,0,261829,0,275938,2,4,0,0,366,0,-1,526336,75
131359,20,225,10000,255,66,255,1900,35,30,66,20,2,52,30,2,66,35,255,66,Ajax,30,0,-1,0,233747,0,10,-1,50,0,1,4,0,4,0,0,2250,20,2,16,131361,0,2,72,1,72,72,70,4,2,74,2,-1,74,2,0,0,233747,263168,0,233747,1,0,0,0,5,2,233747,8,131359,0,4251648,0,0,0,233747,0,0,233747,0,3,0,4,0,72,110,5,1,233747,0,233747,2,2,0,0,316,0,-1,528384,70
131360,12,207,3000,255,12,255,1892,207,207,22,22,1,50,12,1,22,207,255,12,Slavia Praha,22,0,-1,0,275824,0,10,-1,50,0,2,4,0,4,0,0,19084,0,1,654,131362,0,1,71,1,70,71,70,14,2,68,1,-1,68,1,0,0,275813,263232,0,275824,1,0,0,0,3,3,275824,6,131360,0,4218944,0,0,0,275813,0,0,275824,0,18,0,5,0,70,152,6,1,275813,0,275824,2,4,0,0,316,0,-1,528448,70
131361,155,1,2000,255,230,255,1896,230,33,230,230,1,47,56,1,230,230,255,230,FC Zürich,129,0,-1,0,264911,0,10,-1,30,0,1,4,0,4,0,0,1120,0,1,539,131359,0,1,67,0,68,67,68,8,2,69,1,-1,69,1,0,0,273406,4195328,0,277308,1,0,0,0,15,3,273406,5,131361,0,565248,0,0,1,273406,0,0,264911,0,24,0,4,0,68,152,5,1,264911,0,264911,2,4,0,0,316,0,-1,528384,68
131362,26,18,1000,43,255,194,1917,255,255,255,86,2,55,255,2,255,255,10,255,FC Rosengård,255,0,-1,0,226985,0,10,-1,50,0,1,4,0,5,0,0,7600,0,1,299,131360,2,1,76,15,73,76,71,12,2,72,1,-1,72,0,0,0,226985,263168,0,226985,1,0,0,0,6,2,226985,6,131362,0,4235264,0,0,0,226975,0,0,226985,0,13,0,7,0,73,141,6,1,226985,0,226985,2,4,0,0,316,0,-1,528384,71
131363,127,228,1500,1,255,1,1998,255,255,255,30,1,55,255,1,255,255,1,255,Glasgow City,255,0,-1,0,265305,0,10,-1,50,0,1,4,0,4,0,0,1000,0,1,186,131358,2,1,69,15,70,69,70,-4,3,70,1,-1,70,0,0,0,265305,270336,0,265305,1,0,0,0,9,2,265305,7,131363,0,4214784,0,0,1,245871,0,0,265305,0,16,0,3,0,70,141,5,0,265305,0,265305,2,3,0,0,316,0,-1,526336,70
131368,0,0,0,0,255,0,2000,255,0,255,0,1,0,0,1,255,255,0,255,NG - FA Women,0,0,-1,0,1,4,5,-1,50,0,0,4,0,5,0,0,0,0,0,0,1318,0,0,0,0,0,0,0,0,0,0,0,-1,0,0,0,0,1,0,0,1,0,0,0,0,0,2,1,5,131368,0,0,0,2,0,1,1,0,1,0,0,0,0,0,0,6,5,0,1,0,1,2,5,0,0,316,0,-1,0,0
131388,97,23,11330,255,255,253,1931,255,0,255,31,1,37,0,1,255,255,255,255,Bodrumspor,0,0,-1,0,193461,4,2,-1,30,0,2,4,1,1,0,0,3925,0,1,927,131174,0,1,65,0,67,65,68,27,3,66,0,-1,66,1,0,0,74215,4202560,0,193461,0,0,0,0,0,2,193461,1,131388,0,577600,0,0,0,188038,1,0,193461,0,0,0,5,0,67,179,2,3,225652,0,193461,9,1,0,0,316,0,-1,526400,65
131391,0,255,8000,255,0,255,1931,0,222,175,0,1,37,0,1,175,0,255,0,Granada CF,0,0,-1,0,277048,0,2,-1,30,0,2,4,0,3,0,0,19436,0,2,193,116330,0,1,72,1,70,73,72,-3,3,66,2,-1,66,2,0,0,277048,4202496,0,277048,1,0,0,0,0,4,277048,3,131391,0,561152,0,0,0,275784,0,0,277048,0,0,0,4,0,70,149,9,1,275784,0,277048,2,1,0,0,316,0,-1,526336,74
131397,0,0,0,0,255,0,2000,255,0,255,0,1,0,0,1,255,255,0,255,Pro Clubs Custom 1,0,0,-1,0,1,4,5,-1,50,0,0,4,0,5,0,0,0,0,0,0,1318,0,0,0,0,0,0,0,0,0,0,0,-1,0,0,0,0,1,0,0,1,0,0,0,0,0,2,1,5,131397,0,0,0,2,0,1,1,0,1,0,0,0,0,0,0,6,5,0,1,0,1,2,5,0,0,316,0,-1,0,0
131398,0,0,0,0,255,0,2000,255,0,255,0,1,0,0,1,255,255,0,255,Pro Clubs Custom 2,0,0,-1,0,1,4,5,-1,50,0,0,4,0,5,0,0,0,0,0,0,1318,0,0,0,0,0,0,0,0,0,0,0,-1,0,0,0,0,1,0,0,1,0,0,0,0,0,2,1,5,131398,0,0,0,2,0,1,1,0,1,0,0,0,0,0,0,6,5,0,1,0,1,2,5,0,0,316,0,-1,0,0
131399,0,0,0,0,255,0,2000,255,0,255,0,1,0,0,1,255,255,0,255,Pro Clubs Custom 3,0,0,-1,0,1,4,5,-1,50,0,0,4,0,5,0,0,0,0,0,0,1318,0,0,0,0,0,0,0,0,0,0,0,-1,0,0,0,0,1,0,0,1,0,0,0,0,0,2,1,5,131399,0,0,0,2,0,1,1,0,1,0,0,0,0,0,0,6,5,0,1,0,1,2,5,0,0,316,0,-1,0,0
131400,0,0,0,0,255,0,2000,255,0,255,0,1,0,0,1,255,255,0,255,Pro Clubs Custom 4,0,0,-1,0,1,4,5,-1,50,0,0,4,0,5,0,0,0,0,0,0,1318,0,0,0,0,0,0,0,0,0,0,0,-1,0,0,0,0,1,0,0,1,0,0,0,0,0,2,1,5,131400,0,0,0,2,0,1,1,0,1,0,0,0,0,0,0,6,5,0,1,0,1,2,5,0,0,316,0,-1,0,0
131401,0,0,0,0,255,0,2000,255,0,255,0,1,0,0,1,255,255,0,255,Pro Clubs Custom 5,0,0,-1,0,1,4,5,-1,50,0,0,4,0,5,0,0,0,0,0,0,1318,0,0,0,0,0,0,0,0,0,0,0,-1,0,0,0,0,1,0,0,1,0,0,0,0,0,2,1,5,131401,0,0,0,2,0,1,1,0,1,0,0,0,0,0,0,6,5,0,1,0,1,2,5,0,0,316,0,-1,0,0
131402,0,0,0,0,255,0,2000,255,0,255,0,1,0,0,1,255,255,0,255,Pro Clubs Custom 6,0,0,-1,0,1,4,5,-1,50,0,0,4,0,5,0,0,0,0,0,0,1318,0,0,0,0,0,0,0,0,0,0,0,-1,0,0,0,0,1,0,0,1,0,0,0,0,0,2,1,5,131402,0,0,0,2,0,1,1,0,1,0,0,0,0,0,0,6,5,0,1,0,1,2,5,0,0,316,0,-1,0,0
131403,0,0,0,0,255,0,2000,255,0,255,0,1,0,0,1,255,255,0,255,Pro Clubs Custom 7,0,0,-1,0,1,4,5,-1,50,0,0,4,0,5,0,0,0,0,0,0,1318,0,0,0,0,0,0,0,0,0,0,0,-1,0,0,0,0,1,0,0,1,0,0,0,0,0,2,1,5,131403,0,0,0,2,0,1,1,0,1,0,0,0,0,0,0,6,5,0,1,0,1,2,5,0,0,316,0,-1,0,0
131404,0,0,0,0,255,0,2000,255,0,255,0,1,0,0,1,255,255,0,255,Pro Clubs Custom 8,0,0,-1,0,1,4,5,-1,50,0,0,4,0,5,0,0,0,0,0,0,1318,0,0,0,0,0,0,0,0,0,0,0,-1,0,0,0,0,1,0,0,1,0,0,0,0,0,2,1,5,131404,0,0,0,2,0,1,1,0,1,0,0,0,0,0,0,6,5,0,1,0,1,2,5,0,0,316,0,-1,0,0
131405,0,0,0,0,255,0,2000,255,0,255,0,1,0,0,1,255,255,0,255,Pro Clubs Custom 9,0,0,-1,0,1,4,5,-1,50,0,0,4,0,5,0,0,0,0,0,0,1318,0,0,0,0,0,0,0,0,0,0,0,-1,0,0,0,0,1,0,0,1,0,0,0,0,0,2,1,5,131405,0,0,0,2,0,1,1,0,1,0,0,0,0,0,0,6,5,0,1,0,1,2,5,0,0,316,0,-1,0,0
131406,0,0,0,0,255,0,2000,255,0,255,0,1,0,0,1,255,255,0,255,Pro Clubs Custom 10,0,0,-1,0,1,4,5,-1,50,0,0,4,0,5,0,0,0,0,0,0,1318,0,0,0,0,0,0,0,0,0,0,0,-1,0,0,0,0,1,0,0,1,0,0,0,0,0,2,1,5,131406,0,0,0,2,0,1,1,0,1,0,0,0,0,0,0,6,5,0,1,0,1,2,5,0,0,316,0,-1,0,0
131447,51,223,17000,250,1,250,1927,1,208,1,42,1,45,44,1,1,1,250,1,FC Annecy,40,0,-1,0,234799,0,2,-1,50,0,1,4,0,1,0,0,15714,0,1,902,1805,0,1,65,3,65,67,64,6,2,63,0,-1,63,0,0,0,234799,263296,0,234799,0,0,0,0,0,2,234799,3,131447,0,4219008,0,0,1,188825,0,0,234799,0,0,0,4,0,64,103,8,1,272809,0,234799,2,1,0,0,316,0,-1,528512,62
131459,191,0,2800,0,191,255,2004,0,0,255,255,1,44,191,1,255,0,255,191,Unirea Slobozia,255,0,-1,0,242513,0,1,-1,30,0,2,4,0,1,0,0,6000,0,1,956,114549,0,1,62,3,61,59,63,27,2,62,1,-1,63,1,0,0,242513,4195392,0,242513,0,0,0,0,0,3,242513,8,131459,0,548928,0,0,0,248071,0,0,242513,0,0,0,5,0,62,24,9,2,72620,0,242513,2,1,0,0,316,0,-1,528448,63
131463,0,255,5500,255,200,255,2023,200,255,200,0,1,41,0,1,200,200,255,200,AVS Futebol SAD,0,0,-1,0,213795,0,1,-1,65,0,2,4,0,1,0,0,8560,0,0,645,1888,0,1,68,1,68,68,69,-8,1,68,1,-1,68,1,0,0,213795,131728,0,213795,0,0,0,0,0,2,72656,1,131463,0,131728,0,0,0,140233,0,0,72656,0,0,0,4,0,68,183,2,0,72656,0,213795,2,1,0,0,316,0,-1,263312,69
131474,0,0,2000,8,255,248,2005,255,0,255,255,1,10,0,1,255,255,219,255,Rayo Zuliano,255,0,-1,0,70611,0,1,-1,30,0,2,4,0,1,0,0,40000,0,0,949,110990,0,0,63,3,63,63,62,-71,2,63,1,-1,63,0,0,0,70595,4195584,0,70611,0,0,0,0,0,3,70611,1,131474,0,549120,0,0,1,253881,0,0,70595,0,0,0,1,0,63,74,6,-4,70611,0,70611,7,1,0,0,316,0,-1,528640,62
131477,0,0,46500,250,60,250,2023,1,250,166,128,2,37,128,2,166,1,250,60,Bay FC,114,0,-1,0,267250,0,3,-1,50,0,2,4,0,3,0,0,18000,0,1,420,131478,0,1,75,3,76,75,85,-121,1,76,0,-1,76,1,0,0,267241,262784,0,267250,1,0,0,0,0,3,267250,5,131477,0,4227712,0,0,0,267222,0,0,267250,0,0,0,6,0,76,76,6,-8,246629,0,267250,2,5,0,0,366,0,-1,525440,85
131478,172,255,45000,128,255,0,2023,255,250,255,28,2,40,250,2,255,255,0,255,Utah Royals,250,0,-1,0,233155,0,3,-1,30,0,2,4,0,2,0,0,20213,0,1,427,116309,0,1,73,0,74,73,73,-111,3,73,0,-1,73,1,0,0,71527,4202496,0,71527,1,0,0,0,0,2,71527,5,131478,0,561152,0,0,0,267332,0,0,71527,0,0,0,6,0,74,76,7,-7,233155,0,233155,2,5,0,0,366,0,-1,526336,73
131487,217,253,5700,38,28,180,2017,180,1,0,0,1,11,1,1,38,253,28,217,Shenzhen Peng City,1,0,-1,0,200294,0,1,-1,50,0,2,4,0,1,0,0,44050,0,1,713,116360,0,1,62,1,62,62,63,108,1,63,0,-1,63,0,0,0,200294,262672,0,200294,0,0,0,0,0,4,200294,8,131487,0,4211216,0,0,0,222282,1,0,200294,0,0,0,2,0,62,156,8,8,200294,0,200294,4,1,0,0,316,0,-1,525328,63
131488,0,202,5610,83,216,233,2007,233,255,4,4,1,36,255,1,83,202,216,0,Qingdao West Coast FC,255,0,-1,0,194617,0,1,-1,30,0,2,4,0,2,0,0,20000,0,1,810,131487,0,1,62,1,64,62,67,120,1,62,0,-1,62,0,0,0,194617,4194816,0,258731,0,0,0,0,0,4,258731,7,131488,0,524800,0,0,0,194617,0,0,194617,0,0,0,2,0,64,156,8,8,188044,0,194617,4,1,0,0,316,0,-1,525312,67
131491,4,232,5500,255,255,255,1939,255,232,4,4,1,60,4,1,255,232,255,4,KFUM-Kameratene Oslo,4,0,-1,0,210695,0,1,-1,50,0,2,4,0,1,0,0,3300,0,1,361,299,0,1,64,0,63,64,63,11,2,62,1,-1,62,1,0,0,210695,263168,0,279735,0,0,0,0,0,2,279735,2,131491,0,4202496,0,0,0,279711,0,0,210695,0,0,0,7,0,63,199,7,1,279711,0,210695,2,1,0,0,316,0,-1,528384,63
131511,61,44,10000,255,255,255,2024,255,226,255,220,1,10,51,1,255,255,255,255,Alianza FC,16,0,-1,0,258974,0,1,-1,30,0,2,4,0,1,0,0,11500,0,0,946,101101,0,0,65,2,65,65,66,-73,3,66,1,-1,66,0,0,0,258974,4202496,0,258974,0,0,0,0,0,8,226723,2,131511,0,528384,0,0,0,212351,0,0,258974,0,0,0,1,0,65,74,5,-5,212409,0,258974,7,1,0,0,316,0,-1,526336,66
131524,203,203,0,113,255,113,2024,255,12,255,203,3,0,12,3,255,255,113,255,5v5 Team1,12,0,-1,0,1,4,5,-1,50,0,0,4,0,5,0,0,0,0,0,0,1318,0,0,0,0,0,0,0,0,0,0,0,-1,0,0,0,0,1,0,0,1,0,0,0,0,0,2,1,5,131524,0,0,0,2,0,1,1,0,1,0,0,0,0,0,0,6,5,0,1,0,1,2,5,0,0,316,0,-1,0,0
131527,20,20,0,104,255,7,2024,255,240,255,20,1,0,240,1,255,255,244,255,5v5 Team2,240,0,-1,0,1,4,5,-1,50,0,0,4,0,5,0,0,0,0,0,0,1318,0,0,0,0,0,0,0,0,0,0,0,-1,0,0,0,0,1,0,0,1,0,0,0,0,0,2,1,5,131527,0,0,0,2,0,1,1,0,1,0,0,0,0,0,0,6,5,0,1,0,1,2,5,0,0,316,0,-1,0,0
131680,0,0,0,0,255,0,2000,255,0,255,0,1,0,0,1,255,255,0,255,Free Agent Managers,0,0,-1,0,1,4,5,-1,50,0,0,4,0,5,0,0,0,0,0,0,1318,0,0,0,0,0,0,0,0,0,0,0,-1,0,0,0,0,1,0,0,1,0,0,0,0,0,2,1,5,131680,0,0,0,2,0,1,1,0,1,0,0,0,0,0,0,6,5,0,1,0,1,2,5,0,0,316,0,-1,0,0
131681,91,232,1071000,250,30,250,1899,30,100,30,23,2,45,0,2,30,30,250,30,Milano FC,0,0,-1,0,240638,0,10,-1,50,0,2,4,0,9,0,0,75817,0,1,316,131682,0,1,82,1,81,82,80,9,3,80,1,-1,80,1,0,0,232656,266368,0,227796,0,0,7,0,5,2,240638,5,131681,0,4229248,0,0,0,232656,1,0,232656,0,19,0,4,0,81,136,1,1,227796,0,232656,2,8,0,0,366,0,-1,526464,80
131682,140,1,900000,250,30,250,1908,30,15,30,191,3,45,15,3,30,30,250,30,Lombardia FC,15,0,-1,0,226268,0,10,-1,65,0,1,4,0,9,0,0,75817,0,1,316,131681,0,1,83,1,84,84,86,9,3,84,1,-1,83,1,0,0,208128,135296,0,226268,0,0,3,0,9,2,208128,5,131682,3,149632,0,0,0,231478,1,0,208128,0,20,0,4,0,83,136,3,1,208128,0,208128,2,8,0,0,366,0,-1,264320,87
131720,91,47,1000,255,50,255,1906,0,250,100,214,1,43,250,1,100,0,255,50,RC Deportivo,255,0,-1,0,72150,4,1,-1,50,0,2,4,0,3,0,0,32660,0,2,257,131391,0,1,67,1,69,67,70,-8,2,65,0,-1,67,2,0,0,72150,263168,0,272188,1,0,0,0,0,2,272188,8,131720,0,4235264,0,0,0,72150,1,0,72150,0,0,0,0,0,69,149,10,1,72221,0,72150,2,1,0,0,316,0,-1,528384,70
131724,102,51,1000,250,182,250,1906,182,1,182,204,1,48,159,1,182,182,250,182,RC Strasbourg,227,0,-1,0,269203,4,1,-1,30,0,2,4,0,1,0,0,26109,3,1,564,116044,0,1,69,3,69,69,71,7,3,70,1,-1,71,1,0,0,71696,4202496,0,71703,1,0,0,0,0,3,264977,3,131724,0,561152,0,0,0,71696,0,0,264977,0,0,0,0,0,70,141,10,1,264977,0,264977,2,1,0,0,316,0,-1,526336,71
131725,85,0,2000,36,1,238,1905,1,250,1,165,1,51,250,1,1,1,46,1,Crystal Palace,250,0,-1,0,265352,0,1,-1,50,0,2,4,0,1,0,0,25486,0,0,285,116013,0,2,67,1,69,68,78,0,3,66,0,-1,69,1,0,0,273179,270336,0,265352,1,0,0,0,0,2,273179,6,131725,0,4198400,0,0,0,72126,0,0,72126,0,0,0,3,0,71,146,8,0,72579,0,265352,2,1,0,0,316,0,-1,526336,76
131733,108,17,1000,255,1,255,1900,1,0,1,191,1,41,90,1,1,1,255,1,RCD Espanyol,170,0,-1,0,72364,0,2,-1,30,0,1,4,0,4,0,0,40500,0,2,36,116325,0,1,70,0,69,70,69,2,2,68,0,-1,68,2,0,0,72364,4195456,0,272038,1,0,0,0,6,4,72364,7,131733,0,581760,0,0,0,72364,0,0,72364,0,1,0,4,0,70,149,9,1,272266,0,72364,2,1,0,0,316,0,-1,528512,69
131735,28,164,9000,255,255,255,1970,255,8,255,54,1,25,77,1,255,255,255,255,Al Kholood,58,0,-1,0,242999,0,1,-1,30,0,2,4,0,1,0,0,3000,0,1,672,112392,0,1,68,0,65,68,69,43,3,62,1,-1,63,0,0,0,242999,4202624,0,242999,0,0,0,0,0,3,242999,3,131735,0,561280,0,0,0,167959,0,0,242999,0,0,0,1,0,66,64,9,3,242999,0,242999,9,1,0,0,316,0,-1,526464,71
131739,15,33,1365,0,255,0,2024,255,0,255,255,1,38,0,1,255,255,0,255,Auckland FC,0,0,-1,0,237268,0,1,-1,50,0,2,4,0,3,0,0,25000,0,1,894,111766,0,2,62,1,66,63,65,105,3,66,2,-1,65,0,0,0,210826,270336,0,237268,0,0,0,0,0,3,73102,2,131739,0,4214784,0,0,0,208520,0,0,237268,0,0,0,3,0,65,117,4,12,243966,0,237268,2,1,0,0,316,0,-1,526336,66
131821,0,0,0,0,255,0,2000,255,0,255,0,1,0,0,1,255,255,0,255,Pro Clubs Custom 11,0,0,-1,0,1,4,5,-1,50,0,0,4,0,5,0,0,0,0,0,0,1318,0,0,0,0,0,0,0,0,0,0,0,-1,0,0,0,0,1,0,0,1,0,0,0,0,0,2,1,5,131821,0,0,0,2,0,1,1,0,1,0,0,0,0,0,0,6,5,0,1,0,1,2,5,0,0,316,0,-1,0,0
131822,0,0,0,0,255,0,2000,255,0,255,0,1,0,0,1,255,255,0,255,Pro Clubs Custom 12,0,0,-1,0,1,4,5,-1,50,0,0,4,0,5,0,0,0,0,0,0,1318,0,0,0,0,0,0,0,0,0,0,0,-1,0,0,0,0,1,0,0,1,0,0,0,0,0,2,1,5,131822,0,0,0,2,0,1,1,0,1,0,0,0,0,0,0,6,5,0,1,0,1,2,5,0,0,316,0,-1,0,0
131823,0,0,0,0,255,0,2000,255,0,255,0,1,0,0,1,255,255,0,255,Pro Clubs Custom 13,0,0,-1,0,1,4,5,-1,50,0,0,4,0,5,0,0,0,0,0,0,1318,0,0,0,0,0,0,0,0,0,0,0,-1,0,0,0,0,1,0,0,1,0,0,0,0,0,2,1,5,131823,0,0,0,2,0,1,1,0,1,0,0,0,0,0,0,6,5,0,1,0,1,2,5,0,0,316,0,-1,0,0
131824,0,0,0,0,255,0,2000,255,0,255,0,1,0,0,1,255,255,0,255,Pro Clubs Custom 14,0,0,-1,0,1,4,5,-1,50,0,0,4,0,5,0,0,0,0,0,0,1318,0,0,0,0,0,0,0,0,0,0,0,-1,0,0,0,0,1,0,0,1,0,0,0,0,0,2,1,5,131824,0,0,0,2,0,1,1,0,1,0,0,0,0,0,0,6,5,0,1,0,1,2,5,0,0,316,0,-1,0,0
131825,0,0,0,0,255,0,2000,255,0,255,0,1,0,0,1,255,255,0,255,Pro Clubs Custom 15,0,0,-1,0,1,4,5,-1,50,0,0,4,0,5,0,0,0,0,0,0,1318,0,0,0,0,0,0,0,0,0,0,0,-1,0,0,0,0,1,0,0,1,0,0,0,0,0,2,1,5,131825,0,0,0,2,0,1,1,0,1,0,0,0,0,0,0,6,5,0,1,0,1,2,5,0,0,316,0,-1,0,0
131914,0,0,0,0,255,0,2000,255,0,255,0,1,0,0,1,255,255,0,255,Pro Clubs Custom 16,0,0,-1,0,1,4,5,-1,50,0,0,4,0,5,0,0,0,0,0,0,1318,0,0,0,0,0,0,0,0,0,0,0,-1,0,0,0,0,1,0,0,1,0,0,0,0,0,2,1,5,131914,0,0,0,2,0,1,1,0,1,0,0,0,0,0,0,6,5,0,1,0,1,2,5,0,0,316,0,-1,0,0
132169,0,0,0,0,255,0,2000,255,0,255,0,1,0,0,1,255,255,0,255,Pro Clubs Custom 17,0,0,-1,0,1,4,5,-1,50,0,0,4,0,5,0,0,0,0,0,0,1318,0,0,0,0,0,0,0,0,0,0,0,-1,0,0,0,0,1,0,0,1,0,0,0,0,0,2,1,5,132169,0,0,0,2,0,1,1,0,1,0,0,0,0,0,0,6,5,0,1,0,1,2,5,0,0,316,0,-1,0,0
132170,0,0,0,0,255,0,2000,255,0,255,0,1,0,0,1,255,255,0,255,Pro Clubs Custom 18,0,0,-1,0,1,4,5,-1,50,0,0,4,0,5,0,0,0,0,0,0,1318,0,0,0,0,0,0,0,0,0,0,0,-1,0,0,0,0,1,0,0,1,0,0,0,0,0,2,1,5,132170,0,0,0,2,0,1,1,0,1,0,0,0,0,0,0,6,5,0,1,0,1,2,5,0,0,316,0,-1,0,0
