ca_noseSupratip_NN_XXX_R_A,fa_periorbital_NR_IXX_L_M,ca_noseColumella_NN_XXX_D_U,fa_submental_NR_XXX_L_M,fa_jowl_NL_IXX_D_U,fa_preplatysmal_NL_XXX_L_M,ca_noseAla_NR_ICX_D_U,ca_noseAla_NL_ILX_N_W,fa_lip_NR_IXX_L_M,fa_neck_NL_XXP_L_M,fa_forehead_NN_XMX_L_M,fa_jowl_NL_SXX_L_M,ca_earAntihelix_NL_IXX_D_U,fa_cheeksMiddle_NL_XXX_L_M,fa_earHelix_NL_IXX_L_M,ca_noseAla_NR_IXX_N_W,fa_cheeks_NR_XMX_L_M,ca_earHelix_NL_SXP_B_F,ca_earHelix_NL_SXA_N_W,ca_noseAla_NR_IMX_B_F,fa_submandibular_NR_XXX_D_U,ca_noseAla_NL_XXA_N_W,ca_earAntihelix_NL_SXX_B_F,ca_earHelix_NR_IXX_B_F,ca_noseAla_NR_ICX_R_A,ca_earHelix_NL_SXP_N_W,fa_cheeksMiddle_NR_XXX_D_U,fa_submandibular_NR_XXX_L_M,ca_noseSupratip_NN_XXX_D_U,fa_forehead_NL_XLX_D_U,ca_noseColumella_NN_XXX_R_A,ca_noseAla_NR_XXA_R_A,ca_noseTip_NN_XXX_D_U,ca_noseColumella_NN_XXX_B_F,ca_noseAla_NL_ICX_N_W,ca_noseAla_NR_XXA_B_F,fa_lip_NR_IXX_D_U,fa_cheeks_NR_XMX_D_U,ca_noseAla_NR_ICX_B_F,fa_nasolabial_NL_IXX_D_U,fa_nose_NN_XXX_L_M,ca_earlobe_NR_XXX_D_U,ca_noseAla_NL_ICX_B_F,ca_noseAla_NL_IXX_D_U,fa_nasolabial_NR_IXX_D_U,fa_orbital_NL_IXX_D_U,ca_earHelix_NR_SXA_N_W,ca_noseAla_NR_ILX_R_A,ca_noseAla_NR_ILX_B_F,fa_forehead_NR_XLX_D_U,ca_noseAla_NL_IMX_N_W,ca_noseAla_NL_SXX_N_W,ca_noseAla_NL_XXA_R_A,ca_eartragus_NR_XXX_B_F,fa_jowl_NR_IXX_L_M,fa_periorbital_NL_IXX_D_U,fa_orbital_NR_IXX_L_M,fa_preplatysmal_NR_XXX_L_M,ca_noseAla_NR_SXX_R_A,ca_noseSupratip_NN_XXX_SL_SR,ca_noseAla_NR_IMX_N_W,ca_earHelix_NR_SXP_D_U,fa_lip_NL_SXX_D_U,ca_eartragus_NL_XXX_N_W,ca_earHelix_NR_IXX_N_W,ca_earAntihelix_NL_SXX_N_W,fa_submandibular_NL_XXX_L_M,ca_noseAla_NL_ILX_R_A,fa_orbital_NR_IXX_D_U,ca_earHelix_NL_IXX_B_F,ca_earAntihelix_NR_SXX_B_F,ca_noseAla_NR_SXX_B_F,ca_earlobe_NL_XXX_D_U,ca_noseAla_NR_ILX_N_W,ca_earHelix_NL_SXA_B_F,fa_forehead_NR_XLX_L_M,ca_earHelix_NR_SXP_B_F,ca_earHelix_NL_IXX_N_W,fa_periorbital_NL_IXX_L_M,fa_jowl_NR_IXX_D_U,ca_noseTip_NN_XXX_SL_SR,ca_earAntihelix_NR_SXX_N_W,fa_cheeks_NL_XMX_L_M,fa_earHelix_NR_IXX_L_M,fa_nasolabial_NR_IXX_L_M,ca_noseColumella_NN_XXX_SL_SR,ca_noseAla_NL_IMX_R_A,fa_orbital_NL_IXX_L_M,ca_noseAla_NL_SXX_R_A,fa_lip_NL_IXX_L_M,ca_noseAla_NR_SXX_D_U,ca_noseAla_NL_IXX_B_F,fa_temporal_NR_XLX_L_M,ca_noseAla_NR_XXA_N_W,fa_orbital_NR_XLX_D_U,fa_nasolabial_NL_IXX_L_M,fa_cheeksMiddle_NR_XXX_L_M,ca_noseAla_NR_ILX_D_U,ca_earHelix_NR_SXA_B_F,ca_earAntihelix_NR_SXX_D_U,ca_earHelix_NL_IXX_D_U,fa_forehead_NL_XLX_L_M,ca_eartragus_NL_XXX_D_U,ca_earHelix_NR_IXX_D_U,fa_mental_NN_XXX_L_M,ca_earAntihelix_NL_SXX_D_U,fa_lip_NR_SXX_L_M,ca_noseSupratip_NN_XXX_B_F,fa_earHelix_NL_SXX_L_M,fa_orbital_NL_XLX_D_U,fa_forehead_NN_XMX_D_U,fa_jowl_NL_SXX_D_U,ca_noseTip_NN_XXX_R_A,ca_noseAla_NR_XXA_D_U,fa_cheeksMiddle_NL_XXX_D_U,fa_temporal_NL_XLX_L_M,ca_earHelix_NR_SXP_N_W,fa_submental_NR_XXX_D_U,fa_jowl_NL_IXX_L_M,fa_periorbital_NR_IXX_D_U,ca_eartragus_NL_XXX_B_F,ca_noseAla_NR_SXX_N_W,ca_earHelix_NR_SXA_D_U,fa_nasolabial_NL_SXX_D_U,ca_earAntihelix_NL_IXX_B_F,fa_orbital_NL_XLX_L_M,fa_orbital_NL_SXX_D_U,fa_submental_NL_XXX_L_M,fa_temporal_NL_XLX_D_U,ca_earlobe_NL_XXX_N_W,ca_earHelix_NL_SXP_D_U,fa_mental_NN_XXX_D_U,fa_lip_NR_SXX_D_U,ca_noseAla_NR_IMX_D_U,ca_noseSupratip_NN_XXX_N_W,ca_noseTip_NN_XXX_N_W,fa_orbital_NR_SXX_L_M,ca_earHelix_NL_SXA_D_U,ca_noseAla_NR_IXX_R_A,ca_noseAla_NL_IMX_D_U,ca_noseAla_NL_SXX_D_U,fa_nasolabial_NR_SXX_D_U,ca_noseAla_NL_IXX_N_W,ca_earlobe_NR_XXX_N_W,fa_temporal_NR_XLX_D_U,fa_mental_NN_IXX_L_M,ca_earAntihelix_NL_IXX_N_W,fa_neck_NR_XXP_L_M,ca_earAntihelix_NR_IXX_B_F,fa_jowl_NR_SXX_L_M,fa_orbital_NR_XLX_L_M,ca_earlobe_NL_XXX_B_F,fa_mental_NN_IXX_D_U,fa_cheeks_NL_XMX_D_U,ca_noseAla_NL_ICX_D_U,ca_noseAla_NL_XXA_B_F,ca_noseAla_NL_ILX_D_U,fa_jowl_NR_SXX_D_U,fa_lip_NL_IXX_D_U,fa_orbital_NR_SXX_D_U,fa_nasolabial_NR_SXX_L_M,ca_eartragus_NR_XXX_D_U,ca_noseAla_NR_IXX_B_F,ca_noseAla_NL_ICX_R_A,ca_noseAla_NL_IMX_B_F,ca_earlobe_NR_XXX_B_F,fa_submandibular_NL_XXX_D_U,ca_noseAla_NL_ILX_B_F,ca_earAntihelix_NR_IXX_N_W,ca_noseAla_NL_XXA_D_U,ca_noseTip_NN_XXX_B_F,fa_earHelix_NR_SXX_L_M,ca_noseAla_NL_IXX_R_A,fa_orbital_NL_SXX_L_M,ca_noseAla_NR_IXX_D_U,fa_submental_NL_XXX_D_U,fa_lip_NL_SXX_L_M,ca_earAntihelix_NR_IXX_D_U,ca_noseColumella_NN_XXX_N_W,ca_noseAla_NR_IMX_R_A,ca_noseAla_NL_SXX_B_F,fa_nasolabial_NL_SXX_L_M,ca_eartragus_NR_XXX_N_W,ca_noseAla_NR_ICX_N_W,assetid
16,21,45,-22,6,8,-2,-51,-25,9,4,52,42,-32,56,23,-63,21,-17,3,-18,22,47,52,4,19,17,-5,-44,-54,19,40,-6,11,-58,8,20,89,-18,43,-47,3,-19,57,45,55,-9,19,25,-69,-27,21,42,-75,-34,3,-57,5,47,-15,-28,-24,38,-32,8,58,-4,13,70,55,52,55,3,-58,-3,61,27,0,9,13,-14,87,-71,52,64,-8,34,-75,45,-21,-5,12,-55,18,13,62,-21,82,2,23,-56,35,7,-42,-18,21,15,37,76,16,-100,24,37,-13,17,-65,14,13,-17,23,-75,13,-35,58,41,-31,28,-24,68,-80,-34,85,44,21,-38,0,-12,-32,16,20,-7,58,27,-52,69,-5,10,7,39,55,-11,58,52,91,-7,3,75,33,11,23,-52,9,15,6,-1,60,-19,21,51,-17,8,85,17,-40,58,12,13,50,19,32,50,-50,9,-71,530
48,75,35,4,13,33,49,-51,-7,11,-75,38,46,-33,42,18,-31,15,-29,-20,-17,35,42,41,-20,-19,45,7,57,-25,-5,28,57,15,-93,1,-23,88,-23,57,-31,-26,-22,63,64,14,-20,6,38,-24,-19,42,26,-45,34,-24,-32,34,47,-9,-20,8,16,5,6,-23,5,10,12,43,44,23,-25,-51,-8,-38,15,5,73,18,-6,-17,-32,41,6,-2,3,-40,46,-3,74,19,-12,34,44,7,-32,78,-9,17,-42,-40,45,-40,-26,16,-2,22,10,43,58,34,-12,48,44,-18,-18,6,28,-27,-45,41,10,66,32,-25,2,4,42,63,8,36,18,67,-4,24,-24,13,22,64,72,66,16,64,43,-21,17,11,33,42,-23,45,65,81,50,4,75,40,-28,1,-7,47,16,-15,-17,45,-18,38,21,49,11,14,22,-26,65,6,-2,48,33,2,25,-11,11,-90,4083
44,-21,20,-21,-13,1,31,-34,-2,19,-100,87,29,1,49,-24,-2,-24,-22,13,-8,-10,20,49,-4,7,28,25,17,-19,0,8,-64,-4,-51,35,3,48,0,42,-22,-10,0,62,42,74,-29,28,57,-26,-5,-34,9,-45,29,61,-69,1,19,-4,-5,-67,10,-9,-13,40,25,25,80,48,19,33,-9,-36,-37,-18,-29,-15,-4,-12,2,35,-3,49,5,5,22,-80,20,7,32,14,-2,-10,8,5,-4,10,-39,-8,-51,-44,13,-55,-12,-7,56,36,37,9,-92,1,0,64,28,-3,4,13,18,62,-47,-36,-38,37,25,-19,16,-21,10,-61,-66,32,14,61,58,41,-33,-38,6,61,27,38,-23,-55,9,41,65,19,28,91,-7,46,40,39,28,34,8,3,-1,18,-45,13,17,-3,11,49,-7,56,72,62,21,33,8,-28,63,12,58,31,-11,22,31,-44,2,-52,5658
37,-10,88,-27,12,24,77,-40,-41,27,-28,21,95,-6,31,13,-16,30,-58,-45,-34,25,58,36,-36,-33,42,-4,16,-66,14,57,30,-21,-97,4,-18,68,-49,49,-13,21,-48,84,45,58,-61,12,28,-52,-50,57,54,-98,50,65,-16,26,48,-19,-52,0,55,2,-5,31,0,11,69,37,55,66,20,-45,2,17,27,-3,0,12,-18,20,-17,35,39,-16,-1,-27,49,-37,38,-24,-5,21,57,46,2,85,3,50,6,-11,47,4,-10,51,-37,19,6,57,-23,46,-8,27,43,1,-34,-6,45,65,-96,52,-5,62,21,14,14,-26,39,7,0,70,56,32,-64,18,-28,-3,34,30,38,58,16,3,39,-14,-24,25,20,18,0,3,88,66,77,7,85,42,-15,18,-19,44,-21,-34,-40,1,-35,27,-33,27,-26,4,35,-29,86,-5,-41,94,23,-2,68,-12,-2,-100,16947
9,10,52,-12,-1,13,0,-35,39,30,-20,79,31,-10,23,11,0,-12,3,-6,-23,36,25,25,1,-20,-9,14,-19,-37,33,18,44,18,-58,9,8,38,-8,2,-21,-17,-10,58,-3,46,4,22,50,-36,-3,60,19,-58,23,52,34,12,20,-10,-1,27,40,22,-16,-14,14,21,49,23,29,29,-14,-33,-8,10,-9,-19,5,-3,-6,-12,-4,25,0,0,8,27,20,37,23,25,-24,40,48,0,-10,63,-5,20,-55,5,29,-52,-8,18,12,8,37,48,-36,23,24,5,-7,-24,-15,13,22,57,-58,62,0,19,-2,-38,12,-10,17,-6,27,48,38,33,-31,16,24,-1,17,35,22,20,11,-7,17,-9,61,30,0,83,-28,18,55,37,-1,6,62,22,8,7,2,29,28,1,-12,19,-22,49,64,4,5,38,17,18,57,13,12,32,13,6,27,4,25,-61,69992
0,-1,70,-1,1,22,-38,-40,-25,10,14,16,100,-9,100,26,-4,31,-8,-15,-2,17,21,50,0,43,18,13,-41,-36,37,42,72,43,-81,-12,-22,34,-12,18,-94,20,-12,82,21,90,-18,22,29,-30,-32,39,44,-60,34,46,-42,20,18,-7,-32,-12,42,-26,7,42,11,26,90,50,25,32,16,-40,37,36,31,0,2,0,-9,38,3,95,-18,0,-1,-41,18,-22,5,39,-17,15,45,-19,0,56,35,30,-48,32,60,-43,-33,30,16,6,31,43,-49,29,29,-24,19,-19,36,9,34,48,-61,38,13,38,-61,-20,46,0,11,-6,-15,61,40,26,-69,-14,-45,12,17,28,4,40,25,9,8,-43,-17,9,-58,12,-16,8,62,36,-35,-11,54,27,-21,48,-13,58,39,0,-17,10,-3,28,-5,-26,-17,31,17,-42,81,8,14,100,38,-1,31,-10,-11,-77,70021
-1,10,70,-15,-18,-7,0,-38,-8,9,72,70,0,-27,90,14,45,-6,5,-5,22,32,20,29,6,30,14,1,-50,-73,5,15,21,14,-58,-4,19,44,7,17,-71,-19,5,77,11,19,-8,12,38,-69,-10,-1,17,-52,0,47,6,-7,24,-11,-10,-48,27,37,3,100,4,14,14,29,15,18,-22,-36,24,86,-14,4,13,-16,-11,99,56,84,-6,-7,10,11,24,-14,18,0,-32,30,15,-12,-23,54,15,0,-77,66,16,-82,-4,3,2,18,15,14,11,12,2,-20,16,-34,25,16,-2,44,-50,0,-46,52,-34,-41,21,-15,57,7,-43,38,28,44,3,8,15,-44,6,44,16,55,16,6,58,20,44,8,-32,75,-33,11,37,49,-3,-7,52,14,19,15,-14,17,1,6,-8,15,20,36,38,-20,-18,10,6,12,77,15,2,0,12,10,14,-16,34,-58,70037
18,38,51,-32,21,-31,7,-43,32,-20,-25,67,25,-29,7,4,-6,64,28,-34,8,46,68,83,-8,54,13,-16,9,0,28,9,36,8,-82,-4,-20,37,-31,42,3,1,-31,50,38,73,17,28,32,1,-26,30,12,-40,12,95,-37,-30,45,1,-26,-22,39,-10,32,38,-14,29,75,82,68,23,9,-44,6,15,62,32,54,15,0,36,3,3,-7,0,-7,-22,47,26,5,3,-39,47,45,-12,-11,67,4,12,-45,11,31,-38,-50,13,29,-5,16,48,-13,22,23,1,19,-41,49,26,20,93,-39,28,41,25,61,-22,8,-31,46,-18,-26,45,35,52,11,3,20,42,15,54,4,27,5,-11,45,-13,2,-21,58,50,-24,34,51,35,7,-5,67,19,-15,5,-27,29,4,-9,-36,32,8,30,16,1,-35,9,13,22,49,27,29,31,35,-7,20,-19,-10,-83,70183
-6,-20,36,-17,2,-6,-33,-30,13,-6,-8,37,88,-20,28,17,40,-15,-28,-16,11,5,-6,7,9,-9,6,-23,-26,-5,20,17,45,2,-78,-2,-17,39,10,-14,-44,-41,10,33,-11,51,-40,20,36,-6,-41,51,18,-66,20,32,-1,-5,10,4,-39,-39,-16,77,19,67,-24,27,36,10,-9,21,-31,-29,-6,-3,-17,21,-25,0,9,50,48,30,18,15,8,0,10,7,5,5,-31,5,34,10,-20,33,-6,10,-61,-2,52,-65,10,13,-1,-20,1,35,-6,17,34,-6,8,-43,-11,-4,26,26,-63,52,0,2,-19,15,56,-18,34,-40,-35,72,-14,38,0,-26,-6,1,19,39,5,5,18,-41,33,23,60,-6,-22,28,14,14,46,37,-35,-2,32,21,-17,47,-4,49,5,8,-17,13,9,40,52,-9,11,-3,19,0,32,-4,3,87,29,9,21,-11,69,-77,70490
-7,9,63,-19,-11,0,36,-43,0,-12,5,58,42,-17,-26,17,0,-23,-3,-13,19,45,3,17,-6,8,36,-16,-56,-20,19,29,19,36,-69,-3,-56,48,-29,4,-60,0,-30,74,-2,67,-4,33,20,-18,-27,41,33,-64,-16,43,-20,-1,11,-1,-25,-20,26,-4,-34,-3,-15,33,66,18,5,36,1,-41,-26,47,-20,-37,18,-13,1,-1,-9,-30,4,5,14,-23,12,8,3,26,-32,42,20,4,-5,70,-25,-3,-42,30,34,-34,-8,-3,-22,15,-37,22,-37,-11,31,-6,38,-29,8,10,-8,40,-58,41,-12,32,-2,-7,20,-20,58,-44,-27,43,24,46,-18,-8,5,-6,18,46,0,32,14,-39,58,-37,-22,-13,-2,62,-8,2,74,46,36,-4,70,-15,-55,18,13,31,29,-5,-17,0,20,18,-12,-8,-15,-36,14,10,73,10,-28,44,25,16,35,15,5,-67,70673
-1,-1,73,-18,1,27,-31,-22,1,-19,-19,7,75,-12,15,3,-2,21,6,-40,24,27,33,33,-16,2,-13,-24,-2,-30,50,36,58,-20,-63,-13,3,55,-21,-24,-24,-1,-20,45,-28,70,5,26,39,-26,-31,58,34,-54,-18,63,0,28,23,-8,-31,-10,40,0,4,33,-22,28,71,32,32,12,2,-23,-1,-2,20,7,6,5,-10,25,-6,17,-17,-3,-11,0,21,0,28,-15,-13,26,25,-23,3,41,0,17,-31,-7,48,-34,-26,19,-27,-42,14,26,-14,21,29,8,-9,-11,3,11,-18,57,-52,57,-4,16,6,50,36,-18,57,9,-8,8,42,24,-23,-5,15,-3,28,21,27,15,1,2,55,-10,16,-19,7,21,48,19,12,60,-31,-12,40,26,0,30,-13,46,-17,-12,-36,20,26,41,9,9,-61,13,29,8,46,12,-28,71,5,-13,16,-14,-6,-64,70817
17,50,56,-19,-4,26,-24,-42,-7,-45,9,1,52,-34,93,16,-34,-2,10,-8,10,34,36,3,1,-19,0,-19,11,3,43,24,49,22,-37,-8,37,58,-25,20,-47,-38,-24,41,19,36,13,17,27,5,-7,35,20,-54,12,26,-69,28,39,0,-9,-20,39,9,8,2,-16,17,24,1,35,30,-42,-42,4,34,0,8,52,-1,0,10,-16,89,12,5,13,-70,38,-8,17,17,-25,32,38,-1,-32,73,4,7,-40,35,29,-38,-25,8,-3,-14,70,37,4,41,33,13,1,-22,-18,20,6,16,-54,31,-45,41,13,-29,24,-18,79,16,-20,17,40,58,17,4,4,-46,19,58,17,44,14,25,80,-46,-35,-45,12,8,-33,1,52,44,-25,-8,72,46,32,25,-36,35,17,1,-9,0,9,28,-24,12,-35,74,18,-7,40,19,-2,52,9,15,28,-34,19,-37,70834
5,20,64,-32,-11,1,33,-32,-14,-7,4,3,11,-55,56,14,18,0,0,-8,27,18,4,57,9,11,11,-33,-41,12,48,31,1,14,-45,4,-7,39,-6,-13,-49,-28,-11,73,-13,67,5,33,52,12,0,25,32,-33,33,5,32,0,13,-8,0,-48,25,-5,22,1,-32,25,73,55,9,48,-25,-33,-33,72,2,20,9,-9,-9,11,10,54,-20,-2,13,14,14,-18,-5,30,-20,15,-2,-16,-56,85,-32,-24,-78,47,17,-73,-4,-29,-32,11,13,0,15,40,31,-17,14,-26,15,23,39,14,-32,26,-48,34,14,-8,30,-32,30,13,-52,-19,25,32,-47,14,77,-47,15,35,-8,36,18,18,32,-19,26,-6,16,18,-5,58,63,40,31,0,85,37,-9,33,5,17,36,7,-16,58,28,50,36,-17,-5,17,15,75,73,22,-33,17,35,14,43,0,8,-51,71101
-10,45,54,-8,9,2,41,16,6,3,30,46,20,18,69,4,11,-16,16,-6,15,-9,42,45,0,52,3,-7,-16,39,24,26,11,15,-46,-2,12,35,18,-6,-86,-64,16,56,-11,73,1,13,44,42,-42,14,28,-50,21,64,45,5,8,-7,-40,-67,21,31,12,76,-5,10,73,50,32,29,-62,12,-16,26,-28,28,29,9,-8,44,10,64,-6,-3,0,43,10,14,-27,8,-12,-13,23,-17,0,41,-24,-37,-74,10,25,-78,-16,-35,35,-3,3,23,17,20,4,-17,4,-11,44,7,30,70,-47,13,13,1,-20,-8,18,-7,23,37,-63,17,19,46,-47,2,27,16,5,49,-25,2,10,29,23,-18,80,2,-23,39,-14,55,47,22,40,-3,43,15,16,22,-18,18,10,-5,-8,50,17,44,55,-18,-30,-9,6,26,55,5,40,15,12,2,26,-30,5,-48,71106
10,38,74,-17,-7,26,57,-35,-9,28,-15,12,31,-45,84,13,-41,41,-16,-34,19,34,20,7,-15,52,22,-2,-3,-48,14,30,32,9,-77,-4,6,77,-8,20,-10,-20,-13,71,24,57,-21,9,33,-47,-36,22,31,-94,21,39,-26,25,35,-9,-38,-28,44,12,58,92,-4,11,61,10,23,14,-25,-29,-5,13,41,52,57,-5,-7,94,-39,78,15,-1,-1,-38,36,-12,29,1,-20,29,-1,9,-26,61,-2,3,-52,0,-15,-39,-21,0,-14,36,49,3,-37,-4,10,19,23,-20,49,18,21,38,-91,20,-51,42,-58,6,4,-18,61,-60,-39,43,42,37,-33,9,9,-52,14,41,27,45,12,-45,60,2,23,28,-60,18,1,-45,54,72,55,-7,58,-2,4,6,-26,-15,5,-15,-39,-46,18,31,36,18,-20,50,13,15,70,17,-14,37,39,-2,10,-20,27,-79,71279
-3,42,29,-8,-16,-8,0,-11,10,13,-26,45,68,-33,77,10,-13,13,-15,2,7,33,32,31,-5,-9,0,-27,9,-8,-5,24,16,-34,12,4,-42,18,18,-7,12,-30,17,26,-9,55,-8,4,38,-13,16,38,23,-47,-41,7,10,-9,17,-6,17,-43,6,40,12,25,-26,1,58,32,31,8,-32,-16,-12,9,12,13,31,-15,-3,28,-33,76,-24,-1,1,-10,15,16,19,-21,-44,32,14,-29,-37,4,-14,-14,-42,0,44,-37,-11,-12,-28,-25,19,16,0,62,-7,21,2,-46,-8,10,-42,17,-46,33,-55,24,25,2,42,-8,62,78,-44,36,8,33,-2,11,16,-50,18,33,14,24,14,78,63,-22,23,13,24,26,-2,58,44,8,-1,3,0,61,-44,43,8,42,-20,-3,0,56,8,38,25,19,-42,20,17,12,28,10,-22,69,7,0,7,-2,43,10,71350
-19,52,56,6,-19,-35,42,-31,-17,8,31,27,49,6,20,14,-34,-6,-23,-19,-21,51,26,37,-22,-23,46,-10,-47,-25,26,58,3,-38,-58,-4,-6,68,-34,-10,-27,7,-37,84,-13,84,-31,19,15,-26,-10,75,58,-75,-23,61,12,-34,52,-9,-11,-3,28,67,24,41,-12,15,88,41,26,4,12,-31,-19,46,-6,17,55,-17,-9,34,-31,24,0,-3,-11,21,52,-10,44,-20,-31,51,26,-4,2,66,-14,17,-54,44,57,-46,-54,18,5,-27,18,28,-17,41,8,31,50,-31,-28,12,-26,58,-74,75,-27,65,6,-55,68,5,57,5,-9,100,26,75,-21,33,33,-20,43,78,42,64,17,12,58,18,50,7,6,39,-56,42,40,65,43,-6,66,42,-7,73,-9,52,-16,-24,-23,37,-20,14,51,31,-30,13,43,42,83,11,5,51,18,-13,4,-5,68,-60,71351
11,5,35,-18,16,22,21,-25,10,18,9,64,50,-21,58,6,-11,-12,34,-25,18,43,13,22,-19,23,30,-17,-18,-28,16,31,37,-4,-60,-1,29,49,-28,15,-15,-35,-28,46,17,40,30,14,37,-33,-15,62,33,-68,47,-1,-1,22,39,-8,-16,-30,34,28,-23,39,-12,9,54,21,8,21,-32,-31,-27,18,-18,-21,21,16,-10,28,0,61,32,-4,5,-6,38,12,25,-9,-25,40,21,38,-14,36,-31,1,-52,19,29,-57,-29,4,8,-14,46,19,-49,40,16,23,34,-18,24,1,52,10,-68,58,-44,31,-13,4,32,-17,30,11,-25,33,35,46,-12,6,41,-43,22,46,23,31,11,1,28,-14,35,17,-12,70,9,32,69,47,20,-4,34,35,30,27,-3,30,-8,-17,-28,34,22,36,25,22,-30,43,20,30,47,1,5,46,10,4,18,2,23,-66,71367
-31,68,74,-29,31,9,-5,-31,-13,7,11,-5,50,-5,-4,4,-19,33,6,-39,36,30,35,61,-13,-15,20,-35,-50,-22,35,39,26,-14,-38,-7,14,32,-20,27,3,3,-21,36,35,39,2,18,30,-12,-36,52,40,-31,-17,-10,31,9,36,-11,-36,2,48,-28,45,76,-33,15,37,68,32,28,3,-32,19,3,29,50,72,32,-13,70,-13,-4,4,-12,-27,9,37,-6,6,-15,-20,26,8,7,0,52,18,12,-34,-26,29,-25,-51,14,10,-62,3,11,-67,45,21,-14,18,-18,-20,12,-21,-6,-31,50,-10,41,42,-9,13,-29,56,-18,-2,44,52,20,-26,-36,2,-1,26,19,3,42,4,-22,56,4,45,7,38,-15,1,33,52,37,-8,-13,48,52,6,18,-34,27,-13,-15,-44,25,35,30,38,-13,-77,0,29,-3,38,10,12,52,15,-27,25,-33,-36,-43,71418
9,41,19,-16,-10,12,-43,-18,-3,-11,-50,-7,38,-24,-1,2,-8,6,17,-8,26,19,8,24,2,7,-33,-14,-43,-48,38,12,-51,-9,-43,13,-9,62,-21,-36,7,-16,-23,6,-36,14,16,17,24,-44,-23,5,15,-32,4,-49,0,13,0,-9,-25,-26,40,-3,-16,20,-15,13,20,24,9,54,-16,-17,-10,-47,6,-14,34,-12,-5,24,-13,-2,73,-4,-4,-11,0,3,6,-11,-11,16,4,76,-12,37,-10,-3,-33,-55,23,-35,-22,-4,-8,8,-6,1,-76,-10,37,-12,-32,-14,8,-4,-4,-44,-34,6,-21,19,10,38,45,-17,18,-16,-26,-3,40,-5,-15,3,-9,-20,14,-7,4,21,3,-14,18,-14,2,-9,11,-10,39,23,60,61,-48,11,34,-10,-10,41,-17,25,-11,0,-10,25,26,23,6,-9,-27,-3,11,-27,8,-2,-8,36,20,-3,50,-16,1,-42,71527
37,71,67,-1,34,37,-11,-34,-24,45,23,45,44,23,49,6,-8,28,-24,-21,-18,36,63,67,-5,29,39,13,30,-5,29,30,66,0,-68,9,-19,65,-11,51,-29,-61,-13,83,50,39,-32,20,41,-15,-12,57,28,-58,48,35,13,39,39,-3,-14,-1,14,-16,41,18,15,15,42,69,58,32,-56,-39,-2,24,24,42,66,37,-1,6,2,51,12,1,0,2,39,-19,64,-8,24,36,20,4,12,58,-4,21,-38,13,42,-38,8,21,-23,-2,26,23,0,43,-7,28,43,26,24,-27,62,40,-58,52,-4,57,62,-5,34,-2,45,14,0,48,17,41,0,29,9,0,23,41,61,58,10,10,45,1,-5,46,61,38,-2,48,54,56,-13,7,56,44,-23,26,17,39,-5,-3,-22,48,-18,41,-10,27,-40,23,24,3,84,-27,-19,45,15,1,31,13,-14,-74,71982
-10,18,65,-22,-10,-10,-32,-33,-19,6,-1,49,73,-25,61,15,4,-11,-14,-29,0,16,31,32,-10,13,16,2,-37,3,24,35,27,22,-81,-15,20,65,-34,15,-3,-52,-34,68,5,71,-15,33,45,-6,-37,18,36,-91,-38,71,34,-9,13,-9,-37,-49,11,40,15,63,2,32,74,40,27,20,-51,-29,-7,41,-15,21,22,-14,-10,48,1,58,34,-4,-20,52,16,-21,-29,4,-30,14,14,24,-7,58,-11,11,-100,48,46,-100,-55,13,19,0,29,13,-38,33,42,-28,18,-31,9,6,-49,73,-87,18,-30,36,-17,8,20,-22,10,5,-52,55,8,20,-27,-10,82,-23,18,24,-31,37,15,-1,9,5,1,5,-20,51,25,24,42,65,-34,-17,56,25,23,24,-39,41,6,-13,-32,17,0,43,-10,-30,-48,26,16,89,69,7,14,70,27,-21,18,-38,32,-80,72022
16,60,40,-39,21,64,-1,-35,23,0,-6,84,67,-39,62,8,-9,-3,-39,-23,-10,41,44,38,-9,-38,24,-31,6,-24,3,28,42,27,-49,5,-5,54,-17,29,62,20,-16,47,45,36,-32,20,50,-24,-13,41,28,-89,13,18,8,64,21,0,-13,20,28,54,14,11,-31,19,36,34,39,34,25,-39,21,21,-5,26,51,25,0,11,-22,61,46,1,-5,9,21,36,15,21,-67,43,7,58,-62,65,17,34,0,10,4,-10,-39,37,35,0,35,6,-27,33,15,23,14,-78,-30,12,30,23,-90,40,-28,47,0,-12,24,-39,44,45,27,44,29,66,-24,-20,15,-29,17,65,15,46,8,37,43,-49,-11,0,-1,56,-27,18,42,58,-2,4,64,37,-7,21,17,3,21,-11,-23,19,-13,51,-20,22,-30,33,15,2,47,11,41,64,29,-3,34,14,39,-49,72107
-29,43,69,-4,-19,0,-15,21,-44,32,42,-12,89,-7,-34,6,-22,15,-50,-29,0,-6,41,44,28,-26,24,-14,8,-46,46,51,29,-52,-34,-21,-21,-26,33,9,-34,49,28,56,8,34,-55,28,52,-47,-32,52,52,-14,-55,2,71,-1,13,-4,-33,-2,-4,17,0,-8,-14,26,43,47,42,24,48,23,10,63,17,-7,41,-17,-1,-11,-21,-35,12,6,-18,65,14,-43,34,-35,6,-7,49,16,9,62,12,2,-2,39,79,7,-57,1,-71,-90,-20,52,-69,32,6,0,28,4,-35,0,-47,7,-16,54,-4,39,32,-13,22,-5,49,54,-6,17,-4,17,-36,-12,33,0,40,19,34,39,8,57,48,15,99,32,32,-9,-9,48,50,-25,-14,-26,61,33,-24,18,-9,75,-30,24,-33,46,0,51,100,0,-95,-25,39,33,52,0,-71,90,12,-18,22,-8,22,-34,72205
5,6,20,-3,-9,16,-26,-49,48,0,-31,52,44,-13,11,14,2,35,36,-6,14,51,44,21,-9,26,3,-3,-1,-66,11,10,47,3,-7,-1,16,12,-13,8,11,19,-14,30,5,50,30,13,33,-80,8,31,10,-44,26,23,-40,14,29,-10,8,-1,29,-22,-10,7,-4,11,52,21,44,-16,15,-48,8,-18,35,-14,9,-9,-9,6,8,10,-12,-6,16,-61,29,39,9,-8,-1,46,16,-8,-14,21,9,27,-40,-10,31,-33,-13,27,43,-10,18,14,-26,50,21,11,6,-11,22,21,18,30,-41,31,1,13,9,15,0,-3,31,-36,-6,11,29,44,34,18,24,0,9,44,7,13,15,-23,33,-2,-34,-1,10,71,18,12,12,13,-29,-4,19,50,12,2,-5,32,-4,-7,-9,12,14,31,-24,10,-29,20,7,15,31,22,40,46,5,15,-18,-1,-8,-10,72245
25,43,-23,-21,6,30,9,-33,5,-14,16,40,21,-10,17,6,-4,-37,10,0,8,51,16,2,2,0,1,-15,27,-19,-11,16,36,4,-51,13,18,36,-5,-7,12,4,-6,8,-4,4,15,26,44,-16,24,47,17,-26,15,10,12,29,7,-3,22,-13,24,-32,14,45,-13,24,8,2,18,19,8,-35,1,40,-35,8,40,4,-1,51,-2,18,25,-1,3,-2,8,8,11,20,-44,50,9,28,-5,43,1,-10,10,36,-13,13,-4,-8,21,16,56,10,-52,24,-3,28,1,-39,4,7,20,19,-22,46,-63,20,-1,-32,9,-21,43,-33,-14,10,18,66,1,-8,8,-58,9,67,12,21,7,-37,43,-8,63,-14,0,46,-37,48,32,31,9,11,45,16,22,10,-17,-14,24,2,0,46,10,42,69,27,7,57,7,-2,6,8,20,22,29,5,16,-16,-29,-50,72360
10,13,54,-23,-42,33,19,-52,-10,9,-32,100,77,-11,47,32,13,29,9,-15,16,23,37,45,-9,65,-2,-24,-39,-87,19,56,55,65,-78,-14,14,87,-28,12,-42,-39,-28,100,12,93,12,31,54,-79,-26,37,56,-100,-13,46,-26,32,37,-15,-28,-33,21,-10,-7,54,-25,26,92,47,36,13,-37,-58,-24,83,29,-6,1,-38,-9,61,15,47,26,-2,23,-26,36,-7,12,39,-40,19,25,21,-8,78,-27,32,-88,65,49,-86,2,29,-16,0,52,31,-100,11,36,9,0,-46,62,15,-5,51,-100,35,-60,61,-15,-22,-19,-23,86,-41,-36,94,26,68,-55,4,45,-55,21,66,11,61,36,-35,86,-7,-41,9,-17,100,-16,25,42,93,16,-16,76,15,8,-20,5,49,40,-9,-15,26,16,52,-27,9,-2,57,21,37,100,14,-15,79,23,25,11,6,6,-84,72423
0,-21,29,-27,-1,12,-34,-20,-8,13,33,34,93,-26,40,10,-21,9,34,-12,-16,36,25,17,4,7,6,23,-32,-27,-14,26,23,32,-57,-14,-35,38,-16,20,12,-37,-14,39,25,34,25,32,29,-21,-20,42,25,-76,-21,77,-65,12,15,0,-20,-10,31,35,5,63,20,33,30,16,24,15,-36,-22,-1,61,7,8,-25,1,2,49,-17,37,6,6,10,-49,14,-11,-7,8,-34,35,22,17,-26,27,-4,7,-72,60,58,-73,0,6,-10,-5,27,18,-36,11,17,-5,5,-41,4,4,-29,81,-74,36,-31,2,-18,-26,43,-27,54,-19,-11,35,35,36,12,7,32,-32,12,34,-10,4,8,-10,55,52,7,13,-17,39,-26,-4,31,37,-39,-13,20,15,-36,44,-19,58,6,4,-12,-4,-18,31,4,-7,-23,23,14,31,39,4,-11,94,34,10,15,-16,31,-58,72424
2,5,71,-39,-38,-10,-6,-36,12,4,-31,55,33,-25,24,18,-35,13,60,-3,5,41,34,18,-5,33,-9,-13,-35,-34,27,19,13,37,-44,-3,-30,62,-11,9,-64,-69,-11,87,11,47,49,25,34,-35,-4,14,22,-68,14,85,-33,-10,14,-10,-4,18,4,-48,22,62,-10,25,39,21,36,30,-77,-34,14,24,8,22,15,-37,-10,47,-21,14,11,-5,22,-44,15,5,-8,20,-37,36,-2,12,-16,48,6,-3,-62,18,-19,-61,3,-5,-15,22,-26,-9,-49,-22,38,-9,-9,-36,20,7,12,82,-66,11,-72,26,-55,-6,15,-39,50,-26,17,38,4,47,6,7,44,-74,5,48,-9,28,19,-5,50,21,13,3,-51,52,3,23,30,60,-4,-4,45,-19,-28,15,-1,-16,21,-4,-5,25,5,33,22,-10,4,-24,5,43,87,7,-18,36,12,19,27,9,-38,-45,72425
6,20,26,-24,1,13,-23,-33,21,-10,-26,80,-29,-15,24,13,4,-38,62,-17,28,25,-18,6,-6,29,-7,-25,-27,-61,21,33,60,34,-66,-10,24,22,-15,-20,-5,-3,-16,57,-24,75,62,25,47,-60,-16,52,30,-39,3,36,1,13,19,-10,-22,-46,23,-3,-24,48,-23,19,80,7,-18,16,-3,-37,-44,49,-38,-25,20,0,-11,43,-1,27,-9,-6,-3,1,18,13,3,34,-27,18,-3,-19,-5,69,-47,-5,-84,45,7,-84,-29,-5,30,-16,32,-3,-41,15,28,-6,-1,-28,28,12,-3,33,-36,49,-55,12,-13,-4,17,-23,36,-82,-45,56,21,21,-42,15,46,-51,18,19,2,16,18,-76,37,0,10,-11,-10,95,-1,35,45,7,-24,-10,69,6,25,21,-15,7,37,-6,-17,36,29,45,6,-5,-46,32,19,45,58,11,30,-27,35,-2,16,-23,6,-73,72427
17,-32,91,-28,-10,20,9,-58,5,-11,-22,27,86,-56,-5,26,-7,16,-31,-33,23,42,37,-3,-7,47,16,-49,3,18,40,30,36,30,-80,0,-8,50,-18,2,0,64,-18,87,6,92,-32,23,47,25,-16,46,33,-90,35,35,-63,21,42,-12,-15,38,42,-10,5,-17,-45,25,91,-5,33,33,69,-61,22,100,11,13,-17,-10,-11,-32,9,-7,19,-7,0,-35,42,5,51,44,-73,42,31,8,-43,95,13,52,-47,99,52,-62,-33,58,-49,5,-13,28,-89,61,60,21,18,-65,48,19,26,27,-88,42,50,43,-26,-31,67,-25,58,-72,52,52,43,86,-42,-8,-1,52,29,88,48,45,24,-90,58,-46,17,-11,-21,20,-25,-71,56,47,9,-3,91,63,-10,65,1,50,45,-7,-33,-66,24,46,-4,20,-15,-19,29,7,86,18,-50,77,48,0,33,1,-26,-81,72556
7,36,55,-6,-8,35,-51,-30,0,22,-11,9,87,16,-22,9,20,24,-26,-34,-10,61,30,40,-19,10,25,26,-23,30,-7,22,40,-11,-75,7,-3,41,-24,-1,29,15,-28,48,-1,39,-41,42,61,35,-24,64,25,-68,66,46,3,36,14,-10,-24,-2,47,17,-13,64,25,36,52,45,28,43,15,-27,-19,-5,18,-13,38,-10,-6,49,29,-21,17,-4,-7,3,15,-6,63,-14,-15,61,70,8,25,6,-25,32,-80,-1,68,-73,-52,27,-25,-10,-4,66,4,37,27,11,26,-18,-1,-7,52,56,-70,65,55,38,-12,-21,5,-6,31,-72,-4,19,45,75,-27,-23,20,56,23,74,60,41,9,-57,33,4,28,24,-14,18,-8,10,45,41,-54,3,5,32,0,5,-5,70,-12,-20,-40,6,-11,58,30,9,-26,-5,20,17,48,-3,-29,91,40,-8,36,-7,13,-78,73023
5,38,85,-21,11,10,10,-33,11,54,15,52,62,-19,41,16,-13,21,-33,-25,16,33,33,30,-12,-5,-1,-19,-37,-56,37,42,82,25,-58,-8,-5,51,-26,12,-69,7,-27,94,4,54,-34,22,50,-57,-11,50,38,-77,31,75,-2,11,40,-7,-15,17,25,25,32,43,-17,18,57,29,29,17,9,-37,5,61,18,32,31,9,-8,34,-9,46,17,0,4,-24,41,2,8,6,-16,30,11,11,-19,51,3,47,2,67,16,-4,-27,48,-42,-21,35,11,-73,-4,12,4,2,-9,-4,8,20,80,-74,49,-13,36,-8,14,17,-23,70,37,20,63,26,34,-33,34,34,-10,24,31,9,34,19,34,70,-7,6,54,-8,62,2,-4,57,41,11,-7,52,-8,-5,17,-15,14,8,-9,-24,-5,17,48,-1,5,-43,33,25,26,96,10,-40,58,28,5,19,-16,22,-64,73057
11,51,88,-34,-21,26,62,-35,16,7,-25,26,57,-41,-2,22,-27,-2,47,-41,19,38,-9,12,-7,7,-13,-42,-55,-18,32,34,25,34,-60,0,-38,38,-28,-8,-28,-5,-29,95,-15,77,42,31,33,-9,-40,23,34,-83,-23,39,-67,25,8,-12,-44,-42,24,-7,-8,72,-41,33,69,12,-5,13,1,-35,-30,32,-2,-10,56,-23,-9,67,-51,-6,-1,-5,16,-70,11,17,-29,25,-55,32,7,-5,-35,58,-29,0,-91,35,31,-87,-21,-1,-75,27,-20,9,-54,15,10,0,-10,-52,5,2,-22,32,-81,23,-52,14,-61,-25,17,-34,62,-67,-49,7,20,29,-18,-5,-12,-55,16,33,-29,17,20,-72,62,-12,38,7,-55,26,-23,11,43,39,64,2,58,13,-39,20,-35,28,25,-9,-40,11,18,31,34,1,-47,-25,15,-2,95,1,-75,62,39,17,14,-39,-13,-58,73373
1,19,0,-21,-13,4,-21,-37,6,-12,39,12,67,2,13,19,-44,21,-40,-27,13,21,34,-11,-5,34,32,-24,-16,-29,13,22,0,10,-74,1,29,54,-25,27,-2,-13,-24,37,29,47,-51,17,29,-26,-33,25,24,-87,12,41,25,5,26,-8,-30,26,42,30,18,12,-25,22,43,-7,26,28,-3,-31,20,62,17,26,29,-15,-2,-12,-32,15,7,3,-6,14,27,3,7,10,-42,24,5,8,3,58,14,10,19,75,-24,16,-30,14,-15,4,-48,6,-4,10,10,-7,34,-36,28,12,5,33,-81,30,-24,36,-10,-20,22,-21,78,0,29,34,41,14,-22,17,27,-16,20,16,7,37,15,-12,77,-41,11,-13,-16,18,-21,-18,70,58,-21,-2,58,12,27,17,-4,-30,11,-8,-29,-21,16,29,-2,-12,-17,-57,18,31,34,13,-17,61,38,-6,26,-1,9,-70,73849
-25,40,46,-11,8,43,-70,1,3,36,4,71,28,0,2,3,10,-29,21,-26,-4,19,-6,-22,30,1,3,-25,-33,-10,48,30,-55,-35,29,1,-3,-8,28,7,34,71,30,0,7,23,19,10,41,-33,2,58,29,-29,-28,27,-10,41,18,0,1,-63,12,7,-26,-27,-25,12,28,-22,2,-20,73,-1,-29,-17,-25,-32,38,10,0,-17,2,0,-28,7,-7,-13,16,0,-27,0,25,15,38,-22,16,28,-21,13,-84,38,48,-72,-24,9,-40,-37,21,39,-100,35,37,-29,6,17,-2,-9,-34,35,-27,54,-66,0,-47,1,34,-13,40,7,-74,3,13,-41,-38,-3,36,-64,35,-43,-28,3,2,11,42,-22,46,35,-43,86,23,31,32,-9,-73,3,23,38,-4,31,-32,49,-4,31,-23,27,-6,43,48,-30,-42,18,34,25,1,-9,-35,37,38,-6,-17,-40,12,32,73893
-19,28,32,-19,-22,10,-14,-4,-6,4,-41,23,-12,35,54,5,25,36,5,-11,25,76,9,61,2,31,-9,-54,0,-21,-15,32,7,-35,8,8,-24,39,25,-58,10,-41,21,51,-54,63,-7,23,87,-21,31,51,32,-42,-13,33,29,11,3,-11,29,-80,-4,-1,-18,52,-57,20,72,64,9,33,-38,-1,-32,-100,32,-24,25,-21,-10,41,25,55,-1,-1,-1,17,5,-2,35,-23,-38,76,4,2,28,-6,-31,-22,-91,-100,26,-85,-23,-22,2,-77,-16,1,-18,52,-7,20,-10,-42,26,-17,-33,40,-40,55,-77,34,25,-30,70,-18,55,69,-82,-40,-11,55,9,40,3,-73,29,57,33,32,7,71,55,-15,51,4,23,32,-42,68,27,31,-12,8,-3,40,-19,65,-42,23,-19,1,-13,67,28,85,49,21,-55,-23,26,5,50,-17,0,-8,45,-2,30,-39,-1,11,73964
-2,49,58,-25,9,5,-20,-50,-14,20,-6,58,29,-24,-11,3,7,-2,42,-38,21,28,29,29,-17,3,45,-11,-30,-36,18,41,-4,8,-14,-21,34,21,-58,-23,31,-42,-60,24,-14,41,63,18,-15,-44,-18,11,40,-26,-25,21,-31,3,21,-8,-21,-41,47,-36,-49,2,-12,18,28,27,26,-19,-40,-49,-7,3,-4,-44,34,8,-7,14,22,-10,4,-8,-3,-21,22,-8,-44,-17,-44,21,32,6,-24,56,-15,-2,-61,28,20,-72,-4,4,16,22,24,30,-77,-1,37,-25,43,-48,12,14,-29,17,-24,13,-58,2,7,-14,25,-25,64,-11,-33,-9,50,31,0,-22,55,-52,11,30,-43,4,1,-18,65,-13,44,19,6,48,-13,58,71,18,-18,-20,57,0,34,28,4,21,-18,-19,-40,60,19,-17,45,-22,-22,29,12,58,23,12,15,21,10,-1,-20,7,-31,-14,74111
5,-19,56,-13,25,5,21,30,-33,-35,57,-29,64,19,-17,17,-22,-20,-34,-29,12,-31,5,17,7,-17,45,-43,22,5,49,38,17,-33,7,-12,-20,35,15,26,-39,48,16,48,31,27,-46,4,66,12,-37,-24,37,-39,-37,11,-44,5,10,-7,-40,-36,18,24,11,9,-43,7,23,16,7,23,52,28,-14,4,-19,3,-6,28,-9,0,-16,-14,2,-5,-11,-57,9,-35,26,-15,-52,-33,64,0,22,49,-10,17,-12,5,52,-10,-3,19,-7,-43,-30,64,-17,34,29,22,46,-47,-20,22,-29,0,-38,-29,-19,56,-2,-60,60,-14,51,-12,-39,-15,19,41,-45,-26,-64,-15,28,41,27,56,17,-7,51,1,44,-36,-2,-38,-64,31,33,25,20,-13,46,36,-21,54,-25,51,-16,5,-28,28,13,65,37,24,-64,-32,29,-50,50,22,-5,61,6,-8,24,-26,20,5,74114
10,-2,69,-23,-19,7,-14,-17,10,31,-42,29,51,-21,29,4,-10,7,-12,-16,0,51,35,33,17,-24,44,-26,42,-85,18,23,9,-18,-3,17,-18,48,52,-52,8,-31,49,55,-44,73,-11,27,70,-90,12,60,23,-42,-14,24,-18,8,6,-3,11,-1,-7,37,-9,28,-24,23,83,35,34,21,-28,-18,0,-22,5,-14,2,-17,-2,28,-12,30,-9,-1,-12,-12,6,11,36,5,-23,52,12,10,-22,16,-1,11,-35,-42,30,-34,-42,14,-14,-45,22,13,48,19,-12,36,45,-23,-24,23,-14,32,-40,60,1,20,22,-3,55,-22,33,41,-3,7,-8,2,-22,29,54,9,29,3,32,18,7,40,34,18,52,31,21,38,-10,40,24,56,-15,14,15,15,-19,57,-4,29,7,18,-19,37,3,70,52,36,-39,19,27,50,55,22,-14,51,49,-15,19,0,39,-6,74133
3,-20,70,-45,1,47,4,-51,-18,-18,-63,6,71,-37,51,12,-37,-2,-12,-23,4,25,5,-12,-16,30,12,-13,-12,-60,10,33,-15,20,-58,-18,-19,57,-23,25,-24,37,-20,70,22,76,-5,16,3,-55,-33,20,32,-99,8,63,-17,48,32,-2,-32,-6,23,-2,4,66,-11,16,69,-14,5,7,44,-54,7,80,-4,12,-10,-4,2,62,-34,47,-14,7,10,-22,33,-26,23,9,-54,28,20,-8,-37,58,4,15,-45,79,-5,-56,-50,18,-48,11,60,22,-77,32,26,3,16,-52,35,17,13,54,-100,17,-50,23,-71,-1,4,-44,77,-52,0,67,22,27,-35,-2,6,-47,18,24,23,26,13,-65,77,-46,-4,-18,-74,19,1,-61,43,52,4,-14,60,29,-14,2,-18,-7,5,-16,-17,-58,3,5,-6,4,-16,55,16,6,70,17,-49,65,25,9,10,-18,-9,-56,74211
-19,69,68,-5,28,-17,96,15,-27,2,9,67,79,4,46,-1,9,5,-18,-24,17,16,22,31,-24,-27,22,-23,-19,-21,20,42,-16,-14,-14,-7,4,31,-22,-9,27,1,-20,33,-8,30,-2,19,60,-20,-13,55,41,-23,-40,-18,0,-20,14,-1,-15,-11,4,26,7,55,-26,19,36,29,30,10,0,13,13,11,18,1,65,28,0,81,6,47,-7,2,0,-9,12,-27,-40,-17,27,14,0,-19,-5,11,21,-5,5,2,42,15,-9,-7,-5,-31,40,1,-66,22,13,7,18,22,-19,3,-52,-18,-22,52,-73,30,15,-4,-21,-4,14,54,-19,16,7,61,-41,6,56,-70,10,58,-42,30,-2,64,12,-10,35,1,19,75,-9,76,58,20,90,-8,5,28,0,-12,0,44,-16,-23,-26,74,17,60,37,8,-69,48,11,41,36,3,-2,82,10,0,9,-2,33,-15,74449
-21,78,52,-10,14,-13,-41,-12,-9,-30,38,5,-7,10,4,1,-28,22,-15,-25,-3,15,29,37,-9,26,5,-13,-16,-12,45,36,-46,-20,-86,-5,0,52,-16,20,-6,17,-16,29,16,61,-14,24,48,-6,-38,34,36,-65,36,9,36,-13,24,-6,-37,-8,31,2,28,42,-15,26,58,36,31,37,21,-11,13,21,23,27,87,6,-7,42,-37,0,44,-4,-26,25,26,-5,30,-26,-22,12,21,54,10,23,13,27,-66,12,10,-65,-29,27,9,-32,25,17,-21,41,34,-24,5,-25,26,9,18,8,-63,35,5,45,13,-31,45,-11,37,-20,-9,52,32,10,-39,-11,49,5,16,12,29,46,0,-28,37,-5,18,-32,13,1,-29,4,64,58,-43,-8,21,39,0,46,-37,12,-27,-9,-25,4,-4,49,20,-23,-63,21,17,52,28,9,9,-2,17,-26,36,-44,5,-84,74579
10,27,83,-6,-13,25,11,-21,26,17,-7,41,28,-56,9,11,-67,5,45,-23,-7,39,27,9,-19,11,58,0,3,-39,32,36,75,28,-52,0,4,24,-35,30,-1,-56,-33,58,26,60,48,20,32,-42,-13,54,38,-75,-35,51,-67,26,19,-5,-12,9,-1,-2,-3,58,0,21,61,14,27,-11,-52,-21,-9,20,7,-7,18,-18,-2,62,-58,14,-24,3,6,-63,20,30,-19,8,-28,39,9,-33,-54,33,-5,5,-56,13,-2,-46,9,9,-9,6,-6,15,-46,49,24,12,62,-22,12,10,-48,55,-70,55,-52,54,-5,-42,36,-7,87,-43,3,26,-1,32,-46,4,27,-45,8,34,-21,56,9,-46,85,-26,42,17,-11,27,-44,-8,42,20,11,-1,33,51,0,25,-50,-9,8,-20,-25,-11,-6,34,52,12,-26,-7,8,20,58,10,-3,21,-17,7,-11,-52,-3,-50,74584
15,14,76,-13,8,11,-51,-39,7,28,-17,41,41,-11,21,14,-21,-41,-20,-17,17,23,14,35,1,1,14,-16,4,-43,37,29,4,4,-23,-5,23,15,-14,-17,29,29,-13,44,-8,52,-4,15,19,-39,-8,39,28,-40,-2,-15,-10,10,26,-4,-8,-45,36,-5,6,-3,-17,11,42,32,13,-6,30,-44,-54,-12,-38,8,21,12,0,9,-16,19,-26,7,20,-25,23,7,22,1,-11,24,2,-38,-18,24,-55,-6,-61,-22,30,-66,-21,-4,-7,27,-15,4,-79,31,28,-6,13,-14,8,-12,0,-23,-40,37,-36,21,10,-25,33,-13,40,-47,-40,14,37,13,-11,-4,40,-32,18,13,20,23,15,-49,39,-15,10,27,10,46,-25,33,64,5,-52,-4,23,31,22,31,7,31,2,2,-17,36,16,21,22,-8,-6,-10,19,21,45,-11,-2,40,3,19,-4,3,4,-26,74706
7,52,41,-16,-3,27,0,-41,45,1,-16,69,68,-22,1,15,-18,-2,-47,-22,-3,36,5,11,-15,-49,10,3,19,-71,23,25,46,10,-34,-8,33,49,-30,26,-13,32,-31,58,21,41,-29,18,12,-74,-17,36,25,-57,-15,-48,9,27,16,-6,-17,35,35,21,21,10,3,20,44,10,15,15,31,-39,4,8,9,13,55,-7,-7,36,-22,-2,0,-3,6,-1,20,41,8,7,-30,34,0,-5,-16,28,10,23,-33,9,40,-16,-26,21,-8,-1,-15,2,-51,46,5,13,12,-31,-42,10,-28,-44,-57,34,-15,30,-31,-29,2,-16,67,5,21,20,31,58,-15,-3,15,-13,13,57,9,29,10,15,65,10,61,1,-29,73,-30,8,66,49,1,-7,27,41,35,2,-3,38,8,-16,-24,6,-4,10,87,12,-23,-3,15,19,56,8,-13,75,20,6,12,-3,42,-33,74716
-7,10,80,-8,14,-2,-37,-43,9,-13,-54,36,58,-35,-49,16,-32,0,71,-4,16,39,31,75,1,50,34,-12,-44,-58,27,36,-25,30,-38,-11,-4,70,-16,10,-50,32,-11,71,15,47,83,28,21,-52,-20,48,35,-73,3,19,-14,-2,29,-4,-19,-30,38,44,-47,49,-6,28,49,75,27,27,39,-51,-9,17,0,-43,22,16,-1,54,-24,-51,30,4,26,-32,26,17,-12,1,-38,38,-15,29,-19,60,-11,13,-63,13,24,-65,-44,18,3,4,-12,-13,-65,27,61,-36,39,-30,52,15,7,16,-73,40,46,32,-3,-42,21,-7,34,-92,-24,78,42,60,-26,8,4,52,9,58,-13,33,19,-100,34,0,34,-12,-3,25,-42,51,52,62,-42,-9,56,31,-8,19,-38,22,0,2,0,52,17,22,21,-36,-21,-14,8,0,73,16,10,55,6,26,30,-40,29,-39,74717
-14,76,47,-14,10,9,-48,-52,-10,-3,64,5,82,-3,39,7,-4,2,-19,-24,6,37,19,15,0,14,9,-16,-45,-98,24,32,-19,-12,-52,-7,-36,39,-18,11,56,-41,-17,22,8,36,-13,30,22,-100,-12,44,34,-70,-2,6,-15,9,20,-5,-12,10,34,38,7,46,-18,31,45,15,21,24,-45,-52,24,-100,3,10,83,8,0,44,-10,36,1,4,-7,-13,21,-4,10,-1,-43,40,23,7,-7,52,26,16,-71,-82,64,-71,-37,19,-1,-43,10,25,-5,36,44,-5,8,-43,17,13,-7,17,-70,44,-5,36,-9,1,54,-16,45,0,9,40,37,11,-13,2,37,-5,19,11,9,36,7,-12,46,-24,14,-3,-8,-9,-4,10,52,39,-48,-7,50,40,-38,51,1,62,-1,-2,-25,8,4,24,4,-5,-48,8,19,34,24,13,2,79,25,-4,24,1,24,-49,74759
7,27,11,-27,26,-14,-4,-38,4,-5,45,54,87,-15,-33,10,0,-7,11,-4,22,54,51,49,-1,19,8,-32,-31,-33,-9,29,43,60,-98,3,27,42,-5,7,-12,19,-3,52,6,52,17,34,60,-40,-9,65,30,-30,-5,58,44,-13,27,0,-7,-1,32,-18,-33,41,-28,35,60,46,47,19,21,-40,-13,50,-10,-28,32,22,0,42,7,-39,-9,2,-7,51,27,2,40,36,-45,55,49,-6,-18,62,-17,9,-42,55,61,-50,-44,13,26,4,0,49,-47,17,10,23,9,-42,19,13,1,71,-28,62,52,9,13,25,37,-26,73,-85,2,50,31,47,-45,30,68,54,15,49,39,8,10,-85,73,-10,12,-5,12,58,23,37,44,44,-4,4,60,14,31,32,-3,62,35,-2,-4,39,22,60,18,19,-14,0,14,63,50,14,22,85,47,-7,20,4,-15,-99,74882
-18,20,64,-29,5,0,80,-1,-44,29,-21,5,48,3,34,3,-29,5,-27,-43,3,24,14,38,-19,-15,12,-36,8,-41,20,50,32,-35,-48,-20,13,14,5,26,-100,-34,3,71,27,62,-27,15,46,-39,-18,61,48,-63,-28,43,25,0,45,-5,-22,-40,34,41,-9,41,-33,12,65,40,13,6,-34,-4,-2,-6,3,-10,25,5,-5,31,-32,36,-19,0,-15,22,44,-40,36,-26,-21,22,37,-12,4,68,-8,-14,-70,-16,40,-68,-30,-13,-64,-57,5,33,-60,32,-6,20,12,-15,-17,14,-23,40,-61,62,-45,36,3,-30,41,-28,30,12,-39,50,35,45,-18,25,47,-41,42,46,37,35,9,8,29,16,63,29,5,10,-28,32,14,15,81,-19,68,32,9,44,-12,37,-27,-20,-42,32,5,45,58,21,-42,2,41,45,70,13,-62,48,24,-17,7,-11,40,-49,74883
-26,-2,71,-33,-1,0,35,0,-39,4,60,14,35,-19,24,0,6,15,8,-38,17,36,25,40,-15,11,-2,-45,-22,-68,20,48,30,-23,-32,-6,-30,-11,2,-3,-70,-11,-1,61,-1,73,9,25,46,-72,-26,82,47,-46,-21,41,-6,0,19,-5,-27,-35,8,5,3,34,-43,20,74,40,25,28,-6,0,-6,56,15,-2,7,0,-4,33,-2,24,-29,-1,-15,-16,21,-37,20,-20,-15,36,6,-24,-2,48,-8,-2,-62,50,42,-58,-27,-2,-40,-76,8,6,57,54,4,15,1,-11,12,12,-30,33,-44,83,-37,12,19,-6,17,-32,11,6,-35,20,6,31,-49,2,8,-32,31,32,19,13,0,8,12,-26,13,4,20,23,-15,32,60,-20,36,-8,49,47,-29,23,-26,41,-18,-17,-40,32,18,45,16,16,-26,7,29,22,61,12,-40,34,15,-14,25,-27,11,-34,74956
2,63,48,-14,-15,0,-23,-21,16,-9,18,68,100,-33,45,19,30,6,-28,-14,-4,20,26,-4,-2,-13,23,-19,-13,-38,32,35,68,13,-41,-5,41,66,-4,5,-52,34,-6,62,9,41,-31,16,43,-46,-28,51,35,-93,7,26,40,0,36,-4,-29,-21,9,31,-10,42,-17,13,50,-5,20,18,40,-22,-1,87,3,-10,61,-11,-5,37,33,46,27,0,10,38,35,11,12,-3,-22,16,33,37,-34,44,-3,37,9,78,41,5,-3,40,0,-15,44,33,-81,26,21,5,23,-20,-13,10,4,35,-90,50,-34,38,-36,-36,3,-14,58,18,-18,36,12,34,-22,-7,10,-32,26,34,11,38,23,12,58,-18,-1,-8,-38,74,-35,-24,42,52,-23,-9,42,28,37,0,4,39,0,-1,-16,-25,-3,42,-1,3,-25,40,25,58,63,11,0,100,4,10,15,7,28,-47,74970
-2,24,90,-13,-5,10,-7,-33,14,-1,-14,46,62,-1,100,18,-4,17,-80,-22,2,38,40,23,-1,-49,-11,-7,-57,-30,50,42,56,9,-94,-4,5,68,-20,9,-55,-34,-21,94,5,93,-80,33,57,-28,-19,56,41,-79,49,88,-6,12,33,-10,-21,-11,52,61,60,52,-6,30,100,19,37,33,-34,-35,19,-15,15,57,36,-5,-7,36,0,100,-14,3,8,-11,33,17,21,0,-29,37,41,-17,-6,60,18,8,-29,-7,8,-38,-30,8,13,-35,65,40,-30,26,26,-5,-6,-27,-47,-1,50,90,-79,57,-44,36,-22,-19,12,-12,45,66,-9,46,54,61,-21,23,35,-46,32,58,20,37,22,66,46,-12,14,0,-18,42,-23,-39,58,68,-6,-3,60,25,5,14,3,7,3,0,-21,-37,3,56,0,-3,-44,63,32,51,94,-1,13,58,23,9,36,4,50,-95,74980
4,-25,35,-24,2,6,-3,-28,6,-14,17,-7,41,-10,23,15,-3,-31,79,-13,22,29,0,23,-7,34,14,-21,-22,-8,7,22,29,28,-52,-15,-12,36,-13,5,-58,-29,-15,54,2,56,73,7,19,-7,-14,20,21,-52,13,47,-14,6,27,-6,-16,4,23,-4,-58,26,-23,3,58,24,0,11,-27,-30,-40,27,-31,-62,-27,1,-6,15,-3,25,33,-1,3,-16,28,7,26,7,-29,27,30,36,-6,64,-40,0,-43,30,26,-44,-14,-2,-54,-6,24,29,3,21,20,-1,14,-32,31,5,6,56,-50,21,-28,45,-11,-28,31,-24,32,-62,2,20,22,11,0,21,-43,-26,16,10,24,44,19,-60,34,-3,-23,-15,-12,-2,-19,15,33,39,-3,-16,63,21,-16,38,-4,24,11,-6,-14,13,22,18,-25,-1,-15,23,16,-31,54,5,-52,39,15,3,11,-2,-1,-55,75055
2,-25,-8,-3,-34,33,32,-32,40,21,-4,52,27,-4,41,12,19,-2,52,12,10,26,16,34,-10,40,-23,-6,-10,13,-4,11,-14,5,-36,5,28,22,6,-49,-31,-41,2,4,-47,41,62,9,33,6,-6,35,12,-38,62,26,-45,29,16,-12,-7,-32,12,6,0,45,-10,10,39,31,24,9,-51,-27,-19,-44,5,-12,-18,-25,-6,71,11,34,48,1,16,-67,15,26,-8,12,32,23,29,25,17,6,-16,6,-76,-65,18,-65,-5,2,26,9,49,26,11,-3,14,8,-24,19,44,12,38,35,-38,32,-7,-10,5,57,36,-5,32,-31,-37,12,16,16,-3,11,-25,-11,4,13,-14,-5,6,2,34,-10,1,22,9,79,58,16,49,9,27,0,0,2,21,27,6,27,16,-8,5,21,9,29,46,6,-23,62,5,-6,7,12,24,34,4,13,6,1,46,-40,75061
5,-54,4,-17,4,17,1,-33,-4,-3,14,16,26,-27,82,4,-15,0,41,-23,9,29,5,98,-11,34,10,-5,-40,-50,-7,27,7,19,-80,-2,17,50,-26,13,-18,-20,-27,32,10,89,41,19,27,-50,-28,37,27,-68,-19,48,-23,15,20,-6,-29,-50,25,11,30,33,-3,18,87,94,10,32,-18,-35,-19,19,4,22,-41,7,0,41,-23,82,14,5,-5,-24,19,-8,10,3,-35,29,0,-1,-27,51,-14,-22,-78,16,14,-79,-34,-23,-7,-1,33,0,-25,29,21,-4,10,-40,42,18,-9,41,-66,37,-70,13,-43,-25,28,-17,12,-46,-52,28,25,10,-39,-5,-5,-75,10,10,7,14,5,-38,13,-10,-39,-3,-42,23,-25,33,48,41,0,-1,50,30,16,32,-26,15,5,-9,-24,34,9,27,-24,-6,-19,37,9,2,33,18,-5,25,15,-3,32,-29,24,-82,75074
25,42,56,-21,-14,4,-8,-17,1,-13,23,66,3,8,24,10,-4,-3,58,-27,10,38,7,35,-1,32,-3,-8,22,3,15,24,55,27,-58,0,-6,62,-15,-17,-19,-40,-14,60,-20,13,52,25,50,9,-16,58,23,-37,25,-43,-32,5,16,-12,-16,-44,12,-1,-56,38,-5,20,10,35,-1,32,-34,-21,-24,46,-12,-43,33,-16,-11,18,1,27,-31,-7,8,-32,18,2,36,29,-36,39,3,-25,17,50,-33,-17,-61,30,19,-72,-30,-13,-9,-6,5,4,-12,26,10,22,1,-28,29,0,1,-46,-36,60,-45,38,16,-9,-12,-19,15,-47,-34,12,11,44,-24,0,-3,-36,16,44,36,39,15,-60,14,17,10,-12,14,66,-16,36,35,52,-3,-1,52,18,-6,-18,-11,15,29,0,-25,37,11,51,-12,25,-31,-1,15,-4,58,0,-7,-2,23,9,33,-12,-17,-60,75150
13,24,51,-20,33,5,18,-25,-18,-5,51,24,34,2,36,9,-5,7,0,-24,10,13,22,56,-7,27,8,-15,-3,-41,1,36,55,3,-86,-7,7,45,-14,3,-28,-26,-11,50,-1,85,-6,24,60,-39,-25,56,32,-46,25,15,56,7,14,-6,-26,-24,25,7,25,38,-16,26,84,57,21,50,-26,-26,-14,46,7,23,32,32,-8,30,-5,38,8,-2,-5,51,13,-11,18,26,-24,14,1,-4,0,67,-11,1,-61,33,26,-62,-21,1,1,-18,19,2,13,43,18,7,10,-18,26,7,16,10,-44,58,-30,39,10,37,72,-19,33,-1,-25,25,32,44,-34,8,12,-32,14,41,18,37,8,-5,33,7,21,-4,10,12,35,54,46,46,19,-4,64,54,-1,74,-4,25,27,-5,-21,52,12,61,17,9,-39,16,15,11,50,7,5,32,30,-7,52,-3,3,-87,75168
-17,47,57,-24,20,0,33,23,3,28,31,32,47,16,0,4,9,10,57,-17,25,24,6,37,-5,-6,32,-43,-2,-1,6,33,51,34,-26,-5,-29,11,24,26,31,-38,27,52,24,18,65,10,46,-3,-12,42,34,-24,-57,-9,9,2,9,-4,-8,-42,28,13,-60,43,-36,8,20,41,2,35,-31,21,-23,-8,8,-54,49,15,-1,48,32,4,3,2,-28,0,8,15,19,17,-22,26,-5,1,9,52,-24,-23,-62,-16,44,-62,-18,-19,29,-30,-1,-3,30,38,-27,13,35,-9,-4,10,-57,3,-23,43,-63,61,8,7,17,-25,46,6,-38,14,31,-2,-5,8,57,-55,26,0,17,58,7,-4,42,27,42,27,5,15,-4,52,41,5,32,-8,48,41,-30,13,0,39,15,-4,-16,49,25,48,44,12,-16,-1,26,28,51,8,32,44,15,-26,33,4,9,-25,75212
16,-20,-7,-9,10,52,-27,-39,20,-31,41,31,11,-12,22,9,-16,-65,-38,-10,4,35,-40,-3,-8,-3,1,-18,9,-16,16,23,49,22,-62,-11,-9,32,-10,21,-49,11,-8,26,19,38,-34,17,32,-17,-16,32,21,-81,48,-3,-4,51,22,-6,-18,-58,36,-19,-27,-9,-19,15,47,-6,-32,5,9,-44,-60,28,-57,-38,-18,12,-8,6,-27,22,-8,-3,-1,-12,18,30,42,15,-25,31,54,-1,-5,43,-52,-3,-57,29,18,-50,-54,-8,20,-1,-45,57,-14,21,11,8,3,-27,0,9,44,8,-80,27,-33,46,-62,-14,24,-10,-6,-68,-66,72,40,22,-10,5,6,-35,14,19,38,48,10,-51,-5,-30,-51,-31,-58,31,-12,-19,51,35,-30,-9,39,28,-19,22,12,19,17,-5,-7,-19,3,32,-33,6,-15,-38,13,4,29,9,21,18,13,-2,7,7,-1,-65,75500
25,45,58,-3,26,26,15,-38,7,3,72,43,82,-2,-3,12,-30,11,-11,-35,-6,35,34,34,-9,9,48,-11,13,58,18,33,62,11,-74,5,13,67,-26,22,-14,49,-27,62,22,39,-19,19,39,61,-22,39,32,-52,17,-30,-50,25,30,-7,-22,14,24,-23,9,27,-11,20,45,37,36,24,48,-37,7,51,11,5,49,27,-7,20,-30,-1,-6,-2,7,-55,31,6,39,1,-5,34,48,-4,2,52,7,30,-11,51,58,-4,-37,29,-3,0,6,46,95,42,8,29,48,-6,3,13,8,-23,-51,38,7,57,17,-25,17,-3,47,-6,10,8,23,63,-35,-19,-11,7,24,61,38,56,13,-1,49,-17,-12,3,16,54,-24,27,49,66,15,5,50,43,10,18,-11,60,1,-7,-35,25,-5,37,-10,29,-8,5,24,-16,63,12,-4,86,19,6,22,-9,-20,-73,75593
15,-9,40,-6,-14,24,26,-30,16,5,-23,36,22,-29,48,11,-41,17,12,-16,13,17,29,41,-14,39,25,4,14,19,-15,23,-7,-1,-36,1,29,34,-14,-11,50,-25,-16,28,-8,38,22,6,13,24,-7,-1,23,-54,12,23,-46,23,25,-4,-8,-15,9,17,3,33,0,7,37,38,35,4,-24,-27,-16,27,25,1,-8,-13,-1,44,-45,43,-12,0,10,-45,25,13,16,6,12,17,25,-13,-17,29,-11,0,-65,10,14,-62,-34,-2,35,29,29,25,7,-6,0,11,26,5,45,2,-2,20,-52,-1,-11,26,19,-1,18,-7,35,7,-18,0,10,14,-10,12,19,-12,7,12,13,26,10,8,36,14,-8,5,19,36,0,39,43,32,28,1,28,-4,26,13,-9,16,7,-13,-17,39,12,12,4,12,5,34,9,16,29,2,37,23,20,11,3,-10,23,-36,75596
18,28,86,-15,1,37,30,-28,-12,25,7,42,51,-31,25,14,0,56,-25,-26,7,32,78,87,-22,58,3,-4,-1,-42,19,36,-11,2,-75,8,8,63,-29,8,19,-25,-27,76,5,77,-28,12,40,-38,-22,54,31,-78,24,62,39,38,32,-9,-25,25,11,15,9,38,-4,13,71,87,79,38,-21,-28,38,56,56,8,24,0,-7,30,1,26,0,-7,5,29,32,-12,51,-7,-14,29,23,-3,-25,75,39,40,-46,58,24,-43,15,40,-52,20,13,22,-49,40,4,13,7,-13,58,6,21,60,-78,52,39,52,64,2,5,-14,72,20,23,34,11,45,-33,14,26,42,24,42,50,52,13,16,73,0,-5,25,64,46,-4,25,57,58,31,12,74,40,8,4,21,24,-9,-19,-22,25,7,38,-7,14,-2,13,23,17,79,5,-52,52,26,6,38,17,12,-73,75597
20,18,77,-23,12,12,-3,-26,4,-8,-16,66,77,5,20,15,0,0,-57,-17,23,45,28,37,12,-34,-1,-35,-11,-50,28,22,39,21,-62,10,15,41,2,5,-12,-6,0,77,3,83,-69,34,74,-57,-3,70,24,-75,38,3,-12,15,28,-3,-3,10,14,68,31,18,-30,28,82,40,23,48,-1,-27,-5,-51,-6,32,21,6,1,0,8,23,6,7,5,-6,30,6,24,25,-39,46,34,2,4,75,-9,27,-51,-52,47,-54,-36,29,-46,-12,-9,35,-73,48,3,14,6,-29,-40,18,36,2,-71,74,6,44,-3,-23,36,-22,75,73,14,40,14,50,-10,32,17,9,28,52,24,45,20,66,74,-15,96,-8,-4,57,-23,22,43,42,-1,7,76,41,17,35,0,41,27,11,-21,20,26,74,84,15,-45,-17,28,15,75,18,-40,74,45,4,46,0,58,-64,75600
-12,58,66,-26,-2,0,44,-21,-15,1,-71,45,70,-70,29,18,5,37,3,-26,25,32,40,26,-7,4,-8,-33,-79,-73,-1,35,-22,33,-58,-7,-32,33,-37,-6,-48,6,-36,65,-8,55,-21,34,32,-72,-31,36,32,-55,-30,24,-54,1,7,-8,-32,-10,-48,25,58,49,-33,34,51,24,42,13,10,-23,23,8,34,51,44,-2,-5,24,-1,31,-90,-3,9,-58,6,-12,-16,23,-54,32,6,-100,-74,67,25,-2,-42,23,37,-50,-28,-1,-93,9,1,6,-65,-3,45,-16,-6,-54,3,14,-15,24,-54,37,-35,13,13,-8,39,-25,62,-32,-9,18,-52,35,-23,7,-19,-40,13,35,-14,18,21,-25,62,-6,41,0,18,47,-8,3,36,35,44,-6,69,-6,-27,39,-11,35,20,-7,-19,7,26,33,31,-16,-19,-9,12,-18,64,13,-92,70,27,10,16,-16,16,-58,75605
5,29,39,-11,7,16,-8,-39,21,-6,-26,40,68,7,38,13,-4,32,-4,-20,7,25,49,54,-8,10,19,-16,1,-39,1,25,21,20,-63,-4,4,47,-15,-1,-8,8,-16,51,-8,33,-9,20,35,-38,-22,25,26,-58,3,24,23,17,18,-7,-22,-24,37,12,27,19,-14,20,37,55,46,21,7,-38,4,-3,28,31,33,3,-6,6,-3,39,35,-2,1,20,20,17,27,5,-17,25,19,29,11,38,0,7,-69,1,57,-70,-33,8,17,2,13,18,-25,40,12,10,24,-14,8,23,2,24,-58,27,-8,29,12,19,16,-11,62,60,-21,56,33,29,-19,0,44,-5,8,31,27,30,13,52,60,-4,13,-6,13,47,17,49,51,47,-7,-7,39,34,8,19,-9,55,8,-8,-23,48,9,34,1,10,-27,8,7,36,49,22,15,66,26,1,20,-12,3,-61,75628
18,11,25,-12,-23,2,-54,-18,15,-9,0,30,44,-40,47,-1,-12,38,16,-10,-5,51,46,11,-18,-8,16,-12,22,-22,12,10,11,-23,-23,8,15,35,-4,29,52,-40,-4,15,29,1,11,7,34,-28,5,46,11,-50,50,-7,20,3,19,-8,2,-4,0,11,-49,22,-15,7,3,11,45,17,-40,-17,0,45,37,-46,6,-22,-7,15,-11,47,-12,-6,2,16,19,13,31,-15,-40,49,22,-20,-33,4,0,5,-23,40,5,-22,-6,5,41,17,22,20,-62,4,-13,14,16,-44,-14,-11,36,-2,-49,44,-25,32,27,5,8,-14,27,48,-6,-15,0,1,21,18,2,-25,12,1,29,31,-2,50,27,9,-17,-9,26,36,4,14,43,30,-52,8,1,7,11,7,22,6,-14,-14,-10,12,-5,33,-17,14,-21,23,12,1,16,-10,39,45,14,0,15,22,14,-24,75663
3,38,54,2,-14,16,-56,-32,27,10,16,52,19,-6,5,10,-14,-7,4,-4,4,44,25,31,5,-6,19,2,0,57,2,22,-14,-11,-5,9,-16,28,0,-22,72,14,1,33,-23,38,10,20,36,57,4,30,19,-48,-19,49,-47,15,6,-6,2,-35,7,21,-3,72,2,20,36,29,28,0,17,-32,-25,64,-1,-3,31,-16,-6,76,-12,5,5,0,17,-47,7,25,10,10,21,45,25,10,2,8,-22,8,-52,69,26,-50,-22,8,17,16,37,25,-48,18,7,-2,20,17,-4,0,-22,50,-48,32,-30,31,-2,12,24,2,42,-29,-37,22,5,5,1,21,34,-29,11,5,11,31,10,-30,42,30,47,10,-2,50,10,49,47,23,-51,12,10,15,-14,23,0,25,9,6,-3,50,3,36,51,0,2,38,13,28,33,0,19,20,20,19,0,1,21,-4,75685
31,64,61,-6,2,13,56,-27,21,0,-23,44,36,-75,70,16,-44,20,-35,-35,0,23,52,14,-12,11,51,-20,37,-51,7,29,60,19,-66,4,-9,26,-19,11,-16,21,-21,57,12,28,-43,10,43,-47,-23,14,30,-66,-39,28,-68,14,39,-7,-24,30,33,27,11,-17,-20,10,27,16,48,19,21,-25,7,86,19,11,65,1,-4,-22,-43,70,4,0,10,-75,39,24,33,20,-15,23,24,12,-84,71,5,21,-42,86,18,-40,-35,20,74,18,11,20,-85,35,5,27,51,-18,4,12,-42,25,-63,15,18,22,0,-26,7,-6,74,100,29,37,30,58,-35,-8,26,19,19,58,32,22,15,100,75,-12,-30,-1,-2,52,-32,23,64,20,58,6,71,34,-10,12,-55,18,20,-9,-36,20,1,42,-26,28,-10,10,20,28,56,12,73,39,19,10,18,-51,30,-65,75688
11,85,25,-7,21,22,12,-42,-1,20,0,22,43,-41,15,9,-37,13,-47,-23,-6,27,35,41,-11,-7,16,-4,-13,-29,-21,37,-12,2,-64,3,-36,100,-26,38,25,-43,-24,31,42,55,-44,17,33,-23,-23,14,34,-73,-13,-15,-42,23,21,-8,-25,-27,35,-20,40,52,-4,18,56,41,36,38,-40,-45,-7,3,16,38,83,24,-7,55,-39,16,14,-6,-1,-50,20,3,6,5,-34,26,18,13,-42,62,-5,21,-75,-5,31,-73,-25,23,-20,28,-12,16,-45,64,7,-3,14,-31,-4,-8,-9,-14,-73,11,-5,52,45,-10,36,-8,51,-65,-30,62,37,17,-34,3,-2,-4,13,14,5,52,8,-67,51,7,-17,21,45,18,-17,36,55,100,13,7,58,72,-42,38,-22,31,4,-8,-20,35,-6,35,-16,-1,-6,-9,14,-5,32,-8,-19,42,35,-1,40,-21,-20,-63,75706
46,33,36,-25,0,-5,55,-10,8,15,8,52,47,-41,50,24,-26,4,-17,-17,-11,38,56,41,-20,-55,35,-32,52,62,-6,35,32,26,-58,9,6,79,-19,45,-7,-1,-23,73,35,22,-13,-6,48,60,-21,51,38,-85,13,15,7,-7,47,-9,-24,12,37,24,18,58,-33,-10,30,41,58,24,-2,-10,-41,46,9,13,25,1,-6,72,-25,50,0,0,11,-2,49,8,45,19,-48,36,44,-4,-32,62,-38,47,-55,34,25,-50,-15,46,11,26,71,46,14,37,-19,60,37,-55,-57,4,23,22,-85,50,-12,71,23,-21,27,-26,51,-19,11,23,39,63,-8,6,-8,-10,27,66,42,70,26,1,52,-6,11,14,22,57,-12,58,62,74,55,6,62,41,1,24,-25,26,22,-20,-22,60,-9,46,35,58,13,76,28,-13,73,4,13,52,19,11,21,-19,50,-66,75798
9,65,89,0,2,9,83,-30,-23,-9,-55,11,93,-13,-7,20,-15,29,-24,-42,-8,-7,60,36,-10,-8,20,-15,-7,-34,23,69,47,-6,-80,-19,17,84,-38,47,-74,-28,-41,86,43,54,-15,22,36,-36,-55,22,69,-74,-12,-1,33,7,28,-11,-57,26,56,-35,14,3,-16,22,62,30,63,34,-32,-28,7,0,33,7,71,1,-10,24,-23,-12,42,-4,15,23,29,-24,6,-10,-10,-8,21,42,-19,84,7,43,13,-9,27,10,-47,41,-32,-2,-17,19,-4,48,0,0,19,-11,-2,6,-7,1,-73,21,-18,40,1,-20,54,-1,27,-41,26,43,57,65,-91,-5,33,-22,20,62,5,39,20,-27,26,-21,33,-9,3,22,-14,3,62,85,82,-21,82,52,13,55,-32,32,-6,-10,-47,9,-7,32,58,0,-27,-9,23,39,87,6,-33,96,20,12,33,-36,-11,-85,75805
16,50,29,-16,9,-4,-12,-38,34,-17,12,69,43,-21,7,6,-7,-1,-2,-8,9,46,16,42,0,25,31,-23,1,40,19,14,-2,-2,-36,16,10,36,-5,23,42,-21,-8,35,26,29,7,22,30,42,11,63,12,-41,30,9,-45,-4,25,-6,10,-29,27,-2,-4,67,-20,20,27,38,14,-3,-20,-38,-22,-26,-2,0,49,9,-1,72,-5,6,-40,0,17,-38,25,27,29,8,-12,47,36,-35,-25,19,-27,25,-47,-41,35,-52,-11,24,7,0,11,37,-2,42,9,32,33,-7,30,27,42,8,-43,63,1,17,5,29,-15,-15,30,-26,-24,45,27,52,7,18,46,1,11,52,27,16,8,-31,29,-8,46,-17,6,70,27,51,26,33,-13,15,20,43,9,-11,0,35,9,0,-10,54,10,30,45,32,0,13,11,44,35,27,7,42,16,19,-3,-3,-4,-38,75812
31,-18,67,-8,25,12,35,-17,15,30,25,62,38,-16,14,18,-47,-16,-38,-1,-28,35,25,4,-11,7,29,8,23,-7,14,23,58,8,-34,11,20,44,-17,23,-24,23,-18,69,17,28,-52,-2,21,0,-2,45,22,-94,-44,32,-43,13,40,-6,-2,0,26,47,30,3,10,-1,31,10,17,-6,25,-16,-31,15,-24,37,-11,24,-9,-27,-52,16,6,-6,19,-48,41,20,27,-4,-4,34,35,-4,-7,24,-38,56,-90,-10,42,-90,-32,57,25,23,70,35,25,49,-8,38,33,2,-2,0,-31,31,-89,45,22,30,-17,-12,54,-7,50,-29,4,25,27,57,11,23,-38,28,25,57,25,29,19,-39,49,3,27,29,-23,60,-25,14,26,46,35,9,25,48,20,54,-13,36,-1,-10,-3,8,-25,20,9,40,15,60,24,-30,69,0,26,34,-16,18,-7,-15,32,-37,75860
6,-3,52,-19,11,18,-11,-46,7,9,-10,36,47,-20,3,15,-34,-9,7,-26,29,36,7,40,-18,30,10,-23,-33,-36,32,31,26,21,-73,-9,-2,57,-30,27,-20,-13,-31,57,18,60,12,20,18,-35,-24,58,31,-62,14,42,-23,16,32,-9,-24,-31,35,-24,-6,28,-21,14,69,39,13,20,-11,-48,-29,19,-1,-13,0,9,-5,37,-40,2,23,0,0,-44,34,-2,34,8,-35,34,17,14,-10,71,-24,5,-81,12,45,-77,-31,2,-24,-7,-22,19,-1,23,31,1,13,-32,32,12,4,54,-61,58,-14,37,6,-15,21,-18,32,-74,-37,55,33,31,-27,0,-22,-14,20,30,32,39,18,-69,34,-7,-30,7,8,47,-4,27,50,58,-11,-10,70,16,0,16,-6,44,12,-18,-28,28,30,14,-14,0,-41,-17,21,-28,56,12,-23,48,21,0,18,-4,-6,-78,75917
11,28,90,-4,22,5,-21,-37,1,16,6,64,49,36,77,16,8,8,-51,-13,-11,10,49,71,-3,5,48,11,-16,-25,34,38,48,4,-65,0,9,48,-13,18,-15,-37,-17,71,10,67,-58,19,44,-19,-18,44,38,-56,13,42,-14,4,21,-10,-18,-25,18,31,31,1,12,13,70,71,48,17,-34,-38,-12,38,9,25,36,21,-6,2,12,80,-44,0,13,-18,23,-4,32,1,28,7,22,-54,47,56,-12,4,-64,16,45,-64,-43,3,54,13,57,23,-71,38,-3,-10,54,23,5,-1,14,40,-55,43,-13,49,47,-1,21,-3,38,86,-26,37,18,39,-40,8,9,-10,22,39,28,49,21,90,39,27,-8,15,47,73,12,68,60,55,-25,-3,54,35,11,24,-1,43,6,-3,-19,69,-11,43,-4,-10,0,56,21,6,72,0,52,48,8,13,15,1,40,-70,76092
20,29,39,-12,-6,11,62,-13,-15,36,29,56,67,-7,49,12,4,2,-57,-5,-23,-8,73,31,-30,-9,35,18,-17,-16,-24,48,21,1,-41,0,4,44,-32,15,-23,-72,-34,72,24,13,-57,-4,17,-23,-15,39,45,-74,61,19,-34,12,37,-11,-18,21,13,18,4,4,19,-10,18,30,71,8,-72,-18,10,37,0,8,41,-4,-9,-3,8,50,20,-2,11,-40,36,-14,19,-14,2,-9,5,34,-6,62,6,18,-45,40,29,-50,-2,19,-8,43,26,6,-13,26,-17,-6,38,5,-12,-17,68,21,-74,37,-38,48,34,37,23,-11,22,6,23,19,14,28,-66,12,-11,-36,13,25,18,48,15,11,21,31,35,36,35,66,31,46,63,42,60,-1,61,26,3,19,18,28,-12,-28,-6,47,-22,17,37,-7,13,24,14,-11,73,-15,-9,65,6,10,7,19,25,-48,76100
-7,24,40,-6,16,16,56,-31,-14,6,0,17,52,-23,34,11,24,-33,-37,-22,3,19,4,6,-8,-15,26,-7,-22,-49,19,32,-17,21,-63,-17,14,49,-20,29,-41,10,-19,55,33,61,-50,18,27,-55,-36,24,33,-77,47,70,15,17,33,-1,-38,-33,36,6,1,7,-4,15,67,9,2,19,13,-35,-8,55,-35,-2,31,18,-1,-9,21,38,12,1,-2,16,32,-19,7,3,-20,17,22,19,-32,68,-8,19,-29,49,40,-32,-57,20,-9,-9,45,24,-47,19,25,-19,26,-20,-20,5,50,77,-75,24,-6,39,-52,-19,16,-6,50,3,-33,69,37,16,-21,-9,46,-4,18,16,5,39,15,2,49,-11,41,6,-54,37,-21,-4,52,47,56,-18,66,16,13,6,-7,35,6,-7,-23,-7,3,27,34,-20,-30,39,18,37,54,5,-9,50,15,-3,19,-8,3,-68,76107
-3,49,34,-14,-4,4,-17,-30,24,-21,1,55,3,-22,39,17,20,5,-15,-5,-1,33,27,18,-3,20,24,-14,-35,-78,2,26,37,37,-34,-3,15,44,-12,0,-17,17,-13,55,3,67,-20,12,32,-78,-13,38,25,-82,-11,28,-46,4,27,-6,-15,-20,20,54,19,75,-14,9,68,16,22,12,16,-31,23,1,0,24,43,-1,-5,61,35,39,-5,-1,6,-51,25,17,-8,12,-20,30,18,-6,-26,64,18,17,-43,0,-19,-46,-36,18,18,1,58,14,54,37,28,-5,23,-17,15,30,-30,32,-83,37,-61,17,-27,-36,5,-14,34,-4,-15,61,22,34,-7,3,12,-61,16,32,-11,17,19,-2,36,-8,45,-20,-25,70,-41,3,48,38,-19,-4,61,35,13,14,-30,-17,15,-1,-7,5,-1,31,38,-7,-13,56,15,12,57,30,18,5,0,5,10,-28,52,-36,76116
31,-46,84,-30,20,38,13,-43,-27,-1,6,30,82,-19,22,19,-41,25,-100,-32,14,25,71,79,-3,-30,18,-46,-9,-52,14,43,29,13,-82,4,-46,67,-27,15,-19,36,-31,85,21,80,-100,27,43,-44,-21,38,45,-69,27,13,-58,38,34,-5,-22,30,52,-19,50,-20,-44,20,83,80,68,47,37,-45,19,76,23,45,-42,22,0,-15,-23,21,89,8,5,-66,34,-29,36,3,-30,24,43,92,-10,74,15,66,16,38,58,13,5,64,-47,-7,50,42,-58,24,-8,32,22,-32,-29,-2,16,22,-68,37,60,26,48,-13,45,-29,60,57,28,37,57,52,-31,16,-56,62,28,52,30,26,23,52,60,-28,-43,-2,44,33,5,52,66,83,9,0,70,25,-47,52,-10,58,7,-5,-38,52,12,43,-30,27,-13,50,29,-54,87,-3,-45,82,21,4,43,0,-8,-92,76157
10,39,43,0,36,15,30,-37,-5,-9,63,9,66,1,9,7,-13,22,6,-28,9,38,36,38,-4,0,52,-20,-10,-11,19,44,46,-22,-65,-4,43,83,-25,-8,-42,63,-27,38,-4,40,8,15,46,-17,-26,45,44,-52,10,-8,41,12,34,-7,-26,-3,40,-9,15,19,-22,17,48,38,38,49,58,-34,0,78,23,9,41,40,-8,26,-18,9,34,0,11,20,33,-14,22,-25,-14,37,39,37,4,40,3,39,-28,69,56,-22,-31,40,-10,-38,38,40,-40,69,11,27,52,-23,0,1,2,4,-52,43,7,49,7,19,56,-1,52,-9,-6,44,41,66,-21,6,28,6,21,66,19,50,4,6,52,-5,-8,-9,6,30,22,36,60,80,29,-8,37,71,40,52,-18,57,-21,-4,-33,37,11,43,8,23,-38,43,20,17,38,1,-16,68,-3,10,46,-14,7,-67,76199
19,55,35,-8,23,12,38,-20,6,0,41,43,26,-10,35,17,16,19,-2,-4,28,42,38,37,-5,29,44,-24,17,-13,10,24,51,16,-54,-1,22,51,2,17,-30,22,0,44,13,50,-4,15,58,-17,-6,38,26,-50,36,42,20,12,38,-2,-7,0,30,4,20,20,-21,11,58,38,37,43,24,-21,-5,61,19,19,64,22,-1,18,22,36,43,7,6,-6,38,1,26,15,-33,40,30,46,-2,57,-4,22,-43,62,32,-40,-58,22,5,-13,36,30,0,45,7,26,49,-30,27,6,33,50,-50,39,-5,49,12,3,58,-8,62,34,-1,40,30,60,13,17,-3,-4,17,61,24,51,21,33,62,0,10,0,12,42,0,34,66,41,37,-4,55,43,21,66,-24,29,20,-5,-8,33,30,56,13,24,-13,36,16,-3,44,7,6,26,21,7,39,-18,8,-61,76201
39,40,82,-12,28,20,62,-44,-23,0,-2,13,56,-1,22,17,-40,11,21,-44,13,44,30,35,-25,25,16,-28,16,-43,50,39,76,0,-90,3,29,94,-32,44,-44,-5,-31,87,42,44,21,12,32,-48,-32,36,40,-66,24,-34,2,20,56,-7,-33,-33,84,-29,-21,66,-25,6,52,34,31,67,-2,-49,-14,39,11,-25,29,28,-6,68,-46,23,9,-3,11,-10,55,-25,51,-1,-10,43,2,22,-11,74,-10,26,-26,16,23,-29,-28,26,-23,3,24,3,-21,41,5,49,16,-3,25,9,38,-21,-62,32,-25,50,9,14,16,-11,36,-66,-35,35,86,66,-7,5,-17,-28,31,67,51,49,20,-65,33,-17,-31,-2,7,21,13,23,67,98,62,1,74,44,27,16,-2,22,0,-24,-44,22,16,30,-21,47,-39,24,31,-24,88,11,-25,57,35,12,66,5,-22,-95,76210
26,20,84,-16,15,14,-1,-24,-18,-27,49,25,73,-19,-12,8,-33,62,1,-45,-16,25,58,60,-8,36,26,-9,-6,18,46,34,-14,-2,-79,9,-1,44,-33,-11,-20,55,-36,58,-9,51,0,22,47,9,-33,34,37,-57,-47,-7,-19,13,31,-4,-33,24,45,-38,-5,41,-9,16,60,60,58,45,55,-23,12,63,61,-5,18,14,-1,40,-31,-11,11,4,-9,-17,32,-13,55,-19,-21,28,29,19,-19,45,12,52,-32,47,50,-30,-33,55,-3,-15,-11,32,-10,66,3,31,27,-24,34,20,-51,-1,-58,37,44,24,27,-42,55,-17,38,-50,24,43,45,37,-36,-13,7,45,28,41,52,25,10,-40,37,-19,-21,-27,26,16,-42,21,60,46,0,6,46,60,0,44,-65,47,-15,-7,-51,20,-17,45,-16,31,-56,-9,29,0,56,20,-3,72,18,-7,41,-56,-30,-82,76624
17,66,62,-10,10,34,42,-45,3,8,-33,38,42,-41,13,10,-50,15,43,-30,3,36,17,63,-14,60,33,-19,-15,-52,14,42,49,12,-21,0,29,48,-30,14,14,25,-31,67,17,50,40,14,36,-44,-25,34,39,-76,-25,28,-41,34,43,-10,-29,-17,49,26,-43,39,-20,16,58,66,14,47,24,-45,-35,42,13,-40,71,13,-8,29,-48,13,8,-6,2,-42,43,6,11,13,-48,33,28,12,-41,86,-37,7,-40,26,40,-38,-41,7,0,-3,57,29,-86,38,5,17,33,-45,55,13,-32,34,-75,32,-52,47,21,-6,17,-10,61,-63,-20,61,51,44,-28,16,35,-49,26,42,10,46,10,-63,61,8,-28,8,18,41,-16,30,51,49,40,0,83,38,26,24,-32,39,14,-13,-29,27,2,36,-31,18,-27,55,26,27,68,12,-1,40,25,-1,47,-32,24,-24,113348
10,-1,78,-14,-4,29,5,-36,-8,16,18,84,18,-5,21,18,-8,0,-12,-16,23,31,24,24,-8,-6,16,-25,-43,-54,24,30,29,22,-70,7,-14,55,-20,41,-2,-20,-22,76,41,55,-13,21,47,-52,-18,50,29,-58,-7,5,-50,29,21,-6,-19,-33,42,-11,35,23,-27,21,52,21,25,26,-19,-36,-26,78,4,32,-1,-4,-4,24,-10,24,-12,0,7,-56,23,-4,28,23,-11,32,3,-18,-15,43,-23,-12,-89,70,25,-88,-14,-13,-11,12,-6,3,-52,26,34,6,13,-10,-2,-4,-17,6,-56,51,-65,48,-13,-22,31,-14,39,-28,-34,28,45,42,-42,-1,-31,-67,17,42,28,46,17,-27,38,-15,27,17,-13,75,-24,27,52,52,4,6,43,30,-17,36,-23,25,26,-7,-18,27,24,47,29,7,-16,-5,18,-28,76,-4,-10,21,28,6,27,-21,-12,-72,138814
3,71,5,-3,-17,82,-37,-21,-2,84,-8,33,26,30,94,0,-39,48,38,19,-26,66,46,25,-23,28,4,17,22,-44,-1,2,-62,-33,21,28,-54,34,-6,9,100,-48,-3,-16,10,-56,36,-1,12,-38,33,0,3,-43,62,-23,75,83,14,-11,32,-25,43,30,-43,39,18,0,-61,28,42,4,-48,-22,16,46,43,-36,70,-19,-11,30,-40,94,40,-16,-9,83,11,4,47,-16,26,65,31,39,26,-18,13,6,-55,40,27,-58,33,7,68,33,54,29,-99,4,-24,17,3,38,27,-28,70,-23,-39,-6,-27,12,36,41,27,-3,39,31,-28,-39,46,-20,5,40,9,-23,5,-19,49,12,1,19,38,1,-5,84,32,27,42,54,65,34,-35,29,-16,5,-52,27,16,24,-18,-24,26,51,-24,11,-14,20,-10,51,5,18,-14,-28,70,19,38,-9,9,14,15,20,155191
-19,-25,-27,17,-35,29,-73,-48,31,35,-5,49,17,30,50,2,-50,-14,12,8,-14,26,0,31,3,45,-31,0,-34,-23,-12,20,-62,-15,11,-28,-42,38,-27,0,45,-10,-29,-14,2,9,7,10,5,-25,-13,-2,17,-47,9,27,-19,27,16,-17,-14,-22,-8,14,-56,52,-1,6,8,35,0,-22,-10,-48,-3,-14,-16,-58,-41,-35,-13,45,-52,48,58,-11,25,-7,17,32,-21,-29,4,23,0,56,31,-3,-2,20,-32,-20,47,-29,25,16,20,-18,40,1,7,34,41,-30,-30,-2,40,-9,6,34,-45,-3,20,33,-23,17,3,14,-1,-32,-30,10,-5,-40,23,3,-37,22,-13,-42,-21,32,2,-23,0,15,-3,34,-24,54,26,48,26,44,-74,-32,-4,37,-42,3,-24,46,-26,0,10,44,-16,3,0,-30,-17,39,-13,-43,-12,-8,20,18,-16,30,-21,-28,14,7,159267
16,50,29,-16,9,-4,-12,-38,34,-17,12,69,43,-21,7,6,-7,-1,-2,-8,9,46,16,42,0,25,31,-23,1,40,19,14,-2,-2,-36,16,10,36,-5,23,42,-21,-8,35,26,29,7,22,30,42,11,63,12,-41,30,9,-45,-4,25,-6,10,-29,27,-2,-4,67,-20,20,27,38,14,-3,-20,-38,-22,-26,-2,0,49,9,-1,72,-5,6,-40,0,17,-38,25,27,29,8,-12,47,36,-35,-25,19,-27,25,-47,-41,35,-52,-11,24,7,0,11,37,-2,42,9,32,33,-7,30,27,42,8,-43,63,1,17,5,29,-15,-15,30,-26,-24,45,27,52,7,18,46,1,11,52,27,16,8,-31,29,-8,46,-17,6,70,27,51,26,33,-13,15,20,43,9,-11,0,35,9,0,-10,54,10,30,45,32,0,13,11,44,35,27,7,42,16,19,-3,-3,-4,-38,177458
-4,18,35,-1,2,5,60,0,5,40,-22,20,45,1,23,-5,-9,19,26,-31,-8,-7,27,41,-31,13,-1,-15,-17,-31,18,35,27,-13,-31,-20,0,7,-40,-20,-49,5,-40,29,-26,31,33,-1,2,-33,-21,-16,33,-10,-19,33,-9,5,37,-5,-22,-31,26,-5,-6,26,-13,-3,30,41,24,-22,8,-4,-16,-8,16,0,14,1,-3,22,-6,22,-55,1,1,-23,36,0,-3,-39,-12,-8,2,-64,-7,44,-22,-2,-20,-12,31,-24,-58,0,10,-18,-2,4,-28,-17,13,-9,1,-11,14,6,-11,42,-9,-17,-23,21,13,-13,-21,-1,25,12,-26,47,27,38,-15,-7,43,-19,6,39,-4,22,-2,6,24,-14,34,40,14,23,-11,54,55,19,61,-21,44,-19,0,-24,0,31,-38,-31,-31,56,-9,1,30,-9,-45,-3,5,36,30,5,13,42,-12,1,-21,-2,-7,-35,190042
2,35,22,-9,-23,-2,54,-20,0,-19,-12,13,69,-28,36,16,-22,-12,-55,0,-1,45,-11,41,-19,28,-22,-16,-20,-8,-9,18,11,28,-55,6,-68,40,-13,22,-44,-37,-11,49,22,69,-52,21,39,-14,-10,28,16,-86,14,61,11,0,20,-3,-8,-51,-4,-46,-8,58,-17,21,69,41,-8,12,-32,-23,-35,-17,-8,-7,46,-23,0,58,-29,37,15,2,4,5,17,0,16,26,-29,49,27,11,-29,52,-32,33,-75,-1,34,-75,-5,34,-45,7,-38,29,8,7,4,17,-20,-20,31,-9,16,58,-85,28,55,21,-31,-35,14,-11,11,-20,-52,23,-2,30,-10,27,-20,51,4,30,17,19,18,-29,10,-9,-47,-19,-26,12,-39,-20,48,38,58,9,52,8,-65,6,-7,33,24,-16,7,-21,0,42,-58,18,-5,-39,6,-15,49,-10,-45,67,43,5,18,-7,-60,-54,193314
-3,11,95,-23,28,12,39,-83,-27,54,-55,31,22,-63,50,28,-27,20,-36,-38,-6,36,40,72,-22,61,36,7,-66,-71,39,54,3,9,-100,-17,9,60,-62,31,-63,-62,-65,100,32,99,-34,32,13,-65,-46,23,58,-100,64,67,4,13,57,-3,-45,-21,61,-17,17,71,7,28,100,69,39,26,-58,-83,7,38,23,19,13,32,3,71,-22,50,19,12,12,2,61,-32,21,-14,-57,38,58,23,-52,100,9,10,-86,23,14,-92,-39,12,-17,-16,-32,62,-25,1,38,-19,39,-58,65,26,54,67,-100,29,-22,74,12,-74,7,-24,47,-34,-19,81,64,67,-40,17,-48,-23,34,67,19,73,29,-35,47,-66,-5,52,12,39,-69,-10,84,62,40,-22,100,6,4,-2,-29,14,-8,-25,-44,-8,-6,9,0,-20,-42,-27,33,-51,100,27,-18,17,33,14,23,-21,-15,-100,199386
3,65,67,-9,-7,28,-2,-46,-15,-21,17,38,56,-29,0,9,-7,12,-54,-16,-4,50,23,91,6,-48,-14,0,5,-73,24,34,-3,18,-81,-9,-37,13,18,6,41,56,18,50,9,23,-56,43,68,-80,-32,49,32,-47,21,28,-51,28,22,-7,-32,-40,49,-76,19,100,-2,35,32,88,23,48,58,-50,-6,-26,14,15,52,-8,-5,100,-3,-4,26,-2,-11,-66,20,-12,20,35,-26,52,5,23,-31,48,-3,21,-33,-18,-7,-30,3,20,10,-55,-15,7,-66,42,5,19,-13,-23,-47,35,21,34,-47,49,-61,20,-15,-5,18,-11,43,1,-47,74,51,24,-34,14,58,-63,20,24,23,20,11,5,42,28,16,-21,-13,33,4,1,22,18,0,-8,51,41,-35,24,3,-5,36,6,-14,1,-6,66,24,19,-50,-14,20,52,51,35,11,58,46,-7,48,3,-73,-83,199987
0,11,6,-1,1,-5,48,-5,100,9,52,47,22,4,28,5,18,5,26,4,12,-4,5,38,0,42,15,-3,-37,0,-4,23,-24,-76,-46,7,-15,-1,7,22,21,-19,4,35,22,25,27,19,21,1,-14,10,25,-21,43,88,-78,-3,2,2,-17,-24,11,-10,-12,12,-1,16,30,39,2,7,-18,-2,6,100,2,-11,13,2,33,11,18,28,16,8,0,-70,2,92,15,16,14,-4,38,14,6,35,3,-12,-38,100,22,-40,91,-15,63,0,17,37,17,32,-8,-98,16,17,41,-15,42,91,-19,13,-32,23,5,-2,-12,-3,12,3,-27,38,10,-56,-100,-18,7,-31,6,-51,12,23,6,1,11,-100,34,9,3,62,2,45,33,0,46,3,33,28,-13,-11,-2,23,21,0,0,43,13,23,37,-100,13,18,5,2,35,-15,62,17,29,2,2,-3,-5,-48,201119
-7,36,76,-32,-7,36,-14,-40,20,-19,58,31,76,-17,7,8,1,-39,-21,-2,12,26,-28,33,4,90,-12,-17,51,-23,42,23,0,-49,-70,3,-40,74,-11,4,-57,11,-15,67,4,74,-89,38,41,-32,-29,1,26,-79,2,50,-55,38,17,-5,-28,-65,9,-61,-2,100,-19,31,84,40,-35,60,-1,-41,-39,71,-37,-26,26,-9,-1,88,7,9,10,3,5,-45,17,14,88,22,-45,24,41,11,-16,63,-49,-26,-56,93,38,-55,-30,15,-21,-21,-23,41,5,2,43,-36,-11,-42,-38,13,6,56,-76,5,-18,29,-46,-21,16,-33,55,-37,-100,7,12,6,-40,5,27,-17,10,9,88,28,12,-8,55,-51,-23,-20,-45,38,-14,-2,65,76,-13,0,65,1,-39,19,-6,38,28,2,-5,-6,10,41,-22,-38,-3,-27,9,19,67,12,-24,78,29,6,58,-2,-55,-75,201269
16,41,58,-11,18,19,-10,-34,-4,15,17,30,42,-18,-18,2,-20,3,7,-31,1,28,30,31,-7,14,22,-19,2,-66,9,30,9,-9,-37,2,-18,9,-33,1,-15,41,-34,40,1,16,8,16,27,-63,-17,8,29,-42,-19,-65,-13,19,24,-8,-18,10,25,-19,-15,29,-20,17,18,30,31,28,42,-34,3,21,6,-18,42,19,-7,33,-16,-18,-25,-2,10,-30,24,0,6,-13,-41,26,11,-26,-20,52,5,29,-11,17,30,-9,-34,29,0,10,16,11,-22,49,1,3,21,-43,16,43,-15,-58,-43,8,7,31,16,-29,18,-12,54,-38,8,3,26,29,-33,-5,-1,7,13,29,5,32,4,-34,55,-49,-3,15,17,24,-31,28,12,6,-7,3,50,54,-24,18,-40,32,-12,-5,-32,29,2,26,3,5,-11,20,13,-5,41,42,1,45,11,10,27,-41,-12,-40,201301
27,30,61,-13,-4,31,2,10,6,60,100,19,83,-31,30,14,8,-11,-2,-6,45,-5,27,69,-9,-4,-7,0,-38,-7,23,26,51,0,-52,3,-44,94,-18,22,-4,70,-17,54,25,42,-4,16,21,-10,-100,5,22,-60,10,58,100,30,31,-14,-99,-1,44,63,-46,79,-3,17,50,67,29,22,69,8,0,62,-11,-48,18,-4,-13,79,7,23,-58,-12,3,100,28,4,33,3,-30,-8,-5,-56,-30,55,-4,2,18,64,30,19,-11,-1,46,22,54,-8,-44,27,-100,19,-7,-29,-12,-2,1,69,-60,3,-20,43,49,-36,-44,-14,61,-25,-7,36,47,57,-11,17,-2,-23,13,52,35,41,14,-17,61,-29,93,58,50,27,-29,72,88,95,3,3,52,29,-42,-42,-6,31,0,-11,-3,76,46,20,100,20,-14,57,13,5,57,-2,45,83,39,4,23,-7,74,-54,202024
4,35,100,-19,-20,50,-66,-52,-5,-57,-24,51,92,-2,13,14,-21,41,-54,-19,15,25,28,52,-10,0,9,-3,7,-44,38,29,0,18,-70,-9,-51,48,-28,-4,-7,3,-26,82,-1,58,-52,30,34,-43,-25,54,28,-85,17,62,-10,50,35,-6,-25,-42,24,-15,21,97,-5,30,57,52,31,1,6,-60,-12,35,44,16,26,-20,-2,100,-13,11,0,0,0,-25,30,0,30,11,-4,26,34,-2,3,43,-8,23,-93,39,33,-92,-23,19,-13,20,5,34,-45,19,5,-9,9,-3,1,20,12,65,-86,48,-27,34,-2,-25,0,-19,28,-91,-48,35,29,56,-22,-2,39,-28,11,56,28,33,15,-92,28,29,26,-58,0,45,-24,17,50,48,-68,-9,37,29,-56,1,-35,37,10,-9,-14,18,14,37,31,-9,-37,7,12,29,86,21,-11,92,6,2,4,-34,-18,-73,202087
19,-25,94,-12,18,-5,33,-35,29,-17,-30,55,54,-78,68,37,-28,48,77,-31,19,27,49,52,-6,100,38,2,15,-65,28,36,16,31,-60,-3,-64,46,-34,33,-19,-61,-37,54,32,58,66,22,35,-61,-11,34,35,-100,-41,20,-18,-6,14,-19,-12,-12,52,10,-10,84,3,25,58,52,48,31,-66,-32,49,11,45,-14,-12,17,-15,68,-28,64,-2,-10,18,-23,14,22,-2,68,-31,22,-8,-11,-76,65,42,65,-100,-21,3,-100,18,65,-63,35,16,-14,-94,40,20,-8,36,-36,100,16,-39,17,-100,36,91,36,-24,-31,-31,-11,68,-10,-10,66,51,82,8,-21,5,86,21,80,-5,37,35,0,67,31,-46,-16,-21,68,-33,42,55,45,35,-6,62,44,-67,-24,-21,8,71,-8,-32,44,19,34,-45,-7,-9,17,21,4,55,17,-64,58,36,19,29,-28,8,-61,202695
4,-63,56,-1,16,32,100,70,30,21,57,-2,79,-71,5,10,-17,-8,-58,9,0,30,-12,41,-6,12,2,0,-10,-14,22,17,-28,6,-42,15,-19,66,-20,30,-96,27,-20,58,35,81,-61,30,46,-13,100,-26,16,-89,-5,8,31,30,17,-10,100,5,33,-22,47,62,-4,32,83,37,-3,-36,19,72,-22,37,0,36,-61,20,-10,73,-24,-2,10,-9,6,24,16,26,97,-9,-48,28,21,11,-74,52,-19,32,-46,51,14,-39,46,22,100,55,-52,17,3,-78,16,-21,-3,-55,8,2,-19,6,-87,-25,7,55,-36,-32,-1,-5,58,-22,-6,30,35,52,-56,-39,42,-4,4,50,100,55,8,3,61,-15,28,20,-32,12,-28,-20,45,62,100,16,52,-74,-23,4,-2,22,-9,-6,11,-17,0,44,52,-21,1,-46,5,56,62,1,97,84,17,8,-39,0,2,-43,204092
-6,-25,55,-8,3,34,-1,-48,23,24,16,42,18,-9,6,3,-62,-5,9,-16,16,26,31,26,-11,4,10,-7,-58,-38,13,31,-90,-2,-64,6,4,52,-29,9,9,-49,-29,45,9,49,9,21,18,-34,-23,37,29,-51,-12,58,-52,35,21,-13,-25,-24,9,6,-31,11,-5,18,46,26,29,13,-46,-52,-21,50,-6,-30,-26,0,-9,8,-58,6,5,-7,12,-56,21,21,32,6,-37,24,-5,9,-14,73,-23,-16,-74,41,16,-72,-28,-15,3,27,-31,-5,2,36,50,-32,12,-34,5,9,-12,58,-51,37,-35,27,10,-2,0,-9,34,-48,-24,44,8,2,-60,-3,-14,-33,7,2,31,27,6,-51,35,-8,13,25,10,48,-3,35,58,52,0,7,72,34,6,-2,-25,15,6,-11,-16,36,17,17,11,-31,-11,-31,8,-24,46,9,3,18,23,13,11,-25,5,-66,204424
5,40,33,-13,-1,17,-34,6,-18,41,100,55,73,-10,-6,15,-27,26,41,2,15,-52,40,96,-2,27,-10,-8,-100,-6,14,21,-33,-3,-77,-1,-41,36,-12,9,-29,-42,-11,50,5,41,34,31,48,-11,4,43,19,-12,0,36,-6,20,19,-5,4,-65,100,-82,-39,98,-6,29,38,94,34,30,-46,0,-78,48,22,-33,39,-3,-2,83,-25,-3,-15,0,2,-6,20,-21,81,38,4,-55,-4,-13,-15,28,-83,-39,-65,64,6,-73,-30,-36,30,13,-52,-3,100,38,26,-58,-7,14,21,8,9,39,-10,46,-25,26,34,12,-17,-15,78,-98,-66,33,100,-100,-20,-28,23,-25,3,-100,86,23,18,-98,74,-19,1,40,34,55,1,24,76,37,-29,-1,29,34,-37,-17,-46,4,37,-1,7,22,17,48,-13,-58,-9,-56,5,22,52,7,29,68,37,6,34,-48,-100,-77,204614
1,-8,37,-19,-25,43,-40,-6,-2,-33,-31,58,100,-36,2,23,23,-100,100,-100,-19,75,-31,26,-1,33,-6,-3,61,-29,-20,11,-21,-29,-100,84,-26,61,-2,0,-16,36,0,69,0,9,100,28,37,-20,100,33,10,-69,28,30,-71,44,24,-4,100,-31,27,-21,11,100,-4,28,12,24,-37,-100,41,-8,-20,86,-100,12,-19,-25,0,100,30,1,20,3,8,-61,21,0,-11,18,-35,73,47,22,-43,9,-24,-35,-36,76,29,-45,-2,-37,0,100,-33,41,-86,14,31,-100,-10,-27,36,-8,30,29,-65,31,98,29,1,2,0,-19,30,-28,-34,32,26,42,-66,14,-7,97,9,45,-10,28,23,-41,29,-36,-30,-34,2,66,1,-38,52,64,-42,83,5,16,-28,1,1,28,17,-2,-100,-37,-20,39,-42,-100,5,-37,11,0,72,-8,2,100,62,8,-100,0,-38,-100,205812
6,-18,73,-7,7,8,-10,-25,3,21,8,-3,58,29,-44,21,7,-64,27,-47,4,12,28,58,-16,-57,80,-15,72,-100,2,22,31,-19,-65,3,-7,52,-21,38,-51,22,-22,46,36,-100,27,22,-13,100,12,7,22,-78,61,38,-41,6,17,-3,94,-4,100,-44,-92,84,-15,19,-100,58,25,33,22,-25,-76,36,-65,-89,-17,5,1,81,11,-48,56,5,-8,-32,16,0,75,39,-29,14,9,56,26,88,-82,26,-100,100,25,-100,-18,25,16,-39,-17,10,32,9,28,-26,82,-25,-58,8,63,36,-76,11,100,43,-23,-41,23,-11,-17,-96,-5,60,100,-41,-74,-67,-27,100,2,36,74,41,20,-100,-20,-27,23,20,-23,3,-36,-17,52,52,-11,1,86,2,-1,22,-11,25,38,-15,-27,-17,4,-13,14,-27,52,-21,5,-25,46,10,15,57,-8,-5,33,-10,-54,-66,206145
-22,44,1,-8,7,-12,100,-45,22,-25,-3,54,38,-33,43,31,18,-39,-43,-17,8,-26,-16,-6,-28,-9,23,-18,10,-91,-16,45,-60,-1,-77,-37,-50,51,-52,0,-19,13,-51,69,-1,43,-49,7,8,-94,-100,0,44,-84,7,-2,13,-13,43,-9,-97,-58,27,15,11,28,-20,4,44,-8,-16,-2,11,-50,-27,36,-37,10,27,5,13,26,21,43,46,0,-4,6,42,28,100,-6,-58,-26,39,46,-35,22,-26,-3,-44,35,40,-48,67,-3,20,52,41,39,-84,58,42,-46,24,-57,-12,0,18,4,-84,0,-57,41,-45,-26,7,-10,45,-2,-58,80,30,-27,-44,-40,41,-58,0,-25,100,40,35,-4,45,-44,2,-25,-40,43,-24,-19,58,54,100,-35,25,58,-48,4,-9,39,-6,-28,-13,-17,5,7,-1,-43,22,37,3,33,70,0,21,37,27,-2,0,-10,7,-79,208165
7,29,37,-15,9,32,39,-23,7,21,14,5,81,7,-20,11,12,12,-46,3,19,23,19,58,-5,13,-9,-21,-2,96,17,18,6,27,-46,7,-42,48,-10,39,-88,47,-12,40,41,74,-47,25,34,100,-11,23,20,-76,71,17,5,31,15,-2,-8,11,-15,-25,-33,6,-26,22,84,54,24,21,42,-24,12,43,15,-35,28,11,1,10,3,-24,-17,1,3,-6,15,5,24,29,-18,25,16,-22,14,62,16,44,20,35,24,26,14,38,-52,33,-26,14,-100,38,10,-11,-11,-19,9,0,67,27,-75,24,28,15,25,-15,26,-18,42,-6,1,34,-13,37,-20,13,30,23,6,41,25,12,11,5,40,-9,-24,22,27,5,-11,-25,42,49,37,5,58,37,-40,25,-18,26,30,-6,2,-25,20,33,-16,-11,-9,-22,7,22,41,-1,-51,83,31,5,22,-16,-14,-46,209316
13,8,75,-17,-10,0,0,-27,11,-26,-3,35,38,-33,14,14,-17,7,41,-24,10,27,4,10,-7,29,6,-14,12,-27,18,29,26,34,-85,0,-47,62,-18,20,-31,-33,-21,63,17,73,34,25,35,-24,-48,42,32,-77,-19,12,-18,0,31,-10,-49,-31,45,12,-7,83,-12,20,80,9,0,28,-32,-26,-21,50,3,-4,18,-12,-10,72,-18,12,-15,-6,-9,-22,34,0,26,26,-44,23,36,-17,-32,75,-25,15,-71,54,21,-73,-28,15,-20,10,22,38,-12,-3,20,12,8,-45,27,-11,-13,11,-74,44,-33,26,-11,-10,38,-19,42,-47,-33,17,44,31,-42,-11,15,-34,15,34,26,26,19,-52,41,-58,18,-28,-8,49,-5,-2,58,64,1,-5,75,-9,-41,47,-27,19,31,-7,-25,-3,11,32,7,12,1,16,15,25,63,-10,-23,34,45,-4,25,-25,0,-89,210646
1,69,63,-41,-1,28,31,-29,12,-10,45,43,35,-7,51,16,-11,44,-55,-31,30,20,27,56,-4,-4,-2,-21,-37,16,-10,23,8,24,-63,0,-17,58,-33,-12,-48,-26,-36,67,-12,16,-56,32,46,22,-28,-13,24,-87,-1,-45,40,27,4,-7,-28,-38,45,-46,50,98,-22,27,21,58,28,43,-19,-33,-11,100,46,46,64,-2,-8,100,-9,47,23,-4,5,40,3,13,-7,4,-26,19,37,29,-11,76,-12,-3,-72,84,-16,-73,5,-7,-19,22,0,38,4,33,28,-25,-1,-21,-2,11,-3,-45,-82,-14,-47,55,-16,-22,-4,-40,18,-48,-44,9,47,65,-5,-28,10,-47,2,66,-8,57,21,-48,19,-28,1,-10,-17,45,-27,8,58,60,27,-3,73,34,-20,2,23,-19,9,-5,-28,3,31,44,1,-25,-28,0,3,4,68,10,-18,33,1,7,38,20,-50,-71,212755
6,81,-16,-14,12,33,-17,-51,4,-5,-24,25,40,-40,78,2,-72,-5,-26,-17,4,51,5,20,-1,10,0,-15,-25,5,-30,24,-28,2,-66,1,-18,54,-15,8,29,-27,-12,7,9,54,-33,31,35,4,-14,22,19,-86,-23,-33,-56,34,21,-8,-14,-58,43,38,5,81,-14,29,51,21,5,38,-24,-57,23,33,-4,5,81,12,-4,74,-52,80,13,-2,-11,-54,18,8,10,11,-44,50,22,22,-58,46,27,16,-73,25,33,-71,-42,16,-58,4,-4,22,-7,55,-11,-9,0,-39,9,15,-12,-39,-83,20,-39,46,-13,-24,22,-15,21,-58,-63,-15,46,26,-13,1,-4,-38,9,27,10,45,3,-57,20,-67,-2,-4,-14,25,-27,-9,75,57,-16,4,47,57,-17,31,7,32,8,-1,-10,-13,5,37,-9,-6,-31,-10,9,2,9,14,-56,40,34,-7,40,7,25,-64,214979
-48,100,-16,-27,-38,29,-22,-41,-8,-6,-69,-35,2,-15,-15,9,25,45,-51,4,2,-88,69,73,2,-9,11,-25,-100,-58,-7,32,-68,17,12,100,-65,72,-4,-10,-36,58,-9,44,-12,86,-52,40,24,-63,-100,69,37,-56,36,-76,-25,31,20,40,-100,69,36,-55,28,83,-26,35,89,72,72,33,57,-38,25,17,49,22,100,-38,87,86,21,-18,-100,-10,0,-15,19,-10,58,8,-76,-86,33,-100,-12,18,26,-40,56,-1,23,60,-31,-41,71,70,-14,31,100,-100,67,-100,9,-71,-9,-11,38,-75,-57,73,-46,1,100,-43,-21,-29,37,-14,63,43,37,-81,-100,-52,-60,-48,17,-80,57,2,9,-8,37,-26,100,-7,100,-26,-45,2,100,75,-23,100,17,-100,-65,-19,-70,24,14,0,2,5,4,21,100,-100,-17,-14,17,-60,45,-13,69,3,20,2,27,-69,-49,9,216409
35,51,55,-32,26,8,65,-44,0,-35,-29,52,62,-70,93,16,5,22,21,-29,12,51,51,31,-17,16,40,-44,15,-90,13,40,63,14,-57,0,28,63,-30,48,-23,52,-31,64,47,54,21,13,49,-100,-14,40,42,-85,-10,4,-10,7,58,-2,-12,-87,54,22,42,29,-41,11,58,35,48,29,52,-48,7,71,21,40,46,28,1,32,0,97,49,7,17,-18,58,-6,18,-3,-69,50,41,50,-62,66,10,21,-57,65,45,-50,-48,22,-6,-10,100,47,7,62,-19,52,43,-66,14,14,-4,10,-82,39,-69,55,-21,-70,18,-33,82,-19,-91,79,56,78,-5,25,-21,-63,24,79,17,52,18,-15,81,-34,30,-36,-25,57,-71,39,71,62,63,-1,62,65,24,14,-31,41,0,-17,-33,35,12,48,34,49,-23,100,23,-36,65,16,-5,63,7,18,30,-24,28,-61,219637
-8,-2,38,-21,-10,32,-47,-47,3,-12,-2,100,71,-42,55,-1,-52,30,-26,-30,-7,58,2,51,-13,28,-41,-17,7,-100,73,37,-38,-30,-65,4,-29,35,-17,26,-23,-41,-14,43,25,31,-27,30,30,-100,-15,-20,34,-51,-19,100,-29,33,28,-4,-15,-33,37,-50,21,83,-17,27,31,49,0,34,-30,-52,-30,8,27,23,-1,-11,0,75,-50,56,6,2,0,-22,28,12,76,-8,-50,58,100,4,-46,47,-34,-7,-50,16,40,-58,29,-7,-30,-18,-21,100,-38,72,-18,-26,-38,-40,27,33,-9,95,-52,-20,-31,35,-19,10,35,-21,30,-7,-33,100,40,30,-89,-48,-100,-29,19,29,80,36,0,-22,30,-36,47,-13,-18,100,7,15,47,37,-46,8,45,73,-29,33,-49,37,-11,-11,-23,19,-7,29,37,-25,-24,-25,21,-92,45,31,-28,63,19,4,38,-52,-61,-64,219812
23,1,40,-8,40,21,8,-12,3,-8,18,5,62,-38,0,10,-16,-13,-30,-25,-6,12,-2,21,-9,51,6,-1,4,-10,-23,18,-2,14,-55,0,-52,18,-10,17,48,-32,-10,24,18,26,-31,10,39,-13,-38,5,17,-54,-14,-20,-51,19,15,-9,-40,-68,40,-15,-44,-14,-4,13,27,19,-4,27,-40,-11,-8,46,-14,-46,-5,41,-7,-9,-13,-4,-22,-7,-11,-70,13,5,16,12,-29,9,28,-23,-36,29,-10,-9,-29,61,49,-33,-23,-11,-13,7,-43,28,-10,56,-1,17,5,-29,51,-1,-19,-18,-51,5,9,23,-1,-29,5,-10,15,3,-72,58,43,16,-26,5,-26,4,5,16,16,21,9,8,14,-5,-43,-8,-3,13,-22,-16,48,17,5,0,26,61,-52,7,-24,50,14,-7,-22,-14,-6,41,-33,15,-19,-41,5,-23,26,-1,-15,62,34,-10,28,-23,-7,-56,223566
18,6,58,-29,-14,18,-12,-50,-11,-43,-75,95,62,-23,31,32,-20,2,-13,-17,13,55,22,50,-2,15,8,-28,-10,-64,4,28,13,46,-52,-4,-30,61,-18,28,-6,-22,-18,97,24,84,-24,17,33,-70,-20,58,26,-67,-22,57,5,18,37,-14,-22,-31,7,-30,-1,40,-27,13,91,50,22,11,-25,-52,-23,-7,0,-5,-11,-11,-6,36,-27,30,54,0,22,-9,36,-2,34,31,-50,52,35,50,-25,68,-25,-4,-62,-17,45,-58,-36,-8,-66,4,-18,37,-9,22,15,15,12,-52,6,13,-9,63,-67,56,-76,31,21,-58,-4,-29,52,10,-35,70,8,49,4,14,-34,-75,20,45,33,30,33,22,52,-30,27,-43,23,98,-50,16,49,71,-13,-4,68,19,-30,-8,-29,46,30,-2,-15,18,12,33,33,15,-11,-19,20,-40,96,13,-66,67,32,21,10,-27,-17,-55,223627
40,100,31,-5,-8,23,54,-11,67,-33,79,30,56,-73,-7,23,-44,51,14,-29,2,46,52,66,-10,64,52,3,99,100,0,7,62,-31,-65,5,21,45,-14,34,-36,-40,-20,76,32,66,15,15,0,100,-15,64,12,-62,-51,-100,-100,24,47,-16,-14,-58,97,82,-20,71,7,11,60,76,47,-16,-36,-11,2,52,41,-9,100,-12,-16,57,-35,-7,23,-14,9,-100,50,65,100,-31,8,40,9,17,-79,82,-8,-1,-100,27,69,-100,-22,3,100,-100,64,9,54,9,-7,45,54,16,60,0,-30,-100,-58,64,-49,35,51,-10,19,-5,49,-76,-58,49,100,62,10,-2,18,-36,18,65,100,35,28,-82,50,12,94,-32,48,30,-8,86,40,63,56,-3,78,12,16,16,16,64,-30,-13,-36,81,4,-2,74,44,-19,56,15,5,75,-1,93,55,60,7,-25,12,71,-74,224031
7,-100,65,19,10,20,18,-54,23,2,17,-11,41,-50,48,7,-2,3,6,75,20,-23,37,57,0,31,4,-10,17,-18,30,15,-1,-54,-39,-100,-1,44,12,15,10,-44,11,48,12,43,10,7,9,-16,11,57,13,-56,10,100,35,20,22,-10,13,11,-6,-24,22,73,-9,6,43,55,41,-99,-44,-52,-3,8,7,17,-1,9,-8,78,3,50,24,-5,0,30,21,25,77,18,-43,-24,19,23,-49,73,-1,25,-58,11,17,-55,-8,23,93,-57,42,20,-73,34,14,-100,8,-31,30,3,9,92,-54,58,60,37,0,-21,-1,17,35,-34,7,77,-8,43,12,-88,12,58,6,88,80,39,8,-34,32,-10,58,3,2,-10,-25,30,47,50,21,-100,74,32,0,0,-14,13,18,-1,78,29,19,7,63,-100,-27,40,7,12,49,3,92,38,13,3,-99,-14,-23,-40,224987
-23,-29,-24,-15,13,10,-100,34,-50,-12,72,43,8,7,28,6,-2,-19,-5,-2,-35,-100,-12,67,10,23,-39,-7,-100,22,-13,15,-52,30,3,-18,7,100,-17,1,42,-19,-14,4,3,42,1,56,42,20,100,33,15,-26,57,28,-29,11,8,0,99,-93,-17,-39,-37,72,-7,54,45,64,-10,-25,-22,33,-8,100,-14,-41,-30,15,27,86,-2,32,-2,2,6,-30,7,47,97,38,-21,-98,18,-3,4,48,-7,-27,-78,100,0,-79,-26,-28,67,12,27,17,-16,7,60,-54,-39,-19,29,-13,55,31,-24,33,-39,7,11,-4,19,-14,19,-69,-95,41,-13,-10,7,-77,-39,-42,-1,-11,100,7,5,-64,17,2,-18,-13,11,29,-5,41,52,100,-100,-18,47,11,5,10,7,1,38,13,3,42,-34,47,-13,-54,21,31,1,-42,4,-13,70,7,40,7,-25,7,-33,3,225663
-15,81,39,-7,30,3,-69,16,100,-16,30,50,88,50,28,3,43,9,-7,-23,14,6,32,42,-11,-36,35,-12,41,-4,13,29,43,0,-92,1,57,33,25,3,-35,23,22,61,-4,-1,-7,30,87,-4,-56,21,30,-65,19,-50,18,3,18,-9,-57,-22,44,8,-67,76,-8,24,-1,40,37,27,24,18,2,11,13,-74,72,23,-8,82,33,28,56,-2,-17,12,19,95,22,-19,4,7,38,52,51,55,5,49,-30,5,62,-26,-43,46,81,-100,30,41,21,34,-14,0,41,5,-33,-6,13,-54,-64,23,7,24,-26,38,51,-6,66,-80,-23,45,41,30,-10,-11,27,6,21,31,22,25,6,-73,64,-9,46,-16,-23,52,41,34,68,28,-68,-1,57,26,62,55,29,61,-16,-14,-28,34,15,84,52,1,-74,29,19,31,58,-5,80,91,18,-15,25,28,17,-94,226360
-13,52,21,-27,-40,5,17,-24,24,-14,-58,66,26,-32,-20,17,-55,21,0,0,13,7,40,37,-10,-32,-15,-49,-45,-12,4,33,-7,20,-32,-11,-47,23,-43,26,-44,-21,-46,34,21,33,-11,27,-1,-6,-30,3,35,-87,-41,-27,19,6,15,-6,-27,34,18,14,13,47,-50,25,41,41,38,0,-24,-23,-11,57,21,13,58,-41,-4,41,-55,-21,1,0,18,2,16,22,-32,7,-78,8,22,-4,-31,48,-9,6,34,52,-16,40,-46,3,-52,4,-48,21,-31,51,39,-31,-13,-75,-43,29,-36,-24,-80,9,3,21,-9,-10,-7,-30,35,-93,26,86,16,10,-13,-8,60,3,0,12,-31,20,16,-87,35,-5,64,-15,-14,65,-10,-31,15,28,21,-14,49,44,-41,-9,-13,-19,9,-12,1,-38,13,-3,69,-31,-17,-50,2,66,36,30,-57,25,-20,23,-2,-12,17,-33,226710
-8,34,-2,-2,-97,-25,-100,0,21,-9,69,37,44,27,17,11,-7,-74,-50,12,100,-100,61,45,-5,-34,85,-15,-7,-9,-35,21,14,-52,-64,100,-100,22,-28,-25,-29,-25,-24,36,-26,26,-58,18,26,-13,-100,24,19,-76,41,-2,7,-25,2,-3,-100,-54,41,4,19,75,-17,18,18,47,60,18,-23,-6,-99,21,-74,20,46,-97,-4,60,-11,20,52,-1,-2,8,1,26,100,5,-18,-100,29,52,24,46,-99,0,-77,37,71,-76,-18,0,-15,-31,8,31,76,62,9,-100,87,-13,-38,3,44,-12,-72,24,-8,36,-17,29,22,-3,30,43,-58,100,45,-51,-75,15,34,-4,3,-52,100,35,13,45,28,-2,18,-8,-20,28,18,58,73,23,-100,100,47,63,-100,18,2,67,3,-6,18,52,100,27,9,-100,0,6,5,32,35,2,-14,41,31,-2,22,0,0,-60,226897
35,-12,95,-29,-4,2,25,12,65,-14,11,13,97,-8,0,23,32,10,-36,-23,35,-58,20,33,-24,11,42,-37,-16,68,80,32,63,-100,-82,1,28,52,-31,27,-27,3,-34,99,26,88,-33,17,68,75,-17,36,35,-47,8,-17,36,3,57,-4,-17,-26,-27,-32,-17,22,-33,17,91,33,20,67,3,12,4,48,13,-19,-6,-8,-3,31,40,-1,46,1,-13,22,58,66,55,-3,-30,-60,49,49,-5,91,3,7,-36,25,54,-36,-57,10,99,-34,-46,52,58,2,-75,52,43,-26,14,12,7,-15,-46,39,-19,0,39,2,62,-29,100,-42,-26,22,-30,52,-13,-38,27,-17,28,57,52,1,25,-44,100,-29,12,-14,41,20,1,40,68,51,28,-1,93,-5,31,58,47,52,0,-24,-27,41,36,66,11,52,-63,-47,28,19,98,11,100,97,92,-13,63,47,-25,-84,227355
4,58,22,33,55,-8,-52,96,52,-3,18,-16,69,-32,-7,10,3,36,-6,-18,20,26,34,51,-15,3,3,33,14,-60,-43,21,37,10,-60,-4,-33,38,4,-10,35,66,4,39,-12,25,-5,21,56,-58,-27,8,20,-31,46,-100,-68,-8,12,-2,-29,-21,22,-7,27,34,32,20,27,50,34,40,65,92,-2,0,33,30,60,51,-1,33,7,-9,19,-3,-4,-77,13,56,2,10,-19,24,-4,19,-27,51,-6,1,-44,3,40,-50,-37,1,62,10,9,-4,8,32,35,18,7,-19,3,22,47,-100,-32,7,-9,100,42,48,60,32,48,47,-21,-22,24,100,7,100,-10,-10,10,98,2,100,13,42,46,-15,-4,-3,42,-22,41,36,92,39,-51,-4,50,32,-34,63,55,39,10,-12,-16,37,22,58,-8,20,-58,6,10,-12,40,21,63,69,68,-3,43,57,-9,-58,227466
-8,-65,-5,11,-21,49,-7,100,87,20,0,92,44,-33,5,10,-7,22,31,-10,0,52,-8,84,-29,63,-8,-26,30,-9,17,30,23,-18,-4,-96,-10,47,-14,12,-100,16,-18,66,13,100,25,14,37,-4,100,58,31,-70,38,-51,100,50,21,-9,100,-7,29,-20,-47,48,-27,8,100,85,-11,-89,18,100,-35,47,21,-46,-65,-20,-12,38,-18,5,42,-12,-10,100,22,82,22,4,-42,52,19,48,-38,63,-37,-4,-84,41,40,-81,38,-3,100,-27,-29,20,-66,-16,27,-17,-8,-38,61,32,31,-48,-66,58,-35,32,-24,15,16,10,14,-89,-11,100,28,-72,-27,-57,-32,-34,5,-70,24,31,12,-85,14,-45,-12,21,-24,100,10,-5,67,50,-6,-100,61,-20,-10,16,34,39,6,-29,-10,-6,1,32,-14,-16,-17,-26,8,-34,68,31,100,37,67,-8,-91,31,-28,-7,228413
-4,49,33,-17,-1,-13,1,40,-3,-12,76,15,15,-68,22,14,-40,-9,-100,-20,17,35,7,23,-6,-12,-12,-22,47,-6,-16,28,-9,-78,-12,0,-14,49,-29,-18,41,-3,-27,25,-14,63,-14,34,26,-5,2,99,27,-31,5,-7,-65,-14,17,-50,4,-60,0,-31,12,73,-22,34,66,20,9,26,1,36,-1,43,-4,12,44,-2,-52,83,-34,19,-42,0,-8,-58,15,-5,100,13,-27,36,8,-43,-64,49,-2,-36,-25,40,8,-31,-38,-39,100,-8,49,10,-65,-5,-20,-6,-12,-27,32,12,1,-10,-29,100,-66,17,-22,-5,12,-18,49,-18,-54,30,4,-32,-64,-35,30,-60,12,-31,100,18,16,-25,48,12,26,-14,-18,19,-3,26,19,51,1,3,47,0,-17,11,-24,9,11,-4,-16,27,17,28,25,-7,20,48,14,37,28,11,100,14,45,-6,28,-20,-36,-13,231836
-78,62,-40,11,-100,-100,-100,20,44,5,100,100,100,18,-41,-6,51,-62,13,-66,-13,100,-100,-70,39,-26,100,-96,27,-100,-32,60,10,15,-10,-20,100,12,11,100,73,-83,10,-37,100,-21,14,3,100,-100,100,42,67,-33,28,99,2,-100,100,1,100,100,43,12,93,100,-96,3,-21,-70,-100,0,-83,19,-73,72,-62,94,67,-100,0,100,50,-38,64,-2,-22,2,100,44,39,33,-100,100,100,62,21,7,-73,100,17,72,20,17,31,100,100,17,-29,100,20,100,-3,-100,100,-100,-25,-11,28,100,-33,42,100,-60,-100,71,-100,11,100,97,100,21,43,0,-100,85,-3,100,71,-3,39,-60,0,97,100,30,5,5,-100,100,72,99,100,12,-100,-18,8,100,100,-100,-2,20,30,39,-58,100,-13,100,6,-100,33,-31,55,-3,-33,-11,100,100,34,22,0,-2,14,-10,232077
-25,76,-47,-3,-35,38,-63,22,2,-41,27,32,90,-100,6,10,-5,29,2,-4,38,-33,36,44,-3,11,-6,-12,-24,-26,22,19,-24,6,-100,-1,-3,39,11,7,-20,28,10,46,6,57,2,32,54,-27,47,-78,22,-51,52,50,61,38,9,1,50,-22,25,-25,15,46,-14,31,58,44,37,7,3,-12,2,-10,30,11,75,-37,29,48,0,8,70,4,-9,63,7,1,-22,7,-35,-31,33,68,-100,-17,4,12,-64,-14,56,-60,-44,14,57,-15,-11,34,24,17,16,-49,-6,-31,10,18,45,49,-48,-45,1,31,16,16,-52,-4,45,22,-26,100,28,-13,-35,-36,-93,3,6,24,-21,32,13,38,45,-4,35,-41,17,28,14,-1,48,42,-50,-4,-11,17,-3,-55,67,54,7,-4,-3,-1,37,57,38,-50,-54,-10,7,-100,47,17,57,87,20,-7,7,68,-22,-100,233152
-2,15,-32,-21,25,1,-12,39,45,-8,66,2,63,-57,73,6,-10,25,12,-25,-18,33,26,7,-25,27,-12,-36,-43,28,-14,20,37,15,-82,0,5,34,-41,-23,-50,-51,-41,38,-23,100,11,26,33,31,-21,9,18,-52,30,-21,98,2,10,-3,-23,-29,100,6,-14,35,-34,24,100,5,26,35,-57,39,22,66,26,-17,6,25,-4,41,2,70,34,0,-10,91,10,55,13,-2,-29,32,29,34,-54,24,20,-1,-50,63,28,-50,-20,-5,97,-1,35,28,37,100,51,9,-12,-26,24,22,30,-22,-52,5,-30,13,7,27,58,-22,42,22,-32,-3,100,64,-23,-42,0,-32,16,65,12,12,5,30,43,-2,-17,-9,8,-1,27,-12,54,34,-14,0,21,100,0,61,-5,29,-1,-22,-21,-8,-16,34,-2,12,8,35,18,6,40,21,100,64,23,-12,36,-3,16,-83,233155
-2,14,55,-16,-4,4,2,-21,12,-22,-20,3,52,-8,6,10,15,-42,-46,-28,27,37,-17,12,-24,-14,1,-25,-29,-25,-1,25,28,3,-46,-11,0,36,-57,-12,-54,8,-56,54,-11,-3,-54,14,8,-25,-21,21,24,-35,-11,-54,-26,2,5,-13,-20,-52,47,6,-42,22,-26,14,-11,11,-14,28,5,-23,-20,-16,-38,-49,7,-2,-16,30,8,8,-31,-15,5,-36,8,12,4,-24,-23,37,29,-34,-9,56,-17,-2,-45,-15,44,-36,-50,-7,-18,-11,20,31,-8,34,31,0,2,-25,-17,18,-14,-58,-35,19,-25,40,-1,-23,32,-17,41,-75,-58,36,50,70,-9,-20,-63,-27,8,68,6,40,9,-58,40,-17,36,-24,0,6,-20,14,60,38,2,-11,56,34,0,37,1,44,-22,-24,-23,10,26,8,49,1,-31,24,12,-49,55,18,-17,55,-25,4,28,1,14,-44,233576
-8,64,1,-20,25,-1,8,-2,41,-4,41,2,50,-28,67,0,26,-24,-11,39,-52,14,21,29,-18,14,10,-21,-100,27,-3,15,-3,-17,-17,-1,2,52,6,12,6,-37,4,15,9,71,-10,-3,22,30,-100,10,18,-52,-9,0,40,-1,9,-5,-100,-23,22,30,-20,39,-20,-6,77,28,23,11,-37,1,13,56,-19,-23,55,20,-9,45,18,65,4,-7,-10,44,11,37,88,-15,-13,12,60,4,-25,-15,12,8,-54,30,55,-51,-22,6,57,51,100,57,-13,81,-100,4,10,-13,15,-8,-10,9,-52,15,2,43,0,-17,19,-19,97,-28,-25,15,17,-4,9,30,16,1,3,0,89,45,0,-28,100,9,24,-4,2,16,-6,48,23,52,7,-7,-15,72,6,26,-7,52,-14,-24,34,47,-52,21,29,3,-9,100,2,19,12,-9,54,52,7,-11,5,-8,40,-17,233839
20,4,37,-14,26,-15,-2,-58,-46,-37,-4,17,57,-64,-14,7,-13,-1,8,2,9,58,17,31,0,4,23,-34,-24,11,9,8,5,-9,-27,23,12,74,-1,5,34,11,-5,20,-3,13,6,21,12,4,28,52,7,-21,-28,-20,-21,-15,15,-5,27,-34,9,-2,-27,0,-34,17,24,30,13,7,10,-57,-10,10,-6,-29,-4,22,-4,-4,13,-13,6,-3,12,-15,16,-46,18,10,-47,55,20,-10,-64,18,-14,10,-22,6,34,-23,-17,10,18,22,8,17,-7,45,-7,21,25,-52,3,6,-40,-2,-18,50,5,12,7,5,17,-15,22,-13,-34,4,12,11,-1,31,14,5,8,12,13,12,9,-15,23,-32,29,-37,7,6,11,36,25,67,-2,19,17,43,11,15,-13,36,14,0,-2,36,10,11,26,22,16,7,7,34,22,5,15,58,17,13,4,-9,-5,-33,233861
13,3,27,4,-14,-2,-5,-34,67,10,54,73,80,-98,67,19,22,34,-31,-19,11,-47,58,57,0,2,-5,13,100,-43,4,32,42,30,-77,-5,-12,36,-28,8,-43,-21,-29,67,5,75,-26,24,31,-40,-52,-56,33,-70,-21,49,0,-2,26,-5,-54,9,-2,35,46,19,13,19,75,55,58,20,-20,-36,10,68,36,41,4,-15,0,24,18,69,44,4,6,-1,26,68,100,10,-58,-44,35,30,-100,58,11,30,-33,54,45,-33,24,32,64,-11,33,39,-45,-2,-27,-1,-1,-58,6,23,-25,49,-71,-54,2,42,23,-6,-46,4,70,86,13,24,0,-10,-29,52,0,4,16,-11,100,44,20,83,69,-14,13,10,24,73,0,27,39,40,-6,-6,57,-2,-12,-49,46,43,11,-2,-22,29,11,31,18,-1,31,34,17,-8,66,22,64,78,18,5,21,40,41,-79,235036
-7,-2,61,-16,-13,17,100,-40,32,-55,24,50,60,-12,13,12,-15,24,-88,-7,35,-100,14,20,-5,-2,4,-29,12,-35,18,13,-12,14,-38,100,-55,36,-18,4,-52,-3,-19,58,5,21,-2,23,15,-38,-17,-2,12,-46,15,12,-32,18,14,-13,-15,-33,-13,-46,6,100,-29,21,22,15,16,-2,-2,-43,-7,27,27,-16,-15,-14,-43,64,-10,11,-52,-9,6,-36,15,28,54,-3,-18,-100,25,-47,-18,100,-9,-2,-55,27,27,-74,-31,-8,100,27,-18,27,-23,-6,-35,-23,6,-14,33,0,24,16,-45,-6,-25,22,-20,1,-10,-14,21,-62,-39,39,-13,8,23,-52,-13,-37,2,8,57,21,17,-58,20,-15,-26,-57,-16,58,8,-15,58,37,60,100,30,-2,-56,-11,5,30,2,-6,-5,-14,35,17,-21,-23,-18,-16,3,-15,60,0,100,61,15,6,-1,3,-41,-57,235374
-8,65,7,-17,3,28,-25,-58,0,17,-17,1,55,-10,14,5,-12,4,-36,-4,-4,47,-11,42,2,37,10,4,-16,-64,-11,15,11,18,-38,-5,-27,54,-5,-1,30,12,-5,23,0,44,-49,28,38,-66,-13,21,15,-75,36,10,0,31,14,-8,-13,-65,14,-12,3,36,4,26,46,42,-15,13,8,-58,-1,-51,0,3,61,2,-7,26,-4,16,42,-5,2,-14,13,6,3,31,-44,48,33,43,-2,37,-3,-2,-88,-49,36,-89,-8,-1,15,-7,44,33,-100,50,28,0,10,-45,30,5,39,15,-74,21,-45,15,-20,-30,6,-18,36,-22,-65,50,14,31,11,-11,10,-46,1,31,5,16,6,-23,36,12,8,17,-21,-1,-28,-17,50,54,-24,-4,39,50,-25,6,-8,36,33,2,-3,-17,-5,37,-2,1,-20,42,3,10,23,3,17,55,13,5,14,-6,-18,-39,235413
-19,32,68,-52,0,-12,40,-6,-43,2,-77,28,76,0,-22,21,-27,-11,29,-11,19,43,0,4,-15,-30,17,-65,0,-52,19,27,-27,-23,6,-7,-32,62,-16,13,-28,12,-18,57,15,77,30,8,41,-64,-11,42,28,-48,-54,63,-32,-12,19,-10,-9,-29,-22,54,-42,30,-68,9,72,5,-2,20,13,-3,-22,-21,-10,-39,26,-1,-7,28,-13,-27,-9,-1,0,-27,22,-36,6,-16,-54,42,54,-8,5,75,-23,9,-26,-8,62,-30,28,8,4,-54,-30,57,-78,52,13,29,18,-64,-27,-19,-60,63,-46,47,-28,39,2,-15,-6,-52,69,-29,-27,45,-25,26,26,5,-9,-29,31,31,7,38,20,-31,69,-21,55,3,2,23,-7,4,48,62,39,-10,74,54,-32,-1,-18,62,-13,-19,-17,0,16,40,52,28,-25,-29,30,-11,55,-20,2,76,-2,5,19,-14,52,9,235662
9,-26,72,-14,7,38,-3,3,20,30,-1,47,35,-36,24,21,-47,1,-87,-14,9,58,-10,46,-11,-58,3,-29,-100,-48,12,23,-77,22,-62,0,-22,20,-20,3,27,-69,-20,54,6,6,-81,20,6,-47,100,4,24,-70,-28,-100,-100,37,26,-9,22,-28,-16,-36,31,80,-30,19,14,44,-8,18,-66,0,-21,47,0,28,-24,8,-30,88,-54,23,-22,-3,10,-100,28,18,36,22,-38,17,17,-22,-39,22,-21,0,-80,49,7,-76,0,-3,100,72,-37,15,-75,28,42,5,1,-36,-20,-9,-32,-100,-68,5,-2,18,-32,-4,29,-15,29,-15,-70,33,-19,43,-23,-48,-16,-4,11,55,38,16,22,-6,28,2,66,28,-33,52,-4,3,49,20,-1,-1,20,22,-20,29,50,8,23,-11,-11,3,9,3,78,7,-18,-34,12,-9,56,-9,100,31,36,10,17,47,-27,-66,235840
2,7,28,2,18,3,38,12,17,-17,28,100,86,-52,-1,30,13,23,-15,33,25,17,46,52,1,-73,25,-33,79,-2,9,32,90,3,-67,-5,-100,27,28,-9,-85,14,28,85,-4,82,-16,12,66,-7,-46,19,32,-57,-13,65,-15,5,40,-16,-45,-10,98,34,30,10,-28,8,81,55,41,32,18,7,11,50,19,36,16,15,-12,3,24,0,65,-6,11,-6,39,17,17,9,-36,18,62,70,-52,58,5,29,-21,14,73,-24,-40,32,100,-47,6,64,8,54,-37,4,33,-34,-71,16,-8,58,-55,17,12,32,22,-85,61,3,71,4,-8,100,100,8,0,18,-99,16,31,9,16,34,33,-3,69,-21,52,-17,21,100,-78,42,47,30,37,-7,58,54,-100,67,99,68,11,-1,31,41,23,67,45,5,19,2,28,-100,83,16,100,79,15,8,32,100,29,-70,236642
9,51,-15,-14,-6,0,52,-5,34,-17,-48,51,80,-6,34,14,-8,66,96,2,35,1,49,66,-15,72,8,-11,3,-52,-13,30,-37,33,-66,-10,-12,52,13,26,-9,-30,10,52,25,29,96,15,48,-48,-29,39,34,-67,-8,27,-7,0,22,-6,-29,-34,4,-34,-26,97,-11,9,38,70,48,23,-33,-5,-2,30,64,-24,52,-7,0,88,-5,35,17,0,10,-18,23,31,41,38,-15,1,17,13,-4,35,-5,20,-20,30,38,-15,-9,16,8,3,-8,14,-63,47,5,0,7,-14,68,5,-12,30,-66,42,-29,36,15,-31,-1,-15,49,-32,-39,7,1,20,-12,6,29,-30,2,20,39,36,15,-26,49,-7,37,-14,14,54,-23,42,37,55,50,-13,34,45,-11,0,-16,38,39,-16,-2,40,37,43,32,-1,2,-5,0,18,54,9,7,84,17,11,17,-14,-28,-69,237419
-17,1,34,-16,-27,7,48,-40,-6,1,-50,47,7,-22,-34,14,-42,26,-44,-18,-1,-3,22,34,-18,-76,16,-3,-21,-31,-24,33,-65,15,-60,-8,-40,24,-33,34,-3,100,-36,28,34,69,-38,15,-6,-21,-37,13,35,-69,1,34,-58,5,32,-7,-36,-26,11,-2,17,32,-3,10,76,33,29,23,100,-44,-39,38,36,5,-4,-29,-2,54,-30,-33,-10,-2,11,-43,31,-4,-32,11,-44,-3,39,-8,-27,54,-32,24,-37,30,1,-23,-36,21,-10,29,-18,41,34,8,22,-58,16,-43,-74,12,4,37,-67,12,35,39,-17,-10,-4,-14,47,-62,-36,88,12,18,-61,-8,-11,34,5,19,-30,38,18,-52,45,34,37,1,-15,43,-9,-33,37,26,52,-9,54,6,-36,2,-43,0,11,-20,-13,-38,-2,-7,57,-56,-8,-13,7,-1,29,11,-9,10,14,15,22,-38,8,-67,239250
15,-20,25,15,-29,2,33,-41,-9,3,-2,37,52,-44,14,11,-9,-24,-58,-5,16,2,3,45,-14,-10,17,10,19,18,20,11,-24,-84,-23,5,-19,54,-37,36,-55,-29,-39,46,36,57,-68,12,26,27,-11,61,11,-44,15,-100,18,0,27,-8,-9,-100,1,-32,-35,78,8,8,54,42,6,11,-27,-43,2,88,-16,-58,-30,-29,-7,100,-13,8,48,-5,0,-3,24,-9,41,34,-16,0,23,47,-48,51,3,-25,-78,67,32,-78,32,-43,100,-27,-9,23,-36,30,18,14,16,-7,6,27,15,-100,-44,58,-20,27,-2,-28,14,14,15,-22,-58,42,4,11,-38,-51,-4,-24,6,9,44,27,13,-15,16,8,36,1,0,39,-34,4,33,52,32,5,52,30,-20,20,-4,30,34,-15,-3,4,15,24,-27,14,-4,-9,8,1,49,26,100,52,29,0,10,-5,-26,-24,239770
1,58,50,-1,32,24,18,-9,40,-15,7,40,0,7,-15,35,-15,2,64,-10,1,46,27,1,-6,43,34,7,-3,-100,12,8,2,-10,34,-16,-12,-1,-2,79,-39,12,-3,64,84,72,60,-9,17,-100,-11,-10,10,-27,-35,70,0,25,33,-3,-9,12,42,40,-49,-27,11,-14,64,0,20,-27,19,-13,15,-5,-4,-43,55,33,0,-39,-6,-12,-7,7,11,7,33,37,38,-19,-30,47,42,-14,1,51,5,12,-36,2,58,-51,-78,13,-44,-29,-12,39,100,30,-14,13,34,-16,43,2,-31,67,-29,-13,6,49,-16,-2,6,0,52,34,20,11,40,28,52,27,52,4,23,29,37,49,39,29,52,-43,73,-14,-16,42,0,12,48,-4,16,-16,51,25,-9,8,22,57,-20,-7,-10,13,4,18,62,13,-27,-16,20,58,61,3,-46,-5,1,12,-29,19,32,34,240047
10,-22,57,-5,7,43,31,-60,-2,2,-41,50,83,-63,-17,24,-46,8,-32,-29,-9,35,17,23,-12,-50,33,25,-100,-77,13,39,-6,21,-72,-10,100,67,-41,30,-42,52,-39,81,30,86,-38,22,16,-75,-32,20,37,-85,-10,52,-23,44,36,-7,-32,7,30,-2,7,76,25,27,84,26,18,13,52,-57,-9,8,10,6,-17,8,37,67,-51,-15,28,1,12,-25,35,3,21,10,-49,34,50,14,-67,82,-8,38,-3,11,35,-1,-51,36,32,83,-26,50,-81,26,-100,1,34,-47,-52,5,-14,47,-83,21,-12,41,-37,-45,7,-5,69,-64,4,56,31,43,-26,-66,-27,-13,22,40,21,41,22,-66,70,-25,62,3,-36,50,-51,-12,58,70,31,-7,80,29,100,6,-20,34,10,-8,-26,-14,-8,16,57,3,8,-27,21,-21,83,5,33,84,25,12,14,-24,-9,-69,240277
-24,69,73,-4,-18,32,-8,-30,2,-7,81,57,100,-26,19,7,-44,-32,-94,-20,-24,17,-11,-32,-21,-69,-22,0,-32,-57,19,44,-13,-15,-62,-14,-37,55,-25,1,-47,84,-24,44,3,57,-90,23,19,-61,-27,36,42,-100,-19,-46,-31,32,21,-7,-27,51,64,36,45,19,-1,18,63,-33,-9,18,90,-34,-20,9,-28,43,52,-19,-10,25,-45,22,10,-6,-10,-38,22,2,-14,-11,-37,17,44,8,-30,40,-20,68,37,16,43,37,-47,67,-9,-8,21,47,100,50,32,-43,-21,-34,-62,-6,-21,-35,-100,33,-4,30,-78,-74,29,-5,22,-33,48,76,64,18,-57,-16,-16,-6,12,19,-11,30,7,-43,21,39,29,-7,-77,60,-76,-79,28,60,-4,-13,39,48,-34,27,-51,38,-11,-21,-15,-79,-25,20,26,-42,-37,21,16,-24,46,-6,-8,100,7,-8,19,-55,28,-62,240638
19,-20,36,-1,-5,3,7,-54,-5,40,-33,65,-14,6,8,14,-55,-3,77,-28,-6,31,29,24,-13,57,16,0,0,-46,-7,26,27,21,-55,1,-1,21,-27,18,-38,21,-27,55,22,70,73,13,13,-46,-21,19,24,-35,-47,90,-54,4,34,-2,-22,-35,7,-3,-37,-21,1,14,61,27,21,-10,20,-57,-51,55,-13,-33,-23,-4,3,-32,-42,11,-3,8,3,-57,32,-8,16,14,-15,29,20,-10,-10,51,-58,-37,-87,52,17,-93,-30,-34,-33,20,40,21,48,20,7,11,18,-14,54,0,-44,85,-33,16,-93,45,10,25,17,-1,51,-85,-30,34,11,27,-23,-11,18,-89,15,25,10,48,14,-92,52,12,-7,40,6,61,22,58,29,23,3,0,49,25,-4,19,-22,16,15,-9,-27,58,-7,15,-16,9,-14,35,15,22,57,0,-28,-18,19,3,-10,-30,-7,-58,241031
10,14,24,-15,-3,11,8,-25,24,-6,78,30,66,-13,56,9,-17,29,-32,-14,15,18,45,33,8,19,31,-34,22,-92,-13,26,-46,4,-31,11,-36,31,0,1,52,-2,1,17,10,56,-22,23,25,-100,-18,42,27,-63,-11,-11,-42,11,0,-1,-21,-19,17,51,15,11,-30,19,57,32,43,13,-3,-32,45,68,28,23,16,-5,-2,18,-4,52,-37,-3,-7,-48,1,12,6,22,-38,16,12,-26,7,44,41,15,10,80,15,3,-9,19,-3,17,29,14,-20,35,3,9,35,-29,24,6,-21,-11,-65,37,-21,-21,19,2,8,-15,51,98,-9,32,18,-19,-51,8,20,-20,18,-16,6,-18,16,96,48,12,-21,-5,16,35,16,-8,48,29,6,10,41,34,-32,9,-28,16,23,3,-16,-7,16,24,-19,7,15,30,18,22,20,6,-6,64,43,-3,11,-19,50,-35,241588
-27,45,45,-15,-26,6,100,17,-17,54,40,100,74,-57,19,0,-14,-1,-50,-14,2,32,21,38,-26,-36,-8,-22,-52,-51,26,30,26,0,100,-2,-99,-6,-52,11,-100,47,-51,43,14,-19,-34,23,-3,-55,4,46,29,-32,-42,25,19,4,9,-2,5,-28,3,33,31,-32,-24,23,-17,35,22,13,52,18,-18,48,4,32,41,-22,1,-15,-19,20,-9,7,6,19,11,-17,99,12,-30,32,39,-8,-57,-97,-15,-25,15,61,48,13,-21,-23,99,-50,-42,39,-33,5,-88,0,-10,-29,-26,1,-50,27,-33,46,-43,33,12,-30,36,-18,29,3,-28,27,5,24,-48,8,57,-45,4,21,100,30,2,1,28,-21,81,54,10,95,-38,36,42,-9,100,-4,-100,2,-100,33,50,49,10,-24,-13,34,0,0,88,-1,-37,-35,8,52,44,1,100,72,-17,7,14,48,34,100,241736
13,10,15,-20,-2,-3,8,-52,-10,-1,-51,2,88,-11,-38,12,-43,16,-100,-20,-4,30,11,52,-4,-61,17,-15,15,-82,-12,24,25,17,-67,-3,-3,21,-24,11,-34,74,-24,52,9,41,-99,24,17,-86,-27,48,31,-52,-10,-11,-25,-2,32,-2,-25,-20,-7,-32,48,44,-14,20,46,52,13,-2,71,-56,0,95,21,42,-1,-2,0,54,-36,-41,-10,3,-3,-14,33,-12,48,26,-66,33,64,-9,-8,51,5,42,-10,86,52,-4,-64,41,-33,11,-31,68,-88,45,-9,6,20,-68,-58,6,-7,1,-52,48,18,32,0,-33,-23,-21,58,4,-26,54,-7,29,-33,-1,13,17,19,30,47,30,15,8,58,9,48,-1,0,7,-27,-4,44,24,12,-7,48,42,0,-21,-27,51,28,-5,-19,-8,-5,16,54,3,-14,-30,20,16,52,6,-34,87,38,0,-4,-25,-29,-68,241788
3,3,-3,21,21,-10,-58,-46,27,-10,58,-6,72,-31,97,15,25,14,-29,-13,21,-31,26,17,13,5,17,1,44,7,-20,18,52,24,-26,8,-10,27,-13,15,-12,-37,-14,24,13,64,-40,21,28,-4,-10,42,17,-61,22,3,-32,-13,11,0,-10,-34,39,49,16,12,4,22,61,18,23,21,-33,-43,24,35,8,19,10,17,3,2,38,92,73,8,14,-36,13,5,22,20,-20,-33,23,71,-24,45,21,5,-23,46,4,-26,44,6,-13,-58,38,23,14,51,47,23,23,-29,1,13,33,2,-62,44,7,39,18,-26,52,22,57,84,-28,58,34,0,-8,-14,58,7,15,0,21,42,17,82,57,9,52,-9,17,18,-13,-16,100,26,-62,5,42,46,-4,49,60,6,22,11,-15,-13,22,26,52,22,7,32,13,62,24,12,-17,72,32,15,20,56,49,-25,241847
-4,47,36,-3,-16,18,-12,-32,-1,14,12,30,13,-1,85,4,-17,-33,-5,-25,2,19,50,76,-6,10,0,9,9,-31,13,22,-34,7,-77,-9,-37,15,-6,6,-29,11,-10,38,6,27,-4,34,52,-29,-40,34,25,-46,12,18,28,19,17,-2,-37,-63,14,-17,3,100,9,26,33,75,49,23,14,-36,-40,24,-34,4,43,-21,-2,100,-8,83,32,1,-14,20,16,1,1,12,-18,22,12,33,1,25,-43,-17,-68,23,16,-73,-21,-17,20,-12,76,13,7,13,30,-1,2,-19,7,25,21,24,-44,36,-78,9,21,8,4,-3,3,-31,-63,35,13,4,-27,-12,37,-79,3,7,2,11,10,-31,3,-22,-14,14,23,24,9,5,52,20,-11,-14,26,6,-35,11,11,17,15,-10,-27,6,3,50,-14,-1,-21,75,6,39,37,26,21,9,28,-14,19,14,-15,-78,241850
-12,9,-10,-20,50,1,-40,-31,-34,-18,-100,56,100,30,-27,-36,-25,20,-35,-100,52,3,37,35,-19,9,50,-100,11,-100,8,30,26,-100,-100,-12,-82,-24,-60,100,-23,-95,-58,100,100,38,-42,16,28,-100,-7,31,27,-77,50,62,-32,1,22,-11,-5,-16,23,4,11,67,-100,16,38,34,39,12,-97,-31,46,24,22,7,17,52,-11,61,-28,-28,-16,-8,-9,-29,18,-35,21,100,-22,4,41,-13,21,51,47,-12,-72,27,15,-68,-60,-12,31,-40,-8,39,-18,100,52,11,50,-18,7,12,45,54,-74,31,-4,100,26,30,21,-21,41,-89,-20,-7,25,-47,-30,0,-52,-6,8,-49,21,100,-35,-85,40,-25,37,-18,27,57,24,34,0,-23,-37,-9,51,100,-83,22,-100,16,100,-18,-100,32,52,30,37,13,-21,-7,10,-33,100,12,31,100,4,-4,16,-100,-2,-100,242458
6,-28,8,-25,-10,19,-24,99,30,26,-3,28,23,-54,5,14,-5,34,44,-25,13,70,33,71,-13,67,-3,-23,100,-29,16,31,21,-72,-41,-7,-17,49,-30,9,-79,-23,-29,79,5,69,45,6,27,-24,2,29,28,-52,10,21,0,20,37,-7,-51,-34,5,-26,-15,78,-21,7,71,70,32,-17,-18,99,1,51,34,-13,-31,-13,-4,76,0,7,29,2,0,-7,36,33,100,0,-48,70,19,18,-100,8,0,8,-66,36,30,-67,2,9,48,-68,12,19,-8,18,-32,14,0,-50,70,29,4,21,-51,30,-1,36,31,-12,-7,-25,30,-75,-32,61,4,-100,-18,11,15,0,14,-100,100,37,15,-83,30,-23,-31,27,31,24,-18,39,44,46,-5,-5,7,17,-18,-7,0,29,0,-12,-24,38,14,28,-40,16,-8,11,15,8,80,30,52,22,100,0,-16,-4,-33,-50,242577
-2,-4,21,-32,-100,14,37,-65,16,8,38,46,-100,-72,33,3,-22,-49,28,-8,31,100,-2,63,-9,-28,-48,-27,-55,-16,40,7,-44,12,-26,18,-100,29,-100,32,12,-33,-100,13,33,77,36,48,17,-19,5,36,5,-6,-94,82,-9,15,16,-8,6,-88,97,-33,16,62,-29,47,78,61,-2,0,-24,-72,-100,55,-45,12,-22,-100,-6,74,-21,34,40,-8,4,-4,13,21,3,21,-22,100,63,33,-71,52,-100,-66,-100,50,35,-100,19,-68,-68,100,9,62,-11,2,33,56,-47,-11,-26,-5,-94,88,-5,27,-100,30,26,-23,2,-31,3,-15,-92,58,100,40,-90,15,5,-100,4,38,5,31,8,-17,1,35,74,8,27,43,-21,52,34,30,37,19,51,6,-100,4,-14,34,21,-10,-4,54,30,18,82,52,8,14,6,4,16,-4,-67,-100,34,5,4,-13,-26,-29,242664
3,13,92,-18,-2,13,10,-30,3,24,15,63,62,0,40,21,2,3,-15,-29,9,18,30,58,-23,7,3,-4,-7,-44,55,44,12,41,-97,-11,-7,35,-22,18,-55,-30,-22,99,19,94,-12,28,52,-43,-38,73,41,-61,38,65,9,14,35,-5,-40,-50,29,-3,-4,76,-4,21,98,62,26,28,-30,-36,-12,27,1,0,5,-4,-2,64,10,41,-9,3,7,3,36,-6,30,17,6,14,51,-18,-12,61,-18,-4,-92,9,49,-93,-33,-4,33,-4,1,50,-6,4,27,-10,4,4,4,-7,25,75,-60,69,-42,61,10,0,33,-17,39,-25,-50,38,30,38,-44,19,51,-39,21,37,28,65,27,-26,39,15,45,23,10,68,5,56,54,29,7,-14,58,-1,-6,33,12,47,19,-24,-30,54,9,51,40,-10,-39,2,21,51,99,-5,35,57,33,8,26,8,-1,-100,242725
4,31,5,-15,-4,21,16,-52,6,-19,19,26,91,-38,18,11,-35,-18,-68,-25,-3,31,-29,6,-1,9,11,-4,-8,-54,-33,27,-19,14,-39,-6,-45,50,-33,-12,18,52,-32,37,-7,30,-57,26,11,-52,-20,8,26,-87,-11,10,-31,20,24,-6,-21,-74,40,14,0,89,-6,25,30,0,-22,14,55,-54,-16,69,-9,-3,24,-1,-1,100,-26,12,2,1,-2,-37,21,14,-14,16,-22,32,-17,1,-43,64,-15,0,-86,58,45,-83,-34,-4,-4,15,-49,-15,-39,40,35,-14,10,-26,14,9,-7,9,-88,6,-52,27,-28,-4,16,-15,26,-79,-81,25,45,40,-15,-8,-12,-57,11,39,-16,29,8,-69,27,-8,-7,-20,-23,16,1,-14,46,51,15,-5,61,46,-52,11,-35,47,13,-1,-20,-8,-3,13,5,-12,-12,-41,14,-19,40,8,-1,87,43,-1,15,-32,21,-39,242816
8,27,58,-38,22,-3,71,-43,23,-24,58,79,72,-95,58,19,10,21,-30,-27,-25,-20,33,19,-5,11,34,-33,-15,-99,29,39,40,-48,-91,-9,-58,79,-12,47,-54,-23,-13,86,45,77,-31,25,43,-100,-20,54,36,-100,25,41,58,-4,46,-10,-21,46,51,43,3,54,-35,24,72,18,34,32,-24,-44,35,78,20,0,22,24,30,56,0,58,42,4,1,42,46,27,100,6,-68,-20,100,30,-47,96,34,52,21,69,11,22,-24,52,-12,-19,-3,100,7,52,-100,6,36,-70,10,25,16,36,-100,52,-23,63,-30,-13,5,-38,77,87,47,30,52,12,-15,-54,-49,-25,27,10,100,64,20,97,76,-69,37,-23,-29,80,-13,-58,78,75,70,-9,93,52,-60,-1,13,13,6,-4,-28,-55,-25,41,47,7,14,-1,27,-63,87,25,-9,73,32,0,32,7,52,-94,242948
14,2,58,-11,22,8,72,19,26,-10,-42,29,32,5,-5,24,-31,31,6,-7,17,13,21,41,-11,28,58,-21,22,0,-13,23,41,56,-34,7,-32,21,-3,48,-47,0,-5,74,49,48,-3,7,32,-6,-29,29,24,-88,28,46,32,9,4,-6,-31,-7,-1,21,40,71,-20,9,50,42,17,5,-1,19,-21,-39,27,41,0,20,-7,62,-30,-4,-44,-5,25,29,3,7,12,28,-26,11,15,-39,0,16,-28,0,-94,-9,-2,-93,-72,-1,-40,48,-29,12,-22,12,-26,8,58,-21,21,0,33,52,-86,31,-23,25,-9,2,-15,-12,29,-26,-6,29,-1,62,-6,4,28,-27,-1,60,13,23,28,-29,29,33,27,-10,-10,48,10,-6,56,26,73,3,17,11,-31,-17,20,2,29,-10,-6,-7,19,31,23,10,11,-30,0,20,75,0,-42,30,8,26,6,19,13,-38,242998
45,67,55,-18,-6,31,32,-17,-9,23,5,36,73,9,26,18,-9,-6,32,-13,34,24,-5,47,-20,72,13,-11,63,-18,36,24,58,16,-63,3,-31,72,-8,21,37,-3,-2,63,22,58,33,10,33,-28,-3,34,22,-64,30,16,-21,32,31,0,-4,-10,32,-33,-52,99,-14,8,58,48,-6,11,2,-24,-39,31,-4,-50,60,-8,2,98,-11,31,15,5,-2,-29,29,2,44,30,-7,28,-16,9,-4,50,-35,1,-66,35,28,-73,-8,4,2,27,-11,-11,-64,29,-4,35,14,0,75,16,33,22,-60,33,-51,25,-20,21,3,-20,49,-24,-14,28,37,42,-30,16,28,-48,9,43,47,25,21,-37,47,34,-13,23,-23,18,5,28,30,73,33,7,49,35,-31,-5,-4,22,27,-19,-3,23,34,38,-25,37,12,-14,10,26,65,15,8,67,19,2,19,-6,-52,-63,243256
19,84,11,13,10,0,-44,-62,18,-3,-1,39,-52,-80,51,15,-42,-7,97,-12,-13,61,26,34,27,100,28,19,28,-29,-69,14,-2,4,9,-2,-29,46,2,4,49,-50,2,24,6,1,92,37,37,-29,11,20,16,-47,-10,-19,-55,-1,12,-15,8,-21,32,-10,-16,5,19,35,6,35,26,11,-52,-63,-40,40,-8,-21,80,12,-14,9,-46,49,-32,-12,34,-49,10,12,-11,36,-48,54,9,-29,-75,39,-41,-31,-87,44,-19,-81,-32,-35,75,20,46,7,-35,55,-33,11,27,-50,94,-26,-5,-14,-40,20,-87,32,22,-54,-12,10,41,-56,-30,37,32,52,49,31,-26,-90,2,52,-9,35,15,-52,43,45,42,-4,19,43,-48,44,33,51,-44,-3,40,55,-25,-4,-32,-19,37,27,-10,41,-11,34,52,12,7,47,4,-17,26,-27,73,-49,47,37,9,-33,-3,10,243551
-6,-30,89,-27,-7,7,-3,35,-2,-22,-13,13,49,-100,57,10,-7,34,-25,-28,6,100,52,62,3,2,30,-28,100,-45,6,30,-52,-100,-49,-100,-15,20,0,4,10,-19,-1,27,6,100,-28,23,-77,-43,-27,-31,30,-51,-69,-22,100,7,9,-6,-28,1,8,-8,42,17,-29,25,98,62,57,-100,-21,38,16,7,39,35,-30,-5,-3,21,-4,56,62,0,0,100,9,0,0,15,-47,98,35,58,-100,10,20,16,-41,3,24,-35,-20,13,-33,-24,-5,34,-39,15,49,-27,31,-52,0,-5,-78,-24,-50,-49,5,36,27,-100,14,-28,49,58,-6,36,8,-96,-65,-52,22,2,12,-98,0,38,9,65,50,-29,46,-22,27,16,-100,43,52,20,-3,-100,8,18,-20,14,-28,25,15,5,-30,42,6,-79,57,-27,-29,-2,14,20,27,-4,-32,52,30,-1,-100,-26,1,-50,243627
-12,47,77,-39,20,-19,67,-17,1,-12,46,7,25,-50,-1,16,-22,15,2,0,22,14,19,47,-1,-4,20,-31,-14,-82,4,30,13,12,-31,-9,-67,46,16,38,-95,-16,12,49,36,14,6,16,46,-86,-13,2,32,-12,-52,-7,38,-20,29,-1,-14,-32,-7,-13,-8,10,-32,11,19,44,20,31,-16,-20,-13,-43,16,-12,41,20,2,19,-24,-5,-19,5,-7,23,30,-3,33,34,-45,12,-1,-22,-58,88,-15,-14,-48,-24,16,-49,-1,-16,-40,-19,-31,-3,36,28,-5,-2,18,-40,-7,20,-48,5,-12,4,-13,40,25,-32,14,-41,8,11,-34,-6,-8,29,-35,18,-15,-16,12,32,34,40,17,20,8,-6,22,-12,27,12,-27,48,44,44,63,-13,86,25,-67,22,-3,19,40,-2,-1,51,23,46,34,-4,-22,-28,13,-25,51,19,-40,28,36,-5,30,-4,0,-33,243702
12,34,-27,-20,27,5,35,6,85,-12,3,92,61,-32,-2,10,11,7,-36,23,14,-100,30,29,-14,-16,11,-38,13,8,-14,22,32,15,-47,-4,9,58,-24,0,55,-5,-26,15,0,64,-33,1,4,11,-39,-36,22,-44,73,100,33,4,26,-6,-41,8,34,-1,12,18,-40,3,64,30,34,18,-6,10,7,-2,11,11,33,30,-4,24,13,-4,2,-1,0,22,27,84,82,10,-47,-100,49,-1,-27,100,11,21,-29,-8,35,-24,43,17,100,52,-13,47,3,42,10,3,9,-56,-15,-1,63,99,-43,-33,19,27,14,7,48,-20,58,-12,4,100,31,26,-19,2,-100,16,9,28,80,29,9,-5,60,-21,7,-12,14,100,6,20,100,55,37,-5,100,41,7,46,57,37,13,-15,21,19,14,1,20,5,-16,-10,11,-100,15,0,98,63,100,-1,16,58,8,-48,243770
3,48,45,-17,14,0,-84,-7,62,0,22,100,60,-6,47,0,34,29,10,-7,2,42,42,39,0,18,41,-2,-12,-33,9,4,12,-22,2,5,19,21,17,4,72,-38,15,15,1,66,5,12,32,-36,-5,12,6,-35,52,-99,25,-1,5,-6,-5,-18,10,21,7,20,-2,12,65,38,37,14,-42,-5,15,83,25,11,58,11,-8,11,40,44,35,-9,4,21,9,68,38,-14,-64,41,4,28,0,10,9,14,-21,77,42,-30,58,15,55,-24,35,4,-62,68,14,32,40,-62,17,10,50,-100,-35,16,-1,22,11,23,27,-17,60,32,-12,17,9,52,-10,-18,56,-2,3,52,38,21,0,27,58,13,13,0,11,100,22,32,50,34,-81,1,12,68,16,23,-5,42,-12,-3,-11,32,0,30,3,35,-31,34,6,52,13,10,54,52,10,6,10,-4,14,1,243776
1,27,76,-9,1,28,-17,-68,-2,35,-83,1,70,-18,11,20,-54,-31,-8,-13,6,31,-29,22,-16,20,4,-4,-1,39,36,30,34,9,-75,-11,-34,48,-27,3,-29,18,-25,60,2,43,-5,24,18,42,-27,22,29,-100,21,-6,11,27,35,-8,-26,-58,44,-26,-1,100,-10,24,48,19,-26,22,16,-71,0,-75,-27,-1,22,0,-7,100,-64,7,0,-1,3,10,36,-6,12,15,-27,33,-12,2,-17,44,0,-8,-100,-74,-11,-100,-45,-10,14,14,36,-9,-80,12,35,-5,6,-31,19,0,9,0,-100,23,-65,29,-74,19,21,-11,29,-86,-64,43,49,42,-31,5,-5,-66,9,40,14,27,20,-87,30,-20,-6,34,-74,6,17,3,71,51,-19,-8,42,18,-38,23,-37,-11,16,-13,-9,1,5,18,-8,-4,-2,41,12,-2,65,0,16,68,32,5,25,-38,-29,-76,243917
13,37,16,-4,-11,-6,-81,-21,-49,18,-16,-7,40,31,13,26,-15,-7,2,33,21,9,-5,40,1,33,3,-5,23,-49,-18,9,-1,26,-61,-9,2,15,13,21,-41,-73,8,57,16,6,-2,23,42,-52,-13,25,11,-51,22,2,0,-5,10,-9,-15,-70,-18,14,-65,74,-3,16,5,43,-13,14,-67,-22,-37,81,-13,-61,29,-16,-8,69,-19,15,-31,-6,28,3,13,-52,23,24,-23,5,-2,-32,29,17,-44,-30,-95,94,44,-98,-23,-28,-41,46,-17,-1,-60,40,0,-8,8,-11,29,4,25,6,-47,33,-32,33,-5,-4,7,-5,35,-2,-73,78,-22,50,35,19,32,-26,-2,51,27,30,29,-9,33,20,41,16,-13,-4,-6,37,47,19,-76,-13,22,27,10,5,-18,36,26,-3,30,33,23,40,38,-8,12,-21,-3,39,56,2,-46,31,-1,33,11,-19,9,-63,244259
8,38,72,-12,9,-22,62,20,56,10,90,46,99,-3,-66,22,29,77,-54,-25,-5,-4,63,77,12,-73,45,-20,-20,-73,10,22,-26,20,-52,21,62,17,-13,35,-52,92,-15,48,31,95,-100,23,4,-65,-62,-36,22,-27,3,5,3,-22,21,-13,-62,24,25,-21,26,1,-17,27,91,76,71,56,95,21,55,69,82,20,37,4,-12,3,25,-66,49,-8,31,-3,22,52,67,-4,-30,-9,51,34,5,39,57,88,83,74,80,90,-4,88,100,84,13,51,-58,60,43,-16,47,-20,-100,37,-11,-1,-27,-33,76,19,50,33,7,-12,69,49,-100,7,21,-6,-49,3,-100,30,14,-4,69,16,23,57,68,-100,-32,9,51,51,18,9,46,29,68,23,42,56,66,9,-9,77,-5,12,-24,8,-2,6,-22,-14,16,12,14,-67,45,37,100,100,25,30,58,-4,-22,-51,244301
0,26,0,-13,-1,-3,-87,-17,14,-12,30,39,0,-43,55,3,-32,11,23,-12,17,51,14,7,-1,26,6,-17,-10,0,-12,12,46,16,-68,2,-7,51,2,1,27,-43,1,33,3,37,15,29,58,4,-4,99,13,-50,-2,-15,1,-4,11,-8,-5,-11,12,30,-30,-11,-18,26,42,7,15,7,-47,-14,1,67,16,-39,29,0,-8,-14,-41,57,-18,-6,0,-3,11,11,41,6,-41,49,-4,-16,-44,17,6,-7,-46,51,5,-43,-9,-11,16,-22,45,-4,-10,25,22,14,5,-35,25,6,-3,-8,-46,100,-19,13,6,-6,5,-15,39,20,-20,21,10,54,-17,-17,11,-20,10,51,40,13,6,32,41,-5,-34,-14,7,46,-16,-11,46,55,-86,0,16,24,-5,7,-19,6,8,0,-9,-14,18,58,-33,15,-14,44,11,19,32,4,14,1,18,3,8,-19,33,-70,244374
10,69,31,-15,-8,17,5,13,0,-3,18,49,27,-42,19,29,-38,-16,-14,0,21,-11,-4,1,-4,7,3,0,14,31,26,28,15,76,-24,16,20,54,12,18,6,-50,18,73,14,20,-20,10,40,23,-18,35,29,-71,-32,55,-27,19,0,-2,-16,-1,15,2,9,25,2,9,17,3,-8,23,-52,3,-16,89,-20,9,65,-11,3,5,-37,24,6,6,-3,-14,-2,12,28,72,7,-7,-25,13,-40,23,-19,4,-67,95,0,-71,-32,8,-21,43,-28,-21,-17,39,55,-13,11,6,3,-2,-26,63,-66,30,-73,-9,-51,20,34,-18,46,18,2,45,18,9,-96,-23,35,-68,12,10,27,-7,30,13,42,20,70,-4,-51,42,23,61,42,49,0,15,18,43,21,26,-44,-2,69,-5,3,60,22,44,52,-16,-2,-36,13,30,75,-2,-18,23,45,-1,26,-44,-14,-22,244948
-4,38,47,-9,-2,4,5,-57,11,-19,-72,11,-3,0,61,12,-4,0,57,-6,26,35,9,40,-15,44,0,-20,-12,-49,-8,13,16,32,-67,-1,-16,39,-28,7,-38,-71,-28,36,10,65,57,20,17,-44,-20,21,12,-73,32,31,-29,3,25,-5,-20,-49,41,-11,30,5,-22,17,70,37,11,4,-73,-55,-21,77,3,23,49,0,0,9,-14,58,-77,1,-4,-23,25,4,25,24,-37,37,2,-75,8,72,-19,-20,-100,57,-18,-100,-36,-23,31,24,15,-2,94,25,-1,-6,1,-34,47,14,20,21,-72,23,-40,26,16,2,5,-11,28,-71,-52,44,43,25,5,2,-3,-44,3,25,25,26,10,-72,29,-1,-1,-20,18,18,-1,36,58,35,5,0,71,25,-15,7,-26,-15,24,-14,-4,37,25,16,1,-6,0,17,3,9,35,14,29,-1,13,-5,4,-25,-12,-68,245371
6,65,24,-14,-50,33,15,-32,18,5,19,74,41,40,50,8,-15,-10,-1,-6,-5,33,6,26,-8,-15,-13,-20,-8,-13,1,17,-6,0,-66,3,-38,58,-11,-4,-7,-29,-10,55,-2,-7,-1,30,29,-16,-8,38,16,-65,23,8,-19,32,15,-6,-8,-28,14,-11,6,54,-20,25,-8,27,1,13,-28,-35,-17,67,-13,10,65,-49,-3,42,-16,50,8,0,3,-10,14,17,15,6,-43,33,19,9,46,35,-22,7,-83,75,21,-85,-12,8,-20,-2,40,17,-52,-2,12,-4,-10,-43,-18,-9,26,3,-66,36,-9,18,-32,4,-10,-18,-12,18,-29,58,14,8,-11,22,62,-6,8,7,16,18,12,10,-15,27,33,6,-32,73,3,-11,8,60,12,2,34,-4,-35,-13,-22,20,6,-8,-4,-12,-6,30,21,-6,-5,37,7,66,58,-8,-20,33,40,8,12,-23,-25,-66,245628
13,12,0,-17,-55,1,39,-36,100,24,0,79,94,-96,30,23,3,-7,-64,-10,6,8,36,57,-6,12,4,-26,70,-19,7,37,67,-83,-56,-11,7,52,-23,16,-70,0,-25,73,11,61,-67,12,24,-11,-29,9,37,-84,-48,60,13,1,32,-7,-29,-19,31,0,20,76,-25,10,58,54,40,19,3,-36,17,79,-4,16,12,-56,-3,77,-8,29,45,3,11,9,34,100,28,21,-43,10,33,35,-100,66,20,47,-16,54,42,-16,-29,46,11,-33,30,36,-58,34,-38,1,7,-46,15,12,-36,56,-83,12,-29,37,-13,10,15,-16,57,-28,-19,41,31,39,-25,-45,-100,-31,19,38,28,38,26,-27,55,-25,26,25,-9,79,12,0,38,54,39,-13,67,35,8,10,-21,39,25,-6,-13,0,5,22,28,3,35,30,19,-100,72,12,15,92,10,11,18,-25,2,-57,246158
-8,93,-43,0,-9,-13,-3,-28,54,5,93,56,42,-38,10,-1,-20,-11,-31,36,-14,43,40,56,22,28,18,4,-52,22,-33,9,-90,13,38,15,-80,54,-21,-33,84,-32,-18,-20,-40,12,-19,48,0,27,30,24,8,-52,23,40,-29,-12,-4,-7,28,-12,-76,29,-11,-32,3,45,11,52,45,-26,-32,-37,-32,100,-7,-7,71,-10,-6,-23,-28,10,1,-4,54,-42,-3,58,-69,34,-4,40,34,-15,-45,-32,-36,-2,-27,89,52,-29,31,0,17,65,46,33,1,-15,43,-17,16,4,30,-16,24,40,-54,19,14,34,16,-23,-22,0,10,-50,-10,52,-78,-23,28,30,0,14,-32,-22,-66,34,1,-60,8,32,-6,4,18,44,-32,73,0,48,-3,19,-31,-17,-77,-26,-29,54,32,20,40,80,-12,0,-4,-18,30,47,-33,6,-21,-15,23,42,14,52,-21,-43,29,36,246169
-12,23,14,-3,-15,-3,2,13,13,-19,1,20,34,-45,22,10,5,0,-8,-13,-4,18,11,35,-10,15,20,-20,-4,7,5,16,30,28,-57,0,20,9,5,3,-40,-78,5,25,3,27,-3,7,49,4,-24,9,16,-31,-18,7,-6,-3,7,-4,-24,-55,2,13,-30,16,-21,10,28,34,13,23,-76,12,-17,-10,2,-33,19,-14,-5,27,0,22,-41,-2,-23,-10,8,10,0,30,-12,17,39,-36,-47,27,-14,-23,-67,4,27,-67,-38,-24,4,-11,3,41,14,14,32,2,19,-9,17,17,-19,8,-30,10,-38,32,-2,-12,39,-4,22,2,-57,0,2,-3,-29,-6,-58,-39,4,-4,2,30,9,9,20,6,56,-19,-3,26,-11,33,44,9,1,0,24,15,18,39,-35,27,29,-7,-9,32,-5,48,66,0,-22,6,5,-60,28,16,3,34,22,-22,24,-36,15,-57,246208
-7,-1,60,-15,-10,7,35,-36,10,-12,-60,6,57,-33,-24,6,-7,43,20,-40,10,32,28,55,-19,-58,10,-19,-33,-91,17,32,23,4,-78,-3,23,40,-13,-6,-2,25,-11,74,-5,42,-43,18,19,-89,-49,0,28,-79,36,9,-31,9,42,-9,-51,-73,37,-62,-6,54,-19,19,46,51,26,23,28,-37,-19,39,44,-5,8,-10,-4,52,-5,-28,-60,0,-11,-27,40,20,38,-3,-39,30,72,-61,-30,71,-21,12,-49,36,30,-58,-43,12,42,50,-12,70,-1,32,35,0,9,-35,69,-8,33,1,-77,1,20,16,-32,-15,-5,-16,39,-33,-57,100,39,47,-55,-33,-100,25,17,46,40,16,6,-43,38,-21,11,-13,-29,0,-23,-33,58,38,36,0,68,35,22,-7,-11,34,-2,-17,-35,-28,10,21,6,1,-17,-13,21,-100,76,-7,43,51,35,-10,27,-11,-74,-77,246258
-21,-3,71,-17,-34,38,-20,-52,-5,25,-5,15,10,-32,52,16,-9,-22,-25,-4,17,25,-15,25,-20,22,4,-18,-52,-28,32,32,-15,17,-62,-14,-30,51,-21,12,-34,33,-22,71,15,50,-22,17,22,-26,-18,18,31,-81,7,32,-25,37,24,-6,-17,-70,14,9,-19,17,-21,17,54,19,-11,25,30,-51,-36,21,-17,-26,7,-28,-6,32,-15,45,7,-2,0,-21,22,-5,-2,13,-28,24,28,9,-31,64,-33,-20,-100,23,64,-99,-17,-23,-58,-3,-16,26,-24,52,54,-16,0,-26,22,0,0,29,-80,19,-52,21,-58,-3,10,-19,61,-40,-76,54,17,9,-36,-4,7,-58,5,8,-4,21,16,-29,61,-46,-70,24,-57,19,1,-1,57,49,-21,-14,62,54,-29,19,8,70,14,-19,-1,1,14,21,-55,-17,-19,-10,7,21,74,1,-58,14,13,2,26,9,19,-63,246351
21,-13,62,-16,-14,29,39,-57,30,-20,-1,40,37,-17,52,14,4,-12,35,-36,0,30,14,32,-24,29,12,-17,-1,-93,28,32,68,13,-96,-12,9,64,-46,0,23,-18,-47,75,-5,34,40,11,29,-89,-35,29,32,-51,-2,-33,-60,28,40,-7,-36,-29,26,17,-27,15,-16,11,34,32,16,27,-19,-55,-38,65,-8,-32,-9,-15,-4,25,10,52,-7,3,3,-73,41,32,18,19,-18,30,58,-16,-8,66,-37,-7,-84,49,38,-78,-20,-8,60,-7,44,61,-47,-2,20,23,14,-22,32,11,-4,-28,-49,32,-32,55,3,22,66,-15,58,-11,-31,24,25,35,-35,5,-19,-31,22,34,16,54,12,-2,58,1,-27,-20,3,44,34,41,42,72,39,-14,65,-3,8,70,63,38,22,-24,-40,40,0,28,-6,23,-33,49,22,-28,73,11,63,37,20,2,26,67,36,-97,246358
16,27,47,-13,-17,25,35,-55,2,12,0,26,8,-44,39,6,-45,20,27,-30,0,36,16,61,-12,67,21,-6,-17,5,6,35,-13,2,-76,14,39,71,-29,15,3,-11,-29,42,14,80,33,27,40,9,-25,43,35,-47,-31,-16,-66,26,24,-6,-27,-48,16,-38,7,77,-6,25,82,60,19,33,-12,-57,-12,54,25,4,20,-18,-1,85,-38,38,11,0,8,-73,22,2,24,14,-38,35,6,17,-43,63,-12,-15,-83,44,26,-80,-34,-16,30,20,6,5,-7,47,34,6,22,-43,69,7,-29,-11,-48,42,-19,31,34,-17,11,-14,65,-49,-52,36,17,32,-58,-5,9,-19,15,33,20,32,8,-45,67,-9,-58,12,33,24,-13,57,38,67,36,13,60,49,35,12,-36,26,15,-13,-32,57,0,38,-46,6,-18,12,15,0,43,6,32,11,36,8,30,-34,-25,-80,246434
-11,64,58,-5,6,-10,69,38,50,3,47,99,43,-60,7,9,3,-5,100,-4,2,16,16,41,12,38,21,20,-2,25,8,26,-5,7,-16,0,9,2,38,8,-51,-13,37,62,10,-80,100,10,67,21,-10,-20,26,-37,13,11,100,-11,-1,-9,-13,-43,37,3,-30,27,19,8,-76,41,19,38,-11,37,13,23,-3,-35,73,5,-10,22,-5,9,51,-5,2,97,-1,57,20,13,-8,15,19,45,-48,14,12,3,-49,25,42,-44,-10,4,3,-24,-7,19,38,52,0,-4,23,-11,35,1,6,9,-35,-19,-69,31,9,27,27,-5,30,-9,-44,15,38,-77,-25,-32,-99,-65,18,-77,20,32,10,-5,30,16,31,3,12,100,26,45,33,0,71,0,15,52,8,32,-11,40,13,11,-5,44,3,66,34,-3,-23,-6,18,-100,61,0,2,44,24,1,38,-12,9,-17,246568
-29,34,-48,-10,-27,11,-94,-34,12,-6,-5,100,100,-74,75,2,-37,9,-66,11,-5,25,25,81,21,-76,7,-1,-100,11,12,29,-71,7,2,-100,-34,60,-18,100,15,7,-18,9,100,43,-73,43,14,12,-16,14,27,-100,-7,8,-26,12,6,-10,-16,6,100,10,43,44,-2,42,44,83,24,-100,9,-34,24,-100,6,43,42,-28,-11,36,-38,74,61,-7,18,-23,6,9,78,18,28,24,-100,61,-77,20,22,12,-52,-100,24,-52,10,11,100,-36,66,-100,-54,81,37,-100,7,36,-82,3,-5,2,-100,16,32,100,100,-58,-6,-11,-87,18,6,54,100,-45,-39,-3,-1,31,-4,-46,80,100,4,19,-86,35,-100,-5,100,100,-52,41,15,58,-89,-100,24,79,-31,3,-40,24,18,17,16,40,-6,11,-100,-100,-7,65,-3,3,12,3,100,100,-5,24,-100,-41,6,4,246657
-19,78,-3,-11,-5,12,35,0,39,12,67,31,58,22,-24,0,-2,24,35,-13,13,39,45,38,-23,40,7,-23,-20,-14,-39,29,-9,5,30,2,-20,29,-4,22,68,61,-7,8,20,9,26,14,25,-13,9,32,32,-21,16,4,21,10,3,-4,8,-22,-3,-12,-21,42,-23,11,11,40,43,-10,66,4,20,42,24,-21,74,-7,-7,36,-9,-24,9,-5,-28,13,6,35,13,-11,-27,39,27,9,29,25,21,0,-48,31,57,-45,-1,-2,-24,-7,-43,26,11,52,0,-14,8,-28,38,-5,13,14,-19,36,-15,34,22,-5,12,-13,21,-52,-25,-11,-5,9,-46,-2,30,-15,14,12,13,34,2,-51,22,17,21,13,21,40,-4,37,37,30,34,-1,28,48,-18,12,12,57,-6,-27,-15,33,12,22,22,-13,-36,-44,14,31,9,-4,-28,60,12,-27,-11,13,-11,29,246688
7,24,14,-16,0,37,-85,-60,19,-5,-36,34,19,-73,11,11,-16,19,15,-7,5,21,21,29,24,14,2,-2,-24,-52,0,9,-57,5,-16,-6,-29,31,-23,20,55,-44,-24,10,20,43,15,36,5,-54,-11,-12,9,-33,-38,13,-18,36,5,-12,-12,-27,-4,-22,-9,35,-4,36,41,28,22,9,-39,-61,-3,-27,20,-10,27,0,-11,35,-25,10,3,-10,15,-30,3,19,0,10,-24,17,-13,1,-85,20,-2,-15,-44,-23,8,-46,-26,-15,-21,35,-34,-9,-13,55,50,-38,1,-23,14,7,-36,19,-31,-12,-25,28,12,-2,15,-17,35,-22,-32,21,-2,-36,8,0,12,-25,-3,-36,0,28,13,-24,35,8,8,-7,12,27,-2,18,44,32,-85,-8,19,56,-28,18,-17,6,9,22,-6,15,5,6,5,-40,-19,-33,0,5,13,7,-21,16,20,18,9,-17,-26,-20,246785
11,51,52,-16,39,1,-6,-51,-19,-15,61,7,66,15,31,2,-22,4,-5,-37,16,40,10,52,7,-9,43,-48,-42,-19,23,42,5,-18,-100,22,18,44,-44,-5,-28,16,-43,21,-6,82,-4,49,52,-26,-23,76,42,-49,-5,-13,20,1,21,-9,-25,-44,62,9,1,45,-50,47,92,52,8,73,17,-51,-18,65,1,3,56,39,-6,38,-25,30,37,3,0,0,19,-24,7,-13,-28,42,40,34,11,44,-18,7,-66,52,48,-67,-26,7,26,-10,15,41,37,63,34,8,44,-27,-7,3,-6,-4,-50,73,-7,15,-1,17,98,-17,64,-8,-42,41,67,40,-42,-4,-14,-6,19,39,3,16,2,-12,61,0,73,-16,-3,13,23,58,80,36,-9,20,41,70,9,89,-32,48,-11,8,-38,58,19,50,72,4,-48,16,19,-30,23,4,26,66,25,-1,73,-31,13,-100,247530
24,4,49,7,-7,29,56,-56,-39,-2,-24,9,87,-90,0,18,-27,-40,-74,-22,-3,38,-12,-11,-10,-46,-18,52,12,11,9,22,-11,25,-81,13,-27,63,-10,33,-13,31,-11,63,32,82,-81,30,30,20,-27,30,22,-69,-38,72,-40,30,31,-9,-28,27,-4,23,23,22,54,26,88,-9,-17,37,26,-65,-49,-15,-45,28,-4,-7,-9,14,-17,0,-7,-8,-3,-32,31,-39,20,35,-25,37,13,-3,-91,55,-55,31,-18,-32,42,-22,-1,30,-26,28,-25,13,-67,31,7,32,-16,-23,-56,19,-33,76,-68,25,-37,31,-17,-28,16,4,0,-12,28,34,-1,44,-49,7,-69,-37,11,41,22,33,25,-17,0,43,39,-4,-18,7,-23,-58,15,62,55,13,52,30,-29,16,-23,42,32,-8,-17,-57,-4,30,30,33,-3,-27,12,-66,67,18,-23,85,52,-1,36,-21,18,-89,248584
-12,56,86,-21,-2,54,-8,-39,-10,4,-23,5,56,-14,70,8,-35,10,-30,-20,25,31,-5,47,-27,11,-12,-15,-5,-33,31,35,-28,16,-81,-7,-32,64,-32,18,-35,-67,-36,65,18,65,-35,27,42,-32,-39,58,36,-72,11,20,15,54,22,-11,-38,-56,34,-41,20,82,-15,24,61,47,-4,36,-71,-37,-24,-21,10,16,57,-2,-8,85,-30,66,34,0,0,20,20,-9,13,11,-32,30,16,34,-7,16,-25,-20,-78,-17,33,-71,-30,-24,-39,-6,-24,17,-19,72,36,-11,-11,-33,6,29,15,11,-71,58,-49,39,0,-25,35,-21,22,-5,-64,52,37,33,-46,-12,14,-49,13,32,14,39,10,2,23,-47,20,3,2,3,-15,-3,63,69,-9,-8,16,71,-32,40,-14,34,13,-25,-19,-2,25,39,25,-12,-20,-23,14,17,67,29,-38,58,24,0,35,-13,-34,-83,248710
-11,30,23,-19,16,9,-10,-30,-18,-8,-5,48,100,-48,6,14,0,14,-26,-28,9,41,16,6,-10,-19,1,-23,-41,-22,0,37,45,9,-80,-1,-52,67,-19,-4,-12,42,-20,50,-2,65,-37,31,39,-24,-25,58,36,-67,-9,7,-19,9,20,-6,-25,-9,31,14,7,43,-24,35,68,12,16,50,42,-26,12,34,12,8,30,17,-5,10,8,14,-38,-2,-12,-17,20,-6,16,1,-62,43,0,-43,-62,62,13,15,-51,46,60,-48,-6,15,-29,-27,-29,4,-22,43,27,7,0,-55,-21,4,-6,15,-66,63,-25,24,-24,-30,37,-19,60,14,-13,28,32,39,-38,-1,17,-20,18,43,17,21,10,19,60,-1,24,-7,-22,40,-32,5,51,70,-8,-2,63,44,-55,32,-18,57,1,-10,-27,0,9,43,-4,6,-34,-37,18,6,48,4,-29,98,39,-11,50,-15,-12,-75,248808
36,47,55,-1,-42,6,61,-16,19,22,16,63,50,10,63,15,-28,28,-28,-10,-5,34,57,47,-19,12,-31,-9,32,-34,-9,25,47,15,-20,12,24,58,-23,9,-12,-60,-24,52,11,25,-22,9,42,-28,18,45,25,-58,-29,-30,-50,7,21,-4,16,-20,-14,7,11,27,-9,6,26,45,57,23,-60,-18,11,34,28,11,48,-44,-1,27,-22,61,11,0,7,-60,21,24,20,28,11,35,-11,11,1,37,10,16,-35,13,5,-38,-17,16,24,37,26,-9,-34,31,-17,43,-31,5,14,13,-22,-26,-58,43,-20,18,36,31,-1,-1,32,35,-19,-7,-10,32,-3,35,-5,-20,13,30,19,17,18,36,32,-3,-14,22,38,58,34,45,68,60,58,12,37,31,24,5,-42,6,28,-20,-10,49,-6,42,-8,44,3,28,16,-3,54,13,25,51,2,7,23,-42,14,-24,249115
11,11,54,-3,-12,21,40,-45,18,23,11,47,-39,2,39,19,-35,-24,10,2,1,24,-20,23,-15,28,17,7,-1,-32,22,23,51,31,-43,2,-28,60,-20,32,-69,-45,-22,62,30,46,6,17,19,-28,-19,8,25,-80,25,48,-72,21,27,-2,-18,-54,22,5,17,47,7,16,47,24,-20,5,-43,-43,-58,39,-25,19,5,-12,2,42,-43,39,-1,6,19,-80,28,20,11,24,-4,26,4,-6,3,39,-60,-29,-100,39,23,-100,-38,-29,8,33,-16,2,-26,12,25,3,17,-4,23,6,27,49,-78,12,-41,28,-37,4,13,-3,19,-96,-56,49,20,45,-17,5,-22,-40,4,45,11,27,20,-94,19,22,-34,23,-37,44,6,35,49,58,43,1,39,10,-27,11,-37,23,24,-14,0,34,2,18,-35,3,13,-17,4,-24,60,7,8,-38,19,18,4,-37,5,-41,249186
44,-11,23,4,-9,17,61,-15,-7,81,36,32,58,37,54,5,0,26,0,-8,-55,20,65,66,-28,38,30,18,28,-51,-5,33,61,-16,-50,23,3,39,-20,2,-24,-70,-27,51,0,8,-9,-10,38,-49,-9,36,32,-60,12,-19,2,17,35,-12,-13,-25,39,26,-17,39,20,-13,21,71,60,29,-71,-15,-9,58,15,-17,-10,-8,-16,23,-9,52,58,-12,3,-10,34,-12,45,-20,35,14,13,63,37,46,-14,13,-44,20,29,-45,19,14,68,41,58,13,-35,38,-27,49,33,34,31,-7,23,-6,-58,36,5,26,67,20,24,5,24,15,-27,19,41,42,-24,28,2,5,13,42,41,24,5,25,24,21,3,80,63,55,18,82,77,47,58,19,43,41,-1,39,-11,31,-11,-27,-14,83,-54,34,10,46,6,55,12,-1,54,-6,62,60,22,0,22,-12,39,-56,249361
17,-21,48,-9,-27,25,-44,-35,25,35,14,44,33,32,52,7,-8,3,45,-21,2,32,42,61,-26,35,15,-8,26,-61,-5,20,3,-3,-73,1,-30,56,-16,12,22,-89,-16,52,9,35,54,0,34,-61,-32,42,18,-60,34,46,-52,25,34,-9,-35,-29,33,29,-64,10,-6,-1,34,58,42,15,-87,-39,-35,31,6,-64,-28,-29,-9,19,-11,51,-19,-10,1,-63,35,24,63,-8,20,31,32,-20,35,19,-34,-16,-84,33,40,-79,-4,-17,0,19,26,31,-66,-2,-7,15,17,24,37,-5,34,52,-58,38,-19,24,50,38,11,-9,36,1,-32,33,34,26,-10,2,-30,-16,11,23,63,24,9,-1,37,11,-22,35,48,41,42,70,57,57,-42,4,18,-4,-29,6,2,41,-9,-24,-21,70,4,32,-11,16,-9,30,13,-37,54,-4,2,34,25,3,13,0,36,-76,249520
16,93,82,3,23,15,15,-46,2,-1,-38,35,74,-8,98,15,-31,43,-57,-6,0,20,38,38,-2,-40,34,3,5,0,51,19,22,2,-49,-1,1,61,-21,42,-5,4,-18,62,44,46,-57,21,23,-2,-30,18,20,-61,-2,72,46,17,46,-10,-27,-22,62,1,24,93,3,18,55,37,34,12,8,-48,9,-16,39,31,84,23,-2,95,-26,99,-2,0,6,35,45,-1,30,11,4,22,33,-14,-13,77,5,26,-8,-10,46,-19,-30,24,-20,6,51,35,4,50,6,-2,35,15,-40,4,-6,81,-63,15,-3,56,11,2,23,2,63,32,-17,44,63,36,-24,12,-41,-4,22,34,30,55,17,29,61,-31,-22,1,12,33,8,34,69,58,12,0,75,49,2,12,-11,46,8,-3,-6,36,0,24,-37,-1,-3,45,20,-61,62,8,-22,80,17,7,14,-10,-7,-46,249588
49,-5,62,-19,18,-12,-8,-44,-12,37,58,51,58,13,64,16,-10,-5,1,-25,-13,65,60,91,-16,-25,6,-16,33,48,10,28,-11,-35,-38,8,20,100,-19,44,19,30,-24,57,42,32,0,-1,35,36,3,37,28,-83,-26,12,-23,-13,56,-11,1,-29,51,15,-20,51,-17,-3,44,93,60,37,33,-44,-50,73,-6,-20,4,21,-7,52,-17,63,-10,1,16,-45,55,-19,34,-31,34,61,30,-10,24,27,-49,41,-37,70,32,-34,-28,39,-9,-3,49,31,85,45,-35,61,7,28,-27,-1,-37,19,-79,34,-21,62,45,-19,50,-19,52,34,-34,24,56,62,42,58,-40,-21,33,62,30,60,19,43,51,-12,-30,35,42,60,-10,35,69,98,-10,5,23,54,12,50,-56,33,-25,-14,-29,33,-12,33,-19,58,-16,48,34,-30,60,0,-10,63,15,14,35,-50,29,-45,249769
29,11,60,-9,-16,5,79,-32,-9,15,-23,17,11,5,13,18,-29,25,-30,-19,-23,33,71,66,-24,30,24,0,23,-67,-46,44,46,12,-52,-4,45,33,-27,-15,10,4,-32,69,-13,34,-36,10,35,-55,-26,8,46,-36,43,11,-54,7,35,-2,-25,-37,28,29,4,21,4,4,36,65,58,45,7,-32,13,42,9,12,-1,-14,1,12,-18,11,31,3,9,-56,33,-16,10,5,5,30,10,17,10,64,0,-11,-33,-10,-9,-46,-51,-10,21,41,11,8,-34,-17,-23,24,29,1,26,-4,52,15,-34,7,-10,56,63,11,-2,-9,39,22,-26,19,25,55,4,29,8,-9,17,57,0,58,23,25,38,52,67,14,58,43,9,54,67,27,70,-14,61,-21,43,11,0,-8,15,-23,-29,55,-24,32,69,18,13,6,14,7,70,-4,19,6,18,6,35,-10,32,-58,249775
42,61,86,-5,10,0,30,-21,2,60,8,60,7,-14,60,9,-22,6,-28,-24,-13,41,55,29,-16,4,28,-20,8,-52,41,36,33,-23,-50,27,2,70,-13,40,-21,-70,-12,84,39,25,-21,10,40,-58,-6,60,35,-69,-39,-38,-17,0,44,-12,-8,-71,57,-14,-55,-7,-19,6,24,35,50,71,-69,-31,0,73,2,-50,63,15,-9,-7,-32,61,45,-9,27,-19,40,-1,11,-17,-21,36,-29,45,-17,62,-2,-10,-70,54,-6,-68,-9,-9,-18,51,52,-24,-93,26,-17,29,29,-20,2,-12,-29,-29,-67,50,-63,54,25,20,-3,-6,63,-25,-74,45,65,45,-13,6,29,-57,22,44,8,54,13,-21,62,-47,-33,58,21,61,11,31,81,77,25,25,57,42,-9,-5,-5,-9,-15,-12,-24,27,-13,40,-30,25,-2,51,22,1,89,-9,-15,10,11,28,71,-10,-10,-58,249841
36,5,7,-15,21,-10,62,-16,29,46,-40,70,-3,-52,12,1,-63,-27,29,0,-60,5,32,41,-34,31,28,-4,-2,-23,-28,38,6,-14,-36,15,-9,35,-28,-19,21,-38,-29,30,-22,4,20,-20,8,-24,-18,52,40,-42,24,35,-51,-8,54,-11,-20,-54,47,-9,-44,17,1,-26,12,45,29,7,-36,-21,-51,38,-33,-43,13,17,-13,4,-52,16,37,-13,0,-55,54,22,52,-15,24,4,33,44,-47,43,-52,-13,-69,20,32,-70,-20,-11,73,63,56,36,-100,-24,-10,25,33,36,28,4,19,41,-38,49,-13,27,48,5,-22,-14,38,-62,-55,38,51,-17,-46,48,-15,-11,16,-15,49,26,5,-60,36,-8,-25,44,44,78,-3,79,94,46,61,13,43,-29,-9,-22,-10,29,-9,-31,-4,75,-61,6,-28,22,31,52,16,-12,30,5,69,-3,29,-3,3,-2,-8,-43,249906
15,9,30,-11,-2,17,-5,-13,4,0,4,6,34,38,16,3,-17,17,-8,-8,0,31,41,51,-22,27,16,-12,0,14,-2,17,-7,-2,-50,15,13,44,-12,14,33,-45,-13,29,16,23,-7,5,36,10,-9,44,16,-35,20,22,21,16,17,-9,-10,-9,11,-8,-5,24,-12,4,27,51,43,34,-46,-13,-4,31,18,-7,8,-1,-7,28,-10,14,16,-6,-5,10,17,-1,45,-2,8,27,21,25,41,30,-4,5,-52,34,20,-48,-14,4,10,28,6,19,33,15,0,7,16,1,25,-17,14,27,-35,43,2,31,45,51,29,-11,31,-2,-12,1,11,8,-4,17,-37,2,14,8,42,30,3,4,33,30,-7,-1,43,23,63,54,49,39,-8,14,26,18,9,34,-27,25,0,-20,-9,56,0,34,6,7,-2,7,16,-35,31,-16,7,40,25,-6,31,-23,3,-52,249994
51,0,96,-19,14,21,55,-30,23,67,-22,58,44,17,69,26,-9,-1,-21,-8,17,3,40,72,-7,-2,42,-20,36,-12,24,25,77,37,-58,26,-40,51,10,16,-31,-61,7,98,21,25,-17,-5,34,-9,-12,35,26,-61,11,-12,-79,23,51,-6,-13,-42,45,62,5,16,-17,-8,29,74,33,18,-62,-32,-45,14,-7,14,-11,16,-1,9,-13,68,-15,2,17,-80,51,24,37,28,25,0,14,0,0,79,-52,-25,-66,-23,26,-70,46,-27,-18,61,60,14,-23,42,-26,34,41,24,-6,-2,17,-4,-61,35,-62,70,40,-1,1,-18,63,12,-39,57,48,45,-19,19,0,-56,20,45,32,71,30,8,64,-2,31,67,38,77,-2,82,74,54,52,21,76,44,-43,5,-23,26,32,-7,-11,83,18,35,27,32,47,58,21,-8,100,-3,-17,43,14,18,15,-29,68,-64,250003
19,36,-15,-7,-28,57,43,15,31,61,46,60,73,-9,19,9,-16,8,-45,-1,-14,22,51,45,-21,-23,5,-11,34,-18,-50,17,-51,-1,-15,13,-36,58,-3,-13,28,-60,-4,30,-15,-8,-45,-15,42,-17,-12,30,13,-52,58,5,5,58,31,-7,-15,21,6,24,-18,39,-10,-15,-8,44,50,13,-56,14,7,48,8,-16,38,-30,-5,34,-15,19,63,-6,-1,0,31,29,45,-9,25,19,30,67,-11,17,8,30,-9,45,28,-6,39,30,1,40,32,30,-24,-1,-47,19,5,26,-25,-25,54,5,-50,30,26,32,24,56,-22,-7,26,29,18,-5,4,16,0,30,7,28,13,15,46,32,8,29,26,17,48,62,24,65,47,49,56,52,46,15,17,-2,-36,-18,1,28,-10,-20,0,47,-14,41,49,22,7,32,13,15,31,-24,1,75,26,-1,14,0,23,-15,250181
18,60,100,-21,42,29,10,-52,-12,39,22,38,67,14,0,22,20,34,15,-18,17,28,52,61,1,7,2,-8,-73,-38,2,44,9,20,-84,19,0,88,-36,32,14,-60,-33,88,44,94,0,37,37,-32,-15,14,39,-44,60,81,62,29,16,-14,-16,-20,50,-36,-21,30,-13,41,87,61,48,60,-62,-58,-9,68,28,-22,62,49,-12,17,-7,-1,-33,-10,16,36,12,-19,-3,23,-5,27,-16,-33,15,87,-10,0,-21,61,20,-26,-7,-2,29,54,-13,-19,-42,64,35,-21,-1,-13,0,-4,52,67,-44,7,-39,30,66,57,22,-23,49,-88,-19,33,55,16,-72,10,9,-44,25,12,-4,32,21,-78,50,4,36,39,66,49,49,46,69,61,5,23,84,66,-3,15,-20,22,20,4,-13,49,16,39,33,-23,6,-16,25,8,90,-3,29,66,48,16,64,-35,-35,-86,250240
25,12,45,-26,57,13,72,-37,-5,19,-52,67,74,-9,39,22,-77,37,-44,-14,4,29,50,69,-29,1,71,-42,3,-100,7,57,-4,-33,-39,-5,9,100,-39,75,-38,-9,-44,66,74,44,-42,-11,13,-100,-27,0,58,-100,-44,43,57,13,62,-11,-28,-15,52,34,-11,8,-40,-15,56,69,46,31,-6,-38,-47,76,34,-9,16,62,-13,11,-52,38,94,-11,14,55,62,-11,16,-39,-21,27,33,100,-11,77,-52,52,-31,50,37,-38,-49,52,39,16,24,33,-100,46,-16,32,76,-23,0,-1,-25,62,-100,-1,1,89,26,-57,37,-27,64,26,-12,78,52,46,-39,15,-31,1,28,47,13,89,23,24,64,-19,25,18,25,89,-58,49,66,100,70,-7,75,48,8,42,-56,39,-34,-29,-19,52,2,10,31,28,-18,22,29,-12,68,-1,36,77,-1,13,28,-50,42,-46,250278
10,31,64,13,7,-2,60,-20,-9,10,-15,42,15,12,3,12,-25,6,46,-13,5,-5,23,38,-28,0,38,6,13,-50,13,30,39,-4,-37,-3,19,42,-19,2,-6,-36,-20,44,2,30,42,-14,9,-52,-22,-28,31,-63,16,65,-18,-2,35,-8,-22,-24,13,16,-41,1,4,-13,31,34,29,2,-38,-19,-47,-9,15,-48,31,8,-8,3,-26,3,5,-9,-5,-17,36,-6,2,4,22,-3,28,-1,19,58,-40,-5,-63,-2,22,-57,-42,-8,65,20,35,28,-64,-4,-4,10,36,19,-1,-4,-4,67,-62,-27,-30,21,-9,37,20,12,67,-29,-30,38,18,8,-30,7,32,-32,5,6,1,21,11,-21,68,81,15,9,-6,34,36,38,36,37,62,-2,57,0,17,13,-28,21,2,-25,-11,37,4,7,23,12,4,37,9,31,42,-4,65,19,8,-4,2,-25,17,-36,250525
9,15,54,-23,-26,15,-26,-20,33,16,0,92,91,-54,96,13,8,-19,-51,-8,12,28,0,-28,-6,-36,29,-21,-17,-65,28,30,-47,4,-43,3,14,36,-13,21,-19,76,-12,58,19,57,-60,18,37,-65,-13,43,29,-91,44,21,-25,14,22,-8,-14,-51,30,25,12,14,-19,15,58,-27,-2,19,79,-26,-10,61,-22,9,16,-23,-6,11,5,97,-5,-1,11,-34,21,31,16,-3,-38,26,37,-11,-55,33,-9,34,-5,66,45,-3,-24,36,51,-2,72,40,-100,5,18,5,31,-38,-43,-5,55,26,-90,41,-75,35,-43,-27,-3,-23,40,51,-54,-4,33,38,-38,0,42,-73,21,39,17,35,18,52,40,-12,-30,14,-45,87,-20,-15,58,33,-25,2,31,4,14,-3,-5,41,-3,-7,-7,-17,12,37,-22,5,-5,68,22,24,60,-5,52,91,-5,12,18,-1,32,-46,250582
41,58,63,1,4,19,40,-25,11,31,-54,20,43,0,-2,4,-4,37,52,-32,15,35,39,44,-14,39,27,-3,44,-100,38,28,73,2,-56,2,16,43,-13,27,26,0,-14,44,25,23,46,10,46,-100,-10,23,29,-23,27,-24,-11,20,33,-7,-11,-56,44,-22,-15,38,-1,9,21,47,37,31,0,-26,-19,22,34,-15,58,3,-4,32,-4,-1,-23,0,4,-15,33,9,45,20,8,33,-1,-21,-4,57,-22,-16,-56,17,23,-55,-52,-17,15,11,6,-2,60,12,5,42,29,8,31,0,28,-29,-21,22,-46,29,26,21,20,1,41,-50,-58,20,43,40,-11,11,28,-44,20,41,43,27,5,-42,40,26,23,30,25,26,23,55,52,38,40,1,55,11,15,27,-17,24,20,-12,-33,52,18,46,27,41,-8,3,19,27,45,0,15,46,25,5,29,-19,-16,-57,250595
-6,36,35,6,-31,22,15,-4,4,41,-1,3,37,8,4,2,-24,-18,-75,-15,-13,22,-26,6,-8,-47,-3,-13,-3,-19,-2,20,5,-17,-27,-7,-26,38,-5,11,-20,44,-3,33,9,13,-79,18,29,-18,-23,16,21,-24,-19,-25,-19,21,13,-4,-25,-54,20,5,4,77,-10,15,12,11,-36,11,51,-8,-15,-15,-25,13,18,-33,-2,58,-24,9,-3,1,-5,-23,16,14,1,0,-18,21,24,0,0,47,-20,-27,-31,-22,40,-40,-38,-24,0,-15,-7,27,66,29,13,-2,-1,-11,-48,-13,-15,-15,-22,15,-46,25,3,-16,-2,7,31,7,-48,47,24,33,-15,-9,6,-39,6,35,2,23,4,-11,31,-42,9,41,-1,-10,-23,15,52,38,14,-7,45,29,-26,-1,-43,35,0,-9,-9,12,-12,31,-17,-2,-44,-17,7,6,33,-13,4,30,11,-1,12,-47,-19,-29,250725
-6,60,72,-8,-18,6,18,-66,-12,-8,61,29,20,-43,-36,13,-45,0,12,-44,-28,32,29,52,-31,60,26,7,-27,-51,23,42,38,0,-77,-14,4,38,-50,-19,-32,-14,-51,51,-19,46,15,24,18,-54,-40,18,44,-54,-52,0,-14,5,35,-5,-40,-41,57,-71,2,-1,5,21,49,50,33,23,-15,-66,-31,58,7,-7,63,-19,-4,13,-42,-38,3,-1,-22,-9,33,-15,-1,-2,-30,34,13,3,-45,78,-26,-8,-66,70,6,-60,-71,-9,-29,-15,-52,14,-75,32,37,-4,26,-31,61,7,-50,0,-52,19,-66,13,13,3,34,-9,47,-55,-48,56,58,34,-55,-4,50,-69,20,33,0,13,14,-49,48,27,12,-8,15,34,9,8,51,43,17,-17,78,36,5,35,-42,8,-2,-27,-42,8,-28,17,22,-5,-48,-50,21,57,52,8,-30,24,33,-17,20,-38,-65,-79,251470
-9,-11,38,27,-20,45,-3,-22,12,22,-5,0,-1,19,38,1,-7,10,11,0,-10,36,-6,33,-1,11,-16,16,9,-99,5,12,12,14,-22,7,-82,36,5,2,-25,-31,5,33,3,23,10,27,28,-100,-7,49,14,-20,-2,-13,-52,46,4,0,-7,-54,-29,-9,3,32,16,25,26,32,-11,11,-30,-24,-14,41,8,7,-20,-18,2,31,-9,34,15,5,-3,-47,1,10,1,17,-1,35,20,16,17,5,-18,-32,-65,35,3,-68,4,-33,-65,4,19,19,-78,-17,11,-1,-13,1,7,16,3,-5,-20,50,-60,1,17,11,24,24,3,-16,-54,37,-27,9,-13,0,-2,-57,5,10,3,0,3,-19,1,14,44,23,16,4,13,35,19,37,-6,5,4,-18,-82,14,-27,3,18,-4,0,36,-9,28,42,-5,-18,17,7,-27,35,16,-65,-4,13,1,10,-31,-9,-23,251570
6,56,90,-33,1,39,16,-46,-6,28,-1,-1,34,-3,52,10,-24,20,-29,-29,-7,28,32,16,-11,-14,1,-18,5,-15,57,29,28,10,-65,-2,-20,55,-30,-11,-35,-29,-30,58,-11,27,-34,29,32,-8,-33,35,30,-88,-9,-32,-40,37,27,-6,-33,-20,43,-2,64,62,-19,28,31,15,32,23,-25,-48,2,21,20,60,55,2,-6,67,-24,48,12,-4,3,-41,25,-6,-10,6,-46,32,31,18,-10,70,2,6,-85,-5,11,-85,-31,1,-18,1,13,31,-40,77,20,7,0,-48,-17,-11,-9,-26,-84,31,-32,34,-23,-22,18,-34,97,28,-25,25,46,63,-24,-18,4,-34,15,60,-11,33,11,34,98,-44,14,28,-23,0,-16,-19,77,58,15,-2,69,79,-21,16,-37,11,6,-7,-25,-20,-6,34,22,6,-47,13,16,2,60,-12,-16,37,4,3,24,-38,3,-68,251829
6,-14,40,-35,-31,49,-2,-40,45,-28,-11,65,19,-34,74,15,9,39,49,-47,28,26,26,34,-15,58,-9,-9,30,-64,30,19,30,-62,-100,-1,-13,58,-32,-6,2,26,-32,72,-7,88,49,12,22,-55,17,-1,19,-57,32,54,-38,50,19,-5,13,-58,11,-5,43,83,-9,14,89,30,27,7,27,-41,24,-2,38,49,-16,-31,-5,76,2,73,23,-6,7,-43,21,46,70,-14,-65,23,27,28,-30,55,22,6,-22,4,6,-32,-25,6,100,-37,68,28,-56,26,-20,-16,-10,-64,60,6,39,58,-56,0,-54,20,-8,-5,-6,-36,58,25,-54,52,8,47,-52,-21,15,-56,11,49,75,21,15,20,61,-9,25,-27,-8,65,-9,-24,29,60,-1,0,52,28,-14,-11,-1,5,-15,-15,-44,-17,27,21,13,-12,-7,68,12,7,72,8,99,17,34,10,7,-1,-11,-100,251988
3,39,46,0,100,11,9,44,6,-8,70,-21,28,-78,78,7,-31,5,-44,-21,29,38,16,44,-8,24,9,4,100,-30,12,24,-12,9,-66,-4,-26,35,-27,-13,-45,-26,-29,39,-13,79,-46,30,-8,-27,14,12,25,-45,47,-27,23,11,24,-7,13,-52,30,-20,35,3,4,30,80,44,15,-31,-33,43,-15,29,4,34,45,100,-3,6,-17,73,28,-1,-6,31,23,8,100,3,-62,38,34,23,-75,4,-16,-9,-93,22,49,-94,-25,-11,100,0,-7,33,17,-7,-14,2,8,-63,20,4,46,-30,-43,12,-16,32,-8,-38,-100,0,48,18,-56,65,30,19,-66,100,0,-17,11,18,100,29,7,22,49,11,43,-7,-8,-16,-29,50,47,38,6,-6,4,-7,-25,-94,-44,54,7,-4,-19,52,28,-8,50,0,-30,-5,11,0,42,3,99,29,14,-6,-34,-41,-8,-66,252154
-12,33,76,0,-15,0,-23,-34,2,-10,-4,21,84,-28,41,17,-21,-26,6,-20,22,23,-18,36,-5,76,-10,-24,-26,-51,-4,33,21,29,-64,-13,-42,66,-21,-15,-33,-5,-22,55,-16,66,2,29,38,-47,-37,31,32,-91,1,-27,-36,-1,21,-11,-38,-24,9,12,0,57,-26,24,72,36,-14,27,0,-34,-18,67,-21,-9,28,-15,-11,60,-26,39,4,-5,7,-35,22,8,-8,27,-37,20,41,-1,-32,19,-14,48,-64,51,75,-60,-27,46,-9,-1,41,39,-10,30,15,-16,-10,-38,73,6,-1,-23,-89,34,30,22,-64,-51,0,-3,32,-48,-33,51,9,9,-26,-6,-32,25,11,10,-5,22,17,-39,32,8,-39,-10,-61,11,-47,10,43,66,-19,-14,22,26,-38,8,-51,75,29,-6,-19,13,21,35,-21,-16,-36,44,11,-22,57,6,-10,85,19,9,25,-52,26,-67,253124
34,36,58,-19,-6,22,-26,-25,16,44,0,78,74,6,26,21,-44,15,-46,-20,0,28,55,49,0,0,-11,-15,7,-88,0,39,47,25,-55,0,-4,88,-9,52,-36,-39,-11,100,52,35,-33,21,37,-83,-31,72,37,-79,26,36,-20,22,31,-11,-34,10,17,1,-16,17,-13,14,41,49,55,25,-40,-33,-15,47,18,-19,50,-6,-8,32,-24,25,-27,0,21,-38,31,18,33,4,-12,25,16,-28,10,57,-15,42,-46,14,40,-45,-44,42,-70,17,7,17,-68,25,-1,12,-8,-14,4,17,20,47,-79,65,-7,69,22,-4,2,-20,23,5,8,57,20,54,-18,24,-27,-2,24,50,31,68,27,7,22,-14,5,43,21,75,-9,31,76,86,-28,-3,55,28,-8,2,-11,42,5,-1,-20,31,0,36,19,12,-6,12,25,-34,100,16,-69,77,25,21,23,-6,13,-67,254086
7,57,75,-24,12,21,-2,-41,-9,7,33,55,90,-1,28,17,-37,19,14,-39,-12,32,15,25,-10,44,4,0,-1,-50,18,25,39,-40,-74,-5,-46,39,-36,17,-5,72,-34,56,16,54,22,25,19,-52,-30,1,25,-92,-26,39,-40,20,28,-1,-28,22,46,9,-13,69,-3,25,52,19,22,22,74,-43,14,85,26,-18,55,11,37,84,-33,26,6,60,-5,-36,23,-7,5,16,-30,33,-19,-1,-11,80,19,31,-21,89,14,-17,-52,30,-22,-15,5,-13,-32,22,45,-10,5,-30,50,0,-26,38,-89,0,-22,48,-2,-22,0,-26,35,-44,14,25,50,58,-16,-18,14,-25,17,55,1,50,17,-38,36,-17,-26,6,-2,49,-19,0,78,43,-4,-4,78,27,-49,1,-40,13,15,-9,-36,-1,-11,21,-10,-13,-3,11,17,16,58,1,-21,90,35,-3,21,-36,15,-75,254243
-5,1,-3,-40,-100,-100,-74,-63,10,4,-5,-13,60,7,11,10,-18,16,54,-15,100,60,7,48,18,34,100,-100,11,-40,-8,23,-100,-25,-64,-11,-25,100,-33,33,30,-55,-33,8,34,-66,48,38,-63,-42,-100,-1,22,-70,0,11,-100,-100,5,-7,-100,-47,-8,-4,-61,100,-100,35,-66,52,4,-16,-45,-67,-17,12,13,-56,0,-100,-3,100,-22,15,16,-2,15,-100,6,3,100,1,-47,60,33,21,-2,-38,-19,4,-39,16,13,-42,-1,6,-22,7,17,35,-14,100,38,-84,100,-38,33,-4,9,8,-65,2,-52,19,-12,7,15,-38,31,-60,-46,0,-10,-13,-79,25,-26,-48,-3,-10,100,19,13,-74,26,-10,22,5,-13,-7,-10,54,33,100,-69,-10,-35,100,-18,9,-7,7,0,17,-9,52,100,-64,2,-83,-46,12,-1,-28,7,-4,-23,52,100,23,-16,-10,-27,-65,255001
-16,13,81,-9,-26,-24,-74,6,-61,-9,-15,-18,47,-33,-15,5,-17,36,6,-8,-3,-52,26,65,17,11,9,3,-25,-62,-42,18,-26,60,20,-38,-11,40,-5,0,25,-51,-2,22,0,44,15,49,13,-61,35,71,19,-41,12,72,-21,-25,5,-1,36,-27,-46,-68,8,49,1,47,43,63,27,-51,-52,5,-8,76,38,11,20,-22,1,52,-17,-19,-3,6,9,-25,3,-58,100,46,-45,-54,31,-5,-33,26,-8,-12,-44,73,-4,-46,-47,-11,-7,100,-49,33,-4,5,30,-74,8,-42,14,-2,13,66,-40,70,1,16,-16,-42,6,-12,47,-32,-28,68,-46,-22,-100,89,-10,1,-3,-24,100,16,7,-40,46,20,75,-9,-15,-6,-41,-8,41,39,-76,-37,25,3,-12,6,-43,0,45,22,-6,-6,-4,14,77,-75,-6,-44,-4,-10,24,-4,-9,43,100,11,-49,-42,-67,22,255106
-24,89,50,3,96,-26,45,-28,-17,11,-78,11,18,-52,43,100,-38,9,-3,-27,12,18,-4,20,-36,55,-15,-5,-21,-41,28,33,-62,-27,-18,-22,-100,12,-100,2,-52,-8,-100,38,5,100,31,7,2,-37,-29,-100,33,-32,70,-90,-29,-28,27,-9,-28,-34,-100,-7,-19,67,-6,7,100,15,-1,-37,-8,-27,-12,56,10,-50,100,100,-6,71,-28,35,-33,0,-12,-37,26,-11,61,-29,21,17,-14,-36,-52,50,-13,-29,-54,45,5,-60,-7,-33,33,-27,-12,-17,-37,3,34,0,-15,18,26,-1,69,-93,-37,-99,-72,-76,-9,-23,10,0,23,-18,-27,-25,-100,5,-38,-37,9,-55,3,4,58,-76,100,-14,23,-25,38,11,-5,17,-9,14,-10,12,40,-26,45,9,-100,17,-37,11,-28,-35,-28,18,12,2,44,-3,-22,-10,5,16,39,-1,29,18,-5,-12,-39,-36,-1,-17,255371
3,-6,31,-15,-14,18,17,-33,18,19,4,33,74,37,32,6,-10,37,38,-12,19,16,44,5,-15,45,-7,-11,-9,80,-7,23,0,1,-38,6,-29,49,-22,1,-11,71,-24,27,1,41,32,14,21,75,-22,17,25,-72,46,-8,-5,19,12,-1,-22,-5,20,34,-26,26,-13,13,43,8,43,21,68,-28,50,69,36,-24,-7,-16,1,21,-7,33,-3,2,-5,-9,13,11,0,-9,-15,17,9,-6,42,26,51,24,-36,68,-6,-33,-11,22,46,31,19,7,55,33,8,1,-8,-18,39,-5,30,-6,-72,21,-48,22,33,1,-3,-16,23,-49,-10,23,21,8,-48,-2,20,-47,5,11,-2,22,5,-42,24,-19,15,20,32,47,7,-16,48,51,16,1,25,33,-28,-5,-37,-8,-3,-15,-14,-18,20,21,15,0,-12,17,7,16,29,-3,44,74,7,-2,19,-35,36,-41,255464
2,58,-10,-20,-8,3,-40,-40,-9,0,9,4,65,14,33,-9,-69,15,33,-25,-4,34,24,55,2,-5,-10,-21,14,10,-23,27,-8,-38,-9,-15,-47,-3,-9,-3,58,4,-6,-31,-1,-2,37,26,25,5,2,52,23,-20,-7,21,27,4,7,-4,-1,-30,6,31,-4,63,-21,28,-3,52,24,-11,10,-42,-2,11,15,-6,61,-7,-6,63,-72,34,-8,-3,-29,21,7,-8,16,-19,-25,31,5,-8,14,16,-1,-8,-61,30,40,-66,-31,-9,-1,-61,-22,5,48,31,-43,10,-8,-22,-2,20,-4,20,-19,52,-21,11,37,4,15,-22,40,-26,-32,5,4,-28,24,33,42,-20,13,-30,19,10,-11,-33,41,27,66,-1,38,16,0,82,26,-3,-40,-14,15,29,-40,21,-22,40,-17,2,-20,83,-4,30,61,11,-45,-22,13,50,-28,20,0,67,39,-28,-7,-23,32,-5,256420
-24,42,-23,-20,4,-16,-100,-30,13,-51,-26,100,43,-15,36,8,-7,-17,-49,0,29,-37,-5,13,-8,0,23,10,-12,28,-9,16,1,-68,-31,-54,-21,55,6,36,-10,15,7,34,39,20,-47,12,54,34,-17,-68,18,-42,20,-100,-8,-17,26,-4,-15,2,-9,17,-13,62,7,12,23,13,-4,-10,14,-31,-1,-74,-14,-15,45,8,-3,70,1,29,55,0,2,-10,26,16,17,-13,-36,-36,36,57,-19,25,0,-3,-34,-81,62,-31,-24,-7,55,-99,-2,33,-85,50,2,20,21,-39,-2,26,14,-100,-42,-70,-42,23,-4,-54,4,-24,23,-64,-5,24,-6,70,10,12,1,-44,-4,66,18,24,7,-54,24,-32,67,-51,-6,100,-50,23,34,56,-100,-57,23,52,-21,10,9,62,-12,-8,1,22,29,52,79,17,-40,3,-3,6,35,24,77,46,19,4,-11,11,29,-30,257289
5,12,50,-34,-4,38,-43,-39,-3,-48,44,-27,42,-26,-20,2,-7,-4,36,-19,24,52,33,76,-7,54,-19,-37,18,1,28,24,-25,-6,-50,-7,-38,54,-30,5,19,-30,-33,30,5,61,36,28,40,-6,-22,20,23,-69,-11,-11,20,38,16,-16,-23,-50,19,-27,-44,46,-39,24,61,72,31,10,-35,-44,-19,23,-5,-47,14,-4,-17,54,-5,-25,58,-15,3,11,16,-15,24,-20,-65,51,16,58,-25,20,-20,26,-23,32,-9,-27,-36,26,-21,-17,-55,16,20,45,12,16,-17,-67,52,18,-9,-2,-70,17,52,31,48,-27,28,-37,21,-34,-54,45,24,65,-6,0,-17,47,10,63,26,30,5,-21,21,30,-27,-49,49,-12,-12,-10,34,57,-46,-13,18,48,-38,26,-25,-2,-17,-8,-18,-2,26,38,-13,13,-16,-51,10,-19,34,19,-23,43,19,4,7,-26,-10,-56,257433
6,-19,68,-27,-24,22,20,-36,7,-17,4,41,60,-10,30,16,-14,4,5,-26,21,24,25,41,-6,22,-14,-30,-10,-17,17,28,20,34,-91,-4,-12,44,-16,-7,-70,-30,-18,86,-12,93,7,19,43,-19,-37,47,29,-52,12,6,-57,23,31,-7,-37,-13,26,-9,-2,23,-26,13,95,39,28,39,-28,-39,-13,46,6,-8,-24,-28,-2,30,-17,32,-27,3,6,-60,33,11,16,26,-51,27,29,-30,-4,75,-13,-3,-38,34,23,-40,-18,-2,-52,6,-3,33,-9,10,26,0,-8,-45,22,28,21,10,-52,48,-29,43,19,1,33,-26,43,-17,-9,48,26,43,-32,1,9,-27,20,44,15,45,20,-13,41,-12,5,-17,20,26,5,16,43,47,20,-7,75,5,-11,22,-12,23,27,-7,-29,20,23,42,14,2,-16,-2,21,3,84,27,-49,58,34,6,38,-10,0,-94,258095
20,48,33,-10,-4,23,27,14,29,24,17,68,42,22,-19,11,16,15,6,-9,-13,14,43,28,-22,-12,3,0,19,-99,-7,25,31,-15,12,10,-5,73,-19,13,-17,-34,-25,66,13,20,9,1,30,-100,-15,-26,28,-52,31,-5,-22,23,32,-5,-19,-46,20,-29,-49,47,0,-6,31,33,39,27,-32,14,-36,-11,12,-41,42,-4,-5,42,13,-20,-11,-5,21,-16,34,25,-4,-33,-28,8,-4,-12,20,47,-41,3,-33,-17,-10,-29,9,1,67,52,-14,-3,39,-4,-23,6,3,-28,-20,-25,19,1,-50,-25,-31,36,37,-14,10,-10,30,-63,-49,-32,19,52,-8,-26,31,-26,6,52,-7,36,14,-61,28,-31,35,23,33,77,-19,11,78,69,25,3,46,-10,-6,12,-6,-11,-27,-22,-17,10,-16,26,40,6,-9,-15,5,24,68,-25,65,42,-20,21,21,-13,-21,4,258336
14,-1,32,-16,5,17,3,-61,18,0,-9,47,14,-18,10,15,-36,13,9,-22,11,64,7,5,-5,-12,0,-28,33,-32,-7,19,40,41,-85,2,-41,22,-8,27,23,12,-8,60,24,80,-5,36,52,-22,-10,52,17,-37,25,45,11,17,30,-8,-12,-23,-8,-33,-28,41,-28,35,82,7,2,26,15,-62,-31,-3,9,-25,6,4,-7,20,-31,14,19,-4,-1,-3,28,15,35,41,-23,61,45,12,-17,41,-34,-15,-81,-18,26,-84,-25,-16,-35,-5,-29,44,-14,50,20,32,1,-18,-16,2,27,47,-37,48,-39,23,-2,-2,55,-16,43,-2,-25,41,-6,58,-5,16,-33,-36,12,55,35,20,17,-8,43,-9,-43,-2,0,44,-3,-14,36,28,5,1,41,51,-42,55,-10,24,43,-3,-18,-15,12,55,-58,33,-6,-36,13,-36,62,2,-34,12,82,0,28,-10,-48,-89,258648
31,50,29,-18,11,-1,22,25,42,-1,21,69,30,-42,3,100,11,-7,43,-20,2,23,25,29,-3,37,30,20,8,-64,19,21,-7,0,18,3,8,44,8,-100,-32,0,12,58,-100,56,46,7,62,-55,-24,66,21,-31,4,51,56,0,36,0,-23,-21,44,22,22,-7,23,8,50,33,17,0,11,18,-38,-100,-17,28,38,11,3,-22,13,-2,12,6,3,57,31,46,91,-12,-100,26,91,15,-55,-19,-43,-4,-58,-100,40,-73,-15,1,34,10,32,100,-43,26,-56,38,32,-100,42,16,20,56,-25,61,-1,-31,4,-95,32,-18,16,0,-16,22,52,83,-85,28,72,1,8,82,87,-30,100,-26,17,-17,78,-1,0,62,-100,45,42,47,15,5,-22,40,0,21,56,38,-17,0,-17,40,1,67,58,33,-16,25,8,67,58,18,36,21,26,2,2,52,11,18,259054
6,31,75,-11,-37,38,14,-17,5,22,31,86,67,4,21,16,2,-18,-79,-37,-1,46,46,33,-5,-18,36,-22,-6,25,11,44,-25,19,-64,-9,-26,64,-19,-7,-40,-25,-20,86,-13,69,-70,26,52,17,-20,70,39,-81,3,66,23,39,31,-7,-24,25,3,25,42,-26,-19,17,62,33,43,26,-24,-24,-9,32,-19,42,15,-39,-4,-19,16,24,-11,3,-2,16,30,7,31,1,17,43,49,-15,5,80,-13,45,-24,19,40,-23,-9,46,-42,-52,13,50,-26,3,1,15,44,20,-17,-22,4,64,-81,64,23,63,16,-24,23,-11,49,26,26,50,4,45,-16,31,49,32,36,44,29,65,23,27,48,12,29,21,16,88,-30,1,33,58,13,-10,79,0,-26,28,-15,37,1,-3,-35,0,2,50,32,16,-24,15,34,42,88,-22,-38,68,35,-2,27,-17,35,-73,259162
-14,66,-15,-9,-10,9,-25,-56,33,4,40,100,40,-54,58,12,17,-2,33,3,66,12,12,61,-1,14,-20,17,100,-73,-13,32,48,-46,-74,-10,5,49,-20,-8,20,-69,-18,2,-9,60,38,31,18,-77,-16,26,31,-22,20,14,68,10,20,0,-23,-51,-1,-32,-23,88,14,30,58,60,12,17,-68,-65,-10,87,-2,-22,74,-9,48,88,21,58,-30,5,-4,68,17,33,71,36,-8,15,-9,-29,-61,81,-12,-11,-69,93,29,-71,-19,-9,24,-72,32,-10,-100,15,23,-52,-20,-8,18,15,25,10,-22,26,-50,26,28,-67,-6,-11,-18,-61,-51,49,0,4,-64,-31,50,-51,2,-19,72,28,16,-69,-21,-72,12,2,31,98,-74,67,86,46,-28,-9,24,20,2,-7,-20,30,35,0,9,67,63,20,1,-52,30,29,1,43,4,15,27,38,46,-1,18,-21,-42,-75,259762
27,50,-45,11,-8,18,54,-15,18,36,13,46,28,36,68,10,-20,12,-29,4,-38,35,41,33,-28,-33,86,31,41,-48,-48,18,44,-7,-30,14,35,45,-6,-3,38,-27,-14,0,2,5,-29,-12,43,-50,2,3,17,-16,36,16,-42,16,18,-5,0,-10,-15,29,21,-29,29,-12,0,31,41,20,-27,-10,-12,0,11,19,58,-5,-9,-28,-31,67,1,-4,-4,-57,22,10,10,0,0,33,46,0,41,-20,-11,10,-41,4,48,-37,-17,9,76,0,30,43,-78,35,-20,39,81,-8,-32,17,30,13,-12,11,-7,29,15,11,11,11,36,51,-15,-4,-23,15,-14,26,-28,-8,8,18,10,28,11,51,38,20,-7,34,15,60,9,39,39,37,56,11,-18,26,40,19,0,47,8,-28,-4,41,-39,37,-3,40,1,31,7,-23,-1,17,74,31,7,-3,17,0,36,-33,259898
-6,-36,51,0,-7,0,60,-30,32,7,-68,9,66,-17,19,7,-32,16,-6,-24,7,28,36,28,-14,-20,13,-11,13,-14,3,31,12,-21,-58,-5,3,48,0,22,-7,-40,-4,45,22,37,-2,10,43,-9,-32,16,32,-44,22,6,-24,-2,27,-6,-33,-12,52,-21,-4,26,-9,7,38,27,37,30,-44,-27,-1,66,21,-13,-41,-8,-4,40,-28,16,0,-1,-24,-19,28,26,18,-1,-45,28,21,1,-20,67,-1,3,-29,58,32,-25,-12,3,-1,-26,-28,20,-100,30,16,20,13,-40,-17,-13,26,12,-45,20,-21,40,25,-17,16,0,44,-10,-19,-9,52,10,-44,-8,-58,-24,12,13,16,43,10,-2,42,-29,-16,6,27,14,-5,21,65,52,60,-10,67,29,3,24,-3,33,1,-17,-29,21,9,42,-1,20,-46,-24,14,-58,45,-14,-1,66,20,-22,25,1,-10,-63,260345
-3,15,65,-18,21,2,-3,-22,-3,20,-3,21,44,-28,51,9,15,-24,-4,-13,7,9,12,10,-5,5,6,-12,-41,-29,16,36,-3,23,-51,-3,-9,42,-19,20,-91,31,-21,69,10,57,-8,19,30,-36,-20,50,37,-75,-11,-4,9,1,21,-11,-21,-12,21,8,40,-4,-9,16,61,10,14,39,33,-24,-21,32,-24,35,8,21,-11,0,12,48,42,-2,7,-11,19,-7,4,9,-5,6,12,19,-23,57,-19,40,-64,13,32,-61,-28,37,-13,1,3,14,-1,44,24,-24,13,-5,2,6,0,0,-73,48,-9,34,-6,-41,60,-17,30,-16,-14,19,25,24,-52,3,12,-10,16,23,0,36,10,-4,31,-7,-41,20,-5,28,-33,-10,24,40,-9,-6,54,48,-13,58,-36,33,11,-2,-16,-8,7,28,-22,-25,0,6,16,9,71,5,-12,48,8,7,37,-39,27,-57,260670
40,17,94,-16,16,12,65,-17,8,16,77,50,100,-5,-72,27,-14,28,-28,-36,6,26,56,52,-6,-17,23,-16,29,14,45,36,56,9,-78,-3,32,57,-23,9,-65,100,-25,97,6,41,-27,12,58,19,-27,48,32,-83,8,18,-9,11,57,-10,-28,100,58,-38,-15,-15,-17,10,41,50,61,35,100,-20,8,96,32,-19,14,13,-11,-12,-17,-73,37,-7,11,-29,56,4,55,-8,-21,25,55,33,-5,73,11,100,72,88,98,73,-27,100,-17,-8,12,56,-45,41,-2,47,25,-24,-15,16,-1,19,-84,45,87,52,10,-17,25,-15,68,-65,98,69,60,80,-21,12,24,85,34,78,55,52,32,-62,68,-27,-30,17,13,49,-18,-20,46,50,63,-3,72,43,28,26,1,96,-8,-5,-37,-19,7,58,-25,49,-35,11,33,14,97,15,-14,100,21,9,37,1,-33,-85,261171
-25,0,28,-33,2,-5,10,-7,8,3,8,-16,96,18,-40,3,-8,47,-20,-19,-13,26,42,48,1,40,1,-19,-39,-55,1,28,8,10,-1,-7,-81,-3,-1,-7,-32,50,-2,34,-8,-8,-22,24,28,-47,-12,55,29,-33,-15,-52,-29,-4,15,-2,-13,2,-17,-33,6,66,-18,18,-7,51,38,3,61,-10,31,8,46,10,-11,1,-1,60,0,-38,1,0,-12,-35,14,9,-25,12,-37,25,44,1,21,48,29,18,8,-15,58,12,-19,19,-52,-48,-30,43,-16,36,19,-8,3,-29,40,38,-15,-48,-30,55,-25,23,32,-22,38,-34,-16,-51,1,15,-16,26,-1,-30,24,-15,16,28,-25,20,4,-58,-17,-30,64,4,27,-18,-31,25,50,0,9,-11,50,33,-80,40,-23,51,13,-3,-19,21,-11,26,66,-7,-76,-32,17,23,37,35,-51,90,-4,-8,4,-22,-37,-1,262072
-18,62,77,32,11,14,-4,1,100,12,6,54,100,14,42,2,-13,33,-69,-100,30,-100,61,26,-1,-68,12,-100,-14,-57,-12,31,66,-13,-26,-15,-50,37,32,16,-32,84,34,40,15,49,-63,15,93,-52,100,96,28,-68,-31,14,9,15,26,-7,100,12,9,86,55,100,-99,15,61,35,60,-37,74,-2,81,37,28,-5,48,8,-6,27,-5,48,14,0,-10,-4,24,99,100,-1,-14,-99,50,23,10,46,80,29,7,28,63,9,8,46,12,-54,58,52,22,100,-11,15,14,-17,-66,5,-34,16,-66,92,-3,26,-12,35,34,33,35,28,40,26,7,35,-12,3,38,4,21,31,100,24,5,14,36,-100,23,13,-14,64,26,23,100,38,-3,-12,49,100,-49,35,28,60,-3,-2,-97,17,29,94,8,15,-60,60,21,43,40,5,9,98,31,-9,-35,32,78,-26,262105
19,16,7,10,-54,6,18,-20,1,3,13,28,68,-25,23,10,-15,-71,-10,-66,-10,43,-4,13,-13,-40,0,35,100,-45,31,17,25,-17,-43,-7,18,26,-12,-22,-31,40,-11,48,-27,18,-7,8,-11,-42,1,28,15,-98,1,-21,-63,7,19,-5,0,-29,19,45,11,-21,38,7,17,13,-4,-42,43,-22,14,18,-69,11,16,-57,-4,-21,-12,24,12,0,12,-61,20,0,64,13,37,46,26,12,-27,11,16,14,-100,20,33,-100,-13,15,15,-100,34,27,-46,14,10,100,3,42,-39,25,14,-18,-97,30,-54,28,-4,0,11,11,54,48,-30,23,17,-40,-63,82,36,-51,7,-40,64,28,13,46,54,15,-100,3,-4,22,-4,13,15,24,22,-5,13,11,19,12,-20,29,11,-12,-65,11,-9,-12,-100,100,5,33,10,38,47,24,19,66,9,15,-42,-21,44,-44,262113
35,40,-6,1,4,-11,10,-39,27,8,-32,50,69,18,49,26,10,-36,-52,12,-5,69,-9,3,8,-17,7,-2,27,-24,-21,9,17,19,-4,21,35,43,-8,-19,-29,33,-8,-17,-13,48,-64,18,32,-27,40,55,8,-50,36,52,-18,-10,14,0,42,12,15,31,16,67,-2,15,47,2,-11,1,33,-41,-25,74,-34,7,36,7,0,65,18,52,14,0,41,-11,12,28,-43,31,7,67,12,8,10,20,-22,18,5,52,37,5,-19,16,10,29,30,9,-99,58,-46,50,5,8,-17,-22,36,54,-48,49,4,31,-38,17,3,1,10,-1,11,27,16,76,43,21,25,3,5,72,-45,34,27,8,12,-5,60,8,-37,52,15,39,71,28,6,20,18,61,30,0,5,35,34,10,13,39,-4,31,60,48,42,30,7,24,-17,-21,14,69,1,39,1,3,33,-6,262176
5,-17,71,-25,13,8,-28,-84,-57,-64,42,12,64,-94,7,9,-28,56,-100,-45,12,50,31,63,-31,-18,25,-32,-2,-16,52,27,-19,-10,-89,8,-67,50,-29,37,-48,74,-28,80,38,82,-100,22,36,-15,-14,61,29,-47,-2,56,26,9,45,-12,-12,-48,55,-70,41,100,-33,20,88,66,26,24,77,-87,-6,100,52,43,-17,11,-9,95,-33,8,16,-6,-18,20,44,-55,48,-13,-45,50,71,16,-100,56,-8,10,-52,96,42,-52,-10,9,52,0,1,74,-40,42,11,16,26,-38,-23,8,-6,55,-43,60,-54,35,19,-5,-1,-25,42,-68,-51,81,54,26,-99,-7,3,-51,23,28,50,37,12,-72,39,-55,44,-66,20,14,-6,27,61,48,-27,6,56,35,-64,-5,5,42,-12,-29,-43,27,12,35,37,17,3,-1,24,-19,81,7,52,62,16,-15,24,0,-73,-90,262394
12,-36,62,-27,20,46,27,-55,2,16,30,-9,-8,-32,89,17,2,-17,3,-9,-31,47,-7,-10,-22,11,7,6,19,-26,31,12,33,20,-64,-13,2,19,-17,1,-60,-75,-17,64,6,49,1,9,31,-16,-15,5,8,-68,-4,39,14,44,35,-11,-14,-46,52,15,51,32,2,13,45,-11,-2,13,-81,-52,-21,20,-12,45,-33,24,-13,36,-4,82,-31,-11,10,2,35,1,17,6,-23,47,11,-31,-27,33,-19,-19,-99,25,40,-94,-32,-25,5,2,1,9,-58,52,11,38,5,-22,7,3,-22,40,-65,4,-25,30,-60,-31,-9,-30,30,-11,-55,72,51,68,32,5,32,-35,1,66,15,29,13,2,31,6,-13,13,-58,6,-36,9,40,20,30,-11,31,57,0,-6,-26,46,6,-21,-5,9,-31,30,-4,37,-1,4,2,44,69,3,2,-4,4,12,11,-23,27,-62,262402
9,4,65,-19,15,8,-37,-25,4,11,-16,-16,-10,-6,15,7,-2,11,7,-28,24,34,19,25,-3,26,11,-26,14,-24,17,26,62,10,-57,-9,-1,58,-14,7,-30,-82,-9,60,8,72,9,19,48,-20,-27,35,24,-64,-2,-13,4,10,28,-7,-26,-15,34,19,17,40,-23,19,65,29,18,41,-83,-29,-19,31,9,20,14,8,-6,34,4,15,29,0,4,-5,29,5,5,7,-47,33,-22,37,-10,23,-20,4,-77,21,-1,-81,-20,10,-19,-32,55,-19,-16,62,17,33,13,-41,27,5,-14,-15,-58,31,10,52,-3,-32,51,-19,98,-26,-13,36,34,69,7,-4,-17,13,10,69,7,54,8,-40,96,18,61,11,-6,-27,-36,12,29,55,-34,-7,22,63,0,49,-37,-6,3,-4,-25,7,25,51,55,33,-40,52,9,0,58,5,-19,-13,23,4,43,-30,10,-55,263218
-12,40,-19,-15,-5,-4,-78,-43,16,-81,14,28,-11,-22,-21,2,-23,18,24,24,37,22,47,52,15,25,-8,-41,-9,0,1,2,-49,-20,-7,-2,-9,57,-5,-15,25,45,-5,-41,-13,-13,13,22,-19,-3,-16,5,4,-52,44,-76,46,-3,18,-4,-15,25,16,27,47,66,-41,19,-13,54,48,-6,58,-43,32,46,23,32,32,-6,0,70,-37,-14,28,1,45,46,18,17,0,-14,-36,20,54,37,-40,-47,42,20,3,65,32,11,-52,17,68,43,34,58,5,10,29,-58,-11,-28,25,3,56,-77,-47,9,2,45,49,3,-34,-13,3,-90,16,58,19,-17,52,-10,72,0,-13,-13,0,47,2,-82,5,3,3,-82,50,37,-1,34,44,52,-73,-4,-48,12,-8,-40,-74,27,-15,9,25,30,39,-23,9,-60,37,37,-11,67,-42,4,69,-6,-18,48,-7,-80,22,-10,263246
18,28,58,-16,72,-100,-4,-52,-25,-54,-12,8,-48,-36,74,8,6,31,-42,-28,10,100,62,30,6,-1,37,-13,100,100,-12,21,-19,18,-22,-1,-50,-4,-22,3,16,-43,-25,46,3,72,-34,35,30,100,2,49,26,-79,61,37,19,-100,11,-2,3,100,2,14,36,96,-11,34,75,40,60,29,-46,-46,27,-100,30,45,42,70,1,98,6,76,-43,3,12,27,10,-35,24,-76,27,100,-100,-33,-36,42,28,34,97,-100,9,100,-13,32,82,1,41,-100,100,2,18,0,38,25,-4,-6,68,38,-77,52,100,100,32,28,100,-17,45,15,100,21,-2,25,-81,-13,-65,100,9,28,21,100,7,21,44,6,-7,-54,21,26,28,100,32,9,-7,-6,42,-2,-48,100,-43,6,-73,6,-33,100,11,28,-14,-3,-16,40,8,-61,46,-6,78,-41,37,10,25,-40,6,-22,263279
-12,40,70,-23,-8,2,61,-23,18,-6,-5,88,74,-25,54,20,16,33,-20,-8,3,11,23,4,-22,0,42,-33,-37,91,18,38,-9,37,-46,-15,-39,64,-45,36,-76,-7,-47,84,32,36,-20,27,43,93,-28,16,37,-97,-26,-49,20,4,34,-13,-27,-55,35,25,31,100,-31,20,38,5,16,20,-9,-28,-4,-52,26,40,8,-11,-14,100,11,50,33,-7,18,7,36,19,-35,34,-43,8,34,28,-14,74,-10,11,2,-63,25,-8,-28,12,-17,23,42,40,-41,66,40,-27,48,-39,-4,3,-8,-29,-95,15,-3,69,-10,-42,10,-23,58,6,-52,37,34,49,-31,-18,9,-5,4,50,-31,68,24,-2,54,-77,24,-7,-7,71,-38,-28,62,66,60,-15,74,58,-34,5,-15,24,36,-26,-6,-27,2,41,10,-26,-32,39,6,-4,85,3,-15,68,-23,24,19,-17,19,-49,263376
-20,61,-60,-11,2,-20,-11,-11,15,-18,8,75,-23,-60,69,-4,-9,38,76,-8,-5,-38,0,25,47,32,-5,27,-64,-35,45,13,-15,-7,-3,-87,-98,41,4,-3,100,-25,4,-13,-8,25,77,64,66,-33,9,73,13,-65,5,30,11,-20,-17,-7,8,-100,9,-13,-100,71,30,61,37,24,0,34,-29,-14,100,5,35,-88,58,0,-10,100,2,65,42,-8,50,-3,-16,0,-31,-16,-1,-39,-19,39,-60,29,100,-29,-91,-20,-8,-100,-53,0,100,-8,8,-19,-50,49,-22,-100,0,-3,35,36,15,42,-69,69,-25,30,-47,-10,-1,-14,50,-33,-8,40,8,-100,-86,-58,40,-31,-15,-100,-31,30,100,-96,49,20,-41,-19,-42,100,-17,-28,12,40,-10,-89,29,49,-97,-3,19,-6,-14,46,-8,-23,-3,66,-35,-100,18,8,-15,44,-10,-5,99,-25,38,48,33,18,-18,-3,263765
-5,22,33,-8,-55,43,-15,-27,2,37,-98,40,8,-47,51,11,-16,-13,27,-10,-12,21,1,49,-11,34,-2,14,-25,12,23,23,5,27,28,-100,-20,45,-22,-1,-3,-49,-19,46,1,44,29,25,-10,14,-33,29,20,-84,42,70,0,44,35,-6,-33,-39,24,-8,-25,56,14,24,42,46,3,12,-49,-29,-18,38,-10,-25,20,-55,-4,55,-14,49,24,-1,-2,-1,33,3,-18,15,-20,22,17,23,-50,13,-16,-1,-74,37,-5,-78,20,-1,58,52,36,18,29,9,26,-35,0,-20,34,21,35,71,-82,30,-3,22,-21,-1,0,-9,43,-11,-40,60,29,8,-5,13,-2,-5,6,6,-18,23,12,-15,43,-36,7,36,-18,31,-1,4,64,46,-16,-100,13,13,-22,0,21,-2,13,-10,-4,5,-14,-7,1,-37,38,37,8,4,49,21,63,7,40,2,14,23,-15,30,263880
-22,3,23,-29,-18,1,-31,-28,-21,-19,10,-28,54,-24,4,0,-10,-9,2,-33,9,0,20,58,-5,19,-9,-33,-84,0,14,40,-7,1,-91,-14,-23,20,-37,-32,35,-9,-40,3,-31,72,2,30,40,1,-55,-1,40,-31,-10,-8,8,0,-9,-8,-55,-70,22,-44,-9,-45,-36,29,66,54,25,49,-9,-26,-27,-21,-5,-14,0,-17,-10,-36,-14,0,13,-8,-31,18,-8,-26,-22,-6,-70,-2,35,9,-21,42,-24,-22,-63,-15,45,-57,-44,-27,6,-33,-38,37,-27,32,34,-43,-9,-75,19,8,-16,-7,-29,0,-39,4,37,10,48,-31,49,-30,-78,-6,23,-12,-91,-22,-24,-42,12,-10,-22,3,-3,-19,49,-15,-68,-20,36,-20,10,52,56,21,-31,-13,45,30,-24,55,-37,43,-3,-6,-32,47,10,39,-57,-44,-38,-37,11,0,2,8,3,57,38,-30,46,-38,-35,-91,263964
-17,58,89,-3,-7,2,-2,31,-7,4,87,12,93,35,20,3,15,61,-10,-34,13,0,58,55,29,-1,1,-15,-44,0,23,27,8,-18,-71,15,4,6,14,-21,-57,43,13,37,-23,52,-14,52,83,5,-52,47,29,-41,45,28,81,4,-33,-5,-51,3,33,-22,30,41,-16,48,52,58,55,48,41,28,25,58,56,30,52,-9,-8,36,18,19,-21,-5,-3,68,-30,-11,-5,-22,-18,0,44,-24,35,24,20,24,21,52,38,21,-24,25,9,-33,-6,42,-16,10,15,-27,3,-14,-5,11,48,29,-39,48,-12,7,31,22,43,-3,17,5,2,-2,31,62,-58,-16,52,-11,15,63,-2,6,4,7,16,-2,43,2,27,13,22,28,41,6,0,10,24,4,5,43,-16,36,-20,28,-34,28,16,82,40,-28,-83,-10,14,50,39,10,6,88,39,0,47,-16,-22,-73,264188
-4,80,22,-7,-13,2,-13,-10,-17,-7,-25,34,46,-3,39,0,19,-57,67,-14,22,46,-12,-8,5,55,-7,-1,-23,5,22,23,-28,-1,-27,5,-11,52,-14,21,62,34,-14,32,25,17,52,45,52,8,1,72,26,-76,14,-58,-24,5,-10,-10,2,-46,21,52,-38,-1,-1,43,22,1,-23,34,25,-8,-20,79,-69,-29,76,-15,-3,-27,21,38,-24,0,18,-13,-10,-17,-23,10,-30,46,1,-18,0,14,-32,8,-52,63,44,-48,-44,7,-9,0,49,1,-23,27,51,-6,-5,-28,44,13,4,-50,-73,72,-38,22,-42,-9,-10,-7,28,-27,-47,52,22,47,-22,4,49,-32,11,47,-25,20,0,-33,29,1,-4,-5,-51,26,-13,32,66,58,-15,4,12,25,-8,-8,3,40,10,6,-15,26,23,54,-17,-8,-39,43,6,46,31,15,-11,42,19,17,31,3,45,-26,264228
0,-4,72,-26,14,18,10,-37,44,-22,0,63,72,-98,35,21,-12,30,-5,-29,-19,20,47,45,-7,32,31,-28,-28,-20,54,44,46,21,-85,-9,3,58,-27,11,-58,-32,-29,92,10,79,-2,21,41,-13,-29,3,45,-68,14,32,24,19,36,-5,-29,-2,51,0,36,44,-28,17,87,42,51,37,-42,-37,6,50,34,-22,6,14,-4,49,-18,37,2,3,2,18,37,40,33,15,-41,19,27,7,-100,82,9,22,-11,39,31,-37,-9,19,8,8,2,26,-26,18,12,-3,31,-43,72,17,8,35,-66,5,-36,41,12,-6,37,-26,66,9,10,33,48,45,-49,-42,32,-33,30,43,30,43,23,-5,66,-18,54,-22,13,73,-9,18,58,57,11,-11,83,10,7,37,7,31,100,-7,-31,17,-18,40,61,-2,4,6,30,31,91,17,8,74,42,3,38,6,6,-85,264699
-20,39,34,-10,-11,-1,15,-44,-19,-24,-5,-5,11,-52,9,14,-4,12,44,-18,7,0,28,31,-30,17,26,-16,-13,-25,-3,42,5,-7,-65,-36,-5,43,-29,27,25,2,-27,41,29,64,45,10,20,-35,-43,-22,41,-61,-18,2,-7,-2,21,-8,-42,-72,36,36,-16,33,-16,9,66,29,30,1,2,-43,-28,0,15,-20,42,-11,-10,38,-4,6,11,-8,-10,-13,22,-19,-2,4,-45,3,51,12,-41,27,-27,-17,-85,17,34,-83,-47,-19,-43,-35,18,52,-4,37,29,-13,26,-46,18,17,-24,5,-61,-23,-42,46,13,-4,62,-11,42,-100,-73,56,40,21,-51,0,-18,-46,7,21,0,48,13,-100,42,-30,-23,-23,15,-6,0,39,66,46,14,-35,27,39,-7,58,-17,37,4,-28,-14,38,6,20,-20,-13,-48,19,7,-21,43,18,-44,13,16,-7,4,-20,34,-66,264725
2,77,-18,-22,43,-38,15,-29,19,8,27,42,72,-7,86,18,18,-1,-82,4,32,-100,27,79,11,-46,41,-18,100,-44,-27,23,9,100,-44,20,0,54,23,19,-4,4,19,13,29,51,-74,14,29,-28,-18,45,22,-38,-29,0,-55,-40,6,-64,-100,20,47,-9,-24,54,-21,15,54,71,35,12,0,-28,1,61,2,-28,76,52,-5,68,10,77,73,100,3,-51,4,10,100,20,-32,-100,82,65,5,37,0,30,5,22,29,0,-26,26,-39,-48,39,76,-19,36,100,-11,34,-39,-45,-3,-39,0,-41,44,36,50,33,-11,17,-24,61,-52,20,61,49,-3,-61,3,33,30,13,-100,100,54,16,-42,62,2,70,9,39,45,-1,66,50,45,-45,16,31,36,-2,15,13,38,22,8,-2,77,29,26,87,-100,22,45,17,25,15,-3,-34,77,85,2,10,15,11,-36,264890
-1,0,40,-22,-16,-10,-21,-63,8,12,63,13,36,-52,35,27,0,-36,29,-29,4,46,-1,51,-34,32,32,-11,-10,-62,-13,30,41,-16,-67,-18,-3,100,-44,0,-8,-15,-41,70,-5,76,33,1,4,-61,-52,50,29,-51,69,22,-64,-11,38,-5,-52,-28,50,13,-3,33,-5,6,67,51,3,13,-14,-63,-27,42,-27,-7,10,-21,20,44,-1,33,35,3,0,-73,39,0,24,-31,-50,42,13,29,-39,42,-23,-15,-87,44,44,-77,-36,-15,-19,-25,32,13,51,-1,0,5,41,-51,36,-4,70,18,-52,45,-23,31,-7,-4,3,-22,60,-70,-31,99,46,82,-22,-20,23,-19,24,80,24,35,26,-70,58,32,66,11,-2,38,-4,80,50,97,-19,-14,42,-12,1,7,45,43,-34,-34,-27,80,3,0,69,7,-2,28,21,28,70,-3,-21,39,15,0,14,38,12,-68,264901
26,-10,10,23,14,-22,11,38,9,-11,100,0,95,33,4,100,5,39,-15,-19,21,30,42,20,-1,-31,20,-21,100,-74,52,17,100,-92,-85,5,23,28,18,3,-78,-21,17,100,-3,95,-6,25,43,-76,100,12,19,-52,42,-16,-7,-23,45,0,100,10,61,17,-14,29,-22,25,93,16,43,-24,-20,44,26,75,42,-12,-5,15,-3,38,0,0,25,11,2,4,45,10,100,41,-40,33,55,15,33,22,25,37,-35,76,52,-45,35,36,-26,-57,-12,51,-3,58,-23,17,18,-42,-25,22,29,-16,-55,18,43,42,31,-100,20,21,100,3,13,-22,58,66,-23,-30,-42,40,23,70,100,41,100,2,100,-2,43,-11,30,1,-100,-11,69,35,12,3,22,56,22,15,33,56,44,0,-20,-5,20,42,50,17,4,-8,23,-51,97,22,-23,94,100,1,-26,35,25,-82,264903
4,35,39,-15,0,7,-56,-22,28,-19,11,10,42,2,-1,9,-55,100,25,-19,-31,14,26,26,-14,27,-9,-30,-45,-88,7,21,5,-7,-66,-5,4,-24,-11,-9,3,-16,-11,23,-12,46,14,18,47,-84,-32,11,19,-33,19,-44,33,6,-3,-9,-34,-52,37,-9,-36,8,-30,24,46,27,27,26,-20,-20,-7,20,100,-41,30,0,-9,0,-41,-1,-15,-5,-13,40,-5,23,23,5,-39,13,29,-20,2,38,-7,0,-24,24,29,-22,-13,-3,36,-6,20,28,-22,50,13,1,-9,-35,23,10,13,-46,-29,10,1,34,20,46,32,-16,48,-64,-60,18,40,-18,-9,32,-1,0,11,-20,22,32,6,-58,51,-10,7,-20,22,17,43,-28,41,-23,-55,-3,37,55,2,34,5,27,7,-12,-17,-32,-29,51,2,2,-15,16,14,18,25,9,33,42,29,-15,28,6,-17,-66,264946
-2,26,62,-13,4,10,-26,-34,14,6,9,34,83,-13,89,6,-4,-9,-35,-22,8,30,26,3,-7,-10,16,-23,-15,9,35,37,12,0,-80,-9,16,40,-12,2,-38,-4,-11,57,-1,70,-35,30,48,8,-28,54,35,-91,10,39,4,9,28,-8,-30,1,42,34,27,24,-20,26,79,3,23,28,-3,-38,-4,9,-11,28,31,3,-10,16,-2,92,-15,-1,0,-9,25,13,25,-4,-32,26,29,-15,-18,40,-4,36,-44,11,27,-42,-24,35,24,-30,41,31,8,37,24,0,20,-27,-11,2,17,52,-90,51,-20,42,-52,-4,56,-13,66,64,1,24,45,37,-17,13,26,-20,26,34,23,42,12,62,65,-15,42,6,-52,37,0,-2,58,45,-28,-12,36,40,11,61,-3,25,-3,-6,-22,-3,11,47,38,0,-55,41,24,17,60,3,26,81,16,-1,28,-6,34,-85,264995
2,26,43,-4,-14,29,-25,-10,17,12,-61,34,54,-18,23,100,8,8,46,1,2,12,29,46,-12,57,2,-1,-78,-31,33,31,-57,45,44,-16,20,57,-47,28,-24,-21,-48,100,29,57,46,19,37,-30,-26,16,34,-52,18,0,-18,27,30,-3,-25,-33,36,-40,2,51,-2,16,57,47,29,7,-33,-11,-24,44,7,0,19,-16,0,55,13,17,39,2,-1,-14,31,16,40,40,-34,11,6,36,-13,46,-25,10,-75,47,34,-69,-47,7,0,29,35,5,-78,62,28,-1,3,-35,52,16,16,1,-52,19,-24,39,-6,3,-13,-5,32,-79,-40,45,34,28,-38,-7,18,-27,8,30,40,39,100,-63,33,-22,35,12,-9,39,0,31,62,60,-28,-22,45,58,22,-4,4,40,42,-12,1,28,2,36,51,-4,-5,36,9,21,100,15,-3,58,11,0,4,4,-27,43,265188
-10,58,75,-23,16,15,-100,-31,-16,-33,24,100,39,26,44,3,-23,-12,-23,-17,-28,-96,0,58,-1,20,32,-8,40,-51,29,26,-2,-14,-95,3,-100,66,-26,11,1,-64,-23,1,10,-44,-30,31,26,-47,-34,2,26,-57,65,-32,-65,16,-3,-6,-37,-74,-100,17,15,100,-8,32,-41,57,-1,31,-64,-35,5,35,-11,14,58,16,-4,100,-17,44,9,-3,2,-61,-4,-12,52,-7,-45,-94,-100,16,25,9,2,-2,-69,23,24,-68,-32,-6,-31,-71,17,-100,31,100,38,-82,33,-44,17,12,66,-26,-58,1,-44,-60,7,-38,-95,-26,43,-83,-75,28,-100,-94,-74,-15,-40,-43,4,-95,55,-58,2,-81,42,-27,40,-33,7,100,-27,52,69,69,-100,5,8,100,-100,-95,58,26,-7,1,-10,56,-26,27,40,-81,-38,17,5,-36,2,12,-25,40,17,3,31,61,14,-96,265261
0,36,71,-21,-4,31,-35,-19,-12,0,-25,-10,57,15,44,5,2,-11,-32,-11,21,20,15,40,-10,13,-11,-43,-8,-3,36,19,29,-10,-44,-13,9,18,-17,-28,36,-71,-16,42,-28,25,-38,19,27,-2,-11,10,17,-39,23,-24,3,32,29,-11,-11,-41,33,-10,-12,26,-45,22,22,37,17,15,-72,-24,-20,-20,-9,-14,33,-2,-15,24,6,42,-27,-12,-7,-5,29,-9,4,1,-52,20,28,-29,12,34,-20,-14,-19,-10,13,-20,-35,-18,-17,-13,-32,26,-13,40,21,-4,-12,-47,10,18,22,-25,-35,7,-13,19,1,-3,50,-22,51,-27,-48,41,36,20,-6,3,-37,-18,12,15,7,18,5,-17,51,-22,52,-1,2,-8,-7,23,57,17,-34,-10,32,44,5,55,41,16,0,-7,-4,23,21,30,52,-3,-34,-32,13,-18,46,16,-18,58,13,-6,18,41,-11,-43,265280
7,52,23,-19,-5,8,85,27,-21,17,35,78,18,36,33,14,18,-18,50,-19,28,21,3,36,-17,46,30,-26,23,1,-40,24,17,21,-13,2,-38,19,-4,0,30,-41,-2,23,0,34,44,3,52,-2,-9,37,21,-47,-22,-25,-28,10,12,-3,-12,-80,-16,18,-34,63,-26,2,31,39,-2,15,-41,22,-32,17,-24,-34,34,-5,-1,56,29,37,-9,0,4,-37,9,-7,19,24,-14,19,20,-17,29,31,-35,-8,-62,14,5,-61,1,-8,34,-6,48,21,11,0,-12,30,32,-16,45,-15,-38,-23,-45,32,-16,23,-32,-35,49,-19,39,-24,-78,16,-14,48,-7,0,1,-11,14,47,15,25,16,-26,39,14,73,17,-34,67,-36,51,47,12,82,2,28,0,-42,47,-7,2,23,-14,-16,47,29,55,68,29,-48,44,13,1,25,-15,42,20,19,5,18,-15,16,-14,265993
-27,-67,72,0,-21,20,-70,-49,52,4,-11,11,23,-31,27,4,-37,8,1,-11,-2,39,42,52,-7,-38,-13,5,-9,-12,66,21,-71,-23,-18,7,-1,22,-29,4,11,-9,-31,-10,6,12,21,35,-7,-10,-19,14,26,-56,-43,-33,-75,17,18,0,-18,-6,2,-4,17,44,4,30,20,50,40,-11,-7,-50,-13,58,11,20,-69,-20,10,65,-32,27,-49,15,2,-70,19,54,-10,-1,-17,42,2,-60,-40,-35,-16,7,-23,25,2,-32,-40,9,46,16,20,6,-94,24,23,-41,-9,-17,-31,19,-37,-29,-58,15,13,27,-1,-42,16,0,31,30,-6,77,4,-44,-29,-21,-1,11,3,-42,-14,26,2,21,28,46,73,4,0,7,-51,18,58,16,-69,2,-39,27,-4,11,-76,1,0,-7,-13,22,-5,-10,81,-45,-2,23,5,-20,-7,18,47,14,-8,6,-13,-74,3,-22,266022
3,42,21,-7,-14,38,6,-46,33,-24,8,36,16,-15,-28,7,-26,1,40,-10,15,22,13,30,-8,-14,-7,-8,-2,3,-7,14,-29,-11,-27,-13,-9,3,-25,-26,-22,-12,-27,38,-27,10,29,10,4,-2,-6,5,16,-32,-35,13,-25,40,27,-5,-5,-23,30,3,-51,55,-7,10,10,33,6,-5,-21,-40,-20,27,-7,-44,36,-14,-5,31,-28,-27,-20,-3,9,-22,29,29,0,1,-28,21,27,-13,-17,44,-27,-6,-34,35,24,-40,-17,-8,-22,8,-40,25,-17,0,18,-13,-8,-27,-19,-3,-32,22,-31,7,-40,30,5,0,28,-7,52,-27,-20,8,27,0,16,11,14,-41,4,2,-3,29,8,-37,52,-3,42,-24,3,49,-2,22,42,10,4,-17,44,-4,-7,29,5,26,3,-9,-14,19,15,5,15,-14,-11,-45,4,19,37,-3,-26,20,12,8,-9,6,-15,-26,266331
0,10,-31,-29,-100,-98,-100,40,-11,-65,41,-15,16,5,44,6,-5,16,-38,-66,0,83,12,91,-14,-2,20,-45,-52,50,-2,27,-43,-15,-100,-2,-9,-39,-38,100,-8,100,-40,34,100,-100,-100,29,4,50,-100,12,28,-38,7,-29,-46,-100,13,-5,-100,-49,29,-24,-100,28,-43,26,-100,74,11,40,100,42,-78,48,22,-75,19,-100,-8,9,-1,42,47,-11,-7,-44,14,-10,-9,0,-62,84,36,47,13,-16,-20,3,-38,48,45,-64,-100,2,5,-39,-6,37,47,6,14,0,21,-67,-72,-7,7,-45,-34,11,78,19,2,-7,100,-31,77,-98,-31,-100,32,-100,-100,8,-100,33,5,-100,-6,18,6,-94,79,-40,-62,-66,3,-10,-11,43,22,-36,-100,-1,-15,9,-10,100,-18,45,3,-12,-63,38,3,5,-68,1,-15,-14,7,-100,33,-8,4,15,27,-9,43,-16,-32,-100,266399
-8,12,39,-50,-34,-4,47,-60,-16,7,-47,37,38,1,-58,18,-32,-14,28,-23,42,39,17,45,-26,5,-1,-63,-51,-57,3,31,32,16,-66,-14,-13,27,-34,0,-76,-29,-34,76,2,16,38,30,23,-58,-31,21,33,-79,32,26,-14,-8,33,-6,-32,-7,39,-64,11,56,-68,28,22,40,19,12,-27,-62,-43,58,-10,8,10,-30,-2,68,-25,-62,-11,1,-7,-20,30,-13,15,16,-66,39,21,-10,-5,84,-43,23,-100,49,22,-100,-58,20,-26,-17,-61,21,-17,-5,33,7,-5,-74,4,10,28,32,-77,20,-19,19,10,-11,27,-52,61,-100,-13,47,45,34,-21,4,42,-21,12,33,14,18,17,-100,62,-18,-21,7,14,32,-6,22,42,28,44,-14,80,2,-19,25,-24,27,17,-25,-21,26,41,24,-10,5,-33,-56,15,37,79,9,-24,37,40,-4,14,-21,-55,-68,266436
7,-7,19,-13,-24,-13,11,-41,-35,-10,13,30,29,-30,3,20,-32,-18,-7,1,-6,37,5,35,-6,-8,30,-13,-26,-25,-12,16,-29,40,-50,4,0,39,-8,-2,-2,8,-8,46,-9,76,-13,9,30,-22,-9,39,13,-94,-31,66,-21,-13,20,-19,-10,-13,0,35,31,50,-12,12,74,34,4,16,11,-40,-41,67,-21,32,-5,-29,-16,43,-36,6,-22,-13,10,-34,20,-39,21,33,-24,34,43,-21,-34,58,-43,36,-100,52,41,-100,-8,36,-70,28,9,44,-45,32,23,-12,36,-21,-8,16,-42,67,-92,40,-25,35,-31,-43,19,-12,51,-78,-9,79,0,20,-24,12,27,-24,10,19,20,34,19,-79,50,-20,29,-10,-30,46,-52,36,29,42,11,4,57,27,1,17,-40,41,36,-6,1,35,-5,29,24,-12,8,6,8,23,46,16,-72,29,24,8,17,-45,32,-51,266474
17,-22,-13,-25,-12,-16,34,-9,-7,-37,39,-20,44,-31,15,2,-36,10,5,-4,11,28,18,6,-21,1,-14,-18,-7,41,-20,14,34,12,42,3,-6,34,-8,3,-86,-5,-6,12,0,44,-3,4,33,44,0,3,15,-29,31,-13,-36,-15,15,-4,0,-13,6,11,-16,7,-17,2,39,9,16,27,0,-8,7,24,6,-13,-17,-16,-1,2,-40,17,-7,0,-18,-30,15,-12,15,22,-67,29,24,-18,-31,52,9,4,-42,18,28,-45,-12,0,-2,4,-2,28,39,8,2,18,-8,-63,-2,3,40,-25,-30,7,-14,13,12,4,14,-25,10,-12,-14,-10,5,28,-35,2,-37,-17,5,27,16,14,2,-20,8,0,4,-35,10,-20,0,10,26,37,34,8,54,7,-1,26,-21,24,20,-22,-4,9,12,34,-7,17,-20,-6,3,-23,12,5,-3,46,4,-14,28,-15,7,43,266592
16,29,-19,-13,6,17,-43,-60,30,-21,-49,72,-19,13,69,3,-32,-19,46,9,10,39,28,52,2,29,46,-4,-7,-56,-8,23,-13,-13,-38,5,1,88,-18,25,20,-69,-21,2,20,17,41,37,35,-61,13,48,28,-33,11,-68,-80,16,10,-2,14,-97,46,-13,-7,49,-5,31,29,52,29,24,-70,-62,-14,-49,-19,-7,25,5,1,48,-37,69,26,5,28,-89,9,19,-2,-1,0,37,1,28,19,-6,-13,-64,-92,-52,7,-90,-16,-68,55,16,61,2,37,25,13,-3,49,-5,29,0,6,-54,-33,46,-85,57,26,-14,20,-13,35,-81,-100,-2,47,12,-4,20,-7,-86,-5,12,-8,58,7,-74,34,-1,-14,-22,26,92,0,85,52,90,-48,0,-10,24,-2,32,-20,9,4,3,2,85,11,33,-15,-7,0,60,-6,-20,4,0,52,-12,13,28,20,-19,-3,-44,266794
4,56,57,-13,19,-5,35,-12,33,-17,1,100,35,20,-48,11,-40,15,49,-24,36,-13,31,60,-1,16,-100,-26,-6,-29,19,25,-47,14,-65,6,-100,54,-2,36,-23,-8,-1,49,36,50,55,29,38,-28,-100,-33,24,23,27,-40,-66,-7,18,-6,-100,-63,97,-76,-6,100,-28,25,51,60,29,33,-5,-18,-52,49,16,-2,58,20,-7,100,-40,-52,37,-7,-2,-73,17,33,62,16,-29,-13,11,42,17,43,-52,-24,-56,39,26,-56,-8,-24,100,24,-74,12,100,100,28,-27,-98,-20,14,-17,40,-34,22,-13,-46,-48,51,2,7,-16,39,-81,-65,35,100,10,-46,-24,-100,-42,0,10,60,-51,11,-83,38,11,100,-17,50,97,-1,77,52,57,34,6,44,100,-100,5,7,27,13,0,-20,77,34,40,100,-28,-17,-73,0,-100,51,-18,100,31,23,0,36,4,-75,-68,266866
10,32,25,-12,0,0,-25,-52,8,-20,9,6,55,2,10,8,-10,-6,13,-29,24,36,15,34,-21,19,14,-31,6,-27,4,36,28,-9,-71,-15,11,65,-37,-16,-28,10,-37,35,-17,52,15,16,26,-26,-20,63,36,-63,-10,7,11,0,28,-9,-22,-15,30,7,-10,31,-31,15,67,32,15,26,9,-52,-18,33,-5,-11,29,1,-12,34,-3,10,61,-4,-1,-2,25,0,37,-13,-11,33,19,57,10,29,-17,16,-50,5,52,-51,-39,14,-6,-28,0,21,0,45,7,14,19,-12,23,20,-14,24,-62,58,-8,58,0,15,58,-12,48,-30,-14,33,33,31,-3,19,29,-9,16,28,33,58,10,-26,48,-20,-8,-20,0,22,13,19,52,66,-28,-17,26,49,6,55,-1,52,-11,-19,-30,20,23,24,-2,13,-52,3,17,24,37,20,-10,56,16,-2,24,3,17,-77,267069
-21,36,13,-5,-100,18,19,-9,-12,0,27,10,67,-11,-25,-10,-14,27,-26,-28,-63,1,22,33,-12,-5,91,-31,-52,20,17,21,-11,-47,-51,3,-100,46,-55,-100,12,10,-57,100,-100,54,-33,38,-48,21,100,40,20,-36,-100,46,0,17,8,-9,100,-36,40,-43,-47,38,-33,35,56,37,19,5,6,-9,-20,33,22,-45,35,-100,-8,31,-11,-31,38,-3,-24,-3,9,-12,31,-7,11,1,52,36,-9,100,-23,4,-31,36,31,-26,-52,2,-30,-18,-52,52,-100,3,36,-93,89,10,-14,16,-100,43,-34,41,-1,42,5,-16,26,-6,14,-63,-39,-29,42,-100,-27,-40,-27,-2,13,-100,32,41,-13,-56,15,-41,100,1,4,11,-5,17,64,47,21,2,100,5,-100,28,-1,36,-6,-9,-25,17,-62,-51,100,-93,-45,-51,14,-31,100,15,-30,66,13,-22,5,-2,-36,-52,267127
-10,100,8,-23,-100,15,-100,-32,3,-33,81,100,-27,61,44,3,-90,-13,82,-27,-9,100,0,54,-1,29,70,-29,-63,11,29,26,-46,-5,-43,58,-26,-3,-30,-17,1,-67,-27,1,-18,-48,74,31,21,14,-100,-29,26,-57,25,-8,44,16,-3,-6,-100,-55,20,17,7,100,-29,32,-44,54,-1,49,-67,-36,11,17,-12,6,100,-100,-4,100,-84,44,40,-3,2,49,-4,7,100,-7,-45,100,-1,48,60,44,8,-2,1,6,24,2,-35,-6,-20,-60,17,-3,100,96,38,-100,72,-44,27,12,26,-2,-58,-31,-23,100,11,38,35,-26,43,-69,-56,-38,23,-27,-100,-19,-35,-22,4,-28,100,100,2,-67,42,-27,72,-33,11,91,49,52,69,0,-100,60,43,100,-25,30,29,26,-7,1,-19,57,-7,23,72,-100,-32,17,5,-31,2,12,-14,-26,21,3,50,32,14,-44,267198
10,72,56,-24,-14,0,48,-54,-3,-29,-35,35,31,-48,30,4,-19,30,-37,-32,33,24,77,30,-22,84,13,-48,-10,-54,31,36,58,-8,-52,-8,-20,61,-37,-14,-60,-58,-36,43,-13,75,-26,13,9,-48,-31,47,37,-82,-16,-15,-16,0,32,-6,-31,-43,48,19,22,42,-47,11,69,26,76,30,-69,-57,27,0,30,33,54,-14,-5,50,-13,27,22,-2,10,-22,27,-1,-3,0,-52,23,0,20,-42,72,27,41,-97,-29,-15,-100,-32,39,-11,7,44,1,-41,57,15,7,15,-57,82,16,-6,-17,-85,42,8,37,26,3,55,-23,93,16,-39,33,47,54,-21,-16,26,6,6,55,-5,37,6,17,93,-38,-8,-29,31,42,13,37,49,61,46,-10,71,58,-20,51,15,-9,1,-22,-31,41,33,11,-11,4,-29,50,6,6,45,16,-12,33,10,8,29,14,16,-55,267222
-11,15,66,-15,-13,0,11,-31,5,-19,2,0,84,-23,-9,8,-23,58,4,-15,39,31,60,62,-21,39,-15,-37,-7,2,41,31,49,10,-45,-3,-27,32,-17,-3,-98,-32,-16,71,-2,67,-1,28,45,2,-29,42,27,-79,26,17,0,1,32,-8,-31,-23,48,-35,-25,72,-40,29,64,61,61,37,-30,-32,6,42,58,-25,11,-12,-7,65,-25,-10,-16,-3,-6,6,30,12,15,14,-28,30,54,-18,-22,61,5,16,-72,49,42,-71,-28,12,-18,-20,-10,57,1,34,28,-10,-16,-28,36,11,25,11,-79,44,12,51,57,20,25,-16,48,-82,-27,33,51,50,-34,-1,21,9,12,49,18,50,7,-77,47,-29,-54,-20,60,-9,18,-10,66,35,13,-3,61,34,-28,26,-8,43,12,-20,-10,-11,41,47,-55,-8,-39,-11,14,22,70,9,-14,81,32,-6,41,-10,-38,-41,267244
-14,11,-14,-52,-16,-27,-95,-12,76,-43,64,-28,50,-100,29,0,-14,19,-93,-15,27,18,17,43,8,-51,-100,-70,-100,99,-37,30,7,14,-23,0,-100,65,-4,-14,34,-6,-5,-15,-14,60,-94,22,32,100,-42,12,32,-60,22,-33,16,-29,-3,-1,-41,-18,14,12,-29,56,-72,22,56,42,19,34,-1,-11,26,7,20,-31,18,-15,0,57,-12,28,-14,3,-28,2,-5,70,1,11,-100,19,100,-16,-100,33,26,-1,-100,27,40,-100,-20,-2,-32,0,-36,99,100,100,0,-32,-100,-100,-51,29,21,-43,-57,14,-17,8,10,-69,68,-52,100,-1,-22,8,14,-8,-56,-14,19,-21,12,-8,1,7,-3,7,100,-19,38,-43,8,-18,-80,33,67,61,-92,0,33,100,-100,67,-19,35,13,5,-13,29,27,33,49,-33,-11,-36,12,20,-16,29,-35,47,31,-27,36,-18,15,-21,267333
-3,12,71,-10,-3,3,-84,-60,37,-8,63,14,11,24,21,15,-7,16,38,-4,-1,25,8,8,-6,14,4,-8,26,0,22,18,38,7,-52,-14,-15,24,-11,-29,-14,-21,-9,64,-29,7,33,21,37,-4,-13,27,15,-67,-18,10,26,3,23,-4,-12,-9,12,39,-37,97,-11,18,4,11,5,15,-22,-66,5,6,13,-35,11,-4,-2,89,-6,21,-18,3,11,26,24,31,8,9,-16,28,-1,-8,21,29,0,22,-37,1,-17,-36,-46,21,2,0,31,0,-98,63,25,-11,6,-14,7,26,-11,11,-65,25,-49,35,20,-4,43,-10,45,7,-10,40,13,68,18,-17,8,-45,6,67,8,34,13,11,45,-14,51,-8,20,20,-8,-18,56,26,-82,-14,28,64,-14,40,-40,-18,9,-5,-2,-20,1,38,41,-11,-23,28,7,9,66,23,2,14,-1,13,18,-41,33,-51,267530
25,-30,47,-30,12,12,0,-60,0,-34,-5,40,84,-6,24,32,-24,35,2,-35,-14,37,47,52,2,-8,14,27,35,18,24,23,56,39,-86,-8,2,52,-21,38,-96,-52,-23,75,34,79,-5,18,50,26,-16,16,24,-67,-7,94,-1,13,39,-5,-15,3,-8,13,34,58,26,21,78,51,46,38,-52,-52,10,98,34,40,-19,12,-4,44,-26,19,-1,1,-2,7,42,-5,23,52,-31,35,33,-5,-1,78,6,13,-56,100,15,-58,-50,13,0,1,0,32,65,42,36,27,15,-32,-7,10,-20,92,-65,21,-20,38,21,-25,9,-31,91,29,3,81,-13,58,-15,-25,54,-22,24,60,22,42,29,34,91,0,66,-34,24,36,-23,-4,47,52,4,-9,81,33,8,6,-18,13,54,0,-37,-1,-13,46,58,28,-14,-2,24,57,73,10,-4,82,55,0,35,-19,4,-84,267899
-13,15,-14,-11,3,7,23,-29,-2,-12,8,-6,42,33,9,6,-5,25,24,-32,22,16,27,40,-26,12,0,-26,-30,-26,-29,29,-4,15,-67,-9,-23,18,-37,-37,-52,-17,-35,11,-36,42,18,21,39,-14,-43,14,28,-25,-16,-68,-22,6,11,-6,-44,-27,24,-5,-5,31,-27,23,36,43,24,48,-16,-34,-9,2,22,-1,24,3,-8,23,1,4,-6,-10,-22,-29,9,4,-17,7,-7,16,-3,-9,33,63,-13,-13,-39,-13,21,-41,-9,-16,-1,3,-13,-5,-28,34,37,-13,0,-10,7,17,-21,-71,-24,9,-20,16,23,52,35,-12,47,-9,-30,-28,28,25,-23,-33,-39,-22,5,20,-16,18,4,-9,47,-49,18,-13,22,-6,52,36,47,18,21,-7,61,36,-26,37,3,19,3,-24,-24,32,24,44,12,-15,-10,-19,7,-24,13,17,-1,41,14,-26,52,2,-13,-65,268012
-3,21,46,-14,-4,5,10,-48,20,23,-24,77,100,7,49,21,-9,-11,-75,-25,-3,28,15,23,-17,-17,8,-14,-24,-66,28,44,40,21,-64,-16,8,35,-31,5,-70,34,-31,82,2,73,-74,16,32,-65,-26,49,42,-99,33,70,-9,4,46,-7,-29,19,28,17,42,54,-12,12,74,18,11,12,31,-49,8,33,-12,39,29,-3,-7,56,-18,46,-2,2,7,-18,45,16,23,-2,-24,23,55,-9,13,82,4,46,21,45,49,17,-46,44,-54,-10,25,49,-97,13,25,-2,10,-25,-15,10,21,71,-98,45,-42,30,-62,-18,12,-14,67,67,23,93,24,31,-34,4,57,-41,32,27,22,32,22,67,67,3,31,21,-62,93,-16,-37,50,35,11,-17,83,2,12,18,-1,51,0,-14,-24,-35,-2,30,40,-2,-26,28,30,58,83,11,-52,100,12,6,14,-6,29,-67,268116
8,29,41,-31,15,-10,14,4,-25,-3,49,23,20,10,6,7,-7,-14,44,-5,1,6,20,22,10,3,37,-35,11,-21,14,22,-17,-11,-2,10,2,38,19,18,5,-19,13,39,22,37,45,8,48,-25,-2,37,22,-23,-4,-4,-70,-10,12,-7,-5,-14,12,17,-22,33,-34,3,44,20,20,11,-22,5,-10,48,-16,-25,36,15,-3,29,-1,3,-2,-2,9,-74,14,-30,27,2,-32,3,17,8,21,27,-16,6,-44,42,22,-44,-11,6,-28,4,31,14,-37,22,6,14,38,-33,1,-3,-17,0,-24,38,-36,27,4,27,19,-31,42,-33,-11,38,8,38,-27,-3,12,-37,14,39,26,28,12,-27,41,1,60,-2,4,32,28,49,46,34,14,5,27,12,5,23,-20,24,6,8,-10,51,2,46,70,15,-24,34,14,9,39,-2,-29,22,9,8,7,-16,28,-7,268300
-15,18,1,-20,13,-13,-40,-36,-20,-11,-100,100,46,4,5,7,38,12,-10,-100,33,14,23,52,-20,9,13,-38,19,62,-9,27,2,-8,-58,-13,-100,52,-16,26,-8,35,-14,13,25,0,-12,9,25,58,100,4,26,-33,31,-50,-16,-13,17,-7,100,-22,35,-1,-31,31,-38,13,-4,50,24,26,36,-36,14,-19,17,-34,13,13,-9,30,34,2,-4,-9,-24,-20,16,-18,0,-8,-26,13,18,-4,7,40,14,-3,-56,7,42,-57,-38,-6,29,-72,-10,19,-100,17,44,-17,12,-29,7,17,25,-47,-32,6,27,66,16,38,71,-19,50,24,-26,-43,34,-100,-100,-35,-71,24,8,-100,3,67,5,30,49,-37,0,-11,17,100,37,4,-2,54,-39,-10,40,19,-100,74,56,43,-8,-18,-100,4,33,26,5,-15,-33,-13,10,-64,12,17,29,48,28,-23,29,58,-2,-55,268305
-5,-27,56,-40,4,9,-48,5,32,-33,-100,11,60,36,-16,1,-57,-8,15,-4,14,100,39,-35,-22,30,67,-100,-70,72,32,22,34,28,-51,-15,-100,11,-12,8,11,26,-11,13,6,47,12,14,37,100,-29,52,22,-71,41,-5,-5,10,13,-6,-26,0,27,-7,-25,64,-87,18,45,-37,36,35,26,2,23,25,-10,-22,-27,4,-5,56,-55,-21,49,-3,-7,1,11,35,25,1,-100,100,77,49,51,100,18,23,70,7,-11,60,-24,23,76,34,-30,75,100,32,20,51,89,-100,30,15,40,0,-70,51,-4,11,-13,-39,45,-44,100,-75,0,7,28,-32,-51,-5,-100,-4,11,-33,26,11,0,-82,100,-68,48,-33,-11,7,-34,21,58,11,-48,-15,100,33,-100,100,-34,-9,0,-19,-1,26,9,42,39,51,11,-34,10,3,16,14,80,57,26,-7,37,-36,-19,-50,268505
0,44,69,-16,-13,1,-37,0,-21,-2,-18,38,65,21,28,0,8,-20,-3,-32,6,45,18,67,12,3,8,-25,54,19,2,31,45,-35,-35,-7,-11,21,25,14,-52,-5,27,42,21,54,-3,38,65,10,5,100,31,-21,27,9,10,2,14,2,6,-49,4,2,-4,80,-23,39,52,70,20,39,-1,-1,-8,-11,-18,0,45,-9,1,71,24,29,-12,7,-1,-1,14,-17,34,-13,-12,50,15,-14,8,25,-4,-4,-48,7,51,-41,-27,-2,-56,-49,46,15,-7,15,-20,29,4,-13,0,7,27,10,-19,100,-39,38,58,-9,77,-17,16,54,-52,33,7,64,13,6,9,-35,26,64,35,38,2,37,15,0,28,-2,60,40,-10,68,58,13,-38,-6,23,25,-15,70,14,46,-14,12,-31,61,5,68,14,30,-89,40,28,9,44,6,-58,63,30,1,42,15,-11,-36,268599
-31,37,39,10,0,48,5,18,19,52,7,45,63,4,29,0,3,16,48,-18,-5,0,25,30,7,15,-8,17,-35,-61,6,30,-22,-19,3,-6,-5,36,22,-10,4,18,18,39,-6,42,30,17,40,-63,-30,31,28,-28,-37,10,-33,47,-2,-5,-32,-26,11,-6,-6,25,19,14,43,31,23,-1,17,19,0,-21,12,-9,25,-1,-7,2,0,34,13,-3,0,-50,-1,15,-7,-21,0,-3,0,30,12,9,-1,3,-43,-19,48,-43,-25,2,23,-33,16,-1,-21,47,25,-34,-6,4,9,7,-42,16,-25,32,-41,19,17,-25,56,10,-7,51,-24,-40,8,19,-47,-13,4,-40,7,20,-4,20,3,55,-8,28,11,52,19,52,-28,29,-11,35,5,-7,10,41,-3,56,-15,47,-19,7,-17,27,-2,38,1,-33,-78,11,6,-5,38,7,23,63,16,-1,0,-13,-11,3,268611
12,-32,99,-9,43,18,-70,-67,20,25,-9,47,50,-80,-6,23,-15,56,-1,-39,17,46,54,52,-14,15,30,25,1,-58,27,23,-3,23,-60,-6,-20,55,-40,40,19,-27,-39,100,30,56,-15,26,35,-58,-25,48,27,-48,1,97,-33,20,42,-6,-24,45,20,-30,34,65,27,21,52,60,45,26,-19,-73,35,20,45,46,-33,34,-5,36,-13,-8,29,-1,15,-32,45,20,1,5,-61,43,13,31,-74,60,24,23,5,5,2,0,-19,27,-17,19,-42,14,-31,30,50,-12,39,-57,2,20,-9,100,-44,46,2,41,-3,-36,42,-10,26,7,50,61,17,80,-11,-9,21,10,22,82,1,41,26,-2,25,-11,89,23,-2,42,-35,17,44,49,-67,-8,62,19,-13,39,-3,-2,5,-15,-38,15,17,32,71,-13,-21,-49,22,14,100,19,-19,42,39,18,24,-6,-41,-62,268656
3,26,29,0,-16,12,-11,-47,-8,11,43,18,37,-40,9,6,-2,1,-12,-7,15,33,8,16,-13,21,-2,-13,11,-80,-7,26,-24,17,-74,-7,-39,52,-12,2,-18,31,-11,40,5,37,-23,30,35,-77,-20,43,27,-52,-10,27,-18,12,14,-9,-18,-34,-5,-10,-11,10,-14,29,37,16,9,14,27,-45,-13,90,2,-15,23,-14,-10,3,-15,5,44,-7,-6,-10,12,1,31,11,-5,32,31,43,-34,39,-11,2,-57,78,36,-51,18,0,-33,2,7,28,66,21,6,-6,-2,0,13,10,-25,22,-50,44,-23,20,-11,-30,0,0,23,-29,-43,55,-2,23,-38,-1,-24,-28,7,21,33,19,5,-18,25,10,-3,10,-7,6,-34,-1,27,49,-5,-5,41,19,-37,3,-18,38,13,-13,-4,-4,15,35,0,-4,-14,2,8,-18,44,9,-31,40,10,-4,18,-19,-12,-73,268804
-2,43,-3,-41,-67,17,6,-23,100,-21,-15,61,100,5,-2,100,20,-29,-65,37,13,-70,26,26,-11,5,29,-41,-13,25,-14,20,21,-96,-93,15,-30,41,18,-7,3,18,18,100,-7,96,-74,18,76,25,100,14,18,-52,64,62,28,18,15,-12,100,-22,30,0,-16,-9,-43,20,95,28,26,-6,31,-23,-85,47,-29,-32,45,-68,-11,-19,19,0,43,-8,-17,35,15,100,100,-32,-68,-72,81,42,-5,25,-88,-1,-49,47,40,-60,32,-1,-35,-15,-34,82,98,57,100,-100,26,-62,12,4,60,56,-52,17,-36,45,68,-28,18,-42,100,-3,-21,55,28,-100,-79,-49,-45,-39,12,-100,100,45,100,6,100,-23,40,-24,70,58,-33,-14,100,38,10,17,26,58,-29,27,15,38,-31,-11,39,-15,13,77,-5,-100,-23,-40,15,-20,100,2,-36,100,23,-16,-4,16,-12,-91,268940
10,78,43,-2,-18,0,-46,-50,13,-35,8,25,-18,-13,49,11,-3,2,20,-18,1,27,9,50,-10,23,-15,-8,0,3,-10,13,-12,7,-68,-12,-12,32,-13,-2,-40,-84,-13,42,-1,58,19,20,47,4,-23,43,13,-51,33,4,58,3,21,-7,-25,-21,37,-8,47,64,-11,19,60,47,17,41,-72,-49,-29,0,11,34,74,-18,-1,79,-7,52,8,3,14,60,22,17,30,9,-19,26,46,10,-18,10,-27,4,-93,-14,61,-97,-39,2,3,-28,9,40,-4,52,26,20,-18,-17,33,14,32,6,-55,45,1,35,-11,14,25,-2,-12,-24,-23,46,40,76,27,1,56,-2,9,74,29,34,12,-19,-13,13,-6,-33,-6,18,-1,60,58,36,-48,-10,9,60,-15,32,16,64,7,-11,-18,68,2,46,0,24,-23,11,8,55,42,15,4,-20,17,15,40,17,0,-67,268946
23,-28,31,-7,10,2,29,-42,-11,-21,11,-16,81,10,23,12,29,20,16,-34,-3,34,36,58,-28,29,-6,-5,-62,-35,25,35,62,4,-92,-13,9,57,-20,-1,0,3,-19,52,1,89,23,10,48,-31,-100,25,34,-46,63,-25,-32,1,38,-5,-100,-19,52,-9,-8,35,-7,8,96,58,36,41,3,-45,-5,15,21,-6,-12,15,-7,34,33,18,46,-5,-13,-24,34,-3,100,28,-23,33,31,41,4,58,-6,13,-28,-3,74,-31,-37,12,-4,0,-13,27,-100,55,10,60,-8,-22,30,24,63,-24,-48,21,-4,44,44,12,40,-7,48,-55,-22,65,54,45,-28,-7,-44,-2,19,45,100,46,13,-58,50,-13,-64,-21,45,-21,18,34,52,62,25,-13,52,61,5,39,25,72,27,-23,-29,32,-4,49,-66,60,-12,-13,18,-42,52,25,-1,79,38,-13,41,27,-11,-94,268992
15,7,14,-7,13,2,-14,-30,9,7,-9,39,65,-44,-5,10,-31,17,16,-8,7,41,30,43,2,73,10,-8,21,14,6,17,19,14,-52,-1,14,35,-9,18,-31,-6,-5,34,16,65,19,20,38,7,-7,35,16,-63,-26,40,-7,4,17,-1,-7,-25,25,48,15,41,-7,20,60,48,23,18,-5,-37,5,-1,12,24,8,11,0,33,-21,0,-13,1,0,3,16,11,19,15,-38,44,25,-10,-40,17,0,15,-82,6,50,-82,-26,23,9,0,35,31,-7,32,1,15,15,-38,71,23,-32,38,-63,28,20,29,2,-37,28,-7,29,-65,-19,-11,27,28,7,26,-6,31,10,29,20,28,15,-79,28,-9,8,7,-3,35,-40,12,-21,37,-16,0,17,34,13,21,-27,45,12,0,-4,8,7,41,-15,14,-14,31,9,-9,34,24,14,58,36,0,21,-27,32,-52,269047
-4,35,81,-10,7,17,-47,-51,43,5,-28,61,37,-2,51,13,-15,30,24,0,9,45,33,50,1,62,0,-13,15,-55,29,19,-5,10,-58,4,-54,50,2,11,-5,-52,3,49,14,64,29,21,33,-50,-18,70,18,-84,44,45,6,16,27,-3,-19,1,18,35,29,62,-16,20,69,45,32,25,-57,-54,-57,36,31,26,32,10,1,69,-8,50,14,6,5,10,22,47,50,4,-41,46,22,17,-7,40,-57,23,-100,27,55,-100,17,23,0,-3,73,19,-74,4,26,2,-3,-41,63,-2,43,50,-84,67,38,56,-14,-27,3,-15,30,-44,-2,50,22,35,-21,9,11,34,21,34,51,55,13,-46,28,-24,52,3,-12,61,-23,22,52,49,-52,4,35,9,-57,1,26,55,4,3,3,22,7,34,52,2,-3,76,22,2,52,-2,5,39,22,9,30,30,35,-61,269116
-2,50,-13,-24,6,15,31,-26,-5,-10,-33,10,55,-30,3,7,2,13,1,97,35,-54,21,38,-8,34,-7,7,0,-37,9,31,51,-60,-58,-56,-100,71,-10,-11,-14,-12,-11,35,-12,44,13,24,18,-31,-54,-37,32,-36,3,-36,5,16,10,-2,-56,-34,48,-9,16,32,6,23,40,39,20,45,-11,-29,-13,-27,10,-14,43,5,0,31,12,1,13,2,-12,10,11,-1,98,13,-54,-52,27,12,-29,62,-18,-7,-49,-46,37,-62,-39,-7,17,-68,-20,26,-11,66,18,-17,-6,-55,8,15,7,-39,-35,-35,-19,40,19,43,15,-24,52,-16,-41,6,50,-72,-70,-43,-73,-17,12,-72,97,40,6,-16,52,-42,13,-8,19,4,45,34,64,74,30,-58,61,67,-100,15,-3,38,15,-6,100,35,38,21,11,-19,-38,-21,11,-72,34,14,18,55,35,-13,43,-2,-10,-60,269123
-23,30,20,-23,-6,14,11,60,-26,-23,-58,18,69,-17,-35,100,-43,23,44,-100,11,10,49,66,-18,8,-7,-26,-74,-12,27,44,-21,-18,-96,-27,35,35,-58,-16,-18,34,-58,85,-16,49,44,29,-100,-11,100,54,42,-100,25,41,73,13,22,-4,100,-50,49,-24,-50,63,-26,27,55,63,47,-87,37,56,-27,100,23,-50,24,-6,-4,58,-37,-35,85,-1,-16,72,22,-26,100,-100,-51,10,64,84,-24,100,-29,3,2,100,36,1,-64,3,47,-33,-13,63,-10,22,22,-58,-7,-46,10,25,33,43,-100,50,41,46,24,-1,37,-25,30,-87,-51,44,54,-95,-64,-38,15,42,21,-99,100,47,100,-88,29,-7,62,-23,23,19,-11,-24,67,35,10,-25,97,27,33,35,12,39,-100,-16,-100,-22,13,-100,54,-58,-42,-14,21,12,87,25,47,68,44,-15,-87,11,-30,-97,269131
0,72,-11,-32,20,52,-38,-35,25,-55,97,11,54,-39,3,-1,-12,-5,11,3,19,-73,26,43,16,24,21,-56,-42,100,39,11,12,-86,-43,30,-100,36,11,3,35,-64,8,6,8,-55,29,34,28,100,100,100,12,-94,15,44,-100,52,-1,-13,100,-46,65,48,7,42,-57,33,-52,45,34,23,-68,-31,4,46,-2,1,68,20,-8,58,-17,-2,25,0,19,-100,0,17,-1,-45,-69,-76,33,30,-21,78,7,21,-52,46,-28,-46,-21,17,45,37,20,36,44,100,100,38,21,-75,21,30,4,45,-92,100,6,100,-55,17,26,-33,75,32,-56,52,65,-100,-91,-49,-12,9,8,-100,-2,100,-3,36,77,-35,71,-55,-49,22,33,-4,48,38,-40,25,77,100,-100,35,13,-21,-42,14,-3,-4,18,25,88,35,4,32,8,-27,6,31,38,70,29,18,18,14,80,-47,269680
-22,19,62,-35,-8,2,-28,-25,18,-21,6,6,86,-25,-26,3,-77,69,9,-23,45,18,67,56,-9,-5,-4,-46,-69,-32,13,28,-35,-9,-64,-12,-69,64,-30,0,3,32,-32,26,-2,56,14,27,35,-28,-35,0,30,-76,-26,-16,-24,2,4,-9,-36,-24,18,-55,-21,83,-46,23,58,54,64,38,35,-23,12,25,71,-23,15,-7,-6,94,-70,-33,12,-2,2,-28,2,14,6,-23,-51,17,19,7,-27,30,13,32,-7,12,-1,-5,-14,28,-34,-13,-57,23,-27,47,66,-52,-2,-51,-3,1,-27,-13,-74,-1,18,33,45,-24,29,-35,39,-20,-29,20,24,38,-21,-49,-62,16,12,39,5,34,0,-22,39,-47,-16,-19,44,22,-17,-52,66,69,-30,-16,28,49,-70,34,-52,-1,-20,-7,-24,-51,43,34,-1,-55,-41,-55,12,-50,30,1,-36,83,4,3,36,-52,-46,-64,269941
-9,60,52,-17,100,23,-35,-6,0,-12,52,9,60,52,-1,8,10,18,11,84,100,-97,29,34,-6,9,21,32,70,-30,20,28,44,-13,-100,100,-4,31,5,-21,15,6,4,21,-23,55,12,29,37,-23,95,100,29,-33,74,0,45,23,6,-3,94,-25,30,-25,-18,25,34,31,54,35,28,-91,6,-8,-4,7,17,-19,65,100,-1,30,15,-5,23,3,-37,52,7,5,43,18,-100,-96,-17,23,47,66,-7,-11,-37,9,45,-34,18,-12,8,-69,-19,-18,-7,46,14,100,21,-100,5,2,85,-3,-32,100,-29,73,19,71,100,-18,100,-32,-29,26,31,12,-51,-39,-100,-27,20,14,43,72,7,-30,100,-41,4,-12,17,4,84,28,56,33,-32,100,67,45,-3,100,-34,45,20,-4,88,27,100,37,8,100,-26,-21,21,-100,22,3,6,60,6,-37,-92,-32,-23,-100,270079
27,36,48,-15,5,13,-52,-63,7,-39,-13,9,90,-35,-20,23,-13,7,4,-35,0,34,32,36,-11,7,37,-14,46,-15,3,39,58,8,-68,-28,24,91,-30,46,0,-11,-33,79,42,77,17,13,33,-7,-33,6,42,-84,12,36,35,14,49,-12,-33,-34,41,-6,-18,32,-14,14,76,28,32,27,-13,-58,-23,86,11,-22,36,1,-11,49,-8,-21,27,-7,0,19,52,-3,24,6,-47,34,41,20,-39,77,-22,14,-77,57,48,-80,-50,15,-38,-4,-24,44,-67,57,-11,15,40,-44,18,-1,12,46,-84,11,-18,80,0,-31,25,-16,61,-55,-31,44,37,40,7,1,33,-19,25,43,23,80,22,-61,58,-35,0,-40,1,14,-47,23,60,91,-50,-31,78,57,25,15,-8,51,10,-13,-40,26,0,33,9,15,-39,-22,23,26,78,-1,-45,90,33,2,26,-10,-9,-69,270728
1,34,72,-22,4,16,-6,-35,9,3,28,44,50,-21,35,25,-30,-25,-29,-30,-13,40,2,29,-12,-14,24,-17,-40,-8,22,47,19,32,-50,-9,16,54,-33,32,-42,-28,-33,88,31,40,-22,17,26,-5,-18,28,44,-85,15,-1,-20,15,29,-15,-20,-18,57,47,-2,-26,-18,12,48,27,1,23,-29,-39,-27,16,-26,2,41,6,-14,-23,-29,35,5,-9,1,-29,28,8,14,7,-40,35,20,5,-14,60,-30,1,-63,6,30,-67,-44,0,-16,-2,8,22,-15,24,26,-10,29,-41,-11,-1,-3,3,-85,26,-56,49,-10,-44,49,-22,35,7,-17,10,57,39,-54,15,35,-52,22,35,13,49,29,7,37,3,39,3,-9,58,-44,28,44,61,-6,-9,58,23,13,49,-15,29,7,-13,-29,29,-13,25,35,-10,-41,11,23,38,91,0,-16,51,43,2,25,-19,52,-55,270860
-12,72,84,-45,74,-29,-82,18,-49,7,-54,70,52,60,100,16,3,42,-41,-11,49,73,48,14,-9,20,1,-96,100,25,23,25,61,5,-67,-16,-13,100,-18,51,2,52,-20,60,51,73,-48,39,22,14,-12,46,25,-50,22,24,27,-26,20,-8,-11,-9,43,56,-42,-31,-83,36,78,14,43,26,47,16,18,22,40,-40,68,72,-6,-37,2,100,-56,-1,4,31,20,-55,25,-3,-43,74,100,-52,62,100,15,50,-33,-13,-5,-32,-13,47,34,-49,6,100,9,31,20,-4,35,-52,16,52,20,29,-50,47,-29,100,20,42,18,-100,6,-46,-12,29,46,50,-28,36,37,-30,16,49,23,100,16,-52,19,-21,36,5,23,78,44,-44,52,100,-83,-18,100,30,-12,21,-100,-4,1,-10,-10,-42,63,23,23,-8,-14,3,15,40,62,35,33,52,18,5,26,-100,56,-67,271114
-2,-22,0,-30,-6,-4,-29,-2,18,-1,-27,15,-6,-72,16,100,-27,24,13,-2,-2,-31,29,20,-14,-9,2,4,22,-100,30,14,-13,0,-72,-15,-100,24,-5,-100,-22,-12,-6,58,-97,38,-18,26,-48,-100,100,-15,14,-58,-36,81,-33,-5,36,-3,100,-4,21,-63,-12,29,1,24,33,18,29,-86,-11,0,14,14,29,33,-15,-3,0,31,-26,16,-28,3,-8,-29,35,19,15,28,-78,-32,27,-27,-73,-82,12,-15,-92,28,-4,-69,-47,-13,29,-30,19,28,92,47,13,7,-2,-75,-2,64,-38,76,-57,4,-50,-98,-10,1,21,-30,63,-54,-23,58,21,-20,-44,-48,-1,-57,5,-23,11,-100,100,-44,63,5,58,-1,-7,16,0,-60,47,27,-29,-15,-84,51,-100,29,-36,-2,29,-12,-4,-60,0,-48,69,7,-2,25,7,8,61,64,30,-3,55,-6,-86,-34,-55,-73,271193
-20,-10,28,-55,19,1,-11,-6,-11,-22,-52,-22,88,31,4,11,1,2,16,-30,31,17,15,6,-2,-21,12,-76,4,30,15,45,57,-28,-17,-15,2,-19,0,-2,-15,0,5,25,0,63,4,16,16,37,-22,20,39,-57,-20,9,-28,2,8,-8,-24,-17,26,20,-50,6,-75,18,58,11,8,3,11,-11,-14,-54,-5,-41,-11,20,-12,-24,2,8,-6,-10,-16,-32,4,-7,-16,-9,-64,15,27,1,29,23,-20,27,-29,-67,68,-30,-52,28,-78,-56,-11,27,42,40,-8,-4,12,-63,-33,21,-15,0,-52,16,-9,19,-8,38,32,-54,55,21,-14,-20,27,11,-29,-14,-89,-2,28,8,-14,20,9,13,55,-39,-14,-23,-11,-36,25,-3,47,-34,-11,-9,24,40,3,33,-11,60,-15,0,-21,-8,32,21,-43,-4,-58,-21,28,-91,26,22,-73,83,17,-18,10,-19,2,-17,271283
-19,-77,55,-17,37,-1,-33,1,-8,-22,100,-22,82,-15,25,13,3,13,6,-13,-37,43,10,28,-16,72,0,0,-11,22,0,23,47,-97,-86,-10,-64,60,3,7,-97,-78,1,54,4,18,-3,33,76,28,-28,26,23,-92,73,51,62,0,25,-4,-29,-58,52,-48,-58,46,-2,30,13,29,10,49,-75,3,-22,22,13,-60,-72,33,-1,35,0,27,42,5,0,64,26,-5,7,23,-38,47,40,42,-17,6,-22,-12,-100,31,12,-99,-36,-14,12,-32,-13,44,40,47,12,-24,3,-35,68,13,71,45,-88,34,-51,42,-20,29,3,-18,31,-84,-65,68,55,52,-17,-37,-97,-52,6,57,9,41,13,-85,32,-15,-3,-21,-23,-35,27,14,76,64,-27,-8,9,46,-62,0,-14,5,23,-18,-8,9,-33,80,-7,-22,-5,-16,11,-100,51,11,14,76,26,1,52,-13,-57,-84,271444
-1,-17,35,-18,-16,10,-14,-30,-18,-6,12,-14,91,-100,43,11,9,-3,20,-35,4,-62,10,30,-18,-3,36,-25,-12,45,22,44,38,-100,-77,-14,15,16,-17,-5,-64,-17,-16,68,-5,47,22,15,33,41,-35,37,43,-78,-29,-3,-52,8,29,-7,-38,-27,48,0,7,71,-26,14,54,27,11,23,-18,-29,-17,14,-2,2,-21,-20,-5,81,20,42,58,8,-8,-42,29,-16,50,-1,-40,-64,51,57,-92,35,-15,18,-81,15,58,-79,-29,17,-42,2,27,52,-5,39,50,11,41,-40,0,-4,-38,9,-77,12,-30,26,-24,10,77,-19,42,-60,-28,17,49,-41,-37,-52,12,-30,29,-43,48,25,13,-47,41,-100,14,-6,-23,-15,8,24,100,29,-14,-15,33,38,15,82,48,56,0,-16,-35,27,6,31,32,8,-38,33,29,20,69,-3,-42,88,-28,-7,24,55,17,-78,271742
-17,26,38,4,-46,-7,-12,-2,-17,-6,50,-51,79,26,0,-2,-17,-9,43,-7,-11,22,3,0,10,-80,13,8,-29,6,20,18,4,-19,-10,-1,-42,36,26,1,25,-16,22,8,1,31,46,21,48,1,2,55,17,-72,-28,30,-8,-9,0,-4,1,-38,17,37,-9,45,10,18,40,-3,1,0,-13,0,4,2,-8,-9,31,-46,0,52,-23,-2,39,3,-19,-4,2,-21,6,3,-40,20,32,33,28,34,2,-8,-39,17,46,-44,-73,-8,-52,-37,-30,31,-16,-20,16,-12,13,-44,-42,-9,-25,32,-68,60,-58,11,-41,-22,3,2,36,-69,-36,100,11,-31,-14,12,-49,-62,15,-27,9,9,-1,-66,37,18,67,-6,-41,-41,-14,-2,54,33,-10,-3,35,-28,-40,0,-6,44,8,8,-9,1,-11,44,72,-12,-13,-23,15,-44,12,-10,-56,75,26,-17,-3,-7,47,-13,271807
19,21,37,-33,12,-10,4,-43,-82,-15,-61,15,76,-24,80,24,-16,32,-62,-41,5,34,29,33,-4,48,25,5,20,-65,33,26,38,35,-95,0,-18,42,-15,24,-52,-1,-15,71,33,94,-70,25,64,-64,-31,61,29,-83,10,72,-65,-10,40,-9,-29,21,24,75,23,58,4,26,82,29,26,40,2,-41,74,92,30,27,6,12,-5,51,-14,73,29,-1,-9,-57,42,-76,11,56,-83,35,44,34,-20,82,72,31,-41,92,7,-54,12,32,17,10,3,45,-100,22,27,19,23,-88,46,13,11,62,-83,66,-7,38,-16,-28,-2,-32,39,31,30,61,27,30,-21,-28,30,-11,23,34,13,41,25,24,37,-3,33,-15,-13,9,-30,-56,50,43,9,-1,81,27,-22,1,3,9,55,-5,-43,-52,3,62,32,19,-31,0,24,38,68,13,15,75,58,-7,41,4,64,-91,271920
-8,26,66,-24,-7,-9,-8,-36,20,-44,-25,38,65,-21,10,14,4,-11,20,-16,26,23,4,33,-20,9,-3,-46,-7,40,8,22,15,2,-61,-10,13,30,-21,-15,3,-52,-16,57,-15,41,22,22,32,45,-22,36,22,-52,-26,16,-20,-11,19,-6,-23,-37,36,13,-36,52,-45,19,40,33,3,15,-50,-44,-44,21,-12,-32,24,-6,-4,51,13,8,6,-1,-6,-20,18,28,4,2,-41,25,41,5,-21,7,-49,-6,-86,6,58,-89,-32,-5,22,-11,-20,41,-19,41,19,3,-1,-39,8,19,-22,16,-54,34,-32,31,-20,-38,66,-25,51,-55,-38,39,39,48,-7,7,-17,-30,10,48,6,30,16,-62,50,-25,66,-44,-19,25,-35,28,57,29,-9,-7,6,42,13,58,-21,58,0,-17,-8,30,27,34,63,3,-32,-23,10,-11,58,18,26,63,26,-5,18,-20,8,-61,272012
1,44,12,-5,-15,19,-50,-58,100,-55,0,40,25,16,24,15,29,0,-52,-23,12,38,-2,24,3,56,1,-19,-7,-20,-16,10,73,-55,-52,-3,2,35,-25,-19,2,-15,-24,38,-17,67,-7,34,32,-22,-12,-15,9,-43,-17,18,6,19,10,-7,-13,-36,36,-37,-43,65,-20,31,62,23,-4,31,-16,-64,-27,22,-2,-41,36,-5,-7,63,33,21,32,-5,-9,-14,10,100,-2,25,-30,37,32,31,17,52,-31,6,-61,37,1,-64,-42,7,4,16,-1,31,-3,20,100,-5,1,-29,42,12,-6,16,-40,-17,-40,19,-21,52,66,-5,39,-91,-34,22,37,38,9,-54,13,-42,7,39,0,17,16,-100,37,-7,86,-56,-16,33,55,41,81,33,-49,-3,52,23,1,66,-4,5,23,4,-19,45,15,31,34,-7,-7,0,8,8,41,25,5,16,29,-6,32,-3,-37,-56,272020
-1,51,83,-18,8,21,-21,-54,24,-31,54,21,48,12,-30,6,-9,-6,-13,-25,-9,60,14,52,-16,-3,4,-12,-27,-28,19,29,19,2,-68,-1,14,85,-31,-23,-24,6,-31,64,-21,11,-13,27,32,-28,-24,64,28,-44,29,30,-34,20,28,-8,-26,-41,40,-32,2,66,-14,28,9,52,14,34,14,-55,-25,-3,-6,1,45,11,-8,61,-4,-30,35,-3,-1,-36,27,28,32,-4,-14,60,43,38,1,43,-27,5,-77,-9,37,-77,-33,0,25,-25,-4,43,11,57,22,2,0,-9,-2,9,26,28,-39,65,-48,25,7,6,78,-18,57,-92,-46,14,45,58,-11,9,-14,-50,21,58,30,23,5,-95,56,-31,41,-31,8,29,-4,48,71,88,-22,0,42,64,9,80,-32,37,-2,-13,-20,47,-7,33,43,5,-38,-7,24,-9,65,9,25,45,35,0,36,-32,-39,-68,272021
0,41,46,-67,-100,-2,-41,100,-34,-31,-10,-15,94,-56,50,6,-69,7,-46,-20,0,82,38,34,3,-52,-69,-43,7,-100,27,19,-13,1,-40,9,-1,36,-5,37,52,6,-4,48,36,-66,-48,26,15,-100,77,56,16,-90,11,25,100,-1,6,-11,-60,-61,46,-25,13,-60,-43,21,-66,35,33,-5,4,-29,-63,-9,2,18,25,-100,-67,-69,-69,46,46,-9,-11,100,6,-35,100,-67,-77,-48,78,43,-54,32,-73,-2,-77,-7,58,-85,19,-3,-60,13,-64,76,-17,33,40,-73,-68,-67,-52,-5,16,28,-89,-10,-3,99,-79,1,56,-67,12,-100,-60,24,42,0,-34,-8,0,-5,15,-28,100,99,9,-100,11,-23,-11,-30,-79,-15,-4,56,6,36,-40,-3,33,33,0,58,7,62,-69,8,-7,58,1,-35,-16,-100,-31,-69,15,2,50,-5,-60,90,26,-11,-36,6,-34,-41,272048
0,35,23,-18,1,10,-2,-32,-3,7,-29,-21,12,-1,-6,17,-6,4,16,-16,40,22,5,35,-13,15,-16,-28,50,-100,-2,22,24,-2,-62,-7,10,37,-2,2,5,0,-2,-27,5,42,12,32,38,-100,-16,34,22,-21,29,37,-2,10,12,-3,-17,-39,21,-6,-13,24,-29,29,45,33,9,35,-5,-34,-20,-13,6,-16,37,1,-3,26,-5,-13,-1,0,-4,-8,10,-12,16,-46,-40,22,11,3,-1,10,-20,-21,-58,-43,23,-55,-40,-25,-5,-78,-35,10,-98,28,0,16,-17,-43,12,10,31,46,-22,34,-25,18,15,22,42,-21,13,-47,-47,16,23,1,-64,17,27,-28,11,0,16,15,17,-36,13,-13,4,7,14,-20,15,25,52,36,-4,-7,10,30,9,42,5,26,-45,-12,-16,26,41,35,15,15,-35,-32,11,17,-25,10,-6,14,99,-5,32,4,2,-65,272067
-8,54,42,-2,-68,14,-5,-56,-2,3,-100,23,49,-15,28,15,15,18,2,-19,20,44,21,43,-8,17,-17,-19,75,-22,-1,31,6,-100,-76,-5,-9,50,-22,20,-55,-26,-23,52,18,68,4,38,46,-33,-29,37,30,-51,60,7,-46,14,15,-8,-30,-34,31,-8,-8,46,-22,37,64,41,22,14,-27,-55,-7,55,18,-7,52,-69,-7,46,16,27,14,-6,-4,-48,15,-5,63,29,-33,43,10,18,-17,62,-8,-7,-65,72,34,-66,-31,-9,8,-65,-8,13,-90,62,36,-10,-17,-39,14,21,54,6,-50,41,-25,34,17,21,39,-5,38,-13,-35,39,34,32,-34,4,20,-25,11,31,64,33,14,-14,38,1,7,2,17,25,24,26,62,51,-5,-6,61,62,-10,40,8,36,32,-8,-18,28,20,45,8,-9,-28,-8,13,18,54,20,6,47,36,-1,13,9,-8,-77,272079
-25,25,-21,-11,-10,27,19,-64,-6,-17,64,8,79,10,28,10,0,-10,7,-26,2,40,6,1,-24,-37,-18,-31,-11,2,-21,35,24,-30,-27,-28,-42,18,-22,-14,-2,38,-23,42,-10,48,5,20,6,6,-25,25,34,-54,-52,8,-38,24,33,-7,-25,-92,45,30,-19,-2,-33,21,49,1,7,6,39,-67,-41,-19,-7,-23,29,-7,-6,7,0,24,-26,-4,0,-40,34,-9,-12,-17,-52,40,52,-25,8,43,-38,-8,-93,-19,67,-90,0,-13,-1,-58,-19,55,25,62,43,4,-22,-52,-37,29,-56,7,-52,22,-42,16,-5,-25,25,-14,17,-47,-95,25,48,63,2,-4,-37,-46,14,61,-13,15,10,-41,17,-24,1,-16,-8,3,-17,15,40,15,16,-29,42,65,-45,28,-21,66,-15,-21,-23,10,1,4,7,2,-94,-18,17,-38,44,29,-3,80,30,-1,6,-23,35,-28,272100
-15,3,13,-11,-9,-14,-55,2,52,-3,100,46,47,-41,48,3,-28,9,-42,-25,17,35,1,11,-1,-9,16,-31,-43,36,2,27,70,4,-90,-10,9,30,-3,-1,58,52,-3,31,-1,-72,-51,39,41,42,35,-2,26,-58,9,7,-100,-15,16,-8,34,-43,44,-21,0,30,-29,38,-70,10,0,26,50,0,-13,22,7,-3,3,-11,-8,20,-27,46,23,-2,-20,-98,19,51,58,13,-31,36,41,20,-30,30,-14,-20,-22,11,4,-27,-48,-20,64,13,18,43,56,38,25,-17,19,-29,-10,-6,11,5,-58,1,-41,31,-42,5,36,-11,63,-1,-44,55,44,32,-43,-40,27,-47,23,31,60,32,6,-1,62,-22,60,-4,-37,38,2,-17,60,34,-51,-11,34,34,10,35,7,9,16,0,-22,-13,17,43,55,-15,4,15,23,32,32,-6,65,46,100,-17,24,9,-23,-91,272114
8,44,82,-19,-5,-2,-10,-50,10,0,-7,-6,-24,-4,49,12,-18,6,6,-28,23,47,11,23,-18,27,0,-36,2,-19,30,24,63,3,-64,-12,8,35,-43,-23,-7,-76,-44,55,-21,24,5,28,50,-16,-13,44,23,-40,-7,-42,19,-2,32,-5,-16,-30,46,-6,-31,16,-38,26,27,25,10,36,-74,-52,-10,-10,6,-29,51,-4,-2,12,-14,50,9,0,-3,12,32,18,10,5,-37,46,25,11,-8,52,-12,-15,-70,-1,5,-70,-18,-16,14,-27,-2,24,-10,47,28,18,-2,-33,22,7,-8,-45,-37,43,-16,32,-1,30,20,-21,58,-18,-33,12,51,65,-4,7,35,-14,12,63,13,32,11,-20,58,-31,1,-1,0,-7,19,35,71,30,-8,-10,49,54,3,25,-12,3,6,-16,-24,32,25,51,-5,20,-33,-5,13,36,55,6,15,-25,30,-2,39,-11,-13,-66,272200
0,-4,21,-5,-26,29,10,84,18,-19,8,96,8,-9,-21,4,-25,21,27,-27,31,42,19,26,-19,-19,-12,0,-9,6,16,27,46,-52,-65,-4,-23,39,-38,-33,-10,9,-37,33,-32,79,20,29,24,6,-21,28,24,-69,-62,11,6,30,16,-7,-22,-52,100,-45,3,90,-1,29,78,26,15,26,11,83,-28,14,19,-13,-9,-26,-7,78,-21,-22,31,-3,-13,11,18,18,7,6,-16,42,31,31,-12,100,-27,0,-95,25,-8,-97,-37,0,40,33,-41,30,-5,42,44,-18,-12,-8,-11,18,-55,11,-68,29,-58,13,-19,-18,55,-8,9,-84,-57,69,100,40,-80,-4,-63,-72,12,38,8,11,2,-89,7,-10,75,-19,-16,100,-12,-21,49,39,12,-5,100,42,-26,52,19,-6,6,-15,-23,-19,33,26,58,-16,0,-44,13,-63,35,16,27,7,23,-13,26,20,-55,-65,272203
-3,46,66,-29,7,26,-27,-2,19,34,95,3,40,8,7,-8,22,-7,-23,-32,25,35,5,31,-27,-28,-2,-34,32,2,30,18,4,-54,-16,-3,-14,29,1,-27,4,-15,1,55,-26,10,-15,7,29,-4,-7,81,17,-27,1,-38,18,22,21,-8,-9,-47,3,-12,-23,37,-39,8,6,31,5,11,-10,-5,-14,29,-4,-23,42,7,-10,47,25,6,34,-5,-2,10,23,19,38,-57,-22,35,19,35,2,-3,-15,-11,-54,46,34,-57,-23,-14,0,-26,-26,20,3,46,-5,13,-3,-23,-22,21,-3,-40,-26,82,-30,34,7,24,38,-33,33,-70,-48,-3,2,52,0,4,58,-30,13,51,39,32,-7,-72,32,13,3,34,7,7,12,30,20,21,-28,-2,-5,49,-17,39,-22,34,-57,-26,-29,28,24,31,9,12,-78,-22,17,51,56,19,1,33,0,-1,13,-28,-12,-16,272217
3,-27,97,-17,13,21,5,-71,-57,14,-50,76,0,-5,39,16,-34,48,8,-44,23,27,74,24,-40,4,11,-20,26,-34,34,46,3,-44,-32,-23,-6,56,-60,-23,-29,-14,-60,77,-23,86,9,9,-6,-36,-6,14,43,-55,11,46,-56,25,60,17,-8,-3,15,31,-25,1,-17,2,86,24,67,-36,-11,-73,-5,28,43,-20,-24,7,23,-4,-33,40,-12,26,7,-50,62,-45,21,-41,-4,28,14,0,-8,38,-13,0,-20,26,24,-29,-38,0,0,-9,12,14,-74,33,-21,20,12,-5,2,13,8,45,-57,15,-17,43,2,27,-7,-17,100,94,1,94,10,49,9,5,-2,-15,24,51,18,46,21,88,100,-35,13,14,2,65,20,26,70,58,7,-24,43,18,2,-4,6,23,-40,-40,-44,28,25,-6,8,20,-36,7,23,0,75,14,3,-1,-9,10,-37,2,29,-33,272307
-2,-19,9,-15,-17,22,-21,-49,8,20,23,-3,2,-10,36,13,-35,6,24,-33,17,26,17,9,-16,-14,3,-10,-100,-45,-21,32,52,22,-56,-11,-6,29,-37,10,-64,-26,-37,55,4,35,19,22,33,-41,-21,40,31,-76,7,12,-31,22,21,-16,-21,-26,15,47,14,57,-8,23,35,8,16,17,-28,-51,4,47,6,19,-22,-17,-19,39,-29,31,5,-14,-1,-22,24,-10,-5,-3,-17,22,7,-5,-1,26,-1,-7,-38,47,-49,-44,-36,-5,-29,-24,0,5,-31,26,36,-14,5,-13,-12,19,-8,24,-76,39,-38,16,-23,-16,34,-14,54,-9,-23,74,15,44,-26,-13,14,-42,9,45,-6,19,13,-17,55,47,23,19,-21,13,-4,-21,23,34,-20,-10,24,29,-7,29,-39,-47,-4,-18,-35,-17,17,32,11,-11,-49,-4,10,7,55,19,-32,6,28,-2,16,-34,30,-58,272453
10,76,43,27,8,31,45,-17,44,14,52,66,33,-9,20,16,-37,24,-34,-24,26,15,21,15,0,-21,41,0,6,-11,-11,29,25,29,-71,1,-58,33,-8,2,-85,11,-3,62,8,34,-32,20,52,-17,-25,29,24,-47,-21,-26,-11,32,21,-4,-26,2,36,-41,51,37,0,21,37,11,19,20,18,-20,-28,6,22,57,69,9,-2,30,-30,21,-32,2,11,-7,20,44,7,22,-34,15,21,-10,-25,50,-33,-3,15,17,12,6,4,-2,-22,15,-5,20,-67,29,1,15,38,-36,-20,18,-20,-21,-46,24,-55,13,-13,-43,15,26,36,0,9,37,39,62,-19,-11,-12,-56,14,58,7,12,16,5,36,51,-1,15,-12,66,-44,11,39,30,44,5,49,32,-58,6,31,14,15,0,-18,18,26,56,-7,18,-4,-6,15,-17,64,17,-21,31,30,11,22,31,-41,-70,272486
5,74,37,-11,15,6,58,-45,9,18,-13,-3,73,0,51,17,10,-2,57,-4,36,16,-3,40,-14,47,1,-2,-19,-20,22,32,34,35,-71,-12,62,48,-24,31,-76,-73,-21,67,26,49,45,1,32,-29,-22,12,28,-85,28,23,-4,9,32,-23,-25,44,15,100,37,30,2,2,48,43,-12,20,-69,-48,-3,17,-11,51,68,9,-29,6,5,49,-8,-23,17,-11,31,12,4,43,0,10,-23,-16,0,84,-12,13,-39,41,3,-40,-52,20,-5,13,-29,-19,-66,60,26,6,5,1,37,-1,28,25,-81,11,-46,78,-70,-34,11,-11,1,-44,49,64,12,38,-11,16,16,-41,0,39,6,78,19,-52,-1,42,50,18,-77,-13,-41,33,21,44,58,-9,85,58,62,0,-39,-2,42,-16,0,25,38,32,37,6,16,-42,-2,24,65,1,-6,67,17,16,23,-47,92,-73,272487
2,-7,57,-21,-11,-5,22,-32,7,22,-5,62,43,-9,63,23,31,-17,12,-20,14,18,6,27,-9,23,-1,-21,-12,-45,26,37,47,37,-63,-18,-5,28,-18,-12,-56,20,-17,69,-20,85,16,15,39,-43,-20,28,36,-70,8,28,-3,-6,29,-4,-21,-34,15,12,28,44,-20,15,84,28,7,15,21,-35,-36,67,-16,25,-7,-13,-2,48,35,65,-35,4,4,-5,28,7,-1,27,-20,18,21,-37,1,61,-34,8,-91,62,38,-89,-42,9,-10,-12,44,23,-68,12,25,3,6,-25,24,11,9,32,-69,25,-51,29,-41,3,27,-21,55,-17,-35,58,17,16,-26,23,62,-47,16,14,-4,30,24,-8,56,-32,-4,21,-41,61,0,40,56,29,21,-17,58,12,-7,22,18,37,28,-6,-17,39,14,40,5,1,-27,46,16,65,69,12,-8,42,29,4,19,15,25,-65,272718
-2,44,87,-11,-14,17,13,-21,2,8,-10,26,77,2,15,11,-4,-20,22,-35,22,50,-10,25,-8,16,8,-33,6,-30,23,21,35,14,-45,4,-23,35,5,4,-64,58,8,49,4,71,23,22,55,-32,-31,43,18,-51,-30,58,57,16,11,-7,-32,-79,18,21,-15,80,-33,22,70,23,-8,23,60,-23,13,6,-18,-15,39,-15,-6,80,-1,10,4,1,-3,56,9,13,22,15,-27,46,8,-5,-6,32,16,-5,-88,25,75,-89,-42,-6,-14,-17,27,8,-29,14,31,35,10,-17,17,0,-27,57,-50,42,-61,26,-22,-36,0,-12,37,-57,-80,20,19,42,-16,-2,22,-62,12,38,24,25,11,-54,37,13,24,7,-21,2,-39,31,23,38,13,7,36,11,-20,5,-14,75,12,-9,-30,34,22,58,31,34,-49,28,12,34,51,0,-9,74,27,-3,25,-18,26,-42,273018
-19,34,35,-29,24,16,20,-7,37,12,-18,40,60,-29,88,5,-26,-65,58,-15,2,34,-52,-7,-19,28,-1,-27,-28,-27,0,19,9,-1,-44,-3,-65,46,-2,24,-24,-17,-5,32,28,34,58,11,46,-30,-13,43,19,-100,-27,-18,25,13,21,-3,-14,-50,13,87,-15,63,-30,9,33,-12,-51,7,-9,-9,-38,45,-64,-21,23,27,-3,68,-25,88,19,1,-9,9,20,50,8,7,-29,33,0,20,-28,23,-37,22,-90,54,64,-93,-7,21,29,-25,85,0,-27,35,26,7,-1,-31,30,1,-30,-11,-100,41,-20,45,-100,-50,23,-33,18,-80,-51,34,18,28,-14,-14,6,-23,5,30,5,45,5,-73,18,8,2,12,-100,24,-51,12,22,46,17,-4,17,42,-70,23,-28,63,6,-19,-15,16,2,49,6,5,-58,88,5,0,34,2,33,55,28,-9,8,-29,89,-45,273106
10,-6,54,0,-2,4,-12,-37,16,-3,15,42,84,-16,-27,6,-7,12,-14,-28,-17,42,33,37,-16,-16,19,5,0,-2,42,35,41,-13,-81,-15,43,43,-28,-1,-28,65,-27,54,-3,34,-9,13,35,-12,-15,63,33,-52,10,-8,-20,5,40,-4,-18,35,40,-3,-6,13,8,10,43,38,31,8,61,-40,-6,11,10,-7,-16,-3,-6,21,-2,-26,-20,2,-1,-15,38,13,40,-10,-14,37,48,-21,-24,52,-6,56,19,2,58,21,-24,58,18,-43,19,49,-52,22,6,34,23,-12,-12,5,24,5,-52,60,43,30,2,-10,65,2,15,-11,37,65,42,61,-10,9,-29,48,25,58,37,33,8,-8,14,19,29,-3,0,47,-9,8,44,41,-14,-16,48,24,42,58,-10,56,-8,-13,-27,8,-15,35,41,32,-44,23,27,-37,55,5,19,83,-4,-4,10,-13,7,-86,273275
-6,0,-7,-34,-2,6,30,-51,-5,-35,43,-7,48,-24,25,10,21,-49,5,-32,31,22,-42,27,-24,29,14,-52,-23,0,-14,24,-27,24,-72,-4,-37,50,-45,-33,-13,-52,-44,-6,-34,37,-3,21,15,3,-27,14,24,-55,-27,-15,-29,6,13,0,-27,-75,28,0,-38,39,-52,21,32,28,-45,34,-51,-51,-41,51,-54,-37,4,-4,3,29,22,23,35,6,-12,-49,12,-8,-9,16,-50,24,48,29,-29,64,-45,-4,-97,55,46,-100,-31,-6,-14,30,27,46,-45,36,42,-17,15,-45,25,26,-38,-21,-52,17,-2,13,-50,9,67,-35,33,-45,-76,33,30,23,-16,-21,-95,-3,10,25,-8,12,10,-49,30,-32,38,-36,-52,-6,2,33,57,47,29,-5,65,35,-37,66,-44,43,20,-24,-28,30,31,17,33,-17,-1,21,12,-100,-8,25,-15,47,41,-11,36,-43,-10,-71,273469
-7,-8,13,-52,-11,27,-14,70,19,-11,100,85,37,2,6,4,-50,7,52,100,20,3,11,37,-6,7,-10,-35,-46,95,11,24,-45,-3,-57,-9,-15,61,-22,-12,-73,-13,-24,-3,-13,99,19,29,10,100,-17,66,25,-31,-39,-42,42,27,-2,-7,-16,-34,34,-8,10,20,-34,24,100,34,16,12,-13,67,-21,-55,6,-16,-10,-14,-8,64,-51,3,52,-8,-6,32,-1,13,-9,6,-29,2,5,52,-1,27,-21,-81,-44,-77,32,-71,-28,-13,100,-5,-22,5,100,44,73,-23,-11,-32,5,1,-37,-35,-28,66,-21,7,11,27,33,-51,32,-10,-40,-100,34,4,-64,-51,8,-58,0,6,-7,8,4,-7,30,-33,16,-11,13,89,31,36,55,64,-12,-11,27,40,-13,35,75,31,9,-8,99,35,21,6,20,-23,-3,-24,0,5,-3,0,97,38,21,-6,10,77,-3,-60,273471
10,74,-32,-1,-82,12,-100,-46,19,-4,-70,-1,57,30,5,7,-56,25,10,-19,33,39,36,41,-3,8,16,-29,-26,-42,2,26,31,-88,-100,-2,-82,33,-17,-31,-20,-15,-16,38,-32,-77,9,37,47,-47,-100,21,27,-34,5,-100,100,12,8,-8,-100,-29,76,-9,-7,31,-30,37,-78,39,37,61,-12,-49,-9,19,27,-9,75,-82,-8,30,-58,3,18,-9,-10,100,8,22,-5,13,15,42,8,18,23,42,-7,-11,-44,26,28,-45,-100,-12,100,-29,-12,11,29,45,14,9,17,17,10,19,5,-100,-35,23,-27,100,18,54,29,-2,52,-8,-32,55,79,-100,-100,8,-18,-26,11,-100,-3,100,7,-11,52,-23,21,-4,21,-9,51,35,4,35,-100,-2,44,45,-83,26,-68,24,14,-3,-14,33,34,49,17,11,-37,-15,13,-9,37,18,100,56,-9,-7,62,-65,-16,-100,273472
1,49,24,-14,69,-6,-14,-9,-9,-40,16,-7,62,39,-5,8,-14,11,14,-26,12,31,4,63,-13,42,89,-26,-27,-100,-24,19,-1,5,-77,4,-19,15,-24,-16,27,-48,-24,32,-16,57,6,36,44,-100,-20,19,20,-41,42,-10,-14,-5,8,-7,-22,-65,25,-12,-24,73,-27,35,60,65,2,34,-47,-9,-13,-22,11,-23,44,68,-8,68,-15,-7,27,-6,-16,-13,8,-6,15,5,-8,30,27,26,44,22,-16,-3,-24,-32,47,-16,-23,-8,4,-56,1,26,100,33,19,9,89,-4,35,24,46,-7,-38,19,-26,100,8,-1,52,-15,41,-3,-73,45,28,39,-94,-32,-33,-24,11,39,14,100,6,0,40,2,-3,-41,6,-5,3,29,58,22,-16,2,20,32,-18,61,3,45,6,-11,-23,24,13,45,1,6,-37,0,12,-21,34,22,0,63,44,-17,35,1,-14,-76,273473
-2,33,44,-99,71,10,-52,100,43,-26,34,32,54,4,26,100,15,7,14,-19,4,-24,10,28,-14,14,41,20,27,-2,4,26,-24,7,-89,1,-97,78,-7,-3,33,-95,-8,13,4,14,16,12,-15,9,-14,-23,26,-38,100,-10,17,10,-21,-7,-14,-25,39,-44,-34,27,20,14,18,29,8,0,-81,100,-20,52,8,-33,27,75,-4,28,29,26,81,0,-4,6,-22,45,-17,8,-32,-24,-11,79,-5,100,-21,-11,-41,33,15,-40,-25,-13,72,-52,-10,-10,45,58,32,4,37,-19,15,-25,100,-2,-39,-22,-41,56,-19,-4,-8,-100,46,-11,-26,-100,39,-16,-47,-49,18,-36,16,-16,-18,52,100,-6,45,-20,27,-26,-24,47,-30,22,9,82,-56,-1,100,61,-100,-7,69,13,10,-16,-20,21,4,-15,31,1,-33,-12,14,-17,13,-26,67,55,22,-3,-2,73,-51,-89,273475
20,79,10,-32,17,20,11,100,-21,-49,25,-100,92,38,54,26,-52,8,-13,25,13,-100,15,17,-15,-13,-100,-30,-9,-10,-11,24,11,-23,-71,2,-87,55,-45,3,-68,-14,-45,11,2,45,-7,31,-58,-2,17,84,25,-98,81,-17,22,18,6,-3,17,33,48,93,-21,48,-31,31,46,15,19,-15,-12,100,-15,16,13,-23,78,17,0,56,-57,52,49,2,2,5,7,-27,100,-52,28,-100,21,48,44,100,-15,16,-39,15,30,-36,-80,13,19,-14,2,22,26,100,-1,-23,-98,26,-12,11,80,-14,-99,87,-46,34,-7,-24,28,-30,66,-22,29,41,51,-100,-100,-25,13,-49,7,-100,100,34,25,-20,66,-27,-2,-51,-5,-100,-24,-27,-56,58,14,1,100,100,-82,26,-41,32,-50,-12,27,-25,16,-58,7,-21,19,6,7,5,12,6,23,94,56,4,-14,-34,98,-72,273476
10,39,79,-15,22,19,-10,-40,-1,-3,-31,15,68,1,23,3,-10,25,18,-28,25,35,31,58,-4,20,4,-31,-14,0,20,35,22,-11,-75,1,-29,96,-26,-10,-30,-30,-28,52,-10,66,18,20,45,-5,-33,38,36,-46,2,-31,-26,19,28,-7,-33,-25,68,1,-3,56,-31,19,71,58,28,65,-27,-40,-3,92,21,0,30,23,-5,44,-14,23,41,0,0,-28,28,0,35,-6,-13,37,14,44,0,62,-7,2,-52,77,48,-58,-10,5,-2,-24,11,16,-27,44,12,13,7,-16,17,9,0,-24,-45,40,-14,39,35,28,70,-15,34,-15,-20,27,68,49,-21,2,14,-11,22,49,34,41,5,-22,32,-33,10,-3,33,17,32,50,83,94,-9,-3,62,44,-32,61,-38,46,-2,-5,-31,50,25,43,6,14,-31,9,22,9,51,9,-3,64,18,-1,63,-38,0,-77,273481
5,13,-27,-22,20,34,12,-2,-6,-3,17,-14,46,7,-1,98,1,-14,-57,-16,2,10,22,42,0,7,42,14,-32,-22,1,26,-2,-20,-67,2,-100,100,-3,-21,-33,-55,-2,18,-23,62,-22,30,16,-17,100,-28,29,-25,25,-84,28,33,3,-2,99,-44,34,-19,-51,29,12,27,62,100,23,-61,-11,-7,25,5,22,-15,2,18,-3,30,9,0,100,-4,-16,-3,4,-4,-49,29,-42,12,15,100,7,22,-9,-19,-65,0,24,-65,-10,-20,67,-27,-16,14,18,27,69,-9,42,-44,31,-20,29,-81,-23,-27,-48,28,25,-7,35,-24,52,-43,-50,-13,35,4,-75,-40,-16,-65,4,7,-45,28,100,-9,52,-16,51,-4,24,-17,-6,61,73,98,15,0,24,23,-97,35,94,25,33,0,-15,43,5,17,16,-9,29,-20,5,-22,19,-20,70,46,45,-14,-62,98,-21,-69,273483
1,49,13,-15,-100,-6,1,25,-9,-40,-16,-7,62,-16,-5,-36,-14,12,14,-48,0,-34,4,100,-13,47,5,3,-21,100,-24,19,-35,16,-68,7,-19,15,-24,0,42,0,-69,8,1,33,6,36,44,100,100,48,20,-41,-100,-10,-9,-5,8,-7,100,0,25,-12,-32,73,2,35,36,100,2,35,0,6,-13,7,11,-32,44,-100,-8,68,-15,-7,43,-6,-16,-8,8,-6,28,0,-8,1,27,41,-12,75,-16,-3,-100,-2,47,-93,-23,-8,4,-4,1,26,58,33,19,39,4,-4,40,22,-100,-7,-38,23,-26,-12,8,-1,100,-16,41,9,-7,45,28,-100,-72,15,-100,-24,11,29,100,-11,9,12,40,2,-3,-41,6,-5,3,29,58,22,-24,6,70,32,-18,100,76,45,-2,-11,-100,24,0,-8,1,20,-16,0,12,-100,8,20,0,63,100,-17,38,74,-14,-41,273492
12,52,-45,-6,0,47,-100,83,13,-12,14,68,30,-5,95,0,2,22,-50,-5,19,35,20,56,4,14,6,-11,16,7,-19,17,-50,-1,-58,-1,-100,23,0,10,17,-45,-2,9,17,-4,-36,26,-1,12,51,33,19,-45,12,-17,-40,47,2,0,52,-74,13,14,33,62,-15,25,0,58,22,28,-45,87,0,7,21,37,52,5,2,69,17,83,25,5,3,-51,1,13,0,-3,-7,34,15,24,-16,-69,-1,-15,-80,-12,38,-76,-41,-35,33,-32,62,13,0,45,-2,7,-1,-9,13,-11,-7,-9,-46,33,-28,31,-13,34,14,-6,36,17,-82,35,13,32,-55,35,-100,-29,3,33,0,30,0,15,37,-19,-19,-13,-12,73,46,70,57,20,-100,-4,-71,42,-100,15,37,39,0,1,-10,67,18,-4,-3,4,-17,58,4,-100,9,-11,33,38,3,1,22,41,18,-62,273499
-33,51,-15,-16,-2,21,-100,0,-20,-19,100,100,58,19,-11,-10,3,-8,21,-31,-7,51,0,44,0,10,-14,-24,-55,-7,2,26,-3,-43,-100,10,-38,18,-39,-38,-45,-13,-38,7,-38,82,12,58,62,-4,-49,-47,27,-34,62,25,-43,22,-19,-8,-51,-88,28,-24,-84,46,-24,55,84,46,-5,52,-11,-4,-24,74,-13,-80,46,-4,-4,31,4,-7,55,0,-23,-46,-17,-18,-4,-12,-30,54,28,55,16,-15,-27,-38,-68,76,33,-69,-30,-38,-12,-100,4,29,12,25,13,-66,-13,-27,6,-9,65,26,-31,-46,-73,18,89,31,57,-17,76,-88,-89,-34,32,4,-35,-15,13,-71,15,7,-1,18,-11,-92,75,-17,43,-18,86,100,25,-35,90,21,-100,7,-14,23,-36,52,70,29,-6,0,-29,-38,-5,62,29,-66,-37,0,17,6,6,-9,-11,52,23,-20,52,72,-36,-100,273502
9,-2,-67,-14,-7,0,-88,23,37,24,13,12,19,-74,26,7,15,13,-12,95,32,10,5,52,22,44,-32,-19,100,-43,-11,0,17,-2,-37,2,-52,50,25,-11,-52,-54,27,29,-12,58,-20,37,36,-38,-100,13,0,-30,1,36,-57,0,-2,1,-100,-58,100,-15,-5,89,-20,33,58,54,2,25,-51,21,20,39,8,-1,0,-9,3,73,10,29,3,6,7,-64,-3,41,-1,25,-44,10,-21,1,-87,-100,19,-18,-82,35,0,-86,12,-18,94,-52,42,-21,-19,70,0,-22,-31,-36,44,-5,7,39,-27,16,-50,16,0,46,-49,-15,-5,0,-61,-80,100,-1,-55,50,7,-49,0,0,1,17,10,-13,-6,-42,34,24,-1,10,37,33,33,50,-86,4,-100,73,-50,-50,0,-4,25,21,100,31,32,40,14,-22,9,34,0,7,28,-8,97,15,30,11,25,0,-36,-36,273883
15,22,3,-1,6,-22,-68,-21,-4,13,-65,29,64,-62,23,7,2,18,9,15,-35,48,34,41,8,0,10,11,32,100,0,6,68,37,-28,5,-20,38,35,-14,16,7,37,60,-19,-19,9,9,57,100,11,48,4,-36,-42,-38,-36,-23,16,-11,10,-34,-39,36,2,42,12,8,-15,45,33,6,9,-16,-20,-35,17,3,20,5,-4,38,6,22,16,-3,10,-33,19,-20,32,45,-24,46,23,2,-52,67,-22,-2,-49,-24,41,-42,30,-2,37,-34,24,21,-100,48,-13,15,13,-18,1,-19,-50,-36,-34,52,14,35,29,-8,-1,-2,12,14,-37,58,-47,52,48,19,-10,15,6,52,30,32,6,11,12,15,72,14,25,44,-22,40,46,39,-65,6,71,42,-12,-4,-24,37,44,8,14,38,-35,55,73,16,-26,16,5,-2,58,-16,31,65,16,12,5,-23,35,-26,273906
-11,71,3,-17,-1,17,-5,30,12,18,68,52,-6,18,60,0,7,-13,6,2,20,9,-3,14,5,24,15,-23,6,-6,-17,20,0,10,-26,5,-18,21,47,19,17,-73,49,35,24,73,11,25,71,-4,-13,88,21,-38,-28,24,10,17,1,-2,-11,-78,12,2,0,14,-20,28,71,18,-4,25,-67,27,-29,4,-14,0,76,1,2,17,17,61,-22,4,-2,24,2,6,30,17,-18,8,-19,-20,25,-10,-28,-52,-86,-8,12,-86,0,-50,44,-4,1,-15,7,58,-1,-11,14,-14,23,-4,-17,21,-38,89,-76,11,-12,-6,20,-17,19,11,-77,13,12,33,-20,3,67,-67,8,32,28,9,2,7,16,20,18,17,-14,62,1,45,52,25,-8,2,-12,64,-22,16,-19,8,14,7,3,43,21,73,13,-12,-44,-1,7,66,37,-4,42,-10,25,-2,24,-17,-3,-25,273933
-4,57,10,-17,15,-4,-26,36,31,-4,100,31,40,0,17,7,27,1,52,-1,26,47,11,39,-16,12,9,-31,1,-9,-20,26,-4,-47,-85,-5,-14,34,-18,-55,-58,-32,-15,12,-55,69,16,25,36,-10,-18,4,22,-39,-17,11,-47,-6,11,-8,-19,-31,15,15,-33,35,-35,28,68,39,15,27,-29,35,-2,9,2,-24,54,17,-11,38,31,14,80,-12,-15,-52,10,32,18,11,-16,46,4,76,11,11,-1,-6,-58,19,27,-56,-23,-7,58,-4,15,5,47,51,60,-1,10,-20,20,14,-31,7,-38,2,-40,13,14,63,76,-18,35,0,-41,-26,15,16,-20,-16,-93,-48,5,13,21,14,5,2,36,-30,23,-6,15,36,67,41,100,33,-27,-3,11,52,-15,77,-33,25,9,-15,4,40,27,39,24,-1,-24,12,7,-100,13,12,55,41,20,-13,30,-31,14,-81,274139
6,6,54,-6,-22,18,7,-54,-5,23,-46,52,34,-25,71,20,-17,-29,-30,0,-5,46,0,46,-5,27,6,-6,1,-26,41,13,36,40,-63,-2,-32,24,-5,13,-56,-51,-4,52,18,58,-36,25,34,-20,-21,34,13,-100,-3,55,-24,18,34,-5,-21,-43,34,56,11,19,-8,27,62,43,-1,16,-56,-52,-11,47,-30,9,16,-19,0,13,-11,68,1,3,4,-30,33,-8,34,37,-19,46,22,3,-23,70,-16,-20,-87,45,0,-87,-25,-22,-26,7,43,18,-14,27,26,6,4,-20,22,8,-9,50,-100,35,12,22,-28,-23,0,-9,38,18,-47,34,38,58,3,9,4,7,13,56,33,21,18,23,38,-16,57,22,-26,58,-19,15,69,25,6,-2,68,30,-35,4,14,4,37,-5,3,18,-5,35,60,7,0,42,14,13,55,9,-26,37,27,4,15,15,58,-63,274208
-21,-6,35,-34,-9,3,43,-31,-15,-2,23,-4,69,-28,52,7,-7,4,23,-25,34,44,5,30,-27,47,-4,-44,-43,-33,19,35,37,21,-42,-13,-13,46,-46,0,-80,0,-45,39,2,15,17,21,24,-25,-28,27,33,-56,3,-19,-16,4,22,-10,-30,-49,43,4,-19,20,-44,18,17,27,8,27,3,-32,-16,41,3,-24,-5,-9,-12,25,-12,47,28,-10,-16,-8,22,-15,-17,13,-39,39,18,25,-27,76,-14,-14,-84,27,48,-81,-16,-15,-34,-40,34,15,-49,8,37,8,-2,-39,44,22,7,-18,-55,26,-52,34,-13,-5,26,-36,54,-20,-55,27,43,33,-26,-7,9,-57,13,34,-14,36,8,-9,52,-26,8,-3,-12,-2,-4,47,55,47,44,-13,77,3,-9,31,18,47,14,-29,-23,47,36,24,20,8,-49,35,14,9,40,20,-36,70,-3,-14,27,16,14,-43,274246
-1,57,38,-50,-11,16,-50,-4,-4,28,94,68,33,52,32,18,-35,10,13,-20,1,20,17,25,38,22,8,-70,19,-11,47,29,32,-13,6,0,-37,2,26,29,51,-3,26,55,30,9,20,18,25,-20,-4,48,28,-46,-12,4,-44,16,17,1,-9,-46,15,56,9,20,-70,19,10,21,20,0,-4,-8,-4,62,13,4,45,-10,1,30,-30,34,-28,0,-9,-47,14,-8,6,12,-49,15,47,-25,57,76,-5,-12,-73,56,49,-72,-35,-14,-81,-41,22,47,-21,18,2,16,11,-50,24,-4,-9,6,-47,43,-39,17,18,-27,6,-51,48,36,-44,1,17,0,-28,7,34,-40,42,0,5,18,22,41,48,-26,20,28,22,86,-18,43,50,-1,-52,1,71,23,-40,7,-10,51,11,38,-18,45,2,27,29,15,-71,24,41,32,55,-3,-83,38,35,-10,1,-8,63,4,274447
-3,61,-17,2,-1,13,-34,-25,2,3,91,63,47,58,14,100,28,22,15,-2,22,23,25,4,-3,-1,14,-4,-100,-29,-5,10,-7,0,-26,1,-3,30,-22,-37,42,24,-19,-27,-36,63,17,24,14,-22,1,26,6,-18,52,10,13,12,-5,1,2,-18,7,5,-18,15,-6,25,52,4,26,29,26,-33,-1,49,21,-19,43,-3,4,16,37,17,16,3,-7,3,-5,7,-5,0,19,25,16,14,47,30,-2,-10,-22,33,23,-25,17,-14,72,-13,7,17,39,28,10,-21,13,13,0,0,52,11,-17,22,-16,24,23,63,58,3,21,4,-22,-22,10,-19,73,-42,-12,-17,1,-20,-4,26,100,1,20,11,24,3,25,56,61,-27,68,31,-34,3,28,33,-5,55,71,23,0,-2,3,-28,24,17,22,-24,-4,5,2,-13,-29,0,77,45,10,-6,32,73,4,-24,274762
-8,32,37,-9,0,-8,54,-27,-24,-34,56,-3,41,-4,-17,12,13,15,-13,-12,16,44,8,52,-15,-28,-2,-24,-15,-6,21,22,27,10,-58,-6,9,12,-23,-15,-62,-29,-24,49,-16,24,-20,35,38,-13,-1,25,24,-24,18,46,-12,-9,19,-4,-2,-42,3,-20,-7,90,-26,34,24,50,5,29,-29,-24,-12,-22,16,-10,42,-1,-3,86,14,-20,20,1,-1,-19,21,-23,5,9,-36,44,12,17,-2,71,-11,-1,-54,-11,25,-52,-56,-3,-1,-40,-29,13,57,21,24,14,-2,-35,-31,0,15,43,-23,29,-34,13,0,-8,50,-12,41,-69,-46,34,0,51,-5,5,11,-36,9,52,5,10,13,-61,42,0,70,-34,-1,-1,-6,32,34,14,54,-8,71,16,10,51,-20,26,11,-15,-11,30,15,38,73,14,-62,-29,11,10,50,-1,-3,41,21,0,29,-19,-24,-58,274780
8,-100,-38,-12,-20,5,-100,83,19,-6,10,58,79,-5,4,100,14,-28,-45,-20,13,10,-5,29,-20,7,-30,-23,-88,4,44,9,-21,-70,-39,0,-100,45,-35,10,-48,-30,-36,37,9,56,-29,14,12,-2,30,98,9,-58,9,-52,-20,6,16,-14,27,-77,98,-2,-56,13,-24,14,52,25,-5,-100,-32,83,-31,0,-27,-88,-100,-22,-10,12,8,1,50,-92,-21,0,17,22,21,13,-19,12,40,54,-10,76,-32,-13,-73,27,45,-90,-54,-15,52,58,-25,43,50,15,18,29,-30,-25,38,3,10,-51,-58,100,0,37,-13,22,43,-17,39,-27,-77,-52,100,-8,-72,61,14,7,17,-7,23,35,100,-14,40,-33,0,-5,-10,55,32,0,57,50,-100,0,76,16,-100,43,44,49,15,-21,-16,5,14,11,-17,30,23,-26,17,11,39,3,54,76,47,-19,-100,45,0,-41,274810
-36,62,39,-26,9,9,-22,10,69,-33,73,100,49,-62,13,3,10,30,16,-28,46,-100,33,51,-3,3,-33,36,-42,-41,-6,24,-80,-52,-42,-14,-100,32,-28,24,-27,-10,-29,23,20,52,29,48,0,-44,69,-58,26,-28,-50,-50,22,9,-6,-4,71,-42,14,-1,-5,37,34,45,54,49,32,-40,-2,9,-5,-14,32,-6,65,7,-6,34,6,13,44,-5,-11,19,-5,71,-37,-14,-47,-100,-8,42,-63,46,-7,-13,-58,-8,32,-60,20,-15,22,-100,-19,-8,58,50,26,-100,-31,-46,3,-12,-56,-51,-27,-61,-32,15,23,-100,56,-26,36,52,-45,40,15,35,56,11,2,-26,4,36,-37,15,4,54,36,-100,29,-33,23,100,-93,52,79,37,-21,-17,44,47,-98,61,100,31,-12,-8,-29,52,49,1,27,-100,-52,-20,5,5,25,-13,23,47,16,-10,-39,100,-1,-43,274818
8,65,57,0,11,-15,-83,-58,21,-6,60,33,54,39,8,28,-30,6,18,-14,0,66,19,43,7,12,9,6,49,-67,-12,11,18,25,-45,5,43,63,8,46,-21,-35,10,87,50,100,15,25,49,-78,-9,34,11,-37,28,100,82,-15,28,0,-10,-45,30,1,-4,52,4,24,96,44,16,18,-28,-62,-21,86,6,-5,69,6,1,52,-18,10,-26,6,9,83,27,22,28,6,-14,64,22,-25,26,44,-20,-14,-70,79,39,-70,-34,-10,-12,19,-18,26,55,39,16,14,8,-14,14,20,22,97,-34,32,-42,48,26,-6,45,-1,69,-18,-42,28,33,66,32,15,63,-36,22,67,23,49,27,-26,69,24,42,-7,23,27,-7,46,47,60,-84,5,42,40,41,41,-32,35,6,8,-13,41,1,52,31,12,1,-22,19,65,86,21,-15,50,51,10,19,-28,-11,-45,275029
27,-37,52,-22,-2,0,-39,-41,-2,-1,-20,16,46,-43,17,14,2,-13,16,-15,13,52,7,28,-10,19,32,-20,-7,-25,21,19,-8,19,-66,2,10,51,-20,10,4,2,-21,63,11,48,25,13,34,-23,-5,67,17,-57,13,4,-38,0,30,-8,-8,-18,12,9,-15,45,-18,8,52,25,7,23,0,-43,-26,18,-13,-16,-40,0,-7,55,12,14,-18,-1,9,-34,31,-5,37,18,-36,47,11,-14,-29,71,-28,9,-50,0,12,-48,-30,9,14,1,14,9,-3,25,17,20,34,-39,22,16,13,13,-54,66,-31,29,-5,-25,42,-22,37,-54,-18,33,9,41,-10,24,-2,-30,21,39,33,30,17,-48,39,-12,16,-3,-8,34,-16,26,49,51,-38,0,71,20,10,46,-8,14,19,-10,-17,28,14,32,37,20,-34,20,21,0,63,15,12,45,28,9,21,-9,28,-73,275246
0,19,54,-9,-24,57,-23,-40,13,-24,-80,27,84,-19,-22,16,-7,7,-48,-17,-3,17,-7,7,14,-31,-6,10,-11,-51,15,26,-21,11,-65,1,-26,37,-29,20,-20,-30,-31,42,19,64,-57,32,26,-49,-21,15,28,-63,43,28,-14,58,7,-7,-20,14,18,-58,0,70,7,30,67,9,-8,21,-27,-38,-29,75,9,0,10,-24,-4,60,-3,-22,0,-1,2,-16,7,3,38,12,0,20,40,-1,-21,80,-28,57,29,72,40,35,-34,57,-7,32,-14,39,3,22,35,-43,-5,1,-35,-10,37,31,-61,19,21,35,7,-16,34,-11,35,-58,6,36,18,14,-50,-9,0,23,16,17,42,34,16,-58,34,-18,51,-25,6,38,-18,6,54,40,-19,0,82,18,-23,36,-14,37,16,13,-16,3,-2,23,52,-42,-22,-21,15,9,40,-11,-11,83,27,6,19,-13,-66,-65,275298
-3,8,77,-28,-26,32,-17,-48,-12,9,-48,29,54,6,30,22,-66,15,67,-25,27,-4,54,22,-26,66,8,-25,-37,-84,35,47,56,13,-91,-21,8,46,-31,-19,-54,-30,-34,93,-22,72,63,0,28,-90,-58,9,50,-75,10,62,-42,32,51,-7,-58,-16,71,-14,-64,-18,-21,-3,72,21,49,18,-29,-49,-15,-2,10,-60,10,-27,-6,-21,-48,30,43,-3,2,-46,52,-19,30,-3,-33,-4,0,35,16,68,-21,-6,-72,-15,19,-77,-26,-6,37,-4,35,1,18,10,36,-9,13,-32,61,19,10,67,-74,10,-77,54,17,20,58,-29,74,-92,-12,55,71,34,-69,-43,19,-76,21,36,26,52,22,-88,74,-15,-64,7,17,46,29,12,74,51,-18,-27,67,6,8,52,-16,20,3,-26,-32,13,29,27,-58,-12,-34,33,18,12,92,19,35,54,7,2,13,-15,-3,-93,275908
4,34,57,-13,-9,-4,17,18,28,22,36,31,32,34,33,4,36,-2,43,-16,14,15,14,37,-5,23,5,-6,20,-9,10,24,32,-22,-14,4,9,11,23,-9,14,-16,20,48,-4,40,48,-1,52,-12,-13,61,23,-36,-9,7,32,-4,20,-7,-17,-52,14,11,-27,31,-6,-2,47,35,11,30,-16,16,-22,28,-5,-31,37,-7,-4,32,42,32,4,0,4,26,21,26,25,-12,-8,10,12,4,39,32,-25,-9,-67,27,35,-64,14,-7,25,-7,21,13,37,51,-7,9,9,-10,26,-1,-19,12,-33,57,-43,22,13,12,44,-14,30,-24,-54,-7,18,24,-18,9,15,-40,19,25,19,23,7,-22,32,11,25,21,11,40,10,52,41,12,14,1,28,55,3,49,-2,35,-9,-6,-19,52,15,51,31,8,-12,21,19,23,51,-1,23,32,21,2,28,-5,21,-19,275915
-4,15,7,-15,-4,23,-26,-16,38,-8,19,32,70,-8,19,2,5,8,7,-22,6,49,21,31,-1,4,48,-26,13,-64,-11,29,32,-14,-11,-5,-18,22,16,7,-27,17,10,29,9,57,5,21,46,-73,-8,68,29,-51,10,36,-37,24,18,-11,-11,-12,-12,18,-4,27,-23,13,69,35,17,20,19,-15,-14,-51,4,-7,4,-4,-9,25,8,18,26,2,-3,-49,16,43,46,-25,-26,43,47,22,-17,-8,-18,26,-35,-71,62,-31,-34,25,-22,-62,13,43,12,42,-14,20,46,-24,2,4,-6,46,-46,67,-12,40,4,8,66,-14,42,-1,-14,-12,-14,38,-1,16,14,-5,27,40,39,39,6,3,43,21,24,-8,2,48,9,24,19,18,-29,-10,-12,35,-18,70,3,58,-21,0,-26,23,9,44,28,19,-82,11,26,17,30,4,-26,71,26,-7,15,2,27,-15,275916
0,-20,35,-16,-22,33,-30,-39,-28,-20,-39,38,78,-22,-26,16,-34,5,5,-36,6,12,9,31,-9,46,-4,-27,-30,-41,13,45,-28,5,-64,-19,-64,79,-41,7,34,40,-40,52,2,65,10,29,21,-49,-39,52,42,-94,-13,38,-19,31,22,-13,-43,-4,32,-39,-21,41,-27,28,74,31,17,21,37,-40,-19,-31,12,-30,-14,-16,-8,58,-37,-29,-6,0,-2,-28,18,-28,28,-14,-60,7,29,-12,-15,30,-14,42,-43,-33,48,-29,-42,37,-100,-11,-39,30,-29,2,28,-29,-3,-64,45,1,-9,41,-94,48,-37,35,-13,-61,19,-18,34,-92,-14,41,40,12,-64,-1,-4,-37,22,6,24,38,13,-72,36,-35,-49,-21,-13,51,-50,-25,43,73,-34,-17,25,13,-75,11,-45,50,-14,-6,-33,-25,5,22,-23,-30,-48,-31,23,-9,55,1,-100,85,42,-3,22,-47,-12,-68,275986
-5,25,47,-9,25,9,-33,-12,-7,24,66,8,47,0,-10,12,-8,10,-17,-17,14,43,21,43,11,-2,28,-31,21,-2,-22,8,24,-21,4,0,-40,19,26,12,45,-7,24,19,14,35,-8,6,39,-1,2,24,6,-39,-64,-3,8,7,10,-8,1,-26,18,25,23,-5,-30,6,39,44,21,-5,-6,-11,-1,8,13,28,27,25,-7,-2,-14,-10,8,2,-1,1,13,-6,49,-7,-18,40,44,9,7,5,0,1,-45,4,39,-40,6,2,-3,-20,-18,47,-8,49,5,6,27,-14,0,9,-68,-4,-40,31,0,34,16,-45,14,-9,40,0,-28,-2,14,34,51,0,-2,3,17,36,52,31,13,-7,40,-10,55,25,17,0,-44,25,55,16,-33,0,7,48,-42,15,-58,36,-4,8,-20,22,13,38,43,9,-58,-17,16,3,19,8,-1,49,22,3,-5,-57,17,4,276216
-23,5,0,5,-63,14,-47,-4,24,9,-1,44,71,9,32,100,3,18,4,-16,-6,-47,17,28,-19,33,-29,-37,-100,100,11,29,-26,7,-75,-8,-100,70,-34,-100,-19,-6,-37,51,-100,-100,0,32,55,100,94,18,30,-58,45,-58,0,15,5,-10,94,-43,34,-30,31,54,-37,30,-100,27,23,34,-2,0,-11,100,23,26,-1,-63,-11,64,0,28,17,-7,-14,-8,6,19,-5,-19,-67,-51,-52,11,9,27,-8,4,-60,100,41,-51,-34,0,8,48,-2,-52,100,37,44,-37,-30,-67,29,26,40,-58,-56,22,-47,-74,-19,-8,-28,6,43,-46,-52,38,30,-100,-31,-34,-23,-48,11,-100,-2,-73,100,-35,43,-28,4,7,-17,52,2,27,10,68,-43,-11,28,31,-100,-21,60,41,-13,-19,-19,27,-6,52,21,-36,-14,-1,12,-19,51,24,6,74,14,-11,29,60,-16,-77,276479
10,12,29,-16,7,8,5,-30,3,-22,41,37,10,-18,47,10,-1,-13,15,-18,17,35,4,41,-1,-8,5,-15,-16,34,18,20,37,23,-71,-1,35,33,-9,-16,-78,-35,-9,48,-19,67,21,18,46,25,-14,37,18,-30,14,31,-16,6,21,-3,-15,-40,29,-3,23,17,-15,16,75,39,4,25,-34,-31,-54,26,-11,20,2,5,-1,24,-5,44,-25,3,5,-28,20,7,15,19,-31,35,35,-30,-18,55,-52,-11,-77,14,22,-78,-19,-11,16,-7,10,38,15,22,24,4,9,-33,-4,0,1,42,-28,39,-18,6,2,20,60,-15,43,-36,-40,34,30,33,0,7,-47,-18,14,33,12,8,10,-36,42,-24,19,-22,3,24,21,51,54,27,6,-1,56,20,34,67,-5,22,21,0,-18,52,17,44,26,4,-40,13,14,-41,48,0,20,9,5,6,26,-8,3,-73,276502
10,-1,57,-11,7,9,0,-26,21,-9,3,46,52,-30,25,7,15,8,9,-29,27,39,26,32,-10,29,10,-9,6,-27,49,28,77,26,-90,-13,33,46,-7,-16,-29,2,-6,69,-13,79,12,23,60,-23,-27,83,25,-36,58,69,-4,10,38,-7,-29,-33,43,-8,-10,24,-7,20,77,34,18,27,1,-31,-17,3,1,-3,-4,7,-9,17,24,25,8,-1,-5,12,37,22,41,22,2,34,40,23,-34,63,-25,1,-38,-7,44,-44,-21,2,-10,-39,25,39,-3,0,25,22,11,1,25,-2,73,70,-34,78,-26,26,3,51,32,-10,54,-22,-27,50,41,32,-10,17,44,-19,29,30,39,29,10,-22,54,-2,-11,-10,1,62,51,32,63,44,0,-13,61,-5,33,34,23,43,22,-8,-27,31,29,60,-12,23,-52,26,28,41,69,0,-12,49,22,-6,29,24,-4,-93,276505
4,70,54,-1,30,3,-7,-24,-5,-15,-66,-4,52,26,83,5,-9,17,61,-28,12,40,14,25,-5,67,9,-8,-22,-25,27,28,27,-18,-70,1,23,56,-17,2,-36,-13,-18,42,4,60,61,28,54,-31,-25,56,29,-65,14,29,35,3,23,-8,-25,-43,61,21,-16,76,-8,26,69,26,10,52,-13,-24,-13,-75,13,-12,69,28,-9,72,-10,83,70,-3,2,27,22,-3,28,-17,0,40,-2,73,21,31,-15,11,-81,-94,42,-84,-40,11,-12,-21,84,-1,-69,55,23,15,9,0,65,21,5,38,-64,52,-38,46,-13,21,46,0,41,-35,-42,45,64,54,0,-2,-2,-35,19,52,24,47,8,-37,39,-22,0,-16,-13,-1,25,31,67,55,-10,-2,28,57,18,48,-26,42,-13,-4,-34,30,14,52,0,13,-52,83,18,-4,43,20,-13,52,24,0,48,-25,25,-75,276507
-9,60,50,-17,-31,23,-62,-8,0,-12,56,9,60,52,-1,10,10,18,11,-19,28,-100,29,34,-6,9,21,-27,46,-100,20,28,76,-21,-100,100,-4,48,4,-17,15,6,2,16,-19,55,12,29,44,-100,100,27,29,-33,18,0,45,23,6,-3,100,-25,30,-25,-18,25,-26,31,54,35,28,-41,6,-9,-4,-25,17,-19,65,-31,-1,30,15,-5,38,3,-37,52,7,5,100,2,-50,-100,27,38,47,100,-7,-11,-37,-22,45,-34,-56,-12,8,-56,-19,26,16,46,14,100,21,-51,5,31,29,-3,-32,27,-29,20,19,7,100,-18,52,-32,-29,54,31,-31,-91,-32,-100,-27,20,-30,100,19,9,-30,51,-33,4,-12,17,4,20,28,40,51,-58,100,100,45,-3,100,-34,45,4,-4,-16,27,30,44,8,100,-18,-21,21,-100,17,31,6,60,25,-37,-42,-32,-23,-100,276711
-2,-26,77,-10,-8,1,-7,-52,2,-3,34,16,44,-13,37,15,-18,7,54,-36,16,25,7,12,-18,37,5,-8,-38,-9,41,36,14,-2,-71,-18,-21,50,-32,-4,6,2,-31,62,-6,62,51,14,31,-14,-41,17,33,-56,-5,64,-66,0,31,-11,-43,6,43,4,-32,55,-7,16,63,10,12,22,0,-52,-10,50,9,-28,-21,-6,-7,52,-22,33,-7,0,-1,-58,30,9,16,-8,-4,24,24,-9,1,71,-8,5,-69,58,26,-65,-4,7,-17,-13,33,26,-41,-21,22,-4,7,-2,32,31,2,65,-54,16,-45,-7,-13,2,41,-10,44,-32,4,52,45,29,-45,3,40,-45,25,28,17,-5,15,-26,43,-28,-1,-3,-12,6,2,16,32,51,-7,-13,69,-13,-24,26,-27,25,-10,-15,-33,18,16,31,1,-4,-46,32,23,45,63,31,-14,43,21,0,26,-24,7,-67,277376
6,75,92,-25,20,0,21,-44,-7,10,-43,3,66,-36,28,16,-82,20,-16,-32,35,24,24,48,-9,22,11,-32,-12,-51,44,41,54,0,-81,-8,-12,47,-34,23,-8,1,-36,84,28,42,-28,20,38,-49,-38,16,40,-62,-12,-40,56,0,33,-9,-38,-5,74,-38,27,80,-31,25,43,43,30,21,0,-42,5,12,26,22,74,21,-12,72,-89,23,69,-9,1,39,35,-9,18,0,-35,21,31,71,-44,58,6,24,-5,1,45,1,-49,20,-14,4,7,26,-36,61,43,-2,10,-32,15,25,-15,-36,-63,14,4,56,-7,-29,6,-25,83,-19,-13,36,72,52,-35,-13,47,1,23,52,18,58,15,-7,83,-18,12,10,-2,0,-33,20,65,41,23,-8,58,57,-8,6,-11,46,4,-9,-33,21,35,36,21,-1,-46,3,22,51,82,26,-17,73,28,0,22,-14,-37,-79,277419
7,-4,85,-30,12,6,14,-21,3,-1,8,48,80,3,-16,18,12,-1,-24,-18,0,26,15,36,-12,4,19,-23,2,-68,50,42,76,24,-75,-10,18,68,-13,19,-84,77,-14,88,10,66,-17,15,44,-68,-34,52,41,-80,20,36,-3,4,41,-8,-37,35,47,-7,19,35,-21,8,77,30,22,22,77,-28,-6,9,4,5,-10,11,-7,60,7,-18,-17,1,6,-23,40,2,27,12,-42,23,51,-17,-3,73,-2,71,-17,-15,51,-13,-52,68,6,-26,-9,50,-98,27,24,17,23,-43,10,13,34,42,-81,46,46,38,-9,-30,20,-30,16,-46,33,70,51,51,-36,-4,52,44,26,51,22,42,23,-29,17,-33,-5,-1,-6,46,-25,-5,55,60,12,-13,70,27,14,9,-30,54,16,-10,-21,-1,-1,42,24,16,-21,-1,28,40,89,12,7,86,-7,6,21,-33,17,-84,277427
-43,66,9,-18,16,17,-5,-8,-29,-34,39,6,57,-72,1,22,-30,43,-35,-6,44,19,45,75,35,15,37,-58,-100,-18,13,38,-78,-15,-14,-14,-17,62,8,29,-27,-42,7,58,43,100,-35,44,29,-19,-31,35,41,-43,-11,62,10,17,-6,-11,-30,28,-48,-26,77,38,-56,47,93,77,44,13,-45,-8,16,85,41,72,70,21,-8,30,-24,3,-4,0,28,13,-7,-37,-71,13,-89,16,5,-8,-68,29,15,31,-50,72,55,-46,-25,35,-54,-10,-26,7,-25,44,84,-81,33,-88,19,-4,-12,57,-37,36,13,1,4,-37,60,-19,47,-2,24,72,-42,-5,-23,-26,80,15,-4,-6,-76,-1,21,-4,47,-25,21,-35,3,8,-45,83,39,55,-10,-15,21,52,-16,49,-55,52,16,33,-9,82,43,31,24,-82,-79,-27,-2,75,60,-4,-61,54,17,26,12,-52,-35,-12,277514
-16,16,58,-8,-19,-1,56,2,-9,13,40,57,76,-23,-8,2,-4,6,-78,-13,35,12,16,77,-23,-26,-14,-28,-32,21,-1,21,0,11,-8,-3,-14,4,-6,25,-100,-9,-6,51,26,31,-80,15,36,19,-10,43,19,-35,-25,-9,-47,-3,9,-7,-9,-21,0,-9,58,52,-30,15,36,78,12,20,-9,0,-28,99,9,52,6,-16,-6,57,-4,-6,-19,-6,-1,-45,10,-8,-29,13,-32,11,18,-13,-22,25,-29,26,-28,100,31,-31,-30,23,-29,-3,-27,21,-3,-23,-13,-29,-11,-25,-25,-8,-26,-5,-36,44,52,12,43,-6,-21,-10,45,26,-19,13,0,-24,-16,11,32,52,-2,-26,-29,12,3,30,46,-11,77,12,44,60,-8,60,38,5,56,-1,23,-21,-17,-26,-5,34,12,-24,-9,63,36,36,85,-30,-39,-23,0,36,52,-10,-31,73,-4,0,22,-4,-7,-9,277537
-28,47,66,11,-28,1,22,-13,2,-2,-52,0,90,-61,39,0,40,0,-31,-13,9,45,24,29,-15,33,31,-29,-37,-69,40,35,0,19,-49,-19,-40,24,12,4,-78,-15,14,61,9,41,-27,22,65,-62,-19,82,37,-87,-5,60,29,1,28,-13,-21,-22,4,-17,50,90,-29,19,43,27,29,11,-8,-13,2,35,3,46,43,-28,-5,100,32,35,-22,-2,-19,22,28,-3,16,12,-68,45,38,-17,-58,52,4,40,-58,30,49,-48,-32,35,-56,-38,14,35,-38,34,6,-16,29,-63,31,7,-7,61,-85,80,-11,42,-37,-52,-26,11,60,17,-31,17,0,0,9,18,45,-14,15,0,16,44,0,17,61,-16,33,-1,-39,9,-51,2,34,23,22,-18,55,27,-35,-23,-14,47,10,-16,-13,0,11,62,54,-15,-64,17,11,52,60,9,-60,93,15,-19,10,-16,-4,-49,277929
4,-2,42,12,-11,35,-19,2,34,-9,-30,67,10,-7,9,6,5,-10,13,-10,1,15,-3,19,-11,-24,10,1,-15,-25,0,18,32,-4,-52,-8,24,30,0,-6,18,-15,3,36,0,-1,21,13,52,-16,-12,66,17,-15,2,26,0,33,7,-8,-14,-30,13,3,-14,-6,2,16,-4,17,0,21,-9,-4,-23,-7,-5,-14,8,-9,-15,3,0,3,-19,-13,-6,-13,4,44,14,-1,4,10,9,-23,-5,35,-21,-20,-48,-28,17,-46,33,-20,26,2,-14,8,-20,13,-2,0,6,5,-21,-6,5,30,-14,56,-36,5,3,18,-10,13,31,43,-33,32,16,20,13,-3,41,-36,6,16,11,4,6,44,31,40,34,-9,4,55,13,37,16,26,-20,-5,30,19,20,-8,-4,15,-4,-9,-5,35,1,52,45,1,-22,-8,7,33,38,-7,25,9,7,-7,23,-7,10,-52,278168
-5,52,72,-13,16,10,84,34,-32,23,-2,-3,46,-14,4,19,-5,-12,-80,-18,-3,26,-3,8,-19,-38,23,-30,8,-27,-24,45,26,25,-20,4,-34,13,4,-5,-71,86,1,37,-6,37,-87,12,77,-28,-14,72,46,-47,-20,-26,71,5,0,-7,-11,-78,-2,43,27,58,-29,13,38,7,-5,24,86,40,16,-49,-14,30,60,19,-8,54,-12,1,-9,-4,-14,73,1,-35,10,17,-29,23,36,-8,-14,50,14,-29,-80,-48,57,-76,-55,-33,-8,-30,13,34,-9,66,-15,27,24,-31,-45,24,-24,-24,-42,77,-64,31,-6,-7,7,-16,43,20,-82,-40,-3,31,-46,28,-25,-63,20,33,9,30,16,23,46,-28,55,23,-9,7,-10,11,61,11,80,0,48,62,-31,16,-8,58,23,-19,-20,7,-5,76,63,25,-35,13,20,-24,38,24,-13,48,44,-13,19,-12,48,-21,278288
22,-16,55,-18,-11,13,37,-36,16,17,-5,79,46,-5,15,22,24,-42,-46,-24,-4,36,0,11,-19,-19,7,0,8,-4,11,24,29,34,-72,-3,5,63,-23,-15,-63,3,-24,80,-15,60,-41,8,34,2,-20,56,21,-76,6,52,5,11,39,-12,-21,-15,28,-4,8,4,-3,8,65,6,0,22,1,-40,-26,5,-41,2,-26,-3,-8,17,22,13,5,-1,3,-7,36,18,37,24,0,33,28,-16,-9,69,-26,28,-27,-22,35,-30,-36,24,12,0,-12,29,-10,3,13,31,8,-11,-13,33,21,60,-76,51,-14,25,-26,-9,33,-19,55,-69,-15,45,34,62,-16,1,8,-18,21,60,30,27,21,-57,58,-19,-22,16,-24,79,-4,0,47,61,32,-5,63,14,-4,32,-6,39,26,-16,-27,4,-6,34,-6,28,-31,-6,22,2,83,33,17,48,18,2,23,-16,13,-76,278455
0,-40,46,-28,-13,1,-9,-42,31,12,-10,73,37,-61,83,19,-22,12,-31,-7,7,41,45,64,-8,13,11,0,-14,-40,26,28,41,9,-56,-6,20,54,-19,16,-26,28,-18,52,21,49,-31,18,29,-32,-8,36,27,-100,-11,28,-58,0,18,-5,-7,-28,11,100,78,34,-1,20,47,64,40,9,20,-47,-4,50,10,79,-35,-13,-1,27,-33,79,-5,1,5,-52,18,29,-5,30,-61,41,-5,2,-68,27,-8,11,-72,42,-47,-79,-23,14,0,-7,83,-5,-42,19,31,0,10,-63,14,33,-10,26,-100,33,19,28,-10,-31,-14,-25,61,18,-22,15,10,41,-13,0,-60,19,17,38,-4,29,17,14,60,33,8,12,-11,74,-29,6,54,50,-11,-3,27,19,21,-12,-8,-46,29,-10,-7,6,6,29,0,-1,-22,80,15,-52,51,33,-2,32,30,6,11,-10,100,-52,278545
19,-36,61,-20,0,-4,-6,-12,13,15,-5,71,35,-24,43,14,0,-48,-26,-17,-4,31,-19,-13,-2,0,-2,7,-16,-100,40,23,56,21,-60,0,-21,39,-12,-1,-73,11,-11,96,-1,78,-27,22,32,-100,-7,52,21,-79,-2,23,-9,-3,32,-7,-8,-5,41,29,10,-7,10,16,78,-18,-19,15,16,-19,-42,88,-48,8,-45,2,-2,-5,3,44,26,1,8,-17,30,10,22,6,-37,31,28,22,-22,43,-42,41,-46,73,44,-48,-2,43,-37,-18,8,29,-2,3,22,15,1,-35,3,5,10,26,-80,51,0,23,-31,1,-8,-20,-2,-78,-2,38,42,42,-13,24,22,2,26,41,19,25,19,-76,-1,-9,-85,15,-27,76,-7,-11,21,40,-7,0,42,0,-23,-8,10,44,7,-1,-16,-8,-3,32,-82,15,-52,6,25,7,96,5,-32,36,20,9,15,7,33,-63,278567
2,40,52,-9,13,-44,-62,-24,-10,18,0,5,47,0,5,11,-32,10,38,-8,5,43,6,76,9,0,27,-18,23,-18,-21,43,44,0,-13,-9,16,16,7,-11,-17,-33,5,57,-8,72,49,27,52,-27,5,65,43,-20,7,12,33,-45,24,-13,4,-44,0,-16,2,51,-22,26,76,76,5,15,-33,-21,-24,-4,10,0,37,22,-9,61,-17,1,9,0,4,26,20,-21,17,-2,-28,41,8,-14,21,37,-26,-9,-62,-9,43,-54,-41,-9,-23,-52,-10,4,-14,61,-27,14,29,-37,2,1,-5,12,-17,60,-61,44,67,-7,68,-9,44,-12,-44,36,2,66,-26,24,46,-58,23,64,10,44,10,-2,47,-42,23,17,64,22,-5,69,70,7,-66,-12,30,65,10,67,-17,47,2,12,-13,71,4,52,41,11,-56,-4,20,41,62,0,-24,51,16,0,15,-20,4,-14,278578
15,20,64,-14,21,18,10,-25,7,-9,-23,44,86,-13,31,17,9,1,-7,-28,7,23,47,56,-9,35,22,-12,0,-50,3,39,37,6,-49,-11,24,57,-20,29,-64,42,-21,87,17,61,-4,11,34,-52,-25,40,36,-62,25,4,-12,18,44,-11,-29,-45,35,-5,-7,49,-7,3,73,52,44,20,44,-31,19,46,0,-6,17,20,-11,49,2,32,-18,-3,12,-9,43,-2,22,-12,-25,17,29,-21,-6,54,15,37,-15,30,56,-21,-35,37,-20,-7,65,31,-57,40,4,2,28,-25,39,12,35,18,-62,35,-41,34,9,-37,20,-14,67,36,-42,39,36,68,-19,-14,10,-41,21,66,20,35,25,37,67,-19,3,-9,11,54,-32,32,44,57,9,-12,51,38,22,22,0,55,-8,-9,-30,36,7,31,4,2,-29,68,20,4,88,11,-19,85,6,12,18,0,5,-58,278601
17,40,84,-13,35,22,35,-39,-33,6,-2,8,-34,-11,21,13,-5,-23,47,-30,0,33,0,30,-11,25,22,-9,-18,-46,47,37,22,4,-66,-10,7,84,-35,25,-56,19,-38,91,31,32,50,15,38,-47,-30,21,39,-40,21,-9,-29,20,36,-7,-31,-72,61,-36,-30,15,-9,11,39,27,4,19,18,-42,-38,52,-19,-36,39,40,-7,29,-15,20,15,0,22,-29,35,-41,10,-18,-23,30,11,18,-6,42,-33,-21,-69,38,16,-69,-23,-24,-39,-1,36,13,-38,52,28,15,20,-24,29,33,12,0,-39,20,-72,66,-2,-27,26,-14,28,-68,-75,48,58,60,-19,-10,-30,-74,14,61,10,64,16,-57,28,-29,-11,5,-2,23,-22,27,57,89,35,-11,42,51,6,28,-19,17,-12,-11,-35,29,0,34,5,13,-44,40,13,-29,90,32,-41,-30,2,24,16,-15,-20,-72,278608
9,25,-17,20,-7,16,-26,-32,41,9,-12,68,-39,-33,81,11,-39,-3,1,5,-18,14,12,32,1,44,22,18,7,-16,-38,23,-31,36,-24,-6,-47,30,-11,-5,49,-55,-10,2,-8,44,0,17,17,-13,-8,52,20,-70,-55,0,-36,17,2,-9,-10,-38,-42,49,46,45,20,17,47,29,15,-5,-51,-36,-17,11,0,41,23,-8,-7,49,-28,83,43,-8,17,-42,2,39,5,29,3,13,0,27,-29,-4,-12,-23,-74,4,-25,-74,-7,-21,-13,33,25,0,-2,56,17,-15,24,6,49,-4,-63,1,-71,48,-42,23,-26,-26,30,21,1,13,-35,15,-42,-2,-9,14,-21,-42,-7,-4,6,25,12,16,0,-28,26,10,-24,69,-34,23,10,23,-25,-5,-4,54,-46,24,-38,-26,29,1,8,25,-17,17,35,-12,15,25,-5,-18,2,-3,-12,-37,27,16,-2,-40,48,-24,279119
-20,28,58,6,7,19,40,1,-2,11,-100,18,33,-1,31,-3,16,-6,0,-27,11,23,5,36,-10,-5,-30,-13,-25,-88,35,36,-1,-17,-36,-8,-5,64,-2,4,-54,11,-3,50,2,39,0,16,37,-100,-21,56,37,-49,-15,1,1,19,23,-5,-20,-46,17,18,18,38,-12,12,45,38,3,21,16,0,-22,-100,-8,14,24,4,-1,33,26,32,4,3,-4,-6,21,3,8,-12,-20,25,15,0,-4,52,-23,-12,-64,-98,36,-64,-21,-8,0,-48,9,17,100,45,19,-3,-26,-19,-4,18,-26,5,-46,55,-35,18,-1,-4,42,6,29,-25,-46,35,19,35,-19,4,22,-30,24,37,6,19,0,-32,28,19,27,10,-2,9,-3,41,19,52,38,-11,50,42,-5,33,-10,32,-10,-9,-30,39,14,38,25,-4,-69,4,22,14,49,18,2,30,15,-6,20,-7,18,-36,279129
-1,0,34,-25,-6,-1,9,-13,30,73,6,29,-4,-20,41,8,4,-23,25,-23,17,33,-17,36,-5,34,-1,-27,17,7,-4,35,6,-38,-9,-20,-28,9,0,-24,-14,-38,-2,48,-29,50,23,8,22,0,0,66,34,-58,-14,50,-11,0,24,-9,-3,-61,-17,9,18,24,-25,4,52,37,-16,1,-29,-13,-56,-17,-22,8,4,-8,-5,27,9,42,-18,0,0,-15,26,23,19,-24,-28,32,10,-18,-16,39,-54,-14,-92,-24,35,-87,-47,-14,-18,-55,1,12,21,37,-14,10,4,-27,36,22,-23,48,-54,68,-47,32,6,-23,49,-25,20,-45,-66,28,-20,17,16,29,-19,-43,34,16,16,33,8,-46,20,25,14,72,5,45,-26,45,6,8,10,-21,39,30,-26,52,10,33,-21,-7,-24,43,19,19,19,11,-51,-1,34,-20,48,22,-22,0,13,0,0,10,15,-10,279200
11,-48,61,-20,-47,0,-2,-50,29,-5,-60,69,99,-30,42,27,-11,-82,-16,-27,1,42,-63,11,-7,17,-36,-3,3,-17,40,31,69,54,-86,-16,-12,71,-24,6,-76,-36,-24,95,1,83,-15,31,43,-13,-30,39,28,-100,34,66,-17,0,38,-12,-32,-52,27,13,-27,89,-1,25,83,6,-61,24,-35,-55,-61,20,-78,-34,-51,-49,-8,95,-15,41,-16,2,12,-20,38,17,21,36,-26,39,25,-19,-22,63,-61,27,-78,8,28,-78,-39,24,-20,-3,-21,24,-36,11,33,7,-33,-27,19,10,41,67,-100,35,-37,38,-93,-27,13,-20,33,-85,-52,49,28,45,-22,-1,52,-38,20,44,18,37,30,-82,33,-17,-14,-5,-89,91,-26,-27,39,73,-2,-16,63,9,-13,12,-10,29,38,-6,-26,-23,2,43,-6,6,-31,-19,19,52,95,9,-18,100,36,13,24,-10,22,-89,279213
1,24,4,2,-3,39,-52,-7,-7,19,5,55,48,9,26,8,14,10,10,-14,-2,18,37,49,-10,22,28,7,-2,-10,-11,18,-58,-24,-60,8,10,27,-20,8,49,-46,-19,5,4,14,18,1,19,-10,-15,13,16,-30,-32,15,-10,40,19,-6,-19,-4,30,13,-29,19,8,-1,13,51,36,11,-41,-11,-11,7,10,-27,17,-5,-3,24,21,25,-9,-1,5,-3,19,-9,24,-21,68,15,30,-15,-3,36,-14,3,-42,1,35,-42,10,5,51,14,26,32,-13,-12,5,-1,31,67,25,-11,-22,16,-31,10,-4,20,45,47,4,1,26,11,-4,14,32,0,0,8,-13,0,11,-1,21,19,9,7,26,17,-3,19,43,54,47,55,25,30,-54,8,33,-8,6,2,15,34,-22,-8,-14,55,-3,19,-2,-2,-12,27,11,-20,7,-11,54,46,19,5,11,9,15,-61,279761
-32,48,-25,-43,-3,-30,-34,1,-1,15,-6,-6,37,8,-23,2,19,-14,-11,-10,28,16,-10,-7,7,-28,10,-55,-65,-18,-16,25,-65,-39,11,-15,-18,-20,19,-2,46,10,18,-3,-3,23,-12,13,28,-17,0,26,27,-36,-29,20,6,-30,9,-13,0,-14,17,-15,-16,-15,-56,13,25,-4,-10,-2,8,6,-24,-1,-15,-16,48,0,-11,-10,15,-24,-10,-11,7,4,6,-3,18,-31,-70,14,15,-25,17,19,-26,5,-7,-11,21,-4,-52,1,-26,-52,-38,11,22,23,19,-29,11,-71,-33,12,-36,24,-34,23,-40,25,-11,-31,50,-44,56,-42,-20,-52,17,8,-19,7,5,-40,20,6,15,27,1,-27,57,-3,26,15,-13,-1,-27,6,42,-25,-38,-16,15,27,-20,52,2,24,-31,8,-11,5,28,27,38,-30,-89,-33,18,14,-3,15,-26,39,28,8,-3,-2,1,11,279799
18,10,72,-17,49,14,-1,-42,-25,-1,-18,-2,47,45,30,1,6,18,27,-29,44,37,26,58,-10,24,40,-40,-3,61,25,37,69,-15,-100,2,19,25,-22,-23,-42,-36,-25,52,-25,87,26,30,60,56,-20,62,37,-44,8,-2,19,14,24,-6,-22,-36,57,9,-1,38,-37,26,93,56,23,71,-35,-41,-17,-24,13,0,9,51,-9,27,9,31,9,-6,-9,13,25,-24,39,-5,-17,38,1,10,52,49,-19,-3,-50,-31,40,-58,-23,0,-7,-42,24,5,-60,58,0,32,45,-16,22,15,13,6,-44,63,-20,33,24,55,95,-17,52,3,-30,43,61,54,-7,20,-39,-18,28,54,36,34,4,-3,50,-24,9,-1,24,-4,58,56,91,30,0,-2,48,61,13,95,-36,38,-2,-10,-32,58,45,58,8,32,-56,23,29,-33,52,16,-9,43,19,-10,70,-37,13,-100,279811
