shortsnumberplacementcode,shortsnumbercolorprimg,jerseyfrontnumberplacementcode,jerseynumbercolorsecr,jerseynumbercolorprimr,jerseynumbercolorprimg,shortsnumbercolorsecb,shortsnumbercolorterb,competitionid,shortsnumbercolorprimr,jerseynumbercolorterg,shortsnumbercolorprimb,jerseynamelayouttype,jerseynumbercolorterr,jerseynumbercolorprimb,jerseybacknameplacementcode,jerseynamecolorg,shortsnumbercolorsecg,jerseynumbercolorsecg,shortsnumbercolorterr,shortsnumbercolorterg,jerseynamecolorr,jerseynumbercolorsecb,jerseynamecolorb,jerseynumbercolorterb,shortsnumbercolorsecr,jerseybacknamefontcase,teamkittypetechid,numberfonttype,jerseynamefonttype,year,teamtechid,shortsnumberfonttype
1,0,0,238,220,220,220,220,14,197,12,46,1,12,220,1,220,220,57,220,220,220,52,220,12,220,0,0,23,49,0,1,89
1,0,0,238,220,220,220,220,60,197,12,46,1,12,220,1,220,220,57,220,220,220,52,220,12,220,0,0,23,49,0,1,89
1,0,0,238,220,220,220,220,61,197,12,46,1,12,220,1,220,220,57,220,220,220,52,220,12,220,0,0,23,49,0,1,89
1,227,0,220,12,12,12,12,14,224,220,41,1,220,12,1,12,12,220,12,12,12,220,12,220,12,0,1,23,49,0,1,89
1,227,0,220,12,12,12,12,60,224,220,41,1,220,12,1,12,12,220,12,12,12,220,12,220,12,0,1,23,49,0,1,89
1,227,0,220,12,12,12,12,61,224,220,41,1,220,12,1,12,12,220,12,12,12,220,12,220,12,0,1,23,49,0,1,89
1,220,0,238,220,220,12,12,14,220,12,220,1,12,220,1,220,12,57,12,12,220,52,220,12,12,0,2,23,49,0,1,89
1,220,0,238,220,220,12,12,60,220,12,220,1,12,220,1,220,12,57,12,12,220,52,220,12,12,0,2,23,49,0,1,89
1,220,0,238,220,220,12,12,61,220,12,220,1,12,220,1,220,12,57,12,12,220,52,220,12,12,0,2,23,49,0,1,89
1,220,0,238,220,220,12,12,14,220,12,220,1,12,220,1,220,12,57,12,12,220,52,220,12,12,0,3,23,49,0,1,89
1,220,0,238,220,220,12,12,60,220,12,220,1,12,220,1,220,12,57,12,12,220,52,220,12,12,0,3,23,49,0,1,89
1,220,0,238,220,220,12,12,61,220,12,220,1,12,220,1,220,12,57,12,12,220,52,220,12,12,0,3,23,49,0,1,89
1,12,0,238,220,220,220,220,14,12,12,12,1,12,220,1,220,220,57,220,220,220,52,220,12,220,0,0,23,49,0,2,89
1,12,0,238,220,220,220,220,60,12,12,12,1,12,220,1,220,220,57,220,220,220,52,220,12,220,0,0,23,49,0,2,89
1,12,0,238,220,220,220,220,61,12,12,12,1,12,220,1,220,220,57,220,220,220,52,220,12,220,0,0,23,49,0,2,89
1,12,0,220,12,12,220,220,14,12,220,12,1,220,12,1,12,220,220,220,220,12,220,12,220,220,0,1,23,49,0,2,89
1,12,0,220,12,12,220,220,60,12,220,12,1,220,12,1,12,220,220,220,220,12,220,12,220,220,0,1,23,49,0,2,89
1,12,0,220,12,12,220,220,61,12,220,12,1,220,12,1,12,220,220,220,220,12,220,12,220,220,0,1,23,49,0,2,89
1,220,0,238,220,220,12,12,14,220,12,220,1,12,220,1,220,12,57,12,12,220,52,220,12,12,0,2,23,49,0,2,89
1,220,0,238,220,220,12,12,60,220,12,220,1,12,220,1,220,12,57,12,12,220,52,220,12,12,0,2,23,49,0,2,89
1,220,0,238,220,220,12,12,61,220,12,220,1,12,220,1,220,12,57,12,12,220,52,220,12,12,0,2,23,49,0,2,89
1,220,0,238,220,220,12,12,14,220,12,220,1,12,220,1,220,12,57,12,12,220,52,220,12,12,0,3,23,49,0,2,89
1,220,0,238,220,220,12,12,60,220,12,220,1,12,220,1,220,12,57,12,12,220,52,220,12,12,0,3,23,49,0,2,89
1,220,0,238,220,220,12,12,61,220,12,220,1,12,220,1,220,12,57,12,12,220,52,220,12,12,0,3,23,49,0,2,12
1,30,0,220,234,30,220,220,13,234,220,45,0,220,45,1,30,220,220,220,220,234,220,45,220,220,0,0,262,135,0,3,262
1,220,0,220,220,220,220,12,13,220,12,220,0,12,220,1,220,220,220,12,12,220,220,220,12,220,0,1,262,135,0,3,262
1,220,0,220,220,220,220,12,13,220,12,220,0,12,220,1,220,220,220,12,12,220,220,220,12,220,0,2,262,135,0,3,262
1,30,0,220,234,30,220,220,13,234,220,45,1,220,45,1,30,220,220,220,220,234,220,45,220,220,0,0,262,135,0,4,262
1,220,0,220,220,220,220,12,13,220,12,220,1,12,220,1,220,220,220,12,12,220,220,220,12,220,0,1,262,135,0,4,262
1,12,0,25,12,12,25,220,13,12,220,12,1,220,12,1,12,25,25,220,220,12,25,12,220,25,0,2,265,135,0,4,265
1,220,0,238,220,220,12,12,14,220,12,220,1,12,220,1,220,12,57,12,12,220,52,220,12,12,0,0,23,49,0,5,89
1,220,0,238,220,220,12,12,60,220,12,220,1,12,220,1,220,12,57,12,12,220,52,220,12,12,0,0,23,49,0,5,89
1,220,0,238,220,220,12,12,61,220,12,220,1,12,220,1,220,12,57,12,12,220,52,220,12,12,0,0,23,49,0,5,89
1,220,0,1,220,220,220,220,201,220,58,220,1,1,220,1,220,220,58,220,220,220,124,220,124,220,0,0,171,89,0,5,172
1,220,0,1,220,220,220,220,202,220,58,220,1,1,220,1,220,220,58,220,220,220,124,220,124,220,0,0,171,89,0,5,172
1,220,0,1,220,220,220,220,223,220,58,220,1,1,220,1,220,220,58,220,220,220,124,220,124,220,0,0,171,89,0,5,172
1,133,0,1,169,133,80,80,224,169,43,80,1,1,80,1,133,133,43,169,133,169,88,80,88,169,0,0,171,89,0,5,172
1,220,0,1,220,220,220,220,226,220,58,220,1,1,220,1,220,220,58,220,220,220,124,220,124,220,0,0,171,89,0,5,172
1,220,0,1,220,220,220,220,228,220,58,220,1,1,220,1,220,220,58,220,220,220,124,220,124,220,0,0,171,89,0,5,172
1,220,0,1,220,220,220,220,232,220,58,220,1,1,220,1,220,220,58,220,220,220,124,220,124,220,0,0,171,89,0,5,172
1,220,0,1,220,220,220,220,2096,220,58,220,1,1,220,1,220,220,58,220,220,220,124,220,124,220,0,0,171,89,0,5,172
1,220,0,238,220,220,12,12,14,220,12,220,1,12,220,1,220,12,57,12,12,220,52,220,12,12,0,1,23,49,0,5,89
1,220,0,238,220,220,12,12,60,220,12,220,1,12,220,1,220,12,57,12,12,220,52,220,12,12,0,1,23,49,0,5,89
1,220,0,238,220,220,12,12,61,220,12,220,1,12,220,1,220,12,57,12,12,220,52,220,12,12,0,1,23,49,0,5,89
1,220,0,1,220,220,220,220,201,220,58,220,1,1,220,1,220,220,58,220,220,220,124,220,124,220,0,1,171,89,0,5,172
1,220,0,1,220,220,220,220,202,220,58,220,1,1,220,1,220,220,58,220,220,220,124,220,124,220,0,1,171,89,0,5,172
1,220,0,1,220,220,220,220,223,220,58,220,1,1,220,1,220,220,58,220,220,220,124,220,124,220,0,1,171,89,0,5,172
1,220,0,12,220,220,220,220,224,220,12,220,1,12,220,1,220,220,12,220,220,220,12,220,12,220,0,1,171,89,0,5,172
1,220,0,1,220,220,220,220,226,220,58,220,1,1,220,1,220,220,58,220,220,220,124,220,124,220,0,1,171,89,0,5,172
1,220,0,1,220,220,220,220,228,220,58,220,1,1,220,1,220,220,58,220,220,220,124,220,124,220,0,1,171,89,0,5,172
1,220,0,1,220,220,220,220,232,220,58,220,1,1,220,1,220,220,58,220,220,220,124,220,124,220,0,1,171,89,0,5,172
1,220,0,1,220,220,220,220,2096,220,58,220,1,1,220,1,220,220,58,220,220,220,124,220,124,220,0,1,171,89,0,5,172
1,12,0,220,12,12,220,220,14,12,220,12,1,220,12,1,12,220,220,220,220,12,220,12,220,220,0,2,23,49,0,5,89
1,12,0,220,12,12,220,220,60,12,220,12,1,220,12,1,12,220,220,220,220,12,220,12,220,220,0,2,23,49,0,5,89
1,12,0,220,12,12,220,220,61,12,220,12,1,220,12,1,12,220,220,220,220,12,220,12,220,220,0,2,23,49,0,5,89
1,12,0,220,12,12,12,12,201,12,220,12,1,220,12,1,12,12,220,12,12,12,220,12,220,12,0,2,171,89,0,5,172
1,12,0,220,12,12,12,12,202,12,220,12,1,220,12,1,12,12,220,12,12,12,220,12,220,12,0,2,171,89,0,5,172
1,12,0,220,12,12,12,12,223,12,220,12,1,220,12,1,12,12,220,12,12,12,220,12,220,12,0,2,171,89,0,5,172
1,12,0,220,12,12,12,12,224,12,220,12,1,220,12,1,12,12,220,12,12,12,220,12,220,12,0,2,171,89,0,5,172
1,12,0,220,12,12,12,12,226,12,220,12,1,220,12,1,12,12,220,12,12,12,220,12,220,12,0,2,171,89,0,5,172
1,12,0,220,12,12,12,12,228,12,220,12,1,220,12,1,12,12,220,12,12,12,220,12,220,12,0,2,171,89,0,5,172
1,12,0,220,12,12,12,12,232,12,220,12,1,220,12,1,12,12,220,12,12,12,220,12,220,12,0,2,171,89,0,5,172
1,12,0,220,12,12,12,12,2096,12,220,12,1,220,12,1,12,12,220,12,12,12,220,12,220,12,0,2,171,89,0,5,172
1,12,0,220,12,12,220,220,14,12,220,12,1,220,12,1,12,220,220,220,220,12,220,12,220,220,0,3,23,49,0,5,89
1,12,0,220,12,12,220,220,60,12,220,12,1,220,12,1,12,220,220,220,220,12,220,12,220,220,0,3,23,49,0,5,89
1,12,0,220,12,12,220,220,61,12,220,12,1,220,12,1,12,220,220,220,220,12,220,12,220,220,0,3,23,49,0,5,89
1,12,0,220,12,12,12,12,201,12,220,12,1,220,12,1,12,12,220,12,12,12,220,12,220,12,0,3,171,89,0,5,172
1,12,0,220,12,12,12,12,202,12,220,12,1,220,12,1,12,12,220,12,12,12,220,12,220,12,0,3,171,89,0,5,172
1,12,0,220,12,12,12,12,223,12,220,12,1,220,12,1,12,12,220,12,12,12,220,12,220,12,0,3,171,89,0,5,172
1,12,0,220,12,12,12,12,224,12,220,12,1,220,12,1,12,12,220,12,12,12,220,12,220,12,0,3,171,89,0,5,172
1,12,0,220,12,12,12,12,226,12,220,12,1,220,12,1,12,12,220,12,12,12,220,12,220,12,0,3,171,89,0,5,172
1,12,0,220,12,12,12,12,228,12,220,12,1,220,12,1,12,12,220,12,12,12,220,12,220,12,0,3,171,89,0,5,172
1,12,0,220,12,12,12,12,232,12,220,12,1,220,12,1,12,12,220,12,12,12,220,12,220,12,0,3,171,89,0,5,172
1,12,0,220,12,12,12,12,2096,12,220,12,1,220,12,1,12,12,220,12,12,12,220,12,220,12,0,3,171,89,0,5,172
1,12,0,238,220,220,220,220,14,12,12,12,1,12,220,1,220,220,57,220,220,220,52,220,12,220,0,0,23,49,0,7,89
1,12,0,238,220,220,220,220,60,12,12,12,1,12,220,1,220,220,57,220,220,220,52,220,12,220,0,0,23,49,0,7,89
1,12,0,238,220,220,220,220,61,12,12,12,1,12,220,1,220,220,57,220,220,220,52,220,12,220,0,0,23,49,0,7,89
1,220,0,220,0,28,12,12,14,220,220,220,1,220,136,1,28,12,220,12,12,0,220,136,220,12,0,1,23,49,0,7,89
1,220,0,220,0,28,12,12,60,220,220,220,1,220,136,1,28,12,220,12,12,0,220,136,220,12,0,1,23,49,0,7,89
1,220,0,220,0,28,12,12,61,220,220,220,1,220,136,1,28,12,220,12,12,0,220,136,220,12,0,1,23,49,0,7,89
1,220,0,238,220,220,12,12,14,220,12,220,1,12,220,1,220,12,57,12,12,220,52,220,12,12,0,2,23,49,0,7,89
1,220,0,238,220,220,12,12,60,220,12,220,1,12,220,1,220,12,57,12,12,220,52,220,12,12,0,2,23,49,0,7,89
1,220,0,238,220,220,12,12,61,220,12,220,1,12,220,1,220,12,57,12,12,220,52,220,12,12,0,2,23,49,0,7,89
1,28,0,220,0,28,220,220,14,0,220,136,1,220,136,1,28,220,220,220,220,0,220,136,220,220,0,3,23,49,0,7,89
1,28,0,220,0,28,220,220,60,0,220,136,1,220,136,1,28,220,220,220,220,0,220,136,220,220,0,3,23,49,0,7,89
1,28,0,220,0,28,220,220,61,0,220,136,1,220,136,1,28,220,220,220,220,0,220,136,220,220,0,3,23,49,0,7,89
1,30,0,33,28,30,99,220,13,28,220,77,0,220,77,1,30,41,41,220,220,28,99,77,220,33,0,0,265,135,0,8,265
1,220,0,220,220,220,220,12,13,220,12,220,0,12,220,1,220,220,220,12,12,220,220,220,12,220,0,1,262,135,0,8,262
1,220,0,220,220,220,220,12,13,220,12,220,0,12,220,1,220,220,220,12,12,220,220,220,12,220,0,2,262,135,0,8,262
1,220,0,220,220,220,220,12,13,220,12,220,0,12,220,1,220,220,220,12,12,220,220,220,12,220,0,3,262,135,0,8,262
1,220,0,238,220,220,12,12,14,220,12,220,0,12,220,1,220,12,57,12,12,220,52,220,12,12,0,0,23,49,0,9,89
1,220,0,238,220,220,12,12,60,220,12,220,0,12,220,1,220,12,57,12,12,220,52,220,12,12,0,0,23,49,0,9,89
1,220,0,238,220,220,12,12,61,220,12,220,0,12,220,1,220,12,57,12,12,220,52,220,12,12,0,0,23,49,0,9,89
1,220,0,231,220,220,41,19,201,220,183,220,0,253,220,1,220,31,31,253,183,220,41,220,19,231,0,0,174,90,0,9,174
1,220,0,231,220,220,41,19,202,220,183,220,0,253,220,1,220,31,31,253,183,220,41,220,19,231,0,0,174,90,0,9,174
1,220,0,231,220,220,41,19,223,220,183,220,0,253,220,1,220,31,31,253,183,220,41,220,19,231,0,0,174,90,0,9,174
1,220,0,231,220,220,41,19,224,220,183,220,0,253,220,1,220,31,31,253,183,220,41,220,19,231,0,0,174,90,0,9,174
1,220,0,231,220,220,41,19,226,220,183,220,0,253,220,1,220,31,31,253,183,220,41,220,19,231,0,0,174,90,0,9,174
1,220,0,231,220,220,41,19,228,220,183,220,0,253,220,1,220,31,31,253,183,220,41,220,19,231,0,0,174,90,0,9,174
1,220,0,231,220,220,41,19,232,220,183,220,0,253,220,1,220,31,31,253,183,220,41,220,19,231,0,0,174,90,0,9,174
1,220,0,231,220,220,41,19,2096,220,183,220,0,253,220,1,220,31,31,253,183,220,41,220,19,231,0,0,174,90,0,9,174
1,220,0,220,12,12,12,12,14,220,220,220,0,220,12,1,12,12,220,12,12,12,220,12,220,12,0,1,23,49,0,9,89
1,220,0,220,12,12,12,12,60,220,220,220,0,220,12,1,12,12,220,12,12,12,220,12,220,12,0,1,23,49,0,9,89
1,220,0,220,12,12,12,12,61,220,220,220,0,220,12,1,12,12,220,12,12,12,220,12,220,12,0,1,23,49,0,9,89
1,220,0,123,12,12,41,19,201,220,125,220,0,123,12,1,12,31,125,253,183,12,141,12,141,231,0,1,174,90,0,9,174
1,220,0,123,12,12,41,19,202,220,125,220,0,123,12,1,12,31,125,253,183,12,141,12,141,231,0,1,174,90,0,9,174
1,220,0,123,12,12,41,19,223,220,125,220,0,123,12,1,12,31,125,253,183,12,141,12,141,231,0,1,174,90,0,9,174
1,220,0,123,12,12,41,19,224,220,125,220,0,123,12,1,12,31,125,253,183,12,141,12,141,231,0,1,174,90,0,9,174
1,220,0,123,12,12,41,19,226,220,125,220,0,123,12,1,12,31,125,253,183,12,141,12,141,231,0,1,174,90,0,9,174
1,220,0,123,12,12,41,19,228,220,125,220,0,123,12,1,12,31,125,253,183,12,141,12,141,231,0,1,174,90,0,9,174
1,220,0,123,12,12,41,19,232,220,125,220,0,123,12,1,12,31,125,253,183,12,141,12,141,231,0,1,174,90,0,9,174
1,220,0,123,12,12,41,19,2096,220,125,220,0,123,12,1,12,31,125,253,183,12,141,12,141,231,0,1,174,90,0,9,174
1,220,0,238,220,220,12,12,14,220,12,220,0,12,220,1,220,12,57,12,12,220,52,220,12,12,0,2,23,49,0,9,89
1,220,0,238,220,220,12,12,60,220,12,220,0,12,220,1,220,12,57,12,12,220,52,220,12,12,0,2,23,49,0,9,89
1,220,0,238,220,220,12,12,61,220,12,220,0,12,220,1,220,12,57,12,12,220,52,220,12,12,0,2,23,49,0,9,89
1,220,0,231,220,220,41,19,201,220,183,220,0,253,220,1,220,31,31,253,183,220,41,220,19,231,0,2,174,90,0,9,174
1,220,0,231,220,220,41,19,202,220,183,220,0,253,220,1,220,31,31,253,183,220,41,220,19,231,0,2,174,90,0,9,174
1,220,0,231,220,220,41,19,223,220,183,220,0,253,220,1,220,31,31,253,183,220,41,220,19,231,0,2,174,90,0,9,174
1,220,0,231,220,220,41,19,224,220,255,220,0,0,220,1,220,31,31,253,183,220,41,220,0,231,0,2,174,90,0,9,174
1,220,0,231,220,220,41,19,226,220,183,220,0,253,220,1,220,31,31,253,183,220,41,220,19,231,0,2,174,90,0,9,174
1,220,0,231,220,220,41,19,228,220,183,220,0,253,220,1,220,31,31,253,183,220,41,220,19,231,0,2,174,90,0,9,174
1,220,0,231,220,220,41,19,232,220,183,220,0,253,220,1,220,31,31,253,183,220,41,220,19,231,0,2,174,90,0,9,174
1,220,0,231,220,220,41,19,2096,220,183,220,0,253,220,1,220,31,31,253,183,220,41,220,19,231,0,2,174,90,0,9,174
1,220,0,238,220,220,12,12,14,220,12,220,0,12,220,1,220,12,57,12,12,220,52,220,12,12,0,3,23,49,0,9,89
1,220,0,238,220,220,12,12,60,220,12,220,0,12,220,1,220,12,57,12,12,220,52,220,12,12,0,3,23,49,0,9,89
1,220,0,238,220,220,12,12,61,220,12,220,0,12,220,1,220,12,57,12,12,220,52,220,12,12,0,3,23,49,0,9,89
1,220,0,231,220,220,41,19,201,220,183,220,0,253,220,1,220,31,31,253,183,220,41,220,19,231,0,3,174,90,0,9,174
1,220,0,231,220,220,41,19,202,220,183,220,0,253,220,1,220,31,31,253,183,220,41,220,19,231,0,3,174,90,0,9,174
1,220,0,231,220,220,41,19,223,220,183,220,0,253,220,1,220,31,31,253,183,220,41,220,19,231,0,3,174,90,0,9,174
1,220,0,231,220,220,41,19,224,220,183,220,0,253,220,1,220,31,31,253,183,220,41,220,19,231,0,3,174,90,0,9,174
1,220,0,231,220,220,41,19,226,220,183,220,0,253,220,1,220,31,31,253,183,220,41,220,19,231,0,3,174,90,0,9,174
1,220,0,231,220,220,41,19,228,220,183,220,0,253,220,1,220,31,31,253,183,220,41,220,19,231,0,3,174,90,0,9,174
1,220,0,231,220,220,41,19,232,220,183,220,0,253,220,1,220,31,31,253,183,220,41,220,19,231,0,3,174,90,0,9,174
1,220,0,231,220,220,41,19,2096,220,183,220,0,253,220,1,220,31,31,253,183,220,41,220,19,231,0,3,174,90,0,9,174
1,28,0,238,220,220,220,220,14,0,12,136,1,12,220,1,220,220,57,220,220,220,52,220,12,220,0,0,23,49,0,10,89
1,28,0,238,220,220,220,220,60,0,12,136,1,12,220,1,220,220,57,220,220,220,52,220,12,220,0,0,23,49,0,10,89
1,28,0,238,220,220,220,220,61,0,12,136,1,12,220,1,220,220,57,220,220,220,52,220,12,220,0,0,23,49,0,10,89
1,59,0,38,38,59,74,74,201,38,147,74,0,116,74,1,59,59,59,38,59,38,74,74,192,38,0,0,206,139,0,10,206
1,59,0,38,38,59,74,74,202,38,147,74,0,116,74,1,59,59,59,38,59,38,74,74,192,38,0,0,206,139,0,10,206
1,59,0,38,38,59,74,74,223,38,147,74,0,116,74,1,59,59,59,38,59,38,74,74,192,38,0,0,206,139,0,10,206
1,59,0,38,38,59,74,74,224,38,147,74,0,116,74,1,59,59,59,38,59,38,74,74,192,38,0,0,206,139,0,10,206
1,59,0,38,38,59,74,74,226,38,147,74,0,116,74,1,59,59,59,38,59,38,74,74,192,38,0,0,206,139,0,10,206
1,59,0,38,38,59,74,74,228,38,147,74,0,116,74,1,59,59,59,38,59,38,74,74,192,38,0,0,206,139,0,10,206
1,59,0,38,38,59,74,74,232,38,147,74,0,116,74,1,59,59,59,38,59,38,74,74,192,38,0,0,206,139,0,10,206
1,59,0,38,38,59,74,74,2096,38,147,74,0,116,74,1,59,59,59,38,59,38,74,74,192,38,0,0,206,139,0,10,206
1,220,0,220,12,12,12,12,14,220,220,220,1,220,12,1,12,12,220,12,12,12,220,12,220,12,0,1,23,49,0,10,89
1,220,0,220,12,12,12,12,60,220,220,220,1,220,12,1,12,12,220,12,12,12,220,12,220,12,0,1,23,49,0,10,89
1,220,0,220,12,12,12,12,61,220,220,220,1,220,12,1,12,12,220,12,12,12,220,12,220,12,0,1,23,49,0,10,89
1,220,0,220,220,220,220,220,201,220,33,220,0,32,220,1,220,220,220,220,220,220,220,220,51,220,0,1,206,139,0,10,206
1,220,0,220,220,220,220,220,202,220,33,220,0,32,220,1,220,220,220,220,220,220,220,220,51,220,0,1,206,139,0,10,206
1,220,0,220,220,220,220,220,223,220,33,220,0,32,220,1,220,220,220,220,220,220,220,220,51,220,0,1,206,139,0,10,206
1,220,0,220,220,220,220,220,224,220,33,220,0,32,220,1,220,220,220,220,220,220,220,220,51,220,0,1,206,139,0,10,206
1,220,0,220,220,220,220,220,226,220,33,220,0,32,220,1,220,220,220,220,220,220,220,220,51,220,0,1,206,139,0,10,206
1,220,0,220,220,220,220,220,228,220,33,220,0,32,220,1,220,220,220,220,220,220,220,220,51,220,0,1,206,139,0,10,206
1,220,0,220,220,220,220,220,232,220,33,220,0,32,220,1,220,220,220,220,220,220,220,220,51,220,0,1,206,139,0,10,206
1,220,0,220,220,220,220,220,2096,220,33,220,0,32,220,1,220,220,220,220,220,220,220,220,51,220,0,1,206,139,0,10,206
1,220,0,238,220,220,12,12,14,220,12,220,1,12,220,1,220,12,57,12,12,220,52,220,12,12,0,2,23,49,0,10,89
1,220,0,238,220,220,12,12,60,220,12,220,1,12,220,1,220,12,57,12,12,220,52,220,12,12,0,2,23,49,0,10,89
1,220,0,238,220,220,12,12,61,220,12,220,1,12,220,1,220,12,57,12,12,220,52,220,12,12,0,2,23,49,0,10,89
1,12,0,12,12,12,12,12,201,12,119,12,0,234,12,1,12,12,12,12,12,12,12,12,97,12,0,2,206,139,0,10,206
1,12,0,12,12,12,12,12,202,12,119,12,0,234,12,1,12,12,12,12,12,12,12,12,97,12,0,2,206,139,0,10,206
1,12,0,12,12,12,12,12,223,12,119,12,0,234,12,1,12,12,12,12,12,12,12,12,97,12,0,2,206,139,0,10,206
1,12,0,12,12,12,12,12,224,12,119,12,0,234,12,1,12,12,12,12,12,12,12,12,97,12,0,2,206,139,0,10,206
1,12,0,12,12,12,12,12,226,12,119,12,0,234,12,1,12,12,12,12,12,12,12,12,97,12,0,2,206,139,0,10,206
1,12,0,12,12,12,12,12,228,12,119,12,0,234,12,1,12,12,12,12,12,12,12,12,97,12,0,2,206,139,0,10,206
1,12,0,12,12,12,12,12,232,12,119,12,0,234,12,1,12,12,12,12,12,12,12,12,97,12,0,2,206,139,0,10,206
1,12,0,12,12,12,12,12,2096,12,119,12,0,234,12,1,12,12,12,12,12,12,12,12,97,12,0,2,206,139,0,10,206
1,220,0,238,220,220,12,12,14,220,12,220,1,12,220,1,220,12,57,12,12,220,52,220,12,12,0,3,23,49,0,10,89
1,220,0,238,220,220,12,12,60,220,12,220,1,12,220,1,220,12,57,12,12,220,52,220,12,12,0,3,23,49,0,10,89
1,220,0,238,220,220,12,12,61,220,12,220,1,12,220,1,220,12,57,12,12,220,52,220,12,12,0,3,23,49,0,10,89
1,163,0,175,175,163,150,150,201,175,54,150,0,109,150,1,163,163,163,175,163,175,150,150,65,175,0,3,206,139,0,10,206
1,163,0,175,175,163,150,150,202,175,54,150,0,109,150,1,163,163,163,175,163,175,150,150,65,175,0,3,206,139,0,10,206
1,163,0,175,175,163,150,150,223,175,54,150,0,109,150,1,163,163,163,175,163,175,150,150,65,175,0,3,206,139,0,10,206
1,163,0,175,175,163,150,150,224,175,54,150,0,109,150,1,163,163,163,175,163,175,150,150,65,175,0,3,206,139,0,10,206
1,163,0,175,175,163,150,150,226,175,54,150,0,109,150,1,163,163,163,175,163,175,150,150,65,175,0,3,206,139,0,10,206
1,163,0,175,175,163,150,150,228,175,54,150,0,109,150,1,163,163,163,175,163,175,150,150,65,175,0,3,206,139,0,10,206
1,163,0,175,175,163,150,150,232,175,54,150,0,109,150,1,163,163,163,175,163,175,150,150,65,175,0,3,206,139,0,10,206
1,163,0,175,175,163,150,150,2096,175,54,150,0,109,150,1,163,163,163,175,163,175,150,150,65,175,0,3,206,139,0,10,206
1,12,0,238,220,220,220,220,14,12,12,12,1,12,220,1,220,220,57,220,220,220,52,220,12,220,0,0,23,49,0,11,89
1,12,0,238,220,220,220,220,60,12,12,12,1,12,220,1,220,220,57,220,220,220,52,220,12,220,0,0,23,49,0,11,89
1,12,0,238,220,220,220,220,61,12,12,12,1,12,220,1,220,220,57,220,220,220,52,220,12,220,0,0,23,49,0,11,89
1,220,0,238,220,220,12,12,14,220,12,220,1,12,220,1,220,12,57,12,12,220,52,220,12,12,0,1,23,49,0,11,89
1,220,0,238,220,220,12,12,60,220,12,220,1,12,220,1,220,12,57,12,12,220,52,220,12,12,0,1,23,49,0,11,89
1,220,0,238,220,220,12,12,61,220,12,220,1,12,220,1,220,12,57,12,12,220,52,220,12,12,0,1,23,49,0,11,89
1,12,0,220,12,12,220,220,14,12,220,12,1,220,12,1,12,220,220,220,220,12,220,12,220,220,0,2,23,49,0,11,89
1,12,0,220,12,12,220,220,60,12,220,12,1,220,12,1,12,220,220,220,220,12,220,12,220,220,0,2,23,49,0,11,89
1,12,0,220,12,12,220,220,61,12,220,12,1,220,12,1,12,220,220,220,220,12,220,12,220,220,0,2,23,49,0,11,89
1,220,0,220,12,12,12,12,14,220,220,220,1,220,12,1,12,12,220,12,12,12,220,12,220,12,0,3,23,49,0,11,89
1,220,0,220,12,12,12,12,60,220,220,220,1,220,12,1,12,12,220,12,12,12,220,12,220,12,0,3,23,49,0,11,89
1,220,0,220,12,12,12,12,61,220,220,220,1,220,12,1,12,12,220,12,12,12,220,12,220,12,0,3,23,49,0,11,89
1,220,0,220,220,220,220,12,13,220,12,220,1,12,220,1,220,220,220,12,12,220,220,220,12,220,0,0,262,135,0,12,262
1,220,0,220,220,220,220,12,13,220,12,220,1,12,220,1,220,220,220,12,12,220,220,220,12,220,0,1,262,135,0,12,262
1,220,0,220,220,220,220,12,13,220,12,220,1,12,220,1,220,220,220,12,12,220,220,220,12,220,0,2,262,135,0,12,262
1,0,0,220,197,0,220,220,14,197,220,46,1,220,46,1,0,220,220,220,220,197,220,46,220,220,0,0,23,49,0,13,89
1,0,0,220,197,0,220,220,60,197,220,46,1,220,46,1,0,220,220,220,220,197,220,46,220,220,0,0,23,49,0,13,89
1,0,0,220,197,0,220,220,61,197,220,46,1,220,46,1,0,220,220,220,220,197,220,46,220,220,0,0,23,49,0,13,89
1,12,0,220,12,12,220,220,14,12,220,12,1,220,12,1,12,220,220,220,220,12,220,12,220,220,0,1,23,49,0,13,89
1,12,0,220,12,12,220,220,60,12,220,12,1,220,12,1,12,220,220,220,220,12,220,12,220,220,0,1,23,49,0,13,89
1,12,0,220,12,12,220,220,61,12,220,12,1,220,12,1,12,220,220,220,220,12,220,12,220,220,0,1,23,49,0,13,89
1,12,0,220,12,12,220,220,14,12,220,12,1,220,12,1,12,220,220,220,220,12,220,12,220,220,0,2,23,49,0,13,89
1,12,0,220,12,12,220,220,60,12,220,12,1,220,12,1,12,220,220,220,220,12,220,12,220,220,0,2,23,49,0,13,89
1,12,0,220,12,12,220,220,61,12,220,12,1,220,12,1,12,220,220,220,220,12,220,12,220,220,0,2,23,49,0,13,89
1,220,0,238,220,220,12,12,14,220,12,220,1,12,220,1,220,12,57,12,12,220,52,220,12,12,0,3,23,49,0,13,89
1,220,0,238,220,220,12,12,60,220,12,220,1,12,220,1,220,12,57,12,12,220,52,220,12,12,0,3,23,49,0,13,89
1,220,0,238,220,220,12,12,61,220,12,220,1,12,220,1,220,12,57,12,12,220,52,220,12,12,0,3,23,49,0,13,89
1,0,0,238,220,220,220,220,14,197,12,46,0,12,220,1,220,220,57,220,220,220,52,220,12,220,0,0,23,49,0,14,89
1,0,0,238,220,220,220,220,60,197,12,46,0,12,220,1,220,220,57,220,220,220,52,220,12,220,0,0,23,49,0,14,89
1,0,0,238,220,220,220,220,61,197,12,46,0,12,220,1,220,220,57,220,220,220,52,220,12,220,0,0,23,49,0,14,89
1,28,0,220,0,28,220,12,14,0,12,136,0,12,136,1,28,220,220,12,12,0,220,136,12,220,0,1,23,49,0,14,89
1,28,0,220,0,28,220,12,60,0,12,136,0,12,136,1,28,220,220,12,12,0,220,136,12,220,0,1,23,49,0,14,89
1,28,0,220,0,28,220,12,61,0,12,136,0,12,136,1,28,220,220,12,12,0,220,136,12,220,0,1,23,49,0,14,89
1,220,0,238,220,220,12,12,14,220,12,220,0,12,220,1,220,12,57,12,12,220,52,220,12,12,0,2,23,49,0,14,89
1,220,0,238,220,220,12,12,60,220,12,220,0,12,220,1,220,12,57,12,12,220,52,220,12,12,0,2,23,49,0,14,89
1,220,0,238,220,220,12,12,61,220,12,220,0,12,220,1,220,12,57,12,12,220,52,220,12,12,0,2,23,49,0,14,89
1,220,0,238,220,220,12,12,14,220,12,220,0,12,220,1,220,12,57,12,12,220,52,220,12,12,0,3,23,49,0,14,89
1,220,0,238,220,220,12,12,60,220,12,220,0,12,220,1,220,12,57,12,12,220,52,220,12,12,0,3,23,49,0,14,89
1,220,0,238,220,220,12,12,61,220,12,220,0,12,220,1,220,12,57,12,12,220,52,220,12,12,0,3,23,49,0,14,89
1,30,0,220,234,30,220,220,13,234,220,45,1,220,45,1,30,220,220,220,220,235,220,45,220,220,0,0,262,135,0,15,262
1,220,0,220,220,220,220,12,13,220,12,220,1,12,220,1,220,220,220,12,12,220,220,220,12,220,0,1,262,135,0,15,262
1,220,0,25,12,12,220,12,13,220,220,220,1,220,12,1,12,220,25,12,12,12,25,12,220,220,0,2,265,135,0,15,262
1,30,0,25,12,12,220,220,13,234,220,45,1,220,12,1,12,220,25,220,220,12,25,12,220,220,0,0,265,135,0,17,262
1,12,0,25,12,12,25,220,13,12,220,12,1,220,12,1,12,25,25,220,220,12,25,12,220,25,0,1,265,135,0,17,265
1,220,0,220,220,220,220,12,13,220,12,220,1,12,220,1,220,220,220,12,12,220,220,220,12,220,0,2,262,135,0,17,262
1,30,0,25,12,12,220,220,13,234,220,45,1,220,12,1,12,220,25,220,220,12,25,12,220,220,0,3,265,135,0,17,262
1,28,0,220,0,28,220,220,14,0,220,136,1,220,136,1,28,220,220,220,220,0,220,136,220,220,0,0,23,49,0,18,89
1,28,0,220,0,28,220,220,60,0,220,136,1,220,136,1,28,220,220,220,220,0,220,136,220,220,0,0,23,49,0,18,89
1,28,0,220,0,28,220,220,61,0,220,136,1,220,136,1,28,220,220,220,220,0,220,136,220,220,0,0,23,49,0,18,89
1,25,0,11,11,25,69,69,201,11,25,69,1,11,69,1,25,25,25,11,25,11,69,69,69,11,0,0,151,78,0,18,151
1,25,0,11,11,25,69,69,202,11,25,69,1,11,69,1,25,25,25,11,25,11,69,69,69,11,0,0,151,78,0,18,151
1,25,0,11,11,25,69,69,223,11,25,69,1,11,69,1,25,25,25,11,25,11,69,69,69,11,0,0,151,78,0,18,151
1,25,0,11,11,25,69,69,224,11,25,69,1,11,69,1,25,25,25,11,25,11,69,69,69,11,0,0,151,78,0,18,151
1,25,0,11,11,25,69,69,226,11,25,69,1,11,69,1,25,25,25,11,25,11,69,69,69,11,0,0,151,78,0,18,151
1,25,0,11,11,25,69,69,228,11,25,69,1,11,69,1,25,25,25,11,25,11,69,69,69,11,0,0,151,78,0,18,151
1,25,0,11,11,25,69,69,232,11,25,69,1,11,69,1,25,25,25,11,25,11,69,69,69,11,0,0,151,78,0,18,151
1,25,0,11,11,25,69,69,2096,11,25,69,1,11,69,1,25,25,25,11,25,11,69,69,69,11,0,0,151,78,0,18,151
1,220,0,238,220,220,12,12,14,220,12,220,1,12,220,1,220,12,57,12,12,220,52,220,12,12,0,1,23,49,0,18,89
1,220,0,238,220,220,12,12,60,220,12,220,1,12,220,1,220,12,57,12,12,220,52,220,12,12,0,1,23,49,0,18,89
1,220,0,238,220,220,12,12,61,220,12,220,1,12,220,1,220,12,57,12,12,220,52,220,12,12,0,1,23,49,0,18,89
1,220,0,220,220,220,220,220,201,220,220,220,1,220,220,1,220,220,220,220,220,220,220,220,220,220,0,1,151,78,0,18,151
1,220,0,220,220,220,220,220,202,220,220,220,1,220,220,1,220,220,220,220,220,220,220,220,220,220,0,1,151,78,0,18,151
1,220,0,220,220,220,220,220,223,220,220,220,1,220,220,1,220,220,220,220,220,220,220,220,220,220,0,1,151,78,0,18,151
1,220,0,220,220,220,220,220,224,220,220,220,1,220,220,1,220,220,220,220,220,220,220,220,220,220,0,1,151,78,0,18,151
1,220,0,220,220,220,220,220,226,220,220,220,1,220,220,1,220,220,220,220,220,220,220,220,220,220,0,1,151,78,0,18,151
1,220,0,220,220,220,220,220,228,220,220,220,1,220,220,1,220,220,220,220,220,220,220,220,220,220,0,1,151,78,0,18,151
1,220,0,220,220,220,220,220,232,220,220,220,1,220,220,1,220,220,220,220,220,220,220,220,220,220,0,1,151,78,0,18,151
1,220,0,220,220,220,220,220,2096,220,220,220,1,220,220,1,220,220,220,220,220,220,220,220,220,220,0,1,151,78,0,18,151
1,12,0,220,12,12,220,220,14,12,220,12,1,220,12,1,12,220,220,220,220,12,220,12,220,220,0,2,23,49,0,18,89
1,12,0,220,12,12,220,220,60,12,220,12,1,220,12,1,12,220,220,220,220,12,220,12,220,220,0,2,23,49,0,18,89
1,12,0,220,12,12,220,220,61,12,220,12,1,220,12,1,12,220,220,220,220,12,220,12,220,220,0,2,23,49,0,18,89
1,12,0,12,12,12,12,12,201,12,12,12,1,12,12,1,12,12,12,12,12,12,12,12,12,12,0,2,151,78,0,18,151
1,12,0,12,12,12,12,12,202,12,12,12,1,12,12,1,12,12,12,12,12,12,12,12,12,12,0,2,151,78,0,18,151
1,12,0,12,12,12,12,12,223,12,12,12,1,12,12,1,12,12,12,12,12,12,12,12,12,12,0,2,151,78,0,18,151
1,12,0,12,12,12,12,12,224,12,12,12,1,12,12,1,12,12,12,12,12,12,12,12,12,12,0,2,151,78,0,18,151
1,12,0,12,12,12,12,12,226,12,12,12,1,12,12,1,12,12,12,12,12,12,12,12,12,12,0,2,151,78,0,18,151
1,12,0,12,12,12,12,12,228,12,12,12,1,12,12,1,12,12,12,12,12,12,12,12,12,12,0,2,151,78,0,18,151
1,12,0,12,12,12,12,12,232,12,12,12,1,12,12,1,12,12,12,12,12,12,12,12,12,12,0,2,151,78,0,18,151
1,12,0,12,12,12,12,12,2096,12,12,12,1,12,12,1,12,12,12,12,12,12,12,12,12,12,0,2,151,78,0,18,151
2,12,0,220,12,12,220,220,14,12,220,12,1,220,12,1,12,220,220,220,220,12,220,12,220,220,0,3,23,49,0,18,89
2,12,0,220,12,12,220,220,60,12,220,12,1,220,12,1,12,220,220,220,220,12,220,12,220,220,0,3,23,49,0,18,89
2,12,0,220,12,12,220,220,61,12,220,12,1,220,12,1,12,220,220,220,220,12,220,12,220,220,0,3,23,49,0,18,89
2,12,0,12,12,12,12,12,201,12,12,12,1,12,12,1,12,12,12,12,12,12,12,12,12,12,0,3,151,78,0,18,151
2,12,0,12,12,12,12,12,202,12,12,12,1,12,12,1,12,12,12,12,12,12,12,12,12,12,0,3,151,78,0,18,151
2,12,0,12,12,12,12,12,223,12,12,12,1,12,12,1,12,12,12,12,12,12,12,12,12,12,0,3,151,78,0,18,151
2,12,0,12,12,12,12,12,224,12,12,12,1,12,12,1,12,12,12,12,12,12,12,12,12,12,0,3,151,78,0,18,151
2,12,0,12,12,12,12,12,226,12,12,12,1,12,12,1,12,12,12,12,12,12,12,12,12,12,0,3,151,78,0,18,151
2,12,0,12,12,12,12,12,228,12,12,12,1,12,12,1,12,12,12,12,12,12,12,12,12,12,0,3,151,78,0,18,151
2,12,0,12,12,12,12,12,232,12,12,12,1,12,12,1,12,12,12,12,12,12,12,12,12,12,0,3,151,78,0,18,151
2,12,0,12,12,12,12,12,2096,12,12,12,1,12,12,1,12,12,12,12,12,12,12,12,12,12,0,3,151,78,0,18,151
1,220,0,238,220,220,12,12,14,220,12,220,0,12,220,1,220,12,57,12,12,220,52,220,12,12,0,0,23,49,0,19,89
1,220,0,238,220,220,12,12,60,220,12,220,0,12,220,1,220,12,57,12,12,220,52,220,12,12,0,0,23,49,0,19,89
1,220,0,238,220,220,12,12,61,220,12,220,0,12,220,1,220,12,57,12,12,220,52,220,12,12,0,0,23,49,0,19,89
1,12,0,220,12,12,220,220,14,12,220,12,0,220,12,1,12,220,220,220,220,12,220,12,220,220,0,1,23,49,0,19,89
1,12,0,220,12,12,220,220,60,12,220,12,0,220,12,1,12,220,220,220,220,12,220,12,220,220,0,1,23,49,0,19,89
1,12,0,220,12,12,220,220,61,12,220,12,0,220,12,1,12,220,220,220,220,12,220,12,220,220,0,1,23,49,0,19,89
1,220,0,238,220,220,12,12,14,220,12,220,0,12,220,1,220,12,57,12,12,220,52,220,12,12,0,2,23,49,0,19,89
1,220,0,238,220,220,12,12,60,220,12,220,0,12,220,1,220,12,57,12,12,220,52,220,12,12,0,2,23,49,0,19,89
1,220,0,238,220,220,12,12,61,220,12,220,0,12,220,1,220,12,57,12,12,220,52,220,12,12,0,2,23,49,0,19,89
1,220,0,238,220,220,12,12,14,220,12,220,0,12,220,1,220,12,57,12,12,220,52,220,12,12,0,3,23,49,0,19,89
1,220,0,238,220,220,12,12,60,220,12,220,0,12,220,1,220,12,57,12,12,220,52,220,12,12,0,3,23,49,0,19,89
1,220,0,238,220,220,12,12,61,220,12,220,0,12,220,1,220,12,57,12,12,220,52,220,12,12,0,3,23,49,0,19,89
1,220,0,220,12,12,220,220,31,220,220,220,0,220,12,1,12,220,220,220,220,12,220,12,220,220,0,0,207,22,0,50,213
1,12,0,229,12,12,12,12,31,12,192,12,0,229,12,1,12,12,192,12,12,12,85,12,85,12,0,1,207,22,0,50,213
1,12,0,65,12,12,12,12,31,12,151,12,0,65,12,1,12,12,151,12,12,12,187,12,187,12,0,2,207,22,0,50,213
1,43,0,220,220,220,53,53,32,100,220,53,0,220,220,1,220,43,220,100,43,220,220,220,220,100,0,0,213,22,0,54,213
1,220,0,100,100,43,220,220,32,220,43,220,0,100,53,1,43,220,43,220,220,100,53,53,53,220,0,1,213,22,0,54,213
1,43,0,100,100,43,53,53,32,100,43,53,0,100,53,1,43,43,43,100,43,100,53,53,53,100,0,2,213,22,0,54,213
1,220,0,220,220,220,220,220,32,220,220,220,0,220,220,1,220,220,220,220,220,220,220,220,220,220,0,3,213,22,0,54,213
1,220,0,12,12,12,220,220,32,220,12,220,0,12,12,1,12,220,12,220,220,12,12,12,12,220,0,0,213,22,0,55,213
1,85,0,0,0,85,135,135,32,0,85,135,0,0,135,1,85,85,85,0,85,0,135,135,135,0,0,1,213,22,0,55,213
1,12,0,12,12,12,12,12,32,12,12,12,0,12,12,1,12,12,12,12,12,12,12,12,12,12,0,2,213,22,0,55,213
1,215,0,253,253,215,95,95,32,253,215,95,0,253,95,1,215,215,215,253,215,253,95,95,95,253,0,3,213,22,0,55,213
2,63,0,220,40,63,146,146,16,40,220,146,0,220,146,1,220,63,220,40,63,220,220,220,220,40,0,0,204,19,0,57,204
2,220,0,12,220,220,220,220,16,220,12,220,0,12,220,1,220,220,12,220,220,220,12,220,12,220,0,1,204,19,0,57,204
2,57,0,244,6,57,153,96,16,6,216,153,0,244,153,1,57,57,216,244,216,6,96,153,96,6,0,2,204,19,0,57,204
2,220,0,12,220,220,220,12,16,220,12,220,0,12,220,1,220,220,12,12,12,220,12,220,12,220,0,0,204,19,0,58,204
2,12,0,220,12,12,12,220,16,12,220,12,0,220,12,1,12,12,220,220,220,12,220,12,220,12,0,1,204,19,0,58,204
2,12,0,216,12,12,12,12,16,12,12,12,0,12,12,1,12,12,226,12,12,12,17,12,12,12,0,2,200,19,0,58,200
2,220,0,12,220,220,12,12,16,220,12,220,0,12,220,1,220,12,12,12,12,220,12,220,12,12,0,0,204,19,0,59,204
2,58,0,220,50,58,77,220,16,50,220,77,0,220,77,1,58,58,220,220,220,50,220,77,220,50,0,1,204,19,0,59,204
2,12,0,255,12,12,12,11,16,12,209,12,0,255,12,1,12,12,207,255,209,12,11,12,11,12,0,2,204,19,0,59,204
2,220,0,12,220,220,220,12,16,220,6,220,0,188,220,1,220,220,12,12,12,220,12,220,6,220,0,0,204,19,0,62,204
2,12,0,220,12,12,12,220,16,12,220,12,0,220,12,1,12,12,220,220,220,12,220,12,220,12,0,1,204,19,0,62,204
2,12,0,0,220,220,12,60,16,12,149,12,0,0,220,1,220,12,149,0,149,220,60,220,60,12,0,2,204,19,0,62,204
2,210,0,255,225,37,24,24,17,255,37,24,0,225,27,1,37,210,210,255,210,225,24,27,27,255,0,0,201,19,0,64,201
2,220,0,12,220,220,220,220,17,220,220,220,0,220,220,1,220,220,12,220,220,220,12,220,220,220,0,1,201,19,0,64,201
2,220,0,72,220,220,220,220,17,220,220,220,0,220,220,1,220,220,104,220,220,220,146,220,220,220,0,2,201,19,0,64,201
2,12,0,220,12,12,12,220,17,12,220,12,0,220,12,1,12,12,220,220,220,12,220,12,220,12,0,3,205,19,0,64,205
2,220,0,189,220,220,220,102,17,220,46,220,0,19,220,1,220,220,15,19,46,220,23,220,102,220,0,0,203,19,0,65,203
2,30,0,220,20,30,45,220,17,20,30,45,0,20,45,1,30,30,220,220,220,20,220,45,45,20,0,1,203,19,0,65,203
2,220,0,12,220,220,12,12,17,220,12,220,0,12,220,1,220,12,12,12,12,220,12,220,12,12,0,2,205,19,0,65,205
2,37,0,19,228,37,40,102,17,228,37,40,0,228,40,1,37,37,46,19,46,228,102,40,40,228,0,3,203,19,0,65,203
2,108,0,220,137,108,37,220,17,137,220,37,0,220,37,1,108,108,220,220,220,137,220,37,220,137,0,0,205,19,0,66,205
2,37,0,220,160,37,42,42,223,160,220,42,1,220,42,1,37,37,220,160,37,160,220,42,220,160,0,0,239,120,0,66,239
2,108,0,220,137,108,37,37,224,137,220,37,1,220,37,1,108,108,220,137,108,137,220,37,220,137,0,0,239,120,0,66,239
2,37,0,220,160,37,42,42,226,160,220,42,1,220,42,1,37,37,220,160,37,160,220,42,220,160,0,0,239,120,0,66,239
2,37,0,220,160,37,42,42,232,160,220,42,1,220,42,1,37,37,220,160,37,160,220,42,220,160,0,0,239,120,0,66,239
2,37,0,220,160,37,42,42,2096,160,220,42,1,220,42,1,37,37,220,160,37,160,220,42,220,160,0,0,239,120,0,66,239
2,220,0,216,220,220,220,47,17,220,38,220,0,216,220,1,220,220,38,216,38,220,47,220,47,220,0,1,205,19,0,66,205
2,220,0,36,220,220,220,220,223,220,53,220,1,36,220,1,220,220,53,220,220,220,89,220,89,220,0,1,239,120,0,66,239
2,220,0,36,220,220,220,220,224,220,53,220,1,36,220,1,220,220,53,220,220,220,89,220,89,220,0,1,239,120,0,66,239
2,220,0,36,220,220,220,220,226,220,53,220,1,36,220,1,220,220,53,220,220,220,89,220,89,220,0,1,239,120,0,66,239
2,220,0,36,220,220,220,220,232,220,53,220,1,36,220,1,220,220,53,220,220,220,89,220,89,220,0,1,239,120,0,66,239
2,220,0,36,220,220,220,220,2096,220,53,220,1,36,220,1,220,220,53,220,220,220,89,220,89,220,0,1,239,120,0,66,239
2,12,0,12,12,12,12,220,17,12,220,12,0,220,12,1,12,12,12,220,220,12,12,12,220,12,0,2,205,19,0,66,205
2,12,0,231,12,12,12,12,223,12,205,12,1,231,12,1,12,12,205,12,12,12,39,12,39,12,0,2,239,120,0,66,239
2,12,0,231,12,12,12,12,224,12,205,12,1,231,12,1,12,12,205,12,12,12,39,12,39,12,0,2,239,120,0,66,239
2,12,0,231,12,12,12,12,226,12,205,12,1,231,12,1,12,12,205,12,12,12,39,12,39,12,0,2,239,120,0,66,239
2,12,0,231,12,12,12,12,232,12,205,12,1,231,12,1,12,12,205,12,12,12,39,12,39,12,0,2,239,120,0,66,239
2,12,0,231,12,12,12,12,2096,12,205,12,1,231,12,1,12,12,205,12,12,12,39,12,39,12,0,2,239,120,0,66,239
2,220,0,12,220,220,220,220,17,220,220,220,0,220,220,1,220,220,12,220,220,220,12,220,220,220,0,3,203,19,0,66,203
2,220,0,12,220,220,220,220,223,220,12,220,1,12,220,1,220,220,12,220,220,220,12,220,12,220,0,3,239,120,0,66,239
2,220,0,4,220,220,220,220,224,220,7,220,1,4,220,1,220,220,7,220,220,220,18,220,18,220,0,3,239,120,0,66,239
2,220,0,12,220,220,220,220,226,220,12,220,1,12,220,1,220,220,12,220,220,220,12,220,12,220,0,3,239,120,0,66,239
2,220,0,12,220,220,220,220,232,220,12,220,1,12,220,1,220,220,12,220,220,220,12,220,12,220,0,3,239,120,0,66,239
2,220,0,12,220,220,220,220,2096,220,12,220,0,12,220,1,220,220,12,220,220,220,12,220,12,220,0,3,239,120,0,66,239
2,220,0,101,220,220,220,220,17,220,220,220,0,220,220,1,220,220,19,220,220,220,19,220,220,220,0,0,201,19,0,68,201
2,19,0,248,101,19,19,60,17,101,216,19,0,248,19,1,19,19,216,248,216,101,60,19,60,101,0,1,205,19,0,68,205
2,220,0,13,220,220,220,220,17,220,220,220,0,220,220,1,220,220,150,220,220,220,180,220,220,220,0,2,201,19,0,68,201
2,11,0,171,220,220,220,44,17,171,220,44,0,220,220,1,220,220,11,171,11,220,44,220,220,220,0,0,203,19,0,69,203
2,130,0,12,155,130,66,66,17,155,130,66,0,155,66,1,130,130,12,155,130,155,12,66,66,155,0,1,203,19,0,69,203
2,12,0,33,12,12,12,12,17,12,12,12,0,12,12,1,12,12,185,12,12,12,90,12,12,12,0,2,203,19,0,69,203
2,44,0,220,15,44,104,104,17,15,44,104,0,15,104,1,44,44,220,15,44,15,220,104,104,15,0,3,203,19,0,69,203
2,79,0,220,252,79,0,220,17,252,220,0,0,220,0,1,79,79,220,220,220,252,220,0,220,252,0,0,205,19,0,70,205
2,35,0,255,25,35,65,47,17,25,115,65,0,255,65,1,35,35,115,255,115,25,47,65,47,25,0,1,205,19,0,70,205
2,12,0,216,12,12,12,108,17,12,247,12,0,216,12,1,12,12,247,216,247,12,108,12,108,12,0,2,205,19,0,70,205
2,181,0,181,12,12,181,12,17,181,181,181,0,181,12,1,12,181,181,12,12,12,181,12,181,181,0,3,205,19,0,70,205
2,98,0,250,0,98,51,51,17,0,98,51,0,0,51,1,98,98,226,0,98,0,11,51,51,0,0,0,201,19,0,71,201
2,98,0,220,0,98,51,51,17,0,98,51,0,0,51,1,98,98,220,0,98,0,220,51,51,0,0,1,201,19,0,71,201
2,220,0,123,220,220,220,220,17,220,220,220,0,220,220,1,220,220,180,220,220,220,223,220,220,220,0,2,201,19,0,71,201
2,206,0,12,254,206,0,12,17,254,12,0,0,12,0,1,206,206,12,12,12,254,12,0,12,254,0,3,205,19,0,71,205
2,12,0,12,220,220,12,30,17,12,220,12,0,220,220,1,220,12,12,210,24,220,12,220,220,12,0,0,201,19,0,72,201
2,12,0,220,12,12,12,30,17,12,24,12,0,210,12,1,12,12,220,210,24,12,220,12,30,12,0,1,201,19,0,72,201
2,220,0,231,220,220,220,220,17,220,220,220,0,220,220,1,220,220,189,220,220,220,69,220,220,220,0,2,201,19,0,72,201
2,143,0,36,161,143,103,103,17,161,143,103,0,161,103,1,143,143,72,161,143,161,174,103,103,161,0,3,201,19,0,72,201
2,220,0,163,220,220,26,26,17,220,2,220,0,163,220,1,220,2,2,163,2,220,26,220,26,163,0,0,203,19,0,73,203
2,220,0,163,220,220,26,26,223,220,2,220,0,163,220,1,220,2,2,163,2,220,26,220,26,163,0,0,220,114,0,73,220
2,220,0,163,220,220,26,26,224,220,2,220,0,163,220,1,220,2,2,163,2,220,26,220,26,163,0,0,220,114,0,73,220
2,220,0,163,220,220,26,26,226,220,2,220,0,163,220,1,220,2,2,163,2,220,26,220,26,163,0,0,220,114,0,73,220
2,220,0,163,220,220,26,26,232,220,2,220,0,163,220,1,220,2,2,163,2,220,26,220,26,163,0,0,220,114,0,73,220
2,220,0,163,220,220,26,26,2096,220,2,220,0,163,220,1,220,2,2,163,2,220,26,220,26,163,0,0,220,114,0,73,220
2,55,0,163,50,55,26,26,17,50,2,77,0,163,77,1,55,2,2,163,2,50,26,77,26,163,0,1,203,19,0,73,203
2,55,0,163,50,55,26,26,223,50,2,77,0,163,77,1,55,2,2,163,2,50,26,77,26,163,0,1,220,114,0,73,220
2,55,0,163,50,55,26,26,224,50,2,77,0,163,77,1,55,2,2,163,2,50,26,77,26,163,0,1,220,114,0,73,220
2,55,0,163,50,55,26,26,226,50,2,77,0,163,77,1,55,2,2,163,2,50,26,77,26,163,0,1,220,114,0,73,220
2,55,0,163,50,55,26,26,232,50,2,77,0,163,77,1,55,2,2,163,2,50,26,77,26,163,0,1,220,114,0,73,220
2,55,0,163,50,55,26,26,2096,50,2,77,0,163,77,1,55,2,2,163,2,50,26,77,26,163,0,1,220,114,0,73,220
2,220,0,50,220,220,88,88,17,220,114,220,0,50,220,1,220,114,114,50,114,220,88,220,88,50,0,2,203,19,0,73,203
2,220,0,50,220,220,88,88,223,220,114,220,0,50,220,1,220,114,114,50,114,220,88,220,88,50,0,2,220,114,0,73,220
2,220,0,50,220,220,88,88,224,220,114,220,0,50,220,1,220,114,114,50,114,220,88,220,88,50,0,2,220,114,0,73,220
2,220,0,50,220,220,88,88,226,220,114,220,0,50,220,1,220,114,114,50,114,220,88,220,88,50,0,2,220,114,0,73,220
2,220,0,50,220,220,88,88,232,220,114,220,0,50,220,1,220,114,114,50,114,220,88,220,88,50,0,2,220,114,0,73,220
2,220,0,50,220,220,88,88,2096,220,114,220,0,50,220,1,220,114,114,50,114,220,88,220,88,50,0,2,220,114,0,73,220
2,167,0,234,172,167,54,54,17,172,106,152,0,234,152,1,167,106,106,234,106,172,54,152,54,234,0,3,203,19,0,73,203
2,75,0,174,236,75,149,149,223,236,169,15,0,174,15,1,75,169,169,174,169,236,149,15,149,174,0,3,220,114,0,73,220
2,75,0,174,236,75,149,149,224,236,169,15,0,174,15,1,75,169,169,174,169,236,149,15,149,174,0,3,220,114,0,73,220
2,75,0,174,236,75,149,149,226,236,169,15,0,174,15,1,75,169,169,174,169,236,149,15,149,174,0,3,220,114,0,73,220
2,75,0,174,236,75,149,149,232,236,169,15,0,174,15,1,75,169,169,174,169,236,149,15,149,174,0,3,220,114,0,73,220
2,75,0,174,236,75,149,149,2096,236,169,15,0,174,15,1,75,169,169,174,169,236,149,15,149,174,0,3,220,114,0,73,220
2,220,0,225,220,220,220,12,17,220,37,220,0,225,220,1,220,220,37,12,12,220,27,220,27,220,0,0,205,19,0,74,205
2,12,0,220,12,12,12,220,17,12,220,12,0,220,12,1,12,12,220,220,220,12,220,12,220,12,0,1,205,19,0,74,205
2,220,0,62,220,220,220,179,17,220,98,220,0,62,220,1,220,220,98,62,98,220,179,220,179,220,0,2,205,19,0,74,205
2,191,0,12,212,191,138,12,17,212,12,138,0,12,138,1,191,191,12,12,12,212,12,138,12,212,0,3,205,19,0,74,205
2,12,0,155,220,220,12,19,17,12,152,12,0,155,220,1,220,12,152,155,152,220,19,220,19,12,0,0,203,19,0,76,203
2,220,0,220,1,85,220,220,17,220,85,220,0,1,158,1,85,220,220,220,220,1,220,158,158,220,0,1,203,19,0,76,203
2,220,0,12,220,220,220,12,17,220,12,220,0,12,220,1,220,220,12,12,12,220,12,220,12,220,0,2,203,19,0,76,203
2,220,0,12,220,220,220,220,17,220,220,220,0,220,220,1,220,220,12,220,220,220,12,220,220,220,0,3,203,19,0,76,203
1,220,0,220,220,220,220,12,13,220,12,220,0,12,220,1,220,220,220,12,12,220,220,220,12,220,0,0,262,135,0,88,262
1,220,0,220,220,220,220,12,13,220,12,220,0,12,220,1,220,220,220,12,12,220,220,220,12,220,0,1,262,135,0,88,262
1,220,0,220,220,220,220,12,13,220,12,220,0,12,220,1,220,220,220,12,12,220,220,220,12,220,0,2,262,135,0,88,262
1,30,0,220,220,220,220,220,13,234,12,45,0,12,220,1,220,220,220,220,220,220,220,220,12,220,0,0,262,135,0,89,262
1,220,0,220,220,220,220,12,13,220,12,220,0,12,220,1,220,220,220,12,12,220,220,220,12,220,0,1,262,135,0,89,262
1,12,0,25,12,12,25,220,13,12,220,12,0,220,12,1,12,25,25,220,220,12,25,12,220,25,0,2,265,135,0,89,265
1,220,0,25,12,12,220,12,13,220,220,220,1,220,12,1,12,220,25,12,12,12,25,12,220,220,0,0,265,135,0,91,262
1,220,0,220,220,220,220,12,13,220,12,220,1,12,220,1,220,220,220,12,12,220,220,220,12,220,0,1,262,135,0,91,262
1,12,0,25,12,12,25,220,13,12,220,12,1,220,12,1,220,25,25,220,220,220,25,220,220,25,0,2,265,135,0,91,265
1,220,0,220,234,30,220,12,13,220,220,220,0,220,45,1,30,220,220,12,12,234,220,45,220,220,0,0,262,135,0,92,262
1,220,0,220,220,220,220,12,13,220,12,220,0,12,220,1,220,220,220,12,12,220,220,220,12,220,0,1,262,135,0,92,262
1,12,0,25,12,12,25,220,13,12,220,12,0,220,12,1,12,25,25,220,220,12,25,12,220,25,0,2,265,135,0,92,265
1,30,0,220,220,220,99,220,13,28,12,77,0,12,220,1,220,41,220,220,220,220,220,220,12,33,0,0,262,135,0,94,265
1,12,0,25,12,12,25,220,13,12,220,12,0,220,12,1,12,25,25,220,220,12,25,12,220,25,0,1,265,135,0,94,265
1,220,0,220,220,220,220,12,13,220,12,220,0,12,220,1,220,220,220,12,12,220,220,220,12,220,0,2,262,135,0,94,262
1,220,0,220,220,220,220,12,13,220,12,220,0,12,220,1,220,220,220,12,12,220,220,220,12,220,0,0,262,135,0,95,262
1,220,0,220,220,220,220,12,13,220,12,220,0,12,220,1,220,220,220,12,12,220,220,220,12,220,0,1,262,135,0,95,262
1,220,0,220,220,220,220,12,13,220,12,220,0,12,220,1,220,220,220,12,12,220,220,220,12,220,0,2,262,135,0,95,262
1,12,0,25,12,12,25,220,13,12,220,12,0,220,12,1,12,25,25,220,220,12,25,12,220,25,0,3,265,135,0,95,265
1,30,0,220,220,220,99,220,13,28,12,77,0,12,220,1,220,41,220,220,220,220,220,220,12,33,0,0,262,135,0,97,265
1,220,0,25,12,12,220,12,13,220,220,220,0,220,12,1,12,220,25,12,12,12,25,12,220,220,0,1,265,135,0,97,262
1,220,0,220,220,220,220,12,13,220,12,220,0,12,220,1,220,220,220,12,12,220,220,220,12,220,0,2,262,135,0,97,262
1,30,0,25,12,12,220,220,13,234,220,45,1,220,12,1,12,220,25,220,220,12,25,12,220,220,0,0,265,135,0,106,262
1,220,0,220,220,220,220,12,13,220,12,220,1,12,220,1,220,220,220,12,12,220,220,220,12,220,0,1,262,135,0,106,262
1,12,0,25,12,12,25,220,13,12,220,12,1,220,12,1,12,25,25,220,220,12,25,12,220,25,0,2,265,135,0,106,265
1,30,0,220,234,30,220,220,13,234,220,45,1,220,45,1,30,220,220,220,220,235,220,45,220,220,0,0,262,135,0,109,262
1,220,0,220,220,220,220,12,13,220,12,220,1,12,220,1,220,220,220,12,12,220,220,220,12,220,0,1,262,135,0,109,262
1,220,0,220,220,220,220,12,13,220,12,220,1,12,220,1,220,220,220,12,12,220,220,220,12,220,0,2,262,135,0,109,262
1,220,0,220,12,12,12,12,14,220,220,220,0,220,12,1,12,12,220,12,12,12,220,12,220,12,0,0,23,49,0,110,89
1,220,0,220,12,12,12,12,60,220,220,220,0,220,12,1,12,12,220,12,12,12,220,12,220,12,0,0,23,49,0,110,89
1,220,0,220,12,12,12,12,61,220,220,220,0,220,12,1,12,12,220,12,12,12,220,12,220,12,0,0,23,49,0,110,89
1,220,0,238,220,220,12,12,14,220,12,220,0,12,220,1,220,12,57,12,12,220,52,220,12,12,0,1,23,49,0,110,89
1,220,0,238,220,220,12,12,60,220,12,220,0,12,220,1,220,12,57,12,12,220,52,220,12,12,0,1,23,49,0,110,89
1,220,0,238,220,220,12,12,61,220,12,220,0,12,220,1,220,12,57,12,12,220,52,220,12,12,0,1,23,49,0,110,89
1,220,0,238,220,220,12,12,14,220,12,220,0,12,220,1,220,12,57,12,12,220,52,220,12,12,0,2,23,49,0,110,89
1,220,0,238,220,220,12,12,60,220,12,220,0,12,220,1,220,12,57,12,12,220,52,220,12,12,0,2,23,49,0,110,89
1,220,0,238,220,220,12,12,61,220,12,220,0,12,220,1,220,12,57,12,12,220,52,220,12,12,0,2,23,49,0,110,89
1,220,0,238,220,220,12,12,14,220,12,220,0,12,220,1,220,12,57,12,12,220,52,220,12,12,0,3,23,49,0,110,89
1,220,0,238,220,220,12,12,60,220,12,220,0,12,220,1,220,12,57,12,12,220,52,220,12,12,0,3,23,49,0,110,89
1,220,0,238,220,220,12,12,61,220,12,220,0,12,220,1,220,12,57,12,12,220,52,220,12,12,0,3,23,49,0,110,89
1,12,0,220,220,220,25,220,13,12,12,12,1,12,220,1,220,25,220,220,220,220,220,220,12,25,0,0,262,135,0,121,265
1,220,0,220,220,220,220,12,13,220,12,220,1,12,220,1,220,220,220,12,12,220,220,220,12,220,0,1,262,135,0,121,262
1,220,0,220,220,220,220,12,13,220,12,220,1,12,220,1,220,220,220,12,12,220,220,220,12,220,0,2,262,135,0,121,262
1,220,0,220,220,220,220,12,13,220,12,220,0,12,220,1,220,220,220,12,12,220,220,220,12,220,0,0,262,135,0,127,262
1,220,0,220,220,220,220,12,13,220,12,220,0,12,220,1,220,220,220,12,12,220,220,220,12,220,0,1,262,135,0,127,262
1,12,0,25,12,12,25,220,13,12,220,12,0,220,12,1,12,25,25,220,220,12,25,12,220,25,0,2,265,135,0,127,265
1,220,0,25,12,12,220,12,13,220,220,220,0,220,12,1,12,220,25,12,12,12,25,12,220,220,0,0,265,135,0,142,262
1,220,0,220,220,220,220,12,13,220,12,220,0,12,220,1,220,220,220,12,12,220,220,220,12,220,0,1,262,135,0,142,262
1,12,0,25,12,12,25,220,13,12,220,12,0,220,12,1,12,25,25,220,220,12,25,12,220,25,0,2,265,135,0,142,265
1,220,0,220,220,220,220,12,13,220,12,220,0,12,220,1,220,220,220,12,12,220,220,220,12,220,0,0,262,135,0,143,262
1,12,0,25,12,12,25,220,13,12,220,12,0,220,12,1,12,25,25,220,220,12,25,12,220,25,0,1,265,135,0,143,265
1,220,0,220,220,220,220,12,13,220,12,220,0,12,220,1,220,220,220,12,12,220,220,220,12,220,0,2,262,135,0,143,262
1,220,0,220,12,12,12,12,14,220,220,220,1,220,12,1,12,12,220,12,12,12,220,12,220,12,0,0,23,49,0,144,89
1,220,0,220,12,12,12,12,60,220,220,220,1,220,12,1,12,12,220,12,12,12,220,12,220,12,0,0,23,49,0,144,89
1,220,0,220,12,12,12,12,61,220,220,220,1,220,12,1,12,12,220,12,12,12,220,12,220,12,0,0,23,49,0,144,89
1,12,0,220,12,12,220,220,14,12,220,12,1,220,12,1,12,220,220,220,220,12,220,12,220,220,0,1,23,49,0,144,89
1,12,0,220,12,12,220,220,60,12,220,12,1,220,12,1,12,220,220,220,220,12,220,12,220,220,0,1,23,49,0,144,89
1,12,0,220,12,12,220,220,61,12,220,12,1,220,12,1,12,220,220,220,220,12,220,12,220,220,0,1,23,49,0,144,89
1,220,0,238,12,12,12,12,14,220,12,220,1,12,12,1,220,12,57,12,12,220,52,220,12,12,0,2,23,49,0,144,89
1,220,0,238,12,12,12,12,60,220,12,220,1,12,12,1,220,12,57,12,12,220,52,220,12,12,0,2,23,49,0,144,89
1,220,0,238,12,12,12,12,61,220,12,220,1,12,12,1,220,12,57,12,12,220,52,220,12,12,0,2,23,49,0,144,89
1,220,0,238,220,220,12,12,14,220,12,220,1,12,220,1,220,12,57,12,12,220,52,220,12,12,0,3,23,49,0,144,89
1,220,0,238,220,220,12,12,60,220,12,220,1,12,220,1,220,12,57,12,12,220,52,220,12,12,0,3,23,49,0,144,89
1,220,0,238,220,220,12,12,61,220,12,220,1,12,220,1,220,12,57,12,12,220,52,220,12,12,0,3,23,49,0,144,89
1,220,0,220,220,220,220,12,13,220,12,220,0,12,220,1,220,220,220,12,12,220,220,220,12,220,0,0,262,135,0,149,262
1,220,0,25,12,12,220,12,13,220,220,220,0,220,12,1,12,220,25,12,12,12,25,12,220,220,0,1,265,135,0,149,262
1,220,0,220,220,220,220,12,13,220,12,220,0,12,220,1,220,220,220,12,12,220,220,220,12,220,0,2,262,135,0,149,262
1,48,0,220,220,220,70,70,32,39,220,70,0,220,220,1,220,48,220,39,48,220,220,220,220,39,0,0,213,22,0,189,213
1,220,0,39,39,48,220,220,32,220,48,220,0,39,70,1,48,220,48,220,220,39,70,70,70,220,0,1,213,22,0,189,213
1,220,0,220,220,220,220,220,32,220,220,220,0,220,220,1,220,220,220,220,220,220,220,220,220,220,0,2,213,22,0,189,213
1,66,0,15,15,66,97,97,32,15,66,97,0,15,97,1,66,66,66,15,66,15,97,97,97,15,0,3,213,22,0,189,213
1,89,0,43,220,220,155,155,31,43,89,155,0,43,220,1,220,89,89,43,89,220,155,220,155,43,0,0,207,22,0,190,213
1,220,0,220,43,89,220,220,31,220,220,220,0,220,155,1,89,220,220,220,220,43,220,155,220,220,0,1,207,22,0,190,213
1,220,0,42,220,220,220,220,31,220,105,220,0,42,220,1,220,220,105,220,220,220,61,220,61,220,0,2,207,22,0,190,213
1,132,0,12,142,132,83,83,31,142,12,83,0,12,83,1,132,132,12,142,132,142,12,83,12,142,0,0,207,22,0,205,213
1,12,0,220,12,12,12,12,31,12,220,12,0,220,12,1,12,12,220,12,12,12,220,12,220,12,0,1,207,22,0,205,213
1,12,0,237,12,12,12,12,31,12,187,12,0,237,12,1,12,12,187,12,12,12,86,12,86,12,0,2,207,22,0,205,213
1,213,0,253,253,213,27,27,32,253,213,27,0,253,27,1,213,213,213,253,213,253,27,27,27,253,0,0,213,22,0,206,213
1,54,0,32,32,54,99,99,32,32,54,99,0,32,99,1,54,54,54,32,54,32,99,99,99,32,0,1,213,22,0,206,213
1,12,0,12,12,12,12,12,32,12,12,12,0,12,12,1,12,12,12,12,12,12,12,12,12,12,0,2,213,22,0,206,213
1,54,0,32,32,54,99,99,32,32,54,99,0,32,99,1,54,54,54,32,54,32,99,99,99,32,0,3,213,22,0,206,213
2,220,0,3,220,220,220,220,16,220,220,220,0,220,220,1,220,220,88,220,220,220,143,220,220,220,0,0,200,19,0,210,200
2,58,0,220,54,58,72,72,16,54,58,72,0,54,72,1,58,58,220,54,58,54,220,72,72,54,0,1,200,19,0,210,200
2,51,0,196,57,51,95,95,16,57,51,95,0,57,212,1,51,51,35,57,51,57,60,95,95,57,0,2,200,19,0,210,200
1,220,0,12,220,220,220,12,17,220,117,220,0,226,220,1,220,220,12,12,12,220,12,220,33,220,0,0,205,19,0,217,205
1,220,0,12,220,220,220,12,17,220,12,220,0,12,220,1,220,220,12,12,12,220,12,220,12,220,0,1,205,19,0,217,205
1,220,0,12,220,220,220,150,17,220,59,220,0,37,220,1,220,220,12,37,59,220,12,220,150,220,0,2,205,19,0,217,205
2,67,0,235,42,67,40,217,17,42,229,40,0,235,40,1,67,67,229,235,229,42,217,40,217,42,0,3,205,19,0,217,205
2,138,0,220,0,138,193,220,17,0,220,193,0,220,193,1,138,138,220,220,220,0,220,193,220,0,0,0,205,19,0,219,205
2,220,0,167,220,220,220,171,17,220,168,220,0,167,220,1,220,220,168,167,168,220,171,220,171,220,0,1,270,19,0,219,270
2,220,0,167,220,220,220,171,17,220,168,220,0,167,220,1,220,220,168,167,168,220,171,220,171,220,0,2,270,19,0,219,270
2,220,0,167,220,220,220,171,17,220,168,220,0,167,220,1,220,220,168,167,168,220,171,220,171,220,0,3,270,19,0,219,270
2,220,0,12,220,220,12,12,223,220,12,220,1,12,220,1,220,12,12,12,12,220,12,220,12,12,0,0,153,76,0,240,153
2,220,0,129,220,220,220,220,224,220,12,220,1,129,220,1,220,220,12,220,220,220,12,220,12,220,0,0,153,76,0,240,153
2,220,0,129,220,220,220,220,226,220,12,220,1,129,220,1,220,220,12,220,220,220,12,220,12,220,0,0,153,76,0,240,153
2,220,0,129,220,220,220,220,232,220,12,220,1,129,220,1,220,220,12,220,220,220,12,220,12,220,0,0,153,76,0,240,153
2,220,0,129,220,220,220,220,2096,220,12,220,1,129,220,1,220,220,12,220,220,220,12,220,12,220,0,0,153,76,0,240,153
2,220,0,12,220,220,12,12,223,220,12,220,1,12,220,1,220,12,12,12,12,220,12,220,12,12,0,1,153,76,0,240,153
2,220,0,40,220,220,220,220,224,220,46,220,1,40,220,1,220,220,46,220,220,220,96,220,96,220,0,1,153,76,0,240,153
2,220,0,40,220,220,220,220,226,220,46,220,1,40,220,1,220,220,46,220,220,220,96,220,96,220,0,1,153,76,0,240,153
2,220,0,40,220,220,220,220,232,220,46,220,1,40,220,1,220,220,46,220,220,220,96,220,96,220,0,1,153,76,0,240,153
2,220,0,40,220,220,220,220,2096,220,46,220,1,40,220,1,220,220,46,220,220,220,96,220,96,220,0,1,153,76,0,240,153
2,220,0,12,220,220,220,220,223,220,12,220,1,12,220,1,220,220,12,220,220,220,12,220,12,220,0,2,153,76,0,240,153
2,220,0,12,220,220,220,220,224,220,12,220,1,12,220,1,220,220,12,220,220,220,12,220,12,220,0,2,153,76,0,240,153
2,220,0,12,220,220,220,220,226,220,12,220,1,12,220,1,220,220,12,220,220,220,12,220,12,220,0,2,153,76,0,240,153
2,220,0,12,220,220,220,220,232,220,12,220,1,12,220,1,220,220,12,220,220,220,12,220,12,220,0,2,153,76,0,240,153
2,220,0,12,220,220,220,220,2096,220,12,220,1,12,220,1,220,220,12,220,220,220,12,220,12,220,0,2,153,76,0,240,153
2,12,0,125,12,12,12,12,223,12,182,12,1,125,12,1,12,12,182,12,12,12,136,12,136,12,0,3,153,76,0,240,153
2,12,0,125,12,12,12,12,224,12,182,12,1,125,12,1,12,12,182,12,12,12,136,12,136,12,0,3,153,76,0,240,153
2,12,0,125,12,12,12,12,226,12,182,12,1,125,12,1,12,12,182,12,12,12,136,12,136,12,0,3,153,76,0,240,153
2,12,0,125,12,12,12,12,232,12,182,12,1,125,12,1,12,12,182,12,12,12,136,12,136,12,0,3,153,76,0,240,153
2,12,0,125,12,12,12,12,2096,12,182,12,1,125,12,1,12,12,182,12,12,12,136,12,136,12,0,3,153,76,0,240,153
1,12,0,220,12,12,12,12,223,12,12,12,0,12,12,1,12,12,220,12,12,12,220,12,12,12,0,0,197,105,0,243,197
1,12,0,220,12,12,12,12,224,12,12,12,0,12,12,1,12,12,220,12,12,12,220,12,12,12,0,0,197,105,0,243,197
1,12,0,220,12,12,12,12,226,12,12,12,0,12,12,1,12,12,220,12,12,12,220,12,12,12,0,0,197,105,0,243,197
1,12,0,220,12,12,12,12,232,12,12,12,0,12,12,1,12,12,220,12,12,12,220,12,12,12,0,0,197,105,0,243,197
1,12,0,220,12,12,12,12,2096,12,12,12,0,12,12,1,12,12,220,12,12,12,220,12,12,12,0,0,197,105,0,243,197
1,12,0,220,12,12,12,12,3000,12,12,12,0,12,12,1,12,12,220,12,12,12,220,12,12,12,0,0,197,105,0,243,197
1,12,0,220,12,12,12,12,3001,12,12,12,0,12,12,1,12,12,220,12,12,12,220,12,12,12,0,0,197,105,0,243,197
1,12,0,220,12,12,12,12,3010,12,12,12,0,12,12,1,12,12,220,12,12,12,220,12,12,12,0,0,197,105,0,243,197
1,12,0,220,12,12,12,12,3011,12,12,12,0,12,12,1,12,12,220,12,12,12,220,12,12,12,0,0,197,105,0,243,197
1,12,0,220,12,12,12,12,3020,12,12,12,0,12,12,1,12,12,220,12,12,12,220,12,12,12,0,0,197,105,0,243,197
1,12,0,220,12,12,12,12,3021,12,12,12,0,12,12,1,12,12,220,12,12,12,220,12,12,12,0,0,197,105,0,243,197
1,12,0,220,12,12,12,12,3030,12,12,12,0,12,12,1,12,12,220,12,12,12,220,12,12,12,0,0,197,105,0,243,197
1,12,0,220,12,12,12,12,3031,12,12,12,0,12,12,1,12,12,220,12,12,12,220,12,12,12,0,0,197,105,0,243,197
1,53,0,219,43,53,74,74,223,43,53,74,0,43,74,1,53,53,134,43,53,43,30,74,74,43,0,1,197,105,0,243,197
1,53,0,219,43,53,74,74,224,43,53,74,0,43,74,1,53,53,134,43,53,43,30,74,74,43,0,1,197,105,0,243,197
1,53,0,219,43,53,74,74,226,43,53,74,0,43,74,1,53,53,134,43,53,43,30,74,74,43,0,1,197,105,0,243,197
1,53,0,219,43,53,74,74,232,43,53,74,0,43,74,1,53,53,134,43,53,43,30,74,74,43,0,1,197,105,0,243,197
1,53,0,219,43,53,74,74,2096,43,53,74,0,43,74,1,53,53,134,43,53,43,30,74,74,43,0,1,197,105,0,243,197
1,53,0,219,43,53,74,74,3000,43,53,74,0,43,74,1,53,53,134,43,53,43,30,74,74,43,0,1,197,105,0,243,197
1,53,0,219,43,53,74,74,3001,43,53,74,0,43,74,1,53,53,134,43,53,43,30,74,74,43,0,1,197,105,0,243,197
1,53,0,219,43,53,74,74,3010,43,53,74,0,43,74,1,53,53,134,43,53,43,30,74,74,43,0,1,197,105,0,243,197
1,53,0,219,43,53,74,74,3011,43,53,74,0,43,74,1,53,53,134,43,53,43,30,74,74,43,0,1,197,105,0,243,197
1,53,0,219,43,53,74,74,3020,43,53,74,0,43,74,1,53,53,134,43,53,43,30,74,74,43,0,1,197,105,0,243,197
1,53,0,219,43,53,74,74,3021,43,53,74,0,43,74,1,53,53,134,43,53,43,30,74,74,43,0,1,197,105,0,243,197
1,53,0,219,43,53,74,74,3030,43,53,74,0,43,74,1,53,53,134,43,53,43,30,74,74,43,0,1,197,105,0,243,197
1,53,0,219,43,53,74,74,3031,43,53,74,0,43,74,1,53,53,134,43,53,43,30,74,74,43,0,1,197,105,0,243,197
1,220,0,12,220,220,220,220,223,220,12,220,0,12,220,1,220,220,12,220,220,220,12,220,12,220,0,2,197,105,0,243,197
1,220,0,12,220,220,220,220,224,220,12,220,0,12,220,1,220,220,12,220,220,220,12,220,12,220,0,2,197,105,0,243,197
1,220,0,12,220,220,220,220,226,220,12,220,0,12,220,1,220,220,12,220,220,220,12,220,12,220,0,2,197,105,0,243,197
1,220,0,12,220,220,220,220,232,220,12,220,0,12,220,1,220,220,12,220,220,220,12,220,12,220,0,2,197,105,0,243,197
1,220,0,12,220,220,220,220,2096,220,12,220,0,12,220,1,220,220,12,220,220,220,12,220,12,220,0,2,197,105,0,243,197
1,220,0,12,220,220,220,220,3000,220,12,220,0,12,220,1,220,220,12,220,220,220,12,220,12,220,0,2,197,105,0,243,197
1,220,0,12,220,220,220,220,3001,220,12,220,0,12,220,1,220,220,12,220,220,220,12,220,12,220,0,2,197,105,0,243,197
1,220,0,12,220,220,220,220,3010,220,12,220,0,12,220,1,220,220,12,220,220,220,12,220,12,220,0,2,197,105,0,243,197
1,220,0,12,220,220,220,220,3011,220,12,220,0,12,220,1,220,220,12,220,220,220,12,220,12,220,0,2,197,105,0,243,197
1,220,0,12,220,220,220,220,3020,220,12,220,0,12,220,1,220,220,12,220,220,220,12,220,12,220,0,2,197,105,0,243,197
1,220,0,12,220,220,220,220,3021,220,12,220,0,12,220,1,220,220,12,220,220,220,12,220,12,220,0,2,197,105,0,243,197
1,220,0,12,220,220,220,220,3030,220,12,220,0,12,220,1,220,220,12,220,220,220,12,220,12,220,0,2,197,105,0,243,197
1,220,0,12,220,220,220,220,3031,220,12,220,0,12,220,1,220,220,12,220,220,220,12,220,12,220,0,2,197,105,0,243,197
1,177,0,65,197,177,160,160,223,197,61,160,0,65,160,1,177,177,61,197,177,197,60,160,60,197,0,3,197,105,0,243,197
1,177,0,65,197,177,160,160,224,197,61,160,0,65,160,1,177,177,61,197,177,197,60,160,60,197,0,3,197,105,0,243,197
1,177,0,65,197,177,160,160,226,197,61,160,0,65,160,1,177,177,61,197,177,197,60,160,60,197,0,3,197,105,0,243,197
1,177,0,65,197,177,160,160,232,197,61,160,0,65,160,1,177,177,61,197,177,197,60,160,60,197,0,3,197,105,0,243,197
1,177,0,65,197,177,160,160,2096,197,61,160,0,65,160,1,177,177,61,197,177,197,60,160,60,197,0,3,197,105,0,243,197
1,177,0,65,197,177,160,160,3000,197,61,160,0,65,160,1,177,177,61,197,177,197,60,160,60,197,0,3,197,105,0,243,197
1,177,0,65,197,177,160,160,3001,197,61,160,0,65,160,1,177,177,61,197,177,197,60,160,60,197,0,3,197,105,0,243,197
1,177,0,65,197,177,160,160,3010,197,61,160,0,65,160,1,177,177,61,197,177,197,60,160,60,197,0,3,197,105,0,243,197
1,177,0,65,197,177,160,160,3011,197,61,160,0,65,160,1,177,177,61,197,177,197,60,160,60,197,0,3,197,105,0,243,197
1,177,0,65,197,177,160,160,3020,197,61,160,0,65,160,1,177,177,61,197,177,197,60,160,60,197,0,3,197,105,0,243,197
1,177,0,65,197,177,160,160,3021,197,61,160,0,65,160,1,177,177,61,197,177,197,60,160,60,197,0,3,197,105,0,243,197
1,177,0,65,197,177,160,160,3030,197,61,160,0,65,160,1,177,177,61,197,177,197,60,160,60,197,0,3,197,105,0,243,197
1,177,0,65,197,177,160,160,3031,197,61,160,0,65,160,1,177,177,61,197,177,197,60,160,60,197,0,3,197,105,0,243,197
2,220,0,29,220,220,220,127,16,220,60,220,0,29,220,1,220,220,60,29,60,220,127,220,127,220,0,0,204,19,0,294,200
2,65,0,220,0,65,125,220,16,0,220,125,0,220,125,1,65,65,220,220,220,0,220,125,220,0,0,1,204,19,0,294,204
2,60,0,248,29,60,127,46,16,29,190,127,0,248,127,1,60,60,190,248,190,29,46,127,46,29,0,2,204,19,0,294,204
1,195,0,24,24,31,55,55,32,241,31,55,0,24,88,1,31,195,31,241,195,24,88,88,88,241,0,0,213,22,0,347,213
1,19,0,20,20,19,213,213,32,20,19,213,0,20,213,1,19,19,19,20,19,20,213,213,213,20,0,1,213,22,0,347,213
1,220,0,220,220,220,220,220,32,220,220,220,0,220,220,1,220,220,220,220,220,220,220,220,220,220,0,2,213,22,0,347,213
1,255,0,255,255,255,0,0,32,255,255,0,0,255,0,1,255,255,255,255,255,255,0,0,0,255,0,3,213,22,0,347,213
1,12,0,220,220,220,25,220,13,12,12,12,1,12,220,1,220,25,220,220,220,220,220,220,12,25,0,0,262,135,0,357,265
1,220,0,25,12,12,220,12,13,220,220,220,1,220,12,1,12,220,25,12,12,12,25,12,220,220,0,1,265,135,0,357,262
1,12,0,25,12,12,25,220,13,12,220,12,1,220,12,1,12,25,25,220,220,12,25,12,220,25,0,2,265,135,0,357,265
1,220,0,25,12,12,220,12,13,220,220,220,0,220,12,1,12,220,25,12,12,12,25,12,220,220,0,0,265,135,0,361,262
1,220,0,220,220,220,220,12,13,220,12,220,0,12,220,1,220,220,220,12,12,220,220,220,12,220,0,1,262,135,0,361,262
1,12,0,25,12,12,25,220,13,12,220,12,0,220,12,1,12,25,25,220,220,12,25,12,220,25,0,2,265,135,0,361,265
2,23,0,215,220,220,31,220,17,215,23,31,0,215,220,1,220,23,23,220,220,220,31,220,31,215,0,0,205,19,0,378,205
2,23,0,220,215,23,31,220,17,215,220,31,0,220,31,1,23,23,220,220,220,215,220,31,220,215,0,1,205,19,0,378,205
2,220,0,220,220,220,220,220,17,220,220,220,0,220,220,1,220,220,220,220,220,220,220,220,220,220,0,2,201,19,0,378,201
2,220,0,12,220,220,220,220,17,220,220,220,0,220,220,1,220,220,12,220,220,220,12,220,220,220,0,3,201,19,0,378,201
2,6,0,188,220,220,6,6,17,188,220,6,0,220,220,1,220,6,6,188,6,220,6,220,220,188,0,0,203,19,0,379,203
2,32,0,81,27,32,82,82,17,27,32,82,0,27,82,1,32,32,136,27,32,27,158,82,82,27,0,1,203,19,0,379,203
2,12,0,182,12,12,12,12,17,12,12,12,0,12,12,1,12,12,177,12,12,12,55,12,12,12,0,2,203,19,0,379,203
2,220,0,12,220,220,220,220,17,220,220,220,0,220,220,1,220,220,12,220,220,220,12,220,220,220,0,3,203,19,0,379,203
1,220,0,25,12,12,220,12,13,220,220,220,0,220,12,1,12,220,25,12,12,12,25,12,220,220,0,0,265,135,0,381,262
1,220,0,220,220,220,220,12,13,220,12,220,0,12,220,1,220,220,220,12,12,220,220,220,12,220,0,1,262,135,0,381,262
1,220,0,220,220,220,220,12,13,220,12,220,0,12,220,1,12,220,220,220,12,12,220,12,12,220,0,2,262,135,0,381,262
1,12,0,25,12,12,25,220,13,12,220,12,0,220,12,1,12,25,25,220,220,12,25,12,220,25,0,0,265,135,0,561,265
1,12,0,25,12,12,25,220,13,12,220,12,0,220,12,1,12,25,25,220,220,12,25,12,220,25,0,1,265,135,0,561,265
1,220,0,220,220,220,220,220,13,220,220,220,0,220,220,1,220,220,220,220,220,220,220,220,220,220,0,2,262,135,0,561,262
1,254,0,22,255,254,86,86,31,255,152,86,0,22,86,1,254,254,152,255,254,255,128,86,128,255,0,0,207,22,0,570,213
1,12,0,220,12,12,12,12,31,12,220,12,0,220,12,1,12,12,220,12,12,12,220,12,220,12,0,1,207,22,0,570,213
1,12,0,145,12,12,12,12,31,12,201,12,0,145,12,1,12,12,201,12,12,12,225,12,225,12,0,2,207,22,0,570,213
2,0,0,220,200,0,0,0,16,200,0,0,0,200,0,1,0,0,220,200,0,200,220,0,0,200,0,0,200,19,0,614,200
2,220,0,147,220,220,220,220,16,220,220,220,0,220,220,1,220,220,36,220,220,220,43,220,220,220,0,1,200,19,0,614,200
2,220,0,67,220,220,85,220,16,220,220,220,0,220,220,1,220,127,127,220,220,220,85,220,33,67,0,2,200,19,0,614,200
1,220,0,220,220,220,220,12,13,220,12,220,1,12,220,1,220,220,220,12,12,220,220,220,12,220,0,0,262,135,0,1480,262
1,220,0,220,220,220,220,12,13,220,12,220,1,12,220,1,220,220,220,12,12,220,220,220,12,220,0,1,262,135,0,1480,262
1,220,0,220,220,220,220,12,13,220,12,220,1,12,220,1,220,220,220,12,12,220,220,220,12,220,0,2,262,135,0,1480,262
2,220,0,220,12,12,220,220,16,220,12,220,0,12,12,1,12,220,220,220,220,12,220,12,12,220,0,0,200,19,0,1530,200
2,12,0,12,220,220,12,12,16,12,220,12,0,220,220,1,220,12,12,12,12,220,12,220,220,12,0,1,200,19,0,1530,200
2,220,0,236,220,220,220,220,16,220,220,220,0,220,220,1,220,220,25,220,220,220,25,220,220,220,0,2,205,19,0,1530,205
2,220,0,220,26,42,220,220,17,220,42,220,0,26,79,1,42,220,220,220,220,26,220,79,79,220,0,0,201,19,0,1738,201
2,122,0,220,34,122,187,187,17,34,122,187,0,34,187,1,122,122,220,34,122,34,220,187,187,34,0,1,201,19,0,1738,201
2,220,0,97,220,220,52,52,17,220,29,220,0,97,220,1,220,29,29,97,29,220,52,220,52,97,0,2,201,19,0,1738,201
1,205,0,244,22,50,26,26,31,244,205,26,0,244,97,1,50,205,205,244,205,22,26,97,26,244,0,0,207,22,0,1744,213
1,50,0,22,244,205,97,97,31,22,50,97,0,22,26,1,205,50,50,22,50,244,97,26,97,22,0,1,207,22,0,1744,213
1,28,0,211,26,28,76,76,31,26,16,76,0,211,76,1,28,28,16,26,28,26,105,76,105,26,0,2,207,22,0,1744,213
1,220,0,65,220,220,220,220,31,220,139,220,0,65,220,1,220,220,139,220,220,220,239,220,239,220,0,0,207,22,0,1745,213
1,93,0,220,1,93,171,171,31,1,220,171,0,220,171,1,93,93,220,1,93,1,220,171,220,1,0,1,207,22,0,1745,213
1,93,0,220,1,93,171,171,31,1,220,171,0,220,171,1,93,93,220,1,93,1,220,171,220,1,0,2,207,22,0,1745,213
1,220,0,220,220,220,220,220,32,220,220,220,0,220,220,1,220,220,220,220,220,220,220,220,220,220,0,0,213,22,0,1746,213
1,102,0,31,31,102,177,177,32,31,102,177,0,31,177,1,102,102,102,31,102,31,177,177,177,31,0,1,213,22,0,1746,213
1,12,0,12,12,12,12,12,32,12,12,12,0,12,12,1,12,12,12,12,12,12,12,12,12,12,0,2,213,22,0,1746,213
1,220,0,220,220,220,220,220,32,220,220,220,0,220,220,1,220,220,220,220,220,220,220,220,220,220,0,3,213,22,0,1746,213
1,30,0,220,220,220,99,220,13,28,12,77,0,12,220,1,220,41,220,220,220,220,220,220,12,33,0,0,262,135,0,1790,265
1,220,0,25,12,12,220,12,13,220,220,220,0,220,12,1,12,220,25,12,12,12,25,12,220,220,0,1,265,135,0,1790,262
1,12,0,25,12,12,25,220,13,12,220,12,0,220,12,1,12,25,25,220,220,12,25,12,220,25,0,2,265,135,0,1790,265
1,220,0,25,12,12,220,12,13,220,220,220,1,220,12,1,12,220,25,12,12,12,25,12,220,220,0,0,265,135,0,1792,262
1,220,0,220,220,220,220,12,13,220,12,220,1,12,220,1,220,220,220,12,12,220,220,220,12,220,0,1,262,135,0,1792,262
1,12,0,25,12,12,25,220,13,12,220,12,1,220,12,1,12,25,25,220,220,12,25,12,220,25,0,2,265,135,0,1792,265
1,30,0,220,234,30,220,220,13,234,220,45,0,220,45,1,30,220,220,220,220,235,220,45,220,220,0,0,262,135,0,1793,262
1,220,0,220,220,220,220,12,13,220,12,220,0,12,220,1,220,220,220,12,12,220,220,220,12,220,0,1,262,135,0,1793,262
1,12,0,25,12,12,25,220,13,12,220,12,0,220,12,1,12,25,25,220,220,12,25,12,220,25,0,2,265,135,0,1793,265
1,220,0,220,12,12,12,12,14,220,220,220,1,220,12,1,12,12,220,12,12,12,220,12,220,12,0,0,23,49,0,1794,89
1,220,0,220,12,12,12,12,60,220,220,220,1,220,12,1,12,12,220,12,12,12,220,12,220,12,0,0,23,49,0,1794,89
1,220,0,220,12,12,12,12,61,220,220,220,1,220,12,1,12,12,220,12,12,12,220,12,220,12,0,0,23,49,0,1794,89
1,12,0,220,12,12,220,220,14,12,220,12,1,220,12,1,12,220,220,220,220,12,220,12,220,220,0,1,23,49,0,1794,89
1,12,0,220,12,12,220,220,60,12,220,12,1,220,12,1,12,220,220,220,220,12,220,12,220,220,0,1,23,49,0,1794,89
1,12,0,220,12,12,220,220,61,12,220,12,1,220,12,1,12,220,220,220,220,12,220,12,220,220,0,1,23,49,0,1794,89
1,12,0,220,12,12,220,220,14,12,220,12,1,220,12,1,12,220,220,220,220,12,220,12,220,220,0,2,23,49,0,1794,89
1,12,0,220,12,12,220,220,60,12,220,12,1,220,12,1,12,220,220,220,220,12,220,12,220,220,0,2,23,49,0,1794,89
1,12,0,220,12,12,220,220,61,12,220,12,1,220,12,1,12,220,220,220,220,12,220,12,220,220,0,2,23,49,0,1794,89
1,12,0,220,12,12,220,220,14,12,220,12,1,220,12,1,12,220,220,220,220,12,220,12,220,220,0,3,23,49,0,1794,89
1,12,0,220,12,12,220,220,60,12,220,12,1,220,12,1,12,220,220,220,220,12,220,12,220,220,0,3,23,49,0,1794,89
1,12,0,220,12,12,220,220,61,12,220,12,1,220,12,1,12,220,220,220,220,12,220,12,220,220,0,3,23,49,0,1794,89
1,220,0,25,12,12,220,12,13,220,220,220,1,220,12,1,12,220,25,12,12,12,25,12,220,220,0,0,265,135,0,1795,262
1,220,0,25,12,12,220,12,13,220,220,220,1,220,12,1,12,220,25,12,12,12,25,12,220,220,0,1,265,135,0,1795,262
1,220,0,220,220,220,220,12,13,220,12,220,1,12,220,1,220,220,220,12,12,220,220,220,12,220,0,2,262,135,0,1795,262
1,220,0,238,220,220,12,12,14,220,12,220,0,12,220,1,220,12,57,12,12,220,52,220,12,12,0,0,23,49,0,1796,89
1,220,0,238,220,220,12,12,60,220,12,220,0,12,220,1,220,12,57,12,12,220,52,220,12,12,0,0,23,49,0,1796,89
1,220,0,238,220,220,12,12,61,220,12,220,0,12,220,1,220,12,57,12,12,220,52,220,12,12,0,0,23,49,0,1796,89
1,220,0,220,12,12,12,12,14,220,220,220,0,220,12,1,12,12,220,12,12,12,220,12,220,12,0,1,23,49,0,1796,89
1,220,0,220,12,12,12,12,60,220,220,220,0,220,12,1,12,12,220,12,12,12,220,12,220,12,0,1,23,49,0,1796,89
1,220,0,220,12,12,12,12,61,220,220,220,0,220,12,1,12,12,220,12,12,12,220,12,220,12,0,1,23,49,0,1796,89
1,220,0,238,220,220,220,12,14,220,12,220,0,12,220,1,220,220,57,12,12,220,52,220,12,220,0,2,23,49,0,1796,89
1,220,0,238,220,220,220,12,60,220,12,220,0,12,220,1,220,220,57,12,12,220,52,220,12,220,0,2,23,49,0,1796,89
1,220,0,238,220,220,220,12,61,220,12,220,0,12,220,1,220,220,57,12,12,220,52,220,12,220,0,2,23,49,0,1796,89
1,220,0,238,220,220,220,12,14,220,12,220,0,12,220,1,220,220,57,12,12,220,52,220,12,220,0,3,23,49,0,1796,89
1,220,0,238,220,220,220,12,60,220,12,220,0,12,220,1,220,220,57,12,12,220,52,220,12,220,0,3,23,49,0,1796,89
1,220,0,238,220,220,220,12,61,220,12,220,0,12,220,1,220,220,57,12,12,220,52,220,12,220,0,3,23,49,0,1796,89
1,30,0,220,220,220,220,220,13,234,12,45,0,12,220,1,220,220,220,220,220,220,220,220,12,220,0,0,262,135,0,1797,262
1,220,0,220,220,220,220,12,13,220,12,220,0,12,220,1,220,220,220,12,12,220,220,220,12,220,0,1,262,135,0,1797,262
1,220,0,220,220,220,220,12,13,220,12,220,0,12,220,1,220,220,220,12,12,220,220,220,12,220,0,2,262,135,0,1797,262
1,12,0,25,12,12,25,220,13,12,220,12,0,220,12,1,12,25,25,220,220,12,25,12,220,25,0,0,265,135,0,1798,265
1,220,0,220,220,220,220,12,13,220,12,220,0,12,220,1,220,220,220,12,12,220,220,220,12,220,0,1,262,135,0,1798,262
1,12,0,25,12,12,25,220,13,12,220,12,0,220,12,1,12,25,25,220,220,12,25,12,220,25,0,2,265,135,0,1798,265
1,220,0,238,220,220,12,12,14,220,12,220,1,12,220,1,220,12,57,12,12,220,52,220,12,12,0,0,23,49,0,1799,89
1,220,0,238,220,220,12,12,60,220,12,220,1,12,220,1,220,12,57,12,12,220,52,220,12,12,0,0,23,49,0,1799,89
1,220,0,238,220,220,12,12,61,220,12,220,1,12,220,1,220,12,57,12,12,220,52,220,12,12,0,0,23,49,0,1799,89
1,220,0,220,12,12,12,12,14,220,220,220,1,220,12,1,12,12,220,12,12,12,220,12,220,12,0,1,23,49,0,1799,89
1,220,0,220,12,12,12,12,60,220,220,220,1,220,12,1,12,12,220,12,12,12,220,12,220,12,0,1,23,49,0,1799,89
1,220,0,220,12,12,12,12,61,220,220,220,1,220,12,1,12,12,220,12,12,12,220,12,220,12,0,1,23,49,0,1799,89
1,12,0,220,12,12,220,220,14,12,220,12,1,220,12,1,12,220,220,220,220,12,220,12,220,220,0,2,23,49,0,1799,89
1,12,0,220,12,12,220,220,60,12,220,12,1,220,12,1,12,220,220,220,220,12,220,12,220,220,0,2,23,49,0,1799,89
1,12,0,220,12,12,220,220,61,12,220,12,1,220,12,1,12,220,220,220,220,12,220,12,220,220,0,2,23,49,0,1799,89
1,220,0,238,220,220,12,12,14,220,12,220,1,12,220,1,220,12,57,12,12,220,52,220,12,12,0,3,23,49,0,1799,89
1,220,0,238,220,220,12,12,60,220,12,220,1,12,220,1,220,12,57,12,12,220,52,220,12,12,0,3,23,49,0,1799,89
1,220,0,238,220,220,12,12,61,220,12,220,1,12,220,1,220,12,57,12,12,220,52,220,12,12,0,3,23,49,0,1799,89
1,220,0,220,220,220,220,12,13,220,12,220,0,12,220,1,220,220,220,12,12,220,220,220,12,220,0,0,262,135,0,1800,262
1,220,0,220,220,220,220,12,13,220,12,220,0,12,220,1,220,220,220,12,12,220,220,220,12,220,0,1,262,135,0,1800,262
1,220,0,220,220,220,220,12,13,220,12,220,0,12,220,1,220,220,220,12,12,220,220,220,12,220,0,2,262,135,0,1800,262
1,220,0,33,28,30,220,12,13,220,220,220,1,220,77,1,30,220,41,12,12,28,99,77,220,220,0,0,265,135,0,1801,262
1,220,0,220,220,220,220,12,13,220,12,220,1,12,220,1,220,220,220,12,12,220,220,220,12,220,0,1,262,135,0,1801,262
1,12,0,25,12,12,25,220,13,12,220,12,1,220,12,1,12,25,25,220,220,12,25,12,220,25,0,2,265,135,0,1801,265
1,30,0,220,220,220,99,220,13,28,12,77,1,12,220,1,220,41,220,220,220,220,220,220,12,33,0,0,262,135,0,1802,265
1,220,0,25,12,12,220,12,13,220,220,220,1,220,12,1,12,220,25,12,12,12,25,12,220,220,0,1,265,135,0,1802,262
1,12,0,25,12,12,25,220,13,12,220,12,1,220,12,1,12,25,25,220,220,12,25,12,220,25,0,2,265,135,0,1802,265
1,220,0,220,220,220,220,12,13,220,12,220,0,12,220,1,220,220,220,12,12,220,220,220,12,220,0,0,262,135,0,1803,262
1,30,0,220,234,30,220,220,13,234,220,45,0,220,45,1,30,220,220,220,220,234,220,45,220,220,0,1,262,135,0,1803,262
1,12,0,25,12,12,25,220,13,12,220,12,0,220,12,1,12,25,25,220,220,12,25,12,220,25,0,2,265,135,0,1803,265
1,12,0,220,220,220,25,220,13,12,12,12,0,12,220,1,220,25,220,220,220,220,220,220,12,25,0,0,262,135,0,1804,265
1,12,0,25,12,12,25,220,13,12,220,12,0,220,12,1,12,25,25,220,220,12,25,12,220,25,0,1,265,135,0,1804,265
1,12,0,25,12,12,25,220,13,12,220,12,0,220,12,1,12,25,25,220,220,12,25,12,220,25,0,2,265,135,0,1804,265
2,220,0,3,220,220,220,220,16,220,220,220,0,220,220,1,220,220,68,220,220,220,148,220,220,220,0,0,200,19,0,1805,200
2,60,0,220,27,60,114,114,16,27,60,114,0,27,114,1,60,60,220,27,60,27,220,114,114,27,0,1,200,19,0,1805,200
2,220,0,193,12,12,220,220,16,220,12,220,0,12,12,1,12,220,0,220,220,12,0,12,12,220,0,2,200,19,0,1805,204
1,12,0,25,12,12,25,220,13,12,220,12,0,220,12,1,12,25,25,220,220,12,25,12,220,25,0,0,265,135,0,1806,265
1,220,0,220,220,220,220,12,13,220,12,220,0,12,220,1,220,220,220,12,12,220,220,220,12,220,0,1,262,135,0,1806,262
1,12,0,25,12,12,25,220,13,12,220,12,0,220,12,1,12,25,25,220,220,12,25,12,220,25,0,2,265,135,0,1806,265
1,220,0,220,234,30,220,12,13,220,220,220,1,220,45,1,30,220,220,12,12,234,220,45,220,220,0,0,262,135,0,1807,262
1,220,0,220,234,30,220,12,13,220,220,220,1,220,45,1,30,220,220,12,12,234,220,45,220,220,0,1,265,135,0,1807,262
1,12,0,25,12,12,25,220,13,12,220,12,1,220,12,1,12,25,25,220,220,12,25,12,220,25,0,2,265,135,0,1807,265
1,220,0,220,0,28,12,12,14,220,220,220,1,220,136,1,28,12,220,12,12,0,220,136,220,12,0,0,23,49,0,1808,89
1,220,0,220,0,28,12,12,60,220,220,220,1,220,136,1,28,12,220,12,12,0,220,136,220,12,0,0,23,49,0,1808,89
1,220,0,220,0,28,12,12,61,220,220,220,1,220,136,1,28,12,220,12,12,0,220,136,220,12,0,0,23,49,0,1808,89
1,220,0,238,220,220,12,12,14,220,12,220,1,12,220,1,220,12,57,12,12,220,52,220,12,12,0,1,23,49,0,1808,89
1,220,0,238,220,220,12,12,60,220,12,220,1,12,220,1,220,12,57,12,12,220,52,220,12,12,0,1,23,49,0,1808,89
1,220,0,238,220,220,12,12,61,220,12,220,1,12,220,1,220,12,57,12,12,220,52,220,12,12,0,1,23,49,0,1808,89
1,12,0,220,12,12,220,220,14,12,220,12,1,220,12,1,12,220,220,220,220,12,220,12,220,220,0,2,23,49,0,1808,89
1,12,0,220,12,12,220,220,60,12,220,12,1,220,12,1,12,220,220,220,220,12,220,12,220,220,0,2,23,49,0,1808,89
1,12,0,220,12,12,220,220,61,12,220,12,1,220,12,1,12,220,220,220,220,12,220,12,220,220,0,2,23,49,0,1808,89
1,12,0,220,12,12,220,220,14,12,220,12,1,220,12,1,12,220,220,220,220,12,220,12,220,220,0,3,23,49,0,1808,89
1,12,0,220,12,12,220,220,60,12,220,12,1,220,12,1,12,220,220,220,220,12,220,12,220,220,0,3,23,49,0,1808,89
1,12,0,220,12,12,220,220,61,12,220,12,1,220,12,1,12,220,220,220,220,12,220,12,220,220,0,3,23,49,0,1808,89
2,220,0,220,59,43,220,85,17,220,220,220,0,220,85,1,43,220,220,59,43,59,220,85,220,220,0,0,205,19,0,1809,205
2,43,0,62,220,220,87,220,17,62,43,87,0,62,220,1,220,43,43,220,220,220,87,220,87,62,0,1,205,19,0,1809,205
2,12,0,221,12,12,12,75,17,12,188,12,0,221,12,1,12,12,188,221,188,12,75,12,75,12,0,2,205,19,0,1809,205
2,43,0,220,62,43,87,220,17,62,43,87,0,62,87,1,43,43,220,220,220,62,220,87,87,62,0,3,205,19,0,1809,205
2,12,0,236,12,12,12,45,16,12,115,12,0,236,12,1,12,12,115,236,115,12,45,12,45,12,0,0,204,19,0,1814,204
2,12,0,12,12,12,12,12,16,12,12,12,0,12,12,1,12,12,12,12,12,12,12,12,12,12,0,1,200,19,0,1814,200
2,12,0,12,12,12,12,12,16,12,12,12,0,12,12,1,12,12,12,12,12,12,12,12,12,12,0,2,200,19,0,1814,200
2,220,0,240,220,220,220,220,17,220,220,220,0,220,220,1,220,220,20,220,220,220,20,220,220,220,0,0,201,19,0,1815,201
2,31,0,12,35,31,54,54,17,35,31,54,0,35,54,1,31,31,17,35,31,35,74,54,54,35,0,1,201,19,0,1815,201
2,12,0,159,12,12,12,12,17,12,12,12,0,12,12,1,12,12,128,12,12,12,185,12,12,12,0,2,201,19,0,1815,201
2,12,0,220,12,12,12,220,17,12,220,12,0,220,12,1,12,12,220,220,220,12,220,12,220,12,0,3,205,19,0,1815,205
2,12,0,220,12,12,12,12,16,12,12,12,0,12,12,1,12,12,220,12,12,12,220,12,12,12,0,0,200,19,0,1816,200
2,220,0,12,220,220,220,220,16,220,12,220,0,12,220,1,220,220,12,220,220,220,12,220,12,220,0,1,200,19,0,1816,200
2,220,0,22,220,220,220,180,16,220,109,220,0,22,220,1,220,220,109,22,109,220,180,220,180,220,0,2,200,19,0,1816,200
2,101,0,12,220,220,38,220,16,12,12,38,0,12,220,1,220,101,12,220,220,220,12,220,12,12,0,0,202,19,0,1819,202
2,220,0,220,48,156,220,85,16,220,156,220,0,48,85,1,156,220,220,48,156,48,220,85,85,220,0,1,202,19,0,1819,202
2,220,0,12,220,220,220,220,16,220,220,220,0,220,220,1,220,220,12,220,220,220,12,220,220,220,0,2,202,19,0,1819,202
1,79,0,15,220,220,152,152,31,21,42,152,0,15,220,1,220,79,42,21,79,220,107,220,107,21,0,0,207,22,0,1837,213
1,220,0,21,21,79,220,220,31,220,79,220,0,21,152,1,79,220,79,220,220,21,152,152,152,220,0,1,207,22,0,1837,213
1,55,0,220,220,220,114,114,31,36,220,114,0,220,220,1,220,55,220,36,55,220,220,220,220,36,0,2,207,22,0,1837,213
1,178,0,39,39,48,81,81,31,248,48,81,0,39,70,1,48,178,48,248,178,39,70,70,70,248,0,3,207,22,0,1837,213
1,220,0,220,220,220,220,220,32,220,220,220,0,220,220,1,220,220,220,220,220,220,220,220,220,220,0,0,213,22,0,1842,213
1,37,0,0,0,37,84,84,32,0,37,84,0,0,84,1,37,37,37,0,37,0,84,84,84,0,0,1,213,22,0,1842,213
1,37,0,0,0,37,84,84,32,0,37,84,0,0,84,1,37,37,37,0,37,0,84,84,84,0,0,2,213,22,0,1842,213
1,220,0,220,220,220,220,220,32,220,220,220,0,220,220,1,220,220,220,220,220,220,220,220,220,220,0,3,213,22,0,1842,213
1,146,0,206,12,12,174,174,31,206,146,174,0,206,12,1,12,146,146,206,146,12,174,12,174,206,0,0,207,22,0,1843,213
1,146,0,12,206,146,174,174,31,206,12,174,0,12,174,1,146,146,12,206,146,206,12,174,12,206,0,1,207,22,0,1843,213
1,220,0,56,220,220,220,220,31,220,126,220,0,56,220,1,220,220,126,220,220,220,64,220,64,220,0,2,207,22,0,1843,213
1,220,0,220,12,12,220,220,31,220,220,220,0,220,12,1,12,220,220,220,220,12,220,12,220,220,0,0,207,22,0,1847,213
1,12,0,12,220,220,12,12,31,12,12,12,0,12,220,1,220,12,12,12,12,220,12,220,12,12,0,1,207,22,0,1847,213
1,220,0,36,220,220,220,220,31,220,71,220,0,36,220,1,220,220,71,220,220,220,35,220,35,220,0,2,207,22,0,1847,213
2,27,0,220,165,27,54,54,31,165,220,54,0,220,54,1,27,27,220,165,27,165,220,54,220,165,0,0,207,22,0,1848,213
2,220,0,186,220,220,220,220,31,220,35,220,0,186,220,1,220,220,35,220,220,220,49,220,49,220,0,1,207,22,0,1848,213
2,12,0,216,12,12,12,12,31,12,203,12,0,216,12,1,12,12,203,12,12,12,76,12,76,12,0,2,207,22,0,1848,213
1,220,0,220,220,220,220,12,13,220,12,220,0,12,220,1,220,220,220,12,12,220,220,220,12,220,0,0,262,135,0,1917,262
1,220,0,220,220,220,220,12,13,220,12,220,0,12,220,1,220,220,220,12,12,220,220,220,12,220,0,1,262,135,0,1917,262
1,220,0,220,220,220,220,12,13,220,12,220,0,12,220,1,220,220,220,12,12,220,220,220,12,220,0,2,262,135,0,1917,262
1,30,0,220,220,220,220,220,13,234,12,45,0,12,220,1,220,220,220,220,220,220,220,220,12,220,0,0,262,135,0,1919,262
1,220,0,220,220,220,220,12,13,220,12,220,0,12,220,1,220,220,220,12,12,220,220,220,12,220,0,1,262,135,0,1919,262
1,220,0,220,220,220,220,12,13,220,12,220,0,12,220,1,220,220,220,12,12,220,220,220,12,220,0,2,262,135,0,1919,262
1,220,0,238,220,220,220,12,14,220,12,220,0,12,220,1,220,220,57,12,12,220,52,220,12,220,0,0,23,49,0,1923,89
1,220,0,238,220,220,220,12,60,220,12,220,0,12,220,1,220,220,57,12,12,220,52,220,12,220,0,0,23,49,0,1923,89
1,220,0,238,220,220,220,12,61,220,12,220,0,12,220,1,220,220,57,12,12,220,52,220,12,220,0,0,23,49,0,1923,89
1,28,0,220,0,28,220,220,14,0,220,136,0,220,136,1,28,220,220,220,220,0,220,136,220,220,0,1,23,49,0,1923,89
1,28,0,220,0,28,220,220,60,0,220,136,0,220,136,1,28,220,220,220,220,0,220,136,220,220,0,1,23,49,0,1923,89
1,28,0,220,0,28,220,220,61,0,220,136,0,220,136,1,28,220,220,220,220,0,220,136,220,220,0,1,23,49,0,1923,89
1,220,0,238,220,220,220,12,14,220,12,220,0,12,220,1,220,220,57,12,12,220,52,220,12,220,0,2,23,49,0,1923,89
1,220,0,238,220,220,220,12,60,220,12,220,0,12,220,1,220,220,57,12,12,220,52,220,12,220,0,2,23,49,0,1923,89
1,220,0,238,220,220,220,12,61,220,12,220,0,12,220,1,220,220,57,12,12,220,52,220,12,220,0,2,23,49,0,1923,89
1,220,0,238,220,220,220,12,14,220,12,220,0,12,220,1,220,220,57,12,12,220,52,220,12,220,0,3,23,49,0,1923,89
1,220,0,238,220,220,220,12,60,220,12,220,0,12,220,1,220,220,57,12,12,220,52,220,12,220,0,3,23,49,0,1923,89
1,220,0,238,220,220,220,12,61,220,12,220,0,12,220,1,220,220,57,12,12,220,52,220,12,220,0,3,23,49,0,1923,89
1,220,0,220,12,12,12,12,14,220,220,220,1,220,12,1,12,12,220,12,12,12,220,12,220,12,0,0,23,49,0,1925,89
1,220,0,220,12,12,12,12,60,220,220,220,1,220,12,1,12,12,220,12,12,12,220,12,220,12,0,0,23,49,0,1925,89
1,220,0,220,12,12,12,12,61,220,220,220,1,220,12,1,12,12,220,12,12,12,220,12,220,12,0,0,23,49,0,1925,89
1,220,0,220,12,12,12,12,14,220,220,220,1,220,12,1,12,12,220,12,12,12,220,12,220,12,0,1,23,49,0,1925,89
1,220,0,220,12,12,12,12,60,220,220,220,1,220,12,1,12,12,220,12,12,12,220,12,220,12,0,1,23,49,0,1925,89
1,220,0,220,12,12,12,12,61,220,220,220,1,220,12,1,12,12,220,12,12,12,220,12,220,12,0,1,23,49,0,1925,89
1,220,0,238,220,220,12,220,14,220,12,220,1,12,220,1,220,12,57,220,220,220,52,220,12,12,0,2,23,49,0,1925,89
1,220,0,238,220,220,12,220,60,220,12,220,1,12,220,1,220,12,57,220,220,220,52,220,12,12,0,2,23,49,0,1925,89
1,220,0,238,220,220,12,220,61,220,12,220,1,12,220,1,220,12,57,220,220,220,52,220,12,12,0,2,23,49,0,1925,89
1,12,0,238,220,220,220,12,14,12,12,12,1,12,220,1,220,220,57,12,12,220,52,220,12,220,0,3,23,49,0,1925,89
1,12,0,238,220,220,220,12,60,12,12,12,1,12,220,1,220,220,57,12,12,220,52,220,12,220,0,3,23,49,0,1925,89
1,12,0,238,220,220,220,12,61,12,12,12,1,12,220,1,220,220,57,12,12,220,52,220,12,220,0,3,23,49,0,1925,89
1,12,0,220,220,220,25,220,13,12,12,12,0,12,220,1,220,25,220,220,220,220,220,220,12,25,0,0,262,135,0,1926,262
1,220,0,25,12,12,220,12,13,220,220,220,0,220,12,1,12,220,25,12,12,12,25,12,220,220,0,1,265,135,0,1926,262
1,220,0,12,220,220,220,12,13,220,12,220,0,12,220,1,220,220,12,12,12,220,12,220,12,220,0,2,262,135,0,1926,262
1,220,0,25,12,12,220,12,13,220,220,220,0,220,12,1,12,220,25,12,12,12,25,12,220,220,0,0,265,135,0,1928,262
1,220,0,220,220,220,220,12,13,220,12,220,0,12,220,1,220,220,220,12,12,220,220,220,12,220,0,1,262,135,0,1928,262
1,220,0,220,220,220,220,12,13,220,12,220,0,12,220,1,220,220,220,12,12,220,220,220,12,220,0,2,262,135,0,1928,262
1,220,0,220,220,220,220,12,13,220,12,220,0,12,220,1,220,220,220,12,12,220,220,220,12,220,0,0,262,135,0,1929,262
1,12,0,25,12,12,25,220,13,12,220,12,0,220,12,1,12,25,25,220,220,12,25,12,220,25,0,1,265,135,0,1929,265
1,220,0,220,220,220,220,12,13,220,12,220,0,12,220,1,220,220,220,12,12,220,220,220,12,220,0,2,262,135,0,1929,262
1,12,0,220,220,220,25,220,13,12,12,12,0,12,220,1,220,25,220,220,220,220,220,220,12,25,0,0,262,135,0,1930,265
1,220,0,25,12,12,220,12,13,220,220,220,0,220,12,1,12,220,25,12,12,12,25,12,220,220,0,1,265,135,0,1930,262
1,220,0,220,220,220,220,12,13,220,12,220,0,12,220,1,220,220,220,12,12,220,220,220,12,220,0,2,262,135,0,1930,262
1,30,0,220,220,220,99,220,13,28,12,77,1,12,220,1,220,41,220,220,220,220,220,220,12,33,0,0,262,135,0,1931,265
1,12,0,25,12,12,25,220,13,12,220,12,1,220,12,1,12,25,25,220,220,12,25,12,220,25,0,1,265,135,0,1931,265
1,220,0,220,220,220,220,12,13,220,12,220,1,12,220,1,220,220,220,12,12,220,220,220,12,220,0,2,262,135,0,1931,262
1,220,0,220,220,220,220,12,13,220,12,220,0,12,220,1,220,220,220,12,12,220,220,220,12,220,0,0,262,135,0,1932,262
1,30,0,220,234,30,220,220,13,234,220,45,0,220,45,1,220,220,220,220,220,220,220,220,220,220,0,1,262,135,0,1932,262
1,220,0,220,220,220,220,12,13,220,12,220,0,12,220,1,220,220,220,12,12,220,220,220,12,220,0,2,262,135,0,1932,262
1,220,0,220,220,220,220,12,13,220,12,220,1,12,220,1,220,220,220,12,12,220,220,220,12,220,0,0,262,135,0,1933,262
1,12,0,25,12,12,25,220,13,12,220,12,1,220,12,1,12,25,25,220,220,12,25,12,220,25,0,1,265,135,0,1933,265
1,220,0,220,220,220,220,12,13,220,12,220,1,12,220,1,220,220,220,12,12,220,220,220,12,220,0,2,262,135,0,1933,262
1,220,0,220,220,220,220,12,13,220,12,220,0,12,220,1,220,220,220,12,12,220,220,220,12,220,0,0,262,135,0,1934,262
1,220,0,220,220,220,220,12,13,220,12,220,0,12,220,1,220,220,220,12,12,220,220,220,12,220,0,1,262,135,0,1934,262
1,220,0,220,220,220,220,12,13,220,12,220,0,12,220,1,220,220,220,12,12,220,220,220,12,220,0,2,262,135,0,1934,262
1,220,0,33,28,30,220,12,13,220,220,220,0,220,77,1,30,220,41,12,12,28,99,77,220,220,0,0,265,135,0,1935,262
1,220,0,220,220,220,220,12,13,220,12,220,0,12,220,1,220,220,220,12,12,220,220,220,12,220,0,1,262,135,0,1935,262
1,220,0,220,220,220,220,12,13,220,12,220,0,12,220,1,220,220,220,12,12,220,220,220,12,220,0,2,262,135,0,1935,262
1,220,0,220,220,220,220,12,13,220,12,220,0,12,220,1,220,220,220,12,12,220,220,220,12,220,0,0,262,135,0,1936,262
1,220,0,25,12,12,220,12,13,220,220,220,0,220,12,1,12,220,25,12,12,12,25,12,220,220,0,1,265,135,0,1936,262
1,12,0,25,12,12,25,220,13,12,220,12,0,220,12,1,12,25,25,220,220,12,25,12,220,25,0,2,265,135,0,1936,265
1,220,0,25,12,12,220,12,13,220,220,220,1,220,12,1,12,220,25,12,12,12,25,12,220,220,0,0,265,135,0,1937,262
1,12,0,220,220,220,25,220,13,12,12,12,1,12,220,1,220,25,220,220,220,220,220,220,12,25,0,1,262,135,0,1937,265
1,220,0,220,220,220,220,12,13,220,12,220,1,12,220,1,220,220,220,12,12,220,220,220,12,220,0,2,262,135,0,1937,262
1,220,0,220,220,220,220,12,13,220,12,220,0,12,220,1,220,220,220,12,12,220,220,220,12,220,0,0,262,135,0,1938,262
1,12,0,25,12,12,25,220,13,12,220,12,0,220,12,1,12,25,25,220,220,12,25,12,220,25,0,1,265,135,0,1938,265
1,220,0,220,220,220,220,12,13,220,12,220,0,12,220,1,220,220,220,12,12,220,220,220,12,220,0,2,262,135,0,1938,262
1,227,0,220,234,30,220,12,13,224,220,41,0,220,45,1,30,220,220,12,12,235,220,45,220,220,0,0,262,135,0,1939,262
1,12,0,25,12,12,25,220,13,12,220,12,0,220,12,1,12,25,25,220,220,12,25,12,220,25,0,1,265,135,0,1939,265
1,220,0,220,220,220,220,12,13,220,12,220,0,12,220,1,220,220,220,12,12,220,220,220,12,220,0,2,262,135,0,1939,262
1,220,0,33,28,30,220,12,13,220,220,220,1,220,77,1,30,220,41,12,12,28,99,77,220,220,0,0,265,135,0,1940,262
1,30,0,220,220,220,220,220,13,234,12,45,1,12,220,1,220,220,220,220,220,220,220,220,12,220,0,1,262,135,0,1940,262
1,12,0,25,12,12,25,220,13,12,220,12,1,220,12,1,12,25,25,220,220,12,25,12,220,25,0,2,265,135,0,1940,265
1,220,0,238,220,220,12,12,14,220,12,220,0,12,220,1,220,12,57,12,12,220,52,220,12,12,0,0,23,49,0,1943,89
1,220,0,238,220,220,12,12,60,220,12,220,0,12,220,1,220,12,57,12,12,220,52,220,12,12,0,0,23,49,0,1943,89
1,220,0,238,220,220,12,12,61,220,12,220,0,12,220,1,220,12,57,12,12,220,52,220,12,12,0,0,23,49,0,1943,89
1,28,0,220,0,28,220,220,14,0,220,136,0,220,136,1,28,220,220,220,220,0,220,136,220,220,0,1,23,49,0,1943,89
1,28,0,220,0,28,220,220,60,0,220,136,0,220,136,1,28,220,220,220,220,0,220,136,220,220,0,1,23,49,0,1943,89
1,28,0,220,0,28,220,220,61,0,220,136,0,220,136,1,28,220,220,220,220,0,220,136,220,220,0,1,23,49,0,1943,89
1,220,0,238,220,220,12,220,14,220,12,220,0,12,220,1,220,12,57,220,220,220,52,220,12,12,0,2,23,49,0,1943,89
1,220,0,238,220,220,12,220,60,220,12,220,0,12,220,1,220,12,57,220,220,220,52,220,12,12,0,2,23,49,0,1943,89
1,220,0,238,220,220,12,220,61,220,12,220,0,12,220,1,220,12,57,220,220,220,52,220,12,12,0,2,23,49,0,1943,89
1,220,0,238,220,220,12,12,14,220,12,220,0,12,220,1,220,12,57,12,12,220,52,220,12,12,0,3,23,49,0,1943,89
1,220,0,238,220,220,12,12,60,220,12,220,0,12,220,1,220,12,57,12,12,220,52,220,12,12,0,3,23,49,0,1943,89
1,220,0,238,220,220,12,12,61,220,12,220,0,12,220,1,220,12,57,12,12,220,52,220,12,12,0,3,23,49,0,1943,89
1,220,0,25,12,12,220,12,13,220,220,220,0,220,12,1,12,220,25,12,12,12,25,12,220,220,0,0,265,135,0,1944,262
1,12,0,25,12,12,25,220,13,12,220,12,0,220,12,1,12,25,25,220,220,12,25,12,220,25,0,1,265,135,0,1944,265
1,220,0,220,220,220,220,12,13,220,12,220,0,12,220,1,220,220,220,12,12,220,220,220,12,220,0,2,262,135,0,1944,262
1,30,0,220,220,220,220,220,13,234,12,45,1,12,220,1,220,220,220,220,220,220,220,220,12,220,0,0,262,135,0,1947,262
1,220,0,220,234,30,220,12,13,220,220,220,1,220,45,1,30,220,220,12,12,234,220,45,220,220,0,1,262,135,0,1947,262
1,12,0,25,12,12,25,220,13,12,220,12,1,220,12,1,12,25,25,220,220,12,25,12,220,25,0,2,265,135,0,1947,265
1,220,0,33,28,30,220,12,13,220,220,220,1,220,77,1,30,220,41,12,12,28,99,77,220,220,0,0,265,135,0,1951,262
1,220,0,220,220,220,220,12,13,220,12,220,1,12,220,1,220,220,220,12,12,220,220,220,12,220,0,1,262,135,0,1951,262
1,220,0,220,220,220,220,12,13,220,12,220,1,12,220,1,220,220,220,12,12,220,220,220,12,220,0,2,262,135,0,1951,262
1,220,0,220,220,220,220,12,13,220,12,220,1,12,220,1,220,220,220,12,12,220,220,220,12,220,0,0,262,135,0,1952,262
1,220,0,220,220,220,220,12,13,220,12,220,1,12,220,1,220,220,220,12,12,220,220,220,12,220,0,1,262,135,0,1952,262
1,220,0,220,220,220,220,12,13,220,12,220,1,12,220,1,220,220,220,12,12,220,220,220,12,220,0,2,262,135,0,1952,262
1,220,0,220,220,220,220,12,13,220,12,220,0,12,220,1,220,220,220,12,12,220,220,220,12,220,0,0,262,135,0,1958,262
1,12,0,25,12,12,25,220,13,12,220,12,0,220,12,1,12,25,25,220,220,12,25,12,220,25,0,1,265,135,0,1958,265
1,220,0,220,220,220,220,12,13,220,12,220,0,12,220,1,220,220,220,12,12,220,220,220,12,220,0,2,262,135,0,1958,262
1,12,0,25,12,12,25,220,13,12,220,12,1,220,12,1,12,25,25,220,220,12,25,12,220,25,0,0,265,135,0,1960,265
1,220,0,220,220,220,220,12,13,220,12,220,1,12,220,1,220,220,220,12,12,220,220,220,12,220,0,1,262,135,0,1960,262
1,12,0,25,12,12,25,220,13,12,220,12,1,220,12,1,12,25,25,220,220,12,25,12,220,25,0,2,265,135,0,1960,265
1,220,0,220,220,220,220,12,13,220,12,220,1,12,220,1,220,220,220,12,12,220,220,220,12,220,0,0,262,135,0,1961,262
1,220,0,220,220,220,220,12,13,220,12,220,1,12,220,1,220,220,220,12,12,220,220,220,12,220,0,1,262,135,0,1961,262
1,12,0,25,12,12,25,220,13,12,220,12,1,220,12,1,12,25,25,220,220,12,25,12,220,25,0,2,265,135,0,1961,265
1,220,0,220,220,220,220,12,13,220,12,220,0,12,220,1,220,220,220,12,12,220,220,220,12,220,0,0,262,135,0,1962,262
1,220,0,25,12,12,220,12,13,220,220,220,0,220,12,1,12,220,25,12,12,12,25,12,220,220,0,1,265,135,0,1962,262
1,220,0,220,220,220,220,12,13,220,12,220,0,12,220,1,220,220,220,12,12,220,220,220,12,220,0,2,262,135,0,1962,262
1,12,0,25,12,12,25,220,13,12,220,12,0,220,12,1,12,25,25,220,220,12,25,12,220,25,0,0,265,135,0,15015,265
1,220,0,220,220,220,220,12,13,220,12,220,0,12,220,1,220,220,220,12,12,220,220,220,12,220,0,1,262,135,0,15015,262
1,12,0,25,12,12,25,220,13,12,220,12,0,220,12,1,12,25,25,220,220,12,25,12,220,25,0,2,265,135,0,15015,265
1,30,0,33,28,30,99,220,13,28,220,77,0,220,77,1,30,41,41,220,220,28,99,77,220,33,0,0,265,135,0,15048,265
1,220,0,220,220,220,220,12,13,220,12,220,0,12,220,1,220,220,220,12,12,220,220,220,12,220,0,1,262,135,0,15048,262
1,220,0,220,220,220,220,12,13,220,12,220,0,12,220,1,220,220,220,12,12,220,220,220,12,220,0,2,265,135,0,15048,262
1,220,0,220,220,220,220,12,13,220,12,220,0,12,220,1,220,220,220,12,12,220,220,220,12,220,0,0,262,135,0,110313,262
1,12,0,25,12,12,25,220,13,12,220,12,0,220,12,1,12,25,25,220,220,12,25,12,220,25,0,1,265,135,0,110313,265
1,220,0,220,220,220,220,12,13,220,12,220,0,12,220,1,220,220,220,12,12,220,220,220,12,220,0,2,262,135,0,110313,262
2,26,0,217,17,26,63,63,16,17,26,63,0,17,63,1,26,26,221,17,26,17,46,63,63,17,0,0,200,19,0,110321,200
2,220,0,20,220,220,220,220,16,220,220,220,0,220,220,1,220,220,39,220,220,220,120,220,220,220,0,1,200,19,0,110321,200
2,220,0,163,220,220,220,220,16,220,220,220,0,220,220,1,220,220,15,220,220,220,15,220,220,220,0,2,200,19,0,110321,200
1,220,0,220,220,220,220,220,32,220,220,220,0,220,220,1,220,220,220,220,220,220,220,220,220,220,0,0,213,22,0,110373,213
1,20,0,113,113,20,34,34,32,113,20,34,0,113,34,1,20,20,20,113,20,113,34,34,34,113,0,1,213,22,0,110373,213
1,255,0,237,237,255,0,0,32,237,255,0,0,237,0,1,255,255,255,237,255,237,0,0,0,237,0,2,213,22,0,110373,213
1,220,0,220,220,220,220,220,32,220,220,220,0,220,220,1,220,220,220,220,220,220,220,220,220,220,0,3,213,22,0,110373,213
1,58,0,220,220,220,129,129,32,93,220,129,0,220,220,1,220,58,220,93,58,220,220,220,220,93,0,0,213,22,0,110374,213
1,52,0,82,82,52,112,112,32,82,52,112,0,82,112,1,52,52,52,82,52,82,112,112,112,82,0,1,213,22,0,110374,213
1,51,0,86,86,51,119,119,32,86,51,119,0,86,119,1,51,51,51,86,51,86,119,119,119,86,0,2,213,22,0,110374,213
1,220,0,220,220,220,220,220,32,220,220,220,0,220,220,1,220,220,220,220,220,220,220,220,220,220,0,3,213,22,0,110374,213
1,220,0,12,220,220,220,220,31,220,12,220,0,12,220,1,220,220,12,220,220,220,12,220,12,220,0,0,207,22,0,110378,213
1,12,0,220,12,12,12,12,31,12,220,12,0,220,12,1,12,12,220,12,12,12,220,12,220,12,0,1,207,22,0,110378,213
1,220,0,99,220,220,220,220,31,220,33,220,0,99,220,1,220,220,33,220,220,220,45,220,45,220,0,2,207,22,0,110378,213
2,12,0,229,220,220,12,12,16,12,35,12,0,229,220,1,220,12,35,12,12,220,46,220,46,12,0,0,204,19,0,110456,204
2,220,0,220,12,12,220,220,16,220,220,220,0,220,12,1,12,220,220,220,220,12,220,12,220,220,0,1,204,19,0,110456,204
2,12,0,220,12,12,12,12,16,12,220,12,0,220,12,1,12,12,220,12,12,12,220,12,220,12,0,2,204,19,0,110456,204
1,220,0,12,220,220,12,12,32,220,12,220,0,12,220,1,220,12,12,12,12,220,12,220,12,12,0,0,213,22,0,110556,213
1,39,0,2,2,39,65,65,32,2,39,65,0,2,65,1,28,39,39,2,39,5,65,46,65,2,0,1,213,22,0,110556,213
1,28,0,5,5,28,46,46,32,5,28,46,0,5,46,1,28,28,28,5,28,5,46,46,46,5,0,2,213,22,0,110556,213
1,220,0,0,0,33,220,220,32,220,33,220,0,0,57,1,33,220,33,220,220,0,57,57,57,220,0,3,213,22,0,110556,213
1,220,0,156,220,220,220,220,31,220,41,220,0,156,220,1,220,220,41,220,220,220,51,220,51,220,0,0,207,22,0,110740,213
1,8,0,220,103,8,28,28,31,103,220,28,0,220,28,1,8,8,220,103,8,103,220,28,220,103,0,1,207,22,0,110740,213
1,39,0,220,126,39,64,64,31,126,39,64,0,126,64,1,39,39,220,126,39,126,220,64,64,126,0,2,207,22,0,110740,213
1,12,0,25,12,12,25,220,13,12,220,12,0,220,12,1,12,25,25,220,220,12,25,12,220,25,0,0,265,135,0,110799,265
1,220,0,220,220,220,220,12,13,220,12,220,0,12,220,1,220,220,220,12,12,220,220,220,12,220,0,1,262,135,0,110799,262
1,220,0,220,220,220,220,12,13,220,12,220,0,12,220,1,220,220,220,12,12,220,220,220,12,220,0,2,262,135,0,110799,262
1,220,0,220,220,220,220,12,13,220,12,220,0,12,220,1,220,220,220,12,12,220,220,220,12,220,0,0,262,135,0,110890,262
1,12,0,25,12,12,25,220,13,12,220,12,0,220,12,1,12,25,25,220,220,12,25,12,220,25,0,1,265,135,0,110890,265
1,220,0,220,220,220,220,12,13,220,12,220,0,12,220,1,220,220,220,12,12,220,220,220,12,220,0,2,262,135,0,110890,262
1,132,0,12,142,132,83,83,31,142,12,83,0,12,83,1,132,132,12,142,132,142,12,83,12,142,0,0,207,22,0,110908,213
1,12,0,220,12,12,12,12,31,12,220,12,0,220,12,1,12,12,220,12,12,12,220,12,220,12,0,1,207,22,0,110908,213
1,12,0,237,12,12,12,12,31,12,187,12,0,237,12,1,12,12,187,12,12,12,86,12,86,12,0,2,207,22,0,110908,213
2,79,0,53,220,220,141,220,16,53,79,141,0,53,220,1,220,79,79,220,220,220,141,220,141,53,0,0,204,19,0,111276,204
2,220,0,110,220,220,220,64,16,220,26,220,0,233,220,1,220,220,49,110,49,220,64,220,34,220,0,1,204,19,0,111276,204
2,32,0,255,168,32,49,0,16,168,229,49,0,255,49,1,32,32,229,255,229,168,0,49,0,168,0,2,204,19,0,111276,204
1,220,0,239,220,220,220,220,31,220,0,220,0,239,220,1,220,220,0,220,220,220,39,220,39,220,0,0,207,22,0,111434,213
1,12,0,220,12,12,12,12,31,12,220,12,0,220,12,1,12,12,220,12,12,12,220,12,220,12,0,1,207,22,0,111434,213
1,12,0,254,12,12,12,12,31,12,206,12,0,254,12,1,12,12,206,12,12,12,31,12,31,12,0,2,207,22,0,111434,213
1,70,0,11,11,70,131,131,32,11,70,131,0,11,131,1,70,70,70,11,70,11,131,131,131,11,0,0,213,22,0,111657,213
1,67,0,12,12,67,121,121,32,12,67,121,0,12,121,1,67,67,67,12,67,12,121,121,121,12,0,1,213,22,0,111657,213
1,220,0,220,220,220,220,220,32,220,220,220,0,220,220,1,220,220,220,220,220,220,220,220,220,220,0,2,213,22,0,111657,213
1,217,0,255,255,217,1,1,32,255,217,1,0,255,1,1,217,217,217,255,217,255,1,1,1,255,0,3,213,22,0,111657,213
2,180,0,98,225,180,41,35,16,225,180,35,0,225,35,1,180,28,28,225,180,225,41,35,35,98,0,0,204,19,0,111659,200
2,15,0,119,130,15,7,7,16,130,15,7,0,130,163,1,15,15,37,130,15,130,65,7,7,130,0,1,204,19,0,111659,200
2,220,0,7,220,220,96,220,16,220,220,220,0,220,220,1,220,147,147,220,220,220,220,220,69,7,0,2,204,19,0,111659,200
2,220,0,220,220,220,220,220,32,220,220,220,0,220,220,1,220,220,220,220,220,220,220,220,220,220,0,0,213,22,0,111811,213
2,22,0,200,200,22,13,13,32,200,22,13,0,200,13,1,22,22,22,200,22,200,13,13,13,200,0,1,213,22,0,111811,213
2,220,0,220,220,220,220,220,32,220,220,220,0,220,220,1,220,220,220,220,220,220,220,220,220,220,0,2,213,22,0,111811,213
2,220,0,238,220,220,220,220,32,220,48,220,0,238,220,1,220,220,48,220,220,220,76,220,76,220,0,3,213,22,0,111811,213
2,220,0,12,220,220,12,12,16,220,12,220,0,12,220,1,220,12,12,12,12,220,12,220,12,12,0,0,204,19,0,111817,204
2,12,0,220,12,12,12,12,16,12,220,12,0,220,12,1,12,12,220,12,12,12,220,12,220,12,0,1,204,19,0,111817,204
2,220,0,12,220,220,220,220,16,220,12,220,0,12,220,1,220,220,12,220,220,220,12,220,12,220,0,2,204,19,0,111817,204
1,220,0,220,220,220,220,220,32,220,220,220,0,220,220,1,220,220,220,220,220,220,220,220,220,220,0,0,213,22,0,111974,213
1,12,0,12,12,12,12,12,32,12,12,12,0,12,12,1,12,12,12,12,12,12,12,12,12,12,0,1,213,22,0,111974,213
1,220,0,220,220,220,220,220,32,220,220,220,0,220,220,1,220,220,220,220,220,220,220,220,220,220,0,2,213,22,0,111974,213
1,12,0,12,12,12,12,12,32,12,12,12,0,12,12,1,12,12,12,12,12,12,12,12,12,12,0,3,213,22,0,111974,213
2,220,0,252,220,220,220,220,31,220,48,220,0,252,220,1,220,220,48,220,220,220,77,220,77,220,0,0,207,22,0,111993,213
2,4,0,220,179,4,55,55,31,179,173,55,0,220,55,1,4,4,173,179,4,179,64,55,64,179,0,1,207,22,0,111993,213
2,44,0,170,0,44,98,98,31,0,194,98,0,170,98,1,44,44,194,0,44,0,77,98,77,0,0,2,207,22,0,111993,213
1,220,0,27,220,220,220,220,31,220,20,220,0,27,220,1,220,220,20,220,220,220,50,220,50,220,0,0,207,22,0,112168,213
1,48,0,220,0,48,86,86,31,0,220,86,0,220,86,1,48,48,220,0,48,0,220,86,220,0,0,1,207,22,0,112168,213
1,48,0,241,0,48,86,86,31,0,90,86,0,241,86,1,48,48,90,0,48,0,36,86,36,0,0,2,207,22,0,112168,213
1,220,0,25,12,12,220,12,13,220,220,220,0,220,12,1,12,220,25,12,12,12,25,12,220,220,0,0,265,135,0,112222,262
1,220,0,220,220,220,220,12,13,220,12,220,0,12,220,1,220,220,220,12,12,220,220,220,12,220,0,1,262,135,0,112222,262
1,220,0,220,220,220,220,12,13,220,12,220,0,12,220,1,220,220,220,12,12,220,220,220,12,220,0,2,262,135,0,112222,262
1,220,0,25,12,12,220,12,13,220,220,220,0,220,12,1,12,220,25,12,12,12,25,12,220,220,0,0,265,135,0,112254,262
1,12,0,25,12,12,25,220,13,12,220,12,0,220,12,1,12,25,25,220,220,12,25,12,220,25,0,1,265,135,0,112254,265
1,220,0,220,220,220,220,12,13,220,12,220,0,12,220,1,220,220,220,12,12,220,220,220,12,220,0,2,262,135,0,112254,262
1,220,0,220,220,220,220,12,13,220,12,220,0,12,220,1,220,220,220,12,12,220,220,220,12,220,0,0,262,135,0,112259,262
1,30,0,33,28,30,99,220,13,28,220,77,0,220,77,1,220,41,41,220,220,220,99,220,220,33,0,1,265,135,0,112259,265
1,12,0,25,12,12,25,220,13,12,220,12,0,220,12,1,12,25,25,220,220,12,25,12,220,25,0,2,265,135,0,112259,265
1,30,0,220,220,220,220,220,13,234,12,45,0,12,220,1,220,220,220,220,220,220,220,220,12,220,0,0,262,135,0,112260,262
1,220,0,25,12,12,220,12,13,220,220,220,0,220,12,1,12,220,25,12,12,12,25,12,220,220,0,1,265,135,0,112260,262
1,220,0,220,220,220,220,12,13,220,12,220,0,12,220,1,220,220,220,12,12,220,220,220,12,220,0,2,262,135,0,112260,262
2,26,0,220,165,26,25,25,31,165,220,25,0,220,25,1,26,26,220,165,26,165,220,25,220,165,0,0,207,22,0,112494,213
2,220,0,165,220,220,220,220,31,220,26,220,0,165,220,1,220,220,26,220,220,220,25,220,25,220,0,1,207,22,0,112494,213
2,220,0,16,220,220,220,220,31,220,97,220,0,16,220,1,220,220,97,220,220,220,56,220,56,220,0,2,207,22,0,112494,213
1,132,0,12,142,132,83,83,31,142,12,83,0,12,83,1,132,132,12,142,132,142,12,83,12,142,0,0,207,22,0,112499,213
1,12,0,220,12,12,12,12,31,12,220,12,0,220,12,1,12,12,220,12,12,12,220,12,220,12,0,1,207,22,0,112499,213
1,12,0,237,12,12,12,12,31,12,187,12,0,237,12,1,12,12,187,12,12,12,86,12,86,12,0,2,207,22,0,112499,213
2,221,0,182,250,221,37,37,16,250,221,37,0,250,37,1,221,221,42,250,221,250,59,37,37,250,0,0,202,19,0,112552,202
2,42,0,250,182,42,59,59,16,182,42,59,0,182,59,1,42,42,211,182,42,182,37,59,59,182,0,1,202,19,0,112552,202
2,220,0,61,220,220,220,220,16,220,220,220,0,220,220,1,220,220,179,220,220,220,201,220,220,220,0,2,202,19,0,112552,202
1,132,0,12,142,132,83,83,31,142,12,83,0,12,83,1,132,132,12,142,132,142,12,83,12,142,0,0,207,22,0,113446,213
1,12,0,220,12,12,12,12,31,12,220,12,0,220,12,1,12,12,220,12,12,12,220,12,220,12,0,1,207,22,0,113446,213
1,12,0,237,12,12,12,12,31,12,187,12,0,237,12,1,12,12,187,12,12,12,86,12,86,12,0,2,207,22,0,113446,213
2,220,0,20,220,220,220,113,16,220,62,220,0,20,220,1,220,220,62,20,62,220,113,220,113,220,0,0,204,19,0,113742,204
2,220,0,222,220,220,220,45,16,220,31,220,0,222,220,1,220,220,31,222,31,220,45,220,45,220,0,1,204,19,0,113742,204
2,20,0,197,197,20,45,0,16,197,221,45,0,255,45,1,20,20,20,255,221,197,45,45,0,197,0,2,204,19,0,113742,204
1,12,0,220,220,220,25,220,13,12,12,12,0,12,220,1,220,25,220,220,220,220,220,220,12,25,0,0,262,135,0,113926,265
1,220,0,220,220,220,220,12,13,220,12,220,0,12,220,1,220,220,220,12,12,220,220,220,12,220,0,1,262,135,0,113926,262
1,12,0,25,12,12,25,220,13,12,220,12,0,220,12,1,12,25,25,220,220,12,25,12,220,25,0,2,265,135,0,113926,265
1,220,0,220,12,12,220,220,31,220,220,220,0,220,12,1,12,220,220,220,220,12,220,12,220,220,0,0,207,22,0,113974,213
1,12,0,12,170,148,12,12,31,12,12,12,0,12,89,1,148,12,12,12,12,170,12,89,12,12,0,1,207,22,0,113974,213
1,12,0,14,220,220,12,12,31,12,155,12,0,14,220,1,220,12,155,12,12,220,184,220,184,12,0,2,207,22,0,113974,213
1,12,0,25,12,12,25,220,13,12,220,12,0,220,12,1,12,25,25,220,220,12,25,12,220,25,0,0,265,135,0,115486,265
1,12,0,12,12,12,12,12,14,12,12,12,0,12,12,1,12,12,12,12,12,12,12,12,12,12,0,0,10,1,0,115486,10
1,12,0,12,12,12,12,12,16,12,12,12,0,12,12,1,12,12,12,12,12,12,12,12,12,12,0,0,10,1,0,115486,10
1,12,0,12,12,12,12,12,17,12,12,12,0,12,12,1,12,12,12,12,12,12,12,12,12,12,0,0,10,1,0,115486,10
1,12,0,12,12,12,12,12,60,12,12,12,0,12,12,1,12,12,12,12,12,12,12,12,12,12,0,0,10,1,0,115486,10
1,12,0,12,12,12,12,12,61,12,12,12,0,12,12,1,12,12,12,12,12,12,12,12,12,12,0,0,10,1,0,115486,10
1,12,0,12,12,12,12,12,201,12,12,12,0,12,12,1,12,12,12,12,12,12,12,12,12,12,0,0,10,1,0,115486,10
1,12,0,12,12,12,12,12,223,12,12,12,0,12,12,1,12,12,12,12,12,12,12,12,12,12,0,0,10,1,0,115486,10
1,12,0,12,12,12,12,12,224,12,12,12,0,12,12,1,12,12,12,12,12,12,12,12,12,12,0,0,10,1,0,115486,10
1,12,0,12,12,12,12,12,226,12,12,12,0,12,12,1,12,12,12,12,12,12,12,12,12,12,0,0,10,1,0,115486,10
1,12,0,12,12,12,12,12,228,12,12,12,0,12,12,1,12,12,12,12,12,12,12,12,12,12,0,0,10,1,0,115486,10
1,12,0,12,12,12,12,12,232,12,12,12,0,12,12,1,12,12,12,12,12,12,12,12,12,12,0,0,10,1,0,115486,10
1,12,0,12,12,12,12,12,2096,12,12,12,0,12,12,1,12,12,12,12,12,12,12,12,12,12,0,0,10,1,0,115486,10
1,133,0,1,169,133,80,80,227,169,43,80,1,1,80,1,133,133,43,169,133,169,88,80,88,169,0,0,171,89,0,116010,172
1,220,0,12,220,220,220,220,227,220,12,220,1,12,220,1,220,220,12,220,220,220,12,220,12,220,0,1,171,89,0,116010,172
1,12,0,220,12,12,12,12,227,12,220,12,1,220,12,1,12,12,220,12,12,12,220,12,220,12,0,2,171,89,0,116010,172
1,25,0,11,11,25,69,69,227,11,25,69,1,11,69,1,25,25,25,11,25,11,69,69,69,11,0,0,151,78,0,116011,151
1,220,0,220,220,220,220,220,227,220,220,220,1,220,220,1,220,220,220,220,220,220,220,220,220,220,0,1,151,78,0,116011,151
1,12,0,12,12,12,12,12,227,12,12,12,1,12,12,1,12,12,12,12,12,12,12,12,12,12,0,2,151,78,0,116011,151
1,134,0,89,15,41,170,170,227,89,134,170,0,89,85,1,220,134,134,89,134,220,170,220,170,89,0,0,271,139,0,116017,271
1,87,0,220,217,87,22,22,227,217,220,22,0,220,22,1,4,87,220,217,87,74,220,27,220,217,0,1,271,139,0,116017,271
1,221,0,75,200,221,136,136,227,200,66,136,0,75,136,1,17,221,66,200,221,200,89,118,89,200,0,2,271,139,0,116017,271
2,108,0,220,137,108,37,37,227,137,220,37,1,220,37,1,108,108,220,137,108,137,220,37,220,137,0,0,239,120,0,116033,239
2,220,0,36,220,220,220,220,227,220,53,220,1,36,220,1,220,220,53,220,220,220,89,220,89,220,0,1,239,120,0,116033,239
2,12,0,231,12,12,12,12,227,12,205,12,1,231,12,1,12,12,205,12,12,12,39,12,39,12,0,2,239,120,0,116033,239
2,220,0,163,220,220,26,26,227,220,2,220,0,163,220,1,220,2,2,163,2,220,26,220,26,163,0,0,220,114,0,116034,220
2,55,0,163,50,55,26,26,227,50,2,77,0,163,77,1,55,2,2,163,2,50,26,77,26,163,0,1,220,114,0,116034,220
2,220,0,50,220,220,88,88,227,220,114,220,0,50,220,1,220,114,114,50,114,220,88,220,88,50,0,2,220,114,0,116034,220
1,29,0,210,30,29,78,46,227,30,29,46,0,30,46,1,29,162,162,30,29,30,78,46,46,210,0,0,263,136,0,116326,263
1,163,0,12,208,163,12,77,227,208,163,77,0,208,77,1,163,12,12,208,163,208,12,77,77,12,0,1,263,136,0,116326,263
1,220,0,12,220,220,12,12,227,220,12,220,0,12,220,1,220,12,12,12,12,220,12,220,12,12,0,2,263,136,0,116326,263
2,220,0,12,220,220,12,12,227,220,12,220,1,12,220,1,220,12,12,12,12,220,12,220,12,12,0,0,153,76,0,116327,153
2,220,0,12,220,220,12,12,227,220,12,220,1,12,220,1,220,12,12,12,12,220,12,220,12,12,0,1,153,76,0,116327,153
2,12,0,220,12,12,220,220,227,12,220,12,1,220,12,1,12,220,220,220,220,12,220,12,220,220,0,2,153,76,0,116327,153
2,115,0,220,0,115,0,0,16,0,115,0,0,0,0,1,115,115,220,0,115,0,220,0,0,0,0,0,200,19,0,131447,200
2,220,0,0,220,220,220,220,16,220,220,220,0,220,220,1,220,220,115,220,220,220,0,220,220,220,0,1,200,19,0,131447,200
2,220,0,12,220,220,220,220,16,220,220,220,0,220,220,1,220,220,12,220,220,220,12,220,220,220,0,2,200,19,0,131447,200
