bs_zygomaxilla_NL_XXX_D_U,bs_zygomaxilla_NR_XXX_R_A,bs_mandible_NR_IXA_B_F,bs_maxilla_NL_SXX_N_W,bs_chin_NN_SXX_SL_SR,bs_brow_NL_XLX_R_A,bs_canine_NL_XXX_N,bs_brow_NL_XLX_B_F,bs_brow_NR_SMX_B_F,bs_temple_NR_XXX_B_F,bs_orbits_NR_XXX_N_W,bs_orbits_NR_SXX_D_U,bs_teeth_NN_XXX_D_U,ca_ears_NR_XXX_N_W,bs_cuspid_NR_XXX_SL_SR,fl_eyes_NR_XXX_R_A,bs_skull_NN_SXX_N_W,bs_mandible_NR_XXP_B_F,ca_laryngeal_NN_XXX_N_W,bs_orbits_NL_XXX_R_A,bs_maxilla_NR_IXX_B_F,fl_eyes_NR_XXX_D_U,bs_incisorLower_NL_XLX_U,bs_mandible_NL_SXA_N_W,bs_cuspid_NL_XXX_N,bs_brow_NN_XMX_D_U,ca_ears_NL_XXX_B_F,bs_temple_NL_XXX_R_A,bs_zygomaxilla_NR_XXX_D_U,bs_coronal_NN_SXX_R,bs_incisor_NR_XLX_D_U,bs_incisor_NR_IMX_D_U,bs_brow_NN_XMX_SL_SR,bs_canine_NR_IXX_R,bs_maxilla_NR_SXX_D_U,bs_maxilla_NL_IXX_R_A,bs_incisorLower_NL_XLX_SL_SR,ca_ears_NL_XXX_SL_SR,bs_incisor_NL_IMX_R,bs_incisorLower_NL_XLX_N,bs_noseRoot_NN_XXX_D_U,bs_cuspid_NL_SXX_D_U,bs_incisor_NR_ILX_D_U,ca_ears_NL_XXX_R_A,bs_cuspid_NL_XXX_U,bs_cuspid_NR_SXX_D_U,bs_cuspid_NR_XXX_N,bs_mandible_NR_IXA_N_W,ca_ears_NR_XXX_R_A,bs_skull_NN_SXX_R_A,bs_noseBridge_NN_XXX_N_W,bs_incisorLower_NR_SMX_D_U,bs_chin_NN_XXX_B_F,bs_canine_NL_XXX_SL_SR,bs_incisor_NR_XLX_SL_SR,bs_brow_NR_XLX_N_W,bs_maxilla_NL_IXX_B_F,bs_incisorLower_NR_XLX_U,bs_mandible_NR_SXA_D_U,bs_skull_NN_XXP_N_W,bs_chin_NN_XXX_R_A,bs_orbits_NL_SXX_D_U,bs_temple_NL_XXX_B_F,ca_adamsapple_NN_XXX_D_U,bs_orbits_NL_XXX_N_W,bs_mandible_NL_XXP_N_W,bs_canine_NR_XXX_N,bs_nose_NN_XXX_N_W,bs_incisor_NL_XLX_N_W,bs_mandible_NR_XXP_N_W,ca_laryngeal_NN_XXX_B_F,bs_mandible_NL_IXA_B_F,bs_chin_NN_XXX_SL_SR,bs_molarsLower_NR_XXX_U,bs_brow_NL_XLX_N_W,bs_mandible_NL_IXA_R_A,bs_incisorLower_NL_SMX_D_U,bs_brow_NR_XLX_R_A,bs_incisor_NR_XMX_D_U,bs_cuspid_NR_XXX_U,bs_maxilla_NR_IXX_N_W,bs_mandible_NR_IXA_R_A,bs_incisorLower_NR_XLX_N,bs_noseBridge_NN_XXX_R_A,bs_incisor_NR_IMX_R,bs_canine_NL_IXX_R,bs_mandible_NL_IXA_D_U,bs_orbits_NR_XXX_R_A,bs_incisorLower_NL_SLX_D_U,bs_nose_NN_XXX_B_F,bs_mandible_NL_XXP_R_A,bs_temple_NR_XXX_N_W,bs_chin_NN_XXX_N_W,bs_chin_NN_SXX_D_U,bs_orbits_NR_XXX_B_F,bs_teethLower_NN_XXA_N_W,bs_brow_NL_SMX_D_U,bs_incisorLower_NL_XMX_N,bs_skull_NN_XXP_R_A,bs_chin_NN_SXX_N_W,bs_chin_NN_XXX_D_U,bs_canine_NL_XXX_D_U,bs_brow_NL_SMX_N_W,bs_temple_NL_XXX_N_W,bs_orbits_NL_XXX_B_F,bs_mandible_NR_SXA_B_F,bs_noseRoot_NN_XXX_SL_SR,ca_ears_NL_XXX_N_W,bs_coronal_NN_SXX_D_U,bs_maxilla_NL_IXX_N_W,bs_incisor_NL_XMX_D_U,bs_teeth_NN_XXX_SL_SR,bs_cuspid_NL_XXX_SL_SR,ca_ears_NL_XXX_D_U,bs_forehead_NN_XXX_U,bs_incisor_NL_XMX_N_W,bs_maxilla_NL_IXX_D_U,bs_maxilla_NR_IXX_R_A,bs_molarsLower_NL_XXX_U,bs_coronal_NN_SXX_N_W,bs_canine_NR_IXX_D_U,bs_incisor_NL_XLX_D_U,ca_adamsapple_NN_XXX_B_F,bs_incisor_NR_XMX_SL_SR,bs_temple_NR_XXX_R_A,bs_temple_NL_XXX_D_U,bs_noseRoot_NN_XXX_B_F,bs_orbits_NL_SXX_B_F,bs_forehead_NN_XXX_R_A,bs_orbits_NR_SXX_B_F,bs_incisorLower_NR_XMX_N,bs_temple_NR_XXX_D_U,bs_incisor_NL_XLX_SL_SR,bs_brow_NN_XMX_R_A,bs_zygomaxilla_NR_XXX_B_F,bs_teethLower_NN_XXA_D_U,bs_teeth_NN_XXX_B_F,bs_orbits_NL_SXX_N_W,bs_orbits_NL_XXX_D_U,bs_noseBridge_NN_XXX_SL_SR,bs_maxilla_NR_SXX_B_F,bs_teeth_NN_XXX_R_A,bs_incisor_NR_XMX_N_W,bs_maxilla_NR_IXX_D_U,bs_orbits_NR_SXX_R_A,bs_forehead_NN_XXX_B_F,bs_mandible_NL_IXA_N_W,bs_coronal_NN_SXX_B_F,bs_skull_NN_XXP_SL_SR,bs_coronal_NN_SXX_SL_SR,bs_brow_NL_XLX_D_U,bs_forehead_NN_XXX_SL_SR,bs_maxilla_NL_SXX_B_F,bs_noseRoot_NN_XXX_N_W,bs_incisorLower_NR_XMX_SL_SR,bs_zygomaxilla_NL_XXX_R_A,bs_zygomaxilla_NL_XXX_B_F,bs_maxilla_NL_SXX_R_A,bs_nose_NN_XXX_D_U,bs_mandible_NR_XXP_D_U,bs_incisor_NL_XMX_SL_SR,fl_eyes_NR_XXX_B_F,bs_incisor_NL_ILX_R,bs_molars_NL_XXX_D_U,bs_incisor_NR_XLX_N_W,ca_ears_NR_XXX_SL_SR,bs_brow_NR_SMX_R_A,bs_brow_NN_XMX_B_F,bs_canine_NR_XXX_SL_SR,bs_skull_NN_SXX_F,bs_mandible_NR_SXA_N_W,bs_brow_NL_SMX_R_A,fl_eyes_NR_XXX_N_W,ca_laryngeal_NN_XXX_D_U,bs_molars_NR_XXX_D_U,bs_skull_NN_XXP_D_U,bs_chin_NN_SXX_R_A,bs_mandible_NL_XXP_D_U,bs_forehead_NN_XXX_N_W,bs_nose_NN_XXX_SL_SR,fl_eyes_NL_XXX_B_F,bs_orbits_NR_SXX_N_W,bs_chin_NN_SXX_B_F,bs_noseBridge_NN_XXX_D_U,bs_orbits_NR_XXX_D_U,fl_eyes_NL_XXX_R_A,bs_mandible_NR_IXA_D_U,bs_mandible_NL_SXA_R_A,bs_teeth_NN_XXX_N_W,bs_brow_NL_SMX_B_F,bs_brow_NR_XLX_D_U,bs_maxilla_NR_SXX_N_W,bs_incisor_NL_ILX_D_U,bs_mandible_NL_SXA_B_F,bs_canine_NL_IXX_D_U,ca_laryngeal_NN_XXX_SL_SR,bs_brow_NR_SMX_N_W,bs_incisorLower_NL_XMX_U,bs_zygomaxilla_NR_XXX_N_W,ca_ears_NR_XXX_B_F,bs_incisorLower_NR_XLX_SL_SR,bs_canine_NR_XXX_D_U,bs_orbits_NL_SXX_R_A,bs_skull_NN_XXP_B_F,bs_incisor_NR_ILX_R,bs_incisorLower_NL_XMX_SL_SR,bs_teeth_NN_XXA_N_W,bs_mandible_NL_SXA_D_U,bs_mandible_NR_SXA_R_A,bs_mandible_NL_XXP_B_F,bs_brow_NN_XMX_N_W,fl_eyes_NL_XXX_D_U,bs_skull_NN_SXX_SL_SR,bs_teeth_NN_XXA_D_U,bs_noseBridge_NN_XXX_B_F,bs_brow_NR_XLX_B_F,ca_ears_NR_XXX_D_U,bs_skull_NN_SXX_D_U,fl_eyes_NL_XXX_N_W,bs_noseRoot_NN_XXX_R_A,bs_incisorLower_NR_XMX_U,bs_zygomaxilla_NL_XXX_N_W,bs_brow_NR_SMX_D_U,bs_incisor_NL_IMX_D_U,ca_adamsapple_NN_XXX_SL_SR,bs_nose_NN_XXX_R_A,bs_incisorLower_NR_SLX_D_U,bs_maxilla_NL_SXX_D_U,bs_mandible_NR_XXP_R_A,bs_maxilla_NR_SXX_R_A,assetid,fc_neck_restore,fc_mouthbag_restore
-30,21,-1,-66,2,-39,0,16,36,40,-80,-37,49,-36,-1,29,-31,51,46,27,10,54,0,-91,0,-41,-12,32,-25,0,1,0,-1,0,51,2,0,15,0,0,7,3,1,-47,0,2,0,-7,-47,-41,26,2,6,-2,3,-56,11,0,-8,49,46,-26,31,4,-84,-41,0,-61,1,-34,38,6,-10,0,-39,15,0,-44,-2,0,-67,21,0,35,0,0,-31,45,-1,-51,-51,-42,46,-9,-39,0,-68,0,2,-65,70,2,-5,-61,-37,19,1,-54,22,-60,-1,5,0,58,0,6,9,-1,0,40,1,-1,-68,3,35,-25,21,-17,13,-14,0,-27,2,7,-40,1,-67,32,-10,-14,3,-7,2,12,-48,11,5,2,11,3,6,-4,0,-7,-3,15,-51,27,54,-25,5,-35,0,-1,0,-51,15,0,-1,0,-100,13,-61,-3,0,-15,-38,-28,77,-11,-28,21,-64,-4,-11,16,-22,-52,-72,23,6,-85,1,24,2,-2,-33,0,-50,-7,0,5,-46,8,0,-1,5,-10,-54,46,42,51,16,-1,-19,19,58,-17,-62,32,0,-71,-79,1,2,31,0,52,-48,24,530,0,100
-52,-25,-11,-81,20,0,0,46,-8,40,-56,71,44,-42,2,19,40,5,22,44,58,-11,0,-76,0,-10,-23,-25,-56,0,2,0,11,0,60,31,3,-82,0,0,-13,1,0,-13,0,1,0,-26,-13,12,-8,1,-11,0,0,-91,45,0,-96,47,29,79,47,-9,-50,20,0,-16,2,15,1,-19,3,0,-56,43,1,-7,0,0,-21,37,0,10,0,0,21,54,2,-56,-19,6,49,-76,-15,0,-85,0,-38,-33,58,0,-16,-1,-16,36,16,-36,2,6,0,-22,0,-63,0,5,-70,37,0,9,1,0,-66,2,-30,31,18,86,20,78,0,28,-4,87,-42,3,-64,-20,-9,16,6,23,2,-70,-46,-80,-22,-27,1,-5,-86,-5,10,-10,-1,-19,-52,30,19,-68,2,-11,0,2,3,-58,-10,-30,1,0,-100,-18,-28,-7,1,-2,82,-60,-63,24,-18,-19,-79,40,-19,-4,12,-88,18,1,-100,-100,0,38,0,-5,-22,0,49,-21,2,0,-50,-3,0,0,5,-91,-97,4,9,-5,3,4,-5,42,-81,6,-30,-1,0,48,-89,3,4,-6,0,60,-17,27,3800,0,100
-1,29,-21,-45,6,-28,0,4,8,16,-48,-20,29,-46,-1,-17,3,28,52,-17,16,-49,0,-49,0,13,-18,38,1,0,0,-2,2,0,92,-22,0,-13,0,0,12,0,2,-5,0,1,0,-16,-4,-16,42,0,5,0,2,-49,17,0,-7,40,7,-21,13,7,-50,-19,0,-52,1,-15,31,-20,-8,0,-45,50,2,-28,0,0,0,49,0,24,0,0,11,-18,0,-13,-27,-64,-36,-8,-60,1,-48,0,-12,-38,20,3,-22,-70,-56,5,2,-50,-49,-12,0,-16,0,32,0,9,-20,-25,0,20,0,1,-84,3,38,11,-14,-8,-7,-6,0,11,0,40,-79,-2,-4,1,12,-7,26,-9,6,-14,-26,-18,-21,-19,2,0,-100,-8,25,14,0,27,-76,28,0,-3,0,-58,0,0,1,-28,10,-35,0,0,-39,9,-4,-6,2,-11,37,-5,-25,-4,-52,0,-55,49,8,-22,14,-13,-46,9,-100,-40,1,9,1,-3,-22,0,-63,-17,1,4,-24,0,0,0,4,-6,-13,27,-24,-47,5,-2,-10,0,34,-24,-5,20,0,-65,-52,-1,5,25,0,91,-28,31,4083,0,100
-52,17,-2,-56,5,-27,0,16,9,58,-48,-24,-17,-73,-2,24,42,27,52,2,-7,52,0,-20,0,-40,-23,42,-47,0,0,-2,0,0,92,-1,0,-56,0,0,-16,0,-2,-76,0,-2,0,7,-76,29,0,0,26,0,2,-73,-1,0,-32,71,21,-16,54,-36,-47,-5,0,-16,0,-8,45,-1,-14,0,-75,22,2,-24,-4,0,-5,20,0,69,0,0,-100,2,0,-48,-49,-75,-24,-43,-48,0,-91,0,-10,-100,16,-2,15,-68,-50,-8,0,-70,-51,-19,-4,-41,-3,-14,0,5,-28,-4,0,-14,0,0,-90,1,46,-14,32,22,33,23,0,-17,1,48,7,0,-45,43,-43,6,0,-6,3,-27,-11,44,10,5,0,0,15,-4,3,-13,0,14,-3,-13,-34,-10,3,-67,0,-1,1,-61,41,23,-1,0,-7,42,-47,-14,0,-46,72,-8,-74,19,-65,52,-76,-67,-37,20,-100,-7,9,2,-4,-64,-3,-8,0,-3,-2,0,-39,-22,0,2,-11,11,0,0,4,-33,-6,24,0,45,0,-3,-28,13,-20,-27,-37,56,0,-44,-93,0,2,19,0,94,-47,-11,5658,0,100
-39,8,-10,-83,9,-27,0,31,48,10,-62,-28,57,-34,-2,37,5,0,62,54,7,36,0,-82,0,40,-42,-5,-43,0,1,-1,-9,0,62,-3,1,-70,0,0,47,1,0,-21,0,0,0,-21,-21,-4,12,1,-11,0,3,27,10,0,-9,67,22,-34,12,-6,-76,17,0,-63,2,12,34,-4,-10,0,21,29,0,-17,-1,0,-40,35,0,16,0,0,-9,47,0,-61,-5,-47,-1,-18,-37,0,-16,0,-19,-69,51,0,-73,-52,-27,2,-6,-28,-31,-37,0,-25,-1,4,0,6,-12,-3,0,-11,2,-1,-86,2,-7,-11,-21,18,8,20,0,-6,2,84,-29,0,-56,42,-26,-29,-12,9,2,-12,-14,-17,-8,3,4,8,-94,-8,-10,-29,-1,12,-25,25,41,-25,2,-28,0,0,3,-49,15,-52,0,0,-85,19,-52,-9,0,-34,42,-23,-20,-27,-12,52,-48,-11,-20,28,-3,-20,-70,55,-80,-78,0,1,2,-6,-71,0,-2,-46,0,3,-19,-11,0,-1,5,-8,-19,1,-1,38,8,-2,14,23,5,-39,-58,24,0,-5,-11,1,2,27,-1,64,-4,26,16947,0,100
-19,-2,15,-18,4,10,0,2,19,25,-44,-16,60,-56,0,-18,-10,-4,52,-20,56,-34,0,-66,0,-8,-28,-20,-15,0,4,1,0,0,35,-2,0,-29,0,0,-2,4,2,-18,0,2,0,-30,-21,2,-11,2,25,1,1,33,56,0,-7,19,18,-13,24,-4,-34,-41,0,-47,3,-40,58,15,0,0,51,27,1,3,1,0,-54,24,0,52,0,0,9,-17,1,-17,-29,-47,14,1,-35,1,-1,0,-15,-32,35,3,-16,-43,-27,58,1,-60,-24,-52,1,0,-1,-45,0,5,-9,0,0,45,5,0,-63,1,-15,36,23,1,8,8,0,38,0,2,-50,1,-14,54,27,-2,56,-7,0,-13,-42,-5,-27,1,2,0,-19,-4,57,-39,0,-4,-58,0,54,-25,1,-4,0,1,1,-32,23,-34,0,0,-60,25,-27,-7,2,-6,46,-23,25,7,9,51,-47,-9,23,-26,9,-41,-38,13,-24,-27,0,58,1,-1,-23,0,-1,-25,-1,4,-38,1,0,0,1,-7,-42,-5,25,-32,-8,3,-31,9,-44,-10,-23,32,0,0,-1,3,1,7,2,37,-29,-2,69992,0,100
15,6,9,-91,9,-25,0,9,63,36,-76,17,60,-4,0,-68,-35,30,22,-3,2,44,0,-16,0,-24,-5,1,18,0,0,-1,-4,0,45,-4,-1,32,0,0,-25,2,0,32,0,1,0,6,28,23,-43,0,-20,-1,0,-26,2,0,-18,15,-4,8,37,-11,-78,-69,0,-44,0,-58,30,7,7,0,-25,20,1,-26,0,0,-43,26,0,39,0,0,17,-9,-2,-25,-47,-60,9,32,-39,-1,-28,0,8,-48,78,1,-26,-76,-43,21,-5,-2,-16,-47,1,-5,0,25,0,3,19,-1,0,30,2,-1,-71,1,-4,30,3,49,6,45,0,34,0,25,-47,1,-63,57,-13,-10,-46,1,1,21,-3,22,8,9,3,4,-15,-5,-37,-28,-3,1,-46,19,29,-25,0,11,0,1,-2,19,12,-26,1,0,-21,16,-27,-11,0,0,30,-26,6,-10,-5,58,-21,-5,-7,-63,22,2,-71,58,-8,-82,1,16,1,0,-14,0,-21,-8,-1,0,-3,25,0,-2,5,-17,1,30,4,44,0,4,-39,11,30,-17,-26,10,0,-32,-23,0,1,29,-2,46,-49,17,70021,0,100
-15,-4,29,-56,10,23,0,-23,20,31,-40,-11,63,23,-1,-37,-23,32,9,-2,46,-20,0,-58,0,27,0,-27,-22,0,-1,-1,-4,0,66,0,1,5,0,0,-30,1,0,2,0,0,0,-11,0,14,2,0,-8,-3,-1,-51,46,0,-23,19,18,-2,28,-12,-47,-58,0,-5,2,-67,48,30,6,0,-40,27,0,18,0,0,-14,25,0,29,0,0,4,6,1,-12,-55,-27,-35,-32,1,0,-2,0,-1,-35,50,3,2,-24,19,32,0,36,-35,-12,0,-19,-1,-99,0,6,13,0,0,22,0,0,-52,1,-32,-11,19,11,-4,20,0,-5,-2,45,-37,0,2,7,-16,-12,30,5,2,12,-36,-1,-14,8,-1,2,22,-8,23,-2,1,-5,-39,-21,48,-44,1,27,0,2,0,16,-19,21,-5,0,-56,-13,15,-5,0,-7,45,-44,28,-14,48,28,-47,-12,-20,-31,3,-62,-28,17,15,-51,0,28,-1,-2,23,0,-62,-6,0,2,-34,5,0,0,6,-24,-66,33,77,-20,-10,4,-11,-13,-100,-13,13,30,0,-52,0,0,3,3,1,65,-55,-29,70037,0,100
-37,-10,10,-56,-6,-26,0,41,37,35,-50,-23,50,-29,0,29,-12,6,15,34,19,16,0,-49,0,14,-47,49,-26,0,2,3,-2,0,68,0,1,-4,0,0,13,2,0,-18,0,3,0,-31,-20,-7,-11,4,24,0,2,-21,18,0,-33,39,19,-18,36,6,-47,-52,0,-63,2,-37,12,10,12,0,11,17,2,-35,1,0,-14,17,0,49,0,0,0,40,2,-38,-42,20,-23,-11,-15,0,-12,0,-27,-58,41,3,-23,13,-4,14,-4,-44,-13,-12,2,2,0,-60,0,5,-17,-8,0,97,3,0,-60,3,52,1,-9,30,6,52,0,15,0,26,-49,0,0,39,-34,-5,-3,-13,2,-22,-38,-36,-38,-7,8,-1,-91,-9,2,-34,-3,-13,-61,9,50,-43,5,7,0,2,1,-47,35,-18,0,0,-61,46,-49,1,2,-23,38,-44,2,1,33,22,-35,20,-35,20,1,0,-49,40,-91,-61,0,16,1,-1,-34,0,10,-45,0,3,-28,-3,0,0,3,-31,0,5,-100,4,5,6,-26,55,-47,-15,-48,48,0,14,-9,5,2,17,1,70,-41,11,70163,0,100
-16,6,34,-79,7,-8,0,16,23,8,-100,-2,61,-31,0,23,-16,22,17,-8,31,18,0,-40,0,-12,33,1,-24,0,1,-1,2,0,38,54,1,10,0,0,-36,3,1,22,0,1,0,-14,22,-7,8,0,-14,-3,1,28,33,0,33,20,2,-2,8,21,-97,-56,0,-68,1,-58,57,21,9,0,23,47,3,-13,0,0,-93,42,0,16,0,0,32,-1,1,-31,-63,-33,-28,0,-43,0,-21,0,6,-52,67,1,-61,-24,-28,62,1,-31,-24,-86,-1,-13,-1,52,0,3,27,60,0,-19,1,2,-66,-1,0,7,-8,13,9,8,0,2,0,11,-30,1,-64,4,-13,-2,-18,2,0,26,-6,8,-5,-10,0,3,-19,0,-22,14,0,3,-39,2,33,9,0,-25,0,1,-2,8,-8,-55,-3,0,-56,-6,-51,9,2,-8,36,15,-26,-4,-19,-1,-43,2,-13,24,22,-66,-47,17,-19,-81,0,47,0,-1,-48,0,-89,33,1,-1,-10,8,0,0,3,33,-63,20,46,17,-1,1,-40,18,54,-17,-51,-4,0,-92,-20,-1,2,12,1,37,-65,-1,70183,0,100
-21,2,7,-47,17,18,0,-21,17,16,5,19,50,-26,1,-56,31,18,39,41,18,26,0,-97,0,0,-17,-21,-18,0,2,2,5,0,36,0,1,-65,0,0,-22,1,0,1,0,4,0,-11,6,11,34,2,-2,1,0,49,20,0,-20,44,16,25,22,21,2,-7,0,-4,3,-14,12,7,10,0,49,-16,2,23,-2,0,-65,-24,0,24,0,0,3,49,1,1,6,51,-15,-62,-50,3,5,0,-19,-39,42,3,-31,41,-47,40,0,-18,-1,-54,0,-11,0,22,0,7,-16,-4,0,35,1,0,-74,2,-28,4,20,32,-9,33,0,-4,0,40,-90,1,-17,56,-24,-2,-11,-14,3,-18,-27,-4,-9,41,0,8,-62,6,-17,-30,-2,4,-90,1,29,4,5,-9,0,1,4,-41,17,1,0,0,-93,15,-52,6,2,-12,62,7,3,0,0,60,-49,-11,-22,-63,0,-29,-54,10,-67,-52,0,36,1,-4,-19,0,61,-19,0,3,-27,-11,0,-1,7,-20,-28,18,36,24,12,2,1,-20,23,-2,-51,39,0,77,-1,4,6,8,1,35,7,3,70293,0,100
11,-21,-15,-60,11,25,0,17,15,6,-4,9,31,-25,0,-87,31,-9,5,-65,21,-10,0,-50,0,-8,-36,-1,5,0,-1,3,0,0,45,-11,-2,-98,0,0,-44,1,2,-4,0,1,0,25,-3,7,-39,3,7,-2,1,33,21,0,-23,8,7,21,5,3,0,11,0,-32,1,15,-2,-19,12,0,31,17,2,22,3,0,6,20,0,49,0,0,1,-52,0,-29,-1,-48,-1,28,-3,2,24,0,-13,0,56,3,0,-44,12,46,-4,-10,-3,1,3,0,0,21,0,5,-27,-14,0,-76,0,-1,-61,1,-8,81,4,26,-6,26,0,81,0,5,-45,0,-20,27,-7,12,-6,13,3,-30,-35,-4,27,-6,-1,3,1,0,-11,-17,1,-19,-35,18,-37,-4,2,39,0,1,0,-71,-43,9,-1,0,-58,-41,-18,3,1,2,17,-1,-54,27,58,17,6,2,-17,-87,0,-37,25,12,-18,-54,2,40,3,0,5,0,55,-43,0,0,-30,-17,0,0,4,-24,-37,-8,7,-10,-2,5,-21,13,20,23,-17,27,0,67,25,3,1,22,1,41,-3,18,70490,100,100
-9,-19,5,-35,6,33,0,25,35,34,-29,23,62,-16,1,13,-11,38,47,34,1,-2,0,-12,0,-22,-45,-24,-8,0,-1,1,0,0,22,-16,1,11,0,0,-21,2,0,-9,0,2,0,-33,-9,-5,4,-1,21,-2,1,-19,7,0,-20,35,3,29,28,-7,-26,-9,0,-52,1,-4,48,6,-2,0,-27,34,2,38,0,0,11,33,0,28,0,0,15,38,0,-14,-38,7,-52,-26,-8,0,-9,0,-7,-73,58,1,9,-2,4,27,0,-21,2,3,0,-22,0,-48,0,5,-12,-14,0,61,0,-1,-48,3,-24,16,5,47,-9,47,0,22,0,32,-20,2,-7,-10,-15,3,2,-12,3,-18,-27,-34,-31,-24,0,9,-9,1,-2,15,0,-20,-33,22,63,-46,1,8,0,0,0,-3,0,-16,-1,0,7,7,-43,-6,0,-1,35,-46,14,10,26,-22,-14,-38,-12,15,12,-5,-23,38,-10,-34,0,27,0,-3,2,0,10,-45,1,-3,-28,-18,0,0,5,-20,-4,39,4,-5,8,3,-42,30,-44,8,-42,18,0,7,-11,2,2,24,0,23,-35,17,70673,0,100
18,-9,8,-14,-1,15,0,-3,21,10,-43,-1,52,-17,0,-14,-17,15,10,-9,33,-23,0,-85,0,-62,-36,-8,18,0,1,-4,-1,0,0,-24,0,-46,0,0,-51,0,0,-5,0,1,0,3,-5,15,-18,0,-28,-2,2,-6,35,0,-25,12,4,-2,16,6,-35,-3,0,-42,0,-6,28,21,-8,0,0,16,0,16,-2,0,-41,15,0,21,0,0,10,-15,0,-69,-30,-23,-8,-37,-32,0,-37,0,-7,-44,48,1,-29,-21,-27,38,0,-10,10,-45,-1,0,0,81,0,4,-31,-28,0,-28,0,0,-63,1,-8,12,-20,9,-7,8,0,13,0,10,0,-3,-72,28,17,-8,-46,8,2,-32,-2,-13,6,-22,0,1,12,2,-45,37,-1,-2,5,45,39,28,2,21,0,0,0,-30,-1,-43,0,0,-68,0,-46,3,0,20,32,28,-34,-10,17,28,-47,-1,11,-21,15,-39,-57,16,13,-9,-2,49,0,-2,-18,0,-17,-40,0,1,-2,3,0,0,3,-27,-41,18,-22,-16,0,-5,-55,-6,80,33,-42,-7,0,-22,-35,-4,1,9,0,0,-28,43,70817,100,100
-25,27,8,-35,-7,8,0,-20,8,-41,-38,24,63,-37,0,-57,2,11,13,-27,68,3,0,-58,0,66,-11,-41,-20,0,3,3,-1,0,69,-10,0,-18,0,0,-26,2,0,-17,0,2,0,-6,-18,8,-28,1,-18,-2,3,-44,63,0,6,27,16,34,-40,19,-34,-8,0,-2,4,-17,0,20,-4,0,-24,20,2,7,2,0,-35,19,0,37,0,0,19,-35,2,-26,-29,-44,-6,2,-40,2,-20,0,-16,-34,46,4,10,-48,-23,46,0,-35,23,-31,2,-7,-1,37,0,6,-22,-13,0,40,4,1,-72,3,-41,-49,3,2,-30,7,0,-43,2,1,-34,1,-44,44,21,-5,17,-31,4,-24,-35,-2,-9,-4,1,4,-100,-7,16,-14,-1,26,-32,14,68,18,3,-40,0,2,3,-7,-20,-33,-2,0,-52,-14,0,7,1,5,28,18,-7,0,-22,42,-23,17,23,-55,23,-18,-34,14,-100,-42,0,50,2,-1,10,0,0,-12,0,3,-32,-3,0,-1,8,4,-22,12,43,1,1,4,-69,-15,37,12,-1,15,0,9,-19,4,2,14,2,70,-25,11,70830,100,100
-8,5,26,-74,2,13,0,36,-23,-18,-52,31,75,-58,0,9,10,32,-6,40,-15,20,0,-84,0,-28,-4,-33,-1,0,1,0,2,0,60,-14,0,-24,0,0,7,0,1,57,0,0,0,9,60,1,-28,2,1,-2,3,-35,-12,0,0,17,8,20,-20,-4,-52,-18,0,-48,2,-21,62,25,-8,0,-43,15,3,13,0,0,-58,13,0,21,0,0,30,38,0,-20,-34,0,-54,-23,-16,0,13,0,0,-40,66,3,8,7,-8,33,0,-65,7,-64,1,-6,0,25,0,4,-5,-15,0,16,2,0,14,0,-31,14,17,78,-31,74,0,5,1,22,-52,0,-39,15,-16,1,-78,-9,2,-4,-23,-17,8,-1,0,0,-100,-5,-75,-58,0,5,-46,40,50,7,0,-14,0,1,0,-43,1,-7,-1,0,-66,-1,-69,-9,2,-4,16,5,0,6,-11,17,-23,32,-22,18,29,-25,-62,-22,-100,-78,0,31,1,-1,23,0,0,-5,0,0,-27,23,0,0,6,0,-28,32,-100,23,-8,1,-9,30,27,-10,-70,27,0,-4,12,0,2,19,-1,62,-32,43,70834,0,100
-58,-28,29,2,0,24,0,-18,0,-32,-51,6,61,-45,0,-19,-6,16,10,-4,18,-24,0,-57,0,-30,-10,-34,-56,0,1,-3,-1,0,57,-12,1,-2,0,0,19,0,-2,51,0,-1,0,-27,51,-29,9,-1,29,0,2,69,13,0,-24,34,12,14,-36,-5,-62,-37,0,-17,2,-34,23,31,4,0,66,-5,0,26,-2,0,28,1,0,43,0,0,-8,0,0,21,-13,-11,-57,-55,-34,3,-9,0,3,-20,49,0,-2,-30,-15,33,0,-52,-11,34,-3,-8,0,-30,44,5,-9,-12,0,-5,-2,0,-42,1,-39,-40,41,5,-23,11,0,-37,0,-8,-68,-1,55,60,-39,-6,45,-28,3,-15,-30,-46,-22,-19,9,1,-72,-7,41,-36,1,-32,-70,16,38,-25,1,-14,0,-1,3,-23,-2,-16,1,0,-58,4,-21,4,-2,-41,32,-23,-11,-4,7,71,-37,-5,-33,-22,-4,-4,-52,-5,-81,1,-3,29,-2,0,-4,0,70,-7,1,1,-30,22,0,0,8,-25,-7,13,-33,-28,11,-4,-52,-14,-28,-65,-21,36,0,77,-11,0,2,20,0,57,-13,12,71101,0,100
6,1,-6,-38,8,19,0,-22,-7,-1,-65,19,41,-5,0,-13,7,41,-16,-25,55,-8,0,-54,0,17,4,-22,6,0,1,0,-2,0,29,-1,0,-90,0,0,-45,4,3,100,0,1,0,-28,100,28,-75,1,-5,0,0,12,52,0,-9,15,2,26,6,0,-80,-15,0,-28,0,-34,24,9,-1,0,17,5,3,17,2,0,-55,18,0,19,0,0,2,-20,3,-41,-14,-13,-13,-19,27,1,12,0,-8,-50,63,1,14,-7,25,78,0,21,26,-62,3,-14,0,52,0,3,-1,0,0,0,1,2,-49,0,-28,23,-9,3,8,6,0,23,1,19,-4,0,-17,20,3,-8,18,-2,1,-3,-7,17,-18,11,3,-2,30,-13,2,6,0,4,1,21,27,-36,1,13,0,3,0,-31,-22,-39,-2,0,-54,-21,-16,4,1,7,21,-34,-36,-7,19,38,-28,4,-5,-6,11,-42,-64,3,29,-38,1,76,1,0,2,0,7,-11,2,0,-7,8,0,0,4,-6,-40,44,69,-8,-5,4,-55,-16,49,25,-20,-5,0,20,1,1,0,20,1,28,-14,20,71106,0,100
-60,-17,37,-1,7,16,0,-58,15,21,-7,-24,46,-9,1,-20,0,26,0,-3,10,29,0,-39,0,-38,-12,-20,-69,0,2,1,1,0,77,-10,0,2,0,0,8,0,0,43,0,0,0,-31,42,40,11,0,0,-1,0,34,11,0,-16,41,-6,-12,24,1,16,-10,0,-24,4,-9,40,30,23,0,44,-3,0,10,-1,0,-19,-8,0,2,0,0,23,-1,0,22,2,3,-32,-32,-52,2,-9,0,-24,-63,43,4,9,1,-38,31,0,-11,-17,-38,-1,0,-1,-88,0,8,1,-17,0,72,3,0,-42,1,-17,-52,-6,-20,7,-28,0,-57,1,-8,-48,1,-35,71,-20,0,30,-33,6,0,-29,35,-34,21,0,5,-13,4,27,24,-2,-21,-52,-9,75,1,3,-45,0,1,3,-23,22,44,-2,0,-28,29,-83,0,1,-3,31,0,-21,1,-42,69,-39,13,-27,-11,17,-31,-41,31,-21,1,-1,27,0,-1,22,0,-16,-8,1,4,-33,-2,0,-1,9,-17,-35,23,-69,31,4,3,-54,-51,-83,-6,-67,15,0,-4,-2,3,2,-5,0,72,4,-8,71191,0,100
-50,5,-17,-64,6,-28,0,0,9,21,-93,-26,66,-2,0,6,12,10,13,77,14,30,0,-30,0,20,-24,-15,-54,0,0,-3,-10,0,37,17,0,-7,0,0,40,1,0,31,0,2,0,-4,32,17,-3,0,-5,-3,2,31,14,0,-25,14,9,-21,23,-12,-100,-58,0,-46,1,-44,42,-26,9,0,22,47,3,-28,0,0,-57,44,0,11,0,0,22,75,-2,-49,-55,-38,-62,-37,-11,0,-17,0,0,-69,60,1,-48,-32,-4,15,-8,-10,0,-51,0,0,0,19,0,3,2,18,0,61,1,-2,-51,1,-15,0,-22,31,22,19,0,-7,0,14,-10,1,-78,15,-3,-10,-19,-9,0,2,-4,14,-7,0,8,-6,-52,-20,-22,-19,-3,3,-12,29,68,-23,1,-20,0,0,-2,-34,11,-14,-2,0,-28,13,-16,-5,0,-1,12,-25,25,-3,-14,36,-35,24,-8,20,19,1,-48,-13,-57,-75,1,10,-2,-1,-36,0,-27,-24,0,2,-9,0,0,0,4,-27,-1,10,29,28,-9,4,-27,5,26,13,-16,15,0,-40,-14,0,2,14,0,39,-55,31,71279,0,100
-17,-9,2,-16,11,9,0,-6,12,3,20,27,29,-30,0,-24,24,19,-6,29,10,-52,0,-14,0,20,-15,-32,-18,0,1,-1,1,0,52,-7,1,-15,0,0,-8,0,1,28,0,2,0,-10,32,-18,-8,0,-10,0,3,6,9,0,-11,20,9,35,7,7,21,-22,0,7,1,-24,15,2,22,0,19,1,0,6,0,0,13,-1,0,-5,0,0,-22,34,1,-43,-13,9,-33,-36,13,0,-37,0,3,-50,-11,1,-22,7,6,5,0,-34,49,23,1,-18,0,-23,0,4,-4,-13,0,-1,0,0,-41,1,-34,1,-31,9,-21,9,0,-4,1,9,-2,0,23,23,-14,-1,4,-30,3,-2,-18,-36,-8,-15,0,0,-89,0,1,-71,1,-4,-1,42,-11,-29,2,14,0,0,1,-24,9,-9,2,0,-39,9,1,6,1,-12,30,-29,-100,6,9,18,-35,46,-15,-19,-22,-8,-24,8,-100,-29,0,8,1,-1,-28,0,33,-16,0,4,-18,0,0,1,5,-8,-8,20,3,-52,-7,0,-49,-7,-25,-21,0,10,0,22,-40,0,3,-1,1,55,-13,44,71350,0,100
7,3,16,6,5,21,0,-16,19,11,-17,30,66,-37,1,-90,85,0,56,-15,57,-40,0,-76,0,-13,-42,-37,12,0,2,0,2,0,77,-44,0,-71,0,0,-9,1,0,26,0,0,0,-18,26,18,23,-1,-28,-1,2,32,54,0,-35,42,18,22,10,10,-11,32,0,44,2,37,51,18,2,0,35,26,1,20,0,0,29,23,0,23,0,0,-31,-26,0,-79,-1,3,-40,-9,-28,1,-35,0,-19,-36,61,2,10,8,1,-12,2,-32,40,32,2,-4,0,74,0,13,2,-44,0,-24,1,0,-75,1,-33,23,-30,37,-22,32,0,22,2,0,-14,2,-43,52,-3,0,-34,-41,9,-1,-32,-11,-19,52,7,-1,-5,-6,-24,72,0,3,-16,33,33,-16,2,-33,0,0,3,-66,-13,-48,0,0,-63,-13,-5,7,0,-8,60,-14,-54,14,-22,57,-68,19,-2,-83,-32,16,-36,9,-5,-3,0,-8,2,-1,8,0,0,-45,1,5,-35,0,0,1,14,-34,16,0,-100,-37,-5,4,-44,-18,74,-2,-7,-2,0,7,-31,0,3,-14,1,77,2,32,71351,0,100
-30,-4,29,-55,2,26,0,-9,-4,14,-40,17,60,-37,0,-14,14,18,12,-5,49,-22,0,-85,0,6,-3,8,-26,0,2,0,3,0,60,-25,0,-63,0,0,-20,2,1,33,0,3,0,-35,33,17,-37,0,-14,-1,3,-20,49,0,14,26,8,26,21,7,-29,-18,0,-71,0,-27,22,44,-5,0,-2,25,0,25,0,0,-48,31,0,33,0,0,27,-7,2,-52,-27,-26,-34,-15,-40,0,-49,0,-12,-55,63,2,-70,-31,-37,63,5,-31,5,-37,0,-12,-2,4,0,3,-7,-20,0,-8,1,2,-73,2,8,-9,12,13,-6,-2,0,-9,2,29,-43,1,-50,37,-14,-6,21,-14,0,-6,-11,-5,-18,-12,1,0,-43,0,7,-22,1,-2,-52,26,47,-19,3,-40,0,1,1,-44,3,-75,0,0,-86,0,-26,2,0,-7,49,-17,-14,-9,-37,30,-52,19,-14,-34,32,-35,-56,0,-54,-64,0,63,1,-3,-69,0,-8,-10,0,3,-18,-14,0,0,2,14,-35,20,76,-24,1,1,-48,-24,3,19,-28,17,0,5,-50,1,2,13,1,60,-26,23,71367,100,100
-14,33,-23,-46,6,-7,0,0,-26,6,-24,39,57,24,0,-17,-15,55,2,7,27,-44,0,7,0,2,18,-4,-11,0,0,-1,-1,0,45,-19,1,-45,0,0,-21,2,2,30,0,1,0,-29,31,21,3,2,9,-1,1,24,29,0,15,39,13,28,5,14,-31,-46,0,33,3,-50,0,-21,2,0,41,36,2,-13,0,0,-8,34,0,18,0,0,16,2,0,-34,-44,3,-26,-17,-39,1,-73,0,4,-23,58,2,-17,-6,-45,-2,-3,31,-13,1,2,-7,1,-17,0,9,32,-14,0,21,3,0,-67,3,-1,-19,-27,-37,-15,-44,0,-11,0,14,-9,0,-20,1,-15,-15,-19,-17,7,36,0,-10,-37,8,4,10,-15,9,-34,-8,2,30,-20,42,26,-19,1,-22,0,1,2,-27,-12,-15,0,0,2,-3,13,14,1,-13,34,-21,-52,-18,-19,-9,-51,6,-7,-28,19,15,3,-32,-12,-60,2,1,2,0,-17,0,-14,11,0,0,1,17,0,0,8,12,21,55,42,-45,7,0,-86,-3,-14,-20,5,-4,0,-18,-72,-1,4,11,0,49,-45,40,71418,0,100
0,-9,0,5,3,40,0,-19,-7,1,-37,-11,28,3,1,-31,-8,21,1,21,-21,36,0,-51,0,0,-34,-1,2,0,-2,-6,0,0,17,1,1,-26,0,0,-100,-1,-5,-18,0,-3,0,24,-17,10,10,-4,-31,1,-1,46,-18,0,-23,14,9,-5,0,-8,-23,-51,0,-37,3,-44,-7,-2,2,0,46,10,-5,47,-1,0,-62,4,0,12,0,0,-20,23,-4,-38,-32,-18,-14,-38,-38,0,-20,0,-5,-6,36,1,2,-24,-49,35,-2,3,-40,-60,0,-9,-1,-7,0,12,-36,2,0,-7,-1,0,-52,4,0,-20,13,8,-15,6,0,-14,0,30,6,-3,-60,12,-34,-11,-47,-34,6,-36,-1,-37,23,13,0,8,56,-3,-55,2,-2,-7,-2,-14,-1,-54,2,-6,0,1,0,-31,-31,-54,0,0,-49,-27,-15,-3,0,0,7,-54,-6,-5,-10,4,-27,-71,-37,-44,-23,38,-32,-13,51,0,-4,36,1,1,4,0,67,-33,0,0,4,8,0,0,6,-23,38,19,57,35,5,-9,23,-31,-3,3,-13,-9,0,61,-18,-4,2,17,1,20,-33,-16,71527,100,100
1,26,32,-45,14,-5,0,-3,-9,22,-63,-28,41,-16,0,4,19,11,49,-31,15,52,0,-67,0,1,0,52,4,0,3,1,3,0,68,-19,1,-19,0,0,26,1,0,6,0,2,0,-23,6,0,8,1,-15,0,2,6,11,0,2,63,16,-13,24,14,-71,42,0,-41,1,24,32,38,-5,0,1,25,1,-3,0,0,-25,36,0,25,0,0,8,-20,0,-64,-24,-20,-3,-6,-38,3,-18,0,-11,-35,16,2,-16,-17,-29,54,2,-4,-13,-14,0,-21,0,-29,0,9,13,-16,0,40,1,0,-70,2,52,0,-23,-9,22,-7,0,-3,1,17,-35,0,-29,-1,27,0,22,-7,6,12,-23,-33,-3,-16,1,3,-30,1,19,-8,1,25,-32,23,66,-5,2,-39,0,0,4,-5,16,-69,1,0,-77,17,-42,1,0,-15,58,-5,-57,9,-31,8,-55,50,22,0,16,-23,-76,-18,-49,-50,0,48,0,-2,-16,0,-39,-4,2,4,-20,-8,0,2,9,2,-25,12,40,49,3,0,-46,-3,-33,11,-38,27,0,-31,-26,1,4,14,0,66,-26,24,71982,0,100
-24,-11,30,-65,9,18,0,11,-9,45,-4,31,58,10,0,-46,42,-21,26,72,67,2,0,-86,0,9,-12,-21,-11,0,0,-1,-1,0,15,-3,1,-68,0,0,-51,0,0,26,0,2,0,-14,24,18,-9,-3,2,-2,0,52,63,0,-11,30,9,38,49,-15,-18,-10,0,-32,2,2,47,26,8,0,62,14,0,10,0,0,-84,10,0,31,0,0,10,72,-2,-43,-6,-8,-26,-8,-58,0,-4,0,-9,-98,58,0,-34,-6,-26,79,-3,21,-12,-74,0,-5,0,9,0,5,-31,-2,0,28,0,-2,-30,0,-25,-1,-6,35,-12,29,0,-1,-1,31,31,2,-50,32,11,-10,-43,13,2,-38,-24,-7,-17,3,3,0,-3,-1,-39,-11,0,-7,22,27,26,-19,2,-47,0,1,-1,-49,-6,-63,-2,0,-92,-11,-84,-3,0,-16,20,-15,-35,-9,-30,47,-44,-17,5,-44,5,-52,-27,-9,-14,-66,0,74,2,0,-12,0,57,-22,2,0,-34,0,0,0,7,-8,-52,-19,-18,5,-10,5,-61,8,11,10,-94,7,0,46,-13,0,0,20,0,18,-4,23,72022,0,100
-37,-2,-3,-68,6,2,0,-10,15,1,-100,-12,45,-27,0,27,5,-42,67,-33,-11,-20,0,-79,0,-27,-38,17,-36,0,0,-2,2,0,58,-21,0,-40,0,0,-3,3,3,0,0,2,0,33,3,37,36,2,-11,-2,0,19,-6,0,9,35,14,-9,4,12,-88,-35,0,-67,1,-37,-32,-3,-20,0,11,-12,2,6,1,0,-47,-1,0,24,0,0,11,-30,0,-34,-6,-33,-14,-10,-39,0,-17,0,-17,-48,55,2,-39,-49,-32,7,4,-21,-2,-32,0,-18,0,90,0,6,-18,-12,0,29,1,0,-99,1,10,9,29,31,-11,30,0,8,1,9,-60,0,-82,66,-12,4,-3,-4,4,-17,-47,16,40,7,0,7,-92,-2,-1,-3,0,-5,-58,30,62,30,2,5,0,2,1,-23,13,4,-1,0,-100,14,-8,-1,1,7,41,26,15,10,9,79,-51,17,-11,25,24,-30,-56,14,-94,-66,0,2,0,-5,-38,0,-61,-39,0,-1,-47,-2,0,0,7,4,-23,-44,-94,-24,5,0,-15,-14,90,19,2,13,0,-57,-18,-3,4,24,0,57,-8,29,72107,0,100
26,32,38,-14,6,-23,0,10,3,17,-36,12,13,-48,0,-42,35,25,8,4,47,-68,0,-54,0,55,-28,-37,24,0,3,2,1,0,41,-21,1,-49,0,0,-35,-2,0,27,0,1,0,-13,26,24,-26,-1,-5,3,2,-30,45,0,-18,19,16,18,18,-6,-29,44,0,41,3,52,0,37,2,0,-31,34,0,-25,1,0,13,33,0,24,0,0,-11,12,2,-20,-2,33,-37,-71,-22,3,-65,0,-37,-13,6,0,5,26,3,5,-2,-47,-5,16,2,-4,-1,36,0,9,-3,-18,0,36,0,0,-66,0,-38,50,-46,22,2,26,0,49,2,47,17,3,4,12,-22,0,-40,9,4,-4,-22,-16,-14,0,5,6,-79,-3,-49,49,1,34,14,36,23,3,1,-25,0,1,3,-56,12,-24,1,0,-57,14,13,5,0,13,54,4,-13,16,11,7,-81,41,-22,-51,-10,-8,-67,-4,-90,-15,-1,7,0,-3,20,0,11,-30,2,0,-23,-6,0,1,6,-18,-9,26,1,-69,-1,0,-93,12,36,5,12,-14,0,12,-71,0,5,14,2,36,-2,32,72205,0,100
-7,19,11,-58,0,-8,0,25,3,43,-41,6,25,-31,0,-67,6,49,32,42,29,-5,0,-51,0,-20,-9,-6,-6,0,0,1,-1,0,10,2,0,12,0,0,-23,2,2,19,0,3,0,-19,18,25,-27,1,18,1,2,-13,35,0,-9,16,5,5,44,-3,-36,-48,0,-55,0,-36,26,8,-6,0,-9,22,0,-7,0,0,-44,19,0,19,0,0,15,40,0,27,-45,-5,-27,-24,-58,0,-32,0,3,-49,34,2,-5,-22,-47,55,-3,-32,-1,-46,1,0,0,-15,0,0,-6,-1,0,22,3,0,-70,1,-12,23,25,49,8,44,0,20,1,10,1,2,-14,36,-10,-10,6,-14,0,-6,-33,-10,-18,10,2,-3,-62,-6,0,-69,0,18,0,21,31,-5,3,-17,0,1,0,-4,3,-33,1,0,-37,-5,-36,-5,2,4,33,-4,-39,-7,-1,38,-24,-6,-12,-79,15,-25,-79,6,-67,-56,1,52,3,-3,-21,0,-56,-10,1,4,-35,14,0,0,0,-10,-29,48,-17,-3,4,1,-8,25,-10,8,-30,5,0,-50,-37,3,4,1,0,10,-46,20,72245,0,100
-37,-9,-1,-50,10,-23,0,47,14,27,-65,8,75,-20,0,12,-21,27,6,-18,11,1,0,-38,0,26,-16,12,-27,0,1,2,3,0,22,1,0,-4,0,0,4,2,2,25,0,2,0,2,26,31,37,1,0,-1,3,-73,10,0,4,28,21,7,22,0,-55,-32,0,-58,0,-37,22,7,-18,0,-70,-19,5,-20,1,0,-41,-13,0,19,0,0,-10,-21,1,-17,-35,6,12,-48,-19,0,-13,0,-5,-46,49,2,-46,-3,-11,60,3,-27,-13,-47,1,-15,0,-52,0,5,15,0,0,61,2,0,-32,1,13,68,42,27,-6,39,0,70,1,33,-31,0,-31,-18,-15,0,14,-16,3,13,-51,23,12,11,0,9,-94,0,18,-13,-2,-8,-25,-2,63,-11,2,-8,0,1,1,-14,9,-25,0,0,-37,9,-44,0,0,1,47,-10,15,0,7,-12,-27,32,-17,2,-7,-8,-40,7,-100,-52,1,61,1,-3,-38,0,-63,-15,0,0,-48,0,0,0,5,8,-10,29,-100,4,-3,6,18,46,-52,21,-39,32,0,-58,-14,1,4,15,0,23,-34,-3,72360,0,100
-42,-9,24,-60,9,-22,0,-28,16,47,-26,-82,61,-26,0,-43,-6,21,27,83,50,-19,0,-68,0,-32,-51,-17,-54,0,2,3,0,0,71,-22,3,0,0,0,20,4,1,4,0,1,0,-25,8,34,-64,2,-26,0,1,46,47,0,-44,31,40,-75,44,8,-28,-43,0,-36,2,-34,16,25,27,0,51,17,0,-24,-1,0,-14,19,0,28,0,0,-8,93,1,-39,-46,-36,-65,-13,-81,0,-55,0,-17,-55,55,1,-28,-48,-87,56,-5,-28,-38,-1,0,7,0,22,0,4,-28,-22,0,18,2,1,-70,3,-17,-16,29,-23,31,-9,0,-14,-1,-5,-80,4,-48,54,-17,-7,40,-25,3,-31,-39,50,-22,11,8,2,-86,-14,42,-24,0,-10,-77,41,73,-28,5,-17,0,0,1,-22,29,-8,0,0,-67,36,-76,3,0,-7,93,-29,28,7,-28,58,-48,-3,-22,-41,-4,-22,-42,22,-84,-64,0,54,2,0,-12,0,18,-51,3,2,-36,6,0,0,4,-47,-25,19,36,-16,-7,6,-32,-19,23,-6,-74,19,0,16,-50,3,0,32,1,70,-46,41,72423,0,100
-33,15,-60,-35,5,-6,0,-35,12,11,-47,16,51,22,0,13,-2,18,33,6,-20,6,0,-18,0,-27,-42,-27,-32,0,0,-2,0,0,27,-5,0,-33,0,0,15,-1,-2,1,0,1,0,-22,0,7,11,0,-7,-2,2,30,-11,0,-38,21,5,11,11,-8,-51,-28,0,-46,0,-15,15,-62,-16,0,25,55,2,-6,-2,0,-29,56,0,28,0,0,22,9,-1,-35,-32,50,-43,-22,-62,0,-33,0,-8,-64,48,2,38,39,-57,65,1,29,36,-20,-1,-10,0,63,0,3,-17,-2,0,100,0,-1,-86,1,-35,-13,-7,36,-1,34,0,-6,2,-7,-27,1,-44,-88,-15,5,-38,-23,2,-14,4,6,-24,4,1,2,-76,-8,-42,-15,-2,17,-27,56,15,-56,0,-39,0,2,0,-23,27,-29,-2,0,-9,29,-15,-9,-1,-7,31,-56,70,14,-31,-78,-29,-27,-18,20,22,5,-57,14,-67,-49,1,63,1,-4,47,0,-16,-47,0,0,5,0,0,0,7,-38,5,17,67,5,-1,2,-62,-34,65,-16,-16,10,0,-26,-33,-1,3,7,1,29,-35,58,72424,0,100
-47,8,4,-82,4,-9,0,7,28,19,-44,14,58,-12,0,19,-4,45,22,58,23,13,0,-50,0,6,-23,0,-40,0,-1,0,-1,0,21,5,0,-3,0,0,0,2,0,50,0,1,0,-14,42,14,-28,-2,14,-3,1,-28,29,0,-35,25,15,23,21,-9,-57,-23,0,-41,0,-24,51,11,-2,0,-17,32,0,-8,-1,0,-42,31,0,26,0,0,10,58,-1,-18,-67,-30,19,-34,-22,-2,-40,0,-15,-70,50,-1,-25,-28,-19,52,0,-1,-19,-25,0,-2,0,-94,0,1,-33,9,0,11,0,-3,-76,2,-1,-12,13,38,17,40,0,1,0,9,-39,0,-13,-10,-11,-11,-4,8,1,-31,-20,-1,-9,0,2,0,-69,-11,-7,15,-2,10,-51,23,21,-63,2,-24,0,0,0,-11,11,-29,-1,0,-45,14,-79,-3,-1,-13,55,-67,28,-15,-10,6,-39,-23,-13,18,11,-12,-47,31,-71,-81,0,47,-1,-3,-29,0,-20,-27,0,0,-17,-1,0,0,1,-36,-10,43,-22,13,0,0,4,15,-84,-12,-80,26,0,-38,-41,0,2,20,0,24,-68,19,72425,0,100
-58,-18,2,-34,3,7,0,1,15,13,-19,-9,78,-36,0,-27,11,14,19,11,37,-22,0,-66,0,-45,-26,-30,-47,0,0,1,0,0,32,-20,0,-29,0,0,0,0,0,30,0,0,0,-25,32,19,-43,-1,-24,0,2,-17,31,0,-36,30,6,-12,17,-1,-28,-48,0,-43,0,-44,20,5,10,0,-2,11,-1,8,-2,0,-46,10,0,26,0,0,16,11,-1,4,-27,-19,-48,2,-49,0,-41,0,7,-56,74,1,-31,-28,-36,16,-3,-33,36,-36,0,-15,-1,-84,0,2,-24,-20,0,11,1,0,-58,1,-30,-32,60,6,3,7,0,-32,0,8,-58,1,-52,18,-17,-11,1,-10,1,-28,-18,12,-18,2,2,0,-16,3,2,-1,0,-16,-54,30,68,-9,2,17,0,0,0,-31,31,-28,0,0,-62,33,-45,1,0,-17,35,-6,10,-15,21,15,-33,-17,-13,-38,15,-5,-14,14,-20,-39,0,13,0,-1,-30,0,12,-29,0,2,-19,12,0,0,3,-33,-11,15,57,-22,-4,2,-30,-1,-82,-13,-54,8,0,7,-40,1,1,20,-2,31,-26,33,72427,0,100
-42,8,-25,-82,7,-8,0,-23,6,27,-34,-29,96,-29,2,8,-7,5,27,-19,45,39,0,-28,0,-2,-33,24,-37,0,0,0,-2,0,26,-5,3,11,0,0,-33,2,0,98,0,0,0,7,100,27,-6,0,2,-3,1,-1,45,0,-18,21,11,-24,31,12,-61,-48,0,-45,3,-56,16,-22,14,0,17,52,0,-12,-1,0,-52,48,0,35,0,0,32,-7,-1,-19,-42,-28,-43,20,-49,2,-22,0,0,20,91,1,-51,-40,-58,-5,0,-17,-44,-45,-1,-14,1,4,0,5,28,-5,0,48,3,1,-67,1,25,4,36,-3,18,8,0,15,1,-1,-52,0,-52,15,-5,-13,55,-18,2,30,-22,24,7,17,13,-3,-31,-20,49,17,-1,10,-49,36,83,-26,1,-34,0,0,1,43,8,-26,-1,0,-29,11,-30,2,-1,-1,66,-27,-15,-14,-40,6,-39,20,-4,0,33,-1,-40,19,-33,-79,0,-4,-1,0,-68,0,-26,-42,0,0,-19,16,0,-2,4,-17,-2,9,93,36,-4,1,-42,-7,1,-3,-48,4,0,-31,-27,-1,2,28,-1,26,-42,30,72556,0,100
-1,22,22,-23,6,15,0,-4,10,10,-60,20,72,-31,0,-64,20,33,-18,10,45,-11,0,-87,0,-27,-15,-25,3,0,3,3,-3,0,60,-24,0,-62,0,0,-1,2,2,11,0,1,0,-18,13,16,-15,2,-9,0,1,4,46,0,12,21,22,33,16,19,-50,16,0,-35,3,0,-7,32,11,0,-2,-6,2,25,0,0,-39,-10,0,51,0,0,-3,2,1,-33,-11,12,-26,-48,-52,2,-19,0,-13,-48,55,3,-5,-2,-31,39,1,-30,-31,-27,1,-13,-1,0,0,6,-36,-27,0,54,3,0,-52,5,-30,-6,2,-3,-33,5,0,-8,0,58,-36,0,-31,38,-13,5,-1,-25,3,-37,-23,-17,-11,-14,1,7,-58,-10,2,0,-1,24,-39,7,70,4,5,-49,0,1,3,-55,-31,-27,-1,0,-77,-28,-3,11,1,-6,42,6,-1,9,-38,44,-42,0,-9,-68,-3,-17,-24,4,-52,-43,0,49,2,-4,-13,0,26,-19,0,2,-18,9,0,0,8,9,-13,35,-69,-12,2,2,-43,-6,-3,8,-4,42,0,32,-15,4,5,-1,0,60,-5,9,72814,100,100
-12,16,-17,-79,-2,8,0,-22,40,8,-96,4,35,-31,1,8,0,3,39,-19,63,-10,0,-81,0,-47,-31,-17,-6,0,-2,-5,0,0,45,-9,-1,-33,0,0,-15,-1,-1,-19,0,-1,0,-22,-25,10,-39,-2,-15,2,-2,-34,58,0,-2,17,-1,9,6,0,-82,-61,0,-79,-1,-52,49,-12,-1,0,-24,26,0,7,-1,0,-83,21,0,22,0,0,14,-20,-3,-71,-37,-61,-61,-16,-2,-4,7,0,2,-52,41,2,-21,-58,-7,91,2,-20,-74,-89,2,-9,0,-4,0,5,-18,-11,0,-14,2,0,-76,5,-20,33,-33,9,-33,12,0,44,0,20,-16,-2,-65,5,-37,-6,-6,-17,4,-17,-10,-38,-29,44,0,5,-40,-2,-14,-17,-2,15,-20,33,11,-20,2,14,0,2,-3,-23,-38,-43,-2,0,-74,-28,-16,-7,4,-2,32,-21,-19,-4,12,2,-58,-1,-36,4,11,-8,-100,43,-34,-84,-3,88,2,0,-22,0,-68,-34,-1,0,-9,-1,0,1,-1,-1,-9,4,15,-10,0,-10,-69,-25,8,2,-15,1,0,-72,12,-6,2,2,3,48,-36,25,73023,100,100
-31,-1,0,-74,0,-18,0,23,13,37,-11,5,66,-50,0,-2,12,-23,32,32,2,-2,0,-37,0,47,-3,6,-26,0,2,0,2,0,49,7,1,-86,0,0,-36,1,1,52,0,3,0,-4,55,3,-21,1,-14,1,3,-48,0,0,-52,61,6,4,40,9,-21,23,0,-48,4,15,31,6,12,0,-47,19,1,-15,0,0,-67,15,0,21,0,0,13,28,0,-44,-13,-50,1,0,-50,4,-42,0,-21,-43,63,0,-2,-55,-39,50,0,-44,47,-48,0,-9,-1,-66,0,6,-14,7,0,25,2,1,-52,2,6,0,-30,10,26,12,0,0,0,33,-38,1,-11,35,-24,-2,-32,-2,3,-18,-6,-20,0,-100,3,0,-54,-2,-24,-15,0,0,-29,23,47,-67,3,-19,0,1,4,-74,16,-58,0,0,-29,14,-28,3,0,-25,35,-64,1,1,-14,37,-32,13,-30,-6,9,-15,-58,10,-52,-80,0,52,0,0,6,0,-1,-7,2,2,-5,-1,0,0,10,-49,-19,-21,15,5,-1,2,-62,26,-68,-41,-27,8,0,15,-40,2,0,0,-2,47,-11,28,73057,0,100
-25,15,-2,-19,4,-12,0,-4,45,16,-54,-5,27,-36,2,-52,17,21,47,-16,25,31,0,-29,0,13,-16,-13,-22,0,-1,-2,0,0,28,-12,1,-52,0,0,-17,-1,-4,-5,0,-2,0,-13,0,27,28,-4,-11,1,0,12,26,0,-9,31,9,-2,16,-7,-52,-1,0,-34,1,-16,45,3,0,0,14,19,-2,-13,0,0,-54,21,0,2,0,0,-3,-11,-2,-33,-32,-43,-34,-52,-44,1,-11,0,-10,-41,38,0,-9,-41,-56,77,1,-41,-58,-45,3,-6,2,-74,0,10,5,-8,0,0,0,-1,-57,4,-8,-7,-13,18,44,9,0,-7,1,25,0,-2,-48,9,-27,-7,-5,-35,7,6,-13,18,-5,25,0,2,-31,-1,-1,29,1,17,5,27,14,-17,4,-37,0,0,-1,-52,3,-23,0,0,-30,7,-31,-8,1,-10,23,-20,28,-5,-56,-7,-42,21,-28,-68,0,15,-47,31,-38,-19,-4,76,1,0,-8,0,4,-13,1,0,-15,33,0,3,4,-10,17,24,33,33,-2,-6,-52,-8,-74,-28,-28,-10,0,-4,-9,-3,3,-1,2,29,-29,29,73173,0,100
-75,25,-60,-52,5,-40,0,58,-4,45,-65,21,75,-22,0,-17,30,16,31,62,2,25,0,-30,0,-5,-52,36,-77,0,0,-1,-2,0,26,-8,2,1,0,0,8,0,0,29,0,0,0,-22,25,15,29,-1,-32,0,1,13,5,0,-51,22,10,15,48,-16,-74,-65,0,-49,2,-58,29,-58,-9,0,26,33,0,-40,-2,0,0,36,0,22,0,0,0,51,-1,-64,-44,-20,-35,-71,-61,0,-9,0,0,-19,62,0,-79,-12,-61,36,1,-20,-22,-4,-3,-1,-1,5,0,6,-52,-11,0,12,-2,-1,-55,2,35,-16,-38,65,10,55,0,-13,0,-12,-35,1,-80,31,7,-10,1,3,4,-54,-2,5,-23,0,2,-3,-72,-6,0,6,0,25,-49,29,70,-44,1,-58,0,-1,0,7,-6,-50,-2,0,-32,1,-66,-9,-1,-11,40,-41,13,-13,-55,33,-55,-44,11,-10,2,7,-63,-1,-65,-46,-1,37,0,-2,-73,0,-38,-55,1,-3,-7,-4,0,1,6,-48,6,17,95,23,-10,-1,-69,50,10,13,-71,0,0,-38,-1,0,2,48,0,28,-44,28,73373,0,100
-61,-15,2,1,0,-14,0,-54,2,41,-30,-15,45,-48,-1,4,-18,30,21,4,29,-33,0,-43,0,-39,-23,-39,-55,0,2,1,0,0,58,-27,-1,64,0,0,-34,1,-2,31,0,0,0,-15,28,5,43,0,-13,-1,1,-11,33,0,-12,30,7,-21,46,-14,-43,-31,0,33,1,-35,22,14,0,0,-12,9,0,-7,-1,0,-28,2,0,23,0,0,2,1,1,-33,-17,-4,-42,-24,-22,0,-83,0,-8,-41,33,2,-14,-13,-23,-12,-1,-41,9,-1,-2,-4,-2,37,0,6,-13,-23,0,29,0,0,-52,2,-39,-24,12,-51,-11,-45,0,-9,1,71,-50,2,-7,55,-27,-6,13,-20,3,-5,8,32,-13,43,0,7,-94,-9,31,0,0,-11,-55,4,44,-33,0,-17,0,-1,1,42,-2,41,-3,0,-44,11,-50,-11,1,-17,37,-28,-5,4,-31,49,-38,-2,-27,3,-1,-1,-67,9,-100,-6,-2,-6,0,-3,-3,0,-3,-31,0,3,5,0,0,0,7,-13,2,31,-17,-32,4,2,-40,-46,38,-19,-56,34,0,-9,-84,2,4,1,0,57,-13,8,73449,0,100
-5,21,-6,-52,6,11,0,12,5,37,-56,-5,64,-46,-1,21,-36,26,-8,20,22,-9,0,-47,0,5,-15,-1,-3,0,-2,-1,0,0,-1,-3,0,-46,0,0,-66,1,0,36,0,0,0,-23,35,2,-21,-1,-19,-2,1,18,29,0,-16,12,9,-9,39,10,-58,-44,0,-57,0,-51,7,1,-2,0,35,24,1,9,-1,0,-41,21,0,10,0,0,18,16,-1,-77,-25,-62,-46,-20,-20,0,-12,0,-8,-44,62,0,-27,-58,-20,42,1,-27,-38,-50,-2,-2,0,25,0,1,36,-6,0,9,0,-2,-68,1,0,4,-22,11,-23,16,0,8,0,-3,-25,0,-66,-27,-13,0,-2,-7,0,36,-8,-47,-25,-11,5,-3,-36,-18,-2,2,-1,26,-20,16,10,14,1,-24,0,0,0,-2,3,-48,-1,0,-33,0,-50,1,-3,10,11,16,-2,13,-15,-23,-29,-44,-20,27,14,4,-58,10,-33,-44,0,50,-2,-2,-44,0,-55,-25,1,0,-1,13,0,0,1,-16,8,30,72,-2,-7,1,15,22,25,-15,-48,-14,0,-39,-16,-1,2,10,-2,0,-23,12,73849,0,100
27,23,-7,-25,14,-7,0,-3,20,26,-9,49,38,-10,0,-15,-13,0,4,56,10,-92,0,-61,0,-1,-43,-6,25,0,0,0,4,0,-25,-22,0,-29,0,0,-39,0,0,35,0,0,0,-13,30,1,-18,-1,-2,0,0,31,15,0,0,36,5,64,30,3,-2,13,0,-6,5,27,25,0,11,0,29,-30,-2,-7,0,0,-28,-27,0,3,0,0,-3,65,0,7,5,-2,-17,-58,-12,0,-58,0,-17,-47,30,4,0,-18,-14,66,-2,-14,-5,-35,1,-5,-2,-38,0,5,-5,-21,0,27,2,3,-40,1,-17,17,14,44,-10,36,0,14,-2,4,-26,3,31,12,-11,-1,-30,-26,5,-4,-22,-9,-14,-14,7,-9,-40,-8,-39,-1,-2,19,-29,25,-32,27,0,2,0,-1,4,-42,-5,-1,-1,0,-37,-13,-3,2,1,0,23,25,20,1,3,10,-31,2,-10,-11,-1,-7,-58,21,-55,-21,0,70,0,0,28,0,82,-44,0,2,-26,-10,0,-1,9,0,-9,2,78,-92,-6,5,-12,-17,-35,-7,0,-7,0,74,-58,0,3,-10,0,-27,6,28,73893,0,100
-11,-13,16,-20,7,1,0,2,19,-24,-41,40,-7,-72,2,-35,9,33,0,-28,45,-1,0,-58,0,-24,-19,-38,-2,0,0,-8,0,0,77,-21,1,6,0,0,0,-1,-1,54,0,0,0,-21,52,5,30,-1,17,-2,1,-60,46,0,-16,23,3,37,-21,0,-27,-62,0,13,2,-54,0,18,-16,0,-75,-32,-1,7,0,0,-17,-32,0,26,0,0,-64,-34,2,-3,-5,-21,-21,-88,-32,1,-43,0,-5,-47,-14,0,18,-15,-20,65,1,-66,-64,-16,1,-18,0,-35,0,11,-36,-22,0,-44,0,0,-65,2,-38,-22,-20,19,-20,15,0,-21,1,32,38,-2,28,15,-33,2,-51,-33,8,-40,-31,-29,-22,-10,1,6,-23,-7,-40,-34,0,-9,50,13,23,-58,1,-31,0,-1,3,14,-48,-14,0,0,-63,-50,11,7,0,14,66,-54,-27,19,-35,19,-77,49,-35,-45,-65,19,-74,11,-18,-23,-2,63,1,-6,16,0,-87,-24,0,2,-31,-2,0,0,9,-14,17,34,-29,3,1,-10,-60,1,-35,28,18,4,0,-89,-41,-6,5,-26,2,77,-5,14,73964,0,100
-10,-4,50,-76,13,-4,0,-16,-42,28,-57,7,72,-23,2,-18,-2,40,11,72,33,43,0,-33,0,39,-29,20,-6,0,-2,3,2,0,-18,-25,0,-12,0,0,-49,2,2,57,0,2,0,31,62,27,-8,0,5,-2,1,-40,37,0,-35,21,11,0,28,-2,-75,-44,0,-45,0,-38,36,45,12,0,-37,26,4,-4,0,0,-40,25,0,39,0,0,51,68,0,-74,-39,-24,-26,-22,-39,0,-32,0,7,-65,86,1,-47,-33,-26,46,-1,-32,-9,-43,2,-8,0,40,0,4,-30,-25,0,43,1,-1,-66,1,19,11,29,52,2,52,0,9,0,-14,-19,0,-43,23,-23,-9,3,28,0,-27,-2,-15,25,4,4,-9,-92,-10,7,-20,0,-3,-10,30,45,-17,0,-37,0,1,0,-30,-6,-23,-1,0,-36,-13,-57,-3,0,9,29,-19,13,-9,-28,21,-36,-50,-31,-8,52,-54,-60,-36,-92,-69,3,42,1,-1,-45,0,-51,-33,0,0,-4,-2,0,0,3,-34,-55,39,-46,45,-3,2,-1,-6,37,23,-70,16,0,-49,-35,2,1,4,0,-15,-42,29,74111,0,100
41,6,-23,-63,1,9,0,13,11,28,9,15,-20,3,1,5,39,2,17,-33,-5,-9,0,-62,0,14,-69,-2,52,0,0,-2,1,0,31,-14,0,-54,0,0,-33,0,0,13,0,0,0,-32,13,9,-64,0,-27,-3,1,-14,-5,0,-10,29,10,17,27,-9,18,26,0,33,3,26,7,-23,5,0,11,22,1,0,0,0,-12,21,0,52,0,0,-2,-27,0,-6,-5,-11,-20,-60,-16,2,16,0,-17,-7,17,0,-22,-22,-19,18,0,4,0,-12,0,-10,-1,55,0,6,56,-12,0,24,0,0,-51,2,0,15,-7,26,-15,15,0,21,1,-2,-41,-1,4,52,-18,-11,16,-21,3,58,-16,13,-33,-15,-2,22,-23,26,10,49,0,4,-38,34,40,15,2,27,0,0,1,-42,-9,7,-3,0,-71,-5,14,0,-1,-6,24,15,-12,-15,29,32,-33,-5,-15,3,-1,8,-31,8,-17,-63,-1,22,0,-2,14,0,14,-72,0,0,-17,14,0,0,7,-10,10,3,-100,-7,10,-2,-51,11,58,-6,13,3,0,24,19,-3,5,29,-2,31,-10,36,74114,0,100
-45,7,6,21,3,11,0,24,77,56,2,63,23,-22,0,-64,10,8,7,-11,58,-63,0,-65,0,-19,-13,-19,-44,0,1,-3,2,0,16,-33,1,-50,0,0,-52,0,0,-7,0,0,0,-19,-7,4,-22,-3,5,-2,2,-44,63,0,-37,23,14,64,54,0,15,30,0,-1,1,29,1,16,5,0,-34,-6,0,5,-1,0,27,-4,0,37,0,0,-48,-6,0,6,0,9,-40,-67,-24,1,-50,0,-20,-74,22,0,-15,5,-9,69,-2,-24,-21,36,1,-18,-2,-87,0,6,-45,-31,0,74,0,0,-66,1,-18,17,19,40,-12,36,0,21,3,11,6,0,87,-7,-6,2,-26,-15,2,-46,-19,-9,-12,-9,2,4,-31,4,-24,17,0,8,4,-10,42,-49,1,-21,0,-1,2,-50,10,-17,0,0,-67,11,-57,9,0,-5,55,-46,-54,15,-19,-16,-64,-12,-3,-77,-45,-3,-50,66,-45,12,-2,73,1,0,-17,0,13,-14,1,1,-21,-13,0,0,7,-38,-2,8,-33,-63,7,-4,-51,21,-88,1,-62,6,0,30,-60,0,2,8,0,14,0,-11,74133,0,100
-9,15,3,-50,3,-51,0,17,12,60,-73,17,73,-9,0,58,-38,13,30,40,23,2,0,-58,0,0,-46,-17,-13,0,0,0,-1,0,60,-13,0,17,0,0,27,3,4,64,0,0,0,-3,69,50,-27,-1,-5,-1,2,-22,27,0,-12,26,5,16,60,-8,-58,-63,0,-71,-1,-75,9,15,16,0,-12,30,1,-54,0,0,19,29,0,15,0,0,25,35,3,-67,-43,-2,-98,-5,-16,-3,-25,0,-6,-55,76,3,-42,-2,-22,30,1,-6,-51,19,0,-7,-2,15,0,-1,19,-15,0,69,2,0,-64,5,-15,11,-31,-18,-5,-22,0,7,1,4,-37,0,-56,-58,-5,2,13,2,0,19,17,-45,8,19,7,4,-62,-2,14,21,1,13,-37,33,49,-4,3,-24,0,2,-1,31,8,-33,-3,0,-50,8,-81,-11,0,15,70,-1,-22,7,-30,-71,-47,44,-8,64,21,-12,-65,17,-64,-49,0,25,1,0,-38,0,-78,-45,-1,2,16,8,0,0,0,-10,-8,14,92,1,-4,0,-45,14,8,26,-81,14,0,-71,-25,1,0,18,0,58,-42,36,74211,0,100
-7,15,-40,-66,0,-9,0,5,29,46,-34,22,29,26,0,-29,-5,35,-1,67,-48,-23,0,-72,0,18,-11,-15,-10,0,0,1,0,0,7,7,0,38,0,0,-5,1,1,2,0,1,0,-33,1,-12,-50,2,-27,0,0,-71,-32,0,-29,14,3,46,56,-20,-39,-62,0,-66,-3,-74,57,-28,12,0,-74,37,0,-18,1,0,-69,35,0,100,0,0,2,77,1,-36,-62,-52,-17,-71,-17,-2,-21,0,-42,-32,44,2,-57,-48,3,24,3,30,-69,-76,0,-14,-1,20,0,-3,13,6,0,74,0,-1,-26,2,-18,14,-47,33,13,29,0,11,0,8,-65,-1,-39,-1,5,8,-31,-11,-1,8,-20,-40,-37,-9,0,-5,8,0,-14,-79,-2,18,-56,6,-24,-2,3,-14,0,0,-2,64,7,-70,-3,0,-63,12,-56,-10,0,5,36,-2,-11,20,-10,-1,-40,-52,-8,-22,2,10,-62,24,-5,-57,0,29,3,-4,-57,0,-3,-16,1,2,-17,15,0,-2,-3,-28,13,38,48,-25,4,1,-4,20,12,-4,-54,40,0,-17,-17,2,4,16,1,4,-58,6,74329,0,100
-26,12,-16,-69,5,-7,0,28,49,50,-57,0,60,-58,0,-14,11,15,43,45,47,21,0,-26,0,-11,13,-2,-23,0,0,1,3,0,46,-2,1,-5,0,0,-10,0,-1,66,0,0,0,-9,73,-4,-8,4,-13,-1,0,28,46,0,-27,54,16,13,44,-16,-48,-44,0,-50,3,-42,39,-19,24,0,36,7,2,-8,0,0,-46,3,0,38,0,0,-10,47,0,-25,-30,-27,-20,-18,-52,1,-9,0,-24,-46,56,2,7,-33,-47,29,-2,-62,-51,-58,0,-2,0,-37,0,6,-28,-8,0,27,2,0,-48,4,1,0,-12,-12,13,-15,0,5,0,46,14,-2,-33,-41,-6,-13,-9,-10,4,-31,3,-6,-17,3,5,7,-65,-8,-27,4,-2,15,-1,14,52,-5,5,-45,0,0,2,-4,13,-42,-2,0,-37,20,-52,-16,-1,-34,27,-8,-2,-10,-23,-34,-26,-16,-4,-12,-6,19,-56,52,-70,-72,-1,30,1,-3,21,0,-30,12,0,2,0,15,0,0,6,-29,17,15,-51,20,2,0,-54,33,-42,-36,-48,12,0,-24,-13,2,2,24,1,46,-30,16,74406,0,100
2,-12,-30,35,10,6,0,-1,-18,13,3,-4,58,-20,0,-20,17,28,4,4,46,-21,0,-38,0,-28,6,-16,11,0,0,-1,0,0,37,-8,2,-33,0,0,-57,1,2,-9,0,0,0,-4,-7,-19,29,2,2,-2,-2,52,44,0,-19,32,8,-3,14,-5,11,-2,0,60,3,5,17,-30,1,0,48,42,4,11,-1,0,12,42,0,4,0,0,-3,7,0,-35,-8,-18,-30,-45,-13,3,-19,0,0,-48,62,2,0,-27,-12,19,-5,-42,-4,4,2,-9,0,8,0,10,-2,-11,0,16,2,2,-47,2,-12,-3,-28,29,-30,29,0,-5,-2,-18,15,1,7,27,6,-1,-48,-9,7,-2,-20,-28,-11,-20,3,2,4,-8,-52,69,3,-16,23,17,72,18,2,44,0,0,4,-64,-3,-2,-1,0,-25,-1,-32,-3,0,-18,55,17,-40,2,55,29,-38,11,4,-12,0,-14,0,-22,-2,32,2,20,2,0,-2,0,40,11,2,0,-21,0,0,0,10,-21,-17,27,-39,-17,0,3,-67,-13,17,-17,-29,-23,0,28,-26,0,3,10,3,39,-7,19,74449,0,100
16,46,-10,-50,2,-15,0,14,1,34,-56,19,51,37,0,-32,17,28,-13,27,34,8,0,-61,0,-20,8,-12,14,0,-1,-3,0,0,11,-24,0,-51,0,0,-52,0,0,67,0,-1,0,0,66,17,-20,0,-28,-3,0,-20,40,0,13,24,17,19,33,7,-63,-28,0,18,2,-14,6,-17,-4,0,-19,24,1,-15,0,0,-63,20,0,16,0,0,-6,27,0,-60,-40,-20,-9,-50,-40,0,-39,0,-4,-57,57,1,-19,-20,-43,45,-4,36,-16,-74,0,-25,-1,-12,0,7,-2,-28,0,12,0,0,-95,0,-11,19,-12,41,-16,40,0,31,0,19,-18,-2,-57,32,-27,-10,-63,-36,4,-3,-12,0,-5,6,0,5,13,-6,-68,43,0,45,-25,26,15,-13,1,-3,0,2,0,-50,-18,-17,-3,0,-55,-14,-9,4,0,-6,19,-9,-66,-9,9,44,-38,-5,-19,-33,-12,21,-54,10,13,-44,-1,38,0,-1,-3,0,11,7,1,0,-13,26,0,-1,6,13,26,29,44,5,-2,-1,-77,13,-12,-4,-7,-23,0,12,-39,-2,2,-1,0,10,-41,24,74579,0,100
-61,8,-2,-86,7,1,0,20,15,38,-54,18,32,-19,0,-8,0,34,9,51,30,-6,0,-30,0,-69,-32,-1,-58,0,0,-2,-4,0,51,-15,0,-54,0,0,-4,0,-1,55,0,2,0,-34,60,11,-11,-1,-20,-2,0,1,32,0,-10,14,21,20,35,-10,-64,-26,0,-43,3,-28,51,-4,-5,0,-3,37,0,-1,-2,0,-33,27,0,10,0,0,11,68,-1,-50,-34,-33,-16,-48,-46,1,2,0,-20,-19,35,1,-88,-21,-47,23,-10,-28,-14,-39,0,-9,0,-17,0,3,-10,-17,0,-19,0,0,-58,1,1,-5,11,24,14,25,0,-8,-2,9,-42,0,-73,28,-23,-2,0,-5,5,-8,-5,-18,-38,6,-1,-4,33,-4,-5,-54,-1,5,-43,27,38,-27,0,-22,0,1,1,-57,32,-17,0,0,-28,32,-20,-1,0,-1,55,-25,19,9,-23,18,-52,0,-25,-11,6,-38,-17,15,28,-82,-1,15,0,-1,-87,0,26,-32,0,0,-2,-2,0,2,5,-8,-33,36,28,-7,-7,0,-44,25,-14,0,-33,1,0,40,-4,-2,3,23,-1,44,-36,24,74584,0,100
-60,-13,34,-61,11,10,0,7,1,-5,-32,-25,58,-17,0,-12,48,46,21,38,12,8,0,-63,0,32,-32,-3,-55,0,2,1,1,0,62,-2,1,3,0,0,5,0,0,-30,0,0,0,-35,-26,11,-21,-2,28,0,2,0,11,0,-15,55,5,-17,-3,-6,-18,-15,0,-62,1,-17,20,38,8,0,5,20,0,17,0,0,-10,22,0,16,0,0,32,38,1,-27,-40,5,-8,-36,-6,1,-55,0,6,-58,66,0,-12,-2,4,56,1,-30,-2,-14,-1,-13,0,-94,0,2,-7,-5,0,84,1,0,-58,2,-3,-16,36,40,7,38,0,-19,0,-10,-65,2,-29,34,-31,6,6,3,1,-4,-39,4,-31,-5,6,3,6,-1,13,-85,1,-15,-57,33,48,23,2,-8,0,0,1,-21,25,30,0,0,-60,29,-60,-4,0,-31,37,21,46,16,-4,39,-34,12,-31,-7,36,-17,9,0,0,-67,0,58,0,-1,-13,0,-27,-30,2,2,-37,2,0,0,3,-15,-19,44,-52,4,1,1,4,0,-100,0,-49,30,0,-29,-51,2,0,22,0,63,-40,38,74706,0,100
-30,8,4,-88,4,1,0,19,-37,18,-34,-28,44,-9,1,0,20,36,13,-20,32,-30,0,-84,0,32,-34,-6,-31,0,0,-5,-7,0,34,-8,2,-19,0,0,-29,0,0,-13,0,0,0,-21,-9,24,9,-1,-16,-3,1,29,33,0,-13,22,0,-25,18,-3,-51,-47,0,-36,1,-34,34,0,5,0,28,61,0,0,0,0,-30,57,0,12,0,0,22,-14,-1,-52,-54,-71,-34,-32,-41,1,-15,0,-15,-49,43,0,40,-73,-41,58,-3,-37,-34,-33,-1,-2,-1,56,0,3,-34,-11,0,46,1,0,-60,0,-4,-13,-14,36,12,28,0,-16,-3,-27,-30,-2,-49,38,-4,-8,-24,-2,2,-38,-33,-11,-28,9,4,-5,-83,-14,-20,25,0,4,-32,34,43,-40,-1,1,0,0,0,-70,-5,29,0,0,-93,-11,-44,-5,-1,-6,16,-40,5,-11,-7,34,-33,22,0,-1,19,-58,-5,-30,-85,-89,0,55,-2,0,33,0,-41,-25,0,0,-37,14,0,-1,4,-10,-60,36,-4,-33,-7,-6,-52,18,62,-15,-51,1,0,-52,-20,-2,-1,6,0,37,-52,32,74716,0,100
-44,16,69,-42,3,7,0,-4,0,0,-20,8,75,-49,2,35,-1,67,23,25,48,22,0,-69,0,-58,-5,-19,-38,0,0,0,-5,0,64,-6,1,-1,0,0,-14,2,0,64,0,0,0,0,68,20,15,0,32,-2,2,77,54,0,-7,22,23,14,-1,10,-14,-52,0,-33,3,-64,79,80,-2,0,85,22,1,7,3,0,-83,29,0,32,0,0,19,31,0,-11,-32,-14,18,21,21,4,-60,0,23,-73,86,0,-9,-24,16,61,-2,-51,-14,-74,2,0,0,-28,0,6,0,-4,0,61,1,-2,1,1,-16,-46,32,32,-2,18,0,-47,-1,33,-24,1,-25,58,-6,0,12,-20,3,4,-32,31,11,24,3,5,12,-4,8,-3,0,13,-24,18,57,-30,0,18,0,1,-1,13,11,18,-1,0,-73,14,-65,2,-2,-15,29,-31,8,6,13,50,-36,-42,-9,23,25,-12,-45,-15,9,-38,1,65,0,-1,-18,0,-46,-5,4,0,-32,25,0,0,5,-9,-10,69,100,24,1,1,7,-12,-36,-16,-65,13,0,-35,-57,0,2,20,0,62,-32,20,74717,0,100
-6,10,25,-52,-4,-30,0,20,-31,32,-79,5,66,-35,0,48,-4,4,56,14,46,-12,0,-60,0,-21,-48,36,-6,0,2,3,11,0,46,-1,1,-90,0,0,4,1,0,-26,0,1,0,4,-25,-1,-13,1,-12,0,1,-70,48,0,7,20,19,16,39,6,-82,-35,0,-61,1,-51,10,33,-27,0,-71,13,2,-33,0,0,-75,12,0,41,0,0,4,27,0,-30,-35,-43,-2,-62,-28,1,-49,0,-39,-32,58,3,-5,-49,-30,41,5,-17,-90,-62,0,-16,0,57,0,3,-6,-5,0,5,2,0,-60,1,18,25,-21,54,4,54,0,26,2,-13,-8,1,-66,-14,17,3,-12,-19,2,-12,-26,45,15,100,-3,6,17,0,-15,-29,0,14,-11,7,66,-18,2,-48,0,3,2,-41,8,-8,-3,65,-66,-1,-52,6,1,6,6,-7,10,3,-54,-22,0,43,13,35,0,-29,-42,-35,13,-54,-1,38,0,-6,-4,0,-38,-54,0,2,-27,-13,0,0,1,9,-22,6,-65,-14,6,5,-36,19,61,21,-58,25,0,-9,-72,4,9,27,1,41,-32,8,74749,0,100
-5,26,1,-17,14,-8,0,15,1,27,-35,42,40,-11,0,-46,-23,38,8,-6,58,11,0,-87,0,100,-19,1,-13,0,0,-3,1,0,31,-11,1,-19,0,0,-70,0,0,12,0,0,0,-16,16,-6,13,1,-3,-2,1,-9,61,0,18,26,11,41,33,-1,-27,-49,0,7,2,-48,13,-8,11,0,11,31,1,-14,0,0,-44,30,0,30,0,0,2,-4,0,-65,-44,-28,-46,-44,-27,0,-46,0,0,-40,34,1,-37,-32,-26,66,-1,-7,-5,-36,0,-10,1,-4,0,7,-1,-9,0,49,1,1,-46,1,3,-2,-21,47,-11,39,0,-7,0,0,5,1,-5,10,-33,0,-8,0,3,-2,-28,-10,-22,-7,5,-1,34,-11,-11,20,0,26,3,43,0,-13,0,-46,0,3,0,-8,4,-13,0,0,-91,2,-70,0,0,-8,18,-12,2,9,-45,12,-32,0,-36,-46,0,-16,-49,0,38,-16,0,58,0,-1,-38,0,-52,-21,1,1,-29,-5,0,-1,6,18,-14,39,-49,14,-2,0,-21,14,-4,-24,-69,-7,0,-52,-41,0,3,8,-1,29,-44,41,74759,0,100
-13,11,37,-52,1,-2,0,19,-3,33,-77,22,64,-17,0,-11,-24,40,-1,16,49,20,0,-48,0,-6,2,2,-16,0,0,-1,4,0,1,1,1,57,0,0,-24,3,1,2,0,2,0,-9,3,18,-34,-1,-5,-3,2,-2,51,0,-8,18,-3,24,30,14,-70,-45,0,-58,2,-54,9,43,10,0,9,14,2,-11,1,0,-71,11,0,81,0,0,17,18,0,-4,-46,-12,-32,14,-1,0,-45,0,11,-58,86,2,-9,-12,5,43,4,-15,8,-83,2,-1,0,83,0,1,9,1,0,80,0,0,-48,0,1,9,41,35,2,32,0,5,0,-3,2,0,-23,25,21,6,56,-29,0,10,-14,5,0,4,3,0,-28,0,62,1,-2,5,0,23,39,30,1,8,0,0,-2,56,-3,-18,-4,0,-37,-5,-38,0,0,10,22,31,16,2,5,24,-9,19,17,-21,11,-4,-63,0,-40,-61,1,38,0,0,1,0,-78,4,1,0,-16,7,0,-2,2,-7,0,40,89,18,-1,2,-11,23,83,2,-33,43,0,-68,-47,1,0,22,1,2,-42,24,74882,0,100
-5,3,-11,-8,5,0,0,-9,0,54,-3,39,74,-36,0,15,22,-55,24,-6,22,-32,0,-64,0,44,-39,-31,0,0,3,0,-1,0,62,-16,0,-35,0,0,-57,-1,-1,50,0,1,0,-19,48,23,-10,-1,-19,-1,2,38,21,0,-8,25,13,37,62,8,-10,39,0,25,3,26,12,2,-6,0,14,-3,-1,11,0,0,-25,3,0,15,0,0,-6,-9,2,-42,23,34,-14,-16,-36,0,-64,0,-23,-26,58,0,-35,28,-26,19,-3,-33,-5,-7,0,-11,0,-40,0,8,13,-11,0,52,1,1,-63,0,-34,26,-36,-1,2,-5,0,30,1,12,-18,1,-12,-14,-11,-3,-4,-11,4,9,-11,-8,-10,-2,2,5,30,-3,-3,-18,-1,7,-20,23,98,-2,1,-25,0,1,2,-25,-6,-20,-2,0,-61,-3,-14,7,0,21,55,-1,-14,7,-18,3,-52,34,-8,14,1,-19,-62,4,34,-13,-1,28,0,-3,-30,0,-13,-44,0,0,-17,-13,0,1,7,-8,-21,-52,58,-32,8,3,-50,-18,-40,12,-16,-21,0,-14,-64,3,5,-8,4,60,26,24,74883,0,100
-16,-3,-15,9,5,16,0,-25,4,27,-20,55,40,-31,0,-57,40,-11,13,4,47,-79,0,-43,0,68,-22,-19,-7,0,0,-2,2,0,50,-28,2,-33,0,0,-58,0,0,47,0,0,0,-25,48,10,0,-2,-15,-1,2,-71,45,0,-7,31,5,56,28,-4,-16,-14,0,21,1,-8,13,-9,-6,0,-62,3,0,16,0,0,9,4,0,12,0,0,-16,0,0,-31,1,9,-42,-62,-29,1,-46,0,-6,-31,43,1,-15,-3,-23,18,3,-33,-13,20,2,-8,0,-6,0,6,-24,-26,0,13,0,0,-64,1,-19,-20,-76,5,0,4,0,-17,1,13,6,-1,48,2,18,4,-38,-25,4,-27,-7,-4,-20,-6,5,3,6,-5,-39,45,0,-1,9,18,74,-18,1,-46,0,-1,0,-39,19,-52,0,0,-42,19,-31,5,0,-7,56,-17,7,12,-44,2,-58,29,20,-58,-13,-7,-58,5,1,6,-1,21,0,-1,-20,0,21,-23,0,2,-9,7,0,0,5,-6,-10,-10,48,-79,11,-2,-9,-28,-6,-8,-31,-32,0,19,-52,-1,1,1,0,48,2,15,74956,0,100
-26,0,17,-34,0,-9,0,32,3,29,-37,0,54,-34,0,-6,1,0,2,22,27,-14,0,-75,0,-13,-54,-14,-12,0,2,2,1,0,48,-14,1,-52,0,0,-47,3,2,-10,0,4,0,-11,-9,33,-21,2,-8,-1,2,29,26,0,-20,27,17,7,30,31,-34,-9,0,-37,0,-19,9,25,0,0,32,-13,0,-5,-1,0,-44,-12,0,32,0,0,4,13,1,-44,-12,-17,-37,-18,-38,0,-52,0,-21,-49,57,3,-68,-28,-25,24,3,-29,-13,-18,0,-19,-1,82,0,1,-26,-10,0,23,1,1,-69,1,-15,28,5,-9,3,-60,0,24,1,14,-67,3,-56,19,-12,2,9,9,0,-26,-17,5,0,8,0,1,-88,0,4,-20,0,0,-68,31,55,10,3,-54,0,1,0,-40,5,-24,0,0,-79,2,-37,14,2,6,40,11,2,7,-58,20,-24,0,-18,0,10,-56,-21,5,-100,-44,1,24,1,-4,-71,0,-11,-58,0,4,-15,2,0,0,1,-24,-58,0,-50,-28,1,3,-55,27,82,5,-45,11,0,8,-55,2,3,18,1,45,-12,31,74970,0,100
17,9,25,-49,8,-40,0,21,10,-12,-70,-26,80,-32,0,-6,45,-41,22,23,45,-2,0,-52,0,6,-38,-22,13,0,3,1,0,0,29,-25,1,-100,0,0,-40,2,1,15,0,2,0,-15,17,1,-49,0,-1,0,4,-42,45,0,-23,33,16,-27,-8,8,-61,-33,0,-27,0,-44,21,26,7,0,-42,17,0,-34,-1,0,-18,17,0,44,0,0,12,7,1,-27,-21,-57,-50,-18,-36,0,-58,0,-27,-56,55,3,-28,-57,-22,50,1,-23,-21,-20,1,-11,-2,79,0,5,17,-26,0,58,1,1,-86,0,-27,12,-18,32,8,25,0,13,1,3,-52,2,-52,38,-4,-1,11,-30,3,16,-25,-7,-9,-3,0,3,-47,8,14,6,1,9,-46,31,41,12,1,-42,0,1,2,-89,36,-38,1,0,-54,37,-19,1,1,-4,48,13,2,6,-37,43,-52,-6,-11,-5,13,-33,-37,0,-45,-49,1,50,0,0,-19,0,8,-41,1,3,-26,6,0,1,7,-23,-34,-39,-100,5,1,3,-99,16,81,-10,-13,13,0,15,-55,2,2,3,0,28,-21,32,74980,0,100
-16,-5,4,-19,0,18,0,-42,9,-6,-16,13,35,-72,0,-5,48,-10,23,-25,10,-22,0,-52,0,32,-37,-28,-20,0,1,0,-2,0,38,-25,1,-30,0,0,-20,0,0,-3,0,0,0,-20,-5,13,-7,0,1,0,2,-13,11,0,-24,31,14,11,-2,12,-30,-9,0,4,3,0,1,4,-28,0,-14,26,0,25,-1,0,-15,29,0,30,0,0,16,-32,0,-52,-12,5,-18,-54,-22,2,-4,0,-11,13,27,0,17,1,-26,27,0,-65,15,-4,0,-1,0,60,18,5,9,-24,0,52,1,0,-72,0,-28,-1,2,-57,-13,-56,0,0,0,20,-52,2,-50,47,0,-4,-9,-23,3,4,-7,6,-20,-5,2,0,6,-6,-3,11,1,-2,-49,23,38,-22,1,-70,0,0,4,-23,-5,-39,2,0,-52,-2,-8,10,0,-10,24,-20,15,-3,-77,51,-30,-5,0,-3,19,-12,-14,10,9,-22,0,29,0,-4,12,0,21,-41,1,1,-8,-5,0,1,7,-25,-13,-9,-50,-20,1,2,-52,-42,62,0,-12,6,0,12,-6,2,5,0,0,39,-13,24,75055,0,100
-32,-2,12,-31,6,43,0,-12,-33,-48,-12,32,24,-17,0,-62,100,-57,30,-33,34,21,0,-70,0,2,-15,-52,-16,0,1,2,1,0,14,7,0,-33,0,0,-52,2,2,-18,0,0,0,50,-16,6,-38,1,8,1,1,24,35,0,-52,43,5,40,-51,4,-10,-34,0,-58,0,6,-30,5,37,0,44,-27,2,33,-1,0,-43,-36,0,29,0,0,28,-25,1,21,23,-36,-38,-14,-17,1,15,0,-10,-67,22,1,27,-52,-1,52,5,-47,-10,-52,1,4,0,-39,0,3,-41,2,0,-45,2,3,-75,0,-45,-41,49,42,-11,49,0,-40,1,-12,13,1,-17,70,-29,-4,0,7,3,-41,-21,-10,24,2,14,2,5,-3,-11,4,1,-9,5,4,8,23,1,-23,0,0,0,-100,-45,48,1,0,-45,-44,-34,9,3,-8,33,15,-16,0,3,35,-17,0,-28,-68,29,-46,-25,-26,-9,-38,0,63,1,5,3,0,43,-7,0,3,-16,0,0,0,3,-56,-57,-62,-74,15,14,4,35,8,-31,4,-31,8,0,37,9,3,-6,21,0,16,19,2,75061,100,100
-37,19,28,-55,12,-24,0,18,0,-2,-74,1,43,-32,0,25,1,28,34,20,25,21,0,-78,0,-9,-13,-3,-31,0,3,0,0,0,12,7,1,-3,0,0,-48,1,1,5,0,1,0,-25,5,20,-16,0,-11,0,3,3,22,0,-3,28,-1,5,-2,-5,-58,-68,0,-74,0,-66,22,27,29,0,1,21,0,-20,-1,0,-55,22,0,39,0,0,22,15,1,-45,-46,-4,-66,-3,-54,0,-43,0,8,-77,36,1,-31,-6,-40,51,4,-46,-28,-57,-1,0,-2,-23,0,1,0,5,0,52,1,1,-70,1,-2,-26,0,26,17,25,0,-29,1,23,-12,2,-22,-8,4,6,7,-8,0,-1,-13,2,-17,8,5,0,-51,-4,14,35,1,17,-13,22,19,-14,1,-38,0,0,0,-27,28,-47,1,0,-72,27,-84,-3,0,-6,25,-16,6,17,-31,-6,-33,-13,-2,39,22,-13,-47,0,-52,-60,0,52,0,1,-31,0,-66,-7,1,3,-14,12,0,0,1,-2,-16,27,60,23,-1,0,47,18,-23,17,-72,3,0,-67,-41,1,-2,22,1,13,-45,22,75074,0,100
30,5,25,-57,-9,-9,0,30,2,61,-31,2,63,-23,1,-2,1,24,0,49,34,-4,0,-66,0,41,-28,-18,28,0,2,2,2,0,49,18,1,-4,0,0,-30,3,1,-29,0,2,0,-44,-23,35,11,2,-12,0,1,21,38,0,-48,26,2,21,66,-3,-36,-21,0,-39,0,-38,75,37,-12,0,25,9,1,-9,1,0,-77,-2,0,24,0,0,43,61,1,-11,-44,-23,-56,-18,-55,0,-30,0,-26,-81,57,3,-30,-32,-33,42,0,-17,-31,-66,2,-11,0,43,0,0,-9,16,0,100,2,0,-40,1,-16,71,-12,31,12,21,0,58,0,-6,-29,1,-42,18,-19,-10,7,-10,0,-10,-24,0,-38,19,1,7,2,0,5,-10,-2,13,-34,0,55,-28,3,-13,0,0,0,16,-1,15,-2,0,-66,2,-46,-6,0,14,49,-20,2,-10,-3,21,-45,6,-23,-18,35,-44,-65,11,-23,-67,0,49,1,-6,-30,0,-7,-36,1,3,-28,11,0,-2,0,-45,-42,27,24,-10,7,5,-46,35,41,2,-52,11,0,5,-36,4,7,17,2,43,-40,-3,75085,0,100
26,14,35,2,9,8,0,-18,13,5,54,19,58,-40,1,-14,-2,3,-6,-20,-2,-27,0,-63,0,-2,-16,-19,31,0,3,1,-5,0,71,-31,0,-50,0,0,-16,3,4,27,0,3,0,-10,25,13,19,1,-26,0,2,26,0,0,-16,34,16,32,9,11,40,19,0,44,4,17,15,23,4,0,23,3,1,9,2,0,42,-17,0,19,0,0,35,-25,1,-46,10,-6,-24,-28,-10,0,-37,0,-28,-36,44,4,14,-7,1,16,0,-40,6,67,5,0,-1,34,0,9,-5,-33,0,14,4,1,-61,5,-20,0,-17,-8,-19,-5,0,1,2,17,-36,2,-22,42,-11,5,-20,-27,3,-10,-31,1,-11,-6,5,-2,15,-21,-14,25,-1,17,-29,13,85,17,4,6,0,1,2,-56,1,-24,0,0,-62,0,-1,10,3,11,60,23,2,22,19,57,-71,36,-15,-9,15,-46,-3,1,11,3,0,15,3,-2,7,0,-24,-17,0,2,-30,-11,0,-2,10,-13,-41,3,41,-23,1,3,-51,-14,36,4,-5,10,0,-12,-30,3,2,-10,1,67,14,14,75087,0,100
25,27,52,-50,0,45,0,-30,1,6,-33,39,61,-37,0,-100,19,41,8,-27,14,36,0,-84,0,-2,-24,9,26,0,1,0,0,0,67,-23,0,-47,0,0,-31,1,1,-15,0,2,0,2,-17,-3,-55,3,0,-1,4,-37,22,0,43,27,24,35,11,31,-32,-23,0,-52,2,-27,-13,58,-12,0,-38,-8,3,52,0,0,-70,-10,0,58,0,0,7,-42,3,-39,-31,-10,-7,-18,-62,0,-12,0,-19,-48,70,4,1,-13,-58,20,6,-30,44,-69,1,-19,-2,18,52,10,-78,-26,0,-27,3,0,-76,5,8,50,7,-4,-49,-3,0,54,0,46,-5,-1,-61,33,-11,-4,-7,-49,6,-81,-17,-34,5,49,4,6,-75,-1,1,-16,-1,29,0,8,58,-30,4,-62,0,3,2,-40,-72,13,0,0,-83,-65,-8,9,3,0,24,-25,-44,-10,-62,41,-57,26,-10,-95,5,5,-25,-2,-62,-62,-1,21,0,-2,3,0,-18,-29,-1,3,-18,0,0,-2,8,45,7,42,54,39,0,-3,-72,-37,18,30,-6,58,0,-22,-2,1,3,4,0,67,-29,6,75094,100,100
-32,-4,33,-8,0,8,0,-9,5,-7,-25,-12,25,-48,2,-54,-5,39,2,11,23,-58,0,-68,0,-48,-10,-10,-27,0,0,1,2,0,75,-22,1,0,0,0,15,0,0,-2,0,0,0,-19,-3,-5,7,0,-4,1,1,35,24,0,-29,18,5,-6,-2,-6,-38,-57,0,-66,0,-61,44,44,-9,0,38,15,1,12,0,0,-31,16,0,34,0,0,-5,15,1,-32,-42,11,-54,-39,-30,0,-5,0,4,-55,32,0,6,6,-28,26,-1,-27,3,-12,1,-11,0,-74,0,3,-19,-19,0,18,0,0,-31,1,-15,-2,1,-9,-12,-21,0,2,0,56,-46,0,4,42,4,-12,23,-4,2,-23,-6,-10,-14,-12,2,5,-97,-3,22,25,2,2,-35,1,49,-47,0,-30,0,0,2,45,-7,-41,2,0,-74,-2,-14,2,0,-16,38,-42,44,-11,-40,38,-55,22,6,-76,-2,-11,-68,0,-100,0,0,27,1,-2,13,0,-32,-20,2,0,-10,9,0,1,2,-29,-15,40,-82,-58,5,0,-39,-22,-82,8,-25,11,0,-18,-2,0,3,24,1,71,-42,-2,75150,0,100
-21,13,28,-25,2,11,0,-10,4,10,-7,30,26,-49,0,-66,71,-3,10,-24,90,8,0,-51,0,-23,-9,-2,-25,0,1,-2,-3,0,29,-29,0,-55,0,0,-21,-2,-1,2,0,-1,0,1,2,28,1,0,-3,-1,2,-20,90,0,5,42,5,33,13,2,-26,14,0,-40,4,10,2,25,-10,0,-17,29,0,17,-2,0,-25,26,0,22,0,0,14,-28,0,-23,-18,-8,-35,-49,-14,3,-32,0,-12,-60,26,0,-3,-2,-15,13,0,-43,-2,-18,-1,-21,0,40,0,9,-26,-28,0,37,-1,0,-65,2,1,-11,0,-7,-15,-3,0,-12,0,18,16,-3,-49,24,19,-7,-49,5,5,-26,-11,-12,-1,6,0,1,-6,-2,-43,34,-1,17,18,24,62,-15,3,18,0,0,3,-37,-24,-81,0,0,-45,-23,-68,5,0,-12,6,-14,-35,-6,12,27,-29,-2,16,-65,15,-8,-23,8,-11,-26,-3,17,-1,-3,-9,0,34,-12,0,2,-11,14,0,0,9,4,-9,-1,-72,8,1,-5,-77,-12,39,5,-72,11,0,32,-32,-1,3,14,0,28,-18,24,75168,100,100
-11,0,28,35,10,16,0,29,-6,18,-5,45,37,-20,1,-75,58,27,-10,23,56,-13,0,-33,0,16,-39,-29,-10,0,0,-2,3,0,66,-16,1,-28,0,0,0,0,0,47,0,-1,0,-15,52,17,23,0,20,0,1,0,54,0,-26,38,14,48,16,0,0,56,0,40,5,45,20,35,-4,0,19,0,2,15,2,0,24,2,0,30,0,0,-8,25,0,-8,0,39,-43,-70,21,3,-39,0,-13,-41,39,2,-18,34,39,10,4,-19,15,52,4,-7,0,-30,0,11,-22,-9,0,21,0,0,-8,1,-28,-20,-1,52,-19,43,0,-25,3,15,30,1,95,31,-31,4,-35,0,6,-24,-28,-11,-3,-3,0,5,28,-2,-43,78,2,0,32,21,52,-19,1,24,0,0,5,-27,-25,16,0,0,-36,-25,30,12,1,0,33,-16,-61,19,46,37,-43,25,-42,-81,-8,-4,-22,-11,16,30,1,5,1,-2,-22,0,10,-42,1,1,-26,-13,0,2,12,-23,0,28,-50,-11,0,1,-5,21,-34,22,31,-12,0,35,-42,-2,5,17,1,64,1,17,75212,0,100
-14,18,30,-72,9,-20,0,11,2,30,-67,-4,69,-17,0,-10,45,34,23,31,-33,17,0,-58,0,-30,-32,10,1,0,0,-2,-1,0,65,-11,0,-55,0,0,5,2,-1,35,0,0,0,-78,37,29,-40,0,-11,-1,4,27,-31,0,16,44,22,7,32,7,-60,-37,0,-49,2,-32,43,27,-12,0,51,13,0,-29,-1,0,-42,12,0,36,0,0,-10,40,-1,-52,-29,-13,-17,-26,-80,0,-64,0,-29,-45,68,1,-8,-13,-62,39,0,-22,-38,-42,0,-8,0,-18,0,11,-17,-13,0,22,0,0,-55,3,14,-9,-24,-6,18,5,0,-16,1,27,-68,-3,-43,-36,-34,7,-21,-44,6,-13,-20,18,-81,5,0,0,-55,-1,-16,-4,-1,20,-63,33,94,-18,4,-43,0,-1,2,-68,28,-68,0,0,-48,35,-12,0,-1,-16,45,-21,-3,15,-25,-32,-56,51,-34,-2,-4,-2,-68,-4,-66,-75,-1,49,1,-2,2,0,21,-33,1,2,-16,12,0,-2,9,8,-1,32,41,20,-5,-7,-58,35,-18,-17,-3,15,0,12,-61,-1,3,29,0,58,-28,31,75272,0,100
9,29,25,-47,-2,26,0,-73,24,-52,-26,-25,85,-37,0,-35,70,-2,26,-30,23,26,0,-92,0,-1,-17,-54,15,0,1,0,-2,0,57,-28,0,-100,0,0,24,1,0,63,0,2,0,-18,63,1,-10,1,-20,0,3,44,19,0,37,44,18,-24,-45,15,-39,29,0,-48,5,11,3,49,-24,0,47,-2,2,34,0,0,-64,7,0,48,0,0,25,-39,2,-6,-13,-60,51,-15,-50,2,30,0,-21,-31,77,0,-10,-63,-26,26,-1,-25,9,-58,-1,0,-2,57,0,10,-39,-32,0,-28,2,0,-87,3,-51,-58,-22,-9,-36,-14,0,-55,1,36,-49,0,-51,48,-12,-13,-27,-52,5,-45,-37,-72,-9,69,0,6,-35,-1,-18,5,0,32,-47,15,100,37,4,23,0,0,5,-100,-57,-36,-1,0,-81,-55,-86,5,2,-15,26,35,-81,-13,30,58,-54,35,-14,-35,36,-7,-47,20,-38,-55,-3,35,1,-7,0,0,30,-27,0,2,-36,-5,0,-1,9,36,-4,0,-54,28,-4,-1,-49,-84,56,10,-93,43,0,25,28,1,8,2,2,56,-9,15,75392,100,100
-19,16,46,-54,6,19,0,-36,-1,23,-48,28,66,-17,0,-62,8,66,22,-18,37,0,0,-88,0,-33,-3,16,1,0,1,-2,-1,0,64,-6,0,-29,0,0,-16,0,-1,58,0,1,0,-31,60,-12,3,1,-2,0,1,-4,37,0,2,36,11,24,17,6,-24,-33,0,-48,4,-36,17,46,0,0,19,12,2,9,0,0,-74,13,0,46,0,0,-7,-23,0,0,-42,-35,-17,-36,-38,2,-52,0,-2,-23,64,0,21,-42,-30,50,4,-16,-24,-80,-3,-4,-2,-23,0,9,-18,-8,0,26,1,-1,-70,4,20,-55,43,0,-35,19,0,-52,0,3,7,-5,-15,42,13,9,3,-33,6,-18,-19,-1,-32,-3,3,-9,42,-19,1,21,0,17,1,0,84,-46,3,-1,0,-2,3,-34,-10,-47,-1,0,-72,-9,-80,3,0,-30,14,-48,-3,16,15,22,-27,-2,17,-70,-1,22,-55,-17,48,-44,-3,51,0,-3,-4,0,21,-3,0,0,-12,24,0,-2,11,-1,18,65,45,3,0,-9,-19,-12,-26,-22,-74,30,0,30,-50,-1,4,28,-1,58,-40,-9,75404,100,100
-20,-6,32,-70,-3,16,0,-15,6,-20,-63,-16,34,3,0,-26,11,21,37,-19,5,9,0,-95,0,-17,-52,-30,-31,0,0,0,0,0,40,-14,0,16,0,0,3,0,0,-8,0,1,0,-5,-6,-4,12,0,0,1,1,-31,13,0,-7,32,19,-14,-17,-14,-52,-42,0,-22,0,-34,32,25,-22,0,-31,7,-1,18,-2,0,-89,9,0,23,0,0,-2,-21,-1,4,-24,-13,-36,-26,-44,0,-23,0,0,-27,44,0,11,-11,-37,71,5,-14,-9,-89,-1,-7,-1,52,0,1,24,-17,0,32,1,-1,-56,0,-23,26,-4,3,-14,12,0,17,0,14,-83,0,-37,44,-18,-3,-29,-4,0,25,-25,-11,-3,-12,0,3,0,-2,-36,23,1,-5,-83,46,10,1,2,-15,0,-1,1,-17,0,-6,1,0,-96,0,-48,-11,0,-18,42,0,4,-6,1,46,-51,26,-14,-27,2,-35,-64,9,-4,-69,-1,69,1,-4,13,0,0,-46,0,0,-24,12,0,0,2,-8,-37,19,-100,6,-3,0,-23,-11,61,-6,-35,15,0,-20,-22,0,3,15,-1,38,-24,49,75500,0,100
5,23,-18,-58,9,-1,0,9,-3,22,-44,9,58,-5,0,-28,3,10,4,-18,79,0,0,-79,0,-51,-30,5,0,0,2,0,4,0,45,-17,0,-13,0,0,3,2,1,35,0,2,0,-29,34,18,4,0,8,-1,1,-19,74,0,10,33,14,14,22,0,-38,-21,0,-12,1,-36,-51,-21,2,0,-17,22,1,0,1,0,-51,26,0,34,0,0,7,-12,2,-14,-20,-16,-46,-29,-30,0,-68,0,-9,-51,51,2,-25,-25,-17,86,2,-1,-10,-45,3,-27,0,-21,0,6,-8,-14,0,40,2,1,-52,2,5,10,-1,17,-8,7,0,12,1,22,-13,2,42,41,-9,-6,-40,-31,4,-5,-34,-24,-17,66,4,9,-70,-4,-33,-23,0,19,-12,26,85,22,2,-11,0,1,1,10,-4,-21,-1,0,-72,-3,30,0,1,-7,44,23,-33,-2,-6,36,-44,17,-12,-36,11,-18,-41,-2,-76,-57,0,85,1,-2,-38,0,-71,-31,1,3,-33,15,0,1,5,7,-16,12,42,-1,15,4,-71,11,-15,-13,30,19,0,-55,-76,1,5,17,3,43,-19,28,75577,0,100
29,19,27,-22,8,-10,0,36,-8,10,-45,-6,25,10,-1,-50,-38,32,28,26,16,43,0,-45,0,-30,14,9,31,0,0,-2,0,0,63,-19,0,-5,0,0,-7,1,2,21,0,1,0,-22,17,-1,-4,1,21,1,0,-61,15,0,-3,26,15,-9,11,-3,-48,8,0,-46,2,12,13,32,0,0,-60,39,1,-7,0,0,-5,36,0,38,0,0,28,24,0,-21,-28,-33,-34,-49,-28,2,-24,0,-18,-32,23,0,-45,-28,-28,39,0,17,26,-6,0,-11,0,86,0,8,-1,-19,0,64,1,0,-69,4,8,23,-13,28,6,27,0,27,0,-5,-63,-1,3,-11,-24,-6,15,0,5,0,-23,-27,-26,-14,0,0,-100,-1,14,-17,0,20,-60,24,32,6,3,-25,0,0,0,-2,3,-14,0,49,-35,2,-16,-5,0,10,62,6,4,-7,-28,-14,-76,14,-25,-56,29,-43,-32,-9,-100,-25,0,41,0,-1,-47,0,17,12,0,1,-22,-7,0,-1,3,-2,-45,33,-100,43,-1,-5,-47,29,91,15,-18,12,0,8,-24,-1,3,21,0,65,-27,25,75593,0,100
-7,-9,5,-58,13,10,0,-25,39,17,-31,14,28,-20,0,13,24,45,41,3,27,16,0,-73,0,-30,-7,7,-5,0,0,1,1,0,24,-5,-1,-30,0,0,-6,0,0,0,0,0,0,-10,2,-28,-7,1,30,1,0,-56,25,0,-35,42,-2,16,12,-20,-21,-28,0,-40,2,-9,24,-1,9,0,-54,44,0,10,0,0,-42,39,0,8,0,0,4,2,0,-29,-51,-48,17,-49,-38,1,-25,0,-4,-58,48,0,-17,-58,-28,48,3,-31,-31,-39,-1,-16,1,-66,0,5,-38,-3,0,63,1,1,-77,1,11,1,4,36,-3,40,0,6,-1,-7,19,0,-51,35,-20,0,25,15,5,-37,-28,20,-20,-26,0,5,-52,-3,24,-6,1,-10,21,20,17,-77,2,-33,0,0,3,-50,-17,-13,0,0,-69,-14,-42,-12,0,-39,45,-75,8,8,-24,35,-57,2,-29,13,3,4,-29,38,-55,-61,1,49,0,-2,-29,0,4,-2,1,0,-22,4,0,0,4,-36,1,42,-10,17,3,0,8,-21,-64,-36,-37,4,0,-2,-26,0,1,10,0,24,-52,21,75596,0,100
-40,18,-9,-52,8,-46,0,41,30,36,-69,12,85,-32,0,-9,26,27,49,40,52,19,0,-48,0,24,-16,1,-47,0,0,2,3,0,67,-23,0,-46,0,0,-64,2,2,7,0,1,0,-7,6,42,19,0,-6,1,0,0,52,0,-30,46,18,11,37,-1,-72,23,0,-3,3,20,24,-6,-7,0,3,42,0,-43,0,0,24,43,0,20,0,0,16,36,0,-18,-44,-12,20,-20,-9,4,-57,0,-24,-45,71,1,3,-14,-4,10,2,-29,-26,15,0,-18,0,20,0,11,-36,-24,0,-4,4,2,-83,5,0,-14,-20,16,34,11,0,-11,0,43,-24,2,-27,-6,20,-7,-34,-4,7,-34,-22,-19,-2,19,1,1,-75,0,-35,-11,1,20,-16,11,75,-81,3,-1,0,1,2,-36,15,-60,0,0,-41,16,-1,-6,1,-4,49,-78,-5,-6,-1,-11,-42,-18,23,-12,19,-15,-31,31,-74,-45,0,10,2,-3,7,0,-25,-18,2,6,-23,8,0,0,9,-29,-16,27,62,18,6,4,66,30,24,2,-5,22,0,-21,-56,2,4,5,1,65,-44,13,75597,0,100
-2,8,20,-17,9,4,0,-6,-1,2,-40,15,47,-63,0,-41,29,-11,14,-14,54,29,0,-52,0,46,0,-18,-3,0,4,3,3,0,49,-23,0,-96,0,0,-9,0,0,42,0,0,0,-1,39,7,-18,0,-5,0,2,10,50,0,-7,28,18,23,7,18,-47,17,0,-42,3,-4,17,29,-8,0,17,-1,0,3,1,0,-54,0,0,48,0,0,15,-9,2,-31,-20,-37,-25,-8,3,1,-79,0,-15,-49,46,2,-18,-35,8,37,1,-48,-32,-31,0,-13,0,-23,14,8,-3,-17,0,9,0,1,-61,2,-23,5,-4,43,-9,43,0,4,2,45,-25,1,-19,46,-15,8,8,-32,3,-6,-25,40,16,36,-3,3,10,2,8,38,0,14,-26,8,63,19,2,0,0,0,3,-68,-1,-13,-1,0,-65,0,-13,10,0,-7,45,22,51,25,-1,52,-49,14,-22,-50,14,-24,-65,-16,-4,-24,-2,32,-1,-5,-13,0,7,-5,0,2,-28,14,0,0,8,-4,-23,-7,-100,29,0,3,-65,-7,-27,-24,-17,26,0,19,-81,4,7,8,0,47,-17,4,75600,0,100
-29,14,-5,-46,9,30,0,-38,-3,32,-36,8,48,-42,0,-35,-16,13,16,41,34,-14,0,-19,0,-11,-19,-18,-30,0,0,-1,-5,0,73,-13,0,-28,0,0,18,4,0,14,0,1,0,-23,11,33,-21,0,-15,0,0,58,35,0,-32,19,2,12,35,14,-44,-3,0,-61,1,-17,5,5,12,0,58,42,1,34,0,0,56,50,0,23,0,0,20,40,1,-56,-25,-45,-56,25,-13,-1,-48,0,7,-22,55,4,-50,-40,-9,17,1,-28,-15,33,2,0,1,-13,0,6,-49,-20,0,35,1,3,-67,1,-25,-10,-16,40,15,45,0,-9,0,-22,-2,2,-38,58,-18,-5,26,29,4,-49,-19,17,-11,14,3,0,-23,-3,24,-18,1,14,-2,23,33,-29,0,4,0,0,1,7,19,6,0,0,-22,22,17,8,0,4,43,-28,12,-8,10,50,-39,4,-27,-29,21,-38,11,-8,-24,-43,-1,16,0,-1,-48,0,-54,-23,1,1,-17,9,0,0,6,-29,-36,15,40,-10,-3,2,-67,-42,-16,2,10,7,0,-49,-46,0,0,21,4,74,-26,23,75605,0,100
-15,16,21,-56,5,17,0,-30,-12,13,-58,1,36,-20,-1,-5,0,23,10,1,22,18,0,-75,0,-7,-2,-20,-15,0,1,1,0,0,26,-14,1,-48,0,0,-2,0,2,42,0,0,0,-23,40,11,-3,1,-16,1,1,42,21,0,-13,22,7,-1,16,0,-61,-13,0,-48,1,-16,38,26,3,0,50,26,0,19,0,0,-37,21,0,26,0,0,27,-1,1,-30,-25,-32,-30,-32,1,0,-5,0,7,-56,45,1,-36,-31,0,33,1,-9,-16,-41,0,-3,0,43,0,2,-2,-17,0,5,2,0,-46,2,-22,-12,30,14,-3,16,0,-11,0,0,-8,1,-72,8,-22,-4,-7,-18,0,-6,-33,10,-22,10,2,-1,-21,-7,-8,-19,-1,18,-5,39,47,4,1,-2,0,0,0,-26,26,-24,0,0,-73,25,-49,-4,0,-3,30,6,0,0,-1,16,-30,0,-26,-10,23,-33,-25,-15,-21,-52,0,32,0,-3,-42,0,-37,-6,0,2,-35,22,0,0,1,-10,-35,24,22,22,-4,0,-22,-32,40,-5,-51,18,0,-31,-4,1,4,10,1,25,-23,36,75628,0,100
-50,-1,-8,-71,3,-7,0,-28,27,14,-66,4,-4,-50,0,2,17,27,21,32,17,49,0,-99,0,2,-18,8,-50,0,0,-1,1,0,30,-7,0,-42,0,0,-14,1,0,-30,0,0,0,-4,-30,21,-2,1,-38,0,0,-2,19,0,-29,30,12,12,14,-12,-58,-16,0,-78,0,-6,9,-11,2,0,3,27,0,-6,0,0,-38,23,0,2,0,0,-21,35,-2,-14,-25,8,9,-45,-41,0,-17,0,-21,-44,-16,0,-32,5,-29,16,0,-43,-12,-50,-2,-11,0,-21,0,5,-46,-13,0,12,0,0,-65,1,6,9,12,40,14,45,0,11,0,22,-22,0,-58,27,-26,-9,0,4,3,-45,-27,11,-13,-5,2,-1,-32,-6,-2,-1,2,-1,-19,25,9,-44,0,-44,0,0,1,-40,29,-22,0,0,-93,29,-37,-8,1,-12,22,-44,17,-7,-30,25,-58,0,-35,-5,-22,-19,-16,31,-43,-71,0,18,-1,-2,-34,0,-7,-20,2,1,-25,-11,0,1,1,-30,-19,27,7,52,9,0,-25,-26,-21,-35,-35,6,0,-13,-19,0,0,-9,0,30,-25,24,75663,0,100
3,1,25,-78,11,-7,0,5,-11,44,-32,37,-2,-28,0,-3,24,46,22,51,19,26,0,-38,0,33,-33,-13,3,0,0,0,0,0,19,-2,0,-52,0,0,14,0,2,-18,0,2,0,-27,-19,11,23,1,13,0,0,-40,19,0,-69,27,17,35,44,-15,-35,-15,0,-45,1,-11,18,25,2,0,-39,33,0,-4,0,0,3,33,0,6,0,0,5,51,0,-14,-28,-25,-22,-49,-25,1,-60,0,-14,-52,32,0,-54,-26,-13,71,0,-32,8,8,0,-15,0,54,0,6,-34,-1,0,2,2,0,-68,2,-13,6,8,52,-5,49,0,7,-1,16,-4,0,-40,36,-23,-3,-6,14,5,-34,-28,-1,-24,-12,3,-2,-51,-4,-3,-35,1,0,3,29,38,-29,1,-16,0,1,1,-55,-10,-17,0,0,-42,-12,-33,-7,2,-5,56,-28,1,2,-10,37,-76,18,-25,-2,6,-39,-27,-4,-50,-76,0,70,0,-1,-57,0,-7,-31,0,1,-26,-14,0,0,3,-68,-40,46,-52,30,1,1,-2,2,55,24,-33,8,0,-7,-60,0,0,1,0,18,-29,31,75685,0,100
1,-1,17,-79,10,-32,0,52,-2,24,-60,-36,17,-58,0,33,9,42,30,51,-5,-28,0,-72,0,-2,-9,45,4,0,0,0,0,0,11,-1,0,-48,0,0,-2,2,2,10,0,3,0,-32,9,14,-12,2,30,0,0,-51,-3,0,-39,30,7,-36,28,0,-61,-11,0,-65,1,-10,25,19,-11,0,-52,51,1,-31,1,0,-12,52,0,29,0,0,11,42,0,-3,-42,-55,-23,-21,0,0,-36,0,-18,-49,33,2,-25,-54,16,63,3,-51,-7,-18,0,-10,1,25,0,5,5,0,0,38,2,0,-80,2,42,3,24,61,6,57,0,5,0,-37,-52,1,-20,31,16,-2,0,-24,5,6,-57,29,-32,3,-1,1,-89,0,0,-55,0,2,-46,36,87,12,0,-30,0,0,0,-43,14,-20,-1,0,-69,10,-34,-6,1,-1,24,14,13,2,-15,38,-44,15,10,36,12,-52,-62,10,-82,-78,1,61,3,-4,-27,0,-11,-13,0,2,-57,0,0,-1,2,-37,-52,44,-2,-24,3,1,-7,52,29,4,-30,17,0,-18,-36,2,5,32,0,15,-41,37,75688,0,100
2,20,-6,-65,11,-26,0,36,3,28,-90,-9,20,-10,-1,22,-11,55,36,8,23,41,0,-36,0,-6,-13,14,0,0,0,-1,0,0,52,-16,-1,20,0,0,3,2,0,-34,0,0,0,-18,-33,5,29,1,0,0,2,-34,25,0,4,41,30,-11,28,-9,-92,-25,0,-30,1,-33,22,-4,-4,0,-44,39,1,-20,0,0,-28,42,0,37,0,0,-10,6,-2,-15,-55,-5,-17,-19,-47,1,-55,0,-2,-45,40,0,-54,-6,-48,31,1,-12,-18,-35,-2,-17,1,31,0,8,-17,-19,0,20,-1,0,-74,3,13,-16,21,39,17,45,0,-15,1,31,-46,-2,-45,42,-13,-5,-5,-26,6,-12,26,2,-14,-6,3,2,-100,-4,-5,33,0,21,-41,35,36,-44,2,-30,0,0,1,19,2,-20,-1,0,-37,0,-25,-8,1,-13,42,-46,-11,-2,-27,49,-60,5,-16,22,-3,1,-63,11,-100,-64,0,35,1,-2,-54,0,-48,-11,0,2,27,-4,0,0,5,3,2,54,40,42,1,-4,-26,37,33,2,-21,28,0,-52,-57,-1,4,18,-1,52,-55,40,75706,0,100
6,28,46,-25,-1,10,0,-25,14,0,-24,-28,71,-38,-1,-28,-12,35,-5,-19,65,15,0,-100,0,-21,-4,-19,-2,0,0,1,0,0,71,-41,0,-5,0,0,-13,1,0,8,0,2,0,0,8,0,-69,0,-30,0,3,45,58,0,-5,14,18,-18,10,24,-38,-35,0,-52,3,-29,13,55,3,0,36,38,1,21,1,0,-76,34,0,65,0,0,52,-20,1,-52,-50,-18,-24,-17,-36,0,5,0,-9,-41,82,2,37,-19,-33,43,1,-47,-7,-72,0,-3,-3,28,0,8,-62,-46,0,-22,3,0,-47,2,-16,62,-3,-7,-51,-6,0,64,1,8,-54,0,-56,61,-14,-13,14,-23,4,-66,-39,-54,6,3,5,-3,-34,-18,15,21,-1,33,-50,-5,79,79,4,-36,0,0,3,-28,-81,-58,-1,0,-100,-69,-49,12,1,20,22,84,-26,-18,-29,56,-35,1,-4,-30,51,-6,-85,21,-39,-35,-2,41,0,-1,24,0,29,-4,0,3,-38,12,0,-3,8,-1,-13,36,58,12,-3,0,-66,-29,28,20,-57,44,0,18,18,1,4,14,1,70,-46,-7,75724,100,100
-44,-14,-20,-65,12,-16,0,20,66,8,-48,-12,23,-37,0,9,33,-67,37,63,14,-11,0,-91,0,-19,-42,52,-41,0,1,-1,-2,0,38,-22,-1,-83,0,0,58,0,0,-51,0,0,0,-24,-51,3,23,3,-26,-2,0,-14,10,0,-31,62,26,-11,5,1,-51,-15,0,-73,3,-7,6,-20,0,0,1,30,0,-19,-2,0,-22,28,0,6,0,0,-12,67,-2,-31,-18,-61,-18,-35,-58,0,-63,0,-35,-61,24,1,-52,-68,-45,24,1,-48,-28,-3,-3,2,0,24,0,11,-31,-18,0,20,0,0,-85,3,58,15,35,23,40,32,0,14,-1,61,-84,0,-47,47,-11,-3,-57,-13,6,-36,-31,-33,-20,-26,5,-1,-96,-11,-58,-36,-1,-17,-94,33,39,-57,5,-20,0,0,1,-100,37,-56,0,0,-91,36,-5,-1,2,-34,58,-58,32,7,3,39,-78,50,-16,4,-13,-22,-30,69,-100,-80,-1,24,0,-3,-83,0,33,-39,-1,3,-26,-22,0,-1,3,-31,-26,-69,-38,-6,5,-5,-28,29,28,-19,-4,27,0,21,-61,-1,0,22,0,37,-16,31,75798,0,100
-34,30,24,-57,2,-14,0,-12,0,26,-43,21,32,2,0,17,5,57,11,15,-5,2,0,-57,0,-20,-5,30,-30,0,1,-2,-1,0,71,-10,1,-8,0,0,-16,0,0,9,0,-1,0,-42,13,-6,-48,1,-4,-1,2,-83,-8,0,2,30,13,22,20,-13,-43,-43,0,-22,1,-40,33,22,5,0,-71,33,1,-14,0,0,-19,30,0,25,0,0,2,15,0,-60,-35,-49,-41,-31,-43,0,-39,0,-2,-63,43,0,-13,-54,-35,13,-3,-19,-52,-21,0,-13,0,98,0,7,-31,-10,0,-8,0,0,-37,4,37,2,14,39,30,34,0,4,1,58,-41,-2,-79,23,-12,-10,-33,8,3,-33,-36,10,-42,-4,1,4,-54,-2,-37,-9,-1,27,-52,56,74,-11,5,-30,0,-1,2,-52,27,-26,-1,0,-56,31,-57,-8,0,-22,46,-14,10,-5,-25,9,-71,47,-9,6,2,2,-72,-9,-58,-61,0,9,0,0,-27,0,-66,0,0,1,-36,22,0,-1,3,2,0,52,23,0,7,-8,-55,-11,100,-19,-64,22,0,-76,-44,-1,1,18,0,73,-34,57,75805,0,100
3,23,-4,-54,8,-35,0,52,18,4,-28,-25,48,-3,0,10,20,46,2,48,20,0,0,-61,0,-74,-19,46,4,0,1,3,0,0,21,13,0,-65,0,0,-21,1,0,-28,0,2,0,-77,-26,-8,10,2,-14,0,0,-44,20,0,36,36,13,-25,6,-5,-28,-8,0,-52,3,-22,-10,3,0,0,-35,27,0,-35,1,0,-58,32,0,33,0,0,74,48,0,-54,-52,-28,0,-14,-50,0,-47,0,13,-29,29,2,-39,-32,-36,52,-1,-6,36,-52,2,-1,-2,52,0,4,13,15,0,78,3,1,-62,1,46,21,4,73,-7,69,0,22,0,9,-16,2,-62,41,13,0,-38,-14,2,13,-28,14,-64,-31,0,-2,-58,0,-28,-20,0,22,-12,16,40,21,2,-29,0,0,1,-64,28,-14,0,0,-72,29,-51,0,1,-37,44,20,21,9,-28,40,-35,11,9,9,77,-65,-19,16,-67,-48,1,52,0,-2,-47,0,-11,-20,0,2,-31,0,0,0,4,34,-65,45,-91,5,1,4,-54,49,51,-9,-54,17,0,4,-44,2,4,12,0,18,-50,15,75812,0,100
-20,14,52,-80,0,16,0,-37,-34,26,-26,25,63,-92,1,4,69,50,14,-26,22,12,0,-58,0,-58,-7,-11,-19,0,2,2,4,0,18,27,0,-64,0,0,-2,2,0,71,0,1,0,-21,71,11,-28,1,32,0,0,18,22,0,-48,50,-10,30,32,9,-47,-41,0,-34,0,-39,5,54,-1,0,26,0,1,14,0,0,-63,1,0,19,0,0,2,-12,1,-16,-27,-20,-40,-21,-22,0,-15,0,-7,-55,58,1,1,-30,-21,88,0,-95,3,-41,0,-21,-1,47,0,2,6,28,0,69,1,-1,-56,2,-15,-8,-17,79,2,83,0,-4,0,0,8,0,-6,10,-7,-25,0,-29,1,0,-15,-17,-26,0,4,-3,-3,-8,-13,-82,-2,14,5,33,85,-34,4,-25,0,0,2,-81,5,-17,0,0,-66,10,-42,2,0,-28,39,-37,28,-30,1,2,-43,19,-11,16,7,-36,-52,-22,-3,-88,-1,89,1,-2,13,0,-28,-9,0,1,-17,13,0,-1,2,-52,-36,48,-100,8,1,2,1,-34,55,-13,-49,16,0,-21,-12,4,2,33,2,19,-25,37,75822,0,100
23,-19,4,-70,10,-19,0,26,27,5,-61,29,28,-63,0,-1,40,-21,43,32,19,24,0,-13,0,3,-33,35,21,0,3,0,0,0,36,5,-1,-100,0,0,2,2,0,-4,0,0,0,-12,-4,25,9,2,0,-2,1,-87,19,0,-21,46,23,25,9,0,-60,27,0,-19,3,16,15,14,-13,0,-80,24,1,-15,0,0,-2,25,0,4,0,0,3,21,0,-34,-3,-56,-6,-31,-73,0,-57,0,-32,-44,23,2,-20,-52,-58,30,0,-39,14,-12,0,-18,-1,5,0,8,-12,3,0,12,0,0,-64,0,30,26,1,1,21,-2,0,31,0,39,-36,0,-44,30,-6,-6,1,12,5,-13,-11,6,3,-11,0,2,-100,2,1,-51,0,-12,-33,22,46,-17,1,-37,0,3,2,-74,28,-15,-1,0,-14,30,-20,-1,4,-5,36,-15,-2,-5,-27,38,-57,32,-12,-5,3,-65,-30,31,-100,-73,0,34,0,-5,-32,0,9,-46,-2,3,-11,-23,0,0,3,-18,-66,-18,49,28,12,0,-22,27,3,22,-22,14,0,10,-58,1,2,11,0,38,0,19,75860,0,100
-35,7,46,-51,1,-3,0,-15,31,13,-42,-31,48,-42,0,-5,-12,30,25,-8,43,12,0,-44,0,-1,-44,-2,-31,0,0,0,-2,0,57,-16,2,37,0,0,9,1,1,52,0,1,0,-19,52,-1,-5,0,-22,0,3,14,38,0,-9,37,11,-31,13,0,-43,-46,0,-48,0,-41,33,48,3,0,27,22,0,-4,0,0,-52,19,0,32,0,0,26,-5,0,-54,-39,-16,-31,-15,-52,0,-25,0,7,-43,54,1,-15,-17,-58,33,0,-52,-16,-37,0,-9,-1,-41,0,1,0,-14,0,29,2,-1,-74,1,5,-26,-24,-30,1,-17,0,-25,0,0,-42,0,-72,2,-15,-6,-6,2,1,-6,-10,-2,-15,-10,4,0,-41,-3,-8,-30,0,6,-52,36,37,-20,2,-52,0,0,2,9,19,-56,1,0,-38,24,-45,1,0,-19,44,-19,33,-2,-44,0,-48,-6,-11,-12,24,-28,-41,26,-45,-61,0,35,1,-3,-17,0,-35,-39,2,2,-6,5,0,0,2,-8,-32,29,64,9,-7,0,-13,-9,-40,-11,-43,11,0,-49,-23,1,2,11,0,58,-39,37,75917,0,100
-30,-3,5,-70,14,-29,0,41,0,9,-60,-50,57,-31,0,7,-57,25,29,38,9,35,0,-58,0,-30,-20,25,-36,0,1,1,-1,0,52,20,1,22,0,0,-5,2,0,-68,0,2,0,-36,-71,-17,6,3,33,0,2,-76,1,0,-18,27,13,-40,15,-11,-65,-25,0,-70,0,-27,34,0,29,0,-65,45,3,-36,1,0,-73,42,0,52,0,0,12,54,0,-5,-58,-27,20,28,-47,-2,-28,0,-9,-70,36,3,-2,-26,-44,81,-5,-26,29,-74,1,-1,-1,15,0,3,1,16,0,95,2,2,-68,2,31,30,13,16,-13,25,0,23,0,55,-39,0,-25,49,-9,-12,-10,-33,1,0,-30,-23,-47,80,9,1,-42,-18,-3,-23,-2,-4,-40,0,24,-52,3,-37,0,2,0,34,-20,-48,-1,37,-65,-10,-70,-10,2,-24,57,-55,-7,0,-34,47,-50,-11,-28,20,16,-45,-64,23,-60,-78,0,79,2,-1,10,0,-67,-22,0,2,-25,5,0,-1,0,-23,-50,25,-73,32,-1,3,27,51,5,-1,-72,43,0,-64,-28,3,1,28,1,51,-56,0,75972,0,100
23,2,49,-40,19,8,0,8,17,8,-13,-24,43,-29,0,25,17,37,28,28,2,-4,0,-25,0,-30,-11,-24,20,0,3,1,-4,0,66,-16,0,-54,0,0,-8,2,0,-1,0,0,0,-34,-1,-3,-5,0,26,0,5,36,-1,0,-28,51,10,-27,7,0,-8,13,0,-41,3,17,18,46,25,0,44,36,1,12,1,0,28,34,0,37,0,0,21,25,1,-46,-27,-28,-42,-6,-9,2,-30,0,-13,-72,46,2,24,-33,-11,36,-8,-32,22,38,3,2,0,-47,0,7,-20,-15,0,-23,2,0,-64,0,-25,-17,22,14,19,14,0,-14,0,-2,-31,3,-41,28,-5,-8,26,-8,3,-24,-58,17,-24,-1,6,5,-33,-3,24,-28,0,0,-40,23,3,-22,1,-12,0,0,4,-62,18,-39,0,0,-18,27,-36,-2,0,-24,62,-20,20,2,-15,31,-72,-8,-7,24,18,-41,-22,12,-30,-45,0,33,-1,0,15,0,18,-10,2,3,-57,18,0,0,7,-29,-46,35,22,-2,0,4,-43,7,-47,-29,-34,28,0,14,-26,3,-1,5,1,68,-27,18,76092,0,100
-69,-6,8,-52,11,-12,0,2,26,28,-31,-3,27,-46,0,29,46,25,46,22,28,60,0,-89,0,-44,-15,22,-75,0,4,2,0,0,52,-13,0,-47,0,0,19,3,0,-31,0,1,0,-20,-31,6,-10,1,-5,-1,4,-7,32,0,-55,18,16,2,29,-1,-33,40,0,-20,2,39,34,9,6,0,-4,37,2,-6,-1,0,8,41,0,19,0,0,15,29,0,-28,-12,-17,5,11,-21,0,-48,0,-22,-64,12,0,-52,-16,-21,69,-5,-40,-8,3,1,-4,-2,44,0,7,-22,-15,0,11,2,2,-82,1,21,-11,26,-6,4,-16,0,-15,1,56,-34,4,-48,46,-31,-11,10,9,2,-21,-1,-12,-12,-30,6,0,-42,-9,10,-14,0,-5,-27,17,66,-47,1,0,0,2,4,-46,17,-34,0,0,-93,13,-28,-5,1,-27,60,-46,-60,1,-3,44,-72,17,-30,18,17,-41,-46,22,-52,-54,1,71,0,-1,-50,0,-17,-18,0,3,-3,-8,0,0,4,-55,-42,25,-51,56,6,4,-4,-7,43,13,-30,26,0,-14,-51,5,0,8,1,52,-10,19,76100,0,100
-45,3,22,-27,0,-17,0,-17,7,18,-55,-18,64,-28,0,3,-13,6,17,3,20,0,0,-86,0,3,-37,-23,-43,0,3,2,2,0,58,-6,0,-27,0,0,-52,3,1,-5,0,4,0,5,-6,18,-13,0,-13,0,2,-14,21,0,-7,34,11,-7,19,9,-48,-16,0,-47,0,-28,29,34,-5,0,-8,11,0,-18,-2,0,-64,16,0,20,0,0,24,6,0,-44,-20,-22,-12,16,-52,0,-56,0,-3,-58,66,3,-32,-32,-48,65,4,-15,-24,-56,0,-4,0,22,0,2,16,-6,0,20,1,1,-68,0,-27,-17,-24,-4,4,-3,0,-17,0,6,-73,2,-88,18,-18,4,0,8,0,15,-14,22,17,6,0,6,-32,1,-4,0,0,4,-69,29,20,34,4,-50,0,1,1,-7,11,-74,0,0,-80,9,-76,-3,0,-4,45,36,20,10,-45,16,-50,0,-23,-9,28,-52,-33,2,-45,-39,0,68,0,-2,-32,0,-48,-40,1,3,-13,11,0,0,2,-8,-54,7,41,0,2,3,-69,-20,22,-16,-74,-4,0,-35,-58,3,3,10,0,55,-17,29,76107,0,100
-24,0,-1,-22,4,-17,0,11,58,17,-22,-6,58,-28,0,-16,38,31,20,47,22,-14,0,-70,0,-13,-17,-12,-20,0,2,3,0,0,33,8,0,-52,0,0,-41,1,2,13,0,2,0,-22,12,0,9,1,4,-1,0,-42,23,0,-8,41,12,-13,22,18,-10,-6,0,-27,2,-8,23,3,3,0,-42,20,2,-12,-2,0,-70,17,0,31,0,0,-9,37,0,-2,-30,-17,-11,-8,-30,1,-45,0,2,-62,43,1,12,-27,-21,50,0,-17,-20,-60,1,-8,-1,50,0,3,-4,5,0,78,1,1,-60,1,-17,1,10,17,-28,4,0,3,0,22,-45,3,17,13,8,-1,0,-19,1,-5,-25,16,-25,60,4,3,-97,-2,5,10,0,1,-27,20,34,1,4,-27,0,1,1,-40,-10,-8,0,0,-60,-11,-34,8,0,-31,42,0,12,4,-36,19,-37,-25,9,-21,-8,-10,-11,55,-96,-23,0,52,1,0,5,0,0,-22,2,3,-30,18,0,0,5,-8,-16,32,-45,-7,2,1,-49,0,52,-28,-24,10,0,-1,-41,4,0,15,0,30,-28,22,76116,0,100
1,22,0,-54,10,-21,0,43,2,39,-57,-41,47,-20,0,40,-70,32,40,55,7,36,0,-74,0,-19,-22,-10,-11,0,3,-1,-2,0,71,-24,1,-28,0,0,1,1,0,-39,0,1,0,-42,-37,4,-52,0,-17,0,3,41,10,0,-19,40,27,-42,36,15,-63,14,0,-46,3,16,14,4,12,0,52,41,0,-21,-1,0,-35,35,0,50,0,0,26,55,0,0,-16,-48,-27,-40,-50,0,-17,0,-27,-40,38,2,-5,-54,-51,62,1,-25,-60,-7,0,-14,0,-2,0,8,24,-20,0,70,2,0,-78,2,-8,15,33,18,11,21,0,20,0,22,-58,1,-36,14,0,5,18,-19,6,24,-38,-3,-41,23,5,3,-80,-9,9,-6,0,20,-70,33,80,12,4,-37,0,0,4,-46,-6,-25,0,0,-68,6,-57,0,0,14,57,13,-20,23,-26,22,-52,3,0,46,22,-13,-65,-4,-84,-75,1,62,-1,-1,-18,0,16,-23,0,1,-39,3,0,0,7,-22,-14,29,36,35,-7,-2,-50,41,0,6,-64,29,0,19,-15,0,0,11,0,74,-15,30,76157,0,100
43,25,30,-50,0,-8,0,10,4,21,-35,18,67,-36,-1,-4,6,42,7,-18,34,4,0,-92,0,-47,-34,0,50,0,2,-1,1,0,49,-38,0,-31,0,0,-49,1,0,-32,0,2,0,-15,-31,25,-44,2,-15,-1,2,-9,34,0,39,21,16,25,17,17,-32,-7,0,-31,1,7,12,30,-1,0,-6,24,0,-5,-1,0,-54,21,0,45,0,0,23,-16,1,-51,-33,-24,-38,-25,-25,1,-16,0,-13,-60,62,2,-47,-31,-21,-3,8,-48,-4,-58,0,-11,0,19,0,8,-41,-44,0,-9,0,0,-67,1,0,21,37,47,-5,46,0,19,1,-5,-66,0,-38,-7,-8,0,-13,-35,4,-39,-40,-1,-18,-1,6,1,-45,-10,-14,0,0,22,-67,50,56,4,4,27,0,-2,0,-58,-7,-45,0,0,-87,-7,-69,7,0,5,49,4,-75,6,32,-2,-55,2,-12,-13,21,-8,-37,0,-54,-58,0,0,-1,-1,-58,0,33,-32,0,3,-39,12,0,0,6,36,-12,40,30,2,-2,-5,-52,6,24,12,-63,12,0,36,-21,-1,3,9,0,54,-33,50,76199,100,100
-3,11,28,-54,8,13,0,-8,-17,39,-23,29,58,-25,-1,-24,2,27,18,-25,58,21,0,-65,0,3,-18,-20,2,0,2,1,0,0,51,-15,0,-44,0,0,-21,3,1,13,0,3,0,-23,14,6,-17,1,-7,-2,2,-16,54,0,-3,17,14,24,39,23,-28,-29,0,-55,0,-29,27,29,5,0,-14,37,2,16,-1,0,-46,37,0,42,0,0,33,-29,1,-17,-33,-29,-54,-41,-7,-1,-33,0,-6,-68,80,3,-4,-39,-6,33,2,-25,-6,-18,1,-4,0,31,0,4,7,-8,0,-23,2,0,-76,3,-23,14,24,39,-37,25,0,13,1,46,-31,1,-36,46,-11,3,14,-15,1,5,-31,-55,-12,67,5,-3,-30,-7,11,10,0,10,-32,21,56,11,4,13,0,1,0,-45,-24,-19,1,0,-74,-26,-14,5,1,2,38,14,11,12,14,40,-43,16,-13,-27,34,-32,-54,-23,-33,-64,1,28,1,-2,-23,0,-8,-18,0,4,-36,13,0,0,4,-4,-34,28,44,27,1,1,-29,-12,31,2,-14,23,0,-1,-31,2,3,29,0,50,-33,18,76201,100,100
-20,15,-2,-66,7,-38,0,28,21,-10,-78,-48,58,18,0,19,28,26,52,30,9,55,0,-81,0,-36,-17,49,-23,0,1,-3,-1,0,70,-1,1,-32,0,0,-17,0,0,-21,0,2,0,-13,-22,7,-14,2,-13,-1,2,-65,11,0,16,47,27,-40,-8,8,-93,-27,0,-70,0,-44,29,6,8,0,-58,18,1,-34,-2,0,-62,20,0,27,0,0,-2,32,-3,-52,-35,-35,-14,-52,-56,2,-46,0,-9,-45,51,3,-56,-36,-58,-15,2,14,-9,-55,-3,-13,-2,-25,0,7,-42,-2,0,-30,0,-1,-87,4,52,-35,18,13,17,22,0,-36,0,25,-56,-3,-61,-1,-3,-7,-12,-12,3,-43,-1,-30,6,-15,1,0,-17,-1,-14,12,-1,19,-51,10,76,-1,6,-23,0,-1,2,-38,26,-81,0,0,-79,22,-60,0,0,-15,48,1,-82,-7,-19,9,-62,12,-7,9,0,0,-75,26,-17,-74,0,-14,0,-3,-72,0,-20,-19,0,2,0,-6,0,-2,4,18,2,27,35,56,9,-13,-76,29,-22,10,-61,20,0,-33,-52,-1,2,36,-2,70,-30,9,76210,100,100
-21,55,-16,-66,0,2,0,-12,-6,-15,-58,1,65,-48,0,-33,-8,38,10,-5,50,-10,0,-99,0,21,-6,-8,-26,0,0,-2,-3,0,78,-58,0,4,0,0,1,1,0,18,0,0,0,-50,13,17,-28,0,-17,-1,2,45,43,0,35,13,3,-2,-13,-22,-70,-49,0,-60,2,-58,16,6,-4,0,46,20,0,11,0,0,-65,38,0,32,0,0,2,-5,0,-68,-48,-23,-49,-21,-45,0,-5,0,3,-35,74,0,-45,-46,-51,32,-4,-43,-24,-58,0,-1,-1,-4,0,8,-58,-55,0,-14,1,0,-70,4,-21,-16,-25,5,-30,-3,0,-10,2,36,-20,0,-71,24,-12,-14,-58,-46,5,-58,-44,-36,-37,-17,3,9,-47,-6,-67,-45,-2,58,-15,45,50,-50,4,-47,0,0,3,9,-6,-37,-1,0,-100,7,-5,-15,0,-4,5,-52,-7,-12,-50,34,-10,22,0,-33,22,47,-100,-9,-37,-72,-4,36,1,-5,-47,0,45,-11,0,1,-44,27,0,-2,7,35,39,39,64,-10,2,-5,-58,-15,-11,2,-13,15,0,55,2,-2,5,-19,0,74,-48,43,76331,100,100
5,-11,0,-100,34,-22,0,62,0,75,-71,11,-2,-9,1,-37,22,24,37,73,-24,26,0,-21,0,-34,-12,10,-2,0,-1,-1,0,0,31,4,1,-79,0,0,6,0,0,2,0,0,0,-54,2,8,-10,2,-76,0,0,-44,-26,0,-76,38,4,14,86,-6,-57,56,0,-5,1,39,61,-2,15,0,-18,24,0,-29,-1,0,-14,17,0,3,0,0,5,77,1,-17,-11,-21,-40,26,-31,0,-51,0,-41,-71,49,0,-70,-11,-26,85,-1,-4,-18,2,0,-7,0,-48,0,6,-40,8,0,75,1,0,-50,1,15,48,-17,39,1,30,0,51,-1,1,24,0,-27,52,-25,1,12,-44,2,-37,-22,-65,-43,-22,-1,-5,-75,-4,7,-58,-2,-4,10,32,55,-34,3,-12,0,0,3,-95,26,-5,0,0,-32,28,-38,-8,0,-6,35,-29,21,10,-11,47,-58,33,-27,-36,0,-6,-85,11,-86,-100,-4,85,1,-6,-66,0,30,-16,0,0,-28,-32,0,0,2,-70,-2,28,-58,30,9,-2,-9,61,-51,9,-34,21,0,27,-43,0,5,13,1,28,-4,33,76388,0,100
-17,45,52,-16,0,-26,0,-10,-22,-14,-66,-29,80,-56,1,14,-19,17,19,-10,66,17,0,-47,0,-7,22,-18,-24,0,2,5,-2,0,67,10,1,-9,0,0,-10,2,0,41,0,3,0,-10,40,4,-7,3,-6,0,2,18,64,0,5,20,6,-27,-12,1,-60,-58,0,-48,2,-49,-4,50,4,0,20,23,1,-20,1,0,-58,17,0,22,0,0,42,-12,3,-18,-32,-9,-25,17,-14,1,-30,0,-4,-42,80,3,-25,-11,-16,81,-10,-52,-11,-71,2,-11,0,81,0,3,0,4,0,45,2,2,-28,2,-23,-8,-17,14,11,13,0,0,2,36,-28,3,-11,20,-27,-5,0,-30,3,-7,-13,-12,-23,-1,-1,-4,-100,-6,19,16,-2,41,-34,-15,17,16,3,-10,0,3,3,0,25,-66,-2,0,-42,39,-39,-3,2,0,35,17,46,11,-11,4,-38,33,-37,19,38,-5,-68,-34,-100,-25,0,86,4,-1,-27,0,-49,25,0,5,-15,21,0,-1,7,5,-7,16,44,21,-3,10,-28,-14,81,-8,-33,4,0,-63,-21,7,2,10,3,72,-28,-13,76396,0,100
44,-15,10,-62,3,-24,0,88,49,54,-56,-33,85,8,1,-6,63,-52,65,47,0,26,0,-80,0,-29,-11,21,30,0,5,7,0,0,49,21,0,-100,0,0,75,1,3,21,0,3,0,-23,22,35,-6,3,-17,0,2,-100,2,0,-92,56,20,-24,57,19,-62,-21,0,-73,3,-21,16,19,-2,0,-72,-5,4,-34,2,0,-24,3,0,-40,0,0,-11,54,4,-46,36,-1,14,23,-63,0,-91,0,-67,-63,52,1,-66,0,-31,85,-6,-6,-7,-23,4,10,0,75,0,8,-10,23,0,85,4,2,-72,1,29,29,2,22,56,29,0,36,0,32,-5,4,-58,2,-8,-7,-32,-15,4,-10,-27,-21,0,56,9,-14,-18,-16,-39,-47,-1,-13,-2,-9,100,100,2,-43,0,2,6,-100,39,-51,0,0,-82,30,-26,-5,4,2,46,100,-5,16,-4,8,-69,66,-14,-19,-3,-58,-29,62,-27,-55,1,76,2,0,-72,0,25,-10,0,2,-27,-49,0,0,3,-88,-60,-52,-58,25,4,14,-17,99,67,36,-27,19,0,30,-90,7,0,4,3,44,34,-16,76584,0,100
0,34,38,-23,9,-34,0,1,34,25,-48,-11,30,-5,0,9,-23,41,9,5,-10,12,0,-55,0,-31,-7,26,5,0,0,-3,-1,0,33,-7,1,-2,0,0,28,0,-1,-10,0,0,0,-28,-10,8,-43,0,-5,-1,2,-44,-7,0,31,16,17,-6,25,18,-52,-45,0,-39,0,-45,34,38,-2,0,-54,32,0,-35,-2,0,-46,33,0,44,0,0,0,9,0,-7,-41,-38,-41,-43,-39,0,-65,0,3,-44,29,1,-14,-41,-27,52,0,-5,-5,-36,-3,-7,0,32,0,3,24,-5,0,21,1,-2,-46,0,22,35,-11,-8,-4,9,0,30,0,61,-10,-2,-33,18,-15,6,-34,-38,1,25,-25,-5,-19,-9,2,-4,-2,-18,-34,-40,0,35,-12,23,16,-8,2,-39,0,0,0,-10,-29,-14,0,0,-71,-32,-66,12,-1,0,41,-6,-3,20,-19,38,-57,18,-22,8,2,-14,-64,24,-13,-40,-2,47,0,-3,-8,0,-58,-7,0,2,-19,20,0,-1,1,32,-13,39,-85,10,-6,-8,-36,16,32,13,-64,31,0,-55,-71,-3,3,22,-1,37,-42,22,76624,0,100
-45,-18,23,-58,15,52,0,-23,-1,-9,-29,57,16,-4,0,-52,51,-15,13,-24,18,5,0,-100,0,-35,-55,-35,-47,0,0,-2,-5,0,30,-30,1,-85,0,0,-30,0,-1,-19,0,0,0,1,-17,0,2,-1,-11,0,3,45,20,0,-30,34,20,61,-6,-6,-24,52,0,-5,3,54,-20,14,21,0,41,-16,0,49,-4,0,-6,-25,0,24,0,0,-44,-18,-2,-52,11,-21,-40,-70,-49,2,-14,0,-21,-84,28,0,-28,-17,-34,49,-4,4,31,-38,-2,-19,0,-30,0,9,-15,-40,0,-17,0,-1,-70,2,-34,-11,20,24,-29,22,0,-17,2,40,10,0,-58,58,-48,-11,-73,-22,7,-6,-8,-11,2,-7,7,3,-40,-15,-77,40,2,-16,0,79,-15,-48,4,-27,0,-1,3,-69,-44,-58,1,0,-92,-43,-23,7,-1,-20,38,-43,0,-12,-7,63,-69,7,-55,-44,-52,-9,-20,-7,-39,-60,-2,48,0,2,0,0,52,-56,-1,0,-11,17,0,0,11,-30,-10,-15,0,6,-4,-5,-85,-22,-37,-27,-20,-2,0,54,-8,-2,0,-18,0,31,11,78,76633,100,100
-43,17,28,-61,2,18,0,-9,3,1,-43,22,45,-41,0,-23,-3,28,18,-19,2,5,0,-70,0,-51,-26,2,-36,0,0,-5,0,0,47,-17,0,-18,0,0,3,1,-1,-18,0,1,0,-42,-20,11,-9,0,-29,0,2,-52,1,0,22,34,9,28,0,4,-41,-55,0,-28,0,-58,8,31,-16,0,-39,15,0,15,-3,0,-80,18,0,17,0,0,6,-18,0,-41,-30,-23,-31,-33,-60,1,-30,0,-3,-37,56,0,-9,-35,-56,26,3,-40,-41,-60,-3,-10,-1,-61,0,4,-20,-17,0,34,0,0,-72,1,3,-2,-12,-16,3,-4,0,-2,0,23,-64,-2,-57,54,-20,3,-37,-26,1,-20,-24,-15,-30,-2,3,6,0,-2,-37,-58,0,19,-68,49,71,-26,1,-57,0,0,1,-22,12,-51,1,0,-77,14,40,3,-1,-7,31,-25,26,10,-46,62,-65,14,-18,-27,9,-10,-64,1,-11,-72,-1,26,-1,-2,-3,0,-13,-28,0,2,-23,8,0,-1,4,23,-13,27,-44,6,2,-9,-29,-2,-61,-4,42,17,0,-20,-32,-1,2,-6,-1,47,-30,47,76684,0,100
-83,9,31,-31,0,-29,0,-29,18,0,-58,-23,12,-34,0,-6,-21,-1,43,0,7,44,0,-64,0,-30,-4,-16,-58,0,2,-2,-7,0,80,0,0,33,0,0,16,0,0,-30,0,1,0,-12,-34,12,28,0,0,0,3,17,9,0,4,45,21,-21,-2,-10,-47,-73,0,-66,0,-50,24,31,-16,0,25,28,0,-24,-2,0,-48,32,0,28,0,0,-9,-4,0,-22,-40,-28,-36,-11,-28,0,-35,0,-2,-73,6,1,23,-41,-41,42,-4,-45,-42,-50,-2,-3,-1,-49,0,2,-27,-3,0,-8,2,0,-64,1,-10,-32,9,-8,2,1,0,-25,1,34,-56,-2,-40,49,23,-10,35,-2,0,-25,-13,26,-19,-7,9,6,-38,-10,37,29,0,6,-60,-8,52,-27,2,-50,0,-1,0,-11,36,-36,0,0,-56,44,-69,-8,0,-7,64,-33,75,-5,-52,50,-72,29,29,-13,-1,-23,-54,19,-40,-34,-2,50,0,-3,20,0,-60,0,0,2,-10,-9,0,-1,0,-1,-31,-5,41,42,1,-5,-41,-29,-36,16,-61,15,0,-87,-31,-1,0,34,0,84,-41,-8,76694,0,100
11,47,32,-58,5,-13,0,-31,-8,30,-47,-31,46,-42,0,-39,-20,55,19,-19,18,0,0,-80,0,9,-24,26,11,0,0,-3,0,0,73,-26,0,-8,0,0,0,1,0,-16,0,0,0,-38,-16,22,2,0,-27,1,2,-71,22,0,35,31,16,-33,31,0,-52,-15,0,-28,0,-18,27,38,-7,0,-60,28,0,-9,0,0,-37,32,0,32,0,0,-3,-22,-1,-62,-45,-52,-24,-41,-47,0,-35,0,-11,-50,46,1,-4,-49,-52,7,0,-38,-74,-36,0,-6,-2,44,0,5,10,-25,0,66,0,-2,-73,3,32,11,-23,-14,13,-13,0,12,1,7,-39,-2,-44,13,0,-10,9,8,3,12,-28,-8,-40,21,5,6,-34,1,13,14,-1,50,-23,47,77,6,3,-47,0,-2,1,2,15,-47,1,0,-88,23,-27,-4,-1,8,28,2,-7,-7,-56,8,-60,23,-2,-43,4,-11,-52,-2,-34,-50,-1,13,0,-5,-5,0,-46,-26,1,2,-25,8,0,-1,3,32,-12,57,-100,1,2,-8,-62,-32,43,18,-26,14,0,-52,-35,-2,4,3,-1,73,-45,50,76709,0,100
-14,27,-22,-58,2,25,0,-52,-40,-11,-54,-50,56,-51,0,-51,22,35,-25,4,-40,15,0,-20,0,9,-36,-24,3,0,0,-2,2,0,71,-13,0,-24,0,0,-3,0,0,37,0,1,0,-44,36,10,-14,3,-38,0,3,81,-43,0,0,24,13,-42,-17,11,-60,-56,0,-39,2,-57,19,-15,-9,0,88,0,2,34,0,0,-29,-4,0,33,0,0,-20,0,1,-51,-38,-32,-19,-48,-51,1,-12,0,-10,-20,46,2,34,-38,-77,21,-4,-40,24,-47,0,-2,-2,38,26,7,-14,-22,0,51,2,0,-45,3,-35,-32,3,-2,-12,-8,0,-20,1,29,-74,-1,-47,82,-11,-21,32,-46,4,-13,-41,-1,-50,11,-4,3,-29,0,15,-30,-3,28,-81,22,25,-58,4,-40,0,0,2,-4,13,-44,-2,0,-12,20,-6,12,0,-20,0,-60,10,-27,-60,73,-42,42,-9,-51,-20,-7,-71,-47,-36,-74,-2,29,0,-4,35,0,12,-39,0,2,-40,17,0,-2,6,1,-8,35,-100,12,5,-5,-46,-68,43,-29,-12,43,0,23,-18,0,6,1,1,73,-33,22,76739,0,100
-34,21,29,-52,-4,-14,0,-9,9,0,-60,-6,76,-41,0,-54,-20,-81,-3,-13,18,7,0,-87,0,-7,-16,18,-27,0,3,4,12,0,44,10,2,10,0,0,33,3,1,-10,0,4,0,-17,-11,19,39,3,-7,-1,2,13,26,0,-2,24,15,-12,-9,10,-40,-97,0,-41,0,-92,22,29,4,0,24,14,3,-16,2,0,-64,8,0,49,0,0,31,-10,3,-9,-24,-29,-34,15,-55,0,-9,0,3,-48,58,4,-8,-33,-57,47,-1,-50,-26,-66,3,-4,0,-3,0,1,19,8,0,67,4,2,-29,3,20,-9,-20,-45,26,-43,0,1,2,67,-58,3,-9,67,-5,-8,28,-36,1,22,-14,11,-31,73,0,12,-27,0,29,23,-2,18,-62,-24,33,-77,3,-57,0,2,1,18,-5,-24,-2,0,-91,0,-13,5,3,-8,52,-78,22,-5,-62,33,-44,12,-10,-67,33,-30,-44,7,-39,-61,2,41,4,-2,-18,0,-50,-9,0,5,-10,17,0,-1,0,-4,-29,-83,61,4,8,7,6,-9,-1,-14,-12,57,0,-34,-24,5,1,-12,4,48,-26,-20,76756,0,100
-4,-9,-27,-85,6,-6,0,51,-6,19,-57,-1,67,-31,0,26,4,14,38,21,17,16,0,-54,0,-79,-33,-21,-7,0,1,0,0,0,46,-19,0,-52,0,0,-21,0,0,34,0,1,0,-26,38,-4,-25,3,-28,-1,3,29,18,0,-8,38,10,-2,19,0,-58,22,0,-64,1,9,21,-26,-10,0,19,9,1,-1,0,0,-37,4,0,61,0,0,8,28,1,-57,1,-36,-35,-7,-17,0,-50,0,-11,-40,43,2,-19,-31,-13,68,-4,-35,-58,-32,1,-29,0,-49,0,5,-8,-20,0,24,1,0,-78,3,-19,4,12,9,11,14,0,-4,0,43,-43,0,-79,-24,-28,4,13,-38,3,-1,-5,10,-22,21,-4,11,-40,12,21,-23,-3,-5,-50,22,33,15,3,-15,0,0,2,-58,-3,-33,-2,0,-67,2,-18,-6,0,-21,56,16,-100,21,-7,-13,-54,-38,-25,23,7,-25,-76,2,-54,-83,0,68,2,-6,4,0,39,-34,0,1,-2,12,0,-2,5,-7,-22,16,58,9,10,1,21,45,-50,-37,-14,38,0,36,-46,2,6,4,0,41,6,24,76899,0,100
30,-20,-6,-30,7,-19,0,9,11,19,-40,45,72,-47,1,-21,20,-15,17,-24,45,-24,0,-91,0,26,-42,6,48,0,5,3,13,0,76,-9,1,-91,0,0,-16,2,2,3,0,4,0,-14,0,25,-24,4,-14,0,0,58,49,0,-24,27,5,39,15,9,-31,-9,0,-18,2,-15,57,5,-15,0,54,-3,2,-7,2,0,-58,-4,0,23,0,0,0,-37,2,-4,-1,6,-38,-16,-9,2,-86,0,-30,-19,25,3,45,9,10,43,6,-36,42,-27,3,-16,-1,-39,0,4,-6,-5,0,3,3,2,-8,1,-1,12,13,61,2,45,0,13,1,51,-20,4,4,57,-4,-4,-36,-4,3,-10,-9,35,-4,33,-6,16,-9,24,-28,7,0,-19,-9,-7,100,16,1,9,0,3,2,-78,5,-1,-1,0,-78,11,-40,3,4,3,43,22,8,-11,22,46,-20,67,-4,-24,-5,-51,-55,11,-7,-30,0,52,3,-4,39,0,52,-42,1,3,-13,3,0,0,6,-21,-50,-14,-83,-17,11,12,-20,-5,-37,0,-40,28,0,57,-85,5,4,0,2,76,3,-6,76945,0,100
0,-16,-8,-41,-5,-2,0,-49,-1,-11,-46,-19,61,-27,1,-51,-7,-38,23,66,-21,50,0,-92,0,58,-40,-18,-18,0,1,3,5,0,49,-9,1,-48,0,0,7,2,0,12,0,3,0,4,22,5,0,6,-26,-3,5,10,-21,0,-13,43,40,-8,-14,19,-39,27,0,-46,2,6,2,-1,7,0,26,-58,5,0,0,0,48,-74,0,15,0,0,14,67,1,-67,21,-23,40,-22,-60,0,-73,0,-32,-79,68,3,-31,-36,-55,-40,1,-12,-42,52,1,-8,-1,46,0,9,-65,-14,0,32,1,-2,-58,5,-11,33,-22,15,6,5,0,24,0,48,-100,2,-66,99,-32,-5,4,-12,1,-63,-66,-68,18,-40,9,5,-56,5,-3,-62,-4,-14,-100,19,60,11,8,-58,0,1,3,-22,-11,-44,-1,0,-91,-11,-20,3,0,5,61,15,46,7,-55,94,-80,9,-49,-61,3,-99,-33,10,-94,-68,-2,-29,0,-4,-22,0,60,-47,0,3,-65,-13,0,-2,5,-12,-89,-38,-69,50,14,1,-26,-55,38,17,-24,46,0,86,-67,5,3,9,3,44,24,22,76982,0,100
23,-7,-2,-25,7,-4,0,9,-22,55,2,19,52,-6,1,-15,31,20,17,51,55,-95,0,-89,0,-47,-8,-9,21,0,0,2,3,0,47,12,0,-27,0,0,-56,1,2,78,0,1,0,7,75,46,-4,2,18,1,0,-30,57,0,-49,36,-5,33,52,12,-5,21,0,40,2,22,58,22,7,0,-30,0,1,-1,0,0,-44,0,0,-22,0,0,-38,56,0,50,2,10,-1,-85,-21,1,-58,0,-4,-31,34,2,-74,11,-11,92,-5,-6,-58,-48,0,-15,0,-62,0,7,-22,5,0,-6,1,2,-40,3,-13,25,-25,73,-7,60,0,12,0,-66,61,2,35,-24,-18,-4,-60,-23,4,-22,9,-4,21,65,3,-6,-14,-7,-52,54,0,-7,63,50,100,-50,1,-18,0,0,2,-32,2,6,1,0,-79,2,-6,4,0,2,43,-45,-56,7,-14,-36,-31,-7,-10,-24,-38,-24,-23,-23,-42,-8,0,95,0,-2,-65,0,60,-13,0,0,1,6,0,-1,10,-50,-27,18,-52,-100,5,5,-62,-12,-56,15,-15,-45,0,61,-65,4,4,13,1,46,5,50,77050,100,100
-12,2,20,-67,8,-12,0,29,-1,17,-75,-19,77,-20,1,33,5,28,48,60,25,43,0,-85,0,100,-57,9,-10,0,2,1,1,0,27,-16,0,-55,0,0,10,0,1,22,0,0,0,13,22,26,23,1,-6,0,1,-32,28,0,-10,30,18,-23,15,-5,-68,3,0,-67,2,3,42,22,-1,0,-8,29,1,-15,0,0,-30,30,0,26,0,0,6,51,0,-58,-41,-39,-37,-45,-58,2,-28,0,-10,-71,66,0,-58,-49,-48,20,5,-13,8,-34,0,-22,0,1,0,5,-2,-16,0,14,1,0,-71,4,11,-7,3,56,10,56,0,-4,0,3,-40,0,-64,30,1,-8,-1,17,1,1,-45,-24,10,0,0,8,-40,3,-7,-23,0,3,-35,29,89,-15,4,-37,0,0,1,-46,0,-63,0,0,-88,5,-100,-9,1,-13,48,-16,-32,-4,-27,36,-52,-2,-6,28,12,-23,-37,2,-38,-66,0,21,0,-2,-64,0,-2,-64,0,2,-47,-3,0,0,2,-11,-25,29,-3,49,7,0,-69,26,3,5,-100,16,0,7,-23,0,1,33,0,28,-42,30,113348,0,100
-40,0,1,-55,3,-34,0,64,-1,39,-74,-8,42,-9,0,6,-1,15,27,34,28,83,0,-57,0,40,-27,32,-38,0,1,-1,1,0,36,-3,0,-6,0,0,0,0,0,23,0,0,0,-15,25,23,-21,1,19,0,0,-77,28,0,-9,39,14,-14,38,-14,-72,-6,0,-82,2,-7,38,0,-5,0,-79,19,0,-33,-2,0,-29,17,0,45,0,0,-7,28,-1,-27,-32,-48,-52,-21,-67,0,-77,0,-1,-61,54,1,-81,-48,-63,13,2,-12,-21,-27,-1,-13,0,3,0,6,-8,-2,0,29,0,-1,-58,4,33,0,8,4,19,3,0,-3,0,31,-17,-4,-31,-24,-31,-3,-2,-14,2,-6,-11,1,-17,3,0,1,-55,2,3,-33,-1,0,-18,25,51,-17,5,-37,0,-1,1,-7,-4,-23,0,0,-66,-2,-24,-8,0,-12,58,-19,8,2,-36,-23,-48,-23,-38,5,-5,-33,-55,-2,-55,-62,1,12,0,-3,-81,0,-34,-27,0,2,-11,5,0,-1,0,-8,-36,15,49,86,0,-7,-24,62,5,9,-22,24,0,-34,-76,-1,3,24,-2,41,-31,26,138814,0,100
-3,-29,32,-68,11,6,0,37,11,51,-45,-9,58,-7,1,-21,71,31,28,77,24,64,0,-86,0,6,-35,-10,-44,0,1,1,5,0,62,21,2,-72,0,0,35,0,1,-17,0,0,0,-37,-16,32,8,4,10,0,2,22,42,0,-74,65,5,-1,58,1,-28,80,0,-15,3,89,28,36,5,0,39,47,3,-2,0,0,-22,60,0,14,0,0,22,58,4,-27,-31,-15,-34,-38,-19,1,-29,0,-45,-95,32,0,-48,4,-24,95,1,-18,2,-43,2,-3,0,13,0,13,-63,27,0,-60,3,0,-93,2,3,-21,12,22,6,9,0,-32,-1,68,14,5,-9,78,-24,-15,17,30,5,-52,-20,-40,-16,-6,6,9,-100,-1,9,-24,0,-26,12,22,94,-69,4,-6,0,2,6,-100,-9,-6,0,0,-88,-5,-46,5,2,-21,55,-69,-2,-6,-11,85,-89,46,-26,-16,33,-54,-28,7,-100,-75,-1,82,1,-2,2,0,54,-33,1,1,-23,-15,0,0,9,-77,-58,29,45,64,11,5,31,34,7,18,-49,49,0,79,-21,4,5,33,3,65,-36,18,144096,0,100
-16,-9,-8,-94,4,0,0,-37,72,21,-62,25,42,-57,-2,6,42,65,38,14,-67,65,0,-48,0,21,11,2,-12,0,2,5,0,0,13,23,0,-35,0,0,13,1,3,-34,0,2,0,-45,-34,3,44,4,-5,0,1,35,-66,0,-35,49,15,21,24,-16,-66,-47,0,3,9,-65,38,-1,-10,0,42,9,0,0,0,0,-30,17,0,1,0,0,-7,5,-2,-38,-25,0,-4,-79,-16,1,-37,0,-4,-48,47,4,-22,-5,-13,97,-4,-49,-15,-34,4,-23,-1,-48,0,11,19,23,0,25,4,-3,-42,2,4,-32,-31,4,40,0,0,-30,3,64,-15,0,-57,34,-25,-17,-78,-44,7,24,10,-25,-31,-17,-2,1,-100,-4,-76,-13,1,-3,-14,7,56,-42,3,-16,0,2,7,-12,63,-25,2,0,-51,63,-33,-15,1,-19,42,-39,77,-18,-15,31,-74,35,-25,4,-5,5,-18,74,-100,-92,2,98,3,-6,-28,0,-66,9,-2,4,8,-7,0,0,6,-32,8,68,-24,65,4,3,29,-31,-51,-19,-47,11,0,-57,-32,3,3,-12,0,15,-25,11,155191,0,100
-66,5,2,-36,3,18,0,-60,25,-23,-45,9,25,-15,1,18,31,20,24,-22,41,44,0,-68,0,-33,-19,-29,-67,0,0,2,-5,0,52,-29,-1,-15,0,0,-33,1,3,15,0,0,0,-26,15,-2,-11,5,-18,0,0,30,41,0,-46,17,21,9,-24,-17,-43,-36,0,-12,3,-27,-4,3,0,0,35,3,2,18,-1,0,-36,1,0,-4,0,0,-10,-20,1,-64,0,3,-6,-13,-40,1,-12,0,2,-34,28,2,-62,1,-27,34,-4,-16,16,-42,0,-21,-1,-15,0,6,-19,-30,0,-2,2,-1,-44,0,-27,-49,-12,39,-40,46,0,-47,1,31,-38,0,-89,38,-44,-18,-13,-25,4,-17,-29,-19,-28,-4,0,4,-40,-1,-20,-4,1,6,-39,80,-36,-38,1,-30,0,2,3,-17,-13,-21,0,0,-58,-9,-22,-6,1,-23,34,-36,-27,-21,-12,26,-47,2,-44,13,-14,-6,9,20,-38,-26,0,33,1,-4,-63,0,-42,-17,-1,1,-29,-14,0,-2,2,-47,-6,16,-15,44,0,2,-76,-52,-15,-1,-30,6,0,-40,-11,2,1,6,1,52,0,76,159267,0,100
-100,27,-18,-75,17,32,0,-39,92,15,-85,-16,-3,16,0,0,-17,56,36,-23,-62,20,0,-47,0,-26,-24,9,-100,0,2,0,-2,0,38,14,0,28,0,0,-9,2,0,-4,0,0,0,-11,-4,9,27,3,-21,-1,2,-49,-60,0,-24,45,-3,-15,11,-39,-69,-51,0,-35,3,-46,33,-22,8,0,-35,24,0,30,-2,0,-44,24,0,-17,0,0,-17,-28,0,-75,-22,-32,-24,-32,-96,1,-42,0,9,-36,36,2,-87,-47,-100,73,0,0,-28,-46,-4,-7,-3,-52,0,8,-21,18,0,14,1,-4,-69,-2,14,-70,-22,-45,22,-52,0,-66,4,33,-37,1,-91,5,-17,-2,-27,-41,7,-19,47,-1,-20,6,6,0,-27,-14,-27,-19,3,21,-44,54,5,-72,2,-52,0,0,3,1,89,-56,-2,0,-36,92,8,-23,2,-40,-5,-74,15,12,-66,1,-34,20,-20,0,-19,23,-72,85,-27,-80,-2,71,-1,-4,-91,0,-85,-16,2,3,45,18,0,0,2,-28,24,50,-6,21,0,2,-42,-41,-54,-30,8,-6,0,-74,-39,2,0,-3,0,39,-23,55,168384,0,100
3,23,-4,-54,8,-35,0,52,18,4,-28,-25,48,-3,0,10,20,46,2,48,20,0,0,-61,0,-74,-19,46,4,0,1,3,0,0,21,13,0,-65,0,0,-21,1,0,-28,0,2,0,-77,-26,-8,10,2,-14,0,0,-44,20,0,36,36,13,-25,6,-5,-28,-8,0,-52,3,-22,-10,3,0,0,-35,27,0,-35,1,0,-58,32,0,33,0,0,94,48,0,-54,-52,-28,0,-14,-50,0,-47,0,13,-29,29,2,-39,-32,-36,52,-1,-6,36,-52,2,-1,-2,52,0,4,13,15,0,78,3,1,-62,1,46,21,4,73,-7,69,0,22,0,9,-16,2,-62,41,13,0,-38,-14,2,13,-28,14,-64,-31,0,-2,-58,0,-28,-20,0,22,-12,16,40,21,2,-29,0,0,1,-64,28,-14,0,0,-72,29,-51,0,1,-37,44,20,21,9,-28,40,-35,11,9,9,97,-65,-19,16,-67,-48,1,52,0,-2,-47,0,-11,-20,0,2,-31,0,0,0,4,34,-65,45,-91,5,1,4,-54,49,51,-9,-54,17,0,4,-44,2,4,12,0,18,-50,15,177458,0,100
-21,18,-100,4,1,-22,0,-82,100,23,-31,-44,10,3,0,-44,-25,-23,33,35,-41,-22,0,-100,0,-75,-35,-20,-16,0,0,0,-3,0,-100,-11,1,0,0,0,-63,1,0,-30,0,0,0,29,-28,25,-32,2,-22,-4,4,-100,-40,0,-32,21,4,-51,22,-7,-16,24,0,4,3,12,44,-100,1,0,-100,22,1,-26,0,0,-26,24,0,52,0,0,-72,29,0,-10,-37,-24,16,6,-64,1,51,0,0,-51,2,0,49,-22,-60,23,-2,4,-27,-29,0,4,-4,54,-100,4,98,-9,0,72,3,0,-45,2,-14,79,48,93,-100,100,0,85,2,38,35,0,-43,86,-4,1,21,-2,4,100,-36,-35,37,-1,3,-1,80,-9,26,-93,3,19,39,13,33,57,2,-54,0,0,2,20,-100,-27,-2,7,-100,-96,-31,-10,0,-2,100,57,-9,9,-54,80,51,100,-5,-49,-72,1,-28,100,85,5,0,23,0,-1,46,0,-5,-37,0,1,-36,5,0,-3,0,-32,2,-20,-100,-16,-6,0,5,-74,54,47,-33,29,0,3,57,2,1,27,2,-100,-37,15,187598,0,100
-41,-4,34,-48,9,2,0,-34,-8,-1,-21,-39,32,-28,2,8,-34,18,16,33,22,22,0,-66,0,-55,3,8,-52,0,1,2,0,0,3,-10,1,-43,0,0,-20,-1,0,15,0,0,0,-20,18,8,-42,-1,7,0,2,-40,16,0,-31,33,0,-29,3,1,-21,36,0,-9,1,22,9,43,21,0,-19,2,0,0,0,0,-49,8,0,3,0,0,-1,32,0,-36,-7,-15,-28,-2,-29,0,-39,0,12,-52,27,0,0,-23,-9,69,0,-24,-24,-27,-1,13,0,-69,15,0,-13,-7,0,-74,0,1,-52,0,3,-24,-31,-2,1,-3,0,-27,0,-7,-36,3,-48,6,-27,1,-22,4,0,-20,-16,-4,-4,-57,7,-3,-80,-7,-24,-12,1,-1,-29,42,46,-11,2,-46,0,1,1,-39,17,-51,1,39,-69,19,-48,0,0,-20,38,-10,-46,9,-33,-4,-50,-10,-28,-1,3,-22,1,-10,-88,-50,0,67,0,2,-6,0,-8,0,1,1,-17,12,0,1,0,-30,-23,18,-51,18,7,2,-55,-31,-73,-15,-47,-6,0,-21,-41,3,-3,-1,0,3,-4,40,190042,0,100
-22,0,-18,-81,6,0,0,1,7,-31,-95,5,1,21,0,-22,-4,17,21,-21,48,21,0,-71,0,-13,-48,12,-22,0,2,0,0,0,-3,-5,0,8,0,0,-30,0,0,-1,0,-1,0,-25,1,-11,-13,4,21,-3,2,45,48,0,-24,36,1,12,-30,-15,-84,-30,0,-54,3,-38,21,-14,20,0,43,35,1,-4,-2,0,-60,32,0,27,0,0,18,-19,0,-52,-49,-36,-87,-23,-69,1,6,0,-5,-58,38,0,-18,-34,-64,22,4,21,-2,-66,0,-10,-2,-24,8,1,-22,-6,0,24,3,0,-70,-1,14,5,-42,-14,1,-22,0,3,4,17,-5,-3,-33,-23,9,5,1,15,2,-19,9,5,-24,-17,5,-3,-58,-7,0,-14,3,1,-4,26,41,-54,1,-61,0,1,0,22,24,-47,-2,0,-65,17,-29,-5,0,-12,46,-52,-4,10,-62,-22,-39,-19,8,-25,13,-3,-62,7,-69,-83,0,26,0,0,-9,0,-100,-46,0,0,6,-9,0,0,-1,-25,-1,20,-41,21,-10,-3,-2,3,-30,4,-21,1,0,-99,7,-2,0,17,3,-4,-46,30,193314,0,100
-45,-11,-37,-16,2,-21,0,60,32,39,-51,-7,10,13,0,-58,-17,-2,31,69,18,-5,0,-48,0,0,-18,35,-46,0,1,-1,8,0,61,3,2,8,0,0,9,1,-1,-30,0,0,0,-32,-25,-8,15,1,-34,0,1,27,26,0,-56,36,35,-7,39,-21,-50,-15,0,-50,2,-17,35,-26,11,0,27,27,1,-25,0,0,-38,24,0,66,0,0,-15,66,2,-17,-40,-40,-39,0,-64,0,-43,0,-27,-30,2,0,-58,-57,-51,20,2,8,-27,-13,0,-17,-1,-3,0,6,-54,5,0,72,2,0,-64,3,34,35,-22,-1,-7,0,0,43,-1,25,-52,-1,-4,69,-10,-1,56,2,3,-50,-21,-30,-38,-16,6,1,0,-8,62,48,-1,-12,-64,-40,21,-39,3,-57,0,0,2,-7,-14,-24,-3,0,-57,-4,-4,-13,2,-19,75,-38,-2,7,-46,65,-61,1,-4,-44,-12,14,-99,43,-17,-29,-3,24,-1,-4,-44,0,23,-18,2,2,-22,-16,0,0,7,-61,19,-2,-10,-7,2,0,-45,66,0,2,-5,54,0,45,-37,0,4,35,1,61,-38,-37,193983,0,100
-16,11,24,-69,-3,-44,0,0,-19,-28,-46,-51,76,-32,0,32,0,-31,47,-8,5,55,0,-21,0,-8,-1,-18,-21,0,3,1,-1,0,89,-11,0,21,0,0,1,1,0,67,0,2,0,0,70,3,-49,0,-19,0,3,38,7,0,-9,40,4,-45,-30,8,-31,-42,0,-19,0,-40,38,20,-11,0,37,32,0,-38,1,0,-30,29,0,52,0,0,52,-4,1,-60,-29,-39,-34,33,-68,2,-39,0,-6,-36,67,3,16,-40,-85,33,-3,-35,-7,-11,2,-11,0,65,0,4,31,-9,0,26,3,0,-82,1,-12,-7,1,28,8,36,0,-5,1,-1,-100,1,-67,46,-26,9,13,-2,3,27,-31,-31,0,0,2,1,-56,-4,15,-17,0,11,-100,31,55,25,1,-63,0,0,2,16,14,-60,0,0,-16,19,-64,-1,0,-6,34,24,8,30,-77,39,-45,0,-25,28,52,-48,-42,-14,-60,-75,0,37,2,-4,8,0,-28,3,0,3,-27,0,0,0,7,-12,-52,-33,51,52,9,3,-52,1,66,-36,-57,18,0,-29,-35,2,5,-5,0,87,-29,29,199386,0,100
99,13,-100,-41,4,-29,0,-48,100,-100,-34,-100,21,-15,0,13,9,-93,45,44,-24,41,0,24,0,-21,8,39,92,0,3,-2,0,0,-23,-15,-1,-42,0,0,26,-2,0,-46,0,0,0,-8,-46,-7,-8,7,14,0,0,-40,-20,0,100,18,7,-100,-100,-24,-19,-27,0,-60,4,-33,48,-100,-1,0,-33,37,2,-25,-4,0,0,36,0,35,0,0,-100,40,1,-36,-40,3,-68,10,-22,1,98,0,-10,8,-4,0,-7,-7,-11,100,1,-16,-87,3,-2,-4,-3,10,0,5,76,-13,0,36,0,0,-62,0,36,74,-10,100,-100,100,0,77,2,39,10,0,-22,100,-38,11,100,-17,3,74,-18,-19,-3,-9,1,0,52,-1,100,-79,0,16,20,9,64,100,1,-13,0,2,1,-35,-100,18,0,2,24,-99,-79,-12,0,-20,38,100,56,23,2,100,10,100,-42,16,-100,-19,-7,93,55,-42,-1,100,-1,-2,-9,0,-100,6,0,0,-15,82,0,0,3,100,-19,-93,-100,39,-2,-1,21,-58,4,43,-78,24,0,-100,100,-2,0,51,2,-25,-40,13,199641,0,100
-39,19,2,-68,3,-45,0,57,64,28,-65,-19,64,1,0,-29,10,52,44,16,43,-14,0,-36,0,68,-21,-14,-38,0,3,-3,-3,0,38,2,0,2,0,0,-23,0,0,8,0,0,0,-30,9,14,35,3,0,-3,0,-71,42,0,-8,29,20,-24,31,-11,-78,-57,0,-67,6,-54,51,4,2,0,-74,18,0,-42,0,0,-41,21,0,42,0,0,-12,17,-2,6,-57,-40,-26,5,-36,2,-49,0,2,-54,57,1,-48,-35,-45,39,0,-6,-26,-40,-1,-4,-5,-45,0,9,5,5,0,15,2,0,-64,0,-9,-24,8,54,10,67,0,-26,1,-2,-6,-3,-23,19,-31,0,-16,-32,7,6,-28,-42,-25,9,7,-9,-64,-15,-10,84,2,18,-4,43,28,-31,2,-28,0,0,3,-10,39,-56,0,0,-43,32,-9,-5,0,-18,46,-32,45,4,-28,21,-25,8,-31,-33,-10,31,-72,78,-65,-70,-2,38,1,0,-62,0,-79,-16,2,0,-28,16,0,0,6,-6,30,54,-17,-12,-10,-6,-51,69,-45,-26,-13,6,0,-83,-50,-2,1,34,0,39,-58,44,199987,0,100
100,-6,16,-33,5,24,0,11,-51,4,-22,-41,33,2,-1,33,-8,25,15,-4,-41,9,0,0,0,9,100,-36,97,0,3,0,1,0,16,-6,-1,12,0,0,-2,0,2,-5,0,0,0,-48,-3,0,-44,3,-27,-1,2,100,-44,0,-12,18,100,-42,3,-16,-5,33,0,-29,1,26,41,22,0,0,92,31,0,27,0,0,-12,30,0,42,0,0,14,1,1,-7,-24,-7,-57,-24,-28,1,62,0,-6,-39,5,0,5,-14,-24,43,1,-1,27,-6,3,-20,-3,33,0,4,14,-6,0,-52,1,0,32,0,-38,3,0,0,7,4,0,5,0,100,-24,0,-27,-38,-1,56,27,-7,2,9,-6,6,-43,-11,3,0,-28,-5,24,6,1,-6,-24,-47,36,70,1,-5,0,2,0,6,-13,-7,1,0,7,-12,-37,-2,0,-64,100,71,52,25,-5,-38,0,-10,0,33,11,13,-34,-57,-33,-33,0,39,2,-2,0,0,33,100,0,3,-10,-100,0,-1,0,-14,14,28,100,9,-4,2,16,16,33,4,-30,12,0,24,64,1,2,22,0,15,-22,-50,201119,0,100
17,2,-5,-39,5,-12,0,16,60,-15,-49,-24,33,65,-1,7,-14,-100,54,42,9,32,0,-54,0,20,-43,-18,12,0,2,-1,-1,0,19,1,0,-1,0,0,-39,0,1,-13,0,0,0,6,-14,0,34,3,-24,-2,1,-6,4,0,-29,26,6,-23,-13,-11,-50,30,0,-39,4,33,41,-7,4,0,-15,23,0,-4,0,0,-63,25,0,32,0,0,-58,46,0,-24,-31,-36,-54,-65,22,5,-25,0,0,-60,32,-1,-13,-37,23,25,-1,71,3,-50,0,2,-3,9,100,6,-4,6,0,4,2,-1,-58,3,-20,6,-8,58,-40,69,0,6,2,12,-17,0,-22,-78,5,1,4,-2,5,-8,-23,1,14,-2,5,0,-57,-6,3,-25,2,5,-15,31,16,100,3,13,0,0,2,-1,-35,49,-1,0,-52,-39,-70,-6,0,-15,37,100,-31,11,18,-61,-34,21,3,3,-62,-9,-55,52,-58,-45,-1,16,0,-1,-9,0,-28,-46,0,0,-24,8,0,-1,2,-30,-8,-100,80,32,-9,1,56,15,14,-16,-73,11,0,-33,-23,0,2,34,1,21,-29,31,201269,0,100
-5,24,26,-61,4,-33,0,20,-25,27,-40,-13,36,43,-1,36,-20,33,26,21,25,-6,0,-76,0,-37,-71,6,-2,0,0,-1,0,0,54,-18,0,-5,0,0,8,1,1,55,0,1,0,-27,56,-17,-11,0,-13,0,0,15,23,0,11,32,12,-15,26,-10,-48,-14,0,-46,2,-14,34,27,-5,0,5,21,1,-26,-1,0,-28,22,0,33,0,0,4,21,-3,-43,-30,-10,-4,-45,-42,3,-21,0,-7,-41,43,0,-3,-16,-38,25,2,39,9,-30,-1,-21,0,-57,0,10,-31,-19,0,51,0,-1,-62,4,3,-3,27,49,-6,46,0,-2,0,21,-42,-3,-20,37,-25,-6,-11,-21,6,-25,-35,-8,-26,-17,4,4,-68,-3,-12,16,0,23,-43,26,50,-89,2,-25,0,0,2,-14,26,-60,-1,0,-77,25,-69,-11,0,-16,37,-91,-15,-5,-18,40,-60,14,-26,32,7,-7,-63,-25,-64,-65,0,25,0,-2,-5,0,-26,-71,0,2,-32,-2,0,0,5,11,-8,31,-32,-3,4,-6,7,16,-52,5,-68,23,0,-28,-22,-2,3,11,-2,55,-32,27,201301,0,100
62,12,7,-13,4,17,0,16,-100,-1,-55,-8,73,5,0,-49,-9,7,44,33,-12,57,0,31,0,55,7,38,67,0,2,0,-1,0,52,20,-1,23,0,0,-15,0,0,-71,0,0,0,-52,-71,7,-30,1,0,0,1,-100,-8,0,-33,52,13,-10,2,-23,-57,-20,0,-70,4,-9,50,10,4,0,-92,56,0,16,-2,0,-33,52,0,27,0,0,9,35,0,-50,-42,-44,-27,50,-27,2,58,0,-7,-33,60,-1,5,-58,-27,52,-2,6,-23,-50,-2,-9,-5,-64,41,10,12,17,0,34,0,-2,-60,2,38,-21,-41,100,39,95,0,-15,0,10,17,0,-58,7,-28,-19,1,-13,6,15,-3,-68,-56,-15,5,-1,3,-9,-2,-70,1,13,17,35,37,-18,3,-32,0,1,4,5,52,-23,-1,-1,39,48,-52,-19,2,-22,27,-15,-67,-24,-34,8,-54,34,-24,-54,5,4,-70,-100,3,-4,0,57,0,-2,1,0,-27,5,1,0,-8,-30,0,-1,4,-33,5,4,-68,58,-5,-3,58,18,-61,-28,-58,27,0,-36,55,-2,0,43,2,52,-42,31,202024,0,100
-36,15,12,-18,9,-43,0,43,-21,26,-55,-7,58,-37,-1,15,8,33,25,54,-13,15,0,-26,0,-17,-27,25,-35,0,4,-1,0,0,29,-15,0,-32,0,0,-12,2,0,-5,0,-1,0,-7,-3,22,87,5,0,-2,1,-43,-12,0,-17,33,27,-4,31,-23,-42,-36,0,-30,2,-27,75,6,0,0,-37,38,2,-44,-1,0,-1,40,0,22,0,0,11,56,-1,-57,-44,-56,-31,-65,-24,3,-60,0,2,-100,78,-1,-46,-66,-32,21,3,-45,-60,6,-2,-6,-4,-28,5,4,7,-13,0,36,3,1,-38,1,32,-29,-8,34,13,34,0,-27,0,-2,-37,0,-49,3,-51,3,19,-20,5,9,-12,1,-5,14,9,6,-95,-3,22,26,3,15,-28,36,30,-44,2,-32,0,1,4,-42,-11,-27,0,0,-25,-14,-34,-9,1,-27,24,-44,3,10,-33,5,-39,74,-44,12,15,-30,-76,-19,-100,-22,0,18,0,0,-52,0,-29,-24,0,1,-10,43,0,-1,1,-20,-29,31,0,11,-4,-1,-47,42,-22,-60,-31,0,0,-32,-61,0,0,28,0,30,-47,39,202087,0,100
-32,22,6,-58,9,-18,0,22,10,45,-49,-10,48,23,0,-15,7,63,75,83,44,-6,0,-42,0,-35,-2,60,-27,0,0,0,-10,0,52,-1,3,-48,0,0,-7,2,0,1,0,0,0,-20,-2,36,-17,0,29,-1,1,-25,42,0,-7,49,13,-10,44,-17,-78,-21,0,-32,3,-17,50,10,14,0,-25,68,2,-16,0,0,-14,66,0,29,0,0,10,71,1,-60,-81,-14,-34,-67,-55,0,6,0,-12,-63,52,2,25,-17,-43,18,-6,23,-43,-28,0,0,0,18,0,11,-9,-3,0,50,1,1,-83,3,55,-42,-14,-10,36,-6,0,-32,-1,-6,-24,-2,-10,-30,-20,-22,7,-9,4,-5,6,19,-24,31,3,0,0,-9,-6,34,2,20,-26,30,69,-33,1,-37,0,0,0,-36,8,-20,-1,0,-28,16,8,-11,0,-16,32,-35,-46,-20,-13,-27,-26,20,-22,-9,10,-37,-65,9,1,-58,0,19,0,-1,21,0,-52,-5,-1,0,3,29,0,0,10,-6,-41,65,-100,-4,0,0,-42,26,29,-19,-6,18,0,-41,9,0,3,17,2,60,-81,27,202695,0,100
81,2,25,-68,-1,3,0,27,-58,5,-58,-13,48,29,-1,31,-32,15,39,49,62,12,0,-21,0,57,7,31,92,0,2,0,-1,0,38,2,0,12,0,0,-4,0,0,6,0,0,0,-3,4,5,-35,3,3,0,3,-16,63,0,0,18,12,-15,6,-7,-51,-33,0,-49,3,-16,58,23,-10,0,-15,50,1,6,0,0,-29,46,0,57,0,0,9,42,0,-5,-45,-57,-19,88,16,4,15,0,-5,-26,42,0,10,-62,7,62,-3,14,-4,-39,0,-14,-3,24,0,5,15,1,0,6,1,-1,-47,1,33,-20,-15,41,8,35,0,-10,1,17,6,2,-17,-10,-5,-12,45,-100,3,20,-96,-2,-15,-2,1,1,-41,0,52,-7,3,0,5,8,68,-16,1,-2,0,0,3,-33,-36,77,-1,0,-8,-32,-45,-6,2,2,100,-19,41,-17,-9,-14,-100,87,-1,32,11,-19,-41,-62,-39,-66,0,64,0,-2,20,0,14,14,2,2,-100,1,0,0,2,-1,-24,13,-32,12,-3,0,43,22,38,-5,-45,33,0,-1,20,0,1,24,1,42,-43,10,204092,0,100
-21,9,1,-89,9,-36,0,51,3,13,-66,-32,57,-22,0,4,-11,63,36,0,52,22,0,-66,0,5,-49,40,-22,0,0,2,-2,0,36,-8,0,0,0,0,12,0,2,70,0,1,0,-28,71,0,-16,0,-14,0,0,-4,52,0,-16,39,6,-28,17,-21,-73,-11,0,-58,0,-22,46,7,5,0,-4,47,0,-35,0,0,-45,47,0,42,0,0,14,3,0,-25,-56,-56,-4,-33,-58,0,-33,0,4,-20,57,2,-30,-56,-50,71,0,-18,-43,-43,0,-7,0,-67,0,7,-8,-7,0,16,2,1,-65,4,37,-27,20,25,23,21,0,-25,0,48,-7,1,-34,32,-7,-13,41,0,6,-7,-7,0,-20,0,4,1,-84,-6,38,1,0,12,0,31,37,-37,1,-25,0,1,0,6,3,-44,-1,0,-66,2,-24,-15,3,-18,40,-36,3,-12,-21,40,-51,-13,-10,3,13,-35,-40,0,-84,-89,0,71,2,-1,-25,0,-80,-52,0,5,-7,8,0,0,4,-15,-34,64,56,23,-2,2,-2,47,-66,-19,-24,25,0,-79,-34,1,1,10,0,37,-52,32,204424,0,100
-50,5,-23,7,4,-25,0,27,-39,-100,-41,-69,34,26,0,19,45,-100,28,29,36,17,0,-18,0,-30,7,-95,-57,0,3,0,0,0,42,-5,0,24,0,0,-100,0,0,23,0,0,0,100,23,3,-24,1,-13,-2,1,39,36,0,-18,35,9,-71,-93,-8,-45,-1,0,-56,3,-15,37,-13,1,0,27,55,0,-22,-1,0,-28,57,0,39,0,0,-100,22,0,-46,-65,-100,-100,-10,-10,2,22,0,12,6,18,-1,-98,-87,-11,20,4,38,-15,-29,0,0,-3,-20,-100,5,-22,-2,0,21,-1,0,-71,1,-100,100,31,43,100,37,0,100,0,2,-25,0,-44,-23,-17,-2,7,-5,6,-24,-9,25,100,100,3,-5,-51,-8,0,-93,3,13,-15,26,34,100,0,8,0,2,1,58,27,-25,-1,0,-23,17,-50,-3,1,100,100,100,-100,0,4,-15,100,100,-18,16,-100,-8,-100,-35,-48,13,-2,18,-1,-1,-100,0,-70,1,1,0,-8,-15,0,0,5,-14,-7,-100,67,17,-7,0,22,25,-28,-32,-54,10,0,-58,22,0,0,39,2,39,-64,29,204614,0,100
-28,18,-8,-33,1,-22,0,-15,24,100,-26,-52,52,-4,0,24,-58,-100,33,35,-7,35,0,-26,0,-57,-36,94,-23,0,0,0,-3,0,78,-11,1,0,0,0,-100,1,0,-34,0,0,0,-18,-32,25,39,2,-10,-4,4,-27,-6,0,-3,91,4,-58,99,-7,-11,71,0,-40,3,58,44,0,1,0,-10,22,1,-26,0,0,54,24,0,52,0,0,10,29,0,1,-37,82,-65,21,27,1,-41,0,0,-57,23,0,-97,84,31,61,-2,-2,-27,51,0,4,-4,78,-100,4,-27,-9,0,-77,3,0,-45,2,100,93,5,41,26,49,0,100,2,38,-17,0,-52,30,51,1,43,-2,4,-25,-36,77,-9,-100,3,-1,-4,-9,47,-17,3,19,-13,13,82,100,2,26,0,0,2,20,41,8,-2,1,-22,44,-42,-10,0,-27,37,100,63,9,25,24,-14,100,50,18,11,1,-63,25,5,-32,0,61,0,-1,-100,0,-69,-37,0,1,-36,100,0,-3,0,-3,2,-100,-6,40,-6,0,100,-7,77,75,-45,100,0,-58,-35,2,1,27,2,79,-37,15,205812,0,100
-20,5,-83,-38,3,-41,0,-25,56,21,-27,-92,75,41,-3,9,-46,-35,37,31,14,-3,0,-27,0,62,6,8,-19,0,4,1,-4,0,80,-1,1,12,0,0,5,0,1,100,0,-2,0,100,100,18,-64,5,26,-2,4,-26,13,0,-30,2,12,-69,23,-8,-18,-57,0,-49,4,-65,64,-76,12,0,-20,16,2,-43,0,0,25,13,0,29,0,0,7,35,0,-16,-56,-52,-86,18,24,0,45,0,-100,-8,57,0,-6,-62,28,28,0,44,100,17,0,-13,-2,-26,-100,3,88,-1,0,58,4,2,-47,-1,5,-67,-14,11,29,0,0,-67,1,-11,44,0,-29,3,-33,2,100,0,4,88,-6,21,100,20,8,-3,-22,-14,100,-27,1,4,47,38,55,23,1,-15,0,4,1,26,80,-62,0,66,-21,80,-79,-3,1,13,33,24,100,12,-22,5,-100,100,-30,5,1,32,-52,52,-98,-39,0,27,1,0,-18,0,-69,6,-1,2,-11,100,0,-1,2,-29,32,-36,-94,-6,-5,1,41,-28,-26,-100,-81,15,0,-57,45,4,0,39,2,80,-56,37,206145,0,100
35,11,12,43,11,-19,0,-27,0,10,0,-28,56,-5,2,17,-33,33,21,28,-72,30,0,-20,0,-23,21,-21,35,0,2,0,-3,0,61,-18,0,12,0,0,35,0,0,-32,0,1,0,11,-30,24,-10,1,25,-2,2,38,-73,0,-8,23,13,-32,12,-2,3,-25,0,1,4,-30,49,10,4,0,37,12,1,-18,-1,0,-44,17,0,18,0,0,20,30,-2,-18,-20,-37,-2,40,-62,3,35,0,10,-50,45,0,100,-37,-62,46,0,-2,-100,-38,1,7,-3,17,100,5,-14,-15,0,34,5,-2,-56,3,-19,-25,-52,0,-9,0,0,-24,0,13,-58,-2,-13,-4,-44,-3,29,-20,3,-17,0,20,25,8,4,5,-66,-9,26,-43,2,13,-52,33,33,-72,4,-30,0,0,0,22,87,8,-3,-1,-28,84,-58,-8,0,-9,40,-72,-40,1,-30,-1,-100,100,-43,11,20,-26,-61,2,-66,-9,0,41,0,-3,98,0,-12,20,0,2,-2,17,0,-2,2,-6,-26,31,7,30,-10,0,50,-30,13,-30,-58,2,0,-4,37,0,1,20,0,51,-21,33,208165,0,100
-5,24,3,-62,4,-29,0,23,15,-17,-96,20,36,15,2,-14,-13,54,24,40,17,20,0,11,0,-16,-30,22,0,0,2,-3,-1,0,25,13,0,28,0,0,-16,0,0,-50,0,0,0,-29,-52,1,-10,3,-28,-3,0,12,18,0,6,25,18,14,-17,-1,-78,-49,0,-19,3,-43,17,2,11,0,4,22,0,-24,0,0,-51,22,0,20,0,0,0,41,-1,-39,-44,-15,-37,20,13,0,-42,0,-5,-44,9,0,-40,-26,9,58,1,5,0,-54,0,2,-2,-79,43,7,-14,11,0,26,3,-1,-56,1,17,-18,-15,-2,12,-11,0,-15,2,25,15,-1,-51,10,-23,2,-7,-11,3,-14,9,-32,-28,-7,7,1,-49,-7,-4,40,1,17,12,28,23,-40,2,1,0,0,0,9,-8,-65,0,0,-1,-8,-33,0,0,-6,48,-42,-2,4,-9,18,-28,32,-17,-13,0,23,-11,12,-43,-58,1,57,1,0,-52,0,-35,-25,1,0,6,-17,0,-1,1,4,21,54,43,18,-2,-4,-36,18,-71,3,-33,9,0,-39,-42,-2,0,27,2,25,-44,26,209316,0,100
-3,15,-16,-38,3,-2,0,20,-10,6,-31,-8,38,-15,0,1,-7,33,37,46,19,36,0,-31,0,-1,-27,9,-4,0,3,1,-1,0,46,-9,-1,-31,0,0,-2,0,0,50,0,3,0,-27,48,0,-6,3,-31,-1,3,-27,13,0,-6,20,1,-10,9,-5,-34,-30,0,-27,1,-36,55,-16,21,0,-24,19,0,-2,1,0,-45,16,0,20,0,0,9,42,0,-62,-52,-33,-75,-50,-25,0,-47,0,0,-70,56,0,-47,-29,-30,0,-1,-8,-10,-43,0,-12,0,-55,0,6,-6,-8,0,6,1,-1,-41,2,6,18,0,52,0,50,0,19,0,-2,-1,-1,-58,-26,-21,-10,6,3,4,-10,-11,-14,-19,-16,4,6,-52,-1,5,8,1,16,-4,41,52,-20,1,-4,0,1,0,-13,-12,-19,0,0,-28,-9,-37,-4,0,-20,12,-14,2,-10,-3,-16,-29,12,-21,1,1,-2,-27,-11,-47,-41,-1,-6,0,0,-28,0,-3,-30,0,1,-17,4,0,0,3,-6,-3,33,60,38,-10,-3,-68,21,-55,-18,-44,10,0,-1,-45,1,1,43,-1,51,-52,38,210646,0,100
-33,-14,-10,-51,5,-10,0,-2,-9,-40,-47,-35,36,-32,1,14,-18,27,22,44,24,-11,0,-43,0,-29,-30,-52,-30,0,1,-1,-1,0,30,-16,0,35,0,0,-6,0,-2,-14,0,0,0,-22,-15,1,-58,2,-14,-1,1,-66,24,0,-10,30,4,-31,-38,-12,-46,-31,0,-23,2,-32,83,-7,1,0,-71,31,-1,-9,-3,0,-18,31,0,38,0,0,35,46,0,-27,-48,-58,14,-35,5,2,-54,0,9,-63,51,-1,-30,-73,-2,32,-5,-39,-74,-16,-1,2,0,-60,12,5,4,-13,0,100,3,0,-33,0,-58,-18,4,20,-29,11,0,-13,0,32,-33,-3,-40,12,-29,-5,28,-36,3,5,-6,-12,-19,83,4,4,-49,-1,18,31,2,-13,-34,41,58,-51,2,-21,0,1,1,32,6,-20,-1,0,-48,11,-26,-9,0,-10,22,-50,36,-7,-27,20,-28,-39,-23,6,34,-6,-87,-19,-54,-52,0,29,1,-3,-20,0,-58,-28,0,3,-11,-13,0,-2,2,-9,-3,28,21,-16,1,-7,-23,-9,-57,23,-30,15,0,-41,-54,-1,1,32,1,31,-48,37,212755,0,100
-19,30,12,-74,8,-21,0,15,14,-38,-69,-14,34,-54,0,-1,31,54,46,-1,36,22,0,-54,0,7,-22,-25,-25,0,5,-2,-1,0,33,-23,0,10,0,0,8,1,-1,27,0,3,0,-8,24,-31,50,4,-4,-3,1,-8,40,0,4,25,-10,-16,-34,-21,-78,-31,0,-67,2,-45,60,20,-1,0,-20,2,0,-16,-4,0,-51,6,0,25,0,0,17,-5,0,-47,-58,-55,12,-43,-66,0,-45,0,13,-58,43,-1,-23,-48,-76,25,0,-51,-27,-62,-1,-9,-2,30,0,7,32,-24,0,14,3,0,-52,2,-29,-52,-34,61,5,72,0,-49,2,31,-49,-3,-71,17,-27,-3,-15,-5,5,32,-31,-42,5,-10,1,3,-51,-7,-15,-35,0,33,-40,45,7,-40,4,-26,0,0,1,28,42,-52,-1,0,-48,41,-7,-15,1,-9,21,-37,-58,0,-28,30,-47,5,-23,0,20,-17,-31,17,-50,-66,0,22,2,-4,-19,0,-60,-25,1,3,-30,2,0,-2,1,7,-16,56,94,23,0,-5,-58,22,28,-15,-10,18,0,-41,-46,0,4,15,0,30,-58,50,214979,0,100
-11,0,-37,-1,-2,-21,0,41,16,4,-58,100,-24,-37,0,-16,10,-100,31,38,49,14,0,-44,0,5,0,-18,-20,0,1,0,-5,0,-50,12,0,-4,0,0,6,0,0,-18,0,0,0,70,-18,8,-5,4,-1,-3,2,100,48,0,0,75,10,100,10,-26,-66,34,0,-71,1,38,42,-34,-17,0,100,40,0,-18,1,0,-60,43,0,44,0,0,-100,34,1,-29,-52,1,-49,14,0,0,-41,0,11,-34,-47,1,-27,1,10,44,-5,-36,-24,-73,0,-14,-4,7,0,4,-32,10,0,50,1,0,-67,0,-18,100,-46,50,21,56,0,100,0,17,45,0,-26,9,-51,-19,100,15,4,-29,-21,-1,76,23,0,-2,-24,-9,100,-5,1,3,51,24,-56,35,2,-13,0,1,1,-11,64,-1,0,0,-33,65,-56,-10,2,81,65,37,9,-20,6,25,-51,-100,-52,-11,-100,-3,-41,6,-21,9,1,45,2,-3,-11,0,6,1,1,1,-24,100,0,-1,0,-1,-7,-100,-100,16,-11,-1,52,47,7,-10,-57,32,0,-5,-42,1,4,13,0,-51,-50,20,216065,0,100
47,33,16,0,5,-97,0,-73,43,0,-67,-29,56,-1,-1,2,-33,-28,32,100,-34,58,0,-46,0,-73,11,6,58,0,3,0,5,0,3,-4,0,30,0,0,-100,0,2,-7,0,0,0,13,-7,31,-34,3,-18,-3,3,-100,-36,0,-9,11,22,-31,1,0,-38,-27,0,-50,1,-38,49,-50,3,0,-100,25,1,-100,1,0,-18,23,0,100,0,0,54,100,0,-36,-62,-28,-43,-18,-42,3,-100,0,100,-36,55,0,-49,-47,-51,100,-8,-12,54,-17,2,-12,-2,34,-18,5,42,-2,0,65,3,0,-47,4,1,-60,-5,61,2,61,0,-54,1,12,-25,0,-61,70,-14,13,22,-56,6,38,-20,33,100,100,-100,5,100,-14,21,-49,1,28,-32,4,73,100,1,-24,0,2,1,11,99,-13,0,100,-38,99,46,1,2,-100,42,100,24,25,-35,58,-70,-2,-16,-6,99,99,-79,33,100,-5,0,97,3,-2,-64,0,-96,15,0,1,-21,96,0,-1,2,-9,100,-30,-8,58,70,-3,58,-64,38,-100,-65,56,0,-89,-100,0,2,19,2,5,-60,-1,216409,0,100
60,4,3,100,3,-37,0,-23,100,8,-58,9,12,-9,-1,14,34,50,27,100,-82,9,0,-23,0,7,-39,6,54,0,0,-2,-1,0,26,-9,0,34,0,0,-100,1,1,100,0,0,0,52,100,27,-54,4,-10,-4,0,-45,-83,0,60,35,100,6,12,-15,-58,-3,0,14,3,-11,31,11,5,0,-49,47,1,-32,0,0,-20,49,0,37,0,0,100,100,0,-24,-45,-36,-19,10,-46,1,-63,0,-4,-47,20,-1,-36,-44,-47,-36,0,-5,15,-13,1,0,-3,-25,61,5,54,-4,0,40,0,-1,-58,2,-1,-37,85,55,22,48,0,-33,1,5,100,-3,12,81,-47,0,100,-4,5,52,-5,51,62,21,6,1,64,-11,100,-32,3,8,100,18,22,100,1,19,0,0,0,52,63,2,-3,0,-26,63,-63,-7,0,-4,100,100,-32,10,16,97,-100,92,-45,15,100,-9,-51,100,63,100,0,-36,0,-1,-31,0,-67,-40,0,1,-7,2,0,-2,1,61,-7,54,-100,11,-4,-6,55,-29,-25,-10,-64,1,0,-52,-62,-2,1,14,0,28,-45,22,216816,0,100
6,-3,-23,-48,3,-19,0,-65,89,-4,-95,14,27,44,0,-44,-32,-74,11,-6,-34,69,0,-12,0,-9,29,5,1,0,1,-1,-1,0,26,-26,1,10,0,0,-60,0,1,-17,0,1,0,-69,-18,15,-25,3,-8,-1,2,-55,-36,0,-41,39,6,22,0,-13,-88,-16,0,-63,4,-25,14,-15,-8,0,-58,18,0,-22,-3,0,-64,20,0,32,0,0,-85,-2,1,-12,-14,-73,-100,73,-66,0,-91,0,4,52,10,0,-78,-77,-63,19,0,52,-34,-56,-1,-4,-2,-22,-91,3,36,-21,0,58,1,-1,-52,0,0,23,25,46,15,44,0,23,3,-2,100,-1,-50,86,-38,0,89,-18,3,37,-14,37,-55,19,5,2,-5,-3,84,-33,1,0,100,46,27,100,0,49,0,1,0,38,46,12,-2,-100,-12,42,-52,-8,0,-21,41,100,-22,5,43,92,-100,100,-31,-58,-85,12,-71,86,-15,-50,0,17,2,-3,-70,0,-58,24,0,0,-16,6,0,0,0,-43,16,-72,-100,63,-1,-1,73,-66,-25,-35,-57,5,0,-45,-91,0,3,0,3,25,-12,45,219145,0,100
19,13,-16,-71,14,-26,0,7,34,43,-35,-23,57,-31,0,-32,-21,-12,26,40,16,13,0,-98,0,-66,-24,4,15,0,1,0,2,0,60,-17,0,-31,0,0,-16,3,0,-44,0,3,0,-23,-41,-14,-46,2,13,-1,1,-100,15,0,22,43,23,-15,42,38,-32,-4,0,-67,1,-10,61,-15,6,0,-89,39,0,-25,0,0,-74,40,0,28,0,0,38,43,1,-60,-30,-44,-15,7,-85,-1,-44,0,3,-26,65,3,-18,-52,-79,17,6,-33,5,-57,2,-4,0,79,0,3,34,-20,0,9,2,1,-66,2,5,31,-37,58,-4,67,0,25,0,3,-100,1,-78,44,38,11,-73,-29,2,32,-72,1,-9,-23,6,0,35,-10,-70,-62,-2,14,-100,45,87,-27,4,-6,0,0,0,-40,30,-17,0,0,-93,22,-48,5,0,-13,72,-25,-7,27,0,60,-57,30,36,-38,40,-52,-80,30,31,-81,1,19,2,-4,-29,0,21,-24,1,4,-67,17,0,0,3,22,-55,-10,-71,11,1,-2,13,11,79,-30,-40,20,0,11,-46,2,5,22,1,60,-27,46,219637,0,100
39,19,7,-42,6,-33,0,45,-21,-17,-79,6,51,-8,0,-11,-60,-16,32,35,-24,97,0,17,0,-2,57,-36,37,0,2,-1,2,0,16,15,-1,20,0,0,79,2,2,9,0,0,0,-12,11,7,-71,3,-32,-3,1,-64,-24,0,10,-42,20,5,-14,-19,-63,-16,0,-51,1,-33,43,17,-1,0,-58,13,-2,-34,0,0,-67,20,0,40,0,0,-11,29,0,-13,-29,-14,-60,40,-27,2,-37,0,10,-58,42,-1,-22,-20,-28,33,3,0,-100,-65,0,-5,-2,21,96,7,30,17,0,50,2,0,-41,2,-38,-37,-99,18,10,22,0,-36,0,100,50,-2,-60,42,-35,3,-25,22,6,30,-24,47,4,12,0,2,-45,0,-23,18,2,21,52,-100,44,31,1,-26,0,1,1,39,100,-13,0,0,7,100,-11,-8,1,27,100,32,24,9,-33,37,0,-100,-33,-15,-9,-6,-74,-29,-46,-43,0,31,0,0,-23,0,-40,56,0,0,-24,36,0,-3,1,12,-4,-15,51,97,-1,-4,100,50,18,-40,-9,26,0,-31,-35,0,1,15,0,16,-28,-97,219812,0,100
47,10,-20,-29,7,-28,0,-52,-22,-33,-79,15,24,-18,-1,-40,4,-8,14,-96,23,37,0,-54,0,32,-35,19,40,0,3,-1,-1,0,28,0,-1,6,0,0,28,-1,1,25,0,-4,0,0,27,-11,-6,2,0,-2,-1,-69,22,0,9,28,6,20,-34,-10,-78,-44,0,-51,1,-45,-13,-21,17,0,-77,35,0,-28,-2,0,-52,31,0,18,0,0,-6,-100,0,-31,-35,-76,-68,-100,-19,0,-35,0,8,-68,14,-1,38,-76,-16,-37,-2,-18,-8,-63,-1,-6,-4,66,-33,1,-31,-5,0,0,1,-2,-66,1,13,-6,-34,52,-12,46,0,-7,0,58,-43,-1,-25,98,-8,-92,0,15,1,-28,1,-28,-3,-19,4,1,72,-6,0,-16,1,10,-40,8,51,52,-2,-23,0,0,-1,14,-13,-37,0,0,-45,-18,-25,-2,0,36,42,54,-63,-17,-23,94,-43,-86,-9,-43,-13,-3,-62,-26,70,-20,0,-35,0,-1,43,0,-22,-32,0,0,0,-41,0,-2,-1,8,-3,-8,-78,33,0,-2,60,-51,65,3,-24,21,0,-16,-34,-2,0,15,2,28,-35,6,219985,0,100
-36,21,16,-57,3,-9,0,-1,78,35,-78,-35,-26,-56,-1,31,-1,48,32,8,-7,22,0,25,0,-30,-35,9,-31,0,1,-6,-2,0,52,16,0,48,0,0,13,0,1,-37,0,0,0,-46,-41,17,45,4,27,-3,0,6,-5,0,-18,36,20,-44,32,-24,-71,-34,0,-57,2,-35,33,22,1,0,20,67,0,-12,-1,0,-60,68,0,31,0,0,6,13,0,-32,-52,-18,-10,-37,-32,0,12,0,-9,-52,2,-2,25,-16,-57,27,-3,-60,-9,-65,0,0,-2,-76,0,5,-27,16,0,-84,1,-3,-71,2,13,-40,-3,7,29,19,0,-30,0,-56,11,-7,22,-18,-25,0,54,14,4,-25,-31,-19,-39,56,0,0,-44,-1,56,43,2,18,4,4,16,-52,3,-33,0,0,0,23,73,-52,-3,0,28,79,-24,-9,-1,0,51,-52,38,4,-57,-27,-57,2,-18,21,7,5,-100,72,-44,-62,-3,27,0,-3,12,0,-100,-32,0,0,-30,-18,0,-1,-2,-18,7,48,-100,23,-7,-11,18,14,-69,17,-24,13,0,-98,15,-5,1,23,0,52,-52,2,220048,0,100
-47,9,43,-77,9,-51,0,51,-15,20,-76,-31,63,-52,0,-13,-39,-11,35,100,10,1,0,-27,0,-45,-4,12,-70,0,2,2,-2,0,63,3,2,-63,0,0,3,3,0,76,0,3,0,-49,73,-11,-30,0,-13,1,3,-100,17,0,-72,49,0,-18,18,-1,-78,-42,0,-76,1,-40,36,41,16,0,-100,63,2,-47,0,0,-22,57,0,44,0,0,62,100,0,-31,-72,-84,32,43,-57,-1,-50,0,34,-86,81,0,-80,-91,-56,34,-1,-18,-44,-33,0,-14,1,-74,0,1,-12,-1,0,73,1,0,-83,3,-3,-45,-33,1,36,-2,0,-41,0,-18,-24,2,-30,-15,-34,-21,-76,-6,0,-11,-7,-6,-50,1,7,11,-87,-3,-79,-19,0,8,-23,41,88,-65,3,-33,0,0,1,-13,12,-33,0,0,-18,18,-27,-7,1,-63,100,-60,-5,-18,-40,-24,-73,19,-24,-26,55,-21,-71,-33,-100,-80,2,38,1,-2,-75,0,-35,-15,1,4,-9,45,0,0,4,-72,-21,-13,11,-7,6,3,18,45,-80,-68,-31,11,0,-12,-47,2,3,44,0,60,-72,40,221871,0,100
-12,25,0,-25,7,-6,0,46,14,10,-57,-3,11,-19,-1,-20,-23,43,30,25,-43,30,0,-11,0,-37,-19,-18,-7,0,2,-3,-2,0,26,1,-1,35,0,0,11,-1,1,-22,0,1,0,-1,-20,0,19,4,9,-2,1,-8,-40,0,6,31,21,-6,15,-13,-60,-24,0,-42,5,-17,58,-4,4,0,-12,38,0,-5,0,0,-18,34,0,26,0,0,9,19,0,-67,-46,-25,-11,-8,-23,1,1,0,0,-27,22,1,-9,-19,-29,23,-3,-24,-35,-32,1,-8,-3,34,0,7,19,-3,0,6,0,0,-43,0,-14,-7,1,34,-6,36,0,-6,1,27,6,-4,-28,-39,-30,-9,-54,-42,6,21,-7,9,-4,6,0,0,-34,-10,-52,31,1,26,8,30,27,-17,1,-6,0,0,3,18,7,-14,0,0,0,5,-11,-12,0,-16,25,-18,11,-10,-5,-20,-40,14,-36,-22,7,2,-84,19,-28,-20,-2,23,0,-3,-1,0,-43,-17,-1,1,-7,28,0,-2,2,3,2,44,-36,32,-12,-6,-30,45,35,-47,-10,13,0,-60,0,0,2,44,1,28,-45,32,223566,0,100
-32,0,-22,-50,15,-12,0,-46,6,-31,-44,-51,49,-27,0,-6,-8,6,24,-1,-40,43,0,-51,0,5,-35,0,-30,0,1,0,-1,0,66,-8,1,33,0,0,-37,0,0,46,0,1,0,-13,43,27,21,0,-3,0,1,50,-39,0,-35,37,25,-51,-33,5,-48,-51,0,-55,1,-51,31,-13,19,0,65,18,0,-18,-3,0,-10,21,0,29,0,0,9,-5,0,-41,-29,14,-10,-25,-55,1,-61,0,-9,-52,34,0,-74,7,-38,-6,-5,-21,-9,-22,-1,6,-2,-61,0,2,-20,-14,0,46,0,0,-73,3,0,-24,-3,-42,12,-35,0,-21,0,25,-90,2,-66,25,-24,-7,-43,-14,1,-26,-26,14,-8,-60,2,-2,-21,-16,-34,33,0,-3,-99,20,17,-91,1,-47,0,0,1,24,6,-27,-1,0,-50,4,-46,0,-1,-20,58,-90,24,0,-32,35,-49,34,-31,-8,10,-31,-51,-4,-32,-54,0,0,0,-3,-73,0,-24,-38,1,2,-23,24,0,0,4,-35,-27,4,-97,42,-3,1,-35,-39,-58,-21,-48,1,0,-10,-66,1,3,14,0,69,-27,21,223627,0,100
35,35,-10,-7,5,10,0,100,-12,39,-40,-33,63,-31,-2,3,-13,-100,10,-16,-16,58,0,-60,0,-23,-6,21,23,0,1,-2,-8,0,-50,0,0,-38,0,0,30,1,2,70,0,2,0,18,69,2,-39,0,-30,-3,0,-46,-20,0,39,-100,4,-29,39,1,-67,14,0,-66,2,-11,21,0,-3,0,-20,25,0,2,0,0,-12,27,0,31,0,0,6,-13,0,-20,-38,7,-45,35,-46,0,68,0,-100,-60,35,0,31,-7,-37,-100,-4,-15,-25,-13,0,-8,0,46,-36,0,4,0,0,100,-1,0,-71,1,12,27,-100,20,11,29,0,38,0,44,-30,2,-86,-14,2,-85,39,-2,0,3,-6,-1,30,54,6,1,-49,-15,27,-25,0,38,-34,25,63,100,1,0,0,1,-1,-15,-46,-34,-2,-100,-66,-42,-94,-3,1,2,78,100,22,-26,10,-16,-43,-100,4,1,9,-46,-18,-22,-58,-14,1,-100,2,-5,19,0,-29,-17,2,0,-3,100,0,0,0,39,-40,-100,46,54,5,2,77,100,47,46,-100,7,0,-37,69,1,4,16,0,-46,-34,17,224031,0,100
3,-7,-9,-90,0,-20,0,1,-47,-100,-67,-11,100,6,1,36,-36,100,43,22,35,77,0,-44,0,100,87,33,-6,0,4,0,-1,0,45,-5,1,100,0,0,-18,1,1,1,0,1,0,-25,3,5,-28,2,79,0,1,-1,35,0,-14,28,24,52,-100,-1,-66,-17,0,-30,2,-26,44,-1,-2,0,-1,34,1,-18,0,0,-16,36,0,25,0,0,29,18,0,30,-39,-16,-34,72,58,3,76,0,5,-56,77,0,-57,-21,52,26,-1,0,-2,-25,1,-8,-2,-24,28,5,5,-3,0,66,1,0,-52,-1,36,3,-15,-7,17,-6,0,1,0,29,-30,0,17,63,-37,-9,-100,-8,2,5,-23,14,-16,-6,5,3,6,-6,-99,-100,2,-6,-22,28,100,-14,2,-100,0,3,4,92,55,-21,0,0,-42,52,-38,-4,2,-12,35,-11,6,-12,-100,62,-100,30,-35,32,28,2,-43,-45,2,-85,0,25,1,-1,-46,0,-61,86,-1,2,-26,-58,0,0,1,-12,4,100,-17,78,-1,3,-41,2,-20,-62,-40,8,0,-52,77,1,1,27,1,45,-38,27,224987,0,100
-43,10,-1,-67,2,-7,0,100,-17,38,-69,-70,31,18,-1,-14,-32,29,7,11,16,41,0,-62,0,80,95,-21,-35,0,1,1,2,0,28,4,0,45,0,0,-40,0,-1,6,0,0,0,-5,5,9,-27,2,12,-1,0,-79,17,0,-4,27,22,-32,36,-18,-55,-67,0,-97,3,-72,17,1,-30,0,-77,20,0,-10,-3,0,-76,24,0,65,0,0,5,9,-1,1,-49,-5,-34,50,72,1,-45,0,27,-60,67,0,30,-20,77,66,3,5,-7,-76,-1,0,-3,-51,10,2,-31,7,0,-37,0,-2,-54,1,-21,-15,34,0,-18,1,0,-11,1,33,1,0,-23,-16,-35,7,25,-6,2,-28,-46,5,3,0,4,0,-40,-5,18,-37,2,9,-1,23,-60,-6,1,10,0,0,1,26,-43,99,0,0,-69,-44,-41,-12,0,-15,26,-7,29,11,17,-19,-25,-100,-29,-27,8,-4,-49,-18,-43,-69,0,65,0,-3,22,0,-43,100,0,0,-43,17,0,-1,2,-3,-4,28,-27,37,-6,-2,61,98,-50,32,-39,33,0,-25,-45,1,3,8,0,28,-50,23,225663,0,100
24,25,39,-17,11,0,-26,-9,10,39,5,10,63,44,0,9,54,13,2,36,17,-70,28,-74,-26,-1,21,-20,32,-28,2,2,2,-26,12,-19,0,-97,-25,-24,-57,1,2,-44,27,0,-25,-8,-45,34,-49,0,19,0,3,-19,13,29,-14,27,4,34,38,19,-10,-8,-26,-21,0,-13,18,44,17,28,-13,2,2,3,2,27,-19,-1,-25,22,-26,-26,18,35,1,-12,-16,1,-22,52,52,1,-17,-24,-11,-50,66,3,-6,-5,65,82,1,35,3,-12,3,-11,0,82,70,0,-4,-18,28,19,2,2,-65,1,-21,39,-30,70,-11,78,-25,38,1,21,37,1,-39,-11,48,-3,-19,8,0,-9,11,-10,-2,10,0,5,4,2,-16,39,0,24,34,20,58,26,2,22,-25,2,0,-100,-29,28,0,63,-83,-28,-79,15,1,5,26,29,-48,1,41,-11,-100,-8,48,0,13,-48,-36,13,-1,-16,0,75,3,0,2,27,5,63,0,3,12,18,-26,0,9,-9,-51,14,61,-66,3,0,-30,-12,82,23,-77,-17,28,8,-17,4,0,16,0,11,-15,17,226360,100,100
-36,13,2,-89,9,0,0,-38,-7,-27,-61,-16,46,-43,2,-20,17,35,7,13,78,-20,0,54,0,41,-23,-2,-38,0,2,1,-3,0,28,-18,-1,-26,0,0,-64,0,2,-9,0,0,0,2,-10,-2,1,4,44,-2,2,18,73,0,-18,25,27,-22,-26,-22,-57,-37,0,-26,3,-37,50,3,14,0,9,15,2,2,0,0,9,14,0,36,0,0,-10,8,0,-31,-43,-63,-58,-8,-50,0,21,0,5,-84,40,-3,31,-62,-38,43,0,-35,-39,6,0,-3,-1,51,0,5,-15,-17,0,6,2,0,-44,1,-6,-7,-10,25,-8,23,0,-6,1,-10,-12,0,-34,-11,-31,0,-11,-22,4,-20,-38,20,8,2,2,7,-58,-4,-10,-57,2,14,-10,60,38,-55,3,-10,0,2,0,-18,25,-21,0,0,46,21,-31,-11,1,-29,41,-51,16,7,7,-5,-40,-15,-36,-20,-16,-2,-51,-6,-49,-92,-1,41,2,-1,28,0,-63,-26,1,1,-39,27,0,0,0,-15,-1,36,-47,-15,-1,-2,-1,-31,52,-36,-26,19,0,-62,20,1,0,30,2,30,-43,57,226710,0,100
100,-4,-100,100,5,32,0,-42,-48,6,-10,-87,-26,-6,-1,-56,-3,-100,-8,5,-8,5,0,-100,0,21,-23,-6,100,0,1,-2,-1,0,-36,-4,0,-61,0,0,-100,-1,-2,-31,0,-2,0,100,-30,-29,-19,1,-8,-3,2,100,-7,0,-100,30,-84,-78,6,-18,-13,-14,0,-25,3,-15,1,-100,-14,0,100,35,0,31,-2,0,-67,40,0,28,0,0,100,0,-2,8,-20,-3,-99,34,-5,0,58,0,-14,-100,-26,-2,-2,-2,3,-100,1,4,100,-72,-1,-10,-2,11,100,6,-7,-7,0,-27,0,-2,-52,0,-8,42,-20,52,-100,44,0,38,2,-40,28,-4,-31,96,-28,1,100,-29,4,-6,-25,-100,100,-22,0,0,91,-2,100,-61,0,-1,38,25,-26,100,0,35,0,0,1,-42,-100,26,-1,-18,-100,-100,-45,-3,0,-20,78,100,1,5,29,100,-55,-63,-28,-57,100,17,-42,-48,85,100,-2,-100,0,-4,-3,0,100,-28,-1,4,-25,-2,0,-1,5,-100,20,-100,-100,2,-2,-3,100,-47,7,-83,-44,10,0,100,56,-4,4,7,1,-35,-22,28,226897,100,100
-18,17,-100,-18,1,-75,0,-15,-8,100,-78,-72,31,-1,2,-55,-13,-68,48,52,50,42,0,33,0,0,5,-16,-22,0,1,-1,0,0,100,-14,-1,-8,0,0,-25,1,0,-34,0,2,0,100,-33,34,-61,4,-30,-3,3,-100,48,0,-60,17,24,-75,100,-22,-68,-38,0,-66,3,-38,51,-96,8,0,-100,57,2,-75,0,0,-24,54,0,14,0,0,52,46,0,-5,-71,-100,-39,-92,-40,-1,-70,0,-11,5,26,-1,-39,-100,-40,10,2,-9,-27,-12,0,6,-3,-89,-55,2,-2,-10,0,61,1,0,-68,2,-18,100,0,100,44,100,0,100,1,38,74,0,-66,100,-18,12,100,-9,1,-4,0,26,100,6,5,-6,36,-11,100,-40,3,15,75,19,8,-58,4,14,0,1,0,-19,86,-39,-1,0,30,83,-92,-13,1,3,38,-57,-20,23,15,100,4,100,-18,-51,49,5,-64,-6,40,-28,0,11,1,0,-42,0,-58,9,1,1,-1,45,0,-3,-1,-58,9,-66,51,45,-3,-3,52,-9,-89,12,-64,8,0,-48,-69,-1,0,33,3,100,-69,17,227232,0,100
58,54,48,-100,8,-10,0,-11,-8,27,-32,-32,52,-28,-1,-9,48,27,-33,-43,-25,34,0,-67,0,100,80,31,58,0,-1,0,-3,0,38,16,0,-8,0,0,-40,3,2,26,0,0,0,-19,27,29,-75,0,-3,-3,1,100,-25,0,-30,16,17,-28,29,12,-55,0,0,-20,-1,-7,0,58,-12,0,92,6,0,-1,1,0,17,14,0,50,0,0,9,-46,0,22,-39,-20,33,35,14,0,-9,0,13,-81,48,2,-42,-36,0,57,-1,-35,30,31,2,-14,0,68,100,3,32,22,0,-13,1,0,-70,0,23,27,4,-26,19,-25,0,25,-1,23,-15,3,58,4,-8,-5,43,-38,1,25,-23,-32,-12,66,16,-10,40,0,31,-12,2,52,-21,21,94,44,1,20,0,0,-1,-18,-80,87,-3,0,-60,-80,-38,3,-3,28,33,44,3,0,22,20,15,16,-11,-16,15,-15,9,-9,34,-95,2,50,1,-1,-42,0,-22,80,1,1,-27,-10,0,3,1,-31,-15,26,-9,35,-3,1,-7,-16,66,41,-46,50,0,-2,-4,3,4,29,-2,39,-37,16,227355,100,100
34,-2,13,100,-1,21,0,100,-13,-14,-31,-15,21,-63,-1,-56,12,19,-12,-3,8,36,0,-42,0,-9,-38,-32,34,0,0,-4,-3,0,-93,-8,-1,-19,0,0,83,1,-2,6,0,-1,0,30,6,-8,-9,0,-13,-2,0,25,11,0,-20,-1,0,-15,-14,1,-25,-39,0,-46,1,-42,-19,17,-2,0,30,1,-2,20,-2,0,-31,0,0,50,0,0,100,2,-2,-8,-20,-82,18,100,0,2,9,0,-2,-56,47,-2,15,-80,1,52,2,-62,-22,-36,-1,-16,-2,55,-5,7,28,-11,0,64,0,-1,-62,1,-29,100,-48,28,-50,33,0,100,1,9,100,-1,-72,-1,-28,0,33,-20,6,29,-20,-42,32,100,0,3,-100,-3,33,100,0,0,100,36,49,100,0,29,0,0,0,-11,-58,-43,0,0,-45,-57,-57,7,0,5,28,100,32,0,29,-5,-100,-92,-30,-57,100,28,1,-13,-100,100,-3,56,0,-1,7,0,-30,-39,0,-1,-19,3,0,0,5,-21,30,20,-100,34,-11,-8,-67,100,55,26,-58,15,0,-24,8,-2,2,16,1,-91,-20,36,227356,100,100
10,29,2,43,3,15,0,11,-100,4,-35,52,31,35,-4,-62,20,11,9,20,62,-52,0,-44,0,-28,78,12,3,0,0,-4,-1,0,7,-5,0,-38,0,0,22,-2,-1,4,0,0,0,-68,6,6,-11,2,-2,-2,0,50,64,0,-20,30,-3,54,13,-17,-40,85,0,-49,5,75,17,4,-6,0,49,41,0,17,-2,0,-61,42,0,17,0,0,-13,13,-1,-46,-32,-34,-51,100,0,2,-70,0,-3,-21,42,0,-19,-39,-3,72,0,37,12,-57,0,-6,-5,16,0,12,-21,-7,0,-5,3,0,-64,0,13,-23,6,1,-63,-1,0,-25,2,23,52,-3,-37,18,-2,-1,-45,-6,7,-24,-6,-5,-67,100,0,2,-39,-3,-48,20,0,28,51,48,76,37,1,15,0,1,3,-34,10,-7,0,0,-44,8,-46,-4,-1,-26,58,38,-100,0,10,36,-41,-2,0,-72,-14,34,-1,-91,-42,49,0,70,1,-2,-8,0,58,77,0,0,-7,7,0,-1,7,-18,35,11,-16,-55,-2,-9,-80,3,14,-40,-44,1,0,65,-69,-3,2,17,0,8,-34,48,227466,100,100
-41,4,-14,-23,0,-10,0,8,13,10,-19,6,68,-13,0,-77,-8,78,26,40,-3,17,0,-9,0,66,79,-24,-40,0,0,-2,1,0,-52,-10,-1,-93,0,0,-1,0,0,6,0,0,0,-24,4,15,-65,1,37,-4,1,35,-6,0,-4,12,-8,10,15,-16,-21,-46,0,-40,1,-49,31,-9,-17,0,38,38,-1,-11,-2,0,-13,40,0,21,0,0,-52,39,0,4,-40,-21,-17,77,-42,0,100,0,11,-25,48,0,-82,-22,-50,43,2,-6,-100,-1,0,-11,-2,-50,100,4,-17,-9,0,24,2,-2,-41,2,-26,-29,-35,78,24,74,0,-24,1,41,-12,-1,67,7,-12,-10,-7,9,3,-18,-17,-5,-24,3,1,5,-23,-3,-12,-100,0,5,-9,35,64,-48,1,9,0,-1,0,-78,22,99,0,0,-18,23,-23,-9,0,-6,23,-46,-3,-15,4,5,-100,-99,-6,-82,-50,-3,-55,10,-23,-25,0,40,3,-3,-77,0,-24,78,1,1,-21,0,0,-2,1,-6,-6,78,-67,14,0,-3,37,11,-47,6,-25,21,0,-22,100,-1,3,23,0,-47,-41,35,228413,0,100
1,3,11,-37,0,-7,0,8,26,-23,-31,55,32,-40,0,-23,38,48,34,28,-41,-14,0,-7,0,88,54,-39,2,0,3,0,-4,0,-8,-2,0,-5,0,0,-25,-1,1,-28,0,-1,0,-28,-29,-1,-36,1,20,-3,2,25,-40,0,2,39,10,62,-24,-14,-27,-58,0,-95,2,-57,-4,13,5,0,14,32,1,-6,-3,0,68,27,0,30,0,0,19,29,-1,-13,-65,-41,-71,45,-11,3,-40,0,0,-83,7,0,-30,-45,-3,7,-2,-45,-100,60,0,-14,-3,-71,24,4,-27,0,0,34,0,0,-90,3,-37,-25,-20,77,-3,72,0,-25,0,18,7,0,-5,6,-13,-2,7,21,4,-25,-35,-52,-33,100,4,0,-22,-5,9,-18,0,3,10,37,16,5,3,10,0,0,1,-12,-9,8,0,0,8,-10,3,-4,-2,-25,100,7,-20,-1,15,13,-100,100,-13,-24,17,-5,-12,24,-26,-34,0,10,0,-1,-14,0,16,57,-1,0,-37,-73,0,-1,2,0,-5,47,-99,-13,-9,-4,58,5,-74,2,-3,13,0,33,-36,-1,0,20,0,-7,-65,38,231836,0,100
100,-7,25,8,0,-14,0,18,-10,12,-63,-100,64,-73,0,-18,1,1,9,0,52,79,0,-63,0,-47,-30,13,100,0,2,0,-2,0,-100,-5,0,-58,0,0,100,1,0,-29,0,0,0,0,-29,18,-4,3,-41,-2,2,-20,54,0,34,15,0,-100,17,-8,-66,-52,0,-51,2,-49,33,27,3,0,-20,10,0,-9,0,0,-57,9,0,32,0,0,34,-7,0,-55,-24,-100,-64,-17,-69,2,-37,0,-12,-34,63,1,-78,-100,-60,-14,-2,-77,-46,-66,-2,-9,-4,89,61,2,-6,-6,0,-23,4,0,-64,3,13,-15,-75,-6,14,-11,0,-10,0,10,7,2,-100,-46,-12,-15,20,-18,6,-4,-26,-47,5,7,6,2,-75,-7,20,24,3,-7,7,43,55,100,1,-9,0,1,0,-75,19,-41,-3,-7,-50,20,-47,-7,0,43,100,100,-100,-18,-8,-48,-12,100,-14,-25,34,-19,-97,-8,-72,13,-3,-13,0,0,-83,0,-19,-32,1,1,-29,100,0,0,0,33,-18,2,38,79,0,0,-8,16,96,-49,-57,7,0,-37,-36,-1,0,30,2,-100,-19,44,231838,0,100
35,39,71,100,0,-99,0,100,100,-100,5,-100,-23,-61,0,-86,22,-70,100,76,-6,-64,0,-49,0,-41,11,8,35,0,0,0,7,0,30,99,0,-75,0,0,-71,0,0,-4,0,0,0,100,-4,-100,3,0,4,0,0,100,-5,0,100,100,-100,-100,-100,-3,4,-13,0,2,0,-15,0,71,-1,0,100,-93,0,-100,0,0,-70,-94,0,100,0,0,-19,77,0,19,-100,-67,-92,-100,-46,36,100,0,-27,68,-44,0,-38,-75,-48,100,2,-60,-37,-70,0,0,0,97,100,0,4,99,0,-84,0,0,-8,0,4,100,22,100,-37,100,0,100,0,-100,61,1,32,100,-19,0,100,-100,0,4,35,-46,100,-1,-100,0,62,-29,100,-35,0,40,61,-42,-1,100,0,99,0,0,0,-76,-29,100,0,-100,-50,-37,0,0,0,27,61,100,-36,0,100,100,43,-100,-19,-85,-19,92,-22,100,62,100,0,100,0,0,-100,0,64,10,0,0,35,-29,0,0,24,100,91,-73,-39,-65,9,-7,64,100,97,100,-1,-81,0,64,100,0,0,100,0,30,-100,-42,232077,100,100
-4,12,15,-100,3,8,0,-2,7,19,-44,11,57,8,0,-3,0,-7,24,39,-26,-72,0,-57,0,-37,3,-7,-8,0,3,0,1,0,20,-12,1,-16,0,0,-100,0,1,-5,0,0,0,19,-4,2,-65,1,-25,-1,1,-10,-27,0,-14,6,7,11,16,2,-35,-12,0,-24,2,-18,29,19,-4,0,-10,40,1,5,0,0,-79,40,0,-4,0,0,17,41,0,-77,-38,-19,13,20,37,1,-41,0,7,-58,60,0,38,-22,27,20,2,3,-2,-78,0,-9,0,52,0,4,14,-11,0,0,2,0,-54,0,-5,-4,-32,6,-12,11,0,-4,0,21,4,0,-63,37,18,8,-1,-10,3,15,-1,-12,22,-2,0,3,14,0,-1,-100,4,10,4,17,33,27,0,31,0,1,1,-20,11,-16,0,0,-52,10,-40,1,1,0,0,30,-19,9,17,38,-43,23,19,-10,17,-14,-88,7,13,-100,0,17,0,0,38,0,9,6,1,0,0,24,0,0,1,-15,-12,-6,23,-74,-1,0,-18,1,55,2,-36,-21,0,19,-42,-1,0,16,0,18,-37,16,233152,0,100
-58,3,11,0,1,14,0,44,-19,-5,-14,-37,14,-7,-2,-80,-29,33,1,-2,30,-6,0,-78,0,58,20,-18,-57,0,0,-4,-2,0,12,-28,-3,-26,0,0,-100,-2,-2,-39,0,-1,0,-15,-37,-11,-95,2,-7,-1,1,-20,34,0,-25,16,17,-38,-3,-5,-9,20,0,-38,3,26,-52,14,-5,0,-23,7,-4,18,-4,0,-16,6,0,33,0,0,-27,-11,-4,-8,-21,-17,-77,60,-11,1,-2,0,0,-52,13,-1,-40,-20,-7,45,1,-14,-16,-15,-3,-9,-4,-22,0,7,-43,-26,0,0,3,-3,-83,3,-12,18,-7,100,-33,98,0,21,1,14,-17,-5,-8,4,-25,1,-2,-9,5,-42,-18,-28,-14,-13,0,0,37,-7,1,32,2,7,-7,42,21,74,0,27,0,0,0,-45,-42,-16,0,-37,-66,-45,-45,0,-1,30,18,75,-92,2,27,5,-100,-42,-31,-78,-26,24,-40,-18,42,-4,-2,45,1,-4,-43,0,54,20,-1,0,-18,-48,0,-2,3,-25,24,32,67,-2,-8,-9,65,41,-22,13,-45,11,0,42,-1,-3,2,21,-1,12,-21,46,233155,100,100
100,0,10,46,1,23,0,100,43,17,-20,0,23,-24,-2,-17,18,-19,22,14,11,18,0,-100,0,-23,-17,-15,100,0,0,0,-4,0,40,-63,-1,-39,0,0,-67,-1,0,-42,0,-2,0,100,-41,6,-65,2,15,-1,0,-14,11,0,100,22,10,7,17,-10,-16,-1,0,-27,3,9,19,8,-7,0,10,22,-1,14,0,0,-74,20,0,22,0,0,-42,18,-1,-9,-38,-2,-28,-100,12,0,24,0,-11,-100,54,-1,-30,-9,-1,-100,-3,-27,16,-73,0,-15,-1,100,-100,9,22,-60,0,2,1,0,-49,2,-11,-6,27,36,-14,30,0,-6,0,29,100,0,-12,48,4,-9,-6,-23,7,21,0,100,100,-9,-1,-3,13,-4,-7,-75,3,-1,100,37,-11,100,0,81,0,1,0,-52,-22,94,0,-9,-100,-26,-63,-2,0,-13,11,100,19,-8,68,38,92,-100,6,-28,-46,-73,-62,41,4,48,0,-100,1,-2,-32,0,100,-15,0,-2,0,-1,0,1,2,96,-74,-24,-100,15,-9,-2,61,100,100,100,-70,-2,0,100,22,0,2,9,2,40,-38,37,233246,100,100
-8,37,-7,-20,-2,0,0,-26,-7,-6,-31,29,55,-49,0,-12,-2,26,44,15,24,8,0,-73,0,-33,-31,-10,-5,0,1,-2,-4,0,37,-24,-2,-7,0,0,-26,0,0,-39,0,-1,0,-31,-40,10,-56,1,-25,-3,4,-22,24,0,-8,20,6,31,-8,-3,-33,-30,0,-30,1,-27,39,-5,0,0,-27,18,-1,0,0,0,-39,15,0,18,0,0,12,12,-1,-25,-11,-10,-39,-38,-19,1,-22,0,12,-45,55,0,-34,-1,-11,0,-3,-56,-13,-50,0,-13,0,28,30,5,-34,-28,0,8,1,0,-66,-1,-9,0,-11,-14,-7,-19,0,0,3,29,3,-3,-42,-2,-15,-18,-2,0,3,-32,4,-10,-33,5,-1,2,-1,0,-2,4,0,36,0,58,68,-31,1,-8,0,1,0,-23,15,-61,-3,0,-67,13,-25,-7,0,-9,20,-30,37,-26,-2,1,-47,-6,-13,-10,10,3,-50,-8,1,-11,0,0,0,-1,-26,0,-7,-28,0,1,2,20,0,-3,2,-7,5,26,-100,7,-4,-5,-63,-25,32,-13,-26,-3,0,-13,-22,-5,1,8,1,37,-8,58,233576,100,100
77,17,-7,38,4,27,0,-60,10,0,-31,100,-11,-48,0,-13,16,-100,11,-14,67,10,0,-70,0,26,-34,-98,78,0,1,-2,-2,0,48,-12,1,-41,0,0,-32,-1,0,-18,0,-1,0,-3,-22,-1,-29,0,28,0,-3,46,66,0,-10,16,100,100,-4,0,-31,10,0,-36,5,5,-13,3,0,0,36,0,1,28,0,0,-36,3,0,3,0,0,-9,-18,0,-45,-6,-100,-91,-39,-26,0,-38,0,-22,-6,-33,0,-100,-100,-13,58,-3,-52,63,-38,1,-3,1,46,1,6,4,-12,0,-45,0,0,-67,3,-100,100,-6,55,4,57,0,100,0,8,25,0,-26,82,-19,-12,100,-21,5,2,-15,-48,-3,10,0,2,-62,-5,100,-4,0,15,22,-4,6,-26,0,36,0,0,3,-54,-14,-65,1,0,-64,-8,-14,0,1,5,25,-24,100,-12,48,96,-28,100,-21,-18,-6,-10,-24,-5,-64,34,1,55,0,-3,-100,0,71,-33,0,0,-15,-6,0,1,9,-7,-11,-100,100,13,-5,0,-3,-67,46,20,-15,-5,0,68,-42,0,2,-4,1,46,-5,-8,233839,100,100
19,-9,7,-7,5,23,0,40,13,21,-37,24,16,-38,0,-24,-12,20,11,-6,27,-3,0,-34,0,-6,-36,22,22,0,2,-1,0,0,22,-6,1,-6,0,0,-18,2,0,-33,0,1,0,-28,-34,-9,-18,0,-15,0,0,28,18,0,6,17,-7,30,26,6,-42,-7,0,-51,0,-4,5,1,7,0,37,29,1,24,0,0,27,29,0,45,0,0,29,-14,2,-29,-22,-11,-50,-45,-21,0,16,0,-4,-44,2,0,-40,-24,-12,21,1,-36,2,46,1,-10,-1,49,0,2,-12,-1,0,-6,1,3,-67,0,16,-4,78,38,-6,37,0,-2,0,12,-14,0,5,39,-22,-3,16,3,1,-13,-22,-15,-21,71,1,0,-25,-9,11,-44,0,-7,-11,1,-44,-21,2,-14,0,1,-1,-2,11,3,0,0,-49,10,-64,-2,1,0,25,-18,-17,1,-9,39,-30,20,-26,-49,31,5,2,16,-28,-10,0,3,0,0,-39,0,18,-42,0,2,-22,0,0,-1,2,7,-1,19,-31,-1,4,1,37,43,52,15,-72,30,0,18,14,0,0,7,1,21,-25,0,233861,100,100
70,12,25,-64,6,-31,-25,40,12,30,-16,-16,69,39,0,-6,-100,7,11,56,18,17,29,-51,-27,-33,0,1,67,-21,3,3,0,-25,47,-4,1,-50,-26,-27,-4,0,0,-1,29,0,-27,-3,1,23,-69,1,14,0,0,-4,15,29,-20,33,28,-17,28,13,-8,-33,-26,-31,0,-33,20,25,8,29,6,29,1,-32,1,29,-33,26,-27,36,-27,-25,12,58,3,-47,-55,43,-41,20,-4,0,-63,-27,-16,-45,38,2,62,38,2,6,0,33,-28,-28,1,-5,0,92,13,0,-8,-3,30,24,3,2,-58,2,3,5,-20,38,15,48,-26,2,0,-9,-37,2,-26,-12,-16,2,-17,-73,0,-9,-54,-51,-1,8,2,0,20,-8,-21,-78,0,11,-47,26,43,-35,1,-40,-27,1,0,-58,5,-48,0,48,-52,9,11,10,1,-10,24,-34,24,14,-25,-15,-48,13,-22,-3,11,-44,-26,4,17,-71,0,6,1,-4,52,29,36,3,0,3,-51,7,-27,1,2,-20,-47,6,100,43,2,0,42,45,89,-7,-76,19,28,37,-64,3,4,12,1,47,-54,26,235036,0,100
36,8,17,-73,0,-12,0,-17,21,-11,-35,-33,40,2,-1,11,-20,22,22,-9,55,15,0,-41,0,-8,43,-6,32,0,3,0,-6,0,52,-21,-1,35,0,0,-24,0,2,-28,0,0,0,-39,-26,-29,-65,5,14,-1,0,-31,55,0,-21,4,11,-28,-11,-11,-43,-28,0,-22,1,-37,57,22,20,0,-35,48,0,-12,0,0,-25,49,0,41,0,0,41,-6,0,-12,-38,2,-85,73,17,3,-50,0,23,-45,25,0,25,-1,10,40,-7,-6,-3,-27,0,3,-3,30,0,2,-12,-22,0,24,2,1,-43,1,-7,1,-48,100,-35,100,0,0,0,13,-10,0,-7,-43,-23,-17,18,-13,2,-11,-12,7,-34,-100,7,1,56,-11,13,-28,3,7,-9,49,18,21,1,12,0,0,0,21,22,10,0,0,-36,21,-32,-10,-1,46,36,24,18,-19,12,-27,-30,-78,-21,2,38,-12,-73,23,52,-67,1,39,0,-1,29,0,-13,45,0,2,-13,-100,0,-1,0,-21,-9,25,5,13,-5,0,91,-18,33,-10,-36,15,0,-14,-50,0,1,6,2,52,-36,48,235374,0,100
-42,9,30,-51,6,-15,0,9,3,-2,-48,-30,29,-31,0,13,-17,28,25,-3,-23,33,0,-74,0,-44,-37,20,-36,0,1,1,0,0,51,-18,0,54,0,0,-17,2,1,2,0,1,0,-49,1,3,-10,2,11,-2,2,-23,-25,0,13,25,30,-30,0,-18,-41,-64,0,-40,3,-62,45,30,-5,0,-30,29,1,-11,-3,0,-57,33,0,45,0,0,3,-3,-1,-29,-52,6,-32,-31,-40,0,-25,0,11,-44,27,0,-38,10,-39,71,0,-19,8,-52,0,-8,-3,-35,0,5,24,-15,0,20,2,0,-58,2,23,12,-1,4,7,-1,0,16,1,-2,-55,-3,-31,22,-5,-4,24,-22,4,23,-20,-2,-42,-18,1,7,-29,4,27,-9,2,9,-55,49,0,-52,3,-30,0,0,1,65,3,-24,-2,0,-79,1,-47,-11,0,-10,40,-52,35,-2,-33,26,-50,-3,-7,12,3,-7,-47,4,-23,-52,1,68,2,-3,-27,0,-83,-41,0,0,-24,-21,0,0,1,12,-6,29,-79,34,-4,-1,-52,5,-37,24,-45,21,0,-71,-25,1,3,24,0,55,-52,48,235413,0,100
57,-7,-24,-14,8,5,0,15,-7,20,-28,5,4,-40,0,-42,23,-15,30,-24,-4,-76,0,29,0,40,-48,-34,49,0,-1,-1,0,0,64,5,0,-31,0,0,-41,0,1,32,0,0,0,-4,34,17,-52,-1,-33,0,0,-54,-4,0,-11,14,8,7,19,1,-38,-9,0,3,4,8,48,-33,1,0,-71,10,2,13,-1,0,7,6,0,29,0,0,-14,-26,0,-82,-3,-2,-11,-49,-26,0,3,0,-7,-9,32,3,-60,-6,-10,8,2,-45,-37,7,2,-1,-1,-22,0,7,-33,6,0,-31,2,2,-56,3,-41,42,-83,55,-14,51,0,36,0,-32,-40,-1,31,-37,-39,-6,3,-47,4,-38,-45,20,-15,-29,0,-2,-31,-13,-2,9,2,-4,-38,58,-5,5,3,-6,0,1,3,-28,8,-46,0,0,18,1,-40,3,0,7,37,6,-43,-3,18,-2,-16,41,-45,-35,-18,22,-88,-7,-32,-6,-1,6,3,-4,-58,0,36,-52,-1,2,-48,-1,0,2,10,-11,23,-15,-14,-77,-13,1,-48,7,-20,3,-37,-5,0,41,-7,-3,9,3,0,65,-6,52,235662,0,100
45,10,10,-52,0,-24,0,41,-23,-100,-22,-100,25,9,-2,8,-26,36,25,-18,-37,-5,0,6,0,-31,-34,15,52,0,1,-2,-1,0,6,10,0,13,0,0,-25,0,1,-15,0,0,0,-29,-12,4,-57,3,10,-2,1,61,-39,0,-1,30,6,-100,-98,-97,-19,-38,0,-60,1,-37,26,11,8,0,68,34,0,-25,-3,0,-22,34,0,25,0,0,14,-22,0,-43,-40,-1,-26,-5,12,2,98,0,-5,-37,30,-1,-63,-8,11,69,0,-2,-24,-28,-2,-11,-4,-50,24,7,0,8,0,52,1,0,45,0,14,-38,-45,-1,4,-6,0,-33,0,-15,-12,-1,-30,23,-24,-9,-19,6,5,0,-15,5,-25,-7,5,1,-32,0,-18,-100,2,9,-8,44,65,-32,2,-3,0,0,0,-8,25,-15,0,0,0,28,-57,-13,-1,-16,21,-30,-92,-12,-11,17,-22,-65,-29,0,14,-26,-18,-30,-31,-51,0,67,-1,-1,-55,0,16,-31,0,0,-18,-7,0,-1,0,0,-27,36,-100,17,0,-3,57,36,-44,-16,-62,12,0,12,100,-1,0,26,0,8,-38,46,235840,0,100
-40,25,23,-29,19,22,-16,27,60,46,-43,82,57,-9,0,-63,-35,52,-2,-54,-30,-33,17,-68,-17,100,40,-15,-39,-11,1,-1,-4,-17,24,1,-1,-63,-15,-17,-57,-2,0,-8,16,-2,-17,-18,-8,19,-47,-1,45,0,3,10,-27,17,5,14,7,88,45,21,-52,7,-17,-10,0,-7,-1,32,18,17,16,14,1,21,0,15,-39,15,-17,19,-16,-15,17,-49,2,-38,-29,23,-36,-2,37,0,-11,-15,-21,-44,22,2,-3,15,38,37,-4,-1,-18,-35,-3,0,0,81,13,0,0,0,18,30,2,0,-63,2,-21,43,-60,-18,-22,-12,-15,43,2,69,23,0,52,-3,45,-13,-1,-37,0,1,-5,-9,-8,6,1,4,43,-7,-5,-1,-1,27,21,18,89,13,2,51,-16,0,0,-44,-2,1,-2,44,-79,0,-68,13,-1,3,-12,15,-42,-5,52,6,-100,-100,43,-66,18,-8,-18,44,25,-25,-2,36,-1,-1,-9,16,18,37,1,1,-7,18,-17,0,5,6,-7,52,100,-35,0,0,28,29,74,3,-76,-19,18,42,-19,0,2,24,1,22,-30,14,236642,100,100
-40,-25,-1,-69,0,8,0,-1,43,-10,-49,-4,37,-20,0,10,-4,7,12,-54,55,0,0,-48,0,2,-38,-23,-38,0,2,0,-4,0,31,-10,-1,27,0,0,-21,3,0,10,0,1,0,-18,8,7,23,2,-6,-2,1,2,52,0,-1,22,8,-1,-9,0,-41,-50,0,-54,2,-52,28,1,-1,0,3,25,0,8,0,0,-51,24,0,52,0,0,23,-58,-1,-22,-45,-1,-34,24,-48,0,20,0,6,-58,65,2,-57,-12,-36,43,-5,-7,2,-52,1,-20,-3,-56,0,2,-16,-6,0,24,1,0,-75,0,-29,4,9,22,-6,18,0,14,3,18,-40,-1,-33,55,-28,-14,9,-17,2,-16,-26,-1,-14,-16,4,9,-20,-1,0,-25,3,-23,-41,31,0,-74,0,-52,0,2,0,42,-45,-52,-2,0,-45,-42,-56,0,-1,-3,57,-75,15,-15,-48,46,-58,1,-28,-2,21,4,-84,37,-24,-68,0,42,0,-3,-66,0,-68,-48,0,0,-25,-19,0,0,0,-1,6,7,9,0,0,-1,-25,-2,-54,17,-63,14,0,-62,18,0,2,16,0,36,-43,25,236890,0,100
-36,0,14,-55,3,-5,0,-38,-18,-39,-41,-58,52,22,2,-8,2,52,11,-1,51,27,0,-25,0,-27,-2,-45,-35,0,0,0,0,0,52,0,0,40,0,0,-13,1,-1,0,0,-1,0,-13,-1,14,18,-2,3,2,-1,60,47,0,-5,17,0,-63,-42,0,-42,-51,0,-40,0,-52,25,14,4,0,68,36,-3,-6,0,0,-28,34,0,29,0,0,24,7,-1,5,-56,-34,-32,-17,-20,-1,-51,0,19,-36,13,2,-75,-34,-35,54,1,27,-11,-10,5,-8,0,-58,0,8,-9,2,0,12,0,1,-68,2,-41,-18,39,41,-10,41,0,-14,0,17,-20,2,-46,27,-27,-1,37,-18,3,-11,-55,48,-14,8,5,5,-41,-6,35,-3,0,0,-20,32,58,-45,2,5,0,2,-2,40,50,-14,0,0,-30,55,-57,0,2,-18,44,-46,0,11,-5,26,-31,-9,-21,-14,23,-21,-34,-21,-40,-64,-2,51,4,0,-72,0,-33,-1,0,0,-56,16,0,0,2,-5,-23,55,-23,26,-1,0,-28,-35,-52,-6,-56,14,0,-38,-50,0,1,30,3,54,-56,31,237419,0,100
14,29,-11,20,15,0,0,13,-10,19,-34,10,22,-22,-3,-42,11,51,-28,22,-8,-25,0,-23,0,-21,-23,0,21,0,1,-1,0,0,45,-5,1,-50,0,0,-30,0,1,1,0,-4,0,-52,3,11,48,3,-8,-2,4,15,-8,0,-16,19,8,13,23,-27,-29,-5,0,23,6,-9,35,-11,1,0,16,19,-2,1,-2,0,14,17,0,21,0,0,-11,27,-2,-64,-35,1,-21,-58,3,4,-50,0,-8,-49,44,0,34,0,-3,39,1,-28,-49,10,0,-17,-2,-11,0,8,-10,-4,0,-52,0,-1,-20,-1,0,1,-20,1,-8,4,0,4,2,14,27,0,8,-10,-23,2,-27,-48,7,-10,-14,-17,-49,16,-4,4,-100,3,-26,48,2,26,28,25,6,-5,1,-57,0,0,2,-73,10,-25,0,65,-20,10,3,0,2,-13,22,-9,-10,6,-56,-6,-61,46,-25,-36,-11,19,-31,-7,-100,13,0,39,0,-3,37,0,-38,-18,1,-1,-14,3,0,0,5,-17,18,49,57,-24,-4,-4,-34,8,-10,-3,7,-4,0,-40,-48,-4,6,16,2,45,-37,25,238041,0,100
-30,9,14,-46,0,-34,0,43,49,-1,-71,6,51,-20,-2,4,-5,27,16,15,27,15,0,-48,0,-28,-34,1,-33,0,2,3,-1,0,39,-2,-3,-12,0,0,-65,2,2,2,0,1,0,9,5,20,-47,4,-14,-3,0,-85,20,0,-8,19,18,-3,-1,-10,-75,-45,0,-51,0,-43,40,15,-3,0,-79,32,3,-35,-1,0,-33,39,0,55,0,0,5,14,0,10,-52,-60,-11,29,-36,3,-7,0,11,-52,65,-1,-46,-58,-36,4,2,-40,-38,-17,0,2,-1,79,0,0,15,7,0,-1,4,0,-73,2,6,-10,43,65,16,66,0,-12,0,44,-10,0,-42,16,-42,-2,4,-12,0,13,-11,14,19,15,1,4,2,0,5,25,0,6,-8,24,27,-8,1,-36,0,2,0,-51,11,-37,-2,0,-57,9,-27,-9,1,-21,50,-6,3,2,-36,10,-33,-1,-33,0,7,-23,-33,46,8,-54,0,-2,0,-1,-47,0,-27,-27,0,2,-16,21,0,-3,0,-7,-23,26,47,18,-9,1,2,46,83,-34,-36,12,0,-25,-3,2,0,26,1,40,-52,25,239250,0,100
-7,2,-22,-58,9,-17,0,-52,-12,-100,-57,64,-3,-20,0,-3,1,-90,44,37,25,46,0,-90,0,-45,6,-24,-7,0,3,-1,-2,0,17,8,-1,-3,0,0,100,0,0,-20,0,1,0,100,-17,31,-21,3,-42,-2,1,57,32,0,-15,18,13,100,-100,-11,-48,-51,0,-30,2,-54,57,-21,20,0,54,24,1,-18,-4,0,-14,20,0,24,0,0,71,38,0,-43,-58,62,-49,28,12,1,-32,0,5,-100,15,-1,-9,-17,13,45,-2,-33,-30,-27,-2,-12,-1,54,-100,4,-8,6,0,16,2,0,-55,2,-21,45,-6,12,30,17,0,15,0,46,13,-1,-95,52,-31,-3,58,-1,5,-4,-33,26,100,-100,4,0,4,-6,55,58,1,1,16,38,-20,100,2,-45,0,0,3,-22,74,24,0,9,-68,73,-54,-8,0,-14,36,100,-94,0,-43,40,-25,100,-32,-12,69,-16,-34,-10,-6,-56,-3,48,-2,0,-11,0,-58,12,0,0,-33,30,0,-1,-1,-19,-16,-91,-100,44,-2,-2,-100,-51,54,100,-49,13,0,-55,-31,0,-1,30,-1,18,-57,39,239613,0,100
87,5,-15,-44,4,-15,0,7,63,-19,-79,14,36,30,-1,-18,-9,42,15,-8,-73,77,0,-60,0,76,43,12,89,0,2,-2,-3,0,31,-2,0,23,0,0,93,0,0,46,0,-1,0,-23,45,0,-16,1,8,-1,-1,-49,-76,0,-20,26,100,12,-19,-17,-81,-23,0,-54,3,-28,9,-15,4,0,-58,31,-2,-12,-3,0,-26,31,0,27,0,0,4,-7,0,14,-29,-37,-62,44,-3,2,0,0,-1,-40,-5,-3,14,-40,-10,15,-1,24,-71,-27,-2,-9,-3,-42,71,5,-13,-1,0,41,1,0,-57,0,12,-14,-44,78,13,78,0,-8,0,20,7,-1,38,16,-13,-9,-12,-29,4,-12,-6,27,-18,-5,3,2,80,-7,-11,-22,3,5,9,16,35,-21,0,7,0,0,1,9,21,4,0,0,-55,21,0,-4,0,-11,49,-22,-17,-8,8,15,100,-100,-24,-18,1,-15,-35,61,87,-43,-1,14,0,-2,3,0,-18,47,1,0,-8,-6,0,-1,3,-20,-16,42,75,76,-2,-3,40,12,-37,16,2,18,0,-20,-1,-2,1,20,0,34,-29,16,239770,0,100
11,12,20,-11,16,36,0,-38,-28,10,-14,0,11,-23,3,-31,12,24,3,-43,51,-5,0,-34,0,70,-1,-61,12,0,0,-1,2,0,56,-2,0,-14,0,0,-56,1,0,9,0,-1,0,6,11,-32,13,-1,6,2,-1,-86,46,0,21,14,-7,8,16,27,-9,27,0,61,0,9,39,29,17,0,-76,8,-1,39,0,0,-66,8,0,1,0,0,31,-42,-1,-58,-27,10,3,-61,7,0,-5,0,-25,-35,37,0,-41,17,0,19,1,-12,-84,-67,3,1,1,-72,30,4,50,-4,0,-57,0,0,-48,3,-57,-2,-43,38,-40,42,0,-2,0,35,7,0,-67,1,-7,0,23,-30,1,51,-16,-51,10,43,0,6,83,0,19,33,1,21,13,14,29,2,1,7,0,1,0,5,12,-60,0,0,-42,16,-19,7,2,-6,41,0,-100,1,-1,1,-62,15,-7,-24,30,-9,-17,-12,77,-12,0,21,3,1,-48,0,40,-8,0,-1,-13,-12,0,3,1,24,-10,27,84,-7,1,1,-32,-44,-72,-9,-22,-27,0,41,-8,1,0,-18,2,57,-23,12,240047,0,100
95,10,5,37,6,-30,-32,100,-100,24,-58,33,63,1,0,-17,-2,-70,44,31,-52,75,34,-42,-32,32,52,-15,94,-21,1,3,0,-31,52,3,0,-29,-31,-34,9,2,1,-58,33,2,-33,100,-58,25,-54,2,-8,0,0,31,-52,34,-9,22,5,35,24,-3,-50,-48,-31,-46,0,-54,47,10,-1,35,35,44,2,-30,0,34,-11,44,-34,30,-31,-30,30,26,0,-12,-52,32,-6,43,-47,1,72,-32,-15,-57,52,3,-20,39,-31,-100,0,7,21,-32,0,-16,0,39,100,0,40,-2,35,-14,2,1,-72,5,-14,33,1,-11,29,-12,-33,37,0,6,-43,2,1,6,-10,-4,0,-6,0,44,-24,4,100,11,3,0,-48,-1,0,-41,0,11,-42,36,64,48,3,-20,-31,0,0,-13,76,77,0,42,-33,73,3,-7,1,33,23,46,1,2,-6,4,-46,-100,-19,-17,33,-26,-63,-100,-49,43,0,-100,2,-4,-12,33,6,50,0,4,-24,-54,-31,0,0,-8,-25,-67,-97,57,-7,0,74,100,40,-5,8,14,34,7,70,3,4,10,0,54,-50,37,240277,0,100
-9,18,-30,-70,0,-28,0,14,-2,-15,-72,-13,40,-32,-2,-1,4,5,40,-3,43,44,0,42,0,21,-55,-13,-15,0,2,-1,-3,0,41,0,0,-51,0,0,-35,0,0,-48,0,0,0,-7,-47,2,-6,4,-17,-4,0,-39,44,0,-4,9,20,-13,-11,-17,-67,-34,0,-16,1,-39,71,-24,14,0,-54,43,0,-27,0,0,-68,41,0,19,0,0,6,-2,-1,-64,-45,-44,14,-7,-32,0,-58,0,-12,-71,63,0,-39,-44,-31,49,0,-41,-42,-79,-1,-11,-1,71,0,5,19,-3,0,31,3,-2,-40,0,-13,1,-4,22,-2,28,0,-2,0,26,-82,0,-72,2,-25,-6,-36,-17,5,19,-23,-32,-4,16,2,4,-22,-3,-34,36,1,17,-76,56,14,-25,1,-27,0,2,0,-44,16,-43,-1,0,44,16,1,-12,1,-1,28,-21,-15,-8,-23,12,-45,26,-26,-4,1,24,-39,-4,-25,-70,-1,52,0,0,-36,0,36,-49,-1,1,-27,4,0,-3,0,-4,25,5,-51,44,-5,-4,-77,19,71,0,5,8,0,37,-57,-1,0,6,0,42,-43,56,240638,0,100
-8,-5,-5,-86,18,-8,0,51,26,37,-66,7,28,-37,0,-5,52,3,14,40,7,1,0,-31,0,0,-36,-6,-18,0,1,4,1,0,43,7,2,-23,0,0,-22,1,0,-4,0,1,0,-8,-1,20,-20,1,4,0,2,-3,15,0,-28,52,9,10,41,-3,-51,16,0,-63,0,6,33,-6,15,0,16,17,1,-11,-1,0,-36,15,0,25,0,0,22,39,0,-34,-24,2,9,-31,-51,-1,-30,0,-21,-41,46,0,-31,-6,-47,55,0,-25,1,-50,1,-6,-1,-58,0,0,5,4,0,-14,3,0,-54,2,-6,13,18,38,40,35,0,11,0,27,-23,3,-48,-5,-7,7,-12,7,-1,12,-2,-10,1,-2,2,3,-26,1,-12,-70,0,-5,-20,34,38,-14,0,-19,0,1,2,-8,31,-68,0,0,-27,36,-19,3,1,-21,67,-12,25,25,-23,-11,-60,8,-19,3,19,-35,-39,26,-31,-81,0,49,2,-2,-42,0,6,-41,0,3,-2,-2,0,0,1,-29,-34,2,71,6,0,3,-10,55,-66,-17,-16,11,0,25,-27,2,1,20,0,40,-25,35,241031,0,100
-12,14,-13,-10,8,-6,0,13,-13,31,-14,-7,20,-17,0,-27,33,21,30,26,14,-17,0,-14,0,41,-35,52,-9,0,0,0,3,0,73,-2,1,-49,0,0,0,3,2,23,0,2,0,-17,26,23,-19,3,38,0,1,-30,16,0,-18,14,8,0,35,-12,-31,4,0,-62,2,3,28,-11,2,0,-13,19,5,-11,1,0,-7,12,0,39,0,0,-16,37,0,-5,-5,-29,-64,0,-22,2,0,0,3,-51,21,2,-68,-25,-12,67,0,-21,-15,4,2,-19,-1,100,0,7,-24,1,0,41,3,1,-67,0,62,17,-12,21,21,9,0,8,-2,-5,24,0,-51,6,-14,-6,-15,-20,3,-19,-24,11,-16,-97,3,6,-89,7,-15,-25,0,11,21,27,13,0,0,-31,0,1,0,-51,6,-30,-2,0,-12,6,-44,-3,1,2,36,1,0,-9,-20,19,-42,38,-17,-27,-22,9,-19,-8,-100,-28,0,61,1,-3,-46,0,-27,-36,1,-1,-29,10,0,1,5,-18,7,21,-100,-18,3,3,-27,5,100,15,-52,37,0,-27,4,-1,5,20,1,74,-5,29,241588,0,100
-26,3,11,-12,6,22,0,-12,0,12,-39,8,38,-21,1,-49,-17,72,1,-17,-50,-12,0,-36,0,17,81,-28,-19,0,1,0,1,0,-4,14,0,-3,0,0,-8,0,3,51,0,-1,0,100,55,24,-6,2,39,-2,3,32,-50,0,-27,31,13,12,13,-10,-23,-19,0,18,4,-13,-2,10,-3,0,37,0,-1,21,-1,0,-5,-1,0,48,0,0,-13,-18,1,32,-26,-32,-47,48,-17,-1,-17,0,0,-20,33,0,-14,-51,0,97,4,-38,-50,-4,0,0,0,63,0,6,-34,13,0,17,2,-1,-50,-1,-28,-20,-28,18,-7,8,0,-19,2,-18,-9,0,68,51,-30,9,-5,-48,3,-35,-24,-7,100,5,5,1,0,-3,-7,66,2,2,-4,32,77,-49,0,21,0,0,4,-21,25,69,1,0,-43,18,-47,-1,0,6,36,-51,45,16,25,46,46,-11,-34,-55,-12,2,-45,5,-2,-16,0,100,0,-3,-19,0,11,83,0,0,-29,-6,0,-1,5,-26,1,71,52,-8,7,-1,-27,-26,66,0,-45,-64,0,17,-15,-1,4,11,0,-8,-25,34,241736,0,100
13,-6,1,-18,0,-35,0,44,35,-5,-32,-32,46,-7,0,29,-2,12,17,-5,-14,-47,0,-9,0,-57,-47,30,9,0,2,0,-3,0,52,-24,0,26,0,0,5,2,0,-49,0,0,0,22,-48,8,31,4,33,-4,2,-100,-16,0,6,30,15,-34,-11,8,-25,-20,0,-58,3,-20,-5,3,18,0,-94,-6,3,-39,-1,0,3,-8,0,36,0,0,-1,-6,0,-17,-39,-57,-68,41,-50,0,-58,0,-1,-44,30,0,-68,-60,-50,28,1,-18,-8,0,1,-11,-3,77,15,4,22,-23,0,55,2,0,-77,0,32,12,-5,-5,17,0,0,14,0,-27,-67,-1,0,32,-8,5,21,-12,3,21,-20,37,29,-7,9,0,-20,-6,18,46,1,-11,-72,15,58,38,0,-33,0,3,3,12,65,-4,-4,0,-5,64,-32,-1,0,-3,35,41,16,10,-35,40,-49,58,-5,24,-9,-9,-68,33,-28,-27,0,24,1,0,-80,0,-32,-43,0,3,-17,-2,0,-2,1,5,-7,12,36,-47,-5,0,-1,56,76,-15,-34,15,0,-8,-61,0,0,14,3,52,-37,12,241788,0,100
15,-17,-9,-27,7,13,-20,-20,-71,-13,-23,100,61,-25,-1,-40,-18,40,3,15,48,13,22,-58,-20,4,71,29,13,-10,0,-1,1,-20,34,10,0,-77,-20,-21,-16,0,3,-37,23,0,-21,-8,-39,-18,-73,2,-20,-2,5,34,46,23,2,14,24,100,-11,17,-22,1,-20,-49,0,7,-15,-4,10,22,21,23,0,13,1,22,-46,27,-20,38,-18,-19,0,18,-1,-12,-10,-6,-36,-4,22,0,-12,-19,-5,-26,45,4,46,-4,30,70,0,-18,6,-43,3,-2,0,-18,67,0,2,11,24,13,0,1,-65,0,25,20,-52,12,-24,-6,-19,23,0,5,16,1,-40,23,-4,3,0,-22,0,-2,-2,-47,1,-27,4,-2,17,-11,-4,-21,-1,-16,13,-6,-21,-71,1,27,-21,0,0,-69,-40,-4,0,-99,-39,-47,-9,11,-2,-5,52,-68,-33,13,20,13,-31,-100,-1,-45,-1,37,-35,-79,18,-34,3,65,2,0,35,24,32,64,1,1,-6,-14,-19,0,5,2,34,41,61,10,-6,0,48,-16,-16,23,-11,28,23,38,-15,1,1,6,-1,35,-11,-5,241847,100,100
-27,1,15,7,4,18,0,-14,13,-4,-24,55,40,-18,0,-54,8,-64,17,-41,33,-61,0,-74,0,-86,16,-16,-29,0,1,-1,1,0,44,-17,0,-24,0,0,-41,0,-1,-6,0,-1,0,-11,-7,-12,3,0,25,-2,0,-3,27,0,-1,24,16,47,-2,-17,-21,-12,0,-66,2,-12,35,18,-3,0,-2,26,0,21,-2,0,-24,27,0,2,0,0,13,-42,0,-27,-32,-28,28,-39,0,2,-14,0,10,-25,29,0,-21,-35,-20,46,1,-16,11,-14,0,-3,-1,-58,0,5,-18,-11,0,54,2,1,-43,1,-18,-29,11,-5,-35,0,0,-26,0,9,-33,-3,-20,-13,-31,3,5,9,2,-21,-9,-4,4,-16,0,0,-5,-4,7,35,2,2,-29,26,13,-17,1,-11,0,0,0,-23,25,-48,-2,0,-82,22,-7,-8,0,-27,38,-13,-37,9,-26,-10,-47,20,-20,-62,10,-24,-48,10,0,3,-1,42,2,-4,-39,0,25,16,-1,0,-7,-1,0,-1,5,0,-24,-63,-52,-62,-5,-4,-14,-14,-58,-16,-9,-15,0,29,-14,0,3,22,1,46,-30,23,241850,0,100
23,-11,100,57,10,5,0,-81,-13,-100,-50,4,80,35,-1,15,4,-100,12,19,24,-16,0,-39,0,-100,-34,-25,19,0,1,1,-3,0,-95,-20,0,-25,0,0,-62,4,3,-12,0,0,0,36,-14,-6,-63,3,7,-5,1,7,17,0,-21,2,2,13,-100,-2,-58,-39,0,-49,2,-52,4,100,5,0,-2,10,1,10,-2,0,-37,11,0,32,0,0,-39,27,0,-15,-44,-100,-64,26,3,2,27,0,4,-87,69,0,-6,-100,6,21,0,40,-11,-21,0,-13,-3,100,0,6,31,-13,0,0,2,0,-69,1,-28,100,-28,100,-36,100,0,100,2,17,-23,0,-24,73,-10,0,55,-34,5,29,-16,-73,50,-9,5,2,-98,-5,55,-45,3,-9,-20,52,7,100,0,1,0,0,2,-7,28,-31,0,-82,-48,22,-61,-3,1,95,33,100,43,6,5,96,-100,19,-7,12,-41,-5,-64,-11,-100,52,0,18,0,-2,12,0,-6,-37,0,1,-21,-100,0,-1,3,-20,-3,-100,21,-20,-6,1,19,-89,100,-13,-68,-1,0,-5,25,1,2,20,2,-95,-44,52,242453,0,100
36,-11,-23,-49,1,1,0,-17,78,25,-57,79,21,-6,0,6,18,-71,12,9,19,4,0,-46,0,9,58,-32,35,0,1,2,-4,0,-84,-17,-2,0,0,0,-45,0,0,100,0,0,0,100,100,26,-19,2,-19,0,2,-82,23,0,-100,-21,-100,77,25,-3,-58,-2,0,-52,3,-4,9,-22,8,0,-78,10,1,0,-1,0,-18,12,0,23,0,0,-41,0,1,-19,-37,-70,-100,-64,-19,2,-24,0,-2,-40,46,-1,-52,-70,-2,7,-1,-7,-25,-21,-1,2,-3,44,-9,3,3,-16,0,52,1,0,-54,0,-34,-9,-21,100,32,100,0,-7,2,39,100,-1,-63,-15,-32,-9,100,4,3,9,-28,-13,100,18,4,3,-69,-8,100,-27,3,-14,100,33,12,26,0,-13,0,1,1,8,-18,0,1,27,-43,-17,-11,-3,0,42,100,27,35,-8,-5,-12,97,100,-33,10,-40,-13,-62,72,-69,-47,-1,9,1,-1,-51,0,-100,58,0,2,-30,100,0,0,3,-100,-13,-70,35,8,-6,1,26,-18,44,-19,-16,-6,0,-92,-23,1,0,8,1,-84,-38,38,242458,0,100
100,18,7,17,7,-37,-27,52,-19,-99,-12,-100,46,28,-1,-74,-10,50,29,30,-48,43,30,-44,-27,-20,13,2,-8,-21,0,2,-1,-28,58,-7,0,10,-28,-28,-14,1,3,-13,30,0,-28,-3,-14,-5,-26,0,23,1,0,-28,-48,30,-18,24,10,-100,-97,-6,-18,-23,-26,-48,0,3,34,8,66,31,-32,24,0,-36,0,31,0,24,-28,14,-27,-27,2,32,0,3,-42,12,34,100,63,3,-21,-26,-4,-20,21,1,100,12,79,34,-3,32,-81,-3,0,-3,0,11,98,0,-10,-9,32,8,1,1,-58,5,-1,-4,-39,26,-3,28,-28,-4,0,-26,25,2,6,-7,-3,-3,-14,-100,0,-9,-21,47,-2,-13,4,2,-14,-2,-16,4,0,19,30,14,84,-41,2,-12,-27,0,0,-68,-13,57,0,35,-45,-13,29,-4,0,54,100,28,48,4,3,0,-100,-27,-27,-73,1,-5,13,-21,-14,21,1,33,1,-2,100,30,100,52,1,2,-21,-100,-27,-1,7,-15,-3,50,99,47,81,0,66,52,-3,100,30,3,30,100,-27,1,3,5,0,57,-42,15,242577,0,100
-65,0,-67,-76,-2,5,0,-5,42,-97,-24,100,21,40,-1,-10,-4,-46,63,14,-8,13,0,-82,0,-10,54,-36,-72,0,4,1,-1,0,26,17,0,50,0,0,-60,1,5,7,0,-1,0,-100,11,-16,-47,3,-40,0,0,17,-9,0,-3,-34,100,100,-94,-34,-23,-1,0,-66,2,-7,77,-62,-12,0,25,45,1,-2,0,0,-28,46,0,67,0,0,-100,16,0,-90,-95,35,-56,-28,2,3,-10,0,22,-56,19,0,-58,38,5,52,3,26,-30,-32,0,-14,-2,31,0,2,-100,19,0,6,3,0,-72,0,-30,21,37,10,-24,11,0,17,-1,12,-68,1,-100,0,-11,-10,17,-2,2,-100,-24,-11,-100,100,0,4,-74,1,18,-44,1,0,-65,23,-18,100,0,0,0,3,1,28,13,-46,2,0,-83,13,-91,-13,-1,100,58,100,11,-15,-1,1,-44,-93,-10,-13,-100,-7,-40,46,-79,-75,2,52,-1,-4,-63,0,-67,57,1,0,-25,-100,0,0,0,-1,-7,-46,-70,11,0,0,42,0,31,-32,-95,22,0,-66,-11,1,3,10,0,24,-96,22,242664,0,100
-14,21,38,-45,4,4,0,-46,-19,3,-42,24,36,-22,0,-52,20,39,33,15,56,-11,0,-74,0,21,-2,-14,-13,0,1,0,0,0,84,-24,2,-40,0,0,-45,2,0,36,0,0,0,-44,36,-19,-31,0,39,0,5,19,52,0,-51,52,11,33,7,-8,-44,-10,0,-58,1,-17,29,40,6,0,23,17,1,7,0,0,4,18,0,22,0,0,19,20,0,-49,-36,-17,-34,-49,-57,1,-26,0,-5,-49,46,2,8,-28,-61,54,1,-13,-21,6,1,-16,0,36,0,2,-2,-26,0,10,2,-1,-90,0,-21,-13,-33,-75,-6,-73,0,-9,2,5,-25,0,-40,0,6,-1,26,9,0,0,-5,-56,-39,9,2,7,-29,2,26,3,1,21,-22,19,55,-32,3,-70,0,0,2,-34,-13,-37,0,0,-76,-4,-14,0,-1,-27,51,-28,-100,4,-76,1,-52,17,12,-63,18,-45,-31,-18,-40,-58,0,50,1,-3,16,0,36,-7,0,4,-6,-11,0,0,5,-48,-46,39,69,-17,6,3,-78,-47,40,-22,-16,-7,0,38,-27,2,3,18,-1,85,-36,23,242725,0,100
-44,23,-18,-56,15,-7,0,16,-5,14,-45,-19,52,0,0,-7,-15,32,1,-3,-4,-2,0,3,0,-43,-37,16,-41,0,2,0,-2,0,24,11,1,46,0,0,8,0,0,-2,0,0,0,-21,1,3,28,1,12,-3,1,-34,-4,0,-4,25,15,-20,12,-21,-49,-40,0,-14,3,-38,12,-20,-6,0,-19,32,-2,-14,-4,0,-51,39,0,27,0,0,-13,-5,1,-52,-43,-3,-41,-44,-47,1,-47,0,2,-68,41,-1,-57,-8,-45,44,-2,-17,-1,-51,-3,-25,-4,-29,0,8,8,12,0,26,1,-1,-52,0,20,-58,-12,-14,-10,-7,0,-57,2,-8,18,-3,-45,11,-21,0,-3,-24,4,13,0,-6,-19,-8,0,0,-86,-4,0,3,2,18,18,29,75,-23,1,-19,0,-1,1,19,45,-40,-2,0,7,45,-51,-4,0,-9,15,-26,2,6,-10,13,-31,31,-22,-7,-5,20,-22,-5,-87,-56,0,43,0,-4,-52,0,-84,-30,0,0,0,-1,0,-3,0,-5,17,32,-62,-5,-4,-1,-24,17,-28,13,-52,22,0,-78,-46,2,6,17,0,26,-46,30,242816,0,100
24,30,25,-45,10,-29,-23,8,-35,-5,-7,-8,57,-7,0,-41,32,58,15,5,4,2,25,-54,-24,73,98,2,30,-13,3,4,-3,-21,38,-22,0,55,-21,-23,-36,1,2,15,26,1,-24,-12,16,14,2,2,-20,0,2,-81,7,24,25,14,31,0,-8,23,-18,-23,-23,-30,0,-12,32,22,4,25,-58,25,0,-35,1,25,-54,24,-25,41,-23,-22,33,12,1,-33,-42,-46,-30,100,-14,0,-23,-22,-19,-52,33,3,-31,-52,-9,13,-5,-10,26,-57,2,-8,0,-44,0,0,14,-24,26,30,2,0,34,3,4,-1,-41,91,0,100,-23,2,2,9,-7,0,-23,52,8,-2,12,-35,0,15,-37,9,-15,-100,2,-2,45,-12,8,-100,0,27,-11,34,71,100,5,10,-24,0,0,44,13,54,0,47,-46,14,-23,5,0,69,100,100,-20,32,23,37,-31,-100,5,-42,35,-38,-73,-40,38,-48,1,13,2,-2,-45,26,-16,99,0,4,-34,-100,-22,0,2,23,-43,56,80,0,-4,0,23,14,-44,0,-58,6,25,-13,-26,3,4,11,0,38,-44,36,242948,0,100
-15,-16,29,-37,6,0,0,45,3,-22,-54,-4,34,-60,-4,-3,28,60,17,70,62,36,0,-5,0,20,-23,17,-16,0,2,0,0,0,49,0,-1,-75,0,0,-16,0,-1,39,0,0,0,-64,37,-9,-15,5,24,0,2,20,58,0,8,17,0,-3,-21,-21,-46,-5,0,-26,1,-15,20,34,12,0,13,85,3,9,-1,0,-56,80,0,3,0,0,60,66,1,-38,-52,-44,-100,-12,1,0,-3,0,-8,-82,37,1,-75,-55,-5,44,0,-50,-3,-57,-1,-5,-2,-39,0,0,0,1,0,2,0,0,-73,-1,10,-32,-8,9,-9,2,0,-25,0,-2,3,2,-35,-3,-32,-8,9,0,2,0,-10,-31,-64,-15,8,0,-81,-5,10,16,2,-15,9,8,71,-15,1,-27,0,1,1,-60,14,-34,0,0,0,7,-26,-6,0,-28,50,-15,3,-8,-37,0,-67,10,-31,-11,54,-10,-54,9,-78,-37,0,46,0,0,-68,0,-55,-29,1,0,-8,2,0,-1,-3,9,-10,64,5,34,0,2,-41,32,-35,-2,-27,-5,0,-55,0,0,0,33,1,50,-49,8,242998,0,100
-33,7,22,-31,10,-19,0,31,22,14,-25,-3,46,-10,-1,5,-7,60,32,58,22,5,0,-35,0,-44,-12,18,-37,0,2,0,1,0,66,-20,-1,34,0,0,43,0,1,-23,0,2,0,-14,-21,19,30,3,-11,0,1,-82,23,0,-26,33,18,9,16,-8,-17,-41,0,-36,3,-57,62,29,0,0,-91,30,3,-20,0,0,-27,31,0,17,0,0,-5,63,1,-3,-62,-6,-30,-44,-58,0,-43,0,-8,-71,36,-1,-58,-15,-48,42,2,-10,-12,-25,0,-12,-2,-56,0,5,14,-18,0,33,3,0,-44,0,13,-52,-11,30,18,24,0,-58,2,30,-8,-1,-6,2,-9,8,0,2,2,16,-9,20,-8,0,3,4,14,1,0,-12,1,4,-6,10,90,-46,2,-28,0,1,3,58,25,-19,-1,0,-41,16,-39,-2,0,-13,37,-44,25,18,-25,0,-46,58,-12,2,-4,-23,-29,19,1,-38,0,42,0,-2,-50,0,-79,-13,0,1,-8,-7,0,0,4,-23,-21,63,58,5,7,0,0,35,-62,3,-38,19,0,-52,-45,5,3,47,1,63,-64,13,243256,0,100
-6,-13,6,-85,7,3,0,7,-11,-17,-56,-28,41,-5,-1,40,12,63,34,39,-5,-6,0,-35,0,-10,1,14,2,0,2,-2,0,0,38,18,0,26,0,0,25,1,3,5,0,1,0,-19,4,1,13,3,-35,-1,2,33,-5,0,-23,28,12,-33,-18,-18,-52,-71,0,-31,5,-68,62,8,27,0,39,67,0,4,-1,0,-24,67,0,26,0,0,14,28,-1,-14,-78,-18,2,-12,-58,2,-27,0,3,-23,0,0,-25,-17,-62,35,-1,-6,-18,-32,1,-17,-2,-46,0,7,27,16,0,0,-1,0,-60,0,11,-40,-9,-2,2,0,0,-32,2,40,-49,-1,-25,23,-7,-18,-26,17,8,29,-42,6,-20,-1,5,0,-52,-3,-24,-87,0,-11,-50,48,33,-58,0,-3,0,0,1,11,16,-1,3,0,-37,15,-29,-12,1,-34,23,-58,34,-23,-8,22,-58,22,-8,31,12,-40,-46,-10,-49,-79,0,33,1,0,-23,0,-96,0,-2,2,-47,12,0,1,3,-23,-39,64,26,-2,-3,-2,-16,14,-41,-18,-37,29,0,-91,-26,0,-1,9,-1,41,-78,47,243551,0,100
43,12,11,-16,6,-14,-27,93,25,9,-87,-7,64,34,0,0,-56,12,32,-96,-100,52,30,-85,-27,12,29,-29,47,-19,2,3,2,-27,-90,-12,0,1,-28,-29,64,1,2,2,30,2,-28,-1,0,7,-49,1,5,1,0,-18,-70,30,-26,26,10,-6,4,-9,-79,-22,-27,-24,0,-12,26,9,-1,31,-8,31,1,-17,0,30,-66,29,-28,47,-27,-26,22,-100,3,34,-45,-35,-22,100,9,2,-40,-26,-1,-37,29,3,41,-41,-38,48,5,30,-20,-71,1,-12,0,57,33,0,-16,-12,32,19,2,1,-67,4,-29,-8,-11,11,-100,16,-28,0,0,-8,-52,1,-21,52,-11,0,26,13,0,-13,-3,-11,-8,100,1,3,-57,1,30,-51,0,9,-52,0,13,73,2,-100,-27,1,0,-14,27,78,0,46,-78,29,-47,-7,2,0,58,71,-87,2,-26,51,-100,98,-17,-3,23,-12,-69,22,-60,-18,1,47,2,-1,38,29,46,31,0,3,0,20,-28,-1,2,-26,-13,11,-34,55,2,0,-50,100,65,-7,-43,26,30,52,-41,2,3,12,0,-89,-45,0,243627,0,100
-4,33,12,1,6,24,0,6,-9,-10,-32,20,22,48,-1,-81,-29,9,29,-1,48,1,0,12,0,16,-12,9,-5,0,2,-3,1,0,52,-3,0,11,0,0,-3,1,3,19,0,0,0,-18,21,-10,11,2,58,0,2,29,41,0,-17,22,14,26,-7,0,-15,0,0,34,3,-3,38,13,4,0,23,32,-2,30,1,0,6,32,0,32,0,0,27,0,0,-7,-18,-22,-34,-55,-44,2,1,0,9,-30,11,0,6,-34,-49,-18,2,36,-27,16,1,0,0,67,0,5,-24,-4,0,0,1,0,-52,1,8,-6,16,31,-5,28,0,-9,0,55,44,-1,61,45,-23,8,13,17,3,-28,-8,-46,-15,52,0,2,-14,0,10,31,0,34,46,12,58,0,0,-22,0,2,2,-16,-58,-24,1,0,6,-58,-38,8,0,-15,32,-3,-100,20,-28,51,-34,7,-23,-72,27,-4,-26,-9,-18,-3,0,-20,-1,-2,11,0,-60,-9,1,0,-13,8,0,-2,3,-16,-3,9,-90,3,0,-2,-56,-4,76,-7,-25,12,0,-80,2,-3,1,21,2,52,-17,10,243702,0,100
44,17,0,-20,3,10,-33,-25,7,5,-51,21,25,-13,-1,-72,-11,52,23,-24,-48,38,32,-66,-34,-37,71,1,50,-24,-1,-1,-1,-33,1,-7,0,-20,-33,-34,-2,1,0,-48,33,0,-33,-22,-50,-7,9,0,-18,0,0,6,-48,32,8,23,11,18,4,-5,-56,-42,-34,-22,0,-31,12,-3,-6,32,4,24,0,11,-1,33,-33,26,-34,20,-32,-30,-14,-22,0,-16,-43,-35,-72,20,-28,-1,-17,-34,-9,-39,2,0,-25,-41,-21,55,1,-19,-19,-43,-2,-1,0,17,84,0,60,-10,34,-13,0,0,-67,1,-1,51,-32,97,-17,99,-34,54,-1,21,11,-1,-49,13,5,-3,-14,-22,0,61,-16,-32,-27,-6,2,0,40,-9,-18,-54,0,18,17,41,25,26,0,12,-32,1,0,-39,2,-26,0,48,-64,0,6,-4,0,-7,19,25,-38,0,25,7,-100,3,2,-70,-11,-1,-39,5,45,-16,0,51,0,-3,-33,32,43,75,0,1,-13,6,-32,-1,0,9,-4,50,-35,41,-3,0,-6,-22,23,-3,7,17,33,30,-19,-1,4,19,-1,2,-44,39,243770,100,100
-18,-1,100,-52,-6,7,-20,17,0,37,10,9,32,-9,0,-28,0,20,-9,1,19,43,19,-56,-19,32,100,31,-22,-10,-1,-3,-1,-18,47,-10,0,-36,-18,-19,-31,0,0,-18,20,0,-20,1,-19,12,-30,1,-20,-2,1,-49,13,18,-9,0,100,17,36,-5,19,-4,-19,-44,0,-9,-15,100,-23,20,-38,39,1,4,-1,20,-55,42,-19,35,-17,-17,2,-4,0,-15,-35,1,-77,0,-18,2,-35,-17,-3,-42,7,0,-70,3,-16,23,-2,-1,23,-44,-2,0,0,43,62,0,6,-8,19,18,0,-2,-68,2,29,-34,-28,35,17,40,-17,-28,-2,38,34,0,-6,24,-32,-13,-26,-5,0,4,-21,5,1,-100,-2,0,83,-5,-23,20,1,-3,32,19,-43,-25,-1,4,-17,1,0,-17,33,25,0,22,-61,31,-36,4,0,-21,100,-27,0,-18,6,17,-100,-100,-40,-46,6,3,-35,7,75,-47,0,23,0,-1,-78,21,25,95,1,0,-17,-100,-17,2,5,-9,4,23,-52,41,-2,0,20,11,42,11,-37,6,20,24,-39,-1,3,5,0,50,-32,14,243776,100,100
-13,10,17,-54,10,-15,0,-52,-15,-5,-52,0,63,5,-2,-1,5,35,37,9,-8,-28,0,-79,0,-21,-35,5,-16,0,1,-3,-3,0,62,-8,0,16,0,0,3,3,-1,-8,0,0,0,-33,-2,20,-20,2,-8,-4,1,14,-5,0,-27,51,4,0,-5,-26,-42,-56,0,-44,2,-50,26,14,0,0,14,42,1,-15,-1,0,-33,41,0,8,0,0,23,6,0,-68,-54,-3,-25,-55,-39,0,-21,0,1,-42,50,1,-23,-16,-46,74,-1,1,-88,-43,0,-27,-6,-4,0,6,12,-10,0,100,2,0,-78,0,5,-73,-30,-9,28,-16,0,-69,0,30,16,-2,-82,27,-5,-4,7,5,5,17,-9,11,-42,1,6,0,-61,-11,12,-6,0,6,14,47,31,-24,2,-12,0,0,3,13,48,-33,-2,0,-66,51,-44,-14,0,-27,37,-25,44,-6,-26,40,-52,39,-1,-6,19,-5,-54,-17,-60,-51,-2,78,1,-4,-14,0,-63,-33,-1,0,-11,-9,0,-2,3,-27,-7,36,45,-27,0,-5,-33,-54,-5,-7,-39,18,0,-58,-17,0,3,22,0,62,-54,48,243917,0,100
-21,26,44,-19,2,-27,0,4,3,29,-37,-23,51,16,0,5,-5,72,13,7,50,0,0,-27,0,9,5,-16,-26,0,4,0,-4,0,48,-2,0,22,0,0,26,0,2,36,0,1,0,-36,40,7,7,1,41,-1,1,22,44,0,-28,26,25,-18,36,-10,-47,-15,0,-28,3,-28,35,56,7,0,22,39,0,-28,0,0,11,40,0,26,0,0,36,2,0,-20,-37,-10,-52,49,-57,0,-60,0,27,-42,57,0,-43,0,-51,64,-4,21,-15,17,1,2,-3,-61,0,5,-18,0,0,5,1,0,-61,1,-20,-58,10,3,-3,-3,0,-60,2,26,27,-1,0,-21,-26,-13,30,14,3,-23,-4,31,-18,9,6,1,-74,-9,26,22,2,32,27,10,37,-63,1,-11,0,2,2,40,52,-40,2,0,-30,47,-48,-2,0,-29,88,-56,70,-13,-14,-13,-60,12,-28,1,28,-12,-20,4,-74,-20,0,58,1,-1,-34,0,-56,-2,1,3,-13,11,0,-2,3,-22,-9,74,55,-1,-6,2,7,8,-62,-20,-60,29,0,-51,-61,0,0,23,2,50,-34,4,244259,0,100
-12,16,0,-9,-7,-58,0,100,48,97,-31,-24,22,-21,1,-39,29,42,33,4,8,38,0,-41,0,34,-57,13,-8,0,2,-1,-1,0,12,-20,-2,48,0,0,-2,0,2,3,0,0,0,30,2,66,18,2,-68,0,0,100,7,0,-13,8,19,-100,100,-11,-21,-28,0,-45,3,-29,37,2,-2,0,100,4,0,-50,0,0,-16,5,0,47,0,0,-20,-8,0,-54,-37,-50,-58,-100,-23,1,-38,0,2,-43,11,-1,-97,-54,-26,-100,2,-26,-15,-19,-1,-2,-2,-6,0,2,10,-18,0,-71,0,0,-47,1,8,100,-58,-11,89,-15,0,100,1,20,-21,0,-71,-84,-17,-11,-13,7,1,9,-13,-11,33,-10,2,9,-100,-3,-6,47,1,15,-16,38,-57,100,0,13,0,0,1,39,-18,-21,0,0,-40,-12,-38,-6,-1,-5,100,100,69,-17,3,-73,100,100,-13,-44,-23,12,-66,41,-89,-8,0,-100,0,-2,-95,0,-20,-57,0,2,-16,2,0,-1,0,-11,11,44,5,39,0,-2,10,100,2,0,-40,-8,0,-14,-35,0,3,18,2,13,-33,37,244263,0,100
5,22,-4,-67,-6,-3,-13,45,-9,39,-8,-58,37,-3,-3,-48,62,44,-2,42,26,0,14,-39,-16,-11,36,15,-4,-17,0,0,-2,-14,-7,37,1,-56,-14,-16,97,-1,4,-45,16,1,-16,20,-51,26,-76,0,-18,-3,0,-72,29,15,44,22,10,-49,43,16,-16,33,-14,-36,0,36,-7,0,0,15,-88,-100,1,0,-2,15,-77,-100,-14,64,-11,-14,-40,16,-1,-33,-26,-28,-100,33,22,0,-58,-13,-15,-58,29,1,27,-46,22,58,-2,-10,-6,-74,0,-3,0,-40,3,0,29,33,16,17,1,1,-58,0,10,81,40,56,-24,42,-14,88,-2,12,45,0,-18,30,24,-16,96,-15,0,24,-36,82,14,-100,12,-2,-28,-20,100,-75,0,22,54,-100,26,-51,1,70,-15,-1,0,-58,-68,47,0,66,-35,-74,16,8,-1,29,100,-48,39,-15,61,41,100,62,13,-38,-44,50,-35,-6,33,-69,3,62,0,0,11,17,61,38,0,-1,-40,-16,-14,0,6,49,49,49,-27,5,5,0,-36,41,-40,69,15,68,16,58,-58,0,2,29,-2,-2,-23,-96,244301,100,100
-30,2,1,-2,0,-17,0,55,40,-5,-24,-7,54,-64,-1,-12,43,8,14,17,54,3,0,-38,0,-54,-15,1,-25,0,2,1,2,0,37,0,-1,-13,0,0,-10,1,0,47,0,1,0,-21,45,1,5,1,-18,-2,2,-32,52,0,-9,22,3,-9,-6,2,-17,-17,0,-49,3,-18,9,3,0,0,-25,17,0,-16,0,0,-8,19,0,37,0,0,10,11,-1,-23,-19,15,-28,-3,-24,5,-55,0,5,-13,48,-1,-29,11,-14,41,5,-68,5,-13,0,7,-3,-72,0,6,-11,-2,0,16,3,2,-54,1,1,-19,7,40,-6,43,0,-13,0,2,-2,0,-31,15,-33,-4,10,-13,3,-14,-10,-3,-19,-4,3,6,22,1,10,47,2,1,-5,17,23,-11,0,0,0,2,1,-17,29,-17,1,0,-37,30,-46,-5,-1,-16,25,-10,54,-10,9,15,-26,16,-34,-17,11,-10,-6,37,22,0,0,45,0,0,-31,0,0,-15,0,0,-12,-7,0,-1,5,-10,-9,8,-4,6,1,0,-58,51,-69,10,-45,5,0,8,-52,2,0,14,0,40,-19,16,244374,0,100
-12,7,-1,-75,-6,-10,0,-15,0,7,-57,-3,40,-32,0,28,-6,9,28,23,21,5,0,-52,0,39,-52,-14,-6,0,0,2,-1,0,31,-7,0,-8,0,0,-21,2,0,18,0,0,0,-7,18,19,-61,5,-6,-2,1,13,25,0,-1,23,5,2,7,-4,-47,-34,0,-60,2,-18,55,-8,4,0,8,22,0,-13,-1,0,-47,12,0,22,0,0,32,23,1,-44,-23,-27,-52,-26,-21,0,-3,0,-11,-66,24,1,28,-51,-22,25,0,-48,-15,-60,-1,-14,-5,6,0,3,37,-9,0,27,3,-1,-48,0,-16,-36,-8,27,19,20,0,-29,0,20,-10,0,-63,3,-22,-3,-14,-48,4,43,-11,26,-27,12,9,1,-38,-12,-15,1,2,0,-13,32,46,-10,2,-12,0,2,2,-56,12,0,-2,0,-30,13,-83,-7,0,-6,21,-14,19,-6,-20,8,-20,14,-24,23,30,-6,-48,4,-42,-80,-1,29,0,-1,28,0,-34,-47,0,1,-18,13,0,0,0,-5,-9,6,-100,6,-3,0,-22,-15,18,-26,-80,-3,0,-39,-1,2,1,30,1,33,-19,32,244417,0,100
2,-6,14,-13,-1,-24,0,28,-32,-58,-42,2,47,-40,-1,-16,5,7,30,-11,-6,-14,0,-63,0,-33,-36,27,-2,0,1,0,-1,0,-21,5,0,-55,0,0,-34,2,0,11,0,0,0,-82,14,-14,-27,3,15,-1,0,-13,-4,0,-6,21,23,2,-52,-23,-46,-24,0,-11,3,-37,52,26,-8,0,-25,35,0,-18,0,0,-65,39,0,30,0,0,5,-15,0,-19,-44,-37,-35,-20,-33,-1,-19,0,0,-54,46,0,-18,-42,-25,32,2,-32,-82,-76,0,-13,0,-29,0,4,0,3,0,-39,0,-2,-55,0,24,-29,32,-15,3,-22,0,-30,0,-14,-13,-1,-8,56,-31,-9,-37,-3,7,-1,-6,-25,-72,52,2,3,-49,-8,-41,25,2,1,0,2,52,-37,0,-5,0,1,0,-25,43,-24,0,0,-57,42,-88,-11,-1,-25,50,-34,2,-12,-5,58,-49,-6,-33,-25,5,-21,-55,-31,-48,-5,-1,34,0,-2,-27,0,-21,-42,1,-1,-6,2,0,-2,1,-1,-21,11,40,-15,4,0,-30,22,-31,-26,-95,11,0,-18,-19,-1,1,31,2,-22,-43,3,244762,0,100
-22,8,11,-28,16,25,0,-5,-15,35,-66,11,60,-41,0,-19,26,-37,2,32,-29,-11,0,3,0,17,-39,0,-24,0,0,0,5,0,12,7,1,-76,0,0,-2,1,1,71,0,2,0,-29,72,-18,-20,0,35,-2,0,-74,-20,0,-33,24,30,22,38,-14,-36,-44,0,-19,5,-46,57,13,4,0,-58,49,2,11,1,0,-24,44,0,66,0,0,-17,43,0,10,-64,-96,-11,-76,-14,0,-33,0,-11,-44,55,0,-61,-78,4,2,1,-29,-52,-22,0,1,0,41,0,4,-29,4,0,21,3,0,-48,2,5,-5,-6,63,-16,51,0,-10,0,-28,-17,-2,-9,-7,3,7,27,19,2,-29,-44,-7,-24,11,-1,4,-6,6,26,-39,-1,7,-15,12,75,-91,1,-9,0,4,3,-43,-17,15,-2,0,9,-19,-31,2,2,-37,41,-87,-23,17,-10,-28,-54,-4,-11,-18,-21,15,-31,-30,-23,-38,0,0,0,-2,-68,0,-45,-44,0,0,-44,-2,0,-2,5,-31,22,-36,100,-7,0,1,-31,0,40,-26,-29,34,0,-37,-45,1,3,39,0,7,-64,13,244948,0,100
-43,8,16,-61,8,-31,0,35,26,37,-37,5,57,3,0,-88,39,36,24,31,27,12,0,-24,0,-99,-7,1,-33,0,3,2,0,0,25,-12,1,-14,0,0,9,-1,1,-3,0,-1,0,-4,-7,33,22,2,-9,-2,2,-100,25,0,1,35,22,10,34,-24,-23,-56,0,-26,3,-51,49,15,4,0,-89,28,-2,-32,-3,0,-28,27,0,37,0,0,-14,26,-2,-51,-45,-5,28,-36,-20,4,-44,0,6,-49,55,0,-50,-29,-15,60,-1,-7,17,-22,-1,5,-4,-100,0,5,5,-11,0,34,3,-1,-62,0,1,-37,-5,29,15,28,0,-29,0,17,0,-1,-22,-11,-6,0,16,-27,5,3,-1,55,-13,16,6,9,16,-2,20,-24,2,9,4,17,49,-35,0,-20,0,0,0,-26,20,15,0,0,-25,22,-57,-13,0,-32,25,-36,-76,6,-26,-6,-30,18,-3,-92,-16,3,-45,15,11,-63,-1,57,0,0,-47,0,0,-2,0,0,-2,29,0,0,0,0,2,37,-100,13,9,-1,0,37,-97,-52,-51,15,0,-14,-45,0,0,20,0,28,-47,15,245371,0,100
-17,-9,16,-38,3,22,0,-74,-39,18,-50,0,51,9,1,5,-3,17,35,12,12,4,0,-35,0,27,-32,-16,-16,0,2,2,0,0,13,6,0,-20,0,0,6,3,2,-15,0,0,0,-56,-15,0,27,3,1,0,1,-37,11,0,-15,29,18,0,21,-14,-48,-63,0,-56,3,-69,66,20,19,0,-11,7,1,9,-1,0,-19,6,0,7,0,0,-34,9,0,-92,-13,-32,-70,-30,13,0,-23,0,3,-52,31,0,-63,-43,19,38,0,19,-73,-14,0,3,-2,5,72,3,-31,9,0,38,2,1,-44,0,-17,-8,-38,22,-2,22,0,-8,1,8,-26,0,-44,-20,-26,0,24,0,1,-32,-13,34,-49,73,7,0,-10,-6,24,22,2,-8,-22,3,51,-36,0,-38,0,0,1,0,61,-34,-1,0,-36,57,-5,-5,0,-33,44,-36,23,5,-39,-27,-41,26,-26,3,-38,-32,-25,-37,-12,-43,0,36,0,0,-64,0,8,-38,2,2,-15,6,0,-1,2,-16,-30,18,5,5,-2,0,52,-66,0,-24,-18,4,0,21,-21,1,0,12,2,14,-15,3,245628,0,100
-49,17,2,-85,1,-25,0,-15,-58,16,-90,38,33,-6,0,-9,-11,21,42,19,-32,18,0,-9,0,16,-8,-17,-58,0,1,-4,-4,0,33,-5,2,-21,0,0,4,0,-2,-23,0,0,0,-48,-25,21,-20,2,-15,-3,1,-67,-29,0,-24,38,14,35,25,-17,-98,-52,0,-38,3,-62,71,11,-3,0,-76,22,0,-18,-5,0,-46,22,0,22,0,0,-17,10,0,-15,-28,-64,-86,-58,-36,0,-12,0,3,-56,39,-3,-78,-58,-38,17,-3,10,-52,-62,-3,-13,-3,-38,0,8,-15,-9,0,15,1,0,-43,0,-21,-36,4,41,22,44,0,-35,2,54,-40,-2,-47,2,-37,-17,16,-48,6,-14,-17,43,-43,21,0,4,-100,-1,16,-6,3,19,-37,58,51,-43,4,-61,0,0,0,-3,48,-32,-2,0,4,51,-22,-11,0,-29,20,-42,26,-27,-65,19,-35,11,-38,-16,-17,25,-73,-65,-100,-82,-3,18,1,-3,-62,0,-88,-13,1,0,-21,41,0,-2,0,-23,27,23,13,17,-14,-7,-36,-18,-35,-52,-32,18,0,-91,-3,-3,2,14,1,36,-28,58,245741,0,100
-1,5,15,2,2,-7,0,43,51,5,-14,48,17,-55,2,-27,31,46,-10,16,39,-28,0,-58,0,19,-37,14,-3,0,0,0,2,0,-7,0,0,-75,0,0,-63,-1,0,-24,0,-2,0,-5,-17,28,-9,1,-15,0,-2,-23,39,0,-48,32,28,47,6,12,-7,24,0,-64,0,26,-15,19,10,0,-5,23,-1,-7,1,0,-36,18,0,22,0,0,-21,9,0,-74,-33,-32,-37,-52,-55,0,11,0,1,-65,67,0,-97,-32,-46,15,2,-50,0,-26,5,-11,0,21,43,4,7,0,0,14,1,0,-58,4,19,17,-39,22,36,11,0,19,0,38,48,-1,-58,-4,-13,-4,-23,-18,3,8,5,-12,-6,11,2,4,-19,1,-25,30,-2,13,52,6,-24,-31,2,41,0,4,-2,-64,-7,-52,-1,27,-60,0,-42,9,2,-20,16,-32,-77,-8,40,-11,-18,0,-18,-31,-26,0,-27,42,-11,-1,0,15,6,0,-100,0,-2,-39,0,0,4,5,0,3,2,-46,0,47,29,-30,-5,-1,-52,26,19,-2,-50,-33,0,-7,17,-2,2,17,4,-7,-32,7,245830,100,100
22,-2,13,100,5,4,-21,-100,-14,-100,-12,23,63,14,1,-42,-33,29,24,-31,-25,63,23,7,-21,100,52,21,29,-16,2,-1,2,-21,100,-23,0,-16,-22,-21,-100,1,2,2,24,0,-22,100,2,1,-33,0,-12,-2,3,-100,-29,24,-100,22,14,20,-100,7,-9,-36,-21,-23,0,-44,3,18,-8,24,-100,1,1,10,1,24,-62,3,-22,25,-22,-20,-100,-32,2,-5,-20,22,-100,-10,-23,1,100,-20,5,-24,74,3,100,8,-34,39,3,17,0,-62,0,-12,0,-45,100,0,11,-22,25,-100,2,2,-62,4,16,28,-3,100,-85,100,-21,30,1,21,100,-1,-35,100,-18,-5,100,-11,0,6,-3,-22,100,-100,0,7,77,0,100,35,0,-1,97,8,98,55,4,-16,-21,1,0,-24,-17,1,0,43,9,-15,-17,3,0,-1,38,58,100,-3,-14,100,100,0,-12,-55,-100,-18,-19,-9,74,100,-1,32,2,-3,100,23,100,48,0,3,-2,-1,-22,0,7,-100,-18,28,100,58,8,0,52,-100,-47,64,-15,7,24,100,100,1,5,13,1,100,-19,5,245962,100,100
-1,10,18,-72,12,-29,-22,15,18,100,-48,0,55,31,-1,-22,-33,87,21,21,24,-3,24,-80,-24,-37,100,7,-3,-16,2,2,-2,-20,24,-1,0,-37,-22,-24,6,1,0,-21,25,1,-24,100,-23,17,-45,2,-2,0,0,-51,20,25,-17,29,6,2,96,-6,-43,-25,-23,-37,0,-31,25,21,7,26,-62,14,1,-24,0,26,-27,17,-25,30,-23,-22,25,19,1,20,-29,-36,-43,82,8,0,14,-23,-27,-67,35,2,-29,-42,27,44,0,27,-16,-26,0,-6,-1,87,16,0,17,0,26,41,4,1,-63,3,3,36,-55,-5,29,7,-23,38,0,26,-3,2,-45,-3,37,0,3,-18,0,15,-22,0,100,-35,3,1,-100,-3,3,-45,0,8,-5,31,71,33,3,-32,-23,0,0,-36,12,-2,-1,37,-82,18,-19,-3,0,100,39,32,-66,11,-1,3,47,14,30,-16,28,-62,-41,13,-100,-74,0,43,1,-3,-31,24,-27,100,-1,3,-17,23,-23,0,0,-17,-65,85,-20,-1,-4,0,87,21,85,9,-11,19,26,-27,15,3,4,26,0,26,-29,30,246158,0,100
-48,-14,-22,-32,6,0,0,-25,22,23,-28,11,-40,-4,0,-64,6,64,26,21,37,38,0,4,0,50,-22,60,-41,0,0,-5,-1,0,13,41,1,-17,0,0,-26,0,0,-8,0,1,0,-10,-9,10,93,1,-20,-1,0,44,31,0,-9,21,50,10,24,-17,-38,-13,0,-58,1,-24,19,-12,-11,0,60,24,2,-8,-2,0,22,27,0,73,0,0,-50,19,-3,-15,-35,-15,-24,-43,-72,-1,-50,0,-9,-31,-3,-1,-66,-22,-55,72,6,-8,-18,22,0,-22,0,25,0,6,-77,38,0,21,-1,0,-62,3,64,38,55,-2,13,-3,0,43,-2,57,-22,-1,1,80,-19,-8,63,25,3,-83,-50,20,-3,-17,3,6,-66,-7,62,-57,-1,-15,-11,-26,-78,8,1,-4,0,0,0,-20,-24,80,-3,0,-11,-22,-2,-6,0,4,66,8,-8,-13,8,73,-38,-34,-24,-58,-48,-16,-76,26,-68,-30,-1,74,0,-3,-58,0,5,-23,2,-6,-55,-17,0,0,5,-7,-16,67,-60,41,6,-1,66,-15,26,43,-5,44,0,6,-48,-3,5,-30,-1,14,-33,-21,246169,0,100
18,6,38,-67,-1,41,0,-84,3,26,-26,19,54,-43,0,-11,42,9,-15,-20,58,3,0,-73,0,4,-35,-9,23,0,0,3,0,0,36,-19,1,-68,0,0,-24,2,0,24,0,2,0,-9,25,18,-22,1,-10,-1,1,29,49,0,-5,20,3,36,32,7,-34,-47,0,-42,0,-58,9,50,-20,0,42,-4,2,35,2,0,-45,-7,0,62,0,0,14,-12,1,-14,-37,-31,-50,-26,-47,0,-48,0,-1,-58,39,3,-55,-25,-35,52,1,-16,-77,-46,1,-20,-2,41,0,0,4,-25,0,-10,2,0,-71,2,-15,7,-9,13,8,31,0,11,1,32,-13,1,-37,23,-12,-5,-2,-2,0,-2,-26,38,0,46,0,1,-23,-7,-2,-69,0,7,-16,31,30,-5,2,-37,0,2,1,-16,17,-13,-1,0,-80,28,0,10,2,-4,48,2,0,0,-26,22,-43,-17,-13,-11,8,-47,-52,-9,-32,-69,0,49,1,-7,-30,0,-45,-44,2,1,-16,2,0,-1,2,-5,-43,8,21,0,-8,5,-25,-68,38,0,-4,19,0,-31,-42,4,8,-3,1,34,-34,23,246205,100,100
26,38,15,-35,3,70,0,9,4,19,-31,73,32,-20,0,-94,-12,75,-9,22,31,-65,0,-17,0,33,-28,-75,52,0,1,-4,-3,0,76,-11,-1,-6,0,0,-41,0,1,33,0,0,0,-88,30,9,-28,0,-33,0,0,61,24,0,-20,14,-6,71,25,0,-35,-47,0,1,0,-29,20,24,-17,0,52,-51,0,70,-1,0,-51,-41,0,27,0,0,-73,23,1,-1,5,7,-51,-96,50,1,-19,0,9,-47,22,0,-1,11,74,75,0,-42,-16,-52,-1,0,-1,-25,0,6,23,-9,0,32,0,0,-62,3,-74,57,-23,42,-62,44,0,52,1,73,71,-3,15,28,-21,-1,-57,3,5,16,-36,-34,-68,1,3,-2,10,-20,-43,41,0,36,71,25,81,-44,2,-19,0,0,1,-39,-51,-32,-1,0,13,-47,-19,15,2,-2,36,-42,-11,-1,-10,17,9,27,-13,-91,-66,20,-22,14,31,-29,-1,71,0,-4,1,0,44,-25,0,-1,-40,20,0,-2,4,-22,17,72,52,-57,-7,-8,-100,22,-21,-9,-22,1,0,17,-11,-3,5,-15,1,77,5,20,246207,100,100
22,4,25,4,-1,41,0,12,5,-27,-24,38,22,-47,-2,-48,20,14,-11,-7,21,-64,0,-44,0,40,-21,-48,21,0,1,2,0,0,-12,-11,0,-26,0,0,-51,1,2,18,0,0,0,-26,23,-4,0,2,-4,0,0,0,20,0,-36,28,-8,45,-23,-11,-21,-3,0,1,2,-5,16,27,-4,0,5,44,1,33,-1,0,-37,46,0,15,0,0,4,-10,1,-24,-15,-38,-31,-56,-18,3,-3,0,-26,-43,31,-1,-7,-40,-17,32,3,-58,9,-34,2,-13,0,17,0,4,0,-10,0,6,2,0,-48,0,-47,-38,-2,39,-4,34,0,-40,0,67,9,-1,-14,-2,-17,0,-9,2,4,-2,12,42,-25,100,-1,2,18,2,-7,20,3,8,15,0,10,-16,-2,-20,0,2,0,-43,-29,-12,1,0,-34,-31,11,-3,0,-13,10,-14,-14,1,-22,1,-30,-8,-17,-47,3,-4,-11,7,11,5,0,34,0,-2,0,0,30,-20,2,-1,9,-2,0,-1,1,-37,-5,16,-46,-64,-4,0,-33,6,19,6,10,-16,0,20,0,0,2,22,2,-12,-16,0,246208,100,100
7,-4,-19,-52,4,-9,0,-6,64,10,-51,-63,68,4,0,-5,-14,-67,44,-2,22,46,0,-35,0,-41,4,-40,10,0,3,1,-3,0,21,-16,0,41,0,0,-11,1,1,-41,0,0,0,-7,-40,27,8,2,50,-4,2,27,25,0,-5,23,7,-62,14,-2,-41,-18,0,-33,3,-19,21,-16,2,0,22,34,1,-5,-1,0,-46,36,0,44,0,0,26,-14,0,-30,-50,-35,-11,57,7,2,-65,0,5,-23,55,0,-100,-48,9,29,-2,2,-94,-52,0,-3,-3,-31,0,3,0,-16,0,20,2,0,-81,1,-42,3,-57,38,1,41,0,7,0,-8,39,0,-12,95,-27,-3,-9,-1,4,0,-39,25,-5,6,10,3,-29,-10,-6,-37,0,0,47,17,51,-65,2,-2,0,2,2,50,69,-16,-1,62,-38,69,-26,-9,0,-6,100,-64,9,3,0,100,-44,-100,-31,-7,28,13,-62,63,-27,-46,0,31,2,-2,-94,0,-33,0,0,1,-38,3,0,-3,3,-4,15,-65,-100,50,-2,1,15,-4,-32,23,-26,11,0,-28,-61,2,1,21,0,23,-51,19,246258,0,100
9,4,-9,-15,7,3,0,-38,-3,-4,-14,0,28,-20,-3,-34,-12,35,14,6,-25,-9,0,-49,0,15,-22,-17,12,0,0,-3,-2,0,31,-18,0,26,0,0,-22,0,0,22,0,-2,0,-31,26,3,-9,0,-17,-1,0,100,-22,0,-2,16,8,3,-1,0,-18,-32,0,-39,1,-35,58,-6,16,0,94,40,-2,5,-1,0,-32,40,0,4,0,0,-1,3,-1,-46,-43,-7,-16,-10,-40,1,-21,0,2,-39,31,-1,-52,-6,-38,36,0,-30,-25,-37,-1,0,-1,-56,0,7,33,-18,0,6,1,0,-33,1,-13,7,-14,6,-6,8,0,7,0,44,-39,-2,-51,12,-3,-2,-21,-40,5,37,-3,-17,-33,0,2,-2,-75,-6,-19,8,1,4,-37,34,46,-44,0,-34,0,-1,2,18,10,-32,0,0,-46,6,-51,-2,1,-7,19,-43,-34,1,-26,10,-37,17,-8,-33,-2,-4,-12,-4,-80,-15,0,35,0,0,-55,0,-5,-19,0,-1,-3,14,0,0,5,-1,-4,35,-100,-6,-4,-5,-68,-36,-54,-3,-56,-2,0,5,-21,-3,0,23,0,33,-45,38,246289,0,100
-38,10,-6,-52,7,35,0,-14,31,-1,-47,14,36,-1,0,13,-12,29,22,20,23,-4,0,-8,0,-39,-45,-20,-31,0,2,0,-2,0,12,-15,1,41,0,0,-35,1,1,50,0,1,0,-2,48,6,-42,2,-20,-2,3,-31,23,0,0,30,23,13,0,-2,-39,-41,0,-42,2,-29,22,-9,8,0,-27,25,-1,36,-2,0,-19,25,0,24,0,0,13,10,0,-64,-44,-11,-41,-44,-29,2,-3,0,7,-58,49,0,-100,-22,-26,7,-2,-16,-20,-24,0,-5,-1,0,0,5,-27,-14,0,20,3,0,-57,1,-16,-16,-18,30,-15,28,0,-8,0,13,-27,0,-38,4,-16,-1,-9,-24,5,-23,-22,5,-9,-2,4,5,-23,-6,-9,19,2,12,-28,36,30,-27,3,-4,0,3,1,10,47,-24,0,0,0,47,-58,-8,2,-12,44,-29,91,0,-3,17,-32,-9,-13,13,12,-7,-72,31,-24,-56,0,8,2,-1,-100,0,-17,-41,0,2,-26,-6,0,0,3,-1,-7,28,4,-2,-5,0,-50,-11,7,-8,-56,-5,0,-23,-1,2,2,20,0,14,-43,40,246351,0,100
57,-100,14,100,4,35,0,100,46,48,-29,72,79,-51,0,-89,17,-100,4,100,-27,8,0,8,0,34,-52,-49,58,0,0,-1,-5,0,-92,-15,-2,5,0,0,-69,0,0,-8,0,1,0,-44,-8,-2,-3,3,-21,-2,3,-72,-28,0,-100,14,3,67,46,13,-32,29,0,-49,3,31,34,14,-1,0,-74,27,0,38,-3,0,-81,26,0,36,0,0,-62,100,-1,-12,-33,-48,-63,-48,-17,0,-97,0,-17,-25,69,0,-25,-52,-7,77,0,-62,0,-85,-1,-8,-2,100,16,7,84,-14,0,5,0,-1,-67,1,-48,100,29,100,-32,100,0,100,3,12,100,-3,-22,-26,-19,-1,100,-14,4,84,-29,-24,-45,100,3,0,-11,-8,100,100,3,-100,100,31,68,100,0,63,0,0,0,-15,-100,98,-2,0,10,-97,-40,4,0,0,16,100,-38,4,63,-19,-17,100,-21,-86,-61,-10,-26,46,-9,100,-1,76,0,-1,-23,0,18,-52,0,1,-33,-5,0,1,3,-100,-12,-100,73,11,-14,-3,-28,100,100,0,-41,-19,0,22,-92,2,2,17,0,-92,-34,34,246356,100,100
21,8,-26,-49,8,0,-34,-19,-7,-37,-40,-6,39,-42,-1,-58,22,37,40,-30,0,48,34,-87,-36,-15,34,-39,17,-30,1,-1,-3,-34,43,-20,0,-34,-35,-35,52,-1,0,-10,34,-1,-37,-27,-9,27,-60,0,-29,0,0,10,0,35,-40,23,-1,-16,-39,0,-37,-20,-35,-67,0,-10,-4,-25,7,36,10,31,0,5,-2,35,-29,27,-37,23,-34,-34,9,-35,0,-20,-26,-61,-46,78,-52,1,-45,-34,-3,-55,29,0,-22,-64,-37,44,-2,-54,-100,-29,-2,0,-1,-11,0,0,-49,-21,36,-38,1,-1,-73,2,-38,-36,-47,-15,14,-7,-34,-40,0,22,-60,-2,-61,37,-31,-3,-6,12,0,-52,-19,28,-27,94,0,2,-11,0,-11,0,0,8,-66,37,36,23,2,-1,-35,0,0,-65,-55,7,0,20,-81,-51,-32,-3,0,100,15,22,-57,3,27,37,-25,0,-32,-58,9,-26,-29,-10,-9,-49,-2,48,0,-5,-38,33,20,37,0,0,-15,-100,-35,0,3,-40,-30,37,-26,50,-1,0,18,-18,-9,25,-29,10,36,13,-43,0,2,21,0,44,-27,32,246358,100,100
-8,17,7,-52,8,-20,0,28,11,-4,-79,-2,45,-29,0,-4,15,58,34,4,60,17,0,-72,0,-24,11,21,-2,0,0,2,3,0,42,-3,0,26,0,0,-3,0,2,35,0,1,0,-7,35,-10,-20,1,-10,1,1,23,58,0,-12,36,3,-4,-6,-8,-73,-33,0,-81,1,-34,29,4,-5,0,30,30,0,-23,0,0,-39,32,0,43,0,0,0,6,0,-60,-66,0,-13,-35,-34,0,-18,0,11,-81,60,0,-45,-7,-32,72,5,-34,-18,-24,0,-11,0,-43,0,7,-13,3,0,25,1,2,-67,3,19,12,-5,63,10,60,0,15,0,16,7,1,-65,56,7,1,25,9,6,-13,-34,-24,1,-12,-1,6,-44,6,22,-43,1,15,8,24,46,-29,2,-37,0,0,1,5,-7,-60,-1,0,-76,-5,-28,-3,2,-12,27,-31,-9,7,-36,51,-48,1,7,-12,4,-19,-17,5,-45,-56,0,66,1,-2,-44,0,-62,13,0,3,-33,1,0,-1,4,-12,-18,56,-85,19,3,2,-20,27,-37,8,-25,29,0,-68,-18,2,4,28,0,39,-67,25,246434,0,100
-14,6,23,-16,5,6,-30,58,-43,24,28,20,50,-8,0,-54,0,-12,3,2,-38,-50,29,-56,-31,51,10,-8,-12,-23,1,-1,-3,-30,46,-3,-1,-17,-29,-29,3,-1,-1,-2,29,-1,-30,-65,-2,7,-11,-1,29,0,0,0,-42,29,-10,17,14,15,30,0,28,21,-31,48,0,33,22,20,-1,29,-3,16,0,7,0,28,-15,15,-30,24,-30,-30,-31,-3,-1,10,-8,6,-31,38,12,0,-47,-29,-4,-55,23,1,60,7,17,5,-4,-8,-15,-13,-1,-16,0,-24,100,0,1,-5,29,-15,1,1,-55,3,-7,10,-3,50,-14,50,-30,6,0,20,13,1,100,27,-36,-11,-13,-100,0,1,-18,-67,-64,-100,3,-2,-4,-9,-14,-80,0,8,12,8,68,27,3,43,-29,0,0,-21,-33,-13,-1,49,-61,-35,-24,6,0,-7,65,27,-28,-2,48,34,-100,-11,-39,-49,-29,-1,-22,-37,-5,-19,-2,9,0,-3,52,28,68,10,0,1,-21,5,-30,-1,5,-10,-5,-11,100,-45,-1,0,-82,57,-23,3,-21,-4,29,63,-47,-1,5,13,-1,46,-8,8,246568,100,100
-100,-100,0,63,0,-6,0,45,-40,-18,-47,11,14,-9,0,-29,22,-29,9,38,-100,73,0,10,0,87,-3,30,-95,0,2,-2,-3,0,-99,-10,1,-42,0,0,-100,0,0,46,0,-1,0,51,44,-4,60,2,-1,-2,1,11,-100,0,-15,25,38,8,-15,-7,-54,-36,0,-70,5,-42,22,6,0,0,11,40,0,0,0,0,52,41,0,44,0,0,-10,25,0,19,-50,-100,52,-21,10,5,100,0,3,-32,29,-2,-10,-100,20,40,-3,-2,-58,50,0,-18,-2,-22,57,3,73,-9,0,56,3,0,-48,3,24,-100,9,58,32,43,0,-100,0,1,52,-3,-24,-18,-39,-13,76,8,1,74,-2,-51,56,0,4,5,-58,-4,72,0,3,-100,49,23,-17,43,3,3,0,0,3,-31,20,5,-1,0,11,21,-33,1,1,-16,69,46,30,-14,14,-2,27,71,-44,-27,-14,-19,-71,-43,-49,63,0,41,2,-1,7,0,-37,-7,4,1,-9,24,0,-1,0,-15,-18,-26,-100,75,0,-2,57,39,-22,-28,-42,9,0,-37,100,-2,1,10,1,-95,-49,25,246657,0,100
-30,-42,-20,-27,3,20,0,10,-24,-45,-16,47,15,5,-1,-19,12,41,10,16,65,-3,0,-31,0,10,-16,-49,-30,0,4,-3,2,0,56,-17,2,4,0,0,0,1,0,40,0,0,0,-51,38,-9,37,3,68,-1,2,14,63,0,-37,-9,27,52,-47,-14,-12,-58,0,22,2,-55,12,-18,-17,0,9,19,0,25,0,0,-27,21,0,44,0,0,0,14,0,1,-22,-32,-47,-83,-4,1,-34,0,-4,-48,18,0,8,-31,-1,28,3,8,8,-26,0,-17,-2,39,0,7,-19,-14,0,9,3,0,-41,0,-52,-44,1,8,-31,2,0,-40,3,49,-37,-1,23,42,-17,-1,9,-30,4,-25,-19,-49,-48,-26,-2,0,20,0,5,49,2,-40,-38,56,28,-27,0,20,0,1,1,5,-18,-11,1,0,-27,-14,-24,0,0,-1,28,-29,-7,-1,25,49,-43,17,-18,-31,0,17,-11,-24,14,-28,1,25,1,-5,20,0,-33,-15,1,1,-21,-14,0,0,4,-35,18,43,90,-4,1,-2,-19,3,41,20,-27,15,0,-40,-32,-3,6,1,3,54,-21,52,246688,0,100
-27,21,-1,-56,11,0,0,-30,-66,15,-49,-8,32,0,-1,-14,-25,29,30,35,8,-4,0,-32,0,-10,-7,2,-29,0,1,0,-3,0,27,10,2,22,0,0,22,0,0,2,0,1,0,-30,2,8,-9,3,-5,-3,2,2,5,0,6,15,20,-5,16,-28,-55,-45,0,-71,2,-52,43,-3,21,0,4,55,0,-3,-2,0,-32,57,0,40,0,0,32,33,-1,-1,-51,-38,15,-51,0,0,-33,0,9,-26,31,-1,-36,-25,0,30,-2,-3,-22,-35,0,-12,-2,-28,0,5,16,9,0,-4,0,0,-54,0,5,-34,2,27,8,22,0,-39,0,-25,-4,1,-48,-7,-47,-15,7,-36,4,16,-4,0,-29,1,1,-1,-74,0,2,-5,3,22,-11,14,-42,-20,0,15,0,0,2,23,32,-25,1,0,-33,31,-73,-15,0,-13,39,-18,4,-13,25,-4,-54,-1,-51,-15,28,-3,-80,-69,-83,-49,0,28,0,-1,-43,0,-74,-5,1,-2,-7,18,0,0,0,6,0,29,49,-4,-8,0,23,-32,-30,-7,-76,25,0,-78,-38,-1,1,17,2,30,-51,11,246785,0,100
-25,16,-3,-11,6,-2,0,11,10,-9,-21,-11,48,-29,0,-41,-20,41,31,-39,16,9,0,5,0,-42,-37,33,-17,0,2,-2,1,0,35,-8,2,-24,0,0,-29,1,0,47,0,0,0,-26,47,-12,25,0,13,-3,3,25,20,0,-14,24,20,-12,-9,-16,-20,-31,0,37,6,-25,56,-3,-10,0,16,8,-2,1,-1,0,-18,10,0,18,0,0,10,-44,-2,-20,-38,-41,-22,-58,-15,5,-41,0,-3,-28,18,0,0,-50,-8,15,4,-25,-51,-18,0,0,-3,-62,25,13,0,-8,0,-8,0,0,-42,2,27,-13,-15,-24,-14,-22,0,-10,1,-1,5,-1,8,0,-46,3,-35,-39,8,3,-16,-64,-27,-50,1,-3,-35,-8,-34,58,1,15,7,16,48,-34,0,-8,0,0,3,-24,-5,-61,0,0,1,-7,2,-9,0,-8,18,-36,5,4,-3,16,-35,10,-47,-32,13,5,-44,11,-34,-15,0,14,0,-3,-4,0,-24,-40,1,-2,-20,-9,0,-3,11,-16,6,42,55,12,-3,-5,-100,11,-62,-4,1,-8,0,-23,-41,0,5,18,2,37,-39,19,247172,0,100
8,42,41,-44,5,1,0,15,26,12,-47,19,33,-39,0,-41,35,69,0,-31,35,-27,0,-61,0,-51,-45,9,22,0,2,-5,-3,0,-1,-24,2,-81,0,0,-74,0,-3,2,0,0,0,-33,4,3,-37,0,18,0,2,-20,36,0,58,26,23,30,14,4,-48,-6,0,-49,1,-9,-15,41,5,0,-10,15,0,5,-3,0,-58,9,0,83,0,0,-25,-23,0,-29,-36,-44,-30,-61,-36,1,-18,0,-3,-64,50,0,-51,-36,-37,2,0,-39,-28,-60,-2,-6,0,24,0,8,-26,-30,0,-21,-1,-1,-76,2,13,38,8,13,32,9,0,36,0,-28,5,-4,-41,16,-15,1,5,-32,5,-22,-29,-42,-33,23,3,-3,-14,-3,6,-13,-1,42,-1,29,22,-3,2,-27,0,-1,1,-85,-13,-74,2,0,-56,-12,-64,11,0,-12,14,-1,-18,12,-31,17,-40,-40,-15,-46,-26,29,-64,19,-24,-52,-3,4,-3,0,-62,0,31,-46,0,1,-29,17,0,-3,8,60,32,70,64,-29,3,-10,-26,10,22,-6,-58,32,0,28,-22,-3,1,13,-2,-1,-37,31,247530,100,100
-40,15,2,-60,1,-29,0,20,17,-8,-55,29,14,-19,-1,-34,4,-1,49,31,29,40,0,-34,0,4,-52,26,-43,0,2,2,-1,0,20,-5,0,-42,0,0,-5,1,0,56,0,1,0,-20,52,14,7,4,-3,-3,1,-17,28,0,-2,21,19,27,-10,-9,-61,-57,0,-80,4,-66,56,6,6,0,-2,39,1,-30,-1,0,-64,39,0,34,0,0,10,28,1,-3,-34,-55,-8,-16,6,4,-13,0,-13,-52,31,1,23,-52,-6,18,6,-6,-34,-54,0,-5,-3,1,0,6,-4,0,0,29,2,0,-47,1,25,-12,43,16,2,8,0,-5,0,12,17,-1,-23,0,-49,-9,44,-3,5,-5,0,-9,-8,1,3,4,-68,0,42,29,2,15,17,-2,-86,-27,0,5,0,2,0,-25,22,-9,0,0,-33,28,-41,-2,0,-3,23,-24,6,-12,-12,-4,-28,19,-44,-42,10,4,-58,13,-69,-69,-2,15,1,-2,2,0,-51,-57,0,2,0,4,0,-2,3,-4,5,-3,94,38,-3,0,10,20,-4,1,-55,9,0,-47,-13,0,0,51,1,22,-32,-1,248584,0,100
-51,19,3,-52,6,0,0,-69,-26,2,-41,36,17,-17,-1,0,-38,-23,27,0,22,7,0,-4,0,2,-28,-19,-49,0,2,-4,-3,0,51,-7,0,38,0,0,-34,0,0,12,0,0,0,-39,11,-12,8,3,-23,-1,1,-21,19,0,19,15,9,33,3,-22,-35,-61,0,-71,3,-57,28,4,2,0,-9,25,-1,-4,-3,0,-51,28,0,4,0,0,-17,-5,0,-52,-57,-24,-63,-16,-45,1,-35,0,26,-99,8,0,-30,-32,-51,-2,-3,-20,-9,-42,-2,-7,-4,-93,0,6,0,-3,0,3,1,0,-61,3,-14,-14,-6,-6,-29,-15,0,-10,0,13,2,-3,-81,19,-27,-6,-14,-11,3,0,-24,-29,-34,-16,5,0,-35,-12,-8,29,1,18,2,40,23,-62,1,-60,0,0,1,26,15,-43,-1,0,-8,13,-42,-12,0,-15,16,-63,4,0,-73,18,-40,34,-19,-7,-19,22,-56,-23,-30,-49,-3,-4,1,-1,-37,0,-69,-26,0,0,-24,12,0,0,0,19,21,-24,54,4,-2,-8,-37,-68,-89,-13,-43,2,0,-72,-34,-3,2,28,0,52,-58,38,248710,0,100
-12,34,-31,-44,2,-15,0,35,-10,8,-32,22,62,-20,1,10,46,31,14,33,62,-5,0,-33,0,-31,-17,15,-14,0,0,0,0,0,19,-16,0,-49,0,0,-31,0,-1,31,0,-3,0,0,27,36,-6,0,-19,-3,-3,-32,62,0,17,41,11,33,6,-9,-46,-24,0,-41,1,-32,-1,-25,-9,0,-28,45,0,-14,1,0,-12,48,0,41,0,0,22,27,2,-34,-40,-26,-58,-43,-28,0,-67,0,-9,-58,51,0,-56,-20,-18,22,0,-2,-33,-17,-3,-12,-1,89,0,7,-12,-18,0,40,1,-1,-43,0,14,-20,-14,24,20,29,0,-23,2,13,10,1,-51,21,-13,-2,-34,-8,5,-12,-12,13,-5,26,2,0,46,2,-31,38,1,33,14,43,34,-35,0,-25,0,0,0,0,17,-65,0,0,-37,19,-75,-3,-2,-7,21,-36,10,6,-14,28,-23,-14,-16,0,26,-35,-51,-7,31,-35,-3,28,0,-3,-39,0,-89,-25,0,0,-14,17,0,0,3,15,-32,35,-19,-7,1,-1,-77,34,90,-17,-81,2,0,-66,-63,-3,9,9,-2,21,-40,38,248808,0,100
6,-22,-35,100,4,52,0,21,-28,-40,-22,9,50,-36,-2,-54,-11,7,13,-22,-16,2,0,55,0,30,-22,-10,2,0,1,-5,0,0,-45,-13,-2,-1,0,0,-52,-1,-2,5,0,-3,0,0,7,-25,-52,0,43,0,0,100,-12,0,-100,28,-6,10,-36,0,-16,-51,0,9,3,-63,10,-28,0,0,100,28,-4,49,-1,0,-52,30,0,29,0,0,100,-28,-2,5,-37,-27,7,-81,5,4,35,0,5,-43,80,-2,22,-29,12,-91,4,-31,-58,-62,-2,-12,-2,49,100,7,-5,-17,0,50,-2,-3,-74,1,-12,2,-31,22,-41,33,0,4,1,29,100,-6,-35,51,-15,0,-4,-41,5,-5,11,-97,0,100,-1,7,-99,0,-4,-26,1,-18,100,44,73,69,0,18,0,-3,0,26,-38,-16,0,0,62,-38,-21,1,0,-8,6,71,-55,-3,21,52,-51,-12,-17,-63,100,24,-61,-32,-100,100,-1,-86,-1,-2,27,0,-9,-25,0,-1,12,-4,0,-3,4,-100,27,13,-100,0,1,-10,30,22,50,-23,-20,14,0,2,34,-6,2,7,-1,-42,-38,40,248827,100,100
-58,1,-23,-56,0,-49,0,-1,16,28,-68,-36,6,-3,0,-50,-22,18,66,91,17,24,0,-60,0,65,-4,11,-56,0,0,1,2,0,21,-12,1,19,0,0,-12,1,0,-13,0,0,0,-12,-13,10,-26,0,-87,-1,4,-10,20,0,-33,30,16,-41,27,-5,-45,20,0,-17,0,17,16,-23,1,0,-18,28,0,-49,1,0,-60,21,0,25,0,0,0,83,0,-25,-20,-40,-14,41,-56,0,-83,0,-8,-34,-10,1,-58,-49,-50,62,-1,-23,-67,-60,0,4,0,-66,0,4,-36,-10,0,70,4,0,-87,3,8,-61,-52,-44,-38,-42,0,-55,0,19,-58,0,-47,-33,-39,-15,-31,-19,2,-29,28,-4,-21,23,2,0,7,-11,-18,37,-1,1,-57,20,16,-51,6,-51,0,0,1,-16,7,-28,-4,0,-48,15,-22,-15,0,-5,24,-55,-22,-9,-66,-37,-43,-28,-35,-39,0,0,-78,27,7,-62,-1,64,3,-6,-48,0,-22,0,0,2,30,-13,0,0,5,-36,4,19,80,25,9,2,1,-1,-56,25,-13,-9,0,-30,-80,2,2,11,1,23,-16,23,248965,0,100
-68,15,15,-46,15,-18,0,40,-7,29,-45,-9,40,22,0,19,27,37,30,55,44,16,0,-50,0,-21,-24,22,-69,0,2,0,6,0,34,5,0,-52,0,0,40,0,0,-12,0,0,0,-75,-12,-4,-22,3,0,0,1,-18,45,0,-38,49,-3,-17,27,-19,-42,-18,0,-41,2,-20,32,17,5,0,-25,28,2,-14,-1,0,-33,30,0,24,0,0,-29,55,0,-29,-31,-19,-63,-26,-37,0,-22,0,-6,-58,28,1,0,-25,-41,79,4,20,-15,-28,-1,-23,-1,-14,0,7,-34,10,0,0,0,0,-85,2,20,-15,0,42,7,24,0,-14,0,-2,0,0,-40,40,-30,3,5,0,3,-32,-7,-45,-67,-18,-3,3,-64,6,1,18,0,13,-8,2,82,-67,4,-48,0,0,1,-60,-9,-77,0,0,-54,-6,-41,-7,1,-29,45,-67,-45,15,-52,29,-68,21,-28,27,-27,-6,-12,-17,-63,-56,-1,77,0,-3,-8,0,-61,-22,0,3,-12,-7,0,0,3,-38,-4,35,-91,17,6,0,-5,31,-14,3,-40,32,0,-56,-21,0,2,23,0,35,-32,4,249115,0,100
-31,-7,0,-62,13,-23,0,39,6,8,-58,-6,16,6,0,11,14,39,43,29,23,45,0,-62,0,-19,-42,22,-29,0,0,-1,0,0,38,20,0,2,0,0,-19,0,0,-4,0,-1,0,-18,-7,0,11,-1,43,0,-1,24,20,0,-18,45,13,-5,9,-23,-54,-20,0,-52,2,-26,39,2,-7,0,28,44,0,-23,-2,0,-79,46,0,13,0,0,-11,29,-2,-12,-49,-33,-31,-22,-37,0,-38,0,0,-58,34,0,-12,-32,-37,52,2,14,-25,-77,-3,-13,1,-83,0,5,-13,18,0,10,-2,0,-74,1,18,-23,24,22,-6,23,0,-23,0,5,0,-2,-6,14,-17,2,16,20,3,-14,-5,3,-15,0,0,0,-31,-2,19,18,-2,-6,0,30,45,-38,0,-30,0,-1,0,8,36,-40,-1,0,-69,37,-44,-13,0,-36,52,-38,22,12,-32,13,-60,-3,-23,9,-11,-44,-43,13,-35,-64,0,54,0,-5,-6,0,-15,-43,0,0,-4,4,0,-2,3,-16,-43,40,64,47,-5,-5,-17,32,-82,-17,-41,8,0,-25,-36,-1,5,25,-1,37,-47,30,249186,0,100
-50,-6,-29,-34,24,-22,0,72,18,57,-56,58,50,-52,0,-24,35,0,52,73,45,9,0,-98,0,-23,-56,1,-54,0,3,3,-1,0,73,-7,1,-78,0,0,-10,3,2,36,0,5,0,-50,36,37,-23,5,-27,-2,4,-65,50,0,7,35,45,76,58,6,-58,-5,0,-37,0,-14,18,-38,24,0,-51,42,3,-27,2,0,-78,45,0,55,0,0,15,79,1,-67,-32,-38,-38,-30,-29,0,-46,0,-60,-55,66,4,-90,-41,-25,63,-6,-69,-16,-77,1,-9,0,20,0,8,6,0,0,9,4,1,-82,3,0,-5,-16,69,26,70,0,0,2,49,-79,1,-67,7,-32,-12,20,-5,4,7,-46,-24,-40,6,-1,-8,-78,0,28,-34,-1,-4,-79,13,9,-52,5,-28,0,3,2,-100,23,-36,-1,0,-77,17,-25,6,2,-10,70,-52,20,-1,-13,-1,-75,9,-36,-22,18,-5,-70,-6,-88,-32,-1,63,3,-1,-80,0,34,-50,0,3,-42,-3,0,-2,6,9,-6,2,25,6,-2,4,-17,87,20,-3,-18,55,0,16,-47,4,4,14,1,75,-32,8,249251,0,100
-54,-7,10,-60,10,-29,0,26,24,17,-13,0,50,-23,0,24,58,34,54,51,15,38,0,-87,0,19,13,34,-68,0,2,0,-6,0,77,18,2,-94,0,0,50,0,-2,-32,0,-1,0,-54,-32,7,-13,0,51,-1,4,22,15,0,-50,68,13,3,22,-4,-20,29,0,-26,4,22,36,19,-14,0,15,7,0,-22,-2,0,-47,15,0,10,0,0,-57,51,0,-10,0,-14,-3,-40,-18,1,-66,0,-25,-64,10,-1,-4,-8,-8,70,-7,-13,-12,-47,-2,-17,-1,-49,0,11,-30,15,0,-23,0,0,-78,0,32,-19,7,3,14,0,0,-20,0,85,-4,0,-13,33,0,-20,23,-31,5,-34,-10,-34,-37,-28,0,8,-100,-4,11,-63,0,-3,-11,-5,100,-73,1,-2,0,0,5,-89,9,-24,0,0,-78,13,8,-7,0,-29,19,-71,25,-14,15,52,-45,39,8,18,-52,15,-14,22,-100,-58,-2,73,0,-6,-2,0,3,6,1,2,-19,-17,0,0,6,-50,12,33,-100,36,9,0,81,14,-47,15,8,38,0,-7,-70,1,0,15,0,81,6,-12,249361,0,100
-29,1,-15,-24,9,-19,0,27,48,34,-60,-13,49,-60,0,-8,34,24,49,2,26,45,0,-68,0,-18,-7,5,-32,0,-1,1,0,0,67,-7,0,-21,0,0,9,0,0,-22,0,0,0,-33,-20,4,54,0,16,1,0,7,24,0,-71,49,7,-13,36,-6,-65,38,0,-22,3,31,43,-11,-1,0,13,44,0,-19,-1,0,-32,45,0,17,0,0,-13,1,0,-31,-12,0,14,-21,-35,3,-38,0,-15,-29,38,0,-66,-1,-33,74,2,-66,-16,-25,-2,-17,0,-77,0,9,-16,-6,0,24,0,1,-71,2,5,-26,-2,46,18,47,0,-24,0,14,-21,1,-43,3,-24,-12,2,-18,5,-18,-18,28,-25,-4,3,-3,-72,-14,1,26,1,5,-22,-5,38,-54,0,-13,0,0,2,-37,32,-23,0,0,-76,30,-43,-10,0,-29,30,-54,-41,-14,-10,6,-51,19,-19,-12,-12,-24,-40,52,-71,-28,0,73,0,-3,-73,0,35,-7,1,1,-16,-10,0,0,6,-69,-22,26,36,40,2,2,-19,27,-75,-4,-45,7,0,26,-39,2,1,8,0,68,-11,-4,249520,0,100
-52,20,5,-76,8,8,0,-19,72,-32,-88,-10,65,-11,1,-43,-9,34,58,-36,38,64,0,-50,0,45,-17,-1,-48,0,0,-1,-3,0,58,-10,-1,-24,0,0,25,1,0,-13,0,-1,0,-1,-11,8,-41,-1,-9,1,-2,62,38,0,15,17,8,-2,-35,23,-92,-10,0,-23,1,-20,38,8,12,0,64,31,-2,8,-1,0,-62,24,0,23,0,0,17,-32,-1,-8,-27,-26,-27,-31,-31,-2,-17,0,0,-30,62,0,-67,-29,-36,36,-2,-4,-22,-80,5,-15,0,50,0,11,9,-18,0,4,3,0,-77,5,-4,21,4,4,-6,4,0,17,0,52,-14,2,-40,10,-20,-6,-29,-34,7,14,-36,21,-3,0,4,-1,-8,-15,-21,-9,-1,20,-15,22,32,2,2,-25,0,1,0,-3,-11,-52,-1,0,-44,-9,-23,1,2,-4,44,3,85,0,-41,14,-43,21,-19,-48,10,-35,-22,73,-23,-84,-1,37,5,-2,-49,0,17,-18,0,0,-34,10,0,1,4,14,-32,36,44,60,-10,-1,-12,-32,46,-17,-22,6,0,18,-9,0,5,25,4,57,-26,26,249588,0,100
5,-56,-24,-96,2,-15,0,78,14,42,-47,18,10,-57,1,-21,66,-42,52,100,-15,24,0,-26,0,-2,-32,-2,-23,0,1,3,7,0,61,87,1,-100,0,0,30,0,0,31,0,0,0,0,31,44,2,4,-26,0,1,12,-13,0,-100,50,36,11,54,10,-46,100,0,-44,4,100,-4,-18,-22,0,2,-8,4,-5,-1,0,-30,-7,0,-15,0,0,-37,87,4,-26,19,-36,83,-31,-22,2,-89,0,-74,-51,22,-2,-87,-35,-1,98,1,-44,-33,-32,0,-15,0,66,0,13,-82,85,0,4,2,-1,-81,2,-6,41,7,47,2,41,0,43,-4,42,0,1,-20,76,-8,-11,-29,-44,7,-91,-33,-19,13,-14,3,-12,-85,-14,-27,-85,-1,-50,9,-21,83,-48,2,-32,0,1,7,-100,14,-5,0,0,-35,9,25,0,2,9,36,-46,0,10,-2,91,-71,14,-18,-27,-39,-17,-30,27,-85,-100,-1,100,1,-7,-79,0,70,-37,0,0,-39,-49,0,2,8,-100,-22,-39,-98,25,17,6,20,71,66,56,34,32,0,75,-80,3,2,-22,3,65,20,-23,249685,0,100
-45,45,46,-85,12,-33,0,38,4,63,-79,-13,-21,-45,1,8,18,68,30,58,-19,23,0,-80,0,-13,41,72,-52,0,0,-2,-2,0,80,36,1,45,0,0,5,0,-1,-11,0,0,0,-36,-14,-1,0,2,38,0,2,-100,-26,0,-52,23,30,-3,62,-25,-52,-26,0,-54,-1,-11,33,46,-1,0,-90,46,2,-29,-1,0,-16,50,0,56,0,0,-17,65,2,-31,-56,-47,-70,-23,-21,-1,-33,0,0,-100,15,0,-30,-60,-10,57,-3,-64,-57,-17,-1,2,0,-83,0,2,-38,30,0,-18,2,0,-81,2,75,-12,1,5,-5,6,0,-9,0,71,14,-1,-34,41,22,7,47,-22,0,-44,-24,-17,-30,35,10,-1,0,-27,49,-46,-4,48,5,-31,27,-57,2,-16,0,1,0,-4,-32,-43,-1,0,-84,-13,-49,-9,2,-14,72,-55,-2,14,-2,60,-88,15,13,20,-11,-15,-63,-14,-4,-92,-2,52,1,-4,-22,0,-43,49,1,1,-24,12,0,0,-1,-52,-20,68,100,13,3,-4,-24,48,-79,26,-30,54,0,-71,-15,0,0,24,1,82,-55,-32,249761,0,100
-20,9,-20,-51,1,-3,0,-18,36,-16,-7,13,6,-23,0,-46,76,-91,50,11,-18,33,0,-93,0,54,-19,6,-13,0,1,-2,-3,0,52,2,0,-77,0,0,15,1,-1,-22,0,0,0,48,-21,-4,7,1,-24,-1,2,-24,-17,0,-36,57,20,13,-18,13,-2,7,0,-15,3,16,-4,-21,-8,0,-18,6,1,-1,-2,0,-45,0,0,2,0,0,-29,10,0,-40,9,37,49,-31,-61,0,-10,0,-27,-61,23,0,10,33,-58,17,-1,-25,63,-26,-1,12,-2,-38,62,7,16,0,0,37,0,0,-88,2,6,26,-12,4,28,0,0,22,0,84,-65,0,-66,85,2,-4,-49,0,2,17,-15,-64,50,-14,6,0,-92,-7,-55,-16,-1,10,-77,28,11,-63,3,-61,0,0,2,-96,-6,-46,0,15,-97,-12,-6,5,-1,-14,68,-62,68,5,-51,82,-86,38,0,-56,-29,-63,16,46,-100,-62,-1,20,0,-2,-1,0,47,-20,0,2,-16,-23,0,0,4,-38,-67,-92,-29,35,9,-6,13,-17,-34,-11,-3,24,0,38,-13,0,1,2,0,54,10,26,249769,0,100
5,16,55,-69,7,18,0,29,21,35,-41,-4,22,-45,0,19,26,49,52,56,9,23,0,-66,0,8,-20,-32,2,0,1,0,3,0,13,44,2,-85,0,0,24,0,0,-60,0,-1,0,-49,-58,16,43,0,35,1,2,61,9,0,-88,49,-12,8,33,-20,-24,30,0,-38,2,17,52,63,1,0,60,38,0,22,-3,0,-22,44,0,11,0,0,-21,63,0,-43,-37,-44,0,-58,-44,2,-34,0,-33,-72,31,-1,34,-48,-41,94,2,-35,19,-27,0,-51,-1,7,0,4,-30,39,0,5,0,0,-88,1,-41,-39,35,44,-12,54,0,-39,0,52,15,0,-58,49,-8,3,12,46,3,-33,-34,15,-29,-8,0,6,-64,-1,5,15,0,16,24,10,40,-72,0,-30,0,1,4,-75,-15,-35,1,0,-65,0,-22,-6,0,-26,36,-73,81,17,-27,42,-73,9,-14,19,-21,-3,-4,6,-73,-65,0,90,0,-5,19,0,-20,-23,2,0,-36,3,0,0,6,-87,-11,46,-86,28,8,0,-3,27,2,-13,-16,16,0,-22,-35,0,2,27,0,12,-34,3,249775,0,100
-57,-1,21,-37,5,-21,0,22,74,-5,-44,-20,54,-48,0,55,20,39,31,62,-16,35,0,-92,0,-33,-3,19,-71,0,0,-2,-1,0,55,0,1,-4,0,0,24,0,-3,-88,0,0,0,-19,-88,10,-7,1,7,-2,1,9,-15,0,-16,85,27,-19,-8,12,-47,12,0,-57,4,6,31,20,-3,0,32,3,0,-23,-3,0,11,5,0,21,0,0,-11,68,-1,-36,-14,15,-19,-43,-57,1,-47,0,-19,-60,65,0,10,11,-61,-43,1,-46,-35,16,-4,-12,-2,-100,0,8,-50,-6,0,19,0,-1,-67,2,22,-14,52,41,28,38,0,-19,0,58,-54,-2,-52,55,-3,-11,-26,1,1,-48,-18,-22,-5,-22,6,-4,-83,-8,-39,31,0,0,-52,-4,100,-49,2,-24,0,-2,2,-11,42,-51,0,0,-90,38,-41,-2,-2,-31,51,-48,23,-4,-27,69,-65,25,-7,49,-7,-23,-29,72,-93,-47,-2,-40,0,-2,-6,0,-20,-8,0,2,-16,-15,0,0,6,-19,-24,39,41,34,6,-10,15,21,-100,-18,-37,39,0,-16,-52,0,0,30,-1,55,-10,-2,249841,0,100
-37,-14,-11,-43,9,14,0,30,31,-39,-54,-65,44,-25,0,14,69,11,76,46,-33,20,0,-61,0,78,-17,-47,-60,0,3,3,2,0,14,18,2,-33,0,0,85,1,2,-10,0,0,0,-21,-9,0,51,2,26,0,2,-18,-25,0,-79,83,12,-66,-35,14,-51,80,0,-5,4,66,56,-4,-10,0,-6,22,3,15,0,0,-25,20,0,-7,0,0,-6,39,0,-31,15,-34,-1,-26,-51,2,-19,0,-19,-58,46,-1,-8,-31,-49,88,5,-14,-5,-18,2,-14,0,-32,0,8,-30,18,0,21,4,1,-64,0,-43,-35,32,-5,9,-1,0,-39,0,90,-24,4,-74,67,-8,-11,28,-7,3,-30,-19,-22,-3,-18,1,12,-10,0,25,-86,-1,-9,-17,-2,48,-29,1,-23,0,2,5,-20,20,-8,1,0,-65,16,-7,0,2,-42,-37,-24,-11,-4,-14,79,-45,13,-16,17,-10,-38,-36,40,-11,-58,0,88,2,-8,-10,0,-70,-23,1,3,-20,-20,0,0,4,-75,-40,14,52,21,12,9,-37,30,-31,-17,-6,32,0,-68,-22,6,3,10,0,17,20,-2,249906,0,100
-1,17,8,-42,11,8,0,-7,12,22,-57,19,11,-24,-1,-38,21,55,29,1,21,34,0,-89,0,28,-5,6,3,0,0,0,1,0,21,-17,0,-27,0,0,21,1,2,15,0,1,0,-25,14,-5,35,0,0,0,0,18,23,0,-23,29,4,20,20,-9,-47,-1,0,-41,1,4,20,7,2,0,19,40,1,5,1,0,-34,37,0,15,0,0,-7,-1,-1,-16,-37,-18,35,-28,14,0,-5,0,-7,-57,19,1,-8,-21,20,43,0,-26,-19,-39,0,-2,0,-12,0,6,-28,-17,0,-12,1,0,-65,2,4,12,-4,0,-4,3,0,13,-1,51,6,0,-43,33,-18,-8,6,1,5,-25,-2,-28,-27,-13,3,-6,-90,-13,1,-18,0,16,3,4,45,-41,1,3,0,2,1,-47,-7,-34,0,0,-74,-11,25,-8,2,-18,27,-41,19,-4,15,33,-58,-8,-23,-37,-6,-14,-36,16,-95,-42,1,37,1,-1,-4,0,-10,-4,0,2,-3,3,0,0,4,-24,-16,52,52,37,-3,0,-23,-3,-6,1,30,20,0,-22,-8,0,0,4,-1,20,-37,4,249994,0,100
-24,-34,-29,-48,12,-2,0,31,37,6,-14,-15,39,-16,0,14,7,-9,52,90,20,23,0,-46,0,4,-20,-8,-32,0,2,0,-2,0,89,-5,0,-90,0,0,4,0,-1,2,0,-2,0,-25,3,2,-5,0,0,0,2,57,24,0,-23,77,36,-11,9,3,-27,73,0,-51,6,54,65,-13,-9,0,48,12,1,3,-4,0,4,21,0,35,0,0,-21,94,0,0,2,-11,52,-49,-40,4,-22,0,-13,-30,49,-1,49,-15,-49,70,-7,-6,24,8,-3,-16,0,-84,0,12,7,-3,0,11,0,1,-70,2,-15,-17,42,-4,-12,10,0,-15,0,40,-69,1,-27,32,-11,0,50,-29,7,8,-19,-36,-9,-18,0,3,-91,-6,42,-52,1,-31,-66,0,100,-23,3,-27,0,0,7,-83,-9,-23,0,0,-25,-5,-25,-4,0,-41,35,-24,10,18,-24,46,-20,12,-13,14,-13,-39,-20,41,-90,-52,-1,74,0,-6,48,0,77,-27,2,1,-15,-12,0,0,13,-23,-40,-8,-10,21,3,-1,20,27,-85,-18,-28,45,0,67,-29,1,4,45,-1,90,8,-2,250003,0,100
-6,4,-26,-40,9,-10,0,23,17,29,-25,6,6,-39,-1,0,26,5,50,18,-3,41,0,-47,0,2,-27,0,-7,0,0,1,5,0,41,0,0,-84,0,0,35,0,1,-37,0,0,0,-4,-37,0,30,2,8,0,0,61,0,0,-65,36,23,5,32,-5,-36,57,0,-7,3,56,9,-22,-7,0,52,18,2,-3,0,0,1,17,0,13,0,0,-27,10,1,16,0,-22,40,-22,-3,1,-29,0,-26,-25,-4,1,-34,-29,9,65,3,-33,-10,-13,0,-8,0,52,0,11,-55,-2,0,-23,2,2,-61,3,-8,6,37,27,5,23,0,9,-2,40,-35,1,49,32,-21,-11,1,-49,8,-52,-17,17,-4,-10,2,1,-54,-8,0,13,1,9,-26,-12,29,-29,1,12,0,1,2,-80,-2,5,0,0,-48,-5,-18,-10,3,-5,13,-28,-48,-8,26,38,-48,18,-21,2,-25,1,-24,17,-54,-36,0,67,2,-3,-24,0,40,-30,1,2,-19,-4,0,-1,7,-62,2,6,-11,43,12,2,26,18,54,0,-20,23,0,40,-29,1,1,-6,0,42,0,-9,250181,0,100
-85,47,9,-81,5,-25,0,-9,-20,47,-52,-16,33,-51,-1,36,-18,57,49,23,5,22,0,-33,0,-17,-22,4,-67,0,-1,-3,-1,0,14,5,1,-2,0,0,-30,0,-2,37,0,0,0,-10,39,18,28,-1,25,0,2,-21,8,0,13,38,26,8,52,-23,-50,-37,0,-25,2,-20,47,2,-6,0,-27,38,-1,-23,-1,0,-9,41,0,69,0,0,-11,37,-1,-23,-58,-40,0,-58,-24,0,-94,0,0,-64,18,-3,-47,-42,-30,57,1,-40,-61,-30,-4,-14,0,-84,0,7,-29,-5,0,-23,-1,-3,-81,1,1,-37,-19,6,26,7,0,-39,1,52,28,0,-24,49,-29,-13,60,-52,4,-21,-10,31,-19,1,6,4,-58,-7,66,2,0,48,41,15,52,-41,0,-41,0,-1,4,5,25,-88,0,0,-36,31,-58,-12,-1,-21,24,-42,-33,-12,-46,46,-55,-58,-32,47,-9,2,-100,2,-64,-69,-2,64,0,-2,-32,0,-57,-24,1,0,-7,19,0,0,5,12,-1,54,46,18,3,-6,-13,-6,-87,-35,-47,27,0,-77,-92,-3,3,21,0,14,-60,22,250240,0,100
0,6,13,-52,11,5,0,-54,57,10,-52,28,74,-58,-1,-1,1,3,43,0,-10,79,0,-82,0,6,-52,0,-15,0,1,1,0,0,85,-6,1,-78,0,0,31,0,0,-42,0,1,0,-56,-42,15,27,2,0,-2,1,73,-13,0,3,55,31,25,7,27,-55,46,0,5,1,37,28,24,-12,0,77,17,1,4,-1,0,-55,27,0,9,0,0,0,-6,-1,-66,5,-68,-22,-13,-83,1,-79,0,-22,-71,60,3,-72,-76,-81,15,4,-58,0,-50,-1,-4,0,52,0,9,-21,-3,0,17,1,0,-85,2,0,-32,-4,17,32,14,0,-32,0,79,-100,2,-81,65,-13,-6,-13,-33,4,-24,-18,-30,-38,-6,1,5,-100,-7,-19,13,-2,5,-98,29,97,-12,4,-64,0,0,2,-87,96,-63,-2,0,-75,98,-81,4,0,-24,57,-13,81,0,-67,83,-78,40,-7,-3,7,-35,-4,50,-100,-62,0,9,0,-6,-70,0,39,-56,0,4,-23,18,0,-1,6,1,-39,1,35,79,2,1,-40,-52,52,-46,-78,21,0,54,-78,2,5,4,-1,85,6,27,250278,0,100
-18,-4,20,-65,2,10,0,18,-11,30,-47,11,18,-74,1,58,63,42,27,55,19,57,0,-93,0,18,-60,-25,-16,0,1,0,0,0,37,0,0,-77,0,0,15,0,0,-12,0,-1,0,-5,-14,30,-11,-1,42,3,-2,18,18,0,-60,38,4,13,30,-14,-42,7,0,-6,2,22,40,13,-10,0,19,44,-2,6,-2,0,-46,37,0,-3,0,0,-33,52,-1,-46,-33,-36,28,-17,-29,2,-26,0,-44,-60,28,-2,-52,-31,-24,55,3,-77,-20,-44,-3,-39,1,23,0,3,-21,2,0,-6,-2,0,-82,0,-20,9,-23,37,3,36,0,9,-2,-44,22,3,-61,5,-33,-9,-18,11,3,-18,-30,1,-15,1,0,-3,-33,-3,-18,-60,1,-6,25,27,31,-58,0,-25,0,0,1,-85,13,-11,2,0,-89,7,-34,-5,0,-17,26,-58,6,-3,-24,-5,-52,29,-34,54,-32,-34,-2,-6,-38,-70,0,54,-1,-4,-55,0,21,-55,2,0,-26,-5,0,2,2,-61,-38,42,-54,58,1,2,-28,22,28,-9,-31,-5,0,17,-28,0,2,19,0,36,-35,27,250525,0,100
-41,-11,24,-30,10,-31,0,47,18,13,-45,-24,18,-22,-2,27,-17,8,19,66,38,1,0,-58,0,84,-49,-21,-43,0,2,0,-1,0,56,-21,1,-34,0,0,1,3,2,-52,0,4,0,-39,-51,13,16,0,4,-1,3,-17,36,0,-34,33,13,-25,12,-9,-63,-18,0,-51,0,-24,34,31,14,0,-3,38,0,-28,0,0,-40,42,0,14,0,0,31,68,1,-37,-30,-33,-56,-39,-61,-2,-29,0,-21,-61,30,3,-52,-33,-60,52,1,-17,7,-31,2,-3,-2,38,0,3,-6,-20,0,-37,1,0,-55,1,-20,11,3,63,16,64,0,8,0,-29,-58,3,-80,16,-3,-2,29,-3,0,-7,-24,5,-26,-21,1,-6,-55,-5,29,0,0,-12,-60,10,52,-10,4,-47,0,1,0,-34,28,-3,0,0,-65,25,-67,-7,0,0,-58,-8,58,5,-43,26,-62,7,-7,21,36,-40,-33,28,-51,-39,3,50,1,0,-66,0,-40,-52,0,4,-23,-28,0,0,0,-34,-41,8,-2,1,-2,2,-44,44,35,12,-71,9,0,-47,-28,3,0,21,2,57,-29,11,250582,0,100
-8,3,-14,-62,7,-13,0,0,-11,13,-31,-2,43,-12,0,-6,46,41,39,45,-3,46,0,-92,0,-6,-11,18,-9,0,0,0,2,0,44,-8,0,-20,0,0,32,0,1,-22,0,0,0,0,-25,0,25,0,32,1,0,-20,-1,0,-23,49,5,-1,15,-13,-27,0,0,-63,3,-4,31,-11,-3,0,-13,38,0,-14,0,0,-33,38,0,3,0,0,-3,43,-2,-25,-47,2,1,-60,-42,3,-49,0,-9,-50,24,0,-26,1,-28,14,4,-5,-15,-29,-1,-10,2,-5,0,6,2,-9,0,20,-1,0,-76,1,15,-20,-2,52,22,58,0,-20,0,8,-2,-1,-57,6,-17,-3,-18,24,4,1,-29,24,6,-14,0,-1,-48,-2,-22,-24,1,4,-2,34,46,-37,1,-40,0,0,2,-21,52,-31,1,0,-92,54,-31,-5,0,-28,35,-36,79,2,-20,8,-68,40,-17,-3,-2,-38,8,-6,-55,-60,0,11,0,-1,-23,0,-7,-16,1,0,-29,-9,0,1,6,-21,-37,40,-20,47,-2,-1,0,0,-4,-7,-30,3,0,-11,-46,1,3,42,0,45,-46,34,250595,0,100
-11,7,19,14,4,2,0,27,-21,-28,-14,2,28,-21,0,-22,5,29,21,-4,36,-4,0,6,0,-57,-18,-10,-16,0,2,-3,-2,0,44,-6,0,-35,0,0,3,0,0,-2,0,-2,0,-31,-1,-19,38,2,-5,-3,2,10,36,0,-10,17,12,5,-24,-7,-22,-22,0,40,5,-44,34,29,-1,0,3,5,0,5,0,0,-55,6,0,13,0,0,-29,-4,-1,-31,-18,6,-43,-30,9,2,-8,0,6,-45,29,-2,-7,5,16,41,0,0,-2,-36,0,-15,-1,-3,0,7,-2,-1,0,-43,1,0,-41,1,-19,30,-9,24,-35,18,0,33,2,39,12,-4,32,44,-18,2,12,-27,6,-2,-3,-25,-20,-26,1,2,54,0,6,89,1,9,21,2,52,-21,1,42,0,1,-1,19,-43,-21,-1,0,4,-45,-41,-8,0,-1,30,-19,-9,9,48,48,-37,32,-18,-22,-31,-9,-45,-12,58,6,-1,41,0,-3,-17,0,-18,-29,0,-1,-5,-23,0,0,6,-10,-2,35,1,-4,6,-7,-48,24,-11,18,-49,4,0,-21,-9,-4,3,17,0,39,-16,3,250725,0,100
-47,19,6,-90,4,-9,0,-9,-52,-14,-40,-15,51,20,0,-17,23,-67,42,21,-36,33,0,-54,0,-11,-35,-22,-46,0,1,-3,-3,0,20,2,0,25,0,0,-48,-1,0,21,0,0,0,-17,21,10,-2,0,-13,-2,2,17,-36,0,-18,28,10,-14,-15,-19,-32,-44,0,-55,4,-40,82,6,-3,0,12,47,-1,-5,-2,0,-66,47,0,34,0,0,-1,13,-3,-78,-63,-12,-49,-39,-6,2,64,0,1,-69,52,0,-72,-12,-7,69,0,3,16,-69,-1,-13,-4,65,0,6,10,2,0,16,2,0,-40,1,-16,-32,-70,-4,3,-9,0,-31,0,14,-4,-2,-76,37,-39,1,-27,-6,7,7,-28,-52,-14,-1,3,-2,-4,-6,-25,-76,2,17,-6,58,58,-14,2,-31,0,-1,2,0,25,-50,-1,0,-46,21,-41,-8,0,-20,36,-16,-9,6,-36,37,-66,6,-43,-17,-3,3,-74,-45,-4,-96,-2,67,0,-2,-77,0,-85,-30,0,1,-30,22,0,-2,1,-18,2,-66,-100,35,-7,-7,-37,-10,67,-29,-43,10,0,-78,66,-1,2,22,0,23,-62,58,251470,0,100
-26,13,-66,-23,0,1,0,51,1,6,-39,-15,16,1,1,-64,38,18,27,-17,44,-4,0,-24,0,4,-10,17,-26,0,1,-4,0,0,26,-4,-1,-6,0,0,-9,1,0,15,0,0,0,-16,15,3,19,3,-19,-2,1,11,45,0,-25,13,25,-21,6,-19,-29,0,0,-44,4,-11,15,-58,10,0,-1,15,-1,3,0,0,-73,12,0,25,0,0,-33,-15,-1,-27,-26,6,-29,-29,-65,2,-30,0,0,-21,-16,0,26,0,-66,45,-1,3,-48,-73,0,0,-4,-60,0,7,-39,-5,0,-67,0,-2,-46,2,14,6,3,37,23,37,0,9,0,-13,-8,-1,-19,-17,-2,6,-3,17,5,-38,-13,49,-8,35,4,0,-24,-5,-7,38,1,13,-6,13,-18,-18,1,-64,0,0,1,-4,2,-4,2,0,-25,-1,-45,-7,0,-12,46,-16,-6,13,-67,-12,-40,11,-5,-66,-37,-4,-77,1,-19,-29,0,45,2,0,12,0,2,-11,0,0,-14,-17,0,-1,3,-24,-3,19,94,-6,1,-6,-66,52,-63,13,-44,10,0,7,-34,-4,0,8,1,24,-25,10,251570,0,100
6,9,-8,-58,3,-17,0,20,-1,-8,-70,4,57,-20,-1,32,-26,16,23,-8,8,17,0,-12,0,-6,-32,-18,7,0,3,0,-2,0,51,-2,-1,-33,0,0,-13,0,0,58,0,0,0,-21,56,6,2,4,2,-5,0,-97,11,0,1,19,21,4,-11,-5,-52,-45,0,-54,4,-43,64,-5,0,0,-75,18,1,-22,0,0,-70,19,0,14,0,0,37,-8,0,-50,-48,-28,-15,-25,-58,4,-52,0,-1,-57,60,-1,25,-48,-58,23,0,-22,-23,-82,0,-7,-3,58,0,8,-3,-3,0,37,4,0,-37,2,-18,7,-36,27,-8,27,0,19,0,28,-14,0,-63,20,-17,-4,-58,-32,5,-3,-22,-3,-20,3,2,4,39,-4,-56,26,3,8,-16,52,54,-21,1,-22,0,2,0,-42,-4,-31,-2,49,-1,1,-80,-9,0,8,32,-21,-10,-8,-30,2,-52,28,-14,14,38,16,-80,-9,36,-52,-2,24,4,-1,3,0,-40,-30,0,2,-21,8,0,0,3,0,17,17,-77,17,1,-6,-57,23,58,-8,-80,11,0,-40,-52,-2,2,37,0,51,-46,52,251829,0,100
67,-7,-28,-50,-6,-10,0,-28,-2,32,-52,13,65,46,0,-31,1,35,10,-17,-32,-4,0,-48,0,-58,100,-2,62,0,-2,-5,-3,0,-11,7,0,-27,0,0,-42,0,0,-5,0,0,0,51,-2,21,16,0,33,-1,2,-4,-29,0,-12,14,-1,9,33,-6,-67,-43,0,-61,0,-45,11,-27,-17,0,20,21,0,-17,0,0,-27,23,0,22,0,0,-72,-14,2,-10,-72,-47,-58,5,-43,-2,0,0,7,-100,42,1,-19,-48,-37,29,-5,56,-100,-34,0,-16,1,49,87,0,-14,6,0,-2,0,0,-61,2,0,0,31,37,6,39,0,3,0,27,-27,-1,-44,13,0,-15,11,1,0,-18,-13,35,50,19,2,2,-49,-2,6,-7,0,-5,-25,0,35,0,0,-7,0,1,0,-7,23,-5,-1,0,-54,23,-54,-9,-2,-4,32,-1,-47,-16,-2,-6,-24,27,-2,-38,-69,9,-51,2,-38,-49,-2,32,-1,-3,-15,0,-10,100,0,1,-12,23,0,-2,0,-12,9,35,-78,-3,4,-1,27,-22,48,-23,-66,8,0,-5,-3,0,2,24,-1,-12,-73,1,251988,0,100
100,5,-2,-70,5,22,0,97,-37,-19,-80,-100,39,11,0,12,-16,48,57,-46,-10,-8,0,-2,0,-37,57,8,100,0,3,0,-1,0,26,6,0,14,0,0,-35,1,1,18,0,1,0,-2,16,-17,-21,2,11,-3,2,22,0,0,-100,22,18,-100,-18,-10,-75,-52,0,-62,2,-48,49,3,-7,0,25,40,1,23,-1,0,-65,41,0,50,0,0,2,-50,1,-23,-73,-42,-30,10,-11,5,-50,0,19,-100,46,-1,-27,-52,-12,14,1,5,-4,-71,0,-7,-2,73,0,7,100,5,0,0,2,0,67,1,7,-15,-10,30,-26,33,0,-7,1,19,24,-1,-12,24,-2,1,11,-31,5,99,-29,-23,3,100,3,2,94,-8,11,-38,0,4,26,41,45,-1,0,-11,0,0,2,-3,-19,-18,-1,0,5,-19,-20,-7,0,-13,42,10,5,6,-14,32,-100,-100,-4,13,5,3,-47,-34,94,-74,0,12,0,-4,-21,0,-39,57,2,0,-30,61,0,-1,1,-100,1,-40,99,-4,-8,-1,41,97,74,-17,-20,22,0,-33,-48,0,3,24,0,29,-70,43,252154,0,100
-75,-25,-48,-71,3,-7,0,-2,0,-72,-51,1,36,-16,1,-14,20,23,29,23,18,8,0,-17,0,-22,-54,-57,-73,0,0,0,1,0,60,11,1,44,0,0,-14,0,0,-5,0,1,0,-8,-6,-13,-1,1,-14,-1,0,64,14,0,-55,77,4,7,-76,-33,-55,-32,0,-69,2,-42,67,-27,0,0,66,9,1,3,0,0,-52,14,0,27,0,0,0,4,0,-31,-70,-69,-11,-16,-60,1,5,0,-2,-79,34,2,11,-86,-57,37,3,-11,-88,-73,-1,-14,0,-56,0,6,-32,-2,0,31,2,0,-26,2,-66,-74,0,-58,-19,-34,0,-70,0,63,-9,-2,-32,16,-18,-13,20,6,3,-24,-19,-29,9,66,6,6,-21,-7,26,-61,-3,-19,0,18,34,-69,5,-63,0,0,2,63,0,-22,-1,0,-33,13,-14,-22,-1,-49,33,-61,82,-17,-45,51,-24,2,-26,6,0,0,-48,10,-26,-75,0,41,1,-3,10,0,-39,-57,1,3,-4,-12,0,-1,7,-50,-4,26,-100,9,11,0,35,-5,-63,-47,-5,22,0,-44,5,0,3,27,0,65,-69,21,252865,0,100
-5,9,-20,-3,4,-23,0,24,39,20,-69,-33,-4,-3,-1,-23,-10,-13,-4,7,8,39,0,-31,0,-56,-44,24,-7,0,0,-4,-4,0,36,-20,0,-14,0,0,-43,0,2,-14,0,-1,0,-9,-15,26,-23,2,-3,-4,1,-78,1,0,-28,24,31,-34,19,-21,-73,-40,0,-36,2,-38,21,-18,-1,0,-82,29,-2,-15,-3,0,3,31,0,39,0,0,-6,1,-2,-19,-34,-64,-38,-45,-6,3,-47,0,0,-44,11,-2,-79,-63,-4,15,-1,-13,-47,-2,-3,-11,-1,-5,0,3,-11,-19,0,45,1,-2,-54,1,28,-14,-9,16,15,24,0,-9,0,8,-44,-3,-15,-12,-41,-12,-32,-34,5,-12,-27,38,-4,24,-1,5,45,-1,-37,21,2,6,-52,36,37,-26,0,-2,0,-1,1,-39,45,-18,-1,0,-36,52,-40,-8,-1,-23,47,-21,2,-14,6,-4,-41,-4,-41,-26,-8,-11,-66,26,42,1,0,10,0,-1,-93,0,-8,-36,0,0,-28,24,0,0,0,-27,-10,-14,-32,42,-4,-8,-69,25,5,-37,-45,3,0,-11,-50,-3,3,27,-1,38,-36,31,253124,0,100
40,-33,0,-83,5,-11,0,86,-38,17,-55,-38,37,-22,4,22,0,19,70,57,-9,-15,0,-76,0,-75,-32,47,41,0,2,3,3,0,-5,63,2,-38,0,0,-27,0,2,10,0,1,0,-9,10,-1,4,2,-7,-1,1,-66,0,0,-67,58,6,-37,11,-4,-35,49,0,-48,2,52,50,-4,-19,0,-35,3,3,-15,0,0,-15,-8,0,7,0,0,9,42,2,-24,-14,-12,10,-52,-18,2,-22,0,-28,-91,44,1,-49,-10,-12,50,2,-25,-18,-44,2,-21,0,-50,0,5,-36,58,0,14,2,1,-58,2,54,26,36,86,76,79,0,23,0,-69,3,0,-78,57,-19,-18,9,1,2,-45,-48,30,-21,-32,7,-3,-11,-6,18,-73,-1,-32,6,5,46,-9,4,-19,0,0,5,-22,42,8,-1,0,-69,28,-49,-2,0,-7,52,-10,27,-4,-2,52,-81,-22,-23,14,5,-89,-29,1,-23,-68,0,66,1,-2,-55,0,38,-31,0,1,-56,-36,0,-1,4,-66,-94,21,-70,-11,20,4,2,77,-55,22,-38,-3,0,43,-22,4,1,-3,2,-1,-9,0,253443,0,100
-39,7,24,-62,12,-2,0,22,32,45,-80,-81,42,-50,0,42,5,25,50,9,-2,52,0,-38,0,-17,-23,11,-45,0,0,0,-3,0,69,9,2,-40,0,0,-14,2,0,-32,0,1,0,-48,-30,17,-18,3,-1,0,3,52,-2,0,-44,41,18,-75,42,-3,-85,17,0,-43,0,22,42,23,21,0,58,51,2,1,-1,0,-48,48,0,34,0,0,35,6,0,-58,-37,-34,-14,18,-50,0,-13,0,-22,-50,34,0,-32,-41,-57,56,-5,-63,-1,-32,0,4,0,16,0,4,-14,11,0,67,4,0,-87,3,13,-15,-18,16,15,16,0,-13,2,30,-75,1,-43,-7,-14,-13,1,0,2,-13,-20,16,-44,6,4,5,-82,-4,-8,15,0,4,-74,4,73,-62,5,-30,0,0,0,-67,48,-44,0,22,-40,56,-24,-8,0,-3,-20,-62,28,-6,-29,-7,-98,19,-20,31,35,-23,-86,32,-88,-74,1,50,2,0,-46,0,-24,-22,1,2,-17,-13,0,0,3,-46,-25,22,-40,52,6,-1,-58,19,18,25,-24,11,0,-12,-15,1,0,23,-1,68,-38,3,254086,0,100
1,46,28,-100,6,-26,0,-52,-16,29,-67,0,63,-58,-1,-9,26,17,38,46,3,-18,0,-43,0,-65,44,100,-8,0,2,-2,1,0,47,-4,1,-13,0,0,1,0,-1,-51,0,0,0,-30,-46,31,-63,3,-6,-2,1,-69,3,0,-10,26,8,2,26,-28,-37,-52,0,-37,1,-50,58,25,6,0,-65,33,1,-26,-2,0,-38,32,0,42,0,0,1,36,0,-24,-43,-54,-44,60,-8,1,-15,0,-20,-36,40,1,0,-49,-5,48,10,-77,-9,-46,-2,-15,-5,-34,60,5,15,-2,0,99,2,0,-52,0,100,-48,-83,100,-8,100,0,-51,1,-10,6,-2,-24,1,-9,11,-15,4,5,19,-99,-52,-27,-13,-4,0,25,2,-13,22,3,44,4,30,35,56,3,-4,0,0,0,-47,66,-7,0,0,-36,65,-43,-16,0,-1,20,58,89,19,2,7,-100,-100,-12,-5,0,-14,-80,-15,20,-100,-1,43,0,-3,-3,0,-58,52,0,0,-100,26,0,0,2,-8,-14,14,32,-19,-10,-4,68,-52,-32,-24,-28,9,0,-63,-13,0,2,20,0,48,-45,29,254243,0,100
1,-4,-27,-55,3,-34,0,56,57,-1,-52,-79,25,-25,-1,7,-1,-100,4,22,-19,7,0,0,0,-100,-32,14,-2,0,2,2,-1,0,-98,2,-1,-41,0,0,-100,2,2,-38,0,0,0,-100,-37,-11,50,2,-20,-1,2,-22,-21,0,24,14,10,-79,3,-22,-61,-49,0,-56,2,-66,47,-19,1,0,-37,7,1,-30,0,0,-64,13,0,42,0,0,-100,22,0,-29,-26,6,-100,-5,-54,0,-39,0,10,-68,17,1,-68,6,-48,50,-2,-12,-5,-62,0,-1,-3,100,-66,3,-11,6,0,100,2,-1,-18,0,4,-14,37,0,3,-4,0,-16,0,-1,-52,2,-73,-6,-12,-4,78,-10,3,-15,-14,-55,-100,-18,6,-1,79,-4,78,9,2,-3,-42,45,-25,-10,1,-37,0,0,1,-2,18,-49,-1,1,-5,16,32,-9,0,0,100,-10,-9,0,-34,-5,-31,-8,-10,3,-100,2,-98,52,81,-52,1,49,0,-1,-60,0,-76,-38,1,3,-18,-2,0,0,-1,26,2,-100,-58,5,0,0,56,56,100,100,26,12,0,-62,-37,1,0,17,1,-98,-25,46,255001,0,100
-14,-9,44,-37,-3,16,0,71,-9,-100,-74,20,19,4,0,8,-32,-100,-6,-19,-13,14,0,-20,0,-49,-93,-19,-12,0,3,1,0,0,-15,-13,0,56,0,0,-100,1,2,19,0,-1,0,-97,20,-27,-37,2,-19,-2,2,-43,-11,0,-9,12,0,25,-100,-10,-61,-27,0,-65,3,-31,63,49,-18,0,-41,39,-2,17,-1,0,10,42,0,55,0,0,11,-21,1,-66,-46,-75,-55,16,1,1,23,0,30,-32,26,0,-100,-89,15,20,3,0,-31,-2,-2,-3,0,30,17,2,28,-17,0,0,2,1,-56,0,-19,1,15,47,-22,43,0,4,1,23,-29,1,-31,100,-43,6,100,-2,3,30,-18,-42,-93,-20,6,4,-95,-11,100,-8,2,-9,-25,22,2,69,0,23,0,-1,2,50,5,-11,0,0,-9,4,-75,-3,0,-18,49,69,16,9,32,100,-49,-100,-44,9,11,16,-88,-12,-100,-35,0,23,0,-3,-100,0,-54,-96,0,1,-23,16,0,0,3,-10,15,-100,-100,13,0,2,87,70,28,-40,-70,18,0,-55,21,0,3,9,1,-13,-46,27,255106,0,100
-51,21,21,-49,12,-8,0,19,-17,100,-15,5,10,16,0,-49,-3,20,14,-4,34,31,0,-44,0,79,70,13,-45,0,0,-2,-5,0,35,-15,-2,-25,0,0,-58,2,0,33,0,-1,0,-23,31,12,-62,1,-9,-3,2,0,36,0,-5,32,18,-75,100,-13,-17,-57,0,30,2,-54,38,20,12,0,-6,16,-1,-11,-3,0,57,14,0,-5,0,0,-18,-8,0,2,-18,10,-58,45,-36,2,12,0,4,-54,20,-1,11,8,-42,-21,-3,11,13,46,-4,-12,-3,-6,0,7,-7,-18,0,34,0,-4,90,1,14,-42,-25,-48,62,-39,0,-39,0,11,29,-3,-11,5,-50,-4,-5,-11,5,-3,-1,13,-27,5,2,2,-82,-9,-8,-42,2,18,28,32,15,-98,0,-7,0,1,0,-36,15,-12,-1,0,-25,18,-50,-8,0,-16,34,-100,-67,1,-4,16,30,58,-49,-40,-18,18,-17,-19,-86,-52,0,-20,-1,0,19,0,-17,72,1,0,-4,-63,0,0,2,-7,18,17,-69,33,-10,-6,-17,27,-6,-20,-48,-2,0,-17,13,-2,0,2,0,35,-20,33,255371,0,100
-48,15,16,-72,4,-13,0,14,8,20,-52,-8,30,-40,1,-25,15,36,17,21,33,2,0,-31,0,-3,-2,-11,-44,0,1,2,0,0,38,13,1,-9,0,0,-9,1,0,-48,0,0,0,-30,-49,38,0,2,2,-1,2,6,33,0,-30,33,15,-4,20,-20,-35,-43,0,-39,4,-35,36,16,3,0,14,5,2,-16,-2,0,-63,0,0,13,0,0,-1,25,-2,-49,-29,5,-24,-38,-25,2,-12,0,0,-52,36,1,-27,-3,-20,90,1,-39,-1,-66,-1,-6,-4,-95,0,6,-8,14,0,42,2,-3,-52,0,-10,-27,22,54,-2,49,0,-23,0,6,-22,0,-36,19,-2,5,-24,-14,5,-9,-26,0,-35,5,3,-2,-65,-7,-26,-17,2,10,-25,45,26,-48,1,-30,0,2,2,-15,10,-18,-1,0,-19,11,-57,-11,1,-17,32,-49,5,16,-26,20,-49,-18,-7,-29,-4,-2,-31,5,-71,-71,0,89,1,-1,-34,0,-43,-5,1,3,-28,0,0,-3,2,-30,-2,34,29,3,-4,-3,-20,13,-91,7,-50,15,0,-37,-12,1,0,24,0,37,-26,42,255464,0,100
-29,18,-17,-5,9,25,0,12,27,2,-22,40,29,-11,-3,9,6,22,11,8,35,-9,0,-35,0,26,20,-30,-36,0,3,-2,2,0,26,-21,1,2,0,0,5,0,1,26,0,-1,0,-32,27,-18,49,1,-22,1,2,6,40,0,-27,11,0,44,6,-3,-26,-33,0,-14,2,-36,-1,-11,0,0,8,6,-1,24,0,0,-7,7,0,28,0,0,-8,1,2,-55,-22,42,-72,-42,-37,0,0,0,8,-58,12,-2,-9,38,-41,50,0,-14,2,-23,1,-29,-2,-36,0,5,-12,-22,0,-11,2,0,-46,0,-35,3,-18,13,26,-4,0,3,0,34,39,-1,-2,26,-24,-2,7,0,3,-12,15,-31,-31,-72,0,1,55,0,8,40,0,21,41,42,12,-18,0,-11,0,0,0,7,7,-62,3,0,-23,5,-52,1,0,-1,44,-15,-26,-5,-21,38,-50,58,-22,12,-11,10,-86,29,46,-1,0,55,-2,-1,10,0,-18,20,1,-2,7,1,0,0,4,-25,10,22,93,-8,-2,-2,-48,2,-39,12,-54,-9,0,-13,4,-2,3,-3,3,26,-21,45,256420,0,100
-10,8,10,-52,10,0,0,19,43,-3,-49,-43,42,-39,0,-52,-5,37,57,5,-14,0,0,-13,0,57,-49,-6,-17,0,1,0,0,0,67,47,0,-54,0,0,32,1,0,-13,0,1,0,-44,-15,25,27,3,22,0,2,39,-25,0,-31,44,11,-23,7,19,-58,2,0,-61,1,-4,13,13,1,0,63,26,2,0,0,0,-18,24,0,36,0,0,17,27,2,-41,-15,-17,2,-17,-38,2,-82,0,-35,-44,37,1,3,-16,-50,55,0,-44,-44,-16,1,-31,-1,23,0,7,7,50,0,-41,3,0,-89,3,-2,28,-21,13,22,21,0,25,0,80,-52,1,-24,100,-15,-31,0,-6,3,2,-58,1,-27,-17,1,-3,-82,-13,-13,-15,-2,12,-55,-19,43,-20,3,-37,0,0,2,-60,-27,-11,-1,0,8,-23,-27,4,2,6,55,-13,29,-31,-31,83,-87,1,-15,-76,9,-27,-37,39,-100,-52,0,57,1,-4,-23,0,-14,-47,0,2,-58,-26,0,-1,5,-29,-32,37,-100,0,-3,-3,-29,20,29,27,-34,57,0,-27,-79,2,2,13,1,63,-12,-32,257047,0,100
-24,23,2,-39,1,4,0,4,12,0,-20,100,22,-26,0,0,7,12,21,-23,-52,-33,0,-41,0,-17,30,-9,-24,0,6,0,0,0,66,-26,0,12,0,0,-39,2,2,38,0,2,0,10,36,-7,-100,4,38,-1,2,55,-49,0,3,32,18,92,-2,0,-9,-52,0,12,3,-47,22,4,-8,0,58,19,0,4,0,0,-24,17,0,49,0,0,28,-25,1,6,-15,-6,-34,46,27,1,-58,0,10,-29,24,2,-43,-17,18,31,0,-33,-10,-33,2,-8,-3,-15,0,4,-10,-28,0,0,2,3,-58,0,-14,1,-12,-14,-26,-16,0,9,2,42,-42,0,20,37,-28,3,25,-25,5,-10,-14,-8,8,16,0,2,-47,-6,24,-60,1,19,-41,66,7,29,0,-30,0,2,1,-10,-9,12,0,0,-23,-4,-47,-5,0,-10,36,30,-21,2,-42,45,-37,19,-24,7,28,-30,-48,10,-45,-43,0,31,0,-4,-32,0,-28,30,0,2,-17,16,0,-2,1,0,-29,11,-31,-31,-5,3,-35,4,-14,-8,-40,-5,0,-28,-52,1,5,-3,2,63,-13,66,257289,0,100
-62,26,14,-92,2,6,0,-24,-22,-17,-51,-8,7,23,0,7,-50,55,0,0,-8,47,0,0,0,-17,18,-6,-61,0,0,-5,-1,0,18,2,0,29,0,0,-44,-3,-2,35,0,-1,0,0,38,-17,-29,2,-5,-4,2,-74,-9,0,-21,19,14,-2,-18,-11,-51,-52,0,-68,2,-48,-23,13,10,0,-62,32,-2,0,-2,0,-69,25,0,10,0,0,20,4,0,-44,-55,-37,-50,-45,21,3,-27,0,14,-75,27,-1,-14,-42,15,51,-1,15,-80,-73,-2,-11,-3,-8,0,7,0,1,0,3,0,0,-62,1,-4,-23,-20,-40,-32,-36,0,-24,1,35,8,-4,-11,47,-68,-23,-31,-20,7,1,-13,-35,2,-40,2,0,18,-6,-44,-7,4,22,-3,67,-5,-52,1,-19,0,-3,1,0,-71,-37,0,0,14,-74,-58,-6,-1,-18,23,-51,6,-36,-16,44,-46,13,-62,-6,15,11,-88,-23,10,-85,-4,47,-1,0,-15,0,-60,24,0,-1,-13,32,0,0,0,-24,13,51,-82,40,-5,-12,-7,-22,-6,-21,-57,-8,0,-67,-31,-5,0,8,1,19,-54,64,257433,0,100
-15,4,-10,-20,6,2,0,-32,1,3,-50,11,51,-52,0,5,0,0,36,17,48,34,0,-50,0,10,-18,-16,-19,0,2,0,0,0,69,-22,0,-12,0,0,-36,0,0,61,0,0,0,-31,62,5,-32,0,-16,0,1,-10,45,0,-22,23,0,21,2,5,-40,-29,0,-36,2,-41,17,-5,8,0,4,27,0,-5,0,0,-52,28,0,30,0,0,8,29,1,-72,-33,-23,-60,-16,-35,1,-39,0,-7,-48,48,2,-1,-29,-28,6,1,-57,-20,-34,-1,2,0,-54,0,6,-8,-18,0,13,0,1,-73,1,-16,1,-7,13,-3,21,0,0,0,37,-48,0,-50,10,4,0,-39,-1,2,-13,-12,-21,-13,0,0,3,40,4,-39,15,0,2,-55,22,63,-24,2,-30,0,1,2,-25,-9,-61,-1,0,-69,-4,-35,3,0,-10,9,-23,7,9,-26,0,-14,-1,2,-3,7,-13,-16,-7,28,-28,-2,4,0,-2,2,0,7,-15,0,2,-10,10,0,0,6,-20,-11,0,-42,30,-2,0,-13,-23,-56,-6,-32,1,0,11,-43,1,2,22,0,66,-32,19,258095,0,100
-100,1,18,-69,7,-7,0,16,-55,-5,-56,-40,13,-56,0,26,50,35,60,86,-5,17,0,-36,0,-100,-19,37,-100,0,1,-2,0,0,54,19,1,-25,0,0,30,0,0,-2,0,0,0,-34,-5,11,-28,2,-3,0,0,-14,-8,0,-66,39,-14,-39,-8,-14,-58,-36,0,-28,0,-35,48,25,-8,0,-11,17,0,0,-1,0,-32,18,0,0,0,0,20,91,0,-54,-24,-15,-43,-54,-15,0,13,0,-3,-26,49,0,-18,-31,-19,64,-1,-47,-79,-23,-1,-12,0,-41,0,5,-15,21,0,48,0,-1,-66,2,33,-25,18,50,31,51,0,-21,-2,5,-29,1,-69,45,-20,-3,-2,-6,1,-18,-13,23,-32,28,3,3,-92,-1,-8,-52,0,0,-30,29,90,-50,3,-6,0,0,1,-30,41,-13,0,0,-45,43,-44,-16,0,-23,37,-50,-87,3,-10,45,-45,13,-19,17,21,-28,-61,-38,-86,-80,0,65,1,-3,-24,0,-60,-26,0,1,-17,-2,0,1,0,-64,-33,35,-100,15,20,0,-62,8,-39,1,-54,19,0,-46,15,0,0,23,1,56,-21,27,258336,0,100
-15,3,-20,-36,3,-10,0,27,-7,-18,-44,23,40,-37,0,-23,-5,15,0,-22,56,34,0,23,0,9,-24,-28,-18,0,3,1,1,0,51,-6,-1,0,0,0,-31,1,0,31,0,4,0,-21,31,-10,12,1,-6,0,2,22,52,0,13,14,7,21,-17,-6,-30,-46,0,-58,2,-55,25,-17,1,0,33,28,0,-10,0,0,-36,30,0,46,0,0,18,-33,2,-29,-35,-18,-64,-17,-31,1,-46,0,-1,-40,42,0,-40,-21,-29,-16,5,-24,-3,-32,0,-13,-3,-13,0,4,-17,-5,0,-72,2,1,-42,0,-27,-4,2,52,-17,50,0,2,1,5,-37,-1,-49,-19,-14,-5,19,6,4,-17,-6,19,-14,-13,0,12,-100,9,14,38,2,5,-38,39,37,6,0,-26,0,1,1,33,0,-41,0,0,16,2,-68,0,-2,-18,52,7,-19,-5,-27,-30,-48,49,-14,-32,17,1,-36,-13,-100,-33,0,-17,0,-2,-30,0,-44,-31,0,2,-4,0,0,0,2,16,3,15,65,31,1,1,-49,18,-15,-16,-70,15,0,-29,-42,0,4,21,1,52,-35,39,258648,0,100
30,3,-40,18,8,0,0,-5,27,-99,-62,-51,58,-19,0,6,-29,11,35,5,-6,15,0,-58,0,18,100,23,11,0,-1,0,0,0,45,16,0,-24,0,0,-10,2,0,3,0,2,0,100,10,100,22,0,24,0,-3,-13,-2,0,1,2,-2,-31,-100,3,-40,-32,0,-82,0,-35,47,-38,68,0,-30,11,1,2,0,0,1,11,0,11,0,0,-42,2,0,4,-30,100,-96,47,13,1,41,0,-1,-29,30,1,-69,100,25,40,2,-10,-3,-5,1,-2,1,2,0,1,100,13,0,48,1,0,33,1,20,100,-38,97,14,100,0,95,0,55,-21,1,2,-39,-21,5,-11,-44,0,100,-21,73,100,98,6,8,-23,-6,-13,-84,0,7,-10,-21,100,74,1,9,0,0,0,2,12,99,-1,0,-54,16,-46,-6,0,100,100,76,-36,14,21,-20,-50,-100,-30,16,-45,-3,-22,13,-10,2,2,45,0,1,-52,0,100,100,0,0,-20,-100,0,-1,1,2,5,12,96,11,-1,0,58,-1,-6,-65,-34,17,0,100,40,0,1,40,-2,45,-28,-16,259054,0,100
33,-1,24,-52,6,0,0,0,-6,12,-28,14,46,-24,0,-34,17,-30,36,-2,12,-52,0,-40,0,-16,-6,-28,27,0,1,-1,3,0,31,-36,1,-55,0,0,-22,2,1,-13,0,2,0,-19,-11,24,-15,0,-10,0,3,-60,14,0,-38,46,29,23,15,6,-44,17,0,-31,0,13,19,23,21,0,-48,13,0,-1,-1,0,45,10,0,45,0,0,-6,0,0,-27,0,-11,-48,-42,-44,0,-51,0,-46,-85,20,1,-8,-17,-21,14,4,-27,-7,48,1,-7,-2,29,0,3,-19,-35,0,35,3,0,-84,2,-29,47,-20,21,23,25,0,46,2,37,-45,0,-7,26,-13,-1,-38,-15,1,-21,-22,-12,-7,-11,6,-2,5,-6,-39,14,1,3,-37,42,49,52,2,-36,0,0,0,-67,-8,-42,0,0,-37,-10,-10,4,0,7,62,58,5,2,-13,23,-58,26,-16,-32,-10,-34,-37,-10,-13,-57,1,10,0,-2,-22,0,30,-10,0,4,-19,-18,0,0,4,-35,-34,-31,-48,-52,2,1,-100,4,29,24,-17,8,0,37,-56,0,2,-1,0,30,1,43,259162,0,100
-47,26,33,-43,8,-32,0,38,-14,39,-37,-32,58,33,1,-32,-24,61,2,26,48,41,0,-79,0,-60,83,-12,-43,0,4,3,2,0,63,2,2,38,0,0,100,1,5,0,0,1,0,54,0,-16,-34,3,58,-1,3,-8,47,0,-7,19,6,-24,42,-18,-18,-52,0,-42,3,-61,47,40,-2,0,12,22,2,-41,0,0,-67,24,0,60,0,0,4,23,1,8,-61,10,-32,100,-28,4,-46,0,27,-47,28,3,50,-5,-24,68,0,35,-16,-68,1,13,-4,-36,-1,3,-23,7,0,18,3,1,-29,1,-13,-41,-90,30,-100,28,0,-44,1,-3,36,0,17,1,-36,9,10,-21,3,-22,-26,-47,64,-32,8,0,-52,1,4,-27,3,27,42,41,44,-48,2,-17,0,2,3,49,2,-26,2,0,-80,-3,-36,-4,0,1,100,-47,-94,19,-18,-5,-100,-100,-36,-36,7,-12,-21,-10,-69,-42,3,66,2,-1,49,0,-33,79,-1,3,-26,-16,0,0,1,-6,-14,61,23,39,1,4,28,39,-41,35,-31,33,0,-14,-46,5,1,17,2,61,-65,45,259762,0,100
52,16,28,-44,1,19,0,-23,-10,-49,-24,-4,15,-31,-1,-40,61,-5,45,-19,65,23,0,-81,0,64,-26,-44,63,0,3,1,0,0,39,-9,1,-60,0,0,-1,1,1,-15,0,1,0,-60,-16,23,-8,1,-14,0,0,33,56,0,-35,35,-13,-9,-49,-4,-35,37,0,-22,1,51,35,29,-2,0,26,37,2,29,0,0,-68,37,0,11,0,0,-10,-30,2,-12,-14,-19,15,-14,-48,0,-52,0,-28,-61,6,0,-24,-29,-31,63,-2,-36,-31,-50,2,-51,0,66,0,8,-33,-6,0,-31,0,2,-76,0,-48,-43,14,14,4,3,0,-42,0,0,16,3,-71,37,-27,-7,1,9,3,-40,-14,25,-64,24,6,2,-5,-11,7,0,0,14,21,14,18,-1,0,-46,0,4,1,-72,9,-22,2,0,-83,3,-26,-3,1,5,50,-4,-20,0,-35,46,-72,22,-23,-39,-6,-25,12,0,5,-42,2,66,0,-5,-20,0,-7,-27,0,3,-20,-14,0,0,3,-34,-33,-5,-100,22,11,4,6,-32,68,38,-25,-1,0,-26,-52,2,2,18,3,43,-12,14,259898,0,100
-32,4,10,-31,6,10,0,-57,36,0,-10,16,21,-15,3,-5,9,57,26,-29,76,-10,0,-77,0,19,-29,-34,-31,0,2,0,-3,0,47,-25,0,41,0,0,-10,0,0,-3,0,2,0,86,-4,25,-13,0,4,-1,2,100,74,0,-24,44,7,13,-2,-10,-10,-11,0,15,5,-14,24,13,9,0,100,38,-1,14,-2,0,-63,35,0,-3,0,0,-11,-33,2,-8,-40,84,44,-68,-24,4,-73,0,-2,-14,13,2,-40,79,-25,71,-4,-32,-73,-52,0,0,-1,24,100,11,-9,-19,0,38,0,-2,-73,1,-24,-49,-17,29,-1,31,0,-41,3,50,-7,0,-36,48,-1,-1,29,-16,9,-11,-22,-10,88,-28,0,0,-63,-5,22,13,1,3,-12,58,52,-49,0,0,0,1,3,5,46,-24,1,0,-71,49,-58,-9,0,-7,39,-49,-65,6,10,48,-49,40,-4,-6,-14,-10,9,35,-61,-36,-1,67,0,0,-54,0,78,-26,0,1,-22,11,0,0,7,-26,-9,58,75,-5,-2,0,-71,-61,27,-2,-68,-12,0,79,-70,0,0,16,3,50,-38,55,260345,0,100
-51,2,16,-39,5,23,0,-18,35,-10,-16,7,16,-4,0,-17,0,-11,21,-23,-23,-9,0,-52,0,34,-30,-20,-48,0,1,-2,0,0,47,-4,1,-13,0,0,-4,1,0,0,0,0,0,-18,-1,12,-25,1,-9,-1,2,54,-28,0,12,35,25,15,-12,10,-27,18,0,-24,0,12,31,19,13,0,57,-5,0,22,-2,0,-20,0,0,31,0,0,0,-19,0,-43,-6,-27,-31,-37,-43,1,-19,0,-20,-69,24,0,-5,-38,-28,20,0,-9,-76,-20,-2,1,0,-79,0,5,-10,-7,0,63,1,0,-63,1,-21,-9,5,-52,-2,-44,0,-7,0,8,-31,0,-8,16,-16,-4,-5,-27,1,-11,-9,-14,-1,-4,1,0,-22,-5,-5,-20,0,0,-42,25,56,-8,2,-36,0,0,0,-37,9,-51,0,0,-50,13,-58,9,0,-12,18,-6,-3,3,-24,20,-41,8,-16,-20,1,-2,-43,24,-38,-44,0,15,0,0,-8,0,3,-29,1,2,-7,0,0,0,4,14,-4,-13,64,-12,3,-2,-58,-10,-77,-13,-60,21,0,3,-22,0,1,6,0,48,-4,24,260670,0,100
-2,22,47,-43,3,-4,0,16,58,4,-24,2,70,-5,0,-22,14,-10,15,-5,44,31,0,-80,0,-47,-41,0,0,0,1,0,-3,0,55,-29,0,-14,0,0,-15,0,0,12,0,0,0,11,12,17,-22,2,9,0,0,20,41,0,-9,19,31,0,5,24,-37,-3,0,-20,0,-2,1,42,1,0,14,-1,2,0,1,0,-11,-1,0,44,0,0,21,-6,1,-25,-11,-5,-21,-22,-50,1,-45,0,-33,-89,61,1,-21,-10,-42,44,-5,-9,0,7,0,-14,0,37,0,5,5,-24,0,12,0,-1,-71,4,-1,47,22,-16,-10,-22,0,48,1,41,-52,-1,-22,29,-20,-16,7,-11,2,4,-25,11,11,-2,3,0,-73,-6,10,5,0,21,-48,7,100,42,3,-52,0,0,2,-21,-11,-41,-1,0,-82,-9,-39,10,1,13,36,41,-46,-14,-44,28,-38,35,-25,-19,21,-38,-20,57,-65,-49,0,38,0,-3,-29,0,36,-40,0,1,-24,-8,0,0,5,-9,-42,-12,-100,33,-7,-3,-46,13,37,19,-41,24,0,24,-45,0,4,31,0,54,-11,9,261171,0,100
1,9,-11,-10,0,0,0,4,60,17,2,4,10,-8,0,-39,12,-3,-4,6,-16,-8,0,-58,0,33,-11,-34,0,0,2,-5,-1,0,0,-28,1,3,0,0,-22,-1,0,34,0,-1,0,-7,36,5,18,0,46,0,2,-66,-17,0,-23,0,24,11,22,-18,1,-6,0,34,4,-11,-9,-5,-6,0,-72,-1,0,1,0,0,25,2,0,40,0,0,4,9,-1,4,-15,-9,-19,-70,-48,3,-64,0,-13,-18,23,-1,-21,-7,-45,-10,0,-7,-16,37,0,-9,0,51,0,11,-24,-26,0,-2,1,-1,-29,1,-34,-1,-33,-19,-18,-10,0,2,1,64,-37,-4,38,9,-38,2,-30,-18,7,-26,0,-38,0,-2,0,11,-3,0,-29,57,0,11,-29,40,49,-25,0,6,0,-1,0,14,22,-29,1,0,-63,25,-38,-2,0,15,22,-19,-100,6,14,24,-33,-2,-37,-43,5,27,-45,63,-3,-10,1,-13,4,-1,-10,0,21,-14,0,0,-4,10,0,0,5,-20,29,-4,-100,-11,5,-9,-75,17,49,-3,-38,11,0,34,-67,-6,3,13,1,-1,-16,36,262072,0,100
55,27,16,-43,8,-37,0,51,-72,66,-12,-50,75,18,-2,-33,-6,61,5,-14,34,-29,0,-48,0,28,100,-9,51,0,2,4,-1,0,36,-16,0,-52,0,0,-63,3,2,-28,0,4,0,96,-29,32,-47,3,100,-1,0,-58,30,0,-13,28,20,-47,66,-5,-19,-2,0,-6,1,-10,39,19,-3,0,-58,17,0,-35,0,0,16,18,0,40,0,0,3,-24,3,39,-27,-48,-50,70,23,0,-58,0,-21,-21,35,1,-38,-48,27,31,3,24,-32,25,0,11,0,100,27,7,2,-15,0,8,3,2,56,1,-14,25,-22,23,25,22,0,28,1,-4,-7,1,52,-3,-2,-1,-30,-17,4,1,-51,-16,100,18,0,2,100,-100,-23,-48,0,29,4,25,60,41,4,31,0,0,0,-26,2,34,0,0,-46,0,-49,1,0,8,39,45,4,3,32,9,-100,-43,-9,-33,4,14,19,-65,100,-52,2,33,1,-1,-41,0,-2,100,0,0,-48,7,0,0,5,-12,14,65,100,-26,0,4,6,47,100,-11,-52,-8,0,13,-60,4,2,-7,3,37,-26,28,262105,0,100
-3,-6,-12,-24,5,5,-18,12,15,37,33,4,20,-8,0,-13,71,-100,24,41,17,22,19,-100,-18,21,-45,-21,-8,-21,1,1,-1,-19,48,-5,0,-62,-18,-18,-100,0,1,-27,20,0,-17,-24,-28,34,-49,1,-10,1,1,28,12,21,17,23,11,4,40,0,16,14,-18,-23,0,-1,34,-3,3,20,28,41,0,7,0,20,-46,45,-18,19,-19,-18,-100,39,0,-6,-24,-1,-13,50,27,2,-24,-17,-27,-22,24,1,-4,-2,33,29,1,-9,-2,-31,0,-6,0,58,31,0,-27,0,20,19,2,0,-60,2,-24,7,0,74,8,74,-19,7,0,-10,-23,0,-33,40,-12,-4,7,2,0,-30,-29,38,-9,10,0,-2,33,-4,7,23,0,-6,-21,12,26,100,1,-2,-19,0,0,-56,16,0,0,50,-100,13,-70,-2,1,65,47,100,33,0,5,48,-72,100,-11,-13,-100,-26,1,18,34,-29,0,28,1,-2,-3,19,37,-46,1,2,-27,-65,-19,0,5,20,-26,-100,44,23,-4,0,-3,13,60,7,-77,5,20,45,-25,1,3,13,0,48,-22,14,262113,0,100
-19,0,5,-42,3,-7,0,47,18,27,-31,18,58,-77,0,-15,90,-2,8,22,24,-15,0,-11,0,-15,-39,12,-4,0,1,2,0,0,35,-1,0,-85,0,0,12,0,1,-36,0,0,0,-41,-35,17,-21,0,38,0,2,-20,25,0,-14,62,14,27,27,-8,-33,-21,0,-12,2,-23,28,12,-2,0,-17,24,0,-9,0,0,-15,24,0,39,0,0,5,23,-1,-24,-15,-40,-5,-6,-20,0,-77,0,-23,11,62,0,-32,-46,-6,58,5,-79,73,-21,1,-18,-2,64,0,6,-9,-4,0,22,2,1,-45,0,11,3,27,62,32,66,0,6,0,8,-28,3,-46,13,-11,5,8,-18,4,-4,-25,86,-40,46,1,-2,-88,-6,13,-93,0,0,-19,19,22,-2,1,-38,0,1,2,-84,15,42,0,0,-7,14,-43,-1,1,-46,49,-3,-35,7,-37,13,-45,15,-23,-17,9,-45,-20,5,-100,-50,0,61,0,-2,-46,0,27,-40,0,2,-23,-7,0,0,6,-14,-48,-2,31,-12,1,3,6,52,68,-34,-40,44,0,34,-81,2,3,5,0,35,-14,21,262176,0,100
3,1,93,-100,-1,100,0,34,-73,4,-52,-46,69,-24,0,-29,-12,27,20,18,2,3,0,-49,0,-28,52,100,4,0,2,0,-5,0,52,-8,-1,24,0,0,-29,1,0,-52,0,1,0,-100,-52,1,-26,3,-2,-2,3,-3,0,0,12,5,3,-45,8,0,-63,-50,0,-40,1,-58,54,100,-12,0,-7,-3,1,100,-2,0,-36,-1,0,40,0,0,33,30,1,-26,-62,-13,-100,100,-22,0,-52,0,15,-35,29,0,-78,-14,-25,-3,-2,-19,-42,-35,0,-13,-4,80,51,4,36,-9,0,6,1,1,-65,1,98,41,-17,37,-28,48,0,39,2,8,-51,0,-13,-48,-10,-11,50,17,4,35,-58,-26,-100,-3,3,0,-24,-10,45,7,1,3,-49,22,47,0,1,3,0,0,0,31,14,30,-1,0,-55,10,-70,-7,0,-100,47,-1,-79,-7,15,-33,-26,3,-11,-33,35,44,-32,-75,-23,-91,0,-4,1,-2,-81,0,-41,50,-2,0,-58,98,0,0,2,14,44,29,-20,0,-7,0,5,32,81,-36,-72,6,0,-46,-52,2,2,14,0,52,-60,19,262394,0,100
-39,-20,-22,-33,0,4,0,-1,-25,-10,-36,22,43,-65,1,-50,5,35,24,-26,28,19,0,-87,0,-94,-28,-1,-42,0,3,3,5,0,71,-5,2,-65,0,0,-20,1,0,54,0,1,0,-21,55,10,23,2,-22,0,1,15,30,0,-44,31,10,14,-15,-29,-52,-21,0,-77,4,-25,40,-13,-23,0,11,11,1,8,0,0,-31,7,0,23,0,0,-14,-16,0,-28,-39,-27,48,-35,-51,0,-24,0,-10,-54,56,2,0,-35,-52,44,1,-58,-6,-22,0,-24,-1,39,17,6,24,-7,0,34,2,1,-33,2,-19,-6,27,32,-6,22,0,-6,0,21,-7,2,-42,65,-26,-12,30,-25,4,27,-6,-13,-7,-2,-3,8,-96,7,28,-2,-3,-20,-23,9,-3,28,4,-48,0,0,3,-72,19,-38,0,0,-90,28,-51,-13,0,-14,56,34,9,-8,-51,63,-67,28,-16,-55,-15,-38,-7,-19,-100,-46,0,43,1,-5,13,0,1,-30,0,1,-19,10,0,0,7,-40,-40,36,-100,16,11,6,-22,-8,48,-3,-60,24,0,2,-27,5,7,19,2,74,-34,8,262398,0,100
-39,1,2,-62,-2,-8,0,-24,8,-5,-60,-15,55,-16,0,-14,-19,20,12,-14,16,24,0,-46,0,100,-21,-11,-37,0,0,1,-4,0,21,-12,0,22,0,0,-16,1,1,52,0,0,0,-5,47,-8,0,2,4,-5,2,49,19,0,-7,29,14,-22,0,-13,-60,-32,0,-45,3,-10,49,-1,-21,0,41,27,0,-2,-2,0,-52,23,0,14,0,0,24,-31,-1,-54,-39,-15,-16,-5,-72,5,-25,0,14,-63,67,-1,-3,-15,-68,40,-5,-25,-25,-68,0,-12,-3,-10,0,2,16,-17,0,5,1,0,-28,0,-7,-21,-38,1,5,-9,0,-14,1,40,-7,-3,-36,54,-23,-14,3,-36,3,19,-9,-13,-19,-3,-1,3,-65,-3,10,-38,3,2,0,27,47,-12,0,-46,0,0,0,1,22,-58,-3,0,-24,26,-44,-11,-1,-22,36,-12,-20,-25,-51,60,-30,21,-20,-10,23,0,-62,8,-52,-55,0,44,0,-3,3,0,-51,-18,0,0,-14,13,0,0,0,-10,-5,21,-50,25,-4,-2,-27,-28,-4,-26,-44,5,0,-62,-21,0,2,27,0,26,-40,30,262402,0,100
-25,18,11,-44,4,-12,0,-3,8,45,-24,10,51,-48,0,-17,2,52,13,0,-19,-11,0,-8,0,-3,-3,-12,-27,0,-3,-6,0,0,49,-1,1,-32,0,0,-30,0,0,66,0,-2,0,12,69,5,-13,0,6,-2,1,-44,-14,0,-2,16,13,13,41,2,-32,-16,0,-42,0,-23,46,8,4,0,-29,32,1,-15,-1,0,-31,24,0,22,0,0,2,-1,-3,-23,-44,-16,-14,-28,-19,2,-44,0,4,-47,66,-1,-17,-18,-15,31,0,-45,-13,-31,-4,19,0,-24,0,3,-19,0,0,75,0,-3,-28,4,-12,-36,12,-5,-10,-15,0,-36,1,52,-17,-5,-19,44,4,-5,-77,-42,3,-16,6,-13,10,7,2,5,-72,-4,-69,30,0,16,-18,12,34,-26,2,-48,0,1,0,-12,-19,-50,-1,0,-3,-15,-67,0,-1,-13,23,-19,-40,-3,-49,44,-32,42,0,-22,-5,23,-58,3,-80,-50,0,23,0,-1,-20,0,-33,-5,-1,-1,7,25,0,0,5,1,28,55,33,-10,-6,-8,-23,-4,-26,-30,-69,20,0,-32,-47,-5,1,25,-1,50,-45,17,263218,0,100
-30,3,0,-76,3,-23,0,52,-38,-43,-60,-23,-12,-17,-3,17,42,35,22,47,-46,-23,0,-22,0,-80,-31,18,-28,0,0,0,1,0,6,25,1,-23,0,0,-24,1,1,-8,0,-1,0,-27,-3,5,57,1,24,-1,3,-94,-50,0,8,28,19,-20,-44,-22,-68,-6,0,-5,3,-20,12,4,-5,0,-99,-8,-1,-21,0,0,-71,-4,0,13,0,0,-13,49,0,-68,-47,-50,-5,34,-26,2,-73,0,20,-82,26,0,-94,-23,-31,0,0,-28,-8,-73,1,-8,-3,-36,0,2,-7,28,0,39,0,-2,-69,-2,26,17,9,88,19,91,0,8,0,-18,-10,0,-49,-19,-13,0,23,3,5,-10,-38,-36,-16,-10,-1,-7,42,-10,22,-69,2,1,-9,36,-58,-36,0,-34,0,0,1,-30,46,-11,0,0,-19,43,-14,-12,-2,-34,23,-33,1,7,-39,-36,-44,-3,-16,14,-13,-18,-25,-38,41,-83,0,2,-1,-2,-90,0,-3,-23,1,0,-40,38,0,0,0,12,-15,40,92,-26,-20,-3,0,56,-34,1,-19,17,0,0,-69,1,1,8,0,9,-48,37,263246,0,100
82,-10,19,16,11,-56,0,100,40,-90,-74,16,71,-5,0,-20,-20,-94,27,100,-10,87,0,29,0,-100,-3,80,69,0,0,1,2,0,82,-10,2,-29,0,0,100,0,1,99,0,1,0,-69,100,-100,-58,1,-17,1,0,74,-12,0,-74,-50,7,16,-64,6,-45,-23,0,-74,1,-28,38,22,21,0,74,49,0,-55,-1,0,49,46,0,100,0,0,-94,100,0,-21,-100,-100,-32,24,-28,0,18,0,-10,-37,78,1,63,-100,-26,47,1,-4,-9,62,2,-11,1,-23,0,6,-39,-8,0,23,3,1,-67,1,-46,100,-47,39,-100,57,0,100,1,33,100,4,-50,-23,-44,5,-14,19,4,-43,-18,-3,-69,-100,58,-3,-90,-28,-15,-36,2,-15,100,29,34,100,1,-44,0,0,1,-32,-100,-30,1,81,23,-88,-34,6,0,93,47,100,9,15,-34,-28,-100,95,-47,-9,-98,-4,-44,25,-90,16,2,45,1,0,63,0,-100,-6,1,1,-17,26,0,1,2,-72,-4,-93,92,85,-57,3,54,100,-20,6,-25,16,0,-100,18,0,2,21,1,81,-100,23,263279,0,100
0,23,32,-10,7,-13,0,10,-16,4,-60,-1,56,-72,1,-11,0,34,37,58,67,-23,0,-11,0,-17,-19,15,-7,0,1,0,-7,0,64,-10,0,-33,0,0,9,0,2,-33,0,0,0,-18,-32,3,-11,2,6,-1,4,-51,63,0,17,10,16,-3,6,-4,-60,-39,0,4,4,-47,73,32,20,0,-75,6,1,-4,-2,0,-21,10,0,34,0,0,-6,66,0,-3,-37,-22,-39,-25,-40,1,-65,0,11,-61,43,-1,-52,-15,-28,23,-5,-58,-3,-17,-2,-9,-1,-21,0,6,4,-7,0,8,2,0,-44,1,10,-27,-2,38,6,39,0,-33,2,-2,-82,-1,-4,-24,-41,-15,3,-23,7,1,-36,3,1,-10,1,2,-100,-2,4,2,2,27,-81,26,80,-20,1,-3,0,3,1,-11,0,22,-1,0,-27,3,-27,-6,0,-8,39,-14,-1,-15,6,-16,-37,5,-34,-14,-9,-39,-61,-29,-100,-4,2,15,1,-1,-52,0,-40,-24,-1,0,-37,0,0,-2,1,19,-35,35,34,-29,-9,-2,-24,7,-29,3,-27,31,0,-56,-64,0,0,44,1,61,-38,23,263376,0,100
-5,-11,-42,-24,8,-10,0,-41,-2,0,-40,-69,55,38,1,-5,-72,24,-3,33,-7,16,0,-48,0,-51,-13,-19,-13,0,3,3,0,0,-37,8,0,-11,0,0,-26,0,0,-11,0,1,0,-100,-8,5,-38,0,8,0,1,-26,-6,0,-32,13,11,-71,4,-5,-48,-20,0,-32,2,-43,27,-33,16,0,-30,22,2,-7,0,0,-27,28,0,34,0,0,-60,31,-1,0,-38,67,-36,10,-44,0,-32,0,4,-51,56,0,-64,63,-35,27,2,37,-30,-34,0,1,-2,73,0,4,7,6,0,-8,4,0,-43,0,-24,-17,-36,27,-12,23,0,-21,0,25,20,-1,-26,49,-17,-9,11,-15,2,9,-22,35,-100,4,4,3,-23,-5,12,-45,0,-8,29,34,8,46,0,-15,0,0,0,14,25,-9,0,8,-52,20,-36,-3,1,-21,26,48,54,-12,-16,61,-25,2,-20,-9,-58,8,-73,-4,-21,-18,0,26,2,0,-45,0,-74,-16,-1,2,-24,7,0,0,0,-30,11,27,-24,17,-9,4,36,-44,68,-25,-40,24,0,-55,-29,4,0,14,-1,-37,-38,38,263617,0,100
-28,12,0,-64,1,29,0,-24,60,69,-62,-100,54,6,0,-50,48,44,-1,55,12,-8,0,-85,0,-8,70,-20,-46,0,2,0,-3,0,-17,-4,0,-6,0,0,-45,1,1,-2,0,1,0,100,-5,48,-28,0,42,0,2,32,9,0,7,45,52,-92,69,-19,-61,-65,0,-67,1,-69,28,9,9,0,20,27,0,29,0,0,-89,25,0,20,0,0,0,49,0,-28,-49,38,-33,31,31,1,-6,0,-19,-64,56,2,11,23,38,21,0,-1,27,-95,1,-10,-1,6,0,5,-17,-5,0,57,0,2,78,0,-28,-30,17,42,28,29,0,-25,1,31,4,2,-29,16,-23,-13,-69,32,1,-18,-14,29,100,25,6,4,-38,-3,-76,-100,1,9,8,31,-50,-4,0,-8,0,0,0,-8,17,0,0,0,-68,19,-51,-10,0,-15,44,-3,-13,-21,1,15,-64,-100,-22,-67,-4,-73,-51,54,-40,-68,1,22,0,0,0,0,-16,69,-2,0,-18,23,0,2,3,9,-77,41,56,-12,5,6,52,-38,9,-10,-44,9,0,-30,-13,0,-14,6,1,-20,-49,30,263765,0,100
-19,1,4,-46,3,9,0,-24,-19,9,-37,40,56,3,0,-30,-17,6,18,23,-45,16,0,-65,0,36,83,-2,-23,0,2,1,-1,0,35,-6,0,-16,0,0,-3,0,0,79,0,0,0,-9,80,8,-15,4,-13,-1,1,-55,-45,0,-14,33,10,45,8,-8,-27,-75,0,-72,5,-76,21,5,13,0,-54,34,1,8,-1,0,-48,30,0,19,0,0,15,21,0,-54,-55,-58,18,-10,8,2,-34,0,0,-62,41,0,-48,-67,17,33,0,0,-100,-50,0,-15,-4,-15,78,3,2,-5,0,5,2,1,-58,1,-3,-30,-63,100,-4,100,0,-28,1,7,-5,0,-45,-22,-29,-1,-36,0,2,4,-23,12,-11,-5,5,3,-50,-2,-37,-100,2,2,-5,24,37,-37,1,-33,0,0,3,-13,21,-50,0,0,-58,18,-42,-6,1,-15,70,-36,3,2,-27,-23,-51,-100,-27,-30,12,-17,-37,-23,-49,-44,0,34,2,-2,-40,0,-30,83,1,1,-25,-3,0,0,1,-17,-17,8,-45,15,-1,0,60,-30,-17,-13,-45,0,0,-20,-33,1,0,22,1,35,-52,24,263880,0,100
32,9,26,100,1,9,0,-23,14,-100,-41,81,1,15,-3,-31,18,-100,12,-6,62,26,0,49,0,71,-22,-7,28,0,0,-4,-2,0,-43,-5,-1,41,0,0,-100,-1,-3,21,0,-2,0,-13,22,13,-100,0,-1,-2,0,-15,63,0,58,-100,-2,85,-100,-19,-39,-32,0,-32,3,-19,16,23,-10,0,-14,29,-4,6,-3,0,-68,25,0,57,0,0,-49,-11,-2,-9,-81,-100,-100,100,14,4,17,0,1,-67,41,-2,-2,-100,25,100,2,1,-23,-79,-2,-6,-2,28,22,6,-34,-10,0,36,-1,-3,-55,-1,4,100,16,52,-100,52,0,100,0,20,100,-5,-74,-28,-17,-5,28,-11,6,-35,-9,44,-14,-14,0,-4,4,-10,29,-37,4,9,100,42,-40,100,0,-9,0,-3,1,21,-100,100,-1,0,52,-99,-16,-2,-2,18,21,100,-100,-5,-8,-20,-85,-100,-20,-25,-52,34,-29,13,-3,100,-3,100,0,-1,-4,0,-1,-16,0,-3,-14,100,0,0,2,57,31,-100,-71,26,-21,-11,21,-15,28,35,-18,2,0,7,20,-4,2,29,1,-39,-80,41,263964,100,100
-63,2,-100,100,-3,21,-23,-30,8,17,-60,58,47,-40,0,-90,-20,-100,-3,-17,-26,47,24,-78,-25,-54,-32,-21,-55,-19,2,0,-2,-22,100,-23,2,-72,-23,-24,-100,0,1,-41,24,0,-25,100,-43,0,-57,0,-27,0,1,-6,-27,24,-52,18,2,46,20,16,-58,5,-25,-54,0,0,-18,-100,-3,24,-16,12,0,27,-2,23,-19,20,-24,19,-23,-22,100,-33,0,-58,-14,-11,-50,100,-4,0,-45,-24,-1,-80,63,1,-54,-11,17,-1,2,-33,44,-17,0,-11,-2,100,49,0,-10,-21,24,6,2,1,-60,0,-27,25,39,47,-25,48,-24,28,0,21,-38,0,-96,85,0,-4,-60,-9,0,-14,-24,10,100,-85,6,-5,-22,-9,-55,-32,-1,4,-40,47,63,63,3,-64,-23,1,0,-65,-7,24,2,38,-74,-8,-20,15,0,7,18,63,3,-4,-43,96,-41,20,-2,-80,100,-51,16,5,-11,100,1,0,1,-4,-71,23,-26,-34,0,3,-25,-7,-24,-1,0,-50,-52,-100,-34,52,0,0,60,-23,100,34,-9,-5,24,-30,-44,0,2,11,0,100,-14,46,264058,100,100
10,-8,35,-31,1,-5,0,13,-16,37,-44,-21,15,7,3,20,2,-69,-14,-6,28,4,0,-45,0,-80,-17,15,3,0,0,-1,-4,0,11,4,2,-37,0,0,-24,0,-1,-6,0,0,0,-29,-1,-8,8,0,6,1,0,-7,30,0,-24,18,9,-13,43,4,-41,-16,0,-31,-1,-16,44,36,2,0,-10,5,0,-6,1,0,-52,1,0,34,0,0,-8,-5,0,-9,-2,-24,-21,7,-35,-3,3,0,-7,-50,25,1,-39,-29,-26,41,-2,13,-18,-58,5,-4,3,12,0,3,-16,0,0,27,1,0,-17,1,14,22,16,5,0,2,0,20,-1,47,-29,1,-26,0,-19,1,17,-21,3,-12,-3,-14,-32,-9,5,1,-30,-15,3,7,0,-4,-28,8,14,-37,1,-3,0,3,-3,-35,-30,-19,-1,0,-47,-30,-24,1,3,-18,21,-40,-51,17,15,12,-7,0,-27,29,-9,-20,-68,-15,-37,-27,-3,41,4,1,-47,0,-64,-19,0,0,-2,-4,0,1,-1,-25,-20,-68,-100,3,-1,1,-10,16,6,-9,-18,28,0,-52,2,0,0,4,3,9,-3,8,264092,0,100
18,7,24,-29,1,17,0,-20,61,17,-26,33,24,12,-1,0,9,50,-13,-11,63,-22,0,-51,0,3,-8,-9,19,0,1,-2,-3,0,-40,-12,-1,-29,0,0,-69,0,0,-20,0,0,0,-27,-17,18,-56,3,-28,-2,2,0,60,0,-27,13,7,35,26,-16,-34,-19,0,-27,2,-23,44,28,2,0,-7,0,0,15,0,0,-46,1,0,49,0,0,0,-9,-3,-54,-41,-31,-47,-71,12,1,4,0,-8,-40,52,0,-24,-21,13,55,0,17,-5,-41,0,-1,-2,63,0,6,-26,-14,0,5,0,-3,-22,0,-6,-4,-19,-11,-1,-6,0,-4,2,40,-8,-3,-51,-7,-4,-6,-14,-13,2,-27,9,21,-18,3,-3,-2,-67,-2,-16,20,2,12,-3,39,20,-19,0,39,0,0,2,-22,-26,-49,0,0,-61,-25,-62,-1,1,0,22,-18,3,-7,46,-1,-33,-20,-5,0,-2,-24,-55,61,-69,-25,0,55,-1,-1,-31,0,45,-11,0,0,9,8,0,-2,0,-26,-22,50,44,-22,-10,-4,-65,-14,61,3,-64,-12,0,42,3,-3,1,19,1,-37,-41,35,264188,0,100
-25,-7,26,-11,8,17,0,31,-10,-38,-30,1,18,-18,4,-31,0,56,20,7,34,-35,0,-33,0,100,-38,-20,-31,0,-1,-3,-1,0,50,-22,0,-27,0,0,13,1,-1,13,0,0,0,-9,12,-4,17,0,9,1,-3,32,37,0,-13,27,13,9,-38,-13,-24,-24,0,-35,1,-30,29,25,17,0,40,52,0,9,1,0,11,50,0,48,0,0,18,0,0,47,-58,-32,-17,-30,-15,0,5,0,4,-55,19,1,-29,-22,-2,42,0,5,16,11,6,2,0,-63,0,10,0,-22,0,62,2,1,-48,5,-16,-1,44,43,-15,52,0,0,0,27,-47,-1,5,11,-25,-1,23,11,5,1,-32,-9,-6,-2,3,5,46,-4,27,31,0,-3,-43,21,22,-39,4,10,0,1,0,3,-1,-21,0,0,-44,1,8,-6,2,-24,48,-39,10,10,13,32,-48,-4,-32,-33,13,-41,-30,-10,36,-9,-1,39,5,3,-30,0,-37,-49,1,1,-36,5,0,1,6,-12,-37,56,-100,-34,-8,-5,1,38,-64,-76,10,29,0,-17,0,-2,0,1,4,52,-60,18,264228,0,100
36,-17,71,-64,6,16,0,-69,17,-6,-60,99,35,81,0,-25,-100,-11,-21,22,36,22,0,-77,0,-17,-17,-20,33,0,-1,0,-3,0,-100,-23,0,35,0,0,27,1,3,56,0,0,0,-100,54,6,-13,0,-19,-2,2,100,37,0,-16,2,13,100,-1,-17,-62,-68,0,-40,2,-71,1,74,15,0,100,43,1,19,-2,0,-22,40,0,39,0,0,-100,18,-1,-44,-41,46,-100,-8,-68,1,-31,0,5,10,37,0,-80,45,-58,46,-3,85,-57,-36,0,-7,-3,3,-100,3,-30,-25,0,64,1,-1,-48,2,-24,-52,16,57,-7,52,0,-49,0,14,-18,-1,-81,14,-16,-15,20,10,3,-28,-12,0,-100,3,6,5,-100,-3,15,-52,2,-14,-9,33,-8,100,0,-44,0,0,1,55,22,-68,0,13,-66,29,-42,0,-1,-100,36,100,48,-22,-39,16,-100,16,-19,-29,-100,-55,-78,6,-100,-58,-1,48,0,0,-71,0,-61,-19,0,1,-13,52,0,-2,1,-16,-57,-9,100,24,-1,-5,3,-77,1,1,-46,5,0,-48,-28,0,-1,4,-1,-100,-39,33,264238,0,100
68,16,24,-31,3,-100,-24,-28,-49,35,-40,-22,68,-7,0,20,8,-22,34,9,-48,-7,26,-86,-25,1,85,0,75,-29,2,0,0,-25,60,-19,2,30,-25,-25,0,1,0,9,27,0,-26,-21,10,20,-46,0,-7,0,3,16,-48,25,-17,28,1,-22,33,4,-30,-28,-25,-14,0,-24,55,27,2,28,24,27,0,-97,-2,27,-8,28,-27,42,-24,-24,17,3,0,-42,-33,-43,8,-10,-1,1,-36,-25,-18,-39,40,1,-1,-50,-1,26,1,-16,-38,-11,-2,-15,-1,35,0,0,3,-22,28,12,0,0,-65,0,3,-7,-55,-8,16,-2,-26,-1,0,-4,-20,2,-24,-8,-1,0,14,-7,0,0,-100,-27,-22,1,4,4,-56,-2,19,4,0,14,-17,25,78,82,2,14,-26,0,0,19,9,-10,1,67,-87,14,-56,0,-1,100,100,83,-58,11,12,-10,-100,-1,-3,13,16,-17,-1,-52,-55,-31,0,30,-1,-1,-5,26,-21,90,2,0,-100,-46,-26,1,7,-15,-19,-22,-90,-4,2,0,35,-27,39,0,-51,12,26,-15,-35,2,4,10,0,58,-32,26,264699,0,100
-14,24,3,-69,2,32,0,-23,5,-8,-49,10,28,-47,-1,-32,7,41,1,-10,68,-8,0,-77,0,-32,-24,-17,-17,0,-2,-2,0,0,45,-16,0,-5,0,0,-34,0,-1,1,0,0,0,-13,1,14,-36,2,-23,0,1,33,67,0,-9,22,3,23,-7,-11,-45,-37,0,-40,1,-27,42,1,-1,0,33,25,0,31,-4,0,-80,25,0,2,0,0,2,-6,0,-56,-40,-18,-52,-15,-17,-2,-44,0,23,-65,40,-1,-97,-19,-15,60,2,-52,5,-84,-3,-2,-2,36,0,6,-4,-17,0,23,2,0,-42,1,-16,-3,-31,8,-13,6,0,-5,2,45,-15,-3,-81,-4,-17,-3,-43,15,6,-6,-20,6,-14,-5,4,1,-22,-11,-42,-42,0,24,-16,61,13,-24,1,-8,0,0,0,-13,30,-45,-3,0,-78,25,-16,-6,0,-23,14,-23,-44,-4,-11,15,-29,30,-19,-34,3,-19,-36,8,-37,-70,0,61,0,-2,-87,0,-54,-21,0,0,-20,8,0,0,2,-10,-19,42,15,-12,-9,-6,-69,-26,37,9,-11,-9,0,-58,-48,-1,2,17,2,49,-40,63,264725,100,100
8,9,100,-61,0,1,0,-24,-21,-100,-46,-8,70,12,0,14,-14,0,15,5,32,-8,0,-43,0,-14,-27,5,1,0,2,2,-1,0,43,11,2,-22,0,0,-19,4,3,29,0,0,0,100,25,0,41,5,-32,-6,1,-38,29,0,-4,11,17,-4,-100,0,-48,-48,0,33,2,-55,60,100,8,0,-34,10,1,0,-2,0,-52,12,0,52,0,0,-14,2,0,-61,-13,-40,-39,-30,4,2,24,0,3,-54,49,0,-40,-49,8,13,0,17,-32,-49,0,-1,0,39,-42,2,26,11,0,100,4,-1,-47,2,-2,-25,6,60,10,58,0,-21,1,7,60,-3,-20,8,-16,-9,19,-7,2,22,-26,22,100,3,5,6,-16,-11,17,-100,0,11,63,20,63,29,2,17,0,1,1,-11,76,-51,-1,35,-43,78,-39,-4,0,-27,35,31,-36,-11,13,14,-32,-100,-19,9,-17,-34,-55,-16,-20,-64,1,8,2,-2,-34,0,-76,-30,0,2,-31,28,0,-2,1,0,-33,2,0,-9,1,1,-1,-26,42,-63,-46,26,0,-67,27,1,3,17,1,43,-12,20,264846,0,100
31,-14,44,5,3,45,0,28,45,-31,-9,25,48,14,0,-12,30,-14,42,-19,37,-17,0,-100,0,-36,-17,-14,55,0,0,3,-5,0,-100,11,2,-13,0,0,-23,3,1,-26,0,4,0,60,-24,14,100,1,36,0,0,50,36,0,80,17,35,25,-36,23,-9,-1,0,-29,3,18,0,44,21,0,64,19,2,41,3,0,-34,21,0,40,0,0,14,-12,0,-23,-34,-45,-100,100,-19,2,-14,0,-18,52,31,4,2,-58,-20,-39,-2,2,32,-33,2,2,1,21,18,8,45,9,0,-100,1,2,-84,2,-6,86,-2,46,-24,58,0,99,2,22,-46,2,-55,33,-13,-9,30,-13,8,49,-27,24,35,-14,9,7,-70,-17,33,96,1,-19,-52,-4,6,-24,2,5,0,0,0,-48,6,92,1,-3,-100,17,-7,11,2,8,38,-32,52,-3,4,23,-94,-100,-12,-14,23,3,-12,35,-67,0,0,-29,3,0,-11,0,5,-11,0,3,-22,-18,0,0,9,78,0,-16,-45,-17,0,4,-30,33,22,100,-13,29,0,11,-13,1,0,11,0,-100,-40,-3,264890,100,100
57,9,2,-90,12,15,-18,-17,-70,-95,-39,-1,80,-45,-1,-46,22,5,23,0,71,35,20,-61,-18,7,38,16,60,-5,0,0,-3,-16,100,-34,1,-40,-17,-19,-47,0,2,-2,19,1,-20,-18,-5,9,-35,0,15,-2,0,-13,70,20,-28,20,17,-3,-100,11,-31,-30,-16,-37,0,-24,38,10,-1,19,15,32,2,8,2,20,-35,34,-18,26,-17,-16,9,-7,0,1,-44,-44,-31,42,-29,-1,-63,-19,-9,-96,82,3,-52,-35,-20,72,-1,-52,-14,-64,2,-5,0,15,0,0,-12,-36,20,18,1,-1,-65,3,21,-17,4,43,-3,54,-18,-14,0,-17,7,0,-32,-15,-15,-5,12,-13,0,-14,-65,-5,-9,100,8,-2,36,-15,10,-76,0,11,9,41,65,-29,1,30,-17,2,0,-49,-23,-20,0,22,-49,-23,-49,3,0,5,6,-24,25,-6,49,-23,-100,-80,-14,-42,8,2,-55,-67,25,-79,2,67,3,-1,-54,22,-6,40,1,1,-66,-15,-17,0,4,-27,-4,7,-10,38,-4,0,30,-9,15,22,-49,11,20,9,-58,0,1,7,0,100,-43,45,264901,100,100
100,23,6,-25,4,-12,0,15,86,50,-51,-47,52,-38,0,-47,47,-47,6,27,-14,9,0,-45,0,100,-25,-20,96,0,0,-1,-4,0,56,15,0,3,0,0,-2,-1,0,-77,0,0,0,-16,-77,36,-64,-2,14,1,2,27,-15,0,15,16,5,-44,49,13,-42,-7,0,-70,0,0,-6,6,4,0,40,42,0,-18,-3,0,-51,41,0,44,0,0,12,30,0,42,-31,-43,-60,50,-9,0,-57,0,-18,100,58,2,-13,-55,0,56,-1,-47,52,-48,0,-5,0,12,45,3,34,18,0,-100,-2,-2,-80,3,-18,58,7,43,-3,58,0,61,4,16,19,0,-7,5,-12,9,-3,-48,3,29,-29,46,-21,-1,5,-8,51,-18,-7,100,0,21,18,8,9,-73,0,31,0,0,0,-16,-26,74,1,0,-42,-31,-43,5,0,12,23,-75,-15,29,47,1,-100,58,-27,-43,14,8,-49,87,48,-25,-2,52,0,0,-36,0,33,-22,0,4,-23,0,0,-1,3,15,8,-47,-100,-18,-1,-1,5,32,12,23,-44,27,0,40,-62,0,1,34,1,56,-31,5,264903,100,100
-12,16,58,-4,6,-2,-19,-100,20,9,-54,-100,81,-9,0,-23,-2,-100,23,-12,71,-17,21,-23,-22,-36,-14,18,-6,-16,1,-1,0,-21,62,-23,1,-6,-21,-21,-89,0,0,-10,21,0,-22,-100,-11,17,-43,0,-6,-1,2,96,64,22,18,25,15,-100,10,10,-57,-21,-20,-25,0,-17,5,62,6,22,95,36,0,0,0,21,-63,36,-23,30,-20,-19,-56,-13,0,-49,-47,-29,-100,-10,16,3,-50,-19,12,-47,78,1,6,-37,14,71,0,-13,-13,-54,-1,-5,0,100,-11,0,-23,-20,24,0,1,0,-72,3,16,-19,-24,34,-4,35,-20,-19,0,15,-5,-3,-86,100,7,-6,30,-13,0,-26,-19,-1,-100,49,3,6,-100,-1,27,-29,-1,18,-14,16,74,87,3,1,-21,0,0,-21,5,-31,0,45,-24,8,-12,3,0,-5,28,86,20,-4,3,100,-43,-100,12,-36,-54,0,-42,15,-100,-16,-1,70,0,-2,13,20,-26,-14,0,1,-21,16,-21,0,5,18,-4,-100,-8,-19,2,0,14,-100,100,14,-16,26,22,-37,-51,0,2,18,0,65,-47,13,264941,100,100
71,-15,15,-24,2,29,0,-20,-14,-54,-21,-1,26,-30,-1,-15,-6,-100,-7,2,42,-46,0,-51,0,-64,-28,-4,71,0,-1,-1,-2,0,55,-15,-3,-10,0,0,-77,0,0,-30,0,-2,0,11,-29,-5,3,1,-13,-1,0,58,44,0,0,13,-100,-7,-54,4,-11,63,0,-58,2,65,0,14,11,0,46,20,0,29,-2,0,-16,14,0,43,0,0,19,-9,-1,-26,-30,-32,-80,29,-32,2,10,0,1,-26,57,-2,17,-23,-26,47,0,-28,-6,-24,-1,-2,-1,29,-100,5,-4,-17,0,67,-1,-2,-47,3,0,56,16,25,-55,22,0,56,0,15,36,-2,-55,39,-26,-4,60,-16,3,-1,-9,-12,3,77,3,0,-64,-7,60,52,2,-11,43,16,28,44,0,-14,0,0,0,-1,-32,-3,0,0,-44,-32,-61,3,-2,-5,-22,41,-58,-4,-16,37,-58,-100,-27,-14,15,-1,-41,-17,-57,-16,-2,47,-1,0,13,0,38,-30,-1,0,-12,-3,0,0,3,-1,-4,-100,-100,-42,-9,-4,33,-13,35,-41,-57,-3,0,54,13,-1,-2,24,1,58,-31,15,264946,100,100
-14,-3,5,-26,2,14,0,1,-8,0,-25,-5,43,-77,0,-45,60,-10,7,-4,47,-44,0,-78,0,-17,-52,-19,-21,0,3,0,-1,0,48,-12,1,-86,0,0,-54,3,1,-18,0,2,0,-6,-17,1,-22,1,-11,-1,3,-23,44,0,-8,29,12,-3,6,15,-43,4,0,-47,0,-6,-23,13,4,0,-17,22,0,20,-1,0,-65,21,0,33,0,0,15,-8,0,-51,-22,-28,-54,-45,-54,1,-1,0,-20,-57,35,2,-5,-35,-52,52,0,-75,-11,-52,1,-18,-1,23,0,6,-2,-11,0,-10,2,0,-83,1,-22,26,-21,28,-42,27,0,26,0,15,-25,0,-71,22,11,-8,-52,-17,4,-4,29,-42,5,75,4,1,28,-1,-62,11,0,0,-26,36,36,2,4,-50,0,0,2,-77,-47,-61,2,0,-78,-45,-41,10,2,0,30,5,-100,-8,-40,31,-37,4,12,-47,16,-21,-28,-2,27,-34,0,56,0,0,-8,0,16,-56,0,3,28,0,0,0,7,-8,-22,-8,54,-46,5,1,-44,-3,23,8,-46,10,0,15,-2,2,1,13,0,47,-20,35,264995,100,100
-36,14,-11,22,6,5,0,-27,22,25,-55,100,40,-4,0,33,5,-55,52,36,65,36,0,-39,0,43,44,-26,-37,0,1,-1,-3,0,-75,-2,1,20,0,0,-100,1,1,36,0,1,0,98,37,8,17,5,52,-1,1,-74,63,0,9,47,13,100,28,-12,-45,-36,0,-34,4,-29,66,-10,-4,0,-65,16,4,3,0,0,-83,18,0,14,0,0,-51,30,-1,-71,-49,-50,-92,18,-20,2,-39,0,9,-12,46,1,-62,-55,-10,34,0,-13,-63,-82,0,-3,-1,-13,0,9,-1,-2,0,57,2,0,-52,0,-24,-100,56,36,-2,24,0,-100,3,26,-6,-1,-23,46,-61,3,9,-12,8,-5,-15,-5,100,1,3,0,-31,-7,6,-100,1,15,-2,50,8,100,2,19,0,1,3,-3,18,-46,0,0,-40,18,-55,-9,0,-100,100,100,0,11,19,50,-5,26,-61,29,-51,-27,-100,16,-34,19,0,27,1,-1,-67,0,-52,44,0,1,-20,50,0,0,5,13,-28,-58,14,37,-4,1,28,-31,-13,-20,-57,8,0,-41,-38,0,2,31,0,-76,-47,50,265188,0,100
37,30,-100,-32,4,20,0,28,-38,56,2,-67,74,-10,-1,-6,4,-93,5,26,14,14,0,-100,0,58,-9,0,40,0,1,-5,-1,0,100,-18,0,-32,0,0,-100,-2,0,-6,0,-1,0,100,-9,-8,-52,0,-28,-1,0,-44,15,0,-55,20,8,-63,57,-10,16,-28,0,-11,2,-27,3,-100,7,0,-34,6,-2,17,-3,0,-23,7,0,35,0,0,38,27,0,-52,-61,-30,-100,32,-7,2,-4,0,8,-57,45,-2,-69,-33,-8,100,-1,-8,-100,-16,-4,-8,-2,100,-100,7,41,-13,0,100,0,-3,-62,1,3,-71,2,27,-28,16,0,-64,0,26,-28,-4,-57,36,-23,-1,22,-41,6,41,-6,-37,100,36,-3,4,96,0,22,-34,1,30,-31,57,90,100,1,17,0,-1,0,-34,-6,-36,-1,-1,-100,-7,-64,-2,-3,-17,84,100,-100,0,3,25,71,-68,-23,-18,39,37,-26,-42,91,-32,-3,100,1,0,-65,0,29,-10,0,0,-8,15,0,-1,3,-55,40,-94,44,15,-3,-10,-7,25,100,-9,-63,12,0,29,-2,-3,2,20,-1,100,-62,57,265261,100,100
57,2,40,-75,2,11,0,0,9,-100,-56,-52,83,-29,0,-2,-100,-88,0,-34,23,-26,0,-49,0,-72,2,3,60,0,3,-1,-2,0,-100,-6,0,-39,0,0,71,0,-1,-3,0,0,0,-13,-5,100,-25,1,-40,0,0,-33,24,0,-50,-70,1,-48,-100,-41,-65,-20,0,-85,2,-19,-48,41,0,40,-41,6,-2,17,-2,0,-43,6,0,29,0,0,25,-45,0,-6,-24,1,-98,90,-31,2,-64,0,100,-100,76,-2,27,-3,-23,42,0,-30,-100,-43,-3,-8,-3,100,-100,8,16,-8,40,-100,-1,0,-100,0,2,100,8,82,-18,70,0,100,2,100,-32,-1,-100,100,-5,-15,81,-3,6,17,-1,80,-17,-100,3,3,-77,-4,81,-52,4,6,-24,-100,100,100,-1,34,0,-1,2,-41,-100,100,-1,100,-39,-98,-28,-24,0,-3,100,100,15,-25,31,100,-100,100,-9,1,26,0,-29,0,-76,-75,-1,45,-1,-8,31,0,-71,1,1,1,-7,34,0,1,3,-50,0,-82,-100,-20,2,-4,-17,-5,100,100,-31,6,0,-76,-63,-2,-12,8,2,-100,-26,-98,265280,100,100
57,15,1,-100,5,16,0,32,-2,-1,-27,-100,52,-15,0,-72,1,-80,21,28,39,20,0,-100,0,89,-29,14,64,0,2,-1,-2,0,-64,-4,1,-52,0,0,-100,0,0,-76,0,0,0,100,-75,-14,-16,3,-25,0,1,40,38,0,100,26,17,-100,-1,0,-22,-36,0,-52,4,-33,34,2,16,0,31,12,0,17,-1,0,-34,11,0,35,0,0,-3,25,0,-29,-33,-71,-100,-18,8,4,-26,0,0,-79,46,0,-36,-73,20,62,-1,-19,-46,-45,0,-6,-2,100,-100,9,100,-6,0,-58,0,-1,-48,0,15,46,46,23,-10,22,0,47,1,46,-7,0,-100,-27,-23,-2,-58,-11,9,100,-46,10,100,-20,3,-1,66,-8,-60,-100,3,15,-4,39,-15,100,1,7,0,1,1,-69,9,0,0,1,-100,9,-47,0,0,-24,100,100,-25,6,13,-26,-86,-100,-29,-67,-5,-1,-51,-12,66,-100,0,63,2,0,-37,0,28,-27,0,0,-52,4,0,-1,3,100,-2,-79,3,21,-7,-4,100,33,100,64,-44,20,0,16,-25,-2,0,24,2,-60,-32,38,265341,100,100
-5,-3,11,-29,0,35,0,-6,-2,-11,64,37,-4,-45,0,-69,66,18,20,15,52,-16,0,-23,0,16,-35,-30,-5,0,0,-1,3,0,22,-1,0,-79,0,0,-32,-1,0,14,0,-1,0,-12,18,9,-1,-1,-7,-1,2,51,56,0,-38,39,13,46,-6,-2,57,62,0,14,3,67,11,12,-11,0,71,10,0,31,-2,0,-3,10,0,32,0,0,-12,18,0,18,-11,0,-20,-62,-11,2,-41,0,-11,-46,24,0,-49,8,1,65,5,-38,3,2,-1,-24,-1,-6,0,12,-20,-2,0,43,1,-1,-67,0,-26,0,14,-21,-16,-13,0,-3,0,25,8,-2,41,52,10,0,-4,-16,7,-20,-6,-1,-10,-12,0,2,-8,-2,-6,24,0,2,16,15,74,-32,0,21,0,0,4,-68,-3,-27,0,0,-27,-1,9,8,0,-16,40,-31,-49,8,35,52,-43,-14,-4,-69,-9,-5,-4,-5,-20,-29,-1,64,2,-4,-50,0,12,-41,0,2,-2,-7,0,0,12,-36,-5,18,71,-15,-5,-2,-29,-4,-10,8,5,2,0,26,-47,-1,3,24,0,20,-12,18,265993,0,100
-48,-11,24,-58,10,-28,0,54,15,22,-60,-10,17,-43,0,29,26,75,25,32,31,31,0,-81,0,-37,-15,38,-50,0,1,1,-4,0,12,56,1,-23,0,0,30,1,1,-32,0,0,0,-52,-27,19,52,0,43,-5,4,-28,28,0,-44,41,18,-6,19,-32,-56,-10,0,-30,3,-20,49,28,4,0,-35,66,0,-25,-1,0,-94,68,0,44,0,0,0,41,-1,-1,-83,-36,-40,1,8,1,-33,0,7,-44,5,0,-58,-57,4,79,1,-57,-34,-91,1,-10,-3,49,0,4,-27,58,0,27,2,-1,-80,0,36,-37,39,24,34,34,0,-39,-1,-20,-15,-4,-51,57,-31,11,13,13,4,-28,-45,34,-37,5,4,0,-70,-10,12,-6,2,-17,-12,24,-52,-74,1,5,0,2,0,-45,5,-7,-1,0,-86,6,-69,-13,0,-34,22,-74,8,29,8,55,-30,16,-38,32,0,-15,-9,17,-72,-69,1,76,0,-2,-86,0,-66,-9,0,0,-44,12,0,0,-1,-45,-12,72,-100,31,5,-1,-61,56,45,-22,-71,46,0,-49,-36,0,0,13,1,12,-84,22,266022,0,100
-22,-7,38,-40,6,-8,0,-31,-20,0,-66,0,58,1,-1,20,22,-2,23,31,33,-11,0,-45,0,-10,-22,-5,-19,0,1,4,0,0,11,-23,-2,-27,0,0,-52,2,1,64,0,0,0,-7,67,16,-8,2,-11,-3,1,-54,35,0,-19,11,4,-3,-4,-17,-46,-27,0,-37,2,-27,47,38,10,0,-54,-15,0,-4,1,0,-52,-14,0,27,0,0,8,32,-1,-44,-16,-43,-21,-25,-30,2,-52,0,0,-74,79,0,-3,-37,-28,23,0,-6,-31,-55,0,-12,-3,96,0,4,-31,-22,0,17,3,0,-35,2,0,-36,-24,66,26,66,0,-32,3,32,-26,0,-37,26,-41,2,-21,-10,3,-29,-25,-10,-9,17,0,4,-2,-4,-24,-6,4,-7,-28,37,26,-11,2,19,0,0,2,-45,38,-11,0,0,-32,45,-49,-11,0,-5,25,-12,-20,11,17,14,-38,-25,-37,19,8,-14,-18,-30,-3,-39,1,22,1,-1,-13,0,-7,-21,0,3,-24,27,0,-2,2,-20,-15,-1,52,-10,-8,2,-28,-22,100,-52,-47,-2,0,0,-51,4,0,11,0,13,-15,37,266160,0,100
-42,3,-34,-71,2,35,0,52,32,-28,-43,14,58,-64,1,-2,4,58,16,24,49,-20,0,-80,0,-72,-40,-2,-44,0,-1,-1,-1,0,4,-24,0,-1,0,0,-16,0,0,21,0,0,0,-27,12,15,27,-1,-23,-1,-1,-57,49,0,-30,-2,16,23,-34,-18,-40,-40,0,-39,0,-47,60,-27,-4,0,-52,25,0,37,1,0,-83,27,0,17,0,0,15,19,-2,-48,-56,-21,0,-74,-26,1,-11,0,1,-57,68,0,-86,-32,-17,58,4,-41,-20,-81,-3,-23,-1,9,0,3,-16,-26,0,6,0,0,-21,0,-12,9,3,22,14,21,0,13,-1,11,-64,-2,-90,29,-30,-2,-45,21,1,-18,-21,3,-26,4,4,-1,-42,-10,-44,-7,0,3,-61,52,75,-41,1,18,0,-1,1,40,-7,-54,0,0,-72,-6,-29,-18,0,-14,9,-42,-58,-2,24,43,-27,7,-32,-5,15,-14,21,30,-49,-67,-1,58,1,-2,-81,0,-49,-49,0,0,-23,23,0,0,1,-30,-13,58,-83,-23,-1,-1,4,41,13,-10,-29,13,0,-45,-12,-1,1,-6,0,7,-52,46,266331,0,100
-41,17,81,100,-3,37,0,-32,66,31,-45,18,33,-28,0,79,-16,-100,2,3,-42,22,0,100,0,31,-19,-22,-40,0,0,-5,-1,0,-26,-14,0,-14,0,0,-100,0,-3,6,0,-1,0,100,3,-5,-56,1,-15,0,0,-75,-41,0,-100,10,-37,24,33,-8,-48,-45,0,-52,4,-41,16,86,-5,0,-74,19,0,35,-2,0,-100,19,0,16,0,0,-25,-6,-3,-31,-50,-100,-100,100,33,1,13,0,8,-100,39,0,-31,-100,40,100,0,-13,36,-100,-2,-11,-3,-22,-4,6,61,-13,0,14,1,-3,-45,2,-27,64,52,100,-36,100,0,72,1,36,98,-5,-47,-100,-62,-5,100,-26,5,61,-21,-4,100,96,0,0,-54,-9,100,-100,1,17,98,39,-22,100,1,25,0,-2,0,5,-35,-6,0,45,100,-29,-86,-6,0,2,100,100,-48,-8,24,-100,100,100,-66,81,-26,27,-81,62,-54,100,-2,100,0,-3,-23,0,-70,-23,-1,0,-27,100,0,0,2,-100,28,-100,-65,21,-6,-11,66,-36,-24,-80,-92,-4,0,-55,18,-6,2,20,-1,-26,-49,38,266399,100,100
-3,-7,-14,-15,-5,-16,0,61,8,35,-13,32,61,-12,1,-36,5,7,44,39,7,23,0,-85,0,-10,-22,-25,10,0,5,3,5,0,79,-9,2,-64,0,0,22,5,3,-14,0,2,0,0,-13,31,58,4,4,1,3,56,23,0,-67,49,23,33,49,1,-10,41,0,-35,7,43,21,12,-8,0,63,19,2,-17,2,0,33,18,0,37,0,0,12,40,6,-11,0,21,15,37,-38,3,-48,0,-43,-1,56,2,3,14,-33,18,-10,-1,9,32,4,-13,0,34,0,15,-74,-8,0,32,5,5,-58,2,-19,38,43,-3,6,-12,0,36,1,42,-57,7,-8,40,3,4,49,12,9,-70,-1,-2,-3,4,6,12,-82,10,48,-27,0,-3,-46,-27,77,-6,2,-24,0,1,6,-34,9,-45,-1,0,-70,4,-11,-5,3,-12,54,-8,14,8,-19,34,-42,-45,0,-40,21,21,6,17,-88,-28,3,29,3,-2,11,0,71,-29,2,3,-7,-11,0,1,15,-72,20,7,54,20,26,10,-11,42,29,24,-24,38,0,74,-55,5,3,-9,5,78,-1,-17,266434,0,100
-39,10,18,-46,7,19,0,12,6,24,-90,18,58,6,-1,-21,32,17,19,3,-1,26,0,-3,0,40,-28,-19,-40,0,2,-2,-4,0,-2,-7,1,52,0,0,5,0,1,-10,0,-1,0,-5,-8,4,-12,1,-8,-2,0,70,-2,0,-41,26,4,19,22,-9,-86,-50,0,-58,4,-44,37,11,5,0,67,21,1,18,-2,0,-57,23,0,26,0,0,-4,4,0,-49,-42,-23,-51,-10,-51,0,-41,0,-1,-50,56,1,0,-43,-43,30,-2,-1,-50,-52,0,-4,-2,33,0,5,-18,-7,0,-13,0,0,-60,0,-21,-34,-10,28,3,22,0,-33,0,8,-23,0,-47,22,-35,1,4,-6,7,-15,-16,-28,-16,-16,8,1,-36,-11,4,2,0,9,-18,30,49,-36,-1,-50,0,0,0,31,1,-19,0,0,0,3,-27,-3,0,-6,34,-42,18,11,-48,14,-35,-10,-39,-23,-2,-2,-65,-2,-40,-48,0,28,1,-1,-16,0,-69,-24,1,1,-18,1,0,0,3,-44,-3,18,70,31,4,-1,23,12,36,-37,-28,8,0,-67,-40,-1,0,20,0,-1,-43,30,266436,0,100
-4,-16,-3,-69,6,8,0,-26,12,-32,-58,11,52,-30,0,13,13,-17,0,12,0,38,0,-62,0,6,-51,-29,-14,0,1,4,-5,0,16,-11,-2,-44,0,0,19,2,0,-45,0,0,0,5,-46,24,21,0,-21,0,0,8,0,0,-17,25,30,14,-30,4,-62,-34,0,-49,0,-33,16,-3,5,0,-3,-4,0,15,1,0,-22,-10,0,42,0,0,-20,1,2,-21,-3,-15,-38,-15,-48,0,-28,0,-16,-60,46,3,-48,-20,-21,-19,-5,-24,0,-37,0,-14,0,3,0,0,-16,-15,0,27,2,0,-43,0,-36,21,35,15,3,18,0,24,0,19,-87,1,-42,33,-13,-22,18,-20,-1,-18,-22,9,4,4,7,7,35,-3,11,-14,0,-14,-85,14,23,-5,1,-44,0,0,0,-28,9,18,0,0,-48,15,-30,6,0,-6,52,-1,-50,-28,-8,44,-30,16,-14,15,-25,-11,-73,8,35,-62,0,-22,1,-3,-41,0,30,-56,-1,3,-22,-8,0,1,1,-15,-13,-16,-88,35,3,6,-9,-30,3,-5,-25,24,0,38,-26,4,2,7,0,17,-3,12,266474,0,100
-7,1,14,-38,13,18,0,18,31,13,-62,38,3,-51,3,-29,29,37,3,15,71,-37,0,-78,0,3,-18,8,-16,0,-1,-3,0,0,31,-24,0,-30,0,0,22,0,0,33,0,-1,0,31,31,0,-39,-3,-2,2,-1,11,71,0,-14,22,14,28,12,-14,-50,-8,0,-68,0,-15,-2,10,17,0,17,20,-2,17,-2,0,-45,17,0,28,0,0,-23,7,-1,-20,-41,-46,35,-69,14,-1,18,0,-12,-4,34,0,-6,-25,22,74,2,-42,-37,-66,0,-15,0,-95,0,5,-30,-27,0,-44,0,1,-57,2,14,-4,30,44,-18,51,0,-9,0,33,10,-1,-51,-33,-16,3,0,3,3,-27,-11,-4,40,-3,-3,0,-63,-4,9,-14,0,-1,3,0,9,-41,2,-17,0,1,-1,-16,-24,-42,-1,0,-65,-28,-29,-4,1,-4,7,-37,-75,10,-5,-25,-23,-5,-22,-6,-31,12,-34,35,-60,-36,-2,71,2,0,-17,0,27,-17,0,0,-8,4,0,1,0,-14,15,39,-48,-31,-8,-5,-21,26,-98,4,-23,7,0,36,16,-4,0,10,1,33,-40,3,266592,100,100
-23,25,13,-40,5,-17,0,65,3,33,-54,-20,43,5,0,-6,-37,34,26,63,52,43,0,-100,0,-42,34,9,-22,0,1,-1,2,0,89,-4,1,23,0,0,-20,2,-1,47,0,1,0,-33,44,-13,16,0,-20,0,2,-24,47,0,-29,63,17,-21,34,-17,-27,-23,0,-80,3,-16,52,16,-7,0,-10,31,0,-16,0,0,-73,33,0,34,0,0,5,67,1,-52,-29,-14,2,-46,-49,0,-35,0,20,-62,40,0,-35,-12,-58,73,8,5,-36,-56,0,-7,0,-79,0,8,6,-4,0,34,0,-1,-51,1,15,-33,-20,16,13,22,0,-34,1,17,-60,2,-26,52,-37,11,8,2,3,1,-26,3,-28,-56,2,7,15,4,4,1,1,25,-62,31,-14,0,2,-56,0,1,3,12,-36,-54,0,0,-100,-33,-37,-7,0,-46,54,0,11,19,-58,65,-60,-60,-36,-14,7,-51,-88,2,9,-54,0,72,0,-1,-28,0,-18,35,1,3,-27,31,0,1,5,-29,-58,33,-15,42,-6,-3,38,58,-79,-46,-20,29,0,-28,-35,0,2,12,0,92,-26,30,266794,0,100
91,-98,100,82,6,-6,0,13,29,0,-56,-100,60,-14,0,18,-7,-60,28,-52,-8,-6,0,-100,0,-80,20,-3,88,0,2,-2,0,0,42,-3,3,49,0,0,-24,1,1,19,0,0,0,27,20,-9,-29,2,14,0,4,26,-10,0,-11,33,15,-100,0,-11,-62,-93,0,-40,6,-100,65,100,-1,0,27,43,1,-8,-1,0,-64,47,0,54,0,0,9,-50,0,22,-54,27,-38,13,33,3,-39,0,15,-100,48,-1,29,13,35,43,3,-21,-43,-61,-1,-14,-1,-52,100,8,20,-3,0,11,3,-3,-62,1,-8,-24,28,4,6,3,0,-22,1,30,27,-2,18,5,-23,-8,81,100,7,17,-12,-38,40,0,2,8,-41,-4,72,0,0,-100,28,22,46,0,0,-19,0,1,2,46,71,16,0,46,-98,72,0,-9,0,-35,32,0,-100,-12,-14,16,-38,-56,-20,9,9,-13,-47,26,-49,79,0,40,0,-3,37,0,9,20,0,-1,-13,33,0,0,3,-7,-8,-60,-66,-10,-1,-5,52,12,-52,-48,-2,18,0,20,-42,-2,4,57,1,43,-52,24,266866,0,100
1,22,10,100,5,15,-22,19,43,28,-15,100,9,-28,-1,-47,8,-100,13,23,57,-1,22,-81,-23,17,-31,-2,-5,-17,1,-2,-4,-21,-100,-11,0,-45,-23,-23,-39,2,1,-27,22,2,-23,-21,-24,-1,0,1,-16,0,2,57,61,23,-23,18,36,100,29,1,-26,36,-23,-49,0,28,18,16,2,23,51,27,1,21,0,23,-12,30,-24,26,-22,-21,-13,20,1,-19,-36,-41,-25,76,-27,0,-96,-23,-16,-66,8,0,-100,-34,-9,54,-2,-23,-84,-17,1,-11,0,92,-51,0,31,-14,23,13,2,0,-62,1,-4,100,-16,100,-63,100,-23,100,1,23,-29,0,-23,100,12,-19,19,0,0,35,-32,-100,-14,100,3,6,-94,-2,19,-51,0,26,-14,41,34,-5,4,-61,-22,0,0,-31,-37,2,1,-100,-68,-35,5,3,2,3,45,-4,93,-22,-44,100,-30,100,13,-48,-9,-54,-47,43,-100,100,1,52,1,-1,-100,23,89,-36,0,1,-30,9,-22,-1,0,-22,-57,-100,40,-5,0,0,39,15,89,100,5,13,23,88,-98,0,3,34,0,-100,-35,44,266947,100,100
-37,25,20,-32,13,25,0,-50,4,7,-21,10,14,-40,0,-61,17,27,0,-30,16,-9,0,-79,0,8,-35,-14,-36,0,0,-3,-1,0,52,-25,1,-27,0,0,-12,-1,-1,18,0,0,0,-32,19,14,-24,0,-17,0,2,52,14,0,-8,23,20,14,4,12,-30,-20,0,-48,0,-17,12,16,7,0,52,5,-1,27,-4,0,-48,5,0,15,0,0,-10,-35,-1,-60,-10,-24,-32,-49,-16,2,-26,0,1,-66,37,0,-28,-34,-9,32,3,-44,-15,-51,-3,-9,0,71,0,4,-44,-29,0,7,-1,-1,-70,1,-13,-22,-13,-65,-17,-55,0,-22,0,16,-43,-2,-62,9,-1,-5,-18,-24,2,-43,-14,-30,-26,1,2,2,-28,-8,-17,22,0,24,-43,54,28,-10,1,-47,0,-1,1,-37,0,-37,0,0,-75,4,-64,11,-2,-11,23,-9,-21,-5,-38,16,-57,17,-7,-64,-10,-13,-32,-1,-33,-43,-2,28,-2,-3,-40,0,-19,-34,0,1,-10,20,0,0,4,-9,-18,24,42,-6,3,-9,-90,-41,73,-2,-65,5,0,-9,-27,-2,3,-3,-2,54,-12,54,267069,100,100
-3,-4,57,100,3,12,0,-1,-58,-13,-37,-100,36,-58,0,5,2,-81,10,-39,-54,-22,0,32,0,91,-56,-7,-1,0,0,-3,-1,0,71,-10,-1,2,0,0,42,0,-2,-36,0,-2,0,-89,-38,-8,-39,2,-64,-2,0,80,-54,0,100,5,4,-100,-9,-16,-40,9,0,-41,1,16,0,55,1,0,80,17,-2,15,-3,0,-100,16,0,38,0,0,20,-41,0,-28,-36,-57,-39,29,-37,0,-7,0,0,-13,36,-2,60,-55,-36,67,0,-55,-18,-100,-3,-7,-3,68,-100,7,92,-11,0,-9,0,-2,-60,0,-6,40,-62,-7,-27,-6,0,41,1,24,-11,-5,-98,58,-13,-5,47,1,6,90,-6,-21,-89,-8,-1,-4,52,-6,47,100,1,-2,-6,35,8,100,0,37,0,0,0,-5,-52,20,0,2,36,-54,72,-7,0,-10,75,100,19,-2,34,52,57,100,-13,4,19,-3,-68,-55,52,100,-1,67,0,-2,60,0,7,-61,1,0,-12,2,0,0,3,100,-5,-78,-16,-21,-11,-9,9,0,69,47,71,13,0,-14,-6,-2,0,0,0,71,-34,35,267127,100,100
100,30,8,77,4,20,0,-32,28,100,-7,38,44,0,-1,-6,7,-4,5,26,-22,14,0,-63,0,63,-10,0,100,0,1,-5,-1,0,6,-18,0,-32,0,0,-91,-2,0,-6,0,-1,0,-1,-9,-8,13,0,-26,-1,0,29,-20,0,4,6,8,43,100,-10,6,-28,0,-21,2,-28,3,13,7,0,29,6,-2,17,-3,0,-80,7,0,35,0,0,-14,27,0,-60,-61,-4,-51,7,-34,2,-37,0,8,-38,68,-2,-58,-7,-35,44,-1,0,38,-73,-4,-8,-2,61,37,7,100,-13,0,19,0,-3,-62,1,3,58,13,32,-28,21,0,58,0,26,100,-4,-94,36,32,-1,-26,-11,6,100,-6,-28,2,-8,-3,4,-29,0,-26,-70,1,30,100,57,58,100,1,17,0,10,0,-34,-6,-44,-1,52,-62,-7,-75,-2,8,100,100,100,33,0,3,36,26,23,33,-18,-12,37,-58,25,-34,77,-3,43,1,0,-54,0,100,-11,0,0,-8,-16,0,-1,3,3,40,-5,-100,15,-3,-10,35,-34,62,-2,-74,12,0,100,-34,-3,2,20,-1,6,-62,57,267198,100,100
-31,15,36,-52,3,-10,0,27,17,-12,-55,37,39,-4,-1,9,2,44,-5,34,50,20,0,12,0,-8,17,-21,-32,0,0,-5,0,0,34,-31,0,-91,0,0,26,-3,-3,13,0,-3,0,-17,8,-9,8,-3,-9,0,2,1,48,0,34,42,7,48,-9,-2,-52,-29,0,-39,1,-27,42,41,3,0,-16,0,-4,-5,-1,0,-47,4,0,-6,0,0,-10,37,-1,-44,-38,-31,-35,-44,-46,1,-19,0,-2,-44,49,0,-41,-41,-42,4,0,2,-5,-54,-2,-1,-2,-11,30,11,-37,-34,0,4,0,0,-70,1,-26,-6,-18,52,-37,55,0,-10,1,0,8,-4,-67,-64,-49,-5,-22,-33,4,-37,3,-10,-9,-8,8,6,-29,-11,-26,-28,0,15,10,57,58,-32,2,-37,0,-3,3,-83,-5,-44,-2,0,24,0,-54,1,-3,-35,6,-31,-49,-9,-25,-50,-41,37,-47,24,-11,-4,-92,14,-28,-50,-2,7,-2,-1,-25,0,-47,17,0,0,1,21,0,1,6,34,-2,42,58,19,-5,-7,-97,19,-16,-57,-54,-8,0,-52,-15,-3,3,11,0,34,-38,52,267222,100,100
-9,3,-18,-22,1,16,0,-27,1,27,-64,46,52,-39,-3,-43,11,27,13,17,46,29,0,-13,0,-18,-16,-8,-11,0,0,-6,-2,0,48,-20,-2,-16,0,0,-28,-3,-3,-21,0,0,0,-29,-21,4,-50,0,-17,-3,0,-19,48,0,10,15,15,42,33,-9,-65,-29,0,-51,1,-28,19,-13,-3,0,-31,30,-2,22,-1,0,-77,34,0,27,0,0,-3,11,-3,-62,-42,-17,-74,-69,-51,0,-8,0,-6,-52,48,-2,-42,-19,-43,24,-2,-39,11,-80,-2,-9,-3,45,0,5,-16,-22,0,2,0,-3,-64,2,-11,40,-9,34,-35,35,0,39,0,42,16,-5,-67,-51,-21,-6,10,6,5,-16,-5,-50,-30,-1,0,1,-40,-11,14,66,0,7,22,33,55,-17,0,-51,0,-2,0,-8,-19,-31,-1,0,-20,-24,-38,-4,-1,-10,15,-17,-64,-3,-46,-43,-28,17,-23,-45,0,21,-77,1,-31,-15,-1,26,0,-1,-38,0,0,-16,-1,-2,-6,14,0,-2,1,9,23,31,-4,28,-10,-9,-85,-32,45,-3,-40,0,0,0,-8,-5,2,27,0,49,-44,34,267244,100,100
73,-22,-100,20,5,18,-25,-28,10,-11,-39,-100,87,-30,0,-73,-11,-100,19,-98,-72,9,28,-100,-25,38,-67,0,73,-29,1,0,-1,-26,72,-13,1,-76,-26,-24,-80,0,0,62,26,0,-26,100,64,0,-80,0,-4,0,2,49,-74,27,100,41,5,-100,-6,7,-41,-44,-26,-42,0,-48,7,-100,-3,27,49,20,1,19,-2,26,-100,22,-26,14,-25,-25,-57,-100,-1,20,-36,-12,-100,-45,1,2,-26,-25,-7,-60,82,0,27,-19,6,27,3,-19,12,-100,-1,-13,-1,8,-100,0,45,-15,27,-11,1,0,-76,0,-3,-14,58,100,16,100,-25,-14,0,3,-33,0,-42,100,-5,0,41,-6,0,43,-5,72,100,-21,4,-5,-44,-8,41,4,0,-21,-32,21,100,5,1,-8,-26,0,0,-62,1,61,0,56,-100,-1,-33,6,0,100,27,7,21,2,-5,100,6,-100,-11,-73,-52,-17,4,10,-51,15,0,26,2,-2,15,27,100,-67,0,1,-6,-100,-26,0,7,100,-21,-100,-100,10,5,0,56,-29,7,24,-34,12,26,100,-34,0,1,16,-1,72,-36,18,267254,100,100
22,25,12,-43,1,-6,0,5,-7,22,-51,34,64,-28,0,-22,-10,68,28,38,18,1,0,-52,0,-57,-14,-10,26,0,-1,-4,-7,0,18,-16,1,-19,0,0,-35,-1,-2,15,0,-1,0,-61,16,21,-63,0,-13,-2,0,-100,18,0,4,18,2,18,20,-15,-52,-43,0,-33,-2,-30,26,6,-5,0,-93,52,-1,-6,0,0,-58,51,0,33,0,0,4,20,0,-38,-60,-11,-64,-43,-24,1,-21,0,-4,-36,66,0,5,-1,-40,40,0,-29,21,-46,-1,-12,-2,-11,0,6,-9,-12,0,-8,0,-1,-82,-1,-3,-23,-10,38,-18,36,0,-20,0,-17,47,-3,-33,-38,-29,-15,-16,-37,4,-12,-8,-37,-66,-50,3,-4,61,-10,-8,5,2,24,39,45,50,-37,0,32,0,-1,0,-21,3,-52,-1,0,-44,0,-38,-6,-3,-5,8,-36,-3,-15,16,-23,-15,5,-22,-25,1,61,-40,2,78,-44,0,38,-1,-1,-8,0,-31,-15,-1,0,-11,21,0,1,4,2,61,66,26,6,-6,-6,-39,0,-10,-7,-45,-1,0,-18,-13,-3,2,19,0,20,-62,41,267320,100,100
97,-6,-13,-62,4,0,0,25,-33,100,-39,35,21,-1,-2,-100,-24,-100,-10,-4,46,-77,0,-100,0,47,-23,-25,100,0,0,-4,-1,0,3,-9,0,-48,0,0,-100,0,0,31,0,0,0,100,35,100,18,0,-17,-4,1,-28,44,0,100,-100,16,33,100,-10,-37,-35,0,-24,2,-45,15,-12,7,0,-30,38,-2,-1,-2,0,-47,35,0,35,0,0,-30,-9,-3,-39,-41,-100,-99,-56,-1,2,-61,0,100,-17,7,-3,-21,-100,9,49,6,-6,85,-60,-1,-6,-2,100,13,6,-37,-14,0,-51,1,-1,-58,1,-21,20,-52,32,100,32,0,20,0,-12,18,-2,-20,-44,25,10,-41,-19,9,-38,-14,6,100,100,-3,-1,97,-8,-36,8,1,-3,28,49,49,100,0,22,0,-1,1,-54,-30,-5,-1,0,-100,-34,-50,1,-2,-22,16,100,-85,18,36,-35,-22,-100,3,-84,-34,8,-19,-36,37,-56,0,52,0,-1,-30,0,97,-21,-2,0,-17,9,0,0,3,100,9,-100,-18,-36,100,-6,80,23,100,-7,20,-11,0,100,-60,-4,2,27,0,5,-40,50,267333,100,100
-20,12,22,-84,0,10,0,-8,9,-11,-52,48,-2,-6,0,-14,7,65,30,-20,28,24,0,-100,0,26,-33,-10,-16,0,1,-6,1,0,24,-23,0,-16,0,0,-50,-1,-2,6,0,0,0,-16,6,3,-29,-1,-16,1,2,-8,30,0,-23,28,-1,52,-11,-20,-29,-29,0,-27,0,-19,17,14,-6,0,-4,10,-2,2,1,0,-33,8,0,-9,0,0,-60,-13,-3,-9,-49,-23,-47,-67,-11,2,-2,0,0,-63,9,1,-9,-18,-29,50,1,-2,25,-62,-1,-32,0,-3,50,7,-61,-32,0,14,0,0,-69,2,-7,-29,-16,41,3,50,0,-35,0,33,57,-3,-61,12,-38,-8,-26,12,3,-58,-7,36,-29,12,0,2,46,0,-23,-48,0,14,66,61,24,-55,1,-6,0,-1,1,-12,31,0,-2,0,-82,29,-51,-7,-3,-31,-3,-54,11,-14,-26,0,-35,1,-34,-28,-65,-16,0,21,33,-83,0,52,0,-1,0,0,-36,-30,0,3,-7,24,0,2,3,-21,-19,64,-45,19,-4,-10,-9,-6,-3,-38,-36,-14,0,-41,-3,-3,0,8,0,24,-50,61,267505,100,100
-19,15,17,8,9,15,0,-32,-48,-62,-13,33,58,-20,-2,-38,11,45,12,-13,-6,-35,0,-41,0,-38,-7,-65,-25,0,2,-1,-3,0,46,1,0,-34,0,0,-60,0,0,-21,0,0,0,-27,-21,-15,55,1,-28,-1,1,10,-3,0,-4,7,14,43,-60,-6,-8,-40,0,-20,5,-45,8,22,6,0,14,16,-2,11,-4,0,-52,18,0,-21,0,0,-3,-13,-2,-72,-38,-56,1,-58,-30,4,-5,0,0,-69,48,-1,-25,-64,-29,57,2,-13,36,-56,-2,1,-4,83,19,11,-39,2,0,62,2,-2,-62,0,-68,-64,-26,-31,-14,-43,0,-61,3,22,24,-4,-73,52,-23,0,10,-25,7,-42,-15,-21,-22,100,-1,-1,-95,-5,11,35,0,15,33,30,41,-38,0,-9,0,0,2,-19,43,-34,0,0,-37,37,-42,-1,1,-4,23,-37,42,0,-21,42,-47,79,-24,-42,-2,28,-32,-42,-100,8,1,56,0,-1,-42,0,-56,-13,0,-2,-17,-2,0,0,5,-3,28,45,-100,-38,-4,-5,-25,-34,83,-75,-46,-21,0,-52,-8,-2,1,25,0,43,-37,34,267530,100,100
3,-8,0,-79,5,-29,0,5,-14,54,-64,0,67,-23,0,-14,18,-5,-1,29,16,13,0,-29,0,-4,-6,-11,4,0,0,0,0,0,44,8,0,-70,0,0,0,2,1,57,0,1,0,4,57,28,-28,-4,16,-3,-1,2,16,0,-26,26,16,-7,57,6,-70,-21,0,-45,0,-13,28,2,4,0,15,25,0,-35,2,0,-57,23,0,27,0,0,33,23,-1,-20,-16,-29,-45,18,-28,0,-70,0,-17,-67,74,0,-24,-32,-14,0,0,-15,35,-47,0,-3,0,48,0,0,-3,15,0,20,0,0,-10,2,-10,36,-3,13,-13,12,0,43,-2,8,-19,0,-33,3,-15,-4,-35,0,0,-10,-7,-10,0,20,10,2,-42,-11,-44,29,0,-8,-30,7,65,3,3,-19,0,0,1,-51,-14,-10,-2,0,-37,-14,-25,-1,-2,-1,51,5,-36,0,0,4,-44,6,-14,-13,33,-13,-50,-13,-34,-70,2,-6,1,-1,-15,0,9,-10,1,0,-12,17,0,0,2,-25,-16,-4,88,12,-2,3,-34,10,52,-42,-29,17,0,15,-68,2,1,21,-2,48,-17,2,267899,0,100
29,9,-11,-22,1,37,0,-47,31,40,-21,44,47,13,-1,-26,6,45,6,13,60,-14,0,-58,0,-9,-25,0,31,0,1,-5,1,0,24,-23,0,-25,0,0,-17,-2,-1,8,0,-1,0,-26,6,10,11,2,7,-1,1,58,65,0,-8,25,0,45,41,-7,-7,1,0,-32,6,2,19,-8,-8,0,55,20,-1,39,-2,0,-35,17,0,21,0,0,-6,2,-2,-23,-33,-13,-39,-66,-31,0,-43,0,-7,-26,46,-1,19,-21,-20,3,4,21,18,-51,0,-12,-1,-9,0,13,-38,-29,0,19,0,-2,-42,0,-2,-25,-9,16,-18,-1,0,-18,-1,-3,47,0,-54,3,-11,-4,-15,-15,7,-37,6,-14,-26,-13,0,6,-24,-4,-14,21,0,13,52,57,45,-6,0,-12,0,1,3,-13,14,-30,0,0,-50,19,-29,-1,-1,-5,-6,-9,-14,-9,-17,7,-11,-10,-14,-24,-6,33,-11,23,-20,-15,-1,4,0,-2,16,0,44,-28,0,-2,0,-1,0,0,7,-8,31,46,-18,-12,0,-6,-34,-52,-8,20,-23,6,0,43,-40,-3,3,28,1,24,-34,61,268012,100,100
-18,0,26,-47,6,6,0,-32,16,45,-71,15,71,-52,0,-4,26,-20,0,47,34,-52,0,-69,0,-46,-48,-39,-13,0,3,1,0,0,48,-28,1,-65,0,0,-37,3,3,31,0,3,0,7,32,38,-57,0,-8,1,3,-92,32,0,-40,46,16,10,48,13,-65,-28,0,-46,0,-25,-27,30,23,0,-65,28,1,5,1,0,-38,22,0,29,0,0,29,38,0,-42,-22,-30,-30,25,-62,2,-57,0,-43,-65,64,2,-42,-44,-50,29,0,-58,-22,-44,2,4,-1,7,0,2,-14,-34,0,29,1,2,-62,1,-40,5,9,30,19,33,0,10,0,18,-68,3,-75,21,-12,-7,-7,-13,0,-17,-41,8,5,18,9,0,-24,-1,-1,12,0,1,-62,48,54,30,2,-37,0,1,0,-80,9,-20,0,0,-63,10,-37,2,0,-2,52,30,5,-5,-28,16,-30,-1,-17,-3,26,-44,-46,17,-24,-50,1,39,1,0,-38,0,24,-50,1,2,-39,1,0,0,3,-36,-48,-19,65,-47,1,5,-52,-35,7,-8,-38,7,0,20,-56,4,0,4,-1,49,-18,52,268116,0,100
-7,0,-14,-26,11,-3,0,43,-12,9,-4,27,56,-18,1,-12,22,0,-2,4,17,-46,0,-71,0,-41,-24,18,1,0,3,2,3,0,46,1,0,-60,0,0,-9,0,1,25,0,1,0,-14,25,23,-32,1,3,-1,1,22,17,0,-8,32,12,24,13,3,-7,33,0,8,4,38,3,-12,1,0,28,5,2,-4,1,0,-34,5,0,26,0,0,-15,8,1,3,-6,-8,-15,-28,-32,2,-79,0,-3,-51,46,3,-6,-13,-26,55,-1,-18,4,-22,2,-11,-2,-28,0,9,14,2,0,36,1,0,-57,1,17,6,23,27,1,21,0,9,0,25,-20,1,77,44,-3,-4,17,-10,5,12,-27,-7,-13,5,2,0,-31,-2,14,-93,0,2,-20,15,63,5,2,22,0,3,2,-73,-19,-23,0,0,-85,-20,-5,7,1,-12,40,4,-7,3,26,46,-38,34,-4,-23,-13,-1,-1,-19,-35,-32,-2,52,2,-1,-1,0,34,-27,0,2,-33,-12,0,0,7,-8,-5,0,58,-42,3,5,-32,34,-26,23,-12,19,0,36,-83,4,3,18,3,48,-7,13,268300,0,100
-16,16,13,100,5,31,0,-42,96,-100,6,-100,46,70,0,-28,-15,44,-22,-3,52,-8,0,-56,0,-66,-25,-3,-17,0,2,-2,-2,0,27,-26,0,0,0,0,-100,0,-1,11,0,0,0,-100,10,-14,-96,0,-8,-1,1,-15,54,0,100,21,8,-100,-100,2,2,8,0,-16,3,16,-36,12,-5,0,-18,28,-2,36,-4,0,3,27,0,14,0,0,-97,-9,-2,-35,-33,47,-100,43,26,1,46,0,16,-3,71,0,-18,50,19,74,-1,65,-6,-2,1,-8,-2,26,74,8,-97,-27,0,0,0,0,-71,1,-4,-35,34,100,-22,100,0,-35,1,35,8,-2,-66,100,-5,-7,93,-36,6,-98,0,-38,-100,-17,0,-4,-100,-9,97,-29,-1,19,10,35,46,52,0,48,0,0,2,-9,-19,-15,0,0,-47,-22,-35,2,-1,-12,10,54,86,-10,40,100,-100,100,-3,-27,-99,-5,-44,96,-100,100,-3,76,-1,-3,-6,0,-13,-21,0,0,-1,7,0,-2,4,100,-4,46,-100,-6,-9,-5,-18,-47,25,-10,-35,0,0,-25,51,-2,3,22,1,28,-32,38,268305,100,100
-62,14,100,-14,4,11,0,-42,42,-16,-36,-48,72,-45,-2,-3,11,-100,-5,-19,-27,20,0,-88,0,-31,-34,-57,-63,0,0,-2,-3,0,100,-9,-2,-51,0,0,-32,-2,-2,99,0,-1,0,-25,100,2,19,0,-26,0,0,100,-25,0,100,18,9,-50,-43,-7,-23,-43,0,-61,0,-42,-52,100,6,0,100,-25,0,8,-6,0,-60,-39,0,18,0,0,96,-23,-2,-34,-100,-28,26,33,-9,-1,100,0,-7,26,38,-1,51,-30,-25,-58,2,-39,72,-65,-3,-2,-6,84,8,7,100,-10,0,8,1,-1,-76,1,8,100,-45,100,-19,100,0,100,-1,-58,85,-3,-39,-10,-9,-1,99,-67,4,100,-19,52,5,-16,-100,3,-46,-4,99,7,-1,15,84,27,21,-2,0,9,0,-1,1,-36,-51,-17,1,94,-88,-26,-29,-3,-2,68,76,-2,-34,5,10,35,30,100,-8,-10,100,-7,-29,43,-100,-7,-3,-78,0,-2,44,0,-41,-36,0,-1,-19,-2,0,-2,1,100,16,-100,-100,21,-14,-7,20,-41,76,-39,-25,5,0,-39,100,-3,2,11,0,100,-100,27,268505,100,100
-13,8,-10,12,7,12,0,0,3,25,3,56,33,-25,0,-67,5,41,13,-51,88,9,0,-84,0,36,-38,-28,-5,0,0,-7,-1,0,27,-16,3,-20,0,0,0,0,1,41,0,-1,0,-28,40,-5,11,0,-13,-3,-1,43,85,0,-16,27,24,51,23,0,2,25,0,24,3,15,0,-3,-10,0,45,28,0,8,2,0,20,37,0,30,0,0,-17,-48,0,-14,-4,6,-23,-37,-19,3,-58,0,-13,-3,15,1,0,0,-26,69,0,-15,-4,33,2,-10,0,35,0,11,-23,-13,0,17,0,0,-8,3,-31,8,-7,31,-20,26,0,9,-1,3,13,1,52,31,-12,6,-29,4,7,-20,-12,-8,-25,-14,0,0,-70,-7,-27,76,3,4,23,26,48,-31,3,-34,0,0,1,3,1,12,-1,0,-76,-7,-17,0,1,-3,49,-34,-10,17,-39,32,-58,74,-27,-66,-8,-11,-30,4,-70,7,0,72,2,-2,-7,0,41,-44,3,1,-8,-5,0,0,12,-20,-12,44,-60,11,3,-3,-88,0,31,-1,-16,0,0,56,-65,-5,6,-22,1,25,-3,27,268599,0,100
-21,0,33,-8,2,19,0,-29,-2,21,52,36,-17,-18,0,-7,20,-27,19,-29,63,-14,0,-94,0,4,-15,-39,-18,0,1,-1,0,0,27,-8,0,-16,0,0,-46,0,0,47,0,1,0,0,45,15,-38,-1,36,0,2,41,64,0,-17,33,15,36,24,-12,54,25,0,26,4,25,24,34,7,0,44,-19,0,18,0,0,-45,-21,0,26,0,0,-20,-26,1,29,30,-24,-29,-100,12,2,-35,0,-7,-45,10,1,0,-12,18,99,-1,-5,-24,-27,1,-16,0,19,0,11,-8,-4,0,20,1,0,-26,2,-38,-40,18,-14,-2,-21,0,-42,1,16,-11,0,26,55,-18,-6,44,-18,5,-12,-3,-31,-2,-51,0,3,-5,0,46,16,0,4,-8,16,9,-15,0,21,0,1,5,6,-4,-19,-1,0,-96,-2,-25,-1,0,-10,36,-14,-8,-1,19,54,-65,-9,-16,-17,-26,-40,-34,-17,-8,-7,-2,100,0,0,12,0,-9,-20,0,1,-6,5,0,0,6,-15,-41,-26,70,-13,1,-2,-26,-35,19,-28,-22,-2,0,-10,-36,0,1,0,2,25,33,17,268611,0,100
2,7,26,-47,-6,-33,0,-7,0,36,-56,1,57,-5,0,19,-19,41,63,13,8,52,0,-52,0,7,22,41,-6,0,1,1,-2,0,54,-2,2,-23,0,0,18,4,1,26,0,1,0,-3,24,38,-28,0,-11,-4,1,-45,9,0,4,15,-4,0,40,-5,-73,-32,0,-35,1,-29,93,35,-25,0,-41,45,4,-34,0,0,-45,44,0,25,0,0,43,12,-1,-10,-62,-90,17,28,-2,0,-33,0,2,-30,60,1,-18,-89,-4,9,-4,23,-30,-45,1,5,2,-58,0,5,0,-4,0,81,0,-1,-37,0,31,-28,15,11,20,14,0,-21,0,5,-38,1,-39,23,-29,-9,0,-12,1,-3,-19,34,5,-11,0,4,-36,-2,-9,5,0,15,-44,25,68,-30,1,-5,0,3,1,24,29,-23,-3,0,-61,31,-3,-2,1,12,21,-21,24,-16,-1,18,-12,17,-20,22,37,-11,-66,-3,-40,-44,2,1,0,-4,-27,0,-79,11,1,0,-16,34,0,0,5,8,-9,41,60,43,0,6,-25,-1,-56,-13,-15,16,0,-77,-36,2,3,9,0,54,-62,20,268656,0,100
-40,13,6,-67,-5,-7,0,-18,-15,-21,-47,-36,23,-40,0,-27,-22,20,3,-36,20,55,0,-30,0,-37,-35,8,-32,0,1,-3,-3,0,40,-4,-1,21,0,0,-10,0,1,-22,0,0,0,-24,-26,-10,18,2,-30,0,1,-64,23,0,-36,16,23,-32,-16,-7,-65,-32,0,-66,4,-31,8,13,-6,0,-73,23,-1,-4,-3,0,-18,20,0,34,0,0,-5,-39,0,-22,-29,-24,-11,0,-14,1,-40,0,3,-12,44,0,-73,-31,-11,55,-4,-35,-17,-18,-2,-4,-3,-3,0,6,-24,-5,0,8,1,-1,-52,1,3,0,2,1,-23,7,0,9,0,11,-46,-4,-45,32,-31,-12,7,-10,4,-23,-13,10,-28,-17,6,0,14,-14,11,18,1,17,-44,33,24,-9,1,6,0,0,0,25,8,-8,-1,0,-42,4,-52,-4,0,-12,43,-8,25,-14,5,44,-35,12,-31,-38,-4,-1,-48,-14,12,-61,-1,58,2,-3,-72,0,-13,-37,0,-1,-16,-12,0,-2,1,-35,0,25,100,58,-1,-8,-28,-6,1,-3,-61,19,0,-23,-40,-2,2,19,0,41,-27,34,268804,0,100
3,6,4,-17,0,0,0,-2,31,-12,-26,57,26,18,-1,13,-100,-58,21,-36,2,28,0,-48,0,0,-31,-3,4,0,0,0,-5,0,-63,-18,-1,1,0,0,-43,-1,-1,-41,0,0,0,100,-40,15,-99,2,-21,-2,1,-55,1,0,2,23,13,-26,-8,2,-29,-66,0,-51,0,-73,16,5,7,0,-72,29,0,11,-2,0,-52,30,0,81,0,0,22,-48,0,13,95,99,-100,57,12,2,0,0,-100,-38,5,0,-5,100,18,-32,-6,23,9,-58,-1,-3,-1,100,0,2,33,-18,0,100,1,-3,-62,2,-1,100,-3,100,-37,100,0,100,2,40,-26,-2,-61,15,5,-13,65,-24,2,35,-22,-9,100,100,1,-56,0,-1,66,-58,2,9,-22,-47,24,77,0,16,0,0,-1,23,-100,-24,-1,-8,-54,-96,-52,0,-2,74,9,77,100,-12,18,5,-25,-76,2,18,21,-2,-36,23,0,-6,-1,-32,1,-1,14,0,47,-37,-1,0,-29,-79,0,0,-1,0,0,-52,-100,35,-5,-2,15,-4,100,28,-56,32,0,43,15,-1,-1,16,2,-60,95,-48,268940,100,100
-27,32,17,-24,11,18,0,-50,0,-2,-71,2,1,-24,1,-63,-2,51,-26,-12,26,49,0,-22,0,-3,-12,-13,-26,0,-2,-8,-1,0,40,-13,1,-11,0,0,-37,0,-2,21,0,-1,0,-42,18,-5,-56,-4,-9,1,-1,37,27,0,0,5,6,-1,-7,-10,-57,-45,0,-41,0,-48,0,17,11,0,44,24,-3,23,0,0,-42,20,0,1,0,0,0,-22,-2,-61,-39,-18,-38,-34,-49,-1,-34,0,11,-51,29,1,-54,-30,-51,75,0,-41,-32,-45,0,-2,-1,3,0,3,-5,-11,0,-32,0,-2,-35,5,-16,-27,-6,-47,-23,-35,0,-18,-1,41,-24,-4,-60,21,-36,0,-39,-25,2,-1,-9,-38,-41,-5,0,1,-52,-8,-34,36,-2,29,-26,32,-5,-36,3,-51,0,0,-1,-32,-7,-37,0,0,-16,-6,-3,-6,0,-22,19,-37,-50,7,-52,9,-36,7,-40,-69,0,12,-64,5,-58,-16,-2,76,2,1,-75,0,-49,-1,0,0,-2,23,0,0,0,-1,15,52,-81,52,2,-8,-46,-55,11,-4,-2,-20,0,-33,-32,-4,1,13,2,42,-39,31,268946,100,100
22,19,32,-72,4,9,0,100,55,-7,-20,-100,68,-6,2,-35,8,9,2,2,49,62,0,-55,0,-22,-14,31,23,0,-3,-6,-5,0,84,-25,1,10,0,0,0,-1,-2,4,0,-2,0,-36,7,15,-46,0,-1,0,0,55,49,0,30,22,20,-90,-8,-12,-23,-26,0,-32,2,-27,26,35,-4,0,65,40,-1,5,-2,0,-79,46,0,5,0,0,-8,7,0,-40,-48,-57,-63,100,26,1,-58,0,17,-60,52,2,-54,-67,33,40,-3,-3,-3,-75,-4,-2,2,54,0,7,0,-28,0,-7,-1,-1,-58,2,31,-51,19,-3,-14,0,0,-48,-2,14,18,-3,-62,-6,-17,-7,5,-26,3,-1,-5,12,-39,20,7,3,-65,-9,6,27,0,19,23,29,77,7,1,32,0,0,2,12,16,-17,0,0,-65,21,-57,-7,-1,-25,5,3,-26,-9,28,-2,-100,-72,-20,-33,0,16,-62,50,-69,-70,-3,42,0,-2,-74,0,-38,-15,0,1,0,22,0,-3,8,30,16,10,-22,65,3,-9,-60,100,54,-15,-57,-2,0,-37,-58,-3,2,21,0,82,-49,31,268992,100,100
-14,5,6,-43,-2,-6,0,13,-20,-4,-37,7,28,-74,0,-6,-8,11,25,-15,14,14,0,-80,0,-12,-14,5,-16,0,0,0,4,0,62,0,0,-27,0,0,1,0,1,29,0,0,0,-20,33,0,19,1,9,-1,1,-14,18,0,4,5,3,18,-6,-4,-24,-41,0,-47,1,-45,28,17,-19,0,-4,17,1,-12,0,0,-73,21,0,13,0,0,-2,-3,1,-24,-33,-16,-25,-11,-25,-1,-15,0,-1,-48,38,1,-23,-27,-16,50,3,-61,-9,-67,0,-6,-1,6,0,3,15,2,0,-7,0,-1,-46,-1,1,23,18,16,0,5,0,20,1,9,-7,1,-13,37,9,1,4,-12,1,15,-6,11,-12,-8,4,1,8,-6,1,27,0,5,-6,11,9,-15,0,-8,0,2,-1,4,0,-14,-1,0,-72,-3,-58,0,0,0,7,-11,-9,1,-9,30,-18,22,6,-14,0,-34,-65,-28,-5,-35,0,50,0,-2,-12,0,-44,-21,0,0,-9,-1,0,0,2,4,-31,13,58,12,1,1,-18,7,0,6,-61,11,0,-13,-19,0,3,12,0,58,-33,9,269047,0,100
-30,-17,23,-28,6,-11,0,-2,4,-2,-51,-16,58,-50,0,-37,2,24,5,3,45,21,0,-27,0,-10,-20,28,-32,0,3,1,0,0,63,-4,0,-35,0,0,-37,1,3,65,0,0,0,10,67,16,17,3,7,-1,0,33,48,0,6,17,32,-15,0,-8,-41,-15,0,-34,2,-14,46,21,3,0,20,6,0,-4,0,0,-21,7,0,43,0,0,1,3,0,-22,-22,-43,10,-10,-31,0,-48,0,0,-40,52,1,-71,-45,-27,39,0,-62,4,-18,0,-2,-3,-55,0,7,-9,0,0,19,3,0,-36,1,27,-28,9,-16,2,-17,0,-29,2,10,-26,1,-27,16,-26,3,25,-25,8,-8,-21,4,8,12,0,6,-41,-3,23,37,3,-14,-16,22,37,-6,2,15,0,1,1,-49,10,-18,0,0,-21,9,-24,-3,0,-18,40,-9,-21,9,18,19,-13,29,-27,-36,2,-33,-41,0,-41,-30,0,38,2,-1,-67,0,-7,-18,0,0,-23,9,0,2,2,4,-35,25,-100,22,-3,0,-47,-10,-54,-15,-18,13,0,-14,-45,3,1,17,1,62,-23,25,269116,0,100
-10,0,5,-100,7,29,0,62,-6,-10,-12,-93,25,-7,0,-39,-11,-28,26,-9,-33,4,0,-49,0,100,-43,0,-12,0,0,-4,0,0,73,-23,0,-12,0,0,-48,0,-2,0,0,0,0,-100,-1,-5,-42,1,-33,-2,1,-27,-32,0,0,37,7,-86,-6,-11,0,52,0,-46,3,50,8,10,11,0,-40,14,-1,36,-4,0,-35,11,0,9,0,0,-14,-10,-3,-18,-41,-24,-38,100,-23,2,-16,0,-3,-56,-19,0,0,-32,-20,29,1,-7,-4,-33,-2,-2,-3,28,51,12,22,-23,0,-5,0,-1,-68,3,-2,-15,-57,99,-2,100,0,-7,0,-13,85,-3,-69,-40,-4,8,-28,-29,10,18,-12,-25,-100,-8,1,5,57,-3,-29,32,0,1,88,50,34,-48,1,20,0,0,1,-9,39,-17,-1,0,-48,43,-46,-4,0,28,100,-48,2,13,17,-41,-45,32,-6,-38,-17,15,-6,-12,55,-100,-3,27,-1,0,-5,0,12,-44,0,-2,-12,-100,0,-1,7,0,16,-26,-58,3,0,-9,5,60,27,-15,-42,-18,0,15,-18,-4,0,30,1,73,-40,48,269123,100,100
-12,100,-99,100,0,13,0,-24,51,-100,-49,11,20,-52,0,-31,39,-100,17,-39,-41,-84,0,-70,0,-100,-30,-95,-17,0,0,-1,1,0,-100,-25,0,-18,0,0,-100,-1,0,-40,0,-1,0,100,-36,82,-40,2,-26,1,0,24,-43,0,100,14,0,17,-95,-3,-40,-20,0,-52,1,-32,14,-96,-3,0,24,17,-1,18,-1,0,-70,20,0,24,0,0,9,-39,0,-40,-38,-95,-70,52,-29,2,-100,0,0,-25,25,0,-15,-100,-31,34,2,-55,-100,-77,-2,-5,-2,95,0,5,-30,-26,0,16,0,-2,-61,1,-100,36,26,66,17,61,0,40,1,100,-16,-5,-82,14,-15,1,61,-12,3,-29,-23,-4,100,-63,5,0,-44,-4,61,-39,3,100,-7,66,-100,94,0,-18,0,0,0,-16,0,-36,0,4,-67,-1,-40,-5,0,-1,21,94,2,4,-27,6,-100,98,-17,-31,11,13,-67,49,-44,100,-2,36,0,-2,-10,0,74,-29,0,-1,-22,-2,0,1,3,100,12,-100,45,-83,-3,-4,-1,-38,91,100,-41,-12,0,78,-100,-1,2,9,3,-100,-36,68,269131,100,100
-94,-16,22,-27,18,-14,0,11,75,32,-46,0,-19,25,1,-27,-13,29,44,43,-50,16,0,-74,0,15,-3,16,-92,0,0,0,0,0,56,-7,2,-33,0,0,21,1,0,-23,0,1,0,-43,-20,3,-82,3,37,0,2,33,-58,0,-78,55,45,9,29,-28,-43,-9,0,-60,3,-8,34,19,24,0,44,31,1,-13,0,0,48,23,0,60,0,0,-13,56,4,-13,-3,-61,-36,-14,-28,2,-39,0,3,-84,52,0,-43,-71,-27,69,-9,11,-36,65,0,-4,0,0,0,8,-100,-9,0,13,3,1,-40,4,18,-47,27,-17,3,-16,0,-40,-1,91,-69,0,-8,95,-23,-14,18,42,4,-100,-1,20,-50,-21,6,1,-87,-12,1,-22,0,-19,-76,21,10,-22,4,-31,0,0,3,-36,49,-3,0,0,-86,52,12,-7,1,-43,90,-25,67,-1,-27,93,-83,-3,-17,-19,-13,-27,-25,82,-89,-31,0,82,1,-1,-38,0,62,4,2,0,0,6,0,0,8,-82,-22,26,-28,8,10,0,-7,6,-12,4,9,76,0,84,-43,1,0,12,2,49,0,25,269198,0,100
-63,0,11,0,-1,5,0,-25,30,0,-57,-3,58,1,0,-74,-25,-14,-6,-22,32,-3,0,-46,0,0,-4,-14,-61,0,2,1,7,0,33,-36,1,24,0,0,-10,3,1,10,0,3,0,21,12,-3,14,0,-5,-1,2,16,42,0,-19,23,36,13,-4,17,-37,-38,0,-34,0,-37,-3,17,-1,0,24,-2,0,0,0,0,-14,-4,0,23,0,0,8,-16,2,-38,-19,22,27,-21,-46,-1,0,0,-15,-55,55,2,1,11,-49,-14,5,-5,2,0,3,-14,0,-27,0,3,-41,-33,0,43,0,1,-38,1,-12,37,8,-31,-24,-34,0,41,1,16,-67,3,-44,-28,-5,6,49,-14,1,-40,-30,-13,14,-11,2,5,23,-3,44,-40,0,3,-68,16,60,-75,1,-41,0,1,0,24,-9,-34,0,0,-32,-9,13,10,1,6,44,-78,-63,10,-54,-34,-37,0,-14,-86,14,-28,-27,37,-7,-5,0,-10,0,0,3,0,-71,-4,2,3,-28,-7,0,0,2,-25,-33,-15,46,-6,9,5,-52,-19,-22,17,20,16,0,-55,-4,2,2,1,1,30,-22,14,269199,0,100
-65,10,0,100,-1,39,0,98,30,-96,-45,-85,73,60,-1,-2,-56,68,17,-35,69,7,0,-24,0,57,18,-4,-66,0,-2,-1,1,0,38,8,0,-1,0,0,-100,1,0,17,0,2,0,100,12,52,-86,0,-1,0,0,-58,71,0,49,28,2,-85,-21,16,-36,-35,0,-61,0,-23,34,-2,18,0,-50,21,2,30,0,0,-16,12,0,85,0,0,-22,-36,0,14,-67,-15,-100,-3,35,0,-37,0,8,-70,76,2,-72,-28,37,68,0,48,-23,-20,3,0,0,58,-8,2,65,6,0,49,1,1,-79,3,2,60,39,49,-78,49,0,41,0,-13,100,1,-48,30,-2,-9,46,-22,2,66,-31,26,100,14,10,-1,-14,-51,50,34,0,3,100,23,12,100,2,42,0,2,0,-40,-91,95,-1,-70,-13,-68,-27,-2,0,0,27,100,23,-2,38,30,-10,100,-1,0,-28,-22,-51,45,-14,100,2,74,1,2,-14,0,-47,25,0,1,-37,33,0,0,3,49,-19,64,-100,10,52,4,100,98,58,35,-22,46,0,-63,-18,0,0,19,0,36,-62,17,269680,100,100
14,8,100,-35,28,-26,0,2,70,26,-48,-19,56,-13,-3,33,27,-100,28,25,23,9,0,-100,0,-64,-93,-41,6,0,1,2,-2,0,17,-9,1,80,0,0,-17,2,3,3,0,0,0,-100,6,45,-24,1,-16,-1,1,-48,24,0,-67,7,15,-25,28,-6,-49,-36,0,-48,5,-45,38,100,17,0,-52,-21,1,-23,3,0,-45,-19,0,-3,0,0,-94,22,2,-65,-62,-31,-57,56,-54,2,-22,0,-1,-50,58,0,-100,-30,-46,12,1,-13,-100,-43,3,5,0,-5,0,2,11,-6,0,63,2,2,-38,1,-42,24,-52,100,-100,100,0,24,-2,2,70,0,-57,93,-20,7,-27,30,3,13,-46,24,-100,7,3,-3,-34,-7,-27,-26,1,9,75,73,21,-50,1,-31,0,1,2,84,75,-19,1,0,-100,72,21,-7,-1,26,3,-47,-17,21,-27,100,-75,89,-22,40,-94,-44,-57,72,-31,-48,3,9,1,0,-100,0,-100,-96,-1,2,-49,16,0,-1,-14,-65,-43,-100,-33,8,-12,1,-26,6,-5,27,-33,-19,0,-100,-20,1,0,15,2,18,-60,77,269859,0,100
-5,21,6,-38,-1,-25,0,13,-8,-15,-76,-31,4,-35,0,-12,-6,40,20,18,30,9,0,-31,0,-49,-22,14,-8,0,2,-5,-3,0,-5,-14,0,-8,0,0,-58,-3,-2,-37,0,-2,0,-37,-35,-4,-7,0,-4,-5,2,17,32,0,-10,11,15,-32,-13,-17,-65,-58,0,-54,2,-56,18,9,-8,0,18,15,-4,-24,-7,0,9,14,0,60,0,0,0,13,-1,-44,-60,-46,-54,-73,-62,0,-76,0,5,-42,10,-3,-56,-50,-61,-13,-1,-46,-25,-5,-6,-13,-1,70,0,6,-24,-17,0,5,0,-4,-72,0,17,0,-22,-20,3,-9,0,0,2,-10,-6,-6,-57,13,-31,-4,5,-37,4,-22,-10,-37,-35,-20,0,-2,-64,-12,4,51,1,21,-6,41,0,-62,1,-42,0,-1,1,-31,26,-89,-2,0,-9,28,-11,-7,-3,-12,8,-63,20,-3,-36,22,-33,-43,-34,-12,-2,37,-52,-13,-66,-31,-2,-12,1,-2,-61,0,-77,-18,-1,-1,-12,8,0,-3,0,-11,40,39,37,9,-14,-11,-100,21,68,-12,-9,12,0,-81,-75,-4,2,14,0,-3,-60,35,269941,0,100
100,-50,-2,29,10,47,0,100,-40,-31,-44,-95,72,0,-2,-100,-44,-73,14,-12,46,3,0,-17,0,57,-38,-7,100,0,1,-2,-1,0,100,-20,0,7,0,0,-100,0,0,4,0,0,0,100,4,0,-19,1,-23,-1,0,-100,47,0,100,18,8,-95,-29,1,-30,-27,0,-36,3,-34,-10,0,10,0,-100,19,0,50,-1,0,-61,21,0,25,0,0,-100,-20,-1,-95,-50,-58,-65,100,-26,1,36,0,9,-39,83,-1,6,-71,-17,17,-2,-6,-5,-63,0,0,-2,100,0,8,57,-20,0,8,0,-1,-67,0,-10,-47,-64,-68,3,-68,0,-42,1,24,100,-2,-87,100,4,7,100,-29,7,52,3,-83,100,-13,3,7,46,-4,100,37,3,-51,100,47,37,55,0,20,0,0,0,0,-100,-15,0,-2,-14,-97,-43,-1,0,-3,10,55,42,14,10,100,-100,-90,3,-100,-100,14,-57,-48,54,25,-3,15,1,0,13,0,-85,-36,1,-2,-1,7,0,0,7,100,16,-73,29,3,-5,-9,63,100,100,51,-44,-19,0,-100,37,-2,0,29,0,100,-50,47,270079,100,100
18,12,-6,-70,3,-25,0,-44,-22,32,-63,-18,93,-8,0,7,-21,32,23,52,32,36,0,-47,0,-9,14,8,10,0,-1,-2,-4,0,69,9,1,19,0,0,21,0,0,34,0,-1,0,-25,36,1,-17,-1,-1,-2,1,-46,31,0,25,27,17,0,29,-8,-65,-47,0,-38,2,-45,34,-12,17,0,-35,37,0,-27,0,0,-81,28,0,6,0,0,8,52,-2,-62,-58,-31,-36,-4,-55,0,-79,0,10,-77,82,2,-46,-27,-49,66,0,-26,-14,-80,1,4,0,25,0,3,6,10,0,-16,2,0,-68,3,11,-8,-31,47,-11,34,0,-9,0,28,-40,0,-50,-13,0,-13,-43,2,3,5,-31,-12,-31,-6,3,11,-52,-5,-64,-18,1,9,-45,44,55,-17,3,-52,0,0,-1,10,-27,-62,-3,0,-52,-17,-58,-14,-1,-17,58,-13,-20,-7,-43,-13,-71,38,-9,-6,0,-26,-62,-37,-75,-66,0,60,0,0,-55,0,-76,20,0,0,-30,17,0,0,3,27,-26,30,67,34,-5,-1,-81,-65,23,-81,-61,2,0,-57,-79,0,0,18,-1,68,-58,39,270728,0,100
-28,9,2,-40,1,25,0,-58,-7,20,-37,-7,50,-58,-1,0,15,26,8,-24,-40,-28,0,-56,0,10,-42,-4,-31,0,2,0,0,0,66,-11,0,-33,0,0,6,0,0,47,0,1,0,-42,48,16,-12,0,-17,-1,3,27,-37,0,-27,26,2,-1,22,-7,-52,-52,0,-17,1,-45,24,5,-3,0,38,19,0,25,-1,0,-23,18,0,33,0,0,8,-23,0,-62,-32,-35,22,-62,-42,1,-6,0,-20,-52,42,1,-31,-52,-33,-36,-2,-58,-47,-24,0,-16,-1,12,0,2,13,-14,0,-15,0,0,-71,2,-8,16,-5,-15,-25,-15,0,23,1,9,-57,2,-83,40,-24,-14,-10,9,0,11,-29,-25,-47,1,5,0,-30,-13,-18,-20,0,10,-57,38,69,-7,2,-25,0,0,2,-34,0,-47,0,0,-45,5,-17,0,-1,-10,36,-7,-58,-11,-18,41,-52,0,-22,-9,10,3,12,-7,-32,-39,0,-30,0,-2,-24,0,-67,-44,0,2,-31,17,0,0,3,-29,0,25,72,-26,2,0,-66,-55,11,-3,-23,19,0,-58,-6,1,3,3,-2,63,-31,38,270860,0,100
4,-2,-14,100,-7,-94,0,-46,25,-68,-54,-83,92,-4,-1,-71,18,-25,100,14,68,52,0,-100,0,30,-41,19,0,0,3,0,0,0,-21,-22,0,-21,0,0,-100,3,0,-11,0,0,0,-32,-13,77,43,2,-25,-4,0,-100,70,0,-56,-35,9,-85,61,-22,-42,1,0,-52,4,-5,26,-49,6,0,-100,100,0,-100,0,0,-12,89,0,19,0,0,31,8,0,-42,100,-10,49,39,-40,4,-62,0,100,-82,33,0,-100,-45,-36,100,0,3,-74,-16,0,-14,-6,-58,54,6,0,-21,0,72,0,0,65,1,-56,-34,-30,43,7,43,0,-47,0,42,27,-1,-51,74,-1,-4,-39,-24,6,0,-10,84,-20,43,-52,0,25,-21,-43,-5,5,-5,21,-18,58,-100,2,-48,0,3,4,-6,100,10,-1,93,-58,100,-14,-51,3,41,100,-100,40,-3,-39,81,-50,-86,0,-84,-12,6,-47,12,20,100,-1,58,1,-1,-26,0,-54,-42,2,0,-10,-100,0,-1,4,-67,8,-90,-100,49,-32,-2,56,-38,-57,55,-14,4,0,-40,-76,0,44,15,0,-19,74,-19,271114,0,100
96,2,11,-76,0,14,0,-2,-19,-8,-58,-31,48,-60,0,-54,43,9,11,-7,-19,13,0,-52,0,96,100,4,100,0,3,2,-1,0,87,9,0,-8,0,0,-100,0,0,15,0,2,0,62,18,4,-9,1,62,-3,2,-47,-18,0,-17,5,11,-39,-7,-4,-54,-48,0,-71,0,-44,27,10,-24,0,-40,26,1,15,-4,0,19,29,0,18,0,0,20,-20,0,2,-63,-28,-100,100,-16,0,100,0,25,-61,24,-2,-2,-31,-8,-11,0,-72,-15,21,0,3,-3,-16,-15,2,19,12,0,100,0,0,-73,1,11,-37,-11,-19,13,-27,0,-34,1,-14,-14,-1,-56,-38,-29,4,-100,-13,2,21,-5,6,60,-7,7,-2,89,-10,-99,-11,1,2,-9,38,51,38,0,-28,0,0,-1,-29,79,-7,-1,0,-55,73,-27,-2,0,31,35,37,-38,12,-28,-39,-100,100,-33,-52,23,-1,-28,-17,100,-72,-1,-12,0,0,-20,0,-40,100,0,1,-6,-100,0,0,-1,-19,-2,12,-48,17,0,0,73,5,-14,29,-27,3,0,-42,100,1,0,28,1,90,-62,40,271193,0,100
25,22,1,-19,-1,79,0,-43,0,-54,-3,4,24,-74,-2,-46,69,-32,7,16,-11,-60,0,-64,0,74,-45,-58,36,0,1,-3,3,0,-1,-1,2,-43,0,0,-41,0,1,9,0,1,0,19,6,17,35,0,-36,-1,1,31,-3,0,-4,30,9,2,-47,18,-20,9,0,20,0,7,15,9,-9,0,18,-15,1,86,0,0,1,-9,0,22,0,0,0,15,0,-52,29,-60,3,-88,-39,2,-1,0,-29,-15,11,0,-63,-58,-11,13,6,-41,-4,-17,1,-29,-1,32,0,4,-24,-6,0,-40,1,0,-58,1,-58,-58,-54,-18,-22,-23,0,-57,0,19,33,-1,-35,-67,-14,-7,-62,29,4,-19,1,-26,26,-3,3,3,10,-4,-60,-29,1,27,40,29,19,17,2,-28,0,-1,1,3,-46,-62,3,0,-80,-44,-32,16,2,5,49,21,0,-10,-2,-68,-74,-8,-22,-36,6,-73,15,0,20,-14,-1,11,1,-3,-58,0,-18,-58,0,0,-1,2,0,0,7,-4,-67,-28,86,-54,6,-2,-85,-43,29,8,-38,-11,0,5,2,0,5,4,0,-3,27,34,271283,100,100
23,37,-10,-20,9,1,0,-1,67,7,-75,-13,57,-51,-1,-55,-7,58,33,-17,-21,11,0,-75,0,22,64,46,16,0,0,-6,-1,0,27,0,-1,7,0,0,-46,-2,0,11,0,-4,0,-17,14,-16,-68,1,14,-4,1,-65,-25,0,5,25,18,-15,10,-18,-75,-24,0,-63,4,-30,38,-7,1,0,-74,43,-2,9,-3,0,-75,45,0,9,0,0,-28,-22,-5,-18,-70,-34,-100,65,14,2,15,0,11,-41,25,-2,-29,-20,19,46,0,-42,2,-66,-3,-18,-4,-45,0,4,-9,2,0,12,0,-3,-75,3,49,0,-55,21,-48,13,0,0,4,44,40,-7,-5,-4,-3,6,-57,-2,7,-11,-19,-100,-14,-1,-1,-1,47,-7,-54,-22,1,40,40,35,40,39,2,21,0,-2,0,27,-68,-37,0,0,-76,-69,-31,-9,-1,-25,12,40,-100,19,24,2,-43,-18,-4,-58,-29,28,-45,58,52,-18,0,47,0,-3,-35,0,-22,66,0,0,-20,3,0,0,2,5,31,61,-46,11,-13,-13,17,-5,-49,39,-31,-4,0,-12,17,-3,2,21,-1,27,-71,34,271444,100,100
61,-1,44,-50,23,2,0,-36,-13,44,-50,-7,67,6,2,13,-2,17,12,63,46,-13,0,-66,0,-26,-12,-30,49,0,1,4,5,0,18,-19,2,-92,0,0,-79,0,2,21,0,1,0,-42,27,30,-40,2,-4,0,0,12,51,0,-13,27,14,-2,52,0,-50,-1,0,-9,0,-24,18,43,31,0,13,4,3,1,1,0,-32,-2,0,-2,0,0,-7,66,0,-61,-19,-38,-18,-37,1,1,-43,0,-23,-36,58,2,-52,-30,-10,18,-1,23,-25,-20,3,-11,0,36,0,2,-26,-19,0,70,4,0,-64,2,-29,37,-10,20,20,22,0,23,-1,15,-15,1,-40,0,8,-6,-28,-18,1,-32,-8,28,-33,27,1,2,-33,2,-24,-17,-1,0,-20,27,62,-62,4,11,0,2,1,-61,40,-34,0,0,-60,37,-36,-2,1,-2,62,-55,-45,-10,4,2,10,18,0,9,-19,-58,-31,-19,-51,-39,0,10,2,0,-36,0,64,-18,0,1,-10,18,0,0,4,-9,-57,17,-8,-13,-5,7,-36,-25,33,-4,-35,-17,0,96,-47,6,-1,-6,1,12,-15,23,271558,0,100
-26,25,-14,-83,-6,-26,0,27,-36,-38,-69,21,65,-79,0,-58,26,-9,20,7,6,8,0,-13,0,42,-26,-40,-41,0,2,1,4,0,25,0,0,-61,0,0,-44,4,1,30,0,1,0,-8,33,15,6,0,-11,-2,3,-35,13,0,-15,31,1,35,-30,-17,-71,-21,0,-66,-1,-17,45,-14,-11,0,-22,8,0,-21,1,0,-43,4,0,58,0,0,37,0,1,-30,-15,-36,-76,-51,-67,-2,-3,0,-33,-49,43,3,-29,-51,-39,40,10,-80,-42,-61,2,-21,-1,51,0,1,-7,-5,0,5,1,0,-10,0,-42,-29,16,2,-8,24,0,-33,3,57,-44,3,-24,-29,-4,-7,10,-7,0,-9,-20,16,-22,-2,1,0,-64,-23,22,41,-1,28,-45,21,54,-8,2,-50,0,1,0,-52,-11,-19,-1,0,1,1,-17,-2,0,-12,55,-9,-70,-2,-6,-20,-41,-10,-12,-43,39,-7,-84,-35,-81,-81,0,55,2,0,-23,0,-45,-30,0,3,-14,12,0,0,0,-22,-6,-8,-10,10,-1,6,-7,45,52,-24,-7,22,0,-40,7,2,3,8,0,28,-15,22,271579,0,100
-14,-2,27,-27,4,23,-27,10,63,-3,-24,38,52,12,-1,-46,-33,17,7,-70,-46,-17,28,-84,-28,62,97,-1,-25,-19,2,-1,0,-26,32,-24,2,-29,-27,-25,-25,0,-2,-42,27,1,-28,-4,-38,-10,-45,-1,-12,-1,4,-13,-47,28,3,17,12,31,-3,9,-31,7,-28,-27,0,15,-20,24,2,28,-17,10,0,27,-2,27,-70,8,-28,28,-27,-26,5,-73,0,-25,-19,-14,-42,43,-32,-2,-47,-27,-12,-50,33,2,-30,-18,-20,57,3,-1,5,-65,-1,-6,0,70,0,0,-5,-23,28,-62,1,1,-71,-1,1,64,-7,-8,-13,-5,-29,62,0,24,33,-1,-32,45,-25,5,-8,-100,0,-6,-21,-38,-2,87,2,-2,36,-9,-5,-35,0,-3,36,31,80,27,1,-21,-26,-1,0,-58,-26,-49,2,46,-87,-28,-27,11,0,38,85,30,-3,18,-13,46,-100,100,-25,-41,3,-20,-5,66,36,-30,-3,58,0,-3,-33,27,-25,100,0,2,-23,-4,-28,-1,4,4,-20,17,56,-14,1,0,-38,15,70,11,-30,9,26,-10,-47,0,2,9,0,31,-20,32,271742,100,100
-37,-14,16,29,10,16,0,2,42,-12,-26,15,16,-17,-1,-27,17,-51,7,25,54,-4,0,100,0,-10,-41,-27,-33,0,0,0,1,0,12,-8,0,13,0,0,-19,0,0,-47,0,-1,0,-69,-43,10,29,1,100,-3,1,37,50,0,-100,18,4,17,-9,-14,-23,-66,0,21,2,-66,1,17,18,0,18,37,-1,21,0,0,32,35,0,58,0,0,-18,25,0,-16,-43,-44,-71,-100,-24,-1,-9,0,9,49,17,-4,-23,-52,-12,-40,0,-24,-2,33,-1,-11,-1,55,0,2,-6,-9,0,22,0,-1,-72,1,-31,6,32,30,-23,34,0,5,1,18,-15,0,76,4,-41,2,45,25,4,-7,-6,54,-63,-1,1,1,-37,-5,46,32,3,-15,-16,0,4,73,0,-3,0,2,0,1,-21,13,0,0,100,-26,-58,-2,0,-12,34,74,-21,12,9,13,-100,16,-42,-30,-22,28,-66,54,-32,27,1,-42,-1,-1,-1,0,-1,-38,0,-1,-10,2,0,0,0,-100,29,-51,-46,-2,-4,-3,-47,5,58,6,-61,17,0,-15,-13,0,1,6,3,16,-43,-1,271807,0,100
28,28,-4,-54,3,-68,0,95,18,62,-57,2,66,-42,0,23,-19,14,28,65,6,8,0,-34,0,66,-18,34,18,0,0,-2,-4,0,66,19,0,-30,0,0,-40,2,0,43,0,0,0,12,44,35,-30,0,-2,-1,1,-100,10,0,-12,3,28,1,58,3,-68,-49,0,-61,1,-50,44,0,1,0,-100,43,1,-72,0,0,-60,47,0,41,0,0,21,71,1,-25,-49,-67,-18,-28,-62,-2,-38,0,-12,-62,63,2,-34,-65,-55,46,-4,-35,-12,-57,1,0,-1,-17,0,6,37,22,0,42,2,0,-67,0,28,61,15,62,15,58,0,63,0,47,4,4,-11,-28,-2,-9,27,0,0,38,-2,29,12,7,0,0,0,0,21,18,0,24,7,9,70,-8,0,-30,0,3,-1,-10,14,-58,0,0,-37,13,-50,0,0,5,20,-6,16,-6,-25,-33,-19,9,0,26,24,-11,-66,17,2,-39,0,45,0,-2,-38,0,-38,-22,0,2,-7,0,0,2,3,-13,-10,16,60,7,3,5,-28,100,-18,19,-60,4,0,-25,-37,0,2,35,1,68,-46,4,271920,0,100
-13,10,8,-2,10,30,0,-26,-4,-78,-52,39,39,-17,-1,-47,20,26,10,-38,50,34,0,-51,0,-19,-34,-81,-11,0,2,-2,0,0,31,-7,0,-24,0,0,-23,0,0,-8,0,0,0,-25,-5,-17,-30,0,-27,-1,1,42,50,0,-15,23,13,47,-75,-3,-49,-20,0,-31,4,-24,-5,13,8,0,44,13,-2,27,-4,0,-82,14,0,22,0,0,0,-36,0,-80,-27,-61,-42,-29,-20,1,-66,0,6,-62,57,-1,-36,-72,-19,40,3,-14,-41,-78,-2,-8,-2,0,0,8,-15,-3,0,28,1,0,-71,0,-81,-75,-26,3,-11,4,0,-71,1,-6,26,-2,-81,33,-40,0,-14,0,7,-16,-13,-37,-20,-22,2,3,-78,-7,-14,1,1,11,27,45,38,-24,0,-20,0,0,1,-15,27,-30,0,47,-52,28,-27,2,0,-32,29,-24,-7,3,-26,29,-40,-1,-37,-52,1,2,-17,-5,-87,-2,0,36,0,0,-37,0,-31,-34,1,1,-12,3,0,-2,5,-16,4,27,84,32,-5,-3,-76,-22,-2,-2,-29,1,0,-26,-66,-2,0,7,2,29,-27,46,272012,100,100
-10,3,4,-36,3,28,0,10,-28,98,-57,21,46,-30,-3,-18,-25,-14,-14,-10,57,-24,0,-71,0,-100,44,-16,-10,0,0,1,0,0,-19,-5,0,-100,0,0,-26,2,0,-27,0,-1,0,-7,-27,13,-48,2,-31,-3,0,5,12,0,-16,18,3,22,100,1,-16,-22,0,-43,0,-25,-4,6,-72,0,14,2,-1,24,-2,0,-62,8,0,24,0,0,-10,-14,-2,30,-19,-19,-41,52,8,2,-27,0,0,-71,23,0,-70,-12,17,81,4,-28,-10,-54,0,-14,-3,-17,100,4,0,-4,0,5,0,0,-55,-1,-10,32,6,42,2,36,0,27,1,26,26,-2,-58,32,-8,15,-7,-26,4,3,-9,-12,4,-3,0,0,55,1,-8,-31,1,5,27,14,12,21,-1,48,0,0,0,-99,-2,15,0,0,-73,-2,-10,3,1,-18,-100,23,-100,-6,56,24,-100,22,-7,-18,-9,-16,-21,-26,55,-37,-1,77,0,-4,-74,0,-54,45,1,0,-11,14,0,-2,0,-18,-16,-13,-100,-22,-6,-1,32,14,-19,6,-14,100,0,-55,-23,1,4,11,-1,-17,-23,17,272020,100,100
16,3,0,-46,0,9,0,21,20,16,-26,-15,43,-23,-2,-55,-1,33,11,-54,13,8,0,-32,0,-29,-24,-17,17,0,0,-4,0,0,-8,-16,0,-10,0,0,-26,0,0,-25,0,-2,0,-31,-24,-2,28,0,-28,-3,0,-49,15,0,14,35,0,-8,21,-4,-33,-24,0,-54,4,-31,-6,5,-17,0,-63,12,-3,11,-4,0,-65,16,0,30,0,0,-7,-58,-1,-58,-24,-28,-58,-43,-24,2,-52,0,0,-41,51,-2,14,-21,-15,47,-2,-25,-3,-75,-2,-13,-2,41,0,10,-30,-19,0,16,0,-2,-79,1,-19,27,-20,54,-26,54,0,28,1,3,30,-6,-55,25,-11,-5,-44,-34,8,-26,-6,1,-40,-11,2,1,-28,-1,-41,-9,2,8,46,36,62,-25,0,16,0,0,3,0,-32,-44,-4,0,-16,-33,-67,-1,-3,-12,21,-28,49,-5,13,19,-43,5,-15,-54,-3,18,-84,15,-31,-40,-1,52,0,-3,15,0,-66,-24,0,-1,-8,6,0,-2,5,10,16,38,-37,10,-4,-10,-61,22,42,-26,-72,7,0,-56,-58,-5,4,10,-1,-8,-26,38,272021,100,100
-9,-6,-37,29,2,14,0,8,-23,-100,-29,-100,50,-3,0,4,8,-99,25,-33,-61,-32,0,-60,0,9,-44,-7,-11,0,0,-1,-24,0,37,-6,0,1,0,0,-54,2,-1,-22,0,0,0,8,-23,-3,8,2,-29,-1,2,-39,-62,0,-24,27,5,-100,-100,-9,-36,-35,0,-62,1,-49,66,-27,17,0,-38,22,1,15,-3,0,-64,20,0,40,0,0,-81,-40,-2,-65,-21,-3,-100,52,-40,2,-58,0,9,-54,67,-2,-81,-10,-42,52,44,0,15,-64,-2,-5,-3,100,-67,6,100,-5,0,49,1,-1,-49,2,-11,-16,-39,5,-18,5,0,-11,0,6,71,-3,-66,100,-21,-15,32,-1,5,100,-17,-14,14,-15,4,4,69,-5,32,57,2,-1,74,31,34,100,2,-4,0,0,1,18,55,14,-1,0,-54,58,-39,-4,0,-19,19,100,25,-13,-7,100,-90,-65,-23,3,-83,-5,-52,-27,63,29,-3,52,0,0,-76,0,11,-49,0,0,-19,-1,0,-2,3,-24,-4,-98,-90,-30,1,-6,35,5,100,0,-47,16,0,18,-56,-1,1,18,1,37,-19,31,272048,100,100
-12,6,11,-77,9,21,0,-33,-18,-2,-36,8,11,0,0,-26,-13,66,26,-19,59,29,0,-71,0,19,-28,-9,-11,0,1,-5,0,0,16,-3,0,14,0,0,-92,-1,-1,-3,0,0,0,61,-6,4,27,2,-56,-1,0,16,60,0,-19,21,0,11,-3,-100,-21,-42,0,-81,2,-38,-38,6,18,0,-3,28,0,30,-3,0,-89,25,0,21,0,0,-18,-15,-1,-83,-52,-3,-37,14,-25,1,-11,0,10,-100,28,1,33,-23,-27,63,3,-6,-9,-86,-1,-11,-2,-58,-19,8,-5,-2,0,0,0,-1,-100,0,-15,-27,-35,26,-23,29,0,-18,1,24,1,-4,-92,-6,-41,1,-4,18,5,-7,-7,-8,54,1,3,10,-3,1,-8,28,2,5,3,42,26,100,1,38,0,0,0,1,0,-49,0,0,-69,6,-90,-9,0,-20,100,100,37,1,35,-18,-2,34,-38,-25,-21,-5,-35,-21,-5,-75,-3,59,0,0,21,0,-5,-25,1,0,-7,10,0,0,2,-20,-5,66,-100,27,11,-8,-13,-36,-54,-8,-80,3,0,1,-12,-5,-35,17,1,16,-53,40,272067,100,100
-34,11,21,-84,5,11,0,-2,78,14,-42,28,26,0,-1,-42,-11,-100,27,28,81,4,0,-27,0,0,-26,0,-36,0,4,-4,-2,0,36,2,1,-11,0,0,-76,0,-2,-1,0,0,0,-100,-1,-1,-32,1,-39,-1,0,28,81,0,0,7,14,40,18,-12,-52,-7,0,-69,2,0,48,17,4,0,23,32,0,10,-2,0,-88,31,0,28,0,0,-28,34,0,2,-45,-49,-31,4,12,-1,12,0,6,-57,22,-9,-74,-54,14,47,-2,-1,11,-90,0,-20,-2,66,0,7,-15,3,0,8,2,0,-58,1,-2,-22,52,34,-13,28,0,-24,1,12,19,-2,-76,-25,-14,-5,-6,-15,5,-16,-13,68,-100,-10,3,-3,-49,-7,-7,34,2,8,17,48,34,61,2,40,0,0,1,-13,13,31,-1,0,-19,10,-56,-1,2,18,100,61,-14,-3,43,-15,-27,-100,-15,-44,-32,5,-81,78,-60,-78,-2,44,1,0,-62,0,-25,-27,0,-8,-18,19,0,0,4,0,5,-100,90,1,-10,-5,67,-5,67,9,-58,19,0,-23,10,-2,2,19,1,35,-46,47,272079,100,100
0,10,-16,-44,8,40,0,-51,-5,0,-67,-2,17,-62,0,-26,37,27,0,-46,56,-65,0,-28,0,34,-93,-22,8,0,0,-4,-1,0,22,-23,0,-25,0,0,-33,0,0,36,0,0,0,-4,38,5,33,0,-22,0,1,23,56,0,4,36,14,7,0,-11,-64,-13,0,13,4,-8,21,-20,10,0,39,-4,-4,33,-5,0,-42,-7,0,37,0,0,-33,-41,-3,-19,-25,-26,-26,-26,-25,2,-2,0,15,-56,39,0,-9,-35,-20,29,1,-74,-29,-39,-4,-2,-1,-28,0,11,-19,-24,0,9,1,-5,-46,0,-16,4,-34,-6,-13,1,0,7,5,31,40,-4,-10,66,-27,-2,-22,-13,7,-18,4,-54,-10,-22,0,6,64,-3,-24,74,1,8,41,52,60,-42,2,4,0,-1,1,-35,-43,-13,0,0,-36,-41,-9,-3,-1,-35,24,-45,-2,-3,6,68,-23,12,-24,-35,-34,36,-54,1,54,-46,0,27,0,-2,-2,0,-23,-90,1,0,3,16,0,-1,7,1,37,25,-17,-70,-5,-10,-91,-48,-27,-21,-11,2,0,-27,0,-4,1,-2,0,21,-28,56,272100,100,100
40,7,4,-32,2,21,0,-4,-13,34,-26,65,32,-10,-1,20,-52,-80,0,-21,45,-20,0,-66,0,43,0,-38,35,0,0,0,-2,0,52,-17,-2,-100,0,0,-85,0,0,-11,0,-1,0,-20,-12,-34,-47,1,-34,-2,0,2,43,0,-24,3,3,67,34,2,-23,-18,0,-57,2,-16,-8,4,-9,0,-5,24,-3,23,-2,0,-29,27,0,-100,0,0,12,-24,-1,-75,-45,35,-41,50,6,3,18,0,-4,-41,38,-1,-7,35,12,52,2,-4,11,-26,-2,-11,-4,54,0,4,4,-15,0,-3,0,0,-75,2,-33,50,-63,58,-100,54,0,51,0,-100,-26,-3,-66,-15,-26,-2,97,-7,5,1,-27,-51,-13,-100,-1,2,62,-1,100,-97,3,11,-25,11,2,25,0,-100,0,0,1,-91,-71,-25,-1,0,-76,-70,-29,3,0,23,100,27,-50,1,-100,-7,-100,-100,-25,17,10,-9,-36,-12,58,-29,-3,51,-1,-1,-9,0,-20,-3,0,1,-28,-7,0,1,4,-25,-8,-80,100,-19,-9,-2,77,-4,55,12,-28,0,0,-13,18,0,3,12,0,55,-47,10,272114,100,100
-83,27,91,-19,3,13,-34,100,6,-5,-32,-63,72,-60,0,-8,65,20,10,-25,-39,10,33,-74,-34,-24,-11,-9,-72,-32,0,-3,0,-33,-12,-32,0,-44,-34,-33,1,0,-1,-18,33,-3,-34,81,-20,3,-30,0,74,-3,2,-40,-38,33,-5,28,17,-63,-5,13,-30,34,-35,-49,0,34,13,97,-15,32,-22,22,-1,12,-2,33,-91,22,-36,29,-33,-32,100,-30,-3,57,-50,-85,-8,87,44,2,-33,-33,21,-99,58,1,0,-89,45,100,0,-46,-97,-93,-2,-7,0,66,57,0,40,-33,33,-18,0,-1,-73,6,-8,-7,5,8,-67,12,-33,0,-1,23,100,-6,-26,19,1,-4,-48,-27,0,40,-19,-45,88,-6,0,2,-27,-5,-46,26,-2,29,100,46,36,100,6,4,-33,-1,0,-26,-34,50,-2,64,-77,-32,-45,4,0,100,18,100,3,-2,1,22,-100,-100,-8,-11,100,7,-45,0,-26,-26,-2,100,0,-5,-6,31,-51,-19,1,0,-19,27,-34,-1,8,-4,6,19,-100,16,1,0,58,100,65,-6,-48,10,33,-48,-31,-3,6,9,-3,-12,-49,46,272138,100,100
-23,-2,-10,-43,7,21,0,-26,0,24,-9,4,50,-29,-1,-91,30,20,19,34,17,36,0,-23,0,9,-14,-30,-19,0,1,-5,-2,0,44,0,0,-37,0,0,-30,-2,0,-33,0,0,0,-15,-31,7,-2,2,-34,0,0,62,19,0,-7,25,5,11,33,-2,-23,14,0,-52,3,15,17,-8,-1,0,47,7,-1,30,-2,0,-89,11,0,11,0,0,-10,30,-1,-46,-28,4,-43,-42,-38,2,20,0,-6,-35,43,-2,7,-3,-44,27,-6,-26,0,-86,-1,-6,-3,21,0,10,-21,0,0,5,0,-1,-58,0,-36,-36,6,17,-14,16,0,-33,0,31,0,-3,-75,7,-29,0,2,-21,6,-20,0,25,-16,-2,3,-4,-60,-10,7,5,0,5,15,29,58,-32,3,-34,0,0,0,-24,-36,-24,0,0,-25,-37,-52,1,0,-14,2,-34,4,7,-43,10,-21,6,-24,-82,-5,22,-61,1,-54,-43,-3,32,0,-2,15,0,7,-15,0,0,1,2,0,0,5,-7,21,23,79,34,-4,-9,-41,-30,19,-2,-54,0,0,7,18,-4,1,15,0,42,-29,34,272200,100,100
0,-3,-2,-24,-3,8,0,-41,-100,-100,-74,14,42,10,-1,4,-16,20,36,-29,-52,36,0,-33,0,11,3,-18,3,0,-1,-4,1,0,-2,-14,0,2,0,0,-18,0,-2,-27,0,0,0,-4,-28,7,4,1,-26,-2,2,-24,-51,0,-21,28,2,13,-93,-26,-67,-29,0,-81,3,-37,51,5,-1,0,-12,18,-2,8,-5,0,-79,18,0,30,0,0,-18,-34,-1,-50,-35,0,-70,29,-7,-1,-10,0,5,-65,22,-2,2,0,-3,45,2,22,-47,-83,-5,0,-4,72,71,5,-30,-13,0,-40,-1,-2,-50,0,-15,18,-63,100,-8,100,0,23,1,15,-15,-4,-49,7,-35,-2,-33,100,6,-30,-1,-22,-1,49,1,1,-14,0,-31,-11,3,1,-12,46,26,-42,0,8,0,0,1,24,-40,-4,-2,0,-26,-43,-39,-10,0,94,100,-42,-18,-2,8,-1,-100,-100,-39,-1,-18,-9,-51,-100,-16,-19,-4,49,0,-1,0,0,-7,-2,1,0,-1,33,0,0,3,-20,-7,24,-7,38,-4,-10,98,-39,69,-13,-40,10,0,-9,-11,-5,1,12,1,0,-31,44,272203,100,100
-15,-32,-3,20,0,20,0,17,-34,6,18,43,41,-24,-1,-69,9,0,46,5,5,-26,0,-61,0,8,-33,-22,-19,0,2,-2,0,0,46,-21,0,20,0,0,-48,0,1,8,0,0,0,10,12,-11,-18,1,-34,-1,2,-92,7,0,-3,37,5,51,12,0,7,-1,0,21,4,1,36,-4,-9,0,-100,-6,-1,22,-1,0,-13,-8,0,18,0,0,-5,7,-1,-54,-6,11,-28,-48,-25,0,6,0,-7,-52,29,-2,-86,11,-28,30,-1,-35,0,-18,-1,-13,-1,-15,11,10,-32,-21,0,5,0,0,-52,0,-26,-15,-22,-19,-9,-23,0,-23,0,17,-11,-2,-38,7,-27,-9,-25,-31,5,-30,15,-57,8,-23,-2,-1,-30,1,-32,66,3,-31,-1,10,54,-10,2,-11,0,0,0,12,-35,-33,0,0,-52,-39,-38,3,1,-17,30,-10,-25,-12,-10,11,-45,33,-29,-68,-6,0,-17,-32,-37,19,1,32,-1,-2,-87,0,28,-29,1,-2,13,-28,0,-1,5,-1,-2,-1,35,-32,-1,-4,-99,2,-13,-14,-41,-13,0,34,5,-3,3,-5,1,46,-4,12,272217,100,100
-32,10,32,-61,19,8,0,3,40,36,-34,16,78,-48,-1,-7,52,24,8,63,57,21,0,6,0,0,-5,-4,-36,0,2,0,2,0,91,-3,2,-70,0,0,-24,2,1,-16,0,2,0,-9,-15,10,-35,1,-16,-2,2,66,61,0,-26,37,10,23,43,38,-27,35,0,-38,1,29,34,39,-5,0,64,8,1,7,0,0,-24,11,0,-23,0,0,41,70,0,-41,-43,-17,-8,52,-52,0,-51,0,16,-49,72,2,-56,-23,-45,63,2,-39,20,-12,1,-6,0,-4,0,3,-33,1,0,6,0,1,-74,2,-13,0,15,-9,31,-1,0,-2,0,88,-12,2,-58,25,-9,25,-8,17,1,-37,3,-49,7,11,-1,-2,-75,-6,-10,17,-1,15,-9,52,74,11,2,-27,0,2,3,-58,49,-72,-2,0,-4,48,-63,9,1,-17,71,15,18,43,-18,28,-50,50,-9,-13,39,-67,-58,44,-82,-64,0,56,0,-6,-44,0,-16,-9,1,4,0,24,0,1,5,-22,-65,24,32,20,-9,4,6,7,-10,-34,-63,-3,0,-16,-49,2,5,-22,0,91,-40,56,272307,0,100
25,-18,9,-7,5,17,0,-52,17,100,-24,-72,32,4,-1,-17,2,-100,17,-27,-83,-34,0,-18,0,7,-32,3,14,0,1,-4,-1,0,77,-15,-2,-26,0,0,-100,0,-5,29,0,0,0,-39,32,-7,-1,1,-14,-2,0,47,-81,0,-18,23,8,-69,100,-15,-26,41,0,1,7,39,8,13,-6,0,47,18,-3,19,-3,0,-61,19,0,19,0,0,49,-35,0,-14,-25,-57,-51,95,13,4,-13,0,-8,-50,29,-3,35,-55,16,100,2,13,5,-61,-4,-10,-4,-10,12,10,50,-12,0,4,0,-1,-52,0,1,91,24,100,-27,100,0,90,0,-21,54,-5,-60,100,-20,-2,94,-22,7,49,-2,-58,-33,-13,-1,-3,-64,-1,94,-100,5,-14,58,18,56,100,0,-3,0,-1,3,-12,-14,-19,0,-79,2,-18,-11,-6,-1,100,35,100,100,-2,0,100,-100,-100,-19,-13,46,27,-33,14,-70,-4,-2,100,0,-1,30,0,100,-36,2,0,-5,-100,0,0,4,-20,26,-100,-100,-34,-1,-7,-21,-58,-13,29,-14,2,0,100,-13,-4,1,15,0,79,-23,16,272337,100,100
-28,2,-5,-70,4,-12,0,-12,-5,52,-83,12,52,-16,-2,0,-6,39,30,-22,14,5,0,-73,0,-13,-14,-16,-30,0,-1,-1,-3,0,5,-19,1,-43,0,0,-22,0,2,8,0,0,0,-8,5,10,25,-2,-17,0,0,2,15,0,-22,40,21,11,54,-15,-100,-15,0,-51,0,-20,58,-4,8,0,15,32,0,-16,0,0,-21,27,0,33,0,0,10,-26,-1,-26,-27,-24,-36,-16,-83,0,-55,0,0,-45,48,1,-69,-29,-75,43,0,-5,-40,-29,-1,-1,-1,47,0,1,-15,-24,0,-13,-1,-2,-84,2,-20,-22,24,24,6,21,0,-16,0,18,-20,0,-49,-15,5,-20,-15,-2,0,-16,-1,-5,-18,2,9,-1,-36,-15,-20,-4,1,5,-24,48,40,-27,0,-39,0,0,0,-10,-6,-79,-3,0,-52,-1,-27,-10,-1,-18,42,-26,-2,-30,-31,-9,-47,-52,9,-2,6,-12,-44,-5,-30,-80,1,41,-2,-1,-84,0,-40,-21,2,0,2,15,0,0,2,-23,-15,39,73,1,0,1,-48,-5,51,-31,-36,0,0,-52,-46,0,1,14,0,8,-25,43,272453,0,100
9,0,-12,-30,8,-16,0,21,-3,52,-66,18,41,-8,0,-10,15,44,14,1,61,-3,0,-24,0,-22,-42,12,8,0,0,0,1,0,35,-4,-1,-17,0,0,-51,0,0,-4,0,0,0,-6,0,32,25,0,-7,0,1,43,65,0,-1,34,22,21,54,-8,-67,-2,0,-27,2,-8,31,-7,-1,0,32,38,1,-12,0,0,-44,42,0,34,0,0,4,4,0,-19,-36,-38,-51,-74,-20,1,-22,0,-21,-27,38,0,-41,-40,-19,52,4,0,-24,-40,0,-20,0,10,0,8,-13,-1,0,55,1,0,-57,0,11,-17,8,11,21,19,0,-17,1,22,-10,-1,-52,-30,9,-2,8,-44,4,-10,-4,17,-4,13,1,0,-17,-7,8,41,0,1,-3,19,50,-25,1,-10,0,-1,1,-9,20,33,0,0,-20,18,-1,-4,2,-4,26,-25,8,0,-4,-37,-15,13,7,-9,7,7,-92,-2,-26,-29,0,51,0,-1,-52,0,10,-44,0,0,-3,6,0,2,5,-3,7,43,39,-4,0,0,-30,29,13,-3,-2,2,0,21,-24,1,4,31,0,35,-37,24,272486,0,100
-40,28,42,-84,7,-47,0,18,-4,32,-52,-9,34,-58,-1,11,6,58,34,16,-15,-27,0,-46,0,2,19,28,-51,0,1,1,-2,0,32,-17,2,-43,0,0,-21,1,1,51,0,1,0,-1,50,22,6,0,30,-3,1,-22,-19,0,0,41,18,6,44,-19,-80,-54,0,-17,0,-67,58,46,0,0,-63,13,3,-39,0,0,-40,18,0,29,0,0,22,14,0,-32,-63,-19,2,3,-35,0,-50,0,9,-78,57,1,-77,-17,-2,6,0,-31,1,-38,0,-15,0,-33,0,3,-20,-21,0,42,1,0,-61,-1,14,-17,32,48,16,33,0,-25,0,-5,-14,0,-39,-22,-16,-28,-16,7,2,-24,-32,41,8,14,7,3,-32,-16,-19,-41,0,34,-4,42,14,-100,0,-21,0,2,-2,11,50,-1,-2,0,-52,43,-32,-10,0,-28,32,-97,7,-38,0,5,-48,1,-33,13,22,-45,-9,10,-27,-83,0,3,0,-2,-57,0,-63,5,1,1,-39,8,0,-1,2,3,-45,65,17,-28,-4,4,-30,10,-39,-4,-36,39,0,-68,-60,2,4,20,1,31,-62,41,272487,0,100
-30,-26,17,-33,6,26,0,-8,22,9,-17,5,55,-43,0,-10,52,-8,25,28,25,26,0,-55,0,47,-44,-39,-41,0,1,1,1,0,43,-17,1,-35,0,0,-24,3,2,35,0,2,0,11,37,7,-9,0,-12,0,2,-20,28,0,-29,43,11,4,11,5,-4,5,0,-15,1,15,18,13,8,0,-14,9,0,23,-1,0,0,6,0,10,0,0,19,24,0,-34,-11,-14,-42,-7,-31,1,-13,0,-4,-54,58,0,-17,-22,-15,9,4,-48,55,-1,0,-8,0,-23,0,4,-20,-21,0,27,0,0,-72,0,-39,-3,11,30,2,26,0,-4,0,4,-69,2,-66,51,-16,2,-16,9,1,-21,-21,-33,18,-3,1,2,-13,2,-18,-7,0,-27,-65,42,63,-10,2,15,0,0,1,-54,27,-13,0,0,-52,31,-48,3,0,-23,48,-7,11,8,25,54,-44,4,-22,-11,16,-27,-28,13,-11,-35,0,8,1,0,-17,0,45,-42,1,2,-20,4,0,0,7,-28,-29,-9,-100,27,-1,4,-76,-1,-22,-29,-39,3,0,50,-10,2,0,13,0,42,-11,44,272718,0,100
7,-22,22,-22,0,-3,0,47,32,46,-66,14,58,-77,-1,-29,38,18,7,5,51,25,0,11,0,-71,-33,-49,0,0,2,0,0,0,12,-6,0,-100,0,0,-44,0,0,-13,0,1,0,-5,-12,44,-40,0,17,0,2,-35,54,0,-51,40,8,20,49,4,-54,-3,0,-39,0,-15,14,23,-11,0,-37,0,-1,1,-2,0,-6,-1,0,21,0,0,-22,3,0,-3,-35,-4,-80,0,-29,-1,-76,0,-31,-46,62,2,-45,9,-14,41,6,-69,68,16,0,-11,-1,54,0,3,-24,-5,0,6,2,2,-67,0,-44,58,-11,49,14,58,0,52,0,13,-2,2,-25,-14,-21,10,-60,-17,1,-23,-15,-43,2,-75,-5,6,17,10,-58,-38,0,-18,7,42,71,20,1,-25,0,1,0,-98,0,-51,1,0,14,7,-17,8,2,1,21,22,-62,22,-13,-14,-14,20,-26,-27,-23,-9,-62,27,17,-25,0,41,0,-3,-50,0,72,-40,-1,3,-11,-16,0,1,2,-51,-10,20,-14,25,-2,4,-46,50,55,38,-12,-8,0,79,-78,1,4,35,0,8,-35,41,273010,100,100
0,11,11,-13,10,8,0,-25,6,42,-66,1,20,-37,0,-23,7,-16,-9,3,-2,-1,0,-32,0,-25,17,-19,-4,0,0,-2,-1,0,11,1,0,9,0,0,-68,0,1,-10,0,0,0,-38,-6,26,2,0,35,-2,2,22,-1,0,-28,18,14,-2,42,-18,-58,-30,0,-11,1,-35,16,14,23,0,36,29,-1,6,0,0,-3,28,0,28,0,0,11,-2,0,-2,-22,11,-60,-79,-36,1,-48,0,-6,-45,22,-1,-36,15,-39,42,1,-40,-14,-17,0,-23,-2,-55,0,4,3,-1,0,26,2,0,-45,2,-12,-35,-35,18,-10,22,0,-37,0,19,11,0,24,35,-4,-3,13,0,3,7,-16,3,-34,100,0,1,-100,-2,19,33,1,11,17,13,18,-21,1,15,0,0,-1,0,3,-45,0,47,-37,-3,-22,-3,0,7,54,-19,-54,0,9,35,-66,-4,-5,-20,7,-15,-31,11,-100,-5,1,40,2,-1,-39,0,-51,16,0,-2,-17,3,0,-1,2,-26,-12,-16,43,1,-6,-5,-57,-20,-54,16,-24,-11,0,-47,-47,-4,1,29,0,15,-22,15,273018,0,100
-34,32,-23,-20,13,2,0,-28,-7,21,0,7,9,20,0,-22,0,1,33,-19,-16,-3,0,16,0,-15,-44,3,-34,0,1,0,0,0,47,4,0,-33,0,0,0,1,3,-23,0,0,0,-17,-19,20,18,2,17,-1,4,65,-15,0,-5,39,24,11,21,-15,11,-24,0,38,4,-20,47,-28,10,0,58,6,0,1,-6,0,-52,3,0,8,0,0,-12,-20,-1,37,4,-57,-23,-68,-12,3,-44,0,-3,-55,7,0,-28,-60,0,4,0,14,-18,-52,-2,-2,-2,-41,0,7,24,7,0,18,2,-2,-25,0,3,-60,15,-13,16,-3,0,-62,1,23,-15,-1,13,18,-29,4,-5,-34,6,26,-13,16,-17,6,2,6,-73,0,-6,34,1,28,-11,10,30,-11,1,19,0,1,0,-41,11,11,-1,0,12,17,-73,-7,0,-2,2,-12,13,8,37,24,-7,19,-34,-13,-12,-4,-34,-14,-76,-25,1,1,0,-2,-15,0,-71,-38,0,0,-12,2,0,-1,6,-5,-3,0,-54,0,-5,-3,-45,-25,-38,-1,-67,1,0,-64,-41,-4,3,0,2,48,1,11,273106,0,100
20,0,10,11,3,28,0,-8,23,17,2,-17,63,-76,0,-52,70,15,11,-46,49,-56,0,-83,0,-51,-15,-9,21,0,3,1,-4,0,78,-43,4,-57,0,0,-11,1,2,-20,0,1,0,-12,-15,10,-38,1,-9,0,3,31,47,0,-17,33,10,-6,21,24,-9,5,0,-13,2,-4,-1,18,9,0,37,33,1,29,0,0,-17,36,0,14,0,0,12,-45,3,-68,-21,-17,39,29,-46,1,-20,0,-25,-18,85,0,-17,-21,-27,19,-3,-85,30,-20,1,-3,0,63,50,7,0,-43,0,61,3,1,-70,0,-8,47,-27,-2,-8,2,0,44,0,16,-35,3,-67,66,17,-2,-36,-21,4,0,-44,-11,5,-4,7,-5,-65,-14,-38,-51,0,1,-37,25,45,-30,3,17,0,1,4,-71,5,-43,1,0,-82,4,-26,13,2,-10,36,-28,12,2,37,69,-23,36,16,-58,18,-14,40,33,-81,0,0,20,0,0,-32,0,57,-17,2,2,-38,-1,0,1,7,-16,-12,16,-52,-58,-3,6,-95,-5,63,12,-35,13,0,73,-26,2,0,-4,0,79,-21,27,273275,100,100
48,-12,-7,-33,3,-14,0,18,0,-37,-31,26,39,-35,0,-67,45,34,-7,6,-26,11,0,-16,0,-18,-44,-37,47,0,2,-3,0,0,11,-5,0,-64,0,0,-48,-1,0,-3,0,0,0,-27,-1,-3,-40,0,0,0,0,-51,-28,0,-6,25,15,29,-36,-9,-33,-10,0,-12,4,-9,-6,-9,3,0,-63,3,-2,-10,-4,0,-25,0,0,37,0,0,-23,5,-3,-71,-21,-41,-52,-44,-14,3,-28,0,-2,-58,48,-3,-60,-37,-10,-5,2,-27,-6,-29,-1,-6,-1,-40,0,11,5,-7,0,9,0,-1,-52,-1,-35,-37,5,10,-1,13,0,-40,0,11,-19,0,-45,0,-4,12,-38,-26,8,6,0,0,-27,76,1,1,-88,-6,-40,5,1,-10,-12,41,24,-13,1,5,0,0,2,-45,29,-34,2,0,-9,27,-71,2,-4,-28,9,-10,-41,23,18,19,-29,-13,-12,-54,-27,50,-13,4,-84,-39,0,-5,0,0,-50,0,51,-47,0,0,0,5,0,-1,5,-6,48,36,-67,9,-8,-4,5,19,-41,-7,-65,1,0,52,-24,-2,1,21,0,14,-23,45,273469,100,100
28,8,-1,5,4,42,0,13,-9,-100,-5,-92,16,-8,-1,-68,-22,55,27,-25,-45,46,0,-58,0,-58,36,-8,30,0,-2,-5,-2,0,11,8,1,-14,0,0,-38,-3,0,3,0,-2,0,-10,4,-9,-100,0,-2,-1,0,65,-47,0,0,-52,2,-90,-100,-9,-9,7,0,-85,2,5,4,-2,0,0,71,8,-2,39,-3,0,-52,6,0,19,0,0,-3,-22,-3,-13,-26,49,-100,100,6,0,58,0,2,-38,3,-1,-99,33,0,42,1,-10,-100,-51,-2,-12,-2,36,100,9,23,9,0,-67,-3,-3,-63,0,-13,100,-63,-17,-60,-20,0,100,0,-4,2,-5,-35,15,-31,-8,3,35,7,21,8,-100,-7,100,0,1,49,-8,1,-30,2,9,-2,43,-18,5,0,34,0,0,2,-17,-2,13,-1,-100,-60,-2,-78,-1,0,6,68,7,16,-13,29,12,-100,-88,-30,-78,-6,-2,-39,-15,42,3,-4,37,-2,-1,-99,0,77,40,1,-1,8,30,0,0,4,0,0,55,-40,45,0,-10,73,13,40,25,-78,-2,0,63,55,-6,0,18,0,13,-23,38,273471,100,100
-4,0,14,39,4,32,0,-80,12,24,-12,-51,50,-25,0,-42,-3,-100,20,30,58,-11,0,-65,0,-37,-30,-10,-4,0,1,-4,0,0,100,-7,0,-26,0,0,-100,-1,20,-2,0,0,0,100,-1,-100,-27,0,-20,0,0,16,58,0,-17,100,0,1,26,-13,-10,-28,0,-40,3,-29,36,14,-10,0,19,7,-2,25,-2,0,51,8,0,21,0,0,-31,31,-4,-55,-42,-39,-79,41,0,0,-11,0,-10,4,42,0,-8,-39,6,51,1,-25,11,55,-2,-11,-1,69,0,10,-56,-7,0,-1,0,-1,-64,0,-7,6,2,98,-18,96,0,7,-2,100,100,-3,-69,43,18,-6,33,-34,6,-58,-4,-11,100,100,-2,-3,-12,-6,33,27,1,2,100,34,52,100,1,28,0,0,0,-19,-5,-4,-1,-2,-68,-7,-41,-5,-1,40,44,100,100,-3,29,-19,-58,68,16,-44,-31,15,-54,3,69,43,18,48,0,-3,2,0,100,-30,1,-2,-7,100,0,0,6,-15,17,-100,-97,-10,100,-11,0,-69,69,70,-41,0,0,100,-12,-2,4,29,0,100,-43,31,273472,100,100
1,13,11,-36,3,0,0,-20,-22,-94,-25,21,51,-37,-1,-9,35,-27,0,1,12,-17,0,-11,0,-17,-19,-14,1,0,1,-5,0,0,82,-6,0,-41,0,0,-100,-2,0,17,0,0,0,38,17,20,-100,-1,-24,-2,0,82,14,0,-100,28,7,16,-94,-6,-7,-19,0,-51,2,-22,13,15,0,0,91,23,-3,0,-1,0,-35,27,0,28,0,0,-35,-8,-3,-17,-38,38,-12,-38,10,3,-52,0,-1,-58,48,-3,-42,30,6,11,0,-36,-5,-48,-2,-9,-2,14,0,8,3,-11,0,18,0,0,-63,1,-13,100,-28,26,-26,28,0,100,0,14,39,-4,-58,17,-7,-5,68,15,6,3,6,-11,41,2,2,8,-11,-6,74,32,1,12,38,36,21,-9,2,49,0,-2,1,-36,-18,-39,-1,0,-10,-16,-72,1,-2,-18,50,-9,16,-8,39,21,-27,45,-4,-10,-34,2,-32,-18,-8,-33,0,13,0,-1,-42,0,-23,-20,1,-1,2,15,0,0,5,-100,1,-24,-82,-16,1,-9,12,-12,19,36,-69,0,0,-20,-49,-3,1,18,-1,86,-36,34,273473,100,100
41,20,-24,2,7,2,0,-7,-52,94,-42,-100,81,-23,-1,-28,33,-100,-7,41,-3,-8,0,-81,0,-40,4,-31,42,0,-1,0,-2,0,39,-33,0,-35,0,0,10,1,1,6,0,0,0,71,6,9,-69,0,-24,2,0,14,0,0,37,15,0,-97,100,-8,-41,51,0,-96,2,43,-2,-18,2,0,25,13,0,1,1,0,-38,14,0,32,0,0,-28,33,0,-56,-44,-67,-44,62,-15,-1,-100,0,-20,-31,69,0,8,-80,-10,30,-3,-27,4,-54,1,-7,0,55,2,6,14,-37,0,10,0,0,-68,3,-35,-8,-75,-17,-15,-8,0,-8,0,6,-9,1,-60,3,-16,0,-56,-23,4,15,5,-3,58,2,1,15,-76,6,-50,-22,-2,21,10,4,80,100,2,0,0,0,1,-39,-33,-30,0,0,-70,-26,-70,-6,0,-4,75,100,-100,4,-4,19,-100,-100,-15,-27,-24,9,-41,-41,-76,-2,0,37,3,0,26,0,-31,0,0,-1,6,-100,0,0,6,35,9,-100,-82,-11,4,0,30,-11,65,-37,-69,14,0,-8,-100,0,0,18,-1,42,-43,6,273475,100,100
-13,31,-100,-78,16,22,0,-61,-20,-96,-37,-56,-11,-45,-1,-64,28,-100,1,9,-8,15,0,0,0,5,-17,-10,-12,0,0,-4,-4,0,33,-1,0,-25,0,0,0,-1,0,-7,0,-1,0,100,-7,6,-29,2,7,0,0,100,-8,0,96,12,-100,-62,-96,-6,-33,-89,0,-74,0,-69,-17,-100,-33,0,100,100,0,26,-1,0,-58,93,0,11,0,0,-100,3,-2,-64,-43,-82,-100,26,-16,0,-90,0,4,100,37,-2,4,-82,-25,-84,-2,-56,-21,-52,-2,-14,-1,19,-64,2,-2,0,0,15,-1,-3,-71,0,-7,-100,-6,41,-28,45,0,-100,0,18,100,-6,-67,72,-10,0,-16,-75,4,-1,-18,-9,100,1,-2,1,-29,-7,-13,-34,0,27,100,56,47,49,1,-34,0,-2,-2,-39,4,-40,0,-9,0,3,-76,0,0,100,80,40,28,7,-38,78,-100,1,-11,-67,-100,15,-100,-21,-21,-84,0,-100,0,-3,3,0,-41,-10,1,-1,-19,32,0,-2,-1,81,15,-100,48,17,-6,-9,-5,-58,20,15,-73,11,0,-37,-90,-4,1,30,-1,35,-45,56,273476,100,100
7,33,11,-56,9,12,0,-32,55,20,-42,18,55,3,0,-25,-3,61,19,25,52,20,0,-71,0,9,-16,7,10,0,0,-5,0,0,18,-18,0,-43,0,0,-28,-1,-1,-19,0,-3,0,-56,-18,20,-11,0,-11,-1,1,13,52,0,36,20,18,24,20,-3,-47,-22,0,-28,3,-22,-3,17,-1,0,3,29,1,13,-2,0,-96,29,0,31,0,0,-13,35,-1,-60,-47,-16,-44,-58,-11,2,-50,0,1,-30,60,0,-45,-20,-4,30,1,12,-14,-89,-5,-7,0,24,0,12,-33,-19,0,-19,0,-1,-75,4,4,-4,26,2,0,7,0,-7,-1,10,4,-6,-65,-16,1,-1,-7,-55,8,-33,-15,-3,-52,4,2,0,-27,-9,-8,-3,0,34,1,29,58,-26,4,3,0,-2,3,-31,-2,-42,-1,0,-79,-3,-17,0,-2,-2,9,-25,-18,4,7,-13,-34,30,-5,-36,-10,37,-50,50,-34,-57,-2,28,-1,-3,-42,0,-13,-20,1,1,-14,8,0,-1,7,35,36,60,23,21,-5,-13,-42,-26,18,18,-18,13,0,-9,-54,-5,3,14,-2,16,-47,23,273481,100,100
93,11,23,-67,2,38,0,10,-26,-7,-26,-80,42,-1,0,-48,-25,23,29,7,-41,-33,0,-57,0,51,73,-19,100,0,0,-5,-1,0,23,11,2,-21,0,0,-100,-3,0,-1,0,-2,0,11,-1,-8,-56,0,10,0,0,0,-43,0,-14,27,0,-76,-3,-15,-40,32,0,-40,3,28,-39,28,0,0,2,33,0,38,-2,0,-43,31,0,29,0,0,-16,17,-4,24,-52,-23,-58,100,44,3,99,0,-10,-14,44,-3,29,-24,35,65,3,-4,-9,-41,-1,-18,-2,54,0,10,-35,14,0,-9,0,-1,-52,0,-19,-16,-16,50,4,42,0,-14,0,-1,21,-4,12,29,6,0,-28,-22,7,-36,-22,100,11,-10,0,-1,58,-5,-30,-2,2,8,19,16,10,84,1,55,0,0,3,-20,-16,58,0,-93,-58,-15,-80,-5,0,78,100,86,2,0,52,38,-60,-27,7,-46,-19,16,-33,-27,56,-68,-1,65,0,-2,30,0,58,76,1,-1,-28,-1,0,0,6,-12,18,24,-91,-31,-5,-11,44,1,52,-8,-83,11,0,69,97,-5,2,32,-2,20,-52,14,273483,100,100
55,13,9,100,3,0,0,100,76,-57,-100,-28,31,16,-1,39,-1,-100,0,1,35,-25,0,-55,0,-52,-24,-14,61,0,1,-5,0,0,100,-87,0,-41,0,0,-100,-2,0,30,0,0,0,100,31,20,-11,-1,-6,-2,0,100,36,0,-11,28,1,-28,-100,-6,-81,-3,0,-77,2,-9,13,12,0,0,100,23,-3,0,-1,0,-47,27,0,28,0,0,27,-8,-3,9,-38,-14,-100,52,36,3,-5,0,-1,-46,26,-3,69,-61,32,73,0,17,-5,-58,-2,88,-2,14,0,8,71,-92,0,18,0,0,-63,1,-13,100,15,81,-16,81,0,100,0,14,55,-4,-58,100,-26,-5,45,15,6,72,100,25,100,2,2,8,-49,-6,29,-20,1,12,54,36,-66,22,2,47,0,-2,1,-36,6,100,-1,0,-54,7,100,1,-2,-18,9,40,-14,0,36,41,-80,-100,-24,37,27,-48,-13,76,16,100,0,75,0,-1,70,0,-21,-25,1,-1,95,15,0,0,5,-9,-49,-100,-72,-19,1,-9,100,100,19,18,75,0,0,2,-1,-3,1,18,-1,-21,-36,34,273492,100,100
-17,-4,13,-57,6,43,0,-16,27,100,-15,26,40,26,0,19,0,50,25,17,-16,0,0,-89,0,30,99,-25,-6,0,0,2,-1,0,21,-19,2,-5,0,0,-12,2,-2,46,0,1,0,54,46,-8,-42,0,3,-2,0,36,-18,0,5,16,-3,29,100,3,-8,-25,0,-78,0,-11,-35,14,-18,0,33,29,0,41,1,0,-33,31,0,21,0,0,9,23,1,24,-61,-33,-31,100,22,0,2,0,1,-47,37,0,38,-29,19,58,0,31,-19,-20,1,-24,1,-36,-100,4,4,-15,0,-8,-1,0,-68,1,-20,-13,-68,15,100,18,0,-14,1,20,4,2,-7,15,-32,2,27,-8,4,3,-20,45,42,-4,2,-4,10,-10,25,40,-1,-6,3,30,42,-18,2,18,0,1,0,-12,-19,4,-1,58,-80,-14,-7,-5,0,51,23,-22,11,10,17,14,-100,-100,-30,22,13,-13,-47,7,4,-61,0,61,2,0,26,0,-8,100,0,1,-21,-100,0,0,3,2,-16,48,-17,-3,-4,3,99,-18,-35,-7,2,14,0,-12,2,2,2,14,0,22,-64,27,273499,100,100
-27,8,-3,-68,8,27,0,-23,-80,-4,-36,-43,47,-40,0,-5,-22,-40,4,5,-48,-41,0,-35,0,-7,45,-32,-27,0,0,-7,-3,0,-13,-11,0,-5,0,0,-40,-2,-2,-12,0,-5,0,-62,-11,-2,-27,0,10,0,0,3,-49,0,8,28,9,-42,-2,-15,-27,-5,0,-16,5,-14,-18,1,14,0,11,41,-3,23,-3,0,-36,41,0,50,0,0,-21,9,-3,-22,-72,55,-100,100,21,2,10,0,9,-72,28,-2,-41,62,13,6,-1,-28,2,-32,-3,-11,-3,41,100,9,14,-10,0,22,-1,-5,-74,0,-32,-10,-39,100,-33,100,0,-8,0,18,71,-5,-5,-9,5,0,-21,1,6,14,27,-71,-58,-19,2,-1,-30,-2,-20,46,2,9,70,55,42,2,0,-2,0,-3,0,19,-31,-3,1,0,-39,-33,-44,-6,-3,-9,100,0,16,7,-9,-18,-97,45,3,-7,-24,10,-50,-80,-33,-68,-3,6,-3,0,-52,0,22,43,1,-2,27,-4,0,-3,4,10,14,-38,12,-41,-7,-12,-22,-19,40,11,-46,-6,0,33,8,-9,0,0,-1,-14,-71,51,273502,100,100
-8,8,-1,-78,4,-38,0,32,26,27,-70,-78,30,65,0,3,-40,44,22,15,26,13,0,-100,0,52,66,8,-10,0,1,-1,2,0,15,22,0,4,0,0,-63,0,-1,9,0,0,0,-23,10,-9,18,2,7,0,1,-17,26,0,-37,21,10,-76,33,-28,-63,2,0,-37,4,-15,35,7,7,0,-42,17,0,-30,-1,0,-57,19,0,42,0,0,3,7,-2,-10,-39,-36,-18,-62,24,2,94,0,13,-100,23,-2,-92,-32,24,40,4,76,-15,-60,-1,-2,-2,-66,0,5,-9,22,0,0,1,1,-52,0,2,-46,28,9,-9,6,0,-47,0,-6,10,-1,-24,-10,-26,9,19,11,4,-7,10,-11,-16,-6,2,3,21,1,16,-82,2,10,15,11,-33,-2,0,9,0,1,1,40,24,3,1,0,-100,25,-91,-10,-1,-20,27,0,64,16,9,10,-46,-100,-30,7,2,6,22,15,23,-76,0,40,0,0,-70,0,-36,63,0,0,7,1,0,0,2,-34,8,48,7,15,-5,-4,62,24,-70,-48,-82,17,0,-21,100,0,1,20,1,16,-38,12,273883,0,100
-6,4,13,22,2,0,0,26,-2,7,-27,-15,48,-29,1,-13,17,40,22,3,20,0,0,-4,0,-6,-16,21,-7,0,0,0,1,0,86,-20,0,-9,0,0,-11,0,0,-1,0,0,0,-52,5,-6,14,-3,-8,2,0,57,15,0,-13,26,19,-17,3,-6,-17,-32,0,-7,2,-26,55,18,12,0,61,26,-2,0,0,0,12,24,0,30,0,0,-6,0,0,35,-17,16,-43,-17,-2,0,-58,0,-3,-21,41,0,-57,19,24,40,-1,-31,-73,12,5,-4,2,47,0,16,-35,-21,0,64,1,0,-18,2,22,0,26,25,-7,19,0,-6,2,36,-29,0,-17,34,-23,-3,-8,-23,10,-39,-35,74,-51,-19,5,-4,-67,-11,-8,-18,0,9,-23,-8,94,-37,2,29,0,2,0,-8,35,13,-1,0,0,30,-4,-8,3,-12,51,-38,-55,4,50,19,-31,27,-34,-10,-10,15,-38,4,-74,27,-1,43,2,1,-52,0,-55,-16,0,0,-40,-25,0,1,8,-12,7,43,23,5,-4,1,-39,23,44,1,-3,15,0,-44,-62,0,2,6,4,90,-17,-9,273906,0,100
-32,22,15,20,11,0,0,4,19,-18,9,40,20,-17,0,-52,30,54,5,43,41,-49,0,-68,0,-60,-32,-21,-31,0,0,-1,0,0,68,-16,1,-9,0,0,-43,1,0,90,0,0,0,-49,89,-3,11,1,13,0,0,-100,43,0,-21,39,5,46,-20,-9,21,-9,0,-11,3,-10,37,26,0,0,-64,32,3,-3,0,0,-4,34,0,22,0,0,-24,50,2,0,-27,-9,-25,-52,-3,0,-13,0,-2,-61,26,1,-17,-23,2,30,0,-17,9,-2,0,-5,0,-100,0,6,-11,-15,0,24,0,1,-64,1,-18,-46,14,31,-15,32,0,-42,0,14,7,1,34,37,-6,3,-3,-31,3,-11,-15,-27,-42,-21,8,4,-55,-12,-6,35,0,21,6,-14,10,-46,2,-7,0,1,0,-5,-19,-4,-3,0,-60,-17,-27,4,0,-9,38,-46,-49,17,-1,36,-43,25,-9,-64,-20,-10,-35,22,-64,16,-1,35,2,-1,-15,0,20,-37,2,2,-8,-16,0,2,8,-24,-8,54,-58,-50,4,2,-25,3,-100,8,-33,0,0,15,-12,-2,3,12,0,68,-27,-14,273933,0,100
-2,15,63,-55,-5,30,0,-19,18,95,8,13,5,3,-2,-80,-25,-20,-12,-13,-65,-16,0,-68,0,-3,-28,-16,-1,0,0,-5,-2,0,-26,-17,0,-37,0,0,-12,-2,-2,-41,0,-2,0,-21,-37,-31,-63,-1,-11,0,1,37,-62,0,-2,23,11,19,100,-17,-6,22,0,-42,3,72,-22,61,-12,0,29,12,-5,29,-5,0,-18,9,0,27,0,0,10,-8,-4,24,-27,-47,-48,100,19,1,-9,0,-1,-52,8,0,-7,-41,24,68,0,1,11,-41,-2,-26,-3,16,44,7,29,-26,0,-13,2,-2,-61,0,-8,-8,-62,-30,-7,-23,0,-12,0,63,100,-5,32,-12,-8,-12,6,-12,2,30,18,-24,-32,74,0,0,-16,-5,10,-4,0,16,100,48,13,42,0,29,0,0,0,-41,-20,-26,0,0,-55,-25,-100,0,-3,-23,-33,46,-51,-22,40,0,-100,27,-7,-81,7,10,-26,23,-22,-44,-1,70,0,-2,4,0,61,-27,0,-2,13,-24,0,-3,3,-2,9,-23,11,-19,-5,-10,2,-16,12,-33,-98,1,0,56,-11,-5,3,12,-1,-25,-28,49,274139,100,100
-10,-7,-14,-61,7,6,0,-11,38,12,-80,-5,58,10,0,-12,-16,49,21,-3,48,-1,0,-50,0,-5,-33,-9,-4,0,2,1,0,0,32,-1,0,-35,0,0,-10,-1,0,-28,0,0,0,-21,-27,-7,35,3,14,-2,1,46,49,0,-24,27,6,-4,12,-16,-65,-15,0,-57,2,-9,32,-16,14,0,48,43,0,5,0,0,-62,39,0,25,0,0,6,-13,-1,-46,-49,-19,-43,-15,-29,0,-26,0,-7,-54,56,0,-50,-33,-16,19,1,12,-15,-64,0,-9,-3,-41,0,5,-5,0,0,6,3,0,-65,0,-11,-25,-31,41,-3,34,0,-16,3,13,-11,-2,-48,33,-16,4,6,-16,6,-3,-20,-24,-27,-11,2,5,-10,-4,4,-5,3,-9,-8,31,38,-66,1,-9,0,0,0,-36,26,-51,0,0,-39,29,-24,-7,0,-15,30,-68,45,11,-4,39,-37,1,-17,-16,4,-13,-52,29,-10,-65,0,19,2,-1,-46,0,-52,-35,2,1,-21,-9,0,0,0,-27,-14,50,47,4,-3,0,-22,-10,-37,-9,-20,10,0,-50,-26,0,1,33,1,33,-50,34,274208,0,100
-16,10,19,16,6,-12,0,39,7,-8,-33,11,74,-87,0,-27,39,15,12,2,58,7,0,-29,0,-17,-34,2,-17,0,1,-2,-6,0,30,-16,-1,-52,0,0,-51,0,0,68,0,0,0,-23,69,23,8,0,-25,0,2,-45,57,0,-23,23,23,12,-9,5,-40,-19,0,-45,5,-20,0,21,5,0,-58,21,-3,-4,-2,0,-29,23,0,23,0,0,21,-5,-3,-51,-17,-25,-35,-36,-36,2,-37,0,-10,-29,58,0,-23,-18,-25,61,-2,-94,35,-42,-2,-24,-3,9,0,9,-6,-20,0,14,1,0,-64,0,5,-24,-17,9,8,16,0,-23,0,8,-29,-3,-60,27,-23,-12,-45,5,8,-6,-1,-2,-19,7,1,3,-25,-6,-48,69,3,9,-29,30,42,15,2,-31,0,0,0,-67,7,-37,0,0,-24,13,-73,6,-3,-1,24,16,-5,-13,-16,48,-36,-29,-22,-19,18,-3,-27,5,-21,21,0,60,1,-1,-17,0,-7,-32,0,0,-6,-3,0,-1,4,-21,-2,15,-80,8,-10,-2,-94,41,13,-3,-73,-9,0,-6,-37,0,2,18,0,31,-16,27,274246,0,100
20,8,-4,65,8,-14,0,60,-22,66,-18,25,11,-31,-1,15,8,-3,10,40,-23,-12,0,-70,0,-38,-23,-15,20,0,3,0,1,0,40,-2,0,-46,0,0,-17,-2,1,37,0,0,0,-27,39,-1,7,0,-26,0,1,-35,-18,0,-19,24,15,32,71,5,-18,-26,0,-18,5,-23,-4,-2,-4,0,-33,7,0,-13,0,0,62,5,0,19,0,0,-13,43,0,-66,-3,3,-46,-74,-26,2,-61,0,-9,-34,16,-1,-32,0,-18,14,-1,-40,-40,52,0,-29,0,22,0,10,25,-9,0,-9,2,1,-60,3,-11,16,-52,44,-17,46,0,13,2,0,-11,0,-12,22,-19,0,-31,-19,5,26,-14,-83,-24,-6,1,0,-88,-4,-24,33,0,12,-8,-1,34,-1,1,-6,0,1,3,-69,7,-64,1,0,-65,6,23,6,0,-16,74,0,2,5,-1,33,-86,33,-14,12,-14,-8,-52,-4,-100,58,0,17,2,-3,-36,0,95,-23,-1,0,-15,2,0,0,8,-20,-10,-2,-51,-18,-4,-2,-80,58,25,-17,19,-18,0,86,-65,0,7,22,1,38,-1,4,274447,0,100
-57,-4,-13,-31,7,26,0,-2,10,-9,-17,-14,32,0,-1,-30,3,-10,5,10,0,-24,0,85,0,-33,-13,-17,-57,0,0,0,-1,0,-76,-25,-2,-22,0,0,-43,0,2,-25,0,-1,0,-100,-24,-15,12,2,3,0,3,-28,-1,0,8,15,6,-15,-7,-2,-14,-29,0,-58,4,-30,-12,-10,9,0,-28,24,0,30,-2,0,-54,28,0,49,0,0,-100,4,0,-64,-38,-12,-40,69,12,3,-62,0,11,-71,33,-1,-65,-15,19,24,-5,-5,-48,-63,-1,9,-1,52,-100,7,40,-25,0,12,0,-2,-64,2,-18,-100,-45,0,-100,7,0,-100,0,17,100,-1,-49,100,-33,-8,-29,1,5,39,-22,-34,-100,100,5,2,-65,-3,-29,-100,3,-1,100,29,-5,100,0,12,0,1,0,-34,-29,-13,0,-50,83,-29,-22,1,0,-9,0,100,10,-4,16,100,-58,-100,-34,-29,-100,12,-1,10,-65,-25,0,19,0,0,-58,0,58,-12,0,1,-24,-6,0,0,3,8,11,-10,-100,-21,-2,-1,-17,3,55,55,-25,18,0,55,-60,-1,0,19,2,-72,-39,28,274754,100,100
34,6,22,-76,7,41,0,-9,33,9,-21,-37,20,3,-1,-38,-6,2,21,30,-9,11,0,-44,0,35,64,-9,31,0,2,-4,1,0,-31,-11,1,-22,0,0,-42,-2,-1,-10,0,-2,0,28,-9,4,-40,0,0,0,2,55,-4,0,6,18,15,-28,4,-18,-8,-25,0,-28,3,-27,5,22,6,0,52,22,-1,36,-3,0,-28,19,0,15,0,0,0,36,-2,4,-37,6,-72,100,13,0,-24,0,3,-17,16,0,36,2,26,68,8,0,9,-37,-1,-6,-1,1,0,11,-43,-12,0,-1,0,-1,-60,-2,-8,-9,-45,99,-100,97,0,-11,2,5,18,-2,2,27,-5,12,-27,-22,6,-42,-16,-21,28,-7,-1,1,77,-2,-25,35,0,5,23,50,1,-66,0,39,0,0,4,-23,-29,79,0,0,-36,-28,-58,-6,-1,6,-7,-63,-25,18,45,19,-100,-36,-11,-34,-3,35,-37,26,67,-74,-3,65,-1,-2,32,0,31,67,2,0,-17,-96,0,0,6,8,37,0,-97,12,-1,-6,67,-4,1,-2,-51,10,0,37,-26,-3,1,7,1,-33,-38,51,274762,100,100
-26,14,27,-39,2,45,0,-2,-24,26,17,45,37,-13,-1,-43,27,-90,10,7,16,-17,0,-36,0,68,-19,-29,-27,0,0,0,-1,0,17,-4,0,-30,0,0,-100,-1,0,2,0,-1,0,17,2,-5,16,2,-35,-1,1,81,11,0,-22,16,-7,48,27,1,17,7,0,-12,3,9,14,28,-2,0,83,1,0,40,-3,0,4,0,0,25,0,0,-68,2,0,-39,-31,-100,-30,30,48,1,-52,0,21,-32,52,-1,37,-100,45,35,2,-15,-21,2,-1,-9,0,6,50,6,-36,-6,0,-14,0,-1,-80,1,-26,10,-4,29,-32,21,0,7,1,19,21,-2,-51,24,-20,3,16,-2,6,-38,1,-74,14,-8,1,0,-100,-3,20,-100,2,14,23,33,90,87,0,27,0,0,1,-30,-52,-21,0,-1,-31,-60,3,2,0,-15,14,89,-25,9,17,31,-100,-89,-26,-42,-70,-33,-58,-24,-100,-41,0,34,0,-3,37,0,-18,-20,1,0,-2,34,0,-1,4,-20,-32,-90,100,-14,-3,-2,25,-5,8,36,4,5,0,-15,-57,-2,3,12,1,18,-31,33,274780,100,100
-29,32,17,-34,1,43,0,-31,-73,-100,-23,-74,20,-30,0,-24,1,8,7,5,-45,-45,0,-35,0,86,34,10,-31,0,0,-3,-2,0,47,-20,1,-9,0,0,-17,-2,-1,-11,0,-1,0,-44,-12,-26,17,0,-7,-1,0,85,-43,0,-37,24,100,-82,-100,-5,-32,-9,0,-52,2,-5,26,16,6,0,77,9,-2,45,0,0,-29,11,0,17,0,0,-25,0,-3,-29,-18,-18,-65,100,-12,0,77,0,5,-79,28,-2,-43,0,-12,50,-2,-31,-3,-27,0,-8,-2,70,35,6,13,-19,0,0,-1,-2,-58,1,11,5,-30,21,-30,22,0,2,0,26,35,-7,-21,10,-4,-13,-54,1,4,14,-2,-5,-45,-37,-1,-7,39,-9,-52,15,2,32,27,40,3,25,2,43,0,-1,-1,-17,0,92,-1,0,-27,-4,-66,-5,0,-23,63,27,-10,-10,41,12,-100,13,-4,-29,-26,0,-82,-72,38,-28,-2,49,-2,-1,-41,0,70,37,2,-1,-2,-28,0,-2,1,-36,4,8,52,-44,-14,-10,8,-27,70,25,-70,-9,0,67,77,-4,2,17,0,48,-19,38,274810,100,100
37,15,33,-65,2,39,0,-54,-47,-100,-61,-100,37,2,0,-51,-2,-73,3,-15,-36,-31,0,-68,0,-20,-17,-12,38,0,0,-2,1,0,-27,-13,0,-47,0,0,-100,0,0,25,0,0,0,-100,27,-11,-74,4,12,-2,1,100,-41,0,-25,27,0,-97,-100,-18,-48,17,0,0,0,19,18,34,-21,0,100,-23,-3,27,-3,0,-19,-24,0,40,0,0,-4,-13,-1,-7,-34,-80,-51,68,31,1,6,0,5,-47,35,-1,24,-77,31,13,5,1,-1,-9,0,-13,-2,38,0,9,13,-10,0,9,1,-1,-54,0,-2,-47,-80,31,-28,37,0,-49,2,28,60,-2,13,-4,-27,1,-71,-11,3,9,7,-74,-99,-17,-8,5,24,7,-67,-13,0,17,55,67,13,40,1,-20,0,0,0,-47,-28,-23,1,-4,-73,-29,-80,-5,-1,-25,13,41,-20,2,-23,-7,-100,-100,-26,-60,-4,-12,31,-50,8,-68,0,10,-1,-3,23,0,-33,-17,0,-2,7,10,0,-1,4,-23,-12,-73,-18,-33,-4,-6,33,-51,40,-39,-80,-5,0,-24,5,-2,3,-5,1,-26,-36,62,274818,100,100
-18,40,54,-44,10,-8,0,37,0,37,-19,54,69,-1,0,1,5,52,0,57,35,-51,0,-62,0,-45,-12,-13,-13,0,0,0,0,0,72,-1,0,-25,0,0,9,0,1,45,0,0,0,-16,46,10,-14,1,18,-2,0,-15,38,0,-9,24,1,58,31,8,-13,-42,0,-22,1,-47,7,58,1,0,1,11,1,-15,1,0,-82,9,0,24,0,0,-5,58,0,-58,-39,-20,-31,-45,0,0,-34,0,-15,-58,61,3,9,-20,10,66,-3,0,-17,-86,2,1,0,-21,0,3,41,-1,0,58,-1,-1,-61,1,-10,15,0,34,21,36,0,14,0,32,36,2,-64,32,10,3,0,-16,2,44,-14,24,-16,-1,1,10,-48,2,12,-42,-1,38,36,0,27,-47,0,-8,0,4,1,-9,9,-25,0,0,-62,8,-89,5,1,4,31,-45,0,13,-12,35,-50,40,0,-4,-7,-20,-11,4,-63,-50,0,60,0,0,2,0,0,-15,1,0,-9,16,0,-2,6,-10,-15,55,-8,-52,3,4,-18,44,-22,15,-91,8,0,33,-43,1,1,13,2,75,-40,4,275029,0,100
-30,2,14,-26,3,9,0,3,17,18,-25,20,63,-38,0,6,20,10,14,-17,48,-54,0,-60,0,-51,-39,19,-26,0,3,1,-2,0,-7,-11,1,-23,0,0,-39,2,2,23,0,2,0,-19,23,27,4,1,-20,0,3,12,46,0,-1,20,6,17,15,2,-34,-44,0,-72,0,-33,35,22,0,0,23,29,1,15,0,0,-50,33,0,26,0,0,17,-19,1,4,-26,28,-34,-6,-71,0,-10,0,-8,-39,55,2,-10,13,-58,50,-3,-49,-23,-43,2,0,-1,1,0,4,0,-10,0,100,1,0,-43,0,19,-9,-10,-10,-1,-2,0,-3,1,22,-45,1,-3,17,18,-11,35,-2,0,-5,-1,9,-11,-31,5,6,-55,0,29,7,0,3,-42,7,47,11,1,-36,0,2,1,-52,1,-30,0,32,-58,8,-39,1,0,10,31,11,28,-14,-19,12,-37,100,26,-13,22,-15,-44,18,-60,-25,0,52,2,-1,-18,0,-32,-42,1,4,-2,7,0,1,3,-1,-20,8,-74,-52,4,1,-39,0,3,26,-50,13,0,-27,-6,2,1,9,0,-8,-27,3,275246,0,100
-10,15,23,-81,0,-20,0,0,51,-7,-62,19,49,-4,0,-36,-12,28,36,-9,47,26,0,-48,0,-6,-37,-20,-10,0,3,0,-3,0,63,-15,0,-13,0,0,-5,2,1,17,0,1,0,-45,16,15,-70,3,-1,-1,2,31,45,0,-9,20,15,19,-6,-5,-62,-54,0,-62,2,-52,39,24,0,0,29,34,2,-21,0,0,-18,32,0,50,0,0,15,-11,1,-57,-43,-26,-58,-30,-30,2,-39,0,-9,-46,52,0,-55,-21,-26,65,-4,-4,44,-22,1,-18,-3,40,0,5,23,-14,0,90,2,0,-60,1,-20,-14,-27,-19,-14,-24,0,-12,0,48,-21,0,-42,33,-30,-6,-5,-13,5,22,-8,40,-46,5,4,0,-100,-4,-4,-24,1,16,-18,39,48,-20,2,-15,0,1,2,-2,16,-2,-1,0,-35,14,-45,-9,0,-12,44,-18,62,-2,-19,36,-54,0,-30,-41,12,-28,-73,50,-100,-83,0,64,0,-2,-48,0,-67,-39,0,3,-9,22,0,-1,0,-12,-29,29,4,30,-3,2,-24,6,40,-23,-50,26,0,-58,-37,0,2,17,2,64,-41,38,275298,0,100
-66,9,22,-79,1,-37,0,6,41,-54,-32,8,58,-62,-1,32,34,36,35,63,-40,75,0,-66,0,-2,-24,-46,-75,0,1,-1,0,0,51,21,2,14,0,0,-13,0,0,6,0,0,0,-20,4,27,-20,0,4,1,2,-52,-38,0,-42,52,12,11,-54,-2,-30,-46,0,-28,0,-50,37,28,8,0,-58,35,0,-32,-3,0,-47,30,0,17,0,0,6,69,0,-52,-49,-52,-29,-18,-52,0,-66,0,10,-85,76,-1,-67,-56,-57,70,-5,-60,-47,-52,-2,-1,-1,15,0,2,17,17,0,37,1,-2,-70,4,-52,-52,31,3,56,-4,0,-54,0,34,-20,0,-70,33,-27,-7,-21,-34,0,13,-15,29,-16,14,9,-5,-44,-11,-28,-23,0,9,-24,39,75,-33,4,-52,0,-2,2,9,43,-23,1,0,-57,44,-22,-7,-2,-28,48,-30,57,2,-66,24,-47,-2,-24,27,0,-20,-39,38,-52,-81,1,72,0,-2,-79,0,-90,-27,1,0,-18,17,0,1,1,-41,-21,33,26,70,-1,0,-50,-3,12,-10,-25,0,0,-82,-67,1,0,32,-2,50,-46,32,275908,0,100
-27,-3,32,-4,7,37,0,-37,44,-43,6,32,20,-41,1,-83,63,13,3,17,63,-31,0,-88,0,40,-18,-47,-29,0,1,-2,0,0,44,-24,1,-38,0,0,-11,0,0,13,0,0,0,2,16,2,-4,0,5,1,4,-1,64,0,-14,40,22,27,-42,3,5,31,0,5,3,39,-12,28,-5,0,0,-6,1,40,-1,0,-19,-7,0,21,0,0,-21,12,0,-38,3,-38,-12,-85,6,4,8,0,-11,-37,14,0,27,-41,17,23,-3,-48,2,-18,0,0,0,-26,0,9,-36,-26,0,21,0,0,-58,2,-46,-40,43,-5,-33,-5,0,-40,1,47,18,0,32,25,-5,-3,0,-13,5,-30,-4,-30,8,-97,4,1,-2,-6,-3,2,2,0,20,-11,92,-33,3,35,0,-1,5,-52,-32,-82,0,0,-88,-32,29,9,-1,-20,46,-31,-79,4,42,32,-47,9,-7,-87,-17,7,-41,43,-4,-4,-2,16,1,-2,34,0,34,-19,1,1,-5,-5,0,0,11,-16,4,11,71,-27,1,-5,-31,-37,-26,-5,23,9,0,35,7,-1,1,25,0,43,1,-11,275915,100,100
0,18,0,-27,3,43,0,-5,33,3,-6,63,-19,-30,0,-94,13,3,3,-10,36,-42,0,-76,0,21,-40,-33,12,0,1,-2,-2,0,52,-21,2,-29,0,0,-17,0,1,-6,0,1,0,-8,-7,12,-6,0,-10,0,4,36,36,0,-17,24,17,66,5,15,-2,29,0,43,1,24,-2,7,-5,0,29,20,0,48,0,0,16,21,0,17,0,0,2,-16,3,-7,-4,0,-52,-65,-1,1,37,0,-22,-60,-4,0,18,-8,27,45,0,-30,6,3,3,-13,-1,24,0,5,1,-24,0,58,3,0,-65,1,-37,29,-13,0,-42,3,0,33,1,58,26,2,-9,34,8,-3,-29,-19,2,0,-5,8,-1,-11,6,0,26,-15,-24,7,2,22,30,35,9,-4,1,0,0,0,2,-31,-62,-57,1,0,-71,-63,-29,19,1,5,61,-1,-100,2,21,30,-74,43,5,-98,3,-21,14,28,21,-27,0,43,2,-1,-8,0,13,-43,0,3,-4,-2,0,0,5,-12,-24,4,-93,-38,8,2,-83,-6,26,17,-31,-2,0,3,32,0,2,-6,3,52,-2,31,275916,100,100
-62,8,-11,-78,3,36,0,-80,9,-14,-47,-6,40,3,0,12,-16,-2,47,-34,-13,27,0,-4,0,28,-54,-19,-51,0,0,-1,0,0,73,-7,1,46,0,0,-31,-1,0,-17,0,0,0,-1,-18,7,16,1,-40,0,3,70,-9,0,-10,25,4,8,-15,-9,-51,-48,0,-42,0,-38,41,-7,-8,0,74,1,0,33,-1,0,-40,5,0,19,0,0,-18,-23,0,-62,-23,-49,-69,-36,-37,1,21,0,7,-70,28,0,-45,-56,-41,28,0,-15,-42,-37,-3,3,-1,-33,0,2,12,-8,0,12,1,-1,-73,3,-12,-15,-60,-23,6,-15,0,-15,0,20,-27,0,-77,16,-41,-7,-6,-20,1,11,-22,-25,-2,-2,1,0,-24,-7,-12,-35,0,8,-34,40,0,-21,2,-37,0,-1,0,-6,37,-64,0,0,2,40,-60,-3,-1,-16,54,-24,-58,-1,-35,12,-71,21,-42,7,-11,-2,-67,22,-48,-83,-2,35,0,-4,-42,0,-73,-50,0,2,-20,23,0,0,1,-11,-7,-3,58,24,0,-3,-74,-75,-25,-24,-61,-3,0,-80,23,-1,4,3,-1,74,-24,44,275986,0,100
14,4,-17,-58,3,0,0,-8,-15,-11,-1,45,17,-46,-1,-31,4,18,6,-19,-27,-6,0,37,0,18,-28,-25,16,0,0,-2,-4,0,64,-10,0,-10,0,0,-28,-1,0,22,0,-1,0,-15,23,5,1,0,-31,0,1,2,-31,0,14,15,20,44,-6,1,-5,1,0,51,5,-3,40,-16,-14,0,-17,18,1,11,1,0,-20,27,0,24,0,0,-38,-32,1,-42,5,19,5,-65,-19,0,-64,0,-3,16,-6,2,3,23,-13,1,-4,-45,1,10,0,-6,0,-13,0,11,42,-5,0,20,0,1,-11,3,-25,-4,-5,0,-16,-3,0,-4,1,27,-52,-1,-2,0,-31,-4,3,-42,4,36,-3,-12,-11,-10,0,0,9,-13,6,33,0,7,-54,23,24,-19,0,-19,0,1,3,-3,2,0,-1,0,20,3,-20,6,1,0,13,-22,-11,10,-12,15,-38,41,-36,-16,-30,31,-36,-9,15,-47,0,2,0,-2,1,0,36,-30,1,-1,-4,-4,0,1,10,12,29,20,32,-1,1,0,-43,-19,-14,-12,-15,-1,0,25,-66,-2,5,-4,-1,61,1,22,276216,0,100
-28,0,12,100,100,29,0,47,99,90,-23,-30,56,-39,-2,4,-49,-49,12,12,37,-62,0,-91,0,-100,-27,-47,-25,0,3,0,-7,0,-100,-16,-1,3,0,0,-96,0,-1,24,0,0,0,-35,24,-22,-46,2,-12,0,0,-41,34,0,-8,-16,8,-28,76,-6,-32,-47,0,-30,3,-40,11,10,3,0,-41,4,-1,33,-1,0,-26,5,0,30,0,0,-10,15,0,-34,-20,-63,-58,-36,47,4,100,0,-3,-100,58,0,86,-19,56,61,-8,-49,0,-33,0,-3,-2,99,-100,8,100,-16,0,14,2,0,-48,0,-76,65,-1,23,-65,23,0,28,2,-100,48,0,-58,-66,-10,-13,-11,-27,6,100,-9,7,-34,-5,2,-3,-76,-2,-13,-40,1,-1,45,41,12,100,0,27,0,0,1,-23,-54,36,0,100,-88,-52,-100,-4,0,-7,75,100,2,-11,42,-66,3,-100,-12,6,-11,-6,-21,100,-76,100,0,56,2,0,86,0,12,-23,0,1,-11,-100,0,-1,4,-8,-9,-50,12,-60,56,0,51,47,100,56,-99,100,0,-8,100,0,0,18,0,-100,-20,40,276479,100,100
4,-20,7,-43,8,58,0,-31,-19,-17,-34,25,51,-50,-1,-35,46,14,10,-47,47,-15,0,-44,0,-43,-21,-27,8,0,1,2,-3,0,34,-13,0,-25,0,0,-36,1,0,1,0,0,0,-14,7,-6,-18,0,-7,-1,3,3,44,0,0,30,-2,33,-14,16,-52,-26,0,-43,0,-18,11,1,-2,0,4,16,0,62,0,0,-36,14,0,31,0,0,16,-43,1,-17,-33,-11,-43,9,-29,0,-11,0,6,-39,48,2,1,-23,-18,27,-2,-58,-4,-28,0,-22,-1,-78,0,1,-3,-13,0,14,1,0,-52,-1,-28,22,26,5,-33,9,0,18,0,22,-3,2,-19,51,-13,3,9,-2,1,-3,-15,-18,-12,-11,5,1,-17,-9,7,-2,0,-21,-9,23,43,-16,1,-24,0,0,0,-38,-23,-12,1,0,-52,-29,-21,9,1,-19,12,-13,-19,13,-8,46,-10,-9,-9,-34,17,-27,-31,-6,-27,-46,-1,25,2,-1,-18,0,29,-19,0,3,-16,7,0,0,5,1,-29,13,-89,-17,7,4,-35,-25,-78,-2,-30,9,0,41,-21,2,2,22,0,32,-36,23,276502,100,100
4,-13,25,3,0,22,0,4,9,10,-28,-1,64,-19,0,-31,15,8,13,-31,61,10,0,-90,0,-31,-28,-35,8,0,1,0,-3,0,42,-37,1,-33,0,0,-55,1,0,44,0,1,0,-5,46,8,7,-1,7,-1,2,90,69,0,-37,25,11,-1,15,17,-44,81,0,-71,0,78,0,31,3,0,100,17,-1,23,-2,0,-10,19,0,30,0,0,28,-37,-1,-13,-30,-15,-32,-3,-34,0,-55,0,-4,-49,62,2,7,-21,-33,30,0,-12,14,-30,0,0,-1,-37,34,3,-28,-40,0,7,1,0,-77,-1,-36,26,10,31,-35,22,0,29,0,3,-58,0,-47,28,-7,-12,-30,5,1,-24,-19,-14,9,-5,9,0,11,-12,-28,49,0,-8,-54,1,62,-10,2,1,0,0,1,-28,-15,-38,0,0,-81,-12,-20,6,0,1,22,-5,20,-19,-13,32,-19,-14,-16,-39,30,-57,-16,3,15,8,-1,30,0,0,-1,0,60,-35,0,2,-22,2,0,0,7,-37,-52,7,65,16,1,1,-76,-2,-42,0,-32,0,0,70,-56,1,1,20,-1,40,-29,1,276505,100,100
-35,26,16,-21,1,10,0,-9,-5,12,-16,7,52,-61,0,-28,65,-4,10,22,35,-50,0,-93,0,15,-13,-6,-29,0,0,-3,-2,0,-1,-17,1,-85,0,0,-44,-1,-1,55,0,-1,0,2,55,5,-18,1,-16,0,0,31,36,0,10,26,13,8,11,12,-21,-4,0,-52,3,-5,-10,19,-3,0,37,0,0,8,-1,0,-69,0,0,41,0,0,-4,22,-4,-47,-19,-4,-17,-39,-77,4,5,0,1,-46,63,0,-7,-12,-70,29,0,-57,-14,-65,-3,-4,-1,17,0,7,-26,-19,0,-24,0,0,-81,3,-6,-14,26,7,-28,12,0,-17,-1,37,-2,-3,-61,1,-10,-5,-45,-18,4,-25,-7,-34,5,41,4,1,-56,-4,-43,3,-1,26,-6,18,31,-10,4,-68,0,-2,2,-82,-43,-21,0,0,-95,-40,-62,6,-2,-12,31,-8,-100,-5,-61,5,-54,-17,-10,-36,-1,-2,-45,-7,-66,-30,-1,28,0,0,-17,0,9,-18,1,0,-5,13,0,0,8,8,-2,-4,65,-49,0,-9,-69,-1,18,1,-65,14,0,14,4,-2,1,11,-2,-1,-20,18,276507,100,100
55,4,-2,55,10,-83,0,-23,14,100,-80,-100,73,0,-2,9,-88,-28,14,-12,0,9,0,-17,0,38,-26,-7,55,0,1,-2,-1,0,100,-20,0,7,0,0,-100,0,0,4,0,0,0,100,4,-100,-72,1,-10,-1,0,-56,0,0,100,18,8,-100,100,1,-66,-60,0,-35,3,-68,-10,0,10,0,-100,19,0,-81,-1,0,-58,21,0,25,0,0,-31,-20,-1,-66,-50,-100,-100,12,-3,1,-10,0,-100,-40,71,-1,14,-100,6,17,-2,21,-27,-61,0,0,-2,43,-100,8,45,-20,0,100,0,-1,-67,0,-10,-100,-22,27,84,11,0,-100,1,24,66,-2,-71,100,-34,7,77,-29,7,42,3,64,100,100,3,7,100,-4,78,22,3,2,66,47,15,100,0,24,0,0,0,0,100,-54,0,-36,-14,100,-67,-1,0,-3,19,100,-37,14,15,100,-20,-76,-36,5,-32,14,-56,5,-10,81,-3,15,1,0,21,0,-79,-36,1,-2,-1,7,0,0,7,100,16,-28,-100,10,-5,-9,23,-31,43,-95,-69,-19,0,-96,-10,-2,0,29,0,100,-50,47,276711,100,100
13,-17,-3,-62,9,26,0,-1,18,20,-37,10,58,-35,2,-25,24,8,0,18,52,13,0,-75,0,-78,-30,-26,15,0,-3,-1,-1,0,0,-10,1,-37,0,0,-35,1,2,-14,0,1,0,8,-16,31,-32,0,-18,-1,0,14,52,0,-19,8,10,16,18,14,-37,-27,0,-51,2,-26,42,-7,14,0,9,9,2,29,0,0,-35,9,0,21,0,0,-19,21,-3,-49,-47,11,-41,-21,-46,0,6,0,-5,-34,68,2,-35,2,-35,58,-2,-31,15,-30,1,0,0,5,0,3,6,-8,0,36,1,-1,-48,0,-29,13,-22,23,-3,27,0,15,0,9,2,-1,-66,22,1,-9,-57,-10,2,6,-15,22,4,9,7,-1,18,-12,-52,1,0,-18,4,44,74,-22,0,-18,0,1,0,-36,2,-37,-2,0,-74,0,-37,6,0,1,35,-24,32,-4,-12,13,-31,-8,-1,-24,-18,5,-34,20,17,-58,2,61,0,-2,-29,0,40,-31,1,-3,-11,2,0,1,5,-20,2,9,-100,11,-1,1,31,0,11,10,-36,0,0,30,7,-3,0,17,0,1,-45,46,277376,0,100
-25,-1,-23,-15,10,-1,0,5,0,19,-49,11,73,-16,0,-14,-13,20,24,-4,28,5,0,-64,0,-24,-22,-17,-13,0,0,-4,-2,0,58,-1,2,-21,0,0,-8,0,0,52,0,0,0,1,47,26,-38,-2,-11,-3,2,18,29,0,10,26,3,12,20,8,-52,-36,0,-43,1,-42,38,-16,17,0,17,33,1,-3,0,0,-65,32,0,18,0,0,20,-11,-4,-35,-45,-41,-9,-23,-27,1,-41,0,-12,-38,57,1,-24,-43,-30,36,0,-14,-32,-81,0,-24,0,-28,0,6,-10,-3,0,-9,0,-1,-66,2,-20,-8,42,37,7,26,0,1,0,16,-50,-3,-40,14,-28,-14,-51,3,4,-6,-14,26,-8,7,4,2,-25,-3,-45,33,1,-3,-46,16,58,-49,0,-8,0,0,1,-20,23,-3,0,0,-73,25,-12,4,-2,0,37,-49,32,-22,-21,12,-46,30,-26,-19,19,0,-70,-1,-26,-10,0,33,-2,0,-24,0,28,-22,2,-2,-16,9,0,0,9,10,0,21,48,6,-2,-3,-27,1,-21,-20,-11,17,0,20,-41,-5,3,19,-1,64,-43,16,277419,0,100
3,25,71,-32,1,-23,0,-7,2,28,-13,1,58,-29,0,-18,34,34,-12,-3,38,5,0,-70,0,-39,-30,-34,9,0,2,0,-5,0,65,-15,0,-10,0,0,-44,0,2,58,0,1,0,-30,63,24,-17,-1,-11,0,3,46,37,0,1,29,19,12,29,8,-23,-26,0,-10,1,-33,22,69,10,0,46,9,1,-26,-1,0,-39,14,0,31,0,0,17,8,1,-55,-29,-13,-4,-3,-49,2,-60,0,-19,-29,58,2,18,-26,-38,52,-3,-51,-7,-31,-1,11,-2,-24,0,4,4,-14,0,93,2,0,-35,2,-31,4,-16,-6,12,18,0,5,1,14,-40,1,-27,24,-20,-1,5,-9,2,5,-23,21,-10,86,10,-2,-42,-19,2,31,0,23,-45,35,76,12,3,-26,0,0,2,-58,2,-37,1,0,-82,2,-47,8,0,-6,56,14,2,2,1,34,-48,21,-24,-16,19,-50,-47,1,-43,-46,0,39,1,1,8,0,15,-22,1,3,-14,5,0,0,7,3,-48,30,12,3,0,0,-69,16,-20,0,-43,6,0,3,-69,0,0,22,0,65,-28,37,277427,0,100
-24,6,40,-73,15,7,0,0,51,-40,-56,10,27,-7,-2,-19,6,24,27,8,31,1,0,-12,0,49,23,8,-16,0,0,-4,-1,0,12,9,3,-1,0,0,-26,1,0,64,0,2,0,11,66,-1,-14,0,-7,-3,0,-5,31,0,1,17,32,23,-35,-12,-45,-1,0,7,2,-5,-3,33,33,0,-27,27,1,12,0,0,-75,21,0,64,0,0,2,11,-1,-13,-35,-58,-42,-22,-12,4,-65,0,1,-30,55,-1,-43,-58,17,-45,-2,-6,-29,-76,1,-16,-3,64,0,10,-29,9,0,-17,0,0,-88,3,8,-29,4,21,-22,8,0,-27,-4,18,-31,0,32,46,-29,-6,17,-5,5,-22,-44,-14,-4,2,5,12,-80,0,18,-14,1,9,-29,11,18,34,0,-39,0,0,0,5,41,-47,-1,0,-11,41,-33,-6,0,-8,58,30,25,0,-25,42,-45,-96,-40,-14,2,-1,-58,54,-84,-76,0,-38,0,0,-43,0,-29,18,3,-2,-46,26,0,1,7,-3,-2,24,2,1,5,0,-65,-9,69,-12,-32,24,0,-20,-71,-1,2,18,0,16,-39,9,277514,0,100
-23,1,-12,-25,0,-14,0,-5,9,3,-34,20,23,-9,0,9,5,51,19,34,45,-63,0,-23,0,30,-15,-5,-24,0,1,0,0,0,2,6,-1,-16,0,0,-28,2,4,-2,0,1,0,-32,1,-2,1,1,29,-3,2,-100,44,0,-28,15,11,24,5,-7,-25,-30,0,-3,0,-32,49,-13,-14,0,-100,38,0,-13,1,0,-58,38,0,-8,0,0,-7,34,1,9,-57,-38,-11,-60,-45,2,-91,0,11,-52,40,0,-65,-39,-29,32,0,-14,0,-57,0,-15,0,-32,0,1,9,6,0,-25,2,-1,-50,0,-2,13,-3,8,-13,1,0,11,2,6,41,-2,61,-3,-15,-6,20,-7,2,10,2,6,-26,-85,-2,4,23,0,14,46,2,4,46,12,63,-13,-1,-25,0,1,0,-25,32,-46,0,0,-18,26,-22,-1,0,-6,42,-14,17,-4,-16,-5,-44,-14,-19,4,-6,-9,-28,2,20,-23,0,29,1,-4,-69,0,-32,-14,0,0,-1,-9,0,0,0,-28,-9,49,51,-58,4,0,-10,-8,-31,8,-28,-1,0,-33,-91,1,3,16,3,2,-56,15,277537,0,100
18,47,34,-55,2,19,0,-38,39,25,-40,39,69,-33,0,-82,21,52,-18,-14,54,-2,0,-93,0,16,-25,-22,33,0,4,3,0,0,44,-8,0,-70,0,0,-14,3,2,20,0,3,0,-40,24,31,-15,2,-10,0,2,28,57,0,18,19,15,42,28,20,-35,17,0,-17,2,3,0,49,-6,0,31,34,3,20,2,0,-50,32,0,62,0,0,19,-20,2,10,-36,-12,-17,-9,-44,3,-25,0,-10,-37,50,3,2,-16,-30,52,1,-18,-82,-50,3,-12,-2,100,0,5,-35,-12,0,66,2,1,-76,3,-25,23,-27,15,-17,25,0,27,1,44,6,0,4,40,-5,-1,-10,-9,3,-34,-27,-14,-33,76,2,1,-11,-3,9,29,0,50,0,12,54,13,4,-44,0,2,2,-51,-13,-56,-1,0,-88,-23,-2,12,3,14,50,18,5,4,-39,35,-50,13,-8,-84,16,-26,-19,32,-7,-57,1,54,2,-3,-6,0,-7,-27,0,3,-22,22,0,-1,5,23,-22,55,-17,1,0,4,-48,-27,100,39,4,39,0,-9,-35,4,3,8,2,47,-29,13,277699,100,100
-16,18,2,-31,7,-23,0,40,100,51,-40,4,44,-5,4,13,-29,38,11,42,0,0,0,-19,0,-29,-38,15,-8,0,0,-1,0,0,40,0,0,25,0,0,-40,0,-2,-9,0,-1,0,-39,-12,40,37,-3,-31,2,0,-8,2,0,-25,26,4,9,48,-4,-22,-31,0,-19,0,-29,57,8,21,0,-5,28,-5,-20,1,0,32,26,0,46,0,0,-10,42,-2,-14,-34,-62,-78,-55,2,-1,-52,0,-11,-12,69,2,-51,-61,0,-43,1,-14,-67,16,7,-5,1,68,0,9,0,-1,0,33,1,0,-38,4,20,-14,-14,15,54,9,0,-10,2,5,-15,1,-19,-14,-25,-6,0,-23,5,1,-4,58,-39,42,2,6,-88,-1,2,7,1,20,-11,23,34,16,3,6,0,2,-1,-5,58,1,2,0,-25,63,-68,-1,5,1,32,14,-4,-1,2,-16,-28,0,-25,12,-11,20,-67,83,-97,-29,-3,-42,3,0,-57,0,-45,-32,1,0,-3,31,0,2,2,-22,21,40,95,0,-1,0,-58,27,75,-38,-56,-1,0,-64,-50,-2,2,-2,4,43,-30,24,277929,0,100
-3,-2,29,20,0,11,0,-20,-12,30,-3,-10,34,2,0,-86,-1,32,-16,29,36,-1,0,-56,0,-4,-32,-40,0,0,0,-2,5,0,35,-11,1,-11,0,0,11,0,0,48,0,1,0,6,49,2,38,-2,-26,-4,1,5,40,0,-34,20,16,-7,25,-5,2,40,0,-30,6,43,22,31,-3,0,1,26,-1,15,-3,0,-18,30,0,0,0,0,-3,26,0,-33,-22,11,-5,-44,-37,4,-35,0,-7,15,31,2,-8,5,-28,42,5,-6,-8,-29,-1,-1,0,-69,0,7,-41,-17,0,71,0,-1,-37,1,-41,-13,-18,4,-19,-3,0,-10,0,7,-51,0,-49,56,-19,-16,3,8,5,-35,-4,43,7,31,0,13,-23,8,7,-20,2,-1,-47,4,52,-42,0,-32,0,0,3,-24,-8,39,-3,0,-69,0,-17,-5,1,-9,44,-44,-12,-38,-32,50,-34,-30,-17,-84,-2,-36,6,-40,-22,31,-1,46,0,0,-9,0,38,-30,0,-1,-5,9,0,1,11,-35,-37,35,-34,0,2,1,-57,-31,-68,-7,-9,10,0,24,-35,-2,1,16,0,39,-25,3,278168,0,100
36,25,4,11,6,11,0,24,-56,56,-32,20,29,9,0,-16,30,36,-11,0,25,-25,0,-4,0,18,4,-50,37,0,1,-2,1,0,27,-9,3,-70,0,0,-26,0,0,15,0,0,0,-30,16,2,-60,3,12,-3,2,6,22,0,-39,35,0,20,58,-9,-35,31,0,56,2,36,46,3,3,0,3,-1,0,10,0,0,52,0,0,50,0,0,10,-4,0,-48,2,-21,-44,-88,-68,2,-3,0,-32,-33,10,2,-23,-26,-67,23,6,13,-38,52,1,-29,0,76,0,8,-20,-10,0,-11,1,0,-39,1,-58,34,-67,31,-30,25,0,42,1,11,-8,-2,25,-54,-14,-2,-45,-13,6,-22,-56,-65,-35,24,2,-2,-42,-3,-51,-21,2,24,-8,33,64,-27,0,21,0,0,0,-69,-24,-56,0,0,-1,-26,-50,0,0,-7,38,-31,-68,4,23,-42,-14,21,-10,-17,9,6,-2,-52,-40,13,1,19,0,-1,-31,0,51,1,0,2,-61,6,0,-2,7,-41,4,36,20,-24,-1,-1,-55,18,81,-19,-52,-2,0,46,-3,-1,2,13,0,25,3,29,278288,0,100
-15,6,20,-52,7,17,0,-46,6,0,-63,24,45,8,0,-15,-11,9,35,-47,21,6,0,-62,0,-54,-44,-23,-13,0,0,0,-4,0,31,-10,1,15,0,0,-23,1,0,-6,0,1,0,12,-3,6,-28,0,23,0,1,19,24,0,-24,41,1,22,-2,9,-76,-23,0,-60,0,-15,40,15,27,0,16,11,0,18,-3,0,-16,8,0,24,0,0,-2,-45,0,-15,-23,2,17,-13,-38,2,-32,0,-15,-37,36,0,10,-8,-26,42,-3,-3,-15,-42,-2,-3,0,-3,0,4,-13,-22,0,68,1,0,-69,0,-24,17,-2,-14,-4,-3,0,18,0,40,-25,1,-32,62,-23,-8,-4,-11,1,-8,-20,-15,5,20,8,0,-27,-16,-8,-12,1,4,-28,33,31,-20,1,-38,0,0,1,-14,5,-26,1,32,-57,11,-18,2,0,0,44,-24,3,-5,-21,61,-41,23,-27,-14,-1,-33,-55,-4,-24,-57,-1,48,0,-1,-1,0,-42,-40,0,2,-15,-15,0,0,4,-27,-32,5,-100,9,0,0,-34,-30,-4,8,-22,6,0,-42,-35,0,1,21,0,30,-23,34,278455,0,100
-20,22,30,-49,11,5,0,5,-15,26,-73,-3,38,-48,0,-4,21,29,-6,-9,64,17,0,-71,0,20,21,17,-16,0,2,0,0,0,33,-11,0,-57,0,0,6,3,1,58,0,1,0,-26,61,54,-29,2,-19,0,1,-36,70,0,-20,60,-7,-2,26,-14,-74,-16,0,-60,2,-18,20,33,9,0,-28,58,4,5,2,0,-89,63,0,33,0,0,31,-16,0,-87,-38,-14,-58,-3,-68,0,-35,0,-7,-19,60,3,-83,-11,-52,88,0,-47,-52,-95,1,-5,0,23,0,5,-21,-12,0,100,2,3,-66,0,16,-18,-28,-12,0,-17,0,-16,0,9,-1,0,-85,13,-20,-7,-4,-14,3,-19,-3,0,-27,-8,4,2,-47,-2,-8,28,0,23,-4,23,26,-28,1,-58,0,4,1,-40,0,-80,1,0,-70,4,-24,-1,1,-11,24,-29,1,-8,-47,20,-23,-4,-28,-1,34,-20,-36,-10,-46,-44,0,90,0,-2,-73,0,-72,17,0,2,-3,13,0,0,7,-18,-18,31,-57,20,-8,3,-40,2,23,0,-21,24,0,-75,-31,0,2,2,-1,35,-40,22,278545,0,100
0,-13,-7,-26,6,-20,0,51,5,-30,-26,-11,49,-29,0,3,17,-14,7,24,2,-15,0,-2,0,-15,-54,13,-2,0,1,1,0,0,48,-16,1,-1,0,0,-10,0,1,-17,0,2,0,-10,-15,2,-16,-1,-26,0,2,-74,4,0,0,34,22,-12,-28,-7,-26,-41,0,-55,0,-43,21,-3,13,0,-54,5,0,-22,-1,0,-11,8,0,21,0,0,10,26,1,-46,-17,19,21,-14,-28,0,-68,0,-18,-7,27,1,21,14,-30,9,-3,-30,-21,-9,-1,7,-1,-97,0,2,-7,-17,0,-9,1,1,-23,0,14,18,-11,47,2,50,0,17,1,12,-24,3,9,17,-23,0,15,-21,0,-10,-13,-21,2,-18,4,2,-52,4,20,12,2,-14,-16,5,83,-18,1,-22,0,0,2,0,-15,-18,0,0,-8,-12,-27,1,0,0,22,-17,18,4,-30,12,-16,15,-25,-3,13,-10,-77,0,-60,-29,-1,8,1,0,12,0,13,-52,1,3,-11,-19,0,1,3,-1,-11,-16,-60,-15,5,1,-44,49,-100,0,-27,9,0,30,-70,1,1,13,0,45,-17,8,278567,0,100
-13,8,25,-28,18,38,0,-58,-4,34,-63,73,73,-17,1,-60,18,38,54,-12,45,-32,0,-73,0,9,-10,-63,-2,0,3,1,-4,0,73,-30,2,31,0,0,-25,1,0,23,0,0,0,10,26,2,-14,0,-5,0,3,41,44,0,5,41,7,73,38,4,-60,0,0,-11,2,22,63,19,32,0,48,17,1,35,1,0,-1,8,0,11,0,0,8,-14,0,10,-20,79,-16,-51,-5,3,-16,0,-5,-32,71,0,-14,63,14,14,-7,-31,11,0,2,1,1,58,0,10,-3,-37,0,57,2,1,-46,3,-63,-28,-9,32,5,26,0,-27,1,41,-5,3,-18,7,-12,-2,-38,-1,6,-3,-30,-2,-4,-3,9,-3,-15,-17,-41,37,2,10,-1,47,60,-30,3,-11,0,0,2,-7,15,-17,3,0,-61,11,-29,9,0,-14,38,-35,-27,14,-3,11,21,68,-14,-63,7,-19,-91,-12,-19,-27,0,20,3,2,-26,0,50,-9,3,2,-35,14,0,1,10,3,-30,37,28,-33,4,3,-25,-58,61,-35,-31,-11,0,43,-25,2,0,-4,0,73,-20,48,278578,0,100
1,28,24,-21,7,-17,0,-29,-4,25,-52,-22,60,-9,0,32,-14,9,19,-1,12,15,0,-55,0,27,-18,1,0,0,2,1,0,0,52,-10,1,-16,0,0,-6,2,3,12,0,3,0,-17,13,32,-21,1,-10,0,3,16,5,0,-8,29,14,-17,26,21,-63,7,0,-28,1,0,40,32,6,0,13,12,1,-12,1,0,-16,18,0,18,0,0,36,-3,1,-36,-13,-4,-19,-12,-30,3,-41,0,-12,-60,50,2,-20,-14,-17,46,-4,-8,4,6,3,-1,-1,73,0,5,19,-6,0,58,2,0,-64,1,-1,-1,-11,0,11,17,0,-2,1,52,-42,3,-56,21,1,-12,-21,-22,2,15,-28,21,1,9,4,0,-90,-10,-15,-31,1,30,-44,19,80,41,4,-31,0,2,2,-22,-5,-39,1,0,-56,-3,-34,2,0,15,43,42,-2,-9,-16,38,-54,24,-2,28,38,-36,-41,4,-96,-35,1,42,0,-3,-11,0,12,-19,1,4,-24,12,0,1,5,-7,-39,8,-70,15,-3,3,-55,-21,75,23,-34,20,0,3,-41,4,4,9,0,55,-11,21,278601,0,100
-15,17,-22,-58,4,-22,0,-1,4,0,-87,-38,54,-31,-1,35,4,28,30,57,0,20,0,-69,0,-17,-23,8,-15,0,0,-2,-1,0,42,-6,0,18,0,0,-40,0,0,12,0,1,0,-15,13,21,-6,0,-14,0,1,-100,-1,0,17,44,13,-31,-1,0,-81,-49,0,-49,1,-42,39,-19,0,0,-92,30,0,-18,-2,0,-81,31,0,20,0,0,18,58,-1,-45,-44,-27,-40,-27,-72,0,-58,0,8,-61,48,0,-54,-38,-60,47,0,-44,-30,-80,0,0,-2,-28,0,3,6,-12,0,-28,1,-3,-55,2,15,-10,-32,-18,10,-7,0,-13,0,31,-93,-2,-35,9,-16,-2,-61,-12,1,5,-28,2,-16,0,9,6,-34,-8,-52,-32,0,17,-89,55,55,11,4,-51,0,0,1,-13,27,-48,0,0,-78,26,-50,-4,-1,-20,41,10,42,2,-41,25,-50,-51,-25,29,20,-26,-76,9,-40,-71,0,51,0,-1,-60,0,-45,-20,0,3,-24,12,0,0,2,16,-30,27,-54,21,-1,-9,12,0,-25,-14,-45,13,0,-55,-60,0,1,19,-3,45,-41,58,278608,0,100
-2,1,12,-34,8,0,0,-15,-35,-14,-77,5,-20,-44,0,1,11,40,21,-11,19,1,0,-71,0,-7,-8,8,3,0,2,1,23,0,41,-11,0,-41,0,0,30,1,2,32,0,0,0,-13,32,2,18,3,-11,0,0,-20,19,0,-5,29,24,3,-15,-26,-74,-52,0,-83,2,-54,34,15,3,0,-20,18,1,0,1,0,-2,16,0,9,0,0,-28,-16,1,-33,-35,-45,-23,-34,-37,0,-34,0,10,-65,-2,0,-30,-46,-37,46,-1,-50,-22,-2,2,0,-1,46,0,4,-18,-13,0,5,3,1,-32,3,10,-12,2,3,0,5,0,-12,0,17,12,0,-54,47,-20,-42,-14,-18,1,-17,-13,-2,-9,0,5,5,-87,-5,-9,0,0,1,22,22,16,-35,2,-30,0,0,2,-42,-14,-21,0,0,-71,-12,-39,-8,0,-34,40,-35,4,-13,-36,43,-43,36,-28,-4,-28,-28,-77,-31,-85,-33,1,46,1,0,-35,0,-49,-5,0,2,-11,18,0,0,0,-3,-33,40,-24,7,8,0,-28,-12,44,-10,-37,18,0,-35,-33,0,0,15,1,40,-36,23,279119,0,100
-22,6,25,-4,8,14,0,-8,47,-6,-9,0,41,-39,0,-67,34,21,22,-35,41,-55,0,-23,0,-29,28,-4,-14,0,0,-2,0,0,45,-19,1,-15,0,0,-41,0,-1,44,0,0,0,-21,47,7,-1,0,-21,-2,3,-11,42,0,10,25,15,13,-4,-1,1,-17,0,11,1,-21,22,23,5,0,-16,19,0,13,-1,0,2,15,0,31,0,0,-8,-27,-1,7,-13,-19,-41,-47,-49,0,-23,0,-4,-49,27,1,17,-22,-44,12,1,-39,-81,3,0,-6,-1,-71,0,5,-11,-20,0,-36,0,0,-54,1,-3,8,0,-12,-31,-4,0,4,2,8,1,-1,22,18,-21,5,2,-8,2,-8,-23,15,-13,81,8,-2,6,-15,-2,36,1,8,4,20,56,-9,1,-38,0,0,0,-13,-19,-32,0,0,-32,-26,-26,1,-1,-9,33,-4,-82,17,-31,32,-40,-10,-33,-71,-10,-8,-2,48,-6,-5,-2,4,0,-1,16,0,-35,27,0,3,-20,6,0,-1,6,12,-7,20,51,-52,-5,-3,-65,-6,-73,-24,-16,-2,0,-31,-32,0,2,9,0,39,-13,18,279129,100,100
-69,-24,-1,20,11,43,0,-48,6,-26,3,47,14,-24,1,-62,7,-18,22,-63,48,-34,0,-72,0,-61,-30,-12,-73,0,1,0,-2,0,65,-46,1,-7,0,0,14,0,-1,-7,0,0,0,-1,-9,5,-11,-2,-23,-1,1,46,48,0,-32,43,17,44,-26,0,-1,-6,0,62,0,-5,-1,0,6,0,39,3,0,41,0,0,58,0,0,0,0,0,6,-63,0,-3,17,1,-42,-44,-38,1,-20,0,-1,-61,20,1,-31,6,-36,12,-7,-30,13,57,1,-11,0,-71,0,3,-35,-46,0,13,1,0,-67,1,-8,-21,-13,-27,-26,-24,0,-22,2,47,-29,1,-17,52,-33,-1,-14,5,2,-38,5,-7,5,-29,7,-1,36,-12,-12,27,2,-20,-24,0,23,-16,1,-51,0,0,1,-12,-2,-71,0,0,-63,-5,-15,10,0,2,57,-10,3,11,-55,67,-69,40,-26,-56,3,-18,-16,4,25,19,-2,10,1,-2,-26,0,-16,-29,0,4,4,-41,0,0,4,-31,-21,-18,-54,-34,0,1,-56,-43,-70,25,-12,-3,0,-8,-23,1,2,-8,1,61,18,1,279200,0,100
-38,-4,23,-66,4,12,0,-44,9,-7,-63,26,56,-20,0,11,12,-1,46,11,15,-49,0,-85,0,45,-68,-42,-36,0,0,-1,-3,0,71,-20,0,-19,0,0,-39,1,1,22,0,2,0,-42,20,12,-27,0,-23,0,2,-6,13,0,-37,26,3,33,-5,-10,-61,-73,0,-60,-2,-70,50,32,24,0,0,19,0,12,0,0,-74,22,0,27,0,0,14,15,0,-29,-39,2,-88,-25,-46,-1,-7,0,-11,-82,49,0,-7,-5,-29,36,-4,-26,2,-65,0,12,-1,-52,0,1,4,-19,0,60,1,0,-80,2,-46,-9,-12,2,13,6,0,-3,0,45,-65,1,-50,11,-13,-7,-13,3,0,-2,-11,-1,-34,3,6,0,24,-8,-8,-14,1,-3,-58,36,68,-52,2,-41,0,0,-2,-34,4,-35,0,0,-81,10,-46,-4,0,-6,60,-51,-6,-2,-34,15,-52,20,-15,8,16,-35,-58,2,19,-68,0,41,1,1,-2,0,-40,-69,0,3,-13,9,0,1,0,-36,-37,-2,-37,-46,-6,3,-46,-41,-52,-7,-43,8,0,-44,-4,0,-1,21,0,69,-36,37,279213,0,100
11,17,-4,-41,10,1,0,-3,-4,38,-12,14,7,-38,0,-34,25,62,36,23,21,5,0,-60,0,79,-43,21,0,0,1,3,0,0,36,-2,0,-46,0,0,1,2,4,-24,0,2,0,-7,-23,-7,-4,2,3,0,0,54,20,0,-50,33,13,13,38,0,-13,57,0,25,3,48,-10,-3,6,0,54,25,2,2,2,0,11,24,0,12,0,0,-1,22,1,-18,-12,-16,2,-15,-74,0,2,0,-9,-49,11,1,19,-21,-57,64,-2,-40,-44,16,4,1,0,-5,0,9,-9,0,0,77,4,2,-77,3,17,-3,-30,0,7,0,0,-5,-1,51,-19,1,-36,31,-14,-5,11,11,6,-10,-12,-38,2,-83,5,-2,-87,-10,11,-34,0,17,-17,10,-51,20,1,-55,0,2,2,-51,-17,-63,0,0,-62,-19,2,-4,3,-11,24,22,49,3,-45,35,-51,2,-20,-31,-1,-44,11,0,-87,-43,3,61,3,0,17,0,13,-44,1,3,-9,-15,0,-1,5,-48,-41,61,-23,5,3,6,-52,-3,-7,16,-1,13,0,23,0,5,0,-12,2,35,-11,13,279761,0,100
3,3,28,25,0,27,0,14,63,10,-10,44,20,-21,4,-28,-24,38,18,-29,35,-14,0,3,0,-13,-49,20,5,0,-3,-4,-1,0,12,-15,0,-11,0,0,-60,-1,-2,19,0,-2,0,-23,17,-24,1,-3,-24,0,0,-28,33,0,-32,33,-7,45,5,7,-6,-26,0,52,0,-16,13,28,0,0,-25,22,-4,29,0,0,58,15,0,42,0,0,3,-29,-3,-54,-18,-57,-56,-100,17,-1,-49,0,-14,-12,46,1,-38,-58,19,30,0,-26,-23,49,5,-15,1,6,0,9,-7,-21,0,3,1,0,-76,2,21,27,-58,45,-41,42,0,29,1,21,23,-1,-52,45,-40,-12,-13,-13,5,-4,-12,-5,-34,-25,-1,7,-2,0,-21,29,0,4,18,41,-2,-47,0,18,0,1,0,-34,-33,-33,0,0,11,-30,47,10,2,-14,15,-50,43,-15,19,43,-58,-51,-33,-30,1,14,-44,70,-6,28,-1,36,1,0,-45,0,32,-47,0,0,-10,-20,0,1,4,-33,13,39,52,-16,-1,-3,-90,8,8,-23,47,-6,0,29,-52,-3,2,-13,1,13,-19,38,279799,100,100
8,14,29,-11,-1,19,0,-28,-7,9,9,4,60,-14,0,-80,26,58,22,-8,24,48,0,-55,0,16,-15,-13,1,0,1,-6,-4,0,64,-32,1,-65,0,0,-12,0,-2,14,0,-1,0,-52,16,-7,-43,-1,-31,0,2,42,23,0,34,36,18,7,13,11,-4,0,0,-26,4,-3,-43,36,-11,0,47,12,-1,25,-4,0,-71,15,0,23,0,0,-10,-11,-1,-2,-36,-10,9,-23,-34,5,-4,0,-1,-35,60,-1,-4,-15,-38,10,-3,-6,-60,-55,-5,-7,0,3,0,12,-24,-31,0,-6,-1,0,-92,2,-14,-22,6,-33,-35,-31,0,-24,0,1,-11,-6,-42,28,-14,-6,-14,-51,9,-25,1,-48,-41,28,2,0,-54,-2,-23,32,-1,15,-19,26,60,-9,2,-40,0,-3,6,-56,-27,-46,0,0,-62,-27,-17,8,-1,-15,5,-7,-22,-7,-38,42,-44,8,-16,-92,-4,47,-58,-7,-60,-13,-3,9,-3,-3,0,0,46,-22,0,0,1,9,0,-1,12,33,48,58,68,47,-3,-11,-91,-40,0,0,-24,15,0,56,-6,-3,1,6,-3,61,-36,21,279811,100,100
-17,-10,-3,-96,-1,-38,0,39,29,32,-39,-12,42,2,0,13,5,8,29,47,0,12,0,-15,0,31,-25,-4,-13,0,3,5,6,0,67,-7,0,10,0,0,-21,4,0,2,0,2,0,-33,5,26,-83,3,-6,-2,0,20,0,0,-15,22,18,-20,31,-17,-41,-64,0,-50,0,-57,9,1,0,0,29,15,3,-31,1,0,-67,5,0,34,0,0,-6,41,2,-34,-36,-38,-49,7,-10,0,-13,0,-30,-50,56,5,21,-48,-22,2,-2,-7,-13,-43,1,-8,0,10,0,1,-27,-9,0,35,3,2,-57,2,-5,40,-39,20,24,25,0,41,0,-37,-42,0,-18,49,-10,-5,20,-34,1,-30,-11,16,-39,13,0,6,-100,2,32,-22,-2,-6,-44,6,57,-21,4,4,0,2,1,-5,45,-14,-3,0,-28,54,-46,-12,1,-5,42,-19,22,4,0,30,-32,12,-12,5,-6,18,-93,30,-100,-100,0,12,2,-4,19,0,6,-25,0,4,-11,3,0,0,0,-14,15,9,-71,12,4,8,-45,35,14,11,-54,14,0,6,-13,5,2,8,2,70,-34,8,279880,0,100
