leaguegoals,isamongtopscorers,yellows,isamongtopscorersinteam,jerseynumber,position,artificialkey,teamid,leaguegoalsprevmatch,injury,leagueappearances,istopscorer,leaguegoalsprevthreematches,playerid,form,reds
0,0,0,0,1,0,0,269,0,0,0,0,0,228505,4,0
1,0,0,0,2,3,1,269,0,0,0,0,0,254638,3,0
0,0,0,0,31,4,2,269,0,0,0,0,0,219814,3,0
0,0,0,0,5,5,3,269,0,0,0,0,0,225948,3,0
0,0,0,0,4,6,4,269,0,0,0,0,0,234827,3,0
2,0,0,1,37,7,5,269,0,0,0,0,0,278359,5,0
1,0,0,0,10,13,6,269,0,0,0,0,0,172522,3,0
0,0,0,0,35,15,7,269,0,0,0,0,0,71170,3,0
0,0,0,0,7,18,8,269,0,0,0,0,0,251356,3,0
6,1,0,1,36,24,9,269,0,0,0,0,0,257167,3,0
2,0,0,1,11,26,10,269,0,0,0,0,0,257157,3,0
0,0,0,0,6,28,11,269,0,0,0,0,0,227622,3,0
0,0,0,0,22,28,12,269,0,0,0,0,0,211671,3,0
0,0,0,0,30,28,13,269,0,0,0,0,0,212121,4,0
1,0,0,0,24,28,14,269,0,0,0,0,0,264515,3,0
0,0,0,0,16,28,15,269,0,0,0,0,0,215693,3,0
0,0,0,0,9,28,16,269,0,0,0,0,0,201876,3,0
3,0,0,1,17,28,17,269,0,0,0,0,0,272853,4,0
3,0,0,1,28,28,18,269,0,0,0,0,0,255185,3,0
0,0,0,0,14,28,19,269,0,0,0,0,0,215684,3,0
0,0,0,0,46,28,20,269,0,0,0,0,0,259159,3,0
0,0,0,0,34,28,21,269,0,0,0,0,0,73292,3,0
0,0,0,0,18,28,22,269,0,0,0,0,0,238725,3,0
0,0,0,0,32,29,23,269,0,0,0,0,0,250851,3,0
0,0,0,0,1,0,24,270,0,0,0,0,0,200209,3,0
2,0,0,1,5,3,25,270,0,0,0,0,0,262794,3,0
0,0,0,0,3,4,26,270,0,0,0,0,0,257036,2,0
0,0,0,0,4,6,27,270,0,0,0,0,0,266890,3,0
0,0,0,0,2,7,28,270,0,0,0,0,0,236875,3,0
0,0,0,0,20,13,29,270,0,0,0,0,0,243891,4,0
1,0,0,1,6,14,30,270,0,0,0,0,0,250853,3,0
0,0,0,0,33,15,31,270,0,0,0,0,0,73644,3,0
5,0,0,1,10,17,32,270,0,0,0,0,0,262538,4,0
2,0,0,1,8,19,33,270,0,0,0,0,0,216286,3,0
8,1,0,1,23,25,34,270,0,0,0,1,0,271320,3,0
0,0,0,0,17,28,35,270,0,0,0,0,0,243666,3,0
0,0,0,0,40,28,36,270,0,0,0,0,0,262588,3,0
0,0,0,0,19,28,37,270,0,0,0,0,0,213835,3,0
1,0,0,1,25,28,38,270,0,0,0,0,0,252737,3,0
0,0,0,0,30,28,39,270,0,0,0,0,0,265179,3,0
1,0,0,1,7,28,40,270,0,0,0,0,0,71027,3,0
0,0,0,0,15,28,41,270,0,0,0,0,0,209711,3,0
0,0,0,0,24,28,42,270,0,0,0,0,0,73988,3,0
0,0,0,0,41,28,43,270,0,0,0,0,0,275271,3,0
1,0,0,1,11,28,44,270,0,0,0,0,0,275742,2,0
1,0,0,1,9,28,45,270,0,0,0,0,0,267783,3,0
0,0,0,0,21,28,46,270,0,0,0,0,0,257259,3,0
0,0,0,0,36,29,47,270,0,0,0,0,0,73641,3,0
0,0,0,0,1,0,48,271,0,0,0,0,0,132740,2,0
1,0,0,0,2,3,49,271,0,0,0,0,0,238222,4,0
0,0,0,0,3,4,50,271,0,0,0,0,0,190633,3,0
1,0,0,0,5,5,51,271,0,0,0,0,0,231828,3,0
0,0,0,0,19,6,52,271,0,0,0,0,0,253472,3,0
2,0,0,1,11,7,53,271,0,0,0,0,0,253409,3,0
1,0,0,0,6,10,54,271,0,0,0,0,0,213530,3,0
2,0,0,1,8,13,55,271,0,0,0,0,0,236883,2,0
5,0,0,1,7,15,56,271,0,0,0,0,0,235636,3,0
6,1,0,1,31,24,57,271,0,0,0,0,0,256746,4,0
6,1,0,1,9,26,58,271,0,0,0,0,0,191083,2,0
0,0,0,0,14,28,59,271,0,0,0,0,0,243886,3,0
0,0,0,0,26,28,60,271,0,0,0,0,0,268506,2,0
0,0,0,0,4,28,61,271,0,0,0,0,0,260555,3,0
0,0,0,0,23,28,62,271,0,0,0,0,0,70164,3,0
0,0,0,0,22,28,63,271,0,0,0,0,0,243158,3,0
0,0,0,0,40,28,64,271,0,0,0,0,0,261670,1,0
0,0,0,0,27,28,65,271,0,0,0,0,0,238629,3,0
0,0,0,0,29,28,66,271,0,0,0,0,0,239926,3,0
0,0,0,0,18,28,67,271,0,0,0,0,0,73646,3,0
0,0,0,0,16,28,68,271,0,0,0,0,0,200667,3,0
0,0,0,0,32,28,69,271,0,0,0,0,0,276352,3,0
0,0,0,0,25,28,70,271,0,0,0,0,0,274678,3,0
0,0,0,0,33,29,71,271,0,0,0,0,0,73911,3,0
0,0,0,0,24,29,72,271,0,0,0,0,0,73114,3,0
0,0,0,0,15,29,73,271,0,0,0,0,0,254849,3,0
0,0,0,0,10,29,74,271,0,0,0,0,0,251201,3,0
0,0,0,0,20,29,75,271,0,0,0,0,0,225931,3,0
0,0,0,0,17,29,76,271,0,0,0,0,0,243539,3,0
0,0,0,0,1,0,77,819,0,0,0,0,0,238060,3,0
0,0,0,0,13,3,78,819,0,0,0,0,0,263711,3,0
2,0,0,1,5,4,79,819,0,0,0,0,0,274187,4,0
0,0,0,0,6,6,80,819,0,0,0,0,0,229150,4,0
0,0,0,0,24,7,81,819,0,0,0,0,0,219466,3,0
5,0,0,1,10,23,82,819,0,0,0,0,0,203362,4,0
1,0,0,0,8,13,83,819,0,0,0,0,0,240974,3,0
0,0,0,0,33,14,84,819,0,0,0,0,0,201303,3,0
1,0,0,0,27,15,85,819,0,0,0,0,0,193283,2,0
0,0,0,0,30,27,86,819,0,0,0,0,0,263672,4,0
3,0,0,1,9,25,87,819,0,0,0,0,0,260896,3,0
0,0,0,0,11,28,88,819,0,0,0,0,0,224389,3,0
0,0,0,0,40,28,89,819,0,0,0,0,0,265600,3,0
1,0,0,0,14,28,90,819,0,0,0,0,0,201943,3,0
0,0,0,0,12,28,91,819,0,0,0,0,0,217605,3,0
0,0,0,0,31,28,92,819,0,0,0,0,0,222562,3,0
0,0,0,0,22,28,93,819,0,0,0,0,0,274722,3,0
0,0,0,0,4,28,94,819,0,0,0,0,0,70730,3,0
0,0,0,0,15,28,95,819,0,0,0,0,0,246014,2,0
0,0,0,0,36,28,96,819,0,0,0,0,0,271980,3,0
3,0,0,1,2,28,97,819,0,0,0,0,0,224841,4,0
0,0,0,0,16,28,98,819,0,0,0,0,0,74233,3,0
2,0,0,1,7,28,99,819,0,0,0,0,0,207554,4,0
0,0,0,0,45,29,100,819,0,0,0,0,0,73447,3,0
0,0,0,0,38,29,101,819,0,0,0,0,0,73448,3,0
0,0,0,0,17,29,102,819,0,0,0,0,0,279015,3,0
0,0,0,0,21,29,103,819,0,0,0,0,0,262056,3,0
0,0,0,0,20,29,104,819,0,0,0,0,0,200108,3,0
0,0,0,0,1,0,105,820,0,0,0,0,0,251330,3,0
0,0,0,0,20,3,106,820,0,0,0,0,0,247782,3,0
0,0,0,0,2,4,107,820,0,0,0,0,0,219767,3,0
0,0,0,0,4,6,108,820,0,0,0,0,0,241812,3,0
0,0,0,0,15,7,109,820,0,0,0,0,0,244466,3,0
0,0,0,0,16,10,110,820,0,0,0,0,0,73125,3,0
6,1,0,1,11,23,111,820,0,0,0,0,0,243371,3,0
0,0,0,0,8,13,112,820,0,0,0,0,0,272932,4,0
0,0,0,0,6,15,113,820,0,0,0,0,0,73123,3,0
1,0,0,1,17,27,114,820,0,0,0,0,0,259713,2,0
0,0,0,0,19,25,115,820,0,0,0,0,0,262904,3,0
0,0,0,0,9,28,116,820,0,0,0,0,0,201265,3,0
0,0,0,0,27,28,117,820,0,0,0,0,0,262832,3,0
0,0,0,0,5,28,118,820,0,0,0,0,0,275743,3,0
0,0,0,0,13,28,119,820,0,0,0,0,0,269865,3,0
0,0,0,0,22,28,120,820,0,0,0,0,0,229288,3,0
0,0,0,0,7,28,121,820,0,0,0,0,0,73124,2,0
2,0,0,1,10,28,122,820,0,0,0,0,0,264670,4,0
0,0,0,0,37,28,123,820,0,0,0,0,0,73371,3,0
0,0,0,0,3,28,124,820,0,0,0,0,0,271882,3,0
0,0,0,0,24,28,125,820,0,0,0,0,0,73127,3,0
0,0,0,0,35,28,126,820,0,0,0,0,0,73372,3,0
2,0,0,1,21,28,127,820,0,0,0,0,0,73126,3,0
0,0,0,0,14,29,128,820,0,0,0,0,0,241269,3,0
0,0,0,0,31,0,129,822,0,0,0,0,0,262295,2,0
0,0,0,0,59,3,130,822,0,0,0,0,0,266863,3,0
1,0,0,1,29,4,131,822,0,0,0,0,0,231533,3,0
0,0,0,0,13,5,132,822,0,0,0,0,0,255211,3,0
0,0,0,0,4,6,133,822,0,0,0,0,0,266123,2,0
0,0,0,0,38,7,134,822,0,0,0,0,0,262579,3,0
0,0,0,0,11,12,135,822,0,0,0,0,0,254541,3,0
0,0,0,0,34,13,136,822,0,0,0,0,0,246647,3,0
1,0,0,1,5,15,137,822,0,0,0,0,0,218877,3,0
2,0,0,1,17,16,138,822,0,0,0,0,0,240563,4,0
0,0,0,0,18,25,139,822,0,0,0,0,0,184143,3,0
2,0,0,1,33,28,140,822,0,0,0,0,0,270368,3,0
1,0,0,1,7,28,141,822,0,0,0,0,0,192938,3,0
0,0,0,0,8,28,142,822,0,0,0,0,0,275703,3,0
0,0,0,0,22,28,143,822,0,0,0,0,0,71220,3,0
0,0,0,0,24,28,144,822,0,0,0,0,0,264111,3,0
0,0,0,0,15,28,145,822,0,0,0,0,0,219510,3,0
0,0,0,0,2,28,146,822,0,0,0,0,0,243866,3,0
0,0,0,0,99,28,147,822,0,0,0,0,0,70445,3,0
1,0,0,1,10,28,148,822,0,0,0,0,0,256716,3,0
0,0,0,0,16,28,149,822,0,0,0,0,0,276521,3,0
0,0,0,0,23,28,150,822,0,0,0,0,0,278362,3,0
0,0,0,0,25,28,151,822,0,0,0,0,0,73642,3,0
0,0,0,0,30,29,152,822,0,0,0,0,0,275699,3,0
0,0,0,0,71,29,153,822,0,0,0,0,0,73640,3,0
0,0,0,0,37,29,154,822,0,0,0,0,0,264822,3,0
0,0,0,0,3,29,155,822,0,0,0,0,0,192128,3,0
0,0,0,0,14,29,156,822,0,0,0,0,0,223813,3,0
0,0,0,0,16,0,157,1443,0,0,0,0,0,234658,2,0
0,0,0,0,18,3,158,1443,0,0,0,0,0,241150,3,0
1,0,0,0,55,4,159,1443,0,0,0,0,0,260874,3,0
1,0,0,0,4,6,160,1443,0,0,0,0,0,224426,3,0
1,0,0,0,24,7,161,1443,0,0,0,0,0,234501,3,0
3,0,0,1,13,10,162,1443,0,0,0,0,0,215686,3,0
2,0,0,1,7,23,163,1443,0,0,0,0,0,270563,3,0
2,0,0,1,28,13,164,1443,0,0,0,0,0,243283,4,0
0,0,0,0,12,15,165,1443,0,0,0,0,0,71174,3,0
4,0,0,1,10,27,166,1443,0,0,0,0,0,264263,3,0
1,0,0,0,11,25,167,1443,0,0,0,0,0,263239,3,0
2,0,0,1,14,28,168,1443,0,0,0,0,0,262962,3,0
0,0,0,0,21,28,169,1443,0,0,0,0,0,262537,3,0
0,0,0,0,5,28,170,1443,0,0,0,0,0,270528,3,0
0,0,0,0,23,28,171,1443,0,0,0,0,0,250960,3,0
0,0,0,0,20,28,172,1443,0,0,0,0,0,268296,3,0
0,0,0,0,19,28,173,1443,0,0,0,0,0,251629,3,0
0,0,0,0,6,28,174,1443,0,0,0,0,0,262541,3,0
0,0,0,0,32,28,175,1443,0,0,0,0,0,278367,3,0
0,0,0,0,2,28,176,1443,0,0,0,0,0,216114,2,0
4,0,0,1,37,28,177,1443,0,0,0,0,0,274844,2,0
0,0,0,0,31,28,178,1443,0,0,0,0,0,71171,3,0
0,0,0,0,8,28,179,1443,0,0,0,0,0,262539,3,0
1,0,0,0,30,29,180,1443,0,0,0,0,0,277593,3,0
0,0,0,0,1,29,181,1443,0,0,0,0,0,256742,3,0
0,0,0,0,17,29,182,1443,0,0,0,0,0,270399,3,0
0,0,0,0,16,0,183,1447,0,0,0,0,0,209957,4,0
0,0,0,0,21,3,184,1447,0,0,0,0,0,224515,3,0
0,0,0,0,12,4,185,1447,0,0,0,0,0,264502,2,0
0,0,0,0,4,6,186,1447,0,0,0,0,0,226510,2,0
0,0,0,0,23,7,187,1447,0,0,0,0,0,74965,2,0
3,0,0,1,15,23,188,1447,0,0,0,0,0,259130,2,0
0,0,0,0,7,13,189,1447,0,0,0,0,0,73301,3,0
0,0,0,0,6,14,190,1447,0,0,0,0,0,238051,2,0
0,0,0,0,8,15,191,1447,0,0,0,0,0,73364,2,0
3,0,0,1,25,27,192,1447,0,0,0,0,0,73298,3,0
1,0,0,1,10,25,193,1447,0,0,0,0,0,271156,3,0
1,0,0,1,17,28,194,1447,0,0,0,0,0,266822,3,0
1,0,0,1,5,28,195,1447,0,0,0,0,0,215938,3,0
0,0,0,0,22,28,196,1447,0,0,0,0,0,207886,2,0
0,0,0,0,13,28,197,1447,0,0,0,0,0,264691,3,0
0,0,0,0,1,28,198,1447,0,0,0,0,0,211105,3,0
0,0,0,0,11,28,199,1447,0,0,0,0,0,276666,3,0
0,0,0,0,20,28,200,1447,0,0,0,0,0,248360,3,0
1,0,0,1,26,28,201,1447,0,0,0,0,0,256847,3,0
0,0,0,0,9,28,202,1447,0,0,0,0,0,73387,3,0
0,0,0,0,31,28,203,1447,0,0,0,0,0,73501,3,0
0,0,0,0,30,28,204,1447,0,0,0,0,0,73365,3,0
0,0,0,0,18,28,205,1447,0,0,0,0,0,73303,2,0
0,0,0,0,28,29,206,1447,0,0,0,0,0,271169,3,0
0,0,0,0,29,29,207,1447,0,0,0,0,0,255642,3,0
0,0,0,0,24,29,208,1447,0,0,0,0,0,73504,3,0
0,0,0,0,3,29,209,1447,0,0,0,0,0,73295,3,0
0,0,0,0,16,0,210,1516,0,0,0,0,0,246704,3,0
0,0,0,0,43,3,211,1516,0,0,0,0,0,210625,2,0
2,0,0,1,4,4,212,1516,0,0,0,0,0,73645,2,0
0,0,0,0,22,6,213,1516,0,0,0,0,0,234472,4,0
1,0,0,0,6,7,214,1516,0,0,0,0,0,227600,3,0
1,0,0,0,11,12,215,1516,0,0,0,0,0,278012,3,0
4,0,0,1,24,13,216,1516,0,0,0,0,0,257972,3,0
0,0,0,0,5,15,217,1516,0,0,0,0,0,255340,3,0
3,0,0,1,58,16,218,1516,0,0,0,0,0,256933,3,0
4,0,0,1,7,24,219,1516,0,0,0,0,0,277211,2,0
0,0,0,0,25,26,220,1516,0,0,0,0,0,257536,3,0
0,0,0,0,17,28,221,1516,0,0,0,0,0,246100,3,0
0,0,0,0,20,28,222,1516,0,0,0,0,0,270536,3,0
0,0,0,0,15,28,223,1516,0,0,0,0,0,204017,3,0
0,0,0,0,3,28,224,1516,0,0,0,0,0,261062,3,0
0,0,0,0,1,28,225,1516,0,0,0,0,0,172553,3,0
0,0,0,0,10,28,226,1516,0,0,0,0,0,247686,3,0
1,0,0,0,13,28,227,1516,0,0,0,0,0,264790,3,0
0,0,0,0,30,28,228,1516,0,0,0,0,0,74006,3,0
3,0,0,1,18,28,229,1516,0,0,0,0,0,224438,3,0
0,0,0,0,38,28,230,1516,0,0,0,0,0,256971,3,0
0,0,0,0,73,28,231,1516,0,0,0,0,0,231104,3,0
0,0,0,0,55,28,232,1516,0,0,0,0,0,270534,3,0
0,0,0,0,21,29,233,1516,0,0,0,0,0,277197,3,0
0,0,0,0,29,29,234,1516,0,0,0,0,0,251847,3,0
1,0,0,0,14,29,235,1516,0,0,0,0,0,242612,3,0
0,0,0,0,53,29,236,1516,0,0,0,0,0,263761,3,0
0,0,0,0,19,29,237,1516,0,0,0,0,0,263721,3,0
0,0,0,0,47,29,238,1516,0,0,0,0,0,267448,3,0
0,0,0,0,41,29,239,1516,0,0,0,0,0,279252,3,0
0,0,0,0,8,29,240,1516,0,0,0,0,0,206114,3,0
0,0,0,0,1,0,241,1786,0,0,0,0,0,204424,2,0
1,0,0,1,27,3,242,1786,0,0,0,0,0,244471,4,0
1,0,0,1,3,4,243,1786,0,0,0,0,0,201301,3,0
0,0,0,0,5,6,244,1786,0,0,0,0,0,241578,3,0
0,0,0,0,15,7,245,1786,0,0,0,0,0,180174,3,0
0,0,0,0,28,9,246,1786,0,0,0,0,0,210646,4,0
1,0,0,1,6,11,247,1786,0,0,0,0,0,246434,3,0
4,0,0,1,10,12,248,1786,0,0,0,0,0,73366,3,0
4,0,0,1,9,16,249,1786,0,0,0,0,0,255464,2,0
0,0,0,0,90,18,250,1786,0,0,0,0,0,241659,3,0
2,0,0,1,26,25,251,1786,0,0,0,0,0,275704,2,0
0,0,0,0,11,28,252,1786,0,0,0,0,0,220569,3,0
0,0,0,0,4,28,253,1786,0,0,0,0,0,223566,3,0
0,0,0,0,44,28,254,1786,0,0,0,0,0,251595,3,0
0,0,0,0,29,28,255,1786,0,0,0,0,0,261098,3,0
0,0,0,0,25,28,256,1786,0,0,0,0,0,239147,3,0
1,0,0,1,7,28,257,1786,0,0,0,0,0,255767,2,0
0,0,0,0,18,28,258,1786,0,0,0,0,0,260379,3,0
1,0,0,1,17,28,259,1786,0,0,0,0,0,224483,3,0
0,0,0,0,22,28,260,1786,0,0,0,0,0,264676,3,0
0,0,0,0,24,28,261,1786,0,0,0,0,0,277843,3,0
1,0,0,1,19,28,262,1786,0,0,0,0,0,70860,2,0
0,0,0,0,16,28,263,1786,0,0,0,0,0,277844,3,0
0,0,0,0,23,29,264,1786,0,0,0,0,0,73892,3,0
0,0,0,0,30,29,265,1786,0,0,0,0,0,71258,3,0
0,0,0,0,20,29,266,1786,0,0,0,0,0,73938,3,0
1,0,0,1,14,29,267,1786,0,0,0,0,0,229504,3,0
0,0,0,0,13,0,268,1788,0,0,0,0,0,210715,3,0
1,0,0,1,2,3,269,1788,0,0,0,0,0,208564,4,0
0,0,0,0,4,4,270,1788,0,0,0,0,0,190942,3,0
1,0,0,1,19,6,271,1788,0,0,0,0,0,269397,4,0
0,0,0,0,5,7,272,1788,0,0,0,0,0,259716,4,0
1,0,0,1,6,10,273,1788,0,0,0,0,0,224067,5,0
5,0,0,1,14,23,274,1788,0,0,0,0,0,71110,3,0
1,0,0,1,8,13,275,1788,0,0,0,0,0,271495,5,0
0,0,0,0,21,15,276,1788,0,0,0,0,0,263312,3,0
5,0,0,1,10,27,277,1788,0,0,0,0,0,243646,4,0
5,0,0,1,7,25,278,1788,0,0,0,0,0,215247,5,0
1,0,0,1,11,28,279,1788,0,0,0,0,0,262721,3,0
0,0,0,0,37,28,280,1788,0,0,0,0,0,254859,3,0
0,0,0,0,12,28,281,1788,0,0,0,0,0,260990,3,0
0,0,0,0,15,28,282,1788,0,0,0,0,0,223694,3,0
0,0,0,0,38,28,283,1788,0,0,0,0,0,73986,3,0
1,0,0,1,32,28,284,1788,0,0,0,0,0,255275,3,0
0,0,0,0,24,28,285,1788,0,0,0,0,0,276377,3,0
0,0,0,0,17,28,286,1788,0,0,0,0,0,73636,3,0
0,0,0,0,20,28,287,1788,0,0,0,0,0,71342,3,0
0,0,0,0,18,28,288,1788,0,0,0,0,0,74229,3,0
0,0,0,0,30,28,289,1788,0,0,0,0,0,74845,3,0
0,0,0,0,45,28,290,1788,0,0,0,0,0,73643,3,0
0,0,0,0,16,29,291,1788,0,0,0,0,0,231233,4,0
0,0,0,0,31,29,292,1788,0,0,0,0,0,279706,3,0
0,0,0,0,1,0,293,15001,0,0,0,0,0,190947,3,0
0,0,0,0,24,3,294,15001,0,0,0,0,0,270974,3,0
0,0,0,0,5,4,295,15001,0,0,0,0,0,256082,3,0
0,0,0,0,23,5,296,15001,0,0,0,0,0,212417,3,0
0,0,0,0,3,6,297,15001,0,0,0,0,0,172529,3,0
0,0,0,0,7,7,298,15001,0,0,0,0,0,265734,3,0
1,0,0,1,21,23,299,15001,0,0,0,0,0,269400,4,0
1,0,0,1,13,13,300,15001,0,0,0,0,0,254083,3,0
1,0,0,1,14,15,301,15001,0,0,0,0,0,260114,3,0
2,0,0,1,17,27,302,15001,0,0,0,0,0,241695,2,0
1,0,0,1,26,25,303,15001,0,0,0,0,0,234489,3,0
0,0,0,0,30,28,304,15001,0,0,0,0,0,198534,3,0
0,0,0,0,12,28,305,15001,0,0,0,0,0,256222,2,0
0,0,0,0,6,28,306,15001,0,0,0,0,0,183781,3,0
0,0,0,0,4,28,307,15001,0,0,0,0,0,273852,3,0
0,0,0,0,32,28,308,15001,0,0,0,0,0,210642,2,0
0,0,0,0,9,28,309,15001,0,0,0,0,0,251502,3,0
0,0,0,0,11,28,310,15001,0,0,0,0,0,238755,3,0
0,0,0,0,31,28,311,15001,0,0,0,0,0,262516,3,0
1,0,0,1,15,28,312,15001,0,0,0,0,0,71172,3,0
0,0,0,0,33,28,313,15001,0,0,0,0,0,278365,3,0
1,0,0,1,20,28,314,15001,0,0,0,0,0,244181,4,0
0,0,0,0,27,28,315,15001,0,0,0,0,0,270975,3,0
0,0,0,0,22,29,316,15001,0,0,0,0,0,279086,3,0
0,0,0,0,10,29,317,15001,0,0,0,0,0,225536,3,0
0,0,0,0,8,29,318,15001,0,0,0,0,0,223014,3,0
0,0,0,0,26,0,319,229,0,0,0,0,0,200059,4,0
0,0,0,0,54,3,320,229,0,0,0,0,0,252488,4,0
1,0,0,1,4,4,321,229,0,0,0,0,0,277022,5,0
0,0,0,0,13,6,322,229,0,0,0,0,0,183491,4,0
0,0,0,0,5,7,323,229,0,0,0,0,0,271563,3,0
0,0,0,0,23,10,324,229,0,0,0,0,0,191627,3,0
1,0,0,1,36,23,325,229,0,0,0,0,0,236918,4,0
2,0,0,1,29,13,326,229,0,0,0,0,0,260162,4,0
1,0,0,1,17,15,327,229,0,0,0,0,0,259316,3,0
0,0,0,0,10,27,328,229,0,0,0,0,0,246419,4,0
2,0,0,1,12,25,329,229,0,0,0,0,0,228687,4,0
1,0,0,1,7,28,330,229,0,0,0,0,0,241947,3,0
0,0,0,0,19,28,331,229,0,0,0,0,0,264205,3,0
1,0,0,1,18,28,332,229,0,0,0,0,0,242045,3,0
1,0,0,1,6,28,333,229,0,0,0,0,0,212678,3,0
0,0,0,0,16,28,334,229,0,0,0,0,0,246753,3,0
0,0,0,0,32,28,335,229,0,0,0,0,0,212501,3,0
0,0,0,0,14,28,336,229,0,0,0,0,0,172871,3,0
1,0,0,1,20,28,337,229,0,0,0,0,0,251651,3,0
1,0,0,1,27,28,338,229,0,0,0,0,0,263953,3,0
0,0,0,0,83,28,339,229,0,0,0,0,0,263558,3,0
0,0,0,0,25,28,340,229,0,0,0,0,0,208509,3,0
0,0,0,0,55,28,341,229,0,0,0,0,0,252489,3,0
0,0,0,0,63,29,342,229,0,0,0,0,0,274478,3,0
0,0,0,0,21,29,343,229,0,0,0,0,0,230613,3,0
0,0,0,0,11,29,344,229,0,0,0,0,0,203486,3,0
0,0,0,0,91,0,345,230,0,0,0,0,0,254803,5,0
0,0,0,0,34,3,346,230,0,0,0,0,0,239306,3,0
2,0,0,1,23,4,347,230,0,0,0,0,0,184087,4,0
0,0,0,0,33,6,348,230,0,0,0,0,0,260931,4,0
0,0,0,0,5,7,349,230,0,0,0,0,0,261097,4,0
0,0,0,0,6,9,350,230,0,0,0,0,0,185349,4,0
1,0,0,0,84,11,351,230,0,0,0,0,0,270613,3,0
2,0,0,1,7,12,352,230,0,0,0,0,0,225653,3,0
5,1,0,1,11,16,353,230,0,0,0,0,0,255460,4,0
6,1,0,1,9,18,354,230,0,0,0,1,0,204060,4,0
3,0,0,1,18,25,355,230,0,0,0,0,0,226537,5,0
0,0,0,0,60,28,356,230,0,0,0,0,0,277001,3,0
0,0,0,0,10,28,357,230,0,0,0,0,0,257208,3,0
1,0,0,0,55,28,358,230,0,0,0,0,0,256199,4,0
0,0,0,0,30,28,359,230,0,0,0,0,0,256944,3,0
0,0,0,0,1,28,360,230,0,0,0,0,0,225149,3,0
0,0,0,0,8,28,361,230,0,0,0,0,0,199652,3,0
0,0,0,0,52,28,362,230,0,0,0,0,0,273537,3,0
0,0,0,0,4,28,363,230,0,0,0,0,0,221269,3,0
0,0,0,0,46,28,364,230,0,0,0,0,0,279475,3,0
0,0,0,0,50,28,365,230,0,0,0,0,0,261642,3,0
0,0,0,0,75,28,366,230,0,0,0,0,0,74450,3,0
0,0,0,0,41,28,367,230,0,0,0,0,0,74418,3,0
0,0,0,0,3,29,368,230,0,0,0,0,0,210828,3,0
0,0,0,0,22,29,369,230,0,0,0,0,0,74313,3,0
0,0,0,0,81,29,370,230,0,0,0,0,0,278554,3,0
0,0,0,0,26,29,371,230,0,0,0,0,0,72912,3,0
0,0,0,0,67,29,372,230,0,0,0,0,0,75076,3,0
0,0,0,0,22,0,373,231,0,0,0,0,0,173426,3,0
1,0,0,0,65,3,374,231,0,0,0,0,0,71305,3,0
0,0,0,0,4,4,375,231,0,0,0,0,0,268611,3,0
2,0,0,1,44,6,376,231,0,0,0,0,0,212204,4,0
0,0,0,0,55,7,377,231,0,0,0,0,0,251479,4,0
0,0,0,0,10,9,378,231,0,0,0,0,0,238235,3,0
0,0,0,0,15,11,379,231,0,0,0,0,0,262880,3,0
4,0,0,1,7,12,380,231,0,0,0,0,0,240017,3,0
2,0,0,1,8,16,381,231,0,0,0,0,0,256948,4,0
3,0,0,1,20,18,382,231,0,0,0,0,0,200155,3,0
3,0,0,1,19,25,383,231,0,0,0,0,0,223933,3,0
0,0,0,0,30,28,384,231,0,0,0,0,0,257186,4,0
0,0,0,0,41,28,385,231,0,0,0,0,0,259586,3,0
0,0,0,0,2,28,386,231,0,0,0,0,0,260404,3,0
0,0,0,0,64,28,387,231,0,0,0,0,0,275050,3,0
0,0,0,0,29,28,388,231,0,0,0,0,0,222263,3,0
0,0,0,0,9,28,389,231,0,0,0,0,0,265800,3,0
0,0,0,0,21,28,390,231,0,0,0,0,0,251633,3,0
0,0,0,0,27,28,391,231,0,0,0,0,0,210739,3,0
0,0,0,0,76,28,392,231,0,0,0,0,0,275051,3,0
1,0,0,0,68,28,393,231,0,0,0,0,0,275048,3,0
0,0,0,0,58,28,394,231,0,0,0,0,0,271917,3,0
0,0,0,0,16,28,395,231,0,0,0,0,0,258555,3,0
0,0,0,0,25,29,396,231,0,0,0,0,0,70975,3,0
0,0,0,0,28,29,397,231,0,0,0,0,0,197837,3,0
0,0,0,0,48,29,398,231,0,0,0,0,0,244853,3,0
0,0,0,0,14,29,399,231,0,0,0,0,0,262219,3,0
0,0,0,0,40,0,400,232,0,0,0,0,0,262265,2,0
0,0,0,0,13,3,401,232,0,0,0,0,0,238409,3,0
0,0,0,0,4,4,402,232,0,0,0,0,0,255891,1,0
0,0,0,0,44,5,403,232,0,0,0,0,0,235729,2,0
0,0,0,0,25,6,404,232,0,0,0,0,0,270700,1,0
0,0,0,0,17,7,405,232,0,0,0,0,0,278107,2,0
0,0,0,0,24,10,406,232,0,0,0,0,0,230888,3,0
1,0,0,1,7,13,407,232,0,0,0,0,0,261143,3,0
0,0,0,0,32,15,408,232,0,0,0,0,0,272776,1,0
2,0,0,1,9,24,409,232,0,0,0,0,0,234683,2,0
2,0,0,1,21,26,410,232,0,0,0,0,0,73034,3,0
1,0,0,1,11,28,411,232,0,0,0,0,0,239323,3,0
0,0,0,0,8,28,412,232,0,0,0,0,0,268630,3,0
0,0,0,0,3,28,413,232,0,0,0,0,0,262071,3,0
0,0,0,0,2,28,414,232,0,0,0,0,0,263703,3,0
0,0,0,0,45,28,415,232,0,0,0,0,0,257210,3,0
0,0,0,0,51,28,416,232,0,0,0,0,0,268082,3,0
0,0,0,0,54,28,417,232,0,0,0,0,0,262141,2,0
0,0,0,0,19,28,418,232,0,0,0,0,0,259192,2,0
0,0,0,0,5,28,419,232,0,0,0,0,0,215970,3,0
0,0,0,0,6,28,420,232,0,0,0,0,0,252567,2,0
0,0,0,0,10,28,421,232,0,0,0,0,0,273859,3,0
0,0,0,0,16,28,422,232,0,0,0,0,0,237525,3,0
0,0,0,0,15,29,423,232,0,0,0,0,0,236454,3,0
0,0,0,0,29,29,424,232,0,0,0,0,0,260586,3,0
0,0,0,0,33,29,425,232,0,0,0,0,0,279509,3,0
0,0,0,0,99,29,426,232,0,0,0,0,0,263408,3,0
0,0,0,0,55,29,427,232,0,0,0,0,0,268561,3,0
0,0,0,0,30,29,428,232,0,0,0,0,0,200076,3,0
0,0,0,0,34,0,429,537,0,0,0,0,0,231413,5,0
1,0,0,1,20,3,430,537,0,0,0,0,0,72954,3,0
0,0,0,0,22,4,431,537,0,0,0,0,0,222909,3,0
0,0,0,0,21,5,432,537,0,0,0,0,0,241692,3,0
0,0,0,0,3,6,433,537,0,0,0,0,0,240233,3,0
0,0,0,0,88,7,434,537,0,0,0,0,0,264711,3,0
1,0,0,1,18,10,435,537,0,0,0,0,0,239595,3,0
0,0,0,0,24,13,436,537,0,0,0,0,0,263424,3,0
2,0,0,1,16,15,437,537,0,0,0,0,0,272872,3,0
3,0,0,1,77,24,438,537,0,0,0,0,0,257314,3,0
1,0,0,1,98,26,439,537,0,0,0,0,0,241177,3,0
1,0,0,1,11,28,440,537,0,0,0,0,0,247539,3,0
3,0,0,1,90,28,441,537,0,0,0,0,0,263984,3,0
0,0,0,0,23,28,442,537,0,0,0,0,0,279122,3,0
0,0,0,0,4,28,443,537,0,0,0,0,0,269288,4,0
0,0,0,0,13,28,444,537,0,0,0,0,0,72643,3,0
0,0,0,0,10,28,445,537,0,0,0,0,0,72649,4,0
0,0,0,0,5,28,446,537,0,0,0,0,0,239635,3,0
0,0,0,0,7,28,447,537,0,0,0,0,0,72648,3,0
0,0,0,0,30,28,448,537,0,0,0,0,0,246740,3,0
1,0,0,1,19,28,449,537,0,0,0,0,0,260895,3,0
0,0,0,0,8,28,450,537,0,0,0,0,0,72646,3,0
0,0,0,0,26,28,451,537,0,0,0,0,0,262267,3,0
0,0,0,0,6,29,452,537,0,0,0,0,0,258584,3,0
0,0,0,0,53,29,453,537,0,0,0,0,0,271507,3,0
0,0,0,0,17,29,454,537,0,0,0,0,0,72650,3,0
0,0,0,0,9,29,455,537,0,0,0,0,0,208180,3,0
0,0,0,0,30,0,456,670,0,0,0,0,0,263922,3,0
0,0,0,0,98,3,457,670,0,0,0,0,0,70582,3,0
0,0,0,0,4,4,458,670,0,0,0,0,0,245018,3,0
0,0,0,0,21,6,459,670,0,0,0,0,0,262938,3,0
0,0,0,0,15,7,460,670,0,0,0,0,0,247009,3,0
0,0,0,0,6,9,461,670,0,0,0,0,0,262925,4,0
0,0,0,0,5,11,462,670,0,0,0,0,0,270636,3,0
2,0,0,1,17,12,463,670,0,0,0,0,0,243953,3,0
3,0,0,1,8,16,464,670,0,0,0,0,0,277975,3,0
6,1,0,1,18,18,465,670,0,0,0,1,0,235242,4,0
1,0,0,1,99,25,466,670,0,0,0,0,0,222636,3,0
0,0,0,0,70,28,467,670,0,0,0,0,0,252936,3,0
0,0,0,0,7,28,468,670,0,0,0,0,0,227667,3,0
0,0,0,0,29,28,469,670,0,0,0,0,0,258465,3,0
0,0,0,0,95,28,470,670,0,0,0,0,0,272407,3,0
0,0,0,0,33,28,471,670,0,0,0,0,0,208214,3,0
0,0,0,0,9,28,472,670,0,0,0,0,0,264321,3,0
0,0,0,0,80,28,473,670,0,0,0,0,0,261358,3,0
0,0,0,0,24,28,474,670,0,0,0,0,0,251911,3,0
0,0,0,0,56,28,475,670,0,0,0,0,0,71624,3,0
0,0,0,0,28,28,476,670,0,0,0,0,0,74135,3,0
0,0,0,0,19,28,477,670,0,0,0,0,0,273915,3,0
0,0,0,0,12,28,478,670,0,0,0,0,0,276925,3,0
0,0,0,0,55,29,479,670,0,0,0,0,0,269795,3,0
0,0,0,0,22,29,480,670,0,0,0,0,0,73348,3,0
0,0,0,0,66,29,481,670,0,0,0,0,0,278564,3,0
0,0,0,0,1,0,482,673,0,0,0,0,0,204308,1,0
0,0,0,0,77,3,483,673,0,0,0,0,0,275353,3,0
1,0,0,0,3,4,484,673,0,0,0,0,0,243530,3,0
0,0,0,0,6,6,485,673,0,0,0,0,0,271032,4,0
0,0,0,0,18,7,486,673,0,0,0,0,0,222875,3,0
0,0,0,0,8,9,487,673,0,0,0,0,0,229659,3,0
1,0,0,0,24,11,488,673,0,0,0,0,0,270995,3,0
3,0,0,1,23,12,489,673,0,0,0,0,0,260570,4,0
1,0,0,0,14,16,490,673,0,0,0,0,0,266616,3,0
2,0,0,1,17,18,491,673,0,0,0,0,0,244791,2,0
6,1,0,1,99,25,492,673,0,0,0,1,0,258911,2,0
1,0,0,0,32,28,493,673,0,0,0,0,0,70496,3,0
2,0,0,1,90,28,494,673,0,0,0,0,0,274913,3,0
0,0,0,0,27,28,495,673,0,0,0,0,0,246713,3,0
0,0,0,0,44,28,496,673,0,0,0,0,0,278777,3,0
0,0,0,0,39,28,497,673,0,0,0,0,0,270821,3,0
3,0,0,1,19,28,498,673,0,0,0,0,0,248712,3,0
0,0,0,0,21,28,499,673,0,0,0,0,0,277206,3,0
0,0,0,0,34,28,500,673,0,0,0,0,0,72955,3,0
0,0,0,0,15,28,501,673,0,0,0,0,0,70694,3,0
0,0,0,0,2,28,502,673,0,0,0,0,0,262099,3,0
1,0,0,0,46,28,503,673,0,0,0,0,0,233841,3,0
0,0,0,0,11,28,504,673,0,0,0,0,0,256307,3,0
0,0,0,0,33,0,505,674,0,0,0,0,0,204549,5,0
0,0,0,0,12,4,506,674,0,0,0,0,0,257019,3,0
0,0,0,0,13,5,507,674,0,0,0,0,0,209547,4,0
0,0,0,0,4,6,508,674,0,0,0,0,0,246826,4,0
3,0,0,1,22,12,509,674,0,0,0,0,0,246415,3,0
0,0,0,0,15,13,510,674,0,0,0,0,0,260432,3,0
1,0,0,1,16,15,511,674,0,0,0,0,0,266681,3,0
0,0,0,0,3,16,512,674,0,0,0,0,0,262968,2,0
4,0,0,1,6,17,513,674,0,0,0,0,0,277840,3,0
1,0,0,1,19,19,514,674,0,0,0,0,0,70427,3,0
2,0,0,1,9,25,515,674,0,0,0,0,0,270787,3,0
1,0,0,1,24,28,516,674,0,0,0,0,0,176009,3,0
0,0,0,0,18,28,517,674,0,0,0,0,0,259043,3,0
1,0,0,1,8,28,518,674,0,0,0,0,0,216334,3,0
0,0,0,0,23,28,519,674,0,0,0,0,0,236947,3,0
0,0,0,0,1,28,520,674,0,0,0,0,0,237580,3,0
2,0,0,1,21,28,521,674,0,0,0,0,0,261325,2,0
0,0,0,0,20,28,522,674,0,0,0,0,0,264280,3,0
0,0,0,0,11,28,523,674,0,0,0,0,0,271953,3,0
0,0,0,0,7,28,524,674,0,0,0,0,0,269047,3,0
0,0,0,0,29,28,525,674,0,0,0,0,0,276923,3,0
0,0,0,0,36,28,526,674,0,0,0,0,0,70191,3,0
0,0,0,0,30,28,527,674,0,0,0,0,0,257789,3,0
0,0,0,0,26,29,528,674,0,0,0,0,0,257209,3,0
0,0,0,0,17,29,529,674,0,0,0,0,0,217845,3,0
0,0,0,0,25,29,530,674,0,0,0,0,0,221994,3,0
0,0,0,0,10,29,531,674,0,0,0,0,0,72611,3,0
0,0,0,0,71,0,532,675,0,0,0,0,0,255412,3,0
0,0,0,0,66,4,533,675,0,0,0,0,0,262940,3,0
1,0,0,1,3,5,534,675,0,0,0,0,0,223931,3,0
1,0,0,1,26,6,535,675,0,0,0,0,0,188756,3,0
1,0,0,1,7,23,536,675,0,0,0,0,0,257131,3,0
0,0,0,0,4,12,537,675,0,0,0,0,0,269249,3,0
0,0,0,0,47,13,538,675,0,0,0,0,0,72630,3,0
1,0,0,1,18,15,539,675,0,0,0,0,0,208422,4,0
0,0,0,0,28,16,540,675,0,0,0,0,0,231101,3,0
0,0,0,0,10,27,541,675,0,0,0,0,0,237337,3,0
1,0,0,1,27,25,542,675,0,0,0,0,0,264777,3,0
0,0,0,0,32,28,543,675,0,0,0,0,0,263758,3,0
1,0,0,1,8,28,544,675,0,0,0,0,0,243643,3,0
0,0,0,0,2,28,545,675,0,0,0,0,0,241497,3,0
0,0,0,0,5,28,546,675,0,0,0,0,0,248603,3,0
0,0,0,0,33,28,547,675,0,0,0,0,0,250754,4,0
0,0,0,0,25,28,548,675,0,0,0,0,0,255241,3,0
0,0,0,0,42,28,549,675,0,0,0,0,0,264221,3,0
0,0,0,0,11,28,550,675,0,0,0,0,0,245228,2,0
0,0,0,0,17,28,551,675,0,0,0,0,0,272303,2,0
0,0,0,0,16,28,552,675,0,0,0,0,0,260977,3,0
0,0,0,0,30,28,553,675,0,0,0,0,0,251565,2,0
0,0,0,0,22,28,554,675,0,0,0,0,0,73915,3,0
0,0,0,0,21,29,555,675,0,0,0,0,0,73916,3,0
0,0,0,0,6,29,556,675,0,0,0,0,0,261158,3,0
0,0,0,0,55,29,557,675,0,0,0,0,0,72626,3,0
0,0,0,0,13,29,558,675,0,0,0,0,0,73917,3,0
0,0,0,0,56,29,559,675,0,0,0,0,0,277944,3,0
0,0,0,0,51,29,560,675,0,0,0,0,0,72633,3,0
0,0,0,0,9,29,561,675,0,0,0,0,0,72638,3,0
0,0,0,0,16,0,562,680,0,0,0,0,0,71641,3,0
0,0,0,0,20,4,563,680,0,0,0,0,0,276305,3,0
1,0,0,1,5,5,564,680,0,0,0,0,0,233225,3,0
0,0,0,0,31,6,565,680,0,0,0,0,0,210361,3,0
1,0,0,1,7,23,566,680,0,0,0,0,0,257975,3,0
0,0,0,0,19,12,567,680,0,0,0,0,0,261312,3,0
0,0,0,0,8,13,568,680,0,0,0,0,0,260464,4,0
1,0,0,1,13,15,569,680,0,0,0,0,0,232490,4,0
1,0,0,1,2,16,570,680,0,0,0,0,0,232849,3,0
4,0,0,1,91,27,571,680,0,0,0,0,0,251156,4,0
3,0,0,1,15,25,572,680,0,0,0,0,0,277457,3,0
0,0,0,0,60,28,573,680,0,0,0,0,0,279667,3,0
0,0,0,0,6,28,574,680,0,0,0,0,0,270923,3,0
0,0,0,0,14,28,575,680,0,0,0,0,0,256858,3,0
0,0,0,0,27,28,576,680,0,0,0,0,0,234668,3,0
0,0,0,0,12,28,577,680,0,0,0,0,0,184148,3,0
0,0,0,0,53,28,578,680,0,0,0,0,0,279807,3,0
0,0,0,0,33,28,579,680,0,0,0,0,0,279806,3,0
0,0,0,0,4,28,580,680,0,0,0,0,0,73455,3,0
0,0,0,0,23,28,581,680,0,0,0,0,0,276267,3,0
0,0,0,0,24,28,582,680,0,0,0,0,0,258021,3,0
0,0,0,0,22,28,583,680,0,0,0,0,0,234148,3,0
1,0,0,1,9,28,584,680,0,0,0,0,0,273610,3,0
0,0,0,0,11,29,585,680,0,0,0,0,0,271205,3,0
0,0,0,0,37,29,586,680,0,0,0,0,0,73863,3,0
0,0,0,0,34,29,587,680,0,0,0,0,0,73924,3,0
0,0,0,0,25,29,588,680,0,0,0,0,0,279791,3,0
0,0,0,0,51,29,589,680,0,0,0,0,0,272336,3,0
0,0,0,0,1,0,590,681,0,0,0,0,0,162220,2,0
1,0,0,1,40,4,591,681,0,0,0,0,0,255558,4,0
4,0,0,1,44,5,592,681,0,0,0,0,0,275192,5,0
0,0,0,0,33,6,593,681,0,0,0,0,0,186296,3,0
1,0,0,1,22,12,594,681,0,0,0,0,0,242907,3,0
1,0,0,1,6,13,595,681,0,0,0,0,0,235661,4,0
0,0,0,0,46,15,596,681,0,0,0,0,0,276315,3,0
0,0,0,0,25,16,597,681,0,0,0,0,0,274057,3,0
1,0,0,1,77,18,598,681,0,0,0,0,0,277755,3,0
4,0,0,1,9,24,599,681,0,0,0,0,0,275401,3,0
3,0,0,1,90,26,600,681,0,0,0,0,0,251575,3,0
0,0,0,0,39,28,601,681,0,0,0,0,0,251466,3,0
0,0,0,0,18,28,602,681,0,0,0,0,0,247874,3,0
0,0,0,0,4,28,603,681,0,0,0,0,0,261661,3,0
0,0,0,0,5,28,604,681,0,0,0,0,0,260521,3,0
0,0,0,0,30,28,605,681,0,0,0,0,0,209293,3,0
2,0,0,1,47,28,606,681,0,0,0,0,0,277293,3,0
0,0,0,0,10,28,607,681,0,0,0,0,0,264180,3,0
0,0,0,0,15,28,608,681,0,0,0,0,0,220948,3,0
0,0,0,0,32,28,609,681,0,0,0,0,0,208140,3,0
0,0,0,0,2,28,610,681,0,0,0,0,0,278369,3,0
0,0,0,0,23,28,611,681,0,0,0,0,0,234904,3,0
0,0,0,0,11,28,612,681,0,0,0,0,0,264210,3,0
0,0,0,0,20,29,613,681,0,0,0,0,0,216348,3,0
0,0,0,0,60,29,614,681,0,0,0,0,0,73984,3,0
0,0,0,0,3,29,615,681,0,0,0,0,0,279048,3,0
0,0,0,0,36,29,616,681,0,0,0,0,0,272461,3,0
0,0,0,0,17,29,617,681,0,0,0,0,0,251621,3,0
0,0,0,0,49,29,618,681,0,0,0,0,0,73324,3,0
0,0,0,0,1,0,619,1750,0,0,0,0,0,255754,3,0
1,0,0,1,66,3,620,1750,0,0,0,0,0,268067,1,0
0,0,0,0,90,4,621,1750,0,0,0,0,0,75081,1,0
0,0,0,0,18,6,622,1750,0,0,0,0,0,213328,2,0
0,0,0,0,20,7,623,1750,0,0,0,0,0,261531,3,0
0,0,0,0,28,9,624,1750,0,0,0,0,0,201438,2,0
0,0,0,0,6,11,625,1750,0,0,0,0,0,272399,3,0
1,0,0,1,34,12,626,1750,0,0,0,0,0,251189,3,0
1,0,0,1,19,16,627,1750,0,0,0,0,0,268787,2,0
1,0,0,1,30,18,628,1750,0,0,0,0,0,73307,3,0
5,1,0,1,9,25,629,1750,0,0,0,0,0,237254,3,0
2,0,0,1,99,28,630,1750,0,0,0,0,0,70273,2,0
0,0,0,0,11,28,631,1750,0,0,0,0,0,263397,3,0
0,0,0,0,8,28,632,1750,0,0,0,0,0,70115,1,0
0,0,0,0,3,28,633,1750,0,0,0,0,0,263549,3,0
0,0,0,0,21,28,634,1750,0,0,0,0,0,258763,1,0
0,0,0,0,10,28,635,1750,0,0,0,0,0,279930,2,0
0,0,0,0,17,28,636,1750,0,0,0,0,0,251845,3,0
0,0,0,0,15,28,637,1750,0,0,0,0,0,251537,3,0
0,0,0,0,27,28,638,1750,0,0,0,0,0,262026,2,0
0,0,0,0,76,28,639,1750,0,0,0,0,0,278552,3,0
0,0,0,0,13,28,640,1750,0,0,0,0,0,274126,3,0
0,0,0,0,7,28,641,1750,0,0,0,0,0,278260,3,0
0,0,0,0,2,29,642,1750,0,0,0,0,0,272568,2,0
0,0,0,0,22,29,643,1750,0,0,0,0,0,73059,3,0
0,0,0,0,4,29,644,1750,0,0,0,0,0,74755,3,0
0,0,0,0,84,29,645,1750,0,0,0,0,0,268069,3,0
0,0,0,0,49,0,646,2014,0,0,0,0,0,184167,3,0
0,0,0,0,21,3,647,2014,0,0,0,0,0,233965,3,0
1,0,0,1,5,4,648,2014,0,0,0,0,0,233230,3,0
0,0,0,0,28,5,649,2014,0,0,0,0,0,232873,3,0
0,0,0,0,48,6,650,2014,0,0,0,0,0,275207,3,0
0,0,0,0,17,7,651,2014,0,0,0,0,0,258489,3,0
0,0,0,0,24,10,652,2014,0,0,0,0,0,244889,3,0
0,0,0,0,27,13,653,2014,0,0,0,0,0,269230,3,0
0,0,0,0,10,15,654,2014,0,0,0,0,0,252108,3,0
3,0,0,1,77,24,655,2014,0,0,0,0,0,270905,3,0
1,0,0,1,13,26,656,2014,0,0,0,0,0,272569,3,0
0,0,0,0,25,28,657,2014,0,0,0,0,0,70888,3,0
0,0,0,0,7,28,658,2014,0,0,0,0,0,231322,3,0
0,0,0,0,4,28,659,2014,0,0,0,0,0,225266,3,0
0,0,0,0,16,28,660,2014,0,0,0,0,0,210044,3,0
0,0,0,0,1,28,661,2014,0,0,0,0,0,263619,3,0
2,0,0,1,9,28,662,2014,0,0,0,0,0,74896,3,0
0,0,0,0,19,28,663,2014,0,0,0,0,0,184156,3,0
0,0,0,0,23,28,664,2014,0,0,0,0,0,211381,3,0
0,0,0,0,8,28,665,2014,0,0,0,0,0,234948,3,0
0,0,0,0,26,28,666,2014,0,0,0,0,0,235572,3,0
0,0,0,0,22,28,667,2014,0,0,0,0,0,74963,3,0
0,0,0,0,15,28,668,2014,0,0,0,0,0,74519,3,0
0,0,0,0,14,29,669,2014,0,0,0,0,0,239594,3,0
0,0,0,0,6,29,670,2014,0,0,0,0,0,251247,3,0
0,0,0,0,85,29,671,2014,0,0,0,0,0,267769,3,0
1,0,0,1,12,29,672,2014,0,0,0,0,0,73070,3,0
0,0,0,0,55,29,673,2014,0,0,0,0,0,244318,3,0
0,0,0,0,11,29,674,2014,0,0,0,0,0,276316,3,0
0,0,0,0,31,0,675,100081,0,0,0,0,0,245274,4,0
0,0,0,0,2,3,676,100081,0,0,0,0,0,260142,3,0
0,0,0,0,24,4,677,100081,0,0,0,0,0,247421,3,0
1,0,0,1,44,5,678,100081,0,0,0,0,0,270585,4,0
0,0,0,0,26,6,679,100081,0,0,0,0,0,277180,3,0
1,0,0,1,11,7,680,100081,0,0,0,0,0,263654,3,0
0,0,0,0,6,10,681,100081,0,0,0,0,0,262024,3,0
0,0,0,0,10,13,682,100081,0,0,0,0,0,264201,3,0
0,0,0,0,70,15,683,100081,0,0,0,0,0,203633,3,0
1,0,0,1,68,24,684,100081,0,0,0,0,0,221350,4,0
3,0,0,1,19,26,685,100081,0,0,0,0,0,271979,5,0
1,0,0,1,30,28,686,100081,0,0,0,0,0,255526,3,0
0,0,0,0,7,28,687,100081,0,0,0,0,0,246329,3,0
0,0,0,0,16,28,688,100081,0,0,0,0,0,201043,3,0
0,0,0,0,14,28,689,100081,0,0,0,0,0,213777,3,0
0,0,0,0,95,28,690,100081,0,0,0,0,0,223957,3,0
0,0,0,0,23,28,691,100081,0,0,0,0,0,255527,3,0
1,0,0,1,4,28,692,100081,0,0,0,0,0,266581,3,0
0,0,0,0,20,28,693,100081,0,0,0,0,0,216105,3,0
0,0,0,0,45,28,694,100081,0,0,0,0,0,266391,3,0
0,0,0,0,21,28,695,100081,0,0,0,0,0,263413,3,0
0,0,0,0,27,28,696,100081,0,0,0,0,0,235799,3,0
0,0,0,0,35,28,697,100081,0,0,0,0,0,277688,3,0
0,0,0,0,13,29,698,100081,0,0,0,0,0,277066,3,0
0,0,0,0,1,29,699,100081,0,0,0,0,0,269752,3,0
0,0,0,0,15,29,700,100081,0,0,0,0,0,233544,3,0
0,0,0,0,1,0,701,100087,0,0,0,0,0,243294,1,0
0,0,0,0,27,3,702,100087,0,0,0,0,0,246284,2,0
0,0,0,0,14,4,703,100087,0,0,0,0,0,232437,1,0
0,0,0,0,5,6,704,100087,0,0,0,0,0,232704,1,0
0,0,0,0,30,7,705,100087,0,0,0,0,0,260282,1,0
0,0,0,0,8,9,706,100087,0,0,0,0,0,209780,3,0
0,0,0,0,4,11,707,100087,0,0,0,0,0,210831,2,0
2,0,0,1,15,12,708,100087,0,0,0,0,0,247668,1,0
1,0,0,1,21,16,709,100087,0,0,0,0,0,244843,3,0
2,0,0,1,88,18,710,100087,0,0,0,0,0,237138,1,0
1,0,0,1,33,25,711,100087,0,0,0,0,0,220847,2,0
0,0,0,0,23,28,712,100087,0,0,0,0,0,70922,3,0
0,0,0,0,20,28,713,100087,0,0,0,0,0,238346,1,0
1,0,0,1,11,28,714,100087,0,0,0,0,0,276216,2,0
0,0,0,0,58,28,715,100087,0,0,0,0,0,225487,1,0
0,0,0,0,16,28,716,100087,0,0,0,0,0,231841,3,0
0,0,0,0,19,28,717,100087,0,0,0,0,0,277832,1,0
1,0,0,1,77,28,718,100087,0,0,0,0,0,246185,1,0
0,0,0,0,17,28,719,100087,0,0,0,0,0,278154,3,0
0,0,0,0,25,28,720,100087,0,0,0,0,0,263892,3,0
0,0,0,0,22,28,721,100087,0,0,0,0,0,256849,3,0
0,0,0,0,63,28,722,100087,0,0,0,0,0,73918,3,0
0,0,0,0,61,28,723,100087,0,0,0,0,0,258399,3,0
0,0,0,0,3,29,724,100087,0,0,0,0,0,264121,3,0
0,0,0,0,28,29,725,100087,0,0,0,0,0,246157,3,0
0,0,0,0,1,0,726,110724,0,0,0,0,0,235629,4,0
0,0,0,0,4,4,727,110724,0,0,0,0,0,257091,4,0
2,0,0,1,29,5,728,110724,0,0,0,0,0,257787,3,0
0,0,0,0,3,6,729,110724,0,0,0,0,0,269089,3,0
2,0,0,1,19,23,730,110724,0,0,0,0,0,227689,4,0
2,0,0,1,77,12,731,110724,0,0,0,0,0,224252,4,0
0,0,0,0,32,13,732,110724,0,0,0,0,0,252868,3,0
2,0,0,1,16,15,733,110724,0,0,0,0,0,205369,5,0
1,0,0,0,23,16,734,110724,0,0,0,0,0,242003,4,0
3,0,0,1,11,27,735,110724,0,0,0,0,0,212205,5,0
2,0,0,1,20,25,736,110724,0,0,0,0,0,239418,3,0
1,0,0,0,14,28,737,110724,0,0,0,0,0,200429,3,0
0,0,0,0,7,28,738,110724,0,0,0,0,0,195065,4,0
1,0,0,0,10,28,739,110724,0,0,0,0,0,277501,4,0
0,0,0,0,2,28,740,110724,0,0,0,0,0,229648,3,0
0,0,0,0,15,28,741,110724,0,0,0,0,0,188202,3,0
1,0,0,0,35,28,742,110724,0,0,0,0,0,277072,4,0
0,0,0,0,6,28,743,110724,0,0,0,0,0,236535,4,0
0,0,0,0,17,28,744,110724,0,0,0,0,0,276314,3,0
0,0,0,0,5,28,745,110724,0,0,0,0,0,205618,4,0
0,0,0,0,8,28,746,110724,0,0,0,0,0,253039,3,0
0,0,0,0,13,28,747,110724,0,0,0,0,0,241103,3,0
0,0,0,0,9,28,748,110724,0,0,0,0,0,236464,3,0
0,0,0,0,31,29,749,110724,0,0,0,0,0,277207,3,0
0,0,0,0,33,29,750,110724,0,0,0,0,0,74967,3,0
0,0,0,0,39,29,751,110724,0,0,0,0,0,257163,3,0
0,0,0,0,36,29,752,110724,0,0,0,0,0,73912,3,0
0,0,0,0,46,29,753,110724,0,0,0,0,0,228354,3,0
0,0,0,0,38,29,754,110724,0,0,0,0,0,279050,3,0
0,0,0,0,22,0,755,245,0,0,0,0,0,162328,3,0
1,0,0,1,2,3,756,245,0,0,0,0,0,258826,3,0
0,0,0,0,37,4,757,245,0,0,0,0,0,256325,2,0
1,0,0,1,15,6,758,245,0,0,0,0,0,264220,3,0
1,0,0,1,4,7,759,245,0,0,0,0,0,272978,3,0
0,0,0,0,6,10,760,245,0,0,0,0,0,183711,3,0
0,0,0,0,23,23,761,245,0,0,0,0,0,200260,3,0
2,0,0,1,18,13,762,245,0,0,0,0,0,203483,5,0
1,0,0,1,8,15,763,245,0,0,0,0,0,255009,3,0
1,0,0,1,11,27,764,245,0,0,0,0,0,258378,2,0
0,0,0,0,9,25,765,245,0,0,0,0,0,251810,3,0
0,0,0,0,21,28,766,245,0,0,0,0,0,229158,2,0
0,0,0,0,16,28,767,245,0,0,0,0,0,263823,3,0
0,0,0,0,24,28,768,245,0,0,0,0,0,211320,3,0
0,0,0,0,3,28,769,245,0,0,0,0,0,269153,3,0
0,0,0,0,40,28,770,245,0,0,0,0,0,248478,3,0
2,0,0,1,20,28,771,245,0,0,0,0,0,207948,3,0
0,0,0,0,28,28,772,245,0,0,0,0,0,262218,3,0
2,0,0,1,10,28,773,245,0,0,0,0,0,213418,4,0
1,0,0,1,25,28,774,245,0,0,0,0,0,223689,5,0
0,0,0,0,12,28,775,245,0,0,0,0,0,262262,3,0
0,0,0,0,13,28,776,245,0,0,0,0,0,264728,3,0
1,0,0,1,38,28,777,245,0,0,0,0,0,274927,3,0
0,0,0,0,29,29,778,245,0,0,0,0,0,272982,3,0
0,0,0,0,27,29,779,245,0,0,0,0,0,266448,3,0
0,0,0,0,49,29,780,245,0,0,0,0,0,272983,3,0
0,0,0,0,36,29,781,245,0,0,0,0,0,74140,3,0
0,0,0,0,19,29,782,245,0,0,0,0,0,260920,3,0
0,0,0,0,5,29,783,245,0,0,0,0,0,236572,3,0
0,0,0,0,33,29,784,245,0,0,0,0,0,272596,3,0
0,0,0,0,30,29,785,245,0,0,0,0,0,247467,3,0
0,0,0,0,22,0,786,246,0,0,0,0,0,223686,4,0
1,0,0,1,30,3,787,246,0,0,0,0,0,234686,4,0
0,0,0,0,3,4,788,246,0,0,0,0,0,263773,2,0
1,0,0,1,33,6,789,246,0,0,0,0,0,247103,4,0
0,0,0,0,5,7,790,246,0,0,0,0,0,257502,3,0
1,0,0,1,4,10,791,246,0,0,0,0,0,228010,5,0
0,0,0,0,38,23,792,246,0,0,0,0,0,274516,2,0
1,0,0,1,27,13,793,246,0,0,0,0,0,263640,3,0
2,0,0,1,8,15,794,246,0,0,0,0,0,251806,3,0
2,0,0,1,14,27,795,246,0,0,0,0,0,271400,2,0
2,0,0,1,9,25,796,246,0,0,0,0,0,252162,4,0
0,0,0,0,6,28,797,246,0,0,0,0,0,252383,3,0
0,0,0,0,18,28,798,246,0,0,0,0,0,199813,3,0
0,0,0,0,2,28,799,246,0,0,0,0,0,226662,3,0
0,0,0,0,16,28,800,246,0,0,0,0,0,261224,5,0
0,0,0,0,1,28,801,246,0,0,0,0,0,232229,3,0
0,0,0,0,17,28,802,246,0,0,0,0,0,252931,3,0
0,0,0,0,24,28,803,246,0,0,0,0,0,277483,3,0
0,0,0,0,23,28,804,246,0,0,0,0,0,70726,3,0
0,0,0,0,19,28,805,246,0,0,0,0,0,240969,3,0
0,0,0,0,21,28,806,246,0,0,0,0,0,74875,3,0
0,0,0,0,20,28,807,246,0,0,0,0,0,73238,3,0
0,0,0,0,15,28,808,246,0,0,0,0,0,277597,3,0
0,0,0,0,26,29,809,246,0,0,0,0,0,271266,3,0
0,0,0,0,34,29,810,246,0,0,0,0,0,73617,3,0
0,0,0,0,43,29,811,246,0,0,0,0,0,74636,3,0
2,0,0,1,29,29,812,246,0,0,0,0,0,245152,3,0
1,0,0,1,10,29,813,246,0,0,0,0,0,236593,3,0
0,0,0,0,11,29,814,246,0,0,0,0,0,271121,3,0
0,0,0,0,1,0,815,247,0,0,0,0,0,215223,4,0
0,0,0,0,37,3,816,247,0,0,0,0,0,256098,3,0
0,0,0,0,6,4,817,247,0,0,0,0,0,270633,3,0
0,0,0,0,18,6,818,247,0,0,0,0,0,225863,4,0
0,0,0,0,32,7,819,247,0,0,0,0,0,74411,1,0
2,0,0,0,11,23,820,247,0,0,0,0,0,265450,2,0
1,0,0,0,22,13,821,247,0,0,0,0,0,235149,3,0
1,0,0,0,23,15,822,247,0,0,0,0,0,253109,3,0
4,1,0,1,7,27,823,247,0,0,0,0,0,256853,4,0
3,0,0,1,20,18,824,247,0,0,0,0,0,235663,2,0
4,1,0,1,9,25,825,247,0,0,0,0,0,189805,5,0
0,0,0,0,5,28,826,247,0,0,0,0,0,181458,3,0
0,0,0,0,34,28,827,247,0,0,0,0,0,259480,3,0
0,0,0,0,2,28,828,247,0,0,0,0,0,222558,3,0
0,0,0,0,39,28,829,247,0,0,0,0,0,261422,3,0
0,0,0,0,16,28,830,247,0,0,0,0,0,228279,3,0
0,0,0,0,10,28,831,247,0,0,0,0,0,239380,3,0
2,0,0,0,21,28,832,247,0,0,0,0,0,258753,3,0
4,1,0,1,27,28,833,247,0,0,0,0,0,221992,3,0
3,0,0,1,14,28,834,247,0,0,0,0,0,251223,3,0
0,0,0,0,17,28,835,247,0,0,0,0,0,241509,3,0
0,0,0,0,4,28,836,247,0,0,0,0,0,241171,3,0
0,0,0,0,26,28,837,247,0,0,0,0,0,277465,3,0
0,0,0,0,35,29,838,247,0,0,0,0,0,260100,3,0
0,0,0,0,28,29,839,247,0,0,0,0,0,275411,3,0
0,0,0,0,29,29,840,247,0,0,0,0,0,74956,3,0
0,0,0,0,24,29,841,247,0,0,0,0,0,272769,3,0
0,0,0,0,31,29,842,247,0,0,0,0,0,74412,3,0
0,0,0,0,33,29,843,247,0,0,0,0,0,74720,3,0
0,0,0,0,36,29,844,247,0,0,0,0,0,74878,3,0
0,0,0,0,51,29,845,247,0,0,0,0,0,75139,3,0
0,0,0,0,38,29,846,247,0,0,0,0,0,70775,3,0
0,0,0,0,25,29,847,247,0,0,0,0,0,273530,3,0
0,0,0,0,8,29,848,247,0,0,0,0,0,251804,3,0
0,0,0,0,31,0,849,634,0,0,0,0,0,210832,4,0
0,0,0,0,12,3,850,634,0,0,0,0,0,197860,4,0
1,0,0,1,14,4,851,634,0,0,0,0,0,263556,4,0
0,0,0,0,4,6,852,634,0,0,0,0,0,251895,4,0
0,0,0,0,35,7,853,634,0,0,0,0,0,208459,3,0
0,0,0,0,80,9,854,634,0,0,0,0,0,72972,4,0
0,0,0,0,32,11,855,634,0,0,0,0,0,262412,3,0
2,0,0,1,10,23,856,634,0,0,0,0,0,216349,3,0
1,0,0,1,7,27,857,634,0,0,0,0,0,210386,3,0
2,0,0,1,33,18,858,634,0,0,0,0,0,246237,3,0
1,0,0,1,11,25,859,634,0,0,0,0,0,72891,2,0
0,0,0,0,50,28,860,634,0,0,0,0,0,243946,3,0
0,0,0,0,6,28,861,634,0,0,0,0,0,260436,3,0
0,0,0,0,5,28,862,634,0,0,0,0,0,270980,3,0
0,0,0,0,21,28,863,634,0,0,0,0,0,73545,3,0
0,0,0,0,1,28,864,634,0,0,0,0,0,202457,3,0
0,0,0,0,22,28,865,634,0,0,0,0,0,223926,3,0
0,0,0,0,8,28,866,634,0,0,0,0,0,258823,4,0
1,0,0,1,28,28,867,634,0,0,0,0,0,73202,3,0
0,0,0,0,85,28,868,634,0,0,0,0,0,234572,3,0
0,0,0,0,77,28,869,634,0,0,0,0,0,73746,3,0
0,0,0,0,39,28,870,634,0,0,0,0,0,75226,3,0
0,0,0,0,71,28,871,634,0,0,0,0,0,73548,3,0
0,0,0,0,27,29,872,634,0,0,0,0,0,73546,3,0
0,0,0,0,17,29,873,634,0,0,0,0,0,276546,3,0
0,0,0,0,38,29,874,634,0,0,0,0,0,73547,3,0
0,0,0,0,23,29,875,634,0,0,0,0,0,230557,3,0
0,0,0,0,9,29,876,634,0,0,0,0,0,239378,3,0
0,0,0,0,1,0,877,1903,0,0,0,0,0,239272,3,0
0,0,0,0,2,3,878,1903,0,0,0,0,0,235222,4,0
0,0,0,0,3,4,879,1903,0,0,0,0,0,207725,3,0
1,0,0,1,24,6,880,1903,0,0,0,0,0,193440,5,0
0,0,0,0,16,7,881,1903,0,0,0,0,0,262473,4,0
0,0,0,0,27,9,882,1903,0,0,0,0,0,262025,3,0
1,0,0,1,8,11,883,1903,0,0,0,0,0,256890,3,0
2,0,0,1,77,12,884,1903,0,0,0,0,0,259114,3,0
2,0,0,1,21,16,885,1903,0,0,0,0,0,260523,5,0
1,0,0,1,18,18,886,1903,0,0,0,0,0,198006,3,0
1,0,0,1,9,25,887,1903,0,0,0,0,0,257959,4,0
0,0,0,0,22,28,888,1903,0,0,0,0,0,258730,2,0
0,0,0,0,6,28,889,1903,0,0,0,0,0,265518,4,0
0,0,0,0,40,28,890,1903,0,0,0,0,0,270702,3,0
0,0,0,0,23,28,891,1903,0,0,0,0,0,247330,3,0
0,0,0,0,25,28,892,1903,0,0,0,0,0,215546,3,0
0,0,0,0,7,28,893,1903,0,0,0,0,0,239379,3,0
1,0,0,1,20,28,894,1903,0,0,0,0,0,263268,3,0
0,0,0,0,10,28,895,1903,0,0,0,0,0,256887,3,0
3,0,0,1,11,28,896,1903,0,0,0,0,0,260264,3,0
0,0,0,0,5,28,897,1903,0,0,0,0,0,245270,3,0
0,0,0,0,14,28,898,1903,0,0,0,0,0,265788,3,0
0,0,0,0,19,28,899,1903,0,0,0,0,0,254503,3,0
0,0,0,0,15,29,900,1903,0,0,0,0,0,271746,3,0
0,0,0,0,46,29,901,1903,0,0,0,0,0,70007,3,0
0,0,0,0,32,29,902,1903,0,0,0,0,0,279508,3,0
0,0,0,0,44,29,903,1903,0,0,0,0,0,279648,3,0
0,0,0,0,33,29,904,1903,0,0,0,0,0,266517,3,0
0,0,0,0,42,29,905,1903,0,0,0,0,0,278786,3,0
0,0,0,0,48,29,906,1903,0,0,0,0,0,269573,3,0
0,0,0,0,99,0,907,1904,0,0,0,0,0,244256,4,0
0,0,0,0,25,3,908,1904,0,0,0,0,0,72711,5,0
0,0,0,0,12,4,909,1904,0,0,0,0,0,250813,4,0
1,0,0,1,5,6,910,1904,0,0,0,0,0,246716,4,0
0,0,0,0,4,7,911,1904,0,0,0,0,0,251812,4,0
0,0,0,0,20,9,912,1904,0,0,0,0,0,198811,3,0
0,0,0,0,16,11,913,1904,0,0,0,0,0,261386,3,0
1,0,0,1,7,12,914,1904,0,0,0,0,0,255360,3,0
0,0,0,0,77,16,915,1904,0,0,0,0,0,277482,3,0
2,0,0,1,39,18,916,1904,0,0,0,0,0,252141,4,0
0,0,0,0,10,25,917,1904,0,0,0,0,0,227509,2,0
0,0,0,0,8,28,918,1904,0,0,0,0,0,224185,3,0
0,0,0,0,23,28,919,1904,0,0,0,0,0,203485,3,0
0,0,0,0,21,28,920,1904,0,0,0,0,0,229518,3,0
0,0,0,0,3,28,921,1904,0,0,0,0,0,270991,3,0
0,0,0,0,1,28,922,1904,0,0,0,0,0,233101,3,0
0,0,0,0,6,28,923,1904,0,0,0,0,0,258870,2,0
0,0,0,0,14,28,924,1904,0,0,0,0,0,266052,3,0
0,0,0,0,11,28,925,1904,0,0,0,0,0,69987,3,0
1,0,0,1,9,28,926,1904,0,0,0,0,0,251368,3,0
0,0,0,0,15,28,927,1904,0,0,0,0,0,238840,3,0
1,0,0,1,2,28,928,1904,0,0,0,0,0,241693,3,0
0,0,0,0,17,28,929,1904,0,0,0,0,0,265742,3,0
0,0,0,0,49,29,930,1904,0,0,0,0,0,260169,3,0
0,0,0,0,19,29,931,1904,0,0,0,0,0,278338,3,0
0,0,0,0,37,29,932,1904,0,0,0,0,0,264265,3,0
0,0,0,0,28,29,933,1904,0,0,0,0,0,74336,2,0
0,0,0,0,18,29,934,1904,0,0,0,0,0,74335,3,0
0,0,0,0,24,29,935,1904,0,0,0,0,0,207499,3,0
0,0,0,0,1,0,936,1905,0,0,0,0,0,216833,3,0
0,0,0,0,2,3,937,1905,0,0,0,0,0,229907,3,0
0,0,0,0,17,4,938,1905,0,0,0,0,0,242761,3,0
0,0,0,0,3,6,939,1905,0,0,0,0,0,225531,3,0
0,0,0,0,28,7,940,1905,0,0,0,0,0,188621,1,0
0,0,0,0,24,9,941,1905,0,0,0,0,0,239558,3,0
0,0,0,0,6,11,942,1905,0,0,0,0,0,254680,3,0
1,0,0,1,7,12,943,1905,0,0,0,0,0,254268,4,0
0,0,0,0,14,16,944,1905,0,0,0,0,0,272977,3,0
0,0,0,0,10,18,945,1905,0,0,0,0,0,235324,3,0
0,0,0,0,9,25,946,1905,0,0,0,0,0,224324,2,0
0,0,0,0,52,28,947,1905,0,0,0,0,0,246960,3,0
0,0,0,0,22,28,948,1905,0,0,0,0,0,72895,3,0
0,0,0,0,4,28,949,1905,0,0,0,0,0,268117,2,0
0,0,0,0,5,28,950,1905,0,0,0,0,0,238190,3,0
0,0,0,0,21,28,951,1905,0,0,0,0,0,236649,2,0
2,0,0,1,23,28,952,1905,0,0,0,0,0,255313,3,0
2,0,0,1,19,28,953,1905,0,0,0,0,0,247120,3,0
0,0,0,0,11,28,954,1905,0,0,0,0,0,227746,3,0
0,0,0,0,29,28,955,1905,0,0,0,0,0,184614,3,0
0,0,0,0,35,28,956,1905,0,0,0,0,0,270011,3,0
0,0,0,0,18,28,957,1905,0,0,0,0,0,243716,3,0
0,0,0,0,8,28,958,1905,0,0,0,0,0,252593,3,0
0,0,0,0,34,29,959,1905,0,0,0,0,0,257962,2,0
0,0,0,0,20,29,960,1905,0,0,0,0,0,256486,3,0
0,0,0,0,30,29,961,1905,0,0,0,0,0,277968,3,0
0,0,0,0,13,29,962,1905,0,0,0,0,0,265745,3,0
0,0,0,0,33,29,963,1905,0,0,0,0,0,74968,3,0
0,0,0,0,15,29,964,1905,0,0,0,0,0,259468,3,0
0,0,0,0,32,29,965,1905,0,0,0,0,0,74610,3,0
0,0,0,0,1,0,966,1906,0,0,0,0,0,272958,2,0
0,0,0,0,16,3,967,1906,0,0,0,0,0,266071,3,0
0,0,0,0,3,4,968,1906,0,0,0,0,0,273752,3,0
0,0,0,0,5,6,969,1906,0,0,0,0,0,264288,3,0
0,0,0,0,18,7,970,1906,0,0,0,0,0,262135,3,0
0,0,0,0,8,10,971,1906,0,0,0,0,0,199422,3,0
4,1,0,1,11,23,972,1906,0,0,0,0,0,244513,2,0
2,0,0,1,10,13,973,1906,0,0,0,0,0,254789,2,0
0,0,0,0,6,15,974,1906,0,0,0,0,0,260076,2,0
2,0,0,1,7,27,975,1906,0,0,0,0,0,275592,2,0
5,1,0,1,9,25,976,1906,0,0,0,0,0,245902,2,0
1,0,0,0,14,28,977,1906,0,0,0,0,0,253082,3,0
0,0,0,0,4,28,978,1906,0,0,0,0,0,199550,3,0
0,0,0,0,34,28,979,1906,0,0,0,0,0,263099,3,0
0,0,0,0,30,28,980,1906,0,0,0,0,0,267446,3,0
0,0,0,0,41,28,981,1906,0,0,0,0,0,190778,3,0
0,0,0,0,23,28,982,1906,0,0,0,0,0,256427,3,0
1,0,0,0,27,28,983,1906,0,0,0,0,0,265741,3,0
0,0,0,0,21,28,984,1906,0,0,0,0,0,264219,3,0
2,0,0,1,35,28,985,1906,0,0,0,0,0,267974,3,0
0,0,0,0,12,28,986,1906,0,0,0,0,0,200696,3,0
0,0,0,0,22,28,987,1906,0,0,0,0,0,268106,1,0
0,0,0,0,17,28,988,1906,0,0,0,0,0,279239,3,0
0,0,0,0,26,29,989,1906,0,0,0,0,0,71532,3,0
0,0,0,0,28,29,990,1906,0,0,0,0,0,269259,3,0
0,0,0,0,24,29,991,1906,0,0,0,0,0,274528,3,0
0,0,0,0,33,29,992,1906,0,0,0,0,0,277864,3,0
0,0,0,0,31,29,993,1906,0,0,0,0,0,272961,3,0
0,0,0,0,13,29,994,1906,0,0,0,0,0,264211,3,0
0,0,0,0,1,0,995,1907,0,0,0,0,0,219793,5,0
0,0,0,0,7,3,996,1907,0,0,0,0,0,262256,2,0
0,0,0,0,25,4,997,1907,0,0,0,0,0,228980,3,0
0,0,0,0,30,5,998,1907,0,0,0,0,0,252318,3,0
0,0,0,0,33,6,999,1907,0,0,0,0,0,253376,3,0
0,0,0,0,5,7,1000,1907,0,0,0,0,0,72400,3,0
0,0,0,0,34,10,1001,1907,0,0,0,0,0,73948,3,0
1,0,0,1,8,13,1002,1907,0,0,0,0,0,252382,3,0
2,0,0,1,16,15,1003,1907,0,0,0,0,0,264452,3,0
3,0,0,1,9,24,1004,1907,0,0,0,0,0,268724,3,0
3,0,0,1,14,26,1005,1907,0,0,0,0,0,260577,2,0
0,0,0,0,4,28,1006,1907,0,0,0,0,0,200200,3,0
0,0,0,0,22,28,1007,1907,0,0,0,0,0,252149,3,0
0,0,0,0,15,28,1008,1907,0,0,0,0,0,73611,3,0
0,0,0,0,20,28,1009,1907,0,0,0,0,0,269460,3,0
0,0,0,0,24,28,1010,1907,0,0,0,0,0,252342,3,0
0,0,0,0,17,28,1011,1907,0,0,0,0,0,228568,3,0
0,0,0,0,6,28,1012,1907,0,0,0,0,0,251539,3,0
0,0,0,0,11,28,1013,1907,0,0,0,0,0,262674,3,0
0,0,0,0,18,28,1014,1907,0,0,0,0,0,220178,3,0
1,0,0,1,21,28,1015,1907,0,0,0,0,0,266049,5,0
0,0,0,0,48,28,1016,1907,0,0,0,0,0,74582,3,0
0,0,0,0,35,28,1017,1907,0,0,0,0,0,73966,3,0
0,0,0,0,50,29,1018,1907,0,0,0,0,0,74581,3,0
0,0,0,0,41,29,1019,1907,0,0,0,0,0,260042,3,0
0,0,0,0,44,29,1020,1907,0,0,0,0,0,73947,3,0
0,0,0,0,27,29,1021,1907,0,0,0,0,0,73950,3,0
0,0,0,0,1,0,1022,1908,0,0,0,0,0,199833,2,0
0,0,0,0,28,3,1023,1908,0,0,0,0,0,262311,3,0
0,0,0,0,2,4,1024,1908,0,0,0,0,0,259163,4,0
1,0,0,1,17,6,1025,1908,0,0,0,0,0,247931,3,0
1,0,0,1,34,7,1026,1908,0,0,0,0,0,268728,3,0
0,0,0,0,11,23,1027,1908,0,0,0,0,0,259563,2,0
0,0,0,0,8,13,1028,1908,0,0,0,0,0,265390,3,0
0,0,0,0,18,15,1029,1908,0,0,0,0,0,229435,3,0
0,0,0,0,7,27,1030,1908,0,0,0,0,0,231864,2,0
7,1,0,1,14,18,1031,1908,0,0,0,1,0,244728,4,0
3,0,0,1,10,25,1032,1908,0,0,0,0,0,236498,2,0
0,0,0,0,4,28,1033,1908,0,0,0,0,0,259478,3,0
0,0,0,0,5,28,1034,1908,0,0,0,0,0,217585,3,0
0,0,0,0,38,28,1035,1908,0,0,0,0,0,259673,3,0
0,0,0,0,3,28,1036,1908,0,0,0,0,0,264191,3,0
0,0,0,0,22,28,1037,1908,0,0,0,0,0,176094,3,0
0,0,0,0,6,28,1038,1908,0,0,0,0,0,234203,3,0
0,0,0,0,41,28,1039,1908,0,0,0,0,0,277542,3,0
0,0,0,0,30,28,1040,1908,0,0,0,0,0,269562,3,0
2,0,0,1,9,28,1041,1908,0,0,0,0,0,184457,3,0
0,0,0,0,16,28,1042,1908,0,0,0,0,0,239371,3,0
0,0,0,0,21,28,1043,1908,0,0,0,0,0,269232,3,0
0,0,0,0,29,28,1044,1908,0,0,0,0,0,74330,3,0
0,0,0,0,39,29,1045,1908,0,0,0,0,0,274834,3,0
0,0,0,0,24,29,1046,1908,0,0,0,0,0,277205,3,0
0,0,0,0,23,29,1047,1908,0,0,0,0,0,245209,3,0
0,0,0,0,19,29,1048,1908,0,0,0,0,0,275418,3,0
0,0,0,0,22,0,1049,1910,0,0,0,0,0,263798,3,0
0,0,0,0,2,3,1050,1910,0,0,0,0,0,266653,3,0
0,0,0,0,3,4,1051,1910,0,0,0,0,0,234679,3,0
0,0,0,0,17,6,1052,1910,0,0,0,0,0,193091,3,0
0,0,0,0,24,7,1053,1910,0,0,0,0,0,227794,2,0
0,0,0,0,71,10,1054,1910,0,0,0,0,0,262334,3,0
1,0,0,1,10,12,1055,1910,0,0,0,0,0,254752,2,0
2,0,0,1,7,13,1056,1910,0,0,0,0,0,245894,2,0
1,0,0,1,23,15,1057,1910,0,0,0,0,0,277809,3,0
0,0,0,0,5,16,1058,1910,0,0,0,0,0,229155,3,0
2,0,0,1,18,25,1059,1910,0,0,0,0,0,232829,2,0
0,0,0,0,20,28,1060,1910,0,0,0,0,0,172143,2,0
0,0,0,0,6,28,1061,1910,0,0,0,0,0,242381,2,0
0,0,0,0,19,28,1062,1910,0,0,0,0,0,257622,3,0
0,0,0,0,4,28,1063,1910,0,0,0,0,0,220385,3,0
0,0,0,0,1,28,1064,1910,0,0,0,0,0,269434,3,0
0,0,0,0,11,28,1065,1910,0,0,0,0,0,73355,3,0
0,0,0,0,8,28,1066,1910,0,0,0,0,0,74409,3,0
0,0,0,0,32,28,1067,1910,0,0,0,0,0,237895,3,0
1,0,0,1,25,28,1068,1910,0,0,0,0,0,70725,3,0
0,0,0,0,9,28,1069,1910,0,0,0,0,0,74879,3,0
0,0,0,0,21,28,1070,1910,0,0,0,0,0,278897,3,0
0,0,0,0,29,28,1071,1910,0,0,0,0,0,270669,3,0
0,0,0,0,31,29,1072,1910,0,0,0,0,0,265747,3,0
0,0,0,0,27,29,1073,1910,0,0,0,0,0,73357,3,0
0,0,0,0,26,29,1074,1910,0,0,0,0,0,73356,3,0
0,0,0,0,15,29,1075,1910,0,0,0,0,0,74410,3,0
0,0,0,0,13,0,1076,1913,0,0,0,0,0,208782,3,0
0,0,0,0,45,3,1077,1913,0,0,0,0,0,277672,3,0
0,0,0,0,4,4,1078,1913,0,0,0,0,0,251754,3,0
0,0,0,0,5,6,1079,1913,0,0,0,0,0,220230,3,0
0,0,0,0,11,7,1080,1913,0,0,0,0,0,233178,3,0
2,0,0,1,20,12,1081,1913,0,0,0,0,0,259131,3,0
0,0,0,0,21,13,1082,1913,0,0,0,0,0,277664,2,0
1,0,0,1,19,15,1083,1913,0,0,0,0,0,236427,3,0
0,0,0,0,10,16,1084,1913,0,0,0,0,0,266831,2,0
2,0,0,1,8,18,1085,1913,0,0,0,0,0,262397,3,0
3,0,0,1,18,25,1086,1913,0,0,0,0,0,277558,3,0
0,0,0,0,6,28,1087,1913,0,0,0,0,0,234860,3,0
0,0,0,0,2,28,1088,1913,0,0,0,0,0,251830,3,0
0,0,0,0,15,28,1089,1913,0,0,0,0,0,252736,3,0
0,0,0,0,27,28,1090,1913,0,0,0,0,0,73326,3,0
0,0,0,0,44,28,1091,1913,0,0,0,0,0,218212,3,0
0,0,0,0,7,28,1092,1913,0,0,0,0,0,234202,3,0
0,0,0,0,14,28,1093,1913,0,0,0,0,0,72893,3,0
0,0,0,0,24,28,1094,1913,0,0,0,0,0,272967,3,0
0,0,0,0,9,28,1095,1913,0,0,0,0,0,267426,3,0
0,0,0,0,23,28,1096,1913,0,0,0,0,0,235155,3,0
0,0,0,0,28,28,1097,1913,0,0,0,0,0,277682,3,0
0,0,0,0,17,28,1098,1913,0,0,0,0,0,269120,3,0
2,0,0,1,26,29,1099,1913,0,0,0,0,0,74340,4,0
0,0,0,0,39,29,1100,1913,0,0,0,0,0,74337,3,0
0,0,0,0,35,29,1101,1913,0,0,0,0,0,74339,3,0
0,0,0,0,22,29,1102,1913,0,0,0,0,0,273882,3,0
0,0,0,0,1,0,1103,1914,0,0,0,0,0,244676,3,0
0,0,0,0,2,3,1104,1914,0,0,0,0,0,233098,3,0
0,0,0,0,28,4,1105,1914,0,0,0,0,0,242690,3,0
0,0,0,0,4,6,1106,1914,0,0,0,0,0,262889,3,0
0,0,0,0,33,7,1107,1914,0,0,0,0,0,266417,3,0
0,0,0,0,6,10,1108,1914,0,0,0,0,0,276632,3,0
0,0,0,0,18,12,1109,1914,0,0,0,0,0,237732,3,0
0,0,0,0,35,13,1110,1914,0,0,0,0,0,231150,4,0
1,0,0,1,10,15,1111,1914,0,0,0,0,0,258984,3,0
2,0,0,1,50,16,1112,1914,0,0,0,0,0,258500,2,0
3,0,0,1,9,25,1113,1914,0,0,0,0,0,237807,2,0
0,0,0,0,23,28,1114,1914,0,0,0,0,0,246231,3,0
0,0,0,0,17,28,1115,1914,0,0,0,0,0,240026,3,0
0,0,0,0,5,28,1116,1914,0,0,0,0,0,252169,3,0
0,0,0,0,3,28,1117,1914,0,0,0,0,0,272980,3,0
0,0,0,0,25,28,1118,1914,0,0,0,0,0,169181,3,0
0,0,0,0,7,28,1119,1914,0,0,0,0,0,226539,2,0
1,0,0,1,11,28,1120,1914,0,0,0,0,0,247209,3,0
0,0,0,0,77,28,1121,1914,0,0,0,0,0,239397,3,0
0,0,0,0,29,28,1122,1914,0,0,0,0,0,242528,3,0
0,0,0,0,30,28,1123,1914,0,0,0,0,0,220763,3,0
0,0,0,0,40,28,1124,1914,0,0,0,0,0,229135,3,0
0,0,0,0,22,28,1125,1914,0,0,0,0,0,70545,3,0
0,0,0,0,34,29,1126,1914,0,0,0,0,0,277943,3,0
0,0,0,0,38,29,1127,1914,0,0,0,0,0,70041,3,0
0,0,0,0,37,29,1128,1914,0,0,0,0,0,277220,3,0
0,0,0,0,41,29,1129,1914,0,0,0,0,0,275419,3,0
0,0,0,0,21,29,1130,1914,0,0,0,0,0,259401,3,0
0,0,0,0,47,29,1131,1914,0,0,0,0,0,278911,3,0
0,0,0,0,1,0,1132,1915,0,0,0,0,0,250916,4,0
2,0,0,1,7,3,1133,1915,0,0,0,0,0,198133,2,0
1,0,0,1,5,4,1134,1915,0,0,0,0,0,257957,3,0
0,0,0,0,43,6,1135,1915,0,0,0,0,0,200122,3,0
0,0,0,0,22,7,1136,1915,0,0,0,0,0,71356,3,0
3,0,0,1,14,12,1137,1915,0,0,0,0,0,273008,4,0
0,0,0,0,6,13,1138,1915,0,0,0,0,0,275867,2,0
0,0,0,0,8,15,1139,1915,0,0,0,0,0,234066,4,0
1,0,0,1,10,16,1140,1915,0,0,0,0,0,262221,3,0
0,0,0,0,29,24,1141,1915,0,0,0,0,0,252910,2,0
1,0,0,1,26,26,1142,1915,0,0,0,0,0,271932,2,0
0,0,0,0,4,28,1143,1915,0,0,0,0,0,209701,3,0
0,0,0,0,3,28,1144,1915,0,0,0,0,0,262220,2,0
0,0,0,0,2,28,1145,1915,0,0,0,0,0,72299,3,0
0,0,0,0,67,28,1146,1915,0,0,0,0,0,74348,3,0
0,0,0,0,21,28,1147,1915,0,0,0,0,0,228860,3,0
1,0,0,1,27,28,1148,1915,0,0,0,0,0,269744,2,0
0,0,0,0,18,28,1149,1915,0,0,0,0,0,262222,3,0
0,0,0,0,25,28,1150,1915,0,0,0,0,0,257484,3,0
2,0,0,1,9,28,1151,1915,0,0,0,0,0,261457,3,0
0,0,0,0,57,28,1152,1915,0,0,0,0,0,74347,3,0
0,0,0,0,11,28,1153,1915,0,0,0,0,0,254998,3,0
0,0,0,0,70,28,1154,1915,0,0,0,0,0,74345,3,0
0,0,0,0,56,29,1155,1915,0,0,0,0,0,74346,3,0
0,0,0,0,23,29,1156,1915,0,0,0,0,0,72300,3,0
0,0,0,0,24,29,1157,1915,0,0,0,0,0,268108,3,0
0,0,0,0,31,29,1158,1915,0,0,0,0,0,272424,3,0
0,0,0,0,36,29,1159,1915,0,0,0,0,0,272984,3,0
0,0,0,0,1,0,1160,100632,0,0,0,0,0,240123,3,0
1,0,0,1,2,3,1161,100632,0,0,0,0,0,262790,4,0
1,0,0,1,3,4,1162,100632,0,0,0,0,0,192559,5,0
0,0,0,0,4,6,1163,100632,0,0,0,0,0,228363,4,0
0,0,0,0,29,7,1164,100632,0,0,0,0,0,271080,3,0
0,0,0,0,8,9,1165,100632,0,0,0,0,0,244725,3,0
1,0,0,1,21,11,1166,100632,0,0,0,0,0,261776,3,0
1,0,0,1,11,12,1167,100632,0,0,0,0,0,240906,3,0
0,0,0,0,19,16,1168,100632,0,0,0,0,0,247447,2,0
1,0,0,1,7,18,1169,100632,0,0,0,0,0,256800,3,0
3,0,0,1,16,25,1170,100632,0,0,0,0,0,259921,4,0
0,0,0,0,10,28,1171,100632,0,0,0,0,0,250998,3,0
0,0,0,0,25,28,1172,100632,0,0,0,0,0,258549,3,0
0,0,0,0,26,28,1173,100632,0,0,0,0,0,269747,3,0
0,0,0,0,24,28,1174,100632,0,0,0,0,0,264099,3,0
0,0,0,0,22,28,1175,100632,0,0,0,0,0,244218,3,0
0,0,0,0,23,28,1176,100632,0,0,0,0,0,253399,5,0
0,0,0,0,6,28,1177,100632,0,0,0,0,0,269258,3,0
0,0,0,0,17,28,1178,100632,0,0,0,0,0,72892,3,0
0,0,0,0,9,28,1179,100632,0,0,0,0,0,268820,3,0
2,0,0,1,27,28,1180,100632,0,0,0,0,0,233109,3,0
0,0,0,0,5,28,1181,100632,0,0,0,0,0,269247,3,0
0,0,0,0,15,28,1182,100632,0,0,0,0,0,271270,3,0
0,0,0,0,28,29,1183,100632,0,0,0,0,0,271269,3,0
0,0,0,0,30,29,1184,100632,0,0,0,0,0,262791,3,0
0,0,0,0,33,29,1185,100632,0,0,0,0,0,266649,3,0
0,0,0,0,1,0,1186,100634,0,0,0,0,0,253442,2,0
0,0,0,0,2,3,1187,100634,0,0,0,0,0,264416,3,0
1,0,0,1,4,4,1188,100634,0,0,0,0,0,223814,2,0
0,0,0,0,24,6,1189,100634,0,0,0,0,0,255449,2,0
0,0,0,0,12,7,1190,100634,0,0,0,0,0,252268,2,0
1,0,0,1,14,9,1191,100634,0,0,0,0,0,250913,2,0
0,0,0,0,26,11,1192,100634,0,0,0,0,0,246179,3,0
0,0,0,0,29,23,1193,100634,0,0,0,0,0,264660,2,0
2,0,0,1,8,27,1194,100634,0,0,0,0,0,223370,2,0
0,0,0,0,10,18,1195,100634,0,0,0,0,0,73964,2,0
2,0,0,1,19,25,1196,100634,0,0,0,0,0,73949,4,0
0,0,0,0,32,28,1197,100634,0,0,0,0,0,268450,3,0
0,0,0,0,21,28,1198,100634,0,0,0,0,0,231823,3,0
0,0,0,0,18,28,1199,100634,0,0,0,0,0,193561,3,0
0,0,0,0,22,28,1200,100634,0,0,0,0,0,72894,3,0
0,0,0,0,30,28,1201,100634,0,0,0,0,0,243905,3,0
0,0,0,0,17,28,1202,100634,0,0,0,0,0,202050,3,0
0,0,0,0,5,28,1203,100634,0,0,0,0,0,234196,3,0
1,0,0,1,23,28,1204,100634,0,0,0,0,0,73599,3,0
0,0,0,0,9,28,1205,100634,0,0,0,0,0,241835,3,0
0,0,0,0,3,28,1206,100634,0,0,0,0,0,257570,3,0
0,0,0,0,35,28,1207,100634,0,0,0,0,0,277245,3,0
0,0,0,0,20,28,1208,100634,0,0,0,0,0,277246,3,0
0,0,0,0,28,29,1209,100634,0,0,0,0,0,73433,3,0
0,0,0,0,27,29,1210,100634,0,0,0,0,0,72992,3,0
0,0,0,0,16,29,1211,100634,0,0,0,0,0,268449,3,0
0,0,0,0,7,29,1212,100634,0,0,0,0,0,254831,3,0
0,0,0,0,6,29,1213,100634,0,0,0,0,0,258893,3,0
0,0,0,0,13,29,1214,100634,0,0,0,0,0,245286,3,0
0,0,0,0,11,29,1215,100634,0,0,0,0,0,224859,3,0
0,0,0,0,1,0,1216,100646,0,0,0,0,0,224241,3,0
0,0,0,0,2,3,1217,100646,0,0,0,0,0,238042,3,0
0,0,0,0,3,4,1218,100646,0,0,0,0,0,265535,3,0
0,0,0,0,4,6,1219,100646,0,0,0,0,0,269246,3,0
0,0,0,0,5,7,1220,100646,0,0,0,0,0,264248,3,0
0,0,0,0,6,9,1221,100646,0,0,0,0,0,269471,3,0
1,0,0,1,8,11,1222,100646,0,0,0,0,0,236037,3,0
3,0,0,1,7,12,1223,100646,0,0,0,0,0,276712,2,0
1,0,0,1,11,16,1224,100646,0,0,0,0,0,274449,3,0
0,0,0,0,10,18,1225,100646,0,0,0,0,0,224163,3,0
2,0,0,1,9,25,1226,100646,0,0,0,0,0,230737,4,0
0,0,0,0,18,28,1227,100646,0,0,0,0,0,242531,3,0
0,0,0,0,20,28,1228,100646,0,0,0,0,0,250918,3,0
1,0,0,1,13,28,1229,100646,0,0,0,0,0,73012,3,0
0,0,0,0,24,28,1230,100646,0,0,0,0,0,74344,3,0
0,0,0,0,12,28,1231,100646,0,0,0,0,0,252462,3,0
0,0,0,0,15,28,1232,100646,0,0,0,0,0,177569,3,0
0,0,0,0,16,28,1233,100646,0,0,0,0,0,262062,4,0
1,0,0,1,17,28,1234,100646,0,0,0,0,0,279808,2,0
0,0,0,0,14,28,1235,100646,0,0,0,0,0,252082,3,0
0,0,0,0,19,28,1236,100646,0,0,0,0,0,269688,3,0
0,0,0,0,21,28,1237,100646,0,0,0,0,0,74460,3,0
0,0,0,0,23,28,1238,100646,0,0,0,0,0,276074,3,0
0,0,0,0,22,29,1239,100646,0,0,0,0,0,271120,3,0
0,0,0,0,25,29,1240,100646,0,0,0,0,0,278913,3,0
0,0,0,0,26,29,1241,100646,0,0,0,0,0,276494,3,0
0,0,0,0,27,29,1242,100646,0,0,0,0,0,74640,3,0
0,0,0,0,1,0,1243,111380,0,0,0,0,0,275856,2,0
0,0,0,0,20,3,1244,111380,0,0,0,0,0,252261,3,0
0,0,0,0,4,4,1245,111380,0,0,0,0,0,278628,3,0
0,0,0,0,15,6,1246,111380,0,0,0,0,0,245768,3,0
0,0,0,0,14,7,1247,111380,0,0,0,0,0,252999,3,0
1,0,0,1,17,12,1248,111380,0,0,0,0,0,241422,3,0
0,0,0,0,5,13,1249,111380,0,0,0,0,0,275861,2,0
0,0,0,0,8,15,1250,111380,0,0,0,0,0,220965,3,0
0,0,0,0,11,16,1251,111380,0,0,0,0,0,257083,3,0
0,0,0,0,9,24,1252,111380,0,0,0,0,0,229974,2,0
1,0,0,1,21,26,1253,111380,0,0,0,0,0,213839,3,0
0,0,0,0,6,28,1254,111380,0,0,0,0,0,235521,3,0
0,0,0,0,22,28,1255,111380,0,0,0,0,0,251957,3,0
0,0,0,0,2,28,1256,111380,0,0,0,0,0,234198,3,0
0,0,0,0,3,28,1257,111380,0,0,0,0,0,275857,3,0
0,0,0,0,29,28,1258,111380,0,0,0,0,0,248830,3,0
0,0,0,0,19,28,1259,111380,0,0,0,0,0,209316,4,0
0,0,0,0,7,28,1260,111380,0,0,0,0,0,264311,3,0
0,0,0,0,27,28,1261,111380,0,0,0,0,0,256843,3,0
0,0,0,0,16,28,1262,111380,0,0,0,0,0,246385,3,0
0,0,0,0,23,28,1263,111380,0,0,0,0,0,267959,3,0
0,0,0,0,24,28,1264,111380,0,0,0,0,0,254471,3,0
0,0,0,0,25,28,1265,111380,0,0,0,0,0,246078,3,0
0,0,0,0,37,29,1266,111380,0,0,0,0,0,275868,3,0
0,0,0,0,26,29,1267,111380,0,0,0,0,0,275862,3,0
0,0,0,0,39,29,1268,111380,0,0,0,0,0,73077,3,0
0,0,0,0,36,29,1269,111380,0,0,0,0,0,73019,3,0
0,0,0,0,40,29,1270,111380,0,0,0,0,0,73075,3,0
0,0,0,0,30,29,1271,111380,0,0,0,0,0,72298,3,0
0,0,0,0,34,29,1272,111380,0,0,0,0,0,275865,3,0
0,0,0,0,31,29,1273,111380,0,0,0,0,0,277857,3,0
0,0,0,0,22,0,1274,1,0,0,0,0,0,220901,3,0
0,0,0,0,4,3,1275,1,0,0,0,0,0,231936,3,0
0,0,0,0,2,4,1276,1,0,0,0,0,0,243715,3,0
2,0,0,1,6,6,1277,1,0,0,0,0,0,232580,3,0
0,0,0,0,12,7,1278,1,0,0,0,0,0,251805,3,0
2,0,0,1,7,12,1279,1,0,0,0,0,0,246669,5,0
1,0,0,0,5,13,1280,1,0,0,0,0,0,209989,4,0
0,0,0,0,41,15,1281,1,0,0,0,0,0,234378,3,0
2,0,0,1,11,16,1282,1,0,0,0,0,0,251566,3,0
4,1,0,1,29,24,1283,1,0,0,0,0,0,235790,4,0
2,0,0,1,19,26,1284,1,0,0,0,0,0,207421,3,0
0,0,0,0,23,28,1285,1,0,0,0,0,0,225193,3,0
0,0,0,0,20,28,1286,1,0,0,0,0,0,205498,3,0
0,0,0,0,18,28,1287,1,0,0,0,0,0,232938,3,0
1,0,0,0,33,28,1288,1,0,0,0,0,0,257711,4,0
0,0,0,0,32,28,1289,1,0,0,0,0,0,194404,3,0
0,0,0,0,53,28,1290,1,0,0,0,0,0,271807,3,0
0,0,0,0,49,28,1291,1,0,0,0,0,0,278773,3,0
0,0,0,0,30,28,1292,1,0,0,0,0,0,202652,2,0
0,0,0,0,9,28,1293,1,0,0,0,0,0,230666,3,0
0,0,0,0,15,28,1294,1,0,0,0,0,0,265693,3,0
0,0,0,0,8,28,1295,1,0,0,0,0,0,222665,3,0
0,0,0,0,3,28,1296,1,0,0,0,0,0,226491,3,0
0,0,0,0,17,29,1297,1,0,0,0,0,0,227813,3,0
0,0,0,0,23,0,1298,2,0,0,0,0,0,202811,4,0
0,0,0,0,2,3,1299,2,0,0,0,0,0,227174,3,0
1,0,0,1,4,4,1300,2,0,0,0,0,0,227678,3,0
0,0,0,0,14,6,1301,2,0,0,0,0,0,241464,4,0
0,0,0,0,12,7,1302,2,0,0,0,0,0,200458,4,0
2,0,0,1,24,9,1303,2,0,0,0,0,0,257057,3,0
0,0,0,0,8,11,1304,2,0,0,0,0,0,216393,3,0
0,0,0,0,31,12,1305,2,0,0,0,0,0,229906,2,0
0,0,0,0,7,16,1306,2,0,0,0,0,0,210881,3,0
1,0,0,1,27,18,1307,2,0,0,0,0,0,260247,3,0
4,1,0,1,11,25,1308,2,0,0,0,0,0,221697,2,0
0,0,0,0,6,28,1309,2,0,0,0,0,0,199189,3,0
0,0,0,0,3,28,1310,2,0,0,0,0,0,219693,3,0
0,0,0,0,22,28,1311,2,0,0,0,0,0,248465,3,0
0,0,0,0,20,28,1312,2,0,0,0,0,0,74207,3,0
0,0,0,0,18,28,1313,2,0,0,0,0,0,243917,3,0
0,0,0,0,41,28,1314,2,0,0,0,0,0,246923,3,0
0,0,0,0,19,28,1315,2,0,0,0,0,0,261336,3,0
0,0,0,0,10,28,1316,2,0,0,0,0,0,226162,3,0
4,1,0,1,9,28,1317,2,0,0,0,0,0,247172,3,0
0,0,0,0,26,28,1318,2,0,0,0,0,0,264209,3,0
0,0,0,0,25,28,1319,2,0,0,0,0,0,207557,3,0
0,0,0,0,30,28,1320,2,0,0,0,0,0,210635,3,0
0,0,0,0,44,29,1321,2,0,0,0,0,0,236987,3,0
0,0,0,0,5,29,1322,2,0,0,0,0,0,212419,3,0
0,0,0,0,1,0,1323,5,0,0,0,0,0,228789,5,0
0,0,0,0,27,3,1324,5,0,0,0,0,0,259307,3,0
0,0,0,0,29,4,1325,5,0,0,0,0,0,248695,3,0
0,0,0,0,6,6,1326,5,0,0,0,0,0,262859,3,0
0,0,0,0,3,7,1327,5,0,0,0,0,0,239231,3,0
0,0,0,0,25,9,1328,5,0,0,0,0,0,256079,3,0
0,0,0,0,8,11,1329,5,0,0,0,0,0,247090,3,0
4,1,0,1,11,12,1330,5,0,0,0,0,0,254796,4,0
0,0,0,0,19,16,1331,5,0,0,0,0,0,233049,3,0
6,1,0,1,20,18,1332,5,0,0,0,0,0,257534,4,0
4,1,0,1,15,25,1333,5,0,0,0,0,0,259197,3,0
0,0,0,0,45,28,1334,5,0,0,0,0,0,263620,3,0
0,0,0,0,4,28,1335,5,0,0,0,0,0,222104,3,0
0,0,0,0,2,28,1336,5,0,0,0,0,0,229942,3,0
0,0,0,0,40,28,1337,5,0,0,0,0,0,273906,3,0
0,0,0,0,12,28,1338,5,0,0,0,0,0,258485,3,0
0,0,0,0,7,28,1339,5,0,0,0,0,0,238616,3,0
0,0,0,0,22,28,1340,5,0,0,0,0,0,237386,3,0
1,0,0,1,18,28,1341,5,0,0,0,0,0,232411,3,0
1,0,0,1,14,28,1342,5,0,0,0,0,0,242444,3,0
0,0,0,0,10,28,1343,5,0,0,0,0,0,246340,3,0
0,0,0,0,17,28,1344,5,0,0,0,0,0,259356,3,0
0,0,0,0,31,28,1345,5,0,0,0,0,0,273883,3,0
0,0,0,0,5,29,1346,5,0,0,0,0,0,242578,3,0
0,0,0,0,38,29,1347,5,0,0,0,0,0,278813,3,0
0,0,0,0,13,29,1348,5,0,0,0,0,0,204246,3,0
0,0,0,0,32,29,1349,5,0,0,0,0,0,71998,3,0
0,0,0,0,34,29,1350,5,0,0,0,0,0,71651,3,0
0,0,0,0,47,29,1351,5,0,0,0,0,0,261375,3,0
0,0,0,0,21,29,1352,5,0,0,0,0,0,229984,3,0
0,0,0,0,36,29,1353,5,0,0,0,0,0,277795,3,0
0,0,0,0,39,29,1354,5,0,0,0,0,0,265412,3,0
0,0,0,0,43,29,1355,5,0,0,0,0,0,278288,3,0
0,0,0,0,49,29,1356,5,0,0,0,0,0,71997,3,0
0,0,0,0,37,29,1357,5,0,0,0,0,0,278017,3,0
0,0,0,0,24,29,1358,5,0,0,0,0,0,238074,3,0
0,0,0,0,1,0,1359,7,0,0,0,0,0,204935,5,0
0,0,0,0,18,3,1360,7,0,0,0,0,0,152908,4,0
0,0,0,0,6,4,1361,7,0,0,0,0,0,202695,3,0
1,0,0,1,5,6,1362,7,0,0,0,0,0,207599,4,0
0,0,0,0,19,7,1363,7,0,0,0,0,0,244380,3,0
0,0,0,0,42,9,1364,7,0,0,0,0,0,266609,3,0
0,0,0,0,27,11,1365,7,0,0,0,0,0,193474,3,0
0,0,0,0,11,12,1366,7,0,0,0,0,0,232080,3,0
1,0,0,1,10,16,1367,7,0,0,0,0,0,261188,3,0
3,0,0,1,7,18,1368,7,0,0,0,0,0,243282,3,0
2,0,0,1,9,25,1369,7,0,0,0,0,0,221479,2,0
0,0,0,0,8,28,1370,7,0,0,0,0,0,234078,3,0
0,0,0,0,37,28,1371,7,0,0,0,0,0,243657,4,0
0,0,0,0,32,28,1372,7,0,0,0,0,0,247649,3,0
0,0,0,0,15,28,1373,7,0,0,0,0,0,253510,3,0
0,0,0,0,12,28,1374,7,0,0,0,0,0,237704,3,0
0,0,0,0,16,28,1375,7,0,0,0,0,0,208135,4,0
0,0,0,0,29,28,1376,7,0,0,0,0,0,245741,3,0
0,0,0,0,14,28,1377,7,0,0,0,0,0,251892,3,0
0,0,0,0,17,28,1378,7,0,0,0,0,0,270866,3,0
0,0,0,0,31,28,1379,7,0,0,0,0,0,172723,3,0
0,0,0,0,75,28,1380,7,0,0,0,0,0,74634,3,0
0,0,0,0,45,28,1381,7,0,0,0,0,0,74413,3,0
0,0,0,0,30,29,1382,7,0,0,0,0,0,270676,3,0
0,0,0,0,23,29,1383,7,0,0,0,0,0,180216,3,0
0,0,0,0,22,29,1384,7,0,0,0,0,0,256268,3,0
0,0,0,0,2,29,1385,7,0,0,0,0,0,257896,3,0
0,0,0,0,1,0,1386,9,0,0,0,0,0,212831,4,0
0,0,0,0,66,3,1387,9,0,0,0,0,0,231281,4,0
1,0,0,1,5,4,1388,9,0,0,0,0,0,237678,4,0
0,0,0,0,4,6,1389,9,0,0,0,0,0,203376,4,0
0,0,0,0,26,7,1390,9,0,0,0,0,0,216267,3,0
0,0,0,0,10,9,1391,9,0,0,0,0,0,239837,3,0
0,0,0,0,38,11,1392,9,0,0,0,0,0,246104,4,0
4,1,0,1,11,23,1393,9,0,0,0,0,0,209331,2,0
5,1,0,1,7,27,1394,9,0,0,0,0,0,241084,3,0
0,0,0,0,8,18,1395,9,0,0,0,0,0,236772,3,0
2,0,0,1,20,25,1396,9,0,0,0,0,0,224458,4,0
0,0,0,0,3,28,1397,9,0,0,0,0,0,232487,3,0
0,0,0,0,2,28,1398,9,0,0,0,0,0,225100,3,0
0,0,0,0,21,28,1399,9,0,0,0,0,0,232223,4,0
0,0,0,0,84,28,1400,9,0,0,0,0,0,264298,3,0
0,0,0,0,62,28,1401,9,0,0,0,0,0,240913,3,0
0,0,0,0,14,28,1402,9,0,0,0,0,0,235805,3,0
0,0,0,0,17,28,1403,9,0,0,0,0,0,242434,3,0
0,0,0,0,18,28,1404,9,0,0,0,0,0,242516,4,0
1,0,0,1,9,28,1405,9,0,0,0,0,0,253072,3,0
0,0,0,0,78,28,1406,9,0,0,0,0,0,273651,3,0
0,0,0,0,95,28,1407,9,0,0,0,0,0,271977,3,0
0,0,0,0,80,28,1408,9,0,0,0,0,0,265459,3,0
0,0,0,0,56,29,1409,9,0,0,0,0,0,253428,3,0
0,0,0,0,53,29,1410,9,0,0,0,0,0,278292,3,0
0,0,0,0,76,29,1411,9,0,0,0,0,0,71227,3,0
0,0,0,0,98,29,1412,9,0,0,0,0,0,279128,3,0
0,0,0,0,19,29,1413,9,0,0,0,0,0,246174,3,0
0,0,0,0,31,0,1414,10,0,0,0,0,0,210257,2,0
0,0,0,0,82,3,1415,10,0,0,0,0,0,271574,3,0
0,0,0,0,3,4,1416,10,0,0,0,0,0,239818,2,0
0,0,0,0,25,6,1417,10,0,0,0,0,0,229237,2,0
1,0,0,1,24,7,1418,10,0,0,0,0,0,251517,3,0
3,0,0,1,8,10,1419,10,0,0,0,0,0,207410,5,0
0,0,0,0,26,23,1420,10,0,0,0,0,0,270409,3,0
0,0,0,0,20,13,1421,10,0,0,0,0,0,218667,4,0
0,0,0,0,19,15,1422,10,0,0,0,0,0,186942,3,0
1,0,0,1,11,27,1423,10,0,0,0,0,0,246420,3,0
10,1,0,1,9,25,1424,10,0,0,0,1,0,239085,3,0
0,0,0,0,27,28,1425,10,0,0,0,0,0,253124,3,0
1,0,0,1,5,28,1426,10,0,0,0,0,0,203574,3,0
0,0,0,0,2,28,1427,10,0,0,0,0,0,188377,3,0
0,0,0,0,6,28,1428,10,0,0,0,0,0,208920,3,0
0,0,0,0,18,28,1429,10,0,0,0,0,0,200159,3,0
0,0,0,0,10,28,1430,10,0,0,0,0,0,206517,3,0
1,0,0,1,17,28,1431,10,0,0,0,0,0,192985,3,0
0,0,0,0,87,28,1432,10,0,0,0,0,0,264349,3,0
0,0,0,0,47,28,1433,10,0,0,0,0,0,237692,3,0
0,0,0,0,97,28,1434,10,0,0,0,0,0,264681,3,0
0,0,0,0,56,28,1435,10,0,0,0,0,0,70996,3,0
0,0,0,0,75,28,1436,10,0,0,0,0,0,277427,3,0
0,0,0,0,33,29,1437,10,0,0,0,0,0,157804,3,0
0,0,0,0,52,29,1438,10,0,0,0,0,0,277295,3,0
0,0,0,0,16,29,1439,10,0,0,0,0,0,231866,3,0
0,0,0,0,76,29,1440,10,0,0,0,0,0,279624,3,0
0,0,0,0,24,0,1441,11,0,0,0,0,0,226753,4,0
0,0,0,0,3,3,1442,11,0,0,0,0,0,236401,3,0
1,0,0,1,4,4,1443,11,0,0,0,0,0,235243,3,0
0,0,0,0,6,6,1444,11,0,0,0,0,0,239301,3,0
0,0,0,0,20,7,1445,11,0,0,0,0,0,234574,4,0
0,0,0,0,18,9,1446,11,0,0,0,0,0,200145,3,0
0,0,0,0,37,11,1447,11,0,0,0,0,0,269136,3,0
1,0,0,1,16,12,1448,11,0,0,0,0,0,254088,3,0
1,0,0,1,10,16,1449,11,0,0,0,0,0,231677,2,0
0,0,0,0,8,18,1450,11,0,0,0,0,0,212198,2,0
1,0,0,1,11,25,1451,11,0,0,0,0,0,250961,3,0
0,0,0,0,25,28,1452,11,0,0,0,0,0,253306,3,0
0,0,0,0,43,28,1453,11,0,0,0,0,0,268439,3,0
0,0,0,0,2,28,1454,11,0,0,0,0,0,221660,3,0
0,0,0,0,35,28,1455,11,0,0,0,0,0,169588,4,0
0,0,0,0,1,28,1456,11,0,0,0,0,0,243647,3,0
1,0,0,1,17,28,1457,11,0,0,0,0,0,268438,2,0
0,0,0,0,14,28,1458,11,0,0,0,0,0,190460,3,0
0,0,0,0,21,28,1459,11,0,0,0,0,0,255475,3,0
0,0,0,0,9,28,1460,11,0,0,0,0,0,259399,2,0
0,0,0,0,36,28,1461,11,0,0,0,0,0,71973,3,0
0,0,0,0,22,28,1462,11,0,0,0,0,0,163264,3,0
0,0,0,0,44,28,1463,11,0,0,0,0,0,268443,3,0
0,0,0,0,41,29,1464,11,0,0,0,0,0,273599,3,0
0,0,0,0,23,29,1465,11,0,0,0,0,0,205988,3,0
0,0,0,0,5,29,1466,11,0,0,0,0,0,203263,3,0
0,0,0,0,7,29,1467,11,0,0,0,0,0,233064,3,0
0,0,0,0,15,29,1468,11,0,0,0,0,0,269087,3,0
0,0,0,0,12,29,1469,11,0,0,0,0,0,238041,3,0
0,0,0,0,22,0,1470,13,0,0,0,0,0,203841,4,0
0,0,0,0,21,3,1471,13,0,0,0,0,0,262118,3,0
1,0,0,1,5,4,1472,13,0,0,0,0,0,210047,3,0
0,0,0,0,33,6,1473,13,0,0,0,0,0,198032,4,0
0,0,0,0,20,7,1474,13,0,0,0,0,0,266127,3,0
0,0,0,0,39,10,1475,13,0,0,0,0,0,247851,4,0
0,0,0,0,23,23,1476,13,0,0,0,0,0,206085,3,0
0,0,0,0,36,13,1477,13,0,0,0,0,0,237161,3,0
1,0,0,1,7,15,1478,13,0,0,0,0,0,223334,4,0
2,0,0,1,10,27,1479,13,0,0,0,0,0,242964,2,0
1,0,0,1,14,25,1480,13,0,0,0,0,0,233731,3,0
0,0,0,0,8,28,1481,13,0,0,0,0,0,241096,3,0
0,0,0,0,2,28,1482,13,0,0,0,0,0,186345,4,0
0,0,0,0,25,28,1483,13,0,0,0,0,0,231512,3,0
0,0,0,0,13,28,1484,13,0,0,0,0,0,218659,3,0
0,0,0,0,1,28,1485,13,0,0,0,0,0,220407,3,0
0,0,0,0,24,28,1486,13,0,0,0,0,0,230977,3,0
0,0,0,0,28,28,1487,13,0,0,0,0,0,237329,3,0
3,0,0,1,11,28,1488,13,0,0,0,0,0,234742,2,0
0,0,0,0,9,28,1489,13,0,0,0,0,0,196978,3,0
0,0,0,0,19,28,1490,13,0,0,0,0,0,211990,3,0
0,0,0,0,17,28,1491,13,0,0,0,0,0,207650,3,0
0,0,0,0,26,28,1492,13,0,0,0,0,0,163600,3,0
0,0,0,0,18,29,1493,13,0,0,0,0,0,270519,3,0
0,0,0,0,29,29,1494,13,0,0,0,0,0,198039,3,0
0,0,0,0,37,29,1495,13,0,0,0,0,0,270617,3,0
0,0,0,0,44,29,1496,13,0,0,0,0,0,275876,3,0
0,0,0,0,32,29,1497,13,0,0,0,0,0,268460,3,0
0,0,0,0,31,29,1498,13,0,0,0,0,0,206115,3,0
0,0,0,0,4,29,1499,13,0,0,0,0,0,251809,3,0
0,0,0,0,6,29,1500,13,0,0,0,0,0,203487,3,0
0,0,0,0,67,29,1501,13,0,0,0,0,0,274246,3,0
0,0,0,0,26,0,1502,14,0,0,0,0,0,199641,5,0
0,0,0,0,34,3,1503,14,0,0,0,0,0,224656,3,0
0,0,0,0,31,4,1504,14,0,0,0,0,0,238095,4,0
0,0,0,0,5,6,1505,14,0,0,0,0,0,278016,2,0
0,0,0,0,19,7,1506,14,0,0,0,0,0,217036,3,0
0,0,0,0,18,9,1507,14,0,0,0,0,0,205569,1,0
0,0,0,0,8,11,1508,14,0,0,0,0,0,254243,2,0
0,0,0,0,21,12,1509,14,0,0,0,0,0,257470,3,0
1,0,0,1,14,16,1510,14,0,0,0,0,0,240740,3,0
1,0,0,1,10,18,1511,14,0,0,0,0,0,236015,3,0
4,1,0,1,11,25,1512,14,0,0,0,0,0,192123,4,0
0,0,0,0,16,28,1513,14,0,0,0,0,0,237819,3,0
0,0,0,0,22,28,1514,14,0,0,0,0,0,235642,3,0
0,0,0,0,30,28,1515,14,0,0,0,0,0,202750,3,0
0,0,0,0,7,28,1516,14,0,0,0,0,0,243057,3,0
0,0,0,0,33,28,1517,14,0,0,0,0,0,73239,3,0
1,0,0,1,24,28,1518,14,0,0,0,0,0,255718,3,0
0,0,0,0,17,28,1519,14,0,0,0,0,0,71634,3,0
0,0,0,0,20,28,1520,14,0,0,0,0,0,269421,3,0
0,0,0,0,9,28,1521,14,0,0,0,0,0,230978,3,0
0,0,0,0,4,28,1522,14,0,0,0,0,0,256008,3,0
0,0,0,0,15,28,1523,14,0,0,0,0,0,206086,3,0
0,0,0,0,12,28,1524,14,0,0,0,0,0,261647,3,0
0,0,0,0,44,29,1525,14,0,0,0,0,0,74242,3,0
0,0,0,0,6,29,1526,14,0,0,0,0,0,235173,3,0
0,0,0,0,28,29,1527,14,0,0,0,0,0,273106,3,0
0,0,0,0,25,29,1528,14,0,0,0,0,0,239015,3,0
0,0,0,0,30,0,1529,17,0,0,0,0,0,233934,2,0
1,0,0,1,16,3,1530,17,0,0,0,0,0,242916,1,0
1,0,0,1,6,4,1531,17,0,0,0,0,0,252793,2,0
0,0,0,0,35,6,1532,17,0,0,0,0,0,220570,2,0
0,0,0,0,2,7,1533,17,0,0,0,0,0,227927,2,0
0,0,0,0,4,9,1534,17,0,0,0,0,0,240097,1,0
0,0,0,0,26,11,1535,17,0,0,0,0,0,257084,3,0
1,0,0,1,33,12,1536,17,0,0,0,0,0,279497,3,0
0,0,0,0,24,16,1537,17,0,0,0,0,0,207807,3,0
0,0,0,0,18,18,1538,17,0,0,0,0,0,270857,3,0
1,0,0,1,19,25,1539,17,0,0,0,0,0,258930,3,0
0,0,0,0,7,28,1540,17,0,0,0,0,0,231044,2,0
0,0,0,0,8,28,1541,17,0,0,0,0,0,237916,3,0
0,0,0,0,5,28,1542,17,0,0,0,0,0,202697,3,0
0,0,0,0,21,28,1543,17,0,0,0,0,0,204760,3,0
0,0,0,0,1,28,1544,17,0,0,0,0,0,189324,3,0
0,0,0,0,17,28,1545,17,0,0,0,0,0,233795,3,0
0,0,0,0,10,28,1546,17,0,0,0,0,0,180819,3,0
0,0,0,0,22,28,1547,17,0,0,0,0,0,215798,3,0
0,0,0,0,9,28,1548,17,0,0,0,0,0,221841,3,0
0,0,0,0,11,28,1549,17,0,0,0,0,0,244319,3,0
0,0,0,0,3,28,1550,17,0,0,0,0,0,226012,2,0
0,0,0,0,15,28,1551,17,0,0,0,0,0,245153,3,0
0,0,0,0,14,29,1552,17,0,0,0,0,0,222156,3,0
0,0,0,0,37,29,1553,17,0,0,0,0,0,247497,3,0
0,0,0,0,20,29,1554,17,0,0,0,0,0,256035,3,0
0,0,0,0,13,29,1555,17,0,0,0,0,0,217096,3,0
0,0,0,0,12,29,1556,17,0,0,0,0,0,258167,3,0
0,0,0,0,27,29,1557,17,0,0,0,0,0,277561,3,0
0,0,0,0,28,29,1558,17,0,0,0,0,0,271669,3,0
0,0,0,0,32,29,1559,17,0,0,0,0,0,212382,3,0
0,0,0,0,31,29,1560,17,0,0,0,0,0,243585,3,0
0,0,0,0,1,0,1561,18,0,0,0,0,0,240091,2,0
1,0,0,1,23,3,1562,18,0,0,0,0,0,243576,2,0
1,0,0,1,17,4,1563,18,0,0,0,0,0,232488,2,0
0,0,0,0,37,6,1564,18,0,0,0,0,0,264453,2,0
0,0,0,0,13,7,1565,18,0,0,0,0,0,259583,2,0
0,0,0,0,30,10,1566,18,0,0,0,0,0,227535,3,0
3,0,0,1,22,23,1567,18,0,0,0,0,0,251421,4,0
1,0,0,1,21,13,1568,18,0,0,0,0,0,247394,3,0
2,0,0,1,10,15,1569,18,0,0,0,0,0,220697,4,0
2,0,0,1,7,27,1570,18,0,0,0,0,0,200104,3,0
2,0,0,1,19,25,1571,18,0,0,0,0,0,225539,3,0
0,0,0,0,29,28,1572,18,0,0,0,0,0,259868,3,0
0,0,0,0,14,28,1573,18,0,0,0,0,0,270208,3,0
0,0,0,0,6,28,1574,18,0,0,0,0,0,260105,3,0
0,0,0,0,24,28,1575,18,0,0,0,0,0,243702,3,0
0,0,0,0,20,28,1576,18,0,0,0,0,0,172203,3,0
1,0,0,1,8,28,1577,18,0,0,0,0,0,236480,3,0
0,0,0,0,28,28,1578,18,0,0,0,0,0,270579,3,0
0,0,0,0,16,28,1579,18,0,0,0,0,0,212188,2,0
0,0,0,0,9,28,1580,18,0,0,0,0,0,231943,3,0
0,0,0,0,15,28,1581,18,0,0,0,0,0,272926,3,0
0,0,0,0,33,28,1582,18,0,0,0,0,0,205923,3,0
0,0,0,0,47,28,1583,18,0,0,0,0,0,72159,3,0
0,0,0,0,3,29,1584,18,0,0,0,0,0,245279,3,0
0,0,0,0,40,29,1585,18,0,0,0,0,0,236568,3,0
0,0,0,0,41,29,1586,18,0,0,0,0,0,236239,3,0
0,0,0,0,45,29,1587,18,0,0,0,0,0,279117,3,0
0,0,0,0,23,0,1588,19,0,0,0,0,0,193105,3,0
0,0,0,0,29,3,1589,19,0,0,0,0,0,229880,3,0
0,0,0,0,15,4,1590,19,0,0,0,0,0,242000,3,0
0,0,0,0,26,6,1591,19,0,0,0,0,0,245336,3,0
0,0,0,0,33,7,1592,19,0,0,0,0,0,210736,4,0
0,0,0,0,24,10,1593,19,0,0,0,0,0,225659,3,0
2,0,0,1,20,12,1594,19,0,0,0,0,0,224371,5,0
2,0,0,1,28,13,1595,19,0,0,0,0,0,236792,3,0
2,0,0,1,10,15,1596,19,0,0,0,0,0,233927,4,0
1,0,0,1,14,16,1597,19,0,0,0,0,0,245155,4,0
1,0,0,1,9,25,1598,19,0,0,0,0,0,190717,4,0
0,0,0,0,19,28,1599,19,0,0,0,0,0,235844,3,0
0,0,0,0,25,28,1600,19,0,0,0,0,0,245388,4,0
0,0,0,0,5,28,1601,19,0,0,0,0,0,244470,3,0
0,0,0,0,3,28,1602,19,0,0,0,0,0,189615,3,0
0,0,0,0,1,28,1603,19,0,0,0,0,0,164835,3,0
0,0,0,0,4,28,1604,19,0,0,0,0,0,234153,3,0
0,0,0,0,7,28,1605,19,0,0,0,0,0,251954,3,0
1,0,0,1,18,28,1606,19,0,0,0,0,0,195859,3,0
0,0,0,0,11,28,1607,19,0,0,0,0,0,205431,3,0
0,0,0,0,21,28,1608,19,0,0,0,0,0,193182,3,0
0,0,0,0,39,28,1609,19,0,0,0,0,0,242271,3,0
0,0,0,0,17,28,1610,19,0,0,0,0,0,72754,3,0
0,0,0,0,37,29,1611,19,0,0,0,0,0,272936,3,0
0,0,0,0,42,29,1612,19,0,0,0,0,0,278098,3,0
0,0,0,0,1,0,1613,94,0,0,0,0,0,233164,2,0
0,0,0,0,40,3,1614,94,0,0,0,0,0,231485,3,0
0,0,0,0,26,4,1615,94,0,0,0,0,0,235405,3,0
0,0,0,0,24,6,1616,94,0,0,0,0,0,248602,2,0
0,0,0,0,3,7,1617,94,0,0,0,0,0,246685,2,0
1,0,0,1,5,9,1618,94,0,0,0,0,0,197975,2,0
0,0,0,0,8,11,1619,94,0,0,0,0,0,224081,2,0
0,0,0,0,7,12,1620,94,0,0,0,0,0,212484,3,0
0,0,0,0,20,16,1621,94,0,0,0,0,0,260145,2,0
0,0,0,0,10,18,1622,94,0,0,0,0,0,225667,3,0
4,1,0,1,19,25,1623,94,0,0,0,0,0,259031,4,0
0,0,0,0,25,28,1624,94,0,0,0,0,0,205347,3,0
0,0,0,0,14,28,1625,94,0,0,0,0,0,233851,3,0
0,0,0,0,6,28,1626,94,0,0,0,0,0,240500,3,0
0,0,0,0,18,28,1627,94,0,0,0,0,0,241842,2,0
0,0,0,0,28,28,1628,94,0,0,0,0,0,206561,3,0
0,0,0,0,47,28,1629,94,0,0,0,0,0,242908,2,0
0,0,0,0,21,28,1630,94,0,0,0,0,0,231005,3,0
1,0,0,1,23,28,1631,94,0,0,0,0,0,220139,3,0
0,0,0,0,16,28,1632,94,0,0,0,0,0,263376,3,0
0,0,0,0,12,28,1633,94,0,0,0,0,0,244472,3,0
0,0,0,0,27,28,1634,94,0,0,0,0,0,233602,3,0
0,0,0,0,33,28,1635,94,0,0,0,0,0,232545,3,0
0,0,0,0,15,29,1636,94,0,0,0,0,0,216744,3,0
0,0,0,0,22,29,1637,94,0,0,0,0,0,203751,3,0
0,0,0,0,2,29,1638,94,0,0,0,0,0,245729,3,0
0,0,0,0,13,29,1639,94,0,0,0,0,0,264645,3,0
0,0,0,0,30,0,1640,95,0,0,0,0,0,246158,4,0
2,0,0,1,2,3,1641,95,0,0,0,0,0,231554,4,0
1,0,0,1,3,4,1642,95,0,0,0,0,0,235036,4,0
0,0,0,0,5,6,1643,95,0,0,0,0,0,261281,4,0
0,0,0,0,16,7,1644,95,0,0,0,0,0,259762,3,0
0,0,0,0,8,9,1645,95,0,0,0,0,0,222400,3,0
0,0,0,0,22,11,1646,95,0,0,0,0,0,241042,3,0
0,0,0,0,7,12,1647,95,0,0,0,0,0,267680,3,0
2,0,0,1,10,16,1648,95,0,0,0,0,0,225783,2,0
0,0,0,0,6,18,1649,95,0,0,0,0,0,226790,3,0
2,0,0,1,9,25,1650,95,0,0,0,0,0,208830,2,0
0,0,0,0,24,28,1651,95,0,0,0,0,0,239817,3,0
0,0,0,0,21,28,1652,95,0,0,0,0,0,210243,3,0
0,0,0,0,23,28,1653,95,0,0,0,0,0,202849,3,0
0,0,0,0,17,28,1654,95,0,0,0,0,0,228332,3,0
0,0,0,0,1,28,1655,95,0,0,0,0,0,207998,3,0
0,0,0,0,18,28,1656,95,0,0,0,0,0,197756,3,0
2,0,0,1,40,28,1657,95,0,0,0,0,0,269495,4,0
0,0,0,0,14,28,1658,95,0,0,0,0,0,203502,3,0
0,0,0,0,29,28,1659,95,0,0,0,0,0,233866,3,0
0,0,0,0,35,28,1660,95,0,0,0,0,0,265801,3,0
0,0,0,0,11,28,1661,95,0,0,0,0,0,257504,3,0
0,0,0,0,4,28,1662,95,0,0,0,0,0,202048,3,0
0,0,0,0,33,29,1663,95,0,0,0,0,0,254470,3,0
0,0,0,0,31,29,1664,95,0,0,0,0,0,228410,3,0
0,0,0,0,37,29,1665,95,0,0,0,0,0,271218,3,0
0,0,0,0,34,29,1666,95,0,0,0,0,0,70162,3,0
0,0,0,0,32,29,1667,95,0,0,0,0,0,274359,3,0
0,0,0,0,20,29,1668,95,0,0,0,0,0,241202,3,0
0,0,0,0,41,29,1669,95,0,0,0,0,0,239772,3,0
0,0,0,0,31,0,1670,110,0,0,0,0,0,206075,1,0
0,0,0,0,22,3,1671,110,0,0,0,0,0,227928,1,0
0,0,0,0,4,4,1672,110,0,0,0,0,0,237658,3,0
0,0,0,0,24,6,1673,110,0,0,0,0,0,258607,1,0
2,0,0,1,3,7,1674,110,0,0,0,0,0,242641,4,0
0,0,0,0,7,10,1675,110,0,0,0,0,0,74866,2,0
1,0,0,1,27,12,1676,110,0,0,0,0,0,235456,3,0
1,0,0,1,5,13,1677,110,0,0,0,0,0,212811,1,0
0,0,0,0,8,15,1678,110,0,0,0,0,0,273463,2,0
3,0,0,1,10,16,1679,110,0,0,0,0,0,240243,4,0
2,0,0,1,9,25,1680,110,0,0,0,0,0,238756,4,0
0,0,0,0,21,28,1681,110,0,0,0,0,0,198950,3,0
0,0,0,0,20,28,1682,110,0,0,0,0,0,254120,3,0
0,0,0,0,15,28,1683,110,0,0,0,0,0,194806,1,0
0,0,0,0,2,28,1684,110,0,0,0,0,0,201417,3,0
0,0,0,0,1,28,1685,110,0,0,0,0,0,212442,3,0
0,0,0,0,19,28,1686,110,0,0,0,0,0,259170,3,0
0,0,0,0,26,28,1687,110,0,0,0,0,0,277426,3,0
0,0,0,0,11,28,1688,110,0,0,0,0,0,226380,3,0
0,0,0,0,29,28,1689,110,0,0,0,0,0,224411,3,0
0,0,0,0,25,28,1690,110,0,0,0,0,0,198350,3,0
0,0,0,0,37,28,1691,110,0,0,0,0,0,73049,3,0
0,0,0,0,34,28,1692,110,0,0,0,0,0,253461,3,0
0,0,0,0,40,29,1693,110,0,0,0,0,0,225650,3,0
0,0,0,0,84,29,1694,110,0,0,0,0,0,71498,3,0
0,0,0,0,18,29,1695,110,0,0,0,0,0,239901,3,0
0,0,0,0,6,29,1696,110,0,0,0,0,0,252975,3,0
0,0,0,0,14,29,1697,110,0,0,0,0,0,256666,3,0
0,0,0,0,30,29,1698,110,0,0,0,0,0,274377,3,0
0,0,0,0,33,29,1699,110,0,0,0,0,0,278057,3,0
0,0,0,0,1,0,1700,144,0,0,0,0,0,192563,2,0
0,0,0,0,2,3,1701,144,0,0,0,0,0,216266,2,0
0,0,0,0,5,4,1702,144,0,0,0,0,0,224221,2,0
0,0,0,0,3,6,1703,144,0,0,0,0,0,241436,3,0
0,0,0,0,33,7,1704,144,0,0,0,0,0,229348,2,0
0,0,0,0,20,9,1705,144,0,0,0,0,0,236699,3,0
1,0,0,1,18,11,1706,144,0,0,0,0,0,208450,4,0
1,0,0,1,11,12,1707,144,0,0,0,0,0,213956,1,0
1,0,0,1,17,16,1708,144,0,0,0,0,0,213655,3,0
2,0,0,1,32,18,1709,144,0,0,0,0,0,240273,3,0
3,0,0,1,7,25,1710,144,0,0,0,0,0,204838,4,0
0,0,0,0,6,28,1711,144,0,0,0,0,0,205990,3,0
0,0,0,0,21,28,1712,144,0,0,0,0,0,222501,3,0
0,0,0,0,31,28,1713,144,0,0,0,0,0,231633,3,0
0,0,0,0,30,28,1714,144,0,0,0,0,0,235883,3,0
0,0,0,0,23,28,1715,144,0,0,0,0,0,241076,3,0
0,0,0,0,16,28,1716,144,0,0,0,0,0,228092,2,0
0,0,0,0,10,28,1717,144,0,0,0,0,0,195202,3,0
1,0,0,1,19,28,1718,144,0,0,0,0,0,231448,3,0
1,0,0,1,9,28,1719,144,0,0,0,0,0,264337,3,0
0,0,0,0,8,28,1720,144,0,0,0,0,0,220710,3,0
0,0,0,0,15,28,1721,144,0,0,0,0,0,237522,3,0
0,0,0,0,47,28,1722,144,0,0,0,0,0,271940,3,0
0,0,0,0,24,29,1723,144,0,0,0,0,0,70786,3,0
0,0,0,0,44,29,1724,144,0,0,0,0,0,279008,3,0
0,0,0,0,36,29,1725,144,0,0,0,0,0,74451,3,0
0,0,0,0,12,29,1726,144,0,0,0,0,0,244621,3,0
0,0,0,0,1,0,1727,1799,0,0,0,0,0,233306,3,0
0,0,0,0,12,3,1728,1799,0,0,0,0,0,237646,3,0
0,0,0,0,26,4,1729,1799,0,0,0,0,0,250954,3,0
1,0,0,1,6,5,1730,1799,0,0,0,0,0,241159,3,0
0,0,0,0,5,6,1731,1799,0,0,0,0,0,244067,3,0
0,0,0,0,3,7,1732,1799,0,0,0,0,0,240947,3,0
0,0,0,0,9,23,1733,1799,0,0,0,0,0,236988,2,0
0,0,0,0,20,13,1734,1799,0,0,0,0,0,259240,2,0
0,0,0,0,8,15,1735,1799,0,0,0,0,0,213991,2,0
1,0,0,1,10,27,1736,1799,0,0,0,0,0,235794,2,0
2,0,0,1,14,25,1737,1799,0,0,0,0,0,236461,3,0
0,0,0,0,28,28,1738,1799,0,0,0,0,0,242619,3,0
0,0,0,0,27,28,1739,1799,0,0,0,0,0,230918,3,0
0,0,0,0,17,28,1740,1799,0,0,0,0,0,190456,3,0
0,0,0,0,2,28,1741,1799,0,0,0,0,0,186392,3,0
0,0,0,0,30,28,1742,1799,0,0,0,0,0,233267,3,0
0,0,0,0,7,28,1743,1799,0,0,0,0,0,235353,2,0
0,0,0,0,19,28,1744,1799,0,0,0,0,0,206516,3,0
0,0,0,0,15,28,1745,1799,0,0,0,0,0,200759,3,0
0,0,0,0,18,28,1746,1799,0,0,0,0,0,232730,3,0
0,0,0,0,64,28,1747,1799,0,0,0,0,0,73893,3,0
0,0,0,0,31,28,1748,1799,0,0,0,0,0,203824,3,0
0,0,0,0,46,28,1749,1799,0,0,0,0,0,272863,3,0
0,0,0,0,55,29,1750,1799,0,0,0,0,0,73895,3,0
0,0,0,0,42,29,1751,1799,0,0,0,0,0,276718,3,0
0,0,0,0,4,29,1752,1799,0,0,0,0,0,228295,3,0
0,0,0,0,34,29,1753,1799,0,0,0,0,0,258490,3,0
0,0,0,0,11,29,1754,1799,0,0,0,0,0,265420,3,0
0,0,0,0,1,0,1755,1808,0,0,0,0,0,258498,1,0
0,0,0,0,34,3,1756,1808,0,0,0,0,0,208004,2,0
0,0,0,0,4,4,1757,1808,0,0,0,0,0,207616,3,0
0,0,0,0,5,6,1758,1808,0,0,0,0,0,199915,2,0
1,0,0,1,41,7,1759,1808,0,0,0,0,0,277283,2,0
0,0,0,0,27,9,1760,1808,0,0,0,0,0,248793,3,0
1,0,0,1,20,11,1761,1808,0,0,0,0,0,272500,3,0
1,0,0,1,17,12,1762,1808,0,0,0,0,0,271800,4,0
1,0,0,1,22,16,1763,1808,0,0,0,0,0,255565,5,0
2,0,0,1,14,18,1764,1808,0,0,0,0,0,245637,3,0
4,1,0,1,18,25,1765,1808,0,0,0,0,0,186146,4,0
0,0,0,0,15,28,1766,1808,0,0,0,0,0,239778,3,0
0,0,0,0,24,28,1767,1808,0,0,0,0,0,235152,2,0
0,0,0,0,30,28,1768,1808,0,0,0,0,0,237942,3,0
0,0,0,0,3,28,1769,1808,0,0,0,0,0,241585,3,0
0,0,0,0,23,28,1770,1808,0,0,0,0,0,188836,3,0
0,0,0,0,8,28,1771,1808,0,0,0,0,0,272612,3,0
0,0,0,0,26,28,1772,1808,0,0,0,0,0,257400,3,0
1,0,0,1,11,28,1773,1808,0,0,0,0,0,260779,3,0
0,0,0,0,28,28,1774,1808,0,0,0,0,0,259608,3,0
0,0,0,0,2,28,1775,1808,0,0,0,0,0,242418,3,0
0,0,0,0,10,28,1776,1808,0,0,0,0,0,255434,3,0
0,0,0,0,32,28,1777,1808,0,0,0,0,0,264124,3,0
0,0,0,0,38,29,1778,1808,0,0,0,0,0,75106,3,0
0,0,0,0,47,29,1779,1808,0,0,0,0,0,250830,3,0
0,0,0,0,39,29,1780,1808,0,0,0,0,0,263901,3,0
0,0,0,0,25,29,1781,1808,0,0,0,0,0,240734,3,0
0,0,0,0,7,29,1782,1808,0,0,0,0,0,206594,3,0
2,0,0,1,9,29,1783,1808,0,0,0,0,0,252042,3,0
0,0,0,0,29,29,1784,1808,0,0,0,0,0,258908,3,0
0,0,0,0,6,29,1785,1808,0,0,0,0,0,138412,3,0
0,0,0,0,1,0,1786,1925,0,0,0,0,0,211738,2,0
0,0,0,0,4,3,1787,1925,0,0,0,0,0,242453,2,0
1,0,0,1,22,4,1788,1925,0,0,0,0,0,248484,4,0
1,0,0,1,5,6,1789,1925,0,0,0,0,0,238717,4,0
0,0,0,0,20,7,1790,1925,0,0,0,0,0,224258,2,0
0,0,0,0,7,12,1791,1925,0,0,0,0,0,260926,2,0
0,0,0,0,24,13,1792,1925,0,0,0,0,0,241508,5,0
0,0,0,0,27,15,1793,1925,0,0,0,0,0,235167,4,0
0,0,0,0,23,16,1794,1925,0,0,0,0,0,243606,3,0
1,0,0,1,14,24,1795,1925,0,0,0,0,0,256725,3,0
6,1,0,1,19,26,1796,1925,0,0,0,0,0,243014,4,0
1,0,0,1,6,28,1797,1925,0,0,0,0,0,210697,4,0
0,0,0,0,26,28,1798,1925,0,0,0,0,0,277705,3,0
0,0,0,0,16,28,1799,1925,0,0,0,0,0,189682,3,0
0,0,0,0,30,28,1800,1925,0,0,0,0,0,238157,3,0
0,0,0,0,12,28,1801,1925,0,0,0,0,0,264133,3,0
0,0,0,0,8,28,1802,1925,0,0,0,0,0,229723,3,0
0,0,0,0,28,28,1803,1925,0,0,0,0,0,262569,3,0
0,0,0,0,32,28,1804,1925,0,0,0,0,0,243849,3,0
0,0,0,0,18,28,1805,1925,0,0,0,0,0,270608,3,0
0,0,0,0,13,28,1806,1925,0,0,0,0,0,256488,3,0
0,0,0,0,36,28,1807,1925,0,0,0,0,0,267844,3,0
0,0,0,0,21,28,1808,1925,0,0,0,0,0,278957,3,0
0,0,0,0,38,29,1809,1925,0,0,0,0,0,258724,3,0
3,0,0,1,11,29,1810,1925,0,0,0,0,0,234824,3,0
0,0,0,0,3,29,1811,1925,0,0,0,0,0,224494,3,0
0,0,0,0,2,29,1812,1925,0,0,0,0,0,248808,3,0
0,0,0,0,9,29,1813,1925,0,0,0,0,0,275771,3,0
0,0,0,0,10,29,1814,1925,0,0,0,0,0,231445,3,0
0,0,0,0,39,29,1815,1925,0,0,0,0,0,74759,3,0
0,0,0,0,13,0,1816,1943,0,0,0,0,0,206585,3,0
0,0,0,0,22,3,1817,1943,0,0,0,0,0,247678,3,0
0,0,0,0,27,4,1818,1943,0,0,0,0,0,258781,3,0
0,0,0,0,5,6,1819,1943,0,0,0,0,0,236506,2,0
0,0,0,0,3,7,1820,1943,0,0,0,0,0,260908,2,0
1,0,0,1,4,9,1821,1943,0,0,0,0,0,224294,4,0
0,0,0,0,10,11,1822,1943,0,0,0,0,0,213884,3,0
3,0,0,1,24,12,1823,1943,0,0,0,0,0,241236,3,0
1,0,0,1,16,16,1824,1943,0,0,0,0,0,237477,3,0
0,0,0,0,19,18,1825,1943,0,0,0,0,0,236920,2,0
1,0,0,1,9,25,1826,1943,0,0,0,0,0,256612,3,0
0,0,0,0,8,28,1827,1943,0,0,0,0,0,261299,3,0
0,0,0,0,15,28,1828,1943,0,0,0,0,0,190885,2,0
0,0,0,0,37,28,1829,1943,0,0,0,0,0,240060,3,0
0,0,0,0,23,28,1830,1943,0,0,0,0,0,248492,3,0
0,0,0,0,42,28,1831,1943,0,0,0,0,0,232284,3,0
1,0,0,1,17,28,1832,1943,0,0,0,0,0,233500,3,0
0,0,0,0,7,28,1833,1943,0,0,0,0,0,220196,3,0
1,0,0,1,11,28,1834,1943,0,0,0,0,0,265552,3,0
0,0,0,0,26,28,1835,1943,0,0,0,0,0,223197,3,0
0,0,0,0,2,28,1836,1943,0,0,0,0,0,278349,3,0
0,0,0,0,29,28,1837,1943,0,0,0,0,0,220714,3,0
0,0,0,0,40,28,1838,1943,0,0,0,0,0,243048,3,0
0,0,0,0,12,29,1839,1943,0,0,0,0,0,232999,3,0
0,0,0,0,33,29,1840,1943,0,0,0,0,0,271235,3,0
0,0,0,0,1,0,1841,3,0,0,0,0,0,240595,3,0
0,0,0,0,2,3,1842,3,0,0,0,0,0,232185,3,0
0,0,0,0,17,4,1843,3,0,0,0,0,0,242751,3,0
0,0,0,0,5,6,1844,3,0,0,0,0,0,221281,3,0
0,0,0,0,3,7,1845,3,0,0,0,0,0,235770,3,0
0,0,0,0,6,9,1846,3,0,0,0,0,0,212099,3,0
2,0,0,1,27,11,1847,3,0,0,0,0,0,234319,3,0
2,0,0,1,11,12,1848,3,0,0,0,0,0,238336,4,0
1,0,0,1,19,16,1849,3,0,0,0,0,0,218343,3,0
1,0,0,1,10,18,1850,3,0,0,0,0,0,257063,1,0
4,1,0,1,23,25,1851,3,0,0,0,0,0,245766,3,0
0,0,0,0,8,28,1852,3,0,0,0,0,0,225748,3,0
2,0,0,1,14,28,1853,3,0,0,0,0,0,194017,2,0
1,0,0,1,15,28,1854,3,0,0,0,0,0,195037,3,0
0,0,0,0,24,28,1855,3,0,0,0,0,0,264299,3,0
0,0,0,0,12,28,1856,3,0,0,0,0,0,74726,3,0
0,0,0,0,9,28,1857,3,0,0,0,0,0,245652,3,0
1,0,0,1,42,28,1858,3,0,0,0,0,0,211504,3,0
1,0,0,1,7,28,1859,3,0,0,0,0,0,238196,3,0
0,0,0,0,21,28,1860,3,0,0,0,0,0,242749,3,0
0,0,0,0,16,28,1861,3,0,0,0,0,0,231540,3,0
0,0,0,0,4,28,1862,3,0,0,0,0,0,173671,3,0
0,0,0,0,33,28,1863,3,0,0,0,0,0,271743,3,0
0,0,0,0,41,29,1864,3,0,0,0,0,0,279225,3,0
0,0,0,0,35,29,1865,3,0,0,0,0,0,256965,3,0
0,0,0,0,13,29,1866,3,0,0,0,0,0,251522,3,0
0,0,0,0,37,29,1867,3,0,0,0,0,0,278314,3,0
0,0,0,0,22,29,1868,3,0,0,0,0,0,256366,3,0
0,0,0,0,20,29,1869,3,0,0,0,0,0,264746,3,0
0,0,0,0,1,0,1870,8,0,0,0,0,0,242656,2,0
1,0,0,1,2,3,1871,8,0,0,0,0,0,244591,3,0
0,0,0,0,6,4,1872,8,0,0,0,0,0,229266,3,0
1,0,0,1,5,6,1873,8,0,0,0,0,0,239360,3,0
1,0,0,1,3,7,1874,8,0,0,0,0,0,241184,3,0
0,0,0,0,44,9,1875,8,0,0,0,0,0,248384,3,0
0,0,0,0,4,11,1876,8,0,0,0,0,0,235735,3,0
1,0,0,1,7,12,1877,8,0,0,0,0,0,232104,3,0
2,0,0,1,29,16,1878,8,0,0,0,0,0,258906,4,0
2,0,0,1,11,18,1879,8,0,0,0,0,0,247361,3,0
1,0,0,1,19,25,1880,8,0,0,0,0,0,270206,3,0
0,0,0,0,14,28,1881,8,0,0,0,0,0,246791,3,0
0,0,0,0,8,28,1882,8,0,0,0,0,0,213693,3,0
0,0,0,0,39,28,1883,8,0,0,0,0,0,231838,3,0
0,0,0,0,25,28,1884,8,0,0,0,0,0,208892,3,0
0,0,0,0,26,28,1885,8,0,0,0,0,0,193331,3,0
0,0,0,0,9,28,1886,8,0,0,0,0,0,206534,3,0
0,0,0,0,22,28,1887,8,0,0,0,0,0,236764,3,0
2,0,0,1,17,28,1888,8,0,0,0,0,0,243134,3,0
4,1,0,1,10,28,1889,8,0,0,0,0,0,247249,4,0
0,0,0,0,33,28,1890,8,0,0,0,0,0,256776,3,0
0,0,0,0,30,28,1891,8,0,0,0,0,0,246053,3,0
0,0,0,0,21,28,1892,8,0,0,0,0,0,203215,3,0
0,0,0,0,50,29,1893,8,0,0,0,0,0,71814,3,0
0,0,0,0,34,29,1894,8,0,0,0,0,0,263734,3,0
0,0,0,0,37,29,1895,8,0,0,0,0,0,73219,3,0
0,0,0,0,48,29,1896,8,0,0,0,0,0,261382,3,0
0,0,0,0,1,0,1897,12,0,0,0,0,0,239358,2,0
0,0,0,0,12,3,1898,12,0,0,0,0,0,186156,4,0
0,0,0,0,3,4,1899,12,0,0,0,0,0,259442,3,0
2,0,0,1,5,6,1900,12,0,0,0,0,0,221600,3,0
0,0,0,0,30,7,1901,12,0,0,0,0,0,242181,3,0
2,0,0,1,7,9,1902,12,0,0,0,0,0,253054,3,0
0,0,0,0,18,11,1903,12,0,0,0,0,0,255145,3,0
0,0,0,0,11,12,1904,12,0,0,0,0,0,253055,2,0
0,0,0,0,8,16,1905,12,0,0,0,0,0,233487,3,0
0,0,0,0,20,18,1906,12,0,0,0,0,0,252066,3,0
1,0,0,1,9,25,1907,12,0,0,0,0,0,237295,3,0
0,0,0,0,16,28,1908,12,0,0,0,0,0,183422,3,0
1,0,0,1,25,28,1909,12,0,0,0,0,0,228888,4,0
0,0,0,0,27,28,1910,12,0,0,0,0,0,260842,3,0
0,0,0,0,15,28,1911,12,0,0,0,0,0,232413,3,0
0,0,0,0,23,28,1912,12,0,0,0,0,0,232110,3,0
2,0,0,1,22,28,1913,12,0,0,0,0,0,261283,3,0
0,0,0,0,4,28,1914,12,0,0,0,0,0,227806,3,0
0,0,0,0,21,28,1915,12,0,0,0,0,0,241523,2,0
0,0,0,0,10,28,1916,12,0,0,0,0,0,243619,2,0
1,0,0,1,50,28,1917,12,0,0,0,0,0,266815,2,0
0,0,0,0,14,28,1918,12,0,0,0,0,0,260402,3,0
0,0,0,0,17,28,1919,12,0,0,0,0,0,70035,3,0
0,0,0,0,31,29,1920,12,0,0,0,0,0,242853,3,0
0,0,0,0,49,29,1921,12,0,0,0,0,0,279251,3,0
0,0,0,0,37,29,1922,12,0,0,0,0,0,74323,3,0
0,0,0,0,24,29,1923,12,0,0,0,0,0,262255,3,0
0,0,0,0,2,29,1924,12,0,0,0,0,0,203783,3,0
0,0,0,0,6,29,1925,12,0,0,0,0,0,229682,3,0
0,0,0,0,26,29,1926,12,0,0,0,0,0,211009,3,0
0,0,0,0,1,0,1927,15,0,0,0,0,0,206218,2,0
1,0,0,1,3,3,1928,15,0,0,0,0,0,235156,3,0
0,0,0,0,5,4,1929,15,0,0,0,0,0,193011,2,0
0,0,0,0,6,6,1930,15,0,0,0,0,0,230774,3,0
0,0,0,0,22,7,1931,15,0,0,0,0,0,228120,3,0
2,0,0,1,24,9,1932,15,0,0,0,0,0,243223,2,0
0,0,0,0,8,11,1933,15,0,0,0,0,0,233957,3,0
0,0,0,0,7,12,1934,15,0,0,0,0,0,246682,3,0
0,0,0,0,14,16,1935,15,0,0,0,0,0,255594,3,0
1,0,0,1,25,18,1936,15,0,0,0,0,0,203903,3,0
3,0,0,1,12,25,1937,15,0,0,0,0,0,208159,2,0
0,0,0,0,4,28,1938,15,0,0,0,0,0,193942,3,0
0,0,0,0,40,28,1939,15,0,0,0,0,0,262072,3,0
0,0,0,0,23,28,1940,15,0,0,0,0,0,276412,3,0
0,0,0,0,15,28,1941,15,0,0,0,0,0,208806,3,0
0,0,0,0,13,28,1942,15,0,0,0,0,0,250804,3,0
0,0,0,0,18,28,1943,15,0,0,0,0,0,240317,3,0
0,0,0,0,11,28,1944,15,0,0,0,0,0,241075,3,0
0,0,0,0,19,28,1945,15,0,0,0,0,0,242787,3,0
0,0,0,0,26,28,1946,15,0,0,0,0,0,277658,3,0
0,0,0,0,10,28,1947,15,0,0,0,0,0,238490,3,0
0,0,0,0,16,28,1948,15,0,0,0,0,0,275297,3,0
0,0,0,0,20,28,1949,15,0,0,0,0,0,258805,1,0
0,0,0,0,27,29,1950,15,0,0,0,0,0,276561,3,0
1,0,0,1,28,29,1951,15,0,0,0,0,0,262290,3,0
0,0,0,0,32,29,1952,15,0,0,0,0,0,70024,3,0
0,0,0,0,1,0,1953,91,0,0,0,0,0,247022,5,0
0,0,0,0,24,3,1954,91,0,0,0,0,0,228684,4,0
2,0,0,1,35,4,1955,91,0,0,0,0,0,200840,5,0
0,0,0,0,6,6,1956,91,0,0,0,0,0,263914,4,0
0,0,0,0,20,7,1957,91,0,0,0,0,0,215412,3,0
1,0,0,1,4,9,1958,91,0,0,0,0,0,273693,3,0
1,0,0,1,32,11,1959,91,0,0,0,0,0,232412,5,0
2,0,0,1,19,12,1960,91,0,0,0,0,0,216227,4,0
0,0,0,0,11,16,1961,91,0,0,0,0,0,194964,3,0
2,0,0,1,17,18,1962,91,0,0,0,0,0,246099,4,0
0,0,0,0,10,25,1963,91,0,0,0,0,0,226507,2,0
0,0,0,0,8,28,1964,91,0,0,0,0,0,210985,3,0
0,0,0,0,7,28,1965,91,0,0,0,0,0,201240,3,0
0,0,0,0,12,28,1966,91,0,0,0,0,0,240926,3,0
1,0,0,1,2,28,1967,91,0,0,0,0,0,235618,3,0
0,0,0,0,31,28,1968,91,0,0,0,0,0,224130,3,0
0,0,0,0,9,28,1969,91,0,0,0,0,0,194018,3,0
0,0,0,0,16,28,1970,91,0,0,0,0,0,263918,3,0
0,0,0,0,5,28,1971,91,0,0,0,0,0,203749,3,0
1,0,0,1,18,28,1972,91,0,0,0,0,0,220019,5,0
0,0,0,0,23,28,1973,91,0,0,0,0,0,228894,3,0
1,0,0,1,3,28,1974,91,0,0,0,0,0,204353,4,0
1,0,0,1,27,28,1975,91,0,0,0,0,0,230864,3,0
0,0,0,0,14,29,1976,91,0,0,0,0,0,217758,3,0
0,0,0,0,28,29,1977,91,0,0,0,0,0,279519,3,0
0,0,0,0,39,29,1978,91,0,0,0,0,0,277463,3,0
0,0,0,0,26,29,1979,91,0,0,0,0,0,270593,3,0
0,0,0,0,13,29,1980,91,0,0,0,0,0,269613,3,0
0,0,0,0,21,29,1981,91,0,0,0,0,0,271566,3,0
0,0,0,0,1,0,1982,97,0,0,0,0,0,243373,3,0
0,0,0,0,18,3,1983,97,0,0,0,0,0,200689,5,0
0,0,0,0,6,4,1984,97,0,0,0,0,0,236600,3,0
1,0,0,1,5,6,1985,97,0,0,0,0,0,216481,3,0
0,0,0,0,15,7,1986,97,0,0,0,0,0,203505,3,0
0,0,0,0,24,9,1987,97,0,0,0,0,0,231423,3,0
0,0,0,0,23,11,1988,97,0,0,0,0,0,204412,4,0
2,0,0,1,25,12,1989,97,0,0,0,0,0,273616,4,0
5,1,0,1,19,16,1990,97,0,0,0,0,0,216268,3,0
1,0,0,1,39,18,1991,97,0,0,0,0,0,216270,3,0
1,0,0,1,9,25,1992,97,0,0,0,0,0,198437,3,0
0,0,0,0,11,28,1993,97,0,0,0,0,0,253433,3,0
0,0,0,0,4,28,1994,97,0,0,0,0,0,193549,3,0
0,0,0,0,2,28,1995,97,0,0,0,0,0,239443,3,0
0,0,0,0,3,28,1996,97,0,0,0,0,0,208024,3,0
0,0,0,0,13,28,1997,97,0,0,0,0,0,211604,3,0
1,0,0,1,17,28,1998,97,0,0,0,0,0,275347,3,0
0,0,0,0,14,28,1999,97,0,0,0,0,0,227929,3,0
0,0,0,0,8,28,2000,97,0,0,0,0,0,251560,3,0
1,0,0,1,21,28,2001,97,0,0,0,0,0,261432,3,0
0,0,0,0,45,28,2002,97,0,0,0,0,0,228225,3,0
0,0,0,0,27,28,2003,97,0,0,0,0,0,225511,3,0
0,0,0,0,12,28,2004,97,0,0,0,0,0,271675,3,0
0,0,0,0,22,29,2005,97,0,0,0,0,0,263271,3,0
0,0,0,0,26,29,2006,97,0,0,0,0,0,74865,2,0
0,0,0,0,16,29,2007,97,0,0,0,0,0,70220,3,0
0,0,0,0,33,29,2008,97,0,0,0,0,0,278894,3,0
0,0,0,0,28,29,2009,97,0,0,0,0,0,278704,3,0
0,0,0,0,29,29,2010,97,0,0,0,0,0,278916,3,0
0,0,0,0,1,0,2011,106,0,0,0,0,0,246417,2,0
0,0,0,0,32,3,2012,106,0,0,0,0,0,266400,3,0
0,0,0,0,26,4,2013,106,0,0,0,0,0,233201,3,0
2,0,0,1,13,6,2014,106,0,0,0,0,0,215700,3,0
1,0,0,0,3,7,2015,106,0,0,0,0,0,256831,3,0
0,0,0,0,4,9,2016,106,0,0,0,0,0,258483,3,0
1,0,0,0,7,11,2017,106,0,0,0,0,0,270964,3,0
1,0,0,0,10,12,2018,106,0,0,0,0,0,221982,3,0
3,0,0,1,14,16,2019,106,0,0,0,0,0,268903,4,0
2,0,0,1,11,18,2020,106,0,0,0,0,0,273459,4,0
2,0,0,1,12,25,2021,106,0,0,0,0,0,271248,3,0
0,0,0,0,20,28,2022,106,0,0,0,0,0,252059,3,0
1,0,0,0,8,28,2023,106,0,0,0,0,0,216464,3,0
0,0,0,0,5,28,2024,106,0,0,0,0,0,243908,3,0
0,0,0,0,42,28,2025,106,0,0,0,0,0,240867,3,0
0,0,0,0,21,28,2026,106,0,0,0,0,0,194150,3,0
2,0,0,1,18,28,2027,106,0,0,0,0,0,247335,3,0
0,0,0,0,36,28,2028,106,0,0,0,0,0,243390,3,0
0,0,0,0,22,28,2029,106,0,0,0,0,0,253102,3,0
0,0,0,0,17,28,2030,106,0,0,0,0,0,262149,3,0
0,0,0,0,23,28,2031,106,0,0,0,0,0,266467,3,0
0,0,0,0,19,28,2032,106,0,0,0,0,0,268709,3,0
0,0,0,0,9,28,2033,106,0,0,0,0,0,237286,3,0
0,0,0,0,33,29,2034,106,0,0,0,0,0,253969,3,0
0,0,0,0,45,29,2035,106,0,0,0,0,0,273898,3,0
0,0,0,0,30,29,2036,106,0,0,0,0,0,74917,3,0
0,0,0,0,40,29,2037,106,0,0,0,0,0,275246,2,0
0,0,0,0,29,29,2038,106,0,0,0,0,0,274219,3,0
0,0,0,0,16,29,2039,106,0,0,0,0,0,257138,3,0
0,0,0,0,2,29,2040,106,0,0,0,0,0,251521,3,0
0,0,0,0,15,29,2041,106,0,0,0,0,0,244731,3,0
0,0,0,0,1,0,2042,109,0,0,0,0,0,223909,4,0
0,0,0,0,2,3,2043,109,0,0,0,0,0,223877,4,0
0,0,0,0,6,4,2044,109,0,0,0,0,0,207952,3,0
0,0,0,0,5,6,2045,109,0,0,0,0,0,186158,4,0
0,0,0,0,14,7,2046,109,0,0,0,0,0,248342,3,0
1,0,0,1,8,9,2047,109,0,0,0,0,0,236344,3,0
3,0,0,1,27,11,2048,109,0,0,0,0,0,213798,4,0
0,0,0,0,31,12,2049,109,0,0,0,0,0,264371,3,0
1,0,0,1,18,16,2050,109,0,0,0,0,0,225668,3,0
0,0,0,0,10,18,2051,109,0,0,0,0,0,211506,3,0
7,1,0,1,9,25,2052,109,0,0,0,1,0,235161,3,0
0,0,0,0,7,28,2053,109,0,0,0,0,0,205970,3,0
0,0,0,0,11,28,2054,109,0,0,0,0,0,231436,3,0
0,0,0,0,22,28,2055,109,0,0,0,0,0,238505,3,0
0,0,0,0,21,28,2056,109,0,0,0,0,0,213697,3,0
0,0,0,0,23,28,2057,109,0,0,0,0,0,220944,3,0
0,0,0,0,44,28,2058,109,0,0,0,0,0,206134,3,0
0,0,0,0,20,28,2059,109,0,0,0,0,0,244253,3,0
0,0,0,0,12,28,2060,109,0,0,0,0,0,255043,3,0
0,0,0,0,17,28,2061,109,0,0,0,0,0,251497,3,0
0,0,0,0,3,28,2062,109,0,0,0,0,0,225024,3,0
0,0,0,0,4,28,2063,109,0,0,0,0,0,234087,3,0
0,0,0,0,24,28,2064,109,0,0,0,0,0,257713,3,0
0,0,0,0,19,29,2065,109,0,0,0,0,0,264039,2,0
0,0,0,0,28,29,2066,109,0,0,0,0,0,70019,3,0
0,0,0,0,30,29,2067,109,0,0,0,0,0,263907,3,0
0,0,0,0,34,29,2068,109,0,0,0,0,0,278998,3,0
0,0,0,0,1,0,2069,1790,0,0,0,0,0,223082,3,0
0,0,0,0,2,3,2070,1790,0,0,0,0,0,237415,3,0
0,0,0,0,6,4,2071,1790,0,0,0,0,0,219551,3,0
0,0,0,0,4,6,2072,1790,0,0,0,0,0,258616,3,0
0,0,0,0,3,7,2073,1790,0,0,0,0,0,222399,3,0
0,0,0,0,21,9,2074,1790,0,0,0,0,0,233276,3,0
0,0,0,0,7,11,2075,1790,0,0,0,0,0,196916,3,0
0,0,0,0,32,12,2076,1790,0,0,0,0,0,264644,3,0
0,0,0,0,20,16,2077,1790,0,0,0,0,0,251176,3,0
3,0,0,1,49,18,2078,1790,0,0,0,0,0,240673,3,0
2,0,0,1,15,25,2079,1790,0,0,0,0,0,254858,3,0
0,0,0,0,30,28,2080,1790,0,0,0,0,0,186395,2,0
0,0,0,0,23,28,2081,1790,0,0,0,0,0,206083,3,0
0,0,0,0,19,28,2082,1790,0,0,0,0,0,265422,3,0
0,0,0,0,16,28,2083,1790,0,0,0,0,0,235028,3,0
0,0,0,0,31,28,2084,1790,0,0,0,0,0,205352,3,0
1,0,0,1,18,28,2085,1790,0,0,0,0,0,243817,1,0
0,0,0,0,17,28,2086,1790,0,0,0,0,0,269156,3,0
0,0,0,0,10,28,2087,1790,0,0,0,0,0,253383,3,0
0,0,0,0,26,28,2088,1790,0,0,0,0,0,235771,3,0
0,0,0,0,8,28,2089,1790,0,0,0,0,0,264579,3,0
0,0,0,0,13,28,2090,1790,0,0,0,0,0,239898,2,0
0,0,0,0,34,28,2091,1790,0,0,0,0,0,276677,3,0
0,0,0,0,29,29,2092,1790,0,0,0,0,0,278134,3,0
2,0,0,1,11,29,2093,1790,0,0,0,0,0,272862,4,0
0,0,0,0,22,29,2094,1790,0,0,0,0,0,253057,2,0
0,0,0,0,14,29,2095,1790,0,0,0,0,0,228638,3,0
0,0,0,0,24,29,2096,1790,0,0,0,0,0,276070,3,0
0,0,0,0,25,29,2097,1790,0,0,0,0,0,263514,3,0
0,0,0,0,5,29,2098,1790,0,0,0,0,0,225557,3,0
0,0,0,0,9,29,2099,1790,0,0,0,0,0,221692,3,0
0,0,0,0,1,0,2100,1792,0,0,0,0,0,216325,3,0
0,0,0,0,3,3,2101,1792,0,0,0,0,0,221282,3,0
0,0,0,0,4,4,2102,1792,0,0,0,0,0,192622,4,0
1,0,0,1,6,6,2103,1792,0,0,0,0,0,263390,3,0
1,0,0,1,14,7,2104,1792,0,0,0,0,0,256556,3,0
2,0,0,1,26,9,2105,1792,0,0,0,0,0,256051,4,0
0,0,0,0,23,11,2106,1792,0,0,0,0,0,201368,3,0
0,0,0,0,16,12,2107,1792,0,0,0,0,0,234913,3,0
7,1,0,1,7,16,2108,1792,0,0,0,1,0,252929,5,0
0,0,0,0,18,18,2109,1792,0,0,0,0,0,261004,3,0
4,1,0,1,9,25,2110,1792,0,0,0,0,0,242075,4,0
0,0,0,0,10,28,2111,1792,0,0,0,0,0,186905,3,0
0,0,0,0,25,28,2112,1792,0,0,0,0,0,202017,3,0
0,0,0,0,19,28,2113,1792,0,0,0,0,0,233705,3,0
0,0,0,0,5,28,2114,1792,0,0,0,0,0,198904,3,0
0,0,0,0,12,28,2115,1792,0,0,0,0,0,202199,3,0
0,0,0,0,8,28,2116,1792,0,0,0,0,0,256620,3,0
0,0,0,0,20,28,2117,1792,0,0,0,0,0,255210,4,0
0,0,0,0,17,28,2118,1792,0,0,0,0,0,278049,2,0
0,0,0,0,33,28,2119,1792,0,0,0,0,0,72708,3,0
0,0,0,0,40,28,2120,1792,0,0,0,0,0,276436,3,0
0,0,0,0,42,28,2121,1792,0,0,0,0,0,268909,3,0
0,0,0,0,45,28,2122,1792,0,0,0,0,0,266147,3,0
1,0,0,1,21,29,2123,1792,0,0,0,0,0,260406,5,0
0,0,0,0,29,29,2124,1792,0,0,0,0,0,269903,3,0
0,0,0,0,37,29,2125,1792,0,0,0,0,0,251345,3,0
0,0,0,0,50,29,2126,1792,0,0,0,0,0,270380,3,0
0,0,0,0,35,29,2127,1792,0,0,0,0,0,275988,4,0
0,0,0,0,41,29,2128,1792,0,0,0,0,0,276943,3,0
0,0,0,0,11,29,2129,1792,0,0,0,0,0,210644,3,0
0,0,0,0,1,0,2130,1794,0,0,0,0,0,240987,4,0
0,0,0,0,2,3,2131,1794,0,0,0,0,0,278286,3,0
0,0,0,0,6,4,2132,1794,0,0,0,0,0,229901,3,0
0,0,0,0,15,6,2133,1794,0,0,0,0,0,236524,3,0
0,0,0,0,14,7,2134,1794,0,0,0,0,0,248050,3,0
2,0,0,1,11,12,2135,1794,0,0,0,0,0,264035,5,0
2,0,0,1,4,13,2136,1794,0,0,0,0,0,271063,3,0
0,0,0,0,21,15,2137,1794,0,0,0,0,0,262929,4,0
4,1,0,1,8,16,2138,1794,0,0,0,0,0,234741,3,0
0,0,0,0,10,18,2139,1794,0,0,0,0,0,238058,3,0
1,0,0,1,9,25,2140,1794,0,0,0,0,0,216627,4,0
0,0,0,0,22,28,2141,1794,0,0,0,0,0,230005,3,0
0,0,0,0,19,28,2142,1794,0,0,0,0,0,199027,3,0
0,0,0,0,16,28,2143,1794,0,0,0,0,0,245715,3,0
1,0,0,1,3,28,2144,1794,0,0,0,0,0,246155,3,0
0,0,0,0,17,28,2145,1794,0,0,0,0,0,200715,3,0
0,0,0,0,23,28,2146,1794,0,0,0,0,0,240783,3,0
0,0,0,0,35,28,2147,1794,0,0,0,0,0,271816,2,0
0,0,0,0,29,28,2148,1794,0,0,0,0,0,246946,3,0
0,0,0,0,7,28,2149,1794,0,0,0,0,0,238460,4,0
0,0,0,0,33,28,2150,1794,0,0,0,0,0,240773,3,0
0,0,0,0,38,28,2151,1794,0,0,0,0,0,264196,3,0
0,0,0,0,43,28,2152,1794,0,0,0,0,0,252450,3,0
0,0,0,0,34,29,2153,1794,0,0,0,0,0,277804,3,0
0,0,0,0,42,29,2154,1794,0,0,0,0,0,279572,3,0
0,0,0,0,45,29,2155,1794,0,0,0,0,0,272334,3,0
0,0,0,0,31,29,2156,1794,0,0,0,0,0,75000,3,0
0,0,0,0,1,0,2157,1795,0,0,0,0,0,209532,3,0
2,0,0,1,45,3,2158,1795,0,0,0,0,0,270371,3,0
0,0,0,0,5,4,2159,1795,0,0,0,0,0,240439,3,0
0,0,0,0,3,5,2160,1795,0,0,0,0,0,228681,3,0
0,0,0,0,6,6,2161,1795,0,0,0,0,0,246695,3,0
0,0,0,0,37,7,2162,1795,0,0,0,0,0,252302,3,0
4,1,0,1,39,23,2163,1795,0,0,0,0,0,242217,5,0
1,0,0,1,17,13,2164,1795,0,0,0,0,0,183394,3,0
2,0,0,1,24,15,2165,1795,0,0,0,0,0,233048,3,0
1,0,0,1,8,27,2166,1795,0,0,0,0,0,241168,3,0
1,0,0,1,19,25,2167,1795,0,0,0,0,0,246832,2,0
0,0,0,0,10,28,2168,1795,0,0,0,0,0,242794,3,0
0,0,0,0,21,28,2169,1795,0,0,0,0,0,183855,3,0
0,0,0,0,2,28,2170,1795,0,0,0,0,0,247623,3,0
0,0,0,0,22,28,2171,1795,0,0,0,0,0,268530,3,0
0,0,0,0,23,28,2172,1795,0,0,0,0,0,197928,3,0
0,0,0,0,12,28,2173,1795,0,0,0,0,0,213750,2,0
0,0,0,0,18,28,2174,1795,0,0,0,0,0,262227,2,0
1,0,0,1,36,28,2175,1795,0,0,0,0,0,263571,3,0
0,0,0,0,4,28,2176,1795,0,0,0,0,0,271983,3,0
0,0,0,0,7,28,2177,1795,0,0,0,0,0,200521,2,0
0,0,0,0,14,28,2178,1795,0,0,0,0,0,251187,3,0
0,0,0,0,11,28,2179,1795,0,0,0,0,0,275196,3,0
0,0,0,0,13,29,2180,1795,0,0,0,0,0,74319,3,0
1,0,0,1,34,29,2181,1795,0,0,0,0,0,254807,4,0
0,0,0,0,15,29,2182,1795,0,0,0,0,0,264856,3,0
0,0,0,0,52,29,2183,1795,0,0,0,0,0,72208,3,0
0,0,0,0,20,29,2184,1795,0,0,0,0,0,71181,3,0
0,0,0,0,41,29,2185,1795,0,0,0,0,0,277366,3,0
0,0,0,0,1,0,2186,1796,0,0,0,0,0,263063,3,0
0,0,0,0,14,3,2187,1796,0,0,0,0,0,225147,3,0
0,0,0,0,4,4,2188,1796,0,0,0,0,0,230708,3,0
0,0,0,0,5,6,2189,1796,0,0,0,0,0,262042,4,0
0,0,0,0,23,7,2190,1796,0,0,0,0,0,277068,3,0
0,0,0,0,24,9,2191,1796,0,0,0,0,0,228151,3,0
4,1,0,1,8,11,2192,1796,0,0,0,0,0,220659,3,0
2,0,0,1,30,12,2193,1796,0,0,0,0,0,266041,3,0
0,0,0,0,11,16,2194,1796,0,0,0,0,0,243669,3,0
0,0,0,0,28,18,2195,1796,0,0,0,0,0,258171,3,0
1,0,0,1,17,25,2196,1796,0,0,0,0,0,241173,3,0
0,0,0,0,42,28,2197,1796,0,0,0,0,0,246594,3,0
0,0,0,0,29,28,2198,1796,0,0,0,0,0,217826,3,0
0,0,0,0,12,28,2199,1796,0,0,0,0,0,272777,3,0
0,0,0,0,6,28,2200,1796,0,0,0,0,0,268131,3,0
0,0,0,0,32,28,2201,1796,0,0,0,0,0,202617,3,0
0,0,0,0,19,28,2202,1796,0,0,0,0,0,239373,3,0
0,0,0,0,9,28,2203,1796,0,0,0,0,0,169792,3,0
1,0,0,1,7,28,2204,1796,0,0,0,0,0,263522,3,0
0,0,0,0,37,28,2205,1796,0,0,0,0,0,261766,3,0
0,0,0,0,3,28,2206,1796,0,0,0,0,0,260099,3,0
0,0,0,0,20,28,2207,1796,0,0,0,0,0,259166,3,0
0,0,0,0,39,28,2208,1796,0,0,0,0,0,264505,3,0
0,0,0,0,38,29,2209,1796,0,0,0,0,0,261265,3,0
0,0,0,0,18,29,2210,1796,0,0,0,0,0,252316,3,0
0,0,0,0,44,29,2211,1796,0,0,0,0,0,237440,3,0
0,0,0,0,15,29,2212,1796,0,0,0,0,0,198719,3,0
0,0,0,0,21,29,2213,1796,0,0,0,0,0,266270,3,0
0,0,0,0,36,29,2214,1796,0,0,0,0,0,242660,3,0
0,0,0,0,31,29,2215,1796,0,0,0,0,0,253150,3,0
0,0,0,0,10,29,2216,1796,0,0,0,0,0,222724,3,0
0,0,0,0,48,29,2217,1796,0,0,0,0,0,273927,3,0
0,0,0,0,16,29,2218,1796,0,0,0,0,0,204936,3,0
0,0,0,0,1,0,2219,1800,0,0,0,0,0,255976,3,0
1,0,0,1,27,3,2220,1800,0,0,0,0,0,251626,3,0
0,0,0,0,22,4,2221,1800,0,0,0,0,0,233047,3,0
0,0,0,0,2,6,2222,1800,0,0,0,0,0,245900,3,0
1,0,0,1,21,7,2223,1800,0,0,0,0,0,196952,3,0
0,0,0,0,28,9,2224,1800,0,0,0,0,0,251555,3,0
0,0,0,0,14,11,2225,1800,0,0,0,0,0,225779,3,0
0,0,0,0,7,12,2226,1800,0,0,0,0,0,254910,3,0
3,0,0,1,11,16,2227,1800,0,0,0,0,0,238743,3,0
1,0,0,1,5,18,2228,1800,0,0,0,0,0,251690,5,0
1,0,0,1,9,25,2229,1800,0,0,0,0,0,251198,3,0
0,0,0,0,29,28,2230,1800,0,0,0,0,0,241645,3,0
0,0,0,0,4,28,2231,1800,0,0,0,0,0,257253,3,0
0,0,0,0,3,28,2232,1800,0,0,0,0,0,232755,3,0
0,0,0,0,15,28,2233,1800,0,0,0,0,0,246873,3,0
0,0,0,0,13,28,2234,1800,0,0,0,0,0,204825,3,0
1,0,0,1,23,28,2235,1800,0,0,0,0,0,235744,2,0
0,0,0,0,10,28,2236,1800,0,0,0,0,0,236784,3,0
0,0,0,0,37,28,2237,1800,0,0,0,0,0,264621,3,0
0,0,0,0,30,28,2238,1800,0,0,0,0,0,251272,3,0
0,0,0,0,40,28,2239,1800,0,0,0,0,0,225543,3,0
0,0,0,0,8,28,2240,1800,0,0,0,0,0,213147,3,0
0,0,0,0,17,28,2241,1800,0,0,0,0,0,253403,3,0
0,0,0,0,54,29,2242,1800,0,0,0,0,0,277657,3,0
0,0,0,0,52,29,2243,1800,0,0,0,0,0,266524,3,0
0,0,0,0,59,29,2244,1800,0,0,0,0,0,72091,3,0
0,0,0,0,44,29,2245,1800,0,0,0,0,0,254293,3,0
0,0,0,0,1,0,2246,1801,0,0,0,0,0,222514,4,0
0,0,0,0,44,3,2247,1801,0,0,0,0,0,206653,4,0
1,0,0,1,14,4,2248,1801,0,0,0,0,0,235464,3,0
0,0,0,0,6,5,2249,1801,0,0,0,0,0,215638,4,0
0,0,0,0,16,6,2250,1801,0,0,0,0,0,214906,3,0
0,0,0,0,29,7,2251,1801,0,0,0,0,0,261335,3,0
0,0,0,0,4,13,2252,1801,0,0,0,0,0,225071,2,0
0,0,0,0,22,15,2253,1801,0,0,0,0,0,262551,3,0
1,0,0,1,10,18,2254,1801,0,0,0,0,0,243876,3,0
1,0,0,1,9,24,2255,1801,0,0,0,0,0,244296,3,0
1,0,0,1,7,26,2256,1801,0,0,0,0,0,201911,3,0
1,0,0,1,8,28,2257,1801,0,0,0,0,0,243520,3,0
0,0,0,0,23,28,2258,1801,0,0,0,0,0,234522,3,0
0,0,0,0,5,28,2259,1801,0,0,0,0,0,211166,3,0
0,0,0,0,11,28,2260,1801,0,0,0,0,0,201884,4,0
0,0,0,0,13,28,2261,1801,0,0,0,0,0,190179,3,0
2,0,0,1,28,28,2262,1801,0,0,0,0,0,263230,3,0
0,0,0,0,20,28,2263,1801,0,0,0,0,0,253407,3,0
0,0,0,0,18,28,2264,1801,0,0,0,0,0,222836,3,0
0,0,0,0,40,28,2265,1801,0,0,0,0,0,237809,3,0
0,0,0,0,25,28,2266,1801,0,0,0,0,0,213948,3,0
0,0,0,0,26,28,2267,1801,0,0,0,0,0,204496,3,0
0,0,0,0,12,28,2268,1801,0,0,0,0,0,186127,3,0
0,0,0,0,17,29,2269,1801,0,0,0,0,0,276967,3,0
0,0,0,0,33,29,2270,1801,0,0,0,0,0,277286,3,0
0,0,0,0,21,29,2271,1801,0,0,0,0,0,270757,3,0
0,0,0,0,36,29,2272,1801,0,0,0,0,0,277325,3,0
0,0,0,0,31,29,2273,1801,0,0,0,0,0,71909,3,0
0,0,0,0,30,29,2274,1801,0,0,0,0,0,276910,3,0
0,0,0,0,1,0,2275,1806,0,0,0,0,0,241643,5,0
0,0,0,0,22,3,2276,1806,0,0,0,0,0,259869,3,0
1,0,0,1,16,4,2277,1806,0,0,0,0,0,238389,3,0
0,0,0,0,23,6,2278,1806,0,0,0,0,0,200408,3,0
0,0,0,0,17,7,2279,1806,0,0,0,0,0,255446,3,0
0,0,0,0,6,9,2280,1806,0,0,0,0,0,244050,2,0
0,0,0,0,15,11,2281,1806,0,0,0,0,0,230136,3,0
1,0,0,1,42,12,2282,1806,0,0,0,0,0,258093,3,0
0,0,0,0,10,16,2283,1806,0,0,0,0,0,266774,3,0
1,0,0,1,24,18,2284,1806,0,0,0,0,0,264120,3,0
4,1,0,1,9,25,2285,1806,0,0,0,0,0,272651,3,0
0,0,0,0,7,28,2286,1806,0,0,0,0,0,243401,3,0
0,0,0,0,2,28,2287,1806,0,0,0,0,0,222528,3,0
0,0,0,0,5,28,2288,1806,0,0,0,0,0,212487,4,0
0,0,0,0,26,28,2289,1806,0,0,0,0,0,264731,3,0
0,0,0,0,13,28,2290,1806,0,0,0,0,0,202125,3,0
0,0,0,0,37,28,2291,1806,0,0,0,0,0,271626,3,0
0,0,0,0,12,28,2292,1806,0,0,0,0,0,255590,3,0
1,0,0,1,20,28,2293,1806,0,0,0,0,0,213905,3,0
0,0,0,0,3,28,2294,1806,0,0,0,0,0,192546,3,0
0,0,0,0,14,28,2295,1806,0,0,0,0,0,234177,3,0
0,0,0,0,18,28,2296,1806,0,0,0,0,0,277835,3,0
1,0,0,1,11,28,2297,1806,0,0,0,0,0,70994,3,0
0,0,0,0,34,29,2298,1806,0,0,0,0,0,169493,3,0
0,0,0,0,30,29,2299,1806,0,0,0,0,0,277365,3,0
0,0,0,0,41,29,2300,1806,0,0,0,0,0,278828,3,0
0,0,0,0,4,29,2301,1806,0,0,0,0,0,213689,3,0
0,0,0,0,1,0,2302,1807,0,0,0,0,0,273621,3,0
0,0,0,0,27,3,2303,1807,0,0,0,0,0,236316,2,0
0,0,0,0,6,4,2304,1807,0,0,0,0,0,218658,3,0
0,0,0,0,5,6,2305,1807,0,0,0,0,0,253034,3,0
0,0,0,0,3,7,2306,1807,0,0,0,0,0,212100,3,0
1,0,0,1,44,9,2307,1807,0,0,0,0,0,276695,4,0
2,0,0,1,10,11,2308,1807,0,0,0,0,0,183540,3,0
1,0,0,1,41,12,2309,1807,0,0,0,0,0,271716,4,0
1,0,0,1,45,16,2310,1807,0,0,0,0,0,258165,3,0
2,0,0,1,11,18,2311,1807,0,0,0,0,0,219216,3,0
1,0,0,1,9,25,2312,1807,0,0,0,0,0,211384,4,0
0,0,0,0,4,28,2313,1807,0,0,0,0,0,205897,3,0
0,0,0,0,18,28,2314,1807,0,0,0,0,0,227675,3,0
0,0,0,0,20,28,2315,1807,0,0,0,0,0,205584,3,0
0,0,0,0,23,28,2316,1807,0,0,0,0,0,235267,3,0
0,0,0,0,26,28,2317,1807,0,0,0,0,0,170008,3,0
0,0,0,0,12,28,2318,1807,0,0,0,0,0,233045,2,0
0,0,0,0,8,28,2319,1807,0,0,0,0,0,229910,3,0
0,0,0,0,2,28,2320,1807,0,0,0,0,0,198377,3,0
1,0,0,1,24,28,2321,1807,0,0,0,0,0,190583,3,0
0,0,0,0,14,28,2322,1807,0,0,0,0,0,236390,3,0
0,0,0,0,13,28,2323,1807,0,0,0,0,0,210724,3,0
0,0,0,0,19,28,2324,1807,0,0,0,0,0,270129,3,0
0,0,0,0,17,29,2325,1807,0,0,0,0,0,268435,3,0
0,0,0,0,47,29,2326,1807,0,0,0,0,0,273839,3,0
0,0,0,0,30,29,2327,1807,0,0,0,0,0,274394,3,0
0,0,0,0,1,0,2328,1919,0,0,0,0,0,220807,3,0
1,0,0,1,19,3,2329,1919,0,0,0,0,0,242800,3,0
0,0,0,0,14,4,2330,1919,0,0,0,0,0,225072,3,0
0,0,0,0,16,6,2331,1919,0,0,0,0,0,223159,3,0
0,0,0,0,3,7,2332,1919,0,0,0,0,0,234941,3,0
0,0,0,0,8,9,2333,1919,0,0,0,0,0,224265,4,0
1,0,0,1,12,11,2334,1919,0,0,0,0,0,252376,3,0
0,0,0,0,17,12,2335,1919,0,0,0,0,0,246847,3,0
1,0,0,1,10,16,2336,1919,0,0,0,0,0,237619,3,0
0,0,0,0,6,18,2337,1919,0,0,0,0,0,241419,3,0
2,0,0,1,30,25,2338,1919,0,0,0,0,0,272365,3,0
1,0,0,1,11,28,2339,1919,0,0,0,0,0,250816,3,0
0,0,0,0,4,28,2340,1919,0,0,0,0,0,205054,3,0
1,0,0,1,15,28,2341,1919,0,0,0,0,0,247395,5,0
0,0,0,0,24,28,2342,1919,0,0,0,0,0,258931,3,0
0,0,0,0,23,28,2343,1919,0,0,0,0,0,245865,3,0
2,0,0,1,9,28,2344,1919,0,0,0,0,0,275641,3,0
0,0,0,0,20,28,2345,1919,0,0,0,0,0,259926,3,0
1,0,0,1,21,28,2346,1919,0,0,0,0,0,202686,3,0
0,0,0,0,27,28,2347,1919,0,0,0,0,0,216155,3,0
0,0,0,0,41,28,2348,1919,0,0,0,0,0,264511,3,0
0,0,0,0,2,28,2349,1919,0,0,0,0,0,234229,3,0
0,0,0,0,29,28,2350,1919,0,0,0,0,0,231446,3,0
0,0,0,0,7,29,2351,1919,0,0,0,0,0,73429,3,0
0,0,0,0,40,29,2352,1919,0,0,0,0,0,278097,3,0
0,0,0,0,18,29,2353,1919,0,0,0,0,0,265197,3,0
0,0,0,0,32,29,2354,1919,0,0,0,0,0,229274,3,0
0,0,0,0,38,29,2355,1919,0,0,0,0,0,273586,3,0
0,0,0,0,33,29,2356,1919,0,0,0,0,0,72124,3,0
0,0,0,0,5,29,2357,1919,0,0,0,0,0,241824,3,0
0,0,0,0,24,0,2358,1923,0,0,0,0,0,188400,3,0
0,0,0,0,2,3,2359,1923,0,0,0,0,0,274387,2,0
1,0,0,1,15,4,2360,1923,0,0,0,0,0,253465,3,0
0,0,0,0,5,5,2361,1923,0,0,0,0,0,228419,3,0
0,0,0,0,3,6,2362,1923,0,0,0,0,0,207804,3,0
0,0,0,0,45,7,2363,1923,0,0,0,0,0,252483,3,0
0,0,0,0,26,10,2364,1923,0,0,0,0,0,240697,3,0
1,0,0,1,18,13,2365,1923,0,0,0,0,0,202464,3,0
1,0,0,1,14,15,2366,1923,0,0,0,0,0,233510,3,0
2,0,0,1,9,24,2367,1923,0,0,0,0,0,213152,3,0
0,0,0,0,11,26,2368,1923,0,0,0,0,0,229375,2,0
1,0,0,1,8,28,2369,1923,0,0,0,0,0,251392,3,0
0,0,0,0,13,28,2370,1923,0,0,0,0,0,222994,2,0
0,0,0,0,16,28,2371,1923,0,0,0,0,0,221456,2,0
0,0,0,0,27,28,2372,1923,0,0,0,0,0,242006,3,0
0,0,0,0,23,28,2373,1923,0,0,0,0,0,170597,3,0
0,0,0,0,19,28,2374,1923,0,0,0,0,0,236650,3,0
1,0,0,1,7,28,2375,1923,0,0,0,0,0,172962,3,0
0,0,0,0,17,28,2376,1923,0,0,0,0,0,207956,3,0
0,0,0,0,6,28,2377,1923,0,0,0,0,0,248405,2,0
0,0,0,0,10,28,2378,1923,0,0,0,0,0,205887,3,0
0,0,0,0,1,28,2379,1923,0,0,0,0,0,193013,3,0
0,0,0,0,20,28,2380,1923,0,0,0,0,0,227995,3,0
0,0,0,0,29,29,2381,1923,0,0,0,0,0,241411,3,0
0,0,0,0,25,29,2382,1923,0,0,0,0,0,269691,3,0
0,0,0,0,38,29,2383,1923,0,0,0,0,0,278193,3,0
0,0,0,0,37,29,2384,1923,0,0,0,0,0,279042,3,0
0,0,0,0,4,29,2385,1923,0,0,0,0,0,211363,3,0
0,0,0,0,31,0,2386,1929,0,0,0,0,0,224947,3,0
1,0,0,1,8,3,2387,1929,0,0,0,0,0,192231,3,0
0,0,0,0,6,4,2388,1929,0,0,0,0,0,276220,3,0
0,0,0,0,17,6,2389,1929,0,0,0,0,0,240496,3,0
0,0,0,0,2,7,2390,1929,0,0,0,0,0,243353,3,0
0,0,0,0,20,9,2391,1929,0,0,0,0,0,251306,5,0
0,0,0,0,18,11,2392,1929,0,0,0,0,0,270209,3,0
2,0,0,1,10,12,2393,1929,0,0,0,0,0,252796,5,0
3,0,0,1,7,16,2394,1929,0,0,0,0,0,268927,3,0
0,0,0,0,15,18,2395,1929,0,0,0,0,0,236474,3,0
1,0,0,1,9,25,2396,1929,0,0,0,0,0,226084,3,0
0,0,0,0,27,28,2397,1929,0,0,0,0,0,193910,3,0
1,0,0,1,28,28,2398,1929,0,0,0,0,0,247658,3,0
0,0,0,0,44,28,2399,1929,0,0,0,0,0,190640,3,0
0,0,0,0,3,28,2400,1929,0,0,0,0,0,254327,3,0
0,0,0,0,25,28,2401,1929,0,0,0,0,0,221531,3,0
0,0,0,0,26,28,2402,1929,0,0,0,0,0,276059,3,0
0,0,0,0,4,28,2403,1929,0,0,0,0,0,213665,2,0
1,0,0,1,14,28,2404,1929,0,0,0,0,0,242265,4,0
0,0,0,0,5,28,2405,1929,0,0,0,0,0,222576,3,0
0,0,0,0,11,28,2406,1929,0,0,0,0,0,242423,3,0
0,0,0,0,29,28,2407,1929,0,0,0,0,0,252555,3,0
0,0,0,0,22,28,2408,1929,0,0,0,0,0,209852,3,0
0,0,0,0,21,29,2409,1929,0,0,0,0,0,242289,3,0
0,0,0,0,32,29,2410,1929,0,0,0,0,0,264839,3,0
0,0,0,0,34,29,2411,1929,0,0,0,0,0,272465,3,0
0,0,0,0,35,29,2412,1929,0,0,0,0,0,268606,3,0
0,0,0,0,33,29,2413,1929,0,0,0,0,0,277430,3,0
0,0,0,0,19,29,2414,1929,0,0,0,0,0,194138,3,0
0,0,0,0,38,29,2415,1929,0,0,0,0,0,75297,3,0
0,0,0,0,1,0,2416,1951,0,0,0,0,0,238070,5,0
0,0,0,0,30,3,2417,1951,0,0,0,0,0,255314,3,0
0,0,0,0,5,4,2418,1951,0,0,0,0,0,235263,3,0
1,0,0,1,3,6,2419,1951,0,0,0,0,0,242541,3,0
0,0,0,0,12,7,2420,1951,0,0,0,0,0,190430,3,0
0,0,0,0,4,10,2421,1951,0,0,0,0,0,208769,3,0
2,0,0,1,19,12,2422,1951,0,0,0,0,0,263861,2,0
2,0,0,1,20,13,2423,1951,0,0,0,0,0,275348,3,0
1,0,0,1,8,15,2424,1951,0,0,0,0,0,220940,3,0
0,0,0,0,7,16,2425,1951,0,0,0,0,0,239439,3,0
4,1,0,1,9,25,2426,1951,0,0,0,0,0,237833,3,0
0,0,0,0,10,28,2427,1951,0,0,0,0,0,188166,3,0
0,0,0,0,23,28,2428,1951,0,0,0,0,0,239350,2,0
0,0,0,0,24,28,2429,1951,0,0,0,0,0,226436,3,0
0,0,0,0,2,28,2430,1951,0,0,0,0,0,211203,4,0
0,0,0,0,21,28,2431,1951,0,0,0,0,0,204502,3,0
0,0,0,0,44,28,2432,1951,0,0,0,0,0,261025,3,0
1,0,0,1,15,28,2433,1951,0,0,0,0,0,246681,3,0
1,0,0,1,14,28,2434,1951,0,0,0,0,0,245340,4,0
0,0,0,0,17,28,2435,1951,0,0,0,0,0,235769,3,0
0,0,0,0,11,28,2436,1951,0,0,0,0,0,267611,3,0
1,0,0,1,22,28,2437,1951,0,0,0,0,0,211594,3,0
0,0,0,0,6,28,2438,1951,0,0,0,0,0,198704,3,0
0,0,0,0,16,29,2439,1951,0,0,0,0,0,270944,3,0
0,0,0,0,25,29,2440,1951,0,0,0,0,0,264104,3,0
0,0,0,0,34,29,2441,1951,0,0,0,0,0,229349,3,0
0,0,0,0,13,29,2442,1951,0,0,0,0,0,173895,3,0
0,0,0,0,28,29,2443,1951,0,0,0,0,0,74579,3,0
0,0,0,0,27,29,2444,1951,0,0,0,0,0,266761,3,0
0,0,0,0,29,29,2445,1951,0,0,0,0,0,231406,3,0
0,0,0,0,1,0,2446,1952,0,0,0,0,0,258585,2,0
1,0,0,1,2,3,2447,1952,0,0,0,0,0,224099,1,0
0,0,0,0,5,4,2448,1952,0,0,0,0,0,236315,3,0
0,0,0,0,6,6,2449,1952,0,0,0,0,0,241534,2,0
0,0,0,0,3,7,2450,1952,0,0,0,0,0,243608,3,0
1,0,0,1,25,10,2451,1952,0,0,0,0,0,268599,2,0
0,0,0,0,10,12,2452,1952,0,0,0,0,0,231777,3,0
1,0,0,1,27,13,2453,1952,0,0,0,0,0,241953,3,0
0,0,0,0,8,15,2454,1952,0,0,0,0,0,227978,3,0
1,0,0,1,7,16,2455,1952,0,0,0,0,0,240925,2,0
2,0,0,1,9,25,2456,1952,0,0,0,0,0,225533,3,0
2,0,0,1,33,28,2457,1952,0,0,0,0,0,277663,3,0
2,0,0,1,45,28,2458,1952,0,0,0,0,0,225441,3,0
1,0,0,1,23,28,2459,1952,0,0,0,0,0,254529,3,0
0,0,0,0,4,28,2460,1952,0,0,0,0,0,272895,1,0
0,0,0,0,22,28,2461,1952,0,0,0,0,0,263339,3,0
0,0,0,0,48,28,2462,1952,0,0,0,0,0,265777,3,0
0,0,0,0,44,28,2463,1952,0,0,0,0,0,270379,3,0
0,0,0,0,29,28,2464,1952,0,0,0,0,0,248692,3,0
0,0,0,0,18,28,2465,1952,0,0,0,0,0,271668,3,0
0,0,0,0,31,28,2466,1952,0,0,0,0,0,243573,3,0
0,0,0,0,12,28,2467,1952,0,0,0,0,0,199254,2,0
0,0,0,0,11,28,2468,1952,0,0,0,0,0,234129,3,0
0,0,0,0,16,29,2469,1952,0,0,0,0,0,250825,3,0
0,0,0,0,32,29,2470,1952,0,0,0,0,0,271333,3,0
0,0,0,0,20,29,2471,1952,0,0,0,0,0,273827,3,0
0,0,0,0,14,29,2472,1952,0,0,0,0,0,261420,3,0
0,0,0,0,17,29,2473,1952,0,0,0,0,0,266873,3,0
0,0,0,0,36,29,2474,1952,0,0,0,0,0,263840,3,0
0,0,0,0,34,29,2475,1952,0,0,0,0,0,254122,3,0
0,0,0,0,26,29,2476,1952,0,0,0,0,0,256482,3,0
0,0,0,0,41,29,2477,1952,0,0,0,0,0,278708,3,0
0,0,0,0,19,29,2478,1952,0,0,0,0,0,236529,3,0
0,0,0,0,22,0,2479,1960,0,0,0,0,0,213413,4,0
0,0,0,0,2,3,2480,1960,0,0,0,0,0,244870,4,0
0,0,0,0,6,4,2481,1960,0,0,0,0,0,236551,4,0
1,0,0,1,5,6,2482,1960,0,0,0,0,0,248687,5,0
0,0,0,0,14,7,2483,1960,0,0,0,0,0,232759,4,0
0,0,0,0,17,9,2484,1960,0,0,0,0,0,258596,3,0
1,0,0,1,8,11,2485,1960,0,0,0,0,0,212118,4,0
0,0,0,0,10,12,2486,1960,0,0,0,0,0,260492,3,0
0,0,0,0,35,16,2487,1960,0,0,0,0,0,275785,3,0
1,0,0,1,31,18,2488,1960,0,0,0,0,0,248688,3,0
2,0,0,1,20,25,2489,1960,0,0,0,0,0,233941,3,0
0,0,0,0,4,28,2490,1960,0,0,0,0,0,221890,3,0
0,0,0,0,26,28,2491,1960,0,0,0,0,0,186598,3,0
0,0,0,0,3,28,2492,1960,0,0,0,0,0,234832,3,0
0,0,0,0,32,28,2493,1960,0,0,0,0,0,258522,3,0
0,0,0,0,1,28,2494,1960,0,0,0,0,0,234260,3,0
1,0,0,1,9,28,2495,1960,0,0,0,0,0,276716,3,0
0,0,0,0,7,28,2496,1960,0,0,0,0,0,184716,3,0
0,0,0,0,21,28,2497,1960,0,0,0,0,0,269467,3,0
0,0,0,0,25,28,2498,1960,0,0,0,0,0,263582,3,0
0,0,0,0,33,28,2499,1960,0,0,0,0,0,188094,3,0
0,0,0,0,19,28,2500,1960,0,0,0,0,0,258910,3,0
1,0,0,1,47,28,2501,1960,0,0,0,0,0,266303,3,0
0,0,0,0,43,29,2502,1960,0,0,0,0,0,74357,3,0
0,0,0,0,29,29,2503,1960,0,0,0,0,0,266842,3,0
0,0,0,0,41,29,2504,1960,0,0,0,0,0,278958,3,0
0,0,0,0,37,29,2505,1960,0,0,0,0,0,71746,3,0
0,0,0,0,50,29,2506,1960,0,0,0,0,0,277591,3,0
0,0,0,0,36,29,2507,1960,0,0,0,0,0,270065,3,0
0,0,0,0,11,29,2508,1960,0,0,0,0,0,222916,3,0
0,0,0,0,1,0,2509,1961,0,0,0,0,0,219736,3,0
1,0,0,1,38,3,2510,1961,0,0,0,0,0,223905,3,0
0,0,0,0,4,4,2511,1961,0,0,0,0,0,229703,3,0
0,0,0,0,12,6,2512,1961,0,0,0,0,0,205989,3,0
0,0,0,0,11,7,2513,1961,0,0,0,0,0,212454,3,0
0,0,0,0,3,9,2514,1961,0,0,0,0,0,236773,3,0
0,0,0,0,8,11,2515,1961,0,0,0,0,0,204464,2,0
0,0,0,0,19,12,2516,1961,0,0,0,0,0,233730,3,0
0,0,0,0,16,16,2517,1961,0,0,0,0,0,225785,3,0
0,0,0,0,10,18,2518,1961,0,0,0,0,0,186561,3,0
0,0,0,0,15,25,2519,1961,0,0,0,0,0,239589,2,0
0,0,0,0,20,28,2520,1961,0,0,0,0,0,216433,2,0
0,0,0,0,27,28,2521,1961,0,0,0,0,0,257437,3,0
0,0,0,0,5,28,2522,1961,0,0,0,0,0,256459,3,0
0,0,0,0,2,28,2523,1961,0,0,0,0,0,256611,3,0
0,0,0,0,21,28,2524,1961,0,0,0,0,0,204354,3,0
2,0,0,1,47,28,2525,1961,0,0,0,0,0,206518,3,0
1,0,0,1,32,28,2526,1961,0,0,0,0,0,269175,4,0
0,0,0,0,14,28,2527,1961,0,0,0,0,0,234111,3,0
0,0,0,0,18,28,2528,1961,0,0,0,0,0,259677,3,0
0,0,0,0,17,28,2529,1961,0,0,0,0,0,241135,3,0
0,0,0,0,39,28,2530,1961,0,0,0,0,0,257438,3,0
0,0,0,0,9,28,2531,1961,0,0,0,0,0,246296,3,0
0,0,0,0,35,29,2532,1961,0,0,0,0,0,228517,3,0
0,0,0,0,33,29,2533,1961,0,0,0,0,0,263460,3,0
0,0,0,0,23,29,2534,1961,0,0,0,0,0,256510,3,0
0,0,0,0,45,29,2535,1961,0,0,0,0,0,70026,3,0
0,0,0,0,37,29,2536,1961,0,0,0,0,0,278073,3,0
0,0,0,0,46,29,2537,1961,0,0,0,0,0,276531,3,0
0,0,0,0,41,29,2538,1961,0,0,0,0,0,277586,3,0
0,0,0,0,16,0,2539,57,0,0,0,0,0,205377,2,0
0,0,0,0,23,3,2540,57,0,0,0,0,0,246763,2,0
0,0,0,0,20,4,2541,57,0,0,0,0,0,257204,2,0
1,0,0,1,4,5,2542,57,0,0,0,0,0,217565,3,0
0,0,0,0,3,6,2543,57,0,0,0,0,0,231185,2,0
0,0,0,0,14,7,2544,57,0,0,0,0,0,247124,2,0
1,0,0,1,97,13,2545,57,0,0,0,0,0,225853,3,0
1,0,0,1,42,15,2546,57,0,0,0,0,0,238392,2,0
2,0,0,1,25,18,2547,57,0,0,0,0,0,240787,3,0
1,0,0,1,9,24,2548,57,0,0,0,0,0,245563,3,0
0,0,0,0,17,26,2549,57,0,0,0,0,0,251170,2,0
1,0,0,1,10,28,2550,57,0,0,0,0,0,232360,3,0
0,0,0,0,18,28,2551,57,0,0,0,0,0,230144,3,0
0,0,0,0,26,28,2552,57,0,0,0,0,0,263417,3,0
0,0,0,0,92,28,2553,57,0,0,0,0,0,277503,3,0
0,0,0,0,40,28,2554,57,0,0,0,0,0,263402,3,0
1,0,0,1,45,28,2555,57,0,0,0,0,0,237453,2,0
0,0,0,0,19,28,2556,57,0,0,0,0,0,229448,3,0
0,0,0,0,6,28,2557,57,0,0,0,0,0,251751,3,0
0,0,0,0,5,28,2558,57,0,0,0,0,0,221271,3,0
0,0,0,0,11,28,2559,57,0,0,0,0,0,255216,3,0
0,0,0,0,27,28,2560,57,0,0,0,0,0,272894,2,0
0,0,0,0,77,28,2561,57,0,0,0,0,0,75051,3,0
0,0,0,0,24,29,2562,57,0,0,0,0,0,277938,3,0
0,0,0,0,29,29,2563,57,0,0,0,0,0,74638,3,0
0,0,0,0,37,29,2564,57,0,0,0,0,0,234510,3,0
0,0,0,0,30,29,2565,57,0,0,0,0,0,277644,3,0
1,0,0,1,21,29,2566,57,0,0,0,0,0,263421,3,0
0,0,0,0,8,29,2567,57,0,0,0,0,0,276933,3,0
0,0,0,0,30,0,2568,64,0,0,0,0,0,204883,3,0
0,0,0,0,24,4,2569,64,0,0,0,0,0,221284,3,0
0,0,0,0,4,5,2570,64,0,0,0,0,0,237985,3,0
0,0,0,0,14,6,2571,64,0,0,0,0,0,236804,3,0
1,0,0,1,29,12,2572,64,0,0,0,0,0,212138,3,0
0,0,0,0,28,13,2573,64,0,0,0,0,0,208787,3,0
1,0,0,1,18,15,2574,64,0,0,0,0,0,268534,3,0
0,0,0,0,3,16,2575,64,0,0,0,0,0,220837,3,0
0,0,0,0,11,18,2576,64,0,0,0,0,0,226789,2,0
0,0,0,0,7,24,2577,64,0,0,0,0,0,227232,3,0
2,0,0,1,8,26,2578,64,0,0,0,0,0,240452,3,0
0,0,0,0,10,28,2579,64,0,0,0,0,0,259139,3,0
0,0,0,0,26,28,2580,64,0,0,0,0,0,198861,3,0
0,0,0,0,2,28,2581,64,0,0,0,0,0,223597,3,0
0,0,0,0,25,28,2582,64,0,0,0,0,0,277031,4,0
0,0,0,0,16,28,2583,64,0,0,0,0,0,239342,3,0
1,0,0,1,22,28,2584,64,0,0,0,0,0,212613,2,0
0,0,0,0,23,28,2585,64,0,0,0,0,0,262745,3,0
0,0,0,0,21,28,2586,64,0,0,0,0,0,260843,3,0
0,0,0,0,9,28,2587,64,0,0,0,0,0,264325,3,0
1,0,0,1,13,28,2588,64,0,0,0,0,0,259027,2,0
0,0,0,0,19,28,2589,64,0,0,0,0,0,212947,3,0
0,0,0,0,20,28,2590,64,0,0,0,0,0,235454,3,0
0,0,0,0,15,29,2591,64,0,0,0,0,0,276207,3,0
0,0,0,0,36,29,2592,64,0,0,0,0,0,274692,3,0
0,0,0,0,27,29,2593,64,0,0,0,0,0,74416,3,0
0,0,0,0,34,29,2594,64,0,0,0,0,0,70473,3,0
0,0,0,0,1,29,2595,64,0,0,0,0,0,184781,3,0
0,0,0,0,30,0,2596,65,0,0,0,0,0,251752,5,0
0,0,0,0,22,3,2597,65,0,0,0,0,0,270559,3,0
1,0,0,1,18,4,2598,65,0,0,0,0,0,246565,2,0
0,0,0,0,4,6,2599,65,0,0,0,0,0,269493,2,0
0,0,0,0,5,7,2600,65,0,0,0,0,0,236822,3,0
0,0,0,0,21,9,2601,65,0,0,0,0,0,190674,3,0
0,0,0,0,26,11,2602,65,0,0,0,0,0,211575,2,0
3,0,0,1,23,12,2603,65,0,0,0,0,0,239763,2,0
0,0,0,0,11,16,2604,65,0,0,0,0,0,246548,4,0
1,0,0,1,8,18,2605,65,0,0,0,0,0,240507,4,0
5,1,0,1,9,25,2606,65,0,0,0,0,0,243630,2,0
0,0,0,0,7,28,2607,65,0,0,0,0,0,262088,3,0
0,0,0,0,17,28,2608,65,0,0,0,0,0,274447,3,0
0,0,0,0,29,28,2609,65,0,0,0,0,0,278172,3,0
1,0,0,1,12,28,2610,65,0,0,0,0,0,202371,2,0
0,0,0,0,1,28,2611,65,0,0,0,0,0,179547,3,0
1,0,0,1,27,28,2612,65,0,0,0,0,0,241821,3,0
0,0,0,0,10,28,2613,65,0,0,0,0,0,193476,3,0
1,0,0,1,20,28,2614,65,0,0,0,0,0,239368,4,0
0,0,0,0,32,28,2615,65,0,0,0,0,0,278901,3,0
0,0,0,0,2,28,2616,65,0,0,0,0,0,201143,3,0
0,0,0,0,19,28,2617,65,0,0,0,0,0,276048,3,0
0,0,0,0,13,28,2618,65,0,0,0,0,0,223139,3,0
0,0,0,0,16,29,2619,65,0,0,0,0,0,211398,3,0
0,0,0,0,28,29,2620,65,0,0,0,0,0,271317,3,0
0,0,0,0,34,29,2621,65,0,0,0,0,0,276323,3,0
0,0,0,0,31,29,2622,65,0,0,0,0,0,201119,3,0
0,0,0,0,14,29,2623,65,0,0,0,0,0,205600,3,0
0,0,0,0,6,29,2624,65,0,0,0,0,0,213296,3,0
0,0,0,0,23,0,2625,66,0,0,0,0,0,230670,4,0
1,0,0,1,98,3,2626,66,0,0,0,0,0,225782,3,0
1,0,0,1,55,4,2627,66,0,0,0,0,0,225263,4,0
0,0,0,0,19,6,2628,66,0,0,0,0,0,225859,3,0
1,0,0,1,3,7,2629,66,0,0,0,0,0,211256,4,0
1,0,0,1,8,9,2630,66,0,0,0,0,0,219683,3,0
0,0,0,0,31,11,2631,66,0,0,0,0,0,191202,3,0
0,0,0,0,37,12,2632,66,0,0,0,0,0,268763,3,0
1,0,0,1,11,16,2633,66,0,0,0,0,0,256420,3,0
1,0,0,1,18,18,2634,66,0,0,0,0,0,251570,4,0
0,0,0,0,10,25,2635,66,0,0,0,0,0,193301,2,0
0,0,0,0,7,28,2636,66,0,0,0,0,0,201519,3,0
0,0,0,0,6,28,2637,66,0,0,0,0,0,246646,3,0
0,0,0,0,22,28,2638,66,0,0,0,0,0,208364,3,0
0,0,0,0,16,28,2639,66,0,0,0,0,0,263815,3,0
0,0,0,0,40,28,2640,66,0,0,0,0,0,234371,3,0
0,0,0,0,12,28,2641,66,0,0,0,0,0,198717,3,0
0,0,0,0,17,28,2642,66,0,0,0,0,0,220621,4,0
2,0,0,1,9,28,2643,66,0,0,0,0,0,273564,3,0
0,0,0,0,69,28,2644,66,0,0,0,0,0,254551,3,0
0,0,0,0,27,28,2645,66,0,0,0,0,0,256854,3,0
0,0,0,0,15,28,2646,66,0,0,0,0,0,256104,3,0
0,0,0,0,34,28,2647,66,0,0,0,0,0,278789,3,0
0,0,0,0,20,29,2648,66,0,0,0,0,0,268312,3,0
0,0,0,0,1,29,2649,66,0,0,0,0,0,199482,3,0
0,0,0,0,30,29,2650,66,0,0,0,0,0,278094,3,0
0,0,0,0,4,29,2651,66,0,0,0,0,0,246947,3,0
0,0,0,0,47,29,2652,66,0,0,0,0,0,259806,3,0
0,0,0,0,46,29,2653,66,0,0,0,0,0,269854,3,0
0,0,0,0,16,0,2654,69,0,0,0,0,0,239364,2,0
1,0,0,0,2,3,2655,69,0,0,0,0,0,263781,3,0
0,0,0,0,17,4,2656,69,0,0,0,0,0,252802,3,0
2,0,0,1,5,6,2657,69,0,0,0,0,0,226229,4,0
0,0,0,0,12,7,2658,69,0,0,0,0,0,232440,3,0
2,0,0,1,15,9,2659,69,0,0,0,0,0,275138,3,0
2,0,0,1,6,11,2660,69,0,0,0,0,0,229261,2,0
0,0,0,0,11,12,2661,69,0,0,0,0,0,264862,3,0
0,0,0,0,10,16,2662,69,0,0,0,0,0,225663,3,0
1,0,0,0,18,18,2663,69,0,0,0,0,0,226627,2,0
3,0,0,1,9,25,2664,69,0,0,0,0,0,247463,4,0
2,0,0,1,7,28,2665,69,0,0,0,0,0,272781,5,0
1,0,0,0,4,28,2666,69,0,0,0,0,0,245211,3,0
0,0,0,0,22,28,2667,69,0,0,0,0,0,244915,3,0
0,0,0,0,13,28,2668,69,0,0,0,0,0,272785,3,0
0,0,0,0,1,28,2669,69,0,0,0,0,0,235413,3,0
0,0,0,0,36,28,2670,69,0,0,0,0,0,222357,3,0
0,0,0,0,21,28,2671,69,0,0,0,0,0,273546,3,0
0,0,0,0,27,28,2672,69,0,0,0,0,0,238227,3,0
0,0,0,0,88,28,2673,69,0,0,0,0,0,275102,3,0
0,0,0,0,20,28,2674,69,0,0,0,0,0,273933,3,0
0,0,0,0,8,28,2675,69,0,0,0,0,0,258433,3,0
0,0,0,0,37,28,2676,69,0,0,0,0,0,275019,3,0
0,0,0,0,50,29,2677,69,0,0,0,0,0,271661,3,0
0,0,0,0,40,0,2678,70,0,0,0,0,0,200726,3,0
0,0,0,0,77,3,2679,70,0,0,0,0,0,230147,2,0
0,0,0,0,27,4,2680,70,0,0,0,0,0,244603,3,0
1,0,0,1,5,6,2681,70,0,0,0,0,0,241708,2,0
0,0,0,0,21,7,2682,70,0,0,0,0,0,278262,2,0
0,0,0,0,13,9,2683,70,0,0,0,0,0,252541,3,0
0,0,0,0,12,11,2684,70,0,0,0,0,0,206306,3,0
2,0,0,1,7,12,2685,70,0,0,0,0,0,236518,4,0
0,0,0,0,70,16,2686,70,0,0,0,0,0,251401,3,0
1,0,0,1,11,18,2687,70,0,0,0,0,0,205686,2,0
3,0,0,1,8,25,2688,70,0,0,0,0,0,266256,2,0
0,0,0,0,20,28,2689,70,0,0,0,0,0,209698,2,0
0,0,0,0,6,28,2690,70,0,0,0,0,0,208615,3,0
0,0,0,0,3,28,2691,70,0,0,0,0,0,212282,3,0
0,0,0,0,29,28,2692,70,0,0,0,0,0,270518,3,0
0,0,0,0,16,28,2693,70,0,0,0,0,0,228616,3,0
0,0,0,0,10,28,2694,70,0,0,0,0,0,194845,2,0
0,0,0,0,9,28,2695,70,0,0,0,0,0,259191,3,0
0,0,0,0,22,28,2696,70,0,0,0,0,0,271306,3,0
0,0,0,0,15,28,2697,70,0,0,0,0,0,256697,3,0
0,0,0,0,17,28,2698,70,0,0,0,0,0,241157,3,0
0,0,0,0,39,28,2699,70,0,0,0,0,0,278571,3,0
0,0,0,0,45,28,2700,70,0,0,0,0,0,74476,1,0
0,0,0,0,14,29,2701,70,0,0,0,0,0,279078,3,0
0,0,0,0,28,29,2702,70,0,0,0,0,0,74035,3,0
1,0,0,1,19,29,2703,70,0,0,0,0,0,70768,3,0
0,0,0,0,44,29,2704,70,0,0,0,0,0,74477,3,0
0,0,0,0,1,29,2705,70,0,0,0,0,0,276704,3,0
0,0,0,0,4,29,2706,70,0,0,0,0,0,247019,3,0
0,0,0,0,1,0,2707,71,0,0,0,0,0,231691,3,0
0,0,0,0,98,3,2708,71,0,0,0,0,0,231235,2,0
0,0,0,0,21,4,2709,71,0,0,0,0,0,213868,3,0
0,0,0,0,44,6,2710,71,0,0,0,0,0,273123,2,0
0,0,0,0,2,7,2711,71,0,0,0,0,0,229705,3,0
0,0,0,0,5,10,2712,71,0,0,0,0,0,224019,3,0
1,0,0,1,22,12,2713,71,0,0,0,0,0,260478,2,0
1,0,0,1,6,13,2714,71,0,0,0,0,0,251675,2,0
2,0,0,1,8,15,2715,71,0,0,0,0,0,258619,3,0
2,0,0,1,27,16,2716,71,0,0,0,0,0,216820,4,0
1,0,0,1,39,25,2717,71,0,0,0,0,0,264422,3,0
1,0,0,1,31,28,2718,71,0,0,0,0,0,254247,3,0
0,0,0,0,25,28,2719,71,0,0,0,0,0,209288,3,0
0,0,0,0,11,28,2720,71,0,0,0,0,0,226414,3,0
0,0,0,0,4,28,2721,71,0,0,0,0,0,199393,2,0
0,0,0,0,50,28,2722,71,0,0,0,0,0,262789,3,0
0,0,0,0,10,28,2723,71,0,0,0,0,0,230717,3,0
0,0,0,0,7,28,2724,71,0,0,0,0,0,241130,3,0
0,0,0,0,3,28,2725,71,0,0,0,0,0,239136,3,0
0,0,0,0,17,28,2726,71,0,0,0,0,0,214947,3,0
1,0,0,1,62,28,2727,71,0,0,0,0,0,74475,3,0
0,0,0,0,54,28,2728,71,0,0,0,0,0,70475,3,0
0,0,0,0,66,28,2729,71,0,0,0,0,0,74473,3,0
0,0,0,0,30,29,2730,71,0,0,0,0,0,216750,3,0
0,0,0,0,59,29,2731,71,0,0,0,0,0,70477,3,0
0,0,0,0,28,29,2732,71,0,0,0,0,0,229971,3,0
0,0,0,0,1,0,2733,72,0,0,0,0,0,238186,4,0
1,0,0,1,55,4,2734,72,0,0,0,0,0,255533,3,0
0,0,0,0,64,5,2735,72,0,0,0,0,0,274536,3,0
0,0,0,0,4,6,2736,72,0,0,0,0,0,158625,3,0
2,0,0,1,25,23,2737,72,0,0,0,0,0,256476,3,0
1,0,0,1,92,12,2738,72,0,0,0,0,0,239093,4,0
1,0,0,1,6,13,2739,72,0,0,0,0,0,253157,3,0
1,0,0,1,22,15,2740,72,0,0,0,0,0,235569,4,0
0,0,0,0,26,16,2741,72,0,0,0,0,0,254548,3,0
0,0,0,0,7,27,2742,72,0,0,0,0,0,224422,3,0
3,0,0,1,29,25,2743,72,0,0,0,0,0,258444,3,0
1,0,0,1,10,28,2744,72,0,0,0,0,0,244892,3,0
1,0,0,1,8,28,2745,72,0,0,0,0,0,235134,3,0
1,0,0,1,2,28,2746,72,0,0,0,0,0,252711,4,0
0,0,0,0,33,28,2747,72,0,0,0,0,0,272515,3,0
0,0,0,0,31,28,2748,72,0,0,0,0,0,204513,3,0
0,0,0,0,24,28,2749,72,0,0,0,0,0,209519,3,0
2,0,0,1,15,28,2750,72,0,0,0,0,0,240833,3,0
0,0,0,0,5,28,2751,72,0,0,0,0,0,269164,3,0
0,0,0,0,19,28,2752,72,0,0,0,0,0,270465,3,0
0,0,0,0,45,28,2753,72,0,0,0,0,0,74480,3,0
0,0,0,0,20,28,2754,72,0,0,0,0,0,278187,3,0
0,0,0,0,18,28,2755,72,0,0,0,0,0,262480,3,0
0,0,0,0,36,29,2756,72,0,0,0,0,0,74478,3,0
0,0,0,0,77,29,2757,72,0,0,0,0,0,257235,3,0
0,0,0,0,44,29,2758,72,0,0,0,0,0,278188,3,0
0,0,0,0,11,29,2759,72,0,0,0,0,0,210896,3,0
0,0,0,0,9,29,2760,72,0,0,0,0,0,255000,3,0
0,0,0,0,1,0,2761,73,0,0,0,0,0,230621,3,0
1,0,0,1,2,3,2762,73,0,0,0,0,0,235212,3,0
0,0,0,0,5,4,2763,73,0,0,0,0,0,207865,3,0
0,0,0,0,51,6,2764,73,0,0,0,0,0,256196,3,0
1,0,0,1,25,7,2765,73,0,0,0,0,0,252145,3,0
4,1,0,1,10,23,2766,73,0,0,0,0,0,231443,3,0
1,0,0,1,33,13,2767,73,0,0,0,0,0,270673,2,0
1,0,0,1,17,14,2768,73,0,0,0,0,0,255253,3,0
0,0,0,0,87,15,2769,73,0,0,0,0,0,272834,2,0
6,1,0,1,29,27,2770,73,0,0,0,1,0,264652,2,0
1,0,0,1,11,25,2771,73,0,0,0,0,0,220834,3,0
1,0,0,1,8,28,2772,73,0,0,0,0,0,226271,2,0
3,0,0,1,19,28,2773,73,0,0,0,0,0,243780,3,0
0,0,0,0,35,28,2774,73,0,0,0,0,0,279709,3,0
0,0,0,0,42,28,2775,73,0,0,0,0,0,70766,3,0
0,0,0,0,39,28,2776,73,0,0,0,0,0,240225,3,0
2,0,0,1,23,28,2777,73,0,0,0,0,0,237679,2,0
0,0,0,0,14,28,2778,73,0,0,0,0,0,271421,3,0
0,0,0,0,37,28,2779,73,0,0,0,0,0,232363,3,0
0,0,0,0,24,28,2780,73,0,0,0,0,0,70004,3,0
0,0,0,0,80,28,2781,73,0,0,0,0,0,259065,3,0
0,0,0,0,44,28,2782,73,0,0,0,0,0,275270,3,0
0,0,0,0,21,28,2783,73,0,0,0,0,0,220814,3,0
0,0,0,0,3,29,2784,73,0,0,0,0,0,225850,3,0
0,0,0,0,9,29,2785,73,0,0,0,0,0,256903,3,0
0,0,0,0,30,0,2786,74,0,0,0,0,0,163705,2,0
1,0,0,1,55,4,2787,74,0,0,0,0,0,238516,2,0
0,0,0,0,4,5,2788,74,0,0,0,0,0,260658,3,0
0,0,0,0,36,6,2789,74,0,0,0,0,0,257946,3,0
3,0,0,1,11,23,2790,74,0,0,0,0,0,231102,4,0
0,0,0,0,22,12,2791,74,0,0,0,0,0,260574,3,0
0,0,0,0,8,13,2792,74,0,0,0,0,0,219792,3,0
0,0,0,0,6,15,2793,74,0,0,0,0,0,239356,3,0
0,0,0,0,3,16,2794,74,0,0,0,0,0,256769,2,0
1,0,0,1,10,27,2795,74,0,0,0,0,0,240753,2,0
3,0,0,1,9,25,2796,74,0,0,0,0,0,253444,2,0
0,0,0,0,27,28,2797,74,0,0,0,0,0,234570,3,0
1,0,0,1,7,28,2798,74,0,0,0,0,0,256949,2,0
0,0,0,0,28,28,2799,74,0,0,0,0,0,213654,3,0
0,0,0,0,33,28,2800,74,0,0,0,0,0,220093,3,0
0,0,0,0,23,28,2801,74,0,0,0,0,0,214680,3,0
1,0,0,1,19,28,2802,74,0,0,0,0,0,277309,3,0
0,0,0,0,20,28,2803,74,0,0,0,0,0,266674,3,0
0,0,0,0,17,28,2804,74,0,0,0,0,0,265514,3,0
0,0,0,0,32,28,2805,74,0,0,0,0,0,259205,3,0
0,0,0,0,15,28,2806,74,0,0,0,0,0,277118,3,0
0,0,0,0,40,28,2807,74,0,0,0,0,0,188881,3,0
0,0,0,0,18,28,2808,74,0,0,0,0,0,279557,3,0
0,0,0,0,48,29,2809,74,0,0,0,0,0,73192,3,0
0,0,0,0,38,29,2810,74,0,0,0,0,0,71114,3,0
0,0,0,0,80,29,2811,74,0,0,0,0,0,245822,3,0
0,0,0,0,1,0,2812,76,0,0,0,0,0,269626,3,0
0,0,0,0,22,3,2813,76,0,0,0,0,0,275208,3,0
0,0,0,0,4,4,2814,76,0,0,0,0,0,259119,3,0
1,0,0,1,5,6,2815,76,0,0,0,0,0,269003,3,0
1,0,0,1,7,7,2816,76,0,0,0,0,0,270039,2,0
0,0,0,0,29,9,2817,76,0,0,0,0,0,257090,2,0
3,0,0,1,8,11,2818,76,0,0,0,0,0,273018,3,0
0,0,0,0,26,12,2819,76,0,0,0,0,0,250789,3,0
3,0,0,1,15,16,2820,76,0,0,0,0,0,256782,2,0
2,0,0,1,19,18,2821,76,0,0,0,0,0,264293,3,0
3,0,0,1,10,25,2822,76,0,0,0,0,0,258437,3,0
0,0,0,0,18,28,2823,76,0,0,0,0,0,269184,3,0
0,0,0,0,6,28,2824,76,0,0,0,0,0,264869,3,0
0,0,0,0,3,28,2825,76,0,0,0,0,0,203741,3,0
0,0,0,0,25,28,2826,76,0,0,0,0,0,271250,3,0
0,0,0,0,30,28,2827,76,0,0,0,0,0,190120,3,0
0,0,0,0,9,28,2828,76,0,0,0,0,0,69992,3,0
0,0,0,0,12,28,2829,76,0,0,0,0,0,266605,3,0
0,0,0,0,23,28,2830,76,0,0,0,0,0,275507,3,0
0,0,0,0,14,28,2831,76,0,0,0,0,0,257612,3,0
0,0,0,0,17,28,2832,76,0,0,0,0,0,73430,3,0
0,0,0,0,20,28,2833,76,0,0,0,0,0,274231,3,0
0,0,0,0,77,28,2834,76,0,0,0,0,0,213928,3,0
0,0,0,0,28,29,2835,76,0,0,0,0,0,263112,3,0
0,0,0,0,40,29,2836,76,0,0,0,0,0,279016,3,0
0,0,0,0,16,29,2837,76,0,0,0,0,0,271918,3,0
0,0,0,0,11,29,2838,76,0,0,0,0,0,261771,3,0
0,0,0,0,36,29,2839,76,0,0,0,0,0,276988,3,0
0,0,0,0,35,29,2840,76,0,0,0,0,0,72305,3,0
0,0,0,0,38,29,2841,76,0,0,0,0,0,74028,3,0
0,0,0,0,60,29,2842,76,0,0,0,0,0,72056,3,0
0,0,0,0,52,29,2843,76,0,0,0,0,0,70006,3,0
0,0,0,0,53,29,2844,76,0,0,0,0,0,279702,3,0
0,0,0,0,1,0,2845,219,0,0,0,0,0,215316,2,0
0,0,0,0,62,3,2846,219,0,0,0,0,0,237841,3,0
0,0,0,0,5,4,2847,219,0,0,0,0,0,242835,3,0
0,0,0,0,20,6,2848,219,0,0,0,0,0,251380,3,0
0,0,0,0,3,7,2849,219,0,0,0,0,0,261616,3,0
0,0,0,0,23,9,2850,219,0,0,0,0,0,213648,2,0
0,0,0,0,25,11,2851,219,0,0,0,0,0,210008,3,0
5,1,0,1,10,12,2852,219,0,0,0,0,0,246147,2,0
3,0,0,1,44,16,2853,219,0,0,0,0,0,256632,2,0
1,0,0,1,11,18,2854,219,0,0,0,0,0,232097,3,0
1,0,0,1,9,25,2855,219,0,0,0,0,0,260407,3,0
0,0,0,0,21,28,2856,219,0,0,0,0,0,223874,3,0
0,0,0,0,7,28,2857,219,0,0,0,0,0,272602,2,0
0,0,0,0,13,28,2858,219,0,0,0,0,0,243009,3,0
1,0,0,1,29,28,2859,219,0,0,0,0,0,235875,3,0
0,0,0,0,12,28,2860,219,0,0,0,0,0,239559,3,0
1,0,0,1,8,28,2861,219,0,0,0,0,0,211784,1,0
2,0,0,1,17,28,2862,219,0,0,0,0,0,266500,4,0
0,0,0,0,51,28,2863,219,0,0,0,0,0,264207,3,0
0,0,0,0,19,28,2864,219,0,0,0,0,0,201455,3,0
0,0,0,0,18,28,2865,219,0,0,0,0,0,264401,3,0
1,0,0,1,6,28,2866,219,0,0,0,0,0,223143,3,0
0,0,0,0,37,28,2867,219,0,0,0,0,0,277601,3,0
0,0,0,0,22,29,2868,219,0,0,0,0,0,74458,3,0
0,0,0,0,34,29,2869,219,0,0,0,0,0,263602,3,0
0,0,0,0,45,29,2870,219,0,0,0,0,0,74959,3,0
0,0,0,0,48,29,2871,219,0,0,0,0,0,72020,3,0
0,0,0,0,36,29,2872,219,0,0,0,0,0,211101,3,0
0,0,0,0,47,29,2873,219,0,0,0,0,0,74484,3,0
0,0,0,0,99,29,2874,219,0,0,0,0,0,210897,3,0
0,0,0,0,38,29,2875,219,0,0,0,0,0,276235,3,0
0,0,0,0,14,29,2876,219,0,0,0,0,0,256669,3,0
0,0,0,0,40,0,2877,378,0,0,0,0,0,200110,3,0
1,0,0,1,7,3,2878,378,0,0,0,0,0,204105,3,0
0,0,0,0,5,4,2879,378,0,0,0,0,0,215410,4,0
0,0,0,0,3,6,2880,378,0,0,0,0,0,259150,2,0
0,0,0,0,23,7,2881,378,0,0,0,0,0,219681,3,0
0,0,0,0,20,10,2882,378,0,0,0,0,0,230020,3,0
2,0,0,1,10,23,2883,378,0,0,0,0,0,231612,3,0
2,0,0,1,45,13,2884,378,0,0,0,0,0,243631,3,0
0,0,0,0,8,15,2885,378,0,0,0,0,0,244480,3,0
0,0,0,0,17,27,2886,378,0,0,0,0,0,259816,3,0
2,0,0,1,19,25,2887,378,0,0,0,0,0,219733,4,0
1,0,0,1,21,28,2888,378,0,0,0,0,0,242577,3,0
0,0,0,0,6,28,2889,378,0,0,0,0,0,215556,3,0
0,0,0,0,9,28,2890,378,0,0,0,0,0,267702,2,0
0,0,0,0,22,28,2891,378,0,0,0,0,0,201955,2,0
0,0,0,0,30,28,2892,378,0,0,0,0,0,239203,3,0
0,0,0,0,26,28,2893,378,0,0,0,0,0,233061,2,0
1,0,0,1,14,28,2894,378,0,0,0,0,0,237960,4,0
0,0,0,0,28,28,2895,378,0,0,0,0,0,197813,3,0
0,0,0,0,25,28,2896,378,0,0,0,0,0,262344,3,0
1,0,0,1,34,28,2897,378,0,0,0,0,0,270828,4,0
0,0,0,0,44,28,2898,378,0,0,0,0,0,261495,3,0
0,0,0,0,11,28,2899,378,0,0,0,0,0,264512,3,0
0,0,0,0,12,29,2900,378,0,0,0,0,0,279573,3,0
0,0,0,0,50,29,2901,378,0,0,0,0,0,74425,3,0
0,0,0,0,2,29,2902,378,0,0,0,0,0,263908,3,0
0,0,0,0,94,0,2903,379,0,0,0,0,0,235633,3,0
0,0,0,0,23,3,2904,379,0,0,0,0,0,234573,3,0
0,0,0,0,21,4,2905,379,0,0,0,0,0,235458,3,0
0,0,0,0,5,6,2906,379,0,0,0,0,0,258575,3,0
1,0,0,1,18,7,2907,379,0,0,0,0,0,226103,3,0
0,0,0,0,6,9,2908,379,0,0,0,0,0,275137,3,0
1,0,0,1,71,11,2909,379,0,0,0,0,0,70011,3,0
2,0,0,1,7,12,2910,379,0,0,0,0,0,232905,3,0
4,1,0,1,17,16,2911,379,0,0,0,0,0,242914,5,0
3,0,0,1,15,18,2912,379,0,0,0,0,0,235432,4,0
2,0,0,1,22,25,2913,379,0,0,0,0,0,277178,4,0
0,0,0,0,9,28,2914,379,0,0,0,0,0,246459,3,0
0,0,0,0,19,28,2915,379,0,0,0,0,0,279731,3,0
0,0,0,0,2,28,2916,379,0,0,0,0,0,253073,3,0
0,0,0,0,25,28,2917,379,0,0,0,0,0,237331,3,0
0,0,0,0,20,28,2918,379,0,0,0,0,0,231105,3,0
0,0,0,0,11,28,2919,379,0,0,0,0,0,267465,3,0
0,0,0,0,14,28,2920,379,0,0,0,0,0,260558,3,0
1,0,0,1,10,28,2921,379,0,0,0,0,0,244309,3,0
0,0,0,0,55,28,2922,379,0,0,0,0,0,70012,3,0
0,0,0,0,67,28,2923,379,0,0,0,0,0,276256,3,0
0,0,0,0,4,28,2924,379,0,0,0,0,0,245084,3,0
0,0,0,0,92,28,2925,379,0,0,0,0,0,72250,3,0
0,0,0,0,16,29,2926,379,0,0,0,0,0,49472,3,0
0,0,0,0,72,29,2927,379,0,0,0,0,0,278902,3,0
0,0,0,0,30,0,2928,1530,0,0,0,0,0,242179,3,0
0,0,0,0,2,3,2929,1530,0,0,0,0,0,228591,2,0
0,0,0,0,24,4,2930,1530,0,0,0,0,0,275878,2,0
0,0,0,0,21,6,2931,1530,0,0,0,0,0,234515,3,0
0,0,0,0,26,7,2932,1530,0,0,0,0,0,194846,4,0
0,0,0,0,6,9,2933,1530,0,0,0,0,0,220905,3,0
0,0,0,0,93,11,2934,1530,0,0,0,0,0,224444,3,0
1,0,0,1,20,12,2935,1530,0,0,0,0,0,222515,3,0
1,0,0,1,28,16,2936,1530,0,0,0,0,0,245283,4,0
2,0,0,1,10,18,2937,1530,0,0,0,0,0,246297,3,0
1,0,0,1,99,25,2938,1530,0,0,0,0,0,261084,3,0
0,0,0,0,15,28,2939,1530,0,0,0,0,0,209781,3,0
0,0,0,0,12,28,2940,1530,0,0,0,0,0,251912,3,0
0,0,0,0,22,28,2941,1530,0,0,0,0,0,219680,3,0
0,0,0,0,27,28,2942,1530,0,0,0,0,0,273835,1,0
0,0,0,0,16,28,2943,1530,0,0,0,0,0,257395,3,0
0,0,0,0,11,28,2944,1530,0,0,0,0,0,277485,3,0
0,0,0,0,14,28,2945,1530,0,0,0,0,0,269729,3,0
0,0,0,0,19,28,2946,1530,0,0,0,0,0,70415,3,0
0,0,0,0,3,28,2947,1530,0,0,0,0,0,271061,3,0
0,0,0,0,7,28,2948,1530,0,0,0,0,0,239025,3,0
0,0,0,0,18,28,2949,1530,0,0,0,0,0,251191,3,0
0,0,0,0,29,28,2950,1530,0,0,0,0,0,258439,3,0
0,0,0,0,23,29,2951,1530,0,0,0,0,0,215245,3,0
0,0,0,0,9,29,2952,1530,0,0,0,0,0,212350,3,0
0,0,0,0,4,29,2953,1530,0,0,0,0,0,270387,3,0
0,0,0,0,25,29,2954,1530,0,0,0,0,0,199313,3,0
0,0,0,0,17,29,2955,1530,0,0,0,0,0,275024,3,0
0,0,0,0,8,29,2956,1530,0,0,0,0,0,206313,3,0
0,0,0,0,5,29,2957,1530,0,0,0,0,0,277484,3,0
0,0,0,0,30,0,2958,1738,0,0,0,0,0,229542,3,0
0,0,0,0,7,3,2959,1738,0,0,0,0,0,188537,2,0
1,0,0,1,93,4,2960,1738,0,0,0,0,0,262237,3,0
0,0,0,0,6,5,2961,1738,0,0,0,0,0,264449,1,0
1,0,0,1,4,6,2962,1738,0,0,0,0,0,222286,2,0
0,0,0,0,27,7,2963,1738,0,0,0,0,0,236629,3,0
0,0,0,0,8,12,2964,1738,0,0,0,0,0,263468,3,0
2,0,0,1,94,13,2965,1738,0,0,0,0,0,210450,3,0
0,0,0,0,5,15,2966,1738,0,0,0,0,0,263603,2,0
0,0,0,0,11,16,2967,1738,0,0,0,0,0,241002,3,0
0,0,0,0,28,25,2968,1738,0,0,0,0,0,176571,3,0
1,0,0,1,14,28,2969,1738,0,0,0,0,0,223058,3,0
0,0,0,0,29,28,2970,1738,0,0,0,0,0,233550,3,0
1,0,0,1,19,28,2971,1738,0,0,0,0,0,251926,3,0
0,0,0,0,22,28,2972,1738,0,0,0,0,0,235553,3,0
0,0,0,0,1,28,2973,1738,0,0,0,0,0,199721,3,0
0,0,0,0,46,28,2974,1738,0,0,0,0,0,273975,2,0
0,0,0,0,10,28,2975,1738,0,0,0,0,0,260943,3,0
0,0,0,0,21,28,2976,1738,0,0,0,0,0,274442,3,0
0,0,0,0,20,28,2977,1738,0,0,0,0,0,271257,3,0
0,0,0,0,32,28,2978,1738,0,0,0,0,0,257270,3,0
0,0,0,0,17,28,2979,1738,0,0,0,0,0,234514,3,0
0,0,0,0,45,28,2980,1738,0,0,0,0,0,253121,2,0
0,0,0,0,25,29,2981,1738,0,0,0,0,0,228592,3,0
0,0,0,0,77,29,2982,1738,0,0,0,0,0,271256,3,0
0,0,0,0,9,29,2983,1738,0,0,0,0,0,245809,3,0
0,0,0,0,18,29,2984,1738,0,0,0,0,0,72374,3,0
0,0,0,0,70,29,2985,1738,0,0,0,0,0,73609,3,0
0,0,0,0,78,29,2986,1738,0,0,0,0,0,73624,3,0
0,0,0,0,44,29,2987,1738,0,0,0,0,0,279632,3,0
0,0,0,0,12,29,2988,1738,0,0,0,0,0,262239,3,0
0,0,0,0,50,29,2989,1738,0,0,0,0,0,71265,3,0
0,0,0,0,50,0,2990,1809,0,0,0,0,0,265526,2,0
0,0,0,0,19,4,2991,1809,0,0,0,0,0,201042,2,0
0,0,0,0,2,5,2992,1809,0,0,0,0,0,235244,3,0
0,0,0,0,3,6,2993,1809,0,0,0,0,0,242195,2,0
1,0,0,1,7,23,2994,1809,0,0,0,0,0,248564,3,0
0,0,0,0,12,12,2995,1809,0,0,0,0,0,257970,3,0
0,0,0,0,23,13,2996,1809,0,0,0,0,0,242534,3,0
0,0,0,0,8,15,2997,1809,0,0,0,0,0,228593,3,0
0,0,0,0,15,16,2998,1809,0,0,0,0,0,237936,3,0
2,0,0,1,10,27,2999,1809,0,0,0,0,0,252937,3,0
0,0,0,0,9,25,3000,1809,0,0,0,0,0,266299,3,0
0,0,0,0,21,28,3001,1809,0,0,0,0,0,233478,3,0
0,0,0,0,20,28,3002,1809,0,0,0,0,0,235022,3,0
0,0,0,0,17,28,3003,1809,0,0,0,0,0,229649,3,0
0,0,0,0,4,28,3004,1809,0,0,0,0,0,254121,3,0
0,0,0,0,30,28,3005,1809,0,0,0,0,0,243201,3,0
0,0,0,0,13,28,3006,1809,0,0,0,0,0,185422,3,0
3,0,0,1,80,28,3007,1809,0,0,0,0,0,70106,3,0
0,0,0,0,31,28,3008,1809,0,0,0,0,0,278207,3,0
0,0,0,0,5,28,3009,1809,0,0,0,0,0,236890,3,0
0,0,0,0,6,28,3010,1809,0,0,0,0,0,277144,3,0
0,0,0,0,40,28,3011,1809,0,0,0,0,0,278204,3,0
0,0,0,0,26,28,3012,1809,0,0,0,0,0,278205,3,0
0,0,0,0,29,29,3013,1809,0,0,0,0,0,74133,3,0
0,0,0,0,16,29,3014,1809,0,0,0,0,0,73487,3,0
0,0,0,0,14,29,3015,1809,0,0,0,0,0,70015,3,0
0,0,0,0,35,29,3016,1809,0,0,0,0,0,70014,3,0
0,0,0,0,45,29,3017,1809,0,0,0,0,0,74134,3,0
0,0,0,0,30,0,3018,1819,0,0,0,0,0,230727,3,0
0,0,0,0,8,3,3019,1819,0,0,0,0,0,199191,3,0
0,0,0,0,21,4,3020,1819,0,0,0,0,0,239814,3,0
0,0,0,0,5,6,3021,1819,0,0,0,0,0,206493,3,0
0,0,0,0,17,7,3022,1819,0,0,0,0,0,252270,3,0
0,0,0,0,4,10,3023,1819,0,0,0,0,0,248473,3,0
3,0,0,1,22,12,3024,1819,0,0,0,0,0,271688,5,0
0,0,0,0,29,13,3025,1819,0,0,0,0,0,257320,3,0
0,0,0,0,37,15,3026,1819,0,0,0,0,0,70020,3,0
1,0,0,1,18,16,3027,1819,0,0,0,0,0,231236,3,0
2,0,0,1,9,25,3028,1819,0,0,0,0,0,244022,3,0
0,0,0,0,10,28,3029,1819,0,0,0,0,0,209618,3,0
0,0,0,0,26,28,3030,1819,0,0,0,0,0,236721,3,0
0,0,0,0,23,28,3031,1819,0,0,0,0,0,223138,3,0
0,0,0,0,27,28,3032,1819,0,0,0,0,0,255523,3,0
0,0,0,0,1,28,3033,1819,0,0,0,0,0,196316,3,0
0,0,0,0,32,28,3034,1819,0,0,0,0,0,262657,3,0
0,0,0,0,20,28,3035,1819,0,0,0,0,0,264441,3,0
0,0,0,0,14,28,3036,1819,0,0,0,0,0,269725,3,0
0,0,0,0,25,28,3037,1819,0,0,0,0,0,240497,3,0
0,0,0,0,19,28,3038,1819,0,0,0,0,0,248559,3,0
0,0,0,0,3,28,3039,1819,0,0,0,0,0,238749,3,0
0,0,0,0,11,28,3040,1819,0,0,0,0,0,262289,4,0
0,0,0,0,35,29,3041,1819,0,0,0,0,0,74459,3,0
0,0,0,0,7,29,3042,1819,0,0,0,0,0,203128,3,0
0,0,0,0,6,29,3043,1819,0,0,0,0,0,271452,3,0
0,0,0,0,28,29,3044,1819,0,0,0,0,0,74326,3,0
0,0,0,0,41,29,3045,1819,0,0,0,0,0,74471,3,0
0,0,0,0,39,29,3046,1819,0,0,0,0,0,269726,3,0
0,0,0,0,45,29,3047,1819,0,0,0,0,0,74472,3,0
0,0,0,0,16,29,3048,1819,0,0,0,0,0,260326,3,0
0,0,0,0,34,29,3049,1819,0,0,0,0,0,271735,3,0
0,0,0,0,30,0,3050,58,0,0,0,0,0,178363,2,0
0,0,0,0,15,3,3051,58,0,0,0,0,0,272808,3,0
0,0,0,0,28,4,3052,58,0,0,0,0,0,73068,2,0
0,0,0,0,3,6,3053,58,0,0,0,0,0,74050,2,0
0,0,0,0,17,7,3054,58,0,0,0,0,0,74049,3,0
0,0,0,0,13,9,3055,58,0,0,0,0,0,247369,3,0
0,0,0,0,66,11,3056,58,0,0,0,0,0,271010,3,0
0,0,0,0,27,12,3057,58,0,0,0,0,0,255174,3,0
4,1,0,1,10,16,3058,58,0,0,0,0,0,276022,4,0
0,0,0,0,5,18,3059,58,0,0,0,0,0,269293,3,0
1,0,0,1,25,25,3060,58,0,0,0,0,0,276020,3,0
0,0,0,0,14,28,3061,58,0,0,0,0,0,73081,3,0
0,0,0,0,42,28,3062,58,0,0,0,0,0,270282,3,0
0,0,0,0,4,28,3063,58,0,0,0,0,0,262342,3,0
0,0,0,0,24,28,3064,58,0,0,0,0,0,70723,3,0
0,0,0,0,16,28,3065,58,0,0,0,0,0,230038,3,0
0,0,0,0,21,28,3066,58,0,0,0,0,0,71615,3,0
1,0,0,1,7,28,3067,58,0,0,0,0,0,206243,3,0
2,0,0,1,11,28,3068,58,0,0,0,0,0,262082,3,0
0,0,0,0,9,28,3069,58,0,0,0,0,0,248123,3,0
0,0,0,0,19,28,3070,58,0,0,0,0,0,275879,3,0
0,0,0,0,23,28,3071,58,0,0,0,0,0,211358,3,0
0,0,0,0,22,28,3072,58,0,0,0,0,0,231098,3,0
0,0,0,0,29,29,3073,58,0,0,0,0,0,73069,3,0
0,0,0,0,6,29,3074,58,0,0,0,0,0,244460,3,0
0,0,0,0,2,29,3075,58,0,0,0,0,0,74735,3,0
0,0,0,0,33,29,3076,58,0,0,0,0,0,73951,3,0
0,0,0,0,16,0,3077,62,0,0,0,0,0,212735,2,0
0,0,0,0,22,3,3078,62,0,0,0,0,0,241445,3,0
0,0,0,0,7,4,3079,62,0,0,0,0,0,271050,3,0
0,0,0,0,24,6,3080,62,0,0,0,0,0,223880,2,0
0,0,0,0,6,7,3081,62,0,0,0,0,0,243355,3,0
1,0,0,1,8,9,3082,62,0,0,0,0,0,246298,2,0
0,0,0,0,4,11,3083,62,0,0,0,0,0,225174,3,0
1,0,0,1,11,12,3084,62,0,0,0,0,0,251596,3,0
1,0,0,1,10,16,3085,62,0,0,0,0,0,272835,2,0
4,1,0,1,17,24,3086,62,0,0,0,0,0,261758,3,0
1,0,0,1,9,26,3087,62,0,0,0,0,0,239329,3,0
0,0,0,0,21,28,3088,62,0,0,0,0,0,276027,2,0
0,0,0,0,12,28,3089,62,0,0,0,0,0,215383,3,0
0,0,0,0,26,28,3090,62,0,0,0,0,0,263344,3,0
3,0,0,1,23,28,3091,62,0,0,0,0,0,238510,3,0
0,0,0,0,30,28,3092,62,0,0,0,0,0,234049,3,0
4,1,0,1,13,28,3093,62,0,0,0,0,0,72354,3,0
0,0,0,0,5,28,3094,62,0,0,0,0,0,213725,3,0
0,0,0,0,33,28,3095,62,0,0,0,0,0,74495,3,0
1,0,0,1,2,28,3096,62,0,0,0,0,0,277354,2,0
0,0,0,0,29,28,3097,62,0,0,0,0,0,272344,3,0
0,0,0,0,27,28,3098,62,0,0,0,0,0,74445,3,0
0,0,0,0,1,28,3099,62,0,0,0,0,0,255014,3,0
0,0,0,0,19,29,3100,62,0,0,0,0,0,74494,3,0
0,0,0,0,18,29,3101,62,0,0,0,0,0,71487,2,0
0,0,0,0,38,29,3102,62,0,0,0,0,0,74597,3,0
0,0,0,0,40,29,3103,62,0,0,0,0,0,276760,3,0
0,0,0,0,30,0,3104,67,0,0,0,0,0,192999,2,0
0,0,0,0,39,3,3105,67,0,0,0,0,0,264069,3,0
0,0,0,0,24,4,3106,67,0,0,0,0,0,257076,3,0
0,0,0,0,5,6,3107,67,0,0,0,0,0,206553,3,0
0,0,0,0,18,7,3108,67,0,0,0,0,0,274550,3,0
1,0,0,1,3,10,3109,67,0,0,0,0,0,73416,3,0
2,0,0,1,12,12,3110,67,0,0,0,0,0,257397,2,0
0,0,0,0,41,13,3111,67,0,0,0,0,0,74568,3,0
1,0,0,1,23,15,3112,67,0,0,0,0,0,246549,2,0
0,0,0,0,27,16,3113,67,0,0,0,0,0,276028,3,0
0,0,0,0,14,25,3114,67,0,0,0,0,0,239211,3,0
1,0,0,1,29,28,3115,67,0,0,0,0,0,260994,3,0
0,0,0,0,10,28,3116,67,0,0,0,0,0,72358,3,0
0,0,0,0,26,28,3117,67,0,0,0,0,0,72341,3,0
0,0,0,0,21,28,3118,67,0,0,0,0,0,72353,3,0
0,0,0,0,40,28,3119,67,0,0,0,0,0,235856,3,0
0,0,0,0,19,28,3120,67,0,0,0,0,0,72306,3,0
0,0,0,0,9,28,3121,67,0,0,0,0,0,231189,3,0
0,0,0,0,8,28,3122,67,0,0,0,0,0,74569,3,0
0,0,0,0,22,28,3123,67,0,0,0,0,0,72351,3,0
0,0,0,0,6,28,3124,67,0,0,0,0,0,72355,3,0
1,0,0,1,11,28,3125,67,0,0,0,0,0,72350,3,0
0,0,0,0,17,28,3126,67,0,0,0,0,0,225935,3,0
0,0,0,0,7,29,3127,67,0,0,0,0,0,72357,3,0
0,0,0,0,35,29,3128,67,0,0,0,0,0,75167,3,0
0,0,0,0,20,29,3129,67,0,0,0,0,0,73269,3,0
0,0,0,0,33,29,3130,67,0,0,0,0,0,74571,3,0
0,0,0,0,34,29,3131,67,0,0,0,0,0,74570,2,0
0,0,0,0,16,0,3132,68,0,0,0,0,0,176772,2,0
0,0,0,0,39,3,3133,68,0,0,0,0,0,239919,3,0
0,0,0,0,38,4,3134,68,0,0,0,0,0,278065,3,0
2,0,0,1,8,6,3135,68,0,0,0,0,0,184873,3,0
3,0,0,1,3,7,3136,68,0,0,0,0,0,229236,3,0
1,0,0,1,36,12,3137,68,0,0,0,0,0,239740,4,0
0,0,0,0,20,13,3138,68,0,0,0,0,0,241238,3,0
2,0,0,1,7,15,3139,68,0,0,0,0,0,234239,5,0
0,0,0,0,10,16,3140,68,0,0,0,0,0,275372,2,0
0,0,0,0,31,24,3141,68,0,0,0,0,0,258526,3,0
8,1,0,1,14,26,3142,68,0,0,0,1,0,244694,4,0
0,0,0,0,21,28,3143,68,0,0,0,0,0,198200,3,0
0,0,0,0,22,28,3144,68,0,0,0,0,0,269956,3,0
0,0,0,0,2,28,3145,68,0,0,0,0,0,201136,3,0
0,0,0,0,5,28,3146,68,0,0,0,0,0,256856,3,0
0,0,0,0,61,28,3147,68,0,0,0,0,0,73929,3,0
1,0,0,1,9,28,3148,68,0,0,0,0,0,278119,3,0
0,0,0,0,99,28,3149,68,0,0,0,0,0,235855,3,0
0,0,0,0,26,28,3150,68,0,0,0,0,0,275288,3,0
0,0,0,0,6,28,3151,68,0,0,0,0,0,271014,3,0
0,0,0,0,15,28,3152,68,0,0,0,0,0,251915,3,0
0,0,0,0,17,28,3153,68,0,0,0,0,0,272616,3,0
0,0,0,0,44,28,3154,68,0,0,0,0,0,73327,3,0
0,0,0,0,23,29,3155,68,0,0,0,0,0,73331,3,0
0,0,0,0,19,29,3156,68,0,0,0,0,0,73330,3,0
0,0,0,0,12,29,3157,68,0,0,0,0,0,73485,3,0
0,0,0,0,1,0,3158,210,0,0,0,0,0,220833,3,0
0,0,0,0,27,3,3159,210,0,0,0,0,0,252011,3,0
0,0,0,0,61,4,3160,210,0,0,0,0,0,261675,3,0
0,0,0,0,29,6,3161,210,0,0,0,0,0,184190,3,0
0,0,0,0,28,7,3162,210,0,0,0,0,0,225927,2,0
0,0,0,0,77,9,3163,210,0,0,0,0,0,275614,2,0
0,0,0,0,6,11,3164,210,0,0,0,0,0,187052,4,0
0,0,0,0,17,12,3165,210,0,0,0,0,0,253074,2,0
1,0,0,1,7,16,3166,210,0,0,0,0,0,278061,4,0
1,0,0,1,10,18,3167,210,0,0,0,0,0,263987,2,0
4,1,0,1,19,25,3168,210,0,0,0,0,0,223510,2,0
0,0,0,0,23,28,3169,210,0,0,0,0,0,198348,3,0
1,0,0,1,14,28,3170,210,0,0,0,0,0,240729,3,0
0,0,0,0,4,28,3171,210,0,0,0,0,0,233366,3,0
0,0,0,0,91,28,3172,210,0,0,0,0,0,231472,3,0
0,0,0,0,16,28,3173,210,0,0,0,0,0,241210,3,0
0,0,0,0,8,28,3174,210,0,0,0,0,0,201145,3,0
0,0,0,0,20,28,3175,210,0,0,0,0,0,270931,2,0
0,0,0,0,18,28,3176,210,0,0,0,0,0,206141,3,0
0,0,0,0,22,28,3177,210,0,0,0,0,0,274443,3,0
0,0,0,0,35,28,3178,210,0,0,0,0,0,190792,3,0
0,0,0,0,25,28,3179,210,0,0,0,0,0,268440,3,0
0,0,0,0,50,28,3180,210,0,0,0,0,0,264331,3,0
0,0,0,0,3,29,3181,210,0,0,0,0,0,277506,3,0
0,0,0,0,26,29,3182,210,0,0,0,0,0,74033,3,0
0,0,0,0,47,29,3183,210,0,0,0,0,0,74031,3,0
0,0,0,0,32,29,3184,210,0,0,0,0,0,74034,3,0
0,0,0,0,11,29,3185,210,0,0,0,0,0,74937,3,0
0,0,0,0,37,29,3186,210,0,0,0,0,0,74500,3,0
0,0,0,0,44,29,3187,210,0,0,0,0,0,74032,3,0
0,0,0,0,38,0,3188,217,0,0,0,0,0,206003,2,0
0,0,0,0,2,3,3189,217,0,0,0,0,0,242054,3,0
0,0,0,0,5,4,3190,217,0,0,0,0,0,259215,3,0
0,0,0,0,3,6,3191,217,0,0,0,0,0,245410,3,0
0,0,0,0,44,7,3192,217,0,0,0,0,0,253490,2,0
0,0,0,0,93,12,3193,217,0,0,0,0,0,264010,3,0
1,0,0,1,21,13,3194,217,0,0,0,0,0,242655,4,0
0,0,0,0,6,15,3195,217,0,0,0,0,0,213367,3,0
0,0,0,0,10,16,3196,217,0,0,0,0,0,266099,3,0
2,0,0,1,9,24,3197,217,0,0,0,0,0,277216,4,0
0,0,0,0,27,26,3198,217,0,0,0,0,0,253181,3,0
0,0,0,0,11,28,3199,217,0,0,0,0,0,265544,3,0
0,0,0,0,75,28,3200,217,0,0,0,0,0,250822,3,0
1,0,0,1,77,28,3201,217,0,0,0,0,0,276007,3,0
0,0,0,0,32,28,3202,217,0,0,0,0,0,271075,3,0
0,0,0,0,1,28,3203,217,0,0,0,0,0,197641,3,0
1,0,0,1,28,28,3204,217,0,0,0,0,0,257978,3,0
4,1,0,1,22,28,3205,217,0,0,0,0,0,277909,4,0
0,0,0,0,15,28,3206,217,0,0,0,0,0,228290,3,0
0,0,0,0,24,28,3207,217,0,0,0,0,0,238391,4,0
0,0,0,0,48,28,3208,217,0,0,0,0,0,278797,3,0
0,0,0,0,30,28,3209,217,0,0,0,0,0,73443,3,0
0,0,0,0,23,28,3210,217,0,0,0,0,0,233373,3,0
0,0,0,0,17,29,3211,217,0,0,0,0,0,230686,3,0
1,0,0,1,60,29,3212,217,0,0,0,0,0,75059,3,0
0,0,0,0,13,29,3213,217,0,0,0,0,0,204884,3,0
0,0,0,0,1,0,3214,294,0,0,0,0,0,201138,2,0
0,0,0,0,14,3,3215,294,0,0,0,0,0,256788,3,0
0,0,0,0,6,4,3216,294,0,0,0,0,0,215708,2,0
0,0,0,0,4,6,3217,294,0,0,0,0,0,271691,2,0
0,0,0,0,18,7,3218,294,0,0,0,0,0,276824,3,0
0,0,0,0,42,9,3219,294,0,0,0,0,0,276827,1,0
0,0,0,0,7,11,3220,294,0,0,0,0,0,193683,3,0
0,0,0,0,21,12,3221,294,0,0,0,0,0,74431,3,0
2,0,0,1,11,16,3222,294,0,0,0,0,0,257112,3,0
0,0,0,0,24,18,3223,294,0,0,0,0,0,266272,2,0
0,0,0,0,15,25,3224,294,0,0,0,0,0,277498,3,0
1,0,0,1,20,28,3225,294,0,0,0,0,0,209430,3,0
0,0,0,0,27,28,3226,294,0,0,0,0,0,270886,3,0
0,0,0,0,8,28,3227,294,0,0,0,0,0,277356,3,0
0,0,0,0,5,28,3228,294,0,0,0,0,0,229041,3,0
0,0,0,0,16,28,3229,294,0,0,0,0,0,228255,3,0
0,0,0,0,12,28,3230,294,0,0,0,0,0,201073,3,0
1,0,0,1,25,28,3231,294,0,0,0,0,0,257414,2,0
0,0,0,0,10,28,3232,294,0,0,0,0,0,208835,3,0
0,0,0,0,33,28,3233,294,0,0,0,0,0,263250,3,0
0,0,0,0,23,28,3234,294,0,0,0,0,0,248408,2,0
0,0,0,0,19,28,3235,294,0,0,0,0,0,278926,3,0
0,0,0,0,17,28,3236,294,0,0,0,0,0,234856,3,0
0,0,0,0,28,29,3237,294,0,0,0,0,0,74508,3,0
0,0,0,0,35,29,3238,294,0,0,0,0,0,72310,3,0
0,0,0,0,38,29,3239,294,0,0,0,0,0,74510,3,0
0,0,0,0,40,29,3240,294,0,0,0,0,0,74586,3,0
0,0,0,0,30,29,3241,294,0,0,0,0,0,276427,3,0
0,0,0,0,37,29,3242,294,0,0,0,0,0,74507,3,0
0,0,0,0,39,29,3243,294,0,0,0,0,0,74587,3,0
0,0,0,0,34,29,3244,294,0,0,0,0,0,74589,3,0
0,0,0,0,16,0,3245,614,0,0,0,0,0,223011,2,0
0,0,0,0,20,3,3246,614,0,0,0,0,0,183829,2,0
0,0,0,0,31,4,3247,614,0,0,0,0,0,72396,3,0
0,0,0,0,5,6,3248,614,0,0,0,0,0,244476,3,0
0,0,0,0,3,7,3249,614,0,0,0,0,0,262343,3,0
0,0,0,0,19,12,3250,614,0,0,0,0,0,252468,3,0
1,0,0,1,26,13,3251,614,0,0,0,0,0,276946,3,0
0,0,0,0,6,15,3252,614,0,0,0,0,0,178160,3,0
0,0,0,0,99,16,3253,614,0,0,0,0,0,250911,1,0
2,0,0,1,9,24,3254,614,0,0,0,0,0,70187,4,0
1,0,0,1,7,26,3255,614,0,0,0,0,0,203889,3,0
1,0,0,1,4,28,3256,614,0,0,0,0,0,204242,3,0
0,0,0,0,10,28,3257,614,0,0,0,0,0,225168,3,0
0,0,0,0,12,28,3258,614,0,0,0,0,0,251981,3,0
0,0,0,0,88,28,3259,614,0,0,0,0,0,241858,3,0
0,0,0,0,30,28,3260,614,0,0,0,0,0,263569,3,0
0,0,0,0,27,28,3261,614,0,0,0,0,0,229045,3,0
0,0,0,0,25,28,3262,614,0,0,0,0,0,240069,3,0
2,0,0,1,22,28,3263,614,0,0,0,0,0,273962,3,0
0,0,0,0,21,28,3264,614,0,0,0,0,0,275378,3,0
0,0,0,0,11,28,3265,614,0,0,0,0,0,275517,3,0
0,0,0,0,23,28,3266,614,0,0,0,0,0,275516,3,0
0,0,0,0,8,28,3267,614,0,0,0,0,0,277754,3,0
0,0,0,0,1,29,3268,614,0,0,0,0,0,209423,3,0
0,0,0,0,17,29,3269,614,0,0,0,0,0,277630,3,0
0,0,0,0,2,29,3270,614,0,0,0,0,0,235558,3,0
0,0,0,0,13,0,3271,1805,0,0,0,0,0,276761,2,0
1,0,0,1,29,3,3272,1805,0,0,0,0,0,220030,2,0
0,0,0,0,4,4,3273,1805,0,0,0,0,0,262622,2,0
0,0,0,0,21,6,3274,1805,0,0,0,0,0,248711,2,0
0,0,0,0,77,7,3275,1805,0,0,0,0,0,244187,3,0
0,0,0,0,25,9,3276,1805,0,0,0,0,0,225629,2,0
1,0,0,1,6,11,3277,1805,0,0,0,0,0,236615,2,0
2,0,0,1,19,12,3278,1805,0,0,0,0,0,262652,2,0
1,0,0,1,9,16,3279,1805,0,0,0,0,0,257031,3,0
1,0,0,1,8,18,3280,1805,0,0,0,0,0,224590,2,0
7,1,0,1,7,25,3281,1805,0,0,0,0,0,254501,2,0
0,0,0,0,10,28,3282,1805,0,0,0,0,0,246816,3,0
0,0,0,0,70,28,3283,1805,0,0,0,0,0,271528,3,0
0,0,0,0,28,28,3284,1805,0,0,0,0,0,266897,3,0
0,0,0,0,17,28,3285,1805,0,0,0,0,0,248821,3,0
0,0,0,0,16,28,3286,1805,0,0,0,0,0,228912,3,0
0,0,0,0,38,28,3287,1805,0,0,0,0,0,258620,3,0
0,0,0,0,27,28,3288,1805,0,0,0,0,0,258446,3,0
1,0,0,1,31,28,3289,1805,0,0,0,0,0,224095,3,0
0,0,0,0,11,28,3290,1805,0,0,0,0,0,261815,3,0
0,0,0,0,14,28,3291,1805,0,0,0,0,0,183973,3,0
0,0,0,0,24,28,3292,1805,0,0,0,0,0,260159,3,0
0,0,0,0,1,28,3293,1805,0,0,0,0,0,242391,3,0
0,0,0,0,23,29,3294,1805,0,0,0,0,0,275130,3,0
0,0,0,0,20,29,3295,1805,0,0,0,0,0,275289,3,0
0,0,0,0,18,29,3296,1805,0,0,0,0,0,276756,3,0
0,0,0,0,33,29,3297,1805,0,0,0,0,0,269187,3,0
0,0,0,0,30,0,3298,1814,0,0,0,0,0,190195,4,0
1,0,0,1,7,3,3299,1814,0,0,0,0,0,254996,4,0
0,0,0,0,21,4,3300,1814,0,0,0,0,0,74502,2,0
0,0,0,0,23,5,3301,1814,0,0,0,0,0,199051,3,0
0,0,0,0,15,6,3302,1814,0,0,0,0,0,243599,4,0
0,0,0,0,20,7,3303,1814,0,0,0,0,0,276544,3,0
1,0,0,1,8,10,3304,1814,0,0,0,0,0,251439,3,0
1,0,0,1,6,13,3305,1814,0,0,0,0,0,252599,3,0
4,1,0,1,19,15,3306,1814,0,0,0,0,0,261141,2,0
0,0,0,0,10,24,3307,1814,0,0,0,0,0,240730,3,0
3,0,0,1,18,26,3308,1814,0,0,0,0,0,240133,3,0
1,0,0,1,4,28,3309,1814,0,0,0,0,0,208865,3,0
0,0,0,0,27,28,3310,1814,0,0,0,0,0,209691,3,0
0,0,0,0,25,28,3311,1814,0,0,0,0,0,203969,3,0
0,0,0,0,3,28,3312,1814,0,0,0,0,0,239502,3,0
0,0,0,0,1,28,3313,1814,0,0,0,0,0,199705,3,0
0,0,0,0,22,28,3314,1814,0,0,0,0,0,257078,3,0
0,0,0,0,14,28,3315,1814,0,0,0,0,0,240434,3,0
0,0,0,0,39,28,3316,1814,0,0,0,0,0,193147,3,0
0,0,0,0,5,28,3317,1814,0,0,0,0,0,73080,3,0
0,0,0,0,17,28,3318,1814,0,0,0,0,0,261992,3,0
0,0,0,0,9,28,3319,1814,0,0,0,0,0,262738,3,0
0,0,0,0,26,28,3320,1814,0,0,0,0,0,277942,3,0
0,0,0,0,11,29,3321,1814,0,0,0,0,0,278059,3,0
0,0,0,0,16,29,3322,1814,0,0,0,0,0,260587,3,0
0,0,0,0,29,29,3323,1814,0,0,0,0,0,74736,3,0
0,0,0,0,1,0,3324,1815,0,0,0,0,0,263920,3,0
0,0,0,0,15,3,3325,1815,0,0,0,0,0,274463,3,0
0,0,0,0,12,4,3326,1815,0,0,0,0,0,179789,3,0
0,0,0,0,97,6,3327,1815,0,0,0,0,0,278903,3,0
0,0,0,0,31,7,3328,1815,0,0,0,0,0,261153,3,0
1,0,0,1,6,9,3329,1815,0,0,0,0,0,262137,4,0
0,0,0,0,25,11,3330,1815,0,0,0,0,0,208861,3,0
0,0,0,0,26,12,3331,1815,0,0,0,0,0,243885,3,0
0,0,0,0,11,16,3332,1815,0,0,0,0,0,266486,3,0
2,0,0,1,10,18,3333,1815,0,0,0,0,0,183256,4,0
1,0,0,1,18,25,3334,1815,0,0,0,0,0,223283,5,0
1,0,0,1,7,28,3335,1815,0,0,0,0,0,244970,4,0
0,0,0,0,70,28,3336,1815,0,0,0,0,0,265689,3,0
0,0,0,0,22,28,3337,1815,0,0,0,0,0,241551,3,0
0,0,0,0,45,28,3338,1815,0,0,0,0,0,74732,3,0
0,0,0,0,30,28,3339,1815,0,0,0,0,0,229168,4,0
0,0,0,0,27,28,3340,1815,0,0,0,0,0,74234,3,0
0,0,0,0,92,28,3341,1815,0,0,0,0,0,274068,3,0
0,0,0,0,44,28,3342,1815,0,0,0,0,0,73067,3,0
2,0,0,1,17,28,3343,1815,0,0,0,0,0,74645,5,0
1,0,0,1,77,28,3344,1815,0,0,0,0,0,271244,3,0
0,0,0,0,24,28,3345,1815,0,0,0,0,0,74731,3,0
0,0,0,0,34,28,3346,1815,0,0,0,0,0,74733,3,0
0,0,0,0,4,29,3347,1815,0,0,0,0,0,73509,3,0
0,0,0,0,19,29,3348,1815,0,0,0,0,0,70474,3,0
0,0,0,0,49,29,3349,1815,0,0,0,0,0,271988,3,0
0,0,0,0,28,29,3350,1815,0,0,0,0,0,71777,3,0
0,0,0,0,29,29,3351,1815,0,0,0,0,0,72170,3,0
0,0,0,0,16,29,3352,1815,0,0,0,0,0,273125,3,0
0,0,0,0,99,29,3353,1815,0,0,0,0,0,220820,3,0
0,0,0,0,20,29,3354,1815,0,0,0,0,0,73622,3,0
0,0,0,0,40,29,3355,1815,0,0,0,0,0,251369,3,0
0,0,0,0,1,0,3356,1816,0,0,0,0,0,176994,2,0
0,0,0,0,14,3,3357,1816,0,0,0,0,0,191210,2,0
1,0,0,1,34,4,3358,1816,0,0,0,0,0,70025,2,0
0,0,0,0,2,5,3359,1816,0,0,0,0,0,235849,2,0
1,0,0,1,5,6,3360,1816,0,0,0,0,0,244674,3,0
0,0,0,0,19,7,3361,1816,0,0,0,0,0,258468,2,0
2,0,0,1,7,12,3362,1816,0,0,0,0,0,237198,4,0
0,0,0,0,29,13,3363,1816,0,0,0,0,0,237077,2,0
0,0,0,0,25,15,3364,1816,0,0,0,0,0,264137,2,0
1,0,0,1,10,16,3365,1816,0,0,0,0,0,263107,2,0
4,1,0,1,9,25,3366,1816,0,0,0,0,0,266586,4,0
1,0,0,1,20,28,3367,1816,0,0,0,0,0,244542,4,0
0,0,0,0,27,28,3368,1816,0,0,0,0,0,70022,2,0
0,0,0,0,17,28,3369,1816,0,0,0,0,0,271292,3,0
0,0,0,0,13,28,3370,1816,0,0,0,0,0,277930,2,0
0,0,0,0,16,28,3371,1816,0,0,0,0,0,204034,3,0
0,0,0,0,35,28,3372,1816,0,0,0,0,0,75166,3,0
0,0,0,0,45,28,3373,1816,0,0,0,0,0,274440,3,0
0,0,0,0,94,28,3374,1816,0,0,0,0,0,277502,3,0
0,0,0,0,26,28,3375,1816,0,0,0,0,0,278825,3,0
0,0,0,0,18,28,3376,1816,0,0,0,0,0,73290,3,0
0,0,0,0,22,28,3377,1816,0,0,0,0,0,73291,3,0
0,0,0,0,39,28,3378,1816,0,0,0,0,0,72308,3,0
0,0,0,0,58,29,3379,1816,0,0,0,0,0,73572,3,0
0,0,0,0,30,29,3380,1816,0,0,0,0,0,264138,3,0
0,0,0,0,1,0,3381,110321,0,0,0,0,0,224442,2,0
0,0,0,0,12,3,3382,110321,0,0,0,0,0,235957,3,0
0,0,0,0,22,4,3383,110321,0,0,0,0,0,266543,2,0
0,0,0,0,25,6,3384,110321,0,0,0,0,0,234814,3,0
0,0,0,0,2,7,3385,110321,0,0,0,0,0,276258,3,0
2,0,0,1,14,9,3386,110321,0,0,0,0,0,225855,2,0
0,0,0,0,8,11,3387,110321,0,0,0,0,0,264825,2,0
2,0,0,1,18,12,3388,110321,0,0,0,0,0,264079,2,0
1,0,0,1,9,16,3389,110321,0,0,0,0,0,271689,3,0
1,0,0,1,17,18,3390,110321,0,0,0,0,0,73085,3,0
3,0,0,1,10,25,3391,110321,0,0,0,0,0,210439,2,0
1,0,0,1,6,28,3392,110321,0,0,0,0,0,266848,3,0
0,0,0,0,19,28,3393,110321,0,0,0,0,0,243867,2,0
0,0,0,0,4,28,3394,110321,0,0,0,0,0,198517,2,0
0,0,0,0,24,28,3395,110321,0,0,0,0,0,228759,3,0
0,0,0,0,40,28,3396,110321,0,0,0,0,0,204773,3,0
0,0,0,0,30,28,3397,110321,0,0,0,0,0,277167,3,0
0,0,0,0,21,28,3398,110321,0,0,0,0,0,244736,2,0
0,0,0,0,26,28,3399,110321,0,0,0,0,0,253041,3,0
0,0,0,0,23,28,3400,110321,0,0,0,0,0,212483,3,0
0,0,0,0,99,28,3401,110321,0,0,0,0,0,255450,3,0
1,0,0,1,7,28,3402,110321,0,0,0,0,0,261772,2,0
0,0,0,0,77,28,3403,110321,0,0,0,0,0,73967,3,0
0,0,0,0,33,29,3404,110321,0,0,0,0,0,74442,2,0
0,0,0,0,29,29,3405,110321,0,0,0,0,0,74443,3,0
0,0,0,0,20,29,3406,110321,0,0,0,0,0,72313,3,0
0,0,0,0,45,29,3407,110321,0,0,0,0,0,273528,3,0
0,0,0,0,34,29,3408,110321,0,0,0,0,0,74647,3,0
0,0,0,0,27,29,3409,110321,0,0,0,0,0,74734,3,0
0,0,0,0,1,0,3410,111273,0,0,0,0,0,209830,2,0
1,0,0,1,27,4,3411,111273,0,0,0,0,0,243412,3,0
0,0,0,0,5,5,3412,111273,0,0,0,0,0,271394,3,0
0,0,0,0,28,6,3413,111273,0,0,0,0,0,244688,3,0
1,0,0,1,10,23,3414,111273,0,0,0,0,0,72138,2,0
0,0,0,0,20,12,3415,111273,0,0,0,0,0,270704,3,0
0,0,0,0,26,13,3416,111273,0,0,0,0,0,72135,3,0
1,0,0,1,97,15,3417,111273,0,0,0,0,0,256170,2,0
0,0,0,0,98,16,3418,111273,0,0,0,0,0,72137,2,0
1,0,0,1,7,27,3419,111273,0,0,0,0,0,72136,2,0
1,0,0,1,29,25,3420,111273,0,0,0,0,0,72133,2,0
0,0,0,0,19,28,3421,111273,0,0,0,0,0,251974,2,0
1,0,0,1,13,28,3422,111273,0,0,0,0,0,257406,2,0
0,0,0,0,2,28,3423,111273,0,0,0,0,0,261632,3,0
0,0,0,0,93,28,3424,111273,0,0,0,0,0,240470,3,0
0,0,0,0,16,28,3425,111273,0,0,0,0,0,72132,3,0
2,0,0,1,21,28,3426,111273,0,0,0,0,0,237563,3,0
0,0,0,0,11,28,3427,111273,0,0,0,0,0,72134,3,0
0,0,0,0,77,28,3428,111273,0,0,0,0,0,212940,3,0
0,0,0,0,8,28,3429,111273,0,0,0,0,0,216524,3,0
0,0,0,0,4,28,3430,111273,0,0,0,0,0,269277,2,0
0,0,0,0,17,28,3431,111273,0,0,0,0,0,251106,3,0
0,0,0,0,9,28,3432,111273,0,0,0,0,0,234616,3,0
0,0,0,0,12,29,3433,111273,0,0,0,0,0,73289,3,0
0,0,0,0,14,29,3434,111273,0,0,0,0,0,72141,3,0
0,0,0,0,30,29,3435,111273,0,0,0,0,0,253497,3,0
0,0,0,0,6,29,3436,111273,0,0,0,0,0,73939,3,0
0,0,0,0,1,0,3437,111276,0,0,0,0,0,72022,5,0
0,0,0,0,2,3,3438,111276,0,0,0,0,0,229194,3,0
1,0,0,1,26,4,3439,111276,0,0,0,0,0,240258,5,0
1,0,0,1,23,6,3440,111276,0,0,0,0,0,188538,3,0
0,0,0,0,30,7,3441,111276,0,0,0,0,0,216755,3,0
0,0,0,0,5,10,3442,111276,0,0,0,0,0,234576,3,0
1,0,0,1,80,12,3443,111276,0,0,0,0,0,70017,3,0
1,0,0,1,15,13,3444,111276,0,0,0,0,0,73511,3,0
1,0,0,1,20,15,3445,111276,0,0,0,0,0,267973,4,0
1,0,0,1,8,16,3446,111276,0,0,0,0,0,255015,3,0
3,0,0,1,19,25,3447,111276,0,0,0,0,0,223875,4,0
2,0,0,1,22,28,3448,111276,0,0,0,0,0,263343,4,0
0,0,0,0,10,28,3449,111276,0,0,0,0,0,252137,3,0
0,0,0,0,17,28,3450,111276,0,0,0,0,0,223445,3,0
0,0,0,0,3,28,3451,111276,0,0,0,0,0,250976,3,0
0,0,0,0,24,28,3452,111276,0,0,0,0,0,190700,3,0
0,0,0,0,18,28,3453,111276,0,0,0,0,0,203699,3,0
0,0,0,0,9,28,3454,111276,0,0,0,0,0,276363,4,0
0,0,0,0,28,28,3455,111276,0,0,0,0,0,74774,4,0
0,0,0,0,4,28,3456,111276,0,0,0,0,0,278034,3,0
0,0,0,0,7,28,3457,111276,0,0,0,0,0,270864,3,0
0,0,0,0,16,28,3458,111276,0,0,0,0,0,204966,3,0
0,0,0,0,13,28,3459,111276,0,0,0,0,0,276024,3,0
0,0,0,0,21,29,3460,111276,0,0,0,0,0,276023,3,0
0,0,0,0,77,29,3461,111276,0,0,0,0,0,72173,3,0
0,0,0,0,16,0,3462,111659,0,0,0,0,0,223150,3,0
1,0,0,1,11,3,3463,111659,0,0,0,0,0,260168,4,0
0,0,0,0,24,4,3464,111659,0,0,0,0,0,73086,3,0
0,0,0,0,21,5,3465,111659,0,0,0,0,0,248780,3,0
0,0,0,0,4,6,3466,111659,0,0,0,0,0,251385,3,0
0,0,0,0,28,7,3467,111659,0,0,0,0,0,237347,3,0
2,0,0,1,5,10,3468,111659,0,0,0,0,0,276594,4,0
1,0,0,1,8,13,3469,111659,0,0,0,0,0,255738,4,0
0,0,0,0,10,15,3470,111659,0,0,0,0,0,251855,3,0
3,0,0,1,9,24,3471,111659,0,0,0,0,0,248784,3,0
0,0,0,0,26,26,3472,111659,0,0,0,0,0,276873,3,0
1,0,0,1,20,28,3473,111659,0,0,0,0,0,271258,3,0
0,0,0,0,2,28,3474,111659,0,0,0,0,0,244117,2,0
0,0,0,0,6,28,3475,111659,0,0,0,0,0,251956,3,0
0,0,0,0,23,28,3476,111659,0,0,0,0,0,276865,3,0
0,0,0,0,1,28,3477,111659,0,0,0,0,0,242242,3,0
1,0,0,1,22,28,3478,111659,0,0,0,0,0,74618,3,0
0,0,0,0,19,28,3479,111659,0,0,0,0,0,264786,3,0
0,0,0,0,25,28,3480,111659,0,0,0,0,0,275296,3,0
0,0,0,0,18,28,3481,111659,0,0,0,0,0,263110,3,0
0,0,0,0,7,28,3482,111659,0,0,0,0,0,270352,3,0
0,0,0,0,29,28,3483,111659,0,0,0,0,0,254567,3,0
0,0,0,0,3,28,3484,111659,0,0,0,0,0,277431,3,0
0,0,0,0,30,29,3485,111659,0,0,0,0,0,276872,3,0
0,0,0,0,17,29,3486,111659,0,0,0,0,0,279843,3,0
0,0,0,0,16,0,3487,111817,0,0,0,0,0,255266,5,0
0,0,0,0,39,3,3488,111817,0,0,0,0,0,274845,4,0
0,0,0,0,5,4,3489,111817,0,0,0,0,0,247248,4,0
1,0,0,1,15,6,3490,111817,0,0,0,0,0,190034,4,0
0,0,0,0,27,7,3491,111817,0,0,0,0,0,263465,4,0
0,0,0,0,8,13,3492,111817,0,0,0,0,0,270355,3,0
0,0,0,0,21,14,3493,111817,0,0,0,0,0,224030,5,0
2,0,0,1,17,15,3494,111817,0,0,0,0,0,276398,4,0
2,0,0,1,10,18,3495,111817,0,0,0,0,0,257118,4,0
3,0,0,1,11,24,3496,111817,0,0,0,0,0,256731,3,0
1,0,0,1,7,26,3497,111817,0,0,0,0,0,234158,3,0
0,0,0,0,4,28,3498,111817,0,0,0,0,0,228774,3,0
2,0,0,1,20,28,3499,111817,0,0,0,0,0,211240,3,0
0,0,0,0,2,28,3500,111817,0,0,0,0,0,272599,3,0
0,0,0,0,22,28,3501,111817,0,0,0,0,0,233767,3,0
0,0,0,0,1,28,3502,111817,0,0,0,0,0,168965,3,0
1,0,0,1,12,28,3503,111817,0,0,0,0,0,205559,3,0
1,0,0,1,29,28,3504,111817,0,0,0,0,0,236621,4,0
0,0,0,0,31,28,3505,111817,0,0,0,0,0,248477,3,0
0,0,0,0,26,28,3506,111817,0,0,0,0,0,256689,3,0
1,0,0,1,18,28,3507,111817,0,0,0,0,0,278283,3,0
0,0,0,0,25,28,3508,111817,0,0,0,0,0,266205,3,0
0,0,0,0,19,28,3509,111817,0,0,0,0,0,278284,3,0
0,0,0,0,6,29,3510,111817,0,0,0,0,0,71611,3,0
0,0,0,0,28,29,3511,111817,0,0,0,0,0,276554,3,0
0,0,0,0,30,29,3512,111817,0,0,0,0,0,270365,3,0
0,0,0,0,34,29,3513,111817,0,0,0,0,0,258843,3,0
0,0,0,0,24,29,3514,111817,0,0,0,0,0,74309,3,0
0,0,0,0,35,29,3515,111817,0,0,0,0,0,277959,3,0
0,0,0,0,1,0,3516,131447,0,0,0,0,0,232410,3,0
1,0,0,1,6,3,3517,131447,0,0,0,0,0,228775,3,0
2,0,0,1,18,4,3518,131447,0,0,0,0,0,73083,3,0
1,0,0,1,2,6,3519,131447,0,0,0,0,0,276959,4,0
0,0,0,0,21,7,3520,131447,0,0,0,0,0,191390,4,0
1,0,0,1,17,9,3521,131447,0,0,0,0,0,198836,3,0
1,0,0,1,5,11,3522,131447,0,0,0,0,0,188825,4,0
2,0,0,1,28,12,3523,131447,0,0,0,0,0,276309,3,0
1,0,0,1,22,16,3524,131447,0,0,0,0,0,269748,3,0
2,0,0,1,24,18,3525,131447,0,0,0,0,0,234799,4,0
0,0,0,0,10,25,3526,131447,0,0,0,0,0,272809,3,0
0,0,0,0,7,28,3527,131447,0,0,0,0,0,277912,3,0
0,0,0,0,41,28,3528,131447,0,0,0,0,0,277499,4,0
0,0,0,0,27,28,3529,131447,0,0,0,0,0,73082,3,0
0,0,0,0,4,28,3530,131447,0,0,0,0,0,278899,3,0
0,0,0,0,16,28,3531,131447,0,0,0,0,0,243711,3,0
1,0,0,1,9,28,3532,131447,0,0,0,0,0,276324,3,0
0,0,0,0,26,28,3533,131447,0,0,0,0,0,70005,3,0
1,0,0,1,20,28,3534,131447,0,0,0,0,0,74440,3,0
0,0,0,0,23,28,3535,131447,0,0,0,0,0,277481,3,0
0,0,0,0,30,28,3536,131447,0,0,0,0,0,262708,3,0
0,0,0,0,1,0,3537,21,0,0,0,0,0,167495,3,0
0,0,0,0,27,3,3538,21,0,0,0,0,0,225375,3,0
1,0,0,1,2,4,3539,21,0,0,0,0,0,229558,4,0
1,0,0,1,3,6,3540,21,0,0,0,0,0,237086,4,0
0,0,0,0,19,7,3541,21,0,0,0,0,0,234396,3,0
0,0,0,0,6,9,3542,21,0,0,0,0,0,212622,4,0
1,0,0,1,45,11,3543,21,0,0,0,0,0,275298,3,0
4,1,0,1,17,12,3544,21,0,0,0,0,0,247827,5,0
2,0,0,1,7,16,3545,21,0,0,0,0,0,206113,4,0
3,0,0,1,42,18,3546,21,0,0,0,0,0,256790,3,0
5,1,0,1,9,25,3547,21,0,0,0,0,0,202126,3,0
0,0,0,0,16,28,3548,21,0,0,0,0,0,229391,3,0
1,0,0,1,25,28,3549,21,0,0,0,0,0,189596,5,0
0,0,0,0,22,28,3550,21,0,0,0,0,0,209889,2,0
0,0,0,0,15,28,3551,21,0,0,0,0,0,202335,3,0
0,0,0,0,26,28,3552,21,0,0,0,0,0,186569,3,0
0,0,0,0,39,28,3553,21,0,0,0,0,0,268421,3,0
0,0,0,0,11,28,3554,21,0,0,0,0,0,213345,3,0
0,0,0,0,21,28,3555,21,0,0,0,0,0,234205,3,0
0,0,0,0,8,28,3556,21,0,0,0,0,0,209658,3,0
0,0,0,0,44,28,3557,21,0,0,0,0,0,250955,3,0
0,0,0,0,23,28,3558,21,0,0,0,0,0,248266,3,0
0,0,0,0,10,28,3559,21,0,0,0,0,0,222492,3,0
0,0,0,0,18,29,3560,21,0,0,0,0,0,277823,3,0
0,0,0,0,20,29,3561,21,0,0,0,0,0,266236,3,0
0,0,0,0,28,29,3562,21,0,0,0,0,0,276004,3,0
0,0,0,0,31,29,3563,21,0,0,0,0,0,266245,3,0
0,0,0,0,33,29,3564,21,0,0,0,0,0,278252,3,0
0,0,0,0,49,29,3565,21,0,0,0,0,0,70448,3,0
0,0,0,0,1,0,3566,22,0,0,0,0,0,235073,3,0
0,0,0,0,2,3,3567,22,0,0,0,0,0,259075,1,0
0,0,0,0,3,4,3568,22,0,0,0,0,0,229476,2,0
0,0,0,0,4,6,3569,22,0,0,0,0,0,247819,1,0
1,0,0,1,26,7,3570,22,0,0,0,0,0,229891,3,0
2,0,0,1,23,9,3571,22,0,0,0,0,0,208333,1,0
0,0,0,0,13,11,3572,22,0,0,0,0,0,190765,1,0
1,0,0,1,21,12,3573,22,0,0,0,0,0,231447,1,0
2,0,0,1,43,16,3574,22,0,0,0,0,0,266032,1,0
0,0,0,0,10,18,3575,22,0,0,0,0,0,212194,3,0
3,0,0,1,9,25,3576,22,0,0,0,0,0,215441,1,0
0,0,0,0,20,28,3577,22,0,0,0,0,0,204923,3,0
1,0,0,1,8,28,3578,22,0,0,0,0,0,246863,3,0
0,0,0,0,25,28,3579,22,0,0,0,0,0,212190,3,0
0,0,0,0,5,28,3580,22,0,0,0,0,0,224196,3,0
0,0,0,0,33,28,3581,22,0,0,0,0,0,241050,3,0
0,0,0,0,14,28,3582,22,0,0,0,0,0,254117,1,0
0,0,0,0,38,28,3583,22,0,0,0,0,0,70728,3,0
2,0,0,1,27,28,3584,22,0,0,0,0,0,251852,3,0
0,0,0,0,16,28,3585,22,0,0,0,0,0,262105,3,0
0,0,0,0,35,28,3586,22,0,0,0,0,0,262298,3,0
0,0,0,0,7,28,3587,22,0,0,0,0,0,245541,3,0
0,0,0,0,37,28,3588,22,0,0,0,0,0,73057,3,0
0,0,0,0,42,29,3589,22,0,0,0,0,0,278854,3,0
0,0,0,0,39,29,3590,22,0,0,0,0,0,73016,3,0
0,0,0,0,1,0,3591,23,0,0,0,0,0,223550,3,0
0,0,0,0,29,3,3592,23,0,0,0,0,0,243133,1,0
0,0,0,0,3,4,3593,23,0,0,0,0,0,233152,1,0
1,0,0,1,30,6,3594,23,0,0,0,0,0,221491,3,0
0,0,0,0,20,7,3595,23,0,0,0,0,0,256781,1,0
0,0,0,0,16,9,3596,23,0,0,0,0,0,243354,1,0
0,0,0,0,8,11,3597,23,0,0,0,0,0,222028,2,0
1,0,0,1,9,12,3598,23,0,0,0,0,0,220876,3,0
1,0,0,1,14,16,3599,23,0,0,0,0,0,206467,1,0
0,0,0,0,7,18,3600,23,0,0,0,0,0,204497,3,0
3,0,0,1,11,25,3601,23,0,0,0,0,0,214096,4,0
0,0,0,0,10,28,3602,23,0,0,0,0,0,234943,3,0
0,0,0,0,5,28,3603,23,0,0,0,0,0,222493,2,0
0,0,0,0,22,28,3604,23,0,0,0,0,0,223724,3,0
0,0,0,0,2,28,3605,23,0,0,0,0,0,264763,3,0
0,0,0,0,33,28,3606,23,0,0,0,0,0,235018,3,0
1,0,0,1,31,28,3607,23,0,0,0,0,0,246919,1,0
0,0,0,0,25,28,3608,23,0,0,0,0,0,239367,2,0
0,0,0,0,19,28,3609,23,0,0,0,0,0,250724,3,0
0,0,0,0,27,28,3610,23,0,0,0,0,0,257919,2,0
0,0,0,0,28,28,3611,23,0,0,0,0,0,276358,3,0
0,0,0,0,13,28,3612,23,0,0,0,0,0,70149,3,0
0,0,0,0,41,28,3613,23,0,0,0,0,0,257273,3,0
0,0,0,0,38,29,3614,23,0,0,0,0,0,269952,3,0
0,0,0,0,21,29,3615,23,0,0,0,0,0,177475,3,0
0,0,0,0,26,29,3616,23,0,0,0,0,0,271119,3,0
0,0,0,0,1,0,3617,25,0,0,0,0,0,262659,4,0
2,0,0,1,17,3,3618,25,0,0,0,0,0,208335,3,0
0,0,0,0,28,4,3619,25,0,0,0,0,0,207862,4,0
0,0,0,0,3,6,3620,25,0,0,0,0,0,231366,4,0
0,0,0,0,30,7,3621,25,0,0,0,0,0,209846,3,0
0,0,0,0,8,9,3622,25,0,0,0,0,0,226168,3,0
0,0,0,0,6,11,3623,25,0,0,0,0,0,250931,3,0
3,0,0,1,42,12,3624,25,0,0,0,0,0,232639,4,0
2,0,0,1,32,16,3625,25,0,0,0,0,0,212096,3,0
0,0,0,0,18,18,3626,25,0,0,0,0,0,258316,3,0
0,0,0,0,38,25,3627,25,0,0,0,0,0,199439,3,0
0,0,0,0,27,28,3628,25,0,0,0,0,0,199897,3,0
0,0,0,0,34,28,3629,25,0,0,0,0,0,259714,3,0
0,0,0,0,25,28,3630,25,0,0,0,0,0,260930,3,0
0,0,0,0,37,28,3631,25,0,0,0,0,0,263022,3,0
0,0,0,0,21,28,3632,25,0,0,0,0,0,234833,3,0
0,0,0,0,9,28,3633,25,0,0,0,0,0,234875,3,0
0,0,0,0,7,28,3634,25,0,0,0,0,0,262672,3,0
2,0,0,1,20,28,3635,25,0,0,0,0,0,257877,3,0
0,0,0,0,23,28,3636,25,0,0,0,0,0,239696,3,0
0,0,0,0,33,28,3637,25,0,0,0,0,0,262668,3,0
0,0,0,0,11,28,3638,25,0,0,0,0,0,244112,3,0
0,0,0,0,5,28,3639,25,0,0,0,0,0,190666,3,0
0,0,0,0,26,29,3640,25,0,0,0,0,0,216497,3,0
0,0,0,0,4,29,3641,25,0,0,0,0,0,262665,3,0
0,0,0,0,44,29,3642,25,0,0,0,0,0,276694,3,0
0,0,0,0,43,29,3643,25,0,0,0,0,0,279045,3,0
0,0,0,0,24,29,3644,25,0,0,0,0,0,229692,3,0
0,0,0,0,1,0,3645,32,0,0,0,0,0,190941,3,0
0,0,0,0,12,4,3646,32,0,0,0,0,0,247263,3,0
1,0,0,1,4,5,3647,32,0,0,0,0,0,213331,1,0
1,0,0,1,3,6,3648,32,0,0,0,0,0,256197,3,0
1,0,0,1,30,12,3649,32,0,0,0,0,0,253149,1,0
1,0,0,1,34,13,3650,32,0,0,0,0,0,199503,3,0
1,0,0,1,8,15,3651,32,0,0,0,0,0,212242,1,0
1,0,0,1,20,16,3652,32,0,0,0,0,0,210035,2,0
4,1,0,1,10,17,3653,32,0,0,0,0,0,256630,3,0
1,0,0,1,11,19,3654,32,0,0,0,0,0,236786,2,0
4,1,0,1,22,25,3655,32,0,0,0,0,0,247679,3,0
0,0,0,0,24,28,3656,32,0,0,0,0,0,228813,3,0
0,0,0,0,25,28,3657,32,0,0,0,0,0,231521,4,0
0,0,0,0,19,28,3658,32,0,0,0,0,0,237328,3,0
0,0,0,0,23,28,3659,32,0,0,0,0,0,226166,3,0
0,0,0,0,17,28,3660,32,0,0,0,0,0,242948,3,0
0,0,0,0,14,28,3661,32,0,0,0,0,0,234236,3,0
0,0,0,0,21,28,3662,32,0,0,0,0,0,255223,3,0
1,0,0,1,7,28,3663,32,0,0,0,0,0,210324,3,0
0,0,0,0,44,28,3664,32,0,0,0,0,0,268622,3,0
0,0,0,0,13,28,3665,32,0,0,0,0,0,275028,3,0
0,0,0,0,40,28,3666,32,0,0,0,0,0,70037,3,0
0,0,0,0,36,28,3667,32,0,0,0,0,0,210366,3,0
0,0,0,0,33,29,3668,32,0,0,0,0,0,74768,3,0
0,0,0,0,48,29,3669,32,0,0,0,0,0,263949,3,0
0,0,0,0,29,29,3670,32,0,0,0,0,0,74749,3,0
0,0,0,0,33,0,3671,36,0,0,0,0,0,223885,3,0
0,0,0,0,4,3,3672,36,0,0,0,0,0,242602,3,0
0,0,0,0,29,4,3673,36,0,0,0,0,0,252512,3,0
0,0,0,0,24,6,3674,36,0,0,0,0,0,239340,3,0
0,0,0,0,7,7,3675,36,0,0,0,0,0,227647,2,0
0,0,0,0,16,9,3676,36,0,0,0,0,0,239096,3,0
0,0,0,0,6,11,3677,36,0,0,0,0,0,250959,3,0
3,0,0,1,8,17,3678,36,0,0,0,0,0,252259,3,0
1,0,0,1,18,19,3679,36,0,0,0,0,0,252448,3,0
4,1,0,1,26,24,3680,36,0,0,0,0,0,244176,3,0
5,1,0,1,9,26,3681,36,0,0,0,0,0,238900,3,0
1,0,0,1,32,28,3682,36,0,0,0,0,0,259306,3,0
0,0,0,0,5,28,3683,36,0,0,0,0,0,256118,3,0
0,0,0,0,15,28,3684,36,0,0,0,0,0,229584,3,0
0,0,0,0,20,28,3685,36,0,0,0,0,0,247360,3,0
0,0,0,0,1,28,3686,36,0,0,0,0,0,223603,3,0
0,0,0,0,27,28,3687,36,0,0,0,0,0,241925,3,0
0,0,0,0,2,28,3688,36,0,0,0,0,0,263573,3,0
1,0,0,1,31,28,3689,36,0,0,0,0,0,255529,1,0
0,0,0,0,45,28,3690,36,0,0,0,0,0,70752,3,0
0,0,0,0,11,28,3691,36,0,0,0,0,0,254022,3,0
0,0,0,0,40,28,3692,36,0,0,0,0,0,278177,3,0
0,0,0,0,17,28,3693,36,0,0,0,0,0,273667,3,0
0,0,0,0,3,29,3694,36,0,0,0,0,0,251829,3,0
0,0,0,0,23,29,3695,36,0,0,0,0,0,238476,3,0
0,0,0,0,22,29,3696,36,0,0,0,0,0,269951,3,0
0,0,0,0,41,29,3697,36,0,0,0,0,0,271114,3,0
0,0,0,0,19,29,3698,36,0,0,0,0,0,257399,3,0
0,0,0,0,28,29,3699,36,0,0,0,0,0,238379,3,0
0,0,0,0,13,29,3700,36,0,0,0,0,0,277668,3,0
0,0,0,0,21,29,3701,36,0,0,0,0,0,258864,3,0
0,0,0,0,1,0,3702,38,0,0,0,0,0,227370,3,0
0,0,0,0,8,3,3703,38,0,0,0,0,0,206591,1,0
0,0,0,0,4,4,3704,38,0,0,0,0,0,212977,3,0
0,0,0,0,32,5,3705,38,0,0,0,0,0,237595,3,0
0,0,0,0,3,6,3706,38,0,0,0,0,0,207897,3,0
1,0,0,1,27,7,3707,38,0,0,0,0,0,243350,3,0
0,0,0,0,14,10,3708,38,0,0,0,0,0,261659,3,0
0,0,0,0,20,13,3709,38,0,0,0,0,0,239701,2,0
3,0,0,1,6,15,3710,38,0,0,0,0,0,232711,3,0
1,0,0,1,7,24,3711,38,0,0,0,0,0,197031,1,0
1,0,0,1,11,26,3712,38,0,0,0,0,0,266183,3,0
0,0,0,0,10,28,3713,38,0,0,0,0,0,203106,3,0
0,0,0,0,5,28,3714,38,0,0,0,0,0,246836,3,0
0,0,0,0,2,28,3715,38,0,0,0,0,0,247771,3,0
1,0,0,1,22,28,3716,38,0,0,0,0,0,261182,3,0
0,0,0,0,25,28,3717,38,0,0,0,0,0,211946,3,0
0,0,0,0,42,28,3718,38,0,0,0,0,0,265749,3,0
0,0,0,0,17,28,3719,38,0,0,0,0,0,256548,3,0
0,0,0,0,28,28,3720,38,0,0,0,0,0,271247,3,0
0,0,0,0,21,28,3721,38,0,0,0,0,0,268436,3,0
0,0,0,0,30,28,3722,38,0,0,0,0,0,268428,3,0
0,0,0,0,15,28,3723,38,0,0,0,0,0,225632,3,0
1,0,0,1,19,28,3724,38,0,0,0,0,0,250941,2,0
0,0,0,0,18,29,3725,38,0,0,0,0,0,220971,3,0
0,0,0,0,13,29,3726,38,0,0,0,0,0,221354,3,0
0,0,0,0,33,29,3727,38,0,0,0,0,0,263404,3,0
0,0,0,0,35,29,3728,38,0,0,0,0,0,274924,3,0
0,0,0,0,27,0,3729,160,0,0,0,0,0,210772,3,0
0,0,0,0,15,3,3730,160,0,0,0,0,0,228080,2,0
0,0,0,0,13,4,3731,160,0,0,0,0,0,251288,2,0
0,0,0,0,4,6,3732,160,0,0,0,0,0,238473,3,0
0,0,0,0,32,7,3733,160,0,0,0,0,0,224423,2,0
0,0,0,0,8,10,3734,160,0,0,0,0,0,199288,3,0
0,0,0,0,6,13,3735,160,0,0,0,0,0,231089,2,0
2,0,0,1,19,15,3736,160,0,0,0,0,0,235297,3,0
1,0,0,1,10,18,3737,160,0,0,0,0,0,239361,2,0
0,0,0,0,33,24,3738,160,0,0,0,0,0,206606,2,0
2,0,0,1,9,26,3739,160,0,0,0,0,0,239956,4,0
0,0,0,0,11,28,3740,160,0,0,0,0,0,243970,3,0
0,0,0,0,23,28,3741,160,0,0,0,0,0,233151,3,0
0,0,0,0,20,28,3742,160,0,0,0,0,0,224811,2,0
0,0,0,0,14,28,3743,160,0,0,0,0,0,270033,3,0
0,0,0,0,1,28,3744,160,0,0,0,0,0,200316,3,0
0,0,0,0,29,28,3745,160,0,0,0,0,0,243960,3,0
0,0,0,0,22,28,3746,160,0,0,0,0,0,261444,3,0
0,0,0,0,18,28,3747,160,0,0,0,0,0,264543,3,0
1,0,0,1,7,28,3748,160,0,0,0,0,0,238980,3,0
0,0,0,0,5,28,3749,160,0,0,0,0,0,232805,3,0
0,0,0,0,2,28,3750,160,0,0,0,0,0,198553,3,0
0,0,0,0,17,28,3751,160,0,0,0,0,0,70579,3,0
0,0,0,0,41,29,3752,160,0,0,0,0,0,228243,3,0
0,0,0,0,21,29,3753,160,0,0,0,0,0,228614,3,0
0,0,0,0,24,29,3754,160,0,0,0,0,0,274617,3,0
0,0,0,0,25,29,3755,160,0,0,0,0,0,270745,3,0
0,0,0,0,34,29,3756,160,0,0,0,0,0,247656,3,0
0,0,0,0,28,29,3757,160,0,0,0,0,0,72699,3,0
0,0,0,0,31,29,3758,160,0,0,0,0,0,199339,3,0
0,0,0,0,27,0,3759,169,0,0,0,0,0,224251,4,0
0,0,0,0,31,4,3760,169,0,0,0,0,0,212212,4,0
0,0,0,0,3,5,3761,169,0,0,0,0,0,241494,4,0
0,0,0,0,25,6,3762,169,0,0,0,0,0,228518,3,0
0,0,0,0,19,12,3763,169,0,0,0,0,0,236636,3,0
0,0,0,0,6,13,3764,169,0,0,0,0,0,73078,3,0
2,0,0,1,18,15,3765,169,0,0,0,0,0,225309,5,0
0,0,0,0,2,16,3766,169,0,0,0,0,0,216275,4,0
1,0,0,1,7,17,3767,169,0,0,0,0,0,221671,3,0
0,0,0,0,14,19,3768,169,0,0,0,0,0,244108,3,0
5,1,0,1,29,25,3769,169,0,0,0,0,0,244257,5,0
0,0,0,0,9,28,3770,169,0,0,0,0,0,229071,3,0
0,0,0,0,8,28,3771,169,0,0,0,0,0,257075,3,0
0,0,0,0,21,28,3772,169,0,0,0,0,0,202429,3,0
1,0,0,1,5,28,3773,169,0,0,0,0,0,234843,4,0
0,0,0,0,33,28,3774,169,0,0,0,0,0,199803,3,0
2,0,0,1,11,28,3775,169,0,0,0,0,0,259162,4,0
0,0,0,0,30,28,3776,169,0,0,0,0,0,216158,3,0
0,0,0,0,4,28,3777,169,0,0,0,0,0,236624,3,0
0,0,0,0,44,28,3778,169,0,0,0,0,0,268259,3,0
0,0,0,0,16,28,3779,169,0,0,0,0,0,198352,3,0
0,0,0,0,22,28,3780,169,0,0,0,0,0,267862,3,0
0,0,0,0,17,28,3781,169,0,0,0,0,0,267899,3,0
0,0,0,0,47,29,3782,169,0,0,0,0,0,276863,3,0
0,0,0,0,1,29,3783,169,0,0,0,0,0,263116,3,0
0,0,0,0,42,29,3784,169,0,0,0,0,0,75280,3,0
0,0,0,0,1,0,3785,175,0,0,0,0,0,228383,4,0
0,0,0,0,2,3,3786,175,0,0,0,0,0,256281,3,0
2,0,0,1,3,4,3787,175,0,0,0,0,0,242663,4,0
0,0,0,0,5,6,3788,175,0,0,0,0,0,236369,3,0
0,0,0,0,16,7,3789,175,0,0,0,0,0,252495,4,0
1,0,0,1,27,9,3790,175,0,0,0,0,0,206511,4,0
1,0,0,1,32,11,3791,175,0,0,0,0,0,228946,3,0
1,0,0,1,20,12,3792,175,0,0,0,0,0,240709,3,0
1,0,0,1,11,16,3793,175,0,0,0,0,0,257073,4,0
2,0,0,1,19,18,3794,175,0,0,0,0,0,244261,3,0
3,0,0,1,23,25,3795,175,0,0,0,0,0,241522,5,0
0,0,0,0,31,28,3796,175,0,0,0,0,0,212245,3,0
0,0,0,0,8,28,3797,175,0,0,0,0,0,235407,3,0
0,0,0,0,6,28,3798,175,0,0,0,0,0,252027,3,0
0,0,0,0,4,28,3799,175,0,0,0,0,0,270077,3,0
0,0,0,0,29,28,3800,175,0,0,0,0,0,208375,3,0
1,0,0,1,9,28,3801,175,0,0,0,0,0,264697,5,0
0,0,0,0,39,28,3802,175,0,0,0,0,0,254566,3,0
0,0,0,0,17,28,3803,175,0,0,0,0,0,244706,3,0
0,0,0,0,21,28,3804,175,0,0,0,0,0,234678,3,0
0,0,0,0,40,28,3805,175,0,0,0,0,0,255272,3,0
0,0,0,0,13,28,3806,175,0,0,0,0,0,241629,3,0
0,0,0,0,18,28,3807,175,0,0,0,0,0,240988,3,0
0,0,0,0,22,29,3808,175,0,0,0,0,0,71897,3,0
0,0,0,0,30,29,3809,175,0,0,0,0,0,233211,3,0
0,0,0,0,24,29,3810,175,0,0,0,0,0,259522,3,0
0,0,0,0,33,29,3811,175,0,0,0,0,0,73286,3,0
0,0,0,0,10,29,3812,175,0,0,0,0,0,230084,3,0
0,0,0,0,38,29,3813,175,0,0,0,0,0,72365,3,0
0,0,0,0,12,29,3814,175,0,0,0,0,0,199909,3,0
0,0,0,0,14,29,3815,175,0,0,0,0,0,254267,3,0
0,0,0,0,99,29,3816,175,0,0,0,0,0,74562,3,0
0,0,0,0,37,29,3817,175,0,0,0,0,0,74561,3,0
0,0,0,0,1,0,3818,576,0,0,0,0,0,244001,1,0
0,0,0,0,17,3,3819,576,0,0,0,0,0,254245,3,0
0,0,0,0,6,4,3820,576,0,0,0,0,0,276167,2,0
0,0,0,0,4,5,3821,576,0,0,0,0,0,231110,3,0
1,0,0,1,14,6,3822,576,0,0,0,0,0,260405,4,0
0,0,0,0,8,7,3823,576,0,0,0,0,0,229472,4,0
0,0,0,0,24,10,3824,576,0,0,0,0,0,248175,3,0
0,0,0,0,10,13,3825,576,0,0,0,0,0,188154,4,0
1,0,0,1,37,15,3826,576,0,0,0,0,0,251617,4,0
4,1,0,1,18,24,3827,576,0,0,0,0,0,245622,2,0
1,0,0,1,9,26,3828,576,0,0,0,0,0,251342,4,0
0,0,0,0,22,28,3829,576,0,0,0,0,0,276119,3,0
0,0,0,0,27,28,3830,576,0,0,0,0,0,238662,3,0
0,0,0,0,5,28,3831,576,0,0,0,0,0,219694,3,0
0,0,0,0,23,28,3832,576,0,0,0,0,0,275754,3,0
0,0,0,0,31,28,3833,576,0,0,0,0,0,228935,3,0
1,0,0,1,20,28,3834,576,0,0,0,0,0,239981,4,0
1,0,0,1,11,28,3835,576,0,0,0,0,0,255459,3,0
0,0,0,0,7,28,3836,576,0,0,0,0,0,200473,1,0
0,0,0,0,3,28,3837,576,0,0,0,0,0,224093,3,0
0,0,0,0,19,28,3838,576,0,0,0,0,0,262946,3,0
0,0,0,0,34,28,3839,576,0,0,0,0,0,276130,3,0
0,0,0,0,33,28,3840,576,0,0,0,0,0,74877,3,0
0,0,0,0,15,29,3841,576,0,0,0,0,0,223756,3,0
0,0,0,0,21,29,3842,576,0,0,0,0,0,210006,3,0
0,0,0,0,28,29,3843,576,0,0,0,0,0,276118,3,0
0,0,0,0,16,29,3844,576,0,0,0,0,0,73149,3,0
0,0,0,0,40,0,3845,1824,0,0,0,0,0,277929,4,0
0,0,0,0,13,3,3846,1824,0,0,0,0,0,233301,4,0
1,0,0,1,35,4,3847,1824,0,0,0,0,0,247182,3,0
0,0,0,0,4,6,3848,1824,0,0,0,0,0,236532,3,0
0,0,0,0,3,7,3849,1824,0,0,0,0,0,257278,2,0
0,0,0,0,36,12,3850,1824,0,0,0,0,0,257540,3,0
0,0,0,0,15,13,3851,1824,0,0,0,0,0,225126,1,0
2,0,0,1,16,15,3852,1824,0,0,0,0,0,268896,3,0
0,0,0,0,29,16,3853,1824,0,0,0,0,0,255150,3,0
2,0,0,1,11,24,3854,1824,0,0,0,0,0,257289,4,0
8,1,0,1,7,26,3855,1824,0,0,0,1,0,256675,5,0
0,0,0,0,27,28,3856,1824,0,0,0,0,0,192318,3,0
0,0,0,0,8,28,3857,1824,0,0,0,0,0,270670,2,0
0,0,0,0,18,28,3858,1824,0,0,0,0,0,218339,3,0
0,0,0,0,21,28,3859,1824,0,0,0,0,0,269701,3,0
0,0,0,0,1,28,3860,1824,0,0,0,0,0,188943,3,0
1,0,0,1,9,28,3861,1824,0,0,0,0,0,259750,3,0
0,0,0,0,26,28,3862,1824,0,0,0,0,0,248573,4,0
0,0,0,0,20,28,3863,1824,0,0,0,0,0,275328,3,0
0,0,0,0,5,28,3864,1824,0,0,0,0,0,270846,3,0
0,0,0,0,22,28,3865,1824,0,0,0,0,0,202316,3,0
0,0,0,0,23,28,3866,1824,0,0,0,0,0,269116,3,0
0,0,0,0,33,28,3867,1824,0,0,0,0,0,183513,3,0
0,0,0,0,34,29,3868,1824,0,0,0,0,0,256500,3,0
0,0,0,0,41,29,3869,1824,0,0,0,0,0,221323,3,0
0,0,0,0,19,29,3870,1824,0,0,0,0,0,269728,3,0
0,0,0,0,6,29,3871,1824,0,0,0,0,0,274952,3,0
0,0,0,0,47,29,3872,1824,0,0,0,0,0,75248,3,0
0,0,0,0,43,29,3873,1824,0,0,0,0,0,75307,3,0
0,0,0,0,1,0,3874,1831,0,0,0,0,0,201269,4,0
0,0,0,0,5,4,3875,1831,0,0,0,0,0,232658,3,0
1,0,0,1,2,5,3876,1831,0,0,0,0,0,192641,5,0
0,0,0,0,4,6,3877,1831,0,0,0,0,0,234575,4,0
0,0,0,0,19,12,3878,1831,0,0,0,0,0,211879,3,0
0,0,0,0,13,13,3879,1831,0,0,0,0,0,247026,3,0
0,0,0,0,8,15,3880,1831,0,0,0,0,0,211999,3,0
1,0,0,1,15,16,3881,1831,0,0,0,0,0,268116,4,0
1,0,0,1,11,17,3882,1831,0,0,0,0,0,239138,3,0
1,0,0,1,16,19,3883,1831,0,0,0,0,0,258715,4,0
0,0,0,0,17,25,3884,1831,0,0,0,0,0,227558,3,0
0,0,0,0,9,28,3885,1831,0,0,0,0,0,271395,3,0
0,0,0,0,18,28,3886,1831,0,0,0,0,0,257771,3,0
0,0,0,0,28,28,3887,1831,0,0,0,0,0,193254,3,0
0,0,0,0,14,28,3888,1831,0,0,0,0,0,265576,3,0
0,0,0,0,37,28,3889,1831,0,0,0,0,0,202789,3,0
0,0,0,0,24,28,3890,1831,0,0,0,0,0,215449,3,0
1,0,0,1,20,28,3891,1831,0,0,0,0,0,234728,3,0
0,0,0,0,21,28,3892,1831,0,0,0,0,0,229286,3,0
1,0,0,1,7,28,3893,1831,0,0,0,0,0,260020,4,0
0,0,0,0,26,28,3894,1831,0,0,0,0,0,202562,3,0
0,0,0,0,10,28,3895,1831,0,0,0,0,0,200610,3,0
0,0,0,0,23,28,3896,1831,0,0,0,0,0,277799,3,0
0,0,0,0,39,29,3897,1831,0,0,0,0,0,274731,3,0
0,0,0,0,36,29,3898,1831,0,0,0,0,0,271659,3,0
0,0,0,0,12,29,3899,1831,0,0,0,0,0,252456,3,0
0,0,0,0,45,29,3900,1831,0,0,0,0,0,276489,3,0
0,0,0,0,41,29,3901,1831,0,0,0,0,0,279203,3,0
0,0,0,0,29,29,3902,1831,0,0,0,0,0,227234,3,0
0,0,0,0,1,0,3903,10029,0,0,0,0,0,193698,4,0
0,0,0,0,3,3,3904,10029,0,0,0,0,0,203605,3,0
0,0,0,0,4,4,3905,10029,0,0,0,0,0,71261,3,0
0,0,0,0,16,5,3906,10029,0,0,0,0,0,257191,5,0
0,0,0,0,25,6,3907,10029,0,0,0,0,0,211856,2,0
0,0,0,0,22,7,3908,10029,0,0,0,0,0,263041,3,0
0,0,0,0,6,13,3909,10029,0,0,0,0,0,228595,3,0
0,0,0,0,11,15,3910,10029,0,0,0,0,0,228336,3,0
4,1,0,1,27,18,3911,10029,0,0,0,0,0,216354,3,0
1,0,0,1,23,24,3912,10029,0,0,0,0,0,246618,2,0
3,0,0,1,21,26,3913,10029,0,0,0,0,0,244390,3,0
1,0,0,1,7,28,3914,10029,0,0,0,0,0,237321,3,0
0,0,0,0,39,28,3915,10029,0,0,0,0,0,263765,3,0
0,0,0,0,2,28,3916,10029,0,0,0,0,0,276646,3,0
0,0,0,0,24,28,3917,10029,0,0,0,0,0,259569,3,0
0,0,0,0,37,28,3918,10029,0,0,0,0,0,257638,3,0
0,0,0,0,26,28,3919,10029,0,0,0,0,0,212002,3,0
0,0,0,0,40,28,3920,10029,0,0,0,0,0,269084,3,0
0,0,0,0,20,28,3921,10029,0,0,0,0,0,245097,3,0
0,0,0,0,29,28,3922,10029,0,0,0,0,0,227503,3,0
0,0,0,0,19,28,3923,10029,0,0,0,0,0,267594,3,0
0,0,0,0,9,28,3924,10029,0,0,0,0,0,216258,3,0
0,0,0,0,5,28,3925,10029,0,0,0,0,0,239890,3,0
0,0,0,0,34,29,3926,10029,0,0,0,0,0,241941,3,0
0,0,0,0,33,29,3927,10029,0,0,0,0,0,279542,3,0
1,0,0,1,15,29,3928,10029,0,0,0,0,0,245863,4,0
0,0,0,0,18,29,3929,10029,0,0,0,0,0,235424,3,0
0,0,0,0,41,29,3930,10029,0,0,0,0,0,253170,3,0
0,0,0,0,8,29,3931,10029,0,0,0,0,0,235526,3,0
0,0,0,0,35,29,3932,10029,0,0,0,0,0,74871,2,0
0,0,0,0,28,29,3933,10029,0,0,0,0,0,74464,3,0
0,0,0,0,30,29,3934,10029,0,0,0,0,0,74466,3,0
0,0,0,0,31,29,3935,10029,0,0,0,0,0,74465,3,0
0,0,0,0,36,29,3936,10029,0,0,0,0,0,73072,3,0
0,0,0,0,13,29,3937,10029,0,0,0,0,0,212244,3,0
0,0,0,0,22,0,3938,100409,0,0,0,0,0,271949,4,0
0,0,0,0,23,4,3939,100409,0,0,0,0,0,245347,3,0
0,0,0,0,6,5,3940,100409,0,0,0,0,0,202201,3,0
2,0,0,1,31,6,3941,100409,0,0,0,0,0,244068,4,0
1,0,0,1,11,12,3942,100409,0,0,0,0,0,224425,3,0
0,0,0,0,19,13,3943,100409,0,0,0,0,0,239529,4,0
0,0,0,0,17,15,3944,100409,0,0,0,0,0,257889,3,0
0,0,0,0,13,16,3945,100409,0,0,0,0,0,236457,4,0
0,0,0,0,16,17,3946,100409,0,0,0,0,0,238581,3,0
1,0,0,1,8,19,3947,100409,0,0,0,0,0,240193,3,0
0,0,0,0,15,25,3948,100409,0,0,0,0,0,224883,2,0
1,0,0,1,21,28,3949,100409,0,0,0,0,0,233216,4,0
0,0,0,0,10,28,3950,100409,0,0,0,0,0,237629,3,0
1,0,0,1,20,28,3951,100409,0,0,0,0,0,236477,4,0
0,0,0,0,18,28,3952,100409,0,0,0,0,0,259559,3,0
0,0,0,0,1,28,3953,100409,0,0,0,0,0,242818,3,0
2,0,0,1,29,28,3954,100409,0,0,0,0,0,245716,3,0
0,0,0,0,24,28,3955,100409,0,0,0,0,0,234889,3,0
0,0,0,0,3,28,3956,100409,0,0,0,0,0,229640,3,0
0,0,0,0,5,28,3957,100409,0,0,0,0,0,258432,3,0
0,0,0,0,2,28,3958,100409,0,0,0,0,0,233409,3,0
1,0,0,1,7,28,3959,100409,0,0,0,0,0,277373,3,0
0,0,0,0,4,28,3960,100409,0,0,0,0,0,225908,3,0
0,0,0,0,40,29,3961,100409,0,0,0,0,0,73731,3,0
0,0,0,0,36,29,3962,100409,0,0,0,0,0,274226,3,0
0,0,0,0,14,29,3963,100409,0,0,0,0,0,239712,3,0
0,0,0,0,44,29,3964,100409,0,0,0,0,0,270012,3,0
0,0,0,0,25,29,3965,100409,0,0,0,0,0,257637,3,0
0,0,0,0,42,29,3966,100409,0,0,0,0,0,72371,3,0
0,0,0,0,22,0,3967,110329,0,0,0,0,0,262956,1,0
0,0,0,0,5,4,3968,110329,0,0,0,0,0,230855,2,0
0,0,0,0,8,5,3969,110329,0,0,0,0,0,222369,1,0
0,0,0,0,3,6,3970,110329,0,0,0,0,0,226506,2,0
1,0,0,1,17,23,3971,110329,0,0,0,0,0,242946,1,0
0,0,0,0,2,12,3972,110329,0,0,0,0,0,222542,2,0
0,0,0,0,7,13,3973,110329,0,0,0,0,0,211378,2,0
1,0,0,1,16,15,3974,110329,0,0,0,0,0,258784,3,0
0,0,0,0,23,16,3975,110329,0,0,0,0,0,262666,2,0
2,0,0,1,26,27,3976,110329,0,0,0,0,0,274000,2,0
0,0,0,0,11,25,3977,110329,0,0,0,0,0,234399,3,0
0,0,0,0,39,28,3978,110329,0,0,0,0,0,263076,1,0
0,0,0,0,15,28,3979,110329,0,0,0,0,0,258626,3,0
0,0,0,0,25,28,3980,110329,0,0,0,0,0,211362,3,0
0,0,0,0,21,28,3981,110329,0,0,0,0,0,237884,3,0
0,0,0,0,30,28,3982,110329,0,0,0,0,0,189061,3,0
0,0,0,0,29,28,3983,110329,0,0,0,0,0,257020,3,0
0,0,0,0,19,28,3984,110329,0,0,0,0,0,234476,3,0
0,0,0,0,18,28,3985,110329,0,0,0,0,0,255312,3,0
0,0,0,0,24,28,3986,110329,0,0,0,0,0,240648,3,0
0,0,0,0,28,28,3987,110329,0,0,0,0,0,259900,3,0
0,0,0,0,9,28,3988,110329,0,0,0,0,0,209323,3,0
0,0,0,0,43,28,3989,110329,0,0,0,0,0,277222,3,0
0,0,0,0,6,29,3990,110329,0,0,0,0,0,202276,3,0
0,0,0,0,4,29,3991,110329,0,0,0,0,0,252317,3,0
0,0,0,0,1,29,3992,110329,0,0,0,0,0,251433,3,0
0,0,0,0,34,29,3993,110329,0,0,0,0,0,73153,3,0
0,0,0,0,20,29,3994,110329,0,0,0,0,0,259993,3,0
0,0,0,0,14,29,3995,110329,0,0,0,0,0,259766,3,0
0,0,0,0,1,0,3996,111235,0,0,0,0,0,202873,2,0
0,0,0,0,23,3,3997,111235,0,0,0,0,0,257136,2,0
0,0,0,0,6,4,3998,111235,0,0,0,0,0,216199,3,0
0,0,0,0,5,6,3999,111235,0,0,0,0,0,228883,3,0
0,0,0,0,19,7,4000,111235,0,0,0,0,0,229277,3,0
0,0,0,0,33,9,4001,111235,0,0,0,0,0,240669,3,0
2,0,0,1,3,11,4002,111235,0,0,0,0,0,256292,3,0
1,0,0,1,21,12,4003,111235,0,0,0,0,0,253133,3,0
1,0,0,1,8,16,4004,111235,0,0,0,0,0,269964,3,0
2,0,0,1,10,18,4005,111235,0,0,0,0,0,266237,3,0
2,0,0,1,18,25,4006,111235,0,0,0,0,0,260290,3,0
0,0,0,0,31,28,4007,111235,0,0,0,0,0,251002,3,0
0,0,0,0,17,28,4008,111235,0,0,0,0,0,232156,3,0
0,0,0,0,2,28,4009,111235,0,0,0,0,0,224980,3,0
0,0,0,0,4,28,4010,111235,0,0,0,0,0,258812,3,0
0,0,0,0,22,28,4011,111235,0,0,0,0,0,200466,3,0
0,0,0,0,29,28,4012,111235,0,0,0,0,0,245264,2,0
0,0,0,0,39,28,4013,111235,0,0,0,0,0,231227,3,0
0,0,0,0,30,28,4014,111235,0,0,0,0,0,183573,3,0
0,0,0,0,20,28,4015,111235,0,0,0,0,0,260369,3,0
0,0,0,0,9,28,4016,111235,0,0,0,0,0,239078,3,0
0,0,0,0,25,28,4017,111235,0,0,0,0,0,269976,3,0
0,0,0,0,11,28,4018,111235,0,0,0,0,0,200954,3,0
0,0,0,0,40,29,4019,111235,0,0,0,0,0,266641,3,0
0,0,0,0,36,29,4020,111235,0,0,0,0,0,275907,3,0
2,0,0,1,14,29,4021,111235,0,0,0,0,0,243537,3,0
0,0,0,0,27,29,4022,111235,0,0,0,0,0,251289,3,0
0,0,0,0,16,29,4023,111235,0,0,0,0,0,262754,3,0
0,0,0,0,34,29,4024,111235,0,0,0,0,0,262922,3,0
0,0,0,0,1,0,4025,112172,0,0,0,0,0,185122,4,0
0,0,0,0,39,3,4026,112172,0,0,0,0,0,228579,3,0
0,0,0,0,4,4,4027,112172,0,0,0,0,0,204638,4,0
0,0,0,0,23,6,4028,112172,0,0,0,0,0,262138,3,0
0,0,0,0,22,7,4029,112172,0,0,0,0,0,236703,3,0
0,0,0,0,13,9,4030,112172,0,0,0,0,0,257876,3,0
0,0,0,0,8,11,4031,112172,0,0,0,0,0,238463,3,0
0,0,0,0,14,17,4032,112172,0,0,0,0,0,242187,3,0
1,0,0,1,10,19,4033,112172,0,0,0,0,0,245367,3,0
4,1,0,1,17,24,4034,112172,0,0,0,0,0,243580,5,0
2,0,0,1,30,26,4035,112172,0,0,0,0,0,260592,3,0
1,0,0,1,44,28,4036,112172,0,0,0,0,0,195365,3,0
1,0,0,1,7,28,4037,112172,0,0,0,0,0,262863,4,0
0,0,0,0,16,28,4038,112172,0,0,0,0,0,222331,3,0
0,0,0,0,3,28,4039,112172,0,0,0,0,0,241187,3,0
0,0,0,0,26,28,4040,112172,0,0,0,0,0,242879,3,0
0,0,0,0,9,28,4041,112172,0,0,0,0,0,207791,3,0
0,0,0,0,6,28,4042,112172,0,0,0,0,0,241390,3,0
0,0,0,0,18,28,4043,112172,0,0,0,0,0,269859,3,0
0,0,0,0,19,28,4044,112172,0,0,0,0,0,228941,3,0
0,0,0,0,24,28,4045,112172,0,0,0,0,0,233195,3,0
0,0,0,0,5,28,4046,112172,0,0,0,0,0,263193,3,0
0,0,0,0,25,28,4047,112172,0,0,0,0,0,222546,3,0
0,0,0,0,20,29,4048,112172,0,0,0,0,0,276602,3,0
0,0,0,0,1,0,4049,28,0,0,0,0,0,212197,3,0
0,0,0,0,5,4,4050,28,0,0,0,0,0,236541,3,0
0,0,0,0,4,5,4051,28,0,0,0,0,0,214948,4,0
0,0,0,0,28,6,4052,28,0,0,0,0,0,232839,4,0
0,0,0,0,30,12,4053,28,0,0,0,0,0,231108,3,0
0,0,0,0,14,13,4054,28,0,0,0,0,0,240683,3,0
0,0,0,0,23,15,4055,28,0,0,0,0,0,212321,3,0
3,0,0,1,7,16,4056,28,0,0,0,0,0,224970,5,0
0,0,0,0,20,18,4057,28,0,0,0,0,0,238068,3,0
7,1,0,1,9,24,4058,28,0,0,0,1,0,236533,5,0
3,0,0,1,27,26,4059,28,0,0,0,0,0,212626,1,0
0,0,0,0,18,28,4060,28,0,0,0,0,0,234640,3,0
0,0,0,0,10,28,4061,28,0,0,0,0,0,243904,3,0
0,0,0,0,24,28,4062,28,0,0,0,0,0,243449,3,0
1,0,0,1,8,28,4063,28,0,0,0,0,0,269962,5,0
0,0,0,0,19,28,4064,28,0,0,0,0,0,257480,5,0
0,0,0,0,17,28,4065,28,0,0,0,0,0,256970,4,0
4,0,0,1,11,28,4066,28,0,0,0,0,0,255036,3,0
0,0,0,0,6,28,4067,28,0,0,0,0,0,246301,3,0
0,0,0,0,29,28,4068,28,0,0,0,0,0,263056,3,0
0,0,0,0,36,28,4069,28,0,0,0,0,0,263310,3,0
0,0,0,0,21,28,4070,28,0,0,0,0,0,213134,3,0
1,0,0,1,3,28,4071,28,0,0,0,0,0,238593,3,0
0,0,0,0,33,29,4072,28,0,0,0,0,0,246666,3,0
0,0,0,0,2,29,4073,28,0,0,0,0,0,262045,3,0
0,0,0,0,45,29,4074,28,0,0,0,0,0,74102,3,0
0,0,0,0,47,29,4075,28,0,0,0,0,0,274038,3,0
0,0,0,0,40,29,4076,28,0,0,0,0,0,73554,3,0
0,0,0,0,48,29,4077,28,0,0,0,0,0,279101,3,0
0,0,0,0,37,29,4078,28,0,0,0,0,0,270219,3,0
0,0,0,0,12,29,4079,28,0,0,0,0,0,189387,3,0
0,0,0,0,1,0,4080,29,0,0,0,0,0,244417,4,0
0,0,0,0,32,3,4081,29,0,0,0,0,0,216416,3,0
0,0,0,0,33,4,4082,29,0,0,0,0,0,256705,2,0
0,0,0,0,24,6,4083,29,0,0,0,0,0,262903,2,0
0,0,0,0,13,7,4084,29,0,0,0,0,0,229925,1,0
2,0,0,1,2,10,4085,29,0,0,0,0,0,262119,2,0
1,0,0,1,29,23,4086,29,0,0,0,0,0,252710,3,0
0,0,0,0,26,13,4087,29,0,0,0,0,0,69983,2,0
0,0,0,0,7,15,4088,29,0,0,0,0,0,223755,4,0
2,0,0,1,17,27,4089,29,0,0,0,0,0,244234,3,0
4,0,0,1,9,25,4090,29,0,0,0,0,0,235360,3,0
0,0,0,0,18,28,4091,29,0,0,0,0,0,276312,3,0
1,0,0,1,19,28,4092,29,0,0,0,0,0,248434,1,0
0,0,0,0,41,28,4093,29,0,0,0,0,0,274191,3,0
0,0,0,0,6,28,4094,29,0,0,0,0,0,227873,3,0
0,0,0,0,30,28,4095,29,0,0,0,0,0,243735,3,0
0,0,0,0,20,28,4096,29,0,0,0,0,0,247721,3,0
0,0,0,0,8,28,4097,29,0,0,0,0,0,216381,3,0
0,0,0,0,11,28,4098,29,0,0,0,0,0,229171,3,0
0,0,0,0,40,28,4099,29,0,0,0,0,0,257190,3,0
1,0,0,1,10,28,4100,29,0,0,0,0,0,205086,3,0
0,0,0,0,37,28,4101,29,0,0,0,0,0,73136,3,0
0,0,0,0,3,28,4102,29,0,0,0,0,0,263089,3,0
0,0,0,0,22,29,4103,29,0,0,0,0,0,73137,3,0
0,0,0,0,28,29,4104,29,0,0,0,0,0,73134,3,0
0,0,0,0,27,29,4105,29,0,0,0,0,0,230047,3,0
0,0,0,0,21,29,4106,29,0,0,0,0,0,210304,3,0
0,0,0,0,23,29,4107,29,0,0,0,0,0,242744,3,0
0,0,0,0,34,29,4108,29,0,0,0,0,0,269942,3,0
0,0,0,0,31,29,4109,29,0,0,0,0,0,73135,3,0
0,0,0,0,40,0,4110,31,0,0,0,0,0,263887,3,0
0,0,0,0,29,3,4111,31,0,0,0,0,0,254660,3,0
3,0,0,1,4,4,4112,31,0,0,0,0,0,234727,5,0
0,0,0,0,24,6,4113,31,0,0,0,0,0,73956,5,0
0,0,0,0,17,7,4114,31,0,0,0,0,0,223633,4,0
1,0,0,0,6,9,4115,31,0,0,0,0,0,256942,5,0
1,0,0,0,8,11,4116,31,0,0,0,0,0,269922,4,0
3,0,0,1,19,17,4117,31,0,0,0,0,0,256564,4,0
3,0,0,1,37,19,4118,31,0,0,0,0,0,242997,3,0
3,0,0,1,9,24,4119,31,0,0,0,0,0,220085,5,0
4,0,0,1,42,26,4120,31,0,0,0,0,0,274944,2,0
0,0,0,0,22,28,4121,31,0,0,0,0,0,244692,3,0
0,0,0,0,3,28,4122,31,0,0,0,0,0,206198,3,0
0,0,0,0,18,28,4123,31,0,0,0,0,0,250854,3,0
0,0,0,0,35,28,4124,31,0,0,0,0,0,277887,2,0
0,0,0,0,1,28,4125,31,0,0,0,0,0,224041,3,0
0,0,0,0,23,28,4126,31,0,0,0,0,0,218534,3,0
2,0,0,0,7,28,4127,31,0,0,0,0,0,240916,3,0
0,0,0,0,21,28,4128,31,0,0,0,0,0,238656,3,0
0,0,0,0,16,28,4129,31,0,0,0,0,0,261528,3,0
0,0,0,0,47,28,4130,31,0,0,0,0,0,265799,3,0
0,0,0,0,33,28,4131,31,0,0,0,0,0,238957,3,0
0,0,0,0,38,28,4132,31,0,0,0,0,0,273931,3,0
0,0,0,0,12,29,4133,31,0,0,0,0,0,267460,3,0
0,0,0,0,13,29,4134,31,0,0,0,0,0,200318,3,0
0,0,0,0,39,29,4135,31,0,0,0,0,0,272454,3,0
0,0,0,0,15,29,4136,31,0,0,0,0,0,248878,3,0
0,0,0,0,5,29,4137,31,0,0,0,0,0,271681,3,0
0,0,0,0,11,29,4138,31,0,0,0,0,0,195038,3,0
0,0,0,0,20,29,4139,31,0,0,0,0,0,156437,3,0
0,0,0,0,43,29,4140,31,0,0,0,0,0,74003,3,0
0,0,0,0,44,29,4141,31,0,0,0,0,0,239510,3,0
0,0,0,0,36,29,4142,31,0,0,0,0,0,74004,3,0
0,0,0,0,34,29,4143,31,0,0,0,0,0,74043,3,0
0,0,0,0,28,0,4144,34,0,0,0,0,0,269955,1,0
0,0,0,0,23,3,4145,34,0,0,0,0,0,261446,3,0
0,0,0,0,35,4,4146,34,0,0,0,0,0,199761,3,0
0,0,0,0,26,6,4147,34,0,0,0,0,0,201122,3,0
0,0,0,0,5,7,4148,34,0,0,0,0,0,269248,4,0
0,0,0,0,7,9,4149,34,0,0,0,0,0,221885,3,0
1,0,0,1,6,11,4150,34,0,0,0,0,0,239099,3,0
0,0,0,0,18,12,4151,34,0,0,0,0,0,239073,3,0
0,0,0,0,8,16,4152,34,0,0,0,0,0,205966,3,0
6,1,0,1,9,24,4153,34,0,0,0,0,0,237708,3,0
5,1,0,1,19,26,4154,34,0,0,0,0,0,212240,4,0
0,0,0,0,14,28,4155,34,0,0,0,0,0,224094,3,0
0,0,0,0,24,28,4156,34,0,0,0,0,0,264501,3,0
0,0,0,0,2,28,4157,34,0,0,0,0,0,273904,3,0
0,0,0,0,30,28,4158,34,0,0,0,0,0,232203,3,0
0,0,0,0,1,28,4159,34,0,0,0,0,0,241859,3,0
0,0,0,0,11,28,4160,34,0,0,0,0,0,237509,3,0
3,0,0,1,29,28,4161,34,0,0,0,0,0,243887,4,0
0,0,0,0,17,28,4162,34,0,0,0,0,0,269566,3,0
1,0,0,1,22,28,4163,34,0,0,0,0,0,251992,3,0
0,0,0,0,27,28,4164,34,0,0,0,0,0,241085,3,0
0,0,0,0,31,28,4165,34,0,0,0,0,0,72315,3,0
0,0,0,0,21,28,4166,34,0,0,0,0,0,263707,3,0
0,0,0,0,15,29,4167,34,0,0,0,0,0,276979,3,0
0,0,0,0,20,29,4168,34,0,0,0,0,0,72968,3,0
0,0,0,0,38,29,4169,34,0,0,0,0,0,72966,3,0
0,0,0,0,33,29,4170,34,0,0,0,0,0,72964,3,0
0,0,0,0,36,29,4171,34,0,0,0,0,0,72963,3,0
0,0,0,0,32,29,4172,34,0,0,0,0,0,72962,3,0
0,0,0,0,37,29,4173,34,0,0,0,0,0,72967,3,0
0,0,0,0,39,29,4174,34,0,0,0,0,0,72965,3,0
0,0,0,0,34,29,4175,34,0,0,0,0,0,107084,3,0
0,0,0,0,16,29,4176,34,0,0,0,0,0,74611,3,0
0,0,0,0,4,29,4177,34,0,0,0,0,0,74612,3,0
0,0,0,0,40,29,4178,34,0,0,0,0,0,215279,3,0
0,0,0,0,51,29,4179,34,0,0,0,0,0,179783,3,0
0,0,0,0,53,29,4180,34,0,0,0,0,0,198617,3,0
0,0,0,0,44,0,4181,165,0,0,0,0,0,262322,3,0
0,0,0,0,33,4,4182,165,0,0,0,0,0,262917,3,0
1,0,0,1,23,5,4183,165,0,0,0,0,0,223751,1,0
1,0,0,1,27,6,4184,165,0,0,0,0,0,237024,3,0
0,0,0,0,2,12,4185,165,0,0,0,0,0,242850,3,0
0,0,0,0,6,13,4186,165,0,0,0,0,0,277464,3,0
4,0,0,1,37,15,4187,165,0,0,0,0,0,212192,4,0
0,0,0,0,11,16,4188,165,0,0,0,0,0,241689,3,0
1,0,0,1,10,18,4189,165,0,0,0,0,0,209504,3,0
3,0,0,1,9,24,4190,165,0,0,0,0,0,276660,4,0
2,0,0,1,7,26,4191,165,0,0,0,0,0,239097,3,0
0,0,0,0,8,28,4192,165,0,0,0,0,0,257080,3,0
1,0,0,1,18,28,4193,165,0,0,0,0,0,251325,3,0
0,0,0,0,5,28,4194,165,0,0,0,0,0,278750,3,0
0,0,0,0,19,28,4195,165,0,0,0,0,0,73160,3,0
0,0,0,0,1,28,4196,165,0,0,0,0,0,219937,3,0
0,0,0,0,34,28,4197,165,0,0,0,0,0,70282,3,0
0,0,0,0,21,28,4198,165,0,0,0,0,0,259022,3,0
0,0,0,0,3,28,4199,165,0,0,0,0,0,268430,3,0
0,0,0,0,14,28,4200,165,0,0,0,0,0,252125,4,0
0,0,0,0,4,28,4201,165,0,0,0,0,0,251764,3,0
0,0,0,0,17,28,4202,165,0,0,0,0,0,210723,3,0
0,0,0,0,36,28,4203,165,0,0,0,0,0,278728,3,0
0,0,0,0,22,29,4204,165,0,0,0,0,0,262134,3,0
0,0,0,0,42,29,4205,165,0,0,0,0,0,257149,3,0
0,0,0,0,20,29,4206,165,0,0,0,0,0,70092,3,0
0,0,0,0,1,0,4207,166,0,0,0,0,0,262931,3,0
1,0,0,1,16,3,4208,166,0,0,0,0,0,224263,3,0
0,0,0,0,37,4,4209,166,0,0,0,0,0,204776,4,0
0,0,0,0,31,6,4210,166,0,0,0,0,0,256780,3,0
0,0,0,0,42,7,4211,166,0,0,0,0,0,235899,3,0
0,0,0,0,6,10,4212,166,0,0,0,0,0,202325,3,0
0,0,0,0,22,12,4213,166,0,0,0,0,0,262217,3,0
3,0,0,1,27,13,4214,166,0,0,0,0,0,239744,4,0
1,0,0,1,10,15,4215,166,0,0,0,0,0,275029,1,0
2,0,0,1,39,16,4216,166,0,0,0,0,0,269705,2,0
2,0,0,1,18,25,4217,166,0,0,0,0,0,259752,3,0
0,0,0,0,5,28,4218,166,0,0,0,0,0,223922,3,0
0,0,0,0,41,28,4219,166,0,0,0,0,0,274735,3,0
0,0,0,0,25,28,4220,166,0,0,0,0,0,204082,3,0
0,0,0,0,33,28,4221,166,0,0,0,0,0,248149,3,0
0,0,0,0,35,28,4222,166,0,0,0,0,0,213573,3,0
1,0,0,1,7,28,4223,166,0,0,0,0,0,211899,3,0
0,0,0,0,24,28,4224,166,0,0,0,0,0,241474,3,0
1,0,0,1,20,28,4225,166,0,0,0,0,0,238271,3,0
0,0,0,0,19,28,4226,166,0,0,0,0,0,206463,3,0
1,0,0,1,9,28,4227,166,0,0,0,0,0,223596,4,0
0,0,0,0,44,28,4228,166,0,0,0,0,0,264589,3,0
0,0,0,0,11,28,4229,166,0,0,0,0,0,231614,3,0
0,0,0,0,8,29,4230,166,0,0,0,0,0,242974,2,0
0,0,0,0,14,29,4231,166,0,0,0,0,0,242393,3,0
0,0,0,0,26,29,4232,166,0,0,0,0,0,276356,3,0
0,0,0,0,47,29,4233,166,0,0,0,0,0,73871,3,0
0,0,0,0,43,29,4234,166,0,0,0,0,0,273778,3,0
0,0,0,0,38,29,4235,166,0,0,0,0,0,73872,3,0
0,0,0,0,40,29,4236,166,0,0,0,0,0,73868,3,0
0,0,0,0,36,29,4237,166,0,0,0,0,0,73869,3,0
0,0,0,0,21,29,4238,166,0,0,0,0,0,75212,3,0
0,0,0,0,1,0,4239,171,0,0,0,0,0,256229,2,0
0,0,0,0,2,3,4240,171,0,0,0,0,0,251908,1,0
0,0,0,0,4,4,4241,171,0,0,0,0,0,278780,3,0
0,0,0,0,31,6,4242,171,0,0,0,0,0,203030,3,0
0,0,0,0,3,7,4243,171,0,0,0,0,0,216283,3,0
0,0,0,0,6,10,4244,171,0,0,0,0,0,248576,3,0
0,0,0,0,10,12,4245,171,0,0,0,0,0,256674,3,0
2,0,0,1,20,13,4246,171,0,0,0,0,0,266422,5,0
0,0,0,0,17,15,4247,171,0,0,0,0,0,264194,3,0
1,0,0,1,7,16,4248,171,0,0,0,0,0,237635,3,0
1,0,0,1,36,25,4249,171,0,0,0,0,0,253418,3,0
0,0,0,0,14,28,4250,171,0,0,0,0,0,246074,3,0
1,0,0,1,19,28,4251,171,0,0,0,0,0,276053,3,0
1,0,0,1,44,28,4252,171,0,0,0,0,0,257533,4,0
0,0,0,0,43,28,4253,171,0,0,0,0,0,274565,3,0
0,0,0,0,26,28,4254,171,0,0,0,0,0,215417,3,0
0,0,0,0,30,28,4255,171,0,0,0,0,0,262800,2,0
2,0,0,1,9,28,4256,171,0,0,0,0,0,274699,4,0
1,0,0,1,8,28,4257,171,0,0,0,0,0,234836,3,0
1,0,0,1,11,28,4258,171,0,0,0,0,0,271622,3,0
0,0,0,0,29,28,4259,171,0,0,0,0,0,239571,3,0
0,0,0,0,34,28,4260,171,0,0,0,0,0,73306,3,0
0,0,0,0,23,28,4261,171,0,0,0,0,0,232225,3,0
1,0,0,1,18,29,4262,171,0,0,0,0,0,73161,3,0
0,0,0,0,39,29,4263,171,0,0,0,0,0,274989,3,0
0,0,0,0,35,29,4264,171,0,0,0,0,0,73305,3,0
0,0,0,0,37,29,4265,171,0,0,0,0,0,73203,3,0
0,0,0,0,22,29,4266,171,0,0,0,0,0,208730,3,0
0,0,0,0,32,29,4267,171,0,0,0,0,0,275594,3,0
0,0,0,0,33,29,4268,171,0,0,0,0,0,74417,1,0
0,0,0,0,38,29,4269,171,0,0,0,0,0,70906,3,0
0,0,0,0,21,29,4270,171,0,0,0,0,0,279115,3,0
0,0,0,0,1,0,4271,485,0,0,0,0,0,186148,5,0
0,0,0,0,21,3,4272,485,0,0,0,0,0,233207,3,0
0,0,0,0,5,4,4273,485,0,0,0,0,0,236217,3,0
1,0,0,1,23,6,4274,485,0,0,0,0,0,210665,3,0
0,0,0,0,17,7,4275,485,0,0,0,0,0,255760,1,0
1,0,0,1,13,9,4276,485,0,0,0,0,0,226686,1,0
0,0,0,0,8,11,4277,485,0,0,0,0,0,262669,3,0
1,0,0,1,11,17,4278,485,0,0,0,0,0,276600,1,0
0,0,0,0,10,19,4279,485,0,0,0,0,0,250946,3,0
1,0,0,1,9,24,4280,485,0,0,0,0,0,266895,1,0
1,0,0,1,7,26,4281,485,0,0,0,0,0,256658,1,0
0,0,0,0,16,28,4282,485,0,0,0,0,0,190738,1,0
0,0,0,0,6,28,4283,485,0,0,0,0,0,251429,2,0
0,0,0,0,2,28,4284,485,0,0,0,0,0,237213,3,0
0,0,0,0,37,28,4285,485,0,0,0,0,0,262117,3,0
0,0,0,0,30,28,4286,485,0,0,0,0,0,238503,3,0
0,0,0,0,32,28,4287,485,0,0,0,0,0,211891,3,0
1,0,0,1,20,28,4288,485,0,0,0,0,0,226167,3,0
2,0,0,1,38,28,4289,485,0,0,0,0,0,272660,3,0
0,0,0,0,25,28,4290,485,0,0,0,0,0,71297,3,0
0,0,0,0,35,28,4291,485,0,0,0,0,0,276041,3,0
0,0,0,0,28,28,4292,485,0,0,0,0,0,279907,3,0
0,0,0,0,19,28,4293,485,0,0,0,0,0,263353,3,0
0,0,0,0,14,29,4294,485,0,0,0,0,0,72675,3,0
0,0,0,0,29,29,4295,485,0,0,0,0,0,277910,3,0
0,0,0,0,1,0,4296,531,0,0,0,0,0,260978,4,0
0,0,0,0,27,3,4297,531,0,0,0,0,0,276287,2,0
2,0,0,1,16,4,4298,531,0,0,0,0,0,238634,2,0
1,0,0,1,29,6,4299,531,0,0,0,0,0,276288,4,0
0,0,0,0,2,7,4300,531,0,0,0,0,0,194431,2,0
0,0,0,0,20,10,4301,531,0,0,0,0,0,212755,3,0
1,0,0,1,9,23,4302,531,0,0,0,0,0,240814,2,0
0,0,0,0,7,13,4303,531,0,0,0,0,0,268267,3,0
2,0,0,1,8,15,4304,531,0,0,0,0,0,229702,2,0
2,0,0,1,14,27,4305,531,0,0,0,0,0,253694,1,0
0,0,0,0,28,25,4306,531,0,0,0,0,0,258377,3,0
2,0,0,1,17,28,4307,531,0,0,0,0,0,220922,3,0
0,0,0,0,21,28,4308,531,0,0,0,0,0,238636,3,0
0,0,0,0,24,28,4309,531,0,0,0,0,0,266438,3,0
0,0,0,0,22,28,4310,531,0,0,0,0,0,229998,3,0
0,0,0,0,26,28,4311,531,0,0,0,0,0,243925,3,0
0,0,0,0,30,28,4312,531,0,0,0,0,0,240829,3,0
0,0,0,0,18,28,4313,531,0,0,0,0,0,211742,3,0
0,0,0,0,32,28,4314,531,0,0,0,0,0,264214,3,0
1,0,0,1,23,28,4315,531,0,0,0,0,0,245856,3,0
0,0,0,0,15,28,4316,531,0,0,0,0,0,211874,3,0
0,0,0,0,10,28,4317,531,0,0,0,0,0,216288,3,0
0,0,0,0,5,28,4318,531,0,0,0,0,0,276289,3,0
0,0,0,0,25,29,4319,531,0,0,0,0,0,263138,3,0
0,0,0,0,6,29,4320,531,0,0,0,0,0,233228,3,0
0,0,0,0,11,29,4321,531,0,0,0,0,0,238930,2,0
0,0,0,0,39,29,4322,531,0,0,0,0,0,73900,3,0
0,0,0,0,33,29,4323,531,0,0,0,0,0,276353,3,0
0,0,0,0,1,0,4324,543,0,0,0,0,0,259718,4,0
0,0,0,0,6,3,4325,543,0,0,0,0,0,210004,3,0
0,0,0,0,4,4,4326,543,0,0,0,0,0,216284,3,0
0,0,0,0,16,6,4327,543,0,0,0,0,0,263077,2,0
0,0,0,0,7,7,4328,543,0,0,0,0,0,257051,3,0
0,0,0,0,15,9,4329,543,0,0,0,0,0,223652,3,0
0,0,0,0,8,11,4330,543,0,0,0,0,0,213644,3,0
0,0,0,0,33,12,4331,543,0,0,0,0,0,246845,3,0
1,0,0,1,27,16,4332,543,0,0,0,0,0,248575,1,0
0,0,0,0,10,18,4333,543,0,0,0,0,0,256634,3,0
0,0,0,0,30,25,4334,543,0,0,0,0,0,245543,2,0
0,0,0,0,29,28,4335,543,0,0,0,0,0,236553,3,0
0,0,0,0,18,28,4336,543,0,0,0,0,0,247812,3,0
0,0,0,0,14,28,4337,543,0,0,0,0,0,234861,3,0
0,0,0,0,3,28,4338,543,0,0,0,0,0,258634,3,0
0,0,0,0,23,28,4339,543,0,0,0,0,0,224440,3,0
0,0,0,0,20,28,4340,543,0,0,0,0,0,276272,2,0
0,0,0,0,13,28,4341,543,0,0,0,0,0,188872,3,0
0,0,0,0,5,28,4342,543,0,0,0,0,0,257054,2,0
0,0,0,0,32,28,4343,543,0,0,0,0,0,240218,3,0
0,0,0,0,21,28,4344,543,0,0,0,0,0,276271,3,0
0,0,0,0,37,28,4345,543,0,0,0,0,0,277877,2,0
0,0,0,0,25,28,4346,543,0,0,0,0,0,279046,3,0
0,0,0,0,11,29,4347,543,0,0,0,0,0,244091,3,0
0,0,0,0,12,29,4348,543,0,0,0,0,0,276654,3,0
0,0,0,0,9,29,4349,543,0,0,0,0,0,251417,3,0
0,0,0,0,31,29,4350,543,0,0,0,0,0,279793,3,0
0,0,0,0,19,29,4351,543,0,0,0,0,0,271212,3,0
0,0,0,0,40,29,4352,543,0,0,0,0,0,275274,3,0
0,0,0,0,39,29,4353,543,0,0,0,0,0,262005,3,0
0,0,0,0,20,0,4354,580,0,0,0,0,0,269301,4,0
0,0,0,0,2,3,4355,580,0,0,0,0,0,278228,4,0
0,0,0,0,19,4,4356,580,0,0,0,0,0,262591,4,0
0,0,0,0,3,6,4357,580,0,0,0,0,0,229200,3,0
0,0,0,0,33,7,4358,580,0,0,0,0,0,269302,4,0
0,0,0,0,6,9,4359,580,0,0,0,0,0,269305,3,0
2,0,0,1,8,11,4360,580,0,0,0,0,0,269307,3,0
0,0,0,0,25,12,4361,580,0,0,0,0,0,260925,3,0
2,0,0,1,30,16,4362,580,0,0,0,0,0,271246,4,0
4,0,0,1,10,24,4363,580,0,0,0,0,0,265577,3,0
4,0,0,1,24,26,4364,580,0,0,0,0,0,238631,3,0
0,0,0,0,21,28,4365,580,0,0,0,0,0,276319,3,0
0,0,0,0,23,28,4366,580,0,0,0,0,0,242525,4,0
0,0,0,0,31,28,4367,580,0,0,0,0,0,251320,3,0
0,0,0,0,26,28,4368,580,0,0,0,0,0,238683,3,0
0,0,0,0,28,28,4369,580,0,0,0,0,0,238489,3,0
0,0,0,0,18,28,4370,580,0,0,0,0,0,73005,3,0
0,0,0,0,7,28,4371,580,0,0,0,0,0,269310,3,0
0,0,0,0,11,28,4372,580,0,0,0,0,0,210354,3,0
1,0,0,1,17,28,4373,580,0,0,0,0,0,73002,3,0
0,0,0,0,29,28,4374,580,0,0,0,0,0,262978,3,0
1,0,0,1,27,28,4375,580,0,0,0,0,0,73004,3,0
0,0,0,0,5,28,4376,580,0,0,0,0,0,251451,3,0
0,0,0,0,1,29,4377,580,0,0,0,0,0,189917,3,0
0,0,0,0,32,29,4378,580,0,0,0,0,0,276321,3,0
0,0,0,0,40,29,4379,580,0,0,0,0,0,269311,3,0
0,0,0,0,1,0,4380,1832,0,0,0,0,0,269096,3,0
0,0,0,0,2,3,4381,1832,0,0,0,0,0,192658,3,0
0,0,0,0,28,4,4382,1832,0,0,0,0,0,203161,3,0
0,0,0,0,4,6,4383,1832,0,0,0,0,0,263273,2,0
1,0,0,0,29,7,4384,1832,0,0,0,0,0,261745,2,0
3,0,0,1,6,9,4385,1832,0,0,0,0,0,238792,4,0
0,0,0,0,17,11,4386,1832,0,0,0,0,0,227511,3,0
1,0,0,0,7,12,4387,1832,0,0,0,0,0,228082,4,0
4,0,0,1,10,16,4388,1832,0,0,0,0,0,228245,3,0
2,0,0,1,24,24,4389,1832,0,0,0,0,0,231624,4,0
6,1,0,1,11,26,4390,1832,0,0,0,0,0,237633,2,0
0,0,0,0,32,28,4391,1832,0,0,0,0,0,233785,3,0
0,0,0,0,22,28,4392,1832,0,0,0,0,0,244491,3,0
0,0,0,0,20,28,4393,1832,0,0,0,0,0,274093,4,0
0,0,0,0,26,28,4394,1832,0,0,0,0,0,276270,3,0
0,0,0,0,33,28,4395,1832,0,0,0,0,0,208679,3,0
0,0,0,0,16,28,4396,1832,0,0,0,0,0,244233,3,0
0,0,0,0,5,28,4397,1832,0,0,0,0,0,269604,3,0
0,0,0,0,31,28,4398,1832,0,0,0,0,0,267782,3,0
2,0,0,1,9,28,4399,1832,0,0,0,0,0,267486,3,0
0,0,0,0,18,28,4400,1832,0,0,0,0,0,73013,3,0
0,0,0,0,25,28,4401,1832,0,0,0,0,0,254480,3,0
0,0,0,0,34,28,4402,1832,0,0,0,0,0,71473,3,0
0,0,0,0,27,29,4403,1832,0,0,0,0,0,70186,3,0
0,0,0,0,38,29,4404,1832,0,0,0,0,0,265198,3,0
0,0,0,0,8,29,4405,1832,0,0,0,0,0,263985,3,0
0,0,0,0,35,29,4406,1832,0,0,0,0,0,72551,3,0
0,0,0,0,39,29,4407,1832,0,0,0,0,0,75275,3,0
0,0,0,0,36,29,4408,1832,0,0,0,0,0,72128,3,0
0,0,0,0,1,0,4409,10030,0,0,0,0,0,238167,4,0
0,0,0,0,17,4,4410,10030,0,0,0,0,0,276367,4,0
1,0,0,1,20,5,4411,10030,0,0,0,0,0,236467,4,0
0,0,0,0,4,6,4412,10030,0,0,0,0,0,269912,4,0
5,1,0,1,7,23,4413,10030,0,0,0,0,0,252073,3,0
1,0,0,1,23,12,4414,10030,0,0,0,0,0,238363,4,0
0,0,0,0,5,13,4415,10030,0,0,0,0,0,276311,3,0
2,0,0,1,26,15,4416,10030,0,0,0,0,0,239925,4,0
1,0,0,1,32,16,4417,10030,0,0,0,0,0,270013,5,0
0,0,0,0,11,27,4418,10030,0,0,0,0,0,212879,3,0
1,0,0,1,10,25,4419,10030,0,0,0,0,0,279948,3,0
1,0,0,1,39,28,4420,10030,0,0,0,0,0,195262,3,0
0,0,0,0,19,28,4421,10030,0,0,0,0,0,262667,3,0
0,0,0,0,16,28,4422,10030,0,0,0,0,0,266567,3,0
0,0,0,0,25,28,4423,10030,0,0,0,0,0,278178,3,0
0,0,0,0,35,28,4424,10030,0,0,0,0,0,262939,3,0
0,0,0,0,36,28,4425,10030,0,0,0,0,0,227604,3,0
3,0,0,1,29,28,4426,10030,0,0,0,0,0,276372,4,0
1,0,0,1,8,28,4427,10030,0,0,0,0,0,212625,4,0
0,0,0,0,33,28,4428,10030,0,0,0,0,0,250926,3,0
0,0,0,0,22,28,4429,10030,0,0,0,0,0,276371,3,0
0,0,0,0,46,28,4430,10030,0,0,0,0,0,71925,3,0
0,0,0,0,40,28,4431,10030,0,0,0,0,0,251307,3,0
0,0,0,0,9,29,4432,10030,0,0,0,0,0,266446,3,0
0,0,0,0,44,29,4433,10030,0,0,0,0,0,275366,3,0
0,0,0,0,37,29,4434,10030,0,0,0,0,0,277842,3,0
0,0,0,0,43,29,4435,10030,0,0,0,0,0,279530,3,0
0,0,0,0,30,29,4436,10030,0,0,0,0,0,234383,3,0
0,0,0,0,45,29,4437,10030,0,0,0,0,0,71629,3,0
0,0,0,0,12,29,4438,10030,0,0,0,0,0,276408,3,0
0,0,0,0,21,29,4439,10030,0,0,0,0,0,73165,3,0
0,0,0,0,39,0,4440,110176,0,0,0,0,0,224491,3,0
1,0,0,1,5,4,4441,110176,0,0,0,0,0,231555,2,0
1,0,0,1,32,5,4442,110176,0,0,0,0,0,264442,3,0
0,0,0,0,27,6,4443,110176,0,0,0,0,0,73133,3,0
0,0,0,0,7,12,4444,110176,0,0,0,0,0,260683,3,0
0,0,0,0,38,13,4445,110176,0,0,0,0,0,72974,3,0
0,0,0,0,23,15,4446,110176,0,0,0,0,0,276365,2,0
1,0,0,1,43,16,4447,110176,0,0,0,0,0,244087,3,0
1,0,0,1,30,17,4448,110176,0,0,0,0,0,268916,2,0
0,0,0,0,11,19,4449,110176,0,0,0,0,0,224430,3,0
4,0,0,1,33,25,4450,110176,0,0,0,0,0,262838,2,0
0,0,0,0,13,28,4451,110176,0,0,0,0,0,255339,3,0
0,0,0,0,18,28,4452,110176,0,0,0,0,0,238560,3,0
0,0,0,0,4,28,4453,110176,0,0,0,0,0,266000,3,0
0,0,0,0,6,28,4454,110176,0,0,0,0,0,201816,3,0
0,0,0,0,1,28,4455,110176,0,0,0,0,0,251285,2,0
1,0,0,1,29,28,4456,110176,0,0,0,0,0,273771,3,0
0,0,0,0,16,28,4457,110176,0,0,0,0,0,276337,3,0
0,0,0,0,26,28,4458,110176,0,0,0,0,0,276191,3,0
0,0,0,0,10,28,4459,110176,0,0,0,0,0,198070,3,0
0,0,0,0,22,28,4460,110176,0,0,0,0,0,74874,3,0
0,0,0,0,17,28,4461,110176,0,0,0,0,0,252263,3,0
0,0,0,0,20,28,4462,110176,0,0,0,0,0,270901,3,0
0,0,0,0,35,29,4463,110176,0,0,0,0,0,276366,3,0
0,0,0,0,44,29,4464,110176,0,0,0,0,0,70237,3,0
0,0,0,0,8,29,4465,110176,0,0,0,0,0,256270,3,0
0,0,0,0,9,29,4466,110176,0,0,0,0,0,238694,3,0
0,0,0,0,19,29,4467,110176,0,0,0,0,0,243514,3,0
0,0,0,0,12,29,4468,110176,0,0,0,0,0,276190,3,0
0,0,0,0,1,0,4469,110500,0,0,0,0,0,236613,3,0
0,0,0,0,18,3,4470,110500,0,0,0,0,0,257332,3,0
0,0,0,0,3,4,4471,110500,0,0,0,0,0,242958,4,0
1,0,0,1,6,5,4472,110500,0,0,0,0,0,201860,4,0
0,0,0,0,5,6,4473,110500,0,0,0,0,0,258599,3,0
0,0,0,0,19,7,4474,110500,0,0,0,0,0,250991,4,0
0,0,0,0,27,10,4475,110500,0,0,0,0,0,251281,3,0
1,0,0,1,7,13,4476,110500,0,0,0,0,0,216260,5,0
0,0,0,0,39,15,4477,110500,0,0,0,0,0,232406,3,0
0,0,0,0,17,24,4478,110500,0,0,0,0,0,192660,3,0
4,0,0,1,9,26,4479,110500,0,0,0,0,0,251961,5,0
0,0,0,0,44,28,4480,110500,0,0,0,0,0,263153,4,0
0,0,0,0,4,28,4481,110500,0,0,0,0,0,238619,3,0
0,0,0,0,37,28,4482,110500,0,0,0,0,0,262242,3,0
0,0,0,0,25,28,4483,110500,0,0,0,0,0,269875,3,0
0,0,0,0,12,28,4484,110500,0,0,0,0,0,226524,3,0
0,0,0,0,32,28,4485,110500,0,0,0,0,0,248765,3,0
0,0,0,0,10,28,4486,110500,0,0,0,0,0,269256,3,0
1,0,0,1,21,28,4487,110500,0,0,0,0,0,251405,4,0
0,0,0,0,22,28,4488,110500,0,0,0,0,0,270461,3,0
0,0,0,0,23,28,4489,110500,0,0,0,0,0,233812,3,0
0,0,0,0,24,28,4490,110500,0,0,0,0,0,271160,3,0
0,0,0,0,15,28,4491,110500,0,0,0,0,0,73008,3,0
0,0,0,0,29,29,4492,110500,0,0,0,0,0,73010,3,0
0,0,0,0,34,29,4493,110500,0,0,0,0,0,276361,3,0
0,0,0,0,8,29,4494,110500,0,0,0,0,0,253474,3,0
0,0,0,0,13,29,4495,110500,0,0,0,0,0,222024,3,0
2,0,0,1,11,29,4496,110500,0,0,0,0,0,73007,3,0
0,0,0,0,33,29,4497,110500,0,0,0,0,0,74637,3,0
0,0,0,0,28,29,4498,110500,0,0,0,0,0,75314,3,0
0,0,0,0,1,0,4499,110502,0,0,0,0,0,209987,3,0
2,0,0,1,2,3,4500,110502,0,0,0,0,0,245287,2,0
0,0,0,0,38,4,4501,110502,0,0,0,0,0,263575,2,0
1,0,0,1,20,6,4502,110502,0,0,0,0,0,243628,4,0
0,0,0,0,3,7,4503,110502,0,0,0,0,0,264440,3,0
1,0,0,1,17,9,4504,110502,0,0,0,0,0,251373,5,0
0,0,0,0,16,11,4505,110502,0,0,0,0,0,257283,3,0
0,0,0,0,8,12,4506,110502,0,0,0,0,0,240156,3,0
0,0,0,0,34,16,4507,110502,0,0,0,0,0,262604,2,0
6,1,0,1,7,24,4508,110502,0,0,0,0,0,228859,4,0
1,0,0,1,9,26,4509,110502,0,0,0,0,0,242965,3,0
0,0,0,0,21,28,4510,110502,0,0,0,0,0,253475,3,0
0,0,0,0,26,28,4511,110502,0,0,0,0,0,225692,3,0
0,0,0,0,5,28,4512,110502,0,0,0,0,0,265465,3,0
0,0,0,0,23,28,4513,110502,0,0,0,0,0,238692,3,0
0,0,0,0,22,28,4514,110502,0,0,0,0,0,240170,3,0
0,0,0,0,11,28,4515,110502,0,0,0,0,0,199413,4,0
0,0,0,0,15,28,4516,110502,0,0,0,0,0,251287,3,0
1,0,0,1,29,28,4517,110502,0,0,0,0,0,257264,3,0
0,0,0,0,18,28,4518,110502,0,0,0,0,0,237540,3,0
0,0,0,0,19,28,4519,110502,0,0,0,0,0,262776,3,0
0,0,0,0,32,28,4520,110502,0,0,0,0,0,208470,3,0
0,0,0,0,30,28,4521,110502,0,0,0,0,0,223925,3,0
0,0,0,0,13,29,4522,110502,0,0,0,0,0,205463,3,0
0,0,0,0,28,29,4523,110502,0,0,0,0,0,246127,3,0
0,0,0,0,42,29,4524,110502,0,0,0,0,0,270940,3,0
0,0,0,0,49,29,4525,110502,0,0,0,0,0,72125,3,0
0,0,0,0,44,29,4526,110502,0,0,0,0,0,74799,3,0
0,0,0,0,4,29,4527,110502,0,0,0,0,0,239322,3,0
0,0,0,0,47,29,4528,110502,0,0,0,0,0,74182,3,0
0,0,0,0,1,0,4529,110588,0,0,0,0,0,228607,3,0
1,0,0,1,24,4,4530,110588,0,0,0,0,0,251519,3,0
1,0,0,1,16,5,4531,110588,0,0,0,0,0,228757,3,0
0,0,0,0,15,6,4532,110588,0,0,0,0,0,269314,1,0
2,0,0,1,20,23,4533,110588,0,0,0,0,0,242119,4,0
0,0,0,0,19,12,4534,110588,0,0,0,0,0,246959,3,0
1,0,0,1,25,13,4535,110588,0,0,0,0,0,237155,3,0
1,0,0,1,13,15,4536,110588,0,0,0,0,0,243881,2,0
1,0,0,1,11,16,4537,110588,0,0,0,0,0,234740,4,0
0,0,0,0,23,27,4538,110588,0,0,0,0,0,233520,3,0
4,0,0,1,9,25,4539,110588,0,0,0,0,0,269264,4,0
0,0,0,0,37,28,4540,110588,0,0,0,0,0,241240,3,0
0,0,0,0,10,28,4541,110588,0,0,0,0,0,262898,3,0
0,0,0,0,14,28,4542,110588,0,0,0,0,0,270073,3,0
0,0,0,0,3,28,4543,110588,0,0,0,0,0,270900,3,0
0,0,0,0,30,28,4544,110588,0,0,0,0,0,264208,3,0
0,0,0,0,8,28,4545,110588,0,0,0,0,0,247640,3,0
2,0,0,1,29,28,4546,110588,0,0,0,0,0,276583,3,0
1,0,0,1,17,28,4547,110588,0,0,0,0,0,250947,3,0
0,0,0,0,7,28,4548,110588,0,0,0,0,0,252014,3,0
0,0,0,0,31,28,4549,110588,0,0,0,0,0,211736,3,0
0,0,0,0,18,28,4550,110588,0,0,0,0,0,70436,3,0
0,0,0,0,4,28,4551,110588,0,0,0,0,0,264649,3,0
2,0,0,1,27,29,4552,110588,0,0,0,0,0,229267,3,0
0,0,0,0,26,29,4553,110588,0,0,0,0,0,73680,3,0
0,0,0,0,40,29,4554,110588,0,0,0,0,0,277281,3,0
0,0,0,0,32,29,4555,110588,0,0,0,0,0,252078,3,0
1,0,0,1,21,29,4556,110588,0,0,0,0,0,264215,3,0
0,0,0,0,22,29,4557,110588,0,0,0,0,0,73294,3,0
0,0,0,0,5,29,4558,110588,0,0,0,0,0,239928,3,0
0,0,0,0,34,29,4559,110588,0,0,0,0,0,238974,3,0
0,0,0,0,42,29,4560,110588,0,0,0,0,0,73495,3,0
0,0,0,0,33,0,4561,110636,0,0,0,0,0,251292,3,0
0,0,0,0,12,3,4562,110636,0,0,0,0,0,260383,1,0
0,0,0,0,3,4,4563,110636,0,0,0,0,0,199779,3,0
0,0,0,0,15,6,4564,110636,0,0,0,0,0,263649,2,0
0,0,0,0,34,7,4565,110636,0,0,0,0,0,211844,2,0
1,0,0,1,6,9,4566,110636,0,0,0,0,0,246550,2,0
0,0,0,0,25,11,4567,110636,0,0,0,0,0,192567,3,0
0,0,0,0,11,12,4568,110636,0,0,0,0,0,202088,3,0
1,0,0,1,21,16,4569,110636,0,0,0,0,0,266011,4,0
1,0,0,1,8,18,4570,110636,0,0,0,0,0,246814,4,0
1,0,0,1,24,25,4571,110636,0,0,0,0,0,221168,2,0
0,0,0,0,31,28,4572,110636,0,0,0,0,0,221753,3,0
0,0,0,0,10,28,4573,110636,0,0,0,0,0,269159,3,0
0,0,0,0,20,28,4574,110636,0,0,0,0,0,259299,3,0
1,0,0,1,19,28,4575,110636,0,0,0,0,0,231353,2,0
0,0,0,0,26,28,4576,110636,0,0,0,0,0,264529,3,0
2,0,0,1,18,28,4577,110636,0,0,0,0,0,274264,3,0
0,0,0,0,30,28,4578,110636,0,0,0,0,0,224186,3,0
0,0,0,0,23,28,4579,110636,0,0,0,0,0,252903,3,0
0,0,0,0,9,28,4580,110636,0,0,0,0,0,216823,3,0
1,0,0,1,7,28,4581,110636,0,0,0,0,0,270532,3,0
0,0,0,0,39,28,4582,110636,0,0,0,0,0,261360,3,0
0,0,0,0,46,28,4583,110636,0,0,0,0,0,278834,3,0
0,0,0,0,5,29,4584,110636,0,0,0,0,0,272497,3,0
0,0,0,0,35,29,4585,110636,0,0,0,0,0,260175,3,0
0,0,0,0,1,29,4586,110636,0,0,0,0,0,269946,3,0
0,0,0,0,45,29,4587,110636,0,0,0,0,0,74414,3,0
0,0,0,0,27,29,4588,110636,0,0,0,0,0,244509,3,0
2,0,0,1,22,29,4589,110636,0,0,0,0,0,73071,3,0
0,0,0,0,37,29,4590,110636,0,0,0,0,0,271850,3,0
0,0,0,0,29,0,4591,45,0,0,0,0,0,235840,3,0
1,0,0,1,27,3,4592,45,0,0,0,0,0,258966,3,0
0,0,0,0,4,4,4593,45,0,0,0,0,0,266872,4,0
0,0,0,0,3,6,4594,45,0,0,0,0,0,239580,3,0
0,0,0,0,32,7,4595,45,0,0,0,0,0,251870,3,0
0,0,0,0,5,9,4596,45,0,0,0,0,0,222077,3,0
0,0,0,0,19,11,4597,45,0,0,0,0,0,247246,3,0
0,0,0,0,11,12,4598,45,0,0,0,0,0,240690,3,0
0,0,0,0,10,16,4599,45,0,0,0,0,0,277954,3,0
0,0,0,0,8,18,4600,45,0,0,0,0,0,240679,4,0
5,1,0,1,9,25,4601,45,0,0,0,0,0,246430,2,0
0,0,0,0,21,28,4602,45,0,0,0,0,0,260823,3,0
0,0,0,0,6,28,4603,45,0,0,0,0,0,199304,3,0
0,0,0,0,15,28,4604,45,0,0,0,0,0,255654,4,0
1,0,0,1,37,28,4605,45,0,0,0,0,0,74310,3,0
0,0,0,0,1,28,4606,45,0,0,0,0,0,198009,3,0
1,0,0,1,51,28,4607,45,0,0,0,0,0,74566,2,0
0,0,0,0,26,28,4608,45,0,0,0,0,0,236499,3,0
0,0,0,0,16,28,4609,45,0,0,0,0,0,238744,3,0
1,0,0,1,22,28,4610,45,0,0,0,0,0,241496,3,0
0,0,0,0,23,28,4611,45,0,0,0,0,0,189342,3,0
0,0,0,0,40,28,4612,45,0,0,0,0,0,74329,3,0
0,0,0,0,18,28,4613,45,0,0,0,0,0,230658,3,0
1,0,0,1,7,29,4614,45,0,0,0,0,0,261050,4,0
0,0,0,0,36,29,4615,45,0,0,0,0,0,74706,3,0
0,0,0,0,14,29,4616,45,0,0,0,0,0,205175,3,0
0,0,0,0,1,0,4617,48,0,0,0,0,0,225116,3,0
2,0,0,1,22,3,4618,48,0,0,0,0,0,217870,3,0
0,0,0,0,13,4,4619,48,0,0,0,0,0,244263,3,0
1,0,0,1,4,6,4620,48,0,0,0,0,0,243241,4,0
0,0,0,0,17,7,4621,48,0,0,0,0,0,240716,4,0
1,0,0,1,21,23,4622,48,0,0,0,0,0,216409,2,0
1,0,0,1,99,13,4623,48,0,0,0,0,0,227236,4,0
0,0,0,0,68,14,4624,48,0,0,0,0,0,216435,5,0
1,0,0,1,8,15,4625,48,0,0,0,0,0,237238,4,0
3,0,0,1,77,27,4626,48,0,0,0,0,0,247635,4,0
3,0,0,1,11,25,4627,48,0,0,0,0,0,192505,5,0
0,0,0,0,6,28,4628,48,0,0,0,0,0,245992,3,0
0,0,0,0,26,28,4629,48,0,0,0,0,0,246457,3,0
0,0,0,0,30,28,4630,48,0,0,0,0,0,239679,3,0
0,0,0,0,5,28,4631,48,0,0,0,0,0,200752,3,0
0,0,0,0,25,28,4632,48,0,0,0,0,0,255303,3,0
1,0,0,1,7,28,4633,48,0,0,0,0,0,236632,4,0
0,0,0,0,37,28,4634,48,0,0,0,0,0,202884,3,0
0,0,0,0,81,28,4635,48,0,0,0,0,0,253002,3,0
1,0,0,1,18,28,4636,48,0,0,0,0,0,216816,3,0
0,0,0,0,14,28,4637,48,0,0,0,0,0,220532,3,0
0,0,0,0,19,28,4638,48,0,0,0,0,0,204614,3,0
0,0,0,0,16,28,4639,48,0,0,0,0,0,277244,3,0
0,0,0,0,90,29,4640,48,0,0,0,0,0,268683,3,0
0,0,0,0,23,29,4641,48,0,0,0,0,0,237669,3,0
0,0,0,0,31,0,4642,50,0,0,0,0,0,255981,3,0
0,0,0,0,26,3,4643,50,0,0,0,0,0,251335,1,0
0,0,0,0,4,4,4644,50,0,0,0,0,0,258708,3,0
0,0,0,0,39,6,4645,50,0,0,0,0,0,268913,3,0
0,0,0,0,14,7,4646,50,0,0,0,0,0,258714,3,0
0,0,0,0,10,9,4647,50,0,0,0,0,0,252794,3,0
0,0,0,0,8,11,4648,50,0,0,0,0,0,240992,3,0
3,0,0,1,98,12,4649,50,0,0,0,0,0,239978,2,0
0,0,0,0,28,16,4650,50,0,0,0,0,0,248060,3,0
0,0,0,0,19,18,4651,50,0,0,0,0,0,244634,3,0
2,0,0,1,13,25,4652,50,0,0,0,0,0,259565,3,0
1,0,0,1,15,28,4653,50,0,0,0,0,0,252442,4,0
0,0,0,0,3,28,4654,50,0,0,0,0,0,237297,3,0
0,0,0,0,77,28,4655,50,0,0,0,0,0,216799,3,0
1,0,0,1,20,28,4656,50,0,0,0,0,0,271856,3,0
0,0,0,0,1,28,4657,50,0,0,0,0,0,191628,3,0
1,0,0,1,27,28,4658,50,0,0,0,0,0,225475,3,0
0,0,0,0,16,28,4659,50,0,0,0,0,0,261539,3,0
1,0,0,1,11,28,4660,50,0,0,0,0,0,236706,3,0
0,0,0,0,9,28,4661,50,0,0,0,0,0,268464,3,0
0,0,0,0,40,28,4662,50,0,0,0,0,0,271385,3,0
0,0,0,0,46,28,4663,50,0,0,0,0,0,70824,3,0
0,0,0,0,5,28,4664,50,0,0,0,0,0,246164,3,0
0,0,0,0,25,29,4665,50,0,0,0,0,0,212886,3,0
0,0,0,0,23,29,4666,50,0,0,0,0,0,264364,3,0
1,0,0,1,22,29,4667,50,0,0,0,0,0,263929,3,0
0,0,0,0,7,29,4668,50,0,0,0,0,0,243154,3,0
0,0,0,0,61,29,4669,50,0,0,0,0,0,278287,3,0
0,0,0,0,62,29,4670,50,0,0,0,0,0,270716,3,0
0,0,0,0,99,0,4671,52,0,0,0,0,0,230872,2,0
0,0,0,0,23,4,4672,52,0,0,0,0,0,229582,3,0
0,0,0,0,5,5,4673,52,0,0,0,0,0,236403,2,0
0,0,0,0,3,6,4674,52,0,0,0,0,0,220651,2,0
0,0,0,0,19,12,4675,52,0,0,0,0,0,224490,3,0
0,0,0,0,17,13,4676,52,0,0,0,0,0,250723,3,0
1,0,0,1,4,15,4677,52,0,0,0,0,0,208268,4,0
0,0,0,0,92,16,4678,52,0,0,0,0,0,190813,3,0
1,0,0,1,21,17,4679,52,0,0,0,0,0,211110,3,0
0,0,0,0,7,19,4680,52,0,0,0,0,0,228251,3,0
3,0,0,1,11,25,4681,52,0,0,0,0,0,242458,4,0
0,0,0,0,16,28,4682,52,0,0,0,0,0,207439,3,0
0,0,0,0,28,28,4683,52,0,0,0,0,0,246350,3,0
0,0,0,0,15,28,4684,52,0,0,0,0,0,178603,3,0
0,0,0,0,22,28,4685,52,0,0,0,0,0,229668,3,0
0,0,0,0,98,28,4686,52,0,0,0,0,0,199005,3,0
0,0,0,0,18,28,4687,52,0,0,0,0,0,265695,2,0
1,0,0,1,61,28,4688,52,0,0,0,0,0,275291,3,0
1,0,0,1,35,28,4689,52,0,0,0,0,0,269312,3,0
1,0,0,1,14,28,4690,52,0,0,0,0,0,239964,3,0
0,0,0,0,89,28,4691,52,0,0,0,0,0,279880,3,0
0,0,0,0,12,28,4692,52,0,0,0,0,0,246688,3,0
0,0,0,0,66,28,4693,52,0,0,0,0,0,279200,3,0
0,0,0,0,26,29,4694,52,0,0,0,0,0,277252,3,0
0,0,0,0,56,29,4695,52,0,0,0,0,0,242664,3,0
0,0,0,0,59,29,4696,52,0,0,0,0,0,262113,3,0
0,0,0,0,32,0,4697,54,0,0,0,0,0,224836,1,0
0,0,0,0,20,3,4698,54,0,0,0,0,0,211147,2,0
0,0,0,0,27,4,4699,54,0,0,0,0,0,228349,3,0
2,0,0,1,23,5,4700,54,0,0,0,0,0,265650,2,0
0,0,0,0,5,6,4701,54,0,0,0,0,0,225410,3,0
0,0,0,0,24,7,4702,54,0,0,0,0,0,243388,3,0
0,0,0,0,77,10,4703,54,0,0,0,0,0,211408,3,0
0,0,0,0,28,13,4704,54,0,0,0,0,0,253473,4,0
1,0,0,1,8,15,4705,54,0,0,0,0,0,258683,3,0
3,0,0,1,18,24,4706,54,0,0,0,0,0,226093,3,0
1,0,0,1,9,26,4707,54,0,0,0,0,0,219932,3,0
0,0,0,0,72,28,4708,54,0,0,0,0,0,70481,3,0
0,0,0,0,13,28,4709,54,0,0,0,0,0,219145,1,0
0,0,0,0,61,28,4710,54,0,0,0,0,0,213242,3,0
0,0,0,0,4,28,4711,54,0,0,0,0,0,243497,2,0
0,0,0,0,1,28,4712,54,0,0,0,0,0,235740,3,0
0,0,0,0,16,28,4713,54,0,0,0,0,0,243481,2,0
0,0,0,0,7,28,4714,54,0,0,0,0,0,231826,3,0
1,0,0,1,10,28,4715,54,0,0,0,0,0,241095,4,0
0,0,0,0,92,28,4716,54,0,0,0,0,0,70480,3,0
0,0,0,0,17,28,4717,54,0,0,0,0,0,201179,3,0
0,0,0,0,3,28,4718,54,0,0,0,0,0,241854,3,0
0,0,0,0,21,28,4719,54,0,0,0,0,0,273936,3,0
0,0,0,0,66,29,4720,54,0,0,0,0,0,273932,3,0
0,0,0,0,26,29,4721,54,0,0,0,0,0,266257,3,0
0,0,0,0,2,29,4722,54,0,0,0,0,0,271480,3,0
3,0,0,1,91,29,4723,54,0,0,0,0,0,215333,4,0
0,0,0,0,40,0,4724,55,0,0,0,0,0,257288,4,0
1,0,0,1,27,4,4725,55,0,0,0,0,0,190324,4,0
0,0,0,0,29,5,4726,55,0,0,0,0,0,244238,3,0
1,0,0,1,30,6,4727,55,0,0,0,0,0,215147,3,0
0,0,0,0,19,12,4728,55,0,0,0,0,0,225669,3,0
0,0,0,0,25,13,4729,55,0,0,0,0,0,214658,4,0
0,0,0,0,5,15,4730,55,0,0,0,0,0,240970,3,0
0,0,0,0,11,16,4731,55,0,0,0,0,0,220421,3,0
3,0,0,1,10,17,4732,55,0,0,0,0,0,204970,3,0
1,0,0,1,22,19,4733,55,0,0,0,0,0,240332,2,0
3,0,0,1,17,25,4734,55,0,0,0,0,0,268474,2,0
0,0,0,0,8,28,4735,55,0,0,0,0,0,223866,3,0
0,0,0,0,95,28,4736,55,0,0,0,0,0,258972,3,0
0,0,0,0,31,28,4737,55,0,0,0,0,0,261573,3,0
1,0,0,1,33,28,4738,55,0,0,0,0,0,259634,5,0
0,0,0,0,90,28,4739,55,0,0,0,0,0,266803,3,0
0,0,0,0,32,28,4740,55,0,0,0,0,0,243249,3,0
0,0,0,0,6,28,4741,55,0,0,0,0,0,258615,3,0
0,0,0,0,9,28,4742,55,0,0,0,0,0,231743,4,0
0,0,0,0,21,28,4743,55,0,0,0,0,0,265194,3,0
0,0,0,0,93,28,4744,55,0,0,0,0,0,162297,3,0
0,0,0,0,4,28,4745,55,0,0,0,0,0,264509,3,0
0,0,0,0,23,28,4746,55,0,0,0,0,0,241007,3,0
0,0,0,0,77,29,4747,55,0,0,0,0,0,274270,3,0
0,0,0,0,14,29,4748,55,0,0,0,0,0,272783,3,0
0,0,0,0,99,29,4749,55,0,0,0,0,0,268396,3,0
0,0,0,0,7,29,4750,55,0,0,0,0,0,184941,3,0
0,0,0,0,1,0,4751,189,0,0,0,0,0,189908,3,0
0,0,0,0,3,3,4752,189,0,0,0,0,0,223671,3,0
0,0,0,0,31,4,4753,189,0,0,0,0,0,262394,3,0
0,0,0,0,26,6,4754,189,0,0,0,0,0,231207,3,0
0,0,0,0,22,7,4755,189,0,0,0,0,0,210381,3,0
1,0,0,1,7,23,4756,189,0,0,0,0,0,233556,2,0
0,0,0,0,20,13,4757,189,0,0,0,0,0,236898,2,0
0,0,0,0,8,14,4758,189,0,0,0,0,0,202024,3,0
1,0,0,1,80,15,4759,189,0,0,0,0,0,271019,3,0
0,0,0,0,11,27,4760,189,0,0,0,0,0,257980,4,0
3,0,0,1,9,25,4761,189,0,0,0,0,0,267861,4,0
0,0,0,0,6,28,4762,189,0,0,0,0,0,244270,3,0
0,0,0,0,15,28,4763,189,0,0,0,0,0,239770,3,0
0,0,0,0,33,28,4764,189,0,0,0,0,0,240915,3,0
0,0,0,0,2,28,4765,189,0,0,0,0,0,246656,3,0
0,0,0,0,34,28,4766,189,0,0,0,0,0,240657,4,0
0,0,0,0,10,28,4767,189,0,0,0,0,0,231836,3,0
1,0,0,1,14,28,4768,189,0,0,0,0,0,272379,2,0
0,0,0,0,24,28,4769,189,0,0,0,0,0,252021,3,0
0,0,0,0,21,28,4770,189,0,0,0,0,0,234671,3,0
0,0,0,0,23,28,4771,189,0,0,0,0,0,271420,3,0
0,0,0,0,5,28,4772,189,0,0,0,0,0,244456,3,0
0,0,0,0,4,28,4773,189,0,0,0,0,0,70482,3,0
0,0,0,0,29,29,4774,189,0,0,0,0,0,170320,3,0
0,0,0,0,16,29,4775,189,0,0,0,0,0,277704,3,0
0,0,0,0,17,29,4776,189,0,0,0,0,0,269745,3,0
0,0,0,0,19,29,4777,189,0,0,0,0,0,242280,3,0
0,0,0,0,18,29,4778,189,0,0,0,0,0,252060,3,0
0,0,0,0,66,29,4779,189,0,0,0,0,0,274089,3,0
0,0,0,0,30,29,4780,189,0,0,0,0,0,269558,3,0
1,0,0,1,82,29,4781,189,0,0,0,0,0,254819,3,0
0,0,0,0,28,29,4782,189,0,0,0,0,0,268703,3,0
0,0,0,0,1,0,4783,205,0,0,0,0,0,199904,1,0
0,0,0,0,4,4,4784,205,0,0,0,0,0,262396,2,0
0,0,0,0,30,5,4785,205,0,0,0,0,0,250779,3,0
0,0,0,0,33,6,4786,205,0,0,0,0,0,235800,2,0
0,0,0,0,27,12,4787,205,0,0,0,0,0,252315,3,0
0,0,0,0,14,13,4788,205,0,0,0,0,0,253162,3,0
0,0,0,0,32,15,4789,205,0,0,0,0,0,208535,3,0
0,0,0,0,7,16,4790,205,0,0,0,0,0,219655,3,0
1,0,0,1,11,17,4791,205,0,0,0,0,0,269276,4,0
0,0,0,0,77,19,4792,205,0,0,0,0,0,264436,3,0
2,0,0,1,20,25,4793,205,0,0,0,0,0,220165,2,0
1,0,0,1,38,28,4794,205,0,0,0,0,0,237840,3,0
0,0,0,0,15,28,4795,205,0,0,0,0,0,263647,3,0
0,0,0,0,25,28,4796,205,0,0,0,0,0,277214,3,0
0,0,0,0,79,28,4797,205,0,0,0,0,0,270485,3,0
0,0,0,0,35,28,4798,205,0,0,0,0,0,269271,3,0
1,0,0,1,6,28,4799,205,0,0,0,0,0,242332,2,0
0,0,0,0,22,28,4800,205,0,0,0,0,0,231137,3,0
0,0,0,0,9,28,4801,205,0,0,0,0,0,201285,3,0
0,0,0,0,45,28,4802,205,0,0,0,0,0,269182,3,0
0,0,0,0,12,28,4803,205,0,0,0,0,0,247289,3,0
0,0,0,0,23,28,4804,205,0,0,0,0,0,230636,3,0
0,0,0,0,16,28,4805,205,0,0,0,0,0,240343,3,0
0,0,0,0,97,29,4806,205,0,0,0,0,0,73379,2,0
0,0,0,0,19,29,4807,205,0,0,0,0,0,258533,3,0
0,0,0,0,21,29,4808,205,0,0,0,0,0,275087,3,0
0,0,0,0,5,29,4809,205,0,0,0,0,0,210384,2,0
0,0,0,0,80,29,4810,205,0,0,0,0,0,74664,3,0
0,0,0,0,10,29,4811,205,0,0,0,0,0,242755,3,0
0,0,0,0,1,0,4812,206,0,0,0,0,0,215363,2,0
0,0,0,0,27,4,4813,206,0,0,0,0,0,213404,3,0
0,0,0,0,42,5,4814,206,0,0,0,0,0,269181,3,0
0,0,0,0,3,6,4815,206,0,0,0,0,0,238009,3,0
0,0,0,0,31,23,4816,206,0,0,0,0,0,255233,3,0
1,0,0,1,38,12,4817,206,0,0,0,0,0,262937,4,0
0,0,0,0,33,13,4818,206,0,0,0,0,0,222148,4,0
0,0,0,0,6,15,4819,206,0,0,0,0,0,275163,4,0
1,0,0,1,8,16,4820,206,0,0,0,0,0,212127,4,0
1,0,0,1,14,27,4821,206,0,0,0,0,0,73853,3,0
3,0,0,1,11,25,4822,206,0,0,0,0,0,257920,5,0
0,0,0,0,18,28,4823,206,0,0,0,0,0,241937,3,0
0,0,0,0,21,28,4824,206,0,0,0,0,0,270686,3,0
0,0,0,0,23,28,4825,206,0,0,0,0,0,242392,4,0
0,0,0,0,4,28,4826,206,0,0,0,0,0,252017,3,0
0,0,0,0,34,28,4827,206,0,0,0,0,0,210940,3,0
0,0,0,0,25,28,4828,206,0,0,0,0,0,230065,3,0
0,0,0,0,29,28,4829,206,0,0,0,0,0,264409,3,0
1,0,0,1,20,28,4830,206,0,0,0,0,0,237335,3,0
3,0,0,1,35,28,4831,206,0,0,0,0,0,266585,4,0
0,0,0,0,22,28,4832,206,0,0,0,0,0,202793,3,0
0,0,0,0,82,28,4833,206,0,0,0,0,0,72029,3,0
0,0,0,0,87,28,4834,206,0,0,0,0,0,277695,4,0
0,0,0,0,15,29,4835,206,0,0,0,0,0,271458,3,0
0,0,0,0,5,29,4836,206,0,0,0,0,0,195272,3,0
1,0,0,1,7,29,4837,206,0,0,0,0,0,278230,3,0
0,0,0,0,12,29,4838,206,0,0,0,0,0,252000,3,0
0,0,0,0,80,29,4839,206,0,0,0,0,0,278326,3,0
0,0,0,0,17,29,4840,206,0,0,0,0,0,276787,3,0
0,0,0,0,72,29,4841,206,0,0,0,0,0,72322,3,0
0,0,0,0,13,29,4842,206,0,0,0,0,0,255453,3,0
0,0,0,0,9,29,4843,206,0,0,0,0,0,256453,3,0
0,0,0,0,30,0,4844,347,0,0,0,0,0,210676,4,0
0,0,0,0,12,3,4845,347,0,0,0,0,0,227222,3,0
0,0,0,0,6,4,4846,347,0,0,0,0,0,268573,3,0
0,0,0,0,4,6,4847,347,0,0,0,0,0,275783,4,0
0,0,0,0,25,7,4848,347,0,0,0,0,0,244717,2,0
0,0,0,0,20,9,4849,347,0,0,0,0,0,243787,2,0
0,0,0,0,75,11,4850,347,0,0,0,0,0,266501,2,0
0,0,0,0,10,12,4851,347,0,0,0,0,0,233265,3,0
0,0,0,0,22,16,4852,347,0,0,0,0,0,271197,3,0
0,0,0,0,8,18,4853,347,0,0,0,0,0,251790,3,0
2,0,0,1,9,25,4854,347,0,0,0,0,0,277839,2,0
0,0,0,0,77,28,4855,347,0,0,0,0,0,263469,3,0
0,0,0,0,14,28,4856,347,0,0,0,0,0,263657,3,0
0,0,0,0,2,28,4857,347,0,0,0,0,0,247412,3,0
1,0,0,1,13,28,4858,347,0,0,0,0,0,277432,2,0
0,0,0,0,1,28,4859,347,0,0,0,0,0,235266,3,0
0,0,0,0,11,28,4860,347,0,0,0,0,0,201858,3,0
0,0,0,0,7,28,4861,347,0,0,0,0,0,239671,3,0
0,0,0,0,3,28,4862,347,0,0,0,0,0,220018,2,0
0,0,0,0,23,28,4863,347,0,0,0,0,0,277636,3,0
0,0,0,0,98,28,4864,347,0,0,0,0,0,277734,3,0
0,0,0,0,32,28,4865,347,0,0,0,0,0,278623,3,0
0,0,0,0,21,28,4866,347,0,0,0,0,0,235290,3,0
0,0,0,0,19,29,4867,347,0,0,0,0,0,270888,3,0
0,0,0,0,29,29,4868,347,0,0,0,0,0,230107,2,0
0,0,0,0,5,29,4869,347,0,0,0,0,0,271198,3,0
0,0,0,0,40,29,4870,347,0,0,0,0,0,70163,3,0
0,0,0,0,16,29,4871,347,0,0,0,0,0,271196,3,0
0,0,0,0,36,29,4872,347,0,0,0,0,0,246649,3,0
0,0,0,0,27,29,4873,347,0,0,0,0,0,263714,3,0
0,0,0,0,50,29,4874,347,0,0,0,0,0,253139,3,0
0,0,0,0,1,0,4875,1745,0,0,0,0,0,228413,3,0
0,0,0,0,6,3,4876,1745,0,0,0,0,0,268673,3,0
0,0,0,0,93,4,4877,1745,0,0,0,0,0,211557,3,0
0,0,0,0,13,6,4878,1745,0,0,0,0,0,237586,2,0
0,0,0,0,18,7,4879,1745,0,0,0,0,0,205566,3,0
0,0,0,0,36,9,4880,1745,0,0,0,0,0,221331,3,0
0,0,0,0,23,11,4881,1745,0,0,0,0,0,267991,3,0
2,0,0,1,7,12,4882,1745,0,0,0,0,0,235949,4,0
1,0,0,1,16,16,4883,1745,0,0,0,0,0,263882,2,0
0,0,0,0,79,18,4884,1745,0,0,0,0,0,277846,4,0
4,1,0,1,10,25,4885,1745,0,0,0,0,0,237715,2,0
0,0,0,0,20,28,4886,1745,0,0,0,0,0,199564,2,0
0,0,0,0,2,28,4887,1745,0,0,0,0,0,210719,2,0
0,0,0,0,5,28,4888,1745,0,0,0,0,0,223524,3,0
0,0,0,0,3,28,4889,1745,0,0,0,0,0,252704,3,0
0,0,0,0,25,28,4890,1745,0,0,0,0,0,24630,3,0
0,0,0,0,27,28,4891,1745,0,0,0,0,0,258505,3,0
0,0,0,0,26,28,4892,1745,0,0,0,0,0,262906,3,0
0,0,0,0,33,28,4893,1745,0,0,0,0,0,254579,3,0
1,0,0,1,11,28,4894,1745,0,0,0,0,0,208596,3,0
0,0,0,0,22,28,4895,1745,0,0,0,0,0,186611,3,0
0,0,0,0,77,28,4896,1745,0,0,0,0,0,251464,2,0
0,0,0,0,8,28,4897,1745,0,0,0,0,0,205407,3,0
0,0,0,0,94,29,4898,1745,0,0,0,0,0,253120,3,0
0,0,0,0,67,29,4899,1745,0,0,0,0,0,238474,3,0
0,0,0,0,90,29,4900,1745,0,0,0,0,0,196889,3,0
0,0,0,0,14,29,4901,1745,0,0,0,0,0,74705,3,0
0,0,0,0,17,29,4902,1745,0,0,0,0,0,213829,3,0
0,0,0,0,9,29,4903,1745,0,0,0,0,0,268674,3,0
0,0,0,0,23,0,4904,1746,0,0,0,0,0,233189,4,0
0,0,0,0,2,4,4905,1746,0,0,0,0,0,70252,2,0
0,0,0,0,34,5,4906,1746,0,0,0,0,0,258782,2,0
0,0,0,0,21,6,4907,1746,0,0,0,0,0,264044,2,0
2,0,0,1,11,12,4908,1746,0,0,0,0,0,220491,3,0
0,0,0,0,6,13,4909,1746,0,0,0,0,0,219952,3,0
0,0,0,0,93,15,4910,1746,0,0,0,0,0,236838,3,0
0,0,0,0,3,16,4911,1746,0,0,0,0,0,230681,2,0
0,0,0,0,10,17,4912,1746,0,0,0,0,0,266596,3,0
2,0,0,1,99,19,4913,1746,0,0,0,0,0,247888,4,0
2,0,0,1,29,25,4914,1746,0,0,0,0,0,256899,3,0
0,0,0,0,5,28,4915,1746,0,0,0,0,0,220475,3,0
0,0,0,0,22,28,4916,1746,0,0,0,0,0,206058,3,0
0,0,0,0,15,28,4917,1746,0,0,0,0,0,278013,3,0
0,0,0,0,13,28,4918,1746,0,0,0,0,0,242429,3,0
0,0,0,0,1,28,4919,1746,0,0,0,0,0,230858,3,0
0,0,0,0,27,28,4920,1746,0,0,0,0,0,239732,3,0
0,0,0,0,32,28,4921,1746,0,0,0,0,0,225117,3,0
0,0,0,0,8,28,4922,1746,0,0,0,0,0,248474,3,0
0,0,0,0,17,28,4923,1746,0,0,0,0,0,242090,2,0
0,0,0,0,98,28,4924,1746,0,0,0,0,0,257580,3,0
0,0,0,0,35,28,4925,1746,0,0,0,0,0,278319,3,0
0,0,0,0,24,28,4926,1746,0,0,0,0,0,224213,3,0
0,0,0,0,7,29,4927,1746,0,0,0,0,0,223570,3,0
0,0,0,0,16,29,4928,1746,0,0,0,0,0,270507,3,0
0,0,0,0,97,29,4929,1746,0,0,0,0,0,278181,3,0
0,0,0,0,19,29,4930,1746,0,0,0,0,0,271923,3,0
0,0,0,0,9,29,4931,1746,0,0,0,0,0,238873,3,0
0,0,0,0,22,0,4932,1842,0,0,0,0,0,220048,4,0
0,0,0,0,37,3,4933,1842,0,0,0,0,0,222388,3,0
0,0,0,0,28,4,4934,1842,0,0,0,0,0,252964,3,0
0,0,0,0,26,5,4935,1842,0,0,0,0,0,220523,4,0
0,0,0,0,6,6,4936,1842,0,0,0,0,0,220534,2,0
0,0,0,0,3,7,4937,1842,0,0,0,0,0,240100,2,0
0,0,0,0,16,10,4938,1842,0,0,0,0,0,272725,3,0
0,0,0,0,14,13,4939,1842,0,0,0,0,0,229743,3,0
2,0,0,1,18,15,4940,1842,0,0,0,0,0,235813,4,0
0,0,0,0,77,24,4941,1842,0,0,0,0,0,259011,3,0
2,0,0,1,91,26,4942,1842,0,0,0,0,0,248385,4,0
0,0,0,0,29,28,4943,1842,0,0,0,0,0,270597,2,0
0,0,0,0,24,28,4944,1842,0,0,0,0,0,217196,3,0
0,0,0,0,23,28,4945,1842,0,0,0,0,0,224302,3,0
1,0,0,1,19,28,4946,1842,0,0,0,0,0,252440,2,0
0,0,0,0,71,28,4947,1842,0,0,0,0,0,73838,3,0
0,0,0,0,70,28,4948,1842,0,0,0,0,0,246877,3,0
0,0,0,0,8,28,4949,1842,0,0,0,0,0,254982,2,0
0,0,0,0,9,28,4950,1842,0,0,0,0,0,211302,3,0
0,0,0,0,30,28,4951,1842,0,0,0,0,0,205850,3,0
0,0,0,0,1,28,4952,1842,0,0,0,0,0,271199,3,0
0,0,0,0,31,28,4953,1842,0,0,0,0,0,277628,3,0
0,0,0,0,33,28,4954,1842,0,0,0,0,0,266636,3,0
0,0,0,0,21,29,4955,1842,0,0,0,0,0,226592,3,0
0,0,0,0,97,29,4956,1842,0,0,0,0,0,248857,3,0
0,0,0,0,10,29,4957,1842,0,0,0,0,0,173160,2,0
0,0,0,0,80,29,4958,1842,0,0,0,0,0,70049,3,0
0,0,0,0,43,0,4959,110374,0,0,0,0,0,193080,5,0
1,0,0,1,28,4,4960,110374,0,0,0,0,0,228708,3,0
0,0,0,0,5,5,4961,110374,0,0,0,0,0,238370,3,0
1,0,0,1,3,6,4962,110374,0,0,0,0,0,201389,3,0
0,0,0,0,2,12,4963,110374,0,0,0,0,0,234112,4,0
0,0,0,0,32,13,4964,110374,0,0,0,0,0,211361,3,0
0,0,0,0,8,15,4965,110374,0,0,0,0,0,225439,3,0
1,0,0,1,21,16,4966,110374,0,0,0,0,0,223697,4,0
0,0,0,0,23,17,4967,110374,0,0,0,0,0,251988,3,0
3,0,0,1,10,19,4968,110374,0,0,0,0,0,238004,4,0
2,0,0,1,20,25,4969,110374,0,0,0,0,0,236610,3,0
0,0,0,0,65,28,4970,110374,0,0,0,0,0,258976,3,0
0,0,0,0,6,28,4971,110374,0,0,0,0,0,240777,4,0
0,0,0,0,33,28,4972,110374,0,0,0,0,0,277869,3,0
0,0,0,0,15,28,4973,110374,0,0,0,0,0,278340,4,0
0,0,0,0,1,28,4974,110374,0,0,0,0,0,205812,3,0
0,0,0,0,4,28,4975,110374,0,0,0,0,0,262171,4,0
0,0,0,0,24,28,4976,110374,0,0,0,0,0,262236,3,0
0,0,0,0,7,28,4977,110374,0,0,0,0,0,246431,3,0
0,0,0,0,99,28,4978,110374,0,0,0,0,0,235866,3,0
0,0,0,0,53,28,4979,110374,0,0,0,0,0,236758,3,0
0,0,0,0,30,28,4980,110374,0,0,0,0,0,275325,3,0
0,0,0,0,22,28,4981,110374,0,0,0,0,0,276820,3,0
1,0,0,1,29,29,4982,110374,0,0,0,0,0,243627,4,0
0,0,0,0,11,29,4983,110374,0,0,0,0,0,234612,3,0
0,0,0,0,9,29,4984,110374,0,0,0,0,0,246258,3,0
0,0,0,0,95,0,4985,110556,0,0,0,0,0,211515,1,0
0,0,0,0,20,3,4986,110556,0,0,0,0,0,206159,3,0
1,0,0,1,4,4,4987,110556,0,0,0,0,0,265774,1,0
0,0,0,0,13,5,4988,110556,0,0,0,0,0,224378,3,0
0,0,0,0,22,6,4989,110556,0,0,0,0,0,244349,1,0
0,0,0,0,3,7,4990,110556,0,0,0,0,0,236295,2,0
0,0,0,0,47,10,4991,110556,0,0,0,0,0,201144,3,0
0,0,0,0,23,13,4992,110556,0,0,0,0,0,268802,2,0
0,0,0,0,32,15,4993,110556,0,0,0,0,0,242633,3,0
1,0,0,1,19,24,4994,110556,0,0,0,0,0,235842,2,0
0,0,0,0,9,26,4995,110556,0,0,0,0,0,263829,2,0
0,0,0,0,53,28,4996,110556,0,0,0,0,0,74927,3,0
0,0,0,0,59,28,4997,110556,0,0,0,0,0,268656,3,0
1,0,0,1,14,28,4998,110556,0,0,0,0,0,245566,2,0
0,0,0,0,33,28,4999,110556,0,0,0,0,0,274082,3,0
0,0,0,0,1,28,5000,110556,0,0,0,0,0,201299,3,0
0,0,0,0,2,28,5001,110556,0,0,0,0,0,222475,2,0
0,0,0,0,8,28,5002,110556,0,0,0,0,0,234894,1,0
1,0,0,1,10,28,5003,110556,0,0,0,0,0,240938,3,0
0,0,0,0,18,28,5004,110556,0,0,0,0,0,239795,3,0
0,0,0,0,39,28,5005,110556,0,0,0,0,0,225432,3,0
0,0,0,0,99,28,5006,110556,0,0,0,0,0,70524,3,0
0,0,0,0,27,28,5007,110556,0,0,0,0,0,276477,3,0
0,0,0,0,15,29,5008,110556,0,0,0,0,0,260653,3,0
0,0,0,0,17,29,5009,110556,0,0,0,0,0,231969,3,0
0,0,0,0,73,29,5010,110556,0,0,0,0,0,276485,3,0
0,0,0,0,72,29,5011,110556,0,0,0,0,0,237382,3,0
0,0,0,0,55,29,5012,110556,0,0,0,0,0,274721,3,0
0,0,0,0,30,29,5013,110556,0,0,0,0,0,260789,3,0
1,0,0,1,21,29,5014,110556,0,0,0,0,0,74485,3,0
0,0,0,0,30,0,5015,111811,0,0,0,0,0,254502,3,0
0,0,0,0,4,4,5016,111811,0,0,0,0,0,216145,2,0
0,0,0,0,22,5,5017,111811,0,0,0,0,0,206654,2,0
0,0,0,0,5,6,5018,111811,0,0,0,0,0,199776,3,0
0,0,0,0,19,12,5019,111811,0,0,0,0,0,237003,3,0
0,0,0,0,32,13,5020,111811,0,0,0,0,0,239613,2,0
0,0,0,0,38,15,5021,111811,0,0,0,0,0,257353,4,0
0,0,0,0,77,16,5022,111811,0,0,0,0,0,253213,2,0
0,0,0,0,10,17,5023,111811,0,0,0,0,0,202848,3,0
1,0,0,1,14,19,5024,111811,0,0,0,0,0,255611,4,0
2,0,0,1,11,25,5025,111811,0,0,0,0,0,192840,4,0
0,0,0,0,12,28,5026,111811,0,0,0,0,0,229857,3,0
0,0,0,0,6,28,5027,111811,0,0,0,0,0,212153,3,0
0,0,0,0,33,28,5028,111811,0,0,0,0,0,198946,3,0
0,0,0,0,44,28,5029,111811,0,0,0,0,0,257000,4,0
0,0,0,0,21,28,5030,111811,0,0,0,0,0,268875,3,0
0,0,0,0,84,28,5031,111811,0,0,0,0,0,219812,3,0
0,0,0,0,27,28,5032,111811,0,0,0,0,0,205089,3,0
2,0,0,1,47,28,5033,111811,0,0,0,0,0,234147,4,0
0,0,0,0,37,28,5034,111811,0,0,0,0,0,215689,3,0
0,0,0,0,1,28,5035,111811,0,0,0,0,0,205659,3,0
0,0,0,0,69,28,5036,111811,0,0,0,0,0,70251,3,0
0,0,0,0,42,28,5037,111811,0,0,0,0,0,271477,2,0
0,0,0,0,20,29,5038,111811,0,0,0,0,0,268437,3,0
0,0,0,0,13,29,5039,111811,0,0,0,0,0,230824,2,0
0,0,0,0,17,29,5040,111811,0,0,0,0,0,236213,3,0
0,0,0,0,24,29,5041,111811,0,0,0,0,0,258027,3,0
0,0,0,0,80,29,5042,111811,0,0,0,0,0,265595,3,0
0,0,0,0,94,0,5043,115841,0,0,0,0,0,224987,1,0
0,0,0,0,29,3,5044,115841,0,0,0,0,0,235374,3,0
1,0,0,1,34,4,5045,115841,0,0,0,0,0,268804,3,0
0,0,0,0,13,6,5046,115841,0,0,0,0,0,210413,2,0
0,0,0,0,30,7,5047,115841,0,0,0,0,0,251530,4,0
1,0,0,1,8,9,5048,115841,0,0,0,0,0,236496,4,0
0,0,0,0,6,11,5049,115841,0,0,0,0,0,255001,4,0
1,0,0,1,18,12,5050,115841,0,0,0,0,0,248729,4,0
2,0,0,1,10,16,5051,115841,0,0,0,0,0,220502,4,0
3,0,0,1,19,18,5052,115841,0,0,0,0,0,246242,3,0
3,0,0,1,11,25,5053,115841,0,0,0,0,0,237712,2,0
0,0,0,0,22,28,5054,115841,0,0,0,0,0,225014,3,0
0,0,0,0,77,28,5055,115841,0,0,0,0,0,224031,3,0
0,0,0,0,4,28,5056,115841,0,0,0,0,0,206098,3,0
0,0,0,0,2,28,5057,115841,0,0,0,0,0,219581,3,0
0,0,0,0,35,28,5058,115841,0,0,0,0,0,278032,3,0
0,0,0,0,5,28,5059,115841,0,0,0,0,0,219985,3,0
0,0,0,0,7,28,5060,115841,0,0,0,0,0,258890,3,0
0,0,0,0,20,28,5061,115841,0,0,0,0,0,264880,3,0
1,0,0,1,14,28,5062,115841,0,0,0,0,0,264257,3,0
0,0,0,0,55,28,5063,115841,0,0,0,0,0,270217,3,0
0,0,0,0,23,28,5064,115841,0,0,0,0,0,210864,3,0
0,0,0,0,3,28,5065,115841,0,0,0,0,0,243237,3,0
0,0,0,0,92,29,5066,115841,0,0,0,0,0,205343,3,0
0,0,0,0,26,29,5067,115841,0,0,0,0,0,245275,3,0
0,0,0,0,28,29,5068,115841,0,0,0,0,0,245639,3,0
0,0,0,0,96,29,5069,115841,0,0,0,0,0,73162,3,0
1,0,0,1,9,29,5070,115841,0,0,0,0,0,189505,5,0
0,0,0,0,95,29,5071,115841,0,0,0,0,0,273934,3,0
0,0,0,0,29,0,5072,115845,0,0,0,0,0,252154,3,0
0,0,0,0,4,4,5073,115845,0,0,0,0,0,260697,4,0
0,0,0,0,19,5,5074,115845,0,0,0,0,0,208165,3,0
0,0,0,0,23,6,5075,115845,0,0,0,0,0,207993,5,0
1,0,0,1,77,12,5076,115845,0,0,0,0,0,216150,4,0
1,0,0,1,15,13,5077,115845,0,0,0,0,0,208461,5,0
1,0,0,1,13,15,5078,115845,0,0,0,0,0,266866,5,0
0,0,0,0,22,16,5079,115845,0,0,0,0,0,259584,3,0
1,0,0,1,17,18,5080,115845,0,0,0,0,0,251470,4,0
7,1,0,1,32,24,5081,115845,0,0,0,1,0,241850,5,0
2,0,0,1,11,26,5082,115845,0,0,0,0,0,230899,4,0
2,0,0,1,44,28,5083,115845,0,0,0,0,0,257785,3,0
0,0,0,0,3,28,5084,115845,0,0,0,0,0,246875,3,0
0,0,0,0,16,28,5085,115845,0,0,0,0,0,247229,4,0
0,0,0,0,5,28,5086,115845,0,0,0,0,0,225793,3,0
0,0,0,0,28,28,5087,115845,0,0,0,0,0,178005,3,0
0,0,0,0,8,28,5088,115845,0,0,0,0,0,223273,4,0
1,0,0,1,24,28,5089,115845,0,0,0,0,0,256115,3,0
0,0,0,0,7,28,5090,115845,0,0,0,0,0,193082,3,0
0,0,0,0,10,28,5091,115845,0,0,0,0,0,238067,3,0
0,0,0,0,31,28,5092,115845,0,0,0,0,0,194894,3,0
0,0,0,0,2,28,5093,115845,0,0,0,0,0,187598,3,0
0,0,0,0,42,28,5094,115845,0,0,0,0,0,265188,3,0
0,0,0,0,21,29,5095,115845,0,0,0,0,0,258407,3,0
0,0,0,0,6,29,5096,115845,0,0,0,0,0,271577,3,0
0,0,0,0,25,29,5097,115845,0,0,0,0,0,74576,3,0
0,0,0,0,74,29,5098,115845,0,0,0,0,0,228698,3,0
0,0,0,0,46,29,5099,115845,0,0,0,0,0,279574,3,0
0,0,0,0,27,29,5100,115845,0,0,0,0,0,278339,3,0
0,0,0,0,9,29,5101,115845,0,0,0,0,0,226710,3,0
0,0,0,0,48,29,5102,115845,0,0,0,0,0,74924,3,0
0,0,0,0,16,0,5103,131681,0,0,0,0,0,215698,4,0
0,0,0,0,22,3,5104,131681,0,0,0,0,0,247204,2,0
1,0,0,1,46,4,5105,131681,0,0,0,0,0,240277,3,0
0,0,0,0,23,6,5106,131681,0,0,0,0,0,232756,1,0
2,0,0,1,19,7,5107,131681,0,0,0,0,0,232656,1,0
5,1,0,1,11,12,5108,131681,0,0,0,0,0,227796,4,0
0,0,0,0,14,13,5109,131681,0,0,0,0,0,240638,3,0
1,0,0,1,29,15,5110,131681,0,0,0,0,0,245630,2,0
1,0,0,1,10,16,5111,131681,0,0,0,0,0,241721,2,0
2,0,0,1,7,24,5112,131681,0,0,0,0,0,201153,2,0
1,0,0,1,90,26,5113,131681,0,0,0,0,0,231352,2,0
0,0,0,0,8,28,5114,131681,0,0,0,0,0,213666,3,0
0,0,0,0,80,28,5115,131681,0,0,0,0,0,253177,3,0
0,0,0,0,2,28,5116,131681,0,0,0,0,0,228881,3,0
1,0,0,1,31,28,5117,131681,0,0,0,0,0,254840,3,0
0,0,0,0,96,28,5118,131681,0,0,0,0,0,72179,3,0
0,0,0,0,21,28,5119,131681,0,0,0,0,0,246172,3,0
0,0,0,0,4,28,5120,131681,0,0,0,0,0,226754,3,0
0,0,0,0,9,28,5121,131681,0,0,0,0,0,232432,3,0
1,0,0,1,17,28,5122,131681,0,0,0,0,0,242530,3,0
0,0,0,0,69,28,5123,131681,0,0,0,0,0,278331,3,0
0,0,0,0,57,28,5124,131681,0,0,0,0,0,216065,3,0
0,0,0,0,28,28,5125,131681,0,0,0,0,0,256261,3,0
0,0,0,0,24,29,5126,131681,0,0,0,0,0,203551,3,0
0,0,0,0,20,29,5127,131681,0,0,0,0,0,278928,3,0
0,0,0,0,5,29,5128,131681,0,0,0,0,0,236723,3,0
0,0,0,0,33,29,5129,131681,0,0,0,0,0,278237,3,0
0,0,0,0,18,29,5130,131681,0,0,0,0,0,278351,3,0
0,0,0,0,42,29,5131,131681,0,0,0,0,0,271579,3,0
0,0,0,0,30,29,5132,131681,0,0,0,0,0,74094,3,0
0,0,0,0,70,29,5133,131681,0,0,0,0,0,277013,3,0
0,0,0,0,27,29,5134,131681,0,0,0,0,0,213135,3,0
0,0,0,0,1,0,5135,131682,0,0,0,0,0,177683,2,0
1,0,0,1,2,3,5136,131682,0,0,0,0,0,233096,3,0
0,0,0,0,28,4,5137,131682,0,0,0,0,0,226851,4,0
0,0,0,0,15,5,5138,131682,0,0,0,0,0,199845,5,0
0,0,0,0,95,6,5139,131682,0,0,0,0,0,237383,5,0
1,0,0,1,32,7,5140,131682,0,0,0,0,0,226268,4,0
1,0,0,1,20,10,5141,131682,0,0,0,0,0,208128,4,0
1,0,0,1,23,13,5142,131682,0,0,0,0,0,224232,3,0
0,0,0,0,22,15,5143,131682,0,0,0,0,0,192883,3,0
2,0,0,1,10,24,5144,131682,0,0,0,0,0,231478,3,0
7,1,0,1,9,26,5145,131682,0,0,0,1,0,228093,5,0
1,0,0,1,16,28,5146,131682,0,0,0,0,0,239807,3,0
0,0,0,0,6,28,5147,131682,0,0,0,0,0,198176,3,0
1,0,0,1,36,28,5148,131682,0,0,0,0,0,184392,3,0
0,0,0,0,31,28,5149,131682,0,0,0,0,0,241736,2,0
0,0,0,0,13,28,5150,131682,0,0,0,0,0,243311,3,0
0,0,0,0,7,28,5151,131682,0,0,0,0,0,210406,3,0
0,0,0,0,30,28,5152,131682,0,0,0,0,0,258648,3,0
0,0,0,0,8,28,5153,131682,0,0,0,0,0,184200,3,0
0,0,0,0,99,28,5154,131682,0,0,0,0,0,241788,3,0
0,0,0,0,12,28,5155,131682,0,0,0,0,0,219715,3,0
0,0,0,0,97,28,5156,131682,0,0,0,0,0,234102,3,0
0,0,0,0,42,28,5157,131682,0,0,0,0,0,268558,3,0
0,0,0,0,21,29,5158,131682,0,0,0,0,0,264699,3,0
0,0,0,0,17,29,5159,131682,0,0,0,0,0,246800,3,0
0,0,0,0,11,29,5160,131682,0,0,0,0,0,215330,3,0
0,0,0,0,26,0,5161,1744,0,0,0,0,0,230925,2,0
0,0,0,0,18,3,5162,1744,0,0,0,0,0,261243,3,0
0,0,0,0,23,4,5163,1744,0,0,0,0,0,220477,4,0
1,0,0,1,19,6,5164,1744,0,0,0,0,0,268754,3,0
0,0,0,0,29,7,5165,1744,0,0,0,0,0,232271,3,0
1,0,0,1,8,13,5166,1744,0,0,0,0,0,242411,4,0
0,0,0,0,16,14,5167,1744,0,0,0,0,0,225428,3,0
0,0,0,0,5,15,5168,1744,0,0,0,0,0,270956,3,0
2,0,0,1,10,17,5169,1744,0,0,0,0,0,224982,5,0
2,0,0,1,11,19,5170,1744,0,0,0,0,0,254824,3,0
0,0,0,0,9,25,5171,1744,0,0,0,0,0,220065,3,0
0,0,0,0,6,28,5172,1744,0,0,0,0,0,259058,3,0
0,0,0,0,31,28,5173,1744,0,0,0,0,0,203888,3,0
0,0,0,0,4,28,5174,1744,0,0,0,0,0,268923,3,0
1,0,0,1,27,28,5175,1744,0,0,0,0,0,73095,4,0
0,0,0,0,78,28,5176,1744,0,0,0,0,0,73417,3,0
0,0,0,0,20,28,5177,1744,0,0,0,0,0,258788,3,0
1,0,0,1,21,28,5178,1744,0,0,0,0,0,277030,3,0
2,0,0,1,90,28,5179,1744,0,0,0,0,0,270098,4,0
1,0,0,1,92,28,5180,1744,0,0,0,0,0,202851,3,0
0,0,0,0,1,28,5181,1744,0,0,0,0,0,74076,3,0
0,0,0,0,25,28,5182,1744,0,0,0,0,0,72097,3,0
0,0,0,0,33,28,5183,1744,0,0,0,0,0,252746,3,0
1,0,0,1,2,29,5184,1744,0,0,0,0,0,73767,3,0
0,0,0,0,3,29,5185,1744,0,0,0,0,0,268937,3,0
0,0,0,0,7,29,5186,1744,0,0,0,0,0,268926,3,0
0,0,0,0,99,29,5187,1744,0,0,0,0,0,251931,3,0
0,0,0,0,33,0,5188,1837,0,0,0,0,0,190745,2,0
2,0,0,1,18,3,5189,1837,0,0,0,0,0,220509,3,0
0,0,0,0,24,4,5190,1837,0,0,0,0,0,199763,3,0
0,0,0,0,6,5,5191,1837,0,0,0,0,0,198857,3,0
0,0,0,0,31,6,5192,1837,0,0,0,0,0,270655,3,0
2,0,0,1,44,7,5193,1837,0,0,0,0,0,213685,4,0
0,0,0,0,28,10,5194,1837,0,0,0,0,0,266069,4,0
0,0,0,0,15,13,5195,1837,0,0,0,0,0,70471,3,0
0,0,0,0,7,15,5196,1837,0,0,0,0,0,220933,3,0
2,0,0,1,10,24,5197,1837,0,0,0,0,0,220528,3,0
4,1,0,1,9,26,5198,1837,0,0,0,1,0,185144,4,0
0,0,0,0,4,28,5199,1837,0,0,0,0,0,233943,3,0
0,0,0,0,17,28,5200,1837,0,0,0,0,0,239512,3,0
0,0,0,0,23,28,5201,1837,0,0,0,0,0,235834,2,0
0,0,0,0,21,28,5202,1837,0,0,0,0,0,270088,3,0
0,0,0,0,30,28,5203,1837,0,0,0,0,0,173165,3,0
0,0,0,0,14,28,5204,1837,0,0,0,0,0,197900,3,0
0,0,0,0,80,28,5205,1837,0,0,0,0,0,244672,3,0
0,0,0,0,11,28,5206,1837,0,0,0,0,0,266158,3,0
0,0,0,0,16,28,5207,1837,0,0,0,0,0,186200,3,0
0,0,0,0,22,28,5208,1837,0,0,0,0,0,270756,3,0
0,0,0,0,1,28,5209,1837,0,0,0,0,0,71396,3,0
0,0,0,0,25,28,5210,1837,0,0,0,0,0,219852,3,0
0,0,0,0,5,29,5211,1837,0,0,0,0,0,278014,1,0
0,0,0,0,3,29,5212,1837,0,0,0,0,0,220493,3,0
0,0,0,0,72,29,5213,1837,0,0,0,0,0,276443,3,0
0,0,0,0,8,29,5214,1837,0,0,0,0,0,208424,3,0
0,0,0,0,29,29,5215,1837,0,0,0,0,0,257777,3,0
0,0,0,0,84,29,5216,1837,0,0,0,0,0,276798,3,0
0,0,0,0,43,29,5217,1837,0,0,0,0,0,279578,3,0
0,0,0,0,20,29,5218,1837,0,0,0,0,0,228378,3,0
0,0,0,0,1,0,5219,1843,0,0,0,0,0,276839,2,0
1,0,0,1,23,3,5220,1843,0,0,0,0,0,270133,2,0
0,0,0,0,32,4,5221,1843,0,0,0,0,0,219956,3,0
0,0,0,0,43,6,5222,1843,0,0,0,0,0,237040,2,0
0,0,0,0,3,7,5223,1843,0,0,0,0,0,261313,2,0
0,0,0,0,6,9,5224,1843,0,0,0,0,0,245035,2,0
0,0,0,0,28,11,5225,1843,0,0,0,0,0,222982,3,0
2,0,0,1,11,12,5226,1843,0,0,0,0,0,212381,2,0
0,0,0,0,17,16,5227,1843,0,0,0,0,0,213814,3,0
0,0,0,0,10,18,5228,1843,0,0,0,0,0,244874,3,0
1,0,0,1,9,25,5229,1843,0,0,0,0,0,253019,2,0
1,0,0,1,8,28,5230,1843,0,0,0,0,0,244836,2,0
0,0,0,0,5,28,5231,1843,0,0,0,0,0,204447,3,0
0,0,0,0,18,28,5232,1843,0,0,0,0,0,242614,3,0
0,0,0,0,27,28,5233,1843,0,0,0,0,0,270926,3,0
0,0,0,0,46,28,5234,1843,0,0,0,0,0,168435,3,0
0,0,0,0,26,28,5235,1843,0,0,0,0,0,205531,3,0
0,0,0,0,14,28,5236,1843,0,0,0,0,0,276451,3,0
1,0,0,1,7,28,5237,1843,0,0,0,0,0,220517,2,0
1,0,0,1,20,28,5238,1843,0,0,0,0,0,231835,3,0
0,0,0,0,77,28,5239,1843,0,0,0,0,0,73847,3,0
0,0,0,0,16,28,5240,1843,0,0,0,0,0,201976,3,0
0,0,0,0,12,28,5241,1843,0,0,0,0,0,277646,3,0
1,0,0,1,4,29,5242,1843,0,0,0,0,0,264284,2,0
0,0,0,0,29,29,5243,1843,0,0,0,0,0,268860,3,0
0,0,0,0,25,29,5244,1843,0,0,0,0,0,269350,3,0
0,0,0,0,30,29,5245,1843,0,0,0,0,0,240628,2,0
0,0,0,0,19,29,5246,1843,0,0,0,0,0,274836,3,0
0,0,0,0,21,29,5247,1843,0,0,0,0,0,257111,2,0
0,0,0,0,1,0,5248,1848,0,0,0,0,0,231073,3,0
0,0,0,0,7,3,5249,1848,0,0,0,0,0,271399,2,0
1,0,0,1,25,4,5250,1848,0,0,0,0,0,205691,3,0
1,0,0,1,3,5,5251,1848,0,0,0,0,0,235916,3,0
0,0,0,0,23,6,5252,1848,0,0,0,0,0,215433,3,0
1,0,0,1,93,7,5253,1848,0,0,0,0,0,270084,4,0
0,0,0,0,8,10,5254,1848,0,0,0,0,0,203782,4,0
1,0,0,1,28,13,5255,1848,0,0,0,0,0,271201,3,0
1,0,0,1,4,15,5256,1848,0,0,0,0,0,268510,3,0
1,0,0,1,9,24,5257,1848,0,0,0,0,0,223157,3,0
0,0,0,0,19,26,5258,1848,0,0,0,0,0,220084,4,0
0,0,0,0,10,28,5259,1848,0,0,0,0,0,205548,3,0
0,0,0,0,27,28,5260,1848,0,0,0,0,0,277870,3,0
0,0,0,0,44,28,5261,1848,0,0,0,0,0,237594,3,0
0,0,0,0,5,28,5262,1848,0,0,0,0,0,273916,3,0
0,0,0,0,22,28,5263,1848,0,0,0,0,0,278099,3,0
0,0,0,0,20,28,5264,1848,0,0,0,0,0,258475,4,0
0,0,0,0,17,28,5265,1848,0,0,0,0,0,198223,3,0
2,0,0,1,15,28,5266,1848,0,0,0,0,0,224933,4,0
0,0,0,0,18,28,5267,1848,0,0,0,0,0,257833,3,0
0,0,0,0,33,28,5268,1848,0,0,0,0,0,74447,3,0
0,0,0,0,45,28,5269,1848,0,0,0,0,0,75137,3,0
0,0,0,0,55,28,5270,1848,0,0,0,0,0,73296,3,0
0,0,0,0,13,29,5271,1848,0,0,0,0,0,245784,3,0
0,0,0,0,94,29,5272,1848,0,0,0,0,0,74496,3,0
1,0,0,1,99,29,5273,1848,0,0,0,0,0,226468,3,0
0,0,0,0,11,29,5274,1848,0,0,0,0,0,73333,3,0
0,0,0,0,55,0,5275,110373,0,0,0,0,0,191011,4,0
0,0,0,0,30,3,5276,110373,0,0,0,0,0,225995,4,0
0,0,0,0,15,4,5277,110373,0,0,0,0,0,235565,3,0
0,0,0,0,4,6,5278,110373,0,0,0,0,0,259443,3,0
0,0,0,0,17,7,5279,110373,0,0,0,0,0,73846,3,0
0,0,0,0,31,23,5280,110373,0,0,0,0,0,225844,3,0
1,0,0,1,70,13,5281,110373,0,0,0,0,0,222573,4,0
0,0,0,0,73,14,5282,110373,0,0,0,0,0,278096,4,0
0,0,0,0,25,15,5283,110373,0,0,0,0,0,236368,3,0
2,0,0,1,24,27,5284,110373,0,0,0,0,0,259679,3,0
2,0,0,1,9,25,5285,110373,0,0,0,0,0,219496,3,0
0,0,0,0,21,28,5286,110373,0,0,0,0,0,193361,3,0
0,0,0,0,19,28,5287,110373,0,0,0,0,0,228509,3,0
0,0,0,0,8,28,5288,110373,0,0,0,0,0,237647,3,0
0,0,0,0,33,28,5289,110373,0,0,0,0,0,224808,4,0
0,0,0,0,1,28,5290,110373,0,0,0,0,0,185172,3,0
0,0,0,0,11,28,5291,110373,0,0,0,0,0,262333,3,0
2,0,0,1,7,28,5292,110373,0,0,0,0,0,260778,3,0
0,0,0,0,10,28,5293,110373,0,0,0,0,0,220829,3,0
1,0,0,1,14,28,5294,110373,0,0,0,0,0,243386,3,0
0,0,0,0,42,28,5295,110373,0,0,0,0,0,72202,3,0
0,0,0,0,13,28,5296,110373,0,0,0,0,0,279228,3,0
0,0,0,0,2,28,5297,110373,0,0,0,0,0,73845,3,0
0,0,0,0,29,29,5298,110373,0,0,0,0,0,230912,3,0
0,0,0,0,41,29,5299,110373,0,0,0,0,0,71399,3,0
0,0,0,0,45,29,5300,110373,0,0,0,0,0,72249,3,0
0,0,0,0,77,29,5301,110373,0,0,0,0,0,278333,3,0
0,0,0,0,23,29,5302,110373,0,0,0,0,0,227918,3,0
0,0,0,0,44,29,5303,110373,0,0,0,0,0,219661,3,0
0,0,0,0,20,29,5304,110373,0,0,0,0,0,257340,3,0
0,0,0,0,47,0,5305,110738,0,0,0,0,0,244274,2,0
0,0,0,0,94,4,5306,110738,0,0,0,0,0,278354,3,0
0,0,0,0,4,5,5307,110738,0,0,0,0,0,199174,4,0
2,0,0,1,5,6,5308,110738,0,0,0,0,0,264480,5,0
1,0,0,1,15,12,5309,110738,0,0,0,0,0,233396,4,0
0,0,0,0,28,13,5310,110738,0,0,0,0,0,229082,3,0
0,0,0,0,6,15,5311,110738,0,0,0,0,0,252313,4,0
0,0,0,0,20,16,5312,110738,0,0,0,0,0,245491,3,0
3,0,0,1,11,17,5313,110738,0,0,0,0,0,240797,3,0
0,0,0,0,32,19,5314,110738,0,0,0,0,0,222959,5,0
4,1,0,1,9,25,5315,110738,0,0,0,1,0,268934,3,0
0,0,0,0,8,28,5316,110738,0,0,0,0,0,253464,3,0
1,0,0,1,36,28,5317,110738,0,0,0,0,0,268790,3,0
0,0,0,0,33,28,5318,110738,0,0,0,0,0,229574,3,0
0,0,0,0,3,28,5319,110738,0,0,0,0,0,270658,3,0
0,0,0,0,1,28,5320,110738,0,0,0,0,0,205496,3,0
0,0,0,0,37,28,5321,110738,0,0,0,0,0,240660,3,0
1,0,0,1,30,28,5322,110738,0,0,0,0,0,276917,4,0
0,0,0,0,10,28,5323,110738,0,0,0,0,0,240661,3,0
1,0,0,1,45,28,5324,110738,0,0,0,0,0,256778,4,0
0,0,0,0,22,28,5325,110738,0,0,0,0,0,259057,3,0
0,0,0,0,17,28,5326,110738,0,0,0,0,0,248040,4,0
0,0,0,0,19,28,5327,110738,0,0,0,0,0,252033,3,0
0,0,0,0,74,29,5328,110738,0,0,0,0,0,73743,3,0
0,0,0,0,7,29,5329,110738,0,0,0,0,0,238464,3,0
0,0,0,0,22,0,5330,110740,0,0,0,0,0,193786,3,0
0,0,0,0,15,3,5331,110740,0,0,0,0,0,210880,3,0
0,0,0,0,13,4,5332,110740,0,0,0,0,0,251920,2,0
0,0,0,0,4,6,5333,110740,0,0,0,0,0,208942,4,0
0,0,0,0,17,7,5334,110740,0,0,0,0,0,276001,3,0
2,0,0,1,30,23,5335,110740,0,0,0,0,0,276706,3,0
2,0,0,1,90,13,5336,110740,0,0,0,0,0,259331,4,0
1,0,0,1,16,14,5337,110740,0,0,0,0,0,254804,4,0
1,0,0,1,5,15,5338,110740,0,0,0,0,0,277696,3,0
0,0,0,0,18,27,5339,110740,0,0,0,0,0,236836,2,0
0,0,0,0,11,25,5340,110740,0,0,0,0,0,230940,3,0
0,0,0,0,6,28,5341,110740,0,0,0,0,0,240095,3,0
0,0,0,0,8,28,5342,110740,0,0,0,0,0,173146,3,0
0,0,0,0,31,28,5343,110740,0,0,0,0,0,206601,3,0
0,0,0,0,44,28,5344,110740,0,0,0,0,0,278305,3,0
0,0,0,0,1,28,5345,110740,0,0,0,0,0,277802,3,0
0,0,0,0,29,28,5346,110740,0,0,0,0,0,73334,3,0
0,0,0,0,25,28,5347,110740,0,0,0,0,0,74150,4,0
0,0,0,0,80,28,5348,110740,0,0,0,0,0,276905,3,0
0,0,0,0,10,28,5349,110740,0,0,0,0,0,237544,3,0
0,0,0,0,99,28,5350,110740,0,0,0,0,0,277998,3,0
0,0,0,0,24,28,5351,110740,0,0,0,0,0,271572,3,0
0,0,0,0,87,28,5352,110740,0,0,0,0,0,74077,3,0
0,0,0,0,39,29,5353,110740,0,0,0,0,0,278297,3,0
0,0,0,0,77,29,5354,110740,0,0,0,0,0,216690,3,0
0,0,0,0,7,29,5355,110740,0,0,0,0,0,209409,4,0
1,0,0,1,27,29,5356,110740,0,0,0,0,0,73167,3,0
0,0,0,0,23,29,5357,110740,0,0,0,0,0,198701,3,0
0,0,0,0,22,0,5358,110908,0,0,0,0,0,205530,3,0
1,0,0,1,92,3,5359,110908,0,0,0,0,0,224506,4,0
0,0,0,0,23,4,5360,110908,0,0,0,0,0,193333,3,0
0,0,0,0,4,5,5361,110908,0,0,0,0,0,236889,3,0
0,0,0,0,6,6,5362,110908,0,0,0,0,0,254094,2,0
0,0,0,0,27,7,5363,110908,0,0,0,0,0,74343,3,0
0,0,0,0,10,10,5364,110908,0,0,0,0,0,225381,4,0
2,0,0,1,20,13,5365,110908,0,0,0,0,0,228882,3,0
0,0,0,0,21,15,5366,110908,0,0,0,0,0,237613,2,0
1,0,0,1,28,24,5367,110908,0,0,0,0,0,214676,2,0
1,0,0,1,9,26,5368,110908,0,0,0,0,0,209613,3,0
0,0,0,0,80,28,5369,110908,0,0,0,0,0,238282,3,0
0,0,0,0,24,28,5370,110908,0,0,0,0,0,276951,3,0
0,0,0,0,14,28,5371,110908,0,0,0,0,0,205708,3,0
0,0,0,0,84,28,5372,110908,0,0,0,0,0,258564,3,0
0,0,0,0,1,28,5373,110908,0,0,0,0,0,240735,3,0
0,0,0,0,70,28,5374,110908,0,0,0,0,0,192071,3,0
0,0,0,0,45,28,5375,110908,0,0,0,0,0,276035,3,0
1,0,0,1,7,28,5376,110908,0,0,0,0,0,276804,3,0
0,0,0,0,90,28,5377,110908,0,0,0,0,0,275912,3,0
0,0,0,0,99,28,5378,110908,0,0,0,0,0,277117,3,0
0,0,0,0,3,28,5379,110908,0,0,0,0,0,74064,3,0
0,0,0,0,8,28,5380,110908,0,0,0,0,0,268751,3,0
0,0,0,0,17,29,5381,110908,0,0,0,0,0,236522,3,0
0,0,0,0,29,29,5382,110908,0,0,0,0,0,266877,3,0
0,0,0,0,77,29,5383,110908,0,0,0,0,0,73420,3,0
1,0,0,1,19,29,5384,110908,0,0,0,0,0,201243,4,0
0,0,0,0,1,0,5385,110915,0,0,0,0,0,225037,2,0
0,0,0,0,11,3,5386,110915,0,0,0,0,0,234358,2,0
1,0,0,1,3,4,5387,110915,0,0,0,0,0,268762,3,0
2,0,0,1,19,5,5388,110915,0,0,0,0,0,202513,2,0
0,0,0,0,24,6,5389,110915,0,0,0,0,0,234143,2,0
0,0,0,0,7,7,5390,110915,0,0,0,0,0,204775,2,0
0,0,0,0,35,10,5391,110915,0,0,0,0,0,251769,2,0
1,0,0,1,14,13,5392,110915,0,0,0,0,0,74406,3,0
1,0,0,1,30,15,5393,110915,0,0,0,0,0,225189,2,0
4,1,0,1,9,24,5394,110915,0,0,0,1,0,72852,2,0
2,0,0,1,10,26,5395,110915,0,0,0,0,0,244626,2,0
0,0,0,0,8,28,5396,110915,0,0,0,0,0,225333,3,0
0,0,0,0,73,28,5397,110915,0,0,0,0,0,72847,3,0
0,0,0,0,15,28,5398,110915,0,0,0,0,0,72845,2,0
0,0,0,0,13,28,5399,110915,0,0,0,0,0,221448,3,0
0,0,0,0,33,28,5400,110915,0,0,0,0,0,239742,3,0
1,0,0,1,17,28,5401,110915,0,0,0,0,0,72850,3,0
0,0,0,0,23,28,5402,110915,0,0,0,0,0,239838,3,0
0,0,0,0,4,28,5403,110915,0,0,0,0,0,268744,3,0
0,0,0,0,18,28,5404,110915,0,0,0,0,0,244601,3,0
0,0,0,0,93,28,5405,110915,0,0,0,0,0,72844,3,0
0,0,0,0,34,28,5406,110915,0,0,0,0,0,73421,3,0
0,0,0,0,26,28,5407,110915,0,0,0,0,0,268936,3,0
0,0,0,0,79,29,5408,110915,0,0,0,0,0,73422,3,0
0,0,0,0,5,29,5409,110915,0,0,0,0,0,279529,3,0
0,0,0,0,70,29,5410,110915,0,0,0,0,0,72849,3,0
1,0,0,1,20,29,5411,110915,0,0,0,0,0,262335,3,0
0,0,0,0,1,0,5412,111433,0,0,0,0,0,230631,3,0
0,0,0,0,27,3,5413,111433,0,0,0,0,0,72857,2,0
0,0,0,0,13,4,5414,111433,0,0,0,0,0,240652,3,0
1,0,0,1,5,6,5415,111433,0,0,0,0,0,230138,3,0
0,0,0,0,23,7,5416,111433,0,0,0,0,0,72855,3,0
0,0,0,0,8,9,5417,111433,0,0,0,0,0,178510,3,0
0,0,0,0,21,11,5418,111433,0,0,0,0,0,268081,4,0
1,0,0,1,14,12,5419,111433,0,0,0,0,0,268760,4,0
1,0,0,1,11,16,5420,111433,0,0,0,0,0,72861,3,0
0,0,0,0,70,18,5421,111433,0,0,0,0,0,219984,3,0
0,0,0,0,7,25,5422,111433,0,0,0,0,0,268704,4,0
0,0,0,0,10,28,5423,111433,0,0,0,0,0,72858,3,0
0,0,0,0,87,28,5424,111433,0,0,0,0,0,182179,3,0
1,0,0,1,4,28,5425,111433,0,0,0,0,0,240626,3,0
0,0,0,0,29,28,5426,111433,0,0,0,0,0,73200,3,0
0,0,0,0,12,28,5427,111433,0,0,0,0,0,271210,3,0
1,0,0,1,18,28,5428,111433,0,0,0,0,0,73045,3,0
0,0,0,0,28,28,5429,111433,0,0,0,0,0,224233,3,0
2,0,0,1,30,28,5430,111433,0,0,0,0,0,72862,3,0
1,0,0,1,19,28,5431,111433,0,0,0,0,0,224508,3,0
0,0,0,0,16,28,5432,111433,0,0,0,0,0,73047,3,0
0,0,0,0,17,28,5433,111433,0,0,0,0,0,72856,3,0
0,0,0,0,24,28,5434,111433,0,0,0,0,0,73933,3,0
0,0,0,0,6,29,5435,111433,0,0,0,0,0,72859,4,0
0,0,0,0,20,29,5436,111433,0,0,0,0,0,72860,3,0
1,0,0,1,9,29,5437,111433,0,0,0,0,0,73928,4,0
0,0,0,0,1,0,5438,111434,0,0,0,0,0,220720,4,0
2,0,0,1,17,3,5439,111434,0,0,0,0,0,233968,4,0
0,0,0,0,26,4,5440,111434,0,0,0,0,0,248199,2,0
0,0,0,0,5,5,5441,111434,0,0,0,0,0,245091,3,0
0,0,0,0,15,6,5442,111434,0,0,0,0,0,205363,2,0
0,0,0,0,3,7,5443,111434,0,0,0,0,0,255580,3,0
1,0,0,1,19,10,5444,111434,0,0,0,0,0,235163,3,0
2,0,0,1,18,13,5445,111434,0,0,0,0,0,268576,2,0
0,0,0,0,6,15,5446,111434,0,0,0,0,0,233884,2,0
0,0,0,0,9,24,5447,111434,0,0,0,0,0,237391,3,0
0,0,0,0,90,26,5448,111434,0,0,0,0,0,223137,3,0
0,0,0,0,98,28,5449,111434,0,0,0,0,0,235935,2,0
0,0,0,0,37,28,5450,111434,0,0,0,0,0,238944,3,0
0,0,0,0,23,28,5451,111434,0,0,0,0,0,210964,2,0
1,0,0,1,4,28,5452,111434,0,0,0,0,0,275162,2,0
0,0,0,0,22,28,5453,111434,0,0,0,0,0,273047,3,0
1,0,0,1,20,28,5454,111434,0,0,0,0,0,207471,3,0
0,0,0,0,27,28,5455,111434,0,0,0,0,0,217338,2,0
1,0,0,1,11,28,5456,111434,0,0,0,0,0,237502,3,0
2,0,0,1,99,28,5457,111434,0,0,0,0,0,270614,3,0
0,0,0,0,21,28,5458,111434,0,0,0,0,0,265782,3,0
0,0,0,0,44,28,5459,111434,0,0,0,0,0,258464,3,0
0,0,0,0,42,28,5460,111434,0,0,0,0,0,73901,3,0
0,0,0,0,91,29,5461,111434,0,0,0,0,0,192073,3,0
0,0,0,0,62,29,5462,111434,0,0,0,0,0,259551,3,0
1,0,0,1,10,29,5463,111434,0,0,0,0,0,222153,3,0
0,0,0,0,31,0,5464,111657,0,0,0,0,0,240785,3,0
1,0,0,1,20,3,5465,111657,0,0,0,0,0,270502,2,0
0,0,0,0,4,4,5466,111657,0,0,0,0,0,213938,3,0
0,0,0,0,30,6,5467,111657,0,0,0,0,0,270064,3,0
0,0,0,0,3,7,5468,111657,0,0,0,0,0,236308,3,0
1,0,0,1,70,23,5469,111657,0,0,0,0,0,210671,2,0
0,0,0,0,14,13,5470,111657,0,0,0,0,0,274197,3,0
0,0,0,0,55,14,5471,111657,0,0,0,0,0,262091,3,0
0,0,0,0,16,15,5472,111657,0,0,0,0,0,212446,2,0
2,0,0,1,28,27,5473,111657,0,0,0,0,0,277599,3,0
0,0,0,0,74,25,5474,111657,0,0,0,0,0,253071,3,0
0,0,0,0,77,28,5475,111657,0,0,0,0,0,230817,3,0
0,0,0,0,64,28,5476,111657,0,0,0,0,0,74533,2,0
0,0,0,0,21,28,5477,111657,0,0,0,0,0,74304,3,0
0,0,0,0,18,28,5478,111657,0,0,0,0,0,248171,2,0
0,0,0,0,13,28,5479,111657,0,0,0,0,0,271146,3,0
0,0,0,0,17,28,5480,111657,0,0,0,0,0,276422,2,0
0,0,0,0,7,28,5481,111657,0,0,0,0,0,279877,3,0
1,0,0,1,10,28,5482,111657,0,0,0,0,0,272726,2,0
0,0,0,0,90,28,5483,111657,0,0,0,0,0,276572,3,0
0,0,0,0,1,28,5484,111657,0,0,0,0,0,177340,3,0
0,0,0,0,79,28,5485,111657,0,0,0,0,0,74536,3,0
0,0,0,0,5,28,5486,111657,0,0,0,0,0,266304,3,0
0,0,0,0,23,29,5487,111657,0,0,0,0,0,268466,4,0
0,0,0,0,47,29,5488,111657,0,0,0,0,0,278346,3,0
0,0,0,0,25,29,5489,111657,0,0,0,0,0,234747,3,0
0,0,0,0,19,29,5490,111657,0,0,0,0,0,270705,3,0
0,0,0,0,11,29,5491,111657,0,0,0,0,0,276736,3,0
0,0,0,0,8,29,5492,111657,0,0,0,0,0,71296,3,0
0,0,0,0,27,29,5493,111657,0,0,0,0,0,235021,3,0
0,0,0,0,15,29,5494,111657,0,0,0,0,0,268770,3,0
0,0,0,0,99,29,5495,111657,0,0,0,0,0,72035,3,0
0,0,0,0,12,0,5496,111974,0,0,0,0,0,235806,3,0
0,0,0,0,17,3,5497,111974,0,0,0,0,0,271006,3,0
0,0,0,0,26,4,5498,111974,0,0,0,0,0,262474,3,0
0,0,0,0,19,6,5499,111974,0,0,0,0,0,226108,3,0
0,0,0,0,3,7,5500,111974,0,0,0,0,0,255561,4,0
0,0,0,0,11,10,5501,111974,0,0,0,0,0,268462,4,0
1,0,0,1,77,23,5502,111974,0,0,0,0,0,241628,4,0
4,1,0,1,42,13,5503,111974,0,0,0,1,0,242725,5,0
0,0,0,0,29,15,5504,111974,0,0,0,0,0,243527,3,0
2,0,0,1,45,27,5505,111974,0,0,0,0,0,243593,4,0
3,0,0,1,9,25,5506,111974,0,0,0,0,0,243200,5,0
0,0,0,0,14,28,5507,111974,0,0,0,0,0,200054,3,0
0,0,0,0,23,28,5508,111974,0,0,0,0,0,214622,4,0
0,0,0,0,20,28,5509,111974,0,0,0,0,0,258946,3,0
0,0,0,0,15,28,5510,111974,0,0,0,0,0,276705,3,0
0,0,0,0,31,28,5511,111974,0,0,0,0,0,251136,3,0
1,0,0,1,7,28,5512,111974,0,0,0,0,0,265761,4,0
0,0,0,0,55,28,5513,111974,0,0,0,0,0,71401,3,0
0,0,0,0,10,28,5514,111974,0,0,0,0,0,210935,3,0
1,0,0,1,28,28,5515,111974,0,0,0,0,0,255839,3,0
0,0,0,0,47,28,5516,111974,0,0,0,0,0,163489,3,0
0,0,0,0,1,28,5517,111974,0,0,0,0,0,253003,3,0
0,0,0,0,44,28,5518,111974,0,0,0,0,0,277934,3,0
0,0,0,0,80,29,5519,111974,0,0,0,0,0,262027,3,0
0,0,0,0,2,29,5520,111974,0,0,0,0,0,265762,3,0
0,0,0,0,35,29,5521,111974,0,0,0,0,0,274702,3,0
0,0,0,0,8,29,5522,111974,0,0,0,0,0,257164,3,0
0,0,0,0,40,29,5523,111974,0,0,0,0,0,270657,3,0
0,0,0,0,25,29,5524,111974,0,0,0,0,0,271482,3,0
1,0,0,1,24,29,5525,111974,0,0,0,0,0,248787,3,0
1,0,0,1,91,29,5526,111974,0,0,0,0,0,74504,3,0
0,0,0,0,36,0,5527,111993,0,0,0,0,0,233425,3,0
1,0,0,1,24,3,5528,111993,0,0,0,0,0,235292,2,0
0,0,0,0,26,4,5529,111993,0,0,0,0,0,252589,2,0
0,0,0,0,30,6,5530,111993,0,0,0,0,0,225642,3,0
0,0,0,0,32,7,5531,111993,0,0,0,0,0,244780,3,0
0,0,0,0,8,13,5532,111993,0,0,0,0,0,276538,3,0
0,0,0,0,5,14,5533,111993,0,0,0,0,0,73886,3,0
0,0,0,0,23,15,5534,111993,0,0,0,0,0,208311,2,0
2,0,0,1,16,18,5535,111993,0,0,0,0,0,227223,4,0
1,0,0,1,21,24,5536,111993,0,0,0,0,0,260088,3,0
1,0,0,1,91,26,5537,111993,0,0,0,0,0,74342,2,0
0,0,0,0,17,28,5538,111993,0,0,0,0,0,72790,3,0
0,0,0,0,2,28,5539,111993,0,0,0,0,0,200914,3,0
0,0,0,0,4,28,5540,111993,0,0,0,0,0,271419,2,0
0,0,0,0,64,28,5541,111993,0,0,0,0,0,279034,3,0
0,0,0,0,78,28,5542,111993,0,0,0,0,0,206165,1,0
0,0,0,0,18,28,5543,111993,0,0,0,0,0,276166,3,0
0,0,0,0,11,28,5544,111993,0,0,0,0,0,270884,2,0
0,0,0,0,9,28,5545,111993,0,0,0,0,0,208042,3,0
0,0,0,0,7,28,5546,111993,0,0,0,0,0,251953,3,0
0,0,0,0,35,28,5547,111993,0,0,0,0,0,254540,3,0
0,0,0,0,28,28,5548,111993,0,0,0,0,0,277053,3,0
0,0,0,0,19,28,5549,111993,0,0,0,0,0,278775,3,0
1,0,0,1,10,29,5550,111993,0,0,0,0,0,277376,3,0
0,0,0,0,20,29,5551,111993,0,0,0,0,0,215361,3,0
0,0,0,0,20,0,5552,112124,0,0,0,0,0,237127,4,0
1,0,0,1,23,4,5553,112124,0,0,0,0,0,74448,3,0
0,0,0,0,4,5,5554,112124,0,0,0,0,0,73989,3,0
1,0,0,1,6,6,5555,112124,0,0,0,0,0,72831,3,0
0,0,0,0,28,12,5556,112124,0,0,0,0,0,239588,3,0
0,0,0,0,8,13,5557,112124,0,0,0,0,0,240798,4,0
0,0,0,0,55,15,5558,112124,0,0,0,0,0,72834,3,0
0,0,0,0,15,16,5559,112124,0,0,0,0,0,74071,4,0
0,0,0,0,98,17,5560,112124,0,0,0,0,0,257768,3,0
1,0,0,1,11,19,5561,112124,0,0,0,0,0,251603,3,0
0,0,0,0,27,25,5562,112124,0,0,0,0,0,240475,3,0
0,0,0,0,7,28,5563,112124,0,0,0,0,0,277769,3,0
1,0,0,1,24,28,5564,112124,0,0,0,0,0,235863,3,0
0,0,0,0,3,28,5565,112124,0,0,0,0,0,278276,3,0
0,0,0,0,13,28,5566,112124,0,0,0,0,0,72833,3,0
0,0,0,0,1,28,5567,112124,0,0,0,0,0,231915,3,0
0,0,0,0,37,28,5568,112124,0,0,0,0,0,252410,3,0
0,0,0,0,25,28,5569,112124,0,0,0,0,0,193268,3,0
3,0,0,1,9,28,5570,112124,0,0,0,0,0,259107,5,0
2,0,0,1,90,28,5571,112124,0,0,0,0,0,73423,3,0
0,0,0,0,16,28,5572,112124,0,0,0,0,0,72829,3,0
0,0,0,0,2,28,5573,112124,0,0,0,0,0,270761,3,0
0,0,0,0,29,28,5574,112124,0,0,0,0,0,72180,4,0
0,0,0,0,10,29,5575,112124,0,0,0,0,0,74072,4,0
0,0,0,0,14,29,5576,112124,0,0,0,0,0,240779,3,0
0,0,0,0,99,29,5577,112124,0,0,0,0,0,72837,3,0
0,0,0,0,17,29,5578,112124,0,0,0,0,0,273913,3,0
0,0,0,0,1,0,5579,112168,0,0,0,0,0,224977,2,0
0,0,0,0,55,4,5580,112168,0,0,0,0,0,247135,3,0
0,0,0,0,15,5,5581,112168,0,0,0,0,0,257786,3,0
0,0,0,0,17,6,5582,112168,0,0,0,0,0,277632,3,0
0,0,0,0,19,12,5583,112168,0,0,0,0,0,264683,3,0
0,0,0,0,34,13,5584,112168,0,0,0,0,0,268791,2,0
0,0,0,0,6,15,5585,112168,0,0,0,0,0,279876,2,0
2,0,0,1,11,16,5586,112168,0,0,0,0,0,229750,2,0
0,0,0,0,28,18,5587,112168,0,0,0,0,0,242204,3,0
0,0,0,0,30,24,5588,112168,0,0,0,0,0,268736,3,0
3,0,0,1,10,26,5589,112168,0,0,0,0,0,70650,2,0
1,0,0,1,31,28,5590,112168,0,0,0,0,0,226467,3,0
0,0,0,0,18,28,5591,112168,0,0,0,0,0,235205,3,0
0,0,0,0,23,28,5592,112168,0,0,0,0,0,245560,2,0
0,0,0,0,29,28,5593,112168,0,0,0,0,0,244190,3,0
0,0,0,0,12,28,5594,112168,0,0,0,0,0,271059,3,0
0,0,0,0,39,28,5595,112168,0,0,0,0,0,266637,2,0
0,0,0,0,24,28,5596,112168,0,0,0,0,0,219998,3,0
1,0,0,1,32,28,5597,112168,0,0,0,0,0,235867,2,0
0,0,0,0,21,28,5598,112168,0,0,0,0,0,268897,3,0
0,0,0,0,50,28,5599,112168,0,0,0,0,0,73419,3,0
0,0,0,0,5,28,5600,112168,0,0,0,0,0,201914,2,0
0,0,0,0,2,28,5601,112168,0,0,0,0,0,277851,3,0
0,0,0,0,4,29,5602,112168,0,0,0,0,0,270281,3,0
0,0,0,0,16,29,5603,112168,0,0,0,0,0,74421,2,0
1,0,0,1,20,29,5604,112168,0,0,0,0,0,73516,3,0
0,0,0,0,8,29,5605,112168,0,0,0,0,0,73515,3,0
0,0,0,0,36,29,5606,112168,0,0,0,0,0,277974,3,0
0,0,0,0,9,29,5607,112168,0,0,0,0,0,262029,3,0
0,0,0,0,1,0,5608,112493,0,0,0,0,0,239573,5,0
0,0,0,0,21,4,5609,112493,0,0,0,0,0,223007,4,0
1,0,0,1,6,5,5610,112493,0,0,0,0,0,73386,3,0
0,0,0,0,3,6,5611,112493,0,0,0,0,0,242264,4,0
0,0,0,0,72,12,5612,112493,0,0,0,0,0,72916,4,0
2,0,0,1,18,13,5613,112493,0,0,0,0,0,229459,4,0
0,0,0,0,82,15,5614,112493,0,0,0,0,0,210548,4,0
1,0,0,1,11,16,5615,112493,0,0,0,0,0,251951,4,0
0,0,0,0,10,17,5616,112493,0,0,0,0,0,228886,3,0
0,0,0,0,28,19,5617,112493,0,0,0,0,0,224121,3,0
1,0,0,1,32,25,5618,112493,0,0,0,0,0,235133,4,0
0,0,0,0,20,28,5619,112493,0,0,0,0,0,271213,4,0
0,0,0,0,8,28,5620,112493,0,0,0,0,0,72843,3,0
0,0,0,0,66,28,5621,112493,0,0,0,0,0,208597,3,0
0,0,0,0,4,28,5622,112493,0,0,0,0,0,244576,2,0
0,0,0,0,22,28,5623,112493,0,0,0,0,0,72839,3,0
0,0,0,0,17,28,5624,112493,0,0,0,0,0,256119,3,0
0,0,0,0,77,28,5625,112493,0,0,0,0,0,213994,3,0
1,0,0,1,90,28,5626,112493,0,0,0,0,0,71000,3,0
0,0,0,0,19,28,5627,112493,0,0,0,0,0,277515,3,0
0,0,0,0,24,28,5628,112493,0,0,0,0,0,276484,3,0
0,0,0,0,12,28,5629,112493,0,0,0,0,0,72840,3,0
0,0,0,0,26,28,5630,112493,0,0,0,0,0,70150,3,0
0,0,0,0,34,29,5631,112493,0,0,0,0,0,271921,3,0
0,0,0,0,39,29,5632,112493,0,0,0,0,0,271473,3,0
1,0,0,1,13,29,5633,112493,0,0,0,0,0,252466,3,0
0,0,0,0,7,29,5634,112493,0,0,0,0,0,72841,3,0
0,0,0,0,16,29,5635,112493,0,0,0,0,0,212459,3,0
0,0,0,0,30,29,5636,112493,0,0,0,0,0,74867,3,0
0,0,0,0,9,29,5637,112493,0,0,0,0,0,278966,3,0
0,0,0,0,25,29,5638,112493,0,0,0,0,0,210329,3,0
0,0,0,0,1,0,5639,112494,0,0,0,0,0,237615,4,0
0,0,0,0,28,4,5640,112494,0,0,0,0,0,277872,4,0
0,0,0,0,23,5,5641,112494,0,0,0,0,0,205553,4,0
0,0,0,0,5,6,5642,112494,0,0,0,0,0,169115,3,0
2,0,0,1,79,12,5643,112494,0,0,0,0,0,219759,4,0
1,0,0,1,4,13,5644,112494,0,0,0,0,0,206551,4,0
0,0,0,0,27,15,5645,112494,0,0,0,0,0,202061,2,0
0,0,0,0,24,16,5646,112494,0,0,0,0,0,268755,3,0
2,0,0,1,17,17,5647,112494,0,0,0,0,0,268756,2,0
0,0,0,0,21,19,5648,112494,0,0,0,0,0,268753,4,0
1,0,0,1,90,25,5649,112494,0,0,0,0,0,268759,4,0
1,0,0,1,99,28,5650,112494,0,0,0,0,0,248147,3,0
0,0,0,0,3,28,5651,112494,0,0,0,0,0,268672,3,0
0,0,0,0,30,28,5652,112494,0,0,0,0,0,273602,4,0
0,0,0,0,19,28,5653,112494,0,0,0,0,0,74020,3,0
0,0,0,0,12,28,5654,112494,0,0,0,0,0,276777,3,0
3,0,0,1,7,28,5655,112494,0,0,0,0,0,268758,4,0
1,0,0,1,8,28,5656,112494,0,0,0,0,0,251761,3,0
0,0,0,0,9,28,5657,112494,0,0,0,0,0,277692,3,0
0,0,0,0,33,28,5658,112494,0,0,0,0,0,277665,3,0
0,0,0,0,88,28,5659,112494,0,0,0,0,0,278321,3,0
0,0,0,0,68,28,5660,112494,0,0,0,0,0,74045,3,0
0,0,0,0,2,28,5661,112494,0,0,0,0,0,268697,3,0
0,0,0,0,14,29,5662,112494,0,0,0,0,0,74080,3,0
0,0,0,0,77,29,5663,112494,0,0,0,0,0,276058,3,0
0,0,0,0,6,29,5664,112494,0,0,0,0,0,73973,3,0
1,0,0,1,11,29,5665,112494,0,0,0,0,0,264392,4,0
0,0,0,0,1,0,5666,113973,0,0,0,0,0,219584,3,0
0,0,0,0,24,3,5667,113973,0,0,0,0,0,229456,3,0
0,0,0,0,15,4,5668,113973,0,0,0,0,0,226260,4,0
2,0,0,1,28,6,5669,113973,0,0,0,0,0,208146,4,0
0,0,0,0,18,7,5670,113973,0,0,0,0,0,238286,4,0
0,0,0,0,23,12,5671,113973,0,0,0,0,0,264372,3,0
0,0,0,0,25,13,5672,113973,0,0,0,0,0,202489,3,0
1,0,0,1,6,15,5673,113973,0,0,0,0,0,237772,4,0
0,0,0,0,26,16,5674,113973,0,0,0,0,0,252927,3,0
2,0,0,1,29,24,5675,113973,0,0,0,0,0,252942,4,0
1,0,0,1,27,26,5676,113973,0,0,0,0,0,260456,2,0
1,0,0,1,19,28,5677,113973,0,0,0,0,0,270131,2,0
0,0,0,0,21,28,5678,113973,0,0,0,0,0,278077,4,0
1,0,0,1,39,28,5679,113973,0,0,0,0,0,278076,2,0
0,0,0,0,32,28,5680,113973,0,0,0,0,0,256308,3,0
0,0,0,0,22,28,5681,113973,0,0,0,0,0,226259,3,0
0,0,0,0,4,28,5682,113973,0,0,0,0,0,198959,3,0
0,0,0,0,20,28,5683,113973,0,0,0,0,0,271013,3,0
0,0,0,0,8,28,5684,113973,0,0,0,0,0,175789,3,0
2,0,0,1,11,28,5685,113973,0,0,0,0,0,220915,3,0
0,0,0,0,12,28,5686,113973,0,0,0,0,0,278148,3,0
0,0,0,0,5,28,5687,113973,0,0,0,0,0,74520,3,0
0,0,0,0,9,28,5688,113973,0,0,0,0,0,264402,3,0
0,0,0,0,16,29,5689,113973,0,0,0,0,0,232053,3,0
2,0,0,1,7,29,5690,113973,0,0,0,0,0,74521,3,0
0,0,0,0,66,0,5691,113974,0,0,0,0,0,225610,3,0
0,0,0,0,32,3,5692,113974,0,0,0,0,0,232439,4,0
0,0,0,0,37,4,5693,113974,0,0,0,0,0,240282,4,0
2,0,0,1,55,5,5694,113974,0,0,0,0,0,239998,3,0
2,0,0,1,77,6,5695,113974,0,0,0,0,0,271475,4,0
0,0,0,0,13,7,5696,113974,0,0,0,0,0,234760,3,0
2,0,0,1,5,10,5697,113974,0,0,0,0,0,252290,3,0
0,0,0,0,8,13,5698,113974,0,0,0,0,0,230936,4,0
0,0,0,0,25,15,5699,113974,0,0,0,0,0,231428,3,0
4,1,0,1,9,24,5700,113974,0,0,0,1,0,277327,4,0
1,0,0,1,27,26,5701,113974,0,0,0,0,0,236767,3,0
0,0,0,0,6,28,5702,113974,0,0,0,0,0,271922,3,0
0,0,0,0,36,28,5703,113974,0,0,0,0,0,278301,3,0
0,0,0,0,2,28,5704,113974,0,0,0,0,0,243185,4,0
0,0,0,0,4,28,5705,113974,0,0,0,0,0,246282,3,0
0,0,0,0,1,28,5706,113974,0,0,0,0,0,227966,3,0
0,0,0,0,7,28,5707,113974,0,0,0,0,0,251762,4,0
0,0,0,0,29,28,5708,113974,0,0,0,0,0,235942,4,0
0,0,0,0,20,28,5709,113974,0,0,0,0,0,256214,3,0
0,0,0,0,11,28,5710,113974,0,0,0,0,0,193077,3,0
0,0,0,0,22,28,5711,113974,0,0,0,0,0,258918,3,0
0,0,0,0,12,28,5712,113974,0,0,0,0,0,279891,3,0
0,0,0,0,95,28,5713,113974,0,0,0,0,0,74538,3,0
1,0,0,1,31,29,5714,113974,0,0,0,0,0,273917,3,0
0,0,0,0,21,29,5715,113974,0,0,0,0,0,277987,3,0
0,0,0,0,80,29,5716,113974,0,0,0,0,0,276743,3,0
0,0,0,0,17,29,5717,113974,0,0,0,0,0,220785,2,0
0,0,0,0,28,0,5718,687,0,0,0,0,0,266389,3,0
2,0,0,0,31,4,5719,687,0,0,0,0,0,212401,3,0
1,0,0,0,4,5,5720,687,0,0,0,0,0,206485,3,0
0,0,0,0,18,6,5721,687,0,0,0,0,0,242263,3,0
4,0,0,1,23,12,5722,687,0,0,0,0,1,270820,5,0
1,0,0,0,25,13,5723,687,0,0,0,0,0,266390,3,0
0,0,0,0,6,15,5724,687,0,0,0,0,0,202078,2,0
4,0,0,1,27,16,5725,687,0,0,0,0,0,274535,3,0
12,0,0,1,10,17,5726,687,0,0,0,0,1,241907,3,0
8,0,0,1,17,19,5727,687,0,0,0,0,0,237075,3,0
19,1,0,1,9,25,5728,687,0,0,0,0,3,237034,5,0
5,0,0,1,19,28,5729,687,0,0,0,0,0,269923,3,0
1,0,0,0,14,28,5730,687,0,0,0,0,0,229217,3,0
1,0,0,0,20,28,5731,687,0,0,0,0,0,248113,3,0
0,0,0,0,21,28,5732,687,0,0,0,0,0,257346,3,0
0,0,0,0,1,28,5733,687,0,0,0,0,0,267684,3,0
0,0,0,0,5,28,5734,687,0,0,0,0,0,235425,3,0
1,0,0,0,13,28,5735,687,0,0,0,0,0,262094,3,0
1,0,0,0,12,28,5736,687,0,0,0,0,0,246803,2,0
0,0,0,0,7,28,5737,687,0,0,0,0,0,245855,5,0
1,0,0,0,2,28,5738,687,0,0,0,0,0,246106,3,0
0,0,0,0,24,28,5739,687,0,0,0,0,0,206549,3,0
0,0,0,0,22,28,5740,687,0,0,0,0,0,239993,3,0
0,0,0,0,16,29,5741,687,0,0,0,0,0,70155,3,0
0,0,0,0,24,0,5742,688,0,0,0,0,0,226786,3,0
1,0,0,0,22,3,5743,688,0,0,0,0,0,242542,3,0
1,0,0,0,97,4,5744,688,0,0,0,0,0,242199,3,0
2,0,0,0,3,6,5745,688,0,0,0,0,1,266805,3,0
3,0,0,1,7,7,5746,688,0,0,0,0,1,211119,5,0
0,0,0,0,4,9,5747,688,0,0,0,0,0,256215,1,0
2,0,0,0,43,11,5748,688,0,0,0,0,0,192955,3,0
3,0,0,1,8,17,5749,688,0,0,0,0,0,243464,3,0
6,0,0,1,10,18,5750,688,0,0,0,0,2,277301,3,0
3,0,0,1,11,19,5751,688,0,0,0,0,0,229658,3,0
23,1,0,1,20,25,5752,688,0,0,0,1,2,184111,5,0
2,0,0,0,77,28,5753,688,0,0,0,0,0,214718,3,0
2,0,0,0,21,28,5754,688,0,0,0,0,0,266852,3,0
0,0,0,0,16,28,5755,688,0,0,0,0,0,279787,3,0
0,0,0,0,45,28,5756,688,0,0,0,0,0,271756,3,0
0,0,0,0,1,28,5757,688,0,0,0,0,0,231878,3,0
1,0,0,0,23,28,5758,688,0,0,0,0,0,227998,3,0
1,0,0,0,17,28,5759,688,0,0,0,0,0,70045,3,0
0,0,0,0,25,28,5760,688,0,0,0,0,0,268685,3,0
0,0,0,0,12,28,5761,688,0,0,0,0,0,71080,3,0
1,0,0,0,28,28,5762,688,0,0,0,0,0,251547,3,0
0,0,0,0,5,28,5763,688,0,0,0,0,0,74322,3,0
0,0,0,0,30,28,5764,688,0,0,0,0,0,266857,3,0
0,0,0,0,56,29,5765,688,0,0,0,0,0,252335,3,0
0,0,0,0,6,29,5766,688,0,0,0,0,0,233314,3,0
0,0,0,0,26,29,5767,688,0,0,0,0,0,70188,3,0
0,0,0,0,31,0,5768,689,0,0,0,0,0,242084,3,0
0,0,0,0,12,3,5769,689,0,0,0,0,0,255033,3,0
0,0,0,0,15,4,5770,689,0,0,0,0,0,247459,2,0
0,0,0,0,3,6,5771,689,0,0,0,0,0,260001,2,0
2,0,0,0,47,7,5772,689,0,0,0,0,1,251834,3,0
5,0,0,1,17,12,5773,689,0,0,0,0,0,256426,2,0
0,0,0,0,75,13,5774,689,0,0,0,0,0,266033,3,0
0,0,0,0,48,15,5775,689,0,0,0,0,0,275294,3,0
7,0,0,1,10,16,5776,689,0,0,0,0,1,208448,3,0
4,0,0,1,13,24,5777,689,0,0,0,0,0,234905,3,0
13,0,0,1,9,26,5778,689,0,0,0,0,1,221908,3,0
8,0,0,1,11,28,5779,689,0,0,0,0,1,271195,3,0
3,0,0,0,19,28,5780,689,0,0,0,0,0,260772,3,0
1,0,0,0,4,28,5781,689,0,0,0,0,0,246048,3,0
1,0,0,0,6,28,5782,689,0,0,0,0,0,236038,3,0
0,0,0,0,18,28,5783,689,0,0,0,0,0,207610,3,0
1,0,0,0,7,28,5784,689,0,0,0,0,0,241984,3,0
2,0,0,0,2,28,5785,689,0,0,0,0,0,268402,3,0
0,0,0,0,38,28,5786,689,0,0,0,0,0,241004,3,0
0,0,0,0,5,28,5787,689,0,0,0,0,0,273548,3,0
0,0,0,0,24,28,5788,689,0,0,0,0,0,261639,3,0
0,0,0,0,33,28,5789,689,0,0,0,0,0,69986,3,0
0,0,0,0,23,28,5790,689,0,0,0,0,0,70573,3,0
1,0,0,0,22,29,5791,689,0,0,0,0,1,267796,4,0
0,0,0,0,31,0,5792,691,0,0,0,0,0,246958,2,0
1,0,0,0,12,3,5793,691,0,0,0,0,0,236993,3,0
0,0,0,0,3,4,5794,691,0,0,0,0,0,246406,2,0
0,0,0,0,2,6,5795,691,0,0,0,0,0,229879,3,0
0,0,0,0,23,7,5796,691,0,0,0,0,0,266682,3,0
0,0,0,0,8,9,5797,691,0,0,0,0,0,226793,3,0
1,0,0,0,14,11,5798,691,0,0,0,0,0,237385,3,0
3,0,0,1,47,12,5799,691,0,0,0,0,0,269823,3,0
2,0,0,1,5,16,5800,691,0,0,0,0,0,241026,3,0
7,0,0,1,10,18,5801,691,0,0,0,0,1,210930,3,0
9,0,0,1,9,25,5802,691,0,0,0,0,0,235194,3,0
0,0,0,0,20,28,5803,691,0,0,0,0,0,244895,3,0
2,0,0,1,41,28,5804,691,0,0,0,0,0,270107,2,0
1,0,0,0,21,28,5805,691,0,0,0,0,0,230794,3,0
2,0,0,1,18,28,5806,691,0,0,0,0,0,217606,3,0
0,0,0,0,36,28,5807,691,0,0,0,0,0,227653,3,0
3,0,0,1,17,28,5808,691,0,0,0,0,0,202428,3,0
1,0,0,0,15,28,5809,691,0,0,0,0,0,242554,3,0
0,0,0,0,11,28,5810,691,0,0,0,0,0,248281,3,0
0,0,0,0,27,28,5811,691,0,0,0,0,0,226803,3,0
0,0,0,0,88,28,5812,691,0,0,0,0,0,212592,3,0
0,0,0,0,28,28,5813,691,0,0,0,0,0,238922,3,0
0,0,0,0,26,28,5814,691,0,0,0,0,0,221696,3,0
0,0,0,0,6,29,5815,691,0,0,0,0,0,198970,3,0
0,0,0,0,16,29,5816,691,0,0,0,0,0,274666,3,0
0,0,0,0,32,29,5817,691,0,0,0,0,0,278955,3,0
0,0,0,0,43,29,5818,691,0,0,0,0,0,73857,3,0
0,0,0,0,34,0,5819,693,0,0,0,0,0,260982,3,0
1,0,0,0,27,3,5820,693,0,0,0,0,0,242759,3,0
1,0,0,0,5,4,5821,693,0,0,0,0,0,211826,2,0
0,0,0,0,2,6,5822,693,0,0,0,0,0,193470,2,0
1,0,0,0,15,7,5823,693,0,0,0,0,0,247278,3,0
3,0,0,1,23,9,5824,693,0,0,0,0,1,213209,5,0
1,0,0,0,30,11,5825,693,0,0,0,0,0,227772,3,0
5,0,0,1,7,12,5826,693,0,0,0,0,0,240117,3,0
3,0,0,1,11,16,5827,693,0,0,0,0,0,229881,3,0
6,0,0,1,17,18,5828,693,0,0,0,0,0,260984,5,0
10,0,0,1,9,25,5829,693,0,0,0,0,0,233630,3,0
2,0,0,0,19,28,5830,693,0,0,0,0,0,258834,2,0
0,0,0,0,8,28,5831,693,0,0,0,0,0,242714,3,0
1,0,0,0,4,28,5832,693,0,0,0,0,0,247173,3,0
1,0,0,0,22,28,5833,693,0,0,0,0,0,255273,3,0
0,0,0,0,18,28,5834,693,0,0,0,0,0,236989,3,0
0,0,0,0,31,28,5835,693,0,0,0,0,0,246335,3,0
0,0,0,0,14,28,5836,693,0,0,0,0,0,227520,3,0
3,0,0,1,21,28,5837,693,0,0,0,0,1,232166,5,0
2,0,0,0,12,28,5838,693,0,0,0,0,1,243459,4,0
1,0,0,0,24,28,5839,693,0,0,0,0,1,273550,3,0
0,0,0,0,77,28,5840,693,0,0,0,0,0,247474,3,0
0,0,0,0,16,28,5841,693,0,0,0,0,0,242734,2,0
0,0,0,0,25,29,5842,693,0,0,0,0,0,259915,3,0
0,0,0,0,35,29,5843,693,0,0,0,0,0,271051,3,0
0,0,0,0,36,29,5844,693,0,0,0,0,0,277619,3,0
0,0,0,0,37,29,5845,693,0,0,0,0,0,260983,3,0
0,0,0,0,95,0,5846,694,0,0,0,0,0,234777,3,0
0,0,0,0,2,3,5847,694,0,0,0,0,0,231985,3,0
0,0,0,0,6,4,5848,694,0,0,0,0,0,237214,3,0
0,0,0,0,5,6,5849,694,0,0,0,0,0,212287,3,0
1,0,0,0,3,7,5850,694,0,0,0,0,0,242769,3,0
9,0,0,1,23,9,5851,694,0,0,0,0,0,245341,3,0
1,0,0,0,20,11,5852,694,0,0,0,0,1,228408,3,0
1,0,0,0,11,12,5853,694,0,0,0,0,0,247084,3,0
5,0,0,1,91,16,5854,694,0,0,0,0,0,246450,3,0
11,0,0,1,10,18,5855,694,0,0,0,0,0,237496,3,0
14,0,0,1,9,25,5856,694,0,0,0,0,0,276619,4,0
3,0,0,0,7,28,5857,694,0,0,0,0,0,229707,3,0
2,0,0,0,77,28,5858,694,0,0,0,0,0,261455,3,0
1,0,0,0,4,28,5859,694,0,0,0,0,0,237000,3,0
0,0,0,0,42,28,5860,694,0,0,0,0,0,268716,3,0
0,0,0,0,31,28,5861,694,0,0,0,0,0,70142,3,0
0,0,0,0,21,28,5862,694,0,0,0,0,0,268349,3,0
0,0,0,0,56,28,5863,694,0,0,0,0,0,70217,3,0
1,0,0,0,18,28,5864,694,0,0,0,0,0,261453,4,0
0,0,0,0,28,28,5865,694,0,0,0,0,0,247014,3,0
4,0,0,1,14,28,5866,694,0,0,0,0,0,261604,3,0
0,0,0,0,99,28,5867,694,0,0,0,0,0,271055,3,0
1,0,0,0,34,28,5868,694,0,0,0,0,0,261419,3,0
0,0,0,0,27,29,5869,694,0,0,0,0,0,70219,3,0
0,0,0,0,22,29,5870,694,0,0,0,0,0,248567,3,0
0,0,0,0,24,29,5871,694,0,0,0,0,0,70222,3,0
0,0,0,0,41,29,5872,694,0,0,0,0,0,72088,3,0
0,0,0,0,30,0,5873,695,0,0,0,0,0,236571,3,0
3,0,0,0,17,4,5874,695,0,0,0,0,0,256024,3,0
2,0,0,0,25,5,5875,695,0,0,0,0,1,232332,3,0
1,0,0,0,29,6,5876,695,0,0,0,0,0,247309,3,0
5,0,0,1,7,12,5877,695,0,0,0,0,0,217714,3,0
4,0,0,1,6,13,5878,695,0,0,0,0,0,256194,3,0
2,0,0,0,14,15,5879,695,0,0,0,0,0,190584,3,0
1,0,0,0,4,16,5880,695,0,0,0,0,0,236587,3,0
0,0,0,0,77,17,5881,695,0,0,0,0,0,275101,2,0
4,0,0,1,23,19,5882,695,0,0,0,0,0,71257,3,0
15,0,0,1,9,25,5883,695,0,0,0,0,0,244797,3,0
5,0,0,1,10,28,5884,695,0,0,0,0,0,241487,3,0
1,0,0,0,16,28,5885,695,0,0,0,0,0,267610,3,0
1,0,0,0,11,28,5886,695,0,0,0,0,0,247612,3,0
0,0,0,0,3,28,5887,695,0,0,0,0,0,190560,3,0
0,0,0,0,1,28,5888,695,0,0,0,0,0,202570,5,0
2,0,0,0,8,28,5889,695,0,0,0,0,0,201447,4,0
1,0,0,0,18,28,5890,695,0,0,0,0,0,242643,3,0
0,0,0,0,21,28,5891,695,0,0,0,0,0,251894,3,0
2,0,0,0,5,28,5892,695,0,0,0,0,0,247027,3,0
0,0,0,0,22,28,5893,695,0,0,0,0,0,242906,3,0
0,0,0,0,15,28,5894,695,0,0,0,0,0,266369,3,0
0,0,0,0,99,28,5895,695,0,0,0,0,0,264633,3,0
0,0,0,0,66,29,5896,695,0,0,0,0,0,279679,3,0
1,0,0,0,31,29,5897,695,0,0,0,0,0,220846,3,0
2,0,0,0,20,29,5898,695,0,0,0,0,1,252238,2,0
0,0,0,0,19,29,5899,695,0,0,0,0,0,238049,3,0
0,0,0,0,2,29,5900,695,0,0,0,0,0,272825,3,0
0,0,0,0,24,29,5901,695,0,0,0,0,0,273554,3,0
0,0,0,0,32,29,5902,695,0,0,0,0,0,272603,3,0
0,0,0,0,41,29,5903,695,0,0,0,0,0,272609,3,0
0,0,0,0,13,29,5904,695,0,0,0,0,0,267802,3,0
0,0,0,0,12,29,5905,695,0,0,0,0,0,73669,3,0
0,0,0,0,34,29,5906,695,0,0,0,0,0,279619,3,0
0,0,0,0,35,29,5907,695,0,0,0,0,0,279620,3,0
0,0,0,0,27,29,5908,695,0,0,0,0,0,274581,3,0
0,0,0,0,29,0,5909,696,0,0,0,0,0,200463,3,0
3,0,0,0,17,3,5910,696,0,0,0,0,0,264390,3,0
2,0,0,0,5,4,5911,696,0,0,0,0,0,215067,3,0
0,0,0,0,3,6,5912,696,0,0,0,0,0,192476,3,0
1,0,0,0,14,7,5913,696,0,0,0,0,0,221201,3,0
4,0,0,1,7,23,5914,696,0,0,0,0,0,185068,3,0
3,0,0,0,54,13,5915,696,0,0,0,0,0,213313,3,0
1,0,0,0,6,14,5916,696,0,0,0,0,0,225028,3,0
7,0,0,1,26,15,5917,696,0,0,0,0,0,221797,3,0
2,0,0,0,10,27,5918,696,0,0,0,0,0,232148,3,0
7,0,0,1,9,25,5919,696,0,0,0,0,0,192930,3,0
9,0,0,1,23,28,5920,696,0,0,0,0,0,270652,3,0
0,0,0,0,11,28,5921,696,0,0,0,0,0,226781,3,0
2,0,0,0,20,28,5922,696,0,0,0,0,0,279704,3,0
0,0,0,0,18,28,5923,696,0,0,0,0,0,239269,3,0
0,0,0,0,1,28,5924,696,0,0,0,0,0,256053,3,0
0,0,0,0,12,28,5925,696,0,0,0,0,0,232132,3,0
0,0,0,0,22,28,5926,696,0,0,0,0,0,247125,3,0
2,0,0,0,8,28,5927,696,0,0,0,0,0,226220,3,0
0,0,0,0,4,28,5928,696,0,0,0,0,0,256499,3,0
1,0,0,0,19,28,5929,696,0,0,0,0,0,261197,3,0
4,0,0,1,30,28,5930,696,0,0,0,0,1,275252,2,0
0,0,0,0,31,28,5931,696,0,0,0,0,0,273549,3,0
0,0,0,0,36,29,5932,696,0,0,0,0,0,70850,3,0
0,0,0,0,82,29,5933,696,0,0,0,0,0,274267,3,0
0,0,0,0,77,0,5934,697,0,0,0,0,0,227909,3,0
0,0,0,0,2,3,5935,697,0,0,0,0,0,233169,3,0
0,0,0,0,24,4,5936,697,0,0,0,0,0,260635,3,0
2,0,0,0,4,6,5937,697,0,0,0,0,0,191648,3,0
1,0,0,0,3,7,5938,697,0,0,0,0,0,258095,3,0
15,0,0,1,11,23,5939,697,0,0,0,0,2,70822,5,0
0,0,0,0,5,13,5940,697,0,0,0,0,0,205726,3,0
13,0,0,1,10,14,5941,697,0,0,0,0,2,242816,5,0
1,0,0,0,8,15,5942,697,0,0,0,0,0,208592,3,0
10,0,0,1,28,27,5943,697,0,0,0,0,0,241162,3,0
15,0,0,1,9,25,5944,697,0,0,0,0,1,251105,4,0
2,0,0,0,27,28,5945,697,0,0,0,0,0,256018,3,0
1,0,0,0,18,28,5946,697,0,0,0,0,0,188350,3,0
4,0,0,1,7,28,5947,697,0,0,0,0,0,201895,3,0
1,0,0,0,20,28,5948,697,0,0,0,0,0,247509,3,0
0,0,0,0,35,28,5949,697,0,0,0,0,0,275032,3,0
0,0,0,0,22,28,5950,697,0,0,0,0,0,182495,3,0
0,0,0,0,25,28,5951,697,0,0,0,0,0,273826,3,0
0,0,0,0,14,28,5952,697,0,0,0,0,0,247308,3,0
1,0,0,0,15,28,5953,697,0,0,0,0,0,202073,3,0
1,0,0,0,19,28,5954,697,0,0,0,0,0,275251,3,0
0,0,0,0,52,28,5955,697,0,0,0,0,0,260421,3,0
0,0,0,0,31,28,5956,697,0,0,0,0,0,241091,3,0
0,0,0,0,21,29,5957,697,0,0,0,0,0,72827,3,0
0,0,0,0,84,29,5958,697,0,0,0,0,0,75238,3,0
0,0,0,0,12,0,5959,698,0,0,0,0,0,198355,2,0
3,0,0,0,25,3,5960,698,0,0,0,0,0,246849,3,0
1,0,0,0,28,4,5961,698,0,0,0,0,1,199745,2,0
0,0,0,0,31,6,5962,698,0,0,0,0,0,274396,3,0
2,0,0,0,2,7,5963,698,0,0,0,0,0,222587,1,0
1,0,0,0,16,9,5964,698,0,0,0,0,0,156519,3,0
0,0,0,0,6,11,5965,698,0,0,0,0,0,234122,3,0
3,0,0,0,20,12,5966,698,0,0,0,0,0,243544,3,0
6,0,0,1,18,16,5967,698,0,0,0,0,0,275221,3,0
3,0,0,0,8,18,5968,698,0,0,0,0,0,238504,3,0
4,0,0,1,27,25,5969,698,0,0,0,0,0,238775,3,0
0,0,0,0,19,28,5970,698,0,0,0,0,0,73768,3,0
0,0,0,0,30,28,5971,698,0,0,0,0,0,273671,3,0
2,0,0,0,3,28,5972,698,0,0,0,0,0,210389,3,0
1,0,0,0,5,28,5973,698,0,0,0,0,0,209761,3,0
0,0,0,0,13,28,5974,698,0,0,0,0,0,232082,3,0
0,0,0,0,21,28,5975,698,0,0,0,0,0,194063,3,0
0,0,0,0,4,28,5976,698,0,0,0,0,0,261763,3,0
5,0,0,1,11,28,5977,698,0,0,0,0,0,244832,3,0
5,0,0,1,15,28,5978,698,0,0,0,0,0,237153,3,0
0,0,0,0,22,28,5979,698,0,0,0,0,0,247322,3,0
1,0,0,0,37,28,5980,698,0,0,0,0,0,263068,3,0
0,0,0,0,48,28,5981,698,0,0,0,0,0,270955,3,0
0,0,0,0,35,29,5982,698,0,0,0,0,0,269005,3,0
0,0,0,0,38,29,5983,698,0,0,0,0,0,272887,3,0
0,0,0,0,14,29,5984,698,0,0,0,0,0,239826,3,0
4,0,0,1,10,29,5985,698,0,0,0,0,1,220715,3,0
2,0,0,0,17,29,5986,698,0,0,0,0,0,273553,3,0
0,0,0,0,26,29,5987,698,0,0,0,0,0,73840,3,0
0,0,0,0,23,29,5988,698,0,0,0,0,0,70074,3,0
0,0,0,0,39,29,5989,698,0,0,0,0,0,74620,3,0
0,0,0,0,1,0,5990,101112,0,0,0,0,0,244656,3,0
2,0,0,1,2,4,5991,101112,0,0,0,0,0,253296,3,0
2,0,0,1,4,5,5992,101112,0,0,0,0,0,255827,3,0
0,0,0,0,15,6,5993,101112,0,0,0,0,0,213864,3,0
0,0,0,0,20,10,5994,101112,0,0,0,0,0,222429,3,0
9,0,0,1,11,12,5995,101112,0,0,0,0,0,230991,3,0
2,0,0,1,16,13,5996,101112,0,0,0,0,0,255205,3,0
1,0,0,0,45,15,5997,101112,0,0,0,0,0,261222,4,0
0,0,0,0,22,16,5998,101112,0,0,0,0,0,272604,3,0
9,0,0,1,25,24,5999,101112,0,0,0,0,0,208919,3,0
15,0,0,1,24,26,6000,101112,0,0,0,0,0,243456,3,0
2,0,0,1,19,28,6001,101112,0,0,0,0,0,215886,3,0
1,0,0,0,26,28,6002,101112,0,0,0,0,0,202282,3,0
1,0,0,0,8,28,6003,101112,0,0,0,0,0,220925,3,0
3,0,0,1,7,28,6004,101112,0,0,0,0,0,255772,3,0
0,0,0,0,32,28,6005,101112,0,0,0,0,0,258351,3,0
0,0,0,0,23,28,6006,101112,0,0,0,0,0,242573,3,0
0,0,0,0,6,28,6007,101112,0,0,0,0,0,242596,3,0
0,0,0,0,28,28,6008,101112,0,0,0,0,0,276300,3,0
1,0,0,0,3,28,6009,101112,0,0,0,0,0,220028,4,0
1,0,0,0,50,28,6010,101112,0,0,0,0,0,269196,3,0
0,0,0,0,12,28,6011,101112,0,0,0,0,0,269963,3,0
0,0,0,0,17,28,6012,101112,0,0,0,0,0,201873,3,0
0,0,0,0,13,29,6013,101112,0,0,0,0,0,259280,3,0
0,0,0,0,27,29,6014,101112,0,0,0,0,0,278889,3,0
0,0,0,0,18,29,6015,101112,0,0,0,0,0,275054,3,0
0,0,0,0,52,29,6016,101112,0,0,0,0,0,75138,3,0
0,0,0,0,59,29,6017,101112,0,0,0,0,0,75232,3,0
0,0,0,0,18,0,6018,111065,0,0,0,0,0,201940,3,0
0,0,0,0,2,3,6019,111065,0,0,0,0,0,233656,3,0
0,0,0,0,15,4,6020,111065,0,0,0,0,0,222557,3,0
2,0,0,0,4,6,6021,111065,0,0,0,0,0,246300,3,0
3,0,0,1,98,7,6022,111065,0,0,0,0,0,240501,3,0
1,0,0,0,14,9,6023,111065,0,0,0,0,0,274970,3,0
2,0,0,0,6,11,6024,111065,0,0,0,0,0,248870,4,0
0,0,0,0,16,12,6025,111065,0,0,0,0,0,254464,3,0
7,0,0,1,8,16,6026,111065,0,0,0,0,1,270517,5,0
3,0,0,1,25,18,6027,111065,0,0,0,0,0,202693,3,0
17,1,0,1,9,25,6028,111065,0,0,0,0,0,217998,3,0
9,0,0,1,29,28,6029,111065,0,0,0,0,0,254067,2,0
2,0,0,0,10,28,6030,111065,0,0,0,0,0,231390,3,0
1,0,0,0,11,28,6031,111065,0,0,0,0,0,276066,3,0
0,0,0,0,19,28,6032,111065,0,0,0,0,0,259039,3,0
0,0,0,0,35,28,6033,111065,0,0,0,0,0,271112,3,0
0,0,0,0,91,28,6034,111065,0,0,0,0,0,261140,4,0
0,0,0,0,30,28,6035,111065,0,0,0,0,0,200395,3,0
0,0,0,0,17,28,6036,111065,0,0,0,0,0,240096,3,0
1,0,0,0,13,28,6037,111065,0,0,0,0,0,264433,3,0
0,0,0,0,7,28,6038,111065,0,0,0,0,0,240448,3,0
0,0,0,0,28,28,6039,111065,0,0,0,0,0,247354,3,0
0,0,0,0,20,28,6040,111065,0,0,0,0,0,247323,3,0
1,0,0,0,26,29,6041,111065,0,0,0,0,0,274537,3,0
0,0,0,0,32,29,6042,111065,0,0,0,0,0,263060,3,0
0,0,0,0,92,29,6043,111065,0,0,0,0,0,275645,3,0
0,0,0,0,69,29,6044,111065,0,0,0,0,0,266610,3,0
0,0,0,0,72,29,6045,111065,0,0,0,0,0,278875,3,0
0,0,0,0,33,29,6046,111065,0,0,0,0,0,279941,3,0
0,0,0,0,97,0,6047,111138,0,0,0,0,0,247228,3,0
0,0,0,0,27,3,6048,111138,0,0,0,0,0,261196,3,0
0,0,0,0,4,4,6049,111138,0,0,0,0,0,244904,3,0
1,0,0,0,15,5,6050,111138,0,0,0,0,0,202170,3,0
0,0,0,0,28,6,6051,111138,0,0,0,0,0,74063,3,0
0,0,0,0,8,7,6052,111138,0,0,0,0,0,264157,3,0
5,0,0,1,31,10,6053,111138,0,0,0,0,1,247476,5,0
1,0,0,0,20,13,6054,111138,0,0,0,0,0,212424,3,0
6,0,0,1,17,15,6055,111138,0,0,0,0,0,228312,3,0
7,0,0,1,9,24,6056,111138,0,0,0,0,0,251229,3,0
4,0,0,0,22,26,6057,111138,0,0,0,0,0,190362,3,0
4,0,0,0,11,28,6058,111138,0,0,0,0,0,260485,3,0
0,0,0,0,54,28,6059,111138,0,0,0,0,0,233092,3,0
1,0,0,0,7,28,6060,111138,0,0,0,0,0,207440,3,0
11,0,0,1,21,28,6061,111138,0,0,0,0,0,264516,3,0
0,0,0,0,1,28,6062,111138,0,0,0,0,0,213428,3,0
0,0,0,0,44,28,6063,111138,0,0,0,0,0,259081,3,0
0,0,0,0,3,28,6064,111138,0,0,0,0,0,202076,3,0
0,0,0,0,19,28,6065,111138,0,0,0,0,0,236599,3,0
0,0,0,0,2,28,6066,111138,0,0,0,0,0,271106,3,0
8,0,0,1,14,28,6067,111138,0,0,0,0,0,271108,2,0
0,0,0,0,45,28,6068,111138,0,0,0,0,0,258667,3,0
0,0,0,0,13,28,6069,111138,0,0,0,0,0,271053,4,0
0,0,0,0,67,29,6070,111138,0,0,0,0,0,259568,5,0
0,0,0,0,24,29,6071,111138,0,0,0,0,0,71435,3,0
0,0,0,0,99,29,6072,111138,0,0,0,0,0,246020,3,0
0,0,0,0,55,29,6073,111138,0,0,0,0,0,72555,3,0
0,0,0,0,30,29,6074,111138,0,0,0,0,0,73211,3,0
0,0,0,0,90,29,6075,111138,0,0,0,0,0,71395,3,0
0,0,0,0,40,0,6076,111139,0,0,0,0,0,247494,4,0
0,0,0,0,24,4,6077,111139,0,0,0,0,0,255824,3,0
0,0,0,0,16,5,6078,111139,0,0,0,0,0,255956,3,0
1,0,0,0,4,6,6079,111139,0,0,0,0,0,263628,3,0
1,0,0,0,11,12,6080,111139,0,0,0,0,0,255335,3,0
1,0,0,0,19,13,6081,111139,0,0,0,0,0,260398,1,0
1,0,0,0,6,15,6082,111139,0,0,0,0,0,213092,4,0
0,0,0,0,44,16,6083,111139,0,0,0,0,0,234927,1,0
3,0,0,1,10,17,6084,111139,0,0,0,0,0,255411,3,0
3,0,0,1,23,19,6085,111139,0,0,0,0,0,259249,4,0
10,0,0,1,17,25,6086,111139,0,0,0,0,2,207877,3,0
4,0,0,1,9,28,6087,111139,0,0,0,0,0,259977,3,0
0,0,0,0,2,28,6088,111139,0,0,0,0,0,188942,3,0
0,0,0,0,21,28,6089,111139,0,0,0,0,0,234300,3,0
0,0,0,0,25,28,6090,111139,0,0,0,0,0,243513,4,0
0,0,0,0,33,28,6091,111139,0,0,0,0,0,237305,3,0
2,0,0,0,7,28,6092,111139,0,0,0,0,0,259288,3,0
2,0,0,0,8,28,6093,111139,0,0,0,0,0,259625,3,0
6,0,0,1,14,28,6094,111139,0,0,0,0,0,260443,3,0
0,0,0,0,3,28,6095,111139,0,0,0,0,0,255349,3,0
1,0,0,0,46,28,6096,111139,0,0,0,0,0,235347,3,0
0,0,0,0,1,28,6097,111139,0,0,0,0,0,261687,3,0
2,0,0,0,28,28,6098,111139,0,0,0,0,0,261605,3,0
0,0,0,0,38,29,6099,111139,0,0,0,0,0,72316,3,0
0,0,0,0,27,29,6100,111139,0,0,0,0,0,74623,3,0
0,0,0,0,41,0,6101,111140,0,0,0,0,0,238919,5,0
1,0,0,0,29,3,6102,111140,0,0,0,0,0,255894,3,0
0,0,0,0,13,4,6103,111140,0,0,0,0,0,215823,5,0
0,0,0,0,4,6,6104,111140,0,0,0,0,0,247648,1,0
0,0,0,0,5,7,6105,111140,0,0,0,0,0,232646,4,0
0,0,0,0,21,9,6106,111140,0,0,0,0,0,203067,3,0
2,0,0,0,19,11,6107,111140,0,0,0,0,0,242503,3,0
6,0,0,1,30,12,6108,111140,0,0,0,0,0,247933,4,0
16,0,0,1,14,16,6109,111140,0,0,0,0,0,223816,4,0
15,0,0,1,10,18,6110,111140,0,0,0,0,0,234505,5,0
14,0,0,1,9,25,6111,111140,0,0,0,0,0,213620,3,0
0,0,0,0,22,28,6112,111140,0,0,0,0,0,237203,3,0
5,0,0,1,11,28,6113,111140,0,0,0,0,0,263947,3,0
1,0,0,0,24,28,6114,111140,0,0,0,0,0,254578,3,0
0,0,0,0,2,28,6115,111140,0,0,0,0,0,226002,3,0
0,0,0,0,16,28,6116,111140,0,0,0,0,0,213536,3,0
1,0,0,0,23,28,6117,111140,0,0,0,0,0,242253,3,0
0,0,0,0,20,28,6118,111140,0,0,0,0,0,266150,3,0
0,0,0,0,18,28,6119,111140,0,0,0,0,0,257067,3,0
1,0,0,0,15,28,6120,111140,0,0,0,0,0,221656,3,0
0,0,0,0,44,28,6121,111140,0,0,0,0,0,246951,3,0
0,0,0,0,25,28,6122,111140,0,0,0,0,0,247346,3,0
0,0,0,0,17,28,6123,111140,0,0,0,0,0,266344,3,0
0,0,0,0,24,0,6124,111144,0,0,0,0,0,190569,4,0
1,0,0,0,16,3,6125,111144,0,0,0,0,0,242648,3,0
0,0,0,0,28,4,6126,111144,0,0,0,0,0,224396,3,0
3,0,0,1,25,6,6127,111144,0,0,0,0,0,267995,3,0
0,0,0,0,5,7,6128,111144,0,0,0,0,0,237469,3,0
1,0,0,0,18,9,6129,111144,0,0,0,0,0,263701,4,0
0,0,0,0,6,11,6130,111144,0,0,0,0,0,205953,3,0
1,0,0,0,7,12,6131,111144,0,0,0,0,0,226807,4,0
5,0,0,1,14,16,6132,111144,0,0,0,0,1,260657,5,0
10,0,0,1,11,18,6133,111144,0,0,0,0,2,210423,5,0
13,0,0,1,13,25,6134,111144,0,0,0,0,0,226035,2,0
1,0,0,0,17,28,6135,111144,0,0,0,0,0,243302,3,0
1,0,0,0,23,28,6136,111144,0,0,0,0,0,263790,3,0
0,0,0,0,4,28,6137,111144,0,0,0,0,0,225529,3,0
1,0,0,0,15,28,6138,111144,0,0,0,0,0,261565,3,0
0,0,0,0,26,28,6139,111144,0,0,0,0,0,262530,3,0
1,0,0,0,10,28,6140,111144,0,0,0,0,0,246045,3,0
0,0,0,0,75,28,6141,111144,0,0,0,0,0,248856,3,0
0,0,0,0,8,28,6142,111144,0,0,0,0,0,256934,3,0
0,0,0,0,27,28,6143,111144,0,0,0,0,0,69989,3,0
0,0,0,0,21,28,6144,111144,0,0,0,0,0,262208,3,0
0,0,0,0,33,28,6145,111144,0,0,0,0,0,275338,3,0
8,0,0,1,9,28,6146,111144,0,0,0,0,0,204538,3,0
1,0,0,0,99,29,6147,111144,0,0,0,0,0,268327,3,0
0,0,0,0,39,29,6148,111144,0,0,0,0,0,278151,3,0
0,0,0,0,29,29,6149,111144,0,0,0,0,0,272755,3,0
0,0,0,0,77,29,6150,111144,0,0,0,0,0,272663,3,0
1,0,0,0,93,29,6151,111144,0,0,0,0,1,72379,3,0
0,0,0,0,1,0,6152,111651,0,0,0,0,0,190780,2,0
0,0,0,0,15,4,6153,111651,0,0,0,0,0,71407,3,0
0,0,0,0,5,5,6154,111651,0,0,0,0,0,194146,3,0
1,0,0,0,28,6,6155,111651,0,0,0,0,0,237642,3,0
1,0,0,0,22,12,6156,111651,0,0,0,0,0,232081,4,0
2,0,0,0,21,13,6157,111651,0,0,0,0,0,213439,3,0
1,0,0,0,20,15,6158,111651,0,0,0,0,0,227916,3,0
2,0,0,0,16,16,6159,111651,0,0,0,0,0,71618,3,0
8,0,0,1,10,17,6160,111651,0,0,0,0,0,212404,3,0
4,0,0,1,24,19,6161,111651,0,0,0,0,0,198219,3,0
9,0,0,1,99,25,6162,111651,0,0,0,0,2,244250,3,0
3,0,0,1,11,28,6163,111651,0,0,0,0,0,166539,4,0
0,0,0,0,27,28,6164,111651,0,0,0,0,0,211581,3,0
0,0,0,0,19,28,6165,111651,0,0,0,0,0,268433,3,0
0,0,0,0,47,28,6166,111651,0,0,0,0,0,267847,3,0
0,0,0,0,90,28,6167,111651,0,0,0,0,0,277916,3,0
2,0,0,0,8,28,6168,111651,0,0,0,0,0,243828,3,0
1,0,0,0,14,28,6169,111651,0,0,0,0,0,274976,3,0
0,0,0,0,17,28,6170,111651,0,0,0,0,0,227362,3,0
3,0,0,1,29,28,6171,111651,0,0,0,0,0,266615,3,0
0,0,0,0,30,28,6172,111651,0,0,0,0,0,237307,3,0
0,0,0,0,6,28,6173,111651,0,0,0,0,0,260679,3,0
0,0,0,0,23,28,6174,111651,0,0,0,0,0,242302,3,0
0,0,0,0,38,29,6175,111651,0,0,0,0,0,75135,3,0
0,0,0,0,42,0,6176,111928,0,0,0,0,0,238604,3,0
0,0,0,0,29,3,6177,111928,0,0,0,0,0,216605,4,0
1,0,0,0,4,4,6178,111928,0,0,0,0,0,236924,3,0
3,0,0,1,26,6,6179,111928,0,0,0,0,0,263784,3,0
2,0,0,0,94,7,6180,111928,0,0,0,0,0,232388,3,0
0,0,0,0,14,9,6181,111928,0,0,0,0,0,237257,3,0
0,0,0,0,7,11,6182,111928,0,0,0,0,0,221860,3,0
4,0,0,1,10,12,6183,111928,0,0,0,0,0,226385,2,0
7,0,0,1,9,16,6184,111928,0,0,0,0,0,224874,3,0
6,0,0,1,23,18,6185,111928,0,0,0,0,2,248231,4,0
6,0,0,1,11,25,6186,111928,0,0,0,0,1,237256,3,0
0,0,0,0,6,28,6187,111928,0,0,0,0,0,202107,3,0
0,0,0,0,30,28,6188,111928,0,0,0,0,0,266518,3,0
3,0,0,1,3,28,6189,111928,0,0,0,0,0,243126,3,0
0,0,0,0,15,28,6190,111928,0,0,0,0,0,255136,3,0
0,0,0,0,25,28,6191,111928,0,0,0,0,0,186998,3,0
1,0,0,0,19,28,6192,111928,0,0,0,0,0,268483,3,0
3,0,0,1,28,28,6193,111928,0,0,0,0,0,261114,3,0
1,0,0,0,16,28,6194,111928,0,0,0,0,0,256110,3,0
0,0,0,0,77,28,6195,111928,0,0,0,0,0,254154,3,0
0,0,0,0,20,28,6196,111928,0,0,0,0,0,266340,3,0
0,0,0,0,98,28,6197,111928,0,0,0,0,0,267922,3,0
0,0,0,0,22,28,6198,111928,0,0,0,0,0,221709,3,0
1,0,0,0,17,29,6199,111928,0,0,0,0,0,266375,3,0
0,0,0,0,24,29,6200,111928,0,0,0,0,0,274533,3,0
0,0,0,0,1,29,6201,111928,0,0,0,0,0,242703,3,0
0,0,0,0,55,29,6202,111928,0,0,0,0,0,244677,3,0
0,0,0,0,18,0,6203,112134,0,0,0,0,0,216939,4,0
2,0,0,0,26,3,6204,112134,0,0,0,0,1,260477,4,0
2,0,0,0,5,4,6205,112134,0,0,0,0,0,233400,3,0
0,0,0,0,3,6,6206,112134,0,0,0,0,0,238008,3,0
1,0,0,0,27,7,6207,112134,0,0,0,0,0,239704,4,0
0,0,0,0,31,10,6208,112134,0,0,0,0,0,252859,3,0
4,0,0,1,16,13,6209,112134,0,0,0,0,1,260479,5,0
4,0,0,1,33,15,6210,112134,0,0,0,0,1,260547,3,0
17,1,0,1,10,18,6211,112134,0,0,0,0,0,238277,2,0
10,0,0,1,7,24,6212,112134,0,0,0,0,0,213815,3,0
9,0,0,1,28,26,6213,112134,0,0,0,0,0,263180,3,0
1,0,0,0,25,28,6214,112134,0,0,0,0,0,270137,3,0
2,0,0,0,11,28,6215,112134,0,0,0,0,0,191173,3,0
0,0,0,0,21,28,6216,112134,0,0,0,0,0,268805,3,0
0,0,0,0,15,28,6217,112134,0,0,0,0,0,243235,3,0
0,0,0,0,13,28,6218,112134,0,0,0,0,0,273942,3,0
2,0,0,0,9,28,6219,112134,0,0,0,0,0,263702,3,0
3,0,0,0,20,28,6220,112134,0,0,0,0,0,259978,3,0
0,0,0,0,30,28,6221,112134,0,0,0,0,0,267619,3,0
0,0,0,0,14,28,6222,112134,0,0,0,0,0,261333,3,0
0,0,0,0,54,28,6223,112134,0,0,0,0,0,70140,3,0
0,0,0,0,1,28,6224,112134,0,0,0,0,0,70853,3,0
0,0,0,0,29,28,6225,112134,0,0,0,0,0,278688,3,0
0,0,0,0,24,29,6226,112134,0,0,0,0,0,70141,3,0
0,0,0,0,76,29,6227,112134,0,0,0,0,0,72901,3,0
0,0,0,0,41,29,6228,112134,0,0,0,0,0,73870,3,0
0,0,0,0,35,29,6229,112134,0,0,0,0,0,70856,3,0
0,0,0,0,56,29,6230,112134,0,0,0,0,0,74265,3,0
0,0,0,0,1,0,6231,112606,0,0,0,0,0,225701,4,0
2,0,0,0,17,3,6232,112606,0,0,0,0,0,248168,3,0
1,0,0,0,15,4,6233,112606,0,0,0,0,0,237875,3,0
1,0,0,0,6,6,6234,112606,0,0,0,0,0,203137,3,0
1,0,0,0,3,7,6235,112606,0,0,0,0,0,247240,3,0
0,0,0,0,16,9,6236,112606,0,0,0,0,0,221664,2,0
1,0,0,0,5,11,6237,112606,0,0,0,0,0,259874,3,0
14,0,0,1,10,12,6238,112606,0,0,0,0,1,256136,3,0
5,0,0,1,77,16,6239,112606,0,0,0,0,1,236800,5,0
3,0,0,0,11,18,6240,112606,0,0,0,0,0,240744,3,0
10,0,0,1,13,25,6241,112606,0,0,0,0,1,274841,3,0
5,0,0,1,9,28,6242,112606,0,0,0,0,0,199110,2,0
8,0,0,1,7,28,6243,112606,0,0,0,0,2,261072,5,0
1,0,0,0,14,28,6244,112606,0,0,0,0,0,197225,3,0
0,0,0,0,24,28,6245,112606,0,0,0,0,0,247356,3,0
0,0,0,0,31,28,6246,112606,0,0,0,0,0,231861,3,0
0,0,0,0,8,28,6247,112606,0,0,0,0,0,207465,3,0
1,0,0,0,4,28,6248,112606,0,0,0,0,0,264085,3,0
0,0,0,0,20,28,6249,112606,0,0,0,0,0,266335,3,0
2,0,0,0,27,28,6250,112606,0,0,0,0,0,268767,3,0
0,0,0,0,38,28,6251,112606,0,0,0,0,0,271611,3,0
0,0,0,0,50,28,6252,112606,0,0,0,0,0,277189,3,0
0,0,0,0,23,28,6253,112606,0,0,0,0,0,274665,3,0
0,0,0,0,26,29,6254,112606,0,0,0,0,0,262379,3,0
0,0,0,0,95,29,6255,112606,0,0,0,0,0,272756,3,0
0,0,0,0,33,29,6256,112606,0,0,0,0,0,71602,3,0
0,0,0,0,30,29,6257,112606,0,0,0,0,0,267920,3,0
0,0,0,0,68,29,6258,112606,0,0,0,0,0,263237,3,0
0,0,0,0,34,29,6259,112606,0,0,0,0,0,74438,3,0
0,0,0,0,29,29,6260,112606,0,0,0,0,0,70442,3,0
0,0,0,0,49,0,6261,112828,0,0,0,0,0,247506,3,0
1,0,0,0,24,3,6262,112828,0,0,0,0,0,254492,3,0
0,0,0,0,13,4,6263,112828,0,0,0,0,0,233790,3,0
0,0,0,0,5,6,6264,112828,0,0,0,0,0,241737,3,0
1,0,0,0,22,7,6265,112828,0,0,0,0,0,268009,4,0
1,0,0,0,6,9,6266,112828,0,0,0,0,0,242214,3,0
2,0,0,0,55,11,6267,112828,0,0,0,0,0,241783,3,0
2,0,0,0,11,12,6268,112828,0,0,0,0,0,267866,3,0
5,0,0,1,17,16,6269,112828,0,0,0,0,0,236935,3,0
12,0,0,1,10,18,6270,112828,0,0,0,0,3,255862,5,0
16,0,0,1,16,25,6271,112828,0,0,0,0,2,268715,4,0
4,0,0,1,9,28,6272,112828,0,0,0,0,0,277303,3,0
1,0,0,0,27,28,6273,112828,0,0,0,0,0,183895,4,0
3,0,0,1,8,28,6274,112828,0,0,0,0,0,246047,3,0
1,0,0,0,35,28,6275,112828,0,0,0,0,1,272943,3,0
0,0,0,0,1,28,6276,112828,0,0,0,0,0,247121,3,0
3,0,0,1,26,28,6277,112828,0,0,0,0,0,268330,3,0
1,0,0,0,88,28,6278,112828,0,0,0,0,0,70444,3,0
0,0,0,0,80,28,6279,112828,0,0,0,0,0,247038,5,0
0,0,0,0,12,28,6280,112828,0,0,0,0,0,246354,3,0
0,0,0,0,30,28,6281,112828,0,0,0,0,0,260918,3,0
0,0,0,0,2,28,6282,112828,0,0,0,0,0,261705,3,0
0,0,0,0,18,28,6283,112828,0,0,0,0,0,264744,3,0
0,0,0,0,38,29,6284,112828,0,0,0,0,0,277302,3,0
0,0,0,0,7,29,6285,112828,0,0,0,0,0,71191,3,0
0,0,0,0,32,29,6286,112828,0,0,0,0,0,274998,3,0
0,0,0,0,44,29,6287,112828,0,0,0,0,0,69982,3,0
0,0,0,0,1,0,6288,112885,0,0,0,0,0,164505,3,0
0,0,0,0,11,3,6289,112885,0,0,0,0,0,237662,3,0
2,0,0,1,5,4,6290,112885,0,0,0,0,0,216730,3,0
0,0,0,0,3,6,6291,112885,0,0,0,0,0,203398,3,0
0,0,0,0,18,7,6292,112885,0,0,0,0,0,256044,3,0
0,0,0,0,8,9,6293,112885,0,0,0,0,0,235885,3,0
1,0,0,0,6,11,6294,112885,0,0,0,0,0,243222,3,0
8,0,0,1,9,12,6295,112885,0,0,0,0,0,239755,3,0
2,0,0,1,16,16,6296,112885,0,0,0,0,0,228768,3,0
3,0,0,1,59,18,6297,112885,0,0,0,0,1,214092,5,0
7,0,0,1,19,25,6298,112885,0,0,0,0,1,235184,3,0
0,0,0,0,13,28,6299,112885,0,0,0,0,0,176071,3,0
1,0,0,0,20,28,6300,112885,0,0,0,0,0,248555,4,0
1,0,0,0,28,28,6301,112885,0,0,0,0,1,258813,4,0
0,0,0,0,24,28,6302,112885,0,0,0,0,0,274272,3,0
0,0,0,0,22,28,6303,112885,0,0,0,0,0,279705,3,0
5,0,0,1,29,28,6304,112885,0,0,0,0,0,212790,3,0
0,0,0,0,2,28,6305,112885,0,0,0,0,0,240921,4,0
0,0,0,0,4,28,6306,112885,0,0,0,0,0,234178,3,0
0,0,0,0,21,28,6307,112885,0,0,0,0,0,259934,3,0
0,0,0,0,30,28,6308,112885,0,0,0,0,0,246447,3,0
0,0,0,0,31,28,6309,112885,0,0,0,0,0,157888,3,0
0,0,0,0,25,28,6310,112885,0,0,0,0,0,278490,3,0
1,0,0,0,35,29,6311,112885,0,0,0,0,0,274273,3,0
0,0,0,0,47,29,6312,112885,0,0,0,0,0,74622,3,0
0,0,0,0,1,0,6313,112893,0,0,0,0,0,254962,3,0
0,0,0,0,57,3,6314,112893,0,0,0,0,0,246263,3,0
0,0,0,0,6,4,6315,112893,0,0,0,0,0,274569,3,0
0,0,0,0,14,6,6316,112893,0,0,0,0,0,241569,3,0
4,0,0,1,18,7,6317,112893,0,0,0,0,0,189332,3,0
1,0,0,0,5,10,6318,112893,0,0,0,0,0,189511,3,0
17,1,0,1,10,23,6319,112893,0,0,0,0,2,158023,3,0
1,0,0,0,24,13,6320,112893,0,0,0,0,0,237223,3,0
2,0,0,0,55,15,6321,112893,0,0,0,0,0,269622,3,0
5,0,0,1,16,27,6322,112893,0,0,0,0,0,239944,3,0
18,1,0,1,9,25,6323,112893,0,0,0,0,1,176580,3,0
4,0,0,1,7,28,6324,112893,0,0,0,0,0,237183,3,0
8,0,0,1,8,28,6325,112893,0,0,0,0,1,253568,5,0
1,0,0,0,41,28,6326,112893,0,0,0,0,0,275253,3,0
0,0,0,0,33,28,6327,112893,0,0,0,0,0,236281,3,0
0,0,0,0,19,28,6328,112893,0,0,0,0,0,167435,5,0
3,0,0,0,30,28,6329,112893,0,0,0,0,0,272687,3,0
1,0,0,0,27,28,6330,112893,0,0,0,0,0,206414,3,0
0,0,0,0,15,28,6331,112893,0,0,0,0,0,267801,3,0
0,0,0,0,32,28,6332,112893,0,0,0,0,0,267872,4,0
0,0,0,0,42,28,6333,112893,0,0,0,0,0,71003,3,0
0,0,0,0,81,28,6334,112893,0,0,0,0,0,278217,3,0
0,0,0,0,43,28,6335,112893,0,0,0,0,0,276821,3,0
0,0,0,0,13,29,6336,112893,0,0,0,0,0,267636,3,0
0,0,0,0,62,29,6337,112893,0,0,0,0,0,276169,3,0
2,0,0,0,17,29,6338,112893,0,0,0,0,0,260732,3,0
2,0,0,0,73,29,6339,112893,0,0,0,0,0,71005,3,0
3,0,0,0,20,29,6340,112893,0,0,0,0,0,269278,3,0
0,0,0,0,21,29,6341,112893,0,0,0,0,0,214659,3,0
0,0,0,0,11,29,6342,112893,0,0,0,0,0,256287,3,0
0,0,0,0,56,29,6343,112893,0,0,0,0,0,278495,3,0
0,0,0,0,99,29,6344,112893,0,0,0,0,0,275365,3,0
0,0,0,0,1,0,6345,112996,0,0,0,0,0,167948,4,0
0,0,0,0,14,3,6346,112996,0,0,0,0,0,228321,3,0
0,0,0,0,3,4,6347,112996,0,0,0,0,0,219546,3,0
1,0,0,0,33,6,6348,112996,0,0,0,0,1,222123,5,0
1,0,0,0,24,7,6349,112996,0,0,0,0,0,221488,4,0
0,0,0,0,6,10,6350,112996,0,0,0,0,0,199562,3,0
6,0,0,1,13,23,6351,112996,0,0,0,0,1,258819,5,0
4,0,0,1,11,13,6352,112996,0,0,0,0,0,240319,3,0
3,0,0,0,20,15,6353,112996,0,0,0,0,0,236298,3,0
19,1,0,1,99,27,6354,112996,0,0,0,0,0,225951,3,0
0,0,0,0,9,25,6355,112996,0,0,0,0,0,178509,2,0
0,0,0,0,10,28,6356,112996,0,0,0,0,0,169416,3,0
4,0,0,1,30,28,6357,112996,0,0,0,0,1,272317,4,0
0,0,0,0,25,28,6358,112996,0,0,0,0,0,212607,3,0
0,0,0,0,2,28,6359,112996,0,0,0,0,0,260591,3,0
0,0,0,0,12,28,6360,112996,0,0,0,0,0,248216,3,0
14,0,0,1,19,28,6361,112996,0,0,0,0,0,247351,3,0
0,0,0,0,5,28,6362,112996,0,0,0,0,0,215703,3,0
0,0,0,0,4,28,6363,112996,0,0,0,0,0,237245,3,0
3,0,0,0,23,28,6364,112996,0,0,0,0,0,176048,3,0
0,0,0,0,8,28,6365,112996,0,0,0,0,0,236530,3,0
0,0,0,0,31,28,6366,112996,0,0,0,0,0,247428,3,0
0,0,0,0,43,28,6367,112996,0,0,0,0,0,276215,3,0
0,0,0,0,18,29,6368,112996,0,0,0,0,0,262209,3,0
0,0,0,0,36,29,6369,112996,0,0,0,0,0,71266,3,0
0,0,0,0,15,29,6370,112996,0,0,0,0,0,278502,3,0
1,0,0,0,27,29,6371,112996,0,0,0,0,0,275974,3,0
0,0,0,0,55,29,6372,112996,0,0,0,0,0,276264,3,0
0,0,0,0,91,29,6373,112996,0,0,0,0,0,73533,3,0
0,0,0,0,42,29,6374,112996,0,0,0,0,0,75236,3,0
0,0,0,0,77,29,6375,112996,0,0,0,0,0,75237,3,0
0,0,0,0,1,0,6376,113018,0,0,0,0,0,189117,5,0
2,0,0,0,14,3,6377,113018,0,0,0,0,0,240150,3,0
0,0,0,0,22,4,6378,113018,0,0,0,0,0,271143,3,0
1,0,0,0,4,6,6379,113018,0,0,0,0,0,210802,2,0
0,0,0,0,38,7,6380,113018,0,0,0,0,0,231874,3,0
5,0,0,1,10,9,6381,113018,0,0,0,0,0,238072,3,0
1,0,0,0,8,11,6382,113018,0,0,0,0,0,237407,3,0
2,0,0,0,21,12,6383,113018,0,0,0,0,0,242092,3,0
3,0,0,0,12,16,6384,113018,0,0,0,0,0,273124,3,0
3,0,0,0,19,18,6385,113018,0,0,0,0,0,254905,3,0
5,0,0,1,9,25,6386,113018,0,0,0,0,0,242998,3,0
5,0,0,1,36,28,6387,113018,0,0,0,0,0,226050,3,0
1,0,0,0,7,28,6388,113018,0,0,0,0,0,247245,3,0
1,0,0,0,15,28,6389,113018,0,0,0,0,0,232083,3,0
0,0,0,0,3,28,6390,113018,0,0,0,0,0,272324,3,0
0,0,0,0,39,28,6391,113018,0,0,0,0,0,211387,3,0
2,0,0,0,17,28,6392,113018,0,0,0,0,0,233125,5,0
4,0,0,1,29,28,6393,113018,0,0,0,0,0,277121,3,0
0,0,0,0,54,28,6394,113018,0,0,0,0,0,267635,3,0
1,0,0,0,5,28,6395,113018,0,0,0,0,0,255110,4,0
1,0,0,0,2,28,6396,113018,0,0,0,0,1,237252,5,0
0,0,0,0,20,28,6397,113018,0,0,0,0,0,273122,3,0
0,0,0,0,46,28,6398,113018,0,0,0,0,0,274942,3,0
1,0,0,0,85,29,6399,113018,0,0,0,0,0,72375,3,0
0,0,0,0,99,29,6400,113018,0,0,0,0,0,272813,3,0
1,0,0,0,41,29,6401,113018,0,0,0,0,0,275485,3,0
4,0,0,1,11,29,6402,113018,0,0,0,0,2,271293,5,0
0,0,0,0,40,29,6403,113018,0,0,0,0,0,72900,3,0
0,0,0,0,18,0,6404,113149,0,0,0,0,0,266382,1,0
0,0,0,0,6,4,6405,113149,0,0,0,0,0,232693,3,0
1,0,0,0,12,5,6406,113149,0,0,0,0,0,237255,2,0
0,0,0,0,32,6,6407,113149,0,0,0,0,0,268130,3,0
0,0,0,0,91,12,6408,113149,0,0,0,0,0,212722,3,0
0,0,0,0,5,13,6409,113149,0,0,0,0,0,258881,3,0
4,0,0,1,20,15,6410,113149,0,0,0,0,0,244788,3,0
10,0,0,1,23,16,6411,113149,0,0,0,0,0,246423,3,0
14,0,0,1,10,18,6412,113149,0,0,0,0,2,221634,5,0
3,0,0,0,11,24,6413,113149,0,0,0,0,1,242716,3,0
10,0,0,1,7,26,6414,113149,0,0,0,0,0,217242,3,0
0,0,0,0,9,28,6415,113149,0,0,0,0,0,254019,3,0
3,0,0,0,17,28,6416,113149,0,0,0,0,0,226495,3,0
6,0,0,1,19,28,6417,113149,0,0,0,0,0,268300,2,0
0,0,0,0,2,28,6418,113149,0,0,0,0,0,216346,3,0
0,0,0,0,1,28,6419,113149,0,0,0,0,0,213719,3,0
0,0,0,0,21,28,6420,113149,0,0,0,0,0,215565,3,0
0,0,0,0,4,28,6421,113149,0,0,0,0,0,221680,3,0
0,0,0,0,16,28,6422,113149,0,0,0,0,0,239438,3,0
1,0,0,0,22,28,6423,113149,0,0,0,0,0,275602,3,0
2,0,0,0,27,28,6424,113149,0,0,0,0,0,222644,3,0
0,0,0,0,33,28,6425,113149,0,0,0,0,0,274541,3,0
0,0,0,0,36,28,6426,113149,0,0,0,0,0,237399,3,0
0,0,0,0,15,29,6427,113149,0,0,0,0,0,261232,3,0
0,0,0,0,34,29,6428,113149,0,0,0,0,0,276245,3,0
0,0,0,0,37,29,6429,113149,0,0,0,0,0,274542,3,0
0,0,0,0,14,29,6430,113149,0,0,0,0,0,266388,3,0
0,0,0,0,26,29,6431,113149,0,0,0,0,0,274543,3,0
0,0,0,0,25,29,6432,113149,0,0,0,0,0,274269,3,0
0,0,0,0,1,0,6433,114161,0,0,0,0,0,213206,3,0
3,0,0,1,17,3,6434,114161,0,0,0,0,0,242624,3,0
2,0,0,0,18,4,6435,114161,0,0,0,0,0,242533,2,0
1,0,0,0,4,6,6436,114161,0,0,0,0,0,231948,1,0
3,0,0,1,29,7,6437,114161,0,0,0,0,0,279942,1,0
2,0,0,0,8,9,6438,114161,0,0,0,0,0,205895,3,0
1,0,0,0,6,11,6439,114161,0,0,0,0,1,261245,2,0
7,0,0,1,11,12,6440,114161,0,0,0,0,0,227594,3,0
1,0,0,0,33,16,6441,114161,0,0,0,0,0,269151,3,0
6,0,0,1,10,18,6442,114161,0,0,0,0,1,221125,5,0
4,0,0,1,14,25,6443,114161,0,0,0,0,0,204709,3,0
3,0,0,1,9,28,6444,114161,0,0,0,0,0,212478,3,0
0,0,0,0,5,28,6445,114161,0,0,0,0,0,228744,3,0
1,0,0,0,2,28,6446,114161,0,0,0,0,0,206662,3,0
0,0,0,0,15,28,6447,114161,0,0,0,0,0,234291,3,0
0,0,0,0,30,28,6448,114161,0,0,0,0,0,237250,3,0
0,0,0,0,23,28,6449,114161,0,0,0,0,0,261359,3,0
0,0,0,0,16,28,6450,114161,0,0,0,0,0,202231,3,0
0,0,0,0,13,28,6451,114161,0,0,0,0,0,207669,3,0
0,0,0,0,3,28,6452,114161,0,0,0,0,0,212170,3,0
1,0,0,0,7,28,6453,114161,0,0,0,0,0,258608,3,0
0,0,0,0,21,28,6454,114161,0,0,0,0,0,278884,3,0
0,0,0,0,20,28,6455,114161,0,0,0,0,0,238076,3,0
0,0,0,0,19,29,6456,114161,0,0,0,0,0,274107,3,0
0,0,0,0,26,29,6457,114161,0,0,0,0,0,72009,3,0
0,0,0,0,1,0,6458,114162,0,0,0,0,0,202215,2,0
1,0,0,0,18,3,6459,114162,0,0,0,0,0,232120,2,0
1,0,0,0,25,4,6460,114162,0,0,0,0,0,212591,3,0
1,0,0,0,5,6,6461,114162,0,0,0,0,0,259292,3,0
0,0,0,0,2,7,6462,114162,0,0,0,0,0,221713,2,0
0,0,0,0,54,9,6463,114162,0,0,0,0,0,226273,3,0
0,0,0,0,27,11,6464,114162,0,0,0,0,0,255177,3,0
4,0,0,1,19,12,6465,114162,0,0,0,0,2,231886,2,0
1,0,0,0,14,16,6466,114162,0,0,0,0,0,251352,4,0
8,0,0,1,10,18,6467,114162,0,0,0,0,2,210021,5,0
11,0,0,1,9,25,6468,114162,0,0,0,0,0,234249,3,0
1,0,0,0,20,28,6469,114162,0,0,0,0,0,217047,3,0
2,0,0,1,11,28,6470,114162,0,0,0,0,0,211672,3,0
0,0,0,0,8,28,6471,114162,0,0,0,0,0,227911,3,0
0,0,0,0,23,28,6472,114162,0,0,0,0,0,231987,3,0
0,0,0,0,30,28,6473,114162,0,0,0,0,0,256111,3,0
3,0,0,1,12,28,6474,114162,0,0,0,0,0,197716,3,0
0,0,0,0,44,28,6475,114162,0,0,0,0,0,237397,3,0
0,0,0,0,6,28,6476,114162,0,0,0,0,0,246804,3,0
0,0,0,0,3,28,6477,114162,0,0,0,0,0,266717,3,0
1,0,0,0,16,28,6478,114162,0,0,0,0,0,240611,3,0
0,0,0,0,22,28,6479,114162,0,0,0,0,0,261874,3,0
0,0,0,0,15,28,6480,114162,0,0,0,0,0,261875,3,0
0,0,0,0,28,29,6481,114162,0,0,0,0,0,71077,3,0
0,0,0,0,24,29,6482,114162,0,0,0,0,0,256039,3,0
0,0,0,0,13,29,6483,114162,0,0,0,0,0,277622,3,0
0,0,0,0,67,29,6484,114162,0,0,0,0,0,275115,3,0
0,0,0,0,21,29,6485,114162,0,0,0,0,0,70078,3,0
0,0,0,0,77,29,6486,114162,0,0,0,0,0,70079,3,0
0,0,0,0,47,29,6487,114162,0,0,0,0,0,70935,3,0
0,0,0,0,29,29,6488,114162,0,0,0,0,0,264366,3,0
0,0,0,0,1,0,6489,114640,0,0,0,0,0,266282,3,0
0,0,0,0,14,3,6490,114640,0,0,0,0,0,202814,3,0
1,0,0,0,29,4,6491,114640,0,0,0,0,0,262597,3,0
1,0,0,0,3,6,6492,114640,0,0,0,0,0,198261,3,0
0,0,0,0,21,7,6493,114640,0,0,0,0,0,207593,3,0
2,0,0,0,8,9,6494,114640,0,0,0,0,0,189280,3,0
1,0,0,0,28,11,6495,114640,0,0,0,0,0,246299,3,0
6,0,0,1,11,12,6496,114640,0,0,0,0,1,263377,3,0
6,0,0,1,18,16,6497,114640,0,0,0,0,0,269913,3,0
1,0,0,0,10,18,6498,114640,0,0,0,0,0,241985,3,0
9,0,0,1,33,25,6499,114640,0,0,0,0,1,274685,4,0
1,0,0,0,30,28,6500,114640,0,0,0,0,1,206171,3,0
1,0,0,0,13,28,6501,114640,0,0,0,0,0,237920,3,0
0,0,0,0,24,28,6502,114640,0,0,0,0,0,242334,3,0
0,0,0,0,6,28,6503,114640,0,0,0,0,0,220886,3,0
0,0,0,0,22,28,6504,114640,0,0,0,0,0,202469,3,0
6,0,0,1,9,28,6505,114640,0,0,0,0,3,224301,4,0
0,0,0,0,25,28,6506,114640,0,0,0,0,0,72167,3,0
0,0,0,0,34,28,6507,114640,0,0,0,0,0,274534,3,0
0,0,0,0,7,28,6508,114640,0,0,0,0,0,199960,3,0
1,0,0,0,23,28,6509,114640,0,0,0,0,0,71218,3,0
3,0,0,1,38,28,6510,114640,0,0,0,0,0,266098,3,0
0,0,0,0,20,28,6511,114640,0,0,0,0,0,70170,3,0
0,0,0,0,35,29,6512,114640,0,0,0,0,0,274684,3,0
0,0,0,0,40,29,6513,114640,0,0,0,0,0,71267,3,0
0,0,0,0,39,29,6514,114640,0,0,0,0,0,275008,3,0
0,0,0,0,26,29,6515,114640,0,0,0,0,0,259550,3,0
0,0,0,0,36,29,6516,114640,0,0,0,0,0,272817,3,0
0,0,0,0,37,29,6517,114640,0,0,0,0,0,271151,3,0
0,0,0,0,17,29,6518,114640,0,0,0,0,0,75295,3,0
0,0,0,0,1,0,6519,298,0,0,0,0,0,257568,5,0
2,0,0,0,19,3,6520,298,0,0,0,0,0,241726,5,0
0,0,0,0,38,4,6521,298,0,0,0,0,0,258920,4,0
0,0,0,0,21,6,6522,298,0,0,0,0,0,70693,4,0
1,0,0,0,23,7,6523,298,0,0,0,0,0,212040,3,0
6,0,0,1,39,23,6524,298,0,0,0,0,0,268738,4,0
0,0,0,0,5,13,6525,298,0,0,0,0,0,229263,3,0
3,0,0,1,20,14,6526,298,0,0,0,0,0,252858,4,0
6,0,0,1,41,15,6527,298,0,0,0,0,0,268737,3,0
2,0,0,0,45,27,6528,298,0,0,0,0,0,278753,3,0
4,0,0,1,18,25,6529,298,0,0,0,0,0,258710,3,0
1,0,0,0,7,28,6530,298,0,0,0,0,0,190549,3,0
1,0,0,0,6,28,6531,298,0,0,0,0,0,246757,3,0
0,0,0,0,2,28,6532,298,0,0,0,0,0,230836,3,0
0,0,0,0,25,28,6533,298,0,0,0,0,0,227601,3,0
0,0,0,0,12,28,6534,298,0,0,0,0,0,248283,3,0
1,0,0,0,35,28,6535,298,0,0,0,0,0,245537,3,0
1,0,0,0,10,28,6536,298,0,0,0,0,0,204612,3,0
9,1,0,1,9,28,6537,298,0,0,0,0,0,260567,3,0
0,0,0,0,3,28,6538,298,0,0,0,0,0,233040,3,0
0,0,0,0,4,28,6539,298,0,0,0,0,0,245076,3,0
0,0,0,0,55,28,6540,298,0,0,0,0,0,75193,3,0
0,0,0,0,46,28,6541,298,0,0,0,0,0,272322,3,0
0,0,0,0,50,29,6542,298,0,0,0,0,0,71868,3,0
0,0,0,0,12,0,6543,299,0,0,0,0,0,240489,2,0
0,0,0,0,16,3,6544,299,0,0,0,0,0,274948,2,0
3,0,0,1,4,4,6545,299,0,0,0,0,0,261388,2,0
2,0,0,1,28,6,6546,299,0,0,0,0,0,190491,3,0
0,0,0,0,19,7,6547,299,0,0,0,0,0,254809,3,0
0,0,0,0,6,10,6548,299,0,0,0,0,0,219990,3,0
3,0,0,1,17,23,6549,299,0,0,0,0,0,230736,3,0
1,0,0,0,7,13,6550,299,0,0,0,0,0,246389,2,0
1,0,0,0,23,15,6551,299,0,0,0,0,0,197954,2,0
2,0,0,1,20,27,6552,299,0,0,0,0,0,276434,3,0
8,0,0,1,10,25,6553,299,0,0,0,0,0,213778,2,0
2,0,0,1,8,28,6554,299,0,0,0,0,0,221631,2,0
0,0,0,0,14,28,6555,299,0,0,0,0,0,190490,3,0
0,0,0,0,64,28,6556,299,0,0,0,0,0,197996,3,0
0,0,0,0,3,28,6557,299,0,0,0,0,0,235532,2,0
0,0,0,0,1,28,6558,299,0,0,0,0,0,231566,3,0
0,0,0,0,9,28,6559,299,0,0,0,0,0,279675,3,0
1,0,0,0,30,28,6560,299,0,0,0,0,0,242975,3,0
1,0,0,0,15,28,6561,299,0,0,0,0,0,182160,3,0
1,0,0,0,11,28,6562,299,0,0,0,0,0,257269,3,0
0,0,0,0,55,28,6563,299,0,0,0,0,0,234365,3,0
0,0,0,0,22,28,6564,299,0,0,0,0,0,271679,3,0
0,0,0,0,18,28,6565,299,0,0,0,0,0,272933,3,0
0,0,0,0,21,29,6566,299,0,0,0,0,0,255466,2,0
0,0,0,0,38,29,6567,299,0,0,0,0,0,72319,3,0
0,0,0,0,77,29,6568,299,0,0,0,0,0,73960,3,0
0,0,0,0,43,29,6569,299,0,0,0,0,0,74632,3,0
0,0,0,0,33,29,6570,299,0,0,0,0,0,275021,3,0
0,0,0,0,5,29,6571,299,0,0,0,0,0,235166,2,0
0,0,0,0,31,29,6572,299,0,0,0,0,0,248329,3,0
0,0,0,0,2,29,6573,299,0,0,0,0,0,243603,3,0
0,0,0,0,1,0,6574,300,0,0,0,0,0,186508,3,0
0,0,0,0,2,3,6575,300,0,0,0,0,0,256040,3,0
1,0,0,0,6,4,6576,300,0,0,0,0,0,247754,4,0
0,0,0,0,4,6,6577,300,0,0,0,0,0,277305,3,0
1,0,0,0,3,7,6578,300,0,0,0,0,0,214650,5,0
9,1,0,1,10,23,6579,300,0,0,0,0,0,205214,3,0
0,0,0,0,13,13,6580,300,0,0,0,0,0,242062,2,0
0,0,0,0,8,14,6581,300,0,0,0,0,0,254142,3,0
7,0,0,1,29,15,6582,300,0,0,0,0,0,215195,3,0
2,0,0,0,17,27,6583,300,0,0,0,0,0,271265,3,0
5,0,0,1,20,25,6584,300,0,0,0,0,0,245384,5,0
6,0,0,1,9,28,6585,300,0,0,0,0,0,222168,3,0
0,0,0,0,16,28,6586,300,0,0,0,0,0,203426,3,0
0,0,0,0,27,28,6587,300,0,0,0,0,0,246310,3,0
0,0,0,0,23,28,6588,300,0,0,0,0,0,272970,3,0
0,0,0,0,12,28,6589,300,0,0,0,0,0,268413,2,0
0,0,0,0,11,28,6590,300,0,0,0,0,0,198024,2,0
3,0,0,1,26,28,6591,300,0,0,0,0,0,262860,4,0
2,0,0,0,18,28,6592,300,0,0,0,0,0,246390,3,0
1,0,0,0,15,28,6593,300,0,0,0,0,0,257072,4,0
0,0,0,0,32,28,6594,300,0,0,0,0,0,278703,3,0
0,0,0,0,31,28,6595,300,0,0,0,0,0,73262,3,0
0,0,0,0,33,28,6596,300,0,0,0,0,0,73381,3,0
0,0,0,0,24,29,6597,300,0,0,0,0,0,279217,3,0
1,0,0,0,7,29,6598,300,0,0,0,0,0,231582,3,0
0,0,0,0,22,29,6599,300,0,0,0,0,0,276627,3,0
0,0,0,0,22,0,6600,417,0,0,0,0,0,269971,2,0
3,0,0,1,18,3,6601,417,0,0,0,0,0,236634,4,0
0,0,0,0,26,4,6602,417,0,0,0,0,0,256384,2,0
1,0,0,0,2,5,6603,417,0,0,0,0,0,207622,3,0
3,0,0,1,19,6,6604,417,0,0,0,0,0,223253,3,0
2,0,0,0,28,7,6605,417,0,0,0,0,0,209335,3,0
0,0,0,0,17,10,6606,417,0,0,0,0,0,201877,4,0
12,1,0,1,20,13,6607,417,0,0,0,1,0,267685,5,0
2,0,0,0,15,15,6608,417,0,0,0,0,0,236471,4,0
5,0,0,1,27,24,6609,417,0,0,0,0,0,238236,4,0
12,1,0,1,7,26,6610,417,0,0,0,1,0,153048,5,0
2,0,0,0,8,28,6611,417,0,0,0,0,0,188091,3,0
3,0,0,1,5,28,6612,417,0,0,0,0,0,211365,3,0
0,0,0,0,24,28,6613,417,0,0,0,0,0,266875,3,0
0,0,0,0,3,28,6614,417,0,0,0,0,0,244056,3,0
0,0,0,0,34,28,6615,417,0,0,0,0,0,202810,3,0
0,0,0,0,16,28,6616,417,0,0,0,0,0,246063,3,0
4,0,0,1,31,28,6617,417,0,0,0,0,0,264294,3,0
0,0,0,0,29,28,6618,417,0,0,0,0,0,266552,3,0
1,0,0,0,21,28,6619,417,0,0,0,0,0,198599,3,0
0,0,0,0,23,28,6620,417,0,0,0,0,0,70328,3,0
0,0,0,0,4,28,6621,417,0,0,0,0,0,259763,3,0
1,0,0,0,25,28,6622,417,0,0,0,0,0,250850,3,0
0,0,0,0,14,29,6623,417,0,0,0,0,0,201888,3,0
1,0,0,0,11,29,6624,417,0,0,0,0,0,211457,3,0
1,0,0,0,9,29,6625,417,0,0,0,0,0,266927,3,0
0,0,0,0,32,29,6626,417,0,0,0,0,0,262814,3,0
0,0,0,0,10,29,6627,417,0,0,0,0,0,259134,3,0
2,0,0,0,33,29,6628,417,0,0,0,0,0,264295,3,0
0,0,0,0,1,0,6629,418,0,0,0,0,0,207633,2,0
3,0,0,1,2,3,6630,418,0,0,0,0,0,246291,4,0
1,0,0,0,14,4,6631,418,0,0,0,0,0,72062,2,0
1,0,0,0,21,5,6632,418,0,0,0,0,0,71864,2,0
1,0,0,0,4,6,6633,418,0,0,0,0,0,267690,3,0
0,0,0,0,23,7,6634,418,0,0,0,0,0,262173,1,0
2,0,0,1,11,10,6635,418,0,0,0,0,0,177279,2,0
1,0,0,0,6,13,6636,418,0,0,0,0,0,274979,2,0
1,0,0,0,8,15,6637,418,0,0,0,0,0,208297,2,0
7,0,0,1,9,24,6638,418,0,0,0,0,0,262732,3,0
5,0,0,1,15,26,6639,418,0,0,0,0,0,253152,3,0
1,0,0,0,20,28,6640,418,0,0,0,0,0,260000,3,0
1,0,0,0,5,28,6641,418,0,0,0,0,0,247376,3,0
0,0,0,0,25,28,6642,418,0,0,0,0,0,210691,3,0
0,0,0,0,30,28,6643,418,0,0,0,0,0,278707,3,0
0,0,0,0,12,28,6644,418,0,0,0,0,0,201864,3,0
3,0,0,1,10,28,6645,418,0,0,0,0,0,274701,4,0
0,0,0,0,17,28,6646,418,0,0,0,0,0,273870,3,0
0,0,0,0,16,28,6647,418,0,0,0,0,0,274855,3,0
0,0,0,0,22,28,6648,418,0,0,0,0,0,74966,3,0
0,0,0,0,28,28,6649,418,0,0,0,0,0,224391,3,0
0,0,0,0,24,28,6650,418,0,0,0,0,0,271045,3,0
0,0,0,0,29,28,6651,418,0,0,0,0,0,74218,3,0
0,0,0,0,19,29,6652,418,0,0,0,0,0,73635,3,0
0,0,0,0,32,29,6653,418,0,0,0,0,0,248067,3,0
0,0,0,0,12,0,6654,918,0,0,0,0,0,222389,4,0
1,0,0,0,20,3,6655,918,0,0,0,0,0,268375,4,0
0,0,0,0,18,4,6656,918,0,0,0,0,0,212938,3,0
2,0,0,0,6,6,6657,918,0,0,0,0,0,228238,3,0
2,0,0,0,15,7,6658,918,0,0,0,0,0,233800,4,0
6,0,0,1,7,10,6659,918,0,0,0,0,0,222227,3,0
6,0,0,1,23,23,6660,918,0,0,0,0,0,233848,5,0
4,0,0,1,26,13,6661,918,0,0,0,0,0,242162,4,0
5,0,0,1,14,15,6662,918,0,0,0,0,0,221001,4,0
2,0,0,0,77,27,6663,918,0,0,0,0,0,215443,5,0
10,1,0,1,9,25,6664,918,0,0,0,0,0,243203,3,0
2,0,0,0,94,28,6665,918,0,0,0,0,0,247333,3,0
0,0,0,0,4,28,6666,918,0,0,0,0,0,242623,4,0
0,0,0,0,30,28,6667,918,0,0,0,0,0,242712,3,0
0,0,0,0,25,28,6668,918,0,0,0,0,0,256397,4,0
0,0,0,0,1,28,6669,918,0,0,0,0,0,230787,3,0
3,0,0,0,99,28,6670,918,0,0,0,0,0,271090,3,0
2,0,0,0,19,28,6671,918,0,0,0,0,0,225077,3,0
0,0,0,0,2,28,6672,918,0,0,0,0,0,71882,3,0
0,0,0,0,5,28,6673,918,0,0,0,0,0,224793,3,0
0,0,0,0,11,28,6674,918,0,0,0,0,0,220074,3,0
0,0,0,0,29,28,6675,918,0,0,0,0,0,277027,3,0
0,0,0,0,10,28,6676,918,0,0,0,0,0,268740,3,0
0,0,0,0,45,29,6677,918,0,0,0,0,0,279929,3,0
0,0,0,0,44,29,6678,918,0,0,0,0,0,273044,3,0
0,0,0,0,17,29,6679,918,0,0,0,0,0,272934,3,0
2,0,0,0,21,29,6680,918,0,0,0,0,0,228212,3,0
0,0,0,0,24,29,6681,918,0,0,0,0,0,74400,3,0
2,0,0,0,8,29,6682,918,0,0,0,0,0,256598,3,0
0,0,0,0,27,29,6683,918,0,0,0,0,0,236750,3,0
0,0,0,0,3,29,6684,918,0,0,0,0,0,190824,3,0
0,0,0,0,22,29,6685,918,0,0,0,0,0,242134,3,0
0,0,0,0,16,29,6686,918,0,0,0,0,0,73037,3,0
0,0,0,0,1,0,6687,919,0,0,0,0,0,208573,5,0
0,0,0,0,23,3,6688,919,0,0,0,0,0,248245,3,0
1,0,0,0,3,4,6689,919,0,0,0,0,0,238263,4,0
0,0,0,0,21,6,6690,919,0,0,0,0,0,207502,4,0
5,0,0,1,17,7,6691,919,0,0,0,0,0,225251,3,0
3,0,0,0,16,23,6692,919,0,0,0,0,0,258892,3,0
4,0,0,1,18,13,6693,919,0,0,0,0,0,261456,3,0
3,0,0,0,10,14,6694,919,0,0,0,0,0,254084,3,0
2,0,0,0,8,15,6695,919,0,0,0,0,0,237937,3,0
6,0,0,1,9,27,6696,919,0,0,0,0,0,233379,4,0
7,0,0,1,20,25,6697,919,0,0,0,0,0,253441,3,0
1,0,0,0,14,28,6698,919,0,0,0,0,0,261391,3,0
0,0,0,0,22,28,6699,919,0,0,0,0,0,262226,3,0
0,0,0,0,13,28,6700,919,0,0,0,0,0,223861,3,0
0,0,0,0,26,28,6701,919,0,0,0,0,0,278724,4,0
0,0,0,0,12,28,6702,919,0,0,0,0,0,278719,3,0
5,0,0,1,11,28,6703,919,0,0,0,0,0,209264,3,0
0,0,0,0,35,28,6704,919,0,0,0,0,0,276251,3,0
0,0,0,0,5,28,6705,919,0,0,0,0,0,245332,3,0
0,0,0,0,6,28,6706,919,0,0,0,0,0,248855,3,0
0,0,0,0,2,28,6707,919,0,0,0,0,0,71321,3,0
0,0,0,0,36,28,6708,919,0,0,0,0,0,190822,3,0
0,0,0,0,32,28,6709,919,0,0,0,0,0,278720,3,0
0,0,0,0,43,29,6710,919,0,0,0,0,0,275492,3,0
0,0,0,0,25,29,6711,919,0,0,0,0,0,262733,3,0
1,0,0,0,27,29,6712,919,0,0,0,0,0,256417,3,0
0,0,0,0,1,0,6713,922,0,0,0,0,0,211021,2,0
0,0,0,0,26,3,6714,922,0,0,0,0,0,197391,3,0
1,0,0,0,25,4,6715,922,0,0,0,0,0,266659,4,0
2,0,0,0,71,5,6716,922,0,0,0,0,0,203363,3,0
0,0,0,0,27,6,6717,922,0,0,0,0,0,273893,3,0
4,0,0,1,17,7,6718,922,0,0,0,0,0,277902,3,0
0,0,0,0,8,10,6719,922,0,0,0,0,0,247821,4,0
4,0,0,1,10,13,6720,922,0,0,0,0,0,205291,3,0
3,0,0,1,23,15,6721,922,0,0,0,0,0,203368,4,0
4,0,0,1,22,24,6722,922,0,0,0,0,0,271993,3,0
1,0,0,0,7,26,6723,922,0,0,0,0,0,259402,3,0
0,0,0,0,77,28,6724,922,0,0,0,0,0,233444,3,0
6,0,0,1,9,28,6725,922,0,0,0,0,0,251828,2,0
0,0,0,0,20,28,6726,922,0,0,0,0,0,271161,3,0
0,0,0,0,5,28,6727,922,0,0,0,0,0,221633,3,0
0,0,0,0,32,28,6728,922,0,0,0,0,0,247839,3,0
0,0,0,0,14,28,6729,922,0,0,0,0,0,264745,3,0
0,0,0,0,11,28,6730,922,0,0,0,0,0,248167,3,0
0,0,0,0,21,28,6731,922,0,0,0,0,0,276252,2,0
0,0,0,0,4,28,6732,922,0,0,0,0,0,70916,3,0
0,0,0,0,18,28,6733,922,0,0,0,0,0,253016,3,0
1,0,0,0,36,28,6734,922,0,0,0,0,0,72013,3,0
0,0,0,0,12,28,6735,922,0,0,0,0,0,71881,3,0
0,0,0,0,37,29,6736,922,0,0,0,0,0,278914,3,0
0,0,0,0,40,0,6737,1456,0,0,0,0,0,224322,2,0
0,0,0,0,2,3,6738,1456,0,0,0,0,0,148696,2,0
0,0,0,0,14,4,6739,1456,0,0,0,0,0,233820,3,0
0,0,0,0,21,6,6740,1456,0,0,0,0,0,167159,3,0
0,0,0,0,3,7,6741,1456,0,0,0,0,0,247115,3,0
3,0,0,1,6,12,6742,1456,0,0,0,0,0,231241,2,0
0,0,0,0,26,13,6743,1456,0,0,0,0,0,213813,3,0
0,0,0,0,8,15,6744,1456,0,0,0,0,0,190979,3,0
1,0,0,1,24,16,6745,1456,0,0,0,0,0,242419,2,0
2,0,0,1,19,24,6746,1456,0,0,0,0,0,193422,3,0
3,0,0,1,29,26,6747,1456,0,0,0,0,0,275295,4,0
1,0,0,1,9,28,6748,1456,0,0,0,0,0,260043,3,0
1,0,0,1,18,28,6749,1456,0,0,0,0,0,262533,3,0
0,0,0,0,17,28,6750,1456,0,0,0,0,0,260621,3,0
0,0,0,0,16,28,6751,1456,0,0,0,0,0,274831,3,0
0,0,0,0,30,28,6752,1456,0,0,0,0,0,270543,3,0
0,0,0,0,20,28,6753,1456,0,0,0,0,0,256819,3,0
5,0,0,1,10,28,6754,1456,0,0,0,0,0,212041,3,0
1,0,0,1,13,28,6755,1456,0,0,0,0,0,277062,3,0
0,0,0,0,25,28,6756,1456,0,0,0,0,0,71686,3,0
1,0,0,1,5,28,6757,1456,0,0,0,0,0,70918,3,0
0,0,0,0,27,28,6758,1456,0,0,0,0,0,279024,3,0
0,0,0,0,1,28,6759,1456,0,0,0,0,0,190459,3,0
1,0,0,1,7,29,6760,1456,0,0,0,0,0,256418,3,0
0,0,0,0,15,29,6761,1456,0,0,0,0,0,234639,3,0
0,0,0,0,4,29,6762,1456,0,0,0,0,0,256429,3,0
0,0,0,0,22,29,6763,1456,0,0,0,0,0,277791,3,0
0,0,0,0,1,0,6764,1463,0,0,0,0,0,247611,3,0
1,0,0,1,25,3,6765,1463,0,0,0,0,0,277237,2,0
0,0,0,0,4,4,6766,1463,0,0,0,0,0,243347,3,0
0,0,0,0,6,6,6767,1463,0,0,0,0,0,238508,3,0
0,0,0,0,3,7,6768,1463,0,0,0,0,0,235884,3,0
1,0,0,1,77,9,6769,1463,0,0,0,0,0,256398,3,0
3,0,0,1,16,11,6770,1463,0,0,0,0,0,236877,4,0
1,0,0,1,7,12,6771,1463,0,0,0,0,0,274710,3,0
3,0,0,1,11,16,6772,1463,0,0,0,0,0,256383,3,0
3,0,0,1,21,18,6773,1463,0,0,0,0,0,239175,3,0
4,0,0,1,29,25,6774,1463,0,0,0,0,0,269414,3,0
1,0,0,1,24,28,6775,1463,0,0,0,0,0,277238,4,0
1,0,0,1,37,28,6776,1463,0,0,0,0,0,278752,3,0
1,0,0,1,2,28,6777,1463,0,0,0,0,0,273614,3,0
0,0,0,0,5,28,6778,1463,0,0,0,0,0,274199,3,0
0,0,0,0,22,28,6779,1463,0,0,0,0,0,196983,3,0
1,0,0,1,20,28,6780,1463,0,0,0,0,0,71843,3,0
1,0,0,1,9,28,6781,1463,0,0,0,0,0,246954,2,0
0,0,0,0,14,28,6782,1463,0,0,0,0,0,221346,3,0
1,0,0,1,8,28,6783,1463,0,0,0,0,0,220964,3,0
0,0,0,0,13,28,6784,1463,0,0,0,0,0,70954,3,0
0,0,0,0,41,28,6785,1463,0,0,0,0,0,71860,3,0
0,0,0,0,66,28,6786,1463,0,0,0,0,0,71865,3,0
0,0,0,0,55,29,6787,1463,0,0,0,0,0,278823,3,0
0,0,0,0,39,29,6788,1463,0,0,0,0,0,71866,3,0
0,0,0,0,40,29,6789,1463,0,0,0,0,0,278820,3,0
0,0,0,0,10,29,6790,1463,0,0,0,0,0,71862,3,0
0,0,0,0,12,29,6791,1463,0,0,0,0,0,227616,3,0
0,0,0,0,12,0,6792,1756,0,0,0,0,0,191153,3,0
1,0,0,0,22,3,6793,1756,0,0,0,0,0,229678,4,0
1,0,0,0,14,4,6794,1756,0,0,0,0,0,71292,3,0
0,0,0,0,23,5,6795,1756,0,0,0,0,0,246911,3,0
3,0,0,1,6,6,6796,1756,0,0,0,0,0,222166,3,0
3,0,0,1,2,7,6797,1756,0,0,0,0,0,261623,3,0
1,0,0,0,11,10,6798,1756,0,0,0,0,0,239960,3,0
3,0,0,1,18,13,6799,1756,0,0,0,0,0,279832,3,0
2,0,0,1,7,15,6800,1756,0,0,0,0,0,267688,3,0
4,0,0,1,10,24,6801,1756,0,0,0,0,0,252434,3,0
1,0,0,0,77,26,6802,1756,0,0,0,0,0,228454,3,0
1,0,0,0,16,28,6803,1756,0,0,0,0,0,227866,3,0
2,0,0,1,9,28,6804,1756,0,0,0,0,0,234638,3,0
2,0,0,1,21,28,6805,1756,0,0,0,0,0,238195,3,0
2,0,0,1,26,28,6806,1756,0,0,0,0,0,263658,3,0
0,0,0,0,1,28,6807,1756,0,0,0,0,0,273615,3,0
0,0,0,0,25,28,6808,1756,0,0,0,0,0,274922,3,0
0,0,0,0,19,28,6809,1756,0,0,0,0,0,227869,4,0
0,0,0,0,5,28,6810,1756,0,0,0,0,0,74175,3,0
0,0,0,0,4,28,6811,1756,0,0,0,0,0,267694,3,0
0,0,0,0,30,28,6812,1756,0,0,0,0,0,252280,3,0
0,0,0,0,24,28,6813,1756,0,0,0,0,0,275059,3,0
0,0,0,0,15,28,6814,1756,0,0,0,0,0,71070,3,0
0,0,0,0,8,29,6815,1756,0,0,0,0,0,71059,3,0
0,0,0,0,1,0,6816,1757,0,0,0,0,0,225766,3,0
0,0,0,0,26,3,6817,1757,0,0,0,0,0,268401,3,0
1,0,0,0,2,4,6818,1757,0,0,0,0,0,273649,3,0
2,0,0,1,47,6,6819,1757,0,0,0,0,0,277771,3,0
0,0,0,0,17,7,6820,1757,0,0,0,0,0,251143,3,0
2,0,0,1,27,23,6821,1757,0,0,0,0,0,273978,3,0
4,0,0,1,10,13,6822,1757,0,0,0,0,0,71084,4,0
1,0,0,0,18,14,6823,1757,0,0,0,0,0,272968,4,0
0,0,0,0,20,15,6824,1757,0,0,0,0,0,69965,3,0
5,0,0,1,7,27,6825,1757,0,0,0,0,0,240499,3,0
4,0,0,1,23,25,6826,1757,0,0,0,0,0,73914,3,0
0,0,0,0,45,28,6827,1757,0,0,0,0,0,71045,3,0
1,0,0,0,8,28,6828,1757,0,0,0,0,0,262911,3,0
1,0,0,0,6,28,6829,1757,0,0,0,0,0,255940,3,0
0,0,0,0,99,28,6830,1757,0,0,0,0,0,251336,3,0
0,0,0,0,30,28,6831,1757,0,0,0,0,0,275000,3,0
0,0,0,0,11,28,6832,1757,0,0,0,0,0,269968,3,0
0,0,0,0,3,28,6833,1757,0,0,0,0,0,264297,3,0
0,0,0,0,28,28,6834,1757,0,0,0,0,0,74730,3,0
0,0,0,0,25,28,6835,1757,0,0,0,0,0,278702,3,0
0,0,0,0,22,28,6836,1757,0,0,0,0,0,278701,3,0
0,0,0,0,4,28,6837,1757,0,0,0,0,0,257546,3,0
2,0,0,1,21,28,6838,1757,0,0,0,0,0,241955,3,0
0,0,0,0,16,29,6839,1757,0,0,0,0,0,271615,3,0
4,0,0,1,9,29,6840,1757,0,0,0,0,0,201993,3,0
1,0,0,0,43,29,6841,1757,0,0,0,0,0,272921,2,0
0,0,0,0,5,29,6842,1757,0,0,0,0,0,74302,3,0
0,0,0,0,35,29,6843,1757,0,0,0,0,0,71992,3,0
0,0,0,0,33,29,6844,1757,0,0,0,0,0,74789,3,0
0,0,0,0,30,0,6845,2041,0,0,0,0,0,70118,3,0
1,0,0,0,5,3,6846,2041,0,0,0,0,0,191730,4,0
0,0,0,0,22,4,6847,2041,0,0,0,0,0,251905,3,0
1,0,0,0,17,5,6848,2041,0,0,0,0,0,256396,3,0
1,0,0,0,15,6,6849,2041,0,0,0,0,0,276257,3,0
5,0,0,1,4,7,6850,2041,0,0,0,0,0,70120,3,0
1,0,0,0,19,10,6851,2041,0,0,0,0,0,70124,3,0
0,0,0,0,12,13,6852,2041,0,0,0,0,0,255347,3,0
9,1,0,1,10,15,6853,2041,0,0,0,0,0,266731,4,0
3,0,0,1,13,24,6854,2041,0,0,0,0,0,241915,2,0
1,0,0,0,23,26,6855,2041,0,0,0,0,0,264273,3,0
2,0,0,1,29,28,6856,2041,0,0,0,0,0,244220,3,0
2,0,0,1,20,28,6857,2041,0,0,0,0,0,256748,3,0
0,0,0,0,16,28,6858,2041,0,0,0,0,0,266606,3,0
0,0,0,0,3,28,6859,2041,0,0,0,0,0,254750,3,0
0,0,0,0,25,28,6860,2041,0,0,0,0,0,70119,3,0
0,0,0,0,14,28,6861,2041,0,0,0,0,0,70126,3,0
3,0,0,1,9,28,6862,2041,0,0,0,0,0,206217,3,0
0,0,0,0,28,28,6863,2041,0,0,0,0,0,70123,3,0
0,0,0,0,7,28,6864,2041,0,0,0,0,0,224964,3,0
2,0,0,1,11,28,6865,2041,0,0,0,0,0,261454,3,0
0,0,0,0,6,28,6866,2041,0,0,0,0,0,235616,3,0
0,0,0,0,24,28,6867,2041,0,0,0,0,0,74297,3,0
0,0,0,0,1,29,6868,2041,0,0,0,0,0,70117,3,0
0,0,0,0,44,29,6869,2041,0,0,0,0,0,257308,3,0
0,0,0,0,13,0,6870,112199,0,0,0,0,0,254513,2,0
1,0,0,0,32,3,6871,112199,0,0,0,0,0,228834,3,0
0,0,0,0,2,4,6872,112199,0,0,0,0,0,204816,3,0
2,0,0,1,30,6,6873,112199,0,0,0,0,0,263988,3,0
0,0,0,0,17,7,6874,112199,0,0,0,0,0,277905,3,0
4,0,0,1,10,9,6875,112199,0,0,0,0,0,187043,3,0
0,0,0,0,6,11,6876,112199,0,0,0,0,0,253010,3,0
3,0,0,1,23,12,6877,112199,0,0,0,0,0,222081,3,0
5,0,0,1,27,16,6878,112199,0,0,0,0,0,70801,3,0
1,0,0,0,22,18,6879,112199,0,0,0,0,0,70166,3,0
0,0,0,0,19,25,6880,112199,0,0,0,0,0,244942,2,0
0,0,0,0,11,28,6881,112199,0,0,0,0,0,207559,3,0
0,0,0,0,98,28,6882,112199,0,0,0,0,0,228519,3,0
0,0,0,0,5,28,6883,112199,0,0,0,0,0,202259,3,0
2,0,0,1,20,28,6884,112199,0,0,0,0,0,272624,2,0
0,0,0,0,1,28,6885,112199,0,0,0,0,0,72672,3,0
3,0,0,1,14,28,6886,112199,0,0,0,0,0,183339,3,0
2,0,0,1,37,28,6887,112199,0,0,0,0,0,269879,3,0
1,0,0,0,72,28,6888,112199,0,0,0,0,0,257917,2,0
2,0,0,1,8,28,6889,112199,0,0,0,0,0,239672,3,0
0,0,0,0,31,28,6890,112199,0,0,0,0,0,225731,3,0
0,0,0,0,40,28,6891,112199,0,0,0,0,0,269715,3,0
0,0,0,0,7,28,6892,112199,0,0,0,0,0,73961,3,0
0,0,0,0,25,29,6893,112199,0,0,0,0,0,73922,3,0
0,0,0,0,16,29,6894,112199,0,0,0,0,0,262590,3,0
0,0,0,0,99,29,6895,112199,0,0,0,0,0,271077,3,0
1,0,0,0,26,29,6896,112199,0,0,0,0,0,71314,3,0
0,0,0,0,4,29,6897,112199,0,0,0,0,0,74740,3,0
0,0,0,0,29,29,6898,112199,0,0,0,0,0,74737,3,0
0,0,0,0,18,29,6899,112199,0,0,0,0,0,75082,3,0
0,0,0,0,1,0,6900,113459,0,0,0,0,0,239797,4,0
0,0,0,0,22,3,6901,113459,0,0,0,0,0,71867,3,0
0,0,0,0,4,4,6902,113459,0,0,0,0,0,71858,3,0
1,0,0,0,5,6,6903,113459,0,0,0,0,0,198642,3,0
1,0,0,0,15,7,6904,113459,0,0,0,0,0,268920,3,0
0,0,0,0,7,10,6905,113459,0,0,0,0,0,228667,3,0
4,0,0,1,37,12,6906,113459,0,0,0,0,0,254307,4,0
3,0,0,1,14,13,6907,113459,0,0,0,0,0,239006,3,0
4,0,0,1,8,15,6908,113459,0,0,0,0,0,70948,3,0
2,0,0,1,13,16,6909,113459,0,0,0,0,0,261085,5,0
2,0,0,1,17,25,6910,113459,0,0,0,0,0,256507,3,0
2,0,0,1,9,28,6911,113459,0,0,0,0,0,271467,3,0
0,0,0,0,19,28,6912,113459,0,0,0,0,0,269757,3,0
0,0,0,0,20,28,6913,113459,0,0,0,0,0,71857,3,0
0,0,0,0,26,28,6914,113459,0,0,0,0,0,247962,3,0
0,0,0,0,12,28,6915,113459,0,0,0,0,0,269754,3,0
0,0,0,0,11,28,6916,113459,0,0,0,0,0,257617,3,0
0,0,0,0,29,28,6917,113459,0,0,0,0,0,269759,3,0
0,0,0,0,21,28,6918,113459,0,0,0,0,0,74631,3,0
0,0,0,0,6,28,6919,113459,0,0,0,0,0,236751,3,0
0,0,0,0,3,28,6920,113459,0,0,0,0,0,198519,3,0
0,0,0,0,27,28,6921,113459,0,0,0,0,0,74923,3,0
0,0,0,0,35,28,6922,113459,0,0,0,0,0,269756,3,0
0,0,0,0,33,29,6923,113459,0,0,0,0,0,71931,3,0
1,0,0,0,16,29,6924,113459,0,0,0,0,0,275490,3,0
0,0,0,0,34,29,6925,113459,0,0,0,0,0,72122,3,0
0,0,0,0,1,0,6926,131491,0,0,0,0,0,230741,2,0
1,0,0,1,14,3,6927,131491,0,0,0,0,0,279716,3,0
1,0,0,1,3,4,6928,131491,0,0,0,0,0,279717,3,0
1,0,0,1,4,5,6929,131491,0,0,0,0,0,279714,3,0
1,0,0,1,2,6,6930,131491,0,0,0,0,0,210695,3,0
0,0,0,0,42,7,6931,131491,0,0,0,0,0,70185,3,0
1,0,0,1,6,23,6932,131491,0,0,0,0,0,279735,3,0
2,0,0,1,8,13,6933,131491,0,0,0,0,0,279710,4,0
3,0,0,1,7,15,6934,131491,0,0,0,0,0,279713,5,0
1,0,0,1,10,27,6935,131491,0,0,0,0,0,220786,4,0
10,1,0,1,9,25,6936,131491,0,0,0,0,0,279711,4,0
2,0,0,1,28,28,6937,131491,0,0,0,0,0,71861,3,0
1,0,0,1,33,28,6938,131491,0,0,0,0,0,179543,4,0
0,0,0,0,5,28,6939,131491,0,0,0,0,0,210740,3,0
0,0,0,0,16,28,6940,131491,0,0,0,0,0,279715,3,0
0,0,0,0,13,28,6941,131491,0,0,0,0,0,279774,3,0
0,0,0,0,99,28,6942,131491,0,0,0,0,0,188107,3,0
0,0,0,0,11,28,6943,131491,0,0,0,0,0,279736,3,0
0,0,0,0,15,28,6944,131491,0,0,0,0,0,279738,3,0
0,0,0,0,25,28,6945,131491,0,0,0,0,0,279739,3,0
0,0,0,0,43,28,6946,131491,0,0,0,0,0,260616,3,0
0,0,0,0,22,28,6947,131491,0,0,0,0,0,277991,3,0
0,0,0,0,17,28,6948,131491,0,0,0,0,0,248392,2,0
0,0,0,0,26,29,6949,131491,0,0,0,0,0,71424,3,0
0,0,0,0,31,29,6950,131491,0,0,0,0,0,72121,3,0
0,0,0,0,35,29,6951,131491,0,0,0,0,0,261027,3,0
0,0,0,0,27,29,6952,131491,0,0,0,0,0,71423,3,0
0,0,0,0,1,0,6953,77,0,0,0,0,0,225280,2,0
2,0,0,1,2,3,6954,77,0,0,0,0,0,204033,5,0
0,0,0,0,33,4,6955,77,0,0,0,0,0,277289,3,0
0,0,0,0,21,6,6956,77,0,0,0,0,0,266210,2,0
0,0,0,0,3,7,6957,77,0,0,0,0,0,258523,2,0
0,0,0,0,6,9,6958,77,0,0,0,0,0,221552,4,0
0,0,0,0,4,11,6959,77,0,0,0,0,0,200302,3,0
0,0,0,0,20,12,6960,77,0,0,0,0,0,257699,2,0
2,0,0,1,7,16,6961,77,0,0,0,0,0,225872,3,0
0,0,0,0,19,24,6962,77,0,0,0,0,0,276263,3,0
5,1,0,1,14,26,6963,77,0,0,0,1,0,254525,3,0
1,0,0,0,17,28,6964,77,0,0,0,0,0,258389,3,0
2,0,0,1,81,28,6965,77,0,0,0,0,0,272648,4,0
0,0,0,0,27,28,6966,77,0,0,0,0,0,205655,3,0
0,0,0,0,15,28,6967,77,0,0,0,0,0,231131,3,0
0,0,0,0,31,28,6968,77,0,0,0,0,0,257237,3,0
2,0,0,1,9,28,6969,77,0,0,0,0,0,225317,3,0
0,0,0,0,11,28,6970,77,0,0,0,0,0,270611,3,0
0,0,0,0,8,28,6971,77,0,0,0,0,0,242791,3,0
1,0,0,0,18,28,6972,77,0,0,0,0,0,247185,5,0
0,0,0,0,32,28,6973,77,0,0,0,0,0,74147,3,0
0,0,0,0,22,28,6974,77,0,0,0,0,0,267800,3,0
0,0,0,0,10,28,6975,77,0,0,0,0,0,252134,3,0
0,0,0,0,1,0,6976,78,0,0,0,0,0,163587,4,0
2,0,0,1,2,3,6977,78,0,0,0,0,0,256107,5,0
0,0,0,0,20,4,6978,78,0,0,0,0,0,228174,3,0
1,0,0,0,5,6,6979,78,0,0,0,0,0,246991,3,0
0,0,0,0,3,7,6980,78,0,0,0,0,0,226508,3,0
4,1,0,1,42,10,6981,78,0,0,0,0,0,211093,5,0
3,1,0,1,10,23,6982,78,0,0,0,0,0,239977,5,0
1,0,0,0,28,13,6983,78,0,0,0,0,0,263439,3,0
2,0,0,1,41,15,6984,78,0,0,0,0,0,255742,4,0
2,0,0,1,38,27,6985,78,0,0,0,0,0,246321,3,0
3,1,0,1,8,25,6986,78,0,0,0,0,0,245538,3,0
1,0,0,0,27,28,6987,78,0,0,0,0,0,272874,3,0
3,1,0,1,14,28,6988,78,0,0,0,0,0,262525,3,0
0,0,0,0,6,28,6989,78,0,0,0,0,0,235755,4,0
1,0,0,0,56,28,6990,78,0,0,0,0,0,234072,3,0
0,0,0,0,12,28,6991,78,0,0,0,0,0,258928,3,0
0,0,0,0,49,28,6992,78,0,0,0,0,0,200630,3,0
1,0,0,0,9,28,6993,78,0,0,0,0,0,244288,3,0
0,0,0,0,7,28,6994,78,0,0,0,0,0,278069,3,0
0,0,0,0,17,28,6995,78,0,0,0,0,0,255838,3,0
0,0,0,0,13,28,6996,78,0,0,0,0,0,260397,3,0
0,0,0,0,57,28,6997,78,0,0,0,0,0,255573,3,0
0,0,0,0,11,28,6998,78,0,0,0,0,0,273875,4,0
0,0,0,0,29,29,6999,78,0,0,0,0,0,198625,3,0
0,0,0,0,15,29,7000,78,0,0,0,0,0,246860,3,0
0,0,0,0,54,29,7001,78,0,0,0,0,0,261304,3,0
0,0,0,0,66,29,7002,78,0,0,0,0,0,74152,3,0
0,0,0,0,28,0,7003,80,0,0,0,0,0,204269,3,0
0,0,0,0,82,3,7004,80,0,0,0,0,0,73322,3,0
2,0,0,1,2,4,7005,80,0,0,0,0,0,220140,4,0
0,0,0,0,15,6,7006,80,0,0,0,0,0,233931,3,0
0,0,0,0,29,7,7007,80,0,0,0,0,0,232212,3,0
0,0,0,0,14,9,7008,80,0,0,0,0,0,246006,3,0
0,0,0,0,7,11,7009,80,0,0,0,0,0,219177,1,0
0,0,0,0,20,12,7010,80,0,0,0,0,0,231863,3,0
0,0,0,0,10,16,7011,80,0,0,0,0,0,209729,3,0
1,0,0,1,9,18,7012,80,0,0,0,0,0,216218,1,0
0,0,0,0,77,25,7013,80,0,0,0,0,0,268710,2,0
0,0,0,0,6,28,7014,80,0,0,0,0,0,238062,3,0
0,0,0,0,17,28,7015,80,0,0,0,0,0,256421,2,0
1,0,0,1,4,28,7016,80,0,0,0,0,0,222045,3,0
0,0,0,0,3,28,7017,80,0,0,0,0,0,223747,2,0
0,0,0,0,1,28,7018,80,0,0,0,0,0,53110,1,0
0,0,0,0,27,28,7019,80,0,0,0,0,0,201346,3,0
1,0,0,1,16,28,7020,80,0,0,0,0,0,223663,5,0
0,0,0,0,8,28,7021,80,0,0,0,0,0,257890,3,0
1,0,0,1,11,28,7022,80,0,0,0,0,0,255157,3,0
0,0,0,0,80,28,7023,80,0,0,0,0,0,275042,3,0
0,0,0,0,12,28,7024,80,0,0,0,0,0,219482,3,0
0,0,0,0,18,28,7025,80,0,0,0,0,0,277052,3,0
0,0,0,0,37,29,7026,80,0,0,0,0,0,73351,3,0
0,0,0,0,5,29,7027,80,0,0,0,0,0,262930,3,0
0,0,0,0,25,29,7028,80,0,0,0,0,0,278598,3,0
0,0,0,0,35,29,7029,80,0,0,0,0,0,75249,1,0
0,0,0,0,21,29,7030,80,0,0,0,0,0,278600,3,0
0,0,0,0,1,0,7031,81,0,0,0,0,0,240784,3,0
0,0,0,0,2,3,7032,81,0,0,0,0,0,247913,3,0
0,0,0,0,4,4,7033,81,0,0,0,0,0,250810,3,0
0,0,0,0,5,6,7034,81,0,0,0,0,0,235728,3,0
0,0,0,0,21,7,7035,81,0,0,0,0,0,200820,3,0
0,0,0,0,18,9,7036,81,0,0,0,0,0,253202,3,0
1,0,0,1,11,11,7037,81,0,0,0,0,0,202771,3,0
2,0,0,1,10,12,7038,81,0,0,0,0,0,211221,3,0
0,0,0,0,35,16,7039,81,0,0,0,0,0,277993,2,0
0,0,0,0,32,18,7040,81,0,0,0,0,0,263853,3,0
1,0,0,1,99,25,7041,81,0,0,0,0,0,263919,3,0
1,0,0,1,23,28,7042,81,0,0,0,0,0,189462,5,0
0,0,0,0,19,28,7043,81,0,0,0,0,0,243842,3,0
0,0,0,0,12,28,7044,81,0,0,0,0,0,222109,2,0
0,0,0,0,33,28,7045,81,0,0,0,0,0,239259,3,0
0,0,0,0,13,28,7046,81,0,0,0,0,0,222876,3,0
1,0,0,1,20,28,7047,81,0,0,0,0,0,257104,3,0
0,0,0,0,6,28,7048,81,0,0,0,0,0,243349,3,0
0,0,0,0,7,28,7049,81,0,0,0,0,0,238509,3,0
0,0,0,0,34,28,7050,81,0,0,0,0,0,205670,2,0
0,0,0,0,8,28,7051,81,0,0,0,0,0,240603,3,0
0,0,0,0,14,28,7052,81,0,0,0,0,0,232250,3,0
0,0,0,0,24,28,7053,81,0,0,0,0,0,255120,3,0
0,0,0,0,26,29,7054,81,0,0,0,0,0,270887,1,0
0,0,0,0,15,29,7055,81,0,0,0,0,0,248718,3,0
0,0,0,0,17,29,7056,81,0,0,0,0,0,229398,2,0
0,0,0,0,22,29,7057,81,0,0,0,0,0,264192,3,0
0,0,0,0,25,29,7058,81,0,0,0,0,0,263091,3,0
0,0,0,0,20,0,7059,82,0,0,0,0,0,234228,3,0
0,0,0,0,8,3,7060,82,0,0,0,0,0,246846,4,0
0,0,0,0,5,4,7061,82,0,0,0,0,0,261512,1,0
0,0,0,0,17,6,7062,82,0,0,0,0,0,227945,3,0
0,0,0,0,3,7,7063,82,0,0,0,0,0,247528,3,0
0,0,0,0,11,12,7064,82,0,0,0,0,0,223871,3,0
2,0,0,1,12,13,7065,82,0,0,0,0,0,274934,3,0
0,0,0,0,22,14,7066,82,0,0,0,0,0,215820,3,0
0,0,0,0,31,15,7067,82,0,0,0,0,0,204275,3,0
2,0,0,1,10,16,7068,82,0,0,0,0,0,204324,5,0
0,0,0,0,9,25,7069,82,0,0,0,0,0,220943,3,0
0,0,0,0,16,28,7070,82,0,0,0,0,0,243963,3,0
0,0,0,0,14,28,7071,82,0,0,0,0,0,204820,4,0
0,0,0,0,4,28,7072,82,0,0,0,0,0,214682,3,0
0,0,0,0,6,28,7073,82,0,0,0,0,0,277288,3,0
0,0,0,0,1,28,7074,82,0,0,0,0,0,213678,3,0
2,0,0,1,23,28,7075,82,0,0,0,0,0,189776,2,0
2,0,0,1,19,28,7076,82,0,0,0,0,0,245174,4,0
0,0,0,0,2,28,7077,82,0,0,0,0,0,252379,3,0
0,0,0,0,24,28,7078,82,0,0,0,0,0,272736,3,0
0,0,0,0,7,28,7079,82,0,0,0,0,0,204322,3,0
0,0,0,0,18,28,7080,82,0,0,0,0,0,238995,3,0
0,0,0,0,15,28,7081,82,0,0,0,0,0,240808,3,0
0,0,0,0,51,29,7082,82,0,0,0,0,0,71617,3,0
0,0,0,0,25,29,7083,82,0,0,0,0,0,74151,3,0
0,0,0,0,27,29,7084,82,0,0,0,0,0,74989,3,0
0,0,0,0,32,29,7085,82,0,0,0,0,0,74990,3,0
0,0,0,0,26,29,7086,82,0,0,0,0,0,74149,3,0
0,0,0,0,29,29,7087,82,0,0,0,0,0,278817,3,0
0,0,0,0,30,29,7088,82,0,0,0,0,0,279089,3,0
0,0,0,0,34,29,7089,82,0,0,0,0,0,74991,3,0
0,0,0,0,13,0,7090,83,0,0,0,0,0,225751,4,0
1,0,0,1,2,3,7091,83,0,0,0,0,0,213570,2,0
1,0,0,1,16,4,7092,83,0,0,0,0,0,211707,3,0
0,0,0,0,4,5,7093,83,0,0,0,0,0,232668,4,0
1,0,0,1,15,6,7094,83,0,0,0,0,0,237470,3,0
0,0,0,0,23,7,7095,83,0,0,0,0,0,276788,3,0
0,0,0,0,6,13,7096,83,0,0,0,0,0,276955,3,0
1,0,0,1,11,15,7097,83,0,0,0,0,0,199146,4,0
2,0,0,1,38,18,7098,83,0,0,0,0,0,275522,5,0
1,0,0,1,14,24,7099,83,0,0,0,0,0,241245,4,0
0,0,0,0,9,26,7100,83,0,0,0,0,0,257277,2,0
0,0,0,0,90,28,7101,83,0,0,0,0,0,270063,3,0
0,0,0,0,22,28,7102,83,0,0,0,0,0,236626,3,0
0,0,0,0,20,28,7103,83,0,0,0,0,0,237969,3,0
0,0,0,0,5,28,7104,83,0,0,0,0,0,273692,4,0
0,0,0,0,1,28,7105,83,0,0,0,0,0,274104,3,0
2,0,0,1,24,28,7106,83,0,0,0,0,0,240524,3,0
0,0,0,0,18,28,7107,83,0,0,0,0,0,241058,3,0
0,0,0,0,52,28,7108,83,0,0,0,0,0,208675,3,0
0,0,0,0,55,28,7109,83,0,0,0,0,0,271693,3,0
0,0,0,0,3,28,7110,83,0,0,0,0,0,234258,3,0
0,0,0,0,77,28,7111,83,0,0,0,0,0,243167,3,0
0,0,0,0,21,28,7112,83,0,0,0,0,0,73524,3,0
1,0,0,1,7,29,7113,83,0,0,0,0,0,268894,2,0
0,0,0,0,12,29,7114,83,0,0,0,0,0,235715,3,0
0,0,0,0,8,29,7115,83,0,0,0,0,0,229163,3,0
0,0,0,0,19,29,7116,83,0,0,0,0,0,219684,3,0
0,0,0,0,1,0,7117,86,0,0,0,0,0,203042,4,0
0,0,0,0,2,3,7118,86,0,0,0,0,0,195479,5,0
0,0,0,0,5,4,7119,86,0,0,0,0,0,212516,4,0
0,0,0,0,4,6,7120,86,0,0,0,0,0,208462,4,0
0,0,0,0,22,7,7121,86,0,0,0,0,0,277065,3,0
0,0,0,0,8,9,7122,86,0,0,0,0,0,253970,3,0
0,0,0,0,10,11,7123,86,0,0,0,0,0,255928,4,0
3,1,0,1,18,12,7124,86,0,0,0,0,0,216860,5,0
2,0,0,1,17,16,7125,86,0,0,0,0,0,243392,3,0
3,1,0,1,11,18,7126,86,0,0,0,0,0,211513,3,0
3,1,0,1,9,25,7127,86,0,0,0,0,0,222262,2,0
0,0,0,0,43,28,7128,86,0,0,0,0,0,239810,4,0
0,0,0,0,30,28,7129,86,0,0,0,0,0,226568,1,0
0,0,0,0,27,28,7130,86,0,0,0,0,0,188182,3,0
0,0,0,0,21,28,7131,86,0,0,0,0,0,238071,3,0
0,0,0,0,31,28,7132,86,0,0,0,0,0,225203,3,0
1,0,0,1,99,28,7133,86,0,0,0,0,0,239881,3,0
0,0,0,0,14,28,7134,86,0,0,0,0,0,237640,3,0
0,0,0,0,3,28,7135,86,0,0,0,0,0,252208,3,0
0,0,0,0,20,28,7136,86,0,0,0,0,0,226401,3,0
0,0,0,0,24,28,7137,86,0,0,0,0,0,261652,3,0
0,0,0,0,45,28,7138,86,0,0,0,0,0,278819,3,0
0,0,0,0,38,28,7139,86,0,0,0,0,0,256419,3,0
0,0,0,0,51,29,7140,86,0,0,0,0,0,266756,3,0
0,0,0,0,29,29,7141,86,0,0,0,0,0,73449,3,0
0,0,0,0,44,29,7142,86,0,0,0,0,0,269100,3,0
0,0,0,0,19,29,7143,86,0,0,0,0,0,279641,3,0
0,0,0,0,50,29,7144,86,0,0,0,0,0,266502,3,0
0,0,0,0,64,29,7145,86,0,0,0,0,0,277266,3,0
0,0,0,0,41,29,7146,86,0,0,0,0,0,74197,3,0
0,0,0,0,48,29,7147,86,0,0,0,0,0,269102,3,0
0,0,0,0,47,29,7148,86,0,0,0,0,0,72906,3,0
0,0,0,0,7,29,7149,86,0,0,0,0,0,266673,3,0
0,0,0,0,1,0,7150,180,0,0,0,0,0,242983,1,0
0,0,0,0,2,3,7151,180,0,0,0,0,0,263684,3,0
0,0,0,0,29,4,7152,180,0,0,0,0,0,224832,2,0
0,0,0,0,6,6,7153,180,0,0,0,0,0,214924,3,0
2,0,0,1,21,7,7154,180,0,0,0,0,0,257105,3,0
0,0,0,0,28,10,7155,180,0,0,0,0,0,246872,1,0
2,0,0,1,7,23,7156,180,0,0,0,0,0,245404,3,0
0,0,0,0,10,13,7157,180,0,0,0,0,0,262361,3,0
0,0,0,0,22,15,7158,180,0,0,0,0,0,267868,3,0
1,0,0,1,23,27,7159,180,0,0,0,0,0,276942,3,0
2,0,0,1,15,25,7160,180,0,0,0,0,0,227758,1,0
0,0,0,0,19,28,7161,180,0,0,0,0,0,248809,3,0
0,0,0,0,3,28,7162,180,0,0,0,0,0,200793,3,0
0,0,0,0,4,28,7163,180,0,0,0,0,0,246950,3,0
0,0,0,0,20,28,7164,180,0,0,0,0,0,254588,3,0
0,0,0,0,31,28,7165,180,0,0,0,0,0,166764,3,0
0,0,0,0,47,28,7166,180,0,0,0,0,0,271759,3,0
1,0,0,1,9,28,7167,180,0,0,0,0,0,189910,3,0
0,0,0,0,18,28,7168,180,0,0,0,0,0,275965,3,0
0,0,0,0,8,28,7169,180,0,0,0,0,0,262362,3,0
0,0,0,0,26,28,7170,180,0,0,0,0,0,205145,3,0
0,0,0,0,13,28,7171,180,0,0,0,0,0,182761,3,0
1,0,0,1,11,28,7172,180,0,0,0,0,0,74864,3,0
0,0,0,0,30,29,7173,180,0,0,0,0,0,262358,3,0
0,0,0,0,5,29,7174,180,0,0,0,0,0,198624,3,0
0,0,0,0,1,0,7175,181,0,0,0,0,0,228369,4,0
1,0,0,1,17,3,7176,181,0,0,0,0,0,278030,3,0
1,0,0,1,16,4,7177,181,0,0,0,0,0,272456,5,0
0,0,0,0,31,5,7178,181,0,0,0,0,0,209935,4,0
2,0,0,1,6,6,7179,181,0,0,0,0,0,259147,3,0
0,0,0,0,11,7,7180,181,0,0,0,0,0,241875,5,0
1,0,0,1,10,23,7181,181,0,0,0,0,0,206101,3,0
1,0,0,1,14,13,7182,181,0,0,0,0,0,243807,3,0
0,0,0,0,4,15,7183,181,0,0,0,0,0,229190,2,0
1,0,0,1,7,27,7184,181,0,0,0,0,0,73471,3,0
0,0,0,0,20,25,7185,181,0,0,0,0,0,73841,3,0
0,0,0,0,12,28,7186,181,0,0,0,0,0,271308,3,0
0,0,0,0,2,28,7187,181,0,0,0,0,0,241244,3,0
0,0,0,0,5,28,7188,181,0,0,0,0,0,73470,3,0
1,0,0,1,29,28,7189,181,0,0,0,0,0,268277,3,0
0,0,0,0,25,28,7190,181,0,0,0,0,0,214525,3,0
0,0,0,0,15,28,7191,181,0,0,0,0,0,232519,3,0
1,0,0,1,9,28,7192,181,0,0,0,0,0,194925,3,0
0,0,0,0,18,28,7193,181,0,0,0,0,0,259439,3,0
0,0,0,0,23,28,7194,181,0,0,0,0,0,72393,4,0
0,0,0,0,19,28,7195,181,0,0,0,0,0,236528,3,0
0,0,0,0,70,28,7196,181,0,0,0,0,0,74185,3,0
0,0,0,0,42,28,7197,181,0,0,0,0,0,74161,3,0
0,0,0,0,1,0,7198,631,0,0,0,0,0,238969,3,0
0,0,0,0,2,3,7199,631,0,0,0,0,0,261277,1,0
2,0,0,1,4,4,7200,631,0,0,0,0,0,228159,3,0
0,0,0,0,35,5,7201,631,0,0,0,0,0,221538,3,0
0,0,0,0,3,6,7202,631,0,0,0,0,0,241894,3,0
0,0,0,0,16,7,7203,631,0,0,0,0,0,252067,3,0
0,0,0,0,7,13,7204,631,0,0,0,0,0,269758,2,0
0,0,0,0,8,15,7205,631,0,0,0,0,0,216299,2,0
0,0,0,0,21,18,7206,631,0,0,0,0,0,221536,3,0
1,0,0,1,26,24,7207,631,0,0,0,0,0,204853,3,0
4,1,0,1,9,26,7208,631,0,0,0,0,0,233865,3,0
0,0,0,0,23,28,7209,631,0,0,0,0,0,247822,3,0
0,0,0,0,5,28,7210,631,0,0,0,0,0,244202,3,0
0,0,0,0,24,28,7211,631,0,0,0,0,0,219816,3,0
0,0,0,0,43,28,7212,631,0,0,0,0,0,257790,3,0
0,0,0,0,22,28,7213,631,0,0,0,0,0,211537,3,0
0,0,0,0,27,28,7214,631,0,0,0,0,0,224487,3,0
0,0,0,0,15,28,7215,631,0,0,0,0,0,263294,3,0
1,0,0,1,25,28,7216,631,0,0,0,0,0,222848,2,0
0,0,0,0,10,28,7217,631,0,0,0,0,0,246326,3,0
0,0,0,0,20,28,7218,631,0,0,0,0,0,264367,3,0
0,0,0,0,6,28,7219,631,0,0,0,0,0,227954,3,0
0,0,0,0,19,28,7220,631,0,0,0,0,0,270373,3,0
0,0,0,0,12,29,7221,631,0,0,0,0,0,243651,3,0
0,0,0,0,30,29,7222,631,0,0,0,0,0,275022,3,0
0,0,0,0,14,29,7223,631,0,0,0,0,0,273600,2,0
0,0,0,0,33,29,7224,631,0,0,0,0,0,74199,3,0
0,0,0,0,31,29,7225,631,0,0,0,0,0,70776,3,0
0,0,0,0,41,29,7226,631,0,0,0,0,0,74201,3,0
0,0,0,0,12,0,7227,100804,0,0,0,0,0,72712,3,0
1,0,0,1,14,3,7228,100804,0,0,0,0,0,208999,2,0
0,0,0,0,6,4,7229,100804,0,0,0,0,0,257717,2,0
0,0,0,0,5,5,7230,100804,0,0,0,0,0,257487,4,0
0,0,0,0,4,6,7231,100804,0,0,0,0,0,232114,3,0
0,0,0,0,3,7,7232,100804,0,0,0,0,0,73539,3,0
0,0,0,0,15,10,7233,100804,0,0,0,0,0,73232,3,0
0,0,0,0,22,13,7234,100804,0,0,0,0,0,233050,3,0
0,0,0,0,11,15,7235,100804,0,0,0,0,0,192451,3,0
2,0,0,1,16,24,7236,100804,0,0,0,0,0,70718,2,0
2,0,0,1,29,26,7237,100804,0,0,0,0,0,241454,2,0
0,0,0,0,23,28,7238,100804,0,0,0,0,0,229508,2,0
0,0,0,0,7,28,7239,100804,0,0,0,0,0,206563,3,0
0,0,0,0,33,28,7240,100804,0,0,0,0,0,279917,3,0
0,0,0,0,18,28,7241,100804,0,0,0,0,0,253483,3,0
0,0,0,0,20,28,7242,100804,0,0,0,0,0,252730,3,0
2,0,0,1,10,28,7243,100804,0,0,0,0,0,193627,3,0
0,0,0,0,8,28,7244,100804,0,0,0,0,0,244563,3,0
0,0,0,0,9,28,7245,100804,0,0,0,0,0,216265,3,0
0,0,0,0,17,28,7246,100804,0,0,0,0,0,262945,3,0
0,0,0,0,24,28,7247,100804,0,0,0,0,0,252959,3,0
0,0,0,0,27,28,7248,100804,0,0,0,0,0,278602,3,0
0,0,0,0,46,28,7249,100804,0,0,0,0,0,278615,3,0
0,0,0,0,1,0,7250,100805,0,0,0,0,0,236663,3,0
0,0,0,0,19,3,7251,100805,0,0,0,0,0,256952,3,0
0,0,0,0,22,4,7252,100805,0,0,0,0,0,211096,3,0
0,0,0,0,13,5,7253,100805,0,0,0,0,0,216526,3,0
0,0,0,0,5,6,7254,100805,0,0,0,0,0,252878,4,0
0,0,0,0,3,7,7255,100805,0,0,0,0,0,214641,3,0
0,0,0,0,15,10,7256,100805,0,0,0,0,0,251001,3,0
1,0,0,1,88,13,7257,100805,0,0,0,0,0,261300,4,0
1,0,0,1,6,15,7258,100805,0,0,0,0,0,211536,3,0
0,0,0,0,7,24,7259,100805,0,0,0,0,0,233665,3,0
4,1,0,1,20,26,7260,100805,0,0,0,0,0,232642,2,0
0,0,0,0,23,28,7261,100805,0,0,0,0,0,236637,3,0
0,0,0,0,42,28,7262,100805,0,0,0,0,0,240616,3,0
0,0,0,0,4,28,7263,100805,0,0,0,0,0,230919,3,0
0,0,0,0,21,28,7264,100805,0,0,0,0,0,241034,3,0
0,0,0,0,27,28,7265,100805,0,0,0,0,0,255921,3,0
0,0,0,0,99,28,7266,100805,0,0,0,0,0,227446,3,0
2,0,0,1,8,28,7267,100805,0,0,0,0,0,267472,3,0
0,0,0,0,11,28,7268,100805,0,0,0,0,0,220872,3,0
1,0,0,1,9,28,7269,100805,0,0,0,0,0,204785,2,0
0,0,0,0,18,28,7270,100805,0,0,0,0,0,205956,3,0
0,0,0,0,10,28,7271,100805,0,0,0,0,0,277551,3,0
0,0,0,0,14,28,7272,100805,0,0,0,0,0,245553,3,0
1,0,0,1,12,29,7273,100805,0,0,0,0,0,264500,3,0
0,0,0,0,30,29,7274,100805,0,0,0,0,0,74206,3,0
0,0,0,0,26,29,7275,100805,0,0,0,0,0,278617,3,0
0,0,0,0,13,0,7276,240,0,0,0,0,0,200389,4,0
2,0,0,1,14,3,7277,240,0,0,0,0,0,226161,3,0
0,0,0,0,20,4,7278,240,0,0,0,0,0,177413,2,0
0,0,0,0,24,5,7279,240,0,0,0,0,0,233486,3,0
0,0,0,0,2,6,7280,240,0,0,0,0,0,216460,2,0
0,0,0,0,12,7,7281,240,0,0,0,0,0,251445,3,0
1,0,0,0,6,10,7282,240,0,0,0,0,0,193747,2,0
0,0,0,0,5,13,7283,240,0,0,0,0,0,212616,1,0
2,0,0,1,4,15,7284,240,0,0,0,0,0,238216,2,0
2,0,0,1,7,24,7285,240,0,0,0,0,0,194765,4,0
3,0,0,1,19,26,7286,240,0,0,0,0,0,246191,3,0
0,0,0,0,17,28,7287,240,0,0,0,0,0,252324,3,0
0,0,0,0,23,28,7288,240,0,0,0,0,0,236045,3,0
0,0,0,0,3,28,7289,240,0,0,0,0,0,184432,3,0
0,0,0,0,15,28,7290,240,0,0,0,0,0,220440,2,0
0,0,0,0,1,28,7291,240,0,0,0,0,0,214979,3,0
2,0,0,1,10,28,7292,240,0,0,0,0,0,214997,3,0
1,0,0,0,9,28,7293,240,0,0,0,0,0,216549,3,0
0,0,0,0,11,28,7294,240,0,0,0,0,0,213565,3,0
0,0,0,0,8,28,7295,240,0,0,0,0,0,272449,2,0
0,0,0,0,21,28,7296,240,0,0,0,0,0,231591,4,0
0,0,0,0,16,28,7297,240,0,0,0,0,0,233084,3,0
0,0,0,0,29,28,7298,240,0,0,0,0,0,263943,3,0
0,0,0,0,31,29,7299,240,0,0,0,0,0,271193,3,0
0,0,0,0,22,29,7300,240,0,0,0,0,0,253396,3,0
0,0,0,0,27,29,7301,240,0,0,0,0,0,274208,3,0
0,0,0,0,13,0,7302,241,0,0,0,0,0,246139,3,0
1,0,0,0,23,3,7303,241,0,0,0,0,0,241486,3,0
0,0,0,0,15,4,7304,241,0,0,0,0,0,213661,3,0
0,0,0,0,2,6,7305,241,0,0,0,0,0,278046,3,0
0,0,0,0,3,7,7306,241,0,0,0,0,0,263578,3,0
0,0,0,0,17,9,7307,241,0,0,0,0,0,272600,4,0
2,0,0,1,8,11,7308,241,0,0,0,0,0,251854,3,0
4,0,0,1,19,12,7309,241,0,0,0,0,0,277643,4,0
5,1,0,1,11,16,7310,241,0,0,0,0,0,233419,5,0
3,0,0,1,20,18,7311,241,0,0,0,0,0,244260,3,0
10,1,0,1,9,25,7312,241,0,0,0,1,0,188545,5,0
1,0,0,0,7,28,7313,241,0,0,0,0,0,241461,3,0
0,0,0,0,16,28,7314,241,0,0,0,0,0,277179,3,0
0,0,0,0,5,28,7315,241,0,0,0,0,0,204525,3,0
0,0,0,0,24,28,7316,241,0,0,0,0,0,245037,3,0
0,0,0,0,25,28,7317,241,0,0,0,0,0,186153,3,0
1,0,0,0,18,28,7318,241,0,0,0,0,0,259070,3,0
0,0,0,0,10,28,7319,241,0,0,0,0,0,253004,3,0
0,0,0,0,32,28,7320,241,0,0,0,0,0,278923,3,0
0,0,0,0,28,28,7321,241,0,0,0,0,0,74463,3,0
0,0,0,0,35,28,7322,241,0,0,0,0,0,74462,3,0
1,0,0,0,14,28,7323,241,0,0,0,0,0,267976,3,0
0,0,0,0,21,28,7324,241,0,0,0,0,0,228702,3,0
0,0,0,0,4,29,7325,241,0,0,0,0,0,253163,3,0
0,0,0,0,6,29,7326,241,0,0,0,0,0,264240,3,0
0,0,0,0,1,29,7327,241,0,0,0,0,0,192448,3,0
0,0,0,0,36,29,7328,241,0,0,0,0,0,74544,3,0
0,0,0,0,39,29,7329,241,0,0,0,0,0,74746,3,0
0,0,0,0,40,29,7330,241,0,0,0,0,0,73934,3,0
0,0,0,0,26,29,7331,241,0,0,0,0,0,277642,3,0
0,0,0,0,1,0,7332,243,0,0,0,0,0,192119,3,0
1,0,0,1,17,3,7333,243,0,0,0,0,0,208618,3,0
1,0,0,1,3,4,7334,243,0,0,0,0,0,240130,3,0
0,0,0,0,22,6,7335,243,0,0,0,0,0,205452,4,0
0,0,0,0,23,7,7336,243,0,0,0,0,0,228618,5,0
0,0,0,0,14,10,7337,243,0,0,0,0,0,241637,5,0
3,0,0,1,11,23,7338,243,0,0,0,0,0,243812,3,0
0,0,0,0,5,13,7339,243,0,0,0,0,0,252371,5,0
2,0,0,1,8,15,7340,243,0,0,0,0,0,239053,5,0
4,0,0,1,7,27,7341,243,0,0,0,0,0,238794,5,0
5,1,0,1,9,25,7342,243,0,0,0,0,0,231747,3,0
0,0,0,0,10,28,7343,243,0,0,0,0,0,177003,5,0
1,0,0,1,21,28,7344,243,0,0,0,0,0,231410,3,0
0,0,0,0,15,28,7345,243,0,0,0,0,0,264309,3,0
0,0,0,0,20,28,7346,243,0,0,0,0,0,246606,3,0
0,0,0,0,13,28,7347,243,0,0,0,0,0,243952,4,0
1,0,0,1,16,28,7348,243,0,0,0,0,0,272505,3,0
0,0,0,0,6,28,7349,243,0,0,0,0,0,248243,4,0
0,0,0,0,18,28,7350,243,0,0,0,0,0,225161,3,0
0,0,0,0,19,28,7351,243,0,0,0,0,0,222509,3,0
0,0,0,0,26,28,7352,243,0,0,0,0,0,278394,3,0
1,0,0,1,2,28,7353,243,0,0,0,0,0,204963,5,0
0,0,0,0,4,28,7354,243,0,0,0,0,0,197445,3,0
0,0,0,0,31,29,7355,243,0,0,0,0,0,70966,3,0
0,0,0,0,13,0,7356,448,0,0,0,0,0,263880,3,0
0,0,0,0,18,3,7357,448,0,0,0,0,0,190149,2,0
1,0,0,1,4,4,7358,448,0,0,0,0,0,259524,1,0
1,0,0,1,3,6,7359,448,0,0,0,0,0,248550,2,0
0,0,0,0,17,7,7360,448,0,0,0,0,0,183512,3,0
1,0,0,1,9,12,7361,448,0,0,0,0,0,216201,3,0
0,0,0,0,16,13,7362,448,0,0,0,0,0,205157,2,0
1,0,0,1,24,15,7363,448,0,0,0,0,0,263617,3,0
1,0,0,1,10,16,7364,448,0,0,0,0,0,256516,3,0
4,0,0,1,8,18,7365,448,0,0,0,0,0,244675,4,0
2,0,0,1,12,25,7366,448,0,0,0,0,0,231184,3,0
0,0,0,0,21,28,7367,448,0,0,0,0,0,191740,2,0
1,0,0,1,11,28,7368,448,0,0,0,0,0,271302,3,0
0,0,0,0,5,28,7369,448,0,0,0,0,0,227950,3,0
0,0,0,0,15,28,7370,448,0,0,0,0,0,225523,3,0
0,0,0,0,26,28,7371,448,0,0,0,0,0,271034,2,0
0,0,0,0,19,28,7372,448,0,0,0,0,0,264195,3,0
0,0,0,0,7,28,7373,448,0,0,0,0,0,225201,3,0
0,0,0,0,6,28,7374,448,0,0,0,0,0,146947,3,0
0,0,0,0,22,28,7375,448,0,0,0,0,0,259422,3,0
0,0,0,0,1,28,7376,448,0,0,0,0,0,230869,3,0
0,0,0,0,2,28,7377,448,0,0,0,0,0,241049,3,0
0,0,0,0,20,28,7378,448,0,0,0,0,0,277708,3,0
1,0,0,1,23,29,7379,448,0,0,0,0,0,279604,3,0
0,0,0,0,34,29,7380,448,0,0,0,0,0,74467,3,0
0,0,0,0,32,29,7381,448,0,0,0,0,0,70344,2,0
0,0,0,0,14,29,7382,448,0,0,0,0,0,240900,3,0
0,0,0,0,1,0,7383,449,0,0,0,0,0,210385,3,0
0,0,0,0,24,3,7384,449,0,0,0,0,0,241867,2,0
1,0,0,1,5,4,7385,449,0,0,0,0,0,198141,3,0
0,0,0,0,3,6,7386,449,0,0,0,0,0,212602,2,0
0,0,0,0,15,7,7387,449,0,0,0,0,0,231318,2,0
0,0,0,0,4,9,7388,449,0,0,0,0,0,259516,2,0
0,0,0,0,21,11,7389,449,0,0,0,0,0,235945,2,0
0,0,0,0,9,12,7390,449,0,0,0,0,0,228520,2,0
1,0,0,1,10,16,7391,449,0,0,0,0,0,264432,2,0
5,1,0,1,20,18,7392,449,0,0,0,0,0,226226,2,0
1,0,0,1,8,25,7393,449,0,0,0,0,0,276589,2,0
0,0,0,0,19,28,7394,449,0,0,0,0,0,252865,3,0
0,0,0,0,16,28,7395,449,0,0,0,0,0,276471,3,0
0,0,0,0,23,28,7396,449,0,0,0,0,0,215699,3,0
0,0,0,0,2,28,7397,449,0,0,0,0,0,203747,2,0
0,0,0,0,25,28,7398,449,0,0,0,0,0,243587,3,0
0,0,0,0,11,28,7399,449,0,0,0,0,0,198951,2,0
0,0,0,0,32,28,7400,449,0,0,0,0,0,276633,3,0
0,0,0,0,12,28,7401,449,0,0,0,0,0,193352,2,0
0,0,0,0,18,28,7402,449,0,0,0,0,0,226456,2,0
0,0,0,0,38,28,7403,449,0,0,0,0,0,275324,3,0
0,0,0,0,22,28,7404,449,0,0,0,0,0,197781,3,0
0,0,0,0,14,28,7405,449,0,0,0,0,0,207566,3,0
0,0,0,0,13,29,7406,449,0,0,0,0,0,194911,3,0
0,0,0,0,6,29,7407,449,0,0,0,0,0,277537,3,0
0,0,0,0,7,29,7408,449,0,0,0,0,0,197891,3,0
0,0,0,0,37,29,7409,449,0,0,0,0,0,272487,3,0
0,0,0,0,43,29,7410,449,0,0,0,0,0,74584,3,0
0,0,0,0,35,29,7411,449,0,0,0,0,0,272788,3,0
0,0,0,0,41,29,7412,449,0,0,0,0,0,74717,3,0
0,0,0,0,13,0,7413,450,0,0,0,0,0,189690,5,0
1,0,0,1,2,4,7414,450,0,0,0,0,0,220821,3,0
0,0,0,0,16,5,7415,450,0,0,0,0,0,234660,3,0
0,0,0,0,24,6,7416,450,0,0,0,0,0,262140,3,0
4,0,0,1,10,23,7417,450,0,0,0,0,0,192629,3,0
2,0,0,1,3,12,7418,450,0,0,0,0,0,259694,4,0
0,0,0,0,14,13,7419,450,0,0,0,0,0,229379,3,0
1,0,0,1,8,15,7420,450,0,0,0,0,0,235997,3,0
0,0,0,0,11,16,7421,450,0,0,0,0,0,223061,3,0
0,0,0,0,17,27,7422,450,0,0,0,0,0,225085,3,0
4,0,0,1,7,25,7423,450,0,0,0,0,0,224179,4,0
1,0,0,1,9,28,7424,450,0,0,0,0,0,261478,3,0
0,0,0,0,23,28,7425,450,0,0,0,0,0,266624,3,0
0,0,0,0,15,28,7426,450,0,0,0,0,0,230021,3,0
0,0,0,0,21,28,7427,450,0,0,0,0,0,240223,3,0
0,0,0,0,1,28,7428,450,0,0,0,0,0,222572,3,0
1,0,0,1,19,28,7429,450,0,0,0,0,0,263227,2,0
0,0,0,0,20,28,7430,450,0,0,0,0,0,192638,4,0
0,0,0,0,22,28,7431,450,0,0,0,0,0,210972,2,0
0,0,0,0,6,28,7432,450,0,0,0,0,0,259233,3,0
0,0,0,0,25,28,7433,450,0,0,0,0,0,279112,3,0
0,0,0,0,5,28,7434,450,0,0,0,0,0,252866,3,0
0,0,0,0,18,28,7435,450,0,0,0,0,0,272453,3,0
0,0,0,0,38,29,7436,450,0,0,0,0,0,72425,3,0
1,0,0,1,30,29,7437,450,0,0,0,0,0,266331,3,0
0,0,0,0,33,29,7438,450,0,0,0,0,0,264095,3,0
0,0,0,0,26,29,7439,450,0,0,0,0,0,264167,3,0
0,0,0,0,32,29,7440,450,0,0,0,0,0,279027,3,0
0,0,0,0,12,29,7441,450,0,0,0,0,0,243034,3,0
0,0,0,0,27,29,7442,450,0,0,0,0,0,72424,3,0
0,0,0,0,1,0,7443,452,0,0,0,0,0,259532,3,0
0,0,0,0,23,3,7444,452,0,0,0,0,0,261654,3,0
1,0,0,1,4,4,7445,452,0,0,0,0,0,245426,5,0
0,0,0,0,6,6,7446,452,0,0,0,0,0,192816,3,0
1,0,0,1,22,7,7447,452,0,0,0,0,0,270728,3,0
2,0,0,1,17,12,7448,452,0,0,0,0,0,258949,5,0
0,0,0,0,20,13,7449,452,0,0,0,0,0,247028,3,0
0,0,0,0,15,15,7450,452,0,0,0,0,0,250997,4,0
0,0,0,0,24,16,7451,452,0,0,0,0,0,235888,3,0
1,0,0,1,9,24,7452,452,0,0,0,0,0,269176,3,0
3,0,0,1,7,26,7453,452,0,0,0,0,0,244622,3,0
0,0,0,0,18,28,7454,452,0,0,0,0,0,242336,3,0
0,0,0,0,19,28,7455,452,0,0,0,0,0,234772,3,0
0,0,0,0,14,28,7456,452,0,0,0,0,0,228326,3,0
0,0,0,0,5,28,7457,452,0,0,0,0,0,240289,3,0
0,0,0,0,13,28,7458,452,0,0,0,0,0,209960,3,0
0,0,0,0,11,28,7459,452,0,0,0,0,0,225926,3,0
0,0,0,0,12,28,7460,452,0,0,0,0,0,231856,3,0
0,0,0,0,31,28,7461,452,0,0,0,0,0,263133,3,0
0,0,0,0,10,28,7462,452,0,0,0,0,0,244407,3,0
0,0,0,0,35,28,7463,452,0,0,0,0,0,71972,3,0
0,0,0,0,32,28,7464,452,0,0,0,0,0,278996,3,0
0,0,0,0,27,28,7465,452,0,0,0,0,0,279120,3,0
0,0,0,0,3,29,7466,452,0,0,0,0,0,199577,3,0
0,0,0,0,8,29,7467,452,0,0,0,0,0,229862,3,0
0,0,0,0,16,29,7468,452,0,0,0,0,0,268511,3,0
0,0,0,0,36,29,7469,452,0,0,0,0,0,276977,3,0
0,0,0,0,33,29,7470,452,0,0,0,0,0,258948,3,0
0,0,0,0,34,29,7471,452,0,0,0,0,0,268419,3,0
0,0,0,0,37,29,7472,452,0,0,0,0,0,255010,3,0
0,0,0,0,1,0,7473,453,0,0,0,0,0,263139,2,0
0,0,0,0,23,3,7474,453,0,0,0,0,0,221342,3,0
1,0,0,1,21,4,7475,453,0,0,0,0,0,228805,5,0
0,0,0,0,24,6,7476,453,0,0,0,0,0,219585,3,0
0,0,0,0,22,7,7477,453,0,0,0,0,0,214026,2,0
0,0,0,0,12,9,7478,453,0,0,0,0,0,255566,2,0
0,0,0,0,5,11,7479,453,0,0,0,0,0,208620,3,0
0,0,0,0,11,12,7480,453,0,0,0,0,0,232610,3,0
0,0,0,0,10,16,7481,453,0,0,0,0,0,202648,2,0
2,0,0,1,14,18,7482,453,0,0,0,0,0,198451,2,0
1,0,0,1,7,25,7483,453,0,0,0,0,0,223710,3,0
1,0,0,1,17,28,7484,453,0,0,0,0,0,226777,2,0
0,0,0,0,8,28,7485,453,0,0,0,0,0,241856,2,0
0,0,0,0,6,28,7486,453,0,0,0,0,0,263396,3,0
0,0,0,0,3,28,7487,453,0,0,0,0,0,232008,3,0
0,0,0,0,13,28,7488,453,0,0,0,0,0,258466,3,0
1,0,0,1,9,28,7489,453,0,0,0,0,0,202716,2,0
0,0,0,0,18,28,7490,453,0,0,0,0,0,252909,3,0
0,0,0,0,19,28,7491,453,0,0,0,0,0,264110,3,0
0,0,0,0,34,28,7492,453,0,0,0,0,0,279504,3,0
0,0,0,0,4,28,7493,453,0,0,0,0,0,234167,3,0
0,0,0,0,30,28,7494,453,0,0,0,0,0,74583,3,0
0,0,0,0,2,28,7495,453,0,0,0,0,0,248820,3,0
0,0,0,0,25,29,7496,453,0,0,0,0,0,146952,3,0
2,0,0,1,16,29,7497,453,0,0,0,0,0,246351,2,0
0,0,0,0,27,29,7498,453,0,0,0,0,0,253130,2,0
0,0,0,0,20,29,7499,453,0,0,0,0,0,262416,3,0
0,0,0,0,28,29,7500,453,0,0,0,0,0,74716,3,0
0,0,0,0,1,0,7501,457,0,0,0,0,0,227127,2,0
0,0,0,0,2,3,7502,457,0,0,0,0,0,234035,3,0
0,0,0,0,5,4,7503,457,0,0,0,0,0,233738,3,0
0,0,0,0,21,6,7504,457,0,0,0,0,0,244749,4,0
0,0,0,0,17,7,7505,457,0,0,0,0,0,241811,3,0
1,0,0,1,4,10,7506,457,0,0,0,0,0,248148,3,0
2,0,0,1,14,23,7507,457,0,0,0,0,0,237681,4,0
1,0,0,1,24,13,7508,457,0,0,0,0,0,258775,5,0
1,0,0,1,23,15,7509,457,0,0,0,0,0,235944,3,0
0,0,0,0,8,27,7510,457,0,0,0,0,0,264701,3,0
0,0,0,0,10,25,7511,457,0,0,0,0,0,230142,2,0
0,0,0,0,7,28,7512,457,0,0,0,0,0,246672,3,0
0,0,0,0,16,28,7513,457,0,0,0,0,0,262500,3,0
0,0,0,0,6,28,7514,457,0,0,0,0,0,226221,3,0
0,0,0,0,20,28,7515,457,0,0,0,0,0,255854,3,0
0,0,0,0,13,28,7516,457,0,0,0,0,0,265520,3,0
0,0,0,0,19,28,7517,457,0,0,0,0,0,231627,3,0
0,0,0,0,12,28,7518,457,0,0,0,0,0,256097,2,0
0,0,0,0,11,28,7519,457,0,0,0,0,0,223790,2,0
2,0,0,1,9,28,7520,457,0,0,0,0,0,269186,3,0
0,0,0,0,18,28,7521,457,0,0,0,0,0,219789,3,0
0,0,0,0,22,28,7522,457,0,0,0,0,0,262510,3,0
0,0,0,0,15,28,7523,457,0,0,0,0,0,260546,3,0
0,0,0,0,27,29,7524,457,0,0,0,0,0,259848,3,0
0,0,0,0,28,29,7525,457,0,0,0,0,0,272455,3,0
0,0,0,0,25,29,7526,457,0,0,0,0,0,264665,3,0
0,0,0,0,35,29,7527,457,0,0,0,0,0,271920,3,0
0,0,0,0,32,29,7528,457,0,0,0,0,0,278045,3,0
0,0,0,0,3,29,7529,457,0,0,0,0,0,246748,3,0
0,0,0,0,31,29,7530,457,0,0,0,0,0,277225,3,0
0,0,0,0,25,0,7531,461,0,0,0,0,0,262621,2,0
0,0,0,0,12,3,7532,461,0,0,0,0,0,247832,3,0
0,0,0,0,3,4,7533,461,0,0,0,0,0,264846,3,0
0,0,0,0,15,6,7534,461,0,0,0,0,0,265726,3,0
0,0,0,0,14,7,7535,461,0,0,0,0,0,211688,3,0
0,0,0,0,23,12,7536,461,0,0,0,0,0,271373,3,0
0,0,0,0,18,13,7537,461,0,0,0,0,0,230786,3,0
0,0,0,0,8,15,7538,461,0,0,0,0,0,266436,3,0
1,0,0,1,16,16,7539,461,0,0,0,0,0,264238,3,0
0,0,0,0,11,24,7540,461,0,0,0,0,0,231628,3,0
2,0,0,1,9,26,7541,461,0,0,0,0,0,243032,3,0
0,0,0,0,10,28,7542,461,0,0,0,0,0,247729,2,0
0,0,0,0,7,28,7543,461,0,0,0,0,0,224013,2,0
0,0,0,0,6,28,7544,461,0,0,0,0,0,246352,3,0
0,0,0,0,20,28,7545,461,0,0,0,0,0,203177,3,0
0,0,0,0,1,28,7546,461,0,0,0,0,0,220604,3,0
1,0,0,1,17,28,7547,461,0,0,0,0,0,243315,3,0
0,0,0,0,2,28,7548,461,0,0,0,0,0,228983,3,0
0,0,0,0,21,28,7549,461,0,0,0,0,0,260082,3,0
0,0,0,0,5,28,7550,461,0,0,0,0,0,246871,3,0
0,0,0,0,24,28,7551,461,0,0,0,0,0,278661,3,0
0,0,0,0,13,28,7552,461,0,0,0,0,0,211348,3,0
1,0,0,1,22,28,7553,461,0,0,0,0,0,224415,3,0
0,0,0,0,4,29,7554,461,0,0,0,0,0,230578,3,0
0,0,0,0,38,29,7555,461,0,0,0,0,0,74785,3,0
0,0,0,0,28,29,7556,461,0,0,0,0,0,279544,3,0
0,0,0,0,31,29,7557,461,0,0,0,0,0,266031,3,0
0,0,0,0,37,29,7558,461,0,0,0,0,0,257214,3,0
0,0,0,0,32,29,7559,461,0,0,0,0,0,277650,3,0
0,0,0,0,36,29,7560,461,0,0,0,0,0,278231,3,0
0,0,0,0,39,29,7561,461,0,0,0,0,0,74591,3,0
0,0,0,0,34,29,7562,461,0,0,0,0,0,74593,3,0
0,0,0,0,30,29,7563,461,0,0,0,0,0,254860,3,0
0,0,0,0,13,0,7564,462,0,0,0,0,0,248732,2,0
0,0,0,0,2,3,7565,462,0,0,0,0,0,235088,3,0
0,0,0,0,5,4,7566,462,0,0,0,0,0,245238,3,0
0,0,0,0,15,6,7567,462,0,0,0,0,0,233885,2,0
0,0,0,0,22,7,7568,462,0,0,0,0,0,272357,3,0
1,0,0,1,8,9,7569,462,0,0,0,0,0,236760,3,0
0,0,0,0,20,11,7570,462,0,0,0,0,0,262581,3,0
0,0,0,0,19,12,7571,462,0,0,0,0,0,233631,3,0
2,0,0,1,11,16,7572,462,0,0,0,0,0,258139,4,0
0,0,0,0,4,18,7573,462,0,0,0,0,0,258769,3,0
0,0,0,0,14,25,7574,462,0,0,0,0,0,271682,2,0
1,0,0,1,10,28,7575,462,0,0,0,0,0,204863,3,0
0,0,0,0,24,28,7576,462,0,0,0,0,0,215639,3,0
0,0,0,0,23,28,7577,462,0,0,0,0,0,225699,3,0
0,0,0,0,6,28,7578,462,0,0,0,0,0,258396,3,0
0,0,0,0,1,28,7579,462,0,0,0,0,0,244020,3,0
0,0,0,0,7,28,7580,462,0,0,0,0,0,224967,3,0
0,0,0,0,18,28,7581,462,0,0,0,0,0,210463,2,0
0,0,0,0,3,28,7582,462,0,0,0,0,0,270879,2,0
0,0,0,0,9,28,7583,462,0,0,0,0,0,252084,3,0
1,0,0,1,21,28,7584,462,0,0,0,0,0,229010,4,0
0,0,0,0,47,28,7585,462,0,0,0,0,0,272502,3,0
0,0,0,0,12,28,7586,462,0,0,0,0,0,274555,2,0
0,0,0,0,39,29,7587,462,0,0,0,0,0,279682,3,0
0,0,0,0,46,29,7588,462,0,0,0,0,0,270529,3,0
0,0,0,0,26,29,7589,462,0,0,0,0,0,278071,3,0
0,0,0,0,16,29,7590,462,0,0,0,0,0,211037,3,0
0,0,0,0,28,29,7591,462,0,0,0,0,0,271267,3,0
0,0,0,0,32,29,7592,462,0,0,0,0,0,72107,3,0
0,0,0,0,30,29,7593,462,0,0,0,0,0,74441,3,0
0,0,0,0,37,29,7594,462,0,0,0,0,0,278551,3,0
0,0,0,0,35,29,7595,462,0,0,0,0,0,75148,3,0
0,0,0,0,34,29,7596,462,0,0,0,0,0,278524,3,0
0,0,0,0,1,0,7597,463,0,0,0,0,0,222464,3,0
1,0,0,1,14,3,7598,463,0,0,0,0,0,240953,2,0
0,0,0,0,5,4,7599,463,0,0,0,0,0,245628,2,0
0,0,0,0,4,6,7600,463,0,0,0,0,0,234933,3,0
0,0,0,0,3,7,7601,463,0,0,0,0,0,252327,2,0
0,0,0,0,6,9,7602,463,0,0,0,0,0,240458,2,0
0,0,0,0,8,11,7603,463,0,0,0,0,0,261987,2,0
2,0,0,1,7,12,7604,463,0,0,0,0,0,244767,2,0
1,0,0,1,10,16,7605,463,0,0,0,0,0,236507,3,0
0,0,0,0,19,18,7606,463,0,0,0,0,0,245157,2,0
2,0,0,1,17,25,7607,463,0,0,0,0,0,192678,3,0
0,0,0,0,18,28,7608,463,0,0,0,0,0,238126,3,0
0,0,0,0,20,28,7609,463,0,0,0,0,0,258467,3,0
1,0,0,1,23,28,7610,463,0,0,0,0,0,244948,3,0
0,0,0,0,34,28,7611,463,0,0,0,0,0,278917,3,0
0,0,0,0,13,28,7612,463,0,0,0,0,0,265405,3,0
1,0,0,1,9,28,7613,463,0,0,0,0,0,193794,3,0
0,0,0,0,22,28,7614,463,0,0,0,0,0,250725,3,0
0,0,0,0,21,28,7615,463,0,0,0,0,0,270834,1,0
2,0,0,1,11,28,7616,463,0,0,0,0,0,234826,2,0
1,0,0,1,15,28,7617,463,0,0,0,0,0,265396,3,0
0,0,0,0,16,28,7618,463,0,0,0,0,0,258041,3,0
0,0,0,0,36,28,7619,463,0,0,0,0,0,74548,3,0
0,0,0,0,12,29,7620,463,0,0,0,0,0,276493,2,0
0,0,0,0,30,29,7621,463,0,0,0,0,0,267958,3,0
0,0,0,0,37,29,7622,463,0,0,0,0,0,74547,3,0
0,0,0,0,24,29,7623,463,0,0,0,0,0,224309,3,0
0,0,0,0,1,0,7624,472,0,0,0,0,0,199987,3,0
0,0,0,0,2,3,7625,472,0,0,0,0,0,258922,3,0
0,0,0,0,3,4,7626,472,0,0,0,0,0,266160,3,0
0,0,0,0,4,6,7627,472,0,0,0,0,0,251337,2,0
1,0,0,1,23,7,7628,472,0,0,0,0,0,211857,2,0
0,0,0,0,29,9,7629,472,0,0,0,0,0,261530,5,0
0,0,0,0,20,11,7630,472,0,0,0,0,0,251011,3,0
0,0,0,0,17,12,7631,472,0,0,0,0,0,223578,3,0
3,0,0,1,10,16,7632,472,0,0,0,0,0,264388,3,0
0,0,0,0,5,18,7633,472,0,0,0,0,0,226157,3,0
3,0,0,1,19,25,7634,472,0,0,0,0,0,217731,3,0
0,0,0,0,8,28,7635,472,0,0,0,0,0,199823,3,0
0,0,0,0,7,28,7636,472,0,0,0,0,0,242489,3,0
0,0,0,0,14,28,7637,472,0,0,0,0,0,252079,3,0
0,0,0,0,22,28,7638,472,0,0,0,0,0,216380,3,0
0,0,0,0,25,28,7639,472,0,0,0,0,0,246657,3,0
0,0,0,0,9,28,7640,472,0,0,0,0,0,236393,3,0
0,0,0,0,12,28,7641,472,0,0,0,0,0,243478,3,0
0,0,0,0,11,28,7642,472,0,0,0,0,0,235515,3,0
0,0,0,0,28,28,7643,472,0,0,0,0,0,278403,3,0
0,0,0,0,24,28,7644,472,0,0,0,0,0,208330,3,0
0,0,0,0,21,28,7645,472,0,0,0,0,0,269224,3,0
1,0,0,1,37,28,7646,472,0,0,0,0,0,252037,2,0
0,0,0,0,15,29,7647,472,0,0,0,0,0,225974,3,0
0,0,0,0,16,29,7648,472,0,0,0,0,0,220031,2,0
0,0,0,0,18,29,7649,472,0,0,0,0,0,234350,3,0
0,0,0,0,13,29,7650,472,0,0,0,0,0,244262,2,0
0,0,0,0,31,29,7651,472,0,0,0,0,0,74882,3,0
0,0,0,0,6,29,7652,472,0,0,0,0,0,240942,3,0
0,0,0,0,1,0,7653,479,0,0,0,0,0,224003,2,0
0,0,0,0,12,3,7654,479,0,0,0,0,0,239614,3,0
0,0,0,0,24,4,7655,479,0,0,0,0,0,243976,3,0
0,0,0,0,4,6,7656,479,0,0,0,0,0,215569,3,0
2,0,0,1,23,7,7657,479,0,0,0,0,0,271145,3,0
0,0,0,0,6,10,7658,479,0,0,0,0,0,208137,2,0
1,0,0,1,14,23,7659,479,0,0,0,0,0,211022,2,0
1,0,0,1,10,13,7660,479,0,0,0,0,0,258937,2,0
0,0,0,0,7,15,7661,479,0,0,0,0,0,247495,3,0
1,0,0,1,19,27,7662,479,0,0,0,0,0,271916,4,0
4,0,0,1,17,25,7663,479,0,0,0,0,0,188335,4,0
1,0,0,1,9,28,7664,479,0,0,0,0,0,253416,3,0
0,0,0,0,16,28,7665,479,0,0,0,0,0,206590,3,0
0,0,0,0,2,28,7666,479,0,0,0,0,0,238305,3,0
0,0,0,0,5,28,7667,479,0,0,0,0,0,272433,3,0
0,0,0,0,13,28,7668,479,0,0,0,0,0,193314,3,0
0,0,0,0,11,28,7669,479,0,0,0,0,0,225200,3,0
0,0,0,0,20,28,7670,479,0,0,0,0,0,231530,3,0
0,0,0,0,21,28,7671,479,0,0,0,0,0,255268,3,0
0,0,0,0,3,28,7672,479,0,0,0,0,0,206219,3,0
0,0,0,0,8,28,7673,479,0,0,0,0,0,264160,3,0
0,0,0,0,15,28,7674,479,0,0,0,0,0,211241,3,0
0,0,0,0,27,28,7675,479,0,0,0,0,0,264159,3,0
0,0,0,0,32,29,7676,479,0,0,0,0,0,276087,3,0
0,0,0,0,18,29,7677,479,0,0,0,0,0,274355,3,0
1,0,0,1,22,29,7678,479,0,0,0,0,0,259066,3,0
0,0,0,0,34,29,7679,479,0,0,0,0,0,264490,3,0
0,0,0,0,1,0,7680,480,0,0,0,0,0,236033,3,0
0,0,0,0,20,3,7681,480,0,0,0,0,0,203581,2,0
1,0,0,1,16,4,7682,480,0,0,0,0,0,235662,2,0
0,0,0,0,24,6,7683,480,0,0,0,0,0,197948,3,0
0,0,0,0,22,7,7684,480,0,0,0,0,0,247131,3,0
0,0,0,0,23,9,7685,480,0,0,0,0,0,243558,2,0
2,0,0,1,17,11,7686,480,0,0,0,0,0,222390,3,0
1,0,0,1,7,12,7687,480,0,0,0,0,0,232498,3,0
1,0,0,1,18,16,7688,480,0,0,0,0,0,216447,3,0
0,0,0,0,10,18,7689,480,0,0,0,0,0,198710,3,0
2,0,0,1,14,25,7690,480,0,0,0,0,0,248805,2,0
0,0,0,0,21,28,7691,480,0,0,0,0,0,219953,2,0
0,0,0,0,25,28,7692,480,0,0,0,0,0,231873,3,0
0,0,0,0,6,28,7693,480,0,0,0,0,0,250858,3,0
0,0,0,0,5,28,7694,480,0,0,0,0,0,189472,3,0
0,0,0,0,13,28,7695,480,0,0,0,0,0,227186,3,0
0,0,0,0,11,28,7696,480,0,0,0,0,0,251756,3,0
3,0,0,1,19,28,7697,480,0,0,0,0,0,243559,5,0
0,0,0,0,8,28,7698,480,0,0,0,0,0,173030,3,0
0,0,0,0,9,28,7699,480,0,0,0,0,0,210315,3,0
0,0,0,0,27,28,7700,480,0,0,0,0,0,74178,3,0
0,0,0,0,29,28,7701,480,0,0,0,0,0,272486,3,0
1,0,0,1,2,28,7702,480,0,0,0,0,0,248165,3,0
0,0,0,0,28,29,7703,480,0,0,0,0,0,261339,3,0
0,0,0,0,15,29,7704,480,0,0,0,0,0,214944,3,0
0,0,0,0,3,29,7705,480,0,0,0,0,0,258371,3,0
0,0,0,0,4,29,7706,480,0,0,0,0,0,236492,3,0
0,0,0,0,26,29,7707,480,0,0,0,0,0,74551,3,0
0,0,0,0,12,29,7708,480,0,0,0,0,0,229624,3,0
0,0,0,0,13,0,7709,481,0,0,0,0,0,185427,5,0
1,0,0,1,16,3,7710,481,0,0,0,0,0,146536,3,0
0,0,0,0,22,4,7711,481,0,0,0,0,0,255106,3,0
0,0,0,0,6,6,7712,481,0,0,0,0,0,193198,4,0
0,0,0,0,3,7,7713,481,0,0,0,0,0,246113,3,0
0,0,0,0,20,9,7714,481,0,0,0,0,0,229752,3,0
0,0,0,0,17,11,7715,481,0,0,0,0,0,208421,3,0
3,0,0,1,11,12,7716,481,0,0,0,0,0,231416,4,0
1,0,0,1,21,16,7717,481,0,0,0,0,0,238050,4,0
0,0,0,0,14,18,7718,481,0,0,0,0,0,270301,3,0
0,0,0,0,7,25,7719,481,0,0,0,0,0,69967,2,0
0,0,0,0,10,28,7720,481,0,0,0,0,0,202651,3,0
0,0,0,0,12,28,7721,481,0,0,0,0,0,241928,3,0
0,0,0,0,23,28,7722,481,0,0,0,0,0,234426,3,0
0,0,0,0,19,28,7723,481,0,0,0,0,0,263370,3,0
0,0,0,0,31,28,7724,481,0,0,0,0,0,272427,3,0
0,0,0,0,9,28,7725,481,0,0,0,0,0,225719,3,0
0,0,0,0,18,28,7726,481,0,0,0,0,0,246683,3,0
0,0,0,0,40,28,7727,481,0,0,0,0,0,279505,3,0
0,0,0,0,32,28,7728,481,0,0,0,0,0,264172,3,0
0,0,0,0,24,28,7729,481,0,0,0,0,0,252961,1,0
1,0,0,1,26,28,7730,481,0,0,0,0,0,264174,3,0
0,0,0,0,15,28,7731,481,0,0,0,0,0,231340,3,0
0,0,0,0,4,29,7732,481,0,0,0,0,0,271755,3,0
0,0,0,0,28,29,7733,481,0,0,0,0,0,275520,3,0
0,0,0,0,1,29,7734,481,0,0,0,0,0,236515,3,0
0,0,0,0,27,29,7735,481,0,0,0,0,0,70893,3,0
0,0,0,0,38,29,7736,481,0,0,0,0,0,275622,3,0
0,0,0,0,30,29,7737,481,0,0,0,0,0,74585,3,0
0,0,0,0,8,29,7738,481,0,0,0,0,0,264175,3,0
0,0,0,0,29,29,7739,481,0,0,0,0,0,279506,3,0
0,0,0,0,37,29,7740,481,0,0,0,0,0,74590,3,0
0,0,0,0,13,0,7741,483,0,0,0,0,0,258534,2,0
0,0,0,0,17,3,7742,483,0,0,0,0,0,189860,3,0
0,0,0,0,3,4,7743,483,0,0,0,0,0,157481,2,0
0,0,0,0,4,6,7744,483,0,0,0,0,0,225508,3,0
1,0,0,1,23,7,7745,483,0,0,0,0,0,262402,3,0
0,0,0,0,21,12,7746,483,0,0,0,0,0,259377,3,0
1,0,0,1,10,13,7747,483,0,0,0,0,0,189513,3,0
0,0,0,0,14,15,7748,483,0,0,0,0,0,235781,3,0
1,0,0,1,16,16,7749,483,0,0,0,0,0,257279,3,0
0,0,0,0,7,24,7750,483,0,0,0,0,0,208093,3,0
6,1,0,1,22,26,7751,483,0,0,0,0,0,215590,3,0
2,0,0,1,15,28,7752,483,0,0,0,0,0,276295,2,0
0,0,0,0,18,28,7753,483,0,0,0,0,0,241707,3,0
0,0,0,0,8,28,7754,483,0,0,0,0,0,237221,3,0
1,0,0,1,2,28,7755,483,0,0,0,0,0,243923,3,0
0,0,0,0,1,28,7756,483,0,0,0,0,0,258885,3,0
0,0,0,0,11,28,7757,483,0,0,0,0,0,265578,3,0
1,0,0,1,19,28,7758,483,0,0,0,0,0,226110,4,0
0,0,0,0,24,28,7759,483,0,0,0,0,0,228302,3,0
0,0,0,0,5,28,7760,483,0,0,0,0,0,268414,3,0
0,0,0,0,6,28,7761,483,0,0,0,0,0,205192,3,0
0,0,0,0,20,28,7762,483,0,0,0,0,0,259521,3,0
0,0,0,0,27,28,7763,483,0,0,0,0,0,270335,3,0
0,0,0,0,33,29,7764,483,0,0,0,0,0,73990,3,0
0,0,0,0,26,29,7765,483,0,0,0,0,0,278659,3,0
0,0,0,0,12,29,7766,483,0,0,0,0,0,205069,3,0
0,0,0,0,35,29,7767,483,0,0,0,0,0,70021,3,0
0,0,0,0,31,29,7768,483,0,0,0,0,0,269641,3,0
0,0,0,0,13,0,7769,1860,0,0,0,0,0,223952,2,0
0,0,0,0,21,3,7770,1860,0,0,0,0,0,260178,3,0
0,0,0,0,2,4,7771,1860,0,0,0,0,0,217940,2,0
0,0,0,0,15,6,7772,1860,0,0,0,0,0,240359,3,0
0,0,0,0,16,7,7773,1860,0,0,0,0,0,220414,2,0
2,0,0,1,8,10,7774,1860,0,0,0,0,0,232665,2,0
0,0,0,0,17,12,7775,1860,0,0,0,0,0,240654,3,0
1,0,0,1,5,13,7776,1860,0,0,0,0,0,242201,3,0
0,0,0,0,11,15,7777,1860,0,0,0,0,0,233113,3,0
0,0,0,0,7,16,7778,1860,0,0,0,0,0,247458,3,0
1,0,0,1,9,25,7779,1860,0,0,0,0,0,228635,3,0
0,0,0,0,19,28,7780,1860,0,0,0,0,0,266136,3,0
0,0,0,0,22,28,7781,1860,0,0,0,0,0,234835,3,0
0,0,0,0,4,28,7782,1860,0,0,0,0,0,240859,3,0
0,0,0,0,3,28,7783,1860,0,0,0,0,0,215160,3,0
0,0,0,0,1,28,7784,1860,0,0,0,0,0,73373,3,0
1,0,0,1,10,28,7785,1860,0,0,0,0,0,267905,3,0
1,0,0,1,6,28,7786,1860,0,0,0,0,0,73374,2,0
0,0,0,0,20,28,7787,1860,0,0,0,0,0,270698,3,0
0,0,0,0,30,28,7788,1860,0,0,0,0,0,278389,3,0
0,0,0,0,26,28,7789,1860,0,0,0,0,0,71977,3,0
0,0,0,0,31,28,7790,1860,0,0,0,0,0,260195,3,0
0,0,0,0,40,28,7791,1860,0,0,0,0,0,73849,3,0
0,0,0,0,27,29,7792,1860,0,0,0,0,0,278934,3,0
0,0,0,0,18,29,7793,1860,0,0,0,0,0,272445,3,0
0,0,0,0,13,0,7794,100888,0,0,0,0,0,227290,3,0
0,0,0,0,12,3,7795,100888,0,0,0,0,0,234730,3,0
1,0,0,1,3,4,7796,100888,0,0,0,0,0,225106,4,0
0,0,0,0,6,6,7797,100888,0,0,0,0,0,221652,3,0
0,0,0,0,20,7,7798,100888,0,0,0,0,0,244523,3,0
0,0,0,0,14,9,7799,100888,0,0,0,0,0,236221,3,0
0,0,0,0,17,11,7800,100888,0,0,0,0,0,237626,2,0
3,0,0,1,11,12,7801,100888,0,0,0,0,0,243604,2,0
0,0,0,0,10,16,7802,100888,0,0,0,0,0,241463,3,0
0,0,0,0,21,18,7803,100888,0,0,0,0,0,246169,2,0
0,0,0,0,18,25,7804,100888,0,0,0,0,0,205693,2,0
0,0,0,0,19,28,7805,100888,0,0,0,0,0,264229,3,0
0,0,0,0,8,28,7806,100888,0,0,0,0,0,267624,2,0
0,0,0,0,27,28,7807,100888,0,0,0,0,0,264228,3,0
0,0,0,0,2,28,7808,100888,0,0,0,0,0,269228,3,0
0,0,0,0,1,28,7809,100888,0,0,0,0,0,234790,3,0
0,0,0,0,9,28,7810,100888,0,0,0,0,0,240589,3,0
1,0,0,1,15,28,7811,100888,0,0,0,0,0,252146,3,0
0,0,0,0,24,28,7812,100888,0,0,0,0,0,233887,3,0
0,0,0,0,36,28,7813,100888,0,0,0,0,0,278545,3,0
0,0,0,0,5,28,7814,100888,0,0,0,0,0,220673,3,0
0,0,0,0,7,28,7815,100888,0,0,0,0,0,239335,3,0
0,0,0,0,34,28,7816,100888,0,0,0,0,0,74546,3,0
0,0,0,0,32,29,7817,100888,0,0,0,0,0,74545,3,0
0,0,0,0,4,29,7818,100888,0,0,0,0,0,260740,3,0
0,0,0,0,22,29,7819,100888,0,0,0,0,0,205362,3,0
0,0,0,0,23,29,7820,100888,0,0,0,0,0,220253,3,0
0,0,0,0,13,0,7821,110062,0,0,0,0,0,205186,5,0
0,0,0,0,4,3,7822,110062,0,0,0,0,0,260815,2,0
0,0,0,0,5,4,7823,110062,0,0,0,0,0,201505,3,0
0,0,0,0,17,6,7824,110062,0,0,0,0,0,190815,3,0
0,0,0,0,3,7,7825,110062,0,0,0,0,0,261865,4,0
0,0,0,0,14,9,7826,110062,0,0,0,0,0,199576,3,0
1,0,0,1,21,11,7827,110062,0,0,0,0,0,234060,4,0
1,0,0,1,8,12,7828,110062,0,0,0,0,0,244369,3,0
1,0,0,1,20,16,7829,110062,0,0,0,0,0,246785,3,0
1,0,0,1,23,18,7830,110062,0,0,0,0,0,246928,3,0
2,0,0,1,9,25,7831,110062,0,0,0,0,0,239250,2,0
2,0,0,1,11,28,7832,110062,0,0,0,0,0,236276,2,0
1,0,0,1,10,28,7833,110062,0,0,0,0,0,271464,5,0
0,0,0,0,24,28,7834,110062,0,0,0,0,0,205070,3,0
0,0,0,0,18,28,7835,110062,0,0,0,0,0,252064,3,0
0,0,0,0,1,28,7836,110062,0,0,0,0,0,194730,3,0
3,0,0,1,7,28,7837,110062,0,0,0,0,0,186537,4,0
0,0,0,0,6,28,7838,110062,0,0,0,0,0,221363,2,0
0,0,0,0,16,28,7839,110062,0,0,0,0,0,254310,3,0
0,0,0,0,15,28,7840,110062,0,0,0,0,0,192715,3,0
0,0,0,0,35,28,7841,110062,0,0,0,0,0,279874,3,0
0,0,0,0,25,28,7842,110062,0,0,0,0,0,221087,3,0
0,0,0,0,19,28,7843,110062,0,0,0,0,0,269953,3,0
1,0,0,1,27,29,7844,110062,0,0,0,0,0,278216,3,0
0,0,0,0,22,29,7845,110062,0,0,0,0,0,267894,3,0
0,0,0,0,36,29,7846,110062,0,0,0,0,0,264735,3,0
0,0,0,0,25,0,7847,242,0,0,0,0,0,213951,5,0
1,0,0,1,23,3,7848,242,0,0,0,0,0,198023,4,0
0,0,0,0,15,4,7849,242,0,0,0,0,0,236573,3,0
0,0,0,0,4,6,7850,242,0,0,0,0,0,223284,3,0
0,0,0,0,18,7,7851,242,0,0,0,0,0,192679,3,0
0,0,0,0,8,9,7852,242,0,0,0,0,0,260877,3,0
0,0,0,0,20,11,7853,242,0,0,0,0,0,203733,3,0
2,0,0,1,17,12,7854,242,0,0,0,0,0,278035,3,0
3,1,0,1,10,16,7855,242,0,0,0,0,0,264492,2,0
1,0,0,1,7,18,7856,242,0,0,0,0,0,199354,4,0
0,0,0,0,9,25,7857,242,0,0,0,0,0,255461,3,0
0,0,0,0,12,28,7858,242,0,0,0,0,0,221556,3,0
0,0,0,0,21,28,7859,242,0,0,0,0,0,260463,3,0
0,0,0,0,28,28,7860,242,0,0,0,0,0,260144,3,0
0,0,0,0,6,28,7861,242,0,0,0,0,0,262498,3,0
0,0,0,0,1,28,7862,242,0,0,0,0,0,212453,3,0
0,0,0,0,24,28,7863,242,0,0,0,0,0,262744,3,0
0,0,0,0,22,28,7864,242,0,0,0,0,0,231025,3,0
0,0,0,0,11,28,7865,242,0,0,0,0,0,262301,3,0
0,0,0,0,19,28,7866,242,0,0,0,0,0,221025,3,0
1,0,0,1,14,28,7867,242,0,0,0,0,0,204280,3,0
0,0,0,0,26,28,7868,242,0,0,0,0,0,256936,3,0
0,0,0,0,33,28,7869,242,0,0,0,0,0,258507,3,0
0,0,0,0,5,29,7870,242,0,0,0,0,0,278001,3,0
0,0,0,0,13,29,7871,242,0,0,0,0,0,279897,3,0
0,0,0,0,16,29,7872,242,0,0,0,0,0,269599,3,0
0,0,0,0,32,29,7873,242,0,0,0,0,0,73920,3,0
0,0,0,0,13,0,7874,244,0,0,0,0,0,240751,2,0
0,0,0,0,19,3,7875,244,0,0,0,0,0,224305,2,0
0,0,0,0,24,4,7876,244,0,0,0,0,0,234032,3,0
0,0,0,0,15,6,7877,244,0,0,0,0,0,263670,1,0
1,0,0,1,4,7,7878,244,0,0,0,0,0,265671,5,0
0,0,0,0,6,9,7879,244,0,0,0,0,0,237184,3,0
0,0,0,0,8,11,7880,244,0,0,0,0,0,246809,3,0
0,0,0,0,10,12,7881,244,0,0,0,0,0,252864,3,0
0,0,0,0,33,16,7882,244,0,0,0,0,0,277269,1,0
6,1,0,1,7,18,7883,244,0,0,0,1,0,251922,3,0
0,0,0,0,22,25,7884,244,0,0,0,0,0,275333,3,0
0,0,0,0,9,28,7885,244,0,0,0,0,0,259423,3,0
1,0,0,1,29,28,7886,244,0,0,0,0,0,274212,3,0
1,0,0,1,23,28,7887,244,0,0,0,0,0,213937,2,0
0,0,0,0,12,28,7888,244,0,0,0,0,0,72556,3,0
0,0,0,0,25,28,7889,244,0,0,0,0,0,251944,3,0
1,0,0,1,11,28,7890,244,0,0,0,0,0,72360,3,0
2,0,0,1,14,28,7891,244,0,0,0,0,0,256341,3,0
0,0,0,0,21,28,7892,244,0,0,0,0,0,241588,3,0
0,0,0,0,26,28,7893,244,0,0,0,0,0,261680,3,0
0,0,0,0,20,28,7894,244,0,0,0,0,0,271037,3,0
0,0,0,0,34,28,7895,244,0,0,0,0,0,278530,3,0
0,0,0,0,30,28,7896,244,0,0,0,0,0,263218,3,0
0,0,0,0,38,29,7897,244,0,0,0,0,0,258759,3,0
0,0,0,0,5,29,7898,244,0,0,0,0,0,244394,3,0
0,0,0,0,31,29,7899,244,0,0,0,0,0,74111,3,0
0,0,0,0,39,29,7900,244,0,0,0,0,0,70183,3,0
0,0,0,0,17,29,7901,244,0,0,0,0,0,225202,3,0
0,0,0,0,41,29,7902,244,0,0,0,0,0,71279,3,0
0,0,0,0,3,29,7903,244,0,0,0,0,0,234731,3,0
0,0,0,0,1,29,7904,244,0,0,0,0,0,188938,3,0
1,0,0,1,2,29,7905,244,0,0,0,0,0,270415,3,0
0,0,0,0,32,29,7906,244,0,0,0,0,0,74114,3,0
0,0,0,0,40,29,7907,244,0,0,0,0,0,70834,3,0
0,0,0,0,13,0,7908,260,0,0,0,0,0,190435,3,0
0,0,0,0,22,3,7909,260,0,0,0,0,0,248777,4,0
0,0,0,0,4,4,7910,260,0,0,0,0,0,223120,3,0
0,0,0,0,23,6,7911,260,0,0,0,0,0,255158,3,0
0,0,0,0,2,7,7912,260,0,0,0,0,0,259600,3,0
1,0,0,1,11,12,7913,260,0,0,0,0,0,277069,5,0
2,0,0,1,8,13,7914,260,0,0,0,0,0,73282,5,0
0,0,0,0,5,15,7915,260,0,0,0,0,0,246097,3,0
0,0,0,0,17,16,7916,260,0,0,0,0,0,231414,3,0
1,0,0,1,20,24,7917,260,0,0,0,0,0,215615,3,0
1,0,0,1,9,26,7918,260,0,0,0,0,0,177633,3,0
0,0,0,0,15,28,7919,260,0,0,0,0,0,224591,3,0
0,0,0,0,14,28,7920,260,0,0,0,0,0,245586,3,0
0,0,0,0,21,28,7921,260,0,0,0,0,0,271275,3,0
0,0,0,0,12,28,7922,260,0,0,0,0,0,262299,3,0
0,0,0,0,1,28,7923,260,0,0,0,0,0,73283,3,0
1,0,0,1,18,28,7924,260,0,0,0,0,0,243993,4,0
0,0,0,0,19,28,7925,260,0,0,0,0,0,262081,3,0
0,0,0,0,10,28,7926,260,0,0,0,0,0,225811,3,0
0,0,0,0,26,28,7927,260,0,0,0,0,0,263197,3,0
0,0,0,0,34,28,7928,260,0,0,0,0,0,73630,3,0
0,0,0,0,24,28,7929,260,0,0,0,0,0,264105,3,0
0,0,0,0,16,28,7930,260,0,0,0,0,0,142499,3,0
0,0,0,0,32,29,7931,260,0,0,0,0,0,71208,3,0
0,0,0,0,27,29,7932,260,0,0,0,0,0,272469,3,0
0,0,0,0,30,29,7933,260,0,0,0,0,0,279033,3,0
0,0,0,0,36,29,7934,260,0,0,0,0,0,279233,3,0
0,0,0,0,6,29,7935,260,0,0,0,0,0,231320,3,0
0,0,0,0,7,29,7936,260,0,0,0,0,0,245634,3,0
0,0,0,0,3,29,7937,260,0,0,0,0,0,264347,3,0
0,0,0,0,28,29,7938,260,0,0,0,0,0,259739,3,0
0,0,0,0,33,29,7939,260,0,0,0,0,0,72561,2,0
0,0,0,0,13,0,7940,456,0,0,0,0,0,225395,5,0
2,0,0,1,17,3,7941,456,0,0,0,0,0,236466,3,0
0,0,0,0,18,4,7942,456,0,0,0,0,0,243155,1,0
0,0,0,0,24,6,7943,456,0,0,0,0,0,244938,2,0
0,0,0,0,3,7,7944,456,0,0,0,0,0,219709,2,0
0,0,0,0,21,9,7945,456,0,0,0,0,0,247328,3,0
1,0,0,1,8,11,7946,456,0,0,0,0,0,262501,5,0
6,1,0,1,11,12,7947,456,0,0,0,1,0,246044,5,0
1,0,0,1,10,16,7948,456,0,0,0,0,0,243792,3,0
1,0,0,1,22,18,7949,456,0,0,0,0,0,259105,4,0
2,0,0,1,9,25,7950,456,0,0,0,0,0,269639,2,0
0,0,0,0,14,28,7951,456,0,0,0,0,0,262303,3,0
0,0,0,0,6,28,7952,456,0,0,0,0,0,254005,3,0
0,0,0,0,30,28,7953,456,0,0,0,0,0,271413,3,0
0,0,0,0,5,28,7954,456,0,0,0,0,0,255406,3,0
0,0,0,0,1,28,7955,456,0,0,0,0,0,231071,3,0
0,0,0,0,29,28,7956,456,0,0,0,0,0,277742,3,0
0,0,0,0,40,28,7957,456,0,0,0,0,0,274080,3,0
0,0,0,0,4,28,7958,456,0,0,0,0,0,244799,3,0
0,0,0,0,19,28,7959,456,0,0,0,0,0,262513,3,0
0,0,0,0,7,28,7960,456,0,0,0,0,0,191135,3,0
0,0,0,0,15,28,7961,456,0,0,0,0,0,216376,3,0
0,0,0,0,32,28,7962,456,0,0,0,0,0,74606,3,0
1,0,0,1,20,29,7963,456,0,0,0,0,0,265731,3,0
0,0,0,0,2,29,7964,456,0,0,0,0,0,269197,3,0
0,0,0,0,28,29,7965,456,0,0,0,0,0,74607,3,0
0,0,0,0,12,29,7966,456,0,0,0,0,0,74881,3,0
0,0,0,0,33,29,7967,456,0,0,0,0,0,266141,3,0
0,0,0,0,1,0,7968,459,0,0,0,0,0,219836,4,0
1,0,0,1,2,3,7969,459,0,0,0,0,0,256080,4,0
0,0,0,0,23,4,7970,459,0,0,0,0,0,237442,3,0
1,0,0,1,4,6,7971,459,0,0,0,0,0,213063,2,0
1,0,0,1,3,7,7972,459,0,0,0,0,0,190143,3,0
0,0,0,0,14,10,7973,459,0,0,0,0,0,229765,3,0
2,0,0,1,17,12,7974,459,0,0,0,0,0,263883,4,0
0,0,0,0,8,13,7975,459,0,0,0,0,0,238220,3,0
0,0,0,0,10,15,7976,459,0,0,0,0,0,240201,3,0
1,0,0,1,7,16,7977,459,0,0,0,0,0,256885,4,0
1,0,0,1,19,25,7978,459,0,0,0,0,0,224428,3,0
0,0,0,0,16,28,7979,459,0,0,0,0,0,268508,3,0
0,0,0,0,34,28,7980,459,0,0,0,0,0,276880,3,0
0,0,0,0,5,28,7981,459,0,0,0,0,0,258766,3,0
0,0,0,0,22,28,7982,459,0,0,0,0,0,271805,3,0
0,0,0,0,13,28,7983,459,0,0,0,0,0,245601,3,0
0,0,0,0,6,28,7984,459,0,0,0,0,0,264838,3,0
0,0,0,0,28,28,7985,459,0,0,0,0,0,72028,3,0
2,0,0,1,11,28,7986,459,0,0,0,0,0,246949,3,0
0,0,0,0,9,28,7987,459,0,0,0,0,0,265560,3,0
0,0,0,0,37,28,7988,459,0,0,0,0,0,71278,3,0
0,0,0,0,18,28,7989,459,0,0,0,0,0,243491,3,0
0,0,0,0,35,28,7990,459,0,0,0,0,0,278945,3,0
0,0,0,0,26,29,7991,459,0,0,0,0,0,74608,3,0
0,0,0,0,20,29,7992,459,0,0,0,0,0,228716,3,0
0,0,0,0,15,29,7993,459,0,0,0,0,0,241070,2,0
0,0,0,0,27,29,7994,459,0,0,0,0,0,265561,3,0
0,0,0,0,1,0,7995,467,0,0,0,0,0,244363,2,0
0,0,0,0,2,3,7996,467,0,0,0,0,0,254913,3,0
0,0,0,0,5,4,7997,467,0,0,0,0,0,219777,2,0
0,0,0,0,23,6,7998,467,0,0,0,0,0,199986,2,0
0,0,0,0,3,7,7999,467,0,0,0,0,0,272305,3,0
0,0,0,0,10,9,8000,467,0,0,0,0,0,229337,3,0
0,0,0,0,6,11,8001,467,0,0,0,0,0,199158,3,0
0,0,0,0,17,12,8002,467,0,0,0,0,0,244197,2,0
0,0,0,0,19,16,8003,467,0,0,0,0,0,229517,2,0
0,0,0,0,21,18,8004,467,0,0,0,0,0,73561,3,0
2,0,0,1,9,25,8005,467,0,0,0,0,0,233231,3,0
0,0,0,0,18,28,8006,467,0,0,0,0,0,225562,3,0
1,0,0,1,7,28,8007,467,0,0,0,0,0,256059,3,0
1,0,0,1,8,28,8008,467,0,0,0,0,0,241489,3,0
1,0,0,1,4,28,8009,467,0,0,0,0,0,278630,2,0
0,0,0,0,13,28,8010,467,0,0,0,0,0,259362,3,0
0,0,0,0,11,28,8011,467,0,0,0,0,0,275415,2,0
3,1,0,1,20,28,8012,467,0,0,0,0,0,213577,2,0
0,0,0,0,31,28,8013,467,0,0,0,0,0,272458,3,0
0,0,0,0,27,28,8014,467,0,0,0,0,0,264791,3,0
0,0,0,0,22,28,8015,467,0,0,0,0,0,254003,3,0
0,0,0,0,29,28,8016,467,0,0,0,0,0,277719,3,0
0,0,0,0,14,28,8017,467,0,0,0,0,0,71912,3,0
0,0,0,0,26,29,8018,467,0,0,0,0,0,277831,3,0
0,0,0,0,28,29,8019,467,0,0,0,0,0,278527,3,0
0,0,0,0,35,29,8020,467,0,0,0,0,0,72270,3,0
0,0,0,0,15,29,8021,467,0,0,0,0,0,232859,3,0
0,0,0,0,13,0,8022,468,0,0,0,0,0,207935,3,0
0,0,0,0,17,3,8023,468,0,0,0,0,0,229667,3,0
0,0,0,0,2,4,8024,468,0,0,0,0,0,192789,3,0
0,0,0,0,26,6,8025,468,0,0,0,0,0,74559,3,0
0,0,0,0,12,7,8026,468,0,0,0,0,0,258684,3,0
0,0,0,0,14,10,8027,468,0,0,0,0,0,235522,3,0
0,0,0,0,7,12,8028,468,0,0,0,0,0,208621,3,0
1,0,0,1,21,13,8029,468,0,0,0,0,0,259504,3,0
2,0,0,1,10,15,8030,468,0,0,0,0,0,257866,3,0
1,0,0,1,24,16,8031,468,0,0,0,0,0,269250,3,0
1,0,0,1,9,25,8032,468,0,0,0,0,0,258846,3,0
0,0,0,0,20,28,8033,468,0,0,0,0,0,236997,3,0
1,0,0,1,36,28,8034,468,0,0,0,0,0,70491,3,0
0,0,0,0,25,28,8035,468,0,0,0,0,0,236914,3,0
0,0,0,0,5,28,8036,468,0,0,0,0,0,260083,3,0
0,0,0,0,1,28,8037,468,0,0,0,0,0,242802,3,0
3,1,0,1,19,28,8038,468,0,0,0,0,0,255155,2,0
0,0,0,0,30,28,8039,468,0,0,0,0,0,278523,3,0
0,0,0,0,15,28,8040,468,0,0,0,0,0,276745,2,0
0,0,0,0,8,28,8041,468,0,0,0,0,0,225204,3,0
0,0,0,0,32,28,8042,468,0,0,0,0,0,279035,3,0
0,0,0,0,6,28,8043,468,0,0,0,0,0,206222,3,0
0,0,0,0,22,28,8044,468,0,0,0,0,0,261264,3,0
0,0,0,0,37,29,8045,468,0,0,0,0,0,71674,3,0
0,0,0,0,34,29,8046,468,0,0,0,0,0,278549,3,0
0,0,0,0,4,29,8047,468,0,0,0,0,0,243571,3,0
0,0,0,0,33,29,8048,468,0,0,0,0,0,74556,3,0
0,0,0,0,35,29,8049,468,0,0,0,0,0,74557,3,0
0,0,0,0,23,29,8050,468,0,0,0,0,0,204876,3,0
0,0,0,0,28,29,8051,468,0,0,0,0,0,74558,3,0
0,0,0,0,38,29,8052,468,0,0,0,0,0,198731,3,0
0,0,0,0,18,29,8053,468,0,0,0,0,0,237524,3,0
0,0,0,0,1,0,8054,573,0,0,0,0,0,235312,4,0
0,0,0,0,3,3,8055,573,0,0,0,0,0,73199,3,0
1,0,0,1,20,4,8056,573,0,0,0,0,0,222598,3,0
0,0,0,0,4,6,8057,573,0,0,0,0,0,219796,3,0
0,0,0,0,18,7,8058,573,0,0,0,0,0,73450,3,0
0,0,0,0,21,12,8059,573,0,0,0,0,0,229428,3,0
0,0,0,0,12,13,8060,573,0,0,0,0,0,201295,3,0
0,0,0,0,19,15,8061,573,0,0,0,0,0,220638,3,0
1,0,0,1,11,16,8062,573,0,0,0,0,0,264176,3,0
2,0,0,1,17,24,8063,573,0,0,0,0,0,200510,3,0
0,0,0,0,25,26,8064,573,0,0,0,0,0,253455,3,0
0,0,0,0,9,28,8065,573,0,0,0,0,0,253983,3,0
0,0,0,0,10,28,8066,573,0,0,0,0,0,258494,4,0
0,0,0,0,29,28,8067,573,0,0,0,0,0,74210,3,0
0,0,0,0,2,28,8068,573,0,0,0,0,0,265437,4,0
0,0,0,0,13,28,8069,573,0,0,0,0,0,271491,3,0
3,1,0,1,26,28,8070,573,0,0,0,0,0,74209,2,0
0,0,0,0,7,28,8071,573,0,0,0,0,0,260344,3,0
0,0,0,0,5,28,8072,573,0,0,0,0,0,269227,5,0
0,0,0,0,23,28,8073,573,0,0,0,0,0,245520,3,0
0,0,0,0,6,28,8074,573,0,0,0,0,0,252943,3,0
0,0,0,0,15,28,8075,573,0,0,0,0,0,263677,3,0
0,0,0,0,22,28,8076,573,0,0,0,0,0,265812,3,0
0,0,0,0,16,29,8077,573,0,0,0,0,0,73452,3,0
0,0,0,0,24,29,8078,573,0,0,0,0,0,255398,3,0
0,0,0,0,8,29,8079,573,0,0,0,0,0,234769,3,0
0,0,0,0,31,29,8080,573,0,0,0,0,0,74211,3,0
0,0,0,0,27,29,8081,573,0,0,0,0,0,74554,3,0
0,0,0,0,14,29,8082,573,0,0,0,0,0,226087,4,0
0,0,0,0,35,29,8083,573,0,0,0,0,0,74555,3,0
0,0,0,0,1,0,8084,1853,0,0,0,0,0,146296,3,0
0,0,0,0,2,3,8085,1853,0,0,0,0,0,275468,3,0
0,0,0,0,4,4,8086,1853,0,0,0,0,0,245290,3,0
0,0,0,0,5,6,8087,1853,0,0,0,0,0,233588,4,0
0,0,0,0,14,7,8088,1853,0,0,0,0,0,71388,3,0
0,0,0,0,10,9,8089,1853,0,0,0,0,0,189560,3,0
0,0,0,0,21,11,8090,1853,0,0,0,0,0,252598,3,0
3,1,0,1,24,12,8091,1853,0,0,0,0,0,274209,3,0
1,0,0,1,23,16,8092,1853,0,0,0,0,0,243312,3,0
3,1,0,1,11,18,8093,1853,0,0,0,0,0,216475,3,0
0,0,0,0,12,25,8094,1853,0,0,0,0,0,277514,3,0
0,0,0,0,20,28,8095,1853,0,0,0,0,0,242279,3,0
2,0,0,1,6,28,8096,1853,0,0,0,0,0,260813,3,0
0,0,0,0,16,28,8097,1853,0,0,0,0,0,241055,3,0
0,0,0,0,26,28,8098,1853,0,0,0,0,0,278980,3,0
0,0,0,0,33,28,8099,1853,0,0,0,0,0,259530,3,0
1,0,0,1,9,28,8100,1853,0,0,0,0,0,264173,3,0
0,0,0,0,29,28,8101,1853,0,0,0,0,0,277933,4,0
0,0,0,0,32,28,8102,1853,0,0,0,0,0,269146,3,0
3,1,0,1,7,28,8103,1853,0,0,0,0,0,241591,3,0
0,0,0,0,31,28,8104,1853,0,0,0,0,0,277639,3,0
0,0,0,0,17,28,8105,1853,0,0,0,0,0,255258,3,0
0,0,0,0,8,28,8106,1853,0,0,0,0,0,246592,3,0
0,0,0,0,44,29,8107,1853,0,0,0,0,0,72563,3,0
1,0,0,1,38,29,8108,1853,0,0,0,0,0,70967,3,0
0,0,0,0,27,29,8109,1853,0,0,0,0,0,277653,3,0
0,0,0,0,34,29,8110,1853,0,0,0,0,0,271610,3,0
0,0,0,0,35,29,8111,1853,0,0,0,0,0,72269,3,0
0,0,0,0,13,0,8112,1854,0,0,0,0,0,199101,2,0
0,0,0,0,2,3,8113,1854,0,0,0,0,0,237206,3,0
0,0,0,0,14,4,8114,1854,0,0,0,0,0,223998,3,0
0,0,0,0,5,6,8115,1854,0,0,0,0,0,263029,3,0
0,0,0,0,24,7,8116,1854,0,0,0,0,0,193171,3,0
2,0,0,1,10,12,8117,1854,0,0,0,0,0,189172,3,0
0,0,0,0,8,13,8118,1854,0,0,0,0,0,251599,4,0
0,0,0,0,6,15,8119,1854,0,0,0,0,0,263708,3,0
1,0,0,1,22,16,8120,1854,0,0,0,0,0,258602,3,0
2,0,0,1,21,24,8121,1854,0,0,0,0,0,236810,3,0
2,0,0,1,9,26,8122,1854,0,0,0,0,0,211565,3,0
0,0,0,0,4,28,8123,1854,0,0,0,0,0,223853,4,0
0,0,0,0,20,28,8124,1854,0,0,0,0,0,269644,3,0
0,0,0,0,17,28,8125,1854,0,0,0,0,0,255572,3,0
0,0,0,0,16,28,8126,1854,0,0,0,0,0,227106,2,0
0,0,0,0,1,28,8127,1854,0,0,0,0,0,241179,3,0
0,0,0,0,15,28,8128,1854,0,0,0,0,0,254244,3,0
1,0,0,1,3,28,8129,1854,0,0,0,0,0,271272,3,0
1,0,0,1,7,28,8130,1854,0,0,0,0,0,222094,3,0
0,0,0,0,18,28,8131,1854,0,0,0,0,0,74163,3,0
0,0,0,0,32,28,8132,1854,0,0,0,0,0,74595,3,0
1,0,0,1,29,28,8133,1854,0,0,0,0,0,72426,3,0
1,0,0,1,11,28,8134,1854,0,0,0,0,0,229631,3,0
0,0,0,0,27,29,8135,1854,0,0,0,0,0,274358,3,0
0,0,0,0,30,29,8136,1854,0,0,0,0,0,74594,3,0
0,0,0,0,1,0,8137,1861,0,0,0,0,0,244316,4,0
0,0,0,0,18,3,8138,1861,0,0,0,0,0,266039,3,0
0,0,0,0,4,4,8139,1861,0,0,0,0,0,262061,3,0
0,0,0,0,3,6,8140,1861,0,0,0,0,0,247500,3,0
1,0,0,1,20,7,8141,1861,0,0,0,0,0,241470,3,0
0,0,0,0,5,9,8142,1861,0,0,0,0,0,235008,3,0
0,0,0,0,6,11,8143,1861,0,0,0,0,0,259190,4,0
0,0,0,0,12,12,8144,1861,0,0,0,0,0,205976,3,0
3,1,0,1,10,16,8145,1861,0,0,0,0,0,252837,3,0
2,0,0,1,11,18,8146,1861,0,0,0,0,0,258923,1,0
3,1,0,1,9,25,8147,1861,0,0,0,0,0,245158,3,0
0,0,0,0,19,28,8148,1861,0,0,0,0,0,271683,3,0
0,0,0,0,8,28,8149,1861,0,0,0,0,0,227508,3,0
0,0,0,0,33,28,8150,1861,0,0,0,0,0,257207,3,0
1,0,0,1,17,28,8151,1861,0,0,0,0,0,235983,5,0
0,0,0,0,13,28,8152,1861,0,0,0,0,0,205288,3,0
0,0,0,0,15,28,8153,1861,0,0,0,0,0,245598,3,0
0,0,0,0,21,28,8154,1861,0,0,0,0,0,241810,3,0
0,0,0,0,24,28,8155,1861,0,0,0,0,0,251647,4,0
0,0,0,0,2,28,8156,1861,0,0,0,0,0,242369,3,0
1,0,0,1,28,28,8157,1861,0,0,0,0,0,279119,3,0
0,0,0,0,34,28,8158,1861,0,0,0,0,0,266132,3,0
0,0,0,0,16,28,8159,1861,0,0,0,0,0,244135,3,0
0,0,0,0,31,29,8160,1861,0,0,0,0,0,74124,3,0
0,0,0,0,30,29,8161,1861,0,0,0,0,0,74718,3,0
0,0,0,0,27,29,8162,1861,0,0,0,0,0,263634,3,0
0,0,0,0,13,0,8163,1867,0,0,0,0,0,254099,4,0
0,0,0,0,22,3,8164,1867,0,0,0,0,0,243080,3,0
1,0,0,1,4,4,8165,1867,0,0,0,0,0,252094,4,0
0,0,0,0,16,6,8166,1867,0,0,0,0,0,234781,3,0
0,0,0,0,3,7,8167,1867,0,0,0,0,0,264163,3,0
0,0,0,0,6,9,8168,1867,0,0,0,0,0,265732,3,0
1,0,0,1,8,11,8169,1867,0,0,0,0,0,259582,3,0
0,0,0,0,9,12,8170,1867,0,0,0,0,0,225738,3,0
1,0,0,1,10,16,8171,1867,0,0,0,0,0,235988,5,0
0,0,0,0,7,18,8172,1867,0,0,0,0,0,279256,3,0
3,1,0,1,20,25,8173,1867,0,0,0,0,0,73408,3,0
1,0,0,1,23,28,8174,1867,0,0,0,0,0,73413,3,0
0,0,0,0,18,28,8175,1867,0,0,0,0,0,240873,3,0
0,0,0,0,21,28,8176,1867,0,0,0,0,0,73412,3,0
0,0,0,0,27,28,8177,1867,0,0,0,0,0,73411,3,0
0,0,0,0,26,28,8178,1867,0,0,0,0,0,73409,3,0
0,0,0,0,14,28,8179,1867,0,0,0,0,0,228397,3,0
1,0,0,1,17,28,8180,1867,0,0,0,0,0,73414,3,0
0,0,0,0,15,28,8181,1867,0,0,0,0,0,247466,3,0
0,0,0,0,30,28,8182,1867,0,0,0,0,0,73410,3,0
0,0,0,0,32,28,8183,1867,0,0,0,0,0,70033,3,0
0,0,0,0,29,28,8184,1867,0,0,0,0,0,74110,3,0
0,0,0,0,34,28,8185,1867,0,0,0,0,0,74113,3,0
0,0,0,0,33,29,8186,1867,0,0,0,0,0,271506,3,0
2,0,0,1,11,29,8187,1867,0,0,0,0,0,73259,3,0
0,0,0,0,19,29,8188,1867,0,0,0,0,0,273930,2,0
0,0,0,0,5,29,8189,1867,0,0,0,0,0,274486,2,0
0,0,0,0,1,0,8190,1968,0,0,0,0,0,225868,2,0
0,0,0,0,20,3,8191,1968,0,0,0,0,0,220348,2,0
0,0,0,0,3,4,8192,1968,0,0,0,0,0,229628,2,0
0,0,0,0,5,6,8193,1968,0,0,0,0,0,259173,3,0
0,0,0,0,18,7,8194,1968,0,0,0,0,0,233911,2,0
0,0,0,0,11,12,8195,1968,0,0,0,0,0,231280,3,0
2,0,0,1,4,13,8196,1968,0,0,0,0,0,229788,3,0
1,0,0,1,8,15,8197,1968,0,0,0,0,0,199247,3,0
0,0,0,0,10,16,8198,1968,0,0,0,0,0,253293,3,0
0,0,0,0,9,24,8199,1968,0,0,0,0,0,207732,3,0
4,1,0,1,16,26,8200,1968,0,0,0,0,0,241973,2,0
0,0,0,0,12,28,8201,1968,0,0,0,0,0,239894,3,0
0,0,0,0,39,28,8202,1968,0,0,0,0,0,205590,3,0
0,0,0,0,2,28,8203,1968,0,0,0,0,0,220132,2,0
0,0,0,0,24,28,8204,1968,0,0,0,0,0,239608,2,0
0,0,0,0,13,28,8205,1968,0,0,0,0,0,234779,3,0
0,0,0,0,40,28,8206,1968,0,0,0,0,0,72418,3,0
0,0,0,0,17,28,8207,1968,0,0,0,0,0,219391,3,0
1,0,0,1,7,28,8208,1968,0,0,0,0,0,208622,3,0
0,0,0,0,6,28,8209,1968,0,0,0,0,0,223654,3,0
0,0,0,0,30,28,8210,1968,0,0,0,0,0,278949,3,0
0,0,0,0,21,28,8211,1968,0,0,0,0,0,235824,3,0
1,0,0,1,22,28,8212,1968,0,0,0,0,0,231640,3,0
0,0,0,0,29,29,8213,1968,0,0,0,0,0,74600,3,0
0,0,0,0,27,29,8214,1968,0,0,0,0,0,279502,3,0
0,0,0,0,45,29,8215,1968,0,0,0,0,0,263646,3,0
0,0,0,0,33,29,8216,1968,0,0,0,0,0,279071,3,0
0,0,0,0,26,29,8217,1968,0,0,0,0,0,271459,3,0
0,0,0,0,23,29,8218,1968,0,0,0,0,0,221014,1,0
0,0,0,0,28,29,8219,1968,0,0,0,0,0,278981,3,0
1,0,0,1,15,29,8220,1968,0,0,0,0,0,258509,3,0
0,0,0,0,25,29,8221,1968,0,0,0,0,0,236679,3,0
0,0,0,0,19,29,8222,1968,0,0,0,0,0,278404,3,0
0,0,0,0,14,29,8223,1968,0,0,0,0,0,74788,3,0
0,0,0,0,31,29,8224,1968,0,0,0,0,0,75028,3,0
0,0,0,0,13,0,8225,10846,0,0,0,0,0,219637,3,0
0,0,0,0,6,3,8226,10846,0,0,0,0,0,234784,3,0
0,0,0,0,18,4,8227,10846,0,0,0,0,0,262423,3,0
0,0,0,0,4,6,8228,10846,0,0,0,0,0,231697,3,0
0,0,0,0,3,7,8229,10846,0,0,0,0,0,226130,3,0
3,1,0,1,11,12,8230,10846,0,0,0,0,0,275986,3,0
0,0,0,0,5,13,8231,10846,0,0,0,0,0,254786,3,0
0,0,0,0,23,15,8232,10846,0,0,0,0,0,255468,3,0
1,0,0,1,21,16,8233,10846,0,0,0,0,0,229764,3,0
1,0,0,1,9,24,8234,10846,0,0,0,0,0,252590,2,0
3,1,0,1,16,26,8235,10846,0,0,0,0,0,231733,3,0
1,0,0,1,7,28,8236,10846,0,0,0,0,0,238882,2,0
0,0,0,0,12,28,8237,10846,0,0,0,0,0,239451,3,0
0,0,0,0,14,28,8238,10846,0,0,0,0,0,73518,3,0
1,0,0,1,2,28,8239,10846,0,0,0,0,0,215051,4,0
0,0,0,0,1,28,8240,10846,0,0,0,0,0,235582,3,0
0,0,0,0,19,28,8241,10846,0,0,0,0,0,245528,2,0
0,0,0,0,17,28,8242,10846,0,0,0,0,0,271359,3,0
1,0,0,1,10,28,8243,10846,0,0,0,0,0,241117,3,0
0,0,0,0,31,28,8244,10846,0,0,0,0,0,71673,3,0
0,0,0,0,22,28,8245,10846,0,0,0,0,0,231264,3,0
0,0,0,0,33,28,8246,10846,0,0,0,0,0,73927,3,0
0,0,0,0,26,28,8247,10846,0,0,0,0,0,72559,3,0
0,0,0,0,34,29,8248,10846,0,0,0,0,0,74598,3,0
0,0,0,0,27,29,8249,10846,0,0,0,0,0,278392,3,0
0,0,0,0,32,29,8250,10846,0,0,0,0,0,74596,3,0
0,0,0,0,20,29,8251,10846,0,0,0,0,0,244625,3,0
0,0,0,0,38,29,8252,10846,0,0,0,0,0,279828,3,0
0,0,0,0,1,0,8253,100851,0,0,0,0,0,271532,3,0
0,0,0,0,19,3,8254,100851,0,0,0,0,0,241827,2,0
0,0,0,0,4,4,8255,100851,0,0,0,0,0,189709,3,0
0,0,0,0,24,6,8256,100851,0,0,0,0,0,252275,3,0
0,0,0,0,3,7,8257,100851,0,0,0,0,0,189482,2,0
1,0,0,1,20,23,8258,100851,0,0,0,0,0,224584,2,0
2,0,0,1,8,13,8259,100851,0,0,0,0,0,236695,3,0
0,0,0,0,18,14,8260,100851,0,0,0,0,0,216019,3,0
1,0,0,1,17,15,8261,100851,0,0,0,0,0,208817,3,0
1,0,0,1,23,27,8262,100851,0,0,0,0,0,258536,3,0
0,0,0,0,9,25,8263,100851,0,0,0,0,0,190747,2,0
0,0,0,0,7,28,8264,100851,0,0,0,0,0,71239,3,0
0,0,0,0,10,28,8265,100851,0,0,0,0,0,240922,3,0
0,0,0,0,5,28,8266,100851,0,0,0,0,0,243945,3,0
0,0,0,0,12,28,8267,100851,0,0,0,0,0,234783,3,0
0,0,0,0,40,28,8268,100851,0,0,0,0,0,264326,3,0
0,0,0,0,33,28,8269,100851,0,0,0,0,0,73913,3,0
1,0,0,1,6,28,8270,100851,0,0,0,0,0,262260,2,0
0,0,0,0,2,28,8271,100851,0,0,0,0,0,264270,3,0
0,0,0,0,34,28,8272,100851,0,0,0,0,0,277649,3,0
0,0,0,0,26,28,8273,100851,0,0,0,0,0,74602,3,0
0,0,0,0,27,28,8274,100851,0,0,0,0,0,73909,3,0
1,0,0,1,37,28,8275,100851,0,0,0,0,0,74603,3,0
0,0,0,0,22,29,8276,100851,0,0,0,0,0,186684,2,0
0,0,0,0,30,29,8277,100851,0,0,0,0,0,279234,3,0
0,0,0,0,35,29,8278,100851,0,0,0,0,0,277830,3,0
0,0,0,0,13,0,8279,100852,0,0,0,0,0,237419,3,0
0,0,0,0,22,3,8280,100852,0,0,0,0,0,260098,3,0
0,0,0,0,14,4,8281,100852,0,0,0,0,0,216461,4,0
0,0,0,0,5,5,8282,100852,0,0,0,0,0,215572,3,0
0,0,0,0,33,6,8283,100852,0,0,0,0,0,73316,3,0
2,0,0,1,10,7,8284,100852,0,0,0,0,0,241476,3,0
0,0,0,0,19,10,8285,100852,0,0,0,0,0,266100,3,0
1,0,0,1,6,13,8286,100852,0,0,0,0,0,245338,4,0
0,0,0,0,18,15,8287,100852,0,0,0,0,0,246645,3,0
1,0,0,1,11,24,8288,100852,0,0,0,0,0,252083,3,0
3,1,0,1,9,26,8289,100852,0,0,0,0,0,73318,3,0
2,0,0,1,8,28,8290,100852,0,0,0,0,0,72890,5,0
0,0,0,0,7,28,8291,100852,0,0,0,0,0,220352,3,0
1,0,0,1,15,28,8292,100852,0,0,0,0,0,205995,3,0
0,0,0,0,17,28,8293,100852,0,0,0,0,0,210747,3,0
0,0,0,0,1,28,8294,100852,0,0,0,0,0,253211,4,0
0,0,0,0,20,28,8295,100852,0,0,0,0,0,204684,3,0
0,0,0,0,16,28,8296,100852,0,0,0,0,0,73317,3,0
0,0,0,0,23,28,8297,100852,0,0,0,0,0,263757,3,0
2,0,0,1,4,28,8298,100852,0,0,0,0,0,269306,3,0
0,0,0,0,30,28,8299,100852,0,0,0,0,0,261305,3,0
1,0,0,1,21,28,8300,100852,0,0,0,0,0,73505,4,0
0,0,0,0,31,28,8301,100852,0,0,0,0,0,74166,3,0
0,0,0,0,27,29,8302,100852,0,0,0,0,0,74168,3,0
0,0,0,0,26,29,8303,100852,0,0,0,0,0,74167,3,0
0,0,0,0,46,29,8304,100852,0,0,0,0,0,74552,3,0
0,0,0,0,29,29,8305,100852,0,0,0,0,0,74625,2,0
0,0,0,0,32,29,8306,100852,0,0,0,0,0,272908,3,0
0,0,0,0,13,0,8307,110069,0,0,0,0,0,186680,2,0
0,0,0,0,2,3,8308,110069,0,0,0,0,0,279026,3,0
0,0,0,0,22,4,8309,110069,0,0,0,0,0,277519,3,0
0,0,0,0,21,5,8310,110069,0,0,0,0,0,214639,3,0
1,0,0,1,15,6,8311,110069,0,0,0,0,0,263393,3,0
0,0,0,0,3,7,8312,110069,0,0,0,0,0,247089,3,0
0,0,0,0,6,10,8313,110069,0,0,0,0,0,74091,3,0
1,0,0,1,10,13,8314,110069,0,0,0,0,0,275985,4,0
0,0,0,0,19,15,8315,110069,0,0,0,0,0,260923,2,0
2,0,0,1,9,24,8316,110069,0,0,0,0,0,273748,3,0
1,0,0,1,17,26,8317,110069,0,0,0,0,0,74317,3,0
0,0,0,0,8,28,8318,110069,0,0,0,0,0,273605,3,0
0,0,0,0,20,28,8319,110069,0,0,0,0,0,262508,3,0
0,0,0,0,26,28,8320,110069,0,0,0,0,0,74370,3,0
0,0,0,0,4,28,8321,110069,0,0,0,0,0,278408,3,0
0,0,0,0,1,28,8322,110069,0,0,0,0,0,264170,3,0
0,0,0,0,11,28,8323,110069,0,0,0,0,0,274828,3,0
0,0,0,0,5,28,8324,110069,0,0,0,0,0,238446,3,0
0,0,0,0,33,28,8325,110069,0,0,0,0,0,279109,2,0
0,0,0,0,34,28,8326,110069,0,0,0,0,0,278538,3,0
0,0,0,0,27,28,8327,110069,0,0,0,0,0,272718,3,0
0,0,0,0,36,28,8328,110069,0,0,0,0,0,73974,3,0
0,0,0,0,30,28,8329,110069,0,0,0,0,0,278533,3,0
0,0,0,0,16,29,8330,110069,0,0,0,0,0,73978,3,0
0,0,0,0,29,29,8331,110069,0,0,0,0,0,73390,3,0
0,0,0,0,38,29,8332,110069,0,0,0,0,0,74327,3,0
0,0,0,0,31,29,8333,110069,0,0,0,0,0,277826,3,0
0,0,0,0,32,29,8334,110069,0,0,0,0,0,73394,3,0
0,0,0,0,37,29,8335,110069,0,0,0,0,0,74129,3,0
0,0,0,0,39,29,8336,110069,0,0,0,0,0,73391,3,0
0,0,0,0,35,29,8337,110069,0,0,0,0,0,73389,3,0
0,0,0,0,28,29,8338,110069,0,0,0,0,0,279926,2,0
0,0,0,0,40,29,8339,110069,0,0,0,0,0,73397,3,0
0,0,0,0,13,0,8340,110242,0,0,0,0,0,185181,3,0
0,0,0,0,22,3,8341,110242,0,0,0,0,0,228790,3,0
0,0,0,0,23,4,8342,110242,0,0,0,0,0,236331,3,0
1,0,0,1,4,6,8343,110242,0,0,0,0,0,73558,3,0
0,0,0,0,18,7,8344,110242,0,0,0,0,0,275497,3,0
0,0,0,0,8,9,8345,110242,0,0,0,0,0,172716,3,0
0,0,0,0,24,11,8346,110242,0,0,0,0,0,238461,3,0
0,0,0,0,17,12,8347,110242,0,0,0,0,0,236735,2,0
0,0,0,0,12,16,8348,110242,0,0,0,0,0,166074,3,0
0,0,0,0,10,18,8349,110242,0,0,0,0,0,227990,4,0
0,0,0,0,20,25,8350,110242,0,0,0,0,0,189661,3,0
0,0,0,0,19,28,8351,110242,0,0,0,0,0,241686,3,0
0,0,0,0,6,28,8352,110242,0,0,0,0,0,266157,3,0
0,0,0,0,21,28,8353,110242,0,0,0,0,0,220637,3,0
0,0,0,0,2,28,8354,110242,0,0,0,0,0,239010,3,0
0,0,0,0,25,28,8355,110242,0,0,0,0,0,257027,4,0
0,0,0,0,14,28,8356,110242,0,0,0,0,0,269642,2,0
0,0,0,0,15,28,8357,110242,0,0,0,0,0,275494,3,0
4,1,0,1,9,28,8358,110242,0,0,0,0,0,242333,3,0
0,0,0,0,11,28,8359,110242,0,0,0,0,0,230849,3,0
0,0,0,0,1,28,8360,110242,0,0,0,0,0,246281,3,0
0,0,0,0,7,28,8361,110242,0,0,0,0,0,236392,3,0
0,0,0,0,3,28,8362,110242,0,0,0,0,0,208638,3,0
0,0,0,0,16,29,8363,110242,0,0,0,0,0,241140,3,0
0,0,0,0,13,0,8364,110827,0,0,0,0,0,220383,3,0
0,0,0,0,24,3,8365,110827,0,0,0,0,0,229894,3,0
0,0,0,0,4,4,8366,110827,0,0,0,0,0,219848,4,0
0,0,0,0,12,6,8367,110827,0,0,0,0,0,219180,3,0
0,0,0,0,3,7,8368,110827,0,0,0,0,0,73502,2,0
0,0,0,0,20,9,8369,110827,0,0,0,0,0,247793,3,0
1,0,0,1,11,11,8370,110827,0,0,0,0,0,232770,3,0
0,0,0,0,18,12,8371,110827,0,0,0,0,0,248710,3,0
0,0,0,0,7,16,8372,110827,0,0,0,0,0,219774,3,0
0,0,0,0,8,18,8373,110827,0,0,0,0,0,146562,3,0
2,0,0,1,9,25,8374,110827,0,0,0,0,0,276895,3,0
1,0,0,1,5,28,8375,110827,0,0,0,0,0,269638,3,0
2,0,0,1,16,28,8376,110827,0,0,0,0,0,262300,3,0
0,0,0,0,15,28,8377,110827,0,0,0,0,0,263178,3,0
0,0,0,0,21,28,8378,110827,0,0,0,0,0,233591,3,0
0,0,0,0,1,28,8379,110827,0,0,0,0,0,231720,3,0
0,0,0,0,17,28,8380,110827,0,0,0,0,0,274987,3,0
0,0,0,0,23,28,8381,110827,0,0,0,0,0,245870,3,0
0,0,0,0,22,28,8382,110827,0,0,0,0,0,276949,3,0
0,0,0,0,2,28,8383,110827,0,0,0,0,0,205551,3,0
0,0,0,0,27,28,8384,110827,0,0,0,0,0,261993,3,0
0,0,0,0,6,28,8385,110827,0,0,0,0,0,253114,3,0
0,0,0,0,34,28,8386,110827,0,0,0,0,0,277422,3,0
0,0,0,0,28,29,8387,110827,0,0,0,0,0,277583,3,0
0,0,0,0,14,29,8388,110827,0,0,0,0,0,262728,3,0
0,0,0,0,29,29,8389,110827,0,0,0,0,0,277419,3,0
0,0,0,0,39,29,8390,110827,0,0,0,0,0,277424,3,0
0,0,0,0,26,29,8391,110827,0,0,0,0,0,73213,3,0
0,0,0,0,35,29,8392,110827,0,0,0,0,0,277423,3,0
0,0,0,0,32,29,8393,110827,0,0,0,0,0,73215,3,0
0,0,0,0,30,29,8394,110827,0,0,0,0,0,277421,3,0
0,0,0,0,36,29,8395,110827,0,0,0,0,0,279141,3,0
0,0,0,0,37,29,8396,110827,0,0,0,0,0,73214,3,0
0,0,0,0,19,29,8397,110827,0,0,0,0,0,253385,3,0
0,0,0,0,1,0,8398,110832,0,0,0,0,0,240311,3,0
1,0,0,1,12,3,8399,110832,0,0,0,0,0,255781,3,0
0,0,0,0,14,4,8400,110832,0,0,0,0,0,196935,3,0
0,0,0,0,5,6,8401,110832,0,0,0,0,0,207431,3,0
1,0,0,1,15,7,8402,110832,0,0,0,0,0,246844,3,0
1,0,0,1,11,12,8403,110832,0,0,0,0,0,245131,2,0
1,0,0,1,6,13,8404,110832,0,0,0,0,0,236556,3,0
1,0,0,1,23,15,8405,110832,0,0,0,0,0,206545,3,0
0,0,0,0,18,16,8406,110832,0,0,0,0,0,233222,3,0
2,0,0,1,10,24,8407,110832,0,0,0,0,0,261204,2,0
0,0,0,0,7,26,8408,110832,0,0,0,0,0,222041,3,0
0,0,0,0,8,28,8409,110832,0,0,0,0,0,244393,4,0
1,0,0,1,4,28,8410,110832,0,0,0,0,0,243431,3,0
0,0,0,0,2,28,8411,110832,0,0,0,0,0,262479,3,0
1,0,0,1,24,28,8412,110832,0,0,0,0,0,264736,3,0
0,0,0,0,13,28,8413,110832,0,0,0,0,0,200502,3,0
1,0,0,1,9,28,8414,110832,0,0,0,0,0,251412,3,0
0,0,0,0,17,28,8415,110832,0,0,0,0,0,258758,2,0
0,0,0,0,22,28,8416,110832,0,0,0,0,0,70301,3,0
0,0,0,0,19,28,8417,110832,0,0,0,0,0,254544,3,0
0,0,0,0,34,28,8418,110832,0,0,0,0,0,279605,3,0
0,0,0,0,30,28,8419,110832,0,0,0,0,0,275521,3,0
0,0,0,0,28,28,8420,110832,0,0,0,0,0,74604,3,0
0,0,0,0,20,29,8421,110832,0,0,0,0,0,250881,3,0
0,0,0,0,26,29,8422,110832,0,0,0,0,0,72293,3,0
0,0,0,0,38,29,8423,110832,0,0,0,0,0,70544,3,0
0,0,0,0,16,29,8424,110832,0,0,0,0,0,267717,3,0
0,0,0,0,3,29,8425,110832,0,0,0,0,0,72423,3,0
0,0,0,0,25,29,8426,110832,0,0,0,0,0,199493,5,0
0,0,0,0,13,0,8427,110839,0,0,0,0,0,194934,3,0
0,0,0,0,2,3,8428,110839,0,0,0,0,0,276083,2,0
0,0,0,0,14,4,8429,110839,0,0,0,0,0,200519,2,0
1,0,0,1,5,6,8430,110839,0,0,0,0,0,239403,2,0
0,0,0,0,20,7,8431,110839,0,0,0,0,0,270338,3,0
0,0,0,0,7,12,8432,110839,0,0,0,0,0,229654,3,0
3,1,0,1,23,13,8433,110839,0,0,0,0,0,190199,3,0
1,0,0,1,22,15,8434,110839,0,0,0,0,0,264828,3,0
2,0,0,1,11,16,8435,110839,0,0,0,0,0,246276,3,0
1,0,0,1,9,24,8436,110839,0,0,0,0,0,194879,3,0
0,0,0,0,10,26,8437,110839,0,0,0,0,0,246787,2,0
0,0,0,0,33,28,8438,110839,0,0,0,0,0,70225,3,0
1,0,0,1,6,28,8439,110839,0,0,0,0,0,246617,2,0
1,0,0,1,15,28,8440,110839,0,0,0,0,0,262504,2,0
0,0,0,0,26,28,8441,110839,0,0,0,0,0,263320,3,0
0,0,0,0,1,28,8442,110839,0,0,0,0,0,228456,3,0
1,0,0,1,19,28,8443,110839,0,0,0,0,0,240047,4,0
0,0,0,0,27,28,8444,110839,0,0,0,0,0,276976,3,0
0,0,0,0,18,28,8445,110839,0,0,0,0,0,269223,4,0
1,0,0,1,4,28,8446,110839,0,0,0,0,0,258652,3,0
0,0,0,0,30,28,8447,110839,0,0,0,0,0,73186,3,0
0,0,0,0,8,28,8448,110839,0,0,0,0,0,240903,3,0
0,0,0,0,21,28,8449,110839,0,0,0,0,0,262488,3,0
1,0,0,1,3,29,8450,110839,0,0,0,0,0,278982,3,0
0,0,0,0,32,29,8451,110839,0,0,0,0,0,75029,3,0
0,0,0,0,1,0,8452,131110,0,0,0,0,0,241119,2,0
0,0,0,0,15,3,8453,131110,0,0,0,0,0,243756,1,0
2,0,0,1,4,4,8454,131110,0,0,0,0,0,193706,3,0
0,0,0,0,5,6,8455,131110,0,0,0,0,0,276866,3,0
1,0,0,1,23,7,8456,131110,0,0,0,0,0,192634,3,0
1,0,0,1,20,12,8457,131110,0,0,0,0,0,263941,3,0
2,0,0,1,8,13,8458,131110,0,0,0,0,0,276085,4,0
0,0,0,0,24,15,8459,131110,0,0,0,0,0,199829,3,0
1,0,0,1,19,16,8460,131110,0,0,0,0,0,276090,3,0
0,0,0,0,9,24,8461,131110,0,0,0,0,0,73540,3,0
1,0,0,1,11,26,8462,131110,0,0,0,0,0,208157,3,0
0,0,0,0,25,28,8463,131110,0,0,0,0,0,228650,3,0
0,0,0,0,6,28,8464,131110,0,0,0,0,0,219571,3,0
0,0,0,0,7,28,8465,131110,0,0,0,0,0,73506,2,0
0,0,0,0,14,28,8466,131110,0,0,0,0,0,226208,3,0
0,0,0,0,13,28,8467,131110,0,0,0,0,0,177705,3,0
0,0,0,0,18,28,8468,131110,0,0,0,0,0,278412,3,0
0,0,0,0,10,28,8469,131110,0,0,0,0,0,276084,3,0
1,0,0,1,21,28,8470,131110,0,0,0,0,0,210616,3,0
1,0,0,1,17,28,8471,131110,0,0,0,0,0,246011,3,0
0,0,0,0,28,28,8472,131110,0,0,0,0,0,246279,3,0
0,0,0,0,22,28,8473,131110,0,0,0,0,0,246564,3,0
0,0,0,0,27,28,8474,131110,0,0,0,0,0,73507,3,0
0,0,0,0,16,29,8475,131110,0,0,0,0,0,276742,3,0
0,0,0,0,29,29,8476,131110,0,0,0,0,0,264092,3,0
0,0,0,0,12,0,8477,319,0,0,0,0,0,235606,5,0
0,0,0,0,8,3,8478,319,0,0,0,0,0,222328,3,0
2,0,0,1,13,4,8479,319,0,0,0,0,0,177448,4,0
0,0,0,0,3,6,8480,319,0,0,0,0,0,238270,4,0
1,0,0,0,17,7,8481,319,0,0,0,0,0,144429,3,0
0,0,0,0,21,9,8482,319,0,0,0,0,0,259923,3,0
2,0,0,1,23,11,8483,319,0,0,0,0,0,277807,3,0
4,0,0,1,14,12,8484,319,0,0,0,0,0,255479,2,0
7,0,0,1,11,16,8485,319,0,0,0,0,0,256326,3,0
3,0,0,1,30,18,8486,319,0,0,0,0,0,235670,4,0
3,0,0,1,9,25,8487,319,0,0,0,0,0,257324,4,0
2,0,0,1,7,28,8488,319,0,0,0,0,0,246777,2,0
1,0,0,0,16,28,8489,319,0,0,0,0,0,270503,3,0
0,0,0,0,36,28,8490,319,0,0,0,0,0,71836,3,0
0,0,0,0,2,28,8491,319,0,0,0,0,0,191111,3,0
0,0,0,0,34,28,8492,319,0,0,0,0,0,179573,3,0
2,0,0,1,19,28,8493,319,0,0,0,0,0,243788,3,0
0,0,0,0,6,28,8494,319,0,0,0,0,0,210688,4,0
0,0,0,0,24,28,8495,319,0,0,0,0,0,271553,3,0
0,0,0,0,15,28,8496,319,0,0,0,0,0,258679,3,0
0,0,0,0,32,28,8497,319,0,0,0,0,0,72429,3,0
0,0,0,0,5,28,8498,319,0,0,0,0,0,212165,4,0
2,0,0,1,29,28,8499,319,0,0,0,0,0,269385,3,0
0,0,0,0,25,29,8500,319,0,0,0,0,0,275079,3,0
0,0,0,0,4,29,8501,319,0,0,0,0,0,74426,3,0
0,0,0,0,28,29,8502,319,0,0,0,0,0,265486,3,0
0,0,0,0,22,29,8503,319,0,0,0,0,0,240019,3,0
0,0,0,0,20,29,8504,319,0,0,0,0,0,227638,3,0
0,0,0,0,10,29,8505,319,0,0,0,0,0,268124,3,0
0,0,0,0,1,29,8506,319,0,0,0,0,0,233763,3,0
0,0,0,0,27,0,8507,320,0,0,0,0,0,164484,3,0
0,0,0,0,17,3,8508,320,0,0,0,0,0,193133,2,0
1,0,0,0,18,4,8509,320,0,0,0,0,0,194201,3,0
0,0,0,0,19,6,8510,320,0,0,0,0,0,243833,3,0
0,0,0,0,25,7,8511,320,0,0,0,0,0,273694,3,0
2,0,0,0,23,9,8512,320,0,0,0,0,0,248166,4,0
1,0,0,0,8,11,8513,320,0,0,0,0,0,236259,3,0
0,0,0,0,22,12,8514,320,0,0,0,0,0,260972,3,0
8,0,0,1,38,16,8515,320,0,0,0,0,0,272931,5,0
5,0,0,1,10,18,8516,320,0,0,0,0,0,199792,3,0
15,1,0,1,9,25,8517,320,0,0,0,0,0,205985,3,0
0,0,0,0,16,28,8518,320,0,0,0,0,0,228325,3,0
1,0,0,0,14,28,8519,320,0,0,0,0,0,250855,2,0
0,0,0,0,4,28,8520,320,0,0,0,0,0,172862,3,0
0,0,0,0,13,28,8521,320,0,0,0,0,0,184472,3,0
0,0,0,0,1,28,8522,320,0,0,0,0,0,242159,3,0
11,1,0,1,20,28,8523,320,0,0,0,0,0,239125,2,0
1,0,0,0,21,28,8524,320,0,0,0,0,0,220649,3,0
0,0,0,0,7,28,8525,320,0,0,0,0,0,265696,3,0
3,0,0,1,5,28,8526,320,0,0,0,0,0,179633,3,0
0,0,0,0,3,28,8527,320,0,0,0,0,0,199131,3,0
0,0,0,0,33,28,8528,320,0,0,0,0,0,275061,3,0
0,0,0,0,29,28,8529,320,0,0,0,0,0,226430,3,0
0,0,0,0,37,29,8530,320,0,0,0,0,0,277751,3,0
0,0,0,0,32,29,8531,320,0,0,0,0,0,275062,3,0
0,0,0,0,41,29,8532,320,0,0,0,0,0,71996,3,0
1,0,0,0,35,29,8533,320,0,0,0,0,0,71553,3,0
0,0,0,0,6,29,8534,320,0,0,0,0,0,205210,3,0
0,0,0,0,12,0,8535,321,0,0,0,0,0,227050,3,0
0,0,0,0,17,3,8536,321,0,0,0,0,0,256380,3,0
1,0,0,0,3,4,8537,321,0,0,0,0,0,259990,3,0
0,0,0,0,4,5,8538,321,0,0,0,0,0,23823,3,0
1,0,0,0,5,6,8539,321,0,0,0,0,0,192070,4,0
0,0,0,0,27,7,8540,321,0,0,0,0,0,273952,3,0
0,0,0,0,13,12,8541,321,0,0,0,0,0,70999,3,0
2,0,0,1,8,13,8542,321,0,0,0,0,0,239278,3,0
0,0,0,0,6,15,8543,321,0,0,0,0,0,204348,3,0
4,0,0,1,7,16,8544,321,0,0,0,0,0,70840,3,0
2,0,0,1,23,25,8545,321,0,0,0,0,0,265735,2,0
0,0,0,0,14,28,8546,321,0,0,0,0,0,209369,3,0
1,0,0,0,19,28,8547,321,0,0,0,0,0,241415,3,0
0,0,0,0,2,28,8548,321,0,0,0,0,0,259996,3,0
1,0,0,0,21,28,8549,321,0,0,0,0,0,187916,3,0
0,0,0,0,1,28,8550,321,0,0,0,0,0,242200,3,0
5,0,0,1,18,28,8551,321,0,0,0,0,0,272962,3,0
0,0,0,0,10,28,8552,321,0,0,0,0,0,273613,3,0
0,0,0,0,9,28,8553,321,0,0,0,0,0,209064,3,0
0,0,0,0,16,28,8554,321,0,0,0,0,0,266113,2,0
0,0,0,0,26,28,8555,321,0,0,0,0,0,71729,3,0
3,0,0,1,11,28,8556,321,0,0,0,0,0,272959,3,0
1,0,0,0,24,28,8557,321,0,0,0,0,0,261100,3,0
0,0,0,0,35,29,8558,321,0,0,0,0,0,278586,3,0
0,0,0,0,15,0,8559,433,0,0,0,0,0,192129,2,0
1,0,0,0,17,3,8560,433,0,0,0,0,0,225273,3,0
0,0,0,0,5,4,8561,433,0,0,0,0,0,202605,3,0
0,0,0,0,4,5,8562,433,0,0,0,0,0,226583,3,0
2,0,0,1,16,6,8563,433,0,0,0,0,0,241139,3,0
1,0,0,0,2,7,8564,433,0,0,0,0,0,262224,3,0
1,0,0,0,8,12,8565,433,0,0,0,0,0,245685,3,0
0,0,0,0,24,13,8566,433,0,0,0,0,0,275067,3,0
2,0,0,1,7,15,8567,433,0,0,0,0,0,219951,3,0
4,0,0,1,10,16,8568,433,0,0,0,0,0,220198,3,0
11,1,0,1,28,25,8569,433,0,0,0,0,0,277262,3,0
0,0,0,0,6,28,8570,433,0,0,0,0,0,240677,3,0
0,0,0,0,20,28,8571,433,0,0,0,0,0,266430,3,0
0,0,0,0,3,28,8572,433,0,0,0,0,0,244192,3,0
0,0,0,0,12,28,8573,433,0,0,0,0,0,242658,2,0
0,0,0,0,30,28,8574,433,0,0,0,0,0,259918,3,0
1,0,0,0,11,28,8575,433,0,0,0,0,0,199602,3,0
0,0,0,0,45,28,8576,433,0,0,0,0,0,272514,3,0
3,0,0,1,19,28,8577,433,0,0,0,0,0,276189,3,0
1,0,0,0,18,28,8578,433,0,0,0,0,0,273858,3,0
0,0,0,0,23,28,8579,433,0,0,0,0,0,241648,3,0
0,0,0,0,43,28,8580,433,0,0,0,0,0,272656,3,0
0,0,0,0,14,28,8581,433,0,0,0,0,0,71747,3,0
0,0,0,0,37,29,8582,433,0,0,0,0,0,268345,3,0
0,0,0,0,31,29,8583,433,0,0,0,0,0,71306,3,0
0,0,0,0,21,29,8584,433,0,0,0,0,0,74629,3,0
0,0,0,0,22,29,8585,433,0,0,0,0,0,74728,3,0
0,0,0,0,47,29,8586,433,0,0,0,0,0,272655,3,0
0,0,0,0,31,0,8587,700,0,0,0,0,0,236823,1,0
6,0,0,1,15,3,8588,700,0,0,0,0,0,209061,3,0
2,0,0,0,8,4,8589,700,0,0,0,0,0,209063,2,0
0,0,0,0,4,5,8590,700,0,0,0,0,0,245722,2,0
3,0,0,0,2,6,8591,700,0,0,0,0,0,70160,1,0
0,0,0,0,23,7,8592,700,0,0,0,0,0,192102,3,0
5,0,0,1,9,23,8593,700,0,0,0,0,0,221919,4,0
1,0,0,0,27,13,8594,700,0,0,0,0,0,270919,2,0
1,0,0,0,16,15,8595,700,0,0,0,0,0,271645,2,0
5,0,0,1,18,27,8596,700,0,0,0,0,0,261031,3,0
10,0,0,1,10,25,8597,700,0,0,0,0,0,239579,2,0
2,0,0,0,17,28,8598,700,0,0,0,0,0,209062,3,0
5,0,0,1,14,28,8599,700,0,0,0,0,0,276567,3,0
0,0,0,0,7,28,8600,700,0,0,0,0,0,223186,3,0
1,0,0,0,13,28,8601,700,0,0,0,0,0,198455,3,0
0,0,0,0,30,28,8602,700,0,0,0,0,0,248696,3,0
0,0,0,0,6,28,8603,700,0,0,0,0,0,256036,3,0
0,0,0,0,29,28,8604,700,0,0,0,0,0,272304,3,0
2,0,0,0,12,28,8605,700,0,0,0,0,0,251090,3,0
1,0,0,0,19,28,8606,700,0,0,0,0,0,235516,3,0
1,0,0,0,11,28,8607,700,0,0,0,0,0,70843,3,0
0,0,0,0,28,28,8608,700,0,0,0,0,0,74368,3,0
0,0,0,0,25,28,8609,700,0,0,0,0,0,71307,3,0
0,0,0,0,20,29,8610,700,0,0,0,0,0,275621,3,0
0,0,0,0,26,29,8611,700,0,0,0,0,0,71308,3,0
0,0,0,0,1,29,8612,700,0,0,0,0,0,274957,3,0
0,0,0,0,91,0,8613,702,0,0,0,0,0,202910,3,0
0,0,0,0,16,3,8614,702,0,0,0,0,0,259258,3,0
0,0,0,0,24,4,8615,702,0,0,0,0,0,266015,3,0
0,0,0,0,19,6,8616,702,0,0,0,0,0,231510,3,0
0,0,0,0,14,7,8617,702,0,0,0,0,0,258477,3,0
4,0,0,1,9,9,8618,702,0,0,0,0,0,211177,3,0
0,0,0,0,21,11,8619,702,0,0,0,0,0,266050,3,0
0,0,0,0,37,12,8620,702,0,0,0,0,0,279056,3,0
4,0,0,1,8,16,8621,702,0,0,0,0,0,277698,3,0
4,0,0,1,10,18,8622,702,0,0,0,0,0,239170,2,0
10,0,0,1,5,25,8623,702,0,0,0,0,0,202905,3,0
0,0,0,0,17,28,8624,702,0,0,0,0,0,241577,3,0
0,0,0,0,6,28,8625,702,0,0,0,0,0,213670,3,0
0,0,0,0,4,28,8626,702,0,0,0,0,0,272913,3,0
0,0,0,0,3,28,8627,702,0,0,0,0,0,273950,2,0
0,0,0,0,40,28,8628,702,0,0,0,0,0,275161,3,0
4,0,0,1,22,28,8629,702,0,0,0,0,0,245122,3,0
1,0,0,0,15,28,8630,702,0,0,0,0,0,246399,2,0
1,0,0,0,11,28,8631,702,0,0,0,0,0,251024,3,0
0,0,0,0,7,28,8632,702,0,0,0,0,0,225237,3,0
1,0,0,0,23,28,8633,702,0,0,0,0,0,209039,3,0
1,0,0,0,38,28,8634,702,0,0,0,0,0,278592,3,0
0,0,0,0,26,28,8635,702,0,0,0,0,0,256375,3,0
0,0,0,0,35,29,8636,702,0,0,0,0,0,273949,3,0
0,0,0,0,34,29,8637,702,0,0,0,0,0,277560,3,0
0,0,0,0,1,0,8638,708,0,0,0,0,0,222900,4,0
0,0,0,0,2,3,8639,708,0,0,0,0,0,71727,3,0
0,0,0,0,6,4,8640,708,0,0,0,0,0,236662,3,0
0,0,0,0,4,6,8641,708,0,0,0,0,0,266337,3,0
4,0,0,1,30,7,8642,708,0,0,0,0,0,241538,4,0
0,0,0,0,22,9,8643,708,0,0,0,0,0,275290,4,0
3,0,0,0,5,11,8644,708,0,0,0,0,0,227835,4,0
4,0,0,1,11,12,8645,708,0,0,0,0,0,223379,3,0
6,0,0,1,28,16,8646,708,0,0,0,0,0,71418,4,0
7,0,0,1,20,18,8647,708,0,0,0,0,0,197240,5,0
7,0,0,1,9,25,8648,708,0,0,0,0,0,268597,4,0
0,0,0,0,18,28,8649,708,0,0,0,0,0,264749,4,0
0,0,0,0,13,28,8650,708,0,0,0,0,0,192363,3,0
0,0,0,0,21,28,8651,708,0,0,0,0,0,243125,3,0
1,0,0,0,15,28,8652,708,0,0,0,0,0,269630,3,0
0,0,0,0,25,28,8653,708,0,0,0,0,0,202079,3,0
0,0,0,0,8,28,8654,708,0,0,0,0,0,244224,3,0
0,0,0,0,17,28,8655,708,0,0,0,0,0,258874,3,0
0,0,0,0,14,28,8656,708,0,0,0,0,0,246920,3,0
0,0,0,0,19,28,8657,708,0,0,0,0,0,74674,3,0
0,0,0,0,29,28,8658,708,0,0,0,0,0,73254,3,0
0,0,0,0,31,28,8659,708,0,0,0,0,0,73441,3,0
0,0,0,0,26,28,8660,708,0,0,0,0,0,243284,3,0
0,0,0,0,35,0,8661,710,0,0,0,0,0,221584,3,0
3,0,0,1,18,3,8662,710,0,0,0,0,0,242055,3,0
1,0,0,0,5,4,8663,710,0,0,0,0,0,254994,3,0
2,0,0,0,3,6,8664,710,0,0,0,0,0,208440,3,0
1,0,0,0,27,7,8665,710,0,0,0,0,0,71672,4,0
1,0,0,0,29,23,8666,710,0,0,0,0,0,74628,3,0
3,0,0,1,14,13,8667,710,0,0,0,0,0,227855,3,0
0,0,0,0,6,15,8668,710,0,0,0,0,0,213763,3,0
5,0,0,1,16,27,8669,710,0,0,0,0,0,247025,3,0
5,0,0,1,20,18,8670,710,0,0,0,0,0,204850,3,0
11,1,0,1,11,25,8671,710,0,0,0,0,0,227579,2,0
0,0,0,0,8,28,8672,710,0,0,0,0,0,181318,3,0
0,0,0,0,13,28,8673,710,0,0,0,0,0,266029,3,0
0,0,0,0,4,28,8674,710,0,0,0,0,0,213497,3,0
2,0,0,0,19,28,8675,710,0,0,0,0,0,272891,3,0
0,0,0,0,45,28,8676,710,0,0,0,0,0,190669,3,0
0,0,0,0,9,28,8677,710,0,0,0,0,0,199121,3,0
2,0,0,0,15,28,8678,710,0,0,0,0,0,260228,3,0
0,0,0,0,26,28,8679,710,0,0,0,0,0,277673,3,0
0,0,0,0,7,28,8680,710,0,0,0,0,0,208437,3,0
1,0,0,0,23,28,8681,710,0,0,0,0,0,201967,3,0
0,0,0,0,17,28,8682,710,0,0,0,0,0,251594,3,0
0,0,0,0,30,28,8683,710,0,0,0,0,0,207589,3,0
3,0,0,1,22,29,8684,710,0,0,0,0,0,70096,3,0
0,0,0,0,2,29,8685,710,0,0,0,0,0,223907,3,0
0,0,0,0,26,0,8686,711,0,0,0,0,0,192201,4,0
5,0,0,1,11,3,8687,711,0,0,0,0,0,70838,4,0
1,0,0,0,5,4,8688,711,0,0,0,0,0,186101,4,0
0,0,0,0,4,6,8689,711,0,0,0,0,0,242160,3,0
0,0,0,0,21,7,8690,711,0,0,0,0,0,220600,4,0
6,0,0,1,14,10,8691,711,0,0,0,0,0,213613,4,0
1,0,0,0,23,23,8692,711,0,0,0,0,0,71343,2,0
3,0,0,0,18,13,8693,711,0,0,0,0,0,234488,4,0
1,0,0,0,27,15,8694,711,0,0,0,0,0,265738,3,0
6,0,0,1,29,27,8695,711,0,0,0,0,0,261035,2,0
10,0,0,1,10,25,8696,711,0,0,0,0,0,246467,3,0
4,0,0,0,19,28,8697,711,0,0,0,0,0,277470,3,0
0,0,0,0,16,28,8698,711,0,0,0,0,0,274406,3,0
0,0,0,0,3,28,8699,711,0,0,0,0,0,200718,3,0
0,0,0,0,7,28,8700,711,0,0,0,0,0,219957,3,0
0,0,0,0,1,28,8701,711,0,0,0,0,0,207926,3,0
0,0,0,0,8,28,8702,711,0,0,0,0,0,255835,3,0
0,0,0,0,6,28,8703,711,0,0,0,0,0,259920,3,0
3,0,0,0,15,28,8704,711,0,0,0,0,0,227882,3,0
0,0,0,0,34,28,8705,711,0,0,0,0,0,277285,3,0
5,0,0,1,24,28,8706,711,0,0,0,0,0,242166,3,0
0,0,0,0,20,28,8707,711,0,0,0,0,0,268541,3,0
0,0,0,0,45,28,8708,711,0,0,0,0,0,70839,3,0
0,0,0,0,22,29,8709,711,0,0,0,0,0,70998,3,0
0,0,0,0,39,29,8710,711,0,0,0,0,0,278582,3,0
0,0,0,0,33,29,8711,711,0,0,0,0,0,276769,3,0
0,0,0,0,35,29,8712,711,0,0,0,0,0,275283,3,0
0,0,0,0,17,29,8713,711,0,0,0,0,0,271415,3,0
0,0,0,0,1,0,8714,1439,0,0,0,0,0,243387,3,0
2,0,0,1,5,3,8715,1439,0,0,0,0,0,210742,4,0
2,0,0,1,39,4,8716,1439,0,0,0,0,0,196972,3,0
1,0,0,0,4,6,8717,1439,0,0,0,0,0,73257,3,0
0,0,0,0,13,7,8718,1439,0,0,0,0,0,257158,3,0
4,0,0,1,11,23,8719,1439,0,0,0,0,0,213338,3,0
1,0,0,0,21,13,8720,1439,0,0,0,0,0,265997,3,0
1,0,0,0,23,14,8721,1439,0,0,0,0,0,231514,3,0
0,0,0,0,29,15,8722,1439,0,0,0,0,0,193358,3,0
6,0,0,1,10,27,8723,1439,0,0,0,0,0,221662,3,0
10,0,0,1,9,25,8724,1439,0,0,0,0,0,215817,4,0
2,0,0,1,7,28,8725,1439,0,0,0,0,0,265752,3,0
0,0,0,0,6,28,8726,1439,0,0,0,0,0,202660,3,0
0,0,0,0,3,28,8727,1439,0,0,0,0,0,224297,3,0
0,0,0,0,26,28,8728,1439,0,0,0,0,0,275004,3,0
0,0,0,0,30,28,8729,1439,0,0,0,0,0,266177,3,0
0,0,0,0,28,28,8730,1439,0,0,0,0,0,235197,2,0
0,0,0,0,20,28,8731,1439,0,0,0,0,0,270533,3,0
0,0,0,0,19,28,8732,1439,0,0,0,0,0,234296,3,0
0,0,0,0,12,28,8733,1439,0,0,0,0,0,73632,3,0
0,0,0,0,22,28,8734,1439,0,0,0,0,0,278603,3,0
0,0,0,0,18,28,8735,1439,0,0,0,0,0,73255,3,0
0,0,0,0,24,28,8736,1439,0,0,0,0,0,278604,3,0
0,0,0,0,25,29,8737,1439,0,0,0,0,0,269789,3,0
0,0,0,0,32,29,8738,1439,0,0,0,0,0,268424,3,0
0,0,0,0,27,29,8739,1439,0,0,0,0,0,275314,3,0
0,0,0,0,17,29,8740,1439,0,0,0,0,0,251581,3,0
0,0,0,0,1,0,8741,111594,0,0,0,0,0,260194,3,0
0,0,0,0,6,3,8742,111594,0,0,0,0,0,70108,3,0
2,0,0,1,4,4,8743,111594,0,0,0,0,0,258517,3,0
1,0,0,0,24,6,8744,111594,0,0,0,0,0,70105,2,0
0,0,0,0,5,7,8745,111594,0,0,0,0,0,70107,3,0
3,0,0,1,9,23,8746,111594,0,0,0,0,0,70129,4,0
7,0,0,1,21,13,8747,111594,0,0,0,0,0,70114,3,0
0,0,0,0,7,14,8748,111594,0,0,0,0,0,70109,3,0
2,0,0,1,8,15,8749,111594,0,0,0,0,0,70111,3,0
0,0,0,0,10,27,8750,111594,0,0,0,0,0,187898,3,0
9,0,0,1,18,25,8751,111594,0,0,0,0,0,246151,3,0
0,0,0,0,32,28,8752,111594,0,0,0,0,0,274538,3,0
0,0,0,0,2,28,8753,111594,0,0,0,0,0,225336,3,0
0,0,0,0,22,28,8754,111594,0,0,0,0,0,70103,3,0
0,0,0,0,12,28,8755,111594,0,0,0,0,0,70104,3,0
0,0,0,0,33,28,8756,111594,0,0,0,0,0,70101,3,0
0,0,0,0,19,28,8757,111594,0,0,0,0,0,264143,3,0
0,0,0,0,11,28,8758,111594,0,0,0,0,0,266175,2,0
2,0,0,1,25,28,8759,111594,0,0,0,0,0,200253,3,0
0,0,0,0,30,28,8760,111594,0,0,0,0,0,70102,3,0
0,0,0,0,13,28,8761,111594,0,0,0,0,0,275011,3,0
0,0,0,0,28,28,8762,111594,0,0,0,0,0,241413,3,0
0,0,0,0,14,28,8763,111594,0,0,0,0,0,70113,3,0
0,0,0,0,26,29,8764,111594,0,0,0,0,0,235668,2,0
0,0,0,0,27,29,8765,111594,0,0,0,0,0,70312,3,0
1,0,0,0,17,29,8766,111594,0,0,0,0,0,70331,3,0
0,0,0,0,1,0,8767,111705,0,0,0,0,0,211053,4,0
2,0,0,1,17,3,8768,111705,0,0,0,0,0,274134,3,0
0,0,0,0,3,4,8769,111705,0,0,0,0,0,247092,3,0
0,0,0,0,2,6,8770,111705,0,0,0,0,0,70295,3,0
1,0,0,0,27,7,8771,111705,0,0,0,0,0,271496,3,0
5,0,0,1,21,23,8772,111705,0,0,0,0,0,255700,3,0
4,0,0,1,13,13,8773,111705,0,0,0,0,0,237140,4,0
0,0,0,0,5,15,8774,111705,0,0,0,0,0,213498,3,0
2,0,0,1,16,27,8775,111705,0,0,0,0,0,243795,3,0
1,0,0,0,19,18,8776,111705,0,0,0,0,0,237152,3,0
16,1,0,1,9,25,8777,111705,0,0,0,1,0,272916,5,0
2,0,0,1,7,28,8778,111705,0,0,0,0,0,262645,3,0
0,0,0,0,4,28,8779,111705,0,0,0,0,0,225026,3,0
0,0,0,0,26,28,8780,111705,0,0,0,0,0,198178,3,0
0,0,0,0,14,28,8781,111705,0,0,0,0,0,272927,3,0
0,0,0,0,12,28,8782,111705,0,0,0,0,0,70995,3,0
1,0,0,0,11,28,8783,111705,0,0,0,0,0,267412,3,0
2,0,0,1,10,28,8784,111705,0,0,0,0,0,272928,3,0
1,0,0,0,29,28,8785,111705,0,0,0,0,0,72405,3,0
0,0,0,0,23,28,8786,111705,0,0,0,0,0,212693,3,0
0,0,0,0,20,28,8787,111705,0,0,0,0,0,70931,3,0
0,0,0,0,15,28,8788,111705,0,0,0,0,0,271561,3,0
0,0,0,0,32,28,8789,111705,0,0,0,0,0,72085,3,0
0,0,0,0,28,29,8790,111705,0,0,0,0,0,71153,3,0
0,0,0,0,30,29,8791,111705,0,0,0,0,0,74621,3,0
0,0,0,0,18,29,8792,111705,0,0,0,0,0,71158,3,0
0,0,0,0,31,29,8793,111705,0,0,0,0,0,272914,3,0
0,0,0,0,8,29,8794,111705,0,0,0,0,0,274720,3,0
0,0,0,0,24,29,8795,111705,0,0,0,0,0,239084,3,0
0,0,0,0,22,29,8796,111705,0,0,0,0,0,70143,3,0
0,0,0,0,1,0,8797,112072,0,0,0,0,0,255900,4,0
5,0,0,1,14,3,8798,112072,0,0,0,0,0,261028,3,0
1,0,0,0,4,4,8799,112072,0,0,0,0,0,246654,2,0
2,0,0,0,13,5,8800,112072,0,0,0,0,0,239813,3,0
2,0,0,0,24,6,8801,112072,0,0,0,0,0,208432,4,0
5,0,0,1,17,7,8802,112072,0,0,0,0,0,272712,3,0
3,0,0,1,7,23,8803,112072,0,0,0,0,0,254469,3,0
0,0,0,0,22,13,8804,112072,0,0,0,0,0,219865,3,0
3,0,0,1,10,15,8805,112072,0,0,0,0,0,238132,4,0
1,0,0,0,16,27,8806,112072,0,0,0,0,0,255483,3,0
7,0,0,1,18,25,8807,112072,0,0,0,0,0,253013,4,0
0,0,0,0,19,28,8808,112072,0,0,0,0,0,70902,3,0
1,0,0,0,3,28,8809,112072,0,0,0,0,0,238703,3,0
3,0,0,1,6,28,8810,112072,0,0,0,0,0,259290,3,0
0,0,0,0,5,28,8811,112072,0,0,0,0,0,74324,3,0
0,0,0,0,35,28,8812,112072,0,0,0,0,0,203172,3,0
0,0,0,0,20,28,8813,112072,0,0,0,0,0,272711,3,0
0,0,0,0,30,28,8814,112072,0,0,0,0,0,268938,3,0
0,0,0,0,23,28,8815,112072,0,0,0,0,0,275605,3,0
0,0,0,0,15,28,8816,112072,0,0,0,0,0,278588,3,0
0,0,0,0,8,28,8817,112072,0,0,0,0,0,246935,3,0
1,0,0,0,11,28,8818,112072,0,0,0,0,0,241960,3,0
0,0,0,0,21,28,8819,112072,0,0,0,0,0,254518,3,0
1,0,0,0,31,29,8820,112072,0,0,0,0,0,267473,3,0
0,0,0,0,1,0,8821,112126,0,0,0,0,0,222471,3,0
2,0,0,1,5,3,8822,112126,0,0,0,0,0,266173,3,0
0,0,0,0,23,4,8823,112126,0,0,0,0,0,272930,3,0
1,0,0,0,15,6,8824,112126,0,0,0,0,0,245233,3,0
0,0,0,0,24,7,8825,112126,0,0,0,0,0,272941,3,0
3,0,0,1,14,23,8826,112126,0,0,0,0,0,215487,3,0
2,0,0,1,22,13,8827,112126,0,0,0,0,0,201965,3,0
1,0,0,0,11,14,8828,112126,0,0,0,0,0,265999,3,0
1,0,0,0,21,15,8829,112126,0,0,0,0,0,255703,4,0
7,0,0,1,10,27,8830,112126,0,0,0,0,0,270535,3,0
7,0,0,1,9,25,8831,112126,0,0,0,0,0,277054,3,0
0,0,0,0,25,28,8832,112126,0,0,0,0,0,271494,3,0
1,0,0,0,6,28,8833,112126,0,0,0,0,0,267743,2,0
0,0,0,0,16,28,8834,112126,0,0,0,0,0,235294,3,0
0,0,0,0,2,28,8835,112126,0,0,0,0,0,71046,3,0
0,0,0,0,39,28,8836,112126,0,0,0,0,0,270575,4,0
0,0,0,0,19,28,8837,112126,0,0,0,0,0,225544,3,0
0,0,0,0,28,28,8838,112126,0,0,0,0,0,270538,3,0
1,0,0,0,7,28,8839,112126,0,0,0,0,0,231190,3,0
0,0,0,0,18,28,8840,112126,0,0,0,0,0,71420,3,0
0,0,0,0,27,28,8841,112126,0,0,0,0,0,269621,3,0
0,0,0,0,20,28,8842,112126,0,0,0,0,0,266174,3,0
0,0,0,0,17,28,8843,112126,0,0,0,0,0,71723,3,0
0,0,0,0,35,0,8844,112180,0,0,0,0,0,220985,3,0
0,0,0,0,29,3,8845,112180,0,0,0,0,0,70330,3,0
0,0,0,0,16,4,8846,112180,0,0,0,0,0,271260,3,0
0,0,0,0,18,5,8847,112180,0,0,0,0,0,70082,3,0
0,0,0,0,3,6,8848,112180,0,0,0,0,0,259916,3,0
0,0,0,0,44,7,8849,112180,0,0,0,0,0,70087,3,0
1,0,0,1,6,23,8850,112180,0,0,0,0,0,70095,2,0
0,0,0,0,10,13,8851,112180,0,0,0,0,0,73051,3,0
0,0,0,0,24,15,8852,112180,0,0,0,0,0,70569,3,0
7,0,0,1,30,27,8853,112180,0,0,0,0,0,260991,3,0
6,0,0,1,14,25,8854,112180,0,0,0,0,0,273591,3,0
0,0,0,0,21,28,8855,112180,0,0,0,0,0,223908,3,0
0,0,0,0,22,28,8856,112180,0,0,0,0,0,270574,3,0
1,0,0,1,31,28,8857,112180,0,0,0,0,0,245329,4,0
0,0,0,0,23,28,8858,112180,0,0,0,0,0,274268,3,0
0,0,0,0,1,28,8859,112180,0,0,0,0,0,235240,3,0
3,0,0,1,8,28,8860,112180,0,0,0,0,0,240528,3,0
0,0,0,0,7,28,8861,112180,0,0,0,0,0,221685,3,0
1,0,0,1,2,28,8862,112180,0,0,0,0,0,70085,3,0
0,0,0,0,32,28,8863,112180,0,0,0,0,0,70094,3,0
3,0,0,1,20,28,8864,112180,0,0,0,0,0,245387,3,0
0,0,0,0,19,28,8865,112180,0,0,0,0,0,71993,3,0
1,0,0,1,17,28,8866,112180,0,0,0,0,0,259747,3,0
0,0,0,0,34,29,8867,112180,0,0,0,0,0,70080,3,0
0,0,0,0,5,29,8868,112180,0,0,0,0,0,73304,3,0
0,0,0,0,42,29,8869,112180,0,0,0,0,0,74223,3,0
0,0,0,0,15,29,8870,112180,0,0,0,0,0,276890,3,0
0,0,0,0,13,29,8871,112180,0,0,0,0,0,74742,3,0
1,0,0,1,11,29,8872,112180,0,0,0,0,0,256369,3,0
0,0,0,0,4,29,8873,112180,0,0,0,0,0,70083,3,0
0,0,0,0,30,0,8874,113458,0,0,0,0,0,255494,3,0
0,0,0,0,13,3,8875,113458,0,0,0,0,0,253369,3,0
1,0,0,0,4,4,8876,113458,0,0,0,0,0,227837,3,0
0,0,0,0,31,6,8877,113458,0,0,0,0,0,275153,3,0
0,0,0,0,21,7,8878,113458,0,0,0,0,0,231500,3,0
8,0,0,1,19,23,8879,113458,0,0,0,0,0,260193,3,0
7,0,0,1,14,13,8880,113458,0,0,0,0,0,263364,4,0
2,0,0,0,18,15,8881,113458,0,0,0,0,0,264517,4,0
6,0,0,1,7,27,8882,113458,0,0,0,0,0,253980,5,0
4,0,0,1,10,18,8883,113458,0,0,0,0,0,274133,4,0
11,1,0,1,9,25,8884,113458,0,0,0,0,0,263775,4,0
0,0,0,0,8,28,8885,113458,0,0,0,0,0,259644,3,0
0,0,0,0,27,28,8886,113458,0,0,0,0,0,264518,3,0
0,0,0,0,5,28,8887,113458,0,0,0,0,0,254282,3,0
0,0,0,0,15,28,8888,113458,0,0,0,0,0,267642,3,0
0,0,0,0,34,28,8889,113458,0,0,0,0,0,71223,3,0
3,0,0,0,17,28,8890,113458,0,0,0,0,0,275741,3,0
0,0,0,0,36,28,8891,113458,0,0,0,0,0,276375,3,0
0,0,0,0,2,28,8892,113458,0,0,0,0,0,260190,3,0
1,0,0,0,11,28,8893,113458,0,0,0,0,0,266266,3,0
0,0,0,0,26,28,8894,113458,0,0,0,0,0,71724,3,0
0,0,0,0,20,28,8895,113458,0,0,0,0,0,71726,3,0
0,0,0,0,33,28,8896,113458,0,0,0,0,0,74396,3,0
0,0,0,0,16,29,8897,113458,0,0,0,0,0,263186,3,0
0,0,0,0,1,0,8898,4,0,0,0,0,0,234803,3,0
0,0,0,0,12,3,8899,4,0,0,0,0,0,229073,3,0
1,0,0,1,18,4,8900,4,0,0,0,0,0,239540,3,0
0,0,0,0,5,5,8901,4,0,0,0,0,0,212090,2,0
0,0,0,0,6,6,8902,4,0,0,0,0,0,240912,3,0
1,0,0,1,23,7,8903,4,0,0,0,0,0,239377,4,0
1,0,0,1,8,10,8904,4,0,0,0,0,0,212366,2,0
0,0,0,0,37,13,8905,4,0,0,0,0,0,178287,3,0
1,0,0,1,4,15,8906,4,0,0,0,0,0,255913,3,0
5,1,0,1,10,24,8907,4,0,0,0,0,0,220039,3,0
0,0,0,0,19,26,8908,4,0,0,0,0,0,225509,3,0
0,0,0,0,14,28,8909,4,0,0,0,0,0,233442,3,0
0,0,0,0,27,28,8910,4,0,0,0,0,0,231951,3,0
0,0,0,0,21,28,8911,4,0,0,0,0,0,244240,3,0
0,0,0,0,2,28,8912,4,0,0,0,0,0,224447,3,0
0,0,0,0,20,28,8913,4,0,0,0,0,0,235027,2,0
2,0,0,1,45,28,8914,4,0,0,0,0,0,238368,3,0
3,0,0,1,22,28,8915,4,0,0,0,0,0,221705,5,0
0,0,0,0,7,28,8916,4,0,0,0,0,0,244559,3,0
1,0,0,1,9,28,8917,4,0,0,0,0,0,225867,2,0
0,0,0,0,15,28,8918,4,0,0,0,0,0,254522,3,0
0,0,0,0,28,28,8919,4,0,0,0,0,0,256442,3,0
0,0,0,0,17,28,8920,4,0,0,0,0,0,251311,3,0
0,0,0,0,41,29,8921,4,0,0,0,0,0,246002,3,0
0,0,0,0,13,29,8922,4,0,0,0,0,0,219795,3,0
0,0,0,0,39,29,8923,4,0,0,0,0,0,258532,3,0
0,0,0,0,45,0,8924,88,0,0,0,0,0,229091,3,0
0,0,0,0,19,3,8925,88,0,0,0,0,0,263678,2,0
0,0,0,0,4,4,8926,88,0,0,0,0,0,242386,3,0
1,0,0,1,6,6,8927,88,0,0,0,0,0,224763,2,0
0,0,0,0,20,7,8928,88,0,0,0,0,0,243589,2,0
2,0,0,1,24,9,8929,88,0,0,0,0,0,246444,2,0
0,0,0,0,13,11,8930,88,0,0,0,0,0,237424,2,0
1,0,0,1,11,12,8931,88,0,0,0,0,0,224915,3,0
0,0,0,0,7,16,8932,88,0,0,0,0,0,222165,3,0
2,0,0,1,18,18,8933,88,0,0,0,0,0,270578,2,0
5,1,0,1,9,25,8934,88,0,0,0,0,0,237332,2,0
0,0,0,0,12,28,8935,88,0,0,0,0,0,264139,3,0
0,0,0,0,25,28,8936,88,0,0,0,0,0,213017,3,0
0,0,0,0,23,28,8937,88,0,0,0,0,0,237511,3,0
0,0,0,0,3,28,8938,88,0,0,0,0,0,247385,3,0
0,0,0,0,21,28,8939,88,0,0,0,0,0,199812,2,0
3,0,0,1,28,28,8940,88,0,0,0,0,0,255206,2,0
0,0,0,0,2,28,8941,88,0,0,0,0,0,246159,3,0
0,0,0,0,17,28,8942,88,0,0,0,0,0,247279,3,0
1,0,0,1,14,28,8943,88,0,0,0,0,0,227686,2,0
0,0,0,0,5,28,8944,88,0,0,0,0,0,243612,3,0
0,0,0,0,10,28,8945,88,0,0,0,0,0,176841,3,0
1,0,0,1,26,28,8946,88,0,0,0,0,0,270937,3,0
0,0,0,0,33,29,8947,88,0,0,0,0,0,74349,3,0
0,0,0,0,15,29,8948,88,0,0,0,0,0,271445,3,0
0,0,0,0,42,29,8949,88,0,0,0,0,0,271462,3,0
0,0,0,0,27,29,8950,88,0,0,0,0,0,270113,3,0
0,0,0,0,47,29,8951,88,0,0,0,0,0,279860,3,0
0,0,0,0,25,0,8952,89,0,0,0,0,0,231681,3,0
0,0,0,0,2,3,8953,89,0,0,0,0,0,246137,4,0
1,0,0,1,4,4,8954,89,0,0,0,0,0,263686,3,0
0,0,0,0,3,5,8955,89,0,0,0,0,0,228366,3,0
1,0,0,1,5,6,8956,89,0,0,0,0,0,215301,4,0
0,0,0,0,26,7,8957,89,0,0,0,0,0,264421,3,0
0,0,0,0,6,10,8958,89,0,0,0,0,0,240863,4,0
2,0,0,1,8,13,8959,89,0,0,0,0,0,223085,3,0
1,0,0,1,10,15,8960,89,0,0,0,0,0,224842,3,0
1,0,0,1,9,24,8961,89,0,0,0,0,0,248740,3,0
0,0,0,0,7,26,8962,89,0,0,0,0,0,267942,3,0
0,0,0,0,28,28,8963,89,0,0,0,0,0,233484,2,0
0,0,0,0,27,28,8964,89,0,0,0,0,0,224307,3,0
0,0,0,0,17,28,8965,89,0,0,0,0,0,229378,3,0
0,0,0,0,23,28,8966,89,0,0,0,0,0,234039,3,0
0,0,0,0,21,28,8967,89,0,0,0,0,0,237205,3,0
3,0,0,1,24,28,8968,89,0,0,0,0,0,187157,4,0
0,0,0,0,12,28,8969,89,0,0,0,0,0,251592,3,0
0,0,0,0,11,28,8970,89,0,0,0,0,0,271066,3,0
1,0,0,1,22,28,8971,89,0,0,0,0,0,202123,3,0
0,0,0,0,15,28,8972,89,0,0,0,0,0,203357,3,0
0,0,0,0,18,28,8973,89,0,0,0,0,0,277346,2,0
0,0,0,0,16,28,8974,89,0,0,0,0,0,72909,4,0
0,0,0,0,29,29,8975,89,0,0,0,0,0,267941,2,0
0,0,0,0,20,29,8976,89,0,0,0,0,0,272673,3,0
0,0,0,0,19,29,8977,89,0,0,0,0,0,277343,3,0
0,0,0,0,13,29,8978,89,0,0,0,0,0,74922,3,0
0,0,0,0,36,29,8979,89,0,0,0,0,0,279568,3,0
0,0,0,0,30,29,8980,89,0,0,0,0,0,182617,3,0
0,0,0,0,1,0,8981,127,0,0,0,0,0,251165,2,0
0,0,0,0,2,3,8982,127,0,0,0,0,0,258606,3,0
0,0,0,0,5,4,8983,127,0,0,0,0,0,233782,3,0
0,0,0,0,22,6,8984,127,0,0,0,0,0,196953,3,0
0,0,0,0,3,7,8985,127,0,0,0,0,0,208812,3,0
0,0,0,0,4,10,8986,127,0,0,0,0,0,221358,2,0
2,0,0,1,18,12,8987,127,0,0,0,0,0,261732,3,0
0,0,0,0,29,13,8988,127,0,0,0,0,0,267849,3,0
1,0,0,1,7,15,8989,127,0,0,0,0,0,201901,3,0
1,0,0,1,26,16,8990,127,0,0,0,0,0,233378,4,0
0,0,0,0,27,25,8991,127,0,0,0,0,0,195126,2,0
0,0,0,0,12,28,8992,127,0,0,0,0,0,184242,3,0
2,0,0,1,19,28,8993,127,0,0,0,0,0,279546,3,0
0,0,0,0,14,28,8994,127,0,0,0,0,0,244715,3,0
0,0,0,0,16,28,8995,127,0,0,0,0,0,203809,3,0
0,0,0,0,13,28,8996,127,0,0,0,0,0,256448,3,0
0,0,0,0,10,28,8997,127,0,0,0,0,0,240967,3,0
0,0,0,0,17,28,8998,127,0,0,0,0,0,217140,3,0
0,0,0,0,23,28,8999,127,0,0,0,0,0,241397,2,0
1,0,0,1,9,28,9000,127,0,0,0,0,0,240715,2,0
1,0,0,1,6,28,9001,127,0,0,0,0,0,268550,3,0
0,0,0,0,11,28,9002,127,0,0,0,0,0,278779,3,0
0,0,0,0,1,0,9003,143,0,0,0,0,0,271191,4,0
0,0,0,0,2,3,9004,143,0,0,0,0,0,226561,3,0
0,0,0,0,26,4,9005,143,0,0,0,0,0,207646,4,0
1,0,0,1,4,5,9006,143,0,0,0,0,0,262568,3,0
0,0,0,0,15,6,9007,143,0,0,0,0,0,277272,3,0
0,0,0,0,14,7,9008,143,0,0,0,0,0,258953,3,0
1,0,0,1,12,13,9009,143,0,0,0,0,0,233115,3,0
1,0,0,1,6,15,9010,143,0,0,0,0,0,205818,4,0
0,0,0,0,10,18,9011,143,0,0,0,0,0,234099,2,0
0,0,0,0,27,24,9012,143,0,0,0,0,0,186562,3,0
1,0,0,1,11,26,9013,143,0,0,0,0,0,71215,2,0
0,0,0,0,18,28,9014,143,0,0,0,0,0,276047,3,0
1,0,0,1,17,28,9015,143,0,0,0,0,0,257247,3,0
1,0,0,1,21,28,9016,143,0,0,0,0,0,74775,2,0
0,0,0,0,5,28,9017,143,0,0,0,0,0,231139,3,0
0,0,0,0,37,28,9018,143,0,0,0,0,0,270660,3,0
0,0,0,0,19,28,9019,143,0,0,0,0,0,264478,3,0
2,0,0,1,8,28,9020,143,0,0,0,0,0,241711,3,0
0,0,0,0,7,28,9021,143,0,0,0,0,0,237310,3,0
0,0,0,0,3,28,9022,143,0,0,0,0,0,215855,3,0
0,0,0,0,13,28,9023,143,0,0,0,0,0,204444,3,0
0,0,0,0,16,28,9024,143,0,0,0,0,0,260155,3,0
0,0,0,0,29,28,9025,143,0,0,0,0,0,186450,3,0
0,0,0,0,22,29,9026,143,0,0,0,0,0,259404,3,0
0,0,0,0,41,29,9027,143,0,0,0,0,0,271963,3,0
0,0,0,0,47,29,9028,143,0,0,0,0,0,278136,3,0
2,0,0,1,20,29,9029,143,0,0,0,0,0,277922,3,0
0,0,0,0,31,29,9030,143,0,0,0,0,0,252549,3,0
0,0,0,0,45,29,9031,143,0,0,0,0,0,74164,3,0
0,0,0,0,40,29,9032,143,0,0,0,0,0,272347,3,0
0,0,0,0,38,29,9033,143,0,0,0,0,0,274916,3,0
0,0,0,0,34,29,9034,143,0,0,0,0,0,272349,3,0
0,0,0,0,1,0,9035,149,0,0,0,0,0,258792,2,0
1,0,0,1,2,3,9036,149,0,0,0,0,0,200309,2,0
2,0,0,1,15,4,9037,149,0,0,0,0,0,228106,3,0
2,0,0,1,5,5,9038,149,0,0,0,0,0,204219,3,0
1,0,0,1,23,6,9039,149,0,0,0,0,0,257508,3,0
0,0,0,0,7,7,9040,149,0,0,0,0,0,237204,3,0
0,0,0,0,6,10,9041,149,0,0,0,0,0,244565,2,0
0,0,0,0,8,13,9042,149,0,0,0,0,0,239553,2,0
0,0,0,0,11,15,9043,149,0,0,0,0,0,240513,3,0
3,0,0,1,18,24,9044,149,0,0,0,0,0,239799,3,0
1,0,0,1,27,26,9045,149,0,0,0,0,0,263115,4,0
0,0,0,0,14,28,9046,149,0,0,0,0,0,225279,4,0
0,0,0,0,10,28,9047,149,0,0,0,0,0,266709,3,0
1,0,0,1,22,28,9048,149,0,0,0,0,0,243252,4,0
0,0,0,0,4,28,9049,149,0,0,0,0,0,257303,3,0
0,0,0,0,31,28,9050,149,0,0,0,0,0,250865,3,0
0,0,0,0,19,28,9051,149,0,0,0,0,0,222878,3,0
0,0,0,0,16,28,9052,149,0,0,0,0,0,262879,2,0
1,0,0,1,9,28,9053,149,0,0,0,0,0,269572,3,0
0,0,0,0,12,28,9054,149,0,0,0,0,0,258717,3,0
0,0,0,0,3,28,9055,149,0,0,0,0,0,270376,3,0
1,0,0,1,28,28,9056,149,0,0,0,0,0,261861,3,0
0,0,0,0,29,28,9057,149,0,0,0,0,0,260723,3,0
2,0,0,1,34,29,9058,149,0,0,0,0,0,262170,4,0
0,0,0,0,17,29,9059,149,0,0,0,0,0,267419,3,0
0,0,0,0,21,29,9060,149,0,0,0,0,0,245335,3,0
0,0,0,0,13,0,9061,361,0,0,0,0,0,268544,2,0
0,0,0,0,2,3,9062,361,0,0,0,0,0,235773,2,0
0,0,0,0,6,4,9063,361,0,0,0,0,0,211217,3,0
1,0,0,1,5,6,9064,361,0,0,0,0,0,200731,3,0
0,0,0,0,3,7,9065,361,0,0,0,0,0,209315,2,0
0,0,0,0,10,23,9066,361,0,0,0,0,0,238059,3,0
0,0,0,0,22,13,9067,361,0,0,0,0,0,250823,2,0
2,0,0,1,23,14,9068,361,0,0,0,0,0,206562,4,0
1,0,0,1,18,15,9069,361,0,0,0,0,0,245903,3,0
1,0,0,1,11,27,9070,361,0,0,0,0,0,206558,3,0
0,0,0,0,12,25,9071,361,0,0,0,0,0,256164,3,0
0,0,0,0,7,28,9072,361,0,0,0,0,0,235397,3,0
0,0,0,0,15,28,9073,361,0,0,0,0,0,228997,3,0
0,0,0,0,16,28,9074,361,0,0,0,0,0,237175,3,0
0,0,0,0,14,28,9075,361,0,0,0,0,0,269825,3,0
0,0,0,0,1,28,9076,361,0,0,0,0,0,241525,3,0
0,0,0,0,19,28,9077,361,0,0,0,0,0,205255,2,0
0,0,0,0,8,28,9078,361,0,0,0,0,0,199917,3,0
0,0,0,0,9,28,9079,361,0,0,0,0,0,256711,3,0
3,0,0,1,17,28,9080,361,0,0,0,0,0,228685,3,0
0,0,0,0,4,28,9081,361,0,0,0,0,0,192695,3,0
0,0,0,0,30,28,9082,361,0,0,0,0,0,248839,2,0
0,0,0,0,25,28,9083,361,0,0,0,0,0,181468,3,0
0,0,0,0,20,29,9084,361,0,0,0,0,0,260728,3,0
0,0,0,0,26,29,9085,361,0,0,0,0,0,265658,4,0
0,0,0,0,24,29,9086,361,0,0,0,0,0,71163,3,0
0,0,0,0,22,0,9087,1793,0,0,0,0,0,212710,3,0
0,0,0,0,5,3,9088,1793,0,0,0,0,0,271929,2,0
0,0,0,0,27,4,9089,1793,0,0,0,0,0,264437,3,0
0,0,0,0,24,6,9090,1793,0,0,0,0,0,277552,3,0
0,0,0,0,3,7,9091,1793,0,0,0,0,0,256555,3,0
0,0,0,0,28,23,9092,1793,0,0,0,0,0,260401,3,0
2,0,0,1,4,13,9093,1793,0,0,0,0,0,277897,2,0
1,0,0,0,29,14,9094,1793,0,0,0,0,0,238839,4,0
2,0,0,1,8,15,9095,1793,0,0,0,0,0,265789,3,0
2,0,0,1,9,27,9096,1793,0,0,0,0,0,263101,2,0
3,0,0,1,10,25,9097,1793,0,0,0,0,0,235247,2,0
1,0,0,0,7,28,9098,1793,0,0,0,0,0,241428,3,0
0,0,0,0,17,28,9099,1793,0,0,0,0,0,208052,3,0
0,0,0,0,6,28,9100,1793,0,0,0,0,0,191079,3,0
0,0,0,0,2,28,9101,1793,0,0,0,0,0,265645,3,0
0,0,0,0,31,28,9102,1793,0,0,0,0,0,250831,3,0
2,0,0,1,20,28,9103,1793,0,0,0,0,0,254113,2,0
0,0,0,0,14,28,9104,1793,0,0,0,0,0,253106,3,0
0,0,0,0,37,28,9105,1793,0,0,0,0,0,263336,3,0
0,0,0,0,19,28,9106,1793,0,0,0,0,0,271666,3,0
0,0,0,0,1,28,9107,1793,0,0,0,0,0,173533,3,0
0,0,0,0,26,28,9108,1793,0,0,0,0,0,271928,3,0
0,0,0,0,32,28,9109,1793,0,0,0,0,0,73979,3,0
0,0,0,0,20,0,9110,1797,0,0,0,0,0,220058,3,0
0,0,0,0,2,3,9111,1797,0,0,0,0,0,210029,4,0
1,0,0,1,24,4,9112,1797,0,0,0,0,0,223963,2,0
0,0,0,0,30,6,9113,1797,0,0,0,0,0,227951,4,0
0,0,0,0,6,7,9114,1797,0,0,0,0,0,211514,3,0
0,0,0,0,27,13,9115,1797,0,0,0,0,0,243665,3,0
1,0,0,1,22,14,9116,1797,0,0,0,0,0,231199,4,0
0,0,0,0,7,15,9117,1797,0,0,0,0,0,228153,4,0
1,0,0,1,12,18,9118,1797,0,0,0,0,0,236938,3,0
2,0,0,1,8,24,9119,1797,0,0,0,0,0,235742,4,0
3,0,0,1,9,26,9120,1797,0,0,0,0,0,200779,3,0
0,0,0,0,17,28,9121,1797,0,0,0,0,0,227881,3,0
0,0,0,0,21,28,9122,1797,0,0,0,0,0,245020,3,0
0,0,0,0,5,28,9123,1797,0,0,0,0,0,238450,3,0
0,0,0,0,3,28,9124,1797,0,0,0,0,0,237169,3,0
0,0,0,0,1,28,9125,1797,0,0,0,0,0,214088,2,0
0,0,0,0,10,28,9126,1797,0,0,0,0,0,220862,3,0
1,0,0,1,4,28,9127,1797,0,0,0,0,0,186449,3,0
0,0,0,0,16,28,9128,1797,0,0,0,0,0,230839,3,0
0,0,0,0,14,28,9129,1797,0,0,0,0,0,189163,3,0
0,0,0,0,23,28,9130,1797,0,0,0,0,0,73910,3,0
0,0,0,0,19,28,9131,1797,0,0,0,0,0,266208,3,0
0,0,0,0,11,28,9132,1797,0,0,0,0,0,228814,3,0
0,0,0,0,42,29,9133,1797,0,0,0,0,0,70432,3,0
0,0,0,0,35,29,9134,1797,0,0,0,0,0,273979,3,0
0,0,0,0,39,29,9135,1797,0,0,0,0,0,277612,3,0
0,0,0,0,1,0,9136,1917,0,0,0,0,0,263214,4,0
0,0,0,0,5,3,9137,1917,0,0,0,0,0,239800,3,0
0,0,0,0,4,4,9138,1917,0,0,0,0,0,218576,4,0
0,0,0,0,15,6,9139,1917,0,0,0,0,0,225589,3,0
1,0,0,1,3,7,9140,1917,0,0,0,0,0,271976,2,0
0,0,0,0,8,9,9141,1917,0,0,0,0,0,247731,4,0
0,0,0,0,16,11,9142,1917,0,0,0,0,0,263211,3,0
0,0,0,0,7,12,9143,1917,0,0,0,0,0,274065,2,0
0,0,0,0,29,16,9144,1917,0,0,0,0,0,73861,3,0
2,0,0,1,10,18,9145,1917,0,0,0,0,0,259185,2,0
2,0,0,1,9,25,9146,1917,0,0,0,0,0,268434,3,0
0,0,0,0,18,28,9147,1917,0,0,0,0,0,235014,3,0
0,0,0,0,17,28,9148,1917,0,0,0,0,0,236244,3,0
0,0,0,0,2,28,9149,1917,0,0,0,0,0,252897,3,0
0,0,0,0,19,28,9150,1917,0,0,0,0,0,259389,3,0
0,0,0,0,22,28,9151,1917,0,0,0,0,0,118794,3,0
2,0,0,1,28,28,9152,1917,0,0,0,0,0,265468,2,0
0,0,0,0,6,28,9153,1917,0,0,0,0,0,246054,2,0
1,0,0,1,20,28,9154,1917,0,0,0,0,0,190852,2,0
0,0,0,0,35,28,9155,1917,0,0,0,0,0,241825,3,0
0,0,0,0,11,28,9156,1917,0,0,0,0,0,271173,3,0
0,0,0,0,37,28,9157,1917,0,0,0,0,0,277532,3,0
0,0,0,0,21,28,9158,1917,0,0,0,0,0,259186,3,0
0,0,0,0,25,29,9159,1917,0,0,0,0,0,277368,3,0
0,0,0,0,14,29,9160,1917,0,0,0,0,0,265694,3,0
0,0,0,0,23,29,9161,1917,0,0,0,0,0,264305,2,0
0,0,0,0,12,29,9162,1917,0,0,0,0,0,74298,3,0
0,0,0,0,30,29,9163,1917,0,0,0,0,0,74300,3,0
0,0,0,0,24,29,9164,1917,0,0,0,0,0,262049,3,0
0,0,0,0,27,29,9165,1917,0,0,0,0,0,74303,3,0
0,0,0,0,1,0,9166,1926,0,0,0,0,0,182206,3,0
2,0,0,1,22,3,9167,1926,0,0,0,0,0,225734,3,0
0,0,0,0,5,4,9168,1926,0,0,0,0,0,216791,3,0
0,0,0,0,20,5,9169,1926,0,0,0,0,0,247350,3,0
3,0,0,1,3,6,9170,1926,0,0,0,0,0,205596,2,0
0,0,0,0,15,7,9171,1926,0,0,0,0,0,230807,3,0
1,0,0,1,7,10,9172,1926,0,0,0,0,0,213105,3,0
0,0,0,0,6,13,9173,1926,0,0,0,0,0,206202,3,0
0,0,0,0,10,15,9174,1926,0,0,0,0,0,262848,3,0
5,1,0,1,9,24,9175,1926,0,0,0,0,0,251275,2,0
1,0,0,1,11,26,9176,1926,0,0,0,0,0,213699,2,0
0,0,0,0,14,28,9177,1926,0,0,0,0,0,235913,3,0
1,0,0,1,8,28,9178,1926,0,0,0,0,0,245761,2,0
0,0,0,0,4,28,9179,1926,0,0,0,0,0,232106,2,0
0,0,0,0,2,28,9180,1926,0,0,0,0,0,241543,3,0
0,0,0,0,13,28,9181,1926,0,0,0,0,0,258762,3,0
0,0,0,0,16,28,9182,1926,0,0,0,0,0,184624,3,0
1,0,0,1,25,28,9183,1926,0,0,0,0,0,259507,3,0
1,0,0,1,19,28,9184,1926,0,0,0,0,0,271530,3,0
0,0,0,0,23,28,9185,1926,0,0,0,0,0,244196,3,0
0,0,0,0,31,28,9186,1926,0,0,0,0,0,222079,3,0
1,0,0,1,18,28,9187,1926,0,0,0,0,0,222654,3,0
0,0,0,0,26,28,9188,1926,0,0,0,0,0,263906,3,0
0,0,0,0,12,29,9189,1926,0,0,0,0,0,260798,3,0
1,0,0,1,29,29,9190,1926,0,0,0,0,0,264141,2,0
0,0,0,0,30,29,9191,1926,0,0,0,0,0,268631,2,0
0,0,0,0,28,29,9192,1926,0,0,0,0,0,260929,3,0
0,0,0,0,1,0,9193,1930,0,0,0,0,0,203175,3,0
0,0,0,0,3,3,9194,1930,0,0,0,0,0,213127,2,0
0,0,0,0,6,4,9195,1930,0,0,0,0,0,206524,3,0
1,0,0,1,5,6,9196,1930,0,0,0,0,0,208188,1,0
0,0,0,0,33,7,9197,1930,0,0,0,0,0,219486,3,0
0,0,0,0,4,9,9198,1930,0,0,0,0,0,226352,2,0
3,0,0,1,18,11,9199,1930,0,0,0,0,0,206089,4,0
0,0,0,0,10,17,9200,1930,0,0,0,0,0,213969,3,0
1,0,0,1,7,19,9201,1930,0,0,0,0,0,203328,2,0
1,0,0,1,39,24,9202,1930,0,0,0,0,0,242967,3,0
0,0,0,0,19,26,9203,1930,0,0,0,0,0,228815,3,0
0,0,0,0,8,28,9204,1930,0,0,0,0,0,235216,3,0
0,0,0,0,22,28,9205,1930,0,0,0,0,0,244126,2,0
1,0,0,1,26,28,9206,1930,0,0,0,0,0,205393,1,0
0,0,0,0,14,28,9207,1930,0,0,0,0,0,240786,3,0
0,0,0,0,13,28,9208,1930,0,0,0,0,0,230971,3,0
0,0,0,0,11,28,9209,1930,0,0,0,0,0,213642,3,0
1,0,0,1,24,28,9210,1930,0,0,0,0,0,216483,2,0
1,0,0,1,9,28,9211,1930,0,0,0,0,0,198011,3,0
0,0,0,0,23,28,9212,1930,0,0,0,0,0,247085,3,0
0,0,0,0,20,28,9213,1930,0,0,0,0,0,260717,3,0
0,0,0,0,2,28,9214,1930,0,0,0,0,0,239221,3,0
0,0,0,0,21,28,9215,1930,0,0,0,0,0,261621,3,0
0,0,0,0,12,29,9216,1930,0,0,0,0,0,248880,3,0
0,0,0,0,16,29,9217,1930,0,0,0,0,0,278220,3,0
1,0,0,1,17,29,9218,1930,0,0,0,0,0,246154,2,0
0,0,0,0,30,29,9219,1930,0,0,0,0,0,71826,3,0
0,0,0,0,40,29,9220,1930,0,0,0,0,0,278988,3,0
0,0,0,0,36,29,9221,1930,0,0,0,0,0,272444,3,0
0,0,0,0,34,0,9222,1931,0,0,0,0,0,233215,3,0
0,0,0,0,17,3,9223,1931,0,0,0,0,0,259120,3,0
0,0,0,0,6,4,9224,1931,0,0,0,0,0,230677,3,0
1,0,0,1,15,6,9225,1931,0,0,0,0,0,269150,3,0
0,0,0,0,3,7,9226,1931,0,0,0,0,0,204979,4,0
0,0,0,0,8,9,9227,1931,0,0,0,0,0,212990,3,0
0,0,0,0,26,11,9228,1931,0,0,0,0,0,186143,3,0
1,0,0,1,7,12,9229,1931,0,0,0,0,0,241452,2,0
5,1,0,1,20,16,9230,1931,0,0,0,0,0,258932,3,0
0,0,0,0,14,18,9231,1931,0,0,0,0,0,228781,3,0
4,0,0,1,19,25,9232,1931,0,0,0,0,0,225001,3,0
0,0,0,0,11,28,9233,1931,0,0,0,0,0,201093,3,0
0,0,0,0,5,28,9234,1931,0,0,0,0,0,239506,3,0
0,0,0,0,16,28,9235,1931,0,0,0,0,0,229605,3,0
0,0,0,0,33,28,9236,1931,0,0,0,0,0,267476,3,0
0,0,0,0,1,28,9237,1931,0,0,0,0,0,169798,3,0
1,0,0,1,9,28,9238,1931,0,0,0,0,0,245501,3,0
0,0,0,0,4,28,9239,1931,0,0,0,0,0,261374,3,0
0,0,0,0,27,28,9240,1931,0,0,0,0,0,241379,3,0
1,0,0,1,10,28,9241,1931,0,0,0,0,0,264581,3,0
0,0,0,0,18,28,9242,1931,0,0,0,0,0,262981,2,0
0,0,0,0,12,28,9243,1931,0,0,0,0,0,223940,3,0
0,0,0,0,2,28,9244,1931,0,0,0,0,0,229930,3,0
0,0,0,0,23,29,9245,1931,0,0,0,0,0,246249,3,0
0,0,0,0,22,29,9246,1931,0,0,0,0,0,273619,3,0
0,0,0,0,24,29,9247,1931,0,0,0,0,0,263168,3,0
0,0,0,0,25,29,9248,1931,0,0,0,0,0,73749,3,0
0,0,0,0,31,29,9249,1931,0,0,0,0,0,74363,3,0
0,0,0,0,1,0,9250,1932,0,0,0,0,0,248158,4,0
0,0,0,0,2,3,9251,1932,0,0,0,0,0,237975,2,0
0,0,0,0,6,4,9252,1932,0,0,0,0,0,270363,3,0
2,0,0,1,4,5,9253,1932,0,0,0,0,0,228829,2,0
0,0,0,0,32,6,9254,1932,0,0,0,0,0,239513,3,0
0,0,0,0,17,7,9255,1932,0,0,0,0,0,264734,3,0
2,0,0,1,48,10,9256,1932,0,0,0,0,0,245988,4,0
5,1,0,1,8,13,9257,1932,0,0,0,0,0,224225,3,0
0,0,0,0,14,15,9258,1932,0,0,0,0,0,193849,3,0
1,0,0,1,36,24,9259,1932,0,0,0,0,0,243639,3,0
1,0,0,1,9,26,9260,1932,0,0,0,0,0,227040,3,0
0,0,0,0,50,28,9261,1932,0,0,0,0,0,239215,3,0
1,0,0,1,40,28,9262,1932,0,0,0,0,0,236487,2,0
1,0,0,1,5,28,9263,1932,0,0,0,0,0,247031,3,0
0,0,0,0,7,28,9264,1932,0,0,0,0,0,234242,3,0
0,0,0,0,23,28,9265,1932,0,0,0,0,0,213677,3,0
2,0,0,1,44,28,9266,1932,0,0,0,0,0,229367,2,0
0,0,0,0,3,28,9267,1932,0,0,0,0,0,242436,3,0
0,0,0,0,18,28,9268,1932,0,0,0,0,0,268905,2,0
0,0,0,0,10,28,9269,1932,0,0,0,0,0,247140,3,0
0,0,0,0,21,28,9270,1932,0,0,0,0,0,229771,3,0
0,0,0,0,15,28,9271,1932,0,0,0,0,0,246662,3,0
0,0,0,0,33,28,9272,1932,0,0,0,0,0,241690,3,0
0,0,0,0,11,29,9273,1932,0,0,0,0,0,272446,3,0
0,0,0,0,38,29,9274,1932,0,0,0,0,0,277531,3,0
0,0,0,0,19,29,9275,1932,0,0,0,0,0,263308,3,0
0,0,0,0,45,29,9276,1932,0,0,0,0,0,71068,3,0
0,0,0,0,27,29,9277,1932,0,0,0,0,0,273929,3,0
0,0,0,0,1,0,9278,1933,0,0,0,0,0,262718,3,0
0,0,0,0,2,3,9279,1933,0,0,0,0,0,205015,3,0
1,0,0,0,17,4,9280,1933,0,0,0,0,0,273020,4,0
0,0,0,0,6,6,9281,1933,0,0,0,0,0,200697,3,0
1,0,0,0,3,7,9282,1933,0,0,0,0,0,226514,3,0
2,0,0,1,12,23,9283,1933,0,0,0,0,0,189160,3,0
0,0,0,0,8,13,9284,1933,0,0,0,0,0,230876,3,0
0,0,0,0,4,14,9285,1933,0,0,0,0,0,203138,4,0
0,0,0,0,10,15,9286,1933,0,0,0,0,0,239119,3,0
1,0,0,0,23,27,9287,1933,0,0,0,0,0,210046,3,0
3,0,0,1,24,25,9288,1933,0,0,0,0,0,279857,2,0
0,0,0,0,28,28,9289,1933,0,0,0,0,0,235807,3,0
0,0,0,0,37,28,9290,1933,0,0,0,0,0,263685,4,0
0,0,0,0,26,28,9291,1933,0,0,0,0,0,215758,3,0
0,0,0,0,5,28,9292,1933,0,0,0,0,0,240608,3,0
0,0,0,0,22,28,9293,1933,0,0,0,0,0,237188,3,0
2,0,0,1,11,28,9294,1933,0,0,0,0,0,233572,3,0
0,0,0,0,7,28,9295,1933,0,0,0,0,0,219458,3,0
2,0,0,1,9,28,9296,1933,0,0,0,0,0,179746,3,0
1,0,0,0,44,28,9297,1933,0,0,0,0,0,221197,4,0
0,0,0,0,16,28,9298,1933,0,0,0,0,0,233804,3,0
0,0,0,0,18,28,9299,1933,0,0,0,0,0,230897,3,0
1,0,0,0,30,28,9300,1933,0,0,0,0,0,234241,3,0
2,0,0,1,20,29,9301,1933,0,0,0,0,0,264200,3,0
0,0,0,0,19,29,9302,1933,0,0,0,0,0,240346,3,0
0,0,0,0,31,29,9303,1933,0,0,0,0,0,270455,3,0
0,0,0,0,21,29,9304,1933,0,0,0,0,0,278102,3,0
0,0,0,0,27,29,9305,1933,0,0,0,0,0,74936,3,0
0,0,0,0,15,29,9306,1933,0,0,0,0,0,251407,3,0
0,0,0,0,35,29,9307,1933,0,0,0,0,0,271429,3,0
0,0,0,0,32,29,9308,1933,0,0,0,0,0,276966,3,0
0,0,0,0,25,29,9309,1933,0,0,0,0,0,276385,3,0
0,0,0,0,29,29,9310,1933,0,0,0,0,0,74350,3,0
0,0,0,0,36,29,9311,1933,0,0,0,0,0,74961,3,0
0,0,0,0,31,0,9312,1938,0,0,0,0,0,192317,4,0
0,0,0,0,2,3,9313,1938,0,0,0,0,0,264514,3,0
0,0,0,0,5,4,9314,1938,0,0,0,0,0,266176,2,0
2,0,0,1,37,6,9315,1938,0,0,0,0,0,263304,3,0
0,0,0,0,21,7,9316,1938,0,0,0,0,0,240606,3,0
0,0,0,0,22,9,9317,1938,0,0,0,0,0,252883,3,0
0,0,0,0,4,11,9318,1938,0,0,0,0,0,240605,3,0
6,1,0,1,11,12,9319,1938,0,0,0,1,0,251028,5,0
0,0,0,0,10,16,9320,1938,0,0,0,0,0,255049,3,0
2,0,0,1,14,18,9321,1938,0,0,0,0,0,244871,3,0
2,0,0,1,17,25,9322,1938,0,0,0,0,0,254482,3,0
0,0,0,0,9,28,9323,1938,0,0,0,0,0,264677,3,0
0,0,0,0,8,28,9324,1938,0,0,0,0,0,276332,3,0
0,0,0,0,27,28,9325,1938,0,0,0,0,0,277961,3,0
0,0,0,0,6,28,9326,1938,0,0,0,0,0,243869,3,0
0,0,0,0,1,28,9327,1938,0,0,0,0,0,260156,3,0
3,0,0,1,7,28,9328,1938,0,0,0,0,0,278105,3,0
0,0,0,0,18,28,9329,1938,0,0,0,0,0,260669,3,0
0,0,0,0,16,28,9330,1938,0,0,0,0,0,240977,3,0
0,0,0,0,33,28,9331,1938,0,0,0,0,0,71960,3,0
0,0,0,0,15,28,9332,1938,0,0,0,0,0,275261,3,0
0,0,0,0,48,28,9333,1938,0,0,0,0,0,268886,3,0
0,0,0,0,13,28,9334,1938,0,0,0,0,0,258586,3,0
0,0,0,0,3,29,9335,1938,0,0,0,0,0,252547,3,0
1,0,0,0,35,29,9336,1938,0,0,0,0,0,72070,3,0
0,0,0,0,34,29,9337,1938,0,0,0,0,0,70984,3,0
0,0,0,0,1,0,9338,1939,0,0,0,0,0,198285,3,0
0,0,0,0,2,3,9339,1939,0,0,0,0,0,240826,3,0
0,0,0,0,32,4,9340,1939,0,0,0,0,0,193569,3,0
0,0,0,0,5,5,9341,1939,0,0,0,0,0,219293,3,0
0,0,0,0,17,6,9342,1939,0,0,0,0,0,270637,4,0
0,0,0,0,14,7,9343,1939,0,0,0,0,0,242322,3,0
0,0,0,0,6,10,9344,1939,0,0,0,0,0,183546,3,0
2,0,0,1,21,13,9345,1939,0,0,0,0,0,231580,3,0
4,0,0,1,8,15,9346,1939,0,0,0,0,0,239023,4,0
4,0,0,1,10,24,9347,1939,0,0,0,0,0,233565,3,0
0,0,0,0,11,26,9348,1939,0,0,0,0,0,212994,3,0
0,0,0,0,16,28,9349,1939,0,0,0,0,0,236247,3,0
1,0,0,1,4,28,9350,1939,0,0,0,0,0,208014,4,0
0,0,0,0,24,28,9351,1939,0,0,0,0,0,262100,3,0
0,0,0,0,20,28,9352,1939,0,0,0,0,0,203292,3,0
0,0,0,0,12,28,9353,1939,0,0,0,0,0,209333,3,0
0,0,0,0,25,28,9354,1939,0,0,0,0,0,194319,3,0
1,0,0,1,18,28,9355,1939,0,0,0,0,0,233938,4,0
0,0,0,0,23,28,9356,1939,0,0,0,0,0,261225,4,0
0,0,0,0,19,28,9357,1939,0,0,0,0,0,208989,3,0
0,0,0,0,3,28,9358,1939,0,0,0,0,0,202528,3,0
0,0,0,0,9,28,9359,1939,0,0,0,0,0,243831,2,0
1,0,0,1,41,28,9360,1939,0,0,0,0,0,261032,3,0
0,0,0,0,15,29,9361,1939,0,0,0,0,0,258491,3,0
0,0,0,0,37,29,9362,1939,0,0,0,0,0,258375,3,0
1,0,0,1,7,29,9363,1939,0,0,0,0,0,278101,3,0
0,0,0,0,28,29,9364,1939,0,0,0,0,0,278986,3,0
0,0,0,0,13,29,9365,1939,0,0,0,0,0,256474,3,0
0,0,0,0,1,0,9366,1940,0,0,0,0,0,206555,3,0
0,0,0,0,9,3,9367,1940,0,0,0,0,0,190239,3,0
0,0,0,0,14,4,9368,1940,0,0,0,0,0,202408,3,0
0,0,0,0,6,6,9369,1940,0,0,0,0,0,215211,3,0
0,0,0,0,3,7,9370,1940,0,0,0,0,0,202033,5,0
1,0,0,1,23,10,9371,1940,0,0,0,0,0,204458,3,0
0,0,0,0,17,13,9372,1940,0,0,0,0,0,237005,3,0
0,0,0,0,25,15,9373,1940,0,0,0,0,0,222477,4,0
1,0,0,1,16,18,9374,1940,0,0,0,0,0,173673,4,0
6,1,0,1,19,24,9375,1940,0,0,0,1,0,223551,3,0
4,0,0,1,11,26,9376,1940,0,0,0,0,0,269329,5,0
1,0,0,1,44,28,9377,1940,0,0,0,0,0,212782,3,0
0,0,0,0,5,28,9378,1940,0,0,0,0,0,231107,3,0
0,0,0,0,2,28,9379,1940,0,0,0,0,0,198071,3,0
0,0,0,0,4,28,9380,1940,0,0,0,0,0,203428,4,0
0,0,0,0,13,28,9381,1940,0,0,0,0,0,152523,3,0
0,0,0,0,7,28,9382,1940,0,0,0,0,0,173891,3,0
0,0,0,0,10,28,9383,1940,0,0,0,0,0,223810,3,0
1,0,0,1,32,28,9384,1940,0,0,0,0,0,245539,2,0
0,0,0,0,22,28,9385,1940,0,0,0,0,0,250758,3,0
0,0,0,0,20,28,9386,1940,0,0,0,0,0,204007,3,0
0,0,0,0,18,28,9387,1940,0,0,0,0,0,213143,3,0
0,0,0,0,12,28,9388,1940,0,0,0,0,0,235064,3,0
2,0,0,1,8,29,9389,1940,0,0,0,0,0,233793,3,0
0,0,0,0,15,29,9390,1940,0,0,0,0,0,74130,3,0
0,0,0,0,21,29,9391,1940,0,0,0,0,0,262636,3,0
0,0,0,0,30,29,9392,1940,0,0,0,0,0,264851,3,0
0,0,0,0,33,29,9393,1940,0,0,0,0,0,279069,3,0
0,0,0,0,27,0,9394,1944,0,0,0,0,0,276117,2,0
0,0,0,0,26,3,9395,1944,0,0,0,0,0,235329,2,0
0,0,0,0,16,4,9396,1944,0,0,0,0,0,257291,3,0
0,0,0,0,29,6,9397,1944,0,0,0,0,0,266095,3,0
1,0,0,1,3,7,9398,1944,0,0,0,0,0,190620,2,0
0,0,0,0,4,9,9399,1944,0,0,0,0,0,206535,3,0
0,0,0,0,14,11,9400,1944,0,0,0,0,0,189619,3,0
0,0,0,0,11,12,9401,1944,0,0,0,0,0,212493,3,0
0,0,0,0,7,16,9402,1944,0,0,0,0,0,230126,3,0
0,0,0,0,36,18,9403,1944,0,0,0,0,0,276388,3,0
2,0,0,1,19,25,9404,1944,0,0,0,0,0,238990,3,0
0,0,0,0,24,28,9405,1944,0,0,0,0,0,202131,3,0
0,0,0,0,2,28,9406,1944,0,0,0,0,0,262713,3,0
0,0,0,0,6,28,9407,1944,0,0,0,0,0,244277,3,0
1,0,0,1,45,28,9408,1944,0,0,0,0,0,256216,3,0
0,0,0,0,1,28,9409,1944,0,0,0,0,0,225342,3,0
0,0,0,0,18,28,9410,1944,0,0,0,0,0,236611,2,0
0,0,0,0,8,28,9411,1944,0,0,0,0,0,220894,3,0
0,0,0,0,17,28,9412,1944,0,0,0,0,0,243393,3,0
0,0,0,0,15,28,9413,1944,0,0,0,0,0,252476,3,0
0,0,0,0,10,28,9414,1944,0,0,0,0,0,201514,2,0
0,0,0,0,5,28,9415,1944,0,0,0,0,0,188782,3,0
0,0,0,0,20,28,9416,1944,0,0,0,0,0,192320,3,0
0,0,0,0,23,29,9417,1944,0,0,0,0,0,262714,3,0
1,0,0,1,9,29,9418,1944,0,0,0,0,0,236321,2,0
0,0,0,0,22,29,9419,1944,0,0,0,0,0,70275,3,0
0,0,0,0,30,29,9420,1944,0,0,0,0,0,266528,3,0
0,0,0,0,31,29,9421,1944,0,0,0,0,0,261739,3,0
0,0,0,0,37,29,9422,1944,0,0,0,0,0,74743,3,0
0,0,0,0,38,29,9423,1944,0,0,0,0,0,272650,3,0
1,0,0,1,34,29,9424,1944,0,0,0,0,0,276389,3,0
0,0,0,0,1,0,9425,1947,0,0,0,0,0,246671,4,0
0,0,0,0,29,3,9426,1947,0,0,0,0,0,237036,5,0
3,0,0,1,4,4,9427,1947,0,0,0,0,0,262523,3,0
0,0,0,0,5,5,9428,1947,0,0,0,0,0,221322,3,0
0,0,0,0,6,6,9429,1947,0,0,0,0,0,236319,3,0
2,0,0,1,7,7,9430,1947,0,0,0,0,0,198489,5,0
0,0,0,0,15,10,9431,1947,0,0,0,0,0,225769,3,0
1,0,0,0,8,13,9432,1947,0,0,0,0,0,224361,3,0
4,0,0,1,38,15,9433,1947,0,0,0,0,0,210108,4,0
2,0,0,1,9,24,9434,1947,0,0,0,0,0,219550,3,0
5,1,0,1,11,26,9435,1947,0,0,0,0,0,214876,3,0
0,0,0,0,20,28,9436,1947,0,0,0,0,0,235496,3,0
0,0,0,0,24,28,9437,1947,0,0,0,0,0,237943,3,0
0,0,0,0,17,28,9438,1947,0,0,0,0,0,233051,3,0
0,0,0,0,3,28,9439,1947,0,0,0,0,0,246392,3,0
0,0,0,0,13,28,9440,1947,0,0,0,0,0,222095,3,0
0,0,0,0,10,28,9441,1947,0,0,0,0,0,214896,3,0
0,0,0,0,12,28,9442,1947,0,0,0,0,0,211595,3,0
0,0,0,0,25,28,9443,1947,0,0,0,0,0,224238,3,0
1,0,0,0,26,28,9444,1947,0,0,0,0,0,164769,3,0
0,0,0,0,23,28,9445,1947,0,0,0,0,0,275599,3,0
0,0,0,0,30,28,9446,1947,0,0,0,0,0,223969,3,0
0,0,0,0,19,28,9447,1947,0,0,0,0,0,271139,3,0
0,0,0,0,22,29,9448,1947,0,0,0,0,0,275006,3,0
0,0,0,0,14,29,9449,1947,0,0,0,0,0,205582,3,0
0,0,0,0,21,29,9450,1947,0,0,0,0,0,183789,3,0
0,0,0,0,37,29,9451,1947,0,0,0,0,0,75035,3,0
0,0,0,0,34,29,9452,1947,0,0,0,0,0,271854,3,0
0,0,0,0,41,29,9453,1947,0,0,0,0,0,277898,3,0
0,0,0,0,42,29,9454,1947,0,0,0,0,0,73942,3,0
0,0,0,0,44,29,9455,1947,0,0,0,0,0,73941,3,0
0,0,0,0,43,29,9456,1947,0,0,0,0,0,73944,3,0
0,0,0,0,45,29,9457,1947,0,0,0,0,0,73943,3,0
0,0,0,0,1,0,9458,1958,0,0,0,0,0,240597,2,0
1,0,0,1,28,3,9459,1958,0,0,0,0,0,233315,3,0
0,0,0,0,19,4,9460,1958,0,0,0,0,0,194759,2,0
0,0,0,0,5,6,9461,1958,0,0,0,0,0,238179,3,0
1,0,0,1,2,7,9462,1958,0,0,0,0,0,222583,3,0
0,0,0,0,16,9,9463,1958,0,0,0,0,0,266871,3,0
0,0,0,0,8,11,9464,1958,0,0,0,0,0,258050,3,0
3,0,0,1,23,12,9465,1958,0,0,0,0,0,246604,3,0
0,0,0,0,21,16,9466,1958,0,0,0,0,0,270679,2,0
3,0,0,1,22,18,9467,1958,0,0,0,0,0,243640,3,0
2,0,0,1,7,25,9468,1958,0,0,0,0,0,228382,3,0
0,0,0,0,11,28,9469,1958,0,0,0,0,0,238846,3,0
0,0,0,0,4,28,9470,1958,0,0,0,0,0,230882,2,0
0,0,0,0,6,28,9471,1958,0,0,0,0,0,237316,3,0
0,0,0,0,3,28,9472,1958,0,0,0,0,0,252385,3,0
0,0,0,0,13,28,9473,1958,0,0,0,0,0,230944,3,0
0,0,0,0,20,28,9474,1958,0,0,0,0,0,266074,3,0
0,0,0,0,17,28,9475,1958,0,0,0,0,0,278557,2,0
0,0,0,0,10,28,9476,1958,0,0,0,0,0,202799,3,0
0,0,0,0,15,28,9477,1958,0,0,0,0,0,222396,2,0
0,0,0,0,12,28,9478,1958,0,0,0,0,0,258702,2,0
0,0,0,0,27,28,9479,1958,0,0,0,0,0,232520,3,0
0,0,0,0,18,28,9480,1958,0,0,0,0,0,156894,3,0
0,0,0,0,29,29,9481,1958,0,0,0,0,0,267744,3,0
0,0,0,0,26,29,9482,1958,0,0,0,0,0,74312,3,0
0,0,0,0,24,29,9483,1958,0,0,0,0,0,259596,3,0
0,0,0,0,1,0,9484,1962,0,0,0,0,0,252773,4,0
0,0,0,0,11,3,9485,1962,0,0,0,0,0,235059,3,0
0,0,0,0,4,4,9486,1962,0,0,0,0,0,226791,3,0
1,0,0,1,5,5,9487,1962,0,0,0,0,0,173734,3,0
1,0,0,1,6,6,9488,1962,0,0,0,0,0,246126,3,0
1,0,0,1,27,7,9489,1962,0,0,0,0,0,273535,3,0
0,0,0,0,22,10,9490,1962,0,0,0,0,0,276438,2,0
1,0,0,1,8,13,9491,1962,0,0,0,0,0,222420,5,0
0,0,0,0,19,15,9492,1962,0,0,0,0,0,245893,3,0
2,0,0,1,9,24,9493,1962,0,0,0,0,0,246096,3,0
1,0,0,1,10,26,9494,1962,0,0,0,0,0,250812,2,0
1,0,0,1,29,28,9495,1962,0,0,0,0,0,227287,3,0
0,0,0,0,14,28,9496,1962,0,0,0,0,0,256358,3,0
0,0,0,0,17,28,9497,1962,0,0,0,0,0,262731,3,0
0,0,0,0,2,28,9498,1962,0,0,0,0,0,251006,3,0
0,0,0,0,35,28,9499,1962,0,0,0,0,0,277342,3,0
0,0,0,0,18,28,9500,1962,0,0,0,0,0,184747,3,0
1,0,0,1,28,28,9501,1962,0,0,0,0,0,268529,4,0
2,0,0,1,7,28,9502,1962,0,0,0,0,0,169214,3,0
1,0,0,1,23,28,9503,1962,0,0,0,0,0,238188,3,0
0,0,0,0,32,28,9504,1962,0,0,0,0,0,193900,2,0
1,0,0,1,24,28,9505,1962,0,0,0,0,0,269930,3,0
0,0,0,0,3,28,9506,1962,0,0,0,0,0,271808,3,0
0,0,0,0,25,29,9507,1962,0,0,0,0,0,70446,3,0
0,0,0,0,15,29,9508,1962,0,0,0,0,0,72970,3,0
0,0,0,0,21,29,9509,1962,0,0,0,0,0,74384,3,0
0,0,0,0,37,29,9510,1962,0,0,0,0,0,72161,3,0
0,0,0,0,1,0,9511,15015,0,0,0,0,0,206566,2,0
1,0,0,1,2,3,9512,15015,0,0,0,0,0,247073,3,0
0,0,0,0,15,4,9513,15015,0,0,0,0,0,239989,3,0
0,0,0,0,6,5,9514,15015,0,0,0,0,0,226116,3,0
0,0,0,0,17,6,9515,15015,0,0,0,0,0,251312,3,0
0,0,0,0,19,7,9516,15015,0,0,0,0,0,264115,2,0
1,0,0,1,34,23,9517,15015,0,0,0,0,0,221953,3,0
0,0,0,0,25,13,9518,15015,0,0,0,0,0,257128,3,0
0,0,0,0,4,15,9519,15015,0,0,0,0,0,241982,3,0
3,0,0,1,11,27,9520,15015,0,0,0,0,0,200440,3,0
3,0,0,1,9,25,9521,15015,0,0,0,0,0,262831,4,0
0,0,0,0,8,28,9522,15015,0,0,0,0,0,261390,2,0
0,0,0,0,33,28,9523,15015,0,0,0,0,0,260927,3,0
0,0,0,0,20,28,9524,15015,0,0,0,0,0,264255,3,0
0,0,0,0,14,28,9525,15015,0,0,0,0,0,73765,2,0
0,0,0,0,13,28,9526,15015,0,0,0,0,0,222503,3,0
0,0,0,0,40,28,9527,15015,0,0,0,0,0,278290,3,0
2,0,0,1,16,28,9528,15015,0,0,0,0,0,260880,3,0
0,0,0,0,32,28,9529,15015,0,0,0,0,0,205481,3,0
0,0,0,0,7,28,9530,15015,0,0,0,0,0,266450,2,0
0,0,0,0,23,28,9531,15015,0,0,0,0,0,70134,3,0
0,0,0,0,5,28,9532,15015,0,0,0,0,0,246080,3,0
0,0,0,0,22,28,9533,15015,0,0,0,0,0,255525,3,0
0,0,0,0,49,29,9534,15015,0,0,0,0,0,278919,3,0
0,0,0,0,26,29,9535,15015,0,0,0,0,0,276060,3,0
0,0,0,0,12,29,9536,15015,0,0,0,0,0,73461,3,0
0,0,0,0,18,29,9537,15015,0,0,0,0,0,252330,3,0
0,0,0,0,28,29,9538,15015,0,0,0,0,0,74907,3,0
0,0,0,0,21,29,9539,15015,0,0,0,0,0,274636,2,0
0,0,0,0,35,29,9540,15015,0,0,0,0,0,258814,3,0
0,0,0,0,29,29,9541,15015,0,0,0,0,0,74958,3,0
0,0,0,0,30,29,9542,15015,0,0,0,0,0,279853,3,0
0,0,0,0,27,29,9543,15015,0,0,0,0,0,73862,3,0
0,0,0,0,1,0,9544,110890,0,0,0,0,0,230653,3,0
0,0,0,0,33,3,9545,110890,0,0,0,0,0,193185,3,0
0,0,0,0,24,4,9546,110890,0,0,0,0,0,229232,2,0
0,0,0,0,20,5,9547,110890,0,0,0,0,0,243277,2,0
0,0,0,0,28,6,9548,110890,0,0,0,0,0,253386,3,0
0,0,0,0,19,7,9549,110890,0,0,0,0,0,256070,3,0
3,0,0,1,18,23,9550,110890,0,0,0,0,0,252970,2,0
0,0,0,0,26,13,9551,110890,0,0,0,0,0,246243,2,0
0,0,0,0,6,15,9552,110890,0,0,0,0,0,262363,3,0
0,0,0,0,10,27,9553,110890,0,0,0,0,0,252587,2,0
1,0,0,1,14,25,9554,110890,0,0,0,0,0,228148,3,0
0,0,0,0,12,28,9555,110890,0,0,0,0,0,240331,3,0
0,0,0,0,8,28,9556,110890,0,0,0,0,0,207513,3,0
0,0,0,0,3,28,9557,110890,0,0,0,0,0,213667,3,0
0,0,0,0,7,28,9558,110890,0,0,0,0,0,245649,2,0
0,0,0,0,16,28,9559,110890,0,0,0,0,0,277904,3,0
0,0,0,0,9,28,9560,110890,0,0,0,0,0,257330,2,0
0,0,0,0,23,28,9561,110890,0,0,0,0,0,279124,2,0
0,0,0,0,11,28,9562,110890,0,0,0,0,0,241037,3,0
1,0,0,1,22,28,9563,110890,0,0,0,0,0,276860,3,0
0,0,0,0,5,28,9564,110890,0,0,0,0,0,258776,3,0
0,0,0,0,27,28,9565,110890,0,0,0,0,0,258661,3,0
0,0,0,0,4,28,9566,110890,0,0,0,0,0,279579,3,0
0,0,0,0,29,29,9567,110890,0,0,0,0,0,74433,3,0
0,0,0,0,34,29,9568,110890,0,0,0,0,0,74916,3,0
0,0,0,0,21,29,9569,110890,0,0,0,0,0,73446,3,0
0,0,0,0,13,29,9570,110890,0,0,0,0,0,233505,3,0
0,0,0,0,15,29,9571,110890,0,0,0,0,0,267745,3,0
0,0,0,0,1,0,9572,92,0,0,0,0,0,233970,3,0
0,0,0,0,21,3,9573,92,0,0,0,0,0,237696,3,0
2,0,0,1,5,4,9574,92,0,0,0,0,0,229087,1,0
0,0,0,0,17,6,9575,92,0,0,0,0,0,236465,2,0
0,0,0,0,33,7,9576,92,0,0,0,0,0,236209,2,0
2,0,0,1,4,10,9577,92,0,0,0,0,0,225772,2,0
1,0,0,0,11,12,9578,92,0,0,0,0,0,73260,2,0
0,0,0,0,20,13,9579,92,0,0,0,0,0,241160,3,0
0,0,0,0,30,15,9580,92,0,0,0,0,0,261897,3,0
2,0,0,1,10,16,9581,92,0,0,0,0,0,212167,3,0
2,0,0,1,32,25,9582,92,0,0,0,0,0,203500,2,0
2,0,0,1,7,28,9583,92,0,0,0,0,0,237185,3,0
0,0,0,0,24,28,9584,92,0,0,0,0,0,271028,3,0
1,0,0,0,2,28,9585,92,0,0,0,0,0,243827,3,0
0,0,0,0,3,28,9586,92,0,0,0,0,0,267928,3,0
0,0,0,0,12,28,9587,92,0,0,0,0,0,231046,3,0
0,0,0,0,6,28,9588,92,0,0,0,0,0,205589,3,0
0,0,0,0,16,28,9589,92,0,0,0,0,0,226261,3,0
0,0,0,0,15,28,9590,92,0,0,0,0,0,229192,3,0
0,0,0,0,25,28,9591,92,0,0,0,0,0,223167,3,0
1,0,0,0,14,28,9592,92,0,0,0,0,0,279547,3,0
0,0,0,0,22,28,9593,92,0,0,0,0,0,278213,3,0
0,0,0,0,9,28,9594,92,0,0,0,0,0,276931,3,0
0,0,0,0,18,29,9595,92,0,0,0,0,0,278895,3,0
0,0,0,0,44,29,9596,92,0,0,0,0,0,267979,3,0
0,0,0,0,31,29,9597,92,0,0,0,0,0,248121,1,0
0,0,0,0,41,29,9598,92,0,0,0,0,0,75302,3,0
0,0,0,0,12,0,9599,121,0,0,0,0,0,268583,4,0
0,0,0,0,2,3,9600,121,0,0,0,0,0,236923,4,0
0,0,0,0,3,4,9601,121,0,0,0,0,0,277747,4,0
1,0,0,1,5,5,9602,121,0,0,0,0,0,223381,4,0
1,0,0,1,4,6,9603,121,0,0,0,0,0,262079,3,0
0,0,0,0,25,7,9604,121,0,0,0,0,0,265700,3,0
2,0,0,1,10,23,9605,121,0,0,0,0,0,236601,5,0
0,0,0,0,11,13,9606,121,0,0,0,0,0,266122,4,0
0,0,0,0,6,15,9607,121,0,0,0,0,0,240981,3,0
1,0,0,1,14,27,9608,121,0,0,0,0,0,246228,3,0
3,0,0,1,15,25,9609,121,0,0,0,0,0,204860,3,0
0,0,0,0,8,28,9610,121,0,0,0,0,0,200781,3,0
0,0,0,0,18,28,9611,121,0,0,0,0,0,266328,4,0
0,0,0,0,28,28,9612,121,0,0,0,0,0,268540,3,0
0,0,0,0,24,28,9613,121,0,0,0,0,0,269949,3,0
0,0,0,0,31,28,9614,121,0,0,0,0,0,71913,3,0
0,0,0,0,26,28,9615,121,0,0,0,0,0,276621,3,0
0,0,0,0,19,28,9616,121,0,0,0,0,0,270933,3,0
0,0,0,0,17,28,9617,121,0,0,0,0,0,269950,3,0
1,0,0,1,7,28,9618,121,0,0,0,0,0,216795,3,0
0,0,0,0,21,28,9619,121,0,0,0,0,0,74155,3,0
0,0,0,0,23,28,9620,121,0,0,0,0,0,209368,3,0
0,0,0,0,9,28,9621,121,0,0,0,0,0,234496,3,0
0,0,0,0,1,29,9622,121,0,0,0,0,0,269948,3,0
1,0,0,1,29,29,9623,121,0,0,0,0,0,75261,3,0
0,0,0,0,20,29,9624,121,0,0,0,0,0,277995,3,0
0,0,0,0,35,29,9625,121,0,0,0,0,0,279097,3,0
0,0,0,0,16,29,9626,121,0,0,0,0,0,279763,3,0
0,0,0,0,19,0,9627,142,0,0,0,0,0,257126,4,0
0,0,0,0,2,3,9628,142,0,0,0,0,0,228368,4,0
1,0,0,1,4,4,9629,142,0,0,0,0,0,209256,3,0
0,0,0,0,25,6,9630,142,0,0,0,0,0,257698,4,0
0,0,0,0,27,7,9631,142,0,0,0,0,0,237933,3,0
1,0,0,1,17,9,9632,142,0,0,0,0,0,243613,4,0
0,0,0,0,24,11,9633,142,0,0,0,0,0,229269,3,0
5,1,0,1,7,12,9634,142,0,0,0,0,0,235915,4,0
3,0,0,1,11,16,9635,142,0,0,0,0,0,240813,5,0
2,0,0,1,15,18,9636,142,0,0,0,0,0,234497,3,0
3,0,0,1,14,25,9637,142,0,0,0,0,0,163050,2,0
0,0,0,0,33,28,9638,142,0,0,0,0,0,222937,3,0
0,0,0,0,8,28,9639,142,0,0,0,0,0,260403,3,0
0,0,0,0,34,28,9640,142,0,0,0,0,0,229912,3,0
0,0,0,0,5,28,9641,142,0,0,0,0,0,241864,3,0
0,0,0,0,1,28,9642,142,0,0,0,0,0,209750,3,0
0,0,0,0,20,28,9643,142,0,0,0,0,0,211143,3,0
0,0,0,0,18,28,9644,142,0,0,0,0,0,278248,3,0
0,0,0,0,6,28,9645,142,0,0,0,0,0,156464,3,0
0,0,0,0,23,28,9646,142,0,0,0,0,0,230149,3,0
0,0,0,0,10,28,9647,142,0,0,0,0,0,236437,3,0
0,0,0,0,3,28,9648,142,0,0,0,0,0,270748,3,0
0,0,0,0,21,28,9649,142,0,0,0,0,0,256815,3,0
0,0,0,0,16,29,9650,142,0,0,0,0,0,263329,3,0
0,0,0,0,22,29,9651,142,0,0,0,0,0,272542,3,0
0,0,0,0,29,29,9652,142,0,0,0,0,0,270959,3,0
0,0,0,0,25,0,9653,357,0,0,0,0,0,218593,2,0
0,0,0,0,2,3,9654,357,0,0,0,0,0,211512,3,0
0,0,0,0,14,4,9655,357,0,0,0,0,0,247601,2,0
0,0,0,0,6,5,9656,357,0,0,0,0,0,238260,2,0
0,0,0,0,23,6,9657,357,0,0,0,0,0,223941,2,0
0,0,0,0,3,7,9658,357,0,0,0,0,0,243056,3,0
1,0,0,1,24,13,9659,357,0,0,0,0,0,203210,2,0
1,0,0,1,28,15,9660,357,0,0,0,0,0,258969,2,0
0,0,0,0,17,18,9661,357,0,0,0,0,0,237208,2,0
2,0,0,1,18,24,9662,357,0,0,0,0,0,229674,4,0
0,0,0,0,19,26,9663,357,0,0,0,0,0,265548,3,0
0,0,0,0,11,28,9664,357,0,0,0,0,0,202198,3,0
0,0,0,0,8,28,9665,357,0,0,0,0,0,267740,3,0
0,0,0,0,22,28,9666,357,0,0,0,0,0,205036,3,0
0,0,0,0,12,28,9667,357,0,0,0,0,0,70169,3,0
0,0,0,0,1,28,9668,357,0,0,0,0,0,228385,3,0
1,0,0,1,9,28,9669,357,0,0,0,0,0,200714,3,0
0,0,0,0,20,28,9670,357,0,0,0,0,0,238191,3,0
0,0,0,0,7,28,9671,357,0,0,0,0,0,205752,3,0
0,0,0,0,15,28,9672,357,0,0,0,0,0,203430,3,0
0,0,0,0,5,28,9673,357,0,0,0,0,0,242801,3,0
0,0,0,0,4,28,9674,357,0,0,0,0,0,252862,3,0
1,0,0,1,10,28,9675,357,0,0,0,0,0,210244,3,0
0,0,0,0,27,29,9676,357,0,0,0,0,0,70486,3,0
0,0,0,0,1,0,9677,381,0,0,0,0,0,212175,3,0
0,0,0,0,24,3,9678,381,0,0,0,0,0,225873,3,0
3,0,0,1,42,4,9679,381,0,0,0,0,0,231481,3,0
0,0,0,0,14,6,9680,381,0,0,0,0,0,227880,3,0
0,0,0,0,30,7,9681,381,0,0,0,0,0,250786,3,0
1,0,0,1,16,9,9682,381,0,0,0,0,0,171923,3,0
0,0,0,0,4,11,9683,381,0,0,0,0,0,238758,3,0
0,0,0,0,22,12,9684,381,0,0,0,0,0,74721,2,0
1,0,0,1,11,16,9685,381,0,0,0,0,0,269149,4,0
1,0,0,1,8,18,9686,381,0,0,0,0,0,275763,3,0
2,0,0,1,10,25,9687,381,0,0,0,0,0,258589,3,0
0,0,0,0,15,28,9688,381,0,0,0,0,0,246874,3,0
0,0,0,0,17,28,9689,381,0,0,0,0,0,72697,3,0
1,0,0,1,2,28,9690,381,0,0,0,0,0,72212,3,0
0,0,0,0,29,28,9691,381,0,0,0,0,0,251564,3,0
0,0,0,0,21,28,9692,381,0,0,0,0,0,72390,3,0
1,0,0,1,19,28,9693,381,0,0,0,0,0,224887,3,0
1,0,0,1,9,28,9694,381,0,0,0,0,0,252464,3,0
0,0,0,0,23,28,9695,381,0,0,0,0,0,220045,3,0
0,0,0,0,6,28,9696,381,0,0,0,0,0,187154,3,0
2,0,0,1,20,28,9697,381,0,0,0,0,0,248126,4,0
0,0,0,0,7,28,9698,381,0,0,0,0,0,179636,3,0
0,0,0,0,3,28,9699,381,0,0,0,0,0,271073,3,0
0,0,0,0,18,29,9700,381,0,0,0,0,0,248534,3,0
0,0,0,0,1,0,9701,1480,0,0,0,0,0,222096,4,0
1,0,0,1,2,3,9702,1480,0,0,0,0,0,238117,3,0
2,0,0,1,5,4,9703,1480,0,0,0,0,0,228928,4,0
0,0,0,0,4,5,9704,1480,0,0,0,0,0,225694,4,0
1,0,0,1,22,6,9705,1480,0,0,0,0,0,248774,3,0
0,0,0,0,3,7,9706,1480,0,0,0,0,0,72765,4,0
1,0,0,1,29,23,9707,1480,0,0,0,0,0,226950,2,0
1,0,0,1,17,13,9708,1480,0,0,0,0,0,270491,3,0
0,0,0,0,12,15,9709,1480,0,0,0,0,0,242258,3,0
0,0,0,0,11,27,9710,1480,0,0,0,0,0,212680,3,0
2,0,0,1,10,25,9711,1480,0,0,0,0,0,204217,3,0
0,0,0,0,16,28,9712,1480,0,0,0,0,0,203060,3,0
0,0,0,0,19,28,9713,1480,0,0,0,0,0,264275,3,0
0,0,0,0,26,28,9714,1480,0,0,0,0,0,228779,3,0
0,0,0,0,18,28,9715,1480,0,0,0,0,0,266821,3,0
0,0,0,0,13,28,9716,1480,0,0,0,0,0,261472,3,0
0,0,0,0,25,28,9717,1480,0,0,0,0,0,71164,3,0
1,0,0,1,24,28,9718,1480,0,0,0,0,0,273587,3,0
0,0,0,0,8,28,9719,1480,0,0,0,0,0,227878,3,0
0,0,0,0,6,28,9720,1480,0,0,0,0,0,228376,3,0
0,0,0,0,21,28,9721,1480,0,0,0,0,0,205232,3,0
0,0,0,0,9,28,9722,1480,0,0,0,0,0,228113,3,0
0,0,0,0,7,28,9723,1480,0,0,0,0,0,230697,3,0
0,0,0,0,20,29,9724,1480,0,0,0,0,0,240585,3,0
1,0,0,1,14,29,9725,1480,0,0,0,0,0,70734,3,0
0,0,0,0,15,29,9726,1480,0,0,0,0,0,252888,3,0
0,0,0,0,23,29,9727,1480,0,0,0,0,0,271410,3,0
0,0,0,0,1,0,9728,1798,0,0,0,0,0,243588,3,0
0,0,0,0,16,3,9729,1798,0,0,0,0,0,223977,2,0
0,0,0,0,4,4,9730,1798,0,0,0,0,0,241507,3,0
0,0,0,0,17,5,9731,1798,0,0,0,0,0,241828,3,0
0,0,0,0,23,6,9732,1798,0,0,0,0,0,223373,4,0
1,0,0,1,14,7,9733,1798,0,0,0,0,0,263801,3,0
1,0,0,1,18,23,9734,1798,0,0,0,0,0,263371,2,0
1,0,0,1,24,13,9735,1798,0,0,0,0,0,222714,4,0
0,0,0,0,10,15,9736,1798,0,0,0,0,0,221279,3,0
3,0,0,1,8,27,9737,1798,0,0,0,0,0,208302,3,0
2,0,0,1,22,25,9738,1798,0,0,0,0,0,240599,3,0
0,0,0,0,28,28,9739,1798,0,0,0,0,0,202491,3,0
0,0,0,0,6,28,9740,1798,0,0,0,0,0,224017,3,0
0,0,0,0,5,28,9741,1798,0,0,0,0,0,243765,3,0
0,0,0,0,3,28,9742,1798,0,0,0,0,0,138830,3,0
0,0,0,0,15,28,9743,1798,0,0,0,0,0,223727,3,0
0,0,0,0,11,28,9744,1798,0,0,0,0,0,252178,3,0
0,0,0,0,2,28,9745,1798,0,0,0,0,0,231145,3,0
2,0,0,1,9,28,9746,1798,0,0,0,0,0,203287,3,0
0,0,0,0,7,28,9747,1798,0,0,0,0,0,231408,3,0
0,0,0,0,26,28,9748,1798,0,0,0,0,0,276120,3,0
0,0,0,0,30,28,9749,1798,0,0,0,0,0,257614,3,0
0,0,0,0,12,28,9750,1798,0,0,0,0,0,255054,3,0
0,0,0,0,21,29,9751,1798,0,0,0,0,0,262133,3,0
0,0,0,0,19,29,9752,1798,0,0,0,0,0,276056,3,0
0,0,0,0,25,29,9753,1798,0,0,0,0,0,277533,3,0
0,0,0,0,31,29,9754,1798,0,0,0,0,0,266371,3,0
0,0,0,0,34,29,9755,1798,0,0,0,0,0,265573,3,0
2,0,0,1,27,29,9756,1798,0,0,0,0,0,254135,3,0
0,0,0,0,29,29,9757,1798,0,0,0,0,0,215374,3,0
0,0,0,0,20,29,9758,1798,0,0,0,0,0,251284,3,0
1,0,0,1,39,29,9759,1798,0,0,0,0,0,271311,3,0
0,0,0,0,1,0,9760,1802,0,0,0,0,0,19541,3,0
0,0,0,0,2,3,9761,1802,0,0,0,0,0,240248,2,0
0,0,0,0,5,4,9762,1802,0,0,0,0,0,200812,2,0
0,0,0,0,22,6,9763,1802,0,0,0,0,0,250811,2,0
0,0,0,0,3,7,9764,1802,0,0,0,0,0,223981,2,0
2,0,0,1,14,9,9765,1802,0,0,0,0,0,231411,2,0
1,0,0,1,8,11,9766,1802,0,0,0,0,0,228577,2,0
0,0,0,0,11,12,9767,1802,0,0,0,0,0,247833,3,0
3,0,0,1,17,16,9768,1802,0,0,0,0,0,273813,3,0
1,0,0,1,32,18,9769,1802,0,0,0,0,0,227682,2,0
1,0,0,1,20,25,9770,1802,0,0,0,0,0,263192,3,0
0,0,0,0,23,28,9771,1802,0,0,0,0,0,211098,3,0
0,0,0,0,6,28,9772,1802,0,0,0,0,0,241409,3,0
1,0,0,1,38,28,9773,1802,0,0,0,0,0,206142,3,0
0,0,0,0,4,28,9774,1802,0,0,0,0,0,232102,3,0
0,0,0,0,25,28,9775,1802,0,0,0,0,0,236337,3,0
1,0,0,1,24,28,9776,1802,0,0,0,0,0,266376,3,0
1,0,0,1,7,28,9777,1802,0,0,0,0,0,243696,2,0
1,0,0,1,10,28,9778,1802,0,0,0,0,0,198776,3,0
0,0,0,0,12,28,9779,1802,0,0,0,0,0,232174,3,0
0,0,0,0,9,28,9780,1802,0,0,0,0,0,256786,3,0
0,0,0,0,13,28,9781,1802,0,0,0,0,0,242382,3,0
0,0,0,0,29,28,9782,1802,0,0,0,0,0,265597,3,0
0,0,0,0,21,29,9783,1802,0,0,0,0,0,74222,3,0
0,0,0,0,31,29,9784,1802,0,0,0,0,0,277046,3,0
0,0,0,0,18,29,9785,1802,0,0,0,0,0,74116,3,0
0,0,0,0,35,29,9786,1802,0,0,0,0,0,74106,3,0
0,0,0,0,34,29,9787,1802,0,0,0,0,0,74107,3,0
0,0,0,0,1,0,9788,1803,0,0,0,0,0,276944,1,0
0,0,0,0,2,3,9789,1803,0,0,0,0,0,259091,2,0
0,0,0,0,26,4,9790,1803,0,0,0,0,0,274474,3,0
1,0,0,0,24,5,9791,1803,0,0,0,0,0,276994,3,0
3,0,0,1,21,6,9792,1803,0,0,0,0,0,248328,3,0
0,0,0,0,3,7,9793,1803,0,0,0,0,0,257776,3,0
0,0,0,0,25,10,9794,1803,0,0,0,0,0,245531,4,0
1,0,0,0,22,13,9795,1803,0,0,0,0,0,255196,3,0
1,0,0,0,8,15,9796,1803,0,0,0,0,0,240583,3,0
3,0,0,1,9,24,9797,1803,0,0,0,0,0,212683,3,0
4,1,0,1,7,26,9798,1803,0,0,0,0,0,274472,5,0
2,0,0,1,17,28,9799,1803,0,0,0,0,0,240323,3,0
0,0,0,0,16,28,9800,1803,0,0,0,0,0,270544,3,0
0,0,0,0,5,28,9801,1803,0,0,0,0,0,209493,3,0
0,0,0,0,30,28,9802,1803,0,0,0,0,0,265829,3,0
0,0,0,0,12,28,9803,1803,0,0,0,0,0,229393,3,0
1,0,0,0,39,28,9804,1803,0,0,0,0,0,224870,3,0
2,0,0,1,37,28,9805,1803,0,0,0,0,0,186783,3,0
0,0,0,0,11,28,9806,1803,0,0,0,0,0,271560,3,0
0,0,0,0,14,28,9807,1803,0,0,0,0,0,223918,3,0
0,0,0,0,4,28,9808,1803,0,0,0,0,0,253111,3,0
0,0,0,0,33,28,9809,1803,0,0,0,0,0,75149,3,0
0,0,0,0,20,28,9810,1803,0,0,0,0,0,266155,3,0
0,0,0,0,6,29,9811,1803,0,0,0,0,0,260818,3,0
1,0,0,0,10,29,9812,1803,0,0,0,0,0,239504,3,0
0,0,0,0,1,0,9813,1804,0,0,0,0,0,200525,2,0
0,0,0,0,2,3,9814,1804,0,0,0,0,0,219467,3,0
0,0,0,0,39,4,9815,1804,0,0,0,0,0,257116,2,0
0,0,0,0,5,5,9816,1804,0,0,0,0,0,204870,2,0
0,0,0,0,18,6,9817,1804,0,0,0,0,0,231396,3,0
0,0,0,0,17,7,9818,1804,0,0,0,0,0,260473,4,0
1,0,0,1,6,10,9819,1804,0,0,0,0,0,200806,4,0
0,0,0,0,10,13,9820,1804,0,0,0,0,0,200210,3,0
1,0,0,1,16,15,9821,1804,0,0,0,0,0,230812,3,0
5,1,0,1,9,24,9822,1804,0,0,0,0,0,192450,4,0
2,0,0,1,21,26,9823,1804,0,0,0,0,0,70099,3,0
1,0,0,1,7,28,9824,1804,0,0,0,0,0,206565,5,0
0,0,0,0,22,28,9825,1804,0,0,0,0,0,230809,3,0
0,0,0,0,15,28,9826,1804,0,0,0,0,0,234940,3,0
1,0,0,1,24,28,9827,1804,0,0,0,0,0,277516,2,0
0,0,0,0,13,28,9828,1804,0,0,0,0,0,162901,3,0
0,0,0,0,12,28,9829,1804,0,0,0,0,0,237503,2,0
2,0,0,1,23,28,9830,1804,0,0,0,0,0,275972,4,0
0,0,0,0,8,28,9831,1804,0,0,0,0,0,266828,3,0
0,0,0,0,19,28,9832,1804,0,0,0,0,0,201457,3,0
0,0,0,0,25,28,9833,1804,0,0,0,0,0,70030,3,0
0,0,0,0,14,28,9834,1804,0,0,0,0,0,240775,3,0
0,0,0,0,3,28,9835,1804,0,0,0,0,0,251590,3,0
0,0,0,0,30,29,9836,1804,0,0,0,0,0,186135,3,0
0,0,0,0,20,29,9837,1804,0,0,0,0,0,170342,3,0
0,0,0,0,27,29,9838,1804,0,0,0,0,0,270720,5,0
0,0,0,0,29,29,9839,1804,0,0,0,0,0,73737,3,0
0,0,0,0,38,29,9840,1804,0,0,0,0,0,73738,3,0
0,0,0,0,31,29,9841,1804,0,0,0,0,0,73736,3,0
0,0,0,0,23,0,9842,1924,0,0,0,0,0,213408,3,0
0,0,0,0,30,3,9843,1924,0,0,0,0,0,279007,3,0
1,0,0,1,22,4,9844,1924,0,0,0,0,0,226102,3,0
1,0,0,1,4,6,9845,1924,0,0,0,0,0,206536,4,0
0,0,0,0,19,7,9846,1924,0,0,0,0,0,243279,3,0
0,0,0,0,28,9,9847,1924,0,0,0,0,0,200928,3,0
1,0,0,1,8,11,9848,1924,0,0,0,0,0,230590,3,0
3,0,0,1,24,12,9849,1924,0,0,0,0,0,246349,4,0
5,1,0,1,18,16,9850,1924,0,0,0,0,0,256481,3,0
2,0,0,1,17,18,9851,1924,0,0,0,0,0,247722,3,0
3,0,0,1,9,25,9852,1924,0,0,0,0,0,194122,2,0
0,0,0,0,35,28,9853,1924,0,0,0,0,0,177692,3,0
0,0,0,0,26,28,9854,1924,0,0,0,0,0,279625,3,0
0,0,0,0,12,28,9855,1924,0,0,0,0,0,72395,3,0
0,0,0,0,20,28,9856,1924,0,0,0,0,0,258529,3,0
0,0,0,0,1,28,9857,1924,0,0,0,0,0,270357,2,0
0,0,0,0,10,28,9858,1924,0,0,0,0,0,194091,3,0
0,0,0,0,11,28,9859,1924,0,0,0,0,0,211623,3,0
0,0,0,0,7,28,9860,1924,0,0,0,0,0,226172,2,0
0,0,0,0,31,28,9861,1924,0,0,0,0,0,72582,3,0
0,0,0,0,38,28,9862,1924,0,0,0,0,0,74530,3,0
0,0,0,0,5,28,9863,1924,0,0,0,0,0,193478,3,0
0,0,0,0,21,28,9864,1924,0,0,0,0,0,201851,3,0
0,0,0,0,3,29,9865,1924,0,0,0,0,0,246194,3,0
0,0,0,0,32,29,9866,1924,0,0,0,0,0,229369,3,0
0,0,0,0,6,29,9867,1924,0,0,0,0,0,74430,2,0
0,0,0,0,40,29,9868,1924,0,0,0,0,0,72431,3,0
0,0,0,0,13,29,9869,1924,0,0,0,0,0,189177,3,0
1,0,0,1,33,29,9870,1924,0,0,0,0,0,189808,3,0
0,0,0,0,1,0,9871,1928,0,0,0,0,0,202770,4,0
1,0,0,1,27,3,9872,1928,0,0,0,0,0,74860,4,0
1,0,0,1,22,4,9873,1928,0,0,0,0,0,245070,4,0
0,0,0,0,5,6,9874,1928,0,0,0,0,0,257863,4,0
0,0,0,0,24,7,9875,1928,0,0,0,0,0,247764,4,0
2,0,0,1,8,9,9876,1928,0,0,0,0,0,255930,3,0
1,0,0,1,7,11,9877,1928,0,0,0,0,0,224855,3,0
0,0,0,0,37,12,9878,1928,0,0,0,0,0,271116,3,0
3,0,0,1,10,16,9879,1928,0,0,0,0,0,258102,3,0
2,0,0,1,19,18,9880,1928,0,0,0,0,0,266886,4,0
3,0,0,1,9,25,9881,1928,0,0,0,0,0,195427,3,0
0,0,0,0,11,28,9882,1928,0,0,0,0,0,228111,3,0
1,0,0,1,18,28,9883,1928,0,0,0,0,0,213018,3,0
0,0,0,0,4,28,9884,1928,0,0,0,0,0,200742,3,0
0,0,0,0,20,28,9885,1928,0,0,0,0,0,242366,3,0
0,0,0,0,13,28,9886,1928,0,0,0,0,0,173531,3,0
0,0,0,0,17,28,9887,1928,0,0,0,0,0,73512,2,0
0,0,0,0,26,28,9888,1928,0,0,0,0,0,257793,3,0
1,0,0,1,32,28,9889,1928,0,0,0,0,0,260192,3,0
0,0,0,0,42,28,9890,1928,0,0,0,0,0,236310,3,0
0,0,0,0,16,28,9891,1928,0,0,0,0,0,200292,3,0
0,0,0,0,23,28,9892,1928,0,0,0,0,0,277412,3,0
0,0,0,0,15,28,9893,1928,0,0,0,0,0,216790,3,0
0,0,0,0,6,29,9894,1928,0,0,0,0,0,222625,3,0
0,0,0,0,2,29,9895,1928,0,0,0,0,0,240604,3,0
0,0,0,0,25,29,9896,1928,0,0,0,0,0,271432,3,0
0,0,0,0,30,29,9897,1928,0,0,0,0,0,279092,3,0
0,0,0,0,29,29,9898,1928,0,0,0,0,0,73111,3,0
0,0,0,0,1,0,9899,1934,0,0,0,0,0,258943,3,0
0,0,0,0,17,3,9900,1934,0,0,0,0,0,240321,3,0
0,0,0,0,2,4,9901,1934,0,0,0,0,0,257775,4,0
2,0,0,1,5,5,9902,1934,0,0,0,0,0,240897,4,0
0,0,0,0,20,6,9903,1934,0,0,0,0,0,73905,4,0
0,0,0,0,27,7,9904,1934,0,0,0,0,0,234848,4,0
1,0,0,1,18,10,9905,1934,0,0,0,0,0,243767,2,0
1,0,0,1,7,13,9906,1934,0,0,0,0,0,268888,3,0
1,0,0,1,22,15,9907,1934,0,0,0,0,0,241646,2,0
1,0,0,1,21,24,9908,1934,0,0,0,0,0,226018,3,0
0,0,0,0,23,26,9909,1934,0,0,0,0,0,242286,3,0
0,0,0,0,6,28,9910,1934,0,0,0,0,0,243044,3,0
0,0,0,0,16,28,9911,1934,0,0,0,0,0,253482,3,0
0,0,0,0,24,28,9912,1934,0,0,0,0,0,204761,3,0
0,0,0,0,31,28,9913,1934,0,0,0,0,0,265562,3,0
0,0,0,0,12,28,9914,1934,0,0,0,0,0,248741,2,0
0,0,0,0,10,28,9915,1934,0,0,0,0,0,236025,3,0
0,0,0,0,8,28,9916,1934,0,0,0,0,0,193608,3,0
1,0,0,1,9,28,9917,1934,0,0,0,0,0,247507,3,0
0,0,0,0,33,28,9918,1934,0,0,0,0,0,279766,3,0
0,0,0,0,14,28,9919,1934,0,0,0,0,0,244985,3,0
0,0,0,0,4,28,9920,1934,0,0,0,0,0,231284,3,0
0,0,0,0,19,28,9921,1934,0,0,0,0,0,238189,3,0
0,0,0,0,11,29,9922,1934,0,0,0,0,0,263149,3,0
0,0,0,0,39,29,9923,1934,0,0,0,0,0,74121,3,0
0,0,0,0,37,29,9924,1934,0,0,0,0,0,279745,3,0
0,0,0,0,36,29,9925,1934,0,0,0,0,0,278994,3,0
0,0,0,0,1,0,9926,1935,0,0,0,0,0,213407,4,0
0,0,0,0,18,3,9927,1935,0,0,0,0,0,228472,4,0
0,0,0,0,19,4,9928,1935,0,0,0,0,0,215562,4,0
0,0,0,0,6,5,9929,1935,0,0,0,0,0,194785,4,0
0,0,0,0,3,6,9930,1935,0,0,0,0,0,230014,4,0
0,0,0,0,11,7,9931,1935,0,0,0,0,0,273464,3,0
0,0,0,0,30,10,9932,1935,0,0,0,0,0,202422,2,0
0,0,0,0,8,13,9933,1935,0,0,0,0,0,222256,3,0
1,0,0,1,10,15,9934,1935,0,0,0,0,0,216467,4,0
3,0,0,1,33,24,9935,1935,0,0,0,0,0,190311,3,0
3,0,0,1,9,26,9936,1935,0,0,0,0,0,258749,2,0
1,0,0,1,16,28,9937,1935,0,0,0,0,0,236818,4,0
0,0,0,0,20,28,9938,1935,0,0,0,0,0,268817,3,0
0,0,0,0,25,28,9939,1935,0,0,0,0,0,264269,3,0
3,0,0,1,5,28,9940,1935,0,0,0,0,0,241891,3,0
0,0,0,0,12,28,9941,1935,0,0,0,0,0,273889,3,0
0,0,0,0,7,28,9942,1935,0,0,0,0,0,225125,3,0
0,0,0,0,42,28,9943,1935,0,0,0,0,0,74452,3,0
2,0,0,1,21,28,9944,1935,0,0,0,0,0,258627,3,0
0,0,0,0,14,28,9945,1935,0,0,0,0,0,206263,2,0
0,0,0,0,4,28,9946,1935,0,0,0,0,0,227948,3,0
0,0,0,0,27,28,9947,1935,0,0,0,0,0,220187,3,0
0,0,0,0,17,28,9948,1935,0,0,0,0,0,240865,3,0
0,0,0,0,15,29,9949,1935,0,0,0,0,0,70229,3,0
0,0,0,0,26,29,9950,1935,0,0,0,0,0,74988,3,0
0,0,0,0,1,0,9951,1936,0,0,0,0,0,230893,2,0
0,0,0,0,27,3,9952,1936,0,0,0,0,0,268788,3,0
0,0,0,0,25,4,9953,1936,0,0,0,0,0,237341,3,0
0,0,0,0,17,5,9954,1936,0,0,0,0,0,190240,3,0
1,0,0,1,6,6,9955,1936,0,0,0,0,0,247518,2,0
0,0,0,0,23,7,9956,1936,0,0,0,0,0,277007,3,0
1,0,0,1,8,10,9957,1936,0,0,0,0,0,202698,3,0
1,0,0,1,22,13,9958,1936,0,0,0,0,0,73159,3,0
2,0,0,1,16,15,9959,1936,0,0,0,0,0,277584,2,0
2,0,0,1,12,24,9960,1936,0,0,0,0,0,197945,4,0
1,0,0,1,9,26,9961,1936,0,0,0,0,0,228668,3,0
0,0,0,0,34,28,9962,1936,0,0,0,0,0,223902,3,0
0,0,0,0,4,28,9963,1936,0,0,0,0,0,222405,3,0
0,0,0,0,19,28,9964,1936,0,0,0,0,0,265418,3,0
0,0,0,0,5,28,9965,1936,0,0,0,0,0,278100,3,0
0,0,0,0,21,28,9966,1936,0,0,0,0,0,203034,3,0
1,0,0,1,14,28,9967,1936,0,0,0,0,0,73115,3,0
0,0,0,0,30,28,9968,1936,0,0,0,0,0,275323,3,0
1,0,0,1,10,28,9969,1936,0,0,0,0,0,231929,3,0
0,0,0,0,15,28,9970,1936,0,0,0,0,0,70787,3,0
1,0,0,1,11,28,9971,1936,0,0,0,0,0,74863,2,0
0,0,0,0,3,28,9972,1936,0,0,0,0,0,213889,3,0
0,0,0,0,18,28,9973,1936,0,0,0,0,0,252844,3,0
0,0,0,0,29,29,9974,1936,0,0,0,0,0,277860,3,0
1,0,0,1,2,29,9975,1936,0,0,0,0,0,72809,3,0
0,0,0,0,7,29,9976,1936,0,0,0,0,0,199627,3,0
0,0,0,0,1,0,9977,1937,0,0,0,0,0,225134,3,0
0,0,0,0,25,3,9978,1937,0,0,0,0,0,241039,2,0
0,0,0,0,28,4,9979,1937,0,0,0,0,0,263739,3,0
1,0,0,1,5,5,9980,1937,0,0,0,0,0,234261,2,0
0,0,0,0,4,6,9981,1937,0,0,0,0,0,235808,3,0
0,0,0,0,11,7,9982,1937,0,0,0,0,0,254496,3,0
3,0,0,1,7,23,9983,1937,0,0,0,0,0,224956,2,0
0,0,0,0,33,13,9984,1937,0,0,0,0,0,74862,3,0
0,0,0,0,18,15,9985,1937,0,0,0,0,0,211228,3,0
0,0,0,0,8,27,9986,1937,0,0,0,0,0,225118,2,0
4,1,0,1,17,25,9987,1937,0,0,0,0,0,180818,3,0
1,0,0,1,20,28,9988,1937,0,0,0,0,0,253974,2,0
0,0,0,0,24,28,9989,1937,0,0,0,0,0,229182,3,0
0,0,0,0,3,28,9990,1937,0,0,0,0,0,200633,3,0
0,0,0,0,2,28,9991,1937,0,0,0,0,0,231615,4,0
0,0,0,0,26,28,9992,1937,0,0,0,0,0,243594,3,0
0,0,0,0,22,28,9993,1937,0,0,0,0,0,204220,3,0
0,0,0,0,43,28,9994,1937,0,0,0,0,0,279636,3,0
4,1,0,1,29,28,9995,1937,0,0,0,0,0,256738,2,0
0,0,0,0,9,28,9996,1937,0,0,0,0,0,237866,3,0
0,0,0,0,19,28,9997,1937,0,0,0,0,0,251346,3,0
0,0,0,0,21,28,9998,1937,0,0,0,0,0,189909,3,0
0,0,0,0,6,28,9999,1937,0,0,0,0,0,271603,3,0
0,0,0,0,40,29,10000,1937,0,0,0,0,0,73309,3,0
0,0,0,0,12,29,10001,1937,0,0,0,0,0,272672,3,0
0,0,0,0,14,29,10002,1937,0,0,0,0,0,213434,3,0
4,1,0,1,10,29,10003,1937,0,0,0,0,0,227764,3,0
0,0,0,0,1,0,10004,15048,0,0,0,0,0,225361,3,0
0,0,0,0,2,3,10005,15048,0,0,0,0,0,213151,4,0
0,0,0,0,5,4,10006,15048,0,0,0,0,0,222947,3,0
0,0,0,0,6,6,10007,15048,0,0,0,0,0,206170,3,0
0,0,0,0,23,7,10008,15048,0,0,0,0,0,236365,3,0
0,0,0,0,18,12,10009,15048,0,0,0,0,0,207620,3,0
0,0,0,0,22,13,10010,15048,0,0,0,0,0,243840,4,0
1,0,0,1,8,15,10011,15048,0,0,0,0,0,227947,3,0
3,0,0,1,30,16,10012,15048,0,0,0,0,0,236557,3,0
0,0,0,0,10,24,10013,15048,0,0,0,0,0,254838,3,0
0,0,0,0,9,26,10014,15048,0,0,0,0,0,203416,3,0
0,0,0,0,4,28,10015,15048,0,0,0,0,0,213519,3,0
0,0,0,0,16,28,10016,15048,0,0,0,0,0,240674,4,0
0,0,0,0,24,28,10017,15048,0,0,0,0,0,73041,3,0
0,0,0,0,3,28,10018,15048,0,0,0,0,0,70836,3,0
0,0,0,0,13,28,10019,15048,0,0,0,0,0,52679,3,0
0,0,0,0,19,28,10020,15048,0,0,0,0,0,251261,3,0
0,0,0,0,7,28,10021,15048,0,0,0,0,0,208852,3,0
1,0,0,1,14,28,10022,15048,0,0,0,0,0,187796,3,0
0,0,0,0,28,28,10023,15048,0,0,0,0,0,270607,3,0
0,0,0,0,21,28,10024,15048,0,0,0,0,0,73040,3,0
0,0,0,0,17,28,10025,15048,0,0,0,0,0,244054,3,0
0,0,0,0,11,28,10026,15048,0,0,0,0,0,237731,3,0
0,0,0,0,35,29,10027,15048,0,0,0,0,0,246956,3,0
0,0,0,0,20,29,10028,15048,0,0,0,0,0,266332,3,0
0,0,0,0,25,29,10029,15048,0,0,0,0,0,74872,3,0
0,0,0,0,1,0,10030,110313,0,0,0,0,0,222612,3,0
0,0,0,0,38,3,10031,110313,0,0,0,0,0,275300,3,0
0,0,0,0,5,4,10032,110313,0,0,0,0,0,223852,3,0
0,0,0,0,4,6,10033,110313,0,0,0,0,0,261156,3,0
0,0,0,0,12,7,10034,110313,0,0,0,0,0,270374,3,0
0,0,0,0,28,9,10035,110313,0,0,0,0,0,187782,3,0
1,0,0,1,2,11,10036,110313,0,0,0,0,0,213686,3,0
2,0,0,1,7,12,10037,110313,0,0,0,0,0,167512,4,0
2,0,0,1,23,16,10038,110313,0,0,0,0,0,73754,3,0
1,0,0,1,11,18,10039,110313,0,0,0,0,0,248801,3,0
2,0,0,1,9,25,10040,110313,0,0,0,0,0,241438,3,0
0,0,0,0,6,28,10041,110313,0,0,0,0,0,238410,3,0
0,0,0,0,8,28,10042,110313,0,0,0,0,0,278040,3,0
0,0,0,0,3,28,10043,110313,0,0,0,0,0,266412,3,0
0,0,0,0,24,28,10044,110313,0,0,0,0,0,278121,4,0
0,0,0,0,30,28,10045,110313,0,0,0,0,0,258591,3,0
3,0,0,1,17,28,10046,110313,0,0,0,0,0,271018,5,0
0,0,0,0,22,28,10047,110313,0,0,0,0,0,258592,3,0
0,0,0,0,10,28,10048,110313,0,0,0,0,0,276980,3,0
0,0,0,0,39,28,10049,110313,0,0,0,0,0,263811,3,0
0,0,0,0,45,28,10050,110313,0,0,0,0,0,226679,3,0
0,0,0,0,20,28,10051,110313,0,0,0,0,0,267926,3,0
0,0,0,0,14,28,10052,110313,0,0,0,0,0,272886,2,0
0,0,0,0,13,29,10053,110313,0,0,0,0,0,241599,3,0
0,0,0,0,16,29,10054,110313,0,0,0,0,0,274959,3,0
0,0,0,0,27,29,10055,110313,0,0,0,0,0,276982,3,0
0,0,0,0,19,29,10056,110313,0,0,0,0,0,71272,3,0
0,0,0,0,25,29,10057,110313,0,0,0,0,0,73752,3,0
0,0,0,0,21,29,10058,110313,0,0,0,0,0,74656,3,0
0,0,0,0,31,0,10059,112222,0,0,0,0,0,257862,3,0
0,0,0,0,14,3,10060,112222,0,0,0,0,0,273036,4,0
0,0,0,0,15,4,10061,112222,0,0,0,0,0,204297,4,0
0,0,0,0,5,6,10062,112222,0,0,0,0,0,256473,4,0
0,0,0,0,30,7,10063,112222,0,0,0,0,0,232648,3,0
0,0,0,0,4,10,10064,112222,0,0,0,0,0,190625,3,0
3,0,0,1,21,12,10065,112222,0,0,0,0,0,263990,4,0
0,0,0,0,8,13,10066,112222,0,0,0,0,0,258214,3,0
1,0,0,1,22,15,10067,112222,0,0,0,0,0,223744,3,0
1,0,0,1,11,16,10068,112222,0,0,0,0,0,244929,3,0
0,0,0,0,18,25,10069,112222,0,0,0,0,0,223073,3,0
0,0,0,0,17,28,10070,112222,0,0,0,0,0,225498,3,0
0,0,0,0,9,28,10071,112222,0,0,0,0,0,242961,3,0
0,0,0,0,3,28,10072,112222,0,0,0,0,0,227854,4,0
0,0,0,0,6,28,10073,112222,0,0,0,0,0,257873,3,0
0,0,0,0,1,28,10074,112222,0,0,0,0,0,186494,3,0
0,0,0,0,10,28,10075,112222,0,0,0,0,0,244673,3,0
2,0,0,1,12,28,10076,112222,0,0,0,0,0,253000,3,0
0,0,0,0,7,28,10077,112222,0,0,0,0,0,257872,3,0
1,0,0,1,24,28,10078,112222,0,0,0,0,0,254925,3,0
0,0,0,0,2,28,10079,112222,0,0,0,0,0,73261,3,0
0,0,0,0,23,28,10080,112222,0,0,0,0,0,72283,3,0
0,0,0,0,1,0,10081,112254,0,0,0,0,0,212560,1,0
1,0,0,1,26,3,10082,112254,0,0,0,0,0,252305,2,0
2,0,0,1,4,4,10083,112254,0,0,0,0,0,271876,3,0
0,0,0,0,23,6,10084,112254,0,0,0,0,0,238073,1,0
0,0,0,0,3,7,10085,112254,0,0,0,0,0,247741,1,0
0,0,0,0,11,9,10086,112254,0,0,0,0,0,257261,3,0
0,0,0,0,8,11,10087,112254,0,0,0,0,0,212682,2,0
0,0,0,0,17,12,10088,112254,0,0,0,0,0,257435,3,0
1,0,0,1,7,16,10089,112254,0,0,0,0,0,247890,2,0
4,1,0,1,24,18,10090,112254,0,0,0,0,0,193771,2,0
2,0,0,1,9,25,10091,112254,0,0,0,0,0,220893,3,0
0,0,0,0,30,28,10092,112254,0,0,0,0,0,272705,3,0
1,0,0,1,10,28,10093,112254,0,0,0,0,0,248837,3,0
0,0,0,0,19,28,10094,112254,0,0,0,0,0,233245,3,0
0,0,0,0,6,28,10095,112254,0,0,0,0,0,254317,1,0
0,0,0,0,13,28,10096,112254,0,0,0,0,0,257469,3,0
2,0,0,1,25,28,10097,112254,0,0,0,0,0,270513,2,0
1,0,0,1,21,28,10098,112254,0,0,0,0,0,73308,3,0
0,0,0,0,5,28,10099,112254,0,0,0,0,0,229126,3,0
0,0,0,0,31,28,10100,112254,0,0,0,0,0,244201,3,0
0,0,0,0,16,28,10101,112254,0,0,0,0,0,271822,3,0
0,0,0,0,18,28,10102,112254,0,0,0,0,0,274820,3,0
0,0,0,0,15,28,10103,112254,0,0,0,0,0,277191,3,0
0,0,0,0,12,29,10104,112254,0,0,0,0,0,72939,3,0
1,0,0,1,14,29,10105,112254,0,0,0,0,0,72953,3,0
0,0,0,0,22,29,10106,112254,0,0,0,0,0,275987,3,0
0,0,0,0,27,29,10107,112254,0,0,0,0,0,276723,3,0
0,0,0,0,29,29,10108,112254,0,0,0,0,0,279103,3,0
0,0,0,0,1,0,10109,112259,0,0,0,0,0,276806,3,0
1,0,0,1,11,3,10110,112259,0,0,0,0,0,251819,2,0
0,0,0,0,26,4,10111,112259,0,0,0,0,0,241699,3,0
0,0,0,0,31,5,10112,112259,0,0,0,0,0,250994,3,0
0,0,0,0,6,6,10113,112259,0,0,0,0,0,220956,3,0
0,0,0,0,3,7,10114,112259,0,0,0,0,0,248569,2,0
1,0,0,1,4,10,10115,112259,0,0,0,0,0,203415,3,0
0,0,0,0,12,13,10116,112259,0,0,0,0,0,246789,2,0
1,0,0,1,21,15,10117,112259,0,0,0,0,0,244322,2,0
1,0,0,1,14,24,10118,112259,0,0,0,0,0,229731,3,0
1,0,0,1,9,26,10119,112259,0,0,0,0,0,238716,3,0
2,0,0,1,8,28,10120,112259,0,0,0,0,0,233377,3,0
1,0,0,1,16,28,10121,112259,0,0,0,0,0,243575,3,0
0,0,0,0,33,28,10122,112259,0,0,0,0,0,263938,2,0
0,0,0,0,5,28,10123,112259,0,0,0,0,0,186590,3,0
0,0,0,0,22,28,10124,112259,0,0,0,0,0,223988,3,0
0,0,0,0,7,28,10125,112259,0,0,0,0,0,228642,3,0
0,0,0,0,17,28,10126,112259,0,0,0,0,0,276240,3,0
0,0,0,0,10,28,10127,112259,0,0,0,0,0,70782,3,0
1,0,0,1,39,28,10128,112259,0,0,0,0,0,206430,2,0
0,0,0,0,2,28,10129,112259,0,0,0,0,0,257087,3,0
0,0,0,0,29,28,10130,112259,0,0,0,0,0,274228,3,0
0,0,0,0,27,28,10131,112259,0,0,0,0,0,268269,3,0
0,0,0,0,25,29,10132,112259,0,0,0,0,0,276244,3,0
0,0,0,0,1,0,10133,112260,0,0,0,0,0,246166,4,0
0,0,0,0,2,3,10134,112260,0,0,0,0,0,256439,2,0
1,0,0,0,4,4,10135,112260,0,0,0,0,0,246723,4,0
0,0,0,0,5,5,10136,112260,0,0,0,0,0,206554,3,0
2,0,0,1,32,6,10137,112260,0,0,0,0,0,74158,3,0
0,0,0,0,16,7,10138,112260,0,0,0,0,0,277434,3,0
0,0,0,0,6,10,10139,112260,0,0,0,0,0,253374,3,0
2,0,0,1,17,13,10140,112260,0,0,0,0,0,255474,3,0
2,0,0,1,10,15,10141,112260,0,0,0,0,0,192970,4,0
4,1,0,1,19,24,10142,112260,0,0,0,0,0,225245,2,0
2,0,0,1,7,26,10143,112260,0,0,0,0,0,246094,3,0
0,0,0,0,11,28,10144,112260,0,0,0,0,0,229123,3,0
3,0,0,1,8,28,10145,112260,0,0,0,0,0,242085,3,0
0,0,0,0,18,28,10146,112260,0,0,0,0,0,251264,3,0
0,0,0,0,25,28,10147,112260,0,0,0,0,0,71216,3,0
0,0,0,0,13,28,10148,112260,0,0,0,0,0,207606,3,0
0,0,0,0,9,28,10149,112260,0,0,0,0,0,254552,3,0
0,0,0,0,44,28,10150,112260,0,0,0,0,0,243845,3,0
0,0,0,0,20,28,10151,112260,0,0,0,0,0,258515,3,0
0,0,0,0,14,28,10152,112260,0,0,0,0,0,262651,3,0
0,0,0,0,15,28,10153,112260,0,0,0,0,0,268445,3,0
0,0,0,0,23,28,10154,112260,0,0,0,0,0,254315,3,0
0,0,0,0,3,28,10155,112260,0,0,0,0,0,240334,3,0
0,0,0,0,1,0,10156,112764,0,0,0,0,0,219854,4,0
0,0,0,0,25,3,10157,112764,0,0,0,0,0,73615,4,0
1,0,0,1,16,4,10158,112764,0,0,0,0,0,278987,4,0
1,0,0,1,17,5,10159,112764,0,0,0,0,0,186122,3,0
0,0,0,0,2,6,10160,112764,0,0,0,0,0,186390,4,0
0,0,0,0,30,7,10161,112764,0,0,0,0,0,270683,3,0
0,0,0,0,22,12,10162,112764,0,0,0,0,0,268306,3,0
1,0,0,1,32,13,10163,112764,0,0,0,0,0,225310,3,0
0,0,0,0,4,15,10164,112764,0,0,0,0,0,234487,3,0
1,0,0,1,18,16,10165,112764,0,0,0,0,0,251257,3,0
6,1,0,1,9,25,10166,112764,0,0,0,1,0,72457,3,0
0,0,0,0,20,28,10167,112764,0,0,0,0,0,72454,3,0
0,0,0,0,5,28,10168,112764,0,0,0,0,0,223069,4,0
0,0,0,0,7,28,10169,112764,0,0,0,0,0,215815,3,0
0,0,0,0,23,28,10170,112764,0,0,0,0,0,251562,3,0
0,0,0,0,12,28,10171,112764,0,0,0,0,0,258056,3,0
0,0,0,0,11,28,10172,112764,0,0,0,0,0,203312,3,0
1,0,0,1,8,28,10173,112764,0,0,0,0,0,263776,3,0
0,0,0,0,10,28,10174,112764,0,0,0,0,0,235218,3,0
0,0,0,0,44,28,10175,112764,0,0,0,0,0,277353,3,0
0,0,0,0,6,28,10176,112764,0,0,0,0,0,200841,3,0
1,0,0,1,29,28,10177,112764,0,0,0,0,0,233289,3,0
0,0,0,0,19,28,10178,112764,0,0,0,0,0,72458,3,0
0,0,0,0,3,29,10179,112764,0,0,0,0,0,264334,3,0
0,0,0,0,14,29,10180,112764,0,0,0,0,0,169700,3,0
0,0,0,0,1,0,10181,113926,0,0,0,0,0,182365,4,0
0,0,0,0,2,3,10182,113926,0,0,0,0,0,238319,3,0
0,0,0,0,5,4,10183,113926,0,0,0,0,0,268102,4,0
0,0,0,0,16,6,10184,113926,0,0,0,0,0,240446,3,0
0,0,0,0,29,7,10185,113926,0,0,0,0,0,192319,4,0
0,0,0,0,33,9,10186,113926,0,0,0,0,0,252435,3,0
0,0,0,0,6,11,10187,113926,0,0,0,0,0,251420,3,0
0,0,0,0,20,12,10188,113926,0,0,0,0,0,264580,3,0
0,0,0,0,18,16,10189,113926,0,0,0,0,0,197774,3,0
0,0,0,0,14,18,10190,113926,0,0,0,0,0,236248,3,0
1,0,0,1,9,25,10191,113926,0,0,0,0,0,207828,3,0
0,0,0,0,4,28,10192,113926,0,0,0,0,0,251516,3,0
0,0,0,0,11,28,10193,113926,0,0,0,0,0,198235,3,0
0,0,0,0,17,28,10194,113926,0,0,0,0,0,186130,3,0
0,0,0,0,19,28,10195,113926,0,0,0,0,0,246173,4,0
0,0,0,0,13,28,10196,113926,0,0,0,0,0,279028,3,0
0,0,0,0,27,28,10197,113926,0,0,0,0,0,263387,3,0
1,0,0,1,10,28,10198,113926,0,0,0,0,0,263975,4,0
0,0,0,0,7,28,10199,113926,0,0,0,0,0,200744,3,0
1,0,0,1,37,28,10200,113926,0,0,0,0,0,74635,3,0
2,0,0,1,31,28,10201,113926,0,0,0,0,0,212513,3,0
0,0,0,0,24,28,10202,113926,0,0,0,0,0,278067,3,0
0,0,0,0,8,28,10203,113926,0,0,0,0,0,193173,3,0
0,0,0,0,32,29,10204,113926,0,0,0,0,0,216453,3,0
1,0,0,1,22,29,10205,113926,0,0,0,0,0,258761,3,0
0,0,0,0,3,29,10206,113926,0,0,0,0,0,248815,3,0
0,0,0,0,23,29,10207,113926,0,0,0,0,0,279236,3,0
0,0,0,0,30,0,10208,305,0,0,0,0,0,241052,4,0
0,0,0,0,19,3,10209,305,0,0,0,0,0,70468,3,0
0,0,0,0,2,4,10210,305,0,0,0,0,0,222979,4,0
0,0,0,0,24,5,10211,305,0,0,0,0,0,272877,4,0
0,0,0,0,3,6,10212,305,0,0,0,0,0,241687,3,0
0,0,0,0,17,7,10213,305,0,0,0,0,0,227679,3,0
5,0,0,1,11,23,10214,305,0,0,0,0,0,224866,3,0
3,0,0,1,26,13,10215,305,0,0,0,0,0,251454,3,0
2,0,0,0,10,15,10216,305,0,0,0,0,0,252758,4,0
6,0,0,1,8,27,10217,305,0,0,0,0,0,255621,4,0
3,0,0,1,12,25,10218,305,0,0,0,0,0,243163,3,0
0,0,0,0,14,28,10219,305,0,0,0,0,0,271618,3,0
0,0,0,0,18,28,10220,305,0,0,0,0,0,257895,3,0
0,0,0,0,5,28,10221,305,0,0,0,0,0,213502,3,0
0,0,0,0,33,28,10222,305,0,0,0,0,0,202841,3,0
0,0,0,0,1,28,10223,305,0,0,0,0,0,225406,3,0
3,0,0,1,15,28,10224,305,0,0,0,0,0,261276,3,0
1,0,0,0,7,28,10225,305,0,0,0,0,0,219925,3,0
2,0,0,0,9,28,10226,305,0,0,0,0,0,239245,3,0
3,0,0,1,6,28,10227,305,0,0,0,0,0,227288,3,0
0,0,0,0,16,28,10228,305,0,0,0,0,0,202881,3,0
0,0,0,0,21,28,10229,305,0,0,0,0,0,266545,3,0
0,0,0,0,23,28,10230,305,0,0,0,0,0,262181,3,0
0,0,0,0,20,29,10231,305,0,0,0,0,0,279520,3,0
1,0,0,0,38,29,10232,305,0,0,0,0,0,265669,3,0
0,0,0,0,29,29,10233,305,0,0,0,0,0,271947,3,0
0,0,0,0,22,29,10234,305,0,0,0,0,0,72986,3,0
0,0,0,0,31,29,10235,305,0,0,0,0,0,277856,3,0
0,0,0,0,28,29,10236,305,0,0,0,0,0,71132,3,0
0,0,0,0,27,29,10237,305,0,0,0,0,0,277859,3,0
0,0,0,0,1,0,10238,306,0,0,0,0,0,247434,4,0
2,0,0,1,23,3,10239,306,0,0,0,0,0,247001,4,0
1,0,0,0,6,4,10240,306,0,0,0,0,0,233056,4,0
1,0,0,0,4,5,10241,306,0,0,0,0,0,202014,4,0
1,0,0,0,2,6,10242,306,0,0,0,0,0,252754,3,0
0,0,0,0,18,7,10243,306,0,0,0,0,0,231926,3,0
5,0,0,1,21,23,10244,306,0,0,0,0,0,251219,3,0
1,0,0,0,7,13,10245,306,0,0,0,0,0,236364,3,0
0,0,0,0,16,15,10246,306,0,0,0,0,0,221534,3,0
1,0,0,0,22,27,10247,306,0,0,0,0,0,240978,2,0
12,1,0,1,24,25,10248,306,0,0,0,0,0,260951,2,0
1,0,0,0,19,28,10249,306,0,0,0,0,0,273571,3,0
0,0,0,0,5,28,10250,306,0,0,0,0,0,231303,3,0
2,0,0,1,3,28,10251,306,0,0,0,0,0,211978,4,0
0,0,0,0,11,28,10252,306,0,0,0,0,0,209526,3,0
0,0,0,0,25,28,10253,306,0,0,0,0,0,227570,3,0
4,0,0,1,10,28,10254,306,0,0,0,0,0,183544,3,0
8,0,0,1,9,28,10255,306,0,0,0,0,0,198543,3,0
1,0,0,0,29,28,10256,306,0,0,0,0,0,218744,4,0
1,0,0,0,15,28,10257,306,0,0,0,0,0,259472,3,0
1,0,0,0,20,28,10258,306,0,0,0,0,0,207491,3,0
0,0,0,0,8,28,10259,306,0,0,0,0,0,225998,3,0
1,0,0,0,17,28,10260,306,0,0,0,0,0,202465,3,0
0,0,0,0,34,29,10261,306,0,0,0,0,0,261876,3,0
1,0,0,0,27,29,10262,306,0,0,0,0,0,277852,3,0
0,0,0,0,32,29,10263,306,0,0,0,0,0,71146,3,0
1,0,0,0,36,29,10264,306,0,0,0,0,0,223104,3,0
0,0,0,0,94,0,10265,423,0,0,0,0,0,244191,3,0
0,0,0,0,21,3,10266,423,0,0,0,0,0,258122,3,0
3,0,0,1,4,4,10267,423,0,0,0,0,0,246079,5,0
1,0,0,0,5,6,10268,423,0,0,0,0,0,251178,3,0
1,0,0,0,3,7,10269,423,0,0,0,0,0,227182,3,0
3,0,0,1,8,10,10270,423,0,0,0,0,0,202819,3,0
1,0,0,0,26,23,10271,423,0,0,0,0,0,230847,5,0
2,0,0,0,6,13,10272,423,0,0,0,0,0,242230,5,0
5,0,0,1,14,15,10273,423,0,0,0,0,0,243764,5,0
6,0,0,1,20,27,10274,423,0,0,0,0,0,229249,4,0
6,0,0,1,9,25,10275,423,0,0,0,0,0,276346,3,0
0,0,0,0,10,28,10276,423,0,0,0,0,0,263098,3,0
3,0,0,1,24,28,10277,423,0,0,0,0,0,70744,3,0
1,0,0,0,30,28,10278,423,0,0,0,0,0,260885,5,0
0,0,0,0,23,28,10279,423,0,0,0,0,0,210392,3,0
0,0,0,0,1,28,10280,423,0,0,0,0,0,208697,3,0
1,0,0,0,12,28,10281,423,0,0,0,0,0,247371,3,0
2,0,0,0,19,28,10282,423,0,0,0,0,0,267425,3,0
0,0,0,0,16,28,10283,423,0,0,0,0,0,236495,3,0
0,0,0,0,17,28,10284,423,0,0,0,0,0,239642,3,0
1,0,0,0,22,28,10285,423,0,0,0,0,0,273027,3,0
1,0,0,0,11,28,10286,423,0,0,0,0,0,247000,3,0
2,0,0,0,18,28,10287,423,0,0,0,0,0,237863,3,0
0,0,0,0,29,29,10288,423,0,0,0,0,0,264475,3,0
0,0,0,0,38,29,10289,423,0,0,0,0,0,72714,3,0
0,0,0,0,28,29,10290,423,0,0,0,0,0,276749,3,0
0,0,0,0,1,0,10291,445,0,0,0,0,0,242229,3,0
0,0,0,0,20,3,10292,445,0,0,0,0,0,201908,1,0
1,0,0,0,6,4,10293,445,0,0,0,0,0,198497,3,0
0,0,0,0,16,6,10294,445,0,0,0,0,0,198485,3,0
1,0,0,0,3,7,10295,445,0,0,0,0,0,231674,3,0
1,0,0,0,15,9,10296,445,0,0,0,0,0,230081,3,0
1,0,0,0,28,11,10297,445,0,0,0,0,0,246136,3,0
3,0,0,1,12,12,10298,445,0,0,0,0,0,227953,2,0
5,0,0,1,7,16,10299,445,0,0,0,0,0,210263,2,0
6,0,0,1,8,18,10300,445,0,0,0,0,0,229718,3,0
13,1,0,1,9,25,10301,445,0,0,0,1,0,200845,2,0
0,0,0,0,19,28,10302,445,0,0,0,0,0,230070,3,0
1,0,0,0,14,28,10303,445,0,0,0,0,0,235650,3,0
2,0,0,0,2,28,10304,445,0,0,0,0,0,253943,3,0
1,0,0,0,23,28,10305,445,0,0,0,0,0,221167,3,0
0,0,0,0,26,28,10306,445,0,0,0,0,0,227545,3,0
0,0,0,0,10,28,10307,445,0,0,0,0,0,201484,3,0
1,0,0,0,27,28,10308,445,0,0,0,0,0,242638,3,0
7,0,0,1,21,28,10309,445,0,0,0,0,0,244321,2,0
0,0,0,0,11,28,10310,445,0,0,0,0,0,267768,3,0
0,0,0,0,25,28,10311,445,0,0,0,0,0,247098,3,0
1,0,0,0,29,28,10312,445,0,0,0,0,0,251271,3,0
0,0,0,0,39,28,10313,445,0,0,0,0,0,277023,3,0
0,0,0,0,40,29,10314,445,0,0,0,0,0,277020,3,0
0,0,0,0,1,0,10315,563,0,0,0,0,0,237927,4,0
0,0,0,0,2,3,10316,563,0,0,0,0,0,241583,3,0
0,0,0,0,5,4,10317,563,0,0,0,0,0,257238,3,0
0,0,0,0,15,6,10318,563,0,0,0,0,0,264695,4,0
2,0,0,1,3,7,10319,563,0,0,0,0,0,243637,4,0
3,0,0,1,27,9,10320,563,0,0,0,0,0,248723,4,0
1,0,0,0,8,11,10321,563,0,0,0,0,0,243596,3,0
3,0,0,1,25,12,10322,563,0,0,0,0,0,242984,3,0
2,0,0,1,7,16,10323,563,0,0,0,0,0,241582,4,0
9,1,0,1,4,18,10324,563,0,0,0,0,0,240535,3,0
7,0,0,1,9,25,10325,563,0,0,0,0,0,70520,3,0
0,0,0,0,10,28,10326,563,0,0,0,0,0,240772,3,0
0,0,0,0,17,28,10327,563,0,0,0,0,0,274390,4,0
0,0,0,0,21,28,10328,563,0,0,0,0,0,237926,3,0
0,0,0,0,46,28,10329,563,0,0,0,0,0,278641,3,0
0,0,0,0,30,28,10330,563,0,0,0,0,0,138431,3,0
1,0,0,0,34,28,10331,563,0,0,0,0,0,271093,3,0
0,0,0,0,18,28,10332,563,0,0,0,0,0,274215,3,0
1,0,0,0,11,28,10333,563,0,0,0,0,0,73571,3,0
0,0,0,0,47,28,10334,563,0,0,0,0,0,277997,3,0
0,0,0,0,56,28,10335,563,0,0,0,0,0,278164,3,0
0,0,0,0,38,28,10336,563,0,0,0,0,0,72719,3,0
0,0,0,0,52,28,10337,563,0,0,0,0,0,278511,3,0
0,0,0,0,74,29,10338,563,0,0,0,0,0,72716,3,0
0,0,0,0,24,0,10339,753,0,0,0,0,0,229046,3,0
2,0,0,1,2,3,10340,753,0,0,0,0,0,253760,3,0
0,0,0,0,5,4,10341,753,0,0,0,0,0,252835,2,0
2,0,0,1,15,5,10342,753,0,0,0,0,0,233375,4,0
0,0,0,0,17,6,10343,753,0,0,0,0,0,248770,2,0
0,0,0,0,3,7,10344,753,0,0,0,0,0,251283,3,0
0,0,0,0,6,10,10345,753,0,0,0,0,0,71386,3,0
3,0,0,1,27,13,10346,753,0,0,0,0,0,71148,4,0
0,0,0,0,8,15,10347,753,0,0,0,0,0,251262,3,0
1,0,0,0,20,24,10348,753,0,0,0,0,0,277924,2,0
12,1,0,1,9,26,10349,753,0,0,0,0,0,183807,2,0
4,0,0,1,21,28,10350,753,0,0,0,0,0,71606,3,0
1,0,0,0,4,28,10351,753,0,0,0,0,0,255990,3,0
1,0,0,0,18,28,10352,753,0,0,0,0,0,237677,3,0
0,0,0,0,53,28,10353,753,0,0,0,0,0,242639,3,0
0,0,0,0,31,28,10354,753,0,0,0,0,0,228582,2,0
3,0,0,1,10,28,10355,753,0,0,0,0,0,250815,3,0
2,0,0,1,7,28,10356,753,0,0,0,0,0,259250,3,0
0,0,0,0,14,28,10357,753,0,0,0,0,0,266652,3,0
1,0,0,0,19,28,10358,753,0,0,0,0,0,272401,3,0
0,0,0,0,22,28,10359,753,0,0,0,0,0,268103,3,0
0,0,0,0,36,28,10360,753,0,0,0,0,0,268405,3,0
0,0,0,0,23,28,10361,753,0,0,0,0,0,276757,3,0
0,0,0,0,38,29,10362,753,0,0,0,0,0,72990,3,0
0,0,0,0,1,29,10363,753,0,0,0,0,0,232149,3,0
0,0,0,0,26,29,10364,753,0,0,0,0,0,71149,3,0
0,0,0,0,25,29,10365,753,0,0,0,0,0,276927,3,0
0,0,0,0,1,0,10366,834,0,0,0,0,0,246987,2,0
0,0,0,0,2,3,10367,834,0,0,0,0,0,203095,2,0
0,0,0,0,29,4,10368,834,0,0,0,0,0,205139,3,0
0,0,0,0,5,6,10369,834,0,0,0,0,0,218585,3,0
1,0,0,0,3,7,10370,834,0,0,0,0,0,240473,2,0
1,0,0,0,14,12,10371,834,0,0,0,0,0,226429,3,0
3,0,0,1,27,13,10372,834,0,0,0,0,0,267771,2,0
2,0,0,1,8,15,10373,834,0,0,0,0,0,246591,2,0
1,0,0,0,77,16,10374,834,0,0,0,0,0,241382,2,0
4,0,0,1,10,24,10375,834,0,0,0,0,0,243127,3,0
7,0,0,1,9,26,10376,834,0,0,0,0,0,230722,3,0
1,0,0,0,67,28,10377,834,0,0,0,0,0,234227,3,0
0,0,0,0,6,28,10378,834,0,0,0,0,0,236379,3,0
0,0,0,0,7,28,10379,834,0,0,0,0,0,263650,3,0
0,0,0,0,4,28,10380,834,0,0,0,0,0,253421,2,0
0,0,0,0,19,28,10381,834,0,0,0,0,0,267736,3,0
2,0,0,1,11,28,10382,834,0,0,0,0,0,233950,3,0
1,0,0,0,16,28,10383,834,0,0,0,0,0,209475,2,0
1,0,0,0,48,28,10384,834,0,0,0,0,0,203491,3,0
0,0,0,0,15,28,10385,834,0,0,0,0,0,238197,3,0
0,0,0,0,22,28,10386,834,0,0,0,0,0,246693,3,0
0,0,0,0,1,0,10387,837,0,0,0,0,0,252788,3,0
0,0,0,0,36,3,10388,837,0,0,0,0,0,256964,3,0
0,0,0,0,4,4,10389,837,0,0,0,0,0,199010,2,0
1,0,0,0,38,6,10390,837,0,0,0,0,0,259234,4,0
2,0,0,1,23,7,10391,837,0,0,0,0,0,207868,3,0
0,0,0,0,27,9,10392,837,0,0,0,0,0,262517,3,0
1,0,0,0,39,11,10393,837,0,0,0,0,0,261288,2,0
3,0,0,1,11,12,10394,837,0,0,0,0,0,261677,3,0
4,0,0,1,7,16,10395,837,0,0,0,0,0,202663,3,0
4,0,0,1,8,18,10396,837,0,0,0,0,0,200134,2,0
2,0,0,1,24,25,10397,837,0,0,0,0,0,274826,3,0
0,0,0,0,6,28,10398,837,0,0,0,0,0,70574,3,0
0,0,0,0,17,28,10399,837,0,0,0,0,0,252063,3,0
0,0,0,0,15,28,10400,837,0,0,0,0,0,264151,3,0
0,0,0,0,26,28,10401,837,0,0,0,0,0,71800,3,0
0,0,0,0,16,28,10402,837,0,0,0,0,0,259226,3,0
0,0,0,0,21,28,10403,837,0,0,0,0,0,234375,3,0
0,0,0,0,22,28,10404,837,0,0,0,0,0,244053,3,0
0,0,0,0,10,28,10405,837,0,0,0,0,0,262034,3,0
6,0,0,1,9,28,10406,837,0,0,0,0,0,256264,2,0
1,0,0,0,40,28,10407,837,0,0,0,0,0,266209,3,0
0,0,0,0,28,28,10408,837,0,0,0,0,0,265575,3,0
0,0,0,0,3,28,10409,837,0,0,0,0,0,71136,3,0
0,0,0,0,25,29,10410,837,0,0,0,0,0,71490,3,0
0,0,0,0,37,29,10411,837,0,0,0,0,0,72985,3,0
0,0,0,0,18,29,10412,837,0,0,0,0,0,260260,3,0
0,0,0,0,12,29,10413,837,0,0,0,0,0,140300,3,0
0,0,0,0,31,29,10414,837,0,0,0,0,0,72988,3,0
0,0,0,0,1,0,10415,1571,0,0,0,0,0,157407,3,0
0,0,0,0,33,3,10416,1571,0,0,0,0,0,71384,3,0
0,0,0,0,26,4,10417,1571,0,0,0,0,0,208771,3,0
1,0,0,0,5,6,10418,1571,0,0,0,0,0,228108,4,0
0,0,0,0,8,7,10419,1571,0,0,0,0,0,198190,3,0
1,0,0,0,20,12,10420,1571,0,0,0,0,0,200844,3,0
1,0,0,0,22,13,10421,1571,0,0,0,0,0,202731,3,0
1,0,0,0,17,15,10422,1571,0,0,0,0,0,71138,2,0
3,0,0,1,24,16,10423,1571,0,0,0,0,0,71142,2,0
4,0,0,1,15,24,10424,1571,0,0,0,0,0,71141,4,0
8,0,0,1,7,26,10425,1571,0,0,0,0,0,200404,3,0
3,0,0,1,6,28,10426,1571,0,0,0,0,0,230642,3,0
2,0,0,1,4,28,10427,1571,0,0,0,0,0,251416,3,0
0,0,0,0,3,28,10428,1571,0,0,0,0,0,223091,3,0
1,0,0,0,2,28,10429,1571,0,0,0,0,0,206473,3,0
0,0,0,0,40,28,10430,1571,0,0,0,0,0,72989,3,0
0,0,0,0,11,28,10431,1571,0,0,0,0,0,242682,3,0
1,0,0,0,10,28,10432,1571,0,0,0,0,0,71140,3,0
1,0,0,0,19,28,10433,1571,0,0,0,0,0,71137,3,0
0,0,0,0,21,28,10434,1571,0,0,0,0,0,226006,3,0
0,0,0,0,9,28,10435,1571,0,0,0,0,0,241977,3,0
0,0,0,0,18,28,10436,1571,0,0,0,0,0,243688,3,0
0,0,0,0,16,28,10437,1571,0,0,0,0,0,244701,3,0
0,0,0,0,27,29,10438,1571,0,0,0,0,0,71798,3,0
0,0,0,0,36,0,10439,1572,0,0,0,0,0,261284,3,0
1,0,0,0,2,3,10440,1572,0,0,0,0,0,271099,4,0
2,0,0,1,4,4,10441,1572,0,0,0,0,0,259300,2,0
0,0,0,0,15,5,10442,1572,0,0,0,0,0,190033,3,0
0,0,0,0,18,6,10443,1572,0,0,0,0,0,73542,3,0
1,0,0,0,23,7,10444,1572,0,0,0,0,0,236845,3,0
0,0,0,0,21,13,10445,1572,0,0,0,0,0,260881,3,0
0,0,0,0,19,15,10446,1572,0,0,0,0,0,198990,3,0
1,0,0,0,7,18,10447,1572,0,0,0,0,0,227082,2,0
6,0,0,1,10,24,10448,1572,0,0,0,0,0,269954,4,0
10,1,0,1,9,26,10449,1572,0,0,0,0,0,279537,5,0
0,0,0,0,8,28,10450,1572,0,0,0,0,0,181725,3,0
4,0,0,1,11,28,10451,1572,0,0,0,0,0,258474,3,0
1,0,0,0,22,28,10452,1572,0,0,0,0,0,261287,3,0
1,0,0,0,6,28,10453,1572,0,0,0,0,0,237889,3,0
0,0,0,0,27,28,10454,1572,0,0,0,0,0,70720,3,0
3,0,0,1,16,28,10455,1572,0,0,0,0,0,71134,3,0
1,0,0,0,24,28,10456,1572,0,0,0,0,0,274456,3,0
1,0,0,0,17,28,10457,1572,0,0,0,0,0,255628,3,0
0,0,0,0,49,28,10458,1572,0,0,0,0,0,70521,3,0
0,0,0,0,1,28,10459,1572,0,0,0,0,0,274852,3,0
0,0,0,0,5,28,10460,1572,0,0,0,0,0,73946,3,0
0,0,0,0,14,28,10461,1572,0,0,0,0,0,261667,3,0
0,0,0,0,32,29,10462,1572,0,0,0,0,0,271082,3,0
0,0,0,0,30,29,10463,1572,0,0,0,0,0,274840,3,0
0,0,0,0,25,29,10464,1572,0,0,0,0,0,278165,3,0
0,0,0,0,31,29,10465,1572,0,0,0,0,0,278646,3,0
0,0,0,0,26,29,10466,1572,0,0,0,0,0,72564,3,0
0,0,0,0,40,29,10467,1572,0,0,0,0,0,276541,3,0
0,0,0,0,12,29,10468,1572,0,0,0,0,0,278556,3,0
0,0,0,0,20,29,10469,1572,0,0,0,0,0,73363,3,0
0,0,0,0,1,0,10470,301,0,0,0,0,0,194333,4,0
0,0,0,0,62,3,10471,301,0,0,0,0,0,70973,3,0
1,0,0,1,4,4,10472,301,0,0,0,0,0,244891,2,0
0,0,0,0,15,6,10473,301,0,0,0,0,0,245159,3,0
0,0,0,0,3,7,10474,301,0,0,0,0,0,73048,3,0
0,0,0,0,25,10,10475,301,0,0,0,0,0,204111,3,0
0,0,0,0,92,23,10476,301,0,0,0,0,0,210427,3,0
3,0,0,1,10,13,10477,301,0,0,0,0,0,269632,2,0
0,0,0,0,8,15,10478,301,0,0,0,0,0,244235,3,0
0,0,0,0,47,27,10479,301,0,0,0,0,0,276067,3,0
5,1,0,1,9,25,10480,301,0,0,0,0,0,276735,2,0
0,0,0,0,44,28,10481,301,0,0,0,0,0,254472,3,0
0,0,0,0,37,28,10482,301,0,0,0,0,0,212249,3,0
0,0,0,0,5,28,10483,301,0,0,0,0,0,263740,3,0
0,0,0,0,2,28,10484,301,0,0,0,0,0,237845,3,0
0,0,0,0,31,28,10485,301,0,0,0,0,0,262646,3,0
0,0,0,0,99,28,10486,301,0,0,0,0,0,270497,3,0
0,0,0,0,6,28,10487,301,0,0,0,0,0,269616,3,0
3,0,0,1,7,28,10488,301,0,0,0,0,0,215581,3,0
0,0,0,0,17,28,10489,301,0,0,0,0,0,244505,3,0
1,0,0,1,77,28,10490,301,0,0,0,0,0,257165,2,0
0,0,0,0,78,28,10491,301,0,0,0,0,0,70968,2,0
0,0,0,0,91,28,10492,301,0,0,0,0,0,72907,2,0
0,0,0,0,21,29,10493,301,0,0,0,0,0,279184,3,0
0,0,0,0,33,29,10494,301,0,0,0,0,0,276354,3,0
0,0,0,0,19,29,10495,301,0,0,0,0,0,201114,3,0
0,0,0,0,25,0,10496,420,0,0,0,0,0,201035,3,0
1,0,0,1,22,3,10497,420,0,0,0,0,0,251642,3,0
0,0,0,0,26,4,10498,420,0,0,0,0,0,201132,3,0
1,0,0,1,20,6,10499,420,0,0,0,0,0,236304,3,0
0,0,0,0,64,7,10500,420,0,0,0,0,0,225996,4,0
2,0,0,1,6,9,10501,420,0,0,0,0,0,239930,3,0
0,0,0,0,8,11,10502,420,0,0,0,0,0,255343,4,0
1,0,0,1,16,12,10503,420,0,0,0,0,0,204687,3,0
1,0,0,1,11,16,10504,420,0,0,0,0,0,267467,2,0
2,0,0,1,10,18,10505,420,0,0,0,0,0,150516,4,0
0,0,0,0,44,25,10506,420,0,0,0,0,0,247388,3,0
2,0,0,1,7,28,10507,420,0,0,0,0,0,230046,2,0
0,0,0,0,18,28,10508,420,0,0,0,0,0,271984,3,0
0,0,0,0,5,28,10509,420,0,0,0,0,0,263262,3,0
0,0,0,0,27,28,10510,420,0,0,0,0,0,277589,2,0
0,0,0,0,1,28,10511,420,0,0,0,0,0,244551,3,0
1,0,0,1,17,28,10512,420,0,0,0,0,0,276877,3,0
0,0,0,0,88,28,10513,420,0,0,0,0,0,265797,3,0
1,0,0,1,15,28,10514,420,0,0,0,0,0,258604,3,0
0,0,0,0,9,28,10515,420,0,0,0,0,0,230623,3,0
0,0,0,0,30,28,10516,420,0,0,0,0,0,267428,3,0
0,0,0,0,14,28,10517,420,0,0,0,0,0,72257,3,0
0,0,0,0,28,28,10518,420,0,0,0,0,0,74011,3,0
0,0,0,0,19,29,10519,420,0,0,0,0,0,278974,3,0
0,0,0,0,41,0,10520,873,0,0,0,0,0,235304,3,0
0,0,0,0,2,3,10521,873,0,0,0,0,0,258276,2,0
0,0,0,0,3,4,10522,873,0,0,0,0,0,70084,4,0
0,0,0,0,16,6,10523,873,0,0,0,0,0,226518,3,0
0,0,0,0,5,7,10524,873,0,0,0,0,0,213959,3,0
3,0,0,1,10,12,10525,873,0,0,0,0,0,254148,2,0
0,0,0,0,43,13,10526,873,0,0,0,0,0,261108,3,0
0,0,0,0,22,15,10527,873,0,0,0,0,0,209417,3,0
4,0,0,1,21,16,10528,873,0,0,0,0,0,247144,2,0
3,0,0,1,7,18,10529,873,0,0,0,0,0,258698,4,0
6,1,0,1,9,25,10530,873,0,0,0,0,0,206626,4,0
0,0,0,0,33,28,10531,873,0,0,0,0,0,263383,3,0
1,0,0,0,24,28,10532,873,0,0,0,0,0,220912,3,0
0,0,0,0,18,28,10533,873,0,0,0,0,0,189558,3,0
0,0,0,0,20,28,10534,873,0,0,0,0,0,261762,3,0
0,0,0,0,35,28,10535,873,0,0,0,0,0,208894,3,0
2,0,0,1,17,28,10536,873,0,0,0,0,0,252494,3,0
1,0,0,0,8,28,10537,873,0,0,0,0,0,243551,3,0
0,0,0,0,11,28,10538,873,0,0,0,0,0,271326,3,0
0,0,0,0,50,28,10539,873,0,0,0,0,0,230972,3,0
0,0,0,0,25,28,10540,873,0,0,0,0,0,224838,3,0
0,0,0,0,55,28,10541,873,0,0,0,0,0,270540,3,0
0,0,0,0,15,28,10542,873,0,0,0,0,0,274830,3,0
0,0,0,0,19,29,10543,873,0,0,0,0,0,251884,3,0
0,0,0,0,90,29,10544,873,0,0,0,0,0,72095,3,0
0,0,0,0,31,29,10545,873,0,0,0,0,0,276730,3,0
0,0,0,0,56,29,10546,873,0,0,0,0,0,70963,3,0
0,0,0,0,1,0,10547,1871,0,0,0,0,0,262251,4,0
1,0,0,1,12,4,10548,1871,0,0,0,0,0,234813,3,0
1,0,0,1,8,5,10549,1871,0,0,0,0,0,218985,3,0
0,0,0,0,3,6,10550,1871,0,0,0,0,0,269507,3,0
0,0,0,0,11,23,10551,1871,0,0,0,0,0,255779,3,0
1,0,0,1,13,12,10552,1871,0,0,0,0,0,203568,3,0
0,0,0,0,22,13,10553,1871,0,0,0,0,0,257956,3,0
4,0,0,1,67,15,10554,1871,0,0,0,0,0,216003,4,0
0,0,0,0,19,16,10555,1871,0,0,0,0,0,235172,5,0
2,0,0,1,82,27,10556,1871,0,0,0,0,0,244186,4,0
2,0,0,1,28,25,10557,1871,0,0,0,0,0,236692,4,0
0,0,0,0,5,28,10558,1871,0,0,0,0,0,219780,3,0
0,0,0,0,21,28,10559,1871,0,0,0,0,0,264414,3,0
0,0,0,0,55,28,10560,1871,0,0,0,0,0,177790,3,0
0,0,0,0,42,28,10561,1871,0,0,0,0,0,259581,3,0
0,0,0,0,27,28,10562,1871,0,0,0,0,0,269707,3,0
1,0,0,1,17,28,10563,1871,0,0,0,0,0,263675,3,0
0,0,0,0,23,28,10564,1871,0,0,0,0,0,239505,3,0
0,0,0,0,7,28,10565,1871,0,0,0,0,0,184290,2,0
1,0,0,1,77,28,10566,1871,0,0,0,0,0,240240,3,0
0,0,0,0,4,28,10567,1871,0,0,0,0,0,252527,3,0
1,0,0,1,25,28,10568,1871,0,0,0,0,0,255855,3,0
0,0,0,0,99,28,10569,1871,0,0,0,0,0,274865,3,0
0,0,0,0,31,29,10570,1871,0,0,0,0,0,73046,3,0
0,0,0,0,6,29,10571,1871,0,0,0,0,0,269262,3,0
0,0,0,0,24,29,10572,1871,0,0,0,0,0,276680,3,0
1,0,0,1,53,29,10573,1871,0,0,0,0,0,71485,3,0
0,0,0,0,71,29,10574,1871,0,0,0,0,0,72255,3,0
0,0,0,0,80,29,10575,1871,0,0,0,0,0,72256,3,0
0,0,0,0,20,29,10576,1871,0,0,0,0,0,74399,3,0
0,0,0,0,1,0,10577,110206,0,0,0,0,0,216110,3,0
3,0,0,1,4,4,10578,110206,0,0,0,0,0,244160,4,0
0,0,0,0,6,5,10579,110206,0,0,0,0,0,227738,4,0
0,0,0,0,14,6,10580,110206,0,0,0,0,0,219303,3,0
1,0,0,0,23,12,10581,110206,0,0,0,0,0,236459,5,0
3,0,0,1,5,13,10582,110206,0,0,0,0,0,243870,5,0
0,0,0,0,22,15,10583,110206,0,0,0,0,0,244167,3,0
0,0,0,0,16,16,10584,110206,0,0,0,0,0,72598,3,0
1,0,0,0,27,17,10585,110206,0,0,0,0,0,235471,5,0
0,0,0,0,8,19,10586,110206,0,0,0,0,0,233470,3,0
2,0,0,1,99,25,10587,110206,0,0,0,0,0,239627,3,0
1,0,0,0,11,28,10588,110206,0,0,0,0,0,194769,3,0
2,0,0,1,17,28,10589,110206,0,0,0,0,0,257664,3,0
2,0,0,1,77,28,10590,110206,0,0,0,0,0,275233,4,0
0,0,0,0,2,28,10591,110206,0,0,0,0,0,70928,3,0
0,0,0,0,32,28,10592,110206,0,0,0,0,0,257669,3,0
2,0,0,1,7,28,10593,110206,0,0,0,0,0,241921,4,0
0,0,0,0,10,28,10594,110206,0,0,0,0,0,207905,3,0
0,0,0,0,30,28,10595,110206,0,0,0,0,0,239768,4,0
1,0,0,0,74,28,10596,110206,0,0,0,0,0,267614,4,0
0,0,0,0,21,28,10597,110206,0,0,0,0,0,72594,3,0
0,0,0,0,18,28,10598,110206,0,0,0,0,0,234897,3,0
0,0,0,0,13,28,10599,110206,0,0,0,0,0,72593,3,0
0,0,0,0,20,29,10600,110206,0,0,0,0,0,239244,3,0
0,0,0,0,28,29,10601,110206,0,0,0,0,0,72601,3,0
0,0,0,0,33,29,10602,110206,0,0,0,0,0,72590,3,0
0,0,0,0,1,0,10603,110745,0,0,0,0,0,224543,3,0
0,0,0,0,16,3,10604,110745,0,0,0,0,0,239808,4,0
1,0,0,0,72,4,10605,110745,0,0,0,0,0,248508,3,0
0,0,0,0,17,6,10606,110745,0,0,0,0,0,236508,4,0
0,0,0,0,44,7,10607,110745,0,0,0,0,0,242629,3,0
1,0,0,0,6,9,10608,110745,0,0,0,0,0,224336,3,0
1,0,0,0,8,11,10609,110745,0,0,0,0,0,251486,3,0
0,0,0,0,21,12,10610,110745,0,0,0,0,0,251545,2,0
2,0,0,1,99,16,10611,110745,0,0,0,0,0,201268,3,0
3,0,0,1,11,18,10612,110745,0,0,0,0,0,224146,4,0
3,0,0,1,10,25,10613,110745,0,0,0,0,0,239267,2,0
3,0,0,1,14,28,10614,110745,0,0,0,0,0,223307,4,0
0,0,0,0,29,28,10615,110745,0,0,0,0,0,228751,3,0
1,0,0,0,82,28,10616,110745,0,0,0,0,0,262986,3,0
0,0,0,0,4,28,10617,110745,0,0,0,0,0,260648,3,0
0,0,0,0,50,28,10618,110745,0,0,0,0,0,267994,5,0
2,0,0,1,9,28,10619,110745,0,0,0,0,0,244762,3,0
0,0,0,0,39,28,10620,110745,0,0,0,0,0,243516,3,0
0,0,0,0,3,28,10621,110745,0,0,0,0,0,273855,3,0
1,0,0,0,20,28,10622,110745,0,0,0,0,0,262726,2,0
0,0,0,0,22,28,10623,110745,0,0,0,0,0,74987,3,0
0,0,0,0,5,28,10624,110745,0,0,0,0,0,74953,3,0
0,0,0,0,51,28,10625,110745,0,0,0,0,0,277122,3,0
0,0,0,0,66,29,10626,110745,0,0,0,0,0,278112,3,0
0,0,0,0,77,0,10627,110746,0,0,0,0,0,236330,4,0
0,0,0,0,28,3,10628,110746,0,0,0,0,0,213933,3,0
0,0,0,0,23,4,10629,110746,0,0,0,0,0,223426,4,0
0,0,0,0,33,6,10630,110746,0,0,0,0,0,244755,3,0
0,0,0,0,32,7,10631,110746,0,0,0,0,0,239106,3,0
1,0,0,1,8,10,10632,110746,0,0,0,0,0,194149,3,0
1,0,0,1,22,12,10633,110746,0,0,0,0,0,266277,4,0
2,0,0,1,19,13,10634,110746,0,0,0,0,0,73311,3,0
4,0,0,1,20,15,10635,110746,0,0,0,0,0,199215,2,0
1,0,0,1,11,16,10636,110746,0,0,0,0,0,177922,3,0
6,1,0,1,9,25,10637,110746,0,0,0,0,0,222544,3,0
0,0,0,0,7,28,10638,110746,0,0,0,0,0,221791,3,0
0,0,0,0,21,28,10639,110746,0,0,0,0,0,228782,3,0
1,0,0,1,4,28,10640,110746,0,0,0,0,0,270764,4,0
0,0,0,0,68,28,10641,110746,0,0,0,0,0,274213,3,0
0,0,0,0,31,28,10642,110746,0,0,0,0,0,210422,3,0
1,0,0,1,51,28,10643,110746,0,0,0,0,0,279626,3,0
0,0,0,0,61,28,10644,110746,0,0,0,0,0,252506,3,0
0,0,0,0,10,28,10645,110746,0,0,0,0,0,274444,3,0
0,0,0,0,15,28,10646,110746,0,0,0,0,0,252509,3,0
0,0,0,0,13,28,10647,110746,0,0,0,0,0,266437,3,0
0,0,0,0,25,28,10648,110746,0,0,0,0,0,209415,3,0
0,0,0,0,17,28,10649,110746,0,0,0,0,0,73310,3,0
0,0,0,0,27,29,10650,110746,0,0,0,0,0,276884,2,0
0,0,0,0,27,0,10651,110747,0,0,0,0,0,232131,2,0
3,0,0,1,5,4,10652,110747,0,0,0,0,0,248105,2,0
0,0,0,0,15,5,10653,110747,0,0,0,0,0,190547,3,0
0,0,0,0,22,6,10654,110747,0,0,0,0,0,266125,3,0
1,0,0,0,25,12,10655,110747,0,0,0,0,0,235005,3,0
0,0,0,0,8,13,10656,110747,0,0,0,0,0,245429,3,0
0,0,0,0,6,15,10657,110747,0,0,0,0,0,261298,3,0
2,0,0,1,11,16,10658,110747,0,0,0,0,0,225133,2,0
0,0,0,0,10,17,10659,110747,0,0,0,0,0,244550,3,0
1,0,0,0,18,19,10660,110747,0,0,0,0,0,276395,3,0
5,1,0,1,9,25,10661,110747,0,0,0,0,0,245582,4,0
3,0,0,1,7,28,10662,110747,0,0,0,0,0,204506,4,0
2,0,0,1,24,28,10663,110747,0,0,0,0,0,238940,4,0
0,0,0,0,77,28,10664,110747,0,0,0,0,0,257621,3,0
1,0,0,0,19,28,10665,110747,0,0,0,0,0,254537,3,0
0,0,0,0,26,28,10666,110747,0,0,0,0,0,72948,3,0
0,0,0,0,88,28,10667,110747,0,0,0,0,0,244212,3,0
1,0,0,0,17,28,10668,110747,0,0,0,0,0,238776,3,0
2,0,0,1,14,28,10669,110747,0,0,0,0,0,254333,4,0
0,0,0,0,3,28,10670,110747,0,0,0,0,0,233212,3,0
0,0,0,0,13,28,10671,110747,0,0,0,0,0,222908,3,0
0,0,0,0,16,28,10672,110747,0,0,0,0,0,72976,3,0
0,0,0,0,72,28,10673,110747,0,0,0,0,0,279893,3,0
0,0,0,0,21,29,10674,110747,0,0,0,0,0,277009,3,0
0,0,0,0,30,0,10675,110749,0,0,0,0,0,219967,4,0
0,0,0,0,2,3,10676,110749,0,0,0,0,0,201081,3,0
0,0,0,0,25,4,10677,110749,0,0,0,0,0,214884,1,0
0,0,0,0,5,6,10678,110749,0,0,0,0,0,257649,3,0
0,0,0,0,55,7,10679,110749,0,0,0,0,0,257471,3,0
0,0,0,0,6,9,10680,110749,0,0,0,0,0,235101,3,0
0,0,0,0,8,11,10681,110749,0,0,0,0,0,198046,4,0
3,0,0,1,21,12,10682,110749,0,0,0,0,0,263245,4,0
0,0,0,0,17,16,10683,110749,0,0,0,0,0,222329,3,0
0,0,0,0,77,18,10684,110749,0,0,0,0,0,256578,3,0
1,0,0,1,90,25,10685,110749,0,0,0,0,0,239779,3,0
1,0,0,1,15,28,10686,110749,0,0,0,0,0,232181,3,0
0,0,0,0,13,28,10687,110749,0,0,0,0,0,262691,3,0
0,0,0,0,27,28,10688,110749,0,0,0,0,0,263244,3,0
1,0,0,1,31,28,10689,110749,0,0,0,0,0,277034,5,0
0,0,0,0,1,28,10690,110749,0,0,0,0,0,190698,3,0
1,0,0,1,9,28,10691,110749,0,0,0,0,0,265701,3,0
0,0,0,0,11,28,10692,110749,0,0,0,0,0,201172,3,0
0,0,0,0,18,28,10693,110749,0,0,0,0,0,262699,3,0
1,0,0,1,7,28,10694,110749,0,0,0,0,0,276068,3,0
0,0,0,0,33,28,10695,110749,0,0,0,0,0,223306,3,0
0,0,0,0,34,28,10696,110749,0,0,0,0,0,73440,3,0
0,0,0,0,26,28,10697,110749,0,0,0,0,0,73490,3,0
0,0,0,0,23,29,10698,110749,0,0,0,0,0,265631,3,0
0,0,0,0,20,29,10699,110749,0,0,0,0,0,75101,3,0
0,0,0,0,80,29,10700,110749,0,0,0,0,0,74453,3,0
0,0,0,0,1,0,10701,111083,0,0,0,0,0,256953,3,0
0,0,0,0,2,3,10702,111083,0,0,0,0,0,254294,3,0
0,0,0,0,4,4,10703,111083,0,0,0,0,0,199684,3,0
0,0,0,0,66,6,10704,111083,0,0,0,0,0,220616,3,0
0,0,0,0,28,7,10705,111083,0,0,0,0,0,235573,3,0
0,0,0,0,18,10,10706,111083,0,0,0,0,0,262943,3,0
0,0,0,0,71,12,10707,111083,0,0,0,0,0,243690,2,0
0,0,0,0,8,13,10708,111083,0,0,0,0,0,231923,3,0
0,0,0,0,11,15,10709,111083,0,0,0,0,0,211243,3,0
1,0,0,1,7,16,10710,111083,0,0,0,0,0,242509,3,0
3,0,0,1,20,25,10711,111083,0,0,0,0,0,231601,2,0
3,0,0,1,27,28,10712,111083,0,0,0,0,0,224538,2,0
0,0,0,0,98,28,10713,111083,0,0,0,0,0,257887,3,0
1,0,0,1,10,28,10714,111083,0,0,0,0,0,72896,4,0
1,0,0,1,5,28,10715,111083,0,0,0,0,0,252913,4,0
0,0,0,0,73,28,10716,111083,0,0,0,0,0,244813,3,0
0,0,0,0,9,28,10717,111083,0,0,0,0,0,269346,3,0
0,0,0,0,3,28,10718,111083,0,0,0,0,0,263509,4,0
0,0,0,0,17,28,10719,111083,0,0,0,0,0,257473,4,0
0,0,0,0,21,28,10720,111083,0,0,0,0,0,269734,3,0
0,0,0,0,88,28,10721,111083,0,0,0,0,0,251489,3,0
0,0,0,0,6,28,10722,111083,0,0,0,0,0,275951,4,0
0,0,0,0,37,28,10723,111083,0,0,0,0,0,73621,3,0
0,0,0,0,24,29,10724,111083,0,0,0,0,0,73763,3,0
0,0,0,0,13,29,10725,111083,0,0,0,0,0,269427,3,0
0,0,0,0,19,29,10726,111083,0,0,0,0,0,274822,3,0
0,0,0,0,15,29,10727,111083,0,0,0,0,0,276881,3,0
0,0,0,0,99,29,10728,111083,0,0,0,0,0,278908,3,0
0,0,0,0,77,29,10729,111083,0,0,0,0,0,279020,3,0
0,0,0,0,87,29,10730,111083,0,0,0,0,0,277330,3,0
0,0,0,0,26,0,10731,111086,0,0,0,0,0,242514,4,0
1,0,0,1,77,3,10732,111086,0,0,0,0,0,257886,4,0
0,0,0,0,5,4,10733,111086,0,0,0,0,0,251364,2,0
0,0,0,0,4,6,10734,111086,0,0,0,0,0,214882,3,0
0,0,0,0,29,7,10735,111086,0,0,0,0,0,263036,3,0
0,0,0,0,10,9,10736,111086,0,0,0,0,0,224062,3,0
0,0,0,0,20,11,10737,111086,0,0,0,0,0,234883,3,0
1,0,0,1,92,12,10738,111086,0,0,0,0,0,211626,3,0
1,0,0,1,7,16,10739,111086,0,0,0,0,0,244213,2,0
3,0,0,1,6,18,10740,111086,0,0,0,0,0,194059,3,0
0,0,0,0,9,25,10741,111086,0,0,0,0,0,218633,3,0
1,0,0,1,96,28,10742,111086,0,0,0,0,0,266112,3,0
0,0,0,0,14,28,10743,111086,0,0,0,0,0,270870,3,0
0,0,0,0,37,28,10744,111086,0,0,0,0,0,256539,3,0
0,0,0,0,22,28,10745,111086,0,0,0,0,0,224188,3,0
0,0,0,0,33,28,10746,111086,0,0,0,0,0,244498,3,0
0,0,0,0,30,28,10747,111086,0,0,0,0,0,251079,3,0
0,0,0,0,17,28,10748,111086,0,0,0,0,0,276686,3,0
0,0,0,0,36,28,10749,111086,0,0,0,0,0,270715,3,0
0,0,0,0,39,28,10750,111086,0,0,0,0,0,252209,3,0
0,0,0,0,70,28,10751,111086,0,0,0,0,0,262575,3,0
0,0,0,0,15,28,10752,111086,0,0,0,0,0,74243,3,0
0,0,0,0,3,28,10753,111086,0,0,0,0,0,263207,3,0
0,0,0,0,23,29,10754,111086,0,0,0,0,0,272735,3,0
0,0,0,0,12,29,10755,111086,0,0,0,0,0,271094,3,0
0,0,0,0,25,29,10756,111086,0,0,0,0,0,273857,3,0
0,0,0,0,31,29,10757,111086,0,0,0,0,0,270381,3,0
0,0,0,0,1,0,10758,111088,0,0,0,0,0,72923,2,0
2,0,0,1,24,3,10759,111088,0,0,0,0,0,258713,2,0
0,0,0,0,29,4,10760,111088,0,0,0,0,0,220090,3,0
0,0,0,0,16,6,10761,111088,0,0,0,0,0,211622,3,0
0,0,0,0,13,7,10762,111088,0,0,0,0,0,250932,3,0
0,0,0,0,10,9,10763,111088,0,0,0,0,0,231460,3,0
0,0,0,0,6,11,10764,111088,0,0,0,0,0,240175,3,0
1,0,0,1,7,12,10765,111088,0,0,0,0,0,71914,4,0
0,0,0,0,70,16,10766,111088,0,0,0,0,0,241923,3,0
0,0,0,0,27,18,10767,111088,0,0,0,0,0,204078,2,0
9,1,0,1,17,25,10768,111088,0,0,0,1,0,240847,2,0
0,0,0,0,77,28,10769,111088,0,0,0,0,0,210401,3,0
0,0,0,0,8,28,10770,111088,0,0,0,0,0,267746,3,0
0,0,0,0,14,28,10771,111088,0,0,0,0,0,233006,3,0
0,0,0,0,4,28,10772,111088,0,0,0,0,0,71112,2,0
0,0,0,0,12,28,10773,111088,0,0,0,0,0,73620,3,0
0,0,0,0,19,28,10774,111088,0,0,0,0,0,236802,3,0
0,0,0,0,28,28,10775,111088,0,0,0,0,0,262681,2,0
1,0,0,1,9,28,10776,111088,0,0,0,0,0,262685,3,0
1,0,0,1,11,28,10777,111088,0,0,0,0,0,258722,3,0
0,0,0,0,23,28,10778,111088,0,0,0,0,0,229498,3,0
0,0,0,0,88,28,10779,111088,0,0,0,0,0,229522,3,0
0,0,0,0,99,28,10780,111088,0,0,0,0,0,71911,3,0
0,0,0,0,20,29,10781,111088,0,0,0,0,0,257300,3,0
0,0,0,0,21,29,10782,111088,0,0,0,0,0,269090,3,0
0,0,0,0,44,29,10783,111088,0,0,0,0,0,278972,3,0
0,0,0,0,29,0,10784,111091,0,0,0,0,0,220482,3,0
1,0,0,1,11,3,10785,111091,0,0,0,0,0,269506,3,0
0,0,0,0,4,4,10786,111091,0,0,0,0,0,248004,3,0
1,0,0,1,3,6,10787,111091,0,0,0,0,0,260380,4,0
0,0,0,0,23,7,10788,111091,0,0,0,0,0,235100,3,0
0,0,0,0,5,10,10789,111091,0,0,0,0,0,72586,3,0
2,0,0,1,7,12,10790,111091,0,0,0,0,0,255361,3,0
2,0,0,1,8,13,10791,111091,0,0,0,0,0,242350,3,0
1,0,0,1,99,15,10792,111091,0,0,0,0,0,266110,3,0
1,0,0,1,30,16,10793,111091,0,0,0,0,0,72588,3,0
1,0,0,1,89,25,10794,111091,0,0,0,0,0,72589,3,0
0,0,0,0,19,28,10795,111091,0,0,0,0,0,258307,3,0
1,0,0,1,17,28,10796,111091,0,0,0,0,0,271543,2,0
0,0,0,0,16,28,10797,111091,0,0,0,0,0,242240,3,0
0,0,0,0,44,28,10798,111091,0,0,0,0,0,74352,2,0
0,0,0,0,1,28,10799,111091,0,0,0,0,0,263763,3,0
0,0,0,0,79,28,10800,111091,0,0,0,0,0,263778,2,0
0,0,0,0,20,28,10801,111091,0,0,0,0,0,238895,3,0
0,0,0,0,33,28,10802,111091,0,0,0,0,0,275610,3,0
2,0,0,1,9,28,10803,111091,0,0,0,0,0,259896,2,0
0,0,0,0,94,28,10804,111091,0,0,0,0,0,267637,3,0
1,0,0,1,6,28,10805,111091,0,0,0,0,0,73574,3,0
0,0,0,0,42,28,10806,111091,0,0,0,0,0,72587,3,0
0,0,0,0,81,29,10807,111091,0,0,0,0,0,74012,3,0
0,0,0,0,12,0,10808,111092,0,0,0,0,0,229227,1,0
0,0,0,0,22,3,10809,111092,0,0,0,0,0,243949,1,0
0,0,0,0,4,4,10810,111092,0,0,0,0,0,253089,1,0
1,0,0,1,5,6,10811,111092,0,0,0,0,0,276492,1,0
0,0,0,0,14,7,10812,111092,0,0,0,0,0,257631,3,0
0,0,0,0,16,10,10813,111092,0,0,0,0,0,257878,2,0
0,0,0,0,7,12,10814,111092,0,0,0,0,0,245485,2,0
0,0,0,0,21,13,10815,111092,0,0,0,0,0,243019,2,0
1,0,0,1,17,15,10816,111092,0,0,0,0,0,251026,3,0
0,0,0,0,19,16,10817,111092,0,0,0,0,0,264738,3,0
1,0,0,1,11,25,10818,111092,0,0,0,0,0,229225,3,0
0,0,0,0,77,28,10819,111092,0,0,0,0,0,211245,3,0
0,0,0,0,2,28,10820,111092,0,0,0,0,0,252223,3,0
2,0,0,1,87,28,10821,111092,0,0,0,0,0,244982,2,0
0,0,0,0,33,28,10822,111092,0,0,0,0,0,270551,3,0
0,0,0,0,1,28,10823,111092,0,0,0,0,0,224761,3,0
0,0,0,0,6,28,10824,111092,0,0,0,0,0,275281,3,0
0,0,0,0,26,28,10825,111092,0,0,0,0,0,265483,3,0
0,0,0,0,23,28,10826,111092,0,0,0,0,0,255377,3,0
1,0,0,1,10,28,10827,111092,0,0,0,0,0,207516,2,0
0,0,0,0,9,28,10828,111092,0,0,0,0,0,72813,3,0
0,0,0,0,34,28,10829,111092,0,0,0,0,0,240355,3,0
0,0,0,0,3,28,10830,111092,0,0,0,0,0,240278,3,0
3,0,0,1,78,29,10831,111092,0,0,0,0,0,278334,2,0
0,0,0,0,18,29,10832,111092,0,0,0,0,0,72545,3,0
0,0,0,0,27,29,10833,111092,0,0,0,0,0,276681,3,0
0,0,0,0,29,29,10834,111092,0,0,0,0,0,71917,3,0
0,0,0,0,44,29,10835,111092,0,0,0,0,0,74014,3,0
0,0,0,0,40,0,10836,111097,0,0,0,0,0,73285,3,0
0,0,0,0,17,3,10837,111097,0,0,0,0,0,72617,3,0
1,0,0,1,39,4,10838,111097,0,0,0,0,0,72981,3,0
0,0,0,0,74,6,10839,111097,0,0,0,0,0,256984,3,0
0,0,0,0,24,7,10840,111097,0,0,0,0,0,72618,3,0
0,0,0,0,6,10,10841,111097,0,0,0,0,0,208088,4,0
1,0,0,1,30,23,10842,111097,0,0,0,0,0,72613,3,0
0,0,0,0,68,13,10843,111097,0,0,0,0,0,236363,3,0
0,0,0,0,11,15,10844,111097,0,0,0,0,0,257172,3,0
2,0,0,1,77,27,10845,111097,0,0,0,0,0,214887,2,0
3,0,0,1,90,25,10846,111097,0,0,0,0,0,244185,5,0
0,0,0,0,8,28,10847,111097,0,0,0,0,0,252225,3,0
0,0,0,0,18,28,10848,111097,0,0,0,0,0,72616,2,0
1,0,0,1,21,28,10849,111097,0,0,0,0,0,209452,4,0
0,0,0,0,28,28,10850,111097,0,0,0,0,0,213449,3,0
0,0,0,0,1,28,10851,111097,0,0,0,0,0,215491,3,0
2,0,0,1,22,28,10852,111097,0,0,0,0,0,73415,4,0
0,0,0,0,10,28,10853,111097,0,0,0,0,0,72615,3,0
0,0,0,0,19,28,10854,111097,0,0,0,0,0,262400,3,0
0,0,0,0,9,28,10855,111097,0,0,0,0,0,72614,3,0
0,0,0,0,3,28,10856,111097,0,0,0,0,0,73651,3,0
0,0,0,0,37,28,10857,111097,0,0,0,0,0,244511,3,0
0,0,0,0,55,28,10858,111097,0,0,0,0,0,269345,3,0
0,0,0,0,47,29,10859,111097,0,0,0,0,0,261088,3,0
0,0,0,0,26,29,10860,111097,0,0,0,0,0,263303,3,0
0,0,0,0,51,29,10861,111097,0,0,0,0,0,74013,3,0
0,0,0,0,39,0,10862,114004,0,0,0,0,0,277967,3,0
0,0,0,0,3,4,10863,114004,0,0,0,0,0,266736,3,0
0,0,0,0,21,5,10864,114004,0,0,0,0,0,209413,2,0
0,0,0,0,15,6,10865,114004,0,0,0,0,0,252857,4,0
0,0,0,0,27,12,10866,114004,0,0,0,0,0,277885,3,0
1,0,0,1,6,13,10867,114004,0,0,0,0,0,276734,3,0
1,0,0,1,18,15,10868,114004,0,0,0,0,0,199647,5,0
0,0,0,0,23,16,10869,114004,0,0,0,0,0,188062,5,0
1,0,0,1,10,17,10870,114004,0,0,0,0,0,251089,4,0
0,0,0,0,8,19,10871,114004,0,0,0,0,0,263158,3,0
2,0,0,1,17,25,10872,114004,0,0,0,0,0,255105,2,0
0,0,0,0,20,28,10873,114004,0,0,0,0,0,262825,3,0
1,0,0,1,25,28,10874,114004,0,0,0,0,0,239728,4,0
0,0,0,0,5,28,10875,114004,0,0,0,0,0,255906,3,0
0,0,0,0,4,28,10876,114004,0,0,0,0,0,229005,3,0
0,0,0,0,13,28,10877,114004,0,0,0,0,0,211621,3,0
1,0,0,1,9,28,10878,114004,0,0,0,0,0,73315,3,0
0,0,0,0,96,28,10879,114004,0,0,0,0,0,257672,3,0
0,0,0,0,11,28,10880,114004,0,0,0,0,0,273622,3,0
0,0,0,0,19,28,10881,114004,0,0,0,0,0,263857,3,0
1,0,0,1,44,28,10882,114004,0,0,0,0,0,262803,3,0
0,0,0,0,40,28,10883,114004,0,0,0,0,0,270009,3,0
0,0,0,0,32,28,10884,114004,0,0,0,0,0,257953,3,0
0,0,0,0,33,29,10885,114004,0,0,0,0,0,267965,3,0
0,0,0,0,12,29,10886,114004,0,0,0,0,0,242526,3,0
0,0,0,0,1,0,10887,114326,0,0,0,0,0,258311,4,0
0,0,0,0,25,4,10888,114326,0,0,0,0,0,261040,3,0
0,0,0,0,4,5,10889,114326,0,0,0,0,0,245540,3,0
0,0,0,0,2,6,10890,114326,0,0,0,0,0,257339,3,0
3,0,0,1,19,23,10891,114326,0,0,0,0,0,263208,4,0
0,0,0,0,7,12,10892,114326,0,0,0,0,0,254822,4,0
2,0,0,1,30,13,10893,114326,0,0,0,0,0,268395,4,0
2,0,0,1,5,15,10894,114326,0,0,0,0,0,227278,3,0
3,0,0,1,20,16,10895,114326,0,0,0,0,0,235398,3,0
2,0,0,1,10,27,10896,114326,0,0,0,0,0,222467,4,0
1,0,0,0,9,25,10897,114326,0,0,0,0,0,248568,3,0
0,0,0,0,84,28,10898,114326,0,0,0,0,0,73050,3,0
0,0,0,0,23,28,10899,114326,0,0,0,0,0,268098,3,0
1,0,0,0,26,28,10900,114326,0,0,0,0,0,254899,3,0
0,0,0,0,88,28,10901,114326,0,0,0,0,0,251760,4,0
0,0,0,0,12,28,10902,114326,0,0,0,0,0,185405,3,0
2,0,0,1,18,28,10903,114326,0,0,0,0,0,262314,3,0
0,0,0,0,8,28,10904,114326,0,0,0,0,0,245026,3,0
0,0,0,0,97,28,10905,114326,0,0,0,0,0,237039,3,0
0,0,0,0,15,28,10906,114326,0,0,0,0,0,75097,3,0
0,0,0,0,24,28,10907,114326,0,0,0,0,0,239179,3,0
0,0,0,0,14,28,10908,114326,0,0,0,0,0,240037,3,0
0,0,0,0,3,28,10909,114326,0,0,0,0,0,258146,3,0
0,0,0,0,33,29,10910,114326,0,0,0,0,0,235303,3,0
0,0,0,0,31,29,10911,114326,0,0,0,0,0,259456,3,0
1,0,0,0,21,29,10912,114326,0,0,0,0,0,271937,3,0
0,0,0,0,91,29,10913,114326,0,0,0,0,0,270594,3,0
0,0,0,0,29,29,10914,114326,0,0,0,0,0,275184,3,0
0,0,0,0,1,0,10915,114393,0,0,0,0,0,275776,3,0
0,0,0,0,67,3,10916,114393,0,0,0,0,0,279740,3,0
1,0,0,1,22,4,10917,114393,0,0,0,0,0,276727,1,0
2,0,0,1,3,6,10918,114393,0,0,0,0,0,275952,1,0
0,0,0,0,33,7,10919,114393,0,0,0,0,0,203575,2,0
0,0,0,0,4,9,10920,114393,0,0,0,0,0,231941,3,0
1,0,0,1,14,11,10921,114393,0,0,0,0,0,226025,3,0
0,0,0,0,11,12,10922,114393,0,0,0,0,0,242915,3,0
0,0,0,0,6,16,10923,114393,0,0,0,0,0,238578,2,0
0,0,0,0,16,18,10924,114393,0,0,0,0,0,220911,2,0
3,0,0,1,35,25,10925,114393,0,0,0,0,0,260941,2,0
1,0,0,1,24,28,10926,114393,0,0,0,0,0,73118,3,0
1,0,0,1,5,28,10927,114393,0,0,0,0,0,275950,2,0
0,0,0,0,27,28,10928,114393,0,0,0,0,0,234928,3,0
1,0,0,1,8,28,10929,114393,0,0,0,0,0,205813,1,0
0,0,0,0,31,28,10930,114393,0,0,0,0,0,72991,2,0
0,0,0,0,70,28,10931,114393,0,0,0,0,0,240141,2,0
0,0,0,0,18,28,10932,114393,0,0,0,0,0,239762,1,0
0,0,0,0,12,28,10933,114393,0,0,0,0,0,248124,3,0
0,0,0,0,17,28,10934,114393,0,0,0,0,0,243922,3,0
0,0,0,0,10,28,10935,114393,0,0,0,0,0,275807,3,0
0,0,0,0,9,28,10936,114393,0,0,0,0,0,235271,3,0
0,0,0,0,23,28,10937,114393,0,0,0,0,0,72897,3,0
0,0,0,0,29,29,10938,114393,0,0,0,0,0,270650,3,0
0,0,0,0,1,0,10939,325,0,0,0,0,0,182494,3,0
0,0,0,0,23,3,10940,325,0,0,0,0,0,207790,3,0
2,0,0,0,6,4,10941,325,0,0,0,0,0,220793,4,0
4,0,0,1,42,6,10942,325,0,0,0,0,0,229905,3,0
0,0,0,0,4,7,10943,325,0,0,0,0,0,252293,3,0
0,0,0,0,34,9,10944,325,0,0,0,0,0,223959,3,0
3,0,0,1,20,11,10945,325,0,0,0,0,0,270571,5,0
8,1,0,1,53,12,10946,325,0,0,0,0,0,263205,3,0
3,0,0,1,11,16,10947,325,0,0,0,0,0,239892,5,0
5,0,0,1,10,18,10948,325,0,0,0,0,0,175943,3,0
2,0,0,0,45,25,10949,325,0,0,0,0,0,232293,3,0
3,0,0,1,9,28,10950,325,0,0,0,0,0,201399,2,0
4,0,0,1,44,28,10951,325,0,0,0,0,0,204529,3,0
0,0,0,0,7,28,10952,325,0,0,0,0,0,234171,3,0
0,0,0,0,25,28,10953,325,0,0,0,0,0,235658,3,0
0,0,0,0,19,28,10954,325,0,0,0,0,0,211908,3,0
0,0,0,0,8,28,10955,325,0,0,0,0,0,211748,3,0
0,0,0,0,18,28,10956,325,0,0,0,0,0,259675,3,0
0,0,0,0,24,28,10957,325,0,0,0,0,0,265195,3,0
0,0,0,0,22,28,10958,325,0,0,0,0,0,208670,3,0
0,0,0,0,5,28,10959,325,0,0,0,0,0,278168,3,0
0,0,0,0,30,28,10960,325,0,0,0,0,0,251873,3,0
0,0,0,0,12,28,10961,325,0,0,0,0,0,237232,3,0
0,0,0,0,83,29,10962,325,0,0,0,0,0,279881,3,0
0,0,0,0,90,29,10963,325,0,0,0,0,0,271368,3,0
0,0,0,0,58,29,10964,325,0,0,0,0,0,278072,3,0
0,0,0,0,40,0,10965,326,0,0,0,0,0,241671,3,0
0,0,0,0,16,3,10966,326,0,0,0,0,0,243526,4,0
0,0,0,0,4,4,10967,326,0,0,0,0,0,232119,3,0
0,0,0,0,6,6,10968,326,0,0,0,0,0,212219,3,0
0,0,0,0,24,7,10969,326,0,0,0,0,0,258168,3,0
7,0,0,1,10,23,10970,326,0,0,0,0,0,199434,5,0
0,0,0,0,5,13,10971,326,0,0,0,0,0,260466,2,0
6,0,0,1,13,15,10972,326,0,0,0,0,0,209297,3,0
2,0,0,1,97,27,10973,326,0,0,0,0,0,216388,3,0
0,0,0,0,53,18,10974,326,0,0,0,0,0,235973,3,0
9,1,0,1,9,25,10975,326,0,0,0,0,0,180930,3,0
0,0,0,0,20,28,10976,326,0,0,0,0,0,235889,3,0
0,0,0,0,70,28,10977,326,0,0,0,0,0,264001,3,0
0,0,0,0,18,28,10978,326,0,0,0,0,0,208574,3,0
0,0,0,0,50,28,10979,326,0,0,0,0,0,238621,3,0
0,0,0,0,1,28,10980,326,0,0,0,0,0,234341,3,0
2,0,0,1,19,28,10981,326,0,0,0,0,0,235410,3,0
0,0,0,0,17,28,10982,326,0,0,0,0,0,225403,3,0
0,0,0,0,21,28,10983,326,0,0,0,0,0,227884,3,0
0,0,0,0,23,28,10984,326,0,0,0,0,0,192991,3,0
0,0,0,0,34,28,10985,326,0,0,0,0,0,224158,3,0
0,0,0,0,8,28,10986,326,0,0,0,0,0,240837,3,0
0,0,0,0,3,28,10987,326,0,0,0,0,0,263021,3,0
0,0,0,0,11,29,10988,326,0,0,0,0,0,224520,3,0
0,0,0,0,22,29,10989,326,0,0,0,0,0,252544,3,0
0,0,0,0,85,29,10990,326,0,0,0,0,0,244134,3,0
0,0,0,0,28,29,10991,326,0,0,0,0,0,260638,3,0
0,0,0,0,54,29,10992,326,0,0,0,0,0,265404,3,0
0,0,0,0,95,29,10993,326,0,0,0,0,0,279000,3,0
0,0,0,0,34,0,10994,327,0,0,0,0,0,190113,3,0
0,0,0,0,2,3,10995,327,0,0,0,0,0,198657,3,0
2,0,0,1,3,4,10996,327,0,0,0,0,0,201305,3,0
0,0,0,0,14,6,10997,327,0,0,0,0,0,232144,3,0
0,0,0,0,26,7,10998,327,0,0,0,0,0,212491,3,0
0,0,0,0,6,9,10999,327,0,0,0,0,0,252308,3,0
5,0,0,1,83,11,11000,327,0,0,0,0,0,234568,3,0
1,0,0,0,7,12,11001,327,0,0,0,0,0,229167,3,0
2,0,0,1,23,16,11002,327,0,0,0,0,0,261195,3,0
4,0,0,1,27,18,11003,327,0,0,0,0,0,216547,3,0
10,1,0,1,17,25,11004,327,0,0,0,1,0,192387,4,0
0,0,0,0,9,28,11005,327,0,0,0,0,0,274616,3,0
0,0,0,0,18,28,11006,327,0,0,0,0,0,212814,3,0
0,0,0,0,8,28,11007,327,0,0,0,0,0,216814,3,0
0,0,0,0,20,28,11008,327,0,0,0,0,0,193945,3,0
0,0,0,0,30,28,11009,327,0,0,0,0,0,245370,3,0
0,0,0,0,77,28,11010,327,0,0,0,0,0,263132,3,0
0,0,0,0,53,28,11011,327,0,0,0,0,0,256033,3,0
0,0,0,0,22,28,11012,327,0,0,0,0,0,258478,3,0
0,0,0,0,73,28,11013,327,0,0,0,0,0,276682,3,0
0,0,0,0,91,28,11014,327,0,0,0,0,0,278999,3,0
0,0,0,0,79,28,11015,327,0,0,0,0,0,279616,3,0
0,0,0,0,15,28,11016,327,0,0,0,0,0,198784,3,0
0,0,0,0,4,29,11017,327,0,0,0,0,0,205939,3,0
0,0,0,0,5,29,11018,327,0,0,0,0,0,242919,3,0
0,0,0,0,71,29,11019,327,0,0,0,0,0,255934,3,0
0,0,0,0,19,29,11020,327,0,0,0,0,0,278997,3,0
0,0,0,0,1,0,11021,436,0,0,0,0,0,226300,3,0
0,0,0,0,79,3,11022,436,0,0,0,0,0,263810,3,0
0,0,0,0,15,4,11023,436,0,0,0,0,0,204639,3,0
1,0,0,1,24,6,11024,436,0,0,0,0,0,205756,3,0
0,0,0,0,18,7,11025,436,0,0,0,0,0,259754,3,0
0,0,0,0,6,9,11026,436,0,0,0,0,0,244114,2,0
2,0,0,1,35,11,11027,436,0,0,0,0,0,205201,2,0
1,0,0,1,7,12,11028,436,0,0,0,0,0,205678,3,0
0,0,0,0,99,16,11029,436,0,0,0,0,0,221174,3,0
0,0,0,0,8,18,11030,436,0,0,0,0,0,237239,3,0
3,0,0,1,17,25,11031,436,0,0,0,0,0,231652,4,0
0,0,0,0,70,28,11032,436,0,0,0,0,0,245770,3,0
0,0,0,0,10,28,11033,436,0,0,0,0,0,269456,3,0
0,0,0,0,3,28,11034,436,0,0,0,0,0,241673,3,0
0,0,0,0,20,28,11035,436,0,0,0,0,0,254257,3,0
0,0,0,0,54,28,11036,436,0,0,0,0,0,271089,3,0
0,0,0,0,94,28,11037,436,0,0,0,0,0,266688,3,0
0,0,0,0,5,28,11038,436,0,0,0,0,0,200746,3,0
1,0,0,1,19,28,11039,436,0,0,0,0,0,239043,3,0
0,0,0,0,11,28,11040,436,0,0,0,0,0,223154,3,0
0,0,0,0,9,28,11041,436,0,0,0,0,0,241771,3,0
0,0,0,0,29,28,11042,436,0,0,0,0,0,264066,2,0
0,0,0,0,23,28,11043,436,0,0,0,0,0,255293,3,0
0,0,0,0,61,29,11044,436,0,0,0,0,0,266474,3,0
0,0,0,0,44,29,11045,436,0,0,0,0,0,74295,3,0
0,0,0,0,90,29,11046,436,0,0,0,0,0,70013,3,0
0,0,0,0,77,29,11047,436,0,0,0,0,0,275258,3,0
0,0,0,0,13,0,11048,741,0,0,0,0,0,266358,2,0
0,0,0,0,27,3,11049,741,0,0,0,0,0,240055,3,0
0,0,0,0,89,4,11050,741,0,0,0,0,0,194077,3,0
2,0,0,1,2,6,11051,741,0,0,0,0,0,279928,3,0
0,0,0,0,11,7,11052,741,0,0,0,0,0,186651,3,0
0,0,0,0,18,9,11053,741,0,0,0,0,0,255776,3,0
0,0,0,0,6,11,11054,741,0,0,0,0,0,215574,3,0
0,0,0,0,25,12,11055,741,0,0,0,0,0,194932,4,0
2,0,0,1,12,16,11056,741,0,0,0,0,0,237560,3,0
6,0,0,1,10,18,11057,741,0,0,0,0,0,209782,2,0
8,1,0,1,81,25,11058,741,0,0,0,0,0,244628,4,0
1,0,0,1,9,28,11059,741,0,0,0,0,0,245437,4,0
0,0,0,0,22,28,11060,741,0,0,0,0,0,204370,3,0
0,0,0,0,5,28,11061,741,0,0,0,0,0,252807,3,0
0,0,0,0,17,28,11062,741,0,0,0,0,0,211739,3,0
0,0,0,0,21,28,11063,741,0,0,0,0,0,237553,3,0
0,0,0,0,7,28,11064,741,0,0,0,0,0,253463,3,0
0,0,0,0,3,28,11065,741,0,0,0,0,0,240333,3,0
0,0,0,0,14,28,11066,741,0,0,0,0,0,269836,3,0
0,0,0,0,8,28,11067,741,0,0,0,0,0,278159,3,0
0,0,0,0,16,28,11068,741,0,0,0,0,0,75118,2,0
0,0,0,0,58,28,11069,741,0,0,0,0,0,221367,3,0
0,0,0,0,4,28,11070,741,0,0,0,0,0,271676,3,0
0,0,0,0,77,29,11071,741,0,0,0,0,0,241688,3,0
0,0,0,0,34,29,11072,741,0,0,0,0,0,259153,3,0
0,0,0,0,20,29,11073,741,0,0,0,0,0,277670,3,0
0,0,0,0,72,29,11074,741,0,0,0,0,0,278129,3,0
0,0,0,0,44,29,11075,741,0,0,0,0,0,74673,3,0
0,0,0,0,91,29,11076,741,0,0,0,0,0,72274,3,0
0,0,0,0,1,0,11077,748,0,0,0,0,0,223175,4,0
0,0,0,0,18,3,11078,748,0,0,0,0,0,223134,1,0
0,0,0,0,37,4,11079,748,0,0,0,0,0,209232,1,0
1,0,0,1,4,6,11080,748,0,0,0,0,0,233097,2,0
0,0,0,0,16,7,11081,748,0,0,0,0,0,225775,3,0
0,0,0,0,6,10,11082,748,0,0,0,0,0,230042,2,0
1,0,0,1,17,12,11083,748,0,0,0,0,0,238569,3,0
2,0,0,1,21,13,11084,748,0,0,0,0,0,240040,3,0
5,0,0,1,10,15,11085,748,0,0,0,0,0,218745,3,0
3,0,0,1,7,16,11086,748,0,0,0,0,0,271219,4,0
4,0,0,1,9,25,11087,748,0,0,0,0,0,244685,4,0
0,0,0,0,13,28,11088,748,0,0,0,0,0,213388,3,0
0,0,0,0,11,28,11089,748,0,0,0,0,0,239045,2,0
0,0,0,0,5,28,11090,748,0,0,0,0,0,243271,3,0
0,0,0,0,28,28,11091,748,0,0,0,0,0,276392,3,0
0,0,0,0,25,28,11092,748,0,0,0,0,0,223107,3,0
1,0,0,1,14,28,11093,748,0,0,0,0,0,231745,5,0
0,0,0,0,99,28,11094,748,0,0,0,0,0,255420,3,0
1,0,0,1,8,28,11095,748,0,0,0,0,0,200713,5,0
0,0,0,0,22,28,11096,748,0,0,0,0,0,276393,3,0
0,0,0,0,27,28,11097,748,0,0,0,0,0,244161,3,0
0,0,0,0,65,28,11098,748,0,0,0,0,0,241944,3,0
0,0,0,0,66,28,11099,748,0,0,0,0,0,75146,3,0
0,0,0,0,77,29,11100,748,0,0,0,0,0,278374,3,0
0,0,0,0,20,29,11101,748,0,0,0,0,0,277884,3,0
0,0,0,0,72,29,11102,748,0,0,0,0,0,279728,3,0
0,0,0,0,45,29,11103,748,0,0,0,0,0,250879,3,0
0,0,0,0,96,29,11104,748,0,0,0,0,0,72417,3,0
0,0,0,0,16,0,11105,101014,0,0,0,0,0,235931,2,0
2,0,0,1,5,3,11106,101014,0,0,0,0,0,233926,3,0
0,0,0,0,27,4,11107,101014,0,0,0,0,0,240064,3,0
0,0,0,0,3,6,11108,101014,0,0,0,0,0,241710,3,0
0,0,0,0,6,7,11109,101014,0,0,0,0,0,207924,3,0
0,0,0,0,2,10,11110,101014,0,0,0,0,0,248854,2,0
4,0,0,1,23,12,11111,101014,0,0,0,0,0,215531,3,0
8,1,0,1,25,13,11112,101014,0,0,0,0,0,234421,3,0
0,0,0,0,10,15,11113,101014,0,0,0,0,0,235717,3,0
2,0,0,1,7,16,11114,101014,0,0,0,0,0,196318,4,0
9,1,0,1,9,25,11115,101014,0,0,0,0,0,223113,4,0
0,0,0,0,91,28,11116,101014,0,0,0,0,0,237135,1,0
0,0,0,0,22,28,11117,101014,0,0,0,0,0,252470,3,0
0,0,0,0,8,28,11118,101014,0,0,0,0,0,220175,3,0
0,0,0,0,42,28,11119,101014,0,0,0,0,0,223017,3,0
0,0,0,0,1,28,11120,101014,0,0,0,0,0,188524,3,0
0,0,0,0,13,28,11121,101014,0,0,0,0,0,262411,3,0
0,0,0,0,14,28,11122,101014,0,0,0,0,0,208053,3,0
0,0,0,0,17,28,11123,101014,0,0,0,0,0,256306,3,0
0,0,0,0,18,28,11124,101014,0,0,0,0,0,233835,3,0
0,0,0,0,11,28,11125,101014,0,0,0,0,0,251381,3,0
0,0,0,0,98,28,11126,101014,0,0,0,0,0,275624,3,0
0,0,0,0,4,28,11127,101014,0,0,0,0,0,263583,4,0
0,0,0,0,24,29,11128,101014,0,0,0,0,0,278853,3,0
0,0,0,0,15,29,11129,101014,0,0,0,0,0,70462,4,0
0,0,0,0,39,0,11130,101016,0,0,0,0,0,236252,1,0
2,0,0,1,15,3,11131,101016,0,0,0,0,0,270348,3,0
3,0,0,1,5,4,11132,101016,0,0,0,0,0,239550,2,0
0,0,0,0,4,6,11133,101016,0,0,0,0,0,263020,1,0
0,0,0,0,23,7,11134,101016,0,0,0,0,0,277749,1,0
0,0,0,0,58,9,11135,101016,0,0,0,0,0,70937,2,0
0,0,0,0,21,11,11136,101016,0,0,0,0,0,263618,3,0
0,0,0,0,7,12,11137,101016,0,0,0,0,0,241389,3,0
0,0,0,0,80,16,11138,101016,0,0,0,0,0,258238,3,0
0,0,0,0,10,18,11139,101016,0,0,0,0,0,245364,3,0
5,0,0,1,11,25,11140,101016,0,0,0,0,0,259621,4,0
0,0,0,0,17,28,11141,101016,0,0,0,0,0,70724,3,0
0,0,0,0,77,28,11142,101016,0,0,0,0,0,70065,3,0
0,0,0,0,22,28,11143,101016,0,0,0,0,0,236468,3,0
0,0,0,0,55,28,11144,101016,0,0,0,0,0,74506,3,0
0,0,0,0,25,28,11145,101016,0,0,0,0,0,278388,3,0
0,0,0,0,93,28,11146,101016,0,0,0,0,0,70722,3,0
0,0,0,0,8,28,11147,101016,0,0,0,0,0,263203,2,0
0,0,0,0,29,28,11148,101016,0,0,0,0,0,278185,3,0
0,0,0,0,99,28,11149,101016,0,0,0,0,0,269237,3,0
2,0,0,1,28,28,11150,101016,0,0,0,0,0,251151,3,0
0,0,0,0,16,28,11151,101016,0,0,0,0,0,263621,3,0
0,0,0,0,24,28,11152,101016,0,0,0,0,0,70240,3,0
0,0,0,0,91,29,11153,101016,0,0,0,0,0,74672,3,0
0,0,0,0,25,0,11154,101020,0,0,0,0,0,240856,3,0
0,0,0,0,11,3,11155,101020,0,0,0,0,0,263808,4,0
0,0,0,0,17,4,11156,101020,0,0,0,0,0,209840,3,0
2,0,0,1,54,6,11157,101020,0,0,0,0,0,271754,1,0
0,0,0,0,23,7,11158,101020,0,0,0,0,0,201041,3,0
0,0,0,0,10,9,11159,101020,0,0,0,0,0,198220,2,0
0,0,0,0,8,11,11160,101020,0,0,0,0,0,254296,3,0
1,0,0,1,70,12,11161,101020,0,0,0,0,0,239186,3,0
1,0,0,1,20,16,11162,101020,0,0,0,0,0,216749,4,0
2,0,0,1,7,18,11163,101020,0,0,0,0,0,224890,4,0
2,0,0,1,9,25,11164,101020,0,0,0,0,0,227573,2,0
0,0,0,0,28,28,11165,101020,0,0,0,0,0,228283,3,0
0,0,0,0,79,28,11166,101020,0,0,0,0,0,248812,3,0
0,0,0,0,5,28,11167,101020,0,0,0,0,0,243549,3,0
0,0,0,0,3,28,11168,101020,0,0,0,0,0,234716,3,0
0,0,0,0,1,28,11169,101020,0,0,0,0,0,223174,3,0
0,0,0,0,99,28,11170,101020,0,0,0,0,0,274549,3,0
0,0,0,0,6,28,11171,101020,0,0,0,0,0,241793,3,0
1,0,0,1,33,28,11172,101020,0,0,0,0,0,125871,3,0
0,0,0,0,4,28,11173,101020,0,0,0,0,0,240409,3,0
0,0,0,0,13,28,11174,101020,0,0,0,0,0,203736,3,0
0,0,0,0,77,28,11175,101020,0,0,0,0,0,248814,3,0
0,0,0,0,16,28,11176,101020,0,0,0,0,0,279503,3,0
0,0,0,0,26,29,11177,101020,0,0,0,0,0,274548,3,0
0,0,0,0,90,29,11178,101020,0,0,0,0,0,255693,3,0
0,0,0,0,97,0,11179,101026,0,0,0,0,0,232007,3,0
0,0,0,0,24,3,11180,101026,0,0,0,0,0,177373,3,0
1,0,0,0,4,4,11181,101026,0,0,0,0,0,266794,3,0
2,0,0,1,5,5,11182,101026,0,0,0,0,0,72887,3,0
2,0,0,1,22,6,11183,101026,0,0,0,0,0,204451,3,0
2,0,0,1,66,7,11184,101026,0,0,0,0,0,73563,3,0
0,0,0,0,16,10,11185,101026,0,0,0,0,0,72888,2,0
1,0,0,0,94,13,11186,101026,0,0,0,0,0,247247,5,0
0,0,0,0,43,15,11187,101026,0,0,0,0,0,255109,4,0
2,0,0,1,11,24,11188,101026,0,0,0,0,0,73864,3,0
6,0,0,1,79,26,11189,101026,0,0,0,0,0,73398,5,0
1,0,0,0,19,28,11190,101026,0,0,0,0,0,260942,5,0
0,0,0,0,10,28,11191,101026,0,0,0,0,0,252917,3,0
0,0,0,0,8,28,11192,101026,0,0,0,0,0,238587,3,0
1,0,0,0,21,28,11193,101026,0,0,0,0,0,239706,3,0
0,0,0,0,1,28,11194,101026,0,0,0,0,0,260409,3,0
0,0,0,0,6,28,11195,101026,0,0,0,0,0,74758,3,0
0,0,0,0,12,28,11196,101026,0,0,0,0,0,189930,2,0
0,0,0,0,9,28,11197,101026,0,0,0,0,0,232329,3,0
0,0,0,0,26,28,11198,101026,0,0,0,0,0,262709,3,0
0,0,0,0,30,28,11199,101026,0,0,0,0,0,238660,3,0
0,0,0,0,20,28,11200,101026,0,0,0,0,0,269899,3,0
0,0,0,0,77,28,11201,101026,0,0,0,0,0,72889,3,0
0,0,0,0,7,29,11202,101026,0,0,0,0,0,266312,3,0
0,0,0,0,18,29,11203,101026,0,0,0,0,0,73566,3,0
0,0,0,0,45,29,11204,101026,0,0,0,0,0,73565,3,0
0,0,0,0,1,0,11205,101028,0,0,0,0,0,252081,3,0
0,0,0,0,2,3,11206,101028,0,0,0,0,0,199683,2,0
0,0,0,0,3,4,11207,101028,0,0,0,0,0,245092,5,0
0,0,0,0,4,6,11208,101028,0,0,0,0,0,213064,3,0
0,0,0,0,88,7,11209,101028,0,0,0,0,0,247159,3,0
0,0,0,0,8,10,11210,101028,0,0,0,0,0,277982,3,0
0,0,0,0,7,12,11211,101028,0,0,0,0,0,273888,2,0
1,0,0,1,5,13,11212,101028,0,0,0,0,0,229176,5,0
0,0,0,0,17,15,11213,101028,0,0,0,0,0,270894,3,0
4,0,0,1,77,16,11214,101028,0,0,0,0,0,255257,3,0
4,0,0,1,10,25,11215,101028,0,0,0,0,0,215965,3,0
0,0,0,0,9,28,11216,101028,0,0,0,0,0,199069,4,0
0,0,0,0,98,28,11217,101028,0,0,0,0,0,226295,3,0
0,0,0,0,99,28,11218,101028,0,0,0,0,0,241094,3,0
0,0,0,0,6,28,11219,101028,0,0,0,0,0,245535,3,0
0,0,0,0,12,28,11220,101028,0,0,0,0,0,277559,3,0
0,0,0,0,22,28,11221,101028,0,0,0,0,0,259164,3,0
0,0,0,0,27,28,11222,101028,0,0,0,0,0,278070,3,0
0,0,0,0,15,28,11223,101028,0,0,0,0,0,271718,3,0
0,0,0,0,23,28,11224,101028,0,0,0,0,0,271370,3,0
0,0,0,0,14,28,11225,101028,0,0,0,0,0,236893,1,0
0,0,0,0,11,28,11226,101028,0,0,0,0,0,73358,3,0
0,0,0,0,16,28,11227,101028,0,0,0,0,0,267566,3,0
0,0,0,0,31,29,11228,101028,0,0,0,0,0,276176,3,0
0,0,0,0,27,0,11229,101033,0,0,0,0,0,201112,3,0
0,0,0,0,24,3,11230,101033,0,0,0,0,0,256695,3,0
1,0,0,1,4,4,11231,101033,0,0,0,0,0,258777,3,0
0,0,0,0,20,6,11232,101033,0,0,0,0,0,212269,3,0
0,0,0,0,12,7,11233,101033,0,0,0,0,0,224885,5,0
0,0,0,0,16,9,11234,101033,0,0,0,0,0,244709,3,0
0,0,0,0,19,11,11235,101033,0,0,0,0,0,251800,3,0
0,0,0,0,18,12,11236,101033,0,0,0,0,0,257821,3,0
1,0,0,1,10,16,11237,101033,0,0,0,0,0,223136,4,0
6,0,0,1,8,18,11238,101033,0,0,0,0,0,73437,2,0
2,0,0,1,22,25,11239,101033,0,0,0,0,0,230624,3,0
0,0,0,0,11,28,11240,101033,0,0,0,0,0,247086,3,0
3,0,0,1,9,28,11241,101033,0,0,0,0,0,190593,5,0
0,0,0,0,33,28,11242,101033,0,0,0,0,0,70329,3,0
0,0,0,0,5,28,11243,101033,0,0,0,0,0,245355,3,0
0,0,0,0,96,28,11244,101033,0,0,0,0,0,231383,3,0
1,0,0,1,28,28,11245,101033,0,0,0,0,0,237380,3,0
0,0,0,0,99,28,11246,101033,0,0,0,0,0,251260,3,0
0,0,0,0,3,28,11247,101033,0,0,0,0,0,228918,3,0
2,0,0,1,35,28,11248,101033,0,0,0,0,0,264485,2,0
0,0,0,0,21,28,11249,101033,0,0,0,0,0,274691,3,0
0,0,0,0,91,28,11250,101033,0,0,0,0,0,74402,3,0
0,0,0,0,7,28,11251,101033,0,0,0,0,0,268678,3,0
0,0,0,0,26,29,11252,101033,0,0,0,0,0,264710,3,0
0,0,0,0,15,29,11253,101033,0,0,0,0,0,73312,3,0
0,0,0,0,77,29,11254,101033,0,0,0,0,0,253491,1,0
0,0,0,0,1,29,11255,101033,0,0,0,0,0,278024,3,0
0,0,0,0,66,29,11256,101033,0,0,0,0,0,74378,3,0
0,0,0,0,30,0,11257,101037,0,0,0,0,0,258390,1,0
0,0,0,0,37,3,11258,101037,0,0,0,0,0,277217,4,0
0,0,0,0,4,4,11259,101037,0,0,0,0,0,245710,2,0
5,0,0,1,2,6,11260,101037,0,0,0,0,0,277568,4,0
0,0,0,0,5,7,11261,101037,0,0,0,0,0,212045,3,0
0,0,0,0,10,9,11262,101037,0,0,0,0,0,275691,3,0
0,0,0,0,6,11,11263,101037,0,0,0,0,0,258040,2,0
0,0,0,0,28,12,11264,101037,0,0,0,0,0,225956,2,0
0,0,0,0,77,16,11265,101037,0,0,0,0,0,277626,3,0
0,0,0,0,8,18,11266,101037,0,0,0,0,0,277627,2,0
2,0,0,1,9,25,11267,101037,0,0,0,0,0,215323,3,0
0,0,0,0,19,28,11268,101037,0,0,0,0,0,210372,3,0
1,0,0,1,15,28,11269,101037,0,0,0,0,0,269510,3,0
0,0,0,0,90,28,11270,101037,0,0,0,0,0,248201,3,0
0,0,0,0,20,28,11271,101037,0,0,0,0,0,233053,3,0
0,0,0,0,1,28,11272,101037,0,0,0,0,0,252799,3,0
0,0,0,0,7,28,11273,101037,0,0,0,0,0,275693,3,0
0,0,0,0,3,28,11274,101037,0,0,0,0,0,226442,2,0
0,0,0,0,16,28,11275,101037,0,0,0,0,0,275694,3,0
0,0,0,0,54,28,11276,101037,0,0,0,0,0,275690,3,0
0,0,0,0,27,28,11277,101037,0,0,0,0,0,277219,3,0
0,0,0,0,18,28,11278,101037,0,0,0,0,0,73936,3,0
0,0,0,0,17,28,11279,101037,0,0,0,0,0,70241,2,0
0,0,0,0,40,29,11280,101037,0,0,0,0,0,71117,3,0
0,0,0,0,35,0,11281,101041,0,0,0,0,0,223709,2,0
2,0,0,1,7,3,11282,101041,0,0,0,0,0,252716,1,0
0,0,0,0,27,4,11283,101041,0,0,0,0,0,219950,1,0
4,0,0,1,26,6,11284,101041,0,0,0,0,0,211250,3,0
1,0,0,0,3,7,11285,101041,0,0,0,0,0,223045,4,0
0,0,0,0,12,9,11286,101041,0,0,0,0,0,240351,3,0
0,0,0,0,8,11,11287,101041,0,0,0,0,0,229247,2,0
0,0,0,0,17,12,11288,101041,0,0,0,0,0,204372,3,0
0,0,0,0,90,16,11289,101041,0,0,0,0,0,70938,3,0
0,0,0,0,10,18,11290,101041,0,0,0,0,0,205351,3,0
2,0,0,1,9,25,11291,101041,0,0,0,0,0,230800,3,0
2,0,0,1,11,28,11292,101041,0,0,0,0,0,209503,2,0
0,0,0,0,24,28,11293,101041,0,0,0,0,0,210212,3,0
0,0,0,0,44,28,11294,101041,0,0,0,0,0,236458,3,0
0,0,0,0,23,28,11295,101041,0,0,0,0,0,235760,3,0
0,0,0,0,13,28,11296,101041,0,0,0,0,0,234669,3,0
2,0,0,1,77,28,11297,101041,0,0,0,0,0,215785,2,0
0,0,0,0,55,28,11298,101041,0,0,0,0,0,189561,1,0
0,0,0,0,14,28,11299,101041,0,0,0,0,0,233643,3,0
0,0,0,0,58,28,11300,101041,0,0,0,0,0,202356,3,0
0,0,0,0,15,28,11301,101041,0,0,0,0,0,260302,3,0
0,0,0,0,6,28,11302,101041,0,0,0,0,0,266444,3,0
0,0,0,0,53,28,11303,101041,0,0,0,0,0,73963,3,0
0,0,0,0,21,29,11304,101041,0,0,0,0,0,275071,3,0
0,0,0,0,46,29,11305,101041,0,0,0,0,0,74220,2,0
0,0,0,0,1,29,11306,101041,0,0,0,0,0,71986,3,0
0,0,0,0,69,29,11307,101041,0,0,0,0,0,269190,3,0
0,0,0,0,66,29,11308,101041,0,0,0,0,0,279895,3,0
0,0,0,0,1,0,11309,110776,0,0,0,0,0,207683,1,0
0,0,0,0,27,3,11310,110776,0,0,0,0,0,260109,3,0
0,0,0,0,4,4,11311,110776,0,0,0,0,0,252753,3,0
0,0,0,0,36,6,11312,110776,0,0,0,0,0,234226,4,0
2,0,0,1,13,7,11313,110776,0,0,0,0,0,201990,3,0
0,0,0,0,14,10,11314,110776,0,0,0,0,0,240057,3,0
1,0,0,1,18,12,11315,110776,0,0,0,0,0,246562,2,0
0,0,0,0,10,13,11316,110776,0,0,0,0,0,252508,1,0
3,0,0,1,44,15,11317,110776,0,0,0,0,0,211061,5,0
0,0,0,0,11,16,11318,110776,0,0,0,0,0,256047,1,0
2,0,0,1,19,25,11319,110776,0,0,0,0,0,211068,3,0
0,0,0,0,77,28,11320,110776,0,0,0,0,0,233732,3,0
0,0,0,0,20,28,11321,110776,0,0,0,0,0,221000,3,0
0,0,0,0,22,28,11322,110776,0,0,0,0,0,243602,3,0
0,0,0,0,5,28,11323,110776,0,0,0,0,0,224489,3,0
0,0,0,0,99,28,11324,110776,0,0,0,0,0,268990,3,0
0,0,0,0,9,28,11325,110776,0,0,0,0,0,250807,3,0
0,0,0,0,7,28,11326,110776,0,0,0,0,0,244486,3,0
0,0,0,0,6,28,11327,110776,0,0,0,0,0,234173,3,0
2,0,0,1,8,28,11328,110776,0,0,0,0,0,224488,3,0
0,0,0,0,25,28,11329,110776,0,0,0,0,0,264272,3,0
0,0,0,0,30,28,11330,110776,0,0,0,0,0,266021,3,0
0,0,0,0,71,28,11331,110776,0,0,0,0,0,250897,3,0
1,0,0,1,3,29,11332,110776,0,0,0,0,0,223402,3,0
0,0,0,0,15,29,11333,110776,0,0,0,0,0,261041,3,0
0,0,0,0,17,29,11334,110776,0,0,0,0,0,260559,3,0
0,0,0,0,23,29,11335,110776,0,0,0,0,0,243274,3,0
0,0,0,0,1,0,11336,111339,0,0,0,0,0,210327,3,0
2,0,0,1,2,3,11337,111339,0,0,0,0,0,216580,4,0
0,0,0,0,20,4,11338,111339,0,0,0,0,0,245022,3,0
0,0,0,0,58,6,11339,111339,0,0,0,0,0,271362,4,0
0,0,0,0,77,7,11340,111339,0,0,0,0,0,209289,3,0
0,0,0,0,26,10,11341,111339,0,0,0,0,0,207805,3,0
1,0,0,1,7,12,11342,111339,0,0,0,0,0,233897,3,0
3,0,0,1,10,13,11343,111339,0,0,0,0,0,226517,3,0
0,0,0,0,35,15,11344,111339,0,0,0,0,0,223030,3,0
2,0,0,1,12,16,11345,111339,0,0,0,0,0,263432,3,0
7,0,0,1,18,25,11346,111339,0,0,0,0,0,230857,2,0
0,0,0,0,72,28,11347,111339,0,0,0,0,0,236791,3,0
0,0,0,0,8,28,11348,111339,0,0,0,0,0,218623,3,0
0,0,0,0,24,28,11349,111339,0,0,0,0,0,259753,3,0
0,0,0,0,29,28,11350,111339,0,0,0,0,0,277744,3,0
0,0,0,0,25,28,11351,111339,0,0,0,0,0,277284,3,0
0,0,0,0,6,28,11352,111339,0,0,0,0,0,229173,3,0
0,0,0,0,4,28,11353,111339,0,0,0,0,0,207624,3,0
0,0,0,0,14,28,11354,111339,0,0,0,0,0,254211,3,0
0,0,0,0,5,28,11355,111339,0,0,0,0,0,239050,3,0
0,0,0,0,9,28,11356,111339,0,0,0,0,0,234711,3,0
0,0,0,0,11,28,11357,111339,0,0,0,0,0,271361,3,0
0,0,0,0,99,28,11358,111339,0,0,0,0,0,271355,3,0
0,0,0,0,42,29,11359,111339,0,0,0,0,0,277745,3,0
0,0,0,0,13,29,11360,111339,0,0,0,0,0,277743,3,0
0,0,0,0,1,0,11361,113142,0,0,0,0,0,194372,4,0
0,0,0,0,94,3,11362,113142,0,0,0,0,0,220620,2,0
0,0,0,0,3,4,11363,113142,0,0,0,0,0,258642,2,0
0,0,0,0,5,6,11364,113142,0,0,0,0,0,221989,3,0
2,0,0,1,29,7,11365,113142,0,0,0,0,0,238941,1,0
0,0,0,0,25,9,11366,113142,0,0,0,0,0,240881,3,0
0,0,0,0,42,11,11367,113142,0,0,0,0,0,235570,2,0
0,0,0,0,27,12,11368,113142,0,0,0,0,0,276547,3,0
2,0,0,1,88,16,11369,113142,0,0,0,0,0,264286,2,0
0,0,0,0,7,18,11370,113142,0,0,0,0,0,234870,1,0
2,0,0,1,16,25,11371,113142,0,0,0,0,0,212260,3,0
4,0,0,1,9,28,11372,113142,0,0,0,0,0,239747,2,0
1,0,0,1,17,28,11373,113142,0,0,0,0,0,231266,3,0
0,0,0,0,20,28,11374,113142,0,0,0,0,0,240908,3,0
0,0,0,0,4,28,11375,113142,0,0,0,0,0,264000,3,0
0,0,0,0,99,28,11376,113142,0,0,0,0,0,264285,3,0
0,0,0,0,70,28,11377,113142,0,0,0,0,0,74446,3,0
0,0,0,0,11,28,11378,113142,0,0,0,0,0,212692,3,0
0,0,0,0,10,28,11379,113142,0,0,0,0,0,206104,3,0
0,0,0,0,22,28,11380,113142,0,0,0,0,0,73747,3,0
0,0,0,0,21,28,11381,113142,0,0,0,0,0,264287,3,0
0,0,0,0,23,28,11382,113142,0,0,0,0,0,73592,3,0
0,0,0,0,1,0,11383,131174,0,0,0,0,0,239254,3,0
0,0,0,0,15,3,11384,131174,0,0,0,0,0,216643,2,0
0,0,0,0,6,4,11385,131174,0,0,0,0,0,211987,2,0
0,0,0,0,14,6,11386,131174,0,0,0,0,0,215399,3,0
0,0,0,0,88,7,11387,131174,0,0,0,0,0,171875,2,0
0,0,0,0,57,10,11388,131174,0,0,0,0,0,233465,3,0
2,0,0,1,8,12,11389,131174,0,0,0,0,0,230685,3,0
0,0,0,0,18,13,11390,131174,0,0,0,0,0,198658,1,0
6,0,0,1,10,15,11391,131174,0,0,0,0,0,198143,3,0
4,0,0,1,23,16,11392,131174,0,0,0,0,0,245762,5,0
5,0,0,1,9,25,11393,131174,0,0,0,0,0,217007,3,0
2,0,0,1,99,28,11394,131174,0,0,0,0,0,184176,2,0
0,0,0,0,16,28,11395,131174,0,0,0,0,0,189165,3,0
0,0,0,0,5,28,11396,131174,0,0,0,0,0,223717,3,0
0,0,0,0,39,28,11397,131174,0,0,0,0,0,236696,3,0
0,0,0,0,71,28,11398,131174,0,0,0,0,0,72736,3,0
2,0,0,1,7,28,11399,131174,0,0,0,0,0,239048,3,0
0,0,0,0,77,28,11400,131174,0,0,0,0,0,246118,3,0
0,0,0,0,11,28,11401,131174,0,0,0,0,0,225305,3,0
0,0,0,0,40,28,11402,131174,0,0,0,0,0,72825,3,0
0,0,0,0,66,28,11403,131174,0,0,0,0,0,231240,3,0
0,0,0,0,75,28,11404,131174,0,0,0,0,0,224724,3,0
0,0,0,0,20,28,11405,131174,0,0,0,0,0,223791,3,0
0,0,0,0,28,29,11406,131174,0,0,0,0,0,72823,3,0
0,0,0,0,26,29,11407,131174,0,0,0,0,0,73581,3,0
0,0,0,0,1,0,11408,131388,0,0,0,0,0,252200,5,0
0,0,0,0,23,3,11409,131388,0,0,0,0,0,72733,2,0
0,0,0,0,29,4,11410,131388,0,0,0,0,0,208449,3,0
0,0,0,0,34,6,11411,131388,0,0,0,0,0,74397,3,0
0,0,0,0,77,7,11412,131388,0,0,0,0,0,252726,3,0
0,0,0,0,26,9,11413,131388,0,0,0,0,0,74224,4,0
0,0,0,0,8,11,11414,131388,0,0,0,0,0,72731,3,0
0,0,0,0,20,12,11415,131388,0,0,0,0,0,248572,3,0
2,0,0,1,7,16,11416,131388,0,0,0,0,0,74215,3,0
0,0,0,0,16,18,11417,131388,0,0,0,0,0,193461,3,0
4,0,0,1,9,25,11418,131388,0,0,0,0,0,225652,2,0
2,0,0,1,10,28,11419,131388,0,0,0,0,0,177885,3,0
0,0,0,0,5,28,11420,131388,0,0,0,0,0,224718,3,0
0,0,0,0,41,28,11421,131388,0,0,0,0,0,258898,3,0
0,0,0,0,33,28,11422,131388,0,0,0,0,0,188038,3,0
0,0,0,0,53,28,11423,131388,0,0,0,0,0,229637,3,0
0,0,0,0,91,28,11424,131388,0,0,0,0,0,73544,3,0
0,0,0,0,18,28,11425,131388,0,0,0,0,0,74177,3,0
0,0,0,0,21,28,11426,131388,0,0,0,0,0,74214,3,0
0,0,0,0,15,28,11427,131388,0,0,0,0,0,203458,4,0
0,0,0,0,19,28,11428,131388,0,0,0,0,0,260891,3,0
0,0,0,0,4,28,11429,131388,0,0,0,0,0,74208,3,0
2,0,0,1,99,28,11430,131388,0,0,0,0,0,226596,1,0
0,0,0,0,22,29,11431,131388,0,0,0,0,0,261519,3,0
0,0,0,0,48,29,11432,131388,0,0,0,0,0,72734,3,0
0,0,0,0,70,29,11433,131388,0,0,0,0,0,277667,3,0
0,0,0,0,28,29,11434,131388,0,0,0,0,0,258816,3,0
0,0,0,0,6,29,11435,131388,0,0,0,0,0,200889,3,0
0,0,0,0,30,29,11436,131388,0,0,0,0,0,254095,3,0
0,0,0,0,14,29,11437,131388,0,0,0,0,0,72735,3,0
0,0,0,0,33,0,11438,211,0,0,0,0,0,261144,3,0
0,0,0,0,22,3,11439,211,0,0,0,0,0,205965,3,0
0,0,0,0,28,4,11440,211,0,0,0,0,0,190868,3,0
0,0,0,0,4,6,11441,211,0,0,0,0,0,264103,3,0
0,0,0,0,18,7,11442,211,0,0,0,0,0,231685,3,0
0,0,0,0,27,10,11443,211,0,0,0,0,0,231007,3,0
0,0,0,0,19,12,11444,211,0,0,0,0,0,74351,3,0
0,0,0,0,25,13,11445,211,0,0,0,0,0,276278,3,0
0,0,0,0,10,15,11446,211,0,0,0,0,0,262842,3,0
0,0,0,0,20,16,11447,211,0,0,0,0,0,229593,3,0
0,0,0,0,9,25,11448,211,0,0,0,0,0,215455,3,0
0,0,0,0,5,28,11449,211,0,0,0,0,0,216350,3,0
0,0,0,0,13,28,11450,211,0,0,0,0,0,224211,3,0
0,0,0,0,6,28,11451,211,0,0,0,0,0,243595,3,0
0,0,0,0,2,28,11452,211,0,0,0,0,0,244259,3,0
0,0,0,0,1,28,11453,211,0,0,0,0,0,244258,3,0
0,0,0,0,11,28,11454,211,0,0,0,0,0,279925,3,0
0,0,0,0,30,28,11455,211,0,0,0,0,0,236311,3,0
0,0,0,0,77,28,11456,211,0,0,0,0,0,261145,3,0
0,0,0,0,17,28,11457,211,0,0,0,0,0,236413,3,0
0,0,0,0,21,28,11458,211,0,0,0,0,0,253036,3,0
0,0,0,0,39,28,11459,211,0,0,0,0,0,274369,3,0
0,0,0,0,55,28,11460,211,0,0,0,0,0,244272,3,0
0,0,0,0,8,29,11461,211,0,0,0,0,0,277941,3,0
0,0,0,0,7,29,11462,211,0,0,0,0,0,277901,3,0
0,0,0,0,3,29,11463,211,0,0,0,0,0,242061,3,0
0,0,0,0,66,29,11464,211,0,0,0,0,0,74018,3,0
0,0,0,0,23,29,11465,211,0,0,0,0,0,264424,3,0
0,0,0,0,14,29,11466,211,0,0,0,0,0,70256,3,0
0,0,0,0,35,29,11467,211,0,0,0,0,0,70297,3,0
0,0,0,0,49,29,11468,211,0,0,0,0,0,74655,3,0
0,0,0,0,13,0,11469,263,0,0,0,0,0,210347,3,0
0,0,0,0,18,3,11470,263,0,0,0,0,0,232296,3,0
0,0,0,0,25,4,11471,263,0,0,0,0,0,244629,3,0
0,0,0,0,31,6,11472,263,0,0,0,0,0,251343,3,0
0,0,0,0,5,7,11473,263,0,0,0,0,0,231527,3,0
0,0,0,0,24,23,11474,263,0,0,0,0,0,257831,3,0
0,0,0,0,11,13,11475,263,0,0,0,0,0,168651,3,0
0,0,0,0,23,15,11476,263,0,0,0,0,0,230988,3,0
0,0,0,0,27,27,11477,263,0,0,0,0,0,262585,3,0
0,0,0,0,7,18,11478,263,0,0,0,0,0,225054,3,0
0,0,0,0,10,25,11479,263,0,0,0,0,0,205855,3,0
0,0,0,0,6,28,11480,263,0,0,0,0,0,278110,3,0
0,0,0,0,17,28,11481,263,0,0,0,0,0,227584,3,0
0,0,0,0,8,28,11482,263,0,0,0,0,0,275238,3,0
0,0,0,0,19,28,11483,263,0,0,0,0,0,218341,3,0
0,0,0,0,91,28,11484,263,0,0,0,0,0,220932,3,0
0,0,0,0,45,28,11485,263,0,0,0,0,0,244863,3,0
0,0,0,0,21,28,11486,263,0,0,0,0,0,272346,3,0
0,0,0,0,9,28,11487,263,0,0,0,0,0,204350,3,0
0,0,0,0,16,28,11488,263,0,0,0,0,0,74059,3,0
0,0,0,0,3,28,11489,263,0,0,0,0,0,271300,3,0
0,0,0,0,22,28,11490,263,0,0,0,0,0,246416,3,0
0,0,0,0,26,28,11491,263,0,0,0,0,0,274220,3,0
0,0,0,0,28,29,11492,263,0,0,0,0,0,274554,3,0
0,0,0,0,39,29,11493,263,0,0,0,0,0,74058,3,0
0,0,0,0,37,29,11494,263,0,0,0,0,0,74070,3,0
0,0,0,0,32,29,11495,263,0,0,0,0,0,279188,3,0
0,0,0,0,35,29,11496,263,0,0,0,0,0,72384,3,0
0,0,0,0,43,29,11497,263,0,0,0,0,0,74137,3,0
0,0,0,0,40,29,11498,263,0,0,0,0,0,276138,3,0
0,0,0,0,31,0,11499,266,0,0,0,0,0,73580,3,0
0,0,0,0,3,4,11500,266,0,0,0,0,0,251116,3,0
0,0,0,0,5,5,11501,266,0,0,0,0,0,242635,3,0
0,0,0,0,18,6,11502,266,0,0,0,0,0,204125,3,0
0,0,0,0,21,12,11503,266,0,0,0,0,0,269509,3,0
0,0,0,0,28,13,11504,266,0,0,0,0,0,73579,3,0
0,0,0,0,19,15,11505,266,0,0,0,0,0,254909,3,0
0,0,0,0,12,16,11506,266,0,0,0,0,0,274915,3,0
0,0,0,0,17,17,11507,266,0,0,0,0,0,253727,3,0
0,0,0,0,26,19,11508,266,0,0,0,0,0,263287,3,0
0,0,0,0,11,25,11509,266,0,0,0,0,0,267593,3,0
0,0,0,0,35,28,11510,266,0,0,0,0,0,271296,3,0
0,0,0,0,23,28,11511,266,0,0,0,0,0,247030,3,0
0,0,0,0,8,28,11512,266,0,0,0,0,0,243007,3,0
0,0,0,0,4,28,11513,266,0,0,0,0,0,255687,3,0
0,0,0,0,24,28,11514,266,0,0,0,0,0,263286,3,0
0,0,0,0,32,28,11515,266,0,0,0,0,0,258208,3,0
0,0,0,0,10,28,11516,266,0,0,0,0,0,264330,3,0
0,0,0,0,25,28,11517,266,0,0,0,0,0,244793,3,0
0,0,0,0,27,28,11518,266,0,0,0,0,0,248169,3,0
0,0,0,0,36,28,11519,266,0,0,0,0,0,221909,3,0
0,0,0,0,13,28,11520,266,0,0,0,0,0,274906,3,0
0,0,0,0,6,28,11521,266,0,0,0,0,0,260734,3,0
0,0,0,0,33,29,11522,266,0,0,0,0,0,71451,3,0
0,0,0,0,22,29,11523,266,0,0,0,0,0,274452,3,0
0,0,0,0,2,29,11524,266,0,0,0,0,0,73456,3,0
0,0,0,0,1,29,11525,266,0,0,0,0,0,244467,3,0
0,0,0,0,20,29,11526,266,0,0,0,0,0,73457,3,0
0,0,0,0,14,29,11527,266,0,0,0,0,0,72632,3,0
0,0,0,0,1,0,11528,267,0,0,0,0,0,231237,3,0
0,0,0,0,17,3,11529,267,0,0,0,0,0,246055,3,0
0,0,0,0,41,4,11530,267,0,0,0,0,0,259748,3,0
0,0,0,0,27,5,11531,267,0,0,0,0,0,247643,3,0
0,0,0,0,30,6,11532,267,0,0,0,0,0,199323,3,0
0,0,0,0,32,7,11533,267,0,0,0,0,0,266374,3,0
0,0,0,0,14,23,11534,267,0,0,0,0,0,261307,3,0
0,0,0,0,20,13,11535,267,0,0,0,0,0,234983,3,0
0,0,0,0,6,15,11536,267,0,0,0,0,0,232446,3,0
0,0,0,0,22,27,11537,267,0,0,0,0,0,227562,3,0
0,0,0,0,10,25,11538,267,0,0,0,0,0,277565,3,0
0,0,0,0,18,28,11539,267,0,0,0,0,0,270046,3,0
0,0,0,0,25,28,11540,267,0,0,0,0,0,221024,3,0
0,0,0,0,33,28,11541,267,0,0,0,0,0,232526,3,0
0,0,0,0,28,28,11542,267,0,0,0,0,0,246183,3,0
0,0,0,0,24,28,11543,267,0,0,0,0,0,240283,3,0
0,0,0,0,29,28,11544,267,0,0,0,0,0,273100,3,0
0,0,0,0,4,28,11545,267,0,0,0,0,0,260149,3,0
0,0,0,0,21,28,11546,267,0,0,0,0,0,263288,3,0
0,0,0,0,7,28,11547,267,0,0,0,0,0,252487,3,0
0,0,0,0,3,28,11548,267,0,0,0,0,0,263006,3,0
0,0,0,0,13,28,11549,267,0,0,0,0,0,269512,3,0
0,0,0,0,8,28,11550,267,0,0,0,0,0,203604,3,0
0,0,0,0,5,29,11551,267,0,0,0,0,0,245849,3,0
0,0,0,0,2,29,11552,267,0,0,0,0,0,267720,3,0
0,0,0,0,11,29,11553,267,0,0,0,0,0,70946,3,0
0,0,0,0,44,29,11554,267,0,0,0,0,0,276347,3,0
0,0,0,0,1,0,11555,278,0,0,0,0,0,212151,3,0
0,0,0,0,12,3,11556,278,0,0,0,0,0,255541,3,0
0,0,0,0,21,4,11557,278,0,0,0,0,0,199206,3,0
0,0,0,0,2,6,11558,278,0,0,0,0,0,228732,3,0
0,0,0,0,3,7,11559,278,0,0,0,0,0,279064,3,0
0,0,0,0,4,10,11560,278,0,0,0,0,0,223779,3,0
0,0,0,0,19,12,11561,278,0,0,0,0,0,220969,3,0
0,0,0,0,11,16,11562,278,0,0,0,0,0,239028,3,0
0,0,0,0,13,18,11563,278,0,0,0,0,0,224574,3,0
0,0,0,0,9,24,11564,278,0,0,0,0,0,170368,3,0
0,0,0,0,7,26,11565,278,0,0,0,0,0,229153,3,0
0,0,0,0,37,28,11566,278,0,0,0,0,0,193061,3,0
0,0,0,0,20,28,11567,278,0,0,0,0,0,208224,3,0
0,0,0,0,5,28,11568,278,0,0,0,0,0,183108,3,0
0,0,0,0,18,28,11569,278,0,0,0,0,0,211522,3,0
0,0,0,0,91,28,11570,278,0,0,0,0,0,210358,3,0
0,0,0,0,14,28,11571,278,0,0,0,0,0,244949,3,0
0,0,0,0,23,28,11572,278,0,0,0,0,0,243525,3,0
0,0,0,0,8,28,11573,278,0,0,0,0,0,230564,3,0
0,0,0,0,6,28,11574,278,0,0,0,0,0,204152,3,0
0,0,0,0,10,28,11575,278,0,0,0,0,0,190059,3,0
0,0,0,0,29,28,11576,278,0,0,0,0,0,202113,3,0
0,0,0,0,22,28,11577,278,0,0,0,0,0,223979,3,0
0,0,0,0,28,29,11578,278,0,0,0,0,0,194354,3,0
0,0,0,0,16,29,11579,278,0,0,0,0,0,72908,3,0
0,0,0,0,25,29,11580,278,0,0,0,0,0,239845,3,0
0,0,0,0,24,29,11581,278,0,0,0,0,0,262822,3,0
0,0,0,0,99,29,11582,278,0,0,0,0,0,258790,3,0
0,0,0,0,26,29,11583,278,0,0,0,0,0,211300,3,0
0,0,0,0,98,29,11584,278,0,0,0,0,0,216175,3,0
0,0,0,0,88,0,11585,280,0,0,0,0,0,252552,3,0
0,0,0,0,23,3,11586,280,0,0,0,0,0,212091,3,0
0,0,0,0,45,4,11587,280,0,0,0,0,0,234986,3,0
0,0,0,0,16,6,11588,280,0,0,0,0,0,251616,3,0
0,0,0,0,3,7,11589,280,0,0,0,0,0,242287,3,0
0,0,0,0,8,9,11590,280,0,0,0,0,0,259680,3,0
0,0,0,0,32,11,11591,280,0,0,0,0,0,255971,3,0
0,0,0,0,10,12,11592,280,0,0,0,0,0,227055,3,0
0,0,0,0,11,16,11593,280,0,0,0,0,0,238303,3,0
0,0,0,0,22,18,11594,280,0,0,0,0,0,243686,3,0
0,0,0,0,9,25,11595,280,0,0,0,0,0,243586,3,0
0,0,0,0,27,28,11596,280,0,0,0,0,0,198031,3,0
0,0,0,0,20,28,11597,280,0,0,0,0,0,251942,3,0
0,0,0,0,74,28,11598,280,0,0,0,0,0,72863,3,0
0,0,0,0,5,28,11599,280,0,0,0,0,0,257368,3,0
0,0,0,0,1,28,11600,280,0,0,0,0,0,240493,3,0
0,0,0,0,18,28,11601,280,0,0,0,0,0,180403,3,0
0,0,0,0,14,28,11602,280,0,0,0,0,0,216194,3,0
0,0,0,0,19,28,11603,280,0,0,0,0,0,246708,3,0
0,0,0,0,17,28,11604,280,0,0,0,0,0,240702,3,0
0,0,0,0,84,28,11605,280,0,0,0,0,0,73885,3,0
0,0,0,0,97,28,11606,280,0,0,0,0,0,231887,3,0
0,0,0,0,4,28,11607,280,0,0,0,0,0,246679,3,0
0,0,0,0,99,29,11608,280,0,0,0,0,0,224276,3,0
0,0,0,0,65,29,11609,280,0,0,0,0,0,258841,3,0
0,0,0,0,96,29,11610,280,0,0,0,0,0,73884,3,0
0,0,0,0,67,29,11611,280,0,0,0,0,0,74095,3,0
0,0,0,0,29,29,11612,280,0,0,0,0,0,74117,3,0
0,0,0,0,64,29,11613,280,0,0,0,0,0,74122,3,0
0,0,0,0,31,29,11614,280,0,0,0,0,0,74085,3,0
0,0,0,0,42,0,11615,393,0,0,0,0,0,246267,3,0
0,0,0,0,19,3,11616,393,0,0,0,0,0,210455,3,0
0,0,0,0,16,4,11617,393,0,0,0,0,0,210136,3,0
0,0,0,0,15,6,11618,393,0,0,0,0,0,226536,3,0
0,0,0,0,21,7,11619,393,0,0,0,0,0,209620,3,0
0,0,0,0,14,23,11620,393,0,0,0,0,0,220746,3,0
0,0,0,0,27,13,11621,393,0,0,0,0,0,200094,3,0
0,0,0,0,22,15,11622,393,0,0,0,0,0,204688,3,0
0,0,0,0,11,27,11623,393,0,0,0,0,0,188803,3,0
0,0,0,0,7,18,11624,393,0,0,0,0,0,259633,3,0
0,0,0,0,9,25,11625,393,0,0,0,0,0,235029,3,0
0,0,0,0,8,28,11626,393,0,0,0,0,0,219809,3,0
0,0,0,0,2,28,11627,393,0,0,0,0,0,237520,3,0
0,0,0,0,6,28,11628,393,0,0,0,0,0,195086,3,0
0,0,0,0,23,28,11629,393,0,0,0,0,0,231588,3,0
0,0,0,0,1,28,11630,393,0,0,0,0,0,236583,3,0
0,0,0,0,77,28,11631,393,0,0,0,0,0,245977,3,0
0,0,0,0,10,28,11632,393,0,0,0,0,0,210313,3,0
0,0,0,0,71,28,11633,393,0,0,0,0,0,212261,3,0
0,0,0,0,34,28,11634,393,0,0,0,0,0,233483,3,0
0,0,0,0,5,28,11635,393,0,0,0,0,0,253136,3,0
0,0,0,0,33,28,11636,393,0,0,0,0,0,218066,3,0
0,0,0,0,25,28,11637,393,0,0,0,0,0,72884,3,0
0,0,0,0,20,29,11638,393,0,0,0,0,0,177553,3,0
0,0,0,0,31,29,11639,393,0,0,0,0,0,264291,3,0
0,0,0,0,99,29,11640,393,0,0,0,0,0,276591,3,0
0,0,0,0,18,29,11641,393,0,0,0,0,0,266118,3,0
0,0,0,0,47,29,11642,393,0,0,0,0,0,260910,3,0
0,0,0,0,54,29,11643,393,0,0,0,0,0,267687,3,0
0,0,0,0,41,29,11644,393,0,0,0,0,0,75047,3,0
0,0,0,0,90,0,11645,1874,0,0,0,0,0,221610,3,0
0,0,0,0,25,3,11646,1874,0,0,0,0,0,262644,3,0
0,0,0,0,27,4,11647,1874,0,0,0,0,0,225532,3,0
0,0,0,0,34,6,11648,1874,0,0,0,0,0,72905,3,0
0,0,0,0,99,7,11649,1874,0,0,0,0,0,205207,3,0
0,0,0,0,15,9,11650,1874,0,0,0,0,0,275976,3,0
0,0,0,0,88,11,11651,1874,0,0,0,0,0,262403,3,0
0,0,0,0,20,17,11652,1874,0,0,0,0,0,245694,3,0
0,0,0,0,16,18,11653,1874,0,0,0,0,0,237566,3,0
0,0,0,0,18,19,11654,1874,0,0,0,0,0,240961,3,0
0,0,0,0,19,25,11655,1874,0,0,0,0,0,236510,3,0
0,0,0,0,11,28,11656,1874,0,0,0,0,0,271701,3,0
0,0,0,0,3,28,11657,1874,0,0,0,0,0,229436,3,0
0,0,0,0,21,28,11658,1874,0,0,0,0,0,230718,3,0
0,0,0,0,17,28,11659,1874,0,0,0,0,0,240031,3,0
0,0,0,0,1,28,11660,1874,0,0,0,0,0,235086,3,0
0,0,0,0,7,28,11661,1874,0,0,0,0,0,268822,3,0
0,0,0,0,80,28,11662,1874,0,0,0,0,0,236817,3,0
0,0,0,0,10,28,11663,1874,0,0,0,0,0,236420,3,0
0,0,0,0,24,28,11664,1874,0,0,0,0,0,237700,3,0
0,0,0,0,8,28,11665,1874,0,0,0,0,0,223489,3,0
0,0,0,0,93,28,11666,1874,0,0,0,0,0,203725,3,0
0,0,0,0,44,28,11667,1874,0,0,0,0,0,240725,3,0
0,0,0,0,23,29,11668,1874,0,0,0,0,0,267632,3,0
0,0,0,0,22,29,11669,1874,0,0,0,0,0,275644,3,0
0,0,0,0,42,29,11670,1874,0,0,0,0,0,220921,3,0
0,0,0,0,4,29,11671,1874,0,0,0,0,0,238040,3,0
0,0,0,0,64,29,11672,1874,0,0,0,0,0,70903,3,0
0,0,0,0,30,29,11673,1874,0,0,0,0,0,73598,3,0
0,0,0,0,70,29,11674,1874,0,0,0,0,0,72918,3,0
0,0,0,0,29,29,11675,1874,0,0,0,0,0,261260,3,0
0,0,0,0,69,0,11676,1884,0,0,0,0,0,215502,3,0
0,0,0,0,2,3,11677,1884,0,0,0,0,0,255634,3,0
0,0,0,0,21,4,11678,1884,0,0,0,0,0,215930,3,0
0,0,0,0,15,6,11679,1884,0,0,0,0,0,221422,3,0
0,0,0,0,25,7,11680,1884,0,0,0,0,0,221969,3,0
0,0,0,0,55,9,11681,1884,0,0,0,0,0,207884,3,0
0,0,0,0,16,11,11682,1884,0,0,0,0,0,247861,3,0
0,0,0,0,10,12,11683,1884,0,0,0,0,0,247641,3,0
0,0,0,0,28,16,11684,1884,0,0,0,0,0,253283,3,0
0,0,0,0,11,18,11685,1884,0,0,0,0,0,208250,3,0
0,0,0,0,7,25,11686,1884,0,0,0,0,0,258015,3,0
0,0,0,0,8,28,11687,1884,0,0,0,0,0,255125,3,0
0,0,0,0,3,28,11688,1884,0,0,0,0,0,212187,3,0
0,0,0,0,5,28,11689,1884,0,0,0,0,0,198177,3,0
0,0,0,0,27,28,11690,1884,0,0,0,0,0,262815,3,0
0,0,0,0,1,28,11691,1884,0,0,0,0,0,216336,3,0
0,0,0,0,20,28,11692,1884,0,0,0,0,0,239433,3,0
0,0,0,0,31,28,11693,1884,0,0,0,0,0,193881,3,0
0,0,0,0,17,28,11694,1884,0,0,0,0,0,229575,3,0
0,0,0,0,29,28,11695,1884,0,0,0,0,0,221605,3,0
0,0,0,0,52,28,11696,1884,0,0,0,0,0,203535,3,0
0,0,0,0,4,28,11697,1884,0,0,0,0,0,190156,3,0
0,0,0,0,23,28,11698,1884,0,0,0,0,0,208522,3,0
0,0,0,0,9,29,11699,1884,0,0,0,0,0,231786,3,0
0,0,0,0,77,29,11700,1884,0,0,0,0,0,225997,3,0
0,0,0,0,6,29,11701,1884,0,0,0,0,0,168621,3,0
0,0,0,0,37,29,11702,1884,0,0,0,0,0,231493,3,0
0,0,0,0,19,29,11703,1884,0,0,0,0,0,242753,3,0
0,0,0,0,32,29,11704,1884,0,0,0,0,0,200855,3,0
0,0,0,0,14,29,11705,1884,0,0,0,0,0,219461,3,0
0,0,0,0,18,29,11706,1884,0,0,0,0,0,240271,3,0
0,0,0,0,44,29,11707,1884,0,0,0,0,0,278137,3,0
0,0,0,0,81,29,11708,1884,0,0,0,0,0,73550,3,0
0,0,0,0,82,29,11709,1884,0,0,0,0,0,75049,3,0
0,0,0,0,80,29,11710,1884,0,0,0,0,0,75050,3,0
0,0,0,0,27,0,11711,100135,0,0,0,0,0,193336,3,0
0,0,0,0,16,3,11712,100135,0,0,0,0,0,216281,3,0
0,0,0,0,3,4,11713,100135,0,0,0,0,0,195087,3,0
0,0,0,0,5,6,11714,100135,0,0,0,0,0,227766,3,0
0,0,0,0,19,7,11715,100135,0,0,0,0,0,215725,3,0
0,0,0,0,77,23,11716,100135,0,0,0,0,0,204908,3,0
0,0,0,0,8,13,11717,100135,0,0,0,0,0,184417,3,0
0,0,0,0,70,15,11718,100135,0,0,0,0,0,234234,3,0
0,0,0,0,10,27,11719,100135,0,0,0,0,0,270478,3,0
0,0,0,0,44,18,11720,100135,0,0,0,0,0,237364,3,0
0,0,0,0,20,25,11721,100135,0,0,0,0,0,239612,3,0
0,0,0,0,30,28,11722,100135,0,0,0,0,0,73217,3,0
0,0,0,0,34,28,11723,100135,0,0,0,0,0,234774,3,0
0,0,0,0,29,28,11724,100135,0,0,0,0,0,223511,3,0
0,0,0,0,4,28,11725,100135,0,0,0,0,0,72944,3,0
0,0,0,0,22,28,11726,100135,0,0,0,0,0,269880,3,0
0,0,0,0,21,28,11727,100135,0,0,0,0,0,197965,3,0
0,0,0,0,7,28,11728,100135,0,0,0,0,0,212150,3,0
0,0,0,0,11,28,11729,100135,0,0,0,0,0,227732,3,0
0,0,0,0,9,28,11730,100135,0,0,0,0,0,194209,3,0
0,0,0,0,18,28,11731,100135,0,0,0,0,0,263361,3,0
0,0,0,0,17,28,11732,100135,0,0,0,0,0,74321,3,0
0,0,0,0,1,28,11733,100135,0,0,0,0,0,258480,3,0
0,0,0,0,14,29,11734,100135,0,0,0,0,0,72957,3,0
0,0,0,0,35,29,11735,100135,0,0,0,0,0,263388,3,0
0,0,0,0,6,29,11736,100135,0,0,0,0,0,72945,3,0
0,0,0,0,12,29,11737,100135,0,0,0,0,0,262844,3,0
0,0,0,0,43,29,11738,100135,0,0,0,0,0,74100,3,0
0,0,0,0,26,29,11739,100135,0,0,0,0,0,74354,3,0
0,0,0,0,36,29,11740,100135,0,0,0,0,0,73867,3,0
0,0,0,0,23,29,11741,100135,0,0,0,0,0,73866,3,0
0,0,0,0,1,0,11742,100325,0,0,0,0,0,272646,3,0
0,0,0,0,27,3,11743,100325,0,0,0,0,0,242149,3,0
0,0,0,0,3,4,11744,100325,0,0,0,0,0,73722,3,0
0,0,0,0,5,6,11745,100325,0,0,0,0,0,221486,3,0
0,0,0,0,30,7,11746,100325,0,0,0,0,0,274923,3,0
0,0,0,0,14,10,11747,100325,0,0,0,0,0,235647,3,0
0,0,0,0,9,23,11748,100325,0,0,0,0,0,265793,3,0
0,0,0,0,8,13,11749,100325,0,0,0,0,0,273712,3,0
0,0,0,0,10,15,11750,100325,0,0,0,0,0,234294,3,0
0,0,0,0,17,27,11751,100325,0,0,0,0,0,239718,3,0
0,0,0,0,94,25,11752,100325,0,0,0,0,0,205311,3,0
0,0,0,0,37,28,11753,100325,0,0,0,0,0,234293,3,0
0,0,0,0,23,28,11754,100325,0,0,0,0,0,239012,3,0
0,0,0,0,6,28,11755,100325,0,0,0,0,0,234290,3,0
0,0,0,0,4,28,11756,100325,0,0,0,0,0,172232,3,0
0,0,0,0,85,28,11757,100325,0,0,0,0,0,135587,3,0
0,0,0,0,7,28,11758,100325,0,0,0,0,0,247286,3,0
0,0,0,0,99,28,11759,100325,0,0,0,0,0,257398,3,0
0,0,0,0,42,28,11760,100325,0,0,0,0,0,258032,3,0
0,0,0,0,25,28,11761,100325,0,0,0,0,0,233725,3,0
0,0,0,0,80,28,11762,100325,0,0,0,0,0,271719,3,0
0,0,0,0,2,28,11763,100325,0,0,0,0,0,243848,3,0
0,0,0,0,20,28,11764,100325,0,0,0,0,0,74744,3,0
0,0,0,0,28,29,11765,100325,0,0,0,0,0,266676,3,0
0,0,0,0,24,29,11766,100325,0,0,0,0,0,71943,3,0
0,0,0,0,22,29,11767,100325,0,0,0,0,0,275331,3,0
0,0,0,0,21,29,11768,100325,0,0,0,0,0,71945,3,0
0,0,0,0,62,29,11769,100325,0,0,0,0,0,73726,3,0
0,0,0,0,1,0,11770,101047,0,0,0,0,0,244385,3,0
0,0,0,0,20,3,11771,101047,0,0,0,0,0,237109,3,0
0,0,0,0,3,4,11772,101047,0,0,0,0,0,274729,3,0
0,0,0,0,4,6,11773,101047,0,0,0,0,0,245132,3,0
0,0,0,0,2,7,11774,101047,0,0,0,0,0,271542,3,0
0,0,0,0,6,10,11775,101047,0,0,0,0,0,277439,3,0
0,0,0,0,7,12,11776,101047,0,0,0,0,0,194794,3,0
0,0,0,0,29,13,11777,101047,0,0,0,0,0,244373,3,0
0,0,0,0,10,15,11778,101047,0,0,0,0,0,244374,3,0
0,0,0,0,9,16,11779,101047,0,0,0,0,0,274726,3,0
0,0,0,0,11,25,11780,101047,0,0,0,0,0,271541,3,0
0,0,0,0,8,28,11781,101047,0,0,0,0,0,244376,3,0
0,0,0,0,24,28,11782,101047,0,0,0,0,0,258308,3,0
0,0,0,0,44,28,11783,101047,0,0,0,0,0,266755,3,0
0,0,0,0,28,28,11784,101047,0,0,0,0,0,276960,3,0
0,0,0,0,35,28,11785,101047,0,0,0,0,0,252789,3,0
0,0,0,0,76,28,11786,101047,0,0,0,0,0,243256,3,0
0,0,0,0,18,28,11787,101047,0,0,0,0,0,244375,3,0
0,0,0,0,22,28,11788,101047,0,0,0,0,0,274724,3,0
0,0,0,0,39,28,11789,101047,0,0,0,0,0,74978,3,0
0,0,0,0,45,28,11790,101047,0,0,0,0,0,72669,3,0
0,0,0,0,91,28,11791,101047,0,0,0,0,0,74069,3,0
0,0,0,0,15,28,11792,101047,0,0,0,0,0,73094,3,0
0,0,0,0,32,29,11793,101047,0,0,0,0,0,71330,3,0
0,0,0,0,40,29,11794,101047,0,0,0,0,0,277442,3,0
0,0,0,0,99,29,11795,101047,0,0,0,0,0,71066,3,0
0,0,0,0,30,29,11796,101047,0,0,0,0,0,274728,3,0
0,0,0,0,23,29,11797,101047,0,0,0,0,0,277443,3,0
0,0,0,0,74,29,11798,101047,0,0,0,0,0,274730,3,0
0,0,0,0,51,29,11799,101047,0,0,0,0,0,271546,3,0
0,0,0,0,31,0,11800,101059,0,0,0,0,0,265628,3,0
0,0,0,0,26,3,11801,101059,0,0,0,0,0,263804,3,0
0,0,0,0,5,4,11802,101059,0,0,0,0,0,248698,3,0
0,0,0,0,22,6,11803,101059,0,0,0,0,0,229528,3,0
0,0,0,0,16,7,11804,101059,0,0,0,0,0,278075,3,0
0,0,0,0,8,10,11805,101059,0,0,0,0,0,274732,3,0
0,0,0,0,11,12,11806,101059,0,0,0,0,0,237055,3,0
0,0,0,0,21,13,11807,101059,0,0,0,0,0,255074,3,0
0,0,0,0,10,15,11808,101059,0,0,0,0,0,259913,3,0
0,0,0,0,37,16,11809,101059,0,0,0,0,0,70571,3,0
0,0,0,0,14,25,11810,101059,0,0,0,0,0,247122,3,0
0,0,0,0,6,28,11811,101059,0,0,0,0,0,206413,3,0
0,0,0,0,30,28,11812,101059,0,0,0,0,0,70845,3,0
0,0,0,0,13,28,11813,101059,0,0,0,0,0,277193,3,0
0,0,0,0,18,28,11814,101059,0,0,0,0,0,72919,3,0
0,0,0,0,72,28,11815,101059,0,0,0,0,0,72917,3,0
0,0,0,0,4,28,11816,101059,0,0,0,0,0,254928,3,0
0,0,0,0,29,28,11817,101059,0,0,0,0,0,242021,3,0
0,0,0,0,38,28,11818,101059,0,0,0,0,0,255472,3,0
0,0,0,0,2,28,11819,101059,0,0,0,0,0,246728,3,0
0,0,0,0,39,28,11820,101059,0,0,0,0,0,277194,3,0
0,0,0,0,9,28,11821,101059,0,0,0,0,0,230559,3,0
0,0,0,0,7,28,11822,101059,0,0,0,0,0,277448,3,0
0,0,0,0,17,29,11823,101059,0,0,0,0,0,268411,3,0
0,0,0,0,74,29,11824,101059,0,0,0,0,0,271549,3,0
0,0,0,0,20,29,11825,101059,0,0,0,0,0,74097,3,0
0,0,0,0,12,29,11826,101059,0,0,0,0,0,263805,3,0
0,0,0,0,48,29,11827,101059,0,0,0,0,0,71331,3,0
0,0,0,0,24,29,11828,101059,0,0,0,0,0,70862,3,0
0,0,0,0,1,0,11829,101100,0,0,0,0,0,176550,3,0
0,0,0,0,6,3,11830,101100,0,0,0,0,0,237242,3,0
0,0,0,0,3,4,11831,101100,0,0,0,0,0,242484,3,0
0,0,0,0,16,6,11832,101100,0,0,0,0,0,214169,3,0
0,0,0,0,77,7,11833,101100,0,0,0,0,0,228156,3,0
0,0,0,0,21,9,11834,101100,0,0,0,0,0,242267,3,0
0,0,0,0,80,11,11835,101100,0,0,0,0,0,251841,3,0
0,0,0,0,37,12,11836,101100,0,0,0,0,0,271631,3,0
0,0,0,0,7,16,11837,101100,0,0,0,0,0,234955,3,0
0,0,0,0,8,18,11838,101100,0,0,0,0,0,192342,3,0
0,0,0,0,9,25,11839,101100,0,0,0,0,0,221714,3,0
0,0,0,0,10,28,11840,101100,0,0,0,0,0,202558,3,0
0,0,0,0,34,28,11841,101100,0,0,0,0,0,243011,3,0
0,0,0,0,33,28,11842,101100,0,0,0,0,0,274245,3,0
0,0,0,0,23,28,11843,101100,0,0,0,0,0,271632,3,0
0,0,0,0,15,28,11844,101100,0,0,0,0,0,255605,3,0
0,0,0,0,39,28,11845,101100,0,0,0,0,0,279011,3,0
0,0,0,0,19,28,11846,101100,0,0,0,0,0,243050,3,0
0,0,0,0,38,28,11847,101100,0,0,0,0,0,279786,3,0
0,0,0,0,13,28,11848,101100,0,0,0,0,0,271629,3,0
0,0,0,0,20,28,11849,101100,0,0,0,0,0,228136,3,0
0,0,0,0,27,28,11850,101100,0,0,0,0,0,214354,3,0
0,0,0,0,32,28,11851,101100,0,0,0,0,0,271633,3,0
0,0,0,0,25,29,11852,101100,0,0,0,0,0,264588,3,0
0,0,0,0,28,29,11853,101100,0,0,0,0,0,74044,3,0
0,0,0,0,16,0,11854,110468,0,0,0,0,0,269511,3,0
0,0,0,0,40,4,11855,110468,0,0,0,0,0,277025,3,0
0,0,0,0,2,5,11856,110468,0,0,0,0,0,199244,3,0
0,0,0,0,21,6,11857,110468,0,0,0,0,0,259188,3,0
0,0,0,0,23,9,11858,110468,0,0,0,0,0,251221,3,0
0,0,0,0,6,11,11859,110468,0,0,0,0,0,71259,3,0
0,0,0,0,10,12,11860,110468,0,0,0,0,0,205365,3,0
0,0,0,0,22,16,11861,110468,0,0,0,0,0,270068,3,0
0,0,0,0,31,18,11862,110468,0,0,0,0,0,247050,3,0
0,0,0,0,11,24,11863,110468,0,0,0,0,0,198331,3,0
0,0,0,0,51,26,11864,110468,0,0,0,0,0,72938,3,0
0,0,0,0,18,28,11865,110468,0,0,0,0,0,235317,3,0
0,0,0,0,19,28,11866,110468,0,0,0,0,0,257306,3,0
0,0,0,0,24,28,11867,110468,0,0,0,0,0,244787,3,0
0,0,0,0,4,28,11868,110468,0,0,0,0,0,252185,3,0
0,0,0,0,13,28,11869,110468,0,0,0,0,0,263283,3,0
0,0,0,0,33,28,11870,110468,0,0,0,0,0,255699,3,0
0,0,0,0,29,28,11871,110468,0,0,0,0,0,72612,3,0
0,0,0,0,9,28,11872,110468,0,0,0,0,0,263791,3,0
0,0,0,0,37,28,11873,110468,0,0,0,0,0,72936,3,0
0,0,0,0,17,28,11874,110468,0,0,0,0,0,273128,3,0
0,0,0,0,7,28,11875,110468,0,0,0,0,0,236547,3,0
0,0,0,0,3,28,11876,110468,0,0,0,0,0,252551,3,0
0,0,0,0,32,29,11877,110468,0,0,0,0,0,244796,3,0
0,0,0,0,1,29,11878,110468,0,0,0,0,0,72937,3,0
0,0,0,0,5,29,11879,110468,0,0,0,0,0,277553,3,0
0,0,0,0,26,29,11880,110468,0,0,0,0,0,263548,3,0
0,0,0,0,30,29,11881,110468,0,0,0,0,0,278965,3,0
0,0,0,0,80,29,11882,110468,0,0,0,0,0,74753,3,0
0,0,0,0,12,29,11883,110468,0,0,0,0,0,74419,3,0
0,0,0,0,1,0,11884,111596,0,0,0,0,0,189117,3,0
0,0,0,0,2,3,11885,111596,0,0,0,0,0,231985,3,0
0,0,0,0,15,4,11886,111596,0,0,0,0,0,222557,3,0
0,0,0,0,13,6,11887,111596,0,0,0,0,0,233790,3,0
0,0,0,0,18,7,11888,111596,0,0,0,0,0,189332,3,0
0,0,0,0,5,9,11889,111596,0,0,0,0,0,189511,3,0
0,0,0,0,16,11,11890,111596,0,0,0,0,0,156519,3,0
0,0,0,0,21,17,11891,111596,0,0,0,0,0,241907,3,0
0,0,0,0,11,18,11892,111596,0,0,0,0,0,221634,3,0
0,0,0,0,19,19,11893,111596,0,0,0,0,0,234505,3,0
0,0,0,0,24,25,11894,111596,0,0,0,0,0,237034,3,0
0,0,0,0,20,28,11895,111596,0,0,0,0,0,184111,3,0
0,0,0,0,6,28,11896,111596,0,0,0,0,0,202078,3,0
0,0,0,0,4,28,11897,111596,0,0,0,0,0,206485,3,0
0,0,0,0,31,28,11898,111596,0,0,0,0,0,212401,3,0
0,0,0,0,26,28,11899,111596,0,0,0,0,0,167948,3,0
0,0,0,0,99,28,11900,111596,0,0,0,0,0,225951,3,0
0,0,0,0,7,28,11901,111596,0,0,0,0,0,242816,3,0
0,0,0,0,17,28,11902,111596,0,0,0,0,0,228312,3,0
0,0,0,0,27,28,11903,111596,0,0,0,0,0,210021,3,0
0,0,0,0,3,28,11904,111596,0,0,0,0,0,270517,3,0
0,0,0,0,8,28,11905,111596,0,0,0,0,0,212404,3,0
0,0,0,0,30,28,11906,111596,0,0,0,0,0,236571,3,0
0,0,0,0,14,29,11907,111596,0,0,0,0,0,244797,3,0
0,0,0,0,12,29,11908,111596,0,0,0,0,0,70822,3,0
0,0,0,0,23,29,11909,111596,0,0,0,0,0,246423,3,0
0,0,0,0,22,29,11910,111596,0,0,0,0,0,242542,3,0
0,0,0,0,17,0,11911,111701,0,0,0,0,0,247072,3,0
0,0,0,0,11,3,11912,111701,0,0,0,0,0,247671,3,0
0,0,0,0,4,4,11913,111701,0,0,0,0,0,213917,3,0
0,0,0,0,3,6,11914,111701,0,0,0,0,0,263163,3,0
0,0,0,0,15,7,11915,111701,0,0,0,0,0,257188,3,0
0,0,0,0,70,9,11916,111701,0,0,0,0,0,279061,3,0
0,0,0,0,5,11,11917,111701,0,0,0,0,0,226652,3,0
0,0,0,0,10,12,11918,111701,0,0,0,0,0,226376,3,0
0,0,0,0,8,16,11919,111701,0,0,0,0,0,262175,3,0
0,0,0,0,20,18,11920,111701,0,0,0,0,0,246107,3,0
0,0,0,0,21,25,11921,111701,0,0,0,0,0,264348,3,0
0,0,0,0,19,28,11922,111701,0,0,0,0,0,267852,3,0
0,0,0,0,27,28,11923,111701,0,0,0,0,0,73728,3,0
0,0,0,0,7,28,11924,111701,0,0,0,0,0,259432,3,0
0,0,0,0,24,28,11925,111701,0,0,0,0,0,264431,3,0
0,0,0,0,1,28,11926,111701,0,0,0,0,0,247067,3,0
0,0,0,0,6,28,11927,111701,0,0,0,0,0,247060,3,0
0,0,0,0,18,28,11928,111701,0,0,0,0,0,252771,3,0
0,0,0,0,13,28,11929,111701,0,0,0,0,0,247696,3,0
0,0,0,0,9,28,11930,111701,0,0,0,0,0,251353,3,0
0,0,0,0,30,28,11931,111701,0,0,0,0,0,277574,3,0
0,0,0,0,99,28,11932,111701,0,0,0,0,0,71548,3,0
0,0,0,0,66,28,11933,111701,0,0,0,0,0,277572,3,0
0,0,0,0,90,29,11934,111701,0,0,0,0,0,71550,3,0
0,0,0,0,77,29,11935,111701,0,0,0,0,0,71653,3,0
0,0,0,0,88,29,11936,111701,0,0,0,0,0,74998,3,0
0,0,0,0,16,29,11937,111701,0,0,0,0,0,269082,3,0
0,0,0,0,23,29,11938,111701,0,0,0,0,0,73729,3,0
0,0,0,0,46,29,11939,111701,0,0,0,0,0,74995,3,0
0,0,0,0,40,29,11940,111701,0,0,0,0,0,74994,3,0
0,0,0,0,28,29,11941,111701,0,0,0,0,0,74993,3,0
0,0,0,0,52,29,11942,111701,0,0,0,0,0,74996,3,0
0,0,0,0,72,29,11943,111701,0,0,0,0,0,74997,3,0
0,0,0,0,56,29,11944,111701,0,0,0,0,0,258104,3,0
0,0,0,0,97,0,11945,113888,0,0,0,0,0,234877,3,0
0,0,0,0,2,3,11946,113888,0,0,0,0,0,257265,3,0
0,0,0,0,13,4,11947,113888,0,0,0,0,0,72871,3,0
0,0,0,0,55,6,11948,113888,0,0,0,0,0,72873,3,0
0,0,0,0,27,7,11949,113888,0,0,0,0,0,72868,3,0
0,0,0,0,6,9,11950,113888,0,0,0,0,0,258360,3,0
0,0,0,0,8,11,11951,113888,0,0,0,0,0,234984,3,0
0,0,0,0,15,17,11952,113888,0,0,0,0,0,72866,3,0
0,0,0,0,7,18,11953,113888,0,0,0,0,0,206436,3,0
0,0,0,0,10,19,11954,113888,0,0,0,0,0,212934,3,0
0,0,0,0,18,25,11955,113888,0,0,0,0,0,235371,3,0
0,0,0,0,66,28,11956,113888,0,0,0,0,0,224259,3,0
0,0,0,0,29,28,11957,113888,0,0,0,0,0,215720,3,0
0,0,0,0,44,28,11958,113888,0,0,0,0,0,72869,3,0
0,0,0,0,81,28,11959,113888,0,0,0,0,0,72874,3,0
0,0,0,0,1,28,11960,113888,0,0,0,0,0,278145,3,0
0,0,0,0,90,28,11961,113888,0,0,0,0,0,72870,3,0
0,0,0,0,19,28,11962,113888,0,0,0,0,0,72872,3,0
0,0,0,0,20,28,11963,113888,0,0,0,0,0,72875,3,0
0,0,0,0,21,28,11964,113888,0,0,0,0,0,277456,3,0
0,0,0,0,30,28,11965,113888,0,0,0,0,0,72877,3,0
0,0,0,0,99,28,11966,113888,0,0,0,0,0,258239,3,0
0,0,0,0,24,28,11967,113888,0,0,0,0,0,72876,3,0
0,0,0,0,11,29,11968,113888,0,0,0,0,0,276093,3,0
0,0,0,0,9,29,11969,113888,0,0,0,0,0,276614,3,0
0,0,0,0,12,29,11970,113888,0,0,0,0,0,74952,3,0
0,0,0,0,1,0,11971,114815,0,0,0,0,0,238428,3,0
0,0,0,0,2,3,11972,114815,0,0,0,0,0,5003,3,0
0,0,0,0,5,4,11973,114815,0,0,0,0,0,1183,3,0
0,0,0,0,6,6,11974,114815,0,0,0,0,0,166906,3,0
0,0,0,0,3,7,11975,114815,0,0,0,0,0,238430,3,0
0,0,0,0,4,10,11976,114815,0,0,0,0,0,214100,3,0
0,0,0,0,8,13,11977,114815,0,0,0,0,0,238435,3,0
0,0,0,0,21,15,11978,114815,0,0,0,0,0,1397,3,0
0,0,0,0,80,18,11979,114815,0,0,0,0,0,28130,3,0
0,0,0,0,7,24,11980,114815,0,0,0,0,0,167198,3,0
0,0,0,0,9,26,11981,114815,0,0,0,0,0,237067,3,0
0,0,0,0,99,28,11982,114815,0,0,0,0,0,51,3,0
0,0,0,0,27,28,11983,114815,0,0,0,0,0,1605,3,0
0,0,0,0,36,28,11984,114815,0,0,0,0,0,1116,3,0
0,0,0,0,31,28,11985,114815,0,0,0,0,0,243029,3,0
0,0,0,0,19,28,11986,114815,0,0,0,0,0,51539,3,0
0,0,0,0,39,28,11987,114815,0,0,0,0,0,247703,3,0
0,0,0,0,77,28,11988,114815,0,0,0,0,0,238382,3,0
0,0,0,0,13,28,11989,114815,0,0,0,0,0,34079,3,0
0,0,0,0,30,28,11990,114815,0,0,0,0,0,247699,3,0
0,0,0,0,23,28,11991,114815,0,0,0,0,0,5467,3,0
0,0,0,0,16,28,11992,114815,0,0,0,0,0,240,3,0
0,0,0,0,29,28,11993,114815,0,0,0,0,0,7512,3,0
0,0,0,0,25,29,11994,114815,0,0,0,0,0,1201,3,0
0,0,0,0,17,29,11995,114815,0,0,0,0,0,239261,3,0
0,0,0,0,76,29,11996,114815,0,0,0,0,0,13128,3,0
0,0,0,0,55,29,11997,114815,0,0,0,0,0,45674,3,0
0,0,0,0,11,29,11998,114815,0,0,0,0,0,54050,3,0
0,0,0,0,10,29,11999,114815,0,0,0,0,0,183277,3,0
0,0,0,0,24,29,12000,114815,0,0,0,0,0,1668,3,0
0,0,0,0,14,29,12001,114815,0,0,0,0,0,243027,3,0
0,0,0,0,40,29,12002,114815,0,0,0,0,0,5419,3,0
0,0,0,0,37,29,12003,114815,0,0,0,0,0,247515,3,0
0,0,0,0,32,29,12004,114815,0,0,0,0,0,250,3,0
0,0,0,0,28,29,12005,114815,0,0,0,0,0,5589,3,0
0,0,0,0,22,29,12006,114815,0,0,0,0,0,330,3,0
0,0,0,0,26,29,12007,114815,0,0,0,0,0,27,3,0
0,0,0,0,15,29,12008,114815,0,0,0,0,0,246,3,0
0,0,0,0,34,29,12009,114815,0,0,0,0,0,191972,3,0
0,0,0,0,18,29,12010,114815,0,0,0,0,0,6975,3,0
0,0,0,0,45,29,12011,114815,0,0,0,0,0,238424,3,0
0,0,0,0,1,0,12012,1318,0,0,0,0,0,204935,3,0
0,0,0,0,2,3,12013,1318,0,0,0,0,0,188377,3,0
0,0,0,0,5,4,12014,1318,0,0,0,0,0,203574,3,0
0,0,0,0,6,6,12015,1318,0,0,0,0,0,241159,3,0
0,0,0,0,3,7,12016,1318,0,0,0,0,0,205988,3,0
0,0,0,0,26,9,12017,1318,0,0,0,0,0,269136,3,0
0,0,0,0,4,11,12018,1318,0,0,0,0,0,234378,3,0
0,0,0,0,7,12,12019,1318,0,0,0,0,0,246669,3,0
0,0,0,0,11,16,12020,1318,0,0,0,0,0,237692,3,0
0,0,0,0,10,18,12021,1318,0,0,0,0,0,252371,3,0
5,0,0,1,9,25,12022,1318,0,0,0,0,0,202126,3,0
0,0,0,0,16,28,12023,1318,0,0,0,0,0,238216,3,0
0,0,0,0,8,28,12024,1318,0,0,0,0,0,231281,3,0
0,0,0,0,12,28,12025,1318,0,0,0,0,0,186345,3,0
0,0,0,0,15,28,12026,1318,0,0,0,0,0,203263,3,0
0,0,0,0,13,28,12027,1318,0,0,0,0,0,233934,3,0
0,0,0,0,24,28,12028,1318,0,0,0,0,0,257534,3,0
0,0,0,0,21,28,12029,1318,0,0,0,0,0,235794,3,0
0,0,0,0,17,28,12030,1318,0,0,0,0,0,212228,3,0
0,0,0,0,19,28,12031,1318,0,0,0,0,0,221697,3,0
0,0,0,0,18,28,12032,1318,0,0,0,0,0,242964,3,0
0,0,0,0,20,28,12033,1318,0,0,0,0,0,224371,3,0
0,0,0,0,25,28,12034,1318,0,0,0,0,0,259240,3,0
0,0,0,0,14,29,12035,1318,0,0,0,0,0,227678,3,0
0,0,0,0,22,29,12036,1318,0,0,0,0,0,225100,3,0
0,0,0,0,23,29,12037,1318,0,0,0,0,0,203841,3,0
0,0,0,0,1,0,12038,1328,0,0,0,0,0,241671,3,0
0,0,0,0,21,3,12039,1328,0,0,0,0,0,257889,3,0
0,0,0,0,6,4,12040,1328,0,0,0,0,0,256325,3,0
0,0,0,0,2,5,12041,1328,0,0,0,0,0,225263,3,0
0,0,0,0,4,6,12042,1328,0,0,0,0,0,251517,3,0
0,0,0,0,19,7,12043,1328,0,0,0,0,0,243388,3,0
0,0,0,0,8,10,12044,1328,0,0,0,0,0,207410,3,0
0,0,0,0,15,13,12045,1328,0,0,0,0,0,223273,3,0
0,0,0,0,10,15,12046,1328,0,0,0,0,0,177003,3,0
0,0,0,0,9,24,12047,1328,0,0,0,0,0,216354,3,0
0,0,0,0,17,26,12048,1328,0,0,0,0,0,215455,3,0
0,0,0,0,24,28,12049,1328,0,0,0,0,0,262842,3,0
0,0,0,0,20,28,12050,1328,0,0,0,0,0,244270,3,0
0,0,0,0,23,28,12051,1328,0,0,0,0,0,258775,3,0
0,0,0,0,3,28,12052,1328,0,0,0,0,0,238370,3,0
0,0,0,0,13,28,12053,1328,0,0,0,0,0,246267,3,0
0,0,0,0,14,28,12054,1328,0,0,0,0,0,181458,3,0
0,0,0,0,22,28,12055,1328,0,0,0,0,0,252931,3,0
0,0,0,0,7,28,12056,1328,0,0,0,0,0,221174,3,0
0,0,0,0,16,28,12057,1328,0,0,0,0,0,188335,3,0
0,0,0,0,25,28,12058,1328,0,0,0,0,0,229593,3,0
0,0,0,0,12,28,12059,1328,0,0,0,0,0,242288,3,0
0,0,0,0,5,28,12060,1328,0,0,0,0,0,244456,3,0
0,0,0,0,11,29,12061,1328,0,0,0,0,0,259750,3,0
0,0,0,0,26,29,12062,1328,0,0,0,0,0,262740,3,0
0,0,0,0,18,29,12063,1328,0,0,0,0,0,276278,3,0
0,0,0,0,1,0,12064,1330,0,0,0,0,0,242948,3,0
0,0,0,0,5,3,12065,1330,0,0,0,0,0,244470,3,0
0,0,0,0,6,4,12066,1330,0,0,0,0,0,259748,3,0
0,0,0,0,4,5,12067,1330,0,0,0,0,0,251116,3,0
0,0,0,0,18,6,12068,1330,0,0,0,0,0,252064,3,0
0,0,0,0,3,7,12069,1330,0,0,0,0,0,266374,3,0
0,0,0,0,14,13,12070,1330,0,0,0,0,0,253727,3,0
0,0,0,0,22,15,12071,1330,0,0,0,0,0,236792,3,0
0,0,0,0,8,18,12072,1330,0,0,0,0,0,247050,3,0
0,0,0,0,10,24,12073,1330,0,0,0,0,0,234236,3,0
0,0,0,0,9,26,12074,1330,0,0,0,0,0,246618,3,0
0,0,0,0,15,28,12075,1330,0,0,0,0,0,247028,3,0
0,0,0,0,25,28,12076,1330,0,0,0,0,0,251221,3,0
0,0,0,0,2,28,12077,1330,0,0,0,0,0,255687,3,0
0,0,0,0,13,28,12078,1330,0,0,0,0,0,199323,3,0
0,0,0,0,12,28,12079,1330,0,0,0,0,0,269511,3,0
0,0,0,0,17,28,12080,1330,0,0,0,0,0,216860,3,0
0,0,0,0,7,28,12081,1330,0,0,0,0,0,258208,3,0
0,0,0,0,24,28,12082,1330,0,0,0,0,0,246919,3,0
0,0,0,0,19,28,12083,1330,0,0,0,0,0,244793,3,0
0,0,0,0,20,28,12084,1330,0,0,0,0,0,257536,3,0
0,0,0,0,26,28,12085,1330,0,0,0,0,0,276646,3,0
0,0,0,0,23,28,12086,1330,0,0,0,0,0,73580,3,0
0,0,0,0,21,29,12087,1330,0,0,0,0,0,71259,3,0
0,0,0,0,16,29,12088,1330,0,0,0,0,0,229154,3,0
0,0,0,0,11,29,12089,1330,0,0,0,0,0,241186,3,0
0,0,0,0,1,0,12090,1331,0,0,0,0,0,163587,3,0
0,0,0,0,2,4,12091,1331,0,0,0,0,0,224221,3,0
0,0,0,0,3,5,12092,1331,0,0,0,0,0,235658,3,0
0,0,0,0,6,6,12093,1331,0,0,0,0,0,213661,3,0
0,0,0,0,18,12,12094,1331,0,0,0,0,0,245235,3,0
0,0,0,0,12,13,12095,1331,0,0,0,0,0,244669,3,0
1,0,0,1,23,15,12096,1331,0,0,0,0,0,213648,3,0
0,0,0,0,5,16,12097,1331,0,0,0,0,0,234678,3,0
6,0,0,1,10,18,12098,1331,0,0,0,0,0,190460,3,0
0,0,0,0,19,24,12099,1331,0,0,0,0,0,241522,3,0
0,0,0,0,21,26,12100,1331,0,0,0,0,0,259399,3,0
3,0,0,1,20,28,12101,1331,0,0,0,0,0,207791,3,0
0,0,0,0,28,28,12102,1331,0,0,0,0,0,228687,3,0
0,0,0,0,7,28,12103,1331,0,0,0,0,0,229723,3,0
0,0,0,0,14,28,12104,1331,0,0,0,0,0,241508,3,0
0,0,0,0,22,28,12105,1331,0,0,0,0,0,201269,3,0
0,0,0,0,15,28,12106,1331,0,0,0,0,0,210697,3,0
0,0,0,0,13,28,12107,1331,0,0,0,0,0,233301,3,0
0,0,0,0,16,28,12108,1331,0,0,0,0,0,246158,3,0
0,0,0,0,26,28,12109,1331,0,0,0,0,0,259762,3,0
0,0,0,0,8,28,12110,1331,0,0,0,0,0,220714,3,0
0,0,0,0,17,28,12111,1331,0,0,0,0,0,236918,3,0
0,0,0,0,11,28,12112,1331,0,0,0,0,0,240017,3,0
0,0,0,0,30,29,12113,1331,0,0,0,0,0,183491,3,0
0,0,0,0,27,29,12114,1331,0,0,0,0,0,193283,3,0
0,0,0,0,25,29,12115,1331,0,0,0,0,0,246459,3,0
0,0,0,0,1,0,12116,1334,0,0,0,0,0,190941,3,0
0,0,0,0,17,3,12117,1334,0,0,0,0,0,234298,3,0
0,0,0,0,22,4,12118,1334,0,0,0,0,0,266125,3,0
0,0,0,0,4,5,12119,1334,0,0,0,0,0,258599,3,0
0,0,0,0,3,6,12120,1334,0,0,0,0,0,231533,3,0
0,0,0,0,2,7,12121,1334,0,0,0,0,0,207593,3,0
0,0,0,0,11,10,12122,1334,0,0,0,0,0,213763,3,0
0,0,0,0,15,13,12123,1334,0,0,0,0,0,232446,3,0
0,0,0,0,6,15,12124,1334,0,0,0,0,0,213654,3,0
8,0,0,1,10,24,12125,1334,0,0,0,0,0,190362,3,0
4,0,0,1,20,26,12126,1334,0,0,0,0,0,220165,3,0
0,0,0,0,14,28,12127,1334,0,0,0,0,0,247447,3,0
0,0,0,0,8,28,12128,1334,0,0,0,0,0,256215,3,0
0,0,0,0,13,28,12129,1334,0,0,0,0,0,241475,3,0
0,0,0,0,5,28,12130,1334,0,0,0,0,0,272599,3,0
0,0,0,0,12,28,12131,1334,0,0,0,0,0,199904,3,0
0,0,0,0,7,28,12132,1334,0,0,0,0,0,239944,3,0
0,0,0,0,9,28,12133,1334,0,0,0,0,0,245582,3,0
0,0,0,0,23,28,12134,1334,0,0,0,0,0,258928,3,0
0,0,0,0,25,28,12135,1334,0,0,0,0,0,266113,3,0
0,0,0,0,16,28,12136,1334,0,0,0,0,0,263310,3,0
0,0,0,0,28,28,12137,1334,0,0,0,0,0,234889,3,0
0,0,0,0,18,28,12138,1334,0,0,0,0,0,258953,3,0
0,0,0,0,21,29,12139,1334,0,0,0,0,0,271326,3,0
0,0,0,0,24,29,12140,1334,0,0,0,0,0,272598,3,0
0,0,0,0,27,29,12141,1334,0,0,0,0,0,228312,3,0
0,0,0,0,16,0,12142,1335,0,0,0,0,0,215698,3,0
0,0,0,0,5,3,12143,1335,0,0,0,0,0,241486,3,0
0,0,0,0,4,4,12144,1335,0,0,0,0,0,229558,3,0
0,0,0,0,17,6,12145,1335,0,0,0,0,0,243715,3,0
0,0,0,0,22,7,12146,1335,0,0,0,0,0,232656,3,0
0,0,0,0,8,10,12147,1335,0,0,0,0,0,241637,3,0
0,0,0,0,7,23,12148,1335,0,0,0,0,0,231443,3,0
1,0,0,1,13,13,12149,1335,0,0,0,0,0,215914,3,0
0,0,0,0,6,15,12150,1335,0,0,0,0,0,248243,3,0
0,0,0,0,25,27,12151,1335,0,0,0,0,0,264652,3,0
0,0,0,0,10,25,12152,1335,0,0,0,0,0,231747,3,0
1,0,0,1,20,28,12153,1335,0,0,0,0,0,213345,3,0
0,0,0,0,18,28,12154,1335,0,0,0,0,0,270673,3,0
0,0,0,0,3,28,12155,1335,0,0,0,0,0,228618,3,0
0,0,0,0,2,28,12156,1335,0,0,0,0,0,248695,3,0
0,0,0,0,1,28,12157,1335,0,0,0,0,0,204883,3,0
0,0,0,0,15,28,12158,1335,0,0,0,0,0,228093,3,0
0,0,0,0,19,28,12159,1335,0,0,0,0,0,245630,3,0
0,0,0,0,9,28,12160,1335,0,0,0,0,0,237679,3,0
0,0,0,0,12,28,12161,1335,0,0,0,0,0,236496,3,0
0,0,0,0,23,28,12162,1335,0,0,0,0,0,193105,3,0
0,0,0,0,21,28,12163,1335,0,0,0,0,0,239093,3,0
0,0,0,0,24,28,12164,1335,0,0,0,0,0,237678,3,0
0,0,0,0,14,29,12165,1335,0,0,0,0,0,232411,3,0
0,0,0,0,11,29,12166,1335,0,0,0,0,0,247827,3,0
0,0,0,0,26,29,12167,1335,0,0,0,0,0,200458,3,0
0,0,0,0,1,0,12168,1337,0,0,0,0,0,193698,3,0
0,0,0,0,6,3,12169,1337,0,0,0,0,0,212622,3,0
0,0,0,0,2,4,12170,1337,0,0,0,0,0,205452,3,0
0,0,0,0,4,6,12171,1337,0,0,0,0,0,213331,3,0
0,0,0,0,18,7,12172,1337,0,0,0,0,0,227647,3,0
0,0,0,0,23,9,12173,1337,0,0,0,0,0,212242,3,0
0,0,0,0,5,11,12174,1337,0,0,0,0,0,190765,3,0
0,0,0,0,21,17,12175,1337,0,0,0,0,0,206113,3,0
0,0,0,0,7,18,12176,1337,0,0,0,0,0,235790,3,0
0,0,0,0,17,19,12177,1337,0,0,0,0,0,256630,3,0
0,0,0,0,26,25,12178,1337,0,0,0,0,0,244176,3,0
0,0,0,0,15,28,12179,1337,0,0,0,0,0,247819,3,0
0,0,0,0,20,28,12180,1337,0,0,0,0,0,228579,3,0
0,0,0,0,16,28,12181,1337,0,0,0,0,0,229476,3,0
0,0,0,0,3,28,12182,1337,0,0,0,0,0,223697,3,0
0,0,0,0,22,28,12183,1337,0,0,0,0,0,223885,3,0
0,0,0,0,11,28,12184,1337,0,0,0,0,0,241925,3,0
0,0,0,0,24,28,12185,1337,0,0,0,0,0,275298,3,0
0,0,0,0,25,28,12186,1337,0,0,0,0,0,260926,3,0
0,0,0,0,8,28,12187,1337,0,0,0,0,0,250959,3,0
0,0,0,0,9,28,12188,1337,0,0,0,0,0,205431,3,0
0,0,0,0,10,28,12189,1337,0,0,0,0,0,256790,3,0
0,0,0,0,19,28,12190,1337,0,0,0,0,0,222492,3,0
0,0,0,0,13,29,12191,1337,0,0,0,0,0,212194,3,0
0,0,0,0,14,29,12192,1337,0,0,0,0,0,254117,3,0
0,0,0,0,12,29,12193,1337,0,0,0,0,0,192563,3,0
0,0,0,0,22,0,12194,1341,0,0,0,0,0,264133,3,0
0,0,0,0,2,3,12195,1341,0,0,0,0,0,237511,3,0
0,0,0,0,5,4,12196,1341,0,0,0,0,0,221422,3,0
0,0,0,0,23,6,12197,1341,0,0,0,0,0,208522,3,0
0,0,0,0,14,7,12198,1341,0,0,0,0,0,226510,3,0
0,0,0,0,7,12,12199,1341,0,0,0,0,0,191076,3,0
0,0,0,0,21,13,12200,1341,0,0,0,0,0,211177,3,0
0,0,0,0,17,14,12201,1341,0,0,0,0,0,262088,3,0
0,0,0,0,6,15,12202,1341,0,0,0,0,0,246814,3,0
0,0,0,0,9,16,12203,1341,0,0,0,0,0,241474,3,0
0,0,0,0,11,25,12204,1341,0,0,0,0,0,195586,3,0
0,0,0,0,16,28,12205,1341,0,0,0,0,0,244942,3,0
0,0,0,0,25,28,12206,1341,0,0,0,0,0,175789,3,0
0,0,0,0,4,28,12207,1341,0,0,0,0,0,190640,3,0
0,0,0,0,3,28,12208,1341,0,0,0,0,0,260383,3,0
0,0,0,0,12,28,12209,1341,0,0,0,0,0,246704,3,0
0,0,0,0,20,28,12210,1341,0,0,0,0,0,269400,3,0
0,0,0,0,10,28,12211,1341,0,0,0,0,0,238196,3,0
0,0,0,0,1,28,12212,1341,0,0,0,0,0,222562,3,0
0,0,0,0,18,28,12213,1341,0,0,0,0,0,236883,3,0
0,0,0,0,24,28,12214,1341,0,0,0,0,0,263657,3,0
0,0,0,0,8,28,12215,1341,0,0,0,0,0,238004,3,0
0,0,0,0,19,28,12216,1341,0,0,0,0,0,270578,3,0
0,0,0,0,15,29,12217,1341,0,0,0,0,0,274927,3,0
0,0,0,0,27,29,12218,1341,0,0,0,0,0,213512,3,0
0,0,0,0,26,29,12219,1341,0,0,0,0,0,208597,3,0
0,0,0,0,1,0,12220,1343,0,0,0,0,0,230621,3,0
0,0,0,0,22,4,12221,1343,0,0,0,0,0,217870,3,0
0,0,0,0,23,5,12222,1343,0,0,0,0,0,237383,3,0
0,0,0,0,5,6,12223,1343,0,0,0,0,0,257711,3,0
0,0,0,0,24,12,12224,1343,0,0,0,0,0,258966,3,0
0,0,0,0,7,13,12225,1343,0,0,0,0,0,253473,3,0
0,0,0,0,8,15,12226,1343,0,0,0,0,0,241096,3,0
0,0,0,0,3,16,12227,1343,0,0,0,0,0,226268,3,0
0,0,0,0,10,17,12228,1343,0,0,0,0,0,228251,3,0
0,0,0,0,16,19,12229,1343,0,0,0,0,0,239807,3,0
0,0,0,0,9,25,12230,1343,0,0,0,0,0,241850,3,0
0,0,0,0,21,28,12231,1343,0,0,0,0,0,260823,3,0
0,0,0,0,19,28,12232,1343,0,0,0,0,0,259583,3,0
0,0,0,0,4,28,12233,1343,0,0,0,0,0,243241,3,0
0,0,0,0,6,28,12234,1343,0,0,0,0,0,240277,3,0
0,0,0,0,12,28,12235,1343,0,0,0,0,0,240091,3,0
0,0,0,0,26,28,12236,1343,0,0,0,0,0,255611,3,0
0,0,0,0,14,28,12237,1343,0,0,0,0,0,275291,3,0
0,0,0,0,18,28,12238,1343,0,0,0,0,0,253002,3,0
0,0,0,0,20,28,12239,1343,0,0,0,0,0,268474,3,0
0,0,0,0,25,28,12240,1343,0,0,0,0,0,235840,3,0
0,0,0,0,2,28,12241,1343,0,0,0,0,0,261281,3,0
0,0,0,0,15,28,12242,1343,0,0,0,0,0,247229,3,0
1,0,0,1,17,29,12243,1343,0,0,0,0,0,184392,3,0
0,0,0,0,13,29,12244,1343,0,0,0,0,0,224232,3,0
0,0,0,0,11,29,12245,1343,0,0,0,0,0,236610,3,0
0,0,0,0,1,0,12246,1352,0,0,0,0,0,185427,3,0
0,0,0,0,14,3,12247,1352,0,0,0,0,0,229891,3,0
0,0,0,0,3,4,12248,1352,0,0,0,0,0,224258,3,0
0,0,0,0,4,6,12249,1352,0,0,0,0,0,238516,3,0
0,0,0,0,26,7,12250,1352,0,0,0,0,0,262135,3,0
0,0,0,0,6,10,12251,1352,0,0,0,0,0,222227,3,0
0,0,0,0,19,23,12252,1352,0,0,0,0,0,216549,3,0
0,0,0,0,10,13,12253,1352,0,0,0,0,0,222665,3,0
0,0,0,0,8,15,12254,1352,0,0,0,0,0,228092,3,0
0,0,0,0,20,27,12255,1352,0,0,0,0,0,262863,3,0
0,0,0,0,9,25,12256,1352,0,0,0,0,0,239085,3,0
0,0,0,0,16,28,12257,1352,0,0,0,0,0,238235,3,0
0,0,0,0,18,28,12258,1352,0,0,0,0,0,242725,3,0
0,0,0,0,17,28,12259,1352,0,0,0,0,0,243481,3,0
0,0,0,0,21,28,12260,1352,0,0,0,0,0,228518,3,0
0,0,0,0,13,28,12261,1352,0,0,0,0,0,247611,3,0
0,0,0,0,23,28,12262,1352,0,0,0,0,0,238756,3,0
0,0,0,0,22,28,12263,1352,0,0,0,0,0,277295,3,0
0,0,0,0,12,28,12264,1352,0,0,0,0,0,208573,3,0
0,0,0,0,2,28,12265,1352,0,0,0,0,0,222475,3,0
0,0,0,0,11,28,12266,1352,0,0,0,0,0,233848,3,0
0,0,0,0,25,28,12267,1352,0,0,0,0,0,237936,3,0
0,0,0,0,15,28,12268,1352,0,0,0,0,0,237937,3,0
0,0,0,0,24,29,12269,1352,0,0,0,0,0,256459,3,0
0,0,0,0,5,29,12270,1352,0,0,0,0,0,248342,3,0
0,0,0,0,27,29,12271,1352,0,0,0,0,0,277305,3,0
0,0,0,0,1,0,12272,1353,0,0,0,0,0,238186,3,0
0,0,0,0,5,4,12273,1353,0,0,0,0,0,220570,3,0
0,0,0,0,3,5,12274,1353,0,0,0,0,0,213404,3,0
0,0,0,0,14,6,12275,1353,0,0,0,0,0,265693,3,0
0,0,0,0,8,10,12276,1353,0,0,0,0,0,239778,3,0
0,0,0,0,19,12,12277,1353,0,0,0,0,0,212138,3,0
0,0,0,0,20,13,12278,1353,0,0,0,0,0,235973,3,0
3,0,0,1,10,15,12279,1353,0,0,0,0,0,210406,3,0
0,0,0,0,21,16,12280,1353,0,0,0,0,0,262113,3,0
0,0,0,0,7,24,12281,1353,0,0,0,0,0,224301,3,0
34,1,0,1,9,26,12282,1353,0,0,0,0,0,188545,3,0
0,0,0,0,2,28,12283,1353,0,0,0,0,0,252018,3,0
0,0,0,0,18,28,12284,1353,0,0,0,0,0,199763,3,0
0,0,0,0,15,28,12285,1353,0,0,0,0,0,238662,3,0
0,0,0,0,4,28,12286,1353,0,0,0,0,0,243497,3,0
0,0,0,0,12,28,12287,1353,0,0,0,0,0,189908,3,0
0,0,0,0,11,28,12288,1353,0,0,0,0,0,252495,3,0
2,0,0,1,13,28,12289,1353,0,0,0,0,0,216003,3,0
0,0,0,0,16,28,12290,1353,0,0,0,0,0,252508,3,0
0,0,0,0,23,28,12291,1353,0,0,0,0,0,223113,3,0
0,0,0,0,22,28,12292,1353,0,0,0,0,0,215502,3,0
0,0,0,0,26,28,12293,1353,0,0,0,0,0,254819,3,0
0,0,0,0,6,28,12294,1353,0,0,0,0,0,229973,3,0
0,0,0,0,24,29,12295,1353,0,0,0,0,0,248508,3,0
0,0,0,0,17,29,12296,1353,0,0,0,0,0,263208,3,0
0,0,0,0,25,29,12297,1353,0,0,0,0,0,269262,3,0
0,0,0,0,22,0,12298,1354,0,0,0,0,0,234577,3,0
3,0,0,1,20,3,12299,1354,0,0,0,0,0,210514,3,0
0,0,0,0,4,4,12300,1354,0,0,0,0,0,239818,3,0
0,0,0,0,14,6,12301,1354,0,0,0,0,0,257179,3,0
0,0,0,0,19,7,12302,1354,0,0,0,0,0,252145,3,0
0,0,0,0,6,10,12303,1354,0,0,0,0,0,229391,3,0
1,0,0,1,10,12,12304,1354,0,0,0,0,0,218667,3,0
0,0,0,0,23,13,12305,1354,0,0,0,0,0,255253,3,0
0,0,0,0,8,15,12306,1354,0,0,0,0,0,212198,3,0
0,0,0,0,17,16,12307,1354,0,0,0,0,0,241721,3,0
66,1,0,1,7,25,12308,1354,0,0,0,1,0,20801,3,0
0,0,0,0,18,28,12309,1354,0,0,0,0,0,224293,3,0
0,0,0,0,11,28,12310,1354,0,0,0,0,0,242444,3,0
0,0,0,0,5,28,12311,1354,0,0,0,0,0,234574,3,0
0,0,0,0,3,28,12312,1354,0,0,0,0,0,270086,3,0
0,0,0,0,1,28,12313,1354,0,0,0,0,0,210385,3,0
0,0,0,0,21,28,12314,1354,0,0,0,0,0,224458,3,0
0,0,0,0,25,28,12315,1354,0,0,0,0,0,238616,3,0
0,0,0,0,16,28,12316,1354,0,0,0,0,0,273906,3,0
0,0,0,0,24,28,12317,1354,0,0,0,0,0,244778,3,0
0,0,0,0,9,28,12318,1354,0,0,0,0,0,210411,3,0
0,0,0,0,15,28,12319,1354,0,0,0,0,0,272834,3,0
0,0,0,0,26,28,12320,1354,0,0,0,0,0,261050,3,0
0,0,0,0,13,29,12321,1354,0,0,0,0,0,255566,3,0
0,0,0,0,2,29,12322,1354,0,0,0,0,0,227928,3,0
0,0,0,0,12,29,12323,1354,0,0,0,0,0,257635,3,0
0,0,0,0,1,0,12324,1355,0,0,0,0,0,243585,3,0
0,0,0,0,2,3,12325,1355,0,0,0,0,0,180216,3,0
0,0,0,0,22,4,12326,1355,0,0,0,0,0,261647,3,0
0,0,0,0,12,5,12327,1355,0,0,0,0,0,248484,3,0
0,0,0,0,4,6,12328,1355,0,0,0,0,0,235405,3,0
0,0,0,0,11,7,12329,1355,0,0,0,0,0,226012,3,0
0,0,0,0,20,23,12330,1355,0,0,0,0,0,231005,3,0
0,0,0,0,6,13,12331,1355,0,0,0,0,0,228151,3,0
0,0,0,0,17,15,12332,1355,0,0,0,0,0,252376,3,0
0,0,0,0,25,27,12333,1355,0,0,0,0,0,238505,3,0
0,0,0,0,19,25,12334,1355,0,0,0,0,0,259608,3,0
0,0,0,0,8,28,12335,1355,0,0,0,0,0,216464,3,0
0,0,0,0,14,28,12336,1355,0,0,0,0,0,236344,3,0
0,0,0,0,15,28,12337,1355,0,0,0,0,0,246991,3,0
4,0,0,1,13,28,12338,1355,0,0,0,0,0,201884,3,0
0,0,0,0,16,28,12339,1355,0,0,0,0,0,240913,3,0
0,0,0,0,21,28,12340,1355,0,0,0,0,0,237916,3,0
0,0,0,0,3,28,12341,1355,0,0,0,0,0,212454,3,0
0,0,0,0,10,28,12342,1355,0,0,0,0,0,220139,3,0
0,0,0,0,9,28,12343,1355,0,0,0,0,0,242265,3,0
0,0,0,0,26,28,12344,1355,0,0,0,0,0,244288,3,0
0,0,0,0,5,28,12345,1355,0,0,0,0,0,204936,3,0
0,0,0,0,23,28,12346,1355,0,0,0,0,0,232284,3,0
0,0,0,0,24,29,12347,1355,0,0,0,0,0,246847,3,0
0,0,0,0,18,29,12348,1355,0,0,0,0,0,225872,3,0
0,0,0,0,7,29,12349,1355,0,0,0,0,0,201417,3,0
0,0,0,0,1,0,12350,1356,0,0,0,0,0,238033,3,0
0,0,0,0,2,3,12351,1356,0,0,0,0,0,248165,3,0
0,0,0,0,3,4,12352,1356,0,0,0,0,0,260105,3,0
0,0,0,0,15,6,12353,1356,0,0,0,0,0,248003,3,0
0,0,0,0,11,7,12354,1356,0,0,0,0,0,243000,3,0
0,0,0,0,18,9,12355,1356,0,0,0,0,0,235813,3,0
0,0,0,0,6,11,12356,1356,0,0,0,0,0,252313,3,0
0,0,0,0,20,12,12357,1356,0,0,0,0,0,239978,3,0
0,0,0,0,17,16,12358,1356,0,0,0,0,0,238274,3,0
4,0,0,1,21,18,12359,1356,0,0,0,0,0,212207,3,0
0,0,0,0,19,25,12360,1356,0,0,0,0,0,245770,3,0
0,0,0,0,10,28,12361,1356,0,0,0,0,0,226568,3,0
0,0,0,0,24,28,12362,1356,0,0,0,0,0,253758,3,0
0,0,0,0,4,28,12363,1356,0,0,0,0,0,223229,3,0
0,0,0,0,5,28,12364,1356,0,0,0,0,0,248021,3,0
0,0,0,0,16,28,12365,1356,0,0,0,0,0,248073,3,0
0,0,0,0,14,28,12366,1356,0,0,0,0,0,247972,3,0
0,0,0,0,13,28,12367,1356,0,0,0,0,0,248060,3,0
0,0,0,0,8,28,12368,1356,0,0,0,0,0,229804,3,0
0,0,0,0,23,28,12369,1356,0,0,0,0,0,246562,3,0
1,0,0,1,7,28,12370,1356,0,0,0,0,0,197971,3,0
0,0,0,0,12,28,12371,1356,0,0,0,0,0,251136,3,0
0,0,0,0,22,28,12372,1356,0,0,0,0,0,248674,3,0
0,0,0,0,9,29,12373,1356,0,0,0,0,0,225652,3,0
3,0,0,1,25,29,12374,1356,0,0,0,0,0,212048,3,0
0,0,0,0,26,29,12375,1356,0,0,0,0,0,248105,3,0
0,0,0,0,1,0,12376,1359,0,0,0,0,0,216325,3,0
0,0,0,0,2,3,12377,1359,0,0,0,0,0,234072,3,0
0,0,0,0,15,4,12378,1359,0,0,0,0,0,240439,3,0
1,0,0,1,5,5,12379,1359,0,0,0,0,0,198904,3,0
0,0,0,0,6,6,12380,1359,0,0,0,0,0,226491,3,0
1,0,0,1,3,7,12381,1359,0,0,0,0,0,216267,3,0
0,0,0,0,4,12,12382,1359,0,0,0,0,0,237238,3,0
0,0,0,0,14,13,12383,1359,0,0,0,0,0,245992,3,0
0,0,0,0,11,15,12384,1359,0,0,0,0,0,213884,3,0
0,0,0,0,7,16,12385,1359,0,0,0,0,0,210881,3,0
0,0,0,0,10,25,12386,1359,0,0,0,0,0,226093,3,0
0,0,0,0,20,28,12387,1359,0,0,0,0,0,189218,3,0
0,0,0,0,13,28,12388,1359,0,0,0,0,0,225316,3,0
0,0,0,0,24,28,12389,1359,0,0,0,0,0,226508,3,0
0,0,0,0,16,28,12390,1359,0,0,0,0,0,189456,3,0
0,0,0,0,21,28,12391,1359,0,0,0,0,0,204269,3,0
0,0,0,0,18,28,12392,1359,0,0,0,0,0,216218,3,0
0,0,0,0,17,28,12393,1359,0,0,0,0,0,202282,3,0
0,0,0,0,22,28,12394,1359,0,0,0,0,0,234229,3,0
0,0,0,0,19,28,12395,1359,0,0,0,0,0,261283,3,0
0,0,0,0,9,28,12396,1359,0,0,0,0,0,247279,3,0
0,0,0,0,26,28,12397,1359,0,0,0,0,0,225974,3,0
0,0,0,0,23,28,12398,1359,0,0,0,0,0,201368,3,0
0,0,0,0,25,29,12399,1359,0,0,0,0,0,200630,3,0
0,0,0,0,8,29,12400,1359,0,0,0,0,0,221908,3,0
0,0,0,0,12,29,12401,1359,0,0,0,0,0,225203,3,0
0,0,0,0,23,0,12402,1362,0,0,0,0,0,230869,3,0
0,0,0,0,2,3,12403,1362,0,0,0,0,0,204963,3,0
0,0,0,0,3,4,12404,1362,0,0,0,0,0,233486,3,0
0,0,0,0,14,6,12405,1362,0,0,0,0,0,212218,3,0
0,0,0,0,24,7,12406,1362,0,0,0,0,0,239231,3,0
0,0,0,0,16,10,12407,1362,0,0,0,0,0,231866,3,0
0,0,0,0,19,23,12408,1362,0,0,0,0,0,277643,3,0
0,0,0,0,20,13,12409,1362,0,0,0,0,0,251854,3,0
0,0,0,0,8,15,12410,1362,0,0,0,0,0,226271,3,0
0,0,0,0,17,27,12411,1362,0,0,0,0,0,256516,3,0
6,0,0,1,7,25,12412,1362,0,0,0,0,0,201153,3,0
0,0,0,0,6,28,12413,1362,0,0,0,0,0,225193,3,0
0,0,0,0,18,28,12414,1362,0,0,0,0,0,248148,3,0
0,0,0,0,5,28,12415,1362,0,0,0,0,0,200724,3,0
3,0,0,1,22,28,12416,1362,0,0,0,0,0,146536,3,0
0,0,0,0,1,28,12417,1362,0,0,0,0,0,220901,3,0
0,0,0,0,26,28,12418,1362,0,0,0,0,0,173608,3,0
0,0,0,0,11,28,12419,1362,0,0,0,0,0,241461,3,0
0,0,0,0,10,28,12420,1362,0,0,0,0,0,244260,3,0
0,0,0,0,13,28,12421,1362,0,0,0,0,0,227127,3,0
0,0,0,0,4,28,12422,1362,0,0,0,0,0,248550,3,0
0,0,0,0,9,28,12423,1362,0,0,0,0,0,215590,3,0
0,0,0,0,21,28,12424,1362,0,0,0,0,0,230142,3,0
0,0,0,0,25,29,12425,1362,0,0,0,0,0,277179,3,0
0,0,0,0,12,29,12426,1362,0,0,0,0,0,210035,3,0
0,0,0,0,34,29,12427,1362,0,0,0,0,0,264240,3,0
0,0,0,0,1,0,12428,1363,0,0,0,0,0,207557,3,0
0,0,0,0,27,3,12429,1363,0,0,0,0,0,213933,3,0
0,0,0,0,5,4,12430,1363,0,0,0,0,0,260697,3,0
0,0,0,0,3,6,12431,1363,0,0,0,0,0,221660,3,0
0,0,0,0,6,7,12432,1363,0,0,0,0,0,212678,3,0
0,0,0,0,21,12,12433,1363,0,0,0,0,0,247394,3,0
0,0,0,0,18,13,12434,1363,0,0,0,0,0,257400,3,0
0,0,0,0,14,15,12435,1363,0,0,0,0,0,219951,3,0
0,0,0,0,11,16,12436,1363,0,0,0,0,0,257470,3,0
0,0,0,0,17,24,12437,1363,0,0,0,0,0,241651,3,0
0,0,0,0,9,26,12438,1363,0,0,0,0,0,233731,3,0
0,0,0,0,19,28,12439,1363,0,0,0,0,0,228946,3,0
0,0,0,0,22,28,12440,1363,0,0,0,0,0,256782,3,0
0,0,0,0,15,28,12441,1363,0,0,0,0,0,220821,3,0
0,0,0,0,25,28,12442,1363,0,0,0,0,0,70084,3,0
0,0,0,0,23,28,12443,1363,0,0,0,0,0,192129,3,0
0,0,0,0,8,28,12444,1363,0,0,0,0,0,244472,3,0
0,0,0,0,2,28,12445,1363,0,0,0,0,0,207650,3,0
0,0,0,0,12,28,12446,1363,0,0,0,0,0,241643,3,0
0,0,0,0,20,28,12447,1363,0,0,0,0,0,268896,3,0
0,0,0,0,7,28,12448,1363,0,0,0,0,0,272926,3,0
1,0,0,1,10,28,12449,1363,0,0,0,0,0,208448,3,0
0,0,0,0,24,28,12450,1363,0,0,0,0,0,223933,3,0
0,0,0,0,13,29,12451,1363,0,0,0,0,0,213750,3,0
0,0,0,0,16,29,12452,1363,0,0,0,0,0,220969,3,0
0,0,0,0,4,29,12453,1363,0,0,0,0,0,236822,3,0
0,0,0,0,12,0,12454,1366,0,0,0,0,0,250753,3,0
0,0,0,0,25,3,12455,1366,0,0,0,0,0,258308,3,0
0,0,0,0,3,4,12456,1366,0,0,0,0,0,258781,3,0
0,0,0,0,22,6,12457,1366,0,0,0,0,0,229528,3,0
0,0,0,0,8,7,12458,1366,0,0,0,0,0,227813,3,0
0,0,0,0,18,10,12459,1366,0,0,0,0,0,277439,3,0
0,0,0,0,7,12,12460,1366,0,0,0,0,0,244369,3,0
0,0,0,0,14,13,12461,1366,0,0,0,0,0,259913,3,0
0,0,0,0,19,15,12462,1366,0,0,0,0,0,244374,3,0
0,0,0,0,10,16,12463,1366,0,0,0,0,0,246340,3,0
0,0,0,0,11,25,12464,1366,0,0,0,0,0,242458,3,0
0,0,0,0,6,28,12465,1366,0,0,0,0,0,206413,3,0
0,0,0,0,16,28,12466,1366,0,0,0,0,0,244380,3,0
0,0,0,0,5,28,12467,1366,0,0,0,0,0,248698,3,0
0,0,0,0,4,28,12468,1366,0,0,0,0,0,244428,3,0
0,0,0,0,23,28,12469,1366,0,0,0,0,0,243952,3,0
0,0,0,0,13,28,12470,1366,0,0,0,0,0,237055,3,0
0,0,0,0,15,28,12471,1366,0,0,0,0,0,194794,3,0
0,0,0,0,9,28,12472,1366,0,0,0,0,0,240702,3,0
0,0,0,0,24,28,12473,1366,0,0,0,0,0,271541,3,0
0,0,0,0,1,28,12474,1366,0,0,0,0,0,244385,3,0
0,0,0,0,20,28,12475,1366,0,0,0,0,0,243256,3,0
0,0,0,0,17,28,12476,1366,0,0,0,0,0,235414,3,0
0,0,0,0,2,29,12477,1366,0,0,0,0,0,263804,3,0
0,0,0,0,21,29,12478,1366,0,0,0,0,0,274732,3,0
0,0,0,0,26,29,12479,1366,0,0,0,0,0,274724,3,0
0,0,0,0,12,0,12480,1367,0,0,0,0,0,207998,3,0
0,0,0,0,14,3,12481,1367,0,0,0,0,0,225147,3,0
0,0,0,0,5,4,12482,1367,0,0,0,0,0,233201,3,0
0,0,0,0,6,5,12483,1367,0,0,0,0,0,229266,3,0
0,0,0,0,4,6,12484,1367,0,0,0,0,0,205923,3,0
0,0,0,0,3,7,12485,1367,0,0,0,0,0,243057,3,0
0,0,0,0,8,23,12486,1367,0,0,0,0,0,220710,3,0
0,0,0,0,17,13,12487,1367,0,0,0,0,0,265514,3,0
0,0,0,0,15,15,12488,1367,0,0,0,0,0,235735,3,0
0,0,0,0,20,27,12489,1367,0,0,0,0,0,232104,3,0
0,0,0,0,13,25,12490,1367,0,0,0,0,0,216627,3,0
11,0,0,1,10,28,12491,1367,0,0,0,0,0,186561,3,0
0,0,0,0,24,28,12492,1367,0,0,0,0,0,232545,3,0
0,0,0,0,16,28,12493,1367,0,0,0,0,0,220677,3,0
0,0,0,0,26,28,12494,1367,0,0,0,0,0,248687,3,0
0,0,0,0,1,28,12495,1367,0,0,0,0,0,170084,3,0
0,0,0,0,9,28,12496,1367,0,0,0,0,0,251421,3,0
0,0,0,0,11,28,12497,1367,0,0,0,0,0,198437,3,0
0,0,0,0,7,28,12498,1367,0,0,0,0,0,220196,3,0
0,0,0,0,23,28,12499,1367,0,0,0,0,0,211363,3,0
0,0,0,0,21,28,12500,1367,0,0,0,0,0,200715,3,0
0,0,0,0,22,28,12501,1367,0,0,0,0,0,212366,3,0
0,0,0,0,18,28,12502,1367,0,0,0,0,0,248688,3,0
0,0,0,0,25,29,12503,1367,0,0,0,0,0,212484,3,0
0,0,0,0,19,29,12504,1367,0,0,0,0,0,233941,3,0
0,0,0,0,2,29,12505,1367,0,0,0,0,0,208806,3,0
0,0,0,0,23,0,12506,1369,0,0,0,0,0,202811,3,0
0,0,0,0,4,3,12507,1369,0,0,0,0,0,231340,3,0
0,0,0,0,13,4,12508,1369,0,0,0,0,0,232488,3,0
0,0,0,0,25,6,12509,1369,0,0,0,0,0,239301,3,0
0,0,0,0,3,7,12510,1369,0,0,0,0,0,211256,3,0
0,0,0,0,24,10,12511,1369,0,0,0,0,0,247090,3,0
56,1,0,1,10,23,12512,1369,0,0,0,0,0,158023,3,0
0,0,0,0,7,13,12513,1369,0,0,0,0,0,212616,3,0
0,0,0,0,20,15,12514,1369,0,0,0,0,0,239837,3,0
0,0,0,0,15,27,12515,1369,0,0,0,0,0,240690,3,0
0,0,0,0,9,25,12516,1369,0,0,0,0,0,246191,3,0
0,0,0,0,5,28,12517,1369,0,0,0,0,0,207439,3,0
0,0,0,0,8,28,12518,1369,0,0,0,0,0,224334,3,0
0,0,0,0,2,28,12519,1369,0,0,0,0,0,233084,3,0
2,0,0,1,19,28,12520,1369,0,0,0,0,0,192366,3,0
0,0,0,0,12,28,12521,1369,0,0,0,0,0,215316,3,0
0,0,0,0,22,28,12522,1369,0,0,0,0,0,231478,3,0
0,0,0,0,17,28,12523,1369,0,0,0,0,0,268438,3,0
0,0,0,0,11,28,12524,1369,0,0,0,0,0,211110,3,0
0,0,0,0,6,28,12525,1369,0,0,0,0,0,193601,3,0
0,0,0,0,18,28,12526,1369,0,0,0,0,0,225659,3,0
0,0,0,0,14,28,12527,1369,0,0,0,0,0,231521,3,0
0,0,0,0,16,28,12528,1369,0,0,0,0,0,226226,3,0
0,0,0,0,26,29,12529,1369,0,0,0,0,0,265695,3,0
0,0,0,0,21,29,12530,1369,0,0,0,0,0,272602,3,0
0,0,0,0,1,29,12531,1369,0,0,0,0,0,215223,3,0
0,0,0,0,13,0,12532,1386,0,0,0,0,0,140233,3,0
0,0,0,0,2,3,12533,1386,0,0,0,0,0,233493,3,0
0,0,0,0,3,4,12534,1386,0,0,0,0,0,229980,3,0
0,0,0,0,5,6,12535,1386,0,0,0,0,0,244349,3,0
0,0,0,0,24,7,12536,1386,0,0,0,0,0,239738,3,0
0,0,0,0,4,10,12537,1386,0,0,0,0,0,235844,3,0
0,0,0,0,25,23,12538,1386,0,0,0,0,0,237043,3,0
0,0,0,0,7,13,12539,1386,0,0,0,0,0,243015,3,0
0,0,0,0,17,15,12540,1386,0,0,0,0,0,224574,3,0
0,0,0,0,10,27,12541,1386,0,0,0,0,0,233260,3,0
8,0,0,1,9,25,12542,1386,0,0,0,0,0,204838,3,0
0,0,0,0,11,28,12543,1386,0,0,0,0,0,237248,3,0
0,0,0,0,21,28,12544,1386,0,0,0,0,0,246289,3,0
0,0,0,0,22,28,12545,1386,0,0,0,0,0,221293,3,0
0,0,0,0,14,28,12546,1386,0,0,0,0,0,263701,3,0
0,0,0,0,1,28,12547,1386,0,0,0,0,0,232654,3,0
0,0,0,0,16,28,12548,1386,0,0,0,0,0,246295,3,0
0,0,0,0,12,28,12549,1386,0,0,0,0,0,263836,3,0
0,0,0,0,23,28,12550,1386,0,0,0,0,0,73325,3,0
0,0,0,0,26,28,12551,1386,0,0,0,0,0,259474,3,0
0,0,0,0,8,28,12552,1386,0,0,0,0,0,235389,3,0
0,0,0,0,6,28,12553,1386,0,0,0,0,0,244973,3,0
0,0,0,0,15,28,12554,1386,0,0,0,0,0,263711,3,0
0,0,0,0,20,29,12555,1386,0,0,0,0,0,224151,3,0
0,0,0,0,19,29,12556,1386,0,0,0,0,0,237995,3,0
0,0,0,0,18,29,12557,1386,0,0,0,0,0,242118,3,0
0,0,0,0,1,0,12558,1387,0,0,0,0,0,233267,3,0
0,0,0,0,19,3,12559,1387,0,0,0,0,0,243133,3,0
0,0,0,0,3,4,12560,1387,0,0,0,0,0,250954,3,0
1,0,0,1,13,6,12561,1387,0,0,0,0,0,198261,3,0
0,0,0,0,5,7,12562,1387,0,0,0,0,0,229348,3,0
0,0,0,0,4,10,12563,1387,0,0,0,0,0,232999,3,0
0,0,0,0,21,23,12564,1387,0,0,0,0,0,241496,3,0
0,0,0,0,8,13,12565,1387,0,0,0,0,0,238744,3,0
0,0,0,0,7,15,12566,1387,0,0,0,0,0,245541,3,0
1,0,0,1,10,27,12567,1387,0,0,0,0,0,227796,3,0
0,0,0,0,9,25,12568,1387,0,0,0,0,0,251223,3,0
0,0,0,0,6,28,12569,1387,0,0,0,0,0,253177,3,0
0,0,0,0,11,28,12570,1387,0,0,0,0,0,247361,3,0
0,0,0,0,2,28,12571,1387,0,0,0,0,0,251804,3,0
0,0,0,0,22,28,12572,1387,0,0,0,0,0,212591,3,0
0,0,0,0,16,28,12573,1387,0,0,0,0,0,219736,3,0
0,0,0,0,26,28,12574,1387,0,0,0,0,0,242075,3,0
0,0,0,0,17,28,12575,1387,0,0,0,0,0,256853,3,0
0,0,0,0,14,28,12576,1387,0,0,0,0,0,229379,3,0
0,0,0,0,23,28,12577,1387,0,0,0,0,0,226579,3,0
0,0,0,0,12,28,12578,1387,0,0,0,0,0,237255,3,0
0,0,0,0,15,28,12579,1387,0,0,0,0,0,228174,3,0
0,0,0,0,24,28,12580,1387,0,0,0,0,0,242195,3,0
0,0,0,0,18,29,12581,1387,0,0,0,0,0,234777,3,0
0,0,0,0,20,29,12582,1387,0,0,0,0,0,235755,3,0
0,0,0,0,25,29,12583,1387,0,0,0,0,0,254962,3,0
0,0,0,0,1,0,12584,1886,0,0,0,0,0,185122,3,0
0,0,0,0,2,4,12585,1886,0,0,0,0,0,230718,3,0
0,0,0,0,6,5,12586,1886,0,0,0,0,0,204638,3,0
0,0,0,0,4,6,12587,1886,0,0,0,0,0,256780,3,0
0,0,0,0,14,12,12588,1886,0,0,0,0,0,263233,3,0
0,0,0,0,8,13,12589,1886,0,0,0,0,0,230936,3,0
0,0,0,0,13,15,12590,1886,0,0,0,0,0,247026,3,0
0,0,0,0,11,16,12591,1886,0,0,0,0,0,260908,3,0
0,0,0,0,10,17,12592,1886,0,0,0,0,0,236772,3,0
0,0,0,0,20,19,12593,1886,0,0,0,0,0,234171,3,0
0,0,0,0,19,25,12594,1886,0,0,0,0,0,236510,3,0
0,0,0,0,15,28,12595,1886,0,0,0,0,0,257630,3,0
0,0,0,0,5,28,12596,1886,0,0,0,0,0,253170,3,0
0,0,0,0,18,28,12597,1886,0,0,0,0,0,254159,3,0
0,0,0,0,3,28,12598,1886,0,0,0,0,0,258708,3,0
0,0,0,0,12,28,12599,1886,0,0,0,0,0,221610,3,0
0,0,0,0,16,28,12600,1886,0,0,0,0,0,238277,3,0
0,0,0,0,7,28,12601,1886,0,0,0,0,0,188537,3,0
0,0,0,0,23,28,12602,1886,0,0,0,0,0,236449,3,0
0,0,0,0,9,28,12603,1886,0,0,0,0,0,268097,3,0
0,0,0,0,22,28,12604,1886,0,0,0,0,0,201707,3,0
0,0,0,0,24,28,12605,1886,0,0,0,0,0,74726,3,0
0,0,0,0,25,28,12606,1886,0,0,0,0,0,268099,3,0
0,0,0,0,21,29,12607,1886,0,0,0,0,0,278113,3,0
0,0,0,0,17,29,12608,1886,0,0,0,0,0,276159,3,0
0,0,0,0,26,29,12609,1886,0,0,0,0,0,276220,3,0
0,0,0,0,1,0,12610,105035,0,0,0,0,0,258498,3,0
0,0,0,0,22,3,12611,105035,0,0,0,0,0,233096,3,0
0,0,0,0,15,4,12612,105035,0,0,0,0,0,235243,3,0
0,0,0,0,4,6,12613,105035,0,0,0,0,0,203376,3,0
0,0,0,0,5,7,12614,105035,0,0,0,0,0,208920,3,0
0,0,0,0,8,9,12615,105035,0,0,0,0,0,235149,3,0
0,0,0,0,6,11,12616,105035,0,0,0,0,0,246104,3,0
0,0,0,0,7,23,12617,105035,0,0,0,0,0,245367,3,0
0,0,0,0,11,27,12618,105035,0,0,0,0,0,242516,3,0
0,0,0,0,14,18,12619,105035,0,0,0,0,0,240638,3,0
0,0,0,0,10,25,12620,105035,0,0,0,0,0,250961,3,0
0,0,0,0,16,28,12621,105035,0,0,0,0,0,253109,3,0
3,0,0,1,25,28,12622,105035,0,0,0,0,0,198176,3,0
0,0,0,0,24,28,12623,105035,0,0,0,0,0,264453,3,0
0,0,0,0,2,28,12624,105035,0,0,0,0,0,241187,3,0
0,0,0,0,23,28,12625,105035,0,0,0,0,0,211738,3,0
0,0,0,0,12,28,12626,105035,0,0,0,0,0,253149,3,0
0,0,0,0,18,28,12627,105035,0,0,0,0,0,231447,3,0
0,0,0,0,19,28,12628,105035,0,0,0,0,0,251810,3,0
0,0,0,0,9,28,12629,105035,0,0,0,0,0,223689,3,0
0,0,0,0,3,28,12630,105035,0,0,0,0,0,251805,3,0
0,0,0,0,26,28,12631,105035,0,0,0,0,0,251806,3,0
0,0,0,0,17,28,12632,105035,0,0,0,0,0,236920,3,0
0,0,0,0,21,29,12633,105035,0,0,0,0,0,228702,3,0
3,0,0,1,20,29,12634,105035,0,0,0,0,0,202556,3,0
0,0,0,0,13,29,12635,105035,0,0,0,0,0,224241,3,0
0,0,0,0,1,0,12636,110081,0,0,0,0,0,229091,3,0
0,0,0,0,3,3,12637,110081,0,0,0,0,0,266400,3,0
0,0,0,0,20,4,12638,110081,0,0,0,0,0,270637,3,0
1,0,0,1,5,5,12639,110081,0,0,0,0,0,169588,3,0
0,0,0,0,4,6,12640,110081,0,0,0,0,0,243908,3,0
0,0,0,0,16,7,12641,110081,0,0,0,0,0,231292,3,0
0,0,0,0,2,23,12642,110081,0,0,0,0,0,264298,3,0
0,0,0,0,19,13,12643,110081,0,0,0,0,0,276695,3,0
1,0,0,1,13,15,12644,110081,0,0,0,0,0,186135,3,0
0,0,0,0,14,27,12645,110081,0,0,0,0,0,268630,3,0
0,0,0,0,10,25,12646,110081,0,0,0,0,0,205255,3,0
0,0,0,0,15,28,12647,110081,0,0,0,0,0,230136,3,0
0,0,0,0,24,28,12648,110081,0,0,0,0,0,243640,3,0
0,0,0,0,6,28,12649,110081,0,0,0,0,0,239540,3,0
0,0,0,0,22,28,12650,110081,0,0,0,0,0,242541,3,0
0,0,0,0,12,28,12651,110081,0,0,0,0,0,242289,3,0
0,0,0,0,11,28,12652,110081,0,0,0,0,0,241075,3,0
0,0,0,0,17,28,12653,110081,0,0,0,0,0,278819,3,0
1,0,0,1,21,28,12654,110081,0,0,0,0,0,186562,3,0
0,0,0,0,9,28,12655,110081,0,0,0,0,0,265468,3,0
0,0,0,0,18,28,12656,110081,0,0,0,0,0,251001,3,0
0,0,0,0,25,28,12657,110081,0,0,0,0,0,264269,3,0
0,0,0,0,23,28,12658,110081,0,0,0,0,0,273839,3,0
0,0,0,0,26,29,12659,110081,0,0,0,0,0,213697,3,0
0,0,0,0,7,29,12660,110081,0,0,0,0,0,204412,3,0
0,0,0,0,8,29,12661,110081,0,0,0,0,0,243520,3,0
0,0,0,0,1,0,12662,111111,0,0,0,0,0,209981,3,0
0,0,0,0,2,3,12663,111111,0,0,0,0,0,235212,3,0
0,0,0,0,5,4,12664,111111,0,0,0,0,0,244749,3,0
0,0,0,0,6,6,12665,111111,0,0,0,0,0,208295,3,0
0,0,0,0,3,7,12666,111111,0,0,0,0,0,236401,3,0
0,0,0,0,10,9,12667,111111,0,0,0,0,0,232097,3,0
0,0,0,0,4,11,12668,111111,0,0,0,0,0,224158,3,0
0,0,0,0,7,12,12669,111111,0,0,0,0,0,208670,3,0
0,0,0,0,21,16,12670,111111,0,0,0,0,0,255223,3,0
0,0,0,0,23,18,12671,111111,0,0,0,0,0,257504,3,0
0,0,0,0,19,25,12672,111111,0,0,0,0,0,235410,3,0
0,0,0,0,20,28,12673,111111,0,0,0,0,0,243586,3,0
0,0,0,0,11,28,12674,111111,0,0,0,0,0,259480,3,0
0,0,0,0,25,28,12675,111111,0,0,0,0,0,268866,3,0
0,0,0,0,14,28,12676,111111,0,0,0,0,0,245628,3,0
0,0,0,0,12,28,12677,111111,0,0,0,0,0,223573,3,0
0,0,0,0,9,28,12678,111111,0,0,0,0,0,233483,3,0
0,0,0,0,8,28,12679,111111,0,0,0,0,0,255125,3,0
0,0,0,0,17,28,12680,111111,0,0,0,0,0,262236,3,0
0,0,0,0,16,28,12681,111111,0,0,0,0,0,264432,3,0
0,0,0,0,15,28,12682,111111,0,0,0,0,0,229010,3,0
0,0,0,0,22,28,12683,111111,0,0,0,0,0,241777,3,0
0,0,0,0,18,28,12684,111111,0,0,0,0,0,241775,3,0
0,0,0,0,13,29,12685,111111,0,0,0,0,0,270828,3,0
0,0,0,0,26,29,12686,111111,0,0,0,0,0,268864,3,0
0,0,0,0,24,29,12687,111111,0,0,0,0,0,237499,3,0
0,0,0,0,1,0,12688,111462,0,0,0,0,0,257439,3,0
0,0,0,0,3,3,12689,111462,0,0,0,0,0,185349,3,0
0,0,0,0,23,4,12690,111462,0,0,0,0,0,212219,3,0
0,0,0,0,6,6,12691,111462,0,0,0,0,0,244915,3,0
0,0,0,0,14,7,12692,111462,0,0,0,0,0,247124,3,0
0,0,0,0,17,9,12693,111462,0,0,0,0,0,209989,3,0
0,0,0,0,21,11,12694,111462,0,0,0,0,0,252059,3,0
0,0,0,0,19,12,12695,111462,0,0,0,0,0,216201,3,0
0,0,0,0,9,16,12696,111462,0,0,0,0,0,197756,3,0
0,0,0,0,20,18,12697,111462,0,0,0,0,0,245155,3,0
0,0,0,0,25,25,12698,111462,0,0,0,0,0,241236,3,0
0,0,0,0,24,28,12699,111462,0,0,0,0,0,268763,3,0
0,0,0,0,13,28,12700,111462,0,0,0,0,0,241162,3,0
0,0,0,0,26,28,12701,111462,0,0,0,0,0,245598,3,0
0,0,0,0,4,28,12702,111462,0,0,0,0,0,245022,3,0
0,0,0,0,16,28,12703,111462,0,0,0,0,0,229956,3,0
0,0,0,0,11,28,12704,111462,0,0,0,0,0,258608,3,0
0,0,0,0,2,28,12705,111462,0,0,0,0,0,257946,3,0
0,0,0,0,12,28,12706,111462,0,0,0,0,0,230653,3,0
0,0,0,0,7,28,12707,111462,0,0,0,0,0,255036,3,0
0,0,0,0,15,28,12708,111462,0,0,0,0,0,238392,3,0
0,0,0,0,18,28,12709,111462,0,0,0,0,0,212883,3,0
0,0,0,0,10,28,12710,111462,0,0,0,0,0,176571,3,0
0,0,0,0,5,29,12711,111462,0,0,0,0,0,238569,3,0
0,0,0,0,8,29,12712,111462,0,0,0,0,0,242045,3,0
0,0,0,0,22,29,12713,111462,0,0,0,0,0,244853,3,0
0,0,0,0,1,0,12714,111473,0,0,0,0,0,206566,3,0
2,0,0,1,2,3,12715,111473,0,0,0,0,0,209361,3,0
0,0,0,0,5,4,12716,111473,0,0,0,0,0,202170,3,0
0,0,0,0,4,6,12717,111473,0,0,0,0,0,254143,3,0
0,0,0,0,13,7,12718,111473,0,0,0,0,0,242429,3,0
0,0,0,0,8,10,12719,111473,0,0,0,0,0,259680,3,0
0,0,0,0,20,23,12720,111473,0,0,0,0,0,243666,3,0
0,0,0,0,7,13,12721,111473,0,0,0,0,0,255360,3,0
0,0,0,0,10,15,12722,111473,0,0,0,0,0,232669,3,0
0,0,0,0,11,27,12723,111473,0,0,0,0,0,254136,3,0
18,1,0,1,9,25,12724,111473,0,0,0,0,0,192123,3,0
3,0,0,1,17,28,12725,111473,0,0,0,0,0,182091,3,0
0,0,0,0,23,28,12726,111473,0,0,0,0,0,231063,3,0
0,0,0,0,14,28,12727,111473,0,0,0,0,0,262289,3,0
0,0,0,0,24,28,12728,111473,0,0,0,0,0,237714,3,0
0,0,0,0,12,28,12729,111473,0,0,0,0,0,263851,3,0
0,0,0,0,19,28,12730,111473,0,0,0,0,0,245539,3,0
0,0,0,0,21,28,12731,111473,0,0,0,0,0,254138,3,0
0,0,0,0,22,28,12732,111473,0,0,0,0,0,225993,3,0
0,0,0,0,6,28,12733,111473,0,0,0,0,0,219392,3,0
2,0,0,1,15,28,12734,111473,0,0,0,0,0,186352,3,0
0,0,0,0,18,28,12735,111473,0,0,0,0,0,277552,3,0
0,0,0,0,16,28,12736,111473,0,0,0,0,0,266150,3,0
1,0,0,1,26,29,12737,111473,0,0,0,0,0,193092,3,0
0,0,0,0,3,29,12738,111473,0,0,0,0,0,264691,3,0
0,0,0,0,25,29,12739,111473,0,0,0,0,0,254142,3,0
0,0,0,0,1,0,12740,111527,0,0,0,0,0,180548,3,0
0,0,0,0,5,3,12741,111527,0,0,0,0,0,238878,3,0
0,0,0,0,3,4,12742,111527,0,0,0,0,0,268878,3,0
0,0,0,0,12,6,12743,111527,0,0,0,0,0,203244,3,0
0,0,0,0,4,7,12744,111527,0,0,0,0,0,268775,3,0
0,0,0,0,24,9,12745,111527,0,0,0,0,0,268982,3,0
0,0,0,0,20,11,12746,111527,0,0,0,0,0,268879,3,0
0,0,0,0,13,12,12747,111527,0,0,0,0,0,268877,3,0
0,0,0,0,11,16,12748,111527,0,0,0,0,0,234051,3,0
0,0,0,0,8,18,12749,111527,0,0,0,0,0,270564,3,0
0,0,0,0,19,25,12750,111527,0,0,0,0,0,268772,3,0
0,0,0,0,9,28,12751,111527,0,0,0,0,0,268780,3,0
0,0,0,0,26,28,12752,111527,0,0,0,0,0,273624,3,0
0,0,0,0,6,28,12753,111527,0,0,0,0,0,215911,3,0
0,0,0,0,16,28,12754,111527,0,0,0,0,0,268771,3,0
0,0,0,0,22,28,12755,111527,0,0,0,0,0,268783,3,0
0,0,0,0,10,28,12756,111527,0,0,0,0,0,268778,3,0
0,0,0,0,14,28,12757,111527,0,0,0,0,0,268776,3,0
0,0,0,0,2,28,12758,111527,0,0,0,0,0,268781,3,0
0,0,0,0,28,28,12759,111527,0,0,0,0,0,268784,3,0
0,0,0,0,7,28,12760,111527,0,0,0,0,0,268779,3,0
0,0,0,0,17,28,12761,111527,0,0,0,0,0,268774,3,0
0,0,0,0,15,28,12762,111527,0,0,0,0,0,268782,3,0
0,0,0,0,23,29,12763,111527,0,0,0,0,0,279194,3,0
0,0,0,0,25,29,12764,111527,0,0,0,0,0,74236,3,0
0,0,0,0,21,29,12765,111527,0,0,0,0,0,272472,3,0
0,0,0,0,1,0,12766,191,0,0,0,0,0,204092,1,0
0,0,0,0,70,3,12767,191,0,0,0,0,0,257345,1,0
0,0,0,0,6,4,12768,191,0,0,0,0,0,270997,2,0
0,0,0,0,91,6,12769,191,0,0,0,0,0,252018,2,0
0,0,0,0,3,7,12770,191,0,0,0,0,0,252573,3,0
0,0,0,0,27,10,12771,191,0,0,0,0,0,257271,3,0
1,0,0,1,18,13,12772,191,0,0,0,0,0,246402,2,0
0,0,0,0,14,15,12773,191,0,0,0,0,0,260876,3,0
5,1,0,1,30,18,12774,191,0,0,0,0,0,274288,2,0
0,0,0,0,11,24,12775,191,0,0,0,0,0,244389,3,0
1,0,0,1,19,26,12776,191,0,0,0,0,0,274445,3,0
2,0,0,1,45,28,12777,191,0,0,0,0,0,260236,3,0
0,0,0,0,7,28,12778,191,0,0,0,0,0,246885,2,0
0,0,0,0,8,28,12779,191,0,0,0,0,0,271975,1,0
0,0,0,0,39,28,12780,191,0,0,0,0,0,264377,2,0
0,0,0,0,24,28,12781,191,0,0,0,0,0,215522,3,0
1,0,0,1,21,28,12782,191,0,0,0,0,0,275978,3,0
0,0,0,0,10,28,12783,191,0,0,0,0,0,271974,2,0
0,0,0,0,29,28,12784,191,0,0,0,0,0,260237,2,0
0,0,0,0,4,28,12785,191,0,0,0,0,0,276052,3,0
0,0,0,0,28,28,12786,191,0,0,0,0,0,268504,1,0
0,0,0,0,16,28,12787,191,0,0,0,0,0,244653,3,0
0,0,0,0,36,28,12788,191,0,0,0,0,0,275183,3,0
0,0,0,0,20,29,12789,191,0,0,0,0,0,75264,2,0
0,0,0,0,5,29,12790,191,0,0,0,0,0,263028,3,0
2,0,0,1,49,29,12791,191,0,0,0,0,0,277119,3,0
0,0,0,0,15,29,12792,191,0,0,0,0,0,260235,3,0
0,0,0,0,1,0,12793,209,0,0,0,0,0,243675,3,0
0,0,0,0,22,3,12794,209,0,0,0,0,0,259101,5,0
0,0,0,0,5,4,12795,209,0,0,0,0,0,220665,3,0
1,0,0,1,24,6,12796,209,0,0,0,0,0,236712,5,0
0,0,0,0,17,7,12797,209,0,0,0,0,0,244940,3,0
0,0,0,0,4,10,12798,209,0,0,0,0,0,226129,3,0
3,0,0,1,10,13,12799,209,0,0,0,0,0,245058,4,0
1,0,0,1,21,15,12800,209,0,0,0,0,0,252148,3,0
1,0,0,1,19,18,12801,209,0,0,0,0,0,270017,3,0
7,1,0,1,18,24,12802,209,0,0,0,1,0,270050,5,0
1,0,0,1,15,26,12803,209,0,0,0,0,0,256127,5,0
0,0,0,0,9,28,12804,209,0,0,0,0,0,252846,2,0
1,0,0,1,20,28,12805,209,0,0,0,0,0,261293,3,0
0,0,0,0,25,28,12806,209,0,0,0,0,0,190589,3,0
0,0,0,0,2,28,12807,209,0,0,0,0,0,258036,3,0
0,0,0,0,53,28,12808,209,0,0,0,0,0,263961,3,0
0,0,0,0,14,28,12809,209,0,0,0,0,0,269497,3,0
1,0,0,1,47,28,12810,209,0,0,0,0,0,243442,5,0
2,0,0,1,38,28,12811,209,0,0,0,0,0,274527,3,0
0,0,0,0,11,28,12812,209,0,0,0,0,0,241536,3,0
0,0,0,0,6,28,12813,209,0,0,0,0,0,235995,3,0
0,0,0,0,35,28,12814,209,0,0,0,0,0,255536,4,0
0,0,0,0,36,28,12815,209,0,0,0,0,0,279130,3,0
0,0,0,0,40,29,12816,209,0,0,0,0,0,268623,3,0
0,0,0,0,23,29,12817,209,0,0,0,0,0,73113,3,0
0,0,0,0,30,29,12818,209,0,0,0,0,0,73112,3,0
1,0,0,1,8,29,12819,209,0,0,0,0,0,70841,4,0
0,0,0,0,28,0,12820,252,0,0,0,0,0,193277,3,0
0,0,0,0,26,4,12821,252,0,0,0,0,0,269402,3,0
1,0,0,1,5,5,12822,252,0,0,0,0,0,209196,4,0
0,0,0,0,16,6,12823,252,0,0,0,0,0,252873,3,0
4,1,0,1,9,23,12824,252,0,0,0,0,0,262587,3,0
0,0,0,0,29,12,12825,252,0,0,0,0,0,239394,3,0
0,0,0,0,30,13,12826,252,0,0,0,0,0,213301,4,0
1,0,0,1,14,15,12827,252,0,0,0,0,0,191783,3,0
0,0,0,0,7,16,12828,252,0,0,0,0,0,223676,3,0
0,0,0,0,8,27,12829,252,0,0,0,0,0,271092,3,0
3,0,0,1,10,25,12830,252,0,0,0,0,0,201290,4,0
0,0,0,0,2,28,12831,252,0,0,0,0,0,242628,3,0
0,0,0,0,22,28,12832,252,0,0,0,0,0,235055,3,0
0,0,0,0,17,28,12833,252,0,0,0,0,0,183907,3,0
0,0,0,0,4,28,12834,252,0,0,0,0,0,266180,3,0
0,0,0,0,43,28,12835,252,0,0,0,0,0,73623,3,0
1,0,0,1,11,28,12836,252,0,0,0,0,0,235416,4,0
0,0,0,0,18,28,12837,252,0,0,0,0,0,225553,3,0
1,0,0,1,6,28,12838,252,0,0,0,0,0,256544,3,0
0,0,0,0,25,28,12839,252,0,0,0,0,0,265588,3,0
0,0,0,0,19,28,12840,252,0,0,0,0,0,240941,4,0
0,0,0,0,3,28,12841,252,0,0,0,0,0,279193,3,0
0,0,0,0,45,28,12842,252,0,0,0,0,0,74365,3,0
0,0,0,0,49,29,12843,252,0,0,0,0,0,75080,3,0
0,0,0,0,42,29,12844,252,0,0,0,0,0,74367,3,0
0,0,0,0,35,29,12845,252,0,0,0,0,0,267761,3,0
0,0,0,0,38,29,12846,252,0,0,0,0,0,72271,3,0
1,0,0,1,23,29,12847,252,0,0,0,0,0,274143,4,0
1,0,0,1,44,29,12848,252,0,0,0,0,0,244403,3,0
0,0,0,0,21,29,12849,252,0,0,0,0,0,240045,3,0
0,0,0,0,20,29,12850,252,0,0,0,0,0,245278,3,0
0,0,0,0,1,29,12851,252,0,0,0,0,0,244810,3,0
0,0,0,0,45,0,12852,254,0,0,0,0,0,256938,4,0
0,0,0,0,77,3,12853,254,0,0,0,0,0,263233,4,0
0,0,0,0,20,4,12854,254,0,0,0,0,0,215370,3,0
0,0,0,0,55,6,12855,254,0,0,0,0,0,275918,4,0
1,0,0,1,23,7,12856,254,0,0,0,0,0,244795,3,0
1,0,0,1,28,9,12857,254,0,0,0,0,0,264877,3,0
0,0,0,0,8,11,12858,254,0,0,0,0,0,239091,4,0
0,0,0,0,10,12,12859,254,0,0,0,0,0,263464,3,0
2,0,0,1,22,16,12860,254,0,0,0,0,0,252960,3,0
1,0,0,1,18,18,12861,254,0,0,0,0,0,275638,4,0
1,0,0,1,9,25,12862,254,0,0,0,0,0,193584,2,0
4,1,0,1,7,28,12863,254,0,0,0,0,0,271384,5,0
0,0,0,0,38,28,12864,254,0,0,0,0,0,242202,3,0
0,0,0,0,21,28,12865,254,0,0,0,0,0,210489,2,0
1,0,0,1,6,28,12866,254,0,0,0,0,0,251167,4,0
0,0,0,0,25,28,12867,254,0,0,0,0,0,235820,3,0
0,0,0,0,17,28,12868,254,0,0,0,0,0,258601,4,0
0,0,0,0,5,28,12869,254,0,0,0,0,0,226924,3,0
0,0,0,0,41,28,12870,254,0,0,0,0,0,267864,3,0
0,0,0,0,3,28,12871,254,0,0,0,0,0,270136,3,0
0,0,0,0,24,28,12872,254,0,0,0,0,0,275736,3,0
0,0,0,0,37,28,12873,254,0,0,0,0,0,275569,3,0
0,0,0,0,27,28,12874,254,0,0,0,0,0,263444,2,0
0,0,0,0,53,29,12875,254,0,0,0,0,0,72018,3,0
0,0,0,0,4,29,12876,254,0,0,0,0,0,72722,3,0
0,0,0,0,16,29,12877,254,0,0,0,0,0,240285,3,0
0,0,0,0,14,29,12878,254,0,0,0,0,0,228639,3,0
0,0,0,0,50,29,12879,254,0,0,0,0,0,71439,3,0
0,0,0,0,51,29,12880,254,0,0,0,0,0,73750,3,0
0,0,0,0,66,29,12881,254,0,0,0,0,0,70947,3,0
0,0,0,0,30,29,12882,254,0,0,0,0,0,276129,3,0
0,0,0,0,49,29,12883,254,0,0,0,0,0,75084,3,0
0,0,0,0,70,29,12884,254,0,0,0,0,0,71513,3,0
0,0,0,0,19,29,12885,254,0,0,0,0,0,277986,3,0
0,0,0,0,1,0,12886,256,0,0,0,0,0,193272,3,0
0,0,0,0,28,4,12887,256,0,0,0,0,0,239090,3,0
0,0,0,0,31,5,12888,256,0,0,0,0,0,189060,3,0
1,0,0,1,3,6,12889,256,0,0,0,0,0,230981,3,0
0,0,0,0,26,12,12890,256,0,0,0,0,0,215368,2,0
1,0,0,1,30,13,12891,256,0,0,0,0,0,244941,3,0
0,0,0,0,5,15,12892,256,0,0,0,0,0,72975,3,0
0,0,0,0,21,16,12893,256,0,0,0,0,0,244599,3,0
2,0,0,1,36,18,12894,256,0,0,0,0,0,242815,5,0
3,0,0,1,17,24,12895,256,0,0,0,0,0,223867,2,0
1,0,0,1,9,26,12896,256,0,0,0,0,0,263130,3,0
2,0,0,1,77,28,12897,256,0,0,0,0,0,251431,3,0
0,0,0,0,25,28,12898,256,0,0,0,0,0,271005,3,0
0,0,0,0,24,28,12899,256,0,0,0,0,0,237570,3,0
0,0,0,0,66,28,12900,256,0,0,0,0,0,263131,3,0
0,0,0,0,99,28,12901,256,0,0,0,0,0,239410,3,0
0,0,0,0,37,28,12902,256,0,0,0,0,0,265185,3,0
0,0,0,0,19,28,12903,256,0,0,0,0,0,199769,3,0
0,0,0,0,40,28,12904,256,0,0,0,0,0,270907,3,0
0,0,0,0,70,28,12905,256,0,0,0,0,0,73329,3,0
1,0,0,1,6,28,12906,256,0,0,0,0,0,72245,2,0
0,0,0,0,46,28,12907,256,0,0,0,0,0,248470,3,0
0,0,0,0,13,28,12908,256,0,0,0,0,0,219657,3,0
0,0,0,0,7,29,12909,256,0,0,0,0,0,72163,3,0
0,0,0,0,18,29,12910,256,0,0,0,0,0,73666,3,0
0,0,0,0,47,29,12911,256,0,0,0,0,0,74306,3,0
0,0,0,0,2,29,12912,256,0,0,0,0,0,277865,3,0
0,0,0,0,4,29,12913,256,0,0,0,0,0,264821,3,0
0,0,0,0,22,29,12914,256,0,0,0,0,0,266618,3,0
0,0,0,0,29,29,12915,256,0,0,0,0,0,239708,3,0
0,0,0,0,1,0,12916,1787,0,0,0,0,0,173415,3,0
0,0,0,0,24,3,12917,1787,0,0,0,0,0,202518,3,0
0,0,0,0,31,4,12918,1787,0,0,0,0,0,229507,2,0
0,0,0,0,8,6,12919,1787,0,0,0,0,0,262389,3,0
0,0,0,0,27,7,12920,1787,0,0,0,0,0,262033,3,0
0,0,0,0,16,13,12921,1787,0,0,0,0,0,256218,3,0
0,0,0,0,6,14,12922,1787,0,0,0,0,0,244783,2,0
0,0,0,0,14,15,12923,1787,0,0,0,0,0,262383,3,0
1,0,0,1,29,18,12924,1787,0,0,0,0,0,251293,2,0
0,0,0,0,7,24,12925,1787,0,0,0,0,0,262380,1,0
0,0,0,0,11,26,12926,1787,0,0,0,0,0,248254,3,0
4,1,0,1,77,28,12927,1787,0,0,0,0,0,264247,2,0
0,0,0,0,5,28,12928,1787,0,0,0,0,0,276965,3,0
0,0,0,0,2,28,12929,1787,0,0,0,0,0,264816,2,0
1,0,0,1,34,28,12930,1787,0,0,0,0,0,276964,1,0
0,0,0,0,30,28,12931,1787,0,0,0,0,0,73119,1,0
1,0,0,1,9,28,12932,1787,0,0,0,0,0,270993,2,0
0,0,0,0,10,28,12933,1787,0,0,0,0,0,71062,3,0
0,0,0,0,19,28,12934,1787,0,0,0,0,0,73120,1,0
0,0,0,0,17,28,12935,1787,0,0,0,0,0,248823,2,0
0,0,0,0,3,28,12936,1787,0,0,0,0,0,276889,3,0
0,0,0,0,80,28,12937,1787,0,0,0,0,0,73117,3,0
0,0,0,0,41,28,12938,1787,0,0,0,0,0,73207,3,0
1,0,0,1,95,29,12939,1787,0,0,0,0,0,73665,3,0
0,0,0,0,18,29,12940,1787,0,0,0,0,0,265754,2,0
0,0,0,0,1,0,12941,2017,0,0,0,0,0,228562,3,0
0,0,0,0,28,3,12942,2017,0,0,0,0,0,244435,3,0
0,0,0,0,14,4,12943,2017,0,0,0,0,0,258806,3,0
0,0,0,0,6,6,12944,2017,0,0,0,0,0,73287,3,0
0,0,0,0,20,7,12945,2017,0,0,0,0,0,244413,4,0
1,0,0,1,11,12,12946,2017,0,0,0,0,0,276811,2,0
0,0,0,0,5,13,12947,2017,0,0,0,0,0,244438,5,0
1,0,0,1,23,15,12948,2017,0,0,0,0,0,203615,4,0
1,0,0,1,27,16,12949,2017,0,0,0,0,0,232843,3,0
4,1,0,1,9,24,12950,2017,0,0,0,0,0,73607,5,0
0,0,0,0,7,26,12951,2017,0,0,0,0,0,276178,3,0
0,0,0,0,77,28,12952,2017,0,0,0,0,0,277320,3,0
1,0,0,1,10,28,12953,2017,0,0,0,0,0,221896,3,0
0,0,0,0,36,28,12954,2017,0,0,0,0,0,271000,3,0
0,0,0,0,95,28,12955,2017,0,0,0,0,0,276123,3,0
0,0,0,0,21,28,12956,2017,0,0,0,0,0,259678,3,0
0,0,0,0,4,28,12957,2017,0,0,0,0,0,73188,2,0
0,0,0,0,29,28,12958,2017,0,0,0,0,0,279656,3,0
0,0,0,0,16,28,12959,2017,0,0,0,0,0,259805,3,0
1,0,0,1,18,28,12960,2017,0,0,0,0,0,270034,4,0
0,0,0,0,81,28,12961,2017,0,0,0,0,0,73189,3,0
0,0,0,0,39,28,12962,2017,0,0,0,0,0,73608,3,0
0,0,0,0,17,28,12963,2017,0,0,0,0,0,73187,3,0
0,0,0,0,44,29,12964,2017,0,0,0,0,0,276450,3,0
0,0,0,0,2,29,12965,2017,0,0,0,0,0,255768,3,0
0,0,0,0,3,29,12966,2017,0,0,0,0,0,73510,3,0
0,0,0,0,47,29,12967,2017,0,0,0,0,0,73206,3,0
0,0,0,0,22,29,12968,2017,0,0,0,0,0,73205,2,0
0,0,0,0,61,29,12969,2017,0,0,0,0,0,75045,2,0
0,0,0,0,1,0,12970,15009,0,0,0,0,0,205759,4,0
0,0,0,0,22,4,12971,15009,0,0,0,0,0,244507,3,0
1,0,0,1,5,5,12972,15009,0,0,0,0,0,228058,3,0
1,0,0,1,15,6,12973,15009,0,0,0,0,0,252252,3,0
0,0,0,0,11,12,12974,15009,0,0,0,0,0,70774,3,0
0,0,0,0,23,13,12975,15009,0,0,0,0,0,223427,2,0
0,0,0,0,8,15,12976,15009,0,0,0,0,0,229477,4,0
0,0,0,0,12,16,12977,15009,0,0,0,0,0,252254,3,0
0,0,0,0,30,18,12978,15009,0,0,0,0,0,243618,3,0
0,0,0,0,14,24,12979,15009,0,0,0,0,0,266162,3,0
6,1,0,1,20,26,12980,15009,0,0,0,0,0,233094,2,0
0,0,0,0,10,28,12981,15009,0,0,0,0,0,260637,3,0
0,0,0,0,9,28,12982,15009,0,0,0,0,0,188996,3,0
0,0,0,0,17,28,12983,15009,0,0,0,0,0,263046,3,0
0,0,0,0,25,28,12984,15009,0,0,0,0,0,239476,3,0
0,0,0,0,33,28,12985,15009,0,0,0,0,0,277446,3,0
0,0,0,0,27,28,12986,15009,0,0,0,0,0,239357,3,0
0,0,0,0,7,28,12987,15009,0,0,0,0,0,258821,3,0
0,0,0,0,24,28,12988,15009,0,0,0,0,0,73604,3,0
0,0,0,0,6,28,12989,15009,0,0,0,0,0,240481,3,0
0,0,0,0,19,28,12990,15009,0,0,0,0,0,274853,3,0
0,0,0,0,28,28,12991,15009,0,0,0,0,0,263443,3,0
0,0,0,0,21,28,12992,15009,0,0,0,0,0,257304,3,0
0,0,0,0,4,29,12993,15009,0,0,0,0,0,73141,3,0
0,0,0,0,18,29,12994,15009,0,0,0,0,0,73208,3,0
0,0,0,0,29,29,12995,15009,0,0,0,0,0,276188,3,0
0,0,0,0,39,29,12996,15009,0,0,0,0,0,277444,3,0
0,0,0,0,37,29,12997,15009,0,0,0,0,0,270999,3,0
0,0,0,0,40,0,12998,15040,0,0,0,0,0,270996,3,0
0,0,0,0,6,3,12999,15040,0,0,0,0,0,258822,3,0
1,0,0,1,5,4,13000,15040,0,0,0,0,0,259082,3,0
0,0,0,0,22,6,13001,15040,0,0,0,0,0,220995,3,0
0,0,0,0,25,7,13002,15040,0,0,0,0,0,244840,3,0
1,0,0,1,10,9,13003,15040,0,0,0,0,0,204987,3,0
0,0,0,0,4,11,13004,15040,0,0,0,0,0,231840,3,0
0,0,0,0,14,12,13005,15040,0,0,0,0,0,263319,3,0
1,0,0,1,23,16,13006,15040,0,0,0,0,0,263093,3,0
1,0,0,1,30,18,13007,15040,0,0,0,0,0,248471,5,0
1,0,0,1,8,25,13008,15040,0,0,0,0,0,277985,2,0
0,0,0,0,28,28,13009,15040,0,0,0,0,0,271004,3,0
2,0,0,1,7,28,13010,15040,0,0,0,0,0,73209,3,0
0,0,0,0,17,28,13011,15040,0,0,0,0,0,258273,3,0
1,0,0,1,20,28,13012,15040,0,0,0,0,0,271002,3,0
0,0,0,0,1,28,13013,15040,0,0,0,0,0,263092,3,0
0,0,0,0,16,28,13014,15040,0,0,0,0,0,200433,3,0
0,0,0,0,3,28,13015,15040,0,0,0,0,0,250780,3,0
0,0,0,0,19,28,13016,15040,0,0,0,0,0,262627,3,0
0,0,0,0,11,28,13017,15040,0,0,0,0,0,258510,3,0
0,0,0,0,21,28,13018,15040,0,0,0,0,0,277002,3,0
0,0,0,0,13,28,13019,15040,0,0,0,0,0,277445,3,0
0,0,0,0,27,28,13020,15040,0,0,0,0,0,270279,3,0
0,0,0,0,32,29,13021,15040,0,0,0,0,0,74308,3,0
0,0,0,0,31,29,13022,15040,0,0,0,0,0,74307,3,0
0,0,0,0,33,29,13023,15040,0,0,0,0,0,243664,3,0
0,0,0,0,1,0,13024,110720,0,0,0,0,0,269694,3,0
1,0,0,1,60,4,13025,110720,0,0,0,0,0,221956,3,0
0,0,0,0,15,5,13026,110720,0,0,0,0,0,233435,3,0
0,0,0,0,23,6,13027,110720,0,0,0,0,0,260995,3,0
0,0,0,0,10,23,13028,110720,0,0,0,0,0,263313,2,0
0,0,0,0,28,12,13029,110720,0,0,0,0,0,247041,3,0
1,0,0,1,20,13,13030,110720,0,0,0,0,0,275639,3,0
0,0,0,0,8,15,13031,110720,0,0,0,0,0,262839,3,0
1,0,0,1,27,16,13032,110720,0,0,0,0,0,224271,3,0
1,0,0,1,7,27,13033,110720,0,0,0,0,0,253693,3,0
6,1,0,1,9,25,13034,110720,0,0,0,0,0,226958,4,0
0,0,0,0,13,28,13035,110720,0,0,0,0,0,251413,3,0
0,0,0,0,2,28,13036,110720,0,0,0,0,0,224267,3,0
0,0,0,0,14,28,13037,110720,0,0,0,0,0,251230,3,0
0,0,0,0,26,28,13038,110720,0,0,0,0,0,276490,3,0
0,0,0,0,12,28,13039,110720,0,0,0,0,0,181733,1,0
0,0,0,0,11,28,13040,110720,0,0,0,0,0,70585,3,0
1,0,0,1,30,28,13041,110720,0,0,0,0,0,210490,2,0
0,0,0,0,5,28,13042,110720,0,0,0,0,0,275632,3,0
0,0,0,0,17,28,13043,110720,0,0,0,0,0,276122,2,0
0,0,0,0,29,28,13044,110720,0,0,0,0,0,261241,3,0
0,0,0,0,22,28,13045,110720,0,0,0,0,0,244425,3,0
0,0,0,0,19,28,13046,110720,0,0,0,0,0,275634,3,0
0,0,0,0,31,29,13047,110720,0,0,0,0,0,275631,3,0
0,0,0,0,21,29,13048,110720,0,0,0,0,0,73605,3,0
0,0,0,0,6,29,13049,110720,0,0,0,0,0,73140,3,0
0,0,0,0,4,29,13050,110720,0,0,0,0,0,258907,3,0
0,0,0,0,18,29,13051,110720,0,0,0,0,0,74992,4,0
0,0,0,0,16,29,13052,110720,0,0,0,0,0,265425,3,0
0,0,0,0,1,0,13053,111822,0,0,0,0,0,256537,3,0
2,0,0,1,22,4,13054,111822,0,0,0,0,0,229818,3,0
2,0,0,1,8,5,13055,111822,0,0,0,0,0,210482,3,0
0,0,0,0,37,6,13056,111822,0,0,0,0,0,262955,3,0
2,0,0,1,17,23,13057,111822,0,0,0,0,0,226705,3,0
0,0,0,0,97,12,13058,111822,0,0,0,0,0,261991,2,0
4,1,0,1,20,13,13059,111822,0,0,0,0,0,73288,3,0
0,0,0,0,19,15,13060,111822,0,0,0,0,0,276491,3,0
2,0,0,1,31,16,13061,111822,0,0,0,0,0,238988,1,0
4,1,0,1,11,27,13062,111822,0,0,0,0,0,248356,5,0
0,0,0,0,10,25,13063,111822,0,0,0,0,0,251499,3,0
0,0,0,0,32,28,13064,111822,0,0,0,0,0,193260,3,0
1,0,0,0,44,28,13065,111822,0,0,0,0,0,270032,2,0
0,0,0,0,3,28,13066,111822,0,0,0,0,0,242547,3,0
0,0,0,0,5,28,13067,111822,0,0,0,0,0,70869,3,0
0,0,0,0,21,28,13068,111822,0,0,0,0,0,263137,3,0
0,0,0,0,9,28,13069,111822,0,0,0,0,0,70627,3,0
1,0,0,0,7,28,13070,111822,0,0,0,0,0,264867,3,0
0,0,0,0,14,28,13071,111822,0,0,0,0,0,270750,3,0
0,0,0,0,77,28,13072,111822,0,0,0,0,0,70993,3,0
0,0,0,0,15,28,13073,111822,0,0,0,0,0,279911,3,0
0,0,0,0,12,28,13074,111822,0,0,0,0,0,257497,3,0
0,0,0,0,2,28,13075,111822,0,0,0,0,0,73121,3,0
3,0,0,1,47,29,13076,111822,0,0,0,0,0,73952,3,0
0,0,0,0,34,29,13077,111822,0,0,0,0,0,73610,3,0
0,0,0,0,27,29,13078,111822,0,0,0,0,0,74981,4,0
0,0,0,0,1,0,13079,113616,0,0,0,0,0,72534,2,0
2,0,0,1,21,3,13080,113616,0,0,0,0,0,72540,3,0
0,0,0,0,19,4,13081,113616,0,0,0,0,0,72536,2,0
0,0,0,0,30,6,13082,113616,0,0,0,0,0,262639,3,0
0,0,0,0,22,7,13083,113616,0,0,0,0,0,72539,3,0
0,0,0,0,13,10,13084,113616,0,0,0,0,0,181731,3,0
1,0,0,1,99,23,13085,113616,0,0,0,0,0,240986,3,0
2,0,0,1,10,13,13086,113616,0,0,0,0,0,72542,3,0
0,0,0,0,7,15,13087,113616,0,0,0,0,0,244522,3,0
0,0,0,0,14,27,13088,113616,0,0,0,0,0,241552,3,0
0,0,0,0,9,25,13089,113616,0,0,0,0,0,216582,3,0
0,0,0,0,20,28,13090,113616,0,0,0,0,0,72541,3,0
0,0,0,0,8,28,13091,113616,0,0,0,0,0,272404,3,0
1,0,0,1,5,28,13092,113616,0,0,0,0,0,203026,1,0
0,0,0,0,15,28,13093,113616,0,0,0,0,0,72538,1,0
0,0,0,0,26,28,13094,113616,0,0,0,0,0,72535,3,0
2,0,0,1,12,28,13095,113616,0,0,0,0,0,265579,2,0
0,0,0,0,28,28,13096,113616,0,0,0,0,0,239393,3,0
0,0,0,0,4,28,13097,113616,0,0,0,0,0,256967,3,0
1,0,0,1,11,28,13098,113616,0,0,0,0,0,273652,3,0
0,0,0,0,27,28,13099,113616,0,0,0,0,0,222365,3,0
0,0,0,0,6,28,13100,113616,0,0,0,0,0,210953,3,0
0,0,0,0,23,28,13101,113616,0,0,0,0,0,72984,3,0
0,0,0,0,24,29,13102,113616,0,0,0,0,0,243801,3,0
1,0,0,1,18,29,13103,113616,0,0,0,0,0,244916,3,0
0,0,0,0,33,29,13104,113616,0,0,0,0,0,71302,3,0
0,0,0,0,17,29,13105,113616,0,0,0,0,0,74361,3,0
0,0,0,0,1,0,13106,980,0,0,0,0,0,210941,3,0
0,0,0,0,95,3,13107,980,0,0,0,0,0,244800,2,0
0,0,0,0,28,4,13108,980,0,0,0,0,0,212535,3,0
1,0,0,0,98,6,13109,980,0,0,0,0,0,263034,4,0
0,0,0,0,92,7,13110,980,0,0,0,0,0,274017,3,0
6,0,0,1,70,12,13111,980,0,0,0,0,0,237091,2,0
0,0,0,0,44,13,13112,980,0,0,0,0,0,238098,2,0
1,0,0,0,2,15,13113,980,0,0,0,0,0,263787,2,0
2,0,0,1,89,16,13114,980,0,0,0,0,0,70420,3,0
3,0,0,1,10,24,13115,980,0,0,0,0,0,247471,4,0
2,0,0,1,12,26,13116,980,0,0,0,0,0,212791,1,0
2,0,0,1,9,28,13117,980,0,0,0,0,0,233214,3,0
1,0,0,0,77,28,13118,980,0,0,0,0,0,71205,2,0
1,0,0,0,15,28,13119,980,0,0,0,0,0,252810,3,0
0,0,0,0,24,28,13120,980,0,0,0,0,0,261055,3,0
0,0,0,0,25,28,13121,980,0,0,0,0,0,261106,4,0
1,0,0,0,36,28,13122,980,0,0,0,0,0,248131,3,0
2,0,0,1,17,28,13123,980,0,0,0,0,0,246930,2,0
1,0,0,0,8,28,13124,980,0,0,0,0,0,208063,3,0
1,0,0,0,4,28,13125,980,0,0,0,0,0,242182,2,0
1,0,0,0,47,28,13126,980,0,0,0,0,0,255245,2,0
0,0,0,0,33,28,13127,980,0,0,0,0,0,273633,3,0
0,0,0,0,6,28,13128,980,0,0,0,0,0,233012,3,0
0,0,0,0,71,29,13129,980,0,0,0,0,0,233770,3,0
2,0,0,1,11,29,13130,980,0,0,0,0,0,255329,2,0
2,0,0,1,14,29,13131,980,0,0,0,0,0,243173,3,0
0,0,0,0,22,29,13132,980,0,0,0,0,0,232626,2,0
1,0,0,0,73,29,13133,980,0,0,0,0,0,71204,3,0
0,0,0,0,19,29,13134,980,0,0,0,0,0,261104,3,0
1,0,0,0,5,29,13135,980,0,0,0,0,0,242082,3,0
0,0,0,0,7,29,13136,980,0,0,0,0,0,212759,3,0
0,0,0,0,29,29,13137,980,0,0,0,0,0,71206,3,0
0,0,0,0,27,29,13138,980,0,0,0,0,0,274428,3,0
0,0,0,0,40,29,13139,980,0,0,0,0,0,274431,3,0
1,0,0,0,91,29,13140,980,0,0,0,0,0,266766,3,0
0,0,0,0,13,29,13141,980,0,0,0,0,0,274432,3,0
0,0,0,0,45,29,13142,980,0,0,0,0,0,266768,3,0
0,0,0,0,55,29,13143,980,0,0,0,0,0,73439,2,0
0,0,0,0,1,0,13144,982,0,0,0,0,0,252658,3,0
1,0,0,0,16,3,13145,982,0,0,0,0,0,251161,3,0
1,0,0,0,40,4,13146,982,0,0,0,0,0,266196,3,0
2,0,0,0,3,6,13147,982,0,0,0,0,0,221789,3,0
0,0,0,0,15,7,13148,982,0,0,0,0,0,222734,1,0
1,0,0,0,29,9,13149,982,0,0,0,0,0,228461,2,0
2,0,0,0,6,11,13150,982,0,0,0,0,0,180283,3,0
2,0,0,0,11,12,13151,982,0,0,0,0,0,261401,3,0
2,0,0,0,7,16,13152,982,0,0,0,0,0,191657,3,0
5,0,0,1,10,18,13153,982,1,0,0,0,1,207494,4,0
14,1,0,1,90,25,13154,982,0,0,0,1,2,228861,2,0
1,0,0,0,70,28,13155,982,0,0,0,0,0,237641,3,0
3,0,0,1,8,28,13156,982,0,0,0,0,0,237101,2,0
0,0,0,0,30,28,13157,982,0,0,0,0,0,251162,1,0
0,0,0,0,98,28,13158,982,0,0,0,0,0,237965,3,0
0,0,0,0,31,28,13159,982,0,0,0,0,0,221912,3,0
3,0,0,1,32,28,13160,982,0,0,0,0,0,234222,3,0
4,0,0,1,94,28,13161,982,0,0,0,0,0,210544,3,0
0,0,0,0,4,28,13162,982,0,0,0,0,0,238574,3,0
0,0,0,0,5,28,13163,982,0,0,0,0,0,73466,1,0
0,0,0,0,25,28,13164,982,0,0,0,0,0,261060,3,0
0,0,0,0,17,28,13165,982,0,0,0,0,0,236586,2,0
1,0,0,0,19,28,13166,982,0,0,0,0,0,245717,2,0
0,0,0,0,44,29,13167,982,0,0,0,0,0,71011,3,0
0,0,0,0,20,29,13168,982,0,0,0,0,0,273794,3,0
0,0,0,0,41,29,13169,982,0,0,0,0,0,273787,3,0
0,0,0,0,33,29,13170,982,0,0,0,0,0,71009,3,0
0,0,0,0,18,29,13171,982,0,0,0,0,0,213076,3,0
1,0,0,0,28,29,13172,982,0,0,0,0,0,273788,3,0
0,0,0,0,27,29,13173,982,0,0,0,0,0,71008,3,0
0,0,0,0,99,29,13174,982,0,0,0,0,0,254978,3,0
0,0,0,0,23,29,13175,982,0,0,0,0,0,71010,3,0
0,0,0,0,42,29,13176,982,0,0,0,0,0,266198,3,0
0,0,0,0,21,29,13177,982,0,0,0,0,0,234301,3,0
1,0,0,0,39,29,13178,982,0,0,0,0,0,72560,3,0
0,0,0,0,21,0,13179,1473,0,0,0,0,0,212432,4,0
0,0,0,0,73,3,13180,1473,0,0,0,0,0,202968,3,0
0,0,0,0,20,4,13181,1473,0,0,0,0,0,211002,3,0
2,0,0,0,19,6,13182,1473,0,0,0,0,0,201528,4,0
0,0,0,0,13,7,13183,1473,0,0,0,0,0,222052,4,0
4,0,0,1,11,12,13184,1473,0,0,0,0,0,246937,3,0
2,0,0,0,7,13,13185,1473,1,0,0,0,1,232595,5,0
2,0,0,0,6,15,13186,1473,0,0,0,0,1,213471,3,0
6,0,0,1,17,16,13187,1473,0,0,0,0,0,256370,3,0
12,1,0,1,99,24,13188,1473,1,0,0,0,1,270203,4,0
8,0,0,1,18,26,13189,1473,0,0,0,0,0,213189,3,0
0,0,0,0,8,28,13190,1473,0,0,0,0,0,228009,3,0
0,0,0,0,32,28,13191,1473,0,0,0,0,0,211003,3,0
2,0,0,0,10,28,13192,1473,0,0,0,0,0,218471,3,0
0,0,0,0,4,28,13193,1473,0,0,0,0,0,203002,4,0
0,0,0,0,1,28,13194,1473,0,0,0,0,0,187144,3,0
2,0,0,0,9,28,13195,1473,0,0,0,0,0,244182,3,0
1,0,0,0,96,28,13196,1473,0,0,0,0,0,245400,3,0
0,0,0,0,22,28,13197,1473,0,0,0,0,0,226651,3,0
2,0,0,0,30,28,13198,1473,0,0,0,0,0,261054,3,0
4,0,0,1,31,28,13199,1473,0,0,0,0,0,232775,3,0
0,0,0,0,2,28,13200,1473,0,0,0,0,0,221567,3,0
0,0,0,0,95,28,13201,1473,0,0,0,0,0,225765,3,0
0,0,0,0,27,29,13202,1473,0,0,0,0,0,155355,4,0
0,0,0,0,5,29,13203,1473,0,0,0,0,0,191915,3,0
1,0,0,0,26,29,13204,1473,0,0,0,0,0,255160,3,0
0,0,0,0,37,29,13205,1473,0,0,0,0,0,267433,3,0
0,0,0,0,23,29,13206,1473,0,0,0,0,0,255769,3,0
0,0,0,0,33,29,13207,1473,0,0,0,0,0,71318,3,0
0,0,0,0,91,29,13208,1473,0,0,0,0,0,165889,3,0
1,0,0,0,28,29,13209,1473,0,0,0,0,0,274415,3,0
1,0,0,0,70,29,13210,1473,0,0,0,0,0,71317,3,0
0,0,0,0,21,0,13211,1474,0,0,0,0,0,233286,3,0
0,0,0,0,17,3,13212,1474,0,0,0,0,0,184901,3,0
0,0,0,0,3,4,13213,1474,0,0,0,0,0,261053,3,0
2,0,0,0,4,6,13214,1474,0,0,0,0,0,227632,3,0
2,0,0,0,77,7,13215,1474,0,0,0,0,0,229343,3,0
8,0,0,1,27,12,13216,1474,0,0,0,0,0,234276,2,0
0,0,0,0,16,13,13217,1474,0,0,0,0,0,231942,2,0
3,0,0,1,8,15,13218,1474,0,0,0,0,0,272733,3,0
6,0,0,1,37,16,13219,1474,0,0,0,0,0,276616,3,0
3,0,0,1,14,24,13220,1474,0,0,0,0,0,232269,3,0
4,0,0,1,9,26,13221,1474,0,0,0,0,2,274437,4,0
2,0,0,0,10,28,13222,1474,0,0,0,0,0,207730,2,0
2,0,0,0,7,28,13223,1474,0,0,0,0,0,208047,2,0
1,0,0,0,26,28,13224,1474,0,0,0,0,0,261063,3,0
0,0,0,0,39,28,13225,1474,0,0,0,0,0,202978,3,0
0,0,0,0,1,28,13226,1474,0,0,0,0,0,212915,3,0
9,0,0,1,33,28,13227,1474,0,0,0,0,0,261115,3,0
1,0,0,0,20,28,13228,1474,1,0,0,0,1,261126,4,0
0,0,0,0,5,28,13229,1474,0,0,0,0,0,228191,3,0
2,0,0,0,6,28,13230,1474,0,0,0,0,0,227787,2,0
0,0,0,0,34,28,13231,1474,0,0,0,0,0,266478,2,0
0,0,0,0,13,28,13232,1474,0,0,0,0,0,261121,3,0
0,0,0,0,11,28,13233,1474,0,0,0,0,0,213181,3,0
0,0,0,0,22,29,13234,1474,0,0,0,0,0,241515,3,0
0,0,0,0,55,29,13235,1474,0,0,0,0,0,266324,3,0
1,0,0,0,19,29,13236,1474,0,0,0,0,0,266479,3,0
1,0,0,0,2,29,13237,1474,0,0,0,0,0,261078,2,0
0,0,0,0,41,29,13238,1474,0,0,0,0,0,70764,3,0
0,0,0,0,15,29,13239,1474,0,0,0,0,0,70762,3,0
0,0,0,0,32,29,13240,1474,0,0,0,0,0,266477,3,0
0,0,0,0,23,29,13241,1474,0,0,0,0,0,70761,3,0
0,0,0,0,29,29,13242,1474,0,0,0,0,0,274028,3,0
1,0,0,0,88,29,13243,1474,0,0,0,0,0,70763,3,0
0,0,0,0,18,29,13244,1474,0,0,0,0,0,274026,3,0
0,0,0,0,70,29,13245,1474,0,0,0,0,0,70759,3,0
0,0,0,0,90,29,13246,1474,0,0,0,0,0,70760,3,0
0,0,0,0,89,29,13247,1474,0,0,0,0,0,70758,3,0
0,0,0,0,71,0,13248,1477,0,0,0,0,0,266323,3,0
2,0,0,0,17,3,13249,1477,1,0,0,0,1,227788,4,0
1,0,0,0,14,4,13250,1477,0,0,0,0,0,242826,3,0
0,0,0,0,4,6,13251,1477,0,0,0,0,0,243673,4,0
0,0,0,0,23,7,13252,1477,0,0,0,0,0,213317,3,0
0,0,0,0,91,9,13253,1477,0,0,0,0,0,211004,3,0
4,0,0,0,8,11,13254,1477,1,0,0,0,1,228007,3,0
5,0,0,1,33,12,13255,1477,0,0,0,0,0,261105,2,0
6,0,0,1,10,16,13256,1477,0,0,0,0,0,248188,3,0
11,1,0,1,11,18,13257,1477,0,0,0,0,0,232000,2,0
6,0,0,1,9,25,13258,1477,0,0,0,0,0,267825,3,0
1,0,0,0,16,28,13259,1477,0,0,0,0,0,268420,3,0
3,0,0,0,97,28,13260,1477,0,0,0,0,1,227659,2,0
0,0,0,0,6,28,13261,1477,0,0,0,0,0,248487,3,0
1,0,0,0,39,28,13262,1477,0,0,0,0,0,199231,3,0
0,0,0,0,1,28,13263,1477,0,0,0,0,0,252662,3,0
3,0,0,0,30,28,13264,1477,0,0,0,0,0,232710,2,0
0,0,0,0,94,28,13265,1477,0,0,0,0,0,234186,3,0
2,0,0,0,66,28,13266,1477,0,0,0,0,0,243672,4,0
0,0,0,0,19,28,13267,1477,0,0,0,0,0,210970,3,0
2,0,0,0,98,28,13268,1477,0,0,0,0,0,257386,3,0
6,0,0,1,27,28,13269,1477,1,0,0,0,1,229694,3,0
0,0,0,0,81,28,13270,1477,0,0,0,0,0,266541,3,0
0,0,0,0,22,29,13271,1477,0,0,0,0,0,222798,3,0
0,0,0,0,15,29,13272,1477,0,0,0,0,0,212018,3,0
0,0,0,0,26,29,13273,1477,0,0,0,0,0,200588,4,0
0,0,0,0,35,29,13274,1477,0,0,0,0,0,266318,3,0
2,0,0,0,18,29,13275,1477,0,0,0,0,1,242004,3,0
0,0,0,0,88,29,13276,1477,0,0,0,0,0,267752,3,0
0,0,0,0,70,29,13277,1477,0,0,0,0,0,71327,3,0
0,0,0,0,44,29,13278,1477,0,0,0,0,0,277378,3,0
0,0,0,0,21,29,13279,1477,0,0,0,0,0,266321,3,0
0,0,0,0,37,29,13280,1477,0,0,0,0,0,266316,3,0
0,0,0,0,34,29,13281,1477,0,0,0,0,0,266269,3,0
0,0,0,0,25,29,13282,1477,0,0,0,0,0,176346,3,0
0,0,0,0,47,29,13283,1477,0,0,0,0,0,266322,3,0
0,0,0,0,40,29,13284,1477,0,0,0,0,0,266320,3,0
1,0,0,0,77,29,13285,1477,0,0,0,0,0,211927,3,0
0,0,0,0,1,0,13286,1478,0,0,0,0,0,232065,4,0
2,0,0,1,16,3,13287,1478,0,0,0,0,0,247667,3,0
1,0,0,0,23,4,13288,1478,0,0,0,0,0,205278,3,0
0,0,0,0,26,5,13289,1478,0,0,0,0,0,212439,2,0
0,0,0,0,13,6,13290,1478,0,0,0,0,0,211635,3,0
0,0,0,0,32,7,13291,1478,0,0,0,0,0,221859,2,0
4,0,0,1,10,12,13292,1478,0,0,0,0,0,211786,3,0
2,0,0,1,5,13,13293,1478,0,0,0,0,0,70419,3,0
0,0,0,0,6,15,13294,1478,0,0,0,0,0,244852,3,0
4,0,0,1,22,16,13295,1478,0,0,0,0,0,232865,2,0
7,0,0,1,9,25,13296,1478,1,0,0,0,2,238763,4,0
2,0,0,1,18,28,13297,1478,0,0,0,0,0,210726,3,0
0,0,0,0,7,28,13298,1478,0,0,0,0,0,182152,3,0
0,0,0,0,8,28,13299,1478,0,0,0,0,0,231912,4,0
1,0,0,0,15,28,13300,1478,0,0,0,0,0,233284,3,0
0,0,0,0,21,28,13301,1478,0,0,0,0,0,255919,3,0
3,0,0,1,14,28,13302,1478,0,0,0,0,1,251580,2,0
0,0,0,0,11,28,13303,1478,0,0,0,0,0,193144,3,0
0,0,0,0,73,28,13304,1478,0,0,0,0,0,259325,3,0
0,0,0,0,4,28,13305,1478,0,0,0,0,0,234749,2,0
1,0,0,0,19,28,13306,1478,1,0,0,0,1,252278,4,0
1,0,0,0,47,28,13307,1478,0,0,0,0,1,237919,4,0
2,0,0,1,24,28,13308,1478,0,0,0,0,0,267947,3,0
0,0,0,0,41,29,13309,1478,0,0,0,0,0,191685,3,0
0,0,0,0,27,29,13310,1478,0,0,0,0,0,273809,3,0
0,0,0,0,30,29,13311,1478,0,0,0,0,0,205156,3,0
0,0,0,0,40,29,13312,1478,0,0,0,0,0,267946,3,0
0,0,0,0,29,29,13313,1478,0,0,0,0,0,263372,3,0
0,0,0,0,35,29,13314,1478,0,0,0,0,0,71459,3,0
0,0,0,0,2,29,13315,1478,0,0,0,0,0,260634,3,0
0,0,0,0,34,29,13316,1478,0,0,0,0,0,71391,3,0
0,0,0,0,28,29,13317,1478,0,0,0,0,0,71392,3,0
2,0,0,1,37,29,13318,1478,0,0,0,0,0,71460,3,0
0,0,0,0,39,29,13319,1478,0,0,0,0,0,71461,3,0
0,0,0,0,25,29,13320,1478,0,0,0,0,0,71458,3,0
0,0,0,0,38,29,13321,1478,0,0,0,0,0,273811,3,0
0,0,0,0,3,29,13322,1478,0,0,0,0,0,71315,2,0
0,0,0,0,17,29,13323,1478,0,0,0,0,0,71328,3,0
0,0,0,0,21,0,13324,2055,0,0,0,0,0,252659,4,0
0,0,0,0,23,3,13325,2055,0,0,0,0,0,243824,4,0
0,0,0,0,25,4,13326,2055,0,0,0,0,0,263845,4,0
0,0,0,0,20,6,13327,2055,0,0,0,0,0,250896,3,0
0,0,0,0,33,7,13328,2055,0,0,0,0,0,255035,3,0
3,0,0,0,27,12,13329,2055,1,0,0,0,2,238173,3,0
0,0,0,0,28,13,13330,2055,0,0,0,0,0,256791,3,0
2,0,0,0,16,15,13331,2055,0,0,0,0,0,255500,3,0
5,0,0,1,22,16,13332,2055,0,0,0,0,0,233018,3,0
5,0,0,1,18,24,13333,2055,0,0,0,0,0,228534,3,0
11,1,0,1,34,26,13334,2055,0,0,0,0,2,245054,3,0
1,0,0,0,50,28,13335,2055,0,0,0,0,1,242821,3,0
2,0,0,0,37,28,13336,2055,0,0,0,0,0,243061,3,0
0,0,0,0,15,28,13337,2055,0,0,0,0,0,260474,3,0
0,0,0,0,24,28,13338,2055,0,0,0,0,0,246345,3,0
0,0,0,0,61,28,13339,2055,0,0,0,0,0,255239,3,0
0,0,0,0,52,28,13340,2055,0,0,0,0,0,264597,3,0
0,0,0,0,43,28,13341,2055,0,0,0,0,0,243175,3,0
0,0,0,0,30,28,13342,2055,0,0,0,0,0,255162,3,0
1,0,0,0,36,28,13343,2055,0,0,0,0,0,256252,4,0
0,0,0,0,38,28,13344,2055,0,0,0,0,0,255297,3,0
0,0,0,0,42,28,13345,2055,0,0,0,0,0,247574,3,0
0,0,0,0,39,28,13346,2055,0,0,0,0,0,252349,3,0
0,0,0,0,55,29,13347,2055,0,0,0,0,0,261123,3,0
0,0,0,0,48,29,13348,2055,0,0,0,0,0,252277,3,0
0,0,0,0,44,29,13349,2055,0,0,0,0,0,233185,3,0
4,0,0,1,49,29,13350,2055,0,0,0,0,1,260396,3,0
0,0,0,0,53,29,13351,2055,0,0,0,0,0,238287,3,0
4,0,0,1,29,29,13352,2055,0,0,0,0,0,266366,3,0
0,0,0,0,45,29,13353,2055,0,0,0,0,0,274050,3,0
1,0,0,0,54,29,13354,2055,0,0,0,0,1,274035,3,0
0,0,0,0,51,29,13355,2055,0,0,0,0,0,252428,3,0
0,0,0,0,35,29,13356,2055,0,0,0,0,0,267403,3,0
0,0,0,0,41,29,13357,2055,0,0,0,0,0,261074,3,0
0,0,0,0,46,29,13358,2055,0,0,0,0,0,267402,3,0
1,0,0,0,47,29,13359,2055,0,0,0,0,0,252432,3,0
0,0,0,0,21,0,13360,2056,0,0,0,0,0,228130,4,0
1,0,0,0,22,3,13361,2056,0,0,0,0,0,246043,3,0
0,0,0,0,7,4,13362,2056,0,0,0,0,0,228464,3,0
0,0,0,0,2,5,13363,2056,0,0,0,0,0,266789,2,0
0,0,0,0,6,6,13364,2056,0,0,0,0,0,240186,4,0
1,0,0,0,33,7,13365,2056,0,0,0,0,0,199236,3,0
1,0,0,0,10,12,13366,2056,0,0,0,0,0,242924,4,0
2,0,0,0,14,13,13367,2056,1,0,0,0,1,274409,3,0
5,0,0,1,5,15,13368,2056,0,0,0,0,0,232603,3,0
5,0,0,1,32,16,13369,2056,0,0,0,0,0,233011,4,0
11,1,0,1,11,25,13370,2056,1,0,0,0,3,225733,5,0
4,0,0,1,9,28,13371,2056,1,0,0,0,1,179947,5,0
0,0,0,0,99,28,13372,2056,0,0,0,0,0,272870,3,0
0,0,0,0,74,28,13373,2056,0,0,0,0,0,191871,3,0
0,0,0,0,42,28,13374,2056,0,0,0,0,0,274413,3,0
0,0,0,0,1,28,13375,2056,0,0,0,0,0,245074,3,0
0,0,0,0,19,28,13376,2056,0,0,0,0,0,272843,3,0
0,0,0,0,8,28,13377,2056,0,0,0,0,0,221475,3,0
3,0,0,1,30,28,13378,2056,0,0,0,0,0,270319,3,0
0,0,0,0,44,28,13379,2056,0,0,0,0,0,266394,3,0
0,0,0,0,15,28,13380,2056,0,0,0,0,0,266788,3,0
0,0,0,0,16,28,13381,2056,0,0,0,0,0,266786,3,0
0,0,0,0,35,28,13382,2056,0,0,0,0,0,274412,3,0
0,0,0,0,51,29,13383,2056,0,0,0,0,0,266785,3,0
0,0,0,0,38,29,13384,2056,0,0,0,0,0,270318,3,0
0,0,0,0,28,29,13385,2056,0,0,0,0,0,260795,3,0
0,0,0,0,37,29,13386,2056,0,0,0,0,0,274426,3,0
0,0,0,0,3,29,13387,2056,0,0,0,0,0,261065,3,0
0,0,0,0,41,29,13388,2056,0,0,0,0,0,70629,3,0
0,0,0,0,43,29,13389,2056,0,0,0,0,0,70642,3,0
0,0,0,0,27,29,13390,2056,0,0,0,0,0,70637,3,0
0,0,0,0,46,29,13391,2056,0,0,0,0,0,70643,3,0
0,0,0,0,25,29,13392,2056,0,0,0,0,0,70633,3,0
2,0,0,0,18,29,13393,2056,0,0,0,0,0,70634,3,0
0,0,0,0,40,29,13394,2056,0,0,0,0,0,70636,4,0
0,0,0,0,48,29,13395,2056,0,0,0,0,0,70639,3,0
0,0,0,0,47,29,13396,2056,0,0,0,0,0,70640,3,0
1,0,0,0,29,29,13397,2056,0,0,0,0,0,266790,3,0
0,0,0,0,25,0,13398,110765,0,0,0,0,0,204725,3,0
1,0,0,1,37,3,13399,110765,1,0,0,0,1,256685,4,0
0,0,0,0,4,4,13400,110765,0,0,0,0,0,207753,3,0
1,0,0,1,82,5,13401,110765,0,0,0,0,0,228124,1,0
1,0,0,1,20,6,13402,110765,0,0,0,0,0,241970,3,0
0,0,0,0,14,7,13403,110765,0,0,0,0,0,273800,2,0
0,0,0,0,8,10,13404,110765,0,0,0,0,0,202986,3,0
1,0,0,1,40,13,13405,110765,0,0,0,0,0,187858,2,0
0,0,0,0,5,15,13406,110765,0,0,0,0,0,208636,2,0
2,0,0,1,77,24,13407,110765,0,0,0,0,0,273797,3,0
14,1,0,1,9,26,13408,110765,0,0,0,1,0,223994,2,0
3,0,0,1,11,28,13409,110765,0,0,0,0,0,209449,2,0
3,0,0,1,7,28,13410,110765,0,0,0,0,0,221643,1,0
0,0,0,0,28,28,13411,110765,0,0,0,0,0,266496,3,0
0,0,0,0,3,28,13412,110765,0,0,0,0,0,238250,2,0
0,0,0,0,1,28,13413,110765,0,0,0,0,0,269029,3,0
0,0,0,0,19,28,13414,110765,0,0,0,0,0,233581,3,0
1,0,0,1,6,28,13415,110765,0,0,0,0,0,238242,3,0
1,0,0,1,47,28,13416,110765,0,0,0,0,0,238351,2,0
0,0,0,0,17,28,13417,110765,0,0,0,0,0,202949,3,0
0,0,0,0,23,28,13418,110765,0,0,0,0,0,233281,2,0
0,0,0,0,22,28,13419,110765,0,0,0,0,0,228480,3,0
0,0,0,0,24,28,13420,110765,0,0,0,0,0,260494,3,0
0,0,0,0,29,29,13421,110765,0,0,0,0,0,255322,3,0
1,0,0,1,26,29,13422,110765,0,0,0,0,0,266495,2,0
0,0,0,0,13,29,13423,110765,0,0,0,0,0,70648,3,0
0,0,0,0,55,29,13424,110765,0,0,0,0,0,233410,3,0
0,0,0,0,2,29,13425,110765,0,0,0,0,0,272772,3,0
0,0,0,0,88,29,13426,110765,0,0,0,0,0,255323,3,0
0,0,0,0,15,29,13427,110765,0,0,0,0,0,273799,3,0
0,0,0,0,31,29,13428,110765,0,0,0,0,0,70649,3,0
0,0,0,0,33,29,13429,110765,0,0,0,0,0,273796,3,0
0,0,0,0,34,29,13430,110765,0,0,0,0,0,273801,3,0
0,0,0,0,32,29,13431,110765,0,0,0,0,0,70646,3,0
0,0,0,0,38,29,13432,110765,0,0,0,0,0,273798,3,0
1,0,0,1,27,29,13433,110765,0,0,0,0,0,237027,2,0
0,0,0,0,21,29,13434,110765,0,0,0,0,0,70647,3,0
0,0,0,0,66,29,13435,110765,0,0,0,0,0,272771,3,0
0,0,0,0,1,0,13436,112115,0,0,0,0,0,251157,4,0
0,0,0,0,97,3,13437,112115,0,0,0,0,0,238089,3,0
1,0,0,0,74,4,13438,112115,0,0,0,0,0,276140,3,0
0,0,0,0,13,6,13439,112115,0,0,0,0,0,261128,4,0
2,0,0,1,20,7,13440,112115,0,0,0,0,0,191980,3,0
2,0,0,1,88,12,13441,112115,0,0,0,0,1,230921,3,0
0,0,0,0,42,13,13442,112115,0,0,0,0,0,245981,3,0
0,0,0,0,18,15,13443,112115,0,0,0,0,0,251579,3,0
10,0,0,1,47,16,13444,112115,1,0,0,0,2,71106,5,0
4,0,0,1,9,24,13445,112115,0,0,0,0,0,259256,3,0
12,1,0,1,22,26,13446,112115,2,0,0,0,2,233568,5,0
2,0,0,1,6,28,13447,112115,0,0,0,0,0,228487,3,0
0,0,0,0,2,28,13448,112115,0,0,0,0,0,222582,4,0
0,0,0,0,16,28,13449,112115,0,0,0,0,0,232402,3,0
0,0,0,0,3,28,13450,112115,0,0,0,0,0,247689,3,0
0,0,0,0,21,28,13451,112115,0,0,0,0,0,212839,3,0
2,0,0,1,19,28,13452,112115,0,0,0,0,0,243321,3,0
1,0,0,0,24,28,13453,112115,0,0,0,0,0,264721,3,0
2,0,0,1,17,28,13454,112115,0,0,0,0,0,232857,4,0
0,0,0,0,10,28,13455,112115,0,0,0,0,0,276516,3,0
3,0,0,1,37,28,13456,112115,0,0,0,0,0,255554,3,0
1,0,0,0,14,28,13457,112115,0,0,0,0,0,260395,3,0
0,0,0,0,77,28,13458,112115,0,0,0,0,0,71190,3,0
0,0,0,0,26,29,13459,112115,0,0,0,0,0,255497,3,0
1,0,0,0,34,29,13460,112115,0,0,0,0,0,261582,2,0
1,0,0,0,15,29,13461,112115,0,0,0,0,0,73438,3,0
0,0,0,0,99,29,13462,112115,0,0,0,0,0,205062,3,0
0,0,0,0,5,29,13463,112115,0,0,0,0,0,274116,3,0
0,0,0,0,43,29,13464,112115,0,0,0,0,0,266483,3,0
0,0,0,0,27,29,13465,112115,0,0,0,0,0,266491,3,0
0,0,0,0,31,29,13466,112115,0,0,0,0,0,274115,3,0
0,0,0,0,66,29,13467,112115,0,0,0,0,0,277010,3,0
0,0,0,0,41,29,13468,112115,0,0,0,0,0,71105,3,0
0,0,0,0,30,29,13469,112115,0,0,0,0,0,71103,3,0
0,0,0,0,32,29,13470,112115,0,0,0,0,0,71104,3,0
0,0,0,0,90,29,13471,112115,0,0,0,0,0,73087,3,0
2,0,0,1,28,29,13472,112115,0,0,0,0,0,274117,3,0
0,0,0,0,1,0,13473,112258,0,0,0,0,0,221759,4,0
1,0,0,0,13,3,13474,112258,0,0,0,0,0,243422,3,0
0,0,0,0,6,4,13475,112258,0,0,0,0,0,208073,4,0
2,0,0,0,18,6,13476,112258,1,0,0,0,1,255868,4,0
0,0,0,0,27,7,13477,112258,0,0,0,0,0,269093,4,0
7,0,0,1,11,12,13478,112258,0,0,0,0,0,70418,3,0
0,0,0,0,14,13,13479,112258,0,0,0,0,0,266751,4,0
3,0,0,1,30,15,13480,112258,0,0,0,0,0,221767,3,0
2,0,0,0,88,16,13481,112258,0,0,0,0,0,71359,3,0
5,0,0,1,10,24,13482,112258,0,0,0,0,0,247748,4,0
5,0,0,1,20,26,13483,112258,1,0,0,0,1,255519,4,0
3,0,0,1,99,28,13484,112258,0,0,0,0,0,263166,3,0
3,0,0,1,7,28,13485,112258,1,0,0,0,1,254886,4,0
1,0,0,0,24,28,13486,112258,0,0,0,0,0,260497,3,0
1,0,0,0,15,28,13487,112258,0,0,0,0,0,259843,5,0
0,0,0,0,21,28,13488,112258,0,0,0,0,0,238571,3,0
0,0,0,0,9,28,13489,112258,0,0,0,0,0,269978,3,0
0,0,0,0,3,28,13490,112258,0,0,0,0,0,233280,4,0
2,0,0,0,55,28,13491,112258,0,0,0,0,0,243064,3,0
0,0,0,0,96,28,13492,112258,0,0,0,0,0,71309,3,0
1,0,0,0,40,28,13493,112258,0,0,0,0,0,221831,3,0
0,0,0,0,22,28,13494,112258,0,0,0,0,0,237102,3,0
0,0,0,0,8,28,13495,112258,0,0,0,0,0,213172,3,0
0,0,0,0,23,29,13496,112258,0,0,0,0,0,232216,3,0
0,0,0,0,47,29,13497,112258,0,0,0,0,0,237977,3,0
0,0,0,0,29,29,13498,112258,0,0,0,0,0,237999,3,0
0,0,0,0,17,29,13499,112258,0,0,0,0,0,252809,3,0
0,0,0,0,5,29,13500,112258,0,0,0,0,0,247845,3,0
0,0,0,0,77,29,13501,112258,0,0,0,0,0,252644,3,0
0,0,0,0,16,29,13502,112258,0,0,0,0,0,274839,3,0
0,0,0,0,31,29,13503,112258,0,0,0,0,0,266750,3,0
0,0,0,0,41,29,13504,112258,0,0,0,0,0,278309,3,0
0,0,0,0,2,29,13505,112258,0,0,0,0,0,274694,3,0
0,0,0,0,19,29,13506,112258,0,0,0,0,0,238579,3,0
0,0,0,0,98,29,13507,112258,0,0,0,0,0,74599,3,0
0,0,0,0,28,29,13508,112258,0,0,0,0,0,71358,3,0
0,0,0,0,13,0,13509,112558,0,0,0,0,0,237778,2,0
1,0,0,1,88,3,13510,112558,0,0,0,0,0,200577,3,0
1,0,0,1,6,4,13511,112558,0,0,0,0,0,232831,3,0
1,0,0,1,15,6,13512,112558,0,0,0,0,0,243528,3,0
1,0,0,1,3,7,13513,112558,0,0,0,0,0,268342,3,0
1,0,0,1,14,9,13514,112558,0,0,0,0,0,200601,4,0
1,0,0,1,16,11,13515,112558,0,0,0,0,0,247844,3,0
8,0,0,1,7,12,13516,112558,0,0,0,0,0,234264,3,0
6,0,0,1,70,16,13517,112558,0,0,0,0,1,254225,3,0
3,0,0,1,77,18,13518,112558,0,0,0,0,0,268895,3,0
6,0,0,1,10,25,13519,112558,1,0,0,0,2,199266,4,0
0,0,0,0,22,28,13520,112558,0,0,0,0,0,261116,2,0
0,0,0,0,71,28,13521,112558,0,0,0,0,0,202994,3,0
1,0,0,1,5,28,13522,112558,0,0,0,0,0,228210,3,0
0,0,0,0,33,28,13523,112558,0,0,0,0,0,71193,3,0
0,0,0,0,99,28,13524,112558,0,0,0,0,0,252427,3,0
0,0,0,0,9,28,13525,112558,0,0,0,0,0,233671,3,0
0,0,0,0,2,28,13526,112558,0,0,0,0,0,212065,3,0
0,0,0,0,24,28,13527,112558,0,0,0,0,0,252051,3,0
1,0,0,1,26,28,13528,112558,0,0,0,0,0,71369,2,0
0,0,0,0,20,28,13529,112558,0,0,0,0,0,207836,3,0
0,0,0,0,17,28,13530,112558,0,0,0,0,0,221700,3,0
0,0,0,0,1,28,13531,112558,0,0,0,0,0,213283,3,0
0,0,0,0,4,29,13532,112558,0,0,0,0,0,279850,3,0
0,0,0,0,30,29,13533,112558,0,0,0,0,0,274422,3,0
0,0,0,0,41,29,13534,112558,0,0,0,0,0,71197,3,0
0,0,0,0,23,29,13535,112558,0,0,0,0,0,70421,2,0
0,0,0,0,27,29,13536,112558,0,0,0,0,0,277535,3,0
0,0,0,0,36,29,13537,112558,0,0,0,0,0,71102,3,0
0,0,0,0,25,29,13538,112558,0,0,0,0,0,279852,3,0
0,0,0,0,32,29,13539,112558,0,0,0,0,0,277536,3,0
0,0,0,0,29,29,13540,112558,0,0,0,0,0,279851,3,0
0,0,0,0,31,29,13541,112558,0,0,0,0,0,71192,3,0
0,0,0,0,37,29,13542,112558,0,0,0,0,0,71194,3,0
0,0,0,0,44,29,13543,112558,0,0,0,0,0,71200,2,0
0,0,0,0,38,29,13544,112558,0,0,0,0,0,71195,3,0
1,0,0,1,39,29,13545,112558,0,0,0,0,0,71196,3,0
0,0,0,0,8,29,13546,112558,0,0,0,0,0,74007,3,0
0,0,0,0,71,0,13547,322,0,0,0,0,0,270038,3,0
0,0,0,0,2,3,13548,322,0,0,0,0,0,250805,3,0
1,0,0,1,4,4,13549,322,0,0,0,0,0,255557,3,0
0,0,0,0,15,6,13550,322,0,0,0,0,0,247264,3,0
0,0,0,0,22,7,13551,322,0,0,0,0,0,222692,3,0
0,0,0,0,6,9,13552,322,0,0,0,0,0,199282,3,0
1,0,0,1,7,11,13553,322,0,0,0,0,0,229753,4,0
0,0,0,0,21,12,13554,322,0,0,0,0,0,212830,3,0
1,0,0,1,11,16,13555,322,0,0,0,0,0,193344,3,0
3,0,0,1,10,18,13556,322,0,0,0,0,0,240544,3,0
2,0,0,1,18,25,13557,322,0,0,0,0,0,261490,3,0
0,0,0,0,77,28,13558,322,0,0,0,0,0,270909,3,0
0,0,0,0,53,28,13559,322,0,0,0,0,0,277540,3,0
0,0,0,0,3,28,13560,322,0,0,0,0,0,213323,3,0
0,0,0,0,26,28,13561,322,0,0,0,0,0,264189,4,0
0,0,0,0,29,28,13562,322,0,0,0,0,0,210502,3,0
0,0,0,0,27,28,13563,322,0,0,0,0,0,231014,3,0
1,0,0,1,9,28,13564,322,0,0,0,0,0,262514,3,0
0,0,0,0,20,28,13565,322,0,0,0,0,0,275714,3,0
0,0,0,0,8,28,13566,322,0,0,0,0,0,199912,4,0
0,0,0,0,14,28,13567,322,0,0,0,0,0,257121,3,0
0,0,0,0,16,28,13568,322,0,0,0,0,0,262216,3,0
1,0,0,1,19,28,13569,322,0,0,0,0,0,244680,3,0
0,0,0,0,99,29,13570,322,0,0,0,0,0,276212,3,0
0,0,0,0,25,29,13571,322,0,0,0,0,0,277578,2,0
0,0,0,0,17,29,13572,322,0,0,0,0,0,279922,2,0
0,0,0,0,28,29,13573,322,0,0,0,0,0,276644,3,0
0,0,0,0,57,29,13574,322,0,0,0,0,0,278739,3,0
0,0,0,0,52,29,13575,322,0,0,0,0,0,279669,3,0
0,0,0,0,73,29,13576,322,0,0,0,0,0,263856,3,0
0,0,0,0,50,29,13577,322,0,0,0,0,0,73193,3,0
0,0,0,0,24,29,13578,322,0,0,0,0,0,230691,3,0
0,0,0,0,55,29,13579,322,0,0,0,0,0,277018,3,0
0,0,0,0,5,29,13580,322,0,0,0,0,0,259459,3,0
0,0,0,0,32,0,13581,324,0,0,0,0,0,206307,3,0
1,0,0,1,3,3,13582,324,0,0,0,0,0,258880,3,0
1,0,0,1,4,4,13583,324,0,0,0,0,0,224821,4,0
0,0,0,0,19,6,13584,324,0,0,0,0,0,237181,3,0
0,0,0,0,18,7,13585,324,0,0,0,0,0,234138,3,0
0,0,0,0,5,9,13586,324,0,0,0,0,0,245017,3,0
0,0,0,0,8,11,13587,324,0,0,0,0,0,244399,4,0
3,0,0,1,9,12,13588,324,0,0,0,0,0,206254,4,0
5,1,0,1,17,16,13589,324,0,0,0,1,0,233917,3,0
0,0,0,0,10,18,13590,324,0,0,0,0,0,250764,3,0
2,0,0,1,27,25,13591,324,0,0,0,0,0,221740,3,0
0,0,0,0,11,28,13592,324,0,0,0,0,0,244592,3,0
0,0,0,0,28,28,13593,324,0,0,0,0,0,212939,3,0
0,0,0,0,6,28,13594,324,0,0,0,0,0,274439,3,0
0,0,0,0,20,28,13595,324,0,0,0,0,0,271650,3,0
0,0,0,0,1,28,13596,324,0,0,0,0,0,189021,3,0
0,0,0,0,21,28,13597,324,0,0,0,0,0,245218,3,0
1,0,0,1,22,28,13598,324,0,0,0,0,0,260590,3,0
0,0,0,0,31,28,13599,324,0,0,0,0,0,276670,3,0
0,0,0,0,24,28,13600,324,0,0,0,0,0,263656,3,0
0,0,0,0,25,28,13601,324,0,0,0,0,0,225673,3,0
0,0,0,0,23,28,13602,324,0,0,0,0,0,73155,3,0
0,0,0,0,44,28,13603,324,0,0,0,0,0,276665,3,0
0,0,0,0,26,29,13604,324,0,0,0,0,0,73376,3,0
0,0,0,0,34,29,13605,324,0,0,0,0,0,73377,3,0
0,0,0,0,7,29,13606,324,0,0,0,0,0,73578,3,0
0,0,0,0,2,29,13607,324,0,0,0,0,0,229169,3,0
0,0,0,0,25,0,13608,894,0,0,0,0,0,204842,4,0
1,0,0,1,5,4,13609,894,0,0,0,0,0,242532,3,0
2,0,0,1,24,5,13610,894,0,0,0,0,0,244204,3,0
0,0,0,0,31,6,13611,894,0,0,0,0,0,239853,3,0
0,0,0,0,8,12,13612,894,0,0,0,0,0,253714,2,0
1,0,0,1,7,13,13613,894,0,0,0,0,0,246168,3,0
0,0,0,0,17,15,13614,894,0,0,0,0,0,270512,3,0
0,0,0,0,20,16,13615,894,0,0,0,0,0,274096,3,0
1,0,0,1,23,17,13616,894,0,0,0,0,0,241635,3,0
3,0,0,1,10,19,13617,894,0,0,0,0,0,231027,3,0
5,1,0,1,9,25,13618,894,0,0,0,1,0,253173,3,0
0,0,0,0,11,28,13619,894,0,0,0,0,0,233735,3,0
0,0,0,0,12,28,13620,894,0,0,0,0,0,236288,3,0
0,0,0,0,22,28,13621,894,0,0,0,0,0,253729,3,0
0,0,0,0,16,28,13622,894,0,0,0,0,0,270978,3,0
0,0,0,0,1,28,13623,894,0,0,0,0,0,257958,3,0
1,0,0,1,21,28,13624,894,0,0,0,0,0,73218,3,0
0,0,0,0,3,28,13625,894,0,0,0,0,0,73173,3,0
0,0,0,0,2,28,13626,894,0,0,0,0,0,243025,3,0
1,0,0,1,33,28,13627,894,0,0,0,0,0,70135,3,0
0,0,0,0,18,28,13628,894,0,0,0,0,0,268832,3,0
0,0,0,0,6,28,13629,894,0,0,0,0,0,71151,3,0
0,0,0,0,14,28,13630,894,0,0,0,0,0,71263,3,0
0,0,0,0,28,29,13631,894,0,0,0,0,0,73240,3,0
0,0,0,0,13,29,13632,894,0,0,0,0,0,74009,3,0
0,0,0,0,32,29,13633,894,0,0,0,0,0,271878,3,0
0,0,0,0,34,29,13634,894,0,0,0,0,0,74038,3,0
0,0,0,0,36,29,13635,894,0,0,0,0,0,74876,3,0
0,0,0,0,19,29,13636,894,0,0,0,0,0,268729,3,0
0,0,0,0,27,29,13637,894,0,0,0,0,0,263566,3,0
0,0,0,0,1,0,13638,896,0,0,0,0,0,190243,4,0
1,0,0,1,26,4,13639,896,0,0,0,0,0,268468,4,0
0,0,0,0,32,5,13640,896,0,0,0,0,0,276634,4,0
0,0,0,0,25,6,13641,896,0,0,0,0,0,276173,3,0
0,0,0,0,10,23,13642,896,0,0,0,0,0,193348,4,0
0,0,0,0,30,12,13643,896,0,0,0,0,0,266433,3,0
1,0,0,1,22,13,13644,896,0,0,0,0,0,247599,3,0
0,0,0,0,37,15,13645,896,0,0,0,0,0,276969,4,0
0,0,0,0,31,16,13646,896,0,0,0,0,0,239016,4,0
2,0,0,1,19,27,13647,896,0,0,0,0,0,260651,3,0
4,1,0,1,23,25,13648,896,0,0,0,0,0,222352,3,0
1,0,0,1,9,28,13649,896,0,0,0,0,0,252386,4,0
1,0,0,1,11,28,13650,896,0,0,0,0,0,73582,3,0
0,0,0,0,4,28,13651,896,0,0,0,0,0,266159,3,0
0,0,0,0,27,28,13652,896,0,0,0,0,0,240099,3,0
0,0,0,0,13,28,13653,896,0,0,0,0,0,209332,3,0
1,0,0,1,14,28,13654,896,0,0,0,0,0,251851,3,0
1,0,0,1,7,28,13655,896,0,0,0,0,0,211903,3,0
0,0,0,0,3,28,13656,896,0,0,0,0,0,257005,3,0
0,0,0,0,8,28,13657,896,0,0,0,0,0,252038,3,0
0,0,0,0,17,28,13658,896,0,0,0,0,0,263854,4,0
0,0,0,0,35,28,13659,896,0,0,0,0,0,279514,3,0
0,0,0,0,34,28,13660,896,0,0,0,0,0,199504,3,0
0,0,0,0,29,29,13661,896,0,0,0,0,0,263881,3,0
0,0,0,0,6,29,13662,896,0,0,0,0,0,242041,3,0
0,0,0,0,39,29,13663,896,0,0,0,0,0,277270,3,0
0,0,0,0,21,29,13664,896,0,0,0,0,0,277060,3,0
0,0,0,0,18,29,13665,896,0,0,0,0,0,266153,3,0
0,0,0,0,47,29,13666,896,0,0,0,0,0,71838,3,0
0,0,0,0,1,0,13667,897,0,0,0,0,0,262862,4,0
2,0,0,1,20,3,13668,897,0,0,0,0,0,231039,3,0
1,0,0,1,4,4,13669,897,0,0,0,0,0,266685,3,0
0,0,0,0,5,6,13670,897,0,0,0,0,0,234817,3,0
1,0,0,1,14,7,13671,897,0,0,0,0,0,273127,3,0
0,0,0,0,8,10,13672,897,0,0,0,0,0,278318,3,0
0,0,0,0,24,13,13673,897,0,0,0,0,0,257344,2,0
1,0,0,1,18,15,13674,897,0,0,0,0,0,252967,3,0
1,0,0,1,11,18,13675,897,0,0,0,0,0,270328,3,0
4,1,0,1,17,24,13676,897,0,0,0,0,0,268273,4,0
4,1,0,1,27,26,13677,897,0,0,0,0,0,275090,2,0
1,0,0,1,10,28,13678,897,0,0,0,0,0,244082,3,0
0,0,0,0,16,28,13679,897,0,0,0,0,0,270632,3,0
1,0,0,1,29,28,13680,897,0,0,0,0,0,279599,3,0
0,0,0,0,3,28,13681,897,0,0,0,0,0,247042,3,0
0,0,0,0,90,28,13682,897,0,0,0,0,0,223968,3,0
1,0,0,1,7,28,13683,897,0,0,0,0,0,269947,3,0
0,0,0,0,2,28,13684,897,0,0,0,0,0,270928,3,0
0,0,0,0,22,28,13685,897,0,0,0,0,0,239974,3,0
0,0,0,0,9,28,13686,897,0,0,0,0,0,239432,3,0
0,0,0,0,41,28,13687,897,0,0,0,0,0,73176,3,0
0,0,0,0,69,28,13688,897,0,0,0,0,0,254965,3,0
0,0,0,0,46,28,13689,897,0,0,0,0,0,73657,3,0
0,0,0,0,30,29,13690,897,0,0,0,0,0,271638,3,0
0,0,0,0,1,0,13691,898,0,0,0,0,0,229956,3,0
0,0,0,0,28,3,13692,898,0,0,0,0,0,252183,2,0
0,0,0,0,4,4,13693,898,0,0,0,0,0,244490,3,0
0,0,0,0,15,6,13694,898,0,0,0,0,0,276170,3,0
0,0,0,0,36,7,13695,898,0,0,0,0,0,245428,3,0
0,0,0,0,8,10,13696,898,0,0,0,0,0,210619,3,0
3,0,0,1,16,13,13697,898,0,0,0,0,0,228645,4,0
2,0,0,1,37,15,13698,898,0,0,0,0,0,263745,3,0
0,0,0,0,24,18,13699,898,0,0,0,0,0,240241,3,0
2,0,0,1,10,24,13700,898,0,0,0,0,0,222825,3,0
3,0,0,1,9,26,13701,898,0,0,0,0,0,241266,2,0
2,0,0,1,18,28,13702,898,0,0,0,0,0,247519,3,0
1,0,0,0,11,28,13703,898,0,0,0,0,0,268271,3,0
0,0,0,0,5,28,13704,898,0,0,0,0,0,242527,3,0
0,0,0,0,22,28,13705,898,0,0,0,0,0,263061,3,0
0,0,0,0,25,28,13706,898,0,0,0,0,0,239746,3,0
0,0,0,0,63,28,13707,898,0,0,0,0,0,70500,3,0
1,0,0,0,20,28,13708,898,0,0,0,0,0,243661,3,0
1,0,0,0,90,28,13709,898,0,0,0,0,0,276304,2,0
1,0,0,0,77,28,13710,898,0,0,0,0,0,236449,3,0
0,0,0,0,64,28,13711,898,0,0,0,0,0,258043,3,0
0,0,0,0,30,28,13712,898,0,0,0,0,0,247188,3,0
0,0,0,0,14,28,13713,898,0,0,0,0,0,73496,3,0
0,0,0,0,13,29,13714,898,0,0,0,0,0,212140,3,0
0,0,0,0,35,29,13715,898,0,0,0,0,0,270035,3,0
0,0,0,0,70,29,13716,898,0,0,0,0,0,75333,3,0
0,0,0,0,3,29,13717,898,0,0,0,0,0,247359,3,0
0,0,0,0,23,29,13718,898,0,0,0,0,0,252030,3,0
0,0,0,0,26,0,13719,900,0,0,0,0,0,219244,3,0
0,0,0,0,27,3,13720,900,0,0,0,0,0,267485,3,0
0,0,0,0,4,4,13721,900,0,0,0,0,0,264785,3,0
0,0,0,0,13,6,13722,900,0,0,0,0,0,244401,4,0
0,0,0,0,3,7,13723,900,0,0,0,0,0,258230,2,0
0,0,0,0,20,9,13724,900,0,0,0,0,0,248661,2,0
0,0,0,0,30,11,13725,900,0,0,0,0,0,229900,1,0
0,0,0,0,15,12,13726,900,0,0,0,0,0,251532,2,0
3,0,0,1,77,16,13727,900,0,0,0,0,0,258924,3,0
1,0,0,1,7,18,13728,900,0,0,0,0,0,236657,3,0
4,1,0,1,35,25,13729,900,0,0,0,0,0,235513,3,0
1,0,0,1,9,28,13730,900,0,0,0,0,0,233139,3,0
0,0,0,0,11,28,13731,900,0,0,0,0,0,254692,2,0
0,0,0,0,14,28,13732,900,0,0,0,0,0,270845,3,0
0,0,0,0,5,28,13733,900,0,0,0,0,0,263652,3,0
0,0,0,0,33,28,13734,900,0,0,0,0,0,256726,3,0
0,0,0,0,39,28,13735,900,0,0,0,0,0,252526,3,0
0,0,0,0,22,28,13736,900,0,0,0,0,0,247180,3,0
0,0,0,0,57,28,13737,900,0,0,0,0,0,279782,3,0
0,0,0,0,10,28,13738,900,0,0,0,0,0,250766,3,0
0,0,0,0,23,28,13739,900,0,0,0,0,0,193468,3,0
0,0,0,0,21,28,13740,900,0,0,0,0,0,257319,3,0
0,0,0,0,8,28,13741,900,0,0,0,0,0,260501,3,0
0,0,0,0,40,29,13742,900,0,0,0,0,0,228998,3,0
0,0,0,0,6,29,13743,900,0,0,0,0,0,241590,3,0
0,0,0,0,55,29,13744,900,0,0,0,0,0,70279,3,0
0,0,0,0,31,29,13745,900,0,0,0,0,0,276947,3,0
0,0,0,0,17,29,13746,900,0,0,0,0,0,220172,3,0
0,0,0,0,50,29,13747,900,0,0,0,0,0,71636,3,0
0,0,0,0,18,29,13748,900,0,0,0,0,0,73148,3,0
0,0,0,0,40,0,13749,1704,0,0,0,0,0,223898,3,0
0,0,0,0,2,4,13750,1704,0,0,0,0,0,256021,3,0
0,0,0,0,25,5,13751,1704,0,0,0,0,0,256449,3,0
0,0,0,0,3,6,13752,1704,0,0,0,0,0,272876,3,0
0,0,0,0,15,23,13753,1704,0,0,0,0,0,273661,3,0
0,0,0,0,12,12,13754,1704,0,0,0,0,0,253182,3,0
0,0,0,0,70,13,13755,1704,0,0,0,0,0,270847,3,0
3,0,0,1,10,15,13756,1704,0,0,0,0,0,250765,5,0
1,0,0,1,6,16,13757,1704,0,0,0,0,0,244442,3,0
2,0,0,1,9,27,13758,1704,0,0,0,0,0,251341,2,0
2,0,0,1,21,25,13759,1704,0,0,0,0,0,73236,3,0
0,0,0,0,8,28,13760,1704,0,0,0,0,0,263317,3,0
0,0,0,0,37,28,13761,1704,0,0,0,0,0,277935,3,0
0,0,0,0,24,28,13762,1704,0,0,0,0,0,73378,1,0
0,0,0,0,23,28,13763,1704,0,0,0,0,0,190178,3,0
0,0,0,0,22,28,13764,1704,0,0,0,0,0,220588,3,0
0,0,0,0,7,28,13765,1704,0,0,0,0,0,259189,3,0
0,0,0,0,32,28,13766,1704,0,0,0,0,0,189120,3,0
0,0,0,0,11,28,13767,1704,0,0,0,0,0,257206,3,0
0,0,0,0,20,28,13768,1704,0,0,0,0,0,275707,3,0
0,0,0,0,17,28,13769,1704,0,0,0,0,0,253736,3,0
0,0,0,0,87,28,13770,1704,0,0,0,0,0,264022,3,0
0,0,0,0,4,28,13771,1704,0,0,0,0,0,271680,3,0
0,0,0,0,45,29,13772,1704,0,0,0,0,0,265484,3,0
0,0,0,0,41,29,13773,1704,0,0,0,0,0,73513,3,0
0,0,0,0,77,29,13774,1704,0,0,0,0,0,73564,3,0
0,0,0,0,16,29,13775,1704,0,0,0,0,0,73190,3,0
0,0,0,0,28,29,13776,1704,0,0,0,0,0,73427,3,0
0,0,0,0,27,29,13777,1704,0,0,0,0,0,251604,3,0
0,0,0,0,14,29,13778,1704,0,0,0,0,0,275709,3,0
0,0,0,0,26,29,13779,1704,0,0,0,0,0,238544,3,0
0,0,0,0,42,29,13780,1704,0,0,0,0,0,235906,3,0
0,0,0,0,33,29,13781,1704,0,0,0,0,0,73284,3,0
0,0,0,0,1,0,13782,1713,0,0,0,0,0,205878,5,0
0,0,0,0,24,3,13783,1713,0,0,0,0,0,235815,3,0
0,0,0,0,23,4,13784,1713,0,0,0,0,0,269564,3,0
0,0,0,0,16,6,13785,1713,0,0,0,0,0,228874,4,0
0,0,0,0,18,7,13786,1713,0,0,0,0,0,269565,3,0
0,0,0,0,4,9,13787,1713,0,0,0,0,0,243894,4,0
0,0,0,0,7,11,13788,1713,0,0,0,0,0,210538,3,0
0,0,0,0,6,12,13789,1713,0,0,0,0,0,270037,3,0
0,0,0,0,20,16,13790,1713,0,0,0,0,0,259719,3,0
3,0,0,1,10,18,13791,1713,0,0,0,0,0,256980,4,0
2,0,0,1,84,25,13792,1713,0,0,0,0,0,276642,3,0
0,0,0,0,15,28,13793,1713,0,0,0,0,0,73235,3,0
0,0,0,0,27,28,13794,1713,0,0,0,0,0,240532,3,0
0,0,0,0,40,28,13795,1713,0,0,0,0,0,221926,3,0
0,0,0,0,21,28,13796,1713,0,0,0,0,0,276172,4,0
0,0,0,0,30,28,13797,1713,0,0,0,0,0,210476,3,0
0,0,0,0,29,28,13798,1713,0,0,0,0,0,246848,3,0
0,0,0,0,11,28,13799,1713,0,0,0,0,0,183346,3,0
0,0,0,0,3,28,13800,1713,0,0,0,0,0,242920,3,0
0,0,0,0,90,28,13801,1713,0,0,0,0,0,256698,3,0
1,0,0,1,28,28,13802,1713,0,0,0,0,0,245749,4,0
0,0,0,0,17,28,13803,1713,0,0,0,0,0,277604,3,0
0,0,0,0,19,28,13804,1713,0,0,0,0,0,73175,3,0
0,0,0,0,22,29,13805,1713,0,0,0,0,0,261164,3,0
0,0,0,0,99,29,13806,1713,0,0,0,0,0,243838,3,0
0,0,0,0,70,29,13807,1713,0,0,0,0,0,73174,3,0
0,0,0,0,26,29,13808,1713,0,0,0,0,0,73972,3,0
0,0,0,0,5,29,13809,1713,0,0,0,0,0,233960,3,0
0,0,0,0,45,29,13810,1713,0,0,0,0,0,257244,3,0
0,0,0,0,9,29,13811,1713,0,0,0,0,0,206431,3,0
0,0,0,0,25,0,13812,1862,0,0,0,0,0,243538,3,0
0,0,0,0,34,3,13813,1862,0,0,0,0,0,275730,3,0
1,0,0,1,71,4,13814,1862,0,0,0,0,0,263968,3,0
1,0,0,1,6,6,13815,1862,0,0,0,0,0,201841,3,0
0,0,0,0,18,7,13816,1862,0,0,0,0,0,231307,3,0
2,0,0,1,92,12,13817,1862,0,0,0,0,0,240503,3,0
0,0,0,0,8,13,13818,1862,0,0,0,0,0,256874,3,0
0,0,0,0,24,15,13819,1862,0,0,0,0,0,234795,3,0
3,0,0,1,11,16,13820,1862,0,0,0,0,0,236944,4,0
3,0,0,1,80,24,13821,1862,0,0,0,0,0,260272,4,0
1,0,0,1,9,26,13822,1862,0,0,0,0,0,259268,3,0
0,0,0,0,5,28,13823,1862,0,0,0,0,0,252025,3,0
0,0,0,0,23,28,13824,1862,0,0,0,0,0,257025,3,0
0,0,0,0,21,28,13825,1862,0,0,0,0,0,268684,3,0
0,0,0,0,14,28,13826,1862,0,0,0,0,0,247407,3,0
0,0,0,0,1,28,13827,1862,0,0,0,0,0,210509,3,0
1,0,0,1,7,28,13828,1862,0,0,0,0,0,257692,4,0
0,0,0,0,10,28,13829,1862,0,0,0,0,0,218887,3,0
0,0,0,0,43,28,13830,1862,0,0,0,0,0,269888,3,0
0,0,0,0,20,28,13831,1862,0,0,0,0,0,279052,3,0
0,0,0,0,39,28,13832,1862,0,0,0,0,0,271471,3,0
0,0,0,0,30,28,13833,1862,0,0,0,0,0,271575,3,0
0,0,0,0,17,28,13834,1862,0,0,0,0,0,276679,3,0
0,0,0,0,44,29,13835,1862,0,0,0,0,0,70503,3,0
0,0,0,0,93,29,13836,1862,0,0,0,0,0,263031,3,0
0,0,0,0,94,29,13837,1862,0,0,0,0,0,73968,3,0
0,0,0,0,99,29,13838,1862,0,0,0,0,0,243910,3,0
0,0,0,0,47,29,13839,1862,0,0,0,0,0,73656,3,0
0,0,0,0,1,0,13840,10032,0,0,0,0,0,247077,3,0
0,0,0,0,2,3,13841,10032,0,0,0,0,0,243574,3,0
0,0,0,0,6,4,13842,10032,0,0,0,0,0,240008,3,0
0,0,0,0,5,6,13843,10032,0,0,0,0,0,259074,3,0
0,0,0,0,26,7,13844,10032,0,0,0,0,0,276658,3,0
0,0,0,0,20,9,13845,10032,0,0,0,0,0,259245,3,0
0,0,0,0,16,11,13846,10032,0,0,0,0,0,229336,3,0
3,0,0,1,11,12,13847,10032,0,0,0,0,0,210537,4,0
3,0,0,1,31,16,13848,10032,0,0,0,0,0,246145,3,0
1,0,0,1,25,18,13849,10032,0,0,0,0,0,270913,3,0
3,0,0,1,93,25,13850,10032,0,0,0,0,0,208120,3,0
0,0,0,0,21,28,13851,10032,0,0,0,0,0,258393,2,0
0,0,0,0,27,28,13852,10032,0,0,0,0,0,73151,3,0
0,0,0,0,46,28,13853,10032,0,0,0,0,0,271573,3,0
0,0,0,0,17,28,13854,10032,0,0,0,0,0,243275,3,0
0,0,0,0,58,28,13855,10032,0,0,0,0,0,256699,3,0
0,0,0,0,10,28,13856,10032,0,0,0,0,0,176246,3,0
1,0,0,1,29,28,13857,10032,0,0,0,0,0,264705,3,0
1,0,0,1,18,28,13858,10032,0,0,0,0,0,239003,3,0
0,0,0,0,23,28,13859,10032,0,0,0,0,0,232708,3,0
0,0,0,0,22,28,13860,10032,0,0,0,0,0,276657,3,0
1,0,0,1,19,28,13861,10032,0,0,0,0,0,276171,3,0
0,0,0,0,7,28,13862,10032,0,0,0,0,0,237317,3,0
0,0,0,0,15,29,13863,10032,0,0,0,0,0,276674,3,0
0,0,0,0,99,29,13864,10032,0,0,0,0,0,70281,3,0
0,0,0,0,28,29,13865,10032,0,0,0,0,0,279671,3,0
0,0,0,0,47,29,13866,10032,0,0,0,0,0,73154,3,0
0,0,0,0,34,29,13867,10032,0,0,0,0,0,223967,3,0
0,0,0,0,16,0,13868,110770,0,0,0,0,0,248858,3,0
1,0,0,1,14,3,13869,110770,0,0,0,0,0,199890,3,0
1,0,0,1,2,4,13870,110770,0,0,0,0,0,258412,3,0
0,0,0,0,4,6,13871,110770,0,0,0,0,0,275027,3,0
0,0,0,0,20,7,13872,110770,0,0,0,0,0,244131,3,0
1,0,0,1,88,9,13873,110770,0,0,0,0,0,234687,3,0
0,0,0,0,8,11,13874,110770,0,0,0,0,0,243898,4,0
1,0,0,1,29,12,13875,110770,0,0,0,0,0,264423,3,0
0,0,0,0,11,16,13876,110770,0,0,0,0,0,272875,3,0
2,0,0,1,7,18,13877,110770,0,0,0,0,0,246729,4,0
1,0,0,1,9,25,13878,110770,0,0,0,0,0,190058,3,0
2,0,0,1,19,28,13879,110770,0,0,0,0,0,256981,3,0
1,0,0,1,52,28,13880,110770,0,0,0,0,0,254446,3,0
0,0,0,0,10,28,13881,110770,0,0,0,0,0,222368,3,0
0,0,0,0,5,28,13882,110770,0,0,0,0,0,264033,3,0
0,0,0,0,1,28,13883,110770,0,0,0,0,0,193247,3,0
1,0,0,1,33,28,13884,110770,0,0,0,0,0,229260,3,0
0,0,0,0,21,28,13885,110770,0,0,0,0,0,266623,3,0
0,0,0,0,17,28,13886,110770,0,0,0,0,0,243860,3,0
0,0,0,0,6,28,13887,110770,0,0,0,0,0,244497,3,0
0,0,0,0,99,28,13888,110770,0,0,0,0,0,75011,3,0
0,0,0,0,80,28,13889,110770,0,0,0,0,0,73180,3,0
0,0,0,0,73,28,13890,110770,0,0,0,0,0,73179,3,0
0,0,0,0,32,29,13891,110770,0,0,0,0,0,73178,3,0
0,0,0,0,55,29,13892,110770,0,0,0,0,0,73177,3,0
0,0,0,0,81,29,13893,110770,0,0,0,0,0,73971,3,0
0,0,0,0,3,29,13894,110770,0,0,0,0,0,108061,3,0
0,0,0,0,57,29,13895,110770,0,0,0,0,0,74646,3,0
0,0,0,0,65,29,13896,110770,0,0,0,0,0,74619,3,0
0,0,0,0,56,29,13897,110770,0,0,0,0,0,230860,3,0
0,0,0,0,1,0,13898,234,0,0,0,0,0,250753,2,0
0,0,0,0,6,3,13899,234,0,0,0,0,0,245235,3,0
1,0,0,1,4,4,13900,234,0,0,0,0,0,270086,3,0
1,0,0,1,30,6,13901,234,0,0,0,0,0,192366,5,0
0,0,0,0,3,7,13902,234,0,0,0,0,0,268889,4,0
2,0,0,1,61,10,13903,234,0,0,0,0,0,234569,5,0
1,0,0,1,11,23,13904,234,0,0,0,0,0,183898,5,0
1,0,0,1,8,13,13905,234,0,0,0,0,0,231913,3,0
2,0,0,1,10,15,13906,234,0,0,0,0,0,243245,3,0
2,0,0,1,17,27,13907,234,0,0,0,0,0,258580,4,0
2,0,0,1,14,25,13908,234,0,0,0,0,0,229188,3,0
0,0,0,0,37,28,13909,234,0,0,0,0,0,240451,3,0
0,0,0,0,18,28,13910,234,0,0,0,0,0,245253,3,0
0,0,0,0,25,28,13911,234,0,0,0,0,0,269292,3,0
0,0,0,0,44,28,13912,234,0,0,0,0,0,266096,3,0
0,0,0,0,24,28,13913,234,0,0,0,0,0,270060,3,0
1,0,0,1,9,28,13914,234,0,0,0,0,0,246186,3,0
1,0,0,1,7,28,13915,234,0,0,0,0,0,262642,4,0
0,0,0,0,85,28,13916,234,0,0,0,0,0,230767,3,0
1,0,0,1,32,28,13917,234,0,0,0,0,0,252114,5,0
1,0,0,1,47,28,13918,234,0,0,0,0,0,268868,3,0
0,0,0,0,28,28,13919,234,0,0,0,0,0,253052,3,0
0,0,0,0,75,28,13920,234,0,0,0,0,0,273998,3,0
0,0,0,0,84,29,13921,234,0,0,0,0,0,72267,3,0
0,0,0,0,21,29,13922,234,0,0,0,0,0,260952,3,0
0,0,0,0,81,29,13923,234,0,0,0,0,0,279896,3,0
0,0,0,0,99,0,13924,236,0,0,0,0,0,234577,3,0
0,0,0,0,23,3,13925,236,0,0,0,0,0,257290,3,0
0,0,0,0,97,4,13926,236,0,0,0,0,0,278668,4,0
0,0,0,0,24,6,13927,236,0,0,0,0,0,244206,3,0
0,0,0,0,74,7,13928,236,0,0,0,0,0,251615,3,0
0,0,0,0,22,9,13929,236,0,0,0,0,0,260599,3,0
0,0,0,0,6,11,13930,236,0,0,0,0,0,242380,2,0
2,0,0,1,11,12,13931,236,0,0,0,0,0,238896,4,0
6,1,0,1,13,16,13932,236,0,0,0,0,0,239482,5,0
2,0,0,1,16,18,13933,236,0,0,0,0,0,255069,4,0
4,1,0,1,9,25,13934,236,0,0,0,0,0,277581,2,0
2,0,0,1,17,28,13935,236,0,0,0,0,0,246070,3,0
0,0,0,0,70,28,13936,236,0,0,0,0,0,266453,3,0
0,0,0,0,3,28,13937,236,0,0,0,0,0,252339,3,0
0,0,0,0,52,28,13938,236,0,0,0,0,0,72093,3,0
0,0,0,0,14,28,13939,236,0,0,0,0,0,198513,3,0
0,0,0,0,21,28,13940,236,0,0,0,0,0,247138,3,0
0,0,0,0,15,28,13941,236,0,0,0,0,0,274078,3,0
1,0,0,0,19,28,13942,236,0,0,0,0,0,239631,3,0
0,0,0,0,10,28,13943,236,0,0,0,0,0,256958,3,0
0,0,0,0,49,28,13944,236,0,0,0,0,0,72166,3,0
1,0,0,0,27,28,13945,236,0,0,0,0,0,278587,3,0
0,0,0,0,20,28,13946,236,0,0,0,0,0,262414,3,0
0,0,0,0,94,29,13947,236,0,0,0,0,0,227819,3,0
0,0,0,0,86,29,13948,236,0,0,0,0,0,72997,3,0
0,0,0,0,12,29,13949,236,0,0,0,0,0,251528,3,0
0,0,0,0,5,29,13950,236,0,0,0,0,0,173521,3,0
0,0,0,0,4,29,13951,236,0,0,0,0,0,275070,3,0
0,0,0,0,8,29,13952,236,0,0,0,0,0,232099,3,0
0,0,0,0,18,29,13953,236,0,0,0,0,0,216466,3,0
0,0,0,0,1,0,13954,237,0,0,0,0,0,270141,4,0
0,0,0,0,6,4,13955,237,0,0,0,0,0,254262,4,0
0,0,0,0,26,5,13956,237,0,0,0,0,0,270531,3,0
0,0,0,0,25,6,13957,237,0,0,0,0,0,257179,4,0
2,0,0,1,21,12,13958,237,0,0,0,0,0,266097,3,0
0,0,0,0,42,13,13959,237,0,0,0,0,0,244669,5,0
1,0,0,0,5,15,13960,237,0,0,0,0,0,242087,3,0
0,0,0,0,11,16,13961,237,0,0,0,0,0,227890,3,0
3,0,0,1,17,17,13962,237,0,0,0,0,0,244778,5,0
4,1,0,1,8,19,13963,237,0,0,0,0,0,240950,3,0
11,1,0,1,9,25,13964,237,0,0,0,1,0,241651,5,0
0,0,0,0,57,28,13965,237,0,0,0,0,0,279044,3,0
3,0,0,1,23,28,13966,237,0,0,0,0,0,252143,5,0
0,0,0,0,72,28,13967,237,0,0,0,0,0,252144,4,0
0,0,0,0,47,28,13968,237,0,0,0,0,0,212213,3,0
0,0,0,0,13,28,13969,237,0,0,0,0,0,263032,3,0
1,0,0,0,10,28,13970,237,0,0,0,0,0,235619,3,0
1,0,0,0,19,28,13971,237,0,0,0,0,0,277689,3,0
0,0,0,0,2,28,13972,237,0,0,0,0,0,230625,3,0
0,0,0,0,20,28,13973,237,0,0,0,0,0,254817,4,0
0,0,0,0,3,28,13974,237,0,0,0,0,0,226853,3,0
0,0,0,0,22,28,13975,237,0,0,0,0,0,266253,3,0
0,0,0,0,90,28,13976,237,0,0,0,0,0,276901,3,0
0,0,0,0,41,29,13977,237,0,0,0,0,0,270865,3,0
0,0,0,0,86,29,13978,237,0,0,0,0,0,71176,3,0
0,0,0,0,51,29,13979,237,0,0,0,0,0,279565,3,0
0,0,0,0,33,0,13980,489,0,0,0,0,0,257635,4,0
0,0,0,0,28,3,13981,489,0,0,0,0,0,270205,3,0
0,0,0,0,4,4,13982,489,0,0,0,0,0,236505,3,0
0,0,0,0,44,6,13983,489,0,0,0,0,0,244006,4,0
0,0,0,0,31,7,13984,489,0,0,0,0,0,269423,3,0
0,0,0,0,29,9,13985,489,0,0,0,0,0,240316,5,0
0,0,0,0,93,11,13986,489,0,0,0,0,0,72265,3,0
0,0,0,0,79,12,13987,489,0,0,0,0,0,240259,3,0
1,0,0,1,11,16,13988,489,0,0,0,0,0,251326,2,0
0,0,0,0,21,18,13989,489,0,0,0,0,0,252139,3,0
1,0,0,1,9,25,13990,489,0,0,0,0,0,175851,3,0
0,0,0,0,77,28,13991,489,0,0,0,0,0,199840,3,0
0,0,0,0,50,28,13992,489,0,0,0,0,0,277661,3,0
0,0,0,0,12,28,13993,489,0,0,0,0,0,276495,3,0
0,0,0,0,3,28,13994,489,0,0,0,0,0,271438,3,0
0,0,0,0,22,28,13995,489,0,0,0,0,0,257334,3,0
0,0,0,0,8,28,13996,489,0,0,0,0,0,242389,3,0
0,0,0,0,14,28,13997,489,0,0,0,0,0,236940,3,0
0,0,0,0,19,28,13998,489,0,0,0,0,0,260086,3,0
0,0,0,0,70,28,13999,489,0,0,0,0,0,74190,3,0
0,0,0,0,47,28,14000,489,0,0,0,0,0,71505,3,0
0,0,0,0,7,28,14001,489,0,0,0,0,0,243205,4,0
0,0,0,0,16,28,14002,489,0,0,0,0,0,74191,3,0
0,0,0,0,23,29,14003,489,0,0,0,0,0,259317,3,0
0,0,0,0,71,29,14004,489,0,0,0,0,0,232309,3,0
0,0,0,0,1,29,14005,489,0,0,0,0,0,74165,3,0
0,0,0,0,10,29,14006,489,0,0,0,0,0,231464,4,0
0,0,0,0,2,29,14007,489,0,0,0,0,0,74962,3,0
0,0,0,0,41,29,14008,489,0,0,0,0,0,75151,3,0
0,0,0,0,17,29,14009,489,0,0,0,0,0,75290,3,0
0,0,0,0,30,0,14010,718,0,0,0,0,0,213952,1,0
0,0,0,0,77,3,14011,718,0,0,0,0,0,271539,3,0
0,0,0,0,3,4,14012,718,0,0,0,0,0,246807,1,0
0,0,0,0,15,6,14013,718,0,0,0,0,0,70555,2,0
0,0,0,0,25,7,14014,718,0,0,0,0,0,254258,2,0
0,0,0,0,22,9,14015,718,0,0,0,0,0,251447,2,0
1,0,0,1,26,11,14016,718,0,0,0,0,0,269740,3,0
0,0,0,0,7,12,14017,718,0,0,0,0,0,278025,3,0
1,0,0,1,17,16,14018,718,0,0,0,0,0,139068,3,0
0,0,0,0,10,18,14019,718,0,0,0,0,0,213582,3,0
3,0,0,1,98,25,14020,718,0,0,0,0,0,245240,2,0
0,0,0,0,42,28,14021,718,0,0,0,0,0,277680,3,0
0,0,0,0,6,28,14022,718,0,0,0,0,0,74939,3,0
0,0,0,0,13,28,14023,718,0,0,0,0,0,188840,3,0
0,0,0,0,2,28,14024,718,0,0,0,0,0,279769,2,0
0,0,0,0,1,28,14025,718,0,0,0,0,0,265688,3,0
0,0,0,0,97,28,14026,718,0,0,0,0,0,244193,3,0
0,0,0,0,9,28,14027,718,0,0,0,0,0,229683,3,0
0,0,0,0,37,28,14028,718,0,0,0,0,0,73897,3,0
0,0,0,0,5,28,14029,718,0,0,0,0,0,264743,3,0
0,0,0,0,28,28,14030,718,0,0,0,0,0,192156,3,0
0,0,0,0,38,28,14031,718,0,0,0,0,0,74084,3,0
0,0,0,0,4,28,14032,718,0,0,0,0,0,242236,3,0
0,0,0,0,99,29,14033,718,0,0,0,0,0,74919,3,0
0,0,0,0,93,29,14034,718,0,0,0,0,0,72800,3,0
0,0,0,0,31,29,14035,718,0,0,0,0,0,74334,3,0
0,0,0,0,20,29,14036,718,0,0,0,0,0,269617,3,0
0,0,0,0,19,29,14037,718,0,0,0,0,0,72808,3,0
0,0,0,0,8,29,14038,718,0,0,0,0,0,73664,3,0
0,0,0,0,88,29,14039,718,0,0,0,0,0,72952,3,0
0,0,0,0,11,29,14040,718,0,0,0,0,0,276410,3,0
0,0,0,0,18,0,14041,744,0,0,0,0,0,230117,2,0
0,0,0,0,42,4,14042,744,0,0,0,0,0,269487,3,0
0,0,0,0,33,5,14043,744,0,0,0,0,0,213374,3,0
0,0,0,0,2,6,14044,744,0,0,0,0,0,252001,3,0
0,0,0,0,11,23,14045,744,0,0,0,0,0,259054,3,0
0,0,0,0,17,12,14046,744,0,0,0,0,0,244287,3,0
0,0,0,0,10,13,14047,744,0,0,0,0,0,221506,3,0
0,0,0,0,6,15,14048,744,0,0,0,0,0,229406,3,0
0,0,0,0,98,16,14049,744,0,0,0,0,0,235026,2,0
1,0,0,1,19,27,14050,744,0,0,0,0,0,262430,2,0
3,0,0,1,9,25,14051,744,0,0,0,0,0,270983,4,0
0,0,0,0,76,28,14052,744,0,0,0,0,0,270109,2,0
0,0,0,0,21,28,14053,744,0,0,0,0,0,233414,3,0
1,0,0,1,4,28,14054,744,0,0,0,0,0,252150,3,0
0,0,0,0,20,28,14055,744,0,0,0,0,0,73596,3,0
0,0,0,0,1,28,14056,744,0,0,0,0,0,247866,3,0
1,0,0,1,22,28,14057,744,0,0,0,0,0,210259,4,0
0,0,0,0,80,28,14058,744,0,0,0,0,0,263279,3,0
0,0,0,0,16,28,14059,744,0,0,0,0,0,268719,3,0
0,0,0,0,77,28,14060,744,0,0,0,0,0,269489,3,0
0,0,0,0,15,28,14061,744,0,0,0,0,0,73601,3,0
0,0,0,0,14,28,14062,744,0,0,0,0,0,73600,3,0
0,0,0,0,5,28,14063,744,0,0,0,0,0,73597,3,0
0,0,0,0,8,29,14064,744,0,0,0,0,0,186748,3,0
0,0,0,0,27,29,14065,744,0,0,0,0,0,278434,3,0
0,0,0,0,99,29,14066,744,0,0,0,0,0,74241,3,0
0,0,0,0,43,29,14067,744,0,0,0,0,0,277500,3,0
0,0,0,0,23,29,14068,744,0,0,0,0,0,70700,3,0
0,0,0,0,34,29,14069,744,0,0,0,0,0,277871,4,0
0,0,0,0,1,0,14070,1438,0,0,0,0,0,271571,2,0
0,0,0,0,23,4,14071,1438,0,0,0,0,0,73349,3,0
0,0,0,0,21,5,14072,1438,0,0,0,0,0,211107,3,0
0,0,0,0,13,6,14073,1438,0,0,0,0,0,234992,3,0
4,1,0,1,70,23,14074,1438,0,0,0,0,0,275360,3,0
0,0,0,0,42,12,14075,1438,0,0,0,0,0,251891,3,0
0,0,0,0,8,13,14076,1438,0,0,0,0,0,258365,3,0
0,0,0,0,6,15,14077,1438,0,0,0,0,0,271297,2,0
0,0,0,0,32,16,14078,1438,0,0,0,0,0,271562,3,0
2,0,0,1,11,27,14079,1438,0,0,0,0,0,271132,3,0
2,0,0,1,9,25,14080,1438,0,0,0,0,0,264463,3,0
0,0,0,0,19,28,14081,1438,0,0,0,0,0,271371,3,0
0,0,0,0,3,28,14082,1438,0,0,0,0,0,271017,3,0
0,0,0,0,27,28,14083,1438,0,0,0,0,0,262869,3,0
0,0,0,0,2,28,14084,1438,0,0,0,0,0,246974,3,0
0,0,0,0,94,28,14085,1438,0,0,0,0,0,215343,3,0
1,0,0,1,17,28,14086,1438,0,0,0,0,0,73629,3,0
2,0,0,1,10,28,14087,1438,0,0,0,0,0,263574,3,0
0,0,0,0,77,28,14088,1438,0,0,0,0,0,270555,3,0
0,0,0,0,41,28,14089,1438,0,0,0,0,0,74651,3,0
0,0,0,0,28,28,14090,1438,0,0,0,0,0,74432,3,0
0,0,0,0,35,28,14091,1438,0,0,0,0,0,73350,3,0
0,0,0,0,12,28,14092,1438,0,0,0,0,0,74039,3,0
0,0,0,0,14,0,14093,1887,0,0,0,0,0,219754,3,0
0,0,0,0,76,3,14094,1887,0,0,0,0,0,225402,2,0
0,0,0,0,24,4,14095,1887,0,0,0,0,0,244377,3,0
0,0,0,0,44,6,14096,1887,0,0,0,0,0,242359,3,0
0,0,0,0,13,7,14097,1887,0,0,0,0,0,266461,3,0
1,0,0,1,8,10,14098,1887,0,0,0,0,0,263059,4,0
1,0,0,1,11,23,14099,1887,0,0,0,0,0,70651,3,0
0,0,0,0,10,13,14100,1887,0,0,0,0,0,212474,4,0
0,0,0,0,20,15,14101,1887,0,0,0,0,0,223302,3,0
1,0,0,1,17,27,14102,1887,0,0,0,0,0,244416,3,0
1,0,0,1,7,25,14103,1887,0,0,0,0,0,189303,3,0
0,0,0,0,77,28,14104,1887,0,0,0,0,0,251438,3,0
0,0,0,0,18,28,14105,1887,0,0,0,0,0,257194,3,0
1,0,0,1,4,28,14106,1887,0,0,0,0,0,253378,3,0
0,0,0,0,2,28,14107,1887,0,0,0,0,0,263653,3,0
0,0,0,0,27,28,14108,1887,0,0,0,0,0,229255,3,0
1,0,0,1,9,28,14109,1887,0,0,0,0,0,252164,3,0
0,0,0,0,6,28,14110,1887,0,0,0,0,0,274105,3,0
0,0,0,0,3,28,14111,1887,0,0,0,0,0,233329,3,0
0,0,0,0,98,28,14112,1887,0,0,0,0,0,71478,3,0
0,0,0,0,28,28,14113,1887,0,0,0,0,0,271576,3,0
0,0,0,0,5,28,14114,1887,0,0,0,0,0,73762,3,0
0,0,0,0,79,28,14115,1887,0,0,0,0,0,261774,3,0
0,0,0,0,92,29,14116,1887,0,0,0,0,0,71477,3,0
0,0,0,0,22,29,14117,1887,0,0,0,0,0,270674,3,0
0,0,0,0,15,29,14118,1887,0,0,0,0,0,266660,3,0
0,0,0,0,47,29,14119,1887,0,0,0,0,0,270557,3,0
2,0,0,1,71,29,14120,1887,0,0,0,0,0,74649,5,0
0,0,0,0,42,0,14121,1888,0,0,0,0,0,263673,4,0
0,0,0,0,2,3,14122,1888,0,0,0,0,0,258786,3,0
0,0,0,0,39,4,14123,1888,0,0,0,0,0,209816,4,0
0,0,0,0,26,6,14124,1888,0,0,0,0,0,18115,4,0
0,0,0,0,57,7,14125,1888,0,0,0,0,0,268807,4,0
0,0,0,0,24,9,14126,1888,0,0,0,0,0,277659,3,0
0,0,0,0,6,11,14127,1888,0,0,0,0,0,259612,3,0
0,0,0,0,77,12,14128,1888,0,0,0,0,0,239441,4,0
3,0,0,1,71,16,14129,1888,0,0,0,0,0,253167,5,0
5,1,0,1,10,18,14130,1888,0,0,0,0,0,257899,5,0
0,0,0,0,20,25,14131,1888,0,0,0,0,0,74457,2,0
0,0,0,0,15,28,14132,1888,0,0,0,0,0,257293,3,0
0,0,0,0,19,28,14133,1888,0,0,0,0,0,277878,3,0
0,0,0,0,23,28,14134,1888,0,0,0,0,0,212889,3,0
0,0,0,0,88,28,14135,1888,0,0,0,0,0,70745,3,0
0,0,0,0,99,28,14136,1888,0,0,0,0,0,251449,3,0
2,0,0,1,9,28,14137,1888,0,0,0,0,0,262511,4,0
0,0,0,0,7,28,14138,1888,0,0,0,0,0,277070,3,0
0,0,0,0,11,28,14139,1888,0,0,0,0,0,269637,3,0
0,0,0,0,18,28,14140,1888,0,0,0,0,0,222832,3,0
0,0,0,0,45,28,14141,1888,0,0,0,0,0,256768,3,0
0,0,0,0,16,28,14142,1888,0,0,0,0,0,74333,3,0
0,0,0,0,14,28,14143,1888,0,0,0,0,0,74455,3,0
0,0,0,0,13,29,14144,1888,0,0,0,0,0,74332,3,0
0,0,0,0,5,29,14145,1888,0,0,0,0,0,256526,3,0
0,0,0,0,4,29,14146,1888,0,0,0,0,0,263114,3,0
0,0,0,0,90,29,14147,1888,0,0,0,0,0,264290,3,0
0,0,0,0,51,29,14148,1888,0,0,0,0,0,75143,3,0
0,0,0,0,37,0,14149,1891,0,0,0,0,0,235574,5,0
0,0,0,0,22,3,14150,1891,0,0,0,0,0,73453,4,0
0,0,0,0,4,4,14151,1891,0,0,0,0,0,73044,3,0
0,0,0,0,38,6,14152,1891,0,0,0,0,0,73128,4,0
0,0,0,0,5,7,14153,1891,0,0,0,0,0,264488,3,0
0,0,0,0,88,10,14154,1891,0,0,0,0,0,74067,4,0
1,0,0,1,11,23,14155,1891,0,0,0,0,0,270345,3,0
0,0,0,0,10,13,14156,1891,0,0,0,0,0,267633,3,0
1,0,0,1,17,15,14157,1891,0,0,0,0,0,264324,3,0
0,0,0,0,70,27,14158,1891,0,0,0,0,0,242841,2,0
0,0,0,0,9,25,14159,1891,0,0,0,0,0,265748,3,0
0,0,0,0,7,28,14160,1891,0,0,0,0,0,246834,3,0
0,0,0,0,8,28,14161,1891,0,0,0,0,0,244960,3,0
0,0,0,0,25,28,14162,1891,0,0,0,0,0,270684,3,0
0,0,0,0,33,28,14163,1891,0,0,0,0,0,72691,3,0
0,0,0,0,1,28,14164,1891,0,0,0,0,0,258357,3,0
1,0,0,1,23,28,14165,1891,0,0,0,0,0,74092,3,0
1,0,0,1,19,28,14166,1891,0,0,0,0,0,258271,3,0
0,0,0,0,2,28,14167,1891,0,0,0,0,0,189221,3,0
0,0,0,0,89,28,14168,1891,0,0,0,0,0,224116,3,0
0,0,0,0,18,28,14169,1891,0,0,0,0,0,205598,3,0
0,0,0,0,99,28,14170,1891,0,0,0,0,0,260869,3,0
0,0,0,0,27,28,14171,1891,0,0,0,0,0,277598,5,0
0,0,0,0,77,29,14172,1891,0,0,0,0,0,73181,3,0
0,0,0,0,20,29,14173,1891,0,0,0,0,0,207762,3,0
0,0,0,0,12,29,14174,1891,0,0,0,0,0,73682,3,0
0,0,0,0,72,29,14175,1891,0,0,0,0,0,73758,3,0
0,0,0,0,34,29,14176,1891,0,0,0,0,0,235854,3,0
0,0,0,0,43,29,14177,1891,0,0,0,0,0,74560,3,0
0,0,0,0,15,29,14178,1891,0,0,0,0,0,74314,3,0
0,0,0,0,1,0,14179,1896,0,0,0,0,0,208104,2,0
0,0,0,0,2,3,14180,1896,0,0,0,0,0,245597,3,0
1,0,0,1,4,4,14181,1896,0,0,0,0,0,240453,3,0
0,0,0,0,26,6,14182,1896,0,0,0,0,0,258315,3,0
0,0,0,0,19,7,14183,1896,0,0,0,0,0,224921,2,0
1,0,0,1,11,12,14184,1896,0,0,0,0,0,263828,4,0
2,0,0,1,16,13,14185,1896,0,0,0,0,0,251377,3,0
0,0,0,0,6,15,14186,1896,0,0,0,0,0,255471,4,0
2,0,0,1,7,16,14187,1896,0,0,0,0,0,211368,3,0
1,0,0,1,21,18,14188,1896,0,0,0,0,0,213516,4,0
2,0,0,1,9,25,14189,1896,0,0,0,0,0,272668,3,0
0,0,0,0,8,28,14190,1896,0,0,0,0,0,162347,3,0
0,0,0,0,10,28,14191,1896,0,0,0,0,0,226370,3,0
0,0,0,0,3,28,14192,1896,0,0,0,0,0,256343,3,0
0,0,0,0,25,28,14193,1896,0,0,0,0,0,237211,3,0
0,0,0,0,91,28,14194,1896,0,0,0,0,0,258936,3,0
1,0,0,1,90,28,14195,1896,0,0,0,0,0,263676,3,0
2,0,0,1,77,28,14196,1896,0,0,0,0,0,264438,2,0
0,0,0,0,15,28,14197,1896,0,0,0,0,0,210679,3,0
0,0,0,0,33,28,14198,1896,0,0,0,0,0,274465,3,0
0,0,0,0,12,28,14199,1896,0,0,0,0,0,241976,3,0
0,0,0,0,27,28,14200,1896,0,0,0,0,0,235955,3,0
0,0,0,0,92,28,14201,1896,0,0,0,0,0,276996,3,0
0,0,0,0,22,29,14202,1896,0,0,0,0,0,275248,3,0
0,0,0,0,29,29,14203,1896,0,0,0,0,0,264418,3,0
0,0,0,0,62,29,14204,1896,0,0,0,0,0,70672,3,0
0,0,0,0,13,29,14205,1896,0,0,0,0,0,252577,3,0
1,0,0,1,20,29,14206,1896,0,0,0,0,0,263194,3,0
0,0,0,0,80,29,14207,1896,0,0,0,0,0,74880,3,0
0,0,0,0,99,0,14208,1898,0,0,0,0,0,251995,3,0
0,0,0,0,15,3,14209,1898,0,0,0,0,0,271288,3,0
0,0,0,0,26,4,14210,1898,0,0,0,0,0,253276,3,0
1,0,0,1,70,6,14211,1898,0,0,0,0,0,271461,3,0
0,0,0,0,20,7,14212,1898,0,0,0,0,0,215665,3,0
0,0,0,0,6,10,14213,1898,0,0,0,0,0,247288,2,0
0,0,0,0,16,12,14214,1898,0,0,0,0,0,271289,3,0
0,0,0,0,24,13,14215,1898,0,0,0,0,0,214606,4,0
1,0,0,1,18,15,14216,1898,0,0,0,0,0,246192,3,0
0,0,0,0,7,16,14217,1898,0,0,0,0,0,204737,3,0
0,0,0,0,9,25,14218,1898,0,0,0,0,0,255409,3,0
3,0,0,1,10,28,14219,1898,0,0,0,0,0,252310,5,0
0,0,0,0,88,28,14220,1898,0,0,0,0,0,277467,3,0
0,0,0,0,35,28,14221,1898,0,0,0,0,0,277469,3,0
0,0,0,0,73,28,14222,1898,0,0,0,0,0,74193,3,0
0,0,0,0,76,28,14223,1898,0,0,0,0,0,277466,3,0
0,0,0,0,90,28,14224,1898,0,0,0,0,0,276349,3,0
0,0,0,0,71,28,14225,1898,0,0,0,0,0,74192,3,0
0,0,0,0,75,28,14226,1898,0,0,0,0,0,74096,3,0
0,0,0,0,17,28,14227,1898,0,0,0,0,0,260744,3,0
0,0,0,0,12,28,14228,1898,0,0,0,0,0,277008,3,0
0,0,0,0,1,28,14229,1898,0,0,0,0,0,206262,2,0
0,0,0,0,55,28,14230,1898,0,0,0,0,0,271287,3,0
0,0,0,0,40,0,14231,1900,0,0,0,0,0,258328,5,0
0,0,0,0,2,3,14232,1900,0,0,0,0,0,257162,3,0
0,0,0,0,14,4,14233,1900,0,0,0,0,0,232459,5,0
1,0,0,1,26,6,14234,1900,0,0,0,0,0,251681,3,0
0,0,0,0,23,7,14235,1900,0,0,0,0,0,263255,3,0
1,0,0,1,80,9,14236,1900,0,0,0,0,0,247258,3,0
1,0,0,1,6,11,14237,1900,0,0,0,0,0,252080,4,0
2,0,0,1,31,12,14238,1900,0,0,0,0,0,275548,3,0
0,0,0,0,77,16,14239,1900,0,0,0,0,0,240131,3,0
1,0,0,1,11,18,14240,1900,0,0,0,0,0,275545,4,0
3,0,0,1,9,25,14241,1900,0,0,0,0,0,70810,2,0
1,0,0,1,20,28,14242,1900,0,0,0,0,0,251677,5,0
0,0,0,0,5,28,14243,1900,0,0,0,0,0,73196,3,0
0,0,0,0,76,28,14244,1900,0,0,0,0,0,271451,3,0
0,0,0,0,66,28,14245,1900,0,0,0,0,0,276442,3,0
0,0,0,0,22,28,14246,1900,0,0,0,0,0,203239,3,0
0,0,0,0,95,28,14247,1900,0,0,0,0,0,236555,3,0
0,0,0,0,10,28,14248,1900,0,0,0,0,0,260745,3,0
0,0,0,0,7,28,14249,1900,0,0,0,0,0,272827,3,0
0,0,0,0,15,28,14250,1900,0,0,0,0,0,267778,3,0
0,0,0,0,28,28,14251,1900,0,0,0,0,0,73195,3,0
0,0,0,0,16,28,14252,1900,0,0,0,0,0,198511,3,0
0,0,0,0,21,28,14253,1900,0,0,0,0,0,74093,3,0
0,0,0,0,27,0,14254,10020,0,0,0,0,0,195668,2,0
1,0,0,1,20,3,14255,10020,0,0,0,0,0,276909,4,0
0,0,0,0,23,4,14256,10020,0,0,0,0,0,251434,3,0
0,0,0,0,44,6,14257,10020,0,0,0,0,0,258457,3,0
0,0,0,0,24,7,14258,10020,0,0,0,0,0,251469,3,0
0,0,0,0,6,10,14259,10020,0,0,0,0,0,270812,3,0
0,0,0,0,17,23,14260,10020,0,0,0,0,0,71291,3,0
0,0,0,0,7,13,14261,10020,0,0,0,0,0,70673,3,0
0,0,0,0,8,15,14262,10020,0,0,0,0,0,279638,2,0
0,0,0,0,14,27,14263,10020,0,0,0,0,0,243169,2,0
2,0,0,1,9,25,14264,10020,0,0,0,0,0,243047,2,0
0,0,0,0,11,28,14265,10020,0,0,0,0,0,221743,3,0
0,0,0,0,88,28,14266,10020,0,0,0,0,0,236639,3,0
0,0,0,0,5,28,14267,10020,0,0,0,0,0,190531,3,0
0,0,0,0,18,28,14268,10020,0,0,0,0,0,269874,3,0
0,0,0,0,1,28,14269,10020,0,0,0,0,0,73319,3,0
0,0,0,0,19,28,14270,10020,0,0,0,0,0,70908,2,0
1,0,0,1,12,28,14271,10020,0,0,0,0,0,231391,3,0
0,0,0,0,10,28,14272,10020,0,0,0,0,0,237871,3,0
0,0,0,0,22,28,14273,10020,0,0,0,0,0,73882,3,0
0,0,0,0,31,28,14274,10020,0,0,0,0,0,276916,3,0
0,0,0,0,3,28,14275,10020,0,0,0,0,0,74456,3,0
0,0,0,0,25,28,14276,10020,0,0,0,0,0,262404,3,0
0,0,0,0,92,29,14277,10020,0,0,0,0,0,259424,3,0
0,0,0,0,26,29,14278,10020,0,0,0,0,0,279018,3,0
0,0,0,0,71,29,14279,10020,0,0,0,0,0,263342,3,0
0,0,0,0,58,0,14280,112513,0,0,0,0,0,239816,2,0
0,0,0,0,28,3,14281,112513,0,0,0,0,0,251994,5,0
0,0,0,0,3,4,14282,112513,0,0,0,0,0,258728,2,0
0,0,0,0,13,6,14283,112513,0,0,0,0,0,258687,2,0
0,0,0,0,27,7,14284,112513,0,0,0,0,0,253122,4,0
0,0,0,0,21,9,14285,112513,0,0,0,0,0,264188,3,0
1,0,0,1,5,11,14286,112513,0,0,0,0,0,192636,3,0
1,0,0,1,10,12,14287,112513,0,0,0,0,0,215616,5,0
0,0,0,0,2,16,14288,112513,0,0,0,0,0,270072,3,0
0,0,0,0,7,18,14289,112513,0,0,0,0,0,226877,3,0
1,0,0,1,19,25,14290,112513,0,0,0,0,0,255876,4,0
0,0,0,0,89,28,14291,112513,0,0,0,0,0,273663,3,0
0,0,0,0,22,28,14292,112513,0,0,0,0,0,255140,3,0
0,0,0,0,26,28,14293,112513,0,0,0,0,0,257969,3,0
0,0,0,0,73,28,14294,112513,0,0,0,0,0,279768,3,0
0,0,0,0,12,28,14295,112513,0,0,0,0,0,234379,3,0
1,0,0,1,39,28,14296,112513,0,0,0,0,0,266905,3,0
0,0,0,0,9,28,14297,112513,0,0,0,0,0,70806,3,0
0,0,0,0,4,28,14298,112513,0,0,0,0,0,273560,3,0
0,0,0,0,50,28,14299,112513,0,0,0,0,0,245368,3,0
0,0,0,0,78,28,14300,112513,0,0,0,0,0,238759,3,0
0,0,0,0,11,28,14301,112513,0,0,0,0,0,263837,3,0
0,0,0,0,14,28,14302,112513,0,0,0,0,0,239249,3,0
0,0,0,0,20,29,14303,112513,0,0,0,0,0,199848,3,0
0,0,0,0,44,29,14304,112513,0,0,0,0,0,247126,3,0
0,0,0,0,6,29,14305,112513,0,0,0,0,0,262438,3,0
0,0,0,0,31,29,14306,112513,0,0,0,0,0,245021,3,0
0,0,0,0,8,29,14307,112513,0,0,0,0,0,233840,3,0
0,0,0,0,1,29,14308,112513,0,0,0,0,0,246881,3,0
0,0,0,0,43,29,14309,112513,0,0,0,0,0,271321,3,0
0,0,0,0,1,0,14310,112809,0,0,0,0,0,236046,4,0
0,0,0,0,2,3,14311,112809,0,0,0,0,0,262998,3,0
0,0,0,0,4,4,14312,112809,0,0,0,0,0,251446,2,0
0,0,0,0,16,6,14313,112809,0,0,0,0,0,248278,3,0
0,0,0,0,5,7,14314,112809,0,0,0,0,0,218936,3,0
2,0,0,1,28,9,14315,112809,0,0,0,0,0,236830,4,0
0,0,0,0,8,11,14316,112809,0,0,0,0,0,276302,4,0
3,0,0,1,7,12,14317,112809,0,0,0,0,0,70971,3,0
0,0,0,0,10,16,14318,112809,0,0,0,0,0,222461,3,0
1,0,0,1,20,18,14319,112809,0,0,0,0,0,271057,3,0
0,0,0,0,11,25,14320,112809,0,0,0,0,0,277594,3,0
0,0,0,0,18,28,14321,112809,0,0,0,0,0,277310,3,0
0,0,0,0,88,28,14322,112809,0,0,0,0,0,271052,3,0
0,0,0,0,15,28,14323,112809,0,0,0,0,0,252095,3,0
0,0,0,0,17,28,14324,112809,0,0,0,0,0,277322,3,0
0,0,0,0,25,28,14325,112809,0,0,0,0,0,240834,3,0
2,0,0,1,9,28,14326,112809,0,0,0,0,0,235970,2,0
1,0,0,1,23,28,14327,112809,0,0,0,0,0,229453,4,0
0,0,0,0,6,28,14328,112809,0,0,0,0,0,240685,4,0
0,0,0,0,19,28,14329,112809,0,0,0,0,0,277645,3,0
0,0,0,0,14,28,14330,112809,0,0,0,0,0,277811,3,0
0,0,0,0,70,28,14331,112809,0,0,0,0,0,73036,3,0
0,0,0,0,71,28,14332,112809,0,0,0,0,0,74239,3,0
0,0,0,0,75,29,14333,112809,0,0,0,0,0,75099,3,0
0,0,0,0,90,29,14334,112809,0,0,0,0,0,276900,3,0
0,0,0,0,55,29,14335,112809,0,0,0,0,0,71781,3,0
0,0,0,0,3,29,14336,112809,0,0,0,0,0,253350,3,0
0,0,0,0,21,29,14337,112809,0,0,0,0,0,74698,3,0
0,0,0,0,22,29,14338,112809,0,0,0,0,0,74578,3,0
0,0,0,0,1,0,14339,114510,0,0,0,0,0,270054,3,0
0,0,0,0,4,4,14340,114510,0,0,0,0,0,73163,4,0
0,0,0,0,6,5,14341,114510,0,0,0,0,0,171791,3,0
1,0,0,1,2,6,14342,114510,0,0,0,0,0,240728,3,0
1,0,0,1,10,23,14343,114510,0,0,0,0,0,260670,3,0
0,0,0,0,18,12,14344,114510,0,0,0,0,0,221750,3,0
0,0,0,0,14,13,14345,114510,0,0,0,0,0,268275,3,0
0,0,0,0,89,15,14346,114510,0,0,0,0,0,73719,3,0
0,0,0,0,5,16,14347,114510,0,0,0,0,0,269420,3,0
1,0,0,1,7,27,14348,114510,0,0,0,0,0,262985,3,0
0,0,0,0,77,25,14349,114510,0,0,0,0,0,252485,3,0
0,0,0,0,72,28,14350,114510,0,0,0,0,0,251025,3,0
0,0,0,0,16,28,14351,114510,0,0,0,0,0,273840,3,0
0,0,0,0,8,28,14352,114510,0,0,0,0,0,260056,3,0
0,0,0,0,19,28,14353,114510,0,0,0,0,0,224194,3,0
0,0,0,0,33,28,14354,114510,0,0,0,0,0,157970,3,0
2,0,0,1,90,28,14355,114510,0,0,0,0,0,211561,3,0
0,0,0,0,80,28,14356,114510,0,0,0,0,0,277440,3,0
1,0,0,1,52,28,14357,114510,0,0,0,0,0,73035,3,0
0,0,0,0,9,28,14358,114510,0,0,0,0,0,260340,2,0
0,0,0,0,11,28,14359,114510,0,0,0,0,0,253060,3,0
0,0,0,0,3,28,14360,114510,0,0,0,0,0,262102,2,0
0,0,0,0,20,28,14361,114510,0,0,0,0,0,274004,3,0
0,0,0,0,17,29,14362,114510,0,0,0,0,0,270587,3,0
0,0,0,0,99,29,14363,114510,0,0,0,0,0,258925,3,0
0,0,0,0,22,29,14364,114510,0,0,0,0,0,70284,3,0
0,0,0,0,44,29,14365,114510,0,0,0,0,0,278662,3,0
0,0,0,0,12,29,14366,114510,0,0,0,0,0,70450,3,0
0,0,0,0,29,29,14367,114510,0,0,0,0,0,231753,3,0
0,0,0,0,13,0,14368,131463,0,0,0,0,0,140233,2,0
0,0,0,0,2,3,14369,131463,0,0,0,0,0,238507,3,0
0,0,0,0,42,4,14370,131463,0,0,0,0,0,259053,3,0
0,0,0,0,6,6,14371,131463,0,0,0,0,0,258570,3,0
1,0,0,1,24,7,14372,131463,0,0,0,0,0,213795,4,0
1,0,0,1,12,9,14373,131463,0,0,0,0,0,248386,4,0
1,0,0,1,15,11,14374,131463,0,0,0,0,0,246918,3,0
0,0,0,0,9,12,14375,131463,0,0,0,0,0,278330,3,0
1,0,0,1,17,16,14376,131463,0,0,0,0,0,72656,3,0
0,0,0,0,14,18,14377,131463,0,0,0,0,0,203038,3,0
0,0,0,0,20,25,14378,131463,0,0,0,0,0,268837,2,0
0,0,0,0,7,28,14379,131463,0,0,0,0,0,219468,2,0
0,0,0,0,8,28,14380,131463,0,0,0,0,0,232090,3,0
0,0,0,0,22,28,14381,131463,0,0,0,0,0,72610,3,0
0,0,0,0,5,28,14382,131463,0,0,0,0,0,199674,2,0
0,0,0,0,93,28,14383,131463,0,0,0,0,0,252284,3,0
1,0,0,1,10,28,14384,131463,0,0,0,0,0,72658,3,0
0,0,0,0,11,28,14385,131463,0,0,0,0,0,275487,3,0
0,0,0,0,27,28,14386,131463,0,0,0,0,0,244221,3,0
0,0,0,0,29,28,14387,131463,0,0,0,0,0,203757,3,0
0,0,0,0,47,28,14388,131463,0,0,0,0,0,72652,3,0
0,0,0,0,1,28,14389,131463,0,0,0,0,0,72605,3,0
0,0,0,0,88,28,14390,131463,0,0,0,0,0,193870,3,0
0,0,0,0,16,29,14391,131463,0,0,0,0,0,247565,3,0
0,0,0,0,4,29,14392,131463,0,0,0,0,0,266658,3,0
0,0,0,0,3,29,14393,131463,0,0,0,0,0,73256,3,0
0,0,0,0,70,29,14394,131463,0,0,0,0,0,72661,3,0
0,0,0,0,23,29,14395,131463,0,0,0,0,0,72654,3,0
0,0,0,0,21,0,14396,308,0,0,0,0,0,248054,2,0
1,0,0,1,23,3,14397,308,0,0,0,0,0,247911,2,0
1,0,0,1,3,4,14398,308,0,0,0,0,0,255316,2,0
1,0,0,1,26,6,14399,308,0,0,0,0,0,223568,3,0
0,0,0,0,11,7,14400,308,0,0,0,0,0,243000,3,0
1,0,0,1,5,9,14401,308,0,0,0,0,0,70195,3,0
1,0,0,1,8,11,14402,308,0,0,0,0,0,270638,2,0
1,0,0,1,7,12,14403,308,0,0,0,0,0,72940,3,0
7,1,0,1,28,16,14404,308,0,0,0,1,0,229804,3,0
4,0,0,1,10,18,14405,308,0,0,0,0,0,251880,4,0
2,0,0,1,19,25,14406,308,0,0,0,0,0,242494,3,0
0,0,0,0,6,28,14407,308,0,0,0,0,0,243023,3,0
0,0,0,0,25,28,14408,308,0,0,0,0,0,224981,3,0
0,0,0,0,2,28,14409,308,0,0,0,0,0,247949,2,0
0,0,0,0,15,28,14410,308,0,0,0,0,0,273803,3,0
0,0,0,0,33,28,14411,308,0,0,0,0,0,205942,3,0
0,0,0,0,14,28,14412,308,0,0,0,0,0,221336,3,0
0,0,0,0,12,28,14413,308,0,0,0,0,0,273753,3,0
0,0,0,0,17,28,14414,308,0,0,0,0,0,72817,3,0
0,0,0,0,9,28,14415,308,0,0,0,0,0,231726,2,0
0,0,0,0,20,28,14416,308,0,0,0,0,0,243001,3,0
0,0,0,0,22,28,14417,308,0,0,0,0,0,257361,3,0
0,0,0,0,24,28,14418,308,0,0,0,0,0,75209,2,0
0,0,0,0,37,29,14419,308,0,0,0,0,0,258373,3,0
0,0,0,0,32,29,14420,308,0,0,0,0,0,248037,3,0
0,0,0,0,27,29,14421,308,0,0,0,0,0,73396,3,0
1,0,0,1,31,29,14422,308,0,0,0,0,0,70268,3,0
0,0,0,0,16,0,14423,310,0,0,0,0,0,251036,3,0
2,0,0,1,47,3,14424,310,0,0,0,0,0,243398,2,0
1,0,0,1,36,4,14425,310,0,0,0,0,0,239748,3,0
0,0,0,0,21,5,14426,310,0,0,0,0,0,262465,3,0
0,0,0,0,6,6,14427,310,0,0,0,0,0,248110,3,0
0,0,0,0,23,7,14428,310,0,0,0,0,0,223229,3,0
0,0,0,0,66,10,14429,310,0,0,0,0,0,243918,3,0
2,0,0,1,10,13,14430,310,0,0,0,0,0,248049,2,0
0,0,0,0,28,15,14431,310,0,0,0,0,0,72694,3,0
0,0,0,0,18,24,14432,310,0,0,0,0,0,72978,2,0
0,0,0,0,11,26,14433,310,0,0,0,0,0,70249,3,0
0,0,0,0,14,28,14434,310,0,0,0,0,0,227706,3,0
0,0,0,0,20,28,14435,310,0,0,0,0,0,248680,2,0
1,0,0,1,5,28,14436,310,0,0,0,0,0,237630,2,0
0,0,0,0,22,28,14437,310,0,0,0,0,0,156221,2,0
0,0,0,0,1,28,14438,310,0,0,0,0,0,202886,4,0
0,0,0,0,17,28,14439,310,0,0,0,0,0,242640,2,0
0,0,0,0,7,28,14440,310,0,0,0,0,0,277377,3,0
1,0,0,1,8,28,14441,310,0,0,0,0,0,70246,3,0
3,0,0,1,55,28,14442,310,0,0,0,0,0,271172,2,0
0,0,0,0,45,28,14443,310,0,0,0,0,0,239910,3,0
0,0,0,0,9,28,14444,310,0,0,0,0,0,212273,3,0
0,0,0,0,4,28,14445,310,0,0,0,0,0,229377,3,0
0,0,0,0,24,29,14446,310,0,0,0,0,0,270863,2,0
0,0,0,0,19,29,14447,310,0,0,0,0,0,253076,3,0
0,0,0,0,25,29,14448,310,0,0,0,0,0,245459,3,0
0,0,0,0,15,29,14449,310,0,0,0,0,0,257805,3,0
0,0,0,0,99,29,14450,310,0,0,0,0,0,70250,3,0
0,0,0,0,1,0,14451,100757,0,0,0,0,0,276650,3,0
0,0,0,0,98,3,14452,100757,0,0,0,0,0,251022,3,0
0,0,0,0,4,4,14453,100757,0,0,0,0,0,238987,3,0
0,0,0,0,28,6,14454,100757,0,0,0,0,0,239011,3,0
1,0,0,1,3,7,14455,100757,0,0,0,0,0,251781,3,0
2,0,0,1,19,23,14456,100757,0,0,0,0,0,237666,3,0
0,0,0,0,17,13,14457,100757,0,0,0,0,0,211042,2,0
1,0,0,1,8,14,14458,100757,0,0,0,0,0,203393,3,0
4,0,0,1,10,15,14459,100757,0,0,0,0,0,260141,4,0
4,0,0,1,7,27,14460,100757,0,0,0,0,0,247674,2,0
6,1,0,1,9,25,14461,100757,0,0,0,0,0,254281,3,0
0,0,0,0,33,28,14462,100757,0,0,0,0,0,220479,2,0
0,0,0,0,27,28,14463,100757,0,0,0,0,0,262788,2,0
0,0,0,0,23,28,14464,100757,0,0,0,0,0,251065,2,0
0,0,0,0,5,28,14465,100757,0,0,0,0,0,72815,3,0
0,0,0,0,73,28,14466,100757,0,0,0,0,0,72802,3,0
1,0,0,1,22,28,14467,100757,0,0,0,0,0,248401,3,0
0,0,0,0,90,28,14468,100757,0,0,0,0,0,277693,3,0
0,0,0,0,18,28,14469,100757,0,0,0,0,0,243016,3,0
0,0,0,0,20,28,14470,100757,0,0,0,0,0,263642,3,0
0,0,0,0,24,28,14471,100757,0,0,0,0,0,72762,3,0
1,0,0,1,21,28,14472,100757,0,0,0,0,0,70146,3,0
0,0,0,0,77,28,14473,100757,0,0,0,0,0,262813,3,0
0,0,0,0,30,29,14474,100757,0,0,0,0,0,72979,3,0
0,0,0,0,16,29,14475,100757,0,0,0,0,0,74513,3,0
0,0,0,0,6,29,14476,100757,0,0,0,0,0,73424,2,0
0,0,0,0,32,0,14477,100761,0,0,0,0,0,248073,2,0
0,0,0,0,2,3,14478,100761,0,0,0,0,0,247968,4,0
1,0,0,1,30,4,14479,100761,0,0,0,0,0,235442,3,0
1,0,0,1,5,6,14480,100761,0,0,0,0,0,252675,3,0
0,0,0,0,33,7,14481,100761,0,0,0,0,0,248095,3,0
1,0,0,1,16,9,14482,100761,0,0,0,0,0,253758,3,0
0,0,0,0,8,11,14483,100761,0,0,0,0,0,251076,3,0
1,0,0,1,29,23,14484,100761,0,0,0,0,0,263147,3,0
1,0,0,1,15,27,14485,100761,0,0,0,0,0,251842,3,0
3,0,0,1,27,18,14486,100761,0,0,0,0,0,247972,3,0
0,0,0,0,19,25,14487,100761,0,0,0,0,0,246560,3,0
1,0,0,1,7,28,14488,100761,0,0,0,0,0,223231,3,0
0,0,0,0,42,28,14489,100761,0,0,0,0,0,259261,3,0
0,0,0,0,28,28,14490,100761,0,0,0,0,0,256898,3,0
0,0,0,0,21,28,14491,100761,0,0,0,0,0,205943,3,0
0,0,0,0,99,28,14492,100761,0,0,0,0,0,248018,3,0
3,0,0,1,25,28,14493,100761,0,0,0,0,0,239117,3,0
0,0,0,0,24,28,14494,100761,0,0,0,0,0,262449,3,0
0,0,0,0,11,28,14495,100761,0,0,0,0,0,257803,2,0
3,0,0,1,9,28,14496,100761,0,0,0,0,0,266728,4,0
2,0,0,1,10,28,14497,100761,0,0,0,0,0,258942,5,0
0,0,0,0,18,28,14498,100761,0,0,0,0,0,242325,3,0
0,0,0,0,12,28,14499,100761,0,0,0,0,0,229543,3,0
0,0,0,0,70,29,14500,100761,0,0,0,0,0,251999,3,0
0,0,0,0,17,29,14501,100761,0,0,0,0,0,246561,3,0
0,0,0,0,3,29,14502,100761,0,0,0,0,0,248075,3,0
0,0,0,0,1,29,14503,100761,0,0,0,0,0,256897,3,0
0,0,0,0,22,29,14504,100761,0,0,0,0,0,278573,3,0
0,0,0,0,32,0,14505,110072,0,0,0,0,0,251034,2,0
0,0,0,0,26,3,14506,110072,0,0,0,0,0,276276,3,0
0,0,0,0,6,4,14507,110072,0,0,0,0,0,277806,3,0
0,0,0,0,5,6,14508,110072,0,0,0,0,0,266564,2,0
0,0,0,0,2,7,14509,110072,0,0,0,0,0,276142,3,0
3,0,0,1,31,10,14510,110072,0,0,0,0,0,252574,4,0
1,0,0,1,7,23,14511,110072,0,0,0,0,0,229608,3,0
0,0,0,0,66,13,14512,110072,0,0,0,0,0,70298,2,0
1,0,0,1,30,15,14513,110072,0,0,0,0,0,216800,5,0
0,0,0,0,33,27,14514,110072,0,0,0,0,0,72761,3,0
3,0,0,1,11,25,14515,110072,0,0,0,0,0,275648,2,0
0,0,0,0,21,28,14516,110072,0,0,0,0,0,276452,2,0
0,0,0,0,28,28,14517,110072,0,0,0,0,0,277976,3,0
0,0,0,0,27,28,14518,110072,0,0,0,0,0,73300,2,0
0,0,0,0,15,28,14519,110072,0,0,0,0,0,220427,3,0
0,0,0,0,12,28,14520,110072,0,0,0,0,0,72799,3,0
3,0,0,1,9,28,14521,110072,0,0,0,0,0,275234,3,0
0,0,0,0,8,28,14522,110072,0,0,0,0,0,207418,3,0
0,0,0,0,17,28,14523,110072,0,0,0,0,0,276744,3,0
0,0,0,0,20,28,14524,110072,0,0,0,0,0,248099,3,0
0,0,0,0,35,28,14525,110072,0,0,0,0,0,202803,3,0
0,0,0,0,34,28,14526,110072,0,0,0,0,0,217584,3,0
0,0,0,0,13,28,14527,110072,0,0,0,0,0,257374,3,0
0,0,0,0,19,29,14528,110072,0,0,0,0,0,74244,3,0
0,0,0,0,71,29,14529,110072,0,0,0,0,0,74320,3,0
0,0,0,0,22,29,14530,110072,0,0,0,0,0,73335,3,0
0,0,0,0,3,29,14531,110072,0,0,0,0,0,73407,3,0
0,0,0,0,97,29,14532,110072,0,0,0,0,0,269408,3,0
0,0,0,0,14,29,14533,110072,0,0,0,0,0,257816,3,0
0,0,0,0,77,29,14534,110072,0,0,0,0,0,261353,3,0
0,0,0,0,23,29,14535,110072,0,0,0,0,0,72752,3,0
0,0,0,0,1,0,14536,110075,0,0,0,0,0,222221,3,0
0,0,0,0,22,3,14537,110075,0,0,0,0,0,268128,3,0
0,0,0,0,4,4,14538,110075,0,0,0,0,0,275016,3,0
0,0,0,0,44,6,14539,110075,0,0,0,0,0,220521,3,0
0,0,0,0,11,7,14540,110075,0,0,0,0,0,239116,5,0
1,0,0,1,6,10,14541,110075,0,0,0,0,0,266792,3,0
3,0,0,1,30,23,14542,110075,0,0,0,0,0,267993,4,0
1,0,0,1,8,13,14543,110075,0,0,0,0,0,248112,3,0
0,0,0,0,14,15,14544,110075,0,0,0,0,0,242845,3,0
0,0,0,0,27,27,14545,110075,0,0,0,0,0,272545,3,0
3,0,0,1,7,25,14546,110075,0,0,0,0,0,197971,2,0
0,0,0,0,20,28,14547,110075,0,0,0,0,0,265431,3,0
0,0,0,0,23,28,14548,110075,0,0,0,0,0,248114,3,0
0,0,0,0,17,28,14549,110075,0,0,0,0,0,247963,3,0
0,0,0,0,5,28,14550,110075,0,0,0,0,0,239118,3,0
0,0,0,0,68,28,14551,110075,0,0,0,0,0,248019,3,0
0,0,0,0,19,28,14552,110075,0,0,0,0,0,253438,3,0
0,0,0,0,77,28,14553,110075,0,0,0,0,0,248117,3,0
3,0,0,1,9,28,14554,110075,0,0,0,0,0,230963,2,0
1,0,0,1,10,28,14555,110075,0,0,0,0,0,235345,3,0
0,0,0,0,99,28,14556,110075,0,0,0,0,0,278964,3,0
0,0,0,0,15,28,14557,110075,0,0,0,0,0,263492,3,0
0,0,0,0,80,28,14558,110075,0,0,0,0,0,248679,3,0
0,0,0,0,18,29,14559,110075,0,0,0,0,0,271989,3,0
0,0,0,0,2,29,14560,110075,0,0,0,0,0,73392,3,0
0,0,0,0,38,0,14561,110078,0,0,0,0,0,205554,2,0
1,0,0,1,24,3,14562,110078,0,0,0,0,0,224115,2,0
0,0,0,0,4,4,14563,110078,0,0,0,0,0,204211,3,0
0,0,0,0,2,6,14564,110078,0,0,0,0,0,269411,2,0
1,0,0,1,5,7,14565,110078,0,0,0,0,0,269412,3,0
0,0,0,0,23,9,14566,110078,0,0,0,0,0,251104,2,0
0,0,0,0,8,11,14567,110078,0,0,0,0,0,223355,3,0
0,0,0,0,10,23,14568,110078,0,0,0,0,0,269415,3,0
0,0,0,0,20,14,14569,110078,0,0,0,0,0,237989,4,0
3,0,0,1,7,27,14570,110078,0,0,0,0,0,220177,2,0
3,0,0,1,19,25,14571,110078,0,0,0,0,0,247941,3,0
0,0,0,0,44,28,14572,110078,0,0,0,0,0,247985,2,0
0,0,0,0,6,28,14573,110078,0,0,0,0,0,70958,2,0
0,0,0,0,15,28,14574,110078,0,0,0,0,0,74284,3,0
0,0,0,0,3,28,14575,110078,0,0,0,0,0,248027,2,0
0,0,0,0,12,28,14576,110078,0,0,0,0,0,258420,3,0
4,0,0,1,17,28,14577,110078,0,0,0,0,0,274397,2,0
0,0,0,0,27,28,14578,110078,0,0,0,0,0,220087,3,0
0,0,0,0,14,28,14579,110078,0,0,0,0,0,73663,3,0
0,0,0,0,22,28,14580,110078,0,0,0,0,0,278006,3,0
0,0,0,0,69,28,14581,110078,0,0,0,0,0,244252,3,0
0,0,0,0,9,28,14582,110078,0,0,0,0,0,207918,3,0
0,0,0,0,11,28,14583,110078,0,0,0,0,0,248138,3,0
0,0,0,0,90,29,14584,110078,0,0,0,0,0,276344,3,0
0,0,0,0,36,29,14585,110078,0,0,0,0,0,73464,3,0
0,0,0,0,30,29,14586,110078,0,0,0,0,0,271184,3,0
0,0,0,0,71,29,14587,110078,0,0,0,0,0,73462,3,0
0,0,0,0,99,29,14588,110078,0,0,0,0,0,273674,3,0
0,0,0,0,1,29,14589,110078,0,0,0,0,0,70959,3,0
0,0,0,0,22,0,14590,110750,0,0,0,0,0,213649,3,0
0,0,0,0,25,3,14591,110750,0,0,0,0,0,255146,3,0
0,0,0,0,15,4,14592,110750,0,0,0,0,0,236279,3,0
1,0,0,1,4,6,14593,110750,0,0,0,0,0,242500,3,0
0,0,0,0,29,7,14594,110750,0,0,0,0,0,247966,3,0
1,0,0,1,30,9,14595,110750,0,0,0,0,0,228715,3,0
2,0,0,1,8,11,14596,110750,0,0,0,0,0,213557,3,0
2,0,0,1,19,12,14597,110750,0,0,0,0,0,244143,4,0
1,0,0,1,24,16,14598,110750,0,0,0,0,0,242093,2,0
0,0,0,0,10,18,14599,110750,0,0,0,0,0,276259,3,0
1,0,0,1,11,25,14600,110750,0,0,0,0,0,208022,3,0
0,0,0,0,21,28,14601,110750,0,0,0,0,0,276625,3,0
1,0,0,1,97,28,14602,110750,0,0,0,0,0,257812,4,0
0,0,0,0,6,28,14603,110750,0,0,0,0,0,254265,3,0
0,0,0,0,3,28,14604,110750,0,0,0,0,0,271829,3,0
0,0,0,0,1,28,14605,110750,0,0,0,0,0,262420,3,0
2,0,0,1,77,28,14606,110750,0,0,0,0,0,251770,4,0
0,0,0,0,31,28,14607,110750,0,0,0,0,0,202754,4,0
0,0,0,0,7,28,14608,110750,0,0,0,0,0,251235,3,0
1,0,0,1,9,28,14609,110750,0,0,0,0,0,252697,1,0
0,0,0,0,32,28,14610,110750,0,0,0,0,0,219781,3,0
0,0,0,0,17,28,14611,110750,0,0,0,0,0,75027,3,0
0,0,0,0,14,28,14612,110750,0,0,0,0,0,247759,3,0
0,0,0,0,18,29,14613,110750,0,0,0,0,0,257984,3,0
0,0,0,0,12,29,14614,110750,0,0,0,0,0,258419,3,0
0,0,0,0,27,29,14615,110750,0,0,0,0,0,73264,3,0
0,0,0,0,30,0,14616,110751,0,0,0,0,0,226656,2,0
1,0,0,1,24,3,14617,110751,0,0,0,0,0,248107,5,0
1,0,0,1,5,4,14618,110751,0,0,0,0,0,278086,2,0
0,0,0,0,6,6,14619,110751,0,0,0,0,0,248021,3,0
0,0,0,0,27,7,14620,110751,0,0,0,0,0,212048,2,0
0,0,0,0,22,13,14621,110751,0,0,0,0,0,251045,3,0
1,0,0,1,23,14,14622,110751,0,0,0,0,0,239980,2,0
1,0,0,1,94,15,14623,110751,0,0,0,0,0,248057,2,0
5,1,0,1,10,18,14624,110751,0,0,0,0,0,212226,3,0
3,0,0,1,93,24,14625,110751,0,0,0,0,0,228388,3,0
4,0,0,1,77,26,14626,110751,0,0,0,0,0,271704,3,0
0,0,0,0,16,28,14627,110751,0,0,0,0,0,242562,3,0
0,0,0,0,17,28,14628,110751,0,0,0,0,0,236405,3,0
0,0,0,0,26,28,14629,110751,0,0,0,0,0,257725,3,0
0,0,0,0,3,28,14630,110751,0,0,0,0,0,223230,3,0
0,0,0,0,33,28,14631,110751,0,0,0,0,0,269406,3,0
1,0,0,1,99,28,14632,110751,0,0,0,0,0,231394,1,0
0,0,0,0,98,28,14633,110751,0,0,0,0,0,247950,3,0
1,0,0,1,11,28,14634,110751,0,0,0,0,0,75202,4,0
0,0,0,0,9,28,14635,110751,0,0,0,0,0,270104,3,0
0,0,0,0,19,28,14636,110751,0,0,0,0,0,235380,3,0
0,0,0,0,7,28,14637,110751,0,0,0,0,0,278111,2,0
0,0,0,0,8,28,14638,110751,0,0,0,0,0,72695,3,0
0,0,0,0,13,29,14639,110751,0,0,0,0,0,73400,3,0
0,0,0,0,18,29,14640,110751,0,0,0,0,0,73403,3,0
0,0,0,0,12,29,14641,110751,0,0,0,0,0,74711,3,0
0,0,0,0,21,29,14642,110751,0,0,0,0,0,73402,3,0
0,0,0,0,94,0,14643,110752,0,0,0,0,0,248000,3,0
0,0,0,0,20,3,14644,110752,0,0,0,0,0,235814,3,0
0,0,0,0,5,4,14645,110752,0,0,0,0,0,217199,3,0
0,0,0,0,4,6,14646,110752,0,0,0,0,0,248002,4,0
0,0,0,0,30,7,14647,110752,0,0,0,0,0,251635,3,0
0,0,0,0,28,9,14648,110752,0,0,0,0,0,274734,3,0
0,0,0,0,22,11,14649,110752,0,0,0,0,0,208294,3,0
1,0,0,1,8,12,14650,110752,0,0,0,0,0,251634,3,0
1,0,0,1,7,16,14651,110752,0,0,0,0,0,258364,4,0
0,0,0,0,33,18,14652,110752,0,0,0,0,0,268452,3,0
0,0,0,0,9,25,14653,110752,0,0,0,0,0,274458,3,0
0,0,0,0,21,28,14654,110752,0,0,0,0,0,72921,3,0
0,0,0,0,2,28,14655,110752,0,0,0,0,0,243988,3,0
0,0,0,0,6,28,14656,110752,0,0,0,0,0,255192,3,0
1,0,0,1,44,28,14657,110752,0,0,0,0,0,242358,4,0
0,0,0,0,1,28,14658,110752,0,0,0,0,0,250950,3,0
1,0,0,1,80,28,14659,110752,0,0,0,0,0,248011,3,0
1,0,0,1,12,28,14660,110752,0,0,0,0,0,277618,5,0
1,0,0,1,29,28,14661,110752,0,0,0,0,0,73404,4,0
0,0,0,0,10,28,14662,110752,0,0,0,0,0,216802,3,0
1,0,0,1,26,28,14663,110752,0,0,0,0,0,213702,3,0
0,0,0,0,99,28,14664,110752,0,0,0,0,0,239271,4,0
1,0,0,1,32,28,14665,110752,0,0,0,0,0,255285,3,0
0,0,0,0,17,29,14666,110752,0,0,0,0,0,262470,3,0
2,0,0,1,83,29,14667,110752,0,0,0,0,0,70265,4,0
0,0,0,0,3,29,14668,110752,0,0,0,0,0,73405,4,0
1,0,0,1,64,29,14669,110752,0,0,0,0,0,251598,3,0
0,0,0,0,11,29,14670,110752,0,0,0,0,0,275901,3,0
0,0,0,0,15,29,14671,110752,0,0,0,0,0,73460,3,0
0,0,0,0,88,0,14672,110815,0,0,0,0,0,192457,2,0
0,0,0,0,30,3,14673,110815,0,0,0,0,0,279927,2,0
0,0,0,0,18,4,14674,110815,0,0,0,0,0,257819,3,0
1,0,0,1,3,6,14675,110815,0,0,0,0,0,242555,2,0
0,0,0,0,27,7,14676,110815,0,0,0,0,0,251875,2,0
4,0,0,1,37,9,14677,110815,0,0,0,0,0,244474,4,0
0,0,0,0,24,11,14678,110815,0,0,0,0,0,222419,3,0
1,0,0,1,20,12,14679,110815,0,0,0,0,0,275230,2,0
1,0,0,1,99,16,14680,110815,0,0,0,0,0,72816,3,0
1,0,0,1,10,18,14681,110815,0,0,0,0,0,275225,2,0
0,0,0,0,9,25,14682,110815,0,0,0,0,0,228053,3,0
0,0,0,0,5,28,14683,110815,0,0,0,0,0,241093,2,0
0,0,0,0,19,28,14684,110815,0,0,0,0,0,248588,3,0
0,0,0,0,4,28,14685,110815,0,0,0,0,0,253059,3,0
1,0,0,1,42,28,14686,110815,0,0,0,0,0,262268,3,0
0,0,0,0,1,28,14687,110815,0,0,0,0,0,275855,3,0
0,0,0,0,11,28,14688,110815,0,0,0,0,0,235315,2,0
0,0,0,0,80,28,14689,110815,0,0,0,0,0,276692,3,0
0,0,0,0,8,28,14690,110815,0,0,0,0,0,277019,3,0
1,0,0,1,22,28,14691,110815,0,0,0,0,0,229728,2,0
0,0,0,0,33,28,14692,110815,0,0,0,0,0,72806,3,0
2,0,0,1,7,28,14693,110815,0,0,0,0,0,72804,3,0
0,0,0,0,70,28,14694,110815,0,0,0,0,0,70858,3,0
0,0,0,0,14,29,14695,110815,0,0,0,0,0,73302,3,0
0,0,0,0,21,29,14696,110815,0,0,0,0,0,267578,3,0
0,0,0,0,12,29,14697,110815,0,0,0,0,0,247977,3,0
0,0,0,0,33,0,14698,113378,0,0,0,0,0,236963,3,0
1,0,0,1,13,4,14699,113378,0,0,0,0,0,246563,4,0
0,0,0,0,82,5,14700,113378,0,0,0,0,0,229065,3,0
2,0,0,1,3,6,14701,113378,0,0,0,0,0,248041,4,0
0,0,0,0,17,12,14702,113378,0,0,0,0,0,275702,3,0
0,0,0,0,5,13,14703,113378,0,0,0,0,0,269424,4,0
2,0,0,1,21,15,14704,113378,0,0,0,0,0,276076,5,0
1,0,0,1,77,16,14705,113378,0,0,0,0,0,72391,4,0
0,0,0,0,59,17,14706,113378,0,0,0,0,0,275701,3,0
1,0,0,1,10,19,14707,113378,0,0,0,0,0,208739,2,0
2,0,0,1,9,25,14708,113378,0,0,0,0,0,72404,2,0
0,0,0,0,2,28,14709,113378,0,0,0,0,0,255247,4,0
0,0,0,0,14,28,14710,113378,0,0,0,0,0,72403,3,0
0,0,0,0,55,28,14711,113378,0,0,0,0,0,73225,3,0
0,0,0,0,4,28,14712,113378,0,0,0,0,0,251636,3,0
0,0,0,0,1,28,14713,113378,0,0,0,0,0,199730,3,0
0,0,0,0,18,28,14714,113378,0,0,0,0,0,253077,3,0
0,0,0,0,20,28,14715,113378,0,0,0,0,0,72885,3,0
0,0,0,0,8,28,14716,113378,0,0,0,0,0,242686,3,0
3,0,0,1,22,28,14717,113378,0,0,0,0,0,251779,3,0
0,0,0,0,6,28,14718,113378,0,0,0,0,0,262261,3,0
0,0,0,0,25,28,14719,113378,0,0,0,0,0,275883,3,0
1,0,0,1,11,28,14720,113378,0,0,0,0,0,223151,3,0
1,0,0,1,7,29,14721,113378,0,0,0,0,0,275739,5,0
0,0,0,0,31,29,14722,113378,0,0,0,0,0,72751,4,0
0,0,0,0,27,29,14723,113378,0,0,0,0,0,70242,3,0
0,0,0,0,98,29,14724,113378,0,0,0,0,0,268799,3,0
0,0,0,0,25,0,14725,114147,0,0,0,0,0,247976,2,0
0,0,0,0,66,3,14726,114147,0,0,0,0,0,254289,3,0
0,0,0,0,27,4,14727,114147,0,0,0,0,0,155463,1,0
1,0,0,0,5,6,14728,114147,0,0,0,0,0,232295,1,0
0,0,0,0,51,7,14729,114147,0,0,0,0,0,257809,3,0
2,0,0,1,77,9,14730,114147,0,0,0,0,0,252484,2,0
3,0,0,1,8,11,14731,114147,0,0,0,0,0,231919,3,0
2,0,0,1,96,12,14732,114147,0,0,0,0,0,235269,2,0
2,0,0,1,7,16,14733,114147,0,0,0,0,0,247955,2,0
1,0,0,0,10,24,14734,114147,0,0,0,0,0,251052,3,0
0,0,0,0,16,26,14735,114147,0,0,0,0,0,238273,3,0
0,0,0,0,4,28,14736,114147,0,0,0,0,0,247978,3,0
0,0,0,0,2,28,14737,114147,0,0,0,0,0,234910,3,0
0,0,0,0,30,28,14738,114147,0,0,0,0,0,70960,2,0
0,0,0,0,15,28,14739,114147,0,0,0,0,0,73054,1,0
0,0,0,0,31,28,14740,114147,0,0,0,0,0,247893,3,0
0,0,0,0,29,28,14741,114147,0,0,0,0,0,248101,3,0
0,0,0,0,24,28,14742,114147,0,0,0,0,0,247974,2,0
1,0,0,0,17,28,14743,114147,0,0,0,0,0,261646,3,0
2,0,0,1,9,28,14744,114147,0,0,0,0,0,215601,2,0
1,0,0,0,11,28,14745,114147,0,0,0,0,0,227561,3,0
0,0,0,0,6,28,14746,114147,0,0,0,0,0,276659,3,0
1,0,0,0,45,28,14747,114147,0,0,0,0,0,276823,3,0
0,0,0,0,22,29,14748,114147,0,0,0,0,0,251777,3,0
0,0,0,0,33,29,14749,114147,0,0,0,0,0,70849,3,0
0,0,0,0,21,0,14750,114385,0,0,0,0,0,253688,4,0
0,0,0,0,19,3,14751,114385,0,0,0,0,0,229251,3,0
0,0,0,0,44,4,14752,114385,0,0,0,0,0,235546,3,0
0,0,0,0,27,6,14753,114385,0,0,0,0,0,278087,3,0
0,0,0,0,45,7,14754,114385,0,0,0,0,0,191058,2,0
2,0,0,1,10,23,14755,114385,0,0,0,0,0,199572,3,0
2,0,0,1,11,13,14756,114385,0,0,0,0,0,244147,3,0
0,0,0,0,26,14,14757,114385,0,0,0,0,0,248111,3,0
2,0,0,1,77,15,14758,114385,0,0,0,0,0,190084,3,0
1,0,0,0,7,27,14759,114385,0,0,0,0,0,246827,3,0
5,1,0,1,9,25,14760,114385,0,0,0,0,0,248674,4,0
0,0,0,0,18,28,14761,114385,0,0,0,0,0,264696,2,0
1,0,0,0,4,28,14762,114385,0,0,0,0,0,271620,3,0
0,0,0,0,5,28,14763,114385,0,0,0,0,0,236307,3,0
0,0,0,0,3,28,14764,114385,0,0,0,0,0,243210,3,0
0,0,0,0,89,28,14765,114385,0,0,0,0,0,248586,3,0
0,0,0,0,93,28,14766,114385,0,0,0,0,0,251977,3,0
1,0,0,0,88,28,14767,114385,0,0,0,0,0,205983,3,0
1,0,0,0,96,28,14768,114385,0,0,0,0,0,233645,3,0
1,0,0,0,17,28,14769,114385,0,0,0,0,0,73406,3,0
0,0,0,0,1,28,14770,114385,0,0,0,0,0,271164,3,0
0,0,0,0,42,28,14771,114385,0,0,0,0,0,228513,3,0
0,0,0,0,13,28,14772,114385,0,0,0,0,0,72721,3,0
0,0,0,0,82,29,14773,114385,0,0,0,0,0,248587,3,0
0,0,0,0,23,29,14774,114385,0,0,0,0,0,74641,3,0
0,0,0,0,71,29,14775,114385,0,0,0,0,0,240062,3,0
2,0,0,1,99,29,14776,114385,0,0,0,0,0,242803,3,0
1,0,0,0,8,29,14777,114385,0,0,0,0,0,274295,3,0
0,0,0,0,12,0,14778,114549,0,0,0,0,0,248025,3,0
0,0,0,0,14,3,14779,114549,0,0,0,0,0,224191,2,0
0,0,0,0,5,4,14780,114549,0,0,0,0,0,257723,3,0
0,0,0,0,21,6,14781,114549,0,0,0,0,0,247946,3,0
0,0,0,0,18,7,14782,114549,0,0,0,0,0,72641,3,0
1,0,0,1,27,9,14783,114549,0,0,0,0,0,225799,2,0
0,0,0,0,66,11,14784,114549,0,0,0,0,0,271594,3,0
1,0,0,1,30,12,14785,114549,0,0,0,0,0,257765,2,0
0,0,0,0,7,16,14786,114549,0,0,0,0,0,251073,3,0
3,0,0,1,10,18,14787,114549,0,0,0,0,0,225359,2,0
2,0,0,1,9,25,14788,114549,0,0,0,0,0,256100,3,0
0,0,0,0,20,28,14789,114549,0,0,0,0,0,243650,2,0
0,0,0,0,25,28,14790,114549,0,0,0,0,0,277569,2,0
0,0,0,0,80,28,14791,114549,0,0,0,0,0,251042,3,0
0,0,0,0,87,28,14792,114549,0,0,0,0,0,235472,2,0
0,0,0,0,1,28,14793,114549,0,0,0,0,0,248091,3,0
0,0,0,0,8,28,14794,114549,0,0,0,0,0,262443,2,0
0,0,0,0,88,28,14795,114549,0,0,0,0,0,247912,3,0
1,0,0,1,11,28,14796,114549,0,0,0,0,0,258416,3,0
1,0,0,1,19,28,14797,114549,0,0,0,0,0,272751,3,0
0,0,0,0,31,28,14798,114549,0,0,0,0,0,235872,3,0
1,0,0,1,92,28,14799,114549,0,0,0,0,0,197904,3,0
1,0,0,1,98,28,14800,114549,0,0,0,0,0,265702,4,0
0,0,0,0,39,29,14801,114549,0,0,0,0,0,70307,3,0
0,0,0,0,99,29,14802,114549,0,0,0,0,0,72796,3,0
0,0,0,0,6,29,14803,114549,0,0,0,0,0,262819,3,0
0,0,0,0,22,29,14804,114549,0,0,0,0,0,269413,3,0
0,0,0,0,23,29,14805,114549,0,0,0,0,0,248673,3,0
0,0,0,0,29,29,14806,114549,0,0,0,0,0,73024,3,0
0,0,0,0,12,0,14807,131459,0,0,0,0,0,248071,2,0
0,0,0,0,15,3,14808,131459,0,0,0,0,0,244976,2,0
0,0,0,0,6,4,14809,131459,0,0,0,0,0,262856,2,0
5,1,0,1,60,6,14810,131459,0,0,0,0,0,72620,2,0
1,0,0,1,10,7,14811,131459,0,0,0,0,0,72624,4,0
0,0,0,0,5,9,14812,131459,0,0,0,0,0,276141,3,0
0,0,0,0,20,11,14813,131459,0,0,0,0,0,248443,3,0
0,0,0,0,17,12,14814,131459,0,0,0,0,0,252767,3,0
0,0,0,0,98,16,14815,131459,0,0,0,0,0,72622,2,0
1,0,0,1,30,18,14816,131459,0,0,0,0,0,242513,3,0
2,0,0,1,11,25,14817,131459,0,0,0,0,0,73299,3,0
0,0,0,0,8,28,14818,131459,0,0,0,0,0,72619,2,0
0,0,0,0,29,28,14819,131459,0,0,0,0,0,257722,3,0
0,0,0,0,7,28,14820,131459,0,0,0,0,0,72621,2,0
0,0,0,0,4,28,14821,131459,0,0,0,0,0,72637,3,0
0,0,0,0,1,28,14822,131459,0,0,0,0,0,73297,3,0
0,0,0,0,77,28,14823,131459,0,0,0,0,0,258025,3,0
0,0,0,0,23,28,14824,131459,0,0,0,0,0,248061,3,0
0,0,0,0,18,28,14825,131459,0,0,0,0,0,75115,3,0
1,0,0,1,9,28,14826,131459,0,0,0,0,0,248676,3,0
1,0,0,1,2,28,14827,131459,0,0,0,0,0,72627,3,0
0,0,0,0,27,28,14828,131459,0,0,0,0,0,72623,3,0
0,0,0,0,22,28,14829,131459,0,0,0,0,0,72935,3,0
0,0,0,0,86,29,14830,131459,0,0,0,0,0,72934,3,0
0,0,0,0,37,0,14831,605,0,0,0,0,0,209981,3,0
0,0,0,0,20,3,14832,605,0,0,0,0,0,210514,3,0
1,0,0,1,3,4,14833,605,0,0,0,0,0,201024,3,0
1,0,0,1,5,6,14834,605,0,0,0,0,0,229851,3,0
1,0,0,1,6,7,14835,605,0,0,0,0,0,251573,4,0
1,0,0,1,77,12,14836,605,0,0,0,0,0,222737,3,0
1,0,0,1,22,13,14837,605,0,0,0,0,0,223848,3,0
0,0,0,0,8,15,14838,605,0,0,0,0,0,224293,3,0
2,0,0,1,29,16,14839,605,0,0,0,0,0,210602,4,0
0,0,0,0,11,18,14840,605,0,0,0,0,0,277797,3,0
9,1,0,1,9,25,14841,605,0,0,0,1,0,215716,4,0
0,0,0,0,88,28,14842,605,0,0,0,0,0,245268,3,0
0,0,0,0,56,28,14843,605,0,0,0,0,0,265407,3,0
0,0,0,0,87,28,14844,605,0,0,0,0,0,245751,3,0
0,0,0,0,12,28,14845,605,0,0,0,0,0,210603,3,0
0,0,0,0,21,28,14846,605,0,0,0,0,0,210923,3,0
0,0,0,0,14,28,14847,605,0,0,0,0,0,242223,3,0
0,0,0,0,16,28,14848,605,0,0,0,0,0,241938,3,0
0,0,0,0,4,28,14849,605,0,0,0,0,0,248482,3,0
0,0,0,0,28,28,14850,605,0,0,0,0,0,220075,3,0
0,0,0,0,7,28,14851,605,0,0,0,0,0,248498,3,0
0,0,0,0,17,28,14852,605,0,0,0,0,0,245276,3,0
0,0,0,0,24,28,14853,605,0,0,0,0,0,256331,3,0
0,0,0,0,10,29,14854,605,0,0,0,0,0,190871,3,0
0,0,0,0,1,0,14855,607,0,0,0,0,0,241727,4,0
1,0,0,1,37,3,14856,607,0,0,0,0,0,225087,3,0
0,0,0,0,30,4,14857,607,0,0,0,0,0,263884,3,0
0,0,0,0,4,6,14858,607,0,0,0,0,0,241197,4,0
0,0,0,0,15,7,14859,607,0,0,0,0,0,210843,3,0
0,0,0,0,7,9,14860,607,0,0,0,0,0,215914,3,0
1,0,0,1,8,11,14861,607,0,0,0,0,0,209499,3,0
0,0,0,0,19,12,14862,607,0,0,0,0,0,241852,3,0
1,0,0,1,34,16,14863,607,0,0,0,0,0,225953,3,0
5,1,0,1,10,18,14864,607,0,0,0,0,0,234906,4,0
7,1,0,1,9,25,14865,607,0,0,0,0,0,165153,4,0
1,0,0,1,21,28,14866,607,0,0,0,0,0,211173,3,0
0,0,0,0,24,28,14867,607,0,0,0,0,0,238043,3,0
1,0,0,1,80,28,14868,607,0,0,0,0,0,241963,3,0
0,0,0,0,12,28,14869,607,0,0,0,0,0,258147,3,0
0,0,0,0,35,28,14870,607,0,0,0,0,0,254792,3,0
0,0,0,0,27,28,14871,607,0,0,0,0,0,259426,3,0
0,0,0,0,13,28,14872,607,0,0,0,0,0,242156,3,0
0,0,0,0,22,28,14873,607,0,0,0,0,0,221772,3,0
0,0,0,0,42,28,14874,607,0,0,0,0,0,272830,3,0
0,0,0,0,14,28,14875,607,0,0,0,0,0,259358,3,0
0,0,0,0,77,28,14876,607,0,0,0,0,0,276343,3,0
0,0,0,0,88,28,14877,607,0,0,0,0,0,271569,3,0
0,0,0,0,52,29,14878,607,0,0,0,0,0,278227,3,0
0,0,0,0,67,29,14879,607,0,0,0,0,0,246689,3,0
0,0,0,0,51,29,14880,607,0,0,0,0,0,71831,3,0
0,0,0,0,56,29,14881,607,0,0,0,0,0,71851,3,0
0,0,0,0,2,29,14882,607,0,0,0,0,0,200888,3,0
0,0,0,0,20,29,14883,607,0,0,0,0,0,221658,3,0
0,0,0,0,28,29,14884,607,0,0,0,0,0,240328,3,0
0,0,0,0,5,29,14885,607,0,0,0,0,0,236355,3,0
0,0,0,0,18,0,14886,111674,0,0,0,0,0,191655,1,0
0,0,0,0,88,4,14887,111674,0,0,0,0,0,255837,4,0
1,0,0,1,4,5,14888,111674,0,0,0,0,0,216774,3,0
0,0,0,0,6,6,14889,111674,0,0,0,0,0,214009,3,0
0,0,0,0,71,12,14890,111674,0,0,0,0,0,245518,2,0
1,0,0,1,11,13,14891,111674,0,0,0,0,0,227785,3,0
1,0,0,1,12,15,14892,111674,0,0,0,0,0,234070,3,0
0,0,0,0,16,16,14893,111674,0,0,0,0,0,271637,2,0
0,0,0,0,7,17,14894,111674,0,0,0,0,0,189125,3,0
1,0,0,1,23,19,14895,111674,0,0,0,0,0,208418,3,0
1,0,0,1,9,25,14896,111674,0,0,0,0,0,213761,3,0
0,0,0,0,90,28,14897,111674,0,0,0,0,0,74074,2,0
0,0,0,0,21,28,14898,111674,0,0,0,0,0,261872,3,0
0,0,0,0,30,28,14899,111674,0,0,0,0,0,74950,3,0
0,0,0,0,36,28,14900,111674,0,0,0,0,0,279785,3,0
0,0,0,0,50,28,14901,111674,0,0,0,0,0,279593,3,0
0,0,0,0,70,28,14902,111674,0,0,0,0,0,242661,3,0
1,0,0,1,15,28,14903,111674,0,0,0,0,0,263824,3,0
0,0,0,0,2,28,14904,111674,0,0,0,0,0,275544,3,0
0,0,0,0,38,28,14905,111674,0,0,0,0,0,273897,3,0
0,0,0,0,45,28,14906,111674,0,0,0,0,0,71581,3,0
0,0,0,0,33,28,14907,111674,0,0,0,0,0,210140,3,0
0,0,0,0,17,28,14908,111674,0,0,0,0,0,72089,3,0
0,0,0,0,60,29,14909,111674,0,0,0,0,0,226766,3,0
0,0,0,0,8,29,14910,111674,0,0,0,0,0,208977,3,0
0,0,0,0,1,0,14911,112096,0,0,0,0,0,222951,3,0
0,0,0,0,61,3,14912,112096,0,0,0,0,0,245414,3,0
0,0,0,0,70,4,14913,112096,0,0,0,0,0,243045,3,0
0,0,0,0,3,6,14914,112096,0,0,0,0,0,213901,3,0
0,0,0,0,33,7,14915,112096,0,0,0,0,0,211152,2,0
1,0,0,1,21,23,14916,112096,0,0,0,0,0,261357,2,0
0,0,0,0,14,13,14917,112096,0,0,0,0,0,208008,3,0
0,0,0,0,8,14,14918,112096,0,0,0,0,0,181291,3,0
0,0,0,0,75,15,14919,112096,0,0,0,0,0,216320,3,0
0,0,0,0,97,27,14920,112096,0,0,0,0,0,224069,2,0
3,1,0,1,9,25,14921,112096,0,0,0,0,0,211591,2,0
0,0,0,0,19,28,14922,112096,0,0,0,0,0,220633,3,0
0,0,0,0,10,28,14923,112096,0,0,0,0,0,212476,3,0
1,0,0,1,18,28,14924,112096,0,0,0,0,0,278567,3,0
0,0,0,0,87,28,14925,112096,0,0,0,0,0,253079,3,0
0,0,0,0,23,28,14926,112096,0,0,0,0,0,225061,3,0
0,0,0,0,25,28,14927,112096,0,0,0,0,0,245499,3,0
0,0,0,0,29,28,14928,112096,0,0,0,0,0,277318,3,0
0,0,0,0,88,28,14929,112096,0,0,0,0,0,230713,3,0
0,0,0,0,41,28,14930,112096,0,0,0,0,0,71081,3,0
0,0,0,0,46,28,14931,112096,0,0,0,0,0,275571,3,0
0,0,0,0,4,28,14932,112096,0,0,0,0,0,225316,3,0
0,0,0,0,24,0,14933,112139,0,0,0,0,0,73562,4,0
0,0,0,0,2,3,14934,112139,0,0,0,0,0,232477,3,0
0,0,0,0,3,4,14935,112139,0,0,0,0,0,243854,4,0
0,0,0,0,27,6,14936,112139,0,0,0,0,0,212218,4,0
1,0,0,1,83,7,14937,112139,0,0,0,0,0,270001,3,0
0,0,0,0,17,9,14938,112139,0,0,0,0,0,237721,4,0
1,0,0,1,77,11,14939,112139,0,0,0,0,0,216352,4,0
1,0,0,1,20,12,14940,112139,0,0,0,0,0,272829,3,0
2,0,0,1,10,16,14941,112139,0,0,0,0,0,208722,5,0
3,1,0,1,94,18,14942,112139,0,0,0,0,0,212523,3,0
5,1,0,1,7,25,14943,112139,0,0,0,0,0,20801,5,0
0,0,0,0,25,28,14944,112139,0,0,0,0,0,210411,4,0
0,0,0,0,6,28,14945,112139,0,0,0,0,0,232901,3,0
0,0,0,0,78,28,14946,112139,0,0,0,0,0,228783,3,0
0,0,0,0,12,28,14947,112139,0,0,0,0,0,254685,4,0
0,0,0,0,36,28,14948,112139,0,0,0,0,0,245502,3,0
0,0,0,0,29,28,14949,112139,0,0,0,0,0,242117,3,0
0,0,0,0,8,28,14950,112139,0,0,0,0,0,220895,3,0
0,0,0,0,16,28,14951,112139,0,0,0,0,0,255369,3,0
0,0,0,0,14,28,14952,112139,0,0,0,0,0,233961,3,0
0,0,0,0,80,28,14953,112139,0,0,0,0,0,74913,3,0
0,0,0,0,4,28,14954,112139,0,0,0,0,0,210134,3,0
0,0,0,0,19,28,14955,112139,0,0,0,0,0,242863,3,0
0,0,0,0,23,29,14956,112139,0,0,0,0,0,253440,3,0
0,0,0,0,50,29,14957,112139,0,0,0,0,0,272828,3,0
0,0,0,0,44,29,14958,112139,0,0,0,0,0,255368,3,0
0,0,0,0,49,29,14959,112139,0,0,0,0,0,71828,3,0
0,0,0,0,45,29,14960,112139,0,0,0,0,0,221498,3,0
0,0,0,0,51,29,14961,112139,0,0,0,0,0,262556,3,0
0,0,0,0,16,0,14962,112387,0,0,0,0,0,234642,3,0
0,0,0,0,27,3,14963,112387,0,0,0,0,0,242506,3,0
0,0,0,0,3,4,14964,112387,0,0,0,0,0,247257,3,0
0,0,0,0,28,6,14965,112387,0,0,0,0,0,238160,3,0
0,0,0,0,15,7,14966,112387,0,0,0,0,0,225600,3,0
0,0,0,0,30,9,14967,112387,0,0,0,0,0,263182,3,0
1,0,0,1,79,11,14968,112387,0,0,0,0,0,230938,3,0
0,0,0,0,7,12,14969,112387,0,0,0,0,0,204485,3,0
0,0,0,0,20,16,14970,112387,0,0,0,0,0,238545,3,0
2,0,0,1,10,18,14971,112387,0,0,0,0,0,201942,3,0
2,0,0,1,99,25,14972,112387,0,0,0,0,0,212228,3,0
2,0,0,1,24,28,14973,112387,0,0,0,0,0,258729,3,0
0,0,0,0,11,28,14974,112387,0,0,0,0,0,74588,3,0
1,0,0,1,45,28,14975,112387,0,0,0,0,0,277487,2,0
0,0,0,0,6,28,14976,112387,0,0,0,0,0,261190,3,0
0,0,0,0,1,28,14977,112387,0,0,0,0,0,263867,3,0
0,0,0,0,8,28,14978,112387,0,0,0,0,0,240068,2,0
0,0,0,0,19,28,14979,112387,0,0,0,0,0,242245,2,0
0,0,0,0,31,28,14980,112387,0,0,0,0,0,260010,3,0
0,0,0,0,26,28,14981,112387,0,0,0,0,0,253387,3,0
0,0,0,0,40,28,14982,112387,0,0,0,0,0,240600,3,0
0,0,0,0,46,28,14983,112387,0,0,0,0,0,264203,2,0
0,0,0,0,39,28,14984,112387,0,0,0,0,0,277475,3,0
0,0,0,0,14,29,14985,112387,0,0,0,0,0,210926,3,0
0,0,0,0,34,29,14986,112387,0,0,0,0,0,277461,3,0
0,0,0,0,62,29,14987,112387,0,0,0,0,0,277459,3,0
0,0,0,0,21,29,14988,112387,0,0,0,0,0,245269,3,0
0,0,0,0,29,29,14989,112387,0,0,0,0,0,240463,3,0
0,0,0,0,1,0,14990,112390,0,0,0,0,0,268099,3,0
0,0,0,0,15,3,14991,112390,0,0,0,0,0,272881,3,0
0,0,0,0,17,4,14992,112390,0,0,0,0,0,235890,3,0
0,0,0,0,64,6,14993,112390,0,0,0,0,0,220182,2,0
0,0,0,0,12,7,14994,112390,0,0,0,0,0,263024,2,0
0,0,0,0,8,9,14995,112390,0,0,0,0,0,212971,3,0
1,0,0,1,28,11,14996,112390,0,0,0,0,0,255487,3,0
0,0,0,0,11,12,14997,112390,0,0,0,0,0,259265,3,0
0,0,0,0,88,16,14998,112390,0,0,0,0,0,263766,3,0
0,0,0,0,10,18,14999,112390,0,0,0,0,0,215270,3,0
3,1,0,1,21,25,15000,112390,0,0,0,0,0,205427,2,0
0,0,0,0,7,28,15001,112390,0,0,0,0,0,273666,2,0
0,0,0,0,14,28,15002,112390,0,0,0,0,0,209565,3,0
0,0,0,0,18,28,15003,112390,0,0,0,0,0,275570,1,0
0,0,0,0,42,28,15004,112390,0,0,0,0,0,275128,3,0
0,0,0,0,55,28,15005,112390,0,0,0,0,0,231146,3,0
0,0,0,0,49,28,15006,112390,0,0,0,0,0,279591,3,0
0,0,0,0,6,28,15007,112390,0,0,0,0,0,70584,3,0
0,0,0,0,77,28,15008,112390,0,0,0,0,0,271087,3,0
0,0,0,0,24,28,15009,112390,0,0,0,0,0,220356,2,0
0,0,0,0,94,28,15010,112390,0,0,0,0,0,270000,3,0
0,0,0,0,29,28,15011,112390,0,0,0,0,0,278201,1,0
0,0,0,0,63,28,15012,112390,0,0,0,0,0,74704,3,0
0,0,0,0,4,29,15013,112390,0,0,0,0,0,260250,3,0
0,0,0,0,65,29,15014,112390,0,0,0,0,0,257965,3,0
0,0,0,0,72,29,15015,112390,0,0,0,0,0,230765,3,0
0,0,0,0,1,0,15016,112391,0,0,0,0,0,192984,3,0
0,0,0,0,2,3,15017,112391,0,0,0,0,0,74436,3,0
0,0,0,0,4,4,15018,112391,0,0,0,0,0,74699,3,0
0,0,0,0,6,6,15019,112391,0,0,0,0,0,200724,3,0
0,0,0,0,17,7,15020,112391,0,0,0,0,0,266797,3,0
0,0,0,0,8,9,15021,112391,0,0,0,0,0,230965,3,0
0,0,0,0,5,11,15022,112391,0,0,0,0,0,262151,3,0
1,0,0,1,7,12,15023,112391,0,0,0,0,0,241809,4,0
2,0,0,1,33,16,15024,112391,0,0,0,0,0,234579,3,0
0,0,0,0,88,18,15025,112391,0,0,0,0,0,256688,2,0
1,0,0,1,10,25,15026,112391,0,0,0,0,0,188567,3,0
2,0,0,1,66,28,15027,112391,0,0,0,0,0,74701,4,0
0,0,0,0,15,28,15028,112391,0,0,0,0,0,239042,2,0
0,0,0,0,11,28,15029,112391,0,0,0,0,0,230801,3,0
0,0,0,0,30,28,15030,112391,0,0,0,0,0,278759,3,0
0,0,0,0,28,28,15031,112391,0,0,0,0,0,209027,3,0
0,0,0,0,87,28,15032,112391,0,0,0,0,0,228784,3,0
0,0,0,0,24,28,15033,112391,0,0,0,0,0,214923,3,0
0,0,0,0,18,28,15034,112391,0,0,0,0,0,257842,3,0
0,0,0,0,14,28,15035,112391,0,0,0,0,0,74921,3,0
0,0,0,0,23,28,15036,112391,0,0,0,0,0,245510,3,0
0,0,0,0,39,28,15037,112391,0,0,0,0,0,232904,3,0
0,0,0,0,96,28,15038,112391,0,0,0,0,0,260832,3,0
0,0,0,0,76,29,15039,112391,0,0,0,0,0,242114,3,0
0,0,0,0,50,29,15040,112391,0,0,0,0,0,253015,3,0
0,0,0,0,55,29,15041,112391,0,0,0,0,0,276673,3,0
0,0,0,0,50,0,15042,112392,0,0,0,0,0,248256,4,0
0,0,0,0,32,3,15043,112392,0,0,0,0,0,252421,4,0
0,0,0,0,21,4,15044,112392,0,0,0,0,0,230140,4,0
0,0,0,0,16,6,15045,112392,0,0,0,0,0,74767,4,0
0,0,0,0,28,7,15046,112392,0,0,0,0,0,226181,3,0
2,0,0,1,10,12,15047,112392,0,0,0,0,0,240526,3,0
0,0,0,0,24,13,15048,112392,0,0,0,0,0,276609,3,0
0,0,0,0,8,15,15049,112392,0,0,0,0,0,222404,3,0
0,0,0,0,45,16,15050,112392,0,0,0,0,0,241863,3,0
2,0,0,1,7,24,15051,112392,0,0,0,0,0,263893,3,0
2,0,0,1,15,26,15052,112392,0,0,0,0,0,223629,4,0
2,0,0,1,11,28,15053,112392,0,0,0,0,0,259345,3,0
0,0,0,0,41,28,15054,112392,0,0,0,0,0,72434,3,0
0,0,0,0,18,28,15055,112392,0,0,0,0,0,231171,3,0
0,0,0,0,94,28,15056,112392,0,0,0,0,0,272833,3,0
0,0,0,0,30,28,15057,112392,0,0,0,0,0,243213,3,0
0,0,0,0,17,28,15058,112392,0,0,0,0,0,188600,4,0
0,0,0,0,12,28,15059,112392,0,0,0,0,0,270331,3,0
0,0,0,0,4,28,15060,112392,0,0,0,0,0,74920,3,0
0,0,0,0,9,28,15061,112392,0,0,0,0,0,221264,3,0
0,0,0,0,42,28,15062,112392,0,0,0,0,0,274225,3,0
0,0,0,0,43,28,15063,112392,0,0,0,0,0,235710,3,0
0,0,0,0,25,28,15064,112392,0,0,0,0,0,71825,3,0
0,0,0,0,99,29,15065,112392,0,0,0,0,0,70952,3,0
0,0,0,0,77,29,15066,112392,0,0,0,0,0,276770,3,0
0,0,0,0,1,29,15067,112392,0,0,0,0,0,224953,3,0
0,0,0,0,3,29,15068,112392,0,0,0,0,0,72015,3,0
0,0,0,0,65,29,15069,112392,0,0,0,0,0,276810,3,0
0,0,0,0,1,0,15070,112393,0,0,0,0,0,243830,4,0
0,0,0,0,14,3,15071,112393,0,0,0,0,0,240587,3,0
0,0,0,0,4,4,15072,112393,0,0,0,0,0,226515,4,0
0,0,0,0,32,6,15073,112393,0,0,0,0,0,232675,3,0
0,0,0,0,8,7,15074,112393,0,0,0,0,0,260343,4,0
0,0,0,0,18,10,15075,112393,0,0,0,0,0,234200,4,0
1,0,0,1,27,12,15076,112393,0,0,0,0,0,225976,4,0
0,0,0,0,24,13,15077,112393,0,0,0,0,0,234134,3,0
0,0,0,0,76,15,15078,112393,0,0,0,0,0,205083,3,0
3,1,0,1,99,16,15079,112393,0,0,0,0,0,242374,4,0
2,0,0,1,30,25,15080,112393,0,0,0,0,0,240290,3,0
0,0,0,0,22,28,15081,112393,0,0,0,0,0,224962,3,0
0,0,0,0,29,28,15082,112393,0,0,0,0,0,264206,3,0
0,0,0,0,93,28,15083,112393,0,0,0,0,0,241862,3,0
0,0,0,0,11,28,15084,112393,0,0,0,0,0,274494,4,0
0,0,0,0,13,28,15085,112393,0,0,0,0,0,242352,3,0
1,0,0,1,88,28,15086,112393,0,0,0,0,0,242312,3,0
0,0,0,0,6,28,15087,112393,0,0,0,0,0,241587,3,0
0,0,0,0,16,28,15088,112393,0,0,0,0,0,256193,3,0
0,0,0,0,26,28,15089,112393,0,0,0,0,0,235551,3,0
0,0,0,0,23,28,15090,112393,0,0,0,0,0,248836,3,0
0,0,0,0,90,28,15091,112393,0,0,0,0,0,208974,3,0
0,0,0,0,10,28,15092,112393,0,0,0,0,0,232787,4,0
0,0,0,0,31,29,15093,112393,0,0,0,0,0,259347,3,0
0,0,0,0,5,29,15094,112393,0,0,0,0,0,277233,3,0
0,0,0,0,19,29,15095,112393,0,0,0,0,0,264536,3,0
0,0,0,0,91,29,15096,112393,0,0,0,0,0,273923,3,0
0,0,0,0,87,29,15097,112393,0,0,0,0,0,273751,3,0
0,0,0,0,66,29,15098,112393,0,0,0,0,0,72240,3,0
0,0,0,0,65,29,15099,112393,0,0,0,0,0,271328,3,0
0,0,0,0,85,29,15100,112393,0,0,0,0,0,273704,3,0
0,0,0,0,1,0,15101,112408,0,0,0,0,0,209572,3,0
0,0,0,0,2,3,15102,112408,0,0,0,0,0,212039,3,0
0,0,0,0,17,4,15103,112408,0,0,0,0,0,207716,3,0
0,0,0,0,5,6,15104,112408,0,0,0,0,0,241775,3,0
0,0,0,0,22,7,15105,112408,0,0,0,0,0,269682,3,0
0,0,0,0,6,9,15106,112408,0,0,0,0,0,256271,3,0
0,0,0,0,35,11,15107,112408,0,0,0,0,0,74769,3,0
1,0,0,1,11,12,15108,112408,0,0,0,0,0,261435,3,0
2,0,0,1,23,16,15109,112408,0,0,0,0,0,209888,3,0
0,0,0,0,10,18,15110,112408,0,0,0,0,0,226677,2,0
2,0,0,1,9,25,15111,112408,0,0,0,0,0,185195,3,0
2,0,0,1,77,28,15112,112408,0,0,0,0,0,275568,3,0
0,0,0,0,4,28,15113,112408,0,0,0,0,0,210028,3,0
0,0,0,0,80,28,15114,112408,0,0,0,0,0,269684,3,0
0,0,0,0,14,28,15115,112408,0,0,0,0,0,74957,2,0
0,0,0,0,12,28,15116,112408,0,0,0,0,0,259872,3,0
0,0,0,0,24,28,15117,112408,0,0,0,0,0,270460,2,0
0,0,0,0,88,28,15118,112408,0,0,0,0,0,231801,3,0
0,0,0,0,49,28,15119,112408,0,0,0,0,0,253001,2,0
1,0,0,1,13,28,15120,112408,0,0,0,0,0,277316,3,0
0,0,0,0,28,28,15121,112408,0,0,0,0,0,251091,3,0
0,0,0,0,16,28,15122,112408,0,0,0,0,0,248497,3,0
0,0,0,0,18,28,15123,112408,0,0,0,0,0,241750,3,0
0,0,0,0,15,29,15124,112408,0,0,0,0,0,269685,3,0
0,0,0,0,21,29,15125,112408,0,0,0,0,0,74653,3,0
0,0,0,0,47,29,15126,112408,0,0,0,0,0,73852,3,0
0,0,0,0,19,29,15127,112408,0,0,0,0,0,74943,3,0
0,0,0,0,61,29,15128,112408,0,0,0,0,0,269686,3,0
0,0,0,0,28,0,15129,112675,0,0,0,0,0,234903,1,0
0,0,0,0,11,3,15130,112675,0,0,0,0,0,245522,2,0
0,0,0,0,5,4,15131,112675,0,0,0,0,0,204311,2,0
0,0,0,0,3,6,15132,112675,0,0,0,0,0,261663,3,0
0,0,0,0,13,7,15133,112675,0,0,0,0,0,210192,1,0
1,0,0,1,8,10,15134,112675,0,0,0,0,0,216451,1,0
1,0,0,1,7,12,15135,112675,0,0,0,0,0,191076,3,0
0,0,0,0,73,13,15136,112675,0,0,0,0,0,250952,2,0
0,0,0,0,80,15,15137,112675,0,0,0,0,0,208925,3,0
2,0,0,1,37,16,15138,112675,0,0,0,0,0,200315,1,0
1,0,0,1,21,25,15139,112675,0,0,0,0,0,224540,3,0
0,0,0,0,32,28,15140,112675,0,0,0,0,0,277201,2,0
0,0,0,0,6,28,15141,112675,0,0,0,0,0,208953,3,0
0,0,0,0,33,28,15142,112675,0,0,0,0,0,209169,3,0
1,0,0,1,4,28,15143,112675,0,0,0,0,0,240424,3,0
0,0,0,0,1,28,15144,112675,0,0,0,0,0,216115,3,0
0,0,0,0,9,28,15145,112675,0,0,0,0,0,264260,3,0
0,0,0,0,29,28,15146,112675,0,0,0,0,0,73745,3,0
0,0,0,0,90,28,15147,112675,0,0,0,0,0,221373,3,0
0,0,0,0,70,28,15148,112675,0,0,0,0,0,277454,3,0
0,0,0,0,38,28,15149,112675,0,0,0,0,0,235500,2,0
0,0,0,0,12,28,15150,112675,0,0,0,0,0,270950,2,0
0,0,0,0,27,28,15151,112675,0,0,0,0,0,240684,3,0
0,0,0,0,66,29,15152,112675,0,0,0,0,0,73593,3,0
0,0,0,0,22,29,15153,112675,0,0,0,0,0,74053,3,0
0,0,0,0,43,29,15154,112675,0,0,0,0,0,74082,3,0
0,0,0,0,42,29,15155,112675,0,0,0,0,0,228250,3,0
0,0,0,0,41,29,15156,112675,0,0,0,0,0,74075,3,0
0,0,0,0,23,0,15157,112883,0,0,0,0,0,204349,4,0
0,0,0,0,39,3,15158,112883,0,0,0,0,0,230762,4,0
0,0,0,0,20,4,15159,112883,0,0,0,0,0,210898,3,0
0,0,0,0,32,6,15160,112883,0,0,0,0,0,216247,3,0
0,0,0,0,5,7,15161,112883,0,0,0,0,0,234930,4,0
0,0,0,0,15,9,15162,112883,0,0,0,0,0,220422,3,0
0,0,0,0,21,11,15163,112883,0,0,0,0,0,208260,4,0
1,0,0,1,7,12,15164,112883,0,0,0,0,0,225206,3,0
0,0,0,0,10,16,15165,112883,0,0,0,0,0,224394,3,0
0,0,0,0,17,18,15166,112883,0,0,0,0,0,203980,4,0
0,0,0,0,9,25,15167,112883,0,0,0,0,0,261622,3,0
1,0,0,1,11,28,15168,112883,0,0,0,0,0,211395,3,0
0,0,0,0,6,28,15169,112883,0,0,0,0,0,236689,3,0
0,0,0,0,18,28,15170,112883,0,0,0,0,0,73855,3,0
0,0,0,0,3,28,15171,112883,0,0,0,0,0,228624,3,0
0,0,0,0,96,28,15172,112883,0,0,0,0,0,232673,3,0
0,0,0,0,77,28,15173,112883,0,0,0,0,0,269433,3,0
0,0,0,0,47,28,15174,112883,0,0,0,0,0,262272,3,0
0,0,0,0,25,28,15175,112883,0,0,0,0,0,259176,3,0
0,0,0,0,33,28,15176,112883,0,0,0,0,0,235600,3,0
0,0,0,0,14,28,15177,112883,0,0,0,0,0,271253,3,0
0,0,0,0,2,28,15178,112883,0,0,0,0,0,245737,3,0
0,0,0,0,22,28,15179,112883,0,0,0,0,0,267827,3,0
0,0,0,0,48,29,15180,112883,0,0,0,0,0,277279,3,0
0,0,0,0,82,0,15181,113037,0,0,0,0,0,205211,5,0
1,0,0,1,17,3,15182,113037,0,0,0,0,0,230969,3,0
0,0,0,0,5,4,15183,113037,0,0,0,0,0,224189,4,0
0,0,0,0,29,6,15184,113037,0,0,0,0,0,208965,4,0
0,0,0,0,8,7,15185,113037,0,0,0,0,0,275549,3,0
2,0,0,1,21,10,15186,113037,0,0,0,0,0,234124,4,0
0,0,0,0,88,12,15187,113037,0,0,0,0,0,209281,3,0
1,0,0,1,43,13,15188,113037,0,0,0,0,0,222457,3,0
0,0,0,0,20,15,15189,113037,0,0,0,0,0,212729,3,0
3,1,0,1,11,16,15190,113037,0,0,0,0,0,74514,4,0
1,0,0,1,13,25,15191,113037,0,0,0,0,0,236373,2,0
0,0,0,0,10,28,15192,113037,0,0,0,0,0,208949,3,0
0,0,0,0,2,28,15193,113037,0,0,0,0,0,245481,3,0
0,0,0,0,25,28,15194,113037,0,0,0,0,0,271938,3,0
0,0,0,0,87,28,15195,113037,0,0,0,0,0,73425,3,0
0,0,0,0,22,28,15196,113037,0,0,0,0,0,235545,3,0
1,0,0,1,7,28,15197,113037,0,0,0,0,0,276114,3,0
0,0,0,0,27,28,15198,113037,0,0,0,0,0,269429,3,0
0,0,0,0,18,28,15199,113037,0,0,0,0,0,263403,3,0
0,0,0,0,24,28,15200,113037,0,0,0,0,0,261881,3,0
0,0,0,0,14,28,15201,113037,0,0,0,0,0,231821,3,0
0,0,0,0,50,28,15202,113037,0,0,0,0,0,269697,3,0
0,0,0,0,40,28,15203,113037,0,0,0,0,0,276776,3,0
0,0,0,0,54,29,15204,113037,0,0,0,0,0,208229,3,0
0,0,0,0,28,29,15205,113037,0,0,0,0,0,277511,3,0
0,0,0,0,26,29,15206,113037,0,0,0,0,0,210792,3,0
0,0,0,0,66,29,15207,113037,0,0,0,0,0,71150,3,0
0,0,0,0,74,29,15208,113037,0,0,0,0,0,268528,3,0
0,0,0,0,76,29,15209,113037,0,0,0,0,0,269894,3,0
0,0,0,0,75,29,15210,113037,0,0,0,0,0,212225,3,0
0,0,0,0,56,29,15211,113037,0,0,0,0,0,270626,3,0
0,0,0,0,52,0,15212,113057,0,0,0,0,0,263976,2,0
0,0,0,0,40,3,15213,113057,0,0,0,0,0,279660,3,0
0,0,0,0,4,4,15214,113057,0,0,0,0,0,238902,3,0
0,0,0,0,5,6,15215,113057,0,0,0,0,0,189881,3,0
0,0,0,0,25,7,15216,113057,0,0,0,0,0,256130,2,0
3,1,0,1,17,12,15217,113057,0,0,0,0,0,244391,4,0
0,0,0,0,13,13,15218,113057,0,0,0,0,0,230850,3,0
0,0,0,0,20,15,15219,113057,0,0,0,0,0,271294,3,0
0,0,0,0,29,16,15220,113057,0,0,0,0,0,245377,3,0
1,0,0,1,9,24,15221,113057,0,0,0,0,0,246828,3,0
1,0,0,1,8,26,15222,113057,0,0,0,0,0,203895,4,0
0,0,0,0,14,28,15223,113057,0,0,0,0,0,259349,3,0
0,0,0,0,77,28,15224,113057,0,0,0,0,0,221369,3,0
0,0,0,0,2,28,15225,113057,0,0,0,0,0,243153,3,0
0,0,0,0,75,28,15226,113057,0,0,0,0,0,278131,3,0
0,0,0,0,1,28,15227,113057,0,0,0,0,0,277471,3,0
0,0,0,0,66,28,15228,113057,0,0,0,0,0,278132,3,0
0,0,0,0,55,28,15229,113057,0,0,0,0,0,74689,3,0
0,0,0,0,22,28,15230,113057,0,0,0,0,0,239126,3,0
0,0,0,0,15,28,15231,113057,0,0,0,0,0,225195,3,0
0,0,0,0,27,28,15232,113057,0,0,0,0,0,74690,3,0
0,0,0,0,7,28,15233,113057,0,0,0,0,0,234045,3,0
0,0,0,0,11,28,15234,113057,0,0,0,0,0,74947,3,0
0,0,0,0,3,29,15235,113057,0,0,0,0,0,75116,3,0
0,0,0,0,6,29,15236,113057,0,0,0,0,0,259266,3,0
0,0,0,0,96,29,15237,113057,0,0,0,0,0,71456,3,0
0,0,0,0,62,29,15238,113057,0,0,0,0,0,71281,3,0
0,0,0,0,59,29,15239,113057,0,0,0,0,0,263266,3,0
0,0,0,0,57,29,15240,113057,0,0,0,0,0,246837,3,0
0,0,0,0,99,29,15241,113057,0,0,0,0,0,255836,3,0
0,0,0,0,28,0,15242,113060,0,0,0,0,0,245783,2,0
0,0,0,0,8,3,15243,113060,0,0,0,0,0,275557,2,0
0,0,0,0,4,4,15244,113060,0,0,0,0,0,235514,3,0
1,0,0,1,15,6,15245,113060,0,0,0,0,0,267424,3,0
0,0,0,0,27,7,15246,113060,0,0,0,0,0,209223,3,0
0,0,0,0,66,9,15247,113060,0,0,0,0,0,222709,3,0
0,0,0,0,18,11,15248,113060,0,0,0,0,0,247093,4,0
0,0,0,0,13,12,15249,113060,0,0,0,0,0,231138,3,0
0,0,0,0,99,16,15250,113060,0,0,0,0,0,230764,2,0
2,0,0,1,11,18,15251,113060,0,0,0,0,0,194171,3,0
1,0,0,1,9,25,15252,113060,0,0,0,0,0,242893,3,0
0,0,0,0,6,28,15253,113060,0,0,0,0,0,275561,3,0
0,0,0,0,12,28,15254,113060,0,0,0,0,0,275559,3,0
0,0,0,0,19,28,15255,113060,0,0,0,0,0,276780,3,0
0,0,0,0,17,28,15256,113060,0,0,0,0,0,221626,3,0
0,0,0,0,1,28,15257,113060,0,0,0,0,0,245435,3,0
1,0,0,1,21,28,15258,113060,0,0,0,0,0,275564,2,0
0,0,0,0,98,28,15259,113060,0,0,0,0,0,245493,2,0
0,0,0,0,2,28,15260,113060,0,0,0,0,0,234988,2,0
0,0,0,0,7,28,15261,113060,0,0,0,0,0,266833,3,0
1,0,0,1,14,28,15262,113060,0,0,0,0,0,251906,3,0
0,0,0,0,92,28,15263,113060,0,0,0,0,0,74437,3,0
0,0,0,0,23,28,15264,113060,0,0,0,0,0,208988,3,0
0,0,0,0,77,29,15265,113060,0,0,0,0,0,74765,3,0
0,0,0,0,16,29,15266,113060,0,0,0,0,0,74945,3,0
0,0,0,0,93,29,15267,113060,0,0,0,0,0,276766,3,0
0,0,0,0,64,29,15268,113060,0,0,0,0,0,74944,3,0
0,0,0,0,95,29,15269,113060,0,0,0,0,0,235479,3,0
0,0,0,0,1,0,15270,113217,0,0,0,0,0,238033,3,0
0,0,0,0,21,3,15271,113217,0,0,0,0,0,259128,3,0
1,0,0,1,15,4,15272,113217,0,0,0,0,0,254895,3,0
0,0,0,0,3,6,15273,113217,0,0,0,0,0,261737,3,0
0,0,0,0,20,7,15274,113217,0,0,0,0,0,272906,4,0
1,0,0,1,95,9,15275,113217,0,0,0,0,0,277488,3,0
0,0,0,0,31,11,15276,113217,0,0,0,0,0,212207,3,0
0,0,0,0,51,12,15277,113217,0,0,0,0,0,242558,3,0
3,1,0,1,10,16,15278,113217,0,0,0,0,0,219732,4,0
1,0,0,1,11,18,15279,113217,0,0,0,0,0,224218,3,0
1,0,0,1,80,25,15280,113217,0,0,0,0,0,225293,3,0
0,0,0,0,94,28,15281,113217,0,0,0,0,0,272957,3,0
0,0,0,0,90,28,15282,113217,0,0,0,0,0,260625,3,0
0,0,0,0,5,28,15283,113217,0,0,0,0,0,235493,3,0
0,0,0,0,4,28,15284,113217,0,0,0,0,0,254800,3,0
0,0,0,0,22,28,15285,113217,0,0,0,0,0,248255,3,0
0,0,0,0,8,28,15286,113217,0,0,0,0,0,222134,3,0
0,0,0,0,2,28,15287,113217,0,0,0,0,0,228627,3,0
0,0,0,0,18,28,15288,113217,0,0,0,0,0,276763,3,0
0,0,0,0,87,28,15289,113217,0,0,0,0,0,269932,3,0
0,0,0,0,17,28,15290,113217,0,0,0,0,0,245494,3,0
0,0,0,0,6,28,15291,113217,0,0,0,0,0,277474,3,0
0,0,0,0,30,28,15292,113217,0,0,0,0,0,74658,3,0
0,0,0,0,9,29,15293,113217,0,0,0,0,0,220306,3,0
0,0,0,0,7,29,15294,113217,0,0,0,0,0,253207,3,0
0,0,0,0,66,29,15295,113217,0,0,0,0,0,255175,3,0
0,0,0,0,56,29,15296,113217,0,0,0,0,0,242137,3,0
0,0,0,0,58,29,15297,113217,0,0,0,0,0,264264,3,0
0,0,0,0,45,29,15298,113217,0,0,0,0,0,200223,3,0
0,0,0,0,65,29,15299,113217,0,0,0,0,0,230749,3,0
0,0,0,0,34,0,15300,131735,0,0,0,0,0,167959,3,0
0,0,0,0,24,3,15301,131735,0,0,0,0,0,263152,3,0
0,0,0,0,23,4,15302,131735,0,0,0,0,0,220061,3,0
1,0,0,1,5,6,15303,131735,0,0,0,0,0,213414,3,0
0,0,0,0,27,7,15304,131735,0,0,0,0,0,238519,3,0
1,0,0,1,15,9,15305,131735,0,0,0,0,0,254255,2,0
0,0,0,0,96,11,15306,131735,0,0,0,0,0,229011,3,0
3,1,0,1,10,12,15307,131735,0,0,0,0,0,242999,3,0
1,0,0,1,9,16,15308,131735,0,0,0,0,0,234333,3,0
0,0,0,0,8,18,15309,131735,0,0,0,0,0,251660,3,0
0,0,0,0,18,25,15310,131735,0,0,0,0,0,258685,3,0
1,0,0,1,22,28,15311,131735,0,0,0,0,0,71832,3,0
0,0,0,0,70,28,15312,131735,0,0,0,0,0,210182,3,0
0,0,0,0,7,28,15313,131735,0,0,0,0,0,72741,2,0
0,0,0,0,12,28,15314,131735,0,0,0,0,0,74948,3,0
0,0,0,0,33,28,15315,131735,0,0,0,0,0,72724,3,0
0,0,0,0,11,28,15316,131735,0,0,0,0,0,72739,3,0
0,0,0,0,4,28,15317,131735,0,0,0,0,0,231179,3,0
0,0,0,0,45,28,15318,131735,0,0,0,0,0,213007,2,0
0,0,0,0,47,28,15319,131735,0,0,0,0,0,74057,3,0
0,0,0,0,19,28,15320,131735,0,0,0,0,0,73679,3,0
0,0,0,0,30,28,15321,131735,0,0,0,0,0,259364,3,0
0,0,0,0,99,28,15322,131735,0,0,0,0,0,74949,3,0
0,0,0,0,68,29,15323,131735,0,0,0,0,0,74964,3,0
0,0,0,0,25,29,15324,131735,0,0,0,0,0,230094,3,0
0,0,0,0,67,29,15325,131735,0,0,0,0,0,277235,3,0
0,0,0,0,1,0,15326,111393,0,0,0,0,0,239019,3,0
0,0,0,0,21,3,15327,111393,0,0,0,0,0,195361,3,0
0,0,0,0,3,4,15328,111393,0,0,0,0,0,216193,3,0
0,0,0,0,51,6,15329,111393,0,0,0,0,0,273526,3,0
0,0,0,0,7,7,15330,111393,0,0,0,0,0,220819,3,0
0,0,0,0,8,9,15331,111393,0,0,0,0,0,203024,3,0
0,0,0,0,55,11,15332,111393,0,0,0,0,0,266740,3,0
0,0,0,0,20,12,15333,111393,0,0,0,0,0,237705,3,0
0,0,0,0,10,16,15334,111393,0,0,0,0,0,212803,3,0
0,0,0,0,6,18,15335,111393,0,0,0,0,0,212753,3,0
0,0,0,0,9,25,15336,111393,0,0,0,0,0,272571,3,0
0,0,0,0,26,28,15337,111393,0,0,0,0,0,262648,3,0
0,0,0,0,22,28,15338,111393,0,0,0,0,0,203069,3,0
0,0,0,0,37,28,15339,111393,0,0,0,0,0,260630,3,0
0,0,0,0,23,28,15340,111393,0,0,0,0,0,253447,3,0
0,0,0,0,40,28,15341,111393,0,0,0,0,0,264068,3,0
0,0,0,0,27,28,15342,111393,0,0,0,0,0,245509,3,0
0,0,0,0,36,28,15343,111393,0,0,0,0,0,272708,3,0
0,0,0,0,42,28,15344,111393,0,0,0,0,0,279186,3,0
0,0,0,0,14,28,15345,111393,0,0,0,0,0,250895,3,0
0,0,0,0,19,28,15346,111393,0,0,0,0,0,247889,3,0
0,0,0,0,62,28,15347,111393,0,0,0,0,0,71743,3,0
0,0,0,0,15,28,15348,111393,0,0,0,0,0,71742,3,0
0,0,0,0,17,29,15349,111393,0,0,0,0,0,240580,3,0
0,0,0,0,13,29,15350,111393,0,0,0,0,0,74986,3,0
0,0,0,0,4,29,15351,111393,0,0,0,0,0,216154,3,0
0,0,0,0,1,0,15352,111395,0,0,0,0,0,252699,3,0
0,0,0,0,19,3,15353,111395,0,0,0,0,0,193875,3,0
0,0,0,0,2,4,15354,111395,0,0,0,0,0,192572,3,0
0,0,0,0,4,6,15355,111395,0,0,0,0,0,225051,3,0
0,0,0,0,21,7,15356,111395,0,0,0,0,0,240632,3,0
0,0,0,0,8,9,15357,111395,0,0,0,0,0,72914,3,0
0,0,0,0,6,11,15358,111395,0,0,0,0,0,232357,3,0
0,0,0,0,27,12,15359,111395,0,0,0,0,0,203309,3,0
0,0,0,0,23,16,15360,111395,0,0,0,0,0,261244,3,0
0,0,0,0,26,18,15361,111395,0,0,0,0,0,180903,3,0
0,0,0,0,10,25,15362,111395,0,0,0,0,0,193427,3,0
0,0,0,0,16,28,15363,111395,0,0,0,0,0,273082,3,0
0,0,0,0,3,28,15364,111395,0,0,0,0,0,209364,3,0
0,0,0,0,17,28,15365,111395,0,0,0,0,0,253401,3,0
0,0,0,0,35,28,15366,111395,0,0,0,0,0,264062,3,0
0,0,0,0,29,28,15367,111395,0,0,0,0,0,209895,3,0
0,0,0,0,22,28,15368,111395,0,0,0,0,0,261948,3,0
0,0,0,0,5,28,15369,111395,0,0,0,0,0,260724,3,0
0,0,0,0,15,28,15370,111395,0,0,0,0,0,262722,3,0
0,0,0,0,43,28,15371,111395,0,0,0,0,0,267737,3,0
0,0,0,0,11,28,15372,111395,0,0,0,0,0,256198,3,0
0,0,0,0,7,28,15373,111395,0,0,0,0,0,75113,3,0
0,0,0,0,12,28,15374,111395,0,0,0,0,0,75145,3,0
0,0,0,0,1,0,15375,111396,0,0,0,0,0,257892,3,0
0,0,0,0,15,3,15376,111396,0,0,0,0,0,213094,3,0
0,0,0,0,22,4,15377,111396,0,0,0,0,0,199000,3,0
0,0,0,0,3,6,15378,111396,0,0,0,0,0,217439,3,0
0,0,0,0,5,7,15379,111396,0,0,0,0,0,255941,3,0
0,0,0,0,2,12,15380,111396,0,0,0,0,0,277428,3,0
0,0,0,0,10,13,15381,111396,0,0,0,0,0,247336,3,0
0,0,0,0,26,15,15382,111396,0,0,0,0,0,268416,3,0
0,0,0,0,7,16,15383,111396,0,0,0,0,0,238170,3,0
0,0,0,0,88,24,15384,111396,0,0,0,0,0,243427,3,0
0,0,0,0,9,26,15385,111396,0,0,0,0,0,256392,3,0
0,0,0,0,37,28,15386,111396,0,0,0,0,0,70063,3,0
0,0,0,0,16,28,15387,111396,0,0,0,0,0,265581,3,0
0,0,0,0,12,28,15388,111396,0,0,0,0,0,257490,3,0
0,0,0,0,27,28,15389,111396,0,0,0,0,0,272714,3,0
0,0,0,0,30,28,15390,111396,0,0,0,0,0,270122,3,0
0,0,0,0,39,28,15391,111396,0,0,0,0,0,275267,3,0
0,0,0,0,33,28,15392,111396,0,0,0,0,0,277522,3,0
0,0,0,0,28,28,15393,111396,0,0,0,0,0,269792,3,0
0,0,0,0,11,28,15394,111396,0,0,0,0,0,74065,3,0
0,0,0,0,41,28,15395,111396,0,0,0,0,0,274690,3,0
0,0,0,0,4,28,15396,111396,0,0,0,0,0,272355,3,0
0,0,0,0,40,28,15397,111396,0,0,0,0,0,277571,3,0
0,0,0,0,17,29,15398,111396,0,0,0,0,0,75040,3,0
0,0,0,0,25,0,15399,111397,0,0,0,0,0,210368,3,0
0,0,0,0,2,3,15400,111397,0,0,0,0,0,212511,3,0
0,0,0,0,5,4,15401,111397,0,0,0,0,0,199218,3,0
0,0,0,0,21,6,15402,111397,0,0,0,0,0,193143,3,0
0,0,0,0,3,7,15403,111397,0,0,0,0,0,193177,3,0
0,0,0,0,6,9,15404,111397,0,0,0,0,0,246007,3,0
0,0,0,0,18,11,15405,111397,0,0,0,0,0,251821,3,0
0,0,0,0,7,12,15406,111397,0,0,0,0,0,234867,3,0
0,0,0,0,27,16,15407,111397,0,0,0,0,0,252974,3,0
0,0,0,0,8,18,15408,111397,0,0,0,0,0,228821,3,0
0,0,0,0,10,25,15409,111397,0,0,0,0,0,189225,3,0
0,0,0,0,9,28,15410,111397,0,0,0,0,0,222540,3,0
0,0,0,0,17,28,15411,111397,0,0,0,0,0,262039,3,0
0,0,0,0,14,28,15412,111397,0,0,0,0,0,275134,3,0
0,0,0,0,22,28,15413,111397,0,0,0,0,0,260533,3,0
0,0,0,0,30,28,15414,111397,0,0,0,0,0,73152,3,0
0,0,0,0,19,28,15415,111397,0,0,0,0,0,277473,3,0
0,0,0,0,28,28,15416,111397,0,0,0,0,0,70909,3,0
0,0,0,0,16,28,15417,111397,0,0,0,0,0,276622,3,0
0,0,0,0,40,28,15418,111397,0,0,0,0,0,278778,3,0
0,0,0,0,26,28,15419,111397,0,0,0,0,0,73150,3,0
0,0,0,0,24,28,15420,111397,0,0,0,0,0,71627,3,0
0,0,0,0,1,0,15421,111398,0,0,0,0,0,254906,3,0
0,0,0,0,14,3,15422,111398,0,0,0,0,0,237714,3,0
0,0,0,0,4,4,15423,111398,0,0,0,0,0,259655,3,0
0,0,0,0,33,6,15424,111398,0,0,0,0,0,260617,3,0
0,0,0,0,23,7,15425,111398,0,0,0,0,0,247836,3,0
0,0,0,0,39,12,15426,111398,0,0,0,0,0,259767,3,0
0,0,0,0,17,13,15427,111398,0,0,0,0,0,242108,3,0
0,0,0,0,19,15,15428,111398,0,0,0,0,0,242056,3,0
0,0,0,0,13,16,15429,111398,0,0,0,0,0,277549,3,0
0,0,0,0,9,24,15430,111398,0,0,0,0,0,259726,3,0
0,0,0,0,37,26,15431,111398,0,0,0,0,0,276249,3,0
0,0,0,0,10,28,15432,111398,0,0,0,0,0,279501,3,0
0,0,0,0,25,28,15433,111398,0,0,0,0,0,263982,3,0
0,0,0,0,16,28,15434,111398,0,0,0,0,0,274518,3,0
0,0,0,0,2,28,15435,111398,0,0,0,0,0,242840,3,0
0,0,0,0,21,28,15436,111398,0,0,0,0,0,245425,3,0
0,0,0,0,29,28,15437,111398,0,0,0,0,0,73099,3,0
0,0,0,0,3,28,15438,111398,0,0,0,0,0,73100,3,0
0,0,0,0,27,28,15439,111398,0,0,0,0,0,70184,3,0
0,0,0,0,15,28,15440,111398,0,0,0,0,0,72913,3,0
0,0,0,0,22,28,15441,111398,0,0,0,0,0,75033,3,0
0,0,0,0,24,28,15442,111398,0,0,0,0,0,75060,3,0
0,0,0,0,11,28,15443,111398,0,0,0,0,0,272419,3,0
0,0,0,0,66,29,15444,111398,0,0,0,0,0,277550,3,0
0,0,0,0,1,0,15445,111399,0,0,0,0,0,225993,3,0
0,0,0,0,19,3,15446,111399,0,0,0,0,0,202678,3,0
0,0,0,0,5,4,15447,111399,0,0,0,0,0,240695,3,0
0,0,0,0,23,6,15448,111399,0,0,0,0,0,225679,3,0
0,0,0,0,3,7,15449,111399,0,0,0,0,0,261662,3,0
0,0,0,0,10,12,15450,111399,0,0,0,0,0,236342,3,0
0,0,0,0,8,13,15451,111399,0,0,0,0,0,199002,3,0
0,0,0,0,6,15,15452,111399,0,0,0,0,0,209359,3,0
0,0,0,0,31,16,15453,111399,0,0,0,0,0,70799,3,0
0,0,0,0,9,24,15454,111399,0,0,0,0,0,178089,3,0
0,0,0,0,22,26,15455,111399,0,0,0,0,0,202676,3,0
0,0,0,0,4,28,15456,111399,0,0,0,0,0,260531,3,0
0,0,0,0,20,28,15457,111399,0,0,0,0,0,260536,3,0
0,0,0,0,29,28,15458,111399,0,0,0,0,0,268604,3,0
0,0,0,0,24,28,15459,111399,0,0,0,0,0,70515,3,0
0,0,0,0,13,28,15460,111399,0,0,0,0,0,260538,3,0
0,0,0,0,14,28,15461,111399,0,0,0,0,0,270121,3,0
0,0,0,0,25,28,15462,111399,0,0,0,0,0,276562,3,0
0,0,0,0,7,28,15463,111399,0,0,0,0,0,263786,3,0
0,0,0,0,2,28,15464,111399,0,0,0,0,0,241920,3,0
0,0,0,0,12,28,15465,111399,0,0,0,0,0,257348,3,0
0,0,0,0,17,28,15466,111399,0,0,0,0,0,256324,3,0
0,0,0,0,15,28,15467,111399,0,0,0,0,0,70518,3,0
0,0,0,0,28,29,15468,111399,0,0,0,0,0,277438,3,0
0,0,0,0,26,29,15469,111399,0,0,0,0,0,71988,3,0
0,0,0,0,27,29,15470,111399,0,0,0,0,0,73110,3,0
0,0,0,0,21,29,15471,111399,0,0,0,0,0,73109,3,0
0,0,0,0,11,29,15472,111399,0,0,0,0,0,73660,3,0
0,0,0,0,16,29,15473,111399,0,0,0,0,0,73108,3,0
0,0,0,0,18,29,15474,111399,0,0,0,0,0,75109,3,0
0,0,0,0,1,0,15475,111400,0,0,0,0,0,183244,3,0
0,0,0,0,23,3,15476,111400,0,0,0,0,0,192241,3,0
0,0,0,0,27,4,15477,111400,0,0,0,0,0,70192,3,0
0,0,0,0,3,6,15478,111400,0,0,0,0,0,271971,3,0
0,0,0,0,4,7,15479,111400,0,0,0,0,0,252698,3,0
0,0,0,0,12,9,15480,111400,0,0,0,0,0,266148,3,0
0,0,0,0,24,11,15481,111400,0,0,0,0,0,278224,3,0
0,0,0,0,10,12,15482,111400,0,0,0,0,0,221587,3,0
0,0,0,0,22,16,15483,111400,0,0,0,0,0,225757,3,0
0,0,0,0,17,18,15484,111400,0,0,0,0,0,209886,3,0
0,0,0,0,9,25,15485,111400,0,0,0,0,0,236757,3,0
0,0,0,0,7,28,15486,111400,0,0,0,0,0,262748,3,0
0,0,0,0,8,28,15487,111400,0,0,0,0,0,241741,3,0
0,0,0,0,16,28,15488,111400,0,0,0,0,0,246005,3,0
0,0,0,0,21,28,15489,111400,0,0,0,0,0,276656,3,0
0,0,0,0,2,28,15490,111400,0,0,0,0,0,262434,3,0
0,0,0,0,13,28,15491,111400,0,0,0,0,0,259629,3,0
0,0,0,0,28,28,15492,111400,0,0,0,0,0,276840,3,0
0,0,0,0,31,28,15493,111400,0,0,0,0,0,71482,3,0
0,0,0,0,99,28,15494,111400,0,0,0,0,0,71987,3,0
0,0,0,0,29,28,15495,111400,0,0,0,0,0,279478,3,0
0,0,0,0,33,28,15496,111400,0,0,0,0,0,72164,3,0
0,0,0,0,30,28,15497,111400,0,0,0,0,0,276187,3,0
0,0,0,0,5,29,15498,111400,0,0,0,0,0,264070,3,0
0,0,0,0,19,29,15499,111400,0,0,0,0,0,276462,3,0
0,0,0,0,25,29,15500,111400,0,0,0,0,0,272323,3,0
0,0,0,0,15,29,15501,111400,0,0,0,0,0,235108,3,0
0,0,0,0,1,0,15502,111766,0,0,0,0,0,252477,3,0
0,0,0,0,6,3,15503,111766,0,0,0,0,0,209361,3,0
0,0,0,0,4,4,15504,111766,0,0,0,0,0,203264,3,0
0,0,0,0,15,6,15505,111766,0,0,0,0,0,274055,3,0
0,0,0,0,19,7,15506,111766,0,0,0,0,0,253153,3,0
0,0,0,0,14,13,15507,111766,0,0,0,0,0,219392,3,0
0,0,0,0,5,14,15508,111766,0,0,0,0,0,277324,3,0
0,0,0,0,12,15,15509,111766,0,0,0,0,0,260176,3,0
0,0,0,0,7,17,15510,111766,0,0,0,0,0,182091,3,0
0,0,0,0,10,19,15511,111766,0,0,0,0,0,189691,3,0
0,0,0,0,23,25,15512,111766,0,0,0,0,0,278249,3,0
0,0,0,0,24,28,15513,111766,0,0,0,0,0,253154,3,0
0,0,0,0,21,28,15514,111766,0,0,0,0,0,193092,3,0
0,0,0,0,18,28,15515,111766,0,0,0,0,0,276461,3,0
0,0,0,0,27,28,15516,111766,0,0,0,0,0,279201,3,0
0,0,0,0,30,28,15517,111766,0,0,0,0,0,279014,3,0
0,0,0,0,17,28,15518,111766,0,0,0,0,0,70066,3,0
0,0,0,0,8,28,15519,111766,0,0,0,0,0,213281,3,0
0,0,0,0,3,28,15520,111766,0,0,0,0,0,75112,3,0
0,0,0,0,9,28,15521,111766,0,0,0,0,0,242764,3,0
0,0,0,0,35,28,15522,111766,0,0,0,0,0,73627,3,0
0,0,0,0,25,28,15523,111766,0,0,0,0,0,221425,3,0
0,0,0,0,1,0,15524,112224,0,0,0,0,0,163616,3,0
0,0,0,0,2,3,15525,112224,0,0,0,0,0,260004,3,0
0,0,0,0,27,4,15526,112224,0,0,0,0,0,252700,3,0
0,0,0,0,26,6,15527,112224,0,0,0,0,0,189155,3,0
0,0,0,0,16,7,15528,112224,0,0,0,0,0,202157,3,0
0,0,0,0,6,9,15529,112224,0,0,0,0,0,232162,3,0
0,0,0,0,8,11,15530,112224,0,0,0,0,0,203225,3,0
0,0,0,0,15,12,15531,112224,0,0,0,0,0,212075,3,0
0,0,0,0,23,16,15532,112224,0,0,0,0,0,246009,3,0
0,0,0,0,7,18,15533,112224,0,0,0,0,0,195033,3,0
0,0,0,0,17,25,15534,112224,0,0,0,0,0,262557,3,0
0,0,0,0,20,28,15535,112224,0,0,0,0,0,275871,3,0
0,0,0,0,21,28,15536,112224,0,0,0,0,0,264065,3,0
0,0,0,0,46,28,15537,112224,0,0,0,0,0,279198,3,0
0,0,0,0,39,28,15538,112224,0,0,0,0,0,274526,3,0
0,0,0,0,33,28,15539,112224,0,0,0,0,0,267599,3,0
0,0,0,0,19,28,15540,112224,0,0,0,0,0,276057,3,0
0,0,0,0,22,28,15541,112224,0,0,0,0,0,228416,3,0
0,0,0,0,36,28,15542,112224,0,0,0,0,0,70513,3,0
0,0,0,0,35,28,15543,112224,0,0,0,0,0,73661,3,0
0,0,0,0,38,28,15544,112224,0,0,0,0,0,278233,3,0
0,0,0,0,40,28,15545,112224,0,0,0,0,0,264057,3,0
0,0,0,0,30,28,15546,112224,0,0,0,0,0,210484,3,0
0,0,0,0,13,29,15547,112224,0,0,0,0,0,241861,3,0
0,0,0,0,37,29,15548,112224,0,0,0,0,0,74982,3,0
0,0,0,0,11,29,15549,112224,0,0,0,0,0,268473,3,0
0,0,0,0,41,29,15550,112224,0,0,0,0,0,74983,3,0
0,0,0,0,20,0,15551,112427,0,0,0,0,0,203423,3,0
0,0,0,0,31,3,15552,112427,0,0,0,0,0,272737,3,0
0,0,0,0,16,4,15553,112427,0,0,0,0,0,225467,3,0
0,0,0,0,8,6,15554,112427,0,0,0,0,0,238576,3,0
0,0,0,0,19,7,15555,112427,0,0,0,0,0,213093,3,0
0,0,0,0,23,12,15556,112427,0,0,0,0,0,239458,3,0
0,0,0,0,64,13,15557,112427,0,0,0,0,0,178088,3,0
0,0,0,0,25,15,15558,112427,0,0,0,0,0,203308,3,0
0,0,0,0,14,16,15559,112427,0,0,0,0,0,257326,3,0
0,0,0,0,26,24,15560,112427,0,0,0,0,0,220708,3,0
0,0,0,0,9,26,15561,112427,0,0,0,0,0,206147,3,0
0,0,0,0,10,28,15562,112427,0,0,0,0,0,264063,3,0
0,0,0,0,7,28,15563,112427,0,0,0,0,0,269475,3,0
0,0,0,0,21,28,15564,112427,0,0,0,0,0,70177,3,0
0,0,0,0,2,28,15565,112427,0,0,0,0,0,240710,3,0
0,0,0,0,1,28,15566,112427,0,0,0,0,0,69972,3,0
0,0,0,0,18,28,15567,112427,0,0,0,0,0,277525,3,0
0,0,0,0,4,28,15568,112427,0,0,0,0,0,273529,3,0
0,0,0,0,5,28,15569,112427,0,0,0,0,0,278838,3,0
0,0,0,0,30,28,15570,112427,0,0,0,0,0,231172,3,0
0,0,0,0,22,28,15571,112427,0,0,0,0,0,277524,3,0
0,0,0,0,27,28,15572,112427,0,0,0,0,0,75031,3,0
0,0,0,0,12,28,15573,112427,0,0,0,0,0,75227,3,0
0,0,0,0,24,29,15574,112427,0,0,0,0,0,71563,3,0
0,0,0,0,13,29,15575,112427,0,0,0,0,0,75032,3,0
0,0,0,0,1,0,15576,114023,0,0,0,0,0,231682,3,0
0,0,0,0,13,3,15577,114023,0,0,0,0,0,243785,3,0
0,0,0,0,6,4,15578,114023,0,0,0,0,0,232596,3,0
0,0,0,0,4,6,15579,114023,0,0,0,0,0,211793,3,0
0,0,0,0,17,7,15580,114023,0,0,0,0,0,211785,3,0
0,0,0,0,7,12,15581,114023,0,0,0,0,0,240650,3,0
0,0,0,0,32,13,15582,114023,0,0,0,0,0,242154,3,0
0,0,0,0,21,15,15583,114023,0,0,0,0,0,236589,3,0
0,0,0,0,77,16,15584,114023,0,0,0,0,0,253663,3,0
0,0,0,0,10,24,15585,114023,0,0,0,0,0,259476,3,0
0,0,0,0,9,26,15586,114023,0,0,0,0,0,190644,3,0
0,0,0,0,38,28,15587,114023,0,0,0,0,0,263844,3,0
0,0,0,0,49,28,15588,114023,0,0,0,0,0,270120,3,0
0,0,0,0,42,28,15589,114023,0,0,0,0,0,263899,3,0
0,0,0,0,22,28,15590,114023,0,0,0,0,0,277548,3,0
0,0,0,0,33,28,15591,114023,0,0,0,0,0,242086,3,0
0,0,0,0,39,28,15592,114023,0,0,0,0,0,278156,3,0
0,0,0,0,45,28,15593,114023,0,0,0,0,0,72008,3,0
0,0,0,0,41,28,15594,114023,0,0,0,0,0,278882,3,0
0,0,0,0,37,28,15595,114023,0,0,0,0,0,71161,3,0
0,0,0,0,43,28,15596,114023,0,0,0,0,0,71214,3,0
0,0,0,0,29,28,15597,114023,0,0,0,0,0,70955,3,0
0,0,0,0,44,28,15598,114023,0,0,0,0,0,70805,3,0
0,0,0,0,70,29,15599,114023,0,0,0,0,0,278951,3,0
0,0,0,0,34,29,15600,114023,0,0,0,0,0,70519,3,0
0,0,0,0,47,29,15601,114023,0,0,0,0,0,73097,3,0
0,0,0,0,48,29,15602,114023,0,0,0,0,0,73098,3,0
0,0,0,0,12,0,15603,114604,0,0,0,0,0,193302,3,0
0,0,0,0,20,3,15604,114604,0,0,0,0,0,279543,3,0
0,0,0,0,6,4,15605,114604,0,0,0,0,0,231634,3,0
0,0,0,0,5,6,15606,114604,0,0,0,0,0,192250,3,0
0,0,0,0,13,7,15607,114604,0,0,0,0,0,235054,3,0
0,0,0,0,26,9,15608,114604,0,0,0,0,0,199159,3,0
0,0,0,0,8,11,15609,114604,0,0,0,0,0,259475,3,0
0,0,0,0,9,12,15610,114604,0,0,0,0,0,228171,3,0
0,0,0,0,11,16,15611,114604,0,0,0,0,0,272562,3,0
0,0,0,0,7,18,15612,114604,0,0,0,0,0,213488,3,0
0,0,0,0,98,25,15613,114604,0,0,0,0,0,203280,3,0
0,0,0,0,44,28,15614,114604,0,0,0,0,0,223224,3,0
0,0,0,0,21,28,15615,114604,0,0,0,0,0,264072,3,0
0,0,0,0,14,28,15616,114604,0,0,0,0,0,253752,3,0
0,0,0,0,33,28,15617,114604,0,0,0,0,0,259725,3,0
0,0,0,0,30,28,15618,114604,0,0,0,0,0,276845,3,0
0,0,0,0,19,28,15619,114604,0,0,0,0,0,70934,3,0
0,0,0,0,15,28,15620,114604,0,0,0,0,0,204352,3,0
0,0,0,0,22,28,15621,114604,0,0,0,0,0,225053,3,0
0,0,0,0,18,28,15622,114604,0,0,0,0,0,242057,3,0
0,0,0,0,24,28,15623,114604,0,0,0,0,0,74787,3,0
0,0,0,0,16,28,15624,114604,0,0,0,0,0,272385,3,0
0,0,0,0,27,28,15625,114604,0,0,0,0,0,73940,3,0
0,0,0,0,17,29,15626,114604,0,0,0,0,0,73659,3,0
0,0,0,0,23,29,15627,114604,0,0,0,0,0,73658,3,0
0,0,0,0,31,29,15628,114604,0,0,0,0,0,231063,3,0
0,0,0,0,28,29,15629,114604,0,0,0,0,0,237375,3,0
0,0,0,0,1,0,15630,131739,0,0,0,0,0,235860,3,0
0,0,0,0,3,3,15631,131739,0,0,0,0,0,212923,3,0
0,0,0,0,5,4,15632,131739,0,0,0,0,0,186352,3,0
0,0,0,0,23,6,15633,131739,0,0,0,0,0,259723,3,0
0,0,0,0,15,7,15634,131739,0,0,0,0,0,237268,3,0
0,0,0,0,16,10,15635,131739,0,0,0,0,0,73104,3,0
0,0,0,0,14,23,15636,131739,0,0,0,0,0,73102,3,0
0,0,0,0,22,13,15637,131739,0,0,0,0,0,240262,3,0
0,0,0,0,7,15,15638,131739,0,0,0,0,0,208543,3,0
0,0,0,0,11,27,15639,131739,0,0,0,0,0,240633,3,0
0,0,0,0,9,25,15640,131739,0,0,0,0,0,254138,3,0
0,0,0,0,21,28,15641,131739,0,0,0,0,0,73092,3,0
0,0,0,0,35,28,15642,131739,0,0,0,0,0,73106,3,0
0,0,0,0,8,28,15643,131739,0,0,0,0,0,268459,3,0
0,0,0,0,18,28,15644,131739,0,0,0,0,0,73103,3,0
0,0,0,0,30,28,15645,131739,0,0,0,0,0,73937,3,0
0,0,0,0,31,28,15646,131739,0,0,0,0,0,73105,3,0
0,0,0,0,2,28,15647,131739,0,0,0,0,0,208520,3,0
0,0,0,0,17,28,15648,131739,0,0,0,0,0,246195,3,0
0,0,0,0,27,28,15649,131739,0,0,0,0,0,231065,3,0
0,0,0,0,4,28,15650,131739,0,0,0,0,0,254143,3,0
0,0,0,0,12,28,15651,131739,0,0,0,0,0,263851,3,0
0,0,0,0,6,28,15652,131739,0,0,0,0,0,237333,3,0
0,0,0,0,10,29,15653,131739,0,0,0,0,0,243966,3,0
0,0,0,0,28,29,15654,131739,0,0,0,0,0,210826,3,0
0,0,0,0,25,0,15655,1013,0,0,0,0,0,235925,2,0
0,0,0,0,35,3,15656,1013,0,0,0,0,0,262339,2,0
0,0,0,0,4,4,15657,1013,0,0,0,0,0,233814,3,0
1,0,0,1,22,6,15658,1013,0,0,0,0,0,220429,2,0
0,0,0,0,37,7,15659,1013,0,0,0,0,0,74784,2,0
2,0,0,1,17,9,15660,1013,0,0,0,0,0,273842,2,0
0,0,0,0,5,11,15661,1013,0,0,0,0,0,228838,3,0
2,0,0,1,11,12,15662,1013,0,0,0,0,0,267784,3,0
2,0,0,1,80,16,15663,1013,0,0,0,0,0,189575,3,0
0,0,0,0,77,18,15664,1013,0,0,0,0,0,238194,1,0
2,0,0,1,28,25,15665,1013,0,0,0,0,0,251030,2,0
1,0,0,1,29,28,15666,1013,0,0,0,0,0,190577,3,0
0,0,0,0,20,28,15667,1013,0,0,0,0,0,279831,3,0
0,0,0,0,24,28,15668,1013,0,0,0,0,0,227900,3,0
0,0,0,0,30,28,15669,1013,0,0,0,0,0,279196,3,0
0,0,0,0,13,28,15670,1013,0,0,0,0,0,227477,3,0
0,0,0,0,18,28,15671,1013,0,0,0,0,0,222585,3,0
1,0,0,1,8,28,15672,1013,0,0,0,0,0,70703,3,0
0,0,0,0,10,28,15673,1013,0,0,0,0,0,237994,3,0
0,0,0,0,7,28,15674,1013,0,0,0,0,0,219525,2,0
0,0,0,0,40,28,15675,1013,0,0,0,0,0,71908,3,0
1,0,0,1,9,28,15676,1013,0,0,0,0,0,247143,3,0
0,0,0,0,36,28,15677,1013,0,0,0,0,0,71815,1,0
0,0,0,0,44,29,15678,1013,0,0,0,0,0,269500,3,0
0,0,0,0,16,29,15679,1013,0,0,0,0,0,257379,3,0
0,0,0,0,49,29,15680,1013,0,0,0,0,0,71260,3,0
0,0,0,0,33,29,15681,1013,0,0,0,0,0,71462,3,0
0,0,0,0,26,29,15682,1013,0,0,0,0,0,75030,3,0
0,0,0,0,14,29,15683,1013,0,0,0,0,0,257153,3,0
0,0,0,0,23,29,15684,1013,0,0,0,0,0,268621,3,0
0,0,0,0,21,29,15685,1013,0,0,0,0,0,258746,3,0
0,0,0,0,19,29,15686,1013,0,0,0,0,0,245249,3,0
0,0,0,0,1,0,15687,1876,0,0,0,0,0,214584,3,0
0,0,0,0,16,3,15688,1876,0,0,0,0,0,236441,2,0
0,0,0,0,33,4,15689,1876,0,0,0,0,0,193601,2,0
0,0,0,0,17,6,15690,1876,0,0,0,0,0,214436,3,0
0,0,0,0,24,7,15691,1876,0,0,0,0,0,224334,4,0
0,0,0,0,31,9,15692,1876,0,0,0,0,0,256408,3,0
0,0,0,0,5,11,15693,1876,0,0,0,0,0,214977,2,0
1,0,0,1,26,12,15694,1876,0,0,0,0,0,215998,2,0
4,0,0,1,11,16,15695,1876,0,0,0,0,0,245461,3,0
1,0,0,1,10,18,15696,1876,0,0,0,0,0,188988,4,0
7,1,0,1,9,25,15697,1876,0,0,0,0,0,219862,3,0
1,0,0,1,8,28,15698,1876,0,0,0,0,0,216700,3,0
0,0,0,0,29,28,15699,1876,0,0,0,0,0,233029,3,0
1,0,0,1,14,28,15700,1876,0,0,0,0,0,199669,3,0
0,0,0,0,13,28,15701,1876,0,0,0,0,0,246870,2,0
0,0,0,0,25,28,15702,1876,0,0,0,0,0,219522,3,0
0,0,0,0,7,28,15703,1876,0,0,0,0,0,246690,3,0
2,0,0,1,19,28,15704,1876,0,0,0,0,0,276528,3,0
1,0,0,1,30,28,15705,1876,0,0,0,0,0,279173,3,0
1,0,0,1,36,28,15706,1876,0,0,0,0,0,256509,3,0
0,0,0,0,23,28,15707,1876,0,0,0,0,0,255351,3,0
0,0,0,0,20,28,15708,1876,0,0,0,0,0,215071,2,0
0,0,0,0,4,28,15709,1876,0,0,0,0,0,266608,3,0
0,0,0,0,6,29,15710,1876,0,0,0,0,0,241930,3,0
0,0,0,0,27,29,15711,1876,0,0,0,0,0,273034,3,0
0,0,0,0,32,29,15712,1876,0,0,0,0,0,279165,3,0
0,0,0,0,3,29,15713,1876,0,0,0,0,0,199667,3,0
0,0,0,0,38,29,15714,1876,0,0,0,0,0,279934,3,0
0,0,0,0,22,29,15715,1876,0,0,0,0,0,279170,3,0
0,0,0,0,37,29,15716,1876,0,0,0,0,0,278474,3,0
0,0,0,0,35,29,15717,1876,0,0,0,0,0,279169,3,0
0,0,0,0,41,29,15718,1876,0,0,0,0,0,279168,3,0
0,0,0,0,18,29,15719,1876,0,0,0,0,0,226377,3,0
0,0,0,0,1,0,15720,1877,0,0,0,0,0,173373,3,0
0,0,0,0,17,3,15721,1877,0,0,0,0,0,204539,4,0
1,0,0,1,2,4,15722,1877,0,0,0,0,0,215228,5,0
0,0,0,0,6,6,15723,1877,0,0,0,0,0,201862,3,0
0,0,0,0,23,7,15724,1877,0,0,0,0,0,257185,4,0
1,0,0,1,36,12,15725,1877,0,0,0,0,0,261082,3,0
0,0,0,0,8,13,15726,1877,0,0,0,0,0,211269,3,0
0,0,0,0,21,15,15727,1877,0,0,0,0,0,261171,4,0
0,0,0,0,22,16,15728,1877,0,0,0,0,0,259789,4,0
6,0,0,1,16,24,15729,1877,0,0,0,0,0,240663,4,0
2,0,0,1,10,26,15730,1877,0,0,0,0,0,179813,2,0
0,0,0,0,19,28,15731,1877,0,0,0,0,0,262083,3,0
0,0,0,0,4,28,15732,1877,0,0,0,0,0,219841,3,0
0,0,0,0,3,28,15733,1877,0,0,0,0,0,240976,3,0
0,0,0,0,38,28,15734,1877,0,0,0,0,0,278455,4,0
0,0,0,0,12,28,15735,1877,0,0,0,0,0,268619,4,0
8,1,0,1,9,28,15736,1877,0,0,0,0,0,261161,3,0
0,0,0,0,11,28,15737,1877,0,0,0,0,0,215202,3,0
0,0,0,0,7,28,15738,1877,0,0,0,0,0,260601,3,0
2,0,0,1,33,28,15739,1877,0,0,0,0,0,271512,2,0
1,0,0,1,47,28,15740,1877,0,0,0,0,0,70690,3,0
0,0,0,0,30,28,15741,1877,0,0,0,0,0,241607,4,0
0,0,0,0,43,28,15742,1877,0,0,0,0,0,72006,3,0
0,0,0,0,13,29,15743,1877,0,0,0,0,0,178566,3,0
1,0,0,1,24,29,15744,1877,0,0,0,0,0,247368,3,0
0,0,0,0,42,29,15745,1877,0,0,0,0,0,238331,3,0
0,0,0,0,45,29,15746,1877,0,0,0,0,0,70689,3,0
0,0,0,0,40,29,15747,1877,0,0,0,0,0,272723,3,0
0,0,0,0,18,29,15748,1877,0,0,0,0,0,214040,3,0
0,0,0,0,50,29,15749,1877,0,0,0,0,0,71453,3,0
0,0,0,0,5,29,15750,1877,0,0,0,0,0,193532,3,0
0,0,0,0,20,29,15751,1877,0,0,0,0,0,214665,3,0
0,0,0,0,48,29,15752,1877,0,0,0,0,0,73683,3,0
0,0,0,0,34,29,15753,1877,0,0,0,0,0,74777,3,0
0,0,0,0,41,29,15754,1877,0,0,0,0,0,74779,3,0
0,0,0,0,52,29,15755,1877,0,0,0,0,0,74778,3,0
0,0,0,0,51,29,15756,1877,0,0,0,0,0,74776,3,0
0,0,0,0,15,29,15757,1877,0,0,0,0,0,267681,3,0
0,0,0,0,12,0,15758,101083,0,0,0,0,0,263204,2,0
0,0,0,0,20,3,15759,101083,0,0,0,0,0,258090,3,0
0,0,0,0,14,4,15760,101083,0,0,0,0,0,273850,3,0
0,0,0,0,26,6,15761,101083,0,0,0,0,0,215254,3,0
0,0,0,0,15,7,15762,101083,0,0,0,0,0,248053,3,0
0,0,0,0,22,9,15763,101083,0,0,0,0,0,196432,3,0
2,0,0,1,5,11,15764,101083,0,0,0,0,0,232244,5,0
1,0,0,1,32,12,15765,101083,0,0,0,0,0,261015,4,0
2,0,0,1,18,16,15766,101083,0,0,0,0,0,242426,3,0
2,0,0,1,10,18,15767,101083,0,0,0,0,0,183899,4,0
5,0,0,1,9,25,15768,101083,0,0,0,0,0,215334,3,0
0,0,0,0,8,28,15769,101083,0,0,0,0,0,253287,3,0
0,0,0,0,17,28,15770,101083,0,0,0,0,0,238767,3,0
0,0,0,0,6,28,15771,101083,0,0,0,0,0,201988,3,0
0,0,0,0,13,28,15772,101083,0,0,0,0,0,267602,4,0
0,0,0,0,1,28,15773,101083,0,0,0,0,0,276829,3,0
1,0,0,1,16,28,15774,101083,0,0,0,0,0,259883,3,0
1,0,0,1,7,28,15775,101083,0,0,0,0,0,143121,4,0
0,0,0,0,23,28,15776,101083,0,0,0,0,0,73887,3,0
0,0,0,0,29,28,15777,101083,0,0,0,0,0,275292,3,0
0,0,0,0,2,28,15778,101083,0,0,0,0,0,248137,2,0
0,0,0,0,24,28,15779,101083,0,0,0,0,0,263501,3,0
0,0,0,0,19,28,15780,101083,0,0,0,0,0,277794,3,0
0,0,0,0,28,29,15781,101083,0,0,0,0,0,279164,3,0
0,0,0,0,4,29,15782,101083,0,0,0,0,0,70697,3,0
0,0,0,0,31,29,15783,101083,0,0,0,0,0,71400,3,0
0,0,0,0,49,29,15784,101083,0,0,0,0,0,71907,3,0
0,0,0,0,30,29,15785,101083,0,0,0,0,0,70698,3,0
0,0,0,0,40,29,15786,101083,0,0,0,0,0,71492,3,0
0,0,0,0,39,29,15787,101083,0,0,0,0,0,71491,3,0
0,0,0,0,37,29,15788,101083,0,0,0,0,0,75073,3,0
0,0,0,0,13,0,15789,101084,0,0,0,0,0,225858,2,0
0,0,0,0,15,3,15790,101084,0,0,0,0,0,266171,2,0
0,0,0,0,20,4,15791,101084,0,0,0,0,0,221990,3,0
0,0,0,0,4,6,15792,101084,0,0,0,0,0,240640,2,0
0,0,0,0,26,7,15793,101084,0,0,0,0,0,260736,2,0
0,0,0,0,6,10,15794,101084,0,0,0,0,0,255879,3,0
3,0,0,1,9,23,15795,101084,0,0,0,0,0,272939,2,0
2,0,0,1,19,13,15796,101084,0,0,0,0,0,205633,3,0
0,0,0,0,36,15,15797,101084,0,0,0,0,0,262148,2,0
1,0,0,1,25,27,15798,101084,0,0,0,0,0,235989,3,0
4,0,0,1,30,25,15799,101084,0,0,0,0,0,273080,3,0
0,0,0,0,14,28,15800,101084,0,0,0,0,0,240362,3,0
0,0,0,0,17,28,15801,101084,0,0,0,0,0,231538,3,0
0,0,0,0,32,28,15802,101084,0,0,0,0,0,227526,3,0
0,0,0,0,35,28,15803,101084,0,0,0,0,0,70699,3,0
0,0,0,0,23,28,15804,101084,0,0,0,0,0,237576,3,0
0,0,0,0,33,28,15805,101084,0,0,0,0,0,233057,3,0
1,0,0,1,10,28,15806,101084,0,0,0,0,0,210950,3,0
1,0,0,1,11,28,15807,101084,0,0,0,0,0,267625,4,0
0,0,0,0,22,28,15808,101084,0,0,0,0,0,264312,2,0
0,0,0,0,16,28,15809,101084,0,0,0,0,0,264578,5,0
0,0,0,0,3,28,15810,101084,0,0,0,0,0,275882,3,0
0,0,0,0,8,28,15811,101084,0,0,0,0,0,254131,3,0
0,0,0,0,21,29,15812,101084,0,0,0,0,0,253278,3,0
0,0,0,0,29,29,15813,101084,0,0,0,0,0,257676,3,0
0,0,0,0,31,29,15814,101084,0,0,0,0,0,74815,3,0
0,0,0,0,34,29,15815,101084,0,0,0,0,0,261177,3,0
0,0,0,0,28,29,15816,101084,0,0,0,0,0,74781,3,0
0,0,0,0,12,29,15817,101084,0,0,0,0,0,70137,3,0
0,0,0,0,21,0,15818,101085,0,0,0,0,0,223249,2,0
0,0,0,0,34,3,15819,101085,0,0,0,0,0,247156,3,0
0,0,0,0,3,4,15820,101085,0,0,0,0,0,260233,3,0
0,0,0,0,35,6,15821,101085,0,0,0,0,0,274521,3,0
1,0,0,0,27,7,15822,101085,0,0,0,0,0,236668,2,0
2,0,0,1,13,10,15823,101085,0,0,0,0,0,246033,2,0
1,0,0,0,8,23,15824,101085,0,0,0,0,0,210513,2,0
0,0,0,0,22,13,15825,101085,0,0,0,0,0,275343,3,0
1,0,0,0,32,15,15826,101085,0,0,0,0,0,242081,3,0
1,0,0,0,7,27,15827,101085,0,0,0,0,0,244205,3,0
2,0,0,1,9,25,15828,101085,0,0,0,0,0,253242,1,0
2,0,0,1,17,28,15829,101085,0,0,0,0,0,242654,3,0
1,0,0,0,30,28,15830,101085,0,0,0,0,0,215135,3,0
0,0,0,0,20,28,15831,101085,0,0,0,0,0,221219,3,0
2,0,0,1,15,28,15832,101085,0,0,0,0,0,255878,3,0
0,0,0,0,25,28,15833,101085,0,0,0,0,0,232645,3,0
0,0,0,0,12,28,15834,101085,0,0,0,0,0,207441,3,0
1,0,0,0,5,28,15835,101085,0,0,0,0,0,253952,3,0
5,0,0,1,10,28,15836,101085,0,0,0,0,0,219797,2,0
1,0,0,0,28,28,15837,101085,0,0,0,0,0,273711,3,0
0,0,0,0,6,28,15838,101085,0,0,0,0,0,252036,2,0
0,0,0,0,36,28,15839,101085,0,0,0,0,0,203864,3,0
0,0,0,0,18,28,15840,101085,0,0,0,0,0,246469,3,0
0,0,0,0,19,29,15841,101085,0,0,0,0,0,69957,3,0
0,0,0,0,49,29,15842,101085,0,0,0,0,0,70710,3,0
0,0,0,0,1,29,15843,101085,0,0,0,0,0,278734,3,0
0,0,0,0,2,29,15844,101085,0,0,0,0,0,274266,3,0
0,0,0,0,16,29,15845,101085,0,0,0,0,0,274122,3,0
0,0,0,0,41,29,15846,101085,0,0,0,0,0,276603,3,0
0,0,0,0,29,29,15847,101085,0,0,0,0,0,276604,3,0
0,0,0,0,14,29,15848,101085,0,0,0,0,0,276837,3,0
0,0,0,0,1,0,15849,101088,0,0,0,0,0,259273,4,0
0,0,0,0,4,3,15850,101088,0,0,0,0,0,256524,4,0
0,0,0,0,2,4,15851,101088,0,0,0,0,0,221551,5,0
0,0,0,0,31,6,15852,101088,0,0,0,0,0,267860,5,0
1,0,0,0,3,7,15853,101088,0,0,0,0,0,221053,5,0
0,0,0,0,32,9,15854,101088,0,0,0,0,0,273884,4,0
0,0,0,0,26,11,15855,101088,0,0,0,0,0,232255,4,0
4,0,0,1,20,12,15856,101088,0,0,0,0,0,214971,3,0
4,0,0,1,27,16,15857,101088,0,0,0,0,0,275205,4,0
7,1,0,1,22,18,15858,101088,0,0,0,0,0,219553,5,0
10,1,0,1,9,25,15859,101088,0,0,0,1,0,227528,5,0
0,0,0,0,35,28,15860,101088,0,0,0,0,0,236527,3,0
0,0,0,0,6,28,15861,101088,0,0,0,0,0,261769,3,0
0,0,0,0,24,28,15862,101088,0,0,0,0,0,237122,3,0
0,0,0,0,23,28,15863,101088,0,0,0,0,0,273987,3,0
0,0,0,0,12,28,15864,101088,0,0,0,0,0,273705,3,0
3,0,0,1,7,28,15865,101088,0,0,0,0,0,230964,3,0
0,0,0,0,5,28,15866,101088,0,0,0,0,0,231360,3,0
0,0,0,0,36,28,15867,101088,0,0,0,0,0,279836,3,0
0,0,0,0,34,28,15868,101088,0,0,0,0,0,251686,3,0
1,0,0,0,11,28,15869,101088,0,0,0,0,0,244884,3,0
0,0,0,0,17,28,15870,101088,0,0,0,0,0,260971,3,0
0,0,0,0,19,28,15871,101088,0,0,0,0,0,74232,3,0
0,0,0,0,29,29,15872,101088,0,0,0,0,0,215331,3,0
0,0,0,0,25,29,15873,101088,0,0,0,0,0,273986,3,0
0,0,0,0,28,29,15874,101088,0,0,0,0,0,279841,3,0
0,0,0,0,30,29,15875,101088,0,0,0,0,0,71101,3,0
0,0,0,0,42,29,15876,101088,0,0,0,0,0,278841,3,0
0,0,0,0,14,29,15877,101088,0,0,0,0,0,252192,3,0
0,0,0,0,33,29,15878,101088,0,0,0,0,0,211267,3,0
0,0,0,0,33,0,15879,110093,0,0,0,0,0,215069,2,0
0,0,0,0,4,3,15880,110093,0,0,0,0,0,259786,3,0
2,0,0,1,26,4,15881,110093,0,0,0,0,0,260561,4,0
0,0,0,0,2,6,15882,110093,0,0,0,0,0,226772,3,0
0,0,0,0,15,7,15883,110093,0,0,0,0,0,215049,2,0
0,0,0,0,23,10,15884,110093,0,0,0,0,0,215057,3,0
3,0,0,1,44,23,15885,110093,0,0,0,0,0,255925,5,0
0,0,0,0,5,13,15886,110093,0,0,0,0,0,71230,3,0
0,0,0,0,17,15,15887,110093,0,0,0,0,0,252239,3,0
1,0,0,1,24,27,15888,110093,0,0,0,0,0,276822,3,0
5,0,0,1,9,25,15889,110093,0,0,0,0,0,226286,3,0
0,0,0,0,11,28,15890,110093,0,0,0,0,0,214968,3,0
0,0,0,0,21,28,15891,110093,0,0,0,0,0,70572,3,0
0,0,0,0,6,28,15892,110093,0,0,0,0,0,274947,3,0
0,0,0,0,3,28,15893,110093,0,0,0,0,0,223501,3,0
0,0,0,0,25,28,15894,110093,0,0,0,0,0,258282,3,0
0,0,0,0,16,28,15895,110093,0,0,0,0,0,269719,3,0
1,0,0,1,19,28,15896,110093,0,0,0,0,0,70441,3,0
0,0,0,0,27,28,15897,110093,0,0,0,0,0,70440,3,0
0,0,0,0,18,28,15898,110093,0,0,0,0,0,267987,3,0
0,0,0,0,28,28,15899,110093,0,0,0,0,0,253223,3,0
0,0,0,0,29,28,15900,110093,0,0,0,0,0,70437,3,0
0,0,0,0,32,28,15901,110093,0,0,0,0,0,227591,3,0
0,0,0,0,8,29,15902,110093,0,0,0,0,0,264353,3,0
0,0,0,0,14,29,15903,110093,0,0,0,0,0,73252,3,0
0,0,0,0,12,29,15904,110093,0,0,0,0,0,70439,3,0
0,0,0,0,7,29,15905,110093,0,0,0,0,0,215108,3,0
0,0,0,0,35,29,15906,110093,0,0,0,0,0,274408,3,0
0,0,0,0,31,29,15907,110093,0,0,0,0,0,270872,3,0
0,0,0,0,10,29,15908,110093,0,0,0,0,0,268581,3,0
0,0,0,0,34,29,15909,110093,0,0,0,0,0,272839,3,0
0,0,0,0,38,29,15910,110093,0,0,0,0,0,270822,3,0
0,0,0,0,26,0,15911,110395,0,0,0,0,0,222418,2,0
0,0,0,0,3,3,15912,110395,0,0,0,0,0,255197,3,0
0,0,0,0,24,4,15913,110395,0,0,0,0,0,214766,2,0
0,0,0,0,23,6,15914,110395,0,0,0,0,0,216054,3,0
0,0,0,0,22,7,15915,110395,0,0,0,0,0,269796,3,0
0,0,0,0,15,9,15916,110395,0,0,0,0,0,214226,3,0
0,0,0,0,4,11,15917,110395,0,0,0,0,0,255873,3,0
2,0,0,1,14,12,15918,110395,0,0,0,0,0,190972,2,0
1,0,0,1,32,16,15919,110395,0,0,0,0,0,219174,2,0
4,0,0,1,10,18,15920,110395,0,0,0,0,0,235467,4,0
6,0,0,1,9,25,15921,110395,0,0,0,0,0,224510,2,0
1,0,0,1,5,28,15922,110395,0,0,0,0,0,264323,2,0
0,0,0,0,21,28,15923,110395,0,0,0,0,0,251613,3,0
0,0,0,0,6,28,15924,110395,0,0,0,0,0,230865,3,0
0,0,0,0,2,28,15925,110395,0,0,0,0,0,186695,3,0
0,0,0,0,1,28,15926,110395,0,0,0,0,0,215123,3,0
0,0,0,0,18,28,15927,110395,0,0,0,0,0,214777,3,0
0,0,0,0,8,28,15928,110395,0,0,0,0,0,265766,4,0
0,0,0,0,7,28,15929,110395,0,0,0,0,0,188268,3,0
3,0,0,1,27,28,15930,110395,0,0,0,0,0,221955,3,0
0,0,0,0,25,28,15931,110395,0,0,0,0,0,278454,3,0
0,0,0,0,40,28,15932,110395,0,0,0,0,0,227602,3,0
0,0,0,0,28,28,15933,110395,0,0,0,0,0,72465,3,0
1,0,0,1,17,29,15934,110395,0,0,0,0,0,262283,3,0
0,0,0,0,12,29,15935,110395,0,0,0,0,0,70431,3,0
0,0,0,0,20,29,15936,110395,0,0,0,0,0,70430,3,0
0,0,0,0,12,0,15937,110396,0,0,0,0,0,231258,3,0
1,0,0,1,14,3,15938,110396,0,0,0,0,0,253294,4,0
0,0,0,0,25,4,15939,110396,0,0,0,0,0,246696,3,0
1,0,0,1,6,6,15940,110396,0,0,0,0,0,228730,3,0
0,0,0,0,23,7,15941,110396,0,0,0,0,0,236671,3,0
0,0,0,0,26,9,15942,110396,0,0,0,0,0,241927,3,0
0,0,0,0,5,11,15943,110396,0,0,0,0,0,253246,3,0
0,0,0,0,7,12,15944,110396,0,0,0,0,0,248873,3,0
0,0,0,0,77,16,15945,110396,0,0,0,0,0,260562,3,0
1,0,0,1,10,18,15946,110396,0,0,0,0,0,178562,3,0
2,0,0,1,99,25,15947,110396,0,0,0,0,0,253718,3,0
0,0,0,0,16,28,15948,110396,0,0,0,0,0,259500,3,0
1,0,0,1,41,28,15949,110396,0,0,0,0,0,278725,4,0
0,0,0,0,21,28,15950,110396,0,0,0,0,0,212541,3,0
0,0,0,0,4,28,15951,110396,0,0,0,0,0,244757,3,0
0,0,0,0,1,28,15952,110396,0,0,0,0,0,224348,3,0
0,0,0,0,45,28,15953,110396,0,0,0,0,0,240963,3,0
1,0,0,1,19,28,15954,110396,0,0,0,0,0,246336,5,0
0,0,0,0,44,28,15955,110396,0,0,0,0,0,259533,3,0
2,0,0,1,24,28,15956,110396,0,0,0,0,0,73888,2,0
0,0,0,0,55,28,15957,110396,0,0,0,0,0,265402,3,0
0,0,0,0,36,28,15958,110396,0,0,0,0,0,70708,3,0
0,0,0,0,17,28,15959,110396,0,0,0,0,0,232514,3,0
0,0,0,0,37,29,15960,110396,0,0,0,0,0,271596,3,0
0,0,0,0,46,29,15961,110396,0,0,0,0,0,74911,3,0
1,0,0,1,33,29,15962,110396,0,0,0,0,0,242294,3,0
0,0,0,0,38,29,15963,110396,0,0,0,0,0,70669,3,0
0,0,0,0,27,29,15964,110396,0,0,0,0,0,275167,3,0
0,0,0,0,30,29,15965,110396,0,0,0,0,0,71457,3,0
0,0,0,0,35,29,15966,110396,0,0,0,0,0,278741,3,0
0,0,0,0,34,29,15967,110396,0,0,0,0,0,275429,3,0
0,0,0,0,1,0,15968,110404,0,0,0,0,0,262865,2,0
0,0,0,0,34,3,15969,110404,0,0,0,0,0,261690,2,0
0,0,0,0,2,4,15970,110404,0,0,0,0,0,233780,2,0
0,0,0,0,3,6,15971,110404,0,0,0,0,0,247146,2,0
1,0,0,1,15,7,15972,110404,0,0,0,0,0,273709,3,0
1,0,0,1,24,9,15973,110404,0,0,0,0,0,256167,3,0
0,0,0,0,32,11,15974,110404,0,0,0,0,0,266689,1,0
0,0,0,0,22,12,15975,110404,0,0,0,0,0,239491,3,0
0,0,0,0,17,16,15976,110404,0,0,0,0,0,274401,2,0
0,0,0,0,7,18,15977,110404,0,0,0,0,0,278052,2,0
5,0,0,1,9,25,15978,110404,0,0,0,0,0,261160,4,0
1,0,0,1,8,28,15979,110404,0,0,0,0,0,251139,3,0
0,0,0,0,5,28,15980,110404,0,0,0,0,0,242307,3,0
1,0,0,1,4,28,15981,110404,0,0,0,0,0,240457,3,0
0,0,0,0,6,28,15982,110404,0,0,0,0,0,265609,3,0
0,0,0,0,26,28,15983,110404,0,0,0,0,0,225282,3,0
0,0,0,0,18,28,15984,110404,0,0,0,0,0,278431,3,0
0,0,0,0,11,28,15985,110404,0,0,0,0,0,261691,3,0
1,0,0,1,30,28,15986,110404,0,0,0,0,0,219614,3,0
0,0,0,0,19,28,15987,110404,0,0,0,0,0,224511,3,0
0,0,0,0,37,28,15988,110404,0,0,0,0,0,272459,3,0
0,0,0,0,39,28,15989,110404,0,0,0,0,0,278450,3,0
0,0,0,0,33,28,15990,110404,0,0,0,0,0,215144,3,0
0,0,0,0,10,29,15991,110404,0,0,0,0,0,258080,3,0
0,0,0,0,42,29,15992,110404,0,0,0,0,0,70686,3,0
0,0,0,0,27,29,15993,110404,0,0,0,0,0,70194,3,0
0,0,0,0,47,29,15994,110404,0,0,0,0,0,263692,3,0
0,0,0,0,14,29,15995,110404,0,0,0,0,0,241027,3,0
0,0,0,0,29,29,15996,110404,0,0,0,0,0,70943,3,0
0,0,0,0,21,29,15997,110404,0,0,0,0,0,69985,3,0
0,0,0,0,25,29,15998,110404,0,0,0,0,0,242362,3,0
0,0,0,0,38,29,15999,110404,0,0,0,0,0,70944,3,0
0,0,0,0,28,29,16000,110404,0,0,0,0,0,70687,3,0
0,0,0,0,23,29,16001,110404,0,0,0,0,0,70443,3,0
0,0,0,0,40,29,16002,110404,0,0,0,0,0,69978,3,0
1,0,0,1,20,29,16003,110404,0,0,0,0,0,189454,3,0
0,0,0,0,16,29,16004,110404,0,0,0,0,0,258455,3,0
0,0,0,0,31,29,16005,110404,0,0,0,0,0,246910,3,0
0,0,0,0,1,0,16006,110580,0,0,0,0,0,216033,2,0
0,0,0,0,4,3,16007,110580,0,0,0,0,0,224104,3,0
2,0,0,1,15,4,16008,110580,0,0,0,0,0,248207,2,0
1,0,0,1,2,6,16009,110580,0,0,0,0,0,234458,3,0
1,0,0,1,3,7,16010,110580,0,0,0,0,0,263518,3,0
0,0,0,0,16,9,16011,110580,0,0,0,0,0,226798,3,0
0,0,0,0,5,11,16012,110580,0,0,0,0,0,254695,3,0
0,0,0,0,8,12,16013,110580,0,0,0,0,0,211489,3,0
1,0,0,1,13,16,16014,110580,0,0,0,0,0,238230,3,0
3,0,0,1,10,18,16015,110580,0,0,0,0,0,226797,5,0
1,0,0,1,25,25,16016,110580,0,0,0,0,0,238332,1,0
1,0,0,1,45,28,16017,110580,0,0,0,0,0,271344,2,0
1,0,0,1,30,28,16018,110580,0,0,0,0,0,275336,3,0
0,0,0,0,6,28,16019,110580,0,0,0,0,0,233292,3,0
1,0,0,1,21,28,16020,110580,0,0,0,0,0,253233,2,0
0,0,0,0,20,28,16021,110580,0,0,0,0,0,215213,3,0
1,0,0,1,9,28,16022,110580,0,0,0,0,0,165560,3,0
1,0,0,1,29,28,16023,110580,0,0,0,0,0,258081,3,0
1,0,0,1,22,28,16024,110580,0,0,0,0,0,258456,3,0
0,0,0,0,7,28,16025,110580,0,0,0,0,0,233924,3,0
0,0,0,0,32,28,16026,110580,0,0,0,0,0,242482,1,0
3,0,0,1,44,28,16027,110580,0,0,0,0,0,70712,3,0
0,0,0,0,19,28,16028,110580,0,0,0,0,0,70136,3,0
0,0,0,0,23,29,16029,110580,0,0,0,0,0,212214,3,0
0,0,0,0,37,29,16030,110580,0,0,0,0,0,70711,3,0
0,0,0,0,26,29,16031,110580,0,0,0,0,0,70714,3,0
1,0,0,1,24,29,16032,110580,0,0,0,0,0,71655,3,0
0,0,0,0,31,29,16033,110580,0,0,0,0,0,276672,3,0
0,0,0,0,49,29,16034,110580,0,0,0,0,0,273907,3,0
0,0,0,0,14,29,16035,110580,0,0,0,0,0,222428,3,0
0,0,0,0,28,0,16036,110953,0,0,0,0,0,240796,4,0
0,0,0,0,4,3,16037,110953,0,0,0,0,0,251339,4,0
2,0,0,1,31,4,16038,110953,0,0,0,0,0,276104,5,0
1,0,0,0,6,6,16039,110953,0,0,0,0,0,228959,4,0
0,0,0,0,18,7,16040,110953,0,0,0,0,0,214660,3,0
1,0,0,0,19,9,16041,110953,0,0,0,0,0,242342,4,0
0,0,0,0,30,11,16042,110953,0,0,0,0,0,267627,3,0
3,0,0,1,7,12,16043,110953,0,0,0,0,0,274081,3,0
0,0,0,0,8,16,16044,110953,0,0,0,0,0,237993,3,0
3,0,0,1,22,18,16045,110953,0,0,0,0,0,272912,4,0
2,0,0,1,9,25,16046,110953,0,0,0,0,0,266343,3,0
0,0,0,0,34,28,16047,110953,0,0,0,0,0,271919,3,0
0,0,0,0,33,28,16048,110953,0,0,0,0,0,252168,3,0
0,0,0,0,12,28,16049,110953,0,0,0,0,0,251212,4,0
1,0,0,0,2,28,16050,110953,0,0,0,0,0,255451,3,0
0,0,0,0,38,28,16051,110953,0,0,0,0,0,226804,3,0
0,0,0,0,10,28,16052,110953,0,0,0,0,0,214781,3,0
0,0,0,0,32,28,16053,110953,0,0,0,0,0,226024,3,0
5,0,0,1,29,28,16054,110953,0,0,0,0,0,258082,4,0
0,0,0,0,20,28,16055,110953,0,0,0,0,0,266341,3,0
0,0,0,0,16,28,16056,110953,0,0,0,0,0,70897,4,0
0,0,0,0,5,28,16057,110953,0,0,0,0,0,261019,3,0
0,0,0,0,36,28,16058,110953,0,0,0,0,0,221619,3,0
0,0,0,0,11,29,16059,110953,0,0,0,0,0,232709,3,0
0,0,0,0,47,29,16060,110953,0,0,0,0,0,70676,4,0
0,0,0,0,42,29,16061,110953,0,0,0,0,0,71404,3,0
0,0,0,0,35,29,16062,110953,0,0,0,0,0,276102,3,0
0,0,0,0,17,29,16063,110953,0,0,0,0,0,255352,3,0
0,0,0,0,50,0,16064,111019,0,0,0,0,0,214933,3,0
0,0,0,0,14,3,16065,111019,0,0,0,0,0,71078,3,0
1,0,0,1,16,4,16066,111019,0,0,0,0,0,242569,3,0
1,0,0,1,19,6,16067,111019,0,0,0,0,0,226616,3,0
0,0,0,0,20,7,16068,111019,0,0,0,0,0,258137,3,0
0,0,0,0,30,10,16069,111019,0,0,0,0,0,232826,3,0
1,0,0,1,8,13,16070,111019,0,0,0,0,0,271501,3,0
1,0,0,1,21,15,16071,111019,0,0,0,0,0,223105,2,0
3,0,0,1,22,18,16072,111019,0,0,0,0,0,272350,3,0
2,0,0,1,11,24,16073,111019,0,0,0,0,0,270649,2,0
0,0,0,0,10,26,16074,111019,0,0,0,0,0,242250,2,0
0,0,0,0,29,28,16075,111019,0,0,0,0,0,265478,3,0
0,0,0,0,5,28,16076,111019,0,0,0,0,0,276708,3,0
0,0,0,0,2,28,16077,111019,0,0,0,0,0,70679,3,0
0,0,0,0,6,28,16078,111019,0,0,0,0,0,263515,2,0
0,0,0,0,1,28,16079,111019,0,0,0,0,0,269623,3,0
1,0,0,1,9,28,16080,111019,0,0,0,0,0,227903,3,0
3,0,0,1,27,28,16081,111019,0,0,0,0,0,232765,2,0
5,0,0,1,7,28,16082,111019,0,0,0,0,0,272857,3,0
1,0,0,1,17,28,16083,111019,0,0,0,0,0,241568,3,0
0,0,0,0,4,28,16084,111019,0,0,0,0,0,215178,3,0
0,0,0,0,15,28,16085,111019,0,0,0,0,0,241025,3,0
0,0,0,0,36,28,16086,111019,0,0,0,0,0,70683,3,0
0,0,0,0,23,29,16087,111019,0,0,0,0,0,70670,3,0
0,0,0,0,12,29,16088,111019,0,0,0,0,0,70681,3,0
0,0,0,0,25,29,16089,111019,0,0,0,0,0,70680,3,0
0,0,0,0,24,29,16090,111019,0,0,0,0,0,70682,3,0
0,0,0,0,28,29,16091,111019,0,0,0,0,0,70685,3,0
0,0,0,0,41,29,16092,111019,0,0,0,0,0,74770,3,0
0,0,0,0,31,29,16093,111019,0,0,0,0,0,277621,3,0
0,0,0,0,18,29,16094,111019,0,0,0,0,0,214986,3,0
0,0,0,0,32,29,16095,111019,0,0,0,0,0,235991,3,0
0,0,0,0,99,29,16096,111019,0,0,0,0,0,241005,3,0
0,0,0,0,3,29,16097,111019,0,0,0,0,0,267573,3,0
0,0,0,0,1,0,16098,111020,0,0,0,0,0,246236,3,0
0,0,0,0,41,3,16099,111020,0,0,0,0,0,241024,3,0
1,0,0,1,40,4,16100,111020,0,0,0,0,0,254361,2,0
0,0,0,0,42,6,16101,111020,0,0,0,0,0,75117,2,0
0,0,0,0,25,7,16102,111020,0,0,0,0,0,215066,2,0
1,0,0,1,26,9,16103,111020,0,0,0,0,0,263500,4,0
0,0,0,0,6,11,16104,111020,0,0,0,0,0,260377,2,0
1,0,0,1,28,12,16105,111020,0,0,0,0,0,266161,3,0
2,0,0,1,22,16,16106,111020,0,0,0,0,0,233959,3,0
0,0,0,0,8,18,16107,111020,0,0,0,0,0,222417,3,0
1,0,0,1,39,25,16108,111020,0,0,0,0,0,254725,3,0
0,0,0,0,10,28,16109,111020,0,0,0,0,0,261183,3,0
0,0,0,0,14,28,16110,111020,0,0,0,0,0,232832,3,0
0,0,0,0,3,28,16111,111020,0,0,0,0,0,278021,3,0
0,0,0,0,16,28,16112,111020,0,0,0,0,0,70701,3,0
0,0,0,0,32,28,16113,111020,0,0,0,0,0,188968,3,0
0,0,0,0,31,28,16114,111020,0,0,0,0,0,223499,3,0
0,0,0,0,11,28,16115,111020,0,0,0,0,0,210452,3,0
0,0,0,0,7,28,16116,111020,0,0,0,0,0,234464,3,0
0,0,0,0,9,28,16117,111020,0,0,0,0,0,274737,3,0
0,0,0,0,24,28,16118,111020,0,0,0,0,0,257152,3,0
0,0,0,0,29,28,16119,111020,0,0,0,0,0,205630,3,0
0,0,0,0,2,28,16120,111020,0,0,0,0,0,215015,3,0
0,0,0,0,36,29,16121,111020,0,0,0,0,0,263457,3,0
0,0,0,0,13,29,16122,111020,0,0,0,0,0,215020,3,0
1,0,0,1,17,29,16123,111020,0,0,0,0,0,254951,3,0
0,0,0,0,18,29,16124,111020,0,0,0,0,0,71555,3,0
0,0,0,0,15,29,16125,111020,0,0,0,0,0,70707,3,0
0,0,0,0,20,29,16126,111020,0,0,0,0,0,241566,3,0
0,0,0,0,43,29,16127,111020,0,0,0,0,0,278743,3,0
0,0,0,0,23,29,16128,111020,0,0,0,0,0,75214,3,0
0,0,0,0,12,29,16129,111020,0,0,0,0,0,263689,3,0
0,0,0,0,5,29,16130,111020,0,0,0,0,0,224524,3,0
0,0,0,0,33,29,16131,111020,0,0,0,0,0,227525,3,0
0,0,0,0,25,0,16132,111022,0,0,0,0,0,254714,3,0
1,0,0,1,2,4,16133,111022,0,0,0,0,0,251149,4,0
0,0,0,0,6,5,16134,111022,0,0,0,0,0,232605,1,0
0,0,0,0,33,6,16135,111022,0,0,0,0,0,216036,5,0
0,0,0,0,8,12,16136,111022,0,0,0,0,0,244869,4,0
1,0,0,1,23,13,16137,111022,0,0,0,0,0,202331,4,0
1,0,0,1,16,15,16138,111022,0,0,0,0,0,231212,2,0
0,0,0,0,53,16,16139,111022,0,0,0,0,0,72382,3,0
0,0,0,0,24,18,16140,111022,0,0,0,0,0,246770,4,0
4,0,0,1,22,24,16141,111022,0,0,0,0,0,225289,2,0
7,1,0,1,29,26,16142,111022,0,0,0,0,0,198347,2,0
0,0,0,0,15,28,16143,111022,0,0,0,0,0,215193,3,0
0,0,0,0,10,28,16144,111022,0,0,0,0,0,237979,3,0
0,0,0,0,51,28,16145,111022,0,0,0,0,0,74772,3,0
1,0,0,1,37,28,16146,111022,0,0,0,0,0,278436,3,0
0,0,0,0,1,28,16147,111022,0,0,0,0,0,232817,3,0
2,0,0,1,7,28,16148,111022,0,0,0,0,0,188042,3,0
0,0,0,0,26,28,16149,111022,0,0,0,0,0,278432,3,0
0,0,0,0,21,28,16150,111022,0,0,0,0,0,273770,3,0
1,0,0,1,19,28,16151,111022,0,0,0,0,0,199387,3,0
2,0,0,1,11,28,16152,111022,0,0,0,0,0,272734,3,0
0,0,0,0,14,28,16153,111022,0,0,0,0,0,261157,3,0
0,0,0,0,45,28,16154,111022,0,0,0,0,0,258125,3,0
0,0,0,0,28,29,16155,111022,0,0,0,0,0,71811,3,0
0,0,0,0,42,29,16156,111022,0,0,0,0,0,70688,3,0
0,0,0,0,47,29,16157,111022,0,0,0,0,0,74800,3,0
1,0,0,1,34,29,16158,111022,0,0,0,0,0,71681,3,0
0,0,0,0,39,29,16159,111022,0,0,0,0,0,72011,3,0
0,0,0,0,35,29,16160,111022,0,0,0,0,0,278413,3,0
0,0,0,0,13,29,16161,111022,0,0,0,0,0,273767,3,0
0,0,0,0,52,29,16162,111022,0,0,0,0,0,74771,3,0
0,0,0,0,48,29,16163,111022,0,0,0,0,0,74773,3,0
0,0,0,0,9,29,16164,111022,0,0,0,0,0,224854,3,0
0,0,0,0,12,29,16165,111022,0,0,0,0,0,273764,3,0
0,0,0,0,1,0,16166,111706,0,0,0,0,0,256407,4,0
0,0,0,0,4,3,16167,111706,0,0,0,0,0,272844,3,0
0,0,0,0,2,4,16168,111706,0,0,0,0,0,199435,5,0
0,0,0,0,23,6,16169,111706,0,0,0,0,0,214769,4,0
0,0,0,0,21,7,16170,111706,0,0,0,0,0,241929,4,0
0,0,0,0,5,10,16171,111706,0,0,0,0,0,263504,4,0
2,0,0,1,41,23,16172,111706,0,0,0,0,0,264507,2,0
3,0,0,1,25,13,16173,111706,0,0,0,0,0,262284,3,0
0,0,0,0,13,15,16174,111706,0,0,0,0,0,253304,3,0
3,0,0,1,36,27,16175,111706,0,0,0,0,0,274570,3,0
5,0,0,1,19,25,16176,111706,0,0,0,0,0,259579,4,0
2,0,0,1,32,28,16177,111706,0,0,0,0,0,260593,4,0
0,0,0,0,37,28,16178,111706,0,0,0,0,0,267900,3,0
0,0,0,0,20,28,16179,111706,0,0,0,0,0,279947,3,0
0,0,0,0,26,28,16180,111706,0,0,0,0,0,273090,3,0
0,0,0,0,12,28,16181,111706,0,0,0,0,0,222639,3,0
0,0,0,0,7,28,16182,111706,0,0,0,0,0,238036,3,0
0,0,0,0,16,28,16183,111706,0,0,0,0,0,279847,3,0
1,0,0,0,9,28,16184,111706,0,0,0,0,0,260388,3,0
0,0,0,0,22,28,16185,111706,0,0,0,0,0,279848,3,0
0,0,0,0,33,28,16186,111706,0,0,0,0,0,277848,3,0
0,0,0,0,17,28,16187,111706,0,0,0,0,0,261349,3,0
0,0,0,0,29,28,16188,111706,0,0,0,0,0,273921,3,0
0,0,0,0,40,29,16189,111706,0,0,0,0,0,273089,3,0
0,0,0,0,28,29,16190,111706,0,0,0,0,0,260070,3,0
0,0,0,0,11,29,16191,111706,0,0,0,0,0,74816,3,0
0,0,0,0,30,29,16192,111706,0,0,0,0,0,74817,3,0
1,0,0,0,27,29,16193,111706,0,0,0,0,0,75074,5,0
0,0,0,0,50,29,16194,111706,0,0,0,0,0,275438,2,0
0,0,0,0,42,29,16195,111706,0,0,0,0,0,279172,3,0
0,0,0,0,6,29,16196,111706,0,0,0,0,0,258284,3,0
0,0,0,0,15,29,16197,111706,0,0,0,0,0,260704,3,0
0,0,0,0,25,0,16198,111708,0,0,0,0,0,240955,2,0
0,0,0,0,16,3,16199,111708,0,0,0,0,0,274978,3,0
0,0,0,0,3,4,16200,111708,0,0,0,0,0,239645,3,0
0,0,0,0,20,6,16201,111708,0,0,0,0,0,262142,2,0
0,0,0,0,32,7,16202,111708,0,0,0,0,0,261016,3,0
5,0,0,1,18,12,16203,111708,0,0,0,0,0,257338,4,0
0,0,0,0,11,13,16204,111708,0,0,0,0,0,258325,3,0
0,0,0,0,5,15,16205,111708,0,0,0,0,0,259690,2,0
1,0,0,0,10,16,16206,111708,0,0,0,0,0,279816,2,0
2,0,0,1,9,24,16207,111708,0,0,0,0,0,259209,1,0
3,0,0,1,19,26,16208,111708,0,0,0,0,0,269619,2,0
0,0,0,0,41,28,16209,111708,0,0,0,0,0,273982,3,0
1,0,0,0,30,28,16210,111708,0,0,0,0,0,215181,3,0
0,0,0,0,15,28,16211,111708,0,0,0,0,0,224049,1,0
2,0,0,1,6,28,16212,111708,0,0,0,0,0,245439,2,0
0,0,0,0,12,28,16213,111708,0,0,0,0,0,267480,3,0
3,0,0,1,37,28,16214,111708,0,0,0,0,0,259537,3,0
0,0,0,0,40,28,16215,111708,0,0,0,0,0,261261,3,0
1,0,0,0,7,28,16216,111708,0,0,0,0,0,192906,3,0
0,0,0,0,2,28,16217,111708,0,0,0,0,0,257380,3,0
0,0,0,0,23,28,16218,111708,0,0,0,0,0,70896,3,0
0,0,0,0,26,28,16219,111708,0,0,0,0,0,255924,3,0
0,0,0,0,27,28,16220,111708,0,0,0,0,0,261096,3,0
0,0,0,0,36,29,16221,111708,0,0,0,0,0,69968,3,0
0,0,0,0,23,0,16222,111710,0,0,0,0,0,142962,3,0
0,0,0,0,14,3,16223,111710,0,0,0,0,0,270215,3,0
0,0,0,0,28,4,16224,111710,0,0,0,0,0,223243,3,0
1,0,0,1,21,6,16225,111710,0,0,0,0,0,252072,3,0
0,0,0,0,3,7,16226,111710,0,0,0,0,0,231507,3,0
0,0,0,0,30,10,16227,111710,0,0,0,0,0,272753,3,0
2,0,0,1,17,12,16228,111710,0,0,0,0,0,224403,4,0
0,0,0,0,5,13,16229,111710,0,0,0,0,0,241833,3,0
3,0,0,1,16,15,16230,111710,0,0,0,0,0,256502,4,0
0,0,0,0,27,16,16231,111710,0,0,0,0,0,70198,1,0
2,0,0,1,9,25,16232,111710,0,0,0,0,0,254125,5,0
0,0,0,0,8,28,16233,111710,0,0,0,0,0,245061,3,0
0,0,0,0,25,28,16234,111710,0,0,0,0,0,267931,3,0
0,0,0,0,10,28,16235,111710,0,0,0,0,0,253241,3,0
0,0,0,0,6,28,16236,111710,0,0,0,0,0,274046,4,0
0,0,0,0,15,28,16237,111710,0,0,0,0,0,272722,3,0
1,0,0,1,7,28,16238,111710,0,0,0,0,0,268083,3,0
0,0,0,0,20,28,16239,111710,0,0,0,0,0,73359,3,0
0,0,0,0,33,28,16240,111710,0,0,0,0,0,264147,3,0
1,0,0,1,32,28,16241,111710,0,0,0,0,0,261442,3,0
0,0,0,0,24,28,16242,111710,0,0,0,0,0,267853,3,0
0,0,0,0,37,28,16243,111710,0,0,0,0,0,261275,3,0
0,0,0,0,26,28,16244,111710,0,0,0,0,0,242691,3,0
0,0,0,0,1,29,16245,111710,0,0,0,0,0,276612,3,0
0,0,0,0,2,29,16246,111710,0,0,0,0,0,278459,3,0
0,0,0,0,35,29,16247,111710,0,0,0,0,0,276867,3,0
0,0,0,0,18,29,16248,111710,0,0,0,0,0,264792,3,0
0,0,0,0,36,29,16249,111710,0,0,0,0,0,277006,3,0
0,0,0,0,38,29,16250,111710,0,0,0,0,0,276819,3,0
0,0,0,0,4,29,16251,111710,0,0,0,0,0,74780,3,0
0,0,0,0,19,29,16252,111710,0,0,0,0,0,227274,3,0
0,0,0,0,22,29,16253,111710,0,0,0,0,0,259927,3,0
0,0,0,0,11,29,16254,111710,0,0,0,0,0,237512,3,0
0,0,0,0,1,0,16255,111711,0,0,0,0,0,253354,2,0
1,0,0,1,29,3,16256,111711,0,0,0,0,0,241696,4,0
0,0,0,0,6,4,16257,111711,0,0,0,0,0,251138,3,0
1,0,0,1,2,5,16258,111711,0,0,0,0,0,213433,4,0
0,0,0,0,3,6,16259,111711,0,0,0,0,0,221952,3,0
0,0,0,0,13,7,16260,111711,0,0,0,0,0,232535,3,0
0,0,0,0,24,10,16261,111711,0,0,0,0,0,226671,4,0
2,0,0,1,20,13,16262,111711,0,0,0,0,0,221413,3,0
2,0,0,1,5,15,16263,111711,0,0,0,0,0,243684,4,0
1,0,0,1,10,24,16264,111711,0,0,0,0,0,236803,3,0
1,0,0,1,43,26,16265,111711,0,0,0,0,0,228211,2,0
3,0,0,1,8,28,16266,111711,0,0,0,0,0,222693,3,0
0,0,0,0,16,28,16267,111711,0,0,0,0,0,260826,3,0
0,0,0,0,33,28,16268,111711,0,0,0,0,0,200653,2,0
0,0,0,0,25,28,16269,111711,0,0,0,0,0,253384,3,0
0,0,0,0,32,28,16270,111711,0,0,0,0,0,258180,3,0
0,0,0,0,9,28,16271,111711,0,0,0,0,0,226378,3,0
0,0,0,0,17,28,16272,111711,0,0,0,0,0,255972,3,0
0,0,0,0,11,28,16273,111711,0,0,0,0,0,273866,3,0
0,0,0,0,21,28,16274,111711,0,0,0,0,0,272911,3,0
0,0,0,0,22,28,16275,111711,0,0,0,0,0,278176,3,0
0,0,0,0,4,28,16276,111711,0,0,0,0,0,270456,3,0
0,0,0,0,26,28,16277,111711,0,0,0,0,0,272956,3,0
1,0,0,1,28,29,16278,111711,0,0,0,0,0,252240,4,0
0,0,0,0,40,29,16279,111711,0,0,0,0,0,278440,3,0
0,0,0,0,19,29,16280,111711,0,0,0,0,0,259514,3,0
0,0,0,0,31,29,16281,111711,0,0,0,0,0,278420,3,0
0,0,0,0,12,0,16282,111715,0,0,0,0,0,256145,3,0
1,0,0,1,4,3,16283,111715,0,0,0,0,0,270454,3,0
0,0,0,0,22,4,16284,111715,0,0,0,0,0,256146,2,0
0,0,0,0,30,6,16285,111715,0,0,0,0,0,219451,4,0
0,0,0,0,26,7,16286,111715,0,0,0,0,0,260238,3,0
1,0,0,1,27,9,16287,111715,0,0,0,0,0,279932,5,0
0,0,0,0,5,11,16288,111715,0,0,0,0,0,236472,4,0
3,0,0,1,18,12,16289,111715,0,0,0,0,0,254756,3,0
2,0,0,1,20,16,16290,111715,0,0,0,0,0,262240,3,0
3,0,0,1,10,18,16291,111715,0,0,0,0,0,234108,2,0
6,0,0,1,23,25,16292,111715,0,0,0,0,0,255217,2,0
0,0,0,0,8,28,16293,111715,0,0,0,0,0,261155,3,0
0,0,0,0,33,28,16294,111715,0,0,0,0,0,214988,3,0
0,0,0,0,6,28,16295,111715,0,0,0,0,0,268535,2,0
0,0,0,0,25,28,16296,111715,0,0,0,0,0,278460,3,0
0,0,0,0,24,28,16297,111715,0,0,0,0,0,240642,3,0
0,0,0,0,29,28,16298,111715,0,0,0,0,0,225519,3,0
0,0,0,0,21,28,16299,111715,0,0,0,0,0,267392,3,0
0,0,0,0,11,28,16300,111715,0,0,0,0,0,276613,3,0
1,0,0,1,14,28,16301,111715,0,0,0,0,0,213432,3,0
1,0,0,1,3,28,16302,111715,0,0,0,0,0,258574,3,0
0,0,0,0,19,28,16303,111715,0,0,0,0,0,278456,3,0
0,0,0,0,17,28,16304,111715,0,0,0,0,0,253715,3,0
0,0,0,0,37,29,16305,111715,0,0,0,0,0,278471,3,0
0,0,0,0,32,29,16306,111715,0,0,0,0,0,261369,3,0
0,0,0,0,28,29,16307,111715,0,0,0,0,0,275178,3,0
1,0,0,1,7,29,16308,111715,0,0,0,0,0,259252,3,0
0,0,0,0,38,29,16309,111715,0,0,0,0,0,278418,3,0
0,0,0,0,16,29,16310,111715,0,0,0,0,0,74697,3,0
0,0,0,0,15,29,16311,111715,0,0,0,0,0,72703,3,0
0,0,0,0,42,29,16312,111715,0,0,0,0,0,227549,3,0
0,0,0,0,1,29,16313,111715,0,0,0,0,0,73843,3,0
0,0,0,0,9,29,16314,111715,0,0,0,0,0,228960,3,0
0,0,0,0,25,0,16315,111716,0,0,0,0,0,253271,2,0
0,0,0,0,35,3,16316,111716,0,0,0,0,0,278430,3,0
0,0,0,0,32,4,16317,111716,0,0,0,0,0,271969,2,0
2,0,0,1,34,5,16318,111716,0,0,0,0,0,238518,2,0
0,0,0,0,3,6,16319,111716,0,0,0,0,0,211272,2,0
1,0,0,0,14,7,16320,111716,0,0,0,0,0,231070,2,0
1,0,0,0,28,10,16321,111716,0,0,0,0,0,228961,3,0
1,0,0,0,20,13,16322,111716,0,0,0,0,0,70291,2,0
0,0,0,0,10,15,16323,111716,0,0,0,0,0,256501,2,0
3,0,0,1,33,24,16324,111716,0,0,0,0,0,220148,3,0
3,0,0,1,77,26,16325,111716,0,0,0,0,0,220156,2,0
1,0,0,0,5,28,16326,111716,0,0,0,0,0,275100,3,0
0,0,0,0,15,28,16327,111716,0,0,0,0,0,277891,3,0
0,0,0,0,2,28,16328,111716,0,0,0,0,0,176920,3,0
0,0,0,0,26,28,16329,111716,0,0,0,0,0,273079,3,0
0,0,0,0,1,28,16330,111716,0,0,0,0,0,255473,3,0
0,0,0,0,18,28,16331,111716,0,0,0,0,0,226765,3,0
0,0,0,0,11,28,16332,111716,0,0,0,0,0,273028,3,0
2,0,0,1,30,28,16333,111716,0,0,0,0,0,273051,3,0
3,0,0,1,9,28,16334,111716,0,0,0,0,0,271933,2,0
0,0,0,0,19,28,16335,111716,0,0,0,0,0,255462,3,0
0,0,0,0,13,28,16336,111716,0,0,0,0,0,279845,3,0
1,0,0,0,31,28,16337,111716,0,0,0,0,0,277837,3,0
0,0,0,0,24,29,16338,111716,0,0,0,0,0,277181,3,0
0,0,0,0,40,29,16339,111716,0,0,0,0,0,277836,3,0
0,0,0,0,22,29,16340,111716,0,0,0,0,0,255886,3,0
0,0,0,0,22,0,16341,112670,0,0,0,0,0,215251,4,0
1,0,0,0,29,3,16342,112670,0,0,0,0,0,261081,5,0
1,0,0,0,4,4,16343,112670,0,0,0,0,0,214990,3,0
1,0,0,0,6,6,16344,112670,0,0,0,0,0,244950,5,0
0,0,0,0,16,7,16345,112670,0,0,0,0,0,255457,5,0
0,0,0,0,30,9,16346,112670,0,0,0,0,0,269889,4,0
0,0,0,0,27,11,16347,112670,0,0,0,0,0,248191,2,0
1,0,0,0,10,12,16348,112670,0,0,0,0,0,215199,3,0
1,0,0,0,11,16,16349,112670,0,0,0,0,0,273964,2,0
1,0,0,0,8,18,16350,112670,0,0,0,0,0,278020,3,0
2,0,0,1,9,25,16351,112670,0,0,0,0,0,246471,3,0
0,0,0,0,20,28,16352,112670,0,0,0,0,0,241931,3,0
2,0,0,1,26,28,16353,112670,0,0,0,0,0,269620,3,0
0,0,0,0,28,28,16354,112670,0,0,0,0,0,259788,4,0
0,0,0,0,3,28,16355,112670,0,0,0,0,0,222378,3,0
0,0,0,0,17,28,16356,112670,0,0,0,0,0,253012,3,0
0,0,0,0,18,28,16357,112670,0,0,0,0,0,252193,3,0
6,0,0,1,32,28,16358,112670,0,0,0,0,0,255373,3,0
0,0,0,0,34,28,16359,112670,0,0,0,0,0,212715,3,0
2,0,0,1,14,28,16360,112670,0,0,0,0,0,263365,3,0
0,0,0,0,7,28,16361,112670,0,0,0,0,0,267626,3,0
0,0,0,0,13,28,16362,112670,0,0,0,0,0,247150,3,0
0,0,0,0,15,28,16363,112670,0,0,0,0,0,233476,3,0
3,0,0,1,25,29,16364,112670,0,0,0,0,0,232729,3,0
0,0,0,0,5,29,16365,112670,0,0,0,0,0,264549,3,0
0,0,0,0,23,29,16366,112670,0,0,0,0,0,254587,3,0
0,0,0,0,39,29,16367,112670,0,0,0,0,0,277948,3,0
0,0,0,0,12,29,16368,112670,0,0,0,0,0,263498,3,0
0,0,0,0,36,29,16369,112670,0,0,0,0,0,277687,3,0
0,0,0,0,1,29,16370,112670,0,0,0,0,0,242073,3,0
0,0,0,0,31,0,16371,112689,0,0,0,0,0,246610,5,0
0,0,0,0,4,3,16372,112689,0,0,0,0,0,273081,4,0
0,0,0,0,13,4,16373,112689,0,0,0,0,0,264365,4,0
0,0,0,0,6,6,16374,112689,0,0,0,0,0,235004,5,0
1,0,0,1,18,7,16375,112689,0,0,0,0,0,261262,4,0
3,0,0,1,7,12,16376,112689,0,0,0,0,0,242002,3,0
0,0,0,0,8,13,16377,112689,0,0,0,0,0,234466,4,0
0,0,0,0,14,15,16378,112689,0,0,0,0,0,252044,4,0
1,0,0,1,29,16,16379,112689,0,0,0,0,0,74782,3,0
0,0,0,0,16,18,16380,112689,0,0,0,0,0,263693,2,0
7,1,0,1,9,25,16381,112689,0,0,0,0,0,263229,3,0
0,0,0,0,5,28,16382,112689,0,0,0,0,0,247400,3,0
0,0,0,0,21,28,16383,112689,0,0,0,0,0,235987,3,0
0,0,0,0,22,28,16384,112689,0,0,0,0,0,257407,3,0
0,0,0,0,24,28,16385,112689,0,0,0,0,0,254228,3,0
0,0,0,0,1,28,16386,112689,0,0,0,0,0,261014,3,0
2,0,0,1,77,28,16387,112689,0,0,0,0,0,260140,3,0
0,0,0,0,10,28,16388,112689,0,0,0,0,0,253264,3,0
0,0,0,0,15,28,16389,112689,0,0,0,0,0,263502,3,0
0,0,0,0,33,28,16390,112689,0,0,0,0,0,242019,3,0
0,0,0,0,23,28,16391,112689,0,0,0,0,0,231219,3,0
0,0,0,0,2,28,16392,112689,0,0,0,0,0,267410,3,0
0,0,0,0,27,28,16393,112689,0,0,0,0,0,278427,3,0
0,0,0,0,40,29,16394,112689,0,0,0,0,0,276094,3,0
0,0,0,0,43,29,16395,112689,0,0,0,0,0,274144,3,0
0,0,0,0,20,29,16396,112689,0,0,0,0,0,215081,3,0
0,0,0,0,35,29,16397,112689,0,0,0,0,0,74783,3,0
0,0,0,0,25,29,16398,112689,0,0,0,0,0,274736,3,0
0,0,0,0,11,29,16399,112689,0,0,0,0,0,261172,3,0
0,0,0,0,97,29,16400,112689,0,0,0,0,0,274132,3,0
0,0,0,0,19,29,16401,112689,0,0,0,0,0,263475,3,0
0,0,0,0,26,29,16402,112689,0,0,0,0,0,261011,3,0
0,0,0,0,12,29,16403,112689,0,0,0,0,0,215165,3,0
0,0,0,0,47,29,16404,112689,0,0,0,0,0,263756,3,0
0,0,0,0,30,29,16405,112689,0,0,0,0,0,271026,3,0
0,0,0,0,28,29,16406,112689,0,0,0,0,0,70709,3,0
0,0,0,0,32,29,16407,112689,0,0,0,0,0,246868,3,0
0,0,0,0,42,0,16408,112713,0,0,0,0,0,220624,2,0
2,0,0,1,29,3,16409,112713,0,0,0,0,0,252706,2,0
0,0,0,0,3,4,16410,112713,0,0,0,0,0,190634,1,0
0,0,0,0,2,6,16411,112713,0,0,0,0,0,153060,1,0
0,0,0,0,26,7,16412,112713,0,0,0,0,0,261351,2,0
1,0,0,1,52,9,16413,112713,0,0,0,0,0,215995,2,0
2,0,0,1,5,11,16414,112713,0,0,0,0,0,264733,2,0
2,0,0,1,28,12,16415,112713,0,0,0,0,0,261614,3,0
1,0,0,1,20,16,16416,112713,0,0,0,0,0,235827,3,0
0,0,0,0,10,18,16417,112713,0,0,0,0,0,184144,3,0
1,0,0,1,18,25,16418,112713,0,0,0,0,0,235980,3,0
0,0,0,0,11,28,16419,112713,0,0,0,0,0,273909,3,0
0,0,0,0,32,28,16420,112713,0,0,0,0,0,255256,3,0
0,0,0,0,33,28,16421,112713,0,0,0,0,0,269132,3,0
0,0,0,0,16,28,16422,112713,0,0,0,0,0,261885,3,0
0,0,0,0,1,28,16423,112713,0,0,0,0,0,237575,3,0
1,0,0,1,7,28,16424,112713,0,0,0,0,0,142707,3,0
0,0,0,0,23,28,16425,112713,0,0,0,0,0,235873,3,0
0,0,0,0,21,28,16426,112713,0,0,0,0,0,203872,3,0
0,0,0,0,22,28,16427,112713,0,0,0,0,0,243519,3,0
0,0,0,0,14,28,16428,112713,0,0,0,0,0,183966,2,0
1,0,0,1,9,28,16429,112713,0,0,0,0,0,263503,3,0
0,0,0,0,13,28,16430,112713,0,0,0,0,0,274125,3,0
0,0,0,0,6,29,16431,112713,0,0,0,0,0,233034,3,0
0,0,0,0,17,29,16432,112713,0,0,0,0,0,70898,3,0
0,0,0,0,31,29,16433,112713,0,0,0,0,0,71944,3,0
0,0,0,0,15,29,16434,112713,0,0,0,0,0,261884,3,0
0,0,0,0,39,29,16435,112713,0,0,0,0,0,214969,3,0
0,0,0,0,38,29,16436,112713,0,0,0,0,0,73945,3,0
0,0,0,0,12,29,16437,112713,0,0,0,0,0,278469,3,0
0,0,0,0,30,29,16438,112713,0,0,0,0,0,163056,3,0
0,0,0,0,51,29,16439,112713,0,0,0,0,0,215985,3,0
0,0,0,0,41,29,16440,112713,0,0,0,0,0,239219,3,0
0,0,0,0,24,29,16441,112713,0,0,0,0,0,71058,3,0
0,0,0,0,35,29,16442,112713,0,0,0,0,0,263718,3,0
0,0,0,0,1,0,16443,112965,0,0,0,0,0,243810,4,0
1,0,0,0,13,3,16444,112965,0,0,0,0,0,224817,4,0
0,0,0,0,2,4,16445,112965,0,0,0,0,0,274382,5,0
0,0,0,0,6,6,16446,112965,0,0,0,0,0,273012,4,0
2,0,0,1,26,7,16447,112965,0,0,0,0,0,269739,5,0
2,0,0,1,32,9,16448,112965,0,0,0,0,0,70203,3,0
1,0,0,0,25,11,16449,112965,0,0,0,0,0,253249,4,0
1,0,0,0,18,12,16450,112965,0,0,0,0,0,277517,3,0
1,0,0,0,11,16,16451,112965,0,0,0,0,0,258700,2,0
2,0,0,1,8,18,16452,112965,0,0,0,0,0,279776,3,0
3,0,0,1,9,25,16453,112965,0,0,0,0,0,263418,2,0
0,0,0,0,5,28,16454,112965,0,0,0,0,0,251213,3,0
0,0,0,0,15,28,16455,112965,0,0,0,0,0,235684,4,0
0,0,0,0,4,28,16456,112965,0,0,0,0,0,193141,3,0
0,0,0,0,3,28,16457,112965,0,0,0,0,0,251979,3,0
0,0,0,0,23,28,16458,112965,0,0,0,0,0,266308,3,0
0,0,0,0,7,28,16459,112965,0,0,0,0,0,255923,3,0
0,0,0,0,88,28,16460,112965,0,0,0,0,0,246396,3,0
0,0,0,0,10,28,16461,112965,0,0,0,0,0,273730,3,0
0,0,0,0,28,28,16462,112965,0,0,0,0,0,275428,3,0
0,0,0,0,27,28,16463,112965,0,0,0,0,0,259876,3,0
0,0,0,0,21,28,16464,112965,0,0,0,0,0,270036,3,0
0,0,0,0,17,28,16465,112965,0,0,0,0,0,72005,3,0
0,0,0,0,36,29,16466,112965,0,0,0,0,0,268954,3,0
0,0,0,0,37,29,16467,112965,0,0,0,0,0,278074,3,0
1,0,0,0,38,29,16468,112965,0,0,0,0,0,74951,3,0
0,0,0,0,24,29,16469,112965,0,0,0,0,0,269704,3,0
0,0,0,0,22,29,16470,112965,0,0,0,0,0,254947,3,0
0,0,0,0,16,29,16471,112965,0,0,0,0,0,258116,3,0
0,0,0,0,19,29,16472,112965,0,0,0,0,0,72745,3,0
0,0,0,0,14,29,16473,112965,0,0,0,0,0,279174,3,0
0,0,0,0,12,29,16474,112965,0,0,0,0,0,74468,3,0
0,0,0,0,31,29,16475,112965,0,0,0,0,0,71968,3,0
0,0,0,0,20,29,16476,112965,0,0,0,0,0,271855,3,0
2,0,0,1,29,29,16477,112965,0,0,0,0,0,259269,3,0
0,0,0,0,33,29,16478,112965,0,0,0,0,0,233369,3,0
0,0,0,0,30,0,16479,113044,0,0,0,0,0,238298,3,0
0,0,0,0,33,3,16480,113044,0,0,0,0,0,258528,3,0
0,0,0,0,14,4,16481,113044,0,0,0,0,0,235966,1,0
0,0,0,0,2,5,16482,113044,0,0,0,0,0,272945,3,0
0,0,0,0,15,6,16483,113044,0,0,0,0,0,241120,2,0
2,0,0,1,6,7,16484,113044,0,0,0,0,0,272946,2,0
0,0,0,0,21,12,16485,113044,0,0,0,0,0,257549,3,0
0,0,0,0,5,13,16486,113044,0,0,0,0,0,258051,3,0
0,0,0,0,10,15,16487,113044,0,0,0,0,0,266867,3,0
1,0,0,1,43,16,16488,113044,0,0,0,0,0,274145,3,0
1,0,0,1,9,25,16489,113044,0,0,0,0,0,237923,2,0
0,0,0,0,8,28,16490,113044,0,0,0,0,0,261438,3,0
0,0,0,0,24,28,16491,113044,0,0,0,0,0,269690,3,0
0,0,0,0,4,28,16492,113044,0,0,0,0,0,279819,3,0
0,0,0,0,3,28,16493,113044,0,0,0,0,0,275093,3,0
0,0,0,0,25,28,16494,113044,0,0,0,0,0,215132,3,0
1,0,0,1,20,28,16495,113044,0,0,0,0,0,255319,3,0
1,0,0,1,27,28,16496,113044,0,0,0,0,0,279820,3,0
0,0,0,0,48,28,16497,113044,0,0,0,0,0,278446,3,0
1,0,0,1,41,28,16498,113044,0,0,0,0,0,279777,4,0
0,0,0,0,28,28,16499,113044,0,0,0,0,0,215993,2,0
0,0,0,0,11,28,16500,113044,0,0,0,0,0,258149,1,0
0,0,0,0,32,28,16501,113044,0,0,0,0,0,279834,3,0
0,0,0,0,29,29,16502,113044,0,0,0,0,0,261273,3,0
0,0,0,0,7,29,16503,113044,0,0,0,0,0,267481,3,0
0,0,0,0,36,29,16504,113044,0,0,0,0,0,271277,3,0
0,0,0,0,23,29,16505,113044,0,0,0,0,0,70815,3,0
0,0,0,0,26,29,16506,113044,0,0,0,0,0,279821,3,0
0,0,0,0,18,29,16507,113044,0,0,0,0,0,72973,3,0
0,0,0,0,1,29,16508,113044,0,0,0,0,0,245057,2,0
0,0,0,0,79,29,16509,113044,0,0,0,0,0,272313,3,0
0,0,0,0,58,29,16510,113044,0,0,0,0,0,74795,3,0
0,0,0,0,13,29,16511,113044,0,0,0,0,0,182882,2,0
0,0,0,0,19,29,16512,113044,0,0,0,0,0,272948,3,0
0,0,0,0,1,0,16513,115472,0,0,0,0,0,243759,2,0
0,0,0,0,15,3,16514,115472,0,0,0,0,0,258844,1,0
0,0,0,0,3,4,16515,115472,0,0,0,0,0,236018,1,0
1,0,0,1,40,6,16516,115472,0,0,0,0,0,269554,1,0
0,0,0,0,28,7,16517,115472,0,0,0,0,0,74240,3,0
0,0,0,0,5,12,16518,115472,0,0,0,0,0,258048,3,0
0,0,0,0,8,13,16519,115472,0,0,0,0,0,215065,3,0
0,0,0,0,14,15,16520,115472,0,0,0,0,0,70053,2,0
2,0,0,1,35,16,16521,115472,0,0,0,0,0,261537,1,0
8,1,0,1,9,24,16522,115472,0,0,0,0,0,243977,2,0
2,0,0,1,32,26,16523,115472,0,0,0,0,0,233775,3,0
0,0,0,0,25,28,16524,115472,0,0,0,0,0,258875,3,0
1,0,0,1,10,28,16525,115472,0,0,0,0,0,235542,3,0
0,0,0,0,27,28,16526,115472,0,0,0,0,0,242485,2,0
0,0,0,0,22,28,16527,115472,0,0,0,0,0,226411,3,0
0,0,0,0,29,28,16528,115472,0,0,0,0,0,231167,3,0
3,0,0,1,7,28,16529,115472,0,0,0,0,0,266838,2,0
1,0,0,1,16,28,16530,115472,0,0,0,0,0,219845,3,0
0,0,0,0,19,28,16531,115472,0,0,0,0,0,70211,3,0
0,0,0,0,17,28,16532,115472,0,0,0,0,0,190742,3,0
1,0,0,1,20,28,16533,115472,0,0,0,0,0,246108,4,0
0,0,0,0,30,28,16534,115472,0,0,0,0,0,226227,3,0
0,0,0,0,33,28,16535,115472,0,0,0,0,0,219493,3,0
0,0,0,0,36,29,16536,115472,0,0,0,0,0,277875,3,0
0,0,0,0,39,29,16537,115472,0,0,0,0,0,75039,3,0
0,0,0,0,6,29,16538,115472,0,0,0,0,0,266808,3,0
0,0,0,0,4,29,16539,115472,0,0,0,0,0,70214,3,0
0,0,0,0,18,29,16540,115472,0,0,0,0,0,70213,3,0
0,0,0,0,24,29,16541,115472,0,0,0,0,0,70692,3,0
0,0,0,0,12,29,16542,115472,0,0,0,0,0,258200,3,0
0,0,0,0,37,29,16543,115472,0,0,0,0,0,70165,3,0
0,0,0,0,26,29,16544,115472,0,0,0,0,0,266814,3,0
0,0,0,0,38,29,16545,115472,0,0,0,0,0,75038,3,0
0,0,0,0,43,29,16546,115472,0,0,0,0,0,278416,3,0
0,0,0,0,41,29,16547,115472,0,0,0,0,0,210628,3,0
0,0,0,0,99,29,16548,111592,0,0,0,0,0,73325,3,0
0,0,0,0,99,29,16549,111592,0,0,0,0,0,74236,3,0
0,0,0,0,99,29,16550,111592,0,0,0,0,0,170084,3,0
0,0,0,0,99,29,16551,111592,0,0,0,0,0,173608,3,0
0,0,0,0,99,29,16552,111592,0,0,0,0,0,180548,3,0
0,0,0,0,99,29,16553,111592,0,0,0,0,0,189218,3,0
0,0,0,0,99,29,16554,111592,0,0,0,0,0,189456,3,0
0,0,0,0,99,29,16555,111592,0,0,0,0,0,195586,3,0
0,0,0,0,99,29,16556,111592,0,0,0,0,0,201707,3,0
0,0,0,0,99,29,16557,111592,0,0,0,0,0,202556,3,0
0,0,0,0,99,29,16558,111592,0,0,0,0,0,203244,3,0
0,0,0,0,99,29,16559,111592,0,0,0,0,0,208295,3,0
0,0,0,0,99,29,16560,111592,0,0,0,0,0,212883,3,0
0,0,0,0,99,29,16561,111592,0,0,0,0,0,213512,3,0
0,0,0,0,99,29,16562,111592,0,0,0,0,0,215911,3,0
0,0,0,0,99,29,16563,111592,0,0,0,0,0,220677,3,0
0,0,0,0,99,29,16564,111592,0,0,0,0,0,221293,3,0
0,0,0,0,99,29,16565,111592,0,0,0,0,0,223573,3,0
0,0,0,0,99,29,16566,111592,0,0,0,0,0,224151,3,0
0,0,0,0,99,29,16567,111592,0,0,0,0,0,226579,3,0
0,0,0,0,99,29,16568,111592,0,0,0,0,0,229154,3,0
0,0,0,0,99,29,16569,111592,0,0,0,0,0,229973,3,0
0,0,0,0,99,29,16570,111592,0,0,0,0,0,229980,3,0
0,0,0,0,99,29,16571,111592,0,0,0,0,0,231292,3,0
0,0,0,0,99,29,16572,111592,0,0,0,0,0,232654,3,0
0,0,0,0,99,29,16573,111592,0,0,0,0,0,232669,3,0
0,0,0,0,99,29,16574,111592,0,0,0,0,0,233260,3,0
0,0,0,0,99,29,16575,111592,0,0,0,0,0,233493,3,0
0,0,0,0,99,29,16576,111592,0,0,0,0,0,234051,3,0
0,0,0,0,99,29,16577,111592,0,0,0,0,0,234298,3,0
0,0,0,0,99,29,16578,111592,0,0,0,0,0,235389,3,0
0,0,0,0,99,29,16579,111592,0,0,0,0,0,235414,3,0
0,0,0,0,99,29,16580,111592,0,0,0,0,0,237043,3,0
0,0,0,0,99,29,16581,111592,0,0,0,0,0,237248,3,0
0,0,0,0,99,29,16582,111592,0,0,0,0,0,237499,3,0
0,0,0,0,99,29,16583,111592,0,0,0,0,0,237995,3,0
0,0,0,0,99,29,16584,111592,0,0,0,0,0,238274,3,0
0,0,0,0,99,29,16585,111592,0,0,0,0,0,238878,3,0
0,0,0,0,99,29,16586,111592,0,0,0,0,0,239738,3,0
0,0,0,0,99,29,16587,111592,0,0,0,0,0,241186,3,0
0,0,0,0,99,29,16588,111592,0,0,0,0,0,241475,3,0
0,0,0,0,99,29,16589,111592,0,0,0,0,0,241777,3,0
0,0,0,0,99,29,16590,111592,0,0,0,0,0,242118,3,0
0,0,0,0,99,29,16591,111592,0,0,0,0,0,242288,3,0
0,0,0,0,99,29,16592,111592,0,0,0,0,0,243015,3,0
0,0,0,0,99,29,16593,111592,0,0,0,0,0,244428,3,0
0,0,0,0,99,29,16594,111592,0,0,0,0,0,244973,3,0
0,0,0,0,99,29,16595,111592,0,0,0,0,0,246289,3,0
0,0,0,0,99,29,16596,111592,0,0,0,0,0,246295,3,0
0,0,0,0,99,29,16597,111592,0,0,0,0,0,248003,3,0
0,0,0,0,99,29,16598,111592,0,0,0,0,0,254136,3,0
0,0,0,0,99,29,16599,111592,0,0,0,0,0,254159,3,0
0,0,0,0,99,29,16600,111592,0,0,0,0,0,257439,3,0
0,0,0,0,99,29,16601,111592,0,0,0,0,0,257630,3,0
0,0,0,0,99,29,16602,111592,0,0,0,0,0,259474,3,0
0,0,0,0,99,29,16603,111592,0,0,0,0,0,262740,3,0
0,0,0,0,99,29,16604,111592,0,0,0,0,0,263836,3,0
0,0,0,0,99,29,16605,111592,0,0,0,0,0,268097,3,0
0,0,0,0,99,29,16606,111592,0,0,0,0,0,268771,3,0
0,0,0,0,99,29,16607,111592,0,0,0,0,0,268772,3,0
0,0,0,0,99,29,16608,111592,0,0,0,0,0,268774,3,0
0,0,0,0,99,29,16609,111592,0,0,0,0,0,268775,3,0
0,0,0,0,99,29,16610,111592,0,0,0,0,0,268776,3,0
0,0,0,0,99,29,16611,111592,0,0,0,0,0,268778,3,0
0,0,0,0,99,29,16612,111592,0,0,0,0,0,268779,3,0
0,0,0,0,99,29,16613,111592,0,0,0,0,0,268780,3,0
0,0,0,0,99,29,16614,111592,0,0,0,0,0,268781,3,0
0,0,0,0,99,29,16615,111592,0,0,0,0,0,268782,3,0
0,0,0,0,99,29,16616,111592,0,0,0,0,0,268783,3,0
0,0,0,0,99,29,16617,111592,0,0,0,0,0,268784,3,0
0,0,0,0,99,29,16618,111592,0,0,0,0,0,268864,3,0
0,0,0,0,99,29,16619,111592,0,0,0,0,0,268866,3,0
0,0,0,0,99,29,16620,111592,0,0,0,0,0,268877,3,0
0,0,0,0,99,29,16621,111592,0,0,0,0,0,268878,3,0
0,0,0,0,99,29,16622,111592,0,0,0,0,0,268879,3,0
0,0,0,0,99,29,16623,111592,0,0,0,0,0,268982,3,0
0,0,0,0,99,29,16624,111592,0,0,0,0,0,268984,3,0
0,0,0,0,99,29,16625,111592,0,0,0,0,0,268985,3,0
0,0,0,0,99,29,16626,111592,0,0,0,0,0,268986,3,0
0,0,0,0,99,29,16627,111592,0,0,0,0,0,270564,3,0
0,0,0,0,99,29,16628,111592,0,0,0,0,0,270643,3,0
0,0,0,0,99,29,16629,111592,0,0,0,0,0,272472,3,0
0,0,0,0,99,29,16630,111592,0,0,0,0,0,272598,3,0
0,0,0,0,99,29,16631,111592,0,0,0,0,0,273624,3,0
0,0,0,0,99,29,16632,111592,0,0,0,0,0,276159,3,0
0,0,0,0,99,29,16633,111592,0,0,0,0,0,278113,3,0
0,0,0,0,99,29,16634,111592,0,0,0,0,0,279194,3,0
0,0,0,0,99,29,16635,131368,0,0,0,0,0,71047,3,0
0,0,0,0,99,29,16636,131368,0,0,0,0,0,72156,3,0
0,0,0,0,99,29,16637,131368,0,0,0,0,0,72348,3,0
0,0,0,0,99,29,16638,131368,0,0,0,0,0,72533,3,0
0,0,0,0,99,29,16639,131368,0,0,0,0,0,72763,3,0
0,0,0,0,99,29,16640,131368,0,0,0,0,0,72764,3,0
0,0,0,0,99,29,16641,131368,0,0,0,0,0,72787,3,0
0,0,0,0,99,29,16642,131368,0,0,0,0,0,72788,3,0
0,0,0,0,99,29,16643,131368,0,0,0,0,0,72789,3,0
0,0,0,0,99,29,16644,131368,0,0,0,0,0,72792,3,0
0,0,0,0,99,29,16645,131368,0,0,0,0,0,72794,3,0
0,0,0,0,99,29,16646,131368,0,0,0,0,0,72795,3,0
0,0,0,0,99,29,16647,131368,0,0,0,0,0,72797,3,0
0,0,0,0,99,29,16648,131368,0,0,0,0,0,72798,3,0
0,0,0,0,99,29,16649,131368,0,0,0,0,0,72810,3,0
0,0,0,0,99,29,16650,131368,0,0,0,0,0,72812,3,0
0,0,0,0,99,29,16651,131368,0,0,0,0,0,72821,3,0
0,0,0,0,99,29,16652,131368,0,0,0,0,0,72828,3,0
0,0,0,0,99,29,16653,131368,0,0,0,0,0,72865,3,0
0,0,0,0,99,29,16654,131368,0,0,0,0,0,72904,3,0
0,0,0,0,99,29,16655,131368,0,0,0,0,0,226973,3,0
0,0,0,0,99,29,16656,131368,0,0,0,0,0,226987,3,0
0,0,0,0,99,29,16657,131368,0,0,0,0,0,227192,3,0
0,0,0,0,99,29,16658,131368,0,0,0,0,0,227282,3,0
0,0,0,0,99,29,16659,131368,0,0,0,0,0,227318,3,0
0,0,0,0,99,29,16660,131368,0,0,0,0,0,227366,3,0
0,0,0,0,99,29,16661,131368,0,0,0,0,0,227368,3,0
0,0,0,0,99,29,16662,131368,0,0,0,0,0,227452,3,0
0,0,0,0,99,29,16663,131368,0,0,0,0,0,227453,3,0
0,0,0,0,99,29,16664,131368,0,0,0,0,0,227454,3,0
0,0,0,0,99,29,16665,131368,0,0,0,0,0,227455,3,0
0,0,0,0,99,29,16666,131368,0,0,0,0,0,227457,3,0
0,0,0,0,99,29,16667,131368,0,0,0,0,0,227466,3,0
0,0,0,0,99,29,16668,131368,0,0,0,0,0,228800,3,0
0,0,0,0,99,29,16669,131368,0,0,0,0,0,233757,3,0
0,0,0,0,99,29,16670,131368,0,0,0,0,0,233837,3,0
0,0,0,0,99,29,16671,131368,0,0,0,0,0,233854,3,0
0,0,0,0,99,29,16672,131368,0,0,0,0,0,235585,3,0
0,0,0,0,99,29,16673,131368,0,0,0,0,0,240720,3,0
0,0,0,0,99,29,16674,131368,0,0,0,0,0,241224,3,0
0,0,0,0,99,29,16675,131368,0,0,0,0,0,241225,3,0
0,0,0,0,99,29,16676,131368,0,0,0,0,0,241548,3,0
0,0,0,0,99,29,16677,131368,0,0,0,0,0,242796,3,0
0,0,0,0,99,29,16678,131368,0,0,0,0,0,242806,3,0
0,0,0,0,99,29,16679,131368,0,0,0,0,0,243054,3,0
0,0,0,0,99,29,16680,131368,0,0,0,0,0,244285,3,0
0,0,0,0,99,29,16681,131368,0,0,0,0,0,244890,3,0
0,0,0,0,99,29,16682,131368,0,0,0,0,0,245821,3,0
0,0,0,0,99,29,16683,131368,0,0,0,0,0,245880,3,0
0,0,0,0,99,29,16684,131368,0,0,0,0,0,245886,3,0
0,0,0,0,99,29,16685,131368,0,0,0,0,0,245892,3,0
0,0,0,0,99,29,16686,131368,0,0,0,0,0,246059,3,0
0,0,0,0,99,29,16687,131368,0,0,0,0,0,246152,3,0
0,0,0,0,99,29,16688,131368,0,0,0,0,0,246153,3,0
0,0,0,0,99,29,16689,131368,0,0,0,0,0,246366,3,0
0,0,0,0,99,29,16690,131368,0,0,0,0,0,246967,3,0
0,0,0,0,99,29,16691,131368,0,0,0,0,0,247440,3,0
0,0,0,0,99,29,16692,131368,0,0,0,0,0,247462,3,0
0,0,0,0,99,29,16693,131368,0,0,0,0,0,247535,3,0
0,0,0,0,99,29,16694,131368,0,0,0,0,0,248785,3,0
0,0,0,0,99,29,16695,131368,0,0,0,0,0,248786,3,0
0,0,0,0,99,29,16696,131368,0,0,0,0,0,248789,3,0
0,0,0,0,99,29,16697,131368,0,0,0,0,0,254564,3,0
0,0,0,0,99,29,16698,131368,0,0,0,0,0,256208,3,0
0,0,0,0,99,29,16699,131368,0,0,0,0,0,256840,3,0
0,0,0,0,99,29,16700,131368,0,0,0,0,0,258915,3,0
0,0,0,0,99,29,16701,131368,0,0,0,0,0,261092,3,0
0,0,0,0,99,29,16702,131368,0,0,0,0,0,261093,3,0
0,0,0,0,99,29,16703,131368,0,0,0,0,0,261830,3,0
0,0,0,0,99,29,16704,131368,0,0,0,0,0,261831,3,0
0,0,0,0,99,29,16705,131368,0,0,0,0,0,261833,3,0
0,0,0,0,99,29,16706,131368,0,0,0,0,0,261834,3,0
0,0,0,0,99,29,16707,131368,0,0,0,0,0,261837,3,0
0,0,0,0,99,29,16708,131368,0,0,0,0,0,261841,3,0
0,0,0,0,99,29,16709,131368,0,0,0,0,0,261842,3,0
0,0,0,0,99,29,16710,131368,0,0,0,0,0,261844,3,0
0,0,0,0,99,29,16711,131368,0,0,0,0,0,261849,3,0
0,0,0,0,99,29,16712,131368,0,0,0,0,0,261852,3,0
0,0,0,0,99,29,16713,131368,0,0,0,0,0,263479,3,0
0,0,0,0,99,29,16714,131368,0,0,0,0,0,264233,3,0
0,0,0,0,99,29,16715,131368,0,0,0,0,0,264627,3,0
0,0,0,0,99,29,16716,131368,0,0,0,0,0,264932,3,0
0,0,0,0,99,29,16717,131368,0,0,0,0,0,265247,3,0
0,0,0,0,99,29,16718,131368,0,0,0,0,0,265267,3,0
0,0,0,0,99,29,16719,131368,0,0,0,0,0,265286,3,0
0,0,0,0,99,29,16720,131368,0,0,0,0,0,266553,3,0
0,0,0,0,99,29,16721,131368,0,0,0,0,0,266945,3,0
0,0,0,0,99,29,16722,131368,0,0,0,0,0,267184,3,0
0,0,0,0,99,29,16723,131368,0,0,0,0,0,267589,3,0
0,0,0,0,99,29,16724,131368,0,0,0,0,0,268471,3,0
0,0,0,0,99,29,16725,131368,0,0,0,0,0,268472,3,0
0,0,0,0,99,29,16726,131368,0,0,0,0,0,268945,3,0
0,0,0,0,99,29,16727,131368,0,0,0,0,0,269655,3,0
0,0,0,0,99,29,16728,131368,0,0,0,0,0,269659,3,0
0,0,0,0,99,29,16729,131368,0,0,0,0,0,269661,3,0
0,0,0,0,99,29,16730,131368,0,0,0,0,0,269662,3,0
0,0,0,0,99,29,16731,131368,0,0,0,0,0,269663,3,0
0,0,0,0,99,29,16732,131368,0,0,0,0,0,269665,3,0
0,0,0,0,99,29,16733,131368,0,0,0,0,0,269666,3,0
0,0,0,0,99,29,16734,131368,0,0,0,0,0,269668,3,0
0,0,0,0,99,29,16735,131368,0,0,0,0,0,269675,3,0
0,0,0,0,99,29,16736,131368,0,0,0,0,0,269676,3,0
0,0,0,0,99,29,16737,131368,0,0,0,0,0,269677,3,0
0,0,0,0,99,29,16738,131368,0,0,0,0,0,269678,3,0
0,0,0,0,99,29,16739,131368,0,0,0,0,0,269679,3,0
0,0,0,0,99,29,16740,131368,0,0,0,0,0,269680,3,0
0,0,0,0,99,29,16741,131368,0,0,0,0,0,269681,3,0
0,0,0,0,99,29,16742,131368,0,0,0,0,0,270329,3,0
0,0,0,0,99,29,16743,131368,0,0,0,0,0,270330,3,0
0,0,0,0,99,29,16744,131368,0,0,0,0,0,271007,3,0
0,0,0,0,99,29,16745,131368,0,0,0,0,0,272522,3,0
0,0,0,0,99,29,16746,131368,0,0,0,0,0,272524,3,0
0,0,0,0,99,29,16747,131368,0,0,0,0,0,273209,3,0
0,0,0,0,99,29,16748,131368,0,0,0,0,0,273210,3,0
0,0,0,0,99,29,16749,131368,0,0,0,0,0,273211,3,0
0,0,0,0,99,29,16750,131368,0,0,0,0,0,273215,3,0
0,0,0,0,99,29,16751,131368,0,0,0,0,0,273275,3,0
0,0,0,0,99,29,16752,131368,0,0,0,0,0,273279,3,0
0,0,0,0,99,29,16753,131368,0,0,0,0,0,273387,3,0
0,0,0,0,99,29,16754,131368,0,0,0,0,0,273389,3,0
0,0,0,0,99,29,16755,131368,0,0,0,0,0,274381,3,0
0,0,0,0,99,29,16756,131368,0,0,0,0,0,274557,3,0
0,0,0,0,99,29,16757,131368,0,0,0,0,0,276380,3,0
0,0,0,0,99,29,16758,131368,0,0,0,0,0,276569,3,0
0,0,0,0,99,29,16759,131368,0,0,0,0,0,276599,3,0
0,0,0,0,99,29,16760,131368,0,0,0,0,0,277911,3,0
0,0,0,0,99,29,16761,131368,0,0,0,0,0,278967,3,0
0,0,0,0,99,29,16762,131368,0,0,0,0,0,278968,3,0
0,0,0,0,99,29,16763,131368,0,0,0,0,0,279523,3,0
0,0,0,0,99,29,16764,131680,0,0,0,0,0,238399,3,0
0,0,0,0,1,0,16765,383,0,0,0,0,0,230182,3,0
0,0,0,0,2,3,16766,383,0,0,0,0,0,230371,3,0
0,0,0,0,3,4,16767,383,0,0,0,0,0,236109,3,0
0,0,0,0,4,6,16768,383,0,0,0,0,0,230229,3,0
0,0,0,0,6,7,16769,383,0,0,0,0,0,230241,3,0
0,0,0,0,5,10,16770,383,0,0,0,0,0,230331,3,0
0,0,0,0,7,12,16771,383,0,0,0,0,0,230425,3,0
0,0,0,0,8,13,16772,383,0,0,0,0,0,230481,3,0
0,0,0,0,10,15,16773,383,0,0,0,0,0,230269,3,0
0,0,0,0,11,16,16774,383,0,0,0,0,0,230402,3,0
0,0,0,0,9,25,16775,383,0,0,0,0,0,230440,3,0
0,0,0,0,16,28,16776,383,0,0,0,0,0,230373,3,0
0,0,0,0,15,28,16777,383,0,0,0,0,0,230353,3,0
0,0,0,0,14,28,16778,383,0,0,0,0,0,236112,3,0
0,0,0,0,13,28,16779,383,0,0,0,0,0,230282,3,0
0,0,0,0,23,28,16780,383,0,0,0,0,0,230185,3,0
0,0,0,0,18,28,16781,383,0,0,0,0,0,230427,3,0
0,0,0,0,17,28,16782,383,0,0,0,0,0,230248,3,0
0,0,0,0,19,28,16783,383,0,0,0,0,0,230477,3,0
0,0,0,0,20,28,16784,383,0,0,0,0,0,230501,3,0
0,0,0,0,1,0,16785,517,0,0,0,0,0,230324,3,0
0,0,0,0,13,3,16786,517,0,0,0,0,0,230193,3,0
0,0,0,0,14,4,16787,517,0,0,0,0,0,230439,3,0
0,0,0,0,5,6,16788,517,0,0,0,0,0,230397,3,0
0,0,0,0,7,7,16789,517,0,0,0,0,0,230188,3,0
0,0,0,0,2,9,16790,517,0,0,0,0,0,230417,3,0
0,0,0,0,4,11,16791,517,0,0,0,0,0,230259,3,0
0,0,0,0,9,12,16792,517,0,0,0,0,0,230480,3,0
0,0,0,0,3,16,16793,517,0,0,0,0,0,230468,3,0
0,0,0,0,28,18,16794,517,0,0,0,0,0,230374,3,0
0,0,0,0,11,25,16795,517,0,0,0,0,0,230516,3,0
0,0,0,0,19,28,16796,517,0,0,0,0,0,236168,3,0
0,0,0,0,29,28,16797,517,0,0,0,0,0,236143,3,0
0,0,0,0,15,28,16798,517,0,0,0,0,0,230526,3,0
0,0,0,0,17,28,16799,517,0,0,0,0,0,230220,3,0
0,0,0,0,12,28,16800,517,0,0,0,0,0,233974,3,0
0,0,0,0,8,28,16801,517,0,0,0,0,0,230503,3,0
0,0,0,0,10,28,16802,517,0,0,0,0,0,230239,3,0
0,0,0,0,16,28,16803,517,0,0,0,0,0,230399,3,0
0,0,0,0,18,28,16804,517,0,0,0,0,0,230303,3,0
0,0,0,0,99,0,16805,567,0,0,0,0,0,230323,3,0
0,0,0,0,2,3,16806,567,0,0,0,0,0,230199,3,0
0,0,0,0,3,4,16807,567,0,0,0,0,0,230381,3,0
0,0,0,0,14,6,16808,567,0,0,0,0,0,230218,3,0
0,0,0,0,18,7,16809,567,0,0,0,0,0,230337,3,0
0,0,0,0,26,9,16810,567,0,0,0,0,0,230234,3,0
0,0,0,0,4,11,16811,567,0,0,0,0,0,230530,3,0
0,0,0,0,7,12,16812,567,0,0,0,0,0,230278,3,0
0,0,0,0,10,16,16813,567,0,0,0,0,0,230466,3,0
0,0,0,0,9,18,16814,567,0,0,0,0,0,230271,3,0
0,0,0,0,19,25,16815,567,0,0,0,0,0,230507,3,0
0,0,0,0,77,28,16816,567,0,0,0,0,0,230247,3,0
0,0,0,0,35,28,16817,567,0,0,0,0,0,230273,3,0
0,0,0,0,17,28,16818,567,0,0,0,0,0,230335,3,0
0,0,0,0,6,28,16819,567,0,0,0,0,0,230221,3,0
0,0,0,0,25,28,16820,567,0,0,0,0,0,230332,3,0
0,0,0,0,31,28,16821,567,0,0,0,0,0,230287,3,0
0,0,0,0,29,28,16822,567,0,0,0,0,0,230268,3,0
0,0,0,0,5,28,16823,567,0,0,0,0,0,230372,3,0
0,0,0,0,8,28,16824,567,0,0,0,0,0,236196,3,0
0,0,0,0,1,0,16825,598,0,0,0,0,0,230319,3,0
0,0,0,0,2,3,16826,598,0,0,0,0,0,230217,3,0
0,0,0,0,3,4,16827,598,0,0,0,0,0,230326,3,0
0,0,0,0,4,6,16828,598,0,0,0,0,0,230222,3,0
0,0,0,0,6,7,16829,598,0,0,0,0,0,230244,3,0
0,0,0,0,11,23,16830,598,0,0,0,0,0,230456,3,0
0,0,0,0,5,13,16831,598,0,0,0,0,0,230242,3,0
0,0,0,0,8,15,16832,598,0,0,0,0,0,236147,3,0
0,0,0,0,7,27,16833,598,0,0,0,0,0,230385,3,0
0,0,0,0,10,18,16834,598,0,0,0,0,0,230370,3,0
0,0,0,0,9,25,16835,598,0,0,0,0,0,230432,3,0
0,0,0,0,14,28,16836,598,0,0,0,0,0,230392,3,0
0,0,0,0,16,28,16837,598,0,0,0,0,0,230246,3,0
0,0,0,0,13,28,16838,598,0,0,0,0,0,230386,3,0
0,0,0,0,15,28,16839,598,0,0,0,0,0,230205,3,0
0,0,0,0,12,28,16840,598,0,0,0,0,0,230321,3,0
0,0,0,0,18,28,16841,598,0,0,0,0,0,230521,3,0
0,0,0,0,17,28,16842,598,0,0,0,0,0,230414,3,0
0,0,0,0,19,28,16843,598,0,0,0,0,0,234028,3,0
0,0,0,0,20,28,16844,598,0,0,0,0,0,230410,3,0
0,0,0,0,1,0,16845,1035,0,0,0,0,0,230175,3,0
0,0,0,0,20,3,16846,1035,0,0,0,0,0,230197,3,0
0,0,0,0,19,4,16847,1035,0,0,0,0,0,230225,3,0
0,0,0,0,4,6,16848,1035,0,0,0,0,0,230280,3,0
0,0,0,0,7,7,16849,1035,0,0,0,0,0,230184,3,0
0,0,0,0,10,10,16850,1035,0,0,0,0,0,230453,3,0
0,0,0,0,18,23,16851,1035,0,0,0,0,0,230463,3,0
0,0,0,0,6,13,16852,1035,0,0,0,0,0,230349,3,0
0,0,0,0,16,15,16853,1035,0,0,0,0,0,236142,3,0
0,0,0,0,21,27,16854,1035,0,0,0,0,0,230347,3,0
0,0,0,0,11,25,16855,1035,0,0,0,0,0,230384,3,0
0,0,0,0,30,28,16856,1035,0,0,0,0,0,230329,3,0
0,0,0,0,28,28,16857,1035,0,0,0,0,0,230459,3,0
0,0,0,0,14,28,16858,1035,0,0,0,0,0,230230,3,0
0,0,0,0,15,28,16859,1035,0,0,0,0,0,230181,3,0
0,0,0,0,13,28,16860,1035,0,0,0,0,0,230176,3,0
0,0,0,0,22,28,16861,1035,0,0,0,0,0,230524,3,0
0,0,0,0,3,28,16862,1035,0,0,0,0,0,236113,3,0
0,0,0,0,9,28,16863,1035,0,0,0,0,0,230283,3,0
0,0,0,0,24,28,16864,1035,0,0,0,0,0,230233,3,0
0,0,0,0,1,0,16865,1043,0,0,0,0,0,230204,3,0
0,0,0,0,4,3,16866,1043,0,0,0,0,0,230206,3,0
0,0,0,0,18,4,16867,1043,0,0,0,0,0,230285,3,0
0,0,0,0,17,6,16868,1043,0,0,0,0,0,230327,3,0
0,0,0,0,23,7,16869,1043,0,0,0,0,0,230245,3,0
0,0,0,0,21,12,16870,1043,0,0,0,0,0,230406,3,0
0,0,0,0,19,13,16871,1043,0,0,0,0,0,230426,3,0
0,0,0,0,6,15,16872,1043,0,0,0,0,0,230346,3,0
0,0,0,0,11,16,16873,1043,0,0,0,0,0,230460,3,0
0,0,0,0,9,24,16874,1043,0,0,0,0,0,230430,3,0
0,0,0,0,10,26,16875,1043,0,0,0,0,0,230449,3,0
0,0,0,0,14,28,16876,1043,0,0,0,0,0,230336,3,0
0,0,0,0,8,28,16877,1043,0,0,0,0,0,230482,3,0
0,0,0,0,5,28,16878,1043,0,0,0,0,0,230219,3,0
0,0,0,0,16,28,16879,1043,0,0,0,0,0,236108,3,0
0,0,0,0,24,28,16880,1043,0,0,0,0,0,230191,3,0
0,0,0,0,27,28,16881,1043,0,0,0,0,0,230493,3,0
0,0,0,0,13,28,16882,1043,0,0,0,0,0,230454,3,0
0,0,0,0,26,28,16883,1043,0,0,0,0,0,230286,3,0
0,0,0,0,30,28,16884,1043,0,0,0,0,0,230260,3,0
0,0,0,0,22,0,16885,1629,0,0,0,0,0,230320,3,0
0,0,0,0,23,3,16886,1629,0,0,0,0,0,230198,3,0
0,0,0,0,24,4,16887,1629,0,0,0,0,0,230224,3,0
0,0,0,0,25,6,16888,1629,0,0,0,0,0,230387,3,0
0,0,0,0,26,7,16889,1629,0,0,0,0,0,230240,3,0
0,0,0,0,27,9,16890,1629,0,0,0,0,0,230250,3,0
0,0,0,0,28,11,16891,1629,0,0,0,0,0,230446,3,0
0,0,0,0,29,12,16892,1629,0,0,0,0,0,230289,3,0
0,0,0,0,20,16,16893,1629,0,0,0,0,0,230523,3,0
0,0,0,0,10,18,16894,1629,0,0,0,0,0,230263,3,0
0,0,0,0,11,25,16895,1629,0,0,0,0,0,230420,3,0
0,0,0,0,15,28,16896,1629,0,0,0,0,0,230474,3,0
0,0,0,0,16,28,16897,1629,0,0,0,0,0,230485,3,0
0,0,0,0,13,28,16898,1629,0,0,0,0,0,230178,3,0
0,0,0,0,14,28,16899,1629,0,0,0,0,0,230196,3,0
0,0,0,0,12,28,16900,1629,0,0,0,0,0,230166,3,0
0,0,0,0,17,28,16901,1629,0,0,0,0,0,230447,3,0
0,0,0,0,6,28,16902,1629,0,0,0,0,0,236071,3,0
0,0,0,0,19,28,16903,1629,0,0,0,0,0,230403,3,0
0,0,0,0,18,28,16904,1629,0,0,0,0,0,236174,3,0
0,0,0,0,77,0,16905,101101,0,0,0,0,0,259259,3,0
0,0,0,0,3,3,16906,101101,0,0,0,0,0,243363,3,0
0,0,0,0,18,4,16907,101101,0,0,0,0,0,215139,3,0
0,0,0,0,28,6,16908,101101,0,0,0,0,0,253389,3,0
0,0,0,0,90,7,16909,101101,0,0,0,0,0,221737,3,0
0,0,0,0,6,9,16910,101101,0,0,0,0,0,214343,3,0
0,0,0,0,24,11,16911,101101,0,0,0,0,0,219160,3,0
0,0,0,0,99,12,16912,101101,0,0,0,0,0,255292,3,0
0,0,0,0,8,16,16913,101101,0,0,0,0,0,214132,3,0
0,0,0,0,80,18,16914,101101,0,0,0,0,0,252804,3,0
0,0,0,0,70,25,16915,101101,0,0,0,0,0,207664,3,0
0,0,0,0,88,28,16916,101101,0,0,0,0,0,246081,3,0
0,0,0,0,5,28,16917,101101,0,0,0,0,0,239088,3,0
0,0,0,0,27,28,16918,101101,0,0,0,0,0,74434,3,0
0,0,0,0,2,28,16919,101101,0,0,0,0,0,273658,3,0
0,0,0,0,30,28,16920,101101,0,0,0,0,0,214035,3,0
0,0,0,0,17,28,16921,101101,0,0,0,0,0,199964,3,0
0,0,0,0,25,28,16922,101101,0,0,0,0,0,247091,3,0
0,0,0,0,10,28,16923,101101,0,0,0,0,0,236747,3,0
0,0,0,0,7,28,16924,101101,0,0,0,0,0,273656,3,0
0,0,0,0,33,28,16925,101101,0,0,0,0,0,236670,3,0
0,0,0,0,34,28,16926,101101,0,0,0,0,0,261410,3,0
0,0,0,0,13,28,16927,101101,0,0,0,0,0,273657,3,0
0,0,0,0,23,29,16928,101101,0,0,0,0,0,247199,3,0
0,0,0,0,16,29,16929,101101,0,0,0,0,0,74435,3,0
0,0,0,0,19,29,16930,101101,0,0,0,0,0,71834,3,0
0,0,0,0,31,29,16931,101101,0,0,0,0,0,275689,3,0
0,0,0,0,26,29,16932,101101,0,0,0,0,0,74388,3,0
0,0,0,0,31,0,16933,101105,0,0,0,0,0,229541,3,0
0,0,0,0,22,3,16934,101105,0,0,0,0,0,255750,3,0
0,0,0,0,29,4,16935,101105,0,0,0,0,0,267788,3,0
0,0,0,0,4,6,16936,101105,0,0,0,0,0,245256,3,0
0,0,0,0,37,7,16937,101105,0,0,0,0,0,71849,3,0
0,0,0,0,21,9,16938,101105,0,0,0,0,0,221736,3,0
0,0,0,0,8,11,16939,101105,0,0,0,0,0,214019,3,0
0,0,0,0,10,17,16940,101105,0,0,0,0,0,231667,3,0
0,0,0,0,14,19,16941,101105,0,0,0,0,0,214378,3,0
0,0,0,0,23,24,16942,101105,0,0,0,0,0,231862,3,0
0,0,0,0,32,26,16943,101105,0,0,0,0,0,224404,3,0
0,0,0,0,26,28,16944,101105,0,0,0,0,0,248466,3,0
0,0,0,0,17,28,16945,101105,0,0,0,0,0,214195,3,0
0,0,0,0,34,28,16946,101105,0,0,0,0,0,277838,3,0
0,0,0,0,30,28,16947,101105,0,0,0,0,0,264753,3,0
0,0,0,0,12,28,16948,101105,0,0,0,0,0,214351,3,0
0,0,0,0,28,28,16949,101105,0,0,0,0,0,225423,3,0
0,0,0,0,25,28,16950,101105,0,0,0,0,0,274561,3,0
0,0,0,0,18,28,16951,101105,0,0,0,0,0,264755,3,0
0,0,0,0,20,28,16952,101105,0,0,0,0,0,214393,3,0
0,0,0,0,33,28,16953,101105,0,0,0,0,0,274127,3,0
0,0,0,0,1,28,16954,101105,0,0,0,0,0,264754,3,0
0,0,0,0,29,0,16955,101110,0,0,0,0,0,253847,3,0
0,0,0,0,20,3,16956,101110,0,0,0,0,0,270854,3,0
0,0,0,0,23,4,16957,101110,0,0,0,0,0,246817,3,0
0,0,0,0,4,6,16958,101110,0,0,0,0,0,255728,3,0
0,0,0,0,15,7,16959,101110,0,0,0,0,0,236382,3,0
0,0,0,0,7,12,16960,101110,0,0,0,0,0,224317,3,0
0,0,0,0,14,13,16961,101110,0,0,0,0,0,273710,3,0
0,0,0,0,10,15,16962,101110,0,0,0,0,0,201508,3,0
0,0,0,0,26,16,16963,101110,0,0,0,0,0,240743,3,0
0,0,0,0,8,18,16964,101110,0,0,0,0,0,252935,3,0
0,0,0,0,11,25,16965,101110,0,0,0,0,0,267406,3,0
0,0,0,0,25,28,16966,101110,0,0,0,0,0,263437,3,0
0,0,0,0,2,28,16967,101110,0,0,0,0,0,253305,3,0
0,0,0,0,27,28,16968,101110,0,0,0,0,0,273707,3,0
0,0,0,0,18,28,16969,101110,0,0,0,0,0,225646,3,0
0,0,0,0,12,28,16970,101110,0,0,0,0,0,258133,3,0
0,0,0,0,9,28,16971,101110,0,0,0,0,0,264820,3,0
0,0,0,0,13,28,16972,101110,0,0,0,0,0,272410,3,0
0,0,0,0,33,28,16973,101110,0,0,0,0,0,259321,3,0
0,0,0,0,3,28,16974,101110,0,0,0,0,0,268074,3,0
0,0,0,0,19,28,16975,101110,0,0,0,0,0,236432,3,0
0,0,0,0,36,28,16976,101110,0,0,0,0,0,73168,3,0
0,0,0,0,22,28,16977,101110,0,0,0,0,0,258391,3,0
0,0,0,0,17,29,16978,101110,0,0,0,0,0,71934,3,0
0,0,0,0,5,29,16979,101110,0,0,0,0,0,219712,3,0
0,0,0,0,21,29,16980,101110,0,0,0,0,0,74005,3,0
0,0,0,0,34,29,16981,101110,0,0,0,0,0,274949,3,0
0,0,0,0,90,29,16982,101110,0,0,0,0,0,219988,3,0
0,0,0,0,16,29,16983,101110,0,0,0,0,0,74393,3,0
0,0,0,0,28,29,16984,101110,0,0,0,0,0,231050,3,0
0,0,0,0,30,29,16985,101110,0,0,0,0,0,270414,3,0
0,0,0,0,97,29,16986,101110,0,0,0,0,0,253259,3,0
0,0,0,0,6,29,16987,101110,0,0,0,0,0,272426,3,0
0,0,0,0,12,0,16988,110968,0,0,0,0,0,247882,3,0
0,0,0,0,22,3,16989,110968,0,0,0,0,0,267458,3,0
0,0,0,0,44,4,16990,110968,0,0,0,0,0,255144,3,0
0,0,0,0,4,6,16991,110968,0,0,0,0,0,238375,3,0
0,0,0,0,33,7,16992,110968,0,0,0,0,0,279686,3,0
0,0,0,0,23,10,16993,110968,0,0,0,0,0,241131,3,0
0,0,0,0,21,23,16994,110968,0,0,0,0,0,71646,3,0
0,0,0,0,20,13,16995,110968,0,0,0,0,0,233569,3,0
0,0,0,0,6,15,16996,110968,0,0,0,0,0,223682,3,0
0,0,0,0,90,27,16997,110968,0,0,0,0,0,260965,3,0
0,0,0,0,9,25,16998,110968,0,0,0,0,0,245079,3,0
0,0,0,0,11,28,16999,110968,0,0,0,0,0,247885,3,0
0,0,0,0,30,28,17000,110968,0,0,0,0,0,264663,3,0
0,0,0,0,2,28,17001,110968,0,0,0,0,0,255798,3,0
0,0,0,0,8,28,17002,110968,0,0,0,0,0,277790,3,0
0,0,0,0,25,28,17003,110968,0,0,0,0,0,71337,3,0
0,0,0,0,17,28,17004,110968,0,0,0,0,0,207454,3,0
0,0,0,0,27,28,17005,110968,0,0,0,0,0,246067,3,0
0,0,0,0,10,28,17006,110968,0,0,0,0,0,233623,3,0
0,0,0,0,3,28,17007,110968,0,0,0,0,0,266250,3,0
0,0,0,0,5,28,17008,110968,0,0,0,0,0,255908,3,0
0,0,0,0,1,28,17009,110968,0,0,0,0,0,196885,3,0
0,0,0,0,13,0,17010,110969,0,0,0,0,0,236241,3,0
0,0,0,0,31,3,17011,110969,0,0,0,0,0,274342,3,0
0,0,0,0,3,4,17012,110969,0,0,0,0,0,236267,3,0
0,0,0,0,4,6,17013,110969,0,0,0,0,0,254443,3,0
0,0,0,0,19,7,17014,110969,0,0,0,0,0,254404,3,0
0,0,0,0,16,10,17015,110969,0,0,0,0,0,261558,3,0
0,0,0,0,23,12,17016,110969,0,0,0,0,0,259619,3,0
0,0,0,0,8,13,17017,110969,0,0,0,0,0,259961,3,0
0,0,0,0,28,15,17018,110969,0,0,0,0,0,265424,3,0
0,0,0,0,10,16,17019,110969,0,0,0,0,0,200120,3,0
0,0,0,0,22,25,17020,110969,0,0,0,0,0,233508,3,0
0,0,0,0,7,28,17021,110969,0,0,0,0,0,226659,3,0
0,0,0,0,14,28,17022,110969,0,0,0,0,0,236242,3,0
0,0,0,0,15,28,17023,110969,0,0,0,0,0,189228,3,0
0,0,0,0,5,28,17024,110969,0,0,0,0,0,247884,3,0
0,0,0,0,12,28,17025,110969,0,0,0,0,0,254195,3,0
0,0,0,0,11,28,17026,110969,0,0,0,0,0,217201,3,0
0,0,0,0,9,28,17027,110969,0,0,0,0,0,261533,3,0
0,0,0,0,30,28,17028,110969,0,0,0,0,0,220544,3,0
0,0,0,0,26,28,17029,110969,0,0,0,0,0,253656,3,0
0,0,0,0,35,28,17030,110969,0,0,0,0,0,254151,3,0
0,0,0,0,18,28,17031,110969,0,0,0,0,0,220545,3,0
0,0,0,0,25,28,17032,110969,0,0,0,0,0,74141,3,0
0,0,0,0,21,29,17033,110969,0,0,0,0,0,271389,3,0
0,0,0,0,1,29,17034,110969,0,0,0,0,0,253637,3,0
0,0,0,0,32,29,17035,110969,0,0,0,0,0,72209,3,0
0,0,0,0,6,29,17036,110969,0,0,0,0,0,260265,3,0
0,0,0,0,22,0,17037,110978,0,0,0,0,0,251818,3,0
0,0,0,0,23,3,17038,110978,0,0,0,0,0,229445,3,0
0,0,0,0,4,4,17039,110978,0,0,0,0,0,239388,3,0
0,0,0,0,5,6,17040,110978,0,0,0,0,0,214961,3,0
0,0,0,0,7,7,17041,110978,0,0,0,0,0,214231,3,0
0,0,0,0,28,9,17042,110978,0,0,0,0,0,247405,3,0
0,0,0,0,20,11,17043,110978,0,0,0,0,0,214139,3,0
0,0,0,0,14,12,17044,110978,0,0,0,0,0,274200,3,0
0,0,0,0,17,16,17045,110978,0,0,0,0,0,233447,3,0
0,0,0,0,10,18,17046,110978,0,0,0,0,0,214429,3,0
0,0,0,0,11,25,17047,110978,0,0,0,0,0,215042,3,0
0,0,0,0,13,28,17048,110978,0,0,0,0,0,247444,3,0
0,0,0,0,15,28,17049,110978,0,0,0,0,0,74940,3,0
0,0,0,0,21,28,17050,110978,0,0,0,0,0,247435,3,0
0,0,0,0,3,28,17051,110978,0,0,0,0,0,279482,3,0
0,0,0,0,12,28,17052,110978,0,0,0,0,0,256557,3,0
0,0,0,0,9,28,17053,110978,0,0,0,0,0,274203,3,0
0,0,0,0,18,28,17054,110978,0,0,0,0,0,243384,3,0
0,0,0,0,19,28,17055,110978,0,0,0,0,0,71659,3,0
0,0,0,0,6,28,17056,110978,0,0,0,0,0,240350,3,0
0,0,0,0,26,28,17057,110978,0,0,0,0,0,259548,3,0
0,0,0,0,2,28,17058,110978,0,0,0,0,0,276793,3,0
0,0,0,0,32,28,17059,110978,0,0,0,0,0,71933,3,0
0,0,0,0,1,29,17060,110978,0,0,0,0,0,75024,3,0
0,0,0,0,1,0,17061,110980,0,0,0,0,0,215086,3,0
0,0,0,0,22,3,17062,110980,0,0,0,0,0,187800,3,0
0,0,0,0,4,4,17063,110980,0,0,0,0,0,275371,3,0
0,0,0,0,37,6,17064,110980,0,0,0,0,0,259298,3,0
0,0,0,0,21,7,17065,110980,0,0,0,0,0,246840,3,0
0,0,0,0,8,10,17066,110980,0,0,0,0,0,214294,3,0
0,0,0,0,7,23,17067,110980,0,0,0,0,0,242971,3,0
0,0,0,0,23,13,17068,110980,0,0,0,0,0,181872,3,0
0,0,0,0,5,15,17069,110980,0,0,0,0,0,216020,3,0
0,0,0,0,32,27,17070,110980,0,0,0,0,0,71013,3,0
0,0,0,0,9,25,17071,110980,0,0,0,0,0,223593,3,0
0,0,0,0,34,28,17072,110980,0,0,0,0,0,256441,3,0
0,0,0,0,15,28,17073,110980,0,0,0,0,0,226170,3,0
0,0,0,0,16,28,17074,110980,0,0,0,0,0,214838,3,0
0,0,0,0,3,28,17075,110980,0,0,0,0,0,263923,3,0
0,0,0,0,30,28,17076,110980,0,0,0,0,0,229444,3,0
0,0,0,0,29,28,17077,110980,0,0,0,0,0,254678,3,0
0,0,0,0,19,28,17078,110980,0,0,0,0,0,198426,3,0
0,0,0,0,11,28,17079,110980,0,0,0,0,0,214874,3,0
0,0,0,0,14,28,17080,110980,0,0,0,0,0,248258,3,0
0,0,0,0,17,28,17081,110980,0,0,0,0,0,265636,3,0
0,0,0,0,24,28,17082,110980,0,0,0,0,0,279063,3,0
0,0,0,0,28,28,17083,110980,0,0,0,0,0,268560,3,0
0,0,0,0,13,29,17084,110980,0,0,0,0,0,264314,3,0
0,0,0,0,33,29,17085,110980,0,0,0,0,0,239590,3,0
0,0,0,0,27,29,17086,110980,0,0,0,0,0,71316,3,0
0,0,0,0,2,29,17087,110980,0,0,0,0,0,257003,3,0
0,0,0,0,26,29,17088,110980,0,0,0,0,0,236897,3,0
0,0,0,0,25,29,17089,110980,0,0,0,0,0,268559,3,0
0,0,0,0,12,29,17090,110980,0,0,0,0,0,274083,3,0
0,0,0,0,20,29,17091,110980,0,0,0,0,0,266692,3,0
0,0,0,0,6,29,17092,110980,0,0,0,0,0,218208,3,0
0,0,0,0,1,0,17093,110981,0,0,0,0,0,215048,3,0
0,0,0,0,26,3,17094,110981,0,0,0,0,0,253537,3,0
0,0,0,0,32,4,17095,110981,0,0,0,0,0,232189,3,0
0,0,0,0,3,6,17096,110981,0,0,0,0,0,226386,3,0
0,0,0,0,6,7,17097,110981,0,0,0,0,0,236943,3,0
0,0,0,0,23,9,17098,110981,0,0,0,0,0,254234,3,0
0,0,0,0,5,11,17099,110981,0,0,0,0,0,253275,3,0
0,0,0,0,7,12,17100,110981,0,0,0,0,0,258286,3,0
0,0,0,0,13,16,17101,110981,0,0,0,0,0,253327,3,0
0,0,0,0,30,18,17102,110981,0,0,0,0,0,272990,3,0
0,0,0,0,29,25,17103,110981,0,0,0,0,0,223685,3,0
0,0,0,0,17,28,17104,110981,0,0,0,0,0,233529,3,0
0,0,0,0,22,28,17105,110981,0,0,0,0,0,255684,3,0
0,0,0,0,44,28,17106,110981,0,0,0,0,0,273922,3,0
0,0,0,0,14,28,17107,110981,0,0,0,0,0,71243,3,0
0,0,0,0,12,28,17108,110981,0,0,0,0,0,255994,3,0
0,0,0,0,16,28,17109,110981,0,0,0,0,0,254069,3,0
0,0,0,0,25,28,17110,110981,0,0,0,0,0,71242,3,0
0,0,0,0,9,28,17111,110981,0,0,0,0,0,278856,3,0
0,0,0,0,33,28,17112,110981,0,0,0,0,0,75153,3,0
0,0,0,0,31,28,17113,110981,0,0,0,0,0,75304,3,0
0,0,0,0,34,28,17114,110981,0,0,0,0,0,75311,3,0
0,0,0,0,15,28,17115,110981,0,0,0,0,0,254028,3,0
0,0,0,0,28,29,17116,110981,0,0,0,0,0,256144,3,0
0,0,0,0,11,29,17117,110981,0,0,0,0,0,233424,3,0
0,0,0,0,22,0,17118,110986,0,0,0,0,0,199103,3,0
0,0,0,0,14,3,17119,110986,0,0,0,0,0,231550,3,0
0,0,0,0,4,4,17120,110986,0,0,0,0,0,265610,3,0
0,0,0,0,30,6,17121,110986,0,0,0,0,0,272974,3,0
0,0,0,0,33,7,17122,110986,0,0,0,0,0,253322,3,0
0,0,0,0,18,10,17123,110986,0,0,0,0,0,251132,3,0
0,0,0,0,29,12,17124,110986,0,0,0,0,0,273969,3,0
0,0,0,0,20,13,17125,110986,0,0,0,0,0,215036,3,0
0,0,0,0,15,15,17126,110986,0,0,0,0,0,259834,3,0
0,0,0,0,26,16,17127,110986,0,0,0,0,0,254023,3,0
0,0,0,0,19,25,17128,110986,0,0,0,0,0,273843,3,0
0,0,0,0,88,28,17129,110986,0,0,0,0,0,266716,3,0
0,0,0,0,25,28,17130,110986,0,0,0,0,0,274001,3,0
0,0,0,0,3,28,17131,110986,0,0,0,0,0,254173,3,0
0,0,0,0,31,28,17132,110986,0,0,0,0,0,74515,3,0
0,0,0,0,1,28,17133,110986,0,0,0,0,0,259904,3,0
0,0,0,0,35,28,17134,110986,0,0,0,0,0,71961,3,0
0,0,0,0,9,28,17135,110986,0,0,0,0,0,245357,3,0
0,0,0,0,8,28,17136,110986,0,0,0,0,0,255988,3,0
0,0,0,0,24,28,17137,110986,0,0,0,0,0,238275,3,0
0,0,0,0,17,28,17138,110986,0,0,0,0,0,253332,3,0
0,0,0,0,12,28,17139,110986,0,0,0,0,0,70147,3,0
0,0,0,0,11,28,17140,110986,0,0,0,0,0,240944,3,0
0,0,0,0,1,0,17141,110989,0,0,0,0,0,228736,3,0
0,0,0,0,30,3,17142,110989,0,0,0,0,0,254941,3,0
0,0,0,0,2,4,17143,110989,0,0,0,0,0,259847,3,0
0,0,0,0,6,6,17144,110989,0,0,0,0,0,209073,3,0
0,0,0,0,3,7,17145,110989,0,0,0,0,0,261504,3,0
0,0,0,0,5,9,17146,110989,0,0,0,0,0,70756,3,0
0,0,0,0,21,11,17147,110989,0,0,0,0,0,264775,3,0
0,0,0,0,14,12,17148,110989,0,0,0,0,0,275515,3,0
0,0,0,0,7,16,17149,110989,0,0,0,0,0,244209,3,0
0,0,0,0,10,18,17150,110989,0,0,0,0,0,253813,3,0
0,0,0,0,11,25,17151,110989,0,0,0,0,0,244834,3,0
0,0,0,0,22,28,17152,110989,0,0,0,0,0,261497,3,0
0,0,0,0,28,28,17153,110989,0,0,0,0,0,275041,3,0
0,0,0,0,4,28,17154,110989,0,0,0,0,0,272373,3,0
0,0,0,0,39,28,17155,110989,0,0,0,0,0,71850,3,0
0,0,0,0,23,28,17156,110989,0,0,0,0,0,256186,3,0
0,0,0,0,24,28,17157,110989,0,0,0,0,0,271880,3,0
0,0,0,0,18,28,17158,110989,0,0,0,0,0,275038,3,0
0,0,0,0,31,28,17159,110989,0,0,0,0,0,267397,3,0
0,0,0,0,33,28,17160,110989,0,0,0,0,0,71671,3,0
0,0,0,0,36,28,17161,110989,0,0,0,0,0,71837,3,0
0,0,0,0,17,28,17162,110989,0,0,0,0,0,70754,3,0
0,0,0,0,12,28,17163,110989,0,0,0,0,0,269251,3,0
0,0,0,0,27,29,17164,110989,0,0,0,0,0,70753,3,0
0,0,0,0,1,0,17165,110990,0,0,0,0,0,252123,3,0
0,0,0,0,4,4,17166,110990,0,0,0,0,0,254036,3,0
0,0,0,0,2,5,17167,110990,0,0,0,0,0,260045,3,0
0,0,0,0,13,6,17168,110990,0,0,0,0,0,192765,3,0
0,0,0,0,10,23,17169,110990,0,0,0,0,0,267888,3,0
0,0,0,0,33,12,17170,110990,0,0,0,0,0,252096,3,0
0,0,0,0,15,13,17171,110990,0,0,0,0,0,261648,3,0
0,0,0,0,24,15,17172,110990,0,0,0,0,0,214175,3,0
0,0,0,0,23,16,17173,110990,0,0,0,0,0,272360,3,0
0,0,0,0,28,27,17174,110990,0,0,0,0,0,69990,3,0
0,0,0,0,9,25,17175,110990,0,0,0,0,0,246751,3,0
0,0,0,0,19,28,17176,110990,0,0,0,0,0,259979,3,0
0,0,0,0,11,28,17177,110990,0,0,0,0,0,255222,3,0
0,0,0,0,17,28,17178,110990,0,0,0,0,0,253911,3,0
0,0,0,0,3,28,17179,110990,0,0,0,0,0,267919,3,0
0,0,0,0,50,28,17180,110990,0,0,0,0,0,265675,3,0
0,0,0,0,7,28,17181,110990,0,0,0,0,0,260065,3,0
0,0,0,0,20,28,17182,110990,0,0,0,0,0,262752,3,0
0,0,0,0,29,28,17183,110990,0,0,0,0,0,237534,3,0
0,0,0,0,5,28,17184,110990,0,0,0,0,0,215127,3,0
0,0,0,0,25,28,17185,110990,0,0,0,0,0,181989,3,0
0,0,0,0,37,28,17186,110990,0,0,0,0,0,273584,3,0
0,0,0,0,36,28,17187,110990,0,0,0,0,0,271858,3,0
0,0,0,0,31,29,17188,110990,0,0,0,0,0,273585,3,0
0,0,0,0,30,29,17189,110990,0,0,0,0,0,274058,3,0
0,0,0,0,44,29,17190,110990,0,0,0,0,0,71848,3,0
0,0,0,0,38,29,17191,110990,0,0,0,0,0,276828,3,0
0,0,0,0,1,0,17192,111008,0,0,0,0,0,198653,3,0
0,0,0,0,2,3,17193,111008,0,0,0,0,0,244946,3,0
0,0,0,0,5,4,17194,111008,0,0,0,0,0,227550,3,0
0,0,0,0,4,6,17195,111008,0,0,0,0,0,254703,3,0
0,0,0,0,17,7,17196,111008,0,0,0,0,0,253239,3,0
0,0,0,0,26,10,17197,111008,0,0,0,0,0,248868,3,0
0,0,0,0,18,12,17198,111008,0,0,0,0,0,253240,3,0
0,0,0,0,21,13,17199,111008,0,0,0,0,0,255436,3,0
0,0,0,0,19,15,17200,111008,0,0,0,0,0,271071,3,0
0,0,0,0,10,16,17201,111008,0,0,0,0,0,204699,3,0
0,0,0,0,7,25,17202,111008,0,0,0,0,0,179752,3,0
0,0,0,0,36,28,17203,111008,0,0,0,0,0,255963,3,0
0,0,0,0,22,28,17204,111008,0,0,0,0,0,256149,3,0
0,0,0,0,6,28,17205,111008,0,0,0,0,0,259410,3,0
0,0,0,0,14,28,17206,111008,0,0,0,0,0,209005,3,0
0,0,0,0,12,28,17207,111008,0,0,0,0,0,256156,3,0
0,0,0,0,24,28,17208,111008,0,0,0,0,0,25798,3,0
0,0,0,0,28,28,17209,111008,0,0,0,0,0,274378,3,0
0,0,0,0,8,28,17210,111008,0,0,0,0,0,233372,3,0
0,0,0,0,13,28,17211,111008,0,0,0,0,0,218868,3,0
0,0,0,0,32,28,17212,111008,0,0,0,0,0,75224,3,0
0,0,0,0,16,28,17213,111008,0,0,0,0,0,174381,3,0
0,0,0,0,35,28,17214,111008,0,0,0,0,0,270842,3,0
0,0,0,0,33,29,17215,111008,0,0,0,0,0,204977,3,0
0,0,0,0,27,29,17216,111008,0,0,0,0,0,252962,3,0
0,0,0,0,9,29,17217,111008,0,0,0,0,0,268527,3,0
0,0,0,0,11,29,17218,111008,0,0,0,0,0,215750,3,0
0,0,0,0,20,29,17219,111008,0,0,0,0,0,241501,3,0
0,0,0,0,37,29,17220,111008,0,0,0,0,0,75223,3,0
0,0,0,0,15,29,17221,111008,0,0,0,0,0,215107,3,0
0,0,0,0,38,29,17222,111008,0,0,0,0,0,74143,3,0
0,0,0,0,25,29,17223,111008,0,0,0,0,0,261703,3,0
0,0,0,0,30,29,17224,111008,0,0,0,0,0,279477,3,0
0,0,0,0,1,0,17225,111010,0,0,0,0,0,254198,3,0
0,0,0,0,29,4,17226,111010,0,0,0,0,0,266387,3,0
0,0,0,0,5,5,17227,111010,0,0,0,0,0,187132,3,0
0,0,0,0,6,6,17228,111010,0,0,0,0,0,259657,3,0
0,0,0,0,22,10,17229,111010,0,0,0,0,0,226405,3,0
0,0,0,0,7,12,17230,111010,0,0,0,0,0,266087,3,0
0,0,0,0,27,13,17231,111010,0,0,0,0,0,275462,3,0
0,0,0,0,10,15,17232,111010,0,0,0,0,0,205119,3,0
0,0,0,0,2,16,17233,111010,0,0,0,0,0,247433,3,0
0,0,0,0,30,24,17234,111010,0,0,0,0,0,220409,3,0
0,0,0,0,9,26,17235,111010,0,0,0,0,0,191856,3,0
0,0,0,0,25,28,17236,111010,0,0,0,0,0,261563,3,0
0,0,0,0,20,28,17237,111010,0,0,0,0,0,253602,3,0
0,0,0,0,15,28,17238,111010,0,0,0,0,0,274011,3,0
0,0,0,0,13,28,17239,111010,0,0,0,0,0,259776,3,0
0,0,0,0,32,28,17240,111010,0,0,0,0,0,256183,3,0
0,0,0,0,19,28,17241,111010,0,0,0,0,0,233078,3,0
0,0,0,0,11,28,17242,111010,0,0,0,0,0,272795,3,0
0,0,0,0,24,28,17243,111010,0,0,0,0,0,71901,3,0
0,0,0,0,16,28,17244,111010,0,0,0,0,0,71898,3,0
0,0,0,0,14,28,17245,111010,0,0,0,0,0,264798,3,0
0,0,0,0,17,28,17246,111010,0,0,0,0,0,71899,3,0
0,0,0,0,12,28,17247,111010,0,0,0,0,0,270939,3,0
0,0,0,0,1,0,17248,111014,0,0,0,0,0,227154,3,0
0,0,0,0,29,4,17249,111014,0,0,0,0,0,196688,3,0
0,0,0,0,3,5,17250,111014,0,0,0,0,0,240138,3,0
0,0,0,0,5,6,17251,111014,0,0,0,0,0,266554,3,0
0,0,0,0,18,10,17252,111014,0,0,0,0,0,214414,3,0
0,0,0,0,24,12,17253,111014,0,0,0,0,0,223637,3,0
0,0,0,0,16,13,17254,111014,0,0,0,0,0,211274,3,0
0,0,0,0,17,15,17255,111014,0,0,0,0,0,264796,3,0
0,0,0,0,34,16,17256,111014,0,0,0,0,0,254893,3,0
0,0,0,0,20,24,17257,111014,0,0,0,0,0,259251,3,0
0,0,0,0,19,26,17258,111014,0,0,0,0,0,210951,3,0
0,0,0,0,10,28,17259,111014,0,0,0,0,0,246013,3,0
0,0,0,0,23,28,17260,111014,0,0,0,0,0,259941,3,0
0,0,0,0,2,28,17261,111014,0,0,0,0,0,274505,3,0
0,0,0,0,26,28,17262,111014,0,0,0,0,0,274503,3,0
0,0,0,0,12,28,17263,111014,0,0,0,0,0,253837,3,0
0,0,0,0,11,28,17264,111014,0,0,0,0,0,265627,3,0
0,0,0,0,27,28,17265,111014,0,0,0,0,0,253902,3,0
0,0,0,0,33,28,17266,111014,0,0,0,0,0,253558,3,0
0,0,0,0,7,28,17267,111014,0,0,0,0,0,266120,3,0
0,0,0,0,21,28,17268,111014,0,0,0,0,0,259606,3,0
0,0,0,0,31,28,17269,111014,0,0,0,0,0,71869,3,0
0,0,0,0,12,0,17270,111325,0,0,0,0,0,202089,3,0
0,0,0,0,14,3,17271,111325,0,0,0,0,0,266844,3,0
0,0,0,0,4,4,17272,111325,0,0,0,0,0,197655,3,0
0,0,0,0,23,6,17273,111325,0,0,0,0,0,188485,3,0
0,0,0,0,11,7,17274,111325,0,0,0,0,0,229015,3,0
0,0,0,0,8,10,17275,111325,0,0,0,0,0,247076,3,0
0,0,0,0,7,12,17276,111325,0,0,0,0,0,267747,3,0
0,0,0,0,26,13,17277,111325,0,0,0,0,0,70335,3,0
0,0,0,0,16,15,17278,111325,0,0,0,0,0,228179,3,0
0,0,0,0,22,16,17279,111325,0,0,0,0,0,232546,3,0
0,0,0,0,20,25,17280,111325,0,0,0,0,0,266648,3,0
0,0,0,0,19,28,17281,111325,0,0,0,0,0,253953,3,0
0,0,0,0,10,28,17282,111325,0,0,0,0,0,204691,3,0
0,0,0,0,13,28,17283,111325,0,0,0,0,0,273603,3,0
0,0,0,0,32,28,17284,111325,0,0,0,0,0,71224,3,0
0,0,0,0,25,28,17285,111325,0,0,0,0,0,258209,3,0
0,0,0,0,9,28,17286,111325,0,0,0,0,0,205972,3,0
0,0,0,0,29,28,17287,111325,0,0,0,0,0,201335,3,0
0,0,0,0,1,28,17288,111325,0,0,0,0,0,70565,3,0
0,0,0,0,33,28,17289,111325,0,0,0,0,0,273559,3,0
0,0,0,0,27,28,17290,111325,0,0,0,0,0,71419,3,0
0,0,0,0,24,28,17291,111325,0,0,0,0,0,70333,3,0
0,0,0,0,21,28,17292,111325,0,0,0,0,0,267750,3,0
0,0,0,0,18,29,17293,111325,0,0,0,0,0,70334,3,0
0,0,0,0,17,29,17294,111325,0,0,0,0,0,207715,3,0
0,0,0,0,30,29,17295,111325,0,0,0,0,0,229842,3,0
0,0,0,0,5,29,17296,111325,0,0,0,0,0,254628,3,0
0,0,0,0,2,29,17297,111325,0,0,0,0,0,225299,3,0
0,0,0,0,6,29,17298,111325,0,0,0,0,0,74301,3,0
0,0,0,0,50,29,17299,111325,0,0,0,0,0,75285,3,0
0,0,0,0,31,29,17300,111325,0,0,0,0,0,75286,3,0
0,0,0,0,21,0,17301,111326,0,0,0,0,0,253255,3,0
0,0,0,0,24,3,17302,111326,0,0,0,0,0,271902,3,0
0,0,0,0,14,4,17303,111326,0,0,0,0,0,253262,3,0
0,0,0,0,18,6,17304,111326,0,0,0,0,0,266645,3,0
0,0,0,0,32,7,17305,111326,0,0,0,0,0,271905,3,0
0,0,0,0,7,9,17306,111326,0,0,0,0,0,258107,3,0
0,0,0,0,15,11,17307,111326,0,0,0,0,0,213974,3,0
0,0,0,0,20,12,17308,111326,0,0,0,0,0,279813,3,0
0,0,0,0,22,16,17309,111326,0,0,0,0,0,251831,3,0
0,0,0,0,31,18,17310,111326,0,0,0,0,0,279944,3,0
0,0,0,0,9,25,17311,111326,0,0,0,0,0,274985,3,0
0,0,0,0,27,28,17312,111326,0,0,0,0,0,268133,3,0
0,0,0,0,37,28,17313,111326,0,0,0,0,0,75034,3,0
0,0,0,0,4,28,17314,111326,0,0,0,0,0,278175,3,0
0,0,0,0,26,28,17315,111326,0,0,0,0,0,74707,3,0
0,0,0,0,1,28,17316,111326,0,0,0,0,0,73477,3,0
0,0,0,0,13,28,17317,111326,0,0,0,0,0,279945,3,0
0,0,0,0,43,28,17318,111326,0,0,0,0,0,74955,3,0
0,0,0,0,16,28,17319,111326,0,0,0,0,0,75036,3,0
0,0,0,0,25,28,17320,111326,0,0,0,0,0,75220,3,0
0,0,0,0,1,0,17321,111327,0,0,0,0,0,256220,3,0
0,0,0,0,18,3,17322,111327,0,0,0,0,0,256551,3,0
0,0,0,0,13,4,17323,111327,0,0,0,0,0,71333,3,0
0,0,0,0,4,5,17324,111327,0,0,0,0,0,254989,3,0
0,0,0,0,3,6,17325,111327,0,0,0,0,0,237159,3,0
0,0,0,0,2,7,17326,111327,0,0,0,0,0,251685,3,0
0,0,0,0,6,10,17327,111327,0,0,0,0,0,214915,3,0
0,0,0,0,8,13,17328,111327,0,0,0,0,0,257211,3,0
0,0,0,0,14,15,17329,111327,0,0,0,0,0,236906,3,0
0,0,0,0,36,24,17330,111327,0,0,0,0,0,253292,3,0
0,0,0,0,11,26,17331,111327,0,0,0,0,0,213619,3,0
0,0,0,0,10,28,17332,111327,0,0,0,0,0,247352,3,0
0,0,0,0,15,28,17333,111327,0,0,0,0,0,273659,3,0
0,0,0,0,28,28,17334,111327,0,0,0,0,0,71740,3,0
0,0,0,0,41,28,17335,111327,0,0,0,0,0,74687,3,0
0,0,0,0,24,28,17336,111327,0,0,0,0,0,214908,3,0
0,0,0,0,23,28,17337,111327,0,0,0,0,0,229466,3,0
0,0,0,0,9,28,17338,111327,0,0,0,0,0,252534,3,0
0,0,0,0,26,28,17339,111327,0,0,0,0,0,255399,3,0
0,0,0,0,7,28,17340,111327,0,0,0,0,0,235311,3,0
0,0,0,0,22,28,17341,111327,0,0,0,0,0,71741,3,0
0,0,0,0,21,28,17342,111327,0,0,0,0,0,265640,3,0
0,0,0,0,20,28,17343,111327,0,0,0,0,0,226556,3,0
0,0,0,0,34,29,17344,111327,0,0,0,0,0,71739,3,0
0,0,0,0,29,29,17345,111327,0,0,0,0,0,273118,3,0
0,0,0,0,31,29,17346,111327,0,0,0,0,0,261574,3,0
0,0,0,0,19,29,17347,111327,0,0,0,0,0,71896,3,0
0,0,0,0,27,29,17348,111327,0,0,0,0,0,274015,3,0
0,0,0,0,16,29,17349,111327,0,0,0,0,0,261067,3,0
0,0,0,0,1,0,17350,111328,0,0,0,0,0,215250,3,0
0,0,0,0,3,3,17351,111328,0,0,0,0,0,256189,3,0
0,0,0,0,17,4,17352,111328,0,0,0,0,0,278776,3,0
0,0,0,0,13,6,17353,111328,0,0,0,0,0,213846,3,0
0,0,0,0,28,7,17354,111328,0,0,0,0,0,214333,3,0
0,0,0,0,5,10,17355,111328,0,0,0,0,0,240964,3,0
0,0,0,0,7,23,17356,111328,0,0,0,0,0,207641,3,0
0,0,0,0,14,13,17357,111328,0,0,0,0,0,236956,3,0
0,0,0,0,10,15,17358,111328,0,0,0,0,0,215129,3,0
0,0,0,0,11,27,17359,111328,0,0,0,0,0,229209,3,0
0,0,0,0,9,25,17360,111328,0,0,0,0,0,265641,3,0
0,0,0,0,23,28,17361,111328,0,0,0,0,0,214308,3,0
0,0,0,0,22,28,17362,111328,0,0,0,0,0,261221,3,0
0,0,0,0,16,28,17363,111328,0,0,0,0,0,229713,3,0
0,0,0,0,4,28,17364,111328,0,0,0,0,0,263141,3,0
0,0,0,0,26,28,17365,111328,0,0,0,0,0,256923,3,0
0,0,0,0,27,28,17366,111328,0,0,0,0,0,260030,3,0
0,0,0,0,18,28,17367,111328,0,0,0,0,0,243295,3,0
0,0,0,0,20,28,17368,111328,0,0,0,0,0,215168,3,0
0,0,0,0,24,28,17369,111328,0,0,0,0,0,259275,3,0
0,0,0,0,29,28,17370,111328,0,0,0,0,0,74543,3,0
0,0,0,0,19,28,17371,111328,0,0,0,0,0,217794,3,0
0,0,0,0,12,28,17372,111328,0,0,0,0,0,256599,3,0
0,0,0,0,6,29,17373,111328,0,0,0,0,0,264412,3,0
0,0,0,0,15,29,17374,111328,0,0,0,0,0,74979,3,0
0,0,0,0,21,29,17375,111328,0,0,0,0,0,70340,3,0
0,0,0,0,13,0,17376,112716,0,0,0,0,0,234999,3,0
0,0,0,0,2,3,17377,112716,0,0,0,0,0,255134,3,0
0,0,0,0,15,4,17378,112716,0,0,0,0,0,277781,3,0
0,0,0,0,24,6,17379,112716,0,0,0,0,0,253245,3,0
0,0,0,0,37,7,17380,112716,0,0,0,0,0,74142,3,0
0,0,0,0,26,9,17381,112716,0,0,0,0,0,234037,3,0
0,0,0,0,6,11,17382,112716,0,0,0,0,0,214366,3,0
0,0,0,0,11,12,17383,112716,0,0,0,0,0,199151,3,0
0,0,0,0,10,16,17384,112716,0,0,0,0,0,225878,3,0
0,0,0,0,8,18,17385,112716,0,0,0,0,0,216055,3,0
0,0,0,0,9,25,17386,112716,0,0,0,0,0,257383,3,0
0,0,0,0,20,28,17387,112716,0,0,0,0,0,260135,3,0
0,0,0,0,5,28,17388,112716,0,0,0,0,0,253251,3,0
0,0,0,0,35,28,17389,112716,0,0,0,0,0,268431,3,0
0,0,0,0,32,28,17390,112716,0,0,0,0,0,70231,3,0
0,0,0,0,1,28,17391,112716,0,0,0,0,0,217805,3,0
0,0,0,0,19,28,17392,112716,0,0,0,0,0,223099,3,0
0,0,0,0,40,28,17393,112716,0,0,0,0,0,228748,3,0
0,0,0,0,22,28,17394,112716,0,0,0,0,0,273683,3,0
0,0,0,0,17,28,17395,112716,0,0,0,0,0,70956,3,0
0,0,0,0,4,28,17396,112716,0,0,0,0,0,246658,3,0
0,0,0,0,28,28,17397,112716,0,0,0,0,0,275431,3,0
0,0,0,0,30,28,17398,112716,0,0,0,0,0,269088,3,0
0,0,0,0,14,29,17399,112716,0,0,0,0,0,274262,3,0
0,0,0,0,39,29,17400,112716,0,0,0,0,0,278566,3,0
0,0,0,0,7,29,17401,112716,0,0,0,0,0,260138,3,0
0,0,0,0,12,29,17402,112716,0,0,0,0,0,255965,3,0
0,0,0,0,29,29,17403,112716,0,0,0,0,0,70429,3,0
0,0,0,0,21,29,17404,112716,0,0,0,0,0,71588,3,0
0,0,0,0,16,29,17405,112716,0,0,0,0,0,70864,3,0
0,0,0,0,34,29,17406,112716,0,0,0,0,0,253253,3,0
0,0,0,0,31,29,17407,112716,0,0,0,0,0,267466,3,0
0,0,0,0,22,0,17408,112908,0,0,0,0,0,237046,3,0
0,0,0,0,13,3,17409,112908,0,0,0,0,0,230118,3,0
0,0,0,0,4,4,17410,112908,0,0,0,0,0,253348,3,0
0,0,0,0,14,6,17411,112908,0,0,0,0,0,241064,3,0
0,0,0,0,51,7,17412,112908,0,0,0,0,0,271417,3,0
0,0,0,0,80,9,17413,112908,0,0,0,0,0,254887,3,0
0,0,0,0,7,11,17414,112908,0,0,0,0,0,271741,3,0
0,0,0,0,50,12,17415,112908,0,0,0,0,0,279485,3,0
0,0,0,0,30,16,17416,112908,0,0,0,0,0,204738,3,0
0,0,0,0,10,18,17417,112908,0,0,0,0,0,220739,3,0
0,0,0,0,27,25,17418,112908,0,0,0,0,0,242492,3,0
0,0,0,0,18,28,17419,112908,0,0,0,0,0,266310,3,0
0,0,0,0,5,28,17420,112908,0,0,0,0,0,253341,3,0
0,0,0,0,15,28,17421,112908,0,0,0,0,0,246403,3,0
0,0,0,0,6,28,17422,112908,0,0,0,0,0,268620,3,0
0,0,0,0,1,28,17423,112908,0,0,0,0,0,256161,3,0
0,0,0,0,11,28,17424,112908,0,0,0,0,0,198628,3,0
0,0,0,0,16,28,17425,112908,0,0,0,0,0,274559,3,0
0,0,0,0,31,28,17426,112908,0,0,0,0,0,241498,3,0
0,0,0,0,2,28,17427,112908,0,0,0,0,0,266699,3,0
0,0,0,0,40,28,17428,112908,0,0,0,0,0,71055,3,0
0,0,0,0,38,28,17429,112908,0,0,0,0,0,279486,3,0
0,0,0,0,56,28,17430,112908,0,0,0,0,0,279487,3,0
0,0,0,0,12,29,17431,112908,0,0,0,0,0,261234,3,0
0,0,0,0,12,0,17432,568,0,0,0,0,0,230318,3,0
0,0,0,0,2,3,17433,568,0,0,0,0,0,230202,3,0
0,0,0,0,4,4,17434,568,0,0,0,0,0,230209,3,0
0,0,0,0,5,6,17435,568,0,0,0,0,0,230382,3,0
0,0,0,0,6,7,17436,568,0,0,0,0,0,230189,3,0
0,0,0,0,16,9,17437,568,0,0,0,0,0,230252,3,0
0,0,0,0,8,11,17438,568,0,0,0,0,0,230452,3,0
0,0,0,0,40,17,17439,568,0,0,0,0,0,230465,3,0
0,0,0,0,11,19,17440,568,0,0,0,0,0,234015,3,0
0,0,0,0,10,24,17441,568,0,0,0,0,0,230502,3,0
0,0,0,0,9,26,17442,568,0,0,0,0,0,230515,3,0
0,0,0,0,41,28,17443,568,0,0,0,0,0,230243,3,0
0,0,0,0,18,28,17444,568,0,0,0,0,0,236076,3,0
0,0,0,0,3,28,17445,568,0,0,0,0,0,233986,3,0
0,0,0,0,14,28,17446,568,0,0,0,0,0,230200,3,0
0,0,0,0,22,28,17447,568,0,0,0,0,0,233976,3,0
0,0,0,0,28,28,17448,568,0,0,0,0,0,230290,3,0
0,0,0,0,35,28,17449,568,0,0,0,0,0,230522,3,0
0,0,0,0,7,28,17450,568,0,0,0,0,0,230236,3,0
0,0,0,0,39,28,17451,568,0,0,0,0,0,236165,3,0
0,0,0,0,1,0,17452,1039,0,0,0,0,0,230317,3,0
0,0,0,0,4,3,17453,1039,0,0,0,0,0,230401,3,0
0,0,0,0,18,4,17454,1039,0,0,0,0,0,230295,3,0
0,0,0,0,6,6,17455,1039,0,0,0,0,0,230375,3,0
0,0,0,0,13,7,17456,1039,0,0,0,0,0,230333,3,0
0,0,0,0,28,9,17457,1039,0,0,0,0,0,230355,3,0
0,0,0,0,33,11,17458,1039,0,0,0,0,0,230435,3,0
0,0,0,0,21,12,17459,1039,0,0,0,0,0,230358,3,0
0,0,0,0,10,16,17460,1039,0,0,0,0,0,233982,3,0
0,0,0,0,26,18,17461,1039,0,0,0,0,0,230267,3,0
0,0,0,0,9,25,17462,1039,0,0,0,0,0,230497,3,0
0,0,0,0,7,28,17463,1039,0,0,0,0,0,230274,3,0
0,0,0,0,17,28,17464,1039,0,0,0,0,0,230490,3,0
0,0,0,0,19,28,17465,1039,0,0,0,0,0,230529,3,0
0,0,0,0,2,28,17466,1039,0,0,0,0,0,230192,3,0
0,0,0,0,12,28,17467,1039,0,0,0,0,0,230195,3,0
0,0,0,0,32,28,17468,1039,0,0,0,0,0,230506,3,0
0,0,0,0,24,28,17469,1039,0,0,0,0,0,230266,3,0
0,0,0,0,3,28,17470,1039,0,0,0,0,0,230531,3,0
0,0,0,0,36,28,17471,1039,0,0,0,0,0,230467,3,0
0,0,0,0,1,0,17472,1041,0,0,0,0,0,230165,3,0
0,0,0,0,2,3,17473,1041,0,0,0,0,0,230201,3,0
0,0,0,0,3,4,17474,1041,0,0,0,0,0,230293,3,0
0,0,0,0,4,6,17475,1041,0,0,0,0,0,230316,3,0
0,0,0,0,6,7,17476,1041,0,0,0,0,0,230186,3,0
0,0,0,0,5,10,17477,1041,0,0,0,0,0,230258,3,0
0,0,0,0,7,12,17478,1041,0,0,0,0,0,230451,3,0
0,0,0,0,10,13,17479,1041,0,0,0,0,0,230364,3,0
0,0,0,0,8,15,17480,1041,0,0,0,0,0,230429,3,0
0,0,0,0,11,16,17481,1041,0,0,0,0,0,230470,3,0
0,0,0,0,9,25,17482,1041,0,0,0,0,0,230442,3,0
0,0,0,0,16,28,17483,1041,0,0,0,0,0,230359,3,0
0,0,0,0,14,28,17484,1041,0,0,0,0,0,230254,3,0
0,0,0,0,15,28,17485,1041,0,0,0,0,0,230232,3,0
0,0,0,0,13,28,17486,1041,0,0,0,0,0,230297,3,0
0,0,0,0,12,28,17487,1041,0,0,0,0,0,233977,3,0
0,0,0,0,18,28,17488,1041,0,0,0,0,0,230394,3,0
0,0,0,0,17,28,17489,1041,0,0,0,0,0,230351,3,0
0,0,0,0,19,28,17490,1041,0,0,0,0,0,230380,3,0
0,0,0,0,20,28,17491,1041,0,0,0,0,0,230436,3,0
0,0,0,0,16,0,17492,1048,0,0,0,0,0,230312,3,0
0,0,0,0,25,3,17493,1048,0,0,0,0,0,230216,3,0
0,0,0,0,3,4,17494,1048,0,0,0,0,0,230313,3,0
0,0,0,0,30,6,17495,1048,0,0,0,0,0,230212,3,0
0,0,0,0,4,7,17496,1048,0,0,0,0,0,230183,3,0
0,0,0,0,11,12,17497,1048,0,0,0,0,0,230408,3,0
0,0,0,0,5,13,17498,1048,0,0,0,0,0,230431,3,0
0,0,0,0,6,15,17499,1048,0,0,0,0,0,230437,3,0
0,0,0,0,10,16,17500,1048,0,0,0,0,0,230276,3,0
0,0,0,0,9,24,17501,1048,0,0,0,0,0,230495,3,0
0,0,0,0,8,26,17502,1048,0,0,0,0,0,230277,3,0
0,0,0,0,17,28,17503,1048,0,0,0,0,0,236145,3,0
0,0,0,0,15,28,17504,1048,0,0,0,0,0,236164,3,0
0,0,0,0,22,28,17505,1048,0,0,0,0,0,236075,3,0
0,0,0,0,18,28,17506,1048,0,0,0,0,0,230398,3,0
0,0,0,0,21,28,17507,1048,0,0,0,0,0,233999,3,0
0,0,0,0,26,28,17508,1048,0,0,0,0,0,230513,3,0
0,0,0,0,31,28,17509,1048,0,0,0,0,0,234016,3,0
0,0,0,0,23,28,17510,1048,0,0,0,0,0,230362,3,0
0,0,0,0,19,28,17511,1048,0,0,0,0,0,230288,3,0
0,0,0,0,1,0,17512,101099,0,0,0,0,0,250842,3,0
0,0,0,0,13,3,17513,101099,0,0,0,0,0,224460,3,0
0,0,0,0,24,4,17514,101099,0,0,0,0,0,214196,3,0
0,0,0,0,4,6,17515,101099,0,0,0,0,0,219787,3,0
0,0,0,0,21,7,17516,101099,0,0,0,0,0,219413,3,0
0,0,0,0,17,9,17517,101099,0,0,0,0,0,214054,3,0
0,0,0,0,42,11,17518,101099,0,0,0,0,0,278784,3,0
0,0,0,0,7,12,17519,101099,0,0,0,0,0,241601,3,0
0,0,0,0,22,16,17520,101099,0,0,0,0,0,229843,3,0
0,0,0,0,9,24,17521,101099,0,0,0,0,0,230871,3,0
0,0,0,0,20,26,17522,101099,0,0,0,0,0,176619,3,0
0,0,0,0,19,28,17523,101099,0,0,0,0,0,214177,3,0
0,0,0,0,5,28,17524,101099,0,0,0,0,0,226737,3,0
0,0,0,0,14,28,17525,101099,0,0,0,0,0,278782,3,0
0,0,0,0,36,28,17526,101099,0,0,0,0,0,278785,3,0
0,0,0,0,12,28,17527,101099,0,0,0,0,0,227560,3,0
0,0,0,0,25,28,17528,101099,0,0,0,0,0,218743,3,0
0,0,0,0,32,28,17529,101099,0,0,0,0,0,220851,3,0
0,0,0,0,31,28,17530,101099,0,0,0,0,0,71764,3,0
0,0,0,0,25,0,17531,101103,0,0,0,0,0,214415,3,0
0,0,0,0,2,3,17532,101103,0,0,0,0,0,276556,3,0
0,0,0,0,23,4,17533,101103,0,0,0,0,0,214021,3,0
0,0,0,0,24,6,17534,101103,0,0,0,0,0,242763,3,0
0,0,0,0,17,7,17535,101103,0,0,0,0,0,259111,3,0
0,0,0,0,14,9,17536,101103,0,0,0,0,0,226747,3,0
0,0,0,0,15,11,17537,101103,0,0,0,0,0,245998,3,0
0,0,0,0,33,12,17538,101103,0,0,0,0,0,254111,3,0
0,0,0,0,10,16,17539,101103,0,0,0,0,0,264582,3,0
0,0,0,0,27,24,17540,101103,0,0,0,0,0,273655,3,0
0,0,0,0,9,26,17541,101103,0,0,0,0,0,236604,3,0
0,0,0,0,5,28,17542,101103,0,0,0,0,0,244514,3,0
0,0,0,0,3,28,17543,101103,0,0,0,0,0,235280,3,0
0,0,0,0,13,28,17544,101103,0,0,0,0,0,223721,3,0
0,0,0,0,7,28,17545,101103,0,0,0,0,0,272367,3,0
0,0,0,0,12,28,17546,101103,0,0,0,0,0,214274,3,0
0,0,0,0,8,28,17547,101103,0,0,0,0,0,241573,3,0
0,0,0,0,30,28,17548,101103,0,0,0,0,0,275647,3,0
0,0,0,0,18,28,17549,101103,0,0,0,0,0,235665,3,0
0,0,0,0,31,28,17550,101103,0,0,0,0,0,227515,3,0
0,0,0,0,34,28,17551,101103,0,0,0,0,0,71591,3,0
0,0,0,0,21,28,17552,101103,0,0,0,0,0,71592,3,0
0,0,0,0,20,28,17553,101103,0,0,0,0,0,71593,3,0
0,0,0,0,26,29,17554,101103,0,0,0,0,0,70568,3,0
0,0,0,0,35,29,17555,101103,0,0,0,0,0,273589,3,0
0,0,0,0,6,29,17556,101103,0,0,0,0,0,255607,3,0
0,0,0,0,11,29,17557,101103,0,0,0,0,0,259792,3,0
0,0,0,0,70,29,17558,101103,0,0,0,0,0,273833,3,0
0,0,0,0,1,0,17559,101108,0,0,0,0,0,254601,3,0
0,0,0,0,21,3,17560,101108,0,0,0,0,0,279548,3,0
0,0,0,0,26,4,17561,101108,0,0,0,0,0,265556,3,0
0,0,0,0,25,6,17562,101108,0,0,0,0,0,244945,3,0
0,0,0,0,36,7,17563,101108,0,0,0,0,0,262566,3,0
0,0,0,0,23,12,17564,101108,0,0,0,0,0,253250,3,0
0,0,0,0,20,13,17565,101108,0,0,0,0,0,275595,3,0
0,0,0,0,6,15,17566,101108,0,0,0,0,0,216385,3,0
0,0,0,0,37,16,17567,101108,0,0,0,0,0,253556,3,0
0,0,0,0,10,24,17568,101108,0,0,0,0,0,209523,3,0
0,0,0,0,19,26,17569,101108,0,0,0,0,0,184252,3,0
0,0,0,0,27,28,17570,101108,0,0,0,0,0,261139,3,0
0,0,0,0,17,28,17571,101108,0,0,0,0,0,262310,3,0
0,0,0,0,3,28,17572,101108,0,0,0,0,0,273844,3,0
0,0,0,0,2,28,17573,101108,0,0,0,0,0,255662,3,0
0,0,0,0,41,28,17574,101108,0,0,0,0,0,278139,3,0
0,0,0,0,7,28,17575,101108,0,0,0,0,0,248869,3,0
0,0,0,0,44,28,17576,101108,0,0,0,0,0,277796,3,0
0,0,0,0,16,28,17577,101108,0,0,0,0,0,71549,3,0
0,0,0,0,32,28,17578,101108,0,0,0,0,0,254700,3,0
0,0,0,0,60,28,17579,101108,0,0,0,0,0,279549,3,0
0,0,0,0,34,28,17580,101108,0,0,0,0,0,228375,3,0
0,0,0,0,55,28,17581,101108,0,0,0,0,0,277251,3,0
0,0,0,0,29,29,17582,101108,0,0,0,0,0,224459,3,0
0,0,0,0,39,29,17583,101108,0,0,0,0,0,278140,3,0
0,0,0,0,99,29,17584,101108,0,0,0,0,0,279054,3,0
0,0,0,0,38,29,17585,101108,0,0,0,0,0,71647,3,0
0,0,0,0,31,29,17586,101108,0,0,0,0,0,71552,3,0
0,0,0,0,4,29,17587,101108,0,0,0,0,0,259361,3,0
0,0,0,0,1,0,17588,110974,0,0,0,0,0,269137,3,0
0,0,0,0,19,3,17589,110974,0,0,0,0,0,254961,3,0
0,0,0,0,6,4,17590,110974,0,0,0,0,0,264713,3,0
0,0,0,0,22,6,17591,110974,0,0,0,0,0,226447,3,0
0,0,0,0,17,7,17592,110974,0,0,0,0,0,196930,3,0
0,0,0,0,3,9,17593,110974,0,0,0,0,0,211338,3,0
0,0,0,0,40,11,17594,110974,0,0,0,0,0,255491,3,0
0,0,0,0,18,12,17595,110974,0,0,0,0,0,270581,3,0
0,0,0,0,30,16,17596,110974,0,0,0,0,0,211339,3,0
0,0,0,0,10,18,17597,110974,0,0,0,0,0,241115,3,0
0,0,0,0,9,25,17598,110974,0,0,0,0,0,259793,3,0
0,0,0,0,15,28,17599,110974,0,0,0,0,0,234372,3,0
0,0,0,0,23,28,17600,110974,0,0,0,0,0,75019,3,0
0,0,0,0,4,28,17601,110974,0,0,0,0,0,254409,3,0
0,0,0,0,25,28,17602,110974,0,0,0,0,0,259835,3,0
0,0,0,0,13,28,17603,110974,0,0,0,0,0,214761,3,0
0,0,0,0,28,28,17604,110974,0,0,0,0,0,71642,3,0
0,0,0,0,21,28,17605,110974,0,0,0,0,0,277075,3,0
0,0,0,0,29,28,17606,110974,0,0,0,0,0,254357,3,0
0,0,0,0,31,28,17607,110974,0,0,0,0,0,72673,3,0
0,0,0,0,12,28,17608,110974,0,0,0,0,0,71644,3,0
0,0,0,0,25,0,17609,110975,0,0,0,0,0,234717,3,0
0,0,0,0,17,3,17610,110975,0,0,0,0,0,225396,3,0
0,0,0,0,5,4,17611,110975,0,0,0,0,0,255416,3,0
0,0,0,0,24,6,17612,110975,0,0,0,0,0,214911,3,0
0,0,0,0,3,7,17613,110975,0,0,0,0,0,209744,3,0
0,0,0,0,10,12,17614,110975,0,0,0,0,0,218747,3,0
0,0,0,0,14,13,17615,110975,0,0,0,0,0,224057,3,0
0,0,0,0,18,15,17616,110975,0,0,0,0,0,215155,3,0
0,0,0,0,15,16,17617,110975,0,0,0,0,0,219605,3,0
0,0,0,0,9,24,17618,110975,0,0,0,0,0,232670,3,0
0,0,0,0,20,26,17619,110975,0,0,0,0,0,256532,3,0
0,0,0,0,6,28,17620,110975,0,0,0,0,0,255637,3,0
0,0,0,0,44,28,17621,110975,0,0,0,0,0,274230,3,0
0,0,0,0,19,28,17622,110975,0,0,0,0,0,271342,3,0
0,0,0,0,4,28,17623,110975,0,0,0,0,0,242306,3,0
0,0,0,0,13,28,17624,110975,0,0,0,0,0,268394,3,0
0,0,0,0,30,28,17625,110975,0,0,0,0,0,212878,3,0
0,0,0,0,11,28,17626,110975,0,0,0,0,0,258227,3,0
0,0,0,0,35,28,17627,110975,0,0,0,0,0,277210,3,0
0,0,0,0,43,28,17628,110975,0,0,0,0,0,221473,3,0
0,0,0,0,32,28,17629,110975,0,0,0,0,0,74231,3,0
0,0,0,0,7,28,17630,110975,0,0,0,0,0,233090,3,0
0,0,0,0,1,28,17631,110975,0,0,0,0,0,256529,3,0
0,0,0,0,21,29,17632,110975,0,0,0,0,0,275044,3,0
0,0,0,0,36,29,17633,110975,0,0,0,0,0,275045,3,0
0,0,0,0,29,29,17634,110975,0,0,0,0,0,259546,3,0
0,0,0,0,27,29,17635,110975,0,0,0,0,0,275073,3,0
0,0,0,0,8,29,17636,110975,0,0,0,0,0,214404,3,0
0,0,0,0,38,29,17637,110975,0,0,0,0,0,275043,3,0
0,0,0,0,31,0,17638,110982,0,0,0,0,0,225678,3,0
0,0,0,0,25,3,17639,110982,0,0,0,0,0,253361,3,0
0,0,0,0,4,4,17640,110982,0,0,0,0,0,273830,3,0
0,0,0,0,3,6,17641,110982,0,0,0,0,0,254454,3,0
0,0,0,0,18,7,17642,110982,0,0,0,0,0,268612,3,0
0,0,0,0,13,9,17643,110982,0,0,0,0,0,253824,3,0
0,0,0,0,15,11,17644,110982,0,0,0,0,0,71052,3,0
0,0,0,0,7,12,17645,110982,0,0,0,0,0,219678,3,0
0,0,0,0,10,16,17646,110982,0,0,0,0,0,273971,3,0
0,0,0,0,30,18,17647,110982,0,0,0,0,0,265504,3,0
0,0,0,0,12,25,17648,110982,0,0,0,0,0,215026,3,0
0,0,0,0,40,28,17649,110982,0,0,0,0,0,253909,3,0
0,0,0,0,11,28,17650,110982,0,0,0,0,0,202144,3,0
0,0,0,0,8,28,17651,110982,0,0,0,0,0,254945,3,0
0,0,0,0,17,28,17652,110982,0,0,0,0,0,70223,3,0
0,0,0,0,1,28,17653,110982,0,0,0,0,0,274748,3,0
0,0,0,0,21,28,17654,110982,0,0,0,0,0,219170,3,0
0,0,0,0,77,28,17655,110982,0,0,0,0,0,273989,3,0
0,0,0,0,20,28,17656,110982,0,0,0,0,0,273985,3,0
0,0,0,0,16,28,17657,110982,0,0,0,0,0,273988,3,0
0,0,0,0,22,0,17658,110991,0,0,0,0,0,236608,3,0
0,0,0,0,2,3,17659,110991,0,0,0,0,0,254672,3,0
0,0,0,0,4,4,17660,110991,0,0,0,0,0,254826,3,0
0,0,0,0,3,6,17661,110991,0,0,0,0,0,253792,3,0
0,0,0,0,13,7,17662,110991,0,0,0,0,0,272328,3,0
0,0,0,0,24,10,17663,110991,0,0,0,0,0,272330,3,0
0,0,0,0,7,12,17664,110991,0,0,0,0,0,253579,3,0
0,0,0,0,5,13,17665,110991,0,0,0,0,0,272329,3,0
0,0,0,0,17,15,17666,110991,0,0,0,0,0,272699,3,0
0,0,0,0,11,16,17667,110991,0,0,0,0,0,253895,3,0
0,0,0,0,10,25,17668,110991,0,0,0,0,0,259861,3,0
0,0,0,0,6,28,17669,110991,0,0,0,0,0,196873,3,0
0,0,0,0,16,28,17670,110991,0,0,0,0,0,274522,3,0
0,0,0,0,20,28,17671,110991,0,0,0,0,0,260053,3,0
0,0,0,0,14,28,17672,110991,0,0,0,0,0,274525,3,0
0,0,0,0,1,28,17673,110991,0,0,0,0,0,272370,3,0
0,0,0,0,9,28,17674,110991,0,0,0,0,0,243170,3,0
0,0,0,0,21,28,17675,110991,0,0,0,0,0,70626,3,0
0,0,0,0,29,28,17676,110991,0,0,0,0,0,71737,3,0
0,0,0,0,19,28,17677,110991,0,0,0,0,0,274523,3,0
0,0,0,0,12,28,17678,110991,0,0,0,0,0,260299,3,0
0,0,0,0,1,0,17679,110998,0,0,0,0,0,211327,3,0
0,0,0,0,4,3,17680,110998,0,0,0,0,0,261989,3,0
0,0,0,0,14,4,17681,110998,0,0,0,0,0,70332,3,0
0,0,0,0,2,5,17682,110998,0,0,0,0,0,266837,3,0
0,0,0,0,3,6,17683,110998,0,0,0,0,0,239381,3,0
0,0,0,0,34,7,17684,110998,0,0,0,0,0,256140,3,0
0,0,0,0,19,10,17685,110998,0,0,0,0,0,218894,3,0
0,0,0,0,7,13,17686,110998,0,0,0,0,0,274546,3,0
0,0,0,0,16,15,17687,110998,0,0,0,0,0,71256,3,0
0,0,0,0,30,24,17688,110998,0,0,0,0,0,186408,3,0
0,0,0,0,33,26,17689,110998,0,0,0,0,0,254651,3,0
0,0,0,0,39,28,17690,110998,0,0,0,0,0,256159,3,0
0,0,0,0,6,28,17691,110998,0,0,0,0,0,235111,3,0
0,0,0,0,23,28,17692,110998,0,0,0,0,0,269273,3,0
0,0,0,0,27,28,17693,110998,0,0,0,0,0,274499,3,0
0,0,0,0,12,28,17694,110998,0,0,0,0,0,275460,3,0
0,0,0,0,26,28,17695,110998,0,0,0,0,0,71547,3,0
0,0,0,0,8,28,17696,110998,0,0,0,0,0,267598,3,0
0,0,0,0,18,28,17697,110998,0,0,0,0,0,212224,3,0
0,0,0,0,15,28,17698,110998,0,0,0,0,0,255091,3,0
0,0,0,0,31,28,17699,110998,0,0,0,0,0,71544,3,0
0,0,0,0,13,28,17700,110998,0,0,0,0,0,253234,3,0
0,0,0,0,32,28,17701,110998,0,0,0,0,0,71558,3,0
0,0,0,0,22,29,17702,110998,0,0,0,0,0,274744,3,0
0,0,0,0,25,29,17703,110998,0,0,0,0,0,70292,3,0
0,0,0,0,5,29,17704,110998,0,0,0,0,0,274210,3,0
0,0,0,0,1,0,17705,111001,0,0,0,0,0,259885,3,0
0,0,0,0,22,3,17706,111001,0,0,0,0,0,267698,3,0
0,0,0,0,23,4,17707,111001,0,0,0,0,0,211073,3,0
0,0,0,0,18,6,17708,111001,0,0,0,0,0,215177,3,0
0,0,0,0,27,7,17709,111001,0,0,0,0,0,219512,3,0
0,0,0,0,8,9,17710,111001,0,0,0,0,0,259875,3,0
0,0,0,0,16,11,17711,111001,0,0,0,0,0,272374,3,0
0,0,0,0,6,12,17712,111001,0,0,0,0,0,267597,3,0
0,0,0,0,21,16,17713,111001,0,0,0,0,0,260958,3,0
0,0,0,0,10,24,17714,111001,0,0,0,0,0,274196,3,0
0,0,0,0,19,26,17715,111001,0,0,0,0,0,189703,3,0
0,0,0,0,20,28,17716,111001,0,0,0,0,0,267701,3,0
0,0,0,0,11,28,17717,111001,0,0,0,0,0,71730,3,0
0,0,0,0,29,28,17718,111001,0,0,0,0,0,279760,3,0
0,0,0,0,7,28,17719,111001,0,0,0,0,0,259342,3,0
0,0,0,0,25,28,17720,111001,0,0,0,0,0,226953,3,0
0,0,0,0,26,28,17721,111001,0,0,0,0,0,71731,3,0
0,0,0,0,17,28,17722,111001,0,0,0,0,0,266583,3,0
0,0,0,0,12,28,17723,111001,0,0,0,0,0,260346,3,0
0,0,0,0,24,28,17724,111001,0,0,0,0,0,259968,3,0
0,0,0,0,12,0,17725,111006,0,0,0,0,0,228231,3,0
0,0,0,0,2,3,17726,111006,0,0,0,0,0,240874,3,0
0,0,0,0,4,4,17727,111006,0,0,0,0,0,237510,3,0
0,0,0,0,5,6,17728,111006,0,0,0,0,0,256162,3,0
0,0,0,0,33,7,17729,111006,0,0,0,0,0,211389,3,0
0,0,0,0,10,12,17730,111006,0,0,0,0,0,235128,3,0
0,0,0,0,18,13,17731,111006,0,0,0,0,0,198138,3,0
0,0,0,0,14,15,17732,111006,0,0,0,0,0,254754,3,0
0,0,0,0,15,16,17733,111006,0,0,0,0,0,267628,3,0
0,0,0,0,22,24,17734,111006,0,0,0,0,0,71034,3,0
0,0,0,0,27,26,17735,111006,0,0,0,0,0,225021,3,0
0,0,0,0,16,28,17736,111006,0,0,0,0,0,261000,3,0
0,0,0,0,23,28,17737,111006,0,0,0,0,0,182941,3,0
0,0,0,0,20,28,17738,111006,0,0,0,0,0,214111,3,0
0,0,0,0,34,28,17739,111006,0,0,0,0,0,71041,3,0
0,0,0,0,1,28,17740,111006,0,0,0,0,0,266215,3,0
0,0,0,0,9,28,17741,111006,0,0,0,0,0,71015,3,0
0,0,0,0,37,28,17742,111006,0,0,0,0,0,232699,3,0
0,0,0,0,8,28,17743,111006,0,0,0,0,0,209007,3,0
0,0,0,0,28,28,17744,111006,0,0,0,0,0,70172,3,0
0,0,0,0,32,28,17745,111006,0,0,0,0,0,74405,3,0
0,0,0,0,24,28,17746,111006,0,0,0,0,0,70171,3,0
0,0,0,0,6,28,17747,111006,0,0,0,0,0,71108,3,0
0,0,0,0,13,29,17748,111006,0,0,0,0,0,71772,3,0
0,0,0,0,29,29,17749,111006,0,0,0,0,0,71771,3,0
0,0,0,0,21,29,17750,111006,0,0,0,0,0,71040,3,0
0,0,0,0,25,29,17751,111006,0,0,0,0,0,226443,3,0
0,0,0,0,1,0,17752,111052,0,0,0,0,0,230169,3,0
0,0,0,0,2,3,17753,111052,0,0,0,0,0,230367,3,0
0,0,0,0,3,4,17754,111052,0,0,0,0,0,233984,3,0
0,0,0,0,4,6,17755,111052,0,0,0,0,0,230227,3,0
0,0,0,0,6,7,17756,111052,0,0,0,0,0,230340,3,0
0,0,0,0,8,9,17757,111052,0,0,0,0,0,230255,3,0
0,0,0,0,5,11,17758,111052,0,0,0,0,0,230249,3,0
0,0,0,0,10,17,17759,111052,0,0,0,0,0,230272,3,0
0,0,0,0,7,19,17760,111052,0,0,0,0,0,230486,3,0
0,0,0,0,9,24,17761,111052,0,0,0,0,0,230433,3,0
0,0,0,0,11,26,17762,111052,0,0,0,0,0,230292,3,0
0,0,0,0,16,28,17763,111052,0,0,0,0,0,230443,3,0
0,0,0,0,13,28,17764,111052,0,0,0,0,0,230368,3,0
0,0,0,0,14,28,17765,111052,0,0,0,0,0,230415,3,0
0,0,0,0,15,28,17766,111052,0,0,0,0,0,230343,3,0
0,0,0,0,12,28,17767,111052,0,0,0,0,0,230164,3,0
0,0,0,0,18,28,17768,111052,0,0,0,0,0,230520,3,0
0,0,0,0,17,28,17769,111052,0,0,0,0,0,233978,3,0
0,0,0,0,19,28,17770,111052,0,0,0,0,0,230357,3,0
0,0,0,0,20,28,17771,111052,0,0,0,0,0,230458,3,0
0,0,0,0,23,0,17772,111329,0,0,0,0,0,211264,3,0
0,0,0,0,37,3,17773,111329,0,0,0,0,0,277973,3,0
0,0,0,0,3,4,17774,111329,0,0,0,0,0,276558,3,0
0,0,0,0,27,6,17775,111329,0,0,0,0,0,267491,3,0
0,0,0,0,32,7,17776,111329,0,0,0,0,0,275103,3,0
0,0,0,0,10,12,17777,111329,0,0,0,0,0,261682,3,0
0,0,0,0,7,13,17778,111329,0,0,0,0,0,242548,3,0
0,0,0,0,8,15,17779,111329,0,0,0,0,0,260627,3,0
0,0,0,0,11,16,17780,111329,0,0,0,0,0,247186,3,0
0,0,0,0,29,24,17781,111329,0,0,0,0,0,232066,3,0
0,0,0,0,17,26,17782,111329,0,0,0,0,0,270058,3,0
0,0,0,0,20,28,17783,111329,0,0,0,0,0,279825,3,0
0,0,0,0,5,28,17784,111329,0,0,0,0,0,225910,3,0
0,0,0,0,4,28,17785,111329,0,0,0,0,0,255171,3,0
0,0,0,0,2,28,17786,111329,0,0,0,0,0,71546,3,0
0,0,0,0,12,28,17787,111329,0,0,0,0,0,262286,3,0
0,0,0,0,18,28,17788,111329,0,0,0,0,0,279059,3,0
0,0,0,0,39,28,17789,111329,0,0,0,0,0,254701,3,0
0,0,0,0,14,28,17790,111329,0,0,0,0,0,71088,3,0
0,0,0,0,28,28,17791,111329,0,0,0,0,0,71551,3,0
0,0,0,0,16,28,17792,111329,0,0,0,0,0,70322,3,0
0,0,0,0,38,28,17793,111329,0,0,0,0,0,279068,3,0
0,0,0,0,12,0,17794,111722,0,0,0,0,0,237147,3,0
0,0,0,0,26,3,17795,111722,0,0,0,0,0,273131,3,0
0,0,0,0,3,4,17796,111722,0,0,0,0,0,214135,3,0
0,0,0,0,2,6,17797,111722,0,0,0,0,0,243004,3,0
0,0,0,0,20,7,17798,111722,0,0,0,0,0,252990,3,0
0,0,0,0,80,9,17799,111722,0,0,0,0,0,225812,3,0
0,0,0,0,19,11,17800,111722,0,0,0,0,0,236861,3,0
0,0,0,0,18,12,17801,111722,0,0,0,0,0,252695,3,0
0,0,0,0,23,16,17802,111722,0,0,0,0,0,220805,3,0
0,0,0,0,10,18,17803,111722,0,0,0,0,0,237982,3,0
0,0,0,0,30,25,17804,111722,0,0,0,0,0,272677,3,0
0,0,0,0,15,28,17805,111722,0,0,0,0,0,214358,3,0
0,0,0,0,6,28,17806,111722,0,0,0,0,0,258787,3,0
0,0,0,0,24,28,17807,111722,0,0,0,0,0,222319,3,0
0,0,0,0,5,28,17808,111722,0,0,0,0,0,273588,3,0
0,0,0,0,35,28,17809,111722,0,0,0,0,0,207899,3,0
0,0,0,0,13,28,17810,111722,0,0,0,0,0,264651,3,0
0,0,0,0,33,28,17811,111722,0,0,0,0,0,231571,3,0
0,0,0,0,8,28,17812,111722,0,0,0,0,0,242050,3,0
0,0,0,0,27,28,17813,111722,0,0,0,0,0,275250,3,0
0,0,0,0,1,28,17814,111722,0,0,0,0,0,214353,3,0
0,0,0,0,17,28,17815,111722,0,0,0,0,0,223752,3,0
0,0,0,0,9,28,17816,111722,0,0,0,0,0,258982,3,0
0,0,0,0,60,29,17817,111722,0,0,0,0,0,245146,3,0
0,0,0,0,28,29,17818,111722,0,0,0,0,0,247147,3,0
0,0,0,0,11,29,17819,111722,0,0,0,0,0,254942,3,0
0,0,0,0,22,29,17820,111722,0,0,0,0,0,71594,3,0
0,0,0,0,16,29,17821,111722,0,0,0,0,0,266900,3,0
0,0,0,0,32,29,17822,111722,0,0,0,0,0,270666,3,0
0,0,0,0,1,0,17823,112472,0,0,0,0,0,230168,3,0
0,0,0,0,2,3,17824,112472,0,0,0,0,0,230360,3,0
0,0,0,0,3,4,17825,112472,0,0,0,0,0,230528,3,0
0,0,0,0,4,6,17826,112472,0,0,0,0,0,230389,3,0
0,0,0,0,6,7,17827,112472,0,0,0,0,0,230256,3,0
0,0,0,0,5,9,17828,112472,0,0,0,0,0,230251,3,0
0,0,0,0,8,11,17829,112472,0,0,0,0,0,230457,3,0
0,0,0,0,7,23,17830,112472,0,0,0,0,0,230291,3,0
0,0,0,0,11,27,17831,112472,0,0,0,0,0,230510,3,0
0,0,0,0,10,18,17832,112472,0,0,0,0,0,230281,3,0
0,0,0,0,9,25,17833,112472,0,0,0,0,0,230294,3,0
0,0,0,0,16,28,17834,112472,0,0,0,0,0,230253,3,0
0,0,0,0,13,28,17835,112472,0,0,0,0,0,230215,3,0
0,0,0,0,14,28,17836,112472,0,0,0,0,0,230344,3,0
0,0,0,0,15,28,17837,112472,0,0,0,0,0,230378,3,0
0,0,0,0,12,28,17838,112472,0,0,0,0,0,230314,3,0
0,0,0,0,18,28,17839,112472,0,0,0,0,0,236175,3,0
0,0,0,0,17,28,17840,112472,0,0,0,0,0,230471,3,0
0,0,0,0,19,28,17841,112472,0,0,0,0,0,230519,3,0
0,0,0,0,20,28,17842,112472,0,0,0,0,0,230479,3,0
0,0,0,0,1,0,17843,112535,0,0,0,0,0,247454,3,0
0,0,0,0,21,3,17844,112535,0,0,0,0,0,228682,3,0
0,0,0,0,24,4,17845,112535,0,0,0,0,0,216016,3,0
0,0,0,0,13,6,17846,112535,0,0,0,0,0,248260,3,0
0,0,0,0,4,7,17847,112535,0,0,0,0,0,70342,3,0
0,0,0,0,7,9,17848,112535,0,0,0,0,0,255365,3,0
0,0,0,0,5,11,17849,112535,0,0,0,0,0,70586,3,0
0,0,0,0,29,12,17850,112535,0,0,0,0,0,71566,3,0
0,0,0,0,10,16,17851,112535,0,0,0,0,0,242163,3,0
0,0,0,0,19,18,17852,112535,0,0,0,0,0,226811,3,0
0,0,0,0,17,25,17853,112535,0,0,0,0,0,231484,3,0
0,0,0,0,32,28,17854,112535,0,0,0,0,0,253985,3,0
0,0,0,0,22,28,17855,112535,0,0,0,0,0,219529,3,0
0,0,0,0,23,28,17856,112535,0,0,0,0,0,70920,3,0
0,0,0,0,26,28,17857,112535,0,0,0,0,0,74104,3,0
0,0,0,0,12,28,17858,112535,0,0,0,0,0,214983,3,0
0,0,0,0,27,28,17859,112535,0,0,0,0,0,71082,3,0
0,0,0,0,28,28,17860,112535,0,0,0,0,0,278466,3,0
0,0,0,0,25,28,17861,112535,0,0,0,0,0,267967,3,0
0,0,0,0,1,0,17862,112584,0,0,0,0,0,214730,3,0
0,0,0,0,3,3,17863,112584,0,0,0,0,0,214446,3,0
0,0,0,0,23,4,17864,112584,0,0,0,0,0,214701,3,0
0,0,0,0,24,6,17865,112584,0,0,0,0,0,219635,3,0
0,0,0,0,14,7,17866,112584,0,0,0,0,0,236946,3,0
0,0,0,0,16,12,17867,112584,0,0,0,0,0,226569,3,0
0,0,0,0,21,13,17868,112584,0,0,0,0,0,240990,3,0
0,0,0,0,6,15,17869,112584,0,0,0,0,0,214748,3,0
0,0,0,0,25,16,17870,112584,0,0,0,0,0,275144,3,0
0,0,0,0,27,24,17871,112584,0,0,0,0,0,215112,3,0
0,0,0,0,7,26,17872,112584,0,0,0,0,0,253268,3,0
0,0,0,0,22,28,17873,112584,0,0,0,0,0,241990,3,0
0,0,0,0,20,28,17874,112584,0,0,0,0,0,254974,3,0
0,0,0,0,15,28,17875,112584,0,0,0,0,0,263473,3,0
0,0,0,0,4,28,17876,112584,0,0,0,0,0,247013,3,0
0,0,0,0,17,28,17877,112584,0,0,0,0,0,242146,3,0
0,0,0,0,9,28,17878,112584,0,0,0,0,0,229144,3,0
0,0,0,0,10,28,17879,112584,0,0,0,0,0,256440,3,0
0,0,0,0,8,28,17880,112584,0,0,0,0,0,279773,3,0
0,0,0,0,5,28,17881,112584,0,0,0,0,0,72725,3,0
0,0,0,0,12,28,17882,112584,0,0,0,0,0,275147,3,0
0,0,0,0,19,28,17883,112584,0,0,0,0,0,275146,3,0
0,0,0,0,29,28,17884,112584,0,0,0,0,0,255307,3,0
0,0,0,0,25,0,17885,112615,0,0,0,0,0,226751,3,0
0,0,0,0,4,4,17886,112615,0,0,0,0,0,279920,3,0
0,0,0,0,2,5,17887,112615,0,0,0,0,0,253288,3,0
0,0,0,0,17,6,17888,112615,0,0,0,0,0,253861,3,0
0,0,0,0,21,10,17889,112615,0,0,0,0,0,260208,3,0
0,0,0,0,14,12,17890,112615,0,0,0,0,0,69962,3,0
0,0,0,0,7,13,17891,112615,0,0,0,0,0,279918,3,0
0,0,0,0,20,15,17892,112615,0,0,0,0,0,189338,3,0
0,0,0,0,32,16,17893,112615,0,0,0,0,0,72704,3,0
0,0,0,0,9,24,17894,112615,0,0,0,0,0,279919,3,0
0,0,0,0,23,26,17895,112615,0,0,0,0,0,255773,3,0
0,0,0,0,10,28,17896,112615,0,0,0,0,0,69961,3,0
0,0,0,0,29,28,17897,112615,0,0,0,0,0,279921,3,0
0,0,0,0,24,28,17898,112615,0,0,0,0,0,71116,3,0
0,0,0,0,3,28,17899,112615,0,0,0,0,0,259873,3,0
0,0,0,0,1,28,17900,112615,0,0,0,0,0,255308,3,0
0,0,0,0,26,28,17901,112615,0,0,0,0,0,245532,3,0
0,0,0,0,18,28,17902,112615,0,0,0,0,0,69963,3,0
0,0,0,0,22,28,17903,112615,0,0,0,0,0,71735,3,0
0,0,0,0,34,28,17904,112615,0,0,0,0,0,71115,3,0
0,0,0,0,77,28,17905,112615,0,0,0,0,0,265416,3,0
0,0,0,0,8,28,17906,112615,0,0,0,0,0,70156,3,0
0,0,0,0,12,28,17907,112615,0,0,0,0,0,69974,3,0
0,0,0,0,5,29,17908,112615,0,0,0,0,0,264002,3,0
0,0,0,0,19,29,17909,112615,0,0,0,0,0,72803,3,0
0,0,0,0,1,0,17910,112667,0,0,0,0,0,248860,3,0
0,0,0,0,16,3,17911,112667,0,0,0,0,0,274195,3,0
0,0,0,0,13,4,17912,112667,0,0,0,0,0,220539,3,0
0,0,0,0,6,6,17913,112667,0,0,0,0,0,225809,3,0
0,0,0,0,5,7,17914,112667,0,0,0,0,0,253651,3,0
0,0,0,0,18,10,17915,112667,0,0,0,0,0,211345,3,0
0,0,0,0,27,23,17916,112667,0,0,0,0,0,72086,3,0
0,0,0,0,8,13,17917,112667,0,0,0,0,0,253522,3,0
0,0,0,0,17,15,17918,112667,0,0,0,0,0,266218,3,0
0,0,0,0,32,27,17919,112667,0,0,0,0,0,248861,3,0
0,0,0,0,20,25,17920,112667,0,0,0,0,0,264709,3,0
0,0,0,0,10,28,17921,112667,0,0,0,0,0,199830,3,0
0,0,0,0,15,28,17922,112667,0,0,0,0,0,253989,3,0
0,0,0,0,21,28,17923,112667,0,0,0,0,0,266219,3,0
0,0,0,0,3,28,17924,112667,0,0,0,0,0,274363,3,0
0,0,0,0,25,28,17925,112667,0,0,0,0,0,256173,3,0
0,0,0,0,29,28,17926,112667,0,0,0,0,0,255094,3,0
0,0,0,0,22,28,17927,112667,0,0,0,0,0,260267,3,0
0,0,0,0,23,28,17928,112667,0,0,0,0,0,260514,3,0
0,0,0,0,14,28,17929,112667,0,0,0,0,0,254427,3,0
0,0,0,0,12,28,17930,112667,0,0,0,0,0,71770,3,0
0,0,0,0,30,0,17931,112671,0,0,0,0,0,266353,3,0
0,0,0,0,4,3,17932,112671,0,0,0,0,0,71959,3,0
0,0,0,0,14,4,17933,112671,0,0,0,0,0,254719,3,0
0,0,0,0,43,6,17934,112671,0,0,0,0,0,72317,3,0
0,0,0,0,25,7,17935,112671,0,0,0,0,0,253713,3,0
0,0,0,0,6,10,17936,112671,0,0,0,0,0,273992,3,0
0,0,0,0,33,12,17937,112671,0,0,0,0,0,200196,3,0
0,0,0,0,24,13,17938,112671,0,0,0,0,0,260372,3,0
0,0,0,0,13,15,17939,112671,0,0,0,0,0,71035,3,0
0,0,0,0,11,16,17940,112671,0,0,0,0,0,270844,3,0
0,0,0,0,10,25,17941,112671,0,0,0,0,0,71649,3,0
0,0,0,0,23,28,17942,112671,0,0,0,0,0,258194,3,0
0,0,0,0,29,28,17943,112671,0,0,0,0,0,261026,3,0
0,0,0,0,22,28,17944,112671,0,0,0,0,0,74941,3,0
0,0,0,0,15,28,17945,112671,0,0,0,0,0,74942,3,0
0,0,0,0,35,28,17946,112671,0,0,0,0,0,71648,3,0
0,0,0,0,48,28,17947,112671,0,0,0,0,0,220726,3,0
0,0,0,0,32,28,17948,112671,0,0,0,0,0,270598,3,0
0,0,0,0,42,28,17949,112671,0,0,0,0,0,74609,3,0
0,0,0,0,27,28,17950,112671,0,0,0,0,0,268063,3,0
0,0,0,0,20,28,17951,112671,0,0,0,0,0,274476,3,0
0,0,0,0,13,0,17952,112705,0,0,0,0,0,214703,3,0
0,0,0,0,2,3,17953,112705,0,0,0,0,0,267483,3,0
0,0,0,0,3,4,17954,112705,0,0,0,0,0,238837,3,0
0,0,0,0,27,6,17955,112705,0,0,0,0,0,228972,3,0
0,0,0,0,28,7,17956,112705,0,0,0,0,0,248259,3,0
0,0,0,0,6,9,17957,112705,0,0,0,0,0,267902,3,0
0,0,0,0,8,11,17958,112705,0,0,0,0,0,229201,3,0
0,0,0,0,26,12,17959,112705,0,0,0,0,0,274202,3,0
0,0,0,0,32,16,17960,112705,0,0,0,0,0,71932,3,0
0,0,0,0,30,18,17961,112705,0,0,0,0,0,71738,3,0
0,0,0,0,9,25,17962,112705,0,0,0,0,0,223066,3,0
0,0,0,0,7,28,17963,112705,0,0,0,0,0,248257,3,0
0,0,0,0,16,28,17964,112705,0,0,0,0,0,213591,3,0
0,0,0,0,5,28,17965,112705,0,0,0,0,0,71231,3,0
0,0,0,0,4,28,17966,112705,0,0,0,0,0,256042,3,0
0,0,0,0,1,28,17967,112705,0,0,0,0,0,176895,3,0
0,0,0,0,20,28,17968,112705,0,0,0,0,0,225972,3,0
0,0,0,0,11,28,17969,112705,0,0,0,0,0,71442,3,0
0,0,0,0,24,28,17970,112705,0,0,0,0,0,71719,3,0
0,0,0,0,14,28,17971,112705,0,0,0,0,0,71716,3,0
0,0,0,0,12,28,17972,112705,0,0,0,0,0,71718,3,0
0,0,0,0,19,28,17973,112705,0,0,0,0,0,71441,3,0
0,0,0,0,12,0,17974,112853,0,0,0,0,0,253791,3,0
0,0,0,0,4,4,17975,112853,0,0,0,0,0,278788,3,0
0,0,0,0,99,5,17976,112853,0,0,0,0,0,70619,3,0
0,0,0,0,13,6,17977,112853,0,0,0,0,0,259888,3,0
0,0,0,0,14,10,17978,112853,0,0,0,0,0,255119,3,0
0,0,0,0,10,12,17979,112853,0,0,0,0,0,252996,3,0
0,0,0,0,7,13,17980,112853,0,0,0,0,0,253859,3,0
0,0,0,0,16,15,17981,112853,0,0,0,0,0,256072,3,0
0,0,0,0,20,16,17982,112853,0,0,0,0,0,274198,3,0
0,0,0,0,27,24,17983,112853,0,0,0,0,0,228735,3,0
0,0,0,0,11,26,17984,112853,0,0,0,0,0,261470,3,0
0,0,0,0,24,28,17985,112853,0,0,0,0,0,260062,3,0
0,0,0,0,6,28,17986,112853,0,0,0,0,0,253821,3,0
0,0,0,0,21,28,17987,112853,0,0,0,0,0,268564,3,0
0,0,0,0,55,28,17988,112853,0,0,0,0,0,71752,3,0
0,0,0,0,1,28,17989,112853,0,0,0,0,0,278787,3,0
0,0,0,0,26,28,17990,112853,0,0,0,0,0,272321,3,0
0,0,0,0,18,28,17991,112853,0,0,0,0,0,227894,3,0
0,0,0,0,5,28,17992,112853,0,0,0,0,0,278790,3,0
0,0,0,0,15,28,17993,112853,0,0,0,0,0,278791,3,0
0,0,0,0,9,28,17994,112853,0,0,0,0,0,278879,3,0
0,0,0,0,77,28,17995,112853,0,0,0,0,0,71753,3,0
0,0,0,0,8,28,17996,112853,0,0,0,0,0,278792,3,0
0,0,0,0,23,29,17997,112853,0,0,0,0,0,72303,3,0
0,0,0,0,22,29,17998,112853,0,0,0,0,0,267914,3,0
0,0,0,0,25,29,17999,112853,0,0,0,0,0,71750,3,0
0,0,0,0,34,29,18000,112853,0,0,0,0,0,71751,3,0
0,0,0,0,25,0,18001,112914,0,0,0,0,0,237649,3,0
0,0,0,0,77,4,18002,112914,0,0,0,0,0,254646,3,0
0,0,0,0,2,5,18003,112914,0,0,0,0,0,260087,3,0
0,0,0,0,26,6,18004,112914,0,0,0,0,0,261540,3,0
0,0,0,0,13,12,18005,112914,0,0,0,0,0,275069,3,0
0,0,0,0,15,13,18006,112914,0,0,0,0,0,253775,3,0
0,0,0,0,10,15,18007,112914,0,0,0,0,0,253777,3,0
0,0,0,0,17,16,18008,112914,0,0,0,0,0,252098,3,0
0,0,0,0,11,18,18009,112914,0,0,0,0,0,259614,3,0
0,0,0,0,9,24,18010,112914,0,0,0,0,0,253928,3,0
0,0,0,0,35,26,18011,112914,0,0,0,0,0,254749,3,0
0,0,0,0,8,28,18012,112914,0,0,0,0,0,261480,3,0
0,0,0,0,40,28,18013,112914,0,0,0,0,0,272703,3,0
0,0,0,0,30,28,18014,112914,0,0,0,0,0,70751,3,0
0,0,0,0,31,28,18015,112914,0,0,0,0,0,272704,3,0
0,0,0,0,22,28,18016,112914,0,0,0,0,0,279730,3,0
0,0,0,0,28,28,18017,112914,0,0,0,0,0,274192,3,0
0,0,0,0,19,28,18018,112914,0,0,0,0,0,269618,3,0
0,0,0,0,7,28,18019,112914,0,0,0,0,0,260332,3,0
0,0,0,0,16,28,18020,112914,0,0,0,0,0,253913,3,0
0,0,0,0,29,28,18021,112914,0,0,0,0,0,259604,3,0
0,0,0,0,23,28,18022,112914,0,0,0,0,0,71749,3,0
0,0,0,0,32,28,18023,112914,0,0,0,0,0,275081,3,0
0,0,0,0,39,29,18024,112914,0,0,0,0,0,71748,3,0
0,0,0,0,21,0,18025,113029,0,0,0,0,0,186655,3,0
0,0,0,0,14,3,18026,113029,0,0,0,0,0,259611,3,0
0,0,0,0,5,4,18027,113029,0,0,0,0,0,254176,3,0
0,0,0,0,6,6,18028,113029,0,0,0,0,0,219860,3,0
0,0,0,0,32,7,18029,113029,0,0,0,0,0,246202,3,0
0,0,0,0,13,9,18030,113029,0,0,0,0,0,253772,3,0
0,0,0,0,8,11,18031,113029,0,0,0,0,0,259658,3,0
0,0,0,0,33,12,18032,113029,0,0,0,0,0,190523,3,0
0,0,0,0,23,16,18033,113029,0,0,0,0,0,237396,3,0
0,0,0,0,10,18,18034,113029,0,0,0,0,0,222065,3,0
0,0,0,0,17,25,18035,113029,0,0,0,0,0,221569,3,0
0,0,0,0,88,28,18036,113029,0,0,0,0,0,196434,3,0
0,0,0,0,7,28,18037,113029,0,0,0,0,0,222358,3,0
0,0,0,0,19,28,18038,113029,0,0,0,0,0,212509,3,0
0,0,0,0,29,28,18039,113029,0,0,0,0,0,236258,3,0
0,0,0,0,1,28,18040,113029,0,0,0,0,0,260803,3,0
0,0,0,0,20,28,18041,113029,0,0,0,0,0,259779,3,0
0,0,0,0,22,28,18042,113029,0,0,0,0,0,259660,3,0
0,0,0,0,28,28,18043,113029,0,0,0,0,0,275145,3,0
0,0,0,0,2,28,18044,113029,0,0,0,0,0,264752,3,0
0,0,0,0,1,0,18045,113746,0,0,0,0,0,279904,3,0
0,0,0,0,17,3,18046,113746,0,0,0,0,0,279770,3,0
0,0,0,0,32,4,18047,113746,0,0,0,0,0,231711,3,0
0,0,0,0,4,6,18048,113746,0,0,0,0,0,253863,3,0
0,0,0,0,26,7,18049,113746,0,0,0,0,0,70197,3,0
0,0,0,0,70,9,18050,113746,0,0,0,0,0,71467,3,0
0,0,0,0,20,11,18051,113746,0,0,0,0,0,254038,3,0
0,0,0,0,33,12,18052,113746,0,0,0,0,0,279905,3,0
0,0,0,0,37,16,18053,113746,0,0,0,0,0,253328,3,0
0,0,0,0,8,18,18054,113746,0,0,0,0,0,253356,3,0
0,0,0,0,61,25,18055,113746,0,0,0,0,0,254932,3,0
0,0,0,0,21,28,18056,113746,0,0,0,0,0,231705,3,0
0,0,0,0,23,28,18057,113746,0,0,0,0,0,279906,3,0
0,0,0,0,27,28,18058,113746,0,0,0,0,0,254433,3,0
0,0,0,0,31,28,18059,113746,0,0,0,0,0,253359,3,0
0,0,0,0,22,28,18060,113746,0,0,0,0,0,218975,3,0
0,0,0,0,38,28,18061,113746,0,0,0,0,0,160207,3,0
0,0,0,0,35,28,18062,113746,0,0,0,0,0,160186,3,0
0,0,0,0,24,28,18063,113746,0,0,0,0,0,255717,3,0
0,0,0,0,88,0,18064,114511,0,0,0,0,0,253638,3,0
0,0,0,0,24,3,18065,114511,0,0,0,0,0,253533,3,0
0,0,0,0,33,4,18066,114511,0,0,0,0,0,71085,3,0
0,0,0,0,4,6,18067,114511,0,0,0,0,0,203257,3,0
0,0,0,0,2,7,18068,114511,0,0,0,0,0,255729,3,0
0,0,0,0,22,10,18069,114511,0,0,0,0,0,253613,3,0
0,0,0,0,11,12,18070,114511,0,0,0,0,0,217989,3,0
0,0,0,0,10,13,18071,114511,0,0,0,0,0,253581,3,0
0,0,0,0,27,15,18072,114511,0,0,0,0,0,186745,3,0
0,0,0,0,20,16,18073,114511,0,0,0,0,0,273769,3,0
0,0,0,0,9,25,18074,114511,0,0,0,0,0,214673,3,0
0,0,0,0,21,28,18075,114511,0,0,0,0,0,259781,3,0
0,0,0,0,15,28,18076,114511,0,0,0,0,0,265740,3,0
0,0,0,0,3,28,18077,114511,0,0,0,0,0,259948,3,0
0,0,0,0,16,28,18078,114511,0,0,0,0,0,71732,3,0
0,0,0,0,12,28,18079,114511,0,0,0,0,0,259937,3,0
0,0,0,0,19,28,18080,114511,0,0,0,0,0,254456,3,0
0,0,0,0,8,28,18081,114511,0,0,0,0,0,254418,3,0
0,0,0,0,44,28,18082,114511,0,0,0,0,0,72383,3,0
0,0,0,0,1,28,18083,114511,0,0,0,0,0,72248,3,0
0,0,0,0,29,28,18084,114511,0,0,0,0,0,268006,3,0
0,0,0,0,1,0,18085,114577,0,0,0,0,0,217095,3,0
0,0,0,0,2,3,18086,114577,0,0,0,0,0,261474,3,0
0,0,0,0,18,4,18087,114577,0,0,0,0,0,268070,3,0
0,0,0,0,5,6,18088,114577,0,0,0,0,0,265757,3,0
0,0,0,0,6,7,18089,114577,0,0,0,0,0,268456,3,0
0,0,0,0,13,10,18090,114577,0,0,0,0,0,69960,3,0
0,0,0,0,40,12,18091,114577,0,0,0,0,0,274257,3,0
0,0,0,0,21,13,18092,114577,0,0,0,0,0,274259,3,0
0,0,0,0,16,15,18093,114577,0,0,0,0,0,274261,3,0
0,0,0,0,11,16,18094,114577,0,0,0,0,0,71534,3,0
0,0,0,0,27,25,18095,114577,0,0,0,0,0,255671,3,0
0,0,0,0,38,28,18096,114577,0,0,0,0,0,274255,3,0
0,0,0,0,30,28,18097,114577,0,0,0,0,0,274364,3,0
0,0,0,0,25,28,18098,114577,0,0,0,0,0,71953,3,0
0,0,0,0,3,28,18099,114577,0,0,0,0,0,264533,3,0
0,0,0,0,99,28,18100,114577,0,0,0,0,0,71535,3,0
0,0,0,0,19,28,18101,114577,0,0,0,0,0,267620,3,0
0,0,0,0,8,28,18102,114577,0,0,0,0,0,73983,3,0
0,0,0,0,70,28,18103,114577,0,0,0,0,0,73991,3,0
0,0,0,0,61,28,18104,114577,0,0,0,0,0,254416,3,0
0,0,0,0,34,28,18105,114577,0,0,0,0,0,71954,3,0
0,0,0,0,23,28,18106,114577,0,0,0,0,0,274260,3,0
0,0,0,0,28,28,18107,114577,0,0,0,0,0,71545,3,0
0,0,0,0,26,0,18108,114580,0,0,0,0,0,266214,3,0
0,0,0,0,30,3,18109,114580,0,0,0,0,0,265662,3,0
0,0,0,0,2,4,18110,114580,0,0,0,0,0,273538,3,0
0,0,0,0,4,6,18111,114580,0,0,0,0,0,275756,3,0
0,0,0,0,13,7,18112,114580,0,0,0,0,0,270573,3,0
0,0,0,0,7,12,18113,114580,0,0,0,0,0,243298,3,0
0,0,0,0,25,13,18114,114580,0,0,0,0,0,259901,3,0
0,0,0,0,16,15,18115,114580,0,0,0,0,0,273539,3,0
0,0,0,0,18,16,18116,114580,0,0,0,0,0,266044,3,0
0,0,0,0,19,24,18117,114580,0,0,0,0,0,265667,3,0
0,0,0,0,9,26,18118,114580,0,0,0,0,0,231549,3,0
0,0,0,0,54,28,18119,114580,0,0,0,0,0,69951,3,0
0,0,0,0,15,28,18120,114580,0,0,0,0,0,259903,3,0
0,0,0,0,28,28,18121,114580,0,0,0,0,0,74935,3,0
0,0,0,0,14,28,18122,114580,0,0,0,0,0,259271,3,0
0,0,0,0,1,28,18123,114580,0,0,0,0,0,253367,3,0
0,0,0,0,11,28,18124,114580,0,0,0,0,0,236341,3,0
0,0,0,0,20,28,18125,114580,0,0,0,0,0,268311,3,0
0,0,0,0,8,28,18126,114580,0,0,0,0,0,238893,3,0
0,0,0,0,55,28,18127,114580,0,0,0,0,0,268563,3,0
0,0,0,0,22,0,18128,114581,0,0,0,0,0,193359,3,0
0,0,0,0,29,3,18129,114581,0,0,0,0,0,254210,3,0
0,0,0,0,15,4,18130,114581,0,0,0,0,0,254172,3,0
0,0,0,0,37,6,18131,114581,0,0,0,0,0,222830,3,0
0,0,0,0,18,7,18132,114581,0,0,0,0,0,266668,3,0
0,0,0,0,4,9,18133,114581,0,0,0,0,0,254062,3,0
0,0,0,0,8,11,18134,114581,0,0,0,0,0,266669,3,0
0,0,0,0,7,23,18135,114581,0,0,0,0,0,259825,3,0
0,0,0,0,30,27,18136,114581,0,0,0,0,0,231867,3,0
0,0,0,0,21,18,18137,114581,0,0,0,0,0,228571,3,0
0,0,0,0,9,25,18138,114581,0,0,0,0,0,243545,3,0
0,0,0,0,28,28,18139,114581,0,0,0,0,0,189153,3,0
0,0,0,0,13,28,18140,114581,0,0,0,0,0,268007,3,0
0,0,0,0,20,28,18141,114581,0,0,0,0,0,255097,3,0
0,0,0,0,25,28,18142,114581,0,0,0,0,0,71791,3,0
0,0,0,0,12,28,18143,114581,0,0,0,0,0,255812,3,0
0,0,0,0,19,28,18144,114581,0,0,0,0,0,267982,3,0
0,0,0,0,10,28,18145,114581,0,0,0,0,0,167663,3,0
0,0,0,0,16,28,18146,114581,0,0,0,0,0,246404,3,0
0,0,0,0,26,28,18147,114581,0,0,0,0,0,254449,3,0
0,0,0,0,11,28,18148,114581,0,0,0,0,0,254215,3,0
0,0,0,0,55,28,18149,114581,0,0,0,0,0,71795,3,0
0,0,0,0,52,28,18150,114581,0,0,0,0,0,71790,3,0
0,0,0,0,3,29,18151,114581,0,0,0,0,0,255998,3,0
0,0,0,0,1,29,18152,114581,0,0,0,0,0,71789,3,0
0,0,0,0,53,29,18153,114581,0,0,0,0,0,71794,3,0
0,0,0,0,23,0,18154,115491,0,0,0,0,0,253636,3,0
0,0,0,0,38,3,18155,115491,0,0,0,0,0,71249,3,0
0,0,0,0,5,4,18156,115491,0,0,0,0,0,217806,3,0
0,0,0,0,2,6,18157,115491,0,0,0,0,0,253597,3,0
0,0,0,0,15,7,18158,115491,0,0,0,0,0,248862,3,0
0,0,0,0,7,10,18159,115491,0,0,0,0,0,264707,3,0
0,0,0,0,12,12,18160,115491,0,0,0,0,0,254343,3,0
0,0,0,0,6,13,18161,115491,0,0,0,0,0,71786,3,0
0,0,0,0,22,15,18162,115491,0,0,0,0,0,71247,3,0
0,0,0,0,29,16,18163,115491,0,0,0,0,0,71248,3,0
0,0,0,0,10,25,18164,115491,0,0,0,0,0,216765,3,0
0,0,0,0,4,28,18165,115491,0,0,0,0,0,71785,3,0
0,0,0,0,30,28,18166,115491,0,0,0,0,0,259617,3,0
0,0,0,0,32,28,18167,115491,0,0,0,0,0,75018,3,0
0,0,0,0,33,28,18168,115491,0,0,0,0,0,71246,3,0
0,0,0,0,25,28,18169,115491,0,0,0,0,0,236542,3,0
0,0,0,0,26,28,18170,115491,0,0,0,0,0,267457,3,0
0,0,0,0,8,28,18171,115491,0,0,0,0,0,246189,3,0
0,0,0,0,11,28,18172,115491,0,0,0,0,0,232818,3,0
0,0,0,0,36,28,18173,115491,0,0,0,0,0,71787,3,0
0,0,0,0,1,0,18174,115530,0,0,0,0,0,230180,3,0
0,0,0,0,2,3,18175,115530,0,0,0,0,0,230354,3,0
0,0,0,0,3,4,18176,115530,0,0,0,0,0,230322,3,0
0,0,0,0,4,6,18177,115530,0,0,0,0,0,230325,3,0
0,0,0,0,6,7,18178,115530,0,0,0,0,0,230211,3,0
0,0,0,0,5,9,18179,115530,0,0,0,0,0,230226,3,0
0,0,0,0,8,11,18180,115530,0,0,0,0,0,230369,3,0
0,0,0,0,11,12,18181,115530,0,0,0,0,0,230411,3,0
0,0,0,0,7,16,18182,115530,0,0,0,0,0,230462,3,0
0,0,0,0,10,18,18183,115530,0,0,0,0,0,230376,3,0
0,0,0,0,9,25,18184,115530,0,0,0,0,0,230445,3,0
0,0,0,0,14,28,18185,115530,0,0,0,0,0,230444,3,0
0,0,0,0,13,28,18186,115530,0,0,0,0,0,230396,3,0
0,0,0,0,15,28,18187,115530,0,0,0,0,0,230261,3,0
0,0,0,0,16,28,18188,115530,0,0,0,0,0,230365,3,0
0,0,0,0,12,28,18189,115530,0,0,0,0,0,233997,3,0
0,0,0,0,17,28,18190,115530,0,0,0,0,0,236191,3,0
0,0,0,0,18,28,18191,115530,0,0,0,0,0,236192,3,0
0,0,0,0,19,28,18192,115530,0,0,0,0,0,230455,3,0
0,0,0,0,20,28,18193,115530,0,0,0,0,0,236193,3,0
0,0,0,0,1,0,18194,115536,0,0,0,0,0,273731,3,0
0,0,0,0,13,3,18195,115536,0,0,0,0,0,272975,3,0
0,0,0,0,4,4,18196,115536,0,0,0,0,0,259230,3,0
0,0,0,0,26,6,18197,115536,0,0,0,0,0,71715,3,0
0,0,0,0,8,7,18198,115536,0,0,0,0,0,273541,3,0
0,0,0,0,21,10,18199,115536,0,0,0,0,0,223855,3,0
0,0,0,0,17,12,18200,115536,0,0,0,0,0,71213,3,0
0,0,0,0,15,13,18201,115536,0,0,0,0,0,253822,3,0
0,0,0,0,7,15,18202,115536,0,0,0,0,0,261695,3,0
0,0,0,0,28,16,18203,115536,0,0,0,0,0,270493,3,0
0,0,0,0,10,25,18204,115536,0,0,0,0,0,211435,3,0
0,0,0,0,25,28,18205,115536,0,0,0,0,0,273532,3,0
0,0,0,0,27,28,18206,115536,0,0,0,0,0,272413,3,0
0,0,0,0,5,28,18207,115536,0,0,0,0,0,272351,3,0
0,0,0,0,2,28,18208,115536,0,0,0,0,0,266644,3,0
0,0,0,0,24,28,18209,115536,0,0,0,0,0,261779,3,0
0,0,0,0,29,28,18210,115536,0,0,0,0,0,279755,3,0
0,0,0,0,18,28,18211,115536,0,0,0,0,0,260035,3,0
0,0,0,0,3,28,18212,115536,0,0,0,0,0,71714,3,0
0,0,0,0,22,28,18213,115536,0,0,0,0,0,279757,3,0
0,0,0,0,21,0,18214,116263,0,0,0,0,0,259780,3,0
0,0,0,0,23,4,18215,116263,0,0,0,0,0,223052,3,0
0,0,0,0,16,5,18216,116263,0,0,0,0,0,279075,3,0
0,0,0,0,24,6,18217,116263,0,0,0,0,0,218731,3,0
0,0,0,0,54,12,18218,116263,0,0,0,0,0,259544,3,0
0,0,0,0,6,13,18219,116263,0,0,0,0,0,260519,3,0
0,0,0,0,7,15,18220,116263,0,0,0,0,0,253603,3,0
0,0,0,0,3,16,18221,116263,0,0,0,0,0,279076,3,0
0,0,0,0,10,18,18222,116263,0,0,0,0,0,225704,3,0
0,0,0,0,11,24,18223,116263,0,0,0,0,0,253569,3,0
0,0,0,0,89,26,18224,116263,0,0,0,0,0,255201,3,0
0,0,0,0,8,28,18225,116263,0,0,0,0,0,279077,3,0
0,0,0,0,26,28,18226,116263,0,0,0,0,0,240482,3,0
0,0,0,0,29,28,18227,116263,0,0,0,0,0,279135,3,0
0,0,0,0,4,28,18228,116263,0,0,0,0,0,70525,3,0
0,0,0,0,1,28,18229,116263,0,0,0,0,0,253639,3,0
0,0,0,0,18,28,18230,116263,0,0,0,0,0,70529,3,0
0,0,0,0,12,28,18231,116263,0,0,0,0,0,195031,3,0
0,0,0,0,20,28,18232,116263,0,0,0,0,0,231965,3,0
0,0,0,0,9,28,18233,116263,0,0,0,0,0,183093,3,0
0,0,0,0,14,28,18234,116263,0,0,0,0,0,70527,3,0
0,0,0,0,17,28,18235,116263,0,0,0,0,0,70528,3,0
0,0,0,0,30,28,18236,116263,0,0,0,0,0,70533,3,0
0,0,0,0,13,29,18237,116263,0,0,0,0,0,70526,3,0
0,0,0,0,22,29,18238,116263,0,0,0,0,0,70530,3,0
0,0,0,0,25,29,18239,116263,0,0,0,0,0,70531,3,0
0,0,0,0,27,29,18240,116263,0,0,0,0,0,70532,3,0
0,0,0,0,28,29,18241,116263,0,0,0,0,0,279138,3,0
0,0,0,0,12,0,18242,116292,0,0,0,0,0,70216,3,0
0,0,0,0,15,3,18243,116292,0,0,0,0,0,255350,3,0
0,0,0,0,26,4,18244,116292,0,0,0,0,0,261427,3,0
0,0,0,0,2,6,18245,116292,0,0,0,0,0,70208,3,0
0,0,0,0,6,7,18246,116292,0,0,0,0,0,261364,3,0
0,0,0,0,10,10,18247,116292,0,0,0,0,0,225708,3,0
0,0,0,0,7,23,18248,116292,0,0,0,0,0,215335,3,0
0,0,0,0,8,13,18249,116292,0,0,0,0,0,261185,3,0
0,0,0,0,22,15,18250,116292,0,0,0,0,0,71540,3,0
0,0,0,0,17,27,18251,116292,0,0,0,0,0,274253,3,0
0,0,0,0,9,25,18252,116292,0,0,0,0,0,228085,3,0
0,0,0,0,24,28,18253,116292,0,0,0,0,0,71541,3,0
0,0,0,0,20,28,18254,116292,0,0,0,0,0,274263,3,0
0,0,0,0,14,28,18255,116292,0,0,0,0,0,260442,3,0
0,0,0,0,28,28,18256,116292,0,0,0,0,0,72211,3,0
0,0,0,0,40,28,18257,116292,0,0,0,0,0,71051,3,0
0,0,0,0,38,28,18258,116292,0,0,0,0,0,70209,3,0
0,0,0,0,19,28,18259,116292,0,0,0,0,0,71539,3,0
0,0,0,0,27,28,18260,116292,0,0,0,0,0,72087,3,0
0,0,0,0,5,28,18261,116292,0,0,0,0,0,71537,3,0
0,0,0,0,77,28,18262,116292,0,0,0,0,0,255959,3,0
0,0,0,0,30,28,18263,116292,0,0,0,0,0,253601,3,0
0,0,0,0,4,28,18264,116292,0,0,0,0,0,254179,3,0
0,0,0,0,1,29,18265,116292,0,0,0,0,0,203759,3,0
0,0,0,0,13,29,18266,116292,0,0,0,0,0,70207,3,0
0,0,0,0,16,29,18267,116292,0,0,0,0,0,71657,3,0
0,0,0,0,11,29,18268,116292,0,0,0,0,0,253523,3,0
0,0,0,0,1,0,18269,116295,0,0,0,0,0,263462,3,0
0,0,0,0,26,3,18270,116295,0,0,0,0,0,245062,3,0
0,0,0,0,2,4,18271,116295,0,0,0,0,0,231093,3,0
0,0,0,0,4,6,18272,116295,0,0,0,0,0,266246,3,0
0,0,0,0,19,7,18273,116295,0,0,0,0,0,275003,3,0
0,0,0,0,40,12,18274,116295,0,0,0,0,0,240292,3,0
0,0,0,0,6,13,18275,116295,0,0,0,0,0,254711,3,0
0,0,0,0,5,15,18276,116295,0,0,0,0,0,252175,3,0
0,0,0,0,29,16,18277,116295,0,0,0,0,0,273682,3,0
0,0,0,0,17,24,18278,116295,0,0,0,0,0,275001,3,0
0,0,0,0,28,26,18279,116295,0,0,0,0,0,71712,3,0
0,0,0,0,99,28,18280,116295,0,0,0,0,0,254722,3,0
0,0,0,0,3,28,18281,116295,0,0,0,0,0,247397,3,0
0,0,0,0,24,28,18282,116295,0,0,0,0,0,273846,3,0
0,0,0,0,16,28,18283,116295,0,0,0,0,0,260541,3,0
0,0,0,0,39,28,18284,116295,0,0,0,0,0,274861,3,0
0,0,0,0,77,28,18285,116295,0,0,0,0,0,274008,3,0
0,0,0,0,7,28,18286,116295,0,0,0,0,0,256163,3,0
0,0,0,0,90,28,18287,116295,0,0,0,0,0,271130,3,0
0,0,0,0,21,28,18288,116295,0,0,0,0,0,273847,3,0
0,0,0,0,96,28,18289,116295,0,0,0,0,0,74037,3,0
0,0,0,0,32,28,18290,116295,0,0,0,0,0,277319,3,0
0,0,0,0,95,28,18291,116295,0,0,0,0,0,254770,3,0
0,0,0,0,33,29,18292,116295,0,0,0,0,0,221459,3,0
0,0,0,0,22,29,18293,116295,0,0,0,0,0,72213,3,0
0,0,0,0,37,29,18294,116295,0,0,0,0,0,268816,3,0
0,0,0,0,13,29,18295,116295,0,0,0,0,0,224801,3,0
0,0,0,0,31,29,18296,116295,0,0,0,0,0,71713,3,0
0,0,0,0,35,29,18297,116295,0,0,0,0,0,261217,3,0
0,0,0,0,20,29,18298,116295,0,0,0,0,0,72302,3,0
0,0,0,0,15,29,18299,116295,0,0,0,0,0,269687,3,0
0,0,0,0,14,29,18300,116295,0,0,0,0,0,72012,3,0
0,0,0,0,30,29,18301,116295,0,0,0,0,0,274365,3,0
0,0,0,0,12,29,18302,116295,0,0,0,0,0,259296,3,0
0,0,0,0,12,0,18303,116323,0,0,0,0,0,71073,3,0
0,0,0,0,23,3,18304,116323,0,0,0,0,0,233298,3,0
0,0,0,0,5,4,18305,116323,0,0,0,0,0,259499,3,0
0,0,0,0,4,6,18306,116323,0,0,0,0,0,268610,3,0
0,0,0,0,14,7,18307,116323,0,0,0,0,0,71074,3,0
0,0,0,0,24,10,18308,116323,0,0,0,0,0,253529,3,0
0,0,0,0,17,12,18309,116323,0,0,0,0,0,71093,3,0
0,0,0,0,28,13,18310,116323,0,0,0,0,0,209006,3,0
0,0,0,0,32,15,18311,116323,0,0,0,0,0,71072,3,0
0,0,0,0,30,16,18312,116323,0,0,0,0,0,227905,3,0
0,0,0,0,9,25,18313,116323,0,0,0,0,0,254746,3,0
0,0,0,0,13,28,18314,116323,0,0,0,0,0,71252,3,0
0,0,0,0,3,28,18315,116323,0,0,0,0,0,254174,3,0
0,0,0,0,2,28,18316,116323,0,0,0,0,0,71075,3,0
0,0,0,0,20,28,18317,116323,0,0,0,0,0,254958,3,0
0,0,0,0,1,28,18318,116323,0,0,0,0,0,260517,3,0
0,0,0,0,29,28,18319,116323,0,0,0,0,0,71775,3,0
0,0,0,0,27,28,18320,116323,0,0,0,0,0,274738,3,0
0,0,0,0,15,28,18321,116323,0,0,0,0,0,254718,3,0
0,0,0,0,16,28,18322,116323,0,0,0,0,0,277223,3,0
0,0,0,0,25,28,18323,116323,0,0,0,0,0,71774,3,0
0,0,0,0,21,28,18324,116323,0,0,0,0,0,71776,3,0
0,0,0,0,1,0,18325,131161,0,0,0,0,0,188610,3,0
0,0,0,0,2,3,18326,131161,0,0,0,0,0,253530,3,0
0,0,0,0,4,4,18327,131161,0,0,0,0,0,236271,3,0
0,0,0,0,13,6,18328,131161,0,0,0,0,0,279148,3,0
0,0,0,0,24,7,18329,131161,0,0,0,0,0,70454,3,0
0,0,0,0,16,9,18330,131161,0,0,0,0,0,253584,3,0
0,0,0,0,14,11,18331,131161,0,0,0,0,0,254184,3,0
0,0,0,0,32,12,18332,131161,0,0,0,0,0,70452,3,0
0,0,0,0,11,16,18333,131161,0,0,0,0,0,240211,3,0
0,0,0,0,10,18,18334,131161,0,0,0,0,0,250796,3,0
0,0,0,0,9,25,18335,131161,0,0,0,0,0,253557,3,0
0,0,0,0,31,28,18336,131161,0,0,0,0,0,259636,3,0
0,0,0,0,8,28,18337,131161,0,0,0,0,0,279155,3,0
0,0,0,0,22,28,18338,131161,0,0,0,0,0,264797,3,0
0,0,0,0,29,28,18339,131161,0,0,0,0,0,70456,3,0
0,0,0,0,25,28,18340,131161,0,0,0,0,0,229397,3,0
0,0,0,0,36,28,18341,131161,0,0,0,0,0,214434,3,0
0,0,0,0,20,28,18342,131161,0,0,0,0,0,255064,3,0
0,0,0,0,21,28,18343,131161,0,0,0,0,0,265428,3,0
0,0,0,0,19,28,18344,131161,0,0,0,0,0,256185,3,0
0,0,0,0,12,28,18345,131161,0,0,0,0,0,275149,3,0
0,0,0,0,15,28,18346,131161,0,0,0,0,0,70453,3,0
0,0,0,0,17,28,18347,131161,0,0,0,0,0,268556,3,0
0,0,0,0,34,29,18348,131161,0,0,0,0,0,70457,3,0
0,0,0,0,27,29,18349,131161,0,0,0,0,0,253526,3,0
0,0,0,0,29,0,18350,131474,0,0,0,0,0,254584,3,0
0,0,0,0,33,3,18351,131474,0,0,0,0,0,233530,3,0
0,0,0,0,4,4,18352,131474,0,0,0,0,0,70612,3,0
0,0,0,0,20,6,18353,131474,0,0,0,0,0,70594,3,0
0,0,0,0,25,7,18354,131474,0,0,0,0,0,70602,3,0
0,0,0,0,24,9,18355,131474,0,0,0,0,0,71042,3,0
0,0,0,0,14,11,18356,131474,0,0,0,0,0,70590,3,0
0,0,0,0,43,12,18357,131474,0,0,0,0,0,274896,3,0
0,0,0,0,19,16,18358,131474,0,0,0,0,0,70611,3,0
0,0,0,0,16,18,18359,131474,0,0,0,0,0,71904,3,0
0,0,0,0,23,25,18360,131474,0,0,0,0,0,70606,3,0
0,0,0,0,9,28,18361,131474,0,0,0,0,0,70613,3,0
0,0,0,0,88,28,18362,131474,0,0,0,0,0,70603,3,0
0,0,0,0,27,28,18363,131474,0,0,0,0,0,70604,3,0
0,0,0,0,13,28,18364,131474,0,0,0,0,0,253881,3,0
0,0,0,0,1,28,18365,131474,0,0,0,0,0,70597,3,0
0,0,0,0,36,28,18366,131474,0,0,0,0,0,71759,3,0
0,0,0,0,10,28,18367,131474,0,0,0,0,0,70607,3,0
0,0,0,0,7,28,18368,131474,0,0,0,0,0,71043,3,0
0,0,0,0,39,28,18369,131474,0,0,0,0,0,261481,3,0
0,0,0,0,34,28,18370,131474,0,0,0,0,0,71758,3,0
0,0,0,0,15,28,18371,131474,0,0,0,0,0,70599,3,0
0,0,0,0,11,28,18372,131474,0,0,0,0,0,70605,3,0
0,0,0,0,18,29,18373,131474,0,0,0,0,0,70595,3,0
0,0,0,0,77,29,18374,131474,0,0,0,0,0,71763,3,0
0,0,0,0,70,29,18375,131474,0,0,0,0,0,70610,3,0
0,0,0,0,44,29,18376,131474,0,0,0,0,0,71762,3,0
0,0,0,0,32,29,18377,131474,0,0,0,0,0,70591,3,0
0,0,0,0,17,29,18378,131474,0,0,0,0,0,71756,3,0
0,0,0,0,2,29,18379,131474,0,0,0,0,0,71754,3,0
0,0,0,0,21,29,18380,131474,0,0,0,0,0,71757,3,0
0,0,0,0,30,0,18381,131511,0,0,0,0,0,221807,3,0
0,0,0,0,2,3,18382,131511,0,0,0,0,0,242456,3,0
0,0,0,0,3,4,18383,131511,0,0,0,0,0,279687,3,0
0,0,0,0,5,6,18384,131511,0,0,0,0,0,212351,3,0
0,0,0,0,16,7,18385,131511,0,0,0,0,0,226723,3,0
0,0,0,0,25,10,18386,131511,0,0,0,0,0,278844,3,0
0,0,0,0,27,23,18387,131511,0,0,0,0,0,258974,3,0
0,0,0,0,7,13,18388,131511,0,0,0,0,0,255133,3,0
0,0,0,0,21,15,18389,131511,0,0,0,0,0,260328,3,0
0,0,0,0,24,27,18390,131511,0,0,0,0,0,278847,3,0
0,0,0,0,11,25,18391,131511,0,0,0,0,0,212409,3,0
0,0,0,0,6,28,18392,131511,0,0,0,0,0,255385,3,0
0,0,0,0,8,28,18393,131511,0,0,0,0,0,237177,3,0
0,0,0,0,22,28,18394,131511,0,0,0,0,0,227919,3,0
0,0,0,0,15,28,18395,131511,0,0,0,0,0,247560,3,0
0,0,0,0,1,28,18396,131511,0,0,0,0,0,236860,3,0
0,0,0,0,26,28,18397,131511,0,0,0,0,0,278845,3,0
0,0,0,0,35,28,18398,131511,0,0,0,0,0,278848,3,0
0,0,0,0,33,28,18399,131511,0,0,0,0,0,71346,3,0
0,0,0,0,30,0,18400,110955,0,0,0,0,0,248735,5,0
0,0,0,0,13,3,18401,110955,0,0,0,0,0,238857,3,0
2,0,0,0,4,4,18402,110955,0,0,0,0,0,245040,4,0
2,0,0,0,5,6,18403,110955,0,0,0,0,0,245041,3,0
1,0,0,0,16,7,18404,110955,0,0,0,0,0,228076,3,0
2,0,0,0,6,10,18405,110955,0,0,0,0,0,211382,3,0
5,0,0,1,15,13,18406,110955,0,0,0,0,0,217153,4,0
3,0,0,0,17,15,18407,110955,0,0,0,0,0,241418,3,0
7,0,0,1,10,18,18408,110955,0,0,0,0,0,210377,3,0
15,0,0,1,11,24,18409,110955,0,0,0,0,0,212601,3,0
16,1,0,1,9,26,18410,110955,0,0,0,0,1,246093,5,0
0,0,0,0,36,28,18411,110955,0,0,0,0,0,275655,3,0
2,0,0,0,18,28,18412,110955,0,0,0,0,0,211108,3,0
4,0,0,1,14,28,18413,110955,0,0,0,0,0,222350,3,0
1,0,0,0,27,28,18414,110955,0,0,0,0,0,73718,2,0
0,0,0,0,1,28,18415,110955,0,0,0,0,0,250978,3,0
0,0,0,0,28,28,18416,110955,0,0,0,0,0,222204,3,0
4,0,0,1,20,28,18417,110955,0,0,0,0,2,182411,3,0
1,0,0,0,33,28,18418,110955,0,0,0,0,0,251110,1,0
2,0,0,0,7,28,18419,110955,0,0,0,0,0,245042,4,0
0,0,0,0,38,28,18420,110955,0,0,0,0,0,240393,3,0
0,0,0,0,32,28,18421,110955,0,0,0,0,0,222183,3,0
0,0,0,0,29,28,18422,110955,0,0,0,0,0,245043,3,0
0,0,0,0,21,29,18423,110955,0,0,0,0,0,243107,3,0
0,0,0,0,41,29,18424,110955,0,0,0,0,0,269105,3,0
0,0,0,0,34,29,18425,110955,0,0,0,0,0,71430,3,0
0,0,0,0,39,29,18426,110955,0,0,0,0,0,275656,3,0
0,0,0,0,40,29,18427,110955,0,0,0,0,0,71432,3,0
0,0,0,0,31,29,18428,110955,0,0,0,0,0,73720,3,0
0,0,0,0,42,29,18429,110955,0,0,0,0,0,275658,3,0
0,0,0,0,44,29,18430,110955,0,0,0,0,0,277768,3,0
0,0,0,0,35,29,18431,110955,0,0,0,0,0,71431,3,0
1,0,0,0,3,29,18432,110955,0,0,0,0,0,277017,4,0
0,0,0,0,43,29,18433,110955,0,0,0,0,0,71437,3,0
0,0,0,0,14,0,18434,111724,0,0,0,0,0,182224,3,0
0,0,0,0,17,3,18435,111724,0,0,0,0,0,221854,3,0
0,0,0,0,27,4,18436,111724,0,0,0,0,0,222346,2,0
1,0,0,0,5,6,18437,111724,0,0,0,0,0,191572,3,0
2,0,0,1,11,7,18438,111724,0,0,0,0,0,240207,4,0
0,0,0,0,35,10,18439,111724,0,0,0,0,0,233394,2,0
2,0,0,1,29,12,18440,111724,0,0,0,0,1,252516,5,0
2,0,0,1,20,13,18441,111724,0,0,0,0,0,221801,3,0
6,0,0,1,8,15,18442,111724,0,0,0,0,2,251291,5,0
5,0,0,1,10,16,18443,111724,0,0,0,0,0,205401,3,0
9,0,0,1,9,25,18444,111724,0,0,0,0,0,230601,3,0
0,0,0,0,21,28,18445,111724,0,0,0,0,0,221855,3,0
0,0,0,0,3,28,18446,111724,0,0,0,0,0,73676,4,0
0,0,0,0,6,28,18447,111724,0,0,0,0,0,221846,3,0
0,0,0,0,2,28,18448,111724,0,0,0,0,0,233946,3,0
0,0,0,0,1,28,18449,111724,0,0,0,0,0,261928,3,0
0,0,0,0,19,28,18450,111724,0,0,0,0,0,268313,3,0
2,0,0,1,22,28,18451,111724,0,0,0,0,0,223298,3,0
1,0,0,0,33,28,18452,111724,0,0,0,0,0,232871,3,0
1,0,0,0,23,28,18453,111724,0,0,0,0,0,261927,3,0
1,0,0,0,25,28,18454,111724,0,0,0,0,0,217160,3,0
0,0,0,0,31,28,18455,111724,0,0,0,0,0,245036,3,0
0,0,0,0,13,28,18456,111724,0,0,0,0,0,192008,3,0
1,0,0,0,24,29,18457,111724,0,0,0,0,0,224677,2,0
1,0,0,0,28,29,18458,111724,0,0,0,0,1,272748,4,0
0,0,0,0,36,29,18459,111724,0,0,0,0,0,269030,3,0
0,0,0,0,16,29,18460,111724,0,0,0,0,0,264025,3,0
0,0,0,0,44,29,18461,111724,0,0,0,0,0,73707,2,0
1,0,0,0,30,29,18462,111724,0,0,0,0,0,259653,3,0
0,0,0,0,26,29,18463,111724,0,0,0,0,0,233681,3,0
0,0,0,0,41,29,18464,111724,0,0,0,0,0,259652,3,0
0,0,0,0,42,29,18465,111724,0,0,0,0,0,73706,3,0
0,0,0,0,43,29,18466,111724,0,0,0,0,0,73705,3,0
0,0,0,0,34,0,18467,111768,0,0,0,0,0,191528,3,0
0,0,0,0,27,3,18468,111768,0,0,0,0,0,199088,3,0
2,0,0,0,5,4,18469,111768,0,0,0,0,0,236690,3,0
0,0,0,0,28,6,18470,111768,0,0,0,0,0,182409,3,0
1,0,0,0,3,7,18471,111768,0,0,0,0,0,248237,3,0
6,0,0,1,11,12,18472,111768,0,0,0,0,1,241239,5,0
1,0,0,0,21,13,18473,111768,0,0,0,0,0,241341,3,0
0,0,0,0,6,15,18474,111768,0,0,0,0,0,228033,3,0
4,0,0,1,8,16,18475,111768,0,0,0,0,1,251294,4,0
6,0,0,1,20,24,18476,111768,0,0,0,0,2,242276,5,0
12,0,0,1,29,26,18477,111768,0,0,0,0,3,227527,5,0
1,0,0,0,10,28,18478,111768,0,0,0,0,0,221820,3,0
1,0,0,0,23,28,18479,111768,0,0,0,0,0,202808,3,0
1,0,0,0,4,28,18480,111768,0,0,0,0,1,224648,3,0
0,0,0,0,26,28,18481,111768,0,0,0,0,0,261886,3,0
0,0,0,0,1,28,18482,111768,0,0,0,0,0,253955,5,0
4,0,0,1,9,28,18483,111768,0,0,0,0,0,228017,3,0
3,0,0,0,24,28,18484,111768,0,0,0,0,0,227642,3,0
2,0,0,0,22,28,18485,111768,0,0,0,0,1,183997,3,0
0,0,0,0,2,28,18486,111768,0,0,0,0,0,237033,3,0
2,0,0,0,17,28,18487,111768,0,0,0,0,0,241344,4,0
3,0,0,0,18,28,18488,111768,0,0,0,0,1,261956,4,0
6,0,0,1,37,28,18489,111768,0,0,0,0,1,228047,3,0
0,0,0,0,16,29,18490,111768,0,0,0,0,0,240391,3,0
0,0,0,0,33,29,18491,111768,0,0,0,0,0,275172,3,0
0,0,0,0,19,29,18492,111768,0,0,0,0,0,268917,3,0
0,0,0,0,30,29,18493,111768,0,0,0,0,0,73687,3,0
0,0,0,0,44,29,18494,111768,0,0,0,0,0,71571,3,0
0,0,0,0,42,29,18495,111768,0,0,0,0,0,71569,3,0
0,0,0,0,45,29,18496,111768,0,0,0,0,0,71572,3,0
0,0,0,0,43,29,18497,111768,0,0,0,0,0,71570,3,0
0,0,0,0,25,29,18498,111768,0,0,0,0,0,253219,3,0
0,0,0,0,28,0,18499,111769,0,0,0,0,0,247224,2,0
0,0,0,0,5,3,18500,111769,0,0,0,0,0,245048,3,0
1,0,0,0,31,4,18501,111769,0,0,0,0,0,190276,3,0
1,0,0,0,4,6,18502,111769,0,0,0,0,0,235002,2,0
0,0,0,0,24,7,18503,111769,0,0,0,0,0,242700,2,0
7,0,0,1,10,23,18504,111769,0,0,0,0,0,225478,3,0
2,0,0,1,20,13,18505,111769,0,0,0,0,0,240917,3,0
0,0,0,0,35,14,18506,111769,0,0,0,0,0,263847,3,0
5,0,0,1,44,15,18507,111769,0,0,0,0,0,221931,3,0
1,0,0,0,8,27,18508,111769,0,0,0,0,0,224546,3,0
10,0,0,1,9,25,18509,111769,0,0,0,0,2,212023,4,0
8,0,0,1,29,28,18510,111769,0,0,0,0,2,202855,3,0
0,0,0,0,19,28,18511,111769,0,0,0,0,0,224692,2,0
0,0,0,0,26,28,18512,111769,0,0,0,0,0,241299,1,0
0,0,0,0,2,28,18513,111769,0,0,0,0,0,243092,2,0
0,0,0,0,23,28,18514,111769,0,0,0,0,0,221964,3,0
0,0,0,0,13,28,18515,111769,0,0,0,0,0,221980,3,0
0,0,0,0,30,28,18516,111769,0,0,0,0,0,261904,3,0
0,0,0,0,7,28,18517,111769,0,0,0,0,0,247195,3,0
0,0,0,0,6,28,18518,111769,0,0,0,0,0,241332,3,0
0,0,0,0,21,28,18519,111769,0,0,0,0,0,261919,3,0
0,0,0,0,42,28,18520,111769,0,0,0,0,0,222438,2,0
0,0,0,0,16,28,18521,111769,0,0,0,0,0,261917,5,0
0,0,0,0,37,29,18522,111769,0,0,0,0,0,71573,3,0
0,0,0,0,25,29,18523,111769,0,0,0,0,0,245160,3,0
0,0,0,0,14,29,18524,111769,0,0,0,0,0,268928,3,0
1,0,0,0,32,29,18525,111769,0,0,0,0,0,273641,2,0
0,0,0,0,45,29,18526,111769,0,0,0,0,0,269015,3,0
0,0,0,0,3,29,18527,111769,0,0,0,0,0,224550,3,0
0,0,0,0,34,29,18528,111769,0,0,0,0,0,268930,2,0
1,0,0,0,15,29,18529,111769,0,0,0,0,0,268915,2,0
0,0,0,0,39,29,18530,111769,0,0,0,0,0,71575,3,0
0,0,0,0,38,29,18531,111769,0,0,0,0,0,71574,3,0
0,0,0,0,36,29,18532,111769,0,0,0,0,0,261887,3,0
0,0,0,0,22,0,18533,111774,0,0,0,0,0,221798,2,0
0,0,0,0,15,3,18534,111774,0,0,0,0,0,247197,3,0
0,0,0,0,31,4,18535,111774,0,0,0,0,0,259018,5,0
1,0,0,1,21,6,18536,111774,0,0,0,0,0,268777,4,0
0,0,0,0,16,7,18537,111774,0,0,0,0,0,261954,3,0
0,0,0,0,14,10,18538,111774,0,0,0,0,0,252181,3,0
9,0,0,1,7,12,18539,111774,0,0,0,0,1,260645,5,0
6,0,0,1,30,13,18540,111774,0,0,0,0,2,228077,5,0
0,0,0,0,8,15,18541,111774,0,0,0,0,0,237670,5,0
2,0,0,1,29,16,18542,111774,0,0,0,0,0,224466,4,0
17,1,0,1,9,25,18543,111774,0,0,0,0,0,262447,4,0
1,0,0,1,36,28,18544,111774,0,0,0,0,0,226021,3,0
1,0,0,1,40,28,18545,111774,0,0,0,0,0,263487,4,0
0,0,0,0,18,28,18546,111774,0,0,0,0,0,233948,3,0
1,0,0,1,6,28,18547,111774,0,0,0,0,0,232256,4,0
0,0,0,0,1,28,18548,111774,0,0,0,0,0,269138,3,0
1,0,0,1,11,28,18549,111774,0,0,0,0,1,243117,4,0
0,0,0,0,23,28,18550,111774,0,0,0,0,0,241622,3,0
0,0,0,0,25,28,18551,111774,0,0,0,0,0,269141,3,0
0,0,0,0,4,28,18552,111774,0,0,0,0,0,243102,3,0
0,0,0,0,3,28,18553,111774,0,0,0,0,0,250989,2,0
0,0,0,0,5,28,18554,111774,0,0,0,0,0,191532,3,0
0,0,0,0,17,28,18555,111774,0,0,0,0,0,253967,3,0
0,0,0,0,24,29,18556,111774,0,0,0,0,0,71409,3,0
1,0,0,1,19,29,18557,111774,0,0,0,0,0,264056,3,0
0,0,0,0,32,29,18558,111774,0,0,0,0,0,241342,3,0
0,0,0,0,20,29,18559,111774,0,0,0,0,0,269140,3,0
0,0,0,0,26,0,18560,111779,0,0,0,0,0,224555,3,0
0,0,0,0,13,3,18561,111779,0,0,0,0,0,257493,1,0
0,0,0,0,24,4,18562,111779,0,0,0,0,0,221850,3,0
3,0,0,1,36,6,18563,111779,0,0,0,0,0,226151,3,0
0,0,0,0,2,7,18564,111779,0,0,0,0,0,268959,3,0
2,0,0,1,10,12,18565,111779,0,0,0,0,0,241619,3,0
1,0,0,0,6,13,18566,111779,0,0,0,0,0,216736,3,0
2,0,0,1,8,15,18567,111779,0,0,0,0,0,245754,4,0
3,0,0,1,11,16,18568,111779,0,0,0,0,0,213013,3,0
9,0,0,1,40,24,18569,111779,0,0,0,0,1,219908,3,0
6,0,0,1,20,26,18570,111779,0,0,0,0,1,273640,3,0
0,0,0,0,7,28,18571,111779,0,0,0,0,0,243088,3,0
0,0,0,0,19,28,18572,111779,0,0,0,0,0,269520,2,0
1,0,0,0,28,28,18573,111779,0,0,0,0,0,224633,2,0
0,0,0,0,4,28,18574,111779,0,0,0,0,0,251586,2,0
0,0,0,0,18,28,18575,111779,0,0,0,0,0,226838,5,0
1,0,0,0,9,28,18576,111779,0,0,0,0,0,251111,3,0
0,0,0,0,30,28,18577,111779,0,0,0,0,0,222306,3,0
1,0,0,0,15,28,18578,111779,0,0,0,0,0,243099,3,0
1,0,0,0,21,28,18579,111779,0,0,0,0,0,261899,3,0
0,0,0,0,23,28,18580,111779,0,0,0,0,0,241311,2,0
0,0,0,0,5,28,18581,111779,0,0,0,0,0,186970,2,0
0,0,0,0,16,28,18582,111779,0,0,0,0,0,224667,3,0
0,0,0,0,22,29,18583,111779,0,0,0,0,0,253966,3,0
0,0,0,0,37,29,18584,111779,0,0,0,0,0,264021,3,0
0,0,0,0,27,29,18585,111779,0,0,0,0,0,261905,2,0
0,0,0,0,39,29,18586,111779,0,0,0,0,0,269104,3,0
0,0,0,0,25,29,18587,111779,0,0,0,0,0,275472,3,0
0,0,0,0,33,29,18588,111779,0,0,0,0,0,71349,3,0
0,0,0,0,14,29,18589,111779,0,0,0,0,0,261898,3,0
0,0,0,0,32,29,18590,111779,0,0,0,0,0,277716,3,0
0,0,0,0,17,29,18591,111779,0,0,0,0,0,261984,3,0
0,0,0,0,33,0,18592,112163,0,0,0,0,0,269536,3,0
0,0,0,0,19,3,18593,112163,0,0,0,0,0,222434,3,0
2,0,0,0,2,4,18594,112163,0,0,0,0,0,269529,3,0
0,0,0,0,36,6,18595,112163,0,0,0,0,0,238862,4,0
0,0,0,0,28,7,18596,112163,0,0,0,0,0,224549,3,0
0,0,0,0,8,9,18597,112163,0,0,0,0,0,193713,3,0
0,0,0,0,10,11,18598,112163,0,0,0,0,0,221826,4,0
3,0,0,1,22,12,18599,112163,0,0,0,0,1,222440,5,0
9,0,0,1,7,16,18600,112163,0,0,0,0,0,271525,3,0
3,0,0,1,11,18,18601,112163,0,0,0,0,0,239148,3,0
20,1,0,1,45,25,18602,112163,0,0,0,0,2,254894,5,0
1,0,0,0,9,28,18603,112163,0,0,0,0,0,191569,3,0
5,0,0,1,17,28,18604,112163,0,0,0,0,0,227939,4,0
0,0,0,0,29,28,18605,112163,0,0,0,0,0,205331,3,0
3,0,0,1,26,28,18606,112163,0,0,0,0,0,222192,2,0
0,0,0,0,1,28,18607,112163,0,0,0,0,0,224475,3,0
0,0,0,0,6,28,18608,112163,0,0,0,0,0,242414,3,0
0,0,0,0,20,28,18609,112163,0,0,0,0,0,269539,3,0
0,0,0,0,5,28,18610,112163,0,0,0,0,0,269530,3,0
1,0,0,0,31,28,18611,112163,0,0,0,0,0,191860,3,0
0,0,0,0,14,28,18612,112163,0,0,0,0,0,233945,3,0
0,0,0,0,4,28,18613,112163,0,0,0,0,0,222344,1,0
0,0,0,0,3,28,18614,112163,0,0,0,0,0,233947,3,0
0,0,0,0,21,29,18615,112163,0,0,0,0,0,277783,3,0
0,0,0,0,23,29,18616,112163,0,0,0,0,0,269541,3,0
0,0,0,0,15,29,18617,112163,0,0,0,0,0,275670,3,0
0,0,0,0,32,29,18618,112163,0,0,0,0,0,275673,3,0
0,0,0,0,27,29,18619,112163,0,0,0,0,0,253679,3,0
0,0,0,0,39,29,18620,112163,0,0,0,0,0,277782,3,0
0,0,0,0,37,29,18621,112163,0,0,0,0,0,275675,3,0
0,0,0,0,1,0,18622,112540,0,0,0,0,0,224599,4,0
3,0,0,1,4,3,18623,112540,0,0,0,0,0,224604,4,0
1,0,0,0,3,4,18624,112540,0,0,0,0,0,200741,3,0
0,0,0,0,13,6,18625,112540,0,0,0,0,0,241328,3,0
0,0,0,0,32,7,18626,112540,0,0,0,0,0,243100,4,0
1,0,0,0,22,9,18627,112540,0,0,0,0,0,70832,4,0
3,0,0,1,18,11,18628,112540,0,0,0,0,0,215791,2,0
31,1,0,1,7,12,18629,112540,0,0,0,1,2,221445,2,0
11,0,0,1,10,16,18630,112540,0,0,0,0,0,228819,3,0
13,0,0,1,8,18,18631,112540,0,0,0,0,2,188152,5,0
20,1,0,1,9,25,18632,112540,0,0,0,0,1,222729,5,0
0,0,0,0,14,28,18633,112540,0,0,0,0,0,224616,3,0
0,0,0,0,19,28,18634,112540,0,0,0,0,0,257523,3,0
1,0,0,0,5,28,18635,112540,0,0,0,0,0,200672,3,0
1,0,0,0,2,28,18636,112540,0,0,0,0,0,224690,5,0
0,0,0,0,12,28,18637,112540,0,0,0,0,0,241327,3,0
2,0,0,0,27,28,18638,112540,0,0,0,0,0,226197,3,0
0,0,0,0,11,28,18639,112540,0,0,0,0,0,224611,4,0
0,0,0,0,17,28,18640,112540,0,0,0,0,0,255417,3,0
0,0,0,0,23,28,18641,112540,0,0,0,0,0,224624,3,0
0,0,0,0,38,28,18642,112540,0,0,0,0,0,272738,3,0
0,0,0,0,20,28,18643,112540,0,0,0,0,0,224631,3,0
0,0,0,0,21,28,18644,112540,0,0,0,0,0,241485,3,0
0,0,0,0,33,29,18645,112540,0,0,0,0,0,261947,3,0
0,0,0,0,41,29,18646,112540,0,0,0,0,0,269113,3,0
0,0,0,0,25,29,18647,112540,0,0,0,0,0,222621,3,0
1,0,0,0,16,29,18648,112540,0,0,0,0,0,231954,3,0
0,0,0,0,45,29,18649,112540,0,0,0,0,0,275652,3,0
0,0,0,0,6,29,18650,112540,0,0,0,0,0,224608,3,0
0,0,0,0,31,29,18651,112540,0,0,0,0,0,71426,3,0
0,0,0,0,37,29,18652,112540,0,0,0,0,0,269110,3,0
0,0,0,0,39,29,18653,112540,0,0,0,0,0,73709,3,0
0,0,0,0,42,29,18654,112540,0,0,0,0,0,73711,3,0
0,0,0,0,44,29,18655,112540,0,0,0,0,0,73712,3,0
0,0,0,0,40,29,18656,112540,0,0,0,0,0,73710,3,0
0,0,0,0,23,0,18657,112979,0,0,0,0,0,241317,2,0
1,0,0,0,26,3,18658,112979,0,0,0,0,0,275189,3,0
1,0,0,0,15,4,18659,112979,0,0,0,0,0,233405,3,0
3,0,0,1,20,6,18660,112979,0,0,0,0,1,232558,5,0
1,0,0,0,34,7,18661,112979,0,0,0,0,0,226186,3,0
2,0,0,0,25,9,18662,112979,0,0,0,0,0,224687,2,0
1,0,0,0,16,11,18663,112979,0,0,0,0,0,276523,4,0
1,0,0,0,30,12,18664,112979,0,0,0,0,1,245348,5,0
4,0,0,1,10,16,18665,112979,0,0,0,0,0,207740,4,0
4,0,0,1,38,18,18666,112979,0,0,0,0,1,269033,4,0
4,0,0,1,9,25,18667,112979,0,0,0,0,0,239545,3,0
4,0,0,1,29,28,18668,112979,0,0,0,0,2,275190,2,0
0,0,0,0,6,28,18669,112979,0,0,0,0,0,216741,4,0
1,0,0,0,18,28,18670,112979,0,0,0,0,0,241331,3,0
0,0,0,0,24,28,18671,112979,0,0,0,0,0,253738,4,0
0,0,0,0,1,28,18672,112979,0,0,0,0,0,226183,3,0
1,0,0,0,17,28,18673,112979,0,0,0,0,0,275304,3,0
0,0,0,0,2,28,18674,112979,0,0,0,0,0,241621,2,0
0,0,0,0,37,28,18675,112979,0,0,0,0,0,257694,2,0
0,0,0,0,5,28,18676,112979,0,0,0,0,0,273646,4,0
0,0,0,0,13,28,18677,112979,0,0,0,0,0,71577,3,0
0,0,0,0,31,28,18678,112979,0,0,0,0,0,269124,3,0
0,0,0,0,36,28,18679,112979,0,0,0,0,0,273645,3,0
0,0,0,0,3,29,18680,112979,0,0,0,0,0,224691,3,0
0,0,0,0,44,29,18681,112979,0,0,0,0,0,73696,3,0
0,0,0,0,43,29,18682,112979,0,0,0,0,0,73695,3,0
0,0,0,0,14,0,18683,112985,0,0,0,0,0,221844,3,0
0,0,0,0,17,3,18684,112985,0,0,0,0,0,253739,3,0
0,0,0,0,36,4,18685,112985,0,0,0,0,0,191857,3,0
1,0,0,1,15,5,18686,112985,0,0,0,0,0,227970,2,0
1,0,0,1,16,6,18687,112985,0,0,0,0,0,222199,4,0
0,0,0,0,32,7,18688,112985,0,0,0,0,0,71394,2,0
1,0,0,1,18,12,18689,112985,0,0,0,0,0,261896,3,0
1,0,0,1,19,13,18690,112985,0,0,0,0,0,210870,3,0
1,0,0,1,8,15,18691,112985,0,0,0,0,0,233451,3,0
6,0,0,1,31,16,18692,112985,0,0,0,0,2,224108,3,0
8,0,0,1,9,25,18693,112985,0,0,0,0,0,203276,3,0
0,0,0,0,7,28,18694,112985,0,0,0,0,0,224615,4,0
0,0,0,0,33,28,18695,112985,0,0,0,0,0,261945,3,0
2,0,0,1,6,28,18696,112985,0,0,0,0,1,206073,4,0
0,0,0,0,13,28,18697,112985,0,0,0,0,0,261921,3,0
0,0,0,0,28,28,18698,112985,0,0,0,0,0,221845,5,0
3,0,0,1,20,28,18699,112985,0,0,0,0,1,248222,4,0
0,0,0,0,5,28,18700,112985,0,0,0,0,0,241338,2,0
0,0,0,0,26,28,18701,112985,0,0,0,0,0,257934,3,0
0,0,0,0,12,28,18702,112985,0,0,0,0,0,261930,2,0
0,0,0,0,29,28,18703,112985,0,0,0,0,0,183031,3,0
0,0,0,0,22,28,18704,112985,0,0,0,0,0,275174,3,0
0,0,0,0,25,28,18705,112985,0,0,0,0,0,73690,3,0
0,0,0,0,35,29,18706,112985,0,0,0,0,0,277702,2,0
0,0,0,0,37,29,18707,112985,0,0,0,0,0,279550,3,0
0,0,0,0,30,29,18708,112985,0,0,0,0,0,73691,3,0
0,0,0,0,21,29,18709,112985,0,0,0,0,0,73688,3,0
0,0,0,0,24,29,18710,112985,0,0,0,0,0,73689,3,0
0,0,0,0,18,0,18711,114628,0,0,0,0,0,182451,3,0
1,0,0,0,29,3,18712,114628,0,0,0,0,0,271526,3,0
0,0,0,0,6,4,18713,114628,0,0,0,0,0,231956,3,0
0,0,0,0,11,6,18714,114628,0,0,0,0,0,70550,3,0
0,0,0,0,15,7,18715,114628,0,0,0,0,0,232888,3,0
1,0,0,0,30,9,18716,114628,0,0,0,0,0,222173,3,0
5,0,0,1,27,11,18717,114628,0,0,0,0,0,221888,2,0
2,0,0,1,16,12,18718,114628,0,0,0,0,0,221815,3,0
2,0,0,1,7,16,18719,114628,0,0,0,0,0,226296,3,0
1,0,0,0,25,18,18720,114628,0,0,0,0,0,268286,4,0
4,0,0,1,28,25,18721,114628,0,0,0,0,0,251585,2,0
0,0,0,0,13,28,18722,114628,0,0,0,0,0,222174,4,0
1,0,0,0,10,28,18723,114628,0,0,0,0,0,224669,3,0
0,0,0,0,31,28,18724,114628,0,0,0,0,0,224556,3,0
1,0,0,0,20,28,18725,114628,0,0,0,0,0,224674,3,0
0,0,0,0,41,28,18726,114628,0,0,0,0,0,240704,3,0
5,0,0,1,8,28,18727,114628,0,0,0,0,1,276524,2,0
0,0,0,0,12,28,18728,114628,0,0,0,0,0,243097,3,0
0,0,0,0,3,28,18729,114628,0,0,0,0,0,233449,3,0
0,0,0,0,17,28,18730,114628,0,0,0,0,0,222175,3,0
0,0,0,0,38,28,18731,114628,0,0,0,0,0,269017,3,0
0,0,0,0,42,28,18732,114628,0,0,0,0,0,272806,4,0
1,0,0,0,5,28,18733,114628,0,0,0,0,0,276571,2,0
0,0,0,0,36,29,18734,114628,0,0,0,0,0,269527,3,0
0,0,0,0,35,29,18735,114628,0,0,0,0,0,269526,3,0
0,0,0,0,14,29,18736,114628,0,0,0,0,0,272759,3,0
0,0,0,0,16,0,18737,116360,0,0,0,0,0,275318,3,0
0,0,0,0,20,3,18738,116360,0,0,0,0,0,222278,3,0
1,0,0,0,23,4,18739,116360,0,0,0,0,0,255632,3,0
2,0,0,0,4,5,18740,116360,0,0,0,0,0,209839,5,0
0,0,0,0,28,6,18741,116360,0,0,0,0,0,241318,3,0
1,0,0,0,11,7,18742,116360,0,0,0,0,0,264009,3,0
6,0,0,1,10,23,18743,116360,0,0,0,0,0,226096,3,0
7,0,0,1,8,13,18744,116360,0,0,0,0,0,208480,4,0
2,0,0,0,39,15,18745,116360,0,0,0,0,0,224562,3,0
7,0,0,1,31,27,18746,116360,0,0,0,0,1,214250,4,0
15,0,0,1,21,25,18747,116360,0,0,0,0,0,244723,4,0
8,0,0,1,7,28,18748,116360,0,0,0,0,0,223344,5,0
1,0,0,0,25,28,18749,116360,0,0,0,0,0,221847,4,0
0,0,0,0,15,28,18750,116360,0,0,0,0,0,247677,3,0
0,0,0,0,3,28,18751,116360,0,0,0,0,0,241252,3,0
0,0,0,0,33,28,18752,116360,0,0,0,0,0,233668,3,0
2,0,0,0,9,28,18753,116360,0,0,0,0,0,192598,3,0
0,0,0,0,26,28,18754,116360,0,0,0,0,0,269481,3,0
1,0,0,0,22,28,18755,116360,0,0,0,0,0,253518,3,0
0,0,0,0,6,28,18756,116360,0,0,0,0,0,186230,3,0
0,0,0,0,27,28,18757,116360,0,0,0,0,0,242874,3,0
0,0,0,0,1,28,18758,116360,0,0,0,0,0,192120,3,0
0,0,0,0,35,28,18759,116360,0,0,0,0,0,275322,3,0
1,0,0,0,24,29,18760,116360,0,0,0,0,0,275319,3,0
0,0,0,0,36,29,18761,116360,0,0,0,0,0,261932,3,0
1,0,0,0,17,29,18762,116360,0,0,0,0,0,243112,3,0
0,0,0,0,19,29,18763,116360,0,0,0,0,0,225740,3,0
0,0,0,0,30,29,18764,116360,0,0,0,0,0,275320,3,0
1,0,0,0,2,29,18765,116360,0,0,0,0,0,269476,4,0
1,0,0,0,29,29,18766,116360,0,0,0,0,1,269484,4,0
0,0,0,0,14,29,18767,116360,0,0,0,0,0,269480,3,0
0,0,0,0,32,0,18768,116361,0,0,0,0,0,224702,4,0
2,0,0,1,25,3,18769,116361,0,0,0,0,0,237010,4,0
0,0,0,0,23,4,18770,116361,0,0,0,0,0,222235,4,0
0,0,0,0,5,6,18771,116361,0,0,0,0,0,212912,5,0
2,0,0,1,4,7,18772,116361,0,0,0,0,0,222273,3,0
3,0,0,1,14,12,18773,116361,0,0,0,0,1,239921,5,0
0,0,0,0,21,13,18774,116361,0,0,0,0,0,224470,3,0
0,0,0,0,12,15,18775,116361,0,0,0,0,0,224685,4,0
2,0,0,1,11,16,18776,116361,0,0,0,0,0,229947,5,0
0,0,0,0,8,24,18777,116361,0,0,0,0,0,239609,3,0
4,0,0,1,37,26,18778,116361,0,0,0,0,0,263789,5,0
0,0,0,0,20,28,18779,116361,0,0,0,0,0,269027,3,0
2,0,0,1,19,28,18780,116361,0,0,0,0,0,242877,3,0
1,0,0,0,7,28,18781,116361,0,0,0,0,0,248376,4,0
0,0,0,0,18,28,18782,116361,0,0,0,0,0,241334,3,0
0,0,0,0,45,28,18783,116361,0,0,0,0,0,275667,3,0
0,0,0,0,10,28,18784,116361,0,0,0,0,0,221856,3,0
1,0,0,0,28,28,18785,116361,0,0,0,0,0,264029,3,0
0,0,0,0,39,28,18786,116361,0,0,0,0,0,72003,3,0
0,0,0,0,6,28,18787,116361,0,0,0,0,0,261946,3,0
0,0,0,0,40,28,18788,116361,0,0,0,0,0,71393,3,0
0,0,0,0,31,28,18789,116361,0,0,0,0,0,261941,3,0
0,0,0,0,38,28,18790,116361,0,0,0,0,0,71983,3,0
0,0,0,0,42,29,18791,116361,0,0,0,0,0,275663,3,0
0,0,0,0,16,29,18792,116361,0,0,0,0,0,269551,3,0
0,0,0,0,43,29,18793,116361,0,0,0,0,0,275666,3,0
0,0,0,0,41,29,18794,116361,0,0,0,0,0,269552,3,0
0,0,0,0,30,29,18795,116361,0,0,0,0,0,73724,2,0
0,0,0,0,29,29,18796,116361,0,0,0,0,0,73723,3,0
0,0,0,0,35,29,18797,116361,0,0,0,0,0,73725,3,0
0,0,0,0,34,29,18798,116361,0,0,0,0,0,277773,3,0
0,0,0,0,28,0,18799,131173,0,0,0,0,0,248221,3,0
0,0,0,0,16,3,18800,131173,0,0,0,0,0,239859,3,0
1,0,0,0,3,4,18801,131173,0,0,0,0,0,238103,3,0
0,0,0,0,26,6,18802,131173,0,0,0,0,0,73444,4,0
1,0,0,0,24,7,18803,131173,0,0,0,0,0,224630,4,0
0,0,0,0,30,9,18804,131173,0,0,0,0,0,224675,3,0
0,0,0,0,32,11,18805,131173,0,0,0,0,0,235139,3,0
0,0,0,0,27,12,18806,131173,0,0,0,0,0,182096,3,0
5,0,0,1,10,16,18807,131173,0,0,0,0,1,235462,4,0
4,0,0,1,20,18,18808,131173,0,0,0,0,0,210016,3,0
10,0,0,1,11,25,18809,131173,0,0,0,0,0,71406,5,0
0,0,0,0,19,28,18810,131173,0,0,0,0,0,232258,3,0
0,0,0,0,38,28,18811,131173,0,0,0,0,0,252332,3,0
2,0,0,1,7,28,18812,131173,0,0,0,0,0,244517,4,0
0,0,0,0,33,28,18813,131173,0,0,0,0,0,222200,3,0
0,0,0,0,1,28,18814,131173,0,0,0,0,0,275474,3,0
0,0,0,0,17,28,18815,131173,0,0,0,0,0,241312,3,0
0,0,0,0,18,28,18816,131173,0,0,0,0,0,226848,3,0
0,0,0,0,23,28,18817,131173,0,0,0,0,0,239858,4,0
0,0,0,0,5,28,18818,131173,0,0,0,0,0,273007,3,0
0,0,0,0,21,28,18819,131173,0,0,0,0,0,182118,3,0
0,0,0,0,8,28,18820,131173,0,0,0,0,0,242875,3,0
0,0,0,0,29,28,18821,131173,0,0,0,0,0,247720,3,0
3,0,0,1,25,29,18822,131173,0,0,0,0,0,273039,3,0
0,0,0,0,22,29,18823,131173,0,0,0,0,0,182076,3,0
0,0,0,0,34,29,18824,131173,0,0,0,0,0,73699,3,0
0,0,0,0,12,29,18825,131173,0,0,0,0,0,255597,3,0
0,0,0,0,6,29,18826,131173,0,0,0,0,0,273638,3,0
0,0,0,0,13,29,18827,131173,0,0,0,0,0,71445,3,0
0,0,0,0,40,29,18828,131173,0,0,0,0,0,73701,3,0
0,0,0,0,39,29,18829,131173,0,0,0,0,0,73700,3,0
0,0,0,0,41,29,18830,131173,0,0,0,0,0,73702,3,0
0,0,0,0,43,29,18831,131173,0,0,0,0,0,73703,3,0
0,0,0,0,13,0,18832,131487,0,0,0,0,0,272314,3,0
0,0,0,0,31,3,18833,131487,0,0,0,0,0,243105,3,0
0,0,0,0,15,4,18834,131487,0,0,0,0,0,224558,3,0
4,0,0,1,20,6,18835,131487,0,0,0,0,1,239581,4,0
1,0,0,1,2,7,18836,131487,0,0,0,0,0,224602,3,0
0,0,0,0,28,10,18837,131487,0,0,0,0,0,224701,3,0
0,0,0,0,21,12,18838,131487,0,0,0,0,0,235984,2,0
0,0,0,0,36,13,18839,131487,0,0,0,0,0,274024,4,0
0,0,0,0,33,15,18840,131487,0,0,0,0,0,222282,3,0
2,0,0,1,7,16,18841,131487,0,0,0,0,0,261756,2,0
9,0,0,1,11,25,18842,131487,0,0,0,0,1,200294,3,0
0,0,0,0,12,28,18843,131487,0,0,0,0,0,261618,3,0
1,0,0,1,19,28,18844,131487,0,0,0,0,0,71469,3,0
2,0,0,1,27,28,18845,131487,0,0,0,0,1,71471,4,0
0,0,0,0,6,28,18846,131487,0,0,0,0,0,224618,2,0
0,0,0,0,14,28,18847,131487,0,0,0,0,0,227969,3,0
0,0,0,0,3,28,18848,131487,0,0,0,0,0,241349,3,0
0,0,0,0,25,28,18849,131487,0,0,0,0,0,240472,4,0
0,0,0,0,4,28,18850,131487,0,0,0,0,0,241322,3,0
0,0,0,0,8,28,18851,131487,0,0,0,0,0,228018,2,0
0,0,0,0,44,28,18852,131487,0,0,0,0,0,222349,2,0
1,0,0,1,23,28,18853,131487,0,0,0,0,0,240805,3,0
0,0,0,0,35,28,18854,131487,0,0,0,0,0,261931,2,0
0,0,0,0,1,29,18855,131487,0,0,0,0,0,255601,3,0
0,0,0,0,5,29,18856,131487,0,0,0,0,0,257936,3,0
0,0,0,0,24,29,18857,131487,0,0,0,0,0,278235,3,0
1,0,0,1,16,29,18858,131487,0,0,0,0,0,70056,3,0
0,0,0,0,34,29,18859,131487,0,0,0,0,0,272622,3,0
0,0,0,0,1,0,18860,131488,0,0,0,0,0,269127,3,0
0,0,0,0,18,3,18861,131488,0,0,0,0,0,233719,3,0
0,0,0,0,33,4,18862,131488,0,0,0,0,0,206423,2,0
0,0,0,0,5,6,18863,131488,0,0,0,0,0,70062,3,0
0,0,0,0,3,7,18864,131488,0,0,0,0,0,224544,4,0
4,0,0,1,10,12,18865,131488,0,0,0,0,0,258731,2,0
1,0,0,0,20,13,18866,131488,0,0,0,0,1,269155,3,0
0,0,0,0,17,15,18867,131488,0,0,0,0,0,194617,3,0
1,0,0,0,39,16,18868,131488,0,0,0,0,0,241483,3,0
3,0,0,1,19,24,18869,131488,0,0,0,0,0,216793,3,0
11,0,0,1,11,26,18870,131488,0,0,0,0,0,188044,3,0
6,0,0,1,9,28,18871,131488,0,0,0,0,0,235077,2,0
1,0,0,0,30,28,18872,131488,0,0,0,0,0,261929,3,0
0,0,0,0,4,28,18873,131488,0,0,0,0,0,225739,3,0
0,0,0,0,6,28,18874,131488,0,0,0,0,0,224695,3,0
0,0,0,0,35,28,18875,131488,0,0,0,0,0,222274,5,0
1,0,0,0,16,28,18876,131488,0,0,0,0,0,264055,3,0
3,0,0,1,8,28,18877,131488,0,0,0,0,2,241335,4,0
1,0,0,0,14,28,18878,131488,0,0,0,0,0,222432,3,0
0,0,0,0,27,28,18879,131488,0,0,0,0,0,222181,3,0
0,0,0,0,13,28,18880,131488,0,0,0,0,0,243089,3,0
0,0,0,0,15,28,18881,131488,0,0,0,0,0,71448,3,0
0,0,0,0,28,28,18882,131488,0,0,0,0,0,235220,3,0
0,0,0,0,32,29,18883,131488,0,0,0,0,0,252517,3,0
1,0,0,0,24,29,18884,131488,0,0,0,0,0,245039,3,0
0,0,0,0,36,29,18885,131488,0,0,0,0,0,221972,3,0
0,0,0,0,22,29,18886,131488,0,0,0,0,0,70064,3,0
0,0,0,0,7,29,18887,131488,0,0,0,0,0,279551,3,0
0,0,0,0,2,29,18888,131488,0,0,0,0,0,261926,3,0
0,0,0,0,1,0,18889,27,0,0,0,0,0,206145,2,0
0,0,0,0,7,3,18890,27,0,0,0,0,0,211982,3,0
1,0,0,1,15,4,18891,27,0,0,0,0,0,245252,4,0
1,0,0,1,4,5,18892,27,0,0,0,0,0,224250,2,0
0,0,0,0,21,6,18893,27,0,0,0,0,0,244133,3,0
0,0,0,0,13,7,18894,27,0,0,0,0,0,262984,3,0
0,0,0,0,23,13,18895,27,0,0,0,0,0,262635,2,0
1,0,0,1,5,15,18896,27,0,0,0,0,0,223680,2,0
1,0,0,1,14,18,18897,27,0,0,0,0,0,251107,3,0
1,0,0,1,20,24,18898,27,0,0,0,0,0,279246,3,0
2,0,0,1,18,26,18899,27,0,0,0,0,0,233707,4,0
0,0,0,0,9,28,18900,27,0,0,0,0,0,71120,3,0
1,0,0,1,10,28,18901,27,0,0,0,0,0,243360,3,0
0,0,0,0,27,28,18902,27,0,0,0,0,0,251482,3,0
0,0,0,0,24,28,18903,27,0,0,0,0,0,275211,3,0
0,0,0,0,30,28,18904,27,0,0,0,0,0,269916,3,0
0,0,0,0,6,28,18905,27,0,0,0,0,0,262297,2,0
0,0,0,0,19,28,18906,27,0,0,0,0,0,269513,3,0
2,0,0,1,29,28,18907,27,0,0,0,0,0,270110,2,0
0,0,0,0,8,28,18908,27,0,0,0,0,0,269318,2,0
0,0,0,0,37,28,18909,27,0,0,0,0,0,274696,3,0
0,0,0,0,35,28,18910,27,0,0,0,0,0,276329,3,0
0,0,0,0,11,28,18911,27,0,0,0,0,0,247123,3,0
0,0,0,0,3,29,18912,27,0,0,0,0,0,243344,3,0
0,0,0,0,43,29,18913,27,0,0,0,0,0,73992,3,0
0,0,0,0,44,29,18914,27,0,0,0,0,0,73994,3,0
0,0,0,0,47,29,18915,27,0,0,0,0,0,73993,3,0
0,0,0,0,42,29,18916,27,0,0,0,0,0,270111,3,0
0,0,0,0,38,29,18917,27,0,0,0,0,0,276328,3,0
0,0,0,0,25,29,18918,27,0,0,0,0,0,211827,3,0
0,0,0,0,22,29,18919,27,0,0,0,0,0,278832,3,0
0,0,0,0,11,0,18920,33,0,0,0,0,0,211953,1,0
0,0,0,0,20,3,18921,33,0,0,0,0,0,72130,1,0
0,0,0,0,4,4,18922,33,0,0,0,0,0,238779,1,0
0,0,0,0,24,6,18923,33,0,0,0,0,0,270116,3,0
0,0,0,0,28,7,18924,33,0,0,0,0,0,276292,1,0
2,0,0,1,36,9,18925,33,0,0,0,0,0,270014,1,0
1,0,0,1,5,11,18926,33,0,0,0,0,0,238793,1,0
0,0,0,0,8,12,18927,33,0,0,0,0,0,243932,3,0
0,0,0,0,14,16,18928,33,0,0,0,0,0,272832,1,0
3,0,0,1,7,18,18929,33,0,0,0,0,0,243041,3,0
2,0,0,1,34,25,18930,33,0,0,0,0,0,257144,4,0
0,0,0,0,17,28,18931,33,0,0,0,0,0,238647,2,0
0,0,0,0,37,28,18932,33,0,0,0,0,0,225564,3,0
0,0,0,0,2,28,18933,33,0,0,0,0,0,269866,3,0
0,0,0,0,16,28,18934,33,0,0,0,0,0,224421,3,0
0,0,0,0,1,28,18935,33,0,0,0,0,0,243778,3,0
1,0,0,1,10,28,18936,33,0,0,0,0,0,229816,3,0
0,0,0,0,21,28,18937,33,0,0,0,0,0,251400,1,0
2,0,0,1,30,28,18938,33,0,0,0,0,0,238953,3,0
0,0,0,0,25,28,18939,33,0,0,0,0,0,73089,3,0
1,0,0,1,27,28,18940,33,0,0,0,0,0,73090,3,0
0,0,0,0,18,28,18941,33,0,0,0,0,0,276783,3,0
0,0,0,0,32,28,18942,33,0,0,0,0,0,70202,3,0
0,0,0,0,39,29,18943,33,0,0,0,0,0,70668,3,0
0,0,0,0,23,29,18944,33,0,0,0,0,0,73088,3,0
0,0,0,0,1,0,18945,159,0,0,0,0,0,257914,3,0
0,0,0,0,24,3,18946,159,0,0,0,0,0,259453,4,0
1,0,0,1,19,4,18947,159,0,0,0,0,0,257779,3,0
1,0,0,1,3,6,18948,159,0,0,0,0,0,233492,4,0
1,0,0,1,4,7,18949,159,0,0,0,0,0,276610,3,0
1,0,0,1,21,10,18950,159,0,0,0,0,0,252861,3,0
0,0,0,0,17,23,18951,159,0,0,0,0,0,239703,3,0
1,0,0,1,16,13,18952,159,0,0,0,0,0,231897,3,0
0,0,0,0,13,15,18953,159,0,0,0,0,0,262840,3,0
0,0,0,0,22,27,18954,159,0,0,0,0,0,257916,2,0
0,0,0,0,39,25,18955,159,0,0,0,0,0,257236,3,0
0,0,0,0,9,28,18956,159,0,0,0,0,0,260564,3,0
0,0,0,0,8,28,18957,159,0,0,0,0,0,235288,3,0
0,0,0,0,11,28,18958,159,0,0,0,0,0,244085,3,0
0,0,0,0,10,28,18959,159,0,0,0,0,0,248174,3,0
0,0,0,0,18,28,18960,159,0,0,0,0,0,253171,3,0
1,0,0,1,38,28,18961,159,0,0,0,0,0,270403,3,0
0,0,0,0,23,28,18962,159,0,0,0,0,0,243959,3,0
0,0,0,0,5,28,18963,159,0,0,0,0,0,244028,3,0
1,0,0,1,25,28,18964,159,0,0,0,0,0,264245,3,0
1,0,0,1,7,28,18965,159,0,0,0,0,0,278186,3,0
1,0,0,1,30,28,18966,159,0,0,0,0,0,239661,2,0
0,0,0,0,41,28,18967,159,0,0,0,0,0,278871,3,0
0,0,0,0,2,29,18968,159,0,0,0,0,0,74938,3,0
0,0,0,0,37,29,18969,159,0,0,0,0,0,233472,3,0
0,0,0,0,12,0,18970,162,0,0,0,0,0,72755,3,0
1,0,0,0,3,3,18971,162,0,0,0,0,0,257286,3,0
0,0,0,0,19,4,18972,162,0,0,0,0,0,241935,3,0
0,0,0,0,27,6,18973,162,0,0,0,0,0,223678,3,0
0,0,0,0,28,7,18974,162,0,0,0,0,0,257532,2,0
0,0,0,0,5,10,18975,162,0,0,0,0,0,239909,2,0
2,0,0,1,23,23,18976,162,0,0,0,0,0,244109,2,0
5,1,0,1,10,13,18977,162,0,0,0,0,0,224518,2,0
0,0,0,0,21,15,18978,162,0,0,0,0,0,258184,2,0
3,0,0,1,11,27,18979,162,0,0,0,0,0,72759,2,0
6,1,0,1,7,25,18980,162,0,0,0,1,0,211732,3,0
1,0,0,0,22,28,18981,162,0,0,0,0,0,266235,3,0
0,0,0,0,6,28,18982,162,0,0,0,0,0,244083,3,0
3,0,0,1,42,28,18983,162,0,0,0,0,0,244635,3,0
1,0,0,0,20,28,18984,162,0,0,0,0,0,224661,3,0
0,0,0,0,1,28,18985,162,0,0,0,0,0,244458,3,0
0,0,0,0,33,28,18986,162,0,0,0,0,0,255564,3,0
0,0,0,0,14,28,18987,162,0,0,0,0,0,72757,3,0
0,0,0,0,4,28,18988,162,0,0,0,0,0,243534,3,0
0,0,0,0,8,28,18989,162,0,0,0,0,0,216287,3,0
0,0,0,0,36,28,18990,162,0,0,0,0,0,72758,3,0
0,0,0,0,9,28,18991,162,0,0,0,0,0,256246,3,0
0,0,0,0,31,28,18992,162,0,0,0,0,0,216249,3,0
0,0,0,0,17,29,18993,162,0,0,0,0,0,221932,3,0
0,0,0,0,15,29,18994,162,0,0,0,0,0,72999,3,0
0,0,0,0,30,29,18995,162,0,0,0,0,0,72756,3,0
0,0,0,0,1,0,18996,172,0,0,0,0,0,277588,2,0
0,0,0,0,23,3,18997,172,0,0,0,0,0,211893,3,0
1,0,0,1,8,4,18998,172,0,0,0,0,0,211720,3,0
1,0,0,1,34,6,18999,172,0,0,0,0,0,211723,2,0
0,0,0,0,3,7,19000,172,0,0,0,0,0,275921,2,0
0,0,0,0,30,12,19001,172,0,0,0,0,0,234283,2,0
1,0,0,1,49,13,19002,172,0,0,0,0,0,277154,2,0
0,0,0,0,39,15,19003,172,0,0,0,0,0,252016,2,0
1,0,0,1,10,16,19004,172,0,0,0,0,0,205044,2,0
2,0,0,1,9,24,19005,172,0,0,0,0,0,277805,3,0
2,0,0,1,14,26,19006,172,0,0,0,0,0,246175,3,0
2,0,0,1,25,28,19007,172,0,0,0,0,0,257060,3,0
0,0,0,0,7,28,19008,172,0,0,0,0,0,74040,3,0
0,0,0,0,33,28,19009,172,0,0,0,0,0,74086,3,0
0,0,0,0,2,28,19010,172,0,0,0,0,0,258647,2,0
0,0,0,0,24,28,19011,172,0,0,0,0,0,239499,3,0
0,0,0,0,38,28,19012,172,0,0,0,0,0,258643,3,0
0,0,0,0,20,28,19013,172,0,0,0,0,0,277497,3,0
0,0,0,0,27,28,19014,172,0,0,0,0,0,277585,2,0
0,0,0,0,11,28,19015,172,0,0,0,0,0,74041,3,0
0,0,0,0,31,28,19016,172,0,0,0,0,0,276182,3,0
0,0,0,0,15,28,19017,172,0,0,0,0,0,276266,3,0
0,0,0,0,22,28,19018,172,0,0,0,0,0,277231,3,0
0,0,0,0,4,29,19019,172,0,0,0,0,0,271441,3,0
0,0,0,0,26,29,19020,172,0,0,0,0,0,270839,3,0
0,0,0,0,19,29,19021,172,0,0,0,0,0,261274,3,0
0,0,0,0,43,29,19022,172,0,0,0,0,0,72050,3,0
0,0,0,0,18,29,19023,172,0,0,0,0,0,279683,3,0
0,0,0,0,1,0,19024,487,0,0,0,0,0,276331,3,0
1,0,0,1,4,4,19025,487,0,0,0,0,0,250993,5,0
1,0,0,1,33,5,19026,487,0,0,0,0,0,199347,4,0
0,0,0,0,25,6,19027,487,0,0,0,0,0,245760,3,0
2,0,0,1,11,23,19028,487,0,0,0,0,0,246613,3,0
0,0,0,0,29,12,19029,487,0,0,0,0,0,276165,3,0
1,0,0,1,26,13,19030,487,0,0,0,0,0,229285,3,0
0,0,0,0,8,15,19031,487,0,0,0,0,0,183632,3,0
0,0,0,0,3,16,19032,487,0,0,0,0,0,73130,3,0
4,0,0,1,7,27,19033,487,0,0,0,0,0,235056,3,0
2,0,0,1,9,25,19034,487,0,0,0,0,0,250763,3,0
0,0,0,0,14,28,19035,487,0,0,0,0,0,244527,3,0
0,0,0,0,48,28,19036,487,0,0,0,0,0,263275,3,0
0,0,0,0,5,28,19037,487,0,0,0,0,0,222838,4,0
0,0,0,0,39,28,19038,487,0,0,0,0,0,268651,3,0
0,0,0,0,21,28,19039,487,0,0,0,0,0,237359,3,0
0,0,0,0,15,28,19040,487,0,0,0,0,0,275706,3,0
1,0,0,1,18,28,19041,487,0,0,0,0,0,263025,3,0
0,0,0,0,10,28,19042,487,0,0,0,0,0,270002,3,0
0,0,0,0,17,28,19043,487,0,0,0,0,0,268624,3,0
0,0,0,0,36,28,19044,487,0,0,0,0,0,275284,3,0
0,0,0,0,23,28,19045,487,0,0,0,0,0,262643,3,0
0,0,0,0,38,28,19046,487,0,0,0,0,0,268652,3,0
0,0,0,0,35,29,19047,487,0,0,0,0,0,73129,3,0
0,0,0,0,30,29,19048,487,0,0,0,0,0,266684,3,0
0,0,0,0,19,29,19049,487,0,0,0,0,0,279220,3,0
0,0,0,0,6,29,19050,487,0,0,0,0,0,279490,3,0
0,0,0,0,34,29,19051,487,0,0,0,0,0,73902,3,0
0,0,0,0,16,0,19052,492,0,0,0,0,0,208776,2,0
2,0,0,1,9,3,19053,492,0,0,0,0,0,241540,3,0
0,0,0,0,4,4,19054,492,0,0,0,0,0,218656,2,0
1,0,0,1,17,5,19055,492,0,0,0,0,0,245750,4,0
0,0,0,0,33,6,19056,492,0,0,0,0,0,238986,2,0
0,0,0,0,18,7,19057,492,0,0,0,0,0,251688,2,0
1,0,0,1,8,12,19058,492,0,0,0,0,0,257307,4,0
1,0,0,1,11,13,19059,492,0,0,0,0,0,276342,3,0
0,0,0,0,14,15,19060,492,0,0,0,0,0,238965,3,0
1,0,0,1,7,16,19061,492,0,0,0,0,0,244078,3,0
4,0,0,1,29,25,19062,492,0,0,0,0,0,243445,3,0
0,0,0,0,6,28,19063,492,0,0,0,0,0,233880,3,0
0,0,0,0,19,28,19064,492,0,0,0,0,0,240335,3,0
0,0,0,0,20,28,19065,492,0,0,0,0,0,255337,2,0
0,0,0,0,15,28,19066,492,0,0,0,0,0,274101,3,0
0,0,0,0,1,28,19067,492,0,0,0,0,0,251465,3,0
0,0,0,0,25,28,19068,492,0,0,0,0,0,269472,3,0
0,0,0,0,5,28,19069,492,0,0,0,0,0,229803,3,0
5,1,0,1,28,28,19070,492,0,0,0,0,0,278893,4,0
0,0,0,0,39,28,19071,492,0,0,0,0,0,203590,3,0
0,0,0,0,27,28,19072,492,0,0,0,0,0,234831,3,0
0,0,0,0,21,28,19073,492,0,0,0,0,0,73147,3,0
0,0,0,0,31,28,19074,492,0,0,0,0,0,276993,3,0
0,0,0,0,22,29,19075,492,0,0,0,0,0,263731,3,0
0,0,0,0,37,29,19076,492,0,0,0,0,0,279657,3,0
0,0,0,0,13,29,19077,492,0,0,0,0,0,189248,3,0
0,0,0,0,36,29,19078,492,0,0,0,0,0,271936,3,0
0,0,0,0,3,29,19079,492,0,0,0,0,0,239700,3,0
0,0,0,0,1,0,19080,503,0,0,0,0,0,252911,1,0
0,0,0,0,10,3,19081,503,0,0,0,0,0,273114,1,0
0,0,0,0,15,4,19082,503,0,0,0,0,0,262664,1,0
0,0,0,0,23,6,19083,503,0,0,0,0,0,239634,1,0
1,0,0,1,16,7,19084,503,0,0,0,0,0,211872,1,0
0,0,0,0,17,10,19085,503,0,0,0,0,0,251662,2,0
0,0,0,0,27,12,19086,503,0,0,0,0,0,234385,1,0
0,0,0,0,5,14,19087,503,0,0,0,0,0,262902,2,0
4,0,0,1,24,16,19088,503,0,0,0,0,0,277509,3,0
6,1,0,1,33,24,19089,503,0,0,0,1,0,235157,3,0
3,0,0,1,21,26,19090,503,0,0,0,0,0,261047,3,0
0,0,0,0,29,28,19091,503,0,0,0,0,0,225636,3,0
0,0,0,0,26,28,19092,503,0,0,0,0,0,250909,3,0
0,0,0,0,32,28,19093,503,0,0,0,0,0,256954,2,0
0,0,0,0,2,28,19094,503,0,0,0,0,0,252320,3,0
0,0,0,0,37,28,19095,503,0,0,0,0,0,222484,3,0
2,0,0,1,30,28,19096,503,0,0,0,0,0,216377,3,0
0,0,0,0,7,28,19097,503,0,0,0,0,0,244024,2,0
0,0,0,0,6,28,19098,503,0,0,0,0,0,274098,3,0
0,0,0,0,39,28,19099,503,0,0,0,0,0,268429,3,0
0,0,0,0,25,28,19100,503,0,0,0,0,0,264168,3,0
0,0,0,0,14,28,19101,503,0,0,0,0,0,270515,3,0
0,0,0,0,31,28,19102,503,0,0,0,0,0,74078,3,0
0,0,0,0,4,29,19103,503,0,0,0,0,0,73367,3,0
0,0,0,0,28,29,19104,503,0,0,0,0,0,262671,3,0
0,0,0,0,34,29,19105,503,0,0,0,0,0,278229,3,0
0,0,0,0,38,29,19106,503,0,0,0,0,0,74984,3,0
0,0,0,0,1,0,19107,506,0,0,0,0,0,182520,2,0
0,0,0,0,21,3,19108,506,0,0,0,0,0,73368,3,0
0,0,0,0,23,4,19109,506,0,0,0,0,0,239686,2,0
0,0,0,0,19,6,19110,506,0,0,0,0,0,70951,2,0
1,0,0,1,26,7,19111,506,0,0,0,0,0,236675,3,0
0,0,0,0,13,10,19112,506,0,0,0,0,0,245769,3,0
2,0,0,1,8,12,19113,506,0,0,0,0,0,73370,2,0
1,0,0,1,10,14,19114,506,0,0,0,0,0,219449,2,0
4,0,0,1,34,16,19115,506,0,0,0,0,0,216255,2,0
4,0,0,1,15,24,19116,506,0,0,0,0,0,238643,3,0
1,0,0,1,14,26,19117,506,0,0,0,0,0,205892,2,0
0,0,0,0,11,28,19118,506,0,0,0,0,0,258644,3,0
0,0,0,0,30,28,19119,506,0,0,0,0,0,276310,1,0
0,0,0,0,4,28,19120,506,0,0,0,0,0,271046,3,0
0,0,0,0,6,28,19121,506,0,0,0,0,0,242268,3,0
0,0,0,0,22,28,19122,506,0,0,0,0,0,271171,3,0
0,0,0,0,9,28,19123,506,0,0,0,0,0,73369,3,0
0,0,0,0,7,28,19124,506,0,0,0,0,0,275738,3,0
0,0,0,0,20,28,19125,506,0,0,0,0,0,258635,3,0
0,0,0,0,29,28,19126,506,0,0,0,0,0,260078,3,0
0,0,0,0,12,28,19127,506,0,0,0,0,0,264400,3,0
0,0,0,0,18,28,19128,506,0,0,0,0,0,71284,3,0
1,0,0,1,24,28,19129,506,0,0,0,0,0,229756,3,0
0,0,0,0,25,29,19130,506,0,0,0,0,0,248545,3,0
0,0,0,0,17,29,19131,506,0,0,0,0,0,270994,3,0
0,0,0,0,13,0,19132,523,0,0,0,0,0,235141,3,0
0,0,0,0,7,3,19133,523,0,0,0,0,0,234279,3,0
1,0,0,1,4,4,19134,523,0,0,0,0,0,250847,3,0
0,0,0,0,17,6,19135,523,0,0,0,0,0,265783,3,0
0,0,0,0,33,7,19136,523,0,0,0,0,0,264313,3,0
0,0,0,0,6,10,19137,523,0,0,0,0,0,237490,2,0
0,0,0,0,22,12,19138,523,0,0,0,0,0,255789,2,0
2,0,0,1,23,13,19139,523,0,0,0,0,0,260014,3,0
1,0,0,1,19,15,19140,523,0,0,0,0,0,238637,3,0
1,0,0,1,10,16,19141,523,0,0,0,0,0,256282,3,0
3,0,0,1,9,25,19142,523,0,0,0,0,0,242291,2,0
0,0,0,0,25,28,19143,523,0,0,0,0,0,278043,2,0
0,0,0,0,11,28,19144,523,0,0,0,0,0,224662,3,0
0,0,0,0,8,28,19145,523,0,0,0,0,0,203754,3,0
0,0,0,0,2,28,19146,523,0,0,0,0,0,263841,3,0
0,0,0,0,1,28,19147,523,0,0,0,0,0,218873,3,0
1,0,0,1,39,28,19148,523,0,0,0,0,0,244040,3,0
0,0,0,0,20,28,19149,523,0,0,0,0,0,225075,3,0
0,0,0,0,5,28,19150,523,0,0,0,0,0,265643,3,0
0,0,0,0,16,28,19151,523,0,0,0,0,0,205096,3,0
0,0,0,0,18,28,19152,523,0,0,0,0,0,279219,3,0
0,0,0,0,21,28,19153,523,0,0,0,0,0,72982,3,0
0,0,0,0,35,28,19154,523,0,0,0,0,0,72983,3,0
0,0,0,0,14,29,19155,523,0,0,0,0,0,199479,3,0
1,0,0,1,31,29,19156,523,0,0,0,0,0,224424,2,0
0,0,0,0,30,29,19157,523,0,0,0,0,0,74010,3,0
0,0,0,0,27,29,19158,523,0,0,0,0,0,276675,3,0
0,0,0,0,1,0,19159,526,0,0,0,0,0,269269,2,0
0,0,0,0,2,3,19160,526,0,0,0,0,0,268536,2,0
0,0,0,0,4,4,19161,526,0,0,0,0,0,217841,2,0
0,0,0,0,23,6,19162,526,0,0,0,0,0,269315,3,0
2,0,0,1,14,7,19163,526,0,0,0,0,0,260186,2,0
3,0,0,1,26,9,19164,526,0,0,0,0,0,239666,2,0
0,0,0,0,8,11,19165,526,0,0,0,0,0,262116,2,0
0,0,0,0,22,12,19166,526,0,0,0,0,0,258692,3,0
1,0,0,1,11,16,19167,526,0,0,0,0,0,73009,3,0
3,0,0,1,6,18,19168,526,0,0,0,0,0,231424,5,0
0,0,0,0,25,25,19169,526,0,0,0,0,0,243378,3,0
0,0,0,0,10,28,19170,526,0,0,0,0,0,208096,3,0
0,0,0,0,19,28,19171,526,0,0,0,0,0,251323,3,0
0,0,0,0,16,28,19172,526,0,0,0,0,0,269321,3,0
0,0,0,0,17,28,19173,526,0,0,0,0,0,244707,3,0
0,0,0,0,35,28,19174,526,0,0,0,0,0,265750,3,0
2,0,0,1,9,28,19175,526,0,0,0,0,0,270881,3,0
0,0,0,0,7,28,19176,526,0,0,0,0,0,239307,3,0
0,0,0,0,28,28,19177,526,0,0,0,0,0,72677,3,0
0,0,0,0,33,28,19178,526,0,0,0,0,0,239903,2,0
0,0,0,0,29,28,19179,526,0,0,0,0,0,260716,3,0
0,0,0,0,21,28,19180,526,0,0,0,0,0,260016,3,0
0,0,0,0,39,28,19181,526,0,0,0,0,0,71288,3,0
0,0,0,0,31,29,19182,526,0,0,0,0,0,204552,3,0
0,0,0,0,18,29,19183,526,0,0,0,0,0,269320,3,0
0,0,0,0,30,29,19184,526,0,0,0,0,0,74747,3,0
0,0,0,0,1,0,19185,1826,0,0,0,0,0,261449,3,0
0,0,0,0,15,4,19186,1826,0,0,0,0,0,268533,2,0
0,0,0,0,13,5,19187,1826,0,0,0,0,0,251295,2,0
0,0,0,0,25,6,19188,1826,0,0,0,0,0,256232,2,0
0,0,0,0,14,23,19189,1826,0,0,0,0,0,232671,3,0
0,0,0,0,30,12,19190,1826,0,0,0,0,0,72776,3,0
1,0,0,1,18,13,19191,1826,0,0,0,0,0,262936,3,0
1,0,0,1,9,15,19192,1826,0,0,0,0,0,224395,3,0
1,0,0,1,5,16,19193,1826,0,0,0,0,0,72775,3,0
1,0,0,1,8,27,19194,1826,0,0,0,0,0,251440,2,0
3,0,0,1,21,25,19195,1826,0,0,0,0,0,256289,3,0
0,0,0,0,46,28,19196,1826,0,0,0,0,0,224925,3,0
0,0,0,0,17,28,19197,1826,0,0,0,0,0,257483,3,0
0,0,0,0,19,28,19198,1826,0,0,0,0,0,252031,3,0
0,0,0,0,4,28,19199,1826,0,0,0,0,0,72780,3,0
0,0,0,0,33,28,19200,1826,0,0,0,0,0,72770,3,0
0,0,0,0,35,28,19201,1826,0,0,0,0,0,193057,3,0
0,0,0,0,11,28,19202,1826,0,0,0,0,0,244708,3,0
0,0,0,0,16,28,19203,1826,0,0,0,0,0,237601,3,0
0,0,0,0,26,28,19204,1826,0,0,0,0,0,276327,3,0
0,0,0,0,10,28,19205,1826,0,0,0,0,0,252592,3,0
0,0,0,0,6,28,19206,1826,0,0,0,0,0,72777,3,0
0,0,0,0,45,28,19207,1826,0,0,0,0,0,273772,3,0
0,0,0,0,7,29,19208,1826,0,0,0,0,0,211737,3,0
0,0,0,0,24,29,19209,1826,0,0,0,0,0,72779,3,0
0,0,0,0,2,29,19210,1826,0,0,0,0,0,272452,3,0
0,0,0,0,3,29,19211,1826,0,0,0,0,0,257079,3,0
0,0,0,0,22,29,19212,1826,0,0,0,0,0,73541,3,0
0,0,0,0,23,29,19213,1826,0,0,0,0,0,260822,2,0
0,0,0,0,37,29,19214,1826,0,0,0,0,0,73996,3,0
0,0,0,0,20,29,19215,1826,0,0,0,0,0,72772,3,0
0,0,0,0,39,29,19216,1826,0,0,0,0,0,260701,3,0
0,0,0,0,29,29,19217,1826,0,0,0,0,0,257548,3,0
0,0,0,0,36,29,19218,1826,0,0,0,0,0,73995,3,0
0,0,0,0,22,0,19219,110178,0,0,0,0,0,223823,2,0
2,0,0,1,6,4,19220,110178,0,0,0,0,0,238684,2,0
0,0,0,0,21,5,19221,110178,0,0,0,0,0,258400,2,0
1,0,0,1,14,6,19222,110178,0,0,0,0,0,262534,2,0
2,0,0,1,17,23,19223,110178,0,0,0,0,0,242183,3,0
0,0,0,0,36,12,19224,110178,0,0,0,0,0,229923,2,0
1,0,0,1,11,13,19225,110178,0,0,0,0,0,212238,2,0
0,0,0,0,15,15,19226,110178,0,0,0,0,0,209485,2,0
1,0,0,1,3,16,19227,110178,0,0,0,0,0,240158,3,0
1,0,0,1,13,27,19228,110178,0,0,0,0,0,275279,3,0
5,1,0,1,28,25,19229,110178,0,0,0,0,0,225735,5,0
0,0,0,0,20,28,19230,110178,0,0,0,0,0,256460,3,0
0,0,0,0,27,28,19231,110178,0,0,0,0,0,259643,3,0
0,0,0,0,19,28,19232,110178,0,0,0,0,0,222773,3,0
0,0,0,0,8,28,19233,110178,0,0,0,0,0,239351,3,0
0,0,0,0,35,28,19234,110178,0,0,0,0,0,257176,3,0
0,0,0,0,16,28,19235,110178,0,0,0,0,0,225875,3,0
0,0,0,0,31,28,19236,110178,0,0,0,0,0,248579,3,0
0,0,0,0,2,28,19237,110178,0,0,0,0,0,234934,3,0
0,0,0,0,24,28,19238,110178,0,0,0,0,0,262384,3,0
0,0,0,0,23,28,19239,110178,0,0,0,0,0,251689,3,0
0,0,0,0,26,28,19240,110178,0,0,0,0,0,248230,3,0
0,0,0,0,1,28,19241,110178,0,0,0,0,0,229067,3,0
0,0,0,0,7,29,19242,110178,0,0,0,0,0,74750,4,0
0,0,0,0,37,29,19243,110178,0,0,0,0,0,277886,3,0
0,0,0,0,33,29,19244,110178,0,0,0,0,0,74090,3,0
0,0,0,0,34,29,19245,110178,0,0,0,0,0,74089,3,0
0,0,0,0,5,29,19246,110178,0,0,0,0,0,253462,3,0
2,0,0,1,9,29,19247,110178,0,0,0,0,0,276399,3,0
0,0,0,0,30,29,19248,110178,0,0,0,0,0,73332,3,0
0,0,0,0,1,0,19249,110501,0,0,0,0,0,263272,3,0
0,0,0,0,8,3,19250,110501,0,0,0,0,0,235253,4,0
0,0,0,0,4,4,19251,110501,0,0,0,0,0,256275,4,0
0,0,0,0,2,6,19252,110501,0,0,0,0,0,276283,3,0
1,0,0,1,24,7,19253,110501,0,0,0,0,0,252902,4,0
1,0,0,1,23,10,19254,110501,0,0,0,0,0,241900,3,0
0,0,0,0,28,13,19255,110501,0,0,0,0,0,244076,3,0
1,0,0,1,5,15,19256,110501,0,0,0,0,0,229184,3,0
2,0,0,1,10,18,19257,110501,0,0,0,0,0,240329,3,0
0,0,0,0,13,24,19258,110501,0,0,0,0,0,258547,3,0
2,0,0,1,9,26,19259,110501,0,0,0,0,0,255540,3,0
0,0,0,0,7,28,19260,110501,0,0,0,0,0,257183,3,0
0,0,0,0,21,28,19261,110501,0,0,0,0,0,243971,3,0
0,0,0,0,16,28,19262,110501,0,0,0,0,0,72301,3,0
0,0,0,0,3,28,19263,110501,0,0,0,0,0,278751,3,0
0,0,0,0,40,28,19264,110501,0,0,0,0,0,72959,3,0
0,0,0,0,11,28,19265,110501,0,0,0,0,0,251597,3,0
1,0,0,1,27,28,19266,110501,0,0,0,0,0,73426,3,0
1,0,0,1,30,28,19267,110501,0,0,0,0,0,270008,2,0
0,0,0,0,34,28,19268,110501,0,0,0,0,0,257081,3,0
0,0,0,0,18,28,19269,110501,0,0,0,0,0,246238,3,0
1,0,0,1,17,28,19270,110501,0,0,0,0,0,269883,4,0
0,0,0,0,31,28,19271,110501,0,0,0,0,0,72960,3,0
0,0,0,0,19,29,19272,110501,0,0,0,0,0,229175,3,0
0,0,0,0,6,29,19273,110501,0,0,0,0,0,72961,3,0
0,0,0,0,32,29,19274,110501,0,0,0,0,0,274489,3,0
0,0,0,0,1,0,19275,110532,0,0,0,0,0,245176,2,0
0,0,0,0,24,3,19276,110532,0,0,0,0,0,229487,2,0
0,0,0,0,20,4,19277,110532,0,0,0,0,0,262212,2,0
0,0,0,0,5,6,19278,110532,0,0,0,0,0,239181,2,0
0,0,0,0,2,7,19279,110532,0,0,0,0,0,269317,2,0
1,0,0,1,21,9,19280,110532,0,0,0,0,0,243345,2,0
1,0,0,1,31,11,19281,110532,0,0,0,0,0,239494,3,0
3,0,0,1,9,12,19282,110532,0,0,0,0,0,212248,3,0
1,0,0,1,7,16,19283,110532,0,0,0,0,0,234901,2,0
0,0,0,0,10,18,19284,110532,0,0,0,0,0,204044,2,0
3,0,0,1,13,25,19285,110532,0,0,0,0,0,206408,3,0
0,0,0,0,32,28,19286,110532,0,0,0,0,0,274999,3,0
0,0,0,0,11,28,19287,110532,0,0,0,0,0,211746,2,0
0,0,0,0,29,28,19288,110532,0,0,0,0,0,244280,3,0
0,0,0,0,15,28,19289,110532,0,0,0,0,0,243738,3,0
0,0,0,0,12,28,19290,110532,0,0,0,0,0,251298,3,0
0,0,0,0,36,28,19291,110532,0,0,0,0,0,236490,3,0
0,0,0,0,17,28,19292,110532,0,0,0,0,0,244188,2,0
0,0,0,0,6,28,19293,110532,0,0,0,0,0,231379,3,0
0,0,0,0,26,28,19294,110532,0,0,0,0,0,277654,3,0
0,0,0,0,33,28,19295,110532,0,0,0,0,0,73172,3,0
0,0,0,0,22,28,19296,110532,0,0,0,0,0,73169,3,0
0,0,0,0,4,28,19297,110532,0,0,0,0,0,262926,3,0
0,0,0,0,23,29,19298,110532,0,0,0,0,0,73171,3,0
0,0,0,0,27,29,19299,110532,0,0,0,0,0,276607,3,0
0,0,0,0,18,29,19300,110532,0,0,0,0,0,73170,3,0
0,0,0,0,30,29,19301,110532,0,0,0,0,0,263674,3,0
0,0,0,0,3,29,19302,110532,0,0,0,0,0,275228,3,0
0,0,0,0,19,29,19303,110532,0,0,0,0,0,257341,3,0
0,0,0,0,1,0,19304,110645,0,0,0,0,0,258085,2,0
0,0,0,0,5,3,19305,110645,0,0,0,0,0,70289,3,0
0,0,0,0,2,4,19306,110645,0,0,0,0,0,241995,2,0
0,0,0,0,15,6,19307,110645,0,0,0,0,0,238963,3,0
0,0,0,0,37,7,19308,110645,0,0,0,0,0,259272,2,0
1,0,0,1,14,9,19309,110645,0,0,0,0,0,276668,3,0
0,0,0,0,16,11,19310,110645,0,0,0,0,0,269133,3,0
1,0,0,1,6,12,19311,110645,0,0,0,0,0,239498,3,0
2,0,0,1,22,16,19312,110645,0,0,0,0,0,71178,3,0
0,0,0,0,10,18,19313,110645,0,0,0,0,0,240027,3,0
3,0,0,1,9,25,19314,110645,0,0,0,0,0,261653,3,0
0,0,0,0,11,28,19315,110645,0,0,0,0,0,276429,3,0
0,0,0,0,13,28,19316,110645,0,0,0,0,0,268272,3,0
0,0,0,0,28,28,19317,110645,0,0,0,0,0,251500,3,0
0,0,0,0,23,28,19318,110645,0,0,0,0,0,239182,3,0
0,0,0,0,24,28,19319,110645,0,0,0,0,0,243736,3,0
5,1,0,1,30,28,19320,110645,0,0,0,0,0,276325,3,0
1,0,0,1,7,28,19321,110645,0,0,0,0,0,216183,3,0
0,0,0,0,3,28,19322,110645,0,0,0,0,0,262386,3,0
0,0,0,0,4,28,19323,110645,0,0,0,0,0,244084,3,0
0,0,0,0,21,28,19324,110645,0,0,0,0,0,251370,3,0
0,0,0,0,29,28,19325,110645,0,0,0,0,0,70740,3,0
0,0,0,0,17,28,19326,110645,0,0,0,0,0,263350,3,0
1,0,0,1,42,29,19327,110645,0,0,0,0,0,71177,3,0
0,0,0,0,35,29,19328,110645,0,0,0,0,0,279114,3,0
0,0,0,0,8,29,19329,110645,0,0,0,0,0,276320,3,0
0,0,0,0,33,29,19330,110645,0,0,0,0,0,275262,2,0
0,0,0,0,36,29,19331,110645,0,0,0,0,0,73977,3,0
0,0,0,0,31,0,19332,110676,0,0,0,0,0,266906,3,0
0,0,0,0,29,3,19333,110676,0,0,0,0,0,269869,3,0
0,0,0,0,34,4,19334,110676,0,0,0,0,0,272896,3,0
0,0,0,0,15,6,19335,110676,0,0,0,0,0,73015,3,0
0,0,0,0,2,7,19336,110676,0,0,0,0,0,269996,4,0
1,0,0,1,6,9,19337,110676,0,0,0,0,0,258550,3,0
1,0,0,1,8,11,19338,110676,0,0,0,0,0,263065,3,0
4,0,0,1,20,12,19339,110676,0,0,0,0,0,259627,3,0
0,0,0,0,10,16,19340,110676,0,0,0,0,0,270877,3,0
1,0,0,1,5,18,19341,110676,0,0,0,0,0,266392,5,0
2,0,0,1,14,25,19342,110676,0,0,0,0,0,224597,3,0
0,0,0,0,7,28,19343,110676,0,0,0,0,0,251224,3,0
1,0,0,1,23,28,19344,110676,0,0,0,0,0,73030,4,0
0,0,0,0,39,28,19345,110676,0,0,0,0,0,269831,3,0
0,0,0,0,27,28,19346,110676,0,0,0,0,0,263352,3,0
0,0,0,0,33,28,19347,110676,0,0,0,0,0,276413,3,0
0,0,0,0,21,28,19348,110676,0,0,0,0,0,265802,3,0
0,0,0,0,17,28,19349,110676,0,0,0,0,0,211825,3,0
0,0,0,0,43,28,19350,110676,0,0,0,0,0,71928,3,0
0,0,0,0,11,28,19351,110676,0,0,0,0,0,257009,3,0
0,0,0,0,16,28,19352,110676,0,0,0,0,0,73018,3,0
0,0,0,0,4,28,19353,110676,0,0,0,0,0,258913,3,0
0,0,0,0,1,28,19354,110676,0,0,0,0,0,262707,3,0
1,0,0,1,26,29,19355,110676,0,0,0,0,0,72421,3,0
0,0,0,0,1,0,19356,110683,0,0,0,0,0,269560,3,0
0,0,0,0,18,3,19357,110683,0,0,0,0,0,233969,4,0
0,0,0,0,4,4,19358,110683,0,0,0,0,0,258637,3,0
1,0,0,1,44,6,19359,110683,0,0,0,0,0,266109,4,0
0,0,0,0,3,7,19360,110683,0,0,0,0,0,72674,3,0
0,0,0,0,24,12,19361,110683,0,0,0,0,0,263970,3,0
0,0,0,0,42,13,19362,110683,0,0,0,0,0,276534,3,0
0,0,0,0,16,15,19363,110683,0,0,0,0,0,72682,3,0
0,0,0,0,8,16,19364,110683,0,0,0,0,0,72685,3,0
1,0,0,1,9,24,19365,110683,0,0,0,0,0,72687,3,0
2,0,0,1,13,26,19366,110683,0,0,0,0,0,272387,3,0
0,0,0,0,7,28,19367,110683,0,0,0,0,0,73001,3,0
0,0,0,0,6,28,19368,110683,0,0,0,0,0,70985,3,0
0,0,0,0,28,28,19369,110683,0,0,0,0,0,72774,3,0
0,0,0,0,5,28,19370,110683,0,0,0,0,0,72678,4,0
0,0,0,0,12,28,19371,110683,0,0,0,0,0,244524,3,0
1,0,0,1,19,28,19372,110683,0,0,0,0,0,72767,3,0
0,0,0,0,14,28,19373,110683,0,0,0,0,0,73000,3,0
0,0,0,0,17,28,19374,110683,0,0,0,0,0,72681,4,0
0,0,0,0,11,28,19375,110683,0,0,0,0,0,73003,3,0
0,0,0,0,20,28,19376,110683,0,0,0,0,0,72769,3,0
0,0,0,0,29,28,19377,110683,0,0,0,0,0,72773,3,0
0,0,0,0,15,28,19378,110683,0,0,0,0,0,72679,3,0
0,0,0,0,22,29,19379,110683,0,0,0,0,0,267461,3,0
0,0,0,0,33,29,19380,110683,0,0,0,0,0,258179,3,0
0,0,0,0,37,29,19381,110683,0,0,0,0,0,266012,3,0
0,0,0,0,21,29,19382,110683,0,0,0,0,0,72768,3,0
0,0,0,0,28,0,19383,110697,0,0,0,0,0,72522,3,0
0,0,0,0,24,4,19384,110697,0,0,0,0,0,73584,2,0
1,0,0,1,29,5,19385,110697,0,0,0,0,0,234416,2,0
0,0,0,0,20,6,19386,110697,0,0,0,0,0,273885,2,0
0,0,0,0,32,12,19387,110697,0,0,0,0,0,72552,3,0
0,0,0,0,8,13,19388,110697,0,0,0,0,0,279623,2,0
0,0,0,0,15,15,19389,110697,0,0,0,0,0,72531,3,0
2,0,0,1,11,16,19390,110697,0,0,0,0,0,72420,3,0
1,0,0,1,13,17,19391,110697,0,0,0,0,0,263135,2,0
2,0,0,1,27,19,19392,110697,0,0,0,0,0,73585,2,0
0,0,0,0,17,25,19393,110697,0,0,0,0,0,73166,3,0
0,0,0,0,30,28,19394,110697,0,0,0,0,0,240891,3,0
0,0,0,0,18,28,19395,110697,0,0,0,0,0,72530,3,0
0,0,0,0,4,28,19396,110697,0,0,0,0,0,270400,3,0
0,0,0,0,16,28,19397,110697,0,0,0,0,0,269793,2,0
0,0,0,0,33,28,19398,110697,0,0,0,0,0,265440,3,0
0,0,0,0,25,28,19399,110697,0,0,0,0,0,72529,3,0
0,0,0,0,42,28,19400,110697,0,0,0,0,0,72548,3,0
0,0,0,0,37,28,19401,110697,0,0,0,0,0,72553,3,0
0,0,0,0,2,28,19402,110697,0,0,0,0,0,274707,3,0
0,0,0,0,40,28,19403,110697,0,0,0,0,0,73568,3,0
0,0,0,0,39,28,19404,110697,0,0,0,0,0,72554,3,0
0,0,0,0,6,28,19405,110697,0,0,0,0,0,245719,3,0
0,0,0,0,23,29,19406,110697,0,0,0,0,0,73569,3,0
1,0,0,1,3,29,19407,110697,0,0,0,0,0,73164,3,0
0,0,0,0,36,29,19408,110697,0,0,0,0,0,73183,3,0
0,0,0,0,19,29,19409,110697,0,0,0,0,0,72526,3,0
0,0,0,0,22,29,19410,110697,0,0,0,0,0,72525,3,0
0,0,0,0,14,29,19411,110697,0,0,0,0,0,73570,3,0
0,0,0,0,45,29,19412,110697,0,0,0,0,0,74156,3,0
0,0,0,0,35,29,19413,110697,0,0,0,0,0,252295,3,0
0,0,0,0,1,0,19414,111239,0,0,0,0,0,234858,3,0
1,0,0,1,22,3,19415,111239,0,0,0,0,0,241967,2,0
0,0,0,0,16,4,19416,111239,0,0,0,0,0,257147,2,0
2,0,0,1,32,6,19417,111239,0,0,0,0,0,242383,2,0
0,0,0,0,18,7,19418,111239,0,0,0,0,0,73158,3,0
0,0,0,0,29,12,19419,111239,0,0,0,0,0,244034,2,0
3,0,0,1,34,13,19420,111239,0,0,0,0,0,227932,3,0
1,0,0,1,17,15,19421,111239,0,0,0,0,0,234945,2,0
1,0,0,1,8,16,19422,111239,0,0,0,0,0,264253,3,0
3,0,0,1,37,24,19423,111239,0,0,0,0,0,198019,3,0
1,0,0,1,7,26,19424,111239,0,0,0,0,0,257007,2,0
3,0,0,1,11,28,19425,111239,0,0,0,0,0,234631,3,0
0,0,0,0,9,28,19426,111239,0,0,0,0,0,73157,3,0
0,0,0,0,20,28,19427,111239,0,0,0,0,0,230607,2,0
0,0,0,0,19,28,19428,111239,0,0,0,0,0,263874,3,0
0,0,0,0,41,28,19429,111239,0,0,0,0,0,272787,2,0
1,0,0,1,43,28,19430,111239,0,0,0,0,0,270554,3,0
0,0,0,0,2,28,19431,111239,0,0,0,0,0,272557,3,0
0,0,0,0,14,28,19432,111239,0,0,0,0,0,72335,3,0
0,0,0,0,6,28,19433,111239,0,0,0,0,0,232643,2,0
0,0,0,0,30,28,19434,111239,0,0,0,0,0,71287,3,0
0,0,0,0,10,28,19435,111239,0,0,0,0,0,225849,2,0
0,0,0,0,23,28,19436,111239,0,0,0,0,0,262593,3,0
0,0,0,0,38,29,19437,111239,0,0,0,0,0,279116,3,0
0,0,0,0,46,29,19438,111239,0,0,0,0,0,270552,3,0
0,0,0,0,1,0,19439,114019,0,0,0,0,0,279949,3,0
0,0,0,0,99,3,19440,114019,0,0,0,0,0,27251,3,0
0,0,0,0,11,4,19441,114019,0,0,0,0,0,27252,3,0
0,0,0,0,12,6,19442,114019,0,0,0,0,0,27253,3,0
0,0,0,0,13,7,19443,114019,0,0,0,0,0,27254,3,0
0,0,0,0,7,9,19444,114019,0,0,0,0,0,279955,3,0
0,0,0,0,14,11,19445,114019,0,0,0,0,0,27264,3,0
0,0,0,0,15,17,19446,114019,0,0,0,0,0,27265,3,0
0,0,0,0,16,18,19447,114019,0,0,0,0,0,27266,3,0
0,0,0,0,3,19,19448,114019,0,0,0,0,0,279951,3,0
0,0,0,0,4,25,19449,114019,0,0,0,0,0,279952,3,0
0,0,0,0,2,28,19450,114019,0,0,0,0,0,279950,3,0
0,0,0,0,10,28,19451,114019,0,0,0,0,0,279958,3,0
0,0,0,0,6,28,19452,114019,0,0,0,0,0,279954,3,0
0,0,0,0,9,28,19453,114019,0,0,0,0,0,279957,3,0
0,0,0,0,5,28,19454,114019,0,0,0,0,0,279953,3,0
0,0,0,0,8,28,19455,114019,0,0,0,0,0,279956,3,0
0,0,0,0,17,28,19456,114019,0,0,0,0,0,27263,3,0
0,0,0,0,1,0,19457,113002,0,0,0,0,0,247504,3,0
4,0,0,1,2,3,19458,113002,0,0,0,0,0,227246,3,0
0,0,0,0,15,4,19459,113002,0,0,0,0,0,263013,3,0
1,0,0,1,5,6,19460,113002,0,0,0,0,0,227254,3,0
0,0,0,0,28,7,19461,113002,0,0,0,0,0,263007,3,0
0,0,0,0,11,23,19462,113002,0,0,0,0,0,257001,3,0
0,0,0,0,10,13,19463,113002,0,0,0,0,0,243404,3,0
0,0,0,0,4,14,19464,113002,0,0,0,0,0,242830,3,0
0,0,0,0,18,15,19465,113002,0,0,0,0,0,263011,3,0
0,0,0,0,9,27,19466,113002,0,0,0,0,0,257008,3,0
0,0,0,0,23,25,19467,113002,0,0,0,0,0,258980,3,0
0,0,0,0,7,28,19468,113002,0,0,0,0,0,245802,3,0
0,0,0,0,22,28,19469,113002,0,0,0,0,0,265249,3,0
0,0,0,0,19,28,19470,113002,0,0,0,0,0,256489,3,0
5,0,0,1,14,28,19471,113002,0,0,0,0,0,227255,3,0
0,0,0,0,21,28,19472,113002,0,0,0,0,0,247796,3,0
0,0,0,0,16,28,19473,113002,0,0,0,0,0,265273,3,0
0,0,0,0,8,28,19474,113002,0,0,0,0,0,246426,3,0
0,0,0,0,12,28,19475,113002,0,0,0,0,0,265247,3,0
3,0,0,1,26,28,19476,113002,0,0,0,0,0,227257,3,0
2,0,0,1,17,28,19477,113002,0,0,0,0,0,235659,3,0
0,0,0,0,6,28,19478,113002,0,0,0,0,0,238257,3,0
0,0,0,0,13,28,19479,113002,0,0,0,0,0,258979,3,0
0,0,0,0,16,0,19480,113003,0,0,0,0,0,246178,3,0
0,0,0,0,5,3,19481,113003,0,0,0,0,0,253469,3,0
18,1,0,1,3,4,19482,113003,0,0,0,0,0,227316,3,0
0,0,0,0,28,6,19483,113003,0,0,0,0,0,265849,3,0
0,0,0,0,7,7,19484,113003,0,0,0,0,0,233662,3,0
6,0,0,1,14,10,19485,113003,0,0,0,0,0,227318,3,0
2,0,0,1,11,23,19486,113003,0,0,0,0,0,227361,3,0
2,0,0,1,15,13,19487,113003,0,0,0,0,0,227353,3,0
0,0,0,0,8,15,19488,113003,0,0,0,0,0,237197,3,0
0,0,0,0,13,27,19489,113003,0,0,0,0,0,265674,3,0
0,0,0,0,24,25,19490,113003,0,0,0,0,0,246272,3,0
53,1,0,1,9,28,19491,113003,0,0,0,1,0,227331,3,0
0,0,0,0,25,28,19492,113003,0,0,0,0,0,232202,3,0
0,0,0,0,6,28,19493,113003,0,0,0,0,0,227344,3,0
0,0,0,0,2,28,19494,113003,0,0,0,0,0,227346,3,0
0,0,0,0,21,28,19495,113003,0,0,0,0,0,264895,3,0
3,0,0,1,10,28,19496,113003,0,0,0,0,0,227350,3,0
0,0,0,0,22,28,19497,113003,0,0,0,0,0,236428,3,0
0,0,0,0,26,28,19498,113003,0,0,0,0,0,261733,3,0
0,0,0,0,20,28,19499,113003,0,0,0,0,0,256094,3,0
0,0,0,0,17,28,19500,113003,0,0,0,0,0,241548,3,0
0,0,0,0,23,28,19501,113003,0,0,0,0,0,265905,3,0
0,0,0,0,19,28,19502,113003,0,0,0,0,0,265860,3,0
0,0,0,0,21,0,19503,113004,0,0,0,0,0,258310,3,0
0,0,0,0,15,3,19504,113004,0,0,0,0,0,247788,3,0
0,0,0,0,5,4,19505,113004,0,0,0,0,0,248715,3,0
1,0,0,0,3,6,19506,113004,0,0,0,0,0,226375,3,0
0,0,0,0,17,7,19507,113004,0,0,0,0,0,233838,3,0
0,0,0,0,22,12,19508,113004,0,0,0,0,0,261740,3,0
2,0,0,1,20,13,19509,113004,0,0,0,0,0,233837,3,0
0,0,0,0,2,15,19510,113004,0,0,0,0,0,262093,3,0
0,0,0,0,19,16,19511,113004,0,0,0,0,0,248822,3,0
35,1,0,1,11,24,19512,113004,0,0,0,0,0,226302,3,0
0,0,0,0,7,26,19513,113004,0,0,0,0,0,244302,3,0
0,0,0,0,10,28,19514,113004,0,0,0,0,0,261773,3,0
0,0,0,0,4,28,19515,113004,0,0,0,0,0,247790,3,0
0,0,0,0,23,28,19516,113004,0,0,0,0,0,238470,3,0
0,0,0,0,18,28,19517,113004,0,0,0,0,0,264901,3,0
0,0,0,0,26,28,19518,113004,0,0,0,0,0,226303,3,0
0,0,0,0,14,28,19519,113004,0,0,0,0,0,264947,3,0
0,0,0,0,16,28,19520,113004,0,0,0,0,0,239345,3,0
8,0,0,1,13,28,19521,113004,0,0,0,0,0,227327,3,0
0,0,0,0,9,28,19522,113004,0,0,0,0,0,265004,3,0
0,0,0,0,8,28,19523,113004,0,0,0,0,0,247791,3,0
0,0,0,0,24,28,19524,113004,0,0,0,0,0,264986,3,0
0,0,0,0,12,28,19525,113004,0,0,0,0,0,257530,3,0
0,0,0,0,23,0,19526,113007,0,0,0,0,0,244890,3,0
0,0,0,0,13,3,19527,113007,0,0,0,0,0,270329,3,0
0,0,0,0,6,4,19528,113007,0,0,0,0,0,227282,3,0
0,0,0,0,16,6,19529,113007,0,0,0,0,0,273275,3,0
0,0,0,0,4,7,19530,113007,0,0,0,0,0,239756,3,0
0,0,0,0,10,23,19531,113007,0,0,0,0,0,227102,3,0
0,0,0,0,18,13,19532,113007,0,0,0,0,0,239761,3,0
0,0,0,0,7,14,19533,113007,0,0,0,0,0,242896,3,0
0,0,0,0,11,15,19534,113007,0,0,0,0,0,227323,3,0
0,0,0,0,20,27,19535,113007,0,0,0,0,0,227101,3,0
0,0,0,0,25,25,19536,113007,0,0,0,0,0,266254,3,0
0,0,0,0,9,28,19537,113007,0,0,0,0,0,245821,3,0
0,0,0,0,17,28,19538,113007,0,0,0,0,0,264233,3,0
0,0,0,0,15,28,19539,113007,0,0,0,0,0,247535,3,0
0,0,0,0,5,28,19540,113007,0,0,0,0,0,265421,3,0
0,0,0,0,1,28,19541,113007,0,0,0,0,0,227368,3,0
0,0,0,0,22,28,19542,113007,0,0,0,0,0,266975,3,0
0,0,0,0,8,28,19543,113007,0,0,0,0,0,265280,3,0
0,0,0,0,14,28,19544,113007,0,0,0,0,0,227310,3,0
0,0,0,0,24,28,19545,113007,0,0,0,0,0,233330,3,0
0,0,0,0,3,28,19546,113007,0,0,0,0,0,273279,3,0
0,0,0,0,2,28,19547,113007,0,0,0,0,0,227366,3,0
0,0,0,0,21,28,19548,113007,0,0,0,0,0,270330,3,0
0,0,0,0,1,0,19549,113008,0,0,0,0,0,243379,3,0
0,0,0,0,14,3,19550,113008,0,0,0,0,0,247461,3,0
6,0,0,1,3,4,19551,113008,0,0,0,0,0,226991,3,0
0,0,0,0,6,6,19552,113008,0,0,0,0,0,226998,3,0
0,0,0,0,25,7,19553,113008,0,0,0,0,0,272114,3,0
0,0,0,0,23,10,19554,113008,0,0,0,0,0,226988,3,0
11,0,0,1,10,23,19555,113008,0,0,0,0,0,226973,3,0
0,0,0,0,20,13,19556,113008,0,0,0,0,0,263966,3,0
21,1,0,1,9,15,19557,113008,0,0,0,0,0,226987,3,0
0,0,0,0,18,27,19558,113008,0,0,0,0,0,227013,3,0
0,0,0,0,11,25,19559,113008,0,0,0,0,0,233364,3,0
0,0,0,0,8,28,19560,113008,0,0,0,0,0,227003,3,0
0,0,0,0,4,28,19561,113008,0,0,0,0,0,239791,3,0
0,0,0,0,5,28,19562,113008,0,0,0,0,0,266939,3,0
0,0,0,0,2,28,19563,113008,0,0,0,0,0,235585,3,0
0,0,0,0,12,28,19564,113008,0,0,0,0,0,246152,3,0
0,0,0,0,26,28,19565,113008,0,0,0,0,0,247462,3,0
0,0,0,0,16,28,19566,113008,0,0,0,0,0,263964,3,0
0,0,0,0,19,28,19567,113008,0,0,0,0,0,241491,3,0
0,0,0,0,15,28,19568,113008,0,0,0,0,0,246153,3,0
0,0,0,0,21,28,19569,113008,0,0,0,0,0,264058,3,0
0,0,0,0,7,28,19570,113008,0,0,0,0,0,258915,3,0
1,0,0,1,13,28,19571,113008,0,0,0,0,0,226979,3,0
0,0,0,0,1,0,19572,113009,0,0,0,0,0,226335,3,0
0,0,0,0,2,3,19573,113009,0,0,0,0,0,248343,3,0
0,0,0,0,4,4,19574,113009,0,0,0,0,0,267382,3,0
0,0,0,0,12,6,19575,113009,0,0,0,0,0,244045,3,0
17,0,0,1,7,7,19576,113009,0,0,0,0,0,226336,3,0
3,0,0,1,10,9,19577,113009,0,0,0,0,0,231432,3,0
0,0,0,0,17,11,19578,113009,0,0,0,0,0,267217,3,0
0,0,0,0,5,12,19579,113009,0,0,0,0,0,266928,3,0
0,0,0,0,9,16,19580,113009,0,0,0,0,0,232073,3,0
0,0,0,0,16,18,19581,113009,0,0,0,0,0,232075,3,0
0,0,0,0,11,25,19582,113009,0,0,0,0,0,264012,3,0
0,0,0,0,15,28,19583,113009,0,0,0,0,0,271040,3,0
0,0,0,0,21,28,19584,113009,0,0,0,0,0,226177,3,0
0,0,0,0,14,28,19585,113009,0,0,0,0,0,232074,3,0
0,0,0,0,23,28,19586,113009,0,0,0,0,0,273469,3,0
0,0,0,0,18,28,19587,113009,0,0,0,0,0,243775,3,0
0,0,0,0,13,28,19588,113009,0,0,0,0,0,266091,3,0
0,0,0,0,6,28,19589,113009,0,0,0,0,0,236642,3,0
0,0,0,0,3,28,19590,113009,0,0,0,0,0,273946,3,0
0,0,0,0,20,28,19591,113009,0,0,0,0,0,279812,3,0
1,0,0,1,8,28,19592,113009,0,0,0,0,0,236640,3,0
0,0,0,0,22,28,19593,113009,0,0,0,0,0,238212,3,0
0,0,0,0,19,28,19594,113009,0,0,0,0,0,262330,3,0
0,0,0,0,1,0,19595,113010,0,0,0,0,0,278967,3,0
0,0,0,0,5,3,19596,113010,0,0,0,0,0,72156,3,0
0,0,0,0,3,4,19597,113010,0,0,0,0,0,241225,3,0
0,0,0,0,14,6,19598,113010,0,0,0,0,0,227453,3,0
0,0,0,0,18,7,19599,113010,0,0,0,0,0,273470,3,0
0,0,0,0,4,9,19600,113010,0,0,0,0,0,241224,3,0
0,0,0,0,16,11,19601,113010,0,0,0,0,0,227455,3,0
0,0,0,0,20,12,19602,113010,0,0,0,0,0,272524,3,0
0,0,0,0,7,16,19603,113010,0,0,0,0,0,228724,3,0
0,0,0,0,22,18,19604,113010,0,0,0,0,0,267589,3,0
0,0,0,0,10,25,19605,113010,0,0,0,0,0,267237,3,0
0,0,0,0,9,28,19606,113010,0,0,0,0,0,242806,3,0
0,0,0,0,11,28,19607,113010,0,0,0,0,0,246059,3,0
0,0,0,0,8,28,19608,113010,0,0,0,0,0,256840,3,0
0,0,0,0,6,28,19609,113010,0,0,0,0,0,272522,3,0
0,0,0,0,12,28,19610,113010,0,0,0,0,0,254564,3,0
0,0,0,0,17,28,19611,113010,0,0,0,0,0,264627,3,0
0,0,0,0,15,28,19612,113010,0,0,0,0,0,278968,3,0
10,0,0,1,23,28,19613,113010,0,0,0,0,0,227452,3,0
0,0,0,0,19,28,19614,113010,0,0,0,0,0,227466,3,0
18,1,0,1,13,28,19615,113010,0,0,0,0,0,227457,3,0
0,0,0,0,2,28,19616,113010,0,0,0,0,0,243054,3,0
0,0,0,0,21,28,19617,113010,0,0,0,0,0,244285,3,0
0,0,0,0,1,0,19618,113011,0,0,0,0,0,258680,3,0
0,0,0,0,18,3,19619,113011,0,0,0,0,0,264875,3,0
0,0,0,0,2,4,19620,113011,0,0,0,0,0,246317,3,0
0,0,0,0,20,6,19621,113011,0,0,0,0,0,233756,3,0
0,0,0,0,26,7,19622,113011,0,0,0,0,0,267530,3,0
0,0,0,0,6,23,19623,113011,0,0,0,0,0,240714,3,0
0,0,0,0,14,13,19624,113011,0,0,0,0,0,233852,3,0
18,1,0,1,8,14,19625,113011,0,0,0,0,0,233747,3,0
9,0,0,1,10,15,19626,113011,0,0,0,0,0,233751,3,0
0,0,0,0,17,27,19627,113011,0,0,0,0,0,267531,3,0
0,0,0,0,7,25,19628,113011,0,0,0,0,0,240717,3,0
0,0,0,0,12,28,19629,113011,0,0,0,0,0,244064,3,0
0,0,0,0,16,28,19630,113011,0,0,0,0,0,264876,3,0
0,0,0,0,5,28,19631,113011,0,0,0,0,0,253417,3,0
0,0,0,0,22,28,19632,113011,0,0,0,0,0,233854,3,0
0,0,0,0,24,28,19633,113011,0,0,0,0,0,244058,3,0
0,0,0,0,13,28,19634,113011,0,0,0,0,0,240720,3,0
0,0,0,0,21,28,19635,113011,0,0,0,0,0,265536,3,0
0,0,0,0,15,28,19636,113011,0,0,0,0,0,265408,3,0
0,0,0,0,23,28,19637,113011,0,0,0,0,0,271007,3,0
1,0,0,1,4,28,19638,113011,0,0,0,0,0,233757,3,0
26,1,0,1,9,28,19639,113011,0,0,0,0,0,233746,3,0
0,0,0,0,27,28,19640,113011,0,0,0,0,0,244059,3,0
0,0,0,0,13,0,19641,113012,0,0,0,0,0,268942,3,0
0,0,0,0,2,3,19642,113012,0,0,0,0,0,253436,3,0
3,0,0,1,4,4,19643,113012,0,0,0,0,0,227190,3,0
0,0,0,0,14,6,19644,113012,0,0,0,0,0,266949,3,0
0,0,0,0,19,7,19645,113012,0,0,0,0,0,262457,3,0
0,0,0,0,22,23,19646,113012,0,0,0,0,0,259372,3,0
0,0,0,0,12,13,19647,113012,0,0,0,0,0,237289,3,0
5,0,0,1,11,15,19648,113012,0,0,0,0,0,227203,3,0
0,0,0,0,8,27,19649,113012,0,0,0,0,0,237288,3,0
0,0,0,0,6,18,19650,113012,0,0,0,0,0,241667,3,0
14,0,0,1,10,25,19651,113012,0,0,0,0,0,227192,3,0
0,0,0,0,7,28,19652,113012,0,0,0,0,0,269404,3,0
0,0,0,0,9,28,19653,113012,0,0,0,0,0,264725,3,0
0,0,0,0,3,28,19654,113012,0,0,0,0,0,258576,3,0
0,0,0,0,5,28,19655,113012,0,0,0,0,0,233150,3,0
0,0,0,0,1,28,19656,113012,0,0,0,0,0,258789,3,0
0,0,0,0,17,28,19657,113012,0,0,0,0,0,242796,3,0
0,0,0,0,24,28,19658,113012,0,0,0,0,0,271945,3,0
0,0,0,0,16,28,19659,113012,0,0,0,0,0,262458,3,0
0,0,0,0,21,28,19660,113012,0,0,0,0,0,268945,3,0
0,0,0,0,15,28,19661,113012,0,0,0,0,0,246774,3,0
0,0,0,0,23,28,19662,113012,0,0,0,0,0,272213,3,0
0,0,0,0,20,28,19663,113012,0,0,0,0,0,253435,3,0
0,0,0,0,1,0,19664,113984,0,0,0,0,0,245871,3,0
0,0,0,0,20,3,19665,113984,0,0,0,0,0,245889,3,0
0,0,0,0,5,4,19666,113984,0,0,0,0,0,245877,3,0
0,0,0,0,4,6,19667,113984,0,0,0,0,0,245875,3,0
0,0,0,0,2,7,19668,113984,0,0,0,0,0,246967,3,0
0,0,0,0,8,10,19669,113984,0,0,0,0,0,268488,3,0
0,0,0,0,11,23,19670,113984,0,0,0,0,0,265305,3,0
0,0,0,0,22,13,19671,113984,0,0,0,0,0,245882,3,0
0,0,0,0,6,15,19672,113984,0,0,0,0,0,72348,3,0
0,0,0,0,18,27,19673,113984,0,0,0,0,0,243403,3,0
0,0,0,0,9,25,19674,113984,0,0,0,0,0,265277,3,0
0,0,0,0,10,28,19675,113984,0,0,0,0,0,265274,3,0
0,0,0,0,13,28,19676,113984,0,0,0,0,0,245880,3,0
0,0,0,0,17,28,19677,113984,0,0,0,0,0,245886,3,0
0,0,0,0,3,28,19678,113984,0,0,0,0,0,273389,3,0
0,0,0,0,12,28,19679,113984,0,0,0,0,0,245892,3,0
0,0,0,0,19,28,19680,113984,0,0,0,0,0,273387,3,0
0,0,0,0,7,28,19681,113984,0,0,0,0,0,245884,3,0
0,0,0,0,16,28,19682,113984,0,0,0,0,0,276380,3,0
0,0,0,0,21,28,19683,113984,0,0,0,0,0,266451,3,0
0,0,0,0,14,28,19684,113984,0,0,0,0,0,72904,3,0
0,0,0,0,15,28,19685,113984,0,0,0,0,0,268486,3,0
0,0,0,0,23,28,19686,113984,0,0,0,0,0,277911,3,0
0,0,0,0,1,0,19687,113996,0,0,0,0,0,276599,3,0
0,0,0,0,16,3,19688,113996,0,0,0,0,0,248786,3,0
0,0,0,0,4,4,19689,113996,0,0,0,0,0,246366,3,0
0,0,0,0,6,6,19690,113996,0,0,0,0,0,246364,3,0
0,0,0,0,20,7,19691,113996,0,0,0,0,0,72533,3,0
0,0,0,0,7,12,19692,113996,0,0,0,0,0,269679,3,0
0,0,0,0,13,13,19693,113996,0,0,0,0,0,269680,3,0
0,0,0,0,11,15,19694,113996,0,0,0,0,0,269675,3,0
0,0,0,0,5,16,19695,113996,0,0,0,0,0,71047,3,0
0,0,0,0,10,24,19696,113996,0,0,0,0,0,248789,3,0
0,0,0,0,19,26,19697,113996,0,0,0,0,0,246358,3,0
0,0,0,0,25,28,19698,113996,0,0,0,0,0,72828,3,0
0,0,0,0,9,28,19699,113996,0,0,0,0,0,269681,3,0
0,0,0,0,3,28,19700,113996,0,0,0,0,0,72821,3,0
0,0,0,0,2,28,19701,113996,0,0,0,0,0,72810,3,0
0,0,0,0,24,28,19702,113996,0,0,0,0,0,248785,3,0
0,0,0,0,12,28,19703,113996,0,0,0,0,0,72812,3,0
0,0,0,0,21,28,19704,113996,0,0,0,0,0,72865,3,0
0,0,0,0,22,28,19705,113996,0,0,0,0,0,276569,3,0
0,0,0,0,8,28,19706,113996,0,0,0,0,0,269678,3,0
0,0,0,0,18,28,19707,113996,0,0,0,0,0,269676,3,0
0,0,0,0,17,28,19708,113996,0,0,0,0,0,269677,3,0
0,0,0,0,23,28,19709,113996,0,0,0,0,0,274557,3,0
0,0,0,0,1,0,19710,115682,0,0,0,0,0,261848,3,0
0,0,0,0,9,4,19711,115682,0,0,0,0,0,261831,3,0
0,0,0,0,15,5,19712,115682,0,0,0,0,0,261829,3,0
0,0,0,0,19,6,19713,115682,0,0,0,0,0,261853,3,0
0,0,0,0,2,12,19714,115682,0,0,0,0,0,261858,3,0
0,0,0,0,6,13,19715,115682,0,0,0,0,0,261843,3,0
0,0,0,0,8,15,19716,115682,0,0,0,0,0,261838,3,0
0,0,0,0,16,16,19717,115682,0,0,0,0,0,261837,3,0
0,0,0,0,20,18,19718,115682,0,0,0,0,0,261855,3,0
0,0,0,0,10,24,19719,115682,0,0,0,0,0,261852,3,0
0,0,0,0,23,26,19720,115682,0,0,0,0,0,261849,3,0
0,0,0,0,21,28,19721,115682,0,0,0,0,0,261844,3,0
0,0,0,0,14,28,19722,115682,0,0,0,0,0,261830,3,0
0,0,0,0,3,28,19723,115682,0,0,0,0,0,268470,3,0
0,0,0,0,5,28,19724,115682,0,0,0,0,0,261833,3,0
0,0,0,0,12,28,19725,115682,0,0,0,0,0,261834,3,0
0,0,0,0,11,28,19726,115682,0,0,0,0,0,261835,3,0
0,0,0,0,25,28,19727,115682,0,0,0,0,0,261845,3,0
0,0,0,0,18,28,19728,115682,0,0,0,0,0,261842,3,0
0,0,0,0,13,28,19729,115682,0,0,0,0,0,261841,3,0
0,0,0,0,22,28,19730,115682,0,0,0,0,0,268471,3,0
0,0,0,0,7,28,19731,115682,0,0,0,0,0,268472,3,0
0,0,0,0,17,28,19732,115682,0,0,0,0,0,263479,3,0
0,0,0,0,1,0,19733,116428,0,0,0,0,0,266553,3,0
0,0,0,0,20,3,19734,116428,0,0,0,0,0,266945,3,0
0,0,0,0,4,4,19735,116428,0,0,0,0,0,264886,3,0
0,0,0,0,6,6,19736,116428,0,0,0,0,0,269661,3,0
0,0,0,0,3,7,19737,116428,0,0,0,0,0,269659,3,0
0,0,0,0,8,12,19738,116428,0,0,0,0,0,264891,3,0
0,0,0,0,7,13,19739,116428,0,0,0,0,0,269663,3,0
0,0,0,0,15,15,19740,116428,0,0,0,0,0,264932,3,0
0,0,0,0,23,16,19741,116428,0,0,0,0,0,266384,3,0
0,0,0,0,2,24,19742,116428,0,0,0,0,0,265868,3,0
0,0,0,0,9,26,19743,116428,0,0,0,0,0,269666,3,0
0,0,0,0,10,28,19744,116428,0,0,0,0,0,265300,3,0
0,0,0,0,17,28,19745,116428,0,0,0,0,0,269665,3,0
0,0,0,0,18,28,19746,116428,0,0,0,0,0,269657,3,0
0,0,0,0,11,28,19747,116428,0,0,0,0,0,273209,3,0
0,0,0,0,12,28,19748,116428,0,0,0,0,0,269655,3,0
0,0,0,0,19,28,19749,116428,0,0,0,0,0,274381,3,0
0,0,0,0,22,28,19750,116428,0,0,0,0,0,269662,3,0
0,0,0,0,14,28,19751,116428,0,0,0,0,0,273211,3,0
0,0,0,0,5,28,19752,116428,0,0,0,0,0,277544,3,0
0,0,0,0,13,28,19753,116428,0,0,0,0,0,273210,3,0
0,0,0,0,16,28,19754,116428,0,0,0,0,0,273215,3,0
0,0,0,0,21,28,19755,116428,0,0,0,0,0,269668,3,0
0,0,0,0,23,0,19756,131124,0,0,0,0,0,265267,3,0
0,0,0,0,5,3,19757,131124,0,0,0,0,0,265286,3,0
0,0,0,0,15,4,19758,131124,0,0,0,0,0,267221,3,0
0,0,0,0,3,6,19759,131124,0,0,0,0,0,72788,3,0
0,0,0,0,7,7,19760,131124,0,0,0,0,0,72763,3,0
0,0,0,0,8,12,19761,131124,0,0,0,0,0,277966,3,0
0,0,0,0,20,13,19762,131124,0,0,0,0,0,266598,3,0
0,0,0,0,4,15,19763,131124,0,0,0,0,0,275925,3,0
0,0,0,0,9,16,19764,131124,0,0,0,0,0,72787,3,0
0,0,0,0,22,24,19765,131124,0,0,0,0,0,277963,3,0
0,0,0,0,18,26,19766,131124,0,0,0,0,0,72789,3,0
0,0,0,0,17,28,19767,131124,0,0,0,0,0,269131,3,0
0,0,0,0,21,28,19768,131124,0,0,0,0,0,72764,3,0
0,0,0,0,13,28,19769,131124,0,0,0,0,0,72791,3,0
0,0,0,0,16,28,19770,131124,0,0,0,0,0,279933,3,0
0,0,0,0,12,28,19771,131124,0,0,0,0,0,72793,3,0
0,0,0,0,6,28,19772,131124,0,0,0,0,0,72797,3,0
0,0,0,0,11,28,19773,131124,0,0,0,0,0,267184,3,0
0,0,0,0,1,28,19774,131124,0,0,0,0,0,72795,3,0
0,0,0,0,2,28,19775,131124,0,0,0,0,0,272700,3,0
0,0,0,0,10,28,19776,131124,0,0,0,0,0,72794,3,0
0,0,0,0,19,28,19777,131124,0,0,0,0,0,72798,3,0
0,0,0,0,14,28,19778,131124,0,0,0,0,0,72792,3,0
0,0,0,0,13,0,19779,111629,0,0,0,0,0,253065,3,0
0,0,0,0,12,3,19780,111629,0,0,0,0,0,247631,3,0
0,0,0,0,5,4,19781,111629,0,0,0,0,0,271396,2,0
0,0,0,0,44,6,19782,111629,0,0,0,0,0,192499,3,0
0,0,0,0,22,7,19783,111629,0,0,0,0,0,248264,3,0
0,0,0,0,11,23,19784,111629,0,0,0,0,0,248289,3,0
1,0,0,1,8,13,19785,111629,0,0,0,0,0,239324,5,0
0,0,0,0,21,14,19786,111629,0,0,0,0,0,252088,3,0
0,0,0,0,6,15,19787,111629,0,0,0,0,0,253508,3,0
0,0,0,0,29,27,19788,111629,0,0,0,0,0,259560,2,0
0,0,0,0,9,25,19789,111629,0,0,0,0,0,210380,3,0
0,0,0,0,10,28,19790,111629,0,0,0,0,0,256998,3,0
1,0,0,1,14,28,19791,111629,0,0,0,0,0,72805,2,0
0,0,0,0,19,28,19792,111629,0,0,0,0,0,278259,3,0
0,0,0,0,88,28,19793,111629,0,0,0,0,0,273879,3,0
0,0,0,0,24,28,19794,111629,0,0,0,0,0,248246,3,0
0,0,0,0,23,28,19795,111629,0,0,0,0,0,248177,3,0
0,0,0,0,38,28,19796,111629,0,0,0,0,0,264486,3,0
1,0,0,1,82,28,19797,111629,0,0,0,0,0,278694,2,0
0,0,0,0,33,28,19798,111629,0,0,0,0,0,248263,3,0
0,0,0,0,3,28,19799,111629,0,0,0,0,0,248327,3,0
0,0,0,0,50,28,19800,111629,0,0,0,0,0,70969,3,0
0,0,0,0,61,28,19801,111629,0,0,0,0,0,71125,3,0
0,0,0,0,70,29,19802,111629,0,0,0,0,0,72058,3,0
0,0,0,0,30,29,19803,111629,0,0,0,0,0,278692,3,0
0,0,0,0,59,29,19804,111629,0,0,0,0,0,71127,3,0
0,0,0,0,4,29,19805,111629,0,0,0,0,0,253669,3,0
0,0,0,0,66,29,19806,111629,0,0,0,0,0,71942,3,0
0,0,0,0,35,29,19807,111629,0,0,0,0,0,73132,3,0
0,0,0,0,84,29,19808,111629,0,0,0,0,0,70794,3,0
0,0,0,0,80,29,19809,111629,0,0,0,0,0,74316,3,0
0,0,0,0,75,29,19810,111629,0,0,0,0,0,72052,3,0
0,0,0,0,32,29,19811,111629,0,0,0,0,0,71438,3,0
0,0,0,0,1,0,19812,111633,0,0,0,0,0,73265,3,0
0,0,0,0,34,3,19813,111633,0,0,0,0,0,75119,2,0
0,0,0,0,28,4,19814,111633,0,0,0,0,0,73267,2,0
0,0,0,0,5,6,19815,111633,0,0,0,0,0,253670,2,0
0,0,0,0,14,7,19816,111633,0,0,0,0,0,75121,2,0
1,0,0,1,29,23,19817,111633,0,0,0,0,0,75122,2,0
0,0,0,0,8,13,19818,111633,0,0,0,0,0,250856,2,0
0,0,0,0,4,15,19819,111633,0,0,0,0,0,75120,3,0
0,0,0,0,19,27,19820,111633,0,0,0,0,0,257684,2,0
1,0,0,1,10,18,19821,111633,0,0,0,0,0,75123,3,0
0,0,0,0,17,25,19822,111633,0,0,0,0,0,271589,2,0
0,0,0,0,37,28,19823,111633,0,0,0,0,0,73277,3,0
0,0,0,0,75,28,19824,111633,0,0,0,0,0,73278,3,0
0,0,0,0,56,28,19825,111633,0,0,0,0,0,73270,3,0
0,0,0,0,67,28,19826,111633,0,0,0,0,0,73275,3,0
0,0,0,0,71,28,19827,111633,0,0,0,0,0,72922,3,0
0,0,0,0,65,28,19828,111633,0,0,0,0,0,73276,3,0
0,0,0,0,54,28,19829,111633,0,0,0,0,0,73281,3,0
0,0,0,0,15,28,19830,111633,0,0,0,0,0,72924,3,0
0,0,0,0,7,28,19831,111633,0,0,0,0,0,260108,3,0
0,0,0,0,13,28,19832,111633,0,0,0,0,0,261423,3,0
0,0,0,0,18,28,19833,111633,0,0,0,0,0,75133,3,0
0,0,0,0,70,28,19834,111633,0,0,0,0,0,73266,3,0
0,0,0,0,66,29,19835,111633,0,0,0,0,0,277566,3,0
0,0,0,0,16,29,19836,111633,0,0,0,0,0,259741,3,0
0,0,0,0,24,29,19837,111633,0,0,0,0,0,256996,3,0
0,0,0,0,27,29,19838,111633,0,0,0,0,0,271012,3,0
0,0,0,0,22,29,19839,111633,0,0,0,0,0,73064,3,0
0,0,0,0,21,29,19840,111633,0,0,0,0,0,75134,3,0
0,0,0,0,9,29,19841,111633,0,0,0,0,0,75124,2,0
0,0,0,0,42,29,19842,111633,0,0,0,0,0,75132,3,0
0,0,0,0,11,29,19843,111633,0,0,0,0,0,259738,3,0
0,0,0,0,55,29,19844,111633,0,0,0,0,0,73279,3,0
0,0,0,0,25,29,19845,111633,0,0,0,0,0,259736,2,0
0,0,0,0,52,29,19846,111633,0,0,0,0,0,71946,3,0
0,0,0,0,72,29,19847,111633,0,0,0,0,0,73273,3,0
0,0,0,0,74,29,19848,111633,0,0,0,0,0,72926,3,0
0,0,0,0,73,29,19849,111633,0,0,0,0,0,73274,3,0
0,0,0,0,32,0,19850,113040,0,0,0,0,0,259732,3,0
0,0,0,0,2,3,19851,113040,0,0,0,0,0,277491,3,0
0,0,0,0,12,4,19852,113040,0,0,0,0,0,277570,2,0
0,0,0,0,4,6,19853,113040,0,0,0,0,0,230306,2,0
0,0,0,0,3,7,19854,113040,0,0,0,0,0,248276,3,0
1,0,0,1,6,9,19855,113040,0,0,0,0,0,220446,2,0
0,0,0,0,13,11,19856,113040,0,0,0,0,0,73091,3,0
0,0,0,0,18,12,19857,113040,0,0,0,0,0,271664,2,0
4,1,0,1,14,16,19858,113040,0,0,0,1,0,74328,5,0
2,0,0,1,10,18,19859,113040,0,0,0,0,0,240035,5,0
0,0,0,0,9,25,19860,113040,0,0,0,0,0,205158,2,0
0,0,0,0,11,28,19861,113040,0,0,0,0,0,272312,2,0
0,0,0,0,26,28,19862,113040,0,0,0,0,0,277489,3,0
0,0,0,0,33,28,19863,113040,0,0,0,0,0,277492,3,0
0,0,0,0,17,28,19864,113040,0,0,0,0,0,278670,1,0
0,0,0,0,20,28,19865,113040,0,0,0,0,0,278149,3,0
0,0,0,0,19,28,19866,113040,0,0,0,0,0,277494,2,0
0,0,0,0,15,28,19867,113040,0,0,0,0,0,278197,3,0
0,0,0,0,23,28,19868,113040,0,0,0,0,0,278196,2,0
0,0,0,0,66,28,19869,113040,0,0,0,0,0,277493,3,0
0,0,0,0,5,28,19870,113040,0,0,0,0,0,70792,2,0
0,0,0,0,77,28,19871,113040,0,0,0,0,0,277490,2,0
0,0,0,0,24,28,19872,113040,0,0,0,0,0,260106,4,0
0,0,0,0,16,29,19873,113040,0,0,0,0,0,70514,3,0
0,0,0,0,22,29,19874,113040,0,0,0,0,0,248334,2,0
0,0,0,0,1,0,19875,113146,0,0,0,0,0,245164,3,0
0,0,0,0,5,4,19876,113146,0,0,0,0,0,190962,3,0
1,0,0,1,21,5,19877,113146,0,0,0,0,0,263725,3,0
2,0,0,1,15,6,19878,113146,0,0,0,0,0,245165,5,0
0,0,0,0,11,12,19879,113146,0,0,0,0,0,248300,3,0
0,0,0,0,6,13,19880,113146,0,0,0,0,0,245170,3,0
0,0,0,0,18,15,19881,113146,0,0,0,0,0,247630,3,0
0,0,0,0,17,16,19882,113146,0,0,0,0,0,253479,5,0
1,0,0,1,7,18,19883,113146,0,0,0,0,0,223746,5,0
1,0,0,1,35,24,19884,113146,0,0,0,0,0,219948,3,0
0,0,0,0,9,26,19885,113146,0,0,0,0,0,202208,3,0
0,0,0,0,44,28,19886,113146,0,0,0,0,0,253704,4,0
0,0,0,0,22,28,19887,113146,0,0,0,0,0,253476,2,0
0,0,0,0,33,28,19888,113146,0,0,0,0,0,259346,3,0
0,0,0,0,2,28,19889,113146,0,0,0,0,0,254475,3,0
0,0,0,0,31,28,19890,113146,0,0,0,0,0,259646,3,0
1,0,0,1,20,28,19891,113146,0,0,0,0,0,212232,4,0
0,0,0,0,8,28,19892,113146,0,0,0,0,0,253712,3,0
0,0,0,0,40,28,19893,113146,0,0,0,0,0,197062,3,0
0,0,0,0,41,28,19894,113146,0,0,0,0,0,75130,3,0
1,0,0,1,32,28,19895,113146,0,0,0,0,0,70970,3,0
0,0,0,0,23,28,19896,113146,0,0,0,0,0,276628,3,0
0,0,0,0,3,28,19897,113146,0,0,0,0,0,70972,3,0
0,0,0,0,16,29,19898,113146,0,0,0,0,0,266721,3,0
0,0,0,0,24,29,19899,113146,0,0,0,0,0,71063,3,0
0,0,0,0,19,29,19900,113146,0,0,0,0,0,236774,4,0
0,0,0,0,45,29,19901,113146,0,0,0,0,0,71061,3,0
0,0,0,0,72,29,19902,113146,0,0,0,0,0,277479,2,0
0,0,0,0,13,29,19903,113146,0,0,0,0,0,259649,3,0
0,0,0,0,25,29,19904,113146,0,0,0,0,0,73907,3,0
0,0,0,0,12,29,19905,113146,0,0,0,0,0,247626,3,0
0,0,0,0,77,29,19906,113146,0,0,0,0,0,266719,3,0
0,0,0,0,27,29,19907,113146,0,0,0,0,0,259650,3,0
0,0,0,0,1,0,19908,113257,0,0,0,0,0,223760,3,0
0,0,0,0,2,3,19909,113257,0,0,0,0,0,253726,2,0
1,0,0,1,15,4,19910,113257,0,0,0,0,0,248295,3,0
0,0,0,0,5,6,19911,113257,0,0,0,0,0,200727,3,0
0,0,0,0,18,7,19912,113257,0,0,0,0,0,245169,2,0
0,0,0,0,10,9,19913,113257,0,0,0,0,0,248297,5,0
0,0,0,0,7,11,19914,113257,0,0,0,0,0,248331,2,0
0,0,0,0,17,12,19915,113257,0,0,0,0,0,248315,3,0
0,0,0,0,19,16,19916,113257,0,0,0,0,0,256994,2,0
0,0,0,0,9,18,19917,113257,0,0,0,0,0,223618,3,0
1,0,0,1,21,25,19918,113257,0,0,0,0,0,195620,3,0
0,0,0,0,6,28,19919,113257,0,0,0,0,0,248180,3,0
0,0,0,0,24,28,19920,113257,0,0,0,0,0,256990,3,0
0,0,0,0,8,28,19921,113257,0,0,0,0,0,256993,3,0
0,0,0,0,34,28,19922,113257,0,0,0,0,0,258372,3,0
0,0,0,0,13,28,19923,113257,0,0,0,0,0,253501,3,0
0,0,0,0,29,28,19924,113257,0,0,0,0,0,276143,3,0
0,0,0,0,35,28,19925,113257,0,0,0,0,0,70615,3,0
0,0,0,0,14,28,19926,113257,0,0,0,0,0,259761,3,0
0,0,0,0,4,28,19927,113257,0,0,0,0,0,248308,2,0
0,0,0,0,23,28,19928,113257,0,0,0,0,0,253701,3,0
0,0,0,0,3,28,19929,113257,0,0,0,0,0,252246,3,0
0,0,0,0,32,28,19930,113257,0,0,0,0,0,253478,2,0
0,0,0,0,33,29,19931,113257,0,0,0,0,0,248294,3,0
0,0,0,0,31,29,19932,113257,0,0,0,0,0,248301,3,0
0,0,0,0,13,0,19933,113297,0,0,0,0,0,248292,3,0
0,0,0,0,33,3,19934,113297,0,0,0,0,0,273880,3,0
0,0,0,0,3,4,19935,113297,0,0,0,0,0,208752,4,0
0,0,0,0,4,6,19936,113297,0,0,0,0,0,264362,4,0
0,0,0,0,17,7,19937,113297,0,0,0,0,0,228194,3,0
0,0,0,0,47,12,19938,113297,0,0,0,0,0,263224,2,0
0,0,0,0,8,13,19939,113297,0,0,0,0,0,253502,3,0
0,0,0,0,5,15,19940,113297,0,0,0,0,0,251118,3,0
2,0,0,1,71,16,19941,113297,0,0,0,0,0,248319,3,0
1,0,0,1,27,24,19942,113297,0,0,0,0,0,200471,3,0
0,0,0,0,9,26,19943,113297,0,0,0,0,0,204528,3,0
0,0,0,0,10,28,19944,113297,0,0,0,0,0,242809,3,0
0,0,0,0,7,28,19945,113297,0,0,0,0,0,266718,2,0
0,0,0,0,23,28,19946,113297,0,0,0,0,0,248197,3,0
0,0,0,0,26,28,19947,113297,0,0,0,0,0,248274,3,0
0,0,0,0,1,28,19948,113297,0,0,0,0,0,258556,3,0
0,0,0,0,19,28,19949,113297,0,0,0,0,0,277360,3,0
0,0,0,0,37,28,19950,113297,0,0,0,0,0,269671,3,0
0,0,0,0,70,28,19951,113297,0,0,0,0,0,74386,5,0
0,0,0,0,22,28,19952,113297,0,0,0,0,0,265454,3,0
0,0,0,0,6,28,19953,113297,0,0,0,0,0,248247,3,0
0,0,0,0,77,28,19954,113297,0,0,0,0,0,264662,3,0
0,0,0,0,25,28,19955,113297,0,0,0,0,0,253031,3,0
0,0,0,0,25,0,19956,113298,0,0,0,0,0,217231,2,0
0,0,0,0,21,3,19957,113298,0,0,0,0,0,233524,2,0
0,0,0,0,3,4,19958,113298,0,0,0,0,0,223763,3,0
0,0,0,0,16,6,19959,113298,0,0,0,0,0,251644,2,0
0,0,0,0,27,7,19960,113298,0,0,0,0,0,270735,3,0
0,0,0,0,4,9,19961,113298,0,0,0,0,0,204787,3,0
0,0,0,0,18,11,19962,113298,0,0,0,0,0,231933,3,0
0,0,0,0,17,12,19963,113298,0,0,0,0,0,259648,3,0
0,0,0,0,34,16,19964,113298,0,0,0,0,0,189573,3,0
0,0,0,0,8,18,19965,113298,0,0,0,0,0,230132,4,0
4,1,0,1,9,25,19966,113298,0,0,0,1,0,216479,5,0
0,0,0,0,19,28,19967,113298,0,0,0,0,0,73732,3,0
4,1,0,1,26,28,19968,113298,0,0,0,1,0,235754,5,0
0,0,0,0,5,28,19969,113298,0,0,0,0,0,73079,3,0
0,0,0,0,41,28,19970,113298,0,0,0,0,0,277580,3,0
0,0,0,0,13,28,19971,113298,0,0,0,0,0,260146,3,0
0,0,0,0,10,28,19972,113298,0,0,0,0,0,248307,3,0
0,0,0,0,14,28,19973,113298,0,0,0,0,0,271011,3,0
0,0,0,0,44,28,19974,113298,0,0,0,0,0,264599,3,0
0,0,0,0,15,28,19975,113298,0,0,0,0,0,253697,2,0
0,0,0,0,99,28,19976,113298,0,0,0,0,0,73733,3,0
0,0,0,0,42,28,19977,113298,0,0,0,0,0,271900,3,0
0,0,0,0,20,28,19978,113298,0,0,0,0,0,248296,3,0
0,0,0,0,30,29,19979,113298,0,0,0,0,0,248304,2,0
0,0,0,0,55,29,19980,113298,0,0,0,0,0,265460,3,0
0,0,0,0,45,29,19981,113298,0,0,0,0,0,75128,3,0
0,0,0,0,1,0,19982,113299,0,0,0,0,0,265457,2,0
0,0,0,0,3,3,19983,113299,0,0,0,0,0,258410,2,0
0,0,0,0,15,4,19984,113299,0,0,0,0,0,277758,3,0
0,0,0,0,20,6,19985,113299,0,0,0,0,0,228188,3,0
0,0,0,0,50,7,19986,113299,0,0,0,0,0,264499,3,0
0,0,0,0,7,23,19987,113299,0,0,0,0,0,253505,3,0
0,0,0,0,10,13,19988,113299,0,0,0,0,0,203902,3,0
0,0,0,0,24,14,19989,113299,0,0,0,0,0,188601,2,0
0,0,0,0,13,15,19990,113299,0,0,0,0,0,263683,2,0
2,0,0,1,9,27,19991,113299,0,0,0,0,0,244110,5,0
3,1,0,1,77,25,19992,113299,0,0,0,0,0,270741,5,0
1,0,0,1,14,28,19993,113299,0,0,0,0,0,264384,2,0
0,0,0,0,26,28,19994,113299,0,0,0,0,0,236546,3,0
0,0,0,0,11,28,19995,113299,0,0,0,0,0,221285,3,0
0,0,0,0,8,28,19996,113299,0,0,0,0,0,273877,3,0
0,0,0,0,31,28,19997,113299,0,0,0,0,0,73055,3,0
0,0,0,0,33,28,19998,113299,0,0,0,0,0,228195,3,0
0,0,0,0,5,28,19999,113299,0,0,0,0,0,265458,3,0
0,0,0,0,19,28,20000,113299,0,0,0,0,0,278234,2,0
0,0,0,0,6,28,20001,113299,0,0,0,0,0,278041,3,0
0,0,0,0,32,28,20002,113299,0,0,0,0,0,278247,2,0
0,0,0,0,12,28,20003,113299,0,0,0,0,0,73056,3,0
0,0,0,0,4,28,20004,113299,0,0,0,0,0,262048,2,0
0,0,0,0,41,29,20005,113299,0,0,0,0,0,73065,3,0
0,0,0,0,25,29,20006,113299,0,0,0,0,0,71926,3,0
0,0,0,0,45,29,20007,113299,0,0,0,0,0,73062,3,0
0,0,0,0,27,29,20008,113299,0,0,0,0,0,253035,3,0
0,0,0,0,97,29,20009,113299,0,0,0,0,0,73061,3,0
0,0,0,0,18,29,20010,113299,0,0,0,0,0,270629,3,0
0,0,0,0,17,29,20011,113299,0,0,0,0,0,270630,3,0
0,0,0,0,2,29,20012,113299,0,0,0,0,0,73039,3,0
0,0,0,0,22,29,20013,113299,0,0,0,0,0,278937,3,0
0,0,0,0,1,0,20014,113300,0,0,0,0,0,259729,4,0
1,0,0,1,35,3,20015,113300,0,0,0,0,0,70746,3,0
0,0,0,0,5,4,20016,113300,0,0,0,0,0,259730,4,0
1,0,0,1,4,6,20017,113300,0,0,0,0,0,248311,4,0
0,0,0,0,31,7,20018,113300,0,0,0,0,0,259340,3,0
0,0,0,0,7,23,20019,113300,0,0,0,0,0,231932,3,0
0,0,0,0,10,13,20020,113300,0,0,0,0,0,203746,3,0
1,0,0,1,8,14,20021,113300,0,0,0,0,0,208602,5,0
0,0,0,0,60,15,20022,113300,0,0,0,0,0,276630,3,0
0,0,0,0,29,27,20023,113300,0,0,0,0,0,248178,3,0
1,0,0,1,9,25,20024,113300,0,0,0,0,0,210947,3,0
0,0,0,0,11,28,20025,113300,0,0,0,0,0,204035,3,0
0,0,0,0,12,28,20026,113300,0,0,0,0,0,248298,3,0
0,0,0,0,14,28,20027,113300,0,0,0,0,0,248251,3,0
0,0,0,0,3,28,20028,113300,0,0,0,0,0,254092,5,0
0,0,0,0,13,28,20029,113300,0,0,0,0,0,248325,3,0
0,0,0,0,28,28,20030,113300,0,0,0,0,0,273756,3,0
0,0,0,0,6,28,20031,113300,0,0,0,0,0,259727,4,0
0,0,0,0,71,28,20032,113300,0,0,0,0,0,71064,3,0
0,0,0,0,17,28,20033,113300,0,0,0,0,0,262047,3,0
0,0,0,0,27,28,20034,113300,0,0,0,0,0,276629,4,0
0,0,0,0,21,28,20035,113300,0,0,0,0,0,72766,3,0
0,0,0,0,20,28,20036,113300,0,0,0,0,0,248252,3,0
0,0,0,0,44,29,20037,113300,0,0,0,0,0,273755,3,0
0,0,0,0,18,29,20038,113300,0,0,0,0,0,273977,3,0
0,0,0,0,16,29,20039,113300,0,0,0,0,0,273773,3,0
0,0,0,0,32,29,20040,113300,0,0,0,0,0,273754,3,0
0,0,0,0,22,29,20041,113300,0,0,0,0,0,73734,3,0
0,0,0,0,15,29,20042,113300,0,0,0,0,0,248305,3,0
0,0,0,0,19,29,20043,113300,0,0,0,0,0,236452,3,0
0,0,0,0,1,0,20044,113301,0,0,0,0,0,253672,5,0
0,0,0,0,25,3,20045,113301,0,0,0,0,0,257685,3,0
0,0,0,0,4,4,20046,113301,0,0,0,0,0,270742,3,0
0,0,0,0,3,6,20047,113301,0,0,0,0,0,278697,3,0
0,0,0,0,6,7,20048,113301,0,0,0,0,0,256304,2,0
0,0,0,0,24,9,20049,113301,0,0,0,0,0,211476,3,0
0,0,0,0,8,11,20050,113301,0,0,0,0,0,259561,3,0
0,0,0,0,77,12,20051,113301,0,0,0,0,0,263058,3,0
0,0,0,0,10,16,20052,113301,0,0,0,0,0,277567,2,0
0,0,0,0,17,18,20053,113301,0,0,0,0,0,70658,2,0
0,0,0,0,9,25,20054,113301,0,0,0,0,0,75222,2,0
0,0,0,0,11,28,20055,113301,0,0,0,0,0,232251,3,0
0,0,0,0,22,28,20056,113301,0,0,0,0,0,70654,3,0
0,0,0,0,43,28,20057,113301,0,0,0,0,0,270838,2,0
0,0,0,0,20,28,20058,113301,0,0,0,0,0,70660,3,0
0,0,0,0,33,28,20059,113301,0,0,0,0,0,259313,3,0
0,0,0,0,23,28,20060,113301,0,0,0,0,0,70661,3,0
0,0,0,0,99,28,20061,113301,0,0,0,0,0,70659,3,0
0,0,0,0,47,28,20062,113301,0,0,0,0,0,70656,3,0
0,0,0,0,21,28,20063,113301,0,0,0,0,0,74869,2,0
0,0,0,0,50,28,20064,113301,0,0,0,0,0,74868,3,0
0,0,0,0,41,28,20065,113301,0,0,0,0,0,270743,3,0
0,0,0,0,12,28,20066,113301,0,0,0,0,0,259218,3,0
0,0,0,0,28,29,20067,113301,0,0,0,0,0,248280,3,0
0,0,0,0,14,29,20068,113301,0,0,0,0,0,278054,3,0
0,0,0,0,18,29,20069,113301,0,0,0,0,0,70657,3,0
0,0,0,0,27,29,20070,113301,0,0,0,0,0,75136,3,0
0,0,0,0,29,29,20071,113301,0,0,0,0,0,259137,2,0
0,0,0,0,5,29,20072,113301,0,0,0,0,0,75253,3,0
0,0,0,0,1,0,20073,113302,0,0,0,0,0,225213,4,0
1,0,0,1,2,3,20074,113302,0,0,0,0,0,248265,5,0
0,0,0,0,3,4,20075,113302,0,0,0,0,0,213327,4,0
0,0,0,0,5,6,20076,113302,0,0,0,0,0,234508,3,0
0,0,0,0,32,7,20077,113302,0,0,0,0,0,260147,3,0
1,0,0,1,17,12,20078,113302,0,0,0,0,0,219728,2,0
0,0,0,0,10,13,20079,113302,0,0,0,0,0,203173,2,0
1,0,0,1,8,15,20080,113302,0,0,0,0,0,253064,3,0
0,0,0,0,19,16,20081,113302,0,0,0,0,0,228199,3,0
0,0,0,0,30,24,20082,113302,0,0,0,0,0,214784,3,0
3,1,0,1,11,26,20083,113302,0,0,0,0,0,190939,3,0
0,0,0,0,7,28,20084,113302,0,0,0,0,0,204882,3,0
0,0,0,0,39,28,20085,113302,0,0,0,0,0,264788,3,0
0,0,0,0,4,28,20086,113302,0,0,0,0,0,257575,3,0
0,0,0,0,14,28,20087,113302,0,0,0,0,0,253504,3,0
0,0,0,0,22,28,20088,113302,0,0,0,0,0,279584,3,0
0,0,0,0,49,28,20089,113302,0,0,0,0,0,278257,3,0
0,0,0,0,27,28,20090,113302,0,0,0,0,0,248310,3,0
0,0,0,0,24,28,20091,113302,0,0,0,0,0,259311,3,0
0,0,0,0,25,28,20092,113302,0,0,0,0,0,259764,3,0
0,0,0,0,12,28,20093,113302,0,0,0,0,0,275683,3,0
0,0,0,0,15,28,20094,113302,0,0,0,0,0,75052,3,0
0,0,0,0,41,28,20095,113302,0,0,0,0,0,278258,3,0
0,0,0,0,51,29,20096,113302,0,0,0,0,0,279563,3,0
0,0,0,0,28,29,20097,113302,0,0,0,0,0,247670,3,0
0,0,0,0,29,29,20098,113302,0,0,0,0,0,278208,3,0
0,0,0,0,45,29,20099,113302,0,0,0,0,0,278671,3,0
0,0,0,0,46,29,20100,113302,0,0,0,0,0,279659,3,0
1,0,0,1,31,29,20101,113302,0,0,0,0,0,75053,2,0
0,0,0,0,32,0,20102,114168,0,0,0,0,0,248284,5,0
0,0,0,0,4,4,20103,114168,0,0,0,0,0,248313,4,0
0,0,0,0,21,5,20104,114168,0,0,0,0,0,256997,3,0
0,0,0,0,14,6,20105,114168,0,0,0,0,0,231461,3,0
0,0,0,0,77,12,20106,114168,0,0,0,0,0,273760,3,0
1,0,0,1,8,13,20107,114168,0,0,0,0,0,277230,3,0
0,0,0,0,15,15,20108,114168,0,0,0,0,0,248318,3,0
0,0,0,0,7,16,20109,114168,0,0,0,0,0,261425,3,0
0,0,0,0,11,17,20110,114168,0,0,0,0,0,278674,2,0
0,0,0,0,30,19,20111,114168,0,0,0,0,0,258449,3,0
2,0,0,1,34,25,20112,114168,0,0,0,0,0,245653,3,0
1,0,0,1,9,28,20113,114168,0,0,0,0,0,250884,3,0
0,0,0,0,29,28,20114,114168,0,0,0,0,0,258197,3,0
0,0,0,0,2,28,20115,114168,0,0,0,0,0,73494,3,0
0,0,0,0,62,28,20116,114168,0,0,0,0,0,73890,3,0
0,0,0,0,47,28,20117,114168,0,0,0,0,0,73074,3,0
0,0,0,0,12,28,20118,114168,0,0,0,0,0,247627,3,0
0,0,0,0,27,28,20119,114168,0,0,0,0,0,271663,3,0
0,0,0,0,1,28,20120,114168,0,0,0,0,0,271239,3,0
0,0,0,0,23,28,20121,114168,0,0,0,0,0,271240,4,0
0,0,0,0,13,28,20122,114168,0,0,0,0,0,72971,3,0
0,0,0,0,18,28,20123,114168,0,0,0,0,0,257302,3,0
0,0,0,0,33,28,20124,114168,0,0,0,0,0,270653,3,0
0,0,0,0,31,29,20125,114168,0,0,0,0,0,259488,3,0
0,0,0,0,5,29,20126,114168,0,0,0,0,0,248302,4,0
0,0,0,0,22,29,20127,114168,0,0,0,0,0,253499,2,0
0,0,0,0,24,29,20128,114168,0,0,0,0,0,248290,3,0
2,0,0,1,10,29,20129,114168,0,0,0,0,0,202589,3,0
0,0,0,0,6,29,20130,114168,0,0,0,0,0,243568,4,0
0,0,0,0,20,29,20131,114168,0,0,0,0,0,253509,3,0
0,0,0,0,68,29,20132,114168,0,0,0,0,0,73889,3,0
0,0,0,0,36,29,20133,114168,0,0,0,0,0,74870,3,0
0,0,0,0,3,29,20134,114168,0,0,0,0,0,242672,3,0
0,0,0,0,37,29,20135,114168,0,0,0,0,0,265659,3,0
0,0,0,0,1,0,20136,115202,0,0,0,0,0,248150,3,0
0,0,0,0,27,3,20137,115202,0,0,0,0,0,277478,3,0
0,0,0,0,3,4,20138,115202,0,0,0,0,0,74144,3,0
0,0,0,0,2,6,20139,115202,0,0,0,0,0,278192,3,0
0,0,0,0,45,7,20140,115202,0,0,0,0,0,276984,3,0
0,0,0,0,6,13,20141,115202,0,0,0,0,0,266720,3,0
0,0,0,0,4,14,20142,115202,0,0,0,0,0,259175,3,0
2,0,0,1,24,15,20143,115202,0,0,0,0,0,248098,3,0
0,0,0,0,16,18,20144,115202,0,0,0,0,0,233525,3,0
1,0,0,1,99,24,20145,115202,0,0,0,0,0,276752,3,0
0,0,0,0,9,26,20146,115202,0,0,0,0,0,190981,3,0
1,0,0,1,77,28,20147,115202,0,0,0,0,0,273878,3,0
1,0,0,1,31,28,20148,115202,0,0,0,0,0,256305,3,0
0,0,0,0,12,28,20149,115202,0,0,0,0,0,275682,3,0
0,0,0,0,35,28,20150,115202,0,0,0,0,0,73999,3,0
0,0,0,0,21,28,20151,115202,0,0,0,0,0,277546,3,0
0,0,0,0,19,28,20152,115202,0,0,0,0,0,277545,3,0
0,0,0,0,28,28,20153,115202,0,0,0,0,0,257894,3,0
0,0,0,0,30,28,20154,115202,0,0,0,0,0,253128,3,0
0,0,0,0,23,28,20155,115202,0,0,0,0,0,275687,3,0
0,0,0,0,17,28,20156,115202,0,0,0,0,0,278941,3,0
0,0,0,0,78,28,20157,115202,0,0,0,0,0,259562,3,0
0,0,0,0,22,28,20158,115202,0,0,0,0,0,277850,3,0
0,0,0,0,29,29,20159,115202,0,0,0,0,0,74001,3,0
0,0,0,0,25,29,20160,115202,0,0,0,0,0,74000,3,0
1,0,0,1,10,29,20161,115202,0,0,0,0,0,219524,3,0
0,0,0,0,33,29,20162,115202,0,0,0,0,0,73998,3,0
0,0,0,0,11,29,20163,115202,0,0,0,0,0,276985,3,0
0,0,0,0,5,29,20164,115202,0,0,0,0,0,253722,3,0
0,0,0,0,44,29,20165,115202,0,0,0,0,0,253708,3,0
0,0,0,0,14,29,20166,115202,0,0,0,0,0,265565,3,0
0,0,0,0,20,29,20167,115202,0,0,0,0,0,277229,3,0
0,0,0,0,26,29,20168,115202,0,0,0,0,0,73060,3,0
0,0,0,0,1,0,20169,115995,0,0,0,0,0,264899,3,0
0,0,0,0,7,3,20170,115995,0,0,0,0,0,247788,4,0
0,0,0,0,4,4,20171,115995,0,0,0,0,0,264886,3,0
0,0,0,0,5,6,20172,115995,0,0,0,0,0,226998,3,0
0,0,0,0,30,7,20173,115995,0,0,0,0,0,239344,3,0
0,0,0,0,25,9,20174,115995,0,0,0,0,0,264903,3,0
3,0,0,1,31,11,20175,115995,0,0,0,0,0,243404,3,0
1,0,0,0,10,12,20176,115995,0,0,0,0,0,239345,3,0
3,0,0,1,17,16,20177,115995,0,0,0,0,0,248822,3,0
4,1,0,1,21,18,20178,115995,0,0,0,0,0,259287,4,0
3,0,0,1,11,25,20179,115995,0,0,0,0,0,244302,3,0
1,0,0,0,9,28,20180,115995,0,0,0,0,0,264890,3,0
2,0,0,1,2,28,20181,115995,0,0,0,0,0,226991,4,0
0,0,0,0,13,28,20182,115995,0,0,0,0,0,267677,3,0
0,0,0,0,6,28,20183,115995,0,0,0,0,0,239756,4,0
0,0,0,0,32,28,20184,115995,0,0,0,0,0,271860,3,0
1,0,0,0,12,28,20185,115995,0,0,0,0,0,247791,2,0
0,0,0,0,14,28,20186,115995,0,0,0,0,0,277039,3,0
0,0,0,0,20,28,20187,115995,0,0,0,0,0,270525,3,0
0,0,0,0,41,28,20188,115995,0,0,0,0,0,265008,3,0
0,0,0,0,26,28,20189,115995,0,0,0,0,0,268488,3,0
0,0,0,0,15,28,20190,115995,0,0,0,0,0,276441,3,0
0,0,0,0,24,28,20191,115995,0,0,0,0,0,265102,3,0
0,0,0,0,8,29,20192,115995,0,0,0,0,0,248717,3,0
0,0,0,0,19,29,20193,115995,0,0,0,0,0,264994,3,0
0,0,0,0,16,29,20194,115995,0,0,0,0,0,247477,3,0
0,0,0,0,27,0,20195,115996,0,0,0,0,0,264915,3,0
0,0,0,0,10,4,20196,115996,0,0,0,0,0,233322,3,0
0,0,0,0,14,5,20197,115996,0,0,0,0,0,268478,3,0
0,0,0,0,24,6,20198,115996,0,0,0,0,0,264924,5,0
0,0,0,0,18,23,20199,115996,0,0,0,0,0,264891,3,0
0,0,0,0,17,12,20200,115996,0,0,0,0,0,279866,3,0
1,0,0,1,6,13,20201,115996,0,0,0,0,0,265042,5,0
0,0,0,0,16,15,20202,115996,0,0,0,0,0,264929,4,0
2,0,0,1,5,16,20203,115996,0,0,0,0,0,265409,4,0
3,0,0,1,11,27,20204,115996,0,0,0,0,0,264922,4,0
1,0,0,1,7,25,20205,115996,0,0,0,0,0,73014,4,0
0,0,0,0,8,28,20206,115996,0,0,0,0,0,276506,3,0
1,0,0,1,2,28,20207,115996,0,0,0,0,0,265052,4,0
0,0,0,0,3,28,20208,115996,0,0,0,0,0,264926,3,0
0,0,0,0,21,28,20209,115996,0,0,0,0,0,277265,3,0
0,0,0,0,1,28,20210,115996,0,0,0,0,0,265118,3,0
2,0,0,1,9,28,20211,115996,0,0,0,0,0,73028,3,0
0,0,0,0,12,28,20212,115996,0,0,0,0,0,279695,3,0
0,0,0,0,20,28,20213,115996,0,0,0,0,0,277264,3,0
0,0,0,0,23,28,20214,115996,0,0,0,0,0,277263,3,0
0,0,0,0,34,28,20215,115996,0,0,0,0,0,271830,3,0
0,0,0,0,19,28,20216,115996,0,0,0,0,0,276507,3,0
0,0,0,0,25,28,20217,115996,0,0,0,0,0,267885,2,0
0,0,0,0,22,29,20218,115996,0,0,0,0,0,73653,3,0
0,0,0,0,13,29,20219,115996,0,0,0,0,0,276937,3,0
0,0,0,0,30,29,20220,115996,0,0,0,0,0,74806,3,0
0,0,0,0,1,0,20221,115997,0,0,0,0,0,265054,3,0
0,0,0,0,17,3,20222,115997,0,0,0,0,0,264975,4,0
1,0,0,1,23,4,20223,115997,0,0,0,0,0,238470,3,0
0,0,0,0,4,6,20224,115997,0,0,0,0,0,257530,4,0
0,0,0,0,11,7,20225,115997,0,0,0,0,0,265121,5,0
3,0,0,1,14,13,20226,115997,0,0,0,0,0,264936,5,0
0,0,0,0,8,14,20227,115997,0,0,0,0,0,264925,4,0
0,0,0,0,28,15,20228,115997,0,0,0,0,0,264933,4,0
5,1,0,1,10,18,20229,115997,0,0,0,1,0,261773,5,0
4,1,0,1,19,24,20230,115997,0,0,0,0,0,264947,3,0
0,0,0,0,7,26,20231,115997,0,0,0,0,0,264939,3,0
1,0,0,1,15,28,20232,115997,0,0,0,0,0,275904,3,0
0,0,0,0,31,28,20233,115997,0,0,0,0,0,264954,3,0
1,0,0,1,6,28,20234,115997,0,0,0,0,0,265035,2,0
0,0,0,0,24,28,20235,115997,0,0,0,0,0,266399,3,0
0,0,0,0,21,28,20236,115997,0,0,0,0,0,275523,3,0
0,0,0,0,30,28,20237,115997,0,0,0,0,0,265034,3,0
0,0,0,0,22,28,20238,115997,0,0,0,0,0,273405,2,0
0,0,0,0,25,28,20239,115997,0,0,0,0,0,277041,3,0
0,0,0,0,20,28,20240,115997,0,0,0,0,0,271405,3,0
0,0,0,0,29,28,20241,115997,0,0,0,0,0,271404,3,0
0,0,0,0,27,28,20242,115997,0,0,0,0,0,277040,3,0
0,0,0,0,5,28,20243,115997,0,0,0,0,0,70811,3,0
0,0,0,0,12,29,20244,115997,0,0,0,0,0,73714,3,0
0,0,0,0,1,0,20245,115998,0,0,0,0,0,247789,4,0
2,0,0,1,2,3,20246,115998,0,0,0,0,0,253417,5,0
0,0,0,0,4,4,20247,115998,0,0,0,0,0,226375,3,0
0,0,0,0,31,6,20248,115998,0,0,0,0,0,248715,4,0
1,0,0,1,39,7,20249,115998,0,0,0,0,0,265004,3,0
2,0,0,1,8,10,20250,115998,0,0,0,0,0,247790,4,0
1,0,0,1,23,23,20251,115998,0,0,0,0,0,266384,4,0
0,0,0,0,10,13,20252,115998,0,0,0,0,0,227337,4,0
0,0,0,0,6,15,20253,115998,0,0,0,0,0,265063,4,0
4,1,0,1,9,27,20254,115998,0,0,0,0,0,240717,5,0
3,0,0,1,11,25,20255,115998,0,0,0,0,0,226302,5,0
0,0,0,0,29,28,20256,115998,0,0,0,0,0,261740,2,0
0,0,0,0,7,28,20257,115998,0,0,0,0,0,264986,2,0
0,0,0,0,24,28,20258,115998,0,0,0,0,0,241847,3,0
0,0,0,0,16,28,20259,115998,0,0,0,0,0,264934,3,0
0,0,0,0,22,28,20260,115998,0,0,0,0,0,244301,3,0
0,0,0,0,25,28,20261,115998,0,0,0,0,0,265055,3,0
0,0,0,0,17,28,20262,115998,0,0,0,0,0,233839,3,0
0,0,0,0,13,28,20263,115998,0,0,0,0,0,73237,3,0
1,0,0,1,21,28,20264,115998,0,0,0,0,0,264058,3,0
0,0,0,0,19,28,20265,115998,0,0,0,0,0,253486,3,0
0,0,0,0,30,28,20266,115998,0,0,0,0,0,265106,3,0
0,0,0,0,28,28,20267,115998,0,0,0,0,0,262058,3,0
0,0,0,0,20,29,20268,115998,0,0,0,0,0,279189,3,0
0,0,0,0,18,29,20269,115998,0,0,0,0,0,73027,3,0
0,0,0,0,15,29,20270,115998,0,0,0,0,0,71303,3,0
0,0,0,0,14,29,20271,115998,0,0,0,0,0,271444,5,0
0,0,0,0,3,29,20272,115998,0,0,0,0,0,265408,3,0
0,0,0,0,1,0,20273,115999,0,0,0,0,0,264999,3,0
0,0,0,0,27,3,20274,115999,0,0,0,0,0,265120,3,0
0,0,0,0,14,4,20275,115999,0,0,0,0,0,265703,4,0
1,0,0,1,15,6,20276,115999,0,0,0,0,0,276509,5,0
0,0,0,0,4,7,20277,115999,0,0,0,0,0,272657,4,0
0,0,0,0,33,10,20278,115999,0,0,0,0,0,262090,3,0
0,0,0,0,11,23,20279,115999,0,0,0,0,0,274846,3,0
0,0,0,0,31,13,20280,115999,0,0,0,0,0,264991,3,0
0,0,0,0,10,15,20281,115999,0,0,0,0,0,264989,3,0
2,0,0,1,7,27,20282,115999,0,0,0,0,0,265058,4,0
0,0,0,0,25,25,20283,115999,0,0,0,0,0,265020,3,0
0,0,0,0,18,28,20284,115999,0,0,0,0,0,272337,3,0
0,0,0,0,9,28,20285,115999,0,0,0,0,0,268451,4,0
0,0,0,0,13,28,20286,115999,0,0,0,0,0,264990,3,0
0,0,0,0,17,28,20287,115999,0,0,0,0,0,264988,4,0
0,0,0,0,21,28,20288,115999,0,0,0,0,0,264995,3,0
3,0,0,1,29,28,20289,115999,0,0,0,0,0,265025,3,0
0,0,0,0,5,28,20290,115999,0,0,0,0,0,264830,3,0
0,0,0,0,23,28,20291,115999,0,0,0,0,0,273567,3,0
0,0,0,0,32,28,20292,115999,0,0,0,0,0,274847,3,0
0,0,0,0,16,28,20293,115999,0,0,0,0,0,264982,3,0
0,0,0,0,8,28,20294,115999,0,0,0,0,0,261810,3,0
0,0,0,0,30,28,20295,115999,0,0,0,0,0,274850,3,0
0,0,0,0,34,29,20296,115999,0,0,0,0,0,73575,3,0
0,0,0,0,22,29,20297,115999,0,0,0,0,0,74803,3,0
0,0,0,0,30,0,20298,116000,0,0,0,0,0,265028,2,0
0,0,0,0,11,3,20299,116000,0,0,0,0,0,226309,2,0
0,0,0,0,4,4,20300,116000,0,0,0,0,0,266864,3,0
0,0,0,0,3,6,20301,116000,0,0,0,0,0,72443,3,0
0,0,0,0,5,7,20302,116000,0,0,0,0,0,72446,2,0
0,0,0,0,50,12,20303,116000,0,0,0,0,0,266960,3,0
0,0,0,0,16,13,20304,116000,0,0,0,0,0,271798,3,0
0,0,0,0,19,15,20305,116000,0,0,0,0,0,271795,3,0
0,0,0,0,10,16,20306,116000,0,0,0,0,0,265127,3,0
0,0,0,0,38,24,20307,116000,0,0,0,0,0,72473,2,0
0,0,0,0,17,26,20308,116000,0,0,0,0,0,265029,3,0
0,0,0,0,14,28,20309,116000,0,0,0,0,0,72470,3,0
0,0,0,0,8,28,20310,116000,0,0,0,0,0,72471,3,0
0,0,0,0,6,28,20311,116000,0,0,0,0,0,72447,3,0
0,0,0,0,25,28,20312,116000,0,0,0,0,0,72448,3,0
0,0,0,0,1,28,20313,116000,0,0,0,0,0,73244,3,0
0,0,0,0,7,28,20314,116000,0,0,0,0,0,72472,2,0
0,0,0,0,9,28,20315,116000,0,0,0,0,0,73247,3,0
0,0,0,0,2,28,20316,116000,0,0,0,0,0,73245,3,0
0,0,0,0,31,28,20317,116000,0,0,0,0,0,265108,2,0
0,0,0,0,27,28,20318,116000,0,0,0,0,0,73246,3,0
0,0,0,0,24,28,20319,116000,0,0,0,0,0,73243,2,0
0,0,0,0,22,28,20320,116000,0,0,0,0,0,73248,3,0
0,0,0,0,23,29,20321,116000,0,0,0,0,0,73249,3,0
0,0,0,0,29,29,20322,116000,0,0,0,0,0,73713,3,0
0,0,0,0,18,29,20323,116000,0,0,0,0,0,74888,3,0
0,0,0,0,1,0,20324,116001,0,0,0,0,0,265053,2,0
0,0,0,0,19,3,20325,116001,0,0,0,0,0,265033,3,0
0,0,0,0,16,4,20326,116001,0,0,0,0,0,265039,3,0
0,0,0,0,5,6,20327,116001,0,0,0,0,0,271819,2,0
0,0,0,0,18,7,20328,116001,0,0,0,0,0,265047,3,0
0,0,0,0,8,9,20329,116001,0,0,0,0,0,271837,2,0
2,0,0,1,17,11,20330,116001,0,0,0,0,0,272341,3,0
0,0,0,0,7,12,20331,116001,0,0,0,0,0,276505,3,0
0,0,0,0,11,16,20332,116001,0,0,0,0,0,265046,2,0
3,0,0,1,10,18,20333,116001,0,0,0,0,0,272338,3,0
0,0,0,0,9,25,20334,116001,0,0,0,0,0,272340,2,0
0,0,0,0,29,28,20335,116001,0,0,0,0,0,266403,3,0
0,0,0,0,21,28,20336,116001,0,0,0,0,0,265085,3,0
0,0,0,0,13,28,20337,116001,0,0,0,0,0,265049,3,0
0,0,0,0,23,28,20338,116001,0,0,0,0,0,265041,3,0
0,0,0,0,31,28,20339,116001,0,0,0,0,0,265043,3,0
0,0,0,0,4,28,20340,116001,0,0,0,0,0,276512,3,0
0,0,0,0,15,28,20341,116001,0,0,0,0,0,265045,2,0
0,0,0,0,22,28,20342,116001,0,0,0,0,0,265038,3,0
0,0,0,0,14,28,20343,116001,0,0,0,0,0,274662,3,0
0,0,0,0,24,28,20344,116001,0,0,0,0,0,276941,3,0
1,0,0,1,25,28,20345,116001,0,0,0,0,0,73017,2,0
0,0,0,0,27,28,20346,116001,0,0,0,0,0,274661,3,0
0,0,0,0,6,29,20347,116001,0,0,0,0,0,73242,3,0
0,0,0,0,20,29,20348,116001,0,0,0,0,0,74791,3,0
0,0,0,0,2,29,20349,116001,0,0,0,0,0,74794,3,0
0,0,0,0,29,0,20350,116002,0,0,0,0,0,264966,3,0
0,0,0,0,2,3,20351,116002,0,0,0,0,0,265069,4,0
0,0,0,0,5,4,20352,116002,0,0,0,0,0,273403,4,0
0,0,0,0,6,6,20353,116002,0,0,0,0,0,279694,3,0
0,0,0,0,26,7,20354,116002,0,0,0,0,0,265083,2,0
2,0,0,1,9,23,20355,116002,0,0,0,0,0,264950,4,0
1,0,0,1,21,13,20356,116002,0,0,0,0,0,265079,3,0
1,0,0,1,8,14,20357,116002,0,0,0,0,0,271839,4,0
2,0,0,1,19,15,20358,116002,0,0,0,0,0,273563,4,0
0,0,0,0,18,27,20359,116002,0,0,0,0,0,265070,3,0
1,0,0,1,10,25,20360,116002,0,0,0,0,0,279693,3,0
3,0,0,1,28,28,20361,116002,0,0,0,0,0,265057,5,0
0,0,0,0,22,28,20362,116002,0,0,0,0,0,272280,3,0
0,0,0,0,20,28,20363,116002,0,0,0,0,0,275849,3,0
0,0,0,0,3,28,20364,116002,0,0,0,0,0,266404,3,0
0,0,0,0,12,28,20365,116002,0,0,0,0,0,265076,3,0
0,0,0,0,23,28,20366,116002,0,0,0,0,0,271865,3,0
0,0,0,0,16,28,20367,116002,0,0,0,0,0,265060,3,0
0,0,0,0,13,28,20368,116002,0,0,0,0,0,265075,3,0
0,0,0,0,1,28,20369,116002,0,0,0,0,0,265067,3,0
1,0,0,1,7,28,20370,116002,0,0,0,0,0,74580,4,0
0,0,0,0,33,28,20371,116002,0,0,0,0,0,272342,3,0
0,0,0,0,27,28,20372,116002,0,0,0,0,0,73026,3,0
0,0,0,0,15,29,20373,116002,0,0,0,0,0,72333,3,0
0,0,0,0,11,29,20374,116002,0,0,0,0,0,239343,3,0
0,0,0,0,17,29,20375,116002,0,0,0,0,0,265080,3,0
0,0,0,0,4,29,20376,116002,0,0,0,0,0,265073,3,0
0,0,0,0,31,29,20377,116002,0,0,0,0,0,74889,3,0
0,0,0,0,1,0,20378,116003,0,0,0,0,0,271841,3,0
0,0,0,0,21,3,20379,116003,0,0,0,0,0,265007,3,0
0,0,0,0,28,4,20380,116003,0,0,0,0,0,264938,2,0
0,0,0,0,4,6,20381,116003,0,0,0,0,0,265023,3,0
0,0,0,0,26,7,20382,116003,0,0,0,0,0,271788,3,0
0,0,0,0,5,9,20383,116003,0,0,0,0,0,264985,3,0
0,0,0,0,8,11,20384,116003,0,0,0,0,0,271952,3,0
1,0,0,1,29,12,20385,116003,0,0,0,0,0,265006,3,0
1,0,0,1,19,16,20386,116003,0,0,0,0,0,264914,3,0
0,0,0,0,27,18,20387,116003,0,0,0,0,0,264940,3,0
1,0,0,1,17,25,20388,116003,0,0,0,0,0,265001,3,0
0,0,0,0,11,28,20389,116003,0,0,0,0,0,271845,4,0
0,0,0,0,18,28,20390,116003,0,0,0,0,0,73025,4,0
0,0,0,0,20,28,20391,116003,0,0,0,0,0,264930,4,0
0,0,0,0,25,28,20392,116003,0,0,0,0,0,265091,3,0
0,0,0,0,12,28,20393,116003,0,0,0,0,0,276842,3,0
1,0,0,1,9,28,20394,116003,0,0,0,0,0,265082,3,0
0,0,0,0,6,28,20395,116003,0,0,0,0,0,264972,3,0
0,0,0,0,14,28,20396,116003,0,0,0,0,0,276480,3,0
0,0,0,0,16,28,20397,116003,0,0,0,0,0,271846,3,0
0,0,0,0,13,28,20398,116003,0,0,0,0,0,271847,3,0
0,0,0,0,7,28,20399,116003,0,0,0,0,0,73021,3,0
0,0,0,0,15,28,20400,116003,0,0,0,0,0,73652,3,0
0,0,0,0,24,29,20401,116003,0,0,0,0,0,278000,3,0
0,0,0,0,1,0,20402,116004,0,0,0,0,0,273411,3,0
0,0,0,0,14,3,20403,116004,0,0,0,0,0,265166,3,0
1,0,0,1,5,4,20404,116004,0,0,0,0,0,265119,3,0
0,0,0,0,23,6,20405,116004,0,0,0,0,0,271784,3,0
0,0,0,0,21,7,20406,116004,0,0,0,0,0,264910,2,0
0,0,0,0,8,23,20407,116004,0,0,0,0,0,264907,3,0
0,0,0,0,13,13,20408,116004,0,0,0,0,0,265123,2,0
0,0,0,0,9,14,20409,116004,0,0,0,0,0,265026,2,0
0,0,0,0,28,15,20410,116004,0,0,0,0,0,264921,3,0
1,0,0,1,10,27,20411,116004,0,0,0,0,0,265126,3,0
0,0,0,0,11,25,20412,116004,0,0,0,0,0,265117,3,0
0,0,0,0,15,28,20413,116004,0,0,0,0,0,265111,3,0
0,0,0,0,19,28,20414,116004,0,0,0,0,0,264949,3,0
0,0,0,0,22,28,20415,116004,0,0,0,0,0,265124,2,0
0,0,0,0,24,28,20416,116004,0,0,0,0,0,265014,2,0
0,0,0,0,77,28,20417,116004,0,0,0,0,0,272043,3,0
0,0,0,0,6,28,20418,116004,0,0,0,0,0,265122,2,0
0,0,0,0,17,28,20419,116004,0,0,0,0,0,276500,3,0
0,0,0,0,39,28,20420,116004,0,0,0,0,0,277268,3,0
2,0,0,1,7,28,20421,116004,0,0,0,0,0,73023,2,0
0,0,0,0,29,28,20422,116004,0,0,0,0,0,271787,3,0
0,0,0,0,37,28,20423,116004,0,0,0,0,0,271848,3,0
0,0,0,0,31,28,20424,116004,0,0,0,0,0,264931,3,0
0,0,0,0,27,29,20425,116004,0,0,0,0,0,265101,3,0
0,0,0,0,32,29,20426,116004,0,0,0,0,0,265139,3,0
0,0,0,0,16,29,20427,116004,0,0,0,0,0,73655,3,0
0,0,0,0,18,29,20428,116004,0,0,0,0,0,265116,3,0
0,0,0,0,48,29,20429,116004,0,0,0,0,0,261804,3,0
0,0,0,0,24,0,20430,116005,0,0,0,0,0,265143,3,0
0,0,0,0,2,3,20431,116005,0,0,0,0,0,72474,3,0
0,0,0,0,14,4,20432,116005,0,0,0,0,0,265128,2,0
0,0,0,0,21,6,20433,116005,0,0,0,0,0,265359,3,0
0,0,0,0,16,7,20434,116005,0,0,0,0,0,265144,3,0
0,0,0,0,3,9,20435,116005,0,0,0,0,0,272283,3,0
0,0,0,0,10,11,20436,116005,0,0,0,0,0,72475,3,0
1,0,0,1,20,17,20437,116005,0,0,0,0,0,265145,2,0
0,0,0,0,22,18,20438,116005,0,0,0,0,0,73022,2,0
0,0,0,0,23,19,20439,116005,0,0,0,0,0,72477,2,0
0,0,0,0,11,25,20440,116005,0,0,0,0,0,265137,3,0
0,0,0,0,7,28,20441,116005,0,0,0,0,0,266406,2,0
0,0,0,0,18,28,20442,116005,0,0,0,0,0,272287,3,0
0,0,0,0,19,28,20443,116005,0,0,0,0,0,72476,3,0
0,0,0,0,31,28,20444,116005,0,0,0,0,0,73715,1,0
0,0,0,0,1,28,20445,116005,0,0,0,0,0,73717,3,0
0,0,0,0,17,28,20446,116005,0,0,0,0,0,265147,3,0
0,0,0,0,28,28,20447,116005,0,0,0,0,0,72479,3,0
0,0,0,0,29,28,20448,116005,0,0,0,0,0,72584,3,0
0,0,0,0,49,28,20449,116005,0,0,0,0,0,72562,3,0
0,0,0,0,5,28,20450,116005,0,0,0,0,0,73716,3,0
0,0,0,0,27,28,20451,116005,0,0,0,0,0,73573,3,0
0,0,0,0,25,28,20452,116005,0,0,0,0,0,265168,3,0
0,0,0,0,1,0,20453,116021,0,0,0,0,0,265086,1,0
0,0,0,0,2,3,20454,116021,0,0,0,0,0,265384,3,0
0,0,0,0,4,4,20455,116021,0,0,0,0,0,265051,3,0
0,0,0,0,20,6,20456,116021,0,0,0,0,0,265385,2,0
0,0,0,0,29,7,20457,116021,0,0,0,0,0,264920,3,0
1,0,0,1,17,12,20458,116021,0,0,0,0,0,272274,2,0
0,0,0,0,19,13,20459,116021,0,0,0,0,0,265383,2,0
0,0,0,0,26,15,20460,116021,0,0,0,0,0,265016,3,0
0,0,0,0,27,16,20461,116021,0,0,0,0,0,265378,1,0
2,0,0,1,7,24,20462,116021,0,0,0,0,0,265059,3,0
4,1,0,1,10,26,20463,116021,0,0,0,0,0,265377,4,0
0,0,0,0,13,28,20464,116021,0,0,0,0,0,262089,2,0
0,0,0,0,11,28,20465,116021,0,0,0,0,0,265381,3,0
1,0,0,1,21,28,20466,116021,0,0,0,0,0,272482,2,0
0,0,0,0,30,28,20467,116021,0,0,0,0,0,264923,2,0
0,0,0,0,25,28,20468,116021,0,0,0,0,0,276847,3,0
0,0,0,0,9,28,20469,116021,0,0,0,0,0,276504,3,0
0,0,0,0,6,28,20470,116021,0,0,0,0,0,265896,3,0
0,0,0,0,32,28,20471,116021,0,0,0,0,0,274511,3,0
1,0,0,1,14,28,20472,116021,0,0,0,0,0,267389,3,0
0,0,0,0,23,28,20473,116021,0,0,0,0,0,274510,3,0
0,0,0,0,33,28,20474,116021,0,0,0,0,0,274512,3,0
0,0,0,0,5,28,20475,116021,0,0,0,0,0,276502,1,0
0,0,0,0,3,29,20476,116021,0,0,0,0,0,265360,3,0
0,0,0,0,16,29,20477,116021,0,0,0,0,0,276848,3,0
0,0,0,0,28,29,20478,116021,0,0,0,0,0,264997,3,0
0,0,0,0,1,0,20479,116009,0,0,0,0,0,265242,3,0
0,0,0,0,2,3,20480,116009,0,0,0,0,0,248343,2,0
0,0,0,0,3,4,20481,116009,0,0,0,0,0,263013,3,0
0,0,0,0,5,6,20482,116009,0,0,0,0,0,266949,5,0
0,0,0,0,11,7,20483,116009,0,0,0,0,0,265239,5,0
0,0,0,0,32,9,20484,116009,0,0,0,0,0,262866,4,0
0,0,0,0,10,11,20485,116009,0,0,0,0,0,245872,5,0
1,0,0,1,9,17,20486,116009,0,0,0,0,0,245802,4,0
2,1,0,1,12,18,20487,116009,0,0,0,0,0,239761,3,0
0,0,0,0,8,19,20488,116009,0,0,0,0,0,237288,5,0
0,0,0,0,23,25,20489,116009,0,0,0,0,0,258980,2,0
0,0,0,0,19,28,20490,116009,0,0,0,0,0,227110,3,0
0,0,0,0,13,28,20491,116009,0,0,0,0,0,265240,3,0
0,0,0,0,6,28,20492,116009,0,0,0,0,0,246426,3,0
0,0,0,0,7,28,20493,116009,0,0,0,0,0,227119,3,0
0,0,0,0,14,28,20494,116009,0,0,0,0,0,258680,3,0
0,0,0,0,25,28,20495,116009,0,0,0,0,0,233364,3,0
0,0,0,0,17,28,20496,116009,0,0,0,0,0,227003,3,0
0,0,0,0,26,28,20497,116009,0,0,0,0,0,264996,3,0
0,0,0,0,22,28,20498,116009,0,0,0,0,0,273010,3,0
0,0,0,0,16,28,20499,116009,0,0,0,0,0,74404,3,0
0,0,0,0,56,28,20500,116009,0,0,0,0,0,276297,3,0
0,0,0,0,40,28,20501,116009,0,0,0,0,0,276298,3,0
0,0,0,0,21,29,20502,116009,0,0,0,0,0,244064,3,0
0,0,0,0,28,29,20503,116009,0,0,0,0,0,226979,3,0
0,0,0,0,24,0,20504,116010,0,0,0,0,0,263009,4,0
1,0,0,1,22,3,20505,116010,0,0,0,0,0,227246,5,0
0,0,0,0,26,4,20506,116010,0,0,0,0,0,227383,3,0
0,0,0,0,4,6,20507,116010,0,0,0,0,0,238257,5,0
0,0,0,0,12,7,20508,116010,0,0,0,0,0,227392,4,0
0,0,0,0,6,9,20509,116010,0,0,0,0,0,262093,5,0
0,0,0,0,8,11,20510,116010,0,0,0,0,0,245882,3,0
0,0,0,0,17,12,20511,116010,0,0,0,0,0,261733,3,0
1,0,0,1,19,16,20512,116010,0,0,0,0,0,241491,5,0
2,1,0,1,11,18,20513,116010,0,0,0,0,0,227323,5,0
0,0,0,0,7,25,20514,116010,0,0,0,0,0,272001,3,0
1,0,0,1,10,28,20515,116010,0,0,0,0,0,265249,5,0
1,0,0,1,9,28,20516,116010,0,0,0,0,0,262330,5,0
0,0,0,0,15,28,20517,116010,0,0,0,0,0,236428,3,0
0,0,0,0,29,28,20518,116010,0,0,0,0,0,272207,3,0
0,0,0,0,1,28,20519,116010,0,0,0,0,0,243379,3,0
1,0,0,1,39,28,20520,116010,0,0,0,0,0,247461,5,0
0,0,0,0,25,28,20521,116010,0,0,0,0,0,265850,3,0
0,0,0,0,23,28,20522,116010,0,0,0,0,0,273520,3,0
1,0,0,1,33,28,20523,116010,0,0,0,0,0,270407,5,0
0,0,0,0,18,28,20524,116010,0,0,0,0,0,276285,3,0
0,0,0,0,38,28,20525,116010,0,0,0,0,0,276883,3,0
0,0,0,0,16,28,20526,116010,0,0,0,0,0,268946,3,0
0,0,0,0,34,29,20527,116010,0,0,0,0,0,266911,3,0
0,0,0,0,32,29,20528,116010,0,0,0,0,0,270406,3,0
0,0,0,0,40,29,20529,116010,0,0,0,0,0,72184,3,0
0,0,0,0,21,29,20530,116010,0,0,0,0,0,263007,3,0
0,0,0,0,5,29,20531,116010,0,0,0,0,0,265250,3,0
0,0,0,0,27,29,20532,116010,0,0,0,0,0,264969,3,0
0,0,0,0,20,29,20533,116010,0,0,0,0,0,227125,3,0
0,0,0,0,3,29,20534,116010,0,0,0,0,0,246317,3,0
0,0,0,0,2,29,20535,116010,0,0,0,0,0,267300,3,0
0,0,0,0,22,0,20536,116011,0,0,0,0,0,265254,1,0
0,0,0,0,2,3,20537,116011,0,0,0,0,0,262868,3,0
0,0,0,0,5,4,20538,116011,0,0,0,0,0,265262,1,0
1,0,0,1,15,6,20539,116011,0,0,0,0,0,274644,2,0
0,0,0,0,29,7,20540,116011,0,0,0,0,0,265252,1,0
0,0,0,0,10,9,20541,116011,0,0,0,0,0,262458,3,0
1,0,0,1,25,11,20542,116011,0,0,0,0,0,266598,2,0
1,0,0,1,8,12,20543,116011,0,0,0,0,0,227137,2,0
1,0,0,1,7,16,20544,116011,0,0,0,0,0,265258,2,0
1,0,0,1,24,18,20545,116011,0,0,0,0,0,265246,2,0
0,0,0,0,17,25,20546,116011,0,0,0,0,0,265277,2,0
1,0,0,1,9,28,20547,116011,0,0,0,0,0,256489,3,0
0,0,0,0,77,28,20548,116011,0,0,0,0,0,226360,3,0
0,0,0,0,6,28,20549,116011,0,0,0,0,0,266939,2,0
0,0,0,0,21,28,20550,116011,0,0,0,0,0,264998,3,0
0,0,0,0,27,28,20551,116011,0,0,0,0,0,265255,3,0
1,0,0,1,20,28,20552,116011,0,0,0,0,0,277966,3,0
0,0,0,0,16,28,20553,116011,0,0,0,0,0,265261,3,0
0,0,0,0,26,28,20554,116011,0,0,0,0,0,275931,3,0
0,0,0,0,4,28,20555,116011,0,0,0,0,0,228081,3,0
0,0,0,0,13,28,20556,116011,0,0,0,0,0,279885,3,0
0,0,0,0,3,28,20557,116011,0,0,0,0,0,74754,3,0
0,0,0,0,14,28,20558,116011,0,0,0,0,0,75186,3,0
0,0,0,0,31,29,20559,116011,0,0,0,0,0,276726,3,0
0,0,0,0,30,29,20560,116011,0,0,0,0,0,72578,3,0
0,0,0,0,91,0,20561,116012,0,0,0,0,0,267212,4,0
0,0,0,0,14,3,20562,116012,0,0,0,0,0,250751,5,0
0,0,0,0,4,4,20563,116012,0,0,0,0,0,265293,5,0
0,0,0,0,21,6,20564,116012,0,0,0,0,0,263012,5,0
0,0,0,0,6,7,20565,116012,0,0,0,0,0,247797,3,0
0,0,0,0,16,9,20566,116012,0,0,0,0,0,268475,3,0
0,0,0,0,12,11,20567,116012,0,0,0,0,0,265271,3,0
0,0,0,0,15,12,20568,116012,0,0,0,0,0,264896,3,0
1,0,0,1,11,16,20569,116012,0,0,0,0,0,265275,5,0
0,0,0,0,7,18,20570,116012,0,0,0,0,0,263011,5,0
1,0,0,1,23,25,20571,116012,0,0,0,0,0,248794,3,0
0,0,0,0,9,28,20572,116012,0,0,0,0,0,258706,3,0
2,1,0,1,8,28,20573,116012,0,0,0,0,0,265333,5,0
0,0,0,0,17,28,20574,116012,0,0,0,0,0,233756,4,0
0,0,0,0,3,28,20575,116012,0,0,0,0,0,266551,3,0
0,0,0,0,39,28,20576,116012,0,0,0,0,0,273838,3,0
0,0,0,0,28,28,20577,116012,0,0,0,0,0,265263,3,0
0,0,0,0,20,28,20578,116012,0,0,0,0,0,273227,3,0
0,0,0,0,19,28,20579,116012,0,0,0,0,0,266254,3,0
0,0,0,0,2,28,20580,116012,0,0,0,0,0,275942,3,0
0,0,0,0,5,28,20581,116012,0,0,0,0,0,265268,3,0
0,0,0,0,13,28,20582,116012,0,0,0,0,0,275980,3,0
0,0,0,0,25,28,20583,116012,0,0,0,0,0,266503,3,0
0,0,0,0,34,29,20584,116012,0,0,0,0,0,277965,3,0
0,0,0,0,37,29,20585,116012,0,0,0,0,0,277508,3,0
0,0,0,0,38,29,20586,116012,0,0,0,0,0,273837,3,0
0,0,0,0,32,0,20587,116013,0,0,0,0,0,265279,3,0
0,0,0,0,2,4,20588,116013,0,0,0,0,0,233330,3,0
0,0,0,0,5,5,20589,116013,0,0,0,0,0,265421,3,0
0,0,0,0,16,6,20590,116013,0,0,0,0,0,273149,3,0
1,0,0,1,8,23,20591,116013,0,0,0,0,0,226355,4,0
2,1,0,1,14,12,20592,116013,0,0,0,0,0,227255,4,0
0,0,0,0,6,13,20593,116013,0,0,0,0,0,227201,3,0
0,0,0,0,19,15,20594,116013,0,0,0,0,0,265705,3,0
0,0,0,0,3,16,20595,116013,0,0,0,0,0,265336,2,0
3,1,0,1,11,27,20596,116013,0,0,0,1,0,275923,3,0
1,0,0,1,9,25,20597,116013,0,0,0,0,0,235659,5,0
0,0,0,0,20,28,20598,116013,0,0,0,0,0,268939,3,0
0,0,0,0,21,28,20599,116013,0,0,0,0,0,276846,3,0
0,0,0,0,10,28,20600,116013,0,0,0,0,0,271568,3,0
0,0,0,0,27,28,20601,116013,0,0,0,0,0,266393,3,0
0,0,0,0,28,28,20602,116013,0,0,0,0,0,70304,3,0
0,0,0,0,22,28,20603,116013,0,0,0,0,0,272937,3,0
0,0,0,0,23,28,20604,116013,0,0,0,0,0,74738,3,0
0,0,0,0,18,28,20605,116013,0,0,0,0,0,265292,3,0
0,0,0,0,33,28,20606,116013,0,0,0,0,0,265691,3,0
0,0,0,0,7,28,20607,116013,0,0,0,0,0,74729,3,0
0,0,0,0,17,28,20608,116013,0,0,0,0,0,74739,3,0
0,0,0,0,25,28,20609,116013,0,0,0,0,0,266590,3,0
1,0,0,1,59,29,20610,116013,0,0,0,0,0,276299,3,0
0,0,0,0,25,0,20611,116014,0,0,0,0,0,265295,3,0
0,0,0,0,18,3,20612,116014,0,0,0,0,0,273687,3,0
0,0,0,0,17,4,20613,116014,0,0,0,0,0,245959,3,0
0,0,0,0,14,5,20614,116014,0,0,0,0,0,235594,2,0
0,0,0,0,5,6,20615,116014,0,0,0,0,0,261793,3,0
0,0,0,0,2,7,20616,116014,0,0,0,0,0,245889,3,0
0,0,0,0,10,10,20617,116014,0,0,0,0,0,265300,3,0
0,0,0,0,22,13,20618,116014,0,0,0,0,0,227115,4,0
0,0,0,0,15,15,20619,116014,0,0,0,0,0,226351,3,0
1,0,0,1,9,24,20620,116014,0,0,0,0,0,248728,3,0
0,0,0,0,20,26,20621,116014,0,0,0,0,0,227348,2,0
0,0,0,0,12,28,20622,116014,0,0,0,0,0,265347,2,0
0,0,0,0,16,28,20623,116014,0,0,0,0,0,270468,3,0
0,0,0,0,7,28,20624,116014,0,0,0,0,0,70783,3,0
0,0,0,0,21,28,20625,116014,0,0,0,0,0,273919,3,0
0,0,0,0,1,28,20626,116014,0,0,0,0,0,269805,3,0
0,0,0,0,33,28,20627,116014,0,0,0,0,0,266600,3,0
0,0,0,0,36,28,20628,116014,0,0,0,0,0,74858,3,0
0,0,0,0,77,28,20629,116014,0,0,0,0,0,273404,3,0
0,0,0,0,11,28,20630,116014,0,0,0,0,0,74709,3,0
0,0,0,0,4,28,20631,116014,0,0,0,0,0,72791,3,0
0,0,0,0,26,28,20632,116014,0,0,0,0,0,247116,3,0
0,0,0,0,50,28,20633,116014,0,0,0,0,0,75292,3,0
0,0,0,0,1,0,20634,116015,0,0,0,0,0,235593,1,0
0,0,0,0,26,3,20635,116015,0,0,0,0,0,265243,1,0
0,0,0,0,4,4,20636,116015,0,0,0,0,0,265237,1,0
0,0,0,0,15,6,20637,116015,0,0,0,0,0,265307,1,0
0,0,0,0,3,7,20638,116015,0,0,0,0,0,272011,1,0
0,0,0,0,7,9,20639,116015,0,0,0,0,0,266918,2,0
0,0,0,0,8,11,20640,116015,0,0,0,0,0,227257,2,0
0,0,0,0,23,23,20641,116015,0,0,0,0,0,273205,2,0
0,0,0,0,20,27,20642,116015,0,0,0,0,0,265274,3,0
0,0,0,0,10,18,20643,116015,0,0,0,0,0,227353,2,0
3,1,0,1,9,25,20644,116015,0,0,0,1,0,235657,5,0
0,0,0,0,28,28,20645,116015,0,0,0,0,0,238422,3,0
0,0,0,0,17,28,20646,116015,0,0,0,0,0,267328,3,0
0,0,0,0,33,28,20647,116015,0,0,0,0,0,265319,3,0
0,0,0,0,14,28,20648,116015,0,0,0,0,0,265332,3,0
0,0,0,0,21,28,20649,116015,0,0,0,0,0,242524,3,0
0,0,0,0,11,28,20650,116015,0,0,0,0,0,265289,3,0
0,0,0,0,2,28,20651,116015,0,0,0,0,0,265326,3,0
0,0,0,0,6,28,20652,116015,0,0,0,0,0,245875,3,0
1,0,0,1,19,28,20653,116015,0,0,0,0,0,227397,3,0
0,0,0,0,25,28,20654,116015,0,0,0,0,0,267374,3,0
0,0,0,0,18,28,20655,116015,0,0,0,0,0,277983,3,0
0,0,0,0,35,28,20656,116015,0,0,0,0,0,278878,3,0
0,0,0,0,22,29,20657,116015,0,0,0,0,0,264876,3,0
0,0,0,0,5,29,20658,116015,0,0,0,0,0,246235,3,0
0,0,0,0,1,0,20659,116016,0,0,0,0,0,265331,5,0
0,0,0,0,27,4,20660,116016,0,0,0,0,0,271728,4,0
0,0,0,0,20,5,20661,116016,0,0,0,0,0,265334,5,0
0,0,0,0,28,6,20662,116016,0,0,0,0,0,265012,3,0
0,0,0,0,19,23,20663,116016,0,0,0,0,0,273381,2,0
0,0,0,0,9,12,20664,116016,0,0,0,0,0,272051,3,0
0,0,0,0,8,13,20665,116016,0,0,0,0,0,261786,5,0
0,0,0,0,22,15,20666,116016,0,0,0,0,0,245443,3,0
0,0,0,0,7,16,20667,116016,0,0,0,0,0,264831,4,0
0,0,0,0,26,27,20668,116016,0,0,0,0,0,271809,3,0
0,0,0,0,25,25,20669,116016,0,0,0,0,0,244059,4,0
0,0,0,0,6,28,20670,116016,0,0,0,0,0,271739,5,0
0,0,0,0,10,28,20671,116016,0,0,0,0,0,272056,3,0
0,0,0,0,21,28,20672,116016,0,0,0,0,0,265217,3,0
0,0,0,0,14,28,20673,116016,0,0,0,0,0,242784,3,0
0,0,0,0,12,28,20674,116016,0,0,0,0,0,265269,3,0
0,0,0,0,23,28,20675,116016,0,0,0,0,0,265024,5,0
0,0,0,0,17,28,20676,116016,0,0,0,0,0,246968,5,0
0,0,0,0,47,28,20677,116016,0,0,0,0,0,277793,4,0
0,0,0,0,11,28,20678,116016,0,0,0,0,0,277367,3,0
0,0,0,0,24,28,20679,116016,0,0,0,0,0,271107,3,0
0,0,0,0,42,28,20680,116016,0,0,0,0,0,75201,3,0
0,0,0,0,31,0,20681,116017,0,0,0,0,0,245824,4,0
0,0,0,0,4,3,20682,116017,0,0,0,0,0,253435,4,0
0,0,0,0,33,4,20683,116017,0,0,0,0,0,227109,3,0
0,0,0,0,5,6,20684,116017,0,0,0,0,0,227254,5,0
0,0,0,0,15,7,20685,116017,0,0,0,0,0,233150,4,0
0,0,0,0,25,9,20686,116017,0,0,0,0,0,245830,5,0
0,0,0,0,7,11,20687,116017,0,0,0,0,0,265341,3,0
0,0,0,0,9,12,20688,116017,0,0,0,0,0,257001,2,0
1,0,0,1,11,16,20689,116017,0,0,0,0,0,257008,5,0
1,0,0,1,8,18,20690,116017,0,0,0,0,0,248799,5,0
1,0,0,1,21,25,20691,116017,0,0,0,0,0,246219,3,0
1,0,0,1,6,28,20692,116017,0,0,0,0,0,233746,4,0
1,0,0,1,16,28,20693,116017,0,0,0,0,0,265340,3,0
0,0,0,0,19,28,20694,116017,0,0,0,0,0,265317,4,0
0,0,0,0,18,28,20695,116017,0,0,0,0,0,264875,5,0
0,0,0,0,35,28,20696,116017,0,0,0,0,0,266568,3,0
0,0,0,0,20,28,20697,116017,0,0,0,0,0,275906,3,0
0,0,0,0,3,28,20698,116017,0,0,0,0,0,275450,3,0
0,0,0,0,22,28,20699,116017,0,0,0,0,0,258979,3,0
0,0,0,0,40,28,20700,116017,0,0,0,0,0,266526,3,0
0,0,0,0,28,28,20701,116017,0,0,0,0,0,74822,3,0
0,0,0,0,45,28,20702,116017,0,0,0,0,0,75204,3,0
0,0,0,0,10,28,20703,116017,0,0,0,0,0,240714,3,0
0,0,0,0,2,29,20704,116017,0,0,0,0,0,245826,3,0
0,0,0,0,26,29,20705,116017,0,0,0,0,0,275983,3,0
0,0,0,0,50,29,20706,116017,0,0,0,0,0,75291,3,0
0,0,0,0,23,0,20707,116020,0,0,0,0,0,244058,3,0
0,0,0,0,11,3,20708,116020,0,0,0,0,0,261785,2,0
0,0,0,0,17,4,20709,116020,0,0,0,0,0,258704,1,0
0,0,0,0,5,6,20710,116020,0,0,0,0,0,245877,2,0
0,0,0,0,2,7,20711,116020,0,0,0,0,0,262867,3,0
0,0,0,0,15,10,20712,116020,0,0,0,0,0,250826,2,0
1,0,0,1,8,12,20713,116020,0,0,0,0,0,277963,2,0
0,0,0,0,3,13,20714,116020,0,0,0,0,0,265233,2,0
0,0,0,0,29,15,20715,116020,0,0,0,0,0,245834,3,0
0,0,0,0,27,16,20716,116020,0,0,0,0,0,265234,3,0
0,0,0,0,9,25,20717,116020,0,0,0,0,0,227734,3,0
0,0,0,0,7,28,20718,116020,0,0,0,0,0,238096,3,0
0,0,0,0,28,28,20719,116020,0,0,0,0,0,268000,2,0
0,0,0,0,31,28,20720,116020,0,0,0,0,0,246208,3,0
0,0,0,0,12,28,20721,116020,0,0,0,0,0,265253,3,0
0,0,0,0,1,28,20722,116020,0,0,0,0,0,264889,2,0
0,0,0,0,22,28,20723,116020,0,0,0,0,0,268461,3,0
0,0,0,0,4,28,20724,116020,0,0,0,0,0,233354,3,0
0,0,0,0,10,28,20725,116020,0,0,0,0,0,275398,3,0
0,0,0,0,21,28,20726,116020,0,0,0,0,0,265224,3,0
0,0,0,0,30,28,20727,116020,0,0,0,0,0,265342,2,0
0,0,0,0,20,28,20728,116020,0,0,0,0,0,266556,2,0
0,0,0,0,18,28,20729,116020,0,0,0,0,0,70576,3,0
0,0,0,0,16,0,20730,116343,0,0,0,0,0,248751,3,0
0,0,0,0,23,4,20731,116343,0,0,0,0,0,227243,3,0
0,0,0,0,5,5,20732,116343,0,0,0,0,0,266913,3,0
0,0,0,0,4,6,20733,116343,0,0,0,0,0,265301,3,0
0,0,0,0,20,12,20734,116343,0,0,0,0,0,266926,3,0
0,0,0,0,8,13,20735,116343,0,0,0,0,0,270892,5,0
2,1,0,1,14,15,20736,116343,0,0,0,0,0,265019,5,0
0,0,0,0,6,16,20737,116343,0,0,0,0,0,266914,3,0
0,0,0,0,18,18,20738,116343,0,0,0,0,0,266922,3,0
0,0,0,0,9,24,20739,116343,0,0,0,0,0,266923,3,0
1,0,0,1,10,26,20740,116343,0,0,0,0,0,266975,4,0
1,0,0,1,7,28,20741,116343,0,0,0,0,0,74861,4,0
1,0,0,1,11,28,20742,116343,0,0,0,0,0,276552,5,0
0,0,0,0,3,28,20743,116343,0,0,0,0,0,265350,3,0
0,0,0,0,12,28,20744,116343,0,0,0,0,0,266915,5,0
0,0,0,0,1,28,20745,116343,0,0,0,0,0,266907,3,0
0,0,0,0,15,28,20746,116343,0,0,0,0,0,273050,3,0
0,0,0,0,17,28,20747,116343,0,0,0,0,0,268486,3,0
0,0,0,0,13,28,20748,116343,0,0,0,0,0,276722,3,0
0,0,0,0,34,28,20749,116343,0,0,0,0,0,267585,3,0
0,0,0,0,2,28,20750,116343,0,0,0,0,0,267583,3,0
0,0,0,0,22,28,20751,116343,0,0,0,0,0,271821,3,0
0,0,0,0,1,0,20752,131725,0,0,0,0,0,275277,4,0
0,0,0,0,23,3,20753,131725,0,0,0,0,0,265352,5,0
0,0,0,0,3,4,20754,131725,0,0,0,0,0,265287,3,0
0,0,0,0,2,5,20755,131725,0,0,0,0,0,271347,5,0
0,0,0,0,6,6,20756,131725,0,0,0,0,0,72126,5,0
0,0,0,0,14,7,20757,131725,0,0,0,0,0,265259,5,0
0,0,0,0,22,23,20758,131725,0,0,0,0,0,273179,4,0
2,1,0,1,10,13,20759,131725,0,0,0,0,0,72579,5,0
0,0,0,0,5,15,20760,131725,0,0,0,0,0,74925,5,0
0,0,0,0,20,27,20761,131725,0,0,0,0,0,273260,3,0
0,0,0,0,28,25,20762,131725,0,0,0,0,0,226350,4,0
0,0,0,0,11,28,20763,131725,0,0,0,0,0,247792,2,0
0,0,0,0,9,28,20764,131725,0,0,0,0,0,73263,3,0
0,0,0,0,15,28,20765,131725,0,0,0,0,0,273382,3,0
0,0,0,0,4,28,20766,131725,0,0,0,0,0,245883,3,0
0,0,0,0,19,28,20767,131725,0,0,0,0,0,72793,3,0
0,0,0,0,8,28,20768,131725,0,0,0,0,0,72432,3,0
0,0,0,0,77,28,20769,131725,0,0,0,0,0,270606,3,0
0,0,0,0,29,28,20770,131725,0,0,0,0,0,265248,3,0
0,0,0,0,32,28,20771,131725,0,0,0,0,0,275457,3,0
0,0,0,0,27,28,20772,131725,0,0,0,0,0,273378,3,0
0,0,0,0,24,28,20773,131725,0,0,0,0,0,72577,3,0
0,0,0,0,12,28,20774,131725,0,0,0,0,0,70817,3,0
0,0,0,0,17,29,20775,131725,0,0,0,0,0,74741,5,0
0,0,0,0,1,0,20776,116033,0,0,0,0,0,245956,3,0
0,0,0,0,12,3,20777,116033,0,0,0,0,0,240030,3,0
1,0,0,1,21,4,20778,116033,0,0,0,0,0,247513,3,0
1,0,0,1,3,6,20779,116033,0,0,0,0,0,227316,5,0
0,0,0,0,4,7,20780,116033,0,0,0,0,0,265674,3,0
2,0,0,1,11,23,20781,116033,0,0,0,0,0,227361,3,0
5,1,0,1,26,13,20782,116033,0,0,0,0,0,231432,5,0
0,0,0,0,13,14,20783,116033,0,0,0,0,0,265536,4,0
1,0,0,1,8,15,20784,116033,0,0,0,0,0,227327,5,0
1,0,0,1,22,27,20785,116033,0,0,0,0,0,278219,3,0
0,0,0,0,14,25,20786,116033,0,0,0,0,0,227310,3,0
0,0,0,0,9,28,20787,116033,0,0,0,0,0,227331,3,0
0,0,0,0,7,28,20788,116033,0,0,0,0,0,227350,3,0
4,1,0,1,6,28,20789,116033,0,0,0,0,0,265898,5,0
1,0,0,1,17,28,20790,116033,0,0,0,0,0,233751,3,0
0,0,0,0,30,28,20791,116033,0,0,0,0,0,227330,3,0
0,0,0,0,10,28,20792,116033,0,0,0,0,0,226308,3,0
0,0,0,0,19,28,20793,116033,0,0,0,0,0,264953,3,0
0,0,0,0,23,28,20794,116033,0,0,0,0,0,264980,5,0
0,0,0,0,18,28,20795,116033,0,0,0,0,0,265092,3,0
0,0,0,0,27,28,20796,116033,0,0,0,0,0,265905,3,0
0,0,0,0,25,28,20797,116033,0,0,0,0,0,264944,3,0
0,0,0,0,16,28,20798,116033,0,0,0,0,0,264893,3,0
0,0,0,0,31,29,20799,116033,0,0,0,0,0,277175,3,0
0,0,0,0,15,29,20800,116033,0,0,0,0,0,277169,3,0
0,0,0,0,32,29,20801,116033,0,0,0,0,0,277171,3,0
0,0,0,0,27,0,20802,116034,0,0,0,0,0,247504,3,0
0,0,0,0,28,3,20803,116034,0,0,0,0,0,264905,5,0
0,0,0,0,29,4,20804,116034,0,0,0,0,0,227346,3,0
1,0,0,1,5,6,20805,116034,0,0,0,0,0,253469,5,0
1,0,0,1,7,7,20806,116034,0,0,0,0,0,233662,4,0
0,0,0,0,6,23,20807,116034,0,0,0,0,0,275916,3,0
0,0,0,0,14,13,20808,116034,0,0,0,0,0,233852,3,0
2,0,0,1,8,14,20809,116034,0,0,0,0,0,237197,4,0
1,0,0,1,24,15,20810,116034,0,0,0,0,0,273946,4,0
0,0,0,0,11,27,20811,116034,0,0,0,0,0,233748,3,0
1,0,0,1,9,25,20812,116034,0,0,0,0,0,246272,3,0
3,1,0,1,17,28,20813,116034,0,0,0,0,0,267531,4,0
0,0,0,0,18,28,20814,116034,0,0,0,0,0,264900,3,0
0,0,0,0,4,28,20815,116034,0,0,0,0,0,264884,3,0
0,0,0,0,23,28,20816,116034,0,0,0,0,0,236648,3,0
0,0,0,0,1,28,20817,116034,0,0,0,0,0,264967,3,0
1,0,0,1,25,28,20818,116034,0,0,0,0,0,75228,3,0
0,0,0,0,80,28,20819,116034,0,0,0,0,0,272607,3,0
0,0,0,0,33,28,20820,116034,0,0,0,0,0,278225,5,0
0,0,0,0,2,28,20821,116034,0,0,0,0,0,277866,3,0
0,0,0,0,19,28,20822,116034,0,0,0,0,0,70816,3,0
0,0,0,0,12,28,20823,116034,0,0,0,0,0,276774,3,0
0,0,0,0,22,28,20824,116034,0,0,0,0,0,268061,3,0
0,0,0,0,13,29,20825,116034,0,0,0,0,0,277925,3,0
0,0,0,0,30,29,20826,116034,0,0,0,0,0,75229,3,0
0,0,0,0,16,0,20827,116035,0,0,0,0,0,246641,1,0
0,0,0,0,26,3,20828,116035,0,0,0,0,0,271174,3,0
0,0,0,0,2,4,20829,116035,0,0,0,0,0,264959,3,0
0,0,0,0,19,6,20830,116035,0,0,0,0,0,241546,1,0
0,0,0,0,3,7,20831,116035,0,0,0,0,0,269972,3,0
0,0,0,0,8,9,20832,116035,0,0,0,0,0,264963,3,0
1,0,0,1,17,11,20833,116035,0,0,0,0,0,227326,3,0
6,1,0,1,10,12,20834,116035,0,0,0,1,0,245697,4,0
2,0,0,1,11,16,20835,116035,0,0,0,0,0,265860,3,0
4,1,0,1,21,18,20836,116035,0,0,0,0,0,265861,3,0
0,0,0,0,9,25,20837,116035,0,0,0,0,0,264968,3,0
0,0,0,0,20,28,20838,116035,0,0,0,0,0,265002,3,0
1,0,0,1,22,28,20839,116035,0,0,0,0,0,264864,3,0
0,0,0,0,15,28,20840,116035,0,0,0,0,0,267653,3,0
0,0,0,0,29,28,20841,116035,0,0,0,0,0,269208,3,0
0,0,0,0,1,28,20842,116035,0,0,0,0,0,269943,3,0
0,0,0,0,4,28,20843,116035,0,0,0,0,0,276862,3,0
0,0,0,0,23,28,20844,116035,0,0,0,0,0,265027,1,0
0,0,0,0,5,28,20845,116035,0,0,0,0,0,276864,3,0
0,0,0,0,18,28,20846,116035,0,0,0,0,0,276825,3,0
0,0,0,0,30,28,20847,116035,0,0,0,0,0,276815,3,0
0,0,0,0,1,0,20848,116036,0,0,0,0,0,264895,3,0
0,0,0,0,20,3,20849,116036,0,0,0,0,0,265833,4,0
0,0,0,0,5,4,20850,116036,0,0,0,0,0,268988,3,0
0,0,0,0,15,6,20851,116036,0,0,0,0,0,270966,4,0
1,0,0,1,12,7,20852,116036,0,0,0,0,0,246568,4,0
1,0,0,1,2,9,20853,116036,0,0,0,0,0,264961,3,0
0,0,0,0,21,11,20854,116036,0,0,0,0,0,227351,3,0
1,0,0,1,10,12,20855,116036,0,0,0,0,0,265843,4,0
1,0,0,1,14,16,20856,116036,0,0,0,0,0,267660,5,0
2,0,0,1,8,18,20857,116036,0,0,0,0,0,264971,3,0
0,0,0,0,27,25,20858,116036,0,0,0,0,0,265947,3,0
0,0,0,0,7,28,20859,116036,0,0,0,0,0,276772,3,0
0,0,0,0,28,28,20860,116036,0,0,0,0,0,227356,4,0
0,0,0,0,9,28,20861,116036,0,0,0,0,0,268261,3,0
0,0,0,0,25,28,20862,116036,0,0,0,0,0,265956,3,0
0,0,0,0,99,28,20863,116036,0,0,0,0,0,268989,3,0
0,0,0,0,17,28,20864,116036,0,0,0,0,0,70818,3,0
0,0,0,0,19,28,20865,116036,0,0,0,0,0,271259,3,0
0,0,0,0,6,28,20866,116036,0,0,0,0,0,74617,3,0
0,0,0,0,3,28,20867,116036,0,0,0,0,0,71377,3,0
0,0,0,0,16,28,20868,116036,0,0,0,0,0,265890,3,0
0,0,0,0,11,28,20869,116036,0,0,0,0,0,72043,3,0
0,0,0,0,18,28,20870,116036,0,0,0,0,0,279017,3,0
0,0,0,0,4,29,20871,116036,0,0,0,0,0,278803,3,0
0,0,0,0,24,29,20872,116036,0,0,0,0,0,74401,3,0
0,0,0,0,22,29,20873,116036,0,0,0,0,0,72057,3,0
0,0,0,0,1,0,20874,116037,0,0,0,0,0,269959,4,0
0,0,0,0,3,3,20875,116037,0,0,0,0,0,264807,2,0
0,0,0,0,18,4,20876,116037,0,0,0,0,0,265892,3,0
0,0,0,0,24,6,20877,116037,0,0,0,0,0,264866,2,0
0,0,0,0,5,7,20878,116037,0,0,0,0,0,265894,2,0
0,0,0,0,4,9,20879,116037,0,0,0,0,0,231347,3,0
0,0,0,0,10,11,20880,116037,0,0,0,0,0,265857,3,0
0,0,0,0,13,12,20881,116037,0,0,0,0,0,266947,2,0
0,0,0,0,8,16,20882,116037,0,0,0,0,0,265903,2,0
0,0,0,0,7,18,20883,116037,0,0,0,0,0,264904,3,0
0,0,0,0,21,25,20884,116037,0,0,0,0,0,271888,2,0
1,0,0,1,6,28,20885,116037,0,0,0,0,0,265859,2,0
0,0,0,0,15,28,20886,116037,0,0,0,0,0,265840,3,0
1,0,0,1,17,28,20887,116037,0,0,0,0,0,277349,2,0
0,0,0,0,22,28,20888,116037,0,0,0,0,0,277314,3,0
0,0,0,0,16,28,20889,116037,0,0,0,0,0,276775,3,0
0,0,0,0,19,28,20890,116037,0,0,0,0,0,265842,3,0
0,0,0,0,20,28,20891,116037,0,0,0,0,0,270179,3,0
0,0,0,0,1,0,20892,116039,0,0,0,0,0,264978,3,0
0,0,0,0,4,3,20893,116039,0,0,0,0,0,265879,4,0
0,0,0,0,28,4,20894,116039,0,0,0,0,0,265883,3,0
0,0,0,0,5,6,20895,116039,0,0,0,0,0,270526,2,0
0,0,0,0,13,7,20896,116039,0,0,0,0,0,267385,3,0
0,0,0,0,14,9,20897,116039,0,0,0,0,0,277173,3,0
0,0,0,0,21,11,20898,116039,0,0,0,0,0,276548,3,0
2,0,0,1,18,12,20899,116039,0,0,0,0,0,247743,4,0
0,0,0,0,11,16,20900,116039,0,0,0,0,0,271165,3,0
0,0,0,0,8,18,20901,116039,0,0,0,0,0,265878,4,0
2,0,0,1,7,25,20902,116039,0,0,0,0,0,275888,3,0
0,0,0,0,12,28,20903,116039,0,0,0,0,0,265716,3,0
0,0,0,0,20,28,20904,116039,0,0,0,0,0,276765,4,0
0,0,0,0,24,28,20905,116039,0,0,0,0,0,270708,3,0
0,0,0,0,6,28,20906,116039,0,0,0,0,0,273258,5,0
0,0,0,0,16,28,20907,116039,0,0,0,0,0,269202,4,0
1,0,0,1,17,28,20908,116039,0,0,0,0,0,227354,4,0
0,0,0,0,23,28,20909,116039,0,0,0,0,0,73677,3,0
0,0,0,0,30,0,20910,116040,0,0,0,0,0,275382,4,0
0,0,0,0,3,3,20911,116040,0,0,0,0,0,267383,3,0
0,0,0,0,2,4,20912,116040,0,0,0,0,0,272993,2,0
0,0,0,0,25,6,20913,116040,0,0,0,0,0,270967,3,0
0,0,0,0,7,7,20914,116040,0,0,0,0,0,273626,4,0
0,0,0,0,15,23,20915,116040,0,0,0,0,0,275395,2,0
0,0,0,0,10,13,20916,116040,0,0,0,0,0,265901,2,0
0,0,0,0,14,14,20917,116040,0,0,0,0,0,271890,3,0
0,0,0,0,6,15,20918,116040,0,0,0,0,0,269811,3,0
1,0,0,1,11,27,20919,116040,0,0,0,0,0,276971,3,0
0,0,0,0,9,25,20920,116040,0,0,0,0,0,267673,3,0
0,0,0,0,29,28,20921,116040,0,0,0,0,0,264906,3,0
0,0,0,0,26,28,20922,116040,0,0,0,0,0,277200,3,0
0,0,0,0,21,28,20923,116040,0,0,0,0,0,265895,3,0
0,0,0,0,16,28,20924,116040,0,0,0,0,0,271898,3,0
0,0,0,0,1,28,20925,116040,0,0,0,0,0,70583,3,0
0,0,0,0,20,28,20926,116040,0,0,0,0,0,73674,3,0
0,0,0,0,19,28,20927,116040,0,0,0,0,0,277170,3,0
0,0,0,0,8,28,20928,116040,0,0,0,0,0,74083,3,0
0,0,0,0,1,0,20929,116042,0,0,0,0,0,267644,3,0
0,0,0,0,3,3,20930,116042,0,0,0,0,0,265096,2,0
0,0,0,0,19,4,20931,116042,0,0,0,0,0,268643,1,0
0,0,0,0,4,6,20932,116042,0,0,0,0,0,265875,3,0
0,0,0,0,25,7,20933,116042,0,0,0,0,0,275388,3,0
0,0,0,0,26,12,20934,116042,0,0,0,0,0,275129,3,0
0,0,0,0,6,13,20935,116042,0,0,0,0,0,265944,3,0
0,0,0,0,8,15,20936,116042,0,0,0,0,0,265941,2,0
0,0,0,0,29,16,20937,116042,0,0,0,0,0,264979,2,0
0,0,0,0,11,24,20938,116042,0,0,0,0,0,267662,3,0
0,0,0,0,17,26,20939,116042,0,0,0,0,0,276767,3,0
0,0,0,0,9,28,20940,116042,0,0,0,0,0,70800,3,0
0,0,0,0,14,28,20941,116042,0,0,0,0,0,271598,3,0
0,0,0,0,22,28,20942,116042,0,0,0,0,0,272506,3,0
0,0,0,0,5,28,20943,116042,0,0,0,0,0,267651,2,0
0,0,0,0,30,28,20944,116042,0,0,0,0,0,268642,2,0
0,0,0,0,24,28,20945,116042,0,0,0,0,0,74616,3,0
0,0,0,0,16,28,20946,116042,0,0,0,0,0,267664,3,0
0,0,0,0,28,28,20947,116042,0,0,0,0,0,74613,3,0
0,0,0,0,10,28,20948,116042,0,0,0,0,0,277337,3,0
0,0,0,0,20,28,20949,116042,0,0,0,0,0,279590,3,0
0,0,0,0,23,28,20950,116042,0,0,0,0,0,71974,3,0
0,0,0,0,16,0,20951,116044,0,0,0,0,0,265983,5,0
0,0,0,0,23,3,20952,116044,0,0,0,0,0,270830,3,0
0,0,0,0,13,4,20953,116044,0,0,0,0,0,265973,3,0
0,0,0,0,14,6,20954,116044,0,0,0,0,0,268646,3,0
0,0,0,0,2,7,20955,116044,0,0,0,0,0,265889,4,0
0,0,0,0,10,9,20956,116044,0,0,0,0,0,268659,3,0
1,0,0,1,6,11,20957,116044,0,0,0,0,0,265917,3,0
0,0,0,0,19,12,20958,116044,0,0,0,0,0,269218,3,0
2,0,0,1,18,16,20959,116044,0,0,0,0,0,265968,5,0
0,0,0,0,8,18,20960,116044,0,0,0,0,0,268649,3,0
0,0,0,0,9,25,20961,116044,0,0,0,0,0,267661,4,0
0,0,0,0,7,28,20962,116044,0,0,0,0,0,277202,3,0
1,0,0,1,12,28,20963,116044,0,0,0,0,0,246038,3,0
0,0,0,0,15,28,20964,116044,0,0,0,0,0,265863,3,0
0,0,0,0,3,28,20965,116044,0,0,0,0,0,275410,3,0
0,0,0,0,1,28,20966,116044,0,0,0,0,0,73675,3,0
0,0,0,0,20,28,20967,116044,0,0,0,0,0,279586,3,0
0,0,0,0,30,28,20968,116044,0,0,0,0,0,277203,3,0
0,0,0,0,1,0,20969,116416,0,0,0,0,0,261863,2,0
0,0,0,0,14,3,20970,116416,0,0,0,0,0,269213,2,0
0,0,0,0,4,4,20971,116416,0,0,0,0,0,276797,2,0
0,0,0,0,13,6,20972,116416,0,0,0,0,0,267652,2,0
0,0,0,0,6,7,20973,116416,0,0,0,0,0,270612,1,0
0,0,0,0,7,12,20974,116416,0,0,0,0,0,268647,2,0
0,0,0,0,22,13,20975,116416,0,0,0,0,0,270049,2,0
0,0,0,0,11,14,20976,116416,0,0,0,0,0,271811,3,0
0,0,0,0,5,15,20977,116416,0,0,0,0,0,268640,3,0
0,0,0,0,12,16,20978,116416,0,0,0,0,0,265865,2,0
0,0,0,0,17,25,20979,116416,0,0,0,0,0,269829,3,0
0,0,0,0,21,28,20980,116416,0,0,0,0,0,276812,3,0
0,0,0,0,28,28,20981,116416,0,0,0,0,0,71382,3,0
0,0,0,0,8,28,20982,116416,0,0,0,0,0,270619,3,0
0,0,0,0,19,28,20983,116416,0,0,0,0,0,73826,3,0
0,0,0,0,66,28,20984,116416,0,0,0,0,0,270558,3,0
0,0,0,0,18,28,20985,116416,0,0,0,0,0,270895,3,0
0,0,0,0,16,28,20986,116416,0,0,0,0,0,227349,3,0
0,0,0,0,1,0,20987,116417,0,0,0,0,0,265970,5,0
0,0,0,0,28,3,20988,116417,0,0,0,0,0,72439,3,0
0,0,0,0,5,4,20989,116417,0,0,0,0,0,265893,3,0
0,0,0,0,4,6,20990,116417,0,0,0,0,0,72438,1,0
0,0,0,0,27,7,20991,116417,0,0,0,0,0,72442,3,0
1,0,0,1,6,10,20992,116417,0,0,0,0,0,265982,4,0
0,0,0,0,17,12,20993,116417,0,0,0,0,0,265952,4,0
0,0,0,0,7,13,20994,116417,0,0,0,0,0,265978,3,0
0,0,0,0,29,15,20995,116417,0,0,0,0,0,269214,3,0
0,0,0,0,21,16,20996,116417,0,0,0,0,0,265937,3,0
0,0,0,0,13,25,20997,116417,0,0,0,0,0,72463,3,0
0,0,0,0,23,28,20998,116417,0,0,0,0,0,264965,3,0
1,0,0,1,9,28,20999,116417,0,0,0,0,0,265975,4,0
0,0,0,0,20,28,21000,116417,0,0,0,0,0,72444,2,0
0,0,0,0,3,28,21001,116417,0,0,0,0,0,267297,3,0
0,0,0,0,16,28,21002,116417,0,0,0,0,0,72342,3,0
0,0,0,0,11,28,21003,116417,0,0,0,0,0,269812,3,0
0,0,0,0,8,28,21004,116417,0,0,0,0,0,269818,3,0
0,0,0,0,43,28,21005,116417,0,0,0,0,0,73764,3,0
0,0,0,0,15,28,21006,116417,0,0,0,0,0,246638,3,0
0,0,0,0,26,28,21007,116417,0,0,0,0,0,73980,3,0
0,0,0,0,22,28,21008,116417,0,0,0,0,0,73678,3,0
0,0,0,0,1,0,21009,131724,0,0,0,0,0,71691,2,0
0,0,0,0,21,4,21010,131724,0,0,0,0,0,265969,3,0
0,0,0,0,18,5,21011,131724,0,0,0,0,0,71696,3,0
0,0,0,0,29,6,21012,131724,0,0,0,0,0,265931,3,0
0,0,0,0,22,9,21013,131724,0,0,0,0,0,71704,3,0
0,0,0,0,20,11,21014,131724,0,0,0,0,0,71703,3,0
0,0,0,0,23,12,21015,131724,0,0,0,0,0,265885,3,0
0,0,0,0,26,16,21016,131724,0,0,0,0,0,269203,2,0
0,0,0,0,3,18,21017,131724,0,0,0,0,0,71698,3,0
0,0,0,0,19,24,21018,131724,0,0,0,0,0,264977,3,0
0,0,0,0,7,26,21019,131724,0,0,0,0,0,71707,3,0
0,0,0,0,10,28,21020,131724,0,0,0,0,0,275399,3,0
0,0,0,0,12,28,21021,131724,0,0,0,0,0,265832,2,0
1,0,0,1,27,28,21022,131724,0,0,0,0,0,71706,3,0
0,0,0,0,5,28,21023,131724,0,0,0,0,0,265005,3,0
0,0,0,0,16,28,21024,131724,0,0,0,0,0,267648,3,0
0,0,0,0,8,28,21025,131724,0,0,0,0,0,73957,3,0
0,0,0,0,2,28,21026,131724,0,0,0,0,0,73975,3,0
0,0,0,0,17,28,21027,131724,0,0,0,0,0,265158,2,0
0,0,0,0,30,28,21028,131724,0,0,0,0,0,73958,3,0
0,0,0,0,1,0,21029,116300,0,0,0,0,0,267200,2,0
0,0,0,0,31,3,21030,116300,0,0,0,0,0,239791,3,0
0,0,0,0,25,4,21031,116300,0,0,0,0,0,273484,2,0
0,0,0,0,3,6,21032,116300,0,0,0,0,0,233246,3,0
0,0,0,0,21,7,21033,116300,0,0,0,0,0,267209,2,0
0,0,0,0,5,9,21034,116300,0,0,0,0,0,227404,3,0
0,0,0,0,10,11,21035,116300,0,0,0,0,0,267201,3,0
3,0,0,1,24,12,21036,116300,0,0,0,0,0,267207,3,0
2,0,0,1,9,16,21037,116300,0,0,0,0,0,247512,2,0
3,0,0,1,91,18,21038,116300,0,0,0,0,0,266549,4,0
0,0,0,0,12,25,21039,116300,0,0,0,0,0,267198,3,0
0,0,0,0,16,28,21040,116300,0,0,0,0,0,266401,2,0
2,0,0,1,23,28,21041,116300,0,0,0,0,0,267206,3,0
0,0,0,0,33,28,21042,116300,0,0,0,0,0,267522,3,0
1,0,0,1,6,28,21043,116300,0,0,0,0,0,267293,3,0
0,0,0,0,18,28,21044,116300,0,0,0,0,0,267204,3,0
1,0,0,1,47,28,21045,116300,0,0,0,0,0,71610,3,0
0,0,0,0,13,28,21046,116300,0,0,0,0,0,268348,3,0
0,0,0,0,34,28,21047,116300,0,0,0,0,0,268940,3,0
0,0,0,0,7,28,21048,116300,0,0,0,0,0,267211,3,0
0,0,0,0,28,28,21049,116300,0,0,0,0,0,270384,3,0
0,0,0,0,27,28,21050,116300,0,0,0,0,0,71666,3,0
0,0,0,0,32,28,21051,116300,0,0,0,0,0,73755,2,0
0,0,0,0,22,29,21052,116300,0,0,0,0,0,267524,3,0
0,0,0,0,18,0,21053,116302,0,0,0,0,0,267219,3,0
0,0,0,0,2,3,21054,116302,0,0,0,0,0,273470,3,0
0,0,0,0,20,4,21055,116302,0,0,0,0,0,267220,3,0
0,0,0,0,4,6,21056,116302,0,0,0,0,0,226177,2,0
0,0,0,0,23,7,21057,116302,0,0,0,0,0,265072,2,0
2,0,0,1,17,9,21058,116302,0,0,0,0,0,267217,3,0
2,0,0,1,8,11,21059,116302,0,0,0,0,0,245839,3,0
2,0,0,1,24,12,21060,116302,0,0,0,0,0,273477,3,0
5,0,0,1,13,16,21061,116302,0,0,0,0,0,267223,4,0
0,0,0,0,21,18,21062,116302,0,0,0,0,0,227387,3,0
11,1,0,1,9,25,21063,116302,0,0,0,0,0,264012,3,0
2,0,0,1,12,28,21064,116302,0,0,0,0,0,226359,2,0
2,0,0,1,15,28,21065,116302,0,0,0,0,0,71425,3,0
0,0,0,0,25,28,21066,116302,0,0,0,0,0,226329,3,0
0,0,0,0,11,28,21067,116302,0,0,0,0,0,273270,3,0
0,0,0,0,30,28,21068,116302,0,0,0,0,0,227925,3,0
0,0,0,0,54,28,21069,116302,0,0,0,0,0,71502,3,0
0,0,0,0,29,28,21070,116302,0,0,0,0,0,71665,3,0
0,0,0,0,27,28,21071,116302,0,0,0,0,0,270082,3,0
0,0,0,0,5,28,21072,116302,0,0,0,0,0,273174,2,0
4,0,0,1,66,28,21073,116302,0,0,0,0,0,71427,3,0
1,0,0,0,77,28,21074,116302,0,0,0,0,0,273475,3,0
0,0,0,0,26,28,21075,116302,0,0,0,0,0,71504,3,0
0,0,0,0,14,29,21076,116302,0,0,0,0,0,273485,3,0
0,0,0,0,44,29,21077,116302,0,0,0,0,0,267478,3,0
0,0,0,0,1,29,21078,116302,0,0,0,0,0,267215,3,0
2,0,0,1,22,29,21079,116302,0,0,0,0,0,266093,3,0
0,0,0,0,1,0,21080,116303,0,0,0,0,0,243775,4,0
0,0,0,0,13,3,21081,116303,0,0,0,0,0,267247,5,0
1,0,0,0,3,4,21082,116303,0,0,0,0,0,267235,3,0
1,0,0,0,7,6,21083,116303,0,0,0,0,0,265862,3,0
1,0,0,0,11,7,21084,116303,0,0,0,0,0,233838,3,0
1,0,0,0,10,9,21085,116303,0,0,0,0,0,267238,4,0
0,0,0,0,6,11,21086,116303,0,0,0,0,0,245833,4,0
4,0,0,1,14,12,21087,116303,0,0,0,0,0,267369,3,0
3,0,0,1,5,16,21088,116303,0,0,0,0,0,273476,3,0
5,0,0,1,2,18,21089,116303,0,0,0,0,0,266091,3,0
2,0,0,0,34,25,21090,116303,0,0,0,0,0,277926,5,0
1,0,0,0,20,28,21091,116303,0,0,0,0,0,273471,3,0
1,0,0,0,17,28,21092,116303,0,0,0,0,0,267376,3,0
3,0,0,1,8,28,21093,116303,0,0,0,0,0,267242,3,0
0,0,0,0,94,28,21094,116303,0,0,0,0,0,265506,3,0
0,0,0,0,44,28,21095,116303,0,0,0,0,0,267521,3,0
1,0,0,0,9,28,21096,116303,0,0,0,0,0,267234,3,0
0,0,0,0,33,28,21097,116303,0,0,0,0,0,72886,3,0
0,0,0,0,19,28,21098,116303,0,0,0,0,0,71609,3,0
2,0,0,0,25,28,21099,116303,0,0,0,0,0,267245,3,0
1,0,0,0,27,28,21100,116303,0,0,0,0,0,71160,3,0
3,0,0,1,23,28,21101,116303,0,0,0,0,0,267277,3,0
1,0,0,0,22,28,21102,116303,0,0,0,0,0,266240,3,0
0,0,0,0,51,29,21103,116303,0,0,0,0,0,267354,3,0
0,0,0,0,16,29,21104,116303,0,0,0,0,0,277633,2,0
0,0,0,0,28,29,21105,116303,0,0,0,0,0,74895,3,0
0,0,0,0,24,29,21106,116303,0,0,0,0,0,248827,3,0
0,0,0,0,18,29,21107,116303,0,0,0,0,0,273473,3,0
0,0,0,0,1,0,21108,116304,0,0,0,0,0,266816,2,0
0,0,0,0,14,3,21109,116304,0,0,0,0,0,247725,2,0
0,0,0,0,9,4,21110,116304,0,0,0,0,0,267261,1,0
0,0,0,0,5,6,21111,116304,0,0,0,0,0,227357,1,0
1,0,0,0,3,7,21112,116304,0,0,0,0,0,236642,3,0
2,0,0,0,12,9,21113,116304,0,0,0,0,0,243261,3,0
2,0,0,0,17,11,21114,116304,0,0,0,0,0,71560,3,0
8,1,0,1,2,12,21115,116304,0,0,0,0,0,266928,3,0
5,0,0,1,33,16,21116,116304,0,0,0,0,0,243263,2,0
5,0,0,1,7,18,21117,116304,0,0,0,0,0,279812,3,0
8,1,0,1,11,25,21118,116304,0,0,0,0,0,241545,3,0
1,0,0,0,4,28,21119,116304,0,0,0,0,0,273499,3,0
2,0,0,0,10,28,21120,116304,0,0,0,0,0,272115,3,0
3,0,0,1,13,28,21121,116304,0,0,0,0,0,267243,2,0
1,0,0,0,16,28,21122,116304,0,0,0,0,0,71559,2,0
0,0,0,0,28,28,21123,116304,0,0,0,0,0,226339,3,0
1,0,0,0,26,28,21124,116304,0,0,0,0,0,274779,3,0
1,0,0,0,6,28,21125,116304,0,0,0,0,0,71561,3,0
2,0,0,0,8,28,21126,116304,0,0,0,0,0,279908,2,0
0,0,0,0,22,28,21127,116304,0,0,0,0,0,71562,1,0
0,0,0,0,19,28,21128,116304,0,0,0,0,0,268262,2,0
0,0,0,0,24,28,21129,116304,0,0,0,0,0,265339,3,0
0,0,0,0,31,28,21130,116304,0,0,0,0,0,267295,3,0
0,0,0,0,39,29,21131,116304,0,0,0,0,0,274806,3,0
0,0,0,0,20,29,21132,116304,0,0,0,0,0,273502,3,0
0,0,0,0,18,29,21133,116304,0,0,0,0,0,273493,3,0
0,0,0,0,21,29,21134,116304,0,0,0,0,0,267257,3,0
0,0,0,0,1,0,21135,116305,0,0,0,0,0,226335,3,0
0,0,0,0,23,3,21136,116305,0,0,0,0,0,267272,3,0
0,0,0,0,12,4,21137,116305,0,0,0,0,0,267221,3,0
0,0,0,0,41,6,21138,116305,0,0,0,0,0,70308,4,0
0,0,0,0,32,7,21139,116305,0,0,0,0,0,269123,4,0
1,0,0,1,13,9,21140,116305,0,0,0,0,0,70182,3,0
0,0,0,0,4,11,21141,116305,0,0,0,0,0,267372,3,0
1,0,0,1,24,12,21142,116305,0,0,0,0,0,270079,3,0
7,0,0,1,9,16,21143,116305,0,0,0,0,0,232073,4,0
6,0,0,1,34,18,21144,116305,0,0,0,0,0,273488,4,0
0,0,0,0,33,25,21145,116305,0,0,0,0,0,71584,3,0
2,0,0,1,8,28,21146,116305,0,0,0,0,0,70305,3,0
1,0,0,1,5,28,21147,116305,0,0,0,0,0,273777,2,0
0,0,0,0,15,28,21148,116305,0,0,0,0,0,267517,3,0
0,0,0,0,26,28,21149,116305,0,0,0,0,0,71516,3,0
0,0,0,0,19,28,21150,116305,0,0,0,0,0,274810,3,0
1,0,0,1,20,28,21151,116305,0,0,0,0,0,70309,3,0
0,0,0,0,30,28,21152,116305,0,0,0,0,0,267251,2,0
1,0,0,1,28,28,21153,116305,0,0,0,0,0,264901,3,0
0,0,0,0,11,28,21154,116305,0,0,0,0,0,267331,3,0
0,0,0,0,10,28,21155,116305,0,0,0,0,0,267497,3,0
0,0,0,0,37,28,21156,116305,0,0,0,0,0,246205,3,0
1,0,0,1,3,28,21157,116305,0,0,0,0,0,267264,3,0
0,0,0,0,16,29,21158,116305,0,0,0,0,0,273508,3,0
1,0,0,1,7,29,21159,116305,0,0,0,0,0,268302,3,0
0,0,0,0,1,0,21160,116306,0,0,0,0,0,238212,2,0
1,0,0,1,7,4,21161,116306,0,0,0,0,0,267371,2,0
1,0,0,1,4,5,21162,116306,0,0,0,0,0,268012,3,0
0,0,0,0,3,6,21163,116306,0,0,0,0,0,274753,3,0
0,0,0,0,13,10,21164,116306,0,0,0,0,0,227405,4,0
0,0,0,0,30,12,21165,116306,0,0,0,0,0,279811,2,0
1,0,0,1,15,13,21166,116306,0,0,0,0,0,274139,4,0
0,0,0,0,17,15,21167,116306,0,0,0,0,0,265854,3,0
1,0,0,1,16,16,21168,116306,0,0,0,0,0,70684,3,0
5,0,0,1,9,24,21169,116306,0,0,0,0,0,267237,2,0
1,0,0,1,28,26,21170,116306,0,0,0,0,0,264892,4,0
0,0,0,0,11,28,21171,116306,0,0,0,0,0,267282,2,0
2,0,0,1,14,28,21172,116306,0,0,0,0,0,267275,3,0
0,0,0,0,31,28,21173,116306,0,0,0,0,0,226988,3,0
0,0,0,0,19,28,21174,116306,0,0,0,0,0,267379,3,0
0,0,0,0,40,28,21175,116306,0,0,0,0,0,71683,3,0
0,0,0,0,22,28,21176,116306,0,0,0,0,0,274818,3,0
0,0,0,0,33,28,21177,116306,0,0,0,0,0,273487,2,0
0,0,0,0,2,28,21178,116306,0,0,0,0,0,227384,4,0
0,0,0,0,21,28,21179,116306,0,0,0,0,0,267286,2,0
0,0,0,0,18,28,21180,116306,0,0,0,0,0,70695,3,0
1,0,0,1,6,28,21181,116306,0,0,0,0,0,248367,3,0
0,0,0,0,12,28,21182,116306,0,0,0,0,0,70675,3,0
0,0,0,0,25,29,21183,116306,0,0,0,0,0,267289,3,0
0,0,0,0,26,29,21184,116306,0,0,0,0,0,72187,3,0
0,0,0,0,1,0,21185,116307,0,0,0,0,0,265856,5,0
1,0,0,0,6,3,21186,116307,0,0,0,0,0,273468,5,0
0,0,0,0,4,4,21187,116307,0,0,0,0,0,227421,3,0
0,0,0,0,3,6,21188,116307,0,0,0,0,0,267309,4,0
0,0,0,0,25,7,21189,116307,0,0,0,0,0,267519,4,0
2,0,0,1,20,12,21190,116307,0,0,0,0,0,267299,3,0
0,0,0,0,30,13,21191,116307,0,0,0,0,0,70502,3,0
0,0,0,0,2,15,21192,116307,0,0,0,0,0,243262,3,0
5,0,0,1,9,16,21193,116307,0,0,0,0,0,248219,3,0
13,1,0,1,22,24,21194,116307,0,0,0,0,0,276359,4,0
8,1,0,1,10,26,21195,116307,0,0,0,0,0,226890,5,0
0,0,0,0,7,28,21196,116307,0,0,0,0,0,246358,3,0
0,0,0,0,16,28,21197,116307,0,0,0,0,0,226320,3,0
2,0,0,1,15,28,21198,116307,0,0,0,0,0,267199,5,0
0,0,0,0,32,28,21199,116307,0,0,0,0,0,273482,3,0
0,0,0,0,21,28,21200,116307,0,0,0,0,0,279516,3,0
2,0,0,1,11,28,21201,116307,0,0,0,0,0,267213,3,0
0,0,0,0,12,28,21202,116307,0,0,0,0,0,267304,3,0
5,0,0,1,28,28,21203,116307,0,0,0,0,0,273504,3,0
0,0,0,0,31,28,21204,116307,0,0,0,0,0,71531,4,0
2,0,0,1,19,28,21205,116307,0,0,0,0,0,267240,4,0
0,0,0,0,40,28,21206,116307,0,0,0,0,0,274774,3,0
0,0,0,0,14,28,21207,116307,0,0,0,0,0,267312,3,0
0,0,0,0,17,29,21208,116307,0,0,0,0,0,271403,3,0
0,0,0,0,13,29,21209,116307,0,0,0,0,0,227208,3,0
0,0,0,0,18,29,21210,116307,0,0,0,0,0,267365,3,0
0,0,0,0,5,29,21211,116307,0,0,0,0,0,267291,3,0
0,0,0,0,8,29,21212,116307,0,0,0,0,0,253175,3,0
0,0,0,0,1,0,21213,116308,0,0,0,0,0,267321,2,0
0,0,0,0,2,3,21214,116308,0,0,0,0,0,267325,3,0
0,0,0,0,3,4,21215,116308,0,0,0,0,0,267281,2,0
0,0,0,0,20,6,21216,116308,0,0,0,0,0,233341,3,0
0,0,0,0,17,7,21217,116308,0,0,0,0,0,277766,3,0
2,0,0,0,26,9,21218,116308,0,0,0,0,0,267384,3,0
1,0,0,0,14,11,21219,116308,0,0,0,0,0,267311,3,0
4,0,0,1,13,12,21220,116308,0,0,0,0,0,71494,3,0
5,0,0,1,29,16,21221,116308,0,0,0,0,0,273271,3,0
5,0,0,1,7,18,21222,116308,0,0,0,0,0,267318,3,0
1,0,0,0,23,25,21223,116308,0,0,0,0,0,273163,3,0
1,0,0,0,21,28,21224,116308,0,0,0,0,0,268305,3,0
0,0,0,0,19,28,21225,116308,0,0,0,0,0,267505,3,0
1,0,0,0,9,28,21226,116308,0,0,0,0,0,273481,3,0
0,0,0,0,5,28,21227,116308,0,0,0,0,0,267474,3,0
0,0,0,0,99,28,21228,116308,0,0,0,0,0,274808,3,0
7,0,0,1,88,28,21229,116308,0,0,0,0,0,266094,4,0
1,0,0,0,8,28,21230,116308,0,0,0,0,0,272826,3,0
4,0,0,1,16,28,21231,116308,0,0,0,0,0,227381,3,0
0,0,0,0,18,28,21232,116308,0,0,0,0,0,276275,3,0
0,0,0,0,11,28,21233,116308,0,0,0,0,0,267305,2,0
0,0,0,0,15,28,21234,116308,0,0,0,0,0,273160,3,0
0,0,0,0,4,28,21235,116308,0,0,0,0,0,272700,3,0
0,0,0,0,22,29,21236,116308,0,0,0,0,0,267317,3,0
0,0,0,0,10,29,21237,116308,0,0,0,0,0,246899,3,0
0,0,0,0,24,29,21238,116308,0,0,0,0,0,267314,3,0
0,0,0,0,21,0,21239,116309,0,0,0,0,0,232077,3,0
0,0,0,0,4,3,21240,116309,0,0,0,0,0,267339,4,0
1,0,0,0,7,4,21241,116309,0,0,0,0,0,267329,3,0
1,0,0,0,12,6,21242,116309,0,0,0,0,0,273168,3,0
1,0,0,0,18,7,21243,116309,0,0,0,0,0,267343,3,0
6,0,0,1,10,9,21244,116309,0,0,0,0,0,267336,4,0
0,0,0,0,14,11,21245,116309,0,0,0,0,0,279699,3,0
18,1,0,1,6,12,21246,116309,0,0,0,1,0,279799,5,0
1,0,0,0,99,16,21247,116309,0,0,0,0,0,226893,5,0
5,0,0,1,16,18,21248,116309,0,0,0,0,0,267268,5,0
5,0,0,1,9,25,21249,116309,0,0,0,0,0,226897,3,0
0,0,0,0,11,28,21250,116309,0,0,0,0,0,227410,3,0
1,0,0,0,8,28,21251,116309,0,0,0,0,0,235962,3,0
1,0,0,0,22,28,21252,116309,0,0,0,0,0,267254,3,0
1,0,0,0,5,28,21253,116309,0,0,0,0,0,70713,3,0
0,0,0,0,1,28,21254,116309,0,0,0,0,0,226303,4,0
0,0,0,0,15,28,21255,116309,0,0,0,0,0,264011,4,0
0,0,0,0,2,28,21256,116309,0,0,0,0,0,70592,3,0
2,0,0,1,27,28,21257,116309,0,0,0,0,0,267276,4,0
1,0,0,0,17,28,21258,116309,0,0,0,0,0,273467,2,0
1,0,0,0,25,28,21259,116309,0,0,0,0,0,267334,3,0
0,0,0,0,20,28,21260,116309,0,0,0,0,0,267345,3,0
1,0,0,0,24,28,21261,116309,0,0,0,0,0,273480,3,0
0,0,0,0,30,0,21262,116310,0,0,0,0,0,258310,3,0
0,0,0,0,3,3,21263,116310,0,0,0,0,0,271893,2,0
0,0,0,0,6,4,21264,116310,0,0,0,0,0,232074,4,0
0,0,0,0,21,6,21265,116310,0,0,0,0,0,267203,3,0
1,0,0,0,2,7,21266,116310,0,0,0,0,0,273469,3,0
0,0,0,0,14,10,21267,116310,0,0,0,0,0,267322,5,0
4,0,0,1,18,23,21268,116310,0,0,0,0,0,267227,3,0
2,0,0,0,17,13,21269,116310,0,0,0,0,0,264960,3,0
6,0,0,1,16,15,21270,116310,0,0,0,0,0,232075,5,0
3,0,0,1,10,27,21271,116310,0,0,0,0,0,236640,3,0
6,0,0,1,9,25,21272,116310,0,0,0,0,0,233244,5,0
1,0,0,0,19,28,21273,116310,0,0,0,0,0,226336,3,0
0,0,0,0,7,28,21274,116310,0,0,0,0,0,243770,3,0
0,0,0,0,15,28,21275,116310,0,0,0,0,0,244045,2,0
0,0,0,0,77,28,21276,116310,0,0,0,0,0,228628,3,0
0,0,0,0,38,28,21277,116310,0,0,0,0,0,267273,3,0
6,0,0,1,13,28,21278,116310,0,0,0,0,0,267278,4,0
0,0,0,0,5,28,21279,116310,0,0,0,0,0,226318,3,0
0,0,0,0,22,28,21280,116310,0,0,0,0,0,267353,3,0
0,0,0,0,8,28,21281,116310,0,0,0,0,0,267362,3,0
0,0,0,0,1,28,21282,116310,0,0,0,0,0,267348,3,0
1,0,0,0,24,28,21283,116310,0,0,0,0,0,267320,4,0
0,0,0,0,26,28,21284,116310,0,0,0,0,0,265868,3,0
0,0,0,0,23,29,21285,116310,0,0,0,0,0,243769,3,0
0,0,0,0,4,29,21286,116310,0,0,0,0,0,243771,3,0
0,0,0,0,13,0,21287,116311,0,0,0,0,0,267368,3,0
0,0,0,0,3,3,21288,116311,0,0,0,0,0,267373,3,0
0,0,0,0,6,4,21289,116311,0,0,0,0,0,268908,4,0
0,0,0,0,11,6,21290,116311,0,0,0,0,0,267367,4,0
1,0,0,1,27,7,21291,116311,0,0,0,0,0,70110,4,0
1,0,0,1,8,9,21292,116311,0,0,0,0,0,267298,2,0
0,0,0,0,99,11,21293,116311,0,0,0,0,0,267202,3,0
7,0,0,1,10,12,21294,116311,0,0,0,0,0,243403,3,0
5,0,0,1,21,16,21295,116311,0,0,0,0,0,273466,4,0
1,0,0,1,17,18,21296,116311,0,0,0,0,0,71583,2,0
6,0,0,1,2,25,21297,116311,0,0,0,0,0,226316,3,0
1,0,0,1,24,28,21298,116311,0,0,0,0,0,273486,2,0
0,0,0,0,28,28,21299,116311,0,0,0,0,0,267370,3,0
1,0,0,1,16,28,21300,116311,0,0,0,0,0,267375,5,0
0,0,0,0,20,28,21301,116311,0,0,0,0,0,274813,3,0
0,0,0,0,19,28,21302,116311,0,0,0,0,0,273492,3,0
0,0,0,0,4,28,21303,116311,0,0,0,0,0,265273,4,0
1,0,0,1,7,28,21304,116311,0,0,0,0,0,267226,3,0
0,0,0,0,23,28,21305,116311,0,0,0,0,0,226327,3,0
0,0,0,0,33,28,21306,116311,0,0,0,0,0,241226,3,0
0,0,0,0,44,28,21307,116311,0,0,0,0,0,267351,3,0
0,0,0,0,1,28,21308,116311,0,0,0,0,0,70484,3,0
0,0,0,0,9,28,21309,116311,0,0,0,0,0,276482,3,0
0,0,0,0,12,29,21310,116311,0,0,0,0,0,243776,3,0
0,0,0,0,5,29,21311,116311,0,0,0,0,0,233343,3,0
0,0,0,0,18,29,21312,116311,0,0,0,0,0,247811,3,0
0,0,0,0,1,0,21313,116312,0,0,0,0,0,237673,2,0
2,0,0,1,6,3,21314,116312,0,0,0,0,0,272114,3,0
0,0,0,0,20,4,21315,116312,0,0,0,0,0,267391,3,0
0,0,0,0,4,6,21316,116312,0,0,0,0,0,267382,3,0
1,0,0,0,14,7,21317,116312,0,0,0,0,0,267386,3,0
0,0,0,0,24,9,21318,116312,0,0,0,0,0,231736,3,0
1,0,0,0,5,11,21319,116312,0,0,0,0,0,227113,2,0
2,0,0,1,18,12,21320,116312,0,0,0,0,0,71428,3,0
0,0,0,0,77,16,21321,116312,0,0,0,0,0,228724,2,0
0,0,0,0,21,18,21322,116312,0,0,0,0,0,243264,3,0
2,0,0,1,19,25,21323,116312,0,0,0,0,0,273379,3,0
3,0,0,1,15,28,21324,116312,0,0,0,0,0,267381,3,0
0,0,0,0,23,28,21325,116312,0,0,0,0,0,267330,3,0
3,0,0,1,11,28,21326,116312,0,0,0,0,0,271040,4,0
1,0,0,0,7,28,21327,116312,0,0,0,0,0,267378,2,0
0,0,0,0,22,28,21328,116312,0,0,0,0,0,267884,3,0
1,0,0,0,69,28,21329,116312,0,0,0,0,0,232202,3,0
0,0,0,0,75,28,21330,116312,0,0,0,0,0,256095,2,0
0,0,0,0,35,28,21331,116312,0,0,0,0,0,274767,3,0
1,0,0,0,12,28,21332,116312,0,0,0,0,0,71586,3,0
0,0,0,0,16,28,21333,116312,0,0,0,0,0,71489,3,0
0,0,0,0,99,0,21334,131477,0,0,0,0,0,267244,1,0
0,0,0,0,3,3,21335,131477,0,0,0,0,0,267350,2,0
2,0,0,0,13,4,21336,131477,0,0,0,0,0,236641,1,0
0,0,0,0,4,6,21337,131477,0,0,0,0,0,267222,2,0
0,0,0,0,20,7,21338,131477,0,0,0,0,0,267208,2,0
1,0,0,0,21,23,21339,131477,0,0,0,0,0,267269,2,0
3,0,0,1,12,13,21340,131477,0,0,0,0,0,268505,2,0
1,0,0,0,23,14,21341,131477,0,0,0,0,0,267241,3,0
1,0,0,0,19,15,21342,131477,0,0,0,0,0,267250,3,0
3,0,0,1,9,27,21343,131477,0,0,0,0,0,272076,3,0
7,0,0,1,8,25,21344,131477,0,0,0,0,0,246629,4,0
2,0,0,0,10,28,21345,131477,0,0,0,0,0,268303,3,0
3,0,0,1,18,28,21346,131477,0,0,0,0,0,267283,3,0
4,0,0,1,55,28,21347,131477,0,0,0,0,0,273472,3,0
0,0,0,0,5,28,21348,131477,0,0,0,0,0,245873,3,0
0,0,0,0,29,28,21349,131477,0,0,0,0,0,273483,3,0
0,0,0,0,7,28,21350,131477,0,0,0,0,0,70578,3,0
0,0,0,0,2,28,21351,131477,0,0,0,0,0,71556,3,0
0,0,0,0,24,28,21352,131477,0,0,0,0,0,71680,3,0
0,0,0,0,16,28,21353,131477,0,0,0,0,0,71964,3,0
0,0,0,0,32,28,21354,131477,0,0,0,0,0,71967,3,0
0,0,0,0,14,28,21355,131477,0,0,0,0,0,71679,3,0
0,0,0,0,6,28,21356,131477,0,0,0,0,0,71600,3,0
0,0,0,0,15,29,21357,131477,0,0,0,0,0,71599,3,0
1,0,0,0,22,29,21358,131477,0,0,0,0,0,267338,3,0
0,0,0,0,1,29,21359,131477,0,0,0,0,0,270080,3,0
0,0,0,0,1,0,21360,131478,0,0,0,0,0,272994,3,0
0,0,0,0,12,3,21361,131478,0,0,0,0,0,273138,3,0
2,0,0,1,8,4,21362,131478,0,0,0,0,0,267332,4,0
2,0,0,1,17,6,21363,131478,0,0,0,0,0,272206,4,0
0,0,0,0,16,7,21364,131478,0,0,0,0,0,267225,3,0
0,0,0,0,21,10,21365,131478,0,0,0,0,0,267294,3,0
2,0,0,1,4,23,21366,131478,0,0,0,0,0,267358,3,0
0,0,0,0,19,13,21367,131478,0,0,0,0,0,267246,3,0
1,0,0,1,22,15,21368,131478,0,0,0,0,0,279867,3,0
3,0,0,1,9,27,21369,131478,0,0,0,0,0,71527,5,0
1,0,0,1,33,25,21370,131478,0,0,0,0,0,267214,5,0
0,0,0,0,15,28,21371,131478,0,0,0,0,0,71529,3,0
1,0,0,1,20,28,21372,131478,0,0,0,0,0,267363,3,0
0,0,0,0,6,28,21373,131478,0,0,0,0,0,279781,3,0
1,0,0,1,3,28,21374,131478,0,0,0,0,0,71807,3,0
0,0,0,0,32,28,21375,131478,0,0,0,0,0,71612,3,0
1,0,0,1,29,28,21376,131478,0,0,0,0,0,245835,5,0
0,0,0,0,7,28,21377,131478,0,0,0,0,0,267344,3,0
0,0,0,0,18,28,21378,131478,0,0,0,0,0,267388,4,0
1,0,0,1,24,28,21379,131478,0,0,0,0,0,265571,5,0
0,0,0,0,2,28,21380,131478,0,0,0,0,0,75010,3,0
0,0,0,0,27,28,21381,131478,0,0,0,0,0,267341,3,0
0,0,0,0,5,28,21382,131478,0,0,0,0,0,71613,3,0
0,0,0,0,14,29,21383,131478,0,0,0,0,0,72151,3,0
0,0,0,0,28,29,21384,131478,0,0,0,0,0,266092,3,0
0,0,0,0,13,0,21385,116325,0,0,0,0,0,268942,2,0
1,0,0,0,22,3,21386,116325,0,0,0,0,0,253436,5,0
1,0,0,0,23,4,21387,116325,0,0,0,0,0,242896,4,0
0,0,0,0,4,6,21388,116325,0,0,0,0,0,236479,3,0
1,0,0,0,16,7,21389,116325,0,0,0,0,0,227013,3,0
0,0,0,0,12,10,21390,116325,0,0,0,0,0,237289,4,0
3,1,0,1,10,23,21391,116325,0,0,0,0,0,227102,4,0
2,0,0,1,14,13,21392,116325,0,0,0,0,0,241667,3,0
4,1,0,1,11,15,21393,116325,0,0,0,0,0,227203,5,0
0,0,0,0,9,27,21394,116325,0,0,0,0,0,262531,3,0
6,1,0,1,17,25,21395,116325,0,0,0,1,0,241846,4,0
1,0,0,0,24,28,21396,116325,0,0,0,0,0,267530,3,0
0,0,0,0,2,28,21397,116325,0,0,0,0,0,227190,3,0
1,0,0,0,8,28,21398,116325,0,0,0,0,0,227191,3,0
1,0,0,0,5,28,21399,116325,0,0,0,0,0,268941,5,0
0,0,0,0,1,28,21400,116325,0,0,0,0,0,268943,3,0
2,0,0,1,21,28,21401,116325,0,0,0,0,0,242830,5,0
0,0,0,0,18,28,21402,116325,0,0,0,0,0,261855,4,0
1,0,0,0,19,28,21403,116325,0,0,0,0,0,271446,5,0
0,0,0,0,7,28,21404,116325,0,0,0,0,0,269404,3,0
0,0,0,0,25,28,21405,116325,0,0,0,0,0,247796,3,0
0,0,0,0,20,28,21406,116325,0,0,0,0,0,268947,3,0
0,0,0,0,28,28,21407,116325,0,0,0,0,0,272665,3,0
0,0,0,0,33,29,21408,116325,0,0,0,0,0,268944,3,0
0,0,0,0,1,0,21409,116326,0,0,0,0,0,258789,3,0
0,0,0,0,15,3,21410,116326,0,0,0,0,0,256303,2,0
0,0,0,0,23,4,21411,116326,0,0,0,0,0,265849,3,0
0,0,0,0,4,6,21412,116326,0,0,0,0,0,242797,4,0
2,0,0,1,7,7,21413,116326,0,0,0,0,0,262457,5,0
0,0,0,0,19,23,21414,116326,0,0,0,0,0,264725,3,0
0,0,0,0,3,13,21415,116326,0,0,0,0,0,258576,4,0
0,0,0,0,24,15,21416,116326,0,0,0,0,0,226354,3,0
1,0,0,1,22,27,21417,116326,0,0,0,0,0,259372,4,0
2,0,0,1,10,18,21418,116326,0,0,0,0,0,245879,3,0
0,0,0,0,11,25,21419,116326,0,0,0,0,0,246774,3,0
1,0,0,1,21,28,21420,116326,0,0,0,0,0,263964,3,0
0,0,0,0,5,28,21421,116326,0,0,0,0,0,272009,3,0
0,0,0,0,2,28,21422,116326,0,0,0,0,0,271945,4,0
1,0,0,1,14,28,21423,116326,0,0,0,0,0,271944,4,0
0,0,0,0,13,28,21424,116326,0,0,0,0,0,264865,4,0
2,0,0,1,16,28,21425,116326,0,0,0,0,0,268992,3,0
1,0,0,1,18,28,21426,116326,0,0,0,0,0,273153,3,0
0,0,0,0,20,28,21427,116326,0,0,0,0,0,265900,3,0
2,0,0,1,9,28,21428,116326,0,0,0,0,0,264946,2,0
0,0,0,0,17,28,21429,116326,0,0,0,0,0,268996,3,0
0,0,0,0,46,28,21430,116326,0,0,0,0,0,279215,3,0
0,0,0,0,28,28,21431,116326,0,0,0,0,0,272227,3,0
0,0,0,0,48,29,21432,116326,0,0,0,0,0,279107,3,0
1,0,0,1,6,29,21433,116326,0,0,0,0,0,227344,3,0
0,0,0,0,1,0,21434,116327,0,0,0,0,0,227204,3,0
0,0,0,0,3,3,21435,116327,0,0,0,0,0,256302,3,0
0,0,0,0,2,4,21436,116327,0,0,0,0,0,272109,3,0
2,0,0,1,4,6,21437,116327,0,0,0,0,0,272084,4,0
0,0,0,0,20,7,21438,116327,0,0,0,0,0,272110,4,0
1,0,0,1,8,10,21439,116327,0,0,0,0,0,272201,4,0
5,1,0,1,16,23,21440,116327,0,0,0,0,0,246630,4,0
0,0,0,0,6,13,21441,116327,0,0,0,0,0,265280,3,0
0,0,0,0,17,15,21442,116327,0,0,0,0,0,261835,4,0
1,0,0,1,18,27,21443,116327,0,0,0,0,0,271742,3,0
2,0,0,1,9,25,21444,116327,0,0,0,0,0,272145,3,0
0,0,0,0,11,28,21445,116327,0,0,0,0,0,272112,3,0
0,0,0,0,14,28,21446,116327,0,0,0,0,0,272053,4,0
0,0,0,0,15,28,21447,116327,0,0,0,0,0,272012,4,0
0,0,0,0,23,28,21448,116327,0,0,0,0,0,265021,3,0
0,0,0,0,13,28,21449,116327,0,0,0,0,0,272271,3,0
0,0,0,0,10,28,21450,116327,0,0,0,0,0,274754,3,0
0,0,0,0,21,28,21451,116327,0,0,0,0,0,272094,4,0
0,0,0,0,19,28,21452,116327,0,0,0,0,0,253437,3,0
1,0,0,1,7,28,21453,116327,0,0,0,0,0,227369,3,0
0,0,0,0,22,28,21454,116327,0,0,0,0,0,274780,3,0
0,0,0,0,29,28,21455,116327,0,0,0,0,0,272040,3,0
0,0,0,0,27,28,21456,116327,0,0,0,0,0,75041,3,0
0,0,0,0,13,0,21457,116328,0,0,0,0,0,272212,3,0
0,0,0,0,20,3,21458,116328,0,0,0,0,0,272125,2,0
0,0,0,0,3,4,21459,116328,0,0,0,0,0,272119,3,0
0,0,0,0,2,6,21460,116328,0,0,0,0,0,272203,2,0
1,0,0,1,17,7,21461,116328,0,0,0,0,0,272123,3,0
0,0,0,0,11,12,21462,116328,0,0,0,0,0,271942,3,0
0,0,0,0,14,13,21463,116328,0,0,0,0,0,272008,2,0
1,0,0,1,16,15,21464,116328,0,0,0,0,0,272127,3,0
0,0,0,0,15,16,21465,116328,0,0,0,0,0,272135,3,0
0,0,0,0,23,24,21466,116328,0,0,0,0,0,276445,3,0
1,0,0,1,7,26,21467,116328,0,0,0,0,0,246286,3,0
0,0,0,0,10,28,21468,116328,0,0,0,0,0,272131,3,0
1,0,0,1,6,28,21469,116328,0,0,0,0,0,272129,3,0
0,0,0,0,8,28,21470,116328,0,0,0,0,0,272130,3,0
0,0,0,0,12,28,21471,116328,0,0,0,0,0,272269,3,0
0,0,0,0,1,28,21472,116328,0,0,0,0,0,237287,3,0
0,0,0,0,22,28,21473,116328,0,0,0,0,0,258577,3,0
0,0,0,0,18,28,21474,116328,0,0,0,0,0,272137,2,0
0,0,0,0,19,28,21475,116328,0,0,0,0,0,272138,3,0
0,0,0,0,9,28,21476,116328,0,0,0,0,0,272262,3,0
0,0,0,0,24,28,21477,116328,0,0,0,0,0,73032,3,0
0,0,0,0,26,28,21478,116328,0,0,0,0,0,75246,3,0
1,0,0,1,5,28,21479,116328,0,0,0,0,0,74786,3,0
0,0,0,0,29,29,21480,116328,0,0,0,0,0,75062,3,0
0,0,0,0,28,29,21481,116328,0,0,0,0,0,272139,3,0
0,0,0,0,21,29,21482,116328,0,0,0,0,0,272124,3,0
0,0,0,0,4,29,21483,116328,0,0,0,0,0,272128,3,0
0,0,0,0,13,0,21484,116330,0,0,0,0,0,272108,4,0
0,0,0,0,3,3,21485,116330,0,0,0,0,0,267012,3,0
0,0,0,0,19,4,21486,116330,0,0,0,0,0,272037,3,0
0,0,0,0,4,6,21487,116330,0,0,0,0,0,272090,3,0
0,0,0,0,15,7,21488,116330,0,0,0,0,0,272172,4,0
0,0,0,0,8,23,21489,116330,0,0,0,0,0,275779,3,0
0,0,0,0,14,13,21490,116330,0,0,0,0,0,228622,3,0
0,0,0,0,6,14,21491,116330,0,0,0,0,0,272265,2,0
0,0,0,0,10,15,21492,116330,0,0,0,0,0,262460,3,0
0,0,0,0,7,27,21493,116330,0,0,0,0,0,272259,3,0
0,0,0,0,18,25,21494,116330,0,0,0,0,0,74025,2,0
0,0,0,0,21,28,21495,116330,0,0,0,0,0,272065,3,0
0,0,0,0,5,28,21496,116330,0,0,0,0,0,266917,3,0
0,0,0,0,11,28,21497,116330,0,0,0,0,0,272035,3,0
0,0,0,0,30,28,21498,116330,0,0,0,0,0,278665,3,0
0,0,0,0,1,28,21499,116330,0,0,0,0,0,272198,3,0
0,0,0,0,16,28,21500,116330,0,0,0,0,0,272245,2,0
0,0,0,0,28,28,21501,116330,0,0,0,0,0,278663,3,0
0,0,0,0,24,28,21502,116330,0,0,0,0,0,243407,3,0
0,0,0,0,22,28,21503,116330,0,0,0,0,0,272003,2,0
0,0,0,0,32,28,21504,116330,0,0,0,0,0,279106,3,0
0,0,0,0,29,28,21505,116330,0,0,0,0,0,279038,3,0
0,0,0,0,9,28,21506,116330,0,0,0,0,0,272024,3,0
0,0,0,0,13,0,21507,116331,0,0,0,0,0,275576,3,0
0,0,0,0,3,3,21508,116331,0,0,0,0,0,272251,3,0
1,0,0,1,18,4,21509,116331,0,0,0,0,0,272257,3,0
0,0,0,0,4,5,21510,116331,0,0,0,0,0,275579,3,0
0,0,0,0,23,6,21511,116331,0,0,0,0,0,278651,3,0
0,0,0,0,17,7,21512,116331,0,0,0,0,0,73586,3,0
0,0,0,0,6,10,21513,116331,0,0,0,0,0,276519,4,0
1,0,0,1,12,13,21514,116331,0,0,0,0,0,267069,4,0
0,0,0,0,7,15,21515,116331,0,0,0,0,0,275581,3,0
1,0,0,1,8,24,21516,116331,0,0,0,0,0,275586,3,0
2,0,0,1,9,26,21517,116331,0,0,0,0,0,275587,4,0
0,0,0,0,14,28,21518,116331,0,0,0,0,0,272033,3,0
0,0,0,0,21,28,21519,116331,0,0,0,0,0,276468,3,0
0,0,0,0,5,28,21520,116331,0,0,0,0,0,275578,3,0
0,0,0,0,20,28,21521,116331,0,0,0,0,0,73529,3,0
0,0,0,0,25,28,21522,116331,0,0,0,0,0,72705,3,0
0,0,0,0,11,28,21523,116331,0,0,0,0,0,275588,3,0
0,0,0,0,24,28,21524,116331,0,0,0,0,0,273565,2,0
0,0,0,0,10,28,21525,116331,0,0,0,0,0,275589,3,0
0,0,0,0,30,28,21526,116331,0,0,0,0,0,276446,3,0
0,0,0,0,1,28,21527,116331,0,0,0,0,0,275573,3,0
0,0,0,0,1,0,21528,116332,0,0,0,0,0,272235,4,0
0,0,0,0,11,3,21529,116332,0,0,0,0,0,269145,4,0
0,0,0,0,2,4,21530,116332,0,0,0,0,0,272113,3,0
0,0,0,0,22,6,21531,116332,0,0,0,0,0,272232,4,0
0,0,0,0,16,7,21532,116332,0,0,0,0,0,272234,3,0
0,0,0,0,12,10,21533,116332,0,0,0,0,0,272246,4,0
0,0,0,0,8,23,21534,116332,0,0,0,0,0,272214,4,0
0,0,0,0,5,13,21535,116332,0,0,0,0,0,272697,3,0
1,0,0,1,15,15,21536,116332,0,0,0,0,0,272147,3,0
2,0,0,1,7,27,21537,116332,0,0,0,0,0,264089,4,0
3,1,0,1,21,25,21538,116332,0,0,0,0,0,272217,4,0
0,0,0,0,24,28,21539,116332,0,0,0,0,0,73234,3,0
0,0,0,0,20,28,21540,116332,0,0,0,0,0,272229,3,0
0,0,0,0,18,28,21541,116332,0,0,0,0,0,272086,3,0
0,0,0,0,4,28,21542,116332,0,0,0,0,0,272231,3,0
0,0,0,0,13,28,21543,116332,0,0,0,0,0,71503,3,0
0,0,0,0,9,28,21544,116332,0,0,0,0,0,267654,3,0
0,0,0,0,3,28,21545,116332,0,0,0,0,0,273547,3,0
0,0,0,0,19,28,21546,116332,0,0,0,0,0,276637,4,0
1,0,0,1,10,28,21547,116332,0,0,0,0,0,264671,3,0
0,0,0,0,23,28,21548,116332,0,0,0,0,0,272228,4,0
0,0,0,0,17,28,21549,116332,0,0,0,0,0,233576,3,0
0,0,0,0,33,28,21550,116332,0,0,0,0,0,72120,3,0
0,0,0,0,25,29,21551,116332,0,0,0,0,0,75255,4,0
0,0,0,0,27,29,21552,116332,0,0,0,0,0,275047,3,0
0,0,0,0,14,29,21553,116332,0,0,0,0,0,272224,3,0
0,0,0,0,6,29,21554,116332,0,0,0,0,0,272225,3,0
0,0,0,0,13,0,21555,116333,0,0,0,0,0,264941,3,0
0,0,0,0,15,3,21556,116333,0,0,0,0,0,272019,3,0
0,0,0,0,4,4,21557,116333,0,0,0,0,0,268948,3,0
0,0,0,0,2,6,21558,116333,0,0,0,0,0,272059,4,0
1,0,0,1,3,7,21559,116333,0,0,0,0,0,272015,3,0
0,0,0,0,11,12,21560,116333,0,0,0,0,0,246287,3,0
0,0,0,0,21,13,21561,116333,0,0,0,0,0,262459,3,0
0,0,0,0,6,15,21562,116333,0,0,0,0,0,272007,4,0
0,0,0,0,20,16,21563,116333,0,0,0,0,0,272244,3,0
2,0,0,1,24,24,21564,116333,0,0,0,0,0,272100,2,0
1,0,0,1,10,26,21565,116333,0,0,0,0,0,272004,2,0
0,0,0,0,16,28,21566,116333,0,0,0,0,0,265906,3,0
0,0,0,0,5,28,21567,116333,0,0,0,0,0,72910,3,0
0,0,0,0,8,28,21568,116333,0,0,0,0,0,272017,3,0
0,0,0,0,17,28,21569,116333,0,0,0,0,0,272014,3,0
0,0,0,0,1,28,21570,116333,0,0,0,0,0,272020,4,0
0,0,0,0,7,28,21571,116333,0,0,0,0,0,272047,3,0
0,0,0,0,14,28,21572,116333,0,0,0,0,0,272185,2,0
0,0,0,0,33,28,21573,116333,0,0,0,0,0,70495,3,0
0,0,0,0,31,28,21574,116333,0,0,0,0,0,72706,3,0
0,0,0,0,23,28,21575,116333,0,0,0,0,0,272018,3,0
0,0,0,0,35,28,21576,116333,0,0,0,0,0,75066,3,0
0,0,0,0,1,0,21577,116334,0,0,0,0,0,272061,1,0
1,0,0,1,17,3,21578,116334,0,0,0,0,0,272204,1,0
0,0,0,0,6,4,21579,116334,0,0,0,0,0,246364,2,0
0,0,0,0,19,6,21580,116334,0,0,0,0,0,272013,1,0
0,0,0,0,7,7,21581,116334,0,0,0,0,0,272067,1,0
0,0,0,0,8,9,21582,116334,0,0,0,0,0,245962,3,0
0,0,0,0,16,11,21583,116334,0,0,0,0,0,277544,3,0
0,0,0,0,14,17,21584,116334,0,0,0,0,0,272071,3,0
2,0,0,1,11,18,21585,116334,0,0,0,0,0,73850,3,0
0,0,0,0,10,19,21586,116334,0,0,0,0,0,246359,1,0
1,0,0,1,12,25,21587,116334,0,0,0,0,0,248365,3,0
0,0,0,0,24,28,21588,116334,0,0,0,0,0,267326,3,0
0,0,0,0,18,28,21589,116334,0,0,0,0,0,276771,3,0
0,0,0,0,4,28,21590,116334,0,0,0,0,0,272082,3,0
0,0,0,0,3,28,21591,116334,0,0,0,0,0,268949,1,0
0,0,0,0,30,28,21592,116334,0,0,0,0,0,277685,3,0
0,0,0,0,15,28,21593,116334,0,0,0,0,0,74893,3,0
0,0,0,0,27,28,21594,116334,0,0,0,0,0,272077,3,0
0,0,0,0,20,28,21595,116334,0,0,0,0,0,278653,3,0
1,0,0,1,9,28,21596,116334,0,0,0,0,0,272241,3,0
0,0,0,0,2,28,21597,116334,0,0,0,0,0,75067,3,0
0,0,0,0,32,28,21598,116334,0,0,0,0,0,272072,3,0
0,0,0,0,1,0,21599,116336,0,0,0,0,0,272213,3,0
0,0,0,0,21,3,21600,116336,0,0,0,0,0,271443,3,0
0,0,0,0,12,4,21601,116336,0,0,0,0,0,268993,3,0
2,0,0,1,2,6,21602,116336,0,0,0,0,0,272208,5,0
0,0,0,0,15,7,21603,116336,0,0,0,0,0,272025,5,0
0,0,0,0,8,10,21604,116336,0,0,0,0,0,261843,4,0
2,0,0,1,7,23,21605,116336,0,0,0,0,0,262545,3,0
1,0,0,1,22,13,21606,116336,0,0,0,0,0,272054,5,0
0,0,0,0,19,15,21607,116336,0,0,0,0,0,268994,3,0
1,0,0,1,10,27,21608,116336,0,0,0,0,0,259334,4,0
1,0,0,1,9,25,21609,116336,0,0,0,0,0,269131,4,0
0,0,0,0,11,28,21610,116336,0,0,0,0,0,272200,3,0
0,0,0,0,17,28,21611,116336,0,0,0,0,0,276796,3,0
0,0,0,0,3,28,21612,116336,0,0,0,0,0,272205,3,0
0,0,0,0,6,28,21613,116336,0,0,0,0,0,272210,3,0
0,0,0,0,13,28,21614,116336,0,0,0,0,0,272211,3,0
0,0,0,0,20,28,21615,116336,0,0,0,0,0,272199,3,0
1,0,0,1,23,28,21616,116336,0,0,0,0,0,227359,3,0
0,0,0,0,4,28,21617,116336,0,0,0,0,0,276711,4,0
1,0,0,1,18,28,21618,116336,0,0,0,0,0,272073,4,0
0,0,0,0,5,28,21619,116336,0,0,0,0,0,272034,3,0
0,0,0,0,26,28,21620,116336,0,0,0,0,0,279191,3,0
0,0,0,0,14,28,21621,116336,0,0,0,0,0,276809,3,0
0,0,0,0,16,29,21622,116336,0,0,0,0,0,277259,3,0
0,0,0,0,31,29,21623,116336,0,0,0,0,0,70796,3,0
0,0,0,0,1,0,21624,116337,0,0,0,0,0,228630,4,0
0,0,0,0,17,3,21625,116337,0,0,0,0,0,228626,3,0
0,0,0,0,5,4,21626,116337,0,0,0,0,0,272055,4,0
0,0,0,0,19,6,21627,116337,0,0,0,0,0,261853,4,0
0,0,0,0,23,7,21628,116337,0,0,0,0,0,272180,3,0
2,0,0,1,9,23,21629,116337,0,0,0,0,0,272146,3,0
0,0,0,0,6,13,21630,116337,0,0,0,0,0,275774,4,0
0,0,0,0,8,15,21631,116337,0,0,0,0,0,275775,4,0
3,1,0,1,22,27,21632,116337,0,0,0,0,0,277278,3,0
0,0,0,0,21,18,21633,116337,0,0,0,0,0,241182,3,0
0,0,0,0,18,25,21634,116337,0,0,0,0,0,272116,3,0
0,0,0,0,16,28,21635,116337,0,0,0,0,0,272202,3,0
1,0,0,1,14,28,21636,116337,0,0,0,0,0,272060,3,0
0,0,0,0,7,28,21637,116337,0,0,0,0,0,278194,4,0
0,0,0,0,30,28,21638,116337,0,0,0,0,0,278942,3,0
0,0,0,0,13,28,21639,116337,0,0,0,0,0,267127,3,0
0,0,0,0,11,28,21640,116337,0,0,0,0,0,273239,3,0
0,0,0,0,10,28,21641,116337,0,0,0,0,0,73730,3,0
0,0,0,0,20,28,21642,116337,0,0,0,0,0,273912,3,0
0,0,0,0,29,28,21643,116337,0,0,0,0,0,277256,3,0
0,0,0,0,1,0,21644,116339,0,0,0,0,0,271943,3,0
0,0,0,0,2,3,21645,116339,0,0,0,0,0,272626,3,0
0,0,0,0,6,4,21646,116339,0,0,0,0,0,268995,3,0
0,0,0,0,18,6,21647,116339,0,0,0,0,0,73587,3,0
0,0,0,0,14,7,21648,116339,0,0,0,0,0,272087,3,0
0,0,0,0,5,10,21649,116339,0,0,0,0,0,242795,3,0
0,0,0,0,7,23,21650,116339,0,0,0,0,0,272183,3,0
0,0,0,0,10,13,21651,116339,0,0,0,0,0,272097,2,0
0,0,0,0,15,15,21652,116339,0,0,0,0,0,272079,3,0
1,0,0,1,20,27,21653,116339,0,0,0,0,0,272098,3,0
0,0,0,0,11,25,21654,116339,0,0,0,0,0,73721,3,0
0,0,0,0,21,28,21655,116339,0,0,0,0,0,272167,4,0
0,0,0,0,19,28,21656,116339,0,0,0,0,0,272089,3,0
0,0,0,0,23,28,21657,116339,0,0,0,0,0,273235,3,0
0,0,0,0,24,28,21658,116339,0,0,0,0,0,277145,4,0
0,0,0,0,13,28,21659,116339,0,0,0,0,0,273142,4,0
0,0,0,0,16,28,21660,116339,0,0,0,0,0,73590,3,0
0,0,0,0,17,28,21661,116339,0,0,0,0,0,272103,3,0
0,0,0,0,9,28,21662,116339,0,0,0,0,0,272101,3,0
1,0,0,1,22,28,21663,116339,0,0,0,0,0,265171,2,0
0,0,0,0,8,28,21664,116339,0,0,0,0,0,73521,3,0
0,0,0,0,27,28,21665,116339,0,0,0,0,0,272107,3,0
0,0,0,0,30,28,21666,116339,0,0,0,0,0,272106,3,0
0,0,0,0,25,0,21667,131125,0,0,0,0,0,274075,3,0
0,0,0,0,16,3,21668,131125,0,0,0,0,0,272064,4,0
0,0,0,0,3,4,21669,131125,0,0,0,0,0,272085,3,0
0,0,0,0,4,6,21670,131125,0,0,0,0,0,272111,4,0
0,0,0,0,5,7,21671,131125,0,0,0,0,0,227207,3,0
0,0,0,0,11,23,21672,131125,0,0,0,0,0,272163,3,0
2,0,0,1,6,13,21673,131125,0,0,0,0,0,272148,3,0
1,0,0,1,20,14,21674,131125,0,0,0,0,0,272081,4,0
1,0,0,1,17,15,21675,131125,0,0,0,0,0,273244,4,0
1,0,0,1,9,27,21676,131125,0,0,0,0,0,272099,5,0
1,0,0,1,7,25,21677,131125,0,0,0,0,0,272159,4,0
0,0,0,0,15,28,21678,131125,0,0,0,0,0,227674,3,0
0,0,0,0,22,28,21679,131125,0,0,0,0,0,265852,3,0
0,0,0,0,23,28,21680,131125,0,0,0,0,0,272140,3,0
0,0,0,0,14,28,21681,131125,0,0,0,0,0,272174,4,0
0,0,0,0,1,28,21682,131125,0,0,0,0,0,272021,3,0
0,0,0,0,10,28,21683,131125,0,0,0,0,0,246356,3,0
0,0,0,0,8,28,21684,131125,0,0,0,0,0,272164,3,0
0,0,0,0,21,28,21685,131125,0,0,0,0,0,276904,3,0
0,0,0,0,19,28,21686,131125,0,0,0,0,0,272263,3,0
0,0,0,0,18,28,21687,131125,0,0,0,0,0,272162,3,0
0,0,0,0,40,28,21688,131125,0,0,0,0,0,278313,3,0
0,0,0,0,2,28,21689,131125,0,0,0,0,0,272168,3,0
0,0,0,0,13,29,21690,131125,0,0,0,0,0,272177,3,0
0,0,0,0,25,0,21691,131391,0,0,0,0,0,74395,2,0
0,0,0,0,21,3,21692,131391,0,0,0,0,0,275768,3,0
0,0,0,0,20,4,21693,131391,0,0,0,0,0,275574,2,0
0,0,0,0,4,6,21694,131391,0,0,0,0,0,277573,2,0
0,0,0,0,24,7,21695,131391,0,0,0,0,0,277339,3,0
0,0,0,0,7,12,21696,131391,0,0,0,0,0,275787,2,0
0,0,0,0,6,13,21697,131391,0,0,0,0,0,277048,2,0
0,0,0,0,14,15,21698,131391,0,0,0,0,0,272270,3,0
1,0,0,1,10,16,21699,131391,0,0,0,0,0,275784,2,0
2,0,0,1,19,24,21700,131391,0,0,0,0,0,277452,2,0
0,0,0,0,16,26,21701,131391,0,0,0,0,0,272136,3,0
0,0,0,0,3,28,21702,131391,0,0,0,0,0,275770,2,0
0,0,0,0,5,28,21703,131391,0,0,0,0,0,272121,3,0
0,0,0,0,12,28,21704,131391,0,0,0,0,0,275765,3,0
0,0,0,0,23,28,21705,131391,0,0,0,0,0,72223,3,0
0,0,0,0,1,28,21706,131391,0,0,0,0,0,275762,3,0
0,0,0,0,22,28,21707,131391,0,0,0,0,0,272032,3,0
1,0,0,1,9,28,21708,131391,0,0,0,0,0,272049,3,0
0,0,0,0,11,28,21709,131391,0,0,0,0,0,277073,3,0
0,0,0,0,17,28,21710,131391,0,0,0,0,0,74299,3,0
0,0,0,0,15,28,21711,131391,0,0,0,0,0,275789,3,0
0,0,0,0,8,28,21712,131391,0,0,0,0,0,73648,3,0
0,0,0,0,13,28,21713,131391,0,0,0,0,0,275761,3,0
0,0,0,0,13,0,21714,131720,0,0,0,0,0,261848,5,0
0,0,0,0,22,3,21715,131720,0,0,0,0,0,72148,3,0
0,0,0,0,18,4,21716,131720,0,0,0,0,0,72286,3,0
0,0,0,0,3,6,21717,131720,0,0,0,0,0,73029,4,0
0,0,0,0,20,7,21718,131720,0,0,0,0,0,245961,3,0
0,0,0,0,21,10,21719,131720,0,0,0,0,0,272188,2,0
0,0,0,0,17,23,21720,131720,0,0,0,0,0,272238,3,0
0,0,0,0,7,13,21721,131720,0,0,0,0,0,72150,3,0
0,0,0,0,6,15,21722,131720,0,0,0,0,0,72147,3,0
0,0,0,0,19,27,21723,131720,0,0,0,0,0,236478,3,0
0,0,0,0,10,25,21724,131720,0,0,0,0,0,72221,3,0
0,0,0,0,4,28,21725,131720,0,0,0,0,0,72285,3,0
0,0,0,0,8,28,21726,131720,0,0,0,0,0,72152,3,0
0,0,0,0,2,28,21727,131720,0,0,0,0,0,72215,3,0
0,0,0,0,5,28,21728,131720,0,0,0,0,0,73231,3,0
0,0,0,0,1,28,21729,131720,0,0,0,0,0,72217,3,0
0,0,0,0,14,28,21730,131720,0,0,0,0,0,72149,2,0
1,0,0,1,16,28,21731,131720,0,0,0,0,0,278195,4,0
2,0,0,1,9,28,21732,131720,0,0,0,0,0,272239,3,0
0,0,0,0,11,28,21733,131720,0,0,0,0,0,272102,3,0
0,0,0,0,27,28,21734,131720,0,0,0,0,0,72665,3,0
0,0,0,0,28,28,21735,131720,0,0,0,0,0,72288,3,0
0,0,0,0,26,28,21736,131720,0,0,0,0,0,72814,3,0
0,0,0,0,1,0,21737,131733,0,0,0,0,0,269921,2,0
0,0,0,0,22,3,21738,131733,0,0,0,0,0,273150,2,0
0,0,0,0,14,4,21739,131733,0,0,0,0,0,272254,3,0
0,0,0,0,21,6,21740,131733,0,0,0,0,0,72359,3,0
0,0,0,0,16,7,21741,131733,0,0,0,0,0,272038,3,0
1,0,0,1,23,23,21742,131733,0,0,0,0,0,272048,5,0
0,0,0,0,6,13,21743,131733,0,0,0,0,0,72344,3,0
0,0,0,0,17,14,21744,131733,0,0,0,0,0,72364,2,0
1,0,0,1,20,15,21745,131733,0,0,0,0,0,272153,4,0
0,0,0,0,11,27,21746,131733,0,0,0,0,0,73226,3,0
1,0,0,1,10,25,21747,131733,0,0,0,0,0,272266,4,0
0,0,0,0,9,28,21748,131733,0,0,0,0,0,72362,3,0
0,0,0,0,2,28,21749,131733,0,0,0,0,0,72340,3,0
0,0,0,0,5,28,21750,131733,0,0,0,0,0,72345,3,0
0,0,0,0,4,28,21751,131733,0,0,0,0,0,272126,2,0
0,0,0,0,13,28,21752,131733,0,0,0,0,0,72368,3,0
0,0,0,0,18,28,21753,131733,0,0,0,0,0,246222,3,0
0,0,0,0,15,28,21754,131733,0,0,0,0,0,273269,3,0
0,0,0,0,8,28,21755,131733,0,0,0,0,0,272029,3,0
0,0,0,0,28,28,21756,131733,0,0,0,0,0,275967,3,0
0,0,0,0,19,28,21757,131733,0,0,0,0,0,275782,3,0
0,0,0,0,7,28,21758,131733,0,0,0,0,0,72361,3,0
0,0,0,0,33,28,21759,131733,0,0,0,0,0,75007,3,0
0,0,0,0,30,29,21760,131733,0,0,0,0,0,72377,3,0
0,0,0,0,26,29,21761,131733,0,0,0,0,0,73229,3,0
0,0,0,0,16,0,21762,116280,0,0,0,0,0,246178,3,0
0,0,0,0,71,4,21763,116280,0,0,0,0,0,266937,3,0
0,0,0,0,25,5,21764,116280,0,0,0,0,0,272010,3,0
0,0,0,0,20,6,21765,116280,0,0,0,0,0,256094,3,0
0,0,0,0,9,23,21766,116280,0,0,0,0,0,266996,3,0
0,0,0,0,22,12,21767,116280,0,0,0,0,0,246786,3,0
0,0,0,0,15,13,21768,116280,0,0,0,0,0,263966,3,0
0,0,0,0,21,15,21769,116280,0,0,0,0,0,266933,3,0
0,0,0,0,27,16,21770,116280,0,0,0,0,0,262092,3,0
0,0,0,0,18,27,21771,116280,0,0,0,0,0,266931,3,0
0,0,0,0,10,25,21772,116280,0,0,0,0,0,227073,3,0
0,0,0,0,11,28,21773,116280,0,0,0,0,0,227072,3,0
0,0,0,0,19,28,21774,116280,0,0,0,0,0,266962,3,0
0,0,0,0,13,28,21775,116280,0,0,0,0,0,227096,3,0
0,0,0,0,23,28,21776,116280,0,0,0,0,0,227074,3,0
0,0,0,0,31,28,21777,116280,0,0,0,0,0,72950,3,0
0,0,0,0,24,28,21778,116280,0,0,0,0,0,279910,3,0
0,0,0,0,8,28,21779,116280,0,0,0,0,0,227067,3,0
0,0,0,0,14,28,21780,116280,0,0,0,0,0,273099,3,0
0,0,0,0,17,28,21781,116280,0,0,0,0,0,267102,3,0
0,0,0,0,7,28,21782,116280,0,0,0,0,0,265311,3,0
0,0,0,0,6,28,21783,116280,0,0,0,0,0,273001,3,0
0,0,0,0,3,28,21784,116280,0,0,0,0,0,227098,3,0
0,0,0,0,12,0,21785,116282,0,0,0,0,0,266967,3,0
0,0,0,0,3,3,21786,116282,0,0,0,0,0,266970,3,0
0,0,0,0,32,4,21787,116282,0,0,0,0,0,227069,3,0
0,0,0,0,2,6,21788,116282,0,0,0,0,0,247805,3,0
0,0,0,0,19,7,21789,116282,0,0,0,0,0,264955,3,0
0,0,0,0,8,10,21790,116282,0,0,0,0,0,226997,3,0
0,0,0,0,7,23,21791,116282,0,0,0,0,0,261514,3,0
0,0,0,0,10,13,21792,116282,0,0,0,0,0,227095,3,0
0,0,0,0,20,15,21793,116282,0,0,0,0,0,266973,3,0
0,0,0,0,11,27,21794,116282,0,0,0,0,0,227101,3,0
0,0,0,0,9,25,21795,116282,0,0,0,0,0,228168,3,0
0,0,0,0,18,28,21796,116282,0,0,0,0,0,253742,3,0
0,0,0,0,51,28,21797,116282,0,0,0,0,0,266592,3,0
0,0,0,0,23,28,21798,116282,0,0,0,0,0,241549,3,0
0,0,0,0,6,28,21799,116282,0,0,0,0,0,272122,3,0
0,0,0,0,1,28,21800,116282,0,0,0,0,0,275811,3,0
0,0,0,0,30,28,21801,116282,0,0,0,0,0,276098,3,0
0,0,0,0,27,28,21802,116282,0,0,0,0,0,276284,3,0
0,0,0,0,17,28,21803,116282,0,0,0,0,0,275887,3,0
0,0,0,0,14,28,21804,116282,0,0,0,0,0,264987,3,0
0,0,0,0,22,28,21805,116282,0,0,0,0,0,267025,3,0
0,0,0,0,1,0,21806,131358,0,0,0,0,0,265115,3,0
0,0,0,0,19,3,21807,131358,0,0,0,0,0,261858,3,0
0,0,0,0,80,4,21808,131358,0,0,0,0,0,276511,3,0
0,0,0,0,15,6,21809,131358,0,0,0,0,0,261829,3,0
0,0,0,0,5,7,21810,131358,0,0,0,0,0,273280,3,0
0,0,0,0,9,23,21811,131358,0,0,0,0,0,275927,3,0
0,0,0,0,6,13,21812,131358,0,0,0,0,0,261845,3,0
0,0,0,0,23,14,21813,131358,0,0,0,0,0,275938,3,0
0,0,0,0,2,15,21814,131358,0,0,0,0,0,267529,3,0
0,0,0,0,25,27,21815,131358,0,0,0,0,0,70851,3,0
0,0,0,0,7,25,21816,131358,0,0,0,0,0,272050,3,0
0,0,0,0,17,28,21817,131358,0,0,0,0,0,261838,3,0
0,0,0,0,21,28,21818,131358,0,0,0,0,0,275932,3,0
0,0,0,0,16,28,21819,131358,0,0,0,0,0,273265,3,0
0,0,0,0,35,28,21820,131358,0,0,0,0,0,73230,3,0
0,0,0,0,66,28,21821,131358,0,0,0,0,0,261857,3,0
0,0,0,0,28,28,21822,131358,0,0,0,0,0,237290,3,0
0,0,0,0,14,28,21823,131358,0,0,0,0,0,276397,3,0
0,0,0,0,11,28,21824,131358,0,0,0,0,0,246223,3,0
0,0,0,0,13,28,21825,131358,0,0,0,0,0,268470,3,0
0,0,0,0,20,28,21826,131358,0,0,0,0,0,277780,3,0
0,0,0,0,3,28,21827,131358,0,0,0,0,0,75306,3,0
0,0,0,0,31,0,21828,131359,0,0,0,0,0,275966,3,0
0,0,0,0,26,3,21829,131359,0,0,0,0,0,275961,3,0
0,0,0,0,8,4,21830,131359,0,0,0,0,0,233747,3,0
0,0,0,0,25,6,21831,131359,0,0,0,0,0,275948,3,0
0,0,0,0,24,7,21832,131359,0,0,0,0,0,277813,3,0
0,0,0,0,23,23,21833,131359,0,0,0,0,0,277952,3,0
0,0,0,0,20,13,21834,131359,0,0,0,0,0,277951,3,0
0,0,0,0,21,14,21835,131359,0,0,0,0,0,275964,3,0
0,0,0,0,10,15,21836,131359,0,0,0,0,0,275969,3,0
0,0,0,0,16,27,21837,131359,0,0,0,0,0,277812,3,0
0,0,0,0,19,25,21838,131359,0,0,0,0,0,275971,3,0
0,0,0,0,17,28,21839,131359,0,0,0,0,0,277816,3,0
0,0,0,0,9,28,21840,131359,0,0,0,0,0,277815,3,0
0,0,0,0,22,28,21841,131359,0,0,0,0,0,275945,3,0
0,0,0,0,6,28,21842,131359,0,0,0,0,0,275949,3,0
0,0,0,0,1,28,21843,131359,0,0,0,0,0,275968,3,0
0,0,0,0,3,28,21844,131359,0,0,0,0,0,275962,3,0
0,0,0,0,18,28,21845,131359,0,0,0,0,0,275963,3,0
0,0,0,0,12,28,21846,131359,0,0,0,0,0,73227,3,0
0,0,0,0,13,28,21847,131359,0,0,0,0,0,278089,3,0
0,0,0,0,4,28,21848,131359,0,0,0,0,0,73228,3,0
0,0,0,0,22,0,21849,131360,0,0,0,0,0,74187,3,0
0,0,0,0,17,3,21850,131360,0,0,0,0,0,275817,3,0
0,0,0,0,13,4,21851,131360,0,0,0,0,0,276382,3,0
0,0,0,0,20,6,21852,131360,0,0,0,0,0,275813,3,0
0,0,0,0,24,7,21853,131360,0,0,0,0,0,275827,3,0
0,0,0,0,10,9,21854,131360,0,0,0,0,0,275824,3,0
0,0,0,0,25,11,21855,131360,0,0,0,0,0,275820,3,0
0,0,0,0,12,12,21856,131360,0,0,0,0,0,275826,3,0
0,0,0,0,16,16,21857,131360,0,0,0,0,0,275808,3,0
0,0,0,0,21,18,21858,131360,0,0,0,0,0,265304,3,0
0,0,0,0,23,25,21859,131360,0,0,0,0,0,276345,3,0
0,0,0,0,9,28,21860,131360,0,0,0,0,0,275809,3,0
0,0,0,0,19,28,21861,131360,0,0,0,0,0,275818,3,0
0,0,0,0,30,28,21862,131360,0,0,0,0,0,274770,3,0
0,0,0,0,14,28,21863,131360,0,0,0,0,0,275814,3,0
0,0,0,0,33,28,21864,131360,0,0,0,0,0,265040,3,0
0,0,0,0,28,28,21865,131360,0,0,0,0,0,275822,3,0
0,0,0,0,36,28,21866,131360,0,0,0,0,0,275821,3,0
0,0,0,0,8,28,21867,131360,0,0,0,0,0,275823,3,0
0,0,0,0,37,28,21868,131360,0,0,0,0,0,74713,3,0
0,0,0,0,1,0,21869,131361,0,0,0,0,0,276850,3,0
0,0,0,0,7,3,21870,131361,0,0,0,0,0,266793,3,0
0,0,0,0,3,4,21871,131361,0,0,0,0,0,74026,3,0
0,0,0,0,26,6,21872,131361,0,0,0,0,0,276615,3,0
0,0,0,0,5,7,21873,131361,0,0,0,0,0,273406,3,0
0,0,0,0,13,10,21874,131361,0,0,0,0,0,276617,3,0
0,0,0,0,9,12,21875,131361,0,0,0,0,0,264911,3,0
0,0,0,0,25,13,21876,131361,0,0,0,0,0,277308,3,0
0,0,0,0,19,15,21877,131361,0,0,0,0,0,71294,3,0
0,0,0,0,27,16,21878,131361,0,0,0,0,0,277709,3,0
0,0,0,0,10,25,21879,131361,0,0,0,0,0,74022,3,0
0,0,0,0,49,28,21880,131361,0,0,0,0,0,75017,3,0
0,0,0,0,8,28,21881,131361,0,0,0,0,0,277307,3,0
0,0,0,0,18,28,21882,131361,0,0,0,0,0,70148,3,0
0,0,0,0,29,28,21883,131361,0,0,0,0,0,277718,3,0
0,0,0,0,21,28,21884,131361,0,0,0,0,0,74019,3,0
0,0,0,0,48,28,21885,131361,0,0,0,0,0,75005,3,0
0,0,0,0,2,28,21886,131361,0,0,0,0,0,74023,3,0
0,0,0,0,16,28,21887,131361,0,0,0,0,0,74029,3,0
0,0,0,0,47,28,21888,131361,0,0,0,0,0,75002,3,0
0,0,0,0,24,28,21889,131361,0,0,0,0,0,275845,3,0
0,0,0,0,46,28,21890,131361,0,0,0,0,0,75015,3,0
0,0,0,0,12,0,21891,131362,0,0,0,0,0,275913,3,0
0,0,0,0,15,4,21892,131362,0,0,0,0,0,226976,3,0
0,0,0,0,3,5,21893,131362,0,0,0,0,0,269657,3,0
0,0,0,0,8,6,21894,131362,0,0,0,0,0,246414,3,0
0,0,0,0,9,23,21895,131362,0,0,0,0,0,275917,3,0
0,0,0,0,6,12,21896,131362,0,0,0,0,0,275925,3,0
0,0,0,0,17,13,21897,131362,0,0,0,0,0,226975,3,0
0,0,0,0,18,15,21898,131362,0,0,0,0,0,246633,3,0
0,0,0,0,22,16,21899,131362,0,0,0,0,0,226985,3,0
0,0,0,0,13,27,21900,131362,0,0,0,0,0,273177,3,0
0,0,0,0,16,25,21901,131362,0,0,0,0,0,277451,3,0
0,0,0,0,11,28,21902,131362,0,0,0,0,0,275919,3,0
0,0,0,0,24,28,21903,131362,0,0,0,0,0,277881,3,0
0,0,0,0,25,28,21904,131362,0,0,0,0,0,227011,3,0
0,0,0,0,44,28,21905,131362,0,0,0,0,0,276238,3,0
0,0,0,0,1,28,21906,131362,0,0,0,0,0,266451,3,0
0,0,0,0,27,28,21907,131362,0,0,0,0,0,70047,3,0
0,0,0,0,46,28,21908,131362,0,0,0,0,0,276237,3,0
0,0,0,0,48,28,21909,131362,0,0,0,0,0,277185,3,0
0,0,0,0,40,28,21910,131362,0,0,0,0,0,275914,3,0
0,0,0,0,5,28,21911,131362,0,0,0,0,0,279933,3,0
0,0,0,0,10,28,21912,131362,0,0,0,0,0,70145,3,0
0,0,0,0,45,28,21913,131362,0,0,0,0,0,74915,3,0
0,0,0,0,29,0,21914,131363,0,0,0,0,0,245871,3,0
0,0,0,0,23,3,21915,131363,0,0,0,0,0,275896,3,0
0,0,0,0,5,4,21916,131363,0,0,0,0,0,273383,3,0
0,0,0,0,20,6,21917,131363,0,0,0,0,0,265681,3,0
0,0,0,0,3,7,21918,131363,0,0,0,0,0,273391,3,0
0,0,0,0,24,23,21919,131363,0,0,0,0,0,275899,3,0
0,0,0,0,4,13,21920,131363,0,0,0,0,0,245891,3,0
0,0,0,0,7,14,21921,131363,0,0,0,0,0,275891,3,0
0,0,0,0,6,15,21922,131363,0,0,0,0,0,245888,3,0
0,0,0,0,17,27,21923,131363,0,0,0,0,0,265305,3,0
0,0,0,0,12,25,21924,131363,0,0,0,0,0,70581,3,0
0,0,0,0,10,28,21925,131363,0,0,0,0,0,74047,3,0
0,0,0,0,11,28,21926,131363,0,0,0,0,0,265203,3,0
0,0,0,0,22,28,21927,131363,0,0,0,0,0,74024,3,0
0,0,0,0,2,28,21928,131363,0,0,0,0,0,275898,3,0
0,0,0,0,35,28,21929,131363,0,0,0,0,0,74912,3,0
0,0,0,0,9,28,21930,131363,0,0,0,0,0,274811,3,0
0,0,0,0,15,28,21931,131363,0,0,0,0,0,276843,3,0
0,0,0,0,32,28,21932,131363,0,0,0,0,0,245884,3,0
0,0,0,0,30,28,21933,131363,0,0,0,0,0,278163,3,0
0,0,0,0,21,28,21934,131363,0,0,0,0,0,74017,3,0
0,0,0,0,28,28,21935,131363,0,0,0,0,0,74027,3,0
0,0,0,0,25,28,21936,131363,0,0,0,0,0,74030,3,0
0,0,0,0,26,29,21937,131363,0,0,0,0,0,74046,3,0
0,0,0,0,8,29,21938,131363,0,0,0,0,0,74021,3,0
0,0,0,0,99,29,21939,131524,0,0,0,0,0,70846,3,0
0,0,0,0,1,29,21940,131524,0,0,0,0,0,70847,3,0
