playerid35,playerid0,playerid9,customsub0in,playerid36,rightfreekicktakerid,playerid44,playerid27,playerid1,playerid38,playerid31,playerid7,playerid20,playerid39,playerid42,playerid48,playerid13,playerid6,customsub0out,playerid37,playerid5,playerid45,playerid8,playerid14,playerid46,longkicktakerid,playerid12,playerid2,rightcornerkicktakerid,playerid30,customsub1in,playerid15,playerid41,playerid47,playerid23,playerid16,customsub1out,leftcornerkicktakerid,playerid18,playerid4,playerid40,playerid49,customsub2out,teamid,playerid22,playerid24,playerid11,customsub2in,playerid3,captainid,playerid51,leftfreekicktakerid,playerid25,playerid33,playerid19,playerid17,playerid26,playerid50,playerid34,penaltytakerid,playerid32,freekicktakerid,playerid28,playerid21,playerid10,playerid43,playerid29
-1,220901,207421,-1,-1,234378,-1,-1,251805,-1,-1,234378,246669,-1,-1,-1,226491,222665,-1,-1,209989,-1,271807,227813,-1,234378,231936,243715,271807,-1,-1,257711,-1,-1,232938,265693,-1,234378,225193,278773,-1,-1,-1,1,230666,-1,205498,-1,232580,222665,-1,234378,-1,-1,251566,194404,-1,-1,-1,222665,-1,234378,-1,235790,202652,-1,-1
-1,202811,260247,-1,-1,200458,-1,-1,227174,-1,-1,229906,229942,-1,-1,-1,199189,216393,-1,-1,257057,-1,246923,264209,-1,216393,231447,227678,200458,-1,-1,248465,-1,-1,241464,275468,-1,216393,220834,200458,-1,-1,-1,2,210635,-1,210881,-1,236987,202811,-1,216393,-1,-1,231677,207557,-1,-1,-1,216393,-1,200458,-1,212419,221697,-1,-1
-1,240595,225748,-1,-1,225748,-1,256965,232185,-1,-1,257063,234319,-1,-1,-1,194017,193910,-1,-1,212099,-1,218343,271743,-1,225748,244626,195037,225748,259226,-1,238336,-1,-1,231540,242751,-1,225748,238196,264299,-1,-1,-1,3,243612,264746,245652,-1,221281,195037,-1,232185,278314,-1,242749,74726,239015,-1,-1,225748,-1,225748,205887,235770,245766,-1,237211
-1,234803,238368,-1,-1,239377,-1,-1,229073,-1,-1,221705,251311,-1,-1,-1,235807,212366,-1,-1,239377,-1,255913,256442,-1,212366,244871,239540,239377,-1,-1,244240,-1,-1,246002,254522,-1,212366,178287,240912,-1,-1,-1,4,244559,219795,225867,-1,212090,212090,-1,212366,246296,-1,233442,235027,270617,-1,-1,225509,-1,212366,-1,224447,225509,-1,-1
-1,228789,257534,-1,-1,257534,-1,278813,259307,-1,-1,238616,204246,-1,-1,-1,71998,247090,-1,-1,256079,-1,233049,238074,-1,257534,70020,230918,257534,-1,-1,222104,-1,-1,254796,71651,-1,247090,278455,239231,-1,-1,-1,5,259197,248695,237386,-1,262859,256079,-1,257534,263620,-1,260942,258485,242578,-1,-1,257534,-1,257534,278017,261375,232411,-1,-1
-1,204935,208135,-1,-1,245741,-1,-1,253510,-1,-1,245741,172723,-1,-1,-1,152908,193474,-1,-1,243657,-1,232080,207599,-1,245741,266609,202695,245741,-1,-1,180216,-1,-1,256268,74634,-1,245741,256402,244380,-1,-1,-1,7,234078,257896,261188,-1,247649,202695,-1,245741,270866,-1,221479,237704,-1,-1,-1,251892,-1,245741,-1,243282,251892,-1,-1
-1,242656,247361,-1,-1,247361,-1,-1,244591,-1,-1,232104,248384,-1,-1,-1,258906,236764,-1,-1,235735,-1,246791,213693,-1,247361,243134,229266,247361,-1,-1,231838,-1,-1,206534,208892,-1,247361,198118,241184,-1,-1,-1,8,74145,73219,270206,-1,239360,235735,-1,247361,-1,-1,256776,193331,-1,-1,-1,239360,-1,247361,-1,203215,247249,-1,-1
-1,212831,236772,-1,-1,231281,-1,-1,231281,-1,-1,209331,246174,-1,-1,-1,242434,239837,-1,-1,246104,-1,242516,232223,-1,231281,232487,237678,216267,-1,-1,264298,-1,-1,279128,273651,-1,231281,253072,216267,-1,-1,-1,9,253428,271977,235805,-1,203376,203376,-1,231281,225100,-1,224458,240913,-1,-1,-1,209331,-1,231281,-1,265459,241084,-1,-1
-1,200159,239085,-1,-1,237692,-1,231866,253124,-1,-1,192985,208920,-1,-1,-1,186942,237692,-1,-1,207410,-1,270409,255069,-1,237692,218667,203574,237692,-1,-1,271574,-1,-1,277427,277031,-1,237692,264349,251517,-1,-1,-1,10,75577,271227,206517,-1,239818,192985,-1,237692,276528,-1,256675,210257,157804,-1,-1,239085,-1,237692,229237,76624,246420,-1,277295
-1,226753,259399,-1,-1,212198,-1,-1,234574,-1,-1,212198,239301,-1,-1,-1,269087,253306,-1,-1,277432,-1,250961,221660,-1,212198,268439,236401,212198,-1,-1,75087,-1,-1,233064,273599,-1,212198,190460,235243,-1,-1,-1,11,254088,269136,200145,-1,203263,212198,-1,212198,243647,-1,77354,163264,169588,-1,-1,212198,-1,212198,-1,205988,268438,-1,-1
-1,239358,252066,-1,-1,252066,-1,271311,186156,-1,-1,266815,241523,-1,-1,-1,183422,253054,-1,-1,255145,-1,243619,227806,-1,252066,252796,229682,252066,-1,-1,260842,-1,-1,272379,232413,-1,252066,243608,242181,-1,-1,-1,12,242853,279251,225719,-1,259442,186156,-1,252066,262255,-1,233487,232284,232110,-1,-1,252066,-1,252066,74323,228888,261283,-1,211009
-1,220407,233731,-1,-1,266127,-1,-1,262118,-1,-1,237329,207650,-1,-1,-1,274246,247851,-1,-1,241096,-1,206085,251809,-1,266127,237161,210047,266127,-1,-1,186345,-1,-1,198039,218659,-1,242964,270519,266127,-1,-1,-1,13,163600,231292,234742,-1,198032,247851,-1,242964,223334,-1,196978,203841,203487,-1,-1,242964,-1,242964,-1,211990,242964,-1,-1
-1,199641,236015,-1,-1,257470,-1,-1,224656,-1,-1,257470,202750,-1,-1,-1,273106,254243,-1,-1,235642,-1,240740,255718,-1,257470,235173,238095,257470,-1,-1,217036,-1,-1,74242,256008,-1,257470,269421,243057,-1,-1,-1,14,71634,73239,237819,-1,278016,235642,-1,257470,-1,-1,230978,170084,-1,-1,-1,192123,-1,257470,-1,206086,192123,-1,-1
-1,206218,243223,-1,-1,243223,-1,262290,235156,-1,-1,241075,258167,-1,-1,-1,71106,233957,-1,-1,262072,-1,255594,246682,-1,243223,238490,193011,243223,77070,-1,203903,-1,-1,242787,230774,-1,243223,193942,228120,-1,-1,-1,15,277658,256359,208159,-1,275297,193011,-1,243223,276561,-1,258805,250804,75093,-1,-1,240317,-1,243223,265412,208806,240317,-1,73383
-1,233934,258930,-1,-1,270857,-1,271669,227927,-1,-1,231044,204760,-1,-1,-1,207807,240097,-1,-1,226012,-1,279497,256035,-1,226012,257084,222156,226012,-1,-1,242916,-1,-1,202697,265993,-1,270857,256949,252793,-1,-1,-1,17,217096,237916,180819,-1,220570,240097,-1,270857,247497,-1,212382,189324,278203,-1,-1,258930,-1,270857,244319,245153,270857,-1,-1
-1,240091,268421,-1,-1,243576,-1,231943,243576,-1,-1,259868,172203,-1,-1,-1,270208,247394,-1,-1,236480,-1,251421,272926,-1,243576,227535,237985,247394,-1,-1,72159,-1,-1,232488,245279,-1,243576,270579,243702,-1,-1,-1,18,236239,264453,220697,-1,205923,200104,-1,243576,259583,-1,261025,73580,225539,-1,-1,200104,-1,243576,212188,236568,200104,-1,260105
-1,193105,233927,-1,-1,210736,-1,251954,229880,-1,-1,235844,245388,-1,-1,-1,205569,236792,-1,-1,210736,-1,245155,242271,-1,210736,225659,244470,210736,-1,-1,242000,-1,-1,193182,274102,-1,210736,259608,189615,-1,-1,-1,19,278098,72754,224371,-1,245336,236792,-1,210736,205431,-1,195859,164835,190717,-1,-1,233927,-1,210736,-1,70230,234153,-1,-1
-1,167495,256790,-1,-1,212622,-1,278252,225375,-1,-1,247827,267899,-1,-1,-1,189596,275298,-1,-1,212622,-1,213345,209889,-1,212622,209658,229558,247827,-1,-1,202335,-1,-1,229391,248266,-1,212622,222492,234396,-1,-1,-1,21,250955,186569,206113,-1,237086,167495,-1,212622,276004,-1,234205,263887,76337,-1,-1,202126,-1,212622,275160,277823,202126,-1,278578
-1,235073,215441,-1,-1,212194,-1,75600,229891,-1,-1,190765,70728,-1,-1,-1,245541,212194,-1,-1,204923,-1,251852,229476,-1,212194,235407,208333,212194,-1,-1,259075,-1,-1,278854,259716,-1,212194,262105,224196,-1,-1,-1,22,259356,73016,254117,-1,247819,208333,-1,212194,262298,-1,212190,241050,76107,-1,-1,215441,-1,212194,73057,246863,266032,-1,-1
-1,223550,204497,-1,-1,220876,-1,-1,243133,-1,-1,220876,70149,-1,-1,-1,234943,222028,-1,-1,257919,-1,239367,222493,-1,220876,246919,233152,220876,-1,-1,223724,-1,-1,76033,256781,-1,220876,250724,271119,-1,-1,-1,23,76031,235018,206467,-1,221491,223550,-1,239367,269952,-1,243354,177475,-1,-1,-1,214096,-1,239367,-1,264763,214096,-1,-1
-1,262659,259714,-1,-1,212096,-1,-1,208335,-1,-1,232639,239696,-1,-1,-1,258316,250931,-1,-1,226168,-1,212096,199897,-1,212096,257877,207862,212096,-1,-1,260930,-1,-1,229692,263022,-1,212096,240451,209846,-1,-1,-1,25,216497,244112,199439,-1,231366,209846,-1,212096,279045,-1,262668,234833,276694,-1,-1,212096,-1,212096,-1,190666,234875,-1,-1
-1,206145,243360,-1,-1,223680,-1,73992,262635,-1,-1,262984,269916,-1,-1,-1,224250,223680,-1,-1,269318,-1,251107,275211,-1,244133,269513,245252,223680,262297,-1,270111,-1,-1,247123,278832,-1,251107,270110,211982,-1,-1,-1,27,71120,75952,251482,-1,244133,262635,-1,244133,278834,-1,279246,211827,73993,-1,-1,233707,-1,244133,276328,73994,233707,-1,243344
-1,212197,212626,-1,-1,232839,-1,73554,262045,-1,72319,256970,277293,-1,-1,-1,263056,238068,-1,-1,212321,-1,234640,243904,-1,232839,240683,236541,232839,189387,-1,214948,-1,-1,71611,246666,-1,232839,246301,232839,-1,-1,-1,28,236533,279213,255036,-1,269962,212321,-1,232839,74102,76980,231108,257480,274038,-1,-1,238068,76979,232839,279101,213134,224970,-1,270219
-1,244417,274191,-1,-1,73135,-1,244234,256705,-1,-1,229925,205086,-1,-1,-1,264409,69983,-1,-1,259559,-1,223755,227873,-1,73135,247721,73135,274191,242744,-1,216416,-1,-1,73137,262903,-1,223755,263089,230047,-1,-1,-1,29,229171,73134,248434,-1,245347,223755,-1,73135,73136,-1,216381,243735,210304,-1,-1,235360,-1,73135,269942,276358,235360,-1,272787
-1,224041,274944,-1,-1,223633,-1,271681,234727,-1,239510,223633,261528,-1,-1,-1,254660,256942,-1,-1,240916,-1,195038,269922,-1,223633,276735,258412,223633,74043,-1,244692,-1,-1,76801,277887,-1,223633,256564,259101,-1,-1,-1,31,265799,267460,220085,-1,206198,195038,-1,223633,200318,264380,73956,243573,248878,-1,262787,195038,74003,223633,76536,238656,242997,-1,156437
-1,190941,237328,-1,-1,210035,-1,74749,247263,-1,-1,210035,71101,-1,-1,-1,228813,212242,-1,-1,199503,-1,256630,226162,-1,210035,231521,213331,210035,-1,-1,229668,-1,-1,74768,226166,-1,256630,210324,253149,-1,-1,-1,32,210366,75533,255223,-1,256197,190941,-1,210035,236786,-1,234236,242948,268622,-1,-1,256630,-1,210035,70037,275028,247679,-1,76396
-1,243778,243041,-1,-1,238793,-1,-1,269866,-1,-1,243932,233812,-1,-1,-1,73090,238793,-1,-1,276191,-1,238953,270014,-1,238793,229816,73089,238793,-1,-1,272832,-1,-1,270116,225564,-1,238793,276292,251400,-1,-1,-1,33,72130,70202,257190,-1,224421,243778,-1,238793,238779,-1,276783,211953,238647,-1,-1,238793,-1,238793,-1,73088,257144,-1,-1
77344,269955,212240,-1,-1,221885,-1,72963,72315,-1,107084,261446,276979,-1,-1,-1,224094,239099,-1,-1,221885,-1,243887,72967,-1,221885,239073,201122,221885,72965,-1,273904,-1,-1,236624,232203,-1,221885,269566,269248,-1,-1,-1,34,264501,72968,254501,-1,199761,212240,-1,221885,72966,179783,205966,203775,72964,-1,74611,212240,198617,221885,72962,251992,237708,-1,215279
-1,223885,252259,-1,-1,250959,-1,258864,242602,-1,269951,252448,273667,-1,-1,-1,259306,250959,-1,-1,239096,-1,241925,263573,-1,250959,254022,239340,250959,257399,-1,229584,-1,-1,256118,70752,-1,241925,227503,227647,-1,-1,-1,36,266685,238476,238900,-1,251829,239096,-1,250959,255529,-1,247360,223603,238379,-1,-1,244176,278177,250959,73585,278780,244176,-1,271114
-1,227370,256548,-1,-1,197031,-1,274924,206591,-1,-1,232711,243350,-1,-1,-1,203106,261659,-1,-1,250941,-1,239701,271247,-1,197031,266183,212977,197031,-1,-1,246836,-1,-1,265749,253052,-1,197031,221354,207897,-1,-1,-1,38,268428,263404,228941,-1,237595,237595,-1,197031,76111,-1,261182,211946,75461,-1,-1,197031,-1,197031,77127,225632,197031,-1,-1
-1,235840,240679,-1,-1,246430,-1,205175,74310,-1,-1,261050,189342,-1,-1,-1,238744,247246,-1,-1,222077,-1,277954,241496,-1,240679,236499,266872,240679,-1,-1,231512,-1,-1,251870,273906,-1,240679,240690,258966,-1,-1,-1,45,270674,74329,237679,-1,255654,266872,-1,246430,75085,-1,74566,198009,74706,-1,-1,246430,-1,246430,75822,239580,246430,-1,-1
-1,225116,192505,-1,-1,216409,-1,-1,217870,-1,-1,237238,220532,-1,-1,-1,253002,216435,-1,-1,227236,-1,216409,245992,-1,216409,202884,244263,216409,-1,-1,239679,-1,-1,216816,200752,-1,236632,220714,240716,-1,-1,-1,48,70163,-1,242530,-1,243241,217870,-1,216409,-1,-1,246457,220048,-1,-1,-1,192505,-1,216409,-1,277244,236632,-1,-1
-1,255981,225475,-1,-1,252794,-1,278287,252442,-1,-1,239978,201354,-1,-1,-1,263929,244634,-1,-1,252794,-1,248060,240992,-1,252794,236706,258708,239978,263229,-1,268913,-1,-1,264294,271856,-1,248060,237297,258714,-1,-1,-1,50,245566,264364,261539,-1,246164,252442,-1,252794,243154,-1,192840,271385,255460,-1,-1,259565,-1,252794,268464,70824,259565,-1,270716
-1,230872,211110,-1,-1,211110,-1,-1,258826,-1,-1,250723,279880,-1,-1,-1,242664,207439,-1,-1,220651,-1,228251,265695,-1,211110,190813,229582,211110,-1,-1,275291,-1,-1,279200,224490,-1,211110,269312,236403,-1,-1,-1,52,246688,268728,208268,-1,178603,228251,-1,211110,257271,-1,239964,211515,-1,-1,-1,211110,-1,211110,-1,235658,242458,-1,-1
-1,224836,241095,-1,-1,258683,-1,271480,211147,-1,-1,253473,201179,-1,-1,-1,231826,211408,-1,-1,243388,-1,258683,273932,-1,211147,241390,243497,211147,-1,-1,213242,-1,-1,201389,225410,-1,211147,243481,265650,-1,-1,-1,54,273936,273883,219932,-1,219145,211408,-1,211147,266257,-1,70480,235740,70465,-1,-1,226093,-1,211147,267465,241854,226093,-1,215333
-1,266803,204970,-1,-1,204970,-1,-1,225669,-1,-1,223866,257288,-1,-1,-1,258615,214658,-1,-1,220421,-1,240970,190324,-1,204970,243249,261573,204970,-1,-1,258972,-1,-1,274270,259634,-1,204970,240332,242238,-1,-1,-1,55,272783,271575,184941,-1,244238,204970,-1,204970,265194,-1,231743,162297,268396,-1,-1,204970,-1,204970,-1,215147,268474,-1,-1
-1,205377,240787,-1,-1,232360,-1,277644,246763,-1,-1,238392,73612,-1,-1,-1,272894,232360,-1,-1,247124,-1,246594,263417,-1,232360,230144,257204,232360,-1,-1,231185,-1,-1,277938,260100,-1,232360,237453,277503,-1,-1,-1,57,255216,75051,245563,-1,217565,217565,-1,232360,74638,-1,229448,263402,234510,-1,-1,217565,-1,232360,263421,251751,251170,-1,276933
-1,178363,74735,-1,-1,276022,-1,-1,70723,-1,-1,262082,248123,-1,-1,-1,244460,271010,-1,-1,247369,-1,276022,270282,-1,276022,269726,73068,276022,-1,-1,272808,-1,-1,211358,74050,-1,276022,206243,74049,-1,-1,-1,58,71615,73069,269293,-1,262342,178363,-1,276022,73951,-1,255174,230038,75866,-1,-1,276022,-1,276022,-1,73081,279016,-1,-1
-1,212735,261758,-1,-1,72354,-1,263461,241445,-1,-1,246298,215383,-1,-1,-1,238510,225174,-1,-1,265544,-1,272835,74494,-1,225174,213725,271050,225174,-1,-1,263344,-1,-1,272344,277354,-1,272835,251596,74136,-1,-1,-1,62,74495,255014,276027,-1,71487,225174,-1,72354,74597,-1,239329,234049,276760,-1,-1,225174,-1,72354,-1,243355,72354,-1,-1
-1,199005,227232,-1,-1,240452,-1,274692,223597,-1,-1,208787,276207,-1,-1,-1,260843,262745,-1,-1,220837,-1,268534,198861,-1,208787,259139,221284,208787,-1,-1,259027,-1,-1,71343,75148,-1,208787,240209,236804,-1,-1,-1,64,70473,76245,226789,-1,235454,227232,-1,268534,184781,-1,212613,239342,264325,-1,-1,240452,-1,268534,-1,77056,240452,-1,-1
-1,251752,240507,-1,-1,240507,-1,205600,201143,-1,-1,193476,211398,-1,-1,-1,278901,274447,-1,-1,190674,-1,246548,202371,-1,240507,211575,246565,193476,-1,-1,236822,-1,-1,76759,239368,-1,193476,262088,201119,-1,-1,-1,65,75555,239763,213296,-1,269493,190674,-1,240507,276048,-1,213418,179547,270559,-1,-1,243630,-1,240507,-1,278172,243630,-1,-1
-1,230670,219683,-1,-1,193301,-1,-1,225782,-1,-1,251570,268312,-1,-1,-1,246947,256104,-1,-1,191202,-1,256420,225263,-1,193301,201519,208364,251570,-1,-1,263815,-1,-1,-1,256854,-1,251570,268763,211256,-1,-1,-1,66,77093,-1,245371,-1,225859,193301,-1,251570,-1,-1,254551,234371,-1,-1,-1,193301,-1,193301,-1,74883,193301,-1,-1
-1,235856,231189,-1,-1,274550,-1,-1,72353,-1,-1,72357,260994,-1,-1,-1,74569,72341,-1,-1,274550,-1,72355,257076,-1,274550,276028,264069,274550,-1,-1,72351,-1,-1,225935,74570,-1,274550,257397,206553,-1,-1,-1,67,72350,75167,246549,-1,73416,72341,-1,274550,74571,-1,239211,73269,-1,-1,-1,274550,-1,274550,-1,74568,72358,-1,-1
-1,237525,244694,-1,-1,234239,-1,-1,239919,-1,-1,198200,73929,-1,-1,-1,271014,241238,-1,-1,234239,-1,275372,201136,-1,234239,235855,278065,234239,-1,-1,77149,-1,-1,73485,251915,-1,234239,239740,229236,-1,-1,-1,68,73330,272616,269956,-1,184873,229236,-1,234239,75965,-1,278119,176772,-1,-1,-1,234239,-1,234239,-1,73327,76411,-1,-1
-1,235413,226627,-1,-1,275138,-1,247463,263781,-1,-1,264862,245211,-1,-1,-1,238227,229261,-1,-1,275138,-1,225663,244915,-1,275138,272781,252802,275138,-1,-1,272785,-1,-1,275019,275102,-1,275138,273546,232440,-1,-1,-1,69,279627,271661,252308,-1,226229,229261,-1,275138,70458,-1,222357,239364,279700,-1,-1,270050,-1,275138,-1,273933,270050,-1,-1
-1,200726,194845,-1,-1,205686,-1,70765,270518,-1,-1,70768,278262,-1,-1,-1,264401,206306,-1,-1,252541,-1,205686,230147,-1,205686,279078,247019,205686,208615,-1,241157,-1,-1,276704,72254,-1,205686,76888,212282,-1,-1,-1,70,278571,272464,271306,-1,241708,206306,-1,205686,74477,-1,251401,228616,74035,-1,-1,205686,-1,205686,244603,74476,193983,-1,215466
-1,199482,216820,-1,-1,216820,-1,-1,231235,-1,-1,258619,251532,-1,-1,-1,226414,260478,-1,-1,224019,-1,251675,273123,-1,216820,209288,213868,216820,-1,-1,229971,-1,-1,262789,259119,-1,216820,254247,239136,-1,-1,-1,71,74473,70477,189271,-1,199393,224019,-1,216820,76538,-1,230717,216750,231691,-1,-1,216820,-1,216820,-1,74475,264422,-1,-1
-1,238186,209519,-1,-1,239093,-1,210896,274536,-1,-1,252711,270465,-1,-1,-1,235134,219792,-1,-1,253157,-1,258444,278187,-1,239093,235569,158625,239093,-1,-1,255533,-1,-1,74480,269164,-1,239093,224422,239093,-1,-1,-1,72,74479,257235,244892,-1,254548,158625,-1,239093,278188,-1,240833,204513,76034,-1,-1,258444,-1,239093,255000,272515,256476,-1,-1
-1,230621,231443,-1,-1,235212,-1,-1,235212,-1,-1,272834,259065,-1,-1,-1,70004,255253,-1,-1,270673,-1,264652,220814,-1,235212,226271,207865,231443,-1,-1,279709,-1,-1,75057,70766,-1,231443,271421,252145,-1,-1,-1,73,74449,275270,243780,-1,256196,207865,-1,235212,-1,-1,256903,240225,-1,-1,-1,255253,-1,235212,-1,225850,247635,-1,-1
-1,204883,253444,-1,-1,231102,-1,257946,278903,-1,-1,256769,266674,-1,-1,-1,265514,71114,-1,-1,216320,-1,259191,220093,-1,231102,264207,260658,231102,-1,-1,252512,-1,-1,214680,277118,-1,231102,245538,260574,-1,-1,-1,74,268787,75598,239356,-1,251380,256769,-1,231102,279557,-1,259205,163705,276787,-1,-1,253444,-1,231102,245822,188881,231102,-1,-1
-1,269626,256782,-1,-1,250789,-1,74028,275208,-1,-1,263370,203741,-1,-1,-1,73430,273018,-1,-1,264293,-1,250789,75318,-1,250789,264869,261647,256782,-1,-1,269003,-1,-1,271250,213928,-1,256782,277561,270039,-1,-1,-1,76,274231,72305,257090,-1,275507,264293,-1,256782,75421,-1,257612,190120,279702,-1,-1,258437,-1,250789,74486,261771,258437,-1,276988
-1,225280,252134,-1,-1,252134,-1,-1,204033,-1,-1,272648,74147,-1,-1,-1,257699,200302,-1,-1,221552,-1,234522,267800,-1,252134,247185,238040,258523,-1,-1,274134,-1,-1,260002,279117,-1,252134,264321,258523,-1,-1,-1,77,73323,225872,242791,-1,255557,200302,-1,252134,266210,-1,254525,257237,258389,-1,-1,252134,-1,252134,-1,276263,225317,-1,-1
-1,163587,244288,-1,-1,272874,-1,-1,256107,-1,-1,255742,200759,-1,-1,-1,262525,272874,-1,-1,211093,-1,239977,246991,-1,272874,263439,228174,272874,-1,-1,234072,-1,-1,255838,261304,-1,272874,260397,226508,-1,-1,-1,78,198625,200630,234570,-1,235755,211093,-1,272874,-1,-1,260951,258928,-1,-1,-1,272874,-1,272874,-1,74152,246321,-1,-1
-1,53110,219177,-1,-1,232212,-1,73322,75249,-1,-1,73351,263294,-1,-1,-1,256421,238062,-1,-1,246006,-1,223663,255157,-1,223663,231863,222045,232212,-1,-1,245233,-1,-1,219482,257717,-1,223663,268710,232212,-1,-1,-1,80,257890,77043,209729,-1,227951,53110,-1,232212,223747,-1,231322,204269,216218,-1,-1,73351,-1,232212,220140,261456,278600,-1,-1
-1,222876,211221,-1,-1,243842,-1,-1,222109,-1,-1,202771,205670,-1,-1,-1,253202,270887,-1,-1,243842,-1,263853,264192,-1,222109,243349,247913,243842,-1,-1,200820,-1,-1,260261,235728,-1,211221,189462,248718,-1,-1,-1,81,257104,263091,240653,-1,239259,202771,-1,211221,250810,-1,263919,240784,-1,-1,-1,243842,-1,243842,-1,277993,238509,-1,-1
-1,234228,220943,-1,-1,223871,-1,74989,246846,-1,-1,204275,204322,-1,-1,-1,215820,274934,-1,-1,223871,-1,240808,227945,-1,223871,243963,214682,223871,77053,-1,277288,-1,-1,252897,74151,-1,223871,245174,247528,-1,-1,-1,82,204820,278817,204324,-1,261512,220943,-1,223871,74149,-1,272736,213678,74990,-1,-1,223871,-1,223871,74991,238995,189776,-1,279089
234258,236663,243167,-1,-1,199146,-1,278611,73524,-1,211707,199146,219684,-1,-1,-1,270063,276955,-1,-1,276788,-1,268894,277657,-1,199146,235715,273692,199146,225751,-1,237470,-1,-1,251345,213570,-1,199146,240524,237969,-1,-1,-1,83,226950,244196,229163,-1,232668,232668,-1,271693,76969,241245,208675,271110,265793,-1,257277,199146,275522,271693,77044,236626,271693,-1,241058
-1,203042,255928,-1,-1,195479,-1,76221,195479,-1,239881,216860,279641,-1,-1,-1,252208,239810,-1,-1,253970,-1,237640,188182,-1,195479,211513,212516,216860,266673,-1,238071,-1,-1,72906,261652,-1,195479,278819,277065,-1,-1,-1,86,271317,269102,226568,-1,208462,195479,-1,195479,277266,-1,73449,225203,76783,-1,-1,195479,-1,195479,74197,256419,222262,-1,76784
-1,199812,255206,-1,-1,243589,-1,-1,246159,-1,-1,270578,247385,-1,-1,-1,263678,237424,-1,-1,246444,-1,227686,264139,-1,237424,222165,242386,243589,-1,-1,213017,-1,-1,222052,237511,-1,237424,224915,243589,-1,-1,-1,88,74349,198904,247279,-1,224763,224763,-1,237424,226401,-1,270937,229091,-1,-1,-1,255206,-1,237424,-1,176841,237332,-1,-1
-1,237205,223085,-1,-1,240863,-1,-1,246137,-1,-1,264421,279568,-1,-1,-1,277346,224842,-1,-1,240863,-1,267942,235028,-1,240863,260402,215301,72909,-1,-1,263686,-1,-1,75796,224307,-1,240863,267941,72909,-1,-1,-1,89,74922,255050,202123,-1,228366,224842,-1,240863,-1,-1,271066,231681,-1,-1,-1,187157,-1,240863,-1,248740,187157,-1,-1
-1,247022,246099,-1,-1,194964,-1,269613,228684,-1,-1,216227,230864,-1,-1,-1,221600,210985,-1,-1,232412,-1,194964,240926,-1,210985,201240,204353,210985,-1,-1,235618,-1,-1,217758,277305,-1,194964,220019,215412,-1,-1,-1,91,263918,222168,273693,-1,200840,194964,-1,210985,271566,-1,277463,224130,270593,-1,-1,194964,-1,210985,76942,228894,226507,-1,74413
-1,233970,279547,-1,-1,236209,-1,-1,237696,-1,-1,225772,251219,-1,-1,-1,237185,73260,-1,-1,241160,-1,261897,278895,-1,236209,212167,229087,236209,-1,-1,236465,-1,-1,278213,243827,-1,236209,226261,236209,-1,-1,-1,92,267928,75302,205589,-1,271028,203500,-1,236209,77037,-1,223167,231046,267979,-1,-1,203500,-1,236209,-1,276931,203500,-1,-1
-1,223909,255434,-1,-1,246685,-1,212484,241842,-1,-1,260145,261336,-1,-1,-1,232545,244472,-1,-1,197975,-1,220139,233851,-1,246685,242908,235405,246685,-1,-1,248602,-1,-1,205347,231485,-1,246685,225667,246685,-1,-1,-1,94,240500,203751,224081,-1,216744,197975,-1,246685,264645,-1,233602,233164,231005,-1,-1,259031,-1,246685,206561,225793,259031,-1,-1
-1,246158,257504,-1,-1,259762,-1,267680,231554,-1,-1,197756,202048,-1,-1,-1,203502,239817,-1,-1,222400,-1,225783,265801,-1,259762,241042,235036,259762,-1,-1,261281,-1,-1,207998,254470,-1,222400,269495,259762,-1,-1,-1,95,251335,228410,226790,-1,202849,208830,-1,257504,70162,-1,241202,239772,210243,-1,-1,208830,-1,257504,229901,233866,208830,-1,-1
-1,243373,216270,-1,-1,216270,-1,74157,200689,-1,76900,253433,278007,-1,-1,-1,251560,204412,-1,-1,231423,-1,216268,193549,-1,203505,227929,236600,203505,76196,-1,239443,-1,-1,262568,208024,-1,204412,228225,203505,-1,-1,-1,97,74865,276712,237286,-1,216481,216481,-1,216270,70220,266502,261432,211604,278894,-1,72061,275347,271116,216270,278916,263271,275347,-1,253461
-1,246417,247335,-1,-1,221982,-1,253969,266400,-1,-1,270964,275246,-1,-1,-1,216464,258483,-1,-1,252059,-1,221982,243908,-1,221982,71227,215700,221982,257138,-1,240867,-1,-1,268709,266467,-1,221982,243390,256831,-1,-1,-1,106,251521,71617,271248,-1,233201,258483,-1,221982,273898,-1,273459,194150,71493,-1,-1,221982,-1,221982,74917,268903,246350,-1,274219
-1,220944,211506,-1,-1,213798,-1,252773,223877,-1,-1,264371,251497,-1,-1,-1,238505,213798,-1,-1,236344,-1,225668,268630,-1,211506,205970,225024,213798,-1,-1,207952,-1,-1,70019,234087,-1,211506,255043,248342,-1,-1,-1,109,221841,75272,206134,-1,186158,186158,-1,211506,278998,-1,231436,263907,76376,-1,-1,211506,-1,211506,70860,257713,235161,-1,-1
-1,212442,224411,-1,-1,240243,-1,274377,227928,-1,-1,273463,277426,-1,-1,-1,235456,74866,-1,-1,242641,-1,198950,254120,-1,240243,235432,201417,240243,256666,-1,237658,-1,-1,264622,73049,-1,240243,226380,258607,-1,-1,-1,110,263157,225650,259170,-1,258575,227928,-1,240243,278057,-1,238756,206075,252975,-1,-1,240243,-1,240243,194806,198350,240243,-1,239901
-1,-1,-1,-1,-1,-1,-1,-1,-1,-1,-1,-1,-1,-1,-1,-1,-1,-1,-1,-1,-1,-1,-1,-1,-1,-1,-1,-1,-1,-1,-1,-1,-1,-1,-1,-1,-1,-1,-1,-1,-1,-1,-1,111,-1,-1,-1,-1,-1,-1,-1,-1,-1,-1,-1,-1,-1,-1,-1,-1,-1,-1,-1,-1,-1,-1,-1
-1,-1,-1,-1,-1,-1,-1,-1,-1,-1,-1,-1,-1,-1,-1,-1,-1,-1,-1,-1,-1,-1,-1,-1,-1,-1,-1,-1,-1,-1,-1,-1,-1,-1,-1,-1,-1,-1,-1,-1,-1,-1,-1,112,-1,-1,-1,-1,-1,-1,-1,-1,-1,-1,-1,-1,-1,-1,-1,-1,-1,-1,-1,-1,-1,-1,-1
-1,268583,234496,-1,-1,266122,-1,279763,236923,-1,-1,269950,269949,-1,-1,-1,200781,240981,-1,-1,265700,-1,266122,270933,-1,266122,246228,277747,266122,-1,-1,266328,-1,-1,71913,262079,-1,240981,216795,223381,-1,-1,-1,121,268540,75261,235771,-1,266095,223381,-1,266122,277995,-1,204860,269948,279097,-1,-1,236923,-1,266122,77297,209368,236601,-1,-1
-1,204846,240715,-1,-1,208812,-1,-1,258606,-1,-1,184242,201457,-1,-1,-1,211928,217140,-1,-1,208812,-1,279546,244715,-1,208812,233378,233782,208812,-1,-1,241397,-1,-1,-1,196953,-1,217140,242258,203809,-1,-1,-1,127,-1,-1,76572,-1,268550,195126,-1,208812,-1,-1,253763,251165,-1,-1,-1,195126,-1,208812,-1,-1,195126,-1,-1
-1,257126,234497,-1,-1,235915,-1,270959,228368,-1,-1,235915,229269,-1,-1,-1,272542,71814,-1,-1,243613,-1,256815,229912,-1,235915,260403,241864,235915,-1,-1,209256,-1,-1,263329,230149,-1,235915,260723,270748,-1,-1,-1,142,156464,268444,240813,-1,257698,243613,-1,235915,265575,-1,211143,209750,265655,-1,-1,163050,-1,235915,73454,236437,163050,-1,-1
205655,271191,264478,-1,262569,241711,-1,271963,207646,-1,272349,258953,204444,-1,-1,-1,186450,241711,-1,-1,205818,-1,234099,175314,-1,207646,233115,231139,241711,274916,-1,240608,-1,-1,259404,277272,-1,205818,276047,226561,-1,-1,-1,143,257247,260155,252549,-1,215855,207646,-1,205818,278136,74169,237310,270660,271425,-1,77391,186562,74164,205818,277584,257116,186562,-1,272347
-1,192563,213655,-1,-1,213655,-1,-1,222501,-1,-1,236699,205990,-1,-1,-1,70786,213956,-1,-1,228092,-1,240273,231633,-1,236699,195202,224221,236699,-1,-1,237522,-1,-1,216266,235883,-1,236699,180403,229348,-1,-1,-1,144,271940,231448,208450,-1,241436,192563,-1,236699,220710,-1,264337,241076,-1,-1,-1,204838,-1,236699,-1,244621,204838,-1,-1
-1,258792,239799,-1,-1,257508,-1,-1,200309,-1,-1,225279,222878,-1,-1,-1,239553,244565,-1,-1,262879,-1,261861,240513,-1,257508,262170,204219,257508,-1,-1,258717,-1,-1,250865,243252,-1,261861,237204,257508,-1,-1,-1,149,194018,70228,269572,-1,228106,228106,-1,261861,-1,-1,257303,245335,-1,-1,-1,261861,-1,257508,-1,193884,263115,-1,-1
-1,257914,278186,-1,-1,276610,-1,-1,259453,-1,-1,231897,248174,-1,-1,-1,239703,270403,-1,-1,252861,-1,239661,245212,-1,276610,240814,257779,252861,-1,-1,262840,-1,-1,278871,243959,-1,276610,235288,276610,-1,-1,-1,159,244028,279685,233472,-1,233492,231897,-1,259453,-1,-1,74938,253171,-1,-1,-1,278186,-1,276610,-1,71840,257916,-1,-1
-1,210772,206606,-1,-1,224423,-1,-1,228080,-1,-1,235297,251288,-1,-1,-1,233151,231089,-1,-1,224423,-1,251392,228614,-1,224423,239361,270033,224423,-1,-1,238473,-1,-1,270745,198553,-1,224423,243960,232805,-1,-1,-1,160,274617,72699,199288,-1,224811,206606,-1,228080,247656,-1,239956,200316,270583,-1,-1,206606,-1,224423,-1,264543,246708,-1,-1
-1,72755,211732,-1,-1,224518,-1,72756,257286,-1,-1,258184,244083,-1,-1,-1,72758,224518,-1,-1,239909,-1,244109,224661,-1,224518,244635,241935,257286,-1,-1,243534,-1,-1,72999,72757,-1,224518,250763,257532,-1,-1,-1,162,255564,243532,266235,-1,223678,72755,-1,257286,221932,-1,216287,244458,216249,-1,-1,224518,-1,257286,-1,256246,72759,-1,-1
-1,262322,241689,-1,-1,212192,-1,259022,223751,-1,-1,210723,277464,-1,-1,-1,242850,212192,-1,-1,278750,-1,209504,278728,-1,212192,202088,262917,212192,-1,-1,262134,-1,-1,236613,259569,-1,212192,228243,251325,-1,-1,-1,165,276312,257149,276660,-1,237024,209504,-1,209504,70282,-1,252125,219937,75662,-1,-1,212192,-1,212192,76065,272497,239097,-1,-1
-1,213573,275029,-1,-1,239744,-1,273778,224263,-1,75212,239744,223596,-1,-1,-1,242974,202325,-1,-1,274735,-1,231614,262217,-1,239744,241474,204776,239744,76122,-1,204082,-1,-1,223922,248149,-1,239744,238271,235899,-1,-1,-1,166,211899,242393,259752,-1,256780,204776,-1,239744,73869,75949,206463,262931,73871,-1,266870,239744,75475,239744,73872,264589,269705,-1,73868
-1,224251,257075,-1,-1,225309,-1,-1,202429,-1,-1,216275,198352,-1,-1,-1,240669,225309,-1,-1,73078,-1,221671,228518,-1,225309,244108,241494,225309,-1,-1,216158,-1,-1,276863,234843,-1,225309,236518,236636,-1,-1,-1,169,267862,263116,259162,-1,212212,244257,-1,225309,-1,-1,268259,199803,-1,-1,-1,225309,-1,225309,-1,75280,244257,-1,-1
-1,256229,262800,-1,-1,256674,-1,276283,251908,-1,-1,256674,255839,-1,-1,-1,253418,266422,-1,-1,216283,-1,264194,73161,-1,256674,248576,71261,256674,-1,-1,76968,-1,-1,73306,74417,-1,266422,232225,257533,-1,-1,-1,171,208730,275594,246074,-1,203030,203030,-1,266422,274989,-1,279115,215417,73203,-1,-1,256674,-1,256674,73305,70906,274699,-1,-1
-1,277588,277805,-1,-1,202087,-1,75345,211893,-1,258647,252016,276266,-1,-1,-1,205044,202087,-1,-1,234283,-1,70092,275921,-1,202087,257060,211720,202087,72050,-1,277154,-1,-1,270839,277585,-1,202087,74040,74086,-1,-1,-1,172,277497,74041,246175,-1,211723,211893,-1,202087,276182,-1,271441,239499,74016,-1,-1,234283,258643,202087,277231,71109,270940,-1,279683
-1,208375,241522,-1,-1,206511,-1,241629,256281,-1,255272,254566,252495,-1,-1,-1,252027,228946,-1,-1,206511,-1,257073,259522,-1,206511,212245,240988,206511,74562,-1,242663,-1,-1,71897,238157,-1,206511,230084,234678,-1,-1,-1,175,72365,233211,240017,-1,270077,206511,-1,206511,244261,-1,244706,199909,73286,-1,-1,206511,-1,206511,254267,228383,264697,-1,74561
-1,166764,245404,-1,-1,245404,-1,198624,264269,-1,-1,263684,275965,-1,-1,-1,214924,76105,-1,-1,246872,-1,74864,224832,-1,246950,248809,200793,74864,-1,-1,257105,-1,-1,182761,278596,-1,74864,276942,262362,-1,-1,-1,180,250830,76685,262361,-1,246950,166764,-1,245404,205145,-1,74159,242983,254588,-1,-1,227758,-1,245404,-1,262358,227758,-1,-1
-1,228369,236528,-1,-1,232519,-1,-1,241244,-1,-1,278030,262981,-1,-1,-1,259439,72393,-1,-1,241875,-1,73470,233484,-1,241875,73841,272456,241244,-1,-1,206101,-1,-1,243807,259147,-1,241875,73512,229190,-1,-1,-1,181,257854,-1,73471,-1,209935,72393,-1,232519,-1,-1,194925,214525,-1,-1,-1,236528,-1,232519,-1,74162,232519,-1,-1
-1,189908,234671,-1,-1,233556,-1,266158,246656,-1,-1,233556,271420,-1,-1,-1,269558,244270,-1,-1,202024,-1,257980,239770,-1,240915,252060,262394,244270,-1,-1,210381,-1,-1,256036,170320,-1,240915,271019,240915,-1,-1,-1,189,228881,269745,252021,-1,231207,202024,-1,240915,236898,-1,242280,240657,268703,-1,-1,233556,-1,233556,-1,244456,267861,-1,-1
-1,215522,268504,-1,-1,274288,-1,260876,264377,-1,-1,271974,71350,-1,-1,-1,277119,246402,-1,-1,246885,-1,274288,260235,-1,274288,260236,270997,274288,-1,-1,260237,-1,-1,75825,263028,-1,274288,75501,252573,-1,-1,-1,191,75264,275183,229071,-1,228983,246402,-1,274288,76299,-1,276052,204092,275978,-1,-1,274288,-1,274288,274445,244653,260020,-1,-1
-1,234102,242332,-1,-1,253162,-1,275087,262396,-1,-1,219655,230636,-1,-1,-1,210384,208535,-1,-1,253162,-1,269276,73379,-1,253162,242755,250779,253162,-1,-1,256856,-1,-1,277214,270485,-1,253162,270512,264436,-1,-1,-1,205,276477,231137,201285,-1,235800,262396,-1,253162,236760,-1,237669,269271,258533,-1,-1,267593,-1,253162,74664,199904,267593,-1,258027
-1,215363,257920,-1,-1,255233,-1,278230,213404,-1,-1,252000,202793,-1,-1,-1,237335,222148,-1,-1,230065,-1,255233,234795,-1,222148,212127,269181,222148,-1,-1,252017,-1,-1,273628,238009,-1,222148,267681,262937,-1,-1,-1,206,262930,248661,266585,-1,277695,222148,-1,255233,241937,-1,73853,210940,195272,-1,-1,257920,-1,255233,278326,271458,256453,-1,72322
-1,243675,245058,-1,-1,256127,-1,-1,73113,-1,-1,70841,73112,-1,-1,-1,190589,226129,-1,-1,252148,-1,256127,269497,-1,256127,270017,255536,256127,-1,-1,243442,-1,-1,258036,244940,-1,256127,268623,236712,-1,-1,-1,209,274527,235995,261293,-1,220665,245058,-1,256127,-1,-1,277601,263961,-1,-1,-1,245058,-1,256127,-1,279130,275641,-1,-1
-1,241210,244863,-1,-1,244863,-1,74033,268440,-1,74500,263987,231472,-1,-1,-1,253074,275614,-1,-1,187052,-1,233550,270931,-1,263987,240729,76284,263987,74034,-1,184190,-1,-1,230972,233366,-1,263987,201145,263465,-1,-1,-1,210,274443,264331,198348,-1,261675,223510,-1,187052,277506,75622,206141,220833,190792,-1,-1,223510,74032,244863,74031,225927,223510,-1,74937
-1,261144,239589,-1,-1,262842,-1,264424,190868,-1,266063,216350,253036,-1,-1,-1,277941,262842,-1,-1,231007,-1,277901,205965,-1,262842,236311,76227,262842,74655,-1,224211,-1,-1,276278,244259,-1,262842,74351,231685,-1,-1,-1,211,244272,215455,279925,-1,264103,216350,-1,262842,254928,77325,236413,244258,74018,-1,-1,262842,270463,262842,70256,274369,229593,-1,70297
-1,206003,266099,-1,-1,242655,-1,-1,238391,-1,-1,69997,74567,-1,-1,-1,276007,264010,-1,-1,213367,-1,242655,259215,-1,266099,230686,228290,242655,-1,-1,242054,-1,-1,233373,271075,-1,242655,277216,253490,-1,-1,-1,217,73443,75059,253181,-1,245410,213367,-1,242655,-1,-1,257978,197641,-1,-1,-1,242655,-1,242655,-1,250822,277909,-1,-1
-1,215316,210008,-1,-1,246147,-1,74482,237841,-1,-1,261616,235875,-1,-1,-1,266500,213648,-1,-1,226754,-1,246147,236355,-1,246147,223874,242835,246147,256669,-1,223143,-1,-1,74959,257345,-1,246147,232097,256632,-1,-1,-1,219,76410,72020,201455,-1,243009,242835,-1,213648,74484,-1,211784,239559,72098,-1,-1,246147,-1,246147,210897,263602,240753,-1,211101
-1,200059,246289,-1,-1,203486,-1,73291,252488,-1,-1,260162,252489,-1,-1,-1,191627,203486,-1,-1,212501,-1,246419,235694,-1,212501,251651,277022,203486,-1,-1,208509,-1,-1,274478,271563,-1,203486,242045,212678,-1,-1,-1,229,259316,263953,241947,-1,269397,200059,-1,228687,76570,-1,264205,246753,75658,-1,-1,228687,-1,203486,172871,263558,228687,-1,-1
-1,254803,204060,-1,-1,204060,-1,70689,239306,-1,-1,256199,72912,-1,-1,-1,221269,270613,-1,-1,185349,-1,225653,279005,-1,204060,199652,184087,204060,-1,-1,273537,-1,-1,210828,74970,-1,247771,279475,247771,-1,-1,-1,230,74313,256944,257208,-1,260931,184087,-1,204060,241821,-1,74450,278554,188202,-1,-1,226537,-1,204060,274348,74372,226537,-1,-1
-1,173426,200155,-1,-1,256948,-1,76288,71305,-1,-1,275048,262219,-1,-1,-1,210739,262880,-1,-1,257186,-1,256948,251633,-1,251479,238235,268611,251479,-1,-1,259586,-1,-1,70975,260404,-1,251479,275051,251479,-1,-1,-1,231,77170,258555,265800,-1,212204,200155,-1,251479,73257,-1,271917,222263,268618,-1,-1,200155,-1,251479,278995,275050,223933,-1,-1
-1,243585,234683,-1,-1,261143,-1,262071,238409,-1,-1,248694,260586,-1,-1,-1,272776,230888,-1,-1,278107,-1,261143,268082,-1,261143,252567,255891,261143,-1,-1,263703,-1,-1,200076,262141,-1,261143,268561,270700,-1,-1,-1,232,263408,253170,234948,-1,235729,230888,-1,261143,257210,-1,215970,262265,261766,-1,-1,234683,-1,261143,-1,236454,239323,-1,-1
-1,250753,229188,-1,-1,183898,-1,246186,245235,-1,-1,243245,77336,-1,-1,-1,211368,231913,-1,-1,234569,-1,183898,245253,-1,183898,260952,266096,183898,-1,-1,270086,-1,-1,72267,277252,-1,243245,208596,268889,-1,-1,-1,234,279896,273998,262642,-1,192366,192366,-1,183898,268868,-1,76298,270060,230767,-1,-1,183898,-1,183898,274105,269292,258580,-1,-1
-1,234577,72997,-1,-1,260599,-1,-1,252339,-1,-1,251615,278725,-1,-1,-1,262414,242380,-1,-1,260599,-1,238896,266453,-1,260599,256958,244206,260599,-1,-1,72093,-1,-1,232099,278668,-1,260599,278587,257290,-1,-1,-1,236,274078,251528,239631,-1,275070,234577,-1,251615,173521,-1,77033,198513,-1,-1,-1,277581,-1,251615,-1,227819,277581,-1,-1
-1,210385,252143,-1,-1,279044,-1,76086,266253,-1,-1,244778,227890,-1,-1,-1,266097,242087,-1,-1,244669,-1,279044,75150,-1,279044,277689,270531,279044,-1,-1,230625,-1,-1,276901,254262,-1,279044,252144,254817,-1,-1,-1,237,226853,71176,77087,-1,257179,244669,-1,279044,279565,-1,212213,270141,271803,-1,-1,241651,-1,279044,270865,240950,241651,-1,-1
-1,200389,194765,-1,-1,194765,-1,278601,233084,-1,-1,238216,220440,-1,-1,-1,212616,193747,-1,-1,226161,-1,251445,252324,-1,194765,216549,177413,194765,-1,-1,236045,-1,-1,271193,184432,-1,194765,213565,231591,-1,-1,-1,240,263943,253396,214997,-1,216460,193747,-1,194765,274208,-1,272449,214979,75500,-1,-1,194765,-1,194765,278608,233486,246191,-1,-1
-1,246139,244260,-1,-1,233419,-1,192448,241486,-1,-1,277643,74462,-1,-1,-1,264240,251854,-1,-1,272600,-1,233419,277179,-1,233419,253004,204525,233419,-1,-1,253163,-1,-1,74544,213661,-1,233419,259070,263578,-1,-1,-1,241,277642,74746,241461,-1,278046,233419,-1,233419,267976,-1,228702,186153,278923,-1,-1,188545,-1,233419,74463,245037,188545,-1,-1
-1,213951,260463,-1,-1,264492,-1,73935,198023,-1,-1,278035,204280,-1,-1,-1,221556,203733,-1,-1,260877,-1,264492,260144,-1,260463,262744,236573,264492,-1,-1,231025,-1,-1,73920,262498,-1,264492,73173,192679,-1,-1,-1,242,258507,236890,262398,-1,223284,223284,-1,264492,269599,-1,221025,212453,76684,-1,-1,264492,-1,264492,272940,278001,255461,-1,-1
-1,192119,231747,-1,-1,243812,-1,75056,208618,-1,-1,239053,278394,-1,-1,-1,248243,252371,-1,-1,241637,-1,243812,231410,-1,239053,177003,240130,243812,-1,-1,264309,-1,-1,75917,246606,-1,243812,225161,228618,-1,-1,-1,243,197445,75605,272505,-1,205452,208618,-1,243812,204963,-1,222509,243952,75831,-1,-1,238794,-1,243812,-1,70966,238794,-1,-1
-1,240751,243315,-1,-1,213937,-1,225202,224305,-1,76948,237184,271037,-1,-1,-1,275333,241588,-1,-1,213937,-1,277269,256341,-1,213937,274212,234032,213937,76949,-1,278530,-1,-1,188938,72556,-1,213937,225204,265671,-1,-1,-1,244,244394,267873,251922,-1,263670,234032,-1,213937,76109,-1,270415,251944,70183,-1,-1,213937,-1,213937,70834,234731,72360,-1,262818
265390,162328,251810,-1,-1,183711,-1,76944,269153,-1,75690,255009,208104,-1,-1,-1,262218,203483,-1,-1,183711,-1,200260,211320,-1,183711,229158,256325,255009,75528,-1,236572,-1,-1,266448,272357,-1,183711,207948,272978,-1,-1,-1,245,272982,74140,253399,-1,264220,183711,-1,183711,260920,75787,223689,262262,264415,-1,75816,200260,76116,183711,77152,264728,258378,-1,75894
226662,223686,240969,-1,232229,228010,-1,75603,271266,-1,277928,239778,252931,-1,-1,-1,263603,263640,-1,234686,228010,-1,70726,199813,-1,228010,252383,263773,70726,77365,-1,257502,-1,-1,73238,261224,-1,228010,274516,271121,-1,-1,-1,246,73964,277597,236593,-1,247103,247103,-1,228010,73617,75652,252162,229114,74636,-1,251806,271400,75535,228010,72304,74875,271400,-1,77058
-1,215223,189805,-1,-1,253109,-1,74412,256098,-1,75139,253109,261422,-1,-1,-1,235663,259480,-1,-1,235149,-1,265450,222558,-1,253109,256853,270633,253109,74878,-1,238041,-1,-1,275411,241171,-1,253109,239380,241509,-1,-1,-1,247,277465,272769,269823,-1,225863,189805,-1,253109,70775,251804,251223,228279,76756,-1,-1,189805,273530,253109,74720,258753,181458,-1,76742
-1,244810,263464,-1,-1,191783,-1,239394,225553,-1,271092,213301,74367,-1,-1,-1,269512,240045,-1,-1,246946,-1,191783,74365,-1,191783,201290,209196,191783,252873,-1,256544,-1,-1,76108,183907,-1,191783,73623,242628,-1,-1,-1,252,75080,265588,263702,-1,269402,209196,-1,191783,72271,-1,235055,223868,267761,-1,-1,191783,240941,191783,274143,244403,235416,-1,262944
-1,256938,252960,-1,-1,244795,-1,265738,263233,-1,-1,210489,226924,-1,-1,-1,264877,239091,-1,-1,258601,-1,275638,240285,-1,275638,74980,275918,244795,-1,-1,270136,-1,-1,70947,72722,-1,275638,73750,244795,-1,-1,-1,254,255420,72018,263444,-1,251167,275638,-1,275638,74369,-1,266543,235820,71439,-1,-1,271384,-1,275638,193584,77104,271384,-1,-1
-1,193272,271005,-1,-1,242815,-1,-1,215368,-1,-1,242815,73666,-1,-1,-1,244599,244941,-1,-1,72245,-1,72975,199769,-1,242815,223867,239090,242815,-1,-1,248470,-1,-1,72163,237570,-1,242815,219657,230981,-1,-1,-1,256,265185,74306,239708,-1,189060,244941,-1,242815,264821,-1,277865,239410,266618,-1,-1,242815,-1,242815,-1,74505,251431,-1,-1
-1,204234,73282,-1,-1,142499,-1,231320,248777,-1,253348,224591,72427,-1,-1,-1,245586,142499,-1,-1,231414,-1,262081,271275,-1,142499,277069,223120,224591,259739,-1,72561,-1,-1,75405,264347,-1,142499,225811,259600,-1,-1,-1,260,215615,272469,177633,-1,246097,142499,-1,142499,240942,75406,254320,73283,279233,-1,-1,246097,75387,142499,279033,255158,243993,-1,75431
-1,210347,225054,-1,-1,168651,-1,72384,275238,-1,-1,168651,218341,-1,-1,-1,272346,230988,-1,-1,257831,-1,262585,238464,-1,168651,74626,244629,168651,-1,-1,227584,-1,-1,276138,279188,-1,168651,76461,231527,-1,-1,-1,263,274220,274554,244731,-1,271300,205855,-1,168651,74137,-1,278110,220932,74070,-1,-1,205855,-1,168651,-1,204350,205855,-1,-1
-1,221909,263287,-1,-1,253727,-1,73254,251116,-1,-1,274915,75499,-1,-1,-1,245392,254909,-1,-1,264330,-1,253727,255687,-1,253727,258208,242635,253727,-1,-1,73456,-1,-1,71451,76734,-1,269509,274452,269509,-1,-1,-1,266,271645,263286,241186,-1,204125,204125,-1,253727,76098,-1,274906,252179,244467,-1,-1,269509,-1,253727,72632,248169,244793,-1,-1
-1,231237,257536,-1,-1,227562,-1,-1,221024,-1,-1,266374,263006,-1,-1,-1,273100,232446,-1,-1,270046,-1,234983,246055,-1,227562,277565,247643,232446,-1,-1,232526,-1,-1,245849,199323,-1,234983,76864,246183,-1,-1,-1,267,275241,267720,261307,-1,259748,247643,-1,227562,70946,-1,252487,276347,237840,-1,-1,227562,-1,227562,-1,76097,227562,-1,-1
-1,228505,257167,-1,-1,255185,-1,-1,212121,-1,-1,278359,73292,-1,-1,-1,71170,172522,-1,-1,227622,-1,255185,219814,-1,172522,272596,225948,255185,-1,-1,250851,-1,-1,-1,264515,-1,255185,257157,254638,-1,-1,-1,269,-1,-1,251356,-1,234827,234827,-1,255185,-1,-1,271112,215693,-1,-1,-1,172522,-1,255185,-1,-1,272853,-1,-1
-1,200209,271320,-1,-1,271320,-1,-1,213835,-1,-1,73644,275271,-1,-1,-1,275742,250853,-1,-1,243891,-1,243666,71027,-1,271320,257259,252737,271320,-1,-1,236875,-1,-1,-1,262588,-1,262538,73988,257036,-1,-1,-1,270,262537,-1,216286,-1,266890,200209,-1,262538,-1,-1,267783,265179,-1,-1,-1,271320,-1,262538,-1,73641,262538,-1,-1
-1,132740,256746,-1,-1,238222,-1,-1,238222,-1,-1,236883,200667,-1,-1,-1,243886,213530,-1,-1,253409,-1,235636,261670,-1,238222,274710,190633,253409,-1,-1,268506,-1,-1,225931,238629,-1,238222,239926,253472,-1,-1,-1,271,251201,243539,70164,-1,231828,191083,-1,253409,-1,-1,254849,243158,-1,-1,-1,191083,-1,253409,-1,276352,191083,-1,-1
-1,212151,244949,-1,-1,170368,-1,-1,255541,-1,-1,170368,216175,-1,-1,-1,239028,223779,-1,-1,224574,-1,223979,204152,-1,255541,208224,262822,223979,-1,-1,243525,-1,-1,202113,211522,-1,170368,279064,194354,-1,-1,-1,278,220969,72908,193061,-1,228732,262822,-1,170368,258790,-1,199206,210358,-1,-1,-1,170368,-1,170368,-1,230564,211300,-1,-1
-1,252552,73885,-1,-1,243686,-1,-1,212091,-1,-1,243686,231887,-1,-1,-1,238303,255971,-1,-1,73884,-1,227055,251942,-1,243686,198031,234986,243686,-1,-1,257368,-1,-1,271461,240493,-1,73884,226370,242287,-1,-1,-1,280,246679,224276,216194,-1,251616,234986,-1,243686,74122,-1,240702,74085,278069,-1,-1,243586,-1,243686,-1,259680,243586,-1,-1
-1,228255,257112,-1,-1,208835,-1,74586,234856,-1,74589,277356,246329,-1,-1,-1,248584,74431,-1,-1,276827,-1,208835,270886,-1,208835,266272,215708,208835,74587,-1,229041,-1,-1,263250,248408,-1,208835,193683,256788,-1,-1,-1,294,257414,74508,277498,-1,271691,215708,-1,208835,72310,-1,209430,201138,74510,-1,-1,257112,-1,208835,276427,276824,201073,-1,74507
-1,257568,260567,-1,-1,268737,-1,272322,230836,-1,-1,268737,215817,-1,-1,-1,77074,213777,-1,-1,229263,-1,268738,241726,-1,268737,246757,258920,268737,-1,-1,245076,-1,-1,71868,245684,-1,268737,258710,212040,-1,-1,-1,298,244220,75672,278753,-1,70693,230836,-1,268737,72409,-1,248749,248283,204612,-1,-1,260567,-1,268737,267601,75193,245537,-1,-1
-1,240489,213778,-1,-1,197954,-1,-1,274948,-1,-1,197954,275021,-1,-1,-1,197996,219990,-1,-1,234365,-1,276434,261388,-1,197954,271679,190491,197954,-1,-1,242975,-1,-1,73960,257269,-1,197954,272933,254809,-1,-1,-1,299,266409,243603,255466,-1,235532,197954,-1,197954,-1,-1,279675,231566,-1,-1,-1,213778,-1,197954,-1,74632,230736,-1,-1
-1,186508,271467,-1,-1,205214,-1,-1,256040,-1,-1,262860,73381,-1,-1,-1,246310,254142,-1,-1,215195,-1,245384,246390,-1,205214,198024,247754,205214,-1,-1,272970,-1,-1,279217,256435,-1,205214,278703,214650,-1,-1,-1,300,237935,231582,271265,-1,257072,205214,-1,205214,276627,-1,73262,268413,-1,-1,-1,205214,-1,205214,-1,72277,205214,-1,-1
-1,194333,244505,-1,-1,212249,-1,-1,279184,-1,-1,212249,201114,-1,-1,-1,254472,269616,-1,-1,204111,-1,257165,245159,-1,212249,269632,244891,212249,-1,-1,70973,-1,-1,276354,72907,-1,212249,244235,73048,-1,-1,-1,301,76686,76972,210427,-1,237845,244891,-1,212249,75920,-1,70968,262646,-1,-1,-1,212249,-1,212249,-1,270497,215581,-1,-1
-1,241052,251454,-1,-1,255621,-1,222114,272877,-1,-1,262181,243596,-1,-1,-1,71132,227679,-1,-1,252758,-1,255621,222979,-1,255621,271618,213502,255621,-1,-1,279520,-1,-1,71801,72266,-1,255621,277859,207868,-1,-1,-1,305,277286,75527,202881,-1,227288,227288,-1,255621,221618,-1,267768,225406,250815,-1,-1,255621,-1,255621,-1,72986,261276,-1,-1
-1,247434,198543,-1,-1,236364,-1,-1,252754,-1,-1,236364,237927,-1,-1,-1,259472,221534,-1,-1,231926,-1,183544,71145,-1,236364,273573,233056,236364,-1,-1,193768,-1,-1,72108,277852,-1,236364,243163,231303,-1,-1,-1,306,271556,209526,225998,-1,202014,202014,-1,236364,72106,-1,218744,227570,72569,-1,-1,236364,-1,236364,-1,234227,240978,-1,-1
-1,248054,243001,-1,-1,229804,-1,-1,72817,-1,-1,251880,72940,-1,-1,-1,247911,270638,-1,-1,70195,-1,229804,223568,-1,229804,243023,255316,229804,-1,-1,229251,-1,-1,73396,273753,-1,229804,70268,243000,-1,-1,-1,308,248037,-1,221336,-1,273803,243000,-1,229804,-1,-1,264463,205942,-1,-1,-1,229804,-1,229804,-1,257361,75209,-1,-1
-1,251036,70249,-1,-1,248049,-1,257805,223229,-1,-1,270863,243918,-1,-1,-1,248680,227706,-1,-1,242640,-1,212273,264696,-1,248049,277377,262465,248049,-1,-1,246563,-1,-1,72694,243398,-1,248049,242494,253076,-1,-1,-1,310,229377,156221,237378,-1,237630,253076,-1,248049,245459,-1,260789,70524,77269,-1,-1,248049,-1,248049,272944,271172,248049,-1,75978
-1,275079,235670,-1,-1,235670,-1,-1,222328,-1,-1,240499,259290,-1,-1,-1,71836,259923,-1,-1,277807,-1,228863,265486,-1,235670,269385,177448,235670,-1,-1,71994,-1,-1,74674,74426,-1,235670,258679,210688,-1,-1,-1,319,271553,256799,243788,-1,238270,177448,-1,235670,268124,-1,72429,233763,-1,-1,-1,235670,-1,235670,-1,271031,270503,-1,-1
-1,242159,199792,-1,-1,273694,-1,76878,193133,-1,-1,272931,277751,-1,-1,-1,228325,265696,-1,-1,248166,-1,260972,250855,-1,273694,220649,243833,273694,205210,-1,199131,-1,-1,71996,184472,-1,273694,226430,273694,-1,-1,-1,320,278691,275062,205985,-1,194201,199792,-1,199792,75789,-1,71553,259987,257158,-1,-1,239125,-1,199792,71921,271923,239125,-1,164484
-1,242200,70999,-1,-1,273952,-1,-1,269879,-1,-1,256380,262911,-1,-1,-1,273613,266113,-1,-1,204348,-1,272959,187916,-1,273952,209064,71729,273952,-1,-1,259990,-1,-1,212417,76860,-1,273952,272962,273952,-1,-1,-1,321,273593,76876,209369,-1,192070,204348,-1,273952,259996,-1,70840,227050,-1,-1,-1,265735,-1,273952,-1,71721,265735,-1,-1
-1,270038,277540,-1,-1,199912,-1,277018,222692,-1,240544,266245,270909,-1,-1,-1,262514,229753,-1,-1,199282,-1,199912,193344,-1,199912,277578,264189,199912,272383,-1,213323,-1,-1,237509,250805,-1,199912,275714,262216,-1,-1,-1,322,75856,276644,279922,-1,247264,199282,-1,199912,278739,-1,244680,210502,279669,-1,-1,199912,230691,199912,73193,74643,261490,-1,76838
-1,189021,250764,-1,-1,206254,-1,-1,258880,-1,-1,206254,76786,-1,-1,-1,276670,245017,-1,-1,244399,-1,233917,278926,-1,206254,73578,224821,206254,-1,-1,274439,-1,-1,206307,271650,-1,206254,75462,234138,-1,-1,-1,324,237181,212939,245218,-1,225673,224821,-1,206254,244592,-1,73377,276665,-1,-1,-1,206254,-1,206254,-1,229169,221740,-1,-1
-1,182494,175943,-1,-1,175943,-1,75892,207790,-1,-1,263205,259754,-1,-1,-1,234171,270571,-1,-1,223959,-1,239892,259675,-1,270571,212811,220793,175943,-1,-1,212138,-1,-1,271368,265195,-1,175943,245762,252293,-1,-1,-1,325,251873,201399,201153,-1,229905,182494,-1,175943,279881,-1,233841,211908,278168,-1,-1,232293,-1,175943,70253,211748,232293,-1,-1
-1,241671,235410,-1,-1,235973,-1,265404,232363,-1,-1,216388,238621,-1,-1,-1,212523,209297,-1,-1,224158,-1,235973,260466,-1,235973,235889,219693,235973,-1,-1,240837,-1,-1,227884,243526,-1,235973,192991,264001,-1,-1,-1,326,208574,232119,225403,-1,212219,180930,-1,235973,252544,-1,199434,234341,244134,-1,-1,180930,-1,235973,279000,258168,180930,-1,-1
-1,190113,216547,-1,-1,212491,-1,-1,198657,-1,-1,229167,205939,-1,-1,-1,212814,234568,-1,-1,216814,-1,261195,233053,-1,216547,278999,201305,212491,-1,-1,279485,-1,-1,242919,193945,-1,212491,258478,212491,-1,-1,-1,327,198784,77201,274616,-1,232144,190113,-1,216547,278997,-1,256033,245370,-1,-1,-1,192387,-1,212491,-1,279616,192387,-1,-1
-1,210676,277839,-1,-1,277839,-1,201858,227222,-1,-1,266501,278623,-1,-1,-1,243787,230107,-1,-1,251790,-1,253139,275783,-1,251790,220018,268573,251790,271494,-1,271539,-1,-1,263469,70555,-1,251790,263657,244717,-1,-1,-1,347,252704,271198,231836,-1,270888,268573,-1,251790,271196,-1,247668,235266,246649,-1,-1,277839,-1,251790,271197,74156,239671,-1,277636
-1,228385,205752,-1,-1,223599,-1,-1,211512,-1,-1,267740,203430,-1,-1,-1,202198,229674,-1,-1,203210,-1,223599,237208,-1,223599,252862,242801,223599,-1,-1,247601,-1,-1,258589,243056,-1,223599,200714,223941,-1,-1,-1,357,237176,265548,258969,-1,238260,238260,-1,223599,70486,-1,210244,218593,71580,-1,-1,223599,-1,223599,-1,205036,252464,-1,-1
-1,268544,238059,-1,-1,245903,-1,-1,235773,-1,-1,206558,199917,-1,-1,-1,265658,245903,-1,-1,206562,-1,228685,228997,-1,245903,250823,211217,245903,-1,-1,237175,-1,-1,-1,269825,-1,245903,235397,209315,-1,-1,-1,361,231406,-1,248839,-1,200731,200731,-1,245903,-1,-1,256711,241525,-1,-1,-1,238059,-1,245903,-1,230897,205255,-1,-1
-1,200110,219733,-1,-1,204105,-1,-1,204105,-1,-1,244480,219681,-1,-1,-1,215556,243631,-1,-1,230020,-1,267702,197813,-1,204105,259816,215410,267702,-1,-1,262344,-1,-1,76730,259150,-1,267702,242577,201955,-1,-1,-1,378,279573,74425,233061,-1,261495,215410,-1,204105,263908,-1,231612,239203,-1,-1,-1,204105,-1,204105,-1,270828,237960,-1,-1
-1,235633,244309,-1,-1,232905,-1,-1,234573,-1,-1,232905,260195,-1,-1,-1,278902,275137,-1,-1,277659,-1,242914,76449,-1,232905,70011,253073,232905,-1,-1,70012,-1,-1,49472,275153,-1,232905,276256,226103,-1,-1,-1,379,76760,75251,279731,-1,235458,244309,-1,232905,260558,-1,227558,231105,246459,-1,-1,232905,-1,232905,-1,72250,277178,-1,-1
-1,212175,260728,-1,-1,250786,-1,-1,269149,-1,-1,275763,251564,-1,-1,-1,74721,224017,-1,-1,250786,-1,246874,72697,-1,250786,238758,171923,250786,-1,-1,231481,-1,-1,240775,279225,-1,250786,227630,232114,-1,-1,-1,381,266827,248534,220045,-1,187154,187154,-1,250786,277417,-1,248126,72390,224887,-1,-1,260728,-1,250786,-1,179636,221953,-1,-1
-1,230182,230402,-1,-1,230481,-1,-1,230371,-1,-1,230481,-1,-1,-1,-1,230353,230425,-1,-1,230331,-1,230269,236112,-1,230481,230427,236109,230481,-1,-1,230282,-1,-1,-1,230248,-1,230481,230477,230241,-1,-1,-1,383,-1,-1,230373,-1,230229,230481,-1,230481,-1,-1,230501,230185,-1,-1,-1,230440,-1,230481,-1,-1,230440,-1,-1
-1,246267,259633,-1,-1,220746,-1,267687,210455,-1,-1,220746,253136,-1,-1,-1,204688,237520,-1,-1,200094,-1,188803,219809,-1,188803,205391,210136,188803,75895,-1,195086,-1,-1,177553,231588,-1,220746,208053,209620,-1,-1,-1,393,72884,276591,245977,-1,224302,220746,-1,188803,266118,-1,235029,236583,260910,-1,-1,188803,-1,188803,236259,212261,218066,-1,226536
-1,269971,153048,-1,-1,153048,-1,268887,236634,-1,-1,267685,207622,-1,-1,-1,266875,201877,-1,-1,209335,-1,246063,266552,-1,153048,236471,256384,153048,-1,-1,198599,-1,-1,235606,244056,-1,153048,201888,259763,-1,-1,-1,417,70328,266927,211365,-1,223253,153048,-1,153048,262814,-1,264295,202810,259134,-1,-1,188091,-1,153048,279085,77083,188091,-1,248329
-1,207633,253152,-1,-1,208297,-1,-1,246291,-1,-1,274979,77073,-1,-1,-1,207502,177279,-1,-1,262173,-1,208297,273870,-1,262173,260000,247376,208297,-1,-1,274855,-1,-1,273639,278707,-1,262173,77088,267690,-1,-1,-1,418,73635,261292,274701,-1,71864,177279,-1,208297,262174,-1,74966,201864,-1,-1,-1,77274,-1,208297,-1,74218,77274,-1,-1
-1,201035,150516,-1,-1,225996,-1,-1,277589,-1,-1,267467,230623,-1,-1,-1,265797,255343,-1,-1,75164,-1,276877,271984,-1,225996,246954,201132,225996,-1,-1,72257,-1,-1,77123,263262,-1,225996,204687,225996,-1,-1,-1,420,72555,76733,73579,-1,236304,225996,-1,225996,76965,-1,247388,244551,276945,-1,-1,230046,-1,225996,-1,77092,230046,-1,-1
-1,244191,237863,-1,-1,243764,-1,258532,210392,-1,-1,202819,211978,-1,-1,-1,236495,243764,-1,-1,242230,-1,230847,258122,-1,243764,263098,246079,243764,-1,-1,70744,-1,-1,71920,260885,-1,243764,247000,227182,-1,-1,-1,423,251262,264475,239642,-1,251178,246079,-1,243764,72714,-1,276346,208697,276749,-1,-1,202819,-1,243764,274567,242984,229249,-1,-1
-1,192129,220198,-1,-1,219951,-1,76688,225273,-1,-1,234066,74629,-1,-1,-1,266430,272967,-1,-1,262224,-1,219951,273858,-1,219951,240677,244269,219951,-1,-1,272656,-1,-1,266051,244192,-1,220198,71747,241139,-1,-1,-1,433,207593,76873,199602,-1,226583,192129,-1,220198,272514,-1,268345,228355,273596,-1,-1,219951,-1,219951,272566,71306,272655,-1,276189
-1,226300,269456,-1,-1,269456,-1,-1,263810,-1,-1,205678,204639,-1,-1,-1,237055,244114,-1,-1,200746,-1,241771,205201,-1,269456,245770,74295,205678,-1,-1,266474,-1,-1,277436,205756,-1,269456,266688,244486,-1,-1,-1,436,254257,275258,247122,-1,264066,226300,-1,269456,243244,-1,276946,271089,-1,-1,-1,231652,-1,269456,-1,223154,231652,-1,-1
-1,242229,244321,-1,-1,210263,-1,221764,253943,-1,-1,227953,201346,-1,-1,-1,221167,246136,-1,-1,230081,-1,210263,247098,-1,210263,192624,198497,210263,-1,-1,251271,-1,-1,228292,277023,-1,210263,277020,235650,-1,-1,-1,445,235704,75916,230070,-1,201908,200845,-1,210263,267823,-1,277357,227545,201901,-1,-1,200845,-1,210263,200134,244655,200845,-1,259234
-1,230869,244675,-1,-1,256516,-1,-1,190149,-1,-1,216201,240900,-1,-1,-1,271302,263617,-1,-1,205157,-1,256516,279604,-1,205157,225201,259524,256516,-1,-1,227950,-1,-1,74467,225523,-1,256516,146947,183512,-1,-1,-1,448,75263,70344,76945,-1,248550,190149,-1,256516,279603,-1,277708,263880,77154,-1,-1,244675,-1,256516,-1,241049,231184,-1,-1
-1,194911,197781,-1,-1,226226,-1,74717,241867,-1,276956,226226,276633,-1,-1,-1,198951,235945,-1,-1,276471,-1,264432,259516,-1,226226,255475,198141,226226,76739,-1,215699,-1,-1,74584,203747,-1,226226,193352,231318,-1,-1,-1,449,76740,74545,228520,-1,212602,241867,-1,226226,272487,76420,226456,243587,75211,-1,237034,226226,70027,226226,75055,277537,276589,-1,207566
-1,189690,224179,-1,-1,192629,-1,-1,220821,-1,-1,266331,243034,-1,-1,-1,75628,259233,-1,-1,235997,-1,192629,240223,-1,259694,252865,234660,192638,-1,-1,262140,-1,-1,264095,279027,-1,192638,210972,259694,-1,-1,-1,450,272453,72425,263227,-1,192638,192629,-1,192629,264167,-1,279112,222572,270860,-1,-1,192629,-1,192629,-1,252866,223061,-1,-1
-1,259532,258949,-1,-1,231856,-1,258948,261654,-1,246455,231856,242336,-1,-1,-1,229862,263133,-1,-1,244407,-1,247028,240289,-1,231856,263676,245426,231856,71352,-1,199577,-1,-1,260546,270728,-1,231856,268511,228326,-1,-1,-1,452,71972,278996,269176,-1,192816,244622,-1,231856,268419,77132,264506,209960,279120,-1,-1,244622,71155,231856,75544,225926,244622,-1,250997
-1,263139,198451,-1,-1,202648,-1,-1,221342,-1,-1,232610,278392,-1,-1,-1,241856,208620,-1,-1,255566,-1,202648,252909,-1,202648,202716,228805,202648,-1,-1,263396,-1,-1,262416,232008,-1,198451,246351,214026,-1,-1,-1,453,248820,74716,226777,-1,219585,228805,-1,202648,146952,-1,253130,258466,-1,-1,-1,223710,-1,202648,-1,74583,223710,-1,-1
-1,225395,259105,-1,-1,243792,-1,75632,236466,-1,-1,246044,191135,-1,-1,-1,254005,262501,-1,-1,247328,-1,243792,271413,-1,243792,277742,243155,246044,-1,-1,255406,-1,-1,265731,274080,-1,243792,244799,219709,-1,-1,-1,456,74606,269197,262303,-1,244938,262501,-1,243792,74607,-1,262513,231071,74881,-1,-1,246044,-1,243792,258769,216376,269639,-1,245894
-1,227127,241811,-1,-1,241811,-1,70264,234035,-1,-1,258775,277225,-1,-1,-1,262500,237681,-1,-1,248148,-1,235944,226221,-1,241811,264701,233738,241811,-1,-1,246748,-1,-1,272455,255854,-1,241811,223790,256097,-1,-1,-1,457,259848,278045,246672,-1,244749,230142,-1,241811,271920,-1,269186,265520,219789,-1,-1,230142,-1,241811,74087,262510,230142,-1,74088
-1,219836,256885,-1,-1,190143,-1,-1,256080,-1,-1,238220,241070,-1,-1,-1,264838,263883,-1,-1,229765,-1,240201,258766,-1,190143,276949,237442,190143,-1,-1,271805,-1,-1,74608,72028,-1,190143,246949,190143,-1,-1,-1,459,265561,228716,268508,-1,213063,190143,-1,224428,259422,-1,265560,245601,262070,-1,-1,224428,-1,224428,-1,243491,224428,-1,-1
-1,262621,224415,-1,-1,230786,-1,76501,203177,-1,266031,230786,74785,-1,-1,-1,246070,264238,-1,-1,211688,-1,266436,224013,-1,224415,247729,264846,230786,247832,-1,246352,-1,-1,246871,230578,-1,230786,260082,278661,-1,-1,-1,461,271373,74591,231628,-1,265726,211688,-1,230786,272904,-1,231627,220604,279868,-1,-1,230786,240060,230786,277650,211348,243032,-1,74593
-1,248732,229010,-1,-1,258139,-1,279682,235088,-1,-1,233631,230021,-1,-1,-1,204863,262581,-1,-1,274555,-1,258139,215639,-1,258139,210463,245238,258139,-1,-1,225699,-1,-1,74441,258396,-1,258139,70448,270879,-1,-1,-1,462,276159,271267,271682,-1,233885,245238,-1,258139,278071,-1,252084,244020,72107,-1,-1,224967,-1,258139,252315,278524,224967,-1,228336
-1,222464,238126,-1,-1,240458,-1,277814,240953,-1,-1,244767,265396,-1,-1,-1,244948,261987,-1,-1,240458,-1,236507,258041,-1,238126,224309,245628,238126,-1,-1,241031,-1,-1,278917,250725,-1,244767,276493,252327,-1,-1,-1,463,74548,74547,193794,-1,234933,222464,-1,240458,233113,-1,234826,265405,253216,-1,-1,192678,-1,240458,-1,72328,192678,-1,-1
-1,259362,73561,-1,-1,229337,-1,266159,254913,-1,-1,244197,219777,-1,-1,-1,225562,199158,-1,-1,229337,-1,229517,241489,-1,229337,213577,254003,244197,-1,-1,256059,-1,-1,269224,278630,-1,244197,272458,272305,-1,-1,-1,467,71912,278527,275415,-1,199986,199986,-1,229337,72270,-1,255268,243201,277831,-1,-1,244197,-1,229337,75379,277719,233231,-1,-1
-1,207935,258846,-1,-1,257866,-1,74557,276745,-1,246809,257866,236914,-1,-1,-1,237524,235522,-1,-1,229667,-1,269250,259504,-1,257866,224584,261264,257866,278535,-1,192789,-1,-1,71674,260083,-1,257866,198731,258684,-1,-1,-1,468,278523,279035,208621,-1,206222,206222,-1,257866,243571,-1,242489,242802,74556,-1,-1,258846,-1,257866,72572,254860,255155,-1,74558
-1,199987,251011,-1,-1,217731,-1,247412,258922,-1,77156,217731,208330,-1,-1,-1,236393,199823,-1,-1,261530,-1,264388,243478,-1,217731,223578,266160,251011,74370,-1,252079,-1,-1,77155,271975,-1,251011,235515,211857,-1,-1,-1,472,225974,234350,220031,-1,251337,251011,-1,199823,76546,-1,278403,244262,74882,-1,-1,252037,-1,217731,74371,226157,252037,-1,278872
-1,224003,188335,-1,-1,247495,-1,-1,239614,-1,-1,247495,264160,-1,-1,-1,225200,258937,-1,-1,208137,-1,211022,231530,-1,211022,206590,259066,247495,-1,-1,215569,-1,-1,276087,272433,-1,247495,211241,271145,-1,-1,-1,479,73507,264161,253416,-1,243976,224003,-1,211022,-1,-1,206219,193314,-1,-1,-1,188335,-1,211022,-1,274355,271916,-1,-1
-1,236033,248805,-1,-1,232498,-1,-1,248165,-1,-1,222390,74178,-1,-1,-1,250858,243558,-1,-1,243559,-1,216447,203581,-1,232498,219953,235662,232498,-1,-1,247131,-1,-1,214944,189472,-1,232498,173030,258371,-1,-1,-1,480,261339,231873,251756,-1,197948,243558,-1,197948,236492,-1,210315,227186,74551,-1,-1,232498,-1,232498,-1,229624,232498,-1,-1
-1,185427,270301,-1,-1,208421,-1,279506,264172,-1,-1,231416,252961,-1,-1,-1,202651,208421,-1,-1,229752,-1,70893,241928,-1,208421,258172,255106,231416,75564,-1,246683,-1,-1,238581,234426,-1,231416,238050,246113,-1,-1,-1,481,76043,236515,266256,-1,193198,193198,-1,208421,269199,-1,264174,272427,74590,-1,-1,231416,-1,208421,74585,275520,69967,-1,271755
-1,258534,215590,-1,-1,257279,-1,270738,189860,-1,-1,235781,205192,-1,-1,-1,241707,189513,-1,-1,259377,-1,257279,246800,-1,257279,226110,157481,257279,-1,-1,265578,-1,-1,271757,237221,-1,257279,228302,262402,-1,-1,-1,483,270335,278659,208093,-1,243923,157481,-1,257279,269641,-1,268414,258885,70021,-1,-1,189513,-1,257279,75748,225508,276295,-1,-1
-1,186148,266895,-1,-1,262669,-1,279907,233207,-1,-1,71297,262665,-1,-1,-1,250946,262669,-1,-1,251429,-1,243392,276600,-1,262669,211891,236217,262669,-1,-1,255760,-1,-1,277910,237213,-1,262669,226686,210665,-1,-1,-1,485,276041,226167,190738,-1,262119,186148,-1,262669,72675,-1,272660,238503,263353,-1,-1,210665,-1,262669,279622,262117,256658,-1,-1
-1,237359,279220,-1,-1,183632,-1,266684,268651,-1,-1,229285,239498,-1,-1,-1,279490,263275,-1,-1,276165,-1,252263,222838,-1,183632,263025,250993,183632,-1,-1,245760,-1,-1,73131,268624,-1,183632,73130,183632,-1,-1,-1,487,76274,263023,235056,-1,199347,199347,-1,183632,73902,-1,234381,275284,73129,-1,-1,246613,-1,183632,-1,239397,246613,-1,-1
-1,257635,236940,-1,-1,199840,-1,-1,270205,-1,-1,240316,71505,-1,-1,-1,251326,72265,-1,-1,74962,-1,243205,252139,-1,199840,212692,271438,199840,-1,-1,236505,-1,-1,239922,269423,-1,199840,239303,244006,-1,-1,-1,489,277923,75151,175851,-1,253378,257635,-1,199840,74165,-1,271576,257334,72338,-1,-1,236940,-1,199840,-1,74190,199840,-1,-1
-1,208776,243445,-1,-1,257307,-1,239700,218656,-1,-1,251688,203590,-1,-1,-1,240335,233880,-1,-1,276342,-1,257307,244078,-1,276342,238965,245750,257307,-1,-1,255337,-1,-1,276993,274101,-1,276342,229803,241540,-1,-1,-1,492,263731,234831,269472,-1,238986,208776,-1,276342,189248,-1,73147,251465,271936,-1,-1,278893,-1,276342,-1,279657,278893,-1,-1
-1,252911,235157,-1,-1,234385,-1,264168,256954,-1,-1,251662,270900,-1,-1,-1,262671,234385,-1,-1,262902,-1,273114,239634,-1,234385,266446,225636,234385,-1,-1,250909,-1,-1,74984,268429,-1,234385,261047,211872,-1,-1,-1,503,278229,270515,277509,-1,262664,234385,-1,234385,73367,-1,216377,222484,74078,-1,-1,235157,-1,234385,-1,274098,248575,-1,-1
-1,182520,205892,-1,-1,216255,-1,-1,270994,-1,-1,73370,258635,-1,-1,-1,258644,219449,-1,-1,276310,-1,216255,236675,-1,216255,275738,239686,216255,-1,-1,229756,-1,-1,242268,73368,-1,216255,245769,260078,-1,-1,-1,506,71284,-1,73369,-1,70951,182520,-1,216255,-1,-1,271046,248545,-1,-1,-1,216255,-1,216255,-1,272454,238643,-1,-1
-1,230324,230374,-1,-1,230397,-1,-1,230193,-1,-1,230480,-1,-1,-1,-1,236168,230259,-1,-1,230417,-1,230468,236143,-1,230468,230239,230439,230397,-1,-1,230526,-1,-1,-1,230220,-1,230397,230399,230188,-1,-1,-1,517,-1,-1,230503,-1,230397,230397,-1,230468,-1,-1,230303,233974,-1,-1,-1,230516,-1,230468,-1,-1,230516,-1,-1
-1,235141,255789,-1,-1,256282,-1,278043,263841,-1,-1,260014,276061,-1,-1,-1,265643,238637,-1,-1,237490,-1,224662,203754,-1,260014,225075,250847,256282,-1,-1,264313,-1,-1,72982,265783,-1,256282,244040,234279,-1,-1,-1,523,205096,72983,224424,-1,276675,235141,-1,256282,242291,-1,279219,218873,74010,-1,-1,256282,-1,256282,199479,245228,256282,-1,-1
-1,269269,243378,-1,-1,231424,-1,-1,268536,-1,-1,231424,269320,-1,-1,-1,73009,262116,-1,-1,260186,-1,239666,74747,-1,231424,208096,269315,260186,-1,-1,238692,-1,-1,260716,244707,-1,231424,251323,239903,-1,-1,-1,526,73160,264245,258692,-1,217841,217841,-1,231424,71288,-1,72677,265750,204552,-1,-1,231424,-1,231424,-1,269321,241969,-1,-1
-1,260978,240829,-1,-1,194431,-1,276353,276287,-1,-1,212625,211874,-1,-1,-1,211742,253694,-1,-1,194431,-1,212755,238636,-1,194431,237635,266438,212755,-1,-1,276289,-1,-1,263138,229998,-1,212755,264214,276288,-1,-1,-1,531,268267,233228,258377,-1,238634,194431,-1,253694,238930,-1,229702,243925,216288,-1,-1,253694,-1,194431,71622,245856,220922,-1,-1
-1,231413,257314,-1,-1,272872,-1,261360,72954,-1,-1,272872,258584,-1,-1,-1,263424,239595,-1,-1,264711,-1,262267,279122,-1,72954,72649,222909,272872,-1,-1,269288,-1,-1,208180,239635,-1,272872,72648,240233,-1,-1,-1,537,246740,76440,263984,-1,241692,222909,-1,272872,75708,-1,271507,72643,241411,-1,-1,257314,-1,272872,-1,72646,247539,-1,-1
-1,259718,251417,-1,-1,223652,-1,271212,234861,-1,276654,258634,247812,-1,-1,-1,256634,245543,-1,-1,223652,-1,263310,239571,-1,246845,213644,257054,246845,75371,-1,216284,-1,-1,244091,277877,-1,246845,210004,246845,-1,-1,-1,543,279046,257051,276272,-1,263077,259718,-1,246845,188872,76138,236553,224440,279793,-1,-1,246845,76139,246845,234668,240218,218534,-1,262005
-1,138431,271093,-1,-1,241582,-1,240603,278641,-1,-1,240772,264764,-1,-1,-1,240154,72719,-1,-1,248723,-1,241582,72715,-1,248723,71137,264695,241582,-1,-1,237926,-1,-1,278643,72716,-1,248723,247371,243637,-1,-1,-1,563,278642,260717,266209,-1,278511,264695,-1,243637,241690,-1,277997,278164,253154,-1,-1,70520,-1,241582,-1,228582,70520,-1,-1
-1,230323,230271,-1,-1,230337,-1,-1,230199,-1,-1,230278,-1,-1,-1,-1,230273,230530,-1,-1,230234,-1,230466,230268,-1,230271,230247,230381,230337,-1,-1,230335,-1,-1,-1,230221,-1,230337,230372,230337,-1,-1,-1,567,-1,-1,230287,-1,230218,230271,-1,230337,-1,-1,236196,230332,-1,-1,-1,230278,-1,230337,-1,-1,230507,-1,-1
-1,230318,230502,-1,-1,234015,-1,-1,230202,-1,-1,230465,-1,-1,-1,-1,230522,230452,-1,-1,230252,-1,234015,236076,-1,230502,230243,230209,234015,-1,-1,233986,-1,-1,-1,230200,-1,234015,230236,230189,-1,-1,-1,568,-1,-1,230290,-1,230382,230318,-1,234015,-1,-1,236165,233976,-1,-1,-1,230502,-1,234015,-1,-1,230515,-1,-1
-1,235312,200510,-1,-1,201295,-1,74554,73199,-1,-1,220638,252943,-1,-1,-1,74209,201295,-1,-1,229428,-1,264176,260344,-1,201295,258494,222598,201295,-1,-1,74210,-1,-1,74555,265437,-1,226087,269227,226087,-1,-1,-1,573,265812,234769,253983,-1,219796,235312,-1,264176,73452,-1,245520,271491,74211,-1,-1,200510,-1,201295,-1,73450,255398,-1,-1
-1,244001,200473,-1,-1,245622,-1,210006,254245,-1,-1,251834,251342,-1,-1,-1,260405,251617,-1,-1,276119,-1,245622,276167,-1,251617,255459,76106,245622,-1,-1,275754,-1,-1,223756,76706,-1,245622,248175,229472,-1,-1,-1,576,219694,231110,239981,-1,224093,244001,-1,245622,276118,-1,188154,228935,73149,-1,-1,245622,-1,245622,276130,74877,262946,-1,-1
-1,269301,271246,-1,-1,269302,-1,-1,278228,-1,-1,260925,238631,-1,-1,-1,269310,242525,-1,-1,269305,-1,262978,276319,-1,271246,269307,262591,269302,-1,-1,229200,-1,-1,189917,238683,-1,269302,210354,269302,-1,-1,-1,580,251451,276321,73005,-1,251320,269305,-1,269302,76282,-1,73002,238489,-1,-1,-1,265577,-1,269302,-1,73004,265577,-1,-1
-1,230319,230432,-1,-1,230385,-1,-1,230217,-1,-1,230370,-1,-1,-1,-1,230414,236147,-1,-1,230242,-1,230456,230246,-1,230242,230392,230326,230385,-1,-1,230386,-1,-1,-1,230205,-1,230385,234028,230244,-1,-1,-1,598,-1,-1,230521,-1,230222,230222,-1,230385,-1,-1,230410,230321,-1,-1,-1,230385,-1,230385,-1,-1,230385,-1,-1
-1,209981,277797,-1,-1,224293,-1,-1,210514,-1,-1,224293,245751,-1,-1,-1,242223,223848,-1,-1,222737,-1,210602,210603,-1,223848,241938,201024,224293,-1,-1,256331,-1,-1,277063,245268,-1,210602,220075,251573,-1,-1,-1,605,210923,248482,70651,-1,229851,210602,-1,223848,265407,-1,76425,245276,-1,-1,-1,215716,-1,223848,-1,248498,215716,-1,-1
-1,241727,234906,-1,-1,234906,-1,-1,242156,-1,-1,241852,75707,-1,-1,-1,276343,209499,-1,-1,215914,-1,225953,225087,-1,209499,238043,241197,234906,-1,-1,258147,-1,-1,271569,263884,-1,225953,272830,210843,-1,-1,-1,607,259358,76527,211173,-1,200888,165153,-1,225953,221658,-1,241963,254792,-1,-1,-1,234906,-1,234906,-1,221772,165153,-1,-1
-1,223011,229045,-1,-1,240069,-1,278273,275516,-1,-1,240069,262343,-1,-1,-1,225168,277630,-1,-1,72100,-1,204242,277754,-1,240069,178160,241858,240069,-1,-1,70016,-1,-1,252468,72396,-1,240069,250911,251981,-1,-1,-1,614,183829,235558,275517,-1,244476,241858,-1,240069,71793,-1,203889,263569,75313,-1,-1,204242,-1,240069,-1,275378,273962,-1,-1
-1,271064,204853,-1,-1,233865,-1,-1,261277,-1,-1,273600,255120,-1,-1,-1,263906,216299,-1,-1,252067,-1,247822,221538,-1,247822,227954,228159,252067,-1,-1,266147,-1,-1,74199,219816,-1,252067,221536,270373,-1,-1,-1,631,74200,275022,246326,-1,264367,216299,-1,233865,74201,-1,222848,238969,241894,-1,-1,233865,-1,233865,-1,251554,233865,-1,-1
-1,202457,246237,-1,-1,216349,-1,76963,197860,-1,239378,216349,73746,-1,-1,-1,208459,262412,-1,-1,223926,-1,210386,216380,-1,216349,72972,251895,216349,75602,-1,260436,-1,-1,73546,270980,-1,210386,73202,258823,-1,-1,-1,634,73548,76962,261249,-1,263556,197860,-1,210386,75226,-1,72891,210832,276546,-1,-1,246237,-1,216349,73547,243831,230557,-1,73545
-1,263922,235242,-1,-1,262925,-1,-1,70582,-1,-1,243953,71624,-1,-1,-1,258465,73348,-1,-1,262925,-1,277975,270636,-1,262925,227667,245018,262925,-1,-1,272407,-1,-1,75076,73930,-1,262925,251911,247009,-1,-1,-1,670,208214,278564,252936,-1,262938,262925,-1,262925,276925,-1,222636,269795,-1,-1,-1,235242,-1,262925,-1,74135,273915,-1,-1
-1,270821,244791,-1,-1,260570,-1,-1,275353,-1,-1,260570,72955,-1,-1,-1,270995,229659,-1,-1,277206,-1,274913,70497,-1,260570,248712,243530,260570,-1,-1,246713,-1,-1,256307,278777,-1,260570,70496,222875,-1,-1,-1,673,73693,278232,266616,-1,271032,229659,-1,260570,271417,-1,70694,204308,-1,-1,-1,260570,-1,260570,-1,262099,258911,-1,-1
-1,204549,234905,-1,-1,266681,-1,72611,259043,-1,-1,260432,272930,-1,-1,-1,216334,226431,-1,-1,262968,-1,266681,70427,-1,266681,277840,246826,266681,-1,-1,217845,-1,-1,257789,257019,-1,266681,276923,236947,-1,-1,-1,674,70191,77045,176009,-1,209547,246826,-1,266681,75615,-1,271953,269752,257209,-1,-1,234905,-1,266681,246415,264280,270787,-1,261325
-1,250754,272303,-1,-1,208422,-1,261158,262940,-1,-1,208422,72638,-1,-1,-1,279509,260977,-1,-1,241497,-1,264221,72630,-1,208422,243643,248603,208422,-1,-1,264248,-1,-1,277944,231101,-1,208422,188540,269249,-1,-1,-1,675,263758,73915,257131,-1,188756,208422,-1,208422,72626,-1,246123,255412,73917,-1,-1,272303,-1,208422,278369,251565,255241,-1,77184
-1,71641,244318,-1,-1,232490,-1,75843,261312,-1,-1,260464,279806,-1,-1,-1,279667,251156,-1,-1,232849,-1,232490,270923,-1,232849,273610,276305,232490,73863,-1,256858,-1,-1,233225,266567,-1,232490,277457,210361,-1,-1,-1,680,272336,279807,257975,-1,73455,210361,-1,251156,276267,-1,271205,184148,234148,-1,-1,251156,-1,232490,73924,232655,234710,-1,76316
-1,273047,264180,-1,-1,235661,-1,73324,242907,-1,-1,247874,261661,-1,-1,-1,277755,276315,-1,-1,235661,-1,251575,186296,-1,235661,251466,255558,235661,-1,-1,260521,-1,-1,263496,279048,-1,235661,208140,274057,-1,-1,-1,681,234904,73984,220948,-1,275192,235661,-1,235661,272461,-1,217699,209293,251621,-1,-1,251575,-1,235661,268725,216348,275401,-1,70277
-1,266389,237075,-1,-1,241907,-1,-1,212401,-1,-1,274535,239993,-1,-1,-1,262094,202078,-1,-1,266390,-1,241907,246106,-1,241907,235425,206485,241907,-1,-1,246803,-1,-1,-1,257346,-1,241907,234300,270820,-1,-1,-1,687,71481,-1,245855,-1,242263,202078,-1,241907,-1,-1,70155,267684,-1,-1,-1,269923,-1,241907,-1,206549,269923,-1,-1
-1,266323,227911,-1,-1,242542,-1,-1,242542,-1,-1,243464,72375,-1,-1,-1,74322,268685,-1,-1,256215,-1,277301,71914,-1,242542,70045,233931,242542,-1,-1,266717,-1,-1,-1,279787,-1,242542,71080,251547,-1,-1,-1,688,-1,-1,227998,-1,266805,184111,-1,242542,-1,-1,262087,247121,-1,-1,-1,184111,-1,242542,-1,-1,184111,-1,-1
-1,242084,183569,-1,-1,208448,-1,-1,256426,-1,-1,241004,261639,-1,-1,-1,273548,266033,-1,-1,236038,-1,208448,268402,-1,208448,260772,255033,208448,-1,-1,231111,-1,-1,275294,226803,-1,208448,267796,260001,-1,-1,-1,689,75541,73858,275108,-1,247459,208448,-1,208448,-1,-1,259862,267787,-1,-1,-1,208448,-1,208448,-1,69986,221908,-1,-1
-1,246958,210930,-1,-1,210930,-1,-1,242554,-1,-1,270107,242734,-1,-1,-1,237257,244895,-1,-1,226793,-1,241026,251387,-1,210930,215083,235849,210930,-1,-1,266686,-1,-1,-1,254246,-1,210930,255136,73673,-1,-1,-1,691,278955,-1,241130,-1,212592,210930,-1,210930,-1,-1,266682,226786,-1,-1,-1,210930,-1,210930,-1,273555,253568,-1,-1
-1,260982,260984,-1,-1,213209,-1,-1,247173,-1,-1,240117,190560,-1,-1,-1,242714,239894,-1,-1,213209,-1,266856,255273,-1,213209,225085,238008,240117,-1,-1,247474,-1,-1,271051,273550,-1,213209,266334,247278,-1,-1,-1,693,277376,271049,215443,-1,193470,213209,-1,213209,269960,-1,243459,259915,-1,-1,-1,260984,-1,213209,-1,277619,233630,-1,-1
-1,234777,237496,-1,-1,237496,-1,-1,231985,-1,-1,247084,268130,-1,-1,-1,256934,228408,-1,-1,245341,-1,246450,261453,-1,245341,266852,237000,237496,-1,-1,232693,-1,-1,70219,268716,-1,237496,261604,242769,-1,-1,-1,694,271055,70222,261455,-1,212287,231985,-1,237496,-1,-1,279544,70142,-1,-1,-1,276619,-1,237496,-1,261419,276619,-1,-1
-1,236571,275101,-1,-1,201447,-1,-1,237214,-1,-1,236587,77128,-1,-1,-1,251894,256194,-1,-1,201447,-1,238049,267610,-1,201447,215643,232332,201447,-1,-1,232120,-1,-1,272609,272825,-1,201447,263790,254067,-1,-1,-1,695,77131,274581,71257,-1,244674,236571,-1,201447,77130,-1,77133,267802,279619,-1,-1,244797,-1,201447,-1,272603,244797,-1,-1
-1,256053,270652,-1,-1,221797,-1,-1,264390,-1,-1,221797,275252,-1,-1,-1,226781,225028,-1,-1,226220,-1,279704,239269,-1,221797,242253,215067,232132,-1,-1,247125,-1,-1,-1,256499,-1,221797,223978,221201,-1,-1,-1,696,-1,-1,251105,-1,232132,221797,-1,221797,-1,-1,240226,70850,-1,-1,-1,270652,-1,221797,-1,-1,232148,-1,-1
-1,227909,256018,-1,-1,242816,-1,-1,233169,-1,-1,226273,241091,-1,-1,-1,70335,242816,-1,-1,247509,-1,70822,183491,-1,242816,201895,273826,70822,-1,-1,247308,-1,-1,72827,202073,-1,242816,275212,258095,-1,-1,-1,697,75238,275251,188350,-1,191648,191648,-1,242816,242703,-1,278479,275032,-1,-1,-1,241162,-1,242816,-1,260421,241162,-1,-1
-1,202570,238504,-1,-1,238775,-1,-1,246849,-1,-1,263068,74620,-1,-1,-1,270955,234122,-1,-1,260479,-1,275221,262209,-1,238775,73768,199745,263068,-1,-1,209761,-1,-1,-1,261763,-1,263068,76912,222587,-1,-1,-1,698,70074,-1,220715,-1,274396,238775,-1,238775,-1,-1,269005,232082,-1,-1,-1,238775,-1,238775,-1,273553,238775,-1,-1
-1,236823,209062,-1,-1,221919,-1,-1,209061,-1,-1,223186,261100,-1,-1,-1,236427,270919,-1,-1,192102,-1,221919,198455,-1,270919,276567,209063,270919,-1,-1,235516,-1,-1,276890,272304,-1,221919,70124,70160,-1,-1,-1,700,71308,270533,251090,-1,246654,209063,-1,221919,74518,-1,275621,74624,-1,-1,-1,221919,-1,221919,-1,74368,261031,-1,-1
-1,202910,211177,-1,-1,211177,-1,-1,273950,-1,-1,209039,256375,-1,-1,-1,273949,225237,-1,-1,266050,-1,279056,213670,-1,211177,241577,272913,211177,-1,-1,266015,-1,-1,74715,273948,-1,211177,251024,258477,-1,-1,-1,702,277560,254514,245122,-1,231510,202905,-1,211177,77216,-1,277698,275161,-1,-1,-1,211177,-1,211177,-1,278592,202905,-1,-1
-1,222900,197240,-1,-1,197240,-1,-1,71727,-1,-1,223379,76869,-1,-1,-1,258874,275290,-1,-1,227835,-1,256326,73441,-1,197240,264749,236662,197240,-1,-1,243125,-1,-1,70577,76867,-1,197240,246920,241538,-1,-1,-1,708,77055,75668,260991,-1,266337,197240,-1,197240,243284,-1,75126,256376,-1,-1,-1,197240,-1,197240,-1,73631,268597,-1,-1
-1,221584,227579,-1,-1,242062,-1,223907,242055,-1,-1,70096,208437,-1,-1,-1,181318,213763,-1,-1,242062,-1,260228,266029,-1,242062,74628,213497,242062,-1,-1,208440,-1,-1,272965,272891,-1,242062,277673,71672,-1,-1,-1,710,272927,266723,247025,-1,254994,213497,-1,242062,274268,-1,76879,207589,271090,-1,-1,227579,-1,242062,-1,251594,204850,-1,-1
-1,192201,277470,-1,-1,234488,-1,-1,70838,-1,-1,227882,276769,-1,-1,-1,70007,234488,-1,-1,213613,-1,242166,219957,-1,227882,274406,200718,234488,-1,-1,70998,-1,-1,278580,277969,-1,227882,271415,220600,-1,-1,-1,711,75667,75450,277285,-1,242160,213613,-1,227882,-1,-1,275283,207926,-1,-1,-1,213613,-1,234488,-1,278582,261035,-1,-1
-1,231474,229683,-1,-1,192156,-1,265688,279769,-1,-1,251447,269487,-1,-1,-1,213582,221506,-1,-1,254258,-1,269740,277680,-1,244193,248483,242236,279769,-1,-1,264743,-1,-1,77040,277752,-1,244193,72808,192156,-1,-1,-1,718,279495,269617,245240,-1,188840,188840,-1,192156,76225,-1,269489,72800,73664,-1,-1,244193,-1,192156,76743,72952,244193,-1,279747
-1,266358,209782,-1,-1,255776,-1,-1,211739,-1,-1,194932,252807,-1,-1,-1,215574,75118,-1,-1,255776,-1,237560,253463,-1,255776,204370,194077,255776,-1,-1,240333,-1,-1,241688,240055,-1,255776,269836,186651,-1,-1,-1,741,271676,259153,245437,-1,279928,194077,-1,211739,277670,-1,278159,237553,75520,-1,-1,244628,-1,255776,-1,221367,244628,-1,-1
-1,247866,263279,-1,-1,270109,-1,-1,244287,-1,-1,262430,70170,-1,-1,-1,229406,270109,-1,-1,277871,-1,259054,268719,-1,270109,73600,72863,270109,-1,-1,252001,-1,-1,262964,73596,-1,270109,258522,235026,-1,-1,-1,744,278434,75836,278025,-1,70700,244287,-1,270109,73601,-1,233414,74241,74117,-1,-1,270983,-1,270109,-1,186748,270983,-1,-1
-1,223175,240040,-1,-1,218745,-1,-1,223134,-1,-1,239045,72417,-1,-1,-1,200713,218745,-1,-1,230042,-1,271219,238569,-1,240040,213388,209232,218745,-1,-1,243271,-1,-1,-1,276392,-1,240040,276393,225775,-1,-1,-1,748,-1,-1,231745,-1,233097,223134,-1,240040,-1,-1,75146,250879,-1,-1,-1,218745,-1,218745,-1,277884,244685,-1,-1
-1,273558,259250,-1,-1,259250,-1,-1,252835,-1,-1,247166,261876,-1,-1,-1,276927,71148,-1,-1,71386,-1,243910,239353,-1,259250,272401,248770,259250,-1,-1,199010,-1,-1,-1,274451,-1,259250,262651,251283,-1,-1,-1,753,-1,-1,233950,-1,233375,233375,-1,259250,-1,-1,262257,240838,-1,-1,-1,183807,-1,259250,-1,75962,183807,-1,-1
-1,238060,207554,-1,-1,203362,-1,-1,274722,-1,-1,203362,73448,-1,-1,-1,271980,193283,-1,-1,217605,-1,263672,279015,-1,203362,224389,274187,203362,-1,-1,263711,-1,-1,201303,246014,-1,203362,74233,224841,-1,-1,-1,819,248478,219466,240974,-1,229150,207554,-1,203362,265600,-1,70730,222562,200108,-1,-1,224841,-1,203362,-1,73447,201943,-1,-1
-1,251330,201265,-1,-1,201265,-1,-1,247782,-1,-1,272932,73127,-1,-1,-1,268436,73126,-1,-1,73125,-1,264670,259713,-1,241269,262832,241812,241269,-1,-1,219767,-1,-1,236831,275743,-1,241269,73371,241269,-1,-1,-1,820,75217,277411,73124,-1,269865,243371,-1,201265,-1,-1,73123,229288,-1,-1,-1,243371,-1,201265,-1,275061,243371,-1,-1
-1,262295,256716,-1,-1,254541,-1,-1,243866,-1,-1,254541,70445,-1,-1,-1,218877,246647,-1,-1,275703,-1,240563,264822,-1,262579,192938,255211,262579,-1,-1,266863,-1,-1,270368,71220,-1,240563,73642,262579,-1,-1,-1,822,276521,73640,184143,-1,223813,243866,-1,254541,192128,-1,231533,264111,260825,-1,-1,254541,-1,254541,-1,278362,260896,-1,-1
-1,246987,243127,-1,-1,240473,-1,-1,203095,-1,-1,267771,254158,-1,-1,-1,263650,246591,-1,-1,226429,-1,241382,261677,-1,240473,236379,205139,240473,-1,-1,238197,-1,-1,72568,270118,-1,240473,240535,240473,-1,-1,-1,834,274688,72037,209475,-1,253421,246591,-1,240473,-1,-1,258515,267736,-1,-1,-1,240473,-1,240473,-1,242638,230722,-1,-1
-1,252788,256264,-1,-1,202663,-1,-1,256964,-1,-1,252063,-1,-1,-1,-1,252855,70574,-1,-1,261288,-1,202663,71136,-1,202663,72985,264151,202663,-1,-1,206473,-1,-1,-1,71490,-1,202663,71143,71800,-1,-1,-1,837,-1,-1,262517,-1,71799,202663,-1,202663,-1,-1,274826,140300,-1,-1,-1,256264,-1,202663,-1,-1,262034,-1,-1
-1,235304,258698,-1,-1,254148,-1,-1,258276,-1,-1,243551,224838,-1,-1,-1,271326,209417,-1,-1,261108,-1,254148,76294,-1,258276,247144,70084,261108,-1,-1,226518,-1,-1,72095,250854,-1,261108,235970,274830,-1,-1,-1,873,261762,276730,220912,-1,189558,206626,-1,258276,70963,-1,251884,208894,-1,-1,-1,206626,-1,254148,-1,270540,206626,-1,-1
-1,204842,190059,-1,-1,241635,-1,271878,239853,-1,268729,263566,268832,-1,-1,-1,253729,236288,-1,-1,246168,-1,241635,71151,-1,246168,214947,242532,241635,270978,-1,264584,-1,-1,74038,243025,-1,241635,70135,253714,-1,-1,-1,894,271879,74009,73218,-1,274096,204842,-1,241635,77117,-1,74876,257958,76846,-1,-1,253173,71263,241635,204884,76579,253173,-1,73240
-1,190243,193348,-1,-1,239016,-1,-1,263854,-1,-1,266433,240099,-1,-1,-1,73582,247599,-1,-1,276969,-1,260651,251851,-1,239016,222352,276634,239016,-1,-1,252038,-1,-1,262062,276173,-1,239016,257005,239016,-1,-1,-1,896,277060,277270,266395,-1,268468,239016,-1,276969,71838,-1,199504,209332,275721,-1,-1,252386,-1,239016,-1,263881,252386,-1,-1
-1,262862,268273,-1,-1,268273,-1,-1,231039,-1,-1,279599,76263,-1,-1,-1,269947,257344,-1,-1,278318,-1,270328,270632,-1,270328,252967,234817,278318,-1,-1,75574,-1,-1,73176,270928,-1,278318,244082,273127,-1,-1,-1,897,75573,271638,239432,-1,73657,262862,-1,268273,-1,-1,247042,223968,-1,-1,-1,275090,-1,268273,-1,254965,275090,-1,-1
-1,229956,263745,-1,-1,210619,-1,270035,252183,-1,-1,240241,73496,-1,-1,-1,70500,228645,-1,-1,210619,-1,236449,242527,-1,210619,268271,244490,210619,-1,-1,263061,-1,-1,252030,276170,-1,263745,222825,245428,-1,-1,-1,898,240240,75333,247519,-1,243661,228645,-1,263745,75654,-1,258043,239746,212140,-1,-1,263745,-1,210619,247359,238980,241266,-1,-1
-1,256726,234913,-1,-1,236657,-1,276947,267485,-1,-1,260501,247180,-1,-1,-1,229900,236657,-1,-1,252526,-1,258924,257319,-1,236657,225853,244401,236657,-1,-1,270845,-1,-1,70279,264785,-1,236657,279782,258230,-1,-1,-1,900,75526,228998,254692,-1,193468,193468,-1,236657,73148,-1,250766,219244,220172,-1,-1,236657,-1,236657,-1,225533,233139,-1,-1
-1,222389,243203,-1,-1,222227,-1,73037,268375,-1,-1,221001,256748,-1,-1,-1,225077,242162,-1,-1,222227,-1,256397,212938,-1,222227,228212,242623,222227,-1,-1,224793,-1,-1,279929,71882,-1,222227,236750,233800,-1,-1,-1,918,268740,273044,258892,-1,228238,222227,-1,222227,272934,-1,233848,230787,242134,-1,-1,247333,-1,222227,-1,256598,247333,-1,-1
-1,208573,253441,-1,-1,233379,-1,-1,278724,-1,-1,237937,278720,-1,-1,-1,70843,254084,-1,-1,245332,-1,262721,274954,-1,233379,261391,238263,233379,-1,-1,248245,-1,-1,262733,276251,-1,233379,71321,225251,-1,-1,-1,919,278717,-1,209264,-1,248855,238263,-1,233379,-1,-1,72192,278719,-1,-1,-1,233379,-1,233379,-1,275492,233379,-1,-1
-1,211021,271993,-1,-1,205291,-1,-1,197391,-1,-1,205291,72013,-1,-1,-1,264745,247821,-1,-1,273893,-1,276252,278914,-1,205291,251828,266659,205291,-1,-1,277902,-1,-1,274540,253016,-1,205291,203368,221633,-1,-1,-1,922,248167,-1,233444,-1,203363,203363,-1,205291,-1,-1,70916,190822,-1,-1,-1,205291,-1,205291,-1,71881,259402,-1,-1
191684,210941,213189,-1,71207,237091,-1,71204,244800,-1,71206,263787,212791,-1,-1,-1,252810,238098,-1,274232,237091,-1,255245,243173,-1,237091,71205,242182,237091,191915,-1,252320,-1,-1,70420,232626,-1,237091,234276,233770,-1,-1,-1,980,238354,261055,255329,-1,263034,210941,-1,237091,246930,73439,212535,261106,233214,-1,266327,213189,274427,237091,261104,273633,247471,-1,266770
244837,221912,207494,-1,255554,180283,-1,71009,251161,-1,71010,234264,238574,-1,-1,-1,228461,180283,-1,71011,237101,-1,229694,245717,-1,180283,210544,73466,207494,71007,-1,261401,-1,-1,234301,266196,-1,207494,72560,213317,-1,-1,-1,982,266197,273794,234222,-1,251162,207494,-1,207494,273792,76886,232997,252658,273787,-1,76892,207494,266198,180283,273788,236586,244582,-1,71008
-1,75260,247143,-1,-1,189575,-1,74784,227900,-1,-1,189575,245059,-1,-1,-1,70703,223498,-1,-1,273842,-1,219525,75030,-1,189575,190577,233814,189575,-1,-1,261884,-1,-1,269500,279196,-1,189575,245249,258746,-1,-1,-1,1013,75309,225282,70653,-1,268621,189575,-1,189575,75337,-1,71815,227477,71462,-1,-1,251030,-1,189575,75653,265822,251030,-1,-1
-1,230175,230384,-1,-1,230463,-1,-1,230197,-1,-1,236142,-1,-1,-1,-1,230459,230349,-1,-1,230453,-1,230463,230230,-1,230463,230329,230225,230463,-1,-1,230181,-1,-1,-1,236113,-1,230463,230283,230184,-1,-1,-1,1035,-1,-1,230524,-1,230280,230225,-1,230463,-1,-1,230233,230176,-1,-1,-1,230384,-1,230463,-1,-1,230347,-1,-1
-1,230317,230267,-1,-1,230267,-1,-1,230401,-1,-1,230358,-1,-1,-1,-1,230266,230435,-1,-1,230355,-1,233982,230490,-1,230267,230274,230295,230355,-1,-1,230529,-1,-1,-1,230192,-1,230355,230531,230333,-1,-1,-1,1039,-1,-1,230506,-1,230375,230375,-1,230267,-1,-1,230467,230195,-1,-1,-1,230497,-1,230267,-1,-1,230497,-1,-1
-1,230165,230470,-1,-1,230364,-1,-1,230201,-1,-1,230364,-1,-1,-1,-1,230351,230451,-1,-1,230258,-1,230429,230254,-1,230364,230394,230293,230364,-1,-1,230232,-1,-1,-1,230297,-1,230364,230380,230186,-1,-1,-1,1041,-1,-1,230359,-1,230316,230258,-1,230364,-1,-1,230436,233977,-1,-1,-1,230442,-1,230364,-1,-1,230442,-1,-1
-1,230204,230430,-1,-1,230406,-1,-1,230206,-1,-1,230346,-1,-1,-1,-1,230336,230426,-1,-1,230406,-1,230460,230482,-1,230430,230454,230285,230406,-1,-1,230219,-1,-1,-1,236108,-1,230460,230286,230245,-1,-1,-1,1043,-1,-1,230493,-1,230327,230430,-1,230406,-1,-1,230260,230191,-1,-1,-1,230430,-1,230406,-1,-1,230449,-1,-1
-1,230312,230495,-1,-1,230431,-1,-1,230216,-1,-1,230437,-1,-1,-1,-1,236164,230431,-1,-1,230408,-1,230276,234016,-1,230276,236145,230313,230183,-1,-1,236075,-1,-1,-1,230398,-1,230431,230362,230183,-1,-1,-1,1048,-1,-1,230513,-1,230212,230313,-1,230183,-1,-1,230288,233999,-1,-1,-1,230183,-1,230183,-1,-1,230277,-1,-1
-1,204935,252371,-1,-1,237692,-1,-1,188377,-1,-1,246669,224371,-1,-1,-1,238216,234378,-1,-1,269136,-1,237692,259240,-1,237692,257534,203574,237692,-1,-1,231281,-1,-1,227678,203263,-1,237692,242964,205988,-1,-1,-1,1318,186345,225100,221697,-1,241159,202126,-1,237692,203841,-1,235794,233934,-1,-1,-1,202126,-1,237692,-1,212228,202126,-1,-1
-1,241671,262842,-1,-1,177003,-1,-1,181458,-1,-1,207410,257889,-1,-1,-1,223273,216354,-1,-1,243388,-1,177003,244270,-1,177003,252931,256325,177003,-1,-1,258775,-1,-1,276278,238370,-1,177003,215455,251517,-1,-1,-1,1328,244456,229593,221174,-1,225263,177003,-1,177003,262740,-1,188335,246267,-1,-1,-1,177003,-1,177003,-1,242288,259750,-1,-1
-1,242948,244793,-1,-1,253727,-1,-1,244470,-1,-1,236792,257536,-1,-1,-1,258208,71259,-1,-1,266374,-1,216860,204125,-1,253727,247028,259748,244470,-1,-1,255687,-1,-1,246919,259188,-1,244470,234236,252064,-1,-1,-1,1330,73580,229154,247050,-1,251116,236792,-1,253727,241186,-1,246618,269511,-1,-1,-1,236792,-1,253727,-1,276646,253727,-1,-1
-1,163587,259399,-1,-1,190460,-1,-1,245235,-1,-1,244669,235658,-1,-1,-1,228687,213648,-1,-1,210697,-1,190460,240017,-1,190460,207791,224221,190460,-1,-1,241508,-1,-1,231237,233301,-1,190460,234678,259762,-1,-1,-1,1331,240734,242633,241522,-1,202849,163587,-1,190460,277432,-1,248729,246158,-1,-1,-1,190460,-1,190460,-1,213661,256949,-1,-1
-1,190941,247447,-1,-1,228312,-1,-1,234298,-1,-1,213654,242055,-1,-1,-1,213763,228312,-1,-1,207593,-1,232446,263364,-1,228312,245582,266125,228312,-1,-1,272648,-1,-1,271326,279193,-1,228312,234889,256215,-1,-1,-1,1334,258953,254994,190362,-1,258599,190941,-1,228312,243906,-1,234291,199904,-1,-1,-1,220165,-1,228312,-1,258928,220165,-1,-1
-1,215698,231747,-1,-1,231747,-1,-1,241486,-1,-1,248243,251752,-1,-1,-1,232411,215914,-1,-1,241637,-1,231443,250723,-1,231747,210008,237678,231443,-1,-1,229558,-1,-1,236496,200458,-1,231443,237679,232656,-1,-1,-1,1335,245630,270673,213345,-1,243715,231747,-1,231747,247827,-1,228093,204883,-1,-1,-1,231747,-1,231747,-1,226851,264652,-1,-1
-1,193698,256790,-1,-1,227647,-1,-1,212622,-1,-1,256630,275298,-1,-1,-1,206113,250959,-1,-1,212242,-1,235790,247819,-1,212622,222492,205452,212622,-1,-1,228579,-1,-1,212194,236532,-1,227647,223697,227647,-1,-1,-1,1337,241925,190765,244176,-1,213331,212622,-1,212622,188943,-1,246863,223885,-1,-1,-1,235790,-1,212622,-1,244257,214096,-1,-1
-1,264133,269186,-1,-1,191076,-1,-1,260383,-1,-1,211177,245274,-1,-1,-1,264436,262551,-1,-1,191076,-1,241474,237511,-1,191076,238196,221422,191076,-1,-1,190640,-1,-1,274927,226510,-1,191076,70124,277902,-1,-1,-1,1341,270578,245270,262088,-1,189167,189167,-1,191076,208597,-1,246814,246704,-1,-1,-1,191076,-1,191076,-1,236883,270787,-1,-1
-1,230621,253002,-1,-1,226268,-1,-1,258966,-1,-1,239807,235840,-1,-1,-1,259583,253473,-1,-1,226268,-1,241096,240277,-1,241096,224232,217870,241096,-1,-1,257711,-1,-1,260823,247229,-1,241096,275291,237383,-1,-1,-1,1343,261281,228251,236610,-1,243241,230621,-1,226268,268474,-1,255611,240091,-1,-1,-1,241850,-1,226268,-1,266872,241850,-1,-1
-1,185427,239085,-1,-1,222665,-1,-1,229891,-1,-1,222475,233848,-1,-1,-1,242725,222665,-1,-1,222227,-1,216549,238235,-1,222665,277295,224258,222665,-1,-1,228518,-1,-1,248342,243481,-1,222665,208573,262135,-1,-1,-1,1352,237937,277305,238756,-1,238516,222665,-1,222665,248166,-1,228092,247611,-1,-1,-1,239085,-1,222665,-1,237936,262863,-1,-1
-1,189908,254819,-1,-1,210406,-1,-1,252018,-1,-1,262113,199763,-1,-1,-1,224438,243222,-1,-1,210406,-1,235973,239778,-1,210406,224301,220570,210406,-1,-1,212138,-1,-1,215502,243497,-1,210406,216003,252495,-1,-1,-1,1353,276066,238662,223113,-1,265693,188545,-1,210406,261108,-1,247351,238186,-1,-1,-1,188545,-1,210406,-1,224336,188545,-1,-1
-1,234577,20801,-1,-1,20801,-1,-1,210514,-1,-1,212198,210411,-1,-1,-1,242444,255253,-1,-1,229391,-1,218667,238616,-1,212198,224293,239818,212198,-1,-1,234574,-1,-1,255566,270086,-1,212198,273906,252145,-1,-1,-1,1354,261050,227928,224458,-1,257179,20801,-1,20801,257635,-1,244778,210385,-1,-1,-1,20801,-1,20801,-1,272834,241721,-1,-1
-1,240913,252066,-1,-1,228151,-1,-1,235405,-1,-1,231005,220807,-1,-1,-1,237916,252376,-1,-1,228151,-1,220139,216464,-1,228151,245902,248484,228151,-1,-1,180216,-1,-1,236344,261647,-1,228151,201417,201884,-1,-1,-1,1355,265801,225872,244288,-1,246991,248484,-1,228151,212454,-1,263571,232284,-1,-1,-1,259608,-1,228151,-1,238505,259608,-1,-1
-1,238033,212207,-1,-1,212207,-1,-1,248165,-1,-1,239978,197971,-1,-1,-1,247972,252313,-1,-1,235813,-1,238274,248060,-1,212207,226568,260105,212207,-1,-1,237630,-1,-1,225652,223229,-1,212207,229804,243000,-1,-1,-1,1356,266803,248105,266728,-1,248003,212207,-1,212207,248040,-1,246562,248073,-1,-1,-1,212207,-1,212207,-1,251076,245770,-1,-1
-1,53110,237238,-1,-1,210881,-1,-1,234072,-1,-1,266815,225316,-1,-1,-1,213884,201368,-1,-1,245992,-1,210881,202282,-1,216267,216218,212516,210881,-1,-1,226508,-1,-1,204269,240439,-1,210881,261283,216267,-1,-1,-1,1359,253970,221908,208919,-1,198904,216267,-1,210881,234229,-1,247279,216325,-1,-1,-1,210881,-1,210881,-1,225974,226093,-1,-1
-1,230869,201153,-1,-1,256516,-1,-1,243576,-1,-1,226271,277179,-1,-1,-1,210035,251854,-1,-1,248148,-1,277643,225193,-1,256516,241461,233486,256516,-1,-1,257279,-1,-1,227127,248550,-1,277643,244260,239231,-1,-1,-1,1362,264240,231866,173608,-1,212218,201153,-1,256516,204963,-1,230142,220901,-1,-1,-1,201153,-1,256516,-1,215590,256516,-1,-1
-1,241643,233731,-1,-1,247394,-1,-1,221660,-1,-1,213750,247022,-1,-1,-1,256782,219951,-1,-1,257400,-1,247394,214658,-1,247394,228946,260697,247394,-1,-1,220821,-1,-1,246656,70084,-1,247394,272926,220969,-1,-1,-1,1363,244472,259716,223933,-1,236822,221660,-1,247394,228859,-1,268896,192129,-1,-1,-1,241651,-1,247394,-1,208448,241651,-1,-1
-1,250753,75355,-1,-1,227813,-1,-1,263804,-1,-1,227813,194794,-1,-1,-1,277439,243256,-1,-1,270731,-1,259913,248698,-1,227813,244374,258781,227813,-1,-1,258308,-1,-1,274732,244428,-1,227813,237055,244380,-1,-1,-1,1366,271541,244369,242458,-1,229528,227813,-1,227813,243952,-1,271722,244385,-1,-1,-1,227813,-1,227813,-1,206413,240702,-1,-1
-1,207998,220710,-1,-1,220710,-1,-1,243057,-1,-1,251421,232545,-1,-1,-1,233941,265514,-1,-1,212366,-1,232104,184716,-1,220710,260478,229266,232104,-1,-1,225147,-1,-1,235735,233201,-1,232104,220196,205923,-1,-1,-1,1367,225650,186561,212484,-1,248687,205923,-1,220710,248688,-1,70994,193331,-1,-1,-1,220710,-1,220710,-1,237833,216627,-1,-1
-1,202811,231478,-1,-1,158023,-1,-1,233084,-1,-1,239837,225659,-1,-1,-1,207439,212616,-1,-1,247090,-1,158023,192366,-1,158023,268438,232488,158023,-1,-1,224334,-1,-1,265695,231340,-1,158023,211110,211256,-1,-1,-1,1369,226226,272602,240690,-1,239301,158023,-1,158023,215223,-1,193601,215316,-1,-1,-1,158023,-1,158023,-1,231521,246191,-1,-1
-1,140233,204838,-1,-1,222382,-1,-1,233493,-1,-1,224574,73325,-1,-1,-1,235389,222382,-1,-1,235844,-1,234579,243015,-1,222382,246289,229980,222382,-1,-1,226045,-1,-1,221293,263836,-1,224574,263711,239738,-1,-1,-1,1386,237995,252008,224151,-1,244349,235844,-1,222382,246745,-1,257784,232654,-1,-1,-1,204838,-1,222382,-1,199689,233260,-1,-1
-1,233267,251223,-1,-1,227796,-1,-1,243133,-1,-1,245541,237255,-1,-1,-1,247361,238744,-1,-1,232999,-1,241496,253177,-1,227796,256853,250954,227796,-1,-1,251804,-1,-1,234777,212591,-1,227796,229379,229348,-1,-1,-1,1387,242195,235755,242075,-1,198261,227796,-1,227796,254962,-1,226579,219736,-1,-1,-1,227796,-1,227796,-1,228174,227796,-1,-1
-1,271571,271132,-1,-1,271132,-1,-1,73349,-1,-1,271562,74432,-1,-1,-1,263574,271297,-1,-1,73350,-1,275360,271017,-1,271132,258365,211107,271562,-1,-1,251891,-1,-1,72054,262869,-1,271132,233617,246974,-1,-1,-1,1438,76910,-1,73629,-1,234992,271571,-1,271132,-1,-1,74651,74039,-1,-1,-1,275360,-1,271132,-1,240244,270555,-1,-1
-1,243387,235197,-1,-1,221662,-1,-1,210742,-1,-1,193358,268424,-1,-1,-1,278607,231514,-1,-1,265997,-1,213338,278604,-1,213338,234296,196972,213338,-1,-1,269789,-1,-1,-1,275314,-1,210742,278603,275004,-1,-1,-1,1439,251581,-1,265752,-1,202660,221662,-1,210742,-1,-1,73255,266177,-1,-1,-1,221662,-1,210742,-1,278612,221662,-1,-1
-1,256742,262962,-1,-1,264263,-1,-1,241150,-1,-1,71174,71171,-1,-1,-1,270399,251629,-1,-1,215686,-1,270563,262541,-1,264263,263239,234501,264263,-1,-1,270528,-1,-1,277167,260874,-1,264263,277593,213959,-1,-1,-1,1443,278367,268503,262539,-1,216114,215686,-1,71174,74932,-1,274844,234658,-1,-1,-1,215686,-1,264263,-1,250960,264263,-1,-1
-1,211105,271156,-1,-1,271156,-1,-1,207886,-1,-1,238051,73365,-1,-1,-1,73387,73301,-1,-1,73364,-1,259130,248360,-1,73298,276666,226510,73298,-1,-1,215938,-1,-1,73295,264691,-1,271156,256847,74965,-1,-1,-1,1447,76148,259751,266822,-1,264502,238051,-1,73298,275695,-1,73504,248696,77226,-1,-1,259130,-1,271156,-1,73501,73298,-1,-1
-1,190459,212041,-1,-1,148696,-1,-1,148696,-1,-1,190979,256429,-1,-1,-1,242419,260621,-1,-1,256418,-1,279024,262533,-1,148696,213813,234639,190979,-1,-1,247115,-1,-1,-1,274831,-1,148696,70918,277062,-1,-1,-1,1456,277791,-1,260043,-1,167159,167159,-1,212041,-1,-1,231241,270543,-1,-1,-1,212041,-1,148696,-1,71686,193422,-1,-1
-1,227616,220964,-1,-1,239175,-1,234641,264329,-1,-1,278752,71860,-1,-1,-1,277238,236877,-1,-1,239175,-1,256383,256398,-1,239175,71843,243347,239175,77039,-1,273614,-1,-1,278823,274199,-1,239175,277237,235884,-1,-1,-1,1463,71862,278820,221346,-1,238508,220964,-1,239175,77270,-1,71865,273749,72596,-1,-1,239175,-1,239175,77086,71866,269414,-1,77075
77220,212432,155355,-1,-1,213471,-1,252643,237965,-1,71317,246937,244182,-1,-1,-1,260257,213471,-1,-1,232595,-1,256370,238578,-1,213471,228009,242826,213471,274415,-1,218471,-1,-1,221567,211002,-1,213471,226651,222734,-1,-1,-1,1473,211003,70631,247748,-1,201528,201528,-1,213471,71464,77190,274672,237097,267433,-1,77218,270203,274417,213471,71318,255868,270203,-1,71412
76387,233286,274437,-1,76394,229343,-1,274026,184901,-1,76816,272733,76392,-1,-1,-1,276616,227787,-1,76389,261880,-1,229343,207730,-1,229343,213181,261053,229343,70761,-1,208047,-1,-1,70760,261078,-1,229343,228191,261063,-1,-1,-1,1474,265637,261126,269751,-1,227632,229343,-1,229343,76386,76395,231942,212915,266478,-1,70759,274437,76393,229343,70762,70763,261115,-1,76391
243672,238570,227659,-1,232710,228007,-1,71324,227788,-1,71329,228007,257386,-1,-1,-1,210970,211004,-1,234186,261105,-1,248188,242004,-1,227659,232000,222582,228007,277378,-1,200588,-1,-1,77254,199231,-1,227659,268895,273800,-1,-1,-1,1477,248487,266319,267825,-1,243673,243673,-1,228007,176346,266269,268420,252662,278308,-1,211927,262447,71254,228007,267752,202994,262447,-1,71323
-1,232065,255519,-1,-1,251580,-1,254921,232865,-1,77195,70419,205278,-1,-1,-1,260166,193144,-1,-1,251580,-1,232857,231912,-1,234749,244852,212439,251580,77198,-1,247667,-1,-1,277538,76851,-1,251580,252278,261122,-1,-1,-1,1478,77197,263372,233279,-1,234749,232065,-1,251580,71459,273810,211635,255919,266362,-1,77200,238763,77199,251580,71392,242082,238763,-1,77196
-1,261472,268434,-1,-1,212680,-1,274394,271462,-1,71164,240517,205232,-1,-1,-1,228376,229718,-1,-1,212680,-1,235913,228779,-1,212680,203060,225694,235913,279226,-1,72765,-1,-1,238117,266821,-1,212680,230697,275880,-1,-1,-1,1480,228113,252178,227878,-1,228928,228928,-1,212680,204355,-1,237866,222096,252888,-1,-1,268434,204217,212680,77047,257614,197170,-1,271410
-1,246704,224438,-1,-1,278012,-1,267448,227600,-1,-1,270536,256971,-1,-1,-1,246100,270686,-1,-1,278012,-1,277211,73645,-1,227600,257972,261062,227600,-1,-1,204017,-1,-1,277197,264790,-1,227600,210625,270534,-1,-1,-1,1516,74006,242612,247686,-1,234472,234472,-1,227600,256933,-1,251847,172553,263721,-1,-1,224438,-1,278012,206114,231104,279252,-1,-1
-1,242179,246297,-1,-1,245283,-1,70541,228591,-1,-1,251191,277485,-1,-1,-1,269729,224444,-1,-1,220905,-1,245283,199313,-1,246297,209781,275878,245283,-1,-1,271061,-1,-1,258439,273835,-1,245283,239025,194846,-1,-1,-1,1530,251912,275024,222515,-1,234515,246297,-1,245283,277484,-1,261084,257395,215245,-1,-1,246297,-1,245283,-1,219680,70415,-1,-1
-1,157407,200404,-1,-1,202731,-1,-1,226006,-1,-1,71138,76212,-1,-1,-1,243688,202731,-1,-1,200844,-1,71142,251416,-1,202731,71798,208771,198190,-1,-1,71384,-1,-1,75447,223091,-1,202731,71140,198190,-1,-1,-1,1571,231062,264292,230642,-1,228108,202731,-1,202731,-1,-1,76211,72989,-1,-1,-1,202731,-1,202731,-1,241200,71141,-1,-1
-1,261284,269954,-1,-1,236845,-1,-1,271099,-1,-1,260881,234375,-1,-1,-1,274840,198990,-1,-1,236845,-1,227082,73946,-1,227082,274456,259300,227082,-1,-1,270706,-1,-1,74123,271082,-1,227082,252251,73542,-1,-1,-1,1572,277353,73363,255628,-1,273027,198990,-1,236845,72988,-1,278165,76094,-1,-1,-1,269954,-1,236845,-1,262636,71134,-1,-1
-1,230320,230263,-1,-1,230420,-1,-1,230198,-1,-1,230289,-1,-1,-1,-1,230447,230446,-1,-1,230250,-1,230523,236071,-1,230263,230485,230224,230250,-1,-1,230178,-1,-1,-1,230196,-1,230289,230403,230240,-1,-1,-1,1629,-1,-1,230474,-1,230387,230263,-1,230420,-1,-1,236174,230166,-1,-1,-1,230240,-1,230420,-1,-1,230420,-1,-1
-1,223898,73236,-1,-1,250765,-1,-1,189120,-1,-1,250765,237641,-1,-1,-1,270847,263317,-1,-1,73427,-1,251341,277935,-1,250765,242307,256449,244442,-1,-1,73378,-1,-1,261623,271680,-1,244442,251604,244442,-1,-1,-1,1704,73564,235906,231027,-1,256021,244442,-1,250765,73190,-1,257206,220588,272876,-1,-1,73236,-1,250765,-1,264022,259189,-1,-1
-1,205878,183346,-1,-1,256980,-1,221926,235815,-1,-1,256980,246848,-1,-1,-1,243838,228874,-1,-1,210538,-1,256698,243894,-1,210538,276642,269564,210538,-1,-1,233960,-1,-1,258739,261164,-1,210538,269565,242920,-1,-1,-1,1713,240532,277604,73235,-1,276172,269564,-1,256980,73972,-1,270037,210476,73174,-1,-1,210538,-1,256980,257244,239974,245749,-1,206431
-1,199721,253121,-1,-1,263468,-1,279632,188537,-1,-1,269184,72374,-1,-1,-1,274442,260943,-1,-1,210450,-1,263468,278789,-1,263468,251926,262237,188537,-1,-1,264449,-1,-1,228592,257270,-1,260943,273975,236723,-1,-1,-1,1738,271257,245809,223058,-1,222286,262237,-1,253121,73609,-1,176571,229542,73624,-1,-1,210450,-1,263468,262239,234514,210259,-1,73625
-1,230925,224982,-1,-1,224982,-1,-1,72097,-1,-1,232271,73417,-1,-1,-1,270956,242411,-1,-1,225428,-1,277030,220477,-1,224982,259058,268754,224982,-1,-1,268923,-1,-1,268937,73767,-1,224982,73095,261243,-1,-1,-1,1744,270655,278330,202851,-1,252746,225428,-1,224982,268926,-1,258788,197689,220065,-1,-1,224982,-1,224982,-1,203888,254824,-1,-1
-1,225149,277846,-1,-1,254579,-1,268674,251464,-1,-1,235949,186611,-1,-1,-1,267991,254579,-1,-1,262906,-1,263882,275324,-1,277846,246646,237586,235949,-1,-1,199564,-1,-1,273875,223524,-1,235949,268673,205566,-1,-1,-1,1745,77163,211117,261478,-1,210719,237715,-1,235949,228349,-1,258505,24630,234612,-1,-1,237715,-1,254579,259423,75225,237715,-1,-1
-1,233189,247888,-1,-1,247888,-1,228698,70252,-1,-1,230681,257580,-1,-1,-1,242090,220475,-1,-1,219952,-1,266596,248474,-1,247888,236838,258782,230681,-1,-1,206058,-1,-1,278013,242429,-1,247888,225117,220491,-1,-1,-1,1746,278319,224213,238873,-1,264044,220475,-1,247888,223570,-1,235866,190745,75819,-1,-1,247888,-1,247888,239732,278356,256899,-1,75083
-1,258763,251189,-1,-1,251537,-1,255754,272568,-1,-1,261531,278260,-1,-1,-1,264863,201438,-1,-1,272399,-1,263397,70115,-1,251537,251845,268067,75081,-1,-1,263549,-1,-1,271256,213328,-1,261531,278552,251537,-1,-1,-1,1750,274126,73059,73307,-1,75081,251189,-1,261531,74755,-1,70273,189084,268069,-1,-1,251189,-1,251537,243449,262026,279930,-1,77036
-1,191153,252434,-1,-1,279832,-1,-1,229678,-1,-1,279832,252280,-1,-1,-1,256507,239960,-1,-1,74175,-1,71059,77089,-1,279832,238195,71292,279832,-1,-1,267694,-1,-1,70953,77077,-1,279832,75453,263658,-1,-1,-1,1756,277026,-1,227866,-1,246911,246911,-1,279832,-1,-1,275059,273615,-1,-1,-1,279832,-1,279832,-1,71070,234638,-1,-1
-1,264817,73914,-1,-1,272968,-1,-1,268401,-1,-1,255940,257546,-1,-1,-1,69965,272968,-1,-1,71084,-1,272921,251143,-1,272968,269968,278701,272968,-1,-1,276899,-1,-1,74302,74730,-1,272968,278702,264297,-1,-1,-1,1757,71992,74789,244842,-1,277771,272968,-1,272968,271353,-1,273978,275000,-1,-1,-1,73914,-1,272968,-1,77081,71045,-1,-1
-1,204424,241659,-1,-1,255464,-1,-1,244471,-1,-1,73366,272385,-1,-1,-1,258977,246434,-1,-1,210646,-1,255464,260379,-1,251595,224483,201301,255464,-1,-1,180174,-1,-1,73892,277843,-1,255464,271988,251595,-1,-1,-1,1786,277844,73938,275704,-1,223566,223566,-1,255464,229504,-1,71258,239147,-1,-1,-1,255464,-1,255464,-1,264676,255767,-1,-1
-1,73119,264247,-1,-1,262383,-1,73665,262389,-1,-1,244783,75824,-1,-1,-1,248823,202518,-1,-1,264816,-1,262383,276964,-1,202518,76259,229507,202518,276965,-1,75680,-1,-1,251293,262033,-1,262383,73207,265754,-1,-1,-1,1787,73117,76046,270993,-1,201922,229507,-1,202518,241038,-1,276889,173415,71062,-1,-1,264247,-1,202518,73120,256218,262380,-1,277320
-1,210715,243646,-1,-1,243646,-1,-1,208564,-1,-1,231233,73643,-1,-1,-1,74229,271495,-1,-1,263312,-1,71110,74914,-1,243646,260990,190942,208564,-1,-1,223694,-1,-1,-1,74845,-1,208564,71342,276377,-1,-1,-1,1788,279706,-1,73636,-1,227520,190942,-1,243646,-1,-1,201967,73986,-1,-1,-1,243646,-1,243646,-1,73638,255275,-1,-1
-1,239898,240673,-1,-1,264579,-1,253102,276070,-1,70192,186395,206115,-1,-1,-1,241824,233276,-1,-1,264579,-1,206083,276677,-1,186395,264644,225557,186395,278134,-1,237415,-1,-1,265422,258616,-1,264579,253057,222399,-1,-1,-1,1790,272862,260406,254858,-1,196916,196916,-1,186395,273082,-1,219551,205352,213677,-1,-1,240673,-1,186395,253383,237169,221692,-1,263514
-1,216325,242075,-1,-1,256051,-1,74358,221282,-1,-1,210644,264039,-1,-1,-1,256620,256051,-1,-1,201368,-1,261004,255210,-1,256051,278049,192622,256051,-1,-1,72708,-1,-1,268909,256556,-1,256051,233705,275988,-1,-1,-1,1792,275351,276943,271296,-1,263390,201368,-1,256051,252929,-1,269903,202199,277007,-1,-1,201368,-1,256051,75768,70996,202017,-1,276117
-1,212710,271666,-1,-1,238839,-1,-1,271929,-1,-1,265789,263336,-1,-1,-1,260401,238839,-1,-1,277897,-1,254113,253106,-1,238839,241428,264437,238839,-1,-1,191079,-1,-1,73979,265645,-1,238839,266329,74364,-1,-1,-1,1793,75485,200440,271928,-1,277552,238839,-1,238839,256555,-1,208052,173533,-1,-1,-1,271666,-1,238839,-1,250831,263101,-1,-1
-1,240987,238058,-1,-1,234741,-1,75000,278286,-1,228332,264035,233795,-1,-1,-1,199027,262929,-1,-1,279572,-1,234741,245715,-1,234741,271816,228295,248050,272651,-1,246155,-1,-1,258297,264196,-1,234741,238460,248050,-1,-1,-1,1794,278896,252450,216627,-1,236524,262929,-1,248050,261640,77072,240773,200715,272334,-1,-1,240783,245729,234741,71129,230005,240783,-1,271063
-1,209532,242217,-1,-1,242794,-1,273598,270371,-1,-1,183394,247611,-1,-1,-1,254807,242794,-1,-1,233048,-1,241168,183855,-1,241168,251187,264509,242794,-1,-1,228681,-1,-1,74319,268530,-1,241168,247623,252302,-1,-1,-1,1795,271983,266605,71181,-1,246695,183394,-1,241168,72208,-1,200521,197928,277366,-1,-1,246832,-1,241168,72207,275196,246832,-1,-1
-1,263063,263522,-1,-1,243669,-1,266270,225147,-1,242660,243669,260099,-1,-1,-1,258171,220659,-1,-1,228151,-1,266041,230708,-1,220659,217826,268131,243669,273927,-1,272777,-1,-1,235619,262794,-1,243669,241173,277068,-1,-1,-1,1796,222724,259166,186905,-1,262042,220659,-1,243669,271759,-1,253150,202617,272983,-1,-1,220659,-1,243669,198719,189165,239373,-1,274405
-1,214088,235742,-1,-1,228153,-1,-1,210029,-1,-1,228153,73910,-1,-1,-1,245340,231199,-1,-1,243665,-1,236938,227881,-1,228153,240967,223963,228153,-1,-1,186449,-1,-1,273979,238450,-1,228153,189163,211514,-1,-1,-1,1797,70432,277612,220862,-1,230839,200779,-1,228153,277613,-1,228814,220058,207956,-1,-1,200779,-1,228153,-1,268443,200779,-1,-1
-1,225511,215374,-1,-1,263801,-1,231408,222714,-1,-1,221279,138830,-1,-1,-1,251284,224956,-1,-1,246243,-1,208302,243765,-1,263801,267849,241828,263801,-1,-1,223977,-1,-1,276055,223373,-1,263801,275266,263801,-1,-1,-1,1798,192695,277533,254135,-1,276120,208302,-1,263801,266371,-1,262831,223727,74101,-1,-1,263801,-1,263801,-1,257487,240599,-1,-1
-1,233306,236461,-1,-1,235794,-1,186392,237646,-1,-1,213991,265420,-1,-1,-1,73895,206516,-1,-1,240947,-1,235353,229984,-1,235794,259240,250954,206516,-1,-1,190456,-1,-1,272863,73896,-1,235794,273616,241159,-1,-1,-1,1799,203824,276718,232730,-1,244067,241159,-1,235794,75642,-1,236988,233267,242619,-1,-1,236461,-1,235794,258490,267611,235794,-1,-1
-1,225543,251690,-1,-1,251690,-1,-1,251626,-1,-1,254910,238743,-1,-1,-1,241645,225779,-1,-1,251555,-1,236784,233047,-1,251690,264621,257253,251690,-1,-1,246873,-1,-1,72091,232755,-1,251555,212118,196952,-1,-1,-1,1800,199960,252379,235744,-1,245900,225779,-1,251690,262044,-1,253403,255976,204825,-1,-1,251198,-1,251690,-1,213147,251198,-1,-1
-1,222514,244296,-1,-1,253407,-1,-1,261335,-1,-1,243520,240496,-1,-1,-1,262551,225071,-1,-1,201884,-1,253407,215638,-1,253407,213948,235464,201884,-1,-1,240439,-1,-1,71909,206653,-1,253407,222836,214906,-1,-1,-1,1801,186127,270757,243876,-1,211166,225071,-1,253407,278957,-1,263230,190179,277325,-1,-1,253407,-1,253407,-1,204496,201911,-1,-1
-1,19541,198776,-1,-1,243696,-1,75876,240248,-1,74107,243696,232174,-1,-1,-1,247833,228577,-1,-1,231411,-1,273813,277024,-1,243696,241409,265596,243696,74106,-1,232102,-1,-1,73893,223981,-1,240248,266376,250811,-1,-1,-1,1802,74116,278239,211098,-1,200812,200812,-1,243696,272886,-1,265597,236337,256482,-1,-1,263192,-1,243696,74222,256786,263192,-1,277046
-1,276944,186783,-1,-1,248328,-1,260818,259091,-1,-1,255196,224870,-1,-1,-1,253111,245531,-1,-1,257776,-1,240583,265829,-1,248328,223918,274474,248328,-1,-1,277343,-1,-1,268281,75149,-1,255196,203287,248328,-1,-1,-1,1803,271445,272662,239504,-1,276994,212683,-1,248328,72528,-1,72458,229393,266155,-1,-1,248328,-1,248328,209493,71973,212683,-1,240323
-1,200525,266828,-1,-1,200806,-1,73736,219467,-1,-1,200806,170342,-1,-1,-1,237503,230812,-1,-1,251590,-1,200210,204870,-1,200806,263371,234940,275972,-1,-1,260473,-1,-1,267476,270720,-1,200806,227682,231396,-1,-1,-1,1804,243869,251522,206565,-1,277516,200806,-1,200806,270113,-1,273619,162901,73738,-1,-1,200806,-1,200806,192450,230809,275972,-1,-1
-1,276761,257031,-1,-1,224590,-1,-1,220030,-1,-1,225629,270849,-1,-1,-1,271528,224590,-1,-1,258446,-1,236615,265689,-1,224590,266897,262622,224590,-1,-1,244187,-1,-1,269187,248821,-1,224590,224095,248711,-1,-1,-1,1805,276756,74497,246816,-1,260159,220030,-1,224590,183973,-1,275130,228912,-1,-1,-1,224590,-1,224590,-1,242391,258620,-1,-1
-1,241643,264120,-1,-1,258093,-1,211504,259869,-1,-1,258093,243401,-1,-1,-1,70994,244050,-1,-1,255590,-1,266774,238389,-1,258093,230136,264731,258093,-1,-1,192546,-1,-1,213689,222528,-1,266774,213905,255446,-1,-1,-1,1806,277365,277835,271626,-1,200408,200408,-1,266774,169493,-1,212487,202125,278828,-1,-1,274472,-1,266774,264681,263376,274472,-1,228639
-1,273621,233045,-1,-1,219216,-1,268435,236316,-1,-1,227675,205584,-1,-1,-1,229910,183540,-1,-1,276695,-1,219216,235267,-1,183540,202282,253034,183540,-1,-1,218658,-1,-1,268927,236390,-1,219216,198377,271716,-1,-1,-1,1807,205897,273839,258165,-1,212100,183540,-1,183540,73759,-1,190583,170008,270129,-1,-1,219216,-1,219216,232636,210724,211384,-1,-1
-1,258498,252042,-1,-1,257400,-1,138412,208004,-1,-1,271800,263914,-1,-1,-1,260779,257400,-1,-1,272500,-1,255565,277283,-1,257400,248793,258908,237942,-1,-1,207616,-1,-1,243588,242418,-1,257400,272612,237942,-1,-1,-1,1808,269278,75106,240734,-1,199915,199915,-1,257400,235152,-1,245637,263339,241585,-1,-1,252042,-1,257400,188836,206594,186146,-1,-1
-1,265526,248564,-1,-1,228593,-1,74134,201042,-1,-1,229649,278204,-1,-1,-1,70106,228593,-1,-1,242534,-1,252937,235244,-1,228593,235022,254121,228593,-1,-1,257970,-1,-1,74491,277144,-1,228593,278207,237936,-1,-1,-1,1809,74133,73487,233478,-1,242195,228593,-1,228593,70015,-1,266299,224322,70014,-1,-1,228593,-1,228593,72099,278205,185422,-1,-1
-1,190195,240730,-1,-1,254996,-1,-1,254996,-1,-1,208865,73080,-1,-1,-1,243599,240434,-1,-1,261992,-1,252599,276544,-1,254996,251439,74502,254996,-1,-1,193147,-1,-1,278059,239502,-1,254996,261141,221271,-1,-1,-1,1814,260587,209691,257078,-1,199051,208865,-1,254996,203969,-1,262738,199705,-1,-1,-1,240133,-1,254996,-1,74736,240133,-1,-1
-1,263920,262137,-1,-1,266486,-1,72170,274463,-1,74234,74645,277800,-1,-1,-1,73067,244970,-1,-1,208861,-1,266486,266205,-1,266486,183256,179789,261153,74644,-1,241551,-1,-1,74733,73622,-1,261153,246790,261153,-1,-1,-1,1815,74731,73509,271244,-1,235553,208861,-1,266486,70474,-1,223283,229168,71777,-1,-1,243885,-1,266486,273125,74732,243885,-1,261154
-1,176994,70022,-1,-1,244542,-1,-1,191210,-1,-1,237198,73290,-1,-1,-1,271292,244542,-1,-1,256902,-1,263107,274440,-1,191210,275288,70025,191210,-1,-1,73192,-1,-1,-1,72308,-1,191210,77111,258468,-1,-1,-1,1816,264138,-1,203128,-1,277930,176994,-1,191210,-1,-1,75166,204034,-1,-1,-1,266586,-1,191210,-1,73572,266586,-1,-1
-1,230727,262657,-1,-1,271688,-1,223138,199191,-1,-1,269725,236721,-1,-1,-1,206493,271452,-1,-1,248473,-1,235888,252270,-1,271688,257320,239814,271688,-1,-1,255523,-1,-1,74326,243595,-1,271688,264441,248559,-1,-1,-1,1819,74459,74472,209618,-1,238749,230727,-1,271688,260326,-1,244022,196316,271735,-1,-1,262657,-1,271688,262289,240497,271688,-1,-1
-1,188943,192318,-1,-1,192318,-1,75248,247182,-1,-1,269701,202316,-1,-1,-1,218339,268896,-1,-1,225126,-1,275328,248573,-1,192318,257540,236532,192318,-1,-1,270670,-1,-1,270846,255150,-1,192318,260407,233301,-1,-1,-1,1824,183513,274952,259750,-1,257278,188943,-1,192318,269728,-1,256500,277929,204529,-1,-1,257289,-1,192318,75810,269116,257289,-1,75307
-1,257273,252592,-1,-1,224395,-1,73995,268533,-1,-1,72775,238563,-1,-1,-1,257483,224395,-1,-1,224925,-1,262936,72776,-1,224395,232671,256232,224395,76802,-1,276327,-1,-1,211737,72780,-1,224395,251440,252031,-1,-1,-1,1826,276183,260822,193057,-1,251295,268533,-1,224395,272452,-1,244708,261449,260701,-1,-1,224395,-1,224395,72770,70237,256289,-1,73996
-1,201269,239138,-1,-1,215449,-1,279203,257771,-1,-1,229286,202562,-1,-1,-1,271659,211999,-1,-1,211879,-1,258715,192641,-1,215449,247026,232658,215449,-1,-1,268116,-1,-1,277799,265576,-1,215449,193254,215449,-1,-1,-1,1831,227234,274731,234728,-1,234575,211999,-1,257771,252456,-1,262587,202789,276489,-1,-1,258715,-1,215449,-1,200610,271395,-1,-1
-1,269096,231624,-1,-1,228245,-1,75275,192658,-1,74004,228082,73013,-1,-1,-1,233785,238792,-1,-1,227511,-1,228245,244491,-1,228245,269604,203161,228245,71474,-1,261745,-1,-1,70186,276270,-1,228245,267782,274093,-1,-1,-1,1832,71473,265198,244233,-1,263273,228245,-1,228245,263985,-1,267486,77109,72551,-1,-1,228245,208679,228245,75732,72128,245264,-1,254480
-1,205659,233265,-1,-1,258475,-1,233943,278014,-1,220528,245491,276484,-1,-1,-1,70471,239512,-1,-1,266069,-1,258475,213685,-1,266069,220933,219852,220509,279578,-1,235834,-1,-1,76439,268762,-1,245491,244672,220509,-1,-1,-1,1837,263647,198857,185144,-1,276443,266069,-1,258475,199763,-1,270098,230858,208424,-1,-1,233265,-1,258475,276798,270756,204077,-1,186200
-1,255303,173160,-1,-1,173160,-1,-1,252964,-1,-1,270597,271199,-1,-1,-1,259011,254982,-1,-1,252440,-1,248857,229743,-1,173160,246877,220523,173160,-1,-1,217196,-1,-1,226592,266636,-1,240100,238274,240100,-1,-1,-1,1842,272725,205850,235813,-1,220534,173160,-1,240100,-1,-1,70049,73838,-1,-1,-1,248385,-1,173160,-1,277628,248385,-1,-1
-1,228413,220165,-1,-1,244874,-1,-1,270133,-1,-1,244836,73847,-1,-1,-1,212381,245035,-1,-1,261313,-1,244874,205531,-1,244874,257111,242392,244874,-1,-1,264284,-1,-1,269350,270926,-1,244874,220517,219956,-1,-1,-1,1843,168435,222982,213814,-1,237040,253019,-1,244874,276451,-1,231835,276839,-1,-1,-1,244874,-1,244874,-1,201976,253019,-1,-1
-1,231073,224933,-1,-1,220084,-1,-1,205691,-1,-1,270084,74447,-1,-1,-1,198223,203782,-1,-1,268510,-1,220084,271201,-1,220084,236368,235916,220084,-1,-1,277870,-1,-1,205548,73296,-1,220084,237594,271399,-1,-1,-1,1848,245784,74496,229636,-1,215433,215433,-1,220084,268934,-1,226468,278099,-1,-1,-1,220084,-1,220084,-1,75137,223157,-1,-1
-1,146296,243312,-1,-1,243312,-1,-1,251642,-1,-1,274209,277639,-1,-1,-1,252598,242279,-1,-1,260813,-1,241591,241055,-1,243312,189560,245290,243312,-1,-1,277933,-1,-1,74605,278980,-1,243312,246592,71388,-1,-1,-1,1853,269146,196935,264173,-1,233588,243312,-1,274209,269643,-1,70967,259530,-1,-1,-1,243312,-1,243312,-1,277653,216475,-1,-1
-1,199101,70301,-1,-1,189172,-1,-1,237206,-1,-1,263708,74595,-1,-1,-1,223853,251599,-1,-1,189172,-1,258602,269644,-1,189172,229631,223998,189172,-1,-1,255572,-1,-1,74594,271272,-1,258602,222094,193171,-1,-1,-1,1854,274358,76416,254244,-1,254787,251599,-1,189172,264195,-1,74163,241179,266117,-1,-1,211565,-1,189172,-1,72426,211565,-1,-1
-1,223952,73374,-1,-1,242201,-1,75157,217940,-1,-1,232665,71977,-1,-1,-1,205069,242201,-1,-1,240654,-1,247458,234835,-1,242201,266136,240859,242201,259521,-1,260178,-1,-1,278934,215160,-1,242201,270698,220414,-1,-1,-1,1860,73849,272445,228635,-1,240359,217940,-1,242201,192667,-1,278389,73373,259528,-1,-1,232665,-1,242201,73375,74403,267905,-1,197891
-1,244316,258923,-1,-1,258923,-1,-1,266039,-1,-1,205976,279119,-1,-1,-1,271673,259190,-1,-1,235008,-1,252837,227508,-1,258923,245598,241810,258923,-1,-1,235983,-1,-1,74718,262061,-1,252837,251647,241470,-1,-1,-1,1861,244135,278126,271683,-1,247500,241810,-1,252837,76550,-1,242369,205288,-1,-1,-1,245158,-1,252837,-1,263634,245158,-1,-1
-1,243538,260272,-1,-1,256874,-1,-1,275730,-1,-1,240503,263031,-1,-1,-1,218887,252025,-1,-1,256874,-1,236944,257025,-1,256874,261444,263968,256874,-1,-1,247407,-1,-1,263112,279052,-1,256874,269888,231307,-1,-1,-1,1862,70503,73968,259268,-1,201841,201841,-1,256874,73656,-1,271471,210509,77114,-1,-1,201841,-1,256874,-1,72296,257692,-1,-1
-1,254099,73408,-1,-1,265732,-1,74110,243080,-1,-1,279256,73259,-1,-1,-1,269638,265732,-1,-1,259582,-1,73413,240873,-1,265732,235988,274486,73413,-1,-1,243513,-1,-1,74118,262299,-1,265732,264163,73412,-1,-1,-1,1867,73411,74113,228397,-1,247466,254099,-1,265732,75326,-1,264175,73409,73410,-1,-1,73408,-1,265732,70033,264665,73414,-1,-1
-1,263032,244186,-1,-1,235172,-1,-1,203568,-1,-1,255779,239505,-1,-1,-1,257956,216003,-1,-1,219780,-1,255855,269262,-1,235172,266277,234813,216003,-1,-1,259581,-1,-1,276680,177790,-1,235172,71485,235172,-1,-1,-1,1871,73046,72255,218985,-1,269507,216003,-1,235172,76149,-1,184290,262251,-1,-1,-1,216003,-1,235172,-1,269707,236692,-1,-1
-1,189146,237566,-1,-1,275976,-1,262652,262644,-1,-1,245694,261260,-1,-1,-1,237700,275976,-1,-1,262403,-1,268822,258360,-1,275976,236817,225532,275976,70903,-1,72905,-1,-1,258771,240031,-1,275976,275644,205207,-1,-1,-1,1874,240725,273872,223489,-1,229436,236510,-1,205207,220971,-1,271701,235086,221610,-1,-1,236510,-1,205207,72918,203725,236510,-1,74392
237183,214584,219862,-1,74835,224334,-1,77151,231340,-1,279168,216700,226377,-1,-1,-1,256408,245138,-1,-1,196432,-1,221125,255351,-1,216700,233029,193601,216700,188988,-1,214436,-1,-1,236441,199669,-1,224334,279173,224334,-1,-1,-1,1876,214977,273034,256509,-1,228708,214584,-1,216700,279165,256532,215998,219522,199667,-1,241930,219862,279934,224334,255924,215071,245461,-1,278474
240663,201095,242971,-1,215228,260601,-1,272723,204539,-1,243684,260601,74779,-1,-1,-1,262083,241607,-1,173373,76821,-1,252238,75254,-1,242971,191740,219576,242971,74776,-1,219841,-1,-1,178566,257185,-1,242971,215202,240976,-1,-1,-1,1877,72006,247368,261161,-1,261097,179813,-1,260601,238331,259789,214040,268619,271512,-1,201862,179813,73683,260601,71906,74777,179813,-1,261171
-1,215502,258015,-1,-1,247641,-1,215930,255634,-1,-1,255125,236773,-1,-1,-1,253283,247861,-1,-1,239433,-1,247641,198177,-1,247861,208250,219461,247641,75049,-1,212187,-1,-1,77338,262815,-1,247861,229575,221969,-1,-1,-1,1884,208522,73550,207884,-1,221422,258015,-1,247861,168621,-1,221605,216336,224301,-1,-1,258015,-1,247641,240271,190156,193881,-1,278137
-1,185122,234171,-1,-1,236772,-1,-1,230718,-1,-1,260908,201707,-1,-1,-1,238271,247026,-1,-1,230936,-1,236772,257630,-1,236772,254159,204638,236772,-1,-1,253170,-1,-1,278113,258708,-1,236772,236449,263233,-1,-1,-1,1886,268099,276159,238277,-1,256780,236772,-1,236772,261203,-1,268097,221610,-1,-1,-1,236772,-1,236772,-1,74726,236510,-1,-1
-1,219754,189303,-1,-1,212474,-1,-1,263653,-1,-1,223302,270557,-1,-1,-1,252164,212474,-1,-1,263059,-1,257194,76198,-1,212474,74649,244377,223302,-1,-1,225402,-1,-1,76710,266660,-1,212474,263897,266461,-1,-1,-1,1887,276412,234572,244416,-1,233329,219754,-1,212474,71476,-1,73762,229255,-1,-1,-1,212474,-1,212474,-1,273840,251438,-1,-1
-1,263673,257899,-1,-1,257899,-1,222832,258786,-1,-1,277070,257293,-1,-1,-1,252864,256526,-1,-1,277878,-1,253167,259612,-1,253167,239441,212889,253167,-1,-1,209816,-1,-1,74332,70745,-1,253167,256768,268807,-1,-1,-1,1888,74455,264290,277047,-1,18115,18115,-1,257899,263114,-1,274465,251449,75143,-1,-1,257899,-1,257899,74885,74333,262511,-1,-1
-1,235574,264324,-1,-1,267633,-1,266229,73453,-1,-1,260869,205598,-1,-1,-1,74067,267633,-1,-1,277598,-1,244960,242841,-1,267633,246834,73044,267633,-1,-1,189221,-1,-1,73682,72691,-1,267633,235854,264488,-1,-1,-1,1891,258271,225456,224116,-1,73128,267633,-1,267633,74314,-1,245790,258357,244963,-1,-1,244960,-1,267633,-1,207762,74092,-1,-1
-1,258936,213516,-1,-1,213516,-1,-1,245597,-1,-1,263828,76240,-1,-1,-1,255471,264418,-1,-1,162347,-1,263194,264438,-1,263828,251377,240453,162347,-1,-1,256343,-1,-1,275248,252577,-1,213516,210679,70671,-1,-1,-1,1896,224921,74880,272668,-1,258315,213516,-1,213516,-1,-1,244253,241976,-1,-1,-1,213516,-1,213516,-1,75162,247138,-1,-1
-1,206262,252310,-1,-1,252310,-1,231344,277469,-1,77303,271289,75281,-1,-1,-1,247288,246192,-1,-1,214606,-1,204737,271288,-1,204737,74192,253276,204737,212341,-1,74096,-1,-1,277466,74193,-1,204737,276349,271287,-1,-1,-1,1898,277008,201510,260744,-1,215665,214606,-1,204737,199767,-1,277467,204120,192528,-1,-1,252310,-1,204737,230815,251995,255409,-1,221251
-1,258328,275545,-1,-1,275545,-1,-1,271451,-1,-1,74093,198511,-1,-1,-1,73196,252080,-1,-1,247258,-1,251677,260745,-1,275545,226877,276442,275545,-1,-1,73195,-1,-1,77106,267778,-1,275545,272827,263255,-1,-1,-1,1900,239247,77107,70810,-1,251681,258328,-1,275545,-1,-1,258536,203239,-1,-1,-1,275545,-1,275545,-1,276090,236555,-1,-1
-1,239272,205693,-1,-1,262473,-1,266517,235222,-1,-1,260523,245270,-1,-1,-1,265518,198006,-1,-1,265788,-1,268727,262025,-1,262473,256890,207725,262473,-1,-1,247330,-1,-1,271746,270702,-1,262473,239379,262473,-1,-1,-1,1903,254503,279508,258730,-1,193440,193440,-1,198006,75946,-1,257959,215546,279648,-1,-1,205693,-1,198006,278786,260264,263268,-1,269573
-1,244256,244601,-1,-1,224185,-1,264265,245084,-1,-1,224185,244853,-1,-1,-1,258870,261386,-1,-1,198811,-1,227509,203485,-1,224185,252141,250813,224185,-1,-1,238840,-1,-1,265742,241693,-1,224185,255360,251812,-1,-1,-1,1904,251368,278338,266052,-1,246716,246716,-1,224185,74336,-1,69987,199568,76285,-1,-1,224185,-1,224185,74335,233101,277482,-1,72711
-1,216833,224324,-1,-1,246960,-1,236716,74968,-1,-1,254680,272977,-1,-1,-1,277968,270011,-1,-1,72895,-1,246960,269436,-1,246960,239558,229907,246960,-1,-1,225531,-1,-1,188621,257962,-1,247120,254268,238190,-1,-1,-1,1905,227746,242761,255313,-1,268117,224324,-1,246960,265745,-1,184614,236649,252593,-1,-1,246960,-1,246960,256486,243716,247120,-1,74610
-1,272958,245902,-1,-1,254789,-1,75516,266071,-1,279661,254789,279239,-1,-1,-1,265741,260076,-1,-1,199422,-1,264219,199550,-1,254789,253082,273752,254789,272961,-1,263099,-1,-1,200696,267446,-1,260076,244513,262135,-1,-1,-1,1906,71532,72205,256427,-1,264288,199422,-1,260076,75519,-1,267974,190778,274528,-1,-1,245902,264211,254789,77169,268106,275592,-1,266439
-1,219793,260577,-1,-1,268724,-1,-1,228980,-1,-1,262256,261358,-1,-1,-1,262674,251539,-1,-1,252382,-1,264452,72400,-1,264452,228568,252318,262256,-1,-1,252149,-1,-1,74581,73611,-1,262256,266049,253376,-1,-1,-1,1907,74582,260042,73948,-1,200200,200200,-1,268724,75870,-1,220178,252342,73950,-1,-1,268724,-1,268724,-1,275736,268724,-1,-1
-1,199833,184457,-1,-1,229435,-1,-1,262311,-1,-1,244728,277542,-1,-1,-1,224163,245209,-1,-1,229435,-1,259563,259163,-1,229435,259478,259673,229435,-1,-1,247931,-1,-1,269232,277205,-1,229435,255010,217585,-1,-1,-1,1908,70539,76729,256887,-1,264191,184457,-1,229435,74330,-1,236498,176094,275418,-1,-1,244728,-1,229435,-1,76843,269562,-1,-1
-1,263798,237895,-1,-1,227794,-1,74410,266653,-1,-1,70725,74409,-1,-1,-1,73355,242381,-1,-1,262334,-1,254752,193091,-1,227794,277809,234679,237895,-1,-1,229155,-1,-1,270669,257622,-1,237895,255835,227794,-1,-1,-1,1910,278897,265747,172143,-1,220385,262334,-1,237895,73357,-1,199386,269434,73356,-1,-1,232829,-1,237895,-1,74879,232829,-1,-1
-1,208782,72893,-1,-1,233178,-1,274740,277672,-1,75963,70569,277558,-1,-1,-1,262397,277664,-1,-1,215871,-1,266831,224186,-1,233178,259131,251754,233178,273882,-1,76746,-1,-1,73326,251830,-1,233178,234202,233178,-1,-1,-1,1913,235155,277682,234860,-1,269120,233178,-1,233178,74337,-1,74340,218212,76135,-1,-1,215871,220230,233178,76747,252736,69992,-1,74339
-1,244676,231150,-1,-1,231150,-1,-1,272980,-1,-1,247209,229135,-1,-1,-1,246231,258984,-1,-1,276632,-1,258500,277943,-1,231150,237732,242690,258984,-1,-1,233098,-1,-1,275419,252169,-1,231150,220763,266417,-1,-1,-1,1914,70041,70144,226539,-1,262889,258984,-1,231150,259401,-1,242528,169181,278911,-1,-1,237807,-1,231150,-1,70545,237807,-1,-1
-1,250916,262221,-1,-1,204684,-1,272424,257957,-1,-1,275867,261457,-1,-1,-1,254998,262222,-1,-1,204684,-1,277864,200122,-1,204684,269744,252316,72299,75838,-1,198133,-1,-1,74345,71356,-1,204684,257484,72299,-1,-1,-1,1915,74348,74346,273008,-1,262220,257957,-1,204684,72300,-1,252910,228860,268108,-1,-1,204684,-1,204684,272984,74347,271932,-1,260381
-1,263214,73861,-1,-1,73861,-1,76205,236244,-1,262049,246054,235014,-1,-1,-1,190852,274065,-1,-1,247731,-1,263211,259186,-1,271976,245020,225589,271976,74300,-1,239800,-1,-1,248774,264305,-1,73861,206202,271976,-1,-1,-1,1917,265694,259389,264104,-1,218576,225589,-1,73861,277532,235769,252587,118794,70030,-1,-1,265468,74303,73861,74298,241825,265468,-1,75432
-1,220807,202686,-1,-1,237619,-1,-1,234229,-1,-1,241419,278097,-1,-1,-1,231446,252376,-1,-1,258931,-1,237619,259926,-1,237619,246847,225072,241419,-1,-1,234941,-1,-1,229274,242800,-1,237619,73429,247395,-1,-1,-1,1919,265197,72124,224265,-1,223159,252376,-1,237619,-1,-1,272365,245865,-1,-1,-1,202686,-1,237619,-1,216155,250816,-1,-1
-1,188400,279042,-1,-1,252483,-1,278193,274387,-1,71215,275067,262732,-1,-1,-1,233510,253055,-1,-1,222994,-1,202464,240697,-1,252483,172962,248405,252483,259185,-1,207804,-1,-1,211363,242006,-1,252483,227995,252483,-1,-1,-1,1923,193013,221456,236650,-1,228419,213152,-1,252483,205054,-1,253465,170597,275337,-1,-1,213152,-1,252483,237809,229375,213152,-1,76159
-1,270357,267419,-1,-1,226172,-1,271325,229369,-1,74652,200928,226102,-1,-1,-1,177692,226172,-1,-1,230590,-1,247722,279625,-1,200928,271173,206536,226172,72431,-1,243279,-1,-1,209675,74430,-1,226172,194091,240606,-1,-1,-1,1924,72583,258529,189177,-1,193478,193478,-1,226172,173671,201851,189808,213408,72582,-1,-1,194122,76256,226172,259096,211623,194122,-1,72395
-1,211738,241508,-1,-1,243014,-1,-1,224258,-1,-1,243014,267844,-1,-1,-1,277705,235167,-1,-1,210697,-1,260926,238717,-1,241508,243849,248484,243014,-1,-1,189682,-1,-1,248808,277869,-1,241508,270608,243606,-1,-1,-1,1925,275771,231445,229723,-1,242453,210697,-1,243014,74759,-1,256725,264133,-1,-1,-1,243014,-1,243014,-1,224494,234824,-1,-1
-1,268631,261732,-1,-1,213105,-1,-1,232106,-1,-1,245761,251176,-1,-1,-1,222079,213105,-1,-1,259507,-1,225734,262848,-1,213105,222654,264141,213105,-1,-1,216791,-1,-1,75689,230807,-1,213105,260798,205596,-1,-1,-1,1926,258762,-1,234177,-1,247350,205596,-1,213105,-1,-1,241543,182206,-1,-1,-1,213105,-1,213105,-1,260929,213699,-1,-1
-1,173531,195427,-1,-1,266886,-1,76338,247764,-1,-1,213018,277412,-1,-1,-1,258102,238958,-1,-1,258491,-1,255930,200292,-1,213018,224855,245070,258491,-1,-1,242366,-1,-1,77191,240604,-1,258491,257793,257863,-1,-1,-1,1928,236310,271126,228111,-1,222625,222625,-1,258491,279092,-1,260192,266842,73111,-1,-1,195427,-1,266886,277413,200742,266886,-1,-1
-1,224947,239579,-1,-1,251306,-1,75297,243353,-1,-1,236474,270376,-1,-1,-1,244204,270209,-1,-1,251306,-1,247658,266180,-1,251306,252555,222576,251306,-1,-1,209852,-1,-1,192231,276220,-1,251306,242265,238662,-1,-1,-1,1929,242289,268606,242423,-1,190640,251306,-1,251306,272465,-1,213665,277430,254327,-1,-1,226084,-1,251306,264839,276059,226084,-1,277052
-1,203175,206089,-1,-1,213969,-1,278988,244126,-1,240786,213969,265826,-1,-1,-1,216483,71826,-1,-1,254315,-1,203328,247085,-1,213969,242967,241040,213969,76127,-1,213127,-1,-1,271018,205393,-1,71826,261621,248880,-1,-1,-1,1930,251592,239221,198011,-1,208188,208188,-1,213969,213642,226352,206524,230971,246154,-1,-1,203328,219486,213969,272444,77124,228815,-1,258903
-1,169798,225001,-1,-1,186143,-1,-1,223940,-1,-1,261374,76016,-1,-1,-1,264581,186143,-1,-1,204979,-1,228781,212990,-1,186143,241452,229605,186143,-1,-1,259120,-1,-1,276436,246249,-1,186143,201093,269150,-1,-1,-1,1931,73749,70035,245501,-1,230677,261374,-1,186143,227040,-1,229930,233215,259976,-1,-1,186143,-1,186143,-1,269156,241379,-1,-1
-1,243917,229367,-1,-1,245988,-1,76977,234242,-1,-1,224225,239215,-1,-1,-1,247031,245988,-1,-1,264734,-1,242436,237975,-1,245988,243639,270363,245988,-1,-1,247001,-1,-1,263308,265484,-1,234242,247140,239513,-1,-1,-1,1932,71068,273929,229707,-1,228829,245988,-1,245988,277531,-1,272446,248121,276020,-1,-1,224225,-1,245988,-1,229771,236487,-1,-1
-1,262718,221197,-1,-1,226514,-1,276966,205015,-1,256481,203138,179746,-1,-1,-1,233804,189160,-1,-1,239119,-1,264200,278102,-1,239119,234241,273020,226514,266756,-1,203749,-1,-1,276385,270455,-1,239119,210046,226514,-1,-1,-1,1933,74936,271429,233572,-1,200697,205015,-1,239119,250850,263951,204215,223082,74350,-1,-1,279857,271668,239119,243283,240346,279857,-1,263685
-1,258943,226018,-1,-1,240897,-1,75376,257775,-1,-1,193608,265562,-1,-1,-1,253482,243767,-1,-1,234848,-1,241646,268888,-1,234848,243044,240897,234848,202770,-1,204761,-1,-1,73905,279766,-1,243767,247507,74338,-1,-1,-1,1934,74121,76712,204007,-1,231284,193608,-1,234848,277534,-1,242286,248741,270347,-1,-1,236025,-1,240897,279745,238189,236025,-1,278994
-1,213407,216467,-1,-1,216467,-1,-1,228472,-1,-1,225125,74452,-1,-1,-1,274742,222256,-1,-1,70229,-1,258627,215562,-1,216467,273464,227948,216467,-1,-1,241507,-1,-1,71163,262028,-1,216467,258749,230014,-1,-1,-1,1935,240865,270609,236818,-1,194785,194785,-1,216467,70446,-1,256164,273889,-1,-1,-1,190311,-1,216467,-1,225625,190311,-1,-1
-1,203034,278984,-1,-1,202698,-1,-1,72809,-1,-1,70787,259302,-1,-1,-1,76575,202698,-1,-1,222405,-1,73159,275323,-1,202698,206142,237341,202698,-1,-1,252844,-1,-1,277860,213889,-1,202698,228668,247518,-1,-1,-1,1936,76306,279855,73115,-1,190240,190240,-1,202698,73633,-1,197945,75440,199627,-1,-1,231929,-1,202698,-1,253760,231929,-1,-1
-1,225134,256738,-1,-1,211228,-1,-1,225118,-1,-1,254496,229182,-1,-1,-1,268633,74862,-1,-1,241039,-1,211228,231615,-1,211228,271603,200633,211228,-1,-1,263739,-1,-1,261454,266424,-1,211228,227764,235808,-1,-1,-1,1937,278962,272672,204220,-1,234261,211228,-1,211228,253974,-1,263840,189909,-1,-1,-1,180818,-1,211228,-1,279636,180818,-1,-1
-1,260156,264677,-1,-1,251028,-1,-1,256439,-1,-1,251028,272709,-1,-1,-1,72070,240605,-1,-1,276332,-1,278105,252547,-1,251028,255049,266176,251028,-1,-1,277961,-1,-1,258586,71960,-1,251028,260669,229378,-1,-1,-1,1938,70984,75484,252883,-1,263304,240605,-1,251028,239506,-1,268886,192317,279624,-1,-1,278105,-1,251028,-1,275261,254482,-1,-1
-1,256474,269691,-1,-1,239023,-1,278986,203292,-1,-1,239023,208989,-1,-1,-1,183546,261032,-1,-1,233565,-1,236247,231580,-1,239023,233938,193569,239023,-1,-1,208014,-1,-1,209333,240826,-1,239023,194319,261225,-1,-1,-1,1939,262100,252268,279519,-1,270637,193569,-1,239023,242322,-1,212994,198285,243871,-1,-1,233565,-1,239023,278101,202528,220039,-1,72212
-1,206555,223551,-1,-1,237005,-1,184624,173891,-1,-1,237005,231107,-1,-1,-1,173673,222477,-1,-1,250758,-1,233793,203428,-1,233793,212782,204458,237005,-1,-1,190239,-1,-1,213143,202033,-1,233793,198071,215211,-1,-1,-1,1940,235064,74130,245539,-1,202408,202408,-1,233793,264851,-1,268905,152523,279069,-1,-1,223551,-1,233793,277512,223810,269329,-1,-1
-1,206585,236920,-1,-1,236920,-1,223197,224294,-1,-1,220196,76569,-1,-1,-1,261299,213884,-1,-1,232999,-1,241236,75839,-1,224294,233500,258781,213884,-1,-1,190885,-1,-1,271756,248492,-1,224294,70734,260908,-1,-1,-1,1943,273587,271235,237477,-1,278349,224294,-1,224294,256612,-1,262227,243048,236506,-1,-1,236920,-1,224294,247678,76254,265552,-1,269796
-1,225342,236321,-1,-1,190620,-1,237188,262713,-1,76566,189619,70275,-1,-1,-1,212493,202131,-1,-1,230126,-1,201514,256216,-1,190620,206535,252476,190620,271530,-1,235329,-1,-1,192320,257291,-1,262713,236611,190620,-1,-1,-1,1944,220894,221531,238990,-1,188782,188782,-1,190620,272650,-1,244277,261739,276388,-1,-1,236321,262714,190620,266208,243393,276389,-1,228638
-1,246671,219550,-1,-1,198489,-1,73941,237036,-1,250825,225769,277898,-1,-1,-1,224361,186139,-1,-1,198489,-1,235496,237943,-1,210108,211595,262523,198489,73943,-1,236319,-1,-1,271139,275599,-1,210108,214896,246392,-1,-1,-1,1947,257832,233051,164769,-1,221322,198489,-1,210108,224238,222095,169792,183789,275006,-1,-1,198489,214876,210108,247176,235247,210108,-1,75035
-1,238070,239439,-1,-1,208769,-1,266761,211203,-1,-1,275348,270676,-1,-1,-1,246681,263861,-1,-1,208769,-1,220940,219293,-1,208769,188166,235263,208769,278288,-1,255314,-1,-1,259114,190430,-1,208769,270944,211594,-1,-1,-1,1951,229349,198437,239350,-1,242541,235263,-1,208769,173895,-1,198704,204502,74579,-1,-1,237833,-1,208769,73465,226436,237833,-1,266577
-1,258585,199254,-1,-1,199254,-1,278706,224099,-1,240925,258433,261420,-1,-1,-1,251275,241953,-1,-1,236529,-1,270379,202693,-1,236529,258932,236315,258433,233585,-1,273827,-1,-1,265777,266873,-1,258433,204936,254529,-1,-1,-1,1952,237933,76714,183108,-1,241534,224099,-1,199254,265669,225441,248692,271333,278708,-1,234129,199254,272895,199254,70248,254122,246053,-1,277663
-1,259596,243640,-1,-1,222583,-1,231951,222583,-1,-1,266074,246349,-1,-1,-1,230882,258050,-1,-1,222396,-1,270679,233315,-1,222583,278557,194759,222583,-1,-1,237316,-1,-1,238846,252385,-1,222583,156894,258702,-1,-1,-1,1958,74312,266303,246604,-1,238179,194759,-1,222583,277379,-1,267744,230944,234039,-1,-1,228382,-1,222583,202799,232520,228382,-1,-1
-1,213413,233941,-1,-1,233941,-1,74357,244870,-1,-1,263582,248688,-1,-1,-1,184716,221890,-1,-1,258596,-1,275785,237440,-1,233941,260492,248687,233941,-1,-1,186598,-1,-1,278958,234832,-1,232759,200778,232759,-1,-1,-1,1960,222916,277591,236530,-1,236551,248687,-1,233941,71746,-1,258910,188094,270065,-1,-1,233941,-1,233941,-1,269467,276716,-1,-1
-1,204354,257437,-1,-1,259677,-1,73571,228517,-1,-1,269175,256510,-1,-1,-1,225785,259677,-1,-1,204464,-1,216433,263823,-1,259677,257438,229703,259677,-1,-1,223905,-1,-1,263775,256611,-1,259677,256459,212454,-1,-1,-1,1961,186561,263413,233730,-1,205989,204464,-1,259677,70026,-1,234111,219736,277586,-1,-1,216433,-1,259677,271218,241135,206518,-1,75296
-1,261371,238188,-1,-1,245893,-1,276531,226791,-1,-1,268529,269930,-1,-1,-1,235059,276438,-1,-1,227287,-1,245893,222420,-1,245893,246096,262731,268529,-1,-1,169214,-1,-1,74384,271808,-1,245893,251006,246126,-1,-1,-1,1962,277342,230876,250812,-1,173734,173734,-1,238188,213434,-1,192495,275272,264411,-1,-1,184747,-1,245893,-1,193900,184747,-1,-1
-1,225868,221014,-1,-1,231640,-1,271459,220348,-1,75931,219391,279502,-1,-1,-1,199247,229788,-1,-1,231640,-1,253293,263646,-1,231640,236679,229628,231640,75750,-1,220132,-1,-1,74600,74788,-1,231640,208622,233911,-1,-1,-1,1968,72418,76286,207732,-1,259173,225868,-1,231640,278404,-1,223654,234779,279071,-1,-1,229788,75934,231640,75028,260692,241973,-1,258509
-1,184167,73070,-1,-1,244889,-1,-1,233230,-1,-1,252108,235572,-1,-1,-1,225266,269230,-1,-1,70888,-1,74963,251247,-1,244889,211381,210044,244889,-1,-1,275207,-1,-1,184156,72062,-1,244889,233965,244889,-1,-1,-1,2014,267769,276316,272569,-1,232873,184167,-1,244889,76976,-1,270905,263619,-1,-1,-1,73070,-1,244889,-1,239594,74896,-1,-1
-1,228562,232843,-1,-1,232843,-1,259805,244435,-1,-1,244438,75045,-1,-1,-1,73205,271000,-1,-1,244413,-1,73188,221896,-1,232843,276178,270034,232843,73608,-1,203615,-1,-1,73189,76470,-1,232843,276450,258806,-1,-1,-1,2017,255768,73206,263130,-1,73287,244435,-1,232843,73187,-1,276473,259678,276811,-1,-1,232843,-1,232843,279656,276123,73607,-1,272562
-1,70118,70126,-1,-1,191730,-1,-1,191730,-1,-1,241915,70117,-1,-1,-1,70121,255310,-1,-1,70120,-1,268095,266606,-1,191730,271433,251905,191730,-1,-1,254750,-1,-1,72597,219257,-1,191730,70123,276257,-1,-1,-1,2041,77080,-1,77078,-1,256396,70120,-1,191730,-1,-1,72118,70119,-1,-1,-1,70126,-1,191730,-1,74297,264273,-1,-1
252432,252659,228534,-1,-1,245054,-1,238287,243824,-1,252428,260474,255297,-1,-1,-1,243061,245054,-1,-1,255500,-1,238173,243175,-1,245054,264597,263845,245054,274035,-1,256791,-1,-1,261123,246345,-1,233018,255162,255035,-1,-1,-1,2055,252349,252277,242821,-1,256252,263845,-1,245054,233185,261074,250896,255239,260396,-1,267402,233018,267403,245054,266366,247574,233018,-1,274050
70635,228130,179947,-1,70638,225733,-1,274414,266789,-1,70629,225733,70634,-1,-1,-1,221475,245261,-1,77208,232603,-1,242924,267947,-1,245261,191871,70636,225733,70637,-1,246043,-1,-1,245074,70641,-1,225733,234339,222798,-1,-1,-1,2056,266788,228464,274409,-1,245848,225733,-1,225733,266786,274413,266394,274411,274426,-1,274412,225733,70633,225733,70632,266790,233011,-1,70642
-1,195668,243169,-1,-1,237871,-1,-1,258457,-1,-1,251469,276916,-1,-1,-1,70908,237871,-1,-1,236639,-1,231391,70673,-1,237871,71291,251434,231391,-1,-1,270812,-1,-1,77143,190531,-1,237871,73882,276909,-1,-1,-1,10020,279018,77110,235955,-1,262404,251434,-1,237871,-1,-1,269874,73319,-1,-1,-1,243047,-1,237871,-1,259424,243047,-1,-1
76923,193698,216354,-1,264223,263765,-1,74465,245863,-1,209957,246618,71418,-1,-1,-1,235526,263765,-1,76922,257191,-1,244390,238516,-1,263765,235424,74871,263765,76133,-1,267594,-1,-1,252846,241941,-1,263765,203605,263041,-1,-1,-1,10029,239890,269084,279542,-1,211856,193698,-1,263765,228595,76062,245097,257638,216258,-1,74464,216354,73072,263765,212244,276646,273564,-1,212002
-1,199339,276372,-1,-1,238363,-1,71629,278178,-1,-1,270013,276371,-1,-1,-1,262667,276311,-1,-1,227978,-1,252073,75492,-1,270013,195262,236467,270013,-1,-1,276367,-1,-1,262939,279530,-1,238363,250926,238363,-1,-1,-1,10030,258489,277842,227604,-1,269912,238363,-1,238363,251307,-1,71925,234383,275366,-1,-1,238363,-1,238363,276408,239925,212879,-1,73165
-1,247077,270913,-1,-1,210537,-1,223967,271573,-1,-1,210537,239003,-1,-1,-1,73151,264705,-1,-1,229336,-1,176246,243574,-1,210537,258393,240008,270913,-1,-1,243275,-1,-1,242759,276657,-1,270913,276171,276658,-1,-1,-1,10032,237317,70281,259245,-1,259074,247077,-1,210537,279671,-1,232708,256699,73154,-1,-1,210537,-1,210537,276674,258834,208120,-1,246145
-1,219637,238882,-1,-1,275986,-1,244667,231697,-1,-1,275986,74596,-1,-1,-1,239451,254786,-1,-1,255468,-1,231733,226130,-1,275986,229764,262423,275986,-1,-1,244625,-1,-1,74598,234784,-1,275986,241117,235634,-1,-1,-1,10846,76443,72559,245528,-1,224981,262423,-1,275986,73518,-1,75697,190435,277691,-1,-1,231733,-1,275986,256697,73927,252590,-1,77237
-1,210642,251502,-1,-1,254083,-1,259469,269245,-1,-1,279086,209711,-1,-1,-1,71172,223014,-1,-1,254083,-1,269400,198534,-1,254083,238755,256222,244181,-1,-1,260114,-1,-1,240019,270974,-1,254083,273852,244181,-1,-1,-1,15001,270975,70575,234489,-1,256082,254083,-1,254083,227601,-1,225536,262516,77234,-1,-1,251502,-1,254083,-1,172529,241695,-1,-1
-1,205759,266162,-1,-1,252254,-1,70327,223426,-1,-1,258821,228058,-1,-1,-1,239357,240481,-1,-1,239476,-1,252254,276136,-1,252254,243618,252252,252254,73604,-1,244507,-1,-1,223427,276188,-1,252254,277446,229477,-1,-1,-1,15009,73208,270999,257080,-1,74612,205759,-1,252254,274853,-1,263443,257304,199215,-1,-1,266162,-1,252254,277444,73141,238957,-1,75740
-1,206566,212992,-1,-1,261390,-1,258814,247073,-1,73632,261390,223969,-1,-1,-1,264115,260927,-1,-1,264505,-1,266709,264255,-1,261390,251272,239989,264505,266450,-1,73765,-1,-1,255525,246080,-1,264505,278919,251312,-1,-1,-1,15015,274636,276060,205481,-1,226116,226116,-1,261390,73461,-1,70134,222503,246662,-1,-1,212992,-1,261390,279853,257128,252330,-1,73862
-1,270996,277985,-1,-1,248471,-1,-1,244859,-1,-1,258822,271002,-1,-1,-1,258273,231840,-1,-1,248471,-1,263093,244840,-1,248471,271004,250780,248471,-1,-1,220995,-1,-1,76981,263319,-1,248471,263092,73209,-1,-1,-1,15040,258510,243664,200433,-1,259082,231840,-1,248471,74307,-1,270279,277445,74308,-1,-1,231840,-1,248471,-1,204987,277002,-1,-1
-1,225361,236557,-1,-1,244054,-1,266332,243840,-1,-1,207620,213519,-1,-1,-1,240674,251261,-1,-1,244054,-1,208852,213151,-1,244054,270607,222947,244054,-1,-1,236365,-1,-1,74872,246956,-1,244054,203416,70836,-1,-1,-1,15048,73040,256358,227947,-1,206170,222947,-1,236557,268442,-1,254838,52679,272643,-1,-1,207620,-1,236557,73041,237731,187796,-1,-1
-1,258718,279948,-1,-1,264201,-1,76862,262024,-1,-1,76509,76290,-1,-1,-1,247421,220782,-1,-1,201043,-1,264201,263654,-1,264201,76863,270585,264201,-1,-1,266581,-1,-1,263460,216105,-1,264201,203633,277180,-1,-1,-1,100081,277688,76253,221350,-1,229705,270585,-1,264201,277066,-1,235799,223957,76287,-1,-1,264201,-1,264201,257888,245274,271979,-1,-1
-1,243294,237138,-1,-1,237138,-1,252849,263892,-1,-1,246185,231841,-1,-1,-1,276216,210831,-1,-1,209780,-1,70922,244843,-1,237138,220847,232437,210831,-1,-1,232704,-1,-1,73981,246284,-1,210831,237337,260282,-1,-1,-1,100087,73918,76132,71191,-1,225487,210831,-1,210831,264121,-1,246157,258399,75776,-1,-1,237138,-1,237138,263655,269259,277832,-1,259640
-1,193336,239612,-1,-1,215725,-1,74100,223511,-1,-1,227732,263361,-1,-1,-1,73217,184417,-1,-1,197965,-1,231280,73866,-1,215725,237364,195087,184417,-1,-1,227766,-1,-1,72957,216281,-1,231280,262844,215725,-1,-1,-1,100135,258480,270478,239845,-1,234774,193336,-1,215725,72945,-1,212150,269880,218651,-1,-1,194209,-1,215725,74354,74321,194209,-1,73867
-1,272646,190362,-1,-1,234294,-1,-1,243848,-1,-1,234294,73727,-1,-1,-1,76113,239012,-1,-1,205895,-1,247286,75919,-1,234294,275331,73722,234294,-1,-1,266676,-1,-1,76413,71943,-1,234294,273712,73766,-1,-1,-1,100325,275184,75795,74744,-1,221486,272646,-1,234294,76412,-1,76414,233725,75794,-1,-1,190362,-1,234294,-1,271646,239718,-1,-1
-1,242818,240193,-1,-1,224425,-1,257637,258432,-1,-1,236457,233409,-1,-1,-1,237629,257889,-1,-1,239529,-1,236477,234889,-1,224425,233216,202201,224425,-1,-1,277373,-1,-1,73731,236369,-1,240193,270012,224425,-1,-1,-1,100409,229640,274226,224883,-1,244068,202201,-1,224425,225908,-1,245716,271949,72371,-1,-1,202201,-1,224425,71985,77144,237321,-1,-1
-1,244218,256800,-1,-1,256800,-1,-1,262790,-1,-1,247447,271270,-1,-1,-1,254307,261776,-1,-1,244725,-1,72892,271080,-1,256800,269258,192559,269247,-1,-1,269747,-1,-1,266649,264099,-1,256800,268820,269247,-1,-1,-1,100632,262791,250998,246777,-1,228363,262790,-1,256800,-1,-1,233109,240123,-1,-1,-1,262790,-1,256800,-1,271269,259921,-1,-1
-1,253442,73949,-1,-1,202050,-1,258893,257570,-1,-1,202050,254831,-1,-1,-1,246179,250913,-1,-1,268450,-1,73599,231823,-1,202050,245286,223814,202050,-1,-1,264416,-1,-1,277246,72894,-1,202050,223370,274834,-1,-1,-1,100634,277245,73433,234196,-1,255449,250913,-1,202050,72992,-1,241835,243905,268449,-1,-1,250913,-1,202050,224859,193561,264660,-1,-1
-1,224241,279808,-1,-1,234203,-1,74640,250918,-1,-1,274927,177569,-1,-1,-1,277483,231864,-1,-1,236037,-1,234203,73012,-1,234203,274449,74344,234203,-1,-1,238042,-1,-1,276494,265535,-1,234203,259403,186190,-1,-1,-1,100646,271120,278560,242531,-1,269246,224241,-1,234203,278913,-1,277121,252462,277220,-1,-1,230737,-1,234203,-1,74460,230737,-1,-1
-1,276650,254281,-1,-1,211042,-1,-1,262788,-1,-1,260141,72762,-1,-1,-1,199157,203393,-1,-1,211042,-1,275648,251065,-1,211042,251022,238987,211042,-1,-1,277693,-1,-1,74513,73424,-1,260141,219469,251781,-1,-1,-1,100757,72979,-1,220479,-1,239011,247674,-1,211042,-1,-1,237666,72802,-1,-1,-1,254281,-1,211042,-1,72815,247674,-1,-1
-1,248073,266728,-1,-1,223231,-1,256897,247968,-1,-1,223231,247972,-1,-1,-1,276692,251076,-1,-1,253758,-1,257803,242325,-1,223231,259261,235442,223231,-1,-1,278573,-1,-1,229543,246561,-1,251076,239117,248095,-1,-1,-1,100761,256898,205943,216800,-1,252675,251076,-1,223231,263147,-1,73299,205554,262449,-1,-1,223231,-1,223231,73392,258942,251842,-1,70848
-1,234260,70718,-1,-1,192451,-1,260181,208999,-1,253483,276746,252959,-1,-1,-1,239278,229508,-1,-1,206563,-1,192451,262945,-1,192451,193627,76902,192451,216265,-1,278615,-1,-1,233050,264514,-1,192451,277641,200443,-1,-1,-1,100804,252730,73232,241982,-1,241083,229508,-1,192451,244563,-1,241454,72712,263963,-1,-1,192451,-1,192451,242961,73539,278602,-1,272673
-1,240597,232642,-1,-1,214641,-1,-1,240616,-1,-1,261300,236637,-1,-1,-1,251001,267472,-1,-1,214641,-1,211536,264500,-1,211536,277551,211096,214641,-1,-1,252878,-1,-1,70777,211204,-1,211536,76223,230919,-1,-1,-1,100805,71167,278617,220872,-1,216526,211536,-1,211536,260142,-1,233665,255921,74206,-1,-1,211536,-1,214641,-1,245553,204785,-1,-1
-1,271532,262260,-1,-1,208817,-1,239010,241827,-1,-1,240922,74602,-1,-1,-1,230817,216019,-1,-1,208817,-1,236695,256604,-1,208817,278590,189709,208817,-1,-1,234783,-1,-1,186684,75071,-1,208817,264270,212183,-1,-1,-1,100851,260086,279234,190747,-1,252275,189709,-1,208817,277830,-1,70491,264326,255258,-1,-1,236695,-1,208817,77160,73909,71239,-1,-1
-1,253211,73318,-1,-1,252083,-1,267869,260098,-1,-1,269306,221838,-1,-1,-1,73317,220352,-1,-1,245338,-1,252083,247881,-1,252083,212830,215572,252083,-1,-1,73316,-1,-1,74519,205995,-1,252083,263757,72890,-1,-1,-1,100852,74166,74167,272908,-1,210747,210747,-1,252083,246645,-1,73505,237419,243989,-1,-1,73318,-1,252083,75751,216461,241476,-1,-1
-1,227290,239335,-1,-1,241463,-1,-1,234730,-1,-1,243604,278545,-1,-1,-1,267624,237626,-1,-1,236221,-1,241463,225106,-1,243604,246169,205362,243604,-1,-1,252146,-1,-1,241673,269228,-1,239335,220253,244523,-1,-1,-1,100888,74546,270611,264229,-1,221652,221652,-1,239335,-1,-1,220673,234790,-1,-1,-1,241463,-1,239335,-1,233887,240589,-1,-1
-1,235931,196318,-1,-1,215531,-1,278386,233926,-1,-1,262411,233835,-1,-1,-1,263571,215531,-1,-1,248854,-1,220175,255293,-1,215531,252470,240064,215531,-1,-1,236629,-1,-1,251381,223017,-1,215531,241389,207924,-1,-1,-1,101014,262586,275624,234421,-1,241710,233926,-1,215531,257071,-1,256306,188524,70462,-1,-1,241710,-1,215531,278853,263583,223113,-1,-1
-1,236252,245364,-1,-1,263203,-1,-1,269237,-1,-1,251151,239550,-1,-1,-1,70789,263203,-1,-1,70937,-1,258238,279724,-1,245364,70724,70240,263203,-1,-1,236468,-1,-1,-1,263618,-1,263203,74672,277749,-1,-1,-1,101016,-1,-1,70722,-1,74506,245364,-1,263203,-1,-1,263621,278388,-1,-1,-1,259621,-1,263203,-1,-1,259621,-1,-1
-1,240856,224890,-1,-1,254296,-1,-1,263808,-1,-1,228283,203736,-1,-1,-1,248812,254296,-1,-1,198220,-1,216749,248814,-1,254296,241793,209840,254296,-1,-1,243549,-1,-1,255693,271754,-1,254296,201041,125871,-1,-1,-1,101020,274548,-1,274549,-1,234716,263808,-1,254296,-1,-1,240409,223174,-1,-1,-1,254296,-1,254296,-1,279503,227573,-1,-1
-1,232007,73398,-1,-1,73398,-1,-1,266794,-1,-1,73563,74758,-1,-1,-1,239706,247247,-1,-1,72888,-1,255109,266312,-1,73398,238587,72887,255109,-1,-1,204451,-1,-1,264000,189930,-1,255109,232329,72889,-1,-1,-1,101026,238660,-1,76803,-1,262709,232007,-1,73398,-1,-1,269899,260409,-1,-1,-1,73398,-1,73398,-1,177373,73864,-1,-1
-1,277559,255257,-1,-1,229176,-1,-1,199683,-1,-1,229176,267566,-1,-1,-1,245535,273888,-1,-1,277982,-1,270894,259164,-1,229176,226295,245092,229176,-1,-1,271718,-1,-1,-1,278070,-1,229176,236893,247159,-1,-1,-1,101028,75914,-1,215965,-1,213064,199683,-1,229176,-1,-1,73358,279111,-1,-1,-1,199069,-1,229176,-1,276176,199069,-1,-1
-1,201112,73437,-1,-1,224885,-1,-1,256695,-1,-1,257821,274691,-1,-1,-1,251260,266731,-1,-1,244709,-1,223136,190593,-1,224885,247086,258777,224885,-1,-1,70329,-1,-1,264710,245355,-1,73437,228918,224885,-1,-1,-1,101033,268678,73312,237380,-1,212269,224885,-1,73437,253491,-1,264485,278024,74378,-1,-1,224885,-1,224885,-1,74402,230624,-1,-1
-1,258390,277627,-1,-1,277217,-1,-1,277217,-1,-1,210372,73936,-1,-1,-1,231777,258040,-1,-1,275691,-1,225956,235717,-1,277217,248201,245710,212045,-1,-1,277626,-1,-1,71117,263021,-1,212045,275690,212045,-1,-1,-1,101037,70241,-1,269510,-1,277568,212045,-1,212045,-1,-1,277219,252799,-1,-1,-1,215323,-1,212045,-1,75205,215323,-1,-1
-1,223709,205351,-1,-1,230800,-1,70464,252716,-1,-1,189561,260302,-1,-1,-1,200754,229247,-1,-1,240351,-1,210212,204372,-1,223045,70938,219950,210212,-1,-1,236458,-1,-1,275071,235760,-1,210212,233643,223045,-1,-1,-1,101041,73963,74220,209503,-1,211250,223045,-1,230800,224359,-1,202356,234669,269190,-1,-1,230800,-1,230800,279895,243914,230800,-1,-1
-1,252789,244373,-1,-1,194794,-1,-1,258308,-1,-1,194794,72669,-1,-1,-1,237109,244374,-1,-1,277439,-1,274724,271542,-1,277439,74069,245132,244373,-1,-1,277442,-1,-1,71895,274730,-1,244373,274726,266755,-1,-1,-1,101047,73094,71066,243256,-1,71330,244373,-1,194794,-1,-1,74978,271546,-1,-1,-1,244373,-1,194794,-1,274729,271541,-1,-1
-1,265628,246728,-1,-1,259913,-1,71331,263804,-1,-1,259913,277194,-1,-1,-1,242021,274732,-1,-1,255074,-1,255472,278075,-1,259913,70845,248698,259913,-1,-1,72919,-1,-1,75802,72917,-1,259913,268411,277193,-1,-1,-1,101059,230559,271549,76604,-1,229528,229528,-1,259913,74097,-1,274723,263805,70862,-1,-1,259913,-1,259913,-1,277448,70571,-1,-1
-1,263204,143121,-1,-1,143121,-1,75213,258090,-1,248137,261015,259883,-1,-1,-1,256287,253287,-1,-1,232244,-1,75343,267602,-1,143121,242426,273850,143121,251132,-1,71400,-1,-1,71907,71491,-1,143121,73887,248053,-1,-1,-1,101083,228179,70698,215353,-1,269934,143121,-1,143121,75073,-1,277794,276829,279164,-1,-1,215334,-1,143121,71492,263501,215334,-1,261082
-1,243810,273080,-1,-1,210950,-1,70137,266171,-1,76064,210950,264578,-1,-1,-1,262148,205633,-1,-1,273092,-1,261441,240956,-1,210950,255879,262150,210950,70699,-1,253278,-1,-1,74781,233777,-1,210950,272939,235004,-1,-1,-1,101084,263474,257676,240982,-1,240640,240640,-1,210950,74815,76480,77013,237576,261177,-1,-1,210950,278727,210950,74814,273905,235989,-1,233372
-1,223249,253242,-1,-1,255878,-1,276837,260233,-1,247393,236668,235925,-1,-1,-1,275343,242081,-1,-1,253952,-1,207441,252036,-1,207441,235926,246033,207441,275278,-1,221219,-1,-1,255462,247156,-1,207441,203864,255878,-1,-1,-1,101085,274521,70710,220156,-1,274266,223249,-1,255878,74393,71320,273711,232645,274122,-1,-1,255878,75078,255878,276603,261691,244205,-1,276604
74854,259273,262240,-1,-1,279836,-1,273986,74857,-1,74856,214971,259790,-1,-1,-1,214302,232255,-1,-1,273884,-1,279836,244884,-1,232255,279838,221551,279836,275205,-1,267860,-1,-1,278841,251686,-1,232255,273987,221053,-1,-1,-1,101088,74232,279841,230964,-1,261769,232255,-1,279836,279840,70203,252192,273705,268732,-1,76731,227528,76732,279836,255217,260238,227528,-1,256524
-1,279287,279281,-1,-1,279271,-1,-1,279263,-1,-1,279266,-1,-1,-1,-1,279261,279294,-1,-1,279277,-1,279271,279297,-1,279271,279293,279275,279271,-1,-1,279306,-1,-1,-1,160043,-1,279271,-1,279283,-1,-1,-1,101099,-1,-1,159995,-1,279264,279287,-1,279271,-1,-1,-1,279299,-1,-1,-1,279281,-1,279271,-1,-1,279273,-1,-1
-1,176550,192342,-1,-1,192342,-1,-1,237242,-1,-1,279786,264588,-1,-1,-1,243050,214047,-1,-1,242267,-1,234955,214354,-1,192342,251841,242484,192342,-1,-1,228136,-1,-1,245231,74044,-1,192342,233023,242335,-1,-1,-1,101100,275042,271632,243011,-1,214169,242484,-1,192342,76934,-1,271629,255605,76933,-1,-1,192342,-1,192342,-1,271633,221714,-1,-1
-1,259259,236747,-1,-1,214132,-1,-1,276963,-1,-1,255292,-1,-1,-1,-1,247091,273657,-1,-1,214343,-1,214132,246081,-1,214132,247199,273658,214132,-1,-1,261410,-1,-1,-1,74434,-1,214132,74435,74388,-1,-1,-1,101101,-1,-1,199964,-1,243363,214343,-1,214132,-1,-1,275689,214035,-1,-1,-1,207664,-1,214132,-1,-1,207664,-1,-1
-1,214415,273655,-1,-1,264582,-1,-1,276556,-1,-1,254111,71591,-1,-1,-1,275647,245998,-1,-1,226747,-1,264582,255607,-1,226747,235665,214021,264582,-1,-1,272367,-1,-1,-1,273589,-1,264582,227515,223721,-1,-1,-1,101103,-1,-1,241573,-1,242763,245998,-1,264582,-1,-1,71592,214274,-1,-1,-1,273655,-1,264582,-1,76915,236604,-1,-1
-1,229541,231862,-1,-1,214378,-1,-1,255750,-1,-1,231667,-1,-1,-1,-1,248466,225423,-1,-1,221736,-1,214378,214195,-1,214378,274127,267788,214378,-1,-1,214393,-1,-1,-1,277838,-1,214378,77142,71849,-1,-1,-1,101105,-1,-1,264755,-1,245256,214378,-1,214378,-1,-1,264754,214351,-1,-1,-1,231862,-1,214378,-1,-1,224404,-1,-1
-1,254601,184252,-1,-1,262566,-1,-1,279548,-1,-1,216385,-1,-1,-1,-1,262310,275595,-1,-1,253250,-1,253556,279549,-1,216385,248869,265556,262566,-1,-1,71647,-1,-1,-1,224459,-1,262566,277796,262566,-1,-1,-1,101108,-1,-1,278140,-1,273844,216385,-1,262566,-1,-1,71552,278139,-1,-1,-1,209523,-1,262566,-1,-1,209523,-1,-1
-1,258133,252935,-1,-1,252935,-1,-1,270854,-1,-1,272426,73168,-1,-1,-1,71934,272410,-1,-1,224317,-1,231050,263437,-1,252935,270414,246817,252935,-1,-1,273707,-1,-1,-1,268074,-1,252935,225646,236382,-1,-1,-1,101110,-1,-1,219988,-1,253305,236382,-1,252935,-1,-1,274949,74005,-1,-1,-1,267406,-1,252935,-1,-1,267406,-1,-1
-1,244656,208919,-1,-1,255205,-1,-1,253296,-1,-1,261222,269196,-1,-1,-1,245867,255205,-1,-1,241002,-1,272604,259280,-1,255205,255339,255827,208919,-1,-1,220028,-1,-1,75138,242596,-1,255205,275054,222429,-1,-1,-1,101112,77035,75232,215886,-1,213864,208919,-1,208919,-1,-1,269963,258351,-1,-1,-1,208919,-1,208919,-1,278889,243456,-1,-1
-1,258498,223689,-1,-1,245367,-1,-1,233096,-1,-1,240638,251805,-1,-1,-1,253109,246104,-1,-1,228702,-1,245367,235243,-1,245367,231447,198176,245367,-1,-1,264453,-1,-1,240679,241187,-1,245367,251810,208920,-1,-1,-1,105035,236920,235149,253149,-1,203376,203376,-1,245367,224241,-1,250961,211738,-1,-1,-1,223689,-1,245367,-1,251806,242516,-1,-1
-1,205186,246928,-1,-1,190815,-1,75436,260815,-1,75562,244369,279874,-1,-1,-1,221363,234060,-1,-1,199576,-1,246785,205070,-1,261865,236276,201505,190815,75069,-1,271464,-1,-1,278216,252064,-1,244369,254310,261865,-1,-1,-1,110062,239250,267894,186537,-1,190815,201505,-1,244369,264735,-1,192715,194730,230658,-1,-1,269953,76012,244369,75437,75438,269953,-1,75502
-1,186680,273748,-1,-1,260923,-1,-1,279026,-1,-1,275985,279926,-1,-1,-1,260085,74091,-1,-1,247089,-1,260923,262508,-1,260923,274828,277519,260923,-1,-1,214639,-1,-1,74327,278408,-1,260923,279109,263393,-1,-1,-1,110069,278533,73394,264159,-1,238446,275985,-1,260923,277826,-1,272718,264170,265748,-1,-1,273748,-1,260923,-1,73974,74317,-1,-1
-1,251034,272751,-1,-1,229608,-1,72752,73300,-1,-1,276452,248099,-1,-1,-1,217584,70298,-1,-1,252574,-1,229608,277806,-1,229608,76475,202803,229608,-1,-1,276142,-1,-1,207418,76513,-1,229608,74244,277976,-1,-1,-1,110072,76512,257816,248401,-1,266564,229608,-1,229608,269408,-1,238273,257374,261353,-1,-1,229608,-1,229608,-1,246203,276744,-1,-1
-1,222221,197971,-1,-1,197971,-1,-1,268128,-1,-1,248114,263492,-1,-1,-1,248117,266792,-1,-1,248112,-1,267993,247963,-1,197971,242845,275016,239116,-1,-1,239118,-1,-1,256054,270307,-1,267993,278964,239116,-1,-1,-1,110075,248679,271989,272545,-1,220521,197971,-1,265431,75478,-1,235345,248019,-1,-1,-1,197971,-1,197971,-1,76511,265431,-1,-1
-1,70959,237989,-1,-1,274397,-1,271184,224115,-1,-1,274397,244252,-1,-1,-1,269412,70958,-1,-1,251104,-1,220177,74284,-1,70958,220087,204211,274397,-1,-1,248027,-1,-1,271355,278006,-1,70958,235315,247985,-1,-1,-1,110078,243773,258420,223355,-1,269411,220177,-1,220177,276344,-1,269415,229325,73464,-1,-1,220177,-1,220177,273674,207918,73663,-1,74461
-1,229091,220039,-1,-1,268630,-1,-1,264298,-1,-1,204412,278819,-1,-1,-1,241075,276695,-1,-1,231292,-1,268630,246846,-1,268630,243520,266400,231292,-1,-1,243908,-1,-1,235027,270637,-1,264298,230136,239540,-1,-1,-1,110081,243640,186562,205255,-1,213697,264298,-1,268630,251001,-1,242541,273839,-1,-1,-1,220039,-1,268630,-1,186135,278101,-1,-1
-1,215069,226286,-1,-1,73252,-1,274408,259786,-1,-1,222373,219127,-1,-1,-1,70572,71230,-1,-1,215057,-1,73252,214659,-1,222373,269719,260561,73252,74818,-1,228156,-1,-1,278448,255256,-1,70440,214968,223501,-1,-1,-1,110093,74603,242073,255925,-1,273012,215069,-1,70440,272839,-1,267987,70439,265746,-1,-1,226286,-1,73252,255307,253246,70440,-1,278449
-1,224491,273771,-1,-1,244024,-1,-1,231555,-1,-1,244087,198070,-1,-1,-1,238560,276365,-1,-1,72974,-1,268916,266000,-1,244024,243801,264442,268916,-1,-1,260683,-1,-1,74874,201816,-1,268916,211736,276337,-1,-1,-1,110176,238694,256270,224430,-1,73133,231555,-1,244024,276190,-1,262838,251285,-1,-1,-1,268916,-1,244024,-1,243514,244024,-1,-1
-1,229067,225735,-1,-1,212238,-1,73332,238684,-1,248579,240158,251689,-1,-1,-1,225875,209485,-1,-1,212238,-1,242183,234934,-1,212238,262384,258400,212238,223823,-1,248230,-1,-1,72531,239351,-1,212238,259643,229923,-1,-1,-1,110178,234836,273591,74750,-1,262534,262534,-1,212238,76293,-1,276399,276331,257176,-1,-1,212238,222773,212238,74089,257009,275279,-1,277886
-1,216110,194769,-1,-1,235471,-1,-1,227738,-1,-1,72598,244167,-1,-1,-1,72594,275233,-1,-1,243870,-1,235471,239768,-1,235471,233470,244160,235471,-1,-1,219303,-1,-1,271937,258691,-1,235471,252494,236459,-1,-1,-1,110206,72593,72601,207905,-1,70928,244160,-1,235471,72590,-1,241921,257669,-1,-1,-1,244160,-1,235471,-1,257664,239627,-1,-1
-1,185181,227990,-1,-1,227990,-1,-1,228790,-1,-1,230849,246281,-1,-1,-1,260670,238461,-1,-1,266157,-1,236735,269642,-1,227990,233071,236331,227990,-1,-1,208638,-1,-1,241140,275497,-1,227990,242333,275494,-1,-1,-1,110242,71796,215144,241686,-1,73558,275494,-1,227990,-1,-1,264228,257027,-1,-1,-1,189661,-1,227990,-1,236392,189661,-1,-1
-1,241599,73754,-1,-1,278040,-1,74656,213686,-1,-1,187782,241438,-1,-1,-1,258592,238410,-1,-1,278040,-1,276980,270374,-1,278040,226679,278121,278040,-1,-1,275300,-1,-1,276982,274959,-1,213686,263811,274404,-1,-1,-1,110313,274138,77046,238191,-1,223852,187782,-1,213686,272868,-1,256864,222612,73753,-1,-1,167512,-1,278040,266412,216790,167512,-1,-1
-1,224442,271689,-1,-1,73085,-1,-1,276258,-1,-1,73085,255450,-1,-1,-1,235957,261815,-1,-1,206313,-1,244736,198517,-1,73085,266848,252011,73085,-1,-1,243867,-1,-1,74442,228759,-1,73085,264079,212483,-1,-1,-1,110321,73967,72313,225855,-1,234814,224442,-1,73085,74647,-1,261772,204773,-1,-1,-1,210439,-1,73085,-1,253041,210439,-1,-1
75757,262956,234399,-1,75476,222369,-1,259993,230855,-1,76058,262666,259900,-1,-1,-1,263076,258784,-1,75477,211378,-1,257020,234167,-1,222369,258626,222369,222369,234476,-1,226506,-1,-1,240648,237884,-1,222369,242946,222542,-1,-1,-1,110329,242214,211362,274000,-1,252317,211378,-1,222369,251433,202276,76228,232107,73153,-1,277222,234399,255312,222369,259766,209323,262672,-1,189061
-1,236758,269182,-1,-1,278096,-1,260778,230912,-1,-1,257777,73845,-1,-1,-1,193361,278096,-1,-1,73846,-1,228509,259679,-1,278096,219496,279228,278096,-1,-1,225995,-1,-1,243527,235565,-1,278096,261885,258464,-1,-1,-1,110373,219661,72249,225844,-1,224808,224808,-1,278096,237647,-1,222573,191011,277769,-1,-1,213829,-1,278096,257340,277704,213829,-1,-1
-1,193080,246258,-1,-1,251988,-1,-1,234112,-1,-1,251988,275325,-1,-1,-1,260823,243627,-1,-1,211361,-1,268683,262236,-1,243627,225439,278340,243627,-1,-1,276682,-1,-1,262171,206654,-1,243627,258976,223697,-1,-1,-1,110374,238370,75558,238004,-1,240777,240777,-1,243627,-1,-1,238067,205812,-1,-1,-1,236610,-1,251988,-1,276820,236610,-1,-1
-1,222418,235467,-1,-1,235467,-1,259570,255873,-1,270036,190972,74826,-1,-1,-1,214665,236472,-1,-1,264323,-1,219174,253294,-1,235467,227591,214766,235467,268749,-1,71812,-1,-1,214226,74825,-1,235467,255197,261262,-1,-1,-1,110395,70430,251613,188268,-1,186695,214766,-1,235467,72465,-1,262283,70431,253012,-1,-1,224510,77022,235467,268816,278454,224510,-1,268431
-1,193041,240963,-1,-1,178562,-1,241927,228730,-1,74828,260071,265402,-1,-1,-1,259500,76070,-1,-1,178562,-1,234108,215054,-1,178562,70198,215254,178562,75190,-1,236671,-1,-1,71457,74830,-1,178562,267900,248873,-1,-1,-1,110396,247037,75189,227394,-1,226386,178562,-1,178562,231258,274144,265728,224348,70669,-1,-1,178562,275429,178562,74911,71813,73888,-1,278741
-1,262865,69963,-1,-1,273709,-1,75347,261690,-1,189454,254951,246910,-1,-1,-1,214988,76469,-1,-1,278052,-1,278470,258080,-1,233780,278431,233780,273709,75709,-1,247146,-1,-1,76991,76995,-1,273709,239491,273709,-1,-1,-1,110404,263696,276558,261160,-1,268620,233780,-1,273709,70943,-1,224511,259606,70443,-1,-1,69963,266161,273709,75938,76997,274401,-1,245337
-1,269511,198331,-1,-1,251221,-1,-1,244787,-1,-1,270068,278965,-1,-1,-1,257306,205365,-1,-1,71259,-1,247050,74627,-1,251221,76602,277025,251221,-1,-1,199244,-1,-1,72936,252185,-1,251221,76603,251221,-1,-1,-1,110468,244796,252551,273128,-1,259188,251221,-1,251221,277553,-1,74753,263283,-1,-1,-1,247050,-1,251221,-1,74419,72938,-1,-1
76535,241859,73007,-1,-1,269471,-1,257332,242041,-1,75314,263153,232406,-1,-1,-1,251281,269471,-1,-1,270461,-1,241085,216260,-1,269471,248765,242958,251961,75814,-1,238619,-1,-1,252710,269875,-1,269471,258599,251405,-1,-1,-1,110500,73008,262242,192660,-1,201860,201860,-1,269471,253474,76110,250991,226524,222024,-1,75813,251961,276361,269471,74637,269256,251961,-1,271160
-1,263272,258547,-1,-1,240329,-1,-1,235253,-1,-1,229184,246238,-1,-1,-1,73426,244076,-1,-1,241900,-1,240329,252902,-1,235253,270008,256275,240329,-1,-1,243971,-1,-1,268260,278751,-1,240329,257183,229175,-1,-1,-1,110501,72960,268430,255540,-1,257081,241900,-1,240329,72959,-1,269883,274489,-1,-1,-1,258547,-1,240329,-1,72961,251597,-1,-1
-1,209987,228859,-1,-1,245287,-1,74799,245287,-1,-1,237540,246127,-1,-1,-1,199413,257283,-1,-1,251373,-1,262604,253475,-1,251287,205402,263575,245287,-1,-1,265465,-1,-1,205463,264440,-1,262604,257264,251287,-1,-1,-1,110502,225692,239322,262776,-1,243628,263575,-1,237540,74182,-1,240156,223925,72125,-1,-1,242965,-1,237540,276205,208470,242965,-1,-1
-1,245176,274999,-1,-1,204044,-1,206408,229487,-1,-1,239494,262926,-1,-1,-1,244188,73169,-1,-1,243345,-1,204044,244280,-1,204044,211746,262212,204044,-1,-1,231379,-1,-1,275228,243738,-1,204044,73170,269317,-1,-1,-1,110532,257236,251298,212248,-1,239181,239181,-1,204044,263674,-1,236490,276607,73171,-1,-1,234901,-1,204044,-1,229354,234901,-1,-1
-1,201299,222475,-1,-1,236295,-1,186627,206159,-1,-1,268656,225432,-1,-1,-1,276485,242633,-1,-1,201144,-1,268802,265774,-1,236295,240938,224378,236295,-1,-1,260653,-1,-1,231969,274082,-1,236295,74485,236295,-1,-1,-1,110556,74927,255934,263829,-1,244349,201144,-1,236295,76172,-1,239795,202886,215798,-1,-1,235842,-1,236295,-1,271882,235842,-1,-1
-1,216033,226797,-1,-1,226797,-1,260138,242482,-1,75718,75308,69957,-1,-1,-1,271344,275336,-1,-1,254695,-1,238230,75191,-1,226797,276822,248207,226797,246335,-1,222428,-1,-1,212214,233292,-1,226797,258456,263518,-1,-1,-1,110580,211489,70711,244832,-1,234458,216033,-1,226797,70714,259486,233924,215213,71655,-1,-1,226797,261535,226797,70136,70712,238332,-1,74838
-1,228607,269264,-1,-1,233520,-1,264215,251519,-1,-1,250947,252014,-1,-1,-1,246151,237155,-1,-1,234740,-1,233520,270073,-1,233520,247640,228757,233520,73495,-1,241590,-1,-1,243881,239928,-1,233520,252078,229267,-1,-1,-1,110588,264649,262898,242119,-1,269314,228607,-1,233520,277281,-1,246959,264208,73294,-1,-1,234740,-1,233520,265580,70436,276583,-1,238974
-1,251292,246814,-1,-1,246814,-1,260175,263649,-1,-1,231353,270532,-1,-1,-1,192567,246550,-1,-1,221753,-1,269159,252903,-1,246814,274264,199779,246814,-1,-1,211844,-1,-1,244509,238593,-1,246814,266011,260383,-1,-1,-1,110636,271850,73071,243970,-1,259299,199779,-1,246814,269946,-1,216823,264529,74414,-1,-1,246814,-1,246814,-1,189410,221168,-1,-1
-1,258085,71178,-1,-1,240027,-1,76402,216183,-1,-1,240027,268272,-1,-1,-1,276320,269133,-1,-1,276668,-1,259272,76295,-1,240027,276429,241995,240027,-1,-1,70289,-1,-1,251500,262386,-1,240027,71177,275262,-1,-1,-1,110645,279114,224335,276325,-1,238963,238963,-1,240027,73977,-1,276271,243736,76112,-1,-1,261653,-1,240027,251370,239182,261653,-1,-1
-1,266906,224597,-1,-1,263065,-1,-1,269869,-1,-1,72421,77042,-1,-1,-1,266392,263065,-1,-1,258550,-1,259627,71928,-1,269996,270877,73015,269996,-1,-1,211825,-1,-1,258913,263352,-1,269996,75494,269996,-1,-1,-1,110676,265802,-1,251224,-1,272896,224597,-1,263065,-1,-1,76030,276413,-1,-1,-1,224597,-1,263065,-1,269831,73030,-1,-1
-1,269560,72685,-1,-1,263970,-1,-1,233969,-1,-1,72769,220881,-1,-1,-1,70985,276534,-1,-1,72682,-1,263970,73001,-1,263970,73000,258179,263970,-1,-1,258637,-1,-1,267461,72678,-1,263970,72681,72674,-1,-1,-1,110683,76553,72679,72767,-1,266109,233969,-1,263970,72768,-1,72687,244524,72774,-1,-1,266012,-1,263970,-1,72773,266012,-1,-1
-1,265440,270901,-1,-1,279623,-1,270400,274707,-1,-1,72420,72548,-1,-1,-1,240891,279623,-1,-1,252295,-1,269793,263135,-1,279623,72529,273885,279623,-1,-1,72530,-1,-1,75951,274565,-1,279623,245719,73164,-1,-1,-1,110697,76087,73569,262029,-1,234416,234416,-1,279623,73570,-1,72553,72522,73584,-1,-1,279623,-1,279623,72525,72554,75782,-1,73568
-1,269694,226958,-1,-1,275634,-1,181733,233435,-1,-1,221956,244425,-1,-1,-1,210490,275634,-1,-1,74992,-1,275639,224267,-1,224271,253693,276122,224271,-1,-1,251230,-1,-1,275631,275632,-1,224271,73605,247041,-1,-1,-1,110720,260995,262839,251413,-1,265425,233435,-1,275634,261241,-1,276490,76472,263313,-1,-1,226958,-1,275634,73140,273931,224271,-1,70585
-1,235629,195065,-1,-1,224252,-1,279050,257091,-1,-1,242003,241103,-1,-1,-1,212205,205369,-1,-1,252868,-1,227689,277072,-1,224252,277501,236535,224252,-1,-1,229648,-1,-1,236464,257787,-1,224252,276314,224252,-1,-1,-1,110724,73912,74967,200429,-1,269089,205369,-1,224252,75460,-1,76568,76567,277207,-1,-1,224252,-1,224252,255573,253039,239418,-1,244224
-1,244274,222959,-1,-1,270658,-1,-1,264480,-1,-1,270658,259057,-1,-1,-1,276917,252313,-1,-1,268790,-1,240797,233968,-1,270658,253464,199174,240797,-1,-1,229574,-1,-1,240660,248040,-1,270658,229082,233396,-1,-1,-1,110738,252033,241278,260149,-1,278354,199174,-1,240797,277309,-1,240661,205496,-1,-1,-1,256778,-1,240797,-1,77165,256778,-1,-1
-1,193786,230940,-1,-1,254804,-1,-1,210880,-1,-1,74150,277998,-1,-1,-1,209409,254804,-1,-1,277696,-1,276706,276905,-1,254804,240095,251920,254804,-1,-1,206601,-1,-1,173146,208942,-1,254804,255349,276001,-1,-1,-1,110740,74077,71401,237544,-1,278305,193786,-1,254804,73334,-1,198701,277802,73167,-1,-1,230940,-1,254804,-1,216690,259331,-1,-1
-1,267994,224146,-1,-1,201268,-1,-1,239808,-1,-1,251545,277122,-1,-1,-1,241007,223307,-1,-1,224336,-1,201268,262986,-1,223307,262726,248508,242629,-1,-1,258604,-1,-1,-1,273855,-1,201268,255102,242629,-1,-1,-1,110745,74953,-1,252859,-1,236508,224336,-1,223307,-1,-1,244762,224543,-1,-1,-1,239267,-1,223307,-1,228751,239267,-1,-1
-1,236330,177922,-1,-1,177922,-1,-1,213933,-1,-1,73311,209415,-1,-1,-1,252506,274444,-1,-1,221791,-1,194149,274213,-1,177922,252509,270764,177922,-1,-1,266437,-1,-1,-1,73310,-1,177922,276884,239106,-1,-1,-1,110746,-1,-1,228782,-1,244755,177922,-1,177922,-1,-1,279626,210422,-1,-1,-1,222544,-1,177922,-1,276689,222544,-1,-1
-1,232131,245582,-1,-1,225133,-1,-1,238940,-1,-1,254537,257621,-1,-1,-1,72976,225133,-1,-1,244212,-1,254333,190547,-1,254333,276395,266125,254333,-1,-1,245722,-1,-1,-1,233212,-1,225133,70962,235005,-1,-1,-1,110747,277009,-1,245429,-1,248105,235005,-1,225133,-1,-1,261298,222908,-1,-1,-1,245582,-1,225133,-1,72948,204506,-1,-1
-1,219967,222329,-1,-1,198046,-1,74453,262691,-1,-1,198046,77296,-1,-1,-1,201172,276068,-1,-1,257471,-1,263245,251764,-1,198046,262699,277034,198046,-1,-1,247092,-1,-1,73440,263244,-1,198046,237140,257649,-1,-1,-1,110749,223306,265631,235101,-1,214884,198046,-1,198046,73903,-1,256578,190698,73490,-1,-1,198046,-1,198046,75101,232181,239779,-1,-1
-1,213649,258373,-1,-1,242093,-1,-1,219781,-1,-1,247759,202754,-1,-1,-1,276625,257812,-1,-1,228715,-1,242093,242500,-1,258373,266734,236279,258373,-1,-1,255146,-1,-1,75027,271829,-1,242093,219647,247966,-1,-1,-1,110750,77189,73264,251235,-1,254265,236279,-1,242093,77113,-1,228053,269406,-1,-1,-1,244143,-1,242093,-1,229064,244143,-1,-1
-1,226656,271704,-1,-1,212226,-1,-1,248107,-1,-1,248057,236405,-1,-1,-1,278111,239980,-1,-1,251045,-1,212226,242562,-1,212226,247950,278086,212226,-1,-1,257725,-1,-1,72695,223230,-1,212226,276259,212048,-1,-1,-1,110751,270104,260914,248111,-1,248021,212048,-1,212226,73403,-1,75202,76202,74711,-1,-1,212226,-1,212226,-1,235380,228388,-1,-1
-1,239271,251598,-1,-1,251770,-1,274295,277618,-1,-1,251770,235814,-1,-1,-1,217199,70265,-1,-1,208294,-1,258364,243988,-1,251770,248110,242358,251770,-1,-1,255285,-1,-1,274734,251635,-1,258364,213702,73405,-1,-1,-1,110752,255082,255192,248010,-1,248002,248002,-1,258364,268452,-1,274458,250950,275901,-1,-1,73404,-1,251770,76514,262470,73404,-1,73459
77286,204725,209449,-1,-1,202986,-1,272771,256685,-1,237102,221643,264226,-1,-1,-1,260494,202986,-1,-1,221859,-1,208636,207645,-1,202986,273797,241970,202986,266199,-1,238242,-1,-1,70645,266496,-1,202986,70648,272772,-1,-1,-1,110765,273799,273796,237027,-1,238351,208636,-1,202986,70647,77287,252813,269029,213076,-1,77285,223994,77284,202986,273798,266495,223994,-1,70646
-1,248858,246729,-1,-1,243898,-1,73179,199890,-1,-1,264423,211557,-1,-1,-1,229260,243898,-1,-1,234687,-1,272875,244497,-1,243898,222368,263740,243898,197900,-1,264033,-1,-1,74646,243860,-1,243898,266623,244131,-1,-1,-1,110770,75011,73177,256981,-1,275027,199890,-1,243898,73971,-1,108061,193247,73180,-1,-1,190058,-1,243898,73178,211903,190058,-1,230860
-1,207683,256047,-1,-1,211061,-1,-1,260109,-1,-1,252508,234173,-1,-1,-1,240057,246562,-1,-1,221000,-1,211061,263020,-1,211061,250807,252753,211061,-1,-1,243602,-1,-1,250897,224489,-1,211061,224488,201990,-1,-1,-1,110776,263652,264210,211068,-1,234226,211061,-1,211061,223402,-1,224540,268990,261041,-1,-1,211061,-1,211061,-1,264272,233732,-1,-1
-1,192457,275225,-1,-1,275225,-1,-1,262268,-1,-1,241093,70858,-1,-1,-1,234924,244474,-1,-1,275230,-1,72816,263642,-1,275225,222419,253059,275225,-1,-1,228513,-1,-1,247977,276276,-1,275225,72804,251875,-1,-1,-1,110815,267578,76515,76537,-1,242555,244474,-1,275225,73399,-1,273762,275855,-1,-1,-1,275225,-1,275225,-1,75929,252767,-1,-1
-1,220383,146562,-1,-1,146562,-1,277421,229894,-1,-1,262300,261993,-1,-1,-1,245870,232770,-1,-1,247793,-1,219774,211037,-1,146562,248710,219848,146562,-1,-1,263178,-1,-1,75551,233591,-1,146562,238305,73502,-1,-1,-1,110827,193844,262728,253385,-1,219180,146562,-1,146562,277419,-1,205551,231720,277583,-1,-1,146562,-1,146562,73213,253114,276895,-1,-1
-1,240311,245157,-1,-1,245131,-1,-1,255781,-1,-1,244393,246844,-1,-1,-1,206545,236556,-1,-1,245131,-1,233222,270834,-1,244393,76153,243431,245131,-1,-1,262479,-1,-1,199493,264736,-1,244393,76417,72423,-1,-1,-1,110832,250881,72293,251412,-1,207431,222041,-1,222041,267717,-1,254544,200502,194996,-1,-1,222041,-1,222041,-1,74604,222041,-1,-1
-1,194934,194879,-1,-1,270338,-1,-1,276083,-1,-1,264828,73186,-1,-1,-1,246617,190199,-1,-1,270338,-1,240903,246787,-1,270338,229654,200519,270338,-1,-1,276976,-1,-1,220637,278982,-1,270338,269223,239403,-1,-1,-1,110839,262488,75029,70225,-1,262504,200519,-1,270338,-1,-1,258652,228456,-1,-1,-1,190199,-1,270338,-1,246276,240047,-1,-1
-1,230653,228148,-1,-1,277922,-1,225873,258776,-1,-1,262363,258661,-1,-1,-1,241037,277922,-1,-1,257330,-1,245649,276860,-1,277922,252970,213667,277922,-1,-1,253386,-1,-1,229232,243277,-1,277922,256070,279124,-1,-1,-1,110890,262326,233505,240331,-1,269931,213667,-1,277922,267745,-1,74433,73446,256488,-1,-1,242710,-1,277922,207513,74916,242710,-1,242643
-1,205530,209613,-1,-1,237613,-1,-1,258564,-1,-1,237613,277117,-1,-1,-1,276804,225381,-1,-1,255580,-1,228882,238282,-1,237613,275912,193333,237613,-1,-1,224506,-1,-1,266877,236889,-1,237613,276035,254094,-1,-1,-1,110908,262480,276951,192071,-1,205708,209613,-1,228882,-1,-1,214676,76556,-1,-1,-1,209613,-1,237613,-1,72029,201243,-1,-1
-1,239742,72852,-1,-1,225189,-1,-1,72850,-1,-1,74406,72844,-1,-1,-1,234358,251769,-1,-1,204775,-1,225189,240628,-1,251769,228378,72845,225189,-1,-1,72849,-1,-1,73422,221448,-1,251769,72847,234143,-1,-1,-1,110915,268936,74504,262335,-1,202513,202513,-1,251769,-1,-1,279529,225037,-1,-1,-1,72852,-1,225189,-1,73421,239838,-1,-1
-1,240796,70441,-1,-1,242342,-1,231479,255451,-1,-1,242342,70897,-1,-1,-1,271919,232826,-1,-1,232709,-1,272912,226024,-1,242342,237993,276104,242342,-1,-1,241929,-1,-1,236670,259682,-1,272912,274371,214660,-1,-1,-1,110953,258700,254069,214781,-1,228959,228959,-1,242342,255352,-1,71404,226804,276102,-1,-1,272912,-1,242342,77021,267627,266343,-1,77368
-1,248735,246093,-1,-1,210377,-1,71432,228076,-1,240805,241418,242415,-1,-1,-1,202808,217153,-1,-1,211382,-1,210377,182411,-1,210377,222350,245040,210377,277768,-1,222183,-1,-1,71437,73718,-1,245042,251110,245042,-1,-1,-1,110955,71431,269105,71430,-1,245041,217153,-1,245042,277017,-1,238857,241317,275656,-1,-1,246093,-1,245042,73720,243107,275655,-1,275658
-1,247882,260965,-1,-1,247885,-1,-1,267458,-1,-1,247885,-1,-1,-1,-1,75730,279686,-1,-1,241131,-1,233623,160203,-1,247885,71646,255798,247885,-1,-1,160100,-1,-1,-1,255908,-1,247885,-1,277790,-1,-1,-1,110968,-1,-1,246067,-1,238375,241131,-1,247885,-1,-1,-1,196885,-1,-1,-1,233623,-1,247885,-1,-1,207454,-1,-1
-1,267641,264708,-1,-1,260265,-1,-1,75350,-1,-1,261558,226659,-1,-1,-1,259961,260265,-1,-1,264570,-1,243135,265424,-1,260265,222645,264713,260265,-1,-1,247884,-1,-1,274342,271389,-1,260265,220544,254151,-1,-1,-1,110969,267415,266216,217201,-1,231598,231598,-1,260265,-1,-1,74141,254192,-1,-1,-1,261533,-1,260265,-1,260271,261533,-1,-1
-1,214761,71642,-1,-1,211339,-1,-1,72673,-1,-1,75019,-1,-1,-1,-1,254357,255491,-1,-1,234372,-1,211339,270581,-1,211339,211338,76103,211339,-1,-1,160063,-1,-1,-1,160050,-1,211339,-1,254409,-1,-1,-1,110974,-1,-1,160140,-1,259835,234372,-1,211339,-1,-1,-1,71644,-1,-1,-1,211339,-1,211339,-1,-1,277075,-1,-1
-1,268394,232670,-1,-1,215155,-1,-1,71231,-1,-1,255637,74231,-1,-1,-1,219605,215155,-1,-1,228744,-1,274230,224057,-1,215155,242112,255416,209744,-1,-1,193532,-1,-1,275045,242306,-1,209744,277210,209744,-1,-1,-1,110975,275044,214404,243386,-1,225396,232670,-1,215155,275043,-1,221473,256529,-1,-1,-1,232670,-1,215155,-1,214701,258227,-1,-1
-1,256557,71658,-1,-1,243384,-1,-1,276793,-1,-1,243384,-1,-1,-1,-1,71933,247405,-1,-1,247444,-1,74940,160024,-1,243384,71659,239388,243384,-1,-1,159923,-1,-1,-1,160034,-1,243384,-1,259548,-1,-1,-1,110978,-1,-1,160046,-1,279482,247444,-1,243384,-1,-1,-1,75024,-1,-1,-1,274203,-1,243384,-1,-1,274203,-1,-1
-1,215086,214874,-1,-1,214294,-1,-1,275371,-1,-1,71013,257003,-1,-1,-1,268560,214294,-1,-1,256441,-1,181872,214838,-1,181872,279063,226170,71013,-1,-1,263923,-1,-1,266692,265636,-1,71013,264314,187800,-1,-1,-1,110980,274083,-1,248258,-1,246840,214294,-1,181872,-1,-1,71316,229444,-1,-1,-1,181872,-1,214294,-1,236897,223593,-1,-1
-1,231596,273577,-1,-1,272990,-1,233424,254238,-1,-1,272990,273922,-1,-1,-1,255684,253223,-1,-1,254234,-1,253327,253537,-1,272990,241992,71243,272990,-1,-1,246406,-1,-1,75304,254172,-1,272990,71242,225682,-1,-1,-1,110981,259908,261407,253275,-1,220429,225682,-1,272990,236943,-1,75153,255994,254028,-1,-1,223685,-1,272990,-1,75311,223685,-1,-1
-1,251712,251719,-1,-1,251719,-1,-1,251698,-1,-1,251704,-1,-1,-1,-1,159969,251701,-1,-1,251718,-1,251713,251715,-1,251719,251706,251692,251719,-1,-1,251717,-1,-1,-1,160036,-1,251719,-1,159920,-1,-1,-1,110982,-1,-1,251708,-1,251696,251718,-1,251719,-1,-1,-1,160169,-1,-1,-1,251719,-1,251719,-1,-1,274485,-1,-1
-1,199103,273843,-1,-1,253322,-1,-1,74515,-1,-1,259834,-1,-1,-1,-1,160214,245357,-1,-1,215036,-1,273969,75896,-1,253322,253332,265610,253322,-1,-1,231550,-1,-1,-1,272974,-1,253322,-1,253322,-1,-1,-1,110986,-1,-1,251693,-1,254173,199103,-1,253322,-1,-1,-1,259904,-1,-1,-1,273843,-1,253322,-1,-1,240944,-1,-1
-1,228736,70754,-1,-1,264775,-1,-1,261504,-1,-1,70753,-1,-1,-1,-1,71837,70756,-1,-1,264775,-1,271880,71671,-1,264775,267397,259847,264775,-1,-1,275041,-1,-1,-1,160025,-1,264775,-1,71850,-1,-1,-1,110989,-1,-1,279436,-1,272373,228736,-1,264775,-1,-1,-1,269251,-1,-1,-1,264775,-1,264775,-1,-1,275515,-1,-1
-1,265675,260065,-1,-1,261648,-1,-1,237534,-1,-1,261648,274058,-1,-1,-1,255222,253911,-1,-1,215127,-1,252096,262752,-1,261648,267888,260045,261648,-1,-1,71848,-1,-1,-1,75410,-1,261648,276828,272360,-1,-1,-1,110990,-1,-1,273584,-1,192765,192765,-1,261648,-1,-1,273585,252123,-1,-1,-1,261648,-1,261648,-1,-1,259979,-1,-1
-1,236608,253895,-1,-1,253579,-1,-1,254672,-1,-1,274522,-1,-1,-1,-1,279423,253579,-1,-1,272329,-1,272699,71737,-1,253579,70626,254826,253579,-1,-1,279472,-1,-1,-1,159937,-1,253579,-1,272328,-1,-1,-1,110991,-1,-1,159978,-1,274525,254826,-1,253579,-1,-1,-1,260299,-1,-1,-1,253579,-1,253579,-1,-1,274523,-1,-1
-1,211327,274546,-1,-1,235111,-1,-1,274499,-1,-1,256159,-1,-1,-1,-1,71256,235111,-1,-1,274210,-1,212224,70292,-1,235111,253234,218894,235111,-1,-1,159944,-1,-1,-1,275460,-1,235111,-1,274744,-1,-1,-1,110998,-1,-1,71547,-1,269273,235111,-1,235111,-1,-1,-1,71558,-1,-1,-1,186408,-1,235111,-1,-1,186408,-1,-1
-1,226953,279760,-1,-1,189703,-1,-1,267698,-1,-1,267701,-1,-1,-1,-1,266583,259875,-1,-1,215177,-1,71731,76611,-1,260958,159991,211073,189703,-1,-1,219512,-1,-1,-1,273940,-1,260958,-1,260958,-1,-1,-1,111001,-1,-1,234027,-1,274162,259875,-1,189703,-1,-1,-1,259885,-1,-1,-1,260958,-1,189703,-1,-1,189703,-1,-1
-1,228231,225021,-1,-1,240874,-1,-1,240874,-1,-1,261000,-1,-1,-1,-1,71771,254754,-1,-1,232699,-1,267628,237510,-1,240874,71040,182941,240874,-1,-1,214111,-1,-1,-1,71041,-1,240874,71108,211389,-1,-1,-1,111006,-1,-1,198138,-1,256162,182941,-1,240874,-1,-1,226443,71772,-1,-1,-1,240874,-1,240874,-1,-1,74405,-1,-1
-1,256156,204699,-1,-1,255436,-1,-1,244946,-1,-1,271071,74143,-1,-1,-1,248868,253240,-1,-1,259410,-1,255436,255963,-1,255436,268527,227550,255436,-1,-1,270842,-1,-1,75874,252962,-1,255436,256149,253239,-1,-1,-1,111008,75223,261703,25798,-1,254703,179752,-1,255436,-1,-1,274378,198653,-1,-1,-1,179752,-1,255436,-1,75224,179752,-1,-1
-1,236241,253549,-1,-1,202558,-1,-1,265609,-1,-1,253771,260643,-1,-1,-1,254373,244464,-1,-1,255184,-1,202558,233529,-1,202558,272795,187132,202558,-1,-1,259776,-1,-1,270939,275249,-1,202558,258149,225706,-1,-1,-1,111010,275141,278757,150525,-1,259657,191856,-1,202558,71901,-1,274011,254198,-1,-1,-1,191856,-1,202558,-1,261563,191856,-1,-1
-1,227154,259251,-1,-1,223637,-1,-1,196688,-1,-1,264796,-1,-1,-1,-1,246013,211274,-1,-1,223637,-1,265627,259941,-1,211274,273743,240138,223637,-1,-1,279324,-1,-1,-1,274503,-1,223637,-1,214414,-1,-1,-1,111014,-1,-1,279317,-1,266554,196688,-1,223637,-1,-1,-1,253837,-1,-1,-1,214414,-1,223637,-1,-1,210951,-1,-1
-1,214933,232765,-1,-1,223105,-1,267573,266844,-1,276708,223105,70679,-1,-1,-1,265478,271501,-1,-1,226671,-1,272350,277621,-1,272350,272857,242569,223105,261101,-1,263515,-1,-1,241005,273603,-1,223105,205972,258137,-1,-1,-1,111019,70683,70681,227903,-1,215178,271501,-1,272350,70680,-1,241568,269623,71078,-1,-1,232765,-1,272350,70670,235991,270649,-1,165531
-1,246236,234464,-1,-1,233959,-1,76905,272947,-1,-1,76488,272860,-1,-1,-1,278743,76717,-1,-1,75214,-1,257152,210452,-1,233959,77051,254361,233959,-1,-1,76718,-1,-1,76906,205630,-1,233959,70168,232832,-1,-1,-1,111020,256616,263689,254725,-1,75117,233959,-1,233959,279163,-1,70697,188968,76713,-1,-1,233959,-1,233959,76716,272490,233959,-1,75950
-1,254714,224854,-1,-1,246770,-1,215270,244869,-1,-1,202331,76999,-1,-1,-1,71681,215193,-1,-1,246770,-1,272734,70688,-1,215193,72382,251149,246770,-1,-1,222830,-1,-1,71811,278436,-1,246770,258125,70701,-1,-1,-1,111022,278463,74772,198347,-1,273767,244869,-1,246770,74800,-1,252706,232817,72011,-1,-1,225289,-1,246770,273764,74771,225289,-1,-1
-1,230169,230433,-1,-1,230486,-1,-1,230367,-1,-1,230272,-1,-1,-1,-1,230368,230249,-1,-1,230255,-1,230486,230415,-1,230433,230443,233984,230340,-1,-1,230343,-1,-1,-1,233978,-1,230340,230357,230340,-1,-1,-1,111052,-1,-1,230520,-1,230227,230227,-1,230486,-1,-1,230458,230164,-1,-1,-1,230292,-1,230486,-1,-1,230292,-1,-1
-1,201940,231390,-1,-1,246300,-1,73873,233656,-1,-1,276066,247309,-1,-1,-1,240096,248870,-1,-1,274970,-1,270517,261140,-1,246300,264433,222557,246300,279941,-1,200395,-1,-1,231861,259039,-1,270517,258813,240501,-1,-1,-1,111065,275645,275293,240448,-1,246300,222557,-1,246300,70934,-1,274537,192397,70078,-1,-1,271195,-1,246300,266519,277867,271195,-1,278875
-1,256953,243690,-1,-1,231923,-1,279020,252913,-1,-1,263509,211243,-1,-1,-1,235573,262943,-1,-1,231923,-1,257473,254294,-1,231923,269427,220616,275951,-1,-1,199684,-1,-1,274822,76966,-1,231923,224538,73621,-1,-1,-1,111083,251489,276881,72896,-1,275951,220616,-1,231923,73763,-1,269346,244813,278908,-1,-1,231601,-1,231923,277330,242509,231601,-1,-1
-1,242514,194059,-1,-1,244213,-1,-1,257886,-1,-1,255699,256539,-1,-1,-1,266112,234883,-1,-1,224062,-1,244213,223139,-1,244213,251079,251364,244213,-1,-1,270870,-1,-1,263207,270715,-1,244213,218633,263036,-1,-1,-1,111086,224188,271094,277986,-1,214882,214882,-1,244213,270381,-1,252209,244498,-1,-1,-1,244213,-1,244213,-1,276686,262575,-1,-1
-1,72923,204078,-1,-1,210401,-1,-1,258713,-1,-1,250932,229522,-1,-1,-1,262681,231460,-1,-1,210401,-1,242389,211622,-1,231460,258722,71112,210401,-1,-1,235303,-1,-1,71911,76315,-1,231460,76531,229498,-1,-1,-1,111088,240175,257300,243199,-1,252527,204078,-1,231460,73620,-1,253225,278972,-1,-1,-1,204078,-1,231460,-1,262685,236873,-1,-1
-1,220482,72588,-1,-1,242350,-1,-1,269506,-1,-1,242350,275610,-1,-1,-1,242240,255361,-1,-1,72586,-1,271543,266110,-1,72586,258307,74352,242350,-1,-1,248004,-1,-1,74012,267637,-1,72586,263778,235100,-1,-1,-1,111091,72587,-1,76967,-1,260380,242350,-1,72586,-1,-1,72589,263763,-1,-1,-1,255361,-1,72586,-1,73574,259896,-1,-1
-1,229227,218746,-1,-1,251026,-1,72545,243949,-1,-1,245485,269630,-1,-1,-1,211245,251026,-1,-1,257878,-1,264738,275281,-1,251026,255377,252223,251026,-1,-1,265483,-1,-1,71917,270551,-1,251026,255969,278334,-1,-1,-1,111092,276681,276991,243019,-1,276492,251026,-1,251026,74014,-1,207516,224761,75495,-1,-1,251026,-1,251026,75496,240278,229225,-1,-1
-1,73285,244185,-1,-1,236363,-1,-1,213449,-1,-1,257172,72614,-1,-1,-1,244511,236363,-1,-1,208088,-1,72613,223931,-1,236363,243921,72616,236363,-1,-1,72617,-1,-1,256984,261088,-1,236363,262400,72618,-1,-1,-1,111097,76408,269345,73415,-1,72981,214887,-1,236363,74013,-1,262477,215491,75859,-1,-1,214887,-1,236363,-1,263303,214887,-1,-1
-1,209981,257504,-1,-1,235212,-1,-1,235212,-1,-1,208670,229010,-1,-1,-1,259480,224158,-1,-1,232097,-1,255223,255125,-1,235212,233483,244749,235212,-1,-1,245628,-1,-1,270828,268866,-1,235212,262236,236401,-1,-1,-1,111111,241775,268864,243586,-1,208295,208295,-1,235212,237499,-1,264432,223573,-1,-1,-1,235410,-1,235212,-1,241777,235410,-1,-1
-1,247228,236599,-1,-1,233092,-1,-1,271106,-1,-1,233092,266388,-1,-1,-1,266751,228312,-1,-1,212424,-1,264516,247476,-1,233092,260485,202170,212424,-1,-1,262142,-1,-1,246020,258667,-1,212424,264137,261196,-1,-1,-1,111138,259568,73854,251229,-1,74063,202170,-1,233092,71395,-1,271108,73211,-1,-1,-1,236599,-1,233092,-1,271053,264157,-1,-1
-1,247494,259249,-1,-1,255411,-1,72316,255824,-1,-1,259625,76908,-1,-1,-1,76273,213092,-1,-1,260398,-1,255411,232166,-1,255411,260443,255956,255411,-1,-1,260635,-1,-1,261605,235347,-1,255411,244250,255335,-1,-1,-1,111139,247612,260545,235194,-1,263628,213092,-1,255411,74623,-1,269758,261687,274646,-1,-1,259288,-1,255411,-1,266335,259288,-1,-1
-1,213536,234505,-1,-1,234505,-1,-1,255894,-1,-1,247933,247346,-1,-1,-1,229881,237203,-1,-1,203067,-1,223816,259111,-1,234505,254578,215823,234505,-1,-1,266150,-1,-1,-1,226002,-1,234505,221656,232646,-1,-1,-1,111140,-1,-1,263947,-1,247648,203067,-1,234505,-1,-1,254887,238919,-1,-1,-1,234505,-1,234505,-1,257067,213620,-1,-1
-1,190569,210423,-1,-1,210423,-1,-1,242648,-1,-1,246045,77351,-1,-1,-1,217714,263701,-1,-1,226807,-1,260657,72379,-1,210423,205953,224396,210423,-1,-1,261565,-1,-1,278151,262208,-1,210423,248856,237469,-1,-1,-1,111144,272755,275686,243302,-1,267995,190569,-1,210423,-1,-1,241487,262530,-1,-1,-1,210423,-1,210423,-1,275338,226035,-1,-1
-1,202873,266237,-1,-1,269964,-1,262922,257136,-1,-1,269964,239078,-1,-1,-1,232156,256292,-1,-1,231227,-1,277668,260369,-1,266237,251002,216199,266237,-1,-1,224980,-1,-1,262754,258812,-1,269964,253133,229277,-1,-1,-1,111235,251289,275907,260290,-1,228883,216199,-1,266237,269976,-1,243537,200466,266641,-1,-1,237633,-1,269964,-1,183573,237633,-1,-1
-1,238167,234631,-1,-1,234945,-1,71287,241967,-1,-1,234945,278190,-1,-1,-1,73157,227932,-1,-1,244034,-1,264253,230607,-1,270554,257007,263874,234945,-1,-1,72335,-1,-1,272557,257147,-1,234945,262593,270554,-1,-1,-1,111239,75784,74985,198019,-1,242383,227932,-1,234945,72129,-1,73158,234858,270552,-1,-1,234631,-1,234945,276356,75532,279116,-1,232643
-1,271918,237563,-1,-1,72138,-1,-1,270704,-1,-1,72137,271394,-1,-1,-1,72136,256170,-1,-1,243412,-1,72138,72134,-1,72138,72135,223880,72138,-1,-1,261632,-1,-1,72132,269277,-1,72138,216524,257406,-1,-1,-1,111273,72141,73939,251974,-1,244688,244688,-1,72138,209830,-1,234616,253497,254021,-1,-1,72133,-1,72138,-1,73289,72133,-1,-1
-1,204966,70017,-1,-1,267973,-1,-1,229194,-1,-1,263343,262149,-1,-1,-1,234576,278206,-1,-1,74774,-1,267973,223445,-1,267973,248118,240258,263343,-1,-1,248662,-1,-1,252137,278034,-1,267973,276363,216755,-1,-1,-1,111276,221994,276024,255015,-1,188538,240258,-1,267973,190700,-1,223875,72022,276023,-1,-1,203699,-1,267973,-1,73511,203699,-1,-1
-1,202089,229842,-1,-1,229015,-1,-1,254628,-1,-1,75286,-1,-1,-1,-1,70333,75285,-1,-1,247076,-1,70334,204691,-1,229015,267750,197655,229015,-1,-1,77116,-1,-1,-1,77115,-1,229015,279384,229015,-1,-1,-1,111325,-1,-1,266648,-1,188485,188485,-1,229015,-1,-1,-1,258209,-1,-1,-1,207715,-1,229015,-1,-1,207715,-1,-1
-1,253255,279944,-1,-1,213974,-1,-1,271902,-1,-1,279813,-1,-1,-1,-1,75034,213974,-1,-1,268133,-1,74955,278175,-1,213974,271904,253262,213974,-1,-1,75036,-1,-1,-1,74707,-1,213974,73477,271905,-1,-1,-1,111326,-1,-1,279945,-1,266645,253255,-1,213974,-1,-1,-1,75220,-1,-1,-1,274985,-1,213974,-1,-1,274985,-1,-1
-1,71739,229466,-1,-1,226556,-1,-1,256551,-1,-1,226556,261067,-1,-1,-1,71741,273659,-1,-1,214915,-1,236906,71740,-1,226556,71896,71333,226556,-1,-1,255399,-1,-1,-1,74687,-1,226556,261574,251685,-1,-1,-1,111327,-1,-1,235311,-1,254989,214915,-1,226556,-1,-1,273118,159910,-1,-1,-1,214915,-1,226556,-1,-1,265640,-1,-1
-1,256923,236956,-1,-1,207641,-1,-1,74543,-1,-1,207641,-1,-1,-1,-1,264412,214308,-1,-1,74979,-1,229209,160066,-1,207641,70340,278776,207641,-1,-1,229713,-1,-1,-1,263141,-1,207641,-1,214333,-1,-1,-1,111328,-1,-1,234030,-1,213846,207641,-1,207641,-1,-1,-1,256599,-1,-1,-1,207641,-1,207641,-1,-1,260030,-1,-1
-1,211264,279059,-1,-1,279059,-1,-1,277973,-1,-1,71088,-1,-1,-1,-1,160085,242548,-1,-1,279068,-1,255171,70322,-1,279059,160087,225910,255171,-1,-1,160178,-1,-1,-1,71546,-1,255171,-1,275103,-1,-1,-1,111329,-1,-1,160211,-1,267491,211264,-1,279059,-1,-1,-1,262286,-1,-1,-1,279059,-1,279059,-1,-1,71551,-1,-1
-1,210327,234711,-1,-1,226517,-1,-1,216580,-1,-1,226517,277284,-1,-1,-1,218623,233897,-1,-1,229173,-1,223030,252018,-1,223030,263132,245022,226517,-1,-1,254211,-1,-1,278767,277744,-1,223030,263432,209289,-1,-1,-1,111339,277743,268907,236791,-1,271362,223030,-1,223030,-1,-1,239050,162220,-1,-1,-1,226517,-1,223030,-1,277745,230857,-1,-1
-1,275856,229974,-1,-1,209316,-1,275862,252261,-1,75610,275861,246385,-1,-1,-1,263131,209316,-1,-1,241422,-1,257083,251957,-1,209316,235521,278628,209316,73075,-1,275857,-1,-1,246078,234198,-1,209316,264311,252999,-1,-1,-1,111380,254471,238017,220965,-1,245768,229974,-1,209316,74705,275865,213839,248830,275868,-1,277857,229974,72298,209316,73077,267959,252082,-1,73019
-1,264068,212753,-1,-1,266740,-1,216154,237705,-1,-1,212803,247889,-1,-1,-1,260630,266740,-1,-1,250895,-1,240580,245509,-1,212803,203069,216193,266740,-1,-1,279186,-1,-1,71743,272708,-1,212803,195361,220819,-1,-1,-1,111393,71742,74986,272571,-1,273526,220819,-1,212803,75510,-1,203024,239019,77175,-1,-1,212803,-1,212803,-1,253447,262648,-1,-1
-1,252699,264721,-1,-1,180903,-1,-1,193875,-1,-1,203309,72914,-1,-1,-1,193427,180903,-1,-1,266629,-1,261244,278158,-1,180903,75451,75145,180903,-1,-1,209364,-1,-1,75140,260724,-1,180903,225051,240632,-1,-1,-1,111395,76990,276840,231014,-1,262722,180903,-1,180903,75141,-1,264062,209895,-1,-1,-1,180903,-1,180903,-1,75113,267737,-1,-1
-1,257892,243427,-1,-1,277428,-1,-1,213094,-1,-1,268416,274690,-1,-1,-1,265581,275267,-1,-1,277428,-1,238170,255941,-1,277428,247336,199000,277428,-1,-1,277522,-1,-1,73109,272714,-1,277428,269792,257490,-1,-1,-1,111396,277571,74615,70063,-1,217439,217439,-1,277428,74253,-1,74065,270122,-1,-1,-1,256392,-1,277428,-1,272355,256392,-1,-1
-1,210368,228821,-1,-1,246007,-1,-1,260533,-1,-1,234867,278778,-1,-1,-1,262039,275134,-1,-1,246007,-1,75391,251821,-1,234867,277473,199218,246007,-1,-1,228210,-1,-1,73152,193177,-1,234867,276622,70909,-1,-1,-1,111397,252974,264063,222540,-1,193143,193143,-1,234867,-1,-1,73150,182435,-1,-1,-1,189225,-1,234867,-1,71627,189225,-1,-1
-1,245425,277549,-1,-1,232861,-1,-1,259767,-1,-1,247836,73099,-1,-1,-1,274518,276249,-1,-1,242056,-1,263982,242840,-1,232861,279501,242108,247836,-1,-1,259655,-1,-1,76167,73100,-1,242108,259724,232861,-1,-1,-1,111398,74614,237714,259726,-1,260617,242108,-1,232861,272419,-1,72913,254906,-1,-1,-1,277549,-1,232861,-1,75060,75033,-1,-1
-1,260538,276562,-1,-1,257348,-1,70799,202678,-1,-1,263786,236342,-1,-1,-1,73660,257348,-1,-1,260536,-1,71988,233158,-1,257348,270121,242109,257348,-1,-1,277438,-1,-1,73108,70515,-1,257348,209359,70518,-1,-1,-1,111399,261662,238360,178089,-1,228887,202676,-1,257348,73110,-1,241920,225993,259629,-1,-1,202676,-1,257348,232372,240695,202676,-1,-1
-1,262434,241741,-1,-1,241741,-1,-1,276656,-1,-1,221587,246005,-1,-1,-1,225757,235108,-1,-1,266148,-1,209886,221285,-1,241741,262748,76989,241741,-1,-1,209210,-1,-1,279478,264070,-1,241741,71482,252698,-1,-1,-1,111400,276187,71987,236757,-1,192241,192241,-1,241741,278224,-1,271971,183244,75513,-1,-1,241741,-1,241741,-1,72164,272323,-1,-1
-1,230631,219984,-1,-1,178510,-1,73045,72857,-1,-1,72862,73047,-1,-1,-1,72858,178510,-1,-1,268081,-1,224508,73933,-1,178510,268760,240652,178510,-1,-1,240626,-1,-1,72855,72856,-1,178510,274090,270088,-1,-1,-1,111433,182179,72859,72861,-1,230138,178510,-1,178510,72860,-1,73928,271210,224233,-1,-1,224508,-1,178510,-1,73200,268704,-1,-1
-1,220720,207471,-1,-1,217338,-1,-1,235935,-1,-1,268576,276777,-1,-1,-1,233884,235163,-1,-1,222388,-1,217338,238944,-1,217338,237391,248199,217338,-1,-1,210964,-1,-1,192073,275162,-1,217338,205089,205363,-1,-1,-1,111434,73901,274197,237502,-1,245091,205363,-1,217338,-1,-1,270614,265782,-1,-1,-1,207471,-1,217338,-1,74448,223137,-1,-1
-1,257439,245155,-1,-1,245155,-1,-1,185349,-1,-1,216201,230653,-1,-1,-1,258608,252059,-1,-1,209989,-1,197756,245598,-1,197756,268763,212219,197756,-1,-1,257946,-1,-1,238569,245022,-1,197756,238392,247124,-1,-1,-1,111462,176571,242045,241162,-1,244915,257439,-1,197756,244853,-1,255036,229956,-1,-1,-1,216201,-1,197756,-1,212883,241236,-1,-1
-1,263851,192123,-1,-1,232669,-1,-1,209361,-1,-1,232669,186352,-1,-1,-1,254142,255360,-1,-1,259680,-1,254136,266150,-1,232669,245539,202170,232669,-1,-1,213094,-1,-1,208543,276461,-1,232669,254143,242429,-1,-1,-1,111473,73092,231065,182091,-1,277552,192123,-1,232669,253154,-1,219392,225993,-1,-1,-1,192123,-1,232669,-1,206566,243666,-1,-1
-1,268783,75402,-1,-1,234051,-1,-1,76234,-1,-1,268877,75401,-1,-1,-1,239878,268879,-1,-1,268982,-1,234051,279194,-1,234051,268978,238878,234051,-1,-1,76233,-1,-1,76241,76230,-1,234051,76237,268776,-1,-1,-1,111527,76229,268985,268780,-1,203244,234051,-1,234051,76232,-1,268773,272472,-1,-1,-1,234051,-1,234051,-1,76238,268772,-1,-1
-1,74236,-1,-1,-1,-1,-1,-1,75403,-1,-1,-1,-1,-1,-1,-1,-1,-1,-1,-1,-1,-1,-1,-1,-1,-1,-1,228352,-1,-1,-1,-1,-1,-1,-1,-1,-1,-1,-1,-1,-1,-1,-1,111592,-1,-1,-1,-1,268782,-1,-1,-1,-1,-1,-1,-1,-1,-1,-1,-1,-1,-1,-1,-1,-1,-1,-1
-1,260194,200253,-1,-1,70107,-1,-1,70108,-1,-1,70111,75790,-1,-1,-1,70312,70109,-1,-1,70114,-1,70129,266175,-1,70107,70331,70103,70129,-1,-1,70113,-1,-1,76880,70104,-1,70107,241413,70107,-1,-1,-1,111594,76858,274538,259747,-1,70105,70108,-1,70107,261099,-1,70130,275011,77294,-1,-1,70129,-1,70107,-1,267790,235668,-1,-1
-1,189117,234505,-1,-1,241907,-1,-1,231985,-1,-1,241907,212404,-1,-1,-1,202078,242816,-1,-1,189511,-1,221634,228312,-1,221634,184111,222557,241907,-1,-1,212401,-1,-1,246423,206485,-1,241907,210021,189332,-1,-1,-1,111596,244797,242542,225951,-1,233790,221634,-1,241907,-1,-1,236571,167948,-1,-1,-1,270517,-1,241907,-1,70822,270517,-1,-1
-1,253065,210380,-1,-1,252088,-1,76628,247631,-1,71125,253508,248327,-1,-1,-1,239324,252088,-1,-1,248177,-1,248289,192499,-1,252088,71127,253669,252088,70969,-1,248264,-1,-1,72805,273879,-1,252088,278694,271396,-1,-1,-1,111629,75534,71942,256998,-1,278259,252088,-1,252088,253029,-1,253917,248246,269669,-1,-1,210380,-1,252088,76629,70794,259560,-1,253460
-1,73265,271589,-1,-1,75120,-1,265659,75119,-1,-1,75123,261423,-1,-1,-1,259741,75120,-1,-1,250856,-1,75122,259738,-1,75123,73278,200968,75123,73277,-1,256996,-1,-1,277566,73279,-1,75123,73267,75121,-1,-1,-1,111633,259736,271012,75124,-1,253670,75121,-1,75123,75134,-1,260108,72922,73064,-1,-1,271589,-1,75120,76302,75133,257684,-1,210494
-1,190780,198219,-1,-1,212404,-1,-1,71407,-1,-1,71618,274976,-1,-1,-1,166539,227916,-1,-1,213439,-1,212404,243828,-1,212404,258758,194146,212404,-1,-1,268433,-1,-1,77129,267847,-1,212404,227362,232081,-1,-1,-1,111651,75135,278682,238236,-1,237642,213439,-1,212404,75539,-1,237307,277916,-1,-1,-1,212404,-1,212404,-1,272667,266615,-1,-1
-1,240785,272726,-1,-1,276736,-1,71296,74304,-1,277599,268751,177340,-1,-1,-1,253120,262091,-1,-1,270502,-1,276736,204447,-1,276736,234894,213938,276736,75448,-1,216799,-1,-1,278346,236308,-1,276736,210671,74536,-1,-1,-1,111657,266304,268466,276422,-1,270064,270064,-1,276736,234747,-1,279877,271146,74533,-1,-1,276736,276572,276736,75449,248171,253071,-1,235021
-1,220820,263110,-1,-1,260168,-1,-1,260168,-1,-1,255738,275296,-1,-1,-1,251385,276594,-1,-1,237347,-1,251855,248780,-1,260168,264786,73086,260168,-1,-1,251956,-1,-1,276872,276865,-1,260168,242753,246807,-1,-1,-1,111659,277431,279843,276873,-1,244117,237347,-1,260168,242242,-1,74618,223150,-1,-1,-1,248784,-1,260168,-1,270352,248784,-1,-1
-1,244385,213761,-1,-1,227785,-1,279593,255837,-1,-1,261872,73594,-1,-1,-1,213654,263824,-1,-1,227785,-1,189125,234070,-1,189125,74074,216774,227785,-1,-1,273897,-1,-1,75490,279785,-1,263824,226766,245518,-1,-1,-1,111674,75489,271637,208418,-1,74950,213761,-1,263824,208977,-1,275544,210140,191655,-1,-1,213761,-1,263824,269433,72089,242661,-1,76853
-1,247072,246107,-1,-1,247671,-1,73729,247671,-1,74996,226376,277574,-1,-1,-1,73728,226652,-1,-1,247696,-1,262175,259432,-1,247671,267852,213917,247671,74993,-1,269082,-1,-1,71550,264431,-1,247671,279061,257188,-1,-1,-1,111701,277572,71653,247060,-1,263163,247671,-1,247671,74998,258104,251353,247067,252771,-1,-1,264348,74997,247671,74995,71548,264348,-1,74994
-1,202079,237152,-1,-1,237152,-1,70315,255700,-1,76522,272952,259997,-1,-1,-1,272928,75661,-1,-1,213498,-1,263761,70931,-1,237152,239084,70295,237152,71158,-1,225026,-1,-1,211053,198178,-1,237152,72085,261098,-1,-1,-1,111705,243795,267412,72405,-1,186101,186101,-1,237152,262645,70143,274720,74621,71153,-1,-1,237152,272916,237152,76520,271496,76445,-1,76521
-1,256407,253304,-1,-1,253304,-1,75756,272844,-1,75074,264507,275438,-1,-1,-1,277849,262284,-1,-1,263504,-1,244825,74817,-1,253304,279847,273090,253304,269739,-1,76486,-1,-1,260593,278413,-1,253304,238036,75187,-1,-1,-1,111706,258284,273921,258081,-1,214769,256407,-1,253304,277614,258089,261051,222639,273089,-1,260704,264507,260388,253304,274570,76917,71549,-1,215331
-1,240955,259209,-1,-1,259537,-1,-1,274978,-1,-1,273982,241010,-1,-1,-1,258325,259690,-1,-1,215332,-1,279816,261352,-1,239645,252193,239645,259537,-1,-1,252168,-1,-1,245094,224104,-1,259537,257338,261016,-1,-1,-1,111708,214777,74790,192906,-1,245439,239645,-1,259537,77271,-1,272753,267480,-1,-1,-1,215332,-1,259537,-1,245851,259537,-1,-1
-1,142962,256502,-1,-1,241833,-1,278734,270215,-1,254131,261442,267853,-1,-1,-1,252239,241833,-1,-1,267931,-1,237512,216036,-1,256502,225502,274046,256502,264147,-1,276819,-1,-1,277250,270456,-1,231507,268083,231507,-1,-1,-1,111710,258128,253953,259533,-1,223243,241833,-1,231507,276867,227274,215049,70435,264792,-1,-1,254125,257153,231507,256528,261275,254125,-1,71908
-1,253354,228211,-1,-1,216020,-1,258177,241696,-1,-1,216020,278440,-1,-1,-1,219160,272911,-1,-1,278464,-1,236803,246469,-1,216020,240743,251138,216020,-1,-1,221952,-1,-1,270397,77014,-1,216020,224403,253384,-1,-1,-1,111711,234107,237122,226378,-1,274947,253354,-1,216020,279170,-1,273538,258180,246336,-1,-1,236803,-1,216020,219614,238127,260826,-1,273968
274145,256145,273730,-1,256146,273730,-1,236432,270454,-1,74850,245061,269554,-1,-1,-1,254756,74697,-1,253715,261155,-1,267392,279932,-1,261155,260562,226772,273730,73843,-1,221619,-1,-1,278471,278460,-1,273730,77069,258574,-1,-1,-1,111715,279931,72703,222693,-1,219451,261155,-1,273730,227549,259970,259252,240642,278418,-1,70690,258082,256508,273730,269935,278456,258082,-1,275178
-1,253271,273051,-1,-1,228961,-1,77180,255886,-1,-1,222417,231549,-1,-1,-1,256167,226798,-1,-1,273028,-1,228961,231070,-1,228961,254585,271969,228961,-1,-1,278430,-1,-1,277181,273079,-1,271969,269619,211272,-1,-1,-1,111716,277837,277836,226765,-1,238518,211272,-1,228961,76074,-1,259275,238093,76883,-1,-1,271969,-1,228961,-1,279845,207440,-1,-1
-1,259927,231814,-1,-1,225812,-1,-1,273131,-1,-1,247147,273588,-1,-1,-1,258787,225812,-1,-1,214358,-1,252695,259792,-1,225812,220805,214135,225812,-1,-1,223752,-1,-1,278784,227513,-1,252990,236861,252990,-1,-1,-1,111722,229843,-1,232385,-1,243004,214135,-1,225812,-1,-1,274245,214353,-1,-1,-1,247366,-1,225812,-1,247740,247366,-1,-1
259652,182224,205401,-1,-1,191572,-1,272748,232871,-1,73706,223298,245039,-1,-1,-1,221855,252516,-1,-1,233394,-1,217160,73705,-1,73676,251291,73676,223298,239858,-1,222346,-1,-1,192008,221846,-1,223298,221854,240207,-1,-1,-1,111724,224677,245036,230601,-1,191572,182224,-1,191572,269030,73708,261927,261928,264025,-1,233681,268313,269033,191572,259653,211108,268313,-1,73704
-1,279014,242764,-1,-1,182091,-1,-1,279201,-1,-1,221425,73627,-1,-1,-1,193092,213281,-1,-1,75112,-1,276461,277324,-1,242764,219392,274055,242764,-1,-1,75456,-1,-1,75459,209361,-1,242764,228650,253153,-1,-1,-1,111766,76613,76587,70066,-1,203264,203264,-1,242764,-1,-1,257716,252477,-1,-1,-1,182091,-1,242764,-1,278249,182091,-1,-1
-1,191528,227527,-1,-1,251294,-1,71571,199088,-1,-1,251294,253219,-1,-1,-1,242276,228033,-1,-1,241341,-1,225478,261956,-1,224648,241344,236690,251294,71570,-1,221820,-1,-1,275172,248237,-1,224648,261887,224648,-1,-1,-1,111768,228047,272790,228017,-1,261886,199088,-1,224648,268917,-1,253738,253955,73687,-1,-1,227527,-1,251294,71569,240391,241239,-1,71572
-1,247224,212023,-1,-1,202855,-1,261921,243092,-1,269015,241332,273641,-1,-1,-1,245160,263847,-1,-1,261904,-1,202855,241299,-1,235002,261917,190276,202855,245043,-1,224550,-1,-1,222438,268930,-1,212023,257493,242700,-1,-1,-1,111769,272743,71575,221980,-1,235002,247224,-1,212023,268928,-1,245048,221964,71574,-1,-1,212023,268915,202855,261920,71573,261896,-1,233451
-1,221798,237670,-1,-1,237670,-1,-1,241622,-1,-1,224466,269141,-1,-1,-1,233948,226021,-1,-1,228077,-1,260645,222349,-1,260645,263487,243102,224466,-1,-1,241342,-1,-1,252332,71409,-1,237670,250989,261954,-1,-1,-1,111774,269140,242874,252181,-1,259018,228077,-1,260645,269017,-1,264056,269138,-1,-1,-1,224466,-1,237670,-1,71394,243117,-1,-1
-1,224555,219908,-1,-1,219908,-1,261901,251586,-1,-1,261899,275473,-1,-1,-1,243088,216736,-1,-1,241619,-1,213013,253966,-1,219908,224470,186970,219908,-1,-1,261905,-1,-1,261898,243099,-1,216736,224615,268959,-1,-1,-1,111779,241311,261944,275472,-1,226151,216736,-1,219908,269103,-1,224667,226838,269104,-1,-1,219908,-1,219908,71349,269520,264021,-1,-1
-1,254502,219812,-1,-1,202848,-1,75256,278033,-1,-1,253213,70251,-1,-1,-1,212153,271477,-1,-1,239613,-1,202848,254819,-1,202848,234147,216145,202848,-1,-1,237003,-1,-1,205343,199776,-1,202848,198946,230824,-1,-1,-1,111811,257000,229857,215689,-1,268558,239613,-1,202848,278351,-1,225014,268875,268437,-1,-1,202848,-1,202848,215785,238703,235513,-1,265595
-1,255266,256731,-1,-1,257118,-1,-1,274845,-1,-1,257118,233767,-1,-1,-1,270355,228774,-1,-1,224030,-1,231236,211240,-1,257118,276398,247248,257118,-1,-1,256689,-1,-1,270365,272599,-1,257118,278283,237331,-1,-1,-1,111817,278284,258843,234158,-1,190034,190034,-1,224030,277959,-1,236621,168965,74309,-1,-1,257118,-1,224030,-1,248477,205559,-1,-1
-1,257497,264867,-1,-1,73288,-1,73952,229818,-1,-1,238988,73610,-1,-1,-1,220925,261991,-1,-1,210482,-1,73288,276491,-1,73288,251499,74981,73288,-1,-1,70869,-1,-1,226705,73121,-1,73288,263137,270032,-1,-1,-1,111822,251551,70627,193260,-1,262955,229818,-1,73288,279911,-1,270750,256537,242547,-1,-1,248356,-1,73288,-1,70993,248356,-1,-1
-1,238604,248231,-1,-1,226385,-1,-1,236993,-1,-1,226385,227653,-1,-1,-1,261114,238922,-1,-1,237385,-1,224874,266518,-1,226385,256110,236924,226385,-1,-1,229879,-1,-1,-1,243126,-1,226385,217998,232388,-1,-1,-1,111928,73671,-1,207877,-1,263784,226385,-1,226385,-1,-1,266375,186998,-1,-1,-1,226385,-1,226385,-1,274533,268483,-1,-1
-1,251136,243200,-1,-1,210935,-1,221331,214622,-1,-1,268462,163489,-1,-1,-1,270657,257164,-1,-1,242725,-1,210935,226108,-1,210935,200054,262474,210935,-1,-1,271006,-1,-1,258946,276705,-1,243593,265761,255561,-1,-1,-1,111974,235290,259443,241628,-1,262027,210935,-1,243593,265762,-1,257324,235806,274702,-1,-1,243593,-1,243593,196889,253003,243593,-1,248787
-1,233425,251953,-1,-1,227223,-1,-1,278775,-1,-1,227223,76648,-1,-1,-1,276166,276538,-1,-1,244780,-1,72790,270884,-1,227223,73886,200914,227223,-1,-1,252589,-1,-1,254540,271419,-1,227223,273916,235292,-1,-1,-1,111993,225642,277053,260088,-1,215376,227223,-1,227223,72843,-1,236213,206165,215361,-1,-1,251953,-1,227223,-1,279034,236836,-1,-1
-1,255900,253013,-1,-1,272712,-1,275513,261028,-1,-1,238132,246935,-1,-1,-1,268343,219865,-1,-1,272712,-1,254469,241960,-1,238132,275295,258517,272712,-1,-1,272920,-1,-1,72113,74324,-1,238132,271760,208432,-1,-1,-1,112072,72048,71844,255483,-1,239813,219865,-1,238132,275514,-1,278588,203172,76868,-1,-1,238132,-1,238132,254518,267473,70902,-1,-1
-1,222951,212476,-1,-1,212476,-1,-1,245414,-1,-1,224069,75713,-1,-1,-1,225316,181291,-1,-1,230713,-1,220633,245499,-1,212476,208008,243045,212476,-1,-1,253079,-1,-1,278785,277318,-1,212476,278567,211152,-1,-1,-1,112096,232901,240328,261357,-1,213901,181291,-1,212476,77173,-1,71081,232673,-1,-1,-1,211591,-1,212476,-1,275571,211591,-1,-1
73087,251157,276516,-1,76155,261128,-1,274116,275076,-1,71103,245981,245984,-1,-1,-1,251579,238089,-1,76160,261054,-1,255160,228487,-1,276140,243321,276140,261054,274115,-1,260395,-1,-1,245982,202968,-1,255160,261582,199236,-1,-1,-1,112115,274117,76236,259256,-1,261128,245981,-1,255160,73438,274041,252690,212839,253198,-1,76152,233568,71105,255160,266490,255950,233568,-1,274034
-1,237127,252410,-1,-1,72834,-1,-1,73989,-1,-1,72180,72829,-1,-1,-1,74072,72834,-1,-1,240798,-1,251603,268860,-1,72834,257768,235863,72834,-1,-1,278276,-1,-1,77377,239588,-1,72834,72833,74071,-1,-1,-1,112124,193268,240779,240475,-1,72831,240798,-1,72834,273913,-1,73333,231915,244446,-1,-1,259107,-1,72834,-1,245779,259107,-1,-1
-1,270575,270538,-1,-1,201965,-1,-1,266173,-1,-1,71420,225766,-1,-1,-1,256819,255703,-1,-1,265999,-1,201965,231190,-1,201965,71723,272941,201965,-1,-1,266174,-1,-1,71733,269621,-1,201965,275080,235294,-1,-1,-1,112126,72191,-1,270535,-1,241578,201965,-1,201965,-1,-1,242658,71421,-1,-1,-1,201965,-1,201965,-1,71046,277054,-1,-1
-1,216939,213815,-1,-1,239704,-1,-1,243235,-1,-1,260547,278688,-1,-1,-1,233090,191173,-1,-1,268805,-1,238277,259978,-1,239704,261333,233400,239704,-1,-1,273582,-1,-1,70856,271596,-1,239704,70140,239704,-1,-1,-1,112134,73870,74265,270137,-1,260477,233400,-1,239704,-1,-1,70141,70853,-1,-1,-1,238277,-1,239704,-1,72901,263180,-1,-1
-1,73562,247172,-1,-1,216352,-1,-1,232477,-1,-1,237721,210134,-1,-1,-1,242117,216352,-1,-1,272829,-1,208722,253440,-1,20801,210411,243854,216352,-1,-1,228783,-1,-1,242863,254685,-1,216352,255369,270001,-1,-1,-1,112139,220895,74974,74913,-1,212218,20801,-1,20801,272828,-1,233961,245502,-1,-1,-1,20801,-1,20801,-1,225061,20801,-1,-1
-1,269536,271525,-1,-1,221826,-1,-1,222434,-1,-1,221826,233946,-1,-1,-1,233945,239148,-1,-1,222440,-1,227939,222344,-1,221826,205331,233947,221826,-1,-1,269530,-1,-1,275673,275670,-1,221826,193713,224549,-1,-1,-1,112163,269529,269040,248376,-1,238862,239148,-1,221826,269541,-1,242414,224475,275675,-1,-1,271525,-1,221826,-1,222192,277782,-1,-1
-1,224977,268736,-1,-1,70650,-1,268897,247135,-1,-1,229750,73419,-1,-1,-1,73516,224902,-1,-1,242204,-1,268791,226467,-1,70650,266637,257786,70650,-1,-1,245560,-1,-1,277851,74421,-1,70650,270281,264683,-1,-1,-1,112168,244190,279876,255453,-1,277632,224977,-1,70650,212446,-1,73423,243082,277974,-1,-1,70650,-1,70650,-1,271059,70650,-1,-1
-1,185122,243580,-1,-1,236703,-1,76500,222331,-1,-1,236703,233195,-1,-1,-1,257876,238463,-1,-1,195365,-1,245367,269859,-1,236703,242187,204638,245367,-1,-1,241187,-1,-1,228579,263193,-1,236703,262863,240709,-1,-1,-1,112172,276602,278061,207791,-1,262138,204638,-1,245367,222546,-1,74207,242879,75833,-1,-1,243580,-1,236703,76460,74512,260592,-1,-1
-1,220985,245387,-1,-1,70087,-1,-1,70330,-1,-1,221685,74223,-1,-1,-1,223908,73304,-1,-1,70087,-1,70095,270574,-1,70087,70094,259916,70087,-1,-1,271260,-1,-1,-1,70085,-1,70087,70080,245329,-1,-1,-1,112180,256369,-1,71993,-1,70082,70095,-1,70087,-1,-1,74742,235240,-1,-1,-1,70095,-1,70087,-1,70083,240528,-1,-1
-1,254513,70166,-1,-1,183339,-1,267426,228834,-1,-1,262590,74737,-1,-1,-1,235166,239672,-1,-1,253010,-1,70801,257917,-1,183339,222081,204816,183339,-1,-1,202259,-1,-1,269715,277905,-1,183339,73961,272624,-1,-1,-1,112199,73922,271077,244942,-1,263988,183339,-1,183339,74740,-1,71314,72672,75855,-1,-1,183339,-1,183339,-1,77090,183339,-1,-1
-1,257862,70099,-1,-1,263990,-1,-1,273036,-1,-1,225498,232648,-1,-1,-1,223744,212682,-1,-1,258214,-1,263990,244929,-1,263990,190625,204297,263990,-1,-1,227854,-1,-1,76798,73261,-1,212682,244673,273535,-1,-1,-1,112222,76799,76297,235216,-1,256473,257862,-1,263990,72283,-1,223073,186494,257872,-1,-1,254925,-1,263990,-1,257873,254925,-1,-1
-1,267599,210484,-1,-1,268473,-1,74983,241861,-1,-1,195033,278233,-1,-1,-1,279198,203225,-1,-1,232162,-1,268473,276057,-1,268473,264065,252700,268473,-1,-1,274526,-1,-1,212075,189155,-1,268473,70513,202157,-1,-1,-1,112224,260004,74982,275871,-1,228416,202157,-1,268473,76248,-1,73661,264057,75512,-1,-1,195033,-1,268473,75454,246009,262557,-1,-1
-1,212560,220893,-1,-1,247741,-1,75775,72939,-1,-1,257261,274820,-1,-1,-1,257435,233245,-1,-1,247741,-1,240977,261473,-1,247741,272705,252305,247741,-1,-1,254317,-1,-1,72953,238073,-1,233245,73308,271876,-1,-1,-1,112254,248837,278073,193771,-1,229126,229126,-1,247741,270380,-1,270513,257469,259370,-1,-1,220893,-1,247741,-1,251346,247890,-1,-1
77193,221759,211786,-1,77215,254886,-1,74599,269093,-1,252644,260497,221831,-1,-1,-1,252966,243064,-1,-1,254886,-1,71359,243422,-1,202978,237977,202978,254886,274839,-1,71309,-1,-1,266541,255553,-1,211786,274694,233280,-1,-1,-1,112258,238579,259843,70418,-1,208073,233280,-1,211786,71325,71234,248131,266750,278309,-1,77192,211786,77214,211786,221767,269978,229295,-1,71358
-1,276806,238716,-1,-1,228642,-1,268269,251819,-1,-1,246789,257087,-1,-1,-1,233377,203415,-1,-1,228642,-1,229731,243575,-1,228642,244322,263938,228642,279177,-1,248569,-1,-1,276240,241699,-1,228642,186590,220956,-1,-1,-1,112259,231442,77179,169708,-1,250994,203415,-1,228642,277414,-1,206430,223988,276244,-1,-1,229731,-1,228642,74126,274228,70782,-1,74125
-1,207606,225245,-1,-1,277434,-1,-1,256952,-1,-1,255474,251264,-1,-1,-1,270491,253374,-1,-1,277434,-1,192970,243845,-1,277434,242085,246723,277434,-1,-1,268445,-1,-1,277804,74158,-1,277434,276978,71216,-1,-1,-1,112260,74860,77032,229123,-1,206554,246723,-1,277434,76260,-1,254552,246166,240334,-1,-1,225245,-1,277434,-1,252357,246094,-1,-1
-1,-1,-1,-1,-1,-1,-1,-1,-1,-1,-1,-1,-1,-1,-1,-1,-1,-1,-1,-1,-1,-1,-1,-1,-1,-1,-1,-1,-1,-1,-1,-1,-1,-1,-1,-1,-1,-1,-1,-1,-1,-1,-1,112264,-1,-1,-1,-1,-1,-1,-1,-1,-1,-1,-1,-1,-1,-1,-1,-1,-1,-1,-1,-1,-1,-1,-1
-1,234642,201942,-1,-1,204485,-1,-1,242506,-1,-1,204485,242245,-1,-1,-1,206006,230938,-1,-1,263182,-1,258729,225600,-1,204485,277487,238160,204485,-1,-1,261190,-1,-1,75111,264203,-1,204485,74588,260010,-1,-1,-1,112387,74411,277459,238545,-1,247257,201942,-1,204485,240463,-1,239482,263867,275561,-1,-1,204485,-1,204485,-1,240068,212228,-1,-1
-1,255368,228819,-1,-1,259265,-1,-1,272881,-1,-1,259265,270000,-1,-1,-1,263766,255487,-1,-1,275570,-1,273666,245420,-1,259265,209565,235890,259265,-1,-1,220356,-1,-1,260250,275128,-1,259265,70584,74703,-1,-1,-1,112390,271087,74704,236830,-1,242359,235890,-1,259265,230765,-1,279591,231146,-1,-1,-1,259265,-1,259265,-1,278201,205427,-1,-1
-1,192984,188567,-1,-1,256688,-1,-1,74436,-1,-1,230965,245510,-1,-1,-1,239042,262151,-1,-1,241809,-1,256688,278759,-1,256688,230801,74699,256688,-1,-1,74921,-1,-1,242114,214923,-1,256688,228784,266797,-1,-1,-1,112391,232904,276673,74701,-1,200724,200724,-1,256688,-1,-1,257842,209027,-1,-1,-1,188567,-1,256688,-1,75529,234579,-1,-1
-1,248256,263893,-1,-1,223629,-1,72434,272833,-1,-1,222404,71825,-1,-1,-1,276609,188600,-1,-1,252421,-1,223629,231171,-1,263893,76508,230140,263893,-1,-1,241863,-1,-1,243213,235710,-1,223629,74920,270331,-1,-1,-1,112392,221264,240526,70952,-1,74767,263893,-1,263893,76296,-1,226181,224953,76384,-1,-1,263893,-1,263893,76528,274225,259345,-1,-1
-1,243830,242374,-1,-1,205083,-1,-1,240587,-1,-1,234134,208974,-1,-1,-1,241587,225976,-1,-1,234200,-1,205083,241862,-1,205083,224962,226515,205083,-1,-1,248836,-1,-1,75389,274494,-1,205083,237499,260343,-1,-1,-1,112393,235551,264206,242312,-1,232675,234200,-1,205083,259347,-1,256193,242352,277233,-1,-1,205083,-1,205083,-1,264536,219797,-1,-1
-1,209572,241750,-1,-1,209888,-1,-1,212039,-1,-1,261435,256271,-1,-1,-1,210028,74769,-1,-1,226677,-1,209888,231801,-1,241750,270460,207716,241750,-1,-1,269684,-1,-1,238044,74957,-1,209888,269682,277316,-1,-1,-1,112408,74943,248497,275568,-1,241775,207716,-1,209888,-1,-1,253001,73852,-1,-1,-1,226677,-1,209888,-1,251091,185195,-1,-1
-1,203423,220708,-1,-1,257326,-1,259459,272737,-1,-1,203308,71563,-1,-1,-1,70177,277525,-1,-1,239458,-1,257326,75032,-1,220708,178088,240710,257326,-1,-1,224297,-1,-1,69972,277524,-1,257326,238576,213093,-1,-1,-1,112427,231172,74756,269475,-1,273529,220708,-1,213093,256324,-1,260176,74757,278838,-1,-1,257326,-1,213093,-1,75031,206147,-1,-1
-1,-1,-1,-1,-1,-1,-1,-1,-1,-1,-1,-1,-1,-1,-1,-1,-1,-1,-1,-1,-1,-1,-1,-1,-1,-1,-1,-1,-1,-1,-1,-1,-1,-1,-1,-1,-1,-1,-1,-1,-1,-1,-1,112428,-1,-1,-1,-1,-1,-1,-1,-1,-1,-1,-1,-1,-1,-1,-1,-1,-1,-1,-1,-1,-1,-1,-1
-1,230168,230294,-1,-1,230281,-1,-1,230360,-1,-1,230281,-1,-1,-1,-1,230471,230457,-1,-1,230251,-1,230291,230215,-1,230294,230253,230528,230291,-1,-1,230344,-1,-1,-1,230378,-1,230291,230519,230256,-1,-1,-1,112472,-1,-1,236175,-1,230389,230294,-1,230281,-1,-1,230479,230314,-1,-1,-1,230294,-1,230281,-1,-1,230510,-1,-1
-1,185172,235133,-1,-1,251951,-1,-1,223007,-1,-1,251951,239573,-1,-1,-1,271213,229459,-1,-1,256119,-1,278966,237382,-1,229459,210548,244576,251951,-1,-1,73386,-1,-1,212459,252466,-1,229459,271921,72916,-1,-1,-1,112493,271572,259551,277515,-1,242264,242264,-1,229459,257833,-1,213994,173165,220829,-1,-1,229459,-1,229459,-1,72839,71000,-1,-1
-1,233691,277665,-1,-1,268756,-1,73973,219759,-1,-1,274089,190769,-1,-1,-1,268758,248147,-1,-1,264392,-1,268756,205553,-1,268756,206551,277872,268756,-1,-1,268755,-1,-1,220493,273602,-1,268756,268697,203780,-1,-1,-1,112494,74045,74080,202061,-1,74020,268756,-1,268756,270507,-1,240778,237615,251761,-1,-1,268756,-1,268756,268753,169115,268759,-1,264451
-1,239816,255140,-1,-1,192636,-1,-1,251994,-1,-1,255876,263837,-1,-1,-1,273663,192636,-1,-1,264188,-1,270072,253122,-1,192636,215616,258728,192636,-1,-1,258687,-1,-1,76845,245021,-1,192636,273560,257969,-1,-1,-1,112513,247126,238759,245368,-1,279768,192636,-1,192636,268484,-1,279919,246881,-1,-1,-1,266905,-1,192636,-1,199848,266905,-1,-1
-1,159964,274629,-1,-1,159930,-1,-1,160047,-1,-1,159970,-1,-1,-1,-1,236171,160177,-1,-1,160183,-1,160110,160107,-1,159930,160090,233996,159930,-1,-1,160202,-1,-1,-1,160061,-1,159930,-1,159930,-1,-1,-1,112535,-1,-1,159993,-1,160075,159964,-1,159930,-1,-1,-1,230167,-1,-1,-1,159930,-1,159930,-1,-1,230428,-1,-1
261946,224599,224608,-1,241483,221445,-1,224616,224624,-1,73709,221445,224690,-1,-1,-1,257523,224631,-1,-1,70832,-1,255417,200672,-1,241328,226197,200741,221445,272738,-1,224633,-1,-1,73710,224611,-1,255417,231954,243100,-1,-1,-1,112540,261947,269113,222729,-1,241328,221445,-1,255417,222621,73712,224604,241327,239609,-1,247197,221445,73711,221445,269027,241485,254894,-1,71426
270319,237778,227982,-1,274278,200601,-1,277535,200577,-1,71198,252051,213283,-1,-1,-1,261116,247844,-1,76891,200601,-1,254225,231946,-1,200601,228454,232831,200601,266539,-1,71369,-1,-1,71200,71193,-1,200601,255161,268342,-1,-1,-1,112558,247689,274419,248486,-1,243528,200577,-1,200601,71195,71194,279850,71326,274422,-1,278595,199266,274425,200601,71102,255955,199266,-1,279852
-1,159906,236176,-1,-1,160128,-1,-1,159925,-1,-1,160128,-1,-1,-1,-1,159981,160102,-1,-1,160103,-1,160212,159988,-1,160128,159962,160053,160102,-1,-1,159950,-1,-1,-1,160030,-1,160102,-1,159913,-1,-1,-1,112584,-1,-1,160137,-1,230284,159906,-1,160128,-1,-1,-1,160014,-1,-1,-1,160102,-1,160128,-1,-1,160138,-1,-1
-1,225701,240744,-1,-1,240744,-1,-1,248168,-1,-1,262740,272756,-1,-1,-1,236298,259874,-1,-1,221664,-1,236800,197225,-1,240744,274841,237875,240744,-1,-1,264085,-1,-1,274580,247356,-1,240744,274665,247240,-1,-1,-1,112606,267920,74438,199110,-1,203137,203137,-1,240744,70442,-1,262379,277189,-1,-1,-1,261072,-1,240744,-1,263237,261072,-1,-1
-1,255308,245532,-1,-1,279918,-1,-1,279920,-1,-1,279918,-1,-1,-1,-1,71735,274165,-1,-1,71115,-1,72704,159967,-1,279918,70156,259873,279918,-1,-1,264002,-1,-1,-1,273737,-1,279918,-1,260208,-1,-1,-1,112615,-1,-1,69961,-1,253861,279918,-1,279918,-1,-1,-1,69974,-1,-1,-1,245532,-1,279918,-1,-1,255773,-1,-1
-1,248860,266218,-1,-1,266218,-1,-1,254427,-1,-1,253522,-1,-1,-1,-1,253989,260267,-1,-1,211345,-1,274195,72086,-1,266218,199830,225809,266218,-1,-1,260514,-1,-1,-1,274363,-1,266218,253651,248861,-1,-1,-1,112667,-1,-1,255094,-1,266219,248860,-1,266218,-1,-1,71770,256173,-1,-1,-1,264709,-1,266218,-1,-1,264709,-1,-1
-1,215251,215199,-1,-1,215199,-1,263498,261081,-1,259294,212715,269889,-1,-1,-1,77029,248191,-1,-1,267626,-1,278020,234468,-1,215199,246471,214990,215199,70704,-1,261183,-1,-1,275100,233476,-1,215199,247400,259788,-1,-1,-1,112670,269620,255457,232729,-1,244950,215251,-1,215199,240576,-1,273964,215048,244757,-1,-1,238194,-1,215199,74783,232390,238194,-1,240469
-1,246398,254700,-1,-1,273992,-1,242691,253254,-1,-1,200196,255662,-1,-1,-1,268481,273992,-1,-1,71035,-1,270844,268526,-1,273992,271455,254719,273992,72388,-1,71959,-1,-1,198129,72317,-1,273992,274476,267482,-1,-1,-1,112671,70433,259964,74609,-1,229139,254719,-1,273992,237461,-1,270598,246822,71649,-1,-1,258194,-1,273992,74942,261026,258194,-1,254749
-1,234903,200315,-1,-1,200315,-1,77390,245522,-1,-1,208925,240684,-1,-1,-1,277454,191076,-1,-1,210192,-1,216451,253015,-1,191076,229922,209169,191076,-1,-1,235500,-1,-1,250952,240424,-1,191076,208953,261663,-1,-1,-1,112675,74053,73745,264260,-1,204311,245522,-1,191076,76565,-1,270950,216115,76523,-1,-1,191076,-1,200315,-1,73593,223627,-1,-1
70709,246610,263693,-1,246868,263502,-1,240835,274736,-1,267795,242002,256501,-1,-1,-1,253264,234466,-1,76459,252044,-1,263502,258051,-1,242002,268581,264365,242002,263475,-1,74782,-1,-1,276094,257407,-1,263693,261172,251212,-1,-1,-1,112689,252534,273081,242019,-1,254228,264365,-1,263693,215081,263756,261011,261014,259623,-1,271026,263693,215165,263502,274146,267410,260140,-1,274132
-1,214703,71738,-1,-1,213591,-1,-1,267483,-1,-1,71932,-1,-1,-1,-1,160086,248257,-1,-1,229201,-1,71719,159977,-1,213591,71441,256042,213591,-1,-1,160165,-1,-1,-1,248259,-1,213591,-1,213591,-1,-1,-1,112705,-1,-1,160005,-1,238837,248257,-1,213591,-1,-1,-1,71718,-1,-1,-1,71442,-1,213591,-1,-1,71442,-1,-1
263718,220624,232514,-1,-1,232514,-1,239219,247150,-1,215985,261614,183966,-1,-1,-1,74843,264733,-1,-1,71944,-1,269132,233034,-1,153060,235873,255144,261614,270207,-1,273909,-1,-1,235827,70898,-1,269132,254075,261351,-1,-1,-1,112713,274125,74846,235980,-1,153060,153060,-1,232514,258116,254608,243519,237575,215995,-1,71058,215026,214969,232514,73945,190634,215026,-1,278469
-1,193241,257383,-1,-1,225878,-1,234999,255134,-1,-1,227772,228729,-1,-1,-1,252240,234037,-1,-1,199151,-1,225878,230865,-1,225878,216055,246696,225878,-1,-1,253251,-1,-1,274262,253713,-1,225878,273683,232535,-1,-1,-1,112716,74142,70956,198145,-1,255333,193241,-1,225878,269088,-1,275431,217805,70864,-1,-1,225878,-1,225878,278566,260135,221955,-1,-1
-1,219854,72457,-1,-1,72454,-1,-1,73615,-1,-1,72454,215815,-1,-1,-1,268306,225310,-1,-1,271675,-1,251257,270683,-1,72454,263776,223069,72454,-1,-1,200841,-1,-1,229398,75088,-1,72454,203312,278987,-1,-1,-1,112764,262133,264334,234487,-1,186122,186122,-1,72454,253445,-1,235218,258056,169700,-1,-1,72457,-1,72454,-1,237355,233289,-1,-1
-1,240834,271057,-1,-1,277594,-1,74578,277322,-1,-1,229453,77103,-1,-1,-1,277310,276302,-1,-1,240685,-1,222461,271052,-1,277594,70971,248278,222461,-1,-1,252095,-1,-1,76992,262998,-1,222461,277811,218936,-1,-1,-1,112809,253350,276900,265701,-1,251446,251446,-1,277594,74698,-1,258526,236046,75835,-1,-1,277594,-1,277594,-1,71781,277594,-1,-1
-1,247506,255862,-1,-1,255862,-1,-1,254492,-1,-1,267866,277302,-1,-1,-1,246047,241783,-1,-1,183895,-1,236935,272943,-1,255862,277303,233790,236935,-1,-1,247038,-1,-1,279712,246354,-1,255862,70444,268009,-1,-1,-1,112828,69982,-1,268330,-1,241737,233790,-1,255862,-1,-1,264744,260918,-1,-1,-1,255862,-1,255862,-1,274998,268715,-1,-1
-1,278787,236198,-1,-1,253859,-1,-1,256072,-1,-1,268564,-1,-1,-1,-1,71751,260062,-1,-1,278790,-1,278879,278792,-1,253859,278791,71752,253859,-1,-1,71750,-1,-1,-1,159935,-1,253859,-1,274198,-1,-1,-1,112853,-1,-1,160218,-1,259888,259888,-1,253859,-1,-1,-1,160168,-1,-1,-1,253859,-1,253859,-1,-1,253859,-1,-1
-1,204349,203980,-1,-1,210313,-1,-1,230762,-1,-1,210313,73855,-1,-1,-1,262272,208260,-1,-1,220422,-1,224394,210898,-1,203980,236689,228624,203980,-1,-1,235600,-1,-1,-1,259176,-1,203980,75759,234930,-1,-1,-1,112883,-1,-1,261622,-1,216247,224394,-1,203980,-1,-1,271253,267827,-1,-1,-1,203980,-1,203980,-1,270929,211395,-1,-1
-1,164505,237295,-1,-1,237662,-1,-1,237662,-1,-1,214092,259934,-1,-1,-1,235885,192955,-1,-1,243222,-1,230977,234178,-1,239755,248555,216730,237662,-1,-1,240921,-1,-1,232785,274272,-1,239755,274273,256044,-1,-1,-1,112885,76454,70112,228768,-1,203398,164505,-1,239755,74622,-1,212790,279705,-1,-1,-1,214092,-1,239755,-1,278490,239755,-1,-1
-1,254962,176580,-1,-1,158023,-1,278495,246263,-1,-1,237223,269732,-1,-1,-1,272687,269622,-1,-1,189511,-1,158023,275253,-1,158023,71005,274569,158023,-1,-1,259298,-1,-1,262339,267872,-1,158023,267801,189332,-1,-1,-1,112893,260056,71003,230991,-1,241569,158023,-1,158023,278217,-1,266624,167435,276169,-1,-1,158023,-1,158023,-1,260732,239944,-1,-1
-1,237046,220739,-1,-1,274559,-1,-1,230118,-1,-1,274559,-1,-1,-1,-1,251700,266310,-1,-1,271741,-1,204738,241498,-1,274559,198628,241064,274559,-1,-1,251695,-1,-1,-1,266699,-1,274559,71055,279487,-1,-1,-1,112908,-1,-1,159992,-1,253341,253341,-1,274559,-1,-1,-1,256161,-1,-1,-1,242492,-1,274559,-1,-1,242492,-1,-1
-1,75609,272703,-1,-1,253777,-1,-1,261540,-1,-1,252098,-1,-1,-1,-1,75607,253777,-1,-1,260332,-1,75617,75606,-1,253777,71748,260087,253777,-1,-1,275081,-1,-1,-1,75608,-1,253777,-1,275069,-1,-1,-1,112914,-1,-1,71749,-1,272704,253777,-1,253777,-1,-1,-1,279730,-1,-1,-1,253777,-1,253777,-1,-1,269618,-1,-1
-1,215123,241025,-1,-1,231247,-1,271855,239197,-1,233369,253249,259876,-1,-1,-1,251213,267902,-1,-1,235987,-1,277517,193141,-1,231247,70685,226616,235987,69969,-1,263434,-1,-1,72005,274382,-1,277517,273866,231247,-1,-1,-1,112965,219712,251979,267625,-1,72745,253249,-1,231247,279174,-1,263418,76844,273976,-1,-1,242250,-1,231247,259269,74951,242250,-1,266308
-1,226183,73696,-1,-1,276523,-1,-1,233405,-1,-1,207740,273645,-1,-1,-1,226186,276523,-1,-1,216741,-1,245348,241621,-1,276523,224687,232558,207740,-1,-1,275189,-1,-1,-1,71577,-1,207740,257694,241331,-1,-1,-1,112979,-1,-1,73695,-1,273646,233405,-1,207740,-1,-1,224691,261707,-1,-1,-1,207740,-1,276523,-1,269124,239545,-1,-1
-1,183031,224108,-1,-1,248222,-1,-1,275174,-1,-1,261945,-1,-1,-1,-1,73690,248222,-1,-1,241338,-1,277702,73691,-1,275174,73689,191857,248222,-1,-1,261720,-1,-1,-1,257934,-1,224108,76787,206073,-1,-1,-1,112985,-1,-1,73688,-1,261709,183031,-1,224108,-1,-1,-1,275110,-1,-1,-1,224108,-1,224108,-1,-1,203276,-1,-1
-1,167948,178509,-1,-1,225951,-1,-1,228321,-1,-1,74939,247428,-1,-1,-1,229217,240319,-1,-1,208592,-1,258819,212607,-1,225951,272317,215703,225951,-1,-1,237245,-1,-1,75237,256024,-1,225951,275974,221488,-1,-1,-1,112996,75236,-1,237256,-1,222123,225951,-1,225951,-1,-1,246860,248216,-1,-1,-1,225951,-1,225951,-1,278502,225951,-1,-1
-1,263009,258980,-1,-1,257008,-1,-1,227246,-1,-1,263011,235659,-1,-1,-1,256489,242830,-1,-1,243404,-1,257001,227255,-1,227254,265249,238257,257008,-1,-1,265273,-1,-1,-1,246426,-1,257001,263007,265247,-1,-1,-1,113002,265293,-1,245802,-1,227254,227254,-1,257001,-1,-1,227257,247504,-1,-1,-1,243404,-1,257001,-1,263013,257008,-1,-1
-1,264895,246272,-1,-1,265674,-1,-1,265849,-1,-1,265674,269959,-1,-1,-1,264864,227353,-1,-1,237197,-1,227361,227344,-1,227353,261733,227316,265674,-1,-1,264969,-1,-1,-1,253469,-1,265674,227350,232202,-1,-1,-1,113003,258706,-1,245697,-1,227346,227316,-1,227353,-1,-1,227331,246178,-1,-1,-1,246272,-1,227353,-1,277866,233662,-1,-1
-1,265054,239345,-1,-1,247788,-1,-1,247788,-1,-1,265025,258310,-1,-1,-1,227327,265035,-1,-1,262093,-1,248822,264925,-1,226375,261773,226375,248822,-1,-1,238470,-1,-1,-1,233838,-1,247788,265055,265004,-1,-1,-1,113004,247791,-1,261740,-1,265063,247788,-1,248822,-1,-1,265059,265053,-1,-1,-1,244302,-1,247788,-1,257530,244302,-1,-1
-1,227368,227310,-1,-1,227102,-1,-1,270329,-1,-1,265280,258940,-1,-1,-1,264896,242896,-1,-1,239761,-1,227102,268475,-1,227102,266975,265421,227323,-1,-1,233330,-1,-1,-1,273275,-1,227102,266254,239756,-1,-1,-1,113007,73027,-1,227101,-1,227282,227282,-1,227102,-1,-1,245821,244890,-1,-1,-1,227323,-1,227102,-1,233322,227323,-1,-1
-1,243379,233364,-1,-1,226973,-1,-1,272114,-1,-1,226987,264058,-1,-1,-1,247477,263966,-1,-1,263964,-1,226973,226991,-1,226998,226988,247461,226998,-1,-1,266939,-1,-1,-1,258915,-1,226973,247462,235585,-1,-1,-1,113008,275940,-1,241491,-1,226998,226998,-1,226973,-1,-1,227003,246152,-1,-1,-1,226973,-1,226973,-1,246153,227013,-1,-1
-1,243775,264012,-1,-1,232075,-1,-1,248343,-1,-1,232075,236640,-1,-1,-1,244045,231432,-1,-1,267217,-1,266928,236642,-1,231432,271040,267382,232075,-1,-1,273468,-1,-1,-1,273469,-1,232075,273946,226336,-1,-1,-1,113009,272994,-1,266091,-1,232074,231432,-1,232075,-1,-1,273466,238212,-1,-1,-1,264012,-1,232075,-1,71560,232073,-1,-1
-1,278967,261091,-1,-1,228724,-1,-1,72156,-1,-1,272524,267589,-1,-1,-1,256840,227455,-1,-1,241224,-1,228724,241225,-1,228724,246059,227453,228724,-1,-1,262826,-1,-1,-1,272522,-1,228724,227452,273470,-1,-1,-1,113010,75681,-1,267237,-1,278968,241224,-1,228724,-1,-1,227466,77203,-1,-1,-1,228724,-1,228724,-1,254564,242806,-1,-1
-1,258680,240717,-1,-1,233756,-1,-1,253417,-1,-1,233751,271007,-1,-1,-1,244064,265536,-1,-1,233852,-1,240714,276285,-1,233756,273205,233747,240714,-1,-1,233757,-1,-1,-1,264875,-1,240714,244059,267530,-1,-1,-1,113011,268602,-1,240720,-1,233756,233747,-1,233756,-1,-1,233746,244058,-1,-1,-1,233756,-1,233756,-1,75721,267531,-1,-1
-1,268942,269404,-1,-1,227203,-1,-1,253436,-1,-1,227203,228630,-1,-1,-1,262458,241667,-1,-1,237289,-1,259372,271446,-1,227203,258576,227190,227203,-1,-1,233150,-1,-1,-1,253435,-1,227203,262545,262457,-1,-1,-1,113012,271944,-1,262531,-1,266949,227203,-1,227203,-1,-1,246774,272212,-1,-1,-1,227203,-1,227203,-1,242796,237288,-1,-1
-1,189117,233125,-1,-1,254905,-1,-1,240150,-1,-1,242092,273122,-1,-1,-1,273124,238072,-1,-1,237407,-1,254905,223641,-1,238072,247245,255110,238072,-1,-1,232083,-1,-1,272813,272324,-1,233125,260734,231874,-1,-1,-1,113018,274492,274942,226050,-1,210802,189117,-1,238072,72900,-1,271143,211387,-1,-1,-1,238072,-1,238072,-1,271293,242998,-1,-1
-1,279315,279311,-1,-1,279311,-1,-1,279345,-1,-1,279337,-1,-1,-1,-1,160122,279331,-1,-1,279330,-1,234008,230279,-1,279311,279332,279347,279311,-1,-1,279349,-1,-1,-1,160198,-1,279311,-1,279351,-1,-1,-1,113029,-1,-1,160193,-1,279348,279330,-1,279311,-1,-1,-1,160181,-1,-1,-1,279323,-1,279311,-1,-1,279323,-1,-1
-1,205211,236373,-1,-1,212729,-1,212225,230969,-1,-1,222457,208949,-1,-1,-1,269697,234124,-1,-1,275549,-1,212729,269429,-1,212729,209281,73425,212729,-1,-1,245481,-1,-1,277676,271938,-1,212729,263403,224189,-1,-1,-1,113037,259266,277511,276930,-1,208965,275549,-1,212729,268528,-1,278227,276776,71150,-1,-1,236373,-1,212729,264633,261881,74514,-1,-1
-1,260106,240035,-1,-1,74328,-1,254475,277491,-1,-1,272312,70792,-1,-1,-1,277489,73091,-1,-1,220446,-1,271664,278197,-1,74328,277494,277570,277490,-1,-1,277492,-1,-1,70514,278670,-1,277490,278196,277490,-1,-1,-1,113040,259732,248334,205158,-1,230306,230306,-1,74328,75129,-1,277493,278149,76741,-1,-1,74328,-1,74328,-1,248276,74328,-1,-1
-1,225858,271933,-1,-1,272946,-1,200197,76720,-1,-1,272946,76811,-1,-1,-1,269690,266867,-1,-1,215993,-1,279777,272313,-1,266867,279831,213433,266867,-1,-1,235684,-1,-1,278445,279821,-1,272946,272945,258528,-1,-1,-1,113044,273770,76072,255319,-1,241120,258528,-1,266867,267481,-1,71260,238298,261438,-1,-1,266867,-1,266867,72973,224817,237994,-1,-1
-1,263976,203895,-1,-1,244391,-1,77108,239126,-1,-1,244391,225195,-1,-1,-1,221369,230850,-1,-1,271294,-1,245377,278132,-1,203895,259349,238902,203895,-1,-1,243153,-1,-1,277201,278131,-1,203895,279660,256130,-1,-1,-1,113057,74690,74689,255836,-1,189881,238902,-1,244391,234045,-1,75116,277471,231821,-1,-1,244391,-1,244391,-1,74947,246828,-1,-1
-1,245783,194171,-1,-1,247093,-1,-1,209223,-1,-1,231138,234988,-1,-1,-1,277475,247093,-1,-1,222709,-1,230764,276780,-1,247093,275564,235514,247093,-1,-1,74945,-1,-1,74765,275557,-1,247093,251906,245493,-1,-1,-1,113060,267424,74437,275559,-1,221626,235514,-1,247093,74944,-1,266833,245435,217517,-1,-1,230764,-1,247093,-1,74103,242893,-1,-1
-1,194372,234870,-1,-1,238941,-1,-1,220620,-1,-1,276547,71122,-1,-1,-1,203535,235570,-1,-1,240881,-1,264286,231266,-1,238941,239747,258642,238941,-1,-1,240908,-1,-1,-1,278056,-1,238941,264287,238941,-1,-1,-1,113142,73592,-1,231786,-1,221989,234870,-1,238941,-1,-1,277671,264285,-1,-1,-1,212260,-1,238941,-1,75521,212260,-1,-1
-1,245164,219948,-1,-1,202208,-1,-1,190962,-1,-1,253479,247626,-1,-1,-1,253476,223746,-1,-1,245170,-1,202208,259346,-1,245170,247630,263725,245170,-1,-1,266721,-1,-1,71061,253704,-1,245170,70970,248300,-1,-1,-1,113146,236774,-1,253712,-1,245165,245165,-1,202208,-1,-1,73907,259646,-1,-1,-1,202208,-1,202208,-1,277479,212232,-1,-1
-1,266382,237254,-1,-1,221634,-1,-1,215565,-1,-1,242716,274269,-1,-1,-1,275602,244788,-1,-1,258881,-1,221634,221680,-1,221634,255177,237255,221634,-1,-1,216346,-1,-1,-1,261232,-1,221634,268610,212722,-1,-1,-1,113149,-1,-1,226495,-1,239438,221634,-1,221634,-1,-1,274542,213719,-1,-1,-1,221634,-1,221634,-1,237399,217242,-1,-1
-1,-1,-1,-1,-1,-1,-1,-1,-1,-1,-1,-1,-1,-1,-1,-1,-1,-1,-1,-1,-1,-1,-1,-1,-1,-1,-1,-1,-1,-1,-1,-1,-1,-1,-1,-1,-1,-1,-1,-1,-1,-1,-1,113154,-1,-1,-1,-1,-1,-1,-1,-1,-1,-1,-1,-1,-1,-1,-1,-1,-1,-1,-1,-1,-1,-1,-1
-1,-1,-1,-1,-1,-1,-1,-1,-1,-1,-1,-1,-1,-1,-1,-1,-1,-1,-1,-1,-1,-1,-1,-1,-1,-1,-1,-1,-1,-1,-1,-1,-1,-1,-1,-1,-1,-1,-1,-1,-1,-1,-1,113155,-1,-1,-1,-1,-1,-1,-1,-1,-1,-1,-1,-1,-1,-1,-1,-1,-1,-1,-1,-1,-1,-1,-1
-1,238033,224218,-1,-1,212207,-1,75761,259128,-1,-1,242558,276763,-1,-1,-1,260625,212207,-1,-1,235493,-1,219732,277488,-1,212207,222134,254895,212207,-1,-1,228627,-1,-1,230749,254800,-1,212207,277474,272906,-1,-1,-1,113217,269932,220306,272957,-1,261737,254895,-1,212207,242137,-1,245494,248255,200223,-1,-1,219732,-1,212207,-1,253207,225293,-1,-1
-1,223760,223618,-1,-1,248297,-1,-1,253726,-1,-1,248315,75155,-1,-1,-1,253478,248331,-1,-1,248297,-1,256994,253505,-1,248297,248180,248295,248297,-1,-1,256990,-1,-1,-1,248294,-1,248297,76061,245169,-1,-1,-1,113257,189791,-1,276143,-1,200727,223760,-1,248297,-1,-1,248308,253701,-1,-1,-1,248297,-1,248297,-1,252246,195620,-1,-1
-1,248292,204528,-1,-1,242809,-1,-1,248274,-1,-1,251118,248247,-1,-1,-1,277360,253502,-1,-1,74386,-1,265454,269671,-1,242809,266718,208752,242809,-1,-1,253031,-1,-1,228188,248197,-1,242809,248319,228194,-1,-1,-1,113297,277359,277545,200471,-1,264362,208752,-1,264362,-1,-1,263224,258556,-1,-1,-1,242809,-1,242809,-1,264662,242809,-1,-1
-1,217231,235754,-1,-1,235754,-1,75561,233524,-1,-1,259648,73733,-1,-1,-1,271011,253697,-1,-1,204787,-1,230132,248296,-1,230132,248307,223763,233524,-1,-1,248304,-1,-1,75128,277580,-1,230132,264599,270735,-1,-1,-1,113298,265460,259218,189573,-1,251644,251644,-1,230132,75262,-1,231933,260146,75832,-1,-1,216479,-1,235754,-1,271900,216479,-1,-1
-1,265457,264384,-1,-1,203902,-1,-1,258410,-1,-1,263683,278247,-1,-1,-1,258039,203902,-1,-1,273877,-1,270741,253035,-1,203902,278234,277758,203902,-1,-1,273880,-1,-1,278937,73056,-1,203902,71926,264499,-1,-1,-1,113299,73039,73061,236546,-1,262048,203902,-1,203902,248301,-1,278041,73055,-1,-1,-1,203902,-1,203902,-1,73062,244110,-1,-1
-1,259729,210947,-1,-1,208602,-1,73734,254092,-1,-1,248298,203746,-1,-1,-1,248178,208602,-1,-1,248252,-1,231932,248251,-1,208602,204035,259730,208602,-1,-1,276630,-1,-1,77031,70746,-1,208602,248305,276629,-1,-1,-1,113300,228195,259340,273756,-1,248311,231932,-1,208602,273773,-1,262047,248325,273754,-1,-1,231932,-1,208602,72766,236452,259727,-1,228303
-1,253672,232251,-1,-1,277567,-1,-1,257685,-1,-1,263058,74868,-1,-1,-1,70654,234374,-1,-1,211476,-1,277567,278697,-1,277567,70658,75253,277567,-1,-1,270838,-1,-1,248280,70660,-1,277567,259137,256304,-1,-1,-1,113301,259561,75136,70661,-1,270742,270742,-1,277567,70659,-1,208481,259313,254683,-1,-1,75222,-1,277567,-1,270743,75222,-1,-1
-1,225213,219728,-1,-1,203173,-1,-1,248310,-1,-1,253064,275683,-1,-1,-1,264788,257575,-1,-1,203173,-1,190939,228199,-1,203173,204882,213327,203173,-1,-1,278257,-1,-1,279563,234508,-1,203173,259311,260147,-1,-1,-1,113302,279659,247670,214784,-1,248265,190939,-1,203173,77061,-1,259764,279584,77172,-1,-1,190939,-1,203173,-1,278671,75053,-1,-1
-1,236963,72404,-1,-1,248041,-1,72282,251636,-1,-1,76765,262261,-1,-1,-1,253077,269424,-1,-1,275739,-1,248041,275701,-1,248041,72391,76476,248041,-1,-1,72885,-1,-1,276212,275883,-1,208739,223151,255247,-1,-1,-1,113378,275702,76200,244154,-1,229065,236963,-1,208739,70242,-1,251779,72751,268799,-1,-1,208739,-1,208739,271175,255942,208739,-1,-1
-1,259918,260193,-1,-1,263364,-1,-1,253369,-1,-1,263364,71726,-1,-1,-1,255154,264517,-1,-1,259644,-1,253980,260555,-1,263364,276375,260190,264517,-1,-1,74396,-1,-1,-1,77309,-1,263364,266266,231500,-1,-1,-1,113458,-1,-1,275741,-1,254282,264517,-1,263364,-1,-1,71724,71223,-1,-1,-1,263364,-1,263364,-1,263186,274133,-1,-1
-1,239797,272529,-1,-1,275490,-1,-1,71867,-1,-1,70948,234050,-1,-1,-1,269759,275490,-1,-1,268920,-1,71857,74923,-1,275490,269757,71858,268920,-1,-1,74631,-1,-1,-1,77084,-1,268920,72122,247962,-1,-1,-1,113459,269756,-1,71931,-1,198642,198642,-1,275490,-1,-1,261085,269754,-1,-1,-1,268920,-1,275490,-1,72670,257617,-1,-1
-1,72534,216582,-1,-1,244522,-1,-1,264856,-1,-1,222365,72538,-1,-1,-1,231493,181731,-1,-1,244522,-1,239393,72541,-1,244522,265579,203026,244522,-1,-1,263949,-1,-1,-1,262639,-1,244522,72535,241552,-1,-1,-1,113616,76964,-1,72542,-1,256967,181731,-1,244522,-1,-1,72536,72937,-1,-1,-1,239393,-1,244522,-1,74361,273652,-1,-1
-1,251703,274484,-1,-1,251720,-1,-1,159932,-1,-1,251699,-1,-1,-1,-1,160096,251720,-1,-1,230418,-1,251707,160186,-1,251720,251711,159951,251699,-1,-1,160059,-1,-1,-1,251694,-1,251699,-1,233990,-1,-1,-1,113746,-1,-1,160002,-1,160055,251699,-1,251720,-1,-1,-1,251709,-1,-1,-1,159932,-1,251720,-1,-1,160207,-1,-1
-1,234877,212934,-1,-1,206436,-1,-1,72877,-1,-1,72866,258239,-1,-1,-1,234984,72876,-1,-1,224259,-1,206436,257265,-1,72868,236420,72873,206436,-1,-1,215720,-1,-1,276093,72871,-1,206436,277456,72868,-1,-1,-1,113888,72875,276614,72870,-1,72874,72877,-1,206436,-1,-1,74952,278145,-1,-1,-1,72868,-1,206436,-1,72869,72872,-1,-1
-1,279028,207828,-1,-1,192319,-1,277321,246173,-1,-1,193173,251516,-1,-1,-1,252435,266871,-1,-1,263975,-1,251420,198235,-1,192319,197774,216453,192319,-1,-1,238319,-1,-1,200744,244985,-1,192319,263387,192319,-1,-1,-1,113926,264580,248815,236248,-1,240446,240446,-1,192319,278067,-1,74635,182365,279236,-1,-1,207828,-1,192319,72294,268102,212513,-1,-1
-1,219584,220915,-1,-1,237772,-1,-1,229456,-1,-1,202489,278148,-1,-1,-1,260456,237772,-1,-1,270131,-1,264372,278076,-1,237772,252927,256308,237772,-1,-1,238286,-1,-1,264402,74520,-1,237772,278077,226260,-1,-1,-1,113973,175789,-1,74521,-1,208146,202489,-1,237772,-1,-1,271482,226259,-1,-1,-1,220915,-1,237772,-1,271013,252942,-1,-1
-1,191628,277327,-1,-1,252290,-1,-1,232439,-1,-1,252290,279891,-1,-1,-1,271922,230936,-1,-1,234760,-1,231428,235942,-1,252290,251762,240282,252290,-1,-1,278301,-1,-1,273917,243185,-1,252290,220785,271475,-1,-1,-1,113974,246282,276743,256214,-1,239998,239998,-1,252290,193077,-1,211302,225610,-1,-1,-1,252290,-1,252290,-1,227966,236767,-1,-1
-1,245871,265277,-1,-1,245882,-1,-1,245889,-1,-1,268488,266451,-1,-1,-1,245880,245879,-1,-1,245882,-1,265305,245884,-1,245882,273387,245877,245882,-1,-1,245886,-1,-1,-1,273389,-1,245882,276380,246967,-1,-1,-1,113984,277911,-1,265274,-1,245875,245875,-1,245882,-1,-1,72904,245892,-1,-1,-1,265277,-1,245882,-1,268486,243403,-1,-1
-1,248785,248789,-1,-1,246364,-1,-1,248786,-1,-1,75545,276569,-1,-1,-1,75546,269675,-1,-1,269679,-1,269677,269678,-1,246364,71047,246366,269679,-1,-1,269680,-1,-1,-1,72533,-1,246364,72812,72810,-1,-1,-1,113996,75715,-1,72865,-1,246364,246364,-1,246364,-1,-1,269681,276599,-1,-1,-1,246364,-1,246364,-1,75714,246358,-1,-1
-1,277967,262803,-1,-1,251089,-1,-1,266736,-1,-1,188062,73315,-1,-1,-1,273622,199647,-1,-1,276734,-1,251089,263857,-1,188062,257044,209413,251089,-1,-1,255906,-1,-1,267965,229005,-1,251089,257672,277885,-1,-1,-1,114004,257953,242526,239728,-1,252857,188062,-1,188062,-1,-1,211626,211621,-1,-1,-1,199647,-1,188062,-1,262825,255105,-1,-1
-1,279949,279955,-1,-1,-1,-1,-1,27251,-1,-1,27265,-1,-1,-1,-1,279950,27264,-1,-1,279951,-1,27266,279958,-1,279955,27263,27252,279955,-1,-1,279954,-1,-1,-1,279957,-1,279955,-1,27254,-1,-1,-1,114019,-1,-1,279956,-1,27253,279955,-1,-1,-1,-1,-1,279953,-1,-1,-1,279952,-1,279955,-1,-1,279952,-1,-1
-1,242086,263844,-1,-1,211785,-1,-1,243785,-1,-1,242154,71214,-1,-1,-1,240650,263899,-1,-1,253663,-1,72008,236589,-1,242154,278882,232596,211785,-1,-1,278156,-1,-1,76682,277548,-1,242154,259476,211785,-1,-1,-1,114023,70805,70519,270120,-1,73098,232596,-1,211785,73097,-1,71161,278951,211793,-1,-1,190644,-1,211785,-1,70955,190644,-1,-1
-1,-1,-1,-1,-1,-1,-1,-1,-1,-1,-1,-1,-1,-1,-1,-1,-1,-1,-1,-1,-1,-1,-1,-1,-1,-1,-1,-1,-1,-1,-1,-1,-1,-1,-1,-1,-1,-1,-1,-1,-1,-1,-1,114046,-1,-1,-1,-1,-1,-1,-1,-1,-1,-1,-1,-1,-1,-1,-1,-1,-1,-1,-1,-1,-1,-1,-1
-1,247976,251052,-1,-1,247978,-1,-1,257809,-1,-1,235269,276823,-1,-1,-1,254289,231919,-1,-1,247974,-1,247955,70960,-1,235269,276659,155463,235269,-1,-1,232295,-1,-1,-1,234910,-1,235269,261646,73054,-1,-1,-1,114147,73395,-1,248101,-1,247978,247978,-1,235269,-1,-1,227561,247893,-1,-1,-1,247955,-1,235269,-1,251777,215601,-1,-1
-1,213206,261245,-1,-1,269151,-1,-1,242624,-1,-1,227594,274107,-1,-1,-1,212170,199562,-1,-1,227855,-1,269151,278884,-1,269151,70676,242533,269151,-1,-1,234291,-1,-1,-1,261359,-1,204709,258608,279942,-1,-1,-1,114161,72009,-1,261204,-1,231948,213206,-1,269151,-1,-1,236885,237250,-1,-1,-1,204709,-1,269151,-1,279937,204709,-1,-1
-1,202215,210021,-1,-1,210021,-1,-1,198705,-1,-1,231886,256039,-1,-1,-1,252858,205726,-1,-1,239782,-1,251352,261875,-1,210021,211672,212591,210021,-1,-1,226737,-1,-1,70935,231987,-1,210021,261874,221713,-1,-1,-1,114162,272887,70079,197716,-1,259292,212591,-1,210021,-1,-1,71077,261305,-1,-1,-1,210021,-1,210021,-1,264366,234249,-1,-1
-1,248284,247627,-1,-1,277230,-1,-1,248313,-1,-1,261425,256997,-1,-1,-1,278674,202589,-1,-1,277230,-1,257302,273760,-1,202589,253509,243568,277230,-1,-1,248302,-1,-1,270653,248290,-1,277230,231461,245653,-1,-1,-1,114168,248318,72971,253499,-1,242672,202589,-1,277230,74870,-1,271240,259488,72157,-1,-1,202589,-1,277230,-1,73889,250884,-1,-1
-1,258311,263208,-1,-1,222467,-1,-1,245540,-1,-1,235398,240037,-1,-1,-1,245026,227278,-1,-1,268395,-1,222467,268098,-1,222467,254899,239179,222467,-1,-1,257339,-1,-1,279780,258146,-1,222467,248568,254822,-1,-1,-1,114326,259456,75097,73050,-1,251760,239179,-1,222467,76970,-1,262314,185405,-1,-1,-1,222467,-1,222467,-1,261040,240847,-1,-1
-1,248586,248674,-1,-1,199572,-1,278333,243210,-1,-1,248587,236307,-1,-1,-1,256692,205983,-1,-1,190084,-1,199572,233820,-1,248587,246827,278087,199572,-1,-1,191058,-1,-1,266075,235546,-1,199572,275234,72721,-1,-1,-1,114385,77233,74641,73406,-1,271620,199572,-1,199572,277734,-1,251977,253688,271164,-1,-1,199572,-1,199572,-1,233645,244147,-1,-1
-1,275776,73118,-1,-1,226025,-1,-1,205813,-1,-1,242915,235271,-1,-1,-1,243922,226025,-1,-1,275950,-1,203575,231941,-1,226025,210870,276727,226025,-1,-1,279740,-1,-1,275958,234928,-1,226025,76839,239762,-1,-1,-1,114393,72897,270650,276067,-1,275952,226025,-1,226025,-1,-1,248124,72991,-1,-1,-1,276727,-1,226025,-1,275807,260941,-1,-1
-1,270054,211561,-1,-1,262985,-1,77337,73163,-1,-1,269420,253060,-1,-1,-1,277440,268275,-1,-1,270587,-1,231753,73719,-1,269420,260340,171791,269420,-1,-1,221750,-1,-1,258925,262102,-1,262985,264825,251025,-1,-1,-1,114510,73035,70284,74457,-1,240728,171791,-1,262985,278662,-1,77186,157970,70450,-1,-1,211561,-1,262985,-1,274004,262985,-1,-1
-1,279359,279335,-1,-1,279318,-1,-1,279318,-1,-1,279321,-1,-1,-1,-1,160112,279353,-1,-1,279325,-1,279350,234006,-1,279318,160004,279313,279318,-1,-1,159933,-1,-1,-1,159926,-1,279316,-1,279316,-1,-1,-1,114511,-1,-1,279322,-1,279343,279359,-1,279318,-1,-1,-1,233973,-1,-1,-1,279335,-1,279318,-1,-1,279339,-1,-1
-1,248091,243650,-1,-1,225359,-1,262819,224191,-1,-1,265702,235872,-1,-1,-1,258416,262443,-1,-1,277019,-1,225359,277569,-1,225359,257765,257723,225359,-1,-1,251042,-1,-1,247946,72641,-1,225359,251073,235472,-1,-1,-1,114549,211315,70307,210112,-1,197904,248091,-1,225359,76632,-1,205681,248025,72796,-1,-1,225359,-1,225359,269413,248106,256100,-1,-1
-1,217095,75468,-1,-1,75468,-1,-1,261474,-1,-1,274261,-1,-1,-1,-1,71953,255671,-1,-1,69960,-1,264533,274364,-1,75468,274255,71954,261474,-1,-1,160077,-1,-1,-1,71545,-1,261474,71535,268456,-1,-1,-1,114577,-1,-1,160000,-1,265757,217095,-1,75468,-1,-1,-1,274260,-1,-1,-1,274257,-1,75468,-1,-1,274257,-1,-1
-1,160012,251716,-1,-1,251691,-1,-1,233991,-1,-1,251702,-1,-1,-1,-1,160089,160084,-1,-1,274481,-1,251691,159963,-1,251691,251714,160044,251691,-1,-1,159939,-1,-1,-1,159949,-1,251691,-1,251705,-1,-1,-1,114580,-1,-1,230494,-1,159934,160044,-1,251691,-1,-1,-1,160019,-1,-1,-1,251691,-1,251691,-1,-1,236194,-1,-1
-1,193359,254449,-1,-1,167663,-1,-1,254210,-1,-1,167663,-1,-1,-1,-1,159994,189153,-1,-1,266669,-1,71790,71795,-1,167663,267982,71791,189153,-1,-1,71794,-1,-1,-1,160171,-1,189153,71789,255097,-1,-1,-1,114581,-1,-1,251710,-1,268007,167663,-1,189153,-1,-1,-1,255812,-1,-1,-1,231867,-1,167663,-1,-1,231867,-1,-1
-1,193302,259475,-1,-1,223224,-1,-1,279543,-1,-1,228171,74787,-1,-1,-1,213488,199159,-1,-1,73658,-1,223224,225053,-1,199159,220029,231634,223224,-1,-1,264072,-1,-1,73659,259725,-1,223224,271341,235054,-1,-1,-1,114604,192250,205256,237375,-1,73940,203280,-1,223224,76987,-1,242057,276845,-1,-1,-1,203280,-1,223224,-1,253752,203280,-1,-1
-1,240704,268286,-1,-1,221815,-1,-1,271526,-1,-1,221815,-1,-1,-1,-1,222175,221888,-1,-1,272806,-1,272759,276571,-1,70550,224674,231956,221815,-1,-1,269527,-1,-1,-1,261708,-1,272759,-1,224556,-1,-1,-1,114628,-1,-1,224669,-1,70550,231956,-1,272759,-1,-1,-1,269526,-1,-1,-1,251585,-1,221815,-1,-1,251585,-1,-1
-1,266282,237920,-1,-1,189280,-1,271151,202814,-1,-1,263377,267874,-1,-1,-1,241985,246299,-1,-1,189280,-1,269913,266098,-1,189280,72167,262597,189280,-1,-1,71218,-1,-1,71267,220886,-1,189280,242503,198261,-1,-1,-1,114640,275008,259550,198717,-1,274534,189280,-1,189280,272817,-1,266373,202469,75295,-1,-1,274685,-1,189280,-1,274684,274685,-1,-1
330,238428,167198,-1,27,1397,-1,54050,5003,191972,5419,1397,5467,6975,-1,-1,238382,238435,-1,246,214100,-1,28130,1605,-1,1397,247703,1183,1397,243027,-1,1116,-1,-1,1201,243029,-1,1397,34079,238430,238424,-1,-1,114815,7512,239261,51,-1,166906,237067,-1,1397,13128,250,247699,51539,45674,-1,5589,237067,247515,1397,183277,240,237067,-1,1668
-1,248150,276752,-1,-1,233525,-1,-1,275682,-1,-1,248098,74001,-1,-1,-1,256305,259175,-1,-1,253128,-1,233525,278941,-1,233525,253708,74144,248098,-1,-1,276984,-1,-1,265565,73999,-1,248098,266720,277478,-1,-1,-1,115202,277850,76300,273878,-1,278192,276752,-1,248098,73060,-1,275687,259562,-1,-1,-1,278192,-1,248098,-1,74000,219524,-1,-1
77005,243759,243977,-1,238184,243977,-1,240707,258844,-1,258048,215065,246108,-1,-1,-1,242485,70053,-1,-1,74240,-1,270822,70214,-1,70053,235542,226411,70053,70165,-1,77006,-1,-1,219175,275882,-1,70053,241877,266808,-1,-1,-1,115472,77007,70692,266838,-1,236018,215065,-1,243977,77010,245374,190742,258200,261537,-1,278416,243977,77009,243977,75039,226227,233775,-1,77008
-1,-1,-1,-1,-1,-1,-1,-1,-1,-1,-1,-1,-1,-1,-1,-1,-1,-1,-1,-1,-1,-1,-1,-1,-1,-1,-1,-1,-1,-1,-1,-1,-1,-1,-1,-1,-1,-1,-1,-1,-1,-1,-1,115486,-1,-1,-1,-1,-1,-1,-1,-1,-1,-1,-1,-1,-1,-1,-1,-1,-1,-1,-1,-1,-1,-1,-1
-1,236542,75018,-1,-1,264707,-1,-1,71246,-1,-1,267457,-1,-1,-1,-1,216765,254343,-1,-1,71247,-1,264707,71785,-1,264707,160109,217806,264707,-1,-1,71249,-1,-1,-1,253597,-1,264707,-1,248862,-1,-1,-1,115491,-1,-1,160220,-1,259617,217806,-1,264707,-1,-1,-1,71787,-1,-1,-1,264707,-1,264707,-1,-1,232818,-1,-1
-1,230180,230376,-1,-1,230411,-1,-1,230354,-1,-1,230411,-1,-1,-1,-1,236192,230369,-1,-1,230226,-1,230462,230396,-1,230376,236191,230322,230376,-1,-1,230261,-1,-1,-1,230365,-1,230376,230455,230211,-1,-1,-1,115530,-1,-1,230444,-1,230325,230354,-1,230411,-1,-1,236193,233997,-1,-1,-1,230445,-1,230411,-1,-1,230445,-1,-1
-1,274154,160116,-1,-1,160116,-1,-1,233985,-1,-1,273740,-1,-1,-1,-1,274166,279382,-1,-1,279387,-1,279418,160079,-1,160116,230264,273734,160116,-1,-1,159945,-1,-1,-1,274157,-1,160116,-1,274158,-1,-1,-1,115536,-1,-1,160144,-1,160056,279382,-1,160116,-1,-1,-1,273733,-1,-1,-1,279413,-1,160116,-1,-1,279413,-1,-1
-1,261848,261852,-1,-1,261829,-1,-1,261831,-1,-1,261837,268471,-1,-1,-1,261845,261838,-1,-1,261843,-1,261855,261830,-1,261829,261835,261829,261843,-1,-1,268470,-1,-1,-1,261833,-1,261843,261842,261858,-1,-1,-1,115682,261841,-1,261844,-1,261853,261829,-1,261829,-1,-1,263479,261834,-1,-1,-1,261855,-1,261829,-1,268472,261849,-1,-1
-1,224987,246242,-1,-1,251530,-1,245639,235374,-1,-1,248729,270217,-1,-1,-1,258890,255001,-1,-1,236496,-1,220502,224031,-1,251530,219985,268804,248729,-1,-1,219581,-1,-1,243237,206098,-1,220502,189505,251530,-1,-1,-1,115841,210864,245275,264257,-1,210413,220502,-1,251530,275163,-1,264880,278032,266236,-1,-1,237712,-1,251530,73162,266123,237712,-1,-1
-1,252154,241850,-1,-1,266866,-1,226710,260697,-1,-1,259584,194894,-1,-1,-1,255611,266866,-1,-1,208461,-1,251470,257785,-1,251470,256115,208165,230899,-1,-1,216150,-1,-1,271577,187598,-1,230899,223671,247229,-1,-1,-1,115845,265188,74576,223273,-1,207993,208461,-1,208461,279574,-1,193082,178005,278339,-1,-1,241850,-1,208461,74924,246875,230899,-1,-1
-1,-1,-1,-1,-1,-1,-1,-1,-1,-1,-1,-1,-1,-1,-1,-1,-1,-1,-1,-1,-1,-1,-1,-1,-1,-1,-1,-1,-1,-1,-1,-1,-1,-1,-1,-1,-1,-1,-1,-1,-1,-1,-1,115891,-1,-1,-1,-1,-1,-1,-1,-1,-1,-1,-1,-1,-1,-1,-1,-1,-1,-1,-1,-1,-1,-1,-1
-1,271860,259287,-1,-1,239344,-1,248717,247788,-1,-1,239345,265008,-1,-1,-1,277039,266933,-1,-1,264903,-1,248822,226991,-1,239344,70145,264886,239344,-1,-1,239756,-1,-1,265897,265119,-1,248822,247791,239344,-1,-1,-1,115995,270525,243404,247477,-1,226998,264886,-1,248822,264994,-1,264890,264899,267677,-1,-1,247788,-1,239344,-1,265102,244302,-1,-1
-1,264915,73014,-1,-1,264922,-1,-1,277264,-1,-1,265042,271830,-1,-1,-1,276507,264929,-1,-1,264891,-1,264922,267885,-1,73014,76433,265052,264922,-1,-1,268478,-1,-1,276937,279695,-1,73014,276506,265409,-1,-1,-1,115996,74806,233322,73653,-1,264924,264915,-1,73014,277265,-1,277263,265118,-1,-1,-1,73014,-1,264922,-1,264926,73028,-1,-1
-1,265054,264947,-1,-1,265121,-1,-1,264975,-1,-1,265035,73714,-1,-1,-1,70811,264954,-1,-1,264936,-1,261773,273405,-1,265121,277040,238470,265121,-1,-1,266399,-1,-1,271405,277041,-1,265121,275904,265121,-1,-1,-1,115997,264933,-1,264925,-1,257530,264954,-1,265121,-1,-1,265034,275523,-1,-1,-1,238470,-1,265121,-1,271404,264939,-1,-1
-1,265106,226302,-1,-1,227337,-1,233839,226375,-1,-1,265004,244301,-1,-1,-1,264986,247790,-1,-1,227337,-1,266384,73027,-1,227337,265055,265063,253417,-1,-1,241847,-1,-1,73237,265408,-1,227337,240717,253417,-1,-1,-1,115998,70830,76201,262058,-1,248715,227337,-1,253417,279189,-1,264058,247789,264934,-1,-1,253417,-1,253417,-1,71303,261740,-1,-1
-1,264995,265020,-1,-1,264991,-1,-1,268451,-1,-1,262090,73575,-1,-1,-1,274847,264991,-1,-1,272337,-1,265058,273567,-1,265058,264988,276509,272657,-1,-1,264830,-1,-1,264990,74803,-1,264991,261810,272657,-1,-1,-1,115999,75279,274846,264982,-1,265703,262090,-1,264991,-1,-1,274850,264999,-1,-1,-1,264991,-1,264991,-1,265120,265025,-1,-1
-1,265028,265029,-1,-1,271798,-1,265127,72447,-1,-1,72470,77183,-1,-1,-1,72471,73243,-1,-1,72446,-1,271798,73246,-1,72446,271795,266864,226309,-1,-1,74887,-1,-1,73247,72448,-1,226309,72472,265108,-1,-1,-1,116000,76548,73245,266960,-1,226309,265108,-1,271798,74888,-1,72473,73713,73249,-1,-1,226313,-1,271798,-1,75928,226313,-1,-1
-1,265053,272338,-1,-1,272338,-1,-1,265033,-1,-1,276505,276941,-1,-1,-1,73242,272341,-1,-1,271837,-1,265046,70546,-1,272338,73017,265045,272338,-1,-1,265039,-1,-1,274661,274662,-1,272338,265049,265047,-1,-1,-1,116001,74791,265041,265085,-1,271819,265033,-1,272338,74794,-1,265038,265043,-1,-1,-1,272338,-1,272338,-1,75165,272340,-1,-1
-1,265076,273563,-1,-1,271839,-1,-1,265060,-1,-1,271839,265067,-1,-1,-1,73026,279694,-1,-1,265073,-1,265057,72333,-1,271839,74580,265079,271839,-1,-1,265083,-1,-1,279693,266404,-1,271839,275849,265069,-1,-1,-1,116002,272342,239343,265070,-1,273403,265069,-1,271839,-1,-1,74889,264966,-1,-1,-1,273563,-1,271839,-1,265075,265080,-1,-1
-1,244890,265001,-1,-1,265082,-1,-1,264930,-1,-1,73025,276842,-1,-1,-1,264985,265082,-1,-1,264940,-1,265006,271952,-1,265082,264972,265023,264940,-1,-1,73652,-1,-1,265091,276480,-1,265082,271845,265007,-1,-1,-1,116003,75424,271841,271788,-1,264938,265007,-1,265082,73021,-1,76479,278000,-1,-1,-1,265001,-1,265082,-1,271846,264914,-1,-1
-1,273411,265117,-1,-1,73023,-1,265122,77049,-1,-1,264949,265139,-1,-1,-1,271848,264907,-1,-1,265123,-1,265026,74946,-1,265126,265124,265014,265126,-1,-1,265166,-1,-1,276500,277268,-1,265126,73655,265126,-1,-1,-1,116004,271787,272043,264921,-1,271784,265014,-1,73023,265116,-1,264931,76850,265101,-1,-1,265026,-1,73023,-1,264910,73023,-1,-1
-1,72562,266406,-1,-1,265147,-1,-1,74954,-1,-1,73022,265143,-1,-1,-1,72479,72477,-1,-1,72475,-1,265147,73573,-1,265147,76279,272283,265147,-1,-1,265144,-1,-1,265137,265359,-1,265147,265163,73715,-1,-1,-1,116005,272287,72476,265168,-1,265128,72475,-1,265147,72474,-1,272284,73717,-1,-1,-1,72475,-1,265147,-1,73716,265145,-1,-1
-1,258680,227110,-1,-1,265239,-1,-1,248343,-1,-1,245802,74404,-1,-1,-1,233364,265240,-1,-1,262866,-1,239761,227003,-1,265239,237288,246426,265239,-1,-1,226979,-1,-1,244064,263013,-1,245802,266949,265239,-1,-1,-1,116009,71131,245872,257001,-1,227119,246426,-1,239761,-1,-1,273469,265242,-1,-1,-1,258980,-1,265239,-1,276298,258980,-1,-1
-1,263009,262330,-1,-1,227323,-1,264969,227392,-1,-1,241491,265248,-1,-1,-1,276285,262093,-1,-1,242830,-1,227323,267382,-1,227323,273520,247461,227323,-1,-1,275457,-1,-1,227246,243379,-1,227323,263007,261733,-1,-1,-1,116010,245882,227125,265249,-1,238257,238257,-1,227323,227383,-1,270407,75724,265250,-1,-1,227323,-1,227323,265850,72184,272001,-1,267300
-1,265254,265277,-1,-1,266598,-1,-1,265252,-1,-1,227137,265265,-1,-1,-1,277966,262458,-1,-1,266598,-1,265258,264998,-1,266598,265246,274644,266939,-1,-1,262868,-1,-1,265255,228081,-1,266598,279885,266939,-1,-1,-1,116011,276726,76998,273177,-1,265262,256489,-1,266598,265261,-1,74754,244058,-1,-1,-1,265262,-1,266598,-1,75186,256489,-1,-1
-1,267212,263011,-1,-1,265275,-1,-1,250751,-1,-1,265333,275980,-1,-1,-1,265263,233756,-1,-1,273227,-1,265275,264896,-1,263011,258706,265293,265275,-1,-1,268475,-1,-1,266503,247797,-1,265333,275942,266551,-1,-1,-1,116012,76426,-1,248794,-1,263012,265293,-1,265275,-1,-1,265268,273838,-1,-1,-1,265293,-1,265275,-1,277508,266254,-1,-1
-1,265279,235659,-1,-1,227201,-1,-1,233330,-1,-1,265336,275969,-1,-1,-1,265292,265705,-1,-1,227201,-1,275923,272937,-1,227201,271568,265421,227201,-1,-1,76693,-1,-1,74729,265691,-1,227201,74739,266393,-1,-1,-1,116013,268939,227255,276846,-1,273149,227201,-1,227201,-1,-1,74738,70304,-1,-1,-1,235659,-1,227201,-1,276299,226355,-1,-1
-1,269805,248728,-1,-1,227348,-1,270468,273687,-1,-1,227115,273919,-1,-1,-1,70783,72791,-1,-1,273404,-1,227348,266600,-1,227348,265300,245959,227348,-1,-1,264955,-1,-1,75829,235594,-1,227348,74858,245889,-1,-1,-1,116014,75334,274842,265347,-1,261793,227115,-1,227348,72788,-1,247116,265295,226351,-1,-1,227348,-1,227348,-1,74709,264950,-1,-1
-1,235593,238422,-1,-1,227257,-1,-1,265243,-1,-1,227397,245875,-1,-1,-1,246235,227257,-1,-1,264876,-1,265274,265289,-1,227257,273205,265237,265274,-1,-1,272011,-1,-1,-1,265332,-1,227257,267374,265326,-1,-1,-1,116015,-1,-1,267328,-1,265307,235657,-1,227257,-1,-1,265319,275931,-1,-1,-1,235657,-1,227257,-1,266918,235657,-1,-1
-1,265331,244059,-1,-1,265217,-1,272056,273381,-1,-1,246968,265002,-1,-1,-1,265012,264831,-1,-1,271739,-1,265217,242784,-1,265217,75201,265334,265217,-1,-1,277793,-1,-1,277965,271728,-1,271739,268947,265024,-1,-1,-1,116016,265975,227282,271809,-1,261786,265334,-1,265217,271107,-1,277367,265269,245443,-1,-1,244059,-1,265217,-1,265271,272051,-1,-1
-1,245824,246219,-1,-1,240714,-1,275983,264875,-1,-1,240714,75204,-1,-1,-1,267234,245830,-1,-1,265340,-1,275906,265341,-1,240714,233746,246414,248799,-1,-1,265317,-1,-1,75291,275450,-1,275906,264996,233150,-1,-1,-1,116017,266526,75571,257008,-1,253435,253435,-1,240714,74186,-1,76580,266568,245826,-1,-1,246219,-1,240714,227254,74822,248799,-1,-1
-1,264889,238096,-1,-1,277963,-1,-1,233354,-1,-1,265233,265234,-1,-1,-1,246208,277963,-1,-1,250826,-1,265342,258704,-1,262867,266556,268461,277963,-1,-1,261785,-1,-1,77388,265253,-1,277963,245834,262867,-1,-1,-1,116020,273211,275398,268000,-1,245877,277963,-1,277963,-1,-1,265224,275451,-1,-1,-1,227734,-1,277963,-1,279185,227734,-1,-1
-1,265086,267389,-1,-1,265377,-1,272274,265385,-1,-1,264923,276847,-1,-1,-1,265051,265896,-1,-1,262089,-1,265377,276848,-1,265377,265383,276502,265377,-1,-1,265384,-1,-1,71677,75092,-1,262089,277451,265378,-1,-1,-1,116021,265381,274511,265016,-1,272482,265385,-1,265377,274510,-1,76199,264997,265360,-1,-1,265377,-1,265377,276504,274512,265059,-1,-1
-1,245956,227310,-1,-1,227327,-1,-1,240030,-1,-1,231432,265092,-1,-1,-1,227350,227327,-1,-1,265536,-1,227361,233751,-1,227327,227331,247513,227327,-1,-1,226308,-1,-1,274753,242024,-1,265674,265905,265674,-1,-1,-1,116033,264893,76312,265898,-1,227316,227316,-1,265674,-1,-1,264980,227330,-1,-1,-1,231432,-1,265674,-1,264944,278219,-1,-1
-1,247504,246272,-1,-1,237197,-1,77050,264905,-1,-1,237197,75228,-1,-1,-1,275916,233852,-1,-1,273946,-1,71978,253469,-1,233662,264900,227346,233662,-1,-1,70816,-1,-1,75229,278225,-1,233662,277866,233662,-1,-1,-1,116034,277925,276774,272607,-1,264884,233852,-1,233662,233748,-1,268061,264967,226336,-1,-1,233662,-1,233662,-1,70803,267531,-1,-1
-1,246641,227326,-1,-1,227326,-1,-1,271174,-1,-1,265861,-1,-1,-1,-1,276864,276862,-1,-1,264963,-1,264864,269208,-1,227326,267653,264959,227326,-1,-1,265027,-1,-1,-1,276825,-1,227326,276815,269972,-1,-1,-1,116035,-1,-1,264968,-1,241546,227326,-1,227326,-1,-1,-1,269943,-1,-1,-1,227326,-1,227326,-1,-1,245697,-1,-1
-1,264895,265947,-1,-1,265843,-1,-1,246568,-1,-1,265956,71377,-1,-1,-1,268261,227351,-1,-1,264961,-1,264971,271259,-1,265843,70818,227356,265843,-1,-1,236648,-1,-1,-1,265833,-1,265843,72043,265843,-1,-1,-1,116036,72057,-1,276772,-1,270966,264895,-1,265843,-1,-1,74617,265890,-1,-1,-1,227351,-1,265843,-1,279017,267660,-1,-1
-1,269959,264904,-1,-1,264866,-1,-1,264807,-1,-1,277349,-1,-1,-1,-1,75177,265859,-1,-1,265840,-1,265903,75368,-1,264866,231347,265892,264866,-1,-1,277314,-1,-1,-1,265894,-1,265903,70802,264866,-1,-1,-1,116037,-1,-1,271888,-1,266947,265903,-1,265903,-1,-1,265842,276775,-1,-1,-1,267359,-1,265903,-1,-1,267359,-1,-1
-1,264978,271165,-1,-1,265878,-1,-1,265879,-1,-1,276548,-1,-1,-1,-1,265716,276765,-1,-1,265878,-1,277173,70236,-1,265878,227354,270526,265878,-1,-1,265883,-1,-1,-1,270708,-1,265878,73677,267385,-1,-1,-1,116039,-1,-1,247743,-1,273258,265879,-1,277173,-1,-1,-1,269202,-1,-1,-1,275888,-1,265878,-1,-1,275888,-1,-1
-1,268989,267673,-1,-1,275395,-1,-1,276971,-1,-1,277170,271898,-1,-1,-1,277200,271890,-1,-1,265901,-1,74083,265895,-1,265901,73674,267383,265901,-1,-1,264898,-1,-1,70583,75021,-1,265901,270967,275395,-1,-1,-1,116040,75464,-1,264906,-1,272993,265901,-1,265901,-1,-1,273626,275382,-1,-1,-1,265901,-1,265901,-1,75792,269811,-1,-1
-1,268642,275129,-1,-1,277337,-1,-1,265096,-1,-1,265944,74613,-1,-1,-1,275388,267662,-1,-1,265941,-1,277337,272506,-1,277337,264979,268643,265941,-1,-1,267651,-1,-1,271597,279590,-1,265941,71974,75168,-1,-1,-1,116042,267664,-1,265943,-1,265875,265941,-1,277337,-1,-1,271598,267644,-1,-1,-1,267662,-1,277337,-1,74616,70800,-1,-1
-1,265983,267661,-1,-1,267661,-1,-1,270830,-1,-1,246038,-1,-1,-1,-1,269218,268659,-1,-1,265973,-1,265968,265917,-1,265968,277202,265889,265968,-1,-1,279586,-1,-1,-1,73675,-1,267661,-1,275410,-1,-1,-1,116044,-1,-1,268649,-1,268646,268659,-1,267661,-1,-1,-1,277203,-1,-1,-1,265968,-1,267661,-1,-1,266297,-1,-1
-1,253639,183093,-1,-1,225704,-1,-1,223052,-1,-1,240482,-1,-1,-1,-1,70532,253603,-1,-1,70530,-1,195031,279138,-1,225704,279326,279075,225704,-1,-1,70526,-1,-1,-1,70531,-1,225704,-1,70528,-1,-1,-1,116263,-1,-1,160208,-1,70525,279075,-1,225704,-1,-1,-1,70533,-1,-1,-1,225704,-1,225704,-1,-1,225704,-1,-1
-1,246178,227073,-1,-1,263966,-1,-1,266937,-1,-1,227072,279910,-1,-1,-1,246786,263966,-1,-1,273001,-1,266996,227067,-1,263966,262092,272010,263966,-1,-1,227098,-1,-1,256094,258915,-1,266996,227074,266962,-1,-1,-1,116280,72950,-1,265311,-1,227096,227096,-1,263966,-1,-1,273099,272534,-1,-1,-1,227073,-1,263966,-1,267102,266931,-1,-1
-1,266967,228168,-1,-1,266970,-1,-1,276284,-1,-1,266973,76320,-1,-1,-1,266969,227095,-1,-1,266592,-1,253742,273010,-1,227069,275887,227069,266970,-1,-1,241549,-1,-1,275811,264987,-1,227095,276098,266970,-1,-1,-1,116282,77097,272122,261514,-1,247805,266970,-1,227095,77249,-1,267025,76852,-1,-1,-1,227095,-1,227095,-1,76854,227101,-1,-1
-1,71051,228085,-1,-1,225708,-1,-1,255350,-1,-1,71540,254179,-1,-1,-1,274263,261185,-1,-1,225708,-1,215335,253601,-1,225708,71539,261427,215335,-1,-1,255959,-1,-1,-1,72211,-1,215335,72087,261364,-1,-1,-1,116292,253523,-1,70209,-1,70208,70208,-1,225708,-1,-1,71537,70207,-1,-1,-1,228085,-1,225708,-1,71657,274253,-1,-1
-1,263462,271130,-1,-1,240292,-1,-1,260541,-1,-1,277319,254770,-1,-1,-1,254722,254711,-1,-1,240292,-1,273847,269687,-1,240292,74037,245062,240292,-1,-1,224801,-1,-1,274365,72302,-1,240292,256163,273846,-1,-1,-1,116295,72012,259296,273682,-1,247397,240292,-1,240292,-1,-1,71713,261217,-1,-1,-1,240292,-1,240292,-1,274861,274008,-1,-1
-1,267200,266549,-1,-1,266549,-1,-1,239791,-1,-1,268940,76333,-1,-1,-1,267207,267201,-1,-1,267293,-1,71610,267522,-1,266549,265853,267209,71610,-1,-1,268348,-1,-1,71666,70110,-1,266549,71495,273484,-1,-1,-1,116300,73755,73756,236640,-1,233246,267201,-1,266549,-1,-1,76332,267273,-1,-1,-1,247512,-1,266549,-1,267524,247512,-1,-1
-1,267215,266093,-1,-1,267223,-1,-1,273470,-1,-1,267217,76334,-1,-1,-1,273475,245839,-1,-1,227387,-1,267223,71425,-1,267217,268303,71665,267217,-1,-1,273485,-1,-1,-1,273270,-1,267223,267203,265072,-1,-1,-1,116302,-1,-1,71427,-1,273174,267217,-1,267217,-1,-1,71502,227925,-1,-1,-1,264012,-1,267217,-1,-1,264012,-1,-1
-1,243775,266091,-1,-1,266091,-1,-1,267247,-1,-1,267369,267354,-1,-1,-1,267277,267376,-1,-1,267238,-1,74172,267245,-1,265862,273471,267235,265862,-1,-1,72886,-1,-1,267214,71160,-1,265862,277633,233838,-1,-1,-1,116303,271040,76689,267242,-1,265862,267238,-1,266091,273473,-1,71663,267521,266240,-1,-1,265862,-1,266091,-1,76217,277926,-1,-1
-1,266816,272115,-1,-1,71562,-1,-1,247725,-1,-1,266928,245833,-1,-1,-1,71559,71560,-1,-1,71562,-1,268262,279908,-1,272115,267243,267261,71562,-1,-1,274779,-1,-1,258979,71561,-1,71562,243261,236642,-1,-1,-1,116304,274806,267295,279812,-1,265339,266816,-1,272115,264953,-1,241545,273493,-1,-1,-1,243263,-1,272115,-1,76283,243263,-1,-1
-1,226335,273488,-1,-1,232073,-1,-1,267221,-1,-1,270079,75968,-1,-1,-1,267331,247724,-1,-1,70309,-1,232073,70182,-1,232073,268302,267372,232073,-1,-1,71516,-1,-1,-1,267251,-1,232073,228628,269123,-1,-1,-1,116305,267264,-1,267497,-1,70308,226335,-1,232073,-1,-1,267517,274810,-1,-1,-1,232073,-1,232073,-1,76516,70305,-1,-1
-1,238212,267379,-1,-1,274139,-1,75435,279811,-1,-1,274139,267289,-1,-1,-1,264892,267275,-1,-1,227405,-1,267286,267227,-1,274139,70684,273487,274139,-1,-1,265854,-1,-1,271403,268012,-1,274139,267391,227384,-1,-1,-1,116306,264960,70695,267282,-1,267371,238212,-1,274139,76690,-1,231736,243771,70675,-1,-1,267237,-1,274139,-1,273486,267237,-1,-1
-1,265856,226890,-1,-1,226890,-1,253175,71531,-1,-1,267213,76485,-1,-1,-1,273504,243262,-1,-1,267199,-1,267299,267240,-1,226890,70502,273468,226890,-1,-1,227421,-1,-1,77299,273482,-1,226890,267312,267519,-1,-1,-1,116307,77095,77300,226320,-1,267309,226890,-1,226890,267365,-1,272078,274774,276417,-1,-1,226890,-1,226890,-1,71504,276359,-1,-1
-1,267321,267318,-1,-1,267318,-1,-1,267325,-1,-1,71494,76619,-1,-1,-1,272826,267311,-1,-1,267384,-1,273481,273271,-1,267318,267505,267281,267318,-1,-1,277766,-1,-1,-1,273160,-1,267318,272700,267305,-1,-1,-1,116308,76889,-1,227381,-1,267474,267321,-1,267318,-1,-1,267317,267314,-1,-1,-1,267318,-1,267318,-1,76517,266094,-1,-1
-1,273136,226893,-1,-1,267343,-1,-1,267339,-1,-1,273467,74648,-1,-1,-1,267226,279699,-1,-1,267336,-1,279799,267254,-1,226893,267268,264011,267343,-1,-1,70713,-1,-1,70490,70592,-1,226893,267334,267343,-1,-1,-1,116309,273476,76324,235962,-1,267276,267336,-1,226893,76325,-1,273480,267204,76323,-1,-1,267336,-1,226893,-1,267329,226897,-1,-1
-1,258310,267278,-1,-1,232075,-1,-1,265247,-1,-1,232075,-1,-1,-1,-1,267362,261852,-1,-1,267322,-1,266401,267353,-1,232075,76216,232074,232075,-1,-1,76326,-1,-1,-1,267219,-1,232075,243769,271893,-1,-1,-1,116310,-1,-1,267320,-1,244045,244045,-1,232075,-1,-1,76329,76437,-1,-1,-1,233244,-1,232075,-1,-1,233244,-1,-1
-1,273492,71583,-1,-1,243403,-1,-1,274813,-1,-1,243403,71556,-1,-1,-1,265860,267202,-1,-1,265273,-1,273466,267370,-1,243403,276482,268908,243403,-1,-1,76213,-1,-1,-1,233343,-1,243403,247811,267375,-1,-1,-1,116311,-1,-1,226327,-1,267367,267367,-1,243403,-1,-1,267351,70484,-1,-1,-1,243403,-1,243403,-1,-1,226316,-1,-1
-1,237673,243264,-1,-1,243264,-1,-1,272114,-1,-1,232202,267884,-1,-1,-1,264989,71809,-1,-1,71586,-1,228724,267381,-1,243264,227353,76218,243264,-1,-1,277927,-1,-1,-1,71489,-1,243264,76623,256095,-1,-1,-1,116312,-1,-1,75791,-1,267386,237673,-1,243264,-1,-1,273379,267368,-1,-1,-1,243264,-1,243264,-1,76518,71428,-1,-1
-1,71073,253529,-1,-1,71074,-1,-1,233298,-1,-1,71775,-1,-1,-1,-1,160125,71252,-1,-1,71776,-1,71093,254718,-1,71074,160117,259499,71074,-1,-1,71075,-1,-1,-1,254958,-1,71074,71774,71074,-1,-1,-1,116323,-1,-1,160142,-1,254174,253529,-1,71074,-1,-1,-1,260517,-1,-1,-1,254746,-1,71074,-1,-1,254746,-1,-1
-1,268942,241846,-1,-1,227102,-1,-1,253436,-1,-1,227203,268943,-1,-1,-1,242896,241667,-1,-1,237289,-1,227102,227191,-1,236479,277699,227190,236479,-1,-1,267530,-1,-1,-1,268941,-1,227102,261855,227013,-1,-1,-1,116325,-1,-1,271446,-1,236479,227203,-1,236479,-1,-1,269404,247796,-1,-1,-1,227203,-1,236479,-1,272665,262531,-1,-1
-1,258789,245879,-1,-1,258576,-1,-1,256303,-1,-1,259372,268996,-1,-1,-1,227344,263964,-1,-1,258576,-1,273153,272009,-1,245879,264725,242797,245879,-1,-1,271944,-1,-1,-1,274758,-1,258576,265900,262457,-1,-1,-1,116326,-1,-1,268992,-1,265849,262457,-1,258576,-1,-1,264946,264865,-1,-1,-1,262457,-1,258576,-1,226354,246774,-1,-1
-1,227204,272053,-1,-1,265280,-1,-1,256302,-1,-1,265280,75041,-1,-1,-1,274754,246630,-1,-1,272201,-1,272094,261835,-1,265280,274780,272109,265280,-1,-1,272012,-1,-1,-1,265021,-1,265280,227369,272110,-1,-1,-1,116327,-1,-1,253437,-1,272084,227204,-1,265280,-1,-1,272145,272271,-1,-1,-1,265280,-1,265280,-1,272112,271742,-1,-1
-1,272212,272138,-1,-1,272123,-1,-1,272119,-1,-1,272123,73032,-1,-1,-1,272130,272135,-1,-1,272127,-1,271942,74786,-1,272123,272129,272008,272123,-1,-1,272269,-1,-1,258577,75062,-1,272135,276445,272125,-1,-1,-1,116328,75246,272124,75061,-1,272203,271942,-1,272135,272128,-1,246286,237287,-1,-1,-1,272138,-1,272123,-1,272139,272137,-1,-1
-1,272108,272245,-1,-1,275779,-1,-1,272035,-1,-1,228622,272265,-1,-1,-1,272065,262460,-1,-1,272172,-1,275779,75393,-1,262460,279038,272090,275779,-1,-1,278663,-1,-1,-1,278665,-1,262460,279106,272037,-1,-1,-1,116330,-1,-1,243407,-1,266917,272035,-1,262460,-1,-1,74025,272198,-1,-1,-1,262460,-1,262460,-1,272003,272259,-1,-1
-1,275576,275589,-1,-1,275587,-1,-1,272251,-1,-1,267069,272024,-1,-1,-1,75372,276519,-1,-1,73586,-1,275581,275578,-1,275587,273565,272257,275587,-1,-1,276468,-1,-1,76434,73529,-1,275587,275588,278651,-1,-1,-1,116331,275573,276446,272131,-1,275579,275581,-1,275587,-1,-1,275586,72705,-1,-1,-1,275587,-1,275587,-1,76051,275587,-1,-1
-1,272235,272217,-1,-1,264089,-1,-1,269145,-1,-1,272147,273499,-1,-1,-1,272086,272246,-1,-1,76204,-1,233576,272229,-1,264089,267654,272113,264089,-1,-1,272234,-1,-1,272697,75255,-1,264089,76195,272228,-1,-1,-1,116332,273547,272225,276637,-1,272232,272228,-1,264089,272224,-1,264671,71503,-1,-1,-1,264089,-1,264089,-1,72120,264089,-1,-1
-1,264941,265906,-1,-1,246287,-1,-1,272014,-1,-1,246287,76931,-1,-1,-1,272017,272007,-1,-1,262459,-1,272004,272059,-1,246287,272185,268948,246287,-1,-1,272244,-1,-1,75066,272019,-1,246287,267363,272015,-1,-1,-1,116333,70495,272018,272047,-1,72910,272014,-1,246287,-1,-1,72706,272020,-1,-1,-1,272004,-1,246287,-1,76930,272100,-1,-1
-1,272061,73850,-1,-1,272204,-1,-1,272204,-1,-1,272071,272077,-1,-1,-1,245962,268949,-1,-1,74893,-1,276771,272005,-1,272204,76471,272082,272204,-1,-1,277544,-1,-1,267326,75067,-1,272204,272072,272013,-1,-1,-1,116334,248365,-1,272241,-1,246364,272061,-1,272204,-1,-1,247530,277685,-1,-1,-1,246359,-1,272204,-1,278653,246359,-1,-1
-1,272213,269131,-1,-1,261843,-1,-1,271443,-1,-1,268994,72783,-1,-1,-1,279191,261843,-1,-1,272054,-1,262545,272205,-1,259334,272199,268993,259334,-1,-1,272210,-1,-1,279597,276809,-1,259334,227359,272025,-1,-1,-1,116336,272034,70796,272200,-1,276711,259334,-1,261843,272208,-1,272073,272211,-1,-1,-1,259334,-1,261843,-1,75408,259334,-1,-1
-1,228630,272146,-1,-1,278194,-1,-1,228626,-1,-1,241182,-1,-1,-1,-1,275774,272202,-1,-1,275775,-1,277278,73730,-1,272180,273912,272055,278194,-1,-1,272060,-1,-1,-1,278942,-1,241182,277256,278194,-1,-1,-1,116337,-1,-1,272116,-1,261853,228630,-1,241182,-1,-1,75013,267127,-1,-1,-1,277278,-1,241182,-1,-1,272180,-1,-1
-1,271943,272097,-1,-1,272087,-1,-1,273235,-1,-1,272079,272089,-1,-1,-1,271283,272167,-1,-1,272626,-1,272183,76441,-1,272087,76448,268995,272087,-1,-1,277145,-1,-1,76447,272106,-1,272079,272098,272087,-1,-1,-1,116339,76797,73521,267378,-1,242795,242795,-1,272167,73587,-1,76095,273142,272101,-1,-1,272167,-1,272087,-1,272107,265171,-1,-1
-1,266907,276552,-1,-1,265019,-1,-1,267583,-1,-1,265019,276722,-1,-1,-1,265350,268488,-1,-1,266915,-1,266922,266914,-1,265019,270892,227243,265019,-1,-1,266913,-1,-1,271821,267585,-1,265019,272207,268486,-1,-1,-1,116343,273050,71948,266926,-1,265301,266915,-1,265019,268946,-1,74861,248751,-1,-1,-1,265019,-1,265019,-1,266975,266923,-1,-1
-1,275318,244723,-1,-1,226096,-1,275320,222278,-1,-1,208480,269539,-1,-1,-1,221847,224562,-1,-1,264009,-1,226096,247677,-1,226096,275319,209839,226096,-1,-1,241252,-1,-1,269484,269481,-1,226096,253518,225740,-1,-1,-1,116360,221801,261932,223344,-1,241318,208480,-1,226096,243112,-1,186230,233668,269480,-1,-1,244723,-1,226096,269476,232256,214250,-1,275322
-1,224702,73724,-1,-1,275666,-1,72003,237010,-1,277774,263789,252517,-1,-1,-1,275663,224546,-1,-1,275666,-1,224675,241334,-1,212912,242877,222235,275666,277773,-1,232888,-1,-1,261931,264029,-1,275666,222199,269551,-1,-1,-1,116361,269552,261941,224692,-1,212912,222235,-1,275666,71983,-1,71393,221844,275667,-1,-1,73724,-1,275666,73723,275664,275190,-1,73725
-1,261863,268640,-1,-1,270049,-1,-1,268647,-1,-1,269829,-1,-1,-1,-1,75184,269213,-1,-1,270049,-1,265865,271811,-1,269829,270619,276797,270049,-1,-1,270895,-1,-1,-1,73787,-1,270049,-1,270612,-1,-1,-1,116416,-1,-1,71382,-1,267652,269213,-1,270049,-1,-1,-1,227349,-1,-1,-1,268640,-1,270049,-1,-1,276812,-1,-1
-1,265970,269818,-1,-1,265982,-1,-1,265952,-1,-1,72444,73678,-1,-1,-1,264965,72438,-1,-1,265937,-1,265982,269214,-1,265982,269812,72442,265982,-1,-1,265978,-1,-1,-1,72728,-1,265952,73980,267297,-1,-1,-1,116417,-1,-1,73764,-1,265893,72438,-1,265952,-1,-1,246638,74654,-1,-1,-1,265952,-1,265952,-1,-1,72463,-1,-1
-1,266553,265868,-1,-1,264891,-1,-1,266945,-1,-1,264932,273210,-1,-1,-1,277544,269663,-1,-1,264891,-1,266384,269662,-1,264891,269665,264886,269663,-1,-1,269657,-1,-1,-1,273209,-1,269663,273211,269659,-1,-1,-1,116428,269668,-1,265300,-1,269661,264886,-1,264891,-1,-1,274381,269655,-1,-1,-1,264891,-1,264891,-1,273215,269666,-1,-1
-1,241119,73540,-1,-1,192634,-1,272486,243756,-1,-1,199829,266427,-1,-1,-1,73506,276085,-1,-1,263941,-1,264110,204346,-1,192634,219571,193706,192634,-1,-1,246279,-1,-1,274987,226208,-1,192634,210616,192634,-1,-1,-1,131110,74559,269637,278412,-1,276866,208157,-1,192634,75488,-1,246011,177705,270529,-1,-1,208157,-1,192634,-1,245550,208157,-1,-1
-1,265267,269131,-1,-1,266598,-1,-1,265286,-1,-1,266598,72795,-1,-1,-1,72797,275925,-1,-1,72791,-1,277966,75716,-1,267221,70091,267221,277966,-1,-1,72763,-1,-1,-1,267184,-1,277966,75717,75550,-1,-1,-1,131124,72764,-1,277963,-1,72788,265267,-1,266598,-1,-1,72792,75712,-1,-1,-1,72789,-1,266598,-1,279933,72789,-1,-1
-1,272021,246356,-1,-1,272111,-1,-1,272064,-1,-1,272163,278313,-1,-1,-1,279890,227674,-1,-1,273244,-1,272099,272140,-1,227207,272164,272085,272111,-1,-1,272174,-1,-1,272177,272168,-1,246356,272263,227207,-1,-1,-1,131125,75426,272162,272081,-1,272111,227207,-1,246356,-1,-1,272159,274075,-1,-1,-1,272148,-1,246356,-1,267344,272148,-1,-1
-1,-1,-1,-1,-1,-1,-1,-1,-1,-1,-1,-1,-1,-1,-1,-1,-1,-1,-1,-1,-1,-1,-1,-1,-1,-1,-1,-1,-1,-1,-1,-1,-1,-1,-1,-1,-1,-1,-1,-1,-1,-1,-1,131159,-1,-1,-1,-1,-1,-1,-1,-1,-1,-1,-1,-1,-1,-1,-1,-1,-1,-1,-1,-1,-1,-1,-1
-1,279334,279355,-1,-1,279358,-1,-1,279346,-1,-1,279362,-1,-1,-1,-1,159961,159957,-1,-1,279358,-1,279336,159979,-1,279358,160130,273736,279362,-1,-1,160176,-1,-1,-1,159943,-1,279362,-1,273937,-1,-1,-1,131161,-1,-1,160003,-1,274161,279358,-1,279358,-1,-1,-1,160180,-1,-1,-1,279320,-1,279358,-1,-1,279320,-1,-1
-1,248221,226848,-1,-1,244517,-1,73701,239859,-1,-1,232258,221856,-1,-1,-1,182096,235139,-1,-1,244517,-1,273638,255597,-1,244517,224618,73444,244517,-1,-1,182118,-1,-1,73702,73699,-1,244517,232264,222200,-1,-1,-1,131173,225739,73703,251111,-1,238103,248221,-1,244517,71445,-1,273007,275474,73700,-1,-1,241312,-1,244517,242875,221845,241312,-1,-1
-1,239254,231240,-1,-1,171875,-1,-1,216643,-1,-1,239048,271169,-1,-1,-1,198658,224724,-1,-1,233465,-1,72825,223717,-1,171875,206413,211987,171875,-1,-1,252917,-1,-1,72823,246118,-1,171875,225305,171875,-1,-1,-1,131174,223791,76560,239043,-1,215399,171875,-1,171875,73581,-1,230685,72736,-1,-1,-1,217007,-1,171875,-1,75675,217007,-1,-1
-1,-1,-1,-1,-1,-1,-1,-1,-1,-1,-1,-1,-1,-1,-1,-1,-1,-1,-1,-1,-1,-1,-1,-1,-1,-1,-1,-1,-1,-1,-1,-1,-1,-1,-1,-1,-1,-1,-1,-1,-1,-1,-1,131271,-1,-1,-1,-1,-1,-1,-1,-1,-1,-1,-1,-1,-1,-1,-1,-1,-1,-1,-1,-1,-1,-1,-1
-1,265115,272050,-1,-1,275938,-1,-1,276511,-1,-1,268470,75306,-1,-1,-1,275932,246223,-1,-1,275938,-1,267529,273265,-1,275938,261838,261829,275938,-1,-1,276397,-1,-1,75305,261858,-1,261829,237290,261845,-1,-1,-1,131358,77246,-1,70851,-1,273280,261829,-1,275938,-1,-1,277780,261857,-1,-1,-1,261829,-1,275938,-1,73230,275927,-1,-1
-1,275968,277815,-1,-1,233747,-1,-1,275961,-1,-1,275949,278089,-1,-1,-1,275948,233861,-1,-1,277951,-1,275971,275962,-1,233747,275964,277813,233747,-1,-1,275963,-1,-1,77243,73228,-1,233747,277816,277812,-1,-1,-1,131359,73227,-1,275945,-1,233747,233747,-1,233747,-1,-1,76331,275966,-1,-1,-1,233747,-1,233747,-1,77059,277952,-1,-1
-1,265040,265304,-1,-1,275820,-1,-1,275817,-1,-1,275826,74194,-1,-1,-1,275822,275824,-1,-1,275820,-1,275808,275818,-1,275820,274770,276382,275820,-1,-1,74713,-1,-1,75809,275814,-1,275820,275809,75808,-1,-1,-1,131360,75388,-1,75807,-1,275813,275813,-1,275820,-1,-1,76330,74187,-1,-1,-1,275824,-1,275820,-1,275823,276345,-1,-1
-1,276850,277709,-1,-1,264911,-1,-1,75002,-1,-1,264911,75005,-1,-1,-1,276617,277308,-1,-1,74026,-1,275845,266793,-1,273406,71294,273406,277308,-1,-1,277718,-1,-1,74019,75015,-1,273406,74022,70148,-1,-1,-1,131361,77307,76011,272280,-1,74023,273406,-1,264911,75369,-1,75017,76009,277307,-1,-1,264911,-1,264911,-1,76010,276615,-1,-1
-1,266451,275914,-1,-1,275919,-1,-1,75728,-1,-1,74915,76649,-1,-1,-1,276237,275919,-1,-1,277881,-1,275917,276238,-1,275917,269657,226976,277881,-1,-1,76651,-1,-1,76641,76375,-1,277881,275913,279933,-1,-1,-1,131362,76656,-1,72764,-1,227011,227011,-1,275917,-1,-1,70576,277185,-1,-1,-1,275917,-1,275917,-1,76653,246633,-1,-1
-1,245871,275899,-1,-1,265305,-1,-1,265305,-1,-1,245891,245888,-1,-1,-1,276843,74017,-1,-1,74024,-1,74047,275896,-1,265305,275891,265681,265305,-1,-1,273383,-1,-1,-1,273391,-1,265305,245884,275898,-1,-1,-1,131363,74030,-1,246899,-1,74027,245871,-1,265305,-1,-1,265203,74912,-1,-1,-1,265305,-1,265305,-1,74021,274811,-1,-1
-1,72787,72828,-1,-1,-1,-1,-1,72794,-1,-1,279527,-1,-1,-1,-1,243054,279523,-1,-1,273207,-1,72821,247440,-1,-1,227457,72798,-1,-1,-1,264626,-1,-1,-1,264627,-1,-1,-1,271303,-1,-1,-1,131368,-1,-1,77219,-1,271301,-1,-1,-1,-1,-1,-1,272523,-1,-1,-1,-1,-1,-1,-1,-1,75474,-1,-1
-1,229637,193461,-1,-1,74215,-1,72735,188038,-1,-1,258898,73544,-1,-1,-1,237239,74214,-1,-1,74224,-1,74215,248572,-1,193461,226596,203458,74215,-1,-1,208449,-1,-1,72734,72733,-1,74215,224718,252726,-1,-1,-1,131388,74208,261519,233735,-1,74397,188038,-1,74215,200889,-1,277667,252200,254095,-1,-1,225652,-1,74215,-1,260891,225652,-1,-1
-1,74395,277452,-1,-1,275787,-1,-1,275768,-1,-1,272032,275789,-1,-1,-1,73648,277048,-1,-1,275787,-1,272049,275765,-1,277048,272270,275574,275787,-1,-1,275770,-1,-1,-1,72223,-1,275787,277073,277339,-1,-1,-1,131391,272121,-1,272136,-1,277573,275784,-1,275787,-1,-1,74299,275762,-1,-1,-1,275784,-1,275787,-1,275761,275784,-1,-1
-1,-1,-1,-1,-1,-1,-1,-1,-1,-1,-1,-1,-1,-1,-1,-1,-1,-1,-1,-1,-1,-1,-1,-1,-1,-1,-1,-1,-1,-1,-1,-1,-1,-1,-1,-1,-1,-1,-1,-1,-1,-1,-1,131397,-1,-1,-1,-1,-1,-1,-1,-1,-1,-1,-1,-1,-1,-1,-1,-1,-1,-1,-1,-1,-1,-1,-1
-1,-1,-1,-1,-1,-1,-1,-1,-1,-1,-1,-1,-1,-1,-1,-1,-1,-1,-1,-1,-1,-1,-1,-1,-1,-1,-1,-1,-1,-1,-1,-1,-1,-1,-1,-1,-1,-1,-1,-1,-1,-1,-1,131398,-1,-1,-1,-1,-1,-1,-1,-1,-1,-1,-1,-1,-1,-1,-1,-1,-1,-1,-1,-1,-1,-1,-1
-1,-1,-1,-1,-1,-1,-1,-1,-1,-1,-1,-1,-1,-1,-1,-1,-1,-1,-1,-1,-1,-1,-1,-1,-1,-1,-1,-1,-1,-1,-1,-1,-1,-1,-1,-1,-1,-1,-1,-1,-1,-1,-1,131399,-1,-1,-1,-1,-1,-1,-1,-1,-1,-1,-1,-1,-1,-1,-1,-1,-1,-1,-1,-1,-1,-1,-1
-1,-1,-1,-1,-1,-1,-1,-1,-1,-1,-1,-1,-1,-1,-1,-1,-1,-1,-1,-1,-1,-1,-1,-1,-1,-1,-1,-1,-1,-1,-1,-1,-1,-1,-1,-1,-1,-1,-1,-1,-1,-1,-1,131400,-1,-1,-1,-1,-1,-1,-1,-1,-1,-1,-1,-1,-1,-1,-1,-1,-1,-1,-1,-1,-1,-1,-1
-1,-1,-1,-1,-1,-1,-1,-1,-1,-1,-1,-1,-1,-1,-1,-1,-1,-1,-1,-1,-1,-1,-1,-1,-1,-1,-1,-1,-1,-1,-1,-1,-1,-1,-1,-1,-1,-1,-1,-1,-1,-1,-1,131401,-1,-1,-1,-1,-1,-1,-1,-1,-1,-1,-1,-1,-1,-1,-1,-1,-1,-1,-1,-1,-1,-1,-1
-1,-1,-1,-1,-1,-1,-1,-1,-1,-1,-1,-1,-1,-1,-1,-1,-1,-1,-1,-1,-1,-1,-1,-1,-1,-1,-1,-1,-1,-1,-1,-1,-1,-1,-1,-1,-1,-1,-1,-1,-1,-1,-1,131402,-1,-1,-1,-1,-1,-1,-1,-1,-1,-1,-1,-1,-1,-1,-1,-1,-1,-1,-1,-1,-1,-1,-1
-1,-1,-1,-1,-1,-1,-1,-1,-1,-1,-1,-1,-1,-1,-1,-1,-1,-1,-1,-1,-1,-1,-1,-1,-1,-1,-1,-1,-1,-1,-1,-1,-1,-1,-1,-1,-1,-1,-1,-1,-1,-1,-1,131403,-1,-1,-1,-1,-1,-1,-1,-1,-1,-1,-1,-1,-1,-1,-1,-1,-1,-1,-1,-1,-1,-1,-1
-1,-1,-1,-1,-1,-1,-1,-1,-1,-1,-1,-1,-1,-1,-1,-1,-1,-1,-1,-1,-1,-1,-1,-1,-1,-1,-1,-1,-1,-1,-1,-1,-1,-1,-1,-1,-1,-1,-1,-1,-1,-1,-1,131404,-1,-1,-1,-1,-1,-1,-1,-1,-1,-1,-1,-1,-1,-1,-1,-1,-1,-1,-1,-1,-1,-1,-1
-1,-1,-1,-1,-1,-1,-1,-1,-1,-1,-1,-1,-1,-1,-1,-1,-1,-1,-1,-1,-1,-1,-1,-1,-1,-1,-1,-1,-1,-1,-1,-1,-1,-1,-1,-1,-1,-1,-1,-1,-1,-1,-1,131405,-1,-1,-1,-1,-1,-1,-1,-1,-1,-1,-1,-1,-1,-1,-1,-1,-1,-1,-1,-1,-1,-1,-1
-1,-1,-1,-1,-1,-1,-1,-1,-1,-1,-1,-1,-1,-1,-1,-1,-1,-1,-1,-1,-1,-1,-1,-1,-1,-1,-1,-1,-1,-1,-1,-1,-1,-1,-1,-1,-1,-1,-1,-1,-1,-1,-1,131406,-1,-1,-1,-1,-1,-1,-1,-1,-1,-1,-1,-1,-1,-1,-1,-1,-1,-1,-1,-1,-1,-1,-1
-1,232410,234799,-1,-1,234799,-1,75320,277499,-1,-1,276309,77112,-1,-1,-1,277481,188825,-1,-1,198836,-1,70005,228775,-1,234799,74440,74416,234799,-1,-1,276959,-1,-1,76247,73082,-1,234799,277912,191390,-1,-1,-1,131447,262708,278905,269748,-1,73083,188825,-1,234799,74444,-1,276324,243711,74886,-1,-1,272809,-1,234799,-1,278899,272809,-1,-1
-1,248071,242513,-1,-1,242513,-1,-1,244976,-1,-1,258025,271594,-1,-1,-1,76474,248443,-1,-1,72619,-1,72621,248061,-1,242513,276141,262856,242513,-1,-1,239748,-1,-1,72627,72624,-1,242513,75115,257722,-1,-1,-1,131459,72623,72625,70146,-1,72620,248071,-1,242513,72935,-1,248676,73297,72934,-1,-1,72620,-1,242513,-1,72637,72622,-1,-1
-1,140233,203757,-1,-1,246918,-1,234119,266658,-1,-1,213795,193870,-1,-1,-1,72654,246918,-1,-1,248386,-1,72658,275487,-1,213795,203038,213374,246918,-1,-1,199674,-1,-1,72605,244221,-1,246918,232090,238507,-1,-1,-1,131463,247565,245278,268837,-1,259053,140233,-1,246918,246929,-1,258570,252284,255730,-1,-1,248386,-1,246918,-1,73256,72656,-1,-1
-1,71761,70605,-1,-1,70611,-1,-1,233530,-1,-1,70610,71904,-1,-1,-1,261481,70590,-1,-1,70595,-1,70611,70604,-1,70595,70607,70612,70611,-1,-1,71754,-1,-1,-1,71758,-1,70611,71757,70602,-1,-1,-1,131474,-1,-1,71759,-1,70591,233530,-1,70595,-1,-1,70613,160170,-1,-1,-1,70611,-1,70611,-1,-1,70606,-1,-1
-1,273483,272076,-1,-1,267250,-1,-1,267350,-1,-1,268505,71967,-1,-1,-1,273472,267269,-1,-1,267241,-1,267250,70578,-1,267241,267283,236641,267250,-1,-1,71679,-1,-1,77162,71680,-1,267250,71599,267208,-1,-1,-1,131477,71964,-1,76214,-1,267222,267222,-1,267250,-1,-1,267220,270080,-1,-1,-1,246629,-1,267250,-1,76377,246629,-1,-1
-1,272994,71527,-1,-1,233155,-1,-1,71807,-1,-1,71529,76220,-1,-1,-1,279867,233155,-1,-1,272206,-1,265571,72151,-1,71527,267294,267332,71527,-1,-1,271444,-1,-1,-1,267338,-1,71527,266092,267225,-1,-1,-1,131478,71613,-1,267358,-1,267388,267332,-1,71527,-1,-1,267272,71612,-1,-1,-1,233155,-1,233155,-1,76481,245835,-1,-1
-1,272314,71471,-1,-1,200294,-1,-1,224602,-1,-1,228018,269127,-1,-1,-1,272622,235984,-1,-1,224685,-1,224701,240472,-1,224558,71469,239581,235984,-1,-1,243105,-1,-1,-1,255632,-1,71471,241322,70056,-1,-1,-1,131487,222273,-1,261618,-1,224558,239581,-1,200294,-1,-1,222282,227969,-1,-1,-1,200294,-1,200294,-1,255601,200294,-1,-1
-1,222274,216793,-1,-1,191569,-1,-1,224695,-1,-1,269155,261926,-1,-1,-1,248226,241335,-1,-1,191569,-1,71448,222306,-1,227970,194617,182409,191569,-1,-1,222181,-1,-1,272621,279551,-1,71448,222432,224544,-1,-1,-1,131488,70062,261929,275652,-1,227970,188044,-1,71448,-1,-1,221972,279550,-1,-1,-1,188044,-1,191569,-1,73707,188044,-1,-1
-1,279774,279711,-1,-1,279711,-1,279823,179543,-1,-1,279739,76904,-1,-1,-1,279713,279710,-1,-1,279715,-1,220786,70185,-1,279711,248392,279717,279711,-1,-1,279716,-1,-1,242771,279738,-1,279711,273649,210695,-1,-1,-1,131491,72121,71525,71861,-1,279714,279711,-1,279711,279824,-1,271533,230741,279734,-1,-1,279711,-1,279711,71423,71424,279736,-1,-1
-1,279279,279274,-1,-1,279285,-1,-1,279301,-1,-1,279278,-1,-1,-1,-1,159954,279260,-1,-1,279268,-1,279292,160115,-1,279260,274171,279276,279260,-1,-1,160040,-1,-1,-1,159940,-1,279265,-1,279265,-1,-1,-1,131511,-1,-1,160136,-1,279282,279265,-1,279285,-1,-1,-1,159907,-1,-1,-1,279274,-1,279285,-1,-1,279285,-1,-1
-1,70846,-1,-1,-1,-1,-1,-1,70847,-1,-1,-1,-1,-1,-1,-1,-1,-1,-1,-1,-1,-1,-1,-1,-1,-1,-1,-1,-1,-1,-1,-1,-1,-1,-1,-1,-1,-1,-1,-1,-1,-1,-1,131524,-1,-1,-1,-1,-1,-1,-1,-1,-1,-1,-1,-1,-1,-1,-1,-1,-1,-1,-1,-1,-1,-1,-1
-1,-1,-1,-1,-1,-1,-1,-1,-1,-1,-1,-1,-1,-1,-1,-1,-1,-1,-1,-1,-1,-1,-1,-1,-1,-1,-1,-1,-1,-1,-1,-1,-1,-1,-1,-1,-1,-1,-1,-1,-1,-1,-1,131527,-1,-1,-1,-1,-1,-1,-1,-1,-1,-1,-1,-1,-1,-1,-1,-1,-1,-1,-1,-1,-1,-1,-1
-1,238399,-1,-1,-1,-1,-1,-1,-1,-1,-1,-1,-1,-1,-1,-1,-1,-1,-1,-1,-1,-1,-1,-1,-1,-1,-1,-1,-1,-1,-1,-1,-1,-1,-1,-1,-1,-1,-1,-1,-1,-1,-1,131680,-1,-1,-1,-1,-1,-1,-1,-1,-1,-1,-1,-1,-1,-1,-1,-1,-1,-1,-1,-1,-1,-1,-1
-1,215698,231352,-1,-1,240638,-1,76430,188377,-1,213135,240638,278331,-1,-1,-1,213666,245630,-1,-1,253177,-1,227796,242444,-1,232656,245152,240277,232656,232432,-1,256261,-1,-1,278237,247204,-1,227796,254840,232656,-1,-1,-1,131681,203551,271579,246172,-1,232756,232656,-1,232656,257353,-1,278928,216065,74094,-1,-1,227796,-1,232656,246431,72179,241721,-1,277013
-1,177683,228093,-1,-1,226268,-1,-1,233096,-1,-1,224232,219715,-1,-1,-1,239807,208128,-1,-1,226268,-1,192883,258648,-1,226268,210406,226851,208128,-1,-1,199845,-1,-1,184200,184392,-1,226268,241736,237383,-1,-1,-1,131682,272602,215330,241788,-1,198176,231478,-1,208128,-1,-1,264699,243311,-1,-1,-1,208128,-1,208128,-1,262113,231478,-1,-1
-1,261848,72221,-1,-1,272188,-1,72665,72215,-1,-1,272188,72290,-1,-1,-1,272238,72147,-1,-1,245961,-1,72149,72152,-1,245961,72150,72286,272188,-1,-1,72148,-1,-1,72814,73031,-1,272188,278195,73029,-1,-1,-1,131720,267330,72288,72285,-1,73231,72286,-1,72147,76633,-1,272239,72217,75392,-1,-1,72221,-1,272188,-1,75404,236478,-1,-1
-1,71691,264977,-1,-1,275399,-1,-1,265832,-1,-1,273478,265158,-1,-1,-1,71704,71703,-1,-1,269203,-1,71698,71706,-1,264977,265885,265931,275399,-1,-1,71696,-1,-1,-1,71695,-1,275399,73975,265969,-1,-1,-1,131724,73958,-1,71707,-1,265005,269203,-1,264977,-1,-1,73957,267648,-1,-1,-1,275399,-1,264977,-1,73976,275399,-1,-1
-1,275277,247792,-1,-1,271347,-1,-1,265259,-1,-1,74925,72577,-1,-1,-1,270606,74741,-1,-1,265352,-1,273179,273260,-1,273179,245883,72126,273179,-1,-1,273378,-1,-1,73263,265287,-1,273179,72579,271347,-1,-1,-1,131725,275981,246317,273382,-1,246207,72126,-1,72126,-1,-1,72432,72793,-1,-1,-1,226350,-1,271347,-1,275925,226350,-1,-1
-1,269921,272266,-1,-1,72364,-1,-1,273150,-1,-1,272153,72361,-1,-1,-1,273269,72364,-1,-1,72344,-1,272048,72340,-1,72364,276904,272254,72364,-1,-1,272126,-1,-1,72377,72345,-1,72364,246222,272038,-1,-1,-1,131733,275967,-1,72362,-1,72359,72364,-1,72364,-1,-1,275782,72368,-1,-1,-1,272266,-1,72364,-1,75007,73226,-1,-1
-1,167959,242999,-1,-1,242999,-1,-1,263152,-1,-1,229011,74964,-1,-1,-1,277235,254255,-1,-1,213007,-1,234333,210182,-1,242999,71832,220061,242999,-1,-1,72741,-1,-1,74057,74948,-1,254255,234605,238519,-1,-1,-1,131735,74949,77389,72739,-1,213414,167959,-1,213414,-1,-1,251660,259364,-1,-1,-1,234333,-1,242999,-1,72724,258685,-1,-1
-1,263851,254138,-1,-1,240262,-1,-1,208520,-1,-1,240262,73102,-1,-1,-1,73092,237333,-1,-1,231065,-1,241020,73103,-1,240262,208543,186352,237268,-1,-1,73104,-1,-1,73105,246195,-1,240262,212923,237268,-1,-1,-1,131739,268459,259723,210826,-1,254143,208520,-1,240262,73937,-1,73106,235860,76586,-1,-1,243966,-1,240262,-1,274006,243966,-1,-1
-1,-1,-1,-1,-1,-1,-1,-1,-1,-1,-1,-1,-1,-1,-1,-1,-1,-1,-1,-1,-1,-1,-1,-1,-1,-1,-1,-1,-1,-1,-1,-1,-1,-1,-1,-1,-1,-1,-1,-1,-1,-1,-1,131821,-1,-1,-1,-1,-1,-1,-1,-1,-1,-1,-1,-1,-1,-1,-1,-1,-1,-1,-1,-1,-1,-1,-1
-1,-1,-1,-1,-1,-1,-1,-1,-1,-1,-1,-1,-1,-1,-1,-1,-1,-1,-1,-1,-1,-1,-1,-1,-1,-1,-1,-1,-1,-1,-1,-1,-1,-1,-1,-1,-1,-1,-1,-1,-1,-1,-1,131822,-1,-1,-1,-1,-1,-1,-1,-1,-1,-1,-1,-1,-1,-1,-1,-1,-1,-1,-1,-1,-1,-1,-1
-1,-1,-1,-1,-1,-1,-1,-1,-1,-1,-1,-1,-1,-1,-1,-1,-1,-1,-1,-1,-1,-1,-1,-1,-1,-1,-1,-1,-1,-1,-1,-1,-1,-1,-1,-1,-1,-1,-1,-1,-1,-1,-1,131823,-1,-1,-1,-1,-1,-1,-1,-1,-1,-1,-1,-1,-1,-1,-1,-1,-1,-1,-1,-1,-1,-1,-1
-1,-1,-1,-1,-1,-1,-1,-1,-1,-1,-1,-1,-1,-1,-1,-1,-1,-1,-1,-1,-1,-1,-1,-1,-1,-1,-1,-1,-1,-1,-1,-1,-1,-1,-1,-1,-1,-1,-1,-1,-1,-1,-1,131824,-1,-1,-1,-1,-1,-1,-1,-1,-1,-1,-1,-1,-1,-1,-1,-1,-1,-1,-1,-1,-1,-1,-1
-1,-1,-1,-1,-1,-1,-1,-1,-1,-1,-1,-1,-1,-1,-1,-1,-1,-1,-1,-1,-1,-1,-1,-1,-1,-1,-1,-1,-1,-1,-1,-1,-1,-1,-1,-1,-1,-1,-1,-1,-1,-1,-1,131825,-1,-1,-1,-1,-1,-1,-1,-1,-1,-1,-1,-1,-1,-1,-1,-1,-1,-1,-1,-1,-1,-1,-1
-1,-1,-1,-1,-1,-1,-1,-1,-1,-1,-1,-1,-1,-1,-1,-1,-1,-1,-1,-1,-1,-1,-1,-1,-1,-1,-1,-1,-1,-1,-1,-1,-1,-1,-1,-1,-1,-1,-1,-1,-1,-1,-1,131914,-1,-1,-1,-1,-1,-1,-1,-1,-1,-1,-1,-1,-1,-1,-1,-1,-1,-1,-1,-1,-1,-1,-1
-1,-1,-1,-1,-1,-1,-1,-1,-1,-1,-1,-1,-1,-1,-1,-1,-1,-1,-1,-1,-1,-1,-1,-1,-1,-1,-1,-1,-1,-1,-1,-1,-1,-1,-1,-1,-1,-1,-1,-1,-1,-1,-1,132169,-1,-1,-1,-1,-1,-1,-1,-1,-1,-1,-1,-1,-1,-1,-1,-1,-1,-1,-1,-1,-1,-1,-1
-1,-1,-1,-1,-1,-1,-1,-1,-1,-1,-1,-1,-1,-1,-1,-1,-1,-1,-1,-1,-1,-1,-1,-1,-1,-1,-1,-1,-1,-1,-1,-1,-1,-1,-1,-1,-1,-1,-1,-1,-1,-1,-1,132170,-1,-1,-1,-1,-1,-1,-1,-1,-1,-1,-1,-1,-1,-1,-1,-1,-1,-1,-1,-1,-1,-1,-1
-1,-1,-1,-1,-1,-1,-1,-1,-1,-1,-1,-1,-1,-1,-1,-1,-1,-1,-1,-1,-1,-1,-1,-1,-1,-1,-1,-1,-1,-1,-1,-1,-1,-1,-1,-1,-1,-1,-1,-1,-1,-1,-1,132319,-1,-1,-1,-1,-1,-1,-1,-1,-1,-1,-1,-1,-1,-1,-1,-1,-1,-1,-1,-1,-1,-1,-1
-1,-1,-1,-1,-1,-1,-1,-1,-1,-1,-1,-1,-1,-1,-1,-1,-1,-1,-1,-1,-1,-1,-1,-1,-1,-1,-1,-1,-1,-1,-1,-1,-1,-1,-1,-1,-1,-1,-1,-1,-1,-1,-1,132320,-1,-1,-1,-1,-1,-1,-1,-1,-1,-1,-1,-1,-1,-1,-1,-1,-1,-1,-1,-1,-1,-1,-1
-1,-1,-1,-1,-1,-1,-1,-1,-1,-1,-1,-1,-1,-1,-1,-1,-1,-1,-1,-1,-1,-1,-1,-1,-1,-1,-1,-1,-1,-1,-1,-1,-1,-1,-1,-1,-1,-1,-1,-1,-1,-1,-1,132398,-1,-1,-1,-1,-1,-1,-1,-1,-1,-1,-1,-1,-1,-1,-1,-1,-1,-1,-1,-1,-1,-1,-1
-1,-1,-1,-1,-1,-1,-1,-1,-1,-1,-1,-1,-1,-1,-1,-1,-1,-1,-1,-1,-1,-1,-1,-1,-1,-1,-1,-1,-1,-1,-1,-1,-1,-1,-1,-1,-1,-1,-1,-1,-1,-1,-1,132399,-1,-1,-1,-1,-1,-1,-1,-1,-1,-1,-1,-1,-1,-1,-1,-1,-1,-1,-1,-1,-1,-1,-1
