leaguegoals,isamongtopscorers,yellows,isamongtopscorersinteam,jerseynumber,position,artificialkey,teamid,leaguegoalsprevmatch,injury,leagueappearances,istopscorer,leaguegoalsprevthreematches,playerid,form,reds
0,0,0,0,1,0,0,269,0,0,0,0,0,228505,3,0
0,0,0,0,14,3,1,269,0,0,0,0,0,215684,3,0
1,0,0,0,4,4,2,269,0,0,0,0,0,234827,3,0
1,0,0,0,32,5,3,269,0,0,0,0,0,250851,3,0
0,0,0,0,3,6,4,269,0,0,0,0,0,257072,3,0
2,0,0,0,24,7,5,269,0,0,0,0,0,264515,3,0
2,0,0,0,10,13,6,269,0,0,0,0,1,172522,3,0
1,0,0,0,8,15,7,269,0,0,0,0,0,224483,3,0
10,1,0,1,7,18,8,269,0,0,0,1,0,251356,3,0
8,1,0,1,9,24,9,269,0,0,0,0,1,201876,3,0
7,0,0,1,36,26,10,269,0,0,0,0,1,257167,3,0
5,0,0,1,28,28,11,269,3,0,0,0,3,255185,3,0
2,0,0,0,22,28,12,269,0,0,0,0,0,211671,3,0
0,0,0,0,5,28,13,269,0,0,0,0,0,225948,3,0
0,0,0,0,2,28,14,269,0,0,0,0,0,254638,3,0
0,0,0,0,16,28,15,269,0,0,0,0,0,215693,3,0
0,0,0,0,41,28,16,269,0,0,0,0,0,269903,3,0
0,0,0,0,18,28,17,269,0,0,0,0,0,238725,3,0
0,0,0,0,19,28,18,269,0,0,0,0,0,269901,3,0
0,0,0,0,40,28,19,269,0,0,0,0,0,259469,3,0
0,0,0,0,99,28,20,269,0,0,0,0,0,270368,3,0
0,0,0,0,20,28,21,269,0,0,0,0,0,275233,3,0
1,0,0,0,30,28,22,269,1,0,0,0,1,212121,3,0
2,0,0,0,31,29,23,269,0,0,0,0,0,219814,3,0
4,0,0,1,11,29,24,269,0,0,0,0,0,257157,3,0
0,0,0,0,23,29,25,269,0,0,0,0,0,246310,3,0
0,0,0,0,35,29,26,269,0,0,0,0,0,71170,3,0
0,0,0,0,37,29,27,269,0,0,0,0,0,278359,3,0
0,0,0,0,1,0,28,270,0,0,0,0,0,200209,3,0
0,0,0,0,5,3,29,270,0,0,0,0,0,262794,3,0
0,0,0,0,40,4,30,270,0,0,0,0,0,262588,3,0
0,0,0,0,4,6,31,270,0,0,0,0,0,233492,3,0
0,0,0,0,3,7,32,270,0,0,0,0,0,257036,3,0
2,0,0,1,6,13,33,270,0,0,0,0,1,250853,3,0
0,0,0,0,14,14,34,270,0,0,0,0,0,231233,3,0
1,0,0,0,21,15,35,270,0,0,0,0,0,257259,3,0
0,0,0,0,11,17,36,270,0,0,0,0,0,275742,3,0
3,0,0,1,17,19,37,270,0,0,0,0,0,243666,3,0
10,1,0,1,9,25,38,270,0,0,0,1,0,256778,3,0
3,0,0,1,23,28,39,270,1,0,0,0,1,271320,3,0
0,0,0,0,7,28,40,270,0,0,0,0,0,201266,3,0
0,0,0,0,19,28,41,270,0,0,0,0,0,213835,3,0
0,0,0,0,25,28,42,270,0,0,0,0,0,252737,3,0
0,0,0,0,16,28,43,270,0,0,0,0,0,236446,3,0
5,0,0,1,8,28,44,270,0,0,0,0,0,262551,3,0
0,0,0,0,24,28,45,270,0,0,0,0,0,246959,3,0
0,0,0,0,2,28,46,270,0,0,0,0,0,236875,3,0
0,0,0,0,20,28,47,270,0,0,0,0,0,243891,3,0
0,0,0,0,29,28,48,270,0,0,0,0,0,70138,3,0
0,0,0,0,41,28,49,270,0,0,0,0,0,275271,3,0
0,0,0,0,15,28,50,270,0,0,0,0,0,275332,3,0
0,0,0,0,30,29,51,270,0,0,0,0,0,265179,3,0
0,0,0,0,13,29,52,270,0,0,0,0,0,262552,3,0
0,0,0,0,45,0,53,271,0,0,0,0,0,229091,3,0
0,0,0,0,2,3,54,271,0,0,0,0,0,238222,3,0
0,0,0,0,14,4,55,271,0,0,0,0,0,243886,3,0
2,0,0,1,5,5,56,271,0,0,0,0,0,231828,3,0
0,0,0,0,3,6,57,271,0,0,0,0,0,238040,3,0
0,0,0,0,11,7,58,271,0,0,0,0,0,253409,3,0
1,0,0,0,8,12,59,271,0,0,0,0,0,236883,3,0
0,0,0,0,7,13,60,271,0,0,0,0,0,235636,3,0
2,0,0,1,6,15,61,271,0,0,0,0,0,213530,3,0
6,0,0,1,31,16,62,271,0,0,0,0,0,256746,3,0
9,1,0,1,9,25,63,271,0,0,0,0,0,191083,3,0
2,0,0,1,13,28,64,271,0,0,0,0,0,232225,3,0
1,0,0,0,15,28,65,271,0,0,0,0,0,248175,3,0
0,0,0,0,4,28,66,271,0,0,0,0,0,260555,3,0
0,0,0,0,26,28,67,271,0,0,0,0,0,268506,3,0
0,0,0,0,1,28,68,271,0,0,0,0,0,132740,3,0
0,0,0,0,19,28,69,271,0,0,0,0,0,253472,3,0
0,0,0,0,27,28,70,271,0,0,0,0,0,238629,3,0
0,0,0,0,29,28,71,271,0,0,0,0,0,239926,3,0
0,0,0,0,21,28,72,271,0,0,0,0,0,248824,3,0
0,0,0,0,16,28,73,271,0,0,0,0,0,262153,3,0
0,0,0,0,32,28,74,271,0,0,0,0,0,276352,3,0
0,0,0,0,25,28,75,271,0,0,0,0,0,274678,3,0
0,0,0,0,23,29,76,271,0,0,0,0,0,70164,3,0
1,0,0,0,40,29,77,271,1,0,0,0,1,261670,3,0
0,0,0,0,22,29,78,271,0,0,0,0,0,234096,3,0
1,0,0,0,20,29,79,271,0,0,0,0,1,225931,3,0
0,0,0,0,17,29,80,271,0,0,0,0,0,243539,3,0
0,0,0,0,1,0,81,819,0,0,0,0,0,228383,3,0
0,0,0,0,19,3,82,819,0,0,0,0,0,265195,3,0
1,0,0,0,3,4,83,819,0,0,0,0,0,240988,3,0
1,0,0,0,2,6,84,819,0,0,0,0,0,224841,3,0
0,0,0,0,24,7,85,819,0,0,0,0,0,219466,3,0
6,0,0,1,10,23,86,819,0,0,0,0,1,203362,3,0
6,0,0,1,9,13,87,819,0,0,0,0,1,231390,3,0
3,0,0,0,33,14,88,819,0,0,0,0,1,201303,3,0
4,0,0,1,7,15,89,819,0,0,0,0,0,207554,3,0
4,0,0,1,30,27,90,819,0,0,0,0,0,263672,3,0
2,0,0,0,11,25,91,819,0,0,0,0,0,224389,3,0
1,0,0,0,14,28,92,819,1,0,0,0,1,201943,3,0
7,0,0,1,40,28,93,819,0,0,0,0,0,265600,3,0
3,0,0,0,18,28,94,819,0,0,0,0,0,269186,3,0
2,0,0,0,12,28,95,819,0,0,0,0,0,217605,3,0
0,0,0,0,31,28,96,819,0,0,0,0,0,222562,3,0
2,0,0,0,8,28,97,819,1,0,0,0,1,240974,3,0
0,0,0,0,6,28,98,819,0,0,0,0,0,204017,3,0
0,0,0,0,22,28,99,819,0,0,0,0,0,208564,3,0
0,0,0,0,26,28,100,819,0,0,0,0,0,225974,3,0
0,0,0,0,39,28,101,819,0,0,0,0,0,274952,3,0
0,0,0,0,44,28,102,819,0,0,0,0,0,276979,3,0
1,0,0,0,47,28,103,819,0,0,0,0,0,279015,3,0
0,0,0,0,36,29,104,819,0,0,0,0,0,271980,3,0
0,0,0,0,15,29,105,819,0,0,0,0,0,197231,3,0
0,0,0,0,20,29,106,819,0,0,0,0,0,200108,3,0
0,0,0,0,5,29,107,819,0,0,0,0,0,239904,3,0
0,0,0,0,21,29,108,819,0,0,0,0,0,262056,3,0
0,0,0,0,1,0,109,820,0,0,0,0,0,232350,3,0
0,0,0,0,34,3,110,820,0,0,0,0,0,271882,3,0
0,0,0,0,26,4,111,820,0,0,0,0,0,209711,3,0
0,0,0,0,4,6,112,820,0,0,0,0,0,241812,3,0
0,0,0,0,3,7,113,820,0,0,0,0,0,194726,3,0
0,0,0,0,7,23,114,820,0,0,0,0,0,243793,3,0
0,0,0,0,14,13,115,820,0,0,0,0,0,253464,3,0
0,0,0,0,36,14,116,820,0,0,0,0,0,271885,3,0
0,0,0,0,28,15,117,820,0,0,0,0,0,250912,3,0
0,0,0,0,23,27,118,820,0,0,0,0,0,262538,3,0
0,0,0,0,17,25,119,820,0,0,0,0,0,201265,3,0
0,0,0,0,16,28,120,820,0,0,0,0,0,231330,3,0
0,0,0,0,5,28,121,820,0,0,0,0,0,222472,3,0
0,0,0,0,15,28,122,820,0,0,0,0,0,244466,3,0
0,0,0,0,24,28,123,820,0,0,0,0,0,272935,3,0
0,0,0,0,22,28,124,820,0,0,0,0,0,229288,3,0
0,0,0,0,38,28,125,820,0,0,0,0,0,264670,3,0
0,0,0,0,12,28,126,820,0,0,0,0,0,273895,3,0
0,0,0,0,25,28,127,820,0,0,0,0,0,274291,3,0
0,0,0,0,30,28,128,820,0,0,0,0,0,271883,3,0
0,0,0,0,20,28,129,820,0,0,0,0,0,247782,3,0
0,0,0,0,13,28,130,820,0,0,0,0,0,263493,3,0
0,0,0,0,18,28,131,820,0,0,0,0,0,271881,3,0
0,0,0,0,31,29,132,820,0,0,0,0,0,268001,3,0
0,0,0,0,1,0,133,822,0,0,0,0,0,238060,3,0
0,0,0,0,59,3,134,822,0,0,0,0,0,266863,3,0
0,0,0,0,13,4,135,822,0,0,0,0,0,255211,3,0
2,0,0,1,6,5,136,822,0,0,0,0,0,207997,3,0
1,0,0,1,4,6,137,822,0,0,0,0,1,266123,3,0
0,0,0,0,3,7,138,822,0,0,0,0,0,192128,3,0
0,0,0,0,11,12,139,822,0,0,0,0,0,254541,3,0
1,0,0,1,5,13,140,822,0,0,0,0,0,218877,3,0
0,0,0,0,15,15,141,822,0,0,0,0,0,219510,3,0
1,0,0,1,17,16,142,822,0,0,0,0,0,240563,3,0
7,0,0,1,9,25,143,822,0,0,0,0,0,260896,3,0
2,0,0,1,7,28,144,822,0,0,0,0,0,192938,3,0
1,0,0,1,25,28,145,822,0,0,0,0,0,275703,3,0
0,0,0,0,38,28,146,822,0,0,0,0,0,262579,3,0
0,0,0,0,20,28,147,822,0,0,0,0,0,260841,3,0
0,0,0,0,31,28,148,822,0,0,0,0,0,262295,3,0
0,0,0,0,18,28,149,822,0,0,0,0,0,184143,3,0
0,0,0,0,19,28,150,822,0,0,0,0,0,263761,3,0
0,0,0,0,2,28,151,822,0,0,0,0,0,259916,3,0
1,0,0,1,10,28,152,822,0,0,0,0,0,256716,3,0
0,0,0,0,35,28,153,822,0,0,0,0,0,241825,3,0
0,0,0,0,14,28,154,822,0,0,0,0,0,243866,3,0
0,0,0,0,16,28,155,822,0,0,0,0,0,276521,3,0
0,0,0,0,30,29,156,822,0,0,0,0,0,275699,3,0
0,0,0,0,22,29,157,822,0,0,0,0,0,71220,3,0
0,0,0,0,24,29,158,822,0,0,0,0,0,70445,3,0
0,0,0,0,23,29,159,822,0,0,0,0,0,278362,3,0
0,0,0,0,1,0,160,1443,0,0,0,0,0,256742,3,0
0,0,0,0,24,3,161,1443,0,0,0,0,0,234501,3,0
0,0,0,0,4,4,162,1443,0,0,0,0,0,224426,3,0
1,0,0,0,5,6,163,1443,0,0,0,0,0,270528,3,0
1,0,0,0,23,7,164,1443,0,0,0,0,0,250960,3,0
0,0,0,0,13,10,165,1443,0,0,0,0,0,215686,3,0
2,0,0,1,7,23,166,1443,0,0,0,0,0,270563,3,0
2,0,0,1,17,13,167,1443,0,0,0,0,1,256741,3,0
0,0,0,0,28,15,168,1443,0,0,0,0,0,243283,3,0
2,0,0,1,8,27,169,1443,0,0,0,0,0,262539,3,0
7,0,0,1,14,25,170,1443,0,0,0,0,2,262962,3,0
1,0,0,0,9,28,171,1443,0,0,0,0,0,270345,3,0
1,0,0,0,11,28,172,1443,0,0,0,0,0,263239,3,0
0,0,0,0,55,28,173,1443,0,0,0,0,0,260874,3,0
1,0,0,0,30,28,174,1443,0,0,0,0,0,277593,3,0
0,0,0,0,20,28,175,1443,0,0,0,0,0,268296,3,0
0,0,0,0,10,28,176,1443,0,0,0,0,0,239405,3,0
0,0,0,0,18,28,177,1443,0,0,0,0,0,241150,3,0
2,0,0,1,6,28,178,1443,0,0,0,0,1,262541,3,0
0,0,0,0,27,28,179,1443,0,0,0,0,0,271815,3,0
0,0,0,0,37,28,180,1443,0,0,0,0,0,274844,3,0
0,0,0,0,29,28,181,1443,0,0,0,0,0,251502,3,0
0,0,0,0,16,28,182,1443,0,0,0,0,0,263315,3,0
0,0,0,0,3,29,183,1443,0,0,0,0,0,215657,3,0
3,0,0,1,15,29,184,1443,0,0,0,0,0,264263,3,0
0,0,0,0,25,29,185,1443,0,0,0,0,0,278058,3,0
0,0,0,0,58,29,186,1443,0,0,0,0,0,239816,3,0
0,0,0,0,31,29,187,1443,0,0,0,0,0,71171,3,0
0,0,0,0,28,0,188,1447,0,0,0,0,0,211105,3,0
0,0,0,0,27,3,189,1447,0,0,0,0,0,239879,3,0
0,0,0,0,13,4,190,1447,0,0,0,0,0,220302,3,0
0,0,0,0,3,5,191,1447,0,0,0,0,0,226510,3,0
0,0,0,0,4,6,192,1447,0,0,0,0,0,252119,3,0
0,0,0,0,21,7,193,1447,0,0,0,0,0,244290,3,0
0,0,0,0,9,23,194,1447,0,0,0,0,0,248360,3,0
0,0,0,0,6,13,195,1447,0,0,0,0,0,205535,3,0
0,0,0,0,24,15,196,1447,0,0,0,0,0,238051,3,0
0,0,0,0,10,27,197,1447,0,0,0,0,0,248380,3,0
0,0,0,0,11,25,198,1447,0,0,0,0,0,223537,3,0
0,0,0,0,16,28,199,1447,0,0,0,0,0,239835,3,0
0,0,0,0,32,28,200,1447,0,0,0,0,0,262625,3,0
0,0,0,0,5,28,201,1447,0,0,0,0,0,215938,3,0
0,0,0,0,12,28,202,1447,0,0,0,0,0,264502,3,0
0,0,0,0,35,28,203,1447,0,0,0,0,0,266565,3,0
0,0,0,0,14,28,204,1447,0,0,0,0,0,242611,3,0
0,0,0,0,17,28,205,1447,0,0,0,0,0,207886,3,0
0,0,0,0,15,28,206,1447,0,0,0,0,0,266822,3,0
0,0,0,0,25,28,207,1447,0,0,0,0,0,264481,3,0
0,0,0,0,23,28,208,1447,0,0,0,0,0,215660,3,0
0,0,0,0,26,28,209,1447,0,0,0,0,0,269405,3,0
0,0,0,0,20,28,210,1447,0,0,0,0,0,236794,3,0
0,0,0,0,22,29,211,1447,0,0,0,0,0,257223,3,0
0,0,0,0,30,29,212,1447,0,0,0,0,0,262270,3,0
0,0,0,0,1,0,213,1516,0,0,0,0,0,172553,3,0
2,0,0,0,14,3,214,1516,0,0,0,0,0,190633,3,0
1,0,0,0,15,4,215,1516,0,0,0,0,0,221422,3,0
0,0,0,0,73,6,216,1516,0,0,0,0,0,231104,3,0
1,0,0,0,29,7,217,1516,1,0,0,0,1,251847,3,0
6,0,0,1,17,23,218,1516,0,0,0,0,0,277211,3,0
0,0,0,0,37,13,219,1516,0,0,0,0,0,251617,3,0
0,0,0,0,5,14,220,1516,0,0,0,0,0,255340,3,0
0,0,0,0,2,15,221,1516,0,0,0,0,0,210646,3,0
3,0,0,0,58,27,222,1516,1,0,0,0,1,256933,3,0
10,1,0,1,10,25,223,1516,1,0,0,1,1,247686,3,0
0,0,0,0,38,28,224,1516,0,0,0,0,0,256971,3,0
5,0,0,1,24,28,225,1516,0,0,0,0,1,257972,3,0
2,0,0,0,35,28,226,1516,0,0,0,0,0,238317,3,0
1,0,0,0,3,28,227,1516,0,0,0,0,0,261062,3,0
0,0,0,0,50,28,228,1516,0,0,0,0,0,227497,3,0
4,0,0,1,9,28,229,1516,0,0,0,0,0,238236,3,0
1,0,0,0,13,28,230,1516,0,0,0,0,0,264790,3,0
0,0,0,0,90,28,231,1516,0,0,0,0,0,234658,3,0
0,0,0,0,45,28,232,1516,0,0,0,0,0,210798,3,0
5,0,0,1,11,28,233,1516,0,0,0,0,1,278012,3,0
1,0,0,0,22,28,234,1516,0,0,0,0,1,234472,3,0
0,0,0,0,55,28,235,1516,0,0,0,0,0,270534,3,0
0,0,0,0,20,29,236,1516,0,0,0,0,0,270536,3,0
0,0,0,0,6,29,237,1516,0,0,0,0,0,227600,3,0
0,0,0,0,8,29,238,1516,0,0,0,0,0,206114,3,0
0,0,0,0,1,0,239,1786,0,0,0,0,0,216750,3,0
0,0,0,0,27,3,240,1786,0,0,0,0,0,244471,3,0
1,0,0,1,3,4,241,1786,0,0,0,0,0,201301,3,0
1,0,0,1,5,6,242,1786,0,0,0,0,0,241578,3,0
2,0,0,1,15,7,243,1786,0,0,0,0,0,180174,3,0
3,0,0,1,28,12,244,1786,0,0,0,0,0,263421,3,0
1,0,0,1,6,13,245,1786,0,0,0,0,0,246434,3,0
0,0,0,0,8,15,246,1786,0,0,0,0,0,259134,3,0
4,0,0,1,9,16,247,1786,1,0,0,0,1,255464,3,0
1,0,0,1,77,24,248,1786,0,0,0,0,0,270905,3,0
3,0,0,1,90,26,249,1786,0,0,0,0,0,241659,3,0
0,0,0,0,45,28,250,1786,0,0,0,0,0,223670,3,0
0,0,0,0,7,28,251,1786,0,0,0,0,0,220663,3,0
0,0,0,0,29,28,252,1786,0,0,0,0,0,261098,3,0
0,0,0,0,2,28,253,1786,0,0,0,0,0,265601,3,0
0,0,0,0,25,28,254,1786,0,0,0,0,0,239147,3,0
0,0,0,0,17,28,255,1786,0,0,0,0,0,189383,3,0
0,0,0,0,20,28,256,1786,0,0,0,0,0,272529,3,0
1,0,0,1,4,28,257,1786,0,0,0,0,0,223566,3,0
0,0,0,0,11,28,258,1786,0,0,0,0,0,220569,3,0
0,0,0,0,12,28,259,1786,0,0,0,0,0,228799,3,0
1,0,0,1,21,28,260,1786,0,0,0,0,0,235904,3,0
0,0,0,0,24,28,261,1786,0,0,0,0,0,277843,3,0
0,0,0,0,16,29,262,1786,0,0,0,0,0,277844,3,0
0,0,0,0,22,29,263,1786,0,0,0,0,0,264676,3,0
0,0,0,0,18,29,264,1786,0,0,0,0,0,260379,3,0
0,0,0,0,23,29,265,1786,0,0,0,0,0,259254,3,0
0,0,0,0,19,29,266,1786,0,0,0,0,0,70860,3,0
0,0,0,0,53,29,267,1786,0,0,0,0,0,71258,3,0
0,0,0,0,14,29,268,1786,0,0,0,0,0,229504,3,0
0,0,0,0,13,0,269,1788,0,0,0,0,0,210715,3,0
1,0,0,0,23,3,270,1788,0,0,0,0,0,251908,3,0
1,0,0,0,4,4,271,1788,0,0,0,0,0,190942,3,0
1,0,0,0,39,6,272,1788,0,0,0,0,0,261422,3,0
4,0,0,1,5,7,273,1788,0,0,0,0,1,238009,3,0
2,0,0,1,6,10,274,1788,0,0,0,0,0,224067,3,0
2,0,0,1,14,23,275,1788,1,0,0,0,1,274516,3,0
0,0,0,0,27,13,276,1788,0,0,0,0,0,259716,3,0
0,0,0,0,21,15,277,1788,0,0,0,0,0,263312,3,0
2,0,0,1,8,27,278,1788,0,0,0,0,0,260952,3,0
7,0,0,1,7,25,279,1788,0,0,0,0,1,215247,3,0
1,0,0,0,22,28,280,1788,0,0,0,0,0,247447,3,0
0,0,0,0,12,28,281,1788,0,0,0,0,0,260990,3,0
1,0,0,0,29,28,282,1788,0,0,0,0,0,271495,3,0
0,0,0,0,19,28,283,1788,0,0,0,0,0,269397,3,0
0,0,0,0,25,28,284,1788,0,0,0,0,0,254513,3,0
0,0,0,0,17,28,285,1788,0,0,0,0,0,272982,3,0
2,0,0,1,40,28,286,1788,0,0,0,0,1,277689,3,0
0,0,0,0,47,28,287,1788,0,0,0,0,0,276378,3,0
0,0,0,0,32,28,288,1788,0,0,0,0,0,255275,3,0
2,0,0,1,11,28,289,1788,0,0,0,0,2,262721,3,0
0,0,0,0,24,28,290,1788,0,0,0,0,0,276377,3,0
0,0,0,0,15,28,291,1788,0,0,0,0,0,223694,3,0
0,0,0,0,31,29,292,1788,0,0,0,0,0,257921,3,0
0,0,0,0,43,29,293,1788,0,0,0,0,0,71110,3,0
0,0,0,0,20,29,294,1788,0,0,0,0,0,71342,3,0
3,0,0,1,9,29,295,1788,0,0,0,0,0,243646,3,0
0,0,0,0,1,0,296,15001,0,0,0,0,0,190947,3,0
0,0,0,0,7,3,297,15001,0,0,0,0,0,265734,3,0
1,0,0,1,23,4,298,15001,0,0,0,0,0,212417,3,0
1,0,0,1,6,5,299,15001,1,0,0,0,1,183781,3,0
1,0,0,1,12,6,300,15001,0,0,0,0,0,256222,3,0
2,0,0,1,20,7,301,15001,0,0,0,0,0,245270,3,0
1,0,0,1,30,10,302,15001,0,0,0,0,0,198534,3,0
1,0,0,1,13,13,303,15001,0,0,0,0,0,254083,3,0
3,0,0,1,42,15,304,15001,0,0,0,0,0,252148,3,0
4,0,0,1,26,24,305,15001,0,0,0,0,1,234489,3,0
8,1,0,1,22,26,306,15001,1,0,0,0,1,270787,3,0
0,0,0,0,17,28,307,15001,0,0,0,0,0,241695,3,0
0,0,0,0,15,28,308,15001,0,0,0,0,0,71172,3,0
0,0,0,0,24,28,309,15001,0,0,0,0,0,270974,3,0
0,0,0,0,16,28,310,15001,0,0,0,0,0,277845,3,0
0,0,0,0,32,28,311,15001,0,0,0,0,0,210642,3,0
1,0,0,1,21,28,312,15001,0,0,0,0,0,269400,3,0
0,0,0,0,5,28,313,15001,0,0,0,0,0,256082,3,0
0,0,0,0,3,28,314,15001,0,0,0,0,0,172529,3,0
0,0,0,0,14,28,315,15001,0,0,0,0,0,260114,3,0
0,0,0,0,19,28,316,15001,0,0,0,0,0,70575,3,0
0,0,0,0,25,28,317,15001,0,0,0,0,0,270973,3,0
0,0,0,0,8,28,318,15001,0,0,0,0,0,256398,3,0
0,0,0,0,33,29,319,15001,0,0,0,0,0,278365,3,0
0,0,0,0,29,29,320,15001,0,0,0,0,0,240019,3,0
0,0,0,0,31,29,321,15001,0,0,0,0,0,71483,3,0
0,0,0,0,10,29,322,15001,0,0,0,0,0,225536,3,0
0,0,0,0,1,0,323,229,0,0,0,0,0,163587,3,0
0,0,0,0,54,3,324,229,0,0,0,0,0,252488,3,0
0,0,0,0,56,4,325,229,0,0,0,0,0,254262,3,0
3,0,0,0,14,6,326,229,0,0,0,0,1,172871,3,0
0,0,0,0,15,7,327,229,0,0,0,0,0,212678,3,0
15,1,0,1,36,23,328,229,0,0,0,0,1,236918,3,0
1,0,0,0,25,13,329,229,0,0,0,0,0,193283,3,0
0,0,0,0,23,15,330,229,0,0,0,0,0,191627,3,0
3,0,0,0,7,27,331,229,0,0,0,0,0,241947,3,0
0,0,0,0,10,18,332,229,0,0,0,0,0,246419,3,0
13,0,0,1,12,25,333,229,0,0,0,0,1,228687,3,0
3,0,0,0,17,28,334,229,0,0,0,0,0,259316,3,0
4,0,0,1,29,28,335,229,0,0,0,0,0,260162,3,0
0,0,0,0,33,28,336,229,0,0,0,0,0,241930,3,0
1,0,0,0,22,28,337,229,0,0,0,0,0,261312,3,0
0,0,0,0,26,28,338,229,0,0,0,0,0,200059,3,0
7,0,0,1,20,28,339,229,0,0,0,0,0,251651,3,0
1,0,0,0,32,28,340,229,0,0,0,0,0,264205,3,0
4,0,0,1,11,28,341,229,0,0,0,0,1,203486,3,0
0,0,0,0,18,28,342,229,0,0,0,0,0,242045,3,0
0,0,0,0,21,28,343,229,0,0,0,0,0,230613,3,0
0,0,0,0,16,28,344,229,0,0,0,0,0,246753,3,0
1,0,0,0,5,28,345,229,0,0,0,0,0,271563,3,0
0,0,0,0,61,29,346,229,0,0,0,0,0,251201,3,0
0,0,0,0,34,29,347,229,0,0,0,0,0,260168,3,0
0,0,0,0,53,29,348,229,0,0,0,0,0,255241,3,0
0,0,0,0,68,29,349,229,0,0,0,0,0,70732,3,0
0,0,0,0,73,29,350,229,0,0,0,0,0,70277,3,0
0,0,0,0,83,29,351,229,0,0,0,0,0,263558,3,0
0,0,0,0,91,0,352,230,0,0,0,0,0,254803,3,0
1,0,0,0,34,3,353,230,0,0,0,0,0,239306,3,0
0,0,0,0,33,4,354,230,0,0,0,0,0,260931,3,0
3,0,0,0,23,6,355,230,0,0,0,0,0,184087,3,0
1,0,0,0,5,7,356,230,0,0,0,0,0,236572,3,0
3,0,0,0,19,23,357,230,0,0,0,0,1,238050,3,0
0,0,0,0,8,13,358,230,0,0,0,0,0,244895,3,0
0,0,0,0,27,14,359,230,0,0,0,0,0,261539,3,0
5,0,0,1,24,15,360,230,0,0,0,0,0,243249,3,0
5,0,0,1,17,27,361,230,0,0,0,0,2,255460,3,0
10,0,0,1,18,25,362,230,0,0,0,0,0,226537,3,0
0,0,0,0,6,28,363,230,0,0,0,0,0,258433,3,0
2,0,0,0,7,28,364,230,1,0,0,0,1,225653,3,0
1,0,0,0,84,28,365,230,0,0,0,0,0,270613,3,0
0,0,0,0,44,28,366,230,0,0,0,0,0,261495,3,0
0,0,0,0,87,28,367,230,0,0,0,0,0,138026,3,0
8,0,0,1,9,28,368,230,0,0,0,0,1,273546,3,0
5,0,0,1,10,28,369,230,0,0,0,0,0,257208,3,0
0,0,0,0,2,28,370,230,0,0,0,0,0,175932,3,0
0,0,0,0,55,28,371,230,0,0,0,0,0,256199,3,0
1,0,0,0,52,28,372,230,0,0,0,0,0,273537,3,0
0,0,0,0,56,28,373,230,0,0,0,0,0,279176,3,0
0,0,0,0,60,28,374,230,0,0,0,0,0,277001,3,0
0,0,0,0,3,29,375,230,0,0,0,0,0,210828,3,0
0,0,0,0,46,29,376,230,0,0,0,0,0,279475,3,0
0,0,0,0,1,29,377,230,0,0,0,0,0,225149,3,0
0,0,0,0,81,29,378,230,0,0,0,0,0,278554,3,0
0,0,0,0,92,29,379,230,0,0,0,0,0,209673,3,0
0,0,0,0,29,0,380,231,0,0,0,0,0,222263,3,0
0,0,0,0,64,3,381,231,0,0,0,0,0,275050,3,0
0,0,0,0,4,4,382,231,0,0,0,0,0,268611,3,0
4,0,0,0,44,6,383,231,0,0,0,0,0,212204,3,0
2,0,0,0,55,7,384,231,0,0,0,0,0,251479,3,0
0,0,0,0,15,10,385,231,0,0,0,0,0,262880,3,0
0,0,0,0,8,23,386,231,0,0,0,0,0,251633,3,0
1,0,0,0,10,13,387,231,0,0,0,0,1,238235,3,0
5,0,0,1,20,15,388,231,0,0,0,0,1,200155,3,0
3,0,0,0,32,27,389,231,0,0,0,0,0,262863,3,0
16,1,0,1,99,25,390,231,0,0,0,0,0,275771,3,0
10,0,0,1,7,28,391,231,0,0,0,0,1,240017,3,0
2,0,0,0,27,28,392,231,0,0,0,0,0,210739,3,0
1,0,0,0,14,28,393,231,0,0,0,0,1,262219,3,0
0,0,0,0,58,28,394,231,0,0,0,0,0,271917,3,0
0,0,0,0,33,28,395,231,0,0,0,0,0,250754,3,0
7,0,0,1,9,28,396,231,1,0,0,0,1,265800,3,0
6,0,0,1,77,28,397,231,0,0,0,0,0,215443,3,0
0,0,0,0,22,28,398,231,0,0,0,0,0,173426,3,0
1,0,0,0,6,28,399,231,0,0,0,0,1,185349,3,0
0,0,0,0,39,28,400,231,0,0,0,0,0,213899,3,0
0,0,0,0,11,28,401,231,0,0,0,0,0,275881,3,0
0,0,0,0,28,28,402,231,0,0,0,0,0,197837,3,0
0,0,0,0,21,29,403,231,0,0,0,0,0,240784,3,0
0,0,0,0,62,29,404,231,0,0,0,0,0,275509,3,0
0,0,0,0,68,29,405,231,0,0,0,0,0,275048,3,0
0,0,0,0,66,29,406,231,0,0,0,0,0,70975,3,0
0,0,0,0,56,29,407,231,0,0,0,0,0,242732,3,0
0,0,0,0,16,0,408,232,0,0,0,0,0,237525,3,0
0,0,0,0,51,4,409,232,0,0,0,0,0,268082,3,0
1,0,0,1,34,5,410,232,0,0,0,0,0,234774,3,0
0,0,0,0,15,6,411,232,0,0,0,0,0,236454,3,0
0,0,0,0,33,10,412,232,0,0,0,0,0,279509,3,0
1,0,0,1,8,12,413,232,0,0,0,0,0,268630,3,0
7,0,0,1,6,13,414,232,0,0,0,0,1,232823,3,0
1,0,0,1,22,15,415,232,1,0,0,0,1,244843,3,0
1,0,0,1,19,16,416,232,0,0,0,0,0,237560,3,0
9,0,0,1,14,24,417,232,1,0,0,0,2,239589,3,0
4,0,0,1,9,26,418,232,1,0,0,0,3,251229,3,0
2,0,0,1,18,28,419,232,0,0,0,0,0,244853,3,0
1,0,0,1,13,28,420,232,0,0,0,0,0,238409,3,0
0,0,0,0,61,28,421,232,0,0,0,0,0,266474,3,0
1,0,0,1,20,28,422,232,0,0,0,0,0,237554,3,0
0,0,0,0,30,28,423,232,0,0,0,0,0,200076,3,0
1,0,0,1,24,28,424,232,0,0,0,0,0,230888,3,0
0,0,0,0,5,28,425,232,0,0,0,0,0,252001,3,0
0,0,0,0,25,28,426,232,0,0,0,0,0,270700,3,0
0,0,0,0,2,28,427,232,0,0,0,0,0,216105,3,0
0,0,0,0,4,28,428,232,0,0,0,0,0,241103,3,0
1,0,0,1,3,28,429,232,0,0,0,0,0,262071,3,0
0,0,0,0,40,28,430,232,0,0,0,0,0,262265,3,0
0,0,0,0,28,29,431,232,0,0,0,0,0,219469,3,0
0,0,0,0,35,29,432,232,0,0,0,0,0,260586,3,0
0,0,0,0,45,29,433,232,0,0,0,0,0,263408,3,0
0,0,0,0,31,29,434,232,0,0,0,0,0,277257,3,0
0,0,0,0,11,29,435,232,0,0,0,0,0,278350,3,0
0,0,0,0,32,29,436,232,0,0,0,0,0,268561,3,0
0,0,0,0,99,0,437,537,0,0,0,0,0,246740,3,0
0,0,0,0,1,3,438,537,0,0,0,0,0,244993,3,0
0,0,0,0,21,4,439,537,0,0,0,0,0,241692,3,0
0,0,0,0,3,6,440,537,0,0,0,0,0,240233,3,0
0,0,0,0,4,7,441,537,0,0,0,0,0,234610,3,0
0,0,0,0,18,10,442,537,0,0,0,0,0,239595,3,0
0,0,0,0,2,12,443,537,0,0,0,0,0,72647,3,0
0,0,0,0,14,16,444,537,0,0,0,0,0,228979,3,0
0,0,0,0,23,18,445,537,0,0,0,0,0,279122,3,0
0,0,0,0,5,24,446,537,0,0,0,0,0,260895,3,0
0,0,0,0,98,26,447,537,0,0,0,0,0,241177,3,0
0,0,0,0,7,28,448,537,0,0,0,0,0,72648,3,0
0,0,0,0,25,28,449,537,0,0,0,0,0,208389,3,0
0,0,0,0,8,28,450,537,0,0,0,0,0,258584,3,0
0,0,0,0,22,28,451,537,0,0,0,0,0,222909,3,0
0,0,0,0,6,28,452,537,0,0,0,0,0,72643,3,0
0,0,0,0,9,28,453,537,0,0,0,0,0,208180,3,0
0,0,0,0,10,28,454,537,0,0,0,0,0,72649,3,0
0,0,0,0,15,28,455,537,0,0,0,0,0,264711,3,0
0,0,0,0,13,28,456,537,0,0,0,0,0,72650,3,0
0,0,0,0,77,28,457,537,0,0,0,0,0,257314,3,0
0,0,0,0,12,28,458,537,0,0,0,0,0,72646,3,0
0,0,0,0,11,28,459,537,0,0,0,0,0,72642,3,0
0,0,0,0,16,0,460,670,0,0,0,0,0,239342,3,0
0,0,0,0,98,3,461,670,0,0,0,0,0,70582,3,0
0,0,0,0,2,4,462,670,0,0,0,0,0,222328,3,0
1,0,0,0,37,5,463,670,0,0,0,0,0,271027,3,0
1,0,0,0,21,6,464,670,0,0,0,0,0,262938,3,0
2,0,0,1,15,7,465,670,0,0,0,0,0,247009,3,0
4,0,0,1,26,10,466,670,0,0,0,0,0,220782,3,0
2,0,0,1,6,13,467,670,0,0,0,0,0,262925,3,0
0,0,0,0,5,15,468,670,0,0,0,0,0,270636,3,0
4,0,0,1,9,24,469,670,0,0,0,0,0,264321,3,0
0,0,0,0,10,26,470,670,0,0,0,0,0,254849,3,0
2,0,0,1,17,28,471,670,0,0,0,0,0,243953,3,0
0,0,0,0,29,28,472,670,0,0,0,0,0,258465,3,0
0,0,0,0,4,28,473,670,0,0,0,0,0,229648,3,0
0,0,0,0,32,28,474,670,0,0,0,0,0,264277,3,0
0,0,0,0,1,28,475,670,0,0,0,0,0,244119,3,0
1,0,0,0,18,28,476,670,0,0,0,0,0,235242,3,0
1,0,0,0,19,28,477,670,0,0,0,0,0,273915,3,0
0,0,0,0,13,28,478,670,0,0,0,0,0,270825,3,0
0,0,0,0,3,28,479,670,0,0,0,0,0,234817,3,0
5,0,0,1,8,28,480,670,0,0,0,0,1,277975,3,0
2,0,0,1,80,28,481,670,0,0,0,0,0,261358,3,0
0,0,0,0,25,28,482,670,0,0,0,0,0,181436,3,0
0,0,0,0,44,29,483,670,0,0,0,0,0,232294,3,0
1,0,0,0,7,29,484,670,0,0,0,0,0,227667,3,0
0,0,0,0,27,29,485,670,0,0,0,0,0,270878,3,0
0,0,0,0,66,29,486,670,0,0,0,0,0,251258,3,0
0,0,0,0,22,29,487,670,0,0,0,0,0,203886,3,0
0,0,0,0,55,29,488,670,0,0,0,0,0,269795,3,0
0,0,0,0,42,29,489,670,0,0,0,0,0,276926,3,0
0,0,0,0,12,29,490,670,0,0,0,0,0,276925,3,0
0,0,0,0,26,0,491,673,0,0,0,0,0,242879,3,0
0,0,0,0,3,4,492,673,0,0,0,0,0,243530,3,0
1,0,0,0,46,5,493,673,0,0,0,0,0,233841,3,0
0,0,0,0,2,6,494,673,0,0,0,0,0,242195,3,0
0,0,0,0,77,12,495,673,0,0,0,0,0,275353,3,0
6,0,0,1,8,13,496,673,1,0,0,0,1,229659,3,0
0,0,0,0,17,15,497,673,0,0,0,0,0,244791,3,0
1,0,0,0,18,16,498,673,0,0,0,0,0,222875,3,0
3,0,0,1,10,17,499,673,0,0,0,0,0,257504,3,0
2,0,0,0,19,19,500,673,0,0,0,0,1,252108,3,0
8,0,0,1,99,25,501,673,0,0,0,0,0,258911,3,0
6,0,0,1,14,28,502,673,0,0,0,0,0,266616,3,0
1,0,0,0,5,28,503,673,0,0,0,0,0,267626,3,0
1,0,0,0,90,28,504,673,0,0,0,0,0,274913,3,0
0,0,0,0,22,28,505,673,0,0,0,0,0,213928,3,0
0,0,0,0,1,28,506,673,0,0,0,0,0,204308,3,0
5,0,0,1,9,28,507,673,0,0,0,0,0,234683,3,0
3,0,0,1,7,28,508,673,0,0,0,0,0,263882,3,0
0,0,0,0,27,28,509,673,0,0,0,0,0,246713,3,0
1,0,0,0,24,28,510,673,0,0,0,0,0,256307,3,0
0,0,0,0,4,28,511,673,0,0,0,0,0,252868,3,0
0,0,0,0,41,28,512,673,0,0,0,0,0,270821,3,0
0,0,0,0,67,28,513,673,0,0,0,0,0,70496,3,0
0,0,0,0,68,29,514,673,0,0,0,0,0,70694,3,0
0,0,0,0,30,29,515,673,0,0,0,0,0,263619,3,0
0,0,0,0,72,29,516,673,0,0,0,0,0,278777,3,0
0,0,0,0,33,0,517,674,0,0,0,0,0,204549,3,0
1,0,0,0,5,4,518,674,0,0,0,0,0,261663,3,0
2,0,0,0,4,5,519,674,0,0,0,0,0,246826,3,0
1,0,0,0,23,6,520,674,0,0,0,0,0,236947,3,0
5,0,0,1,18,12,521,674,0,0,0,0,1,259043,3,0
6,0,0,1,6,13,522,674,4,0,0,0,4,277840,3,0
4,0,0,1,13,15,523,674,0,0,0,0,0,217287,3,0
0,0,0,0,3,16,524,674,0,0,0,0,0,262968,3,0
4,0,0,1,7,18,525,674,0,0,0,0,0,244108,3,0
10,0,0,1,10,24,526,674,0,0,0,0,1,233483,3,0
1,0,0,0,28,26,527,674,1,0,0,0,1,276048,3,0
3,0,0,0,8,28,528,674,0,0,0,0,1,216334,3,0
0,0,0,0,20,28,529,674,0,0,0,0,0,209547,3,0
0,0,0,0,25,28,530,674,0,0,0,0,0,221994,3,0
0,0,0,0,22,28,531,674,0,0,0,0,0,246415,3,0
0,0,0,0,16,28,532,674,0,0,0,0,0,237580,3,0
1,0,0,0,29,28,533,674,0,0,0,0,0,212933,3,0
0,0,0,0,9,28,534,674,0,0,0,0,0,271953,3,0
1,0,0,0,24,28,535,674,0,0,0,0,0,176009,3,0
0,0,0,0,36,28,536,674,0,0,0,0,0,70191,3,0
0,0,0,0,39,28,537,674,0,0,0,0,0,70269,3,0
0,0,0,0,14,28,538,674,0,0,0,0,0,274191,3,0
0,0,0,0,19,28,539,674,0,0,0,0,0,70427,3,0
0,0,0,0,1,29,540,674,0,0,0,0,0,206218,3,0
0,0,0,0,17,29,541,674,0,0,0,0,0,217845,3,0
0,0,0,0,26,29,542,674,0,0,0,0,0,257209,3,0
0,0,0,0,21,29,543,674,0,0,0,0,0,260961,3,0
0,0,0,0,30,29,544,674,0,0,0,0,0,257789,3,0
0,0,0,0,37,29,545,674,0,0,0,0,0,262550,3,0
0,0,0,0,32,29,546,674,0,0,0,0,0,274219,3,0
0,0,0,0,38,29,547,674,0,0,0,0,0,70271,3,0
0,0,0,0,12,29,548,674,0,0,0,0,0,257019,3,0
0,0,0,0,99,0,549,675,0,0,0,0,0,255412,3,0
0,0,0,0,5,3,550,675,0,0,0,0,0,247876,3,0
0,0,0,0,26,4,551,675,0,0,0,0,0,188756,3,0
0,0,0,0,2,6,552,675,0,0,0,0,0,258178,3,0
0,0,0,0,28,7,553,675,0,0,0,0,0,231101,3,0
0,0,0,0,1,9,554,675,0,0,0,0,0,241092,3,0
0,0,0,0,18,11,555,675,0,0,0,0,0,208422,3,0
0,0,0,0,4,12,556,675,0,0,0,0,0,251565,3,0
0,0,0,0,24,16,557,675,0,0,0,0,0,251911,3,0
0,0,0,0,10,24,558,675,0,0,0,0,0,237337,3,0
0,0,0,0,11,26,559,675,0,0,0,0,0,213305,3,0
0,0,0,0,7,28,560,675,0,0,0,0,0,257131,3,0
0,0,0,0,9,28,561,675,0,0,0,0,0,264777,3,0
0,0,0,0,6,28,562,675,0,0,0,0,0,72635,3,0
0,0,0,0,3,28,563,675,0,0,0,0,0,223931,3,0
0,0,0,0,8,28,564,675,0,0,0,0,0,244763,3,0
0,0,0,0,22,28,565,675,0,0,0,0,0,244937,3,0
0,0,0,0,21,28,566,675,0,0,0,0,0,261158,3,0
0,0,0,0,12,28,567,675,0,0,0,0,0,72626,3,0
0,0,0,0,15,28,568,675,0,0,0,0,0,72638,3,0
0,0,0,0,13,28,569,675,0,0,0,0,0,72630,3,0
0,0,0,0,14,28,570,675,0,0,0,0,0,72632,3,0
0,0,0,0,66,28,571,675,0,0,0,0,0,262940,3,0
0,0,0,0,34,29,572,675,0,0,0,0,0,258379,3,0
0,0,0,0,16,29,573,675,0,0,0,0,0,72633,3,0
0,0,0,0,17,29,574,675,0,0,0,0,0,72636,3,0
0,0,0,0,1,0,575,680,0,0,0,0,0,255981,3,0
0,0,0,0,20,4,576,680,0,0,0,0,0,276305,3,0
0,0,0,0,16,5,577,680,0,0,0,0,0,271032,3,0
0,0,0,0,31,6,578,680,0,0,0,0,0,210361,3,0
0,0,0,0,60,12,579,680,0,0,0,0,0,279667,3,0
1,0,0,1,17,13,580,680,0,0,0,0,0,266681,3,0
4,0,0,1,13,15,581,680,0,0,0,0,0,232490,3,0
1,0,0,1,77,16,582,680,0,0,0,0,0,255446,3,0
14,1,0,1,7,17,583,680,1,0,0,0,1,239028,3,0
4,0,0,1,18,19,584,680,0,0,0,0,0,260570,3,0
5,0,0,1,15,25,585,680,1,0,0,0,1,277457,3,0
0,0,0,0,6,28,586,680,0,0,0,0,0,270923,3,0
0,0,0,0,2,28,587,680,0,0,0,0,0,232849,3,0
0,0,0,0,27,28,588,680,0,0,0,0,0,234668,3,0
0,0,0,0,22,28,589,680,0,0,0,0,0,234148,3,0
0,0,0,0,12,28,590,680,0,0,0,0,0,184148,3,0
0,0,0,0,91,28,591,680,0,0,0,0,0,251156,3,0
1,0,0,1,8,28,592,680,0,0,0,0,0,260464,3,0
0,0,0,0,30,28,593,680,0,0,0,0,0,194365,3,0
0,0,0,0,11,28,594,680,0,0,0,0,0,243445,3,0
1,0,0,1,23,28,595,680,0,0,0,0,0,276267,3,0
0,0,0,0,14,28,596,680,0,0,0,0,0,256858,3,0
0,0,0,0,24,28,597,680,0,0,0,0,0,258021,3,0
0,0,0,0,25,29,598,680,0,0,0,0,0,279791,3,0
0,0,0,0,33,29,599,680,0,0,0,0,0,279806,3,0
0,0,0,0,53,29,600,680,0,0,0,0,0,279807,3,0
0,0,0,0,51,29,601,680,0,0,0,0,0,272336,3,0
0,0,0,0,35,29,602,680,0,0,0,0,0,279790,3,0
0,0,0,0,1,0,603,681,0,0,0,0,0,162220,3,0
0,0,0,0,22,3,604,681,0,0,0,0,0,242907,3,0
1,0,0,0,40,4,605,681,0,0,0,0,0,255558,3,0
0,0,0,0,33,6,606,681,0,0,0,0,0,186296,3,0
2,0,0,1,5,7,607,681,0,0,0,0,1,260521,3,0
0,0,0,0,46,9,608,681,0,0,0,0,0,276315,3,0
1,0,0,0,15,11,609,681,0,0,0,0,0,220948,3,0
6,0,0,1,18,12,610,681,0,0,0,0,0,247874,3,0
0,0,0,0,89,16,611,681,0,0,0,0,0,200529,3,0
12,0,0,1,8,18,612,681,0,0,0,0,0,243223,3,0
4,0,0,1,9,25,613,681,0,0,0,0,0,275401,3,0
1,0,0,0,39,28,614,681,0,0,0,0,0,251466,3,0
0,0,0,0,4,28,615,681,0,0,0,0,0,261661,3,0
1,0,0,0,24,28,616,681,1,0,0,0,1,259087,3,0
1,0,0,0,25,28,617,681,0,0,0,0,0,274057,3,0
0,0,0,0,20,28,618,681,0,0,0,0,0,216348,3,0
0,0,0,0,14,28,619,681,0,0,0,0,0,268724,3,0
0,0,0,0,90,28,620,681,0,0,0,0,0,251575,3,0
0,0,0,0,6,28,621,681,0,0,0,0,0,235661,3,0
1,0,0,0,32,28,622,681,0,0,0,0,0,208140,3,0
2,0,0,1,17,28,623,681,0,0,0,0,0,275051,3,0
0,0,0,0,2,28,624,681,0,0,0,0,0,199865,3,0
6,0,0,1,76,28,625,681,0,0,0,0,0,262657,3,0
0,0,0,0,30,29,626,681,0,0,0,0,0,209293,3,0
0,0,0,0,77,29,627,681,0,0,0,0,0,277755,3,0
0,0,0,0,3,29,628,681,0,0,0,0,0,279048,3,0
0,0,0,0,28,29,629,681,0,0,0,0,0,269973,3,0
0,0,0,0,19,29,630,681,0,0,0,0,0,277074,3,0
0,0,0,0,34,29,631,681,0,0,0,0,0,277077,3,0
0,0,0,0,1,0,632,1750,0,0,0,0,0,255754,3,0
0,0,0,0,41,3,633,1750,0,0,0,0,0,259586,3,0
1,0,0,0,3,4,634,1750,1,0,0,0,1,263549,3,0
0,0,0,0,4,6,635,1750,0,0,0,0,0,256459,3,0
0,0,0,0,66,7,636,1750,0,0,0,0,0,268067,3,0
0,0,0,0,28,9,637,1750,0,0,0,0,0,201438,3,0
2,0,0,1,22,11,638,1750,0,0,0,0,0,226431,3,0
7,0,0,1,11,12,639,1750,1,0,0,0,2,263397,3,0
1,0,0,0,10,16,640,1750,0,0,0,0,1,279930,3,0
0,0,0,0,6,18,641,1750,0,0,0,0,0,264869,3,0
23,1,0,1,9,25,642,1750,1,0,0,1,1,237254,3,0
0,0,0,0,17,28,643,1750,0,0,0,0,0,251845,3,0
0,0,0,0,5,28,644,1750,0,0,0,0,0,258687,3,0
1,0,0,0,20,28,645,1750,0,0,0,0,0,261531,3,0
0,0,0,0,18,28,646,1750,0,0,0,0,0,213328,3,0
0,0,0,0,89,28,647,1750,0,0,0,0,0,182897,3,0
5,0,0,1,34,28,648,1750,1,0,0,0,1,251189,3,0
3,0,0,1,19,28,649,1750,0,0,0,0,0,268787,3,0
0,0,0,0,7,28,650,1750,0,0,0,0,0,278260,3,0
0,0,0,0,27,28,651,1750,0,0,0,0,0,262026,3,0
0,0,0,0,76,28,652,1750,0,0,0,0,0,278552,3,0
0,0,0,0,8,28,653,1750,0,0,0,0,0,70115,3,0
0,0,0,0,21,28,654,1750,0,0,0,0,0,258763,3,0
0,0,0,0,77,29,655,1750,0,0,0,0,0,276234,3,0
0,0,0,0,29,29,656,1750,0,0,0,0,0,270647,3,0
0,0,0,0,45,29,657,1750,0,0,0,0,0,219793,3,0
0,0,0,0,81,29,658,1750,0,0,0,0,0,279049,3,0
0,0,0,0,84,29,659,1750,0,0,0,0,0,268069,3,0
0,0,0,0,99,29,660,1750,0,0,0,0,0,70273,3,0
0,0,0,0,68,29,661,1750,0,0,0,0,0,279664,3,0
0,0,0,0,49,0,662,2014,0,0,0,0,0,184167,3,0
3,0,0,0,21,3,663,2014,0,0,0,0,1,233965,3,0
0,0,0,0,5,4,664,2014,0,0,0,0,0,233230,3,0
1,0,0,0,16,5,665,2014,0,0,0,0,0,210044,3,0
0,0,0,0,28,6,666,2014,0,0,0,0,0,232873,3,0
5,0,0,1,10,7,667,2014,0,0,0,0,0,244318,3,0
0,0,0,0,24,10,668,2014,0,0,0,0,0,244889,3,0
2,0,0,0,4,13,669,2014,0,0,0,0,0,225266,3,0
5,0,0,1,23,15,670,2014,0,0,0,0,0,256688,3,0
12,0,0,1,29,24,671,2014,1,0,0,0,1,223933,3,0
17,1,0,1,47,26,672,2014,0,0,0,0,0,264697,3,0
7,0,0,1,9,28,673,2014,0,0,0,0,0,239323,3,0
0,0,0,0,8,28,674,2014,0,0,0,0,0,234948,3,0
0,0,0,0,27,28,675,2014,0,0,0,0,0,269230,3,0
0,0,0,0,11,28,676,2014,0,0,0,0,0,276316,3,0
0,0,0,0,12,28,677,2014,0,0,0,0,0,193247,3,0
1,0,0,0,7,28,678,2014,0,0,0,0,0,231322,3,0
3,0,0,0,17,28,679,2014,0,0,0,0,1,258489,3,0
0,0,0,0,19,28,680,2014,0,0,0,0,0,184156,3,0
0,0,0,0,48,28,681,2014,0,0,0,0,0,275207,3,0
4,0,0,0,26,28,682,2014,0,0,0,0,1,235572,3,0
3,0,0,0,13,28,683,2014,0,0,0,0,0,272569,3,0
0,0,0,0,35,28,684,2014,0,0,0,0,0,277688,3,0
0,0,0,0,34,29,685,2014,0,0,0,0,0,244583,3,0
0,0,0,0,14,29,686,2014,0,0,0,0,0,239594,3,0
0,0,0,0,85,29,687,2014,0,0,0,0,0,267769,3,0
0,0,0,0,32,29,688,2014,0,0,0,0,0,70276,3,0
0,0,0,0,95,0,689,100081,0,0,0,0,0,223957,3,0
0,0,0,0,6,3,690,100081,0,0,0,0,0,262024,3,0
0,0,0,0,4,4,691,100081,0,0,0,0,0,266581,3,0
0,0,0,0,44,5,692,100081,0,0,0,0,0,270585,3,0
0,0,0,0,24,6,693,100081,0,0,0,0,0,247421,3,0
2,0,0,1,11,7,694,100081,0,0,0,0,0,263654,3,0
0,0,0,0,27,10,695,100081,0,0,0,0,0,235799,3,0
1,0,0,1,70,13,696,100081,0,0,0,0,0,203633,3,0
4,0,0,1,10,15,697,100081,0,0,0,0,2,264201,3,0
3,0,0,1,20,24,698,100081,0,0,0,0,0,219988,3,0
8,0,0,1,39,26,699,100081,1,0,0,0,2,257438,3,0
0,0,0,0,16,28,700,100081,0,0,0,0,0,252489,3,0
0,0,0,0,15,28,701,100081,0,0,0,0,0,233544,3,0
1,0,0,1,54,28,702,100081,0,0,0,0,0,224021,3,0
0,0,0,0,21,28,703,100081,0,0,0,0,0,263707,3,0
1,0,0,1,1,28,704,100081,0,0,0,0,0,269752,3,0
1,0,0,1,9,28,705,100081,0,0,0,0,0,245225,3,0
0,0,0,0,17,28,706,100081,0,0,0,0,0,70729,3,0
0,0,0,0,68,28,707,100081,0,0,0,0,0,221350,3,0
0,0,0,0,8,28,708,100081,0,0,0,0,0,267829,3,0
0,0,0,0,33,28,709,100081,0,0,0,0,0,263460,3,0
0,0,0,0,7,28,710,100081,0,0,0,0,0,246329,3,0
0,0,0,0,89,28,711,100081,0,0,0,0,0,268618,3,0
0,0,0,0,13,29,712,100081,0,0,0,0,0,277066,3,0
0,0,0,0,5,29,713,100081,0,0,0,0,0,267776,3,0
0,0,0,0,99,29,714,100081,0,0,0,0,0,70274,3,0
0,0,0,0,2,29,715,100081,0,0,0,0,0,260142,3,0
0,0,0,0,14,29,716,100081,0,0,0,0,0,213777,3,0
0,0,0,0,40,29,717,100081,0,0,0,0,0,70589,3,0
1,0,0,1,76,29,718,100081,0,0,0,0,0,277907,3,0
0,0,0,0,1,0,719,100087,0,0,0,0,0,243294,3,0
1,0,0,0,23,4,720,100087,0,0,0,0,0,277214,3,0
3,0,0,1,28,5,721,100087,0,0,0,0,1,246157,3,0
1,0,0,0,14,6,722,100087,0,0,0,0,0,232437,3,0
2,0,0,0,52,12,723,100087,0,0,0,0,0,275087,3,0
2,0,0,0,11,13,724,100087,0,0,0,0,0,276216,3,0
3,0,0,1,8,15,725,100087,0,0,0,0,0,209780,3,0
0,0,0,0,30,16,726,100087,0,0,0,0,0,260282,3,0
4,0,0,1,88,17,727,100087,0,0,0,0,0,237138,3,0
4,0,0,1,7,19,728,100087,0,0,0,0,0,241474,3,0
3,0,0,1,9,25,729,100087,0,0,0,0,0,262314,3,0
2,0,0,0,43,28,730,100087,1,0,0,0,1,270864,3,0
1,0,0,0,19,28,731,100087,0,0,0,0,0,278154,3,0
0,0,0,0,6,28,732,100087,0,0,0,0,0,188421,3,0
0,0,0,0,24,28,733,100087,0,0,0,0,0,245156,3,0
0,0,0,0,16,28,734,100087,0,0,0,0,0,231841,3,0
1,0,0,0,33,28,735,100087,0,0,0,0,0,220847,3,0
1,0,0,0,17,28,736,100087,0,0,0,0,0,232882,3,0
3,0,0,1,20,28,737,100087,0,0,0,0,0,238346,3,0
1,0,0,0,18,28,738,100087,0,0,0,0,0,226130,3,0
0,0,0,0,13,28,739,100087,0,0,0,0,0,240658,3,0
1,0,0,0,21,28,740,100087,0,0,0,0,0,274359,3,0
0,0,0,0,77,28,741,100087,0,0,0,0,0,246185,3,0
0,0,0,0,25,29,742,100087,0,0,0,0,0,263892,3,0
0,0,0,0,5,29,743,100087,0,0,0,0,0,205578,3,0
0,0,0,0,15,29,744,100087,0,0,0,0,0,247668,3,0
0,0,0,0,38,29,745,100087,0,0,0,0,0,257791,3,0
0,0,0,0,22,29,746,100087,0,0,0,0,0,262141,3,0
0,0,0,0,44,29,747,100087,0,0,0,0,0,241281,3,0
0,0,0,0,1,0,748,110724,0,0,0,0,0,234903,3,0
0,0,0,0,42,4,749,110724,0,0,0,0,0,70730,3,0
1,0,0,0,27,5,750,110724,0,0,0,0,0,235729,3,0
0,0,0,0,22,6,751,110724,0,0,0,0,0,232526,3,0
5,0,0,1,7,23,752,110724,0,0,0,0,1,195065,3,0
4,0,0,1,77,12,753,110724,0,0,0,0,1,224252,3,0
0,0,0,0,34,13,754,110724,0,0,0,0,0,274447,3,0
6,0,0,1,16,15,755,110724,0,0,0,0,0,205369,3,0
2,0,0,0,23,16,756,110724,0,0,0,0,0,242003,3,0
7,0,0,1,19,27,757,110724,0,0,0,0,3,227689,3,0
0,0,0,0,13,25,758,110724,0,0,0,0,0,217699,3,0
1,0,0,0,11,28,759,110724,0,0,0,0,0,212205,3,0
0,0,0,0,8,28,760,110724,0,0,0,0,0,253039,3,0
0,0,0,0,5,28,761,110724,0,0,0,0,0,205618,3,0
0,0,0,0,21,28,762,110724,0,0,0,0,0,215970,3,0
0,0,0,0,15,28,763,110724,0,0,0,0,0,188202,3,0
2,0,0,0,20,28,764,110724,0,0,0,0,0,239418,3,0
3,0,0,1,70,28,765,110724,0,0,0,0,0,264621,3,0
0,0,0,0,6,28,766,110724,0,0,0,0,0,248772,3,0
0,0,0,0,39,28,767,110724,0,0,0,0,0,257163,3,0
0,0,0,0,40,28,768,110724,0,0,0,0,0,277208,3,0
0,0,0,0,12,28,769,110724,0,0,0,0,0,70272,3,0
0,0,0,0,37,28,770,110724,0,0,0,0,0,70498,3,0
2,0,0,0,35,29,771,110724,0,0,0,0,1,277072,3,0
0,0,0,0,44,29,772,110724,0,0,0,0,0,257787,3,0
0,0,0,0,31,29,773,110724,0,0,0,0,0,277207,3,0
1,0,0,0,17,29,774,110724,0,0,0,0,0,276314,3,0
0,0,0,0,4,29,775,110724,0,0,0,0,0,257091,3,0
3,0,0,1,38,29,776,110724,0,0,0,0,0,279050,3,0
0,0,0,0,36,29,777,110724,0,0,0,0,0,271336,3,0
0,0,0,0,40,0,778,245,0,0,0,0,0,248478,3,0
2,0,0,0,2,3,779,245,0,0,0,0,0,258826,3,0
0,0,0,0,37,4,780,245,0,0,0,0,0,256325,4,0
0,0,0,0,13,6,781,245,0,0,0,0,0,264728,4,0
1,0,0,0,4,7,782,245,0,0,0,0,0,272978,3,0
0,0,0,0,16,10,783,245,0,0,0,0,0,263823,3,0
4,0,0,0,23,23,784,245,0,0,0,0,0,200260,4,0
0,0,0,0,6,13,785,245,0,0,0,0,0,183711,3,0
5,0,0,1,8,15,786,245,0,0,0,0,2,255009,3,0
12,0,0,1,7,27,787,245,0,0,0,0,3,225953,5,0
18,1,0,1,9,25,788,245,0,0,0,0,1,251810,3,0
2,0,0,0,11,28,789,245,0,0,0,0,0,277426,3,0
2,0,0,0,21,28,790,245,0,0,0,0,0,229158,3,0
0,0,0,0,25,28,791,245,0,0,0,0,0,243388,3,0
1,0,0,0,3,28,792,245,0,0,0,0,0,269153,3,0
0,0,0,0,1,28,793,245,0,0,0,0,0,215316,4,0
11,0,0,1,10,28,794,245,0,0,0,0,1,213418,4,0
7,0,0,1,38,28,795,245,0,0,0,0,0,274927,3,0
0,0,0,0,12,28,796,245,0,0,0,0,0,262262,3,0
1,0,0,0,18,28,797,245,0,0,0,0,0,251288,3,0
0,0,0,0,22,28,798,245,0,0,0,0,0,162328,3,0
0,0,0,0,30,28,799,245,0,0,0,0,0,247467,3,0
2,0,0,0,33,28,800,245,0,0,0,0,0,272596,3,0
0,0,0,0,28,29,801,245,0,0,0,0,0,262218,3,0
0,0,0,0,39,29,802,245,0,0,0,0,0,258378,3,0
0,0,0,0,24,29,803,245,0,0,0,0,0,272981,3,0
0,0,0,0,27,29,804,245,0,0,0,0,0,266448,3,0
0,0,0,0,42,29,805,245,0,0,0,0,0,264221,3,0
0,0,0,0,47,29,806,245,0,0,0,0,0,278911,3,0
0,0,0,0,19,29,807,245,0,0,0,0,0,260920,3,0
0,0,0,0,43,29,808,245,0,0,0,0,0,272980,3,0
0,0,0,0,56,29,809,245,0,0,0,0,0,70461,3,0
0,0,0,0,50,29,810,245,0,0,0,0,0,278216,3,0
0,0,0,0,51,29,811,245,0,0,0,0,0,264415,3,0
0,0,0,0,49,29,812,245,0,0,0,0,0,272983,3,0
0,0,0,0,41,29,813,245,0,0,0,0,0,278912,3,0
0,0,0,0,53,29,814,245,0,0,0,0,0,279508,3,0
0,0,0,0,1,0,815,246,0,0,0,0,0,232229,4,0
7,0,0,1,4,3,816,246,0,0,0,0,1,241187,3,0
0,0,0,0,3,4,817,246,0,0,0,0,0,263773,4,0
4,0,0,0,33,6,818,246,0,0,0,0,0,247103,4,0
0,0,0,0,15,7,819,246,0,0,0,0,0,246014,3,0
10,0,0,1,19,23,820,246,0,0,0,0,1,271800,4,0
5,0,0,0,20,13,821,246,0,0,0,0,0,248793,3,0
7,0,0,1,8,15,822,246,0,0,0,0,0,251806,3,0
9,0,0,1,14,27,823,246,0,0,0,0,0,271400,3,0
6,0,0,0,10,18,824,246,0,0,0,0,1,236593,4,0
23,1,0,1,29,25,825,246,0,0,0,0,2,245152,3,0
0,0,0,0,6,28,826,246,0,0,0,0,0,252383,3,0
1,0,0,0,32,28,827,246,0,0,0,0,0,258208,3,0
0,0,0,0,18,28,828,246,0,0,0,0,0,199813,3,0
1,0,0,0,2,28,829,246,0,0,0,0,0,226662,3,0
0,0,0,0,22,28,830,246,0,0,0,0,0,223686,3,0
3,0,0,0,17,28,831,246,0,0,0,0,1,252931,3,0
5,0,0,0,9,28,832,246,0,0,0,0,2,252162,4,0
0,0,0,0,7,28,833,246,0,0,0,0,0,215871,3,0
0,0,0,0,16,28,834,246,0,0,0,0,0,245338,3,0
0,0,0,0,31,28,835,246,0,0,0,0,0,199568,3,0
2,0,0,0,25,28,836,246,0,0,0,0,0,277482,3,0
1,0,0,0,27,28,837,246,0,0,0,0,0,263640,3,0
0,0,0,0,26,29,838,246,0,0,0,0,0,271266,3,0
0,0,0,0,24,29,839,246,0,0,0,0,0,277483,3,0
0,0,0,0,63,29,840,246,0,0,0,0,0,72071,3,0
0,0,0,0,39,29,841,246,0,0,0,0,0,278023,3,0
0,0,0,0,41,29,842,246,0,0,0,0,0,277928,3,0
0,0,0,0,5,29,843,246,0,0,0,0,0,271121,3,0
0,0,0,0,1,0,844,247,0,0,0,0,0,215223,3,0
2,0,0,0,3,3,845,247,0,0,0,0,1,245211,2,0
3,0,0,0,5,4,846,247,0,0,0,0,0,210007,3,0
3,0,0,0,18,6,847,247,0,0,0,0,1,225863,3,0
1,0,0,0,17,7,848,247,0,0,0,0,0,241509,4,0
3,0,0,0,22,10,849,247,0,0,0,0,1,235149,4,0
12,0,0,1,11,23,850,247,0,0,0,0,1,265450,3,0
10,0,0,1,20,13,851,247,0,0,0,0,0,235663,2,0
5,0,0,0,23,15,852,247,0,0,0,0,0,253109,4,0
6,0,0,0,27,27,853,247,0,0,0,0,0,221992,2,0
27,1,0,1,9,25,854,247,0,0,0,0,0,189805,3,0
9,0,0,1,10,28,855,247,0,0,0,0,0,256853,2,0
5,0,0,0,34,28,856,247,0,0,0,0,0,259480,2,0
1,0,0,0,30,28,857,247,0,0,0,0,0,186190,3,0
0,0,0,0,6,28,858,247,0,0,0,0,0,247497,3,0
0,0,0,0,16,28,859,247,0,0,0,0,0,228279,4,0
7,0,0,1,14,28,860,247,0,0,0,0,0,251223,3,0
0,0,0,0,4,28,861,247,0,0,0,0,0,241171,3,0
1,0,0,0,26,28,862,247,0,0,0,0,0,277465,3,0
0,0,0,0,37,28,863,247,0,0,0,0,0,256098,3,0
0,0,0,0,2,28,864,247,0,0,0,0,0,260099,3,0
0,0,0,0,24,28,865,247,0,0,0,0,0,137552,3,0
1,0,0,0,38,28,866,247,0,0,0,0,0,70775,3,0
0,0,0,0,31,29,867,247,0,0,0,0,0,275411,3,0
2,0,0,0,8,29,868,247,0,0,0,0,0,251804,3,0
4,0,0,0,7,29,869,247,0,0,0,0,0,239380,3,0
0,0,0,0,40,29,870,247,0,0,0,0,0,268131,3,0
0,0,0,0,42,29,871,247,0,0,0,0,0,272769,3,0
0,0,0,0,99,0,872,634,0,0,0,0,0,231413,3,0
0,0,0,0,12,3,873,634,0,0,0,0,0,197860,4,0
3,0,0,1,14,4,874,634,0,0,0,0,0,263556,5,0
0,0,0,0,33,6,875,634,0,0,0,0,0,209669,3,0
0,0,0,0,35,7,876,634,0,0,0,0,0,208459,3,0
2,0,0,0,6,9,877,634,0,0,0,0,0,235355,3,0
1,0,0,0,32,11,878,634,0,0,0,0,0,262412,4,0
3,0,0,1,21,12,879,634,0,0,0,0,0,251629,3,0
4,0,0,1,7,16,880,634,0,0,0,0,1,229764,4,0
4,0,0,1,10,18,881,634,0,0,0,0,0,216349,3,0
12,0,0,1,9,25,882,634,0,0,0,0,0,239378,3,0
1,0,0,0,15,28,883,634,0,0,0,0,0,196934,3,0
0,0,0,0,8,28,884,634,0,0,0,0,0,210386,3,0
0,0,0,0,2,28,885,634,0,0,0,0,0,251456,3,0
0,0,0,0,61,28,886,634,0,0,0,0,0,258468,3,0
0,0,0,0,1,28,887,634,0,0,0,0,0,202457,5,0
0,0,0,0,11,28,888,634,0,0,0,0,0,266891,3,0
0,0,0,0,27,28,889,634,0,0,0,0,0,259679,3,0
1,0,0,0,23,28,890,634,0,0,0,0,0,230557,3,0
0,0,0,0,19,28,891,634,0,0,0,0,0,229354,3,0
0,0,0,0,34,28,892,634,0,0,0,0,0,262267,3,0
0,0,0,0,3,28,893,634,0,0,0,0,0,263949,3,0
1,0,0,0,20,28,894,634,0,0,0,0,0,245565,3,0
0,0,0,0,17,29,895,634,0,0,0,0,0,271812,3,0
0,0,0,0,24,29,896,634,0,0,0,0,0,253372,3,0
0,0,0,0,22,29,897,634,0,0,0,0,0,247058,3,0
0,0,0,0,16,29,898,634,0,0,0,0,0,278873,3,0
0,0,0,0,1,0,899,1903,0,0,0,0,0,239272,3,0
0,0,0,0,2,3,900,1903,0,0,0,0,0,198147,3,0
1,0,0,0,3,4,901,1903,0,0,0,0,0,207725,3,0
1,0,0,0,24,6,902,1903,0,0,0,0,0,193440,3,0
0,0,0,0,16,7,903,1903,0,0,0,0,0,262473,3,0
2,0,0,0,34,9,904,1903,0,0,0,0,0,270633,3,0
2,0,0,0,8,11,905,1903,0,0,0,0,0,265518,2,0
4,0,0,1,18,12,906,1903,0,0,0,0,0,198006,3,0
4,0,0,1,37,16,907,1903,0,0,0,0,0,228859,2,0
6,0,0,1,7,18,908,1903,0,0,0,0,1,239379,2,0
9,0,0,1,9,25,909,1903,0,0,0,0,0,236498,2,0
3,0,0,0,26,28,910,1903,0,0,0,0,0,244602,3,0
3,0,0,0,6,28,911,1903,0,0,0,0,0,256890,3,0
0,0,0,0,5,28,912,1903,0,0,0,0,0,226436,3,0
0,0,0,0,23,28,913,1903,0,0,0,0,0,247330,3,0
0,0,0,0,31,28,914,1903,0,0,0,0,0,210832,3,0
5,0,0,1,10,28,915,1903,0,0,0,0,0,256887,2,0
0,0,0,0,11,28,916,1903,0,0,0,0,0,251948,3,0
0,0,0,0,29,28,917,1903,0,0,0,0,0,239571,3,0
0,0,0,0,17,28,918,1903,0,0,0,0,0,234522,3,0
1,0,0,0,77,28,919,1903,0,0,0,0,0,259114,3,0
0,0,0,0,36,28,920,1903,0,0,0,0,0,243293,3,0
0,0,0,0,32,28,921,1903,0,0,0,0,0,233725,3,0
0,0,0,0,14,29,922,1903,0,0,0,0,0,265788,2,0
0,0,0,0,19,29,923,1903,0,0,0,0,0,254503,3,0
0,0,0,0,38,29,924,1903,0,0,0,0,0,277801,3,0
0,0,0,0,46,29,925,1903,0,0,0,0,0,70007,3,0
0,0,0,0,45,29,926,1903,0,0,0,0,0,71768,3,0
0,0,0,0,44,29,927,1903,0,0,0,0,0,279648,3,0
1,0,0,0,15,29,928,1903,0,0,0,0,0,271746,3,0
0,0,0,0,47,29,929,1903,0,0,0,0,0,274407,3,0
0,0,0,0,61,29,930,1903,0,0,0,0,0,266517,3,0
0,0,0,0,33,29,931,1903,0,0,0,0,0,279589,3,0
0,0,0,0,49,29,932,1903,0,0,0,0,0,70460,3,0
0,0,0,0,35,29,933,1903,0,0,0,0,0,278786,3,0
0,0,0,0,41,29,934,1903,0,0,0,0,0,264112,3,0
0,0,0,0,51,29,935,1903,0,0,0,0,0,269573,3,0
0,0,0,0,99,0,936,1904,0,0,0,0,0,233101,3,0
0,0,0,0,1,3,937,1904,0,0,0,0,0,241693,3,0
0,0,0,0,2,4,938,1904,0,0,0,0,0,72710,3,0
0,0,0,0,3,6,939,1904,0,0,0,0,0,246716,3,0
0,0,0,0,4,7,940,1904,0,0,0,0,0,251812,3,0
0,0,0,0,5,9,941,1904,0,0,0,0,0,198811,3,0
0,0,0,0,6,11,942,1904,0,0,0,0,0,258870,3,0
0,0,0,0,7,23,943,1904,0,0,0,0,0,265742,3,0
0,0,0,0,8,14,944,1904,0,0,0,0,0,72611,3,0
0,0,0,0,9,27,945,1904,0,0,0,0,0,252141,3,0
0,0,0,0,10,25,946,1904,0,0,0,0,0,233707,3,0
0,0,0,0,12,28,947,1904,0,0,0,0,0,224185,3,0
0,0,0,0,15,28,948,1904,0,0,0,0,0,270991,3,0
0,0,0,0,13,28,949,1904,0,0,0,0,0,229518,3,0
0,0,0,0,11,28,950,1904,0,0,0,0,0,72711,3,0
0,0,0,0,14,28,951,1904,0,0,0,0,0,264265,3,0
0,0,0,0,16,28,952,1904,0,0,0,0,0,227509,3,0
0,0,0,0,17,28,953,1904,0,0,0,0,0,255360,3,0
0,0,0,0,18,28,954,1904,0,0,0,0,0,207499,3,0
0,0,0,0,19,28,955,1904,0,0,0,0,0,255002,3,0
0,0,0,0,21,28,956,1904,0,0,0,0,0,266052,3,0
0,0,0,0,20,28,957,1904,0,0,0,0,0,260169,3,0
0,0,0,0,1,0,958,1905,0,0,0,0,0,250916,4,0
1,0,0,0,23,3,959,1905,0,0,0,0,1,250917,3,0
1,0,0,0,4,4,960,1905,0,0,0,0,1,251895,3,0
0,0,0,0,3,6,961,1905,0,0,0,0,0,225531,3,0
0,0,0,0,28,7,962,1905,0,0,0,0,0,188621,3,0
0,0,0,0,24,9,963,1905,0,0,0,0,0,239558,3,0
5,0,0,1,6,11,964,1905,0,0,0,0,0,254680,3,0
1,0,0,0,14,12,965,1905,0,0,0,0,0,272977,2,0
2,0,0,1,20,16,966,1905,0,0,0,0,0,204684,2,0
2,0,0,1,27,18,967,1905,0,0,0,0,0,235324,2,0
10,0,0,1,9,25,968,1905,0,0,0,0,3,257959,2,0
1,0,0,0,7,28,969,1905,0,0,0,0,0,254268,3,0
0,0,0,0,11,28,970,1905,0,0,0,0,0,208790,3,0
0,0,0,0,25,28,971,1905,0,0,0,0,0,195363,3,0
0,0,0,0,2,28,972,1905,0,0,0,0,0,229907,3,0
0,0,0,0,21,28,973,1905,0,0,0,0,0,216833,3,0
8,0,0,1,29,28,974,1905,0,0,0,0,0,184614,3,0
3,0,0,1,19,28,975,1905,0,0,0,0,1,247120,4,0
0,0,0,0,5,28,976,1905,0,0,0,0,0,252169,3,0
2,0,0,1,10,28,977,1905,0,0,0,0,0,263169,3,0
1,0,0,0,35,28,978,1905,0,0,0,0,0,270011,3,0
0,0,0,0,8,28,979,1905,0,0,0,0,0,252593,3,0
0,0,0,0,13,28,980,1905,0,0,0,0,0,236716,3,0
0,0,0,0,22,29,981,1905,0,0,0,0,0,256486,3,0
0,0,0,0,30,29,982,1905,0,0,0,0,0,277968,3,0
0,0,0,0,31,29,983,1905,0,0,0,0,0,265745,3,0
0,0,0,0,15,29,984,1905,0,0,0,0,0,259468,3,0
0,0,0,0,1,0,985,1906,0,0,0,0,0,199005,4,0
4,0,0,1,2,3,986,1906,0,0,0,0,0,242916,4,0
0,0,0,0,5,4,987,1906,0,0,0,0,0,264288,4,0
0,0,0,0,25,6,988,1906,0,0,0,0,0,212269,3,0
1,0,0,0,18,7,989,1906,0,0,0,0,0,262135,3,0
0,0,0,0,14,10,990,1906,0,0,0,0,0,253082,4,0
2,0,0,0,11,23,991,1906,0,0,0,0,1,244513,5,0
3,0,0,1,16,13,992,1906,0,0,0,0,1,254789,4,0
10,0,0,1,10,15,993,1906,0,0,0,0,0,239361,3,0
5,0,0,1,15,27,994,1906,0,0,0,0,1,275592,3,0
28,1,0,1,9,25,995,1906,0,0,0,1,1,229188,3,0
1,0,0,0,21,28,996,1906,0,0,0,0,0,264219,3,0
2,0,0,0,8,28,997,1906,0,0,0,0,0,199422,3,0
1,0,0,0,4,28,998,1906,0,0,0,0,0,199550,3,0
0,0,0,0,30,28,999,1906,0,0,0,0,0,267446,3,0
0,0,0,0,12,28,1000,1906,0,0,0,0,0,200696,3,0
2,0,0,0,19,28,1001,1906,0,0,0,0,1,269159,3,0
3,0,0,1,23,28,1002,1906,0,0,0,0,0,256427,3,0
0,0,0,0,27,28,1003,1906,0,0,0,0,0,264022,3,0
1,0,0,0,6,28,1004,1906,0,0,0,0,0,251436,3,0
0,0,0,0,34,28,1005,1906,0,0,0,0,0,263099,4,0
0,0,0,0,3,28,1006,1906,0,0,0,0,0,273752,3,0
0,0,0,0,22,28,1007,1906,0,0,0,0,0,268106,3,0
0,0,0,0,17,29,1008,1906,0,0,0,0,0,279239,3,0
0,0,0,0,20,29,1009,1906,0,0,0,0,0,272958,3,0
0,0,0,0,62,29,1010,1906,0,0,0,0,0,72205,3,0
0,0,0,0,45,29,1011,1906,0,0,0,0,0,71532,3,0
0,0,0,0,13,29,1012,1906,0,0,0,0,0,264211,3,0
3,0,0,1,28,29,1013,1906,0,0,0,0,0,269259,3,0
0,0,0,0,24,29,1014,1906,0,0,0,0,0,274528,3,0
0,0,0,0,64,29,1015,1906,0,0,0,0,0,71356,3,0
0,0,0,0,31,29,1016,1906,0,0,0,0,0,272961,3,0
0,0,0,0,44,29,1017,1906,0,0,0,0,0,277864,3,0
0,0,0,0,53,29,1018,1906,0,0,0,0,0,279661,3,0
0,0,0,0,99,29,1019,1906,0,0,0,0,0,279662,3,0
0,0,0,0,99,0,1020,1907,0,0,0,0,0,204931,3,0
0,0,0,0,1,3,1021,1907,0,0,0,0,0,253376,3,0
0,0,0,0,2,4,1022,1907,0,0,0,0,0,200200,3,0
0,0,0,0,3,6,1023,1907,0,0,0,0,0,252318,3,0
0,0,0,0,4,7,1024,1907,0,0,0,0,0,72400,3,0
0,0,0,0,5,23,1025,1907,0,0,0,0,0,262256,3,0
0,0,0,0,6,13,1026,1907,0,0,0,0,0,264452,3,0
0,0,0,0,7,15,1027,1907,0,0,0,0,0,257317,3,0
0,0,0,0,8,27,1028,1907,0,0,0,0,0,228568,3,0
0,0,0,0,9,18,1029,1907,0,0,0,0,0,257484,3,0
0,0,0,0,10,25,1030,1907,0,0,0,0,0,260564,3,0
0,0,0,0,14,28,1031,1907,0,0,0,0,0,266330,3,0
0,0,0,0,11,28,1032,1907,0,0,0,0,0,252149,3,0
0,0,0,0,15,28,1033,1907,0,0,0,0,0,269460,3,0
0,0,0,0,12,28,1034,1907,0,0,0,0,0,252342,3,0
0,0,0,0,13,28,1035,1907,0,0,0,0,0,260042,3,0
0,0,0,0,16,28,1036,1907,0,0,0,0,0,204136,3,0
0,0,0,0,17,28,1037,1907,0,0,0,0,0,220178,3,0
0,0,0,0,1,0,1038,1908,0,0,0,0,0,199833,3,0
2,0,0,0,8,3,1039,1908,0,0,0,0,1,265390,4,0
0,0,0,0,2,4,1040,1908,0,0,0,0,0,259163,3,0
3,0,0,1,3,6,1041,1908,0,0,0,0,1,208462,5,0
0,0,0,0,5,7,1042,1908,0,0,0,0,0,257502,3,0
1,0,0,0,4,9,1043,1908,0,0,0,0,0,259478,3,0
1,0,0,0,23,11,1044,1908,0,0,0,0,0,245209,3,0
6,0,0,1,11,12,1045,1908,0,0,0,0,0,259563,4,0
2,0,0,0,18,16,1046,1908,0,0,0,0,0,229435,3,0
17,1,0,1,14,18,1047,1908,0,0,0,0,4,244728,5,0
15,0,0,1,9,25,1048,1908,0,0,0,0,1,184457,4,0
3,0,0,1,19,28,1049,1908,0,0,0,0,0,275418,3,0
0,0,0,0,12,28,1050,1908,0,0,0,0,0,237511,3,0
0,0,0,0,34,28,1051,1908,0,0,0,0,0,268728,4,0
0,0,0,0,38,28,1052,1908,0,0,0,0,0,259673,3,0
0,0,0,0,22,28,1053,1908,0,0,0,0,0,176094,3,0
3,0,0,1,21,28,1054,1908,0,0,0,0,0,239956,3,0
0,0,0,0,6,28,1055,1908,0,0,0,0,0,234203,3,0
0,0,0,0,7,28,1056,1908,0,0,0,0,0,231864,3,0
3,0,0,1,10,28,1057,1908,0,0,0,0,1,255010,4,0
0,0,0,0,17,28,1058,1908,0,0,0,0,0,247931,3,0
0,0,0,0,16,28,1059,1908,0,0,0,0,0,239371,3,0
0,0,0,0,41,28,1060,1908,0,0,0,0,0,277542,3,0
0,0,0,0,30,29,1061,1908,0,0,0,0,0,269232,3,0
0,0,0,0,25,29,1062,1908,0,0,0,0,0,70539,3,0
0,0,0,0,39,29,1063,1908,0,0,0,0,0,274834,3,0
0,0,0,0,24,29,1064,1908,0,0,0,0,0,277205,3,0
0,0,0,0,1,0,1065,1910,0,0,0,0,0,199987,3,0
2,0,0,0,28,3,1066,1910,0,0,0,0,0,262311,3,0
0,0,0,0,3,4,1067,1910,0,0,0,0,0,234679,3,0
0,0,0,0,17,6,1068,1910,0,0,0,0,0,193091,3,0
2,0,0,0,24,7,1069,1910,0,0,0,0,0,227794,3,0
4,0,0,1,71,9,1070,1910,0,0,0,0,0,262334,3,0
1,0,0,0,20,11,1071,1910,0,0,0,0,0,172143,3,0
6,0,0,1,10,12,1072,1910,0,0,0,0,1,254752,3,0
3,0,0,0,5,16,1073,1910,0,0,0,0,0,264220,3,0
3,0,0,0,9,18,1074,1910,0,0,0,0,2,204060,3,0
10,0,0,1,18,25,1075,1910,0,0,0,0,0,232829,3,0
6,0,0,1,11,28,1076,1910,0,0,0,0,1,245894,3,0
1,0,0,0,14,28,1077,1910,0,0,0,0,0,255835,3,0
1,0,0,0,6,28,1078,1910,0,0,0,0,0,242381,3,0
2,0,0,0,4,28,1079,1910,0,0,0,0,0,245849,3,0
0,0,0,0,22,28,1080,1910,0,0,0,0,0,263798,3,0
7,0,0,1,19,28,1081,1910,0,0,0,0,0,240260,3,0
3,0,0,0,23,28,1082,1910,0,0,0,0,1,277809,4,0
0,0,0,0,27,28,1083,1910,0,0,0,0,0,269952,3,0
0,0,0,0,2,28,1084,1910,0,0,0,0,0,266653,3,0
0,0,0,0,32,28,1085,1910,0,0,0,0,0,266722,3,0
0,0,0,0,21,28,1086,1910,0,0,0,0,0,278897,3,0
0,0,0,0,31,28,1087,1910,0,0,0,0,0,265747,3,0
0,0,0,0,30,29,1088,1910,0,0,0,0,0,277528,3,0
0,0,0,0,29,29,1089,1910,0,0,0,0,0,270669,3,0
3,0,0,0,12,29,1090,1910,0,0,0,0,0,189068,3,0
0,0,0,0,44,0,1091,1913,0,0,0,0,0,218212,2,0
0,0,0,0,45,3,1092,1913,0,0,0,0,0,277672,1,0
1,0,0,0,4,4,1093,1913,0,0,0,0,0,213000,1,0
2,0,0,0,5,6,1094,1913,0,0,0,0,0,220230,3,0
2,0,0,0,7,7,1095,1913,0,0,0,0,0,233178,3,0
4,0,0,1,33,9,1096,1913,0,0,0,0,0,209316,2,0
2,0,0,0,19,11,1097,1913,0,0,0,0,0,236427,3,0
3,0,0,0,24,12,1098,1913,0,0,0,0,0,254148,3,0
8,0,0,1,20,16,1099,1913,0,0,0,0,1,246548,3,0
4,0,0,1,26,18,1100,1913,0,0,0,0,1,220965,2,0
10,0,0,1,11,25,1101,1913,0,0,0,0,0,225187,2,0
2,0,0,0,17,28,1102,1913,0,0,0,0,0,234202,3,0
6,0,0,1,28,28,1103,1913,0,0,0,0,0,262397,1,0
0,0,0,0,6,28,1104,1913,0,0,0,0,0,260436,2,0
0,0,0,0,15,28,1105,1913,0,0,0,0,0,252736,3,0
0,0,0,0,13,28,1106,1913,0,0,0,0,0,208782,3,0
5,0,0,1,18,28,1107,1913,0,0,0,0,0,277558,3,0
1,0,0,0,9,28,1108,1913,0,0,0,0,0,267426,3,0
0,0,0,0,10,28,1109,1913,0,0,0,0,0,70562,3,0
0,0,0,0,25,28,1110,1913,0,0,0,0,0,269467,3,0
0,0,0,0,2,28,1111,1913,0,0,0,0,0,251830,3,0
0,0,0,0,23,28,1112,1913,0,0,0,0,0,235155,3,0
0,0,0,0,38,28,1113,1913,0,0,0,0,0,277682,3,0
0,0,0,0,21,29,1114,1913,0,0,0,0,0,264165,3,0
0,0,0,0,42,29,1115,1913,0,0,0,0,0,274739,3,0
1,0,0,0,14,29,1116,1913,0,0,0,0,0,261390,3,0
0,0,0,0,37,29,1117,1913,0,0,0,0,0,271817,3,0
0,0,0,0,40,29,1118,1913,0,0,0,0,0,277664,3,0
0,0,0,0,22,29,1119,1913,0,0,0,0,0,273882,3,0
0,0,0,0,1,0,1120,1914,0,0,0,0,0,244676,3,0
0,0,0,0,2,3,1121,1914,0,0,0,0,0,209371,3,0
0,0,0,0,4,4,1122,1914,0,0,0,0,0,251754,2,0
2,0,0,0,13,6,1123,1914,0,0,0,0,0,208018,3,0
1,0,0,0,15,7,1124,1914,0,0,0,0,0,262889,2,0
0,0,0,0,6,10,1125,1914,0,0,0,0,0,276632,2,0
4,0,0,1,7,12,1126,1914,0,0,0,0,0,226539,2,0
5,0,0,1,18,13,1127,1914,0,0,0,0,0,237732,2,0
5,0,0,1,11,15,1128,1914,0,0,0,0,0,258984,3,0
3,0,0,0,23,16,1129,1914,0,0,0,0,0,246231,3,0
13,0,0,1,9,25,1130,1914,0,0,0,0,1,192561,4,0
0,0,0,0,28,28,1131,1914,0,0,0,0,0,265741,3,0
0,0,0,0,22,28,1132,1914,0,0,0,0,0,70545,3,0
0,0,0,0,20,28,1133,1914,0,0,0,0,0,244840,3,0
0,0,0,0,33,28,1134,1914,0,0,0,0,0,266417,3,0
0,0,0,0,25,28,1135,1914,0,0,0,0,0,169181,3,0
3,0,0,0,14,28,1136,1914,0,0,0,0,0,202517,3,0
1,0,0,0,8,28,1137,1914,0,0,0,0,0,243716,3,0
5,0,0,1,10,28,1138,1914,0,0,0,0,0,242202,3,0
0,0,0,0,30,28,1139,1914,0,0,0,0,0,220763,3,0
2,0,0,0,50,28,1140,1914,0,0,0,0,0,258500,3,0
0,0,0,0,17,28,1141,1914,0,0,0,0,0,240026,3,0
0,0,0,0,40,28,1142,1914,0,0,0,0,0,229135,3,0
0,0,0,0,21,29,1143,1914,0,0,0,0,0,259401,3,0
0,0,0,0,32,29,1144,1914,0,0,0,0,0,71345,3,0
0,0,0,0,34,29,1145,1914,0,0,0,0,0,277943,3,0
0,0,0,0,16,29,1146,1914,0,0,0,0,0,277221,3,0
0,0,0,0,38,29,1147,1914,0,0,0,0,0,70041,3,0
0,0,0,0,37,29,1148,1914,0,0,0,0,0,277220,3,0
0,0,0,0,36,29,1149,1914,0,0,0,0,0,278141,3,0
0,0,0,0,35,29,1150,1914,0,0,0,0,0,70144,3,0
0,0,0,0,41,29,1151,1914,0,0,0,0,0,275419,3,0
0,0,0,0,21,0,1152,1915,0,0,0,0,0,228860,3,0
0,0,0,0,7,3,1153,1915,0,0,0,0,0,198133,3,0
0,0,0,0,5,4,1154,1915,0,0,0,0,0,257957,3,0
0,0,0,0,43,6,1155,1915,0,0,0,0,0,200122,3,0
0,0,0,0,19,7,1156,1915,0,0,0,0,0,256397,3,0
0,0,0,0,14,12,1157,1915,0,0,0,0,0,273008,3,0
0,0,0,0,6,13,1158,1915,0,0,0,0,0,250893,3,0
0,0,0,0,8,15,1159,1915,0,0,0,0,0,234066,3,0
0,0,0,0,10,16,1160,1915,0,0,0,0,0,262221,3,0
0,0,0,0,29,24,1161,1915,0,0,0,0,0,252910,3,0
0,0,0,0,26,26,1162,1915,0,0,0,0,0,271932,3,0
0,0,0,0,4,28,1163,1915,0,0,0,0,0,209701,3,0
0,0,0,0,27,28,1164,1915,0,0,0,0,0,269744,3,0
0,0,0,0,3,28,1165,1915,0,0,0,0,0,262220,3,0
0,0,0,0,13,28,1166,1915,0,0,0,0,0,268117,3,0
0,0,0,0,31,28,1167,1915,0,0,0,0,0,272424,3,0
0,0,0,0,36,28,1168,1915,0,0,0,0,0,260381,3,0
0,0,0,0,11,28,1169,1915,0,0,0,0,0,254998,3,0
0,0,0,0,25,28,1170,1915,0,0,0,0,0,269094,3,0
0,0,0,0,28,28,1171,1915,0,0,0,0,0,255234,3,0
0,0,0,0,35,28,1172,1915,0,0,0,0,0,262222,3,0
0,0,0,0,37,28,1173,1915,0,0,0,0,0,272984,3,0
0,0,0,0,24,28,1174,1915,0,0,0,0,0,268108,3,0
0,0,0,0,17,29,1175,1915,0,0,0,0,0,256507,3,0
0,0,0,0,2,29,1176,1915,0,0,0,0,0,72299,3,0
0,0,0,0,23,29,1177,1915,0,0,0,0,0,72300,3,0
0,0,0,0,1,0,1178,100632,0,0,0,0,0,239559,1,0
1,0,0,0,2,3,1179,100632,0,0,0,0,0,262790,3,0
1,0,0,0,25,4,1180,100632,0,0,0,0,0,258549,3,0
2,0,0,0,4,6,1181,100632,0,0,0,0,0,228363,2,0
5,0,0,1,5,7,1182,100632,0,0,0,0,0,217585,2,0
1,0,0,0,8,9,1183,100632,0,0,0,0,0,244725,3,0
1,0,0,0,21,11,1184,100632,0,0,0,0,0,261776,3,0
0,0,0,0,11,12,1185,100632,0,0,0,0,0,240906,3,0
7,0,0,1,23,16,1186,100632,0,0,0,0,0,253399,2,0
7,0,0,1,18,18,1187,100632,0,0,0,0,0,270578,3,0
6,0,0,1,16,25,1188,100632,0,0,0,0,0,259921,3,0
4,0,0,1,10,28,1189,100632,0,0,0,0,0,262403,3,0
3,0,0,0,29,28,1190,100632,0,0,0,0,0,256800,2,0
2,0,0,0,3,28,1191,100632,0,0,0,0,0,192559,2,0
0,0,0,0,15,28,1192,100632,0,0,0,0,0,269247,3,0
0,0,0,0,22,28,1193,100632,0,0,0,0,0,183567,3,0
0,0,0,0,27,28,1194,100632,0,0,0,0,0,233109,3,0
0,0,0,0,32,28,1195,100632,0,0,0,0,0,251349,2,0
0,0,0,0,7,28,1196,100632,0,0,0,0,0,250998,3,0
0,0,0,0,20,28,1197,100632,0,0,0,0,0,269940,2,0
0,0,0,0,24,28,1198,100632,0,0,0,0,0,264099,3,0
0,0,0,0,34,28,1199,100632,0,0,0,0,0,271270,3,0
0,0,0,0,28,28,1200,100632,0,0,0,0,0,271269,3,0
0,0,0,0,30,29,1201,100632,0,0,0,0,0,262791,3,0
0,0,0,0,33,29,1202,100632,0,0,0,0,0,266649,3,0
0,0,0,0,1,0,1203,100634,0,0,0,0,0,215546,2,0
0,0,0,0,3,3,1204,100634,0,0,0,0,0,257570,3,0
1,0,0,0,4,4,1205,100634,0,0,0,0,0,250847,3,0
2,0,0,1,21,6,1206,100634,0,0,0,0,0,231823,1,0
0,0,0,0,22,7,1207,100634,0,0,0,0,0,260100,1,0
2,0,0,1,14,9,1208,100634,0,0,0,0,0,250913,3,0
1,0,0,0,20,11,1209,100634,0,0,0,0,0,237647,1,0
2,0,0,1,7,12,1210,100634,0,0,0,0,0,254831,2,0
5,0,0,1,29,16,1211,100634,0,0,0,0,0,222165,3,0
1,0,0,0,5,18,1212,100634,0,0,0,0,0,234196,1,0
9,0,0,1,9,25,1213,100634,0,0,0,0,0,241835,3,0
1,0,0,0,18,28,1214,100634,0,0,0,0,0,189715,2,0
0,0,0,0,17,28,1215,100634,0,0,0,0,0,202050,3,0
0,0,0,0,15,28,1216,100634,0,0,0,0,0,205995,3,0
0,0,0,0,12,28,1217,100634,0,0,0,0,0,252268,1,0
0,0,0,0,16,28,1218,100634,0,0,0,0,0,253442,3,0
5,0,0,1,8,28,1219,100634,0,0,0,0,0,223370,2,0
0,0,0,0,32,28,1220,100634,0,0,0,0,0,268450,3,0
0,0,0,0,11,28,1221,100634,0,0,0,0,0,224859,3,0
0,0,0,0,6,28,1222,100634,0,0,0,0,0,258893,3,0
0,0,0,0,27,28,1223,100634,0,0,0,0,0,193561,2,0
0,0,0,0,19,28,1224,100634,0,0,0,0,0,239353,2,0
6,0,0,1,44,28,1225,100634,0,0,0,0,0,262029,1,0
0,0,0,0,2,29,1226,100634,0,0,0,0,0,255213,3,0
0,0,0,0,39,29,1227,100634,0,0,0,0,0,275424,3,0
0,0,0,0,35,29,1228,100634,0,0,0,0,0,277245,3,0
0,0,0,0,28,29,1229,100634,0,0,0,0,0,252257,3,0
0,0,0,0,34,29,1230,100634,0,0,0,0,0,275422,3,0
0,0,0,0,30,29,1231,100634,0,0,0,0,0,277246,3,0
0,0,0,0,36,29,1232,100634,0,0,0,0,0,268449,3,0
0,0,0,0,1,0,1233,100646,0,0,0,0,0,224241,4,0
0,0,0,0,2,3,1234,100646,0,0,0,0,0,250918,4,0
2,0,0,0,3,4,1235,100646,0,0,0,0,0,216193,3,0
1,0,0,0,4,6,1236,100646,0,0,0,0,0,269246,4,0
1,0,0,0,5,7,1237,100646,0,0,0,0,0,264248,4,0
2,0,0,0,6,9,1238,100646,0,0,0,0,1,262062,3,0
2,0,0,0,8,11,1239,100646,0,0,0,0,0,236037,4,0
2,0,0,0,7,12,1240,100646,0,0,0,0,0,279808,3,0
3,0,0,0,11,16,1241,100646,0,0,0,0,0,255594,3,0
9,0,0,1,10,18,1242,100646,0,0,0,0,0,224163,3,0
11,0,0,1,9,25,1243,100646,0,0,0,0,0,230737,3,0
5,0,0,1,16,28,1244,100646,0,0,0,0,0,242531,3,0
0,0,0,0,13,28,1245,100646,0,0,0,0,0,234195,3,0
0,0,0,0,25,28,1246,100646,0,0,0,0,0,259443,3,0
0,0,0,0,12,28,1247,100646,0,0,0,0,0,265535,3,0
0,0,0,0,21,28,1248,100646,0,0,0,0,0,252462,3,0
4,0,0,1,26,28,1249,100646,0,0,0,0,0,252082,3,0
4,0,0,1,15,28,1250,100646,0,0,0,0,1,276712,4,0
1,0,0,0,14,28,1251,100646,0,0,0,0,0,177569,3,0
0,0,0,0,17,28,1252,100646,0,0,0,0,0,276074,3,0
0,0,0,0,27,28,1253,100646,0,0,0,0,0,279665,3,0
0,0,0,0,33,28,1254,100646,0,0,0,0,0,71050,3,0
0,0,0,0,30,28,1255,100646,0,0,0,0,0,70523,3,0
0,0,0,0,32,29,1256,100646,0,0,0,0,0,275350,3,0
0,0,0,0,19,29,1257,100646,0,0,0,0,0,278574,3,0
0,0,0,0,29,29,1258,100646,0,0,0,0,0,274490,3,0
0,0,0,0,20,29,1259,100646,0,0,0,0,0,274398,3,0
0,0,0,0,31,29,1260,100646,0,0,0,0,0,259309,3,0
0,0,0,0,18,29,1261,100646,0,0,0,0,0,277666,3,0
0,0,0,0,22,29,1262,100646,0,0,0,0,0,278560,3,0
0,0,0,0,23,29,1263,100646,0,0,0,0,0,278913,3,0
0,0,0,0,24,29,1264,100646,0,0,0,0,0,276494,3,0
0,0,0,0,28,29,1265,100646,0,0,0,0,0,279510,3,0
0,0,0,0,1,0,1266,111380,0,0,0,0,0,275856,2,0
2,0,0,1,3,4,1267,111380,0,0,0,0,0,275857,2,0
0,0,0,0,4,5,1268,111380,0,0,0,0,0,223813,2,0
0,0,0,0,22,6,1269,111380,0,0,0,0,0,251957,2,0
3,0,0,1,39,12,1270,111380,0,0,0,0,0,275861,2,0
1,0,0,0,28,13,1271,111380,0,0,0,0,0,275867,1,0
0,0,0,0,15,15,1272,111380,0,0,0,0,0,260076,3,0
4,0,0,1,19,16,1273,111380,0,0,0,0,0,263268,3,0
1,0,0,0,6,18,1274,111380,0,0,0,0,0,216836,3,0
1,0,0,0,27,24,1275,111380,0,0,0,0,0,188540,3,0
11,0,0,1,9,26,1276,111380,0,0,0,0,0,229974,2,0
0,0,0,0,14,28,1277,111380,0,0,0,0,0,244106,3,0
0,0,0,0,20,28,1278,111380,0,0,0,0,0,252261,3,0
0,0,0,0,2,28,1279,111380,0,0,0,0,0,233098,2,0
1,0,0,0,5,28,1280,111380,0,0,0,0,0,248603,4,0
0,0,0,0,18,28,1281,111380,0,0,0,0,0,193272,3,0
2,0,0,1,11,28,1282,111380,0,0,0,0,0,245809,3,0
1,0,0,0,16,28,1283,111380,0,0,0,0,0,246385,3,0
0,0,0,0,7,28,1284,111380,0,0,0,0,0,275412,3,0
4,0,0,1,17,28,1285,111380,0,0,0,0,1,241422,2,0
1,0,0,0,8,28,1286,111380,0,0,0,0,0,199407,3,0
0,0,0,0,21,28,1287,111380,0,0,0,0,0,242283,3,0
0,0,0,0,25,28,1288,111380,0,0,0,0,0,246078,3,0
0,0,0,0,24,29,1289,111380,0,0,0,0,0,254471,3,0
0,0,0,0,32,29,1290,111380,0,0,0,0,0,275868,3,0
0,0,0,0,36,29,1291,111380,0,0,0,0,0,275860,3,0
0,0,0,0,26,29,1292,111380,0,0,0,0,0,275862,3,0
0,0,0,0,52,29,1293,111380,0,0,0,0,0,277857,3,0
0,0,0,0,22,0,1294,1,0,0,0,0,0,220901,4,0
4,0,0,0,4,3,1295,1,0,0,0,0,0,231936,4,0
2,0,0,0,2,4,1296,1,0,0,0,0,0,243715,4,0
4,0,0,0,6,6,1297,1,0,0,0,0,0,232580,4,0
1,0,0,0,15,7,1298,1,0,0,0,0,0,265693,3,0
0,0,0,0,20,10,1299,1,0,0,0,0,0,205498,3,0
16,0,0,1,7,23,1300,1,0,0,0,0,1,246669,3,0
8,0,0,1,8,13,1301,1,0,0,0,0,0,222665,3,0
7,0,0,1,41,15,1302,1,0,0,0,0,1,234378,3,0
6,0,0,0,11,27,1303,1,0,0,0,0,0,251566,3,0
12,0,0,1,29,25,1304,1,0,0,0,0,0,235790,3,0
12,0,0,1,19,28,1305,1,0,0,0,0,2,207421,4,0
4,0,0,0,9,28,1306,1,0,0,0,0,0,230666,3,0
0,0,0,0,5,28,1307,1,0,0,0,0,0,209989,3,0
1,0,0,0,35,28,1308,1,0,0,0,0,0,227813,3,0
0,0,0,0,1,28,1309,1,0,0,0,0,0,233934,3,0
5,0,0,0,14,28,1310,1,0,0,0,0,0,236988,3,0
1,0,0,0,18,28,1311,1,0,0,0,0,0,232938,4,0
0,0,0,0,24,28,1312,1,0,0,0,0,0,231448,3,0
1,0,0,0,21,28,1313,1,0,0,0,0,0,256958,3,0
0,0,0,0,10,28,1314,1,0,0,0,0,0,240273,3,0
0,0,0,0,25,28,1315,1,0,0,0,0,0,213051,3,0
0,0,0,0,31,28,1316,1,0,0,0,0,0,248732,3,0
0,0,0,0,12,29,1317,1,0,0,0,0,0,251805,3,0
0,0,0,0,17,29,1318,1,0,0,0,0,0,201118,3,0
0,0,0,0,45,29,1319,1,0,0,0,0,0,271743,3,0
0,0,0,0,63,29,1320,1,0,0,0,0,0,271807,3,0
0,0,0,0,76,29,1321,1,0,0,0,0,0,274387,3,0
0,0,0,0,59,29,1322,1,0,0,0,0,0,278773,3,0
0,0,0,0,73,29,1323,1,0,0,0,0,0,71124,3,0
0,0,0,0,50,29,1324,1,0,0,0,0,0,273925,3,0
0,0,0,0,99,29,1325,1,0,0,0,0,0,273926,3,0
0,0,0,0,40,29,1326,1,0,0,0,0,0,274388,3,0
0,0,0,0,1,0,1327,2,0,0,0,0,0,202811,1,0
2,0,0,0,2,3,1328,2,0,0,0,0,0,227174,3,0
1,0,0,0,4,4,1329,2,0,0,0,0,0,227678,2,0
2,0,0,0,14,6,1330,2,0,0,0,0,0,241464,2,0
1,0,0,0,12,7,1331,2,0,0,0,0,0,200458,2,0
10,0,0,1,31,12,1332,2,0,0,0,0,0,229906,3,0
2,0,0,0,8,13,1333,2,0,0,0,0,1,216393,4,0
9,0,0,1,6,15,1334,2,0,0,0,0,0,236499,3,0
3,0,0,0,27,16,1335,2,0,0,0,0,0,260247,3,0
6,0,0,1,7,24,1336,2,0,0,0,0,0,210881,3,0
19,1,0,1,11,26,1337,2,0,0,0,0,0,221697,3,0
6,0,0,1,19,28,1338,2,0,0,0,0,0,241852,4,0
2,0,0,0,22,28,1339,2,0,0,0,0,0,238067,3,0
0,0,0,0,3,28,1340,2,0,0,0,0,0,219693,1,0
2,0,0,0,15,28,1341,2,0,0,0,0,0,217036,3,0
0,0,0,0,25,28,1342,2,0,0,0,0,0,207557,3,0
5,0,0,0,24,28,1343,2,0,0,0,0,2,247172,3,0
0,0,0,0,47,28,1344,2,0,0,0,0,0,266609,3,0
0,0,0,0,17,28,1345,2,0,0,0,0,0,220440,3,0
0,0,0,0,29,28,1346,2,0,0,0,0,0,261335,3,0
0,0,0,0,16,28,1347,2,0,0,0,0,0,205989,3,0
0,0,0,0,18,28,1348,2,0,0,0,0,0,243917,3,0
0,0,0,0,71,28,1349,2,0,0,0,0,0,278017,3,0
0,0,0,0,78,29,1350,2,0,0,0,0,0,279634,3,0
0,0,0,0,69,29,1351,2,0,0,0,0,0,72027,3,0
0,0,0,0,66,29,1352,2,0,0,0,0,0,275266,3,0
0,0,0,0,62,29,1353,2,0,0,0,0,0,278022,3,0
0,0,0,0,64,29,1354,2,0,0,0,0,0,70034,3,0
0,0,0,0,52,29,1355,2,0,0,0,0,0,264209,3,0
0,0,0,0,72,29,1356,2,0,0,0,0,0,274348,3,0
0,0,0,0,30,29,1357,2,0,0,0,0,0,210635,3,0
0,0,0,0,10,29,1358,2,0,0,0,0,0,226162,3,0
0,0,0,0,44,29,1359,2,0,0,0,0,0,236987,3,0
0,0,0,0,5,29,1360,2,0,0,0,0,0,212419,3,0
0,0,0,0,26,29,1361,2,0,0,0,0,0,260129,3,0
1,0,0,0,41,29,1362,2,0,0,0,0,0,246923,3,0
1,0,0,0,21,29,1363,2,0,0,0,0,0,212501,3,0
0,0,0,0,28,0,1364,5,0,0,0,0,0,269626,2,0
0,0,0,0,27,3,1365,5,0,0,0,0,0,259307,3,0
1,0,0,0,14,4,1366,5,0,0,0,0,0,230918,2,0
3,0,0,0,6,6,1367,5,0,0,0,0,0,164240,2,0
0,0,0,0,3,7,1368,5,0,0,0,0,0,239231,2,0
0,0,0,0,25,9,1369,5,0,0,0,0,0,256079,4,0
5,0,0,1,23,11,1370,5,0,0,0,0,0,238216,3,0
5,0,0,1,11,12,1371,5,0,0,0,0,0,254796,2,0
5,0,0,1,10,16,1372,5,0,0,0,0,1,246340,4,0
21,1,0,1,20,18,1373,5,0,0,0,0,0,257534,4,0
14,0,0,1,15,25,1374,5,0,0,0,0,1,259197,4,0
2,0,0,0,18,28,1375,5,0,0,0,0,0,232411,3,0
7,0,0,1,7,28,1376,5,0,0,0,0,1,202652,3,0
0,0,0,0,16,28,1377,5,0,0,0,0,0,257084,3,0
0,0,0,0,24,28,1378,5,0,0,0,0,0,238074,3,0
0,0,0,0,13,28,1379,5,0,0,0,0,0,204246,3,0
2,0,0,0,2,28,1380,5,0,0,0,0,0,229942,3,0
0,0,0,0,5,28,1381,5,0,0,0,0,0,242578,2,0
0,0,0,0,21,28,1382,5,0,0,0,0,0,229984,3,0
0,0,0,0,1,28,1383,5,0,0,0,0,0,228789,3,0
1,0,0,0,26,28,1384,5,0,0,0,0,0,262859,3,0
1,0,0,0,17,28,1385,5,0,0,0,0,0,259356,3,0
0,0,0,0,31,28,1386,5,0,0,0,0,0,273883,3,0
0,0,0,0,36,29,1387,5,0,0,0,0,0,277795,3,0
1,0,0,0,42,29,1388,5,0,0,0,0,0,278286,3,0
3,0,0,0,8,29,1389,5,0,0,0,0,0,247090,3,0
0,0,0,0,33,29,1390,5,0,0,0,0,0,248695,3,0
0,0,0,0,45,29,1391,5,0,0,0,0,0,263620,3,0
0,0,0,0,54,29,1392,5,0,0,0,0,0,279546,3,0
0,0,0,0,49,29,1393,5,0,0,0,0,0,274066,3,0
0,0,0,0,43,29,1394,5,0,0,0,0,0,270039,3,0
0,0,0,0,67,29,1395,5,0,0,0,0,0,71998,3,0
0,0,0,0,68,29,1396,5,0,0,0,0,0,70162,3,0
0,0,0,0,78,29,1397,5,0,0,0,0,0,71997,3,0
0,0,0,0,63,29,1398,5,0,0,0,0,0,71651,3,0
0,0,0,0,46,29,1399,5,0,0,0,0,0,278007,3,0
0,0,0,0,9,29,1400,5,0,0,0,0,0,192505,3,0
0,0,0,0,40,29,1401,5,0,0,0,0,0,72102,3,0
0,0,0,0,1,0,1402,7,0,0,0,0,0,204935,4,0
0,0,0,0,18,3,1403,7,0,0,0,0,0,152908,3,0
1,0,0,0,6,4,1404,7,0,0,0,0,0,202695,4,0
3,0,0,1,32,6,1405,7,0,0,0,0,0,247649,4,0
2,0,0,0,19,7,1406,7,0,0,0,0,0,244380,3,0
3,0,0,1,11,12,1407,7,0,0,0,0,0,232080,3,0
1,0,0,0,37,13,1408,7,0,0,0,0,0,243657,3,0
2,0,0,0,8,15,1409,7,0,0,0,0,0,257057,4,0
3,0,0,1,7,16,1410,7,0,0,0,0,0,243282,3,0
7,0,0,1,16,18,1411,7,0,0,0,0,1,208135,4,0
7,0,0,1,9,25,1412,7,0,0,0,0,1,221479,3,0
3,0,0,1,14,28,1413,7,0,0,0,0,0,251892,3,0
1,0,0,0,10,28,1414,7,0,0,0,0,0,236276,3,0
3,0,0,1,27,28,1415,7,0,0,0,0,0,193474,4,0
0,0,0,0,2,28,1416,7,0,0,0,0,0,257896,3,0
0,0,0,0,12,28,1417,7,0,0,0,0,0,237704,3,0
1,0,0,0,5,28,1418,7,0,0,0,0,0,207599,3,0
0,0,0,0,23,28,1419,7,0,0,0,0,0,180216,4,0
0,0,0,0,22,28,1420,7,0,0,0,0,0,225793,3,0
0,0,0,0,28,28,1421,7,0,0,0,0,0,270866,3,0
1,0,0,0,61,28,1422,7,0,0,0,0,0,264039,3,0
1,0,0,0,21,28,1423,7,0,0,0,0,0,211575,3,0
0,0,0,0,20,28,1424,7,0,0,0,0,0,211117,3,0
0,0,0,0,62,29,1425,7,0,0,0,0,0,263168,3,0
0,0,0,0,86,29,1426,7,0,0,0,0,0,279625,3,0
0,0,0,0,48,29,1427,7,0,0,0,0,0,247764,3,0
0,0,0,0,58,29,1428,7,0,0,0,0,0,277434,3,0
0,0,0,0,99,29,1429,7,0,0,0,0,0,268632,3,0
0,0,0,0,3,29,1430,7,0,0,0,0,0,270676,3,0
0,0,0,0,31,29,1431,7,0,0,0,0,0,118794,3,0
0,0,0,0,51,29,1432,7,0,0,0,0,0,266871,3,0
0,0,0,0,1,0,1433,9,0,0,0,0,0,212831,1,0
3,0,0,0,66,3,1434,9,0,0,0,0,0,231281,2,0
0,0,0,0,5,4,1435,9,0,0,0,0,0,237678,3,0
2,0,0,0,4,6,1436,9,0,0,0,0,0,203376,1,0
3,0,0,0,26,7,1437,9,0,0,0,0,1,216267,3,0
1,0,0,0,3,10,1438,9,0,0,0,0,0,232487,3,0
18,0,0,1,11,23,1439,9,0,0,0,0,1,209331,3,0
4,0,0,0,10,13,1440,9,0,0,0,0,0,239837,2,0
3,0,0,0,8,15,1441,9,0,0,0,0,0,236772,3,0
8,0,0,1,7,27,1442,9,0,0,0,0,0,241084,3,0
11,0,0,1,9,25,1443,9,0,0,0,0,0,253072,3,0
10,0,0,1,20,28,1444,9,0,0,0,0,0,224458,3,0
1,0,0,0,38,28,1445,9,0,0,0,0,0,246104,3,0
0,0,0,0,43,28,1446,9,0,0,0,0,0,271975,3,0
0,0,0,0,2,28,1447,9,0,0,0,0,0,225100,2,0
0,0,0,0,62,28,1448,9,0,0,0,0,0,240913,3,0
3,0,0,0,19,28,1449,9,0,0,0,0,1,246174,3,0
1,0,0,0,84,28,1450,9,0,0,0,0,0,264298,3,0
1,0,0,0,17,28,1451,9,0,0,0,0,0,242434,3,0
8,0,0,1,18,28,1452,9,0,0,0,0,2,242516,4,0
0,0,0,0,21,28,1453,9,0,0,0,0,0,232223,3,0
1,0,0,0,78,28,1454,9,0,0,0,0,1,273651,4,0
0,0,0,0,42,28,1455,9,0,0,0,0,0,271974,3,0
0,0,0,0,76,29,1456,9,0,0,0,0,0,71227,3,0
0,0,0,0,53,29,1457,9,0,0,0,0,0,278292,3,0
0,0,0,0,49,29,1458,9,0,0,0,0,0,260406,3,0
0,0,0,0,93,29,1459,9,0,0,0,0,0,70995,3,0
0,0,0,0,48,29,1460,9,0,0,0,0,0,278894,3,0
0,0,0,0,67,29,1461,9,0,0,0,0,0,70994,3,0
0,0,0,0,92,29,1462,9,0,0,0,0,0,278084,3,0
0,0,0,0,98,29,1463,9,0,0,0,0,0,279128,3,0
0,0,0,0,13,29,1464,9,0,0,0,0,0,194911,3,0
0,0,0,0,65,29,1465,9,0,0,0,0,0,71347,3,0
0,0,0,0,6,29,1466,9,0,0,0,0,0,189509,3,0
0,0,0,0,32,29,1467,9,0,0,0,0,0,197061,3,0
0,0,0,0,50,29,1468,9,0,0,0,0,0,266815,3,0
0,0,0,0,46,29,1469,9,0,0,0,0,0,247601,3,0
0,0,0,0,18,0,1470,10,0,0,0,0,0,200159,3,0
0,0,0,0,2,3,1471,10,0,0,0,0,0,188377,3,0
0,0,0,0,3,4,1472,10,0,0,0,0,0,239818,4,0
2,0,0,0,25,6,1473,10,0,0,0,0,0,229237,4,0
4,0,0,0,24,7,1474,10,0,0,0,0,2,251517,5,0
6,0,0,1,20,9,1475,10,0,0,0,0,0,218667,4,0
7,0,0,1,16,11,1476,10,0,0,0,0,0,231866,4,0
17,0,0,1,47,23,1477,10,0,0,0,0,1,237692,4,0
3,0,0,0,10,27,1478,10,0,0,0,0,0,206517,3,0
4,0,0,0,17,18,1479,10,0,0,0,0,0,192985,4,0
25,1,0,1,9,25,1480,10,0,0,0,1,0,239085,2,0
11,0,0,1,19,28,1481,10,0,0,0,0,1,246191,3,0
1,0,0,0,5,28,1482,10,0,0,0,0,0,203574,3,0
2,0,0,0,6,28,1483,10,0,0,0,0,0,208920,3,0
2,0,0,0,82,28,1484,10,0,0,0,0,0,271574,3,0
0,0,0,0,31,28,1485,10,0,0,0,0,0,210257,3,0
3,0,0,0,11,28,1486,10,0,0,0,0,0,246420,3,0
0,0,0,0,33,28,1487,10,0,0,0,0,0,157804,3,0
0,0,0,0,27,28,1488,10,0,0,0,0,0,253124,3,0
0,0,0,0,21,28,1489,10,0,0,0,0,0,241811,3,0
1,0,0,0,8,28,1490,10,0,0,0,0,0,207410,3,0
0,0,0,0,92,28,1491,10,0,0,0,0,0,70035,3,0
1,0,0,0,52,28,1492,10,0,0,0,0,0,277295,3,0
0,0,0,0,56,29,1493,10,0,0,0,0,0,70996,3,0
0,0,0,0,75,29,1494,10,0,0,0,0,0,277427,3,0
0,0,0,0,76,29,1495,10,0,0,0,0,0,279624,3,0
0,0,0,0,99,29,1496,10,0,0,0,0,0,269688,3,0
0,0,0,0,1,29,1497,10,0,0,0,0,0,276621,3,0
0,0,0,0,24,0,1498,11,0,0,0,0,0,226753,3,0
1,0,0,0,20,3,1499,11,0,0,0,0,0,234574,3,0
1,0,0,0,19,4,1500,11,0,0,0,0,0,201535,3,0
2,0,0,0,5,6,1501,11,0,0,0,0,0,203263,3,0
1,0,0,0,2,7,1502,11,0,0,0,0,0,221660,3,0
7,0,0,1,39,9,1503,11,0,0,0,0,0,237238,3,0
2,0,0,0,37,11,1504,11,0,0,0,0,0,269136,3,0
7,0,0,1,17,12,1505,11,0,0,0,0,0,268438,3,0
7,0,0,1,10,16,1506,11,0,0,0,0,0,231677,3,0
10,0,0,1,8,18,1507,11,0,0,0,0,0,212198,3,0
8,0,0,1,11,25,1508,11,0,0,0,0,0,259399,2,0
1,0,0,0,14,28,1509,11,0,0,0,0,0,190460,3,0
1,0,0,0,21,28,1510,11,0,0,0,0,0,255475,3,0
0,0,0,0,16,28,1511,11,0,0,0,0,0,254088,3,0
0,0,0,0,35,28,1512,11,0,0,0,0,0,169588,2,0
0,0,0,0,1,28,1513,11,0,0,0,0,0,243647,3,0
1,0,0,0,7,28,1514,11,0,0,0,0,0,233064,3,0
0,0,0,0,29,28,1515,11,0,0,0,0,0,229880,3,0
0,0,0,0,4,28,1516,11,0,0,0,0,0,224158,3,0
0,0,0,0,53,28,1517,11,0,0,0,0,0,268414,3,0
0,0,0,0,62,28,1518,11,0,0,0,0,0,268437,3,0
0,0,0,0,65,28,1519,11,0,0,0,0,0,268439,3,0
0,0,0,0,75,28,1520,11,0,0,0,0,0,272644,3,0
0,0,0,0,22,29,1521,11,0,0,0,0,0,163264,3,0
1,0,0,0,18,29,1522,11,0,0,0,0,0,200145,2,0
0,0,0,0,6,29,1523,11,0,0,0,0,0,239301,3,0
1,0,0,0,9,29,1524,11,0,0,0,0,0,211300,3,0
0,0,0,0,12,29,1525,11,0,0,0,0,0,238041,3,0
0,0,0,0,23,29,1526,11,0,0,0,0,0,205988,3,0
0,0,0,0,80,29,1527,11,0,0,0,0,0,269233,3,0
0,0,0,0,47,29,1528,11,0,0,0,0,0,260910,3,0
0,0,0,0,56,29,1529,11,0,0,0,0,0,268435,3,0
0,0,0,0,84,29,1530,11,0,0,0,0,0,71973,3,0
0,0,0,0,78,29,1531,11,0,0,0,0,0,272643,3,0
0,0,0,0,1,0,1532,13,0,0,0,0,0,220407,3,0
1,0,0,0,21,3,1533,13,0,0,0,0,0,262118,3,0
0,0,0,0,17,4,1534,13,0,0,0,0,0,207650,3,0
2,0,0,0,33,6,1535,13,0,0,0,0,0,198032,3,0
0,0,0,0,20,7,1536,13,0,0,0,0,0,266127,3,0
2,0,0,0,23,23,1537,13,0,0,0,0,0,206085,3,0
6,0,0,1,36,13,1538,13,0,0,0,0,1,237161,4,0
6,0,0,1,39,14,1539,13,0,0,0,0,0,247851,3,0
0,0,0,0,32,15,1540,13,0,0,0,0,0,254243,4,0
10,0,0,1,10,27,1541,13,0,0,0,0,0,242964,3,0
20,1,0,1,14,25,1542,13,0,0,0,0,0,233731,2,0
9,0,0,1,9,28,1543,13,0,0,0,0,0,196978,3,0
4,0,0,0,15,28,1544,13,0,0,0,0,0,234742,3,0
3,0,0,0,24,28,1545,13,0,0,0,0,0,230977,3,0
2,0,0,0,7,28,1546,13,0,0,0,0,0,223334,3,0
0,0,0,0,22,28,1547,13,0,0,0,0,0,203841,3,0
1,0,0,0,11,28,1548,13,0,0,0,0,0,186395,3,0
1,0,0,0,2,28,1549,13,0,0,0,0,0,186345,3,0
0,0,0,0,3,28,1550,13,0,0,0,0,0,204355,3,0
0,0,0,0,40,28,1551,13,0,0,0,0,0,254135,3,0
0,0,0,0,54,28,1552,13,0,0,0,0,0,270617,3,0
0,0,0,0,63,28,1553,13,0,0,0,0,0,275876,3,0
0,0,0,0,18,28,1554,13,0,0,0,0,0,203775,3,0
0,0,0,0,49,29,1555,13,0,0,0,0,0,258513,3,0
0,0,0,0,29,29,1556,13,0,0,0,0,0,198039,3,0
0,0,0,0,47,29,1557,13,0,0,0,0,0,271822,3,0
0,0,0,0,61,29,1558,13,0,0,0,0,0,270357,3,0
4,0,0,0,5,29,1559,13,0,0,0,0,0,210047,3,0
1,0,0,0,67,29,1560,13,0,0,0,0,0,274246,3,0
1,0,0,0,28,29,1561,13,0,0,0,0,0,237329,3,0
0,0,0,0,13,29,1562,13,0,0,0,0,0,218659,3,0
2,0,0,0,4,29,1563,13,0,0,0,0,0,251809,3,0
1,0,0,0,6,29,1564,13,0,0,0,0,0,203487,3,0
0,0,0,0,90,29,1565,13,0,0,0,0,0,277411,3,0
0,0,0,0,84,29,1566,13,0,0,0,0,0,278210,3,0
0,0,0,0,1,0,1567,14,0,0,0,0,0,233267,3,0
1,0,0,0,43,3,1568,14,0,0,0,0,0,224656,3,0
2,0,0,0,30,4,1569,14,0,0,0,0,1,202750,4,0
0,0,0,0,40,6,1570,14,0,0,0,0,0,278016,3,0
1,0,0,0,15,7,1571,14,0,0,0,0,0,206086,3,0
0,0,0,0,6,9,1572,14,0,0,0,0,0,235173,3,0
2,0,0,0,16,11,1573,14,0,0,0,0,0,237819,3,0
5,0,0,1,21,12,1574,14,0,0,0,0,0,257470,3,0
8,0,0,1,14,16,1575,14,0,0,0,0,3,240740,4,0
5,0,0,1,10,18,1576,14,0,0,0,0,0,236015,4,0
12,0,0,1,11,25,1577,14,0,0,0,0,0,192123,1,0
0,0,0,0,20,28,1578,14,0,0,0,0,0,245541,3,0
1,0,0,0,22,28,1579,14,0,0,0,0,1,235642,3,0
1,0,0,0,19,28,1580,14,0,0,0,0,0,225859,2,0
0,0,0,0,7,28,1581,14,0,0,0,0,0,243057,3,0
0,0,0,0,23,28,1582,14,0,0,0,0,0,211990,3,0
0,0,0,0,27,28,1583,14,0,0,0,0,0,213135,3,0
0,0,0,0,37,28,1584,14,0,0,0,0,0,268837,3,0
0,0,0,0,8,28,1585,14,0,0,0,0,0,186801,3,0
0,0,0,0,18,28,1586,14,0,0,0,0,0,207863,3,0
2,0,0,0,28,28,1587,14,0,0,0,0,0,273106,2,0
0,0,0,0,29,28,1588,14,0,0,0,0,0,231340,2,0
0,0,0,0,53,28,1589,14,0,0,0,0,0,70228,3,0
0,0,0,0,26,29,1590,14,0,0,0,0,0,199641,2,0
0,0,0,0,3,29,1591,14,0,0,0,0,0,251530,3,0
6,0,0,1,9,29,1592,14,0,0,0,0,0,230978,3,0
0,0,0,0,13,29,1593,14,0,0,0,0,0,170084,3,0
0,0,0,0,32,29,1594,14,0,0,0,0,0,261647,3,0
0,0,0,0,52,29,1595,14,0,0,0,0,0,70229,3,0
0,0,0,0,48,29,1596,14,0,0,0,0,0,251524,3,0
0,0,0,0,24,29,1597,14,0,0,0,0,0,235026,3,0
0,0,0,0,1,0,1598,17,0,0,0,0,0,189324,3,0
0,0,0,0,2,3,1599,17,0,0,0,0,0,227927,3,0
0,0,0,0,35,4,1600,17,0,0,0,0,0,220570,3,0
0,0,0,0,21,6,1601,17,0,0,0,0,0,252793,3,0
0,0,0,0,3,7,1602,17,0,0,0,0,0,226012,3,0
0,0,0,0,9,23,1603,17,1,0,0,0,1,221841,4,0
0,0,0,0,17,13,1604,17,0,0,0,0,0,202282,3,0
0,0,0,0,4,14,1605,17,0,0,0,0,0,240097,3,0
0,0,0,0,16,15,1606,17,1,0,0,0,1,237916,4,0
0,0,0,0,26,27,1607,17,0,0,0,0,0,207807,3,0
0,0,0,0,10,25,1608,17,0,0,0,0,0,226093,4,0
1,0,0,1,36,28,1609,17,0,0,0,0,0,220196,3,0
0,0,0,0,20,28,1610,17,0,0,0,0,0,256035,3,0
0,0,0,0,5,28,1611,17,0,0,0,0,0,202697,3,0
0,0,0,0,14,28,1612,17,0,0,0,0,0,222156,3,0
0,0,0,0,13,28,1613,17,0,0,0,0,0,217096,3,0
0,0,0,0,19,28,1614,17,0,0,0,0,0,213693,3,0
0,0,0,0,7,28,1615,17,0,0,0,0,0,231044,3,0
0,0,0,0,31,28,1616,17,0,0,0,0,0,243585,3,0
0,0,0,0,18,28,1617,17,0,0,0,0,0,257612,3,0
0,0,0,0,23,28,1618,17,0,0,0,0,0,263953,3,0
0,0,0,0,24,28,1619,17,0,0,0,0,0,276695,3,0
0,0,0,0,11,28,1620,17,0,0,0,0,0,244319,3,0
0,0,0,0,38,29,1621,17,0,0,0,0,0,248469,3,0
0,0,0,0,28,29,1622,17,0,0,0,0,0,271669,3,0
0,0,0,0,27,29,1623,17,0,0,0,0,0,277561,3,0
0,0,0,0,30,29,1624,17,0,0,0,0,0,276120,3,0
0,0,0,0,29,29,1625,17,0,0,0,0,0,278957,3,0
0,0,0,0,99,29,1626,17,0,0,0,0,0,261156,3,0
0,0,0,0,33,29,1627,17,0,0,0,0,0,279497,3,0
0,0,0,0,40,29,1628,17,0,0,0,0,0,279579,3,0
0,0,0,0,13,0,1629,18,0,0,0,0,0,240091,3,0
2,0,0,0,23,3,1630,18,0,0,0,0,1,243576,4,0
5,0,0,1,17,4,1631,18,0,0,0,0,0,232488,3,0
3,0,0,0,37,6,1632,18,0,0,0,0,1,264453,4,0
2,0,0,0,38,7,1633,18,0,0,0,0,0,259583,3,0
0,0,0,0,8,9,1634,18,0,0,0,0,0,236480,3,0
3,0,0,0,29,11,1635,18,0,0,0,0,0,259868,3,0
6,0,0,1,21,12,1636,18,0,0,0,0,0,247394,3,0
2,0,0,0,16,16,1637,18,0,0,0,0,0,212188,3,0
4,0,0,0,10,18,1638,18,0,0,0,0,0,220697,4,0
17,0,0,1,7,25,1639,18,0,0,0,0,0,200104,3,0
5,0,0,1,22,28,1640,18,0,0,0,0,0,251421,2,0
1,0,0,0,30,28,1641,18,0,0,0,0,0,227535,3,0
1,0,0,0,33,28,1642,18,0,0,0,0,0,205923,3,0
1,0,0,0,12,28,1643,18,0,0,0,0,0,247204,3,0
0,0,0,0,20,28,1644,18,0,0,0,0,0,172203,3,0
0,0,0,0,5,28,1645,18,0,0,0,0,0,213648,3,0
0,0,0,0,6,28,1646,18,0,0,0,0,0,260105,3,0
0,0,0,0,4,28,1647,18,0,0,0,0,0,241042,3,0
0,0,0,0,11,28,1648,18,0,0,0,0,0,246785,3,0
2,0,0,0,18,28,1649,18,0,0,0,0,0,226226,3,0
0,0,0,0,63,28,1650,18,0,0,0,0,0,278557,3,0
0,0,0,0,44,28,1651,18,0,0,0,0,0,261025,3,0
0,0,0,0,40,29,1652,18,0,0,0,0,0,236568,3,0
0,0,0,0,58,29,1653,18,0,0,0,0,0,269250,3,0
0,0,0,0,65,29,1654,18,0,0,0,0,0,279117,3,0
0,0,0,0,19,29,1655,18,0,0,0,0,0,235883,3,0
11,0,0,1,9,29,1656,18,0,0,0,0,0,231943,3,0
0,0,0,0,27,29,1657,18,0,0,0,0,0,246791,3,0
0,0,0,0,41,29,1658,18,0,0,0,0,0,236239,3,0
0,0,0,0,23,0,1659,19,0,0,0,0,0,193105,3,0
0,0,0,0,5,3,1660,19,0,0,0,0,0,244470,4,0
1,0,0,0,15,4,1661,19,0,0,0,0,0,242000,3,0
3,0,0,0,4,6,1662,19,0,0,0,0,0,204311,4,0
1,0,0,0,33,7,1663,19,0,0,0,0,0,210736,3,0
1,0,0,0,19,9,1664,19,0,0,0,0,0,235844,3,0
7,0,0,1,28,11,1665,19,0,0,0,0,1,236792,4,0
7,0,0,1,14,12,1666,19,0,0,0,0,0,245155,4,0
4,0,0,0,10,16,1667,19,0,0,0,0,0,233927,3,0
7,0,0,1,7,18,1668,19,0,0,0,0,1,205569,4,0
16,0,0,1,20,25,1669,19,0,0,0,0,0,224371,3,0
6,0,0,1,9,28,1670,19,0,0,0,0,0,190717,3,0
0,0,0,0,11,28,1671,19,0,0,0,0,0,224081,3,0
1,0,0,0,27,28,1672,19,0,0,0,0,0,244749,3,0
0,0,0,0,3,28,1673,19,0,0,0,0,0,189615,3,0
0,0,0,0,1,28,1674,19,0,0,0,0,0,164835,3,0
1,0,0,0,18,28,1675,19,0,0,0,0,0,195859,3,0
0,0,0,0,2,28,1676,19,0,0,0,0,0,241842,3,0
0,0,0,0,21,28,1677,19,0,0,0,0,0,183855,3,0
1,0,0,0,17,28,1678,19,0,0,0,0,0,215798,3,0
0,0,0,0,45,28,1679,19,0,0,0,0,0,271227,3,0
0,0,0,0,49,28,1680,19,0,0,0,0,0,244191,3,0
0,0,0,0,57,28,1681,19,0,0,0,0,0,274102,3,0
0,0,0,0,61,29,1682,19,0,0,0,0,0,70230,3,0
0,0,0,0,42,29,1683,19,0,0,0,0,0,278098,3,0
1,0,0,0,40,29,1684,19,0,0,0,0,1,278097,3,0
0,0,0,0,53,29,1685,19,0,0,0,0,0,278100,3,0
0,0,0,0,58,29,1686,19,0,0,0,0,0,274094,3,0
0,0,0,0,37,29,1687,19,0,0,0,0,0,272936,3,0
0,0,0,0,36,29,1688,19,0,0,0,0,0,276460,3,0
0,0,0,0,65,29,1689,19,0,0,0,0,0,70446,3,0
0,0,0,0,31,0,1690,94,0,0,0,0,0,202617,3,0
0,0,0,0,40,3,1691,94,0,0,0,0,0,231485,4,0
0,0,0,0,6,4,1692,94,0,0,0,0,0,240500,3,0
0,0,0,0,15,6,1693,94,0,0,0,0,1,216744,4,0
0,0,0,0,3,7,1694,94,0,0,0,0,0,246685,4,0
0,0,0,0,5,9,1695,94,0,0,0,0,0,197975,4,0
0,0,0,0,25,11,1696,94,0,0,0,0,0,205347,3,0
0,0,0,0,7,12,1697,94,1,0,0,0,1,212484,5,0
0,0,0,0,20,16,1698,94,1,0,0,0,3,260145,5,0
0,0,0,0,10,18,1699,94,0,0,0,0,0,225667,4,0
0,0,0,0,27,25,1700,94,0,0,0,0,1,233602,3,0
1,0,0,1,24,28,1701,94,0,0,0,0,1,216627,3,0
0,0,0,0,14,28,1702,94,0,0,0,0,0,233851,3,0
0,0,0,0,4,28,1703,94,0,0,0,0,0,228888,3,0
0,0,0,0,2,28,1704,94,0,0,0,0,0,245729,3,0
0,0,0,0,1,28,1705,94,0,0,0,0,0,206561,3,0
0,0,0,0,33,28,1706,94,0,0,0,0,0,232545,3,0
0,0,0,0,21,28,1707,94,0,0,0,0,0,263522,3,0
0,0,0,0,30,28,1708,94,0,0,0,0,0,264200,3,0
0,0,0,0,28,28,1709,94,0,0,0,0,0,234319,3,0
0,0,0,0,12,28,1710,94,0,0,0,0,0,222396,3,0
0,0,0,0,11,28,1711,94,0,0,0,0,0,220019,3,0
0,0,0,0,19,28,1712,94,0,0,0,0,0,216227,3,0
0,0,0,0,13,29,1713,94,0,0,0,0,0,264645,3,0
0,0,0,0,18,29,1714,94,0,0,0,0,0,243414,3,0
0,0,0,0,44,29,1715,94,0,0,0,0,0,209675,3,0
0,0,0,0,23,29,1716,94,0,0,0,0,0,173530,3,0
0,0,0,0,16,29,1717,94,0,0,0,0,0,263376,3,0
0,0,0,0,51,29,1718,94,0,0,0,0,0,279869,3,0
0,0,0,0,30,0,1719,95,0,0,0,0,0,246158,1,0
0,0,0,0,21,3,1720,95,0,0,0,0,0,210243,2,0
0,0,0,0,3,4,1721,95,0,0,0,0,0,235036,3,0
0,0,0,0,23,6,1722,95,0,0,0,0,0,202849,1,0
0,0,0,0,2,7,1723,95,0,0,0,0,0,231554,2,0
0,0,0,0,18,23,1724,95,0,0,0,0,3,267680,2,0
0,0,0,0,25,13,1725,95,0,0,0,0,1,226790,2,0
0,0,0,0,8,14,1726,95,0,0,0,0,0,222400,3,0
0,0,0,0,22,15,1727,95,0,0,0,0,0,237386,3,0
0,0,0,0,10,27,1728,95,0,0,0,0,0,225783,2,0
0,0,0,0,9,25,1729,95,0,0,0,0,3,208830,1,0
0,0,0,0,20,28,1730,95,0,0,0,0,0,241202,3,0
0,0,0,0,35,28,1731,95,0,0,0,0,1,265801,3,0
0,0,0,0,4,28,1732,95,0,0,0,0,0,202048,3,0
0,0,0,0,17,28,1733,95,0,0,0,0,0,228332,3,0
0,0,0,0,41,28,1734,95,0,0,0,0,0,239772,3,0
0,0,0,0,28,28,1735,95,0,0,0,0,0,272651,3,0
0,0,0,0,45,28,1736,95,0,0,0,0,0,270944,3,0
0,0,0,0,15,28,1737,95,0,0,0,0,0,229901,3,0
0,0,0,0,29,28,1738,95,0,0,0,0,0,239892,3,0
0,0,0,0,40,28,1739,95,0,0,0,0,0,267867,3,0
0,0,0,0,1,28,1740,95,0,0,0,0,0,207998,3,0
0,0,0,0,39,28,1741,95,0,0,0,0,0,271693,3,0
0,0,0,0,44,29,1742,95,0,0,0,0,0,267868,3,0
0,0,0,0,60,29,1743,95,0,0,0,0,0,272369,3,0
0,0,0,0,6,29,1744,95,0,0,0,0,0,271218,3,0
0,0,0,0,99,29,1745,95,0,0,0,0,0,268690,3,0
0,0,0,0,5,29,1746,95,0,0,0,0,0,263390,3,0
0,0,0,0,26,29,1747,95,0,0,0,0,0,199652,3,0
0,0,0,0,11,29,1748,95,0,0,0,0,0,183130,3,0
0,0,0,0,14,29,1749,95,0,0,0,0,0,225719,3,0
0,0,0,0,1,0,1750,110,0,0,0,0,0,212442,3,0
0,0,0,0,4,4,1751,110,0,0,0,0,0,237658,3,0
2,0,0,1,23,5,1752,110,0,0,0,0,0,245336,2,0
1,0,0,0,24,6,1753,110,0,0,0,0,0,258607,2,0
0,0,0,0,22,12,1754,110,0,0,0,0,0,227928,2,0
2,0,0,1,8,13,1755,110,0,0,0,0,0,273463,4,0
4,0,0,1,5,15,1756,110,0,0,0,0,0,212811,2,0
2,0,0,1,3,16,1757,110,0,0,0,0,0,242641,3,0
12,0,0,1,11,17,1758,110,0,0,0,0,1,226380,2,0
4,0,0,1,21,19,1759,110,0,0,0,0,0,198950,3,0
12,0,0,1,12,25,1760,110,0,0,0,0,1,240243,4,0
0,0,0,0,63,28,1761,110,0,0,0,0,0,267871,3,0
0,0,0,0,20,28,1762,110,0,0,0,0,0,254120,3,0
0,0,0,0,6,28,1763,110,0,0,0,0,0,252975,2,0
1,0,0,0,2,28,1764,110,0,0,0,0,0,201417,3,0
0,0,0,0,25,28,1765,110,0,0,0,0,0,198350,1,0
0,0,0,0,62,28,1766,110,0,0,0,0,0,279519,3,0
0,0,0,0,17,28,1767,110,0,0,0,0,0,261224,3,0
2,0,0,1,7,28,1768,110,0,0,0,0,0,238616,3,0
0,0,0,0,30,28,1769,110,0,0,0,0,0,274377,3,0
0,0,0,0,14,28,1770,110,0,0,0,0,0,277912,3,0
2,0,0,1,27,28,1771,110,0,0,0,0,0,235456,3,0
1,0,0,0,15,28,1772,110,0,0,0,0,0,194806,3,0
0,0,0,0,10,29,1773,110,0,0,0,0,0,226766,3,0
0,0,0,0,84,29,1774,110,0,0,0,0,0,71498,3,0
0,0,0,0,42,29,1775,110,0,0,0,0,0,271216,3,0
0,0,0,0,37,29,1776,110,0,0,0,0,0,71829,3,0
0,0,0,0,45,29,1777,110,0,0,0,0,0,277808,3,0
0,0,0,0,41,29,1778,110,0,0,0,0,0,265496,3,0
0,0,0,0,43,29,1779,110,0,0,0,0,0,264622,3,0
0,0,0,0,40,29,1780,110,0,0,0,0,0,225650,3,0
0,0,0,0,44,29,1781,110,0,0,0,0,0,265527,3,0
0,0,0,0,17,0,1782,144,0,0,0,0,0,192563,3,0
1,0,0,0,21,3,1783,144,0,0,0,0,0,222501,1,0
2,0,0,0,4,4,1784,144,0,0,0,0,0,222104,3,0
1,0,0,0,3,6,1785,144,0,0,0,0,0,241436,1,0
0,0,0,0,33,7,1786,144,0,0,0,0,0,229348,1,0
4,0,0,1,26,9,1787,144,0,0,0,0,0,229391,3,0
1,0,0,0,28,11,1788,144,0,0,0,0,0,236699,3,0
5,0,0,1,22,12,1789,144,0,0,0,0,0,213655,2,0
4,0,0,1,20,16,1790,144,0,0,0,0,0,180403,2,0
3,0,0,0,18,18,1791,144,0,0,0,0,0,208450,2,0
9,0,0,1,19,25,1792,144,0,0,0,0,0,264337,3,0
1,0,0,0,10,28,1793,144,0,0,0,0,0,195202,3,0
6,0,0,1,14,28,1794,144,0,0,0,0,0,203502,1,0
0,0,0,0,6,28,1795,144,0,0,0,0,0,205990,3,0
0,0,0,0,31,28,1796,144,0,0,0,0,0,231633,1,0
0,0,0,0,1,28,1797,144,0,0,0,0,0,222951,3,0
5,0,0,1,7,28,1798,144,0,0,0,0,0,204838,3,0
3,0,0,0,8,28,1799,144,0,0,0,0,0,220710,3,0
1,0,0,0,2,28,1800,144,0,0,0,0,0,216266,3,0
1,0,0,0,13,28,1801,144,0,0,0,0,0,198261,3,0
1,0,0,0,9,28,1802,144,0,0,0,0,0,256268,3,0
1,0,0,0,11,28,1803,144,0,0,0,0,0,213956,3,0
0,0,0,0,62,28,1804,144,0,0,0,0,0,70786,3,0
0,0,0,0,23,29,1805,144,0,0,0,0,0,241076,3,0
0,0,0,0,44,29,1806,144,0,0,0,0,0,279008,3,0
0,0,0,0,57,29,1807,144,0,0,0,0,0,270682,3,0
0,0,0,0,46,29,1808,144,0,0,0,0,0,270680,3,0
0,0,0,0,12,29,1809,144,0,0,0,0,0,236723,3,0
0,0,0,0,41,29,1810,144,0,0,0,0,0,279007,3,0
0,0,0,0,49,29,1811,144,0,0,0,0,0,278220,3,0
0,0,0,0,99,29,1812,144,0,0,0,0,0,277892,3,0
0,0,0,0,30,0,1813,1799,0,0,0,0,0,233306,4,0
0,0,0,0,17,4,1814,1799,0,0,0,0,0,190456,3,0
2,0,0,0,16,5,1815,1799,0,0,0,0,0,224221,3,0
1,0,0,0,26,6,1816,1799,0,0,0,0,0,250954,3,0
0,0,0,0,12,12,1817,1799,0,0,0,0,0,237646,3,0
0,0,0,0,19,13,1818,1799,0,0,0,0,0,206516,4,0
0,0,0,0,20,15,1819,1799,0,0,0,0,0,259240,3,0
2,0,0,0,3,16,1820,1799,0,0,0,0,1,240947,3,0
9,0,0,1,10,17,1821,1799,0,0,0,0,1,235794,4,0
10,0,0,1,7,19,1822,1799,0,0,0,0,3,247827,4,0
13,0,0,1,14,25,1823,1799,0,0,0,0,2,236461,4,0
7,0,0,1,22,28,1824,1799,0,0,0,0,0,233866,3,0
0,0,0,0,29,28,1825,1799,0,0,0,0,0,259205,3,0
0,0,0,0,4,28,1826,1799,0,0,0,0,0,228295,3,0
0,0,0,0,2,28,1827,1799,0,0,0,0,0,186392,3,0
0,0,0,0,1,28,1828,1799,0,0,0,0,0,206075,3,0
0,0,0,0,11,28,1829,1799,0,0,0,0,0,265420,3,0
0,0,0,0,52,28,1830,1799,0,0,0,0,0,273693,3,0
1,0,0,0,8,28,1831,1799,0,0,0,0,0,213991,3,0
0,0,0,0,49,28,1832,1799,0,0,0,0,0,264035,3,0
4,0,0,1,9,28,1833,1799,0,0,0,0,0,197756,3,0
0,0,0,0,5,28,1834,1799,0,0,0,0,0,173546,3,0
2,0,0,0,15,28,1835,1799,0,0,0,0,0,200759,3,0
0,0,0,0,41,29,1836,1799,0,0,0,0,0,271191,3,0
0,0,0,0,6,29,1837,1799,0,0,0,0,0,241159,3,0
0,0,0,0,51,29,1838,1799,0,0,0,0,0,276718,3,0
0,0,0,0,31,29,1839,1799,0,0,0,0,0,203824,3,0
0,0,0,0,28,29,1840,1799,0,0,0,0,0,242619,3,0
0,0,0,0,40,29,1841,1799,0,0,0,0,0,264113,3,0
0,0,0,0,36,29,1842,1799,0,0,0,0,0,242752,3,0
0,0,0,0,60,29,1843,1799,0,0,0,0,0,278801,3,0
0,0,0,0,42,29,1844,1799,0,0,0,0,0,261988,3,0
0,0,0,0,44,29,1845,1799,0,0,0,0,0,221269,3,0
0,0,0,0,55,29,1846,1799,0,0,0,0,0,272863,3,0
0,0,0,0,61,29,1847,1799,0,0,0,0,0,71827,3,0
0,0,0,0,23,0,1848,1808,0,0,0,0,0,188836,3,0
1,0,0,0,34,3,1849,1808,0,0,0,0,1,208004,4,0
0,0,0,0,29,4,1850,1808,0,0,0,0,0,258908,3,0
3,0,0,0,5,6,1851,1808,0,0,0,0,0,199915,3,0
2,0,0,0,30,7,1852,1808,0,0,0,0,0,237942,3,0
4,0,0,1,13,9,1853,1808,0,0,0,0,0,190765,3,0
0,0,0,0,11,11,1854,1808,0,0,0,0,0,245992,3,0
6,0,0,1,24,12,1855,1808,0,0,0,0,0,260779,4,0
3,0,0,0,22,16,1856,1808,0,0,0,0,0,255565,3,0
9,0,0,1,9,18,1857,1808,0,0,0,0,0,252042,3,0
4,0,0,1,18,25,1858,1808,0,0,0,0,0,186146,3,0
2,0,0,0,31,28,1859,1808,0,0,0,0,0,253004,3,0
3,0,0,0,41,28,1860,1808,0,0,0,0,0,277283,3,0
0,0,0,0,3,28,1861,1808,0,0,0,0,0,241585,3,0
0,0,0,0,2,28,1862,1808,0,0,0,0,0,242418,3,0
0,0,0,0,1,28,1863,1808,0,0,0,0,0,258498,4,0
6,0,0,1,28,28,1864,1808,0,0,0,0,0,259608,3,0
0,0,0,0,6,28,1865,1808,0,0,0,0,0,138412,3,0
0,0,0,0,20,28,1866,1808,0,0,0,0,0,272500,3,0
3,0,0,0,7,28,1867,1808,0,0,0,0,0,206594,3,0
0,0,0,0,10,28,1868,1808,0,0,0,0,0,255434,3,0
0,0,0,0,4,28,1869,1808,0,0,0,0,0,207616,3,0
0,0,0,0,14,28,1870,1808,0,0,0,0,0,180819,3,0
3,0,0,0,40,29,1871,1808,0,0,0,0,0,269495,2,0
0,0,0,0,15,29,1872,1808,0,0,0,0,0,239778,3,0
0,0,0,0,19,29,1873,1808,0,0,0,0,0,263370,3,0
0,0,0,0,38,29,1874,1808,0,0,0,0,0,243588,3,0
0,0,0,0,44,29,1875,1808,0,0,0,0,0,264124,3,0
0,0,0,0,56,29,1876,1808,0,0,0,0,0,279224,3,0
0,0,0,0,47,29,1877,1808,0,0,0,0,0,271116,3,0
0,0,0,0,42,29,1878,1808,0,0,0,0,0,264141,3,0
0,0,0,0,8,29,1879,1808,0,0,0,0,0,236529,3,0
0,0,0,0,48,29,1880,1808,0,0,0,0,0,71826,3,0
0,0,0,0,1,0,1881,1925,0,0,0,0,0,211738,3,0
1,0,0,0,30,3,1882,1925,0,0,0,0,0,238157,3,0
1,0,0,0,13,4,1883,1925,0,0,0,0,0,183491,3,0
2,0,0,0,20,5,1884,1925,0,0,0,0,0,224258,3,0
1,0,0,0,22,6,1885,1925,0,0,0,0,0,248484,3,0
0,0,0,0,12,7,1886,1925,0,0,0,0,0,245279,4,0
2,0,0,0,6,10,1887,1925,0,0,0,0,0,210697,3,0
3,0,0,1,8,13,1888,1925,0,0,0,0,0,229723,3,0
0,0,0,0,27,15,1889,1925,0,0,0,0,0,235167,3,0
4,0,0,1,17,24,1890,1925,0,0,0,0,0,212228,2,0
11,0,0,1,11,26,1891,1925,0,0,0,0,1,234824,3,0
9,0,0,1,19,28,1892,1925,0,0,0,0,1,243014,5,0
6,0,0,1,7,28,1893,1925,0,0,0,0,0,211784,3,0
3,0,0,1,23,28,1894,1925,0,0,0,0,0,243606,2,0
0,0,0,0,24,28,1895,1925,0,0,0,0,0,241508,3,0
0,0,0,0,21,28,1896,1925,0,0,0,0,0,212151,3,0
1,0,0,0,15,28,1897,1925,0,0,0,0,0,239529,3,0
1,0,0,0,14,28,1898,1925,0,0,0,0,0,231949,3,0
1,0,0,0,26,28,1899,1925,0,0,0,0,0,240697,3,0
0,0,0,0,33,28,1900,1925,0,0,0,0,0,270608,3,0
0,0,0,0,36,28,1901,1925,0,0,0,0,0,267844,3,0
0,0,0,0,38,28,1902,1925,0,0,0,0,0,258724,3,0
0,0,0,0,31,28,1903,1925,0,0,0,0,0,264133,3,0
0,0,0,0,43,29,1904,1925,0,0,0,0,0,70781,3,0
0,0,0,0,50,29,1905,1925,0,0,0,0,0,278146,3,0
2,0,0,0,16,29,1906,1925,0,0,0,0,0,189682,3,0
2,0,0,0,5,29,1907,1925,0,0,0,0,0,238717,3,0
0,0,0,0,99,29,1908,1925,0,0,0,0,0,277705,3,0
0,0,0,0,10,29,1909,1925,0,0,0,0,0,231445,3,0
0,0,0,0,40,29,1910,1925,0,0,0,0,0,236663,3,0
0,0,0,0,2,29,1911,1925,0,0,0,0,0,248808,3,0
2,0,0,0,9,29,1912,1925,0,0,0,0,0,260926,3,0
0,0,0,0,3,29,1913,1925,0,0,0,0,0,224494,3,0
0,0,0,0,32,29,1914,1925,0,0,0,0,0,262569,3,0
0,0,0,0,4,29,1915,1925,0,0,0,0,0,262637,3,0
0,0,0,0,1,0,1916,1943,0,0,0,0,0,194404,3,0
0,0,0,0,15,3,1917,1943,0,0,0,0,0,190885,2,0
1,0,0,0,27,4,1918,1943,0,0,0,0,0,258781,2,0
4,0,0,1,25,6,1919,1943,0,0,0,0,0,236506,4,0
0,0,0,0,5,7,1920,1943,0,0,0,0,0,231512,3,0
8,0,0,1,24,12,1921,1943,0,0,0,0,0,241236,2,0
0,0,0,0,10,13,1922,1943,0,0,0,0,0,213884,4,0
0,0,0,0,4,15,1923,1943,0,0,0,0,0,224294,4,0
3,0,0,1,16,16,1924,1943,0,0,0,0,0,237477,3,0
7,0,0,1,19,18,1925,1943,0,0,0,0,0,236920,2,0
19,1,0,1,9,25,1926,1943,0,0,0,0,1,225539,4,0
2,0,0,0,29,28,1927,1943,0,0,0,0,0,220714,3,0
0,0,0,0,8,28,1928,1943,0,0,0,0,0,242577,3,0
1,0,0,0,11,28,1929,1943,0,0,0,0,0,265552,2,0
0,0,0,0,3,28,1930,1943,0,0,0,0,0,260908,3,0
0,0,0,0,20,28,1931,1943,0,0,0,0,0,234102,3,0
2,0,0,0,26,28,1932,1943,0,0,0,0,0,223197,3,0
1,0,0,0,14,28,1933,1943,0,0,0,0,0,261299,3,0
0,0,0,0,37,28,1934,1943,0,0,0,0,0,240060,3,0
0,0,0,0,42,28,1935,1943,0,0,0,0,0,232284,2,0
2,0,0,0,17,28,1936,1943,0,0,0,0,0,233500,3,0
0,0,0,0,2,28,1937,1943,0,0,0,0,0,205346,3,0
0,0,0,0,6,28,1938,1943,0,0,0,0,0,233201,3,0
0,0,0,0,18,29,1939,1943,0,0,0,0,0,232999,3,0
0,0,0,0,12,29,1940,1943,0,0,0,0,0,169697,3,0
0,0,0,0,21,29,1941,1943,0,0,0,0,0,240787,3,0
0,0,0,0,23,29,1942,1943,0,0,0,0,0,248492,3,0
0,0,0,0,51,29,1943,1943,0,0,0,0,0,271235,3,0
0,0,0,0,48,29,1944,1943,0,0,0,0,0,70779,3,0
0,0,0,0,50,29,1945,1943,0,0,0,0,0,71965,3,0
0,0,0,0,49,29,1946,1943,0,0,0,0,0,273587,3,0
0,0,0,0,46,29,1947,1943,0,0,0,0,0,72026,3,0
0,0,0,0,12,0,1948,3,0,0,0,0,0,243158,3,0
1,0,0,0,2,3,1949,3,0,0,0,0,0,232185,4,0
1,0,0,0,5,4,1950,3,0,0,0,0,0,221281,3,0
1,0,0,0,55,5,1951,3,0,0,0,0,0,173671,3,0
2,0,0,0,16,6,1952,3,0,0,0,0,0,231540,3,0
1,0,0,0,3,7,1953,3,0,0,0,0,0,235770,4,0
3,0,0,1,9,23,1954,3,0,0,0,0,0,213905,4,0
0,0,0,0,21,13,1955,3,0,0,0,0,0,242749,3,0
1,0,0,0,44,15,1956,3,0,0,0,0,0,257400,3,0
5,0,0,1,7,27,1957,3,0,0,0,0,0,238196,3,0
27,1,0,1,8,25,1958,3,2,0,0,1,3,220139,5,0
2,0,0,0,24,28,1959,3,0,0,0,0,0,264120,3,0
1,0,0,0,30,28,1960,3,0,0,0,0,0,256358,3,0
0,0,0,0,45,28,1961,3,0,0,0,0,0,256556,3,0
0,0,0,0,14,28,1962,3,0,0,0,0,0,254588,3,0
0,0,0,0,38,28,1963,3,0,0,0,0,0,71447,3,0
2,0,0,0,19,28,1964,3,0,0,0,0,0,218343,3,0
1,0,0,0,18,28,1965,3,0,0,0,0,0,246349,3,0
5,0,0,1,10,28,1966,3,0,0,0,0,0,257063,3,0
0,0,0,0,33,28,1967,3,0,0,0,0,0,273771,3,0
0,0,0,0,28,28,1968,3,0,0,0,0,0,264747,3,0
0,0,0,0,99,28,1969,3,0,0,0,0,0,259225,3,0
0,0,0,0,26,28,1970,3,0,0,0,0,0,248534,3,0
2,0,0,0,11,29,1971,3,0,0,0,0,0,238336,4,0
0,0,0,0,6,29,1972,3,0,0,0,0,0,212099,3,0
0,0,0,0,1,29,1973,3,0,0,0,0,0,240595,4,0
0,0,0,0,17,29,1974,3,0,0,0,0,0,242751,3,0
3,0,0,1,20,29,1975,3,0,0,0,0,0,264746,3,0
0,0,0,0,34,29,1976,3,0,0,0,0,0,251522,3,0
0,0,0,0,22,29,1977,3,0,0,0,0,0,256366,3,0
0,0,0,0,25,29,1978,3,0,0,0,0,0,274959,3,0
0,0,0,0,4,29,1979,3,0,0,0,0,0,266095,3,0
0,0,0,0,13,29,1980,3,0,0,0,0,0,259228,3,0
0,0,0,0,41,29,1981,3,0,0,0,0,0,279225,3,0
0,0,0,0,31,29,1982,3,0,0,0,0,0,278920,3,0
0,0,0,0,23,29,1983,3,0,0,0,0,0,189177,3,0
0,0,0,0,27,29,1984,3,0,0,0,0,0,259231,3,0
0,0,0,0,15,29,1985,3,0,0,0,0,0,277556,3,0
0,0,0,0,1,0,1986,8,0,0,0,0,0,242656,2,0
0,0,0,0,22,3,1987,8,0,0,0,0,0,270208,3,0
0,0,0,0,14,4,1988,8,0,0,0,0,0,229266,2,0
0,0,0,0,4,6,1989,8,0,0,0,0,0,235735,3,0
0,0,0,0,3,7,1990,8,0,0,0,0,0,241184,3,0
0,0,0,0,8,9,1991,8,0,0,0,0,0,213654,1,0
0,0,0,0,44,11,1992,8,0,0,0,0,0,248384,2,0
8,0,0,1,29,12,1993,8,0,0,0,0,1,258906,2,0
19,1,0,1,10,16,1994,8,0,0,0,0,2,251954,3,0
6,0,0,0,24,18,1995,8,0,0,0,0,0,245637,1,0
8,0,0,1,9,25,1996,8,0,0,0,0,1,206534,3,0
13,0,0,1,20,28,1997,8,0,0,0,0,0,232104,3,0
1,0,0,0,33,28,1998,8,0,0,0,0,0,225147,3,0
1,0,0,0,6,28,1999,8,0,0,0,0,0,189456,3,0
2,0,0,0,25,28,2000,8,0,0,0,0,0,208892,2,0
0,0,0,0,28,28,2001,8,0,0,0,0,0,193331,3,0
13,0,0,1,7,28,2002,8,1,0,0,0,1,247249,4,0
1,0,0,0,12,28,2003,8,0,0,0,0,0,243669,3,0
0,0,0,0,30,28,2004,8,0,0,0,0,0,246053,3,0
0,0,0,0,17,28,2005,8,0,0,0,0,0,245715,3,0
0,0,0,0,5,28,2006,8,0,0,0,0,0,254121,3,0
1,0,0,0,49,28,2007,8,0,0,0,0,0,270206,3,0
0,0,0,0,13,28,2008,8,0,0,0,0,0,237935,3,0
3,0,0,0,21,29,2009,8,0,0,0,0,0,239360,3,0
0,0,0,0,15,29,2010,8,0,0,0,0,0,203570,3,0
0,0,0,0,16,29,2011,8,0,0,0,0,0,266074,3,0
0,0,0,0,34,29,2012,8,0,0,0,0,0,263734,3,0
0,0,0,0,45,29,2013,8,0,0,0,0,0,212602,3,0
0,0,0,0,63,29,2014,8,0,0,0,0,0,233301,3,0
0,0,0,0,1,0,2015,12,0,0,0,0,0,239358,3,0
1,0,0,0,12,3,2016,12,0,0,0,0,0,186156,5,0
2,0,0,0,16,4,2017,12,0,0,0,0,0,183422,3,0
1,0,0,0,5,6,2018,12,0,0,0,0,1,221600,3,0
2,0,0,0,27,7,2019,12,0,0,0,0,0,260842,3,0
0,0,0,0,4,9,2020,12,0,0,0,0,0,227806,3,0
0,0,0,0,28,11,2021,12,0,0,0,0,0,236530,3,0
8,0,0,1,11,12,2022,12,1,0,0,0,2,253055,5,0
5,0,0,1,29,16,2023,12,0,0,0,0,0,253407,3,0
11,0,0,1,20,18,2024,12,0,0,0,0,1,252066,3,0
16,1,0,1,9,25,2025,12,1,0,0,0,4,237295,4,0
4,0,0,0,18,28,2026,12,0,0,0,0,0,251176,3,0
1,0,0,0,14,28,2027,12,0,0,0,0,1,260402,4,0
0,0,0,0,33,28,2028,12,0,0,0,0,0,254470,3,0
0,0,0,0,15,28,2029,12,0,0,0,0,0,232413,3,0
0,0,0,0,32,28,2030,12,0,0,0,0,0,182365,3,0
0,0,0,0,59,28,2031,12,0,0,0,0,0,71162,3,0
0,0,0,0,49,28,2032,12,0,0,0,0,0,279251,3,0
4,0,0,0,8,28,2033,12,0,0,0,0,0,233487,3,0
0,0,0,0,17,28,2034,12,0,0,0,0,0,213697,3,0
0,0,0,0,64,28,2035,12,0,0,0,0,0,271311,3,0
1,0,0,0,3,28,2036,12,0,0,0,0,0,259442,2,0
7,0,0,1,21,28,2037,12,0,0,0,0,0,241523,3,0
1,0,0,0,7,29,2038,12,0,0,0,0,0,253054,3,0
0,0,0,0,6,29,2039,12,0,0,0,0,0,229682,3,0
5,0,0,1,19,29,2040,12,0,0,0,0,0,261432,3,0
2,0,0,0,24,29,2041,12,1,0,0,0,1,262255,4,0
0,0,0,0,13,29,2042,12,0,0,0,0,0,259751,3,0
1,0,0,0,26,29,2043,12,0,0,0,0,0,211009,3,0
0,0,0,0,2,29,2044,12,0,0,0,0,0,203783,3,0
0,0,0,0,23,29,2045,12,0,0,0,0,0,232110,3,0
0,0,0,0,46,29,2046,12,0,0,0,0,0,259285,3,0
0,0,0,0,42,29,2047,12,0,0,0,0,0,253770,3,0
0,0,0,0,50,29,2048,12,0,0,0,0,0,279253,3,0
0,0,0,0,52,29,2049,12,0,0,0,0,0,279558,3,0
0,0,0,0,38,29,2050,12,0,0,0,0,0,264093,3,0
0,0,0,0,34,29,2051,12,0,0,0,0,0,254553,3,0
0,0,0,0,53,29,2052,12,0,0,0,0,0,72061,3,0
0,0,0,0,1,0,2053,15,0,0,0,0,0,172723,3,0
1,0,0,0,3,3,2054,15,0,0,0,0,0,235156,3,0
2,0,0,0,5,4,2055,15,0,0,0,0,0,193011,3,0
1,0,0,0,6,6,2056,15,0,0,0,0,0,230774,3,0
4,0,0,1,22,7,2057,15,0,0,0,0,0,228120,3,0
0,0,0,0,14,9,2058,15,0,0,0,0,0,206115,3,0
4,0,0,1,8,11,2059,15,0,0,0,0,1,233957,3,0
4,0,0,1,7,12,2060,15,0,0,0,0,0,225785,3,0
7,0,0,1,10,16,2061,15,1,0,0,0,2,238490,4,0
1,0,0,0,25,18,2062,15,0,0,0,0,1,203903,4,0
6,0,0,1,9,25,2063,15,0,0,0,0,2,247279,3,0
3,0,0,0,4,28,2064,15,0,0,0,0,0,193942,3,0
1,0,0,0,16,28,2065,15,0,0,0,0,0,261032,3,0
0,0,0,0,20,28,2066,15,0,0,0,0,0,237000,4,0
0,0,0,0,21,28,2067,15,0,0,0,0,0,257105,3,0
0,0,0,0,13,28,2068,15,0,0,0,0,0,205352,3,0
1,0,0,0,12,28,2069,15,0,0,0,0,0,208159,3,0
3,0,0,0,30,28,2070,15,0,0,0,0,0,272365,3,0
3,0,0,0,11,28,2071,15,0,0,0,0,0,241075,3,0
0,0,0,0,19,28,2072,15,0,0,0,0,0,242787,4,0
1,0,0,0,15,28,2073,15,1,0,0,0,1,208806,5,0
0,0,0,0,42,28,2074,15,0,0,0,0,0,262290,3,0
0,0,0,0,34,28,2075,15,0,0,0,0,0,276721,3,0
0,0,0,0,39,29,2076,15,0,0,0,0,0,276723,3,0
0,0,0,0,32,29,2077,15,0,0,0,0,0,250804,4,0
0,0,0,0,41,29,2078,15,0,0,0,0,0,279870,3,0
0,0,0,0,40,29,2079,15,0,0,0,0,0,70024,3,0
0,0,0,0,36,29,2080,15,0,0,0,0,0,274931,3,0
0,0,0,0,33,29,2081,15,0,0,0,0,0,277637,3,0
0,0,0,0,38,29,2082,15,0,0,0,0,0,277658,3,0
0,0,0,0,29,29,2083,15,0,0,0,0,0,265441,3,0
0,0,0,0,18,29,2084,15,0,0,0,0,0,243393,3,0
0,0,0,0,46,29,2085,15,0,0,0,0,0,72243,3,0
0,0,0,0,2,29,2086,15,0,0,0,0,0,230815,3,0
0,0,0,0,35,29,2087,15,0,0,0,0,0,268544,3,0
0,0,0,0,43,29,2088,15,0,0,0,0,0,278027,3,0
0,0,0,0,44,29,2089,15,0,0,0,0,0,72244,3,0
0,0,0,0,45,29,2090,15,0,0,0,0,0,72242,3,0
0,0,0,0,1,0,2091,91,0,0,0,0,0,220944,3,0
0,0,0,0,35,4,2092,91,0,0,0,0,0,200840,3,0
0,0,0,0,5,5,2093,91,0,0,0,0,2,203749,3,0
0,0,0,0,6,6,2094,91,0,0,0,0,0,263914,3,0
0,0,0,0,23,12,2095,91,0,0,0,0,0,228894,3,0
0,0,0,0,32,13,2096,91,0,0,0,0,0,232412,3,0
0,0,0,0,4,15,2097,91,0,0,0,0,0,193849,3,0
0,0,0,0,17,16,2098,91,0,0,0,0,0,245340,3,0
0,0,0,0,7,18,2099,91,0,0,0,0,0,201240,3,0
0,0,0,0,11,24,2100,91,0,0,0,0,1,194964,3,0
0,0,0,0,9,26,2101,91,1,0,0,0,1,194018,3,0
0,0,0,0,16,28,2102,91,0,0,0,0,0,263918,3,0
0,0,0,0,2,28,2103,91,0,0,0,0,1,235618,3,0
0,0,0,0,3,28,2104,91,0,0,0,0,0,204353,3,0
0,0,0,0,20,28,2105,91,0,0,0,0,0,215412,3,0
0,0,0,0,31,28,2106,91,0,0,0,0,0,224130,3,0
0,0,0,0,27,28,2107,91,0,0,0,0,0,230864,3,0
0,0,0,0,10,28,2108,91,0,0,0,0,0,183706,3,0
0,0,0,0,12,28,2109,91,0,0,0,0,0,189619,3,0
0,0,0,0,8,28,2110,91,1,0,0,0,1,241419,3,0
0,0,0,0,22,28,2111,91,0,0,0,0,0,251420,3,0
0,0,0,0,13,28,2112,91,0,0,0,0,0,167803,3,0
0,0,0,0,14,28,2113,91,0,0,0,0,0,217758,3,0
0,0,0,0,25,29,2114,91,0,0,0,0,0,205670,3,0
0,0,0,0,34,29,2115,91,0,0,0,0,0,271566,3,0
0,0,0,0,24,29,2116,91,0,0,0,0,0,228684,3,0
0,0,0,0,26,29,2117,91,0,0,0,0,0,270593,3,0
0,0,0,0,19,29,2118,91,0,0,0,0,0,242710,3,0
0,0,0,0,36,29,2119,91,0,0,0,0,0,269931,3,0
0,0,0,0,42,29,2120,91,0,0,0,0,0,279570,3,0
0,0,0,0,40,29,2121,91,0,0,0,0,0,263915,3,0
0,0,0,0,43,29,2122,91,0,0,0,0,0,279088,3,0
0,0,0,0,33,0,2123,97,0,0,0,0,0,155871,3,0
2,0,0,0,6,3,2124,97,0,0,0,0,0,236600,1,0
0,0,0,0,2,4,2125,97,0,0,0,0,0,239443,3,0
2,0,0,0,5,5,2126,97,0,0,0,0,1,216481,3,0
1,0,0,0,4,6,2127,97,0,0,0,0,0,193549,3,0
2,0,0,0,3,7,2128,97,0,0,0,0,0,208024,3,0
0,0,0,0,39,12,2129,97,0,0,0,0,0,216270,3,0
0,0,0,0,8,13,2130,97,0,0,0,0,0,251560,3,0
7,0,0,1,10,15,2131,97,0,0,0,0,0,239373,3,0
3,0,0,1,19,16,2132,97,0,0,0,0,0,216268,3,0
5,0,0,1,7,25,2133,97,0,0,0,0,0,225317,3,0
3,0,0,1,11,28,2134,97,0,0,0,0,0,250825,4,0
1,0,0,0,24,28,2135,97,1,0,0,0,1,231423,5,0
2,0,0,0,23,28,2136,97,0,0,0,0,0,204412,3,0
2,0,0,0,15,28,2137,97,0,0,0,0,0,203505,3,0
0,0,0,0,27,28,2138,97,0,0,0,0,0,225511,3,0
4,0,0,1,9,28,2139,97,0,0,0,0,0,198437,3,0
2,0,0,0,17,28,2140,97,0,0,0,0,0,260653,3,0
0,0,0,0,14,28,2141,97,0,0,0,0,0,233484,3,0
3,0,0,1,45,28,2142,97,0,0,0,0,0,228225,3,0
0,0,0,0,18,28,2143,97,0,0,0,0,0,200689,3,0
1,0,0,0,22,28,2144,97,0,0,0,0,0,263271,3,0
0,0,0,0,12,28,2145,97,0,0,0,0,0,271675,3,0
0,0,0,0,44,29,2146,97,0,0,0,0,0,71067,3,0
2,0,0,0,25,29,2147,97,0,0,0,0,0,273616,2,0
0,0,0,0,48,29,2148,97,0,0,0,0,0,70028,3,0
0,0,0,0,29,29,2149,97,0,0,0,0,0,278916,3,0
2,0,0,0,21,29,2150,97,0,0,0,0,0,242265,3,0
0,0,0,0,1,0,2151,106,0,0,0,0,0,246417,3,0
0,0,0,0,6,3,2152,106,0,0,0,0,0,257270,3,0
2,0,0,0,13,4,2153,106,0,0,0,0,0,215700,2,0
3,0,0,1,5,5,2154,106,0,0,0,0,0,243908,2,0
0,0,0,0,42,6,2155,106,0,0,0,0,0,240867,2,0
0,0,0,0,28,7,2156,106,0,0,0,0,0,234087,2,0
2,0,0,0,31,23,2157,106,0,0,0,0,0,273459,3,0
7,0,0,1,7,13,2158,106,0,0,0,0,0,270964,3,0
5,0,0,1,39,15,2159,106,0,0,0,0,0,248473,2,0
15,0,0,1,20,27,2160,106,0,0,0,0,0,242908,4,0
1,0,0,0,46,25,2161,106,0,0,0,0,0,211098,3,0
1,0,0,0,11,28,2162,106,0,0,0,0,0,265777,3,0
3,0,0,1,17,28,2163,106,0,0,0,0,0,262149,3,0
0,0,0,0,4,28,2164,106,0,0,0,0,0,186135,2,0
1,0,0,0,14,28,2165,106,0,0,0,0,0,268903,3,0
0,0,0,0,30,28,2166,106,0,0,0,0,0,237188,1,0
0,0,0,0,9,28,2167,106,0,0,0,0,0,276425,3,0
2,0,0,0,22,28,2168,106,0,0,0,0,0,253102,3,0
0,0,0,0,33,28,2169,106,0,0,0,0,0,253969,3,0
1,0,0,0,32,28,2170,106,0,0,0,0,0,266400,2,0
0,0,0,0,3,28,2171,106,0,0,0,0,0,256831,3,0
0,0,0,0,10,28,2172,106,0,0,0,0,0,221982,2,0
0,0,0,0,23,28,2173,106,0,0,0,0,0,266467,3,0
4,0,0,1,24,29,2174,106,0,0,0,0,0,258483,3,0
2,0,0,0,15,29,2175,106,0,0,0,0,0,244731,3,0
1,0,0,0,2,29,2176,106,0,0,0,0,0,251521,3,0
0,0,0,0,8,29,2177,106,0,0,0,0,0,256442,3,0
0,0,0,0,99,29,2178,106,0,0,0,0,0,235913,3,0
0,0,0,0,44,29,2179,106,0,0,0,0,0,70485,3,0
0,0,0,0,18,29,2180,106,0,0,0,0,0,263990,3,0
0,0,0,0,43,29,2181,106,0,0,0,0,0,264333,3,0
0,0,0,0,40,29,2182,106,0,0,0,0,0,275246,3,0
0,0,0,0,48,29,2183,106,0,0,0,0,0,70784,3,0
0,0,0,0,49,29,2184,106,0,0,0,0,0,71271,3,0
0,0,0,0,50,29,2185,106,0,0,0,0,0,71493,3,0
0,0,0,0,51,29,2186,106,0,0,0,0,0,71617,3,0
0,0,0,0,24,0,2187,109,0,0,0,0,0,223909,3,0
5,0,0,0,2,3,2188,109,1,0,0,0,1,223877,5,0
2,0,0,0,4,4,2189,109,0,0,0,0,0,235458,3,0
0,0,0,0,15,6,2190,109,0,0,0,0,0,178567,3,0
0,0,0,0,3,7,2191,109,0,0,0,0,0,203751,4,0
1,0,0,0,35,9,2192,109,0,0,0,0,0,205201,4,0
2,0,0,0,27,11,2193,109,1,0,0,0,1,213798,4,0
6,0,0,1,7,12,2194,109,0,0,0,0,1,205970,3,0
7,0,0,1,23,16,2195,109,0,0,0,0,0,238505,4,0
9,0,0,1,19,18,2196,109,0,0,0,0,0,211506,3,0
11,0,0,1,21,25,2197,109,0,0,0,0,0,235744,2,0
1,0,0,0,9,28,2198,109,0,0,0,0,0,235161,3,0
3,0,0,0,17,28,2199,109,0,0,0,0,0,194017,3,0
7,0,0,1,11,28,2200,109,0,0,0,0,0,231436,4,0
4,0,0,0,5,28,2201,109,1,0,0,0,1,186158,4,0
0,0,0,0,33,28,2202,109,0,0,0,0,0,252773,3,0
2,0,0,0,6,28,2203,109,0,0,0,0,0,207952,3,0
0,0,0,0,26,28,2204,109,0,0,0,0,0,244625,3,0
0,0,0,0,8,28,2205,109,0,0,0,0,0,236344,3,0
0,0,0,0,20,28,2206,109,0,0,0,0,0,204215,3,0
0,0,0,0,12,28,2207,109,0,0,0,0,0,255043,3,0
4,0,0,0,31,28,2208,109,0,0,0,0,0,264371,3,0
0,0,0,0,14,28,2209,109,0,0,0,0,0,205897,3,0
0,0,0,0,46,29,2210,109,0,0,0,0,0,271560,3,0
0,0,0,0,30,29,2211,109,0,0,0,0,0,263907,3,0
3,0,0,0,10,29,2212,109,0,0,0,0,0,188166,3,0
0,0,0,0,16,29,2213,109,0,0,0,0,0,184037,3,0
0,0,0,0,25,29,2214,109,0,0,0,0,0,278101,3,0
0,0,0,0,32,29,2215,109,0,0,0,0,0,264445,3,0
0,0,0,0,47,29,2216,109,0,0,0,0,0,70019,3,0
0,0,0,0,38,29,2217,109,0,0,0,0,0,278925,3,0
0,0,0,0,41,29,2218,109,0,0,0,0,0,278959,3,0
0,0,0,0,42,29,2219,109,0,0,0,0,0,278960,3,0
0,0,0,0,37,29,2220,109,0,0,0,0,0,278998,3,0
0,0,0,0,43,29,2221,109,0,0,0,0,0,70982,3,0
0,0,0,0,22,29,2222,109,0,0,0,0,0,187052,3,0
0,0,0,0,1,0,2223,1790,0,0,0,0,0,223082,3,0
0,0,0,0,17,3,2224,1790,0,0,0,0,0,210029,3,0
0,0,0,0,20,4,2225,1790,0,0,0,0,0,238450,3,0
0,0,0,0,18,6,2226,1790,0,0,0,0,1,219551,3,0
0,0,0,0,6,7,2227,1790,0,0,0,0,0,222399,3,0
0,0,0,0,7,9,2228,1790,0,0,0,0,0,196916,3,0
0,0,0,0,23,11,2229,1790,0,0,0,0,0,269156,3,0
0,0,0,0,25,12,2230,1790,0,0,0,0,0,270379,3,0
0,0,0,0,32,16,2231,1790,1,0,0,0,1,264644,3,0
0,0,0,0,49,18,2232,1790,0,0,0,0,0,240673,3,0
0,0,0,0,9,25,2233,1790,0,0,0,0,1,221692,3,0
0,0,0,0,29,28,2234,1790,0,0,0,0,0,251346,3,0
0,0,0,0,28,28,2235,1790,0,0,0,0,0,248474,3,0
0,0,0,0,2,28,2236,1790,0,0,0,0,0,253057,3,0
0,0,0,0,4,28,2237,1790,0,0,0,0,0,258616,3,0
0,0,0,0,13,28,2238,1790,0,0,0,0,0,213407,3,0
0,0,0,0,15,28,2239,1790,0,0,0,0,0,254858,3,0
0,0,0,0,11,28,2240,1790,0,0,0,0,0,244655,3,0
0,0,0,0,44,28,2241,1790,1,0,0,0,1,263582,3,0
0,0,0,0,45,28,2242,1790,0,0,0,0,0,213105,3,0
0,0,0,0,21,28,2243,1790,0,0,0,0,0,240606,3,0
0,0,0,0,19,28,2244,1790,0,0,0,0,2,253383,3,0
0,0,0,0,14,28,2245,1790,0,0,0,0,0,228638,3,0
0,0,0,0,26,29,2246,1790,0,0,0,0,0,235771,3,0
0,0,0,0,31,29,2247,1790,0,0,0,0,0,237176,3,0
0,0,0,0,10,29,2248,1790,0,0,0,0,0,240865,3,0
0,0,0,0,34,29,2249,1790,0,0,0,0,0,276648,3,0
0,0,0,0,46,29,2250,1790,0,0,0,0,0,235028,3,0
0,0,0,0,8,29,2251,1790,0,0,0,0,0,259677,3,0
0,0,0,0,5,29,2252,1790,0,0,0,0,0,225557,3,0
0,0,0,0,16,29,2253,1790,0,0,0,0,0,220677,3,0
0,0,0,0,24,29,2254,1790,0,0,0,0,0,276070,3,0
0,0,0,0,28,0,2255,1792,0,0,0,0,0,216325,2,0
1,0,0,0,3,3,2256,1792,0,0,0,0,0,221282,2,0
1,0,0,0,24,4,2257,1792,0,0,0,0,0,192622,2,0
0,0,0,0,6,6,2258,1792,0,0,0,0,0,200408,2,0
0,0,0,0,30,7,2259,1792,0,0,0,0,0,236457,3,0
2,0,0,0,26,9,2260,1792,0,0,0,0,0,256051,2,0
1,0,0,0,23,11,2261,1792,0,0,0,0,0,201368,2,0
13,0,0,1,17,12,2262,1792,0,0,0,0,1,270571,3,0
6,0,0,1,7,16,2263,1792,0,0,0,0,1,252929,3,0
6,0,0,1,10,18,2264,1792,0,0,0,0,0,186905,3,0
16,1,0,1,9,25,2265,1792,0,0,0,0,1,242075,2,0
12,0,0,1,27,28,2266,1792,0,0,0,0,0,266500,3,0
1,0,0,0,19,28,2267,1792,0,0,0,0,0,233705,2,0
0,0,0,0,5,28,2268,1792,0,0,0,0,0,198904,3,0
1,0,0,0,15,28,2269,1792,0,0,0,0,0,246155,3,0
0,0,0,0,12,28,2270,1792,0,0,0,0,0,202199,3,0
0,0,0,0,14,28,2271,1792,0,0,0,0,0,244601,3,0
6,0,0,1,16,28,2272,1792,0,0,0,0,0,234913,3,0
0,0,0,0,35,28,2273,1792,0,0,0,0,0,275988,3,0
1,0,0,0,21,28,2274,1792,0,0,0,0,0,195037,3,0
0,0,0,0,44,28,2275,1792,0,0,0,0,0,71163,3,0
0,0,0,0,43,28,2276,1792,0,0,0,0,0,277981,3,0
0,0,0,0,51,28,2277,1792,0,0,0,0,0,278956,3,0
0,0,0,0,8,29,2278,1792,0,0,0,0,0,256620,3,0
0,0,0,0,25,29,2279,1792,0,0,0,0,0,202017,3,0
0,0,0,0,37,29,2280,1792,0,0,0,0,0,248741,3,0
0,0,0,0,49,29,2281,1792,0,0,0,0,0,277752,3,0
0,0,0,0,47,29,2282,1792,0,0,0,0,0,277971,3,0
0,0,0,0,18,0,2283,1794,0,0,0,0,0,193182,4,0
0,0,0,0,20,3,2284,1794,0,0,0,0,0,244591,3,0
0,0,0,0,15,4,2285,1794,0,0,0,0,0,236524,3,0
0,0,0,0,19,5,2286,1794,0,0,0,0,0,199027,2,0
0,0,0,0,30,6,2287,1794,0,0,0,0,0,225024,3,0
0,0,0,0,5,7,2288,1794,0,0,0,0,0,235755,3,0
0,0,0,0,16,10,2289,1794,0,0,0,0,0,186143,3,0
0,0,0,0,21,13,2290,1794,0,0,0,0,0,262929,3,0
0,0,0,0,8,15,2291,1794,0,0,0,0,0,234741,4,0
0,0,0,0,9,24,2292,1794,0,0,0,0,0,220031,3,0
0,0,0,0,10,26,2293,1794,0,0,0,0,0,258930,2,0
0,0,0,0,28,28,2294,1794,0,0,0,0,0,264349,3,0
0,0,0,0,12,28,2295,1794,0,0,0,0,0,204936,3,0
0,0,0,0,2,28,2296,1794,0,0,0,0,0,200855,3,0
0,0,0,0,27,28,2297,1794,0,0,0,0,0,252302,2,0
0,0,0,0,13,28,2298,1794,0,0,0,0,0,258390,3,0
0,0,0,0,11,28,2299,1794,0,0,0,0,1,233795,3,0
0,0,0,0,22,28,2300,1794,0,0,0,0,0,230005,3,0
0,0,0,0,35,28,2301,1794,0,0,0,0,0,271816,2,0
0,0,0,0,36,28,2302,1794,0,0,0,0,0,262227,3,0
0,0,0,0,23,28,2303,1794,0,0,0,0,0,210985,3,0
0,0,0,0,6,28,2304,1794,0,0,0,0,0,184274,3,0
0,0,0,0,24,28,2305,1794,0,0,0,0,0,271063,2,0
0,0,0,0,3,29,2306,1794,0,0,0,0,0,212100,3,0
0,0,0,0,33,29,2307,1794,0,0,0,0,0,240773,3,0
0,0,0,0,7,29,2308,1794,0,0,0,0,0,238460,3,0
0,0,0,0,26,29,2309,1794,0,0,0,0,0,278896,3,0
0,0,0,0,32,29,2310,1794,0,0,0,0,0,270519,3,0
0,0,0,0,37,29,2311,1794,0,0,0,0,0,271064,3,0
0,0,0,0,34,29,2312,1794,0,0,0,0,0,277804,3,0
0,0,0,0,25,29,2313,1794,0,0,0,0,0,255210,3,0
0,0,0,0,1,29,2314,1794,0,0,0,0,0,200715,3,0
0,0,0,0,29,29,2315,1794,0,0,0,0,0,264514,3,0
0,0,0,0,4,29,2316,1794,0,0,0,0,0,276064,3,0
0,0,0,0,45,29,2317,1794,0,0,0,0,0,71129,3,0
0,0,0,0,42,29,2318,1794,0,0,0,0,0,279572,3,0
0,0,0,0,46,29,2319,1794,0,0,0,0,0,71274,3,0
0,0,0,0,99,29,2320,1794,0,0,0,0,0,72084,3,0
0,0,0,0,1,0,2321,1795,0,0,0,0,0,209532,2,0
3,0,0,0,45,3,2322,1795,0,0,0,0,1,270371,2,0
3,0,0,0,5,4,2323,1795,0,0,0,0,0,240439,3,0
0,0,0,0,3,5,2324,1795,0,0,0,0,0,228681,1,0
3,0,0,0,4,6,2325,1795,1,0,0,0,1,216774,5,0
0,0,0,0,6,7,2326,1795,0,0,0,0,0,231292,3,0
5,0,0,1,39,13,2327,1795,0,0,0,0,0,242217,3,0
2,0,0,0,24,15,2328,1795,0,0,0,0,0,233048,3,0
6,0,0,1,18,18,2329,1795,0,0,0,0,0,271464,4,0
6,0,0,1,19,24,2330,1795,0,0,0,0,0,246832,3,0
4,0,0,0,25,26,2331,1795,0,0,0,0,0,239015,3,0
2,0,0,0,7,28,2332,1795,0,0,0,0,0,200521,3,0
5,0,0,1,37,28,2333,1795,0,0,0,0,0,273458,3,0
4,0,0,0,11,28,2334,1795,0,0,0,0,0,264207,3,0
0,0,0,0,15,28,2335,1795,0,0,0,0,0,246695,3,0
0,0,0,0,26,28,2336,1795,0,0,0,0,0,170008,3,0
10,0,0,1,9,28,2337,1795,0,0,0,0,0,272853,1,0
1,0,0,0,16,28,2338,1795,0,0,0,0,0,241168,3,0
0,0,0,0,42,28,2339,1795,0,0,0,0,0,268530,3,0
0,0,0,0,59,28,2340,1795,0,0,0,0,0,273600,3,0
0,0,0,0,40,28,2341,1795,0,0,0,0,0,275272,3,0
0,0,0,0,34,28,2342,1795,0,0,0,0,0,254807,3,0
3,0,0,0,8,28,2343,1795,0,0,0,0,0,189059,3,0
0,0,0,0,53,29,2344,1795,0,0,0,0,0,276582,3,0
0,0,0,0,2,29,2345,1795,0,0,0,0,0,247623,3,0
1,0,0,0,12,29,2346,1795,0,0,0,0,0,213750,3,0
0,0,0,0,41,29,2347,1795,0,0,0,0,0,277366,3,0
0,0,0,0,54,29,2348,1795,0,0,0,0,0,273540,3,0
0,0,0,0,61,29,2349,1795,0,0,0,0,0,72207,3,0
0,0,0,0,57,29,2350,1795,0,0,0,0,0,72208,3,0
0,0,0,0,49,0,2351,1796,0,0,0,0,0,233164,3,0
0,0,0,0,20,3,2352,1796,0,0,0,0,0,260574,2,0
0,0,0,0,2,4,2353,1796,0,0,0,0,1,235405,2,0
0,0,0,0,33,6,2354,1796,0,0,0,0,0,262042,2,0
0,0,0,0,3,7,2355,1796,0,0,0,0,0,204760,2,0
0,0,0,0,16,9,2356,1796,0,0,0,0,0,228092,4,0
0,0,0,0,8,11,2357,1796,0,0,0,0,0,220659,3,0
0,0,0,0,34,12,2358,1796,0,0,0,0,1,227503,4,0
0,0,0,0,47,16,2359,1796,0,0,0,0,0,270579,4,0
0,0,0,0,17,24,2360,1796,0,0,0,0,0,241173,2,0
0,0,0,0,25,26,2361,1796,0,0,0,0,0,262642,3,0
0,0,0,0,31,28,2362,1796,0,0,0,0,0,253150,3,0
0,0,0,0,10,28,2363,1796,0,0,0,0,0,222724,3,0
0,0,0,0,7,28,2364,1796,0,0,0,0,0,191076,3,0
0,0,0,0,5,28,2365,1796,0,0,0,0,0,242660,3,0
0,0,0,0,1,28,2366,1796,0,0,0,0,0,263063,3,0
0,0,0,0,23,28,2367,1796,0,0,0,0,0,260942,3,0
0,0,0,0,24,28,2368,1796,0,0,0,0,0,228151,3,0
0,0,0,0,18,28,2369,1796,0,0,0,0,0,252316,3,0
0,0,0,0,22,28,2370,1796,0,0,0,0,0,244661,2,0
0,0,0,0,9,28,2371,1796,0,0,0,0,0,169792,3,0
0,0,0,0,44,28,2372,1796,0,0,0,0,0,237440,3,0
0,0,0,0,28,28,2373,1796,0,0,0,0,0,263573,3,0
0,0,0,0,21,29,2374,1796,0,0,0,0,0,266270,3,0
0,0,0,0,30,29,2375,1796,0,0,0,0,0,266041,3,0
0,0,0,0,15,29,2376,1796,0,0,0,0,0,198719,3,0
0,0,0,0,42,29,2377,1796,0,0,0,0,0,246594,3,0
0,0,0,0,4,29,2378,1796,0,0,0,0,0,169706,3,0
0,0,0,0,29,29,2379,1796,0,0,0,0,0,213413,3,0
0,0,0,0,38,29,2380,1796,0,0,0,0,0,261265,3,0
0,0,0,0,99,29,2381,1796,0,0,0,0,0,248464,3,0
0,0,0,0,6,29,2382,1796,0,0,0,0,0,273927,3,0
0,0,0,0,40,0,2383,1800,0,0,0,0,0,225543,1,0
2,0,0,0,22,3,2384,1800,0,0,0,0,0,233047,3,0
2,0,0,0,4,4,2385,1800,0,0,0,0,0,257253,2,0
1,0,0,0,15,6,2386,1800,0,0,0,0,0,246873,3,0
1,0,0,0,21,7,2387,1800,0,0,0,0,0,196952,2,0
1,0,0,0,28,9,2388,1800,0,0,0,0,0,251555,2,0
0,0,0,0,6,11,2389,1800,0,0,0,0,0,186449,2,0
2,0,0,0,27,12,2390,1800,0,0,0,0,0,251626,2,0
16,1,0,1,11,16,2391,1800,0,0,0,0,1,238743,3,0
2,0,0,0,45,18,2392,1800,0,0,0,0,0,225441,3,0
13,0,0,1,9,25,2393,1800,0,0,0,0,0,251198,2,0
6,0,0,1,10,28,2394,1800,0,0,0,0,0,238058,4,0
1,0,0,0,8,28,2395,1800,1,0,0,0,1,213147,3,0
0,0,0,0,3,28,2396,1800,0,0,0,0,0,232755,3,0
0,0,0,0,41,28,2397,1800,0,0,0,0,0,278921,3,0
0,0,0,0,13,28,2398,1800,0,0,0,0,0,204825,3,0
6,0,0,1,24,28,2399,1800,0,0,0,0,0,187157,3,0
0,0,0,0,54,28,2400,1800,0,0,0,0,0,277657,3,0
3,0,0,0,14,28,2401,1800,0,0,0,0,0,225779,4,0
0,0,0,0,29,28,2402,1800,0,0,0,0,0,241645,3,0
0,0,0,0,2,28,2403,1800,0,0,0,0,0,245900,2,0
1,0,0,0,30,28,2404,1800,0,0,0,0,0,251272,3,0
7,0,0,1,7,28,2405,1800,0,0,0,0,0,254910,3,0
0,0,0,0,1,29,2406,1800,0,0,0,0,0,194150,3,0
0,0,0,0,59,29,2407,1800,0,0,0,0,0,72091,3,0
0,0,0,0,46,29,2408,1800,0,0,0,0,0,277656,3,0
0,0,0,0,53,29,2409,1800,0,0,0,0,0,277271,3,0
0,0,0,0,44,29,2410,1800,0,0,0,0,0,254293,3,0
0,0,0,0,47,29,2411,1800,0,0,0,0,0,277355,3,0
0,0,0,0,48,29,2412,1800,0,0,0,0,0,72092,3,0
0,0,0,0,1,0,2413,1801,0,0,0,0,0,222514,1,0
4,0,0,1,8,3,2414,1801,0,0,0,0,0,216464,3,0
0,0,0,0,14,4,2415,1801,0,0,0,0,0,235464,2,0
3,0,0,0,6,5,2416,1801,0,0,0,0,0,215638,1,0
1,0,0,0,16,6,2417,1801,0,0,0,0,0,214906,2,0
5,0,0,1,23,7,2418,1801,0,0,0,0,0,240925,2,0
3,0,0,0,4,13,2419,1801,0,0,0,0,0,225071,3,0
0,0,0,0,13,15,2420,1801,0,0,0,0,0,243520,3,0
3,0,0,0,10,18,2421,1801,0,0,0,0,0,243876,2,0
6,0,0,1,19,24,2422,1801,0,0,0,0,0,244296,2,0
13,0,0,1,7,26,2423,1801,0,0,0,0,0,201911,2,0
0,0,0,0,18,28,2424,1801,0,0,0,0,0,222836,3,0
0,0,0,0,26,28,2425,1801,0,0,0,0,0,211166,2,0
1,0,0,0,11,28,2426,1801,0,0,0,0,0,201884,3,0
0,0,0,0,3,28,2427,1801,0,0,0,0,0,198190,3,0
0,0,0,0,21,28,2428,1801,0,0,0,0,0,190179,3,0
8,0,0,1,28,28,2429,1801,0,0,0,0,0,263230,2,0
4,0,0,1,25,28,2430,1801,0,0,0,0,0,213948,2,0
0,0,0,0,17,28,2431,1801,0,0,0,0,0,276967,3,0
0,0,0,0,20,28,2432,1801,0,0,0,0,0,236248,3,0
0,0,0,0,9,28,2433,1801,0,0,0,0,0,186127,3,0
0,0,0,0,33,28,2434,1801,0,0,0,0,0,277286,3,0
0,0,0,0,35,28,2435,1801,0,0,0,0,0,272705,3,0
2,0,0,0,44,29,2436,1801,0,0,0,0,0,206653,3,0
0,0,0,0,36,29,2437,1801,0,0,0,0,0,277325,3,0
0,0,0,0,37,29,2438,1801,0,0,0,0,0,272986,3,0
0,0,0,0,24,29,2439,1801,0,0,0,0,0,276466,3,0
0,0,0,0,5,29,2440,1801,0,0,0,0,0,204496,3,0
0,0,0,0,29,29,2441,1801,0,0,0,0,0,272315,3,0
0,0,0,0,1,0,2442,1806,0,0,0,0,0,228410,4,0
4,0,0,1,17,3,2443,1806,0,0,0,0,1,246763,4,0
1,0,0,0,16,4,2444,1806,0,0,0,0,0,238389,4,0
2,0,0,0,23,6,2445,1806,0,0,0,0,0,247395,4,0
0,0,0,0,3,7,2446,1806,0,0,0,0,0,192546,4,0
1,0,0,0,28,9,2447,1806,0,0,0,0,0,217826,4,0
3,0,0,1,6,11,2448,1806,0,0,0,0,1,244050,3,0
4,0,0,1,42,12,2449,1806,2,0,0,0,3,258093,5,0
2,0,0,0,22,16,2450,1806,0,0,0,0,0,266774,4,0
5,0,0,1,25,18,2451,1806,1,0,0,0,1,253461,5,0
3,0,0,1,10,25,2452,1806,1,0,0,0,2,240783,4,0
6,0,0,1,7,28,2453,1806,0,0,0,0,0,243401,3,0
2,0,0,0,8,28,2454,1806,0,0,0,0,0,211504,3,0
2,0,0,0,15,28,2455,1806,0,0,0,0,0,230136,3,0
1,0,0,0,5,28,2456,1806,0,0,0,0,0,212487,3,0
0,0,0,0,13,28,2457,1806,0,0,0,0,0,202125,3,0
3,0,0,1,19,28,2458,1806,0,0,0,0,0,228639,3,0
1,0,0,0,14,28,2459,1806,0,0,0,0,0,234177,3,0
1,0,0,0,20,28,2460,1806,0,0,0,0,0,226430,3,0
2,0,0,0,27,28,2461,1806,0,0,0,0,0,240660,3,0
0,0,0,0,4,28,2462,1806,0,0,0,0,0,213689,3,0
2,0,0,0,2,28,2463,1806,0,0,0,0,0,222528,3,0
2,0,0,0,12,28,2464,1806,0,0,0,0,0,201887,3,0
0,0,0,0,24,29,2465,1806,0,0,0,0,0,259869,3,0
0,0,0,0,18,29,2466,1806,0,0,0,0,0,232381,3,0
0,0,0,0,26,29,2467,1806,0,0,0,0,0,183129,3,0
0,0,0,0,34,29,2468,1806,0,0,0,0,0,169493,3,0
0,0,0,0,21,29,2469,1806,0,0,0,0,0,277900,3,0
1,0,0,0,35,29,2470,1806,0,0,0,0,0,274472,3,0
0,0,0,0,30,29,2471,1806,0,0,0,0,0,277365,3,0
0,0,0,0,40,29,2472,1806,0,0,0,0,0,257138,3,0
0,0,0,0,41,29,2473,1806,0,0,0,0,0,278828,3,0
0,0,0,0,39,29,2474,1806,0,0,0,0,0,268894,3,0
0,0,0,0,99,29,2475,1806,0,0,0,0,0,70466,3,0
0,0,0,0,9,29,2476,1806,0,0,0,0,0,277437,3,0
0,0,0,0,26,0,2477,1807,0,0,0,0,0,273621,4,0
0,0,0,0,14,3,2478,1807,0,0,0,0,0,236390,3,0
2,0,0,0,2,4,2479,1807,1,0,0,0,1,198377,4,0
1,0,0,0,20,5,2480,1807,0,0,0,0,0,205584,3,0
0,0,0,0,17,6,2481,1807,0,0,0,0,0,253034,3,0
4,0,0,1,18,7,2482,1807,0,0,0,0,1,227675,3,0
6,0,0,1,11,12,2483,1807,1,0,0,0,3,219216,4,0
0,0,0,0,4,13,2484,1807,0,0,0,0,0,208769,3,0
1,0,0,0,10,15,2485,1807,0,0,0,0,0,183540,5,0
7,0,0,1,45,16,2486,1807,0,0,0,0,1,258165,3,0
11,0,0,1,12,25,2487,1807,0,0,0,0,1,233045,3,0
0,0,0,0,44,28,2488,1807,0,0,0,0,0,248831,3,0
0,0,0,0,6,28,2489,1807,0,0,0,0,0,218658,3,0
0,0,0,0,23,28,2490,1807,0,0,0,0,0,235267,3,0
0,0,0,0,5,28,2491,1807,0,0,0,0,0,243571,3,0
0,0,0,0,1,28,2492,1807,0,0,0,0,0,214088,3,0
4,0,0,1,42,28,2493,1807,0,0,0,0,0,269572,3,0
3,0,0,0,41,28,2494,1807,0,0,0,0,0,271716,3,0
0,0,0,0,3,28,2495,1807,0,0,0,0,0,234832,3,0
0,0,0,0,13,28,2496,1807,0,0,0,0,0,210724,3,0
4,0,0,1,24,28,2497,1807,0,0,0,0,0,190583,3,0
0,0,0,0,7,28,2498,1807,0,0,0,0,0,236938,3,0
0,0,0,0,36,28,2499,1807,0,0,0,0,0,243390,3,0
0,0,0,0,33,29,2500,1807,0,0,0,0,0,211514,3,0
0,0,0,0,27,29,2501,1807,0,0,0,0,0,213699,3,0
1,0,0,0,22,29,2502,1807,0,0,0,0,0,200478,3,0
1,0,0,0,15,29,2503,1807,0,0,0,0,0,214313,3,0
1,0,0,0,9,29,2504,1807,0,0,0,0,0,223551,3,0
0,0,0,0,25,29,2505,1807,0,0,0,0,0,279871,3,0
0,0,0,0,47,29,2506,1807,0,0,0,0,0,273839,3,0
0,0,0,0,34,29,2507,1807,0,0,0,0,0,278826,3,0
0,0,0,0,30,29,2508,1807,0,0,0,0,0,274394,3,0
0,0,0,0,37,29,2509,1807,0,0,0,0,0,274519,3,0
0,0,0,0,31,29,2510,1807,0,0,0,0,0,272702,3,0
0,0,0,0,99,29,2511,1807,0,0,0,0,0,254317,3,0
0,0,0,0,8,29,2512,1807,0,0,0,0,0,260702,3,0
0,0,0,0,1,0,2513,1919,0,0,0,0,0,220807,1,0
0,0,0,0,19,3,2514,1919,0,0,0,0,0,242800,2,0
0,0,0,0,26,4,2515,1919,0,0,0,0,0,225072,3,0
5,0,0,1,16,5,2516,1919,0,0,0,0,0,223159,1,0
1,0,0,0,24,6,2517,1919,0,0,0,0,1,258931,1,0
1,0,0,0,3,7,2518,1919,0,0,0,0,0,234941,3,0
6,0,0,1,7,23,2519,1919,0,0,0,0,1,237619,2,0
4,0,0,0,12,13,2520,1919,0,0,0,0,0,252376,2,0
3,0,0,0,6,15,2521,1919,0,0,0,0,0,186139,3,0
4,0,0,0,11,27,2522,1919,0,0,0,0,0,250816,2,0
10,0,0,1,15,25,2523,1919,0,0,0,0,1,261283,1,0
2,0,0,0,9,28,2524,1919,0,0,0,0,0,216155,3,0
0,0,0,0,47,28,2525,1919,0,0,0,0,0,277293,3,0
1,0,0,0,22,28,2526,1919,0,0,0,0,0,263678,3,0
0,0,0,0,2,28,2527,1919,0,0,0,0,0,234229,1,0
0,0,0,0,23,28,2528,1919,0,0,0,0,0,245865,3,0
7,0,0,1,21,28,2529,1919,0,0,0,0,0,202686,3,0
5,0,0,1,17,28,2530,1919,0,0,0,0,0,246847,1,0
0,0,0,0,8,28,2531,1919,0,0,0,0,0,224265,1,0
0,0,0,0,27,28,2532,1919,0,0,0,0,0,277747,3,0
0,0,0,0,10,28,2533,1919,0,0,0,0,0,186578,3,0
0,0,0,0,5,28,2534,1919,0,0,0,0,0,241824,3,0
5,0,0,1,20,28,2535,1919,0,0,0,0,0,259926,3,0
0,0,0,0,18,29,2536,1919,0,0,0,0,0,265197,3,0
0,0,0,0,13,29,2537,1919,0,0,0,0,0,263340,3,0
1,0,0,0,4,29,2538,1919,0,0,0,0,0,205054,3,0
0,0,0,0,99,29,2539,1919,0,0,0,0,0,264511,3,0
0,0,0,0,42,29,2540,1919,0,0,0,0,0,72124,3,0
0,0,0,0,34,29,2541,1919,0,0,0,0,0,278922,3,0
0,0,0,0,14,29,2542,1919,0,0,0,0,0,278315,3,0
0,0,0,0,37,29,2543,1919,0,0,0,0,0,278984,3,0
0,0,0,0,28,29,2544,1919,0,0,0,0,0,274006,3,0
0,0,0,0,36,29,2545,1919,0,0,0,0,0,279496,3,0
0,0,0,0,38,29,2546,1919,0,0,0,0,0,273586,3,0
0,0,0,0,25,29,2547,1919,0,0,0,0,0,247098,3,0
0,0,0,0,30,29,2548,1919,0,0,0,0,0,278031,3,0
0,0,0,0,29,29,2549,1919,0,0,0,0,0,275091,3,0
0,0,0,0,24,0,2550,1923,0,0,0,0,0,188400,2,0
0,0,0,0,15,4,2551,1923,0,0,0,0,0,253465,2,0
0,0,0,0,2,5,2552,1923,0,0,0,0,0,231185,2,0
0,0,0,0,16,6,2553,1923,0,0,0,0,0,221456,2,0
0,0,0,0,7,12,2554,1923,0,0,0,0,0,231005,3,0
0,0,0,0,28,13,2555,1923,0,0,0,0,1,241928,4,0
0,0,0,0,6,15,2556,1923,0,0,0,0,0,199189,3,0
0,0,0,0,45,16,2557,1923,0,0,0,0,0,252483,4,0
0,0,0,0,14,17,2558,1923,0,0,0,0,0,233510,3,0
0,0,0,0,18,19,2559,1923,0,0,0,0,0,202464,3,0
0,0,0,0,9,25,2560,1923,0,0,0,0,0,213152,2,0
0,0,0,0,11,28,2561,1923,0,0,0,0,1,229375,3,0
0,0,0,0,30,28,2562,1923,0,0,0,0,0,194932,3,0
0,0,0,0,17,28,2563,1923,0,0,0,0,0,207956,3,0
0,0,0,0,27,28,2564,1923,0,0,0,0,0,242006,3,0
0,0,0,0,23,28,2565,1923,0,0,0,0,0,170597,3,0
0,0,0,0,10,28,2566,1923,0,0,0,0,0,205887,3,0
0,0,0,0,29,28,2567,1923,0,0,0,0,0,207804,3,0
0,0,0,0,1,28,2568,1923,0,0,0,0,0,193013,3,0
0,0,0,0,38,28,2569,1923,0,0,0,0,0,278193,3,0
0,0,0,0,99,28,2570,1923,0,0,0,0,0,271325,3,0
0,0,0,0,43,28,2571,1923,0,0,0,0,0,279042,3,0
0,0,0,0,13,28,2572,1923,0,0,0,0,0,222994,3,0
1,0,0,1,19,29,2573,1923,0,0,0,0,0,236650,3,0
0,0,0,0,48,29,2574,1923,0,0,0,0,0,71601,3,0
0,0,0,0,12,29,2575,1923,0,0,0,0,0,253052,3,0
0,0,0,0,44,29,2576,1923,0,0,0,0,0,71379,3,0
0,0,0,0,42,29,2577,1923,0,0,0,0,0,71924,3,0
0,0,0,0,4,29,2578,1923,0,0,0,0,0,211363,3,0
0,0,0,0,3,29,2579,1923,0,0,0,0,0,203357,3,0
0,0,0,0,8,29,2580,1923,0,0,0,0,0,223085,3,0
0,0,0,0,20,29,2581,1923,0,0,0,0,0,252475,3,0
2,0,0,1,32,29,2582,1923,0,0,0,0,0,221197,2,0
0,0,0,0,5,29,2583,1923,0,0,0,0,0,228419,3,0
0,0,0,0,1,0,2584,1929,0,0,0,0,0,240987,5,0
3,0,0,1,8,3,2585,1929,1,0,0,0,1,192231,5,0
0,0,0,0,26,4,2586,1929,0,0,0,0,0,264731,4,0
1,0,0,0,6,5,2587,1929,0,0,0,0,0,237943,4,0
0,0,0,0,17,6,2588,1929,0,0,0,0,0,240496,4,0
3,0,0,1,2,7,2589,1929,0,0,0,0,0,243353,4,0
19,1,0,1,10,23,2590,1929,0,0,0,0,0,252796,3,0
0,0,0,0,27,13,2591,1929,0,0,0,0,0,193910,3,0
3,0,0,1,20,15,2592,1929,0,0,0,0,0,251306,3,0
0,0,0,0,16,27,2593,1929,0,0,0,0,0,264180,3,0
12,0,0,1,9,25,2594,1929,0,0,0,0,0,226084,3,0
0,0,0,0,4,28,2595,1929,0,0,0,0,0,213665,3,0
0,0,0,0,11,28,2596,1929,0,0,0,0,0,242423,4,0
0,0,0,0,5,28,2597,1929,0,0,0,0,0,222576,3,0
0,0,0,0,22,28,2598,1929,0,0,0,0,0,209852,3,0
0,0,0,0,21,28,2599,1929,0,0,0,0,0,242289,3,0
3,0,0,1,15,28,2600,1929,0,0,0,0,0,236474,3,0
2,0,0,0,23,28,2601,1929,0,0,0,0,0,245539,3,0
0,0,0,0,25,28,2602,1929,0,0,0,0,0,222095,3,0
1,0,0,0,29,28,2603,1929,0,0,0,0,0,252555,3,0
0,0,0,0,30,28,2604,1929,0,0,0,0,0,271465,3,0
0,0,0,0,3,28,2605,1929,0,0,0,0,0,271808,3,0
1,0,0,0,14,28,2606,1929,0,0,0,0,0,242322,3,0
0,0,0,0,18,29,2607,1929,0,0,0,0,0,270209,3,0
0,0,0,0,34,29,2608,1929,0,0,0,0,0,272465,3,0
0,0,0,0,35,29,2609,1929,0,0,0,0,0,268606,3,0
0,0,0,0,13,0,2610,1951,0,0,0,0,0,173895,3,0
0,0,0,0,2,3,2611,1951,0,0,0,0,0,211203,3,0
0,0,0,0,5,4,2612,1951,0,0,0,0,0,235263,3,0
0,0,0,0,3,6,2613,1951,0,0,0,0,0,242541,3,0
0,0,0,0,12,7,2614,1951,0,0,0,0,0,190430,3,0
0,0,0,0,8,10,2615,1951,1,0,0,0,2,220940,3,0
0,0,0,0,30,12,2616,1951,0,0,0,0,0,235769,3,0
0,0,0,0,20,13,2617,1951,0,0,0,0,0,275348,3,0
0,0,0,0,19,15,2618,1951,0,0,0,0,0,263861,3,0
0,0,0,0,23,16,2619,1951,0,0,0,0,0,206083,3,0
0,0,0,0,9,25,2620,1951,1,0,0,0,1,237833,3,0
0,0,0,0,6,28,2621,1951,0,0,0,0,0,198704,3,0
0,0,0,0,22,28,2622,1951,0,0,0,0,0,211594,3,0
0,0,0,0,4,28,2623,1951,0,0,0,0,0,229349,3,0
0,0,0,0,28,28,2624,1951,0,0,0,0,0,268102,3,0
0,0,0,0,31,28,2625,1951,0,0,0,0,0,266003,3,0
0,0,0,0,25,28,2626,1951,0,0,0,0,0,264104,3,0
0,0,0,0,18,28,2627,1951,0,0,0,0,0,231446,3,0
0,0,0,0,27,28,2628,1951,0,0,0,0,0,266761,3,0
0,0,0,0,24,28,2629,1951,0,0,0,0,0,271686,3,0
0,0,0,0,26,28,2630,1951,0,0,0,0,0,266577,3,0
0,0,0,0,17,28,2631,1951,0,0,0,0,0,183442,3,0
0,0,0,0,11,28,2632,1951,0,0,0,0,0,231442,3,0
0,0,0,0,10,29,2633,1951,0,0,0,0,0,200440,3,0
0,0,0,0,1,29,2634,1951,0,0,0,0,0,238070,3,0
0,0,0,0,15,29,2635,1951,0,0,0,0,0,259766,3,0
0,0,0,0,16,29,2636,1951,0,0,0,0,0,253996,3,0
0,0,0,0,29,29,2637,1951,0,0,0,0,0,231406,3,0
0,0,0,0,65,29,2638,1951,0,0,0,0,0,267472,3,0
0,0,0,0,30,0,2639,1952,0,0,0,0,0,258585,3,0
1,0,0,0,2,3,2640,1952,0,0,0,0,0,224099,3,0
1,0,0,0,5,4,2641,1952,0,0,0,0,0,236315,2,0
2,0,0,0,4,6,2642,1952,0,0,0,0,0,248602,4,0
0,0,0,0,3,7,2643,1952,0,0,0,0,0,243608,3,0
1,0,0,0,24,9,2644,1952,0,0,0,0,0,216451,2,0
3,0,0,0,15,11,2645,1952,0,0,0,0,0,265459,2,0
2,0,0,0,47,23,2646,1952,0,0,0,0,0,260843,3,0
12,0,0,1,23,27,2647,1952,0,0,0,0,1,261336,3,0
9,0,0,1,45,18,2648,1952,0,0,0,0,1,256725,2,0
10,0,0,1,7,25,2649,1952,0,0,0,0,1,223154,1,0
8,0,0,1,20,28,2650,1952,0,0,0,0,1,259031,2,0
0,0,0,0,50,28,2651,1952,0,0,0,0,0,231777,3,0
2,0,0,0,27,28,2652,1952,0,0,0,0,0,241953,2,0
0,0,0,0,6,28,2653,1952,0,0,0,0,0,241534,3,0
0,0,0,0,34,28,2654,1952,0,0,0,0,0,258888,3,0
0,0,0,0,12,28,2655,1952,0,0,0,0,0,163050,3,0
2,0,0,0,10,28,2656,1952,0,0,0,0,0,225151,3,0
3,0,0,0,9,28,2657,1952,0,0,0,0,2,260264,2,0
0,0,0,0,29,28,2658,1952,0,0,0,0,0,248692,3,0
0,0,0,0,33,28,2659,1952,0,0,0,0,0,200778,3,0
0,0,0,0,8,28,2660,1952,0,0,0,0,0,224842,3,0
0,0,0,0,1,28,2661,1952,0,0,0,0,0,204502,3,0
8,0,0,1,44,29,2662,1952,0,0,0,0,0,237286,3,0
0,0,0,0,25,29,2663,1952,0,0,0,0,0,248569,3,0
0,0,0,0,31,29,2664,1952,0,0,0,0,0,252750,3,0
0,0,0,0,35,29,2665,1952,0,0,0,0,0,278048,3,0
0,0,0,0,43,29,2666,1952,0,0,0,0,0,70248,3,0
0,0,0,0,42,29,2667,1952,0,0,0,0,0,278706,3,0
0,0,0,0,37,29,2668,1952,0,0,0,0,0,263328,3,0
0,0,0,0,41,29,2669,1952,0,0,0,0,0,278708,3,0
0,0,0,0,54,29,2670,1952,0,0,0,0,0,237933,3,0
0,0,0,0,22,0,2671,1960,0,0,0,0,0,263339,3,0
2,0,0,0,2,3,2672,1960,0,0,0,0,0,244870,2,0
3,0,0,0,6,4,2673,1960,0,0,0,0,0,236551,3,0
1,0,0,0,23,6,2674,1960,0,0,0,0,0,245153,3,0
0,0,0,0,14,7,2675,1960,0,0,0,0,0,232759,2,0
2,0,0,0,7,9,2676,1960,0,0,0,0,0,184716,3,0
4,0,0,1,8,11,2677,1960,0,0,0,0,1,212118,2,0
3,0,0,0,35,12,2678,1960,0,0,0,0,1,275785,1,0
0,0,0,0,17,16,2679,1960,0,0,0,0,0,239439,3,0
7,0,0,1,12,18,2680,1960,0,0,0,0,1,199960,2,0
7,0,0,1,20,25,2681,1960,0,0,0,0,0,233941,3,0
1,0,0,0,4,28,2682,1960,0,0,0,0,0,221890,3,0
0,0,0,0,5,28,2683,1960,0,0,0,0,0,248687,3,0
0,0,0,0,26,28,2684,1960,0,0,0,0,0,186598,3,0
1,0,0,0,33,28,2685,1960,0,0,0,0,0,272777,2,0
0,0,0,0,1,28,2686,1960,0,0,0,0,0,234260,3,0
9,0,0,1,10,28,2687,1960,0,0,0,0,1,211384,3,0
8,0,0,1,9,28,2688,1960,0,0,0,0,1,226507,1,0
3,0,0,0,18,28,2689,1960,0,0,0,0,0,260144,3,0
1,0,0,0,31,28,2690,1960,0,0,0,0,0,248688,2,0
1,0,0,0,30,28,2691,1960,0,0,0,0,0,258805,3,0
0,0,0,0,50,28,2692,1960,0,0,0,0,0,277591,3,0
0,0,0,0,47,28,2693,1960,0,0,0,0,0,266303,3,0
0,0,0,0,24,29,2694,1960,0,0,0,0,0,278779,3,0
1,0,0,0,11,29,2695,1960,0,0,0,0,0,222916,3,0
0,0,0,0,41,29,2696,1960,0,0,0,0,0,278958,3,0
2,0,0,0,28,29,2697,1960,0,0,0,0,1,227995,3,0
1,0,0,0,19,29,2698,1960,0,0,0,0,0,263919,3,0
0,0,0,0,37,29,2699,1960,0,0,0,0,0,71746,3,0
0,0,0,0,45,29,2700,1960,0,0,0,0,0,268306,3,0
0,0,0,0,29,29,2701,1960,0,0,0,0,0,266842,3,0
0,0,0,0,38,29,2702,1960,0,0,0,0,0,275005,3,0
0,0,0,0,49,29,2703,1960,0,0,0,0,0,272617,3,0
0,0,0,0,36,29,2704,1960,0,0,0,0,0,270065,3,0
0,0,0,0,99,29,2705,1960,0,0,0,0,0,268888,3,0
0,0,0,0,3,29,2706,1960,0,0,0,0,0,277353,3,0
0,0,0,0,1,0,2707,1961,0,0,0,0,0,219736,1,0
6,0,0,1,38,3,2708,1961,0,0,0,0,0,223905,3,0
4,0,0,1,4,4,2709,1961,0,0,0,0,0,229703,1,0
1,0,0,0,12,6,2710,1961,1,0,0,0,1,240926,2,0
1,0,0,0,17,7,2711,1961,0,0,0,0,0,241135,3,0
0,0,0,0,23,9,2712,1961,0,0,0,0,0,236773,3,0
1,0,0,0,8,11,2713,1961,0,0,0,0,0,204464,3,0
5,0,0,1,14,12,2714,1961,0,0,0,0,1,237809,3,0
6,0,0,1,16,16,2715,1961,0,0,0,0,0,225668,3,0
1,0,0,0,47,18,2716,1961,0,0,0,0,0,206518,3,0
2,0,0,0,22,25,2717,1961,0,0,0,0,0,233730,3,0
2,0,0,0,6,28,2718,1961,0,0,0,0,0,227929,2,0
2,0,0,0,32,28,2719,1961,1,0,0,0,1,269175,4,0
2,0,0,0,5,28,2720,1961,0,0,0,0,0,248405,3,0
0,0,0,0,2,28,2721,1961,0,0,0,0,0,211966,2,0
0,0,0,0,21,28,2722,1961,0,0,0,0,0,204354,3,0
2,0,0,0,20,28,2723,1961,0,0,0,0,1,223283,3,0
1,0,0,0,27,28,2724,1961,0,0,0,0,0,257437,3,0
3,0,0,1,9,28,2725,1961,0,0,0,0,0,246296,3,0
0,0,0,0,41,28,2726,1961,0,0,0,0,0,277586,3,0
0,0,0,0,19,28,2727,1961,0,0,0,0,0,192495,3,0
0,0,0,0,15,28,2728,1961,0,0,0,0,0,234111,2,0
1,0,0,0,45,28,2729,1961,0,0,0,0,1,70026,3,0
1,0,0,0,11,29,2730,1961,0,0,0,0,0,212454,3,0
3,0,0,1,10,29,2731,1961,0,0,0,0,0,186561,3,0
0,0,0,0,34,29,2732,1961,0,0,0,0,0,277584,3,0
0,0,0,0,30,29,2733,1961,0,0,0,0,0,264681,3,0
0,0,0,0,42,29,2734,1961,0,0,0,0,0,277587,3,0
0,0,0,0,36,29,2735,1961,0,0,0,0,0,70245,3,0
0,0,0,0,49,29,2736,1961,0,0,0,0,0,72044,3,0
0,0,0,0,37,29,2737,1961,0,0,0,0,0,72046,3,0
0,0,0,0,51,29,2738,1961,0,0,0,0,0,72210,3,0
0,0,0,0,16,0,2739,57,0,0,0,0,0,205377,5,0
0,0,0,0,26,3,2740,57,0,0,0,0,0,263417,3,0
0,0,0,0,4,4,2741,57,0,0,0,0,0,217565,4,0
0,0,0,0,5,6,2742,57,0,0,0,0,0,221271,3,0
0,0,0,0,14,7,2743,57,0,0,0,0,0,247124,3,0
0,0,0,0,97,9,2744,57,0,0,0,0,0,225853,4,0
0,0,0,0,42,11,2745,57,0,0,0,0,0,238392,3,0
0,0,0,0,17,12,2746,57,0,0,0,0,1,251170,3,0
0,0,0,0,10,16,2747,57,0,0,0,0,0,232360,3,0
0,0,0,0,7,18,2748,57,0,0,0,0,0,234239,4,0
0,0,0,0,19,25,2749,57,0,0,0,0,0,229448,3,0
0,0,0,0,18,28,2750,57,0,0,0,0,0,230144,4,0
0,0,0,0,11,28,2751,57,0,0,0,0,0,255216,3,0
0,0,0,0,2,28,2752,57,0,0,0,0,0,241497,3,0
0,0,0,0,6,28,2753,57,0,0,0,0,0,251751,3,0
0,0,0,0,40,28,2754,57,0,0,0,0,0,263402,3,0
0,0,0,0,45,28,2755,57,0,0,0,0,1,237453,2,0
0,0,0,0,75,28,2756,57,0,0,0,0,0,253121,3,0
0,0,0,0,13,28,2757,57,0,0,0,0,0,277503,4,0
0,0,0,0,35,28,2758,57,0,0,0,0,0,272894,3,0
0,0,0,0,8,28,2759,57,0,0,0,0,0,276933,3,0
0,0,0,0,30,28,2760,57,0,0,0,0,0,240776,3,0
0,0,0,0,24,28,2761,57,0,0,0,0,0,277938,3,0
0,0,0,0,37,29,2762,57,0,0,0,0,0,234510,3,0
0,0,0,0,30,0,2763,64,0,0,0,0,0,204883,4,0
1,0,0,0,24,4,2764,64,0,0,0,0,0,221284,3,0
1,0,0,0,4,5,2765,64,0,0,0,0,0,237985,3,0
1,0,0,0,14,6,2766,64,0,0,0,0,0,236804,3,0
3,0,0,1,29,12,2767,64,0,0,0,0,0,212138,3,0
0,0,0,0,26,13,2768,64,0,0,0,0,0,198861,3,0
1,0,0,0,23,15,2769,64,0,0,0,0,0,262745,3,0
3,0,0,1,3,16,2770,64,0,0,0,0,0,220837,2,0
4,0,0,1,10,17,2771,64,0,0,0,0,1,259139,3,0
7,0,0,1,7,19,2772,64,0,0,0,0,0,227232,3,0
8,0,0,1,9,25,2773,64,0,0,0,0,1,260407,3,0
1,0,0,0,28,28,2774,64,0,0,0,0,0,208787,3,0
0,0,0,0,6,28,2775,64,0,0,0,0,0,252059,3,0
1,0,0,0,18,28,2776,64,0,0,0,0,0,268534,3,0
1,0,0,0,2,28,2777,64,0,0,0,0,0,223597,3,0
0,0,0,0,16,28,2778,64,0,0,0,0,0,153275,3,0
1,0,0,0,11,28,2779,64,0,0,0,0,1,226789,3,0
7,0,0,1,22,28,2780,64,0,0,0,0,0,212613,3,0
0,0,0,0,21,28,2781,64,0,0,0,0,0,201955,3,0
0,0,0,0,13,28,2782,64,0,0,0,0,0,259027,3,0
2,0,0,0,27,28,2783,64,0,0,0,0,0,257020,3,0
0,0,0,0,25,28,2784,64,0,0,0,0,0,277031,3,0
0,0,0,0,32,28,2785,64,0,0,0,0,0,276787,3,0
0,0,0,0,40,29,2786,64,0,0,0,0,0,262069,3,0
0,0,0,0,36,29,2787,64,0,0,0,0,0,263110,3,0
0,0,0,0,19,29,2788,64,0,0,0,0,0,212947,3,0
0,0,0,0,30,0,2789,65,0,0,0,0,0,251752,5,0
1,0,0,0,22,3,2790,65,0,0,0,0,0,270559,3,0
5,0,0,1,18,4,2791,65,0,0,0,0,2,246565,3,0
2,0,0,0,15,6,2792,65,0,0,0,0,0,269087,3,0
1,0,0,0,31,7,2793,65,0,0,0,0,0,201119,2,0
3,0,0,1,21,9,2794,65,0,0,0,0,0,190674,4,0
0,0,0,0,6,11,2795,65,0,0,0,0,0,213296,3,0
6,0,0,1,23,12,2796,65,0,0,0,0,1,239763,3,0
1,0,0,0,7,16,2797,65,0,0,0,0,0,262088,3,0
0,0,0,0,8,18,2798,65,0,0,0,0,0,240507,4,0
19,1,0,1,9,25,2799,65,0,0,0,0,2,243630,5,0
1,0,0,0,17,28,2800,65,0,0,0,0,0,212267,3,0
0,0,0,0,20,28,2801,65,0,0,0,0,0,261171,3,0
0,0,0,0,4,28,2802,65,0,0,0,0,0,269493,3,0
1,0,0,0,5,28,2803,65,0,0,0,0,0,236822,3,0
0,0,0,0,1,28,2804,65,0,0,0,0,0,179547,3,0
2,0,0,0,10,28,2805,65,0,0,0,0,0,193476,3,0
5,0,0,1,12,28,2806,65,0,0,0,0,0,231887,3,0
1,0,0,0,11,28,2807,65,0,0,0,0,0,231242,3,0
0,0,0,0,16,28,2808,65,0,0,0,0,0,240371,3,0
0,0,0,0,19,28,2809,65,0,0,0,0,0,259054,3,0
0,0,0,0,14,28,2810,65,0,0,0,0,0,205600,3,0
0,0,0,0,24,28,2811,65,0,0,0,0,0,277799,3,0
0,0,0,0,28,29,2812,65,0,0,0,0,0,271317,3,0
0,0,0,0,34,29,2813,65,0,0,0,0,0,276323,3,0
0,0,0,0,43,29,2814,65,0,0,0,0,0,276324,3,0
0,0,0,0,1,0,2815,66,0,0,0,0,0,199482,3,0
1,0,0,0,98,3,2816,66,0,0,0,0,0,225782,3,0
4,0,0,1,12,4,2817,66,0,0,0,0,0,253510,3,0
0,0,0,0,55,6,2818,66,0,0,0,0,0,225263,3,0
3,0,0,1,3,7,2819,66,0,0,0,0,0,211256,3,0
0,0,0,0,31,10,2820,66,0,0,0,0,0,191202,2,0
3,0,0,1,37,23,2821,66,0,0,0,0,0,268763,3,0
1,0,0,0,6,13,2822,66,0,0,0,0,0,246646,2,0
2,0,0,0,8,15,2823,66,0,0,0,0,0,219683,3,0
3,0,0,1,17,27,2824,66,0,0,0,0,1,220621,3,0
17,1,0,1,10,25,2825,66,0,0,0,0,1,193301,3,0
2,0,0,0,25,28,2826,66,0,0,0,0,1,234078,3,0
1,0,0,0,18,28,2827,66,0,0,0,0,0,251570,4,0
0,0,0,0,22,28,2828,66,0,0,0,0,0,208364,3,0
0,0,0,0,5,28,2829,66,0,0,0,0,0,195086,3,0
0,0,0,0,23,28,2830,66,0,0,0,0,0,230670,3,0
1,0,0,0,9,28,2831,66,0,0,0,0,0,273564,1,0
3,0,0,1,11,28,2832,66,0,0,0,0,1,256420,2,0
0,0,0,0,30,28,2833,66,0,0,0,0,0,278094,3,0
2,0,0,0,7,28,2834,66,0,0,0,0,1,237960,3,0
0,0,0,0,14,28,2835,66,0,0,0,0,0,235694,3,0
0,0,0,0,20,28,2836,66,0,0,0,0,0,268312,3,0
0,0,0,0,34,28,2837,66,0,0,0,0,0,278789,3,0
0,0,0,0,2,29,2838,66,0,0,0,0,0,257204,3,0
0,0,0,0,4,29,2839,66,0,0,0,0,0,246947,3,0
1,0,0,0,21,29,2840,66,0,0,0,0,0,217821,3,0
0,0,0,0,84,29,2841,66,0,0,0,0,0,269852,3,0
0,0,0,0,24,29,2842,66,0,0,0,0,0,258619,3,0
0,0,0,0,1,0,2843,69,0,0,0,0,0,235413,3,0
3,0,0,0,2,3,2844,69,0,0,0,0,0,263781,3,0
1,0,0,0,99,4,2845,69,0,0,0,0,0,252802,3,0
0,0,0,0,5,6,2846,69,0,0,0,0,0,226229,3,0
1,0,0,0,14,7,2847,69,0,0,0,0,0,252293,3,0
4,0,0,0,19,9,2848,69,0,0,0,0,1,245630,5,0
4,0,0,0,6,11,2849,69,0,0,0,0,0,229261,3,0
7,0,0,1,21,12,2850,69,0,0,0,0,0,264862,4,0
6,0,0,1,17,16,2851,69,0,0,0,0,0,225663,3,0
9,0,0,1,18,18,2852,69,0,0,0,0,1,226627,3,0
15,1,0,1,10,25,2853,69,0,0,0,0,2,199451,3,0
0,0,0,0,4,28,2854,69,0,0,0,0,0,246764,3,0
0,0,0,0,12,28,2855,69,0,0,0,0,0,232440,3,0
1,0,0,0,3,28,2856,69,0,0,0,0,0,219145,3,0
0,0,0,0,22,28,2857,69,0,0,0,0,0,244915,3,0
0,0,0,0,16,28,2858,69,0,0,0,0,0,239364,3,0
7,0,0,1,29,28,2859,69,0,0,0,0,0,247463,2,0
1,0,0,0,36,28,2860,69,0,0,0,0,1,222357,3,0
0,0,0,0,50,28,2861,69,0,0,0,0,0,271661,3,0
0,0,0,0,27,28,2862,69,0,0,0,0,0,238227,4,0
1,0,0,0,7,28,2863,69,0,0,0,0,0,272781,3,0
0,0,0,0,88,28,2864,69,0,0,0,0,0,275102,3,0
1,0,0,0,20,28,2865,69,0,0,0,0,1,273933,4,0
0,0,0,0,37,29,2866,69,0,0,0,0,0,275019,3,0
0,0,0,0,40,0,2867,70,0,0,0,0,0,200726,3,0
0,0,0,0,29,3,2868,70,0,0,0,0,0,270518,2,0
0,0,0,0,27,4,2869,70,0,0,0,0,0,244603,2,0
0,0,0,0,4,6,2870,70,0,0,0,0,0,247019,3,0
0,0,0,0,35,7,2871,70,0,0,0,0,0,278262,3,0
0,0,0,0,13,9,2872,70,0,0,0,0,0,252541,3,0
1,0,0,0,12,11,2873,70,0,0,0,0,0,206306,3,0
5,0,0,1,9,12,2874,70,0,0,0,0,0,259191,2,0
5,0,0,1,7,16,2875,70,0,0,0,0,0,236518,3,0
9,0,0,1,11,18,2876,70,0,0,0,0,1,205686,3,0
8,0,0,1,8,25,2877,70,0,0,0,0,0,266256,3,0
3,0,0,1,22,28,2878,70,0,0,0,0,1,271306,3,0
1,0,0,0,3,28,2879,70,0,0,0,0,0,212282,2,0
0,0,0,0,36,28,2880,70,0,0,0,0,0,231108,3,0
2,0,0,0,5,28,2881,70,0,0,0,0,0,241708,2,0
0,0,0,0,16,28,2882,70,0,0,0,0,0,228616,3,0
1,0,0,0,10,28,2883,70,0,0,0,0,0,194845,3,0
1,0,0,0,70,28,2884,70,0,0,0,0,0,251401,2,0
0,0,0,0,77,28,2885,70,0,0,0,0,0,230147,3,0
1,0,0,0,6,28,2886,70,0,0,0,0,0,208615,3,0
1,0,0,0,23,28,2887,70,0,0,0,0,0,231826,2,0
0,0,0,0,17,28,2888,70,0,0,0,0,0,241157,3,0
0,0,0,0,18,28,2889,70,0,0,0,0,0,247599,3,0
0,0,0,0,19,29,2890,70,0,0,0,0,0,264027,3,0
0,0,0,0,1,29,2891,70,0,0,0,0,0,276704,3,0
0,0,0,0,1,0,2892,71,0,0,0,0,0,231691,2,0
0,0,0,0,98,3,2893,71,0,0,0,0,0,231235,1,0
2,0,0,1,21,4,2894,71,0,0,0,0,0,213868,3,0
0,0,0,0,4,6,2895,71,0,0,0,0,0,199393,3,0
0,0,0,0,3,7,2896,71,0,0,0,0,0,239136,3,0
0,0,0,0,6,9,2897,71,0,0,0,0,0,251675,3,0
1,0,0,0,5,11,2898,71,0,0,0,0,0,224019,2,0
4,0,0,1,25,17,2899,71,0,0,0,0,0,209288,2,0
0,0,0,0,17,18,2900,71,0,0,0,0,0,183394,2,0
5,0,0,1,39,19,2901,71,0,0,0,0,1,264422,3,0
8,0,0,1,31,25,2902,71,0,0,0,0,0,254247,2,0
1,0,0,0,11,28,2903,71,0,0,0,0,0,226414,3,0
2,0,0,1,24,28,2904,71,0,0,0,0,0,233885,2,0
0,0,0,0,2,28,2905,71,0,0,0,0,0,229705,3,0
0,0,0,0,44,28,2906,71,0,0,0,0,0,273123,2,0
0,0,0,0,16,28,2907,71,0,0,0,0,0,234371,3,0
0,0,0,0,77,28,2908,71,0,0,0,0,0,260651,3,0
1,0,0,0,8,28,2909,71,0,0,0,0,0,240351,3,0
0,0,0,0,30,28,2910,71,0,0,0,0,0,184781,3,0
2,0,0,1,12,28,2911,71,0,0,0,0,0,246790,3,0
3,0,0,1,27,28,2912,71,0,0,0,0,0,216820,3,0
1,0,0,0,15,28,2913,71,0,0,0,0,0,230717,3,0
0,0,0,0,7,28,2914,71,0,0,0,0,0,241130,3,0
0,0,0,0,45,29,2915,71,0,0,0,0,0,278057,3,0
0,0,0,0,23,29,2916,71,0,0,0,0,0,274836,3,0
0,0,0,0,71,29,2917,71,0,0,0,0,0,70002,3,0
0,0,0,0,54,29,2918,71,0,0,0,0,0,70475,3,0
0,0,0,0,1,0,2919,72,0,0,0,0,0,238186,3,0
0,0,0,0,23,3,2920,72,0,0,0,0,0,234686,3,0
0,0,0,0,6,4,2921,72,0,0,0,0,0,245388,4,0
1,0,0,0,4,6,2922,72,0,0,0,0,0,158625,4,0
1,0,0,0,26,7,2923,72,0,0,0,0,0,254548,3,0
0,0,0,0,55,10,2924,72,0,0,0,0,0,255533,3,0
0,0,0,0,25,23,2925,72,0,0,0,0,0,256476,3,0
2,0,0,1,11,13,2926,72,0,0,0,0,0,210896,3,0
1,0,0,0,19,15,2927,72,0,0,0,0,0,247246,3,0
6,0,0,1,7,27,2928,72,0,0,0,0,1,224422,4,0
11,0,0,1,9,25,2929,72,0,0,0,0,0,255000,2,0
0,0,0,0,10,28,2930,72,0,0,0,0,0,244892,3,0
2,0,0,1,28,28,2931,72,0,0,0,0,0,253157,3,0
0,0,0,0,8,28,2932,72,0,0,0,0,0,235134,3,0
0,0,0,0,2,28,2933,72,0,0,0,0,0,234730,3,0
0,0,0,0,31,28,2934,72,0,0,0,0,0,204513,3,0
4,0,0,1,24,28,2935,72,0,0,0,0,0,209519,3,0
6,0,0,1,29,28,2936,72,0,0,0,0,0,258444,3,0
0,0,0,0,15,28,2937,72,0,0,0,0,0,231318,3,0
0,0,0,0,18,28,2938,72,0,0,0,0,0,236477,3,0
0,0,0,0,77,28,2939,72,0,0,0,0,0,257235,3,0
0,0,0,0,27,28,2940,72,0,0,0,0,0,261444,3,0
0,0,0,0,33,28,2941,72,0,0,0,0,0,272515,3,0
1,0,0,0,32,29,2942,72,0,0,0,0,0,278187,3,0
0,0,0,0,21,29,2943,72,0,0,0,0,0,254273,3,0
0,0,0,0,99,0,2944,73,0,0,0,0,0,230621,3,0
4,0,0,1,2,3,2945,73,0,0,0,0,0,235212,3,0
0,0,0,0,5,4,2946,73,0,0,0,0,0,207865,3,0
1,0,0,0,35,6,2947,73,0,0,0,0,0,279709,3,0
1,0,0,0,25,7,2948,73,0,0,0,0,0,252145,3,0
3,0,0,0,10,23,2949,73,0,0,0,0,0,231443,3,0
2,0,0,0,33,13,2950,73,0,0,0,0,0,270673,3,0
7,0,0,1,17,14,2951,73,0,0,0,0,0,255253,3,0
1,0,0,0,8,15,2952,73,0,0,0,0,0,226271,3,0
3,0,0,0,29,27,2953,73,0,0,0,0,0,264652,2,0
27,1,0,1,7,25,2954,73,0,0,0,1,1,231747,3,0
4,0,0,1,11,28,2955,73,0,0,0,0,0,220834,3,0
0,0,0,0,4,28,2956,73,0,0,0,0,0,253306,2,0
0,0,0,0,37,28,2957,73,0,0,0,0,0,232363,1,0
0,0,0,0,15,28,2958,73,0,0,0,0,0,200888,2,0
0,0,0,0,1,28,2959,73,0,0,0,0,0,193041,3,0
6,0,0,1,23,28,2960,73,0,0,0,0,0,237679,3,0
11,0,0,1,9,28,2961,73,0,0,0,0,0,256903,3,0
0,0,0,0,80,28,2962,73,0,0,0,0,0,259065,2,0
2,0,0,0,19,28,2963,73,0,0,0,0,0,243780,2,0
0,0,0,0,26,28,2964,73,0,0,0,0,0,226166,1,0
1,0,0,0,28,28,2965,73,0,0,0,0,0,234153,3,0
0,0,0,0,41,28,2966,73,0,0,0,0,0,70004,3,0
0,0,0,0,42,29,2967,73,0,0,0,0,0,70766,2,0
0,0,0,0,38,29,2968,73,0,0,0,0,0,278172,3,0
0,0,0,0,97,29,2969,73,0,0,0,0,0,201510,3,0
0,0,0,0,30,29,2970,73,0,0,0,0,0,199574,3,0
0,0,0,0,3,29,2971,73,0,0,0,0,0,225850,3,0
0,0,0,0,16,29,2972,73,0,0,0,0,0,206652,3,0
1,0,0,0,21,29,2973,73,0,0,0,0,0,220814,3,0
0,0,0,0,75,29,2974,73,0,0,0,0,0,230767,3,0
0,0,0,0,30,0,2975,74,0,0,0,0,0,163705,3,0
0,0,0,0,17,3,2976,74,0,0,0,0,0,275208,3,0
1,0,0,0,23,4,2977,74,0,0,0,0,0,256854,3,0
2,0,0,0,5,6,2978,74,0,0,0,0,0,257278,2,0
1,0,0,0,3,7,2979,74,0,0,0,0,0,256769,3,0
9,0,0,1,14,12,2980,74,0,0,0,0,1,214097,2,0
1,0,0,0,6,13,2981,74,0,0,0,0,0,239356,3,0
4,0,0,1,33,15,2982,74,0,0,0,0,0,271421,3,0
7,0,0,1,7,16,2983,74,0,0,0,0,0,236786,3,0
10,0,0,1,9,24,2984,74,0,0,0,0,1,253444,3,0
7,0,0,1,10,26,2985,74,0,0,0,0,1,240753,2,0
0,0,0,0,28,28,2986,74,0,0,0,0,0,246350,3,0
0,0,0,0,32,28,2987,74,0,0,0,0,0,259306,3,0
0,0,0,0,36,28,2988,74,0,0,0,0,0,257946,3,0
1,0,0,0,4,28,2989,74,0,0,0,0,0,260658,3,0
0,0,0,0,1,28,2990,74,0,0,0,0,0,214680,3,0
4,0,0,1,11,28,2991,74,0,0,0,0,0,231102,3,0
0,0,0,0,8,28,2992,74,0,0,0,0,0,219792,3,0
0,0,0,0,40,28,2993,74,0,0,0,0,0,188881,3,0
0,0,0,0,16,28,2994,74,0,0,0,0,0,268622,3,0
0,0,0,0,39,28,2995,74,0,0,0,0,0,278230,3,0
4,0,0,1,34,28,2996,74,0,0,0,0,1,270828,4,0
0,0,0,0,99,28,2997,74,0,0,0,0,0,267905,3,0
0,0,0,0,43,29,2998,74,0,0,0,0,0,279557,3,0
0,0,0,0,38,29,2999,74,0,0,0,0,0,71114,3,0
0,0,0,0,36,0,3000,76,0,0,0,0,0,276988,3,0
0,0,0,0,5,4,3001,76,0,0,0,0,0,243449,3,0
2,0,0,0,2,5,3002,76,0,0,0,0,1,227222,3,0
2,0,0,0,24,6,3003,76,0,0,0,0,0,269003,2,0
1,0,0,0,28,12,3004,76,0,0,0,0,0,263112,3,0
0,0,0,0,27,13,3005,76,0,0,0,0,0,231089,3,0
1,0,0,0,8,15,3006,76,0,0,0,0,1,273018,3,0
1,0,0,0,3,16,3007,76,0,0,0,0,0,203741,3,0
3,0,0,1,26,17,3008,76,0,0,0,0,0,250789,2,0
2,0,0,0,19,19,3009,76,0,0,0,0,0,264293,3,0
8,0,0,1,10,25,3010,76,0,0,0,0,1,258437,4,0
0,0,0,0,29,28,3011,76,0,0,0,0,0,257090,4,0
1,0,0,0,18,28,3012,76,0,0,0,0,0,269184,3,0
0,0,0,0,7,28,3013,76,0,0,0,0,0,241238,3,0
0,0,0,0,23,28,3014,76,0,0,0,0,0,272829,3,0
0,0,0,0,1,28,3015,76,0,0,0,0,0,184084,3,0
4,0,0,1,9,28,3016,76,0,0,0,0,0,176600,3,0
3,0,0,1,11,28,3017,76,0,0,0,0,0,261771,2,0
0,0,0,0,6,28,3018,76,0,0,0,0,0,220905,3,0
2,0,0,0,40,28,3019,76,0,0,0,0,0,279016,3,0
0,0,0,0,13,28,3020,76,0,0,0,0,0,259119,3,0
3,0,0,1,12,28,3021,76,0,0,0,0,0,237631,3,0
0,0,0,0,4,28,3022,76,0,0,0,0,0,239635,3,0
0,0,0,0,30,29,3023,76,0,0,0,0,0,259668,3,0
0,0,0,0,25,29,3024,76,0,0,0,0,0,278796,3,0
0,0,0,0,16,0,3025,219,0,0,0,0,0,221087,3,0
3,0,0,1,7,3,3026,219,0,0,0,0,0,239093,3,0
2,0,0,0,99,4,3027,219,0,0,0,0,0,210897,2,0
2,0,0,0,5,6,3028,219,0,0,0,0,0,242835,3,0
0,0,0,0,3,7,3029,219,0,0,0,0,0,261616,3,0
3,0,0,1,23,23,3030,219,0,0,0,0,0,235353,3,0
1,0,0,0,27,13,3031,219,0,0,0,0,0,201519,3,0
0,0,0,0,19,15,3032,219,0,0,0,0,0,201455,3,0
3,0,0,1,29,27,3033,219,0,0,0,0,0,261188,3,0
1,0,0,0,11,18,3034,219,0,0,0,0,0,232097,3,0
16,1,0,1,10,25,3035,219,0,0,0,0,2,188567,4,0
1,0,0,0,22,28,3036,219,0,0,0,0,0,241707,3,0
2,0,0,0,8,28,3037,219,0,0,0,0,0,255125,3,0
3,0,0,1,4,28,3038,219,0,0,0,0,1,219581,4,0
0,0,0,0,6,28,3039,219,0,0,0,0,0,223143,3,0
0,0,0,0,36,28,3040,219,0,0,0,0,0,211101,3,0
3,0,0,1,14,28,3041,219,0,0,0,0,0,256669,3,0
1,0,0,0,44,28,3042,219,0,0,0,0,0,256632,3,0
0,0,0,0,21,28,3043,219,0,0,0,0,0,223874,3,0
0,0,0,0,18,28,3044,219,0,0,0,0,0,264401,3,0
1,0,0,0,17,28,3045,219,0,0,0,0,0,255934,3,0
2,0,0,0,62,28,3046,219,0,0,0,0,0,237841,3,0
0,0,0,0,20,28,3047,219,0,0,0,0,0,215330,3,0
0,0,0,0,1,29,3048,219,0,0,0,0,0,255151,3,0
0,0,0,0,34,29,3049,219,0,0,0,0,0,263602,3,0
1,0,0,0,37,29,3050,219,0,0,0,0,0,277601,3,0
0,0,0,0,66,29,3051,219,0,0,0,0,0,278564,3,0
0,0,0,0,40,0,3052,378,0,0,0,0,0,200110,2,0
1,0,0,0,27,3,3053,378,0,0,0,0,0,204105,3,0
1,0,0,0,5,4,3054,378,0,0,0,0,0,215410,3,0
3,0,0,0,3,6,3055,378,0,0,0,0,1,251380,4,0
0,0,0,0,2,7,3056,378,0,0,0,0,0,263908,2,0
4,0,0,1,20,10,3057,378,0,0,0,0,0,230020,3,0
8,0,0,1,10,23,3058,378,0,0,0,0,0,231612,3,0
6,0,0,1,45,13,3059,378,0,0,0,0,0,243631,3,0
2,0,0,0,8,15,3060,378,0,0,0,0,0,244480,3,0
3,0,0,0,26,27,3061,378,0,0,0,0,0,233061,3,0
6,0,0,1,9,25,3062,378,0,0,0,0,0,224883,2,0
0,0,0,0,21,28,3063,378,0,0,0,0,0,257975,3,0
6,0,0,1,23,28,3064,378,0,0,0,0,0,267702,3,0
0,0,0,0,28,28,3065,378,0,0,0,0,0,197813,3,0
0,0,0,0,25,28,3066,378,0,0,0,0,0,262344,3,0
0,0,0,0,30,28,3067,378,0,0,0,0,0,239203,3,0
4,0,0,1,22,28,3068,378,0,0,0,0,0,257111,2,0
4,0,0,1,7,28,3069,378,0,0,0,0,0,264325,3,0
0,0,0,0,16,28,3070,378,0,0,0,0,0,235856,3,0
0,0,0,0,11,28,3071,378,0,0,0,0,0,264512,3,0
0,0,0,0,19,28,3072,378,0,0,0,0,0,219681,3,0
0,0,0,0,14,28,3073,378,0,0,0,0,0,251107,3,0
0,0,0,0,18,28,3074,378,0,0,0,0,0,278565,3,0
0,0,0,0,12,29,3075,378,0,0,0,0,0,279573,3,0
0,0,0,0,94,0,3076,379,0,0,0,0,0,235633,4,0
1,0,0,0,24,4,3077,379,0,0,0,0,0,258575,3,0
1,0,0,0,2,5,3078,379,0,0,0,0,0,253073,3,0
3,0,0,0,5,6,3079,379,0,0,0,0,0,206493,3,0
3,0,0,0,7,23,3080,379,0,0,0,0,0,232905,3,0
1,0,0,0,14,12,3081,379,0,0,0,0,0,260558,3,0
4,0,0,1,15,13,3082,379,0,0,0,0,1,235432,3,0
6,0,0,1,10,15,3083,379,0,0,0,0,0,244309,3,0
1,0,0,0,18,16,3084,379,0,0,0,0,0,226103,3,0
4,0,0,1,9,27,3085,379,0,0,0,0,0,246459,3,0
5,0,0,1,22,25,3086,379,0,0,0,0,0,277178,3,0
0,0,0,0,26,28,3087,379,0,0,0,0,0,198200,3,0
0,0,0,0,6,28,3088,379,0,0,0,0,0,275137,3,0
0,0,0,0,32,28,3089,379,0,0,0,0,0,208509,3,0
0,0,0,0,25,28,3090,379,0,0,0,0,0,237331,3,0
0,0,0,0,96,28,3091,379,0,0,0,0,0,231105,3,0
4,0,0,1,17,28,3092,379,0,0,0,0,0,242914,3,0
3,0,0,0,8,28,3093,379,0,0,0,0,0,262236,3,0
0,0,0,0,4,28,3094,379,0,0,0,0,0,245084,3,0
0,0,0,0,16,28,3095,379,0,0,0,0,0,49472,3,0
0,0,0,0,45,28,3096,379,0,0,0,0,0,276258,3,0
0,0,0,0,72,28,3097,379,0,0,0,0,0,278902,2,0
0,0,0,0,67,28,3098,379,0,0,0,0,0,276256,3,0
0,0,0,0,27,29,3099,379,0,0,0,0,0,277578,3,0
0,0,0,0,30,0,3100,1530,0,0,0,0,0,242179,3,0
0,0,0,0,2,3,3101,1530,0,0,0,0,0,236316,3,0
0,0,0,0,25,4,3102,1530,0,0,0,0,0,199313,3,0
0,0,0,0,22,6,3103,1530,0,0,0,0,0,219680,2,0
0,0,0,0,21,7,3104,1530,0,0,0,0,0,234515,3,0
0,0,0,0,8,9,3105,1530,0,0,0,0,0,206313,3,0
0,0,0,0,15,11,3106,1530,0,0,0,0,1,209781,3,0
0,0,0,0,20,12,3107,1530,0,0,0,0,0,222515,3,0
0,0,0,0,28,16,3108,1530,0,0,0,0,0,245283,4,0
0,0,0,0,10,18,3109,1530,0,0,0,0,1,246297,2,0
0,0,0,0,9,25,3110,1530,0,0,0,0,1,212350,4,0
0,0,0,0,12,28,3111,1530,0,0,0,0,0,251912,4,0
0,0,0,0,26,28,3112,1530,0,0,0,0,1,194846,3,0
0,0,0,0,29,28,3113,1530,0,0,0,0,0,258439,3,0
0,0,0,0,27,28,3114,1530,0,0,0,0,0,273835,3,0
0,0,0,0,16,28,3115,1530,0,0,0,0,0,257395,3,0
0,0,0,0,7,28,3116,1530,0,0,0,0,0,239025,3,0
0,0,0,0,19,28,3117,1530,0,0,0,0,0,70415,3,0
0,0,0,0,17,28,3118,1530,0,0,0,0,0,275024,2,0
0,0,0,0,23,28,3119,1530,0,0,0,0,0,215245,3,0
0,0,0,0,5,28,3120,1530,0,0,0,0,0,277484,3,0
0,0,0,0,45,28,3121,1530,0,0,0,0,0,263572,3,0
0,0,0,0,11,28,3122,1530,0,0,0,0,0,277485,3,0
0,0,0,0,70,29,3123,1530,0,0,0,0,0,276759,3,0
0,0,0,0,14,29,3124,1530,0,0,0,0,0,269729,3,0
0,0,0,0,30,0,3125,1738,0,0,0,0,0,229542,3,0
0,0,0,0,93,3,3126,1738,0,0,0,0,0,262237,2,0
0,0,0,0,6,4,3127,1738,0,0,0,0,0,264449,2,0
2,0,0,1,4,6,3128,1738,0,0,0,0,0,222286,3,0
3,0,0,1,27,7,3129,1738,0,0,0,0,0,236629,3,0
2,0,0,1,94,9,3130,1738,0,0,0,0,0,210450,2,0
0,0,0,0,5,11,3131,1738,0,0,0,0,0,263603,2,0
0,0,0,0,7,12,3132,1738,0,0,0,0,0,188537,3,0
5,0,0,1,11,16,3133,1738,0,0,0,0,0,241002,2,0
2,0,0,1,14,18,3134,1738,0,0,0,0,0,223058,3,0
5,0,0,1,28,25,3135,1738,0,0,0,0,1,176571,3,0
0,0,0,0,23,28,3136,1738,0,0,0,0,0,260943,2,0
2,0,0,1,8,28,3137,1738,0,0,0,0,2,263468,3,0
1,0,0,0,22,28,3138,1738,0,0,0,0,0,235553,3,0
0,0,0,0,17,28,3139,1738,0,0,0,0,0,234514,3,0
0,0,0,0,1,28,3140,1738,0,0,0,0,0,199721,3,0
4,0,0,1,9,28,3141,1738,0,0,0,0,0,241821,3,0
1,0,0,0,29,28,3142,1738,0,0,0,0,0,233550,3,0
0,0,0,0,19,28,3143,1738,0,0,0,0,0,251926,3,0
0,0,0,0,21,28,3144,1738,0,0,0,0,0,274442,3,0
0,0,0,0,25,28,3145,1738,0,0,0,0,0,228592,3,0
0,0,0,0,13,28,3146,1738,0,0,0,0,0,271256,3,0
0,0,0,0,26,28,3147,1738,0,0,0,0,0,271252,3,0
0,0,0,0,35,29,3148,1738,0,0,0,0,0,271250,3,0
0,0,0,0,37,29,3149,1738,0,0,0,0,0,278093,3,0
0,0,0,0,24,29,3150,1738,0,0,0,0,0,276865,3,0
0,0,0,0,12,29,3151,1738,0,0,0,0,0,262239,3,0
0,0,0,0,20,29,3152,1738,0,0,0,0,0,271257,3,0
0,0,0,0,50,0,3153,1809,0,0,0,0,0,265526,3,0
1,0,0,0,6,4,3154,1809,0,0,0,0,0,243923,3,0
2,0,0,0,2,5,3155,1809,0,0,0,0,0,235244,3,0
2,0,0,0,13,6,3156,1809,0,0,0,0,0,272785,3,0
0,0,0,0,3,12,3157,1809,0,0,0,0,0,212170,3,0
0,0,0,0,4,13,3158,1809,0,0,0,0,0,227622,3,0
6,0,0,1,8,15,3159,1809,0,0,0,0,0,228593,4,0
0,0,0,0,17,16,3160,1809,0,0,0,0,0,229649,4,0
3,0,0,1,37,17,3161,1809,0,0,0,0,1,252937,5,0
0,0,0,0,15,19,3162,1809,0,0,0,0,0,237936,3,0
14,0,0,1,9,25,3163,1809,0,0,0,0,2,252021,4,0
1,0,0,0,24,28,3164,1809,0,0,0,0,0,242534,3,0
1,0,0,0,11,28,3165,1809,0,0,0,0,0,243491,3,0
0,0,0,0,5,28,3166,1809,0,0,0,0,0,236890,3,0
0,0,0,0,12,28,3167,1809,0,0,0,0,0,257970,3,0
0,0,0,0,30,28,3168,1809,0,0,0,0,0,243201,3,0
5,0,0,1,19,28,3169,1809,0,0,0,0,1,266299,4,0
3,0,0,1,7,28,3170,1809,0,0,0,0,0,248564,2,0
1,0,0,0,80,28,3171,1809,0,0,0,0,0,70106,3,0
1,0,0,0,10,28,3172,1809,0,0,0,0,0,268927,3,0
1,0,0,0,20,28,3173,1809,0,0,0,0,0,235022,3,0
1,0,0,0,23,28,3174,1809,0,0,0,0,0,250725,4,0
0,0,0,0,25,28,3175,1809,0,0,0,0,0,271983,3,0
0,0,0,0,34,29,3176,1809,0,0,0,0,0,277820,3,0
0,0,0,0,31,29,3177,1809,0,0,0,0,0,278207,3,0
0,0,0,0,22,29,3178,1809,0,0,0,0,0,263343,3,0
0,0,0,0,26,29,3179,1809,0,0,0,0,0,278205,3,0
0,0,0,0,33,29,3180,1809,0,0,0,0,0,275346,3,0
0,0,0,0,40,29,3181,1809,0,0,0,0,0,278204,3,0
0,0,0,0,1,29,3182,1809,0,0,0,0,0,270365,3,0
0,0,0,0,30,0,3183,1819,0,0,0,0,0,230727,2,0
0,0,0,0,8,3,3184,1819,0,0,0,0,0,199191,2,0
0,0,0,0,21,4,3185,1819,0,0,0,0,0,239814,3,0
0,0,0,0,3,6,3186,1819,0,0,0,0,1,238749,3,0
0,0,0,0,19,7,3187,1819,0,0,0,0,0,248559,2,0
0,0,0,0,5,10,3188,1819,0,0,0,0,0,209618,3,0
0,0,0,0,11,12,3189,1819,0,0,0,0,0,235888,2,0
0,0,0,0,29,13,3190,1819,0,0,0,0,1,257320,2,0
0,0,0,0,14,15,3191,1819,0,0,0,0,0,245855,3,0
0,0,0,0,18,16,3192,1819,0,0,0,0,1,231236,2,0
0,0,0,0,9,25,3193,1819,0,0,0,0,0,244022,2,0
0,0,0,0,7,28,3194,1819,0,0,0,0,0,203128,2,0
0,0,0,0,26,28,3195,1819,0,0,0,0,0,236721,3,0
0,0,0,0,23,28,3196,1819,0,0,0,0,0,223138,4,0
0,0,0,0,27,28,3197,1819,0,0,0,0,0,255523,3,0
0,0,0,0,42,28,3198,1819,0,0,0,0,0,259166,3,0
0,0,0,0,25,28,3199,1819,0,0,0,0,0,240497,3,0
0,0,0,0,10,28,3200,1819,0,0,0,0,0,253036,3,0
0,0,0,0,6,28,3201,1819,0,0,0,0,0,271452,3,0
0,0,0,0,17,28,3202,1819,0,0,0,0,0,233373,3,0
0,0,0,0,13,28,3203,1819,0,0,0,0,0,278064,3,0
0,0,0,0,20,28,3204,1819,0,0,0,0,0,255015,3,0
0,0,0,0,48,28,3205,1819,0,0,0,0,0,264050,3,0
0,0,0,0,31,29,3206,1819,0,0,0,0,0,278279,3,0
0,0,0,0,16,29,3207,1819,0,0,0,0,0,260326,3,0
0,0,0,0,34,29,3208,1819,0,0,0,0,0,271735,3,0
0,0,0,0,32,29,3209,1819,0,0,0,0,0,277481,3,0
0,0,0,0,30,0,3210,58,0,0,0,0,0,178363,3,0
1,0,0,0,15,3,3211,58,0,0,0,0,0,272808,4,0
1,0,0,0,95,4,3212,58,0,0,0,0,0,272407,3,0
2,0,0,0,5,5,3213,58,0,0,0,0,0,264743,3,0
2,0,0,0,99,6,3214,58,0,0,0,0,0,271458,3,0
1,0,0,0,42,7,3215,58,0,0,0,0,0,270282,3,0
0,0,0,0,13,10,3216,58,0,0,0,0,0,247369,4,0
3,0,0,1,7,13,3217,58,0,0,0,0,0,206243,3,0
0,0,0,0,66,15,3218,58,0,0,0,0,0,271010,3,0
7,0,0,1,9,24,3219,58,0,0,0,0,0,250911,3,0
11,0,0,1,10,26,3220,58,0,0,0,0,2,263675,5,0
2,0,0,0,14,28,3221,58,0,0,0,0,0,192647,3,0
0,0,0,0,26,28,3222,58,0,0,0,0,0,246549,3,0
0,0,0,0,22,28,3223,58,0,0,0,0,0,231098,3,0
0,0,0,0,4,28,3224,58,0,0,0,0,0,262342,3,0
0,0,0,0,23,28,3225,58,0,0,0,0,0,211358,2,0
5,0,0,1,17,28,3226,58,0,0,0,0,1,258910,3,0
6,0,0,1,31,28,3227,58,0,0,0,0,0,276947,3,0
0,0,0,0,6,28,3228,58,0,0,0,0,0,244460,3,0
0,0,0,0,8,28,3229,58,0,0,0,0,0,269293,3,0
1,0,0,0,18,28,3230,58,0,0,0,0,0,248123,3,0
0,0,0,0,24,28,3231,58,0,0,0,0,0,70723,3,0
0,0,0,0,25,28,3232,58,0,0,0,0,0,277595,3,0
0,0,0,0,21,29,3233,58,0,0,0,0,0,279801,3,0
0,0,0,0,19,29,3234,58,0,0,0,0,0,275879,3,0
0,0,0,0,44,29,3235,58,0,0,0,0,0,267637,3,0
0,0,0,0,1,0,3236,59,0,0,0,0,0,190120,3,0
0,0,0,0,34,3,3237,59,0,0,0,0,0,236466,3,0
0,0,0,0,24,4,3238,59,0,0,0,0,0,242603,2,0
6,0,0,1,5,6,3239,59,0,0,0,0,1,224189,3,0
1,0,0,0,14,7,3240,59,0,0,0,0,1,230019,2,0
1,0,0,0,6,10,3241,59,0,0,0,0,0,245495,3,0
7,0,0,1,30,23,3242,59,0,0,0,0,1,271688,2,0
7,0,0,1,20,13,3243,59,0,0,0,0,1,236492,2,0
3,0,0,0,10,15,3244,59,0,0,0,0,0,237132,3,0
1,0,0,0,11,27,3245,59,0,0,0,0,0,248118,3,0
10,0,0,1,9,25,3246,59,0,0,0,0,1,276716,3,0
0,0,0,0,8,28,3247,59,0,0,0,0,0,261306,3,0
0,0,0,0,4,28,3248,59,0,0,0,0,0,262709,2,0
0,0,0,0,19,28,3249,59,0,0,0,0,0,271061,3,0
1,0,0,0,18,28,3250,59,0,0,0,0,0,275878,3,0
0,0,0,0,13,28,3251,59,0,0,0,0,0,257669,3,0
4,0,0,0,7,28,3252,59,0,0,0,0,1,231753,2,0
0,0,0,0,72,28,3253,59,0,0,0,0,0,261650,2,0
0,0,0,0,81,28,3254,59,0,0,0,0,0,271305,3,0
0,0,0,0,29,28,3255,59,0,0,0,0,0,271138,3,0
0,0,0,0,97,28,3256,59,0,0,0,0,0,252241,3,0
0,0,0,0,22,28,3257,59,0,0,0,0,0,277811,1,0
0,0,0,0,99,28,3258,59,0,0,0,0,0,277814,3,0
0,0,0,0,91,29,3259,59,0,0,0,0,0,277819,3,0
0,0,0,0,40,29,3260,59,0,0,0,0,0,277810,3,0
0,0,0,0,26,29,3261,59,0,0,0,0,0,256842,3,0
1,0,0,0,47,29,3262,59,0,0,0,0,0,271759,3,0
5,0,0,1,17,29,3263,59,0,0,0,0,0,236245,3,0
0,0,0,0,16,0,3264,62,0,0,0,0,0,212735,4,0
1,0,0,0,27,3,3265,62,0,0,0,0,0,262788,3,0
2,0,0,0,7,4,3266,62,0,0,0,0,0,271050,3,0
1,0,0,0,24,6,3267,62,0,0,0,0,0,223880,2,0
0,0,0,0,25,7,3268,62,0,0,0,0,0,211600,3,0
0,0,0,0,22,9,3269,62,0,0,0,0,0,256902,3,0
0,0,0,0,4,11,3270,62,0,0,0,0,0,225174,3,0
5,0,0,1,10,12,3271,62,0,0,0,0,1,240259,4,0
5,0,0,1,11,16,3272,62,0,0,0,0,0,251596,3,0
11,0,0,1,9,24,3273,62,0,0,0,0,1,272668,2,0
8,0,0,1,21,26,3274,62,0,0,0,0,0,213839,3,0
2,0,0,0,8,28,3275,62,0,0,0,0,0,246298,3,0
3,0,0,1,20,28,3276,62,0,0,0,0,0,272835,3,0
0,0,0,0,2,28,3277,62,0,0,0,0,0,258570,2,0
0,0,0,0,26,28,3278,62,0,0,0,0,0,263344,3,0
0,0,0,0,30,28,3279,62,0,0,0,0,0,234049,3,0
2,0,0,0,17,28,3280,62,0,0,0,0,1,261758,3,0
0,0,0,0,23,28,3281,62,0,0,0,0,0,238510,3,0
0,0,0,0,28,28,3282,62,0,0,0,0,0,192608,3,0
0,0,0,0,12,28,3283,62,0,0,0,0,0,215383,3,0
0,0,0,0,15,28,3284,62,0,0,0,0,0,189946,3,0
0,0,0,0,19,28,3285,62,0,0,0,0,0,223581,3,0
0,0,0,0,31,28,3286,62,0,0,0,0,0,277354,2,0
0,0,0,0,6,29,3287,62,0,0,0,0,0,243355,2,0
0,0,0,0,1,29,3288,62,0,0,0,0,0,255014,3,0
0,0,0,0,40,29,3289,62,0,0,0,0,0,276760,3,0
0,0,0,0,13,29,3290,62,0,0,0,0,0,263347,3,0
0,0,0,0,5,29,3291,62,0,0,0,0,0,264241,3,0
0,0,0,0,29,29,3292,62,0,0,0,0,0,248775,3,0
0,0,0,0,18,29,3293,62,0,0,0,0,0,213725,3,0
0,0,0,0,30,0,3294,67,0,0,0,0,0,192999,3,0
0,0,0,0,22,3,3295,67,0,0,0,0,0,72351,3,0
0,0,0,0,24,4,3296,67,0,0,0,0,0,257076,3,0
0,0,0,0,5,6,3297,67,0,0,0,0,0,205392,3,0
0,0,0,0,8,7,3298,67,0,0,0,0,0,72374,3,0
0,0,0,0,6,10,3299,67,0,0,0,0,0,72355,3,0
0,0,0,0,10,23,3300,67,0,0,0,0,0,72358,3,0
0,0,0,0,12,13,3301,67,0,0,0,0,0,257397,3,0
0,0,0,0,7,15,3302,67,0,0,0,0,0,72357,3,0
0,0,0,0,27,27,3303,67,0,0,0,0,0,276028,3,0
0,0,0,0,9,25,3304,67,0,0,0,0,0,231189,3,0
0,0,0,0,18,28,3305,67,0,0,0,0,0,231532,3,0
0,0,0,0,26,28,3306,67,0,0,0,0,0,72341,3,0
0,0,0,0,28,28,3307,67,0,0,0,0,0,187935,3,0
0,0,0,0,14,28,3308,67,0,0,0,0,0,256881,3,0
0,0,0,0,40,28,3309,67,0,0,0,0,0,237133,3,0
0,0,0,0,11,28,3310,67,0,0,0,0,0,72350,3,0
0,0,0,0,20,28,3311,67,0,0,0,0,0,269287,3,0
0,0,0,0,3,28,3312,67,0,0,0,0,0,72372,3,0
0,0,0,0,21,28,3313,67,0,0,0,0,0,72353,3,0
0,0,0,0,16,0,3314,68,0,0,0,0,0,176772,3,0
0,0,0,0,2,3,3315,68,0,0,0,0,0,201136,2,0
0,0,0,0,8,4,3316,68,0,0,0,0,0,184873,2,0
0,0,0,0,29,6,3317,68,0,0,0,0,0,208449,3,0
0,0,0,0,3,7,3318,68,0,0,0,0,0,229236,3,0
0,0,0,0,6,9,3319,68,0,0,0,0,0,229011,2,0
0,0,0,0,27,11,3320,68,0,0,0,0,0,268805,2,0
0,0,0,0,22,12,3321,68,0,0,0,0,0,269956,2,0
0,0,0,0,14,16,3322,68,0,0,0,0,0,244694,3,0
0,0,0,0,18,18,3323,68,0,0,0,0,0,275138,3,0
0,0,0,0,10,25,3324,68,0,0,0,0,2,254551,4,0
0,0,0,0,36,28,3325,68,0,0,0,0,0,239740,3,0
0,0,0,0,34,28,3326,68,0,0,0,0,0,271014,3,0
0,0,0,0,39,28,3327,68,0,0,0,0,0,239919,3,0
0,0,0,0,5,28,3328,68,0,0,0,0,0,256856,2,0
0,0,0,0,30,28,3329,68,0,0,0,0,0,211398,3,0
0,0,0,0,11,28,3330,68,0,0,0,0,0,234710,3,0
0,0,0,0,7,28,3331,68,0,0,0,0,1,275372,3,0
0,0,0,0,38,28,3332,68,0,0,0,0,0,278065,3,0
0,0,0,0,26,28,3333,68,0,0,0,0,0,275288,3,0
0,0,0,0,25,28,3334,68,0,0,0,0,0,272783,3,0
0,0,0,0,15,28,3335,68,0,0,0,0,0,251915,3,0
0,0,0,0,99,28,3336,68,0,0,0,0,0,235855,3,0
0,0,0,0,37,29,3337,68,0,0,0,0,0,278119,3,0
0,0,0,0,12,29,3338,68,0,0,0,0,0,243642,3,0
0,0,0,0,17,29,3339,68,0,0,0,0,0,229793,3,0
0,0,0,0,1,0,3340,210,0,0,0,0,0,220833,2,0
0,0,0,0,4,3,3341,210,0,0,0,0,0,233366,2,0
0,0,0,0,61,4,3342,210,0,0,0,0,0,261675,3,0
2,0,0,1,29,6,3343,210,0,0,0,0,0,184190,3,0
9,0,0,1,2,7,3344,210,0,0,0,0,0,252711,3,0
3,0,0,1,17,12,3345,210,0,0,0,0,0,253074,2,0
1,0,0,0,6,13,3346,210,0,0,0,0,0,234173,3,0
0,0,0,0,20,15,3347,210,0,0,0,0,0,270931,4,0
1,0,0,0,23,16,3348,210,0,0,0,0,0,198348,3,0
2,0,0,1,21,18,3349,210,0,0,0,0,1,263987,3,0
21,1,0,1,19,25,3350,210,0,0,0,1,1,223510,3,0
1,0,0,0,18,28,3351,210,0,0,0,0,0,251974,3,0
1,0,0,0,97,28,3352,210,0,0,0,0,1,275614,4,0
0,0,0,0,92,28,3353,210,0,0,0,0,0,188601,3,0
0,0,0,0,27,28,3354,210,0,0,0,0,0,252011,3,0
0,0,0,0,16,28,3355,210,0,0,0,0,0,241210,3,0
3,0,0,1,11,28,3356,210,0,0,0,0,0,201145,3,0
1,0,0,0,15,28,3357,210,0,0,0,0,0,267465,2,0
0,0,0,0,5,28,3358,210,0,0,0,0,0,207788,3,0
0,0,0,0,7,28,3359,210,0,0,0,0,0,278061,3,0
0,0,0,0,3,28,3360,210,0,0,0,0,0,277506,2,0
0,0,0,0,22,28,3361,210,0,0,0,0,0,274443,3,0
0,0,0,0,35,28,3362,210,0,0,0,0,0,190792,3,0
0,0,0,0,33,29,3363,210,0,0,0,0,0,259167,3,0
0,0,0,0,38,0,3364,217,0,0,0,0,0,206003,2,0
0,0,0,0,15,4,3365,217,0,0,0,0,0,228290,2,0
0,0,0,0,3,5,3366,217,0,0,0,0,0,245410,3,0
0,0,0,0,95,6,3367,217,0,0,0,0,0,258972,3,0
0,0,0,0,7,12,3368,217,0,0,0,0,0,276007,2,0
0,0,0,0,19,13,3369,217,0,0,0,0,0,213367,3,0
0,0,0,0,6,15,3370,217,0,0,0,0,0,242794,2,0
0,0,0,0,37,16,3371,217,0,0,0,0,0,265544,3,0
0,0,0,0,44,17,3372,217,0,0,0,0,0,275270,3,0
0,0,0,0,21,19,3373,217,0,0,0,0,0,242655,3,0
0,0,0,0,9,25,3374,217,0,0,0,0,0,277216,3,0
0,0,0,0,14,28,3375,217,0,0,0,0,0,219809,2,0
0,0,0,0,17,28,3376,217,0,0,0,0,0,230686,3,0
0,0,0,0,12,28,3377,217,0,0,0,0,0,253490,3,0
0,0,0,0,32,28,3378,217,0,0,0,0,0,271075,2,0
0,0,0,0,1,28,3379,217,0,0,0,0,0,201976,3,0
0,0,0,0,11,28,3380,217,0,0,0,0,0,261084,3,0
0,0,0,0,22,28,3381,217,0,0,0,0,0,277909,3,0
0,0,0,0,24,28,3382,217,0,0,0,0,0,238391,3,0
0,0,0,0,5,28,3383,217,0,0,0,0,1,204884,3,0
0,0,0,0,27,28,3384,217,0,0,0,0,0,253181,2,0
0,0,0,0,13,28,3385,217,0,0,0,0,0,259215,3,0
0,0,0,0,8,28,3386,217,0,0,0,0,0,224875,3,0
0,0,0,0,2,29,3387,217,0,0,0,0,0,242054,3,0
0,0,0,0,10,29,3388,217,0,0,0,0,0,270465,3,0
0,0,0,0,4,29,3389,217,0,0,0,0,0,260159,3,0
0,0,0,0,94,29,3390,217,0,0,0,0,0,252046,3,0
0,0,0,0,97,29,3391,217,0,0,0,0,0,231848,3,0
0,0,0,0,16,0,3392,614,0,0,0,0,0,223011,2,0
0,0,0,0,20,3,3393,614,0,0,0,0,0,183829,3,0
0,0,0,0,21,4,3394,614,0,0,0,0,0,179931,3,0
1,0,0,0,5,6,3395,614,0,0,0,0,0,244476,2,0
0,0,0,0,3,7,3396,614,0,0,0,0,0,262343,3,0
2,0,0,0,7,23,3397,614,0,0,0,0,0,193001,2,0
1,0,0,0,29,13,3398,614,0,0,0,0,0,216463,3,0
2,0,0,0,6,14,3399,614,0,0,0,0,0,178160,4,0
3,0,0,1,26,15,3400,614,0,0,0,0,0,276946,3,0
3,0,0,1,10,27,3401,614,0,0,0,0,0,225168,3,0
6,0,0,1,18,25,3402,614,0,0,0,0,0,70187,2,0
4,0,0,1,11,28,3403,614,0,0,0,0,0,275517,3,0
2,0,0,0,4,28,3404,614,0,0,0,0,0,204242,3,0
0,0,0,0,27,28,3405,614,0,0,0,0,0,235558,3,0
0,0,0,0,44,28,3406,614,0,0,0,0,0,271394,3,0
0,0,0,0,1,28,3407,614,0,0,0,0,0,209423,3,0
5,0,0,1,9,28,3408,614,0,0,0,0,0,203889,3,0
0,0,0,0,22,28,3409,614,0,0,0,0,0,273962,2,0
1,0,0,0,14,28,3410,614,0,0,0,0,0,241089,3,0
0,0,0,0,37,28,3411,614,0,0,0,0,0,277754,3,0
0,0,0,0,19,28,3412,614,0,0,0,0,0,252468,3,0
0,0,0,0,25,28,3413,614,0,0,0,0,0,227475,3,0
0,0,0,0,31,28,3414,614,0,0,0,0,0,275516,3,0
0,0,0,0,39,29,3415,614,0,0,0,0,0,277972,3,0
0,0,0,0,17,29,3416,614,0,0,0,0,0,277630,3,0
0,0,0,0,1,0,3417,1805,0,0,0,0,0,196316,3,0
1,0,0,0,39,3,3418,1805,0,0,0,0,0,274845,3,0
2,0,0,0,4,4,3419,1805,0,0,0,0,0,262622,3,0
0,0,0,0,5,6,3420,1805,0,0,0,0,0,215708,3,0
0,0,0,0,29,7,3421,1805,0,0,0,0,0,220030,3,0
3,0,0,1,19,23,3422,1805,0,0,0,0,0,262652,3,0
7,0,0,1,8,13,3423,1805,0,0,0,0,2,224590,4,0
0,0,0,0,6,14,3424,1805,0,0,0,0,0,236615,4,0
3,0,0,1,25,15,3425,1805,0,0,0,0,2,225629,5,0
6,0,0,1,11,27,3426,1805,0,0,0,0,0,273666,3,0
11,0,0,1,7,25,3427,1805,0,0,0,0,0,254501,3,0
3,0,0,1,17,28,3428,1805,0,0,0,0,0,251977,3,0
2,0,0,0,70,28,3429,1805,0,0,0,0,0,271528,3,0
1,0,0,0,14,28,3430,1805,0,0,0,0,0,183973,4,0
0,0,0,0,77,28,3431,1805,0,0,0,0,0,244187,4,0
0,0,0,0,13,28,3432,1805,0,0,0,0,0,276761,3,0
0,0,0,0,22,28,3433,1805,0,0,0,0,0,276755,3,0
1,0,0,0,2,28,3434,1805,0,0,0,0,0,257831,2,0
0,0,0,0,15,28,3435,1805,0,0,0,0,0,266858,4,0
0,0,0,0,27,28,3436,1805,0,0,0,0,0,258446,3,0
0,0,0,0,10,28,3437,1805,0,0,0,0,0,246816,3,0
0,0,0,0,23,28,3438,1805,0,0,0,0,0,216834,3,0
0,0,0,0,16,28,3439,1805,0,0,0,0,0,228912,3,0
0,0,0,0,21,29,3440,1805,0,0,0,0,0,248711,3,0
1,0,0,0,31,29,3441,1805,0,0,0,0,0,224095,3,0
0,0,0,0,18,29,3442,1805,0,0,0,0,0,276756,3,0
0,0,0,0,3,29,3443,1805,0,0,0,0,0,269187,3,0
0,0,0,0,30,0,3444,1814,0,0,0,0,0,190195,3,0
1,0,0,0,39,3,3445,1814,0,0,0,0,0,193147,3,0
1,0,0,0,3,4,3446,1814,0,0,0,0,0,206440,3,0
0,0,0,0,23,5,3447,1814,0,0,0,0,0,199051,2,0
3,0,0,0,15,6,3448,1814,0,0,0,0,0,232760,3,0
4,0,0,1,20,7,3449,1814,0,0,0,0,1,276544,4,0
1,0,0,0,7,12,3450,1814,0,0,0,0,0,254996,3,0
1,0,0,0,6,13,3451,1814,0,0,0,0,0,252599,3,0
2,0,0,0,4,15,3452,1814,0,0,0,0,0,208865,3,0
4,0,0,1,28,16,3453,1814,0,0,0,0,0,225855,3,0
8,0,0,1,18,25,3454,1814,0,0,0,0,0,240133,3,0
0,0,0,0,27,28,3455,1814,0,0,0,0,0,209691,3,0
2,0,0,0,9,28,3456,1814,0,0,0,0,0,257083,3,0
1,0,0,0,12,28,3457,1814,0,0,0,0,0,269289,2,0
0,0,0,0,25,28,3458,1814,0,0,0,0,0,203969,3,0
0,0,0,0,1,28,3459,1814,0,0,0,0,0,199705,3,0
4,0,0,1,29,28,3460,1814,0,0,0,0,0,266099,3,0
4,0,0,1,11,28,3461,1814,0,0,0,0,0,274692,4,0
1,0,0,0,8,28,3462,1814,0,0,0,0,0,251439,3,0
0,0,0,0,35,28,3463,1814,0,0,0,0,0,243599,3,0
0,0,0,0,2,28,3464,1814,0,0,0,0,0,199706,3,0
0,0,0,0,40,28,3465,1814,0,0,0,0,0,269286,3,0
0,0,0,0,14,28,3466,1814,0,0,0,0,0,240434,3,0
0,0,0,0,31,29,3467,1814,0,0,0,0,0,269854,3,0
0,0,0,0,19,29,3468,1814,0,0,0,0,0,276543,3,0
0,0,0,0,26,29,3469,1814,0,0,0,0,0,277942,3,0
0,0,0,0,34,29,3470,1814,0,0,0,0,0,278059,3,0
0,0,0,0,10,29,3471,1814,0,0,0,0,0,269294,3,0
0,0,0,0,17,29,3472,1814,0,0,0,0,0,222923,3,0
0,0,0,0,99,0,3473,1815,0,0,0,0,0,220820,3,0
0,0,0,0,2,3,3474,1815,0,0,0,0,0,207745,3,0
0,0,0,0,4,4,3475,1815,0,0,0,0,0,258432,3,0
0,0,0,0,17,6,3476,1815,0,0,0,0,0,247412,3,0
0,0,0,0,3,7,3477,1815,0,0,0,0,0,242181,3,0
0,0,0,0,7,9,3478,1815,0,0,0,0,0,244970,2,0
0,0,0,0,25,11,3479,1815,0,0,0,0,0,208861,3,0
0,0,0,0,11,12,3480,1815,0,0,0,0,0,251191,3,0
0,0,0,0,18,16,3481,1815,0,0,0,0,0,198731,3,0
0,0,0,0,10,18,3482,1815,0,0,0,0,1,269456,4,0
0,0,0,0,26,25,3483,1815,0,0,0,0,0,257319,2,0
0,0,0,0,8,28,3484,1815,0,0,0,0,0,226295,3,0
0,0,0,0,5,28,3485,1815,0,0,0,0,0,228983,3,0
0,0,0,0,21,28,3486,1815,0,0,0,0,0,200968,3,0
0,0,0,0,15,28,3487,1815,0,0,0,0,0,274463,3,0
0,0,0,0,1,28,3488,1815,0,0,0,0,0,263920,3,0
0,0,0,0,23,28,3489,1815,0,0,0,0,0,252692,3,0
0,0,0,0,95,28,3490,1815,0,0,0,0,0,222636,2,0
0,0,0,0,97,28,3491,1815,0,0,0,0,0,278903,3,0
0,0,0,0,22,28,3492,1815,0,0,0,0,0,241551,3,0
0,0,0,0,6,28,3493,1815,0,0,0,0,0,262137,3,0
0,0,0,0,12,28,3494,1815,0,0,0,0,0,193116,3,0
0,0,0,0,9,28,3495,1815,0,0,0,0,0,234834,3,0
0,0,0,0,16,29,3496,1815,0,0,0,0,0,273125,3,0
0,0,0,0,24,29,3497,1815,0,0,0,0,0,278118,3,0
0,0,0,0,91,29,3498,1815,0,0,0,0,0,212035,3,0
0,0,0,0,13,29,3499,1815,0,0,0,0,0,279474,3,0
0,0,0,0,29,29,3500,1815,0,0,0,0,0,72170,3,0
0,0,0,0,19,29,3501,1815,0,0,0,0,0,70474,3,0
0,0,0,0,1,0,3502,1816,0,0,0,0,0,176994,4,0
0,0,0,0,14,3,3503,1816,0,0,0,0,0,191210,3,0
0,0,0,0,4,4,3504,1816,0,0,0,0,0,245022,4,0
0,0,0,0,2,6,3505,1816,0,0,0,0,0,235849,4,0
0,0,0,0,3,7,3506,1816,0,0,0,0,0,226654,3,0
0,0,0,0,25,9,3507,1816,0,0,0,0,0,264137,5,0
0,0,0,0,20,11,3508,1816,0,0,0,0,0,244542,2,0
3,0,0,1,7,12,3509,1816,0,0,0,0,0,237198,4,0
1,0,0,1,11,16,3510,1816,0,0,0,0,0,225338,3,0
5,0,0,1,10,18,3511,1816,0,0,0,0,0,186197,3,0
15,1,0,1,9,25,3512,1816,0,0,0,0,2,266586,2,0
1,0,0,1,24,28,3513,1816,0,0,0,0,0,231263,3,0
1,0,0,1,29,28,3514,1816,0,0,0,0,0,237077,3,0
0,0,0,0,5,28,3515,1816,0,0,0,0,0,244674,3,0
0,0,0,0,13,28,3516,1816,0,0,0,0,0,277930,4,0
0,0,0,0,16,28,3517,1816,0,0,0,0,0,204034,3,0
4,0,0,1,99,28,3518,1816,0,0,0,0,0,182836,3,0
1,0,0,1,17,28,3519,1816,0,0,0,0,0,241635,3,0
0,0,0,0,26,28,3520,1816,0,0,0,0,0,274550,3,0
1,0,0,1,37,28,3521,1816,0,0,0,0,0,241650,3,0
0,0,0,0,15,28,3522,1816,0,0,0,0,0,259804,3,0
0,0,0,0,23,28,3523,1816,0,0,0,0,0,258625,3,0
0,0,0,0,6,28,3524,1816,0,0,0,0,0,258973,3,0
0,0,0,0,30,29,3525,1816,0,0,0,0,0,264138,3,0
0,0,0,0,38,29,3526,1816,0,0,0,0,0,278825,3,0
0,0,0,0,8,29,3527,1816,0,0,0,0,0,253225,3,0
0,0,0,0,45,29,3528,1816,0,0,0,0,0,274440,3,0
0,0,0,0,55,29,3529,1816,0,0,0,0,0,278824,3,0
0,0,0,0,27,29,3530,1816,0,0,0,0,0,70022,3,0
0,0,0,0,34,29,3531,1816,0,0,0,0,0,70025,3,0
0,0,0,0,1,0,3532,110321,0,0,0,0,0,224442,2,0
0,0,0,0,24,3,3533,110321,0,0,0,0,0,228759,3,0
0,0,0,0,4,4,3534,110321,0,0,0,0,0,198517,3,0
3,0,0,1,25,6,3535,110321,0,0,0,0,1,234814,2,0
0,0,0,0,23,7,3536,110321,0,0,0,0,0,212483,3,0
8,0,0,1,8,12,3537,110321,0,0,0,0,0,183256,3,0
2,0,0,0,21,13,3538,110321,0,0,0,0,0,244736,3,0
1,0,0,0,6,15,3539,110321,0,0,0,0,0,225146,2,0
11,0,0,1,11,16,3540,110321,0,0,0,0,1,243885,3,0
9,0,0,1,10,24,3541,110321,0,0,0,0,0,210439,3,0
14,1,0,1,7,26,3542,110321,0,0,0,0,0,237708,2,0
0,0,0,0,99,28,3543,110321,0,0,0,0,0,255450,3,0
0,0,0,0,19,28,3544,110321,0,0,0,0,0,243867,3,0
0,0,0,0,12,28,3545,110321,0,0,0,0,0,235957,2,0
1,0,0,0,22,28,3546,110321,0,0,0,0,0,266543,2,0
0,0,0,0,40,28,3547,110321,0,0,0,0,0,204773,3,0
1,0,0,0,30,28,3548,110321,0,0,0,0,0,277167,3,0
0,0,0,0,13,28,3549,110321,0,0,0,0,0,269725,3,0
0,0,0,0,5,28,3550,110321,0,0,0,0,0,264033,3,0
0,0,0,0,26,28,3551,110321,0,0,0,0,0,253041,3,0
2,0,0,0,9,28,3552,110321,0,0,0,0,0,243169,2,0
3,0,0,1,70,28,3553,110321,0,0,0,0,0,251572,3,0
0,0,0,0,85,28,3554,110321,0,0,0,0,0,188791,3,0
0,0,0,0,27,29,3555,110321,0,0,0,0,0,264825,3,0
0,0,0,0,33,29,3556,110321,0,0,0,0,0,277939,3,0
0,0,0,0,31,29,3557,110321,0,0,0,0,0,263423,3,0
0,0,0,0,20,29,3558,110321,0,0,0,0,0,273528,3,0
1,0,0,0,18,29,3559,110321,0,0,0,0,0,266848,3,0
0,0,0,0,1,0,3560,111273,0,0,0,0,0,209830,3,0
0,0,0,0,28,4,3561,111273,0,0,0,0,0,244688,3,0
0,0,0,0,2,5,3562,111273,0,0,0,0,0,261632,3,0
0,0,0,0,4,6,3563,111273,0,0,0,0,0,269277,3,0
0,0,0,0,11,23,3564,111273,0,0,0,0,0,72134,3,0
0,0,0,0,13,12,3565,111273,0,0,0,0,0,257406,3,0
0,0,0,0,25,13,3566,111273,0,0,0,0,0,219470,3,0
0,0,0,0,3,15,3567,111273,0,0,0,0,0,72137,3,0
0,0,0,0,21,16,3568,111273,0,0,0,0,0,240470,3,0
0,0,0,0,7,27,3569,111273,0,0,0,0,0,72136,3,0
0,0,0,0,29,25,3570,111273,0,0,0,0,0,72133,3,0
0,0,0,0,23,28,3571,111273,0,0,0,0,0,72139,3,0
0,0,0,0,8,28,3572,111273,0,0,0,0,0,216524,3,0
0,0,0,0,26,28,3573,111273,0,0,0,0,0,72135,3,0
0,0,0,0,17,28,3574,111273,0,0,0,0,0,251106,3,0
0,0,0,0,16,28,3575,111273,0,0,0,0,0,72132,3,0
0,0,0,0,27,28,3576,111273,0,0,0,0,0,212940,3,0
0,0,0,0,10,28,3577,111273,0,0,0,0,0,72138,3,0
0,0,0,0,30,28,3578,111273,0,0,0,0,0,253497,3,0
0,0,0,0,9,28,3579,111273,0,0,0,0,0,234616,3,0
0,0,0,0,14,28,3580,111273,0,0,0,0,0,72141,3,0
0,0,0,0,16,0,3581,111276,0,0,0,0,0,112373,3,0
2,0,0,1,19,3,3582,111276,0,0,0,0,0,223445,3,0
2,0,0,1,26,4,3583,111276,0,0,0,0,1,240258,4,0
0,0,0,0,23,6,3584,111276,0,0,0,0,0,277180,4,0
1,0,0,0,7,7,3585,111276,0,0,0,0,0,252047,3,0
4,0,0,1,10,9,3586,111276,0,0,0,0,0,240069,3,0
2,0,0,1,25,11,3587,111276,0,0,0,0,2,214947,4,0
2,0,0,1,80,12,3588,111276,0,0,0,0,0,70017,3,0
2,0,0,1,92,16,3589,111276,0,0,0,0,1,274068,2,0
3,0,0,1,20,18,3590,111276,0,0,0,0,0,267973,3,0
5,0,0,1,18,25,3591,111276,0,0,0,0,0,203699,2,0
2,0,0,1,5,28,3592,111276,0,0,0,0,0,250868,3,0
0,0,0,0,11,28,3593,111276,0,0,0,0,0,276235,3,0
0,0,0,0,3,28,3594,111276,0,0,0,0,0,250976,3,0
0,0,0,0,28,28,3595,111276,0,0,0,0,0,256730,3,0
0,0,0,0,1,28,3596,111276,0,0,0,0,0,273973,3,0
2,0,0,1,9,28,3597,111276,0,0,0,0,0,263903,3,0
0,0,0,0,15,28,3598,111276,0,0,0,0,0,276747,3,0
1,0,0,0,4,28,3599,111276,0,0,0,0,0,278034,3,0
2,0,0,1,29,28,3600,111276,0,0,0,0,0,273121,3,0
0,0,0,0,8,28,3601,111276,0,0,0,0,0,251104,3,0
2,0,0,1,27,28,3602,111276,0,0,0,0,0,276027,3,0
0,0,0,0,22,28,3603,111276,0,0,0,0,0,221277,3,0
2,0,0,1,21,29,3604,111276,0,0,0,0,0,212910,3,0
0,0,0,0,14,29,3605,111276,0,0,0,0,0,241944,3,0
0,0,0,0,30,29,3606,111276,0,0,0,0,0,263922,2,0
0,0,0,0,2,29,3607,111276,0,0,0,0,0,234513,3,0
0,0,0,0,77,29,3608,111276,0,0,0,0,0,279630,3,0
1,0,0,0,24,29,3609,111276,0,0,0,0,0,277603,3,0
1,0,0,0,13,29,3610,111276,0,0,0,0,0,276024,3,0
0,0,0,0,12,29,3611,111276,0,0,0,0,0,277980,3,0
0,0,0,0,1,0,3612,111659,0,0,0,0,0,242242,3,0
2,0,0,0,19,3,3613,111659,0,0,0,0,0,241818,3,0
5,0,0,1,14,4,3614,111659,0,0,0,0,0,243412,4,0
0,0,0,0,15,5,3615,111659,0,0,0,0,0,251167,4,0
0,0,0,0,21,6,3616,111659,0,0,0,0,0,248780,3,0
1,0,0,0,28,7,3617,111659,0,0,0,0,0,237347,2,0
2,0,0,0,24,10,3618,111659,0,0,0,0,0,246550,4,0
3,0,0,0,7,13,3619,111659,0,0,0,0,0,255738,3,0
6,0,0,1,8,15,3620,111659,0,0,0,0,1,240729,4,0
12,1,0,1,12,24,3621,111659,0,0,0,0,0,262604,3,0
13,1,0,1,17,26,3622,111659,0,0,0,0,1,261766,3,0
2,0,0,0,10,28,3623,111659,0,0,0,0,0,251855,4,0
1,0,0,0,18,28,3624,111659,0,0,0,0,0,254020,3,0
0,0,0,0,6,28,3625,111659,0,0,0,0,0,251956,3,0
1,0,0,0,3,28,3626,111659,0,0,0,0,0,277431,3,0
0,0,0,0,30,28,3627,111659,0,0,0,0,0,276872,3,0
1,0,0,0,25,28,3628,111659,0,0,0,0,0,226127,3,0
6,0,0,1,22,28,3629,111659,0,0,0,0,0,261772,3,0
0,0,0,0,2,28,3630,111659,0,0,0,0,0,244117,3,0
0,0,0,0,4,28,3631,111659,0,0,0,0,0,251385,2,0
1,0,0,0,5,28,3632,111659,0,0,0,0,0,258457,3,0
0,0,0,0,11,28,3633,111659,0,0,0,0,0,271507,4,0
1,0,0,0,26,28,3634,111659,0,0,0,0,0,276873,3,0
0,0,0,0,16,29,3635,111659,0,0,0,0,0,223150,3,0
0,0,0,0,9,29,3636,111659,0,0,0,0,0,212574,3,0
0,0,0,0,29,29,3637,111659,0,0,0,0,0,254567,3,0
0,0,0,0,16,0,3638,111817,0,0,0,0,0,255266,3,0
2,0,0,0,13,3,3639,111817,0,0,0,0,0,239363,4,0
0,0,0,0,31,4,3640,111817,0,0,0,0,0,248477,3,0
0,0,0,0,5,6,3641,111817,0,0,0,0,0,247248,3,0
1,0,0,0,27,7,3642,111817,0,0,0,0,0,263465,3,0
0,0,0,0,14,10,3643,111817,0,0,0,0,0,240057,3,0
1,0,0,0,4,13,3644,111817,0,0,0,0,0,228774,3,0
2,0,0,0,17,15,3645,111817,0,0,0,0,0,276398,3,0
6,0,0,1,10,18,3646,111817,0,0,0,0,0,257118,3,0
8,0,0,1,29,24,3647,111817,0,0,0,0,0,236621,3,0
5,0,0,1,12,26,3648,111817,0,0,0,0,2,205559,5,0
7,0,0,1,7,28,3649,111817,0,0,0,0,0,234158,3,0
1,0,0,0,20,28,3650,111817,0,0,0,0,0,211240,3,0
0,0,0,0,18,28,3651,111817,0,0,0,0,0,270355,3,0
0,0,0,0,15,28,3652,111817,0,0,0,0,0,190034,3,0
0,0,0,0,1,28,3653,111817,0,0,0,0,0,168965,3,0
2,0,0,0,38,28,3654,111817,0,0,0,0,0,258620,3,0
3,0,0,0,23,28,3655,111817,0,0,0,0,0,256698,3,0
0,0,0,0,40,28,3656,111817,0,0,0,0,0,264424,3,0
0,0,0,0,6,28,3657,111817,0,0,0,0,0,192242,3,0
2,0,0,0,2,28,3658,111817,0,0,0,0,0,272599,3,0
1,0,0,0,19,28,3659,111817,0,0,0,0,0,255767,3,0
0,0,0,0,11,28,3660,111817,0,0,0,0,0,258843,3,0
4,0,0,1,9,29,3661,111817,0,0,0,0,0,244762,3,0
0,0,0,0,33,29,3662,111817,0,0,0,0,0,277959,3,0
0,0,0,0,34,29,3663,111817,0,0,0,0,0,277957,3,0
0,0,0,0,30,29,3664,111817,0,0,0,0,0,271585,3,0
2,0,0,0,25,29,3665,111817,0,0,0,0,0,266205,3,0
0,0,0,0,26,29,3666,111817,0,0,0,0,0,256689,3,0
1,0,0,0,22,29,3667,111817,0,0,0,0,0,233767,3,0
0,0,0,0,1,0,3668,131447,0,0,0,0,0,232410,3,0
0,0,0,0,6,3,3669,131447,0,0,0,0,0,228775,2,0
0,0,0,0,2,4,3670,131447,0,0,0,0,0,276959,3,0
2,0,0,0,13,6,3671,131447,0,0,0,0,0,270888,3,0
0,0,0,0,3,7,3672,131447,0,0,0,0,0,277331,3,0
2,0,0,0,17,12,3673,131447,0,0,0,0,0,198836,3,0
1,0,0,0,5,13,3674,131447,0,0,0,0,0,188825,4,0
1,0,0,0,25,15,3675,131447,0,0,0,0,1,234799,4,0
4,0,0,1,18,16,3676,131447,0,0,0,0,0,263107,2,0
5,0,0,1,7,24,3677,131447,0,0,0,0,1,272809,2,0
8,0,0,1,27,26,3678,131447,0,0,0,0,1,272908,3,0
1,0,0,0,23,28,3679,131447,0,0,0,0,0,207994,3,0
2,0,0,0,21,28,3680,131447,0,0,0,0,0,266272,3,0
1,0,0,0,22,28,3681,131447,0,0,0,0,0,269748,3,0
1,0,0,0,14,28,3682,131447,0,0,0,0,0,247407,3,0
0,0,0,0,16,28,3683,131447,0,0,0,0,0,243711,2,0
0,0,0,0,24,28,3684,131447,0,0,0,0,0,189099,3,0
4,0,0,1,10,28,3685,131447,0,0,0,0,0,228431,3,0
0,0,0,0,30,28,3686,131447,0,0,0,0,0,262708,3,0
0,0,0,0,4,28,3687,131447,0,0,0,0,0,271691,3,0
0,0,0,0,20,28,3688,131447,0,0,0,0,0,276308,3,0
1,0,0,0,12,28,3689,131447,0,0,0,0,0,269285,3,0
9,0,0,1,19,28,3690,131447,0,0,0,0,0,273522,3,0
0,0,0,0,41,29,3691,131447,0,0,0,0,0,277499,3,0
7,0,0,1,28,29,3692,131447,0,0,0,0,1,276309,4,0
0,0,0,0,15,29,3693,131447,0,0,0,0,0,275706,3,0
0,0,0,0,8,29,3694,131447,0,0,0,0,0,269279,3,0
0,0,0,0,9,29,3695,131447,0,0,0,0,0,241952,3,0
0,0,0,0,11,29,3696,131447,0,0,0,0,0,278905,3,0
0,0,0,0,1,0,3697,21,0,0,0,0,0,167495,3,0
1,0,0,0,6,3,3698,21,0,0,0,0,0,212622,4,0
2,0,0,0,4,4,3699,21,0,0,0,0,0,235243,3,0
0,0,0,0,15,6,3700,21,0,0,0,0,0,202335,3,0
0,0,0,0,40,7,3701,21,0,0,0,0,0,236401,3,0
0,0,0,0,27,9,3702,21,0,0,0,0,0,225375,3,0
6,0,0,1,8,11,3703,21,0,0,0,0,1,209658,4,0
8,0,0,1,10,12,3704,21,0,0,0,0,0,222492,3,0
3,0,0,0,11,16,3705,21,0,0,0,0,0,213345,3,0
10,0,0,1,42,18,3706,21,0,0,0,0,0,256790,3,0
36,1,0,1,9,25,3707,21,0,0,0,1,1,202126,3,0
3,0,0,0,7,28,3708,21,0,0,0,0,0,206113,3,0
5,0,0,0,25,28,3709,21,0,0,0,0,0,189596,5,0
1,0,0,0,3,28,3710,21,0,0,0,0,0,237086,3,0
1,0,0,0,2,28,3711,21,0,0,0,0,0,229558,4,0
0,0,0,0,26,28,3712,21,0,0,0,0,0,186569,3,0
2,0,0,0,45,28,3713,21,0,0,0,0,0,275298,4,0
1,0,0,0,19,28,3714,21,0,0,0,0,0,234396,4,0
3,0,0,0,22,28,3715,21,0,0,0,0,0,209889,3,0
6,0,0,1,39,28,3716,21,0,0,0,0,0,268421,3,0
2,0,0,0,13,28,3717,21,0,0,0,0,0,183569,3,0
0,0,0,0,23,28,3718,21,0,0,0,0,0,248266,3,0
0,0,0,0,17,28,3719,21,0,0,0,0,0,271916,3,0
0,0,0,0,18,29,3720,21,0,0,0,0,0,277823,3,0
1,0,0,0,34,29,3721,21,0,0,0,0,1,269497,4,0
0,0,0,0,44,29,3722,21,0,0,0,0,0,70448,3,0
0,0,0,0,36,29,3723,21,0,0,0,0,0,279622,3,0
0,0,0,0,20,29,3724,21,0,0,0,0,0,204472,3,0
0,0,0,0,28,29,3725,21,0,0,0,0,0,276004,3,0
0,0,0,0,46,29,3726,21,0,0,0,0,0,72246,3,0
0,0,0,0,37,29,3727,21,0,0,0,0,0,278251,3,0
0,0,0,0,41,29,3728,21,0,0,0,0,0,72245,3,0
0,0,0,0,43,29,3729,21,0,0,0,0,0,277669,3,0
0,0,0,0,48,29,3730,21,0,0,0,0,0,278252,3,0
0,0,0,0,1,0,3731,22,0,0,0,0,0,235073,3,0
4,0,0,0,26,3,3732,22,0,0,0,0,0,229891,3,0
3,0,0,0,15,4,3733,22,0,0,0,0,0,178603,3,0
2,0,0,0,4,6,3734,22,0,0,0,0,0,247819,3,0
1,0,0,0,22,7,3735,22,0,0,0,0,0,248465,3,0
4,0,0,0,20,9,3736,22,0,0,0,0,0,204923,3,0
2,0,0,0,23,11,3737,22,0,0,0,0,0,208333,3,0
12,0,0,1,21,12,3738,22,0,0,0,0,1,231447,1,0
2,0,0,0,10,16,3739,22,0,0,0,0,0,233049,3,0
6,0,0,1,19,18,3740,22,0,0,0,0,0,212194,3,0
12,0,0,1,14,25,3741,22,0,0,0,0,0,205431,3,0
3,0,0,0,27,28,3742,22,0,0,0,0,0,251852,3,0
0,0,0,0,6,28,3743,22,0,0,0,0,0,235407,1,0
1,0,0,0,25,28,3744,22,0,0,0,0,0,212190,2,0
0,0,0,0,17,28,3745,22,0,0,0,0,0,224425,1,0
0,0,0,0,33,28,3746,22,0,0,0,0,0,241050,1,0
5,0,0,1,18,28,3747,22,0,0,0,0,2,240833,1,0
1,0,0,0,43,28,3748,22,0,0,0,0,0,266032,2,0
0,0,0,0,48,28,3749,22,0,0,0,0,0,264543,3,0
5,0,0,1,11,28,3750,22,0,0,0,0,1,188350,2,0
0,0,0,0,5,28,3751,22,0,0,0,0,0,224196,3,0
1,0,0,0,8,28,3752,22,0,0,0,0,1,246863,1,0
0,0,0,0,9,28,3753,22,0,0,0,0,0,205693,3,0
0,0,0,0,16,29,3754,22,0,0,0,0,0,262105,3,0
0,0,0,0,2,29,3755,22,0,0,0,0,0,248820,1,0
0,0,0,0,30,29,3756,22,0,0,0,0,0,263279,3,0
0,0,0,0,47,29,3757,22,0,0,0,0,0,240008,3,0
0,0,0,0,35,29,3758,22,0,0,0,0,0,262298,3,0
0,0,0,0,29,29,3759,22,0,0,0,0,0,274126,3,0
0,0,0,0,38,29,3760,22,0,0,0,0,0,70728,3,0
0,0,0,0,32,29,3761,22,0,0,0,0,0,263514,3,0
0,0,0,0,1,0,3762,23,0,0,0,0,0,223550,3,0
0,0,0,0,5,4,3763,23,0,0,0,0,0,222493,3,0
2,0,0,0,30,5,3764,23,0,0,0,0,0,221491,1,0
2,0,0,0,39,6,3765,23,0,0,0,0,0,231838,3,0
3,0,0,0,9,23,3766,23,0,0,0,0,0,220876,1,0
0,0,0,0,18,12,3767,23,0,0,0,0,0,223724,3,0
3,0,0,0,3,13,3768,23,0,0,0,0,0,233152,2,0
2,0,0,0,8,15,3769,23,0,0,0,0,0,222028,3,0
0,0,0,0,20,16,3770,23,0,0,0,0,0,256781,3,0
10,0,0,1,25,27,3771,23,0,0,0,0,2,239367,4,0
7,0,0,1,14,25,3772,23,0,0,0,0,0,206467,1,0
4,0,0,0,10,28,3773,23,0,0,0,0,1,234943,3,0
1,0,0,0,17,28,3774,23,0,0,0,0,0,250723,2,0
6,0,0,1,27,28,3775,23,0,0,0,0,0,257919,3,0
1,0,0,0,29,28,3776,23,0,0,0,0,0,243133,4,0
0,0,0,0,33,28,3777,23,0,0,0,0,0,235018,3,0
5,0,0,1,13,28,3778,23,0,0,0,0,0,227558,3,0
5,0,0,1,19,28,3779,23,0,0,0,0,0,250724,3,0
0,0,0,0,2,28,3780,23,0,0,0,0,0,264763,3,0
4,0,0,0,31,28,3781,23,0,0,0,0,0,246919,3,0
0,0,0,0,28,28,3782,23,0,0,0,0,0,276358,3,0
0,0,0,0,23,28,3783,23,0,0,0,0,0,204024,3,0
0,0,0,0,41,28,3784,23,0,0,0,0,0,257273,3,0
0,0,0,0,7,29,3785,23,0,0,0,0,0,198077,3,0
0,0,0,0,24,29,3786,23,0,0,0,0,0,190520,3,0
0,0,0,0,49,29,3787,23,0,0,0,0,0,70149,3,0
0,0,0,0,21,29,3788,23,0,0,0,0,0,177475,3,0
0,0,0,0,43,29,3789,23,0,0,0,0,0,272555,3,0
0,0,0,0,45,29,3790,23,0,0,0,0,0,272882,3,0
0,0,0,0,26,29,3791,23,0,0,0,0,0,271119,3,0
0,0,0,0,4,29,3792,23,0,0,0,0,0,233728,3,0
0,0,0,0,1,0,3793,25,0,0,0,0,0,262659,3,0
1,0,0,0,17,4,3794,25,0,0,0,0,0,208335,4,0
0,0,0,0,25,5,3795,25,0,0,0,0,0,260930,3,0
1,0,0,0,5,6,3796,25,0,0,0,0,0,190666,3,0
6,0,0,1,42,12,3797,25,0,0,0,0,1,232639,4,0
1,0,0,0,8,13,3798,25,0,0,0,0,0,226168,3,0
1,0,0,0,27,15,3799,25,0,0,0,0,0,199897,2,0
1,0,0,0,30,16,3800,25,0,0,0,0,0,209846,4,0
8,0,0,1,32,17,3801,25,0,0,0,0,0,212096,3,0
3,0,0,1,22,19,3802,25,0,0,0,0,0,234171,2,0
7,0,0,1,38,25,3803,25,0,0,0,0,0,199439,2,0
2,0,0,0,34,28,3804,25,0,0,0,0,0,259714,3,0
1,0,0,0,7,28,3805,25,0,0,0,0,0,262672,3,0
1,0,0,0,14,28,3806,25,0,0,0,0,0,256118,2,0
0,0,0,0,6,28,3807,25,0,0,0,0,0,253170,3,0
0,0,0,0,21,28,3808,25,0,0,0,0,0,234833,3,0
1,0,0,0,26,28,3809,25,0,0,0,0,0,216497,3,0
7,0,0,1,9,28,3810,25,0,0,0,0,0,234875,3,0
0,0,0,0,33,28,3811,25,0,0,0,0,0,262668,3,0
0,0,0,0,23,28,3812,25,0,0,0,0,0,239696,3,0
0,0,0,0,20,28,3813,25,0,0,0,0,0,257877,3,0
0,0,0,0,31,28,3814,25,0,0,0,0,0,206145,3,0
0,0,0,0,37,28,3815,25,0,0,0,0,0,263022,3,0
1,0,0,0,3,29,3816,25,0,0,0,0,0,231366,3,0
0,0,0,0,28,29,3817,25,0,0,0,0,0,207862,3,0
0,0,0,0,4,29,3818,25,0,0,0,0,0,262665,3,0
0,0,0,0,11,29,3819,25,0,0,0,0,0,244112,3,0
0,0,0,0,1,0,3820,32,0,0,0,0,0,190941,3,0
0,0,0,0,12,4,3821,32,0,0,0,0,0,247263,4,0
4,0,0,0,4,5,3822,32,0,0,0,0,0,213331,4,0
1,0,0,0,6,6,3823,32,0,0,0,0,0,246875,4,0
9,0,0,1,30,12,3824,32,0,0,0,0,1,253149,3,0
3,0,0,0,34,13,3825,32,0,0,0,0,1,199503,4,0
4,0,0,0,25,15,3826,32,0,0,0,0,1,231521,3,0
10,0,0,1,20,16,3827,32,0,0,0,0,1,210035,4,0
11,0,0,1,10,17,3828,32,0,0,0,0,0,256630,3,0
5,0,0,0,7,19,3829,32,0,0,0,0,0,210324,4,0
13,0,0,1,22,25,3830,32,0,0,0,0,2,247679,4,0
0,0,0,0,9,28,3831,32,0,0,0,0,0,224179,3,0
3,0,0,0,8,28,3832,32,0,0,0,0,0,212242,4,0
5,0,0,0,19,28,3833,32,0,0,0,0,0,237328,4,0
1,0,0,0,3,28,3834,32,0,0,0,0,0,256197,3,0
0,0,0,0,17,28,3835,32,0,0,0,0,0,242948,3,0
7,0,0,1,14,28,3836,32,0,0,0,0,2,234236,4,0
4,0,0,0,21,28,3837,32,0,0,0,0,1,255223,5,0
2,0,0,0,23,28,3838,32,0,0,0,0,0,246618,3,0
3,0,0,0,2,28,3839,32,0,0,0,0,1,250955,4,0
0,0,0,0,32,28,3840,32,0,0,0,0,0,273827,3,0
0,0,0,0,36,28,3841,32,0,0,0,0,0,210366,3,0
0,0,0,0,18,28,3842,32,0,0,0,0,0,261360,3,0
0,0,0,0,24,29,3843,32,0,0,0,0,0,232270,3,0
0,0,0,0,47,29,3844,32,0,0,0,0,0,273772,3,0
0,0,0,0,33,29,3845,32,0,0,0,0,0,272924,3,0
0,0,0,0,38,29,3846,32,0,0,0,0,0,274393,3,0
0,0,0,0,40,29,3847,32,0,0,0,0,0,70037,3,0
0,0,0,0,48,29,3848,32,0,0,0,0,0,278750,3,0
0,0,0,0,13,29,3849,32,0,0,0,0,0,275028,4,0
0,0,0,0,99,29,3850,32,0,0,0,0,0,213955,3,0
0,0,0,0,33,0,3851,36,0,0,0,0,0,223885,3,0
2,0,0,0,4,3,3852,36,0,0,0,0,0,242602,3,0
0,0,0,0,2,4,3853,36,0,0,0,0,0,229476,4,0
0,0,0,0,21,6,3854,36,0,0,0,0,0,234205,4,0
2,0,0,0,7,7,3855,36,0,0,0,0,0,227647,4,0
0,0,0,0,16,9,3856,36,0,0,0,0,0,239096,3,0
1,0,0,0,6,11,3857,36,0,0,0,0,0,250959,4,0
5,0,0,1,8,17,3858,36,0,0,0,0,0,252259,4,0
8,0,0,1,27,19,3859,36,0,0,0,0,0,241925,3,0
26,1,0,1,9,24,3860,36,0,0,0,0,1,215441,5,0
18,1,0,1,26,26,3861,36,0,0,0,0,0,244176,3,0
1,0,0,0,5,28,3862,36,0,0,0,0,0,218339,3,0
0,0,0,0,29,28,3863,36,0,0,0,0,0,252512,3,0
1,0,0,0,20,28,3864,36,0,0,0,0,1,247360,4,0
0,0,0,0,15,28,3865,36,0,0,0,0,0,229584,3,0
0,0,0,0,1,28,3866,36,0,0,0,0,0,223603,3,0
4,0,0,1,14,28,3867,36,0,0,0,0,1,245940,3,0
4,0,0,1,18,28,3868,36,0,0,0,0,0,252448,3,0
1,0,0,0,10,28,3869,36,0,0,0,0,1,239138,3,0
0,0,0,0,17,28,3870,36,0,0,0,0,0,217648,3,0
0,0,0,0,40,28,3871,36,0,0,0,0,0,278177,3,0
0,0,0,0,41,28,3872,36,0,0,0,0,0,271114,3,0
0,0,0,0,46,28,3873,36,0,0,0,0,0,279623,3,0
1,0,0,0,23,29,3874,36,0,0,0,0,0,238476,3,0
0,0,0,0,28,29,3875,36,0,0,0,0,0,238379,3,0
0,0,0,0,25,29,3876,36,0,0,0,0,0,254480,3,0
0,0,0,0,42,29,3877,36,0,0,0,0,0,264529,3,0
0,0,0,0,32,29,3878,36,0,0,0,0,0,241689,3,0
0,0,0,0,36,29,3879,36,0,0,0,0,0,270901,3,0
0,0,0,0,30,0,3880,38,0,0,0,0,0,227370,4,0
3,0,0,1,8,3,3881,38,0,0,0,0,0,206591,3,0
2,0,0,1,13,4,3882,38,0,0,0,0,0,221354,4,0
0,0,0,0,32,5,3883,38,0,0,0,0,0,237595,4,0
0,0,0,0,3,6,3884,38,0,0,0,0,0,207897,3,0
0,0,0,0,27,7,3885,38,0,0,0,0,0,243350,3,0
0,0,0,0,14,10,3886,38,0,0,0,0,0,261659,3,0
3,0,0,1,20,13,3887,38,0,0,0,0,0,239701,3,0
1,0,0,0,10,15,3888,38,0,0,0,0,0,203106,4,0
6,0,0,1,17,24,3889,38,0,0,0,0,0,266183,3,0
12,0,0,1,7,26,3890,38,0,0,0,0,0,197031,2,0
2,0,0,1,6,28,3891,38,0,0,0,0,0,232711,3,0
2,0,0,1,4,28,3892,38,0,0,0,0,0,212977,3,0
2,0,0,1,2,28,3893,38,0,0,0,0,0,247771,3,0
1,0,0,0,22,28,3894,38,0,0,0,0,0,261182,3,0
0,0,0,0,1,28,3895,38,0,0,0,0,0,236583,3,0
0,0,0,0,9,28,3896,38,0,0,0,0,0,221168,3,0
2,0,0,1,29,28,3897,38,0,0,0,0,2,254022,3,0
1,0,0,0,28,28,3898,38,0,0,0,0,0,271247,3,0
0,0,0,0,26,28,3899,38,0,0,0,0,0,71808,3,0
0,0,0,0,21,28,3900,38,0,0,0,0,0,268436,3,0
0,0,0,0,36,28,3901,38,0,0,0,0,0,193631,3,0
0,0,0,0,35,28,3902,38,0,0,0,0,0,274924,3,0
0,0,0,0,38,29,3903,38,0,0,0,0,0,258085,3,0
0,0,0,0,37,29,3904,38,0,0,0,0,0,278915,3,0
0,0,0,0,40,29,3905,38,0,0,0,0,0,210041,3,0
0,0,0,0,5,29,3906,38,0,0,0,0,0,246836,3,0
0,0,0,0,24,29,3907,38,0,0,0,0,0,279691,3,0
0,0,0,0,31,29,3908,38,0,0,0,0,0,279692,3,0
0,0,0,0,18,29,3909,38,0,0,0,0,0,220971,3,0
0,0,0,0,99,29,3910,38,0,0,0,0,0,265754,3,0
0,0,0,0,1,0,3911,160,0,0,0,0,0,199339,3,0
0,0,0,0,2,3,3912,160,0,0,0,0,0,198553,3,0
1,0,0,0,20,4,3913,160,0,0,0,0,0,224811,1,0
5,0,0,1,31,6,3914,160,0,0,0,0,1,244068,1,0
1,0,0,0,5,7,3915,160,0,0,0,0,0,232805,2,0
1,0,0,0,8,9,3916,160,0,0,0,0,0,199288,2,0
2,0,0,0,6,11,3917,160,0,0,0,0,0,250931,1,0
6,0,0,1,11,12,3918,160,0,0,0,0,0,232610,3,0
3,0,0,1,32,16,3919,160,0,0,0,0,2,224423,1,0
7,0,0,1,7,18,3920,160,0,0,0,0,0,204497,2,0
4,0,0,1,33,25,3921,160,0,0,0,0,1,206606,2,0
3,0,0,1,9,28,3922,160,0,0,0,0,0,216452,3,0
1,0,0,0,19,28,3923,160,0,0,0,0,0,235297,3,0
0,0,0,0,3,28,3924,160,0,0,0,0,0,216283,3,0
0,0,0,0,4,28,3925,160,0,0,0,0,0,238473,1,0
0,0,0,0,16,28,3926,160,0,0,0,0,0,192665,3,0
0,0,0,0,10,28,3927,160,0,0,0,0,0,237540,3,0
2,0,0,0,15,28,3928,160,0,0,0,0,0,228080,1,0
0,0,0,0,41,28,3929,160,0,0,0,0,0,228243,3,0
2,0,0,0,29,28,3930,160,0,0,0,0,0,243960,3,0
0,0,0,0,14,28,3931,160,0,0,0,0,0,270033,1,0
1,0,0,0,13,28,3932,160,0,0,0,0,0,238980,1,0
1,0,0,0,22,28,3933,160,0,0,0,0,0,239073,3,0
0,0,0,0,27,29,3934,160,0,0,0,0,0,243970,3,0
0,0,0,0,38,29,3935,160,0,0,0,0,0,71383,3,0
0,0,0,0,17,29,3936,160,0,0,0,0,0,70579,3,0
0,0,0,0,30,29,3937,160,0,0,0,0,0,247237,3,0
0,0,0,0,21,29,3938,160,0,0,0,0,0,200212,3,0
0,0,0,0,25,29,3939,160,0,0,0,0,0,270745,3,0
0,0,0,0,23,29,3940,160,0,0,0,0,0,251285,3,0
0,0,0,0,27,0,3941,169,0,0,0,0,0,224251,4,0
1,0,0,0,31,4,3942,169,0,0,0,0,0,212212,4,0
2,0,0,1,3,5,3943,169,0,0,0,0,0,242453,5,0
1,0,0,0,25,6,3944,169,0,0,0,0,0,228518,5,0
2,0,0,1,19,12,3945,169,0,0,0,0,0,236636,4,0
4,0,0,1,8,13,3946,169,0,0,0,0,1,245253,5,0
1,0,0,0,18,15,3947,169,0,0,0,0,0,225309,5,0
1,0,0,0,2,16,3948,169,0,0,0,0,0,216275,3,0
6,0,0,1,7,17,3949,169,0,0,0,0,2,221671,5,0
3,0,0,1,43,19,3950,169,0,0,0,0,0,272612,5,0
7,0,0,1,29,25,3951,169,0,0,0,0,1,244257,4,0
2,0,0,1,17,28,3952,169,0,0,0,0,0,219733,3,0
1,0,0,0,9,28,3953,169,0,0,0,0,0,229071,3,0
1,0,0,0,14,28,3954,169,0,0,0,0,0,251392,3,0
0,0,0,0,23,28,3955,169,0,0,0,0,0,198118,3,0
0,0,0,0,33,28,3956,169,0,0,0,0,0,199803,3,0
1,0,0,0,10,28,3957,169,0,0,0,0,0,238068,3,0
1,0,0,0,30,28,3958,169,0,0,0,0,0,216158,5,0
0,0,0,0,20,28,3959,169,0,0,0,0,0,215556,3,0
0,0,0,0,44,28,3960,169,0,0,0,0,0,268259,3,0
0,0,0,0,21,28,3961,169,0,0,0,0,0,202429,3,0
0,0,0,0,24,28,3962,169,0,0,0,0,0,253475,3,0
0,0,0,0,11,28,3963,169,0,0,0,0,0,256658,3,0
0,0,0,0,16,29,3964,169,0,0,0,0,0,198352,3,0
0,0,0,0,5,29,3965,169,0,0,0,0,0,234843,3,0
0,0,0,0,41,29,3966,169,0,0,0,0,0,268132,3,0
0,0,0,0,48,29,3967,169,0,0,0,0,0,279220,3,0
0,0,0,0,47,29,3968,169,0,0,0,0,0,279219,3,0
0,0,0,0,34,29,3969,169,0,0,0,0,0,276863,3,0
0,0,0,0,1,29,3970,169,0,0,0,0,0,263116,3,0
0,0,0,0,45,29,3971,169,0,0,0,0,0,277958,3,0
0,0,0,0,39,29,3972,169,0,0,0,0,0,71285,3,0
0,0,0,0,1,0,3973,175,0,0,0,0,0,192984,3,0
2,0,0,0,21,3,3974,175,0,0,0,0,0,234678,2,0
4,0,0,1,4,4,3975,175,0,0,0,0,0,244067,1,0
0,0,0,0,25,6,3976,175,0,0,0,0,0,241494,2,0
1,0,0,0,13,7,3977,175,0,0,0,0,0,241629,3,0
1,0,0,0,32,9,3978,175,0,0,0,0,0,228946,3,0
2,0,0,0,27,11,3979,175,0,0,0,0,0,206511,3,0
4,0,0,1,7,12,3980,175,0,0,0,0,1,216860,3,0
2,0,0,0,40,16,3981,175,0,0,0,0,0,255272,2,0
5,0,0,1,19,18,3982,175,0,0,0,0,0,244261,1,0
11,0,0,1,23,25,3983,175,0,0,0,0,1,241522,1,0
5,0,0,1,17,28,3984,175,0,0,0,0,0,244706,3,0
1,0,0,0,11,28,3985,175,0,0,0,0,0,257073,3,0
0,0,0,0,16,28,3986,175,0,0,0,0,0,252495,2,0
0,0,0,0,5,28,3987,175,0,0,0,0,0,236369,3,0
0,0,0,0,12,28,3988,175,0,0,0,0,0,199909,3,0
0,0,0,0,18,28,3989,175,0,0,0,0,0,270532,3,0
2,0,0,0,31,28,3990,175,0,0,0,0,0,212245,3,0
1,0,0,0,20,28,3991,175,0,0,0,0,0,240709,2,0
0,0,0,0,9,28,3992,175,0,0,0,0,0,256453,3,0
0,0,0,0,2,28,3993,175,0,0,0,0,0,256281,3,0
0,0,0,0,6,28,3994,175,0,0,0,0,0,252027,3,0
0,0,0,0,3,28,3995,175,0,0,0,0,0,242663,2,0
0,0,0,0,41,29,3996,175,0,0,0,0,0,279490,3,0
0,0,0,0,30,29,3997,175,0,0,0,0,0,233211,3,0
0,0,0,0,99,29,3998,175,0,0,0,0,0,255570,3,0
2,0,0,0,39,29,3999,175,0,0,0,0,1,254566,1,0
1,0,0,0,10,29,4000,175,0,0,0,0,0,230084,3,0
0,0,0,0,1,0,4001,576,0,0,0,0,0,244001,4,0
0,0,0,0,17,4,4002,576,0,0,0,0,1,254245,3,0
0,0,0,0,4,5,4003,576,0,0,0,0,0,231110,3,0
0,0,0,0,6,6,4004,576,0,0,0,0,0,276167,3,0
0,0,0,0,11,23,4005,576,0,0,0,0,0,255459,3,0
0,0,0,0,8,12,4006,576,0,0,0,0,0,229472,3,0
0,0,0,0,16,13,4007,576,0,0,0,0,0,243354,3,0
0,0,0,0,10,15,4008,576,0,0,0,0,0,188154,2,0
0,0,0,0,18,16,4009,576,0,0,0,0,0,268116,5,0
0,0,0,0,13,27,4010,576,0,0,0,0,0,245622,2,0
0,0,0,0,7,25,4011,576,0,0,0,0,0,200473,3,0
0,0,0,0,15,28,4012,576,0,0,0,0,0,223756,3,0
0,0,0,0,34,28,4013,576,0,0,0,0,0,276130,3,0
0,0,0,0,32,28,4014,576,0,0,0,0,0,256954,3,0
0,0,0,0,23,28,4015,576,0,0,0,0,0,275754,3,0
0,0,0,0,31,28,4016,576,0,0,0,0,0,228935,3,0
0,0,0,0,29,28,4017,576,0,0,0,0,0,276165,3,0
0,0,0,0,27,28,4018,576,0,0,0,0,0,229702,3,0
0,0,0,0,9,28,4019,576,0,0,0,0,1,251342,4,0
0,0,0,0,3,28,4020,576,0,0,0,0,0,224093,3,0
0,0,0,0,2,28,4021,576,0,0,0,0,0,194431,3,0
0,0,0,0,22,28,4022,576,0,0,0,0,0,276119,3,0
0,0,0,0,19,28,4023,576,0,0,0,0,0,220922,3,0
0,0,0,0,39,29,4024,576,0,0,0,0,0,279242,3,0
0,0,0,0,26,29,4025,576,0,0,0,0,0,259643,3,0
0,0,0,0,21,29,4026,576,0,0,0,0,0,210006,3,0
0,0,0,0,41,29,4027,576,0,0,0,0,0,279022,3,0
0,0,0,0,28,29,4028,576,0,0,0,0,0,276118,3,0
0,0,0,0,5,29,4029,576,0,0,0,0,0,219694,3,0
0,0,0,0,20,29,4030,576,0,0,0,0,0,239981,3,0
0,0,0,0,38,29,4031,576,0,0,0,0,0,265589,3,0
0,0,0,0,40,29,4032,576,0,0,0,0,0,70522,3,0
0,0,0,0,1,0,4033,1824,0,0,0,0,0,188943,3,0
1,0,0,0,24,3,4034,1824,0,0,0,0,0,234573,3,0
2,0,0,0,4,4,4035,1824,0,0,0,0,0,236532,3,0
0,0,0,0,3,6,4036,1824,0,0,0,0,0,256196,3,0
3,0,0,1,29,7,4037,1824,0,0,0,0,0,255150,3,0
5,0,0,1,26,12,4038,1824,0,0,0,0,1,248573,3,0
3,0,0,1,27,13,4039,1824,0,0,0,0,0,192318,4,0
2,0,0,0,15,15,4040,1824,0,0,0,0,0,225126,3,0
2,0,0,0,8,16,4041,1824,0,0,0,0,0,270670,3,0
3,0,0,1,11,24,4042,1824,0,0,0,0,1,257289,4,0
11,0,0,1,7,26,4043,1824,0,0,0,0,0,256675,3,0
7,0,0,1,36,28,4044,1824,0,0,0,0,0,257540,4,0
2,0,0,0,16,28,4045,1824,0,0,0,0,0,268896,3,0
1,0,0,0,35,28,4046,1824,0,0,0,0,0,247182,3,0
1,0,0,0,31,28,4047,1824,0,0,0,0,0,212187,3,0
0,0,0,0,33,28,4048,1824,0,0,0,0,0,183513,3,0
0,0,0,0,25,28,4049,1824,0,0,0,0,0,221363,3,0
0,0,0,0,19,28,4050,1824,0,0,0,0,0,269728,3,0
0,0,0,0,20,28,4051,1824,0,0,0,0,0,181098,3,0
1,0,0,0,5,28,4052,1824,0,0,0,0,0,269402,3,0
0,0,0,0,22,28,4053,1824,0,0,0,0,0,202316,3,0
0,0,0,0,47,28,4054,1824,0,0,0,0,0,278228,3,0
1,0,0,0,48,28,4055,1824,0,0,0,0,0,271979,3,0
0,0,0,0,32,29,4056,1824,0,0,0,0,0,71962,3,0
0,0,0,0,34,29,4057,1824,0,0,0,0,0,256500,3,0
0,0,0,0,17,29,4058,1824,0,0,0,0,0,200215,3,0
0,0,0,0,9,29,4059,1824,0,0,0,0,0,239901,3,0
0,0,0,0,43,29,4060,1824,0,0,0,0,0,276660,3,0
0,0,0,0,40,29,4061,1824,0,0,0,0,0,277929,3,0
0,0,0,0,37,29,4062,1824,0,0,0,0,0,262242,3,0
0,0,0,0,41,29,4063,1824,0,0,0,0,0,272787,3,0
0,0,0,0,45,29,4064,1824,0,0,0,0,0,269993,3,0
0,0,0,0,46,29,4065,1824,0,0,0,0,0,275211,3,0
0,0,0,0,44,29,4066,1824,0,0,0,0,0,268615,3,0
0,0,0,0,49,29,4067,1824,0,0,0,0,0,276549,3,0
0,0,0,0,1,0,4068,1831,0,0,0,0,0,201269,2,0
0,0,0,0,28,3,4069,1831,0,0,0,0,0,193254,3,0
2,0,0,1,5,4,4070,1831,0,0,0,0,0,232658,1,0
0,0,0,0,2,5,4071,1831,0,0,0,0,0,192641,3,0
0,0,0,0,4,6,4072,1831,0,0,0,0,0,234575,2,0
6,0,0,1,6,7,4073,1831,0,0,0,0,0,223697,1,0
0,0,0,0,8,10,4074,1831,0,0,0,0,0,211999,2,0
0,0,0,0,29,13,4075,1831,0,0,0,0,0,227234,2,0
2,0,0,1,7,15,4076,1831,0,0,0,0,0,247361,2,0
3,0,0,1,10,24,4077,1831,0,0,0,0,1,200610,4,0
3,0,0,1,14,26,4078,1831,0,0,0,0,1,260020,3,0
0,0,0,0,33,28,4079,1831,0,0,0,0,0,247028,3,0
0,0,0,0,19,28,4080,1831,0,0,0,0,0,211879,1,0
0,0,0,0,18,28,4081,1831,0,0,0,0,0,257771,3,0
1,0,0,0,31,28,4082,1831,0,0,0,0,1,203030,3,0
0,0,0,0,37,28,4083,1831,0,0,0,0,0,202789,3,0
0,0,0,0,20,28,4084,1831,0,0,0,0,0,233642,3,0
1,0,0,0,13,28,4085,1831,0,0,0,0,0,247026,2,0
0,0,0,0,26,28,4086,1831,0,0,0,0,0,202562,3,0
1,0,0,0,11,28,4087,1831,0,0,0,0,1,225533,1,0
4,0,0,1,16,28,4088,1831,0,0,0,0,1,258715,1,0
1,0,0,0,9,28,4089,1831,0,0,0,0,0,245264,3,0
0,0,0,0,3,28,4090,1831,0,0,0,0,0,242958,3,0
0,0,0,0,41,29,4091,1831,0,0,0,0,0,279203,3,0
0,0,0,0,12,29,4092,1831,0,0,0,0,0,209957,3,0
0,0,0,0,42,29,4093,1831,0,0,0,0,0,70985,3,0
0,0,0,0,43,29,4094,1831,0,0,0,0,0,70981,3,0
0,0,0,0,1,0,4095,10029,0,0,0,0,0,193698,3,0
4,0,0,1,5,4,4096,10029,0,0,0,0,1,239890,4,0
1,0,0,0,11,5,4097,10029,0,0,0,0,0,228336,5,0
2,0,0,0,23,6,4098,10029,0,0,0,0,0,204082,3,0
2,0,0,0,16,10,4099,10029,0,0,0,0,0,257191,3,0
3,0,0,0,3,12,4100,10029,0,0,0,0,1,203605,5,0
4,0,0,1,6,13,4101,10029,0,0,0,0,0,228595,4,0
12,0,0,1,27,15,4102,10029,0,0,0,0,1,216354,4,0
3,0,0,0,29,16,4103,10029,0,0,0,0,0,215449,3,0
15,1,0,1,14,24,4104,10029,0,0,0,0,2,254117,5,0
7,0,0,1,10,26,4105,10029,0,0,0,0,0,223689,3,0
7,0,0,1,9,28,4106,10029,0,0,0,0,2,216258,5,0
1,0,0,0,21,28,4107,10029,0,0,0,0,0,244390,3,0
0,0,0,0,25,28,4108,10029,0,0,0,0,0,211856,4,0
0,0,0,0,34,28,4109,10029,0,0,0,0,0,241941,3,0
0,0,0,0,37,28,4110,10029,0,0,0,0,0,257638,3,0
0,0,0,0,20,28,4111,10029,0,0,0,0,0,245097,3,0
0,0,0,0,40,28,4112,10029,0,0,0,0,0,269084,3,0
0,0,0,0,8,28,4113,10029,0,0,0,0,0,235526,3,0
0,0,0,0,19,28,4114,10029,0,0,0,0,0,267594,3,0
0,0,0,0,31,28,4115,10029,0,0,0,0,0,267782,3,0
0,0,0,0,39,28,4116,10029,0,0,0,0,0,263765,3,0
0,0,0,0,15,28,4117,10029,0,0,0,0,0,225673,3,0
0,0,0,0,33,29,4118,10029,0,0,0,0,0,279542,3,0
0,0,0,0,35,29,4119,10029,0,0,0,0,0,71261,3,0
0,0,0,0,36,29,4120,10029,0,0,0,0,0,262322,3,0
0,0,0,0,7,29,4121,10029,0,0,0,0,0,237321,3,0
0,0,0,0,24,29,4122,10029,0,0,0,0,0,259569,3,0
0,0,0,0,1,0,4123,100409,0,0,0,0,0,242818,3,0
0,0,0,0,43,3,4124,100409,0,0,0,0,0,210625,2,0
1,0,0,0,6,4,4125,100409,0,0,0,0,0,202201,2,0
2,0,0,1,19,6,4126,100409,0,0,0,0,0,232144,3,0
1,0,0,0,22,7,4127,100409,0,0,0,0,0,251182,3,0
2,0,0,1,17,10,4128,100409,0,0,0,0,0,257889,2,0
2,0,0,1,24,13,4129,100409,0,0,0,0,0,234889,3,0
2,0,0,1,8,15,4130,100409,0,0,0,0,0,240193,3,0
4,0,0,1,16,18,4131,100409,0,0,0,0,1,238581,2,0
15,1,0,1,9,24,4132,100409,0,0,0,0,0,238900,2,0
8,0,0,1,21,26,4133,100409,0,0,0,0,0,233216,1,0
2,0,0,1,7,28,4134,100409,0,0,0,0,0,271384,3,0
2,0,0,1,10,28,4135,100409,0,0,0,0,0,237629,2,0
3,0,0,1,27,28,4136,100409,0,0,0,0,0,272874,3,0
1,0,0,0,23,28,4137,100409,0,0,0,0,0,245347,3,0
0,0,0,0,40,28,4138,100409,0,0,0,0,0,200332,4,0
0,0,0,0,18,28,4139,100409,0,0,0,0,0,259559,2,0
1,0,0,0,3,28,4140,100409,0,0,0,0,0,229640,3,0
2,0,0,1,20,28,4141,100409,0,0,0,0,0,212879,3,0
0,0,0,0,36,28,4142,100409,0,0,0,0,0,274226,3,0
0,0,0,0,2,28,4143,100409,0,0,0,0,0,233409,3,0
0,0,0,0,30,28,4144,100409,0,0,0,0,0,231227,3,0
0,0,0,0,4,28,4145,100409,0,0,0,0,0,225908,3,0
0,0,0,0,5,29,4146,100409,0,0,0,0,0,241590,3,0
0,0,0,0,32,29,4147,100409,0,0,0,0,0,216282,3,0
0,0,0,0,33,29,4148,100409,0,0,0,0,0,276518,3,0
0,0,0,0,22,0,4149,110329,0,0,0,0,0,262956,3,0
0,0,0,0,2,3,4150,110329,0,0,0,0,0,222542,3,0
0,0,0,0,25,4,4151,110329,0,0,0,0,0,211362,2,0
0,0,0,0,8,5,4152,110329,0,0,0,0,0,222369,3,0
0,0,0,0,3,6,4153,110329,0,0,0,0,0,226506,4,0
0,0,0,0,21,7,4154,110329,0,0,0,0,0,237884,4,0
0,0,0,0,17,23,4155,110329,0,0,0,0,2,242946,5,0
0,0,0,0,7,13,4156,110329,0,0,0,0,0,211378,4,0
0,0,0,0,10,15,4157,110329,0,0,0,0,1,233125,4,0
0,0,0,0,26,27,4158,110329,0,0,0,0,0,274000,4,0
0,0,0,0,11,25,4159,110329,0,0,0,0,0,234399,3,0
0,0,0,0,19,28,4160,110329,0,0,0,0,0,234476,3,0
0,0,0,0,24,28,4161,110329,0,0,0,0,0,240648,3,0
0,0,0,0,5,28,4162,110329,0,0,0,0,0,230855,3,0
0,0,0,0,23,28,4163,110329,0,0,0,0,0,262666,3,0
0,0,0,0,30,28,4164,110329,0,0,0,0,0,189061,3,0
0,0,0,0,6,28,4165,110329,0,0,0,0,0,202276,3,0
0,0,0,0,14,28,4166,110329,0,0,0,0,0,240829,3,0
0,0,0,0,41,28,4167,110329,0,0,0,0,0,269869,3,0
0,0,0,0,29,28,4168,110329,0,0,0,0,0,277222,3,0
0,0,0,0,28,28,4169,110329,0,0,0,0,0,259900,3,0
0,0,0,0,9,28,4170,110329,0,0,0,0,0,209323,3,0
0,0,0,0,16,28,4171,110329,0,0,0,0,0,258784,3,0
0,0,0,0,15,29,4172,110329,0,0,0,0,0,258626,3,0
0,0,0,0,4,29,4173,110329,0,0,0,0,0,252317,3,0
0,0,0,0,35,29,4174,110329,0,0,0,0,0,71634,3,0
0,0,0,0,31,29,4175,110329,0,0,0,0,0,276986,3,0
0,0,0,0,18,29,4176,110329,0,0,0,0,0,255312,3,0
0,0,0,0,32,29,4177,110329,0,0,0,0,0,278178,3,0
0,0,0,0,36,29,4178,110329,0,0,0,0,0,271659,3,0
0,0,0,0,20,29,4179,110329,0,0,0,0,0,259993,3,0
0,0,0,0,1,0,4180,111235,0,0,0,0,0,202873,4,0
0,0,0,0,23,3,4181,111235,0,0,0,0,0,257136,3,0
2,0,0,0,6,4,4182,111235,0,0,0,0,0,216199,3,0
1,0,0,0,5,6,4183,111235,0,0,0,0,0,228883,3,0
0,0,0,0,19,7,4184,111235,0,0,0,0,0,229277,2,0
1,0,0,0,33,10,4185,111235,0,0,0,0,0,240669,3,0
8,0,0,1,8,12,4186,111235,0,0,0,0,0,258316,1,0
2,0,0,0,3,13,4187,111235,0,0,0,0,0,256292,2,0
3,0,0,1,20,15,4188,111235,0,0,0,0,0,235419,1,0
7,0,0,1,37,16,4189,111235,0,0,0,0,0,240451,2,0
12,0,0,1,10,25,4190,111235,0,0,0,0,1,214096,3,0
1,0,0,0,21,28,4191,111235,0,0,0,0,0,253133,3,0
0,0,0,0,17,28,4192,111235,0,0,0,0,0,237635,3,0
0,0,0,0,2,28,4193,111235,0,0,0,0,0,224980,3,0
0,0,0,0,4,28,4194,111235,0,0,0,0,0,258812,3,0
0,0,0,0,22,28,4195,111235,0,0,0,0,0,200466,3,0
3,0,0,1,18,28,4196,111235,0,0,0,0,0,260290,2,0
2,0,0,0,16,28,4197,111235,0,0,0,0,1,242974,4,0
0,0,0,0,30,28,4198,111235,0,0,0,0,0,183573,3,0
0,0,0,0,11,28,4199,111235,0,0,0,0,0,200954,3,0
0,0,0,0,9,28,4200,111235,0,0,0,0,0,239078,3,0
0,0,0,0,24,28,4201,111235,0,0,0,0,0,245543,3,0
0,0,0,0,40,28,4202,111235,0,0,0,0,0,266641,3,0
0,0,0,0,34,29,4203,111235,0,0,0,0,0,262922,3,0
0,0,0,0,36,29,4204,111235,0,0,0,0,0,275907,3,0
0,0,0,0,29,29,4205,111235,0,0,0,0,0,275299,3,0
0,0,0,0,27,29,4206,111235,0,0,0,0,0,251289,3,0
0,0,0,0,44,29,4207,111235,0,0,0,0,0,269975,3,0
0,0,0,0,1,0,4208,112172,0,0,0,0,0,185122,4,0
1,0,0,0,39,3,4209,112172,0,0,0,0,0,228579,3,0
0,0,0,0,4,4,4210,112172,0,0,0,0,0,204638,3,0
1,0,0,0,23,6,4211,112172,0,0,0,0,0,262138,3,0
2,0,0,0,22,7,4212,112172,0,0,0,0,0,236703,3,0
2,0,0,0,8,9,4213,112172,0,0,0,0,0,238463,3,0
0,0,0,0,13,11,4214,112172,0,0,0,0,0,257876,2,0
7,0,0,1,20,17,4215,112172,0,0,0,0,0,245367,3,0
4,0,0,0,7,19,4216,112172,0,0,0,0,0,244260,3,0
24,1,0,1,17,24,4217,112172,0,0,0,0,0,243580,2,0
13,0,0,1,30,26,4218,112172,0,0,0,0,2,260592,4,0
5,0,0,1,9,28,4219,112172,0,0,0,0,0,207791,1,0
1,0,0,0,44,28,4220,112172,0,0,0,0,0,195365,3,0
2,0,0,0,2,28,4221,112172,0,0,0,0,0,243854,5,0
1,0,0,0,16,28,4222,112172,0,0,0,0,0,222331,3,0
0,0,0,0,21,28,4223,112172,0,0,0,0,0,204092,3,0
0,0,0,0,6,28,4224,112172,0,0,0,0,0,241390,3,0
5,0,0,1,14,28,4225,112172,0,0,0,0,0,242187,2,0
0,0,0,0,3,28,4226,112172,0,0,0,0,0,212244,3,0
0,0,0,0,38,28,4227,112172,0,0,0,0,0,70465,3,0
0,0,0,0,5,28,4228,112172,0,0,0,0,0,263193,3,0
0,0,0,0,25,28,4229,112172,0,0,0,0,0,222546,3,0
0,0,0,0,46,28,4230,112172,0,0,0,0,0,70038,3,0
0,0,0,0,24,29,4231,112172,0,0,0,0,0,233195,3,0
0,0,0,0,31,29,4232,112172,0,0,0,0,0,278751,3,0
0,0,0,0,36,29,4233,112172,0,0,0,0,0,270965,3,0
0,0,0,0,19,0,4234,28,0,0,0,0,0,257480,3,0
3,0,0,1,14,3,4235,28,0,0,0,0,0,240683,3,0
1,0,0,0,5,4,4236,28,0,0,0,0,0,236541,1,0
1,0,0,0,4,6,4237,28,0,0,0,0,0,214948,1,0
5,0,0,1,28,7,4238,28,0,0,0,0,0,232839,1,0
2,0,0,0,23,10,4239,28,0,0,0,0,0,212321,3,0
5,0,0,1,18,23,4240,28,0,0,0,0,0,234640,3,0
3,0,0,1,10,13,4241,28,0,0,0,0,0,243904,3,0
13,0,0,1,8,15,4242,28,0,0,0,0,0,234728,1,0
3,0,0,1,27,27,4243,28,0,0,0,0,0,224970,2,0
19,1,0,1,9,25,4244,28,0,0,0,0,1,236533,1,0
0,0,0,0,21,28,4245,28,0,0,0,0,0,213134,3,0
0,0,0,0,20,28,4246,28,0,0,0,0,0,258377,3,0
1,0,0,0,3,28,4247,28,0,0,0,0,0,238593,1,0
1,0,0,0,13,28,4248,28,0,0,0,0,0,262869,3,0
0,0,0,0,1,28,4249,28,0,0,0,0,0,212197,3,0
2,0,0,0,11,28,4250,28,0,0,0,0,0,255036,1,0
1,0,0,0,6,28,4251,28,0,0,0,0,0,246301,1,0
0,0,0,0,33,28,4252,28,0,0,0,0,0,246666,3,0
0,0,0,0,47,28,4253,28,0,0,0,0,0,274038,3,0
0,0,0,0,2,28,4254,28,0,0,0,0,0,262045,3,0
0,0,0,0,46,28,4255,28,0,0,0,0,0,265643,3,0
0,0,0,0,22,28,4256,28,0,0,0,0,0,251464,2,0
0,0,0,0,36,29,4257,28,0,0,0,0,0,263310,1,0
0,0,0,0,12,29,4258,28,0,0,0,0,0,189387,3,0
0,0,0,0,45,29,4259,28,0,0,0,0,0,272387,3,0
0,0,0,0,35,29,4260,28,0,0,0,0,0,242527,3,0
0,0,0,0,43,29,4261,28,0,0,0,0,0,279212,3,0
0,0,0,0,48,29,4262,28,0,0,0,0,0,279101,3,0
0,0,0,0,17,29,4263,28,0,0,0,0,0,239712,1,0
0,0,0,0,41,29,4264,28,0,0,0,0,0,271214,3,0
0,0,0,0,49,29,4265,28,0,0,0,0,0,279213,3,0
0,0,0,0,18,0,4266,29,0,0,0,0,0,244417,3,0
1,0,0,0,8,3,4267,29,0,0,0,0,0,216381,2,0
2,0,0,0,33,4,4268,29,0,0,0,0,1,256705,1,0
4,0,0,1,2,6,4269,29,0,0,0,0,0,262119,2,0
1,0,0,0,15,7,4270,29,0,0,0,0,0,238662,3,0
1,0,0,0,16,9,4271,29,0,0,0,0,0,262754,3,0
2,0,0,0,26,11,4272,29,0,0,0,0,0,69983,3,0
2,0,0,0,17,12,4273,29,0,0,0,0,0,244234,1,0
2,0,0,0,11,16,4274,29,0,0,0,0,1,229171,1,0
7,0,0,1,7,18,4275,29,0,0,0,0,1,223755,3,0
16,1,0,1,9,25,4276,29,0,0,0,0,0,235360,1,0
1,0,0,0,24,28,4277,29,0,0,0,0,0,235056,3,0
1,0,0,0,25,28,4278,29,0,0,0,0,0,255562,3,0
1,0,0,0,20,28,4279,29,0,0,0,0,0,247721,3,0
0,0,0,0,27,28,4280,29,0,0,0,0,0,230047,3,0
0,0,0,0,30,28,4281,29,0,0,0,0,0,243735,3,0
3,0,0,1,29,28,4282,29,0,0,0,0,0,252710,3,0
1,0,0,0,6,28,4283,29,0,0,0,0,0,227873,3,0
3,0,0,1,40,28,4284,29,0,0,0,0,0,257190,3,0
0,0,0,0,14,28,4285,29,0,0,0,0,0,271681,1,0
3,0,0,1,19,28,4286,29,0,0,0,0,2,248434,3,0
2,0,0,0,5,28,4287,29,0,0,0,0,0,201925,3,0
0,0,0,0,23,28,4288,29,0,0,0,0,0,229267,3,0
0,0,0,0,32,29,4289,29,0,0,0,0,0,208679,3,0
0,0,0,0,4,29,4290,29,0,0,0,0,0,242744,3,0
0,0,0,0,10,29,4291,29,0,0,0,0,0,205086,2,0
0,0,0,0,31,29,4292,29,0,0,0,0,0,211848,3,0
0,0,0,0,39,29,4293,29,0,0,0,0,0,270603,3,0
0,0,0,0,21,29,4294,29,0,0,0,0,0,210304,3,0
0,0,0,0,1,0,4295,31,0,0,0,0,0,224041,3,0
0,0,0,0,2,3,4296,31,0,0,0,0,0,222692,2,0
0,0,0,0,4,4,4297,31,0,0,0,0,0,234727,3,0
0,0,0,0,24,6,4298,31,0,0,0,0,0,239340,4,0
0,0,0,0,35,7,4299,31,0,0,0,0,0,277887,3,0
0,0,0,0,6,9,4300,31,0,0,0,0,0,256942,2,0
0,0,0,0,7,11,4301,31,0,0,0,0,0,240916,3,0
0,0,0,0,40,12,4302,31,0,0,0,0,0,264409,1,0
0,0,0,0,11,16,4303,31,0,0,0,0,1,195038,1,0
0,0,0,0,9,18,4304,31,0,0,0,0,0,220085,3,0
0,0,0,0,23,25,4305,31,0,0,0,0,0,218534,1,0
0,0,0,0,13,28,4306,31,0,0,0,0,0,200318,5,0
0,0,0,0,29,28,4307,31,0,0,0,0,0,254660,3,0
0,0,0,0,22,28,4308,31,0,0,0,0,0,244692,3,0
0,0,0,0,3,28,4309,31,0,0,0,0,0,206198,3,0
0,0,0,0,20,28,4310,31,0,0,0,0,0,156437,3,0
0,0,0,0,21,28,4311,31,0,0,0,0,1,238656,4,0
0,0,0,0,8,28,4312,31,0,0,0,0,0,269922,2,0
0,0,0,0,42,28,4313,31,0,0,0,0,1,274944,4,0
0,0,0,0,37,28,4314,31,0,0,0,0,0,242997,4,0
0,0,0,0,17,28,4315,31,0,0,0,0,0,223633,3,0
0,0,0,0,18,28,4316,31,0,0,0,0,0,250854,3,0
0,0,0,0,44,28,4317,31,0,0,0,0,0,239510,3,0
0,0,0,0,12,29,4318,31,0,0,0,0,0,267460,3,0
0,0,0,0,38,29,4319,31,0,0,0,0,0,273931,3,0
0,0,0,0,27,29,4320,31,0,0,0,0,0,212626,3,0
0,0,0,0,45,29,4321,31,0,0,0,0,0,273667,3,0
0,0,0,0,33,29,4322,31,0,0,0,0,0,238957,3,0
0,0,0,0,15,29,4323,31,0,0,0,0,0,248878,3,0
0,0,0,0,32,0,4324,34,0,0,0,0,0,208375,3,0
0,0,0,0,27,3,4325,34,0,0,0,0,0,215604,3,0
1,0,0,0,26,4,4326,34,0,0,0,0,0,201122,3,0
0,0,0,0,6,6,4327,34,0,0,0,0,0,239099,3,0
1,0,0,0,5,7,4328,34,0,0,0,0,0,269248,3,0
3,0,0,0,7,10,4329,34,0,0,0,0,1,221885,4,0
4,0,0,1,17,12,4330,34,0,0,0,0,0,277373,3,0
2,0,0,0,2,16,4331,34,0,0,0,0,0,229155,4,0
13,0,0,1,19,18,4332,34,0,0,0,0,2,212240,4,0
5,0,0,1,42,24,4333,34,0,0,0,0,2,265749,3,0
5,0,0,1,9,26,4334,34,0,0,0,0,0,183714,3,0
1,0,0,0,18,28,4335,34,0,0,0,0,0,262183,3,0
3,0,0,0,43,28,4336,34,0,0,0,0,1,276602,3,0
2,0,0,0,35,28,4337,34,0,0,0,0,0,199761,3,0
0,0,0,0,41,28,4338,34,0,0,0,0,0,262212,3,0
0,0,0,0,1,28,4339,34,0,0,0,0,0,179783,3,0
4,0,0,1,11,28,4340,34,0,0,0,0,0,237509,3,0
1,0,0,0,23,28,4341,34,0,0,0,0,0,251545,3,0
0,0,0,0,51,28,4342,34,0,0,0,0,0,279483,3,0
1,0,0,0,24,28,4343,34,0,0,0,0,0,198617,3,0
1,0,0,0,10,28,4344,34,0,0,0,0,0,241085,3,0
1,0,0,0,8,28,4345,34,0,0,0,0,0,189410,3,0
1,0,0,0,29,28,4346,34,0,0,0,0,0,243887,3,0
0,0,0,0,34,29,4347,34,0,0,0,0,0,107084,3,0
0,0,0,0,3,29,4348,34,0,0,0,0,0,250813,3,0
0,0,0,0,22,29,4349,34,0,0,0,0,0,251992,3,0
0,0,0,0,44,29,4350,34,0,0,0,0,0,70237,3,0
0,0,0,0,21,29,4351,34,0,0,0,0,0,258407,3,0
0,0,0,0,46,29,4352,34,0,0,0,0,0,279656,3,0
0,0,0,0,25,29,4353,34,0,0,0,0,0,223641,3,0
0,0,0,0,40,0,4354,165,0,0,0,0,0,263887,3,0
3,0,0,0,4,4,4355,165,0,0,0,0,0,251764,3,0
1,0,0,0,23,5,4356,165,0,0,0,0,0,223751,3,0
0,0,0,0,33,6,4357,165,0,0,0,0,0,262917,3,0
2,0,0,0,2,12,4358,165,0,0,0,0,0,242850,3,0
4,0,0,1,37,13,4359,165,0,0,0,0,0,212192,3,0
4,0,0,1,22,15,4360,165,0,0,0,0,1,263076,2,0
1,0,0,0,16,16,4361,165,0,0,0,0,0,260925,3,0
10,0,0,1,10,18,4362,165,0,0,0,0,0,209504,3,0
5,0,0,1,19,24,4363,165,0,0,0,0,1,256564,3,0
12,0,0,1,30,26,4364,165,0,0,0,0,1,259162,2,0
1,0,0,0,7,28,4365,165,0,0,0,0,0,239097,2,0
1,0,0,0,14,28,4366,165,0,0,0,0,0,252125,2,0
0,0,0,0,13,28,4367,165,0,0,0,0,0,238965,3,0
0,0,0,0,18,28,4368,165,0,0,0,0,0,251325,3,0
0,0,0,0,1,28,4369,165,0,0,0,0,0,219937,3,0
0,0,0,0,5,28,4370,165,0,0,0,0,0,237548,3,0
0,0,0,0,21,28,4371,165,0,0,0,0,0,259022,3,0
0,0,0,0,3,28,4372,165,0,0,0,0,0,268430,3,0
0,0,0,0,29,28,4373,165,0,0,0,0,0,192732,3,0
0,0,0,0,27,28,4374,165,0,0,0,0,0,237024,3,0
0,0,0,0,17,28,4375,165,0,0,0,0,0,210723,3,0
0,0,0,0,36,28,4376,165,0,0,0,0,0,278728,3,0
0,0,0,0,34,29,4377,165,0,0,0,0,0,70282,3,0
0,0,0,0,31,29,4378,165,0,0,0,0,0,270548,3,0
0,0,0,0,20,29,4379,165,0,0,0,0,0,70092,3,0
0,0,0,0,25,29,4380,165,0,0,0,0,0,244090,3,0
0,0,0,0,15,29,4381,165,0,0,0,0,0,271441,3,0
0,0,0,0,42,29,4382,165,0,0,0,0,0,279082,3,0
0,0,0,0,12,0,4383,166,0,0,0,0,0,262931,3,0
3,0,0,0,16,3,4384,166,0,0,0,0,0,224263,3,0
1,0,0,0,44,4,4385,166,0,0,0,0,0,264589,4,0
0,0,0,0,31,6,4386,166,0,0,0,0,0,256780,4,0
0,0,0,0,6,7,4387,166,0,0,0,0,0,248149,3,0
1,0,0,0,18,9,4388,166,0,0,0,0,0,236624,3,0
1,0,0,0,41,11,4389,166,0,0,0,0,0,274735,3,0
5,0,0,1,22,12,4390,166,0,0,0,0,0,262217,3,0
9,0,0,1,11,16,4391,166,0,0,0,0,2,231614,5,0
1,0,0,0,30,18,4392,166,0,0,0,0,0,275029,3,0
22,1,0,1,25,25,4393,166,0,0,0,1,1,212002,4,0
1,0,0,0,5,28,4394,166,0,0,0,0,0,223922,3,0
0,0,0,0,37,28,4395,166,0,0,0,0,0,204776,3,0
4,0,0,0,20,28,4396,166,0,0,0,0,0,210719,3,0
0,0,0,0,34,28,4397,166,0,0,0,0,0,235899,3,0
0,0,0,0,35,28,4398,166,0,0,0,0,0,213573,3,0
7,0,0,1,7,28,4399,166,0,0,0,0,0,211899,3,0
2,0,0,0,39,28,4400,166,0,0,0,0,0,269705,3,0
5,0,0,1,27,28,4401,166,0,0,0,0,1,238271,2,0
1,0,0,0,19,28,4402,166,0,0,0,0,1,206463,5,0
4,0,0,0,9,28,4403,166,0,0,0,0,0,223596,3,0
0,0,0,0,26,28,4404,166,0,0,0,0,0,276356,3,0
0,0,0,0,2,28,4405,166,0,0,0,0,0,190854,3,0
0,0,0,0,24,29,4406,166,0,0,0,0,0,259522,3,0
1,0,0,0,8,29,4407,166,0,0,0,0,0,242393,3,0
0,0,0,0,17,29,4408,166,0,0,0,0,0,279489,3,0
0,0,0,0,33,29,4409,166,0,0,0,0,0,269946,3,0
0,0,0,0,38,29,4410,166,0,0,0,0,0,275263,3,0
0,0,0,0,23,29,4411,166,0,0,0,0,0,279124,3,0
0,0,0,0,46,29,4412,166,0,0,0,0,0,70951,3,0
0,0,0,0,48,29,4413,166,0,0,0,0,0,269945,3,0
0,0,0,0,3,29,4414,166,0,0,0,0,0,252074,3,0
0,0,0,0,36,29,4415,166,0,0,0,0,0,277277,3,0
0,0,0,0,43,29,4416,166,0,0,0,0,0,273778,3,0
0,0,0,0,47,29,4417,166,0,0,0,0,0,279488,3,0
0,0,0,0,1,0,4418,171,0,0,0,0,0,252456,3,0
2,0,0,1,28,3,4419,171,0,0,0,0,1,216416,3,0
0,0,0,0,44,4,4420,171,0,0,0,0,0,278780,5,0
0,0,0,0,38,6,4421,171,0,0,0,0,0,231874,4,0
0,0,0,0,27,7,4422,171,0,0,0,0,0,269701,4,0
2,0,0,1,17,9,4423,171,0,0,0,0,0,264194,4,0
2,0,0,1,6,11,4424,171,0,0,0,0,0,248576,4,0
4,0,0,1,36,17,4425,171,0,0,0,0,0,253418,2,0
2,0,0,1,14,19,4426,171,0,0,0,0,0,246074,2,0
2,0,0,1,7,24,4427,171,0,0,0,0,1,212248,4,0
16,1,0,1,42,26,4428,171,0,0,0,0,1,275328,5,0
0,0,0,0,5,28,4429,171,0,0,0,0,0,202087,3,0
2,0,0,1,15,28,4430,171,0,0,0,0,1,220385,3,0
0,0,0,0,22,28,4431,171,0,0,0,0,0,208730,3,0
0,0,0,0,43,28,4432,171,0,0,0,0,0,274565,3,0
0,0,0,0,26,28,4433,171,0,0,0,0,0,215417,3,0
2,0,0,1,20,28,4434,171,0,0,0,0,0,207562,3,0
0,0,0,0,13,28,4435,171,0,0,0,0,0,229925,3,0
0,0,0,0,23,28,4436,171,0,0,0,0,0,245020,3,0
0,0,0,0,8,28,4437,171,0,0,0,0,0,234836,3,0
0,0,0,0,16,28,4438,171,0,0,0,0,0,200607,3,0
3,0,0,1,11,28,4439,171,0,0,0,0,0,271622,3,0
2,0,0,1,9,28,4440,171,0,0,0,0,0,252775,3,0
0,0,0,0,19,29,4441,171,0,0,0,0,0,203590,3,0
0,0,0,0,4,29,4442,171,0,0,0,0,0,245768,3,0
0,0,0,0,33,29,4443,171,0,0,0,0,0,269994,3,0
0,0,0,0,46,29,4444,171,0,0,0,0,0,278186,3,0
0,0,0,0,40,29,4445,171,0,0,0,0,0,270883,3,0
0,0,0,0,31,29,4446,171,0,0,0,0,0,256229,3,0
0,0,0,0,3,29,4447,171,0,0,0,0,0,245252,3,0
0,0,0,0,39,29,4448,171,0,0,0,0,0,274989,3,0
0,0,0,0,1,0,4449,485,0,0,0,0,0,186148,4,0
2,0,0,0,21,3,4450,485,0,0,0,0,0,233207,4,0
2,0,0,0,5,4,4451,485,0,0,0,0,0,236217,3,0
5,0,0,1,23,5,4452,485,0,0,0,0,1,210665,5,0
0,0,0,0,4,6,4453,485,0,0,0,0,0,258315,3,0
1,0,0,0,20,7,4454,485,0,0,0,0,0,226167,2,0
3,0,0,0,8,13,4455,485,0,0,0,0,0,262669,4,0
1,0,0,0,6,15,4456,485,0,0,0,0,0,251429,4,0
7,0,0,1,16,18,4457,485,0,0,0,0,0,190738,3,0
2,0,0,0,25,24,4458,485,0,0,0,0,1,71297,3,0
7,0,0,1,9,26,4459,485,0,0,0,0,1,266895,3,0
11,0,0,1,36,28,4460,485,0,0,0,0,0,226050,3,0
0,0,0,0,13,28,4461,485,0,0,0,0,0,226686,3,0
0,0,0,0,37,28,4462,485,0,0,0,0,0,262117,4,0
0,0,0,0,34,28,4463,485,0,0,0,0,0,272896,3,0
0,0,0,0,30,28,4464,485,0,0,0,0,0,238503,3,0
8,0,0,1,32,28,4465,485,0,0,0,0,2,211891,4,0
0,0,0,0,29,28,4466,485,0,0,0,0,0,277910,3,0
1,0,0,0,10,28,4467,485,0,0,0,0,0,223652,3,0
0,0,0,0,31,28,4468,485,0,0,0,0,0,194015,3,0
0,0,0,0,40,28,4469,485,0,0,0,0,0,256944,3,0
2,0,0,0,11,28,4470,485,0,0,0,0,0,210489,3,0
0,0,0,0,17,28,4471,485,0,0,0,0,0,271246,3,0
0,0,0,0,35,29,4472,485,0,0,0,0,0,276041,3,0
0,0,0,0,24,29,4473,485,0,0,0,0,0,266392,3,0
0,0,0,0,28,29,4474,485,0,0,0,0,0,279907,3,0
0,0,0,0,19,29,4475,485,0,0,0,0,0,263353,3,0
0,0,0,0,35,0,4476,531,0,0,0,0,0,200989,4,0
0,0,0,0,22,3,4477,531,0,0,0,0,0,229998,3,0
0,0,0,0,15,4,4478,531,0,0,0,0,0,211874,3,0
0,0,0,0,24,6,4479,531,0,0,0,0,0,266438,3,0
0,0,0,0,3,7,4480,531,0,0,0,0,0,270136,2,0
0,0,0,0,11,12,4481,531,0,0,0,0,0,238930,3,0
0,0,0,0,26,13,4482,531,0,0,0,0,0,216288,3,0
0,0,0,0,32,15,4483,531,0,0,0,0,0,264214,3,0
0,0,0,0,18,16,4484,531,0,0,0,0,1,211742,3,0
0,0,0,0,9,24,4485,531,0,0,0,0,1,240814,2,0
0,0,0,0,23,26,4486,531,0,0,0,0,1,245856,3,0
0,0,0,0,21,28,4487,531,0,0,0,0,0,238636,3,0
0,0,0,0,5,28,4488,531,0,0,0,0,0,276289,3,0
0,0,0,0,27,28,4489,531,0,0,0,0,1,276287,3,0
0,0,0,0,42,28,4490,531,0,0,0,0,0,205433,3,0
0,0,0,0,31,28,4491,531,0,0,0,0,0,262995,3,0
0,0,0,0,25,28,4492,531,0,0,0,0,0,209961,3,0
0,0,0,0,7,28,4493,531,0,0,0,0,0,268267,3,0
0,0,0,0,20,28,4494,531,0,0,0,0,0,170589,3,0
0,0,0,0,40,28,4495,531,0,0,0,0,0,260978,3,0
0,0,0,0,17,28,4496,531,0,0,0,0,0,260217,3,0
0,0,0,0,10,28,4497,531,0,0,0,0,0,276290,3,0
0,0,0,0,28,28,4498,531,0,0,0,0,0,251597,3,0
0,0,0,0,45,29,4499,531,0,0,0,0,0,241904,3,0
0,0,0,0,8,29,4500,531,0,0,0,0,0,256696,3,0
0,0,0,0,48,29,4501,531,0,0,0,0,0,279047,3,0
0,0,0,0,6,29,4502,531,0,0,0,0,0,233228,3,0
0,0,0,0,1,0,4503,543,0,0,0,0,0,259718,3,0
0,0,0,0,6,3,4504,543,0,0,0,0,0,210004,3,0
0,0,0,0,4,4,4505,543,0,0,0,0,0,216284,3,0
0,0,0,0,16,6,4506,543,0,0,0,0,0,263077,3,0
0,0,0,0,7,7,4507,543,0,0,0,0,0,257051,3,0
0,0,0,0,8,9,4508,543,0,0,0,0,0,213644,3,0
0,0,0,0,5,11,4509,543,0,0,0,0,0,257054,3,0
0,0,0,0,11,12,4510,543,0,0,0,0,0,263061,3,0
0,0,0,0,27,16,4511,543,0,0,0,0,0,248575,4,0
0,0,0,0,10,18,4512,543,0,0,0,0,1,256634,3,0
0,0,0,0,20,25,4513,543,0,0,0,0,0,276272,2,0
0,0,0,0,29,28,4514,543,0,0,0,0,0,236553,2,0
0,0,0,0,18,28,4515,543,0,0,0,0,0,247812,3,0
0,0,0,0,14,28,4516,543,0,0,0,0,0,234861,2,0
0,0,0,0,3,28,4517,543,0,0,0,0,0,258634,2,0
0,0,0,0,32,28,4518,543,0,0,0,0,0,240218,3,0
0,0,0,0,21,28,4519,543,0,0,0,0,0,276271,3,0
0,0,0,0,13,28,4520,543,0,0,0,0,0,188872,3,0
0,0,0,0,30,28,4521,543,0,0,0,0,0,239664,3,0
0,0,0,0,23,28,4522,543,0,0,0,0,0,274088,3,0
0,0,0,0,36,28,4523,543,0,0,0,0,0,277876,3,0
0,0,0,0,37,28,4524,543,0,0,0,0,0,277877,3,0
0,0,0,0,25,28,4525,543,0,0,0,0,1,279046,4,0
0,0,0,0,33,29,4526,543,0,0,0,0,0,243532,3,0
0,0,0,0,12,29,4527,543,0,0,0,0,0,276654,3,0
0,0,0,0,9,29,4528,543,0,0,0,0,0,251417,3,0
0,0,0,0,31,29,4529,543,0,0,0,0,0,279793,3,0
0,0,0,0,19,29,4530,543,0,0,0,0,0,271212,3,0
0,0,0,0,20,0,4531,580,0,0,0,0,0,269301,3,0
2,0,0,0,18,3,4532,580,0,0,0,0,0,252183,3,0
2,0,0,0,23,4,4533,580,0,0,0,0,0,242525,2,0
1,0,0,0,3,6,4534,580,0,0,0,0,0,229200,2,0
3,0,0,1,33,7,4535,580,0,0,0,0,0,269302,3,0
0,0,0,0,14,9,4536,580,0,0,0,0,0,269305,2,0
1,0,0,0,8,11,4537,580,0,0,0,0,0,269307,2,0
3,0,0,1,7,12,4538,580,0,0,0,0,0,269310,2,0
4,0,0,1,10,16,4539,580,0,0,0,0,0,250946,2,0
6,0,0,1,17,18,4540,580,0,0,0,0,1,266237,2,0
8,0,0,1,24,25,4541,580,0,0,0,0,2,238631,2,0
3,0,0,1,31,28,4542,580,0,0,0,0,0,238793,3,0
3,0,0,1,22,28,4543,580,0,0,0,0,0,258692,3,0
0,0,0,0,26,28,4544,580,0,0,0,0,0,238683,3,0
0,0,0,0,19,28,4545,580,0,0,0,0,0,262591,3,0
0,0,0,0,28,28,4546,580,0,0,0,0,0,238489,3,0
3,0,0,1,29,28,4547,580,0,0,0,0,0,257399,3,0
6,0,0,1,21,28,4548,580,0,0,0,0,0,276319,3,0
1,0,0,0,9,28,4549,580,0,0,0,0,0,241969,2,0
0,0,0,0,4,28,4550,580,0,0,0,0,0,193240,3,0
0,0,0,0,11,28,4551,580,0,0,0,0,0,210354,3,0
1,0,0,0,30,28,4552,580,0,0,0,0,1,185426,3,0
0,0,0,0,25,28,4553,580,0,0,0,0,0,269308,3,0
0,0,0,0,1,29,4554,580,0,0,0,0,0,189917,3,0
0,0,0,0,37,29,4555,580,0,0,0,0,0,71357,3,0
0,0,0,0,6,29,4556,580,0,0,0,0,0,269311,3,0
1,0,0,0,13,29,4557,580,0,0,0,0,0,193679,3,0
1,0,0,0,5,29,4558,580,0,0,0,0,0,251451,3,0
0,0,0,0,23,0,4559,1832,0,0,0,0,0,210772,3,0
0,0,0,0,2,3,4560,1832,0,0,0,0,0,192658,3,0
2,0,0,0,28,4,4561,1832,0,0,0,0,0,203161,3,0
1,0,0,0,4,6,4562,1832,0,0,0,0,0,263273,3,0
1,0,0,0,20,7,4563,1832,0,0,0,0,0,274093,3,0
0,0,0,0,17,9,4564,1832,0,0,0,0,0,227511,2,0
1,0,0,0,8,11,4565,1832,0,0,0,0,0,211907,3,0
2,0,0,0,15,12,4566,1832,0,0,0,0,0,228082,3,0
10,0,0,1,10,16,4567,1832,0,0,0,0,1,228245,3,0
5,0,0,1,26,18,4568,1832,0,0,0,0,1,257075,4,0
14,0,0,1,9,25,4569,1832,0,0,0,0,0,259750,3,0
7,0,0,1,24,28,4570,1832,0,0,0,0,0,231624,3,0
2,0,0,0,6,28,4571,1832,0,0,0,0,0,238792,3,0
1,0,0,0,21,28,4572,1832,0,0,0,0,0,205463,3,0
1,0,0,0,22,28,4573,1832,0,0,0,0,0,244491,3,0
0,0,0,0,29,28,4574,1832,0,0,0,0,0,269096,3,0
11,0,0,1,11,28,4575,1832,0,0,0,0,1,237633,3,0
0,0,0,0,16,28,4576,1832,0,0,0,0,0,211872,3,0
3,0,0,0,13,28,4577,1832,0,0,0,0,0,187072,3,0
0,0,0,0,18,28,4578,1832,0,0,0,0,0,189043,3,0
0,0,0,0,27,28,4579,1832,0,0,0,0,0,70186,3,0
0,0,0,0,37,28,4580,1832,0,0,0,0,0,278835,3,0
0,0,0,0,30,28,4581,1832,0,0,0,0,0,276313,3,0
0,0,0,0,1,29,4582,1832,0,0,0,0,0,239499,3,0
0,0,0,0,5,29,4583,1832,0,0,0,0,0,221486,3,0
0,0,0,0,39,29,4584,1832,0,0,0,0,0,265198,3,0
0,0,0,0,34,29,4585,1832,0,0,0,0,0,71473,3,0
0,0,0,0,31,29,4586,1832,0,0,0,0,0,266011,3,0
1,0,0,0,32,29,4587,1832,0,0,0,0,0,233785,3,0
0,0,0,0,19,29,4588,1832,0,0,0,0,0,71474,3,0
0,0,0,0,1,0,4589,10030,0,0,0,0,0,238167,4,0
3,0,0,1,16,4,4590,10030,0,0,0,0,0,266567,4,0
0,0,0,0,17,5,4591,10030,0,0,0,0,0,276367,3,0
0,0,0,0,33,6,4592,10030,0,0,0,0,0,250926,4,0
5,0,0,1,23,12,4593,10030,0,0,0,0,1,238363,4,0
1,0,0,0,27,13,4594,10030,0,0,0,0,0,251373,4,0
3,0,0,1,8,15,4595,10030,0,0,0,0,0,212625,3,0
3,0,0,1,26,16,4596,10030,0,0,0,0,0,239925,3,0
5,0,0,1,7,17,4597,10030,0,0,0,0,0,252073,4,0
4,0,0,1,10,19,4598,10030,0,0,0,0,2,279948,4,0
8,0,0,1,39,25,4599,10030,0,0,0,0,0,195262,3,0
3,0,0,1,36,28,4600,10030,0,0,0,0,0,227604,3,0
3,0,0,1,11,28,4601,10030,0,0,0,0,0,251002,3,0
2,0,0,0,22,28,4602,10030,0,0,0,0,0,276371,3,0
1,0,0,0,24,28,4603,10030,0,0,0,0,0,262903,3,0
0,0,0,0,35,28,4604,10030,0,0,0,0,0,262939,3,0
1,0,0,0,29,28,4605,10030,0,0,0,0,0,276372,3,0
0,0,0,0,6,28,4606,10030,0,0,0,0,0,223680,3,0
1,0,0,0,32,28,4607,10030,0,0,0,0,0,270013,4,0
0,0,0,0,43,28,4608,10030,0,0,0,0,0,279530,3,0
0,0,0,0,4,28,4609,10030,0,0,0,0,0,269912,4,0
1,0,0,0,13,28,4610,10030,0,0,0,0,0,211736,3,0
0,0,0,0,20,28,4611,10030,0,0,0,0,0,263557,3,0
0,0,0,0,19,29,4612,10030,0,0,0,0,0,262663,3,0
0,0,0,0,25,29,4613,10030,0,0,0,0,0,259194,3,0
0,0,0,0,37,29,4614,10030,0,0,0,0,0,277842,3,0
0,0,0,0,12,29,4615,10030,0,0,0,0,0,276408,3,0
0,0,0,0,42,29,4616,10030,0,0,0,0,0,247755,3,0
0,0,0,0,31,29,4617,10030,0,0,0,0,0,251320,3,0
0,0,0,0,21,29,4618,10030,0,0,0,0,0,229692,3,0
0,0,0,0,28,29,4619,10030,0,0,0,0,0,278893,3,0
0,0,0,0,34,29,4620,10030,0,0,0,0,0,276368,3,0
0,0,0,0,45,29,4621,10030,0,0,0,0,0,71629,3,0
0,0,0,0,39,0,4622,110176,0,0,0,0,0,224491,3,0
0,0,0,0,4,4,4623,110176,0,0,0,0,0,266000,4,0
0,0,0,0,5,5,4624,110176,0,0,0,0,0,231555,3,0
0,0,0,0,32,6,4625,110176,0,0,0,0,0,264442,3,0
0,0,0,0,11,23,4626,110176,0,0,0,0,0,224430,3,0
0,0,0,0,7,12,4627,110176,0,0,0,0,0,260683,3,0
0,0,0,0,23,13,4628,110176,0,0,0,0,1,276365,4,0
0,0,0,0,26,15,4629,110176,0,0,0,0,0,276191,3,0
0,0,0,0,43,16,4630,110176,0,0,0,0,1,244087,4,0
0,0,0,0,22,27,4631,110176,0,0,0,0,2,269964,5,0
0,0,0,0,33,25,4632,110176,0,0,0,0,0,262838,3,0
0,0,0,0,10,28,4633,110176,0,0,0,0,0,198070,3,0
0,0,0,0,18,28,4634,110176,0,0,0,0,0,238560,4,0
0,0,0,0,6,28,4635,110176,0,0,0,0,0,201816,3,0
0,0,0,0,25,28,4636,110176,0,0,0,0,0,256232,3,0
0,0,0,0,1,28,4637,110176,0,0,0,0,0,252538,4,0
0,0,0,0,24,28,4638,110176,0,0,0,0,0,269951,3,0
0,0,0,0,21,28,4639,110176,0,0,0,0,0,276193,4,0
0,0,0,0,9,28,4640,110176,0,0,0,0,0,238694,3,0
0,0,0,0,8,28,4641,110176,0,0,0,0,0,256270,3,0
0,0,0,0,28,28,4642,110176,0,0,0,0,0,262671,3,0
0,0,0,0,19,28,4643,110176,0,0,0,0,0,276195,3,0
0,0,0,0,12,28,4644,110176,0,0,0,0,0,276190,3,0
0,0,0,0,35,29,4645,110176,0,0,0,0,0,276366,3,0
0,0,0,0,1,0,4646,110500,0,0,0,0,0,241859,3,0
0,0,0,0,18,3,4647,110500,0,0,0,0,0,257332,3,0
1,0,0,0,5,4,4648,110500,0,0,0,0,0,258599,3,0
4,0,0,1,6,5,4649,110500,0,0,0,0,0,201860,4,0
4,0,0,1,29,6,4650,110500,0,0,0,0,0,225487,3,0
2,0,0,0,19,7,4651,110500,0,0,0,0,0,232203,3,0
1,0,0,0,39,10,4652,110500,0,0,0,0,0,232406,3,0
3,0,0,1,20,13,4653,110500,0,0,0,0,2,263657,4,0
6,0,0,1,37,15,4654,110500,0,0,0,0,0,216260,3,0
3,0,0,1,44,24,4655,110500,0,0,0,0,0,263153,3,0
8,0,0,1,9,26,4656,110500,0,0,0,0,2,251961,4,0
2,0,0,0,10,28,4657,110500,0,0,0,0,0,245228,3,0
0,0,0,0,12,28,4658,110500,0,0,0,0,0,242062,3,0
0,0,0,0,3,28,4659,110500,0,0,0,0,0,213323,3,0
0,0,0,0,15,28,4660,110500,0,0,0,0,0,233812,3,0
0,0,0,0,13,28,4661,110500,0,0,0,0,0,222024,3,0
3,0,0,1,14,28,4662,110500,0,0,0,0,0,198554,3,0
0,0,0,0,4,28,4663,110500,0,0,0,0,0,238619,3,0
0,0,0,0,8,28,4664,110500,0,0,0,0,0,253474,3,0
0,0,0,0,33,28,4665,110500,0,0,0,0,0,222553,3,0
0,0,0,0,23,28,4666,110500,0,0,0,0,0,238563,3,0
0,0,0,0,24,28,4667,110500,0,0,0,0,0,271160,3,0
0,0,0,0,7,28,4668,110500,0,0,0,0,0,224662,3,0
0,0,0,0,17,29,4669,110500,0,0,0,0,0,261435,3,0
0,0,0,0,11,29,4670,110500,0,0,0,0,0,246175,3,0
0,0,0,0,27,29,4671,110500,0,0,0,0,0,229175,3,0
0,0,0,0,28,29,4672,110500,0,0,0,0,0,277507,3,0
0,0,0,0,22,29,4673,110500,0,0,0,0,0,276360,3,0
0,0,0,0,34,29,4674,110500,0,0,0,0,0,276361,3,0
0,0,0,0,25,29,4675,110500,0,0,0,0,0,264360,3,0
0,0,0,0,21,29,4676,110500,0,0,0,0,0,244073,3,0
0,0,0,0,26,29,4677,110500,0,0,0,0,0,250909,3,0
0,0,0,0,1,0,4678,110502,0,0,0,0,0,209987,3,0
0,0,0,0,4,4,4679,110502,0,0,0,0,0,239322,3,0
0,0,0,0,23,5,4680,110502,0,0,0,0,0,238692,2,0
0,0,0,0,5,6,4681,110502,0,0,0,0,0,265465,1,0
0,0,0,0,26,12,4682,110502,0,0,0,0,0,225692,3,0
0,0,0,0,28,13,4683,110502,0,0,0,0,0,254928,3,0
0,0,0,0,11,15,4684,110502,0,0,0,0,0,199413,3,0
0,0,0,0,15,16,4685,110502,0,0,0,0,0,251287,1,0
0,0,0,0,17,18,4686,110502,0,0,0,0,0,256674,1,0
0,0,0,0,29,24,4687,110502,0,0,0,0,0,257264,1,0
0,0,0,0,27,26,4688,110502,0,0,0,0,0,229286,3,0
0,0,0,0,25,28,4689,110502,0,0,0,0,0,228614,2,0
0,0,0,0,16,28,4690,110502,0,0,0,0,0,257283,3,0
0,0,0,0,14,28,4691,110502,0,0,0,0,0,242386,1,0
0,0,0,0,19,28,4692,110502,0,0,0,0,0,244940,1,0
0,0,0,0,30,28,4693,110502,0,0,0,0,0,223925,1,0
3,0,0,1,40,28,4694,110502,0,0,0,0,0,192660,3,0
0,0,0,0,22,28,4695,110502,0,0,0,0,0,236831,2,0
0,0,0,0,24,28,4696,110502,0,0,0,0,0,244233,3,0
0,0,0,0,42,28,4697,110502,0,0,0,0,0,270940,3,0
0,0,0,0,8,28,4698,110502,0,0,0,0,0,207887,3,0
0,0,0,0,20,28,4699,110502,0,0,0,0,0,234381,1,0
0,0,0,0,18,28,4700,110502,0,0,0,0,0,232156,1,0
0,0,0,0,3,29,4701,110502,0,0,0,0,0,244192,3,0
0,0,0,0,13,29,4702,110502,0,0,0,0,0,243925,3,0
0,0,0,0,45,29,4703,110502,0,0,0,0,0,277015,3,0
0,0,0,0,32,29,4704,110502,0,0,0,0,0,208470,3,0
0,0,0,0,6,29,4705,110502,0,0,0,0,0,227978,1,0
0,0,0,0,7,29,4706,110502,0,0,0,0,0,239397,3,0
0,0,0,0,38,29,4707,110502,0,0,0,0,0,263575,3,0
0,0,0,0,9,29,4708,110502,0,0,0,0,0,242965,3,0
0,0,0,0,49,29,4709,110502,0,0,0,0,0,72125,3,0
0,0,0,0,1,0,4710,110588,0,0,0,0,0,228607,3,0
1,0,0,0,21,4,4711,110588,0,0,0,0,0,239928,3,0
0,0,0,0,6,5,4712,110588,0,0,0,0,0,269962,3,0
2,0,0,0,15,6,4713,110588,0,0,0,0,1,269314,3,0
1,0,0,0,8,23,4714,110588,0,0,0,0,0,247640,1,0
3,0,0,0,7,12,4715,110588,0,0,0,0,0,252014,3,0
1,0,0,0,29,13,4716,110588,0,0,0,0,0,234860,2,0
4,0,0,1,25,15,4717,110588,0,0,0,0,0,237155,3,0
1,0,0,0,19,16,4718,110588,0,0,0,0,0,250991,3,0
4,0,0,1,23,27,4719,110588,0,0,0,0,0,233520,3,0
6,0,0,1,26,25,4720,110588,0,0,0,0,0,259752,3,0
2,0,0,0,37,28,4721,110588,0,0,0,0,0,241240,3,0
3,0,0,0,13,28,4722,110588,0,0,0,0,0,243881,3,0
1,0,0,0,24,28,4723,110588,0,0,0,0,0,251519,3,0
0,0,0,0,3,28,4724,110588,0,0,0,0,0,270900,3,0
0,0,0,0,30,28,4725,110588,0,0,0,0,0,264208,3,0
5,0,0,1,11,28,4726,110588,0,0,0,0,0,234740,3,0
1,0,0,0,10,28,4727,110588,0,0,0,0,0,262898,2,0
1,0,0,0,20,28,4728,110588,0,0,0,0,0,242119,3,0
0,0,0,0,17,28,4729,110588,0,0,0,0,0,250947,3,0
0,0,0,0,5,28,4730,110588,0,0,0,0,0,259082,3,0
1,0,0,0,18,28,4731,110588,0,0,0,0,0,70436,3,0
0,0,0,0,4,28,4732,110588,0,0,0,0,0,264649,3,0
0,0,0,0,16,29,4733,110588,0,0,0,0,0,258635,3,0
0,0,0,0,34,29,4734,110588,0,0,0,0,0,238974,3,0
0,0,0,0,40,29,4735,110588,0,0,0,0,0,277281,3,0
0,0,0,0,42,29,4736,110588,0,0,0,0,0,224440,3,0
4,0,0,1,9,29,4737,110588,0,0,0,0,0,198175,3,0
0,0,0,0,33,0,4738,110636,0,0,0,0,0,251292,3,0
1,0,0,0,25,3,4739,110636,0,0,0,0,0,192567,3,0
2,0,0,0,30,4,4740,110636,0,0,0,0,0,224186,2,0
1,0,0,0,20,6,4741,110636,0,0,0,0,0,259299,3,0
0,0,0,0,34,7,4742,110636,0,0,0,0,0,211844,3,0
3,0,0,0,6,10,4743,110636,0,0,0,0,0,262906,3,0
6,0,0,1,11,12,4744,110636,0,0,0,0,0,202088,3,0
3,0,0,0,23,13,4745,110636,0,0,0,0,0,252903,3,0
7,0,0,1,4,15,4746,110636,0,0,0,0,0,236764,3,0
19,1,0,1,7,16,4747,110636,0,0,0,0,1,256948,4,0
12,0,0,1,9,25,4748,110636,0,0,0,0,2,216823,2,0
0,0,0,0,22,28,4749,110636,0,0,0,0,0,235157,3,0
3,0,0,0,18,28,4750,110636,0,0,0,0,0,274264,4,0
1,0,0,0,19,28,4751,110636,0,0,0,0,0,231353,3,0
0,0,0,0,15,28,4752,110636,0,0,0,0,0,263649,4,0
0,0,0,0,1,28,4753,110636,0,0,0,0,0,240170,3,0
0,0,0,0,31,28,4754,110636,0,0,0,0,0,221753,3,0
1,0,0,0,3,28,4755,110636,0,0,0,0,0,199779,3,0
4,0,0,1,8,28,4756,110636,0,0,0,0,1,246814,3,0
0,0,0,0,5,28,4757,110636,0,0,0,0,0,272497,3,0
0,0,0,0,35,28,4758,110636,0,0,0,0,0,260175,3,0
1,0,0,0,2,28,4759,110636,0,0,0,0,0,268100,3,0
0,0,0,0,21,28,4760,110636,0,0,0,0,0,257176,3,0
1,0,0,0,27,29,4761,110636,0,0,0,0,0,244509,3,0
0,0,0,0,43,29,4762,110636,0,0,0,0,0,278832,3,0
0,0,0,0,46,29,4763,110636,0,0,0,0,0,278834,3,0
0,0,0,0,44,29,4764,110636,0,0,0,0,0,279132,3,0
0,0,0,0,45,29,4765,110636,0,0,0,0,0,279142,3,0
2,0,0,0,36,29,4766,110636,0,0,0,0,0,257080,3,0
0,0,0,0,1,0,4767,45,0,0,0,0,0,186153,3,0
4,0,0,1,4,4,4768,45,0,0,0,0,0,266872,2,0
3,0,0,1,3,5,4769,45,0,0,0,0,0,239580,3,0
1,0,0,0,6,6,4770,45,0,0,0,0,0,199304,3,0
1,0,0,0,5,10,4771,45,0,0,0,0,0,222077,3,0
2,0,0,0,27,12,4772,45,0,0,0,0,0,258966,2,0
0,0,0,0,16,13,4773,45,0,0,0,0,0,238744,2,0
5,0,0,1,25,15,4774,45,0,0,0,0,1,210008,4,0
0,0,0,0,11,16,4775,45,0,0,0,0,0,208574,2,0
16,1,0,1,9,24,4776,45,0,0,0,1,0,246430,2,0
7,0,0,1,7,26,4777,45,0,0,0,0,0,235805,3,0
0,0,0,0,18,28,4778,45,0,0,0,0,0,236610,2,0
1,0,0,0,20,28,4779,45,0,0,0,0,0,268802,3,0
0,0,0,0,12,28,4780,45,0,0,0,0,0,191043,3,0
0,0,0,0,33,28,4781,45,0,0,0,0,0,252339,3,0
0,0,0,0,36,28,4782,45,0,0,0,0,0,198009,3,0
1,0,0,0,15,28,4783,45,0,0,0,0,0,277954,3,0
0,0,0,0,22,28,4784,45,0,0,0,0,0,241496,3,0
1,0,0,0,17,28,4785,45,0,0,0,0,0,272379,3,0
0,0,0,0,2,28,4786,45,0,0,0,0,0,206058,3,0
0,0,0,0,26,28,4787,45,0,0,0,0,0,256402,3,0
2,0,0,0,24,28,4788,45,0,0,0,0,0,211320,2,0
0,0,0,0,41,28,4789,45,0,0,0,0,0,253162,3,0
0,0,0,0,47,29,4790,45,0,0,0,0,0,278926,3,0
0,0,0,0,39,29,4791,45,0,0,0,0,0,276798,3,0
0,0,0,0,45,29,4792,45,0,0,0,0,0,71000,3,0
0,0,0,0,23,29,4793,45,0,0,0,0,0,189342,3,0
3,0,0,1,14,29,4794,45,0,0,0,0,0,205175,3,0
2,0,0,0,99,29,4795,45,0,0,0,0,0,278349,3,0
0,0,0,0,21,29,4796,45,0,0,0,0,0,260823,3,0
0,0,0,0,1,0,4797,48,0,0,0,0,0,225116,3,0
1,0,0,0,22,3,4798,48,0,0,0,0,0,217870,3,0
0,0,0,0,3,4,4799,48,0,0,0,0,0,277537,3,0
2,0,0,0,13,5,4800,48,0,0,0,0,0,244263,3,0
1,0,0,0,5,6,4801,48,0,0,0,0,0,200752,3,0
0,0,0,0,6,7,4802,48,0,0,0,0,0,204614,3,0
0,0,0,0,99,13,4803,48,0,0,0,0,0,227236,3,0
0,0,0,0,68,15,4804,48,0,0,0,0,0,216435,3,0
8,0,0,1,21,18,4805,48,0,0,0,0,0,216409,3,0
15,0,0,1,9,24,4806,48,0,0,0,0,0,232293,3,0
10,0,0,1,77,26,4807,48,0,0,0,0,0,247635,3,0
0,0,0,0,29,28,4808,48,0,0,0,0,0,245741,3,0
0,0,0,0,30,28,4809,48,0,0,0,0,0,239679,3,0
0,0,0,0,24,28,4810,48,0,0,0,0,0,244472,3,0
1,0,0,0,17,28,4811,48,0,0,0,0,0,240716,3,0
0,0,0,0,14,28,4812,48,0,0,0,0,0,220532,3,0
5,0,0,1,81,28,4813,48,0,0,0,0,0,253002,3,0
1,0,0,0,18,28,4814,48,0,0,0,0,0,216816,3,0
1,0,0,0,55,28,4815,48,0,0,0,0,0,238516,3,0
7,0,0,1,26,28,4816,48,0,0,0,0,0,246457,3,0
0,0,0,0,2,28,4817,48,0,0,0,0,0,237669,3,0
0,0,0,0,1,0,4818,50,0,0,0,0,0,191628,3,0
0,0,0,0,15,3,4819,50,0,0,0,0,0,252442,3,0
0,0,0,0,3,4,4820,50,0,0,0,0,0,237297,3,0
0,0,0,0,39,6,4821,50,0,0,0,0,0,268913,3,0
0,0,0,0,77,7,4822,50,0,0,0,0,0,216799,3,0
0,0,0,0,27,9,4823,50,0,0,0,0,0,225475,3,0
0,0,0,0,8,11,4824,50,0,0,0,0,0,240992,3,0
0,0,0,0,98,12,4825,50,0,0,0,0,0,239978,3,0
0,0,0,0,28,16,4826,50,0,0,0,0,1,248060,3,0
0,0,0,0,10,18,4827,50,0,0,0,0,0,252794,3,0
0,0,0,0,13,25,4828,50,1,0,0,0,2,259565,4,0
0,0,0,0,9,28,4829,50,0,0,0,0,0,268464,3,0
0,0,0,0,21,28,4830,50,0,0,0,0,0,210671,3,0
0,0,0,0,14,28,4831,50,0,0,0,0,0,173306,4,0
0,0,0,0,26,28,4832,50,0,0,0,0,0,251335,3,0
0,0,0,0,22,28,4833,50,0,0,0,0,0,268912,3,0
0,0,0,0,64,28,4834,50,0,0,0,0,0,212886,3,0
0,0,0,0,23,28,4835,50,0,0,0,0,0,264364,4,0
0,0,0,0,4,28,4836,50,0,0,0,0,0,258708,3,0
0,0,0,0,19,28,4837,50,0,0,0,0,0,244634,3,0
0,0,0,0,7,28,4838,50,0,0,0,0,0,243154,3,0
0,0,0,0,47,28,4839,50,0,0,0,0,0,252999,3,0
0,0,0,0,11,28,4840,50,0,0,0,0,0,276736,3,0
0,0,0,0,30,29,4841,50,0,0,0,0,0,246164,2,0
0,0,0,0,40,29,4842,50,0,0,0,0,0,271385,4,0
0,0,0,0,17,29,4843,50,0,0,0,0,0,220785,2,0
0,0,0,0,20,29,4844,50,0,0,0,0,0,271856,3,0
0,0,0,0,61,29,4845,50,0,0,0,0,0,278287,3,0
0,0,0,0,99,0,4846,52,0,0,0,0,0,230872,3,0
4,0,0,1,1,4,4847,52,0,0,0,0,0,229582,3,0
0,0,0,0,2,5,4848,52,0,0,0,0,0,189881,3,0
0,0,0,0,3,6,4849,52,0,0,0,0,0,236403,3,0
0,0,0,0,4,12,4850,52,0,0,0,0,0,224490,3,0
3,0,0,1,5,13,4851,52,0,0,0,0,0,208268,3,0
3,0,0,1,6,15,4852,52,0,0,0,0,0,207439,3,0
0,0,0,0,7,16,4853,52,0,0,0,0,0,262113,3,0
8,0,0,1,8,17,4854,52,0,0,0,0,0,228251,3,0
13,0,0,1,9,19,4855,52,0,0,0,0,0,211110,3,0
1,0,0,0,10,25,4856,52,0,0,0,0,0,231352,3,0
3,0,0,1,11,28,4857,52,0,0,0,0,0,190813,3,0
0,0,0,0,12,28,4858,52,0,0,0,0,0,222558,3,0
2,0,0,0,15,28,4859,52,0,0,0,0,0,269312,3,0
3,0,0,1,13,28,4860,52,0,0,0,0,0,234906,3,0
0,0,0,0,14,28,4861,52,0,0,0,0,0,259973,3,0
0,0,0,0,16,28,4862,52,0,0,0,0,0,262171,3,0
0,0,0,0,17,28,4863,52,0,0,0,0,0,276951,3,0
0,0,0,0,18,28,4864,52,0,0,0,0,0,220651,3,0
0,0,0,0,19,28,4865,52,0,0,0,0,0,275291,3,0
0,0,0,0,20,28,4866,52,0,0,0,0,0,278567,3,0
0,0,0,0,21,28,4867,52,0,0,0,0,0,278966,3,0
0,0,0,0,32,0,4868,54,0,0,0,0,0,224836,3,0
0,0,0,0,61,4,4869,54,0,0,0,0,0,213242,2,0
3,0,0,1,4,5,4870,54,0,0,0,0,0,243241,3,0
0,0,0,0,13,6,4871,54,0,0,0,0,0,193352,2,0
1,0,0,0,19,12,4872,54,0,0,0,0,0,247229,2,0
0,0,0,0,66,13,4873,54,0,0,0,0,0,273932,3,0
1,0,0,0,28,15,4874,54,0,0,0,0,0,253473,4,0
0,0,0,0,20,16,4875,54,0,0,0,0,0,211147,3,0
3,0,0,1,16,18,4876,54,0,0,0,0,0,241095,3,0
5,0,0,1,9,24,4877,54,0,0,0,0,0,219932,2,0
12,1,0,1,91,26,4878,54,0,0,0,0,0,215333,2,0
2,0,0,1,8,28,4879,54,0,0,0,0,0,258683,3,0
0,0,0,0,27,28,4880,54,0,0,0,0,0,228349,2,0
0,0,0,0,15,28,4881,54,0,0,0,0,0,278013,3,0
0,0,0,0,5,28,4882,54,0,0,0,0,0,225410,3,0
0,0,0,0,1,28,4883,54,0,0,0,0,0,266333,3,0
1,0,0,0,11,28,4884,54,0,0,0,0,1,238873,4,0
0,0,0,0,6,28,4885,54,0,0,0,0,0,258946,3,0
0,0,0,0,26,28,4886,54,0,0,0,0,0,203884,3,0
0,0,0,0,77,28,4887,54,0,0,0,0,0,211408,3,0
0,0,0,0,71,28,4888,54,0,0,0,0,0,253688,3,0
0,0,0,0,21,28,4889,54,0,0,0,0,0,233732,3,0
1,0,0,0,3,28,4890,54,0,0,0,0,0,241854,3,0
0,0,0,0,80,29,4891,54,0,0,0,0,0,70479,3,0
0,0,0,0,65,29,4892,54,0,0,0,0,0,70820,3,0
0,0,0,0,17,29,4893,54,0,0,0,0,0,70835,3,0
0,0,0,0,40,0,4894,55,0,0,0,0,0,257288,4,0
0,0,0,0,18,4,4895,55,0,0,0,0,0,244206,4,0
0,0,0,0,29,5,4896,55,0,0,0,0,0,244238,4,0
0,0,0,0,31,6,4897,55,0,0,0,0,0,261573,2,0
2,0,0,1,11,9,4898,55,0,0,0,0,0,222844,4,0
2,0,0,1,32,11,4899,55,0,0,0,0,0,240970,4,0
0,0,0,0,19,12,4900,55,0,0,0,0,0,225669,3,0
1,0,0,0,12,16,4901,55,0,0,0,0,0,220421,3,0
5,0,0,1,24,18,4902,55,0,0,0,0,1,256115,5,0
8,0,0,1,17,24,4903,55,0,0,0,0,1,268474,4,0
4,0,0,1,37,26,4904,55,0,0,0,0,0,193061,3,0
5,0,0,1,26,28,4905,55,0,0,0,0,0,204970,3,0
1,0,0,0,7,28,4906,55,0,0,0,0,0,222634,4,0
1,0,0,0,4,28,4907,55,0,0,0,0,0,223866,3,0
1,0,0,0,33,28,4908,55,0,0,0,0,0,259634,3,0
0,0,0,0,1,28,4909,55,0,0,0,0,0,190745,3,0
0,0,0,0,2,28,4910,55,0,0,0,0,0,263571,3,0
0,0,0,0,13,28,4911,55,0,0,0,0,0,252577,3,0
0,0,0,0,93,28,4912,55,0,0,0,0,0,162297,3,0
2,0,0,1,6,28,4913,55,0,0,0,0,0,258615,3,0
0,0,0,0,22,28,4914,55,0,0,0,0,0,240332,3,0
0,0,0,0,9,28,4915,55,0,0,0,0,0,231743,3,0
1,0,0,0,27,28,4916,55,0,0,0,0,0,190324,3,0
0,0,0,0,23,29,4917,55,0,0,0,0,0,241007,3,0
1,0,0,0,30,29,4918,55,0,0,0,0,0,215147,3,0
0,0,0,0,10,29,4919,55,0,0,0,0,0,202477,3,0
0,0,0,0,16,29,4920,55,0,0,0,0,0,264856,3,0
0,0,0,0,14,29,4921,55,0,0,0,0,0,264509,3,0
0,0,0,0,79,29,4922,55,0,0,0,0,0,71661,3,0
0,0,0,0,28,0,4923,189,0,0,0,0,0,189908,3,0
1,0,0,0,3,3,4924,189,0,0,0,0,1,223671,5,0
1,0,0,0,31,4,4925,189,0,0,0,0,0,262394,3,0
0,0,0,0,26,6,4926,189,0,0,0,0,0,231207,4,0
0,0,0,0,33,7,4927,189,0,0,0,0,0,257711,5,0
1,0,0,0,8,9,4928,189,0,0,0,0,0,202024,3,0
0,0,0,0,20,11,4929,189,0,0,0,0,0,236898,4,0
10,0,0,1,7,12,4930,189,0,0,0,0,0,233556,3,0
4,0,0,1,56,16,4931,189,0,0,0,0,0,242664,3,0
5,0,0,1,80,18,4932,189,0,0,0,0,0,271019,3,0
11,1,0,1,9,25,4933,189,0,0,0,0,0,250961,3,0
0,0,0,0,10,28,4934,189,0,0,0,0,0,231836,3,0
1,0,0,0,6,28,4935,189,0,0,0,0,0,244270,3,0
0,0,0,0,15,28,4936,189,0,0,0,0,0,259762,3,0
0,0,0,0,5,28,4937,189,0,0,0,0,0,200353,3,0
0,0,0,0,34,28,4938,189,0,0,0,0,0,240657,5,0
2,0,0,0,21,28,4939,189,0,0,0,0,0,234671,4,0
1,0,0,0,11,28,4940,189,0,0,0,0,1,257980,4,0
2,0,0,0,22,28,4941,189,0,0,0,0,0,210381,3,0
2,0,0,0,29,28,4942,189,0,0,0,0,0,170320,3,0
0,0,0,0,4,28,4943,189,0,0,0,0,0,70482,3,0
0,0,0,0,16,28,4944,189,0,0,0,0,0,277704,3,0
2,0,0,0,17,28,4945,189,0,0,0,0,0,269745,3,0
0,0,0,0,82,29,4946,189,0,0,0,0,0,254819,4,0
0,0,0,0,18,29,4947,189,0,0,0,0,0,267861,3,0
0,0,0,0,23,29,4948,189,0,0,0,0,0,271420,3,0
6,0,0,1,19,29,4949,189,0,0,0,0,0,242280,3,0
0,0,0,0,1,0,4950,205,0,0,0,0,0,199904,4,0
0,0,0,0,27,3,4951,205,0,0,0,0,0,252315,2,0
0,0,0,0,4,4,4952,205,1,0,0,0,3,262396,3,0
0,0,0,0,30,5,4953,205,0,0,0,0,0,250779,2,0
0,0,0,0,33,6,4954,205,0,0,0,0,0,235800,2,0
0,0,0,0,7,7,4955,205,0,0,0,0,0,219655,2,0
0,0,0,0,8,10,4956,205,0,0,0,0,0,256104,2,0
0,0,0,0,38,13,4957,205,0,0,0,0,0,237840,4,0
0,0,0,0,6,15,4958,205,0,0,0,0,0,242332,2,0
0,0,0,0,20,24,4959,205,0,0,0,0,2,220165,1,0
0,0,0,0,10,26,4960,205,0,0,0,0,0,241628,3,0
0,0,0,0,9,28,4961,205,0,0,0,0,0,201285,2,0
0,0,0,0,77,28,4962,205,0,0,0,0,0,264436,3,0
0,0,0,0,24,28,4963,205,0,0,0,0,0,271201,3,0
0,0,0,0,15,28,4964,205,0,0,0,0,0,263647,2,0
0,0,0,0,12,28,4965,205,0,0,0,0,0,247289,3,0
0,0,0,0,19,28,4966,205,0,0,0,0,0,258533,2,0
0,0,0,0,25,28,4967,205,0,0,0,0,0,273936,3,0
0,0,0,0,99,28,4968,205,0,0,0,0,0,240788,3,0
0,0,0,0,21,28,4969,205,0,0,0,0,0,206225,3,0
0,0,0,0,13,28,4970,205,0,0,0,0,0,209637,3,0
0,0,0,0,18,28,4971,205,0,0,0,0,0,192612,3,0
0,0,0,0,31,28,4972,205,0,0,0,0,0,238988,3,0
0,0,0,0,23,29,4973,205,0,0,0,0,0,230636,3,0
0,0,0,0,60,29,4974,205,0,0,0,0,0,278306,3,0
0,0,0,0,67,29,4975,205,0,0,0,0,0,70997,3,0
0,0,0,0,1,0,4976,206,0,0,0,0,0,215363,2,0
0,0,0,0,18,3,4977,206,0,0,0,0,0,229971,2,0
0,0,0,0,27,4,4978,206,0,0,0,0,0,213404,3,0
0,0,0,0,23,6,4979,206,0,0,0,0,0,242392,3,0
0,0,0,0,32,7,4980,206,0,0,0,0,0,251870,3,0
1,0,0,0,33,9,4981,206,0,0,0,0,0,222148,3,0
0,0,0,0,25,11,4982,206,0,0,0,0,0,230065,4,0
4,0,0,1,17,12,4983,206,0,0,0,0,0,264257,3,0
3,0,0,1,8,16,4984,206,0,0,0,0,0,212127,2,0
4,0,0,1,90,18,4985,206,0,0,0,0,0,268683,3,0
3,0,0,1,99,25,4986,206,0,0,0,0,0,223137,2,0
1,0,0,0,31,28,4987,206,0,0,0,0,0,255233,3,0
0,0,0,0,38,28,4988,206,0,0,0,0,0,262937,3,0
0,0,0,0,19,28,4989,206,0,0,0,0,0,235172,3,0
2,0,0,0,42,28,4990,206,0,0,0,0,0,269181,2,0
0,0,0,0,34,28,4991,206,0,0,0,0,0,210940,3,0
2,0,0,0,11,28,4992,206,0,0,0,0,1,224301,4,0
0,0,0,0,21,28,4993,206,0,0,0,0,0,270686,3,0
0,0,0,0,6,28,4994,206,0,0,0,0,0,275163,3,0
0,0,0,0,10,28,4995,206,0,0,0,0,0,70922,3,0
0,0,0,0,37,28,4996,206,0,0,0,0,0,279876,3,0
3,0,0,1,9,28,4997,206,0,0,0,0,0,231835,1,0
0,0,0,0,7,28,4998,206,0,0,0,0,0,262335,3,0
0,0,0,0,13,29,4999,206,0,0,0,0,0,255453,3,0
0,0,0,0,16,29,5000,206,0,0,0,0,0,271578,3,0
0,0,0,0,22,29,5001,206,0,0,0,0,0,202793,3,0
0,0,0,0,30,0,5002,347,0,0,0,0,0,210676,2,0
2,0,0,1,17,3,5003,347,0,0,0,0,0,245863,2,0
0,0,0,0,5,4,5004,347,0,0,0,0,0,238370,3,0
0,0,0,0,6,6,5005,347,0,0,0,0,0,268573,2,0
0,0,0,0,25,7,5006,347,0,0,0,0,0,244717,2,0
2,0,0,1,7,23,5007,347,0,0,0,0,0,236706,2,0
0,0,0,0,77,13,5008,347,0,0,0,0,0,263469,3,0
1,0,0,0,20,14,5009,347,0,0,0,0,0,243787,2,0
1,0,0,0,8,15,5010,347,0,0,0,0,0,251790,2,0
2,0,0,1,22,27,5011,347,0,0,0,0,0,271197,3,0
7,0,0,1,9,25,5012,347,0,0,0,0,0,277839,2,0
5,0,0,1,91,28,5013,347,0,0,0,0,0,248385,3,0
0,0,0,0,50,28,5014,347,0,0,0,0,0,253139,3,0
0,0,0,0,59,28,5015,347,0,0,0,0,0,236535,3,0
2,0,0,1,13,28,5016,347,0,0,0,0,0,277432,2,0
0,0,0,0,21,28,5017,347,0,0,0,0,0,257580,3,0
3,0,0,1,10,28,5018,347,0,0,0,0,0,233265,3,0
2,0,0,1,11,28,5019,347,0,0,0,0,0,201858,3,0
0,0,0,0,12,28,5020,347,0,0,0,0,0,220509,3,0
1,0,0,0,16,28,5021,347,0,0,0,0,0,271196,3,0
0,0,0,0,29,28,5022,347,0,0,0,0,0,222982,2,0
0,0,0,0,55,28,5023,347,0,0,0,0,0,230143,3,0
0,0,0,0,40,28,5024,347,0,0,0,0,0,278623,3,0
0,0,0,0,18,29,5025,347,0,0,0,0,0,271198,3,0
0,0,0,0,45,29,5026,347,0,0,0,0,0,277636,3,0
0,0,0,0,83,29,5027,347,0,0,0,0,0,264335,3,0
0,0,0,0,24,29,5028,347,0,0,0,0,0,270976,3,0
0,0,0,0,98,29,5029,347,0,0,0,0,0,277734,3,0
0,0,0,0,99,29,5030,347,0,0,0,0,0,239573,3,0
0,0,0,0,1,0,5031,1745,0,0,0,0,0,244274,3,0
0,0,0,0,6,3,5032,1745,0,0,0,0,0,268673,2,0
0,0,0,0,93,4,5033,1745,0,0,0,0,0,211557,2,0
0,0,0,0,2,6,5034,1745,0,0,0,0,1,223524,2,0
0,0,0,0,3,7,5035,1745,0,0,0,0,0,252704,3,0
1,0,0,1,21,12,5036,1745,0,0,0,0,0,235949,2,0
0,0,0,0,14,13,5037,1745,0,0,0,0,0,220933,2,0
0,0,0,0,28,15,5038,1745,0,0,0,0,0,229082,3,0
0,0,0,0,33,16,5039,1745,0,0,0,0,0,254579,2,0
0,0,0,0,10,24,5040,1745,0,0,0,0,0,237715,4,0
0,0,0,0,9,26,5041,1745,0,0,0,0,0,268674,3,0
0,0,0,0,77,28,5042,1745,0,0,0,0,0,240240,3,0
0,0,0,0,23,28,5043,1745,0,0,0,0,0,254019,3,0
0,0,0,0,8,28,5044,1745,0,0,0,0,0,205407,3,0
0,0,0,0,27,28,5045,1745,0,0,0,0,0,258505,3,0
0,0,0,0,22,28,5046,1745,0,0,0,0,0,186611,3,0
0,0,0,0,90,28,5047,1745,1,0,0,0,2,196889,4,0
0,0,0,0,7,28,5048,1745,0,0,0,0,0,238474,3,0
0,0,0,0,84,28,5049,1745,0,0,0,0,0,258564,3,0
0,0,0,0,4,28,5050,1745,0,0,0,0,0,240626,3,0
0,0,0,0,70,28,5051,1745,0,0,0,0,0,253714,3,0
0,0,0,0,94,28,5052,1745,0,0,0,0,0,253120,3,0
0,0,0,0,5,28,5053,1745,0,0,0,0,0,268762,3,0
0,0,0,0,12,29,5054,1745,0,0,0,0,0,271105,3,0
0,0,0,0,32,29,5055,1745,0,0,0,0,0,279473,3,0
0,0,0,0,17,29,5056,1745,0,0,0,0,0,279581,3,0
0,0,0,0,99,29,5057,1745,0,0,0,0,0,70650,3,0
0,0,0,0,11,29,5058,1745,0,0,0,0,0,277853,3,0
0,0,0,0,44,29,5059,1745,0,0,0,0,0,213685,3,0
0,0,0,0,26,29,5060,1745,0,0,0,0,0,262474,3,0
0,0,0,0,25,0,5061,1746,0,0,0,0,0,255303,1,0
0,0,0,0,19,4,5062,1746,0,0,0,0,0,199763,2,0
0,0,0,0,34,5,5063,1746,0,0,0,0,0,258782,3,0
1,0,0,1,33,6,5064,1746,0,0,0,0,0,220534,3,0
1,0,0,1,11,12,5065,1746,0,0,0,0,0,220491,2,0
0,0,0,0,5,13,5066,1746,0,0,0,0,0,220475,3,0
0,0,0,0,18,15,5067,1746,0,0,0,0,0,235813,3,0
0,0,0,0,13,16,5068,1746,0,0,0,0,0,242429,3,0
1,0,0,1,21,17,5069,1746,0,0,0,0,0,266596,3,0
4,0,0,1,10,19,5070,1746,0,0,0,0,0,204077,3,0
1,0,0,1,28,25,5071,1746,0,0,0,0,0,268703,3,0
3,0,0,1,9,28,5072,1746,0,0,0,0,0,189053,2,0
3,0,0,1,20,28,5073,1746,0,0,0,0,0,263929,3,0
4,0,0,1,27,28,5074,1746,0,0,0,0,0,239732,3,0
1,0,0,1,30,28,5075,1746,0,0,0,0,0,225189,3,0
0,0,0,0,99,28,5076,1746,0,0,0,0,0,189296,3,0
0,0,0,0,29,28,5077,1746,0,0,0,0,0,236838,2,0
0,0,0,0,2,28,5078,1746,0,0,0,0,0,70252,3,0
1,0,0,1,8,28,5079,1746,0,0,0,0,0,228698,3,0
0,0,0,0,7,28,5080,1746,0,0,0,0,0,277515,3,0
0,0,0,0,39,28,5081,1746,0,0,0,0,0,279878,3,0
0,0,0,0,23,28,5082,1746,0,0,0,0,0,193338,3,0
0,0,0,0,1,28,5083,1746,0,0,0,0,0,230858,3,0
0,0,0,0,31,29,5084,1746,0,0,0,0,0,276754,3,0
0,0,0,0,24,29,5085,1746,0,0,0,0,0,224213,3,0
0,0,0,0,3,29,5086,1746,0,0,0,0,0,230681,2,0
1,0,0,1,17,29,5087,1746,0,0,0,0,0,213829,3,0
0,0,0,0,4,29,5088,1746,0,0,0,0,0,243497,3,0
0,0,0,0,22,0,5089,1842,0,0,0,0,0,220048,1,0
1,0,0,0,28,3,5090,1842,0,0,0,0,0,252964,3,0
2,0,0,0,26,4,5091,1842,0,0,0,0,0,220523,1,0
2,0,0,0,4,6,5092,1842,0,0,0,0,0,237586,2,0
1,0,0,0,27,7,5093,1842,0,0,0,0,0,240100,3,0
1,0,0,0,29,9,5094,1842,0,0,0,0,0,270597,3,0
0,0,0,0,14,11,5095,1842,0,0,0,0,0,229743,2,0
2,0,0,0,8,12,5096,1842,0,0,0,0,1,230965,4,0
1,0,0,0,21,16,5097,1842,0,0,0,0,0,226592,3,0
5,0,0,1,70,18,5098,1842,0,0,0,0,0,246877,3,0
2,0,0,0,9,25,5099,1842,0,0,0,0,0,211302,3,0
5,0,0,1,10,28,5100,1842,0,0,0,0,0,173160,3,0
0,0,0,0,16,28,5101,1842,0,0,0,0,0,272725,2,0
0,0,0,0,23,28,5102,1842,0,0,0,0,0,224302,3,0
0,0,0,0,37,28,5103,1842,0,0,0,0,0,222388,3,0
0,0,0,0,1,28,5104,1842,0,0,0,0,0,231073,3,0
1,0,0,0,32,28,5105,1842,0,0,0,0,0,215689,3,0
4,0,0,1,77,28,5106,1842,0,0,0,0,0,259011,2,0
0,0,0,0,18,28,5107,1842,0,0,0,0,0,171490,3,0
0,0,0,0,33,28,5108,1842,0,0,0,0,0,266636,2,0
2,0,0,0,25,28,5109,1842,0,0,0,0,0,271577,2,0
2,0,0,0,19,28,5110,1842,0,0,0,0,0,269276,3,0
3,0,0,1,61,28,5111,1842,0,0,0,0,0,239964,2,0
0,0,0,0,17,29,5112,1842,0,0,0,0,0,229150,3,0
0,0,0,0,99,29,5113,1842,0,0,0,0,0,261243,3,0
0,0,0,0,34,29,5114,1842,0,0,0,0,0,70049,3,0
4,0,0,1,30,29,5115,1842,0,0,0,0,0,205850,3,0
0,0,0,0,5,29,5116,1842,0,0,0,0,0,172786,3,0
0,0,0,0,1,0,5117,110374,0,0,0,0,0,205812,3,0
1,0,0,0,33,3,5118,110374,0,0,0,0,0,277869,3,0
0,0,0,0,4,4,5119,110374,0,0,0,0,0,238095,3,0
2,0,0,0,16,6,5120,110374,0,0,0,0,0,240777,3,0
1,0,0,0,3,7,5121,110374,0,0,0,0,0,201389,3,0
1,0,0,0,6,9,5122,110374,0,0,0,0,0,230658,5,0
3,0,0,0,38,11,5123,110374,0,0,0,0,0,225439,3,0
10,0,0,1,10,12,5124,110374,0,0,0,0,0,240690,4,0
2,0,0,0,99,16,5125,110374,0,0,0,0,0,235866,3,0
7,0,0,1,5,18,5126,110374,0,0,0,0,0,189125,3,0
2,0,0,0,18,25,5127,110374,0,0,0,0,0,240452,2,0
4,0,0,1,20,28,5128,110374,0,0,0,0,0,208596,3,0
2,0,0,0,7,28,5129,110374,0,0,0,0,0,246431,3,0
2,0,0,0,32,28,5130,110374,0,0,0,0,0,208535,3,0
0,0,0,0,65,28,5131,110374,0,0,0,0,0,258976,3,0
0,0,0,0,53,28,5132,110374,0,0,0,0,0,236758,3,0
5,0,0,1,28,28,5133,110374,0,0,0,0,0,228708,2,0
0,0,0,0,22,28,5134,110374,0,0,0,0,0,195272,3,0
6,0,0,1,9,28,5135,110374,0,0,0,0,0,246258,3,0
3,0,0,0,11,28,5136,110374,0,0,0,0,0,234612,3,0
2,0,0,0,72,28,5137,110374,0,0,0,0,0,236791,4,0
0,0,0,0,8,28,5138,110374,0,0,0,0,0,224030,3,0
0,0,0,0,2,28,5139,110374,0,0,0,0,0,234112,3,0
1,0,0,0,17,29,5140,110374,0,0,0,0,0,225014,3,0
0,0,0,0,19,29,5141,110374,0,0,0,0,0,258104,3,0
0,0,0,0,37,29,5142,110374,0,0,0,0,0,278340,3,0
0,0,0,0,30,29,5143,110374,0,0,0,0,0,275325,3,0
0,0,0,0,12,29,5144,110374,0,0,0,0,0,268750,3,0
0,0,0,0,1,0,5145,110556,0,0,0,0,0,243311,3,0
0,0,0,0,20,3,5146,110556,0,0,0,0,0,206159,2,0
0,0,0,0,4,4,5147,110556,0,0,0,0,0,265774,3,0
2,0,0,1,13,5,5148,110556,0,0,0,0,0,224378,3,0
1,0,0,0,22,6,5149,110556,0,0,0,0,0,244349,4,0
0,0,0,0,3,7,5150,110556,0,0,0,0,0,236295,3,0
1,0,0,0,47,10,5151,110556,0,0,0,0,1,201144,4,0
1,0,0,0,10,13,5152,110556,0,0,0,0,0,240938,3,0
2,0,0,1,32,15,5153,110556,0,0,0,0,0,242633,4,0
14,1,0,1,11,24,5154,110556,0,0,0,0,0,238004,4,0
7,0,0,1,19,26,5155,110556,0,0,0,0,0,241850,2,0
1,0,0,0,9,28,5156,110556,0,0,0,0,0,263829,3,0
0,0,0,0,8,28,5157,110556,0,0,0,0,0,189712,3,0
2,0,0,1,2,28,5158,110556,0,0,0,0,0,222475,4,0
0,0,0,0,55,28,5159,110556,0,0,0,0,0,210384,3,0
0,0,0,0,16,28,5160,110556,0,0,0,0,0,201299,3,0
3,0,0,1,17,28,5161,110556,0,0,0,0,0,231969,3,0
0,0,0,0,90,28,5162,110556,0,0,0,0,0,243702,3,0
0,0,0,0,5,28,5163,110556,0,0,0,0,0,234894,3,0
0,0,0,0,14,28,5164,110556,0,0,0,0,0,245566,3,0
4,0,0,1,18,28,5165,110556,0,0,0,0,0,239795,4,0
0,0,0,0,23,28,5166,110556,0,0,0,0,0,266304,3,0
0,0,0,0,30,28,5167,110556,0,0,0,0,0,260789,3,0
0,0,0,0,39,29,5168,110556,0,0,0,0,0,225432,3,0
0,0,0,0,99,29,5169,110556,0,0,0,0,0,70524,3,0
0,0,0,0,33,29,5170,110556,0,0,0,0,0,274082,3,0
0,0,0,0,94,0,5171,115841,0,0,0,0,0,224987,3,0
0,0,0,0,29,3,5172,115841,0,0,0,0,0,235374,2,0
2,0,0,0,4,4,5173,115841,0,0,0,0,1,206098,4,0
0,0,0,0,13,6,5174,115841,0,0,0,0,0,210413,4,0
1,0,0,0,77,7,5175,115841,0,0,0,0,0,224031,4,0
5,0,0,1,7,23,5176,115841,0,0,0,0,0,201995,2,0
2,0,0,0,8,13,5177,115841,0,0,0,0,0,236496,2,0
1,0,0,0,32,14,5178,115841,0,0,0,0,0,211361,3,0
5,0,0,1,10,15,5179,115841,0,0,0,0,0,198706,3,0
5,0,0,1,20,27,5180,115841,0,0,0,0,0,220502,4,0
7,0,0,1,17,25,5181,115841,0,0,0,0,0,192387,2,0
4,0,0,0,19,28,5182,115841,0,0,0,0,0,237712,3,0
3,0,0,0,18,28,5183,115841,0,0,0,0,0,248729,3,0
0,0,0,0,65,28,5184,115841,0,0,0,0,0,255001,3,0
0,0,0,0,34,28,5185,115841,0,0,0,0,0,268804,3,0
0,0,0,0,33,28,5186,115841,0,0,0,0,0,191011,3,0
1,0,0,0,6,28,5187,115841,0,0,0,0,0,232730,4,0
0,0,0,0,23,28,5188,115841,0,0,0,0,0,210864,3,0
1,0,0,0,9,28,5189,115841,0,0,0,0,0,189505,3,0
1,0,0,0,3,28,5190,115841,0,0,0,0,0,243237,3,0
6,0,0,1,5,28,5191,115841,0,0,0,0,1,219985,4,0
0,0,0,0,15,28,5192,115841,0,0,0,0,0,239770,3,0
0,0,0,0,22,28,5193,115841,0,0,0,0,0,273934,3,0
0,0,0,0,46,29,5194,115841,0,0,0,0,0,279228,3,0
0,0,0,0,35,29,5195,115841,0,0,0,0,0,278032,4,0
0,0,0,0,28,29,5196,115841,0,0,0,0,0,245639,3,0
0,0,0,0,56,29,5197,115841,0,0,0,0,0,70989,3,0
0,0,0,0,87,29,5198,115841,0,0,0,0,0,215810,3,0
0,0,0,0,70,29,5199,115841,0,0,0,0,0,278338,3,0
0,0,0,0,59,29,5200,115841,0,0,0,0,0,71397,3,0
0,0,0,0,99,29,5201,115841,0,0,0,0,0,205343,3,0
0,0,0,0,29,0,5202,115845,0,0,0,0,0,252154,3,0
0,0,0,0,42,4,5203,115845,0,0,0,0,0,265188,3,0
0,0,0,0,19,5,5204,115845,0,0,0,0,0,208165,4,0
1,0,0,0,23,6,5205,115845,0,0,0,0,0,207993,3,0
2,0,0,0,77,12,5206,115845,0,0,0,0,0,216150,3,0
0,0,0,0,15,13,5207,115845,0,0,0,0,0,208461,2,0
5,0,0,0,8,15,5208,115845,0,0,0,0,0,223273,4,0
0,0,0,0,22,16,5209,115845,0,0,0,0,0,259584,4,0
12,1,0,1,7,18,5210,115845,0,0,0,0,0,240679,4,0
9,0,0,1,17,24,5211,115845,0,0,0,0,0,251470,5,0
9,0,0,1,11,26,5212,115845,0,0,0,0,0,230899,3,0
6,0,0,1,13,28,5213,115845,0,0,0,0,0,266866,4,0
0,0,0,0,33,28,5214,115845,0,0,0,0,0,220093,4,0
0,0,0,0,4,28,5215,115845,0,0,0,0,0,260697,4,0
1,0,0,0,3,28,5216,115845,0,0,0,0,0,246656,3,0
0,0,0,0,1,28,5217,115845,0,0,0,0,0,214979,3,0
10,0,0,1,90,28,5218,115845,0,0,0,0,0,226710,4,0
3,0,0,0,59,28,5219,115845,0,0,0,0,0,214092,3,0
2,0,0,0,10,28,5220,115845,0,0,0,0,0,255529,3,0
0,0,0,0,2,28,5221,115845,0,0,0,0,0,187598,3,0
1,0,0,0,20,28,5222,115845,0,0,0,0,0,239368,3,0
0,0,0,0,25,28,5223,115845,0,0,0,0,0,254982,3,0
0,0,0,0,6,28,5224,115845,0,0,0,0,0,217196,3,0
0,0,0,0,31,29,5225,115845,0,0,0,0,0,194894,3,0
0,0,0,0,43,29,5226,115845,0,0,0,0,0,278354,3,0
0,0,0,0,99,29,5227,115845,0,0,0,0,0,211515,3,0
0,0,0,0,16,0,5228,131681,0,0,0,0,0,215698,3,0
0,0,0,0,2,3,5229,131681,0,0,0,0,0,228881,3,0
2,0,0,0,46,4,5230,131681,0,0,0,0,0,240277,3,0
4,0,0,0,23,6,5231,131681,0,0,0,0,0,232756,3,0
5,0,0,0,19,7,5232,131681,0,0,0,0,0,232656,3,0
3,0,0,0,14,9,5233,131681,0,0,0,0,0,240638,3,0
1,0,0,0,4,11,5234,131681,0,0,0,0,0,226754,3,0
12,0,0,1,11,12,5235,131681,0,0,0,0,0,227796,3,0
8,0,0,1,10,16,5236,131681,0,0,0,0,0,241721,3,0
6,0,0,1,8,18,5237,131681,0,0,0,0,0,213666,3,0
14,0,0,1,9,25,5238,131681,0,0,0,0,0,178509,3,0
1,0,0,0,7,28,5239,131681,0,0,0,0,0,243627,3,0
0,0,0,0,32,28,5240,131681,0,0,0,0,0,252060,3,0
0,0,0,0,20,28,5241,131681,0,0,0,0,0,255654,3,0
1,0,0,0,42,28,5242,131681,0,0,0,0,0,203551,3,0
0,0,0,0,99,28,5243,131681,0,0,0,0,0,278331,3,0
1,0,0,0,21,28,5244,131681,0,0,0,0,0,246172,3,0
6,0,0,1,17,28,5245,131681,0,0,0,0,0,242530,3,0
0,0,0,0,28,28,5246,131681,0,0,0,0,0,256261,3,0
0,0,0,0,80,28,5247,131681,0,0,0,0,0,253177,3,0
4,0,0,0,3,28,5248,131681,0,0,0,0,0,256899,3,0
0,0,0,0,5,28,5249,131681,0,0,0,0,0,271579,3,0
4,0,0,0,1,28,5250,131681,0,0,0,0,0,255611,3,0
0,0,0,0,57,29,5251,131681,0,0,0,0,0,216065,3,0
0,0,0,0,85,29,5252,131681,0,0,0,0,0,278351,3,0
0,0,0,0,74,29,5253,131681,0,0,0,0,0,278928,3,0
1,0,0,0,82,29,5254,131681,0,0,0,0,0,277022,3,0
0,0,0,0,95,29,5255,131681,0,0,0,0,0,278237,3,0
0,0,0,0,1,0,5256,131682,0,0,0,0,0,177683,3,0
2,0,0,0,28,3,5257,131682,0,0,0,0,0,184392,3,0
0,0,0,0,15,4,5258,131682,0,0,0,0,0,226851,3,0
3,0,0,0,95,5,5259,131682,0,0,0,0,0,199845,3,0
1,0,0,0,20,6,5260,131682,0,0,0,0,0,237383,3,0
5,0,0,1,36,7,5261,131682,0,0,0,0,0,226268,3,0
13,0,0,1,23,10,5262,131682,0,0,0,0,0,208128,3,0
2,0,0,0,22,13,5263,131682,0,0,0,0,0,224232,3,0
2,0,0,0,32,15,5264,131682,0,0,0,0,0,192883,3,0
24,0,0,1,10,24,5265,131682,0,0,0,0,0,231478,3,0
13,0,0,1,9,26,5266,131682,0,0,0,0,0,228093,3,0
6,0,0,1,99,28,5267,131682,0,0,0,0,0,239807,3,0
1,0,0,0,6,28,5268,131682,0,0,0,0,0,198176,3,0
3,0,0,0,2,28,5269,131682,0,0,0,0,0,233096,3,0
2,0,0,0,31,28,5270,131682,0,0,0,0,0,241736,3,0
0,0,0,0,12,28,5271,131682,0,0,0,0,0,219715,3,0
3,0,0,0,3,28,5272,131682,0,0,0,0,0,184200,3,0
0,0,0,0,30,28,5273,131682,0,0,0,0,0,258648,3,0
1,0,0,0,17,28,5274,131682,0,0,0,0,0,246800,3,0
0,0,0,0,44,28,5275,131682,0,0,0,0,0,70471,3,0
1,0,0,0,21,28,5276,131682,0,0,0,0,0,264699,3,0
3,0,0,0,4,28,5277,131682,0,0,0,0,0,210406,3,0
2,0,0,0,5,28,5278,131682,0,0,0,0,0,272602,3,0
0,0,0,0,99,0,5279,131683,0,0,0,0,0,235840,3,0
0,0,0,0,1,3,5280,131683,0,0,0,0,0,237003,3,0
0,0,0,0,2,4,5281,131683,0,0,0,0,0,206654,3,0
0,0,0,0,3,6,5282,131683,0,0,0,0,0,216145,3,0
0,0,0,0,4,7,5283,131683,0,0,0,0,0,198946,3,0
0,0,0,0,5,9,5284,131683,0,0,0,0,0,230817,3,0
1,0,0,1,6,11,5285,131683,0,0,0,0,0,212153,3,0
8,0,0,1,7,17,5286,131683,0,0,0,0,0,251988,3,0
6,0,0,1,8,18,5287,131683,0,0,0,0,0,239613,3,0
0,0,0,0,9,19,5288,131683,0,0,0,0,0,202848,3,0
9,0,0,1,10,25,5289,131683,0,0,0,0,0,192840,3,0
0,0,0,0,12,28,5290,131683,0,0,0,0,0,219812,3,0
1,0,0,1,14,28,5291,131683,0,0,0,0,0,257353,3,0
1,0,0,1,11,28,5292,131683,0,0,0,0,0,199776,3,0
1,0,0,1,13,28,5293,131683,0,0,0,0,0,257000,3,0
0,0,0,0,15,28,5294,131683,0,0,0,0,0,271146,3,0
4,0,0,1,16,28,5295,131683,0,0,0,0,0,234147,3,0
1,0,0,1,17,28,5296,131683,0,0,0,0,0,265595,3,0
0,0,0,0,19,28,5297,131683,0,0,0,0,0,230824,3,0
0,0,0,0,18,28,5298,131683,0,0,0,0,0,71295,3,0
0,0,0,0,20,28,5299,131683,0,0,0,0,0,248171,3,0
0,0,0,0,12,0,5300,1744,0,0,0,0,0,197689,3,0
0,0,0,0,8,3,5301,1744,0,0,0,0,0,242411,3,0
3,0,0,1,19,4,5302,1744,0,0,0,0,0,268754,3,0
0,0,0,0,4,5,5303,1744,0,0,0,0,0,268923,2,0
0,0,0,0,33,6,5304,1744,0,0,0,0,0,252746,3,0
0,0,0,0,91,7,5305,1744,0,0,0,0,0,270131,3,0
1,0,0,0,16,10,5306,1744,0,0,0,0,0,225428,3,0
1,0,0,0,6,13,5307,1744,0,0,0,0,0,259058,4,0
7,0,0,1,5,15,5308,1744,0,0,0,0,0,224982,4,0
3,0,0,1,17,24,5309,1744,0,0,0,0,0,219632,3,0
1,0,0,0,9,26,5310,1744,0,0,0,0,0,220065,3,0
3,0,0,1,10,28,5311,1744,0,0,0,0,0,200930,3,0
2,0,0,0,7,28,5312,1744,0,0,0,0,0,268926,3,0
0,0,0,0,29,28,5313,1744,0,0,0,0,0,232271,3,0
1,0,0,0,3,28,5314,1744,0,0,0,0,0,268937,3,0
0,0,0,0,26,28,5315,1744,0,0,0,0,0,230925,2,0
6,0,0,1,32,28,5316,1744,2,0,0,0,2,235867,5,0
0,0,0,0,20,28,5317,1744,0,0,0,0,0,224902,3,0
0,0,0,0,27,28,5318,1744,0,0,0,0,0,278014,2,0
0,0,0,0,99,28,5319,1744,0,0,0,0,0,268924,3,0
5,0,0,1,90,28,5320,1744,0,0,0,0,0,270098,3,0
2,0,0,0,23,28,5321,1744,0,0,0,0,0,270956,4,0
1,0,0,0,73,28,5322,1744,0,0,0,0,0,270755,3,0
3,0,0,1,30,29,5323,1744,1,0,0,0,1,277030,5,0
0,0,0,0,14,29,5324,1744,0,0,0,0,0,271921,3,0
0,0,0,0,22,29,5325,1744,0,0,0,0,0,276478,3,0
0,0,0,0,42,29,5326,1744,0,0,0,0,0,276813,3,0
0,0,0,0,1,0,5327,1837,0,0,0,0,0,269271,4,0
0,0,0,0,2,4,5328,1837,0,0,0,0,0,201939,3,0
2,0,0,0,87,5,5329,1837,0,0,0,0,0,277695,3,0
2,0,0,0,33,6,5330,1837,0,0,0,0,0,277597,3,0
4,0,0,1,23,12,5331,1837,0,0,0,0,0,235834,3,0
0,0,0,0,28,13,5332,1837,0,0,0,0,0,266069,3,0
2,0,0,0,55,15,5333,1837,0,0,0,0,0,262091,4,0
2,0,0,0,21,16,5334,1837,0,0,0,0,0,270088,3,0
9,0,0,1,16,17,5335,1837,3,0,0,0,3,186200,5,0
6,0,0,1,7,19,5336,1837,0,0,0,0,1,247888,4,0
10,0,0,1,9,25,5337,1837,0,0,0,0,1,237391,4,0
1,0,0,0,10,28,5338,1837,0,0,0,0,0,205531,3,0
5,0,0,1,14,28,5339,1837,0,0,0,0,0,197900,3,0
1,0,0,0,40,28,5340,1837,0,0,0,0,0,225995,4,0
1,0,0,0,29,28,5341,1837,0,0,0,0,0,205934,3,0
0,0,0,0,22,28,5342,1837,0,0,0,0,0,173165,3,0
1,0,0,0,19,28,5343,1837,0,0,0,0,0,258846,3,0
3,0,0,0,11,28,5344,1837,0,0,0,0,0,266158,3,0
1,0,0,0,46,28,5345,1837,0,0,0,0,0,70824,3,0
0,0,0,0,25,28,5346,1837,0,0,0,0,0,219852,3,0
0,0,0,0,3,28,5347,1837,0,0,0,0,0,220493,3,0
1,0,0,0,80,28,5348,1837,0,0,0,0,0,244672,3,0
0,0,0,0,8,28,5349,1837,0,0,0,0,0,208424,4,0
0,0,0,0,32,29,5350,1837,0,0,0,0,0,257777,3,0
0,0,0,0,43,29,5351,1837,0,0,0,0,0,279578,3,0
0,0,0,0,13,29,5352,1837,0,0,0,0,0,223329,3,0
0,0,0,0,4,29,5353,1837,0,0,0,0,0,233943,3,0
0,0,0,0,5,29,5354,1837,0,0,0,0,0,246100,3,0
0,0,0,0,47,29,5355,1837,0,0,0,0,0,70823,3,0
0,0,0,0,45,29,5356,1837,0,0,0,0,0,70825,3,0
0,0,0,0,1,0,5357,1843,0,0,0,0,0,276839,3,0
2,0,0,0,18,4,5358,1843,0,0,0,0,0,242614,3,0
2,0,0,0,5,5,5359,1843,0,0,0,0,0,204447,4,0
2,0,0,0,32,6,5360,1843,0,0,0,0,0,219956,3,0
4,0,0,1,23,12,5361,1843,1,0,0,0,1,270133,4,0
0,0,0,0,4,13,5362,1843,0,0,0,0,0,245035,3,0
4,0,0,1,14,15,5363,1843,0,0,0,0,0,244874,4,0
2,0,0,0,3,16,5364,1843,0,0,0,0,0,261313,2,0
5,0,0,1,17,18,5365,1843,0,0,0,0,0,213814,2,0
17,1,0,1,9,24,5366,1843,0,0,0,0,1,253019,2,0
4,0,0,1,7,26,5367,1843,0,0,0,0,0,224508,3,0
5,0,0,1,27,28,5368,1843,0,0,0,0,1,236767,3,0
1,0,0,0,53,28,5369,1843,0,0,0,0,0,219952,3,0
0,0,0,0,20,28,5370,1843,0,0,0,0,0,276451,3,0
1,0,0,0,25,28,5371,1843,0,0,0,0,0,269350,3,0
0,0,0,0,22,28,5372,1843,0,0,0,0,0,205530,3,0
2,0,0,0,11,28,5373,1843,0,0,0,0,0,212381,3,0
7,0,0,1,8,28,5374,1843,0,0,0,0,0,244836,2,0
0,0,0,0,70,28,5375,1843,0,0,0,0,0,277013,3,0
4,0,0,1,6,28,5376,1843,0,0,0,0,0,240095,3,0
1,0,0,0,2,28,5377,1843,0,0,0,0,0,242690,3,0
1,0,0,0,80,28,5378,1843,0,0,0,0,0,238282,3,0
1,0,0,0,31,28,5379,1843,0,0,0,0,0,273917,3,0
0,0,0,0,15,29,5380,1843,0,0,0,0,0,239478,3,0
0,0,0,0,13,29,5381,1843,0,0,0,0,0,271889,3,0
0,0,0,0,12,29,5382,1843,0,0,0,0,0,277646,3,0
0,0,0,0,10,29,5383,1843,0,0,0,0,0,220517,3,0
0,0,0,0,22,0,5384,1848,0,0,0,0,0,263782,3,0
1,0,0,0,93,3,5385,1848,0,0,0,0,0,270084,3,0
4,0,0,1,6,4,5386,1848,1,0,0,0,2,137786,5,0
1,0,0,0,23,6,5387,1848,0,0,0,0,0,215433,4,0
1,0,0,0,31,7,5388,1848,0,0,0,0,0,226467,4,0
0,0,0,0,91,23,5389,1848,0,0,0,0,0,262333,3,0
0,0,0,0,4,13,5390,1848,0,0,0,0,0,268510,3,0
1,0,0,0,8,14,5391,1848,0,0,0,0,0,203782,4,0
2,0,0,1,24,15,5392,1848,0,0,0,0,0,242325,3,0
11,0,0,1,20,27,5393,1848,1,0,0,0,1,258475,4,0
4,0,0,1,47,25,5394,1848,0,0,0,0,0,225652,3,0
0,0,0,0,49,28,5395,1848,0,0,0,0,0,219984,3,0
0,0,0,0,17,28,5396,1848,0,0,0,0,0,198223,4,0
0,0,0,0,19,28,5397,1848,0,0,0,0,0,271529,3,0
0,0,0,0,5,28,5398,1848,0,0,0,0,0,273916,3,0
0,0,0,0,38,28,5399,1848,0,0,0,0,0,278099,4,0
6,0,0,1,9,28,5400,1848,0,0,0,0,1,270614,4,0
0,0,0,0,14,28,5401,1848,0,0,0,0,0,228515,3,0
0,0,0,0,21,28,5402,1848,0,0,0,0,0,271540,3,0
1,0,0,0,25,28,5403,1848,0,0,0,0,0,205691,4,0
2,0,0,1,18,28,5404,1848,0,0,0,0,0,236213,3,0
0,0,0,0,77,28,5405,1848,0,0,0,0,0,273913,3,0
0,0,0,0,10,28,5406,1848,0,0,0,0,0,205548,3,0
0,0,0,0,44,29,5407,1848,0,0,0,0,0,225128,4,0
1,0,0,0,11,29,5408,1848,0,0,0,0,0,278063,3,0
0,0,0,0,12,29,5409,1848,0,0,0,0,0,70505,3,0
1,0,0,0,28,29,5410,1848,0,0,0,0,0,278181,3,0
2,0,0,1,26,29,5411,1848,0,0,0,0,0,268751,3,0
0,0,0,0,32,29,5412,1848,0,0,0,0,0,71804,3,0
0,0,0,0,99,29,5413,1848,0,0,0,0,0,240636,3,0
0,0,0,0,13,0,5414,110373,0,0,0,0,0,140233,3,0
0,0,0,0,24,4,5415,110373,0,0,0,0,0,274947,3,0
0,0,0,0,17,5,5416,110373,0,0,0,0,0,179847,4,0
0,0,0,0,98,6,5417,110373,0,0,0,0,0,257368,4,0
0,0,0,0,6,12,5418,110373,0,0,0,0,0,223570,4,0
0,0,0,0,18,13,5419,110373,0,0,0,0,0,230107,4,0
0,0,0,0,26,15,5420,110373,0,0,0,0,0,245275,2,0
0,0,0,0,3,16,5421,110373,0,0,0,0,0,252000,3,0
0,0,0,0,87,17,5422,110373,0,0,0,0,0,173221,3,0
0,0,0,0,33,19,5423,110373,0,0,0,0,0,264880,3,0
0,0,0,0,22,25,5424,110373,0,0,0,0,0,277832,2,0
0,0,0,0,20,28,5425,110373,0,0,0,0,0,237335,3,0
0,0,0,0,25,28,5426,110373,0,0,0,0,0,236368,3,0
0,0,0,0,44,28,5427,110373,0,0,0,0,0,192774,3,0
0,0,0,0,27,28,5428,110373,0,0,0,0,1,270926,4,0
0,0,0,0,56,28,5429,110373,0,0,0,0,0,158121,3,0
0,0,0,0,14,28,5430,110373,0,0,0,0,0,251412,3,0
0,0,0,0,9,28,5431,110373,0,0,0,0,0,219496,3,0
0,0,0,0,1,28,5432,110373,0,0,0,0,0,185172,4,0
0,0,0,0,5,28,5433,110373,0,0,0,0,0,183907,3,0
0,0,0,0,59,28,5434,110373,0,0,0,0,0,268656,3,0
0,0,0,0,7,28,5435,110373,0,0,0,0,0,262083,3,0
0,0,0,0,10,28,5436,110373,0,0,0,0,0,246242,3,0
0,0,0,0,99,29,5437,110373,0,0,0,0,0,263317,3,0
0,0,0,0,55,29,5438,110373,0,0,0,0,0,240661,3,0
0,0,0,0,62,29,5439,110373,0,0,0,0,0,278323,3,0
0,0,0,0,4,29,5440,110373,0,0,0,0,0,70664,3,0
0,0,0,0,41,29,5441,110373,0,0,0,0,0,71399,3,0
0,0,0,0,36,29,5442,110373,0,0,0,0,0,278333,3,0
0,0,0,0,11,29,5443,110373,0,0,0,0,0,247758,3,0
0,0,0,0,1,0,5444,110738,0,0,0,0,0,205496,3,0
3,0,0,1,42,3,5445,110738,0,0,0,0,0,275162,2,0
2,0,0,0,33,4,5446,110738,0,0,0,0,0,229574,3,0
3,0,0,1,5,6,5447,110738,0,0,0,0,0,264480,3,0
1,0,0,0,20,7,5448,110738,0,0,0,0,0,245491,2,0
1,0,0,0,44,9,5449,110738,0,0,0,0,0,178007,3,0
2,0,0,0,8,11,5450,110738,0,0,0,0,0,252313,2,0
2,0,0,0,7,12,5451,110738,0,0,0,0,0,255174,3,0
3,0,0,1,17,16,5452,110738,0,0,0,0,0,238464,3,0
10,0,0,1,27,18,5453,110738,0,0,0,0,0,205089,3,0
4,0,0,1,32,25,5454,110738,0,0,0,0,1,222959,2,0
2,0,0,0,10,28,5455,110738,0,0,0,0,0,220829,2,0
3,0,0,1,77,28,5456,110738,1,0,0,0,2,192071,4,0
2,0,0,0,4,28,5457,110738,0,0,0,0,0,199174,3,0
1,0,0,0,19,28,5458,110738,0,0,0,0,0,252033,3,0
0,0,0,0,22,28,5459,110738,0,0,0,0,0,259057,3,0
6,0,0,1,9,28,5460,110738,0,0,0,0,1,268934,3,0
0,0,0,0,51,28,5461,110738,0,0,0,0,0,219594,3,0
2,0,0,0,28,28,5462,110738,0,0,0,0,0,276917,3,0
3,0,0,1,11,28,5463,110738,0,0,0,0,0,240797,3,0
0,0,0,0,6,28,5464,110738,0,0,0,0,0,208597,3,0
0,0,0,0,15,28,5465,110738,0,0,0,0,0,233396,3,0
0,0,0,0,30,28,5466,110738,0,0,0,0,0,202603,2,0
1,0,0,0,26,29,5467,110738,0,0,0,0,0,188031,3,0
0,0,0,0,3,29,5468,110738,0,0,0,0,0,240543,3,0
1,0,0,0,36,29,5469,110738,0,0,0,0,0,268790,3,0
0,0,0,0,34,29,5470,110738,0,0,0,0,0,277989,3,0
0,0,0,0,31,29,5471,110738,0,0,0,0,0,70821,3,0
0,0,0,0,99,29,5472,110738,0,0,0,0,0,256119,3,0
0,0,0,0,22,0,5473,110740,0,0,0,0,0,193786,3,0
0,0,0,0,31,4,5474,110740,0,0,0,0,0,206601,3,0
1,0,0,0,27,5,5475,110740,0,0,0,0,0,276477,4,0
1,0,0,0,4,6,5476,110740,0,0,0,0,0,208942,3,0
1,0,0,0,15,12,5477,110740,0,0,0,0,0,210880,2,0
1,0,0,0,77,13,5478,110740,0,0,0,0,0,216690,4,0
2,0,0,0,42,15,5479,110740,0,0,0,0,0,271477,3,0
4,0,0,1,3,16,5480,110740,0,0,0,0,0,276705,3,0
1,0,0,0,72,17,5481,110740,0,0,0,0,0,237382,3,0
5,0,0,1,90,19,5482,110740,1,0,0,0,1,259331,4,0
6,0,0,1,11,25,5483,110740,0,0,0,0,1,230940,3,0
4,0,0,1,28,28,5484,110740,0,0,0,0,0,255839,3,0
5,0,0,1,80,28,5485,110740,0,0,0,0,0,276905,3,0
0,0,0,0,33,28,5486,110740,0,0,0,0,0,231137,3,0
0,0,0,0,25,28,5487,110740,0,0,0,0,0,234747,3,0
0,0,0,0,12,28,5488,110740,0,0,0,0,0,235806,4,0
2,0,0,0,23,28,5489,110740,0,0,0,0,0,198701,3,0
0,0,0,0,19,28,5490,110740,0,0,0,0,0,226108,3,0
0,0,0,0,20,28,5491,110740,0,0,0,0,0,245714,3,0
1,0,0,0,9,28,5492,110740,0,0,0,0,0,237544,3,0
1,0,0,0,8,28,5493,110740,0,0,0,0,0,173146,3,0
0,0,0,0,30,28,5494,110740,0,0,0,0,0,276706,3,0
0,0,0,0,18,28,5495,110740,0,0,0,0,0,236836,3,0
0,0,0,0,1,29,5496,110740,0,0,0,0,0,277998,3,0
0,0,0,0,29,29,5497,110740,0,0,0,0,0,234873,3,0
0,0,0,0,17,29,5498,110740,0,0,0,0,0,276001,3,0
0,0,0,0,7,29,5499,110740,0,0,0,0,0,276002,3,0
0,0,0,0,16,29,5500,110740,0,0,0,0,0,254804,3,0
0,0,0,0,78,29,5501,110740,0,0,0,0,0,70507,3,0
0,0,0,0,14,29,5502,110740,0,0,0,0,0,277841,3,0
0,0,0,0,1,0,5503,110908,0,0,0,0,0,220720,3,0
0,0,0,0,92,3,5504,110908,0,0,0,0,0,224506,3,0
0,0,0,0,14,4,5505,110908,0,0,0,0,0,205708,3,0
3,0,0,1,4,6,5506,110908,0,0,0,0,0,236889,3,0
0,0,0,0,72,7,5507,110908,0,0,0,0,0,276443,3,0
3,0,0,1,24,12,5508,110908,0,0,0,0,0,276003,2,0
0,0,0,0,10,13,5509,110908,0,0,0,0,0,225381,3,0
2,0,0,0,20,15,5510,110908,0,0,0,0,1,228882,3,0
9,0,0,1,27,16,5511,110908,0,0,0,0,0,217338,3,0
15,1,0,1,9,24,5512,110908,0,0,0,0,2,209613,2,0
10,0,0,1,28,26,5513,110908,0,0,0,0,0,214676,3,0
3,0,0,1,8,28,5514,110908,0,0,0,0,0,209625,2,0
1,0,0,0,18,28,5515,110908,0,0,0,0,0,257164,3,0
1,0,0,0,23,28,5516,110908,0,0,0,0,0,193333,2,0
0,0,0,0,32,28,5517,110908,0,0,0,0,0,205556,2,0
0,0,0,0,16,28,5518,110908,0,0,0,0,0,208527,4,0
2,0,0,0,99,28,5519,110908,0,0,0,0,0,203668,2,0
0,0,0,0,7,28,5520,110908,0,0,0,0,0,271482,3,0
1,0,0,0,21,28,5521,110908,0,0,0,0,0,237613,2,0
0,0,0,0,44,28,5522,110908,0,0,0,0,0,277934,2,0
1,0,0,0,33,28,5523,110908,1,0,0,0,1,271399,2,0
1,0,0,0,17,28,5524,110908,0,0,0,0,0,236522,3,0
3,0,0,1,70,28,5525,110908,0,0,0,0,0,272726,3,0
0,0,0,0,22,29,5526,110908,0,0,0,0,0,277117,3,0
0,0,0,0,19,29,5527,110908,0,0,0,0,0,270943,2,0
0,0,0,0,99,0,5528,110915,0,0,0,0,0,225037,3,0
0,0,0,0,1,3,5529,110915,0,0,0,0,0,241118,3,0
0,0,0,0,2,4,5530,110915,0,0,0,0,0,72845,3,0
0,0,0,0,3,6,5531,110915,0,0,0,0,0,202513,3,0
0,0,0,0,4,7,5532,110915,0,0,0,0,0,204775,3,0
0,0,0,0,5,23,5533,110915,0,0,0,0,0,72850,3,0
0,0,0,0,6,13,5534,110915,0,0,0,0,0,72849,3,0
0,0,0,0,7,14,5535,110915,0,0,0,0,0,202711,3,0
0,0,0,0,8,15,5536,110915,0,0,0,0,0,225333,3,0
0,0,0,0,9,27,5537,110915,0,0,0,0,0,200530,3,0
0,0,0,0,10,25,5538,110915,0,0,0,0,0,72852,3,0
0,0,0,0,13,28,5539,110915,0,0,0,0,0,235476,3,0
0,0,0,0,15,28,5540,110915,0,0,0,0,0,268744,3,0
0,0,0,0,11,28,5541,110915,0,0,0,0,0,72846,3,0
0,0,0,0,12,28,5542,110915,0,0,0,0,0,72848,3,0
0,0,0,0,14,28,5543,110915,0,0,0,0,0,239742,3,0
0,0,0,0,16,28,5544,110915,0,0,0,0,0,244626,3,0
0,0,0,0,17,28,5545,110915,0,0,0,0,0,255647,3,0
0,0,0,0,18,28,5546,110915,0,0,0,0,0,72844,3,0
0,0,0,0,21,28,5547,110915,0,0,0,0,0,268936,3,0
0,0,0,0,19,28,5548,110915,0,0,0,0,0,72847,3,0
0,0,0,0,20,28,5549,110915,0,0,0,0,0,72851,3,0
0,0,0,0,99,0,5550,111433,0,0,0,0,0,271210,3,0
0,0,0,0,1,3,5551,111433,0,0,0,0,0,72857,3,0
0,0,0,0,2,4,5552,111433,0,0,0,0,0,240652,3,0
0,0,0,0,3,6,5553,111433,0,0,0,0,0,182179,3,0
0,0,0,0,4,7,5554,111433,0,0,0,0,0,72855,3,0
0,0,0,0,5,23,5555,111433,0,0,0,0,0,72861,3,0
0,0,0,0,6,13,5556,111433,0,0,0,0,0,224233,3,0
0,0,0,0,7,14,5557,111433,0,0,0,0,0,178510,3,0
0,0,0,0,8,15,5558,111433,0,0,0,0,0,268081,3,0
0,0,0,0,9,27,5559,111433,0,0,0,0,0,268704,3,0
0,0,0,0,10,25,5560,111433,0,0,0,0,0,215751,3,0
0,0,0,0,11,28,5561,111433,0,0,0,0,0,72858,3,0
0,0,0,0,12,28,5562,111433,0,0,0,0,0,72859,3,0
0,0,0,0,13,28,5563,111433,0,0,0,0,0,230138,3,0
0,0,0,0,15,28,5564,111433,0,0,0,0,0,257884,3,0
0,0,0,0,14,28,5565,111433,0,0,0,0,0,230631,3,0
0,0,0,0,17,28,5566,111433,0,0,0,0,0,268760,3,0
0,0,0,0,16,28,5567,111433,0,0,0,0,0,189546,3,0
0,0,0,0,18,28,5568,111433,0,0,0,0,0,72853,3,0
0,0,0,0,20,28,5569,111433,0,0,0,0,0,72860,3,0
0,0,0,0,19,28,5570,111433,0,0,0,0,0,72856,3,0
0,0,0,0,21,0,5571,111434,0,0,0,0,0,265782,4,0
3,0,0,1,5,4,5572,111434,0,0,0,0,0,245091,3,0
2,0,0,0,15,5,5573,111434,1,0,0,0,1,205363,4,0
1,0,0,0,26,6,5574,111434,0,0,0,0,0,248199,3,0
4,0,0,1,19,9,5575,111434,0,0,0,0,0,235163,4,0
4,0,0,1,8,11,5576,111434,0,0,0,0,0,268576,3,0
1,0,0,0,17,12,5577,111434,0,0,0,0,0,233968,3,0
2,0,0,0,98,16,5578,111434,0,0,0,0,0,235935,4,0
2,0,0,0,7,18,5579,111434,0,0,0,0,0,220084,3,0
16,1,0,1,90,24,5580,111434,1,0,0,0,2,185144,4,0
0,0,0,0,10,26,5581,111434,0,0,0,0,0,222153,3,0
1,0,0,0,74,28,5582,111434,0,0,0,0,0,253071,3,0
0,0,0,0,37,28,5583,111434,0,0,0,0,0,238944,3,0
0,0,0,0,44,28,5584,111434,0,0,0,0,0,258464,3,0
0,0,0,0,4,28,5585,111434,0,0,0,0,0,194753,4,0
0,0,0,0,22,28,5586,111434,0,0,0,0,0,273047,3,0
5,0,0,1,71,28,5587,111434,1,0,0,0,1,237502,4,0
3,0,0,1,6,28,5588,111434,0,0,0,0,0,233884,3,0
0,0,0,0,11,28,5589,111434,0,0,0,0,0,265187,3,0
0,0,0,0,33,28,5590,111434,0,0,0,0,0,255580,4,0
1,0,0,0,9,28,5591,111434,0,0,0,0,1,178475,3,0
3,0,0,1,20,28,5592,111434,0,0,0,0,1,207471,3,0
2,0,0,0,18,28,5593,111434,0,0,0,0,0,230912,3,0
1,0,0,0,32,29,5594,111434,0,0,0,0,0,260593,4,0
0,0,0,0,97,29,5595,111434,0,0,0,0,0,268794,3,0
0,0,0,0,31,29,5596,111434,0,0,0,0,0,278276,3,0
0,0,0,0,1,29,5597,111434,0,0,0,0,0,227966,3,0
0,0,0,0,13,29,5598,111434,0,0,0,0,0,188336,3,0
0,0,0,0,80,0,5599,111657,0,0,0,0,0,254502,3,0
0,0,0,0,20,3,5600,111657,0,0,0,0,0,235875,2,0
0,0,0,0,6,4,5601,111657,0,0,0,0,0,198857,3,0
0,0,0,0,5,6,5602,111657,0,0,0,0,0,261281,2,0
0,0,0,0,19,7,5603,111657,0,0,0,0,0,252440,2,0
0,0,0,0,18,23,5604,111657,0,0,0,0,0,265695,3,0
0,0,0,0,45,13,5605,111657,0,0,0,0,0,246871,3,0
0,0,0,0,36,15,5606,111657,0,0,0,0,0,221331,3,0
0,0,0,0,27,27,5607,111657,0,0,0,0,0,266236,3,0
0,0,0,0,4,18,5608,111657,0,0,0,0,0,257785,3,0
0,0,0,0,70,25,5609,111657,0,0,0,0,0,268511,4,0
0,0,0,0,10,28,5610,111657,0,0,0,0,0,258788,3,0
0,0,0,0,9,28,5611,111657,0,0,0,0,0,260644,3,0
0,0,0,0,14,28,5612,111657,0,0,0,0,0,274197,2,0
0,0,0,0,30,28,5613,111657,0,0,0,0,0,270064,3,0
0,0,0,0,31,28,5614,111657,0,0,0,0,0,240785,1,0
0,0,0,0,16,28,5615,111657,0,0,0,0,0,212446,3,0
0,0,0,0,21,28,5616,111657,0,0,0,0,0,241937,3,0
0,0,0,0,33,28,5617,111657,0,0,0,0,0,235290,2,0
0,0,0,0,8,28,5618,111657,0,0,0,0,0,266877,3,0
0,0,0,0,12,28,5619,111657,0,0,0,0,0,254544,2,0
0,0,0,0,3,28,5620,111657,0,0,0,0,0,236308,3,0
0,0,0,0,32,28,5621,111657,0,0,0,0,0,258714,2,0
0,0,0,0,11,29,5622,111657,0,0,0,0,0,264467,3,0
0,0,0,0,1,29,5623,111657,0,0,0,0,0,177340,3,0
0,0,0,0,7,29,5624,111657,0,0,0,0,0,231050,3,0
0,0,0,0,26,29,5625,111657,0,0,0,0,0,192365,3,0
0,0,0,0,23,29,5626,111657,0,0,0,0,0,268466,3,0
0,0,0,0,22,29,5627,111657,0,0,0,0,0,270502,3,0
0,0,0,0,47,29,5628,111657,0,0,0,0,0,278346,3,0
0,0,0,0,47,0,5629,111974,0,0,0,0,0,163489,3,0
0,0,0,0,22,3,5630,111974,0,0,0,0,0,214622,2,0
0,0,0,0,5,4,5631,111974,0,0,0,0,0,244456,2,0
0,0,0,0,44,6,5632,111974,0,0,0,0,0,263785,3,0
0,0,0,0,43,7,5633,111974,0,0,0,0,0,255561,2,0
0,0,0,0,7,9,5634,111974,0,0,0,0,0,254487,2,0
0,0,0,0,24,11,5635,111974,0,0,0,0,0,268462,3,0
0,0,0,0,10,12,5636,111974,0,0,0,0,0,210935,3,0
0,0,0,0,45,16,5637,111974,0,0,0,0,0,243593,4,0
0,0,0,0,42,18,5638,111974,0,0,0,0,0,242725,2,0
0,0,0,0,9,25,5639,111974,0,0,0,0,1,235842,4,0
0,0,0,0,15,28,5640,111974,0,0,0,0,0,245537,3,0
0,0,0,0,35,28,5641,111974,0,0,0,0,0,274702,3,0
0,0,0,0,19,28,5642,111974,0,0,0,0,0,245426,1,0
0,0,0,0,13,28,5643,111974,0,0,0,0,0,224808,3,0
0,0,0,0,28,28,5644,111974,0,0,0,0,0,205659,3,0
0,0,0,0,8,28,5645,111974,0,0,0,0,0,243200,3,0
0,0,0,0,20,28,5646,111974,0,0,0,0,0,210617,3,0
0,0,0,0,92,28,5647,111974,0,0,0,0,0,202851,3,0
0,0,0,0,21,28,5648,111974,0,0,0,0,0,264044,3,0
0,0,0,0,23,28,5649,111974,0,0,0,0,0,265761,3,0
0,0,0,0,25,28,5650,111974,0,0,0,0,0,106795,3,0
0,0,0,0,11,28,5651,111974,0,0,0,0,0,237640,3,0
0,0,0,0,2,29,5652,111974,0,0,0,0,0,265762,3,0
0,0,0,0,6,29,5653,111974,0,0,0,0,0,244253,3,0
0,0,0,0,14,29,5654,111974,0,0,0,0,0,200054,2,0
0,0,0,0,3,29,5655,111974,0,0,0,0,0,243481,3,0
0,0,0,0,36,29,5656,111974,0,0,0,0,0,71401,3,0
0,0,0,0,36,0,5657,111993,0,0,0,0,0,233425,2,0
2,0,0,0,24,3,5658,111993,0,0,0,0,0,235292,3,0
0,0,0,0,4,4,5659,111993,0,0,0,0,0,271419,3,0
1,0,0,0,26,5,5660,111993,0,0,0,0,0,252589,3,0
0,0,0,0,6,6,5661,111993,0,0,0,0,0,276539,2,0
0,0,0,0,98,7,5662,111993,0,0,0,0,0,268680,3,0
2,0,0,0,8,10,5663,111993,0,0,0,0,0,276538,3,0
4,0,0,1,16,13,5664,111993,0,0,0,0,0,227223,3,0
2,0,0,0,23,15,5665,111993,0,0,0,0,0,208311,3,0
8,0,0,1,7,24,5666,111993,0,0,0,0,0,251953,3,0
6,0,0,1,11,26,5667,111993,0,0,0,0,2,275912,4,0
3,0,0,1,9,28,5668,111993,0,0,0,0,0,208042,3,0
3,0,0,1,32,28,5669,111993,0,0,0,0,0,273021,2,0
2,0,0,0,30,28,5670,111993,0,0,0,0,0,225642,3,0
0,0,0,0,28,28,5671,111993,0,0,0,0,0,277053,2,0
0,0,0,0,77,28,5672,111993,0,0,0,0,0,206165,3,0
3,0,0,1,10,28,5673,111993,0,0,0,0,0,277376,3,0
0,0,0,0,18,28,5674,111993,0,0,0,0,0,276166,3,0
2,0,0,0,20,28,5675,111993,0,0,0,0,0,270856,3,0
0,0,0,0,27,28,5676,111993,0,0,0,0,0,243251,3,0
1,0,0,0,2,28,5677,111993,0,0,0,0,0,200914,2,0
0,0,0,0,5,28,5678,111993,0,0,0,0,0,258151,2,0
0,0,0,0,15,28,5679,111993,0,0,0,0,0,244229,3,0
1,0,0,0,92,29,5680,111993,0,0,0,0,0,226267,3,0
0,0,0,0,74,29,5681,111993,0,0,0,0,0,278626,3,0
0,0,0,0,64,29,5682,111993,0,0,0,0,0,279034,2,0
0,0,0,0,21,29,5683,111993,0,0,0,0,0,278274,3,0
0,0,0,0,1,29,5684,111993,0,0,0,0,0,278272,3,0
0,0,0,0,99,0,5685,112124,0,0,0,0,0,72830,3,0
0,0,0,0,1,3,5686,112124,0,0,0,0,0,239588,3,0
0,0,0,0,2,4,5687,112124,0,0,0,0,0,72831,3,0
0,0,0,0,3,6,5688,112124,0,0,0,0,0,220214,3,0
0,0,0,0,4,7,5689,112124,0,0,0,0,0,229868,3,0
0,0,0,0,5,13,5690,112124,0,0,0,0,0,72835,3,0
0,0,0,0,6,14,5691,112124,0,0,0,0,0,240798,3,0
0,0,0,0,7,15,5692,112124,0,0,0,0,0,72834,3,0
0,0,0,0,8,18,5693,112124,0,0,0,0,0,257768,3,0
0,0,0,0,9,24,5694,112124,0,0,0,0,0,240475,3,0
0,0,0,0,10,26,5695,112124,0,0,0,0,0,251603,3,0
0,0,0,0,14,28,5696,112124,0,0,0,0,0,72837,3,0
0,0,0,0,15,28,5697,112124,0,0,0,0,0,193268,3,0
0,0,0,0,13,28,5698,112124,0,0,0,0,0,72833,3,0
0,0,0,0,12,28,5699,112124,0,0,0,0,0,72832,3,0
0,0,0,0,11,28,5700,112124,0,0,0,0,0,72829,3,0
0,0,0,0,17,28,5701,112124,0,0,0,0,0,259107,3,0
0,0,0,0,16,28,5702,112124,0,0,0,0,0,72836,3,0
0,0,0,0,18,28,5703,112124,0,0,0,0,0,240779,3,0
0,0,0,0,1,0,5704,112168,0,0,0,0,0,224977,4,0
0,0,0,0,18,3,5705,112168,0,0,0,0,0,235205,3,0
0,0,0,0,13,4,5706,112168,0,0,0,0,0,251920,3,0
2,0,0,0,23,6,5707,112168,0,0,0,0,0,245560,3,0
3,0,0,1,99,7,5708,112168,0,0,0,0,0,257713,3,0
0,0,0,0,26,9,5709,112168,0,0,0,0,0,248147,3,0
1,0,0,0,14,11,5710,112168,0,0,0,0,0,251769,3,0
2,0,0,0,7,12,5711,112168,0,0,0,0,0,209409,4,0
4,0,0,1,30,16,5712,112168,0,0,0,0,0,268736,2,0
3,0,0,1,42,18,5713,112168,0,0,0,0,0,238580,3,0
20,1,0,1,9,25,5714,112168,1,0,0,1,4,220528,5,0
1,0,0,0,31,28,5715,112168,0,0,0,0,0,235021,3,0
0,0,0,0,98,28,5716,112168,0,0,0,0,0,277769,3,0
1,0,0,0,5,28,5717,112168,0,0,0,0,0,201914,3,0
1,0,0,0,11,28,5718,112168,0,0,0,0,0,229750,3,0
0,0,0,0,77,28,5719,112168,0,0,0,0,0,235880,3,0
5,0,0,1,10,28,5720,112168,0,0,0,0,0,213993,3,0
0,0,0,0,34,28,5721,112168,0,0,0,0,0,268791,2,0
0,0,0,0,17,28,5722,112168,0,0,0,0,0,277851,4,0
0,0,0,0,6,28,5723,112168,0,0,0,0,0,271572,3,0
0,0,0,0,24,28,5724,112168,0,0,0,0,0,243049,2,0
2,0,0,0,16,28,5725,112168,0,0,0,0,0,239838,3,0
1,0,0,0,19,28,5726,112168,0,0,0,0,0,277692,3,0
0,0,0,0,12,29,5727,112168,0,0,0,0,0,271059,3,0
0,0,0,0,27,29,5728,112168,0,0,0,0,0,270281,3,0
0,0,0,0,36,29,5729,112168,0,0,0,0,0,277974,3,0
0,0,0,0,99,0,5730,112493,0,0,0,0,0,72839,3,0
0,0,0,0,1,3,5731,112493,0,0,0,0,0,223007,3,0
0,0,0,0,2,4,5732,112493,0,0,0,0,0,245172,3,0
0,0,0,0,3,6,5733,112493,0,0,0,0,0,242264,3,0
0,0,0,0,4,7,5734,112493,0,0,0,0,0,72916,3,0
0,0,0,0,5,9,5735,112493,0,0,0,0,0,229459,3,0
0,0,0,0,6,11,5736,112493,0,0,0,0,0,210548,3,0
0,0,0,0,7,17,5737,112493,0,0,0,0,0,72843,3,0
0,0,0,0,8,18,5738,112493,0,0,0,0,0,228886,3,0
0,0,0,0,9,19,5739,112493,0,0,0,0,0,251951,3,0
0,0,0,0,10,25,5740,112493,0,0,0,0,0,235133,3,0
0,0,0,0,13,28,5741,112493,0,0,0,0,0,213994,3,0
0,0,0,0,15,28,5742,112493,0,0,0,0,0,269389,3,0
0,0,0,0,12,28,5743,112493,0,0,0,0,0,72841,3,0
0,0,0,0,14,28,5744,112493,0,0,0,0,0,253086,3,0
0,0,0,0,11,28,5745,112493,0,0,0,0,0,72840,3,0
0,0,0,0,17,28,5746,112493,0,0,0,0,0,224121,3,0
0,0,0,0,16,28,5747,112493,0,0,0,0,0,223010,3,0
0,0,0,0,18,28,5748,112493,0,0,0,0,0,70150,3,0
0,0,0,0,19,28,5749,112493,0,0,0,0,0,194783,3,0
0,0,0,0,1,0,5750,112494,0,0,0,0,0,237615,3,0
2,0,0,0,55,4,5751,112494,0,0,0,0,0,169115,4,0
0,0,0,0,2,5,5752,112494,0,0,0,0,0,220489,3,0
0,0,0,0,3,6,5753,112494,0,0,0,0,0,268672,3,0
1,0,0,0,79,12,5754,112494,0,0,0,0,1,219759,4,0
0,0,0,0,4,13,5755,112494,0,0,0,0,0,206551,2,0
1,0,0,0,27,15,5756,112494,0,0,0,0,0,202061,3,0
0,0,0,0,24,16,5757,112494,0,0,0,0,0,268755,2,0
16,1,0,1,17,17,5758,112494,0,0,0,0,2,268756,3,0
4,0,0,1,21,19,5759,112494,0,0,0,0,0,268753,3,0
8,0,0,1,90,25,5760,112494,0,0,0,0,2,268759,2,0
0,0,0,0,26,28,5761,112494,0,0,0,0,0,244038,3,0
0,0,0,0,42,28,5762,112494,0,0,0,0,0,257579,3,0
2,0,0,0,11,28,5763,112494,0,0,0,0,0,264683,3,0
1,0,0,0,5,28,5764,112494,0,0,0,0,0,200813,3,0
0,0,0,0,12,28,5765,112494,0,0,0,0,0,276777,3,0
4,0,0,1,33,28,5766,112494,0,0,0,0,0,277665,2,0
1,0,0,0,23,28,5767,112494,0,0,0,0,0,270473,3,0
0,0,0,0,8,28,5768,112494,0,0,0,0,0,251761,4,0
0,0,0,0,30,28,5769,112494,0,0,0,0,0,273602,3,0
0,0,0,0,28,28,5770,112494,0,0,0,0,0,277872,3,0
1,0,0,0,94,28,5771,112494,0,0,0,0,1,268697,3,0
0,0,0,0,15,28,5772,112494,0,0,0,0,0,228788,3,0
0,0,0,0,77,29,5773,112494,0,0,0,0,0,276058,3,0
0,0,0,0,18,29,5774,112494,0,0,0,0,0,268758,3,0
4,0,0,1,9,29,5775,112494,0,0,0,0,0,276572,3,0
0,0,0,0,22,0,5776,113973,0,0,0,0,0,226259,3,0
2,0,0,0,18,3,5777,113973,0,0,0,0,0,238286,3,0
0,0,0,0,15,4,5778,113973,0,0,0,0,0,226260,3,0
1,0,0,0,28,6,5779,113973,0,0,0,0,0,208146,3,0
1,0,0,0,24,7,5780,113973,0,0,0,0,0,229456,2,0
3,0,0,1,25,13,5781,113973,0,0,0,0,1,202489,3,0
1,0,0,0,4,14,5782,113973,0,0,0,0,0,198959,3,0
0,0,0,0,39,15,5783,113973,0,0,0,0,0,278076,2,0
5,0,0,1,7,17,5784,113973,0,0,0,0,1,175789,2,0
3,0,0,1,23,19,5785,113973,0,0,0,0,0,264372,3,0
10,0,0,1,11,25,5786,113973,0,0,0,0,2,220915,3,0
0,0,0,0,5,28,5787,113973,0,0,0,0,0,240685,2,0
0,0,0,0,3,28,5788,113973,0,0,0,0,0,251981,2,0
1,0,0,0,32,28,5789,113973,0,0,0,0,1,256308,2,0
0,0,0,0,1,28,5790,113973,0,0,0,0,0,219584,3,0
0,0,0,0,12,28,5791,113973,0,0,0,0,0,278091,3,0
4,0,0,1,9,28,5792,113973,0,0,0,0,1,264402,2,0
0,0,0,0,21,28,5793,113973,0,0,0,0,0,278077,3,0
0,0,0,0,6,28,5794,113973,0,0,0,0,0,226356,3,0
1,0,0,0,26,28,5795,113973,0,0,0,0,0,252927,2,0
0,0,0,0,27,28,5796,113973,0,0,0,0,0,260456,3,0
9,0,0,1,29,28,5797,113973,0,0,0,0,0,252942,3,0
0,0,0,0,30,28,5798,113973,0,0,0,0,0,278148,3,0
0,0,0,0,14,29,5799,113973,0,0,0,0,0,234143,3,0
0,0,0,0,20,29,5800,113973,0,0,0,0,0,271013,3,0
0,0,0,0,31,29,5801,113973,0,0,0,0,0,278269,3,0
0,0,0,0,1,0,5802,113974,0,0,0,0,0,190778,4,0
1,0,0,0,37,4,5803,113974,0,0,0,0,0,240282,4,0
3,0,0,1,55,5,5804,113974,0,0,0,0,0,239998,5,0
0,0,0,0,43,6,5805,113974,0,0,0,0,0,237040,3,0
1,0,0,0,7,12,5806,113974,0,0,0,0,1,251762,5,0
0,0,0,0,8,13,5807,113974,0,0,0,0,0,230936,3,0
1,0,0,0,10,15,5808,113974,0,0,0,0,0,252290,5,0
4,0,0,1,13,16,5809,113974,1,0,0,0,2,234760,4,0
7,0,0,1,99,17,5810,113974,0,0,0,0,0,225844,3,0
2,0,0,0,16,19,5811,113974,0,0,0,0,0,193077,3,0
3,0,0,1,20,25,5812,113974,0,0,0,0,1,256214,4,0
3,0,0,1,9,28,5813,113974,1,0,0,0,1,277327,5,0
0,0,0,0,25,28,5814,113974,0,0,0,0,0,231428,4,0
0,0,0,0,29,28,5815,113974,0,0,0,0,0,235942,3,0
1,0,0,0,14,28,5816,113974,0,0,0,0,0,232439,3,0
0,0,0,0,40,28,5817,113974,0,0,0,0,0,264460,3,0
1,0,0,0,97,28,5818,113974,0,0,0,0,0,220912,3,0
1,0,0,0,77,28,5819,113974,0,0,0,0,0,271475,4,0
0,0,0,0,5,28,5820,113974,0,0,0,0,0,258071,3,0
4,0,0,1,24,28,5821,113974,0,0,0,0,0,248787,3,0
0,0,0,0,3,28,5822,113974,0,0,0,0,0,270855,3,0
0,0,0,0,36,28,5823,113974,0,0,0,0,0,278301,3,0
1,0,0,0,33,28,5824,113974,0,0,0,0,0,277988,3,0
2,0,0,0,80,29,5825,113974,0,0,0,0,0,276743,3,0
0,0,0,0,11,29,5826,113974,0,0,0,0,0,273652,3,0
1,0,0,0,23,29,5827,113974,0,0,0,0,0,233960,3,0
0,0,0,0,2,29,5828,113974,0,0,0,0,0,243185,3,0
0,0,0,0,21,29,5829,113974,0,0,0,0,0,277987,3,0
0,0,0,0,4,29,5830,113974,0,0,0,0,0,242629,3,0
0,0,0,0,15,29,5831,113974,0,0,0,0,0,278302,3,0
0,0,0,0,28,0,5832,687,0,0,0,0,0,266389,3,0
1,0,0,1,31,4,5833,687,0,0,0,0,0,212401,3,0
0,0,0,0,4,5,5834,687,0,0,0,0,0,206485,3,0
0,0,0,0,18,6,5835,687,0,0,0,0,0,242263,3,0
1,0,0,1,23,12,5836,687,0,0,0,0,0,270820,3,0
0,0,0,0,6,13,5837,687,0,0,0,0,0,202078,3,0
2,0,0,1,8,15,5838,687,0,0,0,0,0,255145,3,0
0,0,0,0,14,16,5839,687,0,0,0,0,0,229217,3,0
0,0,0,0,10,17,5840,687,0,0,0,0,0,241907,4,0
0,0,0,0,20,19,5841,687,0,0,0,0,0,248113,3,0
4,0,0,1,9,25,5842,687,0,0,0,0,0,237034,4,0
0,0,0,0,17,28,5843,687,0,0,0,0,0,237075,3,0
2,0,0,1,19,28,5844,687,0,0,0,0,0,269923,3,0
1,0,0,1,27,28,5845,687,0,0,0,0,0,274535,4,0
1,0,0,1,25,28,5846,687,0,0,0,0,0,266390,3,0
0,0,0,0,1,28,5847,687,0,0,0,0,0,267684,3,0
0,0,0,0,5,28,5848,687,0,0,0,0,0,235425,3,0
0,0,0,0,21,28,5849,687,0,0,0,0,0,257346,3,0
1,0,0,1,11,28,5850,687,0,0,0,0,0,279786,3,0
0,0,0,0,3,28,5851,687,0,0,0,0,0,266682,3,0
0,0,0,0,16,28,5852,687,0,0,0,0,0,70155,3,0
0,0,0,0,24,28,5853,687,0,0,0,0,0,206549,3,0
0,0,0,0,29,28,5854,687,0,0,0,0,0,71481,3,0
0,0,0,0,24,0,5855,688,0,0,0,0,0,226786,3,0
0,0,0,0,22,3,5856,688,0,0,0,0,0,242542,4,0
0,0,0,0,97,4,5857,688,0,0,0,0,0,242199,3,0
0,0,0,0,3,6,5858,688,0,0,0,0,0,266805,3,0
1,0,0,1,7,7,5859,688,0,0,0,0,0,211119,3,0
0,0,0,0,4,9,5860,688,0,0,0,0,0,256215,2,0
1,0,0,1,43,11,5861,688,0,0,0,0,0,192955,4,0
1,0,0,1,8,17,5862,688,0,0,0,0,0,243464,5,0
1,0,0,1,10,18,5863,688,0,0,0,0,0,277301,3,0
1,0,0,1,21,19,5864,688,0,0,0,0,0,266852,2,0
11,1,0,1,20,25,5865,688,0,0,0,1,0,184111,5,0
0,0,0,0,77,28,5866,688,0,0,0,0,0,214718,3,0
1,0,0,1,11,28,5867,688,0,0,0,0,0,229658,2,0
0,0,0,0,25,28,5868,688,0,0,0,0,0,268685,3,0
0,0,0,0,45,28,5869,688,0,0,0,0,0,271756,3,0
0,0,0,0,1,28,5870,688,0,0,0,0,0,231878,3,0
1,0,0,1,17,28,5871,688,0,0,0,0,0,70045,3,0
0,0,0,0,12,28,5872,688,0,0,0,0,0,71080,3,0
0,0,0,0,5,28,5873,688,0,0,0,0,0,235166,3,0
1,0,0,1,27,28,5874,688,0,0,0,0,0,271986,3,0
0,0,0,0,16,28,5875,688,0,0,0,0,0,279787,3,0
0,0,0,0,50,28,5876,688,0,0,0,0,0,252335,3,0
0,0,0,0,6,28,5877,688,0,0,0,0,0,233314,3,0
0,0,0,0,15,29,5878,688,0,0,0,0,0,221621,3,0
0,0,0,0,26,29,5879,688,0,0,0,0,0,70188,3,0
0,0,0,0,31,0,5880,689,0,0,0,0,0,242084,3,0
0,0,0,0,12,3,5881,689,0,0,0,0,0,255033,3,0
0,0,0,0,3,4,5882,689,0,0,0,0,0,260001,3,0
0,0,0,0,15,6,5883,689,0,0,0,0,0,247459,3,0
0,0,0,0,47,7,5884,689,0,0,0,0,0,251834,3,0
1,0,0,1,19,12,5885,689,0,0,0,0,0,260772,3,0
0,0,0,0,75,13,5886,689,0,0,0,0,0,266033,3,0
1,0,0,1,8,15,5887,689,0,0,0,0,0,247582,3,0
4,0,0,1,10,16,5888,689,0,0,0,0,0,208448,4,0
2,0,0,1,13,24,5889,689,0,0,0,0,0,234905,3,0
8,1,0,1,9,26,5890,689,0,0,0,0,0,221908,5,0
2,0,0,1,11,28,5891,689,0,0,0,0,0,271195,4,0
1,0,0,1,17,28,5892,689,0,0,0,0,0,256426,4,0
0,0,0,0,4,28,5893,689,0,0,0,0,0,246048,3,0
0,0,0,0,6,28,5894,689,0,0,0,0,0,236038,3,0
0,0,0,0,18,28,5895,689,0,0,0,0,0,207610,3,0
0,0,0,0,2,28,5896,689,0,0,0,0,0,268402,3,0
0,0,0,0,48,28,5897,689,0,0,0,0,0,275294,3,0
0,0,0,0,7,28,5898,689,0,0,0,0,0,241984,3,0
0,0,0,0,33,28,5899,689,0,0,0,0,0,69986,3,0
0,0,0,0,24,28,5900,689,0,0,0,0,0,261639,3,0
0,0,0,0,20,28,5901,689,0,0,0,0,0,269617,3,0
0,0,0,0,91,28,5902,689,0,0,0,0,0,261022,3,0
0,0,0,0,40,29,5903,689,0,0,0,0,0,267787,3,0
0,0,0,0,5,29,5904,689,0,0,0,0,0,273548,3,0
0,0,0,0,23,29,5905,689,0,0,0,0,0,70573,3,0
0,0,0,0,22,29,5906,689,0,0,0,0,0,267796,3,0
0,0,0,0,31,0,5907,691,0,0,0,0,0,246958,2,0
0,0,0,0,12,3,5908,691,0,0,0,0,0,236993,1,0
0,0,0,0,4,4,5909,691,0,0,0,0,0,255110,2,0
0,0,0,0,2,6,5910,691,0,0,0,0,0,229879,3,0
0,0,0,0,24,7,5911,691,0,0,0,0,0,246803,3,0
0,0,0,0,8,9,5912,691,0,0,0,0,0,226793,3,0
0,0,0,0,14,11,5913,691,0,0,0,0,0,237385,3,0
1,0,0,1,21,12,5914,691,0,0,0,0,0,230794,3,0
2,0,0,1,5,16,5915,691,0,0,0,0,0,241026,4,0
4,0,0,1,10,18,5916,691,0,0,0,0,0,210930,5,0
2,0,0,1,9,25,5917,691,0,0,0,0,0,235194,4,0
0,0,0,0,18,28,5918,691,0,0,0,0,0,217606,3,0
0,0,0,0,29,28,5919,691,0,0,0,0,0,266686,3,0
0,0,0,0,47,28,5920,691,0,0,0,0,0,269823,3,0
0,0,0,0,3,28,5921,691,0,0,0,0,0,246406,3,0
0,0,0,0,1,28,5922,691,0,0,0,0,0,232131,3,0
0,0,0,0,11,28,5923,691,0,0,0,0,0,248281,3,0
0,0,0,0,15,28,5924,691,0,0,0,0,0,242554,3,0
0,0,0,0,17,28,5925,691,0,0,0,0,0,202428,3,0
0,0,0,0,34,28,5926,691,0,0,0,0,0,267923,3,0
0,0,0,0,88,28,5927,691,0,0,0,0,0,212592,2,0
0,0,0,0,28,28,5928,691,0,0,0,0,0,238922,3,0
0,0,0,0,26,28,5929,691,0,0,0,0,0,221696,3,0
0,0,0,0,6,29,5930,691,0,0,0,0,0,198970,3,0
0,0,0,0,22,29,5931,691,0,0,0,0,0,273555,3,0
0,0,0,0,16,29,5932,691,0,0,0,0,0,274666,3,0
0,0,0,0,98,29,5933,691,0,0,0,0,0,267922,3,0
0,0,0,0,36,29,5934,691,0,0,0,0,0,227653,3,0
0,0,0,0,32,29,5935,691,0,0,0,0,0,278955,3,0
0,0,0,0,34,0,5936,693,0,0,0,0,0,260982,3,0
0,0,0,0,27,3,5937,693,0,0,0,0,0,242759,2,0
0,0,0,0,22,4,5938,693,0,0,0,0,0,255273,3,0
0,0,0,0,5,6,5939,693,0,0,0,0,0,211826,3,0
0,0,0,0,15,7,5940,693,0,0,0,0,0,247278,3,0
1,0,0,1,23,9,5941,693,0,0,0,0,0,213209,2,0
2,0,0,1,21,11,5942,693,0,0,0,0,0,232166,2,0
1,0,0,1,7,12,5943,693,0,0,0,0,0,240117,3,0
3,0,0,1,17,16,5944,693,0,0,0,0,0,260984,1,0
2,0,0,1,10,18,5945,693,0,0,0,0,0,193348,3,0
3,0,0,1,9,25,5946,693,0,0,0,0,0,233630,4,0
0,0,0,0,19,28,5947,693,0,0,0,0,0,258834,3,0
0,0,0,0,8,28,5948,693,0,0,0,0,0,242714,3,0
0,0,0,0,2,28,5949,693,0,0,0,0,0,193470,3,0
0,0,0,0,14,28,5950,693,0,0,0,0,0,227520,3,0
0,0,0,0,18,28,5951,693,0,0,0,0,0,236989,3,0
0,0,0,0,30,28,5952,693,0,0,0,0,0,227772,3,0
0,0,0,0,31,28,5953,693,0,0,0,0,0,246335,3,0
0,0,0,0,77,28,5954,693,0,0,0,0,0,247474,3,0
0,0,0,0,12,28,5955,693,0,0,0,0,0,243459,3,0
0,0,0,0,24,28,5956,693,0,0,0,0,0,273550,3,0
0,0,0,0,4,28,5957,693,0,0,0,0,0,247173,2,0
0,0,0,0,35,28,5958,693,0,0,0,0,0,271051,3,0
0,0,0,0,16,29,5959,693,0,0,0,0,0,242734,3,0
0,0,0,0,25,29,5960,693,0,0,0,0,0,259915,3,0
0,0,0,0,37,29,5961,693,0,0,0,0,0,260983,3,0
0,0,0,0,78,29,5962,693,0,0,0,0,0,70859,3,0
0,0,0,0,95,0,5963,694,0,0,0,0,0,234777,2,0
0,0,0,0,2,3,5964,694,0,0,0,0,0,231985,3,0
2,0,0,1,64,4,5965,694,0,0,0,0,0,274536,3,0
0,0,0,0,5,6,5966,694,0,0,0,0,0,212287,3,0
0,0,0,0,3,7,5967,694,0,0,0,0,0,242769,2,0
0,0,0,0,18,9,5968,694,0,0,0,0,0,261453,3,0
4,0,0,1,23,11,5969,694,0,0,0,0,0,245341,3,0
1,0,0,0,11,12,5970,694,0,0,0,0,0,247084,5,0
1,0,0,0,91,16,5971,694,0,0,0,0,0,246450,3,0
2,0,0,1,10,18,5972,694,0,0,0,0,0,237496,3,0
6,0,0,1,9,25,5973,694,0,0,0,0,0,276619,5,0
0,0,0,0,7,28,5974,694,0,0,0,0,0,229707,3,0
0,0,0,0,77,28,5975,694,0,0,0,0,0,261455,3,0
0,0,0,0,8,28,5976,694,0,0,0,0,0,270894,3,0
0,0,0,0,21,28,5977,694,0,0,0,0,0,268349,3,0
0,0,0,0,31,28,5978,694,0,0,0,0,0,70142,3,0
0,0,0,0,20,28,5979,694,0,0,0,0,0,228408,3,0
0,0,0,0,56,28,5980,694,0,0,0,0,0,70217,3,0
0,0,0,0,6,28,5981,694,0,0,0,0,0,237214,3,0
0,0,0,0,42,28,5982,694,0,0,0,0,0,268716,3,0
0,0,0,0,99,28,5983,694,0,0,0,0,0,271055,3,0
0,0,0,0,34,28,5984,694,0,0,0,0,0,261419,3,0
0,0,0,0,27,28,5985,694,0,0,0,0,0,70219,3,0
0,0,0,0,22,29,5986,694,0,0,0,0,0,248567,3,0
2,0,0,1,14,29,5987,694,0,0,0,0,0,261604,3,0
0,0,0,0,24,29,5988,694,0,0,0,0,0,70222,3,0
0,0,0,0,98,29,5989,694,0,0,0,0,0,72088,3,0
0,0,0,0,30,0,5990,695,0,0,0,0,0,236571,4,0
0,0,0,0,17,4,5991,695,0,0,0,0,0,256024,3,0
1,0,0,1,25,5,5992,695,0,0,0,0,0,232332,3,0
1,0,0,1,29,6,5993,695,0,0,0,0,0,247309,3,0
0,0,0,0,7,12,5994,695,0,0,0,0,0,217714,3,0
1,0,0,1,8,13,5995,695,0,0,0,0,0,201447,3,0
0,0,0,0,18,15,5996,695,0,0,0,0,0,242643,3,0
1,0,0,1,11,16,5997,695,0,0,0,0,0,247612,3,0
0,0,0,0,77,17,5998,695,0,0,0,0,0,275101,3,0
1,0,0,1,31,19,5999,695,0,0,0,0,0,220846,3,0
4,0,0,1,9,25,6000,695,0,0,0,0,0,244797,5,0
2,0,0,1,10,28,6001,695,0,0,0,0,0,241487,4,0
0,0,0,0,16,28,6002,695,0,0,0,0,0,267610,3,0
0,0,0,0,4,28,6003,695,0,0,0,0,0,236587,3,0
0,0,0,0,3,28,6004,695,0,0,0,0,0,190560,3,0
0,0,0,0,1,28,6005,695,0,0,0,0,0,202570,3,0
1,0,0,1,14,28,6006,695,0,0,0,0,0,190584,3,0
0,0,0,0,6,28,6007,695,0,0,0,0,0,256194,3,0
0,0,0,0,27,28,6008,695,0,0,0,0,0,274581,3,0
0,0,0,0,23,28,6009,695,0,0,0,0,0,71257,3,0
0,0,0,0,22,28,6010,695,0,0,0,0,0,242906,3,0
0,0,0,0,15,28,6011,695,0,0,0,0,0,266369,3,0
0,0,0,0,32,28,6012,695,0,0,0,0,0,272603,3,0
0,0,0,0,66,29,6013,695,0,0,0,0,0,279679,3,0
0,0,0,0,24,29,6014,695,0,0,0,0,0,273554,3,0
0,0,0,0,20,29,6015,695,0,0,0,0,0,252238,3,0
0,0,0,0,19,29,6016,695,0,0,0,0,0,238049,3,0
0,0,0,0,2,29,6017,695,0,0,0,0,0,272825,3,0
0,0,0,0,41,29,6018,695,0,0,0,0,0,272609,3,0
0,0,0,0,34,29,6019,695,0,0,0,0,0,279619,3,0
0,0,0,0,35,29,6020,695,0,0,0,0,0,279620,3,0
0,0,0,0,29,0,6021,696,0,0,0,0,0,200463,3,0
1,0,0,0,17,3,6022,696,0,0,0,0,0,264390,3,0
2,0,0,1,5,4,6023,696,0,0,0,0,0,215067,3,0
0,0,0,0,3,6,6024,696,0,0,0,0,0,192476,3,0
0,0,0,0,14,7,6025,696,0,0,0,0,0,221201,3,0
0,0,0,0,7,23,6026,696,0,0,0,0,0,185068,3,0
2,0,0,1,54,13,6027,696,0,0,0,0,0,213313,3,0
1,0,0,0,6,14,6028,696,0,0,0,0,0,225028,3,0
4,0,0,1,26,15,6029,696,0,0,0,0,0,221797,3,0
1,0,0,0,10,27,6030,696,0,0,0,0,0,232148,5,0
3,0,0,1,9,25,6031,696,0,0,0,0,0,192930,2,0
3,0,0,1,23,28,6032,696,0,0,0,0,0,270652,3,0
0,0,0,0,11,28,6033,696,0,0,0,0,0,226781,3,0
0,0,0,0,21,28,6034,696,0,0,0,0,0,253098,3,0
0,0,0,0,18,28,6035,696,0,0,0,0,0,239269,3,0
0,0,0,0,1,28,6036,696,0,0,0,0,0,256053,3,0
0,0,0,0,22,28,6037,696,0,0,0,0,0,247125,3,0
0,0,0,0,82,28,6038,696,0,0,0,0,0,274267,3,0
0,0,0,0,77,28,6039,696,0,0,0,0,0,266734,3,0
0,0,0,0,8,28,6040,696,0,0,0,0,0,226220,5,0
0,0,0,0,4,28,6041,696,0,0,0,0,0,256499,3,0
0,0,0,0,19,28,6042,696,0,0,0,0,0,261197,3,0
0,0,0,0,30,28,6043,696,0,0,0,0,0,275252,3,0
0,0,0,0,24,29,6044,696,0,0,0,0,0,262099,3,0
0,0,0,0,31,29,6045,696,0,0,0,0,0,273549,3,0
0,0,0,0,36,29,6046,696,0,0,0,0,0,70850,3,0
1,0,0,0,20,29,6047,696,0,0,0,0,0,279704,3,0
0,0,0,0,77,0,6048,697,0,0,0,0,0,227909,2,0
0,0,0,0,2,3,6049,697,0,0,0,0,0,233169,2,0
2,0,0,1,4,4,6050,697,0,0,0,0,0,191648,2,0
0,0,0,0,22,6,6051,697,0,0,0,0,0,182495,2,0
1,0,0,0,3,7,6052,697,0,0,0,0,0,258095,2,0
4,0,0,1,28,23,6053,697,0,0,0,0,0,241162,3,0
0,0,0,0,5,13,6054,697,0,0,0,0,0,205726,3,0
3,0,0,1,10,14,6055,697,0,0,0,0,0,242816,3,0
1,0,0,0,8,15,6056,697,0,0,0,0,0,208592,3,0
3,0,0,1,11,27,6057,697,0,0,0,0,0,70822,4,0
6,0,0,1,9,25,6058,697,0,0,0,0,0,251105,3,0
1,0,0,0,27,28,6059,697,0,0,0,0,0,256018,3,0
1,0,0,0,7,28,6060,697,0,0,0,0,0,201895,3,0
0,0,0,0,20,28,6061,697,0,0,0,0,0,247509,3,0
0,0,0,0,24,28,6062,697,0,0,0,0,0,260635,2,0
0,0,0,0,35,28,6063,697,0,0,0,0,0,275032,3,0
0,0,0,0,30,28,6064,697,0,0,0,0,0,275212,3,0
0,0,0,0,19,28,6065,697,0,0,0,0,0,275251,3,0
1,0,0,0,15,28,6066,697,0,0,0,0,0,202073,3,0
0,0,0,0,14,28,6067,697,0,0,0,0,0,247308,3,0
0,0,0,0,74,28,6068,697,0,0,0,0,0,260724,3,0
0,0,0,0,37,28,6069,697,0,0,0,0,0,263240,3,0
0,0,0,0,56,28,6070,697,0,0,0,0,0,256039,3,0
0,0,0,0,99,29,6071,697,0,0,0,0,0,278479,3,0
0,0,0,0,98,29,6072,697,0,0,0,0,0,241091,3,0
0,0,0,0,12,0,6073,698,0,0,0,0,0,198355,3,0
0,0,0,0,25,3,6074,698,0,0,0,0,0,246849,3,0
0,0,0,0,4,4,6075,698,0,0,0,0,0,261763,3,0
0,0,0,0,31,6,6076,698,0,0,0,0,0,274396,4,0
1,0,0,1,2,7,6077,698,0,0,0,0,0,222587,3,0
0,0,0,0,6,9,6078,698,0,0,0,0,0,234122,3,0
1,0,0,1,16,11,6079,698,0,0,0,0,0,156519,5,0
0,0,0,0,20,12,6080,698,0,0,0,0,0,243544,4,0
4,0,0,1,18,16,6081,698,0,0,0,0,0,275221,5,0
0,0,0,0,8,18,6082,698,0,0,0,0,0,238504,3,0
1,0,0,1,27,25,6083,698,0,0,0,0,0,238775,3,0
1,0,0,1,17,28,6084,698,0,0,0,0,0,273553,3,0
0,0,0,0,32,28,6085,698,0,0,0,0,0,231587,3,0
1,0,0,1,3,28,6086,698,0,0,0,0,0,210389,3,0
0,0,0,0,5,28,6087,698,0,0,0,0,0,209761,3,0
0,0,0,0,13,28,6088,698,0,0,0,0,0,232082,3,0
0,0,0,0,21,28,6089,698,0,0,0,0,0,194063,3,0
0,0,0,0,28,28,6090,698,0,0,0,0,0,199745,3,0
1,0,0,1,11,28,6091,698,0,0,0,0,0,244832,3,0
0,0,0,0,15,28,6092,698,0,0,0,0,0,237153,3,0
0,0,0,0,22,28,6093,698,0,0,0,0,0,247322,3,0
0,0,0,0,23,28,6094,698,0,0,0,0,0,70074,3,0
0,0,0,0,98,28,6095,698,0,0,0,0,0,270955,3,0
0,0,0,0,35,29,6096,698,0,0,0,0,0,269005,3,0
0,0,0,0,38,29,6097,698,0,0,0,0,0,272887,3,0
0,0,0,0,14,29,6098,698,0,0,0,0,0,239826,3,0
0,0,0,0,1,0,6099,101112,0,0,0,0,0,244656,3,0
1,0,0,1,2,4,6100,101112,0,0,0,0,0,253296,3,0
1,0,0,1,4,5,6101,101112,0,0,0,0,0,255827,2,0
0,0,0,0,6,6,6102,101112,0,0,0,0,0,242596,3,0
0,0,0,0,20,10,6103,101112,0,0,0,0,0,222429,3,0
3,0,0,1,11,12,6104,101112,0,0,0,0,0,230991,3,0
1,0,0,1,8,13,6105,101112,0,0,0,0,0,220925,3,0
0,0,0,0,45,15,6106,101112,0,0,0,0,0,261222,3,0
0,0,0,0,22,16,6107,101112,0,0,0,0,0,272604,3,0
3,0,0,1,25,24,6108,101112,0,0,0,0,0,208919,3,0
5,0,0,1,24,26,6109,101112,0,0,0,0,0,243456,3,0
1,0,0,1,19,28,6110,101112,0,0,0,0,0,215886,3,0
2,0,0,1,7,28,6111,101112,0,0,0,0,0,255772,3,0
0,0,0,0,16,28,6112,101112,0,0,0,0,0,255205,3,0
0,0,0,0,14,28,6113,101112,0,0,0,0,0,205669,3,0
0,0,0,0,32,28,6114,101112,0,0,0,0,0,258351,3,0
0,0,0,0,23,28,6115,101112,0,0,0,0,0,261140,3,0
0,0,0,0,15,28,6116,101112,0,0,0,0,0,213864,3,0
0,0,0,0,28,28,6117,101112,0,0,0,0,0,276300,3,0
0,0,0,0,3,28,6118,101112,0,0,0,0,0,220028,3,0
1,0,0,1,50,28,6119,101112,0,0,0,0,0,269196,3,0
0,0,0,0,12,28,6120,101112,0,0,0,0,0,269963,3,0
0,0,0,0,17,28,6121,101112,0,0,0,0,0,201873,3,0
0,0,0,0,13,29,6122,101112,0,0,0,0,0,259280,3,0
0,0,0,0,27,29,6123,101112,0,0,0,0,0,278889,3,0
0,0,0,0,18,0,6124,111065,0,0,0,0,0,201940,3,0
0,0,0,0,2,3,6125,111065,0,0,0,0,0,233656,3,0
0,0,0,0,15,4,6126,111065,0,0,0,0,0,222557,4,0
0,0,0,0,4,6,6127,111065,0,0,0,0,0,246300,3,0
2,0,0,1,98,7,6128,111065,0,0,0,0,0,240501,3,0
1,0,0,1,14,9,6129,111065,0,0,0,0,0,274970,3,0
0,0,0,0,6,11,6130,111065,0,0,0,0,0,248870,3,0
4,0,0,1,11,12,6131,111065,0,0,0,0,0,266674,2,0
1,0,0,1,8,16,6132,111065,0,0,0,0,0,270517,3,0
0,0,0,0,25,18,6133,111065,0,0,0,0,0,202693,3,0
11,1,0,1,9,25,6134,111065,0,0,0,1,0,217998,5,0
1,0,0,1,29,28,6135,111065,0,0,0,0,0,254067,3,0
0,0,0,0,23,28,6136,111065,0,0,0,0,0,275014,3,0
0,0,0,0,3,28,6137,111065,0,0,0,0,0,198335,3,0
0,0,0,0,19,28,6138,111065,0,0,0,0,0,259039,3,0
0,0,0,0,35,28,6139,111065,0,0,0,0,0,271112,3,0
0,0,0,0,16,28,6140,111065,0,0,0,0,0,254464,3,0
0,0,0,0,30,28,6141,111065,0,0,0,0,0,200395,3,0
0,0,0,0,24,28,6142,111065,0,0,0,0,0,228296,3,0
0,0,0,0,13,28,6143,111065,0,0,0,0,0,264433,3,0
0,0,0,0,17,28,6144,111065,0,0,0,0,0,70857,3,0
0,0,0,0,38,28,6145,111065,0,0,0,0,0,271113,3,0
0,0,0,0,7,28,6146,111065,0,0,0,0,0,240448,3,0
0,0,0,0,27,29,6147,111065,0,0,0,0,0,275293,3,0
0,0,0,0,32,29,6148,111065,0,0,0,0,0,263060,3,0
0,0,0,0,20,29,6149,111065,0,0,0,0,0,247323,3,0
0,0,0,0,33,29,6150,111065,0,0,0,0,0,279941,3,0
0,0,0,0,26,29,6151,111065,0,0,0,0,0,274537,4,0
0,0,0,0,72,29,6152,111065,0,0,0,0,0,278875,3,0
0,0,0,0,92,29,6153,111065,0,0,0,0,0,275645,3,0
0,0,0,0,97,0,6154,111138,0,0,0,0,0,247228,3,0
0,0,0,0,27,3,6155,111138,0,0,0,0,0,261196,3,0
1,0,0,1,15,4,6156,111138,0,0,0,0,0,202170,3,0
0,0,0,0,2,6,6157,111138,0,0,0,0,0,271106,2,0
0,0,0,0,8,7,6158,111138,0,0,0,0,0,264157,3,0
0,0,0,0,11,23,6159,111138,0,0,0,0,0,260485,3,0
1,0,0,1,31,13,6160,111138,0,0,0,0,0,247476,3,0
3,0,0,1,17,14,6161,111138,0,0,0,0,0,228312,3,0
0,0,0,0,20,15,6162,111138,0,0,0,0,0,212424,3,0
2,0,0,1,21,27,6163,111138,0,0,0,0,0,264516,3,0
2,0,0,1,22,25,6164,111138,0,0,0,0,0,190362,3,0
5,0,0,1,14,28,6165,111138,0,0,0,0,0,271108,5,0
1,0,0,1,7,28,6166,111138,0,0,0,0,0,207440,3,0
1,0,0,1,33,28,6167,111138,0,0,0,0,0,267873,4,0
0,0,0,0,3,28,6168,111138,0,0,0,0,0,202076,3,0
0,0,0,0,1,28,6169,111138,0,0,0,0,0,213428,3,0
0,0,0,0,37,28,6170,111138,0,0,0,0,0,259249,3,0
0,0,0,0,44,28,6171,111138,0,0,0,0,0,259081,3,0
1,0,0,1,25,28,6172,111138,0,0,0,0,0,70134,3,0
0,0,0,0,4,28,6173,111138,0,0,0,0,0,244904,3,0
0,0,0,0,90,28,6174,111138,0,0,0,0,0,71395,3,0
0,0,0,0,12,28,6175,111138,0,0,0,0,0,262087,3,0
0,0,0,0,99,28,6176,111138,0,0,0,0,0,246020,3,0
0,0,0,0,40,29,6177,111138,0,0,0,0,0,266337,3,0
0,0,0,0,24,29,6178,111138,0,0,0,0,0,71435,3,0
0,0,0,0,29,29,6179,111138,0,0,0,0,0,261460,3,0
0,0,0,0,67,29,6180,111138,0,0,0,0,0,259568,3,0
0,0,0,0,10,29,6181,111138,0,0,0,0,0,234468,3,0
0,0,0,0,40,0,6182,111139,0,0,0,0,0,247494,2,0
0,0,0,0,24,4,6183,111139,0,0,0,0,0,255824,2,0
0,0,0,0,16,5,6184,111139,0,0,0,0,0,255956,3,0
0,0,0,0,25,6,6185,111139,0,0,0,0,0,243513,3,0
0,0,0,0,22,12,6186,111139,0,0,0,0,0,247027,2,0
0,0,0,0,29,13,6187,111139,0,0,0,0,0,244680,3,0
0,0,0,0,6,15,6188,111139,0,0,0,0,0,213092,3,0
0,0,0,0,44,16,6189,111139,0,0,0,0,0,234927,3,0
1,0,0,1,10,18,6190,111139,0,0,0,0,0,255411,5,0
2,0,0,1,11,24,6191,111139,0,0,0,0,0,229881,3,0
3,0,0,1,9,26,6192,111139,0,0,0,0,0,259977,3,0
2,0,0,1,17,28,6193,111139,0,0,0,0,0,207877,3,0
0,0,0,0,2,28,6194,111139,0,0,0,0,0,188942,3,0
0,0,0,0,21,28,6195,111139,0,0,0,0,0,234300,3,0
1,0,0,1,4,28,6196,111139,0,0,0,0,0,263628,1,0
0,0,0,0,33,28,6197,111139,0,0,0,0,0,237305,3,0
0,0,0,0,7,28,6198,111139,0,0,0,0,0,259288,3,0
0,0,0,0,19,28,6199,111139,0,0,0,0,0,260398,3,0
1,0,0,1,14,28,6200,111139,0,0,0,0,0,260443,3,0
0,0,0,0,5,28,6201,111139,0,0,0,0,0,270876,3,0
2,0,0,1,28,28,6202,111139,0,0,0,0,0,261605,5,0
1,0,0,1,8,28,6203,111139,0,0,0,0,0,259625,3,0
0,0,0,0,23,28,6204,111139,0,0,0,0,0,274646,3,0
0,0,0,0,1,29,6205,111139,0,0,0,0,0,261687,3,0
0,0,0,0,3,29,6206,111139,0,0,0,0,0,255349,3,0
1,0,0,1,13,29,6207,111139,0,0,0,0,0,242253,3,0
0,0,0,0,18,29,6208,111139,0,0,0,0,0,260390,3,0
0,0,0,0,16,0,6209,111140,0,0,0,0,0,213536,2,0
0,0,0,0,29,3,6210,111140,0,0,0,0,0,255894,3,0
0,0,0,0,2,4,6211,111140,0,0,0,0,0,226002,3,0
0,0,0,0,4,6,6212,111140,0,0,0,0,0,247648,3,0
0,0,0,0,5,7,6213,111140,0,0,0,0,0,232646,3,0
0,0,0,0,21,9,6214,111140,0,0,0,0,0,203067,3,0
1,0,0,0,19,11,6215,111140,0,0,0,0,0,242503,3,0
3,0,0,1,30,12,6216,111140,0,0,0,0,0,247933,3,0
2,0,0,1,14,16,6217,111140,0,0,0,0,0,223816,3,0
4,0,0,1,10,18,6218,111140,0,0,0,0,0,234505,3,0
5,0,0,1,9,25,6219,111140,0,0,0,0,0,213620,5,0
3,0,0,1,11,28,6220,111140,0,0,0,0,0,263947,3,0
0,0,0,0,22,28,6221,111140,0,0,0,0,0,237203,3,0
0,0,0,0,24,28,6222,111140,0,0,0,0,0,254578,3,0
1,0,0,0,27,28,6223,111140,0,0,0,0,0,214354,3,0
0,0,0,0,41,28,6224,111140,0,0,0,0,0,238919,3,0
0,0,0,0,99,28,6225,111140,0,0,0,0,0,269092,3,0
0,0,0,0,33,28,6226,111140,0,0,0,0,0,181404,3,0
0,0,0,0,18,28,6227,111140,0,0,0,0,0,257067,3,0
1,0,0,0,15,28,6228,111140,0,0,0,0,0,221656,3,0
0,0,0,0,44,28,6229,111140,0,0,0,0,0,246951,3,0
0,0,0,0,13,28,6230,111140,0,0,0,0,0,215823,3,0
0,0,0,0,25,28,6231,111140,0,0,0,0,0,247346,3,0
0,0,0,0,24,0,6232,111144,0,0,0,0,0,190569,3,0
1,0,0,1,16,3,6233,111144,0,0,0,0,0,242648,3,0
0,0,0,0,28,4,6234,111144,0,0,0,0,0,224396,3,0
0,0,0,0,25,6,6235,111144,0,0,0,0,0,267995,3,0
0,0,0,0,5,7,6236,111144,0,0,0,0,0,237469,3,0
0,0,0,0,8,9,6237,111144,0,0,0,0,0,256934,3,0
0,0,0,0,6,11,6238,111144,0,0,0,0,0,205953,3,0
1,0,0,1,7,12,6239,111144,0,0,0,0,0,226807,4,0
1,0,0,1,13,16,6240,111144,0,0,0,0,0,226035,3,0
0,0,0,0,11,18,6241,111144,0,0,0,0,0,210423,3,0
5,0,0,1,9,25,6242,111144,0,0,0,0,0,204538,4,0
1,0,0,1,17,28,6243,111144,0,0,0,0,0,243302,3,0
1,0,0,1,23,28,6244,111144,0,0,0,0,0,263790,3,0
0,0,0,0,4,28,6245,111144,0,0,0,0,0,225529,3,0
0,0,0,0,15,28,6246,111144,0,0,0,0,0,261565,3,0
0,0,0,0,26,28,6247,111144,0,0,0,0,0,262530,3,0
0,0,0,0,75,28,6248,111144,0,0,0,0,0,248856,3,0
0,0,0,0,18,28,6249,111144,0,0,0,0,0,263701,3,0
0,0,0,0,27,28,6250,111144,0,0,0,0,0,69989,3,0
0,0,0,0,21,28,6251,111144,0,0,0,0,0,262208,3,0
0,0,0,0,33,28,6252,111144,0,0,0,0,0,275338,3,0
0,0,0,0,14,28,6253,111144,0,0,0,0,0,260657,3,0
1,0,0,1,10,28,6254,111144,0,0,0,0,0,246045,3,0
1,0,0,1,99,29,6255,111144,0,0,0,0,0,268327,3,0
0,0,0,0,39,29,6256,111144,0,0,0,0,0,278151,3,0
0,0,0,0,29,29,6257,111144,0,0,0,0,0,272755,3,0
0,0,0,0,77,29,6258,111144,0,0,0,0,0,272663,3,0
0,0,0,0,1,0,6259,111651,0,0,0,0,0,190780,2,0
0,0,0,0,15,4,6260,111651,0,0,0,0,0,71407,2,0
0,0,0,0,5,5,6261,111651,0,0,0,0,0,194146,3,0
1,0,0,1,28,6,6262,111651,0,0,0,0,0,237642,4,0
1,0,0,1,7,12,6263,111651,0,0,0,0,0,255335,3,0
1,0,0,1,8,13,6264,111651,0,0,0,0,0,243828,3,0
0,0,0,0,20,15,6265,111651,0,0,0,0,0,227916,2,0
1,0,0,1,21,16,6266,111651,0,0,0,0,0,213439,3,0
3,0,0,1,10,17,6267,111651,0,0,0,0,0,212404,4,0
2,0,0,1,24,19,6268,111651,0,0,0,0,0,198219,3,0
5,0,0,1,99,25,6269,111651,0,0,0,0,0,244250,3,0
2,0,0,1,16,28,6270,111651,0,0,0,0,0,71618,3,0
0,0,0,0,11,28,6271,111651,0,0,0,0,0,166539,3,0
0,0,0,0,19,28,6272,111651,0,0,0,0,0,268433,3,0
0,0,0,0,47,28,6273,111651,0,0,0,0,0,267847,3,0
0,0,0,0,90,28,6274,111651,0,0,0,0,0,277916,3,0
0,0,0,0,12,28,6275,111651,0,0,0,0,0,271779,3,0
0,0,0,0,14,28,6276,111651,0,0,0,0,0,274976,3,0
0,0,0,0,27,28,6277,111651,0,0,0,0,0,211581,3,0
0,0,0,0,17,28,6278,111651,0,0,0,0,0,227362,3,0
0,0,0,0,29,28,6279,111651,0,0,0,0,0,266615,3,0
0,0,0,0,6,28,6280,111651,0,0,0,0,0,260679,3,0
0,0,0,0,23,28,6281,111651,0,0,0,0,0,242302,3,0
0,0,0,0,22,29,6282,111651,0,0,0,0,0,232081,3,0
0,0,0,0,95,29,6283,111651,0,0,0,0,0,278682,3,0
0,0,0,0,77,29,6284,111651,0,0,0,0,0,260399,3,0
0,0,0,0,25,0,6285,111928,0,0,0,0,0,186998,3,0
0,0,0,0,29,3,6286,111928,0,0,0,0,0,216605,3,0
2,0,0,1,26,4,6287,111928,0,0,0,0,0,263784,3,0
1,0,0,0,4,6,6288,111928,0,0,0,0,0,236924,2,0
2,0,0,1,94,7,6289,111928,0,0,0,0,0,232388,3,0
2,0,0,1,10,23,6290,111928,0,0,0,0,0,226385,4,0
0,0,0,0,7,13,6291,111928,0,0,0,0,0,221860,2,0
0,0,0,0,30,14,6292,111928,0,0,0,0,0,266518,2,0
0,0,0,0,14,15,6293,111928,0,0,0,0,0,237257,3,0
3,0,0,1,9,27,6294,111928,0,0,0,0,0,224874,4,0
3,0,0,1,11,25,6295,111928,0,0,0,0,0,237256,3,0
1,0,0,0,23,28,6296,111928,0,0,0,0,0,248231,4,0
0,0,0,0,6,28,6297,111928,0,0,0,0,0,202107,3,0
1,0,0,0,3,28,6298,111928,0,0,0,0,0,243126,3,0
0,0,0,0,15,28,6299,111928,0,0,0,0,0,255136,3,0
0,0,0,0,41,28,6300,111928,0,0,0,0,0,254277,3,0
1,0,0,0,19,28,6301,111928,0,0,0,0,0,268483,3,0
2,0,0,1,28,28,6302,111928,0,0,0,0,0,261114,3,0
1,0,0,0,16,28,6303,111928,0,0,0,0,0,256110,3,0
0,0,0,0,77,28,6304,111928,0,0,0,0,0,254154,3,0
0,0,0,0,20,28,6305,111928,0,0,0,0,0,266340,3,0
0,0,0,0,22,28,6306,111928,0,0,0,0,0,221709,3,0
0,0,0,0,31,28,6307,111928,0,0,0,0,0,262646,3,0
0,0,0,0,24,29,6308,111928,0,0,0,0,0,274533,3,0
0,0,0,0,17,29,6309,111928,0,0,0,0,0,266375,3,0
0,0,0,0,55,29,6310,111928,0,0,0,0,0,244677,3,0
0,0,0,0,42,29,6311,111928,0,0,0,0,0,238604,3,0
0,0,0,0,1,29,6312,111928,0,0,0,0,0,242703,3,0
0,0,0,0,59,29,6313,111928,0,0,0,0,0,271567,3,0
0,0,0,0,18,0,6314,112134,0,0,0,0,0,216939,3,0
0,0,0,0,26,3,6315,112134,0,0,0,0,0,260477,4,0
0,0,0,0,5,4,6316,112134,0,0,0,0,0,233400,3,0
0,0,0,0,3,6,6317,112134,0,0,0,0,0,238008,3,0
1,0,0,1,27,7,6318,112134,0,0,0,0,0,239704,4,0
0,0,0,0,8,10,6319,112134,0,0,0,0,0,254891,4,0
1,0,0,1,16,13,6320,112134,0,0,0,0,0,260479,4,0
1,0,0,1,33,15,6321,112134,0,0,0,0,0,260547,3,0
6,0,0,1,10,18,6322,112134,0,0,0,0,0,238277,4,0
4,0,0,1,7,24,6323,112134,0,0,0,0,0,213815,4,0
4,0,0,1,9,26,6324,112134,0,0,0,0,0,240969,3,0
0,0,0,0,28,28,6325,112134,0,0,0,0,0,263180,3,0
0,0,0,0,17,28,6326,112134,0,0,0,0,0,221626,3,0
0,0,0,0,15,28,6327,112134,0,0,0,0,0,243235,3,0
0,0,0,0,30,28,6328,112134,0,0,0,0,0,267619,3,0
0,0,0,0,13,28,6329,112134,0,0,0,0,0,273942,3,0
2,0,0,1,11,28,6330,112134,0,0,0,0,0,191173,3,0
0,0,0,0,20,28,6331,112134,0,0,0,0,0,259978,3,0
0,0,0,0,25,28,6332,112134,0,0,0,0,0,270137,3,0
0,0,0,0,35,28,6333,112134,0,0,0,0,0,70856,3,0
0,0,0,0,1,28,6334,112134,0,0,0,0,0,70853,2,0
0,0,0,0,14,28,6335,112134,0,0,0,0,0,261333,3,0
0,0,0,0,24,28,6336,112134,0,0,0,0,0,70141,3,0
0,0,0,0,21,29,6337,112134,0,0,0,0,0,70140,3,0
0,0,0,0,29,29,6338,112134,0,0,0,0,0,278688,3,0
0,0,0,0,22,29,6339,112134,0,0,0,0,0,269398,3,0
0,0,0,0,31,29,6340,112134,0,0,0,0,0,252859,3,0
0,0,0,0,1,0,6341,112606,0,0,0,0,0,225701,4,0
1,0,0,1,17,3,6342,112606,0,0,0,0,0,248168,3,0
1,0,0,1,4,4,6343,112606,0,0,0,0,0,264085,3,0
0,0,0,0,6,6,6344,112606,0,0,0,0,0,203137,3,0
0,0,0,0,3,7,6345,112606,0,0,0,0,0,247240,3,0
0,0,0,0,16,9,6346,112606,0,0,0,0,0,221664,3,0
0,0,0,0,5,11,6347,112606,0,0,0,0,0,259874,3,0
0,0,0,0,11,12,6348,112606,0,0,0,0,0,240744,3,0
1,0,0,1,77,16,6349,112606,0,0,0,0,0,236800,2,0
1,0,0,1,10,18,6350,112606,0,0,0,0,0,256136,3,0
5,0,0,1,13,25,6351,112606,0,0,0,0,0,274841,4,0
2,0,0,1,9,28,6352,112606,0,0,0,0,0,199110,5,0
0,0,0,0,7,28,6353,112606,0,0,0,0,0,261072,3,0
1,0,0,1,14,28,6354,112606,0,0,0,0,0,197225,5,0
0,0,0,0,24,28,6355,112606,0,0,0,0,0,247356,3,0
0,0,0,0,31,28,6356,112606,0,0,0,0,0,231861,3,0
0,0,0,0,8,28,6357,112606,0,0,0,0,0,207465,3,0
0,0,0,0,15,28,6358,112606,0,0,0,0,0,237875,3,0
0,0,0,0,50,28,6359,112606,0,0,0,0,0,277189,3,0
1,0,0,1,27,28,6360,112606,0,0,0,0,0,268767,3,0
0,0,0,0,28,28,6361,112606,0,0,0,0,0,274580,3,0
0,0,0,0,29,28,6362,112606,0,0,0,0,0,70442,3,0
0,0,0,0,68,28,6363,112606,0,0,0,0,0,263237,3,0
0,0,0,0,95,29,6364,112606,0,0,0,0,0,272756,3,0
0,0,0,0,26,29,6365,112606,0,0,0,0,0,262379,3,0
0,0,0,0,33,29,6366,112606,0,0,0,0,0,71602,3,0
0,0,0,0,30,29,6367,112606,0,0,0,0,0,267920,3,0
0,0,0,0,23,29,6368,112606,0,0,0,0,0,274665,3,0
0,0,0,0,49,0,6369,112828,0,0,0,0,0,247506,5,0
0,0,0,0,35,3,6370,112828,0,0,0,0,0,272943,3,0
0,0,0,0,13,4,6371,112828,0,0,0,0,0,233790,3,0
0,0,0,0,5,6,6372,112828,0,0,0,0,0,241737,3,0
1,0,0,1,22,7,6373,112828,0,0,0,0,0,268009,3,0
0,0,0,0,6,9,6374,112828,0,0,0,0,0,242214,3,0
1,0,0,1,55,11,6375,112828,0,0,0,0,0,241783,3,0
2,0,0,1,11,12,6376,112828,0,0,0,0,0,267866,3,0
1,0,0,1,26,16,6377,112828,0,0,0,0,0,268330,3,0
5,0,0,1,10,18,6378,112828,0,0,0,0,0,255862,4,0
0,0,0,0,9,25,6379,112828,0,0,0,0,0,277303,3,0
2,0,0,1,16,28,6380,112828,0,0,0,0,0,268715,2,0
1,0,0,1,8,28,6381,112828,0,0,0,0,0,246047,5,0
0,0,0,0,21,28,6382,112828,0,0,0,0,0,259713,3,0
0,0,0,0,24,28,6383,112828,0,0,0,0,0,254492,3,0
0,0,0,0,1,28,6384,112828,0,0,0,0,0,247121,3,0
0,0,0,0,43,28,6385,112828,0,0,0,0,0,253755,3,0
0,0,0,0,17,28,6386,112828,0,0,0,0,0,236935,4,0
0,0,0,0,30,28,6387,112828,0,0,0,0,0,260918,3,0
0,0,0,0,80,28,6388,112828,0,0,0,0,0,247038,3,0
0,0,0,0,12,28,6389,112828,0,0,0,0,0,246354,3,0
0,0,0,0,2,28,6390,112828,0,0,0,0,0,261705,3,0
1,0,0,1,88,28,6391,112828,0,0,0,0,0,70444,5,0
0,0,0,0,27,29,6392,112828,0,0,0,0,0,183895,3,0
0,0,0,0,18,29,6393,112828,0,0,0,0,0,264744,3,0
0,0,0,0,38,29,6394,112828,0,0,0,0,0,277302,3,0
0,0,0,0,7,29,6395,112828,0,0,0,0,0,71191,3,0
0,0,0,0,32,29,6396,112828,0,0,0,0,0,274998,3,0
0,0,0,0,44,29,6397,112828,0,0,0,0,0,69982,3,0
0,0,0,0,1,0,6398,112885,0,0,0,0,0,164505,3,0
0,0,0,0,11,3,6399,112885,0,0,0,0,0,237662,3,0
0,0,0,0,4,4,6400,112885,0,0,0,0,0,234178,2,0
0,0,0,0,3,6,6401,112885,0,0,0,0,0,203398,3,0
1,0,0,1,26,7,6402,112885,0,0,0,0,0,266605,3,0
0,0,0,0,8,9,6403,112885,0,0,0,0,0,235885,3,0
0,0,0,0,6,11,6404,112885,0,0,0,0,0,243222,3,0
2,0,0,1,9,12,6405,112885,0,0,0,0,0,239755,3,0
0,0,0,0,16,16,6406,112885,0,0,0,0,0,228768,3,0
3,0,0,1,10,18,6407,112885,0,0,0,0,0,245371,4,0
5,0,0,1,7,25,6408,112885,0,0,0,0,0,239842,3,0
0,0,0,0,13,28,6409,112885,0,0,0,0,0,176071,3,0
0,0,0,0,20,28,6410,112885,0,0,0,0,0,248555,2,0
0,0,0,0,5,28,6411,112885,0,0,0,0,0,216730,3,0
0,0,0,0,24,28,6412,112885,0,0,0,0,0,274272,2,0
0,0,0,0,22,28,6413,112885,0,0,0,0,0,279705,3,0
3,0,0,1,29,28,6414,112885,0,0,0,0,0,212790,3,0
1,0,0,1,19,28,6415,112885,0,0,0,0,0,235184,3,0
0,0,0,0,2,28,6416,112885,0,0,0,0,0,240921,3,0
0,0,0,0,28,28,6417,112885,0,0,0,0,0,258813,3,0
0,0,0,0,31,28,6418,112885,0,0,0,0,0,157888,3,0
0,0,0,0,21,28,6419,112885,0,0,0,0,0,259934,3,0
0,0,0,0,25,28,6420,112885,0,0,0,0,0,278490,3,0
0,0,0,0,30,29,6421,112885,0,0,0,0,0,246447,3,0
0,0,0,0,35,29,6422,112885,0,0,0,0,0,274273,3,0
0,0,0,0,1,0,6423,112893,0,0,0,0,0,254962,3,0
0,0,0,0,57,3,6424,112893,0,0,0,0,0,246263,3,0
0,0,0,0,6,4,6425,112893,0,0,0,0,0,274569,3,0
0,0,0,0,21,6,6426,112893,0,0,0,0,0,214659,3,0
1,0,0,0,18,7,6427,112893,0,0,0,0,0,189332,3,0
1,0,0,0,5,10,6428,112893,0,0,0,0,0,189511,3,0
10,1,0,1,10,23,6429,112893,0,0,0,0,0,158023,3,0
0,0,0,0,24,13,6430,112893,0,0,0,0,0,237223,3,0
0,0,0,0,41,15,6431,112893,0,0,0,0,0,275253,3,0
3,0,0,1,7,27,6432,112893,0,0,0,0,0,237183,5,0
11,1,0,1,9,25,6433,112893,0,0,0,1,0,176580,5,0
2,0,0,1,16,28,6434,112893,0,0,0,0,0,239944,3,0
2,0,0,1,8,28,6435,112893,0,0,0,0,0,253568,3,0
2,0,0,1,30,28,6436,112893,0,0,0,0,0,272687,4,0
0,0,0,0,33,28,6437,112893,0,0,0,0,0,236281,3,0
0,0,0,0,13,28,6438,112893,0,0,0,0,0,267636,3,0
0,0,0,0,27,28,6439,112893,0,0,0,0,0,206414,3,0
0,0,0,0,15,28,6440,112893,0,0,0,0,0,267801,3,0
1,0,0,0,73,28,6441,112893,0,0,0,0,0,71005,3,0
0,0,0,0,19,28,6442,112893,0,0,0,0,0,255031,3,0
0,0,0,0,49,28,6443,112893,0,0,0,0,0,274545,3,0
0,0,0,0,42,28,6444,112893,0,0,0,0,0,71003,3,0
0,0,0,0,32,28,6445,112893,0,0,0,0,0,267872,3,0
2,0,0,1,20,29,6446,112893,0,0,0,0,0,269278,3,0
0,0,0,0,55,29,6447,112893,0,0,0,0,0,269622,3,0
0,0,0,0,17,29,6448,112893,0,0,0,0,0,260732,3,0
0,0,0,0,62,29,6449,112893,0,0,0,0,0,276169,3,0
0,0,0,0,99,29,6450,112893,0,0,0,0,0,275365,3,0
0,0,0,0,11,29,6451,112893,0,0,0,0,0,256287,3,0
0,0,0,0,81,29,6452,112893,0,0,0,0,0,278217,3,0
0,0,0,0,43,29,6453,112893,0,0,0,0,0,276821,3,0
0,0,0,0,1,0,6454,112996,0,0,0,0,0,167948,4,0
0,0,0,0,14,3,6455,112996,0,0,0,0,0,228321,2,0
0,0,0,0,3,4,6456,112996,0,0,0,0,0,219546,3,0
0,0,0,0,33,6,6457,112996,0,0,0,0,0,222123,3,0
0,0,0,0,24,7,6458,112996,0,0,0,0,0,221488,3,0
0,0,0,0,6,10,6459,112996,0,0,0,0,0,199562,3,0
4,0,0,1,13,23,6460,112996,0,0,0,0,0,258819,5,0
4,0,0,1,11,13,6461,112996,0,0,0,0,0,240319,3,0
2,0,0,1,20,15,6462,112996,0,0,0,0,0,236298,3,0
6,0,0,1,99,27,6463,112996,0,0,0,0,0,225951,5,0
4,0,0,1,19,25,6464,112996,0,0,0,0,0,247351,4,0
1,0,0,0,30,28,6465,112996,0,0,0,0,0,272317,3,0
0,0,0,0,25,28,6466,112996,0,0,0,0,0,212607,3,0
0,0,0,0,2,28,6467,112996,0,0,0,0,0,260591,3,0
0,0,0,0,4,28,6468,112996,0,0,0,0,0,237245,3,0
0,0,0,0,22,28,6469,112996,0,0,0,0,0,239993,3,0
0,0,0,0,23,28,6470,112996,0,0,0,0,0,176048,3,0
0,0,0,0,21,28,6471,112996,0,0,0,0,0,260482,3,0
0,0,0,0,43,28,6472,112996,0,0,0,0,0,276215,3,0
0,0,0,0,18,28,6473,112996,0,0,0,0,0,262209,3,0
0,0,0,0,36,28,6474,112996,0,0,0,0,0,71266,3,0
0,0,0,0,28,28,6475,112996,0,0,0,0,0,278502,3,0
0,0,0,0,27,28,6476,112996,0,0,0,0,0,275974,3,0
0,0,0,0,55,29,6477,112996,0,0,0,0,0,276264,3,0
0,0,0,0,1,0,6478,113018,0,0,0,0,0,189117,3,0
1,0,0,1,14,3,6479,113018,0,0,0,0,0,240150,3,0
1,0,0,1,4,4,6480,113018,0,0,0,0,0,210802,3,0
0,0,0,0,26,6,6481,113018,0,0,0,0,0,226803,3,0
0,0,0,0,13,7,6482,113018,0,0,0,0,0,271053,3,0
1,0,0,1,7,9,6483,113018,0,0,0,0,0,247245,3,0
0,0,0,0,8,11,6484,113018,0,0,0,0,0,237407,3,0
1,0,0,1,21,12,6485,113018,0,0,0,0,0,242092,4,0
3,0,0,1,12,16,6486,113018,0,0,0,0,0,273124,4,0
1,0,0,1,19,18,6487,113018,0,0,0,0,0,254905,4,0
5,0,0,1,9,25,6488,113018,0,0,0,0,0,242998,5,0
0,0,0,0,6,28,6489,113018,0,0,0,0,0,247734,3,0
0,0,0,0,25,28,6490,113018,0,0,0,0,0,262094,3,0
0,0,0,0,44,28,6491,113018,0,0,0,0,0,251595,3,0
1,0,0,1,15,28,6492,113018,0,0,0,0,0,232083,3,0
0,0,0,0,39,28,6493,113018,0,0,0,0,0,211387,3,0
2,0,0,1,16,28,6494,113018,0,0,0,0,0,263702,3,0
0,0,0,0,20,28,6495,113018,0,0,0,0,0,273122,3,0
1,0,0,1,10,28,6496,113018,0,0,0,0,0,238072,3,0
0,0,0,0,22,28,6497,113018,0,0,0,0,0,271143,3,0
0,0,0,0,29,28,6498,113018,0,0,0,0,0,277121,3,0
0,0,0,0,2,28,6499,113018,0,0,0,0,0,237252,3,0
0,0,0,0,46,28,6500,113018,0,0,0,0,0,274942,3,0
0,0,0,0,18,0,6501,113149,0,0,0,0,0,266382,3,0
0,0,0,0,32,4,6502,113149,0,0,0,0,0,268130,3,0
0,0,0,0,21,5,6503,113149,0,0,0,0,0,215565,3,0
1,0,0,1,12,6,6504,113149,0,0,0,0,0,237255,4,0
0,0,0,0,91,12,6505,113149,0,0,0,0,0,212722,3,0
0,0,0,0,5,13,6506,113149,0,0,0,0,0,258881,3,0
0,0,0,0,20,15,6507,113149,0,0,0,0,0,244788,4,0
1,0,0,1,23,16,6508,113149,0,0,0,0,0,246423,3,0
6,0,0,1,10,18,6509,113149,0,0,0,0,0,221634,5,0
1,0,0,1,11,24,6510,113149,0,0,0,0,0,242716,3,0
3,0,0,1,7,26,6511,113149,0,0,0,0,0,217242,2,0
0,0,0,0,17,28,6512,113149,0,0,0,0,0,226495,3,0
1,0,0,1,19,28,6513,113149,0,0,0,0,0,268300,4,0
2,0,0,1,9,28,6514,113149,0,0,0,0,0,239910,3,0
0,0,0,0,2,28,6515,113149,0,0,0,0,0,216346,2,0
0,0,0,0,1,28,6516,113149,0,0,0,0,0,213719,3,0
0,0,0,0,26,28,6517,113149,0,0,0,0,0,274543,3,0
0,0,0,0,4,28,6518,113149,0,0,0,0,0,221680,3,0
0,0,0,0,33,28,6519,113149,0,0,0,0,0,274541,3,0
0,0,0,0,22,28,6520,113149,0,0,0,0,0,275602,3,0
0,0,0,0,27,28,6521,113149,0,0,0,0,0,222644,3,0
0,0,0,0,36,28,6522,113149,0,0,0,0,0,237399,3,0
0,0,0,0,15,28,6523,113149,0,0,0,0,0,261232,3,0
0,0,0,0,34,29,6524,113149,0,0,0,0,0,276245,3,0
0,0,0,0,37,29,6525,113149,0,0,0,0,0,274542,3,0
0,0,0,0,14,29,6526,113149,0,0,0,0,0,266388,3,0
0,0,0,0,1,0,6527,114161,0,0,0,0,0,213206,3,0
1,0,0,0,17,3,6528,114161,0,0,0,0,0,242624,3,0
0,0,0,0,4,4,6529,114161,0,0,0,0,0,231948,3,0
2,0,0,1,18,6,6530,114161,0,0,0,0,0,242533,4,0
0,0,0,0,23,7,6531,114161,0,0,0,0,0,261359,3,0
0,0,0,0,8,9,6532,114161,0,0,0,0,0,205895,3,0
0,0,0,0,5,11,6533,114161,0,0,0,0,0,228744,3,0
2,0,0,1,11,12,6534,114161,0,0,0,0,0,227594,3,0
0,0,0,0,6,16,6535,114161,0,0,0,0,0,261245,3,0
3,0,0,1,10,18,6536,114161,0,0,0,0,0,221125,4,0
3,0,0,1,14,25,6537,114161,0,0,0,0,0,204709,3,0
0,0,0,0,13,28,6538,114161,0,0,0,0,0,207669,3,0
0,0,0,0,33,28,6539,114161,0,0,0,0,0,269151,3,0
0,0,0,0,15,28,6540,114161,0,0,0,0,0,234291,3,0
0,0,0,0,16,28,6541,114161,0,0,0,0,0,202231,3,0
0,0,0,0,30,28,6542,114161,0,0,0,0,0,237250,3,0
0,0,0,0,9,28,6543,114161,0,0,0,0,0,212478,3,0
1,0,0,0,7,28,6544,114161,0,0,0,0,0,215259,3,0
0,0,0,0,20,28,6545,114161,0,0,0,0,0,238076,3,0
1,0,0,0,2,28,6546,114161,0,0,0,0,0,206662,3,0
2,0,0,1,29,28,6547,114161,0,0,0,0,0,279942,3,0
0,0,0,0,32,28,6548,114161,0,0,0,0,0,279937,3,0
0,0,0,0,19,28,6549,114161,0,0,0,0,0,274107,3,0
0,0,0,0,1,0,6550,114162,0,0,0,0,0,202215,2,0
0,0,0,0,18,3,6551,114162,0,0,0,0,0,232120,3,0
1,0,0,1,25,4,6552,114162,0,0,0,0,0,212591,3,0
0,0,0,0,44,5,6553,114162,0,0,0,0,0,237397,3,0
0,0,0,0,5,6,6554,114162,0,0,0,0,0,259292,3,0
0,0,0,0,14,7,6555,114162,0,0,0,0,0,251352,3,0
1,0,0,1,16,10,6556,114162,0,0,0,0,0,240611,3,0
1,0,0,1,20,13,6557,114162,0,0,0,0,0,217047,3,0
1,0,0,1,19,15,6558,114162,0,0,0,0,0,231886,3,0
5,0,0,1,9,24,6559,114162,0,0,0,0,0,234249,2,0
2,0,0,1,10,26,6560,114162,0,0,0,0,0,210021,3,0
0,0,0,0,54,28,6561,114162,0,0,0,0,0,226273,3,0
0,0,0,0,8,28,6562,114162,0,0,0,0,0,227911,3,0
0,0,0,0,2,28,6563,114162,0,0,0,0,0,221713,3,0
0,0,0,0,23,28,6564,114162,0,0,0,0,0,231987,3,0
0,0,0,0,30,28,6565,114162,0,0,0,0,0,256111,3,0
2,0,0,1,12,28,6566,114162,0,0,0,0,0,197716,3,0
0,0,0,0,11,28,6567,114162,0,0,0,0,0,211672,1,0
0,0,0,0,6,28,6568,114162,0,0,0,0,0,246804,3,0
0,0,0,0,3,28,6569,114162,0,0,0,0,0,266717,3,0
0,0,0,0,27,28,6570,114162,0,0,0,0,0,255177,3,0
0,0,0,0,22,28,6571,114162,0,0,0,0,0,261874,3,0
0,0,0,0,91,28,6572,114162,0,0,0,0,0,71077,3,0
0,0,0,0,29,29,6573,114162,0,0,0,0,0,264366,3,0
0,0,0,0,13,29,6574,114162,0,0,0,0,0,277622,3,0
0,0,0,0,67,29,6575,114162,0,0,0,0,0,275115,3,0
0,0,0,0,21,29,6576,114162,0,0,0,0,0,70078,3,0
0,0,0,0,77,29,6577,114162,0,0,0,0,0,70079,3,0
0,0,0,0,47,29,6578,114162,0,0,0,0,0,70935,3,0
0,0,0,0,1,0,6579,114640,0,0,0,0,0,266282,4,0
0,0,0,0,14,3,6580,114640,0,0,0,0,0,202814,3,0
1,0,0,1,29,4,6581,114640,0,0,0,0,0,262597,3,0
0,0,0,0,34,6,6582,114640,0,0,0,0,0,274534,4,0
0,0,0,0,21,7,6583,114640,0,0,0,0,0,207593,3,0
1,0,0,1,8,9,6584,114640,0,0,0,0,0,189280,3,0
1,0,0,1,28,11,6585,114640,0,0,0,0,0,246299,3,0
1,0,0,1,11,12,6586,114640,0,0,0,0,0,263377,3,0
2,0,0,1,18,16,6587,114640,0,0,0,0,0,269913,3,0
1,0,0,1,10,18,6588,114640,0,0,0,0,0,201043,3,0
1,0,0,1,9,25,6589,114640,0,0,0,0,0,238332,3,0
0,0,0,0,13,28,6590,114640,0,0,0,0,0,237920,3,0
1,0,0,1,23,28,6591,114640,0,0,0,0,0,71218,3,0
0,0,0,0,6,28,6592,114640,0,0,0,0,0,220886,3,0
0,0,0,0,24,28,6593,114640,0,0,0,0,0,242334,3,0
0,0,0,0,22,28,6594,114640,0,0,0,0,0,202469,3,0
1,0,0,1,38,28,6595,114640,0,0,0,0,0,266098,3,0
3,0,0,1,33,28,6596,114640,0,0,0,0,0,274685,5,0
0,0,0,0,37,28,6597,114640,0,0,0,0,0,178287,3,0
0,0,0,0,30,28,6598,114640,0,0,0,0,0,206171,3,0
0,0,0,0,25,28,6599,114640,0,0,0,0,0,72167,3,0
0,0,0,0,32,28,6600,114640,0,0,0,0,0,274664,3,0
0,0,0,0,15,28,6601,114640,0,0,0,0,0,266373,3,0
0,0,0,0,31,29,6602,114640,0,0,0,0,0,267874,3,0
0,0,0,0,20,29,6603,114640,0,0,0,0,0,70170,3,0
0,0,0,0,39,29,6604,114640,0,0,0,0,0,275008,3,0
0,0,0,0,26,29,6605,114640,0,0,0,0,0,259550,3,0
0,0,0,0,40,29,6606,114640,0,0,0,0,0,71267,3,0
0,0,0,0,35,29,6607,114640,0,0,0,0,0,274684,3,0
0,0,0,0,36,29,6608,114640,0,0,0,0,0,272817,3,0
0,0,0,0,99,29,6609,114640,0,0,0,0,0,271151,3,0
0,0,0,0,1,0,6610,298,0,0,0,0,0,257568,2,0
0,0,0,0,2,3,6611,298,0,0,0,0,0,230836,3,0
0,0,0,0,21,4,6612,298,0,0,0,0,0,70693,3,0
0,0,0,0,38,6,6613,298,0,0,0,0,0,258920,3,0
0,0,0,0,23,7,6614,298,0,0,0,0,0,212040,3,0
1,0,0,1,10,10,6615,298,0,0,0,0,0,204612,5,0
0,0,0,0,45,23,6616,298,0,0,0,0,0,278753,3,0
0,0,0,0,7,13,6617,298,0,0,0,0,0,190549,3,0
1,0,0,1,41,15,6618,298,0,0,0,0,0,268737,3,0
0,0,0,0,11,27,6619,298,0,0,0,0,0,255339,4,0
5,1,0,1,9,25,6620,298,0,0,0,1,0,260567,4,0
1,0,0,1,14,28,6621,298,0,0,0,0,0,244724,3,0
0,0,0,0,6,28,6622,298,0,0,0,0,0,246757,3,0
0,0,0,0,19,28,6623,298,0,0,0,0,0,241726,2,0
0,0,0,0,20,28,6624,298,0,0,0,0,0,252858,4,0
0,0,0,0,12,28,6625,298,0,0,0,0,0,248283,3,0
0,0,0,0,22,28,6626,298,0,0,0,0,0,275020,3,0
0,0,0,0,8,28,6627,298,0,0,0,0,0,240285,3,0
0,0,0,0,25,28,6628,298,0,0,0,0,0,227601,3,0
0,0,0,0,50,28,6629,298,0,0,0,0,0,71868,3,0
1,0,0,1,39,28,6630,298,0,0,0,0,0,268738,3,0
0,0,0,0,40,28,6631,298,0,0,0,0,0,269879,3,0
0,0,0,0,32,28,6632,298,0,0,0,0,0,246291,3,0
0,0,0,0,3,29,6633,298,0,0,0,0,0,233040,3,0
0,0,0,0,18,29,6634,298,0,0,0,0,0,258710,3,0
0,0,0,0,12,0,6635,299,0,0,0,0,0,240489,3,0
0,0,0,0,16,3,6636,299,0,0,0,0,0,274948,2,0
1,0,0,1,4,4,6637,299,0,0,0,0,0,261388,3,0
0,0,0,0,28,6,6638,299,0,0,0,0,0,190491,1,0
0,0,0,0,19,7,6639,299,0,0,0,0,0,254809,2,0
0,0,0,0,8,10,6640,299,0,0,0,0,0,221631,2,0
1,0,0,1,17,23,6641,299,0,0,0,0,0,230736,2,0
0,0,0,0,7,13,6642,299,0,0,0,0,0,246389,4,0
0,0,0,0,23,15,6643,299,0,0,0,0,0,197954,2,0
0,0,0,0,33,27,6644,299,0,0,0,0,0,264273,2,0
3,0,0,1,10,25,6645,299,0,0,0,0,0,213778,3,0
0,0,0,0,6,28,6646,299,0,0,0,0,0,219990,3,0
0,0,0,0,14,28,6647,299,0,0,0,0,0,190490,3,0
0,0,0,0,64,28,6648,299,0,0,0,0,0,197996,3,0
0,0,0,0,3,28,6649,299,0,0,0,0,0,235532,2,0
0,0,0,0,1,28,6650,299,0,0,0,0,0,231566,3,0
1,0,0,1,20,28,6651,299,0,0,0,0,0,276434,3,0
0,0,0,0,30,28,6652,299,0,0,0,0,0,242975,3,0
0,0,0,0,15,28,6653,299,0,0,0,0,0,182160,2,0
0,0,0,0,11,28,6654,299,0,0,0,0,0,257269,3,0
0,0,0,0,24,28,6655,299,0,0,0,0,0,71319,3,0
0,0,0,0,22,28,6656,299,0,0,0,0,0,271679,3,0
0,0,0,0,18,28,6657,299,0,0,0,0,0,272933,2,0
0,0,0,0,27,29,6658,299,0,0,0,0,0,263196,3,0
0,0,0,0,90,29,6659,299,0,0,0,0,0,278822,3,0
0,0,0,0,2,29,6660,299,0,0,0,0,0,243603,3,0
0,0,0,0,30,0,6661,300,0,0,0,0,0,245274,3,0
0,0,0,0,3,3,6662,300,0,0,0,0,0,214650,4,0
0,0,0,0,5,4,6663,300,0,0,0,0,0,271680,3,0
0,0,0,0,4,6,6664,300,0,0,0,0,0,277305,4,0
0,0,0,0,23,7,6665,300,0,0,0,0,0,272970,3,0
0,0,0,0,29,23,6666,300,0,0,0,0,0,215195,3,0
0,0,0,0,14,13,6667,300,0,0,0,0,0,261875,3,0
0,0,0,0,8,14,6668,300,0,0,0,0,0,254142,4,0
1,0,0,1,21,15,6669,300,0,0,0,0,0,239672,3,0
2,0,0,1,10,27,6670,300,0,0,0,0,0,205214,4,0
3,0,0,1,9,25,6671,300,0,0,0,0,0,222168,3,0
1,0,0,1,20,28,6672,300,0,0,0,0,0,245384,3,0
0,0,0,0,11,28,6673,300,0,0,0,0,0,198024,3,0
0,0,0,0,6,28,6674,300,0,0,0,0,0,247754,3,0
0,0,0,0,22,28,6675,300,0,0,0,0,0,276627,3,0
0,0,0,0,1,28,6676,300,0,0,0,0,0,186508,3,0
1,0,0,1,7,28,6677,300,0,0,0,0,0,231582,3,0
0,0,0,0,19,28,6678,300,0,0,0,0,0,256598,3,0
0,0,0,0,26,28,6679,300,0,0,0,0,0,262860,3,0
0,0,0,0,17,28,6680,300,0,0,0,0,0,271265,3,0
0,0,0,0,34,28,6681,300,0,0,0,0,0,259129,3,0
0,0,0,0,43,28,6682,300,0,0,0,0,0,277620,3,0
0,0,0,0,16,28,6683,300,0,0,0,0,0,203426,3,0
0,0,0,0,18,29,6684,300,0,0,0,0,0,246390,3,0
0,0,0,0,2,29,6685,300,0,0,0,0,0,256040,4,0
0,0,0,0,24,29,6686,300,0,0,0,0,0,279217,3,0
0,0,0,0,1,0,6687,417,0,0,0,0,0,235606,2,0
0,0,0,0,21,3,6688,417,0,0,0,0,0,198599,3,0
0,0,0,0,19,4,6689,417,0,0,0,0,0,223253,3,0
0,0,0,0,2,5,6690,417,0,0,0,0,0,207622,3,0
1,0,0,1,25,6,6691,417,0,0,0,0,0,250850,4,0
1,0,0,1,28,7,6692,417,0,0,0,0,0,209335,3,0
1,0,0,1,15,13,6693,417,0,0,0,0,0,236471,3,0
0,0,0,0,16,15,6694,417,0,0,0,0,0,246063,2,0
3,0,0,1,7,18,6695,417,0,0,0,0,0,153048,4,0
4,1,0,1,20,24,6696,417,0,0,0,0,0,267685,3,0
0,0,0,0,9,26,6697,417,0,0,0,0,0,201888,3,0
1,0,0,1,8,28,6698,417,0,0,0,0,0,188091,3,0
2,0,0,1,5,28,6699,417,0,0,0,0,0,211365,3,0
0,0,0,0,24,28,6700,417,0,0,0,0,0,266875,3,0
0,0,0,0,3,28,6701,417,0,0,0,0,0,244056,3,0
0,0,0,0,12,28,6702,417,0,0,0,0,0,248329,3,0
0,0,0,0,17,28,6703,417,0,0,0,0,0,201877,3,0
0,0,0,0,31,28,6704,417,0,0,0,0,0,264294,3,0
0,0,0,0,29,28,6705,417,0,0,0,0,0,266552,3,0
1,0,0,1,18,28,6706,417,0,0,0,0,0,236634,4,0
0,0,0,0,23,28,6707,417,0,0,0,0,0,70328,3,0
0,0,0,0,4,28,6708,417,0,0,0,0,0,259763,3,0
0,0,0,0,22,28,6709,417,0,0,0,0,0,269971,3,0
0,0,0,0,6,29,6710,417,0,0,0,0,0,70953,2,0
0,0,0,0,26,29,6711,417,0,0,0,0,0,256384,3,0
0,0,0,0,11,29,6712,417,0,0,0,0,0,211457,2,0
0,0,0,0,1,0,6713,418,0,0,0,0,0,207633,4,0
0,0,0,0,30,3,6714,418,0,0,0,0,0,278707,3,0
0,0,0,0,5,4,6715,418,0,0,0,0,0,247376,4,0
0,0,0,0,28,5,6716,418,0,0,0,0,0,224391,3,0
0,0,0,0,4,6,6717,418,0,0,0,0,0,267690,3,0
0,0,0,0,17,7,6718,418,0,0,0,0,0,273870,3,0
2,0,0,1,11,10,6719,418,0,0,0,0,0,177279,5,0
0,0,0,0,22,13,6720,418,0,0,0,0,0,245332,3,0
1,0,0,1,8,15,6721,418,0,0,0,0,0,208297,4,0
2,0,0,1,9,24,6722,418,0,0,0,0,0,262732,3,0
1,0,0,1,15,26,6723,418,0,0,0,0,0,253152,5,0
0,0,0,0,7,28,6724,418,0,0,0,0,0,262349,3,0
0,0,0,0,6,28,6725,418,0,0,0,0,0,274979,4,0
0,0,0,0,14,28,6726,418,0,0,0,0,0,72062,3,0
0,0,0,0,25,28,6727,418,0,0,0,0,0,210691,3,0
0,0,0,0,12,28,6728,418,0,0,0,0,0,201864,3,0
0,0,0,0,10,28,6729,418,0,0,0,0,0,274701,3,0
0,0,0,0,23,28,6730,418,0,0,0,0,0,262173,4,0
0,0,0,0,16,28,6731,418,0,0,0,0,0,274855,3,0
0,0,0,0,18,28,6732,418,0,0,0,0,0,71059,3,0
0,0,0,0,3,28,6733,418,0,0,0,0,0,262174,2,0
0,0,0,0,99,28,6734,418,0,0,0,0,0,271045,3,0
0,0,0,0,26,28,6735,418,0,0,0,0,0,264256,3,0
0,0,0,0,21,29,6736,418,0,0,0,0,0,71864,3,0
0,0,0,0,27,29,6737,418,0,0,0,0,0,71853,3,0
0,0,0,0,12,0,6738,918,0,0,0,0,0,222389,3,0
0,0,0,0,20,3,6739,918,0,0,0,0,0,268375,4,0
0,0,0,0,18,4,6740,918,0,0,0,0,0,212938,3,0
0,0,0,0,6,6,6741,918,0,0,0,0,0,228238,3,0
1,0,0,1,15,7,6742,918,0,0,0,0,0,233800,3,0
1,0,0,1,7,10,6743,918,0,0,0,0,0,222227,4,0
3,0,0,1,99,23,6744,918,0,0,0,0,0,271090,3,0
2,0,0,1,26,13,6745,918,0,0,0,0,0,242162,3,0
4,1,0,1,8,15,6746,918,0,0,0,0,0,256949,5,0
1,0,0,1,23,27,6747,918,0,0,0,0,0,233848,5,0
1,0,0,1,94,25,6748,918,0,0,0,0,0,247333,2,0
0,0,0,0,28,28,6749,918,0,0,0,0,0,278015,3,0
0,0,0,0,19,28,6750,918,0,0,0,0,0,225077,3,0
0,0,0,0,4,28,6751,918,0,0,0,0,0,242623,3,0
0,0,0,0,30,28,6752,918,0,0,0,0,0,242712,3,0
0,0,0,0,24,28,6753,918,0,0,0,0,0,224322,3,0
3,0,0,1,9,28,6754,918,0,0,0,0,0,243203,3,0
1,0,0,1,14,28,6755,918,0,0,0,0,0,221001,3,0
0,0,0,0,44,28,6756,918,0,0,0,0,0,273044,3,0
0,0,0,0,5,28,6757,918,0,0,0,0,0,224793,3,0
0,0,0,0,17,28,6758,918,0,0,0,0,0,242134,3,0
0,0,0,0,27,28,6759,918,0,0,0,0,0,236750,4,0
0,0,0,0,21,28,6760,918,0,0,0,0,0,273806,3,0
0,0,0,0,45,29,6761,918,0,0,0,0,0,279929,3,0
0,0,0,0,10,29,6762,918,0,0,0,0,0,268740,3,0
0,0,0,0,1,29,6763,918,0,0,0,0,0,230787,3,0
0,0,0,0,2,29,6764,918,0,0,0,0,0,71882,3,0
0,0,0,0,3,29,6765,918,0,0,0,0,0,190824,3,0
0,0,0,0,11,29,6766,918,0,0,0,0,0,220074,3,0
0,0,0,0,1,0,6767,919,0,0,0,0,0,208573,3,0
0,0,0,0,13,3,6768,919,0,0,0,0,0,223861,4,0
0,0,0,0,6,4,6769,919,0,0,0,0,0,248855,3,0
0,0,0,0,3,6,6770,919,0,0,0,0,0,238263,3,0
0,0,0,0,23,7,6771,919,0,0,0,0,0,248245,3,0
1,0,0,1,19,10,6772,919,0,0,0,0,0,221552,5,0
2,0,0,1,16,23,6773,919,0,0,0,0,0,258892,2,0
0,0,0,0,14,13,6774,919,0,0,0,0,0,261391,3,0
0,0,0,0,8,15,6775,919,0,0,0,0,0,237937,3,0
1,0,0,1,9,27,6776,919,0,0,0,0,0,233379,2,0
1,0,0,1,11,25,6777,919,0,0,0,0,0,209264,3,0
4,1,0,1,20,28,6778,919,0,0,0,0,0,253441,3,0
0,0,0,0,22,28,6779,919,0,0,0,0,0,262226,3,0
0,0,0,0,18,28,6780,919,0,0,0,0,0,261456,3,0
3,0,0,1,17,28,6781,919,0,0,0,0,0,225251,5,0
0,0,0,0,12,28,6782,919,0,0,0,0,0,278719,3,0
0,0,0,0,37,28,6783,919,0,0,0,0,0,275490,3,0
0,0,0,0,35,28,6784,919,0,0,0,0,0,276251,3,0
0,0,0,0,7,28,6785,919,0,0,0,0,0,238755,3,0
0,0,0,0,26,28,6786,919,0,0,0,0,0,278724,3,0
0,0,0,0,21,28,6787,919,0,0,0,0,0,207502,3,0
0,0,0,0,99,28,6788,919,0,0,0,0,0,274954,3,0
1,0,0,1,10,28,6789,919,0,0,0,0,0,254084,4,0
0,0,0,0,2,29,6790,919,0,0,0,0,0,71321,3,0
0,0,0,0,25,29,6791,919,0,0,0,0,0,262733,3,0
0,0,0,0,27,29,6792,919,0,0,0,0,0,256417,3,0
0,0,0,0,1,0,6793,922,0,0,0,0,0,211021,3,0
0,0,0,0,26,3,6794,922,0,0,0,0,0,197391,3,0
1,0,0,1,25,4,6795,922,0,0,0,0,0,266659,3,0
1,0,0,1,71,5,6796,922,0,0,0,0,0,203363,4,0
0,0,0,0,27,6,6797,922,0,0,0,0,0,273893,3,0
1,0,0,1,17,7,6798,922,0,0,0,0,0,277902,3,0
0,0,0,0,77,23,6799,922,0,0,0,0,0,233444,2,0
2,0,0,1,10,13,6800,922,0,0,0,0,0,205291,3,0
0,0,0,0,8,15,6801,922,0,0,0,0,0,247821,3,0
1,0,0,1,23,27,6802,922,0,0,0,0,0,203368,3,0
1,0,0,1,9,25,6803,922,0,0,0,0,0,251828,3,0
0,0,0,0,20,28,6804,922,0,0,0,0,0,271161,3,0
0,0,0,0,22,28,6805,922,0,0,0,0,0,271993,3,0
0,0,0,0,5,28,6806,922,0,0,0,0,0,221633,3,0
0,0,0,0,3,28,6807,922,0,0,0,0,0,247820,3,0
0,0,0,0,32,28,6808,922,0,0,0,0,0,247839,3,0
0,0,0,0,11,28,6809,922,0,0,0,0,0,248167,3,0
0,0,0,0,14,28,6810,922,0,0,0,0,0,264745,3,0
0,0,0,0,21,28,6811,922,0,0,0,0,0,276252,2,0
0,0,0,0,4,28,6812,922,0,0,0,0,0,70916,3,0
0,0,0,0,15,28,6813,922,0,0,0,0,0,274540,3,0
0,0,0,0,16,28,6814,922,0,0,0,0,0,277991,3,0
0,0,0,0,18,28,6815,922,0,0,0,0,0,253016,3,0
0,0,0,0,36,29,6816,922,0,0,0,0,0,72013,3,0
0,0,0,0,68,29,6817,922,0,0,0,0,0,278709,3,0
0,0,0,0,19,29,6818,922,0,0,0,0,0,279043,3,0
0,0,0,0,12,29,6819,922,0,0,0,0,0,71881,3,0
0,0,0,0,37,29,6820,922,0,0,0,0,0,278914,3,0
0,0,0,0,1,0,6821,1456,0,0,0,0,0,190459,2,0
0,0,0,0,2,3,6822,1456,0,0,0,0,0,148696,3,0
0,0,0,0,21,4,6823,1456,0,0,0,0,0,167159,3,0
1,0,0,1,5,6,6824,1456,0,0,0,0,0,70918,2,0
0,0,0,0,3,7,6825,1456,0,0,0,0,0,247115,2,0
2,0,0,1,29,23,6826,1456,0,0,0,0,0,275295,2,0
0,0,0,0,7,13,6827,1456,0,0,0,0,0,256418,2,0
0,0,0,0,17,14,6828,1456,0,0,0,0,0,260621,3,0
2,0,0,1,6,15,6829,1456,0,0,0,0,0,231241,3,0
2,0,0,1,11,27,6830,1456,0,0,0,0,0,272849,3,0
1,0,0,1,10,25,6831,1456,0,0,0,0,0,212041,2,0
0,0,0,0,9,28,6832,1456,0,0,0,0,0,260043,2,0
0,0,0,0,8,28,6833,1456,0,0,0,0,0,190979,3,0
0,0,0,0,24,28,6834,1456,0,0,0,0,0,242419,2,0
0,0,0,0,14,28,6835,1456,0,0,0,0,0,266802,2,0
0,0,0,0,30,28,6836,1456,0,0,0,0,0,270543,3,0
1,0,0,1,18,28,6837,1456,0,0,0,0,0,262533,3,0
0,0,0,0,16,28,6838,1456,0,0,0,0,0,274831,3,0
0,0,0,0,20,28,6839,1456,0,0,0,0,0,271083,3,0
0,0,0,0,99,28,6840,1456,0,0,0,0,0,193422,3,0
0,0,0,0,26,28,6841,1456,0,0,0,0,0,268403,3,0
0,0,0,0,13,28,6842,1456,0,0,0,0,0,277062,1,0
0,0,0,0,22,28,6843,1456,0,0,0,0,0,277791,3,0
0,0,0,0,4,29,6844,1456,0,0,0,0,0,256429,3,0
0,0,0,0,25,29,6845,1456,0,0,0,0,0,71686,3,0
0,0,0,0,12,29,6846,1456,0,0,0,0,0,234639,3,0
0,0,0,0,1,0,6847,1463,0,0,0,0,0,247611,2,0
0,0,0,0,25,3,6848,1463,0,0,0,0,0,277237,3,0
0,0,0,0,4,4,6849,1463,0,0,0,0,0,243347,3,0
0,0,0,0,6,6,6850,1463,0,0,0,0,0,238508,3,0
0,0,0,0,2,7,6851,1463,0,0,0,0,0,273614,3,0
2,0,0,1,16,9,6852,1463,0,0,0,0,0,236877,3,0
0,0,0,0,13,11,6853,1463,0,0,0,0,0,70954,3,0
0,0,0,0,24,12,6854,1463,0,0,0,0,0,277238,3,0
0,0,0,0,11,16,6855,1463,0,0,0,0,0,256383,3,0
0,0,0,0,21,18,6856,1463,0,0,0,0,0,239175,3,0
3,0,0,1,29,25,6857,1463,0,0,0,0,0,269414,4,0
1,0,0,1,20,28,6858,1463,0,0,0,0,0,71843,3,0
0,0,0,0,37,28,6859,1463,0,0,0,0,0,278752,2,0
0,0,0,0,3,28,6860,1463,0,0,0,0,0,235884,4,0
0,0,0,0,5,28,6861,1463,0,0,0,0,0,70295,2,0
0,0,0,0,22,28,6862,1463,0,0,0,0,0,196983,3,0
0,0,0,0,9,28,6863,1463,0,0,0,0,0,246954,3,0
0,0,0,0,7,28,6864,1463,0,0,0,0,0,274710,3,0
0,0,0,0,14,28,6865,1463,0,0,0,0,0,221346,3,0
1,0,0,1,8,28,6866,1463,0,0,0,0,0,220964,4,0
0,0,0,0,17,28,6867,1463,0,0,0,0,0,262947,3,0
0,0,0,0,41,28,6868,1463,0,0,0,0,0,71860,3,0
0,0,0,0,10,28,6869,1463,0,0,0,0,0,71862,3,0
0,0,0,0,66,29,6870,1463,0,0,0,0,0,71865,3,0
0,0,0,0,12,29,6871,1463,0,0,0,0,0,227616,3,0
0,0,0,0,39,29,6872,1463,0,0,0,0,0,71866,3,0
0,0,0,0,40,29,6873,1463,0,0,0,0,0,278820,3,0
0,0,0,0,12,0,6874,1756,0,0,0,0,0,191153,2,0
0,0,0,0,22,3,6875,1756,0,0,0,0,0,229678,3,0
1,0,0,1,14,4,6876,1756,0,0,0,0,0,71292,3,0
0,0,0,0,23,5,6877,1756,0,0,0,0,0,246911,2,0
1,0,0,1,6,6,6878,1756,0,0,0,0,0,222166,3,0
0,0,0,0,2,7,6879,1756,0,0,0,0,0,261623,3,0
0,0,0,0,19,10,6880,1756,0,0,0,0,0,227869,3,0
0,0,0,0,8,13,6881,1756,0,0,0,0,0,234672,3,0
0,0,0,0,7,15,6882,1756,0,0,0,0,0,267688,3,0
1,0,0,1,10,24,6883,1756,0,0,0,0,0,252434,2,0
0,0,0,0,16,26,6884,1756,0,0,0,0,0,227866,3,0
0,0,0,0,9,28,6885,1756,0,0,0,0,0,234638,3,0
0,0,0,0,11,28,6886,1756,0,0,0,0,0,239960,3,0
2,0,0,1,17,28,6887,1756,0,0,0,0,0,264295,3,0
0,0,0,0,26,28,6888,1756,0,0,0,0,0,263658,3,0
0,0,0,0,1,28,6889,1756,0,0,0,0,0,273615,3,0
0,0,0,0,21,28,6890,1756,0,0,0,0,0,238195,3,0
0,0,0,0,18,28,6891,1756,0,0,0,0,0,279832,3,0
0,0,0,0,25,28,6892,1756,0,0,0,0,0,274922,3,0
0,0,0,0,20,28,6893,1756,0,0,0,0,0,277026,3,0
0,0,0,0,4,28,6894,1756,0,0,0,0,0,267694,3,0
0,0,0,0,3,28,6895,1756,0,0,0,0,0,266334,3,0
0,0,0,0,15,28,6896,1756,0,0,0,0,0,71070,3,0
0,0,0,0,24,29,6897,1756,0,0,0,0,0,275059,3,0
0,0,0,0,30,29,6898,1756,0,0,0,0,0,252280,3,0
0,0,0,0,1,0,6899,1757,0,0,0,0,0,225766,3,0
0,0,0,0,4,3,6900,1757,0,0,0,0,0,257546,3,0
1,0,0,1,47,4,6901,1757,0,0,0,0,0,277771,2,0
1,0,0,1,2,6,6902,1757,0,0,0,0,0,273649,2,0
0,0,0,0,17,7,6903,1757,0,0,0,0,0,251143,2,0
0,0,0,0,18,10,6904,1757,0,0,0,0,0,272968,4,0
1,0,0,1,7,23,6905,1757,0,0,0,0,0,240499,4,0
0,0,0,0,6,13,6906,1757,0,0,0,0,0,255940,3,0
1,0,0,1,21,15,6907,1757,0,0,0,0,0,241955,3,0
1,0,0,1,14,27,6908,1757,0,0,0,0,0,272967,3,0
2,0,0,1,9,25,6909,1757,0,0,0,0,0,201993,5,0
0,0,0,0,27,28,6910,1757,0,0,0,0,0,273978,3,0
0,0,0,0,45,28,6911,1757,0,0,0,0,0,71045,3,0
1,0,0,1,8,28,6912,1757,0,0,0,0,0,262911,3,0
0,0,0,0,10,28,6913,1757,0,0,0,0,0,71084,3,0
0,0,0,0,30,28,6914,1757,0,0,0,0,0,275000,3,0
0,0,0,0,11,28,6915,1757,0,0,0,0,0,269968,3,0
0,0,0,0,3,28,6916,1757,0,0,0,0,0,264297,3,0
0,0,0,0,24,28,6917,1757,0,0,0,0,0,271353,3,0
0,0,0,0,25,28,6918,1757,0,0,0,0,0,278702,3,0
0,0,0,0,22,28,6919,1757,0,0,0,0,0,278701,3,0
0,0,0,0,26,28,6920,1757,0,0,0,0,0,268401,3,0
0,0,0,0,99,28,6921,1757,0,0,0,0,0,251336,3,0
0,0,0,0,20,29,6922,1757,0,0,0,0,0,69965,3,0
0,0,0,0,16,29,6923,1757,0,0,0,0,0,271615,3,0
0,0,0,0,30,0,6924,2041,0,0,0,0,0,70118,3,0
0,0,0,0,12,3,6925,2041,0,0,0,0,0,255347,2,0
0,0,0,0,22,4,6926,2041,0,0,0,0,0,251905,2,0
1,0,0,1,17,5,6927,2041,0,0,0,0,0,256396,3,0
0,0,0,0,6,6,6928,2041,0,0,0,0,0,235616,3,0
2,0,0,1,4,7,6929,2041,0,0,0,0,0,70120,3,0
0,0,0,0,19,10,6930,2041,0,0,0,0,0,70124,3,0
5,1,0,1,10,13,6931,2041,0,0,0,1,0,266731,5,0
1,0,0,1,13,15,6932,2041,0,0,0,0,0,241915,3,0
0,0,0,0,11,24,6933,2041,0,0,0,0,0,261454,3,0
0,0,0,0,29,26,6934,2041,0,0,0,0,0,244220,2,0
0,0,0,0,7,28,6935,2041,0,0,0,0,0,224964,2,0
0,0,0,0,18,28,6936,2041,0,0,0,0,0,70121,3,0
0,0,0,0,5,28,6937,2041,0,0,0,0,0,191730,3,0
0,0,0,0,2,28,6938,2041,0,0,0,0,0,192125,3,0
0,0,0,0,1,28,6939,2041,0,0,0,0,0,70117,3,0
1,0,0,1,9,28,6940,2041,0,0,0,0,0,206217,3,0
0,0,0,0,26,28,6941,2041,0,0,0,0,0,219257,3,0
0,0,0,0,28,28,6942,2041,0,0,0,0,0,70123,3,0
2,0,0,1,20,28,6943,2041,0,0,0,0,0,256748,5,0
0,0,0,0,14,28,6944,2041,0,0,0,0,0,70126,3,0
0,0,0,0,23,28,6945,2041,0,0,0,0,0,228667,3,0
0,0,0,0,3,28,6946,2041,0,0,0,0,0,254750,2,0
0,0,0,0,21,29,6947,2041,0,0,0,0,0,70122,3,0
0,0,0,0,25,29,6948,2041,0,0,0,0,0,70119,3,0
0,0,0,0,33,29,6949,2041,0,0,0,0,0,70127,3,0
0,0,0,0,31,0,6950,112199,0,0,0,0,0,258718,2,0
1,0,0,1,32,3,6951,112199,0,0,0,0,0,228834,2,0
0,0,0,0,3,4,6952,112199,0,0,0,0,0,246709,3,0
1,0,0,1,30,6,6953,112199,0,0,0,0,0,263988,2,0
0,0,0,0,72,7,6954,112199,0,0,0,0,0,257917,3,0
0,0,0,0,8,9,6955,112199,0,0,0,0,0,216286,3,0
0,0,0,0,6,11,6956,112199,0,0,0,0,0,253010,3,0
2,0,0,1,23,12,6957,112199,0,0,0,0,0,222081,3,0
1,0,0,1,27,16,6958,112199,0,0,0,0,0,70801,3,0
0,0,0,0,11,18,6959,112199,0,0,0,0,0,207559,3,0
0,0,0,0,19,25,6960,112199,0,0,0,0,0,277309,3,0
1,0,0,1,14,28,6961,112199,0,0,0,0,0,183339,3,0
0,0,0,0,18,28,6962,112199,0,0,0,0,0,213498,3,0
0,0,0,0,20,28,6963,112199,0,0,0,0,0,272624,3,0
0,0,0,0,17,28,6964,112199,0,0,0,0,0,277905,3,0
0,0,0,0,40,28,6965,112199,0,0,0,0,0,269715,3,0
1,0,0,1,10,28,6966,112199,0,0,0,0,0,187043,4,0
0,0,0,0,5,28,6967,112199,0,0,0,0,0,202259,1,0
0,0,0,0,7,28,6968,112199,0,0,0,0,0,214931,3,0
0,0,0,0,22,28,6969,112199,0,0,0,0,0,70166,3,0
0,0,0,0,98,28,6970,112199,0,0,0,0,0,228519,2,0
0,0,0,0,26,28,6971,112199,0,0,0,0,0,71314,3,0
0,0,0,0,4,28,6972,112199,0,0,0,0,0,277306,2,0
0,0,0,0,74,29,6973,112199,0,0,0,0,0,271076,3,0
0,0,0,0,2,29,6974,112199,0,0,0,0,0,271077,3,0
0,0,0,0,77,29,6975,112199,0,0,0,0,0,274914,3,0
0,0,0,0,30,0,6976,113459,0,0,0,0,0,234050,3,0
0,0,0,0,15,3,6977,113459,0,0,0,0,0,268920,2,0
0,0,0,0,18,4,6978,113459,0,0,0,0,0,248337,2,0
1,0,0,1,5,5,6979,113459,0,0,0,0,0,198642,2,0
0,0,0,0,26,6,6980,113459,0,0,0,0,0,247962,3,0
0,0,0,0,3,7,6981,113459,0,0,0,0,0,198519,3,0
0,0,0,0,6,10,6982,113459,0,0,0,0,0,236751,3,0
0,0,0,0,14,13,6983,113459,0,0,0,0,0,239006,3,0
1,0,0,1,23,15,6984,113459,0,0,0,0,0,271611,2,0
1,0,0,1,17,24,6985,113459,0,0,0,0,0,261457,2,0
2,0,0,1,37,26,6986,113459,0,0,0,0,0,254307,3,0
1,0,0,1,9,28,6987,113459,0,0,0,0,0,271467,4,0
0,0,0,0,19,28,6988,113459,0,0,0,0,0,269757,3,0
0,0,0,0,20,28,6989,113459,0,0,0,0,0,71857,3,0
0,0,0,0,35,28,6990,113459,0,0,0,0,0,269756,3,0
0,0,0,0,12,28,6991,113459,0,0,0,0,0,269754,3,0
0,0,0,0,11,28,6992,113459,0,0,0,0,0,257617,3,0
0,0,0,0,29,28,6993,113459,0,0,0,0,0,269759,3,0
0,0,0,0,1,28,6994,113459,0,0,0,0,0,239797,3,0
1,0,0,1,8,28,6995,113459,0,0,0,0,0,70948,3,0
3,0,0,1,7,28,6996,113459,0,0,0,0,0,254525,5,0
0,0,0,0,22,28,6997,113459,0,0,0,0,0,71867,3,0
0,0,0,0,4,28,6998,113459,0,0,0,0,0,71858,2,0
0,0,0,0,33,29,6999,113459,0,0,0,0,0,71931,3,0
0,0,0,0,34,29,7000,113459,0,0,0,0,0,72122,3,0
0,0,0,0,1,0,7001,131491,0,0,0,0,0,230741,1,0
1,0,0,1,14,3,7002,131491,0,0,0,0,0,279716,2,0
0,0,0,0,3,4,7003,131491,0,0,0,0,0,279717,2,0
0,0,0,0,5,5,7004,131491,0,0,0,0,0,210740,1,0
0,0,0,0,2,6,7005,131491,0,0,0,0,0,210695,2,0
0,0,0,0,42,7,7006,131491,0,0,0,0,0,70185,2,0
0,0,0,0,10,23,7007,131491,0,0,0,0,0,220786,2,0
1,0,0,1,8,13,7008,131491,0,0,0,0,0,279710,3,0
0,0,0,0,7,15,7009,131491,0,0,0,0,0,279713,3,0
0,0,0,0,11,27,7010,131491,0,0,0,0,0,279736,3,0
2,0,0,1,9,25,7011,131491,0,0,0,0,0,279711,3,0
0,0,0,0,30,28,7012,131491,0,0,0,0,0,242771,2,0
0,0,0,0,33,28,7013,131491,0,0,0,0,0,179543,3,0
0,0,0,0,4,28,7014,131491,0,0,0,0,0,279714,3,0
0,0,0,0,16,28,7015,131491,0,0,0,0,0,279715,3,0
0,0,0,0,13,28,7016,131491,0,0,0,0,0,279774,3,0
1,0,0,1,6,28,7017,131491,0,0,0,0,0,279735,4,0
2,0,0,1,22,28,7018,131491,0,0,0,0,0,277501,2,0
0,0,0,0,15,28,7019,131491,0,0,0,0,0,279738,3,0
0,0,0,0,25,28,7020,131491,0,0,0,0,0,279739,2,0
0,0,0,0,17,28,7021,131491,0,0,0,0,0,248392,3,0
0,0,0,0,23,28,7022,131491,0,0,0,0,0,279734,3,0
0,0,0,0,29,28,7023,131491,0,0,0,0,0,264296,1,0
0,0,0,0,26,29,7024,131491,0,0,0,0,0,71424,3,0
0,0,0,0,99,29,7025,131491,0,0,0,0,0,71525,3,0
0,0,0,0,28,29,7026,131491,0,0,0,0,0,71861,3,0
0,0,0,0,43,29,7027,131491,0,0,0,0,0,260616,3,0
0,0,0,0,27,29,7028,131491,0,0,0,0,0,71423,3,0
0,0,0,0,31,29,7029,131491,0,0,0,0,0,72121,3,0
0,0,0,0,24,0,7030,77,0,0,0,0,0,211299,3,0
2,0,0,1,2,3,7031,77,0,0,0,0,0,204033,3,0
2,0,0,1,6,4,7032,77,0,0,0,0,0,229436,3,0
0,0,0,0,5,6,7033,77,0,0,0,0,0,231533,3,0
1,0,0,0,3,7,7034,77,0,0,0,0,0,258523,3,0
1,0,0,0,8,9,7035,77,0,0,0,0,0,253970,3,0
0,0,0,0,4,11,7036,77,0,0,0,0,0,200302,3,0
8,0,0,1,7,12,7037,77,0,0,0,0,1,225872,3,0
0,0,0,0,30,16,7038,77,0,0,0,0,0,189462,3,0
2,0,0,1,10,18,7039,77,0,0,0,0,0,252134,3,0
14,1,0,1,9,25,7040,77,0,0,0,0,1,269953,3,0
4,0,0,1,11,28,7041,77,0,0,0,0,0,270611,3,0
0,0,0,0,18,28,7042,77,0,0,0,0,0,261300,3,0
1,0,0,0,17,28,7043,77,0,0,0,0,0,163619,3,0
0,0,0,0,27,28,7044,77,0,0,0,0,0,205655,3,0
0,0,0,0,31,28,7045,77,0,0,0,0,0,257237,3,0
0,0,0,0,19,28,7046,77,0,0,0,0,0,276263,3,0
0,0,0,0,21,28,7047,77,0,0,0,0,0,242791,3,0
0,0,0,0,28,28,7048,77,0,0,0,0,0,267800,3,0
0,0,0,0,20,28,7049,77,0,0,0,0,0,257699,3,0
0,0,0,0,23,28,7050,77,0,0,0,0,0,259669,3,0
0,0,0,0,33,28,7051,77,0,0,0,0,0,277289,3,0
0,0,0,0,15,28,7052,77,0,0,0,0,0,231131,3,0
0,0,0,0,1,0,7053,78,0,0,0,0,0,150724,3,0
1,0,0,0,2,3,7054,78,0,0,0,0,0,256107,3,0
1,0,0,0,20,4,7055,78,0,0,0,0,0,228174,3,0
1,0,0,0,5,6,7056,78,0,0,0,0,0,246991,3,0
3,0,0,0,3,7,7057,78,0,0,0,0,0,226508,3,0
2,0,0,0,42,10,7058,78,0,0,0,0,0,211093,3,0
3,0,0,0,49,23,7059,78,0,0,0,0,0,200630,3,0
13,1,0,1,33,13,7060,78,0,0,0,0,2,240734,3,0
3,0,0,0,41,15,7061,78,1,0,0,0,1,255742,3,0
5,0,0,1,38,27,7062,78,0,0,0,0,1,246321,3,0
11,0,0,1,8,25,7063,78,1,0,0,0,1,245538,3,0
2,0,0,0,10,28,7064,78,0,0,0,0,0,239977,3,0
7,0,0,1,9,28,7065,78,1,0,0,0,2,244288,3,0
1,0,0,0,24,28,7066,78,0,0,0,0,0,246444,3,0
3,0,0,0,28,28,7067,78,0,0,0,0,1,263439,3,0
0,0,0,0,29,28,7068,78,0,0,0,0,0,198625,3,0
6,0,0,1,7,28,7069,78,0,0,0,0,0,278069,3,0
0,0,0,0,17,28,7070,78,0,0,0,0,0,255838,3,0
0,0,0,0,56,28,7071,78,0,0,0,0,0,234072,3,0
1,0,0,0,13,28,7072,78,0,0,0,0,0,260397,3,0
1,0,0,0,48,28,7073,78,0,0,0,0,0,70220,3,0
0,0,0,0,57,28,7074,78,0,0,0,0,0,255573,3,0
0,0,0,0,31,28,7075,78,0,0,0,0,0,202886,3,0
0,0,0,0,15,29,7076,78,0,0,0,0,0,246860,3,0
5,0,0,1,19,29,7077,78,0,0,0,0,0,248712,3,0
0,0,0,0,68,29,7078,78,0,0,0,0,0,279827,3,0
0,0,0,0,39,29,7079,78,0,0,0,0,0,275196,3,0
0,0,0,0,4,29,7080,78,0,0,0,0,0,264191,3,0
0,0,0,0,43,29,7081,78,0,0,0,0,0,70215,3,0
0,0,0,0,16,29,7082,78,0,0,0,0,0,188253,3,0
0,0,0,0,18,29,7083,78,0,0,0,0,0,243220,3,0
0,0,0,0,44,29,7084,78,0,0,0,0,0,256818,3,0
0,0,0,0,47,29,7085,78,0,0,0,0,0,263561,3,0
0,0,0,0,28,0,7086,80,0,0,0,0,0,204269,3,0
1,0,0,0,81,3,7087,80,0,0,0,0,0,265484,3,0
0,0,0,0,2,4,7088,80,0,0,0,0,0,220140,3,0
1,0,0,0,3,6,7089,80,0,0,0,0,0,223747,3,0
0,0,0,0,19,7,7090,80,0,0,0,0,0,243589,3,0
0,0,0,0,6,9,7091,80,0,0,0,0,0,238062,3,0
1,0,0,0,8,11,7092,80,0,0,0,0,0,257890,3,0
5,0,0,1,11,12,7093,80,1,0,0,0,1,255157,3,0
3,0,0,1,17,16,7094,80,0,0,0,0,0,256421,3,0
4,0,0,1,7,18,7095,80,1,0,0,0,2,219177,3,0
21,1,0,1,9,25,7096,80,1,0,0,1,1,216218,3,0
1,0,0,0,14,28,7097,80,1,0,0,0,1,246006,3,0
0,0,0,0,22,28,7098,80,0,0,0,0,0,263294,3,0
0,0,0,0,25,28,7099,80,0,0,0,0,0,278598,3,0
0,0,0,0,21,28,7100,80,0,0,0,0,0,236244,3,0
0,0,0,0,1,28,7101,80,0,0,0,0,0,53110,3,0
5,0,0,1,77,28,7102,80,0,0,0,0,1,268710,3,0
0,0,0,0,29,28,7103,80,0,0,0,0,0,205145,3,0
0,0,0,0,24,28,7104,80,0,0,0,0,0,263293,3,0
0,0,0,0,13,28,7105,80,0,0,0,0,0,241861,3,0
0,0,0,0,15,28,7106,80,0,0,0,0,0,233931,3,0
0,0,0,0,4,28,7107,80,0,0,0,0,0,222045,3,0
1,0,0,0,10,28,7108,80,0,0,0,0,0,201346,3,0
0,0,0,0,5,29,7109,80,0,0,0,0,0,244194,3,0
0,0,0,0,18,29,7110,80,0,0,0,0,0,209729,3,0
0,0,0,0,54,29,7111,80,0,0,0,0,0,278600,3,0
0,0,0,0,30,29,7112,80,0,0,0,0,0,238345,3,0
0,0,0,0,1,0,7113,81,0,0,0,0,0,140498,3,0
2,0,0,0,2,3,7114,81,0,0,0,0,0,247913,3,0
1,0,0,0,5,4,7115,81,0,0,0,0,0,256611,3,0
0,0,0,0,4,6,7116,81,0,0,0,0,0,189110,3,0
0,0,0,0,16,7,7117,81,0,0,0,0,0,175316,3,0
3,0,0,1,10,12,7118,81,0,0,0,0,0,211221,3,0
2,0,0,0,20,13,7119,81,0,0,0,0,0,210644,3,0
2,0,0,0,11,15,7120,81,0,0,0,0,0,202771,3,0
4,0,0,1,7,16,7121,81,0,0,0,0,0,238509,3,0
4,0,0,1,9,24,7122,81,0,0,0,0,0,237807,3,0
5,0,0,1,19,26,7123,81,0,0,0,0,0,163828,3,0
7,0,0,1,17,28,7124,81,1,0,0,0,2,234333,3,0
2,0,0,0,6,28,7125,81,0,0,0,0,0,243349,3,0
1,0,0,0,21,28,7126,81,0,0,0,0,0,200820,3,0
0,0,0,0,33,28,7127,81,0,0,0,0,0,239259,3,0
0,0,0,0,13,28,7128,81,0,0,0,0,0,230653,3,0
0,0,0,0,15,28,7129,81,0,0,0,0,0,232250,3,0
3,0,0,1,32,28,7130,81,0,0,0,0,0,263853,3,0
0,0,0,0,8,28,7131,81,0,0,0,0,0,240603,3,0
0,0,0,0,30,28,7132,81,0,0,0,0,0,264192,3,0
2,0,0,0,29,28,7133,81,0,0,0,0,0,270063,3,0
0,0,0,0,14,28,7134,81,0,0,0,0,0,271248,3,0
1,0,0,0,12,28,7135,81,0,0,0,0,1,222109,3,0
0,0,0,0,35,29,7136,81,0,0,0,0,0,277993,3,0
0,0,0,0,23,29,7137,81,0,0,0,0,0,270887,3,0
0,0,0,0,1,0,7138,82,0,0,0,0,0,243048,3,0
3,0,0,1,4,3,7139,82,1,0,0,0,1,214682,3,0
1,0,0,0,5,4,7140,82,0,0,0,0,0,261512,3,0
0,0,0,0,17,6,7141,82,0,0,0,0,0,227945,3,0
1,0,0,0,3,7,7142,82,0,0,0,0,0,247528,3,0
6,0,0,1,11,12,7143,82,0,0,0,0,0,223871,3,0
0,0,0,0,31,13,7144,82,0,0,0,0,0,204275,3,0
0,0,0,0,22,15,7145,82,0,0,0,0,0,215820,3,0
3,0,0,1,10,16,7146,82,0,0,0,0,0,204324,3,0
9,0,0,1,23,24,7147,82,1,0,0,0,2,189776,3,0
8,0,0,1,9,26,7148,82,0,0,0,0,1,220943,3,0
0,0,0,0,99,28,7149,82,0,0,0,0,0,227446,3,0
5,0,0,1,12,28,7150,82,0,0,0,0,0,274934,3,0
1,0,0,0,7,28,7151,82,0,0,0,0,0,204322,3,0
0,0,0,0,19,28,7152,82,0,0,0,0,0,278073,3,0
0,0,0,0,20,28,7153,82,0,0,0,0,0,213678,3,0
1,0,0,0,18,28,7154,82,0,0,0,0,0,238995,3,0
0,0,0,0,14,28,7155,82,0,0,0,0,0,269944,3,0
0,0,0,0,39,28,7156,82,0,0,0,0,0,204820,3,0
0,0,0,0,15,28,7157,82,0,0,0,0,0,240808,3,0
0,0,0,0,25,28,7158,82,0,0,0,0,0,270405,3,0
2,0,0,0,8,28,7159,82,0,0,0,0,0,246846,3,0
1,0,0,0,6,28,7160,82,0,0,0,0,0,277288,3,0
0,0,0,0,16,29,7161,82,0,0,0,0,0,243963,3,0
0,0,0,0,1,0,7162,83,0,0,0,0,0,225203,3,0
0,0,0,0,2,3,7163,83,0,0,0,0,0,213570,3,0
0,0,0,0,16,4,7164,83,0,0,0,0,0,211707,3,0
2,0,0,1,5,5,7165,83,0,0,0,0,0,209285,3,0
2,0,0,1,15,6,7166,83,0,0,0,0,0,237470,3,0
1,0,0,0,3,7,7167,83,0,0,0,0,1,264734,3,0
0,0,0,0,17,10,7168,83,0,0,0,0,0,276955,3,0
0,0,0,0,38,13,7169,83,0,0,0,0,0,275522,3,0
7,0,0,1,7,15,7170,83,0,0,0,0,0,223663,3,0
2,0,0,1,28,24,7171,83,0,0,0,0,0,243167,3,0
13,1,0,1,14,26,7172,83,0,0,0,0,2,245563,3,0
1,0,0,0,11,28,7173,83,0,0,0,0,0,199146,3,0
0,0,0,0,66,28,7174,83,0,0,0,0,0,196940,3,0
0,0,0,0,22,28,7175,83,0,0,0,0,0,261304,3,0
2,0,0,1,20,28,7176,83,1,0,0,0,1,237969,3,0
0,0,0,0,13,28,7177,83,0,0,0,0,0,225751,3,0
0,0,0,0,18,28,7178,83,0,0,0,0,0,240807,3,0
1,0,0,0,19,28,7179,83,0,0,0,0,0,219684,3,0
1,0,0,0,24,28,7180,83,0,0,0,0,1,240524,3,0
1,0,0,0,39,28,7181,83,0,0,0,0,0,276789,3,0
0,0,0,0,42,28,7182,83,0,0,0,0,0,278610,3,0
0,0,0,0,29,28,7183,83,0,0,0,0,0,246195,3,0
0,0,0,0,6,28,7184,83,0,0,0,0,0,243178,3,0
1,0,0,0,21,29,7185,83,0,0,0,0,0,269100,3,0
0,0,0,0,30,29,7186,83,0,0,0,0,0,278611,3,0
1,0,0,0,12,29,7187,83,0,0,0,0,0,235715,3,0
1,0,0,0,9,29,7188,83,0,0,0,0,0,190665,3,0
1,0,0,0,8,29,7189,83,0,0,0,0,0,229163,3,0
0,0,0,0,1,0,7190,86,0,0,0,0,0,203042,3,0
17,1,0,1,2,3,7191,86,0,0,0,0,2,195479,3,0
0,0,0,0,6,4,7192,86,0,0,0,0,0,199580,3,0
1,0,0,0,5,6,7193,86,0,0,0,0,0,212516,3,0
1,0,0,0,3,7,7194,86,0,0,0,0,0,252208,3,0
0,0,0,0,4,9,7195,86,0,0,0,0,0,200746,3,0
2,0,0,0,42,11,7196,86,0,0,0,0,0,255928,3,0
1,0,0,0,45,12,7197,86,0,0,0,0,0,278819,3,0
1,0,0,0,16,16,7198,86,0,0,0,0,0,266673,3,0
1,0,0,0,11,18,7199,86,0,0,0,0,0,211513,3,0
13,1,0,1,9,25,7200,86,0,0,0,0,0,222262,3,0
1,0,0,0,43,28,7201,86,0,0,0,0,0,239810,3,0
1,0,0,0,8,28,7202,86,0,0,0,0,0,189218,3,0
0,0,0,0,31,28,7203,86,0,0,0,0,0,241673,3,0
0,0,0,0,21,28,7204,86,0,0,0,0,0,238071,3,0
0,0,0,0,28,28,7205,86,0,0,0,0,0,234228,3,0
2,0,0,0,7,28,7206,86,0,0,0,0,0,252037,3,0
5,0,0,1,17,28,7207,86,0,0,0,0,1,243392,3,0
0,0,0,0,38,28,7208,86,0,0,0,0,0,256419,3,0
0,0,0,0,23,28,7209,86,0,0,0,0,0,224915,3,0
2,0,0,0,20,28,7210,86,0,0,0,0,0,226401,3,0
0,0,0,0,64,28,7211,86,0,0,0,0,0,277266,3,0
0,0,0,0,46,28,7212,86,0,0,0,0,0,277272,3,0
0,0,0,0,33,29,7213,86,0,0,0,0,0,188094,3,0
0,0,0,0,27,29,7214,86,0,0,0,0,0,188182,3,0
0,0,0,0,26,29,7215,86,0,0,0,0,0,213017,3,0
5,0,0,1,13,29,7216,86,0,0,0,0,0,225748,3,0
11,0,0,1,19,29,7217,86,0,0,0,0,1,259816,3,0
4,0,0,0,99,29,7218,86,0,0,0,0,0,239881,3,0
1,0,0,0,25,29,7219,86,0,0,0,0,0,205360,3,0
0,0,0,0,51,29,7220,86,0,0,0,0,0,266756,3,0
0,0,0,0,22,0,7221,180,0,0,0,0,0,242983,3,0
4,0,0,1,6,3,7222,180,0,0,0,0,1,214924,3,0
0,0,0,0,29,4,7223,180,0,0,0,0,0,224832,3,0
1,0,0,0,12,5,7224,180,0,0,0,0,0,244202,3,0
0,0,0,0,25,6,7225,180,0,0,0,0,0,264269,3,0
0,0,0,0,3,7,7226,180,0,0,0,0,0,264505,3,0
0,0,0,0,28,10,7227,180,0,0,0,0,0,246872,3,0
5,0,0,1,10,13,7228,180,0,0,0,0,0,262361,3,0
9,0,0,1,17,15,7229,180,0,0,0,0,1,262525,3,0
3,0,0,0,7,24,7230,180,0,0,0,0,0,245404,3,0
6,0,0,1,9,26,7231,180,0,0,0,0,0,221141,3,0
2,0,0,0,26,28,7232,180,0,0,0,0,0,273619,3,0
1,0,0,0,44,28,7233,180,0,0,0,0,0,271018,3,0
1,0,0,0,15,28,7234,180,0,0,0,0,0,262362,3,0
0,0,0,0,4,28,7235,180,0,0,0,0,0,246950,3,0
0,0,0,0,31,28,7236,180,0,0,0,0,0,166764,3,0
0,0,0,0,23,28,7237,180,0,0,0,0,0,277052,3,0
0,0,0,0,19,28,7238,180,0,0,0,0,0,248809,3,0
0,0,0,0,11,28,7239,180,0,0,0,0,0,233259,3,0
3,0,0,0,16,28,7240,180,0,0,0,0,0,257277,3,0
0,0,0,0,8,28,7241,180,0,0,0,0,0,189910,3,0
2,0,0,0,63,28,7242,180,0,0,0,0,0,264299,3,0
0,0,0,0,21,28,7243,180,0,0,0,0,0,262044,3,0
4,0,0,1,5,29,7244,180,0,0,0,0,0,198624,3,0
0,0,0,0,1,29,7245,180,0,0,0,0,0,182761,3,0
0,0,0,0,30,29,7246,180,0,0,0,0,0,262358,3,0
0,0,0,0,1,0,7247,181,0,0,0,0,0,228369,3,0
0,0,0,0,8,3,7248,181,0,0,0,0,0,213687,3,0
0,0,0,0,5,4,7249,181,0,0,0,0,0,253483,3,0
0,0,0,0,6,6,7250,181,0,0,0,0,0,259147,3,0
0,0,0,0,4,7,7251,181,0,0,0,0,0,229190,3,0
0,0,0,0,18,12,7252,181,0,0,0,0,0,259439,3,0
0,0,0,0,23,13,7253,181,0,0,0,0,0,72393,3,0
0,0,0,0,14,15,7254,181,0,0,0,0,0,243807,3,0
0,0,0,0,15,16,7255,181,0,0,0,0,0,232519,3,0
0,0,0,0,32,24,7256,181,0,0,0,0,0,208675,3,0
0,0,0,0,9,26,7257,181,0,0,0,0,0,194925,3,0
2,0,0,1,7,28,7258,181,0,0,0,0,0,266545,3,0
0,0,0,0,28,28,7259,181,0,0,0,0,0,267845,3,0
0,0,0,0,27,28,7260,181,0,0,0,0,0,268997,3,0
0,0,0,0,16,28,7261,181,0,0,0,0,0,210367,3,0
0,0,0,0,13,28,7262,181,0,0,0,0,0,257854,3,0
0,0,0,0,29,28,7263,181,0,0,0,0,0,268277,3,0
0,0,0,0,31,28,7264,181,0,0,0,0,0,209935,3,0
0,0,0,0,17,28,7265,181,0,0,0,0,0,262181,3,0
0,0,0,0,40,0,7266,631,0,0,0,0,0,258792,3,0
0,0,0,0,28,4,7267,631,0,0,0,0,0,258375,3,0
0,0,0,0,5,5,7268,631,0,0,0,0,0,205393,3,0
0,0,0,0,42,6,7269,631,0,0,0,0,0,241894,3,0
1,0,0,0,4,12,7270,631,0,0,0,0,0,261277,3,0
1,0,0,0,14,13,7271,631,0,0,0,0,0,269758,3,0
1,0,0,0,2,15,7272,631,0,0,0,0,0,216299,3,0
0,0,0,0,43,16,7273,631,0,0,0,0,0,257790,3,0
3,0,0,1,10,18,7274,631,0,0,0,0,0,231863,3,0
4,0,0,1,26,24,7275,631,0,0,0,0,0,204853,3,0
11,0,0,1,15,26,7276,631,1,0,0,0,2,227758,3,0
0,0,0,0,6,28,7277,631,0,0,0,0,0,227954,3,0
0,0,0,0,21,28,7278,631,0,0,0,0,0,259032,3,0
0,0,0,0,35,28,7279,631,0,0,0,0,0,221538,3,0
1,0,0,0,16,28,7280,631,1,0,0,0,1,252067,3,0
0,0,0,0,1,28,7281,631,0,0,0,0,0,238969,3,0
3,0,0,1,27,28,7282,631,0,0,0,0,0,224487,3,0
0,0,0,0,17,28,7283,631,0,0,0,0,0,258047,3,0
0,0,0,0,3,28,7284,631,0,0,0,0,0,231535,3,0
0,0,0,0,12,28,7285,631,0,0,0,0,0,243651,3,0
3,0,0,1,11,28,7286,631,1,0,0,0,1,218660,3,0
0,0,0,0,24,28,7287,631,0,0,0,0,0,219816,3,0
0,0,0,0,8,28,7288,631,0,0,0,0,0,241058,3,0
0,0,0,0,30,29,7289,631,0,0,0,0,0,275022,3,0
0,0,0,0,18,29,7290,631,0,0,0,0,0,265658,3,0
0,0,0,0,19,29,7291,631,0,0,0,0,0,270113,3,0
0,0,0,0,1,0,7292,100804,0,0,0,0,0,225280,3,0
1,0,0,0,33,3,7293,100804,0,0,0,0,0,279917,3,0
1,0,0,0,5,4,7294,100804,0,0,0,0,0,190180,3,0
0,0,0,0,6,5,7295,100804,0,0,0,0,0,232668,3,0
1,0,0,0,4,6,7296,100804,0,0,0,0,0,156675,3,0
1,0,0,0,3,7,7297,100804,0,0,0,0,1,242353,3,0
0,0,0,0,34,13,7298,100804,0,0,0,0,0,250823,3,0
1,0,0,0,22,15,7299,100804,0,0,0,0,0,233050,3,0
2,0,0,1,11,18,7300,100804,0,0,0,0,0,192451,3,0
6,0,0,1,10,24,7301,100804,0,0,0,0,0,193627,3,0
2,0,0,1,29,26,7302,100804,0,0,0,0,0,241454,3,0
0,0,0,0,7,28,7303,100804,0,0,0,0,0,202526,3,0
0,0,0,0,23,28,7304,100804,0,0,0,0,0,229508,3,0
1,0,0,0,50,28,7305,100804,0,0,0,0,0,248570,3,0
0,0,0,0,17,28,7306,100804,0,0,0,0,0,263963,3,0
0,0,0,0,31,28,7307,100804,0,0,0,0,0,214525,3,0
1,0,0,0,13,28,7308,100804,0,0,0,0,0,232520,3,0
2,0,0,1,15,28,7309,100804,0,0,0,0,0,262945,3,0
0,0,0,0,19,28,7310,100804,0,0,0,0,0,259389,3,0
2,0,0,1,16,28,7311,100804,0,0,0,0,2,70718,3,0
0,0,0,0,21,28,7312,100804,0,0,0,0,0,200898,3,0
0,0,0,0,30,28,7313,100804,0,0,0,0,0,261644,3,0
0,0,0,0,14,28,7314,100804,0,0,0,0,0,208999,3,0
0,0,0,0,8,29,7315,100804,0,0,0,0,0,244563,3,0
0,0,0,0,20,29,7316,100804,0,0,0,0,0,252730,3,0
0,0,0,0,1,0,7317,100805,0,0,0,0,0,240597,3,0
0,0,0,0,42,3,7318,100805,0,0,0,0,0,240616,3,0
1,0,0,0,22,4,7319,100805,0,0,0,0,1,211096,3,0
1,0,0,0,13,5,7320,100805,0,0,0,0,0,216526,3,0
0,0,0,0,5,6,7321,100805,0,0,0,0,0,252878,3,0
1,0,0,0,3,7,7322,100805,0,0,0,0,0,214641,3,0
5,0,0,1,20,23,7323,100805,0,0,0,0,1,232642,3,0
0,0,0,0,16,13,7324,100805,0,0,0,0,0,253202,3,0
0,0,0,0,15,15,7325,100805,0,0,0,0,0,251001,3,0
4,0,0,1,11,27,7326,100805,0,0,0,0,0,220872,3,0
7,0,0,1,9,25,7327,100805,0,0,0,0,0,204785,3,0
1,0,0,0,17,28,7328,100805,0,0,0,0,0,237005,3,0
1,0,0,0,18,28,7329,100805,0,0,0,0,0,205956,3,0
0,0,0,0,2,28,7330,100805,0,0,0,0,0,206554,3,0
0,0,0,0,21,28,7331,100805,0,0,0,0,0,241034,3,0
0,0,0,0,27,28,7332,100805,0,0,0,0,0,255921,3,0
1,0,0,0,10,28,7333,100805,0,0,0,0,0,277551,3,0
4,0,0,1,6,28,7334,100805,0,0,0,0,0,211536,3,0
0,0,0,0,14,28,7335,100805,0,0,0,0,0,245553,3,0
2,0,0,1,7,28,7336,100805,0,0,0,0,0,233665,3,0
1,0,0,0,23,28,7337,100805,0,0,0,0,0,241244,3,0
0,0,0,0,8,28,7338,100805,0,0,0,0,0,186126,3,0
1,0,0,0,24,28,7339,100805,0,0,0,0,0,257870,3,0
0,0,0,0,13,0,7340,240,0,0,0,0,0,200389,3,0
2,0,0,0,16,3,7341,240,0,0,0,0,0,233084,3,0
2,0,0,0,20,4,7342,240,0,0,0,0,0,177413,3,0
0,0,0,0,4,5,7343,240,0,0,0,0,0,201305,3,0
0,0,0,0,22,6,7344,240,0,0,0,0,0,229668,3,0
3,0,0,0,12,7,7345,240,0,0,0,0,0,251445,3,0
0,0,0,0,6,10,7346,240,0,0,0,0,0,193747,3,0
3,0,0,0,5,13,7347,240,0,0,0,0,0,212616,4,0
1,0,0,0,8,15,7348,240,0,0,0,0,0,208421,3,0
13,0,0,1,7,24,7349,240,0,0,0,0,0,194765,2,0
14,0,0,1,19,26,7350,240,0,0,0,0,0,201153,3,0
6,0,0,1,14,28,7351,240,0,0,0,0,0,226161,3,0
3,0,0,0,17,28,7352,240,0,0,0,0,0,252324,3,0
0,0,0,0,15,28,7353,240,0,0,0,0,0,204639,2,0
1,0,0,0,23,28,7354,240,0,0,0,0,0,236045,3,0
0,0,0,0,1,28,7355,240,0,0,0,0,0,251136,3,0
5,0,0,1,9,28,7356,240,0,0,0,0,0,202556,3,0
9,0,0,1,10,28,7357,240,0,0,0,0,0,214997,2,0
0,0,0,0,2,28,7358,240,0,0,0,0,0,216460,3,0
0,0,0,0,18,28,7359,240,0,0,0,0,0,269859,3,0
0,0,0,0,3,28,7360,240,0,0,0,0,0,184432,3,0
0,0,0,0,24,28,7361,240,0,0,0,0,0,272449,3,0
0,0,0,0,11,28,7362,240,0,0,0,0,0,213565,3,0
0,0,0,0,32,29,7363,240,0,0,0,0,0,255371,3,0
0,0,0,0,27,29,7364,240,0,0,0,0,0,274208,3,0
0,0,0,0,26,29,7365,240,0,0,0,0,0,199715,3,0
0,0,0,0,33,29,7366,240,0,0,0,0,0,264116,3,0
0,0,0,0,36,29,7367,240,0,0,0,0,0,256058,3,0
0,0,0,0,28,29,7368,240,0,0,0,0,0,271438,3,0
0,0,0,0,34,29,7369,240,0,0,0,0,0,242532,3,0
0,0,0,0,37,29,7370,240,0,0,0,0,0,258689,3,0
0,0,0,0,35,29,7371,240,0,0,0,0,0,272503,3,0
0,0,0,0,45,29,7372,240,0,0,0,0,0,279569,3,0
0,0,0,0,31,29,7373,240,0,0,0,0,0,271193,3,0
0,0,0,0,38,29,7374,240,0,0,0,0,0,274358,3,0
0,0,0,0,30,29,7375,240,0,0,0,0,0,278590,3,0
0,0,0,0,39,29,7376,240,0,0,0,0,0,72023,3,0
0,0,0,0,1,0,7377,241,0,0,0,0,0,192448,3,0
1,0,0,0,4,3,7378,241,0,0,0,0,0,253163,3,0
1,0,0,0,23,4,7379,241,0,0,0,0,0,241486,4,0
2,0,0,0,15,6,7380,241,0,0,0,0,0,213661,2,0
0,0,0,0,3,7,7381,241,0,0,0,0,0,263578,3,0
5,0,0,1,22,10,7382,241,0,0,0,0,0,186942,3,0
6,0,0,1,11,23,7383,241,0,0,0,0,0,233419,5,0
2,0,0,0,8,13,7384,241,0,0,0,0,0,251854,3,0
2,0,0,0,21,15,7385,241,0,0,0,0,0,228702,3,0
7,0,0,1,14,27,7386,241,0,0,0,0,0,242444,3,0
17,1,0,1,9,25,7387,241,0,0,0,0,0,188545,3,0
0,0,0,0,18,28,7388,241,0,0,0,0,0,199576,3,0
2,0,0,0,2,28,7389,241,0,0,0,0,0,210514,3,0
0,0,0,0,5,28,7390,241,0,0,0,0,0,204525,3,0
3,0,0,0,20,28,7391,241,0,0,0,0,0,199564,3,0
0,0,0,0,13,28,7392,241,0,0,0,0,0,246139,3,0
7,0,0,1,7,28,7393,241,0,0,0,0,0,241461,3,0
0,0,0,0,33,28,7394,241,0,0,0,0,0,278046,3,0
1,0,0,0,6,28,7395,241,0,0,0,0,0,264240,3,0
0,0,0,0,17,28,7396,241,0,0,0,0,0,192638,3,0
5,0,0,1,16,28,7397,241,0,0,0,0,0,277179,3,0
0,0,0,0,42,28,7398,241,0,0,0,0,0,264489,3,0
0,0,0,0,29,28,7399,241,0,0,0,0,0,274357,3,0
0,0,0,0,30,29,7400,241,0,0,0,0,0,272600,3,0
0,0,0,0,35,29,7401,241,0,0,0,0,0,275126,3,0
0,0,0,0,41,29,7402,241,0,0,0,0,0,277118,3,0
0,0,0,0,43,29,7403,241,0,0,0,0,0,263295,3,0
0,0,0,0,44,29,7404,241,0,0,0,0,0,257719,3,0
0,0,0,0,37,29,7405,241,0,0,0,0,0,259070,3,0
0,0,0,0,28,29,7406,241,0,0,0,0,0,264228,3,0
0,0,0,0,26,29,7407,241,0,0,0,0,0,277642,3,0
0,0,0,0,36,29,7408,241,0,0,0,0,0,271956,3,0
0,0,0,0,31,29,7409,241,0,0,0,0,0,277908,3,0
1,0,0,0,38,29,7410,241,0,0,0,0,0,278813,3,0
0,0,0,0,39,29,7411,241,0,0,0,0,0,278923,3,0
0,0,0,0,45,29,7412,241,0,0,0,0,0,264167,3,0
2,0,0,0,19,29,7413,241,0,0,0,0,0,276589,3,0
0,0,0,0,40,29,7414,241,0,0,0,0,0,279814,3,0
0,0,0,0,1,0,7415,243,0,0,0,0,0,192119,4,0
4,0,0,0,2,3,7416,243,0,0,0,0,0,204963,3,0
0,0,0,0,3,4,7417,243,0,0,0,0,0,240130,3,0
1,0,0,0,22,6,7418,243,0,0,0,0,0,205452,3,0
0,0,0,0,23,7,7419,243,0,0,0,0,0,228618,3,0
3,0,0,0,18,10,7420,243,0,0,0,0,0,241637,3,0
1,0,0,0,15,13,7421,243,0,0,0,0,0,239053,3,0
1,0,0,0,8,15,7422,243,0,0,0,0,0,182521,3,0
18,1,0,1,5,18,7423,243,0,0,0,0,0,252371,3,0
10,0,0,1,11,24,7424,243,0,0,0,0,0,243812,3,0
13,0,0,1,7,26,7425,243,0,0,0,0,0,238794,3,0
2,0,0,0,10,28,7426,243,0,0,0,0,0,177003,4,0
0,0,0,0,12,28,7427,243,0,0,0,0,0,248243,5,0
0,0,0,0,6,28,7428,243,0,0,0,0,0,200724,3,0
2,0,0,0,17,28,7429,243,0,0,0,0,0,208618,4,0
0,0,0,0,13,28,7430,243,0,0,0,0,0,243952,3,0
9,0,0,1,14,28,7431,243,0,0,0,0,0,173608,3,0
8,0,0,1,21,28,7432,243,0,0,0,0,0,231410,5,0
0,0,0,0,25,28,7433,243,0,0,0,0,0,206585,3,0
0,0,0,0,19,28,7434,243,0,0,0,0,0,222509,3,0
1,0,0,0,20,28,7435,243,0,0,0,0,0,246606,5,0
3,0,0,0,24,28,7436,243,0,0,0,0,0,264309,4,0
0,0,0,0,4,28,7437,243,0,0,0,0,0,197445,3,0
0,0,0,0,31,29,7438,243,0,0,0,0,0,259317,3,0
0,0,0,0,34,29,7439,243,0,0,0,0,0,265194,3,0
0,0,0,0,32,29,7440,243,0,0,0,0,0,277846,3,0
0,0,0,0,36,29,7441,243,0,0,0,0,0,268411,3,0
0,0,0,0,26,29,7442,243,0,0,0,0,0,258507,3,0
0,0,0,0,29,29,7443,243,0,0,0,0,0,272445,3,0
0,0,0,0,38,29,7444,243,0,0,0,0,0,279256,3,0
0,0,0,0,41,29,7445,243,0,0,0,0,0,70966,3,0
0,0,0,0,30,29,7446,243,0,0,0,0,0,274486,3,0
0,0,0,0,28,29,7447,243,0,0,0,0,0,274555,3,0
0,0,0,0,35,29,7448,243,0,0,0,0,0,264490,3,0
0,0,0,0,33,29,7449,243,0,0,0,0,0,278399,3,0
0,0,0,0,27,29,7450,243,0,0,0,0,0,278003,3,0
0,0,0,0,37,29,7451,243,0,0,0,0,0,279118,3,0
0,0,0,0,1,0,7452,448,0,0,0,0,0,230869,2,0
1,0,0,0,18,3,7453,448,0,0,0,0,0,190149,2,0
1,0,0,0,4,4,7454,448,0,0,0,0,0,259524,3,0
0,0,0,0,3,6,7455,448,0,0,0,0,0,248550,3,0
3,0,0,0,17,7,7456,448,0,0,0,0,0,183512,2,0
12,0,0,1,9,12,7457,448,0,0,0,0,0,216201,4,0
1,0,0,0,16,13,7458,448,0,0,0,0,0,205157,3,0
0,0,0,0,24,15,7459,448,0,0,0,0,0,263617,3,0
4,0,0,1,11,16,7460,448,0,0,0,0,0,256516,2,0
4,0,0,1,8,18,7461,448,0,0,0,0,0,244675,3,0
14,0,0,1,12,25,7462,448,0,0,0,0,0,231184,3,0
0,0,0,0,21,28,7463,448,0,0,0,0,0,191740,2,0
2,0,0,0,30,28,7464,448,0,0,0,0,0,277708,3,0
0,0,0,0,5,28,7465,448,0,0,0,0,0,227950,3,0
0,0,0,0,15,28,7466,448,0,0,0,0,0,225523,2,0
0,0,0,0,13,28,7467,448,0,0,0,0,0,263880,3,0
2,0,0,0,20,28,7468,448,0,0,0,0,0,193794,3,0
6,0,0,1,7,28,7469,448,0,0,0,0,0,225201,2,0
3,0,0,0,6,28,7470,448,0,0,0,0,0,146947,3,0
1,0,0,0,14,28,7471,448,0,0,0,0,0,216194,3,0
0,0,0,0,23,28,7472,448,0,0,0,0,0,271037,3,0
1,0,0,0,10,28,7473,448,0,0,0,0,0,189575,3,0
0,0,0,0,22,28,7474,448,0,0,0,0,0,171579,3,0
0,0,0,0,31,29,7475,448,0,0,0,0,0,279604,3,0
0,0,0,0,19,29,7476,448,0,0,0,0,0,263006,3,0
0,0,0,0,32,29,7477,448,0,0,0,0,0,279026,3,0
0,0,0,0,27,29,7478,448,0,0,0,0,0,278408,3,0
0,0,0,0,33,29,7479,448,0,0,0,0,0,279603,3,0
0,0,0,0,26,29,7480,448,0,0,0,0,0,70344,3,0
0,0,0,0,28,29,7481,448,0,0,0,0,0,271034,3,0
0,0,0,0,13,0,7482,449,0,0,0,0,0,210385,3,0
0,0,0,0,23,3,7483,449,0,0,0,0,0,215699,2,0
0,0,0,0,15,4,7484,449,0,0,0,0,0,198141,3,0
1,0,0,0,6,6,7485,449,0,0,0,0,0,193601,3,0
1,0,0,0,3,7,7486,449,0,0,0,0,0,240915,2,0
2,0,0,1,5,9,7487,449,0,0,0,0,0,225659,4,0
1,0,0,0,14,11,7488,449,0,0,0,0,0,207566,3,0
2,0,0,1,24,12,7489,449,0,0,0,0,0,241867,3,0
8,0,0,1,10,16,7490,449,0,0,0,0,0,215590,4,0
1,0,0,0,8,18,7491,449,0,0,0,0,0,216594,3,0
10,0,0,1,12,25,7492,449,0,0,0,0,0,195093,3,0
0,0,0,0,17,28,7493,449,0,0,0,0,0,259681,3,0
2,0,0,1,21,28,7494,449,0,0,0,0,0,235945,3,0
0,0,0,0,2,28,7495,449,0,0,0,0,0,203747,3,0
0,0,0,0,28,28,7496,449,0,0,0,0,0,258490,3,0
0,0,0,0,1,28,7497,449,0,0,0,0,0,174543,3,0
8,0,0,1,22,28,7498,449,0,0,0,0,0,197781,5,0
0,0,0,0,19,28,7499,449,0,0,0,0,0,172879,2,0
1,0,0,0,7,28,7500,449,0,0,0,0,0,264432,3,0
1,0,0,0,4,28,7501,449,0,0,0,0,0,259516,3,0
0,0,0,0,20,28,7502,449,0,0,0,0,0,263815,3,0
2,0,0,1,38,28,7503,449,0,0,0,0,0,275324,3,0
0,0,0,0,30,28,7504,449,0,0,0,0,0,243587,3,0
1,0,0,0,27,29,7505,449,0,0,0,0,0,276471,3,0
0,0,0,0,31,29,7506,449,0,0,0,0,0,239496,3,0
2,0,0,1,9,29,7507,449,0,0,0,0,0,228520,3,0
0,0,0,0,37,29,7508,449,0,0,0,0,0,272487,3,0
0,0,0,0,26,29,7509,449,0,0,0,0,0,264166,3,0
0,0,0,0,33,29,7510,449,0,0,0,0,0,70027,3,0
0,0,0,0,32,29,7511,449,0,0,0,0,0,276633,3,0
0,0,0,0,40,29,7512,449,0,0,0,0,0,271354,3,0
0,0,0,0,11,29,7513,449,0,0,0,0,0,198951,3,0
3,0,0,1,18,29,7514,449,0,0,0,0,0,226456,4,0
0,0,0,0,25,0,7515,450,0,0,0,0,0,189690,4,0
1,0,0,0,2,4,7516,450,0,0,0,0,0,220821,3,0
1,0,0,0,4,5,7517,450,0,0,0,0,0,240900,2,0
0,0,0,0,28,6,7518,450,0,0,0,0,0,262140,3,0
8,0,0,1,10,23,7519,450,0,0,0,0,0,192629,2,0
2,0,0,1,3,12,7520,450,0,0,0,0,0,259694,2,0
0,0,0,0,5,13,7521,450,0,0,0,0,0,220673,3,0
0,0,0,0,8,15,7522,450,0,0,0,0,0,235997,2,0
0,0,0,0,23,16,7523,450,0,0,0,0,0,252327,3,0
2,0,0,1,17,27,7524,450,0,0,0,0,0,225085,2,0
12,0,0,1,18,25,7525,450,0,0,0,0,0,238756,2,0
0,0,0,0,11,28,7526,450,0,0,0,0,0,223061,3,0
1,0,0,0,14,28,7527,450,0,0,0,0,0,229379,3,0
0,0,0,0,20,28,7528,450,0,0,0,0,0,228716,3,0
0,0,0,0,16,28,7529,450,0,0,0,0,0,234660,3,0
0,0,0,0,13,28,7530,450,0,0,0,0,0,222572,3,0
6,0,0,1,12,28,7531,450,0,0,0,0,0,261478,3,0
0,0,0,0,21,28,7532,450,0,0,0,0,0,240223,3,0
1,0,0,0,9,28,7533,450,0,0,0,0,0,266624,3,0
0,0,0,0,6,28,7534,450,0,0,0,0,0,276949,3,0
1,0,0,0,7,28,7535,450,0,0,0,0,0,240654,3,0
0,0,0,0,22,28,7536,450,0,0,0,0,0,210972,3,0
4,0,0,1,19,28,7537,450,0,0,0,0,0,263227,3,0
0,0,0,0,26,29,7538,450,0,0,0,0,0,277674,3,0
0,0,0,0,33,29,7539,450,0,0,0,0,0,266331,3,0
0,0,0,0,30,29,7540,450,0,0,0,0,0,264095,3,0
0,0,0,0,24,29,7541,450,0,0,0,0,0,258730,3,0
0,0,0,0,34,29,7542,450,0,0,0,0,0,279112,2,0
0,0,0,0,45,29,7543,450,0,0,0,0,0,243034,3,0
0,0,0,0,40,29,7544,450,0,0,0,0,0,259420,3,0
0,0,0,0,46,29,7545,450,0,0,0,0,0,260670,3,0
0,0,0,0,38,29,7546,450,0,0,0,0,0,257333,3,0
0,0,0,0,37,29,7547,450,0,0,0,0,0,277029,3,0
0,0,0,0,15,29,7548,450,0,0,0,0,0,230021,3,0
0,0,0,0,35,29,7549,450,0,0,0,0,0,272453,3,0
0,0,0,0,27,29,7550,450,0,0,0,0,0,258912,3,0
0,0,0,0,32,29,7551,450,0,0,0,0,0,279027,3,0
0,0,0,0,39,29,7552,450,0,0,0,0,0,269633,3,0
0,0,0,0,1,0,7553,452,0,0,0,0,0,259532,3,0
0,0,0,0,23,3,7554,452,0,0,0,0,0,261654,3,0
0,0,0,0,4,4,7555,452,0,0,0,0,0,193469,3,0
0,0,0,0,6,6,7556,452,0,0,0,0,0,192816,4,0
0,0,0,0,14,7,7557,452,0,0,0,0,0,228326,3,0
0,0,0,0,18,9,7558,452,0,0,0,0,0,242336,2,0
0,0,0,0,15,11,7559,452,0,0,0,0,0,250997,2,0
0,0,0,0,17,12,7560,452,0,0,0,0,0,258949,3,0
0,0,0,0,7,16,7561,452,0,0,0,0,0,244622,3,0
0,0,0,0,8,18,7562,452,0,0,0,0,0,237184,3,0
0,0,0,0,22,25,7563,452,0,0,0,0,0,193290,2,0
0,0,0,0,10,28,7564,452,0,0,0,0,0,244407,3,0
0,0,0,0,24,28,7565,452,0,0,0,0,0,262479,3,0
0,0,0,0,3,28,7566,452,0,0,0,0,0,199577,4,0
0,0,0,0,2,28,7567,452,0,0,0,0,0,246284,3,0
0,0,0,0,13,28,7568,452,0,0,0,0,0,209960,3,0
0,0,0,0,11,28,7569,452,0,0,0,0,0,225926,3,0
0,0,0,0,21,28,7570,452,0,0,0,0,0,252837,1,0
0,0,0,0,16,28,7571,452,0,0,0,0,0,229631,3,0
0,0,0,0,19,28,7572,452,0,0,0,0,0,234772,3,0
0,0,0,0,9,28,7573,452,0,0,0,0,0,215785,3,0
0,0,0,0,5,28,7574,452,0,0,0,0,0,240289,3,0
0,0,0,0,39,28,7575,452,0,0,0,0,0,71239,2,0
0,0,0,0,43,29,7576,452,0,0,0,0,0,272564,3,0
0,0,0,0,38,29,7577,452,0,0,0,0,0,279828,3,0
0,0,0,0,34,29,7578,452,0,0,0,0,0,278996,3,0
0,0,0,0,20,29,7579,452,0,0,0,0,0,229862,3,0
0,0,0,0,27,29,7580,452,0,0,0,0,0,265660,3,0
0,0,0,0,33,29,7581,452,0,0,0,0,0,258948,3,0
0,0,0,0,41,29,7582,452,0,0,0,0,0,71352,3,0
0,0,0,0,40,29,7583,452,0,0,0,0,0,71155,3,0
0,0,0,0,29,29,7584,452,0,0,0,0,0,263133,2,0
0,0,0,0,28,29,7585,452,0,0,0,0,0,276976,3,0
0,0,0,0,36,29,7586,452,0,0,0,0,0,279120,3,0
0,0,0,0,32,29,7587,452,0,0,0,0,0,268419,3,0
0,0,0,0,26,29,7588,452,0,0,0,0,0,276977,3,0
0,0,0,0,37,29,7589,452,0,0,0,0,0,271439,3,0
0,0,0,0,99,29,7590,452,0,0,0,0,0,261680,3,0
0,0,0,0,1,0,7591,453,0,0,0,0,0,241727,3,0
0,0,0,0,15,3,7592,453,0,0,0,0,0,221342,3,0
1,0,0,0,20,4,7593,453,0,0,0,0,0,247802,4,0
3,0,0,1,21,5,7594,453,0,0,0,0,0,228805,4,0
2,0,0,1,2,6,7595,453,0,0,0,0,0,205362,3,0
0,0,0,0,11,7,7596,453,0,0,0,0,0,193171,3,0
1,0,0,0,12,10,7597,453,0,0,0,0,0,255566,3,0
2,0,0,1,14,13,7598,453,0,0,0,0,0,198451,2,0
0,0,0,0,10,15,7599,453,0,0,0,0,0,202648,3,0
2,0,0,1,17,24,7600,453,0,0,0,0,0,226777,2,0
6,0,0,1,7,26,7601,453,0,0,0,0,0,223710,3,0
0,0,0,0,8,28,7602,453,0,0,0,0,0,241856,3,0
0,0,0,0,24,28,7603,453,0,0,0,0,0,219585,3,0
1,0,0,0,6,28,7604,453,0,0,0,0,0,263396,2,0
0,0,0,0,3,28,7605,453,0,0,0,0,0,232008,3,0
0,0,0,0,13,28,7606,453,0,0,0,0,0,263139,3,0
6,0,0,1,9,28,7607,453,0,0,0,0,0,202716,3,0
3,0,0,1,18,28,7608,453,0,0,0,0,0,252909,2,0
0,0,0,0,5,28,7609,453,0,0,0,0,0,208620,3,0
1,0,0,0,22,28,7610,453,0,0,0,0,0,238305,3,0
0,0,0,0,4,28,7611,453,0,0,0,0,0,234167,3,0
0,0,0,0,23,28,7612,453,0,0,0,0,0,243656,3,0
1,0,0,0,19,28,7613,453,0,0,0,0,0,264110,3,0
0,0,0,0,25,29,7614,453,0,0,0,0,0,146952,3,0
0,0,0,0,26,29,7615,453,0,0,0,0,0,277691,3,0
0,0,0,0,31,29,7616,453,0,0,0,0,0,278938,3,0
0,0,0,0,36,29,7617,453,0,0,0,0,0,70021,3,0
0,0,0,0,34,29,7618,453,0,0,0,0,0,279504,3,0
0,0,0,0,1,0,7619,457,0,0,0,0,0,227127,3,0
0,0,0,0,18,3,7620,457,0,0,0,0,0,219789,2,0
0,0,0,0,5,4,7621,457,0,0,0,0,0,233738,3,0
2,0,0,0,24,6,7622,457,0,0,0,0,0,233486,2,0
0,0,0,0,17,7,7623,457,0,0,0,0,0,226491,3,0
4,0,0,1,4,10,7624,457,0,0,0,0,0,248148,3,0
7,0,0,1,14,23,7625,457,0,0,0,0,0,237681,3,0
4,0,0,1,23,13,7626,457,0,0,0,0,0,235944,2,0
4,0,0,1,8,15,7627,457,0,0,0,0,0,225193,2,0
9,0,0,1,10,27,7628,457,0,0,0,0,0,230142,2,0
3,0,0,0,19,25,7629,457,0,0,0,0,0,231627,3,0
4,0,0,1,7,28,7630,457,0,0,0,0,0,246672,3,0
0,0,0,0,22,28,7631,457,0,0,0,0,0,262510,2,0
0,0,0,0,6,28,7632,457,0,0,0,0,0,226221,2,0
0,0,0,0,2,28,7633,457,0,0,0,0,0,234035,3,0
0,0,0,0,13,28,7634,457,0,0,0,0,0,265520,3,0
2,0,0,0,9,28,7635,457,0,0,0,0,0,221014,3,0
1,0,0,0,12,28,7636,457,0,0,0,0,0,264701,3,0
0,0,0,0,3,28,7637,457,0,0,0,0,0,246748,3,0
2,0,0,0,21,28,7638,457,0,0,0,0,0,228941,3,0
0,0,0,0,27,28,7639,457,0,0,0,0,0,225562,3,0
1,0,0,0,20,28,7640,457,0,0,0,0,0,255854,2,0
0,0,0,0,16,28,7641,457,0,0,0,0,0,262500,3,0
0,0,0,0,15,29,7642,457,0,0,0,0,0,260546,3,0
0,0,0,0,39,29,7643,457,0,0,0,0,0,259848,3,0
0,0,0,0,29,29,7644,457,0,0,0,0,0,272455,3,0
0,0,0,0,28,29,7645,457,0,0,0,0,0,264665,3,0
0,0,0,0,30,29,7646,457,0,0,0,0,0,259360,3,0
0,0,0,0,47,29,7647,457,0,0,0,0,0,265772,3,0
0,0,0,0,37,29,7648,457,0,0,0,0,0,278045,3,0
0,0,0,0,38,29,7649,457,0,0,0,0,0,279926,3,0
0,0,0,0,40,29,7650,457,0,0,0,0,0,251884,3,0
0,0,0,0,33,29,7651,457,0,0,0,0,0,277227,3,0
0,0,0,0,36,29,7652,457,0,0,0,0,0,277225,3,0
2,0,0,0,11,29,7653,457,0,0,0,0,0,223790,2,0
0,0,0,0,41,29,7654,457,0,0,0,0,0,70264,3,0
0,0,0,0,25,29,7655,457,0,0,0,0,0,231591,3,0
0,0,0,0,25,0,7656,461,0,0,0,0,0,262621,3,0
0,0,0,0,20,3,7657,461,0,0,0,0,0,203177,3,0
0,0,0,0,3,4,7658,461,0,0,0,0,0,264846,3,0
0,0,0,0,15,6,7659,461,0,0,0,0,0,258396,3,0
1,0,0,0,14,7,7660,461,0,0,0,0,0,211688,3,0
6,0,0,1,18,9,7661,461,0,0,0,0,0,230786,3,0
1,0,0,0,6,11,7662,461,0,0,0,0,0,246352,3,0
1,0,0,0,23,12,7663,461,0,0,0,0,0,271373,3,0
1,0,0,0,7,16,7664,461,0,0,0,0,0,224013,3,0
3,0,0,1,16,18,7665,461,0,0,0,0,0,264238,2,0
13,0,0,1,9,25,7666,461,0,0,0,0,0,243032,2,0
2,0,0,0,10,28,7667,461,0,0,0,0,0,247729,3,0
4,0,0,1,8,28,7668,461,0,0,0,0,0,266436,2,0
0,0,0,0,19,28,7669,461,0,0,0,0,0,229010,3,0
0,0,0,0,12,28,7670,461,0,0,0,0,0,247832,3,0
0,0,0,0,1,28,7671,461,0,0,0,0,0,220604,3,0
3,0,0,1,17,28,7672,461,0,0,0,0,0,240702,3,0
1,0,0,0,21,28,7673,461,0,0,0,0,0,260082,3,0
0,0,0,0,11,28,7674,461,0,0,0,0,0,266136,4,0
0,0,0,0,22,28,7675,461,0,0,0,0,0,275333,3,0
0,0,0,0,34,28,7676,461,0,0,0,0,0,278661,3,0
0,0,0,0,13,28,7677,461,0,0,0,0,0,241179,3,0
0,0,0,0,30,28,7678,461,0,0,0,0,0,277649,3,0
1,0,0,0,4,29,7679,461,0,0,0,0,0,230578,3,0
0,0,0,0,27,29,7680,461,0,0,0,0,0,255140,3,0
0,0,0,0,49,29,7681,461,0,0,0,0,0,72175,3,0
0,0,0,0,31,29,7682,461,0,0,0,0,0,266031,3,0
0,0,0,0,39,29,7683,461,0,0,0,0,0,257214,3,0
0,0,0,0,32,29,7684,461,0,0,0,0,0,277650,3,0
0,0,0,0,36,29,7685,461,0,0,0,0,0,278231,3,0
0,0,0,0,33,29,7686,461,0,0,0,0,0,272904,3,0
0,0,0,0,37,29,7687,461,0,0,0,0,0,279544,3,0
0,0,0,0,35,29,7688,461,0,0,0,0,0,273581,3,0
0,0,0,0,26,29,7689,461,0,0,0,0,0,252915,3,0
0,0,0,0,1,0,7690,462,0,0,0,0,0,199575,3,0
0,0,0,0,2,3,7691,462,0,0,0,0,0,235088,4,0
0,0,0,0,34,4,7692,462,0,0,0,0,0,265726,4,0
0,0,0,0,6,6,7693,462,0,0,0,0,0,259066,3,0
0,0,0,0,18,7,7694,462,0,0,0,0,0,192679,3,0
0,0,0,0,8,9,7695,462,0,0,0,0,0,241933,4,0
0,0,0,0,12,11,7696,462,0,0,0,0,0,258595,3,0
0,0,0,0,19,12,7697,462,0,0,0,0,0,233631,3,0
0,0,0,0,11,16,7698,462,0,0,0,0,0,258139,3,0
0,0,0,0,4,18,7699,462,0,0,0,0,0,258769,3,0
0,0,0,0,7,25,7700,462,0,0,0,0,0,224967,3,0
0,0,0,0,10,28,7701,462,0,0,0,0,0,204863,3,0
0,0,0,0,23,28,7702,462,0,0,0,0,0,225699,3,0
0,0,0,0,22,28,7703,462,0,0,0,0,0,272357,3,0
0,0,0,0,3,28,7704,462,0,0,0,0,0,270879,3,0
0,0,0,0,13,28,7705,462,0,0,0,0,0,244020,3,0
0,0,0,0,21,28,7706,462,0,0,0,0,0,146439,3,0
0,0,0,0,20,28,7707,462,0,0,0,0,0,262581,3,0
0,0,0,0,24,28,7708,462,0,0,0,0,0,215639,3,0
0,0,0,0,17,28,7709,462,0,0,0,0,0,262585,3,0
0,0,0,0,16,28,7710,462,0,0,0,0,0,211037,3,0
0,0,0,0,9,28,7711,462,0,0,0,0,0,252084,3,0
0,0,0,0,5,28,7712,462,0,0,0,0,0,245238,3,0
0,0,0,0,35,29,7713,462,0,0,0,0,0,277375,3,0
0,0,0,0,38,29,7714,462,0,0,0,0,0,259424,3,0
0,0,0,0,26,29,7715,462,0,0,0,0,0,258493,3,0
0,0,0,0,27,29,7716,462,0,0,0,0,0,274926,3,0
0,0,0,0,28,29,7717,462,0,0,0,0,0,271267,3,0
0,0,0,0,37,29,7718,462,0,0,0,0,0,278551,3,0
0,0,0,0,29,29,7719,462,0,0,0,0,0,278008,3,0
0,0,0,0,31,29,7720,462,0,0,0,0,0,278071,3,0
0,0,0,0,39,29,7721,462,0,0,0,0,0,279682,3,0
0,0,0,0,32,29,7722,462,0,0,0,0,0,72107,3,0
0,0,0,0,33,29,7723,462,0,0,0,0,0,72104,3,0
0,0,0,0,40,29,7724,462,0,0,0,0,0,70345,3,0
0,0,0,0,1,0,7725,463,0,0,0,0,0,222464,3,0
1,0,0,0,2,3,7726,463,0,0,0,0,0,241049,3,0
0,0,0,0,5,4,7727,463,0,0,0,0,0,245628,2,0
1,0,0,0,4,6,7728,463,0,0,0,0,0,234933,3,0
2,0,0,0,3,7,7729,463,0,0,0,0,0,226637,3,0
1,0,0,0,6,9,7730,463,0,0,0,0,0,240458,3,0
0,0,0,0,8,11,7731,463,0,0,0,0,0,261987,3,0
0,0,0,0,7,12,7732,463,0,0,0,0,0,247458,3,0
5,0,0,1,11,16,7733,463,0,0,0,0,0,224415,3,0
3,0,0,1,18,18,7734,463,0,0,0,0,0,238126,5,0
9,0,0,1,32,25,7735,463,0,0,0,0,0,277581,3,0
3,0,0,1,23,28,7736,463,0,0,0,0,0,244948,2,0
0,0,0,0,17,28,7737,463,0,0,0,0,0,256059,3,0
0,0,0,0,16,28,7738,463,0,0,0,0,0,277244,3,0
1,0,0,0,27,28,7739,463,0,0,0,0,0,256097,2,0
0,0,0,0,31,28,7740,463,0,0,0,0,0,265405,2,0
3,0,0,1,15,28,7741,463,0,0,0,0,0,192678,2,0
1,0,0,0,21,28,7742,463,0,0,0,0,0,270834,3,0
1,0,0,0,14,28,7743,463,0,0,0,0,0,240953,2,0
0,0,0,0,10,28,7744,463,0,0,0,0,0,226568,3,0
1,0,0,0,20,28,7745,463,0,0,0,0,0,253396,3,0
0,0,0,0,22,28,7746,463,0,0,0,0,0,244767,3,0
0,0,0,0,29,28,7747,463,0,0,0,0,0,273748,3,0
0,0,0,0,26,29,7748,463,0,0,0,0,0,271518,3,0
0,0,0,0,44,29,7749,463,0,0,0,0,0,279109,3,0
0,0,0,0,33,29,7750,463,0,0,0,0,0,253216,3,0
0,0,0,0,39,29,7751,463,0,0,0,0,0,278917,3,0
0,0,0,0,28,29,7752,463,0,0,0,0,0,264845,3,0
0,0,0,0,34,29,7753,463,0,0,0,0,0,273118,3,0
0,0,0,0,30,29,7754,463,0,0,0,0,0,267958,3,0
0,0,0,0,36,29,7755,463,0,0,0,0,0,279681,3,0
0,0,0,0,47,29,7756,463,0,0,0,0,0,72117,3,0
0,0,0,0,13,0,7757,472,0,0,0,0,0,246657,2,0
1,0,0,0,28,3,7758,472,0,0,0,0,0,247678,3,0
0,0,0,0,15,4,7759,472,0,0,0,0,0,266160,2,0
1,0,0,0,23,6,7760,472,0,0,0,0,0,265650,2,0
1,0,0,0,3,7,7761,472,0,0,0,0,0,262402,3,0
3,0,0,1,17,12,7762,472,0,0,0,0,0,220253,3,0
2,0,0,1,5,13,7763,472,0,0,0,0,0,226157,2,0
0,0,0,0,8,14,7764,472,0,0,0,0,0,267991,3,0
6,0,0,1,20,15,7765,472,0,0,0,0,0,251011,3,0
2,0,0,1,10,16,7766,472,0,0,0,0,0,264388,3,0
1,0,0,0,9,25,7767,472,0,0,0,0,0,217731,3,0
2,0,0,1,24,28,7768,472,0,0,0,0,0,242489,3,0
0,0,0,0,2,28,7769,472,0,0,0,0,0,258922,2,0
1,0,0,0,4,28,7770,472,0,0,0,0,0,251337,2,0
0,0,0,0,18,28,7771,472,0,0,0,0,0,216380,3,0
0,0,0,0,1,28,7772,472,0,0,0,0,0,220383,3,0
3,0,0,1,19,28,7773,472,0,0,0,0,0,236393,3,0
1,0,0,0,11,28,7774,472,0,0,0,0,0,235515,2,0
0,0,0,0,6,28,7775,472,0,0,0,0,0,237442,3,0
0,0,0,0,14,28,7776,472,0,0,0,0,0,205551,3,0
0,0,0,0,12,28,7777,472,0,0,0,0,0,243478,2,0
1,0,0,0,7,28,7778,472,0,0,0,0,0,204280,3,0
1,0,0,0,16,28,7779,472,0,0,0,0,0,237524,2,0
0,0,0,0,25,29,7780,472,0,0,0,0,0,240942,3,0
0,0,0,0,22,29,7781,472,0,0,0,0,0,221556,3,0
0,0,0,0,30,29,7782,472,0,0,0,0,0,278872,3,0
0,0,0,0,35,29,7783,472,0,0,0,0,0,277826,3,0
0,0,0,0,29,29,7784,472,0,0,0,0,0,278400,3,0
2,0,0,1,31,29,7785,472,0,0,0,0,0,278403,3,0
0,0,0,0,27,29,7786,472,0,0,0,0,0,278839,3,0
0,0,0,0,21,29,7787,472,0,0,0,0,0,199823,3,0
0,0,0,0,1,0,7788,479,0,0,0,0,0,224003,2,0
1,0,0,0,12,3,7789,479,0,0,0,0,0,239614,4,0
1,0,0,0,24,4,7790,479,0,0,0,0,0,243976,2,0
0,0,0,0,28,6,7791,479,0,0,0,0,0,272433,2,0
0,0,0,0,22,7,7792,479,0,0,0,0,0,214026,2,0
3,0,0,1,16,12,7793,479,0,0,0,0,0,206590,3,0
1,0,0,0,10,13,7794,479,0,0,0,0,0,258937,3,0
0,0,0,0,7,15,7795,479,0,0,0,0,0,247495,3,0
3,0,0,1,14,16,7796,479,0,0,0,0,0,211022,5,0
16,1,0,1,17,24,7797,479,0,0,0,0,0,188335,3,0
4,0,0,1,23,26,7798,479,0,0,0,0,0,253416,4,0
2,0,0,0,20,28,7799,479,0,0,0,0,0,231530,3,0
1,0,0,0,19,28,7800,479,0,0,0,0,0,264160,3,0
0,0,0,0,3,28,7801,479,0,0,0,0,0,206219,3,0
0,0,0,0,15,28,7802,479,0,0,0,0,0,211241,3,0
0,0,0,0,13,28,7803,479,0,0,0,0,0,193314,3,0
0,0,0,0,43,28,7804,479,0,0,0,0,0,260340,3,0
0,0,0,0,6,28,7805,479,0,0,0,0,0,208137,3,0
1,0,0,0,4,28,7806,479,0,0,0,0,0,215569,3,0
0,0,0,0,11,28,7807,479,0,0,0,0,0,225200,3,0
0,0,0,0,5,28,7808,479,0,0,0,0,0,225341,3,0
0,0,0,0,35,28,7809,479,0,0,0,0,0,258747,3,0
0,0,0,0,45,28,7810,479,0,0,0,0,0,264270,3,0
4,0,0,1,34,29,7811,479,0,0,0,0,0,274355,3,0
0,0,0,0,31,29,7812,479,0,0,0,0,0,264161,3,0
0,0,0,0,37,29,7813,479,0,0,0,0,0,263555,3,0
0,0,0,0,39,29,7814,479,0,0,0,0,0,245599,3,0
0,0,0,0,32,29,7815,479,0,0,0,0,0,276087,3,0
0,0,0,0,27,29,7816,479,0,0,0,0,0,275503,3,0
0,0,0,0,40,29,7817,479,0,0,0,0,0,70785,3,0
0,0,0,0,44,29,7818,479,0,0,0,0,0,71277,3,0
0,0,0,0,41,29,7819,479,0,0,0,0,0,71598,3,0
0,0,0,0,29,29,7820,479,0,0,0,0,0,72169,3,0
0,0,0,0,1,0,7821,480,0,0,0,0,0,211348,5,0
0,0,0,0,20,3,7822,480,0,0,0,0,0,203581,2,0
0,0,0,0,5,4,7823,480,0,0,0,0,0,189472,3,0
2,0,0,1,24,6,7824,480,0,0,0,0,0,197948,3,0
0,0,0,0,12,7,7825,480,0,0,0,0,0,247131,3,0
1,0,0,0,23,9,7826,480,0,0,0,0,0,243558,2,0
1,0,0,0,17,11,7827,480,0,0,0,0,0,222390,3,0
4,0,0,1,7,12,7828,480,0,0,0,0,0,232498,3,0
6,0,0,1,18,16,7829,480,0,0,0,0,0,216447,3,0
0,0,0,0,8,18,7830,480,0,0,0,0,0,173030,3,0
3,0,0,1,34,25,7831,480,0,0,0,0,0,248805,2,0
1,0,0,0,21,28,7832,480,0,0,0,0,0,250858,3,0
1,0,0,0,14,28,7833,480,0,0,0,0,0,236760,3,0
1,0,0,0,3,28,7834,480,0,0,0,0,0,258371,3,0
1,0,0,0,16,28,7835,480,0,0,0,0,0,235662,3,0
0,0,0,0,13,28,7836,480,0,0,0,0,0,236033,3,0
1,0,0,0,22,28,7837,480,0,0,0,0,0,210315,3,0
1,0,0,0,19,28,7838,480,0,0,0,0,0,243559,2,0
1,0,0,0,11,28,7839,480,0,0,0,0,0,251756,3,0
2,0,0,1,10,28,7840,480,0,0,0,0,0,166074,3,0
1,0,0,0,9,28,7841,480,0,0,0,0,0,167397,3,0
0,0,0,0,6,28,7842,480,0,0,0,0,0,218746,3,0
0,0,0,0,2,28,7843,480,0,0,0,0,0,248165,3,0
0,0,0,0,4,29,7844,480,0,0,0,0,0,244919,3,0
0,0,0,0,29,29,7845,480,0,0,0,0,0,272486,3,0
0,0,0,0,31,29,7846,480,0,0,0,0,0,276987,3,0
0,0,0,0,26,29,7847,480,0,0,0,0,0,276956,3,0
0,0,0,0,15,29,7848,480,0,0,0,0,0,262411,3,0
0,0,0,0,13,0,7849,481,0,0,0,0,0,185427,2,0
0,0,0,0,16,3,7850,481,0,0,0,0,0,146536,3,0
0,0,0,0,22,4,7851,481,0,0,0,0,0,255106,3,0
3,0,0,1,2,5,7852,481,0,0,0,0,0,271755,3,0
3,0,0,1,4,6,7853,481,0,0,0,0,0,155862,3,0
1,0,0,0,19,7,7854,481,0,0,0,0,0,224334,3,0
0,0,0,0,24,10,7855,481,0,0,0,0,0,239817,3,0
1,0,0,0,18,13,7856,481,0,0,0,0,0,229752,3,0
0,0,0,0,21,15,7857,481,0,0,0,0,0,208777,3,0
15,0,0,1,15,24,7858,481,0,0,0,0,0,235410,5,0
4,0,0,1,20,26,7859,481,0,0,0,0,0,69967,3,0
4,0,0,1,5,28,7860,481,0,0,0,0,0,205632,2,0
0,0,0,0,8,28,7861,481,0,0,0,0,0,224309,3,0
1,0,0,0,6,28,7862,481,0,0,0,0,0,193198,3,0
1,0,0,0,3,28,7863,481,0,0,0,0,0,246113,3,0
0,0,0,0,1,28,7864,481,0,0,0,0,0,227290,3,0
5,0,0,1,11,28,7865,481,0,0,0,0,0,231416,3,0
2,0,0,0,9,28,7866,481,0,0,0,0,0,231628,3,0
2,0,0,0,17,28,7867,481,0,0,0,0,0,170368,3,0
0,0,0,0,42,28,7868,481,0,0,0,0,0,246683,2,0
0,0,0,0,23,28,7869,481,0,0,0,0,0,234426,3,0
0,0,0,0,12,28,7870,481,0,0,0,0,0,221639,3,0
1,0,0,0,7,28,7871,481,0,0,0,0,0,202651,2,0
0,0,0,0,46,29,7872,481,0,0,0,0,0,258171,3,0
0,0,0,0,14,29,7873,481,0,0,0,0,0,252961,2,0
0,0,0,0,26,29,7874,481,0,0,0,0,0,264174,3,0
0,0,0,0,25,29,7875,481,0,0,0,0,0,208330,3,0
0,0,0,0,10,29,7876,481,0,0,0,0,0,269176,3,0
0,0,0,0,28,29,7877,481,0,0,0,0,0,275520,3,0
0,0,0,0,34,29,7878,481,0,0,0,0,0,259405,3,0
0,0,0,0,32,29,7879,481,0,0,0,0,0,279507,3,0
0,0,0,0,29,29,7880,481,0,0,0,0,0,279506,3,0
0,0,0,0,38,29,7881,481,0,0,0,0,0,275622,3,0
0,0,0,0,39,29,7882,481,0,0,0,0,0,279817,3,0
0,0,0,0,41,29,7883,481,0,0,0,0,0,70893,3,0
0,0,0,0,31,29,7884,481,0,0,0,0,0,272427,3,0
0,0,0,0,40,29,7885,481,0,0,0,0,0,279818,3,0
0,0,0,0,30,29,7886,481,0,0,0,0,0,279505,3,0
0,0,0,0,13,0,7887,483,0,0,0,0,0,258485,2,0
1,0,0,0,8,3,7888,483,0,0,0,0,0,237221,3,0
0,0,0,0,3,4,7889,483,0,0,0,0,0,157481,3,0
0,0,0,0,12,6,7890,483,0,0,0,0,0,225508,2,0
2,0,0,0,18,7,7891,483,0,0,0,0,0,205566,3,0
2,0,0,0,27,12,7892,483,0,0,0,0,0,265578,2,0
3,0,0,1,10,13,7893,483,0,0,0,0,0,189513,3,0
1,0,0,0,6,15,7894,483,0,0,0,0,0,178213,3,0
2,0,0,0,16,16,7895,483,0,0,0,0,0,257279,4,0
10,0,0,1,7,24,7896,483,0,0,0,0,0,208093,3,0
19,1,0,1,11,26,7897,483,0,0,0,0,0,216549,5,0
0,0,0,0,19,28,7898,483,0,0,0,0,0,189271,2,0
0,0,0,0,25,28,7899,483,0,0,0,0,0,207948,3,0
1,0,0,0,24,28,7900,483,0,0,0,0,0,228302,3,0
3,0,0,1,5,28,7901,483,0,0,0,0,0,237522,3,0
0,0,0,0,1,28,7902,483,0,0,0,0,0,24630,3,0
6,0,0,1,15,28,7903,483,0,0,0,0,0,216475,3,0
3,0,0,1,9,28,7904,483,0,0,0,0,0,224411,2,0
2,0,0,0,4,28,7905,483,0,0,0,0,0,235781,3,0
2,0,0,0,2,28,7906,483,0,0,0,0,0,256666,4,0
0,0,0,0,14,28,7907,483,0,0,0,0,0,206545,3,0
1,0,0,0,23,28,7908,483,0,0,0,0,0,201143,3,0
0,0,0,0,17,28,7909,483,0,0,0,0,0,189860,2,0
0,0,0,0,30,29,7910,483,0,0,0,0,0,277827,3,0
0,0,0,0,44,29,7911,483,0,0,0,0,0,71387,3,0
0,0,0,0,21,29,7912,483,0,0,0,0,0,259377,3,0
0,0,0,0,22,29,7913,483,0,0,0,0,0,205192,3,0
0,0,0,0,20,29,7914,483,0,0,0,0,0,259521,4,0
0,0,0,0,13,0,7915,1860,0,0,0,0,0,223952,3,0
0,0,0,0,21,3,7916,1860,0,0,0,0,0,260178,3,0
0,0,0,0,2,4,7917,1860,0,0,0,0,0,217940,2,0
0,0,0,0,15,6,7918,1860,0,0,0,0,0,240359,2,0
0,0,0,0,16,7,7919,1860,0,0,0,0,0,220414,4,0
8,0,0,1,12,12,7920,1860,0,0,0,0,0,246147,4,0
0,0,0,0,5,13,7921,1860,0,0,0,0,0,242201,2,0
4,0,0,1,20,15,7922,1860,0,0,0,0,0,239433,2,0
5,0,0,1,7,16,7923,1860,0,0,0,0,0,223578,2,0
2,0,0,1,14,24,7924,1860,0,0,0,0,0,271682,3,0
15,0,0,1,19,26,7925,1860,0,0,0,0,0,228635,3,0
0,0,0,0,8,28,7926,1860,0,0,0,0,0,232665,3,0
1,0,0,0,11,28,7927,1860,0,0,0,0,0,233113,3,0
0,0,0,0,6,28,7928,1860,0,0,0,0,0,234835,3,0
1,0,0,0,4,28,7929,1860,0,0,0,0,0,266797,2,0
0,0,0,0,1,28,7930,1860,0,0,0,0,0,244363,3,0
2,0,0,1,9,28,7931,1860,0,0,0,0,0,239335,2,0
1,0,0,0,18,28,7932,1860,0,0,0,0,0,264172,2,0
0,0,0,0,24,28,7933,1860,0,0,0,0,0,259233,3,0
0,0,0,0,3,28,7934,1860,0,0,0,0,0,215160,2,0
0,0,0,0,32,28,7935,1860,0,0,0,0,0,278982,3,0
1,0,0,0,25,28,7936,1860,0,0,0,0,0,270698,2,0
0,0,0,0,26,28,7937,1860,0,0,0,0,0,260195,3,0
0,0,0,0,28,29,7938,1860,0,0,0,0,0,277878,3,0
0,0,0,0,40,29,7939,1860,0,0,0,0,0,70263,3,0
0,0,0,0,30,29,7940,1860,0,0,0,0,0,278934,3,0
0,0,0,0,29,29,7941,1860,0,0,0,0,0,278927,3,0
0,0,0,0,33,29,7942,1860,0,0,0,0,0,70965,3,0
0,0,0,0,31,29,7943,1860,0,0,0,0,0,72024,3,0
0,0,0,0,36,29,7944,1860,0,0,0,0,0,71980,3,0
0,0,0,0,37,29,7945,1860,0,0,0,0,0,71977,3,0
0,0,0,0,35,29,7946,1860,0,0,0,0,0,277825,3,0
0,0,0,0,38,29,7947,1860,0,0,0,0,0,72172,3,0
0,0,0,0,13,0,7948,100888,0,0,0,0,0,258534,3,0
0,0,0,0,2,3,7949,100888,0,0,0,0,0,192667,3,0
0,0,0,0,3,4,7950,100888,0,0,0,0,0,225106,2,0
0,0,0,0,6,6,7951,100888,0,0,0,0,0,221652,3,0
0,0,0,0,15,7,7952,100888,0,0,0,0,0,252146,4,0
0,0,0,0,8,9,7953,100888,0,0,0,0,0,238461,3,0
0,0,0,0,20,11,7954,100888,0,0,0,0,0,229361,3,0
0,0,0,0,10,12,7955,100888,0,0,0,0,0,241463,2,0
0,0,0,0,23,16,7956,100888,0,0,0,0,0,246112,3,0
0,0,0,0,7,18,7957,100888,0,0,0,0,0,193844,3,0
0,0,0,0,19,25,7958,100888,0,0,0,0,0,264229,3,0
0,0,0,0,14,28,7959,100888,0,0,0,0,0,236221,3,0
0,0,0,0,32,28,7960,100888,0,0,0,0,0,267624,3,0
0,0,0,0,21,28,7961,100888,0,0,0,0,0,229359,3,0
0,0,0,0,22,28,7962,100888,0,0,0,0,0,254003,2,0
0,0,0,0,1,28,7963,100888,0,0,0,0,0,194934,3,0
0,0,0,0,9,28,7964,100888,0,0,0,0,0,240589,3,0
0,0,0,0,11,28,7965,100888,0,0,0,0,0,243604,3,0
0,0,0,0,17,28,7966,100888,0,0,0,0,0,237626,3,0
0,0,0,0,24,28,7967,100888,0,0,0,0,0,233887,2,0
0,0,0,0,28,28,7968,100888,0,0,0,0,0,264230,3,0
0,0,0,0,4,28,7969,100888,0,0,0,0,0,270389,3,0
0,0,0,0,5,28,7970,100888,0,0,0,0,0,212129,3,0
0,0,0,0,42,29,7971,100888,0,0,0,0,0,70036,3,0
0,0,0,0,30,29,7972,100888,0,0,0,0,0,271490,3,0
0,0,0,0,36,29,7973,100888,0,0,0,0,0,278545,3,0
0,0,0,0,33,29,7974,100888,0,0,0,0,0,71905,3,0
0,0,0,0,13,0,7975,110062,0,0,0,0,0,205186,4,0
1,0,0,0,20,3,7976,110062,0,0,0,0,0,259075,3,0
4,0,0,0,25,4,7977,110062,0,0,0,0,0,245037,4,0
1,0,0,0,17,6,7978,110062,0,0,0,0,0,190815,3,0
2,0,0,0,3,7,7979,110062,0,0,0,0,0,261865,3,0
5,0,0,0,21,9,7980,110062,0,0,0,0,0,234060,3,0
3,0,0,0,14,11,7981,110062,0,0,0,0,0,228813,3,0
6,0,0,1,8,12,7982,110062,0,0,0,0,0,244369,3,0
8,0,0,1,16,16,7983,110062,0,0,0,0,0,270409,4,0
5,0,0,0,23,18,7984,110062,0,0,0,0,0,246928,2,0
20,1,0,1,9,25,7985,110062,0,0,0,1,0,242458,3,0
7,0,0,1,24,28,7986,110062,0,0,0,0,0,205070,2,0
2,0,0,0,11,28,7987,110062,0,0,0,0,0,246351,3,0
3,0,0,0,5,28,7988,110062,0,0,0,0,0,201505,3,0
0,0,0,0,4,28,7989,110062,0,0,0,0,0,260815,2,0
0,0,0,0,1,28,7990,110062,0,0,0,0,0,194730,3,0
8,0,0,1,7,28,7991,110062,0,0,0,0,0,186537,3,0
0,0,0,0,18,28,7992,110062,0,0,0,0,0,267976,3,0
0,0,0,0,22,28,7993,110062,0,0,0,0,0,267894,3,0
0,0,0,0,15,28,7994,110062,0,0,0,0,0,192715,3,0
0,0,0,0,35,28,7995,110062,0,0,0,0,0,279874,3,0
0,0,0,0,31,28,7996,110062,0,0,0,0,0,278758,3,0
0,0,0,0,10,28,7997,110062,0,0,0,0,0,194761,3,0
0,0,0,0,26,29,7998,110062,0,0,0,0,0,264326,3,0
0,0,0,0,19,29,7999,110062,0,0,0,0,0,229517,3,0
0,0,0,0,30,29,8000,110062,0,0,0,0,0,278759,3,0
0,0,0,0,28,29,8001,110062,0,0,0,0,0,278126,3,0
0,0,0,0,36,29,8002,110062,0,0,0,0,0,264735,3,0
0,0,0,0,40,29,8003,110062,0,0,0,0,0,72025,3,0
0,0,0,0,13,0,8004,242,0,0,0,0,0,212453,3,0
0,0,0,0,23,3,8005,242,0,0,0,0,0,198023,3,0
0,0,0,0,15,4,8006,242,0,0,0,0,0,236573,3,0
0,0,0,0,4,6,8007,242,0,0,0,0,0,223284,3,0
0,0,0,0,2,7,8008,242,0,0,0,0,0,70667,3,0
0,0,0,0,8,9,8009,242,0,0,0,0,0,260877,3,0
0,0,0,0,20,11,8010,242,0,0,0,0,0,203733,3,0
0,0,0,0,3,12,8011,242,0,0,0,0,0,278035,3,0
0,0,0,0,10,16,8012,242,0,0,0,0,0,264492,3,0
0,0,0,0,17,18,8013,242,0,0,0,0,0,231025,3,0
0,0,0,0,7,25,8014,242,0,0,0,0,0,199354,3,0
0,0,0,0,30,28,8015,242,0,0,0,0,0,72010,3,0
0,0,0,0,19,28,8016,242,0,0,0,0,0,221025,3,0
0,0,0,0,5,28,8017,242,0,0,0,0,0,278001,3,0
0,0,0,0,22,28,8018,242,0,0,0,0,0,243553,3,0
0,0,0,0,1,28,8019,242,0,0,0,0,0,279897,3,0
0,0,0,0,9,28,8020,242,0,0,0,0,0,255461,3,0
0,0,0,0,12,28,8021,242,0,0,0,0,0,70547,3,0
0,0,0,0,41,28,8022,242,0,0,0,0,0,272356,3,0
0,0,0,0,14,28,8023,242,0,0,0,0,0,250882,3,0
0,0,0,0,29,28,8024,242,0,0,0,0,0,279898,3,0
0,0,0,0,24,28,8025,242,0,0,0,0,0,256936,3,0
0,0,0,0,1,0,8026,244,0,0,0,0,0,188938,3,0
0,0,0,0,15,3,8027,244,0,0,0,0,0,276493,2,0
3,0,0,1,6,4,8028,244,0,0,0,0,0,254310,3,0
1,0,0,0,3,6,8029,244,0,0,0,0,0,234731,2,0
0,0,0,0,22,7,8030,244,0,0,0,0,0,225927,3,0
1,0,0,0,33,12,8031,244,0,0,0,0,0,277269,2,0
1,0,0,0,21,13,8032,244,0,0,0,0,0,241588,2,0
2,0,0,0,5,15,8033,244,0,0,0,0,0,246918,3,0
1,0,0,0,7,16,8034,244,0,0,0,0,0,254860,3,0
11,0,0,1,11,18,8035,244,0,0,0,0,0,215615,3,0
4,0,0,1,9,25,8036,244,0,0,0,0,0,259423,3,0
2,0,0,0,19,28,8037,244,0,0,0,0,0,241686,3,0
0,0,0,0,23,28,8038,244,0,0,0,0,0,194879,3,0
0,0,0,0,12,28,8039,244,0,0,0,0,0,230623,3,0
0,0,0,0,34,28,8040,244,0,0,0,0,0,278530,3,0
0,0,0,0,25,28,8041,244,0,0,0,0,0,204234,3,0
0,0,0,0,30,28,8042,244,0,0,0,0,0,263218,3,0
1,0,0,0,18,28,8043,244,0,0,0,0,0,243756,3,0
0,0,0,0,41,28,8044,244,0,0,0,0,0,71279,3,0
0,0,0,0,29,28,8045,244,0,0,0,0,0,274212,3,0
0,0,0,0,2,28,8046,244,0,0,0,0,0,223139,3,0
0,0,0,0,39,28,8047,244,0,0,0,0,0,70183,3,0
0,0,0,0,26,28,8048,244,0,0,0,0,0,267606,3,0
0,0,0,0,13,29,8049,244,0,0,0,0,0,240751,3,0
0,0,0,0,31,29,8050,244,0,0,0,0,0,277267,3,0
0,0,0,0,40,29,8051,244,0,0,0,0,0,70834,3,0
0,0,0,0,35,29,8052,244,0,0,0,0,0,243397,3,0
0,0,0,0,8,29,8053,244,0,0,0,0,0,246809,3,0
4,0,0,1,20,29,8054,244,0,0,0,0,0,245999,3,0
0,0,0,0,24,29,8055,244,0,0,0,0,0,234032,3,0
0,0,0,0,38,29,8056,244,0,0,0,0,0,258759,3,0
3,0,0,1,14,29,8057,244,0,0,0,0,0,256341,3,0
0,0,0,0,10,29,8058,244,0,0,0,0,0,225204,3,0
0,0,0,0,17,29,8059,244,0,0,0,0,0,225202,3,0
0,0,0,0,1,0,8060,260,0,0,0,0,0,234790,3,0
2,0,0,1,22,3,8061,260,0,0,0,0,0,248777,2,0
1,0,0,0,4,4,8062,260,0,0,0,0,0,223120,3,0
0,0,0,0,6,6,8063,260,0,0,0,0,0,231320,3,0
0,0,0,0,3,7,8064,260,0,0,0,0,0,264347,3,0
0,0,0,0,16,9,8065,260,0,0,0,0,0,142499,3,0
1,0,0,0,10,11,8066,260,0,0,0,0,0,229207,3,0
2,0,0,1,27,12,8067,260,0,0,0,0,0,277069,2,0
2,0,0,1,11,16,8068,260,0,0,0,0,0,229428,3,0
7,0,0,1,14,18,8069,260,0,0,0,0,0,246169,2,0
5,0,0,1,18,25,8070,260,0,0,0,0,0,243993,3,0
1,0,0,0,15,28,8071,260,0,0,0,0,0,224591,3,0
2,0,0,1,5,28,8072,260,0,0,0,0,0,246097,3,0
1,0,0,0,24,28,8073,260,0,0,0,0,0,212183,4,0
0,0,0,0,23,28,8074,260,0,0,0,0,0,252275,3,0
0,0,0,0,13,28,8075,260,0,0,0,0,0,190435,3,0
9,0,0,1,9,28,8076,260,0,0,0,0,0,177633,2,0
0,0,0,0,20,28,8077,260,0,0,0,0,0,235623,2,0
0,0,0,0,2,28,8078,260,0,0,0,0,0,228790,3,0
1,0,0,0,17,28,8079,260,0,0,0,0,0,231414,3,0
0,0,0,0,31,28,8080,260,0,0,0,0,0,264736,3,0
0,0,0,0,29,28,8081,260,0,0,0,0,0,263197,3,0
0,0,0,0,19,28,8082,260,0,0,0,0,0,245634,3,0
3,0,0,1,21,29,8083,260,0,0,0,0,0,271275,3,0
0,0,0,0,8,29,8084,260,0,0,0,0,0,239986,3,0
0,0,0,0,30,29,8085,260,0,0,0,0,0,241532,3,0
0,0,0,0,38,29,8086,260,0,0,0,0,0,71208,3,0
0,0,0,0,32,29,8087,260,0,0,0,0,0,277652,3,0
0,0,0,0,35,29,8088,260,0,0,0,0,0,271409,3,0
0,0,0,0,37,29,8089,260,0,0,0,0,0,275023,3,0
0,0,0,0,26,29,8090,260,0,0,0,0,0,259739,3,0
0,0,0,0,34,29,8091,260,0,0,0,0,0,278943,3,0
0,0,0,0,36,29,8092,260,0,0,0,0,0,279233,3,0
0,0,0,0,42,29,8093,260,0,0,0,0,0,70261,3,0
0,0,0,0,40,29,8094,260,0,0,0,0,0,279033,3,0
0,0,0,0,33,29,8095,260,0,0,0,0,0,278869,3,0
0,0,0,0,13,0,8096,456,0,0,0,0,0,225395,3,0
2,0,0,0,2,3,8097,456,0,0,0,0,0,269197,3,0
1,0,0,0,5,4,8098,456,0,0,0,0,0,198230,3,0
2,0,0,0,15,6,8099,456,0,0,0,0,0,262299,3,0
0,0,0,0,3,7,8100,456,0,0,0,0,0,219709,3,0
1,0,0,0,21,9,8101,456,0,0,0,0,0,262501,3,0
1,0,0,0,19,11,8102,456,0,0,0,0,0,187924,3,0
6,0,0,1,11,12,8103,456,0,0,0,0,0,246044,3,0
3,0,0,1,10,16,8104,456,0,0,0,0,0,243792,5,0
18,1,0,1,17,18,8105,456,0,0,0,1,0,270301,3,0
12,1,0,1,9,25,8106,456,0,0,0,0,0,269639,4,0
2,0,0,0,8,28,8107,456,0,0,0,0,0,239441,4,0
0,0,0,0,6,28,8108,456,0,0,0,0,0,254005,3,0
0,0,0,0,4,28,8109,456,0,0,0,0,0,244799,3,0
1,0,0,0,23,28,8110,456,0,0,0,0,0,252135,3,0
0,0,0,0,1,28,8111,456,0,0,0,0,0,231071,3,0
2,0,0,0,14,28,8112,456,0,0,0,0,0,262303,3,0
3,0,0,1,20,28,8113,456,0,0,0,0,0,191135,3,0
2,0,0,0,7,28,8114,456,0,0,0,0,0,216376,4,0
2,0,0,0,16,28,8115,456,0,0,0,0,0,255468,3,0
0,0,0,0,40,28,8116,456,0,0,0,0,0,274080,3,0
0,0,0,0,29,28,8117,456,0,0,0,0,0,277742,3,0
0,0,0,0,26,28,8118,456,0,0,0,0,0,265538,3,0
0,0,0,0,22,29,8119,456,0,0,0,0,0,277519,3,0
0,0,0,0,30,29,8120,456,0,0,0,0,0,271897,3,0
0,0,0,0,34,29,8121,456,0,0,0,0,0,271926,3,0
1,0,0,0,12,29,8122,456,0,0,0,0,0,253983,3,0
0,0,0,0,38,29,8123,456,0,0,0,0,0,279235,3,0
0,0,0,0,28,29,8124,456,0,0,0,0,0,271413,3,0
0,0,0,0,32,29,8125,456,0,0,0,0,0,278103,3,0
0,0,0,0,31,29,8126,456,0,0,0,0,0,254004,3,0
3,0,0,1,18,29,8127,456,0,0,0,0,0,243155,3,0
0,0,0,0,1,0,8128,459,0,0,0,0,0,219836,2,0
1,0,0,0,25,3,8129,459,0,0,0,0,0,237630,3,0
2,0,0,0,4,4,8130,459,0,0,0,0,0,207431,3,0
0,0,0,0,22,6,8131,459,0,0,0,0,0,213063,3,0
4,0,0,1,3,7,8132,459,0,0,0,0,0,190143,4,0
1,0,0,0,21,12,8133,459,0,0,0,0,0,245870,3,0
0,0,0,0,6,13,8134,459,0,0,0,0,0,264838,3,0
5,0,0,1,10,15,8135,459,0,0,0,0,0,240201,4,0
0,0,0,0,8,16,8136,459,0,0,0,0,0,229991,3,0
10,0,0,1,19,24,8137,459,0,0,0,0,0,224428,5,0
4,0,0,1,23,26,8138,459,0,0,0,0,0,221430,3,0
0,0,0,0,31,28,8139,459,0,0,0,0,0,276880,3,0
0,0,0,0,12,28,8140,459,0,0,0,0,0,262072,3,0
0,0,0,0,5,28,8141,459,0,0,0,0,0,258766,3,0
0,0,0,0,16,28,8142,459,0,0,0,0,0,271805,3,0
0,0,0,0,13,28,8143,459,0,0,0,0,0,245601,3,0
2,0,0,0,20,28,8144,459,0,0,0,0,0,235970,3,0
10,0,0,1,7,28,8145,459,0,0,0,0,0,256885,3,0
1,0,0,0,24,28,8146,459,0,0,0,0,0,214766,3,0
0,0,0,0,17,28,8147,459,0,0,0,0,0,229038,3,0
0,0,0,0,2,28,8148,459,0,0,0,0,0,256080,4,0
3,0,0,0,9,28,8149,459,0,0,0,0,0,265560,3,0
0,0,0,0,15,28,8150,459,0,0,0,0,0,204277,3,0
0,0,0,0,30,29,8151,459,0,0,0,0,0,277894,3,0
0,0,0,0,14,29,8152,459,0,0,0,0,0,241858,3,0
0,0,0,0,18,29,8153,459,0,0,0,0,0,243989,3,0
0,0,0,0,26,29,8154,459,0,0,0,0,0,252227,3,0
0,0,0,0,35,29,8155,459,0,0,0,0,0,278945,3,0
5,0,0,1,11,29,8156,459,0,0,0,0,0,246949,3,0
0,0,0,0,37,29,8157,459,0,0,0,0,0,71278,3,0
0,0,0,0,38,29,8158,459,0,0,0,0,0,72028,3,0
0,0,0,0,39,29,8159,459,0,0,0,0,0,72103,3,0
0,0,0,0,1,0,8160,467,0,0,0,0,0,240311,3,0
2,0,0,0,15,3,8161,467,0,0,0,0,0,231856,5,0
0,0,0,0,3,4,8162,467,0,0,0,0,0,211107,3,0
1,0,0,0,23,6,8163,467,0,0,0,0,0,199986,3,0
0,0,0,0,2,7,8164,467,0,0,0,0,0,272305,3,0
2,0,0,0,14,9,8165,467,0,0,0,0,0,247328,3,0
1,0,0,0,6,11,8166,467,0,0,0,0,0,199158,3,0
5,0,0,1,17,12,8167,467,0,0,0,0,0,244197,1,0
10,0,0,1,19,16,8168,467,0,0,0,0,0,245157,2,0
10,0,0,1,10,18,8169,467,0,0,0,0,0,213937,4,0
4,0,0,1,11,25,8170,467,0,0,0,0,0,198715,3,0
1,0,0,0,7,28,8171,467,0,0,0,0,0,189857,3,0
1,0,0,0,8,28,8172,467,0,0,0,0,0,229337,2,0
1,0,0,0,5,28,8173,467,0,0,0,0,0,240859,3,0
0,0,0,0,4,28,8174,467,0,0,0,0,0,208638,3,0
0,0,0,0,13,28,8175,467,0,0,0,0,0,185181,3,0
17,1,0,1,18,28,8176,467,0,0,0,0,0,233231,2,0
3,0,0,0,30,28,8177,467,0,0,0,0,0,260463,3,0
3,0,0,0,27,28,8178,467,0,0,0,0,0,257025,3,0
0,0,0,0,21,28,8179,467,0,0,0,0,0,189482,3,0
0,0,0,0,22,28,8180,467,0,0,0,0,0,219591,3,0
2,0,0,0,24,28,8181,467,0,0,0,0,0,241489,3,0
1,0,0,0,9,28,8182,467,0,0,0,0,0,201924,3,0
0,0,0,0,34,29,8183,467,0,0,0,0,0,277831,3,0
0,0,0,0,29,29,8184,467,0,0,0,0,0,277719,3,0
0,0,0,0,32,29,8185,467,0,0,0,0,0,277660,3,0
0,0,0,0,28,29,8186,467,0,0,0,0,0,278527,3,0
0,0,0,0,33,29,8187,467,0,0,0,0,0,71912,3,0
0,0,0,0,35,29,8188,467,0,0,0,0,0,72270,3,0
0,0,0,0,13,0,8189,468,0,0,0,0,0,207935,2,0
0,0,0,0,17,3,8190,468,0,0,0,0,0,229667,2,0
3,0,0,0,2,4,8191,468,0,0,0,0,0,192789,2,0
1,0,0,0,6,5,8192,468,0,0,0,0,0,206222,3,0
0,0,0,0,23,6,8193,468,0,0,0,0,0,204876,3,0
8,0,0,1,11,7,8194,468,0,0,0,0,0,239671,3,0
4,0,0,1,22,12,8195,468,0,0,0,0,0,257866,3,0
1,0,0,0,5,13,8196,468,0,0,0,0,0,260083,3,0
0,0,0,0,14,15,8197,468,0,0,0,0,0,235522,2,0
5,0,0,1,21,16,8198,468,0,0,0,0,0,259504,3,0
5,0,0,1,19,25,8199,468,0,0,0,0,0,255155,3,0
0,0,0,0,3,28,8200,468,0,0,0,0,0,246057,3,0
0,0,0,0,8,28,8201,468,0,0,0,0,0,242369,2,0
0,0,0,0,24,28,8202,468,0,0,0,0,0,252866,3,0
0,0,0,0,4,28,8203,468,0,0,0,0,0,227106,3,0
0,0,0,0,1,28,8204,468,0,0,0,0,0,242802,3,0
1,0,0,0,18,28,8205,468,0,0,0,0,0,243652,3,0
0,0,0,0,9,28,8206,468,0,0,0,0,0,252864,3,0
4,0,0,1,10,28,8207,468,0,0,0,0,0,254507,3,0
0,0,0,0,20,28,8208,468,0,0,0,0,0,236997,3,0
0,0,0,0,12,28,8209,468,0,0,0,0,0,258684,3,0
7,0,0,1,7,28,8210,468,0,0,0,0,0,208621,2,0
0,0,0,0,35,28,8211,468,0,0,0,0,0,278392,3,0
1,0,0,0,30,29,8212,468,0,0,0,0,0,278523,3,0
0,0,0,0,37,29,8213,468,0,0,0,0,0,70491,3,0
0,0,0,0,34,29,8214,468,0,0,0,0,0,278549,3,0
0,0,0,0,32,29,8215,468,0,0,0,0,0,279035,3,0
0,0,0,0,28,29,8216,468,0,0,0,0,0,272395,3,0
0,0,0,0,26,29,8217,468,0,0,0,0,0,71674,3,0
0,0,0,0,1,0,8218,573,0,0,0,0,0,173178,3,0
0,0,0,0,22,3,8219,573,0,0,0,0,0,189576,3,0
0,0,0,0,8,4,8220,573,0,0,0,0,0,222598,3,0
0,0,0,0,23,6,8221,573,0,0,0,0,0,193909,3,0
0,0,0,0,27,7,8222,573,0,0,0,0,0,268898,3,0
1,0,0,1,7,12,8223,573,0,0,0,0,0,246275,3,0
0,0,0,0,15,13,8224,573,0,0,0,0,0,201295,3,0
0,0,0,0,17,15,8225,573,0,0,0,0,0,245520,3,0
0,0,0,0,34,16,8226,573,0,0,0,0,0,260344,3,0
0,0,0,0,9,24,8227,573,0,0,0,0,0,263676,3,0
0,0,0,0,29,26,8228,573,0,0,0,0,0,260691,3,0
0,0,0,0,19,28,8229,573,0,0,0,0,0,205212,3,0
0,0,0,0,21,28,8230,573,0,0,0,0,0,264176,3,0
0,0,0,0,24,28,8231,573,0,0,0,0,0,245219,3,0
0,0,0,0,5,28,8232,573,0,0,0,0,0,255158,3,0
0,0,0,0,12,28,8233,573,0,0,0,0,0,235312,3,0
0,0,0,0,25,28,8234,573,0,0,0,0,0,258494,3,0
0,0,0,0,16,28,8235,573,0,0,0,0,0,240873,3,0
0,0,0,0,43,28,8236,573,0,0,0,0,0,263545,3,0
0,0,0,0,35,28,8237,573,0,0,0,0,0,263627,3,0
0,0,0,0,3,28,8238,573,0,0,0,0,0,228600,3,0
0,0,0,0,6,28,8239,573,0,0,0,0,0,252943,3,0
0,0,0,0,26,28,8240,573,0,0,0,0,0,265812,3,0
0,0,0,0,41,29,8241,573,0,0,0,0,0,263677,3,0
0,0,0,0,28,29,8242,573,0,0,0,0,0,265437,3,0
0,0,0,0,31,29,8243,573,0,0,0,0,0,262407,3,0
0,0,0,0,30,29,8244,573,0,0,0,0,0,271491,3,0
0,0,0,0,13,0,8245,1853,0,0,0,0,0,146296,2,0
0,0,0,0,2,3,8246,1853,0,0,0,0,0,216189,3,0
5,0,0,1,4,4,8247,1853,0,0,0,0,0,245290,4,0
2,0,0,0,3,6,8248,1853,0,0,0,0,0,211857,3,0
0,0,0,0,5,7,8249,1853,0,0,0,0,0,273875,3,0
3,0,0,0,37,12,8250,1853,0,0,0,0,0,274209,3,0
1,0,0,0,21,13,8251,1853,0,0,0,0,0,252598,3,0
1,0,0,0,20,15,8252,1853,0,0,0,0,0,242279,2,0
6,0,0,1,10,16,8253,1853,0,0,0,0,0,243312,3,0
8,0,0,1,22,24,8254,1853,0,0,0,0,0,262744,3,0
5,0,0,1,9,26,8255,1853,0,0,0,0,0,243315,2,0
1,0,0,0,23,28,8256,1853,0,0,0,0,0,246592,3,0
6,0,0,1,7,28,8257,1853,0,0,0,0,0,241591,3,0
2,0,0,0,6,28,8258,1853,0,0,0,0,0,260813,3,0
0,0,0,0,15,28,8259,1853,0,0,0,0,0,214639,3,0
0,0,0,0,1,28,8260,1853,0,0,0,0,0,251944,3,0
4,0,0,0,12,28,8261,1853,0,0,0,0,0,277514,3,0
1,0,0,0,18,28,8262,1853,0,0,0,0,0,264173,3,0
0,0,0,0,14,28,8263,1853,0,0,0,0,0,241070,3,0
0,0,0,0,19,28,8264,1853,0,0,0,0,0,219652,3,0
1,0,0,0,11,28,8265,1853,0,0,0,0,0,262081,3,0
0,0,0,0,30,28,8266,1853,0,0,0,0,0,275468,2,0
1,0,0,0,17,28,8267,1853,0,0,0,0,0,255258,3,0
0,0,0,0,16,29,8268,1853,0,0,0,0,0,258037,3,0
0,0,0,0,31,29,8269,1853,0,0,0,0,0,277639,3,0
0,0,0,0,35,29,8270,1853,0,0,0,0,0,72269,3,0
0,0,0,0,33,29,8271,1853,0,0,0,0,0,259530,3,0
0,0,0,0,38,29,8272,1853,0,0,0,0,0,70967,3,0
0,0,0,0,43,29,8273,1853,0,0,0,0,0,71388,2,0
0,0,0,0,27,29,8274,1853,0,0,0,0,0,277653,3,0
0,0,0,0,28,29,8275,1853,0,0,0,0,0,259196,3,0
0,0,0,0,29,29,8276,1853,0,0,0,0,0,277933,3,0
0,0,0,0,32,29,8277,1853,0,0,0,0,0,269146,3,0
0,0,0,0,44,29,8278,1853,0,0,0,0,0,271610,3,0
0,0,0,0,41,29,8279,1853,0,0,0,0,0,278980,3,0
0,0,0,0,25,0,8280,1854,0,0,0,0,0,204120,5,0
2,0,0,0,23,3,8281,1854,0,0,0,0,0,237206,3,0
0,0,0,0,15,4,8282,1854,0,0,0,0,0,262061,3,0
2,0,0,0,24,6,8283,1854,0,0,0,0,0,239608,3,0
0,0,0,0,17,7,8284,1854,0,0,0,0,0,247089,3,0
2,0,0,0,7,12,8285,1854,0,0,0,0,0,222094,3,0
0,0,0,0,8,13,8286,1854,0,0,0,0,0,251599,3,0
2,0,0,0,19,15,8287,1854,0,0,0,0,0,229765,3,0
8,0,0,1,10,16,8288,1854,0,0,0,0,0,252079,3,0
9,0,0,1,21,24,8289,1854,0,0,0,0,0,236810,3,0
5,0,0,1,9,26,8290,1854,0,0,0,0,0,211565,3,0
4,0,0,1,4,28,8291,1854,0,0,0,0,0,223853,4,0
3,0,0,1,3,28,8292,1854,0,0,0,0,0,215322,4,0
1,0,0,0,22,28,8293,1854,0,0,0,0,0,243080,3,0
0,0,0,0,5,28,8294,1854,0,0,0,0,0,263029,3,0
0,0,0,0,1,28,8295,1854,0,0,0,0,0,228221,3,0
0,0,0,0,20,28,8296,1854,0,0,0,0,0,236599,3,0
3,0,0,1,16,28,8297,1854,0,0,0,0,0,240922,3,0
1,0,0,0,2,28,8298,1854,0,0,0,0,0,234231,3,0
1,0,0,0,11,28,8299,1854,0,0,0,0,0,189172,3,0
1,0,0,0,18,28,8300,1854,0,0,0,0,0,269644,3,0
0,0,0,0,14,28,8301,1854,0,0,0,0,0,264757,3,0
0,0,0,0,33,28,8302,1854,0,0,0,0,0,267577,3,0
0,0,0,0,12,29,8303,1854,0,0,0,0,0,229039,3,0
0,0,0,0,30,29,8304,1854,0,0,0,0,0,279030,3,0
0,0,0,0,35,29,8305,1854,0,0,0,0,0,278535,3,0
0,0,0,0,6,29,8306,1854,0,0,0,0,0,263708,3,0
0,0,0,0,13,29,8307,1854,0,0,0,0,0,247411,3,0
0,0,0,0,25,0,8308,1861,0,0,0,0,0,244316,3,0
0,0,0,0,18,3,8309,1861,0,0,0,0,0,266039,3,0
0,0,0,0,21,4,8310,1861,0,0,0,0,0,241810,1,0
0,0,0,0,3,6,8311,1861,0,0,0,0,0,247500,1,0
0,0,0,0,20,7,8312,1861,0,0,0,0,0,241470,2,0
0,0,0,0,5,9,8313,1861,0,0,0,0,0,235008,3,0
0,0,0,0,6,11,8314,1861,0,0,0,0,0,259190,3,0
0,0,0,0,7,12,8315,1861,0,0,0,0,0,243134,3,0
0,0,0,0,10,16,8316,1861,0,0,0,0,0,219953,4,0
0,0,0,0,19,18,8317,1861,0,0,0,0,0,258923,3,0
0,0,0,0,9,25,8318,1861,0,0,0,0,0,245158,3,0
0,0,0,0,29,28,8319,1861,0,0,0,0,0,271683,3,0
0,0,0,0,11,28,8320,1861,0,0,0,0,0,227508,3,0
0,0,0,0,22,28,8321,1861,0,0,0,0,0,229980,3,0
0,0,0,0,17,28,8322,1861,0,0,0,0,0,235983,3,0
0,0,0,0,13,28,8323,1861,0,0,0,0,0,205288,3,0
0,0,0,0,8,28,8324,1861,0,0,0,0,0,198164,3,0
0,0,0,0,12,28,8325,1861,0,0,0,0,0,205976,4,0
0,0,0,0,4,28,8326,1861,0,0,0,0,0,245598,3,0
0,0,0,0,23,28,8327,1861,0,0,0,0,0,242893,3,0
0,0,0,0,15,28,8328,1861,0,0,0,0,0,205495,2,0
0,0,0,0,38,28,8329,1861,0,0,0,0,0,258467,4,0
0,0,0,0,1,28,8330,1861,0,0,0,0,0,199493,3,0
0,0,0,0,32,29,8331,1861,0,0,0,0,0,275506,3,0
0,0,0,0,26,29,8332,1861,0,0,0,0,0,278814,2,0
0,0,0,0,16,29,8333,1861,0,0,0,0,0,244135,3,0
0,0,0,0,28,29,8334,1861,0,0,0,0,0,279119,3,0
0,0,0,0,30,29,8335,1861,0,0,0,0,0,266132,3,0
0,0,0,0,24,29,8336,1861,0,0,0,0,0,251647,3,0
0,0,0,0,1,0,8337,1867,0,0,0,0,0,254099,3,0
0,0,0,0,2,3,8338,1867,0,0,0,0,0,204203,3,0
0,0,0,0,23,4,8339,1867,0,0,0,0,0,146974,3,0
0,0,0,0,4,6,8340,1867,0,0,0,0,0,171772,3,0
0,0,0,0,3,7,8341,1867,0,0,0,0,0,245989,3,0
0,0,0,0,6,9,8342,1867,0,0,0,0,0,259582,3,0
0,0,0,0,8,11,8343,1867,0,0,0,0,0,171402,3,0
0,0,0,0,11,12,8344,1867,0,0,0,0,0,243991,3,0
0,0,0,0,10,16,8345,1867,0,0,0,0,0,171315,3,0
0,0,0,0,18,18,8346,1867,0,0,0,0,0,173325,3,0
0,0,0,0,9,25,8347,1867,0,0,0,0,0,170309,3,0
0,0,0,0,15,28,8348,1867,0,0,0,0,0,243994,3,0
0,0,0,0,14,28,8349,1867,0,0,0,0,0,225738,3,0
0,0,0,0,13,28,8350,1867,0,0,0,0,0,204347,3,0
0,0,0,0,16,28,8351,1867,0,0,0,0,0,252094,3,0
0,0,0,0,12,28,8352,1867,0,0,0,0,0,259257,3,0
0,0,0,0,19,28,8353,1867,0,0,0,0,0,241889,3,0
0,0,0,0,17,28,8354,1867,0,0,0,0,0,227563,3,0
0,0,0,0,22,28,8355,1867,0,0,0,0,0,245895,3,0
0,0,0,0,21,28,8356,1867,0,0,0,0,0,256485,3,0
0,0,0,0,24,28,8357,1867,0,0,0,0,0,146453,3,0
0,0,0,0,1,0,8358,1968,0,0,0,0,0,219522,4,0
0,0,0,0,20,3,8359,1968,0,0,0,0,0,220348,3,0
0,0,0,0,3,4,8360,1968,0,0,0,0,0,229628,3,0
0,0,0,0,5,6,8361,1968,0,0,0,0,0,259173,3,0
0,0,0,0,33,7,8362,1968,0,0,0,0,0,277068,3,0
0,0,0,0,11,12,8363,1968,0,0,0,0,0,231280,3,0
0,0,0,0,4,13,8364,1968,0,0,0,0,0,229788,3,0
0,0,0,0,17,15,8365,1968,0,0,0,0,0,219391,3,0
0,0,0,0,27,16,8366,1968,0,0,0,0,0,253130,3,0
0,0,0,0,9,24,8367,1968,0,0,0,0,0,197891,3,0
0,0,0,0,16,26,8368,1968,0,0,0,0,0,241973,3,0
0,0,0,0,8,28,8369,1968,0,0,0,0,0,199247,3,0
0,0,0,0,6,28,8370,1968,0,0,0,0,0,235424,3,0
0,0,0,0,15,28,8371,1968,0,0,0,0,0,244523,3,0
0,0,0,0,22,28,8372,1968,0,0,0,0,0,223033,3,0
0,0,0,0,13,28,8373,1968,0,0,0,0,0,225868,3,0
0,0,0,0,25,28,8374,1968,0,0,0,0,0,239207,3,0
0,0,0,0,18,28,8375,1968,0,0,0,0,0,210463,3,0
0,0,0,0,2,28,8376,1968,0,0,0,0,0,220132,3,0
0,0,0,0,12,28,8377,1968,0,0,0,0,0,239894,3,0
0,0,0,0,10,28,8378,1968,0,0,0,0,0,253293,3,0
0,0,0,0,24,28,8379,1968,0,0,0,0,0,245018,3,0
0,0,0,0,19,28,8380,1968,0,0,0,0,0,229624,3,0
0,0,0,0,38,29,8381,1968,0,0,0,0,0,210868,3,0
0,0,0,0,7,29,8382,1968,0,0,0,0,0,208622,2,0
0,0,0,0,23,29,8383,1968,0,0,0,0,0,205590,3,0
0,0,0,0,21,29,8384,1968,0,0,0,0,0,207732,2,0
0,0,0,0,40,29,8385,1968,0,0,0,0,0,223654,3,0
0,0,0,0,14,29,8386,1968,0,0,0,0,0,271222,3,0
0,0,0,0,28,29,8387,1968,0,0,0,0,0,279502,3,0
0,0,0,0,37,29,8388,1968,0,0,0,0,0,266834,3,0
0,0,0,0,35,29,8389,1968,0,0,0,0,0,271687,3,0
0,0,0,0,26,29,8390,1968,0,0,0,0,0,271459,3,0
0,0,0,0,36,29,8391,1968,0,0,0,0,0,271414,3,0
0,0,0,0,29,29,8392,1968,0,0,0,0,0,278981,3,0
0,0,0,0,31,29,8393,1968,0,0,0,0,0,279072,3,0
0,0,0,0,32,29,8394,1968,0,0,0,0,0,279071,3,0
0,0,0,0,30,29,8395,1968,0,0,0,0,0,278949,3,0
0,0,0,0,13,0,8396,10846,0,0,0,0,0,234779,3,0
1,0,0,0,4,3,8397,10846,0,0,0,0,0,231697,3,0
0,0,0,0,18,4,8398,10846,0,0,0,0,0,262423,3,0
2,0,0,0,20,6,8399,10846,0,0,0,0,0,224981,3,0
3,0,0,1,23,7,8400,10846,0,0,0,0,0,233911,3,0
3,0,0,1,11,12,8401,10846,0,0,0,0,0,275986,4,0
0,0,0,0,5,13,8402,10846,0,0,0,0,0,254786,3,0
1,0,0,0,14,15,8403,10846,0,0,0,0,0,233588,4,0
4,0,0,1,7,16,8404,10846,0,0,0,0,0,238882,2,0
7,0,0,1,9,24,8405,10846,0,0,0,0,0,252590,3,0
15,1,0,1,16,26,8406,10846,0,0,0,0,0,231733,3,0
2,0,0,0,21,28,8407,10846,0,0,0,0,0,231873,3,0
2,0,0,0,12,28,8408,10846,0,0,0,0,0,239451,4,0
0,0,0,0,24,28,8409,10846,0,0,0,0,0,211270,3,0
1,0,0,0,2,28,8410,10846,0,0,0,0,0,231854,3,0
0,0,0,0,1,28,8411,10846,0,0,0,0,0,235582,3,0
1,0,0,0,19,28,8412,10846,0,0,0,0,0,245528,3,0
2,0,0,0,8,28,8413,10846,0,0,0,0,0,262508,3,0
5,0,0,1,10,28,8414,10846,0,0,0,0,0,251326,3,0
0,0,0,0,22,28,8415,10846,0,0,0,0,0,262425,3,0
0,0,0,0,28,28,8416,10846,0,0,0,0,0,271358,3,0
0,0,0,0,30,28,8417,10846,0,0,0,0,0,278546,3,0
0,0,0,0,34,28,8418,10846,0,0,0,0,0,71673,3,0
0,0,0,0,33,29,8419,10846,0,0,0,0,0,279232,3,0
0,0,0,0,35,29,8420,10846,0,0,0,0,0,70033,3,0
0,0,0,0,26,29,8421,10846,0,0,0,0,0,278940,3,0
0,0,0,0,29,29,8422,10846,0,0,0,0,0,277829,3,0
0,0,0,0,6,29,8423,10846,0,0,0,0,0,234784,3,0
0,0,0,0,13,0,8424,100851,0,0,0,0,0,199101,4,0
1,0,0,0,16,3,8425,100851,0,0,0,0,0,224305,4,0
0,0,0,0,4,4,8426,100851,0,0,0,0,0,189709,4,0
0,0,0,0,5,6,8427,100851,0,0,0,0,0,243945,3,0
4,0,0,1,14,7,8428,100851,0,0,0,0,0,258728,3,0
2,0,0,0,20,23,8429,100851,0,0,0,0,0,224584,3,0
1,0,0,0,23,13,8430,100851,0,0,0,0,0,235824,3,0
0,0,0,0,18,14,8431,100851,0,0,0,0,0,216019,3,0
2,0,0,0,6,15,8432,100851,0,0,0,0,0,208817,3,0
2,0,0,0,12,27,8433,100851,0,0,0,0,0,220815,3,0
3,0,0,1,10,25,8434,100851,0,0,0,0,0,236940,3,0
0,0,0,0,17,28,8435,100851,0,0,0,0,0,146111,3,0
3,0,0,1,8,28,8436,100851,0,0,0,0,0,236695,3,0
0,0,0,0,2,28,8437,100851,0,0,0,0,0,264158,3,0
1,0,0,0,33,28,8438,100851,0,0,0,0,0,270335,3,0
0,0,0,0,1,28,8439,100851,0,0,0,0,0,200734,3,0
3,0,0,1,11,28,8440,100851,0,0,0,0,0,204387,3,0
10,0,0,1,9,28,8441,100851,0,0,0,0,0,190747,5,0
1,0,0,0,22,28,8442,100851,0,0,0,0,0,186684,4,0
0,0,0,0,32,28,8443,100851,0,0,0,0,0,256128,3,0
2,0,0,0,35,28,8444,100851,0,0,0,0,0,277784,3,0
0,0,0,0,27,28,8445,100851,0,0,0,0,0,277050,3,0
0,0,0,0,48,28,8446,100851,0,0,0,0,0,279234,3,0
0,0,0,0,26,29,8447,100851,0,0,0,0,0,264738,3,0
0,0,0,0,36,29,8448,100851,0,0,0,0,0,273594,3,0
0,0,0,0,31,29,8449,100851,0,0,0,0,0,270836,3,0
0,0,0,0,28,29,8450,100851,0,0,0,0,0,255455,3,0
0,0,0,0,39,29,8451,100851,0,0,0,0,0,268531,3,0
0,0,0,0,41,29,8452,100851,0,0,0,0,0,70039,3,0
0,0,0,0,45,29,8453,100851,0,0,0,0,0,277830,3,0
0,0,0,0,1,0,8454,100852,0,0,0,0,0,258323,3,0
0,0,0,0,2,3,8455,100852,0,0,0,0,0,260098,3,0
0,0,0,0,3,4,8456,100852,0,0,0,0,0,252087,3,0
0,0,0,0,4,6,8457,100852,0,0,0,0,0,216461,3,0
0,0,0,0,5,7,8458,100852,0,0,0,0,0,241476,3,0
0,0,0,0,6,9,8459,100852,0,0,0,0,0,266100,3,0
0,0,0,0,8,11,8460,100852,0,0,0,0,0,257560,3,0
0,0,0,0,21,12,8461,100852,0,0,0,0,0,257561,3,0
0,0,0,0,28,16,8462,100852,0,0,0,0,0,277554,3,0
0,0,0,0,9,24,8463,100852,0,0,0,0,0,216568,3,0
0,0,0,0,25,26,8464,100852,0,0,0,0,0,110376,3,0
0,0,0,0,10,28,8465,100852,0,0,0,0,0,257557,3,0
0,0,0,0,24,28,8466,100852,0,0,0,0,0,170941,3,0
0,0,0,0,13,28,8467,100852,0,0,0,0,0,210747,3,0
0,0,0,0,14,28,8468,100852,0,0,0,0,0,202524,3,0
0,0,0,0,12,28,8469,100852,0,0,0,0,0,198299,3,0
0,0,0,0,20,28,8470,100852,0,0,0,0,0,204676,3,0
0,0,0,0,15,28,8471,100852,0,0,0,0,0,245986,3,0
0,0,0,0,16,28,8472,100852,0,0,0,0,0,258319,3,0
0,0,0,0,11,28,8473,100852,0,0,0,0,0,178422,3,0
0,0,0,0,17,28,8474,100852,0,0,0,0,0,269306,3,0
0,0,0,0,18,28,8475,100852,0,0,0,0,0,266152,3,0
0,0,0,0,19,28,8476,100852,0,0,0,0,0,257564,3,0
0,0,0,0,22,29,8477,100852,0,0,0,0,0,262391,3,0
0,0,0,0,23,29,8478,100852,0,0,0,0,0,263757,3,0
0,0,0,0,1,0,8479,110069,0,0,0,0,0,262742,4,0
0,0,0,0,17,3,8480,110069,0,0,0,0,0,234856,3,0
0,0,0,0,27,4,8481,110069,0,0,0,0,0,246455,3,0
2,0,0,1,4,6,8482,110069,0,0,0,0,0,259581,2,0
0,0,0,0,24,7,8483,110069,0,0,0,0,0,266118,3,0
1,0,0,0,19,9,8484,110069,0,0,0,0,0,260923,3,0
1,0,0,0,10,11,8485,110069,0,0,0,0,0,275985,3,0
5,0,0,1,11,12,8486,110069,0,0,0,0,0,262300,3,0
8,0,0,1,7,16,8487,110069,0,0,0,0,0,264438,2,0
1,0,0,0,8,18,8488,110069,0,0,0,0,0,266157,3,0
15,1,0,1,9,25,8489,110069,0,0,0,0,0,265396,3,0
0,0,0,0,22,28,8490,110069,0,0,0,0,0,258271,3,0
1,0,0,0,3,28,8491,110069,0,0,0,0,0,270987,3,0
0,0,0,0,20,28,8492,110069,0,0,0,0,0,233413,3,0
1,0,0,0,26,28,8493,110069,0,0,0,0,0,271272,2,0
0,0,0,0,25,28,8494,110069,0,0,0,0,0,243304,3,0
1,0,0,0,23,28,8495,110069,0,0,0,0,0,228378,2,0
3,0,0,1,18,28,8496,110069,0,0,0,0,0,264195,3,0
0,0,0,0,6,28,8497,110069,0,0,0,0,0,259068,3,0
0,0,0,0,5,28,8498,110069,0,0,0,0,0,238446,4,0
0,0,0,0,32,28,8499,110069,0,0,0,0,0,256604,3,0
1,0,0,0,29,28,8500,110069,0,0,0,0,0,260044,3,0
0,0,0,0,2,28,8501,110069,0,0,0,0,0,241986,3,0
0,0,0,0,15,29,8502,110069,0,0,0,0,0,263393,2,0
0,0,0,0,13,29,8503,110069,0,0,0,0,0,264170,3,0
0,0,0,0,31,29,8504,110069,0,0,0,0,0,258727,3,0
0,0,0,0,28,29,8505,110069,0,0,0,0,0,276855,3,0
0,0,0,0,25,0,8506,110242,0,0,0,0,0,219637,3,0
0,0,0,0,2,3,8507,110242,0,0,0,0,0,239010,3,0
2,0,0,0,4,4,8508,110242,0,0,0,0,0,223998,3,0
0,0,0,0,12,6,8509,110242,0,0,0,0,0,236914,3,0
0,0,0,0,21,7,8510,110242,0,0,0,0,0,220637,3,0
1,0,0,0,8,9,8511,110242,0,0,0,0,0,172716,3,0
5,0,0,1,10,11,8512,110242,0,0,0,0,0,227990,4,0
5,0,0,1,7,12,8513,110242,0,0,0,0,0,233071,3,0
4,0,0,0,23,16,8514,110242,0,0,0,0,0,259422,4,0
9,0,0,1,22,18,8515,110242,0,0,0,0,0,252865,3,0
8,0,0,1,20,25,8516,110242,0,0,0,0,0,189661,2,0
0,0,0,0,6,28,8517,110242,0,0,0,0,0,238220,3,0
0,0,0,0,11,28,8518,110242,0,0,0,0,0,230849,3,0
0,0,0,0,15,28,8519,110242,0,0,0,0,0,275494,3,0
0,0,0,0,18,28,8520,110242,0,0,0,0,0,275497,4,0
0,0,0,0,1,28,8521,110242,0,0,0,0,0,225869,3,0
5,0,0,1,19,28,8522,110242,0,0,0,0,0,226215,3,0
0,0,0,0,24,28,8523,110242,0,0,0,0,0,254913,3,0
0,0,0,0,13,28,8524,110242,0,0,0,0,0,246281,3,0
0,0,0,0,5,28,8525,110242,0,0,0,0,0,244394,3,0
1,0,0,0,3,28,8526,110242,0,0,0,0,0,229865,3,0
0,0,0,0,9,28,8527,110242,0,0,0,0,0,251610,3,0
0,0,0,0,17,28,8528,110242,0,0,0,0,0,241465,2,0
1,0,0,0,14,29,8529,110242,0,0,0,0,0,204830,3,0
0,0,0,0,16,29,8530,110242,0,0,0,0,0,241140,3,0
0,0,0,0,99,29,8531,110242,0,0,0,0,0,228482,3,0
0,0,0,0,33,29,8532,110242,0,0,0,0,0,224220,3,0
0,0,0,0,31,0,8533,110827,0,0,0,0,0,258466,4,0
0,0,0,0,7,3,8534,110827,0,0,0,0,0,234350,4,0
0,0,0,0,4,4,8535,110827,0,0,0,0,0,219848,3,0
2,0,0,0,12,6,8536,110827,0,0,0,0,0,219180,4,0
1,0,0,0,23,7,8537,110827,0,0,0,0,0,271145,3,0
0,0,0,0,5,9,8538,110827,0,0,0,0,0,220638,3,0
3,0,0,0,11,11,8539,110827,0,0,0,0,0,232770,3,0
7,0,0,1,18,12,8540,110827,0,0,0,0,0,248710,3,0
8,0,0,1,17,16,8541,110827,0,0,0,0,0,219774,3,0
0,0,0,0,8,18,8542,110827,0,0,0,0,0,146562,4,0
5,0,0,1,14,25,8543,110827,0,0,0,0,0,276895,5,0
4,0,0,1,20,28,8544,110827,0,0,0,0,0,274987,3,0
4,0,0,1,16,28,8545,110827,0,0,0,0,0,247793,3,0
0,0,0,0,24,28,8546,110827,0,0,0,0,0,229894,3,0
1,0,0,0,15,28,8547,110827,0,0,0,0,0,263178,4,0
0,0,0,0,1,28,8548,110827,0,0,0,0,0,231720,3,0
8,0,0,1,9,28,8549,110827,0,0,0,0,0,194996,3,0
0,0,0,0,22,28,8550,110827,0,0,0,0,0,263883,3,0
1,0,0,0,25,28,8551,110827,0,0,0,0,0,241117,3,0
2,0,0,0,10,28,8552,110827,0,0,0,0,0,219571,3,0
0,0,0,0,6,28,8553,110827,0,0,0,0,0,244210,3,0
0,0,0,0,13,28,8554,110827,0,0,0,0,0,273605,3,0
0,0,0,0,19,28,8555,110827,0,0,0,0,0,260086,3,0
0,0,0,0,21,29,8556,110827,0,0,0,0,0,233591,3,0
0,0,0,0,3,29,8557,110827,0,0,0,0,0,228828,3,0
0,0,0,0,2,29,8558,110827,0,0,0,0,0,241479,3,0
0,0,0,0,34,29,8559,110827,0,0,0,0,0,264179,3,0
0,0,0,0,26,29,8560,110827,0,0,0,0,0,266128,3,0
0,0,0,0,28,29,8561,110827,0,0,0,0,0,272502,3,0
0,0,0,0,29,29,8562,110827,0,0,0,0,0,266145,3,0
0,0,0,0,39,29,8563,110827,0,0,0,0,0,277583,3,0
0,0,0,0,30,29,8564,110827,0,0,0,0,0,277421,3,0
0,0,0,0,38,29,8565,110827,0,0,0,0,0,266085,3,0
0,0,0,0,35,29,8566,110827,0,0,0,0,0,277419,3,0
0,0,0,0,37,29,8567,110827,0,0,0,0,0,266133,3,0
0,0,0,0,27,29,8568,110827,0,0,0,0,0,277425,3,0
0,0,0,0,36,29,8569,110827,0,0,0,0,0,279141,3,0
0,0,0,0,33,29,8570,110827,0,0,0,0,0,278654,3,0
0,0,0,0,25,0,8571,110832,0,0,0,0,0,227186,2,0
0,0,0,0,12,3,8572,110832,0,0,0,0,0,255781,2,0
0,0,0,0,14,4,8573,110832,0,0,0,0,0,196935,2,0
0,0,0,0,28,6,8574,110832,0,0,0,0,0,264103,3,0
0,0,0,0,15,7,8575,110832,0,0,0,0,0,246844,2,0
0,0,0,0,9,12,8576,110832,0,0,0,0,0,185020,2,0
0,0,0,0,23,13,8577,110832,0,0,0,0,0,214944,2,0
0,0,0,0,20,15,8578,110832,0,0,0,0,0,250881,2,0
0,0,0,0,10,16,8579,110832,0,0,0,0,0,213577,3,0
0,0,0,0,11,24,8580,110832,0,0,0,0,0,261204,2,0
1,0,0,1,7,26,8581,110832,0,0,0,0,0,222041,2,0
0,0,0,0,21,28,8582,110832,0,0,0,0,0,236679,1,0
0,0,0,0,24,28,8583,110832,0,0,0,0,0,244393,2,0
0,0,0,0,16,28,8584,110832,0,0,0,0,0,183353,3,0
0,0,0,0,3,28,8585,110832,0,0,0,0,0,230043,3,0
0,0,0,0,1,28,8586,110832,0,0,0,0,0,186680,3,0
0,0,0,0,19,28,8587,110832,0,0,0,0,0,253283,2,0
0,0,0,0,17,28,8588,110832,0,0,0,0,0,258758,3,0
0,0,0,0,5,28,8589,110832,0,0,0,0,0,225161,3,0
0,0,0,0,22,28,8590,110832,0,0,0,0,0,252018,2,0
0,0,0,0,18,28,8591,110832,0,0,0,0,0,233222,2,0
0,0,0,0,8,28,8592,110832,0,0,0,0,0,254653,3,0
0,0,0,0,6,28,8593,110832,0,0,0,0,0,236556,2,0
0,0,0,0,4,29,8594,110832,0,0,0,0,0,243431,3,0
0,0,0,0,2,29,8595,110832,0,0,0,0,0,246386,2,0
0,0,0,0,29,29,8596,110832,0,0,0,0,0,256945,3,0
0,0,0,0,13,29,8597,110832,0,0,0,0,0,200502,3,0
0,0,0,0,34,29,8598,110832,0,0,0,0,0,279605,3,0
0,0,0,0,32,29,8599,110832,0,0,0,0,0,278051,3,0
0,0,0,0,33,29,8600,110832,0,0,0,0,0,70301,3,0
0,0,0,0,31,29,8601,110832,0,0,0,0,0,241013,3,0
0,0,0,0,36,29,8602,110832,0,0,0,0,0,70306,3,0
0,0,0,0,38,29,8603,110832,0,0,0,0,0,70544,3,0
0,0,0,0,27,29,8604,110832,0,0,0,0,0,255860,3,0
0,0,0,0,30,29,8605,110832,0,0,0,0,0,275521,3,0
0,0,0,0,26,29,8606,110832,0,0,0,0,0,260739,3,0
0,0,0,0,37,29,8607,110832,0,0,0,0,0,276089,3,0
0,0,0,0,1,0,8608,110839,0,0,0,0,0,236515,4,0
1,0,0,0,12,3,8609,110839,0,0,0,0,0,237376,4,0
2,0,0,0,14,4,8610,110839,0,0,0,0,0,200519,3,0
3,0,0,1,5,6,8611,110839,0,0,0,0,0,239403,3,0
4,0,0,1,20,7,8612,110839,0,0,0,0,0,270338,3,0
0,0,0,0,7,12,8613,110839,0,0,0,0,0,229654,3,0
2,0,0,0,23,13,8614,110839,0,0,0,0,0,190199,3,0
2,0,0,0,22,15,8615,110839,0,0,0,0,0,264828,3,0
3,0,0,1,8,16,8616,110839,0,0,0,0,0,255268,3,0
3,0,0,1,21,24,8617,110839,0,0,0,0,0,244667,2,0
6,0,0,1,24,26,8618,110839,0,0,0,0,0,252485,3,0
2,0,0,0,9,28,8619,110839,0,0,0,0,0,246787,2,0
1,0,0,0,6,28,8620,110839,0,0,0,0,0,246617,4,0
0,0,0,0,3,28,8621,110839,0,0,0,0,0,246279,3,0
0,0,0,0,2,28,8622,110839,0,0,0,0,0,215314,3,0
0,0,0,0,13,28,8623,110839,0,0,0,0,0,228456,3,0
0,0,0,0,16,28,8624,110839,0,0,0,0,0,259858,3,0
0,0,0,0,17,28,8625,110839,0,0,0,0,0,250883,3,0
1,0,0,0,26,28,8626,110839,0,0,0,0,0,267959,4,0
0,0,0,0,15,28,8627,110839,0,0,0,0,0,262504,3,0
0,0,0,0,11,28,8628,110839,0,0,0,0,0,246276,3,0
2,0,0,0,10,28,8629,110839,0,0,0,0,0,232859,4,0
0,0,0,0,4,28,8630,110839,0,0,0,0,0,258652,3,0
0,0,0,0,18,29,8631,110839,0,0,0,0,0,250887,3,0
0,0,0,0,33,29,8632,110839,0,0,0,0,0,70225,3,0
0,0,0,0,36,29,8633,110839,0,0,0,0,0,268263,3,0
0,0,0,0,34,29,8634,110839,0,0,0,0,0,246465,3,0
0,0,0,0,32,29,8635,110839,0,0,0,0,0,279566,3,0
0,0,0,0,28,29,8636,110839,0,0,0,0,0,277458,3,0
0,0,0,0,30,29,8637,110839,0,0,0,0,0,252112,3,0
0,0,0,0,35,29,8638,110839,0,0,0,0,0,71389,3,0
0,0,0,0,31,29,8639,110839,0,0,0,0,0,72165,3,0
0,0,0,0,31,0,8640,131110,0,0,0,0,0,270529,3,0
0,0,0,0,2,3,8641,131110,0,0,0,0,0,276083,3,0
1,0,0,0,6,4,8642,131110,0,0,0,0,0,211556,3,0
0,0,0,0,5,6,8643,131110,0,0,0,0,0,276866,2,0
0,0,0,0,23,7,8644,131110,0,0,0,0,0,192634,3,0
9,0,0,1,20,12,8645,131110,0,0,0,0,0,263941,3,0
2,0,0,0,17,13,8646,131110,0,0,0,0,0,276086,3,0
0,0,0,0,24,15,8647,131110,0,0,0,0,0,199829,3,0
0,0,0,0,15,16,8648,131110,0,0,0,0,0,242284,3,0
9,0,0,1,9,24,8649,131110,0,0,0,0,0,251922,4,0
10,0,0,1,11,26,8650,131110,0,0,0,0,0,208157,4,0
0,0,0,0,22,28,8651,131110,0,0,0,0,0,246184,3,0
0,0,0,0,12,28,8652,131110,0,0,0,0,0,269423,2,0
2,0,0,0,4,28,8653,131110,0,0,0,0,0,193706,3,0
0,0,0,0,14,28,8654,131110,0,0,0,0,0,231749,3,0
0,0,0,0,1,28,8655,131110,0,0,0,0,0,223571,3,0
3,0,0,1,7,28,8656,131110,0,0,0,0,0,225018,3,0
1,0,0,0,10,28,8657,131110,0,0,0,0,0,276084,3,0
0,0,0,0,3,28,8658,131110,0,0,0,0,0,202646,3,0
1,0,0,0,18,28,8659,131110,0,0,0,0,0,257575,3,0
0,0,0,0,25,28,8660,131110,0,0,0,0,0,226208,3,0
4,0,0,1,8,28,8661,131110,0,0,0,0,0,276085,3,0
0,0,0,0,19,28,8662,131110,0,0,0,0,0,276090,3,0
0,0,0,0,16,29,8663,131110,0,0,0,0,0,276742,3,0
0,0,0,0,21,29,8664,131110,0,0,0,0,0,210616,3,0
0,0,0,0,26,29,8665,131110,0,0,0,0,0,277798,3,0
0,0,0,0,13,29,8666,131110,0,0,0,0,0,177705,4,0
0,0,0,0,29,29,8667,131110,0,0,0,0,0,70736,3,0
0,0,0,0,25,0,8668,319,0,0,0,0,0,275079,2,0
0,0,0,0,15,3,8669,319,0,0,0,0,0,237930,2,0
0,0,0,0,13,4,8670,319,0,0,0,0,0,177448,2,0
0,0,0,0,21,6,8671,319,0,0,0,0,0,259923,3,0
0,0,0,0,6,7,8672,319,0,0,0,0,0,210688,2,0
1,0,0,1,29,23,8673,319,0,0,0,0,0,269385,3,0
1,0,0,1,30,13,8674,319,0,0,0,0,0,70841,3,0
0,0,0,0,8,14,8675,319,0,0,0,0,0,259644,3,0
0,0,0,0,23,15,8676,319,0,0,0,0,0,277807,3,0
3,0,0,1,11,27,8677,319,0,0,0,0,0,256326,2,0
1,0,0,1,9,25,8678,319,0,0,0,0,0,257324,2,0
0,0,0,0,7,28,8679,319,0,0,0,0,0,246777,2,0
1,0,0,1,19,28,8680,319,0,0,0,0,0,243788,3,0
0,0,0,0,2,28,8681,319,0,0,0,0,0,191111,3,0
0,0,0,0,5,28,8682,319,0,0,0,0,0,212165,2,0
0,0,0,0,12,28,8683,319,0,0,0,0,0,265682,3,0
0,0,0,0,36,28,8684,319,0,0,0,0,0,71836,3,0
0,0,0,0,14,28,8685,319,0,0,0,0,0,255479,3,0
0,0,0,0,24,28,8686,319,0,0,0,0,0,271553,3,0
0,0,0,0,16,28,8687,319,0,0,0,0,0,270503,3,0
0,0,0,0,20,28,8688,319,0,0,0,0,0,227638,3,0
0,0,0,0,34,28,8689,319,0,0,0,0,0,179573,3,0
0,0,0,0,28,28,8690,319,0,0,0,0,0,265486,3,0
0,0,0,0,10,29,8691,319,0,0,0,0,0,268124,3,0
0,0,0,0,1,29,8692,319,0,0,0,0,0,233763,3,0
0,0,0,0,17,29,8693,319,0,0,0,0,0,144429,3,0
0,0,0,0,4,29,8694,319,0,0,0,0,0,189300,2,0
0,0,0,0,27,0,8695,320,0,0,0,0,0,164484,3,0
0,0,0,0,17,3,8696,320,0,0,0,0,0,193133,4,0
0,0,0,0,18,4,8697,320,0,0,0,0,0,194201,4,0
1,0,0,1,19,6,8698,320,0,0,0,0,0,243009,4,0
0,0,0,0,25,7,8699,320,0,0,0,0,0,273694,3,0
1,0,0,1,23,9,8700,320,0,0,0,0,0,248166,4,0
0,0,0,0,8,11,8701,320,0,0,0,0,0,236259,4,0
0,0,0,0,22,12,8702,320,0,0,0,0,0,260972,3,0
4,1,0,1,11,16,8703,320,0,0,0,0,0,256782,5,0
5,1,0,1,20,24,8704,320,0,0,0,0,0,239125,4,0
6,1,0,1,9,26,8705,320,0,0,0,1,0,205985,3,0
0,0,0,0,10,28,8706,320,0,0,0,0,0,199792,3,0
1,0,0,1,14,28,8707,320,0,0,0,0,0,250855,3,0
0,0,0,0,4,28,8708,320,0,0,0,0,0,172862,3,0
0,0,0,0,13,28,8709,320,0,0,0,0,0,184472,3,0
0,0,0,0,1,28,8710,320,0,0,0,0,0,242159,3,0
0,0,0,0,16,28,8711,320,0,0,0,0,0,228325,3,0
1,0,0,1,21,28,8712,320,0,0,0,0,0,220649,3,0
0,0,0,0,7,28,8713,320,0,0,0,0,0,265696,2,0
2,0,0,1,5,28,8714,320,0,0,0,0,0,179633,4,0
0,0,0,0,3,28,8715,320,0,0,0,0,0,199131,3,0
0,0,0,0,33,28,8716,320,0,0,0,0,0,275061,3,0
0,0,0,0,38,28,8717,320,0,0,0,0,0,272931,3,0
0,0,0,0,37,29,8718,320,0,0,0,0,0,277751,3,0
0,0,0,0,32,29,8719,320,0,0,0,0,0,275062,3,0
0,0,0,0,35,29,8720,320,0,0,0,0,0,71553,3,0
0,0,0,0,26,29,8721,320,0,0,0,0,0,259972,3,0
0,0,0,0,41,29,8722,320,0,0,0,0,0,71996,3,0
0,0,0,0,6,29,8723,320,0,0,0,0,0,205210,3,0
0,0,0,0,1,0,8724,321,0,0,0,0,0,242200,2,0
1,0,0,1,17,3,8725,321,0,0,0,0,0,211820,2,0
0,0,0,0,4,4,8726,321,0,0,0,0,0,23823,3,0
1,0,0,1,5,6,8727,321,0,0,0,0,0,192070,2,0
1,0,0,1,21,7,8728,321,0,0,0,0,0,187916,2,0
0,0,0,0,11,12,8729,321,0,0,0,0,0,272959,3,0
0,0,0,0,6,13,8730,321,0,0,0,0,0,204348,2,0
0,0,0,0,24,15,8731,321,0,0,0,0,0,261298,3,0
0,0,0,0,14,16,8732,321,0,0,0,0,0,259922,3,0
2,0,0,1,9,24,8733,321,0,0,0,0,0,273591,3,0
1,0,0,1,19,26,8734,321,0,0,0,0,0,241415,3,0
1,0,0,1,8,28,8735,321,0,0,0,0,0,239278,2,0
0,0,0,0,2,28,8736,321,0,0,0,0,0,259996,3,0
0,0,0,0,27,28,8737,321,0,0,0,0,0,273952,2,0
0,0,0,0,3,28,8738,321,0,0,0,0,0,259990,3,0
0,0,0,0,12,28,8739,321,0,0,0,0,0,227050,3,0
3,0,0,1,18,28,8740,321,0,0,0,0,0,272962,3,0
0,0,0,0,10,28,8741,321,0,0,0,0,0,273613,3,0
0,0,0,0,15,28,8742,321,0,0,0,0,0,273593,3,0
0,0,0,0,13,28,8743,321,0,0,0,0,0,70999,3,0
0,0,0,0,7,28,8744,321,0,0,0,0,0,70840,3,0
0,0,0,0,22,28,8745,321,0,0,0,0,0,71721,3,0
0,0,0,0,35,28,8746,321,0,0,0,0,0,278586,3,0
0,0,0,0,26,29,8747,321,0,0,0,0,0,71729,2,0
0,0,0,0,15,0,8748,433,0,0,0,0,0,192129,2,0
1,0,0,1,17,3,8749,433,0,0,0,0,0,225273,3,0
0,0,0,0,5,4,8750,433,0,0,0,0,0,202605,3,0
1,0,0,1,16,6,8751,433,0,0,0,0,0,241139,3,0
0,0,0,0,12,7,8752,433,0,0,0,0,0,242658,2,0
2,0,0,1,32,12,8753,433,0,0,0,0,0,274270,2,0
2,0,0,1,10,13,8754,433,0,0,0,0,0,220198,3,0
0,0,0,0,7,15,8755,433,0,0,0,0,0,219951,3,0
0,0,0,0,45,16,8756,433,0,0,0,0,0,272514,3,0
0,0,0,0,9,18,8757,433,0,0,0,0,0,270718,3,0
4,1,0,1,28,25,8758,433,0,0,0,0,0,277262,2,0
0,0,0,0,6,28,8759,433,0,0,0,0,0,240677,3,0
0,0,0,0,4,28,8760,433,0,0,0,0,0,226583,3,0
1,0,0,1,2,28,8761,433,0,0,0,0,0,262224,3,0
0,0,0,0,29,28,8762,433,0,0,0,0,0,268410,3,0
0,0,0,0,30,28,8763,433,0,0,0,0,0,259918,3,0
0,0,0,0,11,28,8764,433,0,0,0,0,0,199602,3,0
0,0,0,0,34,28,8765,433,0,0,0,0,0,258717,3,0
2,0,0,1,8,28,8766,433,0,0,0,0,0,246946,2,0
1,0,0,1,19,28,8767,433,0,0,0,0,0,276189,3,0
1,0,0,1,18,28,8768,433,0,0,0,0,0,273858,3,0
0,0,0,0,23,28,8769,433,0,0,0,0,0,241648,3,0
0,0,0,0,43,28,8770,433,0,0,0,0,0,272656,4,0
0,0,0,0,14,29,8771,433,0,0,0,0,0,71747,3,0
0,0,0,0,24,29,8772,433,0,0,0,0,0,275067,3,0
0,0,0,0,37,29,8773,433,0,0,0,0,0,268345,3,0
0,0,0,0,31,29,8774,433,0,0,0,0,0,71306,3,0
0,0,0,0,47,29,8775,433,0,0,0,0,0,272655,3,0
0,0,0,0,30,0,8776,700,0,0,0,0,0,248696,3,0
0,0,0,0,13,3,8777,700,0,0,0,0,0,198455,3,0
0,0,0,0,4,4,8778,700,0,0,0,0,0,245722,3,0
0,0,0,0,8,6,8779,700,0,0,0,0,0,209063,3,0
0,0,0,0,23,7,8780,700,0,0,0,0,0,192102,3,0
4,1,0,1,15,23,8781,700,0,0,0,0,0,209061,2,0
2,0,0,1,10,13,8782,700,0,0,0,0,0,239579,3,0
0,0,0,0,7,15,8783,700,0,0,0,0,0,223186,3,0
0,0,0,0,27,27,8784,700,0,0,0,0,0,270919,3,0
0,0,0,0,18,18,8785,700,0,0,0,0,0,261031,2,0
1,0,0,1,17,25,8786,700,0,0,0,0,0,209062,3,0
0,0,0,0,14,28,8787,700,0,0,0,0,0,276567,3,0
1,0,0,1,28,28,8788,700,0,0,0,0,0,261100,3,0
0,0,0,0,21,28,8789,700,0,0,0,0,0,256380,3,0
0,0,0,0,29,28,8790,700,0,0,0,0,0,272304,3,0
0,0,0,0,31,28,8791,700,0,0,0,0,0,236823,3,0
0,0,0,0,6,28,8792,700,0,0,0,0,0,256036,3,0
0,0,0,0,2,28,8793,700,0,0,0,0,0,70160,3,0
0,0,0,0,22,28,8794,700,0,0,0,0,0,270533,3,0
0,0,0,0,24,28,8795,700,0,0,0,0,0,276890,3,0
0,0,0,0,11,28,8796,700,0,0,0,0,0,70843,3,0
0,0,0,0,19,28,8797,700,0,0,0,0,0,235516,2,0
0,0,0,0,16,28,8798,700,0,0,0,0,0,271645,2,0
0,0,0,0,20,29,8799,700,0,0,0,0,0,275621,3,0
0,0,0,0,26,29,8800,700,0,0,0,0,0,71308,3,0
0,0,0,0,25,29,8801,700,0,0,0,0,0,71307,3,0
2,0,0,1,9,29,8802,700,0,0,0,0,0,221919,3,0
0,0,0,0,1,29,8803,700,0,0,0,0,0,274957,3,0
0,0,0,0,1,0,8804,702,0,0,0,0,0,190669,4,0
0,0,0,0,20,3,8805,702,0,0,0,0,0,266606,3,0
0,0,0,0,19,4,8806,702,0,0,0,0,0,231510,3,0
0,0,0,0,24,6,8807,702,0,0,0,0,0,266015,2,0
0,0,0,0,3,7,8808,702,0,0,0,0,0,273950,2,0
3,0,0,1,22,23,8809,702,0,0,0,0,0,245122,4,0
0,0,0,0,21,13,8810,702,0,0,0,0,0,266050,3,0
4,1,0,1,9,15,8811,702,0,0,0,0,0,211177,3,0
1,0,0,1,8,27,8812,702,0,0,0,0,0,277698,3,0
0,0,0,0,10,18,8813,702,0,0,0,0,0,239170,3,0
3,0,0,1,5,25,8814,702,0,0,0,0,0,202905,2,0
0,0,0,0,7,28,8815,702,0,0,0,0,0,225237,3,0
0,0,0,0,4,28,8816,702,0,0,0,0,0,272913,3,0
0,0,0,0,25,28,8817,702,0,0,0,0,0,254514,3,0
0,0,0,0,14,28,8818,702,0,0,0,0,0,258477,2,0
0,0,0,0,40,28,8819,702,0,0,0,0,0,275161,3,0
0,0,0,0,15,28,8820,702,0,0,0,0,0,246399,3,0
0,0,0,0,26,28,8821,702,0,0,0,0,0,256375,3,0
0,0,0,0,17,28,8822,702,0,0,0,0,0,241577,3,0
0,0,0,0,6,28,8823,702,0,0,0,0,0,213670,2,0
1,0,0,1,11,28,8824,702,0,0,0,0,0,251024,3,0
0,0,0,0,35,28,8825,702,0,0,0,0,0,273949,3,0
0,0,0,0,16,28,8826,702,0,0,0,0,0,259258,3,0
0,0,0,0,37,29,8827,702,0,0,0,0,0,279056,3,0
0,0,0,0,38,29,8828,702,0,0,0,0,0,278592,3,0
0,0,0,0,31,29,8829,702,0,0,0,0,0,278593,3,0
0,0,0,0,23,29,8830,702,0,0,0,0,0,234358,2,0
0,0,0,0,99,29,8831,702,0,0,0,0,0,189233,3,0
0,0,0,0,1,0,8832,708,0,0,0,0,0,255976,3,0
0,0,0,0,2,3,8833,708,0,0,0,0,0,71727,3,0
1,0,0,1,4,4,8834,708,0,0,0,0,0,259989,2,0
0,0,0,0,13,6,8835,708,0,0,0,0,0,192363,3,0
1,0,0,1,30,7,8836,708,0,0,0,0,0,241538,3,0
0,0,0,0,18,23,8837,708,0,0,0,0,0,264749,3,0
3,0,0,1,20,13,8838,708,0,0,0,0,0,197240,4,0
1,0,0,1,5,14,8839,708,0,0,0,0,0,227835,3,0
0,0,0,0,11,15,8840,708,0,0,0,0,0,223379,2,0
1,0,0,1,7,27,8841,708,0,0,0,0,0,273859,3,0
2,0,0,1,9,25,8842,708,0,0,0,0,0,268597,3,0
0,0,0,0,8,28,8843,708,0,0,0,0,0,244224,3,0
0,0,0,0,21,28,8844,708,0,0,0,0,0,243125,3,0
0,0,0,0,6,28,8845,708,0,0,0,0,0,236662,3,0
1,0,0,1,15,28,8846,708,0,0,0,0,0,269630,4,0
0,0,0,0,25,28,8847,708,0,0,0,0,0,202079,3,0
1,0,0,1,23,28,8848,708,0,0,0,0,0,260991,3,0
0,0,0,0,3,28,8849,708,0,0,0,0,0,255469,3,0
0,0,0,0,16,28,8850,708,0,0,0,0,0,276566,3,0
0,0,0,0,27,28,8851,708,0,0,0,0,0,266265,3,0
1,0,0,1,19,28,8852,708,0,0,0,0,0,278587,4,0
0,0,0,0,24,28,8853,708,0,0,0,0,0,70577,3,0
0,0,0,0,28,28,8854,708,0,0,0,0,0,71418,3,0
0,0,0,0,22,29,8855,708,0,0,0,0,0,275290,3,0
0,0,0,0,26,29,8856,708,0,0,0,0,0,243284,3,0
0,0,0,0,14,29,8857,708,0,0,0,0,0,246920,3,0
0,0,0,0,35,0,8858,710,0,0,0,0,0,247022,3,0
0,0,0,0,2,3,8859,710,0,0,0,0,0,223907,4,0
2,0,0,1,3,4,8860,710,0,0,0,0,0,208440,3,0
1,0,0,0,5,6,8861,710,0,0,0,0,0,254994,4,0
0,0,0,0,26,7,8862,710,0,0,0,0,0,277252,4,0
0,0,0,0,6,10,8863,710,0,0,0,0,0,213763,3,0
1,0,0,0,15,23,8864,710,0,0,0,0,0,260228,3,0
1,0,0,0,21,13,8865,710,0,0,0,0,0,272926,3,0
2,0,0,1,10,15,8866,710,0,0,0,0,0,227882,4,0
2,0,0,1,16,27,8867,710,0,0,0,0,0,247025,4,0
2,0,0,1,11,25,8868,710,0,0,0,0,0,227579,3,0
0,0,0,0,9,28,8869,710,0,0,0,0,0,199121,3,0
0,0,0,0,8,28,8870,710,0,0,0,0,0,181318,3,0
1,0,0,0,14,28,8871,710,0,0,0,0,0,227855,5,0
0,0,0,0,4,28,8872,710,0,0,0,0,0,213497,4,0
0,0,0,0,30,28,8873,710,0,0,0,0,0,207589,3,0
0,0,0,0,7,28,8874,710,0,0,0,0,0,208437,3,0
0,0,0,0,12,28,8875,710,0,0,0,0,0,272927,3,0
2,0,0,1,20,28,8876,710,0,0,0,0,0,204850,3,0
0,0,0,0,22,28,8877,710,0,0,0,0,0,276614,3,0
0,0,0,0,17,28,8878,710,0,0,0,0,0,251594,3,0
0,0,0,0,27,28,8879,710,0,0,0,0,0,71672,3,0
0,0,0,0,23,28,8880,710,0,0,0,0,0,201967,3,0
0,0,0,0,1,0,8881,711,0,0,0,0,0,207926,4,0
3,0,0,1,11,3,8882,711,0,0,0,0,0,70838,2,0
0,0,0,0,4,4,8883,711,0,0,0,0,0,242160,3,0
1,0,0,0,5,6,8884,711,0,0,0,0,0,186101,3,0
0,0,0,0,21,7,8885,711,0,0,0,0,0,220600,4,0
2,0,0,1,14,10,8886,711,0,0,0,0,0,213613,4,0
2,0,0,1,24,23,8887,711,0,0,0,0,0,242166,3,0
1,0,0,0,18,13,8888,711,0,0,0,0,0,234488,4,0
0,0,0,0,27,15,8889,711,0,0,0,0,0,265738,3,0
3,0,0,1,29,27,8890,711,0,0,0,0,0,261035,3,0
4,1,0,1,19,25,8891,711,0,0,0,0,0,277470,5,0
1,0,0,0,17,28,8892,711,0,0,0,0,0,242612,3,0
0,0,0,0,16,28,8893,711,0,0,0,0,0,274406,3,0
0,0,0,0,7,28,8894,711,0,0,0,0,0,219957,3,0
0,0,0,0,6,28,8895,711,0,0,0,0,0,259920,3,0
0,0,0,0,26,28,8896,711,0,0,0,0,0,192201,3,0
0,0,0,0,10,28,8897,711,0,0,0,0,0,246467,3,0
0,0,0,0,8,28,8898,711,0,0,0,0,0,256819,3,0
0,0,0,0,3,28,8899,711,0,0,0,0,0,200718,3,0
0,0,0,0,12,28,8900,711,0,0,0,0,0,260383,2,0
0,0,0,0,13,28,8901,711,0,0,0,0,0,208111,3,0
0,0,0,0,22,28,8902,711,0,0,0,0,0,70998,3,0
0,0,0,0,20,28,8903,711,0,0,0,0,0,209369,3,0
0,0,0,0,34,29,8904,711,0,0,0,0,0,277285,3,0
0,0,0,0,23,29,8905,711,0,0,0,0,0,71343,3,0
0,0,0,0,35,29,8906,711,0,0,0,0,0,275283,3,0
0,0,0,0,39,29,8907,711,0,0,0,0,0,278582,3,0
0,0,0,0,1,0,8908,1439,0,0,0,0,0,243387,3,0
0,0,0,0,26,3,8909,1439,0,0,0,0,0,275004,3,0
1,0,0,1,39,4,8910,1439,0,0,0,0,0,196972,3,0
0,0,0,0,6,6,8911,1439,0,0,0,0,0,202660,2,0
0,0,0,0,3,7,8912,1439,0,0,0,0,0,224297,3,0
3,0,0,1,10,23,8913,1439,0,0,0,0,0,221662,3,0
1,0,0,1,5,13,8914,1439,0,0,0,0,0,210742,2,0
0,0,0,0,23,14,8915,1439,0,0,0,0,0,231514,3,0
0,0,0,0,29,15,8916,1439,0,0,0,0,0,193358,3,0
2,0,0,1,7,27,8917,1439,0,0,0,0,0,265752,3,0
2,0,0,1,9,25,8918,1439,0,0,0,0,0,215817,4,0
1,0,0,1,11,28,8919,1439,0,0,0,0,0,213338,3,0
4,1,0,1,20,28,8920,1439,0,0,0,0,0,259131,3,0
0,0,0,0,25,28,8921,1439,0,0,0,0,0,269789,3,0
0,0,0,0,30,28,8922,1439,0,0,0,0,0,266177,2,0
0,0,0,0,32,28,8923,1439,0,0,0,0,0,268424,3,0
0,0,0,0,21,28,8924,1439,0,0,0,0,0,265997,3,0
0,0,0,0,27,28,8925,1439,0,0,0,0,0,275314,3,0
0,0,0,0,24,28,8926,1439,0,0,0,0,0,278604,3,0
0,0,0,0,22,28,8927,1439,0,0,0,0,0,278603,3,0
0,0,0,0,13,28,8928,1439,0,0,0,0,0,257158,3,0
0,0,0,0,17,28,8929,1439,0,0,0,0,0,251581,3,0
0,0,0,0,1,0,8930,111594,0,0,0,0,0,260194,4,0
0,0,0,0,6,3,8931,111594,0,0,0,0,0,70108,4,0
0,0,0,0,4,4,8932,111594,0,0,0,0,0,258517,4,0
0,0,0,0,12,6,8933,111594,0,0,0,0,0,70104,4,0
0,0,0,0,5,7,8934,111594,0,0,0,0,0,70107,4,0
0,0,0,0,9,23,8935,111594,0,0,0,0,0,70129,3,0
1,0,0,1,8,13,8936,111594,0,0,0,0,0,70111,3,0
0,0,0,0,32,14,8937,111594,0,0,0,0,0,274538,3,0
1,0,0,1,21,15,8938,111594,0,0,0,0,0,70114,3,0
0,0,0,0,10,27,8939,111594,0,0,0,0,0,187898,3,0
4,1,0,1,18,25,8940,111594,0,0,0,0,0,246151,3,0
0,0,0,0,27,28,8941,111594,0,0,0,0,0,70312,3,0
0,0,0,0,7,28,8942,111594,0,0,0,0,0,70109,3,0
0,0,0,0,2,28,8943,111594,0,0,0,0,0,225336,3,0
0,0,0,0,22,28,8944,111594,0,0,0,0,0,70103,3,0
0,0,0,0,33,28,8945,111594,0,0,0,0,0,70101,3,0
0,0,0,0,19,28,8946,111594,0,0,0,0,0,264143,3,0
0,0,0,0,11,28,8947,111594,0,0,0,0,0,266175,3,0
2,0,0,1,25,28,8948,111594,0,0,0,0,0,200253,4,0
0,0,0,0,30,28,8949,111594,0,0,0,0,0,70102,3,0
0,0,0,0,13,28,8950,111594,0,0,0,0,0,275011,3,0
0,0,0,0,99,28,8951,111594,0,0,0,0,0,70132,3,0
2,0,0,1,16,28,8952,111594,0,0,0,0,0,260880,2,0
0,0,0,0,20,29,8953,111594,0,0,0,0,0,70130,3,0
0,0,0,0,24,29,8954,111594,0,0,0,0,0,70105,3,0
1,0,0,1,17,29,8955,111594,0,0,0,0,0,70331,3,0
0,0,0,0,26,29,8956,111594,0,0,0,0,0,235668,2,0
0,0,0,0,14,29,8957,111594,0,0,0,0,0,70113,3,0
0,0,0,0,20,0,8958,111705,0,0,0,0,0,272915,3,0
0,0,0,0,17,3,8959,111705,0,0,0,0,0,274134,5,0
0,0,0,0,3,4,8960,111705,0,0,0,0,0,247092,2,0
0,0,0,0,4,6,8961,111705,0,0,0,0,0,225026,3,0
0,0,0,0,2,7,8962,111705,0,0,0,0,0,248342,3,0
1,0,0,1,11,9,8963,111705,0,0,0,0,0,267412,2,0
1,0,0,1,27,11,8964,111705,0,0,0,0,0,271496,3,0
1,0,0,1,21,12,8965,111705,0,0,0,0,0,255700,4,0
1,0,0,1,7,16,8966,111705,0,0,0,0,0,262645,2,0
3,0,0,1,13,18,8967,111705,0,0,0,0,0,237140,3,0
3,0,0,1,9,25,8968,111705,0,0,0,0,0,272916,3,0
1,0,0,1,16,28,8969,111705,0,0,0,0,0,243795,3,0
0,0,0,0,15,28,8970,111705,0,0,0,0,0,271561,3,0
0,0,0,0,19,28,8971,111705,0,0,0,0,0,208115,3,0
0,0,0,0,26,28,8972,111705,0,0,0,0,0,198178,4,0
0,0,0,0,35,28,8973,111705,0,0,0,0,0,261375,3,0
0,0,0,0,14,28,8974,111705,0,0,0,0,0,259997,3,0
1,0,0,1,10,28,8975,111705,0,0,0,0,0,272928,3,0
1,0,0,1,12,28,8976,111705,0,0,0,0,0,237152,3,0
0,0,0,0,1,28,8977,111705,0,0,0,0,0,211053,3,0
0,0,0,0,23,28,8978,111705,0,0,0,0,0,212693,3,0
0,0,0,0,28,28,8979,111705,0,0,0,0,0,71153,3,0
0,0,0,0,18,28,8980,111705,0,0,0,0,0,71158,3,0
0,0,0,0,32,29,8981,111705,0,0,0,0,0,72085,3,0
0,0,0,0,24,29,8982,111705,0,0,0,0,0,239084,3,0
0,0,0,0,8,29,8983,111705,0,0,0,0,0,274720,3,0
0,0,0,0,22,29,8984,111705,0,0,0,0,0,70143,3,0
0,0,0,0,6,29,8985,111705,0,0,0,0,0,198540,3,0
0,0,0,0,1,0,8986,112072,0,0,0,0,0,255900,3,0
1,0,0,1,14,3,8987,112072,0,0,0,0,0,261028,4,0
1,0,0,1,4,4,8988,112072,0,0,0,0,0,246654,3,0
0,0,0,0,5,5,8989,112072,0,0,0,0,0,243833,2,0
0,0,0,0,24,6,8990,112072,0,0,0,0,0,208432,3,0
1,0,0,1,11,7,8991,112072,0,0,0,0,0,242055,4,0
0,0,0,0,22,10,8992,112072,0,0,0,0,0,219865,3,0
0,0,0,0,3,13,8993,112072,0,0,0,0,0,238703,3,0
1,0,0,1,7,15,8994,112072,0,0,0,0,0,254469,3,0
0,0,0,0,19,24,8995,112072,0,0,0,0,0,70902,3,0
2,0,0,1,18,26,8996,112072,0,0,0,0,0,253013,3,0
0,0,0,0,16,28,8997,112072,0,0,0,0,0,255483,2,0
2,0,0,1,10,28,8998,112072,0,0,0,0,0,238132,2,0
1,0,0,1,6,28,8999,112072,0,0,0,0,0,259290,3,0
1,0,0,1,17,28,9000,112072,0,0,0,0,0,272712,5,0
0,0,0,0,35,28,9001,112072,0,0,0,0,0,203172,3,0
0,0,0,0,20,28,9002,112072,0,0,0,0,0,272711,3,0
0,0,0,0,30,28,9003,112072,0,0,0,0,0,268938,3,0
2,0,0,1,13,28,9004,112072,0,0,0,0,0,239813,2,0
0,0,0,0,21,28,9005,112072,0,0,0,0,0,254518,3,0
1,0,0,1,31,28,9006,112072,0,0,0,0,0,267473,3,0
0,0,0,0,15,28,9007,112072,0,0,0,0,0,278588,3,0
0,0,0,0,23,28,9008,112072,0,0,0,0,0,275605,3,0
0,0,0,0,1,0,9009,112126,0,0,0,0,0,222471,3,0
0,0,0,0,5,3,9010,112126,0,0,0,0,0,266173,3,0
0,0,0,0,24,4,9011,112126,0,0,0,0,0,272941,3,0
0,0,0,0,4,6,9012,112126,0,0,0,0,0,277970,2,0
2,0,0,1,3,7,9013,112126,0,0,0,0,0,272891,4,0
0,0,0,0,19,12,9014,112126,0,0,0,0,0,225544,3,0
1,0,0,1,6,13,9015,112126,0,0,0,0,0,267743,3,0
1,0,0,1,11,15,9016,112126,0,0,0,0,0,265999,4,0
3,0,0,1,10,16,9017,112126,0,0,0,0,0,270535,2,0
0,0,0,0,22,18,9018,112126,0,0,0,0,0,201965,3,0
0,0,0,0,14,25,9019,112126,0,0,0,0,0,215487,3,0
0,0,0,0,28,28,9020,112126,0,0,0,0,0,270538,4,0
0,0,0,0,20,28,9021,112126,0,0,0,0,0,266174,2,0
0,0,0,0,16,28,9022,112126,0,0,0,0,0,235294,3,0
0,0,0,0,2,28,9023,112126,0,0,0,0,0,71046,3,0
0,0,0,0,39,28,9024,112126,0,0,0,0,0,270575,3,0
1,0,0,1,9,28,9025,112126,0,0,0,0,0,277054,3,0
0,0,0,0,8,28,9026,112126,0,0,0,0,0,265996,3,0
0,0,0,0,7,28,9027,112126,0,0,0,0,0,231190,3,0
0,0,0,0,32,28,9028,112126,0,0,0,0,0,275080,3,0
0,0,0,0,27,28,9029,112126,0,0,0,0,0,269621,3,0
0,0,0,0,23,28,9030,112126,0,0,0,0,0,272930,3,0
0,0,0,0,18,28,9031,112126,0,0,0,0,0,71420,2,0
0,0,0,0,31,29,9032,112126,0,0,0,0,0,71421,3,0
0,0,0,0,26,29,9033,112126,0,0,0,0,0,71733,3,0
0,0,0,0,35,0,9034,112180,0,0,0,0,0,220985,3,0
1,0,0,1,11,3,9035,112180,0,0,0,0,0,256369,4,0
0,0,0,0,18,4,9036,112180,0,0,0,0,0,70082,3,0
0,0,0,0,2,5,9037,112180,0,0,0,0,0,70085,3,0
0,0,0,0,3,6,9038,112180,0,0,0,0,0,70084,2,0
0,0,0,0,44,7,9039,112180,0,0,0,0,0,70087,2,0
0,0,0,0,6,23,9040,112180,0,0,0,0,0,70095,3,0
0,0,0,0,22,13,9041,112180,0,0,0,0,0,70096,3,0
0,0,0,0,21,15,9042,112180,0,0,0,0,0,225278,3,0
1,0,0,1,20,27,9043,112180,0,0,0,0,0,245387,3,0
1,0,0,1,17,25,9044,112180,0,0,0,0,0,259747,2,0
0,0,0,0,9,28,9045,112180,0,0,0,0,0,279675,2,0
0,0,0,0,24,28,9046,112180,0,0,0,0,0,70569,3,0
0,0,0,0,32,28,9047,112180,0,0,0,0,0,70094,3,0
0,0,0,0,4,28,9048,112180,0,0,0,0,0,70083,3,0
0,0,0,0,1,28,9049,112180,0,0,0,0,0,235240,3,0
0,0,0,0,8,28,9050,112180,0,0,0,0,0,240528,3,0
0,0,0,0,7,28,9051,112180,0,0,0,0,0,221685,3,0
0,0,0,0,28,28,9052,112180,0,0,0,0,0,273851,3,0
0,0,0,0,34,28,9053,112180,0,0,0,0,0,70080,3,0
0,0,0,0,15,28,9054,112180,0,0,0,0,0,258314,3,0
0,0,0,0,29,28,9055,112180,0,0,0,0,0,70330,3,0
0,0,0,0,31,28,9056,112180,0,0,0,0,0,245329,3,0
0,0,0,0,23,29,9057,112180,0,0,0,0,0,274268,3,0
0,0,0,0,19,29,9058,112180,0,0,0,0,0,71993,2,0
0,0,0,0,16,29,9059,112180,0,0,0,0,0,71429,3,0
0,0,0,0,30,0,9060,113458,0,0,0,0,0,255494,3,0
0,0,0,0,13,3,9061,113458,0,0,0,0,0,253369,3,0
0,0,0,0,4,4,9062,113458,0,0,0,0,0,227837,4,0
0,0,0,0,5,6,9063,113458,0,0,0,0,0,254282,3,0
0,0,0,0,21,7,9064,113458,0,0,0,0,0,231500,3,0
0,0,0,0,7,23,9065,113458,0,0,0,0,0,253980,3,0
0,0,0,0,8,13,9066,113458,0,0,0,0,0,266029,3,0
0,0,0,0,6,15,9067,113458,0,0,0,0,0,269822,3,0
0,0,0,0,10,27,9068,113458,0,0,0,0,0,274133,4,0
3,0,0,1,19,18,9069,113458,0,0,0,0,0,260193,4,0
5,1,0,1,9,25,9070,113458,0,0,0,0,0,263775,4,0
0,0,0,0,22,28,9071,113458,0,0,0,0,0,247892,3,0
0,0,0,0,16,28,9072,113458,0,0,0,0,0,263186,3,0
0,0,0,0,27,28,9073,113458,0,0,0,0,0,264518,3,0
0,0,0,0,31,28,9074,113458,0,0,0,0,0,275153,3,0
0,0,0,0,1,28,9075,113458,0,0,0,0,0,202910,3,0
0,0,0,0,17,28,9076,113458,0,0,0,0,0,275741,3,0
0,0,0,0,36,28,9077,113458,0,0,0,0,0,276375,3,0
0,0,0,0,18,28,9078,113458,0,0,0,0,0,264517,3,0
0,0,0,0,11,28,9079,113458,0,0,0,0,0,266266,3,0
0,0,0,0,15,28,9080,113458,0,0,0,0,0,267642,3,0
0,0,0,0,34,28,9081,113458,0,0,0,0,0,71223,3,0
0,0,0,0,14,28,9082,113458,0,0,0,0,0,263364,3,0
0,0,0,0,26,29,9083,113458,0,0,0,0,0,71724,3,0
0,0,0,0,20,29,9084,113458,0,0,0,0,0,71726,3,0
0,0,0,0,2,29,9085,113458,0,0,0,0,0,260190,3,0
0,0,0,0,1,0,9086,4,0,0,0,0,0,234803,3,0
3,0,0,0,12,3,9087,4,0,0,0,0,0,229073,3,0
1,0,0,0,2,4,9088,4,0,0,0,0,0,224447,3,0
0,0,0,0,5,5,9089,4,0,0,0,0,0,212090,3,0
4,0,0,0,18,6,9090,4,0,0,0,0,0,239540,3,0
3,0,0,0,27,7,9091,4,0,0,0,0,0,231951,3,0
2,0,0,0,8,10,9092,4,0,0,0,0,0,212366,3,0
8,0,0,1,19,13,9093,4,0,0,0,0,1,243849,3,0
6,0,0,1,4,15,9094,4,0,0,0,0,0,255913,3,0
14,0,0,1,10,24,9095,4,1,0,0,0,1,220039,3,0
11,0,0,1,28,26,9096,4,0,0,0,0,1,225509,3,0
3,0,0,0,22,28,9097,4,1,0,0,0,1,221705,3,0
3,0,0,0,16,28,9098,4,0,0,0,0,0,235807,3,0
2,0,0,0,17,28,9099,4,0,0,0,0,0,254327,3,0
3,0,0,0,3,28,9100,4,0,0,0,0,0,248718,3,0
0,0,0,0,13,28,9101,4,0,0,0,0,0,219795,3,0
10,0,0,1,14,28,9102,4,0,0,0,0,0,225867,3,0
3,0,0,0,35,28,9103,4,1,0,0,0,3,165191,3,0
0,0,0,0,15,28,9104,4,0,0,0,0,0,254522,3,0
2,0,0,0,7,28,9105,4,0,0,0,0,0,244559,3,0
0,0,0,0,20,28,9106,4,0,0,0,0,0,252897,3,0
0,0,0,0,21,28,9107,4,0,0,0,0,0,263685,3,0
4,0,0,0,9,28,9108,4,0,0,0,0,0,212992,3,0
1,0,0,0,11,29,9109,4,0,0,0,0,0,236321,3,0
0,0,0,0,40,29,9110,4,0,0,0,0,0,252895,3,0
2,0,0,0,26,29,9111,4,0,0,0,0,0,263906,3,0
0,0,0,0,6,29,9112,4,0,0,0,0,0,240912,3,0
0,0,0,0,53,29,9113,4,0,0,0,0,0,278712,3,0
0,0,0,0,21,0,9114,88,0,0,0,0,0,163600,3,0
0,0,0,0,12,3,9115,88,0,0,0,0,0,254529,3,0
0,0,0,0,5,4,9116,88,0,0,0,0,0,243612,3,0
0,0,0,0,6,6,9117,88,0,0,0,0,0,224763,3,0
0,0,0,0,3,7,9118,88,0,0,0,0,0,247385,3,0
0,0,0,0,34,9,9119,88,0,0,0,0,0,244271,4,0
0,0,0,0,13,11,9120,88,1,0,0,0,1,237424,4,0
0,0,0,0,11,12,9121,88,0,0,0,0,1,233151,4,0
0,0,0,0,14,16,9122,88,0,0,0,0,0,227686,3,0
0,0,0,0,8,18,9123,88,0,0,0,0,0,228815,3,0
0,0,0,0,28,25,9124,88,0,0,0,0,0,255206,3,0
0,0,0,0,7,28,9125,88,0,0,0,0,0,226677,3,0
0,0,0,0,16,28,9126,88,0,0,0,0,0,233276,3,0
0,0,0,0,2,28,9127,88,0,0,0,0,0,246159,4,0
0,0,0,0,4,28,9128,88,0,0,0,0,0,228829,3,0
0,0,0,0,1,28,9129,88,0,0,0,0,0,193186,3,0
0,0,0,0,10,28,9130,88,0,0,0,0,0,176841,3,0
0,0,0,0,44,28,9131,88,0,0,0,0,0,243442,3,0
0,0,0,0,20,28,9132,88,0,0,0,0,0,192320,3,0
0,0,0,0,17,28,9133,88,0,0,0,0,0,239350,3,0
0,0,0,0,19,28,9134,88,0,0,0,0,0,265514,4,0
0,0,0,0,23,28,9135,88,0,0,0,0,0,256216,3,0
0,0,0,0,45,28,9136,88,0,0,0,0,0,225632,3,0
0,0,0,0,29,29,9137,88,0,0,0,0,0,205351,3,0
0,0,0,0,24,29,9138,88,0,0,0,0,0,264117,3,0
0,0,0,0,9,29,9139,88,0,0,0,0,0,215374,3,0
0,0,0,0,43,29,9140,88,0,0,0,0,0,278316,3,0
0,0,0,0,33,29,9141,88,0,0,0,0,0,276440,3,0
0,0,0,0,35,29,9142,88,0,0,0,0,0,266155,3,0
0,0,0,0,15,29,9143,88,0,0,0,0,0,271445,3,0
0,0,0,0,25,29,9144,88,0,0,0,0,0,276439,3,0
0,0,0,0,49,29,9145,88,0,0,0,0,0,278919,3,0
0,0,0,0,48,29,9146,88,0,0,0,0,0,70780,3,0
0,0,0,0,18,29,9147,88,0,0,0,0,0,271462,3,0
0,0,0,0,47,29,9148,88,0,0,0,0,0,279860,3,0
0,0,0,0,31,29,9149,88,0,0,0,0,0,199812,3,0
0,0,0,0,21,0,9150,89,0,0,0,0,0,222503,3,0
1,0,0,0,18,3,9151,89,0,0,0,0,0,224307,3,0
0,0,0,0,27,4,9152,89,0,0,0,0,0,228366,3,0
0,0,0,0,47,5,9153,89,0,0,0,0,0,234039,3,0
0,0,0,0,3,6,9154,89,0,0,0,0,0,225694,3,0
1,0,0,0,26,7,9155,89,0,0,0,0,0,264421,3,0
0,0,0,0,40,10,9156,89,0,0,0,0,0,240863,3,0
2,0,0,1,4,13,9157,89,0,0,0,0,1,225769,3,0
2,0,0,1,33,15,9158,89,0,0,0,0,0,277346,3,0
23,1,0,1,9,24,9159,89,0,0,0,1,0,237332,3,0
6,0,0,1,29,26,9160,89,0,0,0,0,0,267941,3,0
1,0,0,0,30,28,9161,89,0,0,0,0,0,233804,3,0
0,0,0,0,46,28,9162,89,0,0,0,0,0,262981,3,0
2,0,0,1,2,28,9163,89,0,0,0,0,0,215301,3,0
0,0,0,0,17,28,9164,89,0,0,0,0,0,229378,3,0
0,0,0,0,1,28,9165,89,0,0,0,0,0,237205,3,0
1,0,0,0,14,28,9166,89,0,0,0,0,0,208989,3,0
2,0,0,1,20,28,9167,89,0,0,0,0,0,267942,3,0
0,0,0,0,5,28,9168,89,0,0,0,0,0,272672,3,0
0,0,0,0,66,28,9169,89,0,0,0,0,0,246137,3,0
0,0,0,0,25,28,9170,89,0,0,0,0,0,250791,3,0
0,0,0,0,32,28,9171,89,0,0,0,0,0,277343,3,0
0,0,0,0,48,28,9172,89,0,0,0,0,0,223988,3,0
0,0,0,0,6,29,9173,89,0,0,0,0,0,200138,3,0
3,0,0,1,11,29,9174,89,0,0,0,0,0,271066,3,0
0,0,0,0,8,29,9175,89,0,0,0,0,0,240331,3,0
2,0,0,1,22,29,9176,89,0,0,0,0,0,202123,3,0
0,0,0,0,49,29,9177,89,0,0,0,0,0,182837,3,0
1,0,0,0,13,29,9178,89,0,0,0,0,1,191089,3,0
0,0,0,0,36,29,9179,89,0,0,0,0,0,279568,3,0
0,0,0,0,42,29,9180,89,0,0,0,0,0,279249,3,0
0,0,0,0,45,29,9181,89,0,0,0,0,0,279854,3,0
0,0,0,0,31,29,9182,89,0,0,0,0,0,278765,3,0
0,0,0,0,12,29,9183,89,0,0,0,0,0,251592,3,0
0,0,0,0,1,0,9184,127,0,0,0,0,0,221531,3,0
0,0,0,0,5,4,9185,127,0,0,0,0,0,233782,3,0
0,0,0,0,33,5,9186,127,0,0,0,0,0,194785,3,0
0,0,0,0,4,6,9187,127,0,0,0,0,0,273898,3,0
2,0,0,1,14,9,9188,127,0,0,0,0,0,244715,3,0
1,0,0,0,42,11,9189,127,0,0,0,0,0,255120,3,0
0,0,0,0,7,12,9190,127,0,0,0,0,0,201901,3,0
6,0,0,1,26,16,9191,127,0,0,0,0,1,233378,3,0
3,0,0,1,20,18,9192,127,0,0,0,0,0,239553,3,0
1,0,0,0,9,24,9193,127,0,0,0,0,0,197945,3,0
10,0,0,1,11,26,9194,127,1,0,0,0,3,233572,3,0
0,0,0,0,21,28,9195,127,0,0,0,0,0,203491,3,0
0,0,0,0,17,28,9196,127,0,0,0,0,0,186595,3,0
0,0,0,0,15,28,9197,127,0,0,0,0,0,257775,3,0
1,0,0,0,6,28,9198,127,0,0,0,0,0,264255,3,0
0,0,0,0,13,28,9199,127,0,0,0,0,0,228385,3,0
0,0,0,0,8,28,9200,127,0,0,0,0,0,271603,3,0
0,0,0,0,34,28,9201,127,0,0,0,0,0,275700,3,0
0,0,0,0,35,28,9202,127,0,0,0,0,0,272535,3,0
0,0,0,0,23,28,9203,127,0,0,0,0,0,241397,3,0
4,0,0,1,22,28,9204,127,0,0,0,0,0,226102,3,0
0,0,0,0,36,28,9205,127,0,0,0,0,0,274072,3,0
0,0,0,0,37,28,9206,127,0,0,0,0,0,277681,3,0
1,0,0,0,16,29,9207,127,0,0,0,0,0,203809,3,0
0,0,0,0,38,29,9208,127,0,0,0,0,0,278989,3,0
0,0,0,0,12,29,9209,127,0,0,0,0,0,264500,3,0
2,0,0,1,18,29,9210,127,0,0,0,0,0,261732,3,0
0,0,0,0,3,29,9211,127,0,0,0,0,0,208812,3,0
1,0,0,0,19,29,9212,127,0,0,0,0,0,205585,3,0
0,0,0,0,10,29,9213,127,0,0,0,0,0,241382,3,0
0,0,0,0,1,0,9214,143,0,0,0,0,0,258928,3,0
0,0,0,0,26,4,9215,143,0,0,0,0,0,207646,3,0
5,0,0,1,4,5,9216,143,0,0,0,0,1,218576,3,0
2,0,0,0,3,6,9217,143,0,0,0,0,1,230839,3,0
0,0,0,0,14,12,9218,143,0,0,0,0,0,258953,3,0
7,0,0,1,12,13,9219,143,0,0,0,0,0,233115,3,0
1,0,0,0,6,15,9220,143,0,0,0,0,0,202491,3,0
1,0,0,0,31,16,9221,143,0,0,0,0,0,276047,3,0
4,0,0,1,20,18,9222,143,0,0,0,0,2,270937,3,0
4,0,0,1,25,24,9223,143,1,0,0,0,3,71215,3,0
5,0,0,1,19,26,9224,143,0,0,0,0,0,264478,3,0
4,0,0,1,29,28,9225,143,0,0,0,0,0,234099,3,0
1,0,0,0,13,28,9226,143,0,0,0,0,0,204444,3,0
1,0,0,0,2,28,9227,143,0,0,0,0,0,215855,3,0
0,0,0,0,40,28,9228,143,0,0,0,0,0,272347,3,0
0,0,0,0,30,28,9229,143,0,0,0,0,0,270660,3,0
0,0,0,0,8,28,9230,143,0,0,0,0,0,205818,3,0
0,0,0,0,39,28,9231,143,0,0,0,0,0,257116,3,0
1,0,0,0,17,28,9232,143,0,0,0,0,0,257247,3,0
1,0,0,0,21,28,9233,143,0,0,0,0,0,274065,3,0
0,0,0,0,24,28,9234,143,0,0,0,0,0,231139,3,0
0,0,0,0,5,28,9235,143,0,0,0,0,0,240608,3,0
0,0,0,0,16,28,9236,143,0,0,0,0,0,243546,3,0
1,0,0,0,27,29,9237,143,0,0,0,0,0,239611,3,0
2,0,0,0,7,29,9238,143,0,0,0,0,0,237310,3,0
0,0,0,0,10,29,9239,143,0,0,0,0,0,234743,3,0
0,0,0,0,23,29,9240,143,0,0,0,0,0,239676,3,0
0,0,0,0,33,29,9241,143,0,0,0,0,0,186147,3,0
0,0,0,0,34,29,9242,143,0,0,0,0,0,272349,3,0
0,0,0,0,51,29,9243,143,0,0,0,0,0,279090,3,0
0,0,0,0,38,29,9244,143,0,0,0,0,0,274916,3,0
0,0,0,0,35,29,9245,143,0,0,0,0,0,275012,3,0
0,0,0,0,1,0,9246,149,0,0,0,0,0,243373,3,0
0,0,0,0,16,3,9247,149,0,0,0,0,0,252379,3,0
1,0,0,0,25,4,9248,149,0,0,0,0,0,263686,3,0
2,0,0,0,15,5,9249,149,0,0,0,0,0,228106,3,0
1,0,0,0,23,6,9250,149,0,0,0,0,0,257508,3,0
7,0,0,1,7,7,9251,149,0,0,0,0,0,237204,3,0
2,0,0,0,6,10,9252,149,0,0,0,0,0,244565,3,0
4,0,0,1,10,13,9253,149,0,0,0,0,0,222256,3,0
8,0,0,1,14,15,9254,149,0,0,0,0,1,240978,3,0
2,0,0,0,18,24,9255,149,0,0,0,0,0,239799,3,0
10,0,0,1,9,26,9256,149,0,0,0,0,1,269691,3,0
1,0,0,0,24,28,9257,149,0,0,0,0,0,225279,3,0
1,0,0,0,5,28,9258,149,0,0,0,0,0,204219,3,0
3,0,0,0,22,28,9259,149,0,0,0,0,0,241040,3,0
0,0,0,0,35,28,9260,149,0,0,0,0,0,274929,3,0
0,0,0,0,12,28,9261,149,0,0,0,0,0,233970,3,0
4,0,0,1,28,28,9262,149,0,0,0,0,0,261861,3,0
3,0,0,0,11,28,9263,149,0,0,0,0,0,240513,3,0
2,0,0,0,17,28,9264,149,0,0,0,0,0,267419,3,0
2,0,0,0,27,28,9265,149,0,0,0,0,0,263115,3,0
0,0,0,0,19,28,9266,149,0,0,0,0,0,222878,3,0
2,0,0,0,34,28,9267,149,0,0,0,0,1,262170,3,0
0,0,0,0,4,28,9268,149,0,0,0,0,0,257303,3,0
0,0,0,0,1,0,9269,361,0,0,0,0,0,241525,3,0
2,0,0,0,2,3,9270,361,0,0,0,0,0,235773,3,0
1,0,0,0,6,4,9271,361,0,0,0,0,0,211217,3,0
4,0,0,1,5,6,9272,361,0,0,0,0,0,200731,3,0
1,0,0,0,3,7,9273,361,0,0,0,0,0,209315,3,0
2,0,0,0,15,10,9274,361,0,0,0,0,0,239989,3,0
3,0,0,0,10,13,9275,361,1,0,0,0,1,235397,3,0
2,0,0,0,8,15,9276,361,0,0,0,0,0,199917,3,0
5,0,0,1,11,18,9277,361,0,0,0,0,0,206558,3,0
0,0,0,0,33,24,9278,361,0,0,0,0,0,201457,3,0
18,1,0,1,19,26,9279,361,0,0,0,0,0,205255,3,0
2,0,0,0,23,28,9280,361,0,0,0,0,0,206562,3,0
2,0,0,0,24,28,9281,361,0,0,0,0,0,225310,3,0
2,0,0,0,7,28,9282,361,0,0,0,0,0,189163,3,0
0,0,0,0,17,28,9283,361,0,0,0,0,0,266873,3,0
0,0,0,0,12,28,9284,361,0,0,0,0,0,223727,3,0
5,0,0,1,29,28,9285,361,1,0,0,0,2,204860,3,0
0,0,0,0,22,28,9286,361,0,0,0,0,0,248880,3,0
4,0,0,1,9,28,9287,361,0,0,0,0,0,228685,3,0
0,0,0,0,4,28,9288,361,0,0,0,0,0,192695,3,0
2,0,0,0,20,28,9289,361,0,0,0,0,0,260728,3,0
0,0,0,0,14,28,9290,361,0,0,0,0,0,269825,3,0
0,0,0,0,18,28,9291,361,0,0,0,0,0,245903,3,0
0,0,0,0,44,29,9292,361,0,0,0,0,0,276875,3,0
0,0,0,0,45,29,9293,361,0,0,0,0,0,272462,3,0
0,0,0,0,42,29,9294,361,0,0,0,0,0,275316,3,0
0,0,0,0,41,29,9295,361,0,0,0,0,0,275315,3,0
0,0,0,0,43,29,9296,361,0,0,0,0,0,70914,3,0
0,0,0,0,1,0,9297,1793,0,0,0,0,0,173533,3,0
0,0,0,0,17,3,9298,1793,0,0,0,0,0,208052,3,0
2,0,0,0,24,4,9299,1793,0,0,0,0,0,277552,3,0
0,0,0,0,3,6,9300,1793,0,0,0,0,0,241411,3,0
0,0,0,0,2,7,9301,1793,0,0,0,0,0,246126,3,0
10,0,0,1,29,9,9302,1793,0,0,0,0,2,238839,3,0
3,0,0,0,8,11,9303,1793,0,0,0,0,0,265789,3,0
8,0,0,1,11,12,9304,1793,1,0,0,0,1,253433,3,0
3,0,0,0,12,16,9305,1793,0,0,0,0,0,252580,3,0
11,0,0,1,7,18,9306,1793,1,0,0,0,1,241428,3,0
15,1,0,1,10,25,9307,1793,1,0,0,0,3,235247,3,0
0,0,0,0,4,28,9308,1793,0,0,0,0,0,277897,3,0
0,0,0,0,40,28,9309,1793,0,0,0,0,0,253106,3,0
0,0,0,0,27,28,9310,1793,0,0,0,0,0,264437,3,0
0,0,0,0,6,28,9311,1793,0,0,0,0,0,191079,3,0
0,0,0,0,22,28,9312,1793,0,0,0,0,0,212710,3,0
5,0,0,1,15,28,9313,1793,0,0,0,0,0,263101,3,0
0,0,0,0,36,28,9314,1793,0,0,0,0,0,271929,3,0
0,0,0,0,47,28,9315,1793,0,0,0,0,0,267928,3,0
0,0,0,0,28,28,9316,1793,0,0,0,0,0,260401,3,0
1,0,0,0,20,28,9317,1793,0,0,0,0,0,256555,3,0
0,0,0,0,23,28,9318,1793,0,0,0,0,0,169708,3,0
0,0,0,0,48,28,9319,1793,0,0,0,0,0,271928,3,0
0,0,0,0,30,29,9320,1793,0,0,0,0,0,265645,3,0
0,0,0,0,33,29,9321,1793,0,0,0,0,0,270595,3,0
0,0,0,0,31,29,9322,1793,0,0,0,0,0,250831,3,0
3,0,0,0,9,29,9323,1793,0,0,0,0,0,271530,3,0
0,0,0,0,14,29,9324,1793,0,0,0,0,0,260143,3,0
0,0,0,0,34,29,9325,1793,0,0,0,0,0,266329,3,0
0,0,0,0,35,29,9326,1793,0,0,0,0,0,264053,3,0
0,0,0,0,19,29,9327,1793,0,0,0,0,0,271666,3,0
0,0,0,0,26,0,9328,1797,0,0,0,0,0,220058,3,0
1,0,0,1,40,3,9329,1797,0,0,0,0,0,255314,3,0
0,0,0,0,24,4,9330,1797,0,0,0,0,0,223963,3,0
0,0,0,0,28,6,9331,1797,0,0,0,0,0,275599,3,0
0,0,0,0,3,7,9332,1797,0,0,0,0,0,237169,5,0
0,0,0,0,18,13,9333,1797,0,0,0,0,0,235496,4,0
0,0,0,0,27,14,9334,1797,0,0,0,0,0,243665,3,0
0,0,0,0,22,15,9335,1797,0,0,0,0,0,231199,4,0
0,0,0,0,29,18,9336,1797,1,0,0,0,1,235742,4,0
0,0,0,0,10,24,9337,1797,2,0,0,0,2,220862,5,0
0,0,0,0,9,26,9338,1797,2,0,0,0,2,198011,5,0
0,0,0,0,8,28,9339,1797,0,0,0,0,0,193884,3,0
0,0,0,0,11,28,9340,1797,0,0,0,0,0,228814,3,0
0,0,0,0,20,28,9341,1797,0,0,0,0,0,204761,3,0
0,0,0,0,6,28,9342,1797,0,0,0,0,0,203265,3,0
0,0,0,0,1,28,9343,1797,0,0,0,0,0,241643,3,0
7,0,0,1,14,28,9344,1797,0,0,0,0,0,204217,3,0
0,0,0,0,30,28,9345,1797,0,0,0,0,0,242841,3,0
0,0,0,0,23,28,9346,1797,0,0,0,0,0,187033,3,0
0,0,0,0,12,28,9347,1797,0,0,0,0,0,228517,3,0
0,0,0,0,21,28,9348,1797,0,0,0,0,0,169575,3,0
0,0,0,0,17,28,9349,1797,0,0,0,0,0,192624,3,0
0,0,0,0,38,28,9350,1797,0,0,0,0,0,264196,3,0
0,0,0,0,7,29,9351,1797,0,0,0,0,0,218623,3,0
0,0,0,0,42,29,9352,1797,0,0,0,0,0,70432,3,0
0,0,0,0,16,29,9353,1797,0,0,0,0,0,227287,3,0
0,0,0,0,41,29,9354,1797,0,0,0,0,0,277612,3,0
0,0,0,0,33,29,9355,1797,0,0,0,0,0,277609,3,0
0,0,0,0,1,0,9356,1917,0,0,0,0,0,263214,3,0
0,0,0,0,5,3,9357,1917,0,0,0,0,0,239800,3,0
4,0,0,1,6,4,9358,1917,0,0,0,0,1,272895,3,0
1,0,0,0,4,6,9359,1917,0,0,0,0,0,275297,3,0
1,0,0,0,24,7,9360,1917,0,0,0,0,1,271976,3,0
1,0,0,0,8,9,9361,1917,0,0,0,0,0,247731,3,0
0,0,0,0,26,11,9362,1917,0,0,0,0,0,263211,3,0
3,0,0,0,18,12,9363,1917,1,0,0,0,2,235014,3,0
2,0,0,0,20,16,9364,1917,0,0,0,0,0,190852,3,0
8,0,0,1,10,18,9365,1917,0,0,0,0,0,259185,3,0
7,0,0,1,28,25,9366,1917,1,0,0,0,2,186562,3,0
4,0,0,1,17,28,9367,1917,0,0,0,0,0,271940,3,0
1,0,0,0,21,28,9368,1917,0,0,0,0,0,259186,3,0
1,0,0,0,15,28,9369,1917,0,0,0,0,0,225589,3,0
1,0,0,0,3,28,9370,1917,0,0,0,0,0,235347,3,0
0,0,0,0,12,28,9371,1917,0,0,0,0,0,173531,3,0
3,0,0,0,23,28,9372,1917,0,0,0,0,0,246604,3,0
1,0,0,0,22,28,9373,1917,0,0,0,0,0,265694,3,0
9,0,0,1,11,28,9374,1917,0,0,0,0,0,229367,3,0
0,0,0,0,29,28,9375,1917,0,0,0,0,0,228997,3,0
0,0,0,0,16,28,9376,1917,0,0,0,0,0,254315,3,0
0,0,0,0,2,28,9377,1917,0,0,0,0,0,244277,3,0
1,0,0,0,7,28,9378,1917,0,0,0,0,0,233315,3,0
3,0,0,0,14,29,9379,1917,0,0,0,0,0,212680,3,0
0,0,0,0,25,29,9380,1917,0,0,0,0,0,277368,3,0
0,0,0,0,33,29,9381,1917,0,0,0,0,0,253375,3,0
0,0,0,0,32,0,9382,1926,0,0,0,0,0,224947,3,0
4,0,0,0,22,3,9383,1926,0,0,0,0,0,225734,3,0
2,0,0,0,5,4,9384,1926,0,0,0,0,0,216791,3,0
1,0,0,0,21,5,9385,1926,0,0,0,0,0,250810,3,0
1,0,0,0,20,6,9386,1926,0,0,0,0,0,247350,3,0
2,0,0,0,15,7,9387,1926,0,0,0,0,1,230807,3,0
0,0,0,0,7,10,9388,1926,0,0,0,0,0,224855,3,0
8,0,0,1,11,13,9389,1926,1,0,0,0,2,246682,3,0
5,0,0,1,10,15,9390,1926,0,0,0,0,1,262848,3,0
1,0,0,0,27,24,9391,1926,0,0,0,0,0,263387,3,0
7,0,0,1,18,26,9392,1926,0,0,0,0,0,222654,3,0
0,0,0,0,17,28,9393,1926,0,0,0,0,0,242085,3,0
1,0,0,0,3,28,9394,1926,0,0,0,0,1,205596,3,0
2,0,0,0,4,28,9395,1926,1,0,0,0,1,232106,3,0
0,0,0,0,2,28,9396,1926,0,0,0,0,0,229605,3,0
0,0,0,0,1,28,9397,1926,0,0,0,0,0,182206,3,0
5,0,0,1,19,28,9398,1926,0,0,0,0,0,238990,3,0
1,0,0,0,9,28,9399,1926,0,0,0,0,0,251275,3,0
1,0,0,0,6,28,9400,1926,0,0,0,0,0,206202,3,0
15,1,0,1,16,28,9401,1926,0,0,0,0,0,184624,3,0
1,0,0,0,24,28,9402,1926,0,0,0,0,0,241543,3,0
3,0,0,0,8,28,9403,1926,0,0,0,0,0,245761,3,0
0,0,0,0,13,28,9404,1926,0,0,0,0,0,258762,3,0
0,0,0,0,28,29,9405,1926,0,0,0,0,0,260929,3,0
0,0,0,0,42,29,9406,1926,0,0,0,0,0,273824,3,0
0,0,0,0,39,29,9407,1926,0,0,0,0,0,277380,3,0
0,0,0,0,34,29,9408,1926,0,0,0,0,0,274402,3,0
0,0,0,0,41,29,9409,1926,0,0,0,0,0,263201,3,0
0,0,0,0,31,0,9410,1930,0,0,0,0,0,254328,3,0
0,0,0,0,22,3,9411,1930,0,0,0,0,0,244126,3,0
0,0,0,0,6,4,9412,1930,0,0,0,0,0,243765,3,0
4,0,0,0,5,6,9413,1930,0,0,0,0,1,208188,3,0
2,0,0,0,33,7,9414,1930,0,0,0,0,0,219486,3,0
0,0,0,0,4,9,9415,1930,0,0,0,0,0,226352,3,0
2,0,0,0,17,11,9416,1930,0,0,0,0,0,227881,3,0
7,0,0,1,11,12,9417,1930,0,0,0,0,0,213969,3,0
15,1,0,1,7,16,9418,1930,0,0,0,0,0,203328,3,0
5,0,0,1,21,18,9419,1930,0,0,0,0,0,264139,3,0
9,0,0,1,19,25,9420,1930,0,0,0,0,0,257104,3,0
6,0,0,1,9,28,9421,1930,1,0,0,0,1,256711,3,0
3,0,0,0,16,28,9422,1930,0,0,0,0,0,256164,3,0
0,0,0,0,8,28,9423,1930,0,0,0,0,0,235216,3,0
1,0,0,0,23,28,9424,1930,0,0,0,0,0,247085,3,0
0,0,0,0,1,28,9425,1930,0,0,0,0,0,203175,3,0
0,0,0,0,3,28,9426,1930,0,0,0,0,0,213127,3,0
0,0,0,0,20,28,9427,1930,0,0,0,0,0,260717,3,0
0,0,0,0,36,28,9428,1930,0,0,0,0,0,272444,3,0
1,0,0,0,12,28,9429,1930,0,0,0,0,0,217332,3,0
0,0,0,0,15,28,9430,1930,0,0,0,0,0,206524,3,0
0,0,0,0,29,28,9431,1930,0,0,0,0,0,211928,3,0
1,0,0,0,14,28,9432,1930,0,0,0,0,0,240786,3,0
1,0,0,0,28,29,9433,1930,0,0,0,0,0,268909,3,0
0,0,0,0,35,29,9434,1930,0,0,0,0,0,258903,3,0
0,0,0,0,24,29,9435,1930,0,0,0,0,0,213889,3,0
0,0,0,0,26,29,9436,1930,0,0,0,0,0,200758,3,0
0,0,0,0,2,29,9437,1930,0,0,0,0,0,239221,3,0
0,0,0,0,10,29,9438,1930,0,0,0,0,0,182617,3,0
0,0,0,0,25,29,9439,1930,0,0,0,0,0,265826,3,0
0,0,0,0,40,29,9440,1930,0,0,0,0,0,278988,3,0
4,0,0,0,67,29,9441,1930,0,0,0,0,0,213642,3,0
0,0,0,0,1,0,9442,1931,0,0,0,0,0,169798,3,0
0,0,0,0,2,3,9443,1931,0,0,0,0,0,229930,3,0
0,0,0,0,6,4,9444,1931,0,0,0,0,0,230677,3,0
0,0,0,0,15,6,9445,1931,0,0,0,0,1,269150,3,0
0,0,0,0,3,7,9446,1931,0,0,0,0,0,204979,3,0
0,0,0,0,27,13,9447,1931,0,0,0,0,0,241379,3,0
0,0,0,0,8,14,9448,1931,0,0,0,0,0,212990,3,0
0,0,0,0,10,15,9449,1931,0,0,0,0,2,200210,3,0
0,0,0,0,11,18,9450,1931,0,0,0,0,0,201093,3,0
0,0,0,0,25,24,9451,1931,0,0,0,0,0,245501,3,0
0,0,0,0,19,26,9452,1931,0,0,0,0,2,225001,3,0
0,0,0,0,9,28,9453,1931,0,0,0,0,3,189808,3,0
0,0,0,0,18,28,9454,1931,0,0,0,0,0,213018,3,0
0,0,0,0,23,28,9455,1931,0,0,0,0,0,258667,3,0
0,0,0,0,32,28,9456,1931,0,0,0,0,0,243827,3,0
0,0,0,0,12,28,9457,1931,0,0,0,0,0,222876,3,0
0,0,0,0,20,28,9458,1931,0,0,0,0,0,258932,3,0
0,0,0,0,24,28,9459,1931,1,0,0,0,2,222714,3,0
0,0,0,0,14,28,9460,1931,0,0,0,0,0,228781,3,0
0,0,0,0,4,28,9461,1931,0,0,0,0,0,228159,3,0
0,0,0,0,7,28,9462,1931,0,0,0,0,0,223940,3,0
0,0,0,0,17,28,9463,1931,0,0,0,0,0,246249,3,0
0,0,0,0,71,28,9464,1931,0,0,0,0,0,259120,3,0
0,0,0,0,62,29,9465,1931,0,0,0,0,0,264581,3,0
0,0,0,0,30,29,9466,1931,0,0,0,0,0,269148,3,0
0,0,0,0,16,29,9467,1931,0,0,0,0,0,259976,3,0
0,0,0,0,28,29,9468,1931,0,0,0,0,0,275260,3,0
0,0,0,0,22,29,9469,1931,0,0,0,0,0,257793,3,0
0,0,0,0,21,29,9470,1931,0,0,0,0,0,244322,3,0
0,0,0,0,34,29,9471,1931,0,0,0,0,0,204847,3,0
0,0,0,0,26,29,9472,1931,0,0,0,0,0,268445,3,0
0,0,0,0,13,29,9473,1931,0,0,0,0,0,257486,3,0
0,0,0,0,31,29,9474,1931,0,0,0,0,0,263955,3,0
0,0,0,0,38,29,9475,1931,0,0,0,0,0,274265,3,0
0,0,0,0,56,29,9476,1931,0,0,0,0,0,204870,3,0
0,0,0,0,1,0,9477,1932,0,0,0,0,0,211604,3,0
3,0,0,1,22,3,9478,1932,0,0,0,0,0,234242,3,0
1,0,0,0,2,4,9479,1932,0,0,0,0,0,237415,3,0
2,0,0,0,6,5,9480,1932,0,0,0,0,0,270363,3,0
2,0,0,0,43,6,9481,1932,0,0,0,0,0,239513,3,0
2,0,0,0,7,7,9482,1932,0,0,0,0,0,243842,3,0
1,0,0,0,48,10,9483,1932,0,0,0,0,0,245988,3,0
11,0,0,1,30,13,9484,1932,0,0,0,0,1,224225,3,0
9,0,0,1,8,15,9485,1932,1,0,0,0,1,236247,3,0
18,1,0,1,44,24,9486,1932,0,0,0,0,1,206134,3,0
12,0,0,1,45,26,9487,1932,0,0,0,0,2,238368,3,0
3,0,0,1,3,28,9488,1932,0,0,0,0,0,242436,3,0
2,0,0,0,5,28,9489,1932,0,0,0,0,0,247031,3,0
0,0,0,0,26,28,9490,1932,0,0,0,0,0,227951,3,0
3,0,0,1,17,28,9491,1932,0,0,0,0,0,237975,3,0
0,0,0,0,23,28,9492,1932,0,0,0,0,0,213677,3,0
3,0,0,1,36,28,9493,1932,0,0,0,0,0,243639,3,0
3,0,0,1,9,28,9494,1932,0,0,0,0,0,227040,3,0
0,0,0,0,10,28,9495,1932,0,0,0,0,0,247140,3,0
1,0,0,0,11,28,9496,1932,0,0,0,0,0,254496,3,0
0,0,0,0,24,28,9497,1932,0,0,0,0,0,229182,3,0
0,0,0,0,19,28,9498,1932,0,0,0,0,0,263308,3,0
1,0,0,0,12,28,9499,1932,0,0,0,0,0,272446,3,0
0,0,0,0,33,29,9500,1932,0,0,0,0,0,241690,3,0
0,0,0,0,32,29,9501,1932,0,0,0,0,0,277946,3,0
0,0,0,0,49,29,9502,1932,0,0,0,0,0,256682,3,0
0,0,0,0,38,29,9503,1932,0,0,0,0,0,277531,3,0
0,0,0,0,68,29,9504,1932,0,0,0,0,0,70319,3,0
0,0,0,0,40,29,9505,1932,0,0,0,0,0,70318,3,0
0,0,0,0,27,29,9506,1932,0,0,0,0,0,273929,3,0
0,0,0,0,63,29,9507,1932,0,0,0,0,0,71068,3,0
0,0,0,0,25,0,9508,1933,0,0,0,0,0,262718,3,0
2,0,0,0,2,3,9509,1933,0,0,0,0,0,205015,3,0
0,0,0,0,5,4,9510,1933,0,0,0,0,0,244240,3,0
2,0,0,0,22,6,9511,1933,0,0,0,0,0,261225,3,0
11,0,0,1,10,7,9512,1933,1,0,0,0,2,239119,3,0
1,0,0,0,4,9,9513,1933,0,0,0,0,0,203138,3,0
3,0,0,0,8,11,9514,1933,0,0,0,0,0,230876,3,0
6,0,0,1,12,12,9515,1933,0,0,0,0,2,189160,3,0
3,0,0,0,23,16,9516,1933,0,0,0,0,0,210046,3,0
5,0,0,1,20,18,9517,1933,0,0,0,0,0,265468,3,0
3,0,0,0,24,25,9518,1933,0,0,0,0,1,279857,3,0
4,0,0,1,9,28,9519,1933,0,0,0,0,0,179746,3,0
3,0,0,0,7,28,9520,1933,0,0,0,0,0,219458,3,0
1,0,0,0,6,28,9521,1933,0,0,0,0,0,200697,3,0
0,0,0,0,3,28,9522,1933,0,0,0,0,0,183449,3,0
0,0,0,0,29,28,9523,1933,0,0,0,0,0,256359,3,0
7,0,0,1,30,28,9524,1933,0,0,0,0,0,234241,3,0
0,0,0,0,28,28,9525,1933,0,0,0,0,0,278102,3,0
4,0,0,1,17,28,9526,1933,0,0,0,0,0,273020,3,0
0,0,0,0,26,28,9527,1933,0,0,0,0,0,215758,3,0
2,0,0,0,11,28,9528,1933,0,0,0,0,0,254113,3,0
2,0,0,0,19,28,9529,1933,0,0,0,0,0,264579,3,0
0,0,0,0,31,28,9530,1933,0,0,0,0,0,270455,3,0
0,0,0,0,44,29,9531,1933,0,0,0,0,0,225625,3,0
0,0,0,0,16,29,9532,1933,0,0,0,0,0,270376,3,0
2,0,0,0,18,29,9533,1933,0,0,0,0,0,230897,3,0
0,0,0,0,13,29,9534,1933,0,0,0,0,0,276966,3,0
0,0,0,0,21,0,9535,1938,0,0,0,0,0,192317,3,0
1,0,0,0,2,3,9536,1938,0,0,0,0,0,277961,3,0
5,0,0,0,5,4,9537,1938,0,0,0,0,0,237213,3,0
1,0,0,0,4,6,9538,1938,0,0,0,0,0,258167,3,0
6,0,0,0,3,7,9539,1938,0,0,0,0,0,248050,3,0
8,0,0,0,22,9,9540,1938,0,0,0,0,0,252883,3,0
3,0,0,0,27,11,9541,1938,0,0,0,0,0,240605,3,0
11,0,0,1,11,12,9542,1938,0,0,0,0,0,251028,3,0
14,0,0,1,10,16,9543,1938,0,0,0,0,0,236784,3,0
10,0,0,1,14,18,9544,1938,1,0,0,0,2,244871,3,0
10,0,0,1,17,25,9545,1938,0,0,0,0,1,254482,3,0
0,0,0,0,7,28,9546,1938,0,0,0,0,0,228827,3,0
1,0,0,0,8,28,9547,1938,0,0,0,0,0,276332,3,0
0,0,0,0,6,28,9548,1938,0,0,0,0,0,243869,3,0
0,0,0,0,20,28,9549,1938,0,0,0,0,0,263304,3,0
0,0,0,0,1,28,9550,1938,0,0,0,0,0,260156,3,0
9,0,0,1,9,28,9551,1938,0,0,0,0,0,200779,3,0
3,0,0,0,16,28,9552,1938,0,0,0,0,0,240977,3,0
0,0,0,0,25,28,9553,1938,0,0,0,0,0,271117,3,0
0,0,0,0,13,28,9554,1938,0,0,0,0,0,258586,3,0
0,0,0,0,15,28,9555,1938,0,0,0,0,0,271173,3,0
0,0,0,0,28,28,9556,1938,0,0,0,0,0,266376,3,0
3,0,0,0,18,28,9557,1938,2,0,0,0,2,278105,3,0
0,0,0,0,26,29,9558,1938,0,0,0,0,0,258529,3,0
0,0,0,0,36,29,9559,1938,0,0,0,0,0,71960,3,0
0,0,0,0,35,29,9560,1938,0,0,0,0,0,72070,3,0
0,0,0,0,1,0,9561,1939,0,0,0,0,0,198285,3,0
0,0,0,0,20,3,9562,1939,0,0,0,0,0,203292,2,0
0,0,0,0,4,4,9563,1939,0,0,0,0,0,208014,3,0
0,0,0,0,5,6,9564,1939,0,0,0,0,0,219293,3,0
0,0,0,0,17,7,9565,1939,0,0,0,0,0,270637,3,0
0,0,0,0,18,9,9566,1939,0,0,0,0,0,233938,2,0
0,0,0,0,21,11,9567,1939,0,0,0,0,0,278288,2,0
0,0,0,0,8,12,9568,1939,0,0,0,0,0,251690,2,0
0,0,0,0,10,16,9569,1939,0,0,0,0,0,233565,3,0
0,0,0,0,44,24,9570,1939,0,0,0,0,1,212994,2,0
0,0,0,0,25,26,9571,1939,0,0,0,0,0,194319,2,0
0,0,0,0,9,28,9572,1939,0,0,0,0,0,243831,3,0
0,0,0,0,14,28,9573,1939,0,0,0,0,0,260478,3,0
0,0,0,0,6,28,9574,1939,0,0,0,0,0,183546,3,0
0,0,0,0,32,28,9575,1939,0,0,0,0,0,193569,3,0
0,0,0,0,12,28,9576,1939,0,0,0,0,0,209333,2,0
0,0,0,0,7,28,9577,1939,0,0,0,0,0,243619,3,0
0,0,0,0,23,28,9578,1939,0,0,0,0,0,239023,2,0
0,0,0,0,30,28,9579,1939,0,0,0,0,0,250786,3,0
0,0,0,0,15,28,9580,1939,0,0,0,0,0,258491,3,0
0,0,0,0,26,28,9581,1939,0,0,0,0,0,260155,3,0
0,0,0,0,24,28,9582,1939,0,0,0,0,0,262100,3,0
0,0,0,0,16,28,9583,1939,0,0,0,0,0,238319,3,0
0,0,0,0,11,29,9584,1939,0,0,0,0,0,258374,3,0
0,0,0,0,39,29,9585,1939,0,0,0,0,0,278986,3,0
0,0,0,0,33,29,9586,1939,0,0,0,0,0,232599,3,0
0,0,0,0,3,29,9587,1939,0,0,0,0,0,202528,3,0
0,0,0,0,38,29,9588,1939,0,0,0,0,0,278985,3,0
0,0,0,0,13,29,9589,1939,0,0,0,0,0,251554,3,0
0,0,0,0,22,29,9590,1939,0,0,0,0,0,271978,3,0
0,0,0,0,42,29,9591,1939,0,0,0,0,0,279576,3,0
0,0,0,0,43,29,9592,1939,0,0,0,0,0,279872,3,0
4,0,0,1,51,29,9593,1939,0,0,0,0,0,240826,3,0
0,0,0,0,41,29,9594,1939,0,0,0,0,0,254552,3,0
0,0,0,0,45,29,9595,1939,0,0,0,0,0,72212,3,0
0,0,0,0,1,0,9596,1940,0,0,0,0,0,206555,3,0
0,0,0,0,9,3,9597,1940,0,0,0,0,0,190239,3,0
0,0,0,0,14,4,9598,1940,0,0,0,0,0,202408,3,0
0,0,0,0,24,6,9599,1940,0,0,0,0,0,246392,3,0
0,0,0,0,6,7,9600,1940,0,0,0,0,0,215211,3,0
0,0,0,0,25,10,9601,1940,0,0,0,0,0,222477,3,0
0,0,0,0,44,13,9602,1940,0,0,0,0,0,212782,3,0
0,0,0,0,16,15,9603,1940,0,0,0,0,1,173673,3,0
0,0,0,0,40,18,9604,1940,0,0,0,0,1,236487,3,0
0,0,0,0,20,24,9605,1940,0,0,0,0,0,204007,3,0
0,0,0,0,7,26,9606,1940,0,0,0,0,0,173891,3,0
0,0,0,0,10,28,9607,1940,1,0,0,0,2,223810,3,0
0,0,0,0,15,28,9608,1940,0,0,0,0,0,233793,3,0
0,0,0,0,3,28,9609,1940,0,0,0,0,1,202033,3,0
0,0,0,0,4,28,9610,1940,0,0,0,0,0,203428,3,0
0,0,0,0,13,28,9611,1940,0,0,0,0,0,152523,3,0
0,0,0,0,26,28,9612,1940,0,0,0,0,0,257330,3,0
0,0,0,0,12,28,9613,1940,0,0,0,0,0,264806,3,0
0,0,0,0,11,28,9614,1940,0,0,0,0,0,235064,3,0
0,0,0,0,22,28,9615,1940,0,0,0,0,0,198071,3,0
0,0,0,0,5,28,9616,1940,0,0,0,0,0,231107,3,0
0,0,0,0,54,28,9617,1940,0,0,0,0,0,193608,3,0
0,0,0,0,19,28,9618,1940,0,0,0,0,0,262636,3,0
0,0,0,0,28,29,9619,1940,0,0,0,0,0,274697,3,0
0,0,0,0,27,29,9620,1940,0,0,0,0,0,273618,3,0
0,0,0,0,34,29,9621,1940,0,0,0,0,0,279100,3,0
0,0,0,0,23,29,9622,1940,0,0,0,0,0,264851,3,0
0,0,0,0,32,29,9623,1940,0,0,0,0,0,279179,3,0
0,0,0,0,31,29,9624,1940,0,0,0,0,0,274466,3,0
0,0,0,0,29,29,9625,1940,0,0,0,0,0,279178,3,0
0,0,0,0,37,29,9626,1940,0,0,0,0,0,279069,3,0
0,0,0,0,33,29,9627,1940,0,0,0,0,0,277418,3,0
0,0,0,0,2,29,9628,1940,0,0,0,0,0,230809,3,0
0,0,0,0,18,29,9629,1940,0,0,0,0,0,213143,3,0
0,0,0,0,25,0,9630,1944,0,0,0,0,0,231681,3,0
0,0,0,0,28,4,9631,1944,0,0,0,0,0,262714,3,0
1,0,0,0,5,5,9632,1944,0,0,0,0,0,188782,3,0
2,0,0,0,3,6,9633,1944,0,0,0,0,0,190620,3,0
0,0,0,0,2,12,9634,1944,0,0,0,0,0,262713,3,0
1,0,0,0,4,13,9635,1944,0,0,0,0,0,206535,3,0
1,0,0,0,24,15,9636,1944,0,0,0,0,0,202131,3,0
0,0,0,0,26,16,9637,1944,0,0,0,0,0,235329,3,0
5,0,0,1,21,18,9638,1944,0,0,0,0,0,201514,3,0
11,0,0,1,23,24,9639,1944,0,0,0,0,1,248740,3,0
1,0,0,0,27,26,9640,1944,0,0,0,0,0,213634,3,0
5,0,0,1,9,28,9641,1944,0,0,0,0,0,220669,3,0
0,0,0,0,7,28,9642,1944,0,0,0,0,0,230126,3,0
1,0,0,0,10,28,9643,1944,0,0,0,0,0,246228,3,0
1,0,0,0,6,28,9644,1944,0,0,0,0,0,183774,3,0
0,0,0,0,31,28,9645,1944,0,0,0,0,0,261739,3,0
3,0,0,1,18,28,9646,1944,0,0,0,0,0,190311,3,0
3,0,0,1,14,28,9647,1944,0,0,0,0,0,212493,3,0
0,0,0,0,19,28,9648,1944,0,0,0,0,0,228584,3,0
0,0,0,0,15,28,9649,1944,0,0,0,0,0,252476,3,0
0,0,0,0,17,28,9650,1944,0,0,0,0,0,245503,3,0
0,0,0,0,16,28,9651,1944,0,0,0,0,0,257291,3,0
0,0,0,0,11,28,9652,1944,0,0,0,0,0,223080,3,0
0,0,0,0,1,29,9653,1944,0,0,0,0,0,225342,3,0
1,0,0,0,8,29,9654,1944,0,0,0,0,0,220894,3,0
0,0,0,0,99,29,9655,1944,0,0,0,0,0,263096,3,0
0,0,0,0,38,29,9656,1944,0,0,0,0,0,272650,3,0
0,0,0,0,20,29,9657,1944,0,0,0,0,0,229676,3,0
0,0,0,0,22,29,9658,1944,0,0,0,0,0,256771,3,0
0,0,0,0,29,29,9659,1944,0,0,0,0,0,266524,3,0
0,0,0,0,30,29,9660,1944,0,0,0,0,0,266528,3,0
0,0,0,0,37,29,9661,1944,0,0,0,0,0,276386,3,0
0,0,0,0,32,29,9662,1944,0,0,0,0,0,262715,3,0
0,0,0,0,36,29,9663,1944,0,0,0,0,0,276387,3,0
0,0,0,0,33,29,9664,1944,0,0,0,0,0,267718,3,0
0,0,0,0,35,29,9665,1944,0,0,0,0,0,276388,3,0
0,0,0,0,33,0,9666,1947,0,0,0,0,0,246671,3,0
0,0,0,0,29,3,9667,1947,0,0,0,0,1,237036,3,0
0,0,0,0,32,4,9668,1947,0,0,0,0,0,262523,3,0
0,0,0,0,15,5,9669,1947,0,0,0,0,0,221322,3,0
0,0,0,0,22,6,9670,1947,0,0,0,0,0,236319,3,0
0,0,0,0,23,7,9671,1947,0,0,0,0,0,198489,3,0
0,0,0,0,12,10,9672,1947,0,0,0,0,0,211595,3,0
0,0,0,0,20,13,9673,1947,1,0,0,0,2,224361,3,0
0,0,0,0,38,15,9674,1947,0,0,0,0,1,210108,3,0
0,0,0,0,9,24,9675,1947,1,0,0,0,2,219550,3,0
0,0,0,0,10,26,9676,1947,0,0,0,0,3,214896,3,0
0,0,0,0,26,28,9677,1947,0,0,0,0,0,164769,3,0
0,0,0,0,30,28,9678,1947,0,0,0,0,0,223969,3,0
0,0,0,0,25,28,9679,1947,0,0,0,0,0,224238,3,0
0,0,0,0,17,28,9680,1947,0,0,0,0,0,233051,3,0
0,0,0,0,21,28,9681,1947,0,0,0,0,0,183789,3,0
5,0,0,1,11,28,9682,1947,0,0,0,0,1,214876,3,0
0,0,0,0,19,28,9683,1947,0,0,0,0,0,271139,3,0
0,0,0,0,14,28,9684,1947,0,0,0,0,0,205582,3,0
0,0,0,0,7,28,9685,1947,0,0,0,0,0,237185,3,0
0,0,0,0,18,28,9686,1947,0,0,0,0,0,236528,3,0
0,0,0,0,31,28,9687,1947,0,0,0,0,0,247176,3,0
0,0,0,0,34,28,9688,1947,0,0,0,0,0,271854,3,0
0,0,0,0,41,29,9689,1947,0,0,0,0,0,277898,3,0
0,0,0,0,5,29,9690,1947,0,0,0,0,0,228376,3,0
0,0,0,0,8,29,9691,1947,0,0,0,0,0,202698,3,0
0,0,0,0,4,29,9692,1947,0,0,0,0,0,184843,3,0
0,0,0,0,6,29,9693,1947,0,0,0,0,0,251684,3,0
0,0,0,0,1,29,9694,1947,0,0,0,0,0,184282,3,0
0,0,0,0,3,29,9695,1947,0,0,0,0,0,211144,3,0
0,0,0,0,1,0,9696,1958,0,0,0,0,0,242853,3,0
4,0,0,1,22,3,9697,1958,1,0,0,0,1,243640,3,0
2,0,0,0,19,4,9698,1958,0,0,0,0,0,194759,3,0
0,0,0,0,5,6,9699,1958,0,0,0,0,0,238179,3,0
0,0,0,0,2,7,9700,1958,0,0,0,0,0,222583,3,0
1,0,0,0,15,9,9701,1958,0,0,0,0,0,246681,3,0
3,0,0,0,8,11,9702,1958,0,0,0,0,0,258050,3,0
9,0,0,1,17,12,9703,1958,0,0,0,0,0,268529,3,0
5,0,0,1,21,16,9704,1958,0,0,0,0,0,270679,3,0
4,0,0,1,14,18,9705,1958,0,0,0,0,0,201446,3,0
11,0,0,1,10,25,9706,1958,0,0,0,0,0,250812,3,0
5,0,0,1,7,28,9707,1958,1,0,0,0,1,228382,3,0
2,0,0,0,9,28,9708,1958,0,0,0,0,0,206430,3,0
0,0,0,0,12,28,9709,1958,0,0,0,0,0,237316,3,0
0,0,0,0,3,28,9710,1958,0,0,0,0,0,252385,3,0
0,0,0,0,13,28,9711,1958,0,0,0,0,0,230944,3,0
0,0,0,0,18,28,9712,1958,0,0,0,0,0,156894,3,0
1,0,0,0,32,28,9713,1958,0,0,0,0,0,215562,3,0
1,0,0,0,20,28,9714,1958,1,0,0,0,1,70734,3,0
1,0,0,0,23,28,9715,1958,0,0,0,0,0,240981,3,0
0,0,0,0,47,28,9716,1958,0,0,0,0,0,274389,3,0
0,0,0,0,29,28,9717,1958,0,0,0,0,0,267744,3,0
0,0,0,0,4,28,9718,1958,0,0,0,0,0,230882,3,0
0,0,0,0,34,29,9719,1958,0,0,0,0,0,277379,3,0
0,0,0,0,24,29,9720,1958,0,0,0,0,0,202799,3,0
2,0,0,0,11,29,9721,1958,0,0,0,0,0,238846,3,0
0,0,0,0,28,29,9722,1958,0,0,0,0,0,276078,3,0
0,0,0,0,31,0,9723,1962,0,0,0,0,0,261371,3,0
0,0,0,0,30,3,9724,1962,0,0,0,0,0,258606,3,0
0,0,0,0,5,4,9725,1962,0,0,0,0,0,173734,3,0
0,0,0,0,17,6,9726,1962,0,0,0,0,0,262731,3,0
0,0,0,0,32,7,9727,1962,0,0,0,0,0,188168,3,0
0,0,0,0,14,9,9728,1962,0,0,0,0,0,221358,3,0
1,0,0,0,8,11,9729,1962,0,0,0,0,0,222420,3,0
5,0,0,1,11,12,9730,1962,0,0,0,0,0,235059,3,0
4,0,0,1,7,16,9731,1962,0,0,0,0,0,169214,3,0
6,0,0,1,21,18,9732,1962,0,0,0,0,0,231580,3,0
16,1,0,1,18,25,9733,1962,0,0,0,0,1,184747,3,0
0,0,0,0,22,28,9734,1962,0,0,0,0,0,276438,3,0
2,0,0,0,23,28,9735,1962,0,0,0,0,0,238188,3,0
3,0,0,0,42,28,9736,1962,0,0,0,0,0,193900,3,0
0,0,0,0,2,28,9737,1962,0,0,0,0,0,266328,3,0
0,0,0,0,35,28,9738,1962,0,0,0,0,0,277342,3,0
1,0,0,0,20,28,9739,1962,0,0,0,0,0,213434,3,0
0,0,0,0,45,28,9740,1962,0,0,0,0,0,261420,3,0
0,0,0,0,33,28,9741,1962,0,0,0,0,0,256488,3,0
0,0,0,0,3,28,9742,1962,0,0,0,0,0,243279,3,0
1,0,0,0,26,28,9743,1962,0,0,0,0,0,260798,3,0
2,0,0,0,10,28,9744,1962,0,0,0,0,0,268719,3,0
0,0,0,0,6,28,9745,1962,0,0,0,0,0,244054,3,0
2,0,0,0,19,29,9746,1962,0,0,0,0,0,265412,3,0
4,0,0,1,9,29,9747,1962,0,0,0,0,0,195126,3,0
0,0,0,0,25,29,9748,1962,0,0,0,0,0,262568,3,0
1,0,0,0,4,29,9749,1962,0,0,0,0,0,233046,3,0
0,0,0,0,34,29,9750,1962,0,0,0,0,0,271129,3,0
0,0,0,0,1,0,9751,15015,0,0,0,0,0,206566,3,0
0,0,0,0,12,3,9752,15015,0,0,0,0,0,256473,3,0
0,0,0,0,5,4,9753,15015,0,0,0,0,0,239506,3,0
1,0,0,0,6,6,9754,15015,0,0,0,0,0,226116,3,0
3,0,0,1,3,7,9755,15015,0,0,0,0,1,234258,3,0
2,0,0,0,4,9,9756,15015,0,0,0,0,0,204458,3,0
0,0,0,0,8,11,9757,15015,0,0,0,0,0,238958,3,0
2,0,0,0,18,12,9758,15015,0,0,0,0,1,247890,3,0
1,0,0,0,21,16,9759,15015,0,0,0,0,1,186450,3,0
5,0,0,1,17,18,9760,15015,0,0,0,0,0,255474,3,0
3,0,0,1,11,25,9761,15015,0,0,0,0,1,205481,3,0
1,0,0,0,20,28,9762,15015,0,0,0,0,0,278254,3,0
1,0,0,0,44,28,9763,15015,0,0,0,0,0,268434,3,0
1,0,0,0,46,28,9764,15015,0,0,0,0,0,196953,3,0
3,0,0,1,2,28,9765,15015,0,0,0,0,0,190247,3,0
0,0,0,0,30,28,9766,15015,0,0,0,0,0,204846,3,0
1,0,0,0,25,28,9767,15015,0,0,0,0,0,257128,3,0
0,0,0,0,22,28,9768,15015,0,0,0,0,0,205019,3,0
0,0,0,0,24,28,9769,15015,0,0,0,0,0,231408,3,0
5,0,0,1,7,28,9770,15015,0,0,0,0,0,228153,3,0
1,0,0,0,37,28,9771,15015,0,0,0,0,0,243252,3,0
0,0,0,0,16,28,9772,15015,0,0,0,0,0,260927,3,0
0,0,0,0,32,28,9773,15015,0,0,0,0,0,260192,3,0
0,0,0,0,15,29,9774,15015,0,0,0,0,0,270513,3,0
0,0,0,0,23,29,9775,15015,0,0,0,0,0,233441,3,0
0,0,0,0,26,29,9776,15015,0,0,0,0,0,276060,3,0
0,0,0,0,40,29,9777,15015,0,0,0,0,0,278555,3,0
0,0,0,0,35,29,9778,15015,0,0,0,0,0,258814,3,0
0,0,0,0,1,0,9779,110890,0,0,0,0,0,233215,3,0
0,0,0,0,19,3,9780,110890,0,0,0,0,0,256070,3,0
0,0,0,0,30,4,9781,110890,0,0,0,0,0,240897,3,0
0,0,0,0,3,5,9782,110890,0,0,0,0,0,213667,3,0
0,0,0,0,6,6,9783,110890,0,0,0,0,0,223373,3,0
0,0,0,0,14,7,9784,110890,0,0,0,0,0,245649,3,0
0,0,0,0,10,12,9785,110890,0,0,0,0,0,252587,3,0
0,0,0,0,4,13,9786,110890,0,0,0,0,1,221279,3,0
0,0,0,0,26,15,9787,110890,0,0,0,0,0,246243,3,0
0,0,0,0,8,16,9788,110890,1,0,0,0,2,251311,3,0
0,0,0,0,9,25,9789,110890,1,0,0,0,2,262831,3,0
0,0,0,0,28,28,9790,110890,0,0,0,0,0,206567,3,0
0,0,0,0,7,28,9791,110890,0,0,0,0,0,221106,3,0
0,0,0,0,11,28,9792,110890,0,0,0,0,0,241037,3,0
0,0,0,0,5,28,9793,110890,0,0,0,0,0,253997,3,0
0,0,0,0,13,28,9794,110890,0,0,0,0,0,233505,3,0
0,0,0,0,22,28,9795,110890,0,0,0,0,0,276860,3,0
0,0,0,0,20,28,9796,110890,0,0,0,0,0,243277,3,0
0,0,0,0,23,28,9797,110890,0,0,0,0,0,244961,3,0
0,0,0,0,27,28,9798,110890,0,0,0,0,0,258661,3,0
0,0,0,0,12,28,9799,110890,0,0,0,0,0,252482,3,0
0,0,0,0,40,28,9800,110890,0,0,0,0,0,271551,3,0
0,0,0,0,16,28,9801,110890,0,0,0,0,0,245728,3,0
0,0,0,0,29,29,9802,110890,0,0,0,0,0,267417,3,0
0,0,0,0,17,29,9803,110890,0,0,0,0,0,277312,3,0
0,0,0,0,2,29,9804,110890,0,0,0,0,0,231615,3,0
0,0,0,0,25,29,9805,110890,0,0,0,0,0,241039,3,0
0,0,0,0,1,0,9806,92,0,0,0,0,0,254122,3,0
2,0,0,0,28,3,9807,92,0,0,0,0,0,229232,3,0
1,0,0,0,24,4,9808,92,0,0,0,0,0,271028,3,0
1,0,0,0,5,6,9809,92,0,0,0,0,0,229087,3,0
1,0,0,0,33,7,9810,92,0,0,0,0,0,236209,3,0
2,0,0,0,4,10,9811,92,0,0,0,0,0,225772,3,0
3,0,0,1,15,12,9812,92,0,0,0,0,0,234497,3,0
1,0,0,0,18,13,9813,92,0,0,0,0,0,263650,3,0
0,0,0,0,19,15,9814,92,0,0,0,0,0,273729,3,0
9,0,0,1,7,16,9815,92,0,0,0,0,0,242402,3,0
13,0,0,1,32,25,9816,92,0,0,0,0,0,203500,3,0
3,0,0,1,8,28,9817,92,0,0,0,0,0,207513,3,0
1,0,0,0,2,28,9818,92,0,0,0,0,1,222979,3,0
0,0,0,0,3,28,9819,92,0,0,0,0,0,247741,3,0
1,0,0,0,31,28,9820,92,0,0,0,0,0,225493,3,0
0,0,0,0,12,28,9821,92,0,0,0,0,0,231046,3,0
4,0,0,1,9,28,9822,92,0,0,0,0,0,229192,3,0
1,0,0,0,14,28,9823,92,0,0,0,0,0,240347,3,0
2,0,0,0,6,28,9824,92,0,0,0,0,0,205589,3,0
8,0,0,1,25,28,9825,92,0,0,0,0,1,223167,3,0
3,0,0,1,20,28,9826,92,0,0,0,0,0,276931,3,0
0,0,0,0,35,28,9827,92,0,0,0,0,0,278213,3,0
0,0,0,0,38,28,9828,92,0,0,0,0,0,269591,3,0
0,0,0,0,34,29,9829,92,0,0,0,0,0,269592,3,0
0,0,0,0,16,29,9830,92,0,0,0,0,0,226261,3,0
0,0,0,0,10,29,9831,92,0,0,0,0,0,212167,3,0
0,0,0,0,30,29,9832,92,0,0,0,0,0,261897,3,0
0,0,0,0,42,0,9833,121,0,0,0,0,0,224543,3,0
1,0,0,0,28,3,9834,121,0,0,0,0,0,268540,3,0
1,0,0,0,12,4,9835,121,0,0,0,0,0,263901,3,0
8,0,0,1,5,6,9836,121,0,0,0,0,0,223381,3,0
4,0,0,1,3,7,9837,121,0,0,0,0,0,252547,3,0
3,0,0,0,10,12,9838,121,0,0,0,0,0,236601,3,0
1,0,0,0,11,13,9839,121,0,0,0,0,0,266122,3,0
1,0,0,0,8,15,9840,121,0,0,0,0,0,200781,3,0
9,0,0,1,7,16,9841,121,0,0,0,0,0,216795,3,0
2,0,0,0,21,18,9842,121,0,0,0,0,0,247833,3,0
16,0,0,1,20,25,9843,121,1,0,0,0,1,263192,3,0
0,0,0,0,14,28,9844,121,0,0,0,0,0,263776,3,0
1,0,0,0,17,28,9845,121,0,0,0,0,0,269950,3,0
0,0,0,0,2,28,9846,121,0,0,0,0,0,236923,3,0
0,0,0,0,24,28,9847,121,0,0,0,0,0,269949,3,0
0,0,0,0,40,28,9848,121,0,0,0,0,0,71913,3,0
9,0,0,1,9,28,9849,121,0,0,0,0,0,220893,3,0
2,0,0,0,25,28,9850,121,0,0,0,0,0,252435,3,0
0,0,0,0,27,28,9851,121,0,0,0,0,0,172939,3,0
0,0,0,0,30,28,9852,121,0,0,0,0,0,227630,3,0
2,0,0,0,4,28,9853,121,0,0,0,0,0,262079,3,0
0,0,0,0,35,28,9854,121,0,0,0,0,0,279097,3,0
0,0,0,0,36,28,9855,121,0,0,0,0,0,279762,3,0
0,0,0,0,34,29,9856,121,0,0,0,0,0,279098,3,0
0,0,0,0,29,29,9857,121,0,0,0,0,0,274991,3,0
0,0,0,0,32,29,9858,121,0,0,0,0,0,276785,3,0
0,0,0,0,33,29,9859,121,0,0,0,0,0,277995,3,0
1,0,0,0,23,29,9860,121,0,0,0,0,0,209368,3,0
1,0,0,0,6,29,9861,121,0,0,0,0,0,241828,3,0
0,0,0,0,19,29,9862,121,0,0,0,0,0,270933,3,0
0,0,0,0,13,29,9863,121,0,0,0,0,0,269948,3,0
0,0,0,0,1,29,9864,121,0,0,0,0,0,271977,3,0
0,0,0,0,15,0,9865,142,0,0,0,0,0,271333,3,0
0,0,0,0,2,3,9866,142,0,0,0,0,0,228368,3,0
1,0,0,0,4,4,9867,142,0,0,0,0,1,209256,3,0
0,0,0,0,6,6,9868,142,0,0,0,0,0,156464,3,0
2,0,0,0,3,7,9869,142,0,0,0,0,0,270748,3,0
2,0,0,0,17,9,9870,142,0,0,0,0,0,243613,3,0
1,0,0,0,37,11,9871,142,0,0,0,0,0,268905,3,0
9,0,0,1,7,12,9872,142,1,0,0,0,2,235915,3,0
9,0,0,1,47,16,9873,142,0,0,0,0,1,212513,3,0
5,0,0,1,14,18,9874,142,0,0,0,0,2,242258,3,0
20,1,0,1,20,25,9875,142,1,0,0,0,4,211143,3,0
1,0,0,0,24,28,9876,142,0,0,0,0,0,229269,3,0
4,0,0,1,10,28,9877,142,0,0,0,0,0,179663,3,0
0,0,0,0,23,28,9878,142,0,0,0,0,0,230149,3,0
0,0,0,0,5,28,9879,142,0,0,0,0,0,241864,3,0
0,0,0,0,12,28,9880,142,0,0,0,0,0,229046,3,0
0,0,0,0,40,28,9881,142,0,0,0,0,0,212006,3,0
2,0,0,0,21,28,9882,142,0,0,0,0,0,256815,3,0
1,0,0,0,16,28,9883,142,0,0,0,0,0,263329,3,0
0,0,0,0,8,28,9884,142,0,0,0,0,0,260403,3,0
0,0,0,0,28,28,9885,142,0,0,0,0,0,265575,3,0
0,0,0,0,25,28,9886,142,0,0,0,0,0,257698,3,0
2,0,0,0,36,28,9887,142,0,0,0,0,0,239552,3,0
3,0,0,0,33,29,9888,142,0,0,0,0,0,222937,3,0
0,0,0,0,22,29,9889,142,0,0,0,0,0,258532,3,0
0,0,0,0,1,29,9890,142,0,0,0,0,0,209750,3,0
0,0,0,0,31,29,9891,142,0,0,0,0,0,211463,3,0
0,0,0,0,9,29,9892,142,0,0,0,0,0,231929,3,0
0,0,0,0,27,29,9893,142,0,0,0,0,0,258671,3,0
0,0,0,0,11,29,9894,142,0,0,0,0,0,198235,3,0
0,0,0,0,42,29,9895,142,0,0,0,0,0,278037,3,0
0,0,0,0,38,29,9896,142,0,0,0,0,0,274229,3,0
0,0,0,0,30,0,9897,357,0,0,0,0,0,251345,3,0
1,0,0,0,12,3,9898,357,0,0,0,0,0,251006,3,0
2,0,0,0,5,4,9899,357,0,0,0,0,0,223852,3,0
2,0,0,0,4,6,9900,357,0,0,0,0,0,235808,3,0
2,0,0,0,3,7,9901,357,0,0,0,0,0,223941,3,0
1,0,0,0,18,9,9902,357,0,0,0,0,0,251425,3,0
1,0,0,0,38,11,9903,357,0,0,0,0,0,272886,3,0
3,0,0,1,19,12,9904,357,0,0,0,0,0,205752,3,0
8,0,0,1,14,16,9905,357,0,0,0,0,0,202198,3,0
7,0,0,1,10,18,9906,357,0,0,0,0,0,266709,3,0
5,0,0,1,20,25,9907,357,0,0,0,0,1,238191,3,0
0,0,0,0,6,28,9908,357,0,0,0,0,0,203210,3,0
2,0,0,0,8,28,9909,357,1,0,0,0,1,70030,3,0
0,0,0,0,2,28,9910,357,0,0,0,0,0,213686,3,0
3,0,0,1,15,28,9911,357,0,0,0,0,0,227880,3,0
0,0,0,0,21,28,9912,357,0,0,0,0,0,203316,3,0
6,0,0,1,9,28,9913,357,0,0,0,0,0,258589,3,0
0,0,0,0,11,28,9914,357,0,0,0,0,0,255525,3,0
0,0,0,0,23,28,9915,357,0,0,0,0,0,239317,3,0
0,0,0,0,1,28,9916,357,0,0,0,0,0,218593,3,0
1,0,0,0,16,28,9917,357,0,0,0,0,0,230070,3,0
0,0,0,0,7,28,9918,357,0,0,0,0,0,220185,3,0
0,0,0,0,39,28,9919,357,0,0,0,0,0,216322,3,0
1,0,0,0,17,29,9920,357,1,0,0,0,1,208691,3,0
0,0,0,0,22,29,9921,357,0,0,0,0,0,70169,3,0
0,0,0,0,28,29,9922,357,0,0,0,0,0,217191,3,0
0,0,0,0,25,29,9923,357,0,0,0,0,0,278992,3,0
0,0,0,0,26,29,9924,357,0,0,0,0,0,278961,3,0
0,0,0,0,24,29,9925,357,0,0,0,0,0,271677,3,0
0,0,0,0,1,0,9926,381,0,0,0,0,0,212175,3,0
0,0,0,0,18,3,9927,381,0,0,0,0,0,278030,3,0
3,0,0,0,5,4,9928,381,0,0,0,0,0,203430,3,0
2,0,0,0,17,5,9929,381,0,0,0,0,0,186130,3,0
3,0,0,0,6,6,9930,381,0,0,0,0,0,187154,3,0
0,0,0,0,11,7,9931,381,0,0,0,0,0,269149,3,0
4,0,0,1,4,10,9932,381,0,0,0,0,0,238758,3,0
9,0,0,1,8,13,9933,381,1,0,0,0,2,275763,3,0
2,0,0,0,15,15,9934,381,0,0,0,0,0,246874,3,0
8,0,0,1,20,24,9935,381,0,0,0,0,1,248126,3,0
7,0,0,1,23,26,9936,381,0,0,0,0,0,207828,3,0
8,0,0,1,34,28,9937,381,0,0,0,0,0,221953,3,0
4,0,0,1,16,28,9938,381,0,0,0,0,0,171923,3,0
0,0,0,0,7,28,9939,381,0,0,0,0,0,179636,3,0
1,0,0,0,24,28,9940,381,0,0,0,0,1,225873,3,0
0,0,0,0,12,28,9941,381,0,0,0,0,0,165502,3,0
4,0,0,1,19,28,9942,381,0,0,0,0,0,224887,3,0
1,0,0,0,9,28,9943,381,0,0,0,0,0,195481,3,0
2,0,0,0,21,28,9944,381,0,0,0,0,0,237696,3,0
0,0,0,0,13,28,9945,381,0,0,0,0,0,252862,3,0
0,0,0,0,29,28,9946,381,0,0,0,0,0,251564,3,0
0,0,0,0,3,28,9947,381,0,0,0,0,0,271073,3,0
0,0,0,0,35,28,9948,381,0,0,0,0,0,277416,3,0
0,0,0,0,40,0,9949,1480,0,0,0,0,0,222096,3,0
0,0,0,0,18,3,9950,1480,0,0,0,0,0,266821,3,0
0,0,0,0,26,4,9951,1480,0,0,0,0,0,228779,3,0
0,0,0,0,5,5,9952,1480,0,0,0,0,0,228928,3,0
0,0,0,0,22,6,9953,1480,0,0,0,0,0,248774,3,0
0,0,0,0,3,7,9954,1480,0,0,0,0,0,251312,3,0
0,0,0,0,33,10,9955,1480,0,0,0,0,0,270491,3,0
0,0,0,0,10,13,9956,1480,0,0,0,0,1,247336,3,0
0,0,0,0,21,15,9957,1480,0,0,0,0,0,205232,3,0
0,0,0,0,9,24,9958,1480,0,0,0,0,0,228113,3,0
1,0,0,1,35,26,9959,1480,0,0,0,0,0,226950,3,0
0,0,0,0,37,28,9960,1480,0,0,0,0,0,71164,3,0
0,0,0,0,7,28,9961,1480,0,0,0,0,0,240813,3,0
0,0,0,0,36,28,9962,1480,0,0,0,0,0,203060,3,0
0,0,0,0,6,28,9963,1480,0,0,0,0,0,170342,3,0
0,0,0,0,13,28,9964,1480,0,0,0,0,0,261472,3,0
0,0,0,0,24,28,9965,1480,0,0,0,0,0,212223,3,0
0,0,0,0,27,28,9966,1480,0,0,0,0,0,241452,3,0
0,0,0,0,19,28,9967,1480,0,0,0,0,0,264275,3,0
0,0,0,0,2,28,9968,1480,0,0,0,0,0,263951,3,0
0,0,0,0,32,28,9969,1480,0,0,0,0,0,229912,3,0
0,0,0,0,11,28,9970,1480,0,0,0,0,0,241646,3,0
0,0,0,0,25,28,9971,1480,0,0,0,0,0,244867,3,0
0,0,0,0,17,29,9972,1480,0,0,0,0,0,242007,3,0
0,0,0,0,1,29,9973,1480,0,0,0,0,0,199321,3,0
0,0,0,0,8,29,9974,1480,0,0,0,0,0,227878,3,0
0,0,0,0,28,29,9975,1480,0,0,0,0,0,240967,3,0
0,0,0,0,15,29,9976,1480,0,0,0,0,0,252888,3,0
0,0,0,0,30,29,9977,1480,0,0,0,0,0,279229,3,0
0,0,0,0,12,29,9978,1480,0,0,0,0,0,266368,3,0
0,0,0,0,29,29,9979,1480,0,0,0,0,0,279226,3,0
0,0,0,0,16,29,9980,1480,0,0,0,0,0,241895,3,0
0,0,0,0,32,0,9981,1798,0,0,0,0,0,222612,3,0
1,0,0,0,29,3,9982,1798,0,0,0,0,0,246662,3,0
0,0,0,0,4,4,9983,1798,0,0,0,0,0,241507,3,0
3,0,0,0,5,5,9984,1798,0,0,0,0,0,235728,3,0
3,0,0,0,21,6,9985,1798,0,0,0,0,0,226514,3,0
7,0,0,1,14,7,9986,1798,0,0,0,0,0,263801,3,0
13,0,0,1,8,12,9987,1798,1,0,0,0,2,208302,3,0
6,0,0,0,11,13,9988,1798,1,0,0,0,1,216467,3,0
0,0,0,0,50,15,9989,1798,0,0,0,0,0,261374,3,0
4,0,0,0,24,16,9990,1798,0,0,0,0,1,252178,3,0
15,0,0,1,18,25,9991,1798,0,0,0,0,2,261325,3,0
17,1,0,1,27,28,9992,1798,0,0,0,0,0,238059,3,0
1,0,0,0,6,28,9993,1798,0,0,0,0,0,224017,3,0
0,0,0,0,17,28,9994,1798,0,0,0,0,0,230697,3,0
0,0,0,0,2,28,9995,1798,0,0,0,0,0,213151,3,0
0,0,0,0,33,28,9996,1798,0,0,0,0,0,268583,3,0
8,0,0,1,9,28,9997,1798,1,0,0,0,2,203287,3,0
0,0,0,0,3,28,9998,1798,0,0,0,0,0,138830,3,0
0,0,0,0,26,28,9999,1798,0,0,0,0,0,203139,3,0
4,0,0,0,30,28,10000,1798,0,0,0,0,0,257614,3,0
3,0,0,0,22,28,10001,1798,1,0,0,0,2,271626,3,0
0,0,0,0,19,28,10002,1798,0,0,0,0,0,262133,3,0
0,0,0,0,31,28,10003,1798,0,0,0,0,0,266371,3,0
0,0,0,0,25,0,10004,1802,0,0,0,0,0,236337,3,0
1,0,0,0,24,3,10005,1802,0,0,0,0,0,240248,3,0
0,0,0,0,5,4,10006,1802,0,0,0,0,0,200812,3,0
6,0,0,1,4,6,10007,1802,0,0,0,0,0,232102,3,0
1,0,0,0,3,7,10008,1802,0,0,0,0,0,223981,3,0
0,0,0,0,18,9,10009,1802,0,0,0,0,0,241409,3,0
5,0,0,1,38,11,10010,1802,1,0,0,0,2,206142,3,0
7,0,0,1,23,12,10011,1802,0,0,0,0,1,220045,3,0
1,0,0,0,11,16,10012,1802,0,0,0,0,0,262879,3,0
0,0,0,0,8,18,10013,1802,0,0,0,0,0,198776,3,0
6,0,0,1,9,25,10014,1802,0,0,0,0,1,256786,3,0
0,0,0,0,19,28,10015,1802,0,0,0,0,0,272770,3,0
4,0,0,1,12,28,10016,1802,0,0,0,0,0,232174,3,0
1,0,0,0,6,28,10017,1802,0,0,0,0,0,181681,3,0
4,0,0,1,13,28,10018,1802,0,0,0,0,0,193185,3,0
0,0,0,0,1,28,10019,1802,0,0,0,0,0,19541,3,0
0,0,0,0,17,28,10020,1802,0,0,0,0,0,273813,3,0
1,0,0,0,14,28,10021,1802,0,0,0,0,0,231411,3,0
1,0,0,0,22,28,10022,1802,0,0,0,0,0,250811,3,0
1,0,0,0,47,28,10023,1802,0,0,0,0,0,229373,3,0
3,0,0,0,7,28,10024,1802,0,0,0,0,0,227682,3,0
2,0,0,0,10,28,10025,1802,0,0,0,0,0,234412,3,0
0,0,0,0,35,28,10026,1802,0,0,0,0,0,277046,3,0
0,0,0,0,29,29,10027,1802,0,0,0,0,0,265597,3,0
0,0,0,0,31,29,10028,1802,0,0,0,0,0,277045,3,0
0,0,0,0,22,0,10029,1803,0,0,0,0,0,248121,3,0
0,0,0,0,12,3,10030,1803,0,0,0,0,0,258614,3,0
1,0,0,0,2,4,10031,1803,0,0,0,0,0,274474,3,0
1,0,0,0,5,5,10032,1803,0,0,0,0,0,209493,3,0
3,0,0,0,21,6,10033,1803,0,0,0,0,0,248328,3,0
2,0,0,0,3,7,10034,1803,0,0,0,0,0,257776,3,0
1,0,0,0,14,10,10035,1803,0,0,0,0,0,223918,3,0
12,0,0,1,8,13,10036,1803,1,0,0,0,1,245893,3,0
3,0,0,0,25,15,10037,1803,0,0,0,0,1,245531,3,0
13,0,0,1,23,24,10038,1803,0,0,0,0,2,275006,3,0
1,0,0,0,18,26,10039,1803,0,0,0,0,0,239504,3,0
3,0,0,0,17,28,10040,1803,0,0,0,0,0,240323,3,0
1,0,0,0,26,28,10041,1803,0,0,0,0,0,251454,3,0
1,0,0,0,6,28,10042,1803,0,0,0,0,0,260818,3,0
0,0,0,0,10,28,10043,1803,0,0,0,0,0,240708,3,0
0,0,0,0,1,28,10044,1803,0,0,0,0,0,230893,3,0
5,0,0,1,39,28,10045,1803,0,0,0,0,1,224870,3,0
5,0,0,1,9,28,10046,1803,0,0,0,0,0,212683,3,0
4,0,0,1,4,28,10047,1803,0,0,0,0,0,253111,3,0
3,0,0,0,36,28,10048,1803,0,0,0,0,0,272456,3,0
2,0,0,0,20,28,10049,1803,0,0,0,0,0,238491,3,0
2,0,0,0,11,28,10050,1803,0,0,0,0,0,269954,3,0
1,0,0,0,24,28,10051,1803,0,0,0,0,0,240886,3,0
0,0,0,0,7,29,10052,1803,0,0,0,0,0,233114,3,0
0,0,0,0,19,29,10053,1803,0,0,0,0,0,276994,3,0
0,0,0,0,30,29,10054,1803,0,0,0,0,0,255196,3,0
0,0,0,0,35,29,10055,1803,0,0,0,0,0,272662,3,0
0,0,0,0,1,0,10056,1804,0,0,0,0,0,200525,3,0
4,0,0,0,2,3,10057,1804,0,0,0,0,0,219467,3,0
0,0,0,0,31,4,10058,1804,0,0,0,0,0,266147,3,0
0,0,0,0,4,5,10059,1804,0,0,0,0,0,193123,3,0
0,0,0,0,15,6,10060,1804,0,0,0,0,0,237341,3,0
1,0,0,0,3,7,10061,1804,0,0,0,0,0,193740,3,0
2,0,0,0,36,23,10062,1804,0,0,0,0,0,260473,3,0
1,0,0,0,6,13,10063,1804,0,0,0,0,0,200806,3,0
3,0,0,0,11,15,10064,1804,0,0,0,0,0,217140,3,0
3,0,0,0,12,27,10065,1804,0,0,0,0,0,237503,3,0
17,1,0,1,9,25,10066,1804,1,0,0,0,2,192450,3,0
5,0,0,1,14,28,10067,1804,0,0,0,0,1,240775,3,0
0,0,0,0,27,28,10068,1804,0,0,0,0,0,169465,3,0
4,0,0,0,23,28,10069,1804,1,0,0,0,2,275972,3,0
0,0,0,0,26,28,10070,1804,0,0,0,0,0,175314,3,0
0,0,0,0,13,28,10071,1804,0,0,0,0,0,162901,3,0
0,0,0,0,20,28,10072,1804,0,0,0,0,0,228318,3,0
0,0,0,0,18,28,10073,1804,0,0,0,0,0,231396,3,0
0,0,0,0,32,28,10074,1804,0,0,0,0,0,251590,3,0
2,0,0,0,5,28,10075,1804,0,0,0,0,0,234261,3,0
0,0,0,0,29,28,10076,1804,0,0,0,0,0,269990,3,0
16,0,0,1,28,28,10077,1804,0,0,0,0,0,248839,3,0
2,0,0,0,10,28,10078,1804,0,0,0,0,0,230812,3,0
0,0,0,0,22,29,10079,1804,0,0,0,0,0,262930,3,0
1,0,0,0,33,29,10080,1804,0,0,0,0,0,244275,3,0
8,0,0,1,7,29,10081,1804,1,0,0,0,3,206565,3,0
5,0,0,1,8,29,10082,1804,1,0,0,0,1,266828,3,0
0,0,0,0,25,29,10083,1804,0,0,0,0,0,262741,3,0
0,0,0,0,39,29,10084,1804,0,0,0,0,0,71165,3,0
0,0,0,0,1,0,10085,1924,0,0,0,0,0,268631,3,0
0,0,0,0,22,3,10086,1924,0,0,0,0,0,229369,3,0
0,0,0,0,21,4,10087,1924,0,0,0,0,0,201851,3,0
0,0,0,0,5,6,10088,1924,0,0,0,0,0,193478,3,0
0,0,0,0,3,7,10089,1924,0,0,0,0,0,246194,3,0
0,0,0,0,8,9,10090,1924,0,0,0,0,0,230590,3,0
0,0,0,0,4,11,10091,1924,0,0,0,0,0,206536,3,0
0,0,0,0,7,12,10092,1924,0,0,0,0,0,226172,3,0
0,0,0,0,17,16,10093,1924,0,0,0,0,0,247722,3,0
0,0,0,0,10,18,10094,1924,0,0,0,0,0,194091,3,0
0,0,0,0,9,25,10095,1924,0,0,0,0,0,194122,3,0
0,0,0,0,11,28,10096,1924,0,0,0,0,0,211623,3,0
0,0,0,0,28,28,10097,1924,0,0,0,0,0,200928,3,0
0,0,0,0,35,28,10098,1924,0,0,0,0,0,177692,3,0
0,0,0,0,12,28,10099,1924,0,0,0,0,0,72395,3,0
0,0,0,0,23,28,10100,1924,0,0,0,0,0,213408,3,0
0,0,0,0,27,28,10101,1924,0,0,0,0,0,230881,3,0
0,0,0,0,18,28,10102,1924,0,0,0,0,0,256481,3,0
0,0,0,0,30,28,10103,1924,0,0,0,0,0,72582,3,0
0,0,0,0,15,28,10104,1924,0,0,0,0,0,72583,3,0
0,0,0,0,40,28,10105,1924,0,0,0,0,0,72431,3,0
0,0,0,0,1,0,10106,1928,0,0,0,0,0,202770,3,0
0,0,0,0,4,3,10107,1928,0,0,0,0,0,242366,3,0
0,0,0,0,17,4,10108,1928,0,0,0,0,0,230919,3,0
0,0,0,0,27,5,10109,1928,0,0,0,0,0,245070,3,0
0,0,0,0,6,6,10110,1928,0,0,0,0,0,222625,3,0
0,0,0,0,21,7,10111,1928,0,0,0,0,0,271126,3,0
0,0,0,0,10,12,10112,1928,0,0,0,0,1,258102,3,0
0,0,0,0,20,13,10113,1928,0,0,0,0,0,246054,3,0
0,0,0,0,14,15,10114,1928,0,0,0,0,0,184242,3,0
0,0,0,0,8,16,10115,1928,0,0,0,0,0,255930,3,0
0,0,0,0,9,25,10116,1928,0,0,0,0,0,236611,3,0
0,0,0,0,12,28,10117,1928,0,0,0,0,0,216265,3,0
0,0,0,0,19,28,10118,1928,0,0,0,0,0,199498,3,0
0,0,0,0,23,28,10119,1928,0,0,0,0,0,277412,3,0
0,0,0,0,16,28,10120,1928,0,0,0,0,0,200292,3,0
0,0,0,0,13,28,10121,1928,0,0,0,0,0,183347,3,0
0,0,0,0,25,28,10122,1928,0,0,0,0,0,279571,3,0
0,0,0,0,24,28,10123,1928,0,0,0,0,0,277413,3,0
0,0,0,0,11,28,10124,1928,0,0,0,0,0,254859,3,0
0,0,0,0,18,28,10125,1928,0,0,0,0,0,226057,3,0
0,0,0,0,44,28,10126,1928,0,0,0,0,0,268443,3,0
0,0,0,0,7,28,10127,1928,0,0,0,0,0,240604,3,0
0,0,0,0,3,28,10128,1928,0,0,0,0,0,214134,3,0
0,0,0,0,30,29,10129,1928,0,0,0,0,0,279092,3,0
0,0,0,0,15,29,10130,1928,0,0,0,0,0,216790,3,0
0,0,0,0,5,29,10131,1928,0,0,0,0,0,264367,3,0
0,0,0,0,28,29,10132,1928,0,0,0,0,0,72218,3,0
0,0,0,0,1,0,10133,1934,0,0,0,0,0,258943,3,0
0,0,0,0,7,3,10134,1934,0,0,0,0,0,230847,3,0
1,0,0,0,22,4,10135,1934,0,0,0,0,0,247073,3,0
0,0,0,0,24,5,10136,1934,0,0,0,0,0,229771,3,0
2,0,0,0,5,6,10137,1934,0,0,0,0,0,250758,3,0
2,0,0,0,17,7,10138,1934,1,0,0,0,1,261992,3,0
0,0,0,0,59,10,10139,1934,0,0,0,0,0,243044,3,0
3,0,0,1,20,13,10140,1934,0,0,0,0,0,252758,3,0
1,0,0,0,6,15,10141,1934,0,0,0,0,0,241160,3,0
12,0,0,1,32,24,10142,1934,2,0,0,0,2,195671,3,0
7,0,0,1,9,26,10143,1934,0,0,0,0,1,247507,3,0
1,0,0,0,8,28,10144,1934,0,0,0,0,0,270607,3,0
2,0,0,0,16,28,10145,1934,0,0,0,0,0,253482,3,0
0,0,0,0,29,28,10146,1934,0,0,0,0,0,264569,3,0
1,0,0,0,12,28,10147,1934,0,0,0,0,0,237190,3,0
0,0,0,0,25,28,10148,1934,0,0,0,0,0,271667,3,0
1,0,0,0,10,28,10149,1934,0,0,0,0,0,229398,3,0
4,0,0,1,23,28,10150,1934,0,0,0,0,0,242286,3,0
5,0,0,1,11,28,10151,1934,0,0,0,0,0,228148,3,0
2,0,0,0,15,28,10152,1934,0,0,0,0,0,263149,3,0
0,0,0,0,19,28,10153,1934,0,0,0,0,0,238189,3,0
0,0,0,0,31,28,10154,1934,0,0,0,0,0,265562,3,0
0,0,0,0,4,28,10155,1934,0,0,0,0,0,253429,3,0
0,0,0,0,18,29,10156,1934,0,0,0,0,0,253095,3,0
0,0,0,0,3,29,10157,1934,0,0,0,0,0,270347,3,0
0,0,0,0,38,29,10158,1934,0,0,0,0,0,274071,3,0
0,0,0,0,35,29,10159,1934,0,0,0,0,0,277534,3,0
0,0,0,0,48,29,10160,1934,0,0,0,0,0,278993,3,0
0,0,0,0,1,0,10161,1935,0,0,0,0,0,276806,3,0
0,0,0,0,2,3,10162,1935,0,0,0,0,0,258516,3,0
1,0,0,0,15,4,10163,1935,0,0,0,0,0,272673,3,0
0,0,0,0,5,6,10164,1935,0,0,0,0,0,257863,3,0
1,0,0,0,3,7,10165,1935,0,0,0,0,0,230014,3,0
0,0,0,0,33,9,10166,1935,0,0,0,0,0,258622,3,0
5,0,0,1,16,11,10167,1935,0,0,0,0,0,236818,3,0
2,0,0,0,17,12,10168,1935,0,0,0,0,0,225125,3,0
0,0,0,0,11,16,10169,1935,0,0,0,0,0,258627,3,0
4,0,0,1,10,18,10170,1935,1,0,0,0,1,246326,3,0
2,0,0,0,24,25,10171,1935,0,0,0,0,0,186112,3,0
4,0,0,1,14,28,10172,1935,0,0,0,0,0,206263,3,0
4,0,0,1,48,28,10173,1935,0,0,0,0,0,268886,3,0
1,0,0,0,7,28,10174,1935,0,0,0,0,0,220187,3,0
1,0,0,0,6,28,10175,1935,0,0,0,0,0,213653,3,0
0,0,0,0,29,28,10176,1935,0,0,0,0,0,229393,3,0
2,0,0,0,27,28,10177,1935,0,0,0,0,0,246789,3,0
0,0,0,0,22,28,10178,1935,0,0,0,0,0,241699,3,0
9,0,0,1,13,28,10179,1935,0,0,0,0,0,206089,3,0
0,0,0,0,18,28,10180,1935,0,0,0,0,0,228472,3,0
1,0,0,0,4,28,10181,1935,0,0,0,0,0,227948,3,0
0,0,0,0,26,28,10182,1935,0,0,0,0,0,251427,3,0
0,0,0,0,12,28,10183,1935,0,0,0,0,0,273889,3,0
0,0,0,0,21,29,10184,1935,0,0,0,0,0,262206,3,0
2,0,0,0,37,29,10185,1935,0,0,0,0,0,252473,3,0
4,0,0,1,9,29,10186,1935,0,0,0,0,0,258749,3,0
0,0,0,0,8,29,10187,1935,0,0,0,0,0,213120,3,0
0,0,0,0,28,29,10188,1935,0,0,0,0,0,277209,3,0
0,0,0,0,31,29,10189,1935,0,0,0,0,0,262207,3,0
0,0,0,0,44,29,10190,1935,0,0,0,0,0,262203,3,0
0,0,0,0,40,29,10191,1935,0,0,0,0,0,262028,3,0
0,0,0,0,47,29,10192,1935,0,0,0,0,0,274742,3,0
0,0,0,0,21,0,10193,1936,0,0,0,0,0,245335,3,0
0,0,0,0,2,3,10194,1936,0,0,0,0,0,218591,3,0
0,0,0,0,33,4,10195,1936,0,0,0,0,0,163761,3,0
0,0,0,0,4,5,10196,1936,0,0,0,0,0,247518,3,0
0,0,0,0,6,6,10197,1936,0,0,0,0,0,237175,3,0
0,0,0,0,15,7,10198,1936,0,0,0,0,0,241875,3,0
0,0,0,0,23,10,10199,1936,0,0,0,0,0,253374,3,0
0,0,0,0,34,13,10200,1936,0,0,0,0,0,223902,3,0
0,0,0,0,7,15,10201,1936,0,0,0,0,0,222405,3,0
0,0,0,0,19,24,10202,1936,0,0,0,0,0,240715,3,0
2,0,0,1,9,26,10203,1936,1,0,0,0,2,228668,3,0
0,0,0,0,10,28,10204,1936,0,0,0,0,0,237863,3,0
0,0,0,0,26,28,10205,1936,0,0,0,0,1,221349,3,0
0,0,0,0,8,28,10206,1936,0,0,0,0,1,188490,3,0
0,0,0,0,25,28,10207,1936,0,0,0,0,0,213692,3,0
0,0,0,0,1,28,10208,1936,0,0,0,0,0,235027,3,0
0,0,0,0,27,28,10209,1936,0,0,0,0,0,70787,3,0
0,0,0,0,5,28,10210,1936,0,0,0,0,0,256482,3,0
0,0,0,0,3,28,10211,1936,0,0,0,0,0,240585,3,0
0,0,0,0,17,28,10212,1936,0,0,0,0,0,247166,3,0
0,0,0,0,32,28,10213,1936,0,0,0,0,0,222978,3,0
0,0,0,0,11,28,10214,1936,0,0,0,0,0,260723,3,0
0,0,0,0,30,28,10215,1936,0,0,0,0,0,275323,3,0
0,0,0,0,14,29,10216,1936,0,0,0,0,0,277516,3,0
0,0,0,0,29,29,10217,1936,0,0,0,0,0,277860,3,0
0,0,0,0,1,0,10218,1937,0,0,0,0,0,189909,3,0
1,0,0,0,28,4,10219,1937,0,0,0,0,0,263739,3,0
1,0,0,0,15,5,10220,1937,0,0,0,0,0,234940,3,0
1,0,0,0,4,6,10221,1937,0,0,0,0,0,232114,3,0
0,0,0,0,20,10,10222,1937,0,0,0,0,0,253974,3,0
8,0,0,1,11,12,10223,1937,0,0,0,0,0,223977,3,0
15,0,0,1,7,13,10224,1937,0,0,0,0,1,224956,3,0
4,0,0,0,8,15,10225,1937,0,0,0,0,0,225118,3,0
6,0,0,1,10,16,10226,1937,0,0,0,0,0,227764,3,0
5,0,0,0,29,24,10227,1937,0,0,0,0,0,256738,3,0
28,1,0,1,9,26,10228,1937,0,0,0,1,2,275347,3,0
12,0,0,1,17,28,10229,1937,0,0,0,0,0,180818,3,0
2,0,0,0,16,28,10230,1937,0,0,0,0,0,184387,3,0
0,0,0,0,23,28,10231,1937,0,0,0,0,0,189171,3,0
0,0,0,0,32,28,10232,1937,0,0,0,0,0,270380,3,0
0,0,0,0,31,28,10233,1937,0,0,0,0,0,242382,3,0
0,0,0,0,19,28,10234,1937,0,0,0,0,0,237866,3,0
4,0,0,0,6,28,10235,1937,0,0,0,0,0,186849,3,0
0,0,0,0,14,28,10236,1937,0,0,0,0,0,222361,3,0
1,0,0,0,5,28,10237,1937,0,0,0,0,0,243645,3,0
0,0,0,0,2,28,10238,1937,0,0,0,0,0,212833,3,0
0,0,0,0,44,28,10239,1937,0,0,0,0,0,225542,3,0
1,0,0,0,27,28,10240,1937,0,0,0,0,0,210639,3,0
0,0,0,0,26,29,10241,1937,0,0,0,0,0,243594,3,0
0,0,0,0,21,29,10242,1937,0,0,0,0,0,228178,3,0
0,0,0,0,18,29,10243,1937,0,0,0,0,0,211228,3,0
0,0,0,0,24,29,10244,1937,0,0,0,0,0,246080,3,0
0,0,0,0,42,29,10245,1937,0,0,0,0,0,278962,3,0
0,0,0,0,41,29,10246,1937,0,0,0,0,0,278868,3,0
0,0,0,0,43,29,10247,1937,0,0,0,0,0,279636,3,0
0,0,0,0,1,0,10248,15048,0,0,0,0,0,225361,3,0
0,0,0,0,2,3,10249,15048,0,0,0,0,0,243840,3,0
3,0,0,0,5,4,10250,15048,0,0,0,0,0,222947,3,0
2,0,0,0,6,6,10251,15048,0,0,0,0,0,206170,3,0
0,0,0,0,27,7,10252,15048,0,0,0,0,0,236365,3,0
12,0,0,1,25,12,10253,15048,0,0,0,0,3,259507,3,0
0,0,0,0,4,13,10254,15048,0,0,0,0,0,213519,3,0
5,0,0,1,8,15,10255,15048,0,0,0,0,0,227947,3,0
9,0,0,1,7,16,10256,15048,0,0,0,0,0,208852,3,0
12,0,0,1,18,24,10257,15048,0,0,0,0,1,207620,3,0
4,0,0,0,9,26,10258,15048,1,0,0,0,1,203416,3,0
2,0,0,0,14,28,10259,15048,0,0,0,0,0,187796,3,0
3,0,0,0,19,28,10260,15048,0,0,0,0,1,251261,3,0
6,0,0,1,11,28,10261,15048,0,0,0,0,0,237731,3,0
0,0,0,0,21,28,10262,15048,0,0,0,0,0,229604,3,0
0,0,0,0,13,28,10263,15048,0,0,0,0,0,52679,3,0
4,0,0,0,12,28,10264,15048,0,0,0,0,0,246333,3,0
0,0,0,0,22,28,10265,15048,0,0,0,0,0,237208,3,0
0,0,0,0,16,28,10266,15048,0,0,0,0,0,240674,3,0
0,0,0,0,24,28,10267,15048,0,0,0,0,0,256964,3,0
0,0,0,0,23,28,10268,15048,0,0,0,0,0,252415,3,0
2,0,0,0,20,28,10269,15048,0,0,0,0,0,266332,3,0
0,0,0,0,26,28,10270,15048,0,0,0,0,0,264561,3,0
0,0,0,0,3,29,10271,15048,0,0,0,0,0,263648,3,0
0,0,0,0,30,29,10272,15048,0,0,0,0,0,251674,3,0
0,0,0,0,31,29,10273,15048,0,0,0,0,0,252892,3,0
0,0,0,0,29,29,10274,15048,0,0,0,0,0,278241,3,0
0,0,0,0,32,29,10275,15048,0,0,0,0,0,71044,3,0
0,0,0,0,28,29,10276,15048,0,0,0,0,0,276075,3,0
0,0,0,0,15,29,10277,15048,0,0,0,0,0,262564,3,0
0,0,0,0,21,0,10278,110313,0,0,0,0,0,269694,3,0
0,0,0,0,38,3,10279,110313,0,0,0,0,0,275300,3,0
3,0,0,0,5,4,10280,110313,0,0,0,0,0,276436,3,0
0,0,0,0,16,6,10281,110313,0,0,0,0,0,255071,3,0
2,0,0,0,2,7,10282,110313,1,0,0,0,1,277007,3,0
0,0,0,0,22,9,10283,110313,0,0,0,0,0,258592,3,0
2,0,0,0,8,11,10284,110313,0,0,0,0,0,278040,3,0
17,1,0,1,17,12,10285,110313,2,0,0,0,3,243696,3,0
7,0,0,1,7,16,10286,110313,0,0,0,0,1,167512,3,0
4,0,0,1,30,18,10287,110313,1,0,0,0,1,276980,3,0
8,0,0,1,18,25,10288,110313,0,0,0,0,1,263371,3,0
6,0,0,1,10,28,10289,110313,0,0,0,0,0,231145,3,0
0,0,0,0,28,28,10290,110313,0,0,0,0,0,187782,3,0
2,0,0,0,14,28,10291,110313,0,0,0,0,0,244985,3,0
0,0,0,0,4,28,10292,110313,0,0,0,0,0,200286,3,0
0,0,0,0,1,28,10293,110313,0,0,0,0,0,251165,3,0
3,0,0,0,19,28,10294,110313,0,0,0,0,0,262522,3,0
1,0,0,0,39,28,10295,110313,0,0,0,0,0,263811,3,0
0,0,0,0,6,28,10296,110313,0,0,0,0,0,238410,3,0
2,0,0,0,55,28,10297,110313,0,0,0,0,0,252748,3,0
0,0,0,0,25,28,10298,110313,0,0,0,0,0,274138,3,0
0,0,0,0,3,28,10299,110313,0,0,0,0,0,266412,3,0
2,0,0,0,11,28,10300,110313,0,0,0,0,0,191108,3,0
0,0,0,0,15,29,10301,110313,0,0,0,0,0,245213,3,0
0,0,0,0,9,29,10302,110313,0,0,0,0,0,224868,3,0
0,0,0,0,61,29,10303,110313,0,0,0,0,0,277655,3,0
0,0,0,0,23,29,10304,110313,0,0,0,0,0,271736,3,0
0,0,0,0,26,29,10305,110313,0,0,0,0,0,268265,3,0
0,0,0,0,20,29,10306,110313,0,0,0,0,0,267926,3,0
0,0,0,0,12,29,10307,110313,0,0,0,0,0,270374,3,0
0,0,0,0,27,29,10308,110313,0,0,0,0,0,276982,3,0
0,0,0,0,24,29,10309,110313,0,0,0,0,0,267927,3,0
0,0,0,0,13,29,10310,110313,0,0,0,0,0,258591,3,0
0,0,0,0,31,0,10311,112222,0,0,0,0,0,257862,3,0
1,0,0,0,6,4,10312,112222,0,0,0,0,0,257873,3,0
4,0,0,1,15,5,10313,112222,0,0,0,0,0,204297,3,0
2,0,0,0,23,6,10314,112222,1,0,0,0,1,227854,3,0
0,0,0,0,2,12,10315,112222,0,0,0,0,0,70741,3,0
16,0,0,1,7,13,10316,112222,0,0,0,0,3,257872,3,0
2,0,0,0,8,15,10317,112222,0,0,0,0,0,258214,3,0
9,0,0,1,9,16,10318,112222,1,0,0,0,2,255049,3,0
6,0,0,1,10,18,10319,112222,0,0,0,0,0,244673,3,0
11,0,0,1,18,24,10320,112222,0,0,0,0,1,223073,3,0
1,0,0,0,24,26,10321,112222,0,0,0,0,0,254925,3,0
0,0,0,0,4,28,10322,112222,0,0,0,0,0,190625,3,0
1,0,0,0,17,28,10323,112222,0,0,0,0,0,225498,3,0
0,0,0,0,30,28,10324,112222,0,0,0,0,0,232648,3,0
0,0,0,0,14,28,10325,112222,0,0,0,0,0,273036,3,0
0,0,0,0,1,28,10326,112222,0,0,0,0,0,186494,3,0
0,0,0,0,27,28,10327,112222,0,0,0,0,0,278314,3,0
3,0,0,0,12,28,10328,112222,0,0,0,0,0,253000,3,0
0,0,0,0,21,28,10329,112222,0,0,0,0,0,216478,3,0
0,0,0,0,22,28,10330,112222,0,0,0,0,0,223744,3,0
0,0,0,0,3,28,10331,112222,0,0,0,0,0,182694,3,0
0,0,0,0,16,28,10332,112222,0,0,0,0,0,200633,3,0
0,0,0,0,19,28,10333,112222,0,0,0,0,0,262542,3,0
0,0,0,0,38,29,10334,112222,0,0,0,0,0,276031,3,0
0,0,0,0,33,29,10335,112222,0,0,0,0,0,265605,3,0
0,0,0,0,34,29,10336,112222,0,0,0,0,0,265630,3,0
0,0,0,0,37,29,10337,112222,0,0,0,0,0,268616,3,0
0,0,0,0,1,0,10338,112254,0,0,0,0,0,212560,3,0
3,0,0,0,19,3,10339,112254,0,0,0,0,0,233245,3,0
0,0,0,0,28,4,10340,112254,0,0,0,0,0,271876,3,0
0,0,0,0,17,5,10341,112254,0,0,0,0,0,190240,3,0
1,0,0,0,23,6,10342,112254,0,0,0,0,0,238073,3,0
2,0,0,0,3,7,10343,112254,0,0,0,0,0,243056,3,0
2,0,0,0,24,10,10344,112254,0,0,0,0,0,193771,3,0
5,0,0,1,20,13,10345,112254,1,0,0,0,1,225383,3,0
7,0,0,1,8,15,10346,112254,0,0,0,0,0,212682,3,0
21,1,0,1,7,24,10347,112254,0,0,0,0,1,269329,3,0
3,0,0,0,10,26,10348,112254,0,0,0,0,0,227997,3,0
0,0,0,0,31,28,10349,112254,0,0,0,0,0,244201,3,0
7,0,0,1,30,28,10350,112254,0,0,0,0,0,276942,3,0
0,0,0,0,33,28,10351,112254,0,0,0,0,0,261517,3,0
1,0,0,0,2,28,10352,112254,0,0,0,0,0,268788,3,0
0,0,0,0,26,28,10353,112254,0,0,0,0,0,206500,3,0
0,0,0,0,11,28,10354,112254,0,0,0,0,0,239895,3,0
0,0,0,0,18,28,10355,112254,0,0,0,0,0,274820,3,0
0,0,0,0,14,28,10356,112254,0,0,0,0,0,268135,3,0
0,0,0,0,6,28,10357,112254,0,0,0,0,0,246956,3,0
0,0,0,0,36,28,10358,112254,0,0,0,0,0,278829,3,0
1,0,0,0,4,28,10359,112254,0,0,0,0,0,231284,3,0
0,0,0,0,15,28,10360,112254,0,0,0,0,0,277191,3,0
7,0,0,1,9,29,10361,112254,0,0,0,0,0,234496,3,0
0,0,0,0,5,29,10362,112254,0,0,0,0,0,229126,3,0
0,0,0,0,38,29,10363,112254,0,0,0,0,0,279102,3,0
0,0,0,0,41,29,10364,112254,0,0,0,0,0,279103,3,0
0,0,0,0,35,29,10365,112254,0,0,0,0,0,71975,3,0
0,0,0,0,12,0,10366,112259,0,0,0,0,0,225134,3,0
0,0,0,0,33,3,10367,112259,0,0,0,0,0,263938,3,0
4,0,0,1,31,4,10368,112259,0,0,0,0,2,250994,3,0
1,0,0,0,6,6,10369,112259,0,0,0,0,0,220956,3,0
1,0,0,0,26,7,10370,112259,0,0,0,0,0,258702,3,0
7,0,0,1,7,12,10371,112259,0,0,0,0,0,228642,3,0
2,0,0,0,4,13,10372,112259,0,0,0,0,0,203415,3,0
4,0,0,1,14,15,10373,112259,0,0,0,0,0,228577,3,0
1,0,0,0,11,16,10374,112259,0,0,0,0,0,251819,3,0
2,0,0,0,10,24,10375,112259,0,0,0,0,2,70782,3,0
13,0,0,1,18,26,10376,112259,3,0,0,0,3,238716,3,0
4,0,0,1,9,28,10377,112259,0,0,0,0,0,254838,3,0
1,0,0,0,16,28,10378,112259,0,0,0,0,0,243575,3,0
0,0,0,0,3,28,10379,112259,0,0,0,0,0,193958,3,0
1,0,0,0,5,28,10380,112259,0,0,0,0,0,273692,3,0
0,0,0,0,1,28,10381,112259,0,0,0,0,0,230971,3,0
5,0,0,1,24,28,10382,112259,1,0,0,0,1,228111,3,0
0,0,0,0,2,28,10383,112259,0,0,0,0,0,257087,3,0
0,0,0,0,15,28,10384,112259,0,0,0,0,0,178584,3,0
1,0,0,0,38,28,10385,112259,0,0,0,0,0,273464,3,0
0,0,0,0,29,28,10386,112259,0,0,0,0,0,274228,3,0
0,0,0,0,19,28,10387,112259,0,0,0,0,0,186590,3,0
1,0,0,0,8,28,10388,112259,0,0,0,0,0,199627,3,0
0,0,0,0,30,29,10389,112259,0,0,0,0,0,233383,3,0
0,0,0,0,25,29,10390,112259,0,0,0,0,0,276244,3,0
0,0,0,0,28,29,10391,112259,0,0,0,0,0,276241,3,0
0,0,0,0,23,29,10392,112259,0,0,0,0,0,276242,3,0
0,0,0,0,17,29,10393,112259,0,0,0,0,0,276240,3,0
0,0,0,0,27,29,10394,112259,0,0,0,0,0,268269,3,0
0,0,0,0,13,0,10395,112260,0,0,0,0,0,207606,3,0
0,0,0,0,11,3,10396,112260,0,0,0,0,0,229123,3,0
0,0,0,0,4,4,10397,112260,0,0,0,0,0,246723,3,0
0,0,0,0,16,5,10398,112260,0,0,0,0,0,200742,3,0
0,0,0,0,6,6,10399,112260,0,0,0,0,0,270373,3,0
0,0,0,0,2,7,10400,112260,1,0,0,0,1,256439,3,0
0,0,0,0,20,23,10401,112260,0,0,0,0,0,246096,3,0
0,0,0,0,5,13,10402,112260,0,0,0,0,1,277835,3,0
0,0,0,0,8,15,10403,112260,0,0,0,0,0,243767,3,0
0,0,0,0,33,27,10404,112260,0,0,0,0,0,225245,3,0
0,0,0,0,9,25,10405,112260,0,0,0,0,0,195427,3,0
0,0,0,0,10,28,10406,112260,0,0,0,0,0,192970,3,0
0,0,0,0,44,28,10407,112260,1,0,0,0,1,243845,3,0
0,0,0,0,26,28,10408,112260,0,0,0,0,0,256952,3,0
0,0,0,0,18,28,10409,112260,0,0,0,0,0,251264,3,0
0,0,0,0,30,28,10410,112260,0,0,0,0,0,273558,3,0
0,0,0,0,14,28,10411,112260,1,0,0,0,1,262651,3,0
0,0,0,0,3,28,10412,112260,0,0,0,0,0,252450,3,0
0,0,0,0,17,28,10413,112260,0,0,0,0,1,271668,3,0
0,0,0,0,22,28,10414,112260,0,0,0,0,0,252357,3,0
0,0,0,0,15,28,10415,112260,0,0,0,0,0,252970,3,0
0,0,0,0,12,28,10416,112260,0,0,0,0,0,250830,3,0
0,0,0,0,32,28,10417,112260,0,0,0,0,0,71216,3,0
0,0,0,0,19,29,10418,112260,0,0,0,0,0,246094,3,0
0,0,0,0,23,29,10419,112260,0,0,0,0,0,246166,3,0
0,0,0,0,34,29,10420,112260,0,0,0,0,0,267739,3,0
0,0,0,0,46,29,10421,112260,0,0,0,0,0,277994,3,0
0,0,0,0,38,29,10422,112260,0,0,0,0,0,279856,3,0
0,0,0,0,47,29,10423,112260,0,0,0,0,0,276927,3,0
0,0,0,0,1,0,10424,112764,0,0,0,0,0,219854,3,0
0,0,0,0,7,3,10425,112764,0,0,0,0,0,215815,3,0
0,0,0,0,16,4,10426,112764,0,0,0,0,0,278987,3,0
0,0,0,0,17,5,10427,112764,0,0,0,0,0,186122,3,0
0,0,0,0,2,6,10428,112764,0,0,0,0,0,186390,3,0
0,0,0,0,30,7,10429,112764,0,0,0,0,0,270683,3,0
0,0,0,0,11,12,10430,112764,0,0,0,0,0,203312,3,0
0,0,0,0,20,13,10431,112764,0,0,0,0,0,72454,3,0
0,0,0,0,4,15,10432,112764,0,0,0,0,0,234487,3,0
0,0,0,0,18,16,10433,112764,0,0,0,0,0,251257,3,0
0,0,0,0,9,25,10434,112764,0,0,0,0,0,72457,3,0
0,0,0,0,28,28,10435,112764,0,0,0,0,0,72456,3,0
0,0,0,0,6,28,10436,112764,0,0,0,0,0,245019,3,0
0,0,0,0,40,28,10437,112764,0,0,0,0,0,169700,3,0
0,0,0,0,23,28,10438,112764,0,0,0,0,0,251562,3,0
0,0,0,0,41,28,10439,112764,0,0,0,0,0,229274,3,0
0,0,0,0,29,28,10440,112764,0,0,0,0,0,233289,3,0
0,0,0,0,26,28,10441,112764,0,0,0,0,0,72458,3,0
0,0,0,0,3,28,10442,112764,0,0,0,0,0,264334,3,0
0,0,0,0,32,28,10443,112764,0,0,0,0,0,72451,3,0
0,0,0,0,31,28,10444,112764,0,0,0,0,0,72452,3,0
0,0,0,0,1,0,10445,113926,0,0,0,0,0,203215,3,0
0,0,0,0,3,3,10446,113926,0,0,0,0,0,211204,3,0
1,0,0,0,42,4,10447,113926,0,0,0,0,0,231481,3,0
3,0,0,1,16,6,10448,113926,0,0,0,0,0,240446,3,0
2,0,0,0,29,7,10449,113926,0,0,0,0,0,192319,3,0
1,0,0,0,54,23,10450,113926,0,0,0,0,0,258761,3,0
0,0,0,0,14,13,10451,113926,0,0,0,0,0,225847,3,0
1,0,0,0,6,14,10452,113926,0,0,0,0,0,241982,3,0
7,0,0,1,7,15,10453,113926,1,0,0,0,1,200744,3,0
6,0,0,1,18,27,10454,113926,0,0,0,0,0,197774,3,0
24,1,0,1,17,25,10455,113926,0,0,0,0,1,203756,3,0
9,0,0,1,9,28,10456,113926,1,0,0,0,2,240599,3,0
3,0,0,1,8,28,10457,113926,0,0,0,0,0,193173,3,0
0,0,0,0,4,28,10458,113926,0,0,0,0,0,251516,3,0
0,0,0,0,5,28,10459,113926,0,0,0,0,0,172953,3,0
0,0,0,0,31,28,10460,113926,0,0,0,0,0,264497,3,0
1,0,0,0,11,28,10461,113926,0,0,0,0,0,233727,3,0
0,0,0,0,20,28,10462,113926,0,0,0,0,0,264580,3,0
1,0,0,0,2,28,10463,113926,0,0,0,0,0,263684,3,0
0,0,0,0,32,28,10464,113926,0,0,0,0,0,216453,3,0
3,0,0,1,39,28,10465,113926,0,0,0,0,0,242967,3,0
3,0,0,1,30,28,10466,113926,0,0,0,0,0,263975,3,0
1,0,0,0,47,28,10467,113926,0,0,0,0,0,273465,3,0
0,0,0,0,19,29,10468,113926,0,0,0,0,0,277321,3,0
0,0,0,0,50,29,10469,113926,0,0,0,0,0,278067,3,0
0,0,0,0,51,29,10470,113926,0,0,0,0,0,278963,3,0
0,0,0,0,48,29,10471,113926,0,0,0,0,0,272432,3,0
0,0,0,0,46,29,10472,113926,0,0,0,0,0,278253,3,0
0,0,0,0,45,29,10473,113926,0,0,0,0,0,275467,3,0
0,0,0,0,30,0,10474,305,0,0,0,0,0,241052,3,0
0,0,0,0,41,3,10475,305,0,0,0,0,0,246002,3,0
0,0,0,0,4,4,10476,305,0,0,0,0,0,247014,3,0
1,0,0,1,38,6,10477,305,0,0,0,0,0,265669,3,0
0,0,0,0,3,7,10478,305,0,0,0,0,0,241687,3,0
0,0,0,0,17,9,10479,305,0,0,0,0,0,227679,2,0
3,0,0,1,6,11,10480,305,0,0,0,0,0,227288,3,0
0,0,0,0,10,12,10481,305,0,0,0,0,0,212106,3,0
1,0,0,1,8,16,10482,305,0,0,0,0,0,255621,3,0
2,0,0,1,15,18,10483,305,0,0,0,0,0,261276,3,0
4,0,0,1,11,25,10484,305,0,0,0,0,0,224866,3,0
0,0,0,0,12,28,10485,305,0,0,0,0,0,243163,3,0
0,0,0,0,14,28,10486,305,0,0,0,0,0,271618,3,0
0,0,0,0,2,28,10487,305,0,0,0,0,0,263134,3,0
0,0,0,0,24,28,10488,305,0,0,0,0,0,272877,3,0
0,0,0,0,25,28,10489,305,0,0,0,0,0,261284,3,0
1,0,0,1,20,28,10490,305,0,0,0,0,0,70467,3,0
1,0,0,1,7,28,10491,305,0,0,0,0,0,219925,2,0
0,0,0,0,19,28,10492,305,0,0,0,0,0,70468,3,0
0,0,0,0,18,28,10493,305,0,0,0,0,0,257895,3,0
1,0,0,1,9,28,10494,305,0,0,0,0,0,239245,3,0
0,0,0,0,29,28,10495,305,0,0,0,0,0,271947,3,0
0,0,0,0,27,28,10496,305,0,0,0,0,0,70469,3,0
0,0,0,0,1,29,10497,305,0,0,0,0,0,225406,3,0
0,0,0,0,26,29,10498,305,0,0,0,0,0,277859,3,0
0,0,0,0,28,29,10499,305,0,0,0,0,0,71132,3,0
0,0,0,0,31,29,10500,305,0,0,0,0,0,277856,3,0
0,0,0,0,16,29,10501,305,0,0,0,0,0,202881,3,0
0,0,0,0,5,29,10502,305,0,0,0,0,0,213502,3,0
0,0,0,0,13,29,10503,305,0,0,0,0,0,72266,3,0
0,0,0,0,1,0,10504,306,0,0,0,0,0,247434,2,0
1,0,0,1,6,4,10505,306,0,0,0,0,0,233056,4,0
1,0,0,1,4,5,10506,306,0,0,0,0,0,202014,3,0
1,0,0,1,2,6,10507,306,0,0,0,0,0,252754,2,0
0,0,0,0,23,12,10508,306,0,0,0,0,0,247001,3,0
1,0,0,1,19,13,10509,306,0,0,0,0,0,273571,3,0
0,0,0,0,16,15,10510,306,0,0,0,0,0,221534,3,0
0,0,0,0,18,16,10511,306,0,0,0,0,0,231926,3,0
0,0,0,0,29,17,10512,306,0,0,0,0,0,218744,3,0
4,0,0,1,21,19,10513,306,0,0,0,0,0,251219,3,0
8,1,0,1,9,25,10514,306,0,0,0,0,0,198543,4,0
1,0,0,1,10,28,10515,306,0,0,0,0,0,183544,3,0
1,0,0,1,17,28,10516,306,0,0,0,0,0,202465,3,0
0,0,0,0,3,28,10517,306,0,0,0,0,0,211978,3,0
0,0,0,0,5,28,10518,306,0,0,0,0,0,231303,3,0
0,0,0,0,25,28,10519,306,0,0,0,0,0,227570,3,0
1,0,0,1,20,28,10520,306,0,0,0,0,0,207491,3,0
0,0,0,0,7,28,10521,306,0,0,0,0,0,236364,3,0
1,0,0,1,15,28,10522,306,0,0,0,0,0,259472,3,0
0,0,0,0,11,28,10523,306,0,0,0,0,0,209526,2,0
6,1,0,1,24,28,10524,306,0,0,0,0,0,260951,3,0
0,0,0,0,34,28,10525,306,0,0,0,0,0,261876,4,0
0,0,0,0,32,28,10526,306,0,0,0,0,0,71146,3,0
0,0,0,0,26,29,10527,306,0,0,0,0,0,271556,3,0
0,0,0,0,30,29,10528,306,0,0,0,0,0,271554,3,0
0,0,0,0,14,29,10529,306,0,0,0,0,0,71145,3,0
0,0,0,0,27,29,10530,306,0,0,0,0,0,277852,3,0
0,0,0,0,8,29,10531,306,0,0,0,0,0,225998,3,0
0,0,0,0,1,0,10532,423,0,0,0,0,0,208697,4,0
0,0,0,0,23,3,10533,423,0,0,0,0,0,210392,3,0
1,0,0,1,22,4,10534,423,0,0,0,0,0,273027,2,0
3,0,0,1,24,6,10535,423,0,0,0,0,0,70744,4,0
1,0,0,1,3,7,10536,423,0,0,0,0,0,227182,2,0
1,0,0,1,6,9,10537,423,0,0,0,0,0,242230,3,0
0,0,0,0,16,11,10538,423,0,0,0,0,0,236495,4,0
1,0,0,1,14,12,10539,423,0,0,0,0,0,243764,4,0
1,0,0,1,19,16,10540,423,0,0,0,0,0,267425,3,0
0,0,0,0,8,18,10541,423,0,0,0,0,0,202819,4,0
3,0,0,1,7,25,10542,423,0,0,0,0,0,221810,2,0
1,0,0,1,20,28,10543,423,0,0,0,0,0,229249,3,0
0,0,0,0,10,28,10544,423,0,0,0,0,0,263098,3,0
1,0,0,1,4,28,10545,423,0,0,0,0,0,246079,2,0
0,0,0,0,2,28,10546,423,0,0,0,0,0,243980,3,0
0,0,0,0,13,28,10547,423,0,0,0,0,0,259430,3,0
0,0,0,0,12,28,10548,423,0,0,0,0,0,247371,3,0
0,0,0,0,11,28,10549,423,0,0,0,0,0,247000,3,0
0,0,0,0,5,28,10550,423,0,0,0,0,0,251178,3,0
0,0,0,0,18,28,10551,423,0,0,0,0,0,70323,3,0
0,0,0,0,15,28,10552,423,0,0,0,0,0,265698,3,0
0,0,0,0,29,28,10553,423,0,0,0,0,0,264475,3,0
0,0,0,0,17,28,10554,423,0,0,0,0,0,239642,3,0
0,0,0,0,28,29,10555,423,0,0,0,0,0,276749,3,0
0,0,0,0,21,29,10556,423,0,0,0,0,0,258122,3,0
0,0,0,0,1,0,10557,445,0,0,0,0,0,242229,4,0
2,0,0,1,2,3,10558,445,0,0,0,0,0,253943,4,0
0,0,0,0,6,4,10559,445,0,0,0,0,0,198497,3,0
0,0,0,0,17,5,10560,445,0,0,0,0,0,236465,3,0
0,0,0,0,3,6,10561,445,0,0,0,0,0,231674,4,0
0,0,0,0,14,7,10562,445,0,0,0,0,0,235650,3,0
3,0,0,1,8,13,10563,445,0,0,0,0,0,229718,4,0
1,0,0,0,28,15,10564,445,0,0,0,0,0,246136,3,0
1,0,0,0,12,18,10565,445,0,0,0,0,0,227953,4,0
9,1,0,1,9,24,10566,445,0,0,0,1,0,200845,4,0
5,1,0,1,21,26,10567,445,0,0,0,0,0,244321,3,0
3,0,0,1,7,28,10568,445,0,0,0,0,0,210263,3,0
0,0,0,0,27,28,10569,445,0,0,0,0,0,242638,3,0
0,0,0,0,22,28,10570,445,0,0,0,0,0,245730,3,0
0,0,0,0,16,28,10571,445,0,0,0,0,0,198485,3,0
0,0,0,0,26,28,10572,445,0,0,0,0,0,227545,3,0
0,0,0,0,10,28,10573,445,0,0,0,0,0,201484,3,0
0,0,0,0,24,28,10574,445,0,0,0,0,0,235704,3,0
0,0,0,0,23,28,10575,445,0,0,0,0,0,221167,3,0
0,0,0,0,32,28,10576,445,0,0,0,0,0,277357,3,0
0,0,0,0,31,28,10577,445,0,0,0,0,0,276095,3,0
0,0,0,0,40,28,10578,445,0,0,0,0,0,277020,3,0
0,0,0,0,15,28,10579,445,0,0,0,0,0,230081,3,0
0,0,0,0,39,29,10580,445,0,0,0,0,0,277023,3,0
0,0,0,0,11,29,10581,445,0,0,0,0,0,267768,3,0
0,0,0,0,4,29,10582,445,0,0,0,0,0,228292,3,0
0,0,0,0,41,29,10583,445,0,0,0,0,0,279146,3,0
0,0,0,0,1,0,10584,563,0,0,0,0,0,237927,4,0
0,0,0,0,2,3,10585,563,0,0,0,0,0,241583,3,0
0,0,0,0,5,4,10586,563,0,0,0,0,0,257238,4,0
0,0,0,0,15,6,10587,563,0,0,0,0,0,264695,4,0
1,0,0,1,3,7,10588,563,0,0,0,0,0,243637,3,0
3,0,0,1,11,12,10589,563,0,0,0,0,0,246401,3,0
0,0,0,0,27,13,10590,563,0,0,0,0,0,248723,4,0
0,0,0,0,8,15,10591,563,0,0,0,0,0,243596,3,0
0,0,0,0,25,16,10592,563,0,0,0,0,0,242984,3,0
4,0,0,1,4,18,10593,563,0,0,0,0,0,240535,2,0
0,0,0,0,47,25,10594,563,0,0,0,0,0,277997,3,0
0,0,0,0,10,28,10595,563,0,0,0,0,0,254793,3,0
1,0,0,1,7,28,10596,563,0,0,0,0,0,241582,3,0
0,0,0,0,34,28,10597,563,0,0,0,0,0,271093,3,0
0,0,0,0,18,28,10598,563,0,0,0,0,0,274215,4,0
0,0,0,0,30,28,10599,563,0,0,0,0,0,138431,3,0
1,0,0,1,9,28,10600,563,0,0,0,0,0,70520,3,0
0,0,0,0,29,28,10601,563,0,0,0,0,0,278645,3,0
0,0,0,0,33,28,10602,563,0,0,0,0,0,274457,3,0
0,0,0,0,28,28,10603,563,0,0,0,0,0,254143,3,0
0,0,0,0,46,28,10604,563,0,0,0,0,0,278641,3,0
0,0,0,0,21,28,10605,563,0,0,0,0,0,237926,3,0
0,0,0,0,31,0,10606,753,0,0,0,0,0,228582,3,0
0,0,0,0,2,3,10607,753,0,0,0,0,0,253760,3,0
0,0,0,0,5,4,10608,753,0,0,0,0,0,252835,3,0
1,0,0,1,18,6,10609,753,0,0,0,0,0,237677,3,0
2,0,0,1,15,7,10610,753,0,0,0,0,0,233375,2,0
0,0,0,0,6,9,10611,753,0,0,0,0,0,71386,3,0
0,0,0,0,19,11,10612,753,0,0,0,0,0,267740,3,0
6,1,0,1,11,12,10613,753,0,0,0,0,0,277532,5,0
1,0,0,1,10,16,10614,753,0,0,0,0,0,250815,3,0
0,0,0,0,7,18,10615,753,0,0,0,0,0,259250,3,0
5,1,0,1,9,25,10616,753,0,0,0,0,0,183807,3,0
0,0,0,0,8,28,10617,753,0,0,0,0,0,251262,3,0
1,0,0,1,4,28,10618,753,0,0,0,0,0,255990,3,0
0,0,0,0,17,28,10619,753,0,0,0,0,0,248770,4,0
0,0,0,0,36,28,10620,753,0,0,0,0,0,268405,3,0
0,0,0,0,1,28,10621,753,0,0,0,0,0,232149,3,0
0,0,0,0,14,28,10622,753,0,0,0,0,0,266652,3,0
0,0,0,0,3,28,10623,753,0,0,0,0,0,251283,3,0
0,0,0,0,16,28,10624,753,0,0,0,0,0,251789,3,0
1,0,0,1,27,28,10625,753,0,0,0,0,0,71148,3,0
0,0,0,0,23,28,10626,753,0,0,0,0,0,71147,3,0
0,0,0,0,26,28,10627,753,0,0,0,0,0,71149,3,0
0,0,0,0,22,28,10628,753,0,0,0,0,0,268103,3,0
2,0,0,1,21,29,10629,753,0,0,0,0,0,71606,4,0
0,0,0,0,1,0,10630,834,0,0,0,0,0,246987,3,0
0,0,0,0,2,3,10631,834,0,0,0,0,0,203095,3,0
1,0,0,1,21,4,10632,834,0,0,0,0,0,266210,3,0
0,0,0,0,29,6,10633,834,0,0,0,0,0,205139,3,0
0,0,0,0,3,7,10634,834,0,0,0,0,0,240473,3,0
2,0,0,1,8,9,10635,834,0,0,0,0,0,246591,4,0
0,0,0,0,6,11,10636,834,0,0,0,0,0,236379,3,0
1,0,0,1,67,12,10637,834,0,0,0,0,0,234227,2,0
5,1,0,1,36,16,10638,834,0,0,0,0,0,263840,3,0
0,0,0,0,11,18,10639,834,0,0,0,0,0,233950,3,0
4,0,0,1,9,25,10640,834,0,0,0,0,0,230722,4,0
2,0,0,1,10,28,10641,834,0,0,0,0,0,243127,3,0
0,0,0,0,27,28,10642,834,0,0,0,0,0,267771,3,0
0,0,0,0,5,28,10643,834,0,0,0,0,0,218585,3,0
0,0,0,0,4,28,10644,834,0,0,0,0,0,253421,3,0
0,0,0,0,19,28,10645,834,0,0,0,0,0,267736,3,0
0,0,0,0,22,28,10646,834,0,0,0,0,0,246693,3,0
1,0,0,1,16,28,10647,834,0,0,0,0,0,209475,3,0
0,0,0,0,24,28,10648,834,0,0,0,0,0,270118,3,0
0,0,0,0,20,28,10649,834,0,0,0,0,0,199021,3,0
0,0,0,0,17,28,10650,834,0,0,0,0,0,255628,2,0
0,0,0,0,12,28,10651,834,0,0,0,0,0,266209,3,0
0,0,0,0,31,28,10652,834,0,0,0,0,0,274688,3,0
0,0,0,0,12,0,10653,837,0,0,0,0,0,251423,3,0
0,0,0,0,2,3,10654,837,0,0,0,0,0,238117,3,0
0,0,0,0,15,4,10655,837,0,0,0,0,0,264151,3,0
0,0,0,0,4,6,10656,837,0,0,0,0,0,199010,1,0
0,0,0,0,3,7,10657,837,0,0,0,0,0,71136,3,0
0,0,0,0,30,9,10658,837,0,0,0,0,0,70836,2,0
1,0,0,1,18,11,10659,837,0,0,0,0,0,243871,3,0
0,0,0,0,7,12,10660,837,0,0,0,0,0,202663,3,0
0,0,0,0,22,16,10661,837,0,0,0,0,0,244053,3,0
3,0,0,1,8,18,10662,837,0,0,0,0,0,200134,4,0
3,0,0,1,9,25,10663,837,0,0,0,0,0,256264,3,0
0,0,0,0,14,28,10664,837,0,0,0,0,0,273576,3,0
0,0,0,0,6,28,10665,837,0,0,0,0,0,70574,2,0
0,0,0,0,21,28,10666,837,0,0,0,0,0,234375,3,0
0,0,0,0,5,28,10667,837,0,0,0,0,0,248533,3,0
0,0,0,0,1,28,10668,837,0,0,0,0,0,252788,1,0
0,0,0,0,10,28,10669,837,0,0,0,0,0,262034,3,0
0,0,0,0,13,28,10670,837,0,0,0,0,0,266424,1,0
0,0,0,0,16,28,10671,837,0,0,0,0,0,262885,1,0
0,0,0,0,23,28,10672,837,0,0,0,0,0,207868,3,0
0,0,0,0,29,28,10673,837,0,0,0,0,0,273979,3,0
0,0,0,0,17,28,10674,837,0,0,0,0,0,252063,3,0
0,0,0,0,24,28,10675,837,0,0,0,0,0,274826,3,0
1,0,0,1,11,29,10676,837,0,0,0,0,0,261677,3,0
0,0,0,0,25,29,10677,837,0,0,0,0,0,71490,3,0
0,0,0,0,26,29,10678,837,0,0,0,0,0,71800,3,0
0,0,0,0,1,0,10679,1571,0,0,0,0,0,157407,3,0
0,0,0,0,33,3,10680,1571,0,0,0,0,0,71384,4,0
0,0,0,0,4,4,10681,1571,0,0,0,0,0,251416,4,0
0,0,0,0,5,6,10682,1571,0,0,0,0,0,228108,4,0
0,0,0,0,30,7,10683,1571,0,0,0,0,0,260885,3,0
1,0,0,1,17,9,10684,1571,0,0,0,0,0,71138,3,0
0,0,0,0,22,11,10685,1571,0,0,0,0,0,202731,4,0
0,0,0,0,11,12,10686,1571,0,0,0,0,0,242682,3,0
2,0,0,1,24,16,10687,1571,0,0,0,0,0,71142,3,0
1,0,0,1,10,18,10688,1571,0,0,0,0,0,71140,3,0
2,0,0,1,7,25,10689,1571,0,0,0,0,0,200404,2,0
1,0,0,1,6,28,10690,1571,0,0,0,0,0,230642,3,0
0,0,0,0,9,28,10691,1571,0,0,0,0,0,248719,3,0
0,0,0,0,3,28,10692,1571,0,0,0,0,0,223091,3,0
0,0,0,0,2,28,10693,1571,0,0,0,0,0,206473,3,0
0,0,0,0,16,28,10694,1571,0,0,0,0,0,251563,3,0
0,0,0,0,12,28,10695,1571,0,0,0,0,0,71143,3,0
1,0,0,1,8,28,10696,1571,0,0,0,0,0,261288,3,0
0,0,0,0,19,28,10697,1571,0,0,0,0,0,71137,3,0
0,0,0,0,15,28,10698,1571,0,0,0,0,0,71141,3,0
0,0,0,0,26,28,10699,1571,0,0,0,0,0,208771,3,0
0,0,0,0,21,28,10700,1571,0,0,0,0,0,226006,3,0
0,0,0,0,1,0,10701,1572,0,0,0,0,0,274852,4,0
0,0,0,0,21,3,10702,1572,0,0,0,0,0,260881,3,0
1,0,0,1,4,4,10703,1572,0,0,0,0,0,259300,2,0
1,0,0,1,5,6,10704,1572,0,0,0,0,0,259234,3,0
3,0,0,1,3,7,10705,1572,0,0,0,0,0,265829,3,0
0,0,0,0,8,9,10706,1572,0,0,0,0,0,181725,3,0
0,0,0,0,19,11,10707,1572,0,0,0,0,0,198990,2,0
0,0,0,0,11,12,10708,1572,0,0,0,0,0,258474,3,0
1,0,0,1,24,16,10709,1572,0,0,0,0,0,274456,3,0
1,0,0,1,7,18,10710,1572,0,0,0,0,0,227082,3,0
4,0,0,1,9,25,10711,1572,0,0,0,0,0,279537,4,0
1,0,0,1,26,28,10712,1572,0,0,0,0,0,264802,3,0
1,0,0,1,16,28,10713,1572,0,0,0,0,0,71134,3,0
0,0,0,0,6,28,10714,1572,0,0,0,0,0,237889,3,0
0,0,0,0,23,28,10715,1572,0,0,0,0,0,236845,3,0
0,0,0,0,27,28,10716,1572,0,0,0,0,0,70720,3,0
0,0,0,0,49,28,10717,1572,0,0,0,0,0,70521,3,0
1,0,0,1,22,28,10718,1572,0,0,0,0,0,261287,3,0
0,0,0,0,15,28,10719,1572,0,0,0,0,0,190033,3,0
0,0,0,0,14,28,10720,1572,0,0,0,0,0,261667,3,0
0,0,0,0,20,28,10721,1572,0,0,0,0,0,271072,3,0
0,0,0,0,31,28,10722,1572,0,0,0,0,0,278646,3,0
0,0,0,0,40,28,10723,1572,0,0,0,0,0,276541,3,0
0,0,0,0,12,29,10724,1572,0,0,0,0,0,278556,3,0
0,0,0,0,29,29,10725,1572,0,0,0,0,0,274455,3,0
0,0,0,0,32,29,10726,1572,0,0,0,0,0,271082,3,0
0,0,0,0,1,0,10727,301,0,0,0,0,0,194333,2,0
0,0,0,0,5,3,10728,301,0,0,0,0,0,240278,3,0
2,0,0,0,4,4,10729,301,0,0,0,0,0,244891,3,0
1,0,0,0,15,6,10730,301,0,0,0,0,0,245159,2,0
1,0,0,0,2,7,10731,301,0,0,0,0,0,237845,2,0
0,0,0,0,25,10,10732,301,0,0,0,0,0,204111,3,0
2,0,0,0,92,23,10733,301,0,0,0,0,0,210427,3,0
5,0,0,1,10,13,10734,301,0,0,0,0,0,269632,3,0
0,0,0,0,22,15,10735,301,0,0,0,0,0,221428,3,0
3,0,0,1,47,27,10736,301,0,0,0,0,0,276067,2,0
7,0,0,1,9,25,10737,301,0,0,0,0,0,243972,2,0
1,0,0,0,13,28,10738,301,0,0,0,0,0,263594,3,0
0,0,0,0,8,28,10739,301,0,0,0,0,0,263857,3,0
3,0,0,1,14,28,10740,301,0,0,0,0,1,273127,4,0
0,0,0,0,23,28,10741,301,0,0,0,0,0,221970,3,0
0,0,0,0,35,28,10742,301,0,0,0,0,0,71100,3,0
4,0,0,1,99,28,10743,301,0,0,0,0,0,276735,2,0
0,0,0,0,80,28,10744,301,0,0,0,0,0,277243,3,0
0,0,0,0,7,28,10745,301,0,0,0,0,0,220051,2,0
0,0,0,0,37,28,10746,301,0,0,0,0,0,212249,3,0
0,0,0,0,62,28,10747,301,0,0,0,0,0,70973,3,0
1,0,0,0,44,28,10748,301,0,0,0,0,0,254472,3,0
0,0,0,0,33,28,10749,301,0,0,0,0,0,276354,3,0
0,0,0,0,74,29,10750,301,0,0,0,0,0,276878,3,0
0,0,0,0,78,29,10751,301,0,0,0,0,0,70968,3,0
0,0,0,0,88,29,10752,301,0,0,0,0,0,275113,3,0
8,0,0,1,19,29,10753,301,0,0,0,0,0,201114,3,0
0,0,0,0,6,29,10754,301,0,0,0,0,0,269616,3,0
0,0,0,0,42,29,10755,301,0,0,0,0,0,257165,3,0
0,0,0,0,1,0,10756,420,0,0,0,0,0,244256,3,0
0,0,0,0,2,3,10757,420,0,0,0,0,0,247503,2,0
1,0,0,0,5,4,10758,420,0,0,0,0,0,263262,2,0
2,0,0,0,26,6,10759,420,0,0,0,0,0,201132,3,0
0,0,0,0,64,7,10760,420,0,0,0,0,0,225996,3,0
2,0,0,0,6,9,10761,420,0,0,0,0,0,239930,3,0
1,0,0,0,8,11,10762,420,0,0,0,0,1,188554,5,0
5,0,0,1,11,12,10763,420,0,0,0,0,0,263068,3,0
3,0,0,1,17,16,10764,420,0,0,0,0,0,276877,2,0
3,0,0,1,10,18,10765,420,0,0,0,0,0,150516,4,0
6,0,0,1,7,25,10766,420,0,0,0,0,0,277767,3,0
4,0,0,1,9,28,10767,420,0,0,0,0,0,229225,2,0
1,0,0,0,23,28,10768,420,0,0,0,0,0,248080,3,0
1,0,0,0,25,28,10769,420,0,0,0,0,0,239762,3,0
0,0,0,0,13,28,10770,420,0,0,0,0,0,209667,3,0
0,0,0,0,32,28,10771,420,0,0,0,0,0,201035,3,0
1,0,0,0,21,28,10772,420,0,0,0,0,0,251359,3,0
1,0,0,0,16,28,10773,420,0,0,0,0,0,204687,3,0
4,0,0,1,55,28,10774,420,0,0,0,0,0,259456,3,0
1,0,0,0,41,28,10775,420,0,0,0,0,0,272832,3,0
0,0,0,0,27,28,10776,420,0,0,0,0,0,277589,3,0
0,0,0,0,24,28,10777,420,0,0,0,0,0,271016,3,0
0,0,0,0,19,28,10778,420,0,0,0,0,0,278974,3,0
0,0,0,0,31,29,10779,420,0,0,0,0,0,276945,3,0
0,0,0,0,41,0,10780,873,0,0,0,0,0,235304,2,0
1,0,0,0,44,3,10781,873,0,0,0,0,0,239768,3,0
0,0,0,0,18,4,10782,873,0,0,0,0,0,189558,1,0
1,0,0,0,16,6,10783,873,0,0,0,0,0,226518,3,0
0,0,0,0,5,7,10784,873,0,0,0,0,0,213959,2,0
0,0,0,0,7,12,10785,873,0,0,0,0,0,258698,2,0
2,0,0,0,6,13,10786,873,0,0,0,0,0,214658,2,0
1,0,0,0,22,15,10787,873,0,0,0,0,0,209417,4,0
3,0,0,1,17,16,10788,873,0,0,0,0,0,252494,2,0
1,0,0,0,30,18,10789,873,0,0,0,0,0,260807,3,0
10,0,0,1,9,25,10790,873,0,0,0,0,0,206626,2,0
9,0,0,1,11,28,10791,873,0,0,0,0,0,238303,2,0
4,0,0,1,50,28,10792,873,0,0,0,0,0,230972,3,0
2,0,0,0,2,28,10793,873,0,0,0,0,1,258276,3,0
1,0,0,0,23,28,10794,873,0,0,0,0,0,238945,1,0
0,0,0,0,35,28,10795,873,0,0,0,0,0,208894,3,0
0,0,0,0,90,28,10796,873,0,0,0,0,0,189447,3,0
1,0,0,0,25,28,10797,873,0,0,0,0,0,224838,3,0
8,0,0,1,10,28,10798,873,0,0,0,0,0,246649,3,0
1,0,0,0,15,28,10799,873,0,0,0,0,0,274830,3,0
0,0,0,0,8,28,10800,873,0,0,0,0,0,243551,3,0
0,0,0,0,21,28,10801,873,0,0,0,0,0,247144,3,0
0,0,0,0,31,28,10802,873,0,0,0,0,0,276730,3,0
0,0,0,0,19,29,10803,873,0,0,0,0,0,276732,3,0
0,0,0,0,53,29,10804,873,0,0,0,0,0,276733,3,0
0,0,0,0,20,29,10805,873,0,0,0,0,0,275466,3,0
0,0,0,0,3,29,10806,873,0,0,0,0,0,200443,1,0
0,0,0,0,33,29,10807,873,0,0,0,0,0,276731,3,0
0,0,0,0,56,29,10808,873,0,0,0,0,0,70963,3,0
0,0,0,0,32,29,10809,873,0,0,0,0,0,261108,3,0
0,0,0,0,30,0,10810,1871,0,0,0,0,0,219967,3,0
1,0,0,0,12,4,10811,1871,0,0,0,0,0,234813,2,0
1,0,0,0,8,5,10812,1871,0,0,0,0,0,218985,3,0
1,0,0,0,3,6,10813,1871,0,0,0,0,0,269507,4,0
1,0,0,0,22,10,10814,1871,0,0,0,0,0,257956,3,0
4,0,0,1,13,12,10815,1871,0,0,0,0,0,203568,3,0
9,0,0,1,27,13,10816,1871,0,0,0,0,0,199739,4,0
2,0,0,0,67,15,10817,1871,0,0,0,0,0,216003,3,0
1,0,0,0,33,16,10818,1871,0,0,0,0,0,239505,3,0
8,0,0,1,7,24,10819,1871,0,0,0,0,0,184290,3,0
6,0,0,1,28,26,10820,1871,0,0,0,0,0,236692,3,0
4,0,0,1,9,28,10821,1871,0,0,0,0,0,251260,3,0
0,0,0,0,17,28,10822,1871,0,0,0,0,0,229453,3,0
0,0,0,0,5,28,10823,1871,0,0,0,0,0,237211,3,0
0,0,0,0,55,28,10824,1871,0,0,0,0,0,177790,2,0
0,0,0,0,1,28,10825,1871,0,0,0,0,0,262251,3,0
0,0,0,0,25,28,10826,1871,0,0,0,0,0,255855,3,0
0,0,0,0,4,28,10827,1871,0,0,0,0,0,252527,3,0
0,0,0,0,21,28,10828,1871,0,0,0,0,0,264414,3,0
2,0,0,0,39,28,10829,1871,0,0,0,0,0,252209,3,0
0,0,0,0,6,28,10830,1871,0,0,0,0,0,266846,3,0
0,0,0,0,11,28,10831,1871,0,0,0,0,0,70940,3,0
0,0,0,0,26,28,10832,1871,0,0,0,0,0,276681,3,0
0,0,0,0,24,29,10833,1871,0,0,0,0,0,276680,3,0
0,0,0,0,53,29,10834,1871,0,0,0,0,0,71485,3,0
0,0,0,0,22,0,10835,110206,0,0,0,0,0,216110,3,0
0,0,0,0,16,3,10836,110206,0,0,0,0,0,236459,3,0
0,0,0,0,4,4,10837,110206,0,0,0,0,0,70928,3,0
0,0,0,0,3,5,10838,110206,0,0,0,0,0,244160,3,0
0,0,0,0,2,6,10839,110206,0,0,0,0,0,219303,3,0
0,0,0,0,18,7,10840,110206,0,0,0,0,0,72598,3,0
0,0,0,0,7,23,10841,110206,0,0,0,0,0,194769,3,0
0,0,0,0,17,13,10842,110206,0,0,0,0,0,243870,3,0
0,0,0,0,6,15,10843,110206,0,0,0,0,0,72600,3,0
0,0,0,0,15,27,10844,110206,0,0,0,0,0,207905,3,0
0,0,0,0,23,25,10845,110206,0,0,0,0,0,241921,3,0
4,0,0,1,11,28,10846,110206,0,0,0,0,0,239627,3,0
0,0,0,0,14,28,10847,110206,0,0,0,0,0,257664,3,0
0,0,0,0,9,28,10848,110206,0,0,0,0,0,72601,3,0
0,0,0,0,13,28,10849,110206,0,0,0,0,0,239244,3,0
0,0,0,0,1,28,10850,110206,0,0,0,0,0,72590,3,0
0,0,0,0,10,28,10851,110206,0,0,0,0,0,72602,3,0
0,0,0,0,5,28,10852,110206,0,0,0,0,0,72594,3,0
0,0,0,0,12,28,10853,110206,0,0,0,0,0,227738,3,0
0,0,0,0,20,28,10854,110206,0,0,0,0,0,72593,3,0
0,0,0,0,8,28,10855,110206,0,0,0,0,0,233470,3,0
0,0,0,0,19,28,10856,110206,0,0,0,0,0,72591,3,0
0,0,0,0,21,28,10857,110206,0,0,0,0,0,234897,3,0
0,0,0,0,24,29,10858,110206,0,0,0,0,0,72595,3,0
0,0,0,0,1,0,10859,110745,0,0,0,0,0,208764,4,0
1,0,0,0,16,3,10860,110745,0,0,0,0,0,239808,4,0
3,0,0,0,72,4,10861,110745,0,0,0,0,0,248508,4,0
0,0,0,0,17,6,10862,110745,0,0,0,0,0,236508,3,0
9,0,0,1,27,7,10863,110745,0,0,0,0,0,255760,3,0
0,0,0,0,6,9,10864,110745,0,0,0,0,0,224336,3,0
8,0,0,1,8,11,10865,110745,0,0,0,0,0,251486,4,0
6,0,0,0,7,12,10866,110745,0,0,0,0,0,276066,3,0
9,0,0,1,99,16,10867,110745,0,0,0,0,1,201268,4,0
10,0,0,1,11,18,10868,110745,0,0,0,0,0,224146,2,0
12,1,0,1,10,25,10869,110745,0,0,0,0,2,239267,4,0
0,0,0,0,21,28,10870,110745,0,0,0,0,0,254699,3,0
1,0,0,0,77,28,10871,110745,0,0,0,0,0,271103,3,0
0,0,0,0,5,28,10872,110745,0,0,0,0,0,235751,3,0
0,0,0,0,3,28,10873,110745,0,0,0,0,0,273855,3,0
0,0,0,0,50,28,10874,110745,0,0,0,0,0,267994,3,0
1,0,0,0,14,28,10875,110745,0,0,0,0,0,223307,3,0
0,0,0,0,18,28,10876,110745,0,0,0,0,0,184587,3,0
0,0,0,0,39,28,10877,110745,0,0,0,0,0,243516,4,0
0,0,0,0,19,28,10878,110745,0,0,0,0,0,234155,3,0
6,0,0,0,28,28,10879,110745,0,0,0,0,0,215568,3,0
2,0,0,0,36,28,10880,110745,0,0,0,0,0,270715,3,0
2,0,0,0,9,28,10881,110745,0,0,0,0,0,257172,3,0
0,0,0,0,66,29,10882,110745,0,0,0,0,0,278112,3,0
0,0,0,0,51,29,10883,110745,0,0,0,0,0,277122,3,0
0,0,0,0,98,29,10884,110745,0,0,0,0,0,278954,3,0
0,0,0,0,38,29,10885,110745,0,0,0,0,0,278953,3,0
0,0,0,0,4,29,10886,110745,0,0,0,0,0,260648,3,0
0,0,0,0,33,29,10887,110745,0,0,0,0,0,243758,3,0
0,0,0,0,31,29,10888,110745,0,0,0,0,0,245463,3,0
0,0,0,0,77,0,10889,110746,0,0,0,0,0,236330,3,0
0,0,0,0,28,3,10890,110746,0,0,0,0,0,213933,3,0
0,0,0,0,23,4,10891,110746,0,0,0,0,0,223426,3,0
0,0,0,0,33,6,10892,110746,0,0,0,0,0,244755,1,0
1,0,0,0,32,7,10893,110746,0,0,0,0,0,239106,1,0
0,0,0,0,21,10,10894,110746,0,0,0,0,0,228782,3,0
1,0,0,0,73,12,10895,110746,0,0,0,0,0,274444,2,0
6,0,0,1,8,13,10896,110746,0,0,0,0,0,194149,3,0
8,0,0,1,20,15,10897,110746,0,0,0,0,0,199215,4,0
13,1,0,1,11,16,10898,110746,0,0,0,0,1,177922,4,0
12,1,0,1,9,25,10899,110746,0,0,0,0,0,222544,2,0
0,0,0,0,15,28,10900,110746,0,0,0,0,0,252509,3,0
1,0,0,0,61,28,10901,110746,0,0,0,0,0,252506,3,0
1,0,0,0,4,28,10902,110746,0,0,0,0,0,270764,2,0
0,0,0,0,25,28,10903,110746,0,0,0,0,0,209415,3,0
0,0,0,0,81,28,10904,110746,0,0,0,0,0,267962,3,0
1,0,0,0,10,28,10905,110746,0,0,0,0,0,230046,3,0
5,0,0,1,22,28,10906,110746,0,0,0,0,0,266277,3,0
1,0,0,0,51,28,10907,110746,0,0,0,0,0,279626,3,0
0,0,0,0,71,28,10908,110746,0,0,0,0,0,276884,3,0
1,0,0,0,68,28,10909,110746,0,0,0,0,0,274213,3,0
1,0,0,0,7,28,10910,110746,0,0,0,0,0,221791,3,0
0,0,0,0,31,0,10911,110747,0,0,0,0,0,247205,1,0
2,0,0,0,25,3,10912,110747,0,0,0,0,0,235005,2,0
4,0,0,1,5,4,10913,110747,0,0,0,0,0,248105,2,0
2,0,0,0,15,5,10914,110747,0,0,0,0,0,190547,2,0
1,0,0,0,22,6,10915,110747,0,0,0,0,0,266125,3,0
1,0,0,0,19,7,10916,110747,0,0,0,0,0,254537,2,0
5,0,0,1,7,23,10917,110747,0,0,0,0,0,248568,2,0
5,0,0,1,6,13,10918,110747,0,0,0,0,0,245429,3,0
0,0,0,0,88,15,10919,110747,0,0,0,0,0,244212,2,0
5,0,0,1,10,27,10920,110747,0,0,0,0,0,244550,2,0
8,0,0,1,9,25,10921,110747,0,0,0,0,0,245582,2,0
0,0,0,0,18,28,10922,110747,0,0,0,0,0,270638,3,0
0,0,0,0,2,28,10923,110747,0,0,0,0,0,202754,3,0
0,0,0,0,17,28,10924,110747,0,0,0,0,0,238776,3,0
0,0,0,0,3,28,10925,110747,0,0,0,0,0,233212,1,0
0,0,0,0,30,28,10926,110747,0,0,0,0,0,229008,3,0
3,0,0,0,4,28,10927,110747,0,0,0,0,0,219661,3,0
4,0,0,1,20,28,10928,110747,0,0,0,0,0,262825,1,0
0,0,0,0,85,28,10929,110747,0,0,0,0,0,193937,3,0
1,0,0,0,33,28,10930,110747,0,0,0,0,0,277917,3,0
0,0,0,0,13,28,10931,110747,0,0,0,0,0,222908,3,0
0,0,0,0,11,28,10932,110747,0,0,0,0,0,225133,3,0
0,0,0,0,63,28,10933,110747,0,0,0,0,0,276395,3,0
0,0,0,0,99,29,10934,110747,0,0,0,0,0,279556,3,0
0,0,0,0,21,29,10935,110747,0,0,0,0,0,277009,3,0
0,0,0,0,72,29,10936,110747,0,0,0,0,0,277706,3,0
0,0,0,0,50,29,10937,110747,0,0,0,0,0,71123,3,0
0,0,0,0,24,29,10938,110747,0,0,0,0,0,238940,3,0
0,0,0,0,8,29,10939,110747,0,0,0,0,0,223014,3,0
0,0,0,0,87,0,10940,110749,0,0,0,0,0,207683,3,0
1,0,0,0,27,3,10941,110749,0,0,0,0,0,263244,4,0
2,0,0,0,2,4,10942,110749,0,0,0,0,0,201081,3,0
4,0,0,1,5,6,10943,110749,0,0,0,0,0,257649,3,0
0,0,0,0,13,7,10944,110749,0,0,0,0,0,262691,3,0
2,0,0,0,6,9,10945,110749,0,0,0,0,0,235101,2,0
1,0,0,0,8,11,10946,110749,0,0,0,0,0,198046,4,0
7,0,0,1,7,12,10947,110749,0,0,0,0,1,255779,3,0
5,0,0,1,77,16,10948,110749,0,0,0,0,1,222329,4,0
0,0,0,0,17,18,10949,110749,0,0,0,0,0,276068,3,0
11,0,0,1,90,25,10950,110749,0,0,0,0,0,239779,3,0
1,0,0,0,39,28,10951,110749,0,0,0,0,0,225445,3,0
1,0,0,0,20,28,10952,110749,0,0,0,0,1,227150,4,0
0,0,0,0,55,28,10953,110749,0,0,0,0,0,257471,3,0
0,0,0,0,25,28,10954,110749,0,0,0,0,0,214884,3,0
0,0,0,0,1,28,10955,110749,0,0,0,0,0,190698,3,0
4,0,0,1,18,28,10956,110749,0,0,0,0,0,224045,3,0
0,0,0,0,19,28,10957,110749,0,0,0,0,0,247331,3,0
1,0,0,0,16,28,10958,110749,0,0,0,0,0,258307,3,0
0,0,0,0,21,28,10959,110749,0,0,0,0,0,263245,3,0
0,0,0,0,11,28,10960,110749,0,0,0,0,0,201172,3,0
0,0,0,0,23,28,10961,110749,0,0,0,0,0,265631,3,0
0,0,0,0,31,28,10962,110749,0,0,0,0,0,277034,3,0
0,0,0,0,35,29,10963,110749,0,0,0,0,0,270542,3,0
0,0,0,0,30,29,10964,110749,0,0,0,0,0,270622,3,0
0,0,0,0,55,0,10965,111083,0,0,0,0,0,256953,1,0
0,0,0,0,2,3,10966,111083,0,0,0,0,0,254294,2,0
0,0,0,0,4,4,10967,111083,0,0,0,0,0,199684,3,0
1,0,0,0,94,6,10968,111083,0,0,0,0,0,212736,3,0
0,0,0,0,5,7,10969,111083,0,0,0,0,0,248056,3,0
1,0,0,0,18,10,10970,111083,0,0,0,0,0,262943,2,0
0,0,0,0,6,12,10971,111083,0,0,0,0,0,269343,3,0
6,0,0,1,88,13,10972,111083,0,0,0,0,0,231923,3,0
0,0,0,0,27,15,10973,111083,0,0,0,0,0,228044,3,0
1,0,0,0,17,16,10974,111083,0,0,0,0,0,242509,2,0
7,0,0,1,9,25,10975,111083,0,0,0,0,0,269346,3,0
0,0,0,0,10,28,10976,111083,0,0,0,0,0,213717,3,0
4,0,0,1,11,28,10977,111083,0,0,0,0,0,211243,3,0
2,0,0,1,21,28,10978,111083,0,0,0,0,0,269734,2,0
2,0,0,1,66,28,10979,111083,0,0,0,0,0,220616,2,0
0,0,0,0,1,28,10980,111083,0,0,0,0,0,201169,3,0
5,0,0,1,20,28,10981,111083,0,0,0,0,0,231601,2,0
0,0,0,0,8,28,10982,111083,0,0,0,0,0,269348,3,0
0,0,0,0,90,28,10983,111083,0,0,0,0,0,222101,3,0
2,0,0,1,71,28,10984,111083,0,0,0,0,0,257473,3,0
1,0,0,0,98,28,10985,111083,0,0,0,0,0,257887,3,0
1,0,0,0,19,28,10986,111083,0,0,0,0,0,274822,3,0
0,0,0,0,14,28,10987,111083,0,0,0,0,0,278827,3,0
0,0,0,0,54,29,10988,111083,0,0,0,0,0,277329,3,0
0,0,0,0,87,29,10989,111083,0,0,0,0,0,277330,3,0
0,0,0,0,25,29,10990,111083,0,0,0,0,0,278908,3,0
0,0,0,0,23,29,10991,111083,0,0,0,0,0,275951,2,0
0,0,0,0,76,29,10992,111083,0,0,0,0,0,269693,3,0
0,0,0,0,28,29,10993,111083,0,0,0,0,0,235573,3,0
0,0,0,0,7,29,10994,111083,0,0,0,0,0,215581,3,0
0,0,0,0,52,29,10995,111083,0,0,0,0,0,277480,3,0
0,0,0,0,13,29,10996,111083,0,0,0,0,0,269427,3,0
0,0,0,0,26,0,10997,111086,0,0,0,0,0,242514,3,0
0,0,0,0,77,3,10998,111086,0,0,0,0,0,257886,4,0
2,0,0,1,5,4,10999,111086,0,0,0,0,0,251364,3,0
1,0,0,0,4,6,11000,111086,0,0,0,0,0,214882,4,0
0,0,0,0,22,7,11001,111086,0,0,0,0,0,224188,4,0
8,0,0,1,16,9,11002,111086,0,0,0,0,0,224062,4,0
2,0,0,1,20,11,11003,111086,0,0,0,0,0,234883,4,0
5,0,0,1,19,12,11004,111086,0,0,0,0,1,263208,5,0
7,0,0,1,7,16,11005,111086,0,0,0,0,2,244213,5,0
0,0,0,0,30,18,11006,111086,0,0,0,0,0,251079,3,0
2,0,0,1,10,25,11007,111086,0,0,0,0,1,190915,4,0
2,0,0,1,9,28,11008,111086,0,0,0,0,0,218633,3,0
0,0,0,0,24,28,11009,111086,0,0,0,0,0,189311,3,0
1,0,0,0,6,28,11010,111086,0,0,0,0,0,194059,3,0
1,0,0,0,2,28,11011,111086,0,0,0,0,0,257339,4,0
0,0,0,0,33,28,11012,111086,0,0,0,0,0,244498,3,0
2,0,0,1,11,28,11013,111086,0,0,0,0,0,211626,3,0
3,0,0,1,44,28,11014,111086,0,0,0,0,0,262803,3,0
0,0,0,0,3,28,11015,111086,0,0,0,0,0,263207,3,0
0,0,0,0,14,28,11016,111086,0,0,0,0,0,250953,3,0
0,0,0,0,96,28,11017,111086,0,0,0,0,0,266112,3,0
0,0,0,0,17,28,11018,111086,0,0,0,0,0,276686,3,0
0,0,0,0,25,28,11019,111086,0,0,0,0,0,273857,3,0
0,0,0,0,23,29,11020,111086,0,0,0,0,0,272735,3,0
0,0,0,0,12,29,11021,111086,0,0,0,0,0,271094,3,0
0,0,0,0,31,29,11022,111086,0,0,0,0,0,270381,3,0
0,0,0,0,81,29,11023,111086,0,0,0,0,0,242673,3,0
0,0,0,0,99,29,11024,111086,0,0,0,0,0,279083,3,0
1,0,0,0,28,0,11025,111088,0,0,0,0,0,269707,2,0
1,0,0,0,13,3,11026,111088,0,0,0,0,0,250932,2,0
1,0,0,0,29,4,11027,111088,0,0,0,0,0,220090,3,0
3,0,0,1,4,6,11028,111088,0,0,0,0,0,275192,2,0
2,0,0,1,33,7,11029,111088,0,0,0,0,0,203575,3,0
0,0,0,0,6,9,11030,111088,0,0,0,0,0,262681,3,0
0,0,0,0,8,11,11031,111088,0,0,0,0,0,267746,3,0
4,0,0,1,7,12,11032,111088,0,0,0,0,0,243402,2,0
0,0,0,0,20,16,11033,111088,0,0,0,0,0,230150,3,0
0,0,0,0,66,18,11034,111088,0,0,0,0,0,240175,4,0
2,0,0,1,27,25,11035,111088,0,0,0,0,0,204078,3,0
2,0,0,1,70,28,11036,111088,0,0,0,0,0,241923,2,0
0,0,0,0,10,28,11037,111088,0,0,0,0,0,231460,3,0
0,0,0,0,92,28,11038,111088,0,0,0,0,0,197904,3,0
1,0,0,0,16,28,11039,111088,0,0,0,0,0,211622,3,0
0,0,0,0,44,28,11040,111088,0,0,0,0,0,278972,3,0
2,0,0,1,22,28,11041,111088,0,0,0,0,0,237315,3,0
0,0,0,0,11,28,11042,111088,0,0,0,0,0,242607,3,0
0,0,0,0,21,28,11043,111088,0,0,0,0,0,269090,3,0
0,0,0,0,9,28,11044,111088,0,0,0,0,0,262685,3,0
0,0,0,0,14,28,11045,111088,0,0,0,0,0,233006,2,0
0,0,0,0,18,28,11046,111088,0,0,0,0,0,270650,3,0
0,0,0,0,37,28,11047,111088,0,0,0,0,0,276992,3,0
0,0,0,0,88,29,11048,111088,0,0,0,0,0,229522,3,0
1,0,0,0,77,29,11049,111088,0,0,0,0,0,210401,3,0
4,0,0,1,17,29,11050,111088,0,0,0,0,0,240847,3,0
0,0,0,0,1,29,11051,111088,0,0,0,0,0,244551,3,0
0,0,0,0,5,29,11052,111088,0,0,0,0,0,270366,3,0
1,0,0,0,99,29,11053,111088,0,0,0,0,0,71911,3,0
0,0,0,0,23,29,11054,111088,0,0,0,0,0,71914,3,0
0,0,0,0,1,0,11055,111091,0,0,0,0,0,220482,3,0
0,0,0,0,11,3,11056,111091,0,0,0,0,0,269506,3,0
0,0,0,0,2,4,11057,111091,0,0,0,0,0,248004,3,0
0,0,0,0,3,6,11058,111091,0,0,0,0,0,260380,3,0
0,0,0,0,14,7,11059,111091,0,0,0,0,0,235100,3,0
0,0,0,0,12,10,11060,111091,0,0,0,0,0,72586,3,0
0,0,0,0,13,12,11061,111091,0,0,0,0,0,255361,3,0
0,0,0,0,6,13,11062,111091,0,0,0,0,0,242350,3,0
0,0,0,0,16,15,11063,111091,0,0,0,0,0,266110,3,0
0,0,0,0,8,16,11064,111091,0,0,0,0,0,72588,3,0
0,0,0,0,9,25,11065,111091,0,0,0,0,0,72589,3,0
0,0,0,0,5,28,11066,111091,0,0,0,0,0,259896,3,0
0,0,0,0,20,28,11067,111091,0,0,0,0,0,238895,3,0
0,0,0,0,4,28,11068,111091,0,0,0,0,0,242240,3,0
0,0,0,0,72,28,11069,111091,0,0,0,0,0,261119,3,0
0,0,0,0,10,28,11070,111091,0,0,0,0,0,263763,3,0
0,0,0,0,7,28,11071,111091,0,0,0,0,0,212841,3,0
0,0,0,0,15,28,11072,111091,0,0,0,0,0,260302,3,0
0,0,0,0,79,28,11073,111091,0,0,0,0,0,263778,3,0
0,0,0,0,17,28,11074,111091,0,0,0,0,0,72585,3,0
0,0,0,0,18,28,11075,111091,0,0,0,0,0,72587,3,0
0,0,0,0,75,28,11076,111091,0,0,0,0,0,275280,3,0
0,0,0,0,12,0,11077,111092,0,0,0,0,0,229227,4,0
1,0,0,0,27,3,11078,111092,0,0,0,0,0,211791,3,0
1,0,0,0,4,4,11079,111092,0,0,0,0,0,253089,4,0
0,0,0,0,5,6,11080,111092,0,0,0,0,0,276492,4,0
0,0,0,0,19,7,11081,111092,0,0,0,0,0,257621,3,0
0,0,0,0,16,10,11082,111092,0,0,0,0,0,257878,4,0
7,0,0,1,24,12,11083,111092,0,0,0,0,1,245485,4,0
0,0,0,0,8,13,11084,111092,0,0,0,0,0,220479,3,0
3,0,0,1,17,15,11085,111092,0,0,0,0,0,251026,4,0
7,0,0,1,10,16,11086,111092,0,0,0,0,0,221564,3,0
18,1,0,1,9,25,11087,111092,0,0,0,1,1,237438,4,0
0,0,0,0,11,28,11088,111092,0,0,0,0,0,236757,3,0
0,0,0,0,23,28,11089,111092,0,0,0,0,0,208898,3,0
1,0,0,0,28,28,11090,111092,0,0,0,0,0,224012,3,0
1,0,0,0,2,28,11091,111092,0,0,0,0,0,252223,3,0
0,0,0,0,35,28,11092,111092,0,0,0,0,0,258311,3,0
2,0,0,1,26,28,11093,111092,0,0,0,0,0,265483,3,0
0,0,0,0,78,28,11094,111092,0,0,0,0,0,278334,3,0
1,0,0,0,22,28,11095,111092,0,0,0,0,1,243949,4,0
0,0,0,0,20,28,11096,111092,0,0,0,0,0,273825,3,0
2,0,0,1,33,28,11097,111092,0,0,0,0,0,270551,3,0
1,0,0,0,21,28,11098,111092,0,0,0,0,0,274461,3,0
0,0,0,0,34,28,11099,111092,0,0,0,0,0,240355,3,0
1,0,0,0,87,29,11100,111092,0,0,0,0,1,244982,5,0
0,0,0,0,90,29,11101,111092,0,0,0,0,0,279759,3,0
0,0,0,0,39,29,11102,111092,0,0,0,0,0,239375,3,0
0,0,0,0,13,29,11103,111092,0,0,0,0,0,276991,3,0
0,0,0,0,36,29,11104,111092,0,0,0,0,0,276990,3,0
0,0,0,0,30,29,11105,111092,0,0,0,0,0,276957,3,0
0,0,0,0,31,29,11106,111092,0,0,0,0,0,267846,3,0
0,0,0,0,32,29,11107,111092,0,0,0,0,0,70921,3,0
0,0,0,0,29,29,11108,111092,0,0,0,0,0,71917,3,0
0,0,0,0,1,0,11109,111097,0,0,0,0,0,215491,3,0
0,0,0,0,2,3,11110,111097,0,0,0,0,0,72617,3,0
0,0,0,0,3,4,11111,111097,0,0,0,0,0,256984,3,0
0,0,0,0,4,6,11112,111097,0,0,0,0,0,72616,3,0
0,0,0,0,5,7,11113,111097,0,0,0,0,0,261088,3,0
0,0,0,0,6,10,11114,111097,0,0,0,0,0,244511,3,0
0,0,0,0,9,23,11115,111097,0,0,0,0,0,263303,3,0
0,0,0,0,7,13,11116,111097,0,0,0,0,0,236363,3,0
0,0,0,0,8,15,11117,111097,0,0,0,0,0,269345,3,0
0,0,0,0,11,27,11118,111097,0,0,0,0,0,214887,3,0
0,0,0,0,10,25,11119,111097,0,0,0,0,0,244185,3,0
0,0,0,0,16,28,11120,111097,0,0,0,0,0,72615,3,0
0,0,0,0,15,28,11121,111097,0,0,0,0,0,241571,3,0
0,0,0,0,14,28,11122,111097,0,0,0,0,0,209452,3,0
0,0,0,0,13,28,11123,111097,0,0,0,0,0,213449,3,0
0,0,0,0,12,28,11124,111097,0,0,0,0,0,192961,3,0
0,0,0,0,17,28,11125,111097,0,0,0,0,0,262695,3,0
0,0,0,0,18,28,11126,111097,0,0,0,0,0,72614,3,0
0,0,0,0,19,28,11127,111097,0,0,0,0,0,72747,3,0
0,0,0,0,20,28,11128,111097,0,0,0,0,0,72618,3,0
0,0,0,0,21,28,11129,111097,0,0,0,0,0,72981,3,0
0,0,0,0,22,28,11130,111097,0,0,0,0,0,72613,3,0
0,0,0,0,23,28,11131,111097,0,0,0,0,0,208095,3,0
0,0,0,0,1,0,11132,114004,0,0,0,0,0,258239,3,0
1,0,0,0,27,3,11133,114004,0,0,0,0,0,277885,3,0
2,0,0,0,3,4,11134,114004,0,0,0,0,0,266736,3,0
3,0,0,1,21,5,11135,114004,0,0,0,0,0,209413,3,0
0,0,0,0,55,6,11136,114004,0,0,0,0,0,270540,3,0
3,0,0,1,23,7,11137,114004,0,0,0,0,0,188062,3,0
3,0,0,1,10,12,11138,114004,0,0,0,0,0,251089,3,0
1,0,0,0,18,13,11139,114004,0,0,0,0,0,199647,3,0
2,0,0,0,16,15,11140,114004,0,0,0,0,0,276734,3,0
3,0,0,1,8,16,11141,114004,0,0,0,0,0,263158,2,0
15,1,0,1,17,25,11142,114004,0,0,0,0,0,255105,3,0
1,0,0,0,11,28,11143,114004,0,0,0,0,0,273622,3,0
1,0,0,0,25,28,11144,114004,0,0,0,0,1,239728,4,0
0,0,0,0,29,28,11145,114004,0,0,0,0,0,276065,3,0
0,0,0,0,5,28,11146,114004,0,0,0,0,0,255906,2,0
0,0,0,0,13,28,11147,114004,0,0,0,0,0,211621,3,0
2,0,0,0,42,28,11148,114004,0,0,0,0,0,258032,3,0
1,0,0,0,86,28,11149,114004,0,0,0,0,0,271101,3,0
0,0,0,0,4,28,11150,114004,0,0,0,0,0,229005,3,0
0,0,0,0,37,28,11151,114004,0,0,0,0,0,248124,3,0
0,0,0,0,31,28,11152,114004,0,0,0,0,0,247912,3,0
0,0,0,0,22,28,11153,114004,0,0,0,0,0,263643,3,0
0,0,0,0,12,28,11154,114004,0,0,0,0,0,257670,3,0
0,0,0,0,6,29,11155,114004,0,0,0,0,0,224286,3,0
2,0,0,0,7,29,11156,114004,0,0,0,0,0,275281,2,0
0,0,0,0,1,0,11157,114326,0,0,0,0,0,263032,2,0
3,0,0,0,25,4,11158,114326,0,0,0,0,0,261040,2,0
0,0,0,0,24,5,11159,114326,0,0,0,0,0,239179,3,0
1,0,0,0,4,6,11160,114326,0,0,0,0,0,245540,3,0
0,0,0,0,7,12,11161,114326,0,0,0,0,0,254822,3,0
5,0,0,1,30,13,11162,114326,0,0,0,0,0,268395,3,0
5,0,0,1,66,15,11163,114326,0,0,0,0,1,258040,4,0
2,0,0,0,20,16,11164,114326,0,0,0,0,0,235398,3,0
3,0,0,0,11,17,11165,114326,0,0,0,0,0,242755,2,0
7,0,0,1,27,19,11166,114326,0,0,0,0,0,235471,3,0
7,0,0,1,19,25,11167,114326,0,0,0,0,1,278049,4,0
0,0,0,0,10,28,11168,114326,0,0,0,0,0,222467,3,0
1,0,0,0,77,28,11169,114326,0,0,0,0,0,211245,3,0
0,0,0,0,8,28,11170,114326,0,0,0,0,0,245026,3,0
0,0,0,0,3,28,11171,114326,0,0,0,0,0,258146,3,0
0,0,0,0,89,28,11172,114326,0,0,0,0,0,252500,3,0
5,0,0,1,9,28,11173,114326,0,0,0,0,0,209456,3,0
0,0,0,0,26,28,11174,114326,0,0,0,0,0,254899,3,0
3,0,0,0,21,28,11175,114326,0,0,0,0,0,271937,3,0
0,0,0,0,23,28,11176,114326,0,0,0,0,0,268098,3,0
2,0,0,0,5,28,11177,114326,0,0,0,0,0,227278,3,0
0,0,0,0,15,28,11178,114326,0,0,0,0,0,239568,3,0
0,0,0,0,12,28,11179,114326,0,0,0,0,0,185405,3,0
0,0,0,0,17,29,11180,114326,0,0,0,0,0,262244,3,0
0,0,0,0,88,29,11181,114326,0,0,0,0,0,251760,3,0
0,0,0,0,13,29,11182,114326,0,0,0,0,0,267935,3,0
0,0,0,0,33,29,11183,114326,0,0,0,0,0,235303,3,0
0,0,0,0,18,29,11184,114326,0,0,0,0,0,242512,3,0
1,0,0,0,14,29,11185,114326,0,0,0,0,0,240037,3,0
0,0,0,0,22,29,11186,114326,0,0,0,0,0,267463,3,0
0,0,0,0,31,29,11187,114326,0,0,0,0,0,279780,3,0
0,0,0,0,28,29,11188,114326,0,0,0,0,0,279019,3,0
0,0,0,0,34,29,11189,114326,0,0,0,0,0,258866,3,0
0,0,0,0,48,0,11190,114393,0,0,0,0,0,271411,4,0
1,0,0,0,8,3,11191,114393,0,0,0,0,0,205813,3,0
7,0,0,1,22,4,11192,114393,0,0,0,0,0,276727,3,0
4,0,0,1,3,6,11193,114393,0,0,0,0,0,275952,4,0
1,0,0,0,21,7,11194,114393,0,0,0,0,0,216746,3,0
0,0,0,0,5,9,11195,114393,0,0,0,0,0,275950,3,0
0,0,0,0,14,11,11196,114393,0,0,0,0,0,226025,5,0
0,0,0,0,10,12,11197,114393,0,0,0,0,0,275807,3,0
2,0,0,0,16,16,11198,114393,0,0,0,0,1,220911,4,0
1,0,0,0,70,18,11199,114393,0,0,0,0,0,240141,4,0
4,0,0,1,25,25,11200,114393,0,0,0,0,0,245812,2,0
1,0,0,0,45,28,11201,114393,0,0,0,0,0,275958,3,0
0,0,0,0,6,28,11202,114393,0,0,0,0,0,238578,3,0
1,0,0,0,93,28,11203,114393,0,0,0,0,0,278050,3,0
6,0,0,1,27,28,11204,114393,0,0,0,0,0,234928,4,0
0,0,0,0,1,28,11205,114393,0,0,0,0,0,275776,3,0
1,0,0,0,23,28,11206,114393,0,0,0,0,0,274865,3,0
0,0,0,0,7,28,11207,114393,0,0,0,0,0,255716,3,0
0,0,0,0,17,28,11208,114393,0,0,0,0,0,222266,3,0
0,0,0,0,13,28,11209,114393,0,0,0,0,0,275804,3,0
0,0,0,0,67,28,11210,114393,0,0,0,0,0,279740,4,0
0,0,0,0,96,28,11211,114393,0,0,0,0,0,244331,3,0
5,0,0,1,9,28,11212,114393,0,0,0,0,0,235271,3,0
0,0,0,0,19,29,11213,114393,0,0,0,0,0,275954,3,0
3,0,0,0,11,29,11214,114393,0,0,0,0,0,242915,3,0
0,0,0,0,4,29,11215,114393,0,0,0,0,0,234664,3,0
0,0,0,0,33,0,11216,211,0,0,0,0,0,261144,3,0
0,0,0,0,6,4,11217,211,0,0,0,0,0,243595,3,0
0,0,0,0,28,5,11218,211,0,0,0,0,0,190868,3,0
0,0,0,0,22,6,11219,211,0,0,0,0,0,205965,3,0
0,0,0,0,77,12,11220,211,0,0,0,0,0,261145,3,0
0,0,0,0,25,13,11221,211,0,0,0,0,0,276278,3,0
0,0,0,0,27,15,11222,211,0,0,0,0,0,231007,3,0
0,0,0,0,72,16,11223,211,0,0,0,0,0,267899,3,0
0,0,0,0,10,18,11224,211,0,0,0,0,0,262842,3,0
0,0,0,0,17,24,11225,211,0,0,0,0,0,236413,3,0
0,0,0,0,9,26,11226,211,0,0,0,0,0,215455,3,0
0,0,0,0,30,28,11227,211,0,0,0,0,0,255526,3,0
0,0,0,0,14,28,11228,211,0,0,0,0,0,236311,3,0
0,0,0,0,18,28,11229,211,0,0,0,0,0,231685,3,0
0,0,0,0,39,28,11230,211,0,0,0,0,0,274369,3,0
0,0,0,0,1,28,11231,211,0,0,0,0,0,244258,3,0
0,0,0,0,20,28,11232,211,0,0,0,0,0,279925,3,0
0,0,0,0,31,28,11233,211,0,0,0,0,0,261143,3,0
0,0,0,0,5,28,11234,211,0,0,0,0,0,216350,3,0
0,0,0,0,23,28,11235,211,0,0,0,0,0,239200,3,0
0,0,0,0,19,28,11236,211,0,0,0,0,0,225353,3,0
0,0,0,0,3,28,11237,211,0,0,0,0,0,242061,3,0
0,0,0,0,4,28,11238,211,0,0,0,0,0,255891,3,0
0,0,0,0,15,29,11239,211,0,0,0,0,0,275139,3,0
0,0,0,0,55,29,11240,211,0,0,0,0,0,244272,3,0
0,0,0,0,86,29,11241,211,0,0,0,0,0,277901,3,0
0,0,0,0,11,29,11242,211,0,0,0,0,0,262800,3,0
0,0,0,0,2,29,11243,211,0,0,0,0,0,244259,3,0
0,0,0,0,8,29,11244,211,0,0,0,0,0,277941,3,0
0,0,0,0,35,29,11245,211,0,0,0,0,0,71336,3,0
0,0,0,0,36,29,11246,211,0,0,0,0,0,70297,3,0
0,0,0,0,32,29,11247,211,0,0,0,0,0,70296,3,0
0,0,0,0,99,29,11248,211,0,0,0,0,0,198504,3,0
0,0,0,0,40,0,11249,263,0,0,0,0,0,276138,3,0
0,0,0,0,18,3,11250,263,0,0,0,0,0,232296,3,0
0,0,0,0,25,4,11251,263,0,0,0,0,0,244629,3,0
0,0,0,0,31,6,11252,263,0,0,0,0,0,251343,3,0
0,0,0,0,20,7,11253,263,0,0,0,0,0,275238,3,0
0,0,0,0,77,12,11254,263,0,0,0,0,0,263056,3,0
0,0,0,0,21,13,11255,263,0,0,0,0,0,272346,3,0
0,0,0,0,7,14,11256,263,0,0,0,0,0,225054,3,0
0,0,0,0,23,15,11257,263,0,0,0,0,0,230988,3,0
0,0,0,0,70,16,11258,263,0,0,0,0,0,234711,3,0
0,0,0,0,10,25,11259,263,0,0,0,0,0,205855,3,0
0,0,0,0,9,28,11260,263,0,0,0,0,0,185431,3,0
0,0,0,0,11,28,11261,263,0,0,0,0,0,244863,3,0
0,0,0,0,30,28,11262,263,0,0,0,0,0,231493,3,0
0,0,0,0,5,28,11263,263,0,0,0,0,0,231527,3,0
0,0,0,0,91,28,11264,263,0,0,0,0,0,220932,3,0
0,0,0,0,4,28,11265,263,0,0,0,0,0,181458,3,0
0,0,0,0,3,28,11266,263,0,0,0,0,0,271300,3,0
0,0,0,0,27,28,11267,263,0,0,0,0,0,204350,3,0
0,0,0,0,24,28,11268,263,0,0,0,0,0,229657,3,0
0,0,0,0,22,28,11269,263,0,0,0,0,0,246416,3,0
0,0,0,0,32,28,11270,263,0,0,0,0,0,279188,3,0
0,0,0,0,19,28,11271,263,0,0,0,0,0,218341,3,0
0,0,0,0,8,29,11272,263,0,0,0,0,0,175895,3,0
0,0,0,0,6,29,11273,263,0,0,0,0,0,278110,3,0
0,0,0,0,17,29,11274,263,0,0,0,0,0,227584,3,0
0,0,0,0,13,29,11275,263,0,0,0,0,0,210347,3,0
0,0,0,0,97,29,11276,263,0,0,0,0,0,242236,3,0
0,0,0,0,28,29,11277,263,0,0,0,0,0,274554,3,0
0,0,0,0,99,29,11278,263,0,0,0,0,0,276805,3,0
0,0,0,0,88,29,11279,263,0,0,0,0,0,263054,3,0
0,0,0,0,36,0,11280,266,0,0,0,0,0,221909,3,0
0,0,0,0,27,3,11281,266,0,0,0,0,0,248169,3,0
0,0,0,0,3,4,11282,266,0,0,0,0,0,251116,3,0
0,0,0,0,4,6,11283,266,0,0,0,0,0,255687,3,0
0,0,0,0,33,7,11284,266,0,0,0,0,0,71451,3,0
0,0,0,0,23,9,11285,266,0,0,0,0,0,247030,3,0
0,0,0,0,19,11,11286,266,0,0,0,0,0,254909,3,0
0,0,0,0,21,12,11287,266,0,0,0,0,0,269509,3,0
0,0,0,0,26,16,11288,266,0,0,0,0,0,263287,3,0
0,0,0,0,17,18,11289,266,0,0,0,0,0,253727,3,0
0,0,0,0,13,25,11290,266,0,0,0,0,0,274906,3,0
0,0,0,0,35,28,11291,266,0,0,0,0,0,271296,3,0
0,0,0,0,10,28,11292,266,0,0,0,0,0,264330,3,0
0,0,0,0,8,28,11293,266,0,0,0,0,0,243007,3,0
0,0,0,0,5,28,11294,266,0,0,0,0,0,242635,3,0
0,0,0,0,28,28,11295,266,0,0,0,0,0,263286,3,0
0,0,0,0,15,28,11296,266,0,0,0,0,0,269510,3,0
0,0,0,0,6,28,11297,266,0,0,0,0,0,260734,3,0
0,0,0,0,1,28,11298,266,0,0,0,0,0,244467,3,0
0,0,0,0,18,28,11299,266,0,0,0,0,0,204125,3,0
0,0,0,0,29,28,11300,266,0,0,0,0,0,277027,3,0
0,0,0,0,14,28,11301,266,0,0,0,0,0,204506,3,0
0,0,0,0,9,28,11302,266,0,0,0,0,0,276059,3,0
0,0,0,0,11,29,11303,266,0,0,0,0,0,198429,3,0
0,0,0,0,12,29,11304,266,0,0,0,0,0,274915,3,0
0,0,0,0,24,29,11305,266,0,0,0,0,0,278090,3,0
0,0,0,0,31,29,11306,266,0,0,0,0,0,71744,3,0
0,0,0,0,20,29,11307,266,0,0,0,0,0,272964,3,0
0,0,0,0,2,29,11308,266,0,0,0,0,0,233820,3,0
0,0,0,0,1,0,11309,267,0,0,0,0,0,231237,3,0
0,0,0,0,2,3,11310,267,0,0,0,0,0,246055,3,0
0,0,0,0,25,4,11311,267,0,0,0,0,0,221024,3,0
0,0,0,0,27,5,11312,267,0,0,0,0,0,247643,3,0
0,0,0,0,37,6,11313,267,0,0,0,0,0,252064,3,0
0,0,0,0,32,7,11314,267,0,0,0,0,0,266374,3,0
0,0,0,0,14,23,11315,267,0,0,0,0,0,261307,3,0
0,0,0,0,20,13,11316,267,0,0,0,0,0,234983,3,0
0,0,0,0,6,15,11317,267,0,0,0,0,0,232446,3,0
0,0,0,0,22,27,11318,267,0,0,0,0,0,227562,3,0
0,0,0,0,9,25,11319,267,0,0,0,0,0,257536,3,0
0,0,0,0,18,28,11320,267,0,0,0,0,0,270046,3,0
0,0,0,0,30,28,11321,267,0,0,0,0,0,199323,3,0
0,0,0,0,28,28,11322,267,0,0,0,0,0,246183,3,0
0,0,0,0,41,28,11323,267,0,0,0,0,0,259748,3,0
0,0,0,0,24,28,11324,267,0,0,0,0,0,240283,3,0
0,0,0,0,21,28,11325,267,0,0,0,0,0,263288,3,0
0,0,0,0,7,28,11326,267,0,0,0,0,0,252487,3,0
0,0,0,0,26,28,11327,267,0,0,0,0,0,275241,3,0
0,0,0,0,4,28,11328,267,0,0,0,0,0,260149,3,0
0,0,0,0,29,28,11329,267,0,0,0,0,0,276053,3,0
0,0,0,0,10,28,11330,267,0,0,0,0,0,256970,3,0
0,0,0,0,11,28,11331,267,0,0,0,0,0,70946,3,0
0,0,0,0,44,29,11332,267,0,0,0,0,0,276347,3,0
0,0,0,0,19,29,11333,267,0,0,0,0,0,269513,3,0
0,0,0,0,8,29,11334,267,0,0,0,0,0,203604,3,0
0,0,0,0,99,29,11335,267,0,0,0,0,0,212137,3,0
0,0,0,0,1,0,11336,278,0,0,0,0,0,216175,3,0
0,0,0,0,12,3,11337,278,0,0,0,0,0,255541,3,0
0,0,0,0,21,4,11338,278,0,0,0,0,0,199206,3,0
0,0,0,0,2,6,11339,278,0,0,0,0,0,228732,3,0
0,0,0,0,17,7,11340,278,0,0,0,0,0,279064,3,0
0,0,0,0,4,10,11341,278,0,0,0,0,0,223779,3,0
0,0,0,0,19,12,11342,278,0,0,0,0,0,220969,3,0
0,0,0,0,8,16,11343,278,0,0,0,0,0,230564,3,0
0,0,0,0,13,18,11344,278,0,0,0,0,0,224574,3,0
0,0,0,0,7,24,11345,278,0,0,0,0,0,229153,3,0
0,0,0,0,14,26,11346,278,0,0,0,0,0,220715,3,0
0,0,0,0,20,28,11347,278,0,0,0,0,0,208224,3,0
0,0,0,0,5,28,11348,278,0,0,0,0,0,183108,3,0
0,0,0,0,23,28,11349,278,0,0,0,0,0,243525,3,0
0,0,0,0,18,28,11350,278,0,0,0,0,0,211522,3,0
0,0,0,0,30,28,11351,278,0,0,0,0,0,252022,3,0
0,0,0,0,10,28,11352,278,0,0,0,0,0,190059,3,0
0,0,0,0,11,28,11353,278,0,0,0,0,0,198145,3,0
0,0,0,0,22,28,11354,278,0,0,0,0,0,223979,3,0
0,0,0,0,25,28,11355,278,0,0,0,0,0,239845,3,0
0,0,0,0,29,28,11356,278,0,0,0,0,0,201042,3,0
0,0,0,0,28,28,11357,278,0,0,0,0,0,194354,3,0
0,0,0,0,24,28,11358,278,0,0,0,0,0,262822,3,0
0,0,0,0,6,29,11359,278,0,0,0,0,0,204152,3,0
0,0,0,0,9,29,11360,278,0,0,0,0,0,223730,3,0
0,0,0,0,70,29,11361,278,0,0,0,0,0,210761,3,0
0,0,0,0,37,29,11362,278,0,0,0,0,0,259069,3,0
0,0,0,0,90,29,11363,278,0,0,0,0,0,278660,3,0
0,0,0,0,99,29,11364,278,0,0,0,0,0,258790,3,0
0,0,0,0,39,29,11365,278,0,0,0,0,0,258247,3,0
0,0,0,0,42,0,11366,393,0,0,0,0,0,246267,3,0
0,0,0,0,19,3,11367,393,0,0,0,0,0,210455,3,0
0,0,0,0,16,4,11368,393,0,0,0,0,0,210136,3,0
0,0,0,0,4,6,11369,393,0,0,0,0,0,270077,3,0
0,0,0,0,21,7,11370,393,0,0,0,0,0,209620,3,0
0,0,0,0,77,23,11371,393,0,0,0,0,0,245977,3,0
0,0,0,0,8,13,11372,393,0,0,0,0,0,205391,3,0
0,0,0,0,27,15,11373,393,0,0,0,0,0,200094,3,0
0,0,0,0,11,27,11374,393,0,0,0,0,0,188803,3,0
0,0,0,0,10,18,11375,393,0,0,0,0,0,210313,3,0
0,0,0,0,33,25,11376,393,0,0,0,0,0,218066,3,0
0,0,0,0,7,28,11377,393,0,0,0,0,0,259633,3,0
0,0,0,0,6,28,11378,393,0,0,0,0,0,253138,3,0
0,0,0,0,15,28,11379,393,0,0,0,0,0,213414,3,0
0,0,0,0,23,28,11380,393,0,0,0,0,0,231588,3,0
0,0,0,0,18,28,11381,393,0,0,0,0,0,251673,3,0
0,0,0,0,14,28,11382,393,0,0,0,0,0,220746,3,0
0,0,0,0,71,28,11383,393,0,0,0,0,0,212261,3,0
0,0,0,0,22,28,11384,393,0,0,0,0,0,204688,3,0
0,0,0,0,20,28,11385,393,0,0,0,0,0,177553,3,0
0,0,0,0,88,28,11386,393,0,0,0,0,0,247377,3,0
0,0,0,0,5,28,11387,393,0,0,0,0,0,253136,3,0
0,0,0,0,95,28,11388,393,0,0,0,0,0,274699,3,0
0,0,0,0,55,29,11389,393,0,0,0,0,0,218936,3,0
0,0,0,0,3,29,11390,393,0,0,0,0,0,216114,3,0
0,0,0,0,38,29,11391,393,0,0,0,0,0,278080,3,0
0,0,0,0,30,29,11392,393,0,0,0,0,0,236396,3,0
0,0,0,0,32,29,11393,393,0,0,0,0,0,258263,3,0
0,0,0,0,31,29,11394,393,0,0,0,0,0,264291,3,0
0,0,0,0,76,29,11395,393,0,0,0,0,0,270078,3,0
0,0,0,0,64,29,11396,393,0,0,0,0,0,263327,3,0
0,0,0,0,54,29,11397,393,0,0,0,0,0,267687,3,0
0,0,0,0,68,29,11398,393,0,0,0,0,0,259876,3,0
0,0,0,0,26,29,11399,393,0,0,0,0,0,237520,3,0
0,0,0,0,90,0,11400,1874,0,0,0,0,0,221610,3,0
0,0,0,0,25,3,11401,1874,0,0,0,0,0,262644,3,0
0,0,0,0,3,4,11402,1874,0,0,0,0,0,224211,3,0
0,0,0,0,27,6,11403,1874,0,0,0,0,0,225532,3,0
0,0,0,0,99,7,11404,1874,0,0,0,0,0,205207,3,0
0,0,0,0,15,9,11405,1874,0,0,0,0,0,275976,3,0
0,0,0,0,33,11,11406,1874,0,0,0,0,0,263383,3,0
0,0,0,0,16,17,11407,1874,0,0,0,0,0,237566,3,0
0,0,0,0,7,18,11408,1874,0,0,0,0,0,268822,3,0
0,0,0,0,10,19,11409,1874,0,0,0,0,0,256614,3,0
0,0,0,0,19,25,11410,1874,0,0,0,0,0,236510,3,0
0,0,0,0,11,28,11411,1874,0,0,0,0,0,211068,3,0
0,0,0,0,76,28,11412,1874,0,0,0,0,0,269116,3,0
0,0,0,0,21,28,11413,1874,0,0,0,0,0,230718,3,0
0,0,0,0,31,28,11414,1874,0,0,0,0,0,237307,3,0
0,0,0,0,1,28,11415,1874,0,0,0,0,0,235086,3,0
0,0,0,0,20,28,11416,1874,0,0,0,0,0,245694,3,0
0,0,0,0,72,28,11417,1874,0,0,0,0,0,223489,3,0
0,0,0,0,80,28,11418,1874,0,0,0,0,0,236817,3,0
0,0,0,0,22,28,11419,1874,0,0,0,0,0,212546,3,0
0,0,0,0,17,28,11420,1874,0,0,0,0,0,240031,3,0
0,0,0,0,77,28,11421,1874,0,0,0,0,0,260814,3,0
0,0,0,0,55,28,11422,1874,0,0,0,0,0,276158,3,0
0,0,0,0,44,29,11423,1874,0,0,0,0,0,240725,3,0
0,0,0,0,5,29,11424,1874,0,0,0,0,0,200765,3,0
0,0,0,0,23,29,11425,1874,0,0,0,0,0,267632,3,0
0,0,0,0,68,29,11426,1874,0,0,0,0,0,275740,3,0
0,0,0,0,29,29,11427,1874,0,0,0,0,0,261260,3,0
0,0,0,0,14,29,11428,1874,0,0,0,0,0,244264,3,0
0,0,0,0,64,29,11429,1874,0,0,0,0,0,70903,3,0
0,0,0,0,13,29,11430,1874,0,0,0,0,0,220921,3,0
0,0,0,0,24,29,11431,1874,0,0,0,0,0,237700,3,0
0,0,0,0,54,29,11432,1874,0,0,0,0,0,70900,3,0
0,0,0,0,2,29,11433,1874,0,0,0,0,0,240961,3,0
0,0,0,0,69,0,11434,1884,0,0,0,0,0,215502,3,0
0,0,0,0,2,3,11435,1884,0,0,0,0,0,255634,3,0
0,0,0,0,21,4,11436,1884,0,0,0,0,0,215930,3,0
0,0,0,0,20,6,11437,1884,0,0,0,0,0,226601,3,0
0,0,0,0,25,7,11438,1884,0,0,0,0,0,221969,3,0
0,0,0,0,34,23,11439,1884,0,0,0,0,0,212715,3,0
0,0,0,0,52,13,11440,1884,0,0,0,0,0,203535,3,0
0,0,0,0,55,15,11441,1884,0,0,0,0,0,207884,3,0
0,0,0,0,10,27,11442,1884,0,0,0,0,0,205525,3,0
0,0,0,0,8,18,11443,1884,0,0,0,0,0,208250,3,0
0,0,0,0,7,25,11444,1884,0,0,0,0,0,258015,3,0
0,0,0,0,4,28,11445,1884,0,0,0,0,0,190156,3,0
0,0,0,0,6,28,11446,1884,0,0,0,0,0,168621,3,0
0,0,0,0,27,28,11447,1884,0,0,0,0,0,262815,3,0
0,0,0,0,94,28,11448,1884,0,0,0,0,0,263021,3,0
0,0,0,0,12,28,11449,1884,0,0,0,0,0,216336,3,0
0,0,0,0,17,28,11450,1884,0,0,0,0,0,229575,3,0
0,0,0,0,22,28,11451,1884,0,0,0,0,0,231433,3,0
0,0,0,0,31,28,11452,1884,0,0,0,0,0,193881,3,0
0,0,0,0,9,28,11453,1884,0,0,0,0,0,231786,3,0
0,0,0,0,5,28,11454,1884,0,0,0,0,0,198177,3,0
0,0,0,0,3,28,11455,1884,0,0,0,0,0,201509,3,0
0,0,0,0,77,28,11456,1884,0,0,0,0,0,225997,3,0
0,0,0,0,16,29,11457,1884,0,0,0,0,0,247861,3,0
0,0,0,0,11,29,11458,1884,0,0,0,0,0,240271,3,0
0,0,0,0,29,29,11459,1884,0,0,0,0,0,221605,3,0
0,0,0,0,91,29,11460,1884,0,0,0,0,0,210358,3,0
0,0,0,0,23,29,11461,1884,0,0,0,0,0,208522,3,0
0,0,0,0,14,29,11462,1884,0,0,0,0,0,219461,3,0
0,0,0,0,15,29,11463,1884,0,0,0,0,0,237081,3,0
0,0,0,0,24,29,11464,1884,0,0,0,0,0,264496,3,0
0,0,0,0,71,29,11465,1884,0,0,0,0,0,255056,3,0
0,0,0,0,90,29,11466,1884,0,0,0,0,0,271008,3,0
0,0,0,0,27,0,11467,100135,0,0,0,0,0,193336,3,0
0,0,0,0,14,3,11468,100135,0,0,0,0,0,223511,3,0
0,0,0,0,3,4,11469,100135,0,0,0,0,0,195087,3,0
0,0,0,0,5,6,11470,100135,0,0,0,0,0,227766,3,0
0,0,0,0,6,7,11471,100135,0,0,0,0,0,277065,3,0
0,0,0,0,77,23,11472,100135,0,0,0,0,0,204908,3,0
0,0,0,0,70,13,11473,100135,0,0,0,0,0,234234,3,0
0,0,0,0,20,15,11474,100135,0,0,0,0,0,226866,3,0
0,0,0,0,36,27,11475,100135,0,0,0,0,0,270478,3,0
0,0,0,0,10,18,11476,100135,0,0,0,0,0,214973,3,0
0,0,0,0,11,25,11477,100135,0,0,0,0,0,235812,3,0
0,0,0,0,99,28,11478,100135,0,0,0,0,0,227732,3,0
0,0,0,0,7,28,11479,100135,0,0,0,0,0,197382,3,0
0,0,0,0,18,28,11480,100135,0,0,0,0,0,263361,3,0
0,0,0,0,4,28,11481,100135,0,0,0,0,0,276099,3,0
0,0,0,0,22,28,11482,100135,0,0,0,0,0,269880,3,0
0,0,0,0,9,28,11483,100135,0,0,0,0,0,199737,3,0
0,0,0,0,21,28,11484,100135,0,0,0,0,0,175851,3,0
0,0,0,0,44,28,11485,100135,0,0,0,0,0,237364,3,0
0,0,0,0,15,28,11486,100135,0,0,0,0,0,172685,3,0
0,0,0,0,16,28,11487,100135,0,0,0,0,0,216281,3,0
0,0,0,0,35,28,11488,100135,0,0,0,0,0,263388,3,0
0,0,0,0,78,28,11489,100135,0,0,0,0,0,267767,3,0
0,0,0,0,43,29,11490,100135,0,0,0,0,0,270843,3,0
0,0,0,0,90,29,11491,100135,0,0,0,0,0,271020,3,0
0,0,0,0,8,29,11492,100135,0,0,0,0,0,276097,3,0
0,0,0,0,76,29,11493,100135,0,0,0,0,0,263249,3,0
0,0,0,0,31,29,11494,100135,0,0,0,0,0,229899,3,0
0,0,0,0,1,0,11495,100325,0,0,0,0,0,272646,3,0
0,0,0,0,27,3,11496,100325,0,0,0,0,0,242149,3,0
0,0,0,0,4,4,11497,100325,0,0,0,0,0,172232,3,0
0,0,0,0,5,6,11498,100325,0,0,0,0,0,240665,3,0
0,0,0,0,30,7,11499,100325,0,0,0,0,0,274923,3,0
0,0,0,0,7,23,11500,100325,0,0,0,0,0,247286,3,0
0,0,0,0,37,13,11501,100325,0,0,0,0,0,234293,3,0
0,0,0,0,10,15,11502,100325,0,0,0,0,0,234294,3,0
0,0,0,0,18,27,11503,100325,0,0,0,0,0,272648,3,0
0,0,0,0,22,18,11504,100325,0,0,0,0,0,275331,3,0
0,0,0,0,11,25,11505,100325,0,0,0,0,0,260182,3,0
0,0,0,0,41,28,11506,100325,0,0,0,0,0,266431,3,0
0,0,0,0,8,28,11507,100325,0,0,0,0,0,273712,3,0
0,0,0,0,6,28,11508,100325,0,0,0,0,0,234290,3,0
0,0,0,0,46,28,11509,100325,0,0,0,0,0,274037,3,0
0,0,0,0,81,28,11510,100325,0,0,0,0,0,262076,3,0
0,0,0,0,17,28,11511,100325,0,0,0,0,0,239718,3,0
0,0,0,0,20,28,11512,100325,0,0,0,0,0,266432,3,0
0,0,0,0,28,28,11513,100325,0,0,0,0,0,266676,3,0
0,0,0,0,15,28,11514,100325,0,0,0,0,0,272963,3,0
0,0,0,0,19,28,11515,100325,0,0,0,0,0,275184,3,0
0,0,0,0,45,28,11516,100325,0,0,0,0,0,272598,3,0
0,0,0,0,14,28,11517,100325,0,0,0,0,0,235647,3,0
0,0,0,0,9,29,11518,100325,0,0,0,0,0,265793,3,0
0,0,0,0,2,29,11519,100325,0,0,0,0,0,243848,3,0
0,0,0,0,16,29,11520,100325,0,0,0,0,0,271646,3,0
0,0,0,0,21,29,11521,100325,0,0,0,0,0,71945,3,0
0,0,0,0,24,29,11522,100325,0,0,0,0,0,71943,3,0
0,0,0,0,1,0,11523,101047,0,0,0,0,0,244385,3,0
0,0,0,0,24,3,11524,101047,0,0,0,0,0,258308,3,0
0,0,0,0,25,4,11525,101047,0,0,0,0,0,274729,3,0
0,0,0,0,4,6,11526,101047,0,0,0,0,0,245132,3,0
0,0,0,0,44,7,11527,101047,0,0,0,0,0,266755,3,0
0,0,0,0,6,9,11528,101047,0,0,0,0,0,277439,3,0
0,0,0,0,18,11,11529,101047,0,0,0,0,0,244375,3,0
0,0,0,0,7,12,11530,101047,0,0,0,0,0,194794,3,0
0,0,0,0,22,16,11531,101047,0,0,0,0,0,274724,3,0
0,0,0,0,29,18,11532,101047,0,0,0,0,0,244373,3,0
0,0,0,0,11,25,11533,101047,0,0,0,0,0,271541,3,0
0,0,0,0,10,28,11534,101047,0,0,0,0,0,244374,3,0
0,0,0,0,91,28,11535,101047,0,0,0,0,0,274726,3,0
0,0,0,0,20,28,11536,101047,0,0,0,0,0,237109,3,0
0,0,0,0,34,28,11537,101047,0,0,0,0,0,257170,3,0
0,0,0,0,35,28,11538,101047,0,0,0,0,0,252789,3,0
0,0,0,0,8,28,11539,101047,0,0,0,0,0,244376,3,0
0,0,0,0,77,28,11540,101047,0,0,0,0,0,255040,3,0
0,0,0,0,32,28,11541,101047,0,0,0,0,0,71330,3,0
0,0,0,0,30,28,11542,101047,0,0,0,0,0,274728,3,0
0,0,0,0,37,28,11543,101047,0,0,0,0,0,271543,3,0
0,0,0,0,2,28,11544,101047,0,0,0,0,0,271542,3,0
0,0,0,0,21,28,11545,101047,0,0,0,0,0,245396,3,0
0,0,0,0,9,29,11546,101047,0,0,0,0,0,71066,3,0
0,0,0,0,23,29,11547,101047,0,0,0,0,0,277443,3,0
0,0,0,0,74,29,11548,101047,0,0,0,0,0,274730,3,0
0,0,0,0,40,29,11549,101047,0,0,0,0,0,277442,3,0
0,0,0,0,51,29,11550,101047,0,0,0,0,0,271546,3,0
0,0,0,0,90,29,11551,101047,0,0,0,0,0,71894,3,0
0,0,0,0,33,29,11552,101047,0,0,0,0,0,71895,3,0
0,0,0,0,54,29,11553,101047,0,0,0,0,0,72017,3,0
0,0,0,0,31,0,11554,101059,0,0,0,0,0,265628,3,0
0,0,0,0,26,3,11555,101059,0,0,0,0,0,263804,3,0
0,0,0,0,5,4,11556,101059,0,0,0,0,0,248698,3,0
0,0,0,0,22,6,11557,101059,0,0,0,0,0,229528,3,0
0,0,0,0,16,7,11558,101059,0,0,0,0,0,278075,3,0
0,0,0,0,8,10,11559,101059,0,0,0,0,0,274732,3,0
0,0,0,0,11,12,11560,101059,0,0,0,0,0,237055,3,0
0,0,0,0,21,13,11561,101059,0,0,0,0,0,255074,3,0
0,0,0,0,10,15,11562,101059,0,0,0,0,0,259913,3,0
0,0,0,0,37,16,11563,101059,0,0,0,0,0,70571,3,0
0,0,0,0,14,25,11564,101059,0,0,0,0,0,247122,3,0
0,0,0,0,2,28,11565,101059,0,0,0,0,0,246728,3,0
0,0,0,0,39,28,11566,101059,0,0,0,0,0,277194,3,0
0,0,0,0,6,28,11567,101059,0,0,0,0,0,206413,3,0
0,0,0,0,13,28,11568,101059,0,0,0,0,0,274722,3,0
0,0,0,0,1,28,11569,101059,0,0,0,0,0,244384,3,0
0,0,0,0,29,28,11570,101059,0,0,0,0,0,242021,3,0
0,0,0,0,7,28,11571,101059,0,0,0,0,0,277448,3,0
0,0,0,0,44,28,11572,101059,0,0,0,0,0,195861,3,0
0,0,0,0,30,28,11573,101059,0,0,0,0,0,70845,3,0
0,0,0,0,23,28,11574,101059,0,0,0,0,0,277193,3,0
0,0,0,0,19,28,11575,101059,0,0,0,0,0,176483,3,0
0,0,0,0,9,28,11576,101059,0,0,0,0,0,230559,3,0
0,0,0,0,24,29,11577,101059,0,0,0,0,0,70862,3,0
0,0,0,0,90,29,11578,101059,0,0,0,0,0,277456,3,0
0,0,0,0,48,29,11579,101059,0,0,0,0,0,71331,3,0
0,0,0,0,12,29,11580,101059,0,0,0,0,0,263805,3,0
0,0,0,0,3,29,11581,101059,0,0,0,0,0,277447,3,0
0,0,0,0,25,29,11582,101059,0,0,0,0,0,269899,3,0
0,0,0,0,77,29,11583,101059,0,0,0,0,0,274723,3,0
0,0,0,0,46,29,11584,101059,0,0,0,0,0,70852,3,0
0,0,0,0,30,0,11585,101100,0,0,0,0,0,246398,3,0
0,0,0,0,20,3,11586,101100,0,0,0,0,0,228136,3,0
0,0,0,0,16,4,11587,101100,0,0,0,0,0,214038,3,0
0,0,0,0,2,6,11588,101100,0,0,0,0,0,186521,3,0
0,0,0,0,77,7,11589,101100,0,0,0,0,0,228156,3,0
0,0,0,0,14,9,11590,101100,0,0,0,0,0,252333,3,0
0,0,0,0,5,11,11591,101100,0,0,0,0,0,225252,3,0
0,0,0,0,19,12,11592,101100,0,0,0,0,0,242174,3,0
0,0,0,0,22,16,11593,101100,0,0,0,0,0,274231,3,0
0,0,0,0,10,18,11594,101100,0,0,0,0,0,202558,3,0
0,0,0,0,9,25,11595,101100,0,0,0,0,0,214615,3,0
0,0,0,0,13,28,11596,101100,0,0,0,0,0,271629,3,0
0,0,0,0,3,28,11597,101100,0,0,0,0,0,242484,3,0
0,0,0,0,18,28,11598,101100,0,0,0,0,0,275054,3,0
0,0,0,0,33,28,11599,101100,0,0,0,0,0,274245,3,0
0,0,0,0,1,28,11600,101100,0,0,0,0,0,255605,3,0
0,0,0,0,39,28,11601,101100,0,0,0,0,0,279011,3,0
0,0,0,0,7,28,11602,101100,0,0,0,0,0,241020,3,0
0,0,0,0,15,28,11603,101100,0,0,0,0,0,253285,3,0
0,0,0,0,29,28,11604,101100,0,0,0,0,0,236539,3,0
0,0,0,0,23,28,11605,101100,0,0,0,0,0,271632,3,0
0,0,0,0,37,28,11606,101100,0,0,0,0,0,271631,3,0
0,0,0,0,17,28,11607,101100,0,0,0,0,0,275042,3,0
0,0,0,0,6,29,11608,101100,0,0,0,0,0,237242,3,0
0,0,0,0,25,29,11609,101100,0,0,0,0,0,264588,3,0
0,0,0,0,16,0,11610,110468,0,0,0,0,0,269511,3,0
0,0,0,0,40,4,11611,110468,0,0,0,0,0,277025,3,0
0,0,0,0,3,5,11612,110468,0,0,0,0,0,276646,3,0
0,0,0,0,21,6,11613,110468,0,0,0,0,0,259188,3,0
0,0,0,0,22,12,11614,110468,0,0,0,0,0,270068,3,0
0,0,0,0,6,13,11615,110468,0,0,0,0,0,71259,3,0
0,0,0,0,23,15,11616,110468,0,0,0,0,0,251221,3,0
0,0,0,0,19,16,11617,110468,0,0,0,0,0,257306,3,0
0,0,0,0,31,17,11618,110468,0,0,0,0,0,247050,3,0
0,0,0,0,11,19,11619,110468,0,0,0,0,0,198331,3,0
0,0,0,0,15,25,11620,110468,0,0,0,0,0,244793,3,0
0,0,0,0,18,28,11621,110468,0,0,0,0,0,235317,3,0
0,0,0,0,10,28,11622,110468,0,0,0,0,0,205365,3,0
0,0,0,0,2,28,11623,110468,0,0,0,0,0,199244,3,0
0,0,0,0,24,28,11624,110468,0,0,0,0,0,244787,3,0
0,0,0,0,30,28,11625,110468,0,0,0,0,0,278965,3,0
0,0,0,0,9,28,11626,110468,0,0,0,0,0,229154,3,0
0,0,0,0,12,28,11627,110468,0,0,0,0,0,245850,3,0
0,0,0,0,14,28,11628,110468,0,0,0,0,0,180823,3,0
0,0,0,0,33,28,11629,110468,0,0,0,0,0,255699,3,0
0,0,0,0,32,28,11630,110468,0,0,0,0,0,244796,3,0
0,0,0,0,7,28,11631,110468,0,0,0,0,0,236547,3,0
0,0,0,0,13,28,11632,110468,0,0,0,0,0,263283,3,0
0,0,0,0,5,29,11633,110468,0,0,0,0,0,277553,3,0
0,0,0,0,93,29,11634,110468,0,0,0,0,0,71589,3,0
0,0,0,0,17,29,11635,110468,0,0,0,0,0,273128,3,0
0,0,0,0,1,0,11636,111596,0,0,0,0,0,189117,3,0
0,0,0,0,24,3,11637,111596,0,0,0,0,0,221488,3,0
0,0,0,0,3,4,11638,111596,0,0,0,0,0,233400,3,0
0,0,0,0,25,6,11639,111596,0,0,0,0,0,212591,3,0
0,0,0,0,31,7,11640,111596,0,0,0,0,0,245691,3,0
0,0,0,0,8,10,11641,111596,0,0,0,0,0,254891,3,0
0,0,0,0,99,23,11642,111596,0,0,0,0,0,225951,3,0
0,0,0,0,6,13,11643,111596,0,0,0,0,0,242816,3,0
0,0,0,0,10,15,11644,111596,0,0,0,0,0,210021,3,0
0,0,0,0,11,27,11645,111596,0,0,0,0,0,221634,3,0
0,0,0,0,20,25,11646,111596,0,0,0,0,0,184111,3,0
0,0,0,0,22,28,11647,111596,0,0,0,0,0,210930,3,0
0,0,0,0,5,28,11648,111596,0,0,0,0,0,255145,3,0
0,0,0,0,21,28,11649,111596,0,0,0,0,0,215565,3,0
0,0,0,0,26,28,11650,111596,0,0,0,0,0,226803,3,0
0,0,0,0,28,28,11651,111596,0,0,0,0,0,231878,3,0
0,0,0,0,9,28,11652,111596,0,0,0,0,0,241487,3,0
0,0,0,0,13,28,11653,111596,0,0,0,0,0,226035,3,0
0,0,0,0,23,28,11654,111596,0,0,0,0,0,245371,3,0
0,0,0,0,19,28,11655,111596,0,0,0,0,0,226385,3,0
0,0,0,0,12,28,11656,111596,0,0,0,0,0,269626,3,0
0,0,0,0,47,28,11657,111596,0,0,0,0,0,251834,3,0
0,0,0,0,30,28,11658,111596,0,0,0,0,0,215270,3,0
0,0,0,0,16,29,11659,111596,0,0,0,0,0,156519,3,0
0,0,0,0,17,29,11660,111596,0,0,0,0,0,242624,3,0
0,0,0,0,29,29,11661,111596,0,0,0,0,0,244680,3,0
0,0,0,0,38,29,11662,111596,0,0,0,0,0,176048,3,0
0,0,0,0,7,29,11663,111596,0,0,0,0,0,239842,3,0
0,0,0,0,17,0,11664,111701,0,0,0,0,0,247072,3,0
0,0,0,0,11,3,11665,111701,0,0,0,0,0,247671,3,0
0,0,0,0,16,4,11666,111701,0,0,0,0,0,269082,3,0
0,0,0,0,3,6,11667,111701,0,0,0,0,0,263163,3,0
0,0,0,0,15,7,11668,111701,0,0,0,0,0,257188,3,0
0,0,0,0,6,9,11669,111701,0,0,0,0,0,247060,3,0
0,0,0,0,13,11,11670,111701,0,0,0,0,0,247696,3,0
0,0,0,0,7,12,11671,111701,0,0,0,0,0,236236,3,0
0,0,0,0,21,16,11672,111701,0,0,0,0,0,264348,3,0
0,0,0,0,10,18,11673,111701,0,0,0,0,0,226376,3,0
0,0,0,0,9,25,11674,111701,0,0,0,0,0,251353,3,0
0,0,0,0,22,28,11675,111701,0,0,0,0,0,252423,3,0
0,0,0,0,30,28,11676,111701,0,0,0,0,0,277574,3,0
0,0,0,0,44,28,11677,111701,0,0,0,0,0,247062,3,0
0,0,0,0,4,28,11678,111701,0,0,0,0,0,251355,3,0
0,0,0,0,1,28,11679,111701,0,0,0,0,0,247067,3,0
0,0,0,0,42,28,11680,111701,0,0,0,0,0,264631,3,0
0,0,0,0,18,28,11681,111701,0,0,0,0,0,252771,3,0
0,0,0,0,20,28,11682,111701,0,0,0,0,0,246107,3,0
0,0,0,0,8,28,11683,111701,0,0,0,0,0,262175,3,0
0,0,0,0,5,28,11684,111701,0,0,0,0,0,226652,3,0
0,0,0,0,12,28,11685,111701,0,0,0,0,0,263337,3,0
0,0,0,0,66,28,11686,111701,0,0,0,0,0,277572,3,0
0,0,0,0,27,29,11687,111701,0,0,0,0,0,263164,3,0
0,0,0,0,70,29,11688,111701,0,0,0,0,0,279061,3,0
0,0,0,0,77,29,11689,111701,0,0,0,0,0,71653,3,0
0,0,0,0,99,29,11690,111701,0,0,0,0,0,71548,3,0
0,0,0,0,90,29,11691,111701,0,0,0,0,0,71550,3,0
0,0,0,0,1,0,11692,114815,0,0,0,0,0,238428,3,0
0,0,0,0,2,3,11693,114815,0,0,0,0,0,5003,3,0
0,0,0,0,5,4,11694,114815,0,0,0,0,0,1183,3,0
0,0,0,0,6,6,11695,114815,0,0,0,0,0,166906,3,0
0,0,0,0,3,7,11696,114815,0,0,0,0,0,238430,3,0
0,0,0,0,4,10,11697,114815,0,0,0,0,0,214100,3,0
0,0,0,0,8,13,11698,114815,0,0,0,0,0,238435,3,0
0,0,0,0,21,15,11699,114815,0,0,0,0,0,1397,3,0
0,0,0,0,80,18,11700,114815,0,0,0,0,0,28130,3,0
0,0,0,0,7,24,11701,114815,0,0,0,0,0,167198,3,0
0,0,0,0,9,26,11702,114815,0,0,0,0,0,237067,3,0
0,0,0,0,99,28,11703,114815,0,0,0,0,0,51,3,0
0,0,0,0,37,28,11704,114815,0,0,0,0,0,247515,3,0
0,0,0,0,27,28,11705,114815,0,0,0,0,0,1605,3,0
0,0,0,0,36,28,11706,114815,0,0,0,0,0,1116,3,0
0,0,0,0,19,28,11707,114815,0,0,0,0,0,51539,3,0
0,0,0,0,39,28,11708,114815,0,0,0,0,0,247703,3,0
0,0,0,0,17,28,11709,114815,0,0,0,0,0,239261,3,0
0,0,0,0,13,28,11710,114815,0,0,0,0,0,34079,3,0
0,0,0,0,30,28,11711,114815,0,0,0,0,0,247699,3,0
0,0,0,0,23,28,11712,114815,0,0,0,0,0,243029,3,0
0,0,0,0,16,28,11713,114815,0,0,0,0,0,240,3,0
0,0,0,0,29,28,11714,114815,0,0,0,0,0,7512,3,0
0,0,0,0,25,29,11715,114815,0,0,0,0,0,1201,3,0
0,0,0,0,77,29,11716,114815,0,0,0,0,0,238382,3,0
0,0,0,0,76,29,11717,114815,0,0,0,0,0,13128,3,0
0,0,0,0,55,29,11718,114815,0,0,0,0,0,45674,3,0
0,0,0,0,11,29,11719,114815,0,0,0,0,0,54050,3,0
0,0,0,0,45,29,11720,114815,0,0,0,0,0,238424,3,0
0,0,0,0,24,29,11721,114815,0,0,0,0,0,1668,3,0
0,0,0,0,14,29,11722,114815,0,0,0,0,0,243027,3,0
0,0,0,0,40,29,11723,114815,0,0,0,0,0,5419,3,0
0,0,0,0,32,29,11724,114815,0,0,0,0,0,250,3,0
0,0,0,0,28,29,11725,114815,0,0,0,0,0,5589,3,0
0,0,0,0,22,29,11726,114815,0,0,0,0,0,330,3,0
0,0,0,0,26,29,11727,114815,0,0,0,0,0,27,3,0
0,0,0,0,15,29,11728,114815,0,0,0,0,0,246,3,0
0,0,0,0,34,29,11729,114815,0,0,0,0,0,191972,3,0
0,0,0,0,18,29,11730,114815,0,0,0,0,0,6975,3,0
0,0,0,0,1,0,11731,1318,0,0,0,0,0,204935,3,0
0,0,0,0,2,3,11732,1318,0,0,0,0,0,188377,3,0
0,0,0,0,6,4,11733,1318,0,0,0,0,0,203263,3,0
0,0,0,0,5,6,11734,1318,0,0,0,0,0,203574,3,0
0,0,0,0,3,7,11735,1318,0,0,0,0,0,205988,3,0
0,0,0,0,4,10,11736,1318,0,0,0,0,0,234378,3,0
0,0,0,0,7,23,11737,1318,0,0,0,0,0,246669,3,0
0,0,0,0,10,13,11738,1318,0,0,0,0,0,252371,3,0
0,0,0,0,8,15,11739,1318,0,0,0,0,0,183711,3,0
1,0,0,1,11,27,11740,1318,0,0,0,0,0,231677,3,0
5,0,0,1,9,25,11741,1318,0,0,0,0,0,202126,3,0
0,0,0,0,19,28,11742,1318,0,0,0,0,0,238216,3,0
0,0,0,0,15,28,11743,1318,0,0,0,0,0,224081,3,0
0,0,0,0,12,28,11744,1318,0,0,0,0,0,186345,3,0
0,0,0,0,14,28,11745,1318,0,0,0,0,0,241159,3,0
0,0,0,0,13,28,11746,1318,0,0,0,0,0,233934,3,0
0,0,0,0,20,28,11747,1318,0,0,0,0,0,237692,3,0
0,0,0,0,17,28,11748,1318,0,0,0,0,0,206517,3,0
0,0,0,0,23,28,11749,1318,0,0,0,0,0,196978,3,0
0,0,0,0,18,28,11750,1318,0,0,0,0,0,220697,3,0
0,0,0,0,16,28,11751,1318,0,0,0,0,0,232756,3,0
0,0,0,0,22,28,11752,1318,0,0,0,0,0,206075,3,0
0,0,0,0,21,28,11753,1318,0,0,0,0,0,235794,3,0
0,0,0,0,83,29,11754,1318,0,0,0,0,0,229984,3,0
0,0,0,0,80,29,11755,1318,0,0,0,0,0,231281,3,0
0,0,0,0,86,29,11756,1318,0,0,0,0,0,238074,3,0
0,0,0,0,1,0,11757,1328,0,0,0,0,0,241671,3,0
0,0,0,0,2,3,11758,1328,0,0,0,0,0,250955,3,0
0,0,0,0,6,4,11759,1328,0,0,0,0,0,256325,3,0
0,0,0,0,4,6,11760,1328,0,0,0,0,0,251517,3,0
0,0,0,0,19,7,11761,1328,0,0,0,0,0,243388,3,0
0,0,0,0,7,12,11762,1328,0,0,0,0,0,244261,3,0
0,0,0,0,11,13,11763,1328,0,0,0,0,0,216352,3,0
0,0,0,0,10,15,11764,1328,0,0,0,0,0,177003,3,0
0,0,0,0,18,16,11765,1328,0,0,0,0,0,252931,3,0
0,0,0,0,9,18,11766,1328,0,0,0,0,0,216354,3,0
0,0,0,0,17,25,11767,1328,0,0,0,0,0,188335,3,0
0,0,0,0,14,28,11768,1328,0,0,0,0,0,215455,3,0
0,0,0,0,8,28,11769,1328,0,0,0,0,0,207410,3,0
0,0,0,0,15,28,11770,1328,0,0,0,0,0,223273,3,0
0,0,0,0,22,28,11771,1328,0,0,0,0,0,257771,3,0
0,0,0,0,23,28,11772,1328,0,0,0,0,0,242288,3,0
0,0,0,0,20,28,11773,1328,0,0,0,0,0,229593,3,0
0,0,0,0,5,28,11774,1328,0,0,0,0,0,244456,3,0
0,0,0,0,21,28,11775,1328,0,0,0,0,0,199206,3,0
0,0,0,0,26,28,11776,1328,0,0,0,0,0,262842,3,0
0,0,0,0,13,28,11777,1328,0,0,0,0,0,262740,3,0
0,0,0,0,24,28,11778,1328,0,0,0,0,0,258775,3,0
0,0,0,0,12,28,11779,1328,0,0,0,0,0,271949,3,0
0,0,0,0,3,29,11780,1328,0,0,0,0,0,238370,3,0
0,0,0,0,25,29,11781,1328,0,0,0,0,0,241095,3,0
0,0,0,0,34,29,11782,1328,0,0,0,0,0,181458,3,0
0,0,0,0,16,0,11783,1330,0,0,0,0,0,221909,3,0
0,0,0,0,2,4,11784,1330,0,0,0,0,0,255687,3,0
0,0,0,0,4,5,11785,1330,0,0,0,0,0,204121,3,0
0,0,0,0,3,6,11786,1330,0,0,0,0,0,251116,3,0
0,0,0,0,5,12,11787,1330,0,0,0,0,0,244470,3,0
0,0,0,0,8,13,11788,1330,0,0,0,0,0,245209,3,0
0,0,0,0,22,15,11789,1330,0,0,0,0,0,236792,3,0
0,0,0,0,18,16,11790,1330,0,0,0,0,0,269509,3,0
0,0,0,0,14,18,11791,1330,0,0,0,0,0,253727,3,0
0,0,0,0,10,24,11792,1330,0,0,0,0,0,274906,3,0
0,0,0,0,11,26,11793,1330,0,0,0,0,0,257536,3,0
0,0,0,0,21,28,11794,1330,0,0,0,0,0,247028,3,0
0,0,0,0,20,28,11795,1330,0,0,0,0,0,258208,3,0
0,0,0,0,12,28,11796,1330,0,0,0,0,0,243007,3,0
0,0,0,0,6,28,11797,1330,0,0,0,0,0,259748,3,0
0,0,0,0,1,28,11798,1330,0,0,0,0,0,263286,3,0
0,0,0,0,9,28,11799,1330,0,0,0,0,0,246618,3,0
0,0,0,0,17,28,11800,1330,0,0,0,0,0,216860,3,0
0,0,0,0,13,28,11801,1330,0,0,0,0,0,246919,3,0
0,0,0,0,15,28,11802,1330,0,0,0,0,0,267594,3,0
0,0,0,0,19,28,11803,1330,0,0,0,0,0,244793,3,0
0,0,0,0,7,28,11804,1330,0,0,0,0,0,241186,3,0
0,0,0,0,23,28,11805,1330,0,0,0,0,0,242948,3,0
0,0,0,0,26,29,11806,1330,0,0,0,0,0,252064,3,0
0,0,0,0,42,29,11807,1330,0,0,0,0,0,227499,3,0
0,0,0,0,25,29,11808,1330,0,0,0,0,0,247030,3,0
0,0,0,0,1,0,11809,1331,0,0,0,0,0,163587,3,0
2,0,0,1,4,4,11810,1331,0,0,0,0,0,179645,3,0
0,0,0,0,2,5,11811,1331,0,0,0,0,0,224221,3,0
0,0,0,0,6,6,11812,1331,0,0,0,0,0,213661,3,0
1,0,0,1,23,10,11813,1331,0,0,0,0,0,213648,3,0
0,0,0,0,5,12,11814,1331,0,0,0,0,0,234678,3,0
6,0,0,1,10,13,11815,1331,0,0,0,0,0,190460,3,0
0,0,0,0,27,15,11816,1331,0,0,0,0,0,193283,3,0
0,0,0,0,26,16,11817,1331,0,0,0,0,0,259762,3,0
0,0,0,0,21,24,11818,1331,0,0,0,0,0,259399,3,0
3,0,0,1,99,26,11819,1331,0,0,0,0,0,207791,3,0
0,0,0,0,19,28,11820,1331,0,0,0,0,0,241522,3,0
0,0,0,0,28,28,11821,1331,0,0,0,0,0,228687,3,0
0,0,0,0,7,28,11822,1331,0,0,0,0,0,229723,3,0
0,0,0,0,14,28,11823,1331,0,0,0,0,0,241508,3,0
0,0,0,0,22,28,11824,1331,0,0,0,0,0,201269,3,0
0,0,0,0,15,28,11825,1331,0,0,0,0,0,210697,3,0
0,0,0,0,3,28,11826,1331,0,0,0,0,0,235658,3,0
0,0,0,0,16,28,11827,1331,0,0,0,0,0,246158,3,0
0,0,0,0,18,28,11828,1331,0,0,0,0,0,245235,3,0
1,0,0,1,9,28,11829,1331,0,0,0,0,0,193290,3,0
0,0,0,0,31,28,11830,1331,0,0,0,0,0,236918,3,0
0,0,0,0,11,28,11831,1331,0,0,0,0,0,240017,3,0
0,0,0,0,30,29,11832,1331,0,0,0,0,0,183491,3,0
0,0,0,0,12,29,11833,1331,0,0,0,0,0,244669,3,0
0,0,0,0,20,29,11834,1331,0,0,0,0,0,246459,3,0
0,0,0,0,1,0,11835,1334,0,0,0,0,0,190941,3,0
0,0,0,0,17,3,11836,1334,0,0,0,0,0,234298,3,0
0,0,0,0,22,4,11837,1334,0,0,0,0,0,266125,3,0
0,0,0,0,4,5,11838,1334,0,0,0,0,0,258599,3,0
0,0,0,0,3,6,11839,1334,0,0,0,0,0,231533,3,0
0,0,0,0,2,7,11840,1334,0,0,0,0,0,207593,3,0
0,0,0,0,11,10,11841,1334,0,0,0,0,0,213763,3,0
0,0,0,0,15,13,11842,1334,0,0,0,0,0,232446,3,0
0,0,0,0,6,15,11843,1334,0,0,0,0,0,213654,3,0
8,0,0,1,10,24,11844,1334,0,0,0,0,0,190362,3,0
4,0,0,1,20,26,11845,1334,0,0,0,0,0,220165,3,0
0,0,0,0,14,28,11846,1334,0,0,0,0,0,247447,3,0
0,0,0,0,13,28,11847,1334,0,0,0,0,0,241475,3,0
0,0,0,0,8,28,11848,1334,0,0,0,0,0,256215,3,0
0,0,0,0,5,28,11849,1334,0,0,0,0,0,272599,3,0
0,0,0,0,12,28,11850,1334,0,0,0,0,0,199904,3,0
0,0,0,0,7,28,11851,1334,0,0,0,0,0,239944,3,0
0,0,0,0,9,28,11852,1334,0,0,0,0,0,245582,3,0
0,0,0,0,23,28,11853,1334,0,0,0,0,0,258928,3,0
0,0,0,0,25,28,11854,1334,0,0,0,0,0,266113,3,0
0,0,0,0,16,28,11855,1334,0,0,0,0,0,263310,3,0
0,0,0,0,28,28,11856,1334,0,0,0,0,0,234889,3,0
0,0,0,0,18,28,11857,1334,0,0,0,0,0,258953,3,0
0,0,0,0,21,29,11858,1334,0,0,0,0,0,271326,3,0
0,0,0,0,24,29,11859,1334,0,0,0,0,0,272598,3,0
0,0,0,0,27,29,11860,1334,0,0,0,0,0,228312,3,0
0,0,0,0,16,0,11861,1335,0,0,0,0,0,215698,3,0
0,0,0,0,5,3,11862,1335,0,0,0,0,0,241486,3,0
0,0,0,0,4,4,11863,1335,0,0,0,0,0,229558,3,0
0,0,0,0,17,6,11864,1335,0,0,0,0,0,243715,3,0
0,0,0,0,22,7,11865,1335,0,0,0,0,0,232656,3,0
0,0,0,0,8,10,11866,1335,0,0,0,0,0,241637,3,0
14,0,0,1,7,23,11867,1335,0,0,0,0,0,194765,3,0
1,0,0,1,13,13,11868,1335,0,0,0,0,0,215914,3,0
0,0,0,0,14,15,11869,1335,0,0,0,0,0,210008,3,0
0,0,0,0,10,27,11870,1335,0,0,0,0,0,231747,3,0
0,0,0,0,15,25,11871,1335,0,0,0,0,0,228093,3,0
1,0,0,1,20,28,11872,1335,0,0,0,0,0,213345,3,0
0,0,0,0,6,28,11873,1335,0,0,0,0,0,248243,3,0
0,0,0,0,2,28,11874,1335,0,0,0,0,0,226851,3,0
0,0,0,0,3,28,11875,1335,0,0,0,0,0,228618,3,0
0,0,0,0,1,28,11876,1335,0,0,0,0,0,204883,3,0
0,0,0,0,11,28,11877,1335,0,0,0,0,0,231443,3,0
21,1,0,1,9,28,11878,1335,0,0,0,0,0,178509,3,0
0,0,0,0,23,28,11879,1335,0,0,0,0,0,193105,3,0
0,0,0,0,12,28,11880,1335,0,0,0,0,0,237679,3,0
0,0,0,0,25,28,11881,1335,0,0,0,0,0,264652,3,0
0,0,0,0,19,28,11882,1335,0,0,0,0,0,245630,3,0
0,0,0,0,24,28,11883,1335,0,0,0,0,0,237678,3,0
0,0,0,0,18,29,11884,1335,0,0,0,0,0,270673,3,0
0,0,0,0,21,29,11885,1335,0,0,0,0,0,239093,3,0
0,0,0,0,26,29,11886,1335,0,0,0,0,0,241852,3,0
0,0,0,0,22,0,11887,1337,0,0,0,0,0,192448,3,0
0,0,0,0,6,3,11888,1337,0,0,0,0,0,212622,3,0
0,0,0,0,2,4,11889,1337,0,0,0,0,0,205452,3,0
0,0,0,0,4,6,11890,1337,0,0,0,0,0,213331,3,0
0,0,0,0,18,7,11891,1337,0,0,0,0,0,227647,3,0
0,0,0,0,23,9,11892,1337,0,0,0,0,0,212242,3,0
12,0,0,1,8,11,11893,1337,0,0,0,0,0,182521,3,0
0,0,0,0,10,17,11894,1337,0,0,0,0,0,256790,3,0
4,0,0,1,21,18,11895,1337,0,0,0,0,0,186942,3,0
0,0,0,0,17,19,11896,1337,0,0,0,0,0,256630,3,0
0,0,0,0,7,25,11897,1337,0,0,0,0,0,235790,3,0
0,0,0,0,11,28,11898,1337,0,0,0,0,0,241925,3,0
0,0,0,0,20,28,11899,1337,0,0,0,0,0,228579,3,0
0,0,0,0,3,28,11900,1337,0,0,0,0,0,236703,3,0
0,0,0,0,16,28,11901,1337,0,0,0,0,0,229476,3,0
0,0,0,0,12,28,11902,1337,0,0,0,0,0,192563,3,0
0,0,0,0,9,28,11903,1337,0,0,0,0,0,205431,3,0
34,1,0,1,13,28,11904,1337,0,0,0,0,0,189596,3,0
0,0,0,0,26,28,11905,1337,0,0,0,0,0,244176,3,0
0,0,0,0,5,28,11906,1337,0,0,0,0,0,190765,3,0
0,0,0,0,15,28,11907,1337,0,0,0,0,0,236532,3,0
0,0,0,0,24,28,11908,1337,0,0,0,0,0,193698,3,0
0,0,0,0,1,28,11909,1337,0,0,0,0,0,167495,3,0
0,0,0,0,14,29,11910,1337,0,0,0,0,0,222492,3,0
4,0,0,1,99,29,11911,1337,0,0,0,0,0,178603,3,0
0,0,0,0,25,29,11912,1337,0,0,0,0,0,206113,3,0
0,0,0,0,1,0,11913,1341,0,0,0,0,0,222562,3,0
0,0,0,0,2,3,11914,1341,0,0,0,0,0,237511,3,0
0,0,0,0,5,4,11915,1341,0,0,0,0,0,221422,3,0
0,0,0,0,23,6,11916,1341,0,0,0,0,0,208522,3,0
0,0,0,0,14,7,11917,1341,0,0,0,0,0,226510,3,0
0,0,0,0,7,12,11918,1341,0,0,0,0,0,191076,3,0
0,0,0,0,16,13,11919,1341,0,0,0,0,0,189167,3,0
0,0,0,0,17,14,11920,1341,0,0,0,0,0,262088,3,0
0,0,0,0,6,15,11921,1341,0,0,0,0,0,246814,3,0
0,0,0,0,9,16,11922,1341,0,0,0,0,0,241474,3,0
0,0,0,0,11,25,11923,1341,0,0,0,0,0,195586,3,0
0,0,0,0,21,28,11924,1341,0,0,0,0,0,211177,3,0
0,0,0,0,25,28,11925,1341,0,0,0,0,0,175789,3,0
0,0,0,0,4,28,11926,1341,0,0,0,0,0,190640,3,0
0,0,0,0,3,28,11927,1341,0,0,0,0,0,260383,3,0
0,0,0,0,12,28,11928,1341,0,0,0,0,0,246704,3,0
0,0,0,0,20,28,11929,1341,0,0,0,0,0,269400,3,0
0,0,0,0,10,28,11930,1341,0,0,0,0,0,238196,3,0
0,0,0,0,13,28,11931,1341,0,0,0,0,0,264436,3,0
0,0,0,0,18,28,11932,1341,0,0,0,0,0,236883,3,0
0,0,0,0,24,28,11933,1341,0,0,0,0,0,263657,3,0
0,0,0,0,8,28,11934,1341,0,0,0,0,0,238004,3,0
0,0,0,0,19,28,11935,1341,0,0,0,0,0,270578,3,0
0,0,0,0,15,29,11936,1341,0,0,0,0,0,274927,3,0
0,0,0,0,22,29,11937,1341,0,0,0,0,0,264133,3,0
0,0,0,0,26,29,11938,1341,0,0,0,0,0,208597,3,0
0,0,0,0,1,0,11939,1343,0,0,0,0,0,230621,3,0
0,0,0,0,2,3,11940,1343,0,0,0,0,0,217870,3,0
0,0,0,0,15,4,11941,1343,0,0,0,0,0,199845,3,0
0,0,0,0,6,6,11942,1343,0,0,0,0,0,243241,3,0
0,0,0,0,3,7,11943,1343,0,0,0,0,0,226268,3,0
0,0,0,0,8,10,11944,1343,0,0,0,0,0,205498,3,0
0,0,0,0,20,23,11945,1343,0,0,0,0,0,238067,3,0
0,0,0,0,18,13,11946,1343,0,0,0,0,0,224232,3,0
0,0,0,0,17,15,11947,1343,0,0,0,0,0,239807,3,0
0,0,0,0,14,27,11948,1343,0,0,0,0,0,235805,3,0
0,0,0,0,10,25,11949,1343,0,0,0,0,0,253002,3,0
0,0,0,0,7,28,11950,1343,0,0,0,0,0,189125,3,0
0,0,0,0,23,28,11951,1343,0,0,0,0,0,229582,3,0
1,0,0,1,13,28,11952,1343,0,0,0,0,0,184392,3,0
0,0,0,0,4,28,11953,1343,0,0,0,0,0,266872,3,0
0,0,0,0,12,28,11954,1343,0,0,0,0,0,224987,3,0
0,0,0,0,9,28,11955,1343,0,0,0,0,0,226710,3,0
0,0,0,0,16,28,11956,1343,0,0,0,0,0,208268,3,0
0,0,0,0,21,28,11957,1343,0,0,0,0,0,240091,3,0
0,0,0,0,11,28,11958,1343,0,0,0,0,0,236610,3,0
0,0,0,0,5,28,11959,1343,0,0,0,0,0,201389,3,0
3,0,0,1,22,28,11960,1343,0,0,0,0,0,190813,3,0
0,0,0,0,19,28,11961,1343,0,0,0,0,0,216409,3,0
0,0,0,0,24,29,11962,1343,0,0,0,0,0,237383,3,0
0,0,0,0,99,29,11963,1343,0,0,0,0,0,235374,3,0
0,0,0,0,25,29,11964,1343,0,0,0,0,0,210935,3,0
0,0,0,0,1,0,11965,1352,0,0,0,0,0,185427,3,0
0,0,0,0,14,3,11966,1352,0,0,0,0,0,229891,3,0
0,0,0,0,3,4,11967,1352,0,0,0,0,0,224258,3,0
0,0,0,0,15,6,11968,1352,0,0,0,0,0,238516,3,0
0,0,0,0,5,7,11969,1352,0,0,0,0,0,219466,3,0
0,0,0,0,6,10,11970,1352,0,0,0,0,0,222227,3,0
0,0,0,0,19,12,11971,1352,0,0,0,0,0,216549,3,0
0,0,0,0,10,13,11972,1352,0,0,0,0,0,222665,3,0
0,0,0,0,8,15,11973,1352,0,0,0,0,0,228092,3,0
0,0,0,0,99,16,11974,1352,0,0,0,0,0,203362,3,0
0,0,0,0,9,25,11975,1352,0,0,0,0,0,239085,3,0
0,0,0,0,18,28,11976,1352,0,0,0,0,0,242725,3,0
0,0,0,0,20,28,11977,1352,0,0,0,0,0,262863,3,0
0,0,0,0,4,28,11978,1352,0,0,0,0,0,228518,3,0
0,0,0,0,2,28,11979,1352,0,0,0,0,0,243481,3,0
0,0,0,0,13,28,11980,1352,0,0,0,0,0,247611,3,0
0,0,0,0,23,28,11981,1352,0,0,0,0,0,238756,3,0
0,0,0,0,16,28,11982,1352,0,0,0,0,0,238235,3,0
0,0,0,0,12,28,11983,1352,0,0,0,0,0,208573,3,0
0,0,0,0,24,28,11984,1352,0,0,0,0,0,256459,3,0
0,0,0,0,17,28,11985,1352,0,0,0,0,0,233800,3,0
0,0,0,0,7,28,11986,1352,0,0,0,0,0,237936,3,0
0,0,0,0,22,28,11987,1352,0,0,0,0,0,277295,3,0
0,0,0,0,26,29,11988,1352,0,0,0,0,0,262135,3,0
0,0,0,0,25,29,11989,1352,0,0,0,0,0,246548,3,0
0,0,0,0,11,29,11990,1352,0,0,0,0,0,242090,3,0
0,0,0,0,1,0,11991,1353,0,0,0,0,0,186153,3,0
0,0,0,0,5,4,11992,1353,0,0,0,0,0,220570,3,0
0,0,0,0,2,5,11993,1353,0,0,0,0,0,220230,3,0
0,0,0,0,14,6,11994,1353,0,0,0,0,0,265693,3,0
0,0,0,0,23,9,11995,1353,0,0,0,0,0,243222,3,0
0,0,0,0,6,11,11996,1353,0,0,0,0,0,229973,3,0
0,0,0,0,19,12,11997,1353,0,0,0,0,0,212138,3,0
0,0,0,0,21,16,11998,1353,0,0,0,0,0,262113,3,0
0,0,0,0,17,18,11999,1353,0,0,0,0,0,223779,3,0
34,1,0,1,9,24,12000,1353,0,0,0,0,0,188545,3,0
0,0,0,0,7,26,12001,1353,0,0,0,0,0,224301,3,0
8,0,0,1,11,28,12002,1353,0,0,0,0,0,177922,3,0
2,0,0,1,13,28,12003,1353,0,0,0,0,0,203568,3,0
0,0,0,0,3,28,12004,1353,0,0,0,0,0,224302,3,0
0,0,0,0,18,28,12005,1353,0,0,0,0,0,268860,3,0
0,0,0,0,22,28,12006,1353,0,0,0,0,0,238186,3,0
0,0,0,0,16,28,12007,1353,0,0,0,0,0,224438,3,0
0,0,0,0,20,28,12008,1353,0,0,0,0,0,235973,3,0
0,0,0,0,12,28,12009,1353,0,0,0,0,0,189908,3,0
0,0,0,0,8,28,12010,1353,0,0,0,0,0,263317,3,0
0,0,0,0,15,28,12011,1353,0,0,0,0,0,255760,3,0
0,0,0,0,4,28,12012,1353,0,0,0,0,0,210136,3,0
3,0,0,1,10,28,12013,1353,0,0,0,0,0,210406,3,0
0,0,0,0,25,29,12014,1353,0,0,0,0,0,251411,3,0
10,0,0,1,27,29,12015,1353,0,0,0,0,0,205175,3,0
0,0,0,0,32,29,12016,1353,0,0,0,0,0,227174,3,0
0,0,0,0,22,0,12017,1354,0,0,0,0,0,234577,3,0
3,0,0,1,2,3,12018,1354,0,0,0,0,0,210514,3,0
4,0,0,1,3,4,12019,1354,0,0,0,0,0,120533,3,0
0,0,0,0,4,6,12020,1354,0,0,0,0,0,239818,3,0
0,0,0,0,5,7,12021,1354,0,0,0,0,0,252145,3,0
0,0,0,0,6,10,12022,1354,0,0,0,0,0,229391,3,0
1,0,0,1,10,23,12023,1354,0,0,0,0,0,218667,3,0
0,0,0,0,23,13,12024,1354,0,0,0,0,0,255253,3,0
0,0,0,0,8,15,12025,1354,0,0,0,0,0,212198,3,0
0,0,0,0,17,27,12026,1354,0,0,0,0,0,241721,3,0
66,1,0,1,7,25,12027,1354,0,0,0,1,0,20801,3,0
0,0,0,0,21,28,12028,1354,0,0,0,0,0,224458,3,0
2,0,0,1,19,28,12029,1354,0,0,0,0,0,209889,3,0
1,0,0,1,13,28,12030,1354,0,0,0,0,0,200888,3,0
0,0,0,0,24,28,12031,1354,0,0,0,0,0,270086,3,0
0,0,0,0,1,28,12032,1354,0,0,0,0,0,178005,3,0
0,0,0,0,9,28,12033,1354,0,0,0,0,0,256903,3,0
0,0,0,0,16,28,12034,1354,0,0,0,0,0,210411,3,0
0,0,0,0,26,28,12035,1354,0,0,0,0,0,238616,3,0
0,0,0,0,14,28,12036,1354,0,0,0,0,0,257179,3,0
0,0,0,0,18,28,12037,1354,0,0,0,0,0,224293,3,0
0,0,0,0,11,28,12038,1354,0,0,0,0,0,242444,3,0
0,0,0,0,27,28,12039,1354,0,0,0,0,0,258607,3,0
0,0,0,0,20,29,12040,1354,0,0,0,0,0,227928,3,0
0,0,0,0,25,29,12041,1354,0,0,0,0,0,213516,3,0
0,0,0,0,12,29,12042,1354,0,0,0,0,0,212442,3,0
0,0,0,0,1,0,12043,1355,0,0,0,0,0,243585,3,0
0,0,0,0,7,3,12044,1355,0,0,0,0,0,201417,3,0
0,0,0,0,12,4,12045,1355,0,0,0,0,0,248484,3,0
0,0,0,0,5,5,12046,1355,0,0,0,0,0,204936,3,0
0,0,0,0,4,6,12047,1355,0,0,0,0,0,235405,3,0
5,0,0,1,11,7,12048,1355,0,0,0,0,0,198489,3,0
0,0,0,0,6,10,12049,1355,0,0,0,0,0,228151,3,0
0,0,0,0,14,13,12050,1355,0,0,0,0,0,236344,3,0
0,0,0,0,17,15,12051,1355,0,0,0,0,0,252376,3,0
0,0,0,0,20,24,12052,1355,0,0,0,0,0,231005,3,0
0,0,0,0,19,26,12053,1355,0,0,0,0,0,259608,3,0
0,0,0,0,8,28,12054,1355,0,0,0,0,0,216464,3,0
0,0,0,0,3,28,12055,1355,0,0,0,0,0,212454,3,0
0,0,0,0,2,28,12056,1355,0,0,0,0,0,180216,3,0
0,0,0,0,27,28,12057,1355,0,0,0,0,0,246991,3,0
0,0,0,0,16,28,12058,1355,0,0,0,0,0,240913,3,0
0,0,0,0,9,28,12059,1355,0,0,0,0,0,242265,3,0
0,0,0,0,21,28,12060,1355,0,0,0,0,0,237916,3,0
0,0,0,0,25,28,12061,1355,0,0,0,0,0,238505,3,0
0,0,0,0,22,28,12062,1355,0,0,0,0,0,261647,3,0
0,0,0,0,26,28,12063,1355,0,0,0,0,0,244288,3,0
0,0,0,0,10,28,12064,1355,0,0,0,0,0,245902,3,0
0,0,0,0,23,28,12065,1355,0,0,0,0,0,232284,3,0
0,0,0,0,24,29,12066,1355,0,0,0,0,0,246847,3,0
0,0,0,0,18,29,12067,1355,0,0,0,0,0,225872,3,0
0,0,0,0,28,29,12068,1355,0,0,0,0,0,211009,3,0
0,0,0,0,12,0,12069,1356,0,0,0,0,0,251136,3,0
0,0,0,0,2,3,12070,1356,0,0,0,0,0,248165,3,0
0,0,0,0,3,4,12071,1356,0,0,0,0,0,260105,3,0
0,0,0,0,15,6,12072,1356,0,0,0,0,0,248003,3,0
0,0,0,0,11,7,12073,1356,0,0,0,0,0,243000,3,0
0,0,0,0,18,9,12074,1356,0,0,0,0,0,235813,3,0
0,0,0,0,6,11,12075,1356,0,0,0,0,0,252313,3,0
0,0,0,0,20,12,12076,1356,0,0,0,0,0,239978,3,0
0,0,0,0,13,16,12077,1356,0,0,0,0,0,248060,3,0
4,0,0,1,10,18,12078,1356,0,0,0,0,0,212207,3,0
1,0,0,1,7,25,12079,1356,0,0,0,0,0,197971,3,0
0,0,0,0,19,28,12080,1356,0,0,0,0,0,245770,3,0
0,0,0,0,14,28,12081,1356,0,0,0,0,0,226568,3,0
0,0,0,0,8,28,12082,1356,0,0,0,0,0,243001,3,0
0,0,0,0,22,28,12083,1356,0,0,0,0,0,261040,3,0
0,0,0,0,16,28,12084,1356,0,0,0,0,0,234102,3,0
0,0,0,0,17,28,12085,1356,0,0,0,0,0,238274,3,0
0,0,0,0,9,28,12086,1356,0,0,0,0,0,225652,3,0
0,0,0,0,1,28,12087,1356,0,0,0,0,0,238033,3,0
0,0,0,0,21,28,12088,1356,0,0,0,0,0,241278,3,0
0,0,0,0,32,28,12089,1356,0,0,0,0,0,251781,3,0
0,0,0,0,27,28,12090,1356,0,0,0,0,0,247972,3,0
0,0,0,0,28,28,12091,1356,0,0,0,0,0,229251,3,0
0,0,0,0,5,29,12092,1356,0,0,0,0,0,243023,3,0
0,0,0,0,23,29,12093,1356,0,0,0,0,0,246562,3,0
0,0,0,0,26,29,12094,1356,0,0,0,0,0,251076,3,0
0,0,0,0,1,0,12095,1359,0,0,0,0,0,216325,3,0
0,0,0,0,22,3,12096,1359,0,0,0,0,0,248808,3,0
0,0,0,0,19,4,12097,1359,0,0,0,0,0,240439,3,0
1,0,0,1,5,5,12098,1359,0,0,0,0,0,198904,3,0
1,0,0,1,3,6,12099,1359,0,0,0,0,0,216267,3,0
0,0,0,0,15,7,12100,1359,0,0,0,0,0,226508,3,0
0,0,0,0,7,12,12101,1359,0,0,0,0,0,210881,3,0
0,0,0,0,4,13,12102,1359,0,0,0,0,0,237238,3,0
0,0,0,0,8,15,12103,1359,0,0,0,0,0,211093,3,0
0,0,0,0,14,16,12104,1359,0,0,0,0,0,245992,3,0
0,0,0,0,10,25,12105,1359,0,0,0,0,0,226093,3,0
0,0,0,0,11,28,12106,1359,0,0,0,0,0,213884,3,0
0,0,0,0,13,28,12107,1359,0,0,0,0,0,225316,3,0
0,0,0,0,16,28,12108,1359,0,0,0,0,0,189456,3,0
0,0,0,0,2,28,12109,1359,0,0,0,0,0,257896,3,0
0,0,0,0,12,28,12110,1359,0,0,0,0,0,204269,3,0
0,0,0,0,9,28,12111,1359,0,0,0,0,0,247279,3,0
0,0,0,0,28,28,12112,1359,0,0,0,0,0,189218,3,0
0,0,0,0,17,28,12113,1359,0,0,0,0,0,202282,3,0
0,0,0,0,6,28,12114,1359,0,0,0,0,0,226491,3,0
0,0,0,0,20,28,12115,1359,0,0,0,0,0,242280,3,0
0,0,0,0,25,28,12116,1359,0,0,0,0,0,225974,3,0
0,0,0,0,27,28,12117,1359,0,0,0,0,0,201368,3,0
0,0,0,0,18,29,12118,1359,0,0,0,0,0,234111,3,0
0,0,0,0,23,29,12119,1359,0,0,0,0,0,236650,3,0
0,0,0,0,21,29,12120,1359,0,0,0,0,0,225203,3,0
0,0,0,0,23,0,12121,1362,0,0,0,0,0,230869,3,0
0,0,0,0,20,3,12122,1362,0,0,0,0,0,204963,3,0
0,0,0,0,5,4,12123,1362,0,0,0,0,0,233486,3,0
0,0,0,0,14,6,12124,1362,0,0,0,0,0,212218,3,0
0,0,0,0,3,7,12125,1362,0,0,0,0,0,210035,3,0
0,0,0,0,16,10,12126,1362,0,0,0,0,0,231866,3,0
0,0,0,0,11,23,12127,1362,0,0,0,0,0,241461,3,0
0,0,0,0,9,13,12128,1362,0,0,0,0,0,264240,3,0
0,0,0,0,6,15,12129,1362,0,0,0,0,0,225193,3,0
0,0,0,0,21,27,12130,1362,0,0,0,0,0,230142,3,0
6,0,0,1,7,25,12131,1362,0,0,0,0,0,201153,3,0
0,0,0,0,18,28,12132,1362,0,0,0,0,0,248148,3,0
0,0,0,0,8,28,12133,1362,0,0,0,0,0,226271,3,0
0,0,0,0,15,28,12134,1362,0,0,0,0,0,225341,3,0
3,0,0,1,22,28,12135,1362,0,0,0,0,0,146536,3,0
0,0,0,0,1,28,12136,1362,0,0,0,0,0,206585,3,0
0,0,0,0,12,28,12137,1362,0,0,0,0,0,173608,3,0
0,0,0,0,33,28,12138,1362,0,0,0,0,0,198329,3,0
0,0,0,0,4,28,12139,1362,0,0,0,0,0,241464,3,0
0,0,0,0,2,28,12140,1362,0,0,0,0,0,184432,3,0
0,0,0,0,19,28,12141,1362,0,0,0,0,0,256516,3,0
0,0,0,0,13,28,12142,1362,0,0,0,0,0,220901,3,0
0,0,0,0,10,28,12143,1362,0,0,0,0,0,220834,3,0
0,0,0,0,26,29,12144,1362,0,0,0,0,0,251854,3,0
0,0,0,0,24,29,12145,1362,0,0,0,0,0,211688,3,0
0,0,0,0,25,29,12146,1362,0,0,0,0,0,244260,3,0
0,0,0,0,1,0,12147,1363,0,0,0,0,0,207557,3,0
0,0,0,0,2,3,12148,1363,0,0,0,0,0,207650,3,0
0,0,0,0,5,4,12149,1363,0,0,0,0,0,260697,3,0
0,0,0,0,3,6,12150,1363,0,0,0,0,0,221660,3,0
0,0,0,0,6,7,12151,1363,0,0,0,0,0,212678,3,0
0,0,0,0,20,9,12152,1363,0,0,0,0,0,244472,3,0
0,0,0,0,16,11,12153,1363,0,0,0,0,0,268896,3,0
0,0,0,0,21,12,12154,1363,0,0,0,0,0,247394,3,0
0,0,0,0,9,16,12155,1363,0,0,0,0,0,233731,3,0
1,0,0,1,10,18,12156,1363,0,0,0,0,0,208448,3,0
0,0,0,0,17,25,12157,1363,0,0,0,0,0,241651,3,0
0,0,0,0,14,28,12158,1363,0,0,0,0,0,231836,3,0
0,0,0,0,7,28,12159,1363,0,0,0,0,0,207554,3,0
0,0,0,0,18,28,12160,1363,0,0,0,0,0,213614,3,0
0,0,0,0,15,28,12161,1363,0,0,0,0,0,220821,3,0
0,0,0,0,23,28,12162,1363,0,0,0,0,0,192129,3,0
0,0,0,0,19,28,12163,1363,0,0,0,0,0,228946,3,0
0,0,0,0,11,28,12164,1363,0,0,0,0,0,257470,3,0
0,0,0,0,12,28,12165,1363,0,0,0,0,0,241643,3,0
0,0,0,0,99,28,12166,1363,0,0,0,0,0,206114,3,0
0,0,0,0,22,28,12167,1363,0,0,0,0,0,208451,3,0
0,0,0,0,8,28,12168,1363,0,0,0,0,0,207555,3,0
0,0,0,0,24,28,12169,1363,0,0,0,0,0,252316,3,0
0,0,0,0,13,29,12170,1363,0,0,0,0,0,213750,3,0
0,0,0,0,28,29,12171,1363,0,0,0,0,0,246656,3,0
0,0,0,0,26,29,12172,1363,0,0,0,0,0,214658,3,0
0,0,0,0,12,0,12173,1366,0,0,0,0,0,250753,3,0
0,0,0,0,2,3,12174,1366,0,0,0,0,0,263804,3,0
0,0,0,0,13,4,12175,1366,0,0,0,0,0,258781,3,0
0,0,0,0,22,6,12176,1366,0,0,0,0,0,229528,3,0
0,0,0,0,16,7,12177,1366,0,0,0,0,0,244380,3,0
0,0,0,0,6,9,12178,1366,0,0,0,0,0,206413,3,0
0,0,0,0,17,11,12179,1366,0,0,0,0,0,227813,3,0
0,0,0,0,15,12,12180,1366,0,0,0,0,0,244369,3,0
0,0,0,0,10,16,12181,1366,0,0,0,0,0,246340,3,0
0,0,0,0,7,18,12182,1366,0,0,0,0,0,259913,3,0
0,0,0,0,11,25,12183,1366,0,0,0,0,0,242458,3,0
0,0,0,0,20,28,12184,1366,0,0,0,0,0,237055,3,0
0,0,0,0,5,28,12185,1366,0,0,0,0,0,220948,3,0
0,0,0,0,21,28,12186,1366,0,0,0,0,0,237109,3,0
0,0,0,0,3,28,12187,1366,0,0,0,0,0,244428,3,0
0,0,0,0,28,28,12188,1366,0,0,0,0,0,243952,3,0
0,0,0,0,9,28,12189,1366,0,0,0,0,0,240702,3,0
0,0,0,0,8,28,12190,1366,0,0,0,0,0,231969,3,0
0,0,0,0,19,28,12191,1366,0,0,0,0,0,271541,3,0
0,0,0,0,4,28,12192,1366,0,0,0,0,0,260314,3,0
0,0,0,0,14,28,12193,1366,0,0,0,0,0,244373,3,0
0,0,0,0,18,28,12194,1366,0,0,0,0,0,243256,3,0
0,0,0,0,1,28,12195,1366,0,0,0,0,0,244385,3,0
0,0,0,0,26,29,12196,1366,0,0,0,0,0,213928,3,0
0,0,0,0,24,29,12197,1366,0,0,0,0,0,194794,3,0
0,0,0,0,27,29,12198,1366,0,0,0,0,0,245132,3,0
0,0,0,0,12,0,12199,1367,0,0,0,0,0,207998,3,0
0,0,0,0,14,3,12200,1367,0,0,0,0,0,225147,3,0
0,0,0,0,5,4,12201,1367,0,0,0,0,0,233201,3,0
0,0,0,0,6,5,12202,1367,0,0,0,0,0,229266,3,0
0,0,0,0,4,6,12203,1367,0,0,0,0,0,205923,3,0
0,0,0,0,3,7,12204,1367,0,0,0,0,0,243057,3,0
0,0,0,0,8,23,12205,1367,0,0,0,0,0,220710,3,0
0,0,0,0,17,13,12206,1367,0,0,0,0,0,265514,3,0
0,0,0,0,15,15,12207,1367,0,0,0,0,0,235735,3,0
0,0,0,0,20,27,12208,1367,0,0,0,0,0,232104,3,0
0,0,0,0,13,25,12209,1367,0,0,0,0,0,216627,3,0
11,0,0,1,10,28,12210,1367,0,0,0,0,0,186561,3,0
0,0,0,0,24,28,12211,1367,0,0,0,0,0,232545,3,0
0,0,0,0,16,28,12212,1367,0,0,0,0,0,220677,3,0
0,0,0,0,27,28,12213,1367,0,0,0,0,0,248687,3,0
0,0,0,0,1,28,12214,1367,0,0,0,0,0,170084,3,0
0,0,0,0,9,28,12215,1367,0,0,0,0,0,251421,3,0
0,0,0,0,23,28,12216,1367,0,0,0,0,0,211363,3,0
0,0,0,0,7,28,12217,1367,0,0,0,0,0,220196,3,0
0,0,0,0,99,28,12218,1367,0,0,0,0,0,198437,3,0
0,0,0,0,21,28,12219,1367,0,0,0,0,0,200715,3,0
0,0,0,0,11,28,12220,1367,0,0,0,0,0,212366,3,0
0,0,0,0,18,28,12221,1367,0,0,0,0,0,248688,3,0
0,0,0,0,25,29,12222,1367,0,0,0,0,0,212484,3,0
0,0,0,0,19,29,12223,1367,0,0,0,0,0,233941,3,0
0,0,0,0,2,29,12224,1367,0,0,0,0,0,208806,3,0
0,0,0,0,23,0,12225,1369,0,0,0,0,0,202811,3,0
0,0,0,0,26,3,12226,1369,0,0,0,0,0,233084,3,0
0,0,0,0,13,4,12227,1369,0,0,0,0,0,232488,3,0
2,0,0,1,19,6,12228,1369,0,0,0,0,0,192366,3,0
0,0,0,0,8,7,12229,1369,0,0,0,0,0,224334,3,0
0,0,0,0,24,10,12230,1369,0,0,0,0,0,247090,3,0
56,1,0,1,10,23,12231,1369,0,0,0,0,0,158023,3,0
0,0,0,0,7,13,12232,1369,0,0,0,0,0,212616,3,0
0,0,0,0,20,15,12233,1369,0,0,0,0,0,239837,3,0
17,0,0,1,11,27,12234,1369,0,0,0,0,0,183898,3,0
0,0,0,0,9,25,12235,1369,0,0,0,0,0,246191,3,0
0,0,0,0,5,28,12236,1369,0,0,0,0,0,207439,3,0
0,0,0,0,25,28,12237,1369,0,0,0,0,0,239301,3,0
0,0,0,0,3,28,12238,1369,0,0,0,0,0,211256,3,0
0,0,0,0,4,28,12239,1369,0,0,0,0,0,231340,3,0
0,0,0,0,1,28,12240,1369,0,0,0,0,0,214584,3,0
0,0,0,0,22,28,12241,1369,0,0,0,0,0,231478,3,0
0,0,0,0,40,28,12242,1369,0,0,0,0,0,211110,3,0
0,0,0,0,12,28,12243,1369,0,0,0,0,0,215316,3,0
0,0,0,0,6,28,12244,1369,0,0,0,0,0,193601,3,0
0,0,0,0,18,28,12245,1369,0,0,0,0,0,225659,3,0
0,0,0,0,14,28,12246,1369,0,0,0,0,0,231521,3,0
0,0,0,0,21,28,12247,1369,0,0,0,0,0,226226,3,0
0,0,0,0,15,29,12248,1369,0,0,0,0,0,240690,3,0
0,0,0,0,2,29,12249,1369,0,0,0,0,0,237221,3,0
0,0,0,0,16,29,12250,1369,0,0,0,0,0,245371,3,0
0,0,0,0,13,0,12251,1386,0,0,0,0,0,140233,3,0
0,0,0,0,19,3,12252,1386,0,0,0,0,0,233493,3,0
0,0,0,0,3,4,12253,1386,0,0,0,0,0,229980,3,0
0,0,0,0,5,6,12254,1386,0,0,0,0,0,244349,3,0
0,0,0,0,23,7,12255,1386,0,0,0,0,0,226045,3,0
0,0,0,0,4,9,12256,1386,0,0,0,0,0,235844,3,0
0,0,0,0,7,11,12257,1386,0,0,0,0,0,243015,3,0
0,0,0,0,15,23,12258,1386,0,0,0,0,0,237997,3,0
0,0,0,0,14,14,12259,1386,0,0,0,0,0,235537,3,0
1,0,0,1,22,27,12260,1386,0,0,0,0,0,221992,3,0
0,0,0,0,11,25,12261,1386,0,0,0,0,0,245152,3,0
0,0,0,0,16,28,12262,1386,0,0,0,0,0,234579,3,0
0,0,0,0,18,28,12263,1386,0,0,0,0,0,222382,3,0
0,0,0,0,17,28,12264,1386,0,0,0,0,0,224574,3,0
0,0,0,0,24,28,12265,1386,0,0,0,0,0,239738,3,0
0,0,0,0,12,28,12266,1386,0,0,0,0,0,232654,3,0
0,0,0,0,20,28,12267,1386,0,0,0,0,0,224151,3,0
0,0,0,0,25,28,12268,1386,0,0,0,0,0,237043,3,0
0,0,0,0,26,28,12269,1386,0,0,0,0,0,252008,3,0
0,0,0,0,2,28,12270,1386,0,0,0,0,0,247678,3,0
8,0,0,1,9,28,12271,1386,0,0,0,0,0,204838,3,0
0,0,0,0,8,28,12272,1386,0,0,0,0,0,244973,3,0
0,0,0,0,21,28,12273,1386,0,0,0,0,0,246289,3,0
0,0,0,0,6,29,12274,1386,0,0,0,0,0,236537,3,0
0,0,0,0,1,29,12275,1386,0,0,0,0,0,192009,3,0
0,0,0,0,10,29,12276,1386,0,0,0,0,0,242118,3,0
0,0,0,0,1,0,12277,1387,0,0,0,0,0,233267,3,0
0,0,0,0,2,3,12278,1387,0,0,0,0,0,251804,3,0
0,0,0,0,12,4,12279,1387,0,0,0,0,0,237255,3,0
1,0,0,1,13,6,12280,1387,0,0,0,0,0,198261,3,0
0,0,0,0,5,7,12281,1387,0,0,0,0,0,229348,3,0
0,0,0,0,4,10,12282,1387,0,0,0,0,0,232999,3,0
0,0,0,0,21,23,12283,1387,0,0,0,0,0,241496,3,0
0,0,0,0,8,13,12284,1387,0,0,0,0,0,238744,3,0
0,0,0,0,7,15,12285,1387,0,0,0,0,0,245541,3,0
1,0,0,1,10,27,12286,1387,0,0,0,0,0,227796,3,0
0,0,0,0,17,25,12287,1387,0,0,0,0,0,251223,3,0
0,0,0,0,6,28,12288,1387,0,0,0,0,0,253177,3,0
0,0,0,0,11,28,12289,1387,0,0,0,0,0,247361,3,0
0,0,0,0,3,28,12290,1387,0,0,0,0,0,212591,3,0
0,0,0,0,19,28,12291,1387,0,0,0,0,0,243133,3,0
0,0,0,0,99,28,12292,1387,0,0,0,0,0,219736,3,0
0,0,0,0,14,28,12293,1387,0,0,0,0,0,229379,3,0
0,0,0,0,29,28,12294,1387,0,0,0,0,0,228174,3,0
0,0,0,0,26,28,12295,1387,0,0,0,0,0,226579,3,0
0,0,0,0,24,28,12296,1387,0,0,0,0,0,242075,3,0
0,0,0,0,22,28,12297,1387,0,0,0,0,0,256887,3,0
0,0,0,0,98,28,12298,1387,0,0,0,0,0,254962,3,0
0,0,0,0,20,28,12299,1387,0,0,0,0,0,235755,3,0
0,0,0,0,18,29,12300,1387,0,0,0,0,0,234777,3,0
0,0,0,0,9,29,12301,1387,0,0,0,0,0,256853,3,0
0,0,0,0,15,29,12302,1387,0,0,0,0,0,242195,3,0
0,0,0,0,1,0,12303,1886,0,0,0,0,0,221610,3,0
0,0,0,0,2,4,12304,1886,0,0,0,0,0,223207,3,0
0,0,0,0,4,5,12305,1886,0,0,0,0,0,253170,3,0
0,0,0,0,5,6,12306,1886,0,0,0,0,0,258708,3,0
0,0,0,0,14,12,12307,1886,0,0,0,0,0,263233,3,0
0,0,0,0,8,13,12308,1886,0,0,0,0,0,230936,3,0
0,0,0,0,17,15,12309,1886,0,0,0,0,0,234087,3,0
0,0,0,0,18,16,12310,1886,0,0,0,0,0,254159,3,0
0,0,0,0,10,17,12311,1886,0,0,0,0,0,236772,3,0
0,0,0,0,16,19,12312,1886,0,0,0,0,0,238277,3,0
0,0,0,0,9,25,12313,1886,0,0,0,0,0,268097,3,0
0,0,0,0,13,28,12314,1886,0,0,0,0,0,223208,3,0
0,0,0,0,7,28,12315,1886,0,0,0,0,0,188537,3,0
0,0,0,0,21,28,12316,1886,0,0,0,0,0,257630,3,0
0,0,0,0,6,28,12317,1886,0,0,0,0,0,275644,3,0
0,0,0,0,25,28,12318,1886,0,0,0,0,0,185122,3,0
0,0,0,0,11,28,12319,1886,0,0,0,0,0,258377,3,0
0,0,0,0,20,28,12320,1886,0,0,0,0,0,234171,3,0
0,0,0,0,23,28,12321,1886,0,0,0,0,0,236449,3,0
0,0,0,0,19,28,12322,1886,0,0,0,0,0,236510,3,0
0,0,0,0,99,28,12323,1886,0,0,0,0,0,204638,3,0
0,0,0,0,3,28,12324,1886,0,0,0,0,0,245710,3,0
0,0,0,0,12,28,12325,1886,0,0,0,0,0,274968,3,0
0,0,0,0,24,29,12326,1886,0,0,0,0,0,269047,3,0
0,0,0,0,26,29,12327,1886,0,0,0,0,0,260908,3,0
0,0,0,0,43,29,12328,1886,0,0,0,0,0,247026,3,0
0,0,0,0,1,0,12329,105035,0,0,0,0,0,211738,3,0
0,0,0,0,2,4,12330,105035,0,0,0,0,0,241187,3,0
0,0,0,0,4,5,12331,105035,0,0,0,0,0,203376,3,0
0,0,0,0,5,6,12332,105035,0,0,0,0,0,208920,3,0
0,0,0,0,22,12,12333,105035,0,0,0,0,0,233096,3,0
0,0,0,0,14,13,12334,105035,0,0,0,0,0,240638,3,0
0,0,0,0,21,15,12335,105035,0,0,0,0,0,228702,3,0
2,0,0,1,17,16,12336,105035,0,0,0,0,0,190815,3,0
0,0,0,0,7,17,12337,105035,0,0,0,0,0,245367,3,0
0,0,0,0,8,19,12338,105035,0,0,0,0,0,242516,3,0
3,0,0,1,10,25,12339,105035,0,0,0,0,0,202556,3,0
0,0,0,0,20,28,12340,105035,0,0,0,0,0,240679,3,0
0,0,0,0,16,28,12341,105035,0,0,0,0,0,253109,3,0
0,0,0,0,19,28,12342,105035,0,0,0,0,0,248793,3,0
0,0,0,0,3,28,12343,105035,0,0,0,0,0,235243,3,0
0,0,0,0,23,28,12344,105035,0,0,0,0,0,258498,3,0
0,0,0,0,9,28,12345,105035,0,0,0,0,0,223689,3,0
0,0,0,0,18,28,12346,105035,0,0,0,0,0,231447,3,0
3,0,0,1,6,28,12347,105035,0,0,0,0,0,198176,3,0
0,0,0,0,11,28,12348,105035,0,0,0,0,0,239380,3,0
0,0,0,0,15,28,12349,105035,0,0,0,0,0,208461,3,0
0,0,0,0,25,28,12350,105035,0,0,0,0,0,225953,3,0
0,0,0,0,24,28,12351,105035,0,0,0,0,0,248465,3,0
0,0,0,0,26,29,12352,105035,0,0,0,0,0,253149,3,0
0,0,0,0,12,29,12353,105035,0,0,0,0,0,264453,3,0
0,0,0,0,13,29,12354,105035,0,0,0,0,0,232229,3,0
0,0,0,0,1,0,12355,110081,0,0,0,0,0,229091,3,0
0,0,0,0,3,3,12356,110081,0,0,0,0,0,266400,3,0
0,0,0,0,17,4,12357,110081,0,0,0,0,0,213697,3,0
1,0,0,1,5,5,12358,110081,0,0,0,0,0,169588,3,0
0,0,0,0,4,6,12359,110081,0,0,0,0,0,243908,3,0
0,0,0,0,20,7,12360,110081,0,0,0,0,0,270637,3,0
0,0,0,0,2,12,12361,110081,0,0,0,0,0,264298,3,0
0,0,0,0,16,13,12362,110081,0,0,0,0,0,243520,3,0
0,0,0,0,19,15,12363,110081,0,0,0,0,0,276695,3,0
0,0,0,0,14,16,12364,110081,0,0,0,0,0,268630,3,0
0,0,0,0,10,25,12365,110081,0,0,0,0,0,205255,3,0
1,0,0,1,15,28,12366,110081,0,0,0,0,0,203570,3,0
0,0,0,0,6,28,12367,110081,0,0,0,0,0,204412,3,0
0,0,0,0,22,28,12368,110081,0,0,0,0,0,230136,3,0
0,0,0,0,27,28,12369,110081,0,0,0,0,0,231292,3,0
0,0,0,0,12,28,12370,110081,0,0,0,0,0,242289,3,0
0,0,0,0,25,28,12371,110081,0,0,0,0,0,220039,3,0
0,0,0,0,18,28,12372,110081,0,0,0,0,0,244655,3,0
0,0,0,0,11,28,12373,110081,0,0,0,0,0,241075,3,0
1,0,0,1,13,28,12374,110081,0,0,0,0,0,186135,3,0
1,0,0,1,21,28,12375,110081,0,0,0,0,0,186562,3,0
0,0,0,0,23,28,12376,110081,0,0,0,0,0,235027,3,0
0,0,0,0,26,28,12377,110081,0,0,0,0,0,215820,3,0
0,0,0,0,9,29,12378,110081,0,0,0,0,0,238990,3,0
1,0,0,1,28,29,12379,110081,0,0,0,0,0,192624,3,0
0,0,0,0,24,29,12380,110081,0,0,0,0,0,242541,3,0
0,0,0,0,1,0,12381,111111,0,0,0,0,0,209981,3,0
0,0,0,0,2,3,12382,111111,0,0,0,0,0,235212,3,0
0,0,0,0,5,4,12383,111111,0,0,0,0,0,244749,3,0
0,0,0,0,6,6,12384,111111,0,0,0,0,0,208295,3,0
0,0,0,0,3,7,12385,111111,0,0,0,0,0,236401,3,0
0,0,0,0,23,9,12386,111111,0,0,0,0,0,257504,3,0
0,0,0,0,4,11,12387,111111,0,0,0,0,0,224158,3,0
0,0,0,0,7,12,12388,111111,0,0,0,0,0,208670,3,0
0,0,0,0,21,16,12389,111111,0,0,0,0,0,255223,3,0
0,0,0,0,10,18,12390,111111,0,0,0,0,0,232097,3,0
0,0,0,0,19,25,12391,111111,0,0,0,0,0,235410,3,0
0,0,0,0,20,28,12392,111111,0,0,0,0,0,243586,3,0
0,0,0,0,11,28,12393,111111,0,0,0,0,0,259480,3,0
0,0,0,0,25,28,12394,111111,0,0,0,0,0,268866,3,0
0,0,0,0,14,28,12395,111111,0,0,0,0,0,245628,3,0
0,0,0,0,12,28,12396,111111,0,0,0,0,0,223573,3,0
0,0,0,0,9,28,12397,111111,0,0,0,0,0,233483,3,0
0,0,0,0,8,28,12398,111111,0,0,0,0,0,255125,3,0
0,0,0,0,17,28,12399,111111,0,0,0,0,0,262236,3,0
0,0,0,0,16,28,12400,111111,0,0,0,0,0,264432,3,0
0,0,0,0,15,28,12401,111111,0,0,0,0,0,229010,3,0
0,0,0,0,22,28,12402,111111,0,0,0,0,0,241777,3,0
0,0,0,0,18,28,12403,111111,0,0,0,0,0,241775,3,0
0,0,0,0,13,29,12404,111111,0,0,0,0,0,270828,3,0
0,0,0,0,26,29,12405,111111,0,0,0,0,0,268864,3,0
0,0,0,0,24,29,12406,111111,0,0,0,0,0,237499,3,0
0,0,0,0,1,0,12407,111462,0,0,0,0,0,257439,3,0
0,0,0,0,3,3,12408,111462,0,0,0,0,0,185349,3,0
0,0,0,0,23,4,12409,111462,0,0,0,0,0,212219,3,0
0,0,0,0,6,6,12410,111462,0,0,0,0,0,244915,3,0
0,0,0,0,14,7,12411,111462,0,0,0,0,0,247124,3,0
0,0,0,0,8,9,12412,111462,0,0,0,0,0,242045,3,0
0,0,0,0,21,11,12413,111462,0,0,0,0,0,252059,3,0
0,0,0,0,19,12,12414,111462,0,0,0,0,0,216201,3,0
0,0,0,0,9,16,12415,111462,0,0,0,0,0,197756,3,0
0,0,0,0,20,18,12416,111462,0,0,0,0,0,245155,3,0
0,0,0,0,25,25,12417,111462,0,0,0,0,0,241236,3,0
0,0,0,0,24,28,12418,111462,0,0,0,0,0,268763,3,0
0,0,0,0,13,28,12419,111462,0,0,0,0,0,241162,3,0
0,0,0,0,26,28,12420,111462,0,0,0,0,0,245598,3,0
0,0,0,0,4,28,12421,111462,0,0,0,0,0,245022,3,0
0,0,0,0,16,28,12422,111462,0,0,0,0,0,229956,3,0
0,0,0,0,11,28,12423,111462,0,0,0,0,0,258608,3,0
0,0,0,0,2,28,12424,111462,0,0,0,0,0,257946,3,0
0,0,0,0,12,28,12425,111462,0,0,0,0,0,230653,3,0
0,0,0,0,7,28,12426,111462,0,0,0,0,0,255036,3,0
0,0,0,0,15,28,12427,111462,0,0,0,0,0,238392,3,0
0,0,0,0,18,28,12428,111462,0,0,0,0,0,212883,3,0
0,0,0,0,10,28,12429,111462,0,0,0,0,0,176571,3,0
0,0,0,0,5,29,12430,111462,0,0,0,0,0,238569,3,0
0,0,0,0,17,29,12431,111462,0,0,0,0,0,209989,3,0
0,0,0,0,22,29,12432,111462,0,0,0,0,0,244853,3,0
0,0,0,0,1,0,12433,111473,0,0,0,0,0,206566,3,0
2,0,0,1,2,3,12434,111473,0,0,0,0,0,209361,3,0
0,0,0,0,5,4,12435,111473,0,0,0,0,0,202170,3,0
0,0,0,0,4,6,12436,111473,0,0,0,0,0,254143,3,0
0,0,0,0,13,7,12437,111473,0,0,0,0,0,242429,3,0
0,0,0,0,8,10,12438,111473,0,0,0,0,0,259680,3,0
0,0,0,0,20,23,12439,111473,0,0,0,0,0,243666,3,0
0,0,0,0,7,13,12440,111473,0,0,0,0,0,255360,3,0
0,0,0,0,10,15,12441,111473,0,0,0,0,0,232669,3,0
0,0,0,0,11,27,12442,111473,0,0,0,0,0,254136,3,0
18,0,0,1,9,25,12443,111473,0,0,0,0,0,192123,3,0
3,0,0,1,17,28,12444,111473,0,0,0,0,0,182091,3,0
0,0,0,0,23,28,12445,111473,0,0,0,0,0,231063,3,0
0,0,0,0,14,28,12446,111473,0,0,0,0,0,262289,3,0
0,0,0,0,24,28,12447,111473,0,0,0,0,0,237714,3,0
0,0,0,0,12,28,12448,111473,0,0,0,0,0,263851,3,0
0,0,0,0,19,28,12449,111473,0,0,0,0,0,245539,3,0
0,0,0,0,21,28,12450,111473,0,0,0,0,0,254138,3,0
0,0,0,0,98,28,12451,111473,0,0,0,0,0,225993,3,0
0,0,0,0,6,28,12452,111473,0,0,0,0,0,219392,3,0
2,0,0,1,15,28,12453,111473,0,0,0,0,0,186352,3,0
0,0,0,0,18,28,12454,111473,0,0,0,0,0,277552,3,0
0,0,0,0,16,28,12455,111473,0,0,0,0,0,266150,3,0
1,0,0,1,26,29,12456,111473,0,0,0,0,0,193092,3,0
0,0,0,0,3,29,12457,111473,0,0,0,0,0,264691,3,0
0,0,0,0,83,29,12458,111473,0,0,0,0,0,254142,3,0
0,0,0,0,22,0,12459,111527,0,0,0,0,0,268783,3,0
0,0,0,0,2,3,12460,111527,0,0,0,0,0,268781,3,0
0,0,0,0,16,4,12461,111527,0,0,0,0,0,268771,3,0
0,0,0,0,12,6,12462,111527,0,0,0,0,0,203244,3,0
0,0,0,0,14,7,12463,111527,0,0,0,0,0,268776,3,0
0,0,0,0,6,10,12464,111527,0,0,0,0,0,268879,3,0
0,0,0,0,19,12,12465,111527,0,0,0,0,0,268772,3,0
0,0,0,0,23,13,12466,111527,0,0,0,0,0,279194,3,0
0,0,0,0,10,15,12467,111527,0,0,0,0,0,180561,3,0
0,0,0,0,11,16,12468,111527,0,0,0,0,0,234051,3,0
0,0,0,0,20,25,12469,111527,0,0,0,0,0,273624,3,0
0,0,0,0,9,28,12470,111527,0,0,0,0,0,268780,3,0
0,0,0,0,26,28,12471,111527,0,0,0,0,0,239878,3,0
0,0,0,0,13,28,12472,111527,0,0,0,0,0,268877,3,0
0,0,0,0,17,28,12473,111527,0,0,0,0,0,268774,3,0
0,0,0,0,1,28,12474,111527,0,0,0,0,0,180548,3,0
0,0,0,0,8,28,12475,111527,0,0,0,0,0,270564,3,0
0,0,0,0,4,28,12476,111527,0,0,0,0,0,268775,3,0
0,0,0,0,5,28,12477,111527,0,0,0,0,0,238878,3,0
0,0,0,0,28,28,12478,111527,0,0,0,0,0,268784,3,0
0,0,0,0,7,28,12479,111527,0,0,0,0,0,268779,3,0
0,0,0,0,99,28,12480,111527,0,0,0,0,0,272471,3,0
0,0,0,0,15,28,12481,111527,0,0,0,0,0,268782,3,0
0,0,0,0,3,29,12482,111527,0,0,0,0,0,268984,3,0
0,0,0,0,21,29,12483,111527,0,0,0,0,0,272472,3,0
0,0,0,0,18,29,12484,111527,0,0,0,0,0,270643,3,0
0,0,0,0,24,0,12485,191,0,0,0,0,0,215522,3,0
3,0,0,0,70,3,12486,191,0,0,0,0,0,257345,3,0
1,0,0,0,22,4,12487,191,0,0,0,0,0,242238,3,0
1,0,0,0,31,6,12488,191,0,0,0,0,0,254840,3,0
0,0,0,0,3,7,12489,191,0,0,0,0,0,252573,3,0
0,0,0,0,27,10,12490,191,0,0,0,0,0,257271,3,0
0,0,0,0,18,13,12491,191,0,0,0,0,0,246402,3,0
2,0,0,0,14,15,12492,191,0,0,0,0,1,260876,3,0
5,0,0,1,30,18,12493,191,0,0,0,0,1,274288,3,0
3,0,0,0,11,24,12494,191,1,0,0,0,3,244389,3,0
4,0,0,1,21,26,12495,191,0,0,0,0,0,275978,3,0
0,0,0,0,7,28,12496,191,0,0,0,0,0,246885,3,0
0,0,0,0,10,28,12497,191,0,0,0,0,0,258775,3,0
2,0,0,0,32,28,12498,191,0,0,0,0,0,261004,3,0
2,0,0,0,6,28,12499,191,0,0,0,0,0,270997,3,0
0,0,0,0,13,28,12500,191,0,0,0,0,0,200316,3,0
10,1,0,1,19,28,12501,191,0,0,0,1,2,274445,3,0
4,0,0,1,23,28,12502,191,0,0,0,0,0,263413,3,0
4,0,0,1,20,28,12503,191,0,0,0,0,1,246762,3,0
2,0,0,0,45,28,12504,191,0,0,0,0,0,260236,3,0
0,0,0,0,39,28,12505,191,0,0,0,0,0,264377,3,0
0,0,0,0,17,28,12506,191,0,0,0,0,0,169324,3,0
0,0,0,0,29,28,12507,191,0,0,0,0,0,260237,3,0
0,0,0,0,28,29,12508,191,0,0,0,0,0,268504,3,0
0,0,0,0,41,29,12509,191,0,0,0,0,0,262516,3,0
0,0,0,0,5,29,12510,191,0,0,0,0,0,263028,3,0
0,0,0,0,15,29,12511,191,0,0,0,0,0,260235,3,0
0,0,0,0,55,29,12512,191,0,0,0,0,0,266109,3,0
0,0,0,0,36,29,12513,191,0,0,0,0,0,271000,3,0
0,0,0,0,49,29,12514,191,0,0,0,0,0,277119,3,0
0,0,0,0,25,29,12515,191,0,0,0,0,0,252017,3,0
0,0,0,0,4,29,12516,191,0,0,0,0,0,276052,3,0
0,0,0,0,1,0,12517,209,0,0,0,0,0,243675,3,0
1,0,0,0,22,3,12518,209,0,0,0,0,0,259101,3,0
2,0,0,0,42,4,12519,209,0,0,0,0,1,261264,3,0
2,0,0,0,24,6,12520,209,0,0,0,0,1,236712,3,0
0,0,0,0,28,7,12521,209,0,0,0,0,0,251547,3,0
2,0,0,0,4,10,12522,209,0,0,0,0,1,226129,3,0
4,0,0,1,10,13,12523,209,0,0,0,0,0,245058,3,0
3,0,0,1,8,15,12524,209,0,0,0,0,0,263041,3,0
5,0,0,1,19,18,12525,209,0,0,0,0,0,270017,3,0
4,0,0,1,11,24,12526,209,0,0,0,0,1,241536,3,0
2,0,0,0,18,26,12527,209,0,0,0,0,2,270050,3,0
5,0,0,1,9,28,12528,209,0,0,0,0,0,257340,3,0
2,0,0,0,20,28,12529,209,0,0,0,0,0,261293,3,0
0,0,0,0,25,28,12530,209,0,0,0,0,0,190589,3,0
0,0,0,0,2,28,12531,209,0,0,0,0,0,258036,3,0
0,0,0,0,31,28,12532,209,0,0,0,0,0,259678,3,0
1,0,0,0,15,28,12533,209,1,0,0,0,1,256127,3,0
0,0,0,0,36,28,12534,209,0,0,0,0,0,279130,3,0
2,0,0,0,5,28,12535,209,0,0,0,0,0,220665,3,0
0,0,0,0,21,28,12536,209,0,0,0,0,0,261812,3,0
0,0,0,0,6,28,12537,209,0,0,0,0,0,235995,3,0
0,0,0,0,38,28,12538,209,0,0,0,0,0,274527,3,0
0,0,0,0,35,28,12539,209,0,0,0,0,0,255536,3,0
0,0,0,0,41,29,12540,209,0,0,0,0,0,71290,3,0
0,0,0,0,14,29,12541,209,0,0,0,0,0,263943,3,0
0,0,0,0,16,29,12542,209,0,0,0,0,0,253428,3,0
0,0,0,0,40,29,12543,209,0,0,0,0,0,268623,3,0
0,0,0,0,27,29,12544,209,0,0,0,0,0,262213,3,0
0,0,0,0,1,0,12545,252,0,0,0,0,0,244810,3,0
1,0,0,0,22,4,12546,252,0,0,0,0,0,235055,3,0
2,0,0,1,5,5,12547,252,0,0,0,0,0,209196,3,0
0,0,0,0,16,6,12548,252,0,0,0,0,0,252873,3,0
4,0,0,1,9,23,12549,252,0,0,0,0,0,262587,3,0
1,0,0,0,29,12,12550,252,0,0,0,0,0,239394,3,0
0,0,0,0,30,13,12551,252,0,0,0,0,0,213301,3,0
0,0,0,0,18,15,12552,252,0,0,0,0,0,225553,3,0
0,0,0,0,2,16,12553,252,0,0,0,0,0,242628,3,0
2,0,0,1,17,27,12554,252,0,0,0,0,0,271092,3,0
9,1,0,1,10,25,12555,252,0,0,0,0,0,201290,3,0
0,0,0,0,7,28,12556,252,0,0,0,0,0,223676,3,0
1,0,0,0,33,28,12557,252,0,0,0,0,0,238986,3,0
0,0,0,0,4,28,12558,252,0,0,0,0,0,266180,3,0
0,0,0,0,25,28,12559,252,0,0,0,0,0,269875,3,0
0,0,0,0,28,28,12560,252,0,0,0,0,0,193277,3,0
2,0,0,1,24,28,12561,252,0,0,0,0,0,276178,3,0
0,0,0,0,14,28,12562,252,0,0,0,0,0,191783,3,0
0,0,0,0,21,28,12563,252,0,0,0,0,0,240045,3,0
0,0,0,0,37,28,12564,252,0,0,0,0,0,266235,3,0
0,0,0,0,19,28,12565,252,0,0,0,0,0,240941,3,0
0,0,0,0,23,28,12566,252,0,0,0,0,0,274143,3,0
0,0,0,0,6,28,12567,252,0,0,0,0,0,239090,3,0
0,0,0,0,8,29,12568,252,0,0,0,0,0,221944,3,0
0,0,0,0,44,29,12569,252,0,0,0,0,0,244403,3,0
0,0,0,0,36,29,12570,252,0,0,0,0,0,262944,3,0
0,0,0,0,26,29,12571,252,0,0,0,0,0,205196,3,0
0,0,0,0,31,29,12572,252,0,0,0,0,0,244284,3,0
0,0,0,0,38,29,12573,252,0,0,0,0,0,72271,3,0
0,0,0,0,45,0,12574,254,0,0,0,0,0,256938,3,0
3,0,0,0,43,4,12575,254,0,0,0,0,0,265576,3,0
0,0,0,0,34,5,12576,254,0,0,0,0,0,270995,3,0
0,0,0,0,55,6,12577,254,0,0,0,0,0,275918,3,0
0,0,0,0,13,12,12578,254,0,0,0,0,0,193860,3,0
5,0,0,1,18,13,12579,254,0,0,0,0,1,275638,3,0
2,0,0,0,8,15,12580,254,0,0,0,0,0,239091,3,0
8,0,0,1,27,16,12581,254,0,0,0,0,2,256548,3,0
7,0,0,1,10,18,12582,254,1,0,0,0,1,263464,3,0
6,0,0,1,9,24,12583,254,0,0,0,0,1,193584,3,0
4,0,0,1,17,26,12584,254,0,0,0,0,0,275641,3,0
0,0,0,0,22,28,12585,254,0,0,0,0,0,252960,3,0
0,0,0,0,5,28,12586,254,0,0,0,0,0,226924,3,0
0,0,0,0,19,28,12587,254,0,0,0,0,0,190592,3,0
0,0,0,0,53,28,12588,254,0,0,0,0,0,72018,3,0
0,0,0,0,25,28,12589,254,0,0,0,0,0,235820,3,0
0,0,0,0,58,28,12590,254,0,0,0,0,0,70947,3,0
0,0,0,0,24,28,12591,254,0,0,0,0,0,275736,3,0
0,0,0,0,30,28,12592,254,0,0,0,0,0,276129,3,0
0,0,0,0,6,28,12593,254,0,0,0,0,0,261652,3,0
0,0,0,0,20,28,12594,254,0,0,0,0,0,215370,3,0
0,0,0,0,49,28,12595,254,0,0,0,0,0,275569,3,0
0,0,0,0,15,28,12596,254,0,0,0,0,0,203485,3,0
0,0,0,0,21,29,12597,254,0,0,0,0,0,256172,3,0
0,0,0,0,50,29,12598,254,0,0,0,0,0,71439,3,0
0,0,0,0,28,29,12599,254,0,0,0,0,0,264877,3,0
1,0,0,0,16,29,12600,254,0,0,0,0,0,277986,3,0
0,0,0,0,7,29,12601,254,0,0,0,0,0,263046,3,0
1,0,0,0,23,29,12602,254,0,0,0,0,0,244795,3,0
0,0,0,0,57,29,12603,254,0,0,0,0,0,71513,3,0
1,0,0,0,26,29,12604,254,0,0,0,0,0,265425,3,0
0,0,0,0,1,0,12605,256,0,0,0,0,0,235266,3,0
1,0,0,0,46,4,12606,256,0,0,0,0,0,248470,3,0
0,0,0,0,24,5,12607,256,0,0,0,0,0,237570,3,0
0,0,0,0,3,6,12608,256,0,0,0,0,0,230981,3,0
1,0,0,0,26,12,12609,256,0,0,0,0,0,215368,3,0
0,0,0,0,30,13,12610,256,0,0,0,0,0,244941,3,0
1,0,0,0,41,15,12611,256,0,0,0,0,0,277668,3,0
1,0,0,0,21,16,12612,256,0,0,0,0,0,244599,3,0
4,0,0,1,36,18,12613,256,2,0,0,0,3,242815,3,0
9,1,0,1,17,24,12614,256,0,0,0,0,1,223867,3,0
1,0,0,0,9,26,12615,256,0,0,0,0,0,263130,3,0
0,0,0,0,37,28,12616,256,0,0,0,0,0,265185,3,0
0,0,0,0,66,28,12617,256,0,0,0,0,0,263131,3,0
0,0,0,0,19,28,12618,256,0,0,0,0,0,199769,3,0
0,0,0,0,40,28,12619,256,0,0,0,0,0,270907,3,0
0,0,0,0,99,28,12620,256,0,0,0,0,0,239410,3,0
3,0,0,1,10,28,12621,256,0,0,0,0,0,265577,3,0
2,0,0,1,27,28,12622,256,0,0,0,0,0,265579,3,0
2,0,0,1,33,28,12623,256,0,0,0,0,0,251413,3,0
0,0,0,0,11,28,12624,256,0,0,0,0,0,269888,3,0
0,0,0,0,2,28,12625,256,0,0,0,0,0,277865,3,0
0,0,0,0,13,28,12626,256,0,0,0,0,0,219657,3,0
0,0,0,0,8,28,12627,256,0,0,0,0,0,186881,3,0
0,0,0,0,7,29,12628,256,0,0,0,0,0,72163,3,0
0,0,0,0,15,29,12629,256,0,0,0,0,0,72072,3,0
0,0,0,0,14,29,12630,256,0,0,0,0,0,71514,3,0
0,0,0,0,60,29,12631,256,0,0,0,0,0,276246,3,0
0,0,0,0,29,29,12632,256,0,0,0,0,0,239708,3,0
0,0,0,0,22,29,12633,256,0,0,0,0,0,266618,3,0
0,0,0,0,4,29,12634,256,0,0,0,0,0,264821,3,0
0,0,0,0,13,0,12635,1787,0,0,0,0,0,235141,3,0
1,0,0,0,2,3,12636,1787,0,0,0,0,0,264816,3,0
0,0,0,0,31,4,12637,1787,0,0,0,0,0,229507,3,0
0,0,0,0,4,5,12638,1787,0,0,0,0,0,270989,3,0
1,0,0,0,37,6,12639,1787,0,0,0,0,0,262955,3,0
0,0,0,0,33,7,12640,1787,0,0,0,0,0,264313,3,0
1,0,0,0,20,10,12641,1787,0,0,0,0,0,211746,3,0
3,0,0,1,19,13,12642,1787,0,0,0,0,0,242271,3,0
2,0,0,1,14,15,12643,1787,0,0,0,0,0,262383,3,0
10,1,0,1,10,24,12644,1787,0,0,0,1,0,244082,3,0
3,0,0,1,7,26,12645,1787,0,0,0,0,0,262380,3,0
1,0,0,0,9,28,12646,1787,0,0,0,0,0,270993,3,0
0,0,0,0,92,28,12647,1787,0,0,0,0,0,262382,3,0
2,0,0,1,24,28,12648,1787,1,0,0,0,1,202518,3,0
0,0,0,0,3,28,12649,1787,0,0,0,0,0,276889,3,0
0,0,0,0,30,28,12650,1787,0,0,0,0,0,263455,3,0
0,0,0,0,11,28,12651,1787,0,0,0,0,0,248254,3,0
3,0,0,1,77,28,12652,1787,0,0,0,0,2,277320,3,0
1,0,0,0,8,28,12653,1787,0,0,0,0,0,262389,3,0
0,0,0,0,6,28,12654,1787,0,0,0,0,0,276310,3,0
0,0,0,0,17,28,12655,1787,0,0,0,0,0,248823,3,0
0,0,0,0,39,28,12656,1787,0,0,0,0,0,255540,3,0
0,0,0,0,1,28,12657,1787,0,0,0,0,0,173415,3,0
0,0,0,0,34,29,12658,1787,0,0,0,0,0,276964,3,0
0,0,0,0,5,29,12659,1787,0,0,0,0,0,276965,3,0
0,0,0,0,23,29,12660,1787,0,0,0,0,0,234945,3,0
0,0,0,0,99,29,12661,1787,0,0,0,0,0,260674,3,0
0,0,0,0,1,0,12662,2017,0,0,0,0,0,228562,3,0
0,0,0,0,28,3,12663,2017,0,0,0,0,0,244435,3,0
0,0,0,0,14,4,12664,2017,0,0,0,0,0,258806,3,0
1,0,0,0,5,6,12665,2017,0,0,0,0,0,276677,3,0
0,0,0,0,20,7,12666,2017,0,0,0,0,0,244413,3,0
2,0,0,1,32,10,12667,2017,0,0,0,0,0,251497,3,0
2,0,0,1,70,12,12668,2017,0,0,0,0,0,264311,3,0
6,0,0,1,10,13,12669,2017,1,0,0,0,2,221896,3,0
1,0,0,0,45,15,12670,2017,0,0,0,0,0,258601,3,0
2,0,0,1,27,16,12671,2017,0,0,0,0,0,232843,3,0
9,1,0,1,11,25,12672,2017,0,0,0,0,0,235416,3,0
0,0,0,0,23,28,12673,2017,0,0,0,0,0,203615,3,0
0,0,0,0,17,28,12674,2017,0,0,0,0,0,193259,3,0
1,0,0,0,37,28,12675,2017,0,0,0,0,0,276811,3,0
0,0,0,0,12,28,12676,2017,0,0,0,0,0,245233,3,0
0,0,0,0,39,28,12677,2017,0,0,0,0,0,223792,3,0
1,0,0,0,8,28,12678,2017,0,0,0,0,0,276973,3,0
0,0,0,0,3,28,12679,2017,0,0,0,0,0,278028,3,0
0,0,0,0,16,28,12680,2017,0,0,0,0,0,199440,3,0
0,0,0,0,31,28,12681,2017,0,0,0,0,0,244415,3,0
0,0,0,0,40,28,12682,2017,0,0,0,0,0,229885,3,0
0,0,0,0,44,28,12683,2017,0,0,0,0,0,258879,3,0
0,0,0,0,25,28,12684,2017,0,0,0,0,0,274091,3,0
2,0,0,1,33,29,12685,2017,0,0,0,0,1,239393,3,0
0,0,0,0,95,29,12686,2017,0,0,0,0,0,276123,3,0
0,0,0,0,19,29,12687,2017,0,0,0,0,0,256832,3,0
0,0,0,0,18,29,12688,2017,0,0,0,0,0,276972,3,0
0,0,0,0,7,29,12689,2017,0,0,0,0,0,270034,3,0
0,0,0,0,21,29,12690,2017,0,0,0,0,0,276450,3,0
0,0,0,0,30,29,12691,2017,0,0,0,0,0,276449,3,0
0,0,0,0,77,29,12692,2017,0,0,0,0,0,277028,3,0
0,0,0,0,1,0,12693,15009,0,0,0,0,0,205759,3,0
0,0,0,0,6,4,12694,15009,0,0,0,0,0,256539,3,0
1,0,0,0,5,5,12695,15009,0,0,0,0,0,228058,3,0
2,0,0,1,15,6,12696,15009,0,0,0,0,0,252252,3,0
2,0,0,1,27,12,12697,15009,0,0,0,0,0,239357,3,0
1,0,0,0,23,13,12698,15009,0,0,0,0,0,223427,3,0
3,0,0,1,8,15,12699,15009,0,0,0,0,1,229477,3,0
0,0,0,0,12,16,12700,15009,0,0,0,0,0,252254,3,0
2,0,0,1,30,18,12701,15009,0,0,0,0,0,243618,3,0
0,0,0,0,10,24,12702,15009,0,0,0,0,0,239709,3,0
3,0,0,1,20,26,12703,15009,0,0,0,0,0,233094,3,0
0,0,0,0,28,28,12704,15009,0,0,0,0,0,270911,3,0
0,0,0,0,25,28,12705,15009,0,0,0,0,0,239476,3,0
0,0,0,0,4,28,12706,15009,0,0,0,0,0,262792,3,0
0,0,0,0,17,28,12707,15009,0,0,0,0,0,257228,3,0
0,0,0,0,32,28,12708,15009,0,0,0,0,0,223868,3,0
0,0,0,0,7,28,12709,15009,0,0,0,0,0,70327,3,0
1,0,0,0,14,28,12710,15009,1,0,0,0,1,240481,3,0
0,0,0,0,24,28,12711,15009,0,0,0,0,0,210475,3,0
1,0,0,0,9,28,12712,15009,0,0,0,0,0,188996,3,0
0,0,0,0,18,28,12713,15009,0,0,0,0,0,221768,3,0
0,0,0,0,22,28,12714,15009,0,0,0,0,0,244507,3,0
0,0,0,0,11,28,12715,15009,0,0,0,0,0,70774,3,0
0,0,0,0,31,29,12716,15009,0,0,0,0,0,277445,3,0
0,0,0,0,13,29,12717,15009,0,0,0,0,0,276136,3,0
0,0,0,0,29,29,12718,15009,0,0,0,0,0,276188,3,0
0,0,0,0,21,29,12719,15009,0,0,0,0,0,277444,3,0
0,0,0,0,33,29,12720,15009,0,0,0,0,0,277446,3,0
0,0,0,0,40,0,12721,15040,0,0,0,0,0,270996,3,0
1,0,0,1,6,3,12722,15040,0,0,0,0,0,258822,3,0
0,0,0,0,5,4,12723,15040,0,0,0,0,0,262404,3,0
1,0,0,1,22,6,12724,15040,0,0,0,0,0,220995,3,0
1,0,0,1,44,7,12725,15040,0,0,0,0,0,211812,3,0
3,0,0,1,7,13,12726,15040,0,0,0,0,0,258821,3,0
0,0,0,0,10,14,12727,15040,0,0,0,0,0,204987,3,0
1,0,0,1,30,15,12728,15040,0,0,0,0,1,248471,3,0
1,0,0,1,98,17,12729,15040,0,0,0,0,0,266459,3,0
5,0,0,1,9,19,12730,15040,0,0,0,0,0,271005,3,0
0,0,0,0,11,25,12731,15040,0,0,0,0,0,247388,3,0
0,0,0,0,17,28,12732,15040,0,0,0,0,0,258273,3,0
0,0,0,0,20,28,12733,15040,0,0,0,0,0,271002,3,0
0,0,0,0,3,28,12734,15040,0,0,0,0,0,250780,3,0
0,0,0,0,26,28,12735,15040,0,0,0,0,0,263318,3,0
0,0,0,0,1,28,12736,15040,0,0,0,0,0,263092,3,0
2,0,0,1,8,28,12737,15040,0,0,0,0,0,277985,3,0
0,0,0,0,14,28,12738,15040,0,0,0,0,0,263319,3,0
0,0,0,0,4,28,12739,15040,0,0,0,0,0,231840,3,0
0,0,0,0,25,28,12740,15040,0,0,0,0,0,250781,3,0
0,0,0,0,13,28,12741,15040,0,0,0,0,0,235421,3,0
1,0,0,1,23,28,12742,15040,0,0,0,0,0,263093,3,0
0,0,0,0,18,28,12743,15040,0,0,0,0,0,263095,3,0
0,0,0,0,28,29,12744,15040,0,0,0,0,0,271004,3,0
0,0,0,0,19,29,12745,15040,0,0,0,0,0,262627,3,0
0,0,0,0,27,29,12746,15040,0,0,0,0,0,270279,3,0
0,0,0,0,21,29,12747,15040,0,0,0,0,0,277002,3,0
0,0,0,0,1,0,12748,110720,0,0,0,0,0,239898,3,0
2,0,0,1,15,4,12749,110720,0,0,0,0,0,233435,3,0
0,0,0,0,2,5,12750,110720,0,0,0,0,0,224267,3,0
0,0,0,0,23,6,12751,110720,0,0,0,0,0,260995,3,0
2,0,0,1,10,23,12752,110720,0,0,0,0,0,263313,3,0
2,0,0,1,14,12,12753,110720,0,0,0,0,0,251230,3,0
0,0,0,0,4,13,12754,110720,0,0,0,0,0,275637,3,0
1,0,0,0,6,15,12755,110720,0,0,0,0,0,244783,3,0
3,0,0,1,8,16,12756,110720,0,0,0,0,0,221956,3,0
2,0,0,1,7,27,12757,110720,0,0,0,0,1,253693,3,0
6,0,0,1,9,25,12758,110720,0,0,0,0,0,226958,3,0
0,0,0,0,11,28,12759,110720,0,0,0,0,0,70585,3,0
0,0,0,0,13,28,12760,110720,0,0,0,0,0,231017,3,0
0,0,0,0,22,28,12761,110720,0,0,0,0,0,275633,3,0
0,0,0,0,17,28,12762,110720,0,0,0,0,0,276122,3,0
0,0,0,0,12,28,12763,110720,0,0,0,0,0,181733,3,0
0,0,0,0,27,28,12764,110720,0,0,0,0,0,246750,3,0
0,0,0,0,30,28,12765,110720,0,0,0,0,0,210490,3,0
0,0,0,0,5,28,12766,110720,0,0,0,0,0,275632,3,0
0,0,0,0,28,28,12767,110720,0,0,0,0,0,244425,3,0
2,0,0,1,20,28,12768,110720,0,0,0,0,0,275639,3,0
1,0,0,0,18,28,12769,110720,0,0,0,0,0,276061,3,0
0,0,0,0,29,28,12770,110720,0,0,0,0,0,261241,3,0
0,0,0,0,19,29,12771,110720,0,0,0,0,0,275634,3,0
0,0,0,0,31,29,12772,110720,0,0,0,0,0,275631,3,0
0,0,0,0,1,0,12773,111822,0,0,0,0,0,216518,3,0
0,0,0,0,22,4,12774,111822,0,0,0,0,0,229818,3,0
0,0,0,0,8,5,12775,111822,0,0,0,0,0,210482,3,0
1,0,0,1,4,6,12776,111822,0,0,0,0,0,258361,3,0
6,0,0,1,20,23,12777,111822,1,0,0,0,1,264441,3,0
1,0,0,1,97,12,12778,111822,0,0,0,0,0,261991,3,0
0,0,0,0,6,13,12779,111822,0,0,0,0,0,257308,3,0
0,0,0,0,19,15,12780,111822,0,0,0,0,0,276491,3,0
0,0,0,0,3,16,12781,111822,0,0,0,0,0,242547,3,0
8,0,0,1,11,27,12782,111822,0,0,0,0,1,248356,3,0
3,0,0,1,9,25,12783,111822,0,0,0,0,0,267864,3,0
0,0,0,0,16,28,12784,111822,0,0,0,0,0,216182,3,0
1,0,0,1,44,28,12785,111822,0,0,0,0,0,270032,3,0
0,0,0,0,17,28,12786,111822,0,0,0,0,0,267862,3,0
0,0,0,0,26,28,12787,111822,0,0,0,0,0,276490,3,0
0,0,0,0,32,28,12788,111822,0,0,0,0,0,256537,3,0
1,0,0,1,10,28,12789,111822,0,0,0,0,0,251499,3,0
0,0,0,0,18,28,12790,111822,0,0,0,0,0,202535,3,0
1,0,0,1,23,28,12791,111822,0,0,0,0,0,243664,3,0
0,0,0,0,7,28,12792,111822,0,0,0,0,0,227235,3,0
0,0,0,0,14,28,12793,111822,0,0,0,0,0,270750,3,0
0,0,0,0,21,28,12794,111822,0,0,0,0,0,263137,3,0
0,0,0,0,27,28,12795,111822,0,0,0,0,0,199535,3,0
0,0,0,0,13,29,12796,111822,0,0,0,0,0,279125,3,0
0,0,0,0,15,29,12797,111822,0,0,0,0,0,279911,3,0
0,0,0,0,5,29,12798,111822,0,0,0,0,0,70869,3,0
0,0,0,0,12,29,12799,111822,0,0,0,0,0,70627,3,0
0,0,0,0,77,29,12800,111822,0,0,0,0,0,70993,3,0
0,0,0,0,1,0,12801,113616,0,0,0,0,0,72534,3,0
0,0,0,0,21,3,12802,113616,0,0,0,0,0,72540,3,0
0,0,0,0,19,4,12803,113616,0,0,0,0,0,72536,3,0
0,0,0,0,30,6,12804,113616,0,0,0,0,0,262639,3,0
0,0,0,0,22,7,12805,113616,0,0,0,0,0,72539,3,0
0,0,0,0,13,10,12806,113616,0,0,0,0,0,181731,3,0
0,0,0,0,99,23,12807,113616,0,0,0,0,0,240986,3,0
0,0,0,0,20,13,12808,113616,0,0,0,0,0,72541,3,0
0,0,0,0,7,15,12809,113616,0,0,0,0,0,244522,3,0
0,0,0,0,70,27,12810,113616,0,0,0,0,0,269453,3,0
0,0,0,0,9,25,12811,113616,0,0,0,0,0,216582,3,0
0,0,0,0,28,28,12812,113616,0,0,0,0,0,72543,3,0
0,0,0,0,8,28,12813,113616,0,0,0,0,0,272404,3,0
0,0,0,0,5,28,12814,113616,0,0,0,0,0,72537,3,0
0,0,0,0,15,28,12815,113616,0,0,0,0,0,72538,3,0
0,0,0,0,26,28,12816,113616,0,0,0,0,0,72535,3,0
0,0,0,0,10,28,12817,113616,0,0,0,0,0,72542,3,0
0,0,0,0,27,28,12818,113616,0,0,0,0,0,222365,3,0
0,0,0,0,32,28,12819,113616,0,0,0,0,0,72544,3,0
0,0,0,0,6,28,12820,113616,0,0,0,0,0,210953,3,0
0,0,0,0,1,0,12821,980,0,0,0,0,0,210941,2,0
0,0,0,0,71,3,12822,980,0,0,0,0,0,233770,3,0
0,0,0,0,28,4,12823,980,0,0,0,0,0,212535,2,0
0,0,0,0,6,5,12824,980,0,0,0,0,0,233012,3,0
1,0,0,1,98,6,12825,980,0,0,0,0,0,263034,2,0
1,0,0,1,11,7,12826,980,0,0,0,0,0,255329,4,0
1,0,0,1,8,10,12827,980,0,0,0,0,0,208063,4,0
0,0,0,0,14,13,12828,980,0,0,0,0,0,243173,3,0
0,0,0,0,44,15,12829,980,0,0,0,0,0,238098,2,0
2,0,0,1,12,24,12830,980,0,0,0,0,0,212791,4,0
1,0,0,1,9,26,12831,980,0,0,0,0,0,233214,3,0
0,0,0,0,7,28,12832,980,0,0,0,0,0,212759,3,0
1,0,0,1,10,28,12833,980,0,0,0,0,0,245348,3,0
0,0,0,0,24,28,12834,980,0,0,0,0,0,261055,2,0
0,0,0,0,33,28,12835,980,0,0,0,0,0,273633,1,0
0,0,0,0,25,28,12836,980,0,0,0,0,0,261106,3,0
0,0,0,0,4,28,12837,980,0,0,0,0,0,242182,4,0
0,0,0,0,27,28,12838,980,0,0,0,0,0,274428,3,0
0,0,0,0,13,28,12839,980,0,0,0,0,0,274432,3,0
0,0,0,0,19,28,12840,980,0,0,0,0,0,261104,3,0
0,0,0,0,29,28,12841,980,0,0,0,0,0,71206,3,0
0,0,0,0,15,28,12842,980,0,0,0,0,0,252810,3,0
0,0,0,0,99,28,12843,980,0,0,0,0,0,191684,3,0
0,0,0,0,22,29,12844,980,0,0,0,0,0,232626,2,0
1,0,0,1,2,29,12845,980,0,0,0,0,0,274430,4,0
2,0,0,1,20,29,12846,980,0,0,0,0,0,193749,4,0
0,0,0,0,80,29,12847,980,0,0,0,0,0,71207,3,0
0,0,0,0,91,29,12848,980,0,0,0,0,0,266766,3,0
0,0,0,0,30,29,12849,980,0,0,0,0,0,266770,3,0
0,0,0,0,42,29,12850,980,0,0,0,0,0,274232,3,0
0,0,0,0,3,29,12851,980,0,0,0,0,0,71201,3,0
0,0,0,0,45,29,12852,980,0,0,0,0,0,266768,3,0
0,0,0,0,77,29,12853,980,0,0,0,0,0,71205,3,0
0,0,0,0,41,29,12854,980,0,0,0,0,0,257391,3,0
0,0,0,0,81,29,12855,980,0,0,0,0,0,274434,3,0
0,0,0,0,40,29,12856,980,0,0,0,0,0,274431,3,0
0,0,0,0,23,29,12857,980,0,0,0,0,0,71202,3,0
1,0,0,1,73,29,12858,980,0,0,0,0,0,71204,4,0
0,0,0,0,1,0,12859,982,0,0,0,0,0,252658,3,0
0,0,0,0,16,3,12860,982,0,0,0,0,0,251161,3,0
0,0,0,0,30,4,12861,982,0,0,0,0,0,251162,3,0
0,0,0,0,3,6,12862,982,0,0,0,0,0,221789,4,0
0,0,0,0,88,7,12863,982,0,0,0,0,0,261063,3,0
1,0,0,1,32,23,12864,982,0,0,0,0,0,234222,3,0
1,0,0,1,26,13,12865,982,0,0,0,0,0,244582,3,0
2,0,0,1,6,14,12866,982,0,0,0,0,0,180283,3,0
0,0,0,0,29,15,12867,982,0,0,0,0,0,228461,3,0
0,0,0,0,10,27,12868,982,0,0,0,0,0,207494,3,0
5,0,0,1,90,25,12869,982,0,0,0,0,0,228861,3,0
1,0,0,1,50,28,12870,982,0,0,0,0,0,233279,3,0
0,0,0,0,19,28,12871,982,0,0,0,0,0,243321,3,0
0,0,0,0,8,28,12872,982,0,0,0,0,0,237101,3,0
0,0,0,0,2,28,12873,982,0,0,0,0,0,222660,3,0
0,0,0,0,21,28,12874,982,0,0,0,0,0,234301,3,0
1,0,0,1,9,28,12875,982,0,0,0,0,0,266197,3,0
3,0,0,1,94,28,12876,982,0,0,0,0,0,210544,4,0
0,0,0,0,66,28,12877,982,0,0,0,0,0,237098,3,0
0,0,0,0,11,28,12878,982,0,0,0,0,0,261401,2,0
1,0,0,1,7,28,12879,982,0,0,0,0,0,191657,2,0
0,0,0,0,17,28,12880,982,0,0,0,0,0,236586,3,0
0,0,0,0,20,28,12881,982,0,0,0,0,0,273794,3,0
0,0,0,0,55,29,12882,982,0,0,0,0,0,260324,3,0
0,0,0,0,24,29,12883,982,0,0,0,0,0,273795,3,0
0,0,0,0,41,29,12884,982,0,0,0,0,0,273787,3,0
0,0,0,0,14,29,12885,982,0,0,0,0,0,276144,3,0
0,0,0,0,25,29,12886,982,0,0,0,0,0,261060,3,0
1,0,0,1,28,29,12887,982,0,0,0,0,0,273788,3,0
0,0,0,0,18,29,12888,982,0,0,0,0,0,213076,3,0
0,0,0,0,99,29,12889,982,0,0,0,0,0,254978,3,0
0,0,0,0,40,29,12890,982,0,0,0,0,0,266196,3,0
0,0,0,0,42,29,12891,982,0,0,0,0,0,266198,3,0
0,0,0,0,77,29,12892,982,0,0,0,0,0,273789,3,0
0,0,0,0,73,29,12893,982,0,0,0,0,0,71007,3,0
0,0,0,0,36,29,12894,982,0,0,0,0,0,273792,3,0
0,0,0,0,33,29,12895,982,0,0,0,0,0,71009,3,0
0,0,0,0,15,29,12896,982,0,0,0,0,0,222734,3,0
0,0,0,0,21,0,12897,1473,0,0,0,0,0,212432,5,0
0,0,0,0,66,3,12898,1473,0,0,0,0,0,254980,3,0
0,0,0,0,4,4,12899,1473,0,0,0,0,0,203002,3,0
0,0,0,0,20,6,12900,1473,0,0,0,0,0,211002,3,0
0,0,0,0,13,7,12901,1473,0,0,0,0,0,222052,5,0
2,0,0,1,11,12,12902,1473,0,0,0,0,0,246937,3,0
0,0,0,0,6,13,12903,1473,0,0,0,0,0,213471,4,0
0,0,0,0,7,15,12904,1473,0,0,0,0,0,232595,3,0
2,0,0,1,17,16,12905,1473,0,0,0,0,0,256370,5,0
3,0,0,1,9,24,12906,1473,0,0,0,0,0,268097,3,0
3,0,0,1,18,26,12907,1473,0,0,0,0,0,213189,3,0
0,0,0,0,10,28,12908,1473,0,0,0,0,0,218471,3,0
0,0,0,0,95,28,12909,1473,0,0,0,0,0,225765,2,0
0,0,0,0,22,28,12910,1473,0,0,0,0,0,226651,3,0
1,0,0,1,19,28,12911,1473,0,0,0,0,0,201528,4,0
0,0,0,0,1,28,12912,1473,0,0,0,0,0,187144,3,0
1,0,0,1,97,28,12913,1473,0,0,0,0,0,70420,3,0
0,0,0,0,27,28,12914,1473,0,0,0,0,0,155355,2,0
0,0,0,0,8,28,12915,1473,0,0,0,0,0,228009,3,0
1,0,0,1,31,28,12916,1473,0,0,0,0,0,232775,3,0
1,0,0,1,28,28,12917,1473,0,0,0,0,0,274415,3,0
0,0,0,0,37,28,12918,1473,0,0,0,0,0,267433,3,0
1,0,0,1,30,28,12919,1473,0,0,0,0,0,261054,3,0
0,0,0,0,2,29,12920,1473,0,0,0,0,0,221567,3,0
1,0,0,1,96,29,12921,1473,0,0,0,0,0,245400,3,0
0,0,0,0,5,29,12922,1473,0,0,0,0,0,191915,3,0
0,0,0,0,91,29,12923,1473,0,0,0,0,0,165889,3,0
0,0,0,0,23,29,12924,1473,0,0,0,0,0,255769,3,0
0,0,0,0,33,29,12925,1473,0,0,0,0,0,71318,3,0
0,0,0,0,16,29,12926,1473,0,0,0,0,0,274417,3,0
0,0,0,0,24,29,12927,1473,0,0,0,0,0,71464,3,0
0,0,0,0,73,29,12928,1473,0,0,0,0,0,202968,3,0
0,0,0,0,3,29,12929,1473,0,0,0,0,0,71315,3,0
1,0,0,1,70,29,12930,1473,0,0,0,0,0,71317,2,0
0,0,0,0,21,0,12931,1474,0,0,0,0,0,233286,2,0
0,0,0,0,17,3,12932,1474,0,0,0,0,0,184901,2,0
0,0,0,0,5,4,12933,1474,0,0,0,0,0,228191,3,0
0,0,0,0,3,6,12934,1474,0,0,0,0,0,261053,2,0
0,0,0,0,77,7,12935,1474,0,0,0,0,0,229343,2,0
2,0,0,1,7,12,12936,1474,0,0,0,0,0,208047,3,0
1,0,0,1,8,13,12937,1474,0,0,0,0,0,272733,2,0
0,0,0,0,16,15,12938,1474,0,0,0,0,0,231942,2,0
1,0,0,1,37,16,12939,1474,0,0,0,0,0,276616,4,0
1,0,0,1,14,24,12940,1474,0,0,0,0,0,232269,2,0
0,0,0,0,9,26,12941,1474,0,0,0,0,0,274437,2,0
0,0,0,0,11,28,12942,1474,0,0,0,0,0,213181,3,0
0,0,0,0,13,28,12943,1474,0,0,0,0,0,261121,3,0
1,0,0,1,4,28,12944,1474,0,0,0,0,0,227632,2,0
0,0,0,0,2,28,12945,1474,0,0,0,0,0,261078,3,0
0,0,0,0,1,28,12946,1474,0,0,0,0,0,212915,3,0
2,0,0,1,33,28,12947,1474,0,0,0,0,0,261115,2,0
0,0,0,0,12,28,12948,1474,0,0,0,0,0,261122,3,0
1,0,0,1,10,28,12949,1474,0,0,0,0,0,207730,3,0
0,0,0,0,88,28,12950,1474,0,0,0,0,0,70763,2,0
2,0,0,1,6,28,12951,1474,0,0,0,0,0,227787,3,0
7,1,0,1,27,28,12952,1474,0,0,0,0,0,234276,2,0
0,0,0,0,22,28,12953,1474,0,0,0,0,0,241515,3,0
0,0,0,0,19,29,12954,1474,0,0,0,0,0,266479,3,0
0,0,0,0,41,29,12955,1474,0,0,0,0,0,70764,3,0
0,0,0,0,18,29,12956,1474,0,0,0,0,0,274026,3,0
0,0,0,0,32,29,12957,1474,0,0,0,0,0,266477,3,0
0,0,0,0,90,29,12958,1474,0,0,0,0,0,70760,3,0
0,0,0,0,55,29,12959,1474,0,0,0,0,0,266324,3,0
0,0,0,0,15,29,12960,1474,0,0,0,0,0,70762,3,0
0,0,0,0,23,29,12961,1474,0,0,0,0,0,70761,3,0
0,0,0,0,89,29,12962,1474,0,0,0,0,0,70758,3,0
0,0,0,0,34,29,12963,1474,0,0,0,0,0,266478,3,0
0,0,0,0,29,29,12964,1474,0,0,0,0,0,274028,3,0
0,0,0,0,28,29,12965,1474,0,0,0,0,0,274027,3,0
0,0,0,0,30,29,12966,1474,0,0,0,0,0,274029,3,0
0,0,0,0,70,29,12967,1474,0,0,0,0,0,70759,3,0
0,0,0,0,13,0,12968,1477,0,0,0,0,0,252427,4,0
1,0,0,1,39,3,12969,1477,0,0,0,0,0,199231,3,0
0,0,0,0,3,4,12970,1477,0,0,0,0,0,238576,3,0
0,0,0,0,4,6,12971,1477,0,0,0,0,0,243673,3,0
0,0,0,0,23,7,12972,1477,0,0,0,0,0,213317,3,0
0,0,0,0,19,9,12973,1477,0,0,0,0,0,210970,1,0
0,0,0,0,6,11,12974,1477,0,0,0,0,0,248487,3,0
1,0,0,1,8,12,12975,1477,0,0,0,0,0,228007,3,0
2,0,0,1,33,16,12976,1477,0,0,0,0,0,261105,4,0
2,0,0,1,10,18,12977,1477,0,0,0,0,0,248188,3,0
1,0,0,1,9,25,12978,1477,0,0,0,0,0,267825,3,0
1,0,0,1,16,28,12979,1477,0,0,0,0,0,268420,4,0
3,0,0,1,27,28,12980,1477,0,0,0,0,0,229694,4,0
0,0,0,0,2,28,12981,1477,0,0,0,0,0,251019,3,0
0,0,0,0,15,28,12982,1477,0,0,0,0,0,212018,3,0
0,0,0,0,1,28,12983,1477,0,0,0,0,0,252662,3,0
1,0,0,1,17,28,12984,1477,0,0,0,0,0,227788,3,0
0,0,0,0,25,28,12985,1477,0,0,0,0,0,176346,3,0
0,0,0,0,26,28,12986,1477,0,0,0,0,0,200588,3,0
0,0,0,0,22,28,12987,1477,0,0,0,0,0,222798,3,0
1,0,0,1,98,28,12988,1477,0,0,0,0,0,257386,3,0
0,0,0,0,7,28,12989,1477,0,0,0,0,0,202994,3,0
1,0,0,1,14,28,12990,1477,0,0,0,0,0,242826,3,0
0,0,0,0,80,29,12991,1477,0,0,0,0,0,264582,3,0
0,0,0,0,18,29,12992,1477,0,0,0,0,0,266319,3,0
0,0,0,0,96,29,12993,1477,0,0,0,0,0,71328,3,0
0,0,0,0,30,29,12994,1477,0,0,0,0,0,71254,3,0
0,0,0,0,77,29,12995,1477,0,0,0,0,0,211927,3,0
0,0,0,0,38,29,12996,1477,0,0,0,0,0,278200,3,0
0,0,0,0,70,29,12997,1477,0,0,0,0,0,71327,3,0
0,0,0,0,29,29,12998,1477,0,0,0,0,0,261056,3,0
0,0,0,0,21,29,12999,1477,0,0,0,0,0,266321,3,0
0,0,0,0,37,29,13000,1477,0,0,0,0,0,266316,3,0
0,0,0,0,34,29,13001,1477,0,0,0,0,0,266269,3,0
0,0,0,0,88,29,13002,1477,0,0,0,0,0,267752,3,0
0,0,0,0,47,29,13003,1477,0,0,0,0,0,266322,3,0
0,0,0,0,35,29,13004,1477,0,0,0,0,0,266318,3,0
0,0,0,0,40,29,13005,1477,0,0,0,0,0,266320,3,0
0,0,0,0,1,0,13006,1478,0,0,0,0,0,232065,2,0
2,0,0,1,16,3,13007,1478,0,0,0,0,0,247667,2,0
0,0,0,0,4,4,13008,1478,0,0,0,0,0,234749,2,0
0,0,0,0,26,6,13009,1478,0,0,0,0,0,212439,3,0
0,0,0,0,13,7,13010,1478,0,0,0,0,0,211635,3,0
0,0,0,0,24,12,13011,1478,0,0,0,0,0,267947,3,0
0,0,0,0,6,13,13012,1478,0,0,0,0,0,244852,2,0
2,0,0,1,5,15,13013,1478,0,0,0,0,0,70419,3,0
1,0,0,0,22,16,13014,1478,0,0,0,0,0,232865,2,0
0,0,0,0,14,24,13015,1478,0,0,0,0,0,251580,2,0
3,0,0,1,9,26,13016,1478,0,0,0,0,0,238763,2,0
0,0,0,0,10,28,13017,1478,0,0,0,0,0,211786,2,0
0,0,0,0,30,28,13018,1478,0,0,0,0,0,205156,3,0
0,0,0,0,19,28,13019,1478,0,0,0,0,0,252278,3,0
0,0,0,0,8,28,13020,1478,0,0,0,0,0,231912,3,0
0,0,0,0,41,28,13021,1478,0,0,0,0,0,191685,3,0
2,0,0,1,18,28,13022,1478,0,0,0,0,0,210726,3,0
0,0,0,0,23,28,13023,1478,0,0,0,0,0,205278,2,0
0,0,0,0,32,28,13024,1478,0,0,0,0,0,221859,3,0
0,0,0,0,20,28,13025,1478,0,0,0,0,0,234186,3,0
0,0,0,0,27,28,13026,1478,0,0,0,0,0,273809,3,0
0,0,0,0,38,28,13027,1478,0,0,0,0,0,273811,3,0
0,0,0,0,15,28,13028,1478,0,0,0,0,0,233284,3,0
0,0,0,0,11,29,13029,1478,0,0,0,0,0,70417,2,0
0,0,0,0,7,29,13030,1478,0,0,0,0,0,182152,3,0
0,0,0,0,21,29,13031,1478,0,0,0,0,0,255919,3,0
0,0,0,0,33,29,13032,1478,0,0,0,0,0,273810,2,0
0,0,0,0,29,29,13033,1478,0,0,0,0,0,263372,3,0
0,0,0,0,34,29,13034,1478,0,0,0,0,0,71391,3,0
0,0,0,0,28,29,13035,1478,0,0,0,0,0,71392,3,0
0,0,0,0,17,29,13036,1478,0,0,0,0,0,260792,3,0
0,0,0,0,40,29,13037,1478,0,0,0,0,0,267946,3,0
2,0,0,1,37,29,13038,1478,0,0,0,0,0,71460,3,0
0,0,0,0,39,29,13039,1478,0,0,0,0,0,71461,3,0
0,0,0,0,25,29,13040,1478,0,0,0,0,0,71458,3,0
0,0,0,0,35,29,13041,1478,0,0,0,0,0,71459,3,0
0,0,0,0,31,0,13042,2055,0,0,0,0,0,221912,3,0
0,0,0,0,8,3,13043,2055,0,0,0,0,0,237965,3,0
0,0,0,0,25,4,13044,2055,0,0,0,0,0,263845,3,0
0,0,0,0,15,6,13045,2055,0,0,0,0,0,260474,4,0
0,0,0,0,88,7,13046,2055,0,0,0,0,0,238394,3,0
5,0,0,1,3,23,13047,2055,0,0,0,0,0,237091,4,0
0,0,0,0,5,13,13048,2055,0,0,0,0,0,245981,3,0
7,1,0,1,34,14,13049,2055,0,0,0,0,0,245054,3,0
1,0,0,0,11,15,13050,2055,0,0,0,0,0,254814,3,0
2,0,0,1,22,27,13051,2055,0,0,0,0,0,233018,2,0
1,0,0,0,18,25,13052,2055,0,0,0,0,0,228534,3,0
0,0,0,0,16,28,13053,2055,0,0,0,0,0,255500,2,0
0,0,0,0,24,28,13054,2055,0,0,0,0,0,246345,3,0
0,0,0,0,23,28,13055,2055,0,0,0,0,0,243824,3,0
0,0,0,0,10,28,13056,2055,0,0,0,0,0,242082,3,0
0,0,0,0,17,28,13057,2055,0,0,0,0,0,266323,4,0
0,0,0,0,2,28,13058,2055,0,0,0,0,0,254914,3,0
1,0,0,0,40,28,13059,2055,0,0,0,0,0,261490,3,0
1,0,0,0,14,28,13060,2055,0,0,0,0,0,254934,4,0
0,0,0,0,9,28,13061,2055,0,0,0,0,0,238574,3,0
0,0,0,0,20,28,13062,2055,0,0,0,0,0,250896,3,0
1,0,0,0,77,28,13063,2055,0,0,0,0,0,243672,4,0
0,0,0,0,28,28,13064,2055,0,0,0,0,0,256791,3,0
1,0,0,0,26,29,13065,2055,0,0,0,0,0,255160,3,0
2,0,0,1,32,29,13066,2055,0,0,0,0,0,233011,3,0
0,0,0,0,4,29,13067,2055,0,0,0,0,0,227659,3,0
1,0,0,0,37,29,13068,2055,0,0,0,0,0,243061,3,0
0,0,0,0,43,29,13069,2055,0,0,0,0,0,243175,3,0
1,0,0,0,36,29,13070,2055,0,0,0,0,0,256252,3,0
0,0,0,0,21,29,13071,2055,0,0,0,0,0,252659,3,0
0,0,0,0,30,29,13072,2055,0,0,0,0,0,255162,3,0
0,0,0,0,27,29,13073,2055,0,0,0,0,0,238173,3,0
0,0,0,0,42,29,13074,2055,0,0,0,0,0,247574,3,0
0,0,0,0,33,29,13075,2055,0,0,0,0,0,255035,3,0
0,0,0,0,38,29,13076,2055,0,0,0,0,0,255297,3,0
0,0,0,0,55,29,13077,2055,0,0,0,0,0,261123,3,0
0,0,0,0,39,29,13078,2055,0,0,0,0,0,252349,3,0
0,0,0,0,44,29,13079,2055,0,0,0,0,0,233185,3,0
0,0,0,0,21,0,13080,2056,0,0,0,0,0,228130,3,0
0,0,0,0,22,3,13081,2056,0,0,0,0,0,246043,4,0
0,0,0,0,2,4,13082,2056,0,0,0,0,0,266789,3,0
0,0,0,0,7,5,13083,2056,0,0,0,0,0,228464,3,0
0,0,0,0,6,6,13084,2056,0,0,0,0,0,240186,3,0
1,0,0,1,33,7,13085,2056,0,0,0,0,0,199236,3,0
0,0,0,0,10,23,13086,2056,0,0,0,0,0,242924,3,0
3,0,0,1,5,13,13087,2056,0,0,0,0,0,232603,3,0
0,0,0,0,13,15,13088,2056,0,0,0,0,0,263787,4,0
0,0,0,0,99,27,13089,2056,0,0,0,0,0,272870,3,0
1,0,0,1,11,25,13090,2056,0,0,0,0,0,225733,5,0
1,0,0,1,9,28,13091,2056,0,0,0,0,0,179947,3,0
0,0,0,0,74,28,13092,2056,0,0,0,0,0,191871,3,0
0,0,0,0,14,28,13093,2056,0,0,0,0,0,274409,3,0
0,0,0,0,15,28,13094,2056,0,0,0,0,0,266788,3,0
0,0,0,0,1,28,13095,2056,0,0,0,0,0,245074,4,0
2,0,0,1,30,28,13096,2056,0,0,0,0,0,270319,4,0
0,0,0,0,19,28,13097,2056,0,0,0,0,0,272843,3,0
0,0,0,0,51,28,13098,2056,0,0,0,0,0,266785,3,0
0,0,0,0,39,28,13099,2056,0,0,0,0,0,70632,3,0
0,0,0,0,3,28,13100,2056,0,0,0,0,0,261065,3,0
0,0,0,0,31,28,13101,2056,0,0,0,0,0,274411,3,0
0,0,0,0,42,28,13102,2056,0,0,0,0,0,274413,3,0
0,0,0,0,35,29,13103,2056,0,0,0,0,0,274412,3,0
0,0,0,0,16,29,13104,2056,0,0,0,0,0,266786,3,0
0,0,0,0,38,29,13105,2056,0,0,0,0,0,270318,3,0
0,0,0,0,28,29,13106,2056,0,0,0,0,0,260795,3,0
0,0,0,0,37,29,13107,2056,0,0,0,0,0,274426,3,0
1,0,0,1,29,29,13108,2056,0,0,0,0,0,266790,3,0
0,0,0,0,44,29,13109,2056,0,0,0,0,0,266394,3,0
0,0,0,0,41,29,13110,2056,0,0,0,0,0,70629,3,0
0,0,0,0,43,29,13111,2056,0,0,0,0,0,70642,3,0
0,0,0,0,27,29,13112,2056,0,0,0,0,0,70637,3,0
0,0,0,0,46,29,13113,2056,0,0,0,0,0,70643,3,0
0,0,0,0,25,29,13114,2056,0,0,0,0,0,70633,3,0
2,0,0,1,18,29,13115,2056,0,0,0,0,0,70634,4,0
0,0,0,0,40,29,13116,2056,0,0,0,0,0,70636,3,0
0,0,0,0,48,29,13117,2056,0,0,0,0,0,70639,3,0
0,0,0,0,25,0,13118,110765,0,0,0,0,0,204725,2,0
0,0,0,0,37,3,13119,110765,0,0,0,0,0,256685,3,0
0,0,0,0,3,4,13120,110765,0,0,0,0,0,238250,2,0
0,0,0,0,82,5,13121,110765,0,0,0,0,0,228124,2,0
0,0,0,0,4,6,13122,110765,0,0,0,0,0,207753,3,0
0,0,0,0,23,7,13123,110765,0,0,0,0,0,233281,2,0
2,0,0,1,77,23,13124,110765,0,0,0,0,0,273797,2,0
0,0,0,0,5,13,13125,110765,0,0,0,0,0,208636,3,0
0,0,0,0,40,15,13126,110765,0,0,0,0,0,187858,3,0
3,0,0,1,11,27,13127,110765,0,0,0,0,0,209449,1,0
7,1,0,1,9,25,13128,110765,0,0,0,0,0,223994,4,0
1,0,0,1,7,28,13129,110765,0,0,0,0,0,221643,2,0
0,0,0,0,6,28,13130,110765,0,0,0,0,0,238242,2,0
1,0,0,1,20,28,13131,110765,0,0,0,0,0,241970,2,0
0,0,0,0,28,28,13132,110765,0,0,0,0,0,266496,3,0
0,0,0,0,1,28,13133,110765,0,0,0,0,0,269029,3,0
0,0,0,0,18,28,13134,110765,0,0,0,0,0,246930,3,0
0,0,0,0,8,28,13135,110765,0,0,0,0,0,202986,3,0
0,0,0,0,55,28,13136,110765,0,0,0,0,0,233410,3,0
0,0,0,0,2,28,13137,110765,0,0,0,0,0,272772,2,0
0,0,0,0,27,28,13138,110765,0,0,0,0,0,237027,2,0
0,0,0,0,17,28,13139,110765,0,0,0,0,0,202949,3,0
0,0,0,0,24,28,13140,110765,0,0,0,0,0,260494,3,0
0,0,0,0,29,29,13141,110765,0,0,0,0,0,255322,3,0
1,0,0,1,47,29,13142,110765,0,0,0,0,0,238351,2,0
0,0,0,0,19,29,13143,110765,0,0,0,0,0,233581,3,0
0,0,0,0,22,29,13144,110765,0,0,0,0,0,228480,3,0
0,0,0,0,26,29,13145,110765,0,0,0,0,0,266495,3,0
0,0,0,0,88,29,13146,110765,0,0,0,0,0,255323,3,0
0,0,0,0,15,29,13147,110765,0,0,0,0,0,273799,3,0
0,0,0,0,31,29,13148,110765,0,0,0,0,0,70649,3,0
0,0,0,0,33,29,13149,110765,0,0,0,0,0,273796,3,0
0,0,0,0,34,29,13150,110765,0,0,0,0,0,273801,3,0
0,0,0,0,32,29,13151,110765,0,0,0,0,0,70646,3,0
0,0,0,0,13,29,13152,110765,0,0,0,0,0,70648,3,0
0,0,0,0,14,29,13153,110765,0,0,0,0,0,273800,4,0
0,0,0,0,30,29,13154,110765,0,0,0,0,0,70644,3,0
0,0,0,0,21,29,13155,110765,0,0,0,0,0,70647,3,0
0,0,0,0,1,0,13156,112115,0,0,0,0,0,251157,2,0
0,0,0,0,88,3,13157,112115,0,0,0,0,0,230921,2,0
1,0,0,0,74,4,13158,112115,0,0,0,0,0,276140,2,0
0,0,0,0,13,6,13159,112115,0,0,0,0,0,261128,2,0
2,0,0,1,20,7,13160,112115,0,0,0,0,0,191980,4,0
3,0,0,1,47,12,13161,112115,0,0,0,0,0,71106,4,0
0,0,0,0,8,13,13162,112115,0,0,0,0,0,211004,3,0
0,0,0,0,18,15,13163,112115,0,0,0,0,0,251579,2,0
0,0,0,0,11,16,13164,112115,0,0,0,0,0,259325,3,0
4,0,0,1,99,24,13165,112115,0,0,0,0,0,270203,5,0
8,1,0,1,22,26,13166,112115,0,0,0,1,0,233568,4,0
0,0,0,0,7,28,13167,112115,0,0,0,0,0,233175,3,0
0,0,0,0,2,28,13168,112115,0,0,0,0,0,222582,1,0
0,0,0,0,3,28,13169,112115,0,0,0,0,0,247689,3,0
0,0,0,0,16,28,13170,112115,0,0,0,0,0,232402,3,0
0,0,0,0,21,28,13171,112115,0,0,0,0,0,212839,3,0
0,0,0,0,10,28,13172,112115,0,0,0,0,0,276516,3,0
0,0,0,0,23,28,13173,112115,0,0,0,0,0,238577,3,0
0,0,0,0,17,28,13174,112115,0,0,0,0,0,232857,2,0
0,0,0,0,14,28,13175,112115,0,0,0,0,0,260395,3,0
0,0,0,0,93,28,13176,112115,0,0,0,0,0,213878,3,0
0,0,0,0,26,28,13177,112115,0,0,0,0,0,255497,3,0
1,0,0,0,6,28,13178,112115,0,0,0,0,0,228487,2,0
0,0,0,0,39,29,13179,112115,0,0,0,0,0,266492,3,0
0,0,0,0,34,29,13180,112115,0,0,0,0,0,261582,3,0
0,0,0,0,25,29,13181,112115,0,0,0,0,0,274034,3,0
1,0,0,0,28,29,13182,112115,0,0,0,0,0,274117,2,0
0,0,0,0,5,29,13183,112115,0,0,0,0,0,274116,3,0
0,0,0,0,43,29,13184,112115,0,0,0,0,0,266483,3,0
0,0,0,0,27,29,13185,112115,0,0,0,0,0,266491,3,0
0,0,0,0,31,29,13186,112115,0,0,0,0,0,274115,3,0
0,0,0,0,97,29,13187,112115,0,0,0,0,0,238089,3,0
0,0,0,0,66,29,13188,112115,0,0,0,0,0,277010,3,0
0,0,0,0,30,29,13189,112115,0,0,0,0,0,71103,2,0
0,0,0,0,32,29,13190,112115,0,0,0,0,0,71104,3,0
0,0,0,0,41,29,13191,112115,0,0,0,0,0,71105,3,0
2,0,0,1,37,29,13192,112115,0,0,0,0,0,255554,2,0
0,0,0,0,77,29,13193,112115,0,0,0,0,0,71190,3,0
0,0,0,0,1,0,13194,112258,0,0,0,0,0,221759,3,0
1,0,0,1,13,3,13195,112258,0,0,0,0,0,243422,4,0
0,0,0,0,6,4,13196,112258,0,0,0,0,0,208073,3,0
1,0,0,1,18,6,13197,112258,0,0,0,0,0,255868,2,0
0,0,0,0,27,7,13198,112258,0,0,0,0,0,269093,3,0
4,0,0,1,11,12,13199,112258,0,0,0,0,0,70418,4,0
0,0,0,0,14,13,13200,112258,0,0,0,0,0,266751,4,0
1,0,0,1,30,15,13201,112258,0,0,0,0,0,221767,3,0
1,0,0,1,7,16,13202,112258,0,0,0,0,0,260492,3,0
3,0,0,1,20,24,13203,112258,0,0,0,0,0,255519,4,0
0,0,0,0,99,26,13204,112258,0,0,0,0,0,263166,3,0
4,0,0,1,10,28,13205,112258,0,0,0,0,0,247748,3,0
0,0,0,0,47,28,13206,112258,0,0,0,0,0,237977,3,0
0,0,0,0,22,28,13207,112258,0,0,0,0,0,237102,1,0
0,0,0,0,23,28,13208,112258,0,0,0,0,0,232216,3,0
0,0,0,0,21,28,13209,112258,0,0,0,0,0,238571,3,0
0,0,0,0,3,28,13210,112258,0,0,0,0,0,233280,3,0
0,0,0,0,4,28,13211,112258,0,0,0,0,0,264070,3,0
0,0,0,0,24,28,13212,112258,0,0,0,0,0,260497,3,0
0,0,0,0,9,28,13213,112258,0,0,0,0,0,269978,2,0
0,0,0,0,40,28,13214,112258,0,0,0,0,0,221831,3,0
0,0,0,0,57,28,13215,112258,0,0,0,0,0,252189,3,0
0,0,0,0,96,28,13216,112258,0,0,0,0,0,71309,3,0
0,0,0,0,33,29,13217,112258,0,0,0,0,0,233017,3,0
0,0,0,0,44,29,13218,112258,0,0,0,0,0,254886,3,0
0,0,0,0,16,29,13219,112258,0,0,0,0,0,274839,3,0
0,0,0,0,19,29,13220,112258,0,0,0,0,0,238579,3,0
0,0,0,0,8,29,13221,112258,0,0,0,0,0,213172,3,0
0,0,0,0,77,29,13222,112258,0,0,0,0,0,252644,3,0
0,0,0,0,55,29,13223,112258,0,0,0,0,0,243064,4,0
2,0,0,1,88,29,13224,112258,0,0,0,0,0,71359,3,0
0,0,0,0,41,29,13225,112258,0,0,0,0,0,278309,3,0
0,0,0,0,17,29,13226,112258,0,0,0,0,0,252809,4,0
1,0,0,1,15,29,13227,112258,0,0,0,0,0,259843,4,0
0,0,0,0,2,29,13228,112258,0,0,0,0,0,274694,3,0
0,0,0,0,29,29,13229,112258,0,0,0,0,0,237999,3,0
0,0,0,0,5,29,13230,112258,0,0,0,0,0,247845,3,0
0,0,0,0,28,29,13231,112258,0,0,0,0,0,71358,3,0
0,0,0,0,13,0,13232,112558,0,0,0,0,0,237778,2,0
1,0,0,1,88,3,13233,112558,0,0,0,0,0,200577,4,0
0,0,0,0,21,4,13234,112558,0,0,0,0,0,212778,4,0
1,0,0,1,15,6,13235,112558,0,0,0,0,0,243528,3,0
0,0,0,0,3,7,13236,112558,0,0,0,0,0,268342,4,0
0,0,0,0,14,9,13237,112558,0,0,0,0,0,200601,4,0
1,0,0,1,7,11,13238,112558,0,0,0,0,0,234264,3,0
0,0,0,0,22,12,13239,112558,0,0,0,0,0,221756,3,0
0,0,0,0,70,16,13240,112558,0,0,0,0,0,254225,5,0
6,1,0,1,11,18,13241,112558,0,0,0,0,0,232000,5,0
1,0,0,1,10,25,13242,112558,0,0,0,0,0,199266,4,0
0,0,0,0,9,28,13243,112558,0,0,0,0,0,244447,2,0
0,0,0,0,18,28,13244,112558,0,0,0,0,0,248486,3,0
0,0,0,0,2,28,13245,112558,0,0,0,0,0,212065,3,0
0,0,0,0,6,28,13246,112558,0,0,0,0,0,232831,4,0
0,0,0,0,17,28,13247,112558,0,0,0,0,0,221700,3,0
0,0,0,0,8,28,13248,112558,0,0,0,0,0,70423,3,0
1,0,0,1,5,28,13249,112558,0,0,0,0,0,228210,3,0
0,0,0,0,1,28,13250,112558,0,0,0,0,0,213283,3,0
2,0,0,1,19,28,13251,112558,0,0,0,0,0,274282,3,0
1,0,0,1,16,28,13252,112558,0,0,0,0,0,247844,3,0
0,0,0,0,29,28,13253,112558,0,0,0,0,0,279851,3,0
0,0,0,0,40,28,13254,112558,0,0,0,0,0,278595,3,0
0,0,0,0,23,29,13255,112558,0,0,0,0,0,70421,3,0
0,0,0,0,30,29,13256,112558,0,0,0,0,0,274422,3,0
0,0,0,0,24,29,13257,112558,0,0,0,0,0,252051,3,0
0,0,0,0,28,29,13258,112558,0,0,0,0,0,279850,3,0
0,0,0,0,27,29,13259,112558,0,0,0,0,0,277535,3,0
0,0,0,0,77,29,13260,112558,0,0,0,0,0,268895,3,0
0,0,0,0,25,29,13261,112558,0,0,0,0,0,279852,3,0
0,0,0,0,32,29,13262,112558,0,0,0,0,0,277536,3,0
0,0,0,0,20,29,13263,112558,0,0,0,0,0,207836,3,0
0,0,0,0,31,29,13264,112558,0,0,0,0,0,71192,3,0
0,0,0,0,37,29,13265,112558,0,0,0,0,0,71194,3,0
0,0,0,0,44,29,13266,112558,0,0,0,0,0,71200,3,0
0,0,0,0,38,29,13267,112558,0,0,0,0,0,71195,3,0
0,0,0,0,39,29,13268,112558,0,0,0,0,0,71196,3,0
0,0,0,0,41,29,13269,112558,0,0,0,0,0,71197,3,0
0,0,0,0,71,0,13270,322,0,0,0,0,0,270038,3,0
0,0,0,0,2,3,13271,322,0,0,0,0,0,250805,3,0
0,0,0,0,5,4,13272,322,0,0,0,0,0,259459,3,0
0,0,0,0,15,6,13273,322,0,0,0,0,0,247264,3,0
0,0,0,0,73,7,13274,322,0,0,0,0,0,263856,3,0
0,0,0,0,6,9,13275,322,0,0,0,0,0,199282,3,0
7,0,0,1,7,11,13276,322,0,0,0,0,0,229753,3,0
4,0,0,1,21,12,13277,322,0,0,0,0,0,212830,3,0
1,0,0,0,27,16,13278,322,0,0,0,0,0,231014,3,0
3,0,0,0,8,18,13279,322,0,0,0,0,0,240544,3,0
4,0,0,1,99,25,13280,322,0,0,0,0,0,276212,3,0
0,0,0,0,70,28,13281,322,0,0,0,0,0,244024,3,0
0,0,0,0,53,28,13282,322,0,0,0,0,0,277540,3,0
0,0,0,0,4,28,13283,322,0,0,0,0,0,255557,3,0
0,0,0,0,54,28,13284,322,0,0,0,0,0,278742,3,0
0,0,0,0,90,28,13285,322,0,0,0,0,0,190061,3,0
2,0,0,0,9,28,13286,322,0,0,0,0,0,251851,3,0
3,0,0,0,77,28,13287,322,0,0,0,0,0,270909,3,0
4,0,0,1,11,28,13288,322,0,0,0,0,2,193344,3,0
0,0,0,0,26,28,13289,322,0,0,0,0,0,264189,3,0
1,0,0,0,14,28,13290,322,0,0,0,0,0,257121,3,0
4,0,0,1,22,28,13291,322,0,0,0,0,0,263969,3,0
0,0,0,0,20,28,13292,322,0,0,0,0,0,239430,3,0
0,0,0,0,23,29,13293,322,0,0,0,0,0,272383,3,0
0,0,0,0,57,29,13294,322,0,0,0,0,0,278739,3,0
0,0,0,0,52,29,13295,322,0,0,0,0,0,279669,3,0
0,0,0,0,29,29,13296,322,0,0,0,0,0,210502,3,0
0,0,0,0,40,29,13297,322,0,0,0,0,0,263970,3,0
0,0,0,0,56,29,13298,322,0,0,0,0,0,279668,3,0
0,0,0,0,55,29,13299,322,0,0,0,0,0,277018,3,0
0,0,0,0,24,29,13300,322,0,0,0,0,0,230691,3,0
0,0,0,0,19,29,13301,322,0,0,0,0,0,270999,3,0
0,0,0,0,10,29,13302,322,0,0,0,0,0,242980,3,0
0,0,0,0,1,0,13303,324,0,0,0,0,0,189021,3,0
0,0,0,0,3,3,13304,324,0,0,0,0,0,258880,3,0
2,0,0,0,4,4,13305,324,0,0,0,0,1,224821,3,0
1,0,0,0,19,6,13306,324,0,0,0,0,0,237181,3,0
0,0,0,0,18,7,13307,324,0,0,0,0,0,234138,3,0
4,0,0,1,9,12,13308,324,1,0,0,0,1,206254,3,0
3,0,0,0,8,13,13309,324,0,0,0,0,0,244399,3,0
1,0,0,0,5,15,13310,324,0,0,0,0,0,245017,3,0
4,0,0,1,17,16,13311,324,0,0,0,0,0,233917,3,0
3,0,0,0,7,24,13312,324,0,0,0,0,0,232479,3,0
7,0,0,1,27,26,13313,324,0,0,0,0,0,221740,3,0
0,0,0,0,31,28,13314,324,0,0,0,0,0,276670,3,0
0,0,0,0,30,28,13315,324,0,0,0,0,0,270849,3,0
0,0,0,0,25,28,13316,324,0,0,0,0,0,235565,3,0
5,0,0,1,77,28,13317,324,0,0,0,0,0,263233,3,0
0,0,0,0,32,28,13318,324,0,0,0,0,0,206307,3,0
6,0,0,1,21,28,13319,324,0,0,0,0,0,245218,3,0
4,0,0,1,10,28,13320,324,0,0,0,0,0,250764,3,0
0,0,0,0,6,28,13321,324,0,0,0,0,0,274439,3,0
0,0,0,0,11,28,13322,324,0,0,0,0,0,278797,3,0
0,0,0,0,20,28,13323,324,0,0,0,0,0,271650,3,0
0,0,0,0,28,28,13324,324,0,0,0,0,0,212939,3,0
0,0,0,0,2,28,13325,324,0,0,0,0,0,258033,3,0
0,0,0,0,22,29,13326,324,0,0,0,0,0,276666,3,0
0,0,0,0,12,29,13327,324,0,0,0,0,0,271649,3,0
0,0,0,0,41,29,13328,324,0,0,0,0,0,271648,3,0
0,0,0,0,43,29,13329,324,0,0,0,0,0,279131,3,0
0,0,0,0,42,29,13330,324,0,0,0,0,0,278818,3,0
0,0,0,0,44,29,13331,324,0,0,0,0,0,276665,3,0
0,0,0,0,68,29,13332,324,0,0,0,0,0,221323,3,0
0,0,0,0,25,0,13333,894,0,0,0,0,0,204842,3,0
3,0,0,1,2,3,13334,894,0,0,0,0,0,243025,3,0
3,0,0,1,24,4,13335,894,0,0,0,0,0,244204,3,0
0,0,0,0,31,6,13336,894,0,0,0,0,0,239853,3,0
1,0,0,0,44,7,13337,894,0,0,0,0,1,253122,3,0
1,0,0,0,17,9,13338,894,0,0,0,0,0,270512,3,0
3,0,0,1,12,11,13339,894,0,0,0,0,0,236288,3,0
1,0,0,0,19,12,13340,894,0,0,0,0,0,256695,3,0
10,1,0,1,11,16,13341,894,0,0,0,0,0,233735,3,0
5,0,0,1,7,18,13342,894,0,0,0,0,0,246168,3,0
10,1,0,1,10,25,13343,894,0,0,0,0,0,231027,3,0
2,0,0,0,23,28,13344,894,0,0,0,0,0,240532,3,0
1,0,0,0,22,28,13345,894,0,0,0,0,0,253729,3,0
0,0,0,0,5,28,13346,894,0,0,0,0,0,186950,3,0
0,0,0,0,4,28,13347,894,0,0,0,0,0,258907,3,0
0,0,0,0,1,28,13348,894,0,0,0,0,0,257958,3,0
2,0,0,0,18,28,13349,894,0,0,0,0,0,268832,3,0
0,0,0,0,9,28,13350,894,0,0,0,0,0,208017,3,0
1,0,0,0,27,28,13351,894,0,0,0,0,0,263566,3,0
0,0,0,0,14,28,13352,894,0,0,0,0,0,71263,3,0
0,0,0,0,20,28,13353,894,0,0,0,0,0,274096,3,0
0,0,0,0,37,28,13354,894,0,0,0,0,0,263062,3,0
0,0,0,0,3,28,13355,894,0,0,0,0,0,245586,3,0
0,0,0,0,99,29,13356,894,0,0,0,0,0,71151,3,0
0,0,0,0,16,29,13357,894,0,0,0,0,0,190826,3,0
0,0,0,0,28,29,13358,894,0,0,0,0,0,274100,3,0
0,0,0,0,32,29,13359,894,0,0,0,0,0,271878,3,0
0,0,0,0,26,29,13360,894,0,0,0,0,0,271879,3,0
0,0,0,0,33,29,13361,894,0,0,0,0,0,70135,3,0
0,0,0,0,40,29,13362,894,0,0,0,0,0,276640,3,0
0,0,0,0,29,29,13363,894,0,0,0,0,0,276642,3,0
0,0,0,0,1,0,13364,896,0,0,0,0,0,190243,3,0
0,0,0,0,3,3,13365,896,0,0,0,0,0,257005,3,0
3,0,0,1,20,4,13366,896,0,0,0,0,0,183346,3,0
2,0,0,1,25,6,13367,896,0,0,0,0,0,276173,3,0
2,0,0,1,31,7,13368,896,0,0,0,0,0,239016,3,0
1,0,0,0,37,9,13369,896,0,0,0,0,0,276969,3,0
2,0,0,1,40,11,13370,896,0,0,0,0,0,273906,3,0
1,0,0,0,7,12,13371,896,0,0,0,0,0,211903,3,0
5,0,0,1,30,16,13372,896,1,0,0,0,2,266433,3,0
0,0,0,0,19,18,13373,896,0,0,0,0,0,251873,3,0
8,0,0,1,9,25,13374,896,0,0,0,0,3,276295,3,0
0,0,0,0,33,28,13375,896,0,0,0,0,0,269599,3,0
1,0,0,0,4,28,13376,896,0,0,0,0,0,266159,3,0
0,0,0,0,27,28,13377,896,0,0,0,0,0,240099,3,0
0,0,0,0,26,28,13378,896,0,0,0,0,0,268468,3,0
0,0,0,0,13,28,13379,896,0,0,0,0,0,209332,3,0
2,0,0,1,99,28,13380,896,0,0,0,0,0,245124,3,0
2,0,0,1,10,28,13381,896,0,0,0,0,0,225713,3,0
1,0,0,0,11,28,13382,896,0,0,0,0,0,251431,3,0
0,0,0,0,5,28,13383,896,0,0,0,0,0,184501,3,0
3,0,0,1,21,28,13384,896,0,0,0,0,0,277060,3,0
0,0,0,0,29,28,13385,896,0,0,0,0,0,276638,3,0
0,0,0,0,39,28,13386,896,0,0,0,0,0,277270,3,0
0,0,0,0,16,29,13387,896,0,0,0,0,0,270003,3,0
0,0,0,0,2,29,13388,896,0,0,0,0,0,265781,3,0
0,0,0,0,23,29,13389,896,0,0,0,0,0,222352,3,0
1,0,0,0,34,29,13390,896,0,0,0,0,0,199504,3,0
0,0,0,0,22,29,13391,896,0,0,0,0,0,245287,3,0
0,0,0,0,38,29,13392,896,0,0,0,0,0,278730,3,0
0,0,0,0,8,29,13393,896,0,0,0,0,0,275440,3,0
1,0,0,0,35,29,13394,896,0,0,0,0,0,279514,3,0
0,0,0,0,36,29,13395,896,0,0,0,0,0,279513,3,0
0,0,0,0,32,29,13396,896,0,0,0,0,0,276634,3,0
0,0,0,0,42,29,13397,896,0,0,0,0,0,279670,3,0
0,0,0,0,44,29,13398,896,0,0,0,0,0,279672,3,0
1,0,0,0,6,29,13399,896,0,0,0,0,0,242041,3,0
1,0,0,0,17,29,13400,896,0,0,0,0,0,267486,3,0
0,0,0,0,28,29,13401,896,0,0,0,0,0,270847,3,0
0,0,0,0,1,0,13402,897,0,0,0,0,0,262862,3,0
2,0,0,0,2,3,13403,897,0,0,0,0,0,270928,3,0
0,0,0,0,3,4,13404,897,0,0,0,0,0,247042,3,0
1,0,0,0,5,6,13405,897,0,0,0,0,0,209458,3,0
0,0,0,0,13,7,13406,897,0,0,0,0,0,231077,3,0
5,0,0,1,6,10,13407,897,0,0,0,0,0,257186,3,0
4,0,0,1,20,13,13408,897,0,0,0,0,0,231039,3,0
0,0,0,0,18,15,13409,897,0,0,0,0,0,252967,3,0
5,0,0,1,7,18,13410,897,0,0,0,0,0,212150,3,0
3,0,0,0,17,24,13411,897,0,0,0,0,0,268273,3,0
2,0,0,0,11,26,13412,897,0,0,0,0,0,240503,3,0
0,0,0,0,32,28,13413,897,0,0,0,0,0,225117,3,0
4,0,0,1,16,28,13414,897,0,0,0,0,2,270632,3,0
4,0,0,1,69,28,13415,897,0,0,0,0,0,254965,3,0
0,0,0,0,4,28,13416,897,0,0,0,0,0,266685,3,0
0,0,0,0,90,28,13417,897,0,0,0,0,0,223968,3,0
3,0,0,0,9,28,13418,897,1,0,0,0,1,239432,3,0
0,0,0,0,10,28,13419,897,0,0,0,0,0,269947,3,0
0,0,0,0,22,28,13420,897,0,0,0,0,0,239974,3,0
6,0,0,1,27,28,13421,897,0,0,0,0,0,275090,3,0
0,0,0,0,41,28,13422,897,0,0,0,0,0,263985,3,0
0,0,0,0,33,28,13423,897,0,0,0,0,0,269793,3,0
0,0,0,0,44,28,13424,897,0,0,0,0,0,276647,3,0
0,0,0,0,14,29,13425,897,0,0,0,0,0,275210,3,0
0,0,0,0,30,29,13426,897,0,0,0,0,0,271638,3,0
0,0,0,0,8,29,13427,897,0,0,0,0,0,244400,3,0
0,0,0,0,71,29,13428,897,0,0,0,0,0,279241,3,0
0,0,0,0,25,29,13429,897,0,0,0,0,0,279517,3,0
0,0,0,0,29,29,13430,897,0,0,0,0,0,279599,3,0
0,0,0,0,99,29,13431,897,0,0,0,0,0,234688,3,0
0,0,0,0,12,29,13432,897,0,0,0,0,0,259025,3,0
0,0,0,0,23,29,13433,897,0,0,0,0,0,275442,3,0
0,0,0,0,26,29,13434,897,0,0,0,0,0,278735,3,0
0,0,0,0,1,0,13435,898,0,0,0,0,0,229956,3,0
2,0,0,0,46,3,13436,898,0,0,0,0,1,271573,3,0
4,0,0,1,20,4,13437,898,0,0,0,0,0,243661,3,0
0,0,0,0,4,6,13438,898,0,0,0,0,0,244490,3,0
2,0,0,0,33,7,13439,898,0,0,0,0,0,256776,3,0
2,0,0,0,8,13,13440,898,0,0,0,0,0,210619,3,0
3,0,0,1,37,14,13441,898,0,0,0,0,1,263745,3,0
2,0,0,0,16,15,13442,898,0,0,0,0,1,228645,3,0
1,0,0,0,30,18,13443,898,0,0,0,0,1,247188,3,0
12,1,0,1,10,24,13444,898,0,0,0,0,1,222825,3,0
8,0,0,1,9,26,13445,898,1,0,0,0,1,241266,3,0
3,0,0,1,7,28,13446,898,0,0,0,0,0,229816,3,0
2,0,0,0,24,28,13447,898,0,0,0,0,1,240241,3,0
0,0,0,0,15,28,13448,898,0,0,0,0,0,276170,3,0
0,0,0,0,6,28,13449,898,0,0,0,0,0,263746,3,0
0,0,0,0,25,28,13450,898,0,0,0,0,0,239746,3,0
1,0,0,0,11,28,13451,898,0,0,0,0,0,244592,3,0
0,0,0,0,36,28,13452,898,0,0,0,0,0,245428,3,0
4,0,0,1,64,28,13453,898,0,0,0,0,1,258043,3,0
0,0,0,0,35,28,13454,898,0,0,0,0,0,270035,3,0
2,0,0,0,90,28,13455,898,0,0,0,0,0,276304,3,0
0,0,0,0,13,28,13456,898,0,0,0,0,0,212140,3,0
1,0,0,0,23,28,13457,898,0,0,0,0,0,252030,3,0
0,0,0,0,62,29,13458,898,0,0,0,0,0,70978,3,0
1,0,0,0,19,29,13459,898,0,0,0,0,0,259402,3,0
1,0,0,0,61,29,13460,898,0,0,0,0,0,277604,3,0
0,0,0,0,18,29,13461,898,0,0,0,0,0,247519,3,0
0,0,0,0,3,29,13462,898,0,0,0,0,0,247359,3,0
0,0,0,0,66,29,13463,898,0,0,0,0,0,70979,3,0
0,0,0,0,65,29,13464,898,0,0,0,0,0,70980,3,0
0,0,0,0,63,29,13465,898,0,0,0,0,0,70500,3,0
0,0,0,0,31,29,13466,898,0,0,0,0,0,255313,3,0
0,0,0,0,5,29,13467,898,0,0,0,0,0,274101,3,0
0,0,0,0,26,0,13468,900,0,0,0,0,0,219244,3,0
0,0,0,0,27,3,13469,900,0,0,0,0,0,267485,3,0
0,0,0,0,13,4,13470,900,0,0,0,0,0,244401,3,0
0,0,0,0,4,6,13471,900,0,0,0,0,0,270846,3,0
1,0,0,0,3,7,13472,900,0,0,0,0,0,258230,3,0
1,0,0,0,30,10,13473,900,0,0,0,0,0,229900,3,0
3,0,0,0,39,13,13474,900,0,0,0,0,0,252526,3,0
12,1,0,1,77,15,13475,900,1,0,0,0,3,258924,3,0
4,0,0,1,7,18,13476,900,0,0,0,0,0,236657,3,0
8,0,0,1,15,24,13477,900,0,0,0,0,1,251532,3,0
7,0,0,1,9,26,13478,900,0,0,0,0,0,233139,3,0
3,0,0,0,11,28,13479,900,0,0,0,0,0,254692,3,0
2,0,0,0,8,28,13480,900,1,0,0,0,1,260501,3,0
2,0,0,0,23,28,13481,900,0,0,0,0,0,193468,3,0
0,0,0,0,17,28,13482,900,0,0,0,0,0,220172,3,0
0,0,0,0,1,28,13483,900,0,0,0,0,0,243573,3,0
0,0,0,0,20,28,13484,900,0,0,0,0,0,248661,3,0
1,0,0,0,28,28,13485,900,0,0,0,0,0,177019,3,0
7,0,0,1,35,28,13486,900,0,0,0,0,2,235513,3,0
0,0,0,0,19,28,13487,900,0,0,0,0,0,262216,3,0
0,0,0,0,5,28,13488,900,0,0,0,0,0,263652,3,0
2,0,0,0,32,28,13489,900,0,0,0,0,1,264010,3,0
0,0,0,0,70,28,13490,900,0,0,0,0,0,70279,3,0
0,0,0,0,74,29,13491,900,0,0,0,0,0,70280,3,0
0,0,0,0,40,29,13492,900,0,0,0,0,0,228998,3,0
0,0,0,0,10,29,13493,900,0,0,0,0,0,250766,3,0
0,0,0,0,47,29,13494,900,0,0,0,0,0,276676,3,0
0,0,0,0,73,29,13495,900,0,0,0,0,0,70278,3,0
0,0,0,0,75,29,13496,900,0,0,0,0,0,71636,3,0
0,0,0,0,40,0,13497,1704,0,0,0,0,0,223898,3,0
2,0,0,0,32,3,13498,1704,0,0,0,0,0,189120,3,0
1,0,0,0,2,4,13499,1704,0,0,0,0,0,256021,3,0
0,0,0,0,23,5,13500,1704,0,0,0,0,0,190178,3,0
0,0,0,0,4,6,13501,1704,0,0,0,0,0,211067,3,0
1,0,0,0,6,7,13502,1704,0,0,0,0,0,244442,3,0
6,0,0,1,5,10,13503,1704,0,0,0,0,1,250765,3,0
0,0,0,0,13,13,13504,1704,0,0,0,0,0,265799,3,0
3,0,0,1,28,15,13505,1704,1,0,0,0,2,245319,3,0
7,0,0,1,81,24,13506,1704,1,0,0,0,1,277611,3,0
10,1,0,1,11,26,13507,1704,1,0,0,0,2,252386,3,0
2,0,0,0,88,28,13508,1704,0,0,0,0,0,256047,3,0
1,0,0,0,9,28,13509,1704,0,0,0,0,0,251341,3,0
0,0,0,0,44,28,13510,1704,0,0,0,0,0,70288,3,0
0,0,0,0,25,28,13511,1704,0,0,0,0,0,256449,3,0
0,0,0,0,22,28,13512,1704,0,0,0,0,0,220588,3,0
6,0,0,1,27,28,13513,1704,0,0,0,0,0,251604,3,0
0,0,0,0,7,28,13514,1704,0,0,0,0,0,259189,3,0
0,0,0,0,10,28,13515,1704,0,0,0,0,0,277024,3,0
1,0,0,0,97,28,13516,1704,0,0,0,0,0,276871,3,0
1,0,0,0,17,28,13517,1704,0,0,0,0,1,253736,3,0
0,0,0,0,18,28,13518,1704,0,0,0,0,0,275712,3,0
0,0,0,0,71,28,13519,1704,0,0,0,0,0,254259,3,0
0,0,0,0,3,29,13520,1704,0,0,0,0,0,272876,3,0
2,0,0,0,70,29,13521,1704,0,0,0,0,0,275714,3,0
0,0,0,0,15,29,13522,1704,0,0,0,0,0,276678,3,0
0,0,0,0,19,29,13523,1704,0,0,0,0,0,254554,3,0
0,0,0,0,21,29,13524,1704,0,0,0,0,0,275717,3,0
0,0,0,0,99,29,13525,1704,0,0,0,0,0,275715,3,0
0,0,0,0,42,29,13526,1704,0,0,0,0,0,235906,3,0
0,0,0,0,45,29,13527,1704,0,0,0,0,0,241093,3,0
0,0,0,0,8,29,13528,1704,0,0,0,0,0,216454,3,0
0,0,0,0,26,29,13529,1704,0,0,0,0,0,238544,3,0
0,0,0,0,14,29,13530,1704,0,0,0,0,0,275709,3,0
0,0,0,0,33,0,13531,1713,0,0,0,0,0,256726,3,0
0,0,0,0,24,3,13532,1713,0,0,0,0,0,235815,3,0
1,0,0,0,16,4,13533,1713,0,0,0,0,0,228874,3,0
0,0,0,0,23,6,13534,1713,0,0,0,0,0,269564,3,0
0,0,0,0,18,7,13535,1713,0,0,0,0,0,269565,3,0
3,0,0,0,4,9,13536,1713,0,0,0,0,0,243894,3,0
2,0,0,0,77,11,13537,1713,0,0,0,0,0,210538,3,0
3,0,0,0,19,12,13538,1713,0,0,0,0,0,269566,3,0
8,0,0,1,70,16,13539,1713,0,0,0,0,0,269562,3,0
6,0,0,1,10,18,13540,1713,0,0,0,0,0,256980,3,0
0,0,0,0,28,25,13541,1713,0,0,0,0,0,245749,3,0
8,0,0,1,11,28,13542,1713,1,0,0,0,3,230687,3,0
3,0,0,0,29,28,13543,1713,0,0,0,0,0,246848,3,0
6,0,0,1,99,28,13544,1713,0,0,0,0,0,243838,3,0
0,0,0,0,14,28,13545,1713,0,0,0,0,0,243992,3,0
0,0,0,0,30,28,13546,1713,0,0,0,0,0,210476,3,0
4,0,0,1,6,28,13547,1713,0,0,0,0,1,270037,3,0
2,0,0,0,3,28,13548,1713,0,0,0,0,0,242920,3,0
0,0,0,0,25,28,13549,1713,0,0,0,0,0,230064,3,0
0,0,0,0,15,28,13550,1713,0,0,0,0,0,224292,3,0
0,0,0,0,44,28,13551,1713,0,0,0,0,0,223146,3,0
0,0,0,0,22,28,13552,1713,0,0,0,0,0,261164,3,0
0,0,0,0,27,28,13553,1713,0,0,0,0,0,254562,3,0
0,0,0,0,20,29,13554,1713,0,0,0,0,0,259719,3,0
1,0,0,0,21,29,13555,1713,0,0,0,0,0,276172,3,0
0,0,0,0,45,29,13556,1713,0,0,0,0,0,257244,3,0
2,0,0,0,9,29,13557,1713,0,0,0,0,0,206431,3,0
0,0,0,0,40,29,13558,1713,0,0,0,0,0,221926,3,0
0,0,0,0,25,0,13559,1862,0,0,0,0,0,243538,3,0
0,0,0,0,34,3,13560,1862,0,0,0,0,0,275730,3,0
5,0,0,1,6,4,13561,1862,0,0,0,0,0,201841,3,0
0,0,0,0,12,6,13562,1862,0,0,0,0,0,275644,3,0
0,0,0,0,18,7,13563,1862,0,0,0,0,0,231307,3,0
1,0,0,0,11,23,13564,1862,0,0,0,0,1,236944,3,0
0,0,0,0,10,13,13565,1862,0,0,0,0,0,218887,3,0
1,0,0,0,30,14,13566,1862,0,0,0,0,0,271575,3,0
1,0,0,0,24,15,13567,1862,0,0,0,0,0,234795,3,0
3,0,0,0,22,27,13568,1862,0,0,0,0,0,237207,3,0
10,1,0,1,9,25,13569,1862,0,0,0,0,0,259268,3,0
4,0,0,1,80,28,13570,1862,0,0,0,0,0,260272,3,0
0,0,0,0,7,28,13571,1862,0,0,0,0,0,199285,3,0
1,0,0,0,99,28,13572,1862,0,0,0,0,0,243910,3,0
1,0,0,0,13,28,13573,1862,0,0,0,0,0,253182,3,0
0,0,0,0,21,28,13574,1862,0,0,0,0,0,198414,3,0
3,0,0,0,19,28,13575,1862,0,0,0,0,0,262480,3,0
0,0,0,0,8,28,13576,1862,0,0,0,0,0,256874,3,0
4,0,0,1,96,28,13577,1862,0,0,0,0,0,239329,3,0
0,0,0,0,2,28,13578,1862,0,0,0,0,0,177684,3,0
6,0,0,1,29,28,13579,1862,0,0,0,0,0,270328,3,0
1,0,0,0,5,28,13580,1862,0,0,0,0,0,212980,3,0
0,0,0,0,37,28,13581,1862,0,0,0,0,0,236485,3,0
1,0,0,0,20,29,13582,1862,0,0,0,0,0,239425,3,0
0,0,0,0,1,29,13583,1862,0,0,0,0,0,210509,3,0
0,0,0,0,85,29,13584,1862,0,0,0,0,0,71293,3,0
0,0,0,0,86,29,13585,1862,0,0,0,0,0,70503,3,0
0,0,0,0,17,29,13586,1862,0,0,0,0,0,276679,3,0
0,0,0,0,1,0,13587,10032,0,0,0,0,0,247077,3,0
2,0,0,0,6,3,13588,10032,0,0,0,0,1,254211,3,0
3,0,0,0,5,4,13589,10032,0,0,0,0,0,259074,3,0
0,0,0,0,17,6,13590,10032,0,0,0,0,0,243275,3,0
1,0,0,0,26,7,13591,10032,0,0,0,0,0,276658,3,0
1,0,0,0,16,10,13592,10032,1,0,0,0,1,229336,3,0
5,0,0,1,11,23,13593,10032,0,0,0,0,0,210537,3,0
6,0,0,1,25,13,13594,10032,1,0,0,0,1,270913,3,0
3,0,0,0,14,15,13595,10032,0,0,0,0,0,229845,3,0
0,0,0,0,31,27,13596,10032,0,0,0,0,0,246145,3,0
13,1,0,1,9,25,13597,10032,0,0,0,1,1,240317,3,0
1,0,0,0,93,28,13598,10032,0,0,0,0,0,208120,3,0
1,0,0,0,10,28,13599,10032,0,0,0,0,0,176246,3,0
0,0,0,0,18,28,13600,10032,0,0,0,0,0,239003,3,0
2,0,0,0,23,28,13601,10032,0,0,0,0,0,232708,3,0
0,0,0,0,58,28,13602,10032,0,0,0,0,0,256699,3,0
1,0,0,0,27,28,13603,10032,0,0,0,0,0,223967,3,0
4,0,0,0,21,28,13604,10032,0,0,0,0,1,258393,3,0
0,0,0,0,15,28,13605,10032,0,0,0,0,0,276674,3,0
2,0,0,0,4,28,13606,10032,0,0,0,0,0,263740,3,0
1,0,0,0,22,28,13607,10032,0,0,0,0,0,276657,3,0
0,0,0,0,99,28,13608,10032,0,0,0,0,0,70281,3,0
5,0,0,1,29,28,13609,10032,0,0,0,0,0,264705,3,0
0,0,0,0,13,29,13610,10032,0,0,0,0,0,271502,3,0
6,0,0,1,19,29,13611,10032,0,0,0,0,0,276171,3,0
0,0,0,0,41,29,13612,10032,0,0,0,0,0,253716,3,0
0,0,0,0,24,29,13613,10032,0,0,0,0,0,275441,3,0
1,0,0,0,20,29,13614,10032,0,0,0,0,0,259245,3,0
1,0,0,0,7,29,13615,10032,0,0,0,0,0,237317,3,0
0,0,0,0,48,29,13616,10032,0,0,0,0,0,279515,3,0
0,0,0,0,50,29,13617,10032,0,0,0,0,0,279673,3,0
0,0,0,0,36,29,13618,10032,0,0,0,0,0,277619,3,0
0,0,0,0,99,0,13619,110770,0,0,0,0,0,248858,3,0
0,0,0,0,19,3,13620,110770,0,0,0,0,0,199890,3,0
0,0,0,0,97,4,13621,110770,0,0,0,0,0,219803,3,0
0,0,0,0,3,6,13622,110770,0,0,0,0,0,108061,3,0
0,0,0,0,20,7,13623,110770,0,0,0,0,0,244131,3,0
0,0,0,0,88,10,13624,110770,0,0,0,0,0,234687,3,0
0,0,0,0,52,12,13625,110770,0,0,0,0,0,254446,3,0
0,0,0,0,76,13,13626,110770,0,0,0,0,0,245758,3,0
0,0,0,0,8,15,13627,110770,0,0,0,0,0,243898,3,0
0,0,0,0,9,16,13628,110770,0,0,0,0,0,246729,3,0
0,0,0,0,1,25,13629,110770,0,0,0,0,0,190058,3,0
0,0,0,0,5,28,13630,110770,0,0,0,0,0,264423,3,0
0,0,0,0,35,28,13631,110770,0,0,0,0,0,266623,3,0
0,0,0,0,6,28,13632,110770,0,0,0,0,0,272875,3,0
0,0,0,0,17,28,13633,110770,0,0,0,0,0,243860,3,0
0,0,0,0,12,28,13634,110770,0,0,0,0,0,263742,3,0
0,0,0,0,33,28,13635,110770,0,0,0,0,0,229260,3,0
0,0,0,0,4,28,13636,110770,0,0,0,0,0,275027,3,0
0,0,0,0,2,28,13637,110770,0,0,0,0,0,258412,3,0
0,0,0,0,39,28,13638,110770,0,0,0,0,0,264069,3,0
0,0,0,0,90,28,13639,110770,0,0,0,0,0,198067,3,0
0,0,0,0,71,28,13640,110770,0,0,0,0,0,271133,3,0
0,0,0,0,29,28,13641,110770,0,0,0,0,0,270986,3,0
0,0,0,0,27,29,13642,110770,0,0,0,0,0,270985,3,0
0,0,0,0,7,29,13643,110770,0,0,0,0,0,232500,3,0
0,0,0,0,1,0,13644,234,0,0,0,0,0,250753,4,0
2,0,0,0,6,3,13645,234,0,0,0,0,0,245235,3,0
2,0,0,0,4,4,13646,234,0,0,0,0,0,270086,3,0
2,0,0,0,30,6,13647,234,0,0,0,0,0,192366,4,0
2,0,0,0,8,7,13648,234,0,0,0,0,0,231913,5,0
9,0,0,1,11,12,13649,234,0,0,0,0,1,183898,5,0
3,0,0,0,87,13,13650,234,0,0,0,0,0,272834,4,0
6,0,0,1,10,15,13651,234,0,0,0,0,1,243245,5,0
3,0,0,0,20,16,13652,234,0,0,0,0,0,212814,3,0
14,1,0,1,27,18,13653,234,0,0,0,0,2,216547,5,0
6,0,0,1,9,25,13654,234,0,0,0,0,0,246186,3,0
0,0,0,0,61,28,13655,234,0,0,0,0,0,234569,3,0
2,0,0,0,47,28,13656,234,0,0,0,0,0,268868,3,0
0,0,0,0,5,28,13657,234,0,0,0,0,0,256008,3,0
1,0,0,0,3,28,13658,234,0,0,0,0,0,268889,5,0
0,0,0,0,24,28,13659,234,0,0,0,0,0,270060,3,0
7,0,0,1,36,28,13660,234,0,0,0,0,0,277797,3,0
5,0,0,0,7,28,13661,234,0,0,0,0,0,236632,3,0
1,0,0,0,44,28,13662,234,0,0,0,0,0,266096,3,0
4,0,0,0,19,28,13663,234,0,0,0,0,1,257920,5,0
1,0,0,0,32,28,13664,234,0,0,0,0,0,252114,3,0
0,0,0,0,25,28,13665,234,0,0,0,0,0,269292,3,0
0,0,0,0,76,28,13666,234,0,0,0,0,0,279746,3,0
0,0,0,0,14,29,13667,234,0,0,0,0,0,205069,3,0
0,0,0,0,75,29,13668,234,0,0,0,0,0,273998,3,0
0,0,0,0,45,29,13669,234,0,0,0,0,0,71641,3,0
0,0,0,0,82,29,13670,234,0,0,0,0,0,71981,3,0
0,0,0,0,84,29,13671,234,0,0,0,0,0,72267,3,0
0,0,0,0,99,0,13672,236,0,0,0,0,0,234577,3,0
2,0,0,0,23,3,13673,236,0,0,0,0,0,257290,3,0
1,0,0,0,3,4,13674,236,0,0,0,0,0,120533,3,0
2,0,0,0,31,6,13675,236,0,0,0,0,0,275070,3,0
4,0,0,1,18,7,13676,236,0,0,0,0,0,216466,3,0
2,0,0,0,22,9,13677,236,0,0,0,0,0,260599,3,0
2,0,0,0,16,11,13678,236,0,0,0,0,0,255069,3,0
5,0,0,1,10,12,13679,236,0,0,0,0,1,261050,5,0
8,0,0,1,13,16,13680,236,0,0,0,0,0,239482,3,0
4,0,0,1,11,18,13681,236,0,0,0,0,0,238896,4,0
13,0,0,1,30,25,13682,236,0,0,0,0,1,256612,3,0
4,0,0,1,29,28,13683,236,0,0,0,0,0,234826,3,0
2,0,0,0,6,28,13684,236,0,0,0,0,0,242380,3,0
1,0,0,0,2,28,13685,236,0,0,0,0,0,213917,3,0
0,0,0,0,52,28,13686,236,0,0,0,0,0,72093,3,0
0,0,0,0,14,28,13687,236,0,0,0,0,0,198513,3,0
6,0,0,1,9,28,13688,236,0,0,0,0,2,241788,5,0
0,0,0,0,8,28,13689,236,0,0,0,0,0,232099,3,0
1,0,0,0,19,28,13690,236,0,0,0,0,0,239631,3,0
0,0,0,0,20,28,13691,236,0,0,0,0,0,262414,3,0
1,0,0,0,12,28,13692,236,0,0,0,0,0,251528,3,0
2,0,0,0,97,28,13693,236,0,0,0,0,1,278668,4,0
0,0,0,0,70,28,13694,236,0,0,0,0,0,266453,3,0
0,0,0,0,28,29,13695,236,0,0,0,0,0,252038,3,0
0,0,0,0,94,29,13696,236,0,0,0,0,0,227819,3,0
0,0,0,0,15,29,13697,236,0,0,0,0,0,233493,3,0
1,0,0,0,17,29,13698,236,0,0,0,0,0,246070,3,0
2,0,0,0,5,29,13699,236,0,0,0,0,0,173521,3,0
0,0,0,0,71,29,13700,236,0,0,0,0,0,265688,3,0
0,0,0,0,87,29,13701,236,0,0,0,0,0,272606,3,0
0,0,0,0,55,29,13702,236,0,0,0,0,0,266461,3,0
0,0,0,0,49,29,13703,236,0,0,0,0,0,72166,3,0
0,0,0,0,12,0,13704,237,0,0,0,0,0,270141,3,0
2,0,0,0,26,4,13705,237,0,0,0,0,0,270531,5,0
4,0,0,0,4,5,13706,237,0,0,0,0,0,197655,4,0
1,0,0,0,25,6,13707,237,0,0,0,0,0,257179,4,0
9,0,0,1,17,23,13708,237,0,0,0,0,1,244778,4,0
5,0,0,1,21,12,13709,237,0,0,0,0,0,266097,3,0
3,0,0,0,42,13,13710,237,0,0,0,0,0,244669,3,0
3,0,0,0,23,15,13711,237,0,0,0,0,0,252143,4,0
4,0,0,0,11,16,13712,237,0,0,0,0,0,227890,5,0
11,0,0,1,8,27,13713,237,0,0,0,0,0,240950,5,0
27,1,0,1,9,25,13714,237,0,0,0,1,1,241651,4,0
2,0,0,0,5,28,13715,237,0,0,0,0,0,242087,3,0
0,0,0,0,2,28,13716,237,0,0,0,0,0,230625,3,0
0,0,0,0,47,28,13717,237,0,0,0,0,0,212213,4,0
1,0,0,0,72,28,13718,237,0,0,0,0,0,252144,3,0
0,0,0,0,51,28,13719,237,0,0,0,0,0,279565,4,0
4,0,0,0,10,28,13720,237,0,0,0,0,0,235619,3,0
14,1,0,1,20,28,13721,237,0,0,0,0,2,216531,5,0
0,0,0,0,1,28,13722,237,0,0,0,0,0,178086,3,0
0,0,0,0,3,28,13723,237,0,0,0,0,0,226853,3,0
0,0,0,0,13,28,13724,237,0,0,0,0,0,204341,3,0
0,0,0,0,22,28,13725,237,0,0,0,0,0,266253,3,0
0,0,0,0,80,28,13726,237,0,0,0,0,0,252025,3,0
0,0,0,0,43,29,13727,237,0,0,0,0,0,277500,3,0
0,0,0,0,45,29,13728,237,0,0,0,0,0,279900,3,0
0,0,0,0,99,29,13729,237,0,0,0,0,0,279703,3,0
0,0,0,0,93,29,13730,237,0,0,0,0,0,72265,3,0
0,0,0,0,33,0,13731,489,0,0,0,0,0,257635,3,0
0,0,0,0,28,3,13732,489,0,0,0,0,0,270205,3,0
1,0,0,0,37,4,13733,489,0,0,0,0,1,213203,3,0
0,0,0,0,3,6,13734,489,0,0,0,0,0,205215,1,0
0,0,0,0,12,7,13735,489,0,0,0,0,0,276495,3,0
4,0,0,1,29,9,13736,489,0,0,0,0,0,240316,3,0
3,0,0,1,14,11,13737,489,0,0,0,0,0,257266,4,0
7,0,0,1,62,12,13738,489,0,0,0,0,0,277663,3,0
2,0,0,0,77,16,13739,489,0,0,0,0,0,199840,3,0
5,0,0,1,27,18,13740,489,0,0,0,0,1,209621,4,0
13,0,0,1,9,25,13741,489,0,0,0,0,1,252830,4,0
1,0,0,0,7,28,13742,489,0,0,0,0,0,243205,3,0
0,0,0,0,5,28,13743,489,0,0,0,0,0,256526,3,0
0,0,0,0,31,28,13744,489,0,0,0,0,0,234935,3,0
2,0,0,0,6,28,13745,489,0,0,0,0,0,269422,3,0
0,0,0,0,22,28,13746,489,0,0,0,0,0,257334,3,0
2,0,0,0,91,28,13747,489,0,0,0,0,0,203757,3,0
1,0,0,0,8,28,13748,489,0,0,0,0,0,242389,4,0
0,0,0,0,1,28,13749,489,0,0,0,0,0,263232,3,0
0,0,0,0,4,28,13750,489,0,0,0,0,0,236505,3,0
1,0,0,0,80,28,13751,489,0,0,0,0,0,218736,3,0
0,0,0,0,10,28,13752,489,0,0,0,0,0,231464,3,0
3,0,0,1,19,28,13753,489,0,0,0,0,0,239922,3,0
0,0,0,0,20,29,13754,489,0,0,0,0,0,216776,3,0
0,0,0,0,2,29,13755,489,0,0,0,0,0,264164,3,0
0,0,0,0,50,29,13756,489,0,0,0,0,0,277661,3,0
0,0,0,0,47,29,13757,489,0,0,0,0,0,71505,3,0
0,0,0,0,30,0,13758,718,0,0,0,0,0,213952,2,0
0,0,0,0,27,3,13759,718,0,0,0,0,0,276412,2,0
1,0,0,0,4,4,13760,718,0,0,0,0,0,275783,3,0
0,0,0,0,13,5,13761,718,0,0,0,0,0,188840,3,0
0,0,0,0,70,6,13762,718,0,0,0,0,0,215496,3,0
0,0,0,0,17,7,13763,718,0,0,0,0,0,243590,3,0
5,0,0,1,8,23,13764,718,0,0,0,0,0,239953,3,0
3,0,0,1,22,13,13765,718,0,0,0,0,0,251447,3,0
1,0,0,0,26,15,13766,718,0,0,0,0,0,269740,2,0
4,0,0,1,10,27,13767,718,0,0,0,0,0,278025,3,0
7,0,0,1,29,25,13768,718,0,0,0,0,0,245240,2,0
1,0,0,0,7,28,13769,718,0,0,0,0,0,276411,3,0
0,0,0,0,21,28,13770,718,0,0,0,0,0,238856,2,0
0,0,0,0,6,28,13771,718,0,0,0,0,0,245399,3,0
0,0,0,0,5,28,13772,718,0,0,0,0,0,200677,2,0
0,0,0,0,1,28,13773,718,0,0,0,0,0,194916,3,0
1,0,0,0,20,28,13774,718,0,0,0,0,0,229683,2,0
1,0,0,0,12,28,13775,718,0,0,0,0,0,245250,2,0
0,0,0,0,31,28,13776,718,0,0,0,0,0,241981,3,0
3,0,0,1,9,28,13777,718,0,0,0,0,0,237641,3,0
0,0,0,0,2,28,13778,718,0,0,0,0,0,276407,3,0
0,0,0,0,11,28,13779,718,0,0,0,0,0,276410,3,0
0,0,0,0,23,28,13780,718,0,0,0,0,0,277680,3,0
0,0,0,0,25,29,13781,718,0,0,0,0,0,276601,3,0
0,0,0,0,98,29,13782,718,0,0,0,0,0,276414,3,0
0,0,0,0,75,29,13783,718,0,0,0,0,0,254258,2,0
0,0,0,0,89,29,13784,718,0,0,0,0,0,279121,3,0
0,0,0,0,71,29,13785,718,0,0,0,0,0,70809,3,0
0,0,0,0,67,29,13786,718,0,0,0,0,0,277468,3,0
0,0,0,0,28,29,13787,718,0,0,0,0,0,192156,2,0
0,0,0,0,35,29,13788,718,0,0,0,0,0,70665,3,0
0,0,0,0,80,29,13789,718,0,0,0,0,0,237139,3,0
0,0,0,0,3,29,13790,718,0,0,0,0,0,274700,3,0
0,0,0,0,18,0,13791,744,0,0,0,0,0,230117,3,0
2,0,0,1,20,3,13792,744,0,0,0,0,0,251942,3,0
0,0,0,0,23,4,13793,744,0,0,0,0,0,212889,3,0
3,0,0,1,33,5,13794,744,0,0,0,0,0,213374,3,0
1,0,0,0,3,6,13795,744,0,0,0,0,0,270870,2,0
1,0,0,0,77,7,13796,744,0,0,0,0,0,269489,2,0
4,0,0,1,14,23,13797,744,0,0,0,0,1,239921,3,0
0,0,0,0,5,13,13798,744,0,0,0,0,0,258103,3,0
1,0,0,0,7,15,13799,744,0,0,0,0,0,222832,3,0
7,0,0,1,22,27,13800,744,0,0,0,0,1,224540,1,0
6,0,0,1,81,25,13801,744,0,0,0,0,0,248788,3,0
1,0,0,0,10,28,13802,744,0,0,0,0,1,221506,4,0
1,0,0,0,11,28,13803,744,0,0,0,0,0,234572,2,0
0,0,0,0,21,28,13804,744,0,0,0,0,0,233414,3,0
0,0,0,0,4,28,13805,744,0,0,0,0,0,252150,2,0
0,0,0,0,82,28,13806,744,0,0,0,0,0,269490,3,0
2,0,0,1,70,28,13807,744,0,0,0,0,0,223339,3,0
1,0,0,0,95,28,13808,744,0,0,0,0,0,241720,3,0
1,0,0,0,42,28,13809,744,0,0,0,0,1,269487,4,0
0,0,0,0,8,28,13810,744,0,0,0,0,0,186748,3,0
0,0,0,0,15,28,13811,744,0,0,0,0,0,184826,3,0
0,0,0,0,24,28,13812,744,0,0,0,0,0,259053,3,0
0,0,0,0,19,28,13813,744,0,0,0,0,0,71480,3,0
0,0,0,0,1,29,13814,744,0,0,0,0,0,270404,3,0
0,0,0,0,16,29,13815,744,0,0,0,0,0,260894,3,0
0,0,0,0,17,29,13816,744,0,0,0,0,0,169941,3,0
0,0,0,0,39,29,13817,744,0,0,0,0,0,70735,3,0
0,0,0,0,12,29,13818,744,0,0,0,0,0,247866,3,0
0,0,0,0,2,29,13819,744,0,0,0,0,0,275432,3,0
0,0,0,0,28,29,13820,744,0,0,0,0,0,261689,3,0
0,0,0,0,1,0,13821,1438,0,0,0,0,0,271571,3,0
0,0,0,0,42,3,13822,1438,0,0,0,0,0,251891,3,0
0,0,0,0,4,4,13823,1438,0,0,0,0,0,240244,3,0
0,0,0,0,13,6,13824,1438,0,0,0,0,0,234992,3,0
0,0,0,0,16,7,13825,1438,0,0,0,0,0,229498,3,0
0,0,0,0,8,9,13826,1438,0,0,0,0,0,258365,3,0
0,0,0,0,20,11,13827,1438,0,0,0,0,0,271297,3,0
0,0,0,0,49,12,13828,1438,0,0,0,0,0,271132,3,0
0,0,0,0,10,16,13829,1438,0,0,0,0,0,263574,3,0
0,0,0,0,19,18,13830,1438,0,0,0,0,0,271371,3,0
1,0,0,1,9,25,13831,1438,0,0,0,0,0,264463,3,0
0,0,0,0,99,28,13832,1438,0,0,0,0,0,200984,3,0
0,0,0,0,77,28,13833,1438,0,0,0,0,0,270555,3,0
0,0,0,0,90,28,13834,1438,0,0,0,0,0,264459,3,0
0,0,0,0,2,28,13835,1438,0,0,0,0,0,246974,3,0
0,0,0,0,74,28,13836,1438,0,0,0,0,0,226379,3,0
0,0,0,0,21,28,13837,1438,0,0,0,0,0,270957,3,0
0,0,0,0,70,28,13838,1438,0,0,0,0,0,275360,3,0
0,0,0,0,97,28,13839,1438,0,0,0,0,0,176630,3,0
0,0,0,0,91,28,13840,1438,0,0,0,0,0,275552,3,0
0,0,0,0,5,28,13841,1438,0,0,0,0,0,262562,3,0
0,0,0,0,22,28,13842,1438,0,0,0,0,0,205846,3,0
0,0,0,0,32,28,13843,1438,0,0,0,0,0,271562,3,0
0,0,0,0,14,0,13844,1887,0,0,0,0,0,219754,3,0
2,0,0,1,76,3,13845,1887,0,0,0,0,1,225402,4,0
1,0,0,0,44,4,13846,1887,0,0,0,0,0,242359,1,0
0,0,0,0,24,5,13847,1887,0,0,0,0,0,244377,3,0
1,0,0,0,4,6,13848,1887,0,0,0,0,0,253378,2,0
1,0,0,0,19,7,13849,1887,0,0,0,0,1,240020,4,0
2,0,0,1,8,10,13850,1887,0,0,0,0,0,263059,3,0
0,0,0,0,21,13,13851,1887,0,0,0,0,0,199626,4,0
5,0,0,1,10,15,13852,1887,0,0,0,0,0,212474,3,0
11,0,0,1,11,24,13853,1887,0,0,0,0,0,269421,3,0
1,0,0,0,79,26,13854,1887,0,0,0,0,0,189303,3,0
7,0,0,1,17,28,13855,1887,0,0,0,0,0,244416,3,0
0,0,0,0,37,28,13856,1887,0,0,0,0,0,70651,3,0
0,0,0,0,72,28,13857,1887,0,0,0,0,0,270684,3,0
1,0,0,0,6,28,13858,1887,0,0,0,0,0,274105,3,0
0,0,0,0,27,28,13859,1887,0,0,0,0,0,229255,3,0
0,0,0,0,22,28,13860,1887,0,0,0,0,0,265748,3,0
2,0,0,1,77,28,13861,1887,0,0,0,0,1,251438,3,0
0,0,0,0,3,28,13862,1887,0,0,0,0,0,233329,3,0
0,0,0,0,2,28,13863,1887,0,0,0,0,0,263653,3,0
0,0,0,0,28,28,13864,1887,0,0,0,0,0,271576,3,0
0,0,0,0,53,28,13865,1887,0,0,0,0,0,274103,3,0
0,0,0,0,29,28,13866,1887,0,0,0,0,0,271725,3,0
0,0,0,0,87,29,13867,1887,0,0,0,0,0,271021,3,0
0,0,0,0,52,29,13868,1887,0,0,0,0,0,270674,3,0
0,0,0,0,80,29,13869,1887,0,0,0,0,0,257194,3,0
0,0,0,0,64,29,13870,1887,0,0,0,0,0,273750,3,0
0,0,0,0,91,29,13871,1887,0,0,0,0,0,71476,3,0
0,0,0,0,98,29,13872,1887,0,0,0,0,0,71478,3,0
0,0,0,0,92,29,13873,1887,0,0,0,0,0,71477,3,0
0,0,0,0,42,0,13874,1888,0,0,0,0,0,263673,3,0
0,0,0,0,67,3,13875,1888,0,0,0,0,0,238759,4,0
4,0,0,1,13,4,13876,1888,0,0,0,0,1,274187,3,0
1,0,0,0,26,6,13877,1888,0,0,0,0,0,18115,3,0
0,0,0,0,23,7,13878,1888,0,0,0,0,0,267778,3,0
4,0,0,1,77,12,13879,1888,0,0,0,0,0,225696,3,0
1,0,0,0,24,13,13880,1888,0,0,0,0,0,277659,3,0
6,0,0,1,8,15,13881,1888,0,0,0,0,0,230690,3,0
5,0,0,1,70,16,13882,1888,0,0,0,0,1,253167,5,0
3,0,0,1,10,18,13883,1888,0,0,0,0,1,257899,4,0
2,0,0,0,9,25,13884,1888,0,0,0,0,0,259094,3,0
3,0,0,1,29,28,13885,1888,0,0,0,0,0,274188,3,0
3,0,0,1,25,28,13886,1888,0,0,0,0,0,219181,3,0
0,0,0,0,76,28,13887,1888,0,0,0,0,0,270109,3,0
3,0,0,1,7,28,13888,1888,0,0,0,0,0,277070,3,0
0,0,0,0,33,28,13889,1888,0,0,0,0,0,213150,3,0
0,0,0,0,90,28,13890,1888,0,0,0,0,0,276901,3,0
1,0,0,0,2,28,13891,1888,0,0,0,0,0,258786,2,0
0,0,0,0,35,28,13892,1888,0,0,0,0,0,278004,3,0
0,0,0,0,88,28,13893,1888,0,0,0,0,0,70745,3,0
1,0,0,0,14,28,13894,1888,0,0,0,0,0,272483,3,0
0,0,0,0,16,28,13895,1888,0,0,0,0,0,272614,3,0
0,0,0,0,78,28,13896,1888,0,0,0,0,0,279899,3,0
0,0,0,0,6,29,13897,1888,0,0,0,0,0,259612,3,0
1,0,0,0,39,29,13898,1888,0,0,0,0,0,209816,3,0
0,0,0,0,5,29,13899,1888,0,0,0,0,0,276456,3,0
0,0,0,0,1,29,13900,1888,0,0,0,0,0,276426,3,0
1,0,0,0,58,29,13901,1888,0,0,0,0,0,276593,3,0
0,0,0,0,12,29,13902,1888,0,0,0,0,0,251449,3,0
1,0,0,0,27,29,13903,1888,0,0,0,0,0,277777,3,0
0,0,0,0,99,29,13904,1888,0,0,0,0,0,70218,3,0
0,0,0,0,37,0,13905,1891,0,0,0,0,0,235574,3,0
0,0,0,0,2,3,13906,1891,0,0,0,0,0,189221,3,0
0,0,0,0,33,4,13907,1891,0,0,0,0,0,72691,3,0
0,0,0,0,3,6,13908,1891,0,0,0,0,0,265773,3,0
0,0,0,0,5,7,13909,1891,0,0,0,0,0,264488,3,0
0,0,0,0,7,23,13910,1891,0,0,0,0,0,246834,3,0
0,0,0,0,10,13,13911,1891,0,0,0,0,0,267633,3,0
0,0,0,0,8,15,13912,1891,0,0,0,0,0,259155,3,0
0,0,0,0,11,27,13913,1891,0,0,0,0,0,226720,3,0
0,0,0,0,28,18,13914,1891,0,0,0,0,0,205503,3,0
0,0,0,0,99,25,13915,1891,0,0,0,0,0,260869,3,0
0,0,0,0,30,28,13916,1891,0,0,0,0,0,72690,3,0
0,0,0,0,20,28,13917,1891,0,0,0,0,0,207762,3,0
0,0,0,0,55,28,13918,1891,0,0,0,0,0,240415,3,0
0,0,0,0,71,28,13919,1891,0,0,0,0,0,234437,3,0
0,0,0,0,1,28,13920,1891,0,0,0,0,0,258357,3,0
0,0,0,0,21,28,13921,1891,0,0,0,0,0,205216,3,0
0,0,0,0,25,28,13922,1891,0,0,0,0,0,72689,3,0
0,0,0,0,12,28,13923,1891,0,0,0,0,0,72688,3,0
0,0,0,0,9,28,13924,1891,0,0,0,0,0,252164,3,0
0,0,0,0,1,0,13925,1896,0,0,0,0,0,208104,3,0
0,0,0,0,2,3,13926,1896,0,0,0,0,0,245597,4,0
0,0,0,0,4,4,13927,1896,0,0,0,0,0,240453,2,0
0,0,0,0,5,6,13928,1896,0,0,0,0,0,264066,3,0
1,0,0,0,26,7,13929,1896,0,0,0,0,0,227153,3,0
6,0,0,1,16,9,13930,1896,0,0,0,0,1,251377,4,0
1,0,0,0,28,11,13931,1896,0,0,0,0,0,162347,3,0
8,0,0,1,14,12,13932,1896,0,0,0,0,1,271302,3,0
6,0,0,1,7,16,13933,1896,0,0,0,0,1,211368,5,0
9,0,0,1,21,18,13934,1896,0,0,0,0,1,213516,5,0
21,1,0,1,23,25,13935,1896,0,0,0,0,0,231652,3,0
6,0,0,1,9,28,13936,1896,0,0,0,0,2,239250,3,0
1,0,0,0,18,28,13937,1896,0,0,0,0,0,255471,3,0
0,0,0,0,15,28,13938,1896,0,0,0,0,0,210679,3,0
0,0,0,0,17,28,13939,1896,0,0,0,0,0,263854,3,0
0,0,0,0,91,28,13940,1896,0,0,0,0,0,258936,3,0
2,0,0,0,20,28,13941,1896,0,0,0,0,1,212692,4,0
2,0,0,0,11,28,13942,1896,0,0,0,0,0,263828,3,0
0,0,0,0,6,28,13943,1896,0,0,0,0,0,171791,3,0
0,0,0,0,12,28,13944,1896,0,0,0,0,0,241976,3,0
0,0,0,0,90,28,13945,1896,0,0,0,0,0,277598,3,0
1,0,0,0,22,28,13946,1896,0,0,0,0,0,197965,3,0
0,0,0,0,19,28,13947,1896,0,0,0,0,0,224921,3,0
1,0,0,0,10,29,13948,1896,0,0,0,0,0,276682,3,0
0,0,0,0,31,29,13949,1896,0,0,0,0,0,71515,3,0
0,0,0,0,62,29,13950,1896,0,0,0,0,0,70672,3,0
0,0,0,0,99,0,13951,1898,0,0,0,0,0,251995,2,0
2,0,0,1,79,3,13952,1898,0,0,0,0,0,263810,3,0
0,0,0,0,5,4,13953,1898,0,0,0,0,0,232693,4,0
2,0,0,1,26,6,13954,1898,0,0,0,0,0,253276,3,0
0,0,0,0,70,7,13955,1898,0,0,0,0,0,271461,3,0
2,0,0,1,42,9,13956,1898,0,0,0,0,0,235570,3,0
0,0,0,0,24,11,13957,1898,0,0,0,0,0,214606,3,0
5,0,0,1,8,12,13958,1898,0,0,0,0,2,248811,3,0
3,0,0,1,7,16,13959,1898,0,0,0,0,0,204737,2,0
2,0,0,1,10,18,13960,1898,0,0,0,0,0,252310,2,0
9,0,0,1,9,25,13961,1898,0,0,0,0,0,255409,3,0
1,0,0,0,18,28,13962,1898,0,0,0,0,0,246192,2,0
0,0,0,0,6,28,13963,1898,0,0,0,0,0,247288,3,0
2,0,0,1,23,28,13964,1898,0,0,0,0,0,188538,3,0
0,0,0,0,20,28,13965,1898,0,0,0,0,0,215665,3,0
0,0,0,0,12,28,13966,1898,0,0,0,0,0,277008,3,0
1,0,0,0,59,28,13967,1898,0,0,0,0,0,271291,3,0
0,0,0,0,11,28,13968,1898,0,0,0,0,0,257159,3,0
0,0,0,0,16,28,13969,1898,0,0,0,0,0,271289,3,0
0,0,0,0,13,28,13970,1898,0,0,0,0,0,260184,3,0
0,0,0,0,88,28,13971,1898,0,0,0,0,0,277467,3,0
0,0,0,0,90,28,13972,1898,0,0,0,0,0,276349,3,0
0,0,0,0,80,28,13973,1898,0,0,0,0,0,271284,3,0
0,0,0,0,35,29,13974,1898,0,0,0,0,0,277469,3,0
0,0,0,0,76,29,13975,1898,0,0,0,0,0,277466,3,0
0,0,0,0,1,29,13976,1898,0,0,0,0,0,206262,3,0
0,0,0,0,55,29,13977,1898,0,0,0,0,0,271287,3,0
0,0,0,0,40,0,13978,1900,0,0,0,0,0,258328,3,0
1,0,0,0,2,3,13979,1900,0,0,0,0,0,257162,5,0
3,0,0,1,26,4,13980,1900,0,0,0,0,0,251681,3,0
0,0,0,0,14,6,13981,1900,0,0,0,0,0,232459,3,0
1,0,0,0,23,7,13982,1900,0,0,0,0,0,263255,4,0
1,0,0,0,21,23,13983,1900,0,0,0,0,0,264304,3,0
1,0,0,0,88,13,13984,1900,0,0,0,0,1,258596,5,0
1,0,0,0,80,15,13985,1900,0,0,0,0,1,247258,3,0
4,0,0,1,19,27,13986,1900,0,0,0,0,0,213705,3,0
3,0,0,1,11,18,13987,1900,0,0,0,0,0,275545,3,0
2,0,0,1,7,25,13988,1900,0,0,0,0,0,238885,3,0
0,0,0,0,9,28,13989,1900,0,0,0,0,0,70810,4,0
0,0,0,0,6,28,13990,1900,0,0,0,0,0,252080,3,0
0,0,0,0,18,28,13991,1900,0,0,0,0,0,256044,3,0
0,0,0,0,66,28,13992,1900,0,0,0,0,0,276442,4,0
0,0,0,0,22,28,13993,1900,0,0,0,0,0,203239,3,0
5,0,0,1,31,28,13994,1900,0,0,0,0,0,275548,3,0
1,0,0,0,10,28,13995,1900,0,0,0,0,0,275546,3,0
0,0,0,0,32,28,13996,1900,0,0,0,0,0,70286,3,0
0,0,0,0,90,28,13997,1900,0,0,0,0,0,276996,3,0
0,0,0,0,17,28,13998,1900,0,0,0,0,0,260745,3,0
1,0,0,0,8,28,13999,1900,0,0,0,0,0,184133,3,0
0,0,0,0,76,28,14000,1900,0,0,0,0,0,271451,3,0
0,0,0,0,12,29,14001,1900,0,0,0,0,0,198511,3,0
1,0,0,0,28,29,14002,1900,0,0,0,0,0,272827,3,0
0,0,0,0,45,29,14003,1900,0,0,0,0,0,70290,3,0
0,0,0,0,31,0,14004,10020,0,0,0,0,0,198897,4,0
1,0,0,0,13,4,14005,10020,0,0,0,0,0,236255,2,0
0,0,0,0,23,5,14006,10020,0,0,0,0,0,251434,3,0
1,0,0,0,3,6,14007,10020,0,0,0,0,0,263670,2,0
5,0,0,1,10,23,14008,10020,0,0,0,0,0,235955,3,0
0,0,0,0,79,12,14009,10020,0,0,0,0,0,276909,3,0
1,0,0,0,7,13,14010,10020,0,0,0,0,0,70673,3,0
1,0,0,0,82,15,14011,10020,0,0,0,0,0,270857,3,0
2,0,0,0,78,16,14012,10020,0,0,0,0,0,264280,3,0
7,0,0,1,21,27,14013,10020,0,0,0,0,1,259170,2,0
7,0,0,1,11,25,14014,10020,0,0,0,0,0,211561,3,0
5,0,0,1,33,28,14015,10020,0,0,0,0,0,274465,2,0
0,0,0,0,64,28,14016,10020,0,0,0,0,0,270885,3,0
1,0,0,0,22,28,14017,10020,0,0,0,0,0,190531,3,0
1,0,0,0,2,28,14018,10020,0,0,0,0,0,266427,3,0
0,0,0,0,99,28,14019,10020,0,0,0,0,0,262417,3,0
9,0,0,1,9,28,14020,10020,0,0,0,0,0,243047,3,0
2,0,0,0,91,28,14021,10020,0,0,0,0,0,243270,3,0
0,0,0,0,5,28,14022,10020,0,0,0,0,0,263342,3,0
1,0,0,0,20,28,14023,10020,0,0,0,0,0,245841,3,0
0,0,0,0,17,28,14024,10020,0,0,0,0,0,244398,3,0
0,0,0,0,48,28,14025,10020,0,0,0,0,0,279638,2,0
2,0,0,0,98,28,14026,10020,0,0,0,0,1,71291,3,0
0,0,0,0,67,29,14027,10020,0,0,0,0,0,276912,3,0
0,0,0,0,29,29,14028,10020,0,0,0,0,0,70204,3,0
0,0,0,0,81,29,14029,10020,0,0,0,0,0,276916,3,0
0,0,0,0,18,29,14030,10020,0,0,0,0,0,236331,3,0
0,0,0,0,12,0,14031,112513,0,0,0,0,0,259872,2,0
2,0,0,1,28,3,14032,112513,0,0,0,0,0,251994,2,0
0,0,0,0,3,4,14033,112513,0,0,0,0,0,256343,1,0
1,0,0,0,4,6,14034,112513,0,0,0,0,0,244938,1,0
1,0,0,0,26,7,14035,112513,0,0,0,0,0,257969,1,0
0,0,0,0,5,9,14036,112513,0,0,0,0,0,192636,3,0
1,0,0,0,89,11,14037,112513,0,0,0,0,0,273663,2,0
6,0,0,1,10,12,14038,112513,0,0,0,0,0,215616,2,0
3,0,0,1,2,16,14039,112513,0,0,0,0,0,270072,3,0
14,1,0,1,23,24,14040,112513,0,0,0,0,0,225105,2,0
20,1,0,1,19,26,14041,112513,0,0,0,0,0,235520,3,0
0,0,0,0,15,28,14042,112513,0,0,0,0,0,70806,3,0
0,0,0,0,6,28,14043,112513,0,0,0,0,0,262438,3,0
0,0,0,0,22,28,14044,112513,0,0,0,0,0,255154,3,0
0,0,0,0,44,28,14045,112513,0,0,0,0,0,247126,3,0
0,0,0,0,1,28,14046,112513,0,0,0,0,0,246881,3,0
0,0,0,0,8,28,14047,112513,0,0,0,0,0,233840,3,0
0,0,0,0,7,28,14048,112513,0,0,0,0,0,241082,3,0
1,0,0,0,13,28,14049,112513,0,0,0,0,0,273560,3,0
0,0,0,0,16,28,14050,112513,0,0,0,0,0,234379,3,0
0,0,0,0,17,28,14051,112513,0,0,0,0,0,262440,3,0
0,0,0,0,11,28,14052,112513,0,0,0,0,0,263837,3,0
0,0,0,0,14,28,14053,112513,0,0,0,0,0,239249,3,0
0,0,0,0,20,29,14054,112513,0,0,0,0,0,199848,3,0
0,0,0,0,43,29,14055,112513,0,0,0,0,0,271321,3,0
0,0,0,0,25,29,14056,112513,0,0,0,0,0,257234,3,0
0,0,0,0,9,29,14057,112513,0,0,0,0,0,255876,3,0
0,0,0,0,31,0,14058,112809,0,0,0,0,0,258885,4,0
0,0,0,0,22,3,14059,112809,0,0,0,0,0,258889,3,0
1,0,0,1,15,4,14060,112809,0,0,0,0,0,252095,4,0
1,0,0,1,16,6,14061,112809,0,0,0,0,0,248278,3,0
1,0,0,1,74,7,14062,112809,0,0,0,0,0,251615,3,0
1,0,0,1,28,9,14063,112809,0,0,0,0,1,236830,4,0
0,0,0,0,8,11,14064,112809,0,0,0,0,0,276302,4,0
1,0,0,1,7,12,14065,112809,0,0,0,0,1,234726,5,0
5,0,0,1,10,16,14066,112809,0,0,0,0,0,262416,4,0
3,0,0,1,20,18,14067,112809,0,0,0,0,1,271057,5,0
15,1,0,1,29,25,14068,112809,0,0,0,0,0,229319,3,0
1,0,0,1,77,28,14069,112809,0,0,0,0,0,70971,3,0
0,0,0,0,12,28,14070,112809,0,0,0,0,0,248386,3,0
0,0,0,0,32,28,14071,112809,0,0,0,0,0,241827,3,0
0,0,0,0,4,28,14072,112809,0,0,0,0,0,251446,4,0
0,0,0,0,1,28,14073,112809,0,0,0,0,0,236046,3,0
0,0,0,0,9,28,14074,112809,0,0,0,0,0,266905,3,0
1,0,0,1,11,28,14075,112809,0,0,0,0,0,277594,3,0
0,0,0,0,19,28,14076,112809,0,0,0,0,0,252139,3,0
2,0,0,1,95,28,14077,112809,0,0,0,0,0,269977,3,0
0,0,0,0,6,28,14078,112809,0,0,0,0,0,260158,3,0
1,0,0,1,21,28,14079,112809,0,0,0,0,0,275704,3,0
0,0,0,0,18,28,14080,112809,0,0,0,0,0,277310,3,0
0,0,0,0,23,29,14081,112809,0,0,0,0,0,237378,3,0
0,0,0,0,90,29,14082,112809,0,0,0,0,0,276900,3,0
0,0,0,0,60,29,14083,112809,0,0,0,0,0,71466,3,0
0,0,0,0,33,0,14084,114510,0,0,0,0,0,157970,3,0
0,0,0,0,15,4,14085,114510,0,0,0,0,0,178614,3,0
1,0,0,0,19,5,14086,114510,0,0,0,0,0,224194,3,0
1,0,0,0,2,6,14087,114510,0,0,0,0,0,240728,3,0
2,0,0,1,7,23,14088,114510,0,0,0,0,0,262985,3,0
2,0,0,1,72,12,14089,114510,0,0,0,0,0,251025,3,0
0,0,0,0,21,13,14090,114510,0,0,0,0,0,260056,3,0
3,0,0,1,80,15,14091,114510,0,0,0,0,0,277440,2,0
1,0,0,0,5,16,14092,114510,0,0,0,0,1,269420,2,0
5,0,0,1,11,27,14093,114510,0,0,0,0,1,246316,3,0
5,0,0,1,30,25,14094,114510,0,0,0,0,0,261636,3,0
0,0,0,0,16,28,14095,114510,0,0,0,0,0,273840,3,0
1,0,0,0,96,28,14096,114510,0,0,0,0,0,277923,3,0
0,0,0,0,18,28,14097,114510,0,0,0,0,0,221750,3,0
1,0,0,0,3,28,14098,114510,0,0,0,0,0,231392,3,0
0,0,0,0,68,28,14099,114510,0,0,0,0,0,255780,4,0
0,0,0,0,10,28,14100,114510,0,0,0,0,0,225363,3,0
1,0,0,0,9,28,14101,114510,0,0,0,0,0,70908,3,0
0,0,0,0,17,28,14102,114510,0,0,0,0,0,270587,3,0
1,0,0,0,77,28,14103,114510,0,0,0,0,0,253060,3,0
2,0,0,1,23,28,14104,114510,0,0,0,0,0,243591,3,0
0,0,0,0,12,28,14105,114510,0,0,0,0,0,70450,3,0
0,0,0,0,14,28,14106,114510,0,0,0,0,0,234365,3,0
0,0,0,0,1,29,14107,114510,0,0,0,0,0,279637,3,0
0,0,0,0,20,29,14108,114510,0,0,0,0,0,274004,3,0
0,0,0,0,22,29,14109,114510,0,0,0,0,0,70284,3,0
0,0,0,0,93,0,14110,131463,0,0,0,0,0,252284,3,0
0,0,0,0,22,3,14111,131463,0,0,0,0,0,72610,3,0
0,0,0,0,5,4,14112,131463,0,0,0,0,0,199674,3,0
0,0,0,0,40,6,14113,131463,0,0,0,0,0,72606,3,0
0,0,0,0,2,7,14114,131463,0,0,0,0,0,238507,3,0
0,0,0,0,7,9,14115,131463,0,0,0,0,0,219468,3,0
0,0,0,0,23,11,14116,131463,0,0,0,0,0,72654,3,0
0,0,0,0,17,12,14117,131463,0,0,0,0,0,72656,3,0
0,0,0,0,16,16,14118,131463,0,0,0,0,0,247565,3,0
0,0,0,0,11,18,14119,131463,0,0,0,0,0,72657,3,0
0,0,0,0,70,25,14120,131463,0,0,0,0,0,72661,3,0
0,0,0,0,47,28,14121,131463,0,0,0,0,0,72652,3,0
0,0,0,0,90,28,14122,131463,0,0,0,0,0,275487,3,0
0,0,0,0,98,28,14123,131463,0,0,0,0,0,239924,3,0
0,0,0,0,3,28,14124,131463,0,0,0,0,0,72608,3,0
0,0,0,0,88,28,14125,131463,0,0,0,0,0,193870,3,0
0,0,0,0,26,28,14126,131463,0,0,0,0,0,72658,3,0
0,0,0,0,19,28,14127,131463,0,0,0,0,0,72660,3,0
0,0,0,0,27,28,14128,131463,0,0,0,0,0,244221,3,0
0,0,0,0,1,28,14129,131463,0,0,0,0,0,72605,3,0
0,0,0,0,21,0,14130,308,0,0,0,0,0,248054,3,0
0,0,0,0,2,3,14131,308,0,0,0,0,0,247949,3,0
0,0,0,0,26,4,14132,308,0,0,0,0,0,223568,3,0
1,0,0,0,3,6,14133,308,0,0,0,0,0,255316,3,0
2,0,0,0,11,7,14134,308,0,0,0,0,0,243000,3,0
5,0,0,1,4,9,14135,308,0,0,0,0,0,256271,3,0
1,0,0,0,6,11,14136,308,0,0,0,0,0,243023,3,0
2,0,0,0,37,12,14137,308,0,0,0,0,0,258373,3,0
11,1,0,1,28,16,14138,308,1,0,0,0,2,229804,3,0
2,0,0,0,14,18,14139,308,0,0,0,0,0,221336,3,0
3,0,0,1,9,25,14140,308,0,0,0,0,0,231726,3,0
6,0,0,1,20,28,14141,308,0,0,0,0,1,238273,3,0
0,0,0,0,8,28,14142,308,0,0,0,0,0,223355,3,0
5,0,0,1,10,28,14143,308,1,0,0,0,3,251880,3,0
0,0,0,0,12,28,14144,308,0,0,0,0,0,273753,3,0
0,0,0,0,1,28,14145,308,0,0,0,0,0,248091,3,0
3,0,0,1,19,28,14146,308,0,0,0,0,0,242494,3,0
0,0,0,0,18,28,14147,308,0,0,0,0,0,241475,3,0
2,0,0,0,23,28,14148,308,0,0,0,0,0,247911,3,0
0,0,0,0,5,28,14149,308,0,0,0,0,0,70195,3,0
0,0,0,0,15,28,14150,308,0,0,0,0,0,273803,3,0
1,0,0,0,22,28,14151,308,0,0,0,0,0,251770,3,0
0,0,0,0,24,28,14152,308,0,0,0,0,0,71232,3,0
0,0,0,0,16,0,14153,310,0,0,0,0,0,251036,3,0
0,0,0,0,47,3,14154,310,0,0,0,0,0,243398,3,0
1,0,0,0,22,4,14155,310,0,0,0,0,0,156221,3,0
2,0,0,0,6,6,14156,310,1,0,0,0,1,248110,3,0
0,0,0,0,24,7,14157,310,0,0,0,0,0,270863,3,0
4,0,0,1,77,23,14158,310,1,0,0,0,1,273100,3,0
1,0,0,0,26,13,14159,310,0,0,0,0,0,235380,3,0
3,0,0,0,88,15,14160,310,0,0,0,0,0,205983,3,0
5,0,0,1,96,27,14161,310,0,0,0,0,0,251646,3,0
4,0,0,1,11,18,14162,310,0,0,0,0,1,70249,3,0
13,1,0,1,9,25,14163,310,2,0,0,0,4,277565,3,0
0,0,0,0,8,28,14164,310,0,0,0,0,0,70246,3,0
0,0,0,0,80,28,14165,310,0,0,0,0,0,260141,3,0
0,0,0,0,15,28,14166,310,0,0,0,0,0,248021,3,0
1,0,0,0,19,28,14167,310,0,0,0,0,0,253076,3,0
0,0,0,0,90,28,14168,310,0,0,0,0,0,262463,3,0
4,0,0,1,27,28,14169,310,0,0,0,0,0,248049,3,0
1,0,0,0,14,28,14170,310,0,0,0,0,1,227706,3,0
3,0,0,0,7,28,14171,310,0,0,0,0,0,273888,3,0
0,0,0,0,23,28,14172,310,0,0,0,0,0,255082,3,0
0,0,0,0,4,28,14173,310,0,0,0,0,0,229377,3,0
0,0,0,0,70,28,14174,310,0,0,0,0,0,276707,3,0
1,0,0,0,25,28,14175,310,0,0,0,0,0,245459,3,0
0,0,0,0,91,29,14176,310,0,0,0,0,0,275739,3,0
0,0,0,0,1,0,14177,100757,0,0,0,0,0,276650,3,0
0,0,0,0,32,4,14178,100757,0,0,0,0,0,210520,3,0
1,0,0,1,24,5,14179,100757,0,0,0,0,0,271652,3,0
0,0,0,0,23,6,14180,100757,0,0,0,0,0,251065,3,0
0,0,0,0,77,23,14181,100757,0,0,0,0,0,211042,3,0
0,0,0,0,2,12,14182,100757,0,0,0,0,0,218737,3,0
1,0,0,1,8,13,14183,100757,0,0,0,0,0,203393,3,0
0,0,0,0,18,15,14184,100757,0,0,0,0,0,216353,3,0
0,0,0,0,20,16,14185,100757,0,0,0,0,0,263642,3,0
7,0,0,1,7,27,14186,100757,1,0,0,0,2,248834,3,0
4,0,0,1,19,25,14187,100757,0,0,0,0,0,237666,3,0
0,0,0,0,30,28,14188,100757,0,0,0,0,0,248099,3,0
0,0,0,0,22,28,14189,100757,0,0,0,0,0,248401,3,0
1,0,0,1,98,28,14190,100757,0,0,0,0,0,251022,3,0
0,0,0,0,28,28,14191,100757,0,0,0,0,0,239011,3,0
0,0,0,0,73,28,14192,100757,0,0,0,0,0,262725,3,0
6,0,0,1,17,28,14193,100757,0,0,0,0,0,247674,3,0
0,0,0,0,16,28,14194,100757,0,0,0,0,0,244419,3,0
0,0,0,0,10,28,14195,100757,0,0,0,0,0,216728,3,0
0,0,0,0,31,28,14196,100757,0,0,0,0,0,258421,3,0
0,0,0,0,27,28,14197,100757,0,0,0,0,0,246564,3,0
0,0,0,0,9,28,14198,100757,0,0,0,0,0,254281,3,0
0,0,0,0,4,28,14199,100757,0,0,0,0,0,236588,3,0
0,0,0,0,29,29,14200,100757,0,0,0,0,0,276652,3,0
0,0,0,0,15,29,14201,100757,0,0,0,0,0,276618,3,0
0,0,0,0,21,29,14202,100757,0,0,0,0,0,70146,3,0
0,0,0,0,32,0,14203,100761,0,0,0,0,0,248073,3,0
0,0,0,0,2,3,14204,100761,0,0,0,0,0,247968,3,0
0,0,0,0,30,4,14205,100761,0,0,0,0,0,235442,3,0
3,0,0,1,5,6,14206,100761,0,0,0,0,0,252675,3,0
1,0,0,0,33,7,14207,100761,0,0,0,0,0,248095,3,0
1,0,0,0,16,9,14208,100761,0,0,0,0,0,253758,3,0
2,0,0,0,8,11,14209,100761,0,0,0,0,0,251076,3,0
2,0,0,0,10,23,14210,100761,0,0,0,0,0,258942,3,0
14,1,0,1,7,27,14211,100761,0,0,0,1,2,238274,3,0
14,1,0,1,27,18,14212,100761,0,0,0,1,0,247972,3,0
3,0,0,1,25,25,14213,100761,0,0,0,0,0,239117,3,0
1,0,0,0,23,28,14214,100761,0,0,0,0,0,239980,3,0
2,0,0,0,42,28,14215,100761,0,0,0,0,0,259261,3,0
0,0,0,0,80,28,14216,100761,0,0,0,0,0,265431,3,0
0,0,0,0,20,28,14217,100761,0,0,0,0,0,70960,3,0
0,0,0,0,99,28,14218,100761,0,0,0,0,0,248018,3,0
3,0,0,1,11,28,14219,100761,0,0,0,0,0,257803,3,0
4,0,0,1,19,28,14220,100761,0,0,0,0,1,251999,3,0
0,0,0,0,3,28,14221,100761,0,0,0,0,0,248075,3,0
0,0,0,0,21,28,14222,100761,0,0,0,0,0,205943,3,0
0,0,0,0,6,28,14223,100761,0,0,0,0,0,251636,3,0
0,0,0,0,28,28,14224,100761,0,0,0,0,0,256898,3,0
0,0,0,0,22,28,14225,100761,0,0,0,0,0,278573,3,0
0,0,0,0,43,29,14226,100761,0,0,0,0,0,267578,3,0
0,0,0,0,94,0,14227,110072,0,0,0,0,0,248000,3,0
0,0,0,0,2,3,14228,110072,0,0,0,0,0,276142,3,0
1,0,0,0,6,4,14229,110072,0,0,0,0,0,277806,3,0
0,0,0,0,25,6,14230,110072,0,0,0,0,0,277569,3,0
0,0,0,0,28,7,14231,110072,0,0,0,0,0,277976,3,0
0,0,0,0,31,10,14232,110072,0,0,0,0,0,252574,3,0
4,0,0,1,67,23,14233,110072,0,0,0,0,0,229608,3,0
7,0,0,1,30,13,14234,110072,1,0,0,0,2,216800,3,0
3,0,0,1,21,15,14235,110072,0,0,0,0,1,276452,3,0
2,0,0,1,20,27,14236,110072,0,0,0,0,0,258364,3,0
11,1,0,1,11,25,14237,110072,0,0,0,0,1,275648,3,0
0,0,0,0,66,28,14238,110072,0,0,0,0,0,70298,3,0
0,0,0,0,26,28,14239,110072,0,0,0,0,0,276276,3,0
0,0,0,0,15,28,14240,110072,0,0,0,0,0,220427,3,0
0,0,0,0,16,28,14241,110072,0,0,0,0,0,275218,3,0
0,0,0,0,12,28,14242,110072,0,0,0,0,0,248037,3,0
0,0,0,0,9,28,14243,110072,0,0,0,0,0,70299,3,0
0,0,0,0,19,28,14244,110072,0,0,0,0,0,237294,3,0
0,0,0,0,8,28,14245,110072,0,0,0,0,0,207418,3,0
0,0,0,0,17,28,14246,110072,0,0,0,0,0,276744,3,0
1,0,0,0,7,28,14247,110072,0,0,0,0,0,275217,3,0
0,0,0,0,23,28,14248,110072,0,0,0,0,0,275219,3,0
0,0,0,0,14,28,14249,110072,0,0,0,0,0,257816,3,0
0,0,0,0,27,29,14250,110072,0,0,0,0,0,215232,3,0
0,0,0,0,22,29,14251,110072,0,0,0,0,0,248033,3,0
0,0,0,0,13,29,14252,110072,0,0,0,0,0,257374,3,0
0,0,0,0,1,29,14253,110072,0,0,0,0,0,277977,3,0
0,0,0,0,1,0,14254,110075,0,0,0,0,0,222221,3,0
0,0,0,0,22,3,14255,110075,0,0,0,0,0,268128,3,0
7,0,0,1,17,4,14256,110075,0,0,0,0,0,247963,3,0
0,0,0,0,3,6,14257,110075,0,0,0,0,0,246561,3,0
0,0,0,0,11,7,14258,110075,0,0,0,0,0,239116,3,0
0,0,0,0,5,10,14259,110075,0,0,0,0,0,234576,3,0
0,0,0,0,30,23,14260,110075,0,0,0,0,0,267993,3,0
2,0,0,1,8,13,14261,110075,0,0,0,0,0,248112,3,0
2,0,0,1,24,15,14262,110075,0,0,0,0,0,248680,3,0
0,0,0,0,27,27,14263,110075,0,0,0,0,0,272545,3,0
5,0,0,1,9,25,14264,110075,0,0,0,0,0,248674,3,0
0,0,0,0,19,28,14265,110075,0,0,0,0,0,261353,3,0
1,0,0,0,6,28,14266,110075,0,0,0,0,0,243019,3,0
0,0,0,0,16,28,14267,110075,0,0,0,0,0,242845,3,0
0,0,0,0,21,28,14268,110075,0,0,0,0,0,205256,3,0
0,0,0,0,34,28,14269,110075,0,0,0,0,0,271641,3,0
5,0,0,1,7,28,14270,110075,0,0,0,0,0,230963,3,0
0,0,0,0,25,28,14271,110075,0,0,0,0,0,229543,3,0
0,0,0,0,20,28,14272,110075,0,0,0,0,0,239224,3,0
0,0,0,0,45,28,14273,110075,0,0,0,0,0,275016,3,0
0,0,0,0,42,28,14274,110075,0,0,0,0,0,263491,3,0
0,0,0,0,99,28,14275,110075,0,0,0,0,0,219781,3,0
2,0,0,1,77,28,14276,110075,0,0,0,0,1,252484,3,0
0,0,0,0,80,29,14277,110075,0,0,0,0,0,248679,3,0
0,0,0,0,23,29,14278,110075,0,0,0,0,0,248114,3,0
0,0,0,0,66,29,14279,110075,0,0,0,0,0,248673,3,0
0,0,0,0,15,29,14280,110075,0,0,0,0,0,263492,3,0
0,0,0,0,14,29,14281,110075,0,0,0,0,0,248672,3,0
0,0,0,0,18,29,14282,110075,0,0,0,0,0,238861,3,0
0,0,0,0,88,29,14283,110075,0,0,0,0,0,271989,3,0
0,0,0,0,38,0,14284,110078,0,0,0,0,0,205554,3,0
0,0,0,0,71,3,14285,110078,0,0,0,0,0,273527,3,0
2,0,0,1,2,4,14286,110078,0,0,0,0,1,269411,3,0
1,0,0,1,4,6,14287,110078,0,0,0,0,0,204211,3,0
1,0,0,1,5,7,14288,110078,0,0,0,0,0,269412,3,0
0,0,0,0,82,9,14289,110078,0,0,0,0,0,203435,3,0
0,0,0,0,11,11,14290,110078,0,0,0,0,0,230696,3,0
0,0,0,0,20,23,14291,110078,0,0,0,0,0,237989,3,0
6,0,0,1,8,14,14292,110078,0,0,0,0,0,260183,3,0
6,0,0,1,7,27,14293,110078,0,0,0,0,1,220177,3,0
4,0,0,1,99,25,14294,110078,0,0,0,0,0,263147,3,0
0,0,0,0,10,28,14295,110078,0,0,0,0,0,269415,3,0
0,0,0,0,44,28,14296,110078,0,0,0,0,0,247985,3,0
0,0,0,0,3,28,14297,110078,0,0,0,0,0,238850,3,0
0,0,0,0,34,28,14298,110078,0,0,0,0,0,262704,3,0
0,0,0,0,12,28,14299,110078,0,0,0,0,0,258420,3,0
0,0,0,0,13,28,14300,110078,0,0,0,0,0,276344,3,0
0,0,0,0,31,28,14301,110078,0,0,0,0,0,257765,3,0
0,0,0,0,1,28,14302,110078,0,0,0,0,0,70959,3,0
0,0,0,0,22,28,14303,110078,0,0,0,0,0,278006,3,0
0,0,0,0,6,28,14304,110078,0,0,0,0,0,70958,3,0
0,0,0,0,95,28,14305,110078,0,0,0,0,0,269416,3,0
0,0,0,0,93,0,14306,110750,0,0,0,0,0,257794,3,0
2,0,0,1,98,3,14307,110750,0,0,0,0,0,254289,3,0
0,0,0,0,30,4,14308,110750,0,0,0,0,0,277717,3,0
0,0,0,0,4,6,14309,110750,0,0,0,0,0,242500,3,0
1,0,0,0,2,7,14310,110750,0,0,0,0,0,277148,3,0
2,0,0,1,14,9,14311,110750,0,0,0,0,0,243745,3,0
0,0,0,0,21,11,14312,110750,0,0,0,0,0,276625,3,0
7,0,0,1,19,12,14313,110750,0,0,0,0,2,277377,3,0
2,0,0,1,24,16,14314,110750,0,0,0,0,0,242093,3,0
7,0,0,1,10,18,14315,110750,0,0,0,0,1,276259,3,0
4,0,0,1,42,25,14316,110750,0,0,0,0,0,205681,3,0
1,0,0,0,8,28,14317,110750,0,0,0,0,1,213557,3,0
3,0,0,1,55,28,14318,110750,0,0,0,0,0,271172,3,0
0,0,0,0,15,28,14319,110750,0,0,0,0,0,236279,3,0
0,0,0,0,29,28,14320,110750,0,0,0,0,0,247966,3,0
0,0,0,0,13,28,14321,110750,0,0,0,0,0,274469,3,0
0,0,0,0,11,28,14322,110750,0,0,0,0,0,208022,3,0
0,0,0,0,9,28,14323,110750,0,0,0,0,0,247941,3,0
0,0,0,0,18,28,14324,110750,0,0,0,0,0,257805,3,0
0,0,0,0,5,28,14325,110750,0,0,0,0,0,276141,3,0
0,0,0,0,92,28,14326,110750,0,0,0,0,0,220209,3,0
0,0,0,0,7,28,14327,110750,0,0,0,0,0,251913,3,0
0,0,0,0,26,28,14328,110750,0,0,0,0,0,276419,3,0
0,0,0,0,23,29,14329,110750,0,0,0,0,0,72278,3,0
0,0,0,0,20,29,14330,110750,0,0,0,0,0,276457,3,0
0,0,0,0,1,29,14331,110750,0,0,0,0,0,70300,3,0
0,0,0,0,16,29,14332,110750,0,0,0,0,0,277818,3,0
0,0,0,0,33,0,14333,110751,0,0,0,0,0,269406,3,0
0,0,0,0,26,3,14334,110751,0,0,0,0,0,257725,3,0
0,0,0,0,25,4,14335,110751,0,0,0,0,0,278086,3,0
2,0,0,1,3,6,14336,110751,0,0,0,0,0,223230,3,0
0,0,0,0,8,7,14337,110751,0,0,0,0,0,260304,3,0
0,0,0,0,21,9,14338,110751,0,0,0,0,0,210917,3,0
0,0,0,0,94,11,14339,110751,0,0,0,0,0,248057,3,0
2,0,0,1,20,12,14340,110751,0,0,0,0,0,235315,3,0
5,0,0,1,27,16,14341,110751,0,0,0,0,0,212048,3,0
11,1,0,1,10,18,14342,110751,0,0,0,0,1,212226,3,0
8,0,0,1,19,25,14343,110751,0,0,0,0,1,246560,3,0
0,0,0,0,98,28,14344,110751,0,0,0,0,0,247950,3,0
0,0,0,0,71,28,14345,110751,0,0,0,0,0,262470,3,0
0,0,0,0,17,28,14346,110751,0,0,0,0,0,248005,3,0
0,0,0,0,77,28,14347,110751,0,0,0,0,0,240062,3,0
0,0,0,0,23,28,14348,110751,0,0,0,0,0,205894,3,0
0,0,0,0,32,28,14349,110751,0,0,0,0,0,225714,3,0
3,0,0,1,24,28,14350,110751,0,0,0,0,0,225959,3,0
0,0,0,0,9,28,14351,110751,0,0,0,0,0,248676,3,0
0,0,0,0,2,28,14352,110751,0,0,0,0,0,279928,3,0
0,0,0,0,96,28,14353,110751,0,0,0,0,0,278111,3,0
0,0,0,0,4,28,14354,110751,0,0,0,0,0,269649,3,0
0,0,0,0,18,28,14355,110751,0,0,0,0,0,264202,3,0
0,0,0,0,12,29,14356,110751,0,0,0,0,0,277590,3,0
0,0,0,0,93,29,14357,110751,0,0,0,0,0,276379,3,0
0,0,0,0,43,29,14358,110751,0,0,0,0,0,276710,3,0
0,0,0,0,30,29,14359,110751,0,0,0,0,0,226656,3,0
0,0,0,0,68,0,14360,110752,0,0,0,0,0,248019,3,0
0,0,0,0,20,3,14361,110752,0,0,0,0,0,235814,3,0
0,0,0,0,44,4,14362,110752,0,0,0,0,0,242358,3,0
1,0,0,0,4,6,14363,110752,0,0,0,0,0,248002,3,0
0,0,0,0,30,7,14364,110752,0,0,0,0,0,251635,3,0
0,0,0,0,16,9,14365,110752,0,0,0,0,0,208474,3,0
2,0,0,1,6,11,14366,110752,0,0,0,0,0,266792,3,0
10,0,0,1,8,12,14367,110752,0,0,0,0,0,251634,3,0
2,0,0,1,11,16,14368,110752,0,0,0,0,0,210240,3,0
4,0,0,1,33,18,14369,110752,0,0,0,0,0,268452,3,0
3,0,0,1,27,25,14370,110752,0,0,0,0,1,274458,3,0
0,0,0,0,7,28,14371,110752,0,0,0,0,0,244154,3,0
1,0,0,0,19,28,14372,110752,0,0,0,0,0,234890,3,0
1,0,0,0,66,28,14373,110752,0,0,0,0,0,251598,3,0
1,0,0,0,32,28,14374,110752,0,0,0,0,0,255285,3,0
0,0,0,0,82,28,14375,110752,0,0,0,0,0,251056,3,0
0,0,0,0,9,28,14376,110752,0,0,0,0,0,256046,3,0
0,0,0,0,99,28,14377,110752,0,0,0,0,0,257017,3,0
0,0,0,0,26,28,14378,110752,0,0,0,0,0,276132,3,0
1,0,0,0,40,28,14379,110752,0,0,0,0,0,230835,3,0
2,0,0,1,10,28,14380,110752,0,0,0,0,0,216802,3,0
0,0,0,0,88,28,14381,110752,0,0,0,0,0,248011,3,0
0,0,0,0,5,28,14382,110752,0,0,0,0,0,255192,3,0
0,0,0,0,93,29,14383,110752,0,0,0,0,0,275901,3,0
0,0,0,0,1,29,14384,110752,0,0,0,0,0,250950,3,0
0,0,0,0,28,29,14385,110752,0,0,0,0,0,274734,3,0
0,0,0,0,24,29,14386,110752,0,0,0,0,0,262719,3,0
0,0,0,0,22,29,14387,110752,0,0,0,0,0,70489,3,0
0,0,0,0,45,29,14388,110752,0,0,0,0,0,211214,3,0
0,0,0,0,17,29,14389,110752,0,0,0,0,0,252767,3,0
0,0,0,0,12,29,14390,110752,0,0,0,0,0,277618,3,0
0,0,0,0,83,29,14391,110752,0,0,0,0,0,70265,3,0
0,0,0,0,80,29,14392,110752,0,0,0,0,0,273673,3,0
0,0,0,0,70,29,14393,110752,0,0,0,0,0,277955,3,0
0,0,0,0,1,0,14394,110815,0,0,0,0,0,205942,3,0
0,0,0,0,2,3,14395,110815,0,0,0,0,0,251044,3,0
0,0,0,0,6,4,14396,110815,0,0,0,0,0,257819,3,0
0,0,0,0,3,6,14397,110815,0,0,0,0,0,242555,3,0
1,0,0,0,27,7,14398,110815,0,0,0,0,0,251875,3,0
2,0,0,1,24,9,14399,110815,0,0,0,0,0,222419,3,0
0,0,0,0,37,11,14400,110815,0,0,0,0,0,244474,3,0
2,0,0,1,80,12,14401,110815,0,0,0,0,0,276692,3,0
0,0,0,0,18,16,14402,110815,0,0,0,0,0,275230,3,0
9,0,0,1,10,18,14403,110815,1,0,0,0,1,275225,3,0
6,0,0,1,17,25,14404,110815,0,0,0,0,0,228053,3,0
1,0,0,0,95,28,14405,110815,0,0,0,0,0,276693,3,0
1,0,0,0,23,28,14406,110815,0,0,0,0,0,251071,3,0
0,0,0,0,5,28,14407,110815,0,0,0,0,0,205300,3,0
1,0,0,0,32,28,14408,110815,0,0,0,0,0,227658,3,0
0,0,0,0,12,28,14409,110815,0,0,0,0,0,275855,3,0
2,0,0,1,7,28,14410,110815,0,0,0,0,1,270104,3,0
2,0,0,1,9,28,14411,110815,0,0,0,0,0,227561,3,0
0,0,0,0,8,28,14412,110815,0,0,0,0,0,277019,3,0
0,0,0,0,21,28,14413,110815,0,0,0,0,0,70243,3,0
1,0,0,0,35,28,14414,110815,0,0,0,0,0,251501,3,0
0,0,0,0,19,28,14415,110815,0,0,0,0,0,248588,3,0
0,0,0,0,30,28,14416,110815,0,0,0,0,0,279927,3,0
0,0,0,0,22,29,14417,110815,0,0,0,0,0,247977,3,0
0,0,0,0,88,29,14418,110815,0,0,0,0,0,275853,3,0
0,0,0,0,28,29,14419,110815,0,0,0,0,0,275852,3,0
0,0,0,0,33,0,14420,113378,0,0,0,0,0,236963,3,0
0,0,0,0,17,3,14421,113378,0,0,0,0,0,275702,3,0
0,0,0,0,4,4,14422,113378,0,0,0,0,0,239952,3,0
0,0,0,0,82,6,14423,113378,0,0,0,0,0,229065,3,0
0,0,0,0,20,7,14424,113378,0,0,0,0,0,255247,3,0
4,0,0,1,21,9,14425,113378,0,0,0,0,0,276076,3,0
2,0,0,0,6,11,14426,113378,0,0,0,0,1,262261,3,0
0,0,0,0,97,12,14427,113378,0,0,0,0,0,194945,3,0
11,1,0,1,11,16,14428,113378,0,0,0,0,2,251842,3,0
4,0,0,1,10,18,14429,113378,0,0,0,0,1,208739,3,0
4,0,0,1,18,25,14430,113378,0,0,0,0,0,240999,3,0
3,0,0,0,77,28,14431,113378,0,0,0,0,0,258025,3,0
1,0,0,0,44,28,14432,113378,0,0,0,0,0,220521,3,0
1,0,0,0,13,28,14433,113378,0,0,0,0,0,246563,3,0
1,0,0,0,3,28,14434,113378,1,0,0,0,1,248041,3,0
0,0,0,0,1,28,14435,113378,0,0,0,0,0,199730,3,0
3,0,0,0,96,28,14436,113378,1,0,0,0,2,251779,3,0
1,0,0,0,7,28,14437,113378,0,0,0,0,1,258590,3,0
1,0,0,0,99,28,14438,113378,0,0,0,0,0,192671,3,0
0,0,0,0,24,28,14439,113378,0,0,0,0,0,271177,3,0
0,0,0,0,25,28,14440,113378,0,0,0,0,0,275883,3,0
4,0,0,1,59,28,14441,113378,0,0,0,0,0,275701,3,0
0,0,0,0,5,28,14442,113378,0,0,0,0,0,248009,3,0
0,0,0,0,98,29,14443,113378,0,0,0,0,0,268799,3,0
0,0,0,0,25,0,14444,114147,0,0,0,0,0,247976,3,0
0,0,0,0,17,3,14445,114147,0,0,0,0,0,235318,3,0
1,0,0,0,27,4,14446,114147,0,0,0,0,0,155463,3,0
0,0,0,0,4,6,14447,114147,0,0,0,0,0,247978,3,0
0,0,0,0,28,7,14448,114147,0,0,0,0,0,251781,3,0
1,0,0,0,14,9,14449,114147,0,0,0,0,0,269424,3,0
1,0,0,0,16,11,14450,114147,0,0,0,0,0,231919,3,0
7,0,0,1,96,12,14451,114147,0,0,0,0,0,235269,3,0
2,0,0,1,97,16,14452,114147,0,0,0,0,0,265702,3,0
8,0,0,1,30,24,14453,114147,0,0,0,0,1,262728,3,0
2,0,0,1,26,26,14454,114147,0,0,0,0,1,251052,3,0
0,0,0,0,29,28,14455,114147,0,0,0,0,0,248101,3,0
2,0,0,1,51,28,14456,114147,0,0,0,0,0,257809,3,0
1,0,0,0,5,28,14457,114147,0,0,0,0,0,232295,3,0
0,0,0,0,2,28,14458,114147,0,0,0,0,0,244976,3,0
0,0,0,0,31,28,14459,114147,0,0,0,0,0,247893,3,0
1,0,0,0,99,28,14460,114147,0,0,0,0,0,252391,3,0
3,0,0,1,10,28,14461,114147,0,0,0,0,0,235345,3,0
0,0,0,0,6,28,14462,114147,0,0,0,0,0,262856,3,0
0,0,0,0,9,28,14463,114147,0,0,0,0,0,277956,3,0
0,0,0,0,1,28,14464,114147,0,0,0,0,0,271674,3,0
0,0,0,0,98,28,14465,114147,0,0,0,0,0,272675,3,0
0,0,0,0,21,28,14466,114147,0,0,0,0,0,271183,3,0
7,0,0,1,7,29,14467,114147,0,0,0,0,2,247955,3,0
0,0,0,0,20,29,14468,114147,0,0,0,0,0,70849,3,0
1,0,0,0,11,29,14469,114147,0,0,0,0,0,261646,3,0
0,0,0,0,90,0,14470,114385,0,0,0,0,0,266803,3,0
1,0,0,0,4,3,14471,114385,0,0,0,0,0,223229,3,0
0,0,0,0,27,4,14472,114385,0,0,0,0,0,278087,3,0
0,0,0,0,44,6,14473,114385,0,0,0,0,0,235546,3,0
2,0,0,0,45,7,14474,114385,0,0,0,0,0,191058,3,0
2,0,0,0,10,23,14475,114385,0,0,0,0,0,199572,3,0
7,0,0,1,73,13,14476,114385,0,0,0,0,0,250952,3,0
3,0,0,1,29,14,14477,114385,0,0,0,0,0,239312,3,0
6,0,0,1,77,15,14478,114385,0,0,0,0,1,190084,3,0
13,1,0,1,17,27,14479,114385,1,0,0,0,2,266395,3,0
8,0,0,1,9,25,14480,114385,0,0,0,0,0,266728,3,0
1,0,0,0,18,28,14481,114385,0,0,0,0,0,264696,3,0
0,0,0,0,82,28,14482,114385,0,0,0,0,0,248587,3,0
3,0,0,1,6,28,14483,114385,0,0,0,0,1,203458,3,0
0,0,0,0,19,28,14484,114385,0,0,0,0,0,229251,3,0
0,0,0,0,89,28,14485,114385,0,0,0,0,0,248586,3,0
0,0,0,0,14,28,14486,114385,0,0,0,0,0,70266,3,0
0,0,0,0,97,28,14487,114385,0,0,0,0,0,70267,3,0
0,0,0,0,8,28,14488,114385,0,0,0,0,0,274295,3,0
0,0,0,0,42,28,14489,114385,0,0,0,0,0,228513,3,0
0,0,0,0,34,28,14490,114385,0,0,0,0,0,206272,3,0
1,0,0,0,7,28,14491,114385,0,0,0,0,0,187702,3,0
0,0,0,0,12,28,14492,114385,0,0,0,0,0,237816,3,0
0,0,0,0,3,29,14493,114385,0,0,0,0,0,243210,3,0
1,0,0,0,99,29,14494,114385,0,0,0,0,0,242803,3,0
0,0,0,0,1,0,14495,114549,0,0,0,0,0,248025,3,0
0,0,0,0,2,3,14496,114549,0,0,0,0,0,235472,3,0
0,0,0,0,3,4,14497,114549,0,0,0,0,0,257723,3,0
0,0,0,0,6,6,14498,114549,0,0,0,0,0,233869,3,0
0,0,0,0,5,7,14499,114549,0,0,0,0,0,251042,3,0
0,0,0,0,13,9,14500,114549,0,0,0,0,0,271594,3,0
0,0,0,0,7,11,14501,114549,0,0,0,0,0,262819,3,0
0,0,0,0,8,17,14502,114549,0,0,0,0,0,251048,3,0
0,0,0,0,11,18,14503,114549,0,0,0,0,0,247957,3,0
6,0,0,1,9,19,14504,114549,0,0,0,0,0,225359,3,0
0,0,0,0,10,25,14505,114549,0,0,0,0,0,251073,3,0
0,0,0,0,15,28,14506,114549,0,0,0,0,0,258416,3,0
0,0,0,0,16,28,14507,114549,0,0,0,0,0,264672,3,0
0,0,0,0,4,28,14508,114549,0,0,0,0,0,247946,3,0
0,0,0,0,27,28,14509,114549,0,0,0,0,0,208714,3,0
0,0,0,0,12,28,14510,114549,0,0,0,0,0,73024,3,0
0,0,0,0,17,28,14511,114549,0,0,0,0,0,72977,3,0
0,0,0,0,18,28,14512,114549,0,0,0,0,0,72644,3,0
0,0,0,0,19,28,14513,114549,0,0,0,0,0,72931,3,0
0,0,0,0,20,28,14514,114549,0,0,0,0,0,72932,3,0
0,0,0,0,14,28,14515,114549,0,0,0,0,0,70307,3,0
0,0,0,0,22,28,14516,114549,0,0,0,0,0,72933,3,0
0,0,0,0,21,28,14517,114549,0,0,0,0,0,72641,3,0
0,0,0,0,1,0,14518,131459,0,0,0,0,0,248071,3,0
0,0,0,0,2,3,14519,131459,0,0,0,0,0,72621,3,0
0,0,0,0,3,4,14520,131459,0,0,0,0,0,72620,3,0
0,0,0,0,4,6,14521,131459,0,0,0,0,0,72637,3,0
0,0,0,0,5,7,14522,131459,0,0,0,0,0,72624,3,0
0,0,0,0,6,9,14523,131459,0,0,0,0,0,248443,3,0
0,0,0,0,7,11,14524,131459,0,0,0,0,0,72619,3,0
0,0,0,0,8,17,14525,131459,0,0,0,0,0,242513,3,0
0,0,0,0,9,18,14526,131459,0,0,0,0,0,72623,3,0
0,0,0,0,10,19,14527,131459,0,0,0,0,0,251039,3,0
0,0,0,0,11,25,14528,131459,0,0,0,0,0,275216,3,0
0,0,0,0,15,28,14529,131459,0,0,0,0,0,72631,3,0
0,0,0,0,16,28,14530,131459,0,0,0,0,0,253063,3,0
0,0,0,0,13,28,14531,131459,0,0,0,0,0,72625,3,0
0,0,0,0,14,28,14532,131459,0,0,0,0,0,72639,3,0
0,0,0,0,12,28,14533,131459,0,0,0,0,0,72934,3,0
0,0,0,0,17,28,14534,131459,0,0,0,0,0,72627,3,0
0,0,0,0,18,28,14535,131459,0,0,0,0,0,72935,3,0
0,0,0,0,19,28,14536,131459,0,0,0,0,0,72622,3,0
0,0,0,0,20,28,14537,131459,0,0,0,0,0,72629,3,0
0,0,0,0,37,0,14538,605,0,0,0,0,0,209981,3,0
3,0,0,0,66,3,14539,605,0,0,0,0,0,246688,3,0
2,0,0,0,3,4,14540,605,0,0,0,0,0,201024,3,0
2,0,0,0,5,6,14541,605,0,0,0,0,0,229851,3,0
0,0,0,0,6,7,14542,605,0,0,0,0,0,251573,3,0
4,0,0,0,96,12,14543,605,0,0,0,0,0,238361,4,0
3,0,0,0,28,13,14544,605,0,0,0,0,0,220075,4,0
3,0,0,0,8,15,14545,605,0,0,0,0,0,224293,4,0
14,0,0,1,77,16,14546,605,0,0,0,0,0,222737,3,0
11,0,0,1,22,18,14547,605,0,0,0,0,0,223848,5,0
26,1,0,1,9,25,14548,605,0,0,0,0,0,215716,4,0
3,0,0,0,14,28,14549,605,0,0,0,0,0,242223,3,0
0,0,0,0,7,28,14550,605,0,0,0,0,0,191269,3,0
0,0,0,0,87,28,14551,605,0,0,0,0,0,245751,3,0
1,0,0,0,2,28,14552,605,0,0,0,0,0,221370,3,0
0,0,0,0,21,28,14553,605,0,0,0,0,0,210923,3,0
5,0,0,1,11,28,14554,605,0,0,0,0,0,211173,3,0
1,0,0,0,16,28,14555,605,0,0,0,0,0,241938,4,0
0,0,0,0,26,28,14556,605,0,0,0,0,0,230713,3,0
1,0,0,0,56,28,14557,605,0,0,0,0,0,265407,3,0
0,0,0,0,70,28,14558,605,0,0,0,0,0,210182,3,0
1,0,0,0,12,28,14559,605,0,0,0,0,0,210603,3,0
0,0,0,0,32,28,14560,605,0,0,0,0,0,232675,3,0
13,0,0,1,29,29,14561,605,0,0,0,0,0,210602,3,0
0,0,0,0,10,29,14562,605,0,0,0,0,0,190871,3,0
0,0,0,0,31,29,14563,605,0,0,0,0,0,230765,3,0
0,0,0,0,4,29,14564,605,0,0,0,0,0,248482,3,0
0,0,0,0,17,29,14565,605,0,0,0,0,0,245276,3,0
0,0,0,0,40,29,14566,605,0,0,0,0,0,277063,3,0
0,0,0,0,1,0,14567,607,0,0,0,0,0,210140,3,0
1,0,0,0,37,3,14568,607,0,0,0,0,0,225087,1,0
0,0,0,0,26,4,14569,607,0,0,0,0,0,210648,3,0
0,0,0,0,5,6,14570,607,0,0,0,0,0,236355,3,0
1,0,0,0,12,7,14571,607,0,0,0,0,0,270331,3,0
2,0,0,0,7,9,14572,607,0,0,0,0,0,215914,3,0
1,0,0,0,16,11,14573,607,0,0,0,0,0,260977,1,0
5,0,0,1,90,12,14574,607,0,0,0,0,0,209440,3,0
3,0,0,1,11,16,14575,607,0,0,0,0,0,234570,3,0
19,1,0,1,99,18,14576,607,0,0,0,0,0,213761,3,0
9,0,0,1,9,25,14577,607,0,0,0,0,0,165153,3,0
3,0,0,1,77,28,14578,607,0,0,0,0,0,223629,3,0
1,0,0,0,80,28,14579,607,0,0,0,0,0,241963,3,0
0,0,0,0,33,28,14580,607,0,0,0,0,0,211152,3,0
1,0,0,0,30,28,14581,607,0,0,0,0,0,263884,1,0
0,0,0,0,21,28,14582,607,0,0,0,0,0,212038,3,0
2,0,0,0,27,28,14583,607,0,0,0,0,0,259426,1,0
0,0,0,0,13,28,14584,607,0,0,0,0,0,242156,3,0
0,0,0,0,4,28,14585,607,0,0,0,0,0,208914,3,0
1,0,0,0,17,28,14586,607,0,0,0,0,0,272303,3,0
0,0,0,0,14,28,14587,607,0,0,0,0,0,259358,2,0
0,0,0,0,25,28,14588,607,0,0,0,0,0,271938,2,0
0,0,0,0,88,28,14589,607,0,0,0,0,0,271569,3,0
0,0,0,0,8,29,14590,607,0,0,0,0,0,209499,3,0
1,0,0,0,15,29,14591,607,0,0,0,0,0,210843,1,0
0,0,0,0,20,29,14592,607,0,0,0,0,0,221658,3,0
0,0,0,0,29,29,14593,607,0,0,0,0,0,277235,2,0
0,0,0,0,19,29,14594,607,0,0,0,0,0,278169,1,0
0,0,0,0,6,29,14595,607,0,0,0,0,0,241587,3,0
0,0,0,0,28,29,14596,607,0,0,0,0,0,240328,3,0
0,0,0,0,22,29,14597,607,0,0,0,0,0,71832,3,0
0,0,0,0,35,29,14598,607,0,0,0,0,0,254792,1,0
0,0,0,0,1,0,14599,111674,0,0,0,0,0,209166,2,0
0,0,0,0,88,4,14600,111674,0,0,0,0,0,255837,3,0
1,0,0,0,4,5,14601,111674,0,0,0,0,0,224537,3,0
4,0,0,1,14,6,14602,111674,0,0,0,0,0,208295,3,0
0,0,0,0,2,12,14603,111674,0,0,0,0,0,245268,3,0
2,0,0,0,55,13,14604,111674,0,0,0,0,0,263824,3,0
1,0,0,0,30,15,14605,111674,0,0,0,0,0,168651,3,0
0,0,0,0,24,16,14606,111674,0,0,0,0,0,256331,3,0
7,0,0,1,23,17,14607,111674,0,0,0,0,0,208418,3,0
6,0,0,1,13,19,14608,111674,0,0,0,0,0,219686,3,0
6,0,0,1,20,25,14609,111674,0,0,0,0,0,225293,2,0
2,0,0,0,31,28,14610,111674,0,0,0,0,0,208008,3,0
2,0,0,0,8,28,14611,111674,0,0,0,0,0,208977,3,0
0,0,0,0,6,28,14612,111674,0,0,0,0,0,214009,3,0
0,0,0,0,26,28,14613,111674,0,0,0,0,0,229800,3,0
0,0,0,0,22,28,14614,111674,0,0,0,0,0,208968,3,0
0,0,0,0,11,28,14615,111674,0,0,0,0,0,208974,3,0
0,0,0,0,21,28,14616,111674,0,0,0,0,0,261872,3,0
3,0,0,1,49,28,14617,111674,0,0,0,0,0,261357,3,0
1,0,0,0,16,28,14618,111674,0,0,0,0,0,271637,3,0
0,0,0,0,12,28,14619,111674,0,0,0,0,0,234070,3,0
0,0,0,0,38,28,14620,111674,0,0,0,0,0,273897,3,0
0,0,0,0,29,28,14621,111674,0,0,0,0,0,237667,3,0
0,0,0,0,19,29,14622,111674,0,0,0,0,0,271636,3,0
0,0,0,0,28,29,14623,111674,0,0,0,0,0,269894,3,0
0,0,0,0,37,29,14624,111674,0,0,0,0,0,264458,3,0
0,0,0,0,3,29,14625,111674,0,0,0,0,0,278184,3,0
0,0,0,0,50,29,14626,111674,0,0,0,0,0,279593,3,0
0,0,0,0,36,29,14627,111674,0,0,0,0,0,279785,3,0
0,0,0,0,45,29,14628,111674,0,0,0,0,0,71581,3,0
0,0,0,0,18,29,14629,111674,0,0,0,0,0,191655,3,0
0,0,0,0,48,0,14630,112096,0,0,0,0,0,193107,5,0
0,0,0,0,61,3,14631,112096,0,0,0,0,0,245414,4,0
0,0,0,0,4,4,14632,112096,0,0,0,0,0,225316,4,0
0,0,0,0,76,6,14633,112096,0,0,0,0,0,213901,3,0
1,0,0,0,13,7,14634,112096,0,0,0,0,0,238519,3,0
1,0,0,0,14,10,14635,112096,0,0,0,0,0,212476,3,0
11,0,0,1,97,23,14636,112096,0,0,0,0,0,224069,5,0
6,0,0,1,25,13,14637,112096,0,0,0,0,0,181291,4,0
2,0,0,0,75,15,14638,112096,0,0,0,0,0,216320,5,0
4,0,0,1,19,27,14639,112096,0,0,0,0,0,220633,3,0
12,0,0,1,9,25,14640,112096,0,0,0,0,0,211591,4,0
0,0,0,0,11,28,14641,112096,0,0,0,0,0,230801,3,0
0,0,0,0,24,28,14642,112096,0,0,0,0,0,238043,3,0
0,0,0,0,77,28,14643,112096,0,0,0,0,0,248498,3,0
0,0,0,0,70,28,14644,112096,0,0,0,0,0,243045,3,0
0,0,0,0,21,28,14645,112096,0,0,0,0,0,230749,3,0
1,0,0,0,90,28,14646,112096,0,0,0,0,0,242661,4,0
0,0,0,0,29,28,14647,112096,0,0,0,0,0,277318,4,0
0,0,0,0,41,28,14648,112096,0,0,0,0,0,71081,3,0
0,0,0,0,3,28,14649,112096,0,0,0,0,0,275499,3,0
0,0,0,0,30,28,14650,112096,0,0,0,0,0,278206,3,0
0,0,0,0,17,28,14651,112096,0,0,0,0,0,277316,3,0
0,0,0,0,22,28,14652,112096,0,0,0,0,0,277317,3,0
0,0,0,0,35,29,14653,112096,0,0,0,0,0,278218,3,0
0,0,0,0,1,29,14654,112096,0,0,0,0,0,209572,3,0
0,0,0,0,20,29,14655,112096,0,0,0,0,0,70952,3,0
3,0,0,1,99,29,14656,112096,0,0,0,0,0,208451,3,0
0,0,0,0,26,0,14657,112139,0,0,0,0,0,176550,3,0
1,0,0,0,2,3,14658,112139,0,0,0,0,0,232477,3,0
2,0,0,0,5,4,14659,112139,0,0,0,0,0,241197,3,0
4,0,0,1,27,6,14660,112139,0,0,0,0,0,212218,3,0
2,0,0,0,15,7,14661,112139,0,0,0,0,0,212462,3,0
1,0,0,0,17,9,14662,112139,0,0,0,0,0,237721,3,0
4,0,0,1,77,11,14663,112139,0,0,0,0,0,216352,5,0
13,0,0,1,10,12,14664,112139,0,0,0,0,0,208722,3,0
3,0,0,0,29,16,14665,112139,0,0,0,0,0,242117,3,0
8,0,0,1,25,18,14666,112139,0,0,0,0,0,210411,3,0
33,1,0,1,7,25,14667,112139,0,0,0,1,0,20801,4,0
1,0,0,0,14,28,14668,112139,0,0,0,0,0,233961,3,0
0,0,0,0,19,28,14669,112139,0,0,0,0,0,242863,4,0
0,0,0,0,78,28,14670,112139,0,0,0,0,0,228783,3,0
0,0,0,0,12,28,14671,112139,0,0,0,0,0,254685,3,0
0,0,0,0,44,28,14672,112139,0,0,0,0,0,255368,3,0
0,0,0,0,16,28,14673,112139,0,0,0,0,0,255369,3,0
1,0,0,0,8,28,14674,112139,0,0,0,0,0,220895,3,0
1,0,0,0,23,28,14675,112139,0,0,0,0,0,253440,3,0
0,0,0,0,36,28,14676,112139,0,0,0,0,0,245502,3,0
0,0,0,0,33,28,14677,112139,0,0,0,0,0,191848,3,0
0,0,0,0,22,28,14678,112139,0,0,0,0,0,202157,3,0
1,0,0,0,4,28,14679,112139,0,0,0,0,0,210134,3,0
0,0,0,0,24,29,14680,112139,0,0,0,0,0,214923,3,0
0,0,0,0,30,29,14681,112139,0,0,0,0,0,272957,3,0
2,0,0,0,46,29,14682,112139,0,0,0,0,0,275571,2,0
16,1,0,1,94,29,14683,112139,0,0,0,0,0,212523,3,0
0,0,0,0,31,29,14684,112139,0,0,0,0,0,276808,3,0
0,0,0,0,37,29,14685,112139,0,0,0,0,0,71282,3,0
0,0,0,0,49,29,14686,112139,0,0,0,0,0,71828,3,0
0,0,0,0,55,29,14687,112139,0,0,0,0,0,72038,3,0
0,0,0,0,16,0,14688,112387,0,0,0,0,0,234642,3,0
0,0,0,0,6,3,14689,112387,0,0,0,0,0,261190,3,0
3,0,0,0,3,4,14690,112387,0,0,0,0,0,247257,4,0
1,0,0,0,28,6,14691,112387,0,0,0,0,0,238160,3,0
0,0,0,0,31,7,14692,112387,0,0,0,0,0,260010,3,0
0,0,0,0,40,9,14693,112387,0,0,0,0,0,240600,3,0
9,0,0,1,79,11,14694,112387,0,0,0,0,0,230938,4,0
10,0,0,1,7,12,14695,112387,0,0,0,0,0,204485,3,0
4,0,0,1,97,16,14696,112387,0,0,0,0,0,216388,2,0
8,0,0,1,10,18,14697,112387,0,0,0,0,0,201942,4,0
16,1,0,1,20,25,14698,112387,0,0,0,0,0,238545,4,0
0,0,0,0,45,28,14699,112387,0,0,0,0,0,277487,2,0
0,0,0,0,11,28,14700,112387,0,0,0,0,0,206006,3,0
2,0,0,0,37,28,14701,112387,0,0,0,0,0,245499,3,0
0,0,0,0,34,28,14702,112387,0,0,0,0,0,277461,3,0
0,0,0,0,1,28,14703,112387,0,0,0,0,0,263867,3,0
2,0,0,0,8,28,14704,112387,0,0,0,0,0,240068,3,0
0,0,0,0,19,28,14705,112387,0,0,0,0,0,242245,3,0
3,0,0,0,15,28,14706,112387,0,0,0,0,0,225600,3,0
0,0,0,0,65,28,14707,112387,0,0,0,0,0,277474,3,0
0,0,0,0,95,28,14708,112387,0,0,0,0,0,277488,3,0
0,0,0,0,46,28,14709,112387,0,0,0,0,0,264203,3,0
0,0,0,0,26,28,14710,112387,0,0,0,0,0,253387,3,0
0,0,0,0,14,29,14711,112387,0,0,0,0,0,210926,3,0
0,0,0,0,73,29,14712,112387,0,0,0,0,0,277486,3,0
0,0,0,0,17,29,14713,112387,0,0,0,0,0,257842,3,0
1,0,0,0,30,29,14714,112387,0,0,0,0,0,263182,3,0
0,0,0,0,62,29,14715,112387,0,0,0,0,0,277459,3,0
0,0,0,0,99,29,14716,112387,0,0,0,0,0,207645,3,0
1,0,0,0,27,29,14717,112387,0,0,0,0,0,242506,3,0
0,0,0,0,29,29,14718,112387,0,0,0,0,0,240463,3,0
4,0,0,1,24,29,14719,112387,0,0,0,0,0,258729,3,0
0,0,0,0,21,29,14720,112387,0,0,0,0,0,71999,3,0
0,0,0,0,1,0,14721,112390,0,0,0,0,0,221584,3,0
0,0,0,0,12,3,14722,112390,0,0,0,0,0,272881,4,0
2,0,0,0,17,4,14723,112390,0,0,0,0,0,235890,3,0
0,0,0,0,64,6,14724,112390,0,0,0,0,0,220182,3,0
3,0,0,0,83,7,14725,112390,0,0,0,0,0,270001,3,0
4,0,0,1,28,9,14726,112390,0,0,0,0,0,255487,4,0
0,0,0,0,7,11,14727,112390,0,0,0,0,0,232901,3,0
8,0,0,1,11,12,14728,112390,0,0,0,0,0,259265,3,0
10,0,0,1,37,16,14729,112390,0,0,0,0,0,200315,3,0
7,0,0,1,10,18,14730,112390,0,0,0,0,0,215270,3,0
7,0,0,1,21,25,14731,112390,0,0,0,0,0,205427,4,0
0,0,0,0,14,28,14732,112390,0,0,0,0,0,209565,3,0
0,0,0,0,8,28,14733,112390,0,0,0,0,0,212971,3,0
0,0,0,0,2,28,14734,112390,0,0,0,0,0,210790,3,0
0,0,0,0,24,28,14735,112390,0,0,0,0,0,220356,3,0
0,0,0,0,55,28,14736,112390,0,0,0,0,0,231146,3,0
2,0,0,0,66,28,14737,112390,0,0,0,0,0,260414,3,0
1,0,0,0,25,28,14738,112390,0,0,0,0,0,209177,3,0
0,0,0,0,15,28,14739,112390,0,0,0,0,0,263277,3,0
0,0,0,0,88,28,14740,112390,0,0,0,0,0,263766,3,0
4,0,0,1,49,28,14741,112390,0,0,0,0,0,279591,3,0
0,0,0,0,99,28,14742,112390,0,0,0,0,0,214692,3,0
0,0,0,0,18,28,14743,112390,0,0,0,0,0,234988,3,0
0,0,0,0,40,29,14744,112390,0,0,0,0,0,71632,3,0
0,0,0,0,87,29,14745,112390,0,0,0,0,0,228784,3,0
0,0,0,0,5,29,14746,112390,0,0,0,0,0,259103,3,0
0,0,0,0,29,29,14747,112390,0,0,0,0,0,278201,3,0
0,0,0,0,20,29,14748,112390,0,0,0,0,0,245494,3,0
0,0,0,0,42,29,14749,112390,0,0,0,0,0,275128,3,0
0,0,0,0,99,0,14750,112391,0,0,0,0,0,209027,3,0
0,0,0,0,1,3,14751,112391,0,0,0,0,0,245510,3,0
0,0,0,0,33,4,14752,112391,0,0,0,0,0,238206,3,0
0,0,0,0,2,6,14753,112391,0,0,0,0,0,231111,3,0
0,0,0,0,4,7,14754,112391,0,0,0,0,0,209289,3,0
0,0,0,0,5,10,14755,112391,0,0,0,0,0,242114,3,0
0,0,0,0,6,23,14756,112391,0,0,0,0,0,203299,3,0
0,0,0,0,7,13,14757,112391,0,0,0,0,0,241809,3,0
1,0,0,1,8,15,14758,112391,0,0,0,0,0,239042,3,0
0,0,0,0,20,27,14759,112391,0,0,0,0,0,208949,3,0
0,0,0,0,9,25,14760,112391,0,0,0,0,0,221373,3,0
0,0,0,0,11,28,14761,112391,0,0,0,0,0,260832,3,0
0,0,0,0,3,28,14762,112391,0,0,0,0,0,191260,3,0
0,0,0,0,17,28,14763,112391,0,0,0,0,0,221812,3,0
0,0,0,0,10,28,14764,112391,0,0,0,0,0,231437,3,0
0,0,0,0,12,28,14765,112391,0,0,0,0,0,275593,3,0
0,0,0,0,13,28,14766,112391,0,0,0,0,0,238234,3,0
0,0,0,0,39,28,14767,112391,0,0,0,0,0,232904,3,0
0,0,0,0,50,28,14768,112391,0,0,0,0,0,253015,3,0
0,0,0,0,37,28,14769,112391,0,0,0,0,0,235556,3,0
0,0,0,0,1,0,14770,112392,0,0,0,0,0,224953,3,0
1,0,0,0,32,3,14771,112392,0,0,0,0,0,252421,3,0
3,0,0,1,21,4,14772,112392,0,0,0,0,0,230140,3,0
0,0,0,0,5,6,14773,112392,0,0,0,0,0,245021,3,0
0,0,0,0,43,7,14774,112392,0,0,0,0,0,235710,3,0
0,0,0,0,14,9,14775,112392,0,0,0,0,0,259349,3,0
1,0,0,0,24,11,14776,112392,0,0,0,0,0,276609,4,0
6,0,0,1,7,12,14777,112392,0,0,0,0,0,263893,4,0
1,0,0,0,45,16,14778,112392,0,0,0,0,0,241863,3,0
11,0,0,1,11,18,14779,112392,0,0,0,0,0,259345,3,0
7,0,0,1,17,25,14780,112392,0,0,0,0,0,210722,3,0
8,0,0,1,10,28,14781,112392,0,0,0,0,0,240526,4,0
0,0,0,0,18,28,14782,112392,0,0,0,0,0,231171,3,0
0,0,0,0,19,28,14783,112392,0,0,0,0,0,210898,3,0
0,0,0,0,28,28,14784,112392,0,0,0,0,0,226181,3,0
0,0,0,0,23,28,14785,112392,0,0,0,0,0,225061,2,0
0,0,0,0,9,28,14786,112392,0,0,0,0,0,221264,3,0
1,0,0,0,8,28,14787,112392,0,0,0,0,0,222404,3,0
0,0,0,0,20,28,14788,112392,0,0,0,0,0,272888,3,0
0,0,0,0,94,28,14789,112392,0,0,0,0,0,272833,3,0
0,0,0,0,6,28,14790,112392,0,0,0,0,0,240857,3,0
0,0,0,0,55,28,14791,112392,0,0,0,0,0,269933,3,0
0,0,0,0,50,28,14792,112392,0,0,0,0,0,248256,3,0
0,0,0,0,42,29,14793,112392,0,0,0,0,0,274225,3,0
0,0,0,0,49,29,14794,112392,0,0,0,0,0,248203,2,0
0,0,0,0,77,29,14795,112392,0,0,0,0,0,276770,3,0
0,0,0,0,2,29,14796,112392,0,0,0,0,0,276559,3,0
0,0,0,0,13,29,14797,112392,0,0,0,0,0,71825,3,0
0,0,0,0,1,0,14798,112393,0,0,0,0,0,243830,3,0
0,0,0,0,15,3,14799,112393,0,0,0,0,0,264823,3,0
1,0,0,0,4,4,14800,112393,0,0,0,0,0,226515,3,0
0,0,0,0,93,6,14801,112393,0,0,0,0,0,241862,3,0
0,0,0,0,42,7,14802,112393,0,0,0,0,0,272830,3,0
4,0,0,1,18,10,14803,112393,0,0,0,0,0,234200,3,0
0,0,0,0,8,23,14804,112393,0,0,0,0,0,260343,3,0
0,0,0,0,19,13,14805,112393,0,0,0,0,0,227785,4,0
1,0,0,0,24,15,14806,112393,0,0,0,0,0,234134,3,0
6,0,0,1,99,27,14807,112393,0,0,0,0,0,242374,3,0
10,0,0,1,30,25,14808,112393,0,0,0,0,0,240290,4,0
1,0,0,0,29,28,14809,112393,0,0,0,0,0,264206,3,0
0,0,0,0,6,28,14810,112393,0,0,0,0,0,259359,3,0
0,0,0,0,11,28,14811,112393,0,0,0,0,0,274494,3,0
0,0,0,0,34,28,14812,112393,0,0,0,0,0,279594,3,0
0,0,0,0,27,28,14813,112393,0,0,0,0,0,259347,3,0
6,0,0,1,88,28,14814,112393,0,0,0,0,0,242312,3,0
2,0,0,0,7,28,14815,112393,0,0,0,0,0,277201,3,0
0,0,0,0,90,28,14816,112393,0,0,0,0,0,273923,3,0
0,0,0,0,5,28,14817,112393,0,0,0,0,0,277233,3,0
1,0,0,0,17,28,14818,112393,0,0,0,0,0,242060,3,0
1,0,0,0,9,28,14819,112393,0,0,0,0,0,235500,3,0
4,0,0,1,22,28,14820,112393,0,0,0,0,0,224962,3,0
0,0,0,0,20,29,14821,112393,0,0,0,0,0,263977,3,0
0,0,0,0,28,29,14822,112393,0,0,0,0,0,243213,3,0
0,0,0,0,91,29,14823,112393,0,0,0,0,0,278946,3,0
0,0,0,0,67,29,14824,112393,0,0,0,0,0,70616,3,0
0,0,0,0,26,29,14825,112393,0,0,0,0,0,235551,3,0
0,0,0,0,55,29,14826,112393,0,0,0,0,0,262272,3,0
6,0,0,1,16,29,14827,112393,0,0,0,0,0,232787,3,0
2,0,0,0,23,29,14828,112393,0,0,0,0,0,248836,3,0
0,0,0,0,1,0,14829,112408,0,0,0,0,0,223573,3,0
1,0,0,0,2,3,14830,112408,0,0,0,0,0,212039,3,0
1,0,0,0,17,4,14831,112408,0,0,0,0,0,207716,3,0
3,0,0,0,5,6,14832,112408,0,0,0,0,0,241775,3,0
0,0,0,0,27,7,14833,112408,0,0,0,0,0,269683,4,0
0,0,0,0,4,10,14834,112408,0,0,0,0,0,210028,3,0
4,0,0,1,24,23,14835,112408,0,0,0,0,0,270460,3,0
5,0,0,1,87,13,14836,112408,0,0,0,0,0,197402,2,0
4,0,0,1,76,15,14837,112408,0,0,0,0,0,205083,3,0
0,0,0,0,7,27,14838,112408,0,0,0,0,0,237895,3,0
14,0,0,1,9,25,14839,112408,0,0,0,0,0,185195,4,0
0,0,0,0,88,28,14840,112408,0,0,0,0,0,231801,3,0
1,0,0,0,28,28,14841,112408,0,0,0,0,0,251091,3,0
2,0,0,0,6,28,14842,112408,0,0,0,0,0,212772,3,0
0,0,0,0,3,28,14843,112408,0,0,0,0,0,236357,3,0
0,0,0,0,13,28,14844,112408,0,0,0,0,0,242352,3,0
0,0,0,0,20,28,14845,112408,0,0,0,0,0,244105,3,0
0,0,0,0,90,28,14846,112408,0,0,0,0,0,260625,4,0
6,0,0,1,23,28,14847,112408,0,0,0,0,0,209888,3,0
0,0,0,0,11,28,14848,112408,0,0,0,0,0,269686,3,0
0,0,0,0,22,28,14849,112408,0,0,0,0,0,269682,3,0
0,0,0,0,38,28,14850,112408,0,0,0,0,0,245416,3,0
0,0,0,0,35,28,14851,112408,0,0,0,0,0,246795,3,0
1,0,0,0,80,29,14852,112408,0,0,0,0,0,269684,3,0
0,0,0,0,12,29,14853,112408,0,0,0,0,0,232680,3,0
0,0,0,0,21,29,14854,112408,0,0,0,0,0,270733,3,0
0,0,0,0,19,29,14855,112408,0,0,0,0,0,255175,3,0
0,0,0,0,8,29,14856,112408,0,0,0,0,0,208953,3,0
0,0,0,0,16,29,14857,112408,0,0,0,0,0,248497,3,0
0,0,0,0,18,29,14858,112408,0,0,0,0,0,270626,3,0
0,0,0,0,15,29,14859,112408,0,0,0,0,0,269685,3,0
0,0,0,0,1,0,14860,112675,0,0,0,0,0,216115,3,0
0,0,0,0,99,3,14861,112675,0,0,0,0,0,225409,3,0
0,0,0,0,2,4,14862,112675,0,0,0,0,0,215971,3,0
0,0,0,0,3,6,14863,112675,0,0,0,0,0,246837,3,0
0,0,0,0,32,7,14864,112675,0,0,0,0,0,217832,3,0
0,0,0,0,5,10,14865,112675,0,0,0,0,0,183940,3,0
0,0,0,0,96,23,14866,112675,0,0,0,0,0,233645,3,0
0,0,0,0,10,13,14867,112675,0,0,0,0,0,216129,3,0
0,0,0,0,8,15,14868,112675,0,0,0,0,0,222161,3,0
0,0,0,0,6,27,14869,112675,0,0,0,0,0,213280,3,0
0,0,0,0,7,25,14870,112675,0,0,0,0,0,210807,3,0
0,0,0,0,12,28,14871,112675,0,0,0,0,0,235628,3,0
0,0,0,0,9,28,14872,112675,0,0,0,0,0,212970,3,0
0,0,0,0,11,28,14873,112675,0,0,0,0,0,245522,3,0
0,0,0,0,18,28,14874,112675,0,0,0,0,0,228250,3,0
0,0,0,0,16,28,14875,112675,0,0,0,0,0,226321,3,0
0,0,0,0,13,28,14876,112675,0,0,0,0,0,213024,3,0
0,0,0,0,34,28,14877,112675,0,0,0,0,0,263267,3,0
0,0,0,0,14,28,14878,112675,0,0,0,0,0,225198,3,0
0,0,0,0,15,28,14879,112675,0,0,0,0,0,257965,3,0
0,0,0,0,19,28,14880,112675,0,0,0,0,0,270699,3,0
0,0,0,0,23,28,14881,112675,0,0,0,0,0,259428,3,0
0,0,0,0,17,28,14882,112675,0,0,0,0,0,260250,3,0
0,0,0,0,4,29,14883,112675,0,0,0,0,0,240424,3,0
0,0,0,0,20,29,14884,112675,0,0,0,0,0,235910,3,0
0,0,0,0,96,0,14885,112883,0,0,0,0,0,232673,3,0
1,0,0,0,39,3,14886,112883,0,0,0,0,0,230762,2,0
2,0,0,1,4,4,14887,112883,0,0,0,0,0,215051,3,0
0,0,0,0,3,6,14888,112883,0,0,0,0,0,228624,3,0
0,0,0,0,5,7,14889,112883,0,0,0,0,0,234930,3,0
1,0,0,0,55,10,14890,112883,0,0,0,0,0,211003,3,0
7,0,0,1,7,12,14891,112883,0,0,0,0,0,225206,3,0
1,0,0,0,18,13,14892,112883,0,0,0,0,0,276343,3,0
1,0,0,0,8,15,14893,112883,0,0,0,0,0,226877,3,0
7,0,0,1,10,16,14894,112883,0,0,0,0,0,224394,3,0
5,0,0,1,9,25,14895,112883,0,0,0,0,0,261622,3,0
2,0,0,1,15,28,14896,112883,0,0,0,0,0,220422,2,0
0,0,0,0,88,28,14897,112883,0,0,0,0,0,70584,1,0
0,0,0,0,33,28,14898,112883,0,0,0,0,0,235600,3,0
0,0,0,0,13,28,14899,112883,0,0,0,0,0,259378,3,0
0,0,0,0,23,28,14900,112883,0,0,0,0,0,204349,3,0
1,0,0,0,11,28,14901,112883,0,0,0,0,0,211395,2,0
0,0,0,0,6,28,14902,112883,0,0,0,0,0,236689,3,0
0,0,0,0,2,28,14903,112883,0,0,0,0,0,245737,3,0
0,0,0,0,22,28,14904,112883,0,0,0,0,0,267827,3,0
0,0,0,0,26,28,14905,112883,0,0,0,0,0,269559,3,0
0,0,0,0,1,28,14906,112883,0,0,0,0,0,277279,3,0
0,0,0,0,99,28,14907,112883,0,0,0,0,0,257529,3,0
0,0,0,0,47,29,14908,112883,0,0,0,0,0,242708,3,0
0,0,0,0,66,29,14909,112883,0,0,0,0,0,271251,3,0
0,0,0,0,25,29,14910,112883,0,0,0,0,0,259176,3,0
1,0,0,0,27,29,14911,112883,0,0,0,0,0,240684,3,0
0,0,0,0,25,0,14912,113037,0,0,0,0,0,225647,4,0
0,0,0,0,27,3,14913,113037,0,0,0,0,0,269429,3,0
1,0,0,0,4,4,14914,113037,0,0,0,0,0,275544,3,0
0,0,0,0,36,6,14915,113037,0,0,0,0,0,204352,3,0
0,0,0,0,8,7,14916,113037,0,0,0,0,0,275549,3,0
1,0,0,0,20,9,14917,113037,0,0,0,0,0,218359,3,0
3,0,0,1,60,11,14918,113037,0,0,0,0,0,209698,3,0
8,0,0,1,14,12,14919,113037,0,0,0,0,0,251906,3,0
2,0,0,1,15,16,14920,113037,0,0,0,0,0,225195,3,0
4,0,0,1,11,18,14921,113037,0,0,0,0,0,194171,3,0
5,0,0,1,9,25,14922,113037,0,0,0,0,0,194138,3,0
1,0,0,0,26,28,14923,113037,0,0,0,0,0,210792,3,0
0,0,0,0,80,28,14924,113037,0,0,0,0,0,208925,3,0
0,0,0,0,29,28,14925,113037,0,0,0,0,0,208965,3,0
0,0,0,0,2,28,14926,113037,0,0,0,0,0,208229,3,0
0,0,0,0,22,28,14927,113037,0,0,0,0,0,235545,3,0
0,0,0,0,88,28,14928,113037,0,0,0,0,0,209281,3,0
0,0,0,0,12,28,14929,113037,0,0,0,0,0,275556,3,0
0,0,0,0,6,28,14930,113037,0,0,0,0,0,233512,3,0
0,0,0,0,28,28,14931,113037,0,0,0,0,0,277511,3,0
0,0,0,0,1,28,14932,113037,0,0,0,0,0,245435,3,0
0,0,0,0,7,28,14933,113037,0,0,0,0,0,276114,2,0
0,0,0,0,40,28,14934,113037,0,0,0,0,0,276776,3,0
0,0,0,0,24,29,14935,113037,0,0,0,0,0,243273,3,0
0,0,0,0,77,29,14936,113037,0,0,0,0,0,276989,3,0
0,0,0,0,16,29,14937,113037,0,0,0,0,0,277676,3,0
0,0,0,0,66,29,14938,113037,0,0,0,0,0,71150,3,0
0,0,0,0,18,29,14939,113037,0,0,0,0,0,263403,3,0
1,0,0,0,5,29,14940,113037,0,0,0,0,0,240586,3,0
0,0,0,0,88,0,14941,113057,0,0,0,0,0,167993,3,0
0,0,0,0,22,3,14942,113057,0,0,0,0,0,239126,3,0
0,0,0,0,4,4,14943,113057,0,0,0,0,0,238902,3,0
0,0,0,0,2,6,14944,113057,0,0,0,0,0,243153,2,0
0,0,0,0,3,7,14945,113057,0,0,0,0,0,235634,3,0
0,0,0,0,8,9,14946,113057,0,0,0,0,0,251660,3,0
0,0,0,0,13,11,14947,113057,0,0,0,0,0,230850,3,0
17,1,0,1,17,12,14948,113057,0,0,0,0,0,244391,4,0
1,0,0,0,29,16,14949,113057,0,0,0,0,0,245377,3,0
5,0,0,1,77,18,14950,113057,0,0,0,0,0,237499,5,0
4,0,0,1,9,25,14951,113057,0,0,0,0,0,241771,3,0
10,0,0,1,7,28,14952,113057,0,0,0,0,0,234045,3,0
0,0,0,0,11,28,14953,113057,0,0,0,0,0,221369,3,0
1,0,0,0,33,28,14954,113057,0,0,0,0,0,209169,3,0
0,0,0,0,80,28,14955,113057,0,0,0,0,0,229922,3,0
0,0,0,0,1,28,14956,113057,0,0,0,0,0,277471,3,0
0,0,0,0,49,28,14957,113057,0,0,0,0,0,276565,3,0
2,0,0,1,27,28,14958,113057,0,0,0,0,0,225976,3,0
1,0,0,0,37,28,14959,113057,0,0,0,0,0,242143,3,0
0,0,0,0,45,28,14960,113057,0,0,0,0,0,71144,3,0
0,0,0,0,70,28,14961,113057,0,0,0,0,0,277454,3,0
0,0,0,0,98,28,14962,113057,0,0,0,0,0,245493,3,0
0,0,0,0,66,28,14963,113057,0,0,0,0,0,278132,3,0
0,0,0,0,19,29,14964,113057,0,0,0,0,0,210149,3,0
1,0,0,0,6,29,14965,113057,0,0,0,0,0,259266,3,0
0,0,0,0,40,29,14966,113057,0,0,0,0,0,279660,3,0
0,0,0,0,96,29,14967,113057,0,0,0,0,0,71456,3,0
0,0,0,0,12,29,14968,113057,0,0,0,0,0,278127,3,0
0,0,0,0,99,29,14969,113057,0,0,0,0,0,255836,3,0
0,0,0,0,75,29,14970,113057,0,0,0,0,0,278131,3,0
0,0,0,0,62,29,14971,113057,0,0,0,0,0,71281,3,0
0,0,0,0,1,0,14972,113060,0,0,0,0,0,245783,1,0
0,0,0,0,8,3,14973,113060,0,0,0,0,0,275557,3,0
2,0,0,1,4,4,14974,113060,0,0,0,0,0,235514,1,0
1,0,0,0,5,5,14975,113060,0,0,0,0,0,205469,2,0
6,0,0,1,3,6,14976,113060,0,0,0,0,0,248003,3,0
0,0,0,0,27,7,14977,113060,0,0,0,0,0,209223,2,0
3,0,0,1,11,12,14978,113060,0,0,0,0,0,242999,2,0
0,0,0,0,6,13,14979,113060,0,0,0,0,0,275561,3,0
1,0,0,0,18,15,14980,113060,0,0,0,0,0,247093,3,0
5,0,0,1,99,16,14981,113060,0,0,0,0,0,230764,4,0
5,0,0,1,9,25,14982,113060,0,0,0,0,0,244727,2,0
2,0,0,1,10,28,14983,113060,0,0,0,0,0,223231,2,0
0,0,0,0,14,28,14984,113060,0,0,0,0,0,243954,3,0
1,0,0,0,20,28,14985,113060,0,0,0,0,0,221498,3,0
0,0,0,0,2,28,14986,113060,0,0,0,0,0,235479,3,0
0,0,0,0,23,28,14987,113060,0,0,0,0,0,208988,3,0
1,0,0,0,13,28,14988,113060,0,0,0,0,0,275560,3,0
0,0,0,0,49,28,14989,113060,0,0,0,0,0,70731,3,0
0,0,0,0,7,28,14990,113060,0,0,0,0,0,266833,3,0
0,0,0,0,21,28,14991,113060,0,0,0,0,0,275564,3,0
1,0,0,0,77,28,14992,113060,0,0,0,0,0,235162,3,0
0,0,0,0,19,28,14993,113060,0,0,0,0,0,276780,3,0
1,0,0,0,12,28,14994,113060,0,0,0,0,0,275559,3,0
0,0,0,0,25,29,14995,113060,0,0,0,0,0,276673,3,0
0,0,0,0,24,29,14996,113060,0,0,0,0,0,275568,3,0
0,0,0,0,15,29,14997,113060,0,0,0,0,0,267424,3,0
1,0,0,0,29,29,14998,113060,0,0,0,0,0,277475,2,0
0,0,0,0,30,29,14999,113060,0,0,0,0,0,225851,3,0
0,0,0,0,17,29,15000,113060,0,0,0,0,0,276766,3,0
0,0,0,0,30,0,15001,113217,0,0,0,0,0,251511,4,0
0,0,0,0,21,3,15002,113217,0,0,0,0,0,259128,3,0
3,0,0,1,15,4,15003,113217,0,0,0,0,0,254895,3,0
1,0,0,0,3,6,15004,113217,0,0,0,0,0,261737,3,0
0,0,0,0,20,7,15005,113217,0,0,0,0,0,272906,3,0
2,0,0,0,49,23,15006,113217,0,0,0,0,0,230532,3,0
0,0,0,0,8,13,15007,113217,0,0,0,0,0,222134,3,0
4,0,0,1,31,14,15008,113217,0,0,0,0,0,212207,3,0
3,0,0,1,17,15,15009,113217,0,0,0,0,0,216351,3,0
15,0,0,1,10,27,15010,113217,0,0,0,0,0,219732,4,0
1,0,0,0,14,25,15011,113217,0,0,0,0,0,248339,3,0
6,0,0,1,9,28,15012,113217,0,0,0,0,0,220306,3,0
0,0,0,0,23,28,15013,113217,0,0,0,0,0,238357,3,0
0,0,0,0,19,28,15014,113217,0,0,0,0,0,263152,3,0
0,0,0,0,40,28,15015,113217,0,0,0,0,0,256329,3,0
0,0,0,0,22,28,15016,113217,0,0,0,0,0,248255,3,0
0,0,0,0,12,28,15017,113217,0,0,0,0,0,267427,3,0
0,0,0,0,11,28,15018,113217,0,0,0,0,0,221772,3,0
0,0,0,0,18,28,15019,113217,0,0,0,0,0,276763,3,0
0,0,0,0,99,28,15020,113217,0,0,0,0,0,210901,3,0
1,0,0,0,41,28,15021,113217,0,0,0,0,0,255531,3,0
0,0,0,0,4,28,15022,113217,0,0,0,0,0,254800,3,0
0,0,0,0,7,28,15023,113217,0,0,0,0,0,253207,3,0
0,0,0,0,51,29,15024,113217,0,0,0,0,0,242558,3,0
0,0,0,0,16,29,15025,113217,0,0,0,0,0,248340,3,0
0,0,0,0,1,29,15026,113217,0,0,0,0,0,266178,3,0
0,0,0,0,2,29,15027,113217,0,0,0,0,0,228627,3,0
0,0,0,0,99,0,15028,131735,0,0,0,0,0,167959,3,0
0,0,0,0,1,3,15029,131735,0,0,0,0,0,72740,3,0
0,0,0,0,3,4,15030,131735,0,0,0,0,0,277460,3,0
0,0,0,0,4,6,15031,131735,0,0,0,0,0,233422,3,0
0,0,0,0,2,7,15032,131735,0,0,0,0,0,278747,3,0
0,0,0,0,6,9,15033,131735,0,0,0,0,0,210911,3,0
0,0,0,0,27,11,15034,131735,0,0,0,0,0,204729,3,0
0,0,0,0,5,17,15035,131735,0,0,0,0,0,72744,3,0
0,0,0,0,66,18,15036,131735,0,0,0,0,0,225089,3,0
0,0,0,0,7,19,15037,131735,0,0,0,0,0,72739,3,0
0,0,0,0,25,25,15038,131735,0,0,0,0,0,230094,3,0
0,0,0,0,11,28,15039,131735,0,0,0,0,0,234605,3,0
0,0,0,0,10,28,15040,131735,0,0,0,0,0,231179,3,0
0,0,0,0,20,28,15041,131735,0,0,0,0,0,210495,3,0
0,0,0,0,9,28,15042,131735,0,0,0,0,0,72741,3,0
0,0,0,0,8,28,15043,131735,0,0,0,0,0,72724,3,0
0,0,0,0,13,28,15044,131735,0,0,0,0,0,259447,3,0
0,0,0,0,12,28,15045,131735,0,0,0,0,0,259108,3,0
0,0,0,0,1,0,15046,111393,0,0,0,0,0,239019,3,0
1,0,0,0,21,3,15047,111393,0,0,0,0,0,195361,3,0
1,0,0,0,4,4,15048,111393,0,0,0,0,0,205049,3,0
0,0,0,0,3,6,15049,111393,0,0,0,0,0,225051,3,0
0,0,0,0,7,7,15050,111393,0,0,0,0,0,220819,3,0
0,0,0,0,8,9,15051,111393,0,0,0,0,0,203024,3,0
0,0,0,0,55,11,15052,111393,0,0,0,0,0,266740,3,0
8,0,0,1,66,12,15053,111393,0,0,0,0,1,266245,3,0
8,0,0,1,10,16,15054,111393,0,0,0,0,0,212803,3,0
2,0,0,0,6,18,15055,111393,0,0,0,0,1,212753,3,0
15,1,0,1,9,25,15056,111393,0,0,0,0,4,190644,3,0
1,0,0,0,22,28,15057,111393,0,0,0,0,0,203069,3,0
4,0,0,1,26,28,15058,111393,0,0,0,0,0,203309,3,0
0,0,0,0,23,28,15059,111393,0,0,0,0,0,253447,3,0
1,0,0,0,2,28,15060,111393,0,0,0,0,1,253401,3,0
0,0,0,0,40,28,15061,111393,0,0,0,0,0,264068,3,0
4,0,0,1,17,28,15062,111393,0,0,0,0,0,272571,3,0
1,0,0,0,49,28,15063,111393,0,0,0,0,0,271988,3,0
0,0,0,0,13,28,15064,111393,0,0,0,0,0,240695,3,0
0,0,0,0,42,28,15065,111393,0,0,0,0,0,279186,3,0
0,0,0,0,19,28,15066,111393,0,0,0,0,0,247889,3,0
0,0,0,0,37,28,15067,111393,0,0,0,0,0,260630,3,0
0,0,0,0,36,28,15068,111393,0,0,0,0,0,272708,3,0
0,0,0,0,14,29,15069,111393,0,0,0,0,0,250895,3,0
1,0,0,0,51,29,15070,111393,0,0,0,0,0,273526,3,0
0,0,0,0,27,29,15071,111393,0,0,0,0,0,245509,3,0
0,0,0,0,62,29,15072,111393,0,0,0,0,0,71743,3,0
0,0,0,0,54,29,15073,111393,0,0,0,0,0,71742,3,0
0,0,0,0,1,0,15074,111395,0,0,0,0,0,252699,3,0
0,0,0,0,21,3,15075,111395,0,0,0,0,0,240632,3,0
1,0,0,0,5,4,15076,111395,0,0,0,0,0,190962,3,0
1,0,0,0,27,6,15077,111395,0,0,0,0,0,252700,3,0
1,0,0,0,3,7,15078,111395,0,0,0,0,0,209364,3,0
5,0,0,1,10,12,15079,111395,0,0,0,0,0,236342,3,0
7,0,0,1,13,13,15080,111395,2,0,0,0,2,264721,3,0
7,0,0,1,26,15,15081,111395,0,0,0,0,0,180903,3,0
1,0,0,0,23,16,15082,111395,0,0,0,0,0,261244,3,0
7,0,0,1,16,24,15083,111395,1,0,0,0,1,273082,3,0
3,0,0,1,7,26,15084,111395,0,0,0,0,0,193427,3,0
0,0,0,0,12,28,15085,111395,0,0,0,0,0,257348,3,0
1,0,0,0,11,28,15086,111395,0,0,0,0,0,264722,3,0
1,0,0,0,19,28,15087,111395,0,0,0,0,0,193875,3,0
0,0,0,0,35,28,15088,111395,0,0,0,0,0,264062,3,0
0,0,0,0,29,28,15089,111395,0,0,0,0,0,209895,3,0
3,0,0,1,8,28,15090,111395,0,0,0,0,0,278214,3,0
1,0,0,0,99,28,15091,111395,0,0,0,0,0,259857,3,0
1,0,0,0,14,28,15092,111395,0,0,0,0,0,278180,3,0
0,0,0,0,32,28,15093,111395,0,0,0,0,0,273834,3,0
0,0,0,0,44,28,15094,111395,0,0,0,0,0,274074,3,0
0,0,0,0,17,28,15095,111395,0,0,0,0,0,248227,3,0
0,0,0,0,22,28,15096,111395,0,0,0,0,0,261948,3,0
0,0,0,0,18,29,15097,111395,0,0,0,0,0,278189,3,0
2,0,0,0,20,29,15098,111395,0,0,0,0,0,193092,3,0
0,0,0,0,2,29,15099,111395,0,0,0,0,0,192572,3,0
0,0,0,0,6,29,15100,111395,0,0,0,0,0,232357,3,0
0,0,0,0,42,29,15101,111395,0,0,0,0,0,279617,3,0
0,0,0,0,20,0,15102,111396,0,0,0,0,0,181481,3,0
1,0,0,0,15,3,15103,111396,0,0,0,0,0,213094,3,0
0,0,0,0,33,4,15104,111396,0,0,0,0,0,277522,3,0
2,0,0,1,3,6,15105,111396,0,0,0,0,0,217439,3,0
2,0,0,1,18,7,15106,111396,1,0,0,0,1,265422,3,0
2,0,0,1,2,12,15107,111396,0,0,0,0,0,277428,3,0
3,0,0,1,6,13,15108,111396,1,0,0,0,2,261386,3,0
0,0,0,0,26,15,15109,111396,0,0,0,0,0,268416,3,0
3,0,0,1,7,16,15110,111396,0,0,0,0,1,238170,3,0
2,0,0,1,4,24,15111,111396,0,0,0,0,0,247822,3,0
5,0,0,1,9,26,15112,111396,0,0,0,0,1,256392,3,0
0,0,0,0,37,28,15113,111396,0,0,0,0,0,70063,3,0
1,0,0,0,22,28,15114,111396,0,0,0,0,0,70201,3,0
1,0,0,0,16,28,15115,111396,0,0,0,0,1,265581,3,0
1,0,0,0,28,28,15116,111396,0,0,0,0,0,269792,3,0
0,0,0,0,30,28,15117,111396,0,0,0,0,0,270122,3,0
2,0,0,1,99,28,15118,111396,0,0,0,0,1,243427,3,0
1,0,0,0,39,28,15119,111396,0,0,0,0,0,275267,3,0
0,0,0,0,5,28,15120,111396,0,0,0,0,0,255941,3,0
3,0,0,1,17,28,15121,111396,0,0,0,0,0,277473,3,0
0,0,0,0,27,28,15122,111396,0,0,0,0,0,272714,3,0
0,0,0,0,40,28,15123,111396,0,0,0,0,0,277571,3,0
0,0,0,0,41,28,15124,111396,0,0,0,0,0,274690,3,0
0,0,0,0,36,29,15125,111396,0,0,0,0,0,274689,3,0
0,0,0,0,14,29,15126,111396,0,0,0,0,0,243721,3,0
0,0,0,0,45,29,15127,111396,0,0,0,0,0,70061,3,0
0,0,0,0,20,0,15128,111397,0,0,0,0,0,204424,3,0
0,0,0,0,2,3,15129,111397,0,0,0,0,0,212511,3,0
3,0,0,1,5,4,15130,111397,0,0,0,0,0,179789,3,0
1,0,0,0,21,6,15131,111397,0,0,0,0,0,193143,3,0
0,0,0,0,3,7,15132,111397,0,0,0,0,0,193177,3,0
1,0,0,0,25,9,15133,111397,0,0,0,0,0,246007,3,0
0,0,0,0,22,11,15134,111397,0,0,0,0,0,240262,3,0
4,0,0,1,19,12,15135,111397,2,0,0,0,2,234867,3,0
2,0,0,1,11,16,15136,111397,0,0,0,0,0,240580,3,0
7,0,0,1,8,18,15137,111397,1,0,0,0,1,228821,3,0
18,1,0,1,10,25,15138,111397,0,0,0,0,0,189225,3,0
1,0,0,0,28,28,15139,111397,0,0,0,0,0,200107,3,0
1,0,0,0,7,28,15140,111397,0,0,0,0,0,228171,3,0
1,0,0,0,24,28,15141,111397,0,0,0,0,0,263982,3,0
0,0,0,0,16,28,15142,111397,0,0,0,0,0,231310,3,0
0,0,0,0,40,28,15143,111397,0,0,0,0,0,278778,3,0
2,0,0,1,17,28,15144,111397,0,0,0,0,0,262039,3,0
1,0,0,0,23,28,15145,111397,0,0,0,0,0,204701,3,0
0,0,0,0,29,28,15146,111397,0,0,0,0,0,276622,3,0
0,0,0,0,18,28,15147,111397,0,0,0,0,0,251821,3,0
0,0,0,0,15,28,15148,111397,0,0,0,0,0,261246,3,0
0,0,0,0,6,28,15149,111397,0,0,0,0,0,181010,3,0
0,0,0,0,27,28,15150,111397,0,0,0,0,0,275134,3,0
1,0,0,0,14,29,15151,111397,0,0,0,0,0,210217,3,0
0,0,0,0,30,29,15152,111397,0,0,0,0,0,260522,3,0
0,0,0,0,37,29,15153,111397,0,0,0,0,0,70909,3,0
0,0,0,0,1,0,15154,111398,0,0,0,0,0,254906,3,0
0,0,0,0,14,3,15155,111398,0,0,0,0,0,237714,3,0
1,0,0,0,22,4,15156,111398,0,0,0,0,0,259655,3,0
1,0,0,0,33,6,15157,111398,0,0,0,0,0,260617,3,0
0,0,0,0,23,7,15158,111398,0,0,0,0,0,247836,3,0
0,0,0,0,18,12,15159,111398,0,0,0,0,0,241200,3,0
1,0,0,0,17,13,15160,111398,0,0,0,0,0,242108,3,0
0,0,0,0,19,15,15161,111398,0,0,0,0,0,242056,3,0
7,0,0,1,13,16,15162,111398,0,0,0,0,1,277549,3,0
1,0,0,0,10,24,15163,111398,0,0,0,0,0,252974,3,0
17,1,0,1,8,26,15164,111398,1,0,0,0,2,241245,3,0
0,0,0,0,6,28,15165,111398,0,0,0,0,0,209359,3,0
2,0,0,1,5,28,15166,111398,0,0,0,0,0,257490,3,0
0,0,0,0,25,28,15167,111398,0,0,0,0,0,200841,3,0
0,0,0,0,3,28,15168,111398,0,0,0,0,0,185256,3,0
0,0,0,0,20,28,15169,111398,0,0,0,0,0,264646,3,0
5,0,0,1,7,28,15170,111398,0,0,0,0,0,232053,3,0
2,0,0,1,26,28,15171,111398,0,0,0,0,0,262648,3,0
0,0,0,0,39,28,15172,111398,0,0,0,0,0,259767,3,0
0,0,0,0,37,28,15173,111398,0,0,0,0,0,276249,3,0
0,0,0,0,27,28,15174,111398,0,0,0,0,0,70184,3,0
1,0,0,0,29,28,15175,111398,0,0,0,0,0,279501,3,0
0,0,0,0,15,28,15176,111398,0,0,0,0,0,228908,3,0
0,0,0,0,11,29,15177,111398,0,0,0,0,0,272419,3,0
0,0,0,0,66,29,15178,111398,0,0,0,0,0,277550,3,0
0,0,0,0,1,0,15179,111399,0,0,0,0,0,225993,3,0
0,0,0,0,2,3,15180,111399,0,0,0,0,0,236626,3,0
0,0,0,0,29,4,15181,111399,0,0,0,0,0,198135,3,0
2,0,0,1,28,6,15182,111399,0,0,0,0,0,277438,3,0
2,0,0,1,15,7,15183,111399,0,0,0,0,0,242840,3,0
1,0,0,0,23,12,15184,111399,0,0,0,0,0,276561,3,0
2,0,0,1,8,13,15185,111399,0,0,0,0,0,199002,3,0
0,0,0,0,20,15,15186,111399,0,0,0,0,0,260535,3,0
0,0,0,0,77,16,15187,111399,0,0,0,0,0,225759,3,0
6,0,0,1,7,24,15188,111399,0,0,0,0,0,257716,3,0
20,1,0,1,22,26,15189,111399,1,0,0,1,3,202676,3,0
0,0,0,0,19,28,15190,111399,0,0,0,0,0,260536,3,0
1,0,0,0,31,28,15191,111399,0,0,0,0,0,70799,3,0
0,0,0,0,4,28,15192,111399,0,0,0,0,0,260531,3,0
1,0,0,0,17,28,15193,111399,0,0,0,0,0,256324,3,0
0,0,0,0,13,28,15194,111399,0,0,0,0,0,260538,3,0
5,0,0,1,9,28,15195,111399,0,0,0,0,1,178089,3,0
0,0,0,0,3,28,15196,111399,0,0,0,0,0,268604,3,0
1,0,0,0,5,28,15197,111399,0,0,0,0,0,182209,3,0
0,0,0,0,34,28,15198,111399,0,0,0,0,0,70515,3,0
0,0,0,0,21,28,15199,111399,0,0,0,0,0,246120,3,0
0,0,0,0,11,28,15200,111399,0,0,0,0,0,267737,3,0
0,0,0,0,14,28,15201,111399,0,0,0,0,0,241920,3,0
0,0,0,0,25,29,15202,111399,0,0,0,0,0,276562,3,0
0,0,0,0,27,29,15203,111399,0,0,0,0,0,268539,3,0
1,0,0,0,16,29,15204,111399,0,0,0,0,0,260533,3,0
0,0,0,0,36,29,15205,111399,0,0,0,0,0,71988,3,0
0,0,0,0,1,0,15206,111400,0,0,0,0,0,183244,3,0
3,0,0,1,23,3,15207,111400,0,0,0,0,0,192241,3,0
0,0,0,0,27,4,15208,111400,0,0,0,0,0,70192,3,0
1,0,0,0,8,6,15209,111400,0,0,0,0,0,272324,3,0
3,0,0,1,4,7,15210,111400,1,0,0,0,1,252698,3,0
0,0,0,0,12,9,15211,111400,0,0,0,0,0,266148,3,0
1,0,0,0,26,11,15212,111400,1,0,0,0,1,199159,3,0
11,0,0,1,10,12,15213,111400,2,0,0,0,2,221587,3,0
8,0,0,1,11,16,15214,111400,2,0,0,0,2,198193,3,0
3,0,0,1,17,18,15215,111400,0,0,0,0,0,209886,3,0
3,0,0,1,25,25,15216,111400,0,0,0,0,1,272323,3,0
0,0,0,0,28,28,15217,111400,0,0,0,0,0,276840,3,0
2,0,0,0,22,28,15218,111400,0,0,0,0,0,225757,3,0
2,0,0,0,16,28,15219,111400,1,0,0,0,1,246005,3,0
0,0,0,0,15,28,15220,111400,0,0,0,0,0,278191,3,0
0,0,0,0,20,28,15221,111400,0,0,0,0,0,257892,3,0
11,0,0,1,9,28,15222,111400,0,0,0,0,1,260965,3,0
0,0,0,0,19,28,15223,111400,0,0,0,0,0,276462,3,0
0,0,0,0,18,28,15224,111400,0,0,0,0,0,274518,3,0
0,0,0,0,31,28,15225,111400,0,0,0,0,0,71482,3,0
0,0,0,0,21,28,15226,111400,0,0,0,0,0,276656,3,0
1,0,0,0,6,28,15227,111400,0,0,0,0,0,183465,3,0
0,0,0,0,3,28,15228,111400,0,0,0,0,0,271971,3,0
0,0,0,0,24,29,15229,111400,0,0,0,0,0,278224,3,0
0,0,0,0,32,29,15230,111400,0,0,0,0,0,72164,3,0
1,0,0,0,13,29,15231,111400,0,0,0,0,0,259629,3,0
0,0,0,0,29,29,15232,111400,0,0,0,0,0,279478,3,0
0,0,0,0,30,29,15233,111400,0,0,0,0,0,276187,3,0
0,0,0,0,40,0,15234,111766,0,0,0,0,0,263851,3,0
3,0,0,1,6,3,15235,111766,1,0,0,0,1,209361,3,0
0,0,0,0,4,4,15236,111766,0,0,0,0,0,203264,3,0
0,0,0,0,3,6,15237,111766,0,0,0,0,0,266150,3,0
0,0,0,0,19,7,15238,111766,0,0,0,0,0,253153,3,0
3,0,0,1,14,13,15239,111766,0,0,0,0,0,219392,3,0
0,0,0,0,17,14,15240,111766,0,0,0,0,0,268712,3,0
1,0,0,0,15,15,15241,111766,0,0,0,0,0,263786,3,0
6,0,0,1,11,17,15242,111766,0,0,0,0,0,239458,3,0
13,1,0,1,7,19,15243,111766,1,0,0,0,2,182091,3,0
6,0,0,1,9,25,15244,111766,1,0,0,0,1,224324,3,0
5,0,0,1,8,28,15245,111766,0,0,0,0,0,262289,3,0
0,0,0,0,5,28,15246,111766,0,0,0,0,0,277324,3,0
0,0,0,0,18,28,15247,111766,0,0,0,0,0,276461,3,0
0,0,0,0,26,28,15248,111766,0,0,0,0,0,274055,3,0
0,0,0,0,25,28,15249,111766,0,0,0,0,0,210368,3,0
1,0,0,0,24,28,15250,111766,0,0,0,0,0,253154,3,0
0,0,0,0,12,28,15251,111766,0,0,0,0,0,260176,3,0
0,0,0,0,30,28,15252,111766,0,0,0,0,0,279014,3,0
0,0,0,0,10,28,15253,111766,0,0,0,0,0,189691,3,0
0,0,0,0,43,28,15254,111766,0,0,0,0,0,279201,3,0
0,0,0,0,42,28,15255,111766,0,0,0,0,0,278977,3,0
0,0,0,0,23,28,15256,111766,0,0,0,0,0,278249,3,0
0,0,0,0,51,29,15257,111766,0,0,0,0,0,70066,3,0
0,0,0,0,1,0,15258,112224,0,0,0,0,0,163616,3,0
0,0,0,0,25,3,15259,112224,0,0,0,0,0,260004,3,0
1,0,0,0,22,4,15260,112224,0,0,0,0,0,203224,3,0
1,0,0,0,26,6,15261,112224,0,0,0,0,0,189155,3,0
0,0,0,0,14,7,15262,112224,0,0,0,0,0,245756,3,0
3,0,0,1,6,9,15263,112224,0,0,0,0,1,232162,3,0
0,0,0,0,8,11,15264,112224,0,0,0,0,0,203225,3,0
1,0,0,0,7,12,15265,112224,0,0,0,0,0,195033,3,0
6,0,0,1,11,16,15266,112224,0,0,0,0,3,264473,3,0
13,1,0,1,10,18,15267,112224,0,0,0,0,3,190761,3,0
1,0,0,0,37,25,15268,112224,0,0,0,0,0,262557,3,0
10,0,0,1,9,28,15269,112224,1,0,0,0,2,212232,3,0
1,0,0,0,23,28,15270,112224,0,0,0,0,0,246009,3,0
5,0,0,1,17,28,15271,112224,0,0,0,0,0,200535,3,0
1,0,0,0,4,28,15272,112224,0,0,0,0,0,197062,3,0
0,0,0,0,33,28,15273,112224,0,0,0,0,0,267599,3,0
2,0,0,0,44,28,15274,112224,0,0,0,0,1,223224,3,0
0,0,0,0,15,28,15275,112224,0,0,0,0,0,212075,3,0
1,0,0,0,21,28,15276,112224,0,0,0,0,0,264065,3,0
2,0,0,0,46,28,15277,112224,0,0,0,0,0,279198,3,0
0,0,0,0,2,28,15278,112224,0,0,0,0,0,212923,3,0
0,0,0,0,38,28,15279,112224,0,0,0,0,0,278233,3,0
0,0,0,0,39,28,15280,112224,0,0,0,0,0,274526,3,0
0,0,0,0,40,29,15281,112224,0,0,0,0,0,264057,3,0
0,0,0,0,18,29,15282,112224,0,0,0,0,0,264358,3,0
0,0,0,0,35,29,15283,112224,0,0,0,0,0,276057,3,0
0,0,0,0,53,29,15284,112224,0,0,0,0,0,70513,3,0
0,0,0,0,34,29,15285,112224,0,0,0,0,0,275871,3,0
0,0,0,0,20,0,15286,112427,0,0,0,0,0,203423,3,0
1,0,0,0,31,3,15287,112427,0,0,0,0,0,272737,3,0
2,0,0,1,6,4,15288,112427,0,0,0,0,0,180334,3,0
0,0,0,0,33,6,15289,112427,0,0,0,0,0,273529,3,0
1,0,0,0,19,7,15290,112427,0,0,0,0,0,213093,3,0
9,0,0,1,17,12,15291,112427,1,0,0,0,1,240096,3,0
1,0,0,0,36,13,15292,112427,1,0,0,0,1,277525,3,0
1,0,0,0,21,15,15293,112427,0,0,0,0,0,212755,3,0
9,0,0,1,14,16,15294,112427,1,0,0,0,1,257326,3,0
1,0,0,0,26,24,15295,112427,0,0,0,0,0,220708,3,0
5,0,0,1,9,26,15296,112427,0,0,0,0,0,206147,3,0
1,0,0,0,25,28,15297,112427,0,0,0,0,0,203308,3,0
3,0,0,1,7,28,15298,112427,0,0,0,0,0,237705,3,0
0,0,0,0,29,28,15299,112427,0,0,0,0,0,278838,3,0
0,0,0,0,16,28,15300,112427,0,0,0,0,0,225467,3,0
0,0,0,0,1,28,15301,112427,0,0,0,0,0,231914,3,0
1,0,0,0,5,28,15302,112427,0,0,0,0,0,199912,3,0
0,0,0,0,37,28,15303,112427,0,0,0,0,0,264063,3,0
0,0,0,0,32,28,15304,112427,0,0,0,0,0,270121,3,0
2,0,0,1,35,28,15305,112427,0,0,0,0,1,269475,3,0
1,0,0,0,28,28,15306,112427,1,0,0,0,1,70177,3,0
0,0,0,0,10,28,15307,112427,0,0,0,0,0,195088,3,0
0,0,0,0,2,28,15308,112427,0,0,0,0,0,240710,3,0
2,0,0,1,11,29,15309,112427,0,0,0,0,0,248183,3,0
1,0,0,0,39,29,15310,112427,0,0,0,0,1,273530,3,0
1,0,0,0,13,29,15311,112427,0,0,0,0,0,243785,3,0
0,0,0,0,44,29,15312,112427,0,0,0,0,0,71563,3,0
0,0,0,0,40,29,15313,112427,0,0,0,0,0,278886,3,0
1,0,0,0,8,29,15314,112427,0,0,0,0,0,179903,3,0
0,0,0,0,4,29,15315,112427,0,0,0,0,0,277523,3,0
0,0,0,0,38,29,15316,112427,0,0,0,0,0,277524,3,0
0,0,0,0,60,29,15317,112427,0,0,0,0,0,70974,3,0
0,0,0,0,30,29,15318,112427,0,0,0,0,0,69972,3,0
0,0,0,0,1,0,15319,114023,0,0,0,0,0,231682,3,0
1,0,0,0,19,3,15320,114023,0,0,0,0,0,202678,3,0
0,0,0,0,6,4,15321,114023,0,0,0,0,0,232596,3,0
1,0,0,0,4,6,15322,114023,0,0,0,0,1,211793,3,0
3,0,0,1,17,7,15323,114023,0,0,0,0,0,211785,3,0
2,0,0,0,8,12,15324,114023,0,0,0,0,0,238360,3,0
1,0,0,0,32,13,15325,114023,0,0,0,0,0,242154,3,0
0,0,0,0,21,15,15326,114023,0,0,0,0,0,236589,3,0
2,0,0,0,77,16,15327,114023,0,0,0,0,1,253663,3,0
4,0,0,1,9,24,15328,114023,0,0,0,0,0,259476,3,0
5,0,0,1,39,26,15329,114023,0,0,0,0,2,278156,3,0
2,0,0,0,13,28,15330,114023,0,0,0,0,0,181866,3,0
0,0,0,0,42,28,15331,114023,0,0,0,0,0,263899,3,0
1,0,0,0,24,28,15332,114023,0,0,0,0,1,233932,3,0
0,0,0,0,22,28,15333,114023,0,0,0,0,0,277548,3,0
0,0,0,0,33,28,15334,114023,0,0,0,0,0,242086,3,0
7,0,0,1,11,28,15335,114023,0,0,0,0,0,264324,3,0
0,0,0,0,7,28,15336,114023,0,0,0,0,0,240650,3,0
0,0,0,0,27,28,15337,114023,0,0,0,0,0,230980,3,0
5,0,0,1,38,28,15338,114023,0,0,0,0,0,263844,3,0
0,0,0,0,10,28,15339,114023,0,0,0,0,0,212989,3,0
0,0,0,0,49,28,15340,114023,0,0,0,0,0,270120,3,0
1,0,0,0,41,28,15341,114023,0,0,0,0,1,278882,3,0
0,0,0,0,70,29,15342,114023,0,0,0,0,0,278951,3,0
0,0,0,0,36,29,15343,114023,0,0,0,0,0,70518,3,0
0,0,0,0,34,29,15344,114023,0,0,0,0,0,70519,3,0
0,0,0,0,44,29,15345,114023,0,0,0,0,0,70805,3,0
0,0,0,0,29,29,15346,114023,0,0,0,0,0,70955,3,0
0,0,0,0,37,29,15347,114023,0,0,0,0,0,71161,3,0
0,0,0,0,43,29,15348,114023,0,0,0,0,0,71214,3,0
1,0,0,0,45,29,15349,114023,0,0,0,0,1,72008,3,0
0,0,0,0,12,0,15350,114604,0,0,0,0,0,193302,3,0
0,0,0,0,22,3,15351,114604,0,0,0,0,0,259725,3,0
1,0,0,0,6,4,15352,114604,0,0,0,0,0,231634,3,0
0,0,0,0,4,6,15353,114604,0,0,0,0,0,192250,3,0
0,0,0,0,13,7,15354,114604,0,0,0,0,0,235054,3,0
1,0,0,0,15,9,15355,114604,0,0,0,0,0,212013,3,0
0,0,0,0,23,11,15356,114604,0,0,0,0,0,231063,3,0
2,0,0,0,37,12,15357,114604,0,0,0,0,1,272562,3,0
4,0,0,0,17,16,15358,114604,0,0,0,0,0,253403,3,0
9,0,0,1,10,18,15359,114604,0,0,0,0,0,190581,3,0
12,0,0,1,98,25,15360,114604,0,0,0,0,0,203280,3,0
0,0,0,0,7,28,15361,114604,0,0,0,0,0,213488,3,0
5,0,0,1,8,28,15362,114604,0,0,0,0,0,259475,3,0
0,0,0,0,24,28,15363,114604,0,0,0,0,0,259724,3,0
1,0,0,0,3,28,15364,114604,0,0,0,0,1,186352,3,0
0,0,0,0,1,28,15365,114604,0,0,0,0,0,219159,3,0
0,0,0,0,31,28,15366,114604,0,0,0,0,0,259726,3,0
5,0,0,1,44,28,15367,114604,0,0,0,0,0,231356,3,0
1,0,0,0,52,28,15368,114604,0,0,0,0,1,70934,3,0
0,0,0,0,20,28,15369,114604,0,0,0,0,0,279543,3,0
1,0,0,0,36,28,15370,114604,0,0,0,0,0,273841,3,0
0,0,0,0,27,28,15371,114604,0,0,0,0,0,246008,3,0
0,0,0,0,16,28,15372,114604,0,0,0,0,0,272385,3,0
0,0,0,0,14,29,15373,114604,0,0,0,0,0,253752,3,0
0,0,0,0,18,29,15374,114604,0,0,0,0,0,242057,3,0
0,0,0,0,2,29,15375,114604,0,0,0,0,0,228889,3,0
5,0,0,1,21,29,15376,114604,0,0,0,0,0,264072,3,0
0,0,0,0,19,29,15377,114604,0,0,0,0,0,274825,3,0
0,0,0,0,30,29,15378,114604,0,0,0,0,0,276845,3,0
0,0,0,0,53,29,15379,114604,0,0,0,0,0,274005,3,0
0,0,0,0,1,0,15380,131739,0,0,0,0,0,230537,3,0
0,0,0,0,2,3,15381,131739,0,0,0,0,0,230538,3,0
0,0,0,0,3,4,15382,131739,0,0,0,0,0,230549,3,0
0,0,0,0,4,6,15383,131739,0,0,0,0,0,230550,3,0
0,0,0,0,5,7,15384,131739,0,0,0,0,0,230541,3,0
0,0,0,0,6,9,15385,131739,0,0,0,0,0,230542,3,0
0,0,0,0,7,11,15386,131739,0,0,0,0,0,230540,3,0
0,0,0,0,8,17,15387,131739,0,0,0,0,0,230543,3,0
0,0,0,0,9,18,15388,131739,0,0,0,0,0,230545,3,0
0,0,0,0,10,19,15389,131739,0,0,0,0,0,230544,3,0
0,0,0,0,11,25,15390,131739,0,0,0,0,0,254138,3,0
0,0,0,0,13,28,15391,131739,0,0,0,0,0,230552,3,0
0,0,0,0,15,28,15392,131739,0,0,0,0,0,230555,3,0
0,0,0,0,24,28,15393,131739,0,0,0,0,0,230556,3,0
1,0,0,1,23,28,15394,131739,0,0,0,0,0,259723,3,0
0,0,0,0,22,28,15395,131739,0,0,0,0,0,230548,3,0
0,0,0,0,45,28,15396,131739,0,0,0,0,0,230551,3,0
0,0,0,0,55,28,15397,131739,0,0,0,0,0,230539,3,0
0,0,0,0,13,0,15398,1013,0,0,0,0,0,227477,3,0
0,0,0,0,8,3,15399,1013,0,0,0,0,0,268657,3,0
0,0,0,0,4,4,15400,1013,0,0,0,0,0,233814,3,0
0,0,0,0,22,6,15401,1013,0,0,0,0,0,220429,3,0
0,0,0,0,21,7,15402,1013,0,0,0,0,0,258746,3,0
0,0,0,0,17,9,15403,1013,0,0,0,0,0,273842,3,0
0,0,0,0,5,11,15404,1013,0,0,0,0,0,228838,3,0
0,0,0,0,41,12,15405,1013,0,0,0,0,0,267784,3,0
0,0,0,0,28,16,15406,1013,0,0,0,0,0,251030,3,0
2,0,0,1,18,18,15407,1013,0,0,0,0,0,241568,3,0
6,1,0,1,11,25,15408,1013,0,0,0,0,1,246690,3,0
0,0,0,0,50,28,15409,1013,0,0,0,0,0,269501,3,0
0,0,0,0,35,28,15410,1013,0,0,0,0,0,262339,3,0
0,0,0,0,2,28,15411,1013,0,0,0,0,0,247146,3,0
0,0,0,0,30,28,15412,1013,0,0,0,0,0,279196,3,0
0,0,0,0,25,28,15413,1013,0,0,0,0,0,235925,3,0
1,0,0,1,9,28,15414,1013,0,0,0,0,0,232729,3,0
1,0,0,1,27,28,15415,1013,0,0,0,0,0,229842,3,0
0,0,0,0,29,28,15416,1013,0,0,0,0,0,190577,3,0
0,0,0,0,6,28,15417,1013,0,0,0,0,0,182882,3,0
0,0,0,0,34,28,15418,1013,0,0,0,0,0,278434,3,0
0,0,0,0,32,28,15419,1013,0,0,0,0,0,266867,3,0
0,0,0,0,7,28,15420,1013,0,0,0,0,0,219525,3,0
0,0,0,0,23,29,15421,1013,0,0,0,0,0,268621,3,0
0,0,0,0,19,29,15422,1013,0,0,0,0,0,245249,3,0
0,0,0,0,16,29,15423,1013,0,0,0,0,0,257379,3,0
0,0,0,0,20,29,15424,1013,0,0,0,0,0,279831,3,0
0,0,0,0,44,29,15425,1013,0,0,0,0,0,269500,3,0
0,0,0,0,24,29,15426,1013,0,0,0,0,0,266808,3,0
0,0,0,0,10,29,15427,1013,0,0,0,0,0,237994,3,0
0,0,0,0,49,29,15428,1013,0,0,0,0,0,71260,3,0
0,0,0,0,14,29,15429,1013,0,0,0,0,0,257153,3,0
0,0,0,0,33,29,15430,1013,0,0,0,0,0,71462,3,0
0,0,0,0,1,0,15431,1876,0,0,0,0,0,214584,3,0
0,0,0,0,27,3,15432,1876,0,0,0,0,0,273034,3,0
1,0,0,1,14,4,15433,1876,0,0,0,0,0,199669,3,0
0,0,0,0,17,6,15434,1876,0,0,0,0,0,214436,3,0
0,0,0,0,13,7,15435,1876,0,0,0,0,0,246870,3,0
0,0,0,0,5,9,15436,1876,0,0,0,0,0,214977,3,0
0,0,0,0,4,11,15437,1876,0,0,0,0,0,266608,3,0
1,0,0,1,26,12,15438,1876,0,0,0,0,0,215998,3,0
0,0,0,0,21,16,15439,1876,0,0,0,0,0,236007,3,0
1,0,0,1,19,18,15440,1876,0,0,0,0,0,276528,3,0
12,1,0,1,9,25,15441,1876,0,0,0,1,2,219862,3,0
0,0,0,0,29,28,15442,1876,0,0,0,0,0,233029,3,0
0,0,0,0,8,28,15443,1876,0,0,0,0,0,247450,3,0
0,0,0,0,3,28,15444,1876,0,0,0,0,0,199667,3,0
0,0,0,0,31,28,15445,1876,0,0,0,0,0,256408,3,0
0,0,0,0,33,28,15446,1876,0,0,0,0,0,246236,3,0
6,1,0,1,11,28,15447,1876,3,0,0,0,3,245461,3,0
3,0,0,1,36,28,15448,1876,0,0,0,0,0,256509,3,0
0,0,0,0,6,28,15449,1876,0,0,0,0,0,241569,3,0
0,0,0,0,20,28,15450,1876,0,0,0,0,0,215071,3,0
0,0,0,0,2,28,15451,1876,0,0,0,0,0,273850,3,0
0,0,0,0,18,28,15452,1876,0,0,0,0,0,226377,3,0
0,0,0,0,37,28,15453,1876,0,0,0,0,0,278474,3,0
0,0,0,0,23,29,15454,1876,0,0,0,0,0,255351,3,0
0,0,0,0,38,29,15455,1876,0,0,0,0,0,279934,3,0
1,0,0,1,32,29,15456,1876,0,0,0,0,0,279165,3,0
1,0,0,1,15,29,15457,1876,0,0,0,0,0,246106,3,0
0,0,0,0,10,29,15458,1876,0,0,0,0,0,188988,3,0
0,0,0,0,35,29,15459,1876,0,0,0,0,0,279169,3,0
0,0,0,0,22,29,15460,1876,0,0,0,0,0,279170,3,0
0,0,0,0,41,29,15461,1876,0,0,0,0,0,279168,3,0
0,0,0,0,1,0,15462,1877,0,0,0,0,0,173373,3,0
2,0,0,1,42,3,15463,1877,0,0,0,0,0,238331,3,0
0,0,0,0,2,4,15464,1877,0,0,0,0,0,215228,3,0
0,0,0,0,4,6,15465,1877,0,0,0,0,0,219841,3,0
0,0,0,0,23,7,15466,1877,0,0,0,0,0,257185,3,0
0,0,0,0,17,12,15467,1877,0,0,0,0,0,204539,3,0
0,0,0,0,49,13,15468,1877,0,0,0,0,0,242267,3,0
0,0,0,0,8,15,15469,1877,0,0,0,0,0,211269,3,0
2,0,0,1,22,16,15470,1877,0,0,0,0,1,259789,3,0
4,0,0,1,16,24,15471,1877,0,0,0,0,0,240663,3,0
6,1,0,1,10,26,15472,1877,1,0,0,0,1,179813,3,0
0,0,0,0,11,28,15473,1877,0,0,0,0,0,215202,3,0
0,0,0,0,21,28,15474,1877,0,0,0,0,0,262151,3,0
1,0,0,0,15,28,15475,1877,0,0,0,0,0,267681,3,0
0,0,0,0,38,28,15476,1877,0,0,0,0,0,278455,3,0
0,0,0,0,13,28,15477,1877,0,0,0,0,0,178566,3,0
1,0,0,0,9,28,15478,1877,0,0,0,0,0,215061,3,0
1,0,0,0,14,28,15479,1877,0,0,0,0,1,270107,3,0
0,0,0,0,18,28,15480,1877,0,0,0,0,0,214040,3,0
2,0,0,1,36,28,15481,1877,0,0,0,0,1,261082,3,0
0,0,0,0,5,28,15482,1877,0,0,0,0,0,246237,3,0
0,0,0,0,12,28,15483,1877,0,0,0,0,0,268619,3,0
0,0,0,0,6,28,15484,1877,0,0,0,0,0,201862,3,0
0,0,0,0,7,29,15485,1877,0,0,0,0,0,260601,3,0
0,0,0,0,3,29,15486,1877,0,0,0,0,0,240976,3,0
0,0,0,0,45,29,15487,1877,0,0,0,0,0,70689,3,0
0,0,0,0,47,29,15488,1877,0,0,0,0,0,70690,3,0
0,0,0,0,39,29,15489,1877,0,0,0,0,0,263693,3,0
0,0,0,0,20,29,15490,1877,0,0,0,0,0,214665,3,0
0,0,0,0,29,29,15491,1877,0,0,0,0,0,235989,3,0
0,0,0,0,12,0,15492,101083,0,0,0,0,0,263204,3,0
0,0,0,0,20,3,15493,101083,0,0,0,0,0,258090,3,0
0,0,0,0,6,4,15494,101083,0,0,0,0,0,201988,3,0
1,0,0,0,2,6,15495,101083,0,0,0,0,0,260404,3,0
0,0,0,0,13,7,15496,101083,0,0,0,0,0,267602,3,0
1,0,0,0,18,12,15497,101083,0,0,0,0,1,242426,3,0
1,0,0,0,5,13,15498,101083,0,0,0,0,0,232244,3,0
0,0,0,0,8,14,15499,101083,0,0,0,0,0,215155,3,0
0,0,0,0,22,15,15500,101083,0,0,0,0,0,196432,3,0
0,0,0,0,10,16,15501,101083,0,0,0,0,0,183899,3,0
3,0,0,1,27,25,15502,101083,0,0,0,0,2,223593,3,0
0,0,0,0,7,28,15503,101083,0,0,0,0,0,143121,3,0
0,0,0,0,15,28,15504,101083,0,0,0,0,0,263502,3,0
0,0,0,0,19,28,15505,101083,0,0,0,0,0,277794,3,0
0,0,0,0,26,28,15506,101083,0,0,0,0,0,215254,3,0
0,0,0,0,25,28,15507,101083,0,0,0,0,0,69969,3,0
3,0,0,1,9,28,15508,101083,2,0,0,0,3,215334,3,0
3,0,0,1,16,28,15509,101083,0,0,0,0,0,259883,3,0
0,0,0,0,4,28,15510,101083,0,0,0,0,0,70697,3,0
0,0,0,0,24,28,15511,101083,0,0,0,0,0,263501,3,0
4,0,0,1,32,28,15512,101083,0,0,0,0,2,261015,3,0
2,0,0,1,14,28,15513,101083,0,0,0,0,0,263690,3,0
1,0,0,0,17,28,15514,101083,0,0,0,0,0,238767,3,0
0,0,0,0,3,29,15515,101083,0,0,0,0,0,276826,3,0
0,0,0,0,31,29,15516,101083,0,0,0,0,0,71400,3,0
0,0,0,0,39,29,15517,101083,0,0,0,0,0,71491,3,0
0,0,0,0,29,29,15518,101083,0,0,0,0,0,275292,3,0
0,0,0,0,1,29,15519,101083,0,0,0,0,0,276829,3,0
0,0,0,0,23,29,15520,101083,0,0,0,0,0,263503,3,0
0,0,0,0,49,29,15521,101083,0,0,0,0,0,71907,3,0
0,0,0,0,30,29,15522,101083,0,0,0,0,0,70698,3,0
0,0,0,0,40,29,15523,101083,0,0,0,0,0,71492,3,0
0,0,0,0,28,29,15524,101083,0,0,0,0,0,279164,3,0
0,0,0,0,23,0,15525,101084,0,0,0,0,0,237576,3,0
0,0,0,0,15,3,15526,101084,0,0,0,0,0,266171,3,0
1,0,0,1,4,4,15527,101084,0,0,0,0,1,240640,3,0
1,0,0,1,20,6,15528,101084,0,0,0,0,0,221990,3,0
0,0,0,0,32,7,15529,101084,0,0,0,0,0,227526,3,0
0,0,0,0,9,12,15530,101084,0,0,0,0,0,272939,3,0
0,0,0,0,8,13,15531,101084,0,0,0,0,0,266689,3,0
1,0,0,1,10,15,15532,101084,0,0,0,0,0,210950,3,0
4,0,0,1,7,16,15533,101084,0,0,0,0,0,269558,3,0
0,0,0,0,33,24,15534,101084,0,0,0,0,0,233057,3,0
3,0,0,1,11,26,15535,101084,0,0,0,0,2,228211,3,0
0,0,0,0,19,28,15536,101084,0,0,0,0,0,205633,3,0
1,0,0,1,5,28,15537,101084,0,0,0,0,0,267409,3,0
1,0,0,1,25,28,15538,101084,0,0,0,0,1,267625,3,0
0,0,0,0,6,28,15539,101084,0,0,0,0,0,265609,3,0
0,0,0,0,13,28,15540,101084,0,0,0,0,0,225858,3,0
1,0,0,1,99,28,15541,101084,0,0,0,0,0,237461,3,0
0,0,0,0,30,28,15542,101084,0,0,0,0,0,273080,3,0
1,0,0,1,29,28,15543,101084,0,0,0,0,0,257676,3,0
3,0,0,1,37,28,15544,101084,1,0,0,0,1,273904,3,0
0,0,0,0,14,28,15545,101084,0,0,0,0,0,240362,3,0
0,0,0,0,21,28,15546,101084,0,0,0,0,0,242917,3,0
0,0,0,0,22,28,15547,101084,0,0,0,0,0,254131,3,0
0,0,0,0,16,29,15548,101084,0,0,0,0,0,261275,3,0
0,0,0,0,24,29,15549,101084,0,0,0,0,0,232832,3,0
0,0,0,0,3,29,15550,101084,0,0,0,0,0,275882,3,0
0,0,0,0,17,29,15551,101084,0,0,0,0,0,215066,3,0
0,0,0,0,12,29,15552,101084,0,0,0,0,0,70137,3,0
0,0,0,0,35,29,15553,101084,0,0,0,0,0,70699,3,0
0,0,0,0,34,29,15554,101084,0,0,0,0,0,261177,3,0
0,0,0,0,21,0,15555,101085,0,0,0,0,0,223249,3,0
0,0,0,0,38,4,15556,101085,0,0,0,0,0,276819,3,0
0,0,0,0,13,5,15557,101085,0,0,0,0,0,246033,3,0
0,0,0,0,2,6,15558,101085,0,0,0,0,0,274266,3,0
1,0,0,1,28,12,15559,101085,0,0,0,0,1,273711,3,0
1,0,0,1,36,13,15560,101085,0,0,0,0,0,203864,3,0
1,0,0,1,32,15,15561,101085,0,0,0,0,0,242081,3,0
0,0,0,0,27,16,15562,101085,0,0,0,0,0,236668,3,0
3,0,0,1,8,18,15563,101085,0,0,0,0,0,210513,3,0
12,1,0,1,9,24,15564,101085,1,0,0,1,5,253242,3,0
1,0,0,1,7,26,15565,101085,1,0,0,0,1,244205,3,0
0,0,0,0,5,28,15566,101085,0,0,0,0,0,253952,3,0
0,0,0,0,19,28,15567,101085,0,0,0,0,0,214988,3,0
0,0,0,0,30,28,15568,101085,0,0,0,0,0,215135,3,0
0,0,0,0,15,28,15569,101085,0,0,0,0,0,255878,3,0
0,0,0,0,25,28,15570,101085,0,0,0,0,0,232645,3,0
2,0,0,1,10,28,15571,101085,1,0,0,0,1,219797,3,0
0,0,0,0,17,28,15572,101085,0,0,0,0,0,242654,3,0
0,0,0,0,20,28,15573,101085,0,0,0,0,0,221219,3,0
2,0,0,1,34,28,15574,101085,0,0,0,0,0,247156,3,0
0,0,0,0,4,28,15575,101085,0,0,0,0,0,193141,3,0
1,0,0,1,22,28,15576,101085,1,0,0,0,1,275343,3,0
0,0,0,0,6,28,15577,101085,0,0,0,0,0,252036,3,0
0,0,0,0,18,29,15578,101085,0,0,0,0,0,246469,3,0
0,0,0,0,3,29,15579,101085,0,0,0,0,0,260233,3,0
0,0,0,0,40,29,15580,101085,0,0,0,0,0,256668,3,0
0,0,0,0,35,29,15581,101085,0,0,0,0,0,274521,3,0
0,0,0,0,49,29,15582,101085,0,0,0,0,0,70710,3,0
0,0,0,0,41,29,15583,101085,0,0,0,0,0,276603,3,0
0,0,0,0,29,29,15584,101085,0,0,0,0,0,276604,3,0
0,0,0,0,12,29,15585,101085,0,0,0,0,0,276837,3,0
0,0,0,0,50,29,15586,101085,0,0,0,0,0,271029,3,0
0,0,0,0,47,29,15587,101085,0,0,0,0,0,264792,3,0
0,0,0,0,1,29,15588,101085,0,0,0,0,0,278734,3,0
0,0,0,0,1,0,15589,101088,0,0,0,0,0,259273,3,0
0,0,0,0,4,3,15590,101088,0,0,0,0,0,256524,3,0
1,0,0,1,2,4,15591,101088,0,0,0,0,0,221551,3,0
1,0,0,1,31,6,15592,101088,0,0,0,0,0,267860,3,0
1,0,0,1,3,7,15593,101088,0,0,0,0,0,221053,3,0
0,0,0,0,32,9,15594,101088,0,0,0,0,0,273884,3,0
0,0,0,0,26,11,15595,101088,0,0,0,0,0,232255,3,0
3,0,0,1,20,12,15596,101088,1,0,0,0,1,214971,3,0
0,0,0,0,27,16,15597,101088,0,0,0,0,0,275205,3,0
1,0,0,1,22,18,15598,101088,0,0,0,0,0,219553,3,0
4,0,0,1,9,25,15599,101088,0,0,0,0,0,227528,3,0
0,0,0,0,17,28,15600,101088,0,0,0,0,0,260971,3,0
2,0,0,1,14,28,15601,101088,0,0,0,0,0,263228,3,0
0,0,0,0,34,28,15602,101088,0,0,0,0,0,251686,3,0
0,0,0,0,29,28,15603,101088,0,0,0,0,0,215331,3,0
0,0,0,0,42,28,15604,101088,0,0,0,0,0,278841,3,0
0,0,0,0,18,28,15605,101088,0,0,0,0,0,253292,3,0
0,0,0,0,35,28,15606,101088,0,0,0,0,0,236527,3,0
0,0,0,0,21,28,15607,101088,0,0,0,0,0,241927,3,0
0,0,0,0,11,28,15608,101088,0,0,0,0,0,244884,3,0
0,0,0,0,24,28,15609,101088,0,0,0,0,0,237122,3,0
0,0,0,0,36,28,15610,101088,0,0,0,0,0,279836,3,0
0,0,0,0,37,28,15611,101088,0,0,0,0,0,260238,3,0
0,0,0,0,8,29,15612,101088,0,0,0,0,0,262148,3,0
0,0,0,0,30,29,15613,101088,0,0,0,0,0,71101,3,0
0,0,0,0,99,29,15614,101088,0,0,0,0,0,211267,3,0
0,0,0,0,10,29,15615,101088,0,0,0,0,0,273730,3,0
0,0,0,0,23,29,15616,101088,0,0,0,0,0,273987,3,0
0,0,0,0,25,29,15617,101088,0,0,0,0,0,273986,3,0
0,0,0,0,28,29,15618,101088,0,0,0,0,0,279841,3,0
0,0,0,0,6,29,15619,101088,0,0,0,0,0,214158,3,0
0,0,0,0,33,0,15620,110093,0,0,0,0,0,215069,3,0
0,0,0,0,35,3,15621,110093,0,0,0,0,0,274408,3,0
0,0,0,0,29,4,15622,110093,0,0,0,0,0,70437,3,0
0,0,0,0,23,5,15623,110093,0,0,0,0,0,215057,3,0
1,0,0,1,2,6,15624,110093,0,0,0,0,0,226772,3,0
0,0,0,0,15,7,15625,110093,0,0,0,0,0,215049,3,0
1,0,0,1,8,13,15626,110093,0,0,0,0,0,253287,3,0
0,0,0,0,21,15,15627,110093,0,0,0,0,0,70572,3,0
1,0,0,1,11,18,15628,110093,0,0,0,0,0,214968,3,0
0,0,0,0,24,24,15629,110093,0,0,0,0,0,276822,3,0
1,0,0,1,9,26,15630,110093,0,0,0,0,0,226286,3,0
0,0,0,0,10,28,15631,110093,0,0,0,0,0,268581,3,0
0,0,0,0,26,28,15632,110093,0,0,0,0,0,214384,3,0
0,0,0,0,7,28,15633,110093,0,0,0,0,0,215108,3,0
1,0,0,1,3,28,15634,110093,1,0,0,0,1,223501,3,0
0,0,0,0,25,28,15635,110093,0,0,0,0,0,258282,3,0
2,0,0,1,34,28,15636,110093,0,0,0,0,0,272839,3,0
1,0,0,1,32,28,15637,110093,1,0,0,0,1,227591,3,0
1,0,0,1,18,28,15638,110093,0,0,0,0,0,267987,3,0
1,0,0,1,4,28,15639,110093,0,0,0,0,1,187800,3,0
0,0,0,0,6,28,15640,110093,0,0,0,0,0,240835,3,0
1,0,0,1,17,28,15641,110093,0,0,0,0,0,252239,3,0
0,0,0,0,16,28,15642,110093,0,0,0,0,0,269719,3,0
1,0,0,1,28,29,15643,110093,0,0,0,0,1,253223,3,0
0,0,0,0,22,29,15644,110093,0,0,0,0,0,279777,3,0
0,0,0,0,19,29,15645,110093,0,0,0,0,0,70441,3,0
0,0,0,0,20,29,15646,110093,0,0,0,0,0,263756,3,0
1,0,0,1,79,29,15647,110093,0,0,0,0,0,261097,3,0
0,0,0,0,12,29,15648,110093,0,0,0,0,0,70439,3,0
0,0,0,0,27,29,15649,110093,0,0,0,0,0,70440,3,0
0,0,0,0,31,29,15650,110093,0,0,0,0,0,278449,3,0
0,0,0,0,42,0,15651,110395,0,0,0,0,0,220624,3,0
0,0,0,0,24,3,15652,110395,0,0,0,0,0,251613,3,0
0,0,0,0,23,4,15653,110395,0,0,0,0,0,216054,3,0
0,0,0,0,6,6,15654,110395,0,0,0,0,0,230865,3,0
0,0,0,0,22,7,15655,110395,0,0,0,0,0,269796,3,0
2,0,0,1,5,9,15656,110395,0,0,0,0,0,264323,3,0
0,0,0,0,15,11,15657,110395,0,0,0,0,0,214226,3,0
1,0,0,1,32,12,15658,110395,0,0,0,0,1,219174,3,0
4,0,0,1,10,16,15659,110395,0,0,0,0,0,235467,3,0
1,0,0,1,8,18,15660,110395,0,0,0,0,0,265766,3,0
6,1,0,1,9,25,15661,110395,0,0,0,0,0,224510,3,0
0,0,0,0,19,28,15662,110395,0,0,0,0,0,267853,3,0
0,0,0,0,17,28,15663,110395,0,0,0,0,0,262283,3,0
0,0,0,0,25,28,15664,110395,0,0,0,0,0,278454,3,0
1,0,0,1,35,28,15665,110395,0,0,0,0,0,259576,3,0
0,0,0,0,1,28,15666,110395,0,0,0,0,0,215123,3,0
1,0,0,1,21,28,15667,110395,0,0,0,0,0,242019,3,0
0,0,0,0,7,28,15668,110395,0,0,0,0,0,188268,3,0
1,0,0,1,2,28,15669,110395,1,0,0,0,1,186695,3,0
0,0,0,0,27,28,15670,110395,0,0,0,0,0,221955,3,0
0,0,0,0,16,28,15671,110395,0,0,0,0,0,272911,3,0
0,0,0,0,99,28,15672,110395,0,0,0,0,0,271630,3,0
0,0,0,0,12,28,15673,110395,0,0,0,0,0,70431,3,0
1,0,0,1,40,29,15674,110395,0,0,0,0,1,227602,3,0
2,0,0,1,18,29,15675,110395,0,0,0,0,0,214777,3,0
0,0,0,0,13,29,15676,110395,0,0,0,0,0,253238,3,0
0,0,0,0,4,29,15677,110395,0,0,0,0,0,255873,3,0
0,0,0,0,3,29,15678,110395,0,0,0,0,0,255197,3,0
0,0,0,0,26,29,15679,110395,0,0,0,0,0,222022,3,0
0,0,0,0,20,29,15680,110395,0,0,0,0,0,70430,3,0
0,0,0,0,29,29,15681,110395,0,0,0,0,0,242343,3,0
0,0,0,0,12,0,15682,110396,0,0,0,0,0,231258,3,0
0,0,0,0,14,3,15683,110396,0,0,0,0,0,253294,3,0
1,0,0,1,25,4,15684,110396,0,0,0,0,0,246696,3,0
0,0,0,0,37,6,15685,110396,0,0,0,0,0,271596,3,0
0,0,0,0,23,7,15686,110396,0,0,0,0,0,236671,3,0
0,0,0,0,5,10,15687,110396,0,0,0,0,0,253246,3,0
0,0,0,0,9,23,15688,110396,0,0,0,0,0,243966,3,0
0,0,0,0,10,13,15689,110396,0,0,0,0,0,178562,3,0
0,0,0,0,15,15,15690,110396,0,0,0,0,0,267627,3,0
1,0,0,1,18,27,15691,110396,0,0,0,0,0,271512,3,0
8,1,0,1,99,25,15692,110396,0,0,0,0,1,253718,3,0
0,0,0,0,20,28,15693,110396,0,0,0,0,0,261011,3,0
1,0,0,1,22,28,15694,110396,0,0,0,0,1,219452,3,0
0,0,0,0,21,28,15695,110396,0,0,0,0,0,212541,3,0
0,0,0,0,4,28,15696,110396,0,0,0,0,0,244757,3,0
0,0,0,0,1,28,15697,110396,0,0,0,0,0,224348,3,0
1,0,0,1,44,28,15698,110396,0,0,0,0,0,259533,3,0
0,0,0,0,27,28,15699,110396,0,0,0,0,0,275167,3,0
0,0,0,0,33,28,15700,110396,0,0,0,0,0,242294,3,0
0,0,0,0,16,28,15701,110396,0,0,0,0,0,259500,3,0
0,0,0,0,36,28,15702,110396,0,0,0,0,0,70708,3,0
0,0,0,0,47,28,15703,110396,0,0,0,0,0,263436,3,0
1,0,0,1,38,28,15704,110396,0,0,0,0,0,70669,3,0
0,0,0,0,30,29,15705,110396,0,0,0,0,0,71457,3,0
0,0,0,0,35,29,15706,110396,0,0,0,0,0,278741,3,0
0,0,0,0,55,29,15707,110396,0,0,0,0,0,265402,3,0
0,0,0,0,19,29,15708,110396,0,0,0,0,0,246336,3,0
0,0,0,0,34,29,15709,110396,0,0,0,0,0,275429,3,0
0,0,0,0,1,0,15710,110404,0,0,0,0,0,142721,3,0
0,0,0,0,19,3,15711,110404,0,0,0,0,0,224511,3,0
0,0,0,0,4,4,15712,110404,0,0,0,0,0,240457,3,0
1,0,0,1,6,6,15713,110404,0,0,0,0,1,261769,3,0
0,0,0,0,33,7,15714,110404,0,0,0,0,0,215144,3,0
0,0,0,0,22,12,15715,110404,0,0,0,0,0,239491,3,0
0,0,0,0,31,13,15716,110404,0,0,0,0,0,254066,3,0
0,0,0,0,8,15,15717,110404,0,0,0,0,0,251139,3,0
1,0,0,1,20,16,15718,110404,1,0,0,0,1,261691,3,0
2,0,0,1,11,24,15719,110404,0,0,0,0,1,261160,3,0
4,0,0,1,9,26,15720,110404,1,0,0,0,1,261161,3,0
2,0,0,1,14,28,15721,110404,0,0,0,0,0,241027,3,0
3,0,0,1,7,28,15722,110404,0,0,0,0,0,278052,3,0
0,0,0,0,25,28,15723,110404,0,0,0,0,0,242362,3,0
0,0,0,0,3,28,15724,110404,0,0,0,0,0,246865,3,0
0,0,0,0,12,28,15725,110404,0,0,0,0,0,262865,3,0
0,0,0,0,39,28,15726,110404,0,0,0,0,0,278450,3,0
0,0,0,0,10,28,15727,110404,0,0,0,0,0,258080,3,0
0,0,0,0,24,28,15728,110404,0,0,0,0,0,256167,3,0
1,0,0,1,30,28,15729,110404,0,0,0,0,0,255785,3,0
0,0,0,0,29,28,15730,110404,0,0,0,0,0,70943,3,0
0,0,0,0,40,28,15731,110404,0,0,0,0,0,69978,3,0
0,0,0,0,5,28,15732,110404,0,0,0,0,0,242307,3,0
0,0,0,0,37,29,15733,110404,0,0,0,0,0,272459,3,0
0,0,0,0,21,29,15734,110404,0,0,0,0,0,69985,3,0
0,0,0,0,42,29,15735,110404,0,0,0,0,0,70686,3,0
0,0,0,0,28,29,15736,110404,0,0,0,0,0,70687,3,0
0,0,0,0,47,29,15737,110404,0,0,0,0,0,263692,3,0
0,0,0,0,38,29,15738,110404,0,0,0,0,0,70944,3,0
0,0,0,0,23,29,15739,110404,0,0,0,0,0,70443,3,0
0,0,0,0,16,29,15740,110404,0,0,0,0,0,258455,3,0
0,0,0,0,17,29,15741,110404,0,0,0,0,0,274401,3,0
0,0,0,0,2,29,15742,110404,0,0,0,0,0,233780,3,0
0,0,0,0,18,29,15743,110404,0,0,0,0,0,278431,3,0
0,0,0,0,27,29,15744,110404,0,0,0,0,0,70194,3,0
0,0,0,0,1,0,15745,110580,0,0,0,0,0,216033,3,0
0,0,0,0,4,3,15746,110580,0,0,0,0,0,224104,3,0
0,0,0,0,15,4,15747,110580,0,0,0,0,0,248207,3,0
1,0,0,1,2,6,15748,110580,0,0,0,0,0,234458,3,0
0,0,0,0,3,7,15749,110580,0,0,0,0,0,263518,3,0
0,0,0,0,45,9,15750,110580,0,0,0,0,0,271344,3,0
0,0,0,0,16,11,15751,110580,0,0,0,0,0,226798,3,0
1,0,0,1,7,12,15752,110580,0,0,0,0,0,233924,3,0
1,0,0,1,13,16,15753,110580,1,0,0,0,1,238230,3,0
2,0,0,1,10,18,15754,110580,0,0,0,0,1,226797,3,0
2,0,0,1,29,25,15755,110580,0,0,0,0,0,258081,3,0
0,0,0,0,60,28,15756,110580,0,0,0,0,0,211489,3,0
1,0,0,1,22,28,15757,110580,0,0,0,0,1,258456,3,0
1,0,0,1,30,28,15758,110580,0,0,0,0,0,275336,3,0
0,0,0,0,6,28,15759,110580,0,0,0,0,0,222428,3,0
0,0,0,0,20,28,15760,110580,0,0,0,0,0,215213,3,0
0,0,0,0,32,28,15761,110580,0,0,0,0,0,188484,3,0
0,0,0,0,5,28,15762,110580,0,0,0,0,0,232826,3,0
0,0,0,0,33,28,15763,110580,0,0,0,0,0,242482,3,0
0,0,0,0,21,28,15764,110580,0,0,0,0,0,253233,3,0
0,0,0,0,18,28,15765,110580,0,0,0,0,0,255352,3,0
0,0,0,0,37,28,15766,110580,0,0,0,0,0,70711,3,0
1,0,0,1,9,28,15767,110580,0,0,0,0,0,271026,3,0
0,0,0,0,19,29,15768,110580,0,0,0,0,0,70136,3,0
0,0,0,0,8,29,15769,110580,0,0,0,0,0,254695,3,0
0,0,0,0,31,29,15770,110580,0,0,0,0,0,276672,3,0
0,0,0,0,26,29,15771,110580,0,0,0,0,0,70714,3,0
0,0,0,0,23,29,15772,110580,0,0,0,0,0,273845,3,0
0,0,0,0,39,29,15773,110580,0,0,0,0,0,271471,3,0
0,0,0,0,44,29,15774,110580,0,0,0,0,0,70712,3,0
0,0,0,0,24,29,15775,110580,0,0,0,0,0,71655,3,0
0,0,0,0,48,29,15776,110580,0,0,0,0,0,273907,3,0
0,0,0,0,28,0,15777,110953,0,0,0,0,0,240796,3,0
1,0,0,1,2,3,15778,110953,0,0,0,0,0,255451,3,0
0,0,0,0,6,4,15779,110953,0,0,0,0,0,228959,3,0
0,0,0,0,33,6,15780,110953,0,0,0,0,0,252168,3,0
1,0,0,1,12,7,15781,110953,0,0,0,0,0,251212,3,0
0,0,0,0,17,12,15782,110953,0,0,0,0,0,242002,3,0
0,0,0,0,19,13,15783,110953,0,0,0,0,0,242342,3,0
0,0,0,0,5,15,15784,110953,0,0,0,0,0,261019,3,0
6,1,0,1,22,16,15785,110953,1,0,0,0,1,272912,3,0
0,0,0,0,10,24,15786,110953,0,0,0,0,0,214781,3,0
4,0,0,1,9,26,15787,110953,0,0,0,0,2,266343,3,0
0,0,0,0,34,28,15788,110953,0,0,0,0,0,271919,3,0
0,0,0,0,32,28,15789,110953,0,0,0,0,0,226024,3,0
0,0,0,0,4,28,15790,110953,0,0,0,0,0,251339,3,0
0,0,0,0,31,28,15791,110953,0,0,0,0,0,276104,3,0
0,0,0,0,21,28,15792,110953,0,0,0,0,0,232549,3,0
1,0,0,1,29,28,15793,110953,0,0,0,0,0,258082,3,0
1,0,0,1,20,28,15794,110953,0,0,0,0,0,266341,3,0
0,0,0,0,18,28,15795,110953,0,0,0,0,0,214660,3,0
0,0,0,0,8,28,15796,110953,0,0,0,0,0,237993,3,0
1,0,0,1,30,28,15797,110953,0,0,0,0,0,272858,3,0
0,0,0,0,23,28,15798,110953,0,0,0,0,0,220002,3,0
0,0,0,0,35,28,15799,110953,0,0,0,0,0,276102,3,0
0,0,0,0,13,29,15800,110953,0,0,0,0,0,272426,3,0
0,0,0,0,36,29,15801,110953,0,0,0,0,0,221619,3,0
0,0,0,0,7,29,15802,110953,0,0,0,0,0,274081,3,0
0,0,0,0,16,29,15803,110953,0,0,0,0,0,70897,3,0
2,0,0,1,11,29,15804,110953,0,0,0,0,0,272857,3,0
0,0,0,0,47,29,15805,110953,0,0,0,0,0,70676,3,0
0,0,0,0,42,29,15806,110953,0,0,0,0,0,71404,3,0
0,0,0,0,50,0,15807,111019,0,0,0,0,0,214933,3,0
1,0,0,0,23,3,15808,111019,0,0,0,0,0,70670,3,0
0,0,0,0,19,4,15809,111019,0,0,0,0,0,226616,3,0
0,0,0,0,13,6,15810,111019,0,0,0,0,0,70679,3,0
0,0,0,0,6,7,15811,111019,0,0,0,0,0,263515,3,0
0,0,0,0,17,10,15812,111019,0,0,0,0,0,241931,3,0
2,0,0,1,32,23,15813,111019,0,0,0,0,0,263296,3,0
6,1,0,1,22,13,15814,111019,1,0,0,0,1,272350,3,0
0,0,0,0,21,15,15815,111019,0,0,0,0,0,223105,3,0
3,0,0,1,15,27,15816,111019,0,0,0,0,0,241025,3,0
6,1,0,1,9,25,15817,111019,1,0,0,0,2,227903,3,0
0,0,0,0,36,28,15818,111019,0,0,0,0,0,70683,3,0
0,0,0,0,18,28,15819,111019,0,0,0,0,0,214986,3,0
0,0,0,0,16,28,15820,111019,0,0,0,0,0,242569,3,0
0,0,0,0,20,28,15821,111019,0,0,0,0,0,258137,3,0
0,0,0,0,1,28,15822,111019,0,0,0,0,0,269623,3,0
2,0,0,1,10,28,15823,111019,0,0,0,0,0,242250,3,0
1,0,0,0,8,28,15824,111019,0,0,0,0,0,271501,3,0
2,0,0,1,7,28,15825,111019,0,0,0,0,0,255925,3,0
2,0,0,1,26,28,15826,111019,1,0,0,0,2,270649,3,0
0,0,0,0,11,28,15827,111019,0,0,0,0,0,232709,3,0
0,0,0,0,4,28,15828,111019,0,0,0,0,0,215178,3,0
0,0,0,0,3,28,15829,111019,0,0,0,0,0,267573,3,0
0,0,0,0,31,29,15830,111019,0,0,0,0,0,267568,3,0
0,0,0,0,29,29,15831,111019,0,0,0,0,0,265478,3,0
0,0,0,0,28,29,15832,111019,0,0,0,0,0,70685,3,0
0,0,0,0,24,29,15833,111019,0,0,0,0,0,70682,3,0
0,0,0,0,5,29,15834,111019,0,0,0,0,0,276708,3,0
0,0,0,0,27,29,15835,111019,0,0,0,0,0,70678,3,0
0,0,0,0,12,29,15836,111019,0,0,0,0,0,70681,3,0
0,0,0,0,25,29,15837,111019,0,0,0,0,0,70680,3,0
0,0,0,0,14,29,15838,111019,0,0,0,0,0,71078,3,0
0,0,0,0,32,0,15839,111020,0,0,0,0,0,188968,3,0
0,0,0,0,41,3,15840,111020,0,0,0,0,0,241024,3,0
0,0,0,0,23,4,15841,111020,0,0,0,0,0,70700,3,0
1,0,0,1,2,5,15842,111020,0,0,0,0,0,215015,3,0
0,0,0,0,42,6,15843,111020,0,0,0,0,0,268558,3,0
0,0,0,0,16,7,15844,111020,0,0,0,0,0,70701,3,0
0,0,0,0,26,10,15845,111020,0,0,0,0,0,263500,3,0
0,0,0,0,8,13,15846,111020,0,0,0,0,0,222417,3,0
0,0,0,0,17,15,15847,111020,0,0,0,0,0,254951,3,0
1,0,0,1,31,24,15848,111020,0,0,0,0,0,223499,3,0
0,0,0,0,10,26,15849,111020,0,0,0,0,0,70703,3,0
0,0,0,0,5,28,15850,111020,0,0,0,0,0,215328,3,0
0,0,0,0,19,28,15851,111020,0,0,0,0,0,261178,3,0
0,0,0,0,3,28,15852,111020,0,0,0,0,0,214955,3,0
1,0,0,1,29,28,15853,111020,0,0,0,0,0,205630,3,0
0,0,0,0,12,28,15854,111020,0,0,0,0,0,263689,3,0
0,0,0,0,39,28,15855,111020,0,0,0,0,0,275278,3,0
1,0,0,1,13,28,15856,111020,0,0,0,0,0,215020,3,0
2,0,0,1,22,28,15857,111020,0,0,0,0,2,227525,3,0
0,0,0,0,4,28,15858,111020,0,0,0,0,0,262991,3,0
1,0,0,1,20,28,15859,111020,0,0,0,0,0,245817,3,0
2,0,0,1,7,28,15860,111020,0,0,0,0,0,234464,3,0
0,0,0,0,11,28,15861,111020,0,0,0,0,0,210452,3,0
0,0,0,0,15,29,15862,111020,0,0,0,0,0,70707,3,0
0,0,0,0,27,29,15863,111020,0,0,0,0,0,70704,3,0
0,0,0,0,44,29,15864,111020,0,0,0,0,0,71402,3,0
0,0,0,0,25,29,15865,111020,0,0,0,0,0,71403,3,0
0,0,0,0,35,29,15866,111020,0,0,0,0,0,219617,3,0
0,0,0,0,24,29,15867,111020,0,0,0,0,0,70961,3,0
0,0,0,0,18,29,15868,111020,0,0,0,0,0,71555,3,0
0,0,0,0,36,29,15869,111020,0,0,0,0,0,235719,3,0
0,0,0,0,14,29,15870,111020,0,0,0,0,0,219451,3,0
0,0,0,0,25,0,15871,111022,0,0,0,0,0,222418,3,0
1,0,0,1,4,3,15872,111022,0,0,0,0,0,247368,3,0
0,0,0,0,6,4,15873,111022,0,0,0,0,0,232605,3,0
0,0,0,0,40,6,15874,111022,0,0,0,0,0,276820,3,0
1,0,0,1,13,7,15875,111022,0,0,0,0,0,273767,3,0
0,0,0,0,5,10,15876,111022,0,0,0,0,0,273768,3,0
0,0,0,0,24,12,15877,111022,0,0,0,0,0,246770,3,0
0,0,0,0,16,13,15878,111022,0,0,0,0,0,231212,3,0
0,0,0,0,15,15,15879,111022,0,0,0,0,0,252362,3,0
2,0,0,1,11,16,15880,111022,0,0,0,0,0,272734,3,0
2,0,0,1,29,25,15881,111022,0,0,0,0,2,198347,3,0
0,0,0,0,32,28,15882,111022,0,0,0,0,0,211265,3,0
1,0,0,1,10,28,15883,111022,0,0,0,0,0,237979,3,0
0,0,0,0,2,28,15884,111022,0,0,0,0,0,70157,3,0
0,0,0,0,34,28,15885,111022,0,0,0,0,0,71681,3,0
0,0,0,0,1,28,15886,111022,0,0,0,0,0,232817,3,0
0,0,0,0,7,28,15887,111022,0,0,0,0,0,188042,3,0
0,0,0,0,17,28,15888,111022,0,0,0,0,0,269915,3,0
0,0,0,0,33,28,15889,111022,0,0,0,0,0,216036,3,0
0,0,0,0,19,28,15890,111022,0,0,0,0,0,199387,3,0
0,0,0,0,23,28,15891,111022,0,0,0,0,0,202331,3,0
0,0,0,0,22,28,15892,111022,0,0,0,0,0,242972,3,0
0,0,0,0,14,28,15893,111022,0,0,0,0,0,261157,3,0
6,1,0,1,9,29,15894,111022,0,0,0,0,1,224854,3,0
4,0,0,1,12,29,15895,111022,0,0,0,0,2,273764,3,0
1,0,0,1,26,29,15896,111022,0,0,0,0,0,278432,3,0
0,0,0,0,20,29,15897,111022,0,0,0,0,0,236837,3,0
0,0,0,0,45,29,15898,111022,0,0,0,0,0,258125,3,0
0,0,0,0,21,29,15899,111022,0,0,0,0,0,273770,3,0
1,0,0,1,42,29,15900,111022,0,0,0,0,1,70688,3,0
0,0,0,0,39,29,15901,111022,0,0,0,0,0,72011,3,0
0,0,0,0,1,0,15902,111706,0,0,0,0,0,256407,3,0
0,0,0,0,4,3,15903,111706,0,0,0,0,0,272844,3,0
0,0,0,0,2,4,15904,111706,0,0,0,0,0,199435,3,0
0,0,0,0,23,6,15905,111706,0,0,0,0,0,214769,3,0
0,0,0,0,3,7,15906,111706,0,0,0,0,0,239464,3,0
0,0,0,0,5,9,15907,111706,0,0,0,0,0,263504,3,0
0,0,0,0,13,11,15908,111706,0,0,0,0,0,253304,3,0
2,0,0,1,41,12,15909,111706,0,0,0,0,0,264507,3,0
5,0,0,1,11,16,15910,111706,0,0,0,0,1,236507,3,0
0,0,0,0,7,18,15911,111706,0,0,0,0,0,238036,3,0
4,0,0,1,34,25,15912,111706,0,0,0,0,0,243477,3,0
0,0,0,0,19,28,15913,111706,0,0,0,0,0,259579,3,0
0,0,0,0,9,28,15914,111706,0,0,0,0,0,260388,3,0
0,0,0,0,30,28,15915,111706,0,0,0,0,0,233034,3,0
0,0,0,0,25,28,15916,111706,0,0,0,0,0,262284,3,0
0,0,0,0,12,28,15917,111706,0,0,0,0,0,222639,3,0
0,0,0,0,39,28,15918,111706,0,0,0,0,0,243519,3,0
1,0,0,1,32,28,15919,111706,0,0,0,0,0,277621,3,0
0,0,0,0,36,28,15920,111706,0,0,0,0,0,274570,3,0
0,0,0,0,21,28,15921,111706,0,0,0,0,0,241929,3,0
0,0,0,0,22,28,15922,111706,0,0,0,0,0,279848,3,0
0,0,0,0,37,28,15923,111706,0,0,0,0,0,267900,3,0
0,0,0,0,20,28,15924,111706,0,0,0,0,0,279947,3,0
1,0,0,1,16,29,15925,111706,0,0,0,0,1,279847,3,0
0,0,0,0,8,29,15926,111706,0,0,0,0,0,261768,3,0
0,0,0,0,17,29,15927,111706,0,0,0,0,0,261349,3,0
0,0,0,0,6,29,15928,111706,0,0,0,0,0,258284,3,0
0,0,0,0,28,29,15929,111706,0,0,0,0,0,254605,3,0
0,0,0,0,15,29,15930,111706,0,0,0,0,0,260704,3,0
0,0,0,0,29,29,15931,111706,0,0,0,0,0,273921,3,0
0,0,0,0,26,29,15932,111706,0,0,0,0,0,273090,3,0
0,0,0,0,40,29,15933,111706,0,0,0,0,0,273089,3,0
0,0,0,0,14,29,15934,111706,0,0,0,0,0,277614,3,0
0,0,0,0,10,29,15935,111706,0,0,0,0,0,279935,3,0
0,0,0,0,33,29,15936,111706,0,0,0,0,0,278738,3,0
0,0,0,0,99,29,15937,111706,0,0,0,0,0,277848,3,0
0,0,0,0,25,0,15938,111708,0,0,0,0,0,240955,3,0
0,0,0,0,14,3,15939,111708,0,0,0,0,0,252192,3,0
0,0,0,0,2,4,15940,111708,0,0,0,0,0,257380,3,0
0,0,0,0,20,6,15941,111708,0,0,0,0,0,262142,3,0
1,0,0,1,32,7,15942,111708,0,0,0,0,1,261016,3,0
1,0,0,1,18,12,15943,111708,0,0,0,0,0,257338,3,0
0,0,0,0,11,13,15944,111708,0,0,0,0,0,258325,3,0
0,0,0,0,5,15,15945,111708,0,0,0,0,0,259690,3,0
0,0,0,0,10,16,15946,111708,0,0,0,0,0,233092,3,0
0,0,0,0,19,24,15947,111708,0,0,0,0,0,269619,3,0
1,0,0,1,37,26,15948,111708,0,0,0,0,0,259537,3,0
1,0,0,1,40,28,15949,111708,0,0,0,0,0,261261,3,0
0,0,0,0,26,28,15950,111708,0,0,0,0,0,255924,3,0
0,0,0,0,15,28,15951,111708,0,0,0,0,0,224049,3,0
0,0,0,0,16,28,15952,111708,0,0,0,0,0,274978,3,0
0,0,0,0,1,28,15953,111708,0,0,0,0,0,225282,3,0
0,0,0,0,7,28,15954,111708,0,0,0,0,0,233714,3,0
3,0,0,1,9,28,15955,111708,0,0,0,0,3,259209,3,0
0,0,0,0,44,28,15956,111708,0,0,0,0,0,277906,3,0
0,0,0,0,22,28,15957,111708,0,0,0,0,0,270822,3,0
0,0,0,0,23,28,15958,111708,0,0,0,0,0,70896,3,0
0,0,0,0,6,28,15959,111708,0,0,0,0,0,245439,3,0
0,0,0,0,27,28,15960,111708,0,0,0,0,0,261096,3,0
0,0,0,0,12,29,15961,111708,0,0,0,0,0,69968,3,0
0,0,0,0,4,29,15962,111708,0,0,0,0,0,71398,3,0
0,0,0,0,33,29,15963,111708,0,0,0,0,0,71833,3,0
0,0,0,0,22,0,15964,111710,0,0,0,0,0,259927,3,0
1,0,0,1,4,3,15965,111710,0,0,0,0,0,227900,3,0
0,0,0,0,28,4,15966,111710,0,0,0,0,0,223243,3,0
3,0,0,1,21,6,15967,111710,1,0,0,0,1,252072,3,0
0,0,0,0,3,7,15968,111710,0,0,0,0,0,231507,3,0
0,0,0,0,30,9,15969,111710,0,0,0,0,0,272753,3,0
0,0,0,0,8,11,15970,111710,0,0,0,0,0,245061,3,0
1,0,0,1,27,12,15971,111710,0,0,0,0,0,70198,3,0
3,0,0,1,11,16,15972,111710,0,0,0,0,0,237512,3,0
1,0,0,1,10,18,15973,111710,0,0,0,0,1,253241,3,0
5,0,0,1,29,25,15974,111710,0,0,0,0,1,225289,3,0
0,0,0,0,19,28,15975,111710,0,0,0,0,0,227274,3,0
1,0,0,1,16,28,15976,111710,0,0,0,0,0,256502,3,0
0,0,0,0,26,28,15977,111710,0,0,0,0,0,242691,3,0
0,0,0,0,6,28,15978,111710,0,0,0,0,0,224524,3,0
0,0,0,0,23,28,15979,111710,0,0,0,0,0,142962,3,0
0,0,0,0,37,28,15980,111710,0,0,0,0,0,200197,3,0
1,0,0,1,17,28,15981,111710,0,0,0,0,0,224403,3,0
0,0,0,0,1,28,15982,111710,0,0,0,0,0,276612,3,0
0,0,0,0,7,28,15983,111710,0,0,0,0,0,273864,3,0
0,0,0,0,32,28,15984,111710,0,0,0,0,0,261442,3,0
0,0,0,0,5,28,15985,111710,0,0,0,0,0,241833,3,0
0,0,0,0,40,28,15986,111710,0,0,0,0,0,279166,3,0
0,0,0,0,41,29,15987,111710,0,0,0,0,0,70048,3,0
0,0,0,0,35,29,15988,111710,0,0,0,0,0,276867,3,0
0,0,0,0,9,29,15989,111710,0,0,0,0,0,70770,3,0
1,0,0,1,14,29,15990,111710,0,0,0,0,1,270215,3,0
0,0,0,0,33,29,15991,111710,0,0,0,0,0,264147,3,0
0,0,0,0,24,29,15992,111710,0,0,0,0,0,270216,3,0
0,0,0,0,31,29,15993,111710,0,0,0,0,0,71217,3,0
0,0,0,0,20,29,15994,111710,0,0,0,0,0,70691,3,0
0,0,0,0,44,29,15995,111710,0,0,0,0,0,272722,3,0
0,0,0,0,1,0,15996,111711,0,0,0,0,0,253354,3,0
0,0,0,0,4,3,15997,111711,0,0,0,0,0,270456,3,0
0,0,0,0,2,4,15998,111711,0,0,0,0,0,213433,3,0
2,0,0,1,3,6,15999,111711,2,0,0,0,2,221952,3,0
0,0,0,0,25,7,16000,111711,0,0,0,0,0,253384,3,0
0,0,0,0,20,9,16001,111711,0,0,0,0,0,221413,3,0
2,0,0,1,5,11,16002,111711,0,0,0,0,0,243684,3,0
3,0,0,1,21,12,16003,111711,0,0,0,0,1,236803,3,0
0,0,0,0,8,16,16004,111711,0,0,0,0,0,222693,3,0
0,0,0,0,28,18,16005,111711,0,0,0,0,0,252240,3,0
3,0,0,1,7,25,16006,111711,2,0,0,0,2,219536,3,0
0,0,0,0,24,28,16007,111711,0,0,0,0,0,226671,3,0
0,0,0,0,10,28,16008,111711,0,0,0,0,0,221310,3,0
0,0,0,0,11,28,16009,111711,0,0,0,0,0,273866,3,0
0,0,0,0,6,28,16010,111711,0,0,0,0,0,251138,3,0
0,0,0,0,32,28,16011,111711,0,0,0,0,0,258180,3,0
1,0,0,1,9,28,16012,111711,0,0,0,0,0,219614,3,0
0,0,0,0,19,28,16013,111711,0,0,0,0,0,259514,3,0
0,0,0,0,15,28,16014,111711,0,0,0,0,0,258177,3,0
0,0,0,0,33,28,16015,111711,0,0,0,0,0,200653,3,0
0,0,0,0,13,28,16016,111711,0,0,0,0,0,232535,3,0
0,0,0,0,40,28,16017,111711,0,0,0,0,0,278440,3,0
0,0,0,0,23,28,16018,111711,0,0,0,0,0,273965,3,0
0,0,0,0,16,29,16019,111711,0,0,0,0,0,260826,3,0
0,0,0,0,17,29,16020,111711,0,0,0,0,0,255972,3,0
1,0,0,1,29,29,16021,111711,0,0,0,0,0,241696,3,0
0,0,0,0,22,29,16022,111711,0,0,0,0,0,278176,3,0
0,0,0,0,26,29,16023,111711,0,0,0,0,0,272956,3,0
0,0,0,0,31,0,16024,111715,0,0,0,0,0,238093,3,0
1,0,0,1,4,3,16025,111715,0,0,0,0,0,270454,3,0
1,0,0,1,6,4,16026,111715,0,0,0,0,0,268535,3,0
0,0,0,0,26,6,16027,111715,0,0,0,0,0,255047,3,0
0,0,0,0,35,7,16028,111715,0,0,0,0,0,272721,3,0
2,0,0,1,11,12,16029,111715,0,0,0,0,0,276613,3,0
0,0,0,0,24,13,16030,111715,0,0,0,0,0,261155,3,0
1,0,0,1,5,15,16031,111715,0,0,0,0,0,236472,3,0
1,0,0,1,7,16,16032,111715,0,0,0,0,1,264312,3,0
0,0,0,0,18,24,16033,111715,0,0,0,0,0,254756,3,0
1,0,0,1,33,26,16034,111715,0,0,0,0,1,266311,3,0
0,0,0,0,20,28,16035,111715,0,0,0,0,0,262240,3,0
0,0,0,0,3,28,16036,111715,0,0,0,0,0,256406,3,0
0,0,0,0,2,28,16037,111715,0,0,0,0,0,241567,3,0
0,0,0,0,38,28,16038,111715,0,0,0,0,0,278418,3,0
0,0,0,0,12,28,16039,111715,0,0,0,0,0,256145,3,0
0,0,0,0,21,28,16040,111715,0,0,0,0,0,267392,3,0
0,0,0,0,15,28,16041,111715,0,0,0,0,0,258875,3,0
0,0,0,0,19,28,16042,111715,0,0,0,0,0,278456,3,0
0,0,0,0,29,28,16043,111715,0,0,0,0,0,225519,3,0
0,0,0,0,30,28,16044,111715,0,0,0,0,0,215018,3,0
0,0,0,0,10,28,16045,111715,0,0,0,0,0,234108,3,0
0,0,0,0,23,28,16046,111715,0,0,0,0,0,266725,3,0
0,0,0,0,14,29,16047,111715,0,0,0,0,0,256143,3,0
0,0,0,0,28,29,16048,111715,0,0,0,0,0,279931,3,0
0,0,0,0,8,29,16049,111715,0,0,0,0,0,278452,3,0
0,0,0,0,27,29,16050,111715,0,0,0,0,0,279932,3,0
0,0,0,0,9,29,16051,111715,0,0,0,0,0,228960,3,0
0,0,0,0,25,29,16052,111715,0,0,0,0,0,278460,3,0
0,0,0,0,16,29,16053,111715,0,0,0,0,0,201953,3,0
0,0,0,0,1,0,16054,111716,0,0,0,0,0,255473,3,0
0,0,0,0,16,3,16055,111716,0,0,0,0,0,259786,3,0
2,0,0,1,34,4,16056,111716,0,0,0,0,1,238518,3,0
0,0,0,0,2,5,16057,111716,0,0,0,0,0,176920,3,0
1,0,0,0,3,6,16058,111716,0,0,0,0,0,211272,3,0
1,0,0,0,14,7,16059,111716,0,0,0,0,1,231070,3,0
2,0,0,1,5,10,16060,111716,1,0,0,0,1,275100,3,0
0,0,0,0,28,13,16061,111716,0,0,0,0,0,228961,3,0
2,0,0,1,7,15,16062,111716,0,0,0,0,0,253908,3,0
3,0,0,1,77,24,16063,111716,0,0,0,0,1,220156,3,0
2,0,0,1,18,26,16064,111716,0,0,0,0,0,226765,3,0
1,0,0,0,33,28,16065,111716,0,0,0,0,0,220148,3,0
1,0,0,0,9,28,16066,111716,0,0,0,0,0,271933,3,0
0,0,0,0,15,28,16067,111716,0,0,0,0,0,277891,3,0
0,0,0,0,32,28,16068,111716,0,0,0,0,0,271969,3,0
0,0,0,0,25,28,16069,111716,0,0,0,0,0,253271,3,0
0,0,0,0,30,28,16070,111716,0,0,0,0,0,273051,3,0
0,0,0,0,13,28,16071,111716,0,0,0,0,0,279845,3,0
0,0,0,0,10,28,16072,111716,0,0,0,0,0,256501,3,0
0,0,0,0,35,28,16073,111716,0,0,0,0,0,278430,3,0
0,0,0,0,19,28,16074,111716,0,0,0,0,0,255462,3,0
0,0,0,0,22,28,16075,111716,0,0,0,0,0,255886,3,0
0,0,0,0,31,28,16076,111716,0,0,0,0,0,277837,3,0
0,0,0,0,26,29,16077,111716,0,0,0,0,0,273079,3,0
0,0,0,0,24,29,16078,111716,0,0,0,0,0,277181,3,0
0,0,0,0,20,29,16079,111716,0,0,0,0,0,70291,3,0
0,0,0,0,40,29,16080,111716,0,0,0,0,0,277836,3,0
0,0,0,0,99,29,16081,111716,0,0,0,0,0,279846,3,0
1,0,0,0,11,29,16082,111716,0,0,0,0,0,273028,3,0
0,0,0,0,22,0,16083,112670,0,0,0,0,0,215251,3,0
2,0,0,1,29,3,16084,112670,1,0,0,0,1,261081,3,0
1,0,0,0,4,4,16085,112670,0,0,0,0,0,214990,3,0
0,0,0,0,3,6,16086,112670,0,0,0,0,0,222378,3,0
0,0,0,0,16,7,16087,112670,0,0,0,0,0,255457,3,0
1,0,0,0,27,9,16088,112670,0,0,0,0,0,248191,3,0
0,0,0,0,28,11,16089,112670,0,0,0,0,0,259788,3,0
0,0,0,0,25,12,16090,112670,0,0,0,0,0,252193,3,0
4,0,0,1,24,16,16091,112670,0,0,0,0,0,255718,3,0
2,0,0,1,20,18,16092,112670,0,0,0,0,0,215199,3,0
6,1,0,1,9,25,16093,112670,1,0,0,0,1,246471,3,0
1,0,0,0,10,28,16094,112670,0,0,0,0,0,238194,3,0
0,0,0,0,30,28,16095,112670,0,0,0,0,0,269889,3,0
1,0,0,0,26,28,16096,112670,0,0,0,0,0,269620,3,0
2,0,0,1,6,28,16097,112670,0,0,0,0,0,244950,3,0
0,0,0,0,17,28,16098,112670,0,0,0,0,0,253012,3,0
1,0,0,0,7,28,16099,112670,0,0,0,0,1,188955,3,0
0,0,0,0,15,28,16100,112670,0,0,0,0,0,233476,3,0
0,0,0,0,2,28,16101,112670,0,0,0,0,0,247150,3,0
0,0,0,0,5,28,16102,112670,0,0,0,0,0,264549,3,0
1,0,0,0,14,28,16103,112670,0,0,0,0,0,263365,3,0
0,0,0,0,11,28,16104,112670,0,0,0,0,0,273964,3,0
0,0,0,0,32,28,16105,112670,0,0,0,0,0,255373,3,0
0,0,0,0,36,29,16106,112670,0,0,0,0,0,277687,3,0
1,0,0,0,8,29,16107,112670,0,0,0,0,0,278020,3,0
0,0,0,0,12,29,16108,112670,0,0,0,0,0,263498,3,0
0,0,0,0,39,29,16109,112670,0,0,0,0,0,277948,3,0
0,0,0,0,13,29,16110,112670,0,0,0,0,0,257152,3,0
0,0,0,0,34,29,16111,112670,0,0,0,0,0,256508,3,0
0,0,0,0,21,29,16112,112670,0,0,0,0,0,270872,3,0
0,0,0,0,1,0,16113,112689,0,0,0,0,0,242073,3,0
1,0,0,1,25,3,16114,112689,1,0,0,0,1,274736,3,0
0,0,0,0,13,4,16115,112689,0,0,0,0,0,264365,3,0
0,0,0,0,6,6,16116,112689,0,0,0,0,0,235004,3,0
0,0,0,0,18,7,16117,112689,0,0,0,0,0,261262,3,0
0,0,0,0,23,10,16118,112689,0,0,0,0,0,231219,3,0
0,0,0,0,22,12,16119,112689,0,0,0,0,0,257407,3,0
0,0,0,0,21,14,16120,112689,0,0,0,0,0,235987,3,0
0,0,0,0,11,16,16121,112689,0,0,0,0,0,259486,3,0
0,0,0,0,10,24,16122,112689,0,0,0,0,0,253264,3,0
1,0,0,1,77,26,16123,112689,0,0,0,0,0,260140,3,0
0,0,0,0,5,28,16124,112689,0,0,0,0,0,247400,3,0
2,0,0,1,20,28,16125,112689,0,0,0,0,0,215081,3,0
0,0,0,0,2,28,16126,112689,0,0,0,0,0,267410,3,0
0,0,0,0,40,28,16127,112689,0,0,0,0,0,276094,3,0
0,0,0,0,31,28,16128,112689,0,0,0,0,0,246610,3,0
0,0,0,0,29,28,16129,112689,0,0,0,0,0,261350,3,0
5,0,0,1,9,28,16130,112689,0,0,0,0,3,263229,3,0
0,0,0,0,27,28,16131,112689,0,0,0,0,0,278427,3,0
0,0,0,0,37,28,16132,112689,0,0,0,0,0,215083,3,0
0,0,0,0,28,28,16133,112689,0,0,0,0,0,70709,3,0
0,0,0,0,14,28,16134,112689,0,0,0,0,0,252044,3,0
0,0,0,0,19,28,16135,112689,0,0,0,0,0,263475,3,0
0,0,0,0,7,29,16136,112689,0,0,0,0,0,246910,3,0
0,0,0,0,24,29,16137,112689,0,0,0,0,0,254228,3,0
0,0,0,0,43,29,16138,112689,0,0,0,0,0,274144,3,0
0,0,0,0,8,29,16139,112689,0,0,0,0,0,234466,3,0
0,0,0,0,12,29,16140,112689,0,0,0,0,0,215165,3,0
0,0,0,0,70,29,16141,112689,0,0,0,0,0,254586,3,0
0,0,0,0,99,29,16142,112689,0,0,0,0,0,246868,3,0
0,0,0,0,26,29,16143,112689,0,0,0,0,0,277517,3,0
0,0,0,0,97,29,16144,112689,0,0,0,0,0,274132,3,0
0,0,0,0,4,29,16145,112689,0,0,0,0,0,273081,3,0
0,0,0,0,22,0,16146,112713,0,0,0,0,0,215985,3,0
0,0,0,0,29,3,16147,112713,0,0,0,0,0,252706,3,0
0,0,0,0,32,4,16148,112713,0,0,0,0,0,255256,3,0
1,0,0,1,2,5,16149,112713,0,0,0,0,0,153060,3,0
0,0,0,0,27,6,16150,112713,0,0,0,0,0,254608,3,0
1,0,0,1,33,7,16151,112713,0,0,0,0,0,269132,3,0
0,0,0,0,11,12,16152,112713,0,0,0,0,0,273909,3,0
1,0,0,1,8,13,16153,112713,0,0,0,0,0,219998,3,0
1,0,0,1,6,15,16154,112713,0,0,0,0,0,214969,3,0
1,0,0,1,28,16,16155,112713,0,0,0,0,0,261614,3,0
2,0,0,1,7,25,16156,112713,0,0,0,0,0,142707,3,0
0,0,0,0,26,28,16157,112713,0,0,0,0,0,261351,3,0
0,0,0,0,44,28,16158,112713,0,0,0,0,0,271749,3,0
0,0,0,0,36,28,16159,112713,0,0,0,0,0,241566,3,0
0,0,0,0,15,28,16160,112713,0,0,0,0,0,261884,3,0
0,0,0,0,1,28,16161,112713,0,0,0,0,0,237575,3,0
0,0,0,0,14,28,16162,112713,0,0,0,0,0,213432,3,0
0,0,0,0,37,28,16163,112713,0,0,0,0,0,240504,3,0
0,0,0,0,19,28,16164,112713,0,0,0,0,0,225915,3,0
0,0,0,0,16,28,16165,112713,0,0,0,0,0,261885,3,0
0,0,0,0,18,28,16166,112713,0,0,0,0,0,235980,3,0
1,0,0,1,10,28,16167,112713,0,0,0,0,0,239219,3,0
0,0,0,0,35,28,16168,112713,0,0,0,0,0,278443,3,0
0,0,0,0,13,29,16169,112713,0,0,0,0,0,274125,3,0
0,0,0,0,30,29,16170,112713,0,0,0,0,0,258135,3,0
0,0,0,0,25,29,16171,112713,0,0,0,0,0,273959,3,0
0,0,0,0,31,29,16172,112713,0,0,0,0,0,71944,3,0
0,0,0,0,12,29,16173,112713,0,0,0,0,0,278469,3,0
0,0,0,0,17,29,16174,112713,0,0,0,0,0,70898,3,0
1,0,0,1,24,29,16175,112713,0,0,0,0,0,71058,3,0
0,0,0,0,21,29,16176,112713,0,0,0,0,0,263718,3,0
0,0,0,0,20,29,16177,112713,0,0,0,0,0,235827,3,0
0,0,0,0,52,29,16178,112713,0,0,0,0,0,215995,3,0
0,0,0,0,25,0,16179,112965,0,0,0,0,0,243810,3,0
0,0,0,0,4,3,16180,112965,0,0,0,0,0,251127,3,0
0,0,0,0,6,4,16181,112965,0,0,0,0,0,273012,3,0
0,0,0,0,30,6,16182,112965,0,0,0,0,0,261369,3,0
0,0,0,0,26,7,16183,112965,0,0,0,0,0,269739,3,0
0,0,0,0,23,12,16184,112965,0,0,0,0,0,279776,3,0
0,0,0,0,8,13,16185,112965,0,0,0,0,0,215089,3,0
1,0,0,1,5,15,16186,112965,0,0,0,0,0,215993,3,0
0,0,0,0,10,16,16187,112965,0,0,0,0,0,267852,3,0
2,0,0,1,14,24,16188,112965,0,0,0,0,0,232765,3,0
2,0,0,1,90,26,16189,112965,0,0,0,0,0,255217,3,0
0,0,0,0,32,28,16190,112965,0,0,0,0,0,224461,3,0
0,0,0,0,11,28,16191,112965,0,0,0,0,0,258700,3,0
0,0,0,0,29,28,16192,112965,0,0,0,0,0,264733,3,0
0,0,0,0,13,28,16193,112965,0,0,0,0,0,233369,3,0
0,0,0,0,34,28,16194,112965,0,0,0,0,0,215343,3,0
1,0,0,1,18,28,16195,112965,0,0,0,0,0,254816,3,0
0,0,0,0,27,28,16196,112965,0,0,0,0,0,275428,3,0
0,0,0,0,2,28,16197,112965,0,0,0,0,0,253796,3,0
0,0,0,0,16,28,16198,112965,0,0,0,0,0,258116,3,0
0,0,0,0,15,28,16199,112965,0,0,0,0,0,236859,3,0
0,0,0,0,38,28,16200,112965,0,0,0,0,0,256146,3,0
0,0,0,0,20,28,16201,112965,0,0,0,0,0,278074,3,0
0,0,0,0,36,29,16202,112965,0,0,0,0,0,268954,3,0
1,0,0,1,24,29,16203,112965,0,0,0,0,0,269704,3,0
0,0,0,0,9,29,16204,112965,0,0,0,0,0,271130,3,0
1,0,0,1,37,29,16205,112965,0,0,0,0,0,278471,3,0
0,0,0,0,28,29,16206,112965,0,0,0,0,0,70203,3,0
0,0,0,0,7,29,16207,112965,0,0,0,0,0,261183,3,0
2,0,0,1,22,29,16208,112965,0,0,0,0,1,273700,3,0
0,0,0,0,12,29,16209,112965,0,0,0,0,0,258327,3,0
0,0,0,0,21,29,16210,112965,0,0,0,0,0,259860,3,0
0,0,0,0,45,29,16211,112965,0,0,0,0,0,70200,3,0
0,0,0,0,3,29,16212,112965,0,0,0,0,0,251979,3,0
0,0,0,0,33,29,16213,112965,0,0,0,0,0,70199,3,0
0,0,0,0,88,29,16214,112965,0,0,0,0,0,246396,3,0
0,0,0,0,31,29,16215,112965,0,0,0,0,0,71968,3,0
0,0,0,0,25,0,16216,113044,0,0,0,0,0,215132,3,0
0,0,0,0,33,3,16217,113044,0,0,0,0,0,258528,3,0
1,0,0,1,2,4,16218,113044,0,0,0,0,1,272945,3,0
0,0,0,0,14,6,16219,113044,0,0,0,0,0,235966,3,0
0,0,0,0,6,7,16220,113044,0,0,0,0,0,272946,3,0
1,0,0,1,8,9,16221,113044,0,0,0,0,0,261438,3,0
0,0,0,0,5,11,16222,113044,0,0,0,0,0,258051,3,0
3,0,0,1,21,12,16223,113044,0,0,0,0,1,257549,3,0
4,0,0,1,43,16,16224,113044,1,0,0,0,1,274145,3,0
4,0,0,1,11,18,16225,113044,0,0,0,0,2,258149,3,0
3,0,0,1,9,25,16226,113044,0,0,0,0,0,237923,3,0
0,0,0,0,19,28,16227,113044,0,0,0,0,0,266825,3,0
1,0,0,1,15,28,16228,113044,1,0,0,0,1,241120,3,0
0,0,0,0,26,28,16229,113044,0,0,0,0,0,279821,3,0
1,0,0,1,3,28,16230,113044,1,0,0,0,1,275093,3,0
0,0,0,0,30,28,16231,113044,0,0,0,0,0,238298,3,0
0,0,0,0,29,28,16232,113044,0,0,0,0,0,261273,3,0
0,0,0,0,32,28,16233,113044,0,0,0,0,0,279834,3,0
0,0,0,0,4,28,16234,113044,0,0,0,0,0,279819,3,0
0,0,0,0,22,28,16235,113044,0,0,0,0,0,279833,3,0
0,0,0,0,17,28,16236,113044,0,0,0,0,0,226378,3,0
0,0,0,0,24,28,16237,113044,0,0,0,0,0,269690,3,0
0,0,0,0,20,28,16238,113044,0,0,0,0,0,255319,3,0
1,0,0,1,27,29,16239,113044,0,0,0,0,0,279820,3,0
0,0,0,0,79,29,16240,113044,0,0,0,0,0,272313,3,0
0,0,0,0,23,29,16241,113044,0,0,0,0,0,70815,3,0
0,0,0,0,48,29,16242,113044,0,0,0,0,0,278446,3,0
0,0,0,0,36,29,16243,113044,0,0,0,0,0,271277,3,0
0,0,0,0,1,29,16244,113044,0,0,0,0,0,245057,3,0
0,0,0,0,99,29,16245,113044,0,0,0,0,0,272948,3,0
0,0,0,0,1,0,16246,115472,0,0,0,0,0,243759,3,0
0,0,0,0,15,3,16247,115472,0,0,0,0,0,258844,3,0
0,0,0,0,3,4,16248,115472,0,0,0,0,0,236018,3,0
1,0,0,1,40,6,16249,115472,1,0,0,0,1,269554,3,0
1,0,0,1,27,7,16250,115472,0,0,0,0,0,242485,3,0
1,0,0,1,7,12,16251,115472,0,0,0,0,0,240576,3,0
0,0,0,0,16,13,16252,115472,0,0,0,0,0,219845,3,0
0,0,0,0,19,15,16253,115472,0,0,0,0,0,70211,3,0
1,0,0,1,8,16,16254,115472,0,0,0,0,0,215065,3,0
0,0,0,0,32,24,16255,115472,0,0,0,0,0,233775,3,0
3,0,0,1,9,26,16256,115472,0,0,0,0,1,243977,3,0
0,0,0,0,28,28,16257,115472,0,0,0,0,0,70046,3,0
0,0,0,0,25,28,16258,115472,0,0,0,0,0,266302,3,0
0,0,0,0,29,28,16259,115472,0,0,0,0,0,266814,3,0
0,0,0,0,4,28,16260,115472,0,0,0,0,0,70214,3,0
0,0,0,0,12,28,16261,115472,0,0,0,0,0,258200,3,0
0,0,0,0,11,28,16262,115472,0,0,0,0,0,219520,3,0
0,0,0,0,36,28,16263,115472,0,0,0,0,0,277875,3,0
0,0,0,0,2,28,16264,115472,0,0,0,0,0,261398,3,0
0,0,0,0,24,28,16265,115472,0,0,0,0,0,70692,3,0
0,0,0,0,20,28,16266,115472,0,0,0,0,0,70210,3,0
0,0,0,0,22,28,16267,115472,0,0,0,0,0,232694,3,0
0,0,0,0,30,28,16268,115472,0,0,0,0,0,226227,3,0
0,0,0,0,18,29,16269,115472,0,0,0,0,0,70212,3,0
0,0,0,0,14,29,16270,115472,0,0,0,0,0,70053,3,0
0,0,0,0,10,29,16271,115472,0,0,0,0,0,235542,3,0
0,0,0,0,17,29,16272,115472,0,0,0,0,0,190742,3,0
0,0,0,0,35,29,16273,115472,0,0,0,0,0,241871,3,0
1,0,0,1,5,29,16274,115472,0,0,0,0,0,258048,3,0
0,0,0,0,26,29,16275,115472,0,0,0,0,0,70213,3,0
0,0,0,0,23,29,16276,115472,0,0,0,0,0,70957,3,0
0,0,0,0,33,29,16277,115472,0,0,0,0,0,219493,3,0
0,0,0,0,13,29,16278,115472,0,0,0,0,0,224246,3,0
0,0,0,0,99,29,16279,111592,0,0,0,0,0,178005,3,0
0,0,0,0,99,29,16280,111592,0,0,0,0,0,179645,3,0
0,0,0,0,99,29,16281,111592,0,0,0,0,0,180548,3,0
0,0,0,0,99,29,16282,111592,0,0,0,0,0,180561,3,0
0,0,0,0,99,29,16283,111592,0,0,0,0,0,189167,3,0
0,0,0,0,99,29,16284,111592,0,0,0,0,0,190640,3,0
0,0,0,0,99,29,16285,111592,0,0,0,0,0,192009,3,0
0,0,0,0,99,29,16286,111592,0,0,0,0,0,195586,3,0
0,0,0,0,99,29,16287,111592,0,0,0,0,0,197971,3,0
0,0,0,0,99,29,16288,111592,0,0,0,0,0,198329,3,0
0,0,0,0,99,29,16289,111592,0,0,0,0,0,203244,3,0
0,0,0,0,99,29,16290,111592,0,0,0,0,0,204121,3,0
0,0,0,0,99,29,16291,111592,0,0,0,0,0,207555,3,0
0,0,0,0,99,29,16292,111592,0,0,0,0,0,208670,3,0
0,0,0,0,99,29,16293,111592,0,0,0,0,0,212219,3,0
0,0,0,0,99,29,16294,111592,0,0,0,0,0,212883,3,0
0,0,0,0,99,29,16295,111592,0,0,0,0,0,213614,3,0
0,0,0,0,99,29,16296,111592,0,0,0,0,0,215911,3,0
0,0,0,0,99,29,16297,111592,0,0,0,0,0,222382,3,0
0,0,0,0,99,29,16298,111592,0,0,0,0,0,223207,3,0
0,0,0,0,99,29,16299,111592,0,0,0,0,0,223208,3,0
0,0,0,0,99,29,16300,111592,0,0,0,0,0,224151,3,0
0,0,0,0,99,29,16301,111592,0,0,0,0,0,224438,3,0
0,0,0,0,99,29,16302,111592,0,0,0,0,0,226045,3,0
0,0,0,0,99,29,16303,111592,0,0,0,0,0,226579,3,0
0,0,0,0,99,29,16304,111592,0,0,0,0,0,227499,3,0
0,0,0,0,99,29,16305,111592,0,0,0,0,0,229593,3,0
0,0,0,0,99,29,16306,111592,0,0,0,0,0,229973,3,0
0,0,0,0,99,29,16307,111592,0,0,0,0,0,232654,3,0
0,0,0,0,99,29,16308,111592,0,0,0,0,0,234051,3,0
0,0,0,0,99,29,16309,111592,0,0,0,0,0,234298,3,0
0,0,0,0,99,29,16310,111592,0,0,0,0,0,234579,3,0
0,0,0,0,99,29,16311,111592,0,0,0,0,0,235537,3,0
0,0,0,0,99,29,16312,111592,0,0,0,0,0,235658,3,0
0,0,0,0,99,29,16313,111592,0,0,0,0,0,235973,3,0
0,0,0,0,99,29,16314,111592,0,0,0,0,0,236449,3,0
0,0,0,0,99,29,16315,111592,0,0,0,0,0,236537,3,0
0,0,0,0,99,29,16316,111592,0,0,0,0,0,237043,3,0
0,0,0,0,99,29,16317,111592,0,0,0,0,0,237997,3,0
0,0,0,0,99,29,16318,111592,0,0,0,0,0,238033,3,0
0,0,0,0,99,29,16319,111592,0,0,0,0,0,238569,3,0
0,0,0,0,99,29,16320,111592,0,0,0,0,0,238878,3,0
0,0,0,0,99,29,16321,111592,0,0,0,0,0,239738,3,0
0,0,0,0,99,29,16322,111592,0,0,0,0,0,239878,3,0
0,0,0,0,99,29,16323,111592,0,0,0,0,0,241186,3,0
0,0,0,0,99,29,16324,111592,0,0,0,0,0,241278,3,0
0,0,0,0,99,29,16325,111592,0,0,0,0,0,241671,3,0
0,0,0,0,99,29,16326,111592,0,0,0,0,0,241777,3,0
0,0,0,0,99,29,16327,111592,0,0,0,0,0,242090,3,0
0,0,0,0,99,29,16328,111592,0,0,0,0,0,242118,3,0
0,0,0,0,99,29,16329,111592,0,0,0,0,0,242288,3,0
0,0,0,0,99,29,16330,111592,0,0,0,0,0,243001,3,0
0,0,0,0,99,29,16331,111592,0,0,0,0,0,243015,3,0
0,0,0,0,99,29,16332,111592,0,0,0,0,0,243256,3,0
0,0,0,0,99,29,16333,111592,0,0,0,0,0,243586,3,0
0,0,0,0,99,29,16334,111592,0,0,0,0,0,244428,3,0
0,0,0,0,99,29,16335,111592,0,0,0,0,0,244973,3,0
0,0,0,0,99,29,16336,111592,0,0,0,0,0,245710,3,0
0,0,0,0,99,29,16337,111592,0,0,0,0,0,245770,3,0
0,0,0,0,99,29,16338,111592,0,0,0,0,0,245902,3,0
0,0,0,0,99,29,16339,111592,0,0,0,0,0,246289,3,0
0,0,0,0,99,29,16340,111592,0,0,0,0,0,246562,3,0
0,0,0,0,99,29,16341,111592,0,0,0,0,0,246704,3,0
0,0,0,0,99,29,16342,111592,0,0,0,0,0,251411,3,0
0,0,0,0,99,29,16343,111592,0,0,0,0,0,252008,3,0
0,0,0,0,99,29,16344,111592,0,0,0,0,0,254136,3,0
0,0,0,0,99,29,16345,111592,0,0,0,0,0,254159,3,0
0,0,0,0,99,29,16346,111592,0,0,0,0,0,257439,3,0
0,0,0,0,99,29,16347,111592,0,0,0,0,0,257630,3,0
0,0,0,0,99,29,16348,111592,0,0,0,0,0,258608,3,0
0,0,0,0,99,29,16349,111592,0,0,0,0,0,259680,3,0
0,0,0,0,99,29,16350,111592,0,0,0,0,0,260314,3,0
0,0,0,0,99,29,16351,111592,0,0,0,0,0,262740,3,0
0,0,0,0,99,29,16352,111592,0,0,0,0,0,264691,3,0
0,0,0,0,99,29,16353,111592,0,0,0,0,0,266113,3,0
0,0,0,0,99,29,16354,111592,0,0,0,0,0,268771,3,0
0,0,0,0,99,29,16355,111592,0,0,0,0,0,268772,3,0
0,0,0,0,99,29,16356,111592,0,0,0,0,0,268774,3,0
0,0,0,0,99,29,16357,111592,0,0,0,0,0,268775,3,0
0,0,0,0,99,29,16358,111592,0,0,0,0,0,268776,3,0
0,0,0,0,99,29,16359,111592,0,0,0,0,0,268778,3,0
0,0,0,0,99,29,16360,111592,0,0,0,0,0,268779,3,0
0,0,0,0,99,29,16361,111592,0,0,0,0,0,268780,3,0
0,0,0,0,99,29,16362,111592,0,0,0,0,0,268781,3,0
0,0,0,0,99,29,16363,111592,0,0,0,0,0,268782,3,0
0,0,0,0,99,29,16364,111592,0,0,0,0,0,268783,3,0
0,0,0,0,99,29,16365,111592,0,0,0,0,0,268784,3,0
0,0,0,0,99,29,16366,111592,0,0,0,0,0,268785,3,0
0,0,0,0,99,29,16367,111592,0,0,0,0,0,268860,3,0
0,0,0,0,99,29,16368,111592,0,0,0,0,0,268864,3,0
0,0,0,0,99,29,16369,111592,0,0,0,0,0,268866,3,0
0,0,0,0,99,29,16370,111592,0,0,0,0,0,268877,3,0
0,0,0,0,99,29,16371,111592,0,0,0,0,0,268879,3,0
0,0,0,0,99,29,16372,111592,0,0,0,0,0,268984,3,0
0,0,0,0,99,29,16373,111592,0,0,0,0,0,268985,3,0
0,0,0,0,99,29,16374,111592,0,0,0,0,0,269047,3,0
0,0,0,0,99,29,16375,111592,0,0,0,0,0,270564,3,0
0,0,0,0,99,29,16376,111592,0,0,0,0,0,270643,3,0
0,0,0,0,99,29,16377,111592,0,0,0,0,0,271326,3,0
0,0,0,0,99,29,16378,111592,0,0,0,0,0,271949,3,0
0,0,0,0,99,29,16379,111592,0,0,0,0,0,272471,3,0
0,0,0,0,99,29,16380,111592,0,0,0,0,0,272472,3,0
0,0,0,0,99,29,16381,111592,0,0,0,0,0,273624,3,0
0,0,0,0,99,29,16382,111592,0,0,0,0,0,274968,3,0
0,0,0,0,99,29,16383,111592,0,0,0,0,0,279194,3,0
0,0,0,0,99,29,16384,131368,0,0,0,0,0,71047,3,0
0,0,0,0,99,29,16385,131368,0,0,0,0,0,72156,3,0
0,0,0,0,99,29,16386,131368,0,0,0,0,0,226987,3,0
0,0,0,0,99,29,16387,131368,0,0,0,0,0,227101,3,0
0,0,0,0,99,29,16388,131368,0,0,0,0,0,227192,3,0
0,0,0,0,99,29,16389,131368,0,0,0,0,0,227310,3,0
0,0,0,0,99,29,16390,131368,0,0,0,0,0,227316,3,0
0,0,0,0,99,29,16391,131368,0,0,0,0,0,227318,3,0
0,0,0,0,99,29,16392,131368,0,0,0,0,0,227327,3,0
0,0,0,0,99,29,16393,131368,0,0,0,0,0,227331,3,0
0,0,0,0,99,29,16394,131368,0,0,0,0,0,227346,3,0
0,0,0,0,99,29,16395,131368,0,0,0,0,0,227350,3,0
0,0,0,0,99,29,16396,131368,0,0,0,0,0,227361,3,0
0,0,0,0,99,29,16397,131368,0,0,0,0,0,227366,3,0
0,0,0,0,99,29,16398,131368,0,0,0,0,0,227368,3,0
0,0,0,0,99,29,16399,131368,0,0,0,0,0,227452,3,0
0,0,0,0,99,29,16400,131368,0,0,0,0,0,227453,3,0
0,0,0,0,99,29,16401,131368,0,0,0,0,0,227454,3,0
0,0,0,0,99,29,16402,131368,0,0,0,0,0,227455,3,0
0,0,0,0,99,29,16403,131368,0,0,0,0,0,227457,3,0
0,0,0,0,99,29,16404,131368,0,0,0,0,0,228724,3,0
0,0,0,0,99,29,16405,131368,0,0,0,0,0,228800,3,0
0,0,0,0,99,29,16406,131368,0,0,0,0,0,231432,3,0
0,0,0,0,99,29,16407,131368,0,0,0,0,0,232202,3,0
0,0,0,0,99,29,16408,131368,0,0,0,0,0,233662,3,0
0,0,0,0,99,29,16409,131368,0,0,0,0,0,233748,3,0
0,0,0,0,99,29,16410,131368,0,0,0,0,0,233751,3,0
0,0,0,0,99,29,16411,131368,0,0,0,0,0,233757,3,0
0,0,0,0,99,29,16412,131368,0,0,0,0,0,233837,3,0
0,0,0,0,99,29,16413,131368,0,0,0,0,0,233852,3,0
0,0,0,0,99,29,16414,131368,0,0,0,0,0,233854,3,0
0,0,0,0,99,29,16415,131368,0,0,0,0,0,235585,3,0
0,0,0,0,99,29,16416,131368,0,0,0,0,0,237197,3,0
0,0,0,0,99,29,16417,131368,0,0,0,0,0,240720,3,0
0,0,0,0,99,29,16418,131368,0,0,0,0,0,241224,3,0
0,0,0,0,99,29,16419,131368,0,0,0,0,0,241225,3,0
0,0,0,0,99,29,16420,131368,0,0,0,0,0,241547,3,0
0,0,0,0,99,29,16421,131368,0,0,0,0,0,241548,3,0
0,0,0,0,99,29,16422,131368,0,0,0,0,0,242806,3,0
0,0,0,0,99,29,16423,131368,0,0,0,0,0,244285,3,0
0,0,0,0,99,29,16424,131368,0,0,0,0,0,244890,3,0
0,0,0,0,99,29,16425,131368,0,0,0,0,0,245697,3,0
0,0,0,0,99,29,16426,131368,0,0,0,0,0,245821,3,0
0,0,0,0,99,29,16427,131368,0,0,0,0,0,245876,3,0
0,0,0,0,99,29,16428,131368,0,0,0,0,0,245886,3,0
0,0,0,0,99,29,16429,131368,0,0,0,0,0,245892,3,0
0,0,0,0,99,29,16430,131368,0,0,0,0,0,246059,3,0
0,0,0,0,99,29,16431,131368,0,0,0,0,0,246152,3,0
0,0,0,0,99,29,16432,131368,0,0,0,0,0,246153,3,0
0,0,0,0,99,29,16433,131368,0,0,0,0,0,246272,3,0
0,0,0,0,99,29,16434,131368,0,0,0,0,0,246355,3,0
0,0,0,0,99,29,16435,131368,0,0,0,0,0,246361,3,0
0,0,0,0,99,29,16436,131368,0,0,0,0,0,246366,3,0
0,0,0,0,99,29,16437,131368,0,0,0,0,0,246373,3,0
0,0,0,0,99,29,16438,131368,0,0,0,0,0,246379,3,0
0,0,0,0,99,29,16439,131368,0,0,0,0,0,246967,3,0
0,0,0,0,99,29,16440,131368,0,0,0,0,0,247440,3,0
0,0,0,0,99,29,16441,131368,0,0,0,0,0,247535,3,0
0,0,0,0,99,29,16442,131368,0,0,0,0,0,247768,3,0
0,0,0,0,99,29,16443,131368,0,0,0,0,0,248785,3,0
0,0,0,0,99,29,16444,131368,0,0,0,0,0,248786,3,0
0,0,0,0,99,29,16445,131368,0,0,0,0,0,248789,3,0
0,0,0,0,99,29,16446,131368,0,0,0,0,0,253469,3,0
0,0,0,0,99,29,16447,131368,0,0,0,0,0,254564,3,0
0,0,0,0,99,29,16448,131368,0,0,0,0,0,256840,3,0
0,0,0,0,99,29,16449,131368,0,0,0,0,0,258310,3,0
0,0,0,0,99,29,16450,131368,0,0,0,0,0,261092,3,0
0,0,0,0,99,29,16451,131368,0,0,0,0,0,261093,3,0
0,0,0,0,99,29,16452,131368,0,0,0,0,0,261830,3,0
0,0,0,0,99,29,16453,131368,0,0,0,0,0,261831,3,0
0,0,0,0,99,29,16454,131368,0,0,0,0,0,261833,3,0
0,0,0,0,99,29,16455,131368,0,0,0,0,0,261834,3,0
0,0,0,0,99,29,16456,131368,0,0,0,0,0,261837,3,0
0,0,0,0,99,29,16457,131368,0,0,0,0,0,261841,3,0
0,0,0,0,99,29,16458,131368,0,0,0,0,0,261842,3,0
0,0,0,0,99,29,16459,131368,0,0,0,0,0,261844,3,0
0,0,0,0,99,29,16460,131368,0,0,0,0,0,261848,3,0
0,0,0,0,99,29,16461,131368,0,0,0,0,0,261849,3,0
0,0,0,0,99,29,16462,131368,0,0,0,0,0,264233,3,0
0,0,0,0,99,29,16463,131368,0,0,0,0,0,264626,3,0
0,0,0,0,99,29,16464,131368,0,0,0,0,0,264630,3,0
0,0,0,0,99,29,16465,131368,0,0,0,0,0,264895,3,0
0,0,0,0,99,29,16466,131368,0,0,0,0,0,264932,3,0
0,0,0,0,99,29,16467,131368,0,0,0,0,0,265305,3,0
0,0,0,0,99,29,16468,131368,0,0,0,0,0,265408,3,0
0,0,0,0,99,29,16469,131368,0,0,0,0,0,265536,3,0
0,0,0,0,99,29,16470,131368,0,0,0,0,0,265674,3,0
0,0,0,0,99,29,16471,131368,0,0,0,0,0,265860,3,0
0,0,0,0,99,29,16472,131368,0,0,0,0,0,265905,3,0
0,0,0,0,99,29,16473,131368,0,0,0,0,0,266393,3,0
0,0,0,0,99,29,16474,131368,0,0,0,0,0,266603,3,0
0,0,0,0,99,29,16475,131368,0,0,0,0,0,266945,3,0
0,0,0,0,99,29,16476,131368,0,0,0,0,0,268472,3,0
0,0,0,0,99,29,16477,131368,0,0,0,0,0,269655,3,0
0,0,0,0,99,29,16478,131368,0,0,0,0,0,269659,3,0
0,0,0,0,99,29,16479,131368,0,0,0,0,0,269661,3,0
0,0,0,0,99,29,16480,131368,0,0,0,0,0,269662,3,0
0,0,0,0,99,29,16481,131368,0,0,0,0,0,269663,3,0
0,0,0,0,99,29,16482,131368,0,0,0,0,0,269665,3,0
0,0,0,0,99,29,16483,131368,0,0,0,0,0,269666,3,0
0,0,0,0,99,29,16484,131368,0,0,0,0,0,269668,3,0
0,0,0,0,99,29,16485,131368,0,0,0,0,0,269674,3,0
0,0,0,0,99,29,16486,131368,0,0,0,0,0,269675,3,0
0,0,0,0,99,29,16487,131368,0,0,0,0,0,269676,3,0
0,0,0,0,99,29,16488,131368,0,0,0,0,0,269677,3,0
0,0,0,0,99,29,16489,131368,0,0,0,0,0,269681,3,0
0,0,0,0,99,29,16490,131368,0,0,0,0,0,270329,3,0
0,0,0,0,99,29,16491,131368,0,0,0,0,0,270330,3,0
0,0,0,0,99,29,16492,131368,0,0,0,0,0,271007,3,0
0,0,0,0,99,29,16493,131368,0,0,0,0,0,272522,3,0
0,0,0,0,99,29,16494,131368,0,0,0,0,0,272523,3,0
0,0,0,0,99,29,16495,131368,0,0,0,0,0,272524,3,0
0,0,0,0,99,29,16496,131368,0,0,0,0,0,273209,3,0
0,0,0,0,99,29,16497,131368,0,0,0,0,0,273210,3,0
0,0,0,0,99,29,16498,131368,0,0,0,0,0,273211,3,0
0,0,0,0,99,29,16499,131368,0,0,0,0,0,273215,3,0
0,0,0,0,99,29,16500,131368,0,0,0,0,0,273275,3,0
0,0,0,0,99,29,16501,131368,0,0,0,0,0,273279,3,0
0,0,0,0,99,29,16502,131368,0,0,0,0,0,273280,3,0
0,0,0,0,99,29,16503,131368,0,0,0,0,0,274381,3,0
0,0,0,0,99,29,16504,131368,0,0,0,0,0,274557,3,0
0,0,0,0,99,29,16505,131368,0,0,0,0,0,276568,3,0
0,0,0,0,99,29,16506,131368,0,0,0,0,0,276569,3,0
0,0,0,0,99,29,16507,131368,0,0,0,0,0,276599,3,0
0,0,0,0,99,29,16508,131368,0,0,0,0,0,277544,3,0
0,0,0,0,99,29,16509,131368,0,0,0,0,0,277911,3,0
0,0,0,0,99,29,16510,131368,0,0,0,0,0,278771,3,0
0,0,0,0,99,29,16511,131368,0,0,0,0,0,278967,3,0
0,0,0,0,99,29,16512,131368,0,0,0,0,0,278968,3,0
0,0,0,0,99,29,16513,131368,0,0,0,0,0,279523,3,0
0,0,0,0,99,29,16514,131680,0,0,0,0,0,238399,3,0
0,0,0,0,1,0,16515,383,0,0,0,0,0,230182,3,0
0,0,0,0,20,3,16516,383,0,0,0,0,0,230371,3,0
0,0,0,0,16,4,16517,383,0,0,0,0,0,230229,3,0
0,0,0,0,4,6,16518,383,0,0,0,0,0,230282,3,0
0,0,0,0,28,7,16519,383,0,0,0,0,0,230241,3,0
0,0,0,0,5,9,16520,383,0,0,0,0,0,230331,3,0
0,0,0,0,8,11,16521,383,0,0,0,0,0,230373,3,0
0,0,0,0,10,12,16522,383,0,0,0,0,0,230481,3,0
0,0,0,0,17,16,16523,383,0,0,0,0,0,230402,3,0
0,0,0,0,29,18,16524,383,0,0,0,0,0,230269,3,0
0,0,0,0,7,25,16525,383,0,0,0,0,0,230440,3,0
0,0,0,0,27,28,16526,383,0,0,0,0,0,230427,3,0
0,0,0,0,32,28,16527,383,0,0,0,0,0,230353,3,0
0,0,0,0,18,28,16528,383,0,0,0,0,0,236109,3,0
0,0,0,0,3,28,16529,383,0,0,0,0,0,236112,3,0
0,0,0,0,26,28,16530,383,0,0,0,0,0,230185,3,0
0,0,0,0,22,28,16531,383,0,0,0,0,0,230501,3,0
0,0,0,0,2,28,16532,383,0,0,0,0,0,230425,3,0
0,0,0,0,33,28,16533,383,0,0,0,0,0,230477,3,0
0,0,0,0,11,28,16534,383,0,0,0,0,0,230248,3,0
0,0,0,0,1,0,16535,517,0,0,0,0,0,230324,3,0
0,0,0,0,4,3,16536,517,0,0,0,0,0,230193,3,0
0,0,0,0,3,4,16537,517,0,0,0,0,0,230397,3,0
0,0,0,0,5,6,16538,517,0,0,0,0,0,230220,3,0
0,0,0,0,2,7,16539,517,0,0,0,0,0,230188,3,0
0,0,0,0,16,9,16540,517,0,0,0,0,0,230417,3,0
0,0,0,0,8,11,16541,517,0,0,0,0,0,230239,3,0
0,0,0,0,10,17,16542,517,0,0,0,0,0,230480,3,0
0,0,0,0,19,18,16543,517,0,0,0,0,0,230468,3,0
0,0,0,0,21,19,16544,517,0,0,0,0,0,230526,3,0
0,0,0,0,9,25,16545,517,0,0,0,0,0,230503,3,0
0,0,0,0,6,28,16546,517,0,0,0,0,0,230259,3,0
0,0,0,0,30,28,16547,517,0,0,0,0,0,230439,3,0
0,0,0,0,17,28,16548,517,0,0,0,0,0,230399,3,0
0,0,0,0,29,28,16549,517,0,0,0,0,0,236168,3,0
0,0,0,0,33,28,16550,517,0,0,0,0,0,233974,3,0
0,0,0,0,40,28,16551,517,0,0,0,0,0,230516,3,0
0,0,0,0,32,28,16552,517,0,0,0,0,0,230303,3,0
0,0,0,0,35,28,16553,517,0,0,0,0,0,230374,3,0
0,0,0,0,31,28,16554,517,0,0,0,0,0,236143,3,0
0,0,0,0,1,0,16555,567,0,0,0,0,0,230323,3,0
0,0,0,0,2,3,16556,567,0,0,0,0,0,230199,3,0
0,0,0,0,3,4,16557,567,0,0,0,0,0,230218,3,0
0,0,0,0,4,6,16558,567,0,0,0,0,0,230381,3,0
0,0,0,0,5,7,16559,567,0,0,0,0,0,230337,3,0
0,0,0,0,8,12,16560,567,0,0,0,0,0,230278,3,0
0,0,0,0,15,13,16561,567,0,0,0,0,0,230271,3,0
0,0,0,0,6,15,16562,567,0,0,0,0,0,230234,3,0
0,0,0,0,20,16,16563,567,0,0,0,0,0,230273,3,0
0,0,0,0,11,24,16564,567,0,0,0,0,0,230287,3,0
0,0,0,0,9,26,16565,567,0,0,0,0,0,230507,3,0
0,0,0,0,18,28,16566,567,0,0,0,0,0,230247,3,0
0,0,0,0,16,28,16567,567,0,0,0,0,0,230335,3,0
0,0,0,0,14,28,16568,567,0,0,0,0,0,230372,3,0
0,0,0,0,13,28,16569,567,0,0,0,0,0,230221,3,0
0,0,0,0,12,28,16570,567,0,0,0,0,0,230332,3,0
0,0,0,0,21,28,16571,567,0,0,0,0,0,236196,3,0
0,0,0,0,19,28,16572,567,0,0,0,0,0,230466,3,0
0,0,0,0,22,28,16573,567,0,0,0,0,0,230530,3,0
0,0,0,0,23,28,16574,567,0,0,0,0,0,230268,3,0
0,0,0,0,39,0,16575,598,0,0,0,0,0,230319,3,0
0,0,0,0,4,3,16576,598,0,0,0,0,0,230217,3,0
0,0,0,0,14,4,16577,598,0,0,0,0,0,230326,3,0
0,0,0,0,27,6,16578,598,0,0,0,0,0,230222,3,0
0,0,0,0,18,7,16579,598,0,0,0,0,0,230244,3,0
0,0,0,0,10,9,16580,598,0,0,0,0,0,230242,3,0
0,0,0,0,7,11,16581,598,0,0,0,0,0,236147,3,0
0,0,0,0,8,12,16582,598,0,0,0,0,0,230414,3,0
0,0,0,0,16,16,16583,598,0,0,0,0,0,230385,3,0
0,0,0,0,11,18,16584,598,0,0,0,0,0,230370,3,0
0,0,0,0,29,25,16585,598,0,0,0,0,0,230432,3,0
0,0,0,0,21,28,16586,598,0,0,0,0,0,230521,3,0
0,0,0,0,24,28,16587,598,0,0,0,0,0,230246,3,0
0,0,0,0,3,28,16588,598,0,0,0,0,0,230386,3,0
0,0,0,0,31,28,16589,598,0,0,0,0,0,230205,3,0
0,0,0,0,30,28,16590,598,0,0,0,0,0,230321,3,0
0,0,0,0,17,28,16591,598,0,0,0,0,0,230456,3,0
0,0,0,0,33,28,16592,598,0,0,0,0,0,230392,3,0
0,0,0,0,19,28,16593,598,0,0,0,0,0,234028,3,0
0,0,0,0,26,28,16594,598,0,0,0,0,0,230410,3,0
0,0,0,0,1,0,16595,1035,0,0,0,0,0,230175,3,0
0,0,0,0,20,3,16596,1035,0,0,0,0,0,230197,3,0
0,0,0,0,19,4,16597,1035,0,0,0,0,0,230225,3,0
0,0,0,0,4,6,16598,1035,0,0,0,0,0,230280,3,0
0,0,0,0,7,7,16599,1035,0,0,0,0,0,230184,3,0
0,0,0,0,16,10,16600,1035,0,0,0,0,0,236142,3,0
0,0,0,0,18,23,16601,1035,0,0,0,0,0,230463,3,0
0,0,0,0,6,13,16602,1035,0,0,0,0,0,230349,3,0
0,0,0,0,10,15,16603,1035,0,0,0,0,0,230453,3,0
0,0,0,0,21,27,16604,1035,0,0,0,0,0,230347,3,0
0,0,0,0,11,25,16605,1035,0,0,0,0,0,230384,3,0
0,0,0,0,30,28,16606,1035,0,0,0,0,0,230329,3,0
0,0,0,0,28,28,16607,1035,0,0,0,0,0,230459,3,0
0,0,0,0,14,28,16608,1035,0,0,0,0,0,230230,3,0
0,0,0,0,15,28,16609,1035,0,0,0,0,0,230181,3,0
0,0,0,0,13,28,16610,1035,0,0,0,0,0,230176,3,0
0,0,0,0,22,28,16611,1035,0,0,0,0,0,230524,3,0
0,0,0,0,3,28,16612,1035,0,0,0,0,0,236113,3,0
0,0,0,0,9,28,16613,1035,0,0,0,0,0,230283,3,0
0,0,0,0,24,28,16614,1035,0,0,0,0,0,230233,3,0
0,0,0,0,1,0,16615,1043,0,0,0,0,0,230204,3,0
0,0,0,0,2,3,16616,1043,0,0,0,0,0,230206,3,0
0,0,0,0,3,4,16617,1043,0,0,0,0,0,230285,3,0
0,0,0,0,4,6,16618,1043,0,0,0,0,0,236108,3,0
0,0,0,0,6,7,16619,1043,0,0,0,0,0,230219,3,0
0,0,0,0,5,12,16620,1043,0,0,0,0,0,230406,3,0
0,0,0,0,8,13,16621,1043,0,0,0,0,0,230426,3,0
0,0,0,0,7,15,16622,1043,0,0,0,0,0,230346,3,0
0,0,0,0,11,16,16623,1043,0,0,0,0,0,230460,3,0
0,0,0,0,9,24,16624,1043,0,0,0,0,0,230449,3,0
0,0,0,0,10,26,16625,1043,0,0,0,0,0,230430,3,0
0,0,0,0,16,28,16626,1043,0,0,0,0,0,230336,3,0
0,0,0,0,18,28,16627,1043,0,0,0,0,0,230286,3,0
0,0,0,0,15,28,16628,1043,0,0,0,0,0,230245,3,0
0,0,0,0,14,28,16629,1043,0,0,0,0,0,230327,3,0
0,0,0,0,22,28,16630,1043,0,0,0,0,0,230191,3,0
0,0,0,0,20,28,16631,1043,0,0,0,0,0,230493,3,0
0,0,0,0,17,28,16632,1043,0,0,0,0,0,230482,3,0
0,0,0,0,21,28,16633,1043,0,0,0,0,0,230454,3,0
0,0,0,0,23,28,16634,1043,0,0,0,0,0,230260,3,0
0,0,0,0,99,0,16635,1629,0,0,0,0,0,230166,3,0
0,0,0,0,1,3,16636,1629,0,0,0,0,0,230198,3,0
0,0,0,0,2,4,16637,1629,0,0,0,0,0,230224,3,0
0,0,0,0,3,6,16638,1629,0,0,0,0,0,230403,3,0
0,0,0,0,4,7,16639,1629,0,0,0,0,0,230240,3,0
0,0,0,0,5,9,16640,1629,0,0,0,0,0,230250,3,0
0,0,0,0,6,11,16641,1629,0,0,0,0,0,230446,3,0
0,0,0,0,7,12,16642,1629,0,0,0,0,0,230474,3,0
0,0,0,0,8,16,16643,1629,0,0,0,0,0,230263,3,0
0,0,0,0,9,18,16644,1629,0,0,0,0,0,230420,3,0
0,0,0,0,10,25,16645,1629,0,0,0,0,0,230289,3,0
0,0,0,0,14,28,16646,1629,0,0,0,0,0,230339,3,0
0,0,0,0,15,28,16647,1629,0,0,0,0,0,230387,3,0
0,0,0,0,11,28,16648,1629,0,0,0,0,0,230178,3,0
0,0,0,0,12,28,16649,1629,0,0,0,0,0,230196,3,0
0,0,0,0,13,28,16650,1629,0,0,0,0,0,230320,3,0
0,0,0,0,16,28,16651,1629,0,0,0,0,0,230485,3,0
0,0,0,0,17,28,16652,1629,0,0,0,0,0,236174,3,0
0,0,0,0,18,28,16653,1629,0,0,0,0,0,230447,3,0
0,0,0,0,19,28,16654,1629,0,0,0,0,0,230523,3,0
0,0,0,0,77,0,16655,101101,0,0,0,0,0,259259,3,0
0,0,0,0,21,3,16656,101101,0,0,0,0,0,224995,3,0
0,0,0,0,28,4,16657,101101,0,0,0,0,0,253389,3,0
0,0,0,0,18,6,16658,101101,0,0,0,0,0,215139,3,0
0,0,0,0,12,7,16659,101101,0,0,0,0,0,244308,3,0
0,0,0,0,6,9,16660,101101,0,0,0,0,0,214343,3,0
0,0,0,0,24,11,16661,101101,0,0,0,0,0,219160,3,0
0,0,0,0,99,12,16662,101101,0,0,0,0,0,255292,3,0
0,0,0,0,20,16,16663,101101,0,0,0,0,0,242573,3,0
0,0,0,0,8,18,16664,101101,0,0,0,0,0,214132,3,0
0,0,0,0,70,25,16665,101101,0,0,0,0,0,207664,3,0
0,0,0,0,17,28,16666,101101,0,0,0,0,0,199964,3,0
0,0,0,0,14,28,16667,101101,0,0,0,0,0,235665,3,0
0,0,0,0,7,28,16668,101101,0,0,0,0,0,273656,3,0
0,0,0,0,3,28,16669,101101,0,0,0,0,0,243363,3,0
0,0,0,0,30,28,16670,101101,0,0,0,0,0,214035,3,0
0,0,0,0,29,28,16671,101101,0,0,0,0,0,225572,3,0
0,0,0,0,27,28,16672,101101,0,0,0,0,0,242370,3,0
0,0,0,0,10,28,16673,101101,0,0,0,0,0,236747,3,0
0,0,0,0,2,28,16674,101101,0,0,0,0,0,273658,3,0
0,0,0,0,16,28,16675,101101,0,0,0,0,0,214327,3,0
0,0,0,0,88,28,16676,101101,0,0,0,0,0,246081,3,0
0,0,0,0,23,28,16677,101101,0,0,0,0,0,247199,3,0
0,0,0,0,4,29,16678,101101,0,0,0,0,0,246964,3,0
0,0,0,0,13,29,16679,101101,0,0,0,0,0,273657,3,0
0,0,0,0,80,29,16680,101101,0,0,0,0,0,252804,3,0
0,0,0,0,31,29,16681,101101,0,0,0,0,0,275689,3,0
0,0,0,0,26,29,16682,101101,0,0,0,0,0,276961,3,0
0,0,0,0,34,29,16683,101101,0,0,0,0,0,261410,3,0
0,0,0,0,11,29,16684,101101,0,0,0,0,0,276963,3,0
0,0,0,0,5,29,16685,101101,0,0,0,0,0,239088,3,0
0,0,0,0,19,29,16686,101101,0,0,0,0,0,71834,3,0
0,0,0,0,33,29,16687,101101,0,0,0,0,0,236670,3,0
0,0,0,0,31,0,16688,101105,0,0,0,0,0,229541,3,0
0,0,0,0,22,3,16689,101105,0,0,0,0,0,255750,3,0
0,0,0,0,29,4,16690,101105,0,0,0,0,0,267788,3,0
0,0,0,0,4,6,16691,101105,0,0,0,0,0,245256,3,0
0,0,0,0,37,7,16692,101105,0,0,0,0,0,71849,3,0
0,0,0,0,5,9,16693,101105,0,0,0,0,0,220826,3,0
0,0,0,0,8,11,16694,101105,0,0,0,0,0,214019,3,0
0,0,0,0,10,17,16695,101105,0,0,0,0,0,231667,3,0
0,0,0,0,14,19,16696,101105,0,0,0,0,0,214378,3,0
0,0,0,0,32,24,16697,101105,0,0,0,0,0,224404,3,0
0,0,0,0,23,26,16698,101105,0,0,0,0,0,231862,3,0
0,0,0,0,18,28,16699,101105,0,0,0,0,0,264755,3,0
0,0,0,0,11,28,16700,101105,0,0,0,0,0,275434,3,0
0,0,0,0,6,28,16701,101105,0,0,0,0,0,255384,3,0
0,0,0,0,34,28,16702,101105,0,0,0,0,0,277838,3,0
0,0,0,0,12,28,16703,101105,0,0,0,0,0,214351,3,0
0,0,0,0,35,28,16704,101105,0,0,0,0,0,274824,3,0
0,0,0,0,21,28,16705,101105,0,0,0,0,0,221736,3,0
0,0,0,0,13,28,16706,101105,0,0,0,0,0,264756,3,0
0,0,0,0,28,28,16707,101105,0,0,0,0,0,225423,3,0
0,0,0,0,33,28,16708,101105,0,0,0,0,0,274127,3,0
0,0,0,0,7,28,16709,101105,0,0,0,0,0,259540,3,0
0,0,0,0,30,28,16710,101105,0,0,0,0,0,264753,3,0
0,0,0,0,17,29,16711,101105,0,0,0,0,0,214195,3,0
0,0,0,0,25,29,16712,101105,0,0,0,0,0,274561,3,0
0,0,0,0,1,29,16713,101105,0,0,0,0,0,264754,3,0
0,0,0,0,26,29,16714,101105,0,0,0,0,0,248466,3,0
0,0,0,0,24,29,16715,101105,0,0,0,0,0,272378,3,0
0,0,0,0,20,29,16716,101105,0,0,0,0,0,214393,3,0
0,0,0,0,9,29,16717,101105,0,0,0,0,0,71940,3,0
0,0,0,0,29,0,16718,101110,0,0,0,0,0,253847,3,0
0,0,0,0,6,3,16719,101110,0,0,0,0,0,253537,3,0
0,0,0,0,4,4,16720,101110,0,0,0,0,0,255728,3,0
0,0,0,0,23,6,16721,101110,0,0,0,0,0,246817,3,0
0,0,0,0,15,7,16722,101110,0,0,0,0,0,236382,3,0
0,0,0,0,13,12,16723,101110,0,0,0,0,0,272410,3,0
0,0,0,0,14,13,16724,101110,0,0,0,0,0,273710,3,0
0,0,0,0,10,15,16725,101110,0,0,0,0,0,201508,3,0
0,0,0,0,26,16,16726,101110,0,0,0,0,0,240743,3,0
0,0,0,0,8,18,16727,101110,0,0,0,0,0,252935,3,0
0,0,0,0,11,25,16728,101110,0,0,0,0,0,267406,3,0
0,0,0,0,22,28,16729,101110,0,0,0,0,0,258391,3,0
0,0,0,0,33,28,16730,101110,0,0,0,0,0,259321,3,0
0,0,0,0,2,28,16731,101110,0,0,0,0,0,253305,3,0
0,0,0,0,27,28,16732,101110,0,0,0,0,0,273707,3,0
0,0,0,0,12,28,16733,101110,0,0,0,0,0,258133,3,0
0,0,0,0,7,28,16734,101110,0,0,0,0,0,224317,3,0
0,0,0,0,20,28,16735,101110,0,0,0,0,0,270854,3,0
0,0,0,0,19,28,16736,101110,0,0,0,0,0,236432,3,0
0,0,0,0,3,28,16737,101110,0,0,0,0,0,268074,3,0
0,0,0,0,9,28,16738,101110,0,0,0,0,0,273661,3,0
0,0,0,0,30,28,16739,101110,0,0,0,0,0,226086,3,0
0,0,0,0,25,28,16740,101110,0,0,0,0,0,263437,3,0
0,0,0,0,1,29,16741,101110,0,0,0,0,0,273705,3,0
0,0,0,0,28,29,16742,101110,0,0,0,0,0,254632,3,0
0,0,0,0,34,29,16743,101110,0,0,0,0,0,274949,3,0
0,0,0,0,17,29,16744,101110,0,0,0,0,0,71934,3,0
0,0,0,0,16,29,16745,101110,0,0,0,0,0,273709,3,0
0,0,0,0,18,29,16746,101110,0,0,0,0,0,225646,3,0
0,0,0,0,5,29,16747,101110,0,0,0,0,0,219712,3,0
0,0,0,0,1,0,16748,110968,0,0,0,0,0,196885,3,0
0,0,0,0,22,3,16749,110968,0,0,0,0,0,267458,3,0
0,0,0,0,44,4,16750,110968,0,0,0,0,0,255144,3,0
0,0,0,0,4,6,16751,110968,0,0,0,0,0,238375,3,0
0,0,0,0,8,7,16752,110968,0,0,0,0,0,277790,3,0
0,0,0,0,23,10,16753,110968,0,0,0,0,0,241131,3,0
0,0,0,0,9,23,16754,110968,0,0,0,0,0,233570,3,0
0,0,0,0,20,13,16755,110968,0,0,0,0,0,233569,3,0
0,0,0,0,11,15,16756,110968,0,0,0,0,0,247885,3,0
0,0,0,0,10,27,16757,110968,0,0,0,0,0,233623,3,0
0,0,0,0,19,25,16758,110968,0,0,0,0,0,257383,3,0
0,0,0,0,26,28,16759,110968,0,0,0,0,0,231301,3,0
0,0,0,0,30,28,16760,110968,0,0,0,0,0,264663,3,0
0,0,0,0,5,28,16761,110968,0,0,0,0,0,255908,3,0
0,0,0,0,2,28,16762,110968,0,0,0,0,0,255798,3,0
0,0,0,0,12,28,16763,110968,0,0,0,0,0,261014,3,0
0,0,0,0,17,28,16764,110968,0,0,0,0,0,207454,3,0
0,0,0,0,21,28,16765,110968,0,0,0,0,0,71646,3,0
0,0,0,0,18,28,16766,110968,0,0,0,0,0,264536,3,0
0,0,0,0,33,28,16767,110968,0,0,0,0,0,279686,3,0
0,0,0,0,27,28,16768,110968,0,0,0,0,0,246067,3,0
0,0,0,0,7,28,16769,110968,0,0,0,0,0,264537,3,0
0,0,0,0,15,28,16770,110968,0,0,0,0,0,279197,3,0
0,0,0,0,6,29,16771,110968,0,0,0,0,0,236939,3,0
0,0,0,0,25,29,16772,110968,0,0,0,0,0,71337,3,0
0,0,0,0,13,0,16773,110969,0,0,0,0,0,236241,3,0
0,0,0,0,31,3,16774,110969,0,0,0,0,0,274342,3,0
0,0,0,0,15,4,16775,110969,0,0,0,0,0,189228,3,0
0,0,0,0,5,6,16776,110969,0,0,0,0,0,247884,3,0
0,0,0,0,21,7,16777,110969,0,0,0,0,0,271389,3,0
0,0,0,0,8,9,16778,110969,0,0,0,0,0,259961,3,0
0,0,0,0,6,11,16779,110969,0,0,0,0,0,260265,3,0
0,0,0,0,7,12,16780,110969,0,0,0,0,0,226659,3,0
0,0,0,0,18,16,16781,110969,0,0,0,0,0,220545,3,0
0,0,0,0,10,18,16782,110969,0,0,0,0,0,200120,3,0
0,0,0,0,11,25,16783,110969,0,0,0,0,0,217201,3,0
0,0,0,0,17,28,16784,110969,0,0,0,0,0,222645,3,0
0,0,0,0,14,28,16785,110969,0,0,0,0,0,236242,3,0
0,0,0,0,4,28,16786,110969,0,0,0,0,0,254443,3,0
0,0,0,0,3,28,16787,110969,0,0,0,0,0,236267,3,0
0,0,0,0,12,28,16788,110969,0,0,0,0,0,254195,3,0
0,0,0,0,9,28,16789,110969,0,0,0,0,0,246405,3,0
0,0,0,0,23,28,16790,110969,0,0,0,0,0,259619,3,0
0,0,0,0,22,28,16791,110969,0,0,0,0,0,233508,3,0
0,0,0,0,2,28,16792,110969,0,0,0,0,0,254375,3,0
0,0,0,0,19,28,16793,110969,0,0,0,0,0,254404,3,0
0,0,0,0,35,28,16794,110969,0,0,0,0,0,254151,3,0
0,0,0,0,26,28,16795,110969,0,0,0,0,0,253656,3,0
0,0,0,0,32,29,16796,110969,0,0,0,0,0,72209,3,0
0,0,0,0,16,29,16797,110969,0,0,0,0,0,261558,3,0
0,0,0,0,20,29,16798,110969,0,0,0,0,0,260937,3,0
0,0,0,0,24,29,16799,110969,0,0,0,0,0,267421,3,0
0,0,0,0,1,29,16800,110969,0,0,0,0,0,253637,3,0
0,0,0,0,33,29,16801,110969,0,0,0,0,0,71656,3,0
0,0,0,0,30,29,16802,110969,0,0,0,0,0,220544,3,0
0,0,0,0,22,0,16803,110978,0,0,0,0,0,251818,3,0
0,0,0,0,23,3,16804,110978,0,0,0,0,0,229445,3,0
0,0,0,0,4,4,16805,110978,0,0,0,0,0,239388,3,0
0,0,0,0,5,6,16806,110978,0,0,0,0,0,214961,3,0
0,0,0,0,7,7,16807,110978,0,0,0,0,0,214231,3,0
0,0,0,0,14,23,16808,110978,0,0,0,0,0,274200,3,0
0,0,0,0,13,13,16809,110978,0,0,0,0,0,247444,3,0
0,0,0,0,28,15,16810,110978,0,0,0,0,0,247405,3,0
0,0,0,0,18,27,16811,110978,0,0,0,0,0,243384,3,0
0,0,0,0,10,18,16812,110978,0,0,0,0,0,214429,3,0
0,0,0,0,9,25,16813,110978,0,0,0,0,0,274203,3,0
0,0,0,0,17,28,16814,110978,0,0,0,0,0,233447,3,0
0,0,0,0,8,28,16815,110978,0,0,0,0,0,215109,3,0
0,0,0,0,3,28,16816,110978,0,0,0,0,0,279482,3,0
0,0,0,0,26,28,16817,110978,0,0,0,0,0,259548,3,0
0,0,0,0,12,28,16818,110978,0,0,0,0,0,256557,3,0
0,0,0,0,11,28,16819,110978,0,0,0,0,0,215042,3,0
0,0,0,0,19,28,16820,110978,0,0,0,0,0,71659,3,0
0,0,0,0,36,28,16821,110978,0,0,0,0,0,246736,3,0
0,0,0,0,2,28,16822,110978,0,0,0,0,0,276793,3,0
0,0,0,0,6,28,16823,110978,0,0,0,0,0,240350,3,0
0,0,0,0,21,28,16824,110978,0,0,0,0,0,247435,3,0
0,0,0,0,32,28,16825,110978,0,0,0,0,0,71933,3,0
0,0,0,0,34,29,16826,110978,0,0,0,0,0,71935,3,0
0,0,0,0,20,29,16827,110978,0,0,0,0,0,214139,3,0
0,0,0,0,25,29,16828,110978,0,0,0,0,0,276792,3,0
0,0,0,0,1,0,16829,110980,0,0,0,0,0,215086,3,0
0,0,0,0,16,3,16830,110980,0,0,0,0,0,214838,3,0
0,0,0,0,4,4,16831,110980,0,0,0,0,0,275371,3,0
0,0,0,0,37,6,16832,110980,0,0,0,0,0,259298,3,0
0,0,0,0,21,7,16833,110980,0,0,0,0,0,246840,3,0
0,0,0,0,8,10,16834,110980,0,0,0,0,0,214294,3,0
0,0,0,0,14,23,16835,110980,0,0,0,0,0,248258,3,0
0,0,0,0,23,13,16836,110980,0,0,0,0,0,181872,3,0
0,0,0,0,5,15,16837,110980,0,0,0,0,0,216020,3,0
0,0,0,0,7,27,16838,110980,0,0,0,0,0,242971,3,0
0,0,0,0,9,25,16839,110980,0,0,0,0,0,268396,3,0
0,0,0,0,11,28,16840,110980,0,0,0,0,0,214874,3,0
0,0,0,0,34,28,16841,110980,0,0,0,0,0,256441,3,0
0,0,0,0,15,28,16842,110980,0,0,0,0,0,226170,3,0
0,0,0,0,2,28,16843,110980,0,0,0,0,0,256443,3,0
0,0,0,0,30,28,16844,110980,0,0,0,0,0,229444,3,0
0,0,0,0,29,28,16845,110980,0,0,0,0,0,254678,3,0
0,0,0,0,26,28,16846,110980,0,0,0,0,0,236897,3,0
0,0,0,0,3,28,16847,110980,0,0,0,0,0,263923,3,0
0,0,0,0,28,28,16848,110980,0,0,0,0,0,268560,3,0
0,0,0,0,13,28,16849,110980,0,0,0,0,0,264314,3,0
0,0,0,0,33,28,16850,110980,0,0,0,0,0,239590,3,0
0,0,0,0,19,28,16851,110980,0,0,0,0,0,198426,3,0
0,0,0,0,32,29,16852,110980,0,0,0,0,0,71013,3,0
0,0,0,0,22,29,16853,110980,0,0,0,0,0,214862,3,0
0,0,0,0,10,29,16854,110980,0,0,0,0,0,214238,3,0
0,0,0,0,20,29,16855,110980,0,0,0,0,0,266692,3,0
0,0,0,0,31,29,16856,110980,0,0,0,0,0,252140,3,0
0,0,0,0,6,29,16857,110980,0,0,0,0,0,218208,3,0
0,0,0,0,27,29,16858,110980,0,0,0,0,0,71316,3,0
0,0,0,0,17,29,16859,110980,0,0,0,0,0,259699,3,0
0,0,0,0,25,29,16860,110980,0,0,0,0,0,268559,3,0
0,0,0,0,24,29,16861,110980,0,0,0,0,0,279063,3,0
0,0,0,0,12,29,16862,110980,0,0,0,0,0,274083,3,0
0,0,0,0,1,0,16863,110981,0,0,0,0,0,215048,3,0
0,0,0,0,14,3,16864,110981,0,0,0,0,0,71243,3,0
0,0,0,0,32,4,16865,110981,0,0,0,0,0,232189,3,0
0,0,0,0,3,6,16866,110981,0,0,0,0,0,226386,3,0
0,0,0,0,6,7,16867,110981,0,0,0,0,0,236943,3,0
0,0,0,0,7,12,16868,110981,0,0,0,0,0,258286,3,0
0,0,0,0,5,13,16869,110981,0,0,0,0,0,253275,3,0
0,0,0,0,17,15,16870,110981,0,0,0,0,0,233529,3,0
0,0,0,0,13,16,16871,110981,0,0,0,0,0,253327,3,0
0,0,0,0,10,18,16872,110981,0,0,0,0,0,189454,3,0
0,0,0,0,18,25,16873,110981,0,0,0,0,0,222585,3,0
0,0,0,0,22,28,16874,110981,0,0,0,0,0,255684,3,0
0,0,0,0,23,28,16875,110981,0,0,0,0,0,254234,3,0
0,0,0,0,19,28,16876,110981,0,0,0,0,0,246387,3,0
0,0,0,0,26,28,16877,110981,0,0,0,0,0,273922,3,0
0,0,0,0,12,28,16878,110981,0,0,0,0,0,255994,3,0
0,0,0,0,9,28,16879,110981,0,0,0,0,0,278856,3,0
0,0,0,0,30,28,16880,110981,0,0,0,0,0,272990,3,0
0,0,0,0,8,28,16881,110981,0,0,0,0,0,241992,3,0
0,0,0,0,2,28,16882,110981,0,0,0,0,0,225682,3,0
0,0,0,0,27,28,16883,110981,0,0,0,0,0,259908,3,0
0,0,0,0,16,28,16884,110981,0,0,0,0,0,254069,3,0
0,0,0,0,21,28,16885,110981,0,0,0,0,0,253890,3,0
0,0,0,0,25,29,16886,110981,0,0,0,0,0,71242,3,0
0,0,0,0,28,29,16887,110981,0,0,0,0,0,256144,3,0
0,0,0,0,11,29,16888,110981,0,0,0,0,0,233424,3,0
0,0,0,0,39,29,16889,110981,0,0,0,0,0,272985,3,0
0,0,0,0,15,29,16890,110981,0,0,0,0,0,254028,3,0
0,0,0,0,24,29,16891,110981,0,0,0,0,0,71880,3,0
0,0,0,0,22,0,16892,110986,0,0,0,0,0,199103,3,0
0,0,0,0,14,3,16893,110986,0,0,0,0,0,231550,3,0
0,0,0,0,4,4,16894,110986,0,0,0,0,0,265610,3,0
0,0,0,0,6,6,16895,110986,0,0,0,0,0,248137,3,0
0,0,0,0,33,7,16896,110986,0,0,0,0,0,253322,3,0
0,0,0,0,18,9,16897,110986,0,0,0,0,0,251132,3,0
0,0,0,0,88,11,16898,110986,0,0,0,0,0,266716,3,0
0,0,0,0,9,12,16899,110986,0,0,0,0,0,245357,3,0
0,0,0,0,8,16,16900,110986,0,0,0,0,0,255988,3,0
0,0,0,0,19,24,16901,110986,0,0,0,0,0,273843,3,0
0,0,0,0,11,26,16902,110986,0,0,0,0,0,240944,3,0
0,0,0,0,26,28,16903,110986,0,0,0,0,0,254023,3,0
0,0,0,0,15,28,16904,110986,0,0,0,0,0,259834,3,0
0,0,0,0,3,28,16905,110986,0,0,0,0,0,254173,3,0
0,0,0,0,13,28,16906,110986,0,0,0,0,0,268007,3,0
0,0,0,0,1,28,16907,110986,0,0,0,0,0,259904,3,0
0,0,0,0,35,28,16908,110986,0,0,0,0,0,71961,3,0
0,0,0,0,10,28,16909,110986,0,0,0,0,0,254206,3,0
0,0,0,0,29,28,16910,110986,0,0,0,0,0,273969,3,0
0,0,0,0,24,28,16911,110986,0,0,0,0,0,238275,3,0
0,0,0,0,16,28,16912,110986,0,0,0,0,0,254448,3,0
0,0,0,0,21,28,16913,110986,0,0,0,0,0,264703,3,0
0,0,0,0,28,28,16914,110986,0,0,0,0,0,256148,3,0
0,0,0,0,7,29,16915,110986,0,0,0,0,0,245149,3,0
0,0,0,0,12,29,16916,110986,0,0,0,0,0,70147,3,0
0,0,0,0,30,29,16917,110986,0,0,0,0,0,267990,3,0
0,0,0,0,1,0,16918,110989,0,0,0,0,0,228736,3,0
0,0,0,0,30,3,16919,110989,0,0,0,0,0,254941,3,0
0,0,0,0,2,4,16920,110989,0,0,0,0,0,259847,3,0
0,0,0,0,6,6,16921,110989,0,0,0,0,0,209073,3,0
0,0,0,0,29,7,16922,110989,0,0,0,0,0,256193,3,0
0,0,0,0,8,9,16923,110989,0,0,0,0,0,268874,3,0
0,0,0,0,21,11,16924,110989,0,0,0,0,0,264775,3,0
0,0,0,0,14,12,16925,110989,0,0,0,0,0,275515,3,0
0,0,0,0,7,16,16926,110989,0,0,0,0,0,244209,3,0
0,0,0,0,10,18,16927,110989,0,0,0,0,0,253813,3,0
0,0,0,0,11,25,16928,110989,0,0,0,0,0,244834,3,0
0,0,0,0,5,28,16929,110989,0,0,0,0,0,70756,3,0
0,0,0,0,27,28,16930,110989,0,0,0,0,0,70753,3,0
0,0,0,0,3,28,16931,110989,0,0,0,0,0,261504,3,0
0,0,0,0,25,28,16932,110989,0,0,0,0,0,275037,3,0
0,0,0,0,23,28,16933,110989,0,0,0,0,0,256186,3,0
0,0,0,0,24,28,16934,110989,0,0,0,0,0,271880,3,0
0,0,0,0,31,28,16935,110989,0,0,0,0,0,267397,3,0
0,0,0,0,22,28,16936,110989,0,0,0,0,0,261497,3,0
0,0,0,0,4,28,16937,110989,0,0,0,0,0,272373,3,0
0,0,0,0,15,28,16938,110989,0,0,0,0,0,279733,3,0
0,0,0,0,28,28,16939,110989,0,0,0,0,0,275041,3,0
0,0,0,0,39,28,16940,110989,0,0,0,0,0,71850,3,0
0,0,0,0,12,29,16941,110989,0,0,0,0,0,269251,3,0
0,0,0,0,36,29,16942,110989,0,0,0,0,0,71837,3,0
0,0,0,0,17,29,16943,110989,0,0,0,0,0,70754,3,0
0,0,0,0,26,29,16944,110989,0,0,0,0,0,270722,3,0
0,0,0,0,18,29,16945,110989,0,0,0,0,0,275038,3,0
0,0,0,0,13,29,16946,110989,0,0,0,0,0,256187,3,0
0,0,0,0,20,29,16947,110989,0,0,0,0,0,71670,3,0
0,0,0,0,33,29,16948,110989,0,0,0,0,0,71671,3,0
0,0,0,0,1,0,16949,110990,0,0,0,0,0,252123,3,0
0,0,0,0,4,4,16950,110990,0,0,0,0,0,254036,3,0
0,0,0,0,2,5,16951,110990,0,0,0,0,0,260045,3,0
0,0,0,0,6,6,16952,110990,0,0,0,0,0,215990,3,0
0,0,0,0,18,23,16953,110990,0,0,0,0,0,260050,3,0
0,0,0,0,33,12,16954,110990,0,0,0,0,0,252096,3,0
0,0,0,0,15,13,16955,110990,0,0,0,0,0,261648,3,0
0,0,0,0,24,15,16956,110990,0,0,0,0,0,214175,3,0
0,0,0,0,23,16,16957,110990,0,0,0,0,0,272360,3,0
0,0,0,0,10,27,16958,110990,0,0,0,0,0,267888,3,0
0,0,0,0,25,25,16959,110990,0,0,0,0,0,181989,3,0
0,0,0,0,20,28,16960,110990,0,0,0,0,0,262752,3,0
0,0,0,0,37,28,16961,110990,0,0,0,0,0,273584,3,0
0,0,0,0,36,28,16962,110990,0,0,0,0,0,271858,3,0
0,0,0,0,13,28,16963,110990,0,0,0,0,0,192765,3,0
0,0,0,0,50,28,16964,110990,0,0,0,0,0,265675,3,0
0,0,0,0,9,28,16965,110990,0,0,0,0,0,246751,3,0
0,0,0,0,29,28,16966,110990,0,0,0,0,0,237534,3,0
0,0,0,0,7,28,16967,110990,0,0,0,0,0,260065,3,0
0,0,0,0,30,28,16968,110990,0,0,0,0,0,274058,3,0
0,0,0,0,16,28,16969,110990,0,0,0,0,0,239654,3,0
0,0,0,0,17,28,16970,110990,0,0,0,0,0,253911,3,0
0,0,0,0,19,28,16971,110990,0,0,0,0,0,259979,3,0
0,0,0,0,31,29,16972,110990,0,0,0,0,0,273585,3,0
0,0,0,0,3,29,16973,110990,0,0,0,0,0,267919,3,0
0,0,0,0,28,29,16974,110990,0,0,0,0,0,69990,3,0
0,0,0,0,8,29,16975,110990,0,0,0,0,0,214050,3,0
0,0,0,0,11,29,16976,110990,0,0,0,0,0,255222,3,0
0,0,0,0,44,29,16977,110990,0,0,0,0,0,71848,3,0
0,0,0,0,38,29,16978,110990,0,0,0,0,0,276828,3,0
0,0,0,0,27,29,16979,110990,0,0,0,0,0,225574,3,0
0,0,0,0,5,29,16980,110990,0,0,0,0,0,215127,3,0
0,0,0,0,12,0,16981,111008,0,0,0,0,0,256156,3,0
0,0,0,0,2,3,16982,111008,0,0,0,0,0,244946,3,0
0,0,0,0,5,4,16983,111008,0,0,0,0,0,227550,3,0
0,0,0,0,14,6,16984,111008,0,0,0,0,0,209005,3,0
0,0,0,0,17,7,16985,111008,0,0,0,0,0,253239,3,0
0,0,0,0,26,10,16986,111008,0,0,0,0,0,248868,3,0
0,0,0,0,18,12,16987,111008,0,0,0,0,0,253240,3,0
0,0,0,0,6,13,16988,111008,0,0,0,0,0,259410,3,0
0,0,0,0,21,15,16989,111008,0,0,0,0,0,255436,3,0
0,0,0,0,8,16,16990,111008,0,0,0,0,0,233372,3,0
0,0,0,0,7,25,16991,111008,0,0,0,0,0,179752,3,0
0,0,0,0,22,28,16992,111008,0,0,0,0,0,256149,3,0
0,0,0,0,31,28,16993,111008,0,0,0,0,0,270842,3,0
0,0,0,0,27,28,16994,111008,0,0,0,0,0,252962,3,0
0,0,0,0,4,28,16995,111008,0,0,0,0,0,254703,3,0
0,0,0,0,25,28,16996,111008,0,0,0,0,0,261703,3,0
0,0,0,0,10,28,16997,111008,0,0,0,0,0,204699,3,0
0,0,0,0,24,28,16998,111008,0,0,0,0,0,25798,3,0
0,0,0,0,33,28,16999,111008,0,0,0,0,0,204977,3,0
0,0,0,0,36,28,17000,111008,0,0,0,0,0,255963,3,0
0,0,0,0,11,28,17001,111008,0,0,0,0,0,215750,3,0
0,0,0,0,20,28,17002,111008,0,0,0,0,0,241501,3,0
0,0,0,0,13,28,17003,111008,0,0,0,0,0,218868,3,0
0,0,0,0,9,29,17004,111008,0,0,0,0,0,268527,3,0
0,0,0,0,19,29,17005,111008,0,0,0,0,0,271071,3,0
0,0,0,0,23,29,17006,111008,0,0,0,0,0,274368,3,0
0,0,0,0,16,29,17007,111008,0,0,0,0,0,174381,3,0
0,0,0,0,28,29,17008,111008,0,0,0,0,0,274378,3,0
0,0,0,0,1,29,17009,111008,0,0,0,0,0,198653,3,0
0,0,0,0,15,29,17010,111008,0,0,0,0,0,215107,3,0
0,0,0,0,43,29,17011,111008,0,0,0,0,0,279477,3,0
0,0,0,0,1,0,17012,111010,0,0,0,0,0,254198,3,0
0,0,0,0,29,4,17013,111010,0,0,0,0,0,266387,3,0
0,0,0,0,5,5,17014,111010,0,0,0,0,0,187132,3,0
0,0,0,0,6,6,17015,111010,0,0,0,0,0,259657,3,0
0,0,0,0,22,10,17016,111010,0,0,0,0,0,226405,3,0
0,0,0,0,7,12,17017,111010,0,0,0,0,0,266087,3,0
0,0,0,0,27,13,17018,111010,0,0,0,0,0,275462,3,0
0,0,0,0,10,15,17019,111010,0,0,0,0,0,205119,3,0
0,0,0,0,2,16,17020,111010,0,0,0,0,0,247433,3,0
0,0,0,0,26,24,17021,111010,0,0,0,0,0,254767,3,0
0,0,0,0,9,26,17022,111010,0,0,0,0,0,191856,3,0
0,0,0,0,25,28,17023,111010,0,0,0,0,0,261563,3,0
0,0,0,0,20,28,17024,111010,0,0,0,0,0,253602,3,0
0,0,0,0,15,28,17025,111010,0,0,0,0,0,274011,3,0
0,0,0,0,13,28,17026,111010,0,0,0,0,0,259776,3,0
0,0,0,0,32,28,17027,111010,0,0,0,0,0,256183,3,0
0,0,0,0,30,28,17028,111010,0,0,0,0,0,220409,3,0
0,0,0,0,11,28,17029,111010,0,0,0,0,0,272795,3,0
0,0,0,0,24,28,17030,111010,0,0,0,0,0,71901,3,0
0,0,0,0,18,28,17031,111010,0,0,0,0,0,253919,3,0
0,0,0,0,14,28,17032,111010,0,0,0,0,0,264798,3,0
0,0,0,0,17,28,17033,111010,0,0,0,0,0,71899,3,0
0,0,0,0,31,28,17034,111010,0,0,0,0,0,255648,3,0
0,0,0,0,4,29,17035,111010,0,0,0,0,0,275249,3,0
0,0,0,0,8,29,17036,111010,0,0,0,0,0,247423,3,0
0,0,0,0,21,29,17037,111010,0,0,0,0,0,71900,3,0
0,0,0,0,12,29,17038,111010,0,0,0,0,0,270939,3,0
0,0,0,0,19,29,17039,111010,0,0,0,0,0,233078,3,0
0,0,0,0,1,0,17040,111014,0,0,0,0,0,227154,3,0
0,0,0,0,29,4,17041,111014,0,0,0,0,0,196688,3,0
0,0,0,0,3,5,17042,111014,0,0,0,0,0,240138,3,0
0,0,0,0,5,6,17043,111014,0,0,0,0,0,266554,3,0
0,0,0,0,18,10,17044,111014,0,0,0,0,0,214414,3,0
0,0,0,0,24,12,17045,111014,0,0,0,0,0,223637,3,0
0,0,0,0,16,13,17046,111014,0,0,0,0,0,211274,3,0
0,0,0,0,17,15,17047,111014,0,0,0,0,0,264796,3,0
0,0,0,0,34,16,17048,111014,0,0,0,0,0,254893,3,0
0,0,0,0,20,24,17049,111014,0,0,0,0,0,259251,3,0
0,0,0,0,19,26,17050,111014,0,0,0,0,0,210951,3,0
0,0,0,0,8,28,17051,111014,0,0,0,0,0,228271,3,0
0,0,0,0,23,28,17052,111014,0,0,0,0,0,259941,3,0
0,0,0,0,27,28,17053,111014,0,0,0,0,0,253902,3,0
0,0,0,0,2,28,17054,111014,0,0,0,0,0,274505,3,0
0,0,0,0,21,28,17055,111014,0,0,0,0,0,259606,3,0
0,0,0,0,35,28,17056,111014,0,0,0,0,0,70413,3,0
0,0,0,0,11,28,17057,111014,0,0,0,0,0,265627,3,0
0,0,0,0,33,28,17058,111014,0,0,0,0,0,253558,3,0
0,0,0,0,10,28,17059,111014,0,0,0,0,0,246013,3,0
0,0,0,0,30,28,17060,111014,0,0,0,0,0,267393,3,0
0,0,0,0,26,28,17061,111014,0,0,0,0,0,274503,3,0
0,0,0,0,14,28,17062,111014,0,0,0,0,0,265446,3,0
0,0,0,0,12,29,17063,111014,0,0,0,0,0,253837,3,0
0,0,0,0,7,29,17064,111014,0,0,0,0,0,266120,3,0
0,0,0,0,32,29,17065,111014,0,0,0,0,0,71878,3,0
0,0,0,0,39,29,17066,111014,0,0,0,0,0,71874,3,0
0,0,0,0,31,29,17067,111014,0,0,0,0,0,71869,3,0
0,0,0,0,12,0,17068,111325,0,0,0,0,0,202089,3,0
0,0,0,0,14,3,17069,111325,0,0,0,0,0,266844,3,0
0,0,0,0,3,4,17070,111325,0,0,0,0,0,253282,3,0
0,0,0,0,23,6,17071,111325,0,0,0,0,0,188485,3,0
0,0,0,0,11,7,17072,111325,0,0,0,0,0,229015,3,0
0,0,0,0,26,10,17073,111325,0,0,0,0,0,70335,3,0
0,0,0,0,30,23,17074,111325,0,0,0,0,0,70336,3,0
0,0,0,0,10,13,17075,111325,0,0,0,0,0,204691,3,0
0,0,0,0,16,15,17076,111325,0,0,0,0,0,228179,3,0
0,0,0,0,7,27,17077,111325,0,0,0,0,0,267747,3,0
0,0,0,0,20,25,17078,111325,0,0,0,0,0,266648,3,0
0,0,0,0,9,28,17079,111325,0,0,0,0,0,205972,3,0
0,0,0,0,19,28,17080,111325,0,0,0,0,0,253953,3,0
0,0,0,0,8,28,17081,111325,0,0,0,0,0,247076,3,0
0,0,0,0,2,28,17082,111325,0,0,0,0,0,225299,3,0
0,0,0,0,25,28,17083,111325,0,0,0,0,0,258209,3,0
0,0,0,0,22,28,17084,111325,0,0,0,0,0,232546,3,0
0,0,0,0,4,28,17085,111325,0,0,0,0,0,272972,3,0
0,0,0,0,18,28,17086,111325,0,0,0,0,0,70334,3,0
0,0,0,0,29,28,17087,111325,0,0,0,0,0,201335,3,0
0,0,0,0,13,28,17088,111325,0,0,0,0,0,273603,3,0
0,0,0,0,32,28,17089,111325,0,0,0,0,0,71224,3,0
0,0,0,0,1,28,17090,111325,0,0,0,0,0,70565,3,0
0,0,0,0,5,29,17091,111325,0,0,0,0,0,253261,3,0
0,0,0,0,24,29,17092,111325,0,0,0,0,0,70333,3,0
0,0,0,0,33,29,17093,111325,0,0,0,0,0,273559,3,0
0,0,0,0,21,29,17094,111325,0,0,0,0,0,267750,3,0
0,0,0,0,27,29,17095,111325,0,0,0,0,0,71419,3,0
0,0,0,0,17,29,17096,111325,0,0,0,0,0,254694,3,0
0,0,0,0,31,29,17097,111325,0,0,0,0,0,275248,3,0
0,0,0,0,21,0,17098,111326,0,0,0,0,0,253255,3,0
0,0,0,0,24,3,17099,111326,0,0,0,0,0,271902,3,0
0,0,0,0,14,4,17100,111326,0,0,0,0,0,253262,3,0
0,0,0,0,23,5,17101,111326,0,0,0,0,0,253278,3,0
0,0,0,0,18,6,17102,111326,0,0,0,0,0,266645,3,0
0,0,0,0,32,7,17103,111326,0,0,0,0,0,271905,3,0
0,0,0,0,7,10,17104,111326,0,0,0,0,0,258107,3,0
0,0,0,0,8,13,17105,111326,0,0,0,0,0,274122,3,0
0,0,0,0,31,15,17106,111326,0,0,0,0,0,279944,3,0
0,0,0,0,19,24,17107,111326,0,0,0,0,0,273604,3,0
0,0,0,0,11,26,17108,111326,0,0,0,0,0,267398,3,0
0,0,0,0,15,28,17109,111326,0,0,0,0,0,213974,3,0
0,0,0,0,27,28,17110,111326,0,0,0,0,0,268133,3,0
0,0,0,0,3,28,17111,111326,0,0,0,0,0,239645,3,0
0,0,0,0,4,28,17112,111326,0,0,0,0,0,278175,3,0
0,0,0,0,55,28,17113,111326,0,0,0,0,0,236543,3,0
0,0,0,0,9,28,17114,111326,0,0,0,0,0,274985,3,0
0,0,0,0,22,28,17115,111326,0,0,0,0,0,251831,3,0
0,0,0,0,5,28,17116,111326,0,0,0,0,0,271904,3,0
0,0,0,0,20,28,17117,111326,0,0,0,0,0,279813,3,0
0,0,0,0,17,28,17118,111326,0,0,0,0,0,279816,3,0
0,0,0,0,39,28,17119,111326,0,0,0,0,0,279946,3,0
0,0,0,0,2,28,17120,111326,0,0,0,0,0,266658,3,0
0,0,0,0,10,29,17121,111326,0,0,0,0,0,253833,3,0
0,0,0,0,13,29,17122,111326,0,0,0,0,0,279945,3,0
0,0,0,0,1,0,17123,111327,0,0,0,0,0,256220,3,0
0,0,0,0,5,3,17124,111327,0,0,0,0,0,71230,3,0
0,0,0,0,4,4,17125,111327,0,0,0,0,0,254989,3,0
0,0,0,0,13,6,17126,111327,0,0,0,0,0,71333,3,0
0,0,0,0,26,7,17127,111327,0,0,0,0,0,255399,3,0
0,0,0,0,6,10,17128,111327,0,0,0,0,0,214915,3,0
0,0,0,0,20,23,17129,111327,0,0,0,0,0,226556,3,0
0,0,0,0,15,13,17130,111327,0,0,0,0,0,273659,3,0
0,0,0,0,8,15,17131,111327,0,0,0,0,0,257211,3,0
0,0,0,0,23,27,17132,111327,0,0,0,0,0,229466,3,0
0,0,0,0,9,25,17133,111327,0,0,0,0,0,252534,3,0
0,0,0,0,21,28,17134,111327,0,0,0,0,0,265640,3,0
0,0,0,0,3,28,17135,111327,0,0,0,0,0,237159,3,0
0,0,0,0,2,28,17136,111327,0,0,0,0,0,251685,3,0
0,0,0,0,28,28,17137,111327,0,0,0,0,0,71740,3,0
0,0,0,0,17,28,17138,111327,0,0,0,0,0,223799,3,0
0,0,0,0,11,28,17139,111327,0,0,0,0,0,213619,3,0
0,0,0,0,30,28,17140,111327,0,0,0,0,0,226266,3,0
0,0,0,0,10,28,17141,111327,0,0,0,0,0,247352,3,0
0,0,0,0,27,28,17142,111327,0,0,0,0,0,274015,3,0
0,0,0,0,14,28,17143,111327,0,0,0,0,0,236906,3,0
0,0,0,0,29,28,17144,111327,0,0,0,0,0,264375,3,0
0,0,0,0,18,28,17145,111327,0,0,0,0,0,256551,3,0
0,0,0,0,7,29,17146,111327,0,0,0,0,0,235311,3,0
0,0,0,0,31,29,17147,111327,0,0,0,0,0,261574,3,0
0,0,0,0,22,29,17148,111327,0,0,0,0,0,71741,3,0
0,0,0,0,19,29,17149,111327,0,0,0,0,0,71896,3,0
0,0,0,0,34,29,17150,111327,0,0,0,0,0,71739,3,0
0,0,0,0,1,0,17151,111328,0,0,0,0,0,215250,3,0
0,0,0,0,28,3,17152,111328,0,0,0,0,0,214333,3,0
0,0,0,0,16,4,17153,111328,0,0,0,0,0,229713,3,0
0,0,0,0,13,6,17154,111328,0,0,0,0,0,213846,3,0
0,0,0,0,19,7,17155,111328,0,0,0,0,0,217794,3,0
0,0,0,0,7,23,17156,111328,0,0,0,0,0,207641,3,0
0,0,0,0,8,13,17157,111328,0,0,0,0,0,215036,3,0
0,0,0,0,10,14,17158,111328,0,0,0,0,0,215129,3,0
0,0,0,0,22,15,17159,111328,0,0,0,0,0,261221,3,0
0,0,0,0,11,27,17160,111328,0,0,0,0,0,229209,3,0
0,0,0,0,9,25,17161,111328,0,0,0,0,0,265641,3,0
0,0,0,0,14,28,17162,111328,0,0,0,0,0,236956,3,0
0,0,0,0,5,28,17163,111328,0,0,0,0,0,240964,3,0
0,0,0,0,23,28,17164,111328,0,0,0,0,0,214308,3,0
0,0,0,0,3,28,17165,111328,0,0,0,0,0,256189,3,0
0,0,0,0,26,28,17166,111328,0,0,0,0,0,256923,3,0
0,0,0,0,27,28,17167,111328,0,0,0,0,0,260030,3,0
0,0,0,0,4,28,17168,111328,0,0,0,0,0,263141,3,0
0,0,0,0,17,28,17169,111328,0,0,0,0,0,278776,3,0
0,0,0,0,20,28,17170,111328,0,0,0,0,0,275463,3,0
0,0,0,0,21,28,17171,111328,0,0,0,0,0,274119,3,0
0,0,0,0,24,28,17172,111328,0,0,0,0,0,259275,3,0
0,0,0,0,18,28,17173,111328,0,0,0,0,0,243295,3,0
0,0,0,0,6,29,17174,111328,0,0,0,0,0,264412,3,0
0,0,0,0,12,29,17175,111328,0,0,0,0,0,256599,3,0
0,0,0,0,13,0,17176,112716,0,0,0,0,0,234999,3,0
0,0,0,0,2,3,17177,112716,0,0,0,0,0,255134,3,0
0,0,0,0,24,4,17178,112716,0,0,0,0,0,253245,3,0
0,0,0,0,4,6,17179,112716,0,0,0,0,0,246658,3,0
0,0,0,0,21,7,17180,112716,0,0,0,0,0,248053,3,0
0,0,0,0,33,9,17181,112716,0,0,0,0,0,277786,3,0
0,0,0,0,26,11,17182,112716,0,0,0,0,0,234037,3,0
0,0,0,0,11,12,17183,112716,0,0,0,0,0,199151,3,0
0,0,0,0,10,16,17184,112716,0,0,0,0,0,225878,3,0
0,0,0,0,8,18,17185,112716,0,0,0,0,0,216055,3,0
0,0,0,0,19,25,17186,112716,0,0,0,0,0,223099,3,0
0,0,0,0,6,28,17187,112716,0,0,0,0,0,214366,3,0
0,0,0,0,20,28,17188,112716,0,0,0,0,0,260135,3,0
0,0,0,0,5,28,17189,112716,0,0,0,0,0,253251,3,0
0,0,0,0,35,28,17190,112716,0,0,0,0,0,268431,3,0
0,0,0,0,1,28,17191,112716,0,0,0,0,0,217805,3,0
0,0,0,0,40,28,17192,112716,0,0,0,0,0,228748,3,0
0,0,0,0,17,28,17193,112716,0,0,0,0,0,70956,3,0
0,0,0,0,32,28,17194,112716,0,0,0,0,0,70231,3,0
0,0,0,0,23,28,17195,112716,0,0,0,0,0,245079,3,0
0,0,0,0,34,28,17196,112716,0,0,0,0,0,253253,3,0
0,0,0,0,9,28,17197,112716,0,0,0,0,0,71086,3,0
0,0,0,0,39,28,17198,112716,0,0,0,0,0,278566,3,0
0,0,0,0,27,29,17199,112716,0,0,0,0,0,238815,3,0
0,0,0,0,16,29,17200,112716,0,0,0,0,0,70864,3,0
0,0,0,0,7,29,17201,112716,0,0,0,0,0,260138,3,0
0,0,0,0,18,29,17202,112716,0,0,0,0,0,228729,3,0
0,0,0,0,28,29,17203,112716,0,0,0,0,0,275431,3,0
0,0,0,0,14,29,17204,112716,0,0,0,0,0,274262,3,0
0,0,0,0,12,29,17205,112716,0,0,0,0,0,255965,3,0
0,0,0,0,29,29,17206,112716,0,0,0,0,0,70429,3,0
0,0,0,0,15,29,17207,112716,0,0,0,0,0,277781,3,0
0,0,0,0,31,29,17208,112716,0,0,0,0,0,267466,3,0
0,0,0,0,37,29,17209,112716,0,0,0,0,0,70433,3,0
0,0,0,0,22,29,17210,112716,0,0,0,0,0,71588,3,0
0,0,0,0,30,29,17211,112716,0,0,0,0,0,269088,3,0
0,0,0,0,1,0,17212,112908,0,0,0,0,0,256161,3,0
0,0,0,0,13,3,17213,112908,0,0,0,0,0,230118,3,0
0,0,0,0,14,4,17214,112908,0,0,0,0,0,241064,3,0
0,0,0,0,5,6,17215,112908,0,0,0,0,0,253341,3,0
0,0,0,0,15,7,17216,112908,0,0,0,0,0,246403,3,0
0,0,0,0,80,9,17217,112908,0,0,0,0,0,254887,3,0
0,0,0,0,18,11,17218,112908,0,0,0,0,0,266310,3,0
0,0,0,0,30,12,17219,112908,0,0,0,0,0,204738,3,0
0,0,0,0,31,16,17220,112908,0,0,0,0,0,241498,3,0
0,0,0,0,16,18,17221,112908,0,0,0,0,0,274559,3,0
0,0,0,0,11,25,17222,112908,0,0,0,0,0,198628,3,0
0,0,0,0,10,28,17223,112908,0,0,0,0,0,220739,3,0
0,0,0,0,8,28,17224,112908,0,0,0,0,0,254039,3,0
0,0,0,0,7,28,17225,112908,0,0,0,0,0,271741,3,0
0,0,0,0,2,28,17226,112908,0,0,0,0,0,266699,3,0
0,0,0,0,22,28,17227,112908,0,0,0,0,0,237046,3,0
0,0,0,0,9,28,17228,112908,0,0,0,0,0,246828,3,0
0,0,0,0,4,28,17229,112908,0,0,0,0,0,253348,3,0
0,0,0,0,19,28,17230,112908,0,0,0,0,0,269867,3,0
0,0,0,0,50,28,17231,112908,0,0,0,0,0,279485,3,0
0,0,0,0,51,28,17232,112908,0,0,0,0,0,271417,3,0
0,0,0,0,17,28,17233,112908,0,0,0,0,0,246418,3,0
0,0,0,0,52,28,17234,112908,0,0,0,0,0,71113,3,0
0,0,0,0,40,29,17235,112908,0,0,0,0,0,71055,3,0
0,0,0,0,56,29,17236,112908,0,0,0,0,0,279487,3,0
0,0,0,0,12,29,17237,112908,0,0,0,0,0,261234,3,0
0,0,0,0,58,29,17238,112908,0,0,0,0,0,71687,3,0
0,0,0,0,27,29,17239,112908,0,0,0,0,0,279486,3,0
0,0,0,0,6,29,17240,112908,0,0,0,0,0,268620,3,0
0,0,0,0,99,0,17241,568,0,0,0,0,0,230318,3,0
0,0,0,0,1,3,17242,568,0,0,0,0,0,230202,3,0
0,0,0,0,2,4,17243,568,0,0,0,0,0,230209,3,0
0,0,0,0,3,6,17244,568,0,0,0,0,0,230382,3,0
0,0,0,0,4,7,17245,568,0,0,0,0,0,236076,3,0
0,0,0,0,5,12,17246,568,0,0,0,0,0,230465,3,0
0,0,0,0,6,13,17247,568,0,0,0,0,0,234015,3,0
0,0,0,0,7,15,17248,568,0,0,0,0,0,230252,3,0
0,0,0,0,8,16,17249,568,0,0,0,0,0,230522,3,0
0,0,0,0,9,18,17250,568,0,0,0,0,0,236165,3,0
0,0,0,0,10,25,17251,568,0,0,0,0,0,230502,3,0
0,0,0,0,13,28,17252,568,0,0,0,0,0,230243,3,0
0,0,0,0,11,28,17253,568,0,0,0,0,0,230189,3,0
0,0,0,0,15,28,17254,568,0,0,0,0,0,233986,3,0
0,0,0,0,12,28,17255,568,0,0,0,0,0,230200,3,0
0,0,0,0,14,28,17256,568,0,0,0,0,0,233976,3,0
0,0,0,0,17,28,17257,568,0,0,0,0,0,230452,3,0
0,0,0,0,16,28,17258,568,0,0,0,0,0,230236,3,0
0,0,0,0,18,28,17259,568,0,0,0,0,0,230290,3,0
0,0,0,0,19,28,17260,568,0,0,0,0,0,230515,3,0
0,0,0,0,12,0,17261,1039,0,0,0,0,0,230317,3,0
0,0,0,0,2,4,17262,1039,0,0,0,0,0,230295,3,0
0,0,0,0,3,5,17263,1039,0,0,0,0,0,230375,3,0
0,0,0,0,5,6,17264,1039,0,0,0,0,0,230401,3,0
0,0,0,0,14,23,17265,1039,0,0,0,0,0,230267,3,0
0,0,0,0,16,12,17266,1039,0,0,0,0,0,230358,3,0
0,0,0,0,15,13,17267,1039,0,0,0,0,0,230355,3,0
0,0,0,0,10,15,17268,1039,0,0,0,0,0,230531,3,0
0,0,0,0,8,16,17269,1039,0,0,0,0,0,233982,3,0
0,0,0,0,7,27,17270,1039,0,0,0,0,0,230506,3,0
0,0,0,0,19,25,17271,1039,0,0,0,0,0,230497,3,0
0,0,0,0,32,28,17272,1039,0,0,0,0,0,230274,3,0
0,0,0,0,30,28,17273,1039,0,0,0,0,0,230435,3,0
0,0,0,0,4,28,17274,1039,0,0,0,0,0,230529,3,0
0,0,0,0,18,28,17275,1039,0,0,0,0,0,230333,3,0
0,0,0,0,1,28,17276,1039,0,0,0,0,0,230195,3,0
0,0,0,0,33,28,17277,1039,0,0,0,0,0,230266,3,0
0,0,0,0,35,28,17278,1039,0,0,0,0,0,230467,3,0
0,0,0,0,34,28,17279,1039,0,0,0,0,0,230192,3,0
0,0,0,0,37,28,17280,1039,0,0,0,0,0,230490,3,0
0,0,0,0,22,0,17281,1041,0,0,0,0,0,230165,3,0
0,0,0,0,4,3,17282,1041,0,0,0,0,0,230201,3,0
0,0,0,0,2,4,17283,1041,0,0,0,0,0,230293,3,0
0,0,0,0,6,6,17284,1041,0,0,0,0,0,230316,3,0
0,0,0,0,3,7,17285,1041,0,0,0,0,0,230186,3,0
0,0,0,0,5,10,17286,1041,0,0,0,0,0,230258,3,0
0,0,0,0,7,12,17287,1041,0,0,0,0,0,230364,3,0
0,0,0,0,8,13,17288,1041,0,0,0,0,0,230429,3,0
0,0,0,0,16,15,17289,1041,0,0,0,0,0,230359,3,0
0,0,0,0,10,16,17290,1041,0,0,0,0,0,230470,3,0
0,0,0,0,9,25,17291,1041,0,0,0,0,0,230442,3,0
0,0,0,0,11,28,17292,1041,0,0,0,0,0,230380,3,0
0,0,0,0,23,28,17293,1041,0,0,0,0,0,230351,3,0
0,0,0,0,19,28,17294,1041,0,0,0,0,0,230254,3,0
0,0,0,0,14,28,17295,1041,0,0,0,0,0,230297,3,0
0,0,0,0,1,28,17296,1041,0,0,0,0,0,233977,3,0
0,0,0,0,29,28,17297,1041,0,0,0,0,0,230436,3,0
0,0,0,0,15,28,17298,1041,0,0,0,0,0,230451,3,0
0,0,0,0,18,28,17299,1041,0,0,0,0,0,230394,3,0
0,0,0,0,21,28,17300,1041,0,0,0,0,0,230232,3,0
0,0,0,0,1,0,17301,1048,0,0,0,0,0,230312,3,0
0,0,0,0,3,3,17302,1048,0,0,0,0,0,230216,3,0
0,0,0,0,4,4,17303,1048,0,0,0,0,0,230313,3,0
0,0,0,0,2,6,17304,1048,0,0,0,0,0,230212,3,0
0,0,0,0,5,7,17305,1048,0,0,0,0,0,230183,3,0
0,0,0,0,16,9,17306,1048,0,0,0,0,0,230437,3,0
0,0,0,0,14,11,17307,1048,0,0,0,0,0,230431,3,0
0,0,0,0,10,17,17308,1048,0,0,0,0,0,230277,3,0
0,0,0,0,8,18,17309,1048,0,0,0,0,0,230276,3,0
0,0,0,0,17,19,17310,1048,0,0,0,0,0,230408,3,0
0,0,0,0,7,25,17311,1048,0,0,0,0,0,230513,3,0
0,0,0,0,15,28,17312,1048,0,0,0,0,0,236145,3,0
0,0,0,0,80,28,17313,1048,0,0,0,0,0,236164,3,0
0,0,0,0,31,28,17314,1048,0,0,0,0,0,236075,3,0
0,0,0,0,34,28,17315,1048,0,0,0,0,0,230398,3,0
0,0,0,0,12,28,17316,1048,0,0,0,0,0,233999,3,0
0,0,0,0,19,28,17317,1048,0,0,0,0,0,230288,3,0
0,0,0,0,9,28,17318,1048,0,0,0,0,0,234016,3,0
0,0,0,0,25,28,17319,1048,0,0,0,0,0,230495,3,0
0,0,0,0,20,28,17320,1048,0,0,0,0,0,230362,3,0
0,0,0,0,1,0,17321,101099,0,0,0,0,0,250842,3,0
0,0,0,0,13,3,17322,101099,0,0,0,0,0,224460,3,0
0,0,0,0,24,4,17323,101099,0,0,0,0,0,214196,3,0
0,0,0,0,5,6,17324,101099,0,0,0,0,0,226737,3,0
0,0,0,0,21,7,17325,101099,0,0,0,0,0,219413,3,0
0,0,0,0,17,9,17326,101099,0,0,0,0,0,214054,3,0
0,0,0,0,42,11,17327,101099,0,0,0,0,0,278784,3,0
0,0,0,0,7,12,17328,101099,0,0,0,0,0,241601,3,0
0,0,0,0,22,16,17329,101099,0,0,0,0,0,229843,3,0
0,0,0,0,9,24,17330,101099,0,0,0,0,0,230871,3,0
0,0,0,0,20,26,17331,101099,0,0,0,0,0,176619,3,0
0,0,0,0,26,28,17332,101099,0,0,0,0,0,238081,3,0
0,0,0,0,19,28,17333,101099,0,0,0,0,0,214177,3,0
0,0,0,0,4,28,17334,101099,0,0,0,0,0,219787,3,0
0,0,0,0,14,28,17335,101099,0,0,0,0,0,278782,3,0
0,0,0,0,12,28,17336,101099,0,0,0,0,0,227560,3,0
0,0,0,0,18,28,17337,101099,0,0,0,0,0,221306,3,0
0,0,0,0,29,28,17338,101099,0,0,0,0,0,234955,3,0
0,0,0,0,23,28,17339,101099,0,0,0,0,0,254634,3,0
0,0,0,0,25,28,17340,101099,0,0,0,0,0,218743,3,0
0,0,0,0,36,28,17341,101099,0,0,0,0,0,278785,3,0
0,0,0,0,37,28,17342,101099,0,0,0,0,0,263719,3,0
0,0,0,0,31,28,17343,101099,0,0,0,0,0,71764,3,0
0,0,0,0,32,29,17344,101099,0,0,0,0,0,220851,3,0
0,0,0,0,25,0,17345,101103,0,0,0,0,0,214415,3,0
0,0,0,0,28,3,17346,101103,0,0,0,0,0,222535,3,0
0,0,0,0,29,4,17347,101103,0,0,0,0,0,263511,3,0
0,0,0,0,24,6,17348,101103,0,0,0,0,0,242763,3,0
0,0,0,0,13,7,17349,101103,0,0,0,0,0,223721,3,0
0,0,0,0,15,10,17350,101103,0,0,0,0,0,245998,3,0
0,0,0,0,77,23,17351,101103,0,0,0,0,0,230638,3,0
0,0,0,0,14,13,17352,101103,0,0,0,0,0,226747,3,0
0,0,0,0,31,15,17353,101103,0,0,0,0,0,227515,3,0
0,0,0,0,17,27,17354,101103,0,0,0,0,0,259111,3,0
0,0,0,0,27,25,17355,101103,0,0,0,0,0,273655,3,0
0,0,0,0,5,28,17356,101103,0,0,0,0,0,244514,3,0
0,0,0,0,10,28,17357,101103,0,0,0,0,0,259016,3,0
0,0,0,0,3,28,17358,101103,0,0,0,0,0,235280,3,0
0,0,0,0,2,28,17359,101103,0,0,0,0,0,276556,3,0
0,0,0,0,1,28,17360,101103,0,0,0,0,0,241008,3,0
0,0,0,0,7,28,17361,101103,0,0,0,0,0,70653,3,0
0,0,0,0,11,28,17362,101103,0,0,0,0,0,216476,3,0
0,0,0,0,21,28,17363,101103,0,0,0,0,0,71592,3,0
0,0,0,0,23,28,17364,101103,0,0,0,0,0,214021,3,0
0,0,0,0,4,28,17365,101103,0,0,0,0,0,276054,3,0
0,0,0,0,30,28,17366,101103,0,0,0,0,0,275647,3,0
0,0,0,0,26,28,17367,101103,0,0,0,0,0,70568,3,0
0,0,0,0,8,29,17368,101103,0,0,0,0,0,241573,3,0
0,0,0,0,34,29,17369,101103,0,0,0,0,0,71591,3,0
0,0,0,0,19,29,17370,101103,0,0,0,0,0,221737,3,0
0,0,0,0,1,0,17371,101108,0,0,0,0,0,254601,3,0
0,0,0,0,21,3,17372,101108,0,0,0,0,0,279548,3,0
0,0,0,0,25,4,17373,101108,0,0,0,0,0,244945,3,0
0,0,0,0,5,6,17374,101108,0,0,0,0,0,228730,3,0
0,0,0,0,4,7,17375,101108,0,0,0,0,0,259361,3,0
0,0,0,0,14,12,17376,101108,0,0,0,0,0,248873,3,0
0,0,0,0,27,13,17377,101108,0,0,0,0,0,261139,3,0
0,0,0,0,17,15,17378,101108,0,0,0,0,0,262310,3,0
0,0,0,0,23,16,17379,101108,0,0,0,0,0,253250,3,0
0,0,0,0,19,24,17380,101108,0,0,0,0,0,184252,3,0
0,0,0,0,16,26,17381,101108,0,0,0,0,0,71549,3,0
0,0,0,0,32,28,17382,101108,0,0,0,0,0,254700,3,0
0,0,0,0,20,28,17383,101108,0,0,0,0,0,275595,3,0
0,0,0,0,36,28,17384,101108,0,0,0,0,0,262566,3,0
0,0,0,0,3,28,17385,101108,0,0,0,0,0,273844,3,0
0,0,0,0,12,28,17386,101108,0,0,0,0,0,254714,3,0
0,0,0,0,10,28,17387,101108,0,0,0,0,0,209523,3,0
0,0,0,0,9,28,17388,101108,0,0,0,0,0,267481,3,0
0,0,0,0,26,28,17389,101108,0,0,0,0,0,265556,3,0
0,0,0,0,44,28,17390,101108,0,0,0,0,0,277796,3,0
0,0,0,0,8,28,17391,101108,0,0,0,0,0,248871,3,0
0,0,0,0,6,28,17392,101108,0,0,0,0,0,216385,3,0
0,0,0,0,7,28,17393,101108,0,0,0,0,0,248869,3,0
0,0,0,0,2,29,17394,101108,0,0,0,0,0,255662,3,0
0,0,0,0,45,29,17395,101108,0,0,0,0,0,279054,3,0
0,0,0,0,37,29,17396,101108,0,0,0,0,0,253556,3,0
0,0,0,0,22,29,17397,101108,0,0,0,0,0,251461,3,0
0,0,0,0,34,29,17398,101108,0,0,0,0,0,228375,3,0
0,0,0,0,29,29,17399,101108,0,0,0,0,0,224459,3,0
0,0,0,0,31,29,17400,101108,0,0,0,0,0,71552,3,0
0,0,0,0,43,29,17401,101108,0,0,0,0,0,255435,3,0
0,0,0,0,11,29,17402,101108,0,0,0,0,0,278140,3,0
0,0,0,0,15,29,17403,101108,0,0,0,0,0,274495,3,0
0,0,0,0,18,29,17404,101108,0,0,0,0,0,271455,3,0
0,0,0,0,33,29,17405,101108,0,0,0,0,0,277251,3,0
0,0,0,0,30,29,17406,101108,0,0,0,0,0,279549,3,0
0,0,0,0,28,29,17407,101108,0,0,0,0,0,275257,3,0
0,0,0,0,13,29,17408,101108,0,0,0,0,0,278139,3,0
0,0,0,0,13,0,17409,110974,0,0,0,0,0,214761,3,0
0,0,0,0,25,3,17410,110974,0,0,0,0,0,259835,3,0
0,0,0,0,5,4,17411,110974,0,0,0,0,0,253807,3,0
0,0,0,0,22,6,17412,110974,0,0,0,0,0,226447,3,0
0,0,0,0,17,7,17413,110974,0,0,0,0,0,196930,3,0
0,0,0,0,19,12,17414,110974,0,0,0,0,0,254961,3,0
0,0,0,0,3,13,17415,110974,0,0,0,0,0,211338,3,0
0,0,0,0,15,15,17416,110974,0,0,0,0,0,234372,3,0
0,0,0,0,28,16,17417,110974,0,0,0,0,0,71642,3,0
0,0,0,0,9,24,17418,110974,0,0,0,0,0,259793,3,0
0,0,0,0,10,26,17419,110974,0,0,0,0,0,241115,3,0
0,0,0,0,30,28,17420,110974,0,0,0,0,0,211339,3,0
0,0,0,0,4,28,17421,110974,0,0,0,0,0,254409,3,0
0,0,0,0,6,28,17422,110974,0,0,0,0,0,264713,3,0
0,0,0,0,18,28,17423,110974,0,0,0,0,0,270581,3,0
0,0,0,0,1,28,17424,110974,0,0,0,0,0,269137,3,0
0,0,0,0,16,28,17425,110974,0,0,0,0,0,71643,3,0
0,0,0,0,21,28,17426,110974,0,0,0,0,0,277075,3,0
0,0,0,0,7,28,17427,110974,0,0,0,0,0,255491,3,0
0,0,0,0,12,28,17428,110974,0,0,0,0,0,71644,3,0
0,0,0,0,29,28,17429,110974,0,0,0,0,0,254357,3,0
0,0,0,0,26,28,17430,110974,0,0,0,0,0,261365,3,0
0,0,0,0,24,28,17431,110974,0,0,0,0,0,271343,3,0
0,0,0,0,13,0,17432,110975,0,0,0,0,0,268394,3,0
0,0,0,0,4,3,17433,110975,0,0,0,0,0,242306,3,0
0,0,0,0,17,4,17434,110975,0,0,0,0,0,225396,3,0
0,0,0,0,5,6,17435,110975,0,0,0,0,0,255416,3,0
0,0,0,0,3,7,17436,110975,0,0,0,0,0,209744,3,0
0,0,0,0,11,12,17437,110975,0,0,0,0,0,258227,3,0
0,0,0,0,10,13,17438,110975,0,0,0,0,0,218747,3,0
0,0,0,0,14,15,17439,110975,0,0,0,0,0,224057,3,0
0,0,0,0,18,16,17440,110975,0,0,0,0,0,256530,3,0
0,0,0,0,20,24,17441,110975,0,0,0,0,0,256532,3,0
0,0,0,0,9,26,17442,110975,0,0,0,0,0,232670,3,0
0,0,0,0,15,28,17443,110975,0,0,0,0,0,219605,3,0
0,0,0,0,6,28,17444,110975,0,0,0,0,0,255637,3,0
0,0,0,0,19,28,17445,110975,0,0,0,0,0,271342,3,0
0,0,0,0,24,28,17446,110975,0,0,0,0,0,214911,3,0
0,0,0,0,25,28,17447,110975,0,0,0,0,0,234717,3,0
0,0,0,0,30,28,17448,110975,0,0,0,0,0,212878,3,0
0,0,0,0,7,28,17449,110975,0,0,0,0,0,233090,3,0
0,0,0,0,29,28,17450,110975,0,0,0,0,0,259546,3,0
0,0,0,0,1,28,17451,110975,0,0,0,0,0,256529,3,0
0,0,0,0,27,28,17452,110975,0,0,0,0,0,275073,3,0
0,0,0,0,36,28,17453,110975,0,0,0,0,0,275045,3,0
0,0,0,0,35,28,17454,110975,0,0,0,0,0,277210,3,0
0,0,0,0,38,29,17455,110975,0,0,0,0,0,275043,3,0
0,0,0,0,21,29,17456,110975,0,0,0,0,0,275044,3,0
0,0,0,0,31,0,17457,110982,0,0,0,0,0,225678,3,0
0,0,0,0,25,3,17458,110982,0,0,0,0,0,253361,3,0
0,0,0,0,19,4,17459,110982,0,0,0,0,0,259318,3,0
0,0,0,0,3,6,17460,110982,0,0,0,0,0,254454,3,0
0,0,0,0,32,7,17461,110982,0,0,0,0,0,247081,3,0
0,0,0,0,17,9,17462,110982,0,0,0,0,0,70223,3,0
0,0,0,0,5,11,17463,110982,0,0,0,0,0,273982,3,0
0,0,0,0,7,12,17464,110982,0,0,0,0,0,219678,3,0
0,0,0,0,10,16,17465,110982,0,0,0,0,0,273971,3,0
0,0,0,0,30,18,17466,110982,0,0,0,0,0,265504,3,0
0,0,0,0,12,25,17467,110982,0,0,0,0,0,215026,3,0
0,0,0,0,40,28,17468,110982,0,0,0,0,0,253909,3,0
0,0,0,0,11,28,17469,110982,0,0,0,0,0,202144,3,0
0,0,0,0,8,28,17470,110982,0,0,0,0,0,254945,3,0
0,0,0,0,4,28,17471,110982,0,0,0,0,0,273830,3,0
0,0,0,0,1,28,17472,110982,0,0,0,0,0,274748,3,0
0,0,0,0,21,28,17473,110982,0,0,0,0,0,219170,3,0
0,0,0,0,26,28,17474,110982,0,0,0,0,0,71054,3,0
0,0,0,0,6,28,17475,110982,0,0,0,0,0,71053,3,0
0,0,0,0,18,28,17476,110982,0,0,0,0,0,268612,3,0
0,0,0,0,13,28,17477,110982,0,0,0,0,0,253824,3,0
0,0,0,0,77,28,17478,110982,0,0,0,0,0,273989,3,0
0,0,0,0,15,28,17479,110982,0,0,0,0,0,71052,3,0
0,0,0,0,20,29,17480,110982,0,0,0,0,0,273985,3,0
0,0,0,0,16,29,17481,110982,0,0,0,0,0,273988,3,0
0,0,0,0,22,0,17482,110991,0,0,0,0,0,236608,3,0
0,0,0,0,2,3,17483,110991,0,0,0,0,0,254672,3,0
0,0,0,0,3,4,17484,110991,0,0,0,0,0,253792,3,0
0,0,0,0,20,6,17485,110991,0,0,0,0,0,260053,3,0
0,0,0,0,13,7,17486,110991,0,0,0,0,0,272328,3,0
0,0,0,0,24,10,17487,110991,0,0,0,0,0,272330,3,0
0,0,0,0,7,12,17488,110991,0,0,0,0,0,253579,3,0
0,0,0,0,5,13,17489,110991,0,0,0,0,0,272329,3,0
0,0,0,0,17,15,17490,110991,0,0,0,0,0,272699,3,0
0,0,0,0,10,16,17491,110991,0,0,0,0,0,259861,3,0
0,0,0,0,9,25,17492,110991,0,0,0,0,0,243170,3,0
0,0,0,0,15,28,17493,110991,0,0,0,0,0,264770,3,0
0,0,0,0,19,28,17494,110991,0,0,0,0,0,274523,3,0
0,0,0,0,6,28,17495,110991,0,0,0,0,0,196873,3,0
0,0,0,0,25,28,17496,110991,0,0,0,0,0,248724,3,0
0,0,0,0,1,28,17497,110991,0,0,0,0,0,272370,3,0
0,0,0,0,8,28,17498,110991,0,0,0,0,0,274271,3,0
0,0,0,0,14,28,17499,110991,0,0,0,0,0,274525,3,0
0,0,0,0,16,28,17500,110991,0,0,0,0,0,274522,3,0
0,0,0,0,23,28,17501,110991,0,0,0,0,0,272381,3,0
0,0,0,0,21,28,17502,110991,0,0,0,0,0,70626,3,0
0,0,0,0,27,28,17503,110991,0,0,0,0,0,265555,3,0
0,0,0,0,4,28,17504,110991,0,0,0,0,0,254826,3,0
0,0,0,0,11,29,17505,110991,0,0,0,0,0,253895,3,0
0,0,0,0,12,29,17506,110991,0,0,0,0,0,260299,3,0
0,0,0,0,29,29,17507,110991,0,0,0,0,0,71737,3,0
0,0,0,0,28,29,17508,110991,0,0,0,0,0,71734,3,0
0,0,0,0,1,0,17509,110998,0,0,0,0,0,211327,3,0
0,0,0,0,4,3,17510,110998,0,0,0,0,0,261989,3,0
0,0,0,0,20,4,17511,110998,0,0,0,0,0,274046,3,0
0,0,0,0,2,5,17512,110998,0,0,0,0,0,266837,3,0
0,0,0,0,3,6,17513,110998,0,0,0,0,0,239381,3,0
0,0,0,0,34,7,17514,110998,0,0,0,0,0,256140,3,0
0,0,0,0,19,10,17515,110998,0,0,0,0,0,218894,3,0
0,0,0,0,7,13,17516,110998,0,0,0,0,0,274546,3,0
0,0,0,0,6,15,17517,110998,0,0,0,0,0,235111,3,0
0,0,0,0,30,24,17518,110998,0,0,0,0,0,186408,3,0
0,0,0,0,33,26,17519,110998,0,0,0,0,0,254651,3,0
0,0,0,0,10,28,17520,110998,0,0,0,0,0,260269,3,0
0,0,0,0,16,28,17521,110998,0,0,0,0,0,71256,3,0
0,0,0,0,22,28,17522,110998,0,0,0,0,0,274744,3,0
0,0,0,0,14,28,17523,110998,0,0,0,0,0,70332,3,0
0,0,0,0,12,28,17524,110998,0,0,0,0,0,275460,3,0
0,0,0,0,11,28,17525,110998,0,0,0,0,0,270414,3,0
0,0,0,0,26,28,17526,110998,0,0,0,0,0,71547,3,0
0,0,0,0,39,28,17527,110998,0,0,0,0,0,256159,3,0
0,0,0,0,8,28,17528,110998,0,0,0,0,0,267598,3,0
0,0,0,0,25,28,17529,110998,0,0,0,0,0,70292,3,0
0,0,0,0,31,28,17530,110998,0,0,0,0,0,71544,3,0
0,0,0,0,27,28,17531,110998,0,0,0,0,0,274499,3,0
0,0,0,0,29,29,17532,110998,0,0,0,0,0,268076,3,0
0,0,0,0,15,29,17533,110998,0,0,0,0,0,255091,3,0
0,0,0,0,13,29,17534,110998,0,0,0,0,0,253234,3,0
0,0,0,0,32,29,17535,110998,0,0,0,0,0,71558,3,0
0,0,0,0,23,29,17536,110998,0,0,0,0,0,269273,3,0
0,0,0,0,24,29,17537,110998,0,0,0,0,0,69970,3,0
0,0,0,0,9,29,17538,110998,0,0,0,0,0,279750,3,0
0,0,0,0,18,29,17539,110998,0,0,0,0,0,212224,3,0
0,0,0,0,5,29,17540,110998,0,0,0,0,0,274210,3,0
0,0,0,0,1,0,17541,111001,0,0,0,0,0,259885,3,0
0,0,0,0,22,3,17542,111001,0,0,0,0,0,267698,3,0
0,0,0,0,23,4,17543,111001,0,0,0,0,0,211073,3,0
0,0,0,0,13,6,17544,111001,0,0,0,0,0,232607,3,0
0,0,0,0,27,7,17545,111001,0,0,0,0,0,219512,3,0
0,0,0,0,5,9,17546,111001,0,0,0,0,0,241043,3,0
0,0,0,0,18,11,17547,111001,0,0,0,0,0,215177,3,0
0,0,0,0,6,12,17548,111001,0,0,0,0,0,267597,3,0
0,0,0,0,21,16,17549,111001,0,0,0,0,0,260958,3,0
0,0,0,0,10,24,17550,111001,0,0,0,0,0,274196,3,0
0,0,0,0,19,26,17551,111001,0,0,0,0,0,189703,3,0
0,0,0,0,20,28,17552,111001,0,0,0,0,0,267701,3,0
0,0,0,0,16,28,17553,111001,0,0,0,0,0,272374,3,0
0,0,0,0,7,28,17554,111001,0,0,0,0,0,259342,3,0
0,0,0,0,3,28,17555,111001,0,0,0,0,0,268891,3,0
0,0,0,0,25,28,17556,111001,0,0,0,0,0,226953,3,0
0,0,0,0,11,28,17557,111001,0,0,0,0,0,71730,3,0
0,0,0,0,14,28,17558,111001,0,0,0,0,0,270853,3,0
0,0,0,0,17,28,17559,111001,0,0,0,0,0,266583,3,0
0,0,0,0,29,28,17560,111001,0,0,0,0,0,279760,3,0
0,0,0,0,8,28,17561,111001,0,0,0,0,0,259875,3,0
0,0,0,0,24,28,17562,111001,0,0,0,0,0,259968,3,0
0,0,0,0,26,28,17563,111001,0,0,0,0,0,71731,3,0
0,0,0,0,12,29,17564,111001,0,0,0,0,0,260346,3,0
0,0,0,0,2,29,17565,111001,0,0,0,0,0,71728,3,0
0,0,0,0,15,29,17566,111001,0,0,0,0,0,267700,3,0
0,0,0,0,12,0,17567,111006,0,0,0,0,0,228231,3,0
0,0,0,0,2,3,17568,111006,0,0,0,0,0,240874,3,0
0,0,0,0,4,4,17569,111006,0,0,0,0,0,237510,3,0
0,0,0,0,5,6,17570,111006,0,0,0,0,0,256162,3,0
0,0,0,0,33,7,17571,111006,0,0,0,0,0,211389,3,0
0,0,0,0,10,12,17572,111006,0,0,0,0,0,235128,3,0
0,0,0,0,18,13,17573,111006,0,0,0,0,0,198138,3,0
0,0,0,0,8,15,17574,111006,0,0,0,0,0,209007,3,0
0,0,0,0,37,16,17575,111006,0,0,0,0,0,232699,3,0
0,0,0,0,27,24,17576,111006,0,0,0,0,0,225021,3,0
0,0,0,0,19,26,17577,111006,0,0,0,0,0,183177,3,0
0,0,0,0,9,28,17578,111006,0,0,0,0,0,71015,3,0
0,0,0,0,16,28,17579,111006,0,0,0,0,0,261000,3,0
0,0,0,0,7,28,17580,111006,0,0,0,0,0,254721,3,0
0,0,0,0,3,28,17581,111006,0,0,0,0,0,254361,3,0
0,0,0,0,1,28,17582,111006,0,0,0,0,0,266215,3,0
0,0,0,0,26,28,17583,111006,0,0,0,0,0,255866,3,0
0,0,0,0,20,28,17584,111006,0,0,0,0,0,214111,3,0
0,0,0,0,23,28,17585,111006,0,0,0,0,0,182941,3,0
0,0,0,0,14,28,17586,111006,0,0,0,0,0,254754,3,0
0,0,0,0,30,28,17587,111006,0,0,0,0,0,71036,3,0
0,0,0,0,11,28,17588,111006,0,0,0,0,0,254722,3,0
0,0,0,0,22,28,17589,111006,0,0,0,0,0,71034,3,0
0,0,0,0,21,29,17590,111006,0,0,0,0,0,71040,3,0
0,0,0,0,28,29,17591,111006,0,0,0,0,0,70172,3,0
0,0,0,0,34,29,17592,111006,0,0,0,0,0,71041,3,0
0,0,0,0,15,29,17593,111006,0,0,0,0,0,267628,3,0
0,0,0,0,6,29,17594,111006,0,0,0,0,0,71108,3,0
0,0,0,0,24,29,17595,111006,0,0,0,0,0,70171,3,0
0,0,0,0,25,29,17596,111006,0,0,0,0,0,226443,3,0
0,0,0,0,29,29,17597,111006,0,0,0,0,0,71771,3,0
0,0,0,0,13,29,17598,111006,0,0,0,0,0,71772,3,0
0,0,0,0,1,0,17599,111052,0,0,0,0,0,230169,3,0
0,0,0,0,2,4,17600,111052,0,0,0,0,0,230415,3,0
0,0,0,0,3,5,17601,111052,0,0,0,0,0,230227,3,0
0,0,0,0,4,6,17602,111052,0,0,0,0,0,233984,3,0
0,0,0,0,6,12,17603,111052,0,0,0,0,0,230367,3,0
0,0,0,0,5,13,17604,111052,0,0,0,0,0,230249,3,0
0,0,0,0,8,15,17605,111052,0,0,0,0,0,230255,3,0
0,0,0,0,16,16,17606,111052,0,0,0,0,0,230340,3,0
0,0,0,0,14,18,17607,111052,0,0,0,0,0,230272,3,0
0,0,0,0,10,24,17608,111052,0,0,0,0,0,230292,3,0
0,0,0,0,9,26,17609,111052,0,0,0,0,0,230433,3,0
0,0,0,0,23,28,17610,111052,0,0,0,0,0,230443,3,0
0,0,0,0,15,28,17611,111052,0,0,0,0,0,230368,3,0
0,0,0,0,20,28,17612,111052,0,0,0,0,0,230343,3,0
0,0,0,0,24,28,17613,111052,0,0,0,0,0,233978,3,0
0,0,0,0,12,28,17614,111052,0,0,0,0,0,230164,3,0
0,0,0,0,13,28,17615,111052,0,0,0,0,0,230520,3,0
0,0,0,0,21,28,17616,111052,0,0,0,0,0,230486,3,0
0,0,0,0,19,28,17617,111052,0,0,0,0,0,230458,3,0
0,0,0,0,18,28,17618,111052,0,0,0,0,0,230357,3,0
0,0,0,0,23,0,17619,111329,0,0,0,0,0,211264,3,0
0,0,0,0,37,3,17620,111329,0,0,0,0,0,277973,3,0
0,0,0,0,5,4,17621,111329,0,0,0,0,0,225910,3,0
0,0,0,0,3,6,17622,111329,0,0,0,0,0,276558,3,0
0,0,0,0,32,7,17623,111329,0,0,0,0,0,275103,3,0
0,0,0,0,10,12,17624,111329,0,0,0,0,0,261682,3,0
0,0,0,0,7,13,17625,111329,0,0,0,0,0,242548,3,0
0,0,0,0,20,15,17626,111329,0,0,0,0,0,279825,3,0
0,0,0,0,28,16,17627,111329,0,0,0,0,0,71551,3,0
0,0,0,0,17,24,17628,111329,0,0,0,0,0,270058,3,0
0,0,0,0,39,26,17629,111329,0,0,0,0,0,254701,3,0
0,0,0,0,11,28,17630,111329,0,0,0,0,0,247186,3,0
0,0,0,0,8,28,17631,111329,0,0,0,0,0,260627,3,0
0,0,0,0,27,28,17632,111329,0,0,0,0,0,267491,3,0
0,0,0,0,2,28,17633,111329,0,0,0,0,0,71546,3,0
0,0,0,0,12,28,17634,111329,0,0,0,0,0,262286,3,0
0,0,0,0,29,28,17635,111329,0,0,0,0,0,232066,3,0
0,0,0,0,9,28,17636,111329,0,0,0,0,0,279826,3,0
0,0,0,0,4,28,17637,111329,0,0,0,0,0,255171,3,0
0,0,0,0,24,28,17638,111329,0,0,0,0,0,264431,3,0
0,0,0,0,18,28,17639,111329,0,0,0,0,0,279059,3,0
0,0,0,0,16,28,17640,111329,0,0,0,0,0,70322,3,0
0,0,0,0,38,28,17641,111329,0,0,0,0,0,279068,3,0
0,0,0,0,6,29,17642,111329,0,0,0,0,0,70321,3,0
0,0,0,0,14,29,17643,111329,0,0,0,0,0,71088,3,0
0,0,0,0,25,29,17644,111329,0,0,0,0,0,255952,3,0
0,0,0,0,15,29,17645,111329,0,0,0,0,0,71087,3,0
0,0,0,0,21,29,17646,111329,0,0,0,0,0,71893,3,0
0,0,0,0,19,29,17647,111329,0,0,0,0,0,275181,3,0
0,0,0,0,22,29,17648,111329,0,0,0,0,0,274063,3,0
0,0,0,0,35,0,17649,111722,0,0,0,0,0,207899,3,0
0,0,0,0,26,3,17650,111722,0,0,0,0,0,273131,3,0
0,0,0,0,3,4,17651,111722,0,0,0,0,0,214135,3,0
0,0,0,0,2,6,17652,111722,0,0,0,0,0,243004,3,0
0,0,0,0,20,7,17653,111722,0,0,0,0,0,252990,3,0
0,0,0,0,80,9,17654,111722,0,0,0,0,0,225812,3,0
0,0,0,0,19,11,17655,111722,0,0,0,0,0,236861,3,0
0,0,0,0,18,12,17656,111722,0,0,0,0,0,252695,3,0
0,0,0,0,23,16,17657,111722,0,0,0,0,0,220805,3,0
0,0,0,0,10,18,17658,111722,0,0,0,0,0,237982,3,0
0,0,0,0,30,25,17659,111722,0,0,0,0,0,272677,3,0
0,0,0,0,7,28,17660,111722,0,0,0,0,0,245095,3,0
0,0,0,0,33,28,17661,111722,0,0,0,0,0,231571,3,0
0,0,0,0,8,28,17662,111722,0,0,0,0,0,242050,3,0
0,0,0,0,17,28,17663,111722,0,0,0,0,0,223752,3,0
0,0,0,0,12,28,17664,111722,0,0,0,0,0,237147,3,0
0,0,0,0,15,28,17665,111722,0,0,0,0,0,214358,3,0
0,0,0,0,29,28,17666,111722,0,0,0,0,0,261576,3,0
0,0,0,0,6,28,17667,111722,0,0,0,0,0,258787,3,0
0,0,0,0,4,28,17668,111722,0,0,0,0,0,248133,3,0
0,0,0,0,24,28,17669,111722,0,0,0,0,0,222319,3,0
0,0,0,0,27,28,17670,111722,0,0,0,0,0,275250,3,0
0,0,0,0,13,28,17671,111722,0,0,0,0,0,264651,3,0
0,0,0,0,5,29,17672,111722,0,0,0,0,0,273588,3,0
0,0,0,0,9,29,17673,111722,0,0,0,0,0,258982,3,0
0,0,0,0,60,29,17674,111722,0,0,0,0,0,245146,3,0
0,0,0,0,28,29,17675,111722,0,0,0,0,0,247147,3,0
0,0,0,0,11,29,17676,111722,0,0,0,0,0,254942,3,0
0,0,0,0,16,29,17677,111722,0,0,0,0,0,266900,3,0
0,0,0,0,1,29,17678,111722,0,0,0,0,0,214353,3,0
0,0,0,0,32,29,17679,111722,0,0,0,0,0,270666,3,0
0,0,0,0,31,29,17680,111722,0,0,0,0,0,275152,3,0
0,0,0,0,1,0,17681,112472,0,0,0,0,0,230168,3,0
0,0,0,0,2,3,17682,112472,0,0,0,0,0,230360,3,0
0,0,0,0,5,4,17683,112472,0,0,0,0,0,230528,3,0
0,0,0,0,17,6,17684,112472,0,0,0,0,0,230215,3,0
0,0,0,0,10,7,17685,112472,0,0,0,0,0,230256,3,0
0,0,0,0,4,9,17686,112472,0,0,0,0,0,230251,3,0
0,0,0,0,6,11,17687,112472,0,0,0,0,0,230457,3,0
0,0,0,0,18,12,17688,112472,0,0,0,0,0,230281,3,0
0,0,0,0,11,16,17689,112472,0,0,0,0,0,230510,3,0
0,0,0,0,15,18,17690,112472,0,0,0,0,0,230479,3,0
0,0,0,0,21,25,17691,112472,0,0,0,0,0,230294,3,0
0,0,0,0,25,28,17692,112472,0,0,0,0,0,236175,3,0
0,0,0,0,8,28,17693,112472,0,0,0,0,0,230253,3,0
0,0,0,0,3,28,17694,112472,0,0,0,0,0,230344,3,0
0,0,0,0,14,28,17695,112472,0,0,0,0,0,230389,3,0
0,0,0,0,38,28,17696,112472,0,0,0,0,0,230314,3,0
0,0,0,0,9,28,17697,112472,0,0,0,0,0,230519,3,0
0,0,0,0,16,28,17698,112472,0,0,0,0,0,230291,3,0
0,0,0,0,22,28,17699,112472,0,0,0,0,0,230378,3,0
0,0,0,0,29,28,17700,112472,0,0,0,0,0,230471,3,0
0,0,0,0,12,0,17701,112535,0,0,0,0,0,214983,3,0
0,0,0,0,21,3,17702,112535,0,0,0,0,0,228682,3,0
0,0,0,0,24,4,17703,112535,0,0,0,0,0,216016,3,0
0,0,0,0,13,6,17704,112535,0,0,0,0,0,248260,3,0
0,0,0,0,31,7,17705,112535,0,0,0,0,0,267588,3,0
0,0,0,0,10,12,17706,112535,0,0,0,0,0,242163,3,0
0,0,0,0,9,13,17707,112535,0,0,0,0,0,267931,3,0
0,0,0,0,11,15,17708,112535,0,0,0,0,0,206152,3,0
0,0,0,0,27,16,17709,112535,0,0,0,0,0,71082,3,0
0,0,0,0,19,24,17710,112535,0,0,0,0,0,226811,3,0
0,0,0,0,29,26,17711,112535,0,0,0,0,0,71566,3,0
0,0,0,0,5,28,17712,112535,0,0,0,0,0,70586,3,0
0,0,0,0,22,28,17713,112535,0,0,0,0,0,219529,3,0
0,0,0,0,30,28,17714,112535,0,0,0,0,0,203795,3,0
0,0,0,0,4,28,17715,112535,0,0,0,0,0,70342,3,0
0,0,0,0,1,28,17716,112535,0,0,0,0,0,247454,3,0
0,0,0,0,8,28,17717,112535,0,0,0,0,0,203872,3,0
0,0,0,0,17,28,17718,112535,0,0,0,0,0,231484,3,0
0,0,0,0,7,28,17719,112535,0,0,0,0,0,255365,3,0
0,0,0,0,23,28,17720,112535,0,0,0,0,0,70920,3,0
0,0,0,0,28,28,17721,112535,0,0,0,0,0,278466,3,0
0,0,0,0,32,28,17722,112535,0,0,0,0,0,253985,3,0
0,0,0,0,25,28,17723,112535,0,0,0,0,0,267967,3,0
0,0,0,0,1,0,17724,112584,0,0,0,0,0,214730,3,0
0,0,0,0,19,3,17725,112584,0,0,0,0,0,275146,3,0
0,0,0,0,23,4,17726,112584,0,0,0,0,0,214701,3,0
0,0,0,0,24,6,17727,112584,0,0,0,0,0,219635,3,0
0,0,0,0,2,7,17728,112584,0,0,0,0,0,265636,3,0
0,0,0,0,16,12,17729,112584,0,0,0,0,0,226569,3,0
0,0,0,0,21,13,17730,112584,0,0,0,0,0,240990,3,0
0,0,0,0,6,15,17731,112584,0,0,0,0,0,214748,3,0
0,0,0,0,29,16,17732,112584,0,0,0,0,0,255307,3,0
0,0,0,0,27,24,17733,112584,0,0,0,0,0,215112,3,0
0,0,0,0,9,26,17734,112584,0,0,0,0,0,229144,3,0
0,0,0,0,7,28,17735,112584,0,0,0,0,0,253268,3,0
0,0,0,0,20,28,17736,112584,0,0,0,0,0,254974,3,0
0,0,0,0,3,28,17737,112584,0,0,0,0,0,214446,3,0
0,0,0,0,4,28,17738,112584,0,0,0,0,0,247013,3,0
0,0,0,0,17,28,17739,112584,0,0,0,0,0,242146,3,0
0,0,0,0,25,28,17740,112584,0,0,0,0,0,275144,3,0
0,0,0,0,22,28,17741,112584,0,0,0,0,0,241990,3,0
0,0,0,0,14,28,17742,112584,0,0,0,0,0,236946,3,0
0,0,0,0,10,28,17743,112584,0,0,0,0,0,256440,3,0
0,0,0,0,8,28,17744,112584,0,0,0,0,0,279773,3,0
0,0,0,0,15,28,17745,112584,0,0,0,0,0,263473,3,0
0,0,0,0,11,28,17746,112584,0,0,0,0,0,275688,3,0
0,0,0,0,12,29,17747,112584,0,0,0,0,0,275147,3,0
0,0,0,0,30,29,17748,112584,0,0,0,0,0,273869,3,0
0,0,0,0,1,0,17749,112615,0,0,0,0,0,255308,3,0
0,0,0,0,4,4,17750,112615,0,0,0,0,0,279920,3,0
0,0,0,0,2,5,17751,112615,0,0,0,0,0,253288,3,0
0,0,0,0,5,6,17752,112615,0,0,0,0,0,264002,3,0
0,0,0,0,21,10,17753,112615,0,0,0,0,0,260208,3,0
0,0,0,0,14,12,17754,112615,0,0,0,0,0,69962,3,0
0,0,0,0,7,13,17755,112615,0,0,0,0,0,279918,3,0
0,0,0,0,20,15,17756,112615,0,0,0,0,0,189338,3,0
0,0,0,0,17,16,17757,112615,0,0,0,0,0,253861,3,0
0,0,0,0,27,24,17758,112615,0,0,0,0,0,279922,3,0
0,0,0,0,9,26,17759,112615,0,0,0,0,0,279919,3,0
0,0,0,0,77,28,17760,112615,0,0,0,0,0,265416,3,0
0,0,0,0,29,28,17761,112615,0,0,0,0,0,279921,3,0
0,0,0,0,3,28,17762,112615,0,0,0,0,0,259873,3,0
0,0,0,0,6,28,17763,112615,0,0,0,0,0,70176,3,0
0,0,0,0,25,28,17764,112615,0,0,0,0,0,226751,3,0
0,0,0,0,23,28,17765,112615,0,0,0,0,0,255773,3,0
0,0,0,0,18,28,17766,112615,0,0,0,0,0,69963,3,0
0,0,0,0,22,28,17767,112615,0,0,0,0,0,71735,3,0
0,0,0,0,24,28,17768,112615,0,0,0,0,0,71116,3,0
0,0,0,0,28,28,17769,112615,0,0,0,0,0,71736,3,0
0,0,0,0,8,28,17770,112615,0,0,0,0,0,70156,3,0
0,0,0,0,11,28,17771,112615,0,0,0,0,0,258211,3,0
0,0,0,0,10,29,17772,112615,0,0,0,0,0,69961,3,0
0,0,0,0,12,29,17773,112615,0,0,0,0,0,69974,3,0
0,0,0,0,16,29,17774,112615,0,0,0,0,0,69976,3,0
0,0,0,0,34,29,17775,112615,0,0,0,0,0,71115,3,0
0,0,0,0,1,0,17776,112667,0,0,0,0,0,248860,3,0
0,0,0,0,23,3,17777,112667,0,0,0,0,0,260514,3,0
0,0,0,0,2,4,17778,112667,0,0,0,0,0,241404,3,0
0,0,0,0,6,6,17779,112667,0,0,0,0,0,225809,3,0
0,0,0,0,5,7,17780,112667,0,0,0,0,0,253651,3,0
0,0,0,0,16,12,17781,112667,0,0,0,0,0,274195,3,0
0,0,0,0,22,13,17782,112667,0,0,0,0,0,260267,3,0
0,0,0,0,10,15,17783,112667,0,0,0,0,0,199830,3,0
0,0,0,0,20,16,17784,112667,0,0,0,0,0,264709,3,0
0,0,0,0,19,24,17785,112667,0,0,0,0,0,215356,3,0
0,0,0,0,29,26,17786,112667,0,0,0,0,0,255094,3,0
0,0,0,0,18,28,17787,112667,0,0,0,0,0,211345,3,0
0,0,0,0,15,28,17788,112667,0,0,0,0,0,253989,3,0
0,0,0,0,13,28,17789,112667,0,0,0,0,0,220539,3,0
0,0,0,0,21,28,17790,112667,0,0,0,0,0,266219,3,0
0,0,0,0,25,28,17791,112667,0,0,0,0,0,256173,3,0
0,0,0,0,11,28,17792,112667,0,0,0,0,0,229883,3,0
0,0,0,0,17,28,17793,112667,0,0,0,0,0,266218,3,0
0,0,0,0,14,28,17794,112667,0,0,0,0,0,254427,3,0
0,0,0,0,8,28,17795,112667,0,0,0,0,0,253522,3,0
0,0,0,0,32,28,17796,112667,0,0,0,0,0,248861,3,0
0,0,0,0,7,28,17797,112667,0,0,0,0,0,254444,3,0
0,0,0,0,3,28,17798,112667,0,0,0,0,0,274363,3,0
0,0,0,0,27,29,17799,112667,0,0,0,0,0,72086,3,0
0,0,0,0,24,29,17800,112667,0,0,0,0,0,253937,3,0
0,0,0,0,4,29,17801,112667,0,0,0,0,0,254032,3,0
0,0,0,0,12,29,17802,112667,0,0,0,0,0,71770,3,0
0,0,0,0,1,0,17803,112671,0,0,0,0,0,214373,3,0
0,0,0,0,4,3,17804,112671,0,0,0,0,0,71959,3,0
0,0,0,0,14,4,17805,112671,0,0,0,0,0,254719,3,0
0,0,0,0,17,6,17806,112671,0,0,0,0,0,231538,3,0
0,0,0,0,25,7,17807,112671,0,0,0,0,0,253713,3,0
0,0,0,0,6,10,17808,112671,0,0,0,0,0,273992,3,0
0,0,0,0,11,12,17809,112671,0,0,0,0,0,270844,3,0
0,0,0,0,13,13,17810,112671,0,0,0,0,0,71035,3,0
0,0,0,0,21,15,17811,112671,0,0,0,0,0,232054,3,0
0,0,0,0,20,16,17812,112671,0,0,0,0,0,274476,3,0
0,0,0,0,23,25,17813,112671,0,0,0,0,0,258194,3,0
0,0,0,0,24,28,17814,112671,0,0,0,0,0,260372,3,0
0,0,0,0,7,28,17815,112671,0,0,0,0,0,254707,3,0
0,0,0,0,5,28,17816,112671,0,0,0,0,0,214940,3,0
0,0,0,0,36,28,17817,112671,0,0,0,0,0,218192,3,0
0,0,0,0,30,28,17818,112671,0,0,0,0,0,266353,3,0
0,0,0,0,9,28,17819,112671,0,0,0,0,0,220726,3,0
0,0,0,0,33,28,17820,112671,0,0,0,0,0,200196,3,0
0,0,0,0,31,28,17821,112671,0,0,0,0,0,241840,3,0
0,0,0,0,29,28,17822,112671,0,0,0,0,0,261026,3,0
0,0,0,0,8,28,17823,112671,0,0,0,0,0,70739,3,0
0,0,0,0,10,28,17824,112671,0,0,0,0,0,71649,3,0
0,0,0,0,38,28,17825,112671,0,0,0,0,0,71032,3,0
0,0,0,0,16,29,17826,112671,0,0,0,0,0,253247,3,0
0,0,0,0,28,29,17827,112671,0,0,0,0,0,71033,3,0
0,0,0,0,35,29,17828,112671,0,0,0,0,0,71648,3,0
0,0,0,0,40,29,17829,112671,0,0,0,0,0,246718,3,0
0,0,0,0,26,29,17830,112671,0,0,0,0,0,255865,3,0
0,0,0,0,27,29,17831,112671,0,0,0,0,0,268063,3,0
0,0,0,0,32,29,17832,112671,0,0,0,0,0,270598,3,0
0,0,0,0,13,0,17833,112705,0,0,0,0,0,214703,3,0
0,0,0,0,5,3,17834,112705,0,0,0,0,0,71231,3,0
0,0,0,0,2,4,17835,112705,0,0,0,0,0,267483,3,0
0,0,0,0,3,6,17836,112705,0,0,0,0,0,238837,3,0
0,0,0,0,16,7,17837,112705,0,0,0,0,0,213591,3,0
0,0,0,0,6,9,17838,112705,0,0,0,0,0,267902,3,0
0,0,0,0,8,11,17839,112705,0,0,0,0,0,229201,3,0
0,0,0,0,26,12,17840,112705,0,0,0,0,0,274202,3,0
0,0,0,0,30,16,17841,112705,0,0,0,0,0,71738,3,0
0,0,0,0,10,18,17842,112705,0,0,0,0,0,222373,3,0
0,0,0,0,9,25,17843,112705,0,0,0,0,0,223066,3,0
0,0,0,0,7,28,17844,112705,0,0,0,0,0,248257,3,0
0,0,0,0,32,28,17845,112705,0,0,0,0,0,71932,3,0
0,0,0,0,28,28,17846,112705,0,0,0,0,0,248259,3,0
0,0,0,0,27,28,17847,112705,0,0,0,0,0,228972,3,0
0,0,0,0,1,28,17848,112705,0,0,0,0,0,176895,3,0
0,0,0,0,19,28,17849,112705,0,0,0,0,0,71441,3,0
0,0,0,0,11,28,17850,112705,0,0,0,0,0,71442,3,0
0,0,0,0,17,28,17851,112705,0,0,0,0,0,71443,3,0
0,0,0,0,24,28,17852,112705,0,0,0,0,0,71719,3,0
0,0,0,0,20,28,17853,112705,0,0,0,0,0,225972,3,0
0,0,0,0,14,28,17854,112705,0,0,0,0,0,71716,3,0
0,0,0,0,4,28,17855,112705,0,0,0,0,0,256042,3,0
0,0,0,0,18,29,17856,112705,0,0,0,0,0,276816,3,0
0,0,0,0,12,29,17857,112705,0,0,0,0,0,71718,3,0
0,0,0,0,21,29,17858,112705,0,0,0,0,0,261220,3,0
0,0,0,0,12,0,17859,112853,0,0,0,0,0,253791,3,0
0,0,0,0,19,3,17860,112853,0,0,0,0,0,70618,3,0
0,0,0,0,33,4,17861,112853,0,0,0,0,0,253799,3,0
0,0,0,0,13,6,17862,112853,0,0,0,0,0,259888,3,0
0,0,0,0,20,7,17863,112853,0,0,0,0,0,274198,3,0
0,0,0,0,18,9,17864,112853,0,0,0,0,0,227894,3,0
0,0,0,0,24,11,17865,112853,0,0,0,0,0,260062,3,0
0,0,0,0,10,12,17866,112853,0,0,0,0,0,252996,3,0
0,0,0,0,21,16,17867,112853,0,0,0,0,0,268564,3,0
0,0,0,0,27,24,17868,112853,0,0,0,0,0,228735,3,0
0,0,0,0,11,26,17869,112853,0,0,0,0,0,261470,3,0
0,0,0,0,5,28,17870,112853,0,0,0,0,0,278790,3,0
0,0,0,0,15,28,17871,112853,0,0,0,0,0,278791,3,0
0,0,0,0,4,28,17872,112853,0,0,0,0,0,278788,3,0
0,0,0,0,2,28,17873,112853,0,0,0,0,0,261383,3,0
0,0,0,0,1,28,17874,112853,0,0,0,0,0,278787,3,0
0,0,0,0,26,28,17875,112853,0,0,0,0,0,272321,3,0
0,0,0,0,7,28,17876,112853,0,0,0,0,0,253859,3,0
0,0,0,0,6,28,17877,112853,0,0,0,0,0,253821,3,0
0,0,0,0,8,28,17878,112853,0,0,0,0,0,278792,3,0
0,0,0,0,14,28,17879,112853,0,0,0,0,0,255119,3,0
0,0,0,0,30,28,17880,112853,0,0,0,0,0,261487,3,0
0,0,0,0,3,28,17881,112853,0,0,0,0,0,228737,3,0
0,0,0,0,22,29,17882,112853,0,0,0,0,0,267914,3,0
0,0,0,0,28,29,17883,112853,0,0,0,0,0,261229,3,0
0,0,0,0,9,29,17884,112853,0,0,0,0,0,278879,3,0
0,0,0,0,16,29,17885,112853,0,0,0,0,0,256072,3,0
0,0,0,0,77,29,17886,112853,0,0,0,0,0,71753,3,0
0,0,0,0,25,29,17887,112853,0,0,0,0,0,71750,3,0
0,0,0,0,25,0,17888,112914,0,0,0,0,0,237649,3,0
0,0,0,0,77,4,17889,112914,0,0,0,0,0,254646,3,0
0,0,0,0,4,5,17890,112914,0,0,0,0,0,234059,3,0
0,0,0,0,14,6,17891,112914,0,0,0,0,0,259864,3,0
0,0,0,0,13,12,17892,112914,0,0,0,0,0,275069,3,0
0,0,0,0,15,13,17893,112914,0,0,0,0,0,253775,3,0
0,0,0,0,10,15,17894,112914,0,0,0,0,0,253777,3,0
0,0,0,0,17,16,17895,112914,0,0,0,0,0,252098,3,0
0,0,0,0,11,18,17896,112914,0,0,0,0,0,259614,3,0
0,0,0,0,9,24,17897,112914,0,0,0,0,0,253928,3,0
0,0,0,0,21,26,17898,112914,0,0,0,0,0,245740,3,0
0,0,0,0,70,28,17899,112914,0,0,0,0,0,253828,3,0
0,0,0,0,7,28,17900,112914,0,0,0,0,0,260332,3,0
0,0,0,0,6,28,17901,112914,0,0,0,0,0,260058,3,0
0,0,0,0,2,28,17902,112914,0,0,0,0,0,260087,3,0
0,0,0,0,1,28,17903,112914,0,0,0,0,0,253841,3,0
0,0,0,0,28,28,17904,112914,0,0,0,0,0,274192,3,0
0,0,0,0,40,28,17905,112914,0,0,0,0,0,272703,3,0
0,0,0,0,29,28,17906,112914,0,0,0,0,0,259604,3,0
0,0,0,0,19,28,17907,112914,0,0,0,0,0,269618,3,0
0,0,0,0,35,28,17908,112914,0,0,0,0,0,254749,3,0
0,0,0,0,8,28,17909,112914,0,0,0,0,0,261480,3,0
0,0,0,0,30,28,17910,112914,0,0,0,0,0,70751,3,0
0,0,0,0,31,29,17911,112914,0,0,0,0,0,272704,3,0
0,0,0,0,16,29,17912,112914,0,0,0,0,0,253913,3,0
0,0,0,0,26,29,17913,112914,0,0,0,0,0,261540,3,0
0,0,0,0,32,29,17914,112914,0,0,0,0,0,275081,3,0
0,0,0,0,22,29,17915,112914,0,0,0,0,0,279730,3,0
0,0,0,0,39,29,17916,112914,0,0,0,0,0,71748,3,0
0,0,0,0,23,29,17917,112914,0,0,0,0,0,71749,3,0
0,0,0,0,1,0,17918,113029,0,0,0,0,0,260803,3,0
0,0,0,0,14,3,17919,113029,0,0,0,0,0,259611,3,0
0,0,0,0,5,4,17920,113029,0,0,0,0,0,254176,3,0
0,0,0,0,6,6,17921,113029,0,0,0,0,0,219860,3,0
0,0,0,0,32,7,17922,113029,0,0,0,0,0,246202,3,0
0,0,0,0,13,9,17923,113029,0,0,0,0,0,253772,3,0
0,0,0,0,8,11,17924,113029,0,0,0,0,0,259658,3,0
0,0,0,0,27,12,17925,113029,0,0,0,0,0,265706,3,0
0,0,0,0,23,16,17926,113029,0,0,0,0,0,237396,3,0
0,0,0,0,10,18,17927,113029,0,0,0,0,0,222065,3,0
0,0,0,0,17,25,17928,113029,0,0,0,0,0,221569,3,0
0,0,0,0,20,28,17929,113029,0,0,0,0,0,259779,3,0
0,0,0,0,88,28,17930,113029,0,0,0,0,0,196434,3,0
0,0,0,0,44,28,17931,113029,0,0,0,0,0,210112,3,0
0,0,0,0,29,28,17932,113029,0,0,0,0,0,236258,3,0
0,0,0,0,12,28,17933,113029,0,0,0,0,0,254392,3,0
0,0,0,0,9,28,17934,113029,0,0,0,0,0,150525,3,0
0,0,0,0,19,28,17935,113029,0,0,0,0,0,212509,3,0
0,0,0,0,7,28,17936,113029,0,0,0,0,0,222358,3,0
0,0,0,0,24,28,17937,113029,0,0,0,0,0,275155,3,0
0,0,0,0,22,28,17938,113029,0,0,0,0,0,259660,3,0
0,0,0,0,2,28,17939,113029,0,0,0,0,0,264752,3,0
0,0,0,0,28,28,17940,113029,0,0,0,0,0,275145,3,0
0,0,0,0,21,29,17941,113029,0,0,0,0,0,186655,3,0
0,0,0,0,33,29,17942,113029,0,0,0,0,0,190523,3,0
0,0,0,0,1,0,17943,113746,0,0,0,0,0,279904,3,0
0,0,0,0,17,3,17944,113746,0,0,0,0,0,279770,3,0
0,0,0,0,32,4,17945,113746,0,0,0,0,0,231711,3,0
0,0,0,0,4,6,17946,113746,0,0,0,0,0,253863,3,0
0,0,0,0,26,7,17947,113746,0,0,0,0,0,70197,3,0
0,0,0,0,70,9,17948,113746,0,0,0,0,0,71467,3,0
0,0,0,0,20,11,17949,113746,0,0,0,0,0,254038,3,0
0,0,0,0,33,12,17950,113746,0,0,0,0,0,279905,3,0
0,0,0,0,37,16,17951,113746,0,0,0,0,0,253328,3,0
0,0,0,0,8,18,17952,113746,0,0,0,0,0,253356,3,0
0,0,0,0,9,25,17953,113746,0,0,0,0,0,254441,3,0
0,0,0,0,40,28,17954,113746,0,0,0,0,0,260441,3,0
0,0,0,0,21,28,17955,113746,0,0,0,0,0,231705,3,0
0,0,0,0,2,28,17956,113746,0,0,0,0,0,266164,3,0
0,0,0,0,31,28,17957,113746,0,0,0,0,0,253359,3,0
0,0,0,0,22,28,17958,113746,0,0,0,0,0,218975,3,0
0,0,0,0,19,28,17959,113746,0,0,0,0,0,279804,3,0
0,0,0,0,61,28,17960,113746,0,0,0,0,0,254932,3,0
0,0,0,0,10,28,17961,113746,0,0,0,0,0,255968,3,0
0,0,0,0,24,28,17962,113746,0,0,0,0,0,255717,3,0
0,0,0,0,77,28,17963,113746,0,0,0,0,0,253364,3,0
0,0,0,0,27,28,17964,113746,0,0,0,0,0,254433,3,0
0,0,0,0,66,28,17965,113746,0,0,0,0,0,274002,3,0
0,0,0,0,23,29,17966,113746,0,0,0,0,0,279906,3,0
0,0,0,0,88,0,17967,114511,0,0,0,0,0,253638,3,0
0,0,0,0,24,3,17968,114511,0,0,0,0,0,253533,3,0
0,0,0,0,3,4,17969,114511,0,0,0,0,0,259948,3,0
0,0,0,0,4,6,17970,114511,0,0,0,0,0,203257,3,0
0,0,0,0,2,7,17971,114511,0,0,0,0,0,255729,3,0
0,0,0,0,22,10,17972,114511,0,0,0,0,0,253613,3,0
0,0,0,0,11,12,17973,114511,0,0,0,0,0,217989,3,0
0,0,0,0,10,13,17974,114511,0,0,0,0,0,253581,3,0
0,0,0,0,27,15,17975,114511,0,0,0,0,0,186745,3,0
0,0,0,0,20,16,17976,114511,0,0,0,0,0,273769,3,0
0,0,0,0,9,25,17977,114511,0,0,0,0,0,214673,3,0
0,0,0,0,8,28,17978,114511,0,0,0,0,0,254418,3,0
0,0,0,0,7,28,17979,114511,0,0,0,0,0,259774,3,0
0,0,0,0,15,28,17980,114511,0,0,0,0,0,265740,3,0
0,0,0,0,33,28,17981,114511,0,0,0,0,0,71085,3,0
0,0,0,0,29,28,17982,114511,0,0,0,0,0,268006,3,0
0,0,0,0,19,28,17983,114511,0,0,0,0,0,254456,3,0
0,0,0,0,21,28,17984,114511,0,0,0,0,0,259781,3,0
0,0,0,0,28,28,17985,114511,0,0,0,0,0,260209,3,0
0,0,0,0,18,28,17986,114511,0,0,0,0,0,259803,3,0
0,0,0,0,6,28,17987,114511,0,0,0,0,0,260201,3,0
0,0,0,0,14,28,17988,114511,0,0,0,0,0,232125,3,0
0,0,0,0,16,28,17989,114511,0,0,0,0,0,71732,3,0
0,0,0,0,12,29,17990,114511,0,0,0,0,0,259937,3,0
0,0,0,0,1,0,17991,114577,0,0,0,0,0,217095,3,0
0,0,0,0,2,3,17992,114577,0,0,0,0,0,261474,3,0
0,0,0,0,3,4,17993,114577,0,0,0,0,0,264533,3,0
0,0,0,0,18,5,17994,114577,0,0,0,0,0,268070,3,0
0,0,0,0,5,6,17995,114577,0,0,0,0,0,265757,3,0
0,0,0,0,14,7,17996,114577,0,0,0,0,0,255098,3,0
0,0,0,0,13,10,17997,114577,0,0,0,0,0,69960,3,0
0,0,0,0,21,13,17998,114577,0,0,0,0,0,274259,3,0
0,0,0,0,10,15,17999,114577,0,0,0,0,0,259797,3,0
0,0,0,0,11,24,18000,114577,0,0,0,0,0,71534,3,0
0,0,0,0,9,26,18001,114577,0,0,0,0,0,266220,3,0
0,0,0,0,31,28,18002,114577,0,0,0,0,0,260966,3,0
0,0,0,0,30,28,18003,114577,0,0,0,0,0,274364,3,0
0,0,0,0,6,28,18004,114577,0,0,0,0,0,268456,3,0
0,0,0,0,15,28,18005,114577,0,0,0,0,0,71536,3,0
0,0,0,0,99,28,18006,114577,0,0,0,0,0,71535,3,0
0,0,0,0,8,28,18007,114577,0,0,0,0,0,214209,3,0
0,0,0,0,27,28,18008,114577,0,0,0,0,0,255671,3,0
0,0,0,0,19,28,18009,114577,0,0,0,0,0,267620,3,0
0,0,0,0,16,28,18010,114577,0,0,0,0,0,274261,3,0
0,0,0,0,38,28,18011,114577,0,0,0,0,0,274255,3,0
0,0,0,0,7,28,18012,114577,0,0,0,0,0,254064,3,0
0,0,0,0,28,28,18013,114577,0,0,0,0,0,71545,3,0
0,0,0,0,34,29,18014,114577,0,0,0,0,0,71954,3,0
0,0,0,0,25,29,18015,114577,0,0,0,0,0,71953,3,0
0,0,0,0,24,29,18016,114577,0,0,0,0,0,275370,3,0
0,0,0,0,35,29,18017,114577,0,0,0,0,0,274256,3,0
0,0,0,0,23,29,18018,114577,0,0,0,0,0,274260,3,0
0,0,0,0,26,0,18019,114580,0,0,0,0,0,266214,3,0
0,0,0,0,13,3,18020,114580,0,0,0,0,0,270573,3,0
0,0,0,0,4,4,18021,114580,0,0,0,0,0,275756,3,0
0,0,0,0,2,6,18022,114580,0,0,0,0,0,273538,3,0
0,0,0,0,3,7,18023,114580,0,0,0,0,0,69957,3,0
0,0,0,0,55,12,18024,114580,0,0,0,0,0,268563,3,0
0,0,0,0,5,13,18025,114580,0,0,0,0,0,265665,3,0
0,0,0,0,16,15,18026,114580,0,0,0,0,0,273539,3,0
0,0,0,0,79,16,18027,114580,0,0,0,0,0,229536,3,0
0,0,0,0,19,24,18028,114580,0,0,0,0,0,265667,3,0
0,0,0,0,9,26,18029,114580,0,0,0,0,0,231549,3,0
0,0,0,0,11,28,18030,114580,0,0,0,0,0,236341,3,0
0,0,0,0,22,28,18031,114580,0,0,0,0,0,69952,3,0
0,0,0,0,8,28,18032,114580,0,0,0,0,0,238893,3,0
0,0,0,0,20,28,18033,114580,0,0,0,0,0,268311,3,0
0,0,0,0,33,28,18034,114580,0,0,0,0,0,265508,3,0
0,0,0,0,51,28,18035,114580,0,0,0,0,0,71859,3,0
0,0,0,0,30,28,18036,114580,0,0,0,0,0,265662,3,0
0,0,0,0,15,28,18037,114580,0,0,0,0,0,259903,3,0
0,0,0,0,25,28,18038,114580,0,0,0,0,0,259901,3,0
0,0,0,0,7,28,18039,114580,0,0,0,0,0,243298,3,0
0,0,0,0,18,28,18040,114580,0,0,0,0,0,266044,3,0
0,0,0,0,50,28,18041,114580,0,0,0,0,0,278039,3,0
0,0,0,0,88,29,18042,114580,0,0,0,0,0,69950,3,0
0,0,0,0,1,29,18043,114580,0,0,0,0,0,253367,3,0
0,0,0,0,54,29,18044,114580,0,0,0,0,0,69951,3,0
0,0,0,0,14,29,18045,114580,0,0,0,0,0,259271,3,0
0,0,0,0,23,29,18046,114580,0,0,0,0,0,71769,3,0
0,0,0,0,22,0,18047,114581,0,0,0,0,0,193359,3,0
0,0,0,0,29,3,18048,114581,0,0,0,0,0,254210,3,0
0,0,0,0,15,4,18049,114581,0,0,0,0,0,254172,3,0
0,0,0,0,37,6,18050,114581,0,0,0,0,0,222830,3,0
0,0,0,0,18,7,18051,114581,0,0,0,0,0,266668,3,0
0,0,0,0,4,9,18052,114581,0,0,0,0,0,254062,3,0
0,0,0,0,10,11,18053,114581,0,0,0,0,0,167663,3,0
0,0,0,0,9,23,18054,114581,0,0,0,0,0,243545,3,0
0,0,0,0,21,14,18055,114581,0,0,0,0,0,228571,3,0
0,0,0,0,7,27,18056,114581,0,0,0,0,0,259825,3,0
0,0,0,0,30,25,18057,114581,0,0,0,0,0,231867,3,0
0,0,0,0,27,28,18058,114581,0,0,0,0,0,253549,3,0
0,0,0,0,28,28,18059,114581,0,0,0,0,0,189153,3,0
0,0,0,0,3,28,18060,114581,0,0,0,0,0,255998,3,0
0,0,0,0,20,28,18061,114581,0,0,0,0,0,255097,3,0
0,0,0,0,12,28,18062,114581,0,0,0,0,0,255812,3,0
0,0,0,0,16,28,18063,114581,0,0,0,0,0,246404,3,0
0,0,0,0,19,28,18064,114581,0,0,0,0,0,267982,3,0
0,0,0,0,11,28,18065,114581,0,0,0,0,0,254215,3,0
0,0,0,0,25,28,18066,114581,0,0,0,0,0,71791,3,0
0,0,0,0,8,28,18067,114581,0,0,0,0,0,266669,3,0
0,0,0,0,55,28,18068,114581,0,0,0,0,0,71795,3,0
0,0,0,0,52,28,18069,114581,0,0,0,0,0,71790,3,0
0,0,0,0,1,29,18070,114581,0,0,0,0,0,71789,3,0
0,0,0,0,53,29,18071,114581,0,0,0,0,0,71794,3,0
0,0,0,0,25,0,18072,115491,0,0,0,0,0,236542,3,0
0,0,0,0,38,3,18073,115491,0,0,0,0,0,71249,3,0
0,0,0,0,20,4,18074,115491,0,0,0,0,0,255896,3,0
0,0,0,0,2,6,18075,115491,0,0,0,0,0,253597,3,0
0,0,0,0,30,7,18076,115491,0,0,0,0,0,259617,3,0
0,0,0,0,22,10,18077,115491,0,0,0,0,0,71247,3,0
0,0,0,0,29,23,18078,115491,0,0,0,0,0,71248,3,0
0,0,0,0,6,13,18079,115491,0,0,0,0,0,71786,3,0
0,0,0,0,26,15,18080,115491,0,0,0,0,0,267457,3,0
0,0,0,0,21,27,18081,115491,0,0,0,0,0,231154,3,0
0,0,0,0,10,25,18082,115491,0,0,0,0,0,216765,3,0
0,0,0,0,12,28,18083,115491,0,0,0,0,0,254343,3,0
0,0,0,0,7,28,18084,115491,0,0,0,0,0,264707,3,0
0,0,0,0,15,28,18085,115491,0,0,0,0,0,248862,3,0
0,0,0,0,19,28,18086,115491,0,0,0,0,0,71245,3,0
0,0,0,0,23,28,18087,115491,0,0,0,0,0,253636,3,0
0,0,0,0,17,28,18088,115491,0,0,0,0,0,224845,3,0
0,0,0,0,31,28,18089,115491,0,0,0,0,0,253652,3,0
0,0,0,0,33,28,18090,115491,0,0,0,0,0,71246,3,0
0,0,0,0,24,28,18091,115491,0,0,0,0,0,71244,3,0
0,0,0,0,11,28,18092,115491,0,0,0,0,0,232818,3,0
0,0,0,0,9,28,18093,115491,0,0,0,0,0,255794,3,0
0,0,0,0,4,28,18094,115491,0,0,0,0,0,71785,3,0
0,0,0,0,5,29,18095,115491,0,0,0,0,0,217806,3,0
0,0,0,0,35,29,18096,115491,0,0,0,0,0,71788,3,0
0,0,0,0,36,29,18097,115491,0,0,0,0,0,71787,3,0
0,0,0,0,8,29,18098,115491,0,0,0,0,0,246189,3,0
0,0,0,0,99,0,18099,115530,0,0,0,0,0,230180,3,0
0,0,0,0,1,3,18100,115530,0,0,0,0,0,230354,3,0
0,0,0,0,2,4,18101,115530,0,0,0,0,0,230322,3,0
0,0,0,0,3,6,18102,115530,0,0,0,0,0,230325,3,0
0,0,0,0,4,7,18103,115530,0,0,0,0,0,230211,3,0
0,0,0,0,5,12,18104,115530,0,0,0,0,0,230411,3,0
0,0,0,0,6,13,18105,115530,0,0,0,0,0,230369,3,0
0,0,0,0,7,15,18106,115530,0,0,0,0,0,230226,3,0
0,0,0,0,8,16,18107,115530,0,0,0,0,0,230396,3,0
0,0,0,0,9,24,18108,115530,0,0,0,0,0,230444,3,0
0,0,0,0,10,26,18109,115530,0,0,0,0,0,230445,3,0
0,0,0,0,14,28,18110,115530,0,0,0,0,0,230462,3,0
0,0,0,0,13,28,18111,115530,0,0,0,0,0,230455,3,0
0,0,0,0,12,28,18112,115530,0,0,0,0,0,230376,3,0
0,0,0,0,11,28,18113,115530,0,0,0,0,0,230365,3,0
0,0,0,0,15,28,18114,115530,0,0,0,0,0,233997,3,0
0,0,0,0,17,28,18115,115530,0,0,0,0,0,236192,3,0
0,0,0,0,16,28,18116,115530,0,0,0,0,0,230261,3,0
0,0,0,0,18,28,18117,115530,0,0,0,0,0,236191,3,0
0,0,0,0,19,28,18118,115530,0,0,0,0,0,236193,3,0
0,0,0,0,1,0,18119,115536,0,0,0,0,0,273731,3,0
0,0,0,0,13,3,18120,115536,0,0,0,0,0,272975,3,0
0,0,0,0,19,4,18121,115536,0,0,0,0,0,259683,3,0
0,0,0,0,14,6,18122,115536,0,0,0,0,0,268075,3,0
0,0,0,0,23,7,18123,115536,0,0,0,0,0,71210,3,0
0,0,0,0,20,9,18124,115536,0,0,0,0,0,71211,3,0
0,0,0,0,15,11,18125,115536,0,0,0,0,0,253822,3,0
0,0,0,0,30,12,18126,115536,0,0,0,0,0,71717,3,0
0,0,0,0,8,16,18127,115536,0,0,0,0,0,273541,3,0
0,0,0,0,10,24,18128,115536,0,0,0,0,0,211435,3,0
0,0,0,0,11,26,18129,115536,0,0,0,0,0,258401,3,0
0,0,0,0,21,28,18130,115536,0,0,0,0,0,223855,3,0
0,0,0,0,18,28,18131,115536,0,0,0,0,0,260035,3,0
0,0,0,0,26,28,18132,115536,0,0,0,0,0,71715,3,0
0,0,0,0,4,28,18133,115536,0,0,0,0,0,259230,3,0
0,0,0,0,24,28,18134,115536,0,0,0,0,0,261779,3,0
0,0,0,0,9,28,18135,115536,0,0,0,0,0,245532,3,0
0,0,0,0,28,28,18136,115536,0,0,0,0,0,270493,3,0
0,0,0,0,5,28,18137,115536,0,0,0,0,0,272351,3,0
0,0,0,0,7,28,18138,115536,0,0,0,0,0,261695,3,0
0,0,0,0,6,28,18139,115536,0,0,0,0,0,279748,3,0
0,0,0,0,2,28,18140,115536,0,0,0,0,0,266644,3,0
0,0,0,0,12,28,18141,115536,0,0,0,0,0,279743,3,0
0,0,0,0,27,29,18142,115536,0,0,0,0,0,272413,3,0
0,0,0,0,17,29,18143,115536,0,0,0,0,0,71213,3,0
0,0,0,0,16,29,18144,115536,0,0,0,0,0,279742,3,0
0,0,0,0,22,29,18145,115536,0,0,0,0,0,279757,3,0
0,0,0,0,3,29,18146,115536,0,0,0,0,0,71714,3,0
0,0,0,0,29,29,18147,115536,0,0,0,0,0,279755,3,0
0,0,0,0,25,29,18148,115536,0,0,0,0,0,273532,3,0
0,0,0,0,21,0,18149,116263,0,0,0,0,0,259780,3,0
0,0,0,0,23,4,18150,116263,0,0,0,0,0,223052,3,0
0,0,0,0,16,5,18151,116263,0,0,0,0,0,279075,3,0
0,0,0,0,24,6,18152,116263,0,0,0,0,0,218731,3,0
0,0,0,0,54,12,18153,116263,0,0,0,0,0,259544,3,0
0,0,0,0,6,13,18154,116263,0,0,0,0,0,260519,3,0
0,0,0,0,7,15,18155,116263,0,0,0,0,0,253603,3,0
0,0,0,0,26,16,18156,116263,0,0,0,0,0,240482,3,0
0,0,0,0,10,18,18157,116263,0,0,0,0,0,225704,3,0
0,0,0,0,11,24,18158,116263,0,0,0,0,0,253569,3,0
0,0,0,0,89,26,18159,116263,0,0,0,0,0,255201,3,0
0,0,0,0,9,28,18160,116263,0,0,0,0,0,183093,3,0
0,0,0,0,20,28,18161,116263,0,0,0,0,0,231965,3,0
0,0,0,0,14,28,18162,116263,0,0,0,0,0,70527,3,0
0,0,0,0,12,28,18163,116263,0,0,0,0,0,195031,3,0
0,0,0,0,1,28,18164,116263,0,0,0,0,0,253639,3,0
0,0,0,0,8,28,18165,116263,0,0,0,0,0,279077,3,0
0,0,0,0,4,28,18166,116263,0,0,0,0,0,70525,3,0
0,0,0,0,29,28,18167,116263,0,0,0,0,0,279135,3,0
0,0,0,0,3,28,18168,116263,0,0,0,0,0,279076,3,0
0,0,0,0,30,28,18169,116263,0,0,0,0,0,70533,3,0
0,0,0,0,17,28,18170,116263,0,0,0,0,0,70528,3,0
0,0,0,0,18,28,18171,116263,0,0,0,0,0,70529,3,0
0,0,0,0,13,29,18172,116263,0,0,0,0,0,70526,3,0
0,0,0,0,22,29,18173,116263,0,0,0,0,0,70530,3,0
0,0,0,0,25,29,18174,116263,0,0,0,0,0,70531,3,0
0,0,0,0,27,29,18175,116263,0,0,0,0,0,70532,3,0
0,0,0,0,28,29,18176,116263,0,0,0,0,0,279138,3,0
0,0,0,0,1,0,18177,116292,0,0,0,0,0,203759,3,0
0,0,0,0,14,3,18178,116292,0,0,0,0,0,260442,3,0
0,0,0,0,26,4,18179,116292,0,0,0,0,0,261427,3,0
0,0,0,0,2,6,18180,116292,0,0,0,0,0,70208,3,0
0,0,0,0,77,7,18181,116292,0,0,0,0,0,255959,3,0
0,0,0,0,21,10,18182,116292,0,0,0,0,0,259814,3,0
0,0,0,0,7,23,18183,116292,0,0,0,0,0,215335,3,0
0,0,0,0,8,13,18184,116292,0,0,0,0,0,261185,3,0
0,0,0,0,10,15,18185,116292,0,0,0,0,0,225708,3,0
0,0,0,0,11,27,18186,116292,0,0,0,0,0,253523,3,0
0,0,0,0,9,25,18187,116292,0,0,0,0,0,228085,3,0
0,0,0,0,18,28,18188,116292,0,0,0,0,0,254459,3,0
0,0,0,0,30,28,18189,116292,0,0,0,0,0,253601,3,0
0,0,0,0,6,28,18190,116292,0,0,0,0,0,261364,3,0
0,0,0,0,4,28,18191,116292,0,0,0,0,0,254179,3,0
0,0,0,0,12,28,18192,116292,0,0,0,0,0,70216,3,0
0,0,0,0,20,28,18193,116292,0,0,0,0,0,274263,3,0
0,0,0,0,15,28,18194,116292,0,0,0,0,0,255350,3,0
0,0,0,0,38,28,18195,116292,0,0,0,0,0,70209,3,0
0,0,0,0,40,28,18196,116292,0,0,0,0,0,71051,3,0
0,0,0,0,13,28,18197,116292,0,0,0,0,0,70207,3,0
0,0,0,0,17,28,18198,116292,0,0,0,0,0,274253,3,0
0,0,0,0,24,28,18199,116292,0,0,0,0,0,71541,3,0
0,0,0,0,22,29,18200,116292,0,0,0,0,0,71540,3,0
0,0,0,0,29,29,18201,116292,0,0,0,0,0,71543,3,0
0,0,0,0,5,29,18202,116292,0,0,0,0,0,71537,3,0
0,0,0,0,19,29,18203,116292,0,0,0,0,0,71539,3,0
0,0,0,0,16,29,18204,116292,0,0,0,0,0,71657,3,0
0,0,0,0,27,29,18205,116292,0,0,0,0,0,72087,3,0
0,0,0,0,28,29,18206,116292,0,0,0,0,0,72211,3,0
0,0,0,0,12,0,18207,116295,0,0,0,0,0,259296,3,0
0,0,0,0,26,3,18208,116295,0,0,0,0,0,245062,3,0
0,0,0,0,3,4,18209,116295,0,0,0,0,0,247397,3,0
0,0,0,0,4,6,18210,116295,0,0,0,0,0,266246,3,0
0,0,0,0,19,7,18211,116295,0,0,0,0,0,275003,3,0
0,0,0,0,5,9,18212,116295,0,0,0,0,0,252175,3,0
0,0,0,0,30,11,18213,116295,0,0,0,0,0,274365,3,0
0,0,0,0,7,12,18214,116295,0,0,0,0,0,256163,3,0
0,0,0,0,29,16,18215,116295,0,0,0,0,0,273682,3,0
0,0,0,0,40,18,18216,116295,0,0,0,0,0,240292,3,0
0,0,0,0,9,25,18217,116295,0,0,0,0,0,242952,3,0
0,0,0,0,21,28,18218,116295,0,0,0,0,0,273847,3,0
0,0,0,0,11,28,18219,116295,0,0,0,0,0,263457,3,0
0,0,0,0,2,28,18220,116295,0,0,0,0,0,231093,3,0
0,0,0,0,23,28,18221,116295,0,0,0,0,0,253254,3,0
0,0,0,0,1,28,18222,116295,0,0,0,0,0,263462,3,0
0,0,0,0,18,28,18223,116295,0,0,0,0,0,274366,3,0
0,0,0,0,17,28,18224,116295,0,0,0,0,0,275001,3,0
0,0,0,0,24,28,18225,116295,0,0,0,0,0,273846,3,0
0,0,0,0,13,28,18226,116295,0,0,0,0,0,224801,3,0
0,0,0,0,33,28,18227,116295,0,0,0,0,0,221459,3,0
0,0,0,0,32,28,18228,116295,0,0,0,0,0,277319,3,0
0,0,0,0,14,28,18229,116295,0,0,0,0,0,72012,3,0
0,0,0,0,25,29,18230,116295,0,0,0,0,0,273684,3,0
0,0,0,0,31,29,18231,116295,0,0,0,0,0,71713,3,0
0,0,0,0,22,29,18232,116295,0,0,0,0,0,72213,3,0
0,0,0,0,37,29,18233,116295,0,0,0,0,0,268816,3,0
0,0,0,0,16,29,18234,116295,0,0,0,0,0,260541,3,0
0,0,0,0,6,29,18235,116295,0,0,0,0,0,254711,3,0
0,0,0,0,38,29,18236,116295,0,0,0,0,0,274859,3,0
0,0,0,0,15,29,18237,116295,0,0,0,0,0,269687,3,0
0,0,0,0,35,29,18238,116295,0,0,0,0,0,261217,3,0
0,0,0,0,39,29,18239,116295,0,0,0,0,0,274861,3,0
0,0,0,0,28,29,18240,116295,0,0,0,0,0,71712,3,0
0,0,0,0,1,0,18241,116323,0,0,0,0,0,260517,3,0
0,0,0,0,21,3,18242,116323,0,0,0,0,0,71776,3,0
0,0,0,0,4,4,18243,116323,0,0,0,0,0,268610,3,0
0,0,0,0,23,6,18244,116323,0,0,0,0,0,233298,3,0
0,0,0,0,20,7,18245,116323,0,0,0,0,0,254958,3,0
0,0,0,0,30,12,18246,116323,0,0,0,0,0,227905,3,0
0,0,0,0,24,13,18247,116323,0,0,0,0,0,253529,3,0
0,0,0,0,28,15,18248,116323,0,0,0,0,0,209006,3,0
0,0,0,0,38,16,18249,116323,0,0,0,0,0,246165,3,0
0,0,0,0,9,24,18250,116323,0,0,0,0,0,254746,3,0
0,0,0,0,18,26,18251,116323,0,0,0,0,0,254725,3,0
0,0,0,0,17,28,18252,116323,0,0,0,0,0,71093,3,0
0,0,0,0,13,28,18253,116323,0,0,0,0,0,71252,3,0
0,0,0,0,3,28,18254,116323,0,0,0,0,0,254174,3,0
0,0,0,0,14,28,18255,116323,0,0,0,0,0,71074,3,0
0,0,0,0,25,28,18256,116323,0,0,0,0,0,71774,3,0
0,0,0,0,22,28,18257,116323,0,0,0,0,0,246675,3,0
0,0,0,0,29,28,18258,116323,0,0,0,0,0,71775,3,0
0,0,0,0,5,28,18259,116323,0,0,0,0,0,259499,3,0
0,0,0,0,7,28,18260,116323,0,0,0,0,0,254745,3,0
0,0,0,0,6,28,18261,116323,0,0,0,0,0,71773,3,0
0,0,0,0,32,28,18262,116323,0,0,0,0,0,71072,3,0
0,0,0,0,27,28,18263,116323,0,0,0,0,0,274738,3,0
0,0,0,0,11,29,18264,116323,0,0,0,0,0,71090,3,0
0,0,0,0,12,29,18265,116323,0,0,0,0,0,71073,3,0
0,0,0,0,2,29,18266,116323,0,0,0,0,0,71075,3,0
0,0,0,0,8,29,18267,116323,0,0,0,0,0,241878,3,0
0,0,0,0,15,29,18268,116323,0,0,0,0,0,254718,3,0
0,0,0,0,16,29,18269,116323,0,0,0,0,0,277223,3,0
0,0,0,0,36,29,18270,116323,0,0,0,0,0,267735,3,0
0,0,0,0,1,0,18271,131161,0,0,0,0,0,188610,3,0
0,0,0,0,2,3,18272,131161,0,0,0,0,0,253530,3,0
0,0,0,0,13,4,18273,131161,0,0,0,0,0,279148,3,0
0,0,0,0,4,6,18274,131161,0,0,0,0,0,236271,3,0
0,0,0,0,7,7,18275,131161,0,0,0,0,0,219133,3,0
0,0,0,0,14,9,18276,131161,0,0,0,0,0,254184,3,0
0,0,0,0,16,11,18277,131161,0,0,0,0,0,253584,3,0
0,0,0,0,32,12,18278,131161,0,0,0,0,0,70452,3,0
0,0,0,0,11,16,18279,131161,0,0,0,0,0,240211,3,0
0,0,0,0,10,18,18280,131161,0,0,0,0,0,250796,3,0
0,0,0,0,9,25,18281,131161,0,0,0,0,0,253557,3,0
0,0,0,0,30,28,18282,131161,0,0,0,0,0,266313,3,0
0,0,0,0,8,28,18283,131161,0,0,0,0,0,279155,3,0
0,0,0,0,24,28,18284,131161,0,0,0,0,0,70454,3,0
0,0,0,0,29,28,18285,131161,0,0,0,0,0,70456,3,0
0,0,0,0,25,28,18286,131161,0,0,0,0,0,229397,3,0
0,0,0,0,23,28,18287,131161,0,0,0,0,0,254626,3,0
0,0,0,0,20,28,18288,131161,0,0,0,0,0,255064,3,0
0,0,0,0,6,28,18289,131161,0,0,0,0,0,70451,3,0
0,0,0,0,22,28,18290,131161,0,0,0,0,0,264797,3,0
0,0,0,0,27,28,18291,131161,0,0,0,0,0,253526,3,0
0,0,0,0,15,28,18292,131161,0,0,0,0,0,70453,3,0
0,0,0,0,17,28,18293,131161,0,0,0,0,0,268556,3,0
0,0,0,0,34,29,18294,131161,0,0,0,0,0,70457,3,0
0,0,0,0,12,29,18295,131161,0,0,0,0,0,275149,3,0
0,0,0,0,31,29,18296,131161,0,0,0,0,0,259636,3,0
0,0,0,0,21,29,18297,131161,0,0,0,0,0,265428,3,0
0,0,0,0,5,29,18298,131161,0,0,0,0,0,196435,3,0
0,0,0,0,19,29,18299,131161,0,0,0,0,0,256185,3,0
0,0,0,0,29,0,18300,131474,0,0,0,0,0,254584,3,0
0,0,0,0,33,3,18301,131474,0,0,0,0,0,233530,3,0
0,0,0,0,4,4,18302,131474,0,0,0,0,0,70612,3,0
0,0,0,0,22,6,18303,131474,0,0,0,0,0,256089,3,0
0,0,0,0,25,7,18304,131474,0,0,0,0,0,70602,3,0
0,0,0,0,24,9,18305,131474,0,0,0,0,0,71042,3,0
0,0,0,0,14,11,18306,131474,0,0,0,0,0,70590,3,0
0,0,0,0,43,12,18307,131474,0,0,0,0,0,274896,3,0
0,0,0,0,19,16,18308,131474,0,0,0,0,0,70611,3,0
0,0,0,0,16,18,18309,131474,0,0,0,0,0,71904,3,0
0,0,0,0,37,25,18310,131474,0,0,0,0,0,255067,3,0
0,0,0,0,77,28,18311,131474,0,0,0,0,0,71763,3,0
0,0,0,0,18,28,18312,131474,0,0,0,0,0,70595,3,0
0,0,0,0,13,28,18313,131474,0,0,0,0,0,253881,3,0
0,0,0,0,20,28,18314,131474,0,0,0,0,0,70594,3,0
0,0,0,0,1,28,18315,131474,0,0,0,0,0,70597,3,0
0,0,0,0,9,28,18316,131474,0,0,0,0,0,70613,3,0
0,0,0,0,70,28,18317,131474,0,0,0,0,0,70610,3,0
0,0,0,0,7,28,18318,131474,0,0,0,0,0,71043,3,0
0,0,0,0,11,28,18319,131474,0,0,0,0,0,70605,3,0
0,0,0,0,88,28,18320,131474,0,0,0,0,0,70603,3,0
0,0,0,0,15,28,18321,131474,0,0,0,0,0,70599,3,0
0,0,0,0,23,28,18322,131474,0,0,0,0,0,70606,3,0
0,0,0,0,31,29,18323,131474,0,0,0,0,0,70593,3,0
0,0,0,0,10,29,18324,131474,0,0,0,0,0,70607,3,0
0,0,0,0,27,29,18325,131474,0,0,0,0,0,70604,3,0
0,0,0,0,17,29,18326,131474,0,0,0,0,0,71756,3,0
0,0,0,0,6,29,18327,131474,0,0,0,0,0,264546,3,0
0,0,0,0,99,29,18328,131474,0,0,0,0,0,70600,3,0
0,0,0,0,32,29,18329,131474,0,0,0,0,0,70591,3,0
0,0,0,0,21,29,18330,131474,0,0,0,0,0,71757,3,0
0,0,0,0,36,29,18331,131474,0,0,0,0,0,71759,3,0
0,0,0,0,44,29,18332,131474,0,0,0,0,0,71762,3,0
0,0,0,0,39,29,18333,131474,0,0,0,0,0,261481,3,0
0,0,0,0,30,0,18334,131511,0,0,0,0,0,221807,3,0
0,0,0,0,2,3,18335,131511,0,0,0,0,0,242456,3,0
0,0,0,0,3,4,18336,131511,0,0,0,0,0,279687,3,0
0,0,0,0,5,6,18337,131511,0,0,0,0,0,212351,3,0
0,0,0,0,16,7,18338,131511,0,0,0,0,0,226723,3,0
0,0,0,0,25,10,18339,131511,0,0,0,0,0,278844,3,0
0,0,0,0,27,23,18340,131511,0,0,0,0,0,258974,3,0
0,0,0,0,7,13,18341,131511,0,0,0,0,0,255133,3,0
0,0,0,0,21,15,18342,131511,0,0,0,0,0,260328,3,0
0,0,0,0,24,27,18343,131511,0,0,0,0,0,278847,3,0
0,0,0,0,11,25,18344,131511,0,0,0,0,0,212409,3,0
0,0,0,0,10,28,18345,131511,0,0,0,0,0,214609,3,0
0,0,0,0,6,28,18346,131511,0,0,0,0,0,255385,3,0
0,0,0,0,22,28,18347,131511,0,0,0,0,0,227919,3,0
0,0,0,0,15,28,18348,131511,0,0,0,0,0,247560,3,0
0,0,0,0,1,28,18349,131511,0,0,0,0,0,236860,3,0
0,0,0,0,9,28,18350,131511,0,0,0,0,0,214350,3,0
0,0,0,0,26,28,18351,131511,0,0,0,0,0,278845,3,0
0,0,0,0,20,28,18352,131511,0,0,0,0,0,279690,3,0
0,0,0,0,8,28,18353,131511,0,0,0,0,0,237177,3,0
0,0,0,0,29,28,18354,131511,0,0,0,0,0,253769,3,0
0,0,0,0,17,28,18355,131511,0,0,0,0,0,278846,3,0
0,0,0,0,35,28,18356,131511,0,0,0,0,0,278848,3,0
0,0,0,0,4,29,18357,131511,0,0,0,0,0,265186,3,0
0,0,0,0,33,29,18358,131511,0,0,0,0,0,71346,3,0
0,0,0,0,19,29,18359,131511,0,0,0,0,0,247129,3,0
0,0,0,0,31,29,18360,131511,0,0,0,0,0,227225,3,0
0,0,0,0,18,29,18361,131511,0,0,0,0,0,279688,3,0
0,0,0,0,12,29,18362,131511,0,0,0,0,0,71765,3,0
0,0,0,0,30,0,18363,110955,0,0,0,0,0,248735,3,0
0,0,0,0,13,3,18364,110955,0,0,0,0,0,238857,3,0
1,0,0,1,4,4,18365,110955,0,0,0,0,0,245040,4,0
1,0,0,1,5,6,18366,110955,0,0,0,0,0,245041,4,0
0,0,0,0,16,7,18367,110955,0,0,0,0,0,228076,5,0
1,0,0,1,6,10,18368,110955,0,0,0,0,0,211382,3,0
0,0,0,0,15,13,18369,110955,0,0,0,0,0,217153,5,0
1,0,0,1,17,15,18370,110955,0,0,0,0,0,241418,4,0
6,1,0,1,10,18,18371,110955,0,0,0,0,0,210377,3,0
9,1,0,1,9,24,18372,110955,0,0,0,0,0,246093,4,0
3,0,0,1,11,26,18373,110955,0,0,0,0,0,212601,3,0
0,0,0,0,36,28,18374,110955,0,0,0,0,0,275655,3,0
1,0,0,1,14,28,18375,110955,0,0,0,0,0,222350,3,0
2,0,0,1,7,28,18376,110955,0,0,0,0,0,245042,3,0
0,0,0,0,22,28,18377,110955,0,0,0,0,0,225739,3,0
0,0,0,0,1,28,18378,110955,0,0,0,0,0,250978,3,0
0,0,0,0,20,28,18379,110955,0,0,0,0,0,182411,4,0
0,0,0,0,8,28,18380,110955,0,0,0,0,0,240805,3,0
0,0,0,0,3,28,18381,110955,0,0,0,0,0,277017,3,0
0,0,0,0,33,28,18382,110955,0,0,0,0,0,251110,3,0
0,0,0,0,28,28,18383,110955,0,0,0,0,0,222204,4,0
0,0,0,0,38,28,18384,110955,0,0,0,0,0,240393,3,0
0,0,0,0,32,28,18385,110955,0,0,0,0,0,222183,3,0
0,0,0,0,21,29,18386,110955,0,0,0,0,0,243107,3,0
0,0,0,0,41,29,18387,110955,0,0,0,0,0,269105,3,0
0,0,0,0,29,29,18388,110955,0,0,0,0,0,245043,3,0
0,0,0,0,39,29,18389,110955,0,0,0,0,0,275656,3,0
0,0,0,0,19,29,18390,110955,0,0,0,0,0,261930,3,0
0,0,0,0,40,29,18391,110955,0,0,0,0,0,71432,3,0
0,0,0,0,42,29,18392,110955,0,0,0,0,0,275658,3,0
0,0,0,0,44,29,18393,110955,0,0,0,0,0,277768,3,0
0,0,0,0,35,29,18394,110955,0,0,0,0,0,71431,3,0
0,0,0,0,34,29,18395,110955,0,0,0,0,0,71430,3,0
0,0,0,0,45,29,18396,110955,0,0,0,0,0,71440,3,0
0,0,0,0,43,29,18397,110955,0,0,0,0,0,71437,3,0
0,0,0,0,14,0,18398,111724,0,0,0,0,0,182224,3,0
0,0,0,0,6,3,18399,111724,0,0,0,0,0,221846,3,0
2,0,0,1,4,4,18400,111724,0,0,0,0,0,238860,3,0
0,0,0,0,27,6,18401,111724,0,0,0,0,0,222346,3,0
1,0,0,1,11,7,18402,111724,0,0,0,0,0,240207,3,0
1,0,0,1,32,12,18403,111724,0,0,0,0,0,211108,3,0
1,0,0,1,20,13,18404,111724,0,0,0,0,0,221801,3,0
0,0,0,0,25,15,18405,111724,0,0,0,0,0,217160,3,0
0,0,0,0,29,16,18406,111724,0,0,0,0,0,252516,2,0
3,0,0,1,10,18,18407,111724,0,0,0,0,0,205401,4,0
5,0,0,1,9,25,18408,111724,0,0,0,0,0,230601,5,0
0,0,0,0,21,28,18409,111724,0,0,0,0,0,221855,3,0
2,0,0,1,8,28,18410,111724,0,0,0,0,0,251291,3,0
0,0,0,0,5,28,18411,111724,0,0,0,0,0,191572,3,0
0,0,0,0,37,28,18412,111724,0,0,0,0,0,222240,3,0
0,0,0,0,18,28,18413,111724,0,0,0,0,0,221845,3,0
1,0,0,1,7,28,18414,111724,0,0,0,0,0,235680,3,0
1,0,0,1,22,28,18415,111724,0,0,0,0,0,223298,3,0
0,0,0,0,35,28,18416,111724,0,0,0,0,0,233394,3,0
1,0,0,1,23,28,18417,111724,0,0,0,0,0,261927,5,0
0,0,0,0,33,28,18418,111724,0,0,0,0,0,232871,3,0
0,0,0,0,2,28,18419,111724,0,0,0,0,0,233946,3,0
0,0,0,0,13,28,18420,111724,0,0,0,0,0,192008,3,0
0,0,0,0,26,29,18421,111724,0,0,0,0,0,233681,3,0
0,0,0,0,28,29,18422,111724,0,0,0,0,0,272748,3,0
0,0,0,0,39,29,18423,111724,0,0,0,0,0,239858,3,0
0,0,0,0,24,29,18424,111724,0,0,0,0,0,224677,3,0
0,0,0,0,31,29,18425,111724,0,0,0,0,0,245036,3,0
1,0,0,1,30,29,18426,111724,0,0,0,0,0,259653,3,0
0,0,0,0,16,29,18427,111724,0,0,0,0,0,264025,3,0
0,0,0,0,17,29,18428,111724,0,0,0,0,0,221854,3,0
0,0,0,0,15,29,18429,111724,0,0,0,0,0,275649,3,0
0,0,0,0,36,29,18430,111724,0,0,0,0,0,269030,3,0
0,0,0,0,1,29,18431,111724,0,0,0,0,0,261928,3,0
0,0,0,0,34,0,18432,111768,0,0,0,0,0,191528,2,0
0,0,0,0,3,3,18433,111768,0,0,0,0,0,248237,2,0
0,0,0,0,2,4,18434,111768,0,0,0,0,0,237033,3,0
1,0,0,1,5,6,18435,111768,0,0,0,0,0,236690,3,0
0,0,0,0,4,7,18436,111768,0,0,0,0,0,224648,5,0
1,0,0,1,11,23,18437,111768,0,0,0,0,0,241239,4,0
1,0,0,1,23,13,18438,111768,0,0,0,0,0,202808,3,0
1,0,0,1,10,14,18439,111768,0,0,0,0,0,221820,5,0
2,0,0,1,8,15,18440,111768,0,0,0,0,0,251294,3,0
4,0,0,1,9,27,18441,111768,0,0,0,0,0,228017,4,0
2,0,0,1,29,25,18442,111768,0,0,0,0,0,227527,5,0
0,0,0,0,6,28,18443,111768,0,0,0,0,0,228033,3,0
0,0,0,0,21,28,18444,111768,0,0,0,0,0,241341,3,0
0,0,0,0,27,28,18445,111768,0,0,0,0,0,199088,3,0
0,0,0,0,26,28,18446,111768,0,0,0,0,0,261886,3,0
0,0,0,0,1,28,18447,111768,0,0,0,0,0,253955,3,0
1,0,0,1,20,28,18448,111768,0,0,0,0,0,242276,3,0
1,0,0,1,18,28,18449,111768,0,0,0,0,0,261956,4,0
1,0,0,1,22,28,18450,111768,0,0,0,0,0,183997,4,0
0,0,0,0,28,28,18451,111768,0,0,0,0,0,182409,3,0
0,0,0,0,16,28,18452,111768,0,0,0,0,0,240391,3,0
1,0,0,1,24,28,18453,111768,0,0,0,0,0,227642,3,0
2,0,0,1,37,28,18454,111768,0,0,0,0,0,228047,3,0
0,0,0,0,35,29,18455,111768,0,0,0,0,0,261887,3,0
0,0,0,0,33,29,18456,111768,0,0,0,0,0,275172,3,0
0,0,0,0,19,29,18457,111768,0,0,0,0,0,268917,3,0
0,0,0,0,38,29,18458,111768,0,0,0,0,0,261889,3,0
1,0,0,1,17,29,18459,111768,0,0,0,0,0,241344,3,0
0,0,0,0,36,29,18460,111768,0,0,0,0,0,253738,3,0
0,0,0,0,45,29,18461,111768,0,0,0,0,0,71572,3,0
0,0,0,0,43,29,18462,111768,0,0,0,0,0,71570,3,0
0,0,0,0,40,29,18463,111768,0,0,0,0,0,71567,3,0
0,0,0,0,42,29,18464,111768,0,0,0,0,0,71569,3,0
0,0,0,0,41,29,18465,111768,0,0,0,0,0,71568,3,0
0,0,0,0,44,29,18466,111768,0,0,0,0,0,71571,3,0
0,0,0,0,23,0,18467,111769,0,0,0,0,0,221964,3,0
0,0,0,0,5,3,18468,111769,0,0,0,0,0,245048,3,0
0,0,0,0,26,4,18469,111769,0,0,0,0,0,241299,1,0
1,0,0,1,32,6,18470,111769,0,0,0,0,0,273641,3,0
0,0,0,0,24,7,18471,111769,0,0,0,0,0,242700,1,0
2,0,0,1,40,23,18472,111769,0,0,0,0,0,200438,4,0
0,0,0,0,44,13,18473,111769,0,0,0,0,0,221931,4,0
0,0,0,0,19,14,18474,111769,0,0,0,0,0,224692,2,0
1,0,0,1,10,15,18475,111769,0,0,0,0,0,225478,4,0
4,0,0,1,29,27,18476,111769,0,0,0,0,0,202855,2,0
3,0,0,1,9,25,18477,111769,0,0,0,0,0,212023,4,0
0,0,0,0,8,28,18478,111769,0,0,0,0,0,224546,3,0
0,0,0,0,20,28,18479,111769,0,0,0,0,0,240917,2,0
0,0,0,0,6,28,18480,111769,0,0,0,0,0,241332,3,0
0,0,0,0,4,28,18481,111769,0,0,0,0,0,235002,3,0
0,0,0,0,42,28,18482,111769,0,0,0,0,0,222438,3,0
0,0,0,0,13,28,18483,111769,0,0,0,0,0,221980,3,0
0,0,0,0,30,28,18484,111769,0,0,0,0,0,261904,3,0
0,0,0,0,33,28,18485,111769,0,0,0,0,0,268929,3,0
0,0,0,0,35,28,18486,111769,0,0,0,0,0,263847,3,0
0,0,0,0,28,28,18487,111769,0,0,0,0,0,247224,2,0
0,0,0,0,21,28,18488,111769,0,0,0,0,0,261919,3,0
0,0,0,0,15,28,18489,111769,0,0,0,0,0,268915,2,0
0,0,0,0,37,29,18490,111769,0,0,0,0,0,71573,3,0
0,0,0,0,25,29,18491,111769,0,0,0,0,0,245160,3,0
0,0,0,0,14,29,18492,111769,0,0,0,0,0,268928,3,0
0,0,0,0,7,29,18493,111769,0,0,0,0,0,247195,3,0
0,0,0,0,45,29,18494,111769,0,0,0,0,0,269015,3,0
0,0,0,0,3,29,18495,111769,0,0,0,0,0,224550,3,0
0,0,0,0,34,29,18496,111769,0,0,0,0,0,268930,1,0
0,0,0,0,43,29,18497,111769,0,0,0,0,0,269019,3,0
0,0,0,0,39,29,18498,111769,0,0,0,0,0,71575,3,0
0,0,0,0,38,29,18499,111769,0,0,0,0,0,71574,3,0
0,0,0,0,2,29,18500,111769,0,0,0,0,0,243092,3,0
0,0,0,0,22,0,18501,111774,0,0,0,0,0,221798,5,0
0,0,0,0,15,3,18502,111774,0,0,0,0,0,247197,4,0
1,0,0,1,6,4,18503,111774,0,0,0,0,0,232256,4,0
0,0,0,0,21,6,18504,111774,0,0,0,0,0,268777,4,0
0,0,0,0,3,7,18505,111774,0,0,0,0,0,250989,3,0
0,0,0,0,14,10,18506,111774,0,0,0,0,0,252181,3,0
4,0,0,1,7,12,18507,111774,0,0,0,0,0,260645,2,0
2,0,0,1,30,13,18508,111774,0,0,0,0,0,228077,4,0
1,0,0,1,10,15,18509,111774,0,0,0,0,0,244268,3,0
0,0,0,0,29,16,18510,111774,0,0,0,0,0,224466,2,0
5,0,0,1,9,25,18511,111774,0,0,0,0,0,262447,3,0
1,0,0,1,36,28,18512,111774,0,0,0,0,0,226021,3,0
1,0,0,1,40,28,18513,111774,0,0,0,0,0,263487,3,0
1,0,0,1,2,28,18514,111774,0,0,0,0,0,209210,3,0
0,0,0,0,32,28,18515,111774,0,0,0,0,0,241342,3,0
0,0,0,0,1,28,18516,111774,0,0,0,0,0,269138,3,0
0,0,0,0,11,28,18517,111774,0,0,0,0,0,243117,2,0
0,0,0,0,5,28,18518,111774,0,0,0,0,0,191532,3,0
0,0,0,0,25,28,18519,111774,0,0,0,0,0,269141,3,0
0,0,0,0,4,28,18520,111774,0,0,0,0,0,243102,3,0
0,0,0,0,33,28,18521,111774,0,0,0,0,0,222306,3,0
0,0,0,0,23,28,18522,111774,0,0,0,0,0,241622,3,0
0,0,0,0,17,28,18523,111774,0,0,0,0,0,253967,3,0
0,0,0,0,24,29,18524,111774,0,0,0,0,0,71409,3,0
0,0,0,0,18,29,18525,111774,0,0,0,0,0,233948,3,0
0,0,0,0,16,29,18526,111774,0,0,0,0,0,261954,3,0
0,0,0,0,19,29,18527,111774,0,0,0,0,0,264056,3,0
0,0,0,0,1,0,18528,111779,0,0,0,0,0,257475,3,0
0,0,0,0,13,3,18529,111779,0,0,0,0,0,257493,2,0
0,0,0,0,24,4,18530,111779,0,0,0,0,0,221850,3,0
2,0,0,1,36,6,18531,111779,0,0,0,0,0,226151,3,0
0,0,0,0,2,7,18532,111779,0,0,0,0,0,268959,3,0
1,0,0,1,10,12,18533,111779,0,0,0,0,0,241619,2,0
0,0,0,0,6,13,18534,111779,0,0,0,0,0,216736,3,0
0,0,0,0,22,15,18535,111779,0,0,0,0,0,253966,2,0
0,0,0,0,7,16,18536,111779,0,0,0,0,0,243088,3,0
4,0,0,1,40,24,18537,111779,0,0,0,0,0,219908,4,0
3,0,0,1,20,26,18538,111779,0,0,0,0,0,273640,5,0
2,0,0,1,11,28,18539,111779,0,0,0,0,0,213013,2,0
0,0,0,0,9,28,18540,111779,0,0,0,0,0,251111,3,0
0,0,0,0,19,28,18541,111779,0,0,0,0,0,269520,2,0
0,0,0,0,21,28,18542,111779,0,0,0,0,0,261899,3,0
0,0,0,0,17,28,18543,111779,0,0,0,0,0,261984,3,0
1,0,0,1,8,28,18544,111779,0,0,0,0,0,245754,2,0
0,0,0,0,16,28,18545,111779,0,0,0,0,0,224667,3,0
1,0,0,1,15,28,18546,111779,0,0,0,0,0,243099,1,0
0,0,0,0,27,28,18547,111779,0,0,0,0,0,261905,1,0
0,0,0,0,26,28,18548,111779,0,0,0,0,0,224555,1,0
0,0,0,0,37,28,18549,111779,0,0,0,0,0,264021,3,0
1,0,0,1,3,28,18550,111779,0,0,0,0,0,71348,3,0
0,0,0,0,23,29,18551,111779,0,0,0,0,0,241311,2,0
0,0,0,0,5,29,18552,111779,0,0,0,0,0,186970,3,0
0,0,0,0,38,29,18553,111779,0,0,0,0,0,272620,3,0
0,0,0,0,39,29,18554,111779,0,0,0,0,0,269104,3,0
0,0,0,0,25,29,18555,111779,0,0,0,0,0,275472,3,0
0,0,0,0,33,29,18556,111779,0,0,0,0,0,71349,3,0
0,0,0,0,29,29,18557,111779,0,0,0,0,0,253677,3,0
0,0,0,0,32,29,18558,111779,0,0,0,0,0,277716,3,0
0,0,0,0,14,29,18559,111779,0,0,0,0,0,261898,3,0
0,0,0,0,1,0,18560,112163,0,0,0,0,0,224475,3,0
0,0,0,0,19,3,18561,112163,0,0,0,0,0,222434,3,0
2,0,0,1,2,4,18562,112163,0,0,0,0,0,269529,4,0
0,0,0,0,36,6,18563,112163,0,0,0,0,0,238862,5,0
0,0,0,0,28,7,18564,112163,0,0,0,0,0,224549,3,0
0,0,0,0,29,9,18565,112163,0,0,0,0,0,205331,3,0
0,0,0,0,10,11,18566,112163,0,0,0,0,0,221826,5,0
1,0,0,1,22,12,18567,112163,0,0,0,0,0,222440,4,0
4,0,0,1,7,16,18568,112163,0,0,0,0,0,271525,4,0
1,0,0,1,11,18,18569,112163,0,0,0,0,0,239148,5,0
4,0,0,1,45,25,18570,112163,0,0,0,0,0,254894,5,0
0,0,0,0,9,28,18571,112163,0,0,0,0,0,191569,3,0
0,0,0,0,17,28,18572,112163,0,0,0,0,0,227939,3,0
0,0,0,0,8,28,18573,112163,0,0,0,0,0,193713,4,0
0,0,0,0,26,28,18574,112163,0,0,0,0,0,222192,3,0
0,0,0,0,33,28,18575,112163,0,0,0,0,0,269536,3,0
0,0,0,0,6,28,18576,112163,0,0,0,0,0,242414,3,0
0,0,0,0,20,28,18577,112163,0,0,0,0,0,269539,4,0
0,0,0,0,5,28,18578,112163,0,0,0,0,0,269530,3,0
1,0,0,1,31,28,18579,112163,0,0,0,0,0,191860,3,0
0,0,0,0,14,28,18580,112163,0,0,0,0,0,233945,3,0
0,0,0,0,18,28,18581,112163,0,0,0,0,0,269538,3,0
0,0,0,0,3,28,18582,112163,0,0,0,0,0,233947,3,0
0,0,0,0,4,29,18583,112163,0,0,0,0,0,222344,3,0
0,0,0,0,23,29,18584,112163,0,0,0,0,0,269541,3,0
0,0,0,0,15,29,18585,112163,0,0,0,0,0,275670,3,0
0,0,0,0,32,29,18586,112163,0,0,0,0,0,275673,3,0
0,0,0,0,27,29,18587,112163,0,0,0,0,0,253679,3,0
0,0,0,0,39,29,18588,112163,0,0,0,0,0,277782,3,0
0,0,0,0,21,29,18589,112163,0,0,0,0,0,277783,3,0
0,0,0,0,1,0,18590,112540,0,0,0,0,0,224599,2,0
2,0,0,1,4,3,18591,112540,0,0,0,0,0,224604,2,0
0,0,0,0,3,4,18592,112540,0,0,0,0,0,200741,2,0
1,0,0,0,5,6,18593,112540,0,0,0,0,0,200672,3,0
0,0,0,0,32,7,18594,112540,0,0,0,0,0,243100,4,0
12,1,0,1,7,23,18595,112540,0,0,0,1,0,221445,5,0
1,0,0,0,18,13,18596,112540,0,0,0,0,0,215791,3,0
0,0,0,0,22,14,18597,112540,0,0,0,0,0,70832,3,0
3,0,0,1,8,15,18598,112540,0,0,0,0,0,188152,5,0
5,0,0,1,10,27,18599,112540,0,0,0,0,0,228819,5,0
7,1,0,1,9,25,18600,112540,0,0,0,0,0,222729,5,0
0,0,0,0,14,28,18601,112540,0,0,0,0,0,224616,3,0
0,0,0,0,16,28,18602,112540,0,0,0,0,0,231954,3,0
1,0,0,0,2,28,18603,112540,0,0,0,0,0,224690,3,0
0,0,0,0,19,28,18604,112540,0,0,0,0,0,257523,4,0
0,0,0,0,12,28,18605,112540,0,0,0,0,0,241327,3,0
0,0,0,0,27,28,18606,112540,0,0,0,0,0,226197,3,0
0,0,0,0,11,28,18607,112540,0,0,0,0,0,224611,3,0
0,0,0,0,25,28,18608,112540,0,0,0,0,0,222621,3,0
0,0,0,0,23,28,18609,112540,0,0,0,0,0,224624,3,0
0,0,0,0,28,28,18610,112540,0,0,0,0,0,224633,3,0
0,0,0,0,17,28,18611,112540,0,0,0,0,0,255417,3,0
0,0,0,0,21,28,18612,112540,0,0,0,0,0,241485,3,0
0,0,0,0,33,29,18613,112540,0,0,0,0,0,261947,2,0
0,0,0,0,41,29,18614,112540,0,0,0,0,0,269113,3,0
0,0,0,0,20,29,18615,112540,0,0,0,0,0,224631,3,0
0,0,0,0,13,29,18616,112540,0,0,0,0,0,241328,1,0
0,0,0,0,45,29,18617,112540,0,0,0,0,0,275652,3,0
0,0,0,0,6,29,18618,112540,0,0,0,0,0,224608,3,0
0,0,0,0,31,29,18619,112540,0,0,0,0,0,71426,3,0
0,0,0,0,37,29,18620,112540,0,0,0,0,0,269110,3,0
0,0,0,0,43,29,18621,112540,0,0,0,0,0,272559,3,0
0,0,0,0,38,29,18622,112540,0,0,0,0,0,272738,3,0
0,0,0,0,23,0,18623,112979,0,0,0,0,0,241317,3,0
0,0,0,0,4,3,18624,112979,0,0,0,0,0,251586,4,0
0,0,0,0,5,4,18625,112979,0,0,0,0,0,273646,4,0
1,0,0,1,20,6,18626,112979,0,0,0,0,0,232558,3,0
1,0,0,1,34,7,18627,112979,0,0,0,0,0,226186,5,0
0,0,0,0,17,12,18628,112979,0,0,0,0,0,275304,3,0
2,0,0,1,25,13,18629,112979,0,0,0,0,0,224687,2,0
0,0,0,0,16,15,18630,112979,0,0,0,0,0,276523,4,0
0,0,0,0,29,16,18631,112979,0,0,0,0,0,275190,4,0
4,0,0,1,9,24,18632,112979,0,0,0,0,0,239545,5,0
0,0,0,0,7,26,18633,112979,0,0,0,0,0,70549,2,0
0,0,0,0,6,28,18634,112979,0,0,0,0,0,216741,3,0
0,0,0,0,38,28,18635,112979,0,0,0,0,0,269033,3,0
0,0,0,0,15,28,18636,112979,0,0,0,0,0,233405,3,0
0,0,0,0,3,28,18637,112979,0,0,0,0,0,224691,3,0
0,0,0,0,14,28,18638,112979,0,0,0,0,0,239857,3,0
1,0,0,1,10,28,18639,112979,0,0,0,0,0,207740,3,0
1,0,0,1,11,28,18640,112979,0,0,0,0,0,71076,4,0
0,0,0,0,1,28,18641,112979,0,0,0,0,0,226183,3,0
1,0,0,1,26,28,18642,112979,0,0,0,0,0,275189,3,0
0,0,0,0,18,28,18643,112979,0,0,0,0,0,241331,2,0
0,0,0,0,31,28,18644,112979,0,0,0,0,0,269124,3,0
0,0,0,0,36,28,18645,112979,0,0,0,0,0,273645,3,0
0,0,0,0,2,29,18646,112979,0,0,0,0,0,241621,3,0
0,0,0,0,39,29,18647,112979,0,0,0,0,0,71578,3,0
0,0,0,0,13,29,18648,112979,0,0,0,0,0,71577,2,0
0,0,0,0,14,0,18649,112985,0,0,0,0,0,221844,5,0
0,0,0,0,17,3,18650,112985,0,0,0,0,0,253739,3,0
0,0,0,0,36,4,18651,112985,0,0,0,0,0,191857,3,0
1,0,0,1,3,5,18652,112985,0,0,0,0,0,190276,5,0
0,0,0,0,15,6,18653,112985,0,0,0,0,0,227970,3,0
0,0,0,0,32,7,18654,112985,0,0,0,0,0,71394,3,0
5,0,0,1,10,12,18655,112985,0,0,0,0,0,257518,4,0
0,0,0,0,19,13,18656,112985,0,0,0,0,0,210870,3,0
1,0,0,1,8,15,18657,112985,0,0,0,0,0,233451,3,0
2,0,0,1,31,16,18658,112985,0,0,0,0,0,224108,3,0
6,1,0,1,9,25,18659,112985,0,0,0,0,0,203276,3,0
0,0,0,0,11,28,18660,112985,0,0,0,0,0,261917,3,0
0,0,0,0,18,28,18661,112985,0,0,0,0,0,261896,3,0
0,0,0,0,5,28,18662,112985,0,0,0,0,0,241338,3,0
0,0,0,0,13,28,18663,112985,0,0,0,0,0,261921,3,0
0,0,0,0,29,28,18664,112985,0,0,0,0,0,183031,3,0
0,0,0,0,7,28,18665,112985,0,0,0,0,0,224615,3,0
0,0,0,0,23,28,18666,112985,0,0,0,0,0,233391,3,0
0,0,0,0,27,28,18667,112985,0,0,0,0,0,253681,3,0
0,0,0,0,20,28,18668,112985,0,0,0,0,0,248222,3,0
0,0,0,0,26,28,18669,112985,0,0,0,0,0,257934,3,0
0,0,0,0,22,28,18670,112985,0,0,0,0,0,275174,3,0
0,0,0,0,1,28,18671,112985,0,0,0,0,0,259003,3,0
0,0,0,0,33,29,18672,112985,0,0,0,0,0,261945,3,0
0,0,0,0,16,29,18673,112985,0,0,0,0,0,222199,3,0
0,0,0,0,37,29,18674,112985,0,0,0,0,0,279550,3,0
0,0,0,0,35,29,18675,112985,0,0,0,0,0,277702,3,0
0,0,0,0,18,0,18676,114628,0,0,0,0,0,182451,4,0
0,0,0,0,29,3,18677,114628,0,0,0,0,0,271526,2,0
0,0,0,0,3,4,18678,114628,0,0,0,0,0,233449,2,0
0,0,0,0,6,5,18679,114628,0,0,0,0,0,231956,2,0
0,0,0,0,11,6,18680,114628,0,0,0,0,0,70550,3,0
0,0,0,0,15,7,18681,114628,0,0,0,0,0,232888,2,0
0,0,0,0,16,23,18682,114628,0,0,0,0,0,221815,3,0
0,0,0,0,30,13,18683,114628,0,0,0,0,0,222173,3,0
2,0,0,1,27,15,18684,114628,0,0,0,0,0,221888,4,0
1,0,0,1,7,27,18685,114628,0,0,0,0,0,226296,4,0
2,0,0,1,8,25,18686,114628,0,0,0,0,0,276524,2,0
0,0,0,0,25,28,18687,114628,0,0,0,0,0,268286,2,0
0,0,0,0,10,28,18688,114628,0,0,0,0,0,224669,3,0
0,0,0,0,13,28,18689,114628,0,0,0,0,0,222174,4,0
0,0,0,0,31,28,18690,114628,0,0,0,0,0,224556,1,0
0,0,0,0,41,28,18691,114628,0,0,0,0,0,240704,3,0
2,0,0,1,9,28,18692,114628,0,0,0,0,0,70548,3,0
0,0,0,0,14,28,18693,114628,0,0,0,0,0,272759,3,0
0,0,0,0,5,28,18694,114628,0,0,0,0,0,276571,2,0
0,0,0,0,12,28,18695,114628,0,0,0,0,0,243097,3,0
0,0,0,0,38,28,18696,114628,0,0,0,0,0,269017,3,0
0,0,0,0,17,28,18697,114628,0,0,0,0,0,222175,3,0
1,0,0,1,20,28,18698,114628,0,0,0,0,0,224674,4,0
0,0,0,0,35,29,18699,114628,0,0,0,0,0,269526,3,0
0,0,0,0,1,29,18700,114628,0,0,0,0,0,269514,3,0
0,0,0,0,42,29,18701,114628,0,0,0,0,0,272806,3,0
0,0,0,0,36,29,18702,114628,0,0,0,0,0,269527,3,0
0,0,0,0,33,0,18703,116360,0,0,0,0,0,233668,3,0
0,0,0,0,3,3,18704,116360,0,0,0,0,0,241252,3,0
0,0,0,0,23,4,18705,116360,0,0,0,0,0,255632,2,0
1,0,0,0,4,5,18706,116360,0,0,0,0,0,209839,2,0
0,0,0,0,28,6,18707,116360,0,0,0,0,0,241318,4,0
1,0,0,0,11,7,18708,116360,0,0,0,0,0,264009,4,0
4,0,0,1,7,23,18709,116360,0,0,0,0,0,223344,4,0
2,0,0,1,8,13,18710,116360,0,0,0,0,0,208480,5,0
0,0,0,0,25,15,18711,116360,0,0,0,0,0,221847,3,0
2,0,0,1,18,27,18712,116360,0,0,0,0,0,232710,3,0
6,1,0,1,21,25,18713,116360,0,0,0,0,0,244723,4,0
0,0,0,0,15,28,18714,116360,0,0,0,0,0,247677,3,0
0,0,0,0,20,28,18715,116360,0,0,0,0,0,222278,4,0
0,0,0,0,26,28,18716,116360,0,0,0,0,0,269481,3,0
0,0,0,0,5,28,18717,116360,0,0,0,0,0,240472,2,0
0,0,0,0,1,28,18718,116360,0,0,0,0,0,192120,3,0
0,0,0,0,9,28,18719,116360,0,0,0,0,0,192598,3,0
2,0,0,1,10,28,18720,116360,0,0,0,0,0,226096,5,0
1,0,0,0,22,28,18721,116360,0,0,0,0,0,253518,3,0
0,0,0,0,39,28,18722,116360,0,0,0,0,0,224562,4,0
0,0,0,0,37,28,18723,116360,0,0,0,0,0,247707,3,0
0,0,0,0,29,28,18724,116360,0,0,0,0,0,269484,3,0
0,0,0,0,27,28,18725,116360,0,0,0,0,0,242874,2,0
1,0,0,0,24,29,18726,116360,0,0,0,0,0,275319,4,0
0,0,0,0,36,29,18727,116360,0,0,0,0,0,261932,3,0
1,0,0,0,17,29,18728,116360,0,0,0,0,0,243112,3,0
0,0,0,0,19,29,18729,116360,0,0,0,0,0,225740,3,0
0,0,0,0,6,29,18730,116360,0,0,0,0,0,186230,3,0
0,0,0,0,2,29,18731,116360,0,0,0,0,0,269476,3,0
0,0,0,0,16,29,18732,116360,0,0,0,0,0,275318,2,0
0,0,0,0,35,29,18733,116360,0,0,0,0,0,275322,3,0
0,0,0,0,30,29,18734,116360,0,0,0,0,0,275320,3,0
0,0,0,0,32,0,18735,116361,0,0,0,0,0,224702,5,0
2,0,0,1,25,3,18736,116361,0,0,0,0,0,237010,4,0
0,0,0,0,2,4,18737,116361,0,0,0,0,0,227740,3,0
0,0,0,0,5,6,18738,116361,0,0,0,0,0,212912,4,0
2,0,0,1,4,7,18739,116361,0,0,0,0,0,222273,3,0
0,0,0,0,7,12,18740,116361,0,0,0,0,0,248376,4,0
0,0,0,0,21,13,18741,116361,0,0,0,0,0,224470,2,0
0,0,0,0,12,15,18742,116361,0,0,0,0,0,224685,3,0
0,0,0,0,11,16,18743,116361,0,0,0,0,0,229947,3,0
7,1,0,1,9,24,18744,116361,0,0,0,0,0,257703,3,0
1,0,0,1,37,26,18745,116361,0,0,0,0,0,263789,4,0
0,0,0,0,8,28,18746,116361,0,0,0,0,0,239609,2,0
1,0,0,1,19,28,18747,116361,0,0,0,0,0,242877,2,0
0,0,0,0,41,28,18748,116361,0,0,0,0,0,269552,3,0
0,0,0,0,18,28,18749,116361,0,0,0,0,0,241334,3,0
0,0,0,0,45,28,18750,116361,0,0,0,0,0,275667,3,0
0,0,0,0,10,28,18751,116361,0,0,0,0,0,221856,3,0
1,0,0,1,28,28,18752,116361,0,0,0,0,0,264029,3,0
0,0,0,0,23,28,18753,116361,0,0,0,0,0,222235,5,0
0,0,0,0,31,28,18754,116361,0,0,0,0,0,261941,3,0
0,0,0,0,1,28,18755,116361,0,0,0,0,0,261931,3,0
0,0,0,0,17,28,18756,116361,0,0,0,0,0,252517,3,0
0,0,0,0,20,28,18757,116361,0,0,0,0,0,269027,3,0
0,0,0,0,42,29,18758,116361,0,0,0,0,0,275663,3,0
0,0,0,0,16,29,18759,116361,0,0,0,0,0,269551,3,0
0,0,0,0,33,29,18760,116361,0,0,0,0,0,269547,3,0
0,0,0,0,6,29,18761,116361,0,0,0,0,0,261946,3,0
0,0,0,0,40,29,18762,116361,0,0,0,0,0,71393,2,0
0,0,0,0,15,29,18763,116361,0,0,0,0,0,269549,3,0
0,0,0,0,43,29,18764,116361,0,0,0,0,0,275666,4,0
0,0,0,0,36,29,18765,116361,0,0,0,0,0,275662,3,0
0,0,0,0,13,29,18766,116361,0,0,0,0,0,269008,3,0
0,0,0,0,38,29,18767,116361,0,0,0,0,0,71983,3,0
0,0,0,0,39,29,18768,116361,0,0,0,0,0,72003,3,0
0,0,0,0,28,0,18769,131173,0,0,0,0,0,248221,3,0
0,0,0,0,16,3,18770,131173,0,0,0,0,0,239859,3,0
1,0,0,1,3,4,18771,131173,0,0,0,0,0,238103,3,0
0,0,0,0,4,6,18772,131173,0,0,0,0,0,71405,3,0
1,0,0,1,24,7,18773,131173,0,0,0,0,0,224630,3,0
0,0,0,0,32,10,18774,131173,0,0,0,0,0,235139,3,0
0,0,0,0,17,12,18775,131173,0,0,0,0,0,241312,3,0
0,0,0,0,20,13,18776,131173,0,0,0,0,0,210016,3,0
0,0,0,0,7,15,18777,131173,0,0,0,0,0,244517,5,0
1,0,0,1,10,16,18778,131173,0,0,0,0,0,235462,4,0
1,0,0,1,11,25,18779,131173,0,0,0,0,0,71406,4,0
0,0,0,0,19,28,18780,131173,0,0,0,0,0,232258,3,0
0,0,0,0,38,28,18781,131173,0,0,0,0,0,252332,3,0
0,0,0,0,30,28,18782,131173,0,0,0,0,0,224675,3,0
0,0,0,0,12,28,18783,131173,0,0,0,0,0,255597,3,0
0,0,0,0,1,28,18784,131173,0,0,0,0,0,275474,3,0
0,0,0,0,18,28,18785,131173,0,0,0,0,0,226848,3,0
2,0,0,1,25,28,18786,131173,0,0,0,0,0,273039,5,0
0,0,0,0,33,28,18787,131173,0,0,0,0,0,222200,2,0
0,0,0,0,5,28,18788,131173,0,0,0,0,0,273007,2,0
0,0,0,0,21,28,18789,131173,0,0,0,0,0,182118,3,0
0,0,0,0,8,28,18790,131173,0,0,0,0,0,242875,3,0
0,0,0,0,29,28,18791,131173,0,0,0,0,0,247720,3,0
0,0,0,0,27,29,18792,131173,0,0,0,0,0,182096,3,0
0,0,0,0,15,29,18793,131173,0,0,0,0,0,224668,3,0
0,0,0,0,22,29,18794,131173,0,0,0,0,0,182076,3,0
0,0,0,0,14,29,18795,131173,0,0,0,0,0,71444,3,0
0,0,0,0,6,29,18796,131173,0,0,0,0,0,273638,3,0
0,0,0,0,13,29,18797,131173,0,0,0,0,0,71445,3,0
0,0,0,0,13,0,18798,131487,0,0,0,0,0,272314,3,0
0,0,0,0,31,3,18799,131487,0,0,0,0,0,243105,3,0
0,0,0,0,15,4,18800,131487,0,0,0,0,0,224558,3,0
1,0,0,1,20,6,18801,131487,0,0,0,0,0,239581,3,0
1,0,0,1,16,7,18802,131487,0,0,0,0,0,70056,2,0
0,0,0,0,28,10,18803,131487,0,0,0,0,0,224701,3,0
0,0,0,0,21,12,18804,131487,0,0,0,0,0,235984,2,0
4,0,0,1,11,13,18805,131487,0,0,0,0,0,200294,3,0
0,0,0,0,33,15,18806,131487,0,0,0,0,0,222282,3,0
1,0,0,1,7,16,18807,131487,0,0,0,0,0,261756,5,0
2,0,0,1,9,25,18808,131487,0,0,0,0,0,189723,4,0
1,0,0,1,19,28,18809,131487,0,0,0,0,0,71469,3,0
0,0,0,0,6,28,18810,131487,0,0,0,0,0,224618,3,0
0,0,0,0,8,28,18811,131487,0,0,0,0,0,228018,3,0
1,0,0,1,2,28,18812,131487,0,0,0,0,0,224602,2,0
0,0,0,0,1,28,18813,131487,0,0,0,0,0,255601,3,0
0,0,0,0,3,28,18814,131487,0,0,0,0,0,241349,3,0
0,0,0,0,22,28,18815,131487,0,0,0,0,0,70055,3,0
0,0,0,0,10,28,18816,131487,0,0,0,0,0,228303,2,0
0,0,0,0,27,28,18817,131487,0,0,0,0,0,71471,3,0
0,0,0,0,24,28,18818,131487,0,0,0,0,0,278235,3,0
0,0,0,0,29,28,18819,131487,0,0,0,0,0,243106,3,0
0,0,0,0,4,28,18820,131487,0,0,0,0,0,241322,3,0
0,0,0,0,14,29,18821,131487,0,0,0,0,0,227969,3,0
0,0,0,0,5,29,18822,131487,0,0,0,0,0,257936,3,0
0,0,0,0,17,29,18823,131487,0,0,0,0,0,224686,3,0
0,0,0,0,30,29,18824,131487,0,0,0,0,0,71472,3,0
0,0,0,0,44,29,18825,131487,0,0,0,0,0,222349,2,0
0,0,0,0,1,0,18826,131488,0,0,0,0,0,269127,3,0
0,0,0,0,18,3,18827,131488,0,0,0,0,0,233719,2,0
0,0,0,0,33,4,18828,131488,0,0,0,0,0,206423,3,0
0,0,0,0,36,6,18829,131488,0,0,0,0,0,221972,3,0
0,0,0,0,3,7,18830,131488,0,0,0,0,0,224544,3,0
2,0,0,1,10,12,18831,131488,0,0,0,0,0,258731,2,0
0,0,0,0,8,13,18832,131488,0,0,0,0,0,241335,3,0
0,0,0,0,23,15,18833,131488,0,0,0,0,0,229882,4,0
1,0,0,1,39,16,18834,131488,0,0,0,0,0,241483,2,0
1,0,0,1,19,24,18835,131488,0,0,0,0,0,216793,3,0
2,0,0,1,11,26,18836,131488,0,0,0,0,0,188044,5,0
1,0,0,1,14,28,18837,131488,0,0,0,0,0,222432,3,0
0,0,0,0,30,28,18838,131488,0,0,0,0,0,261929,3,0
0,0,0,0,15,28,18839,131488,0,0,0,0,0,71448,3,0
0,0,0,0,6,28,18840,131488,0,0,0,0,0,224695,3,0
0,0,0,0,35,28,18841,131488,0,0,0,0,0,222274,3,0
3,0,0,1,9,28,18842,131488,0,0,0,0,0,235077,4,0
0,0,0,0,24,28,18843,131488,0,0,0,0,0,245039,4,0
0,0,0,0,17,28,18844,131488,0,0,0,0,0,194617,2,0
0,0,0,0,27,28,18845,131488,0,0,0,0,0,222181,3,0
0,0,0,0,13,28,18846,131488,0,0,0,0,0,243089,3,0
0,0,0,0,28,28,18847,131488,0,0,0,0,0,235220,3,0
1,0,0,1,16,28,18848,131488,0,0,0,0,0,264055,3,0
0,0,0,0,22,29,18849,131488,0,0,0,0,0,70064,3,0
0,0,0,0,5,29,18850,131488,0,0,0,0,0,70062,3,0
0,0,0,0,2,29,18851,131488,0,0,0,0,0,261926,3,0
0,0,0,0,7,29,18852,131488,0,0,0,0,0,279551,2,0
0,0,0,0,1,0,18853,27,0,0,0,0,0,211946,2,0
0,0,0,0,22,4,18854,27,0,0,0,0,0,242562,3,0
0,0,0,0,4,5,18855,27,0,0,0,0,0,224250,3,0
0,0,0,0,3,6,18856,27,0,0,0,0,0,202151,3,0
0,0,0,0,9,23,18857,27,0,0,0,0,0,246845,3,0
0,0,0,0,7,12,18858,27,0,0,0,0,1,211982,2,0
0,0,0,0,8,13,18859,27,0,0,0,0,0,246256,3,0
0,0,0,0,6,15,18860,27,0,0,0,0,0,243801,2,0
0,0,0,0,13,16,18861,27,0,0,0,0,0,262984,3,0
0,0,0,0,14,27,18862,27,0,0,0,0,0,229910,3,0
0,0,0,0,49,25,18863,27,0,0,0,0,0,247187,3,0
0,0,0,0,18,28,18864,27,0,0,0,0,0,253173,3,0
0,0,0,0,28,28,18865,27,0,0,0,0,1,232669,2,0
0,0,0,0,17,28,18866,27,0,0,0,0,0,244859,2,0
0,0,0,0,34,28,18867,27,0,0,0,0,0,260241,3,0
0,0,0,0,40,28,18868,27,0,0,0,0,0,226524,3,0
0,0,0,0,45,28,18869,27,0,0,0,0,0,244942,3,0
0,0,0,0,10,28,18870,27,0,0,0,0,0,243360,3,0
0,0,0,0,5,28,18871,27,0,0,0,0,0,222521,3,0
0,0,0,0,19,28,18872,27,0,0,0,0,0,238637,3,0
0,0,0,0,21,28,18873,27,0,0,0,0,0,244133,3,0
0,0,0,0,26,28,18874,27,0,0,0,0,0,224094,2,0
0,0,0,0,24,28,18875,27,0,0,0,0,0,223595,3,0
0,0,0,0,27,29,18876,27,0,0,0,0,0,251482,3,0
0,0,0,0,36,29,18877,27,0,0,0,0,0,276330,3,0
0,0,0,0,29,29,18878,27,0,0,0,0,0,270110,3,0
0,0,0,0,33,29,18879,27,0,0,0,0,0,276327,3,0
0,0,0,0,30,29,18880,27,0,0,0,0,0,269916,3,0
0,0,0,0,20,29,18881,27,0,0,0,0,0,239606,3,0
0,0,0,0,38,29,18882,27,0,0,0,0,0,276328,3,0
0,0,0,0,35,29,18883,27,0,0,0,0,0,276329,3,0
0,0,0,0,37,29,18884,27,0,0,0,0,0,274696,3,0
0,0,0,0,16,29,18885,27,0,0,0,0,0,200433,3,0
0,0,0,0,1,0,18886,33,0,0,0,0,0,243778,3,0
0,0,0,0,29,3,18887,33,0,0,0,0,0,243773,3,0
1,0,0,0,4,4,18888,33,0,0,0,0,0,238779,4,0
0,0,0,0,16,6,18889,33,0,0,0,0,0,224421,3,0
2,0,0,0,21,7,18890,33,0,0,0,0,0,251400,3,0
1,0,0,0,8,9,18891,33,0,0,0,0,0,211850,3,0
0,0,0,0,6,11,18892,33,0,0,0,0,0,223679,3,0
7,0,0,1,17,12,18893,33,0,0,0,0,0,238647,4,0
1,0,0,0,14,16,18894,33,0,0,0,0,0,263404,2,0
7,0,0,1,7,18,18895,33,0,0,0,0,0,243041,3,0
5,0,0,1,19,25,18896,33,0,0,0,0,1,262776,5,0
6,0,0,1,9,28,18897,33,0,0,0,0,0,246613,3,0
3,0,0,1,27,28,18898,33,0,0,0,0,1,275274,3,0
0,0,0,0,37,28,18899,33,0,0,0,0,0,225564,3,0
0,0,0,0,11,28,18900,33,0,0,0,0,0,251688,3,0
0,0,0,0,15,28,18901,33,0,0,0,0,0,276331,3,0
0,0,0,0,36,28,18902,33,0,0,0,0,0,204763,3,0
0,0,0,0,35,28,18903,33,0,0,0,0,0,270400,5,0
0,0,0,0,38,28,18904,33,0,0,0,0,0,276325,3,0
0,0,0,0,31,28,18905,33,0,0,0,0,0,251632,3,0
0,0,0,0,10,28,18906,33,0,0,0,0,0,240027,3,0
0,0,0,0,22,28,18907,33,0,0,0,0,0,220881,3,0
1,0,0,0,5,28,18908,33,0,0,0,0,0,212997,3,0
0,0,0,0,2,29,18909,33,0,0,0,0,0,256770,3,0
0,0,0,0,30,29,18910,33,0,0,0,0,0,258005,3,0
0,0,0,0,23,29,18911,33,0,0,0,0,0,270396,3,0
1,0,0,0,18,29,18912,33,0,0,0,0,0,276783,3,0
0,0,0,0,32,29,18913,33,0,0,0,0,0,70202,3,0
0,0,0,0,24,29,18914,33,0,0,0,0,0,276800,3,0
0,0,0,0,39,29,18915,33,0,0,0,0,0,70668,3,0
0,0,0,0,12,29,18916,33,0,0,0,0,0,269992,3,0
0,0,0,0,20,29,18917,33,0,0,0,0,0,72130,3,0
0,0,0,0,1,0,18918,159,0,0,0,0,0,257914,4,0
0,0,0,0,24,3,18919,159,0,0,0,0,0,259453,3,0
2,0,0,0,23,4,18920,159,0,0,0,0,0,243959,3,0
1,0,0,0,19,6,18921,159,0,0,0,0,0,257779,3,0
4,0,0,1,4,7,18922,159,0,0,0,0,0,276610,2,0
2,0,0,0,38,9,18923,159,0,0,0,0,0,270403,3,0
5,0,0,1,16,11,18924,159,0,0,0,0,0,231897,3,0
4,0,0,1,7,12,18925,159,0,0,0,0,0,234901,3,0
5,0,0,1,25,16,18926,159,0,0,0,0,0,264245,3,0
0,0,0,0,8,18,18927,159,0,0,0,0,0,235288,3,0
10,0,0,1,9,25,18928,159,0,0,0,0,0,192663,3,0
3,0,0,0,34,28,18929,159,0,0,0,0,0,232671,2,0
2,0,0,0,11,28,18930,159,0,0,0,0,0,244085,3,0
1,0,0,0,10,28,18931,159,0,0,0,0,0,248174,3,0
0,0,0,0,6,28,18932,159,0,0,0,0,0,242268,3,0
0,0,0,0,22,28,18933,159,0,0,0,0,0,253171,3,0
1,0,0,0,39,28,18934,159,0,0,0,0,0,243378,3,0
0,0,0,0,30,28,18935,159,0,0,0,0,0,276879,3,0
0,0,0,0,5,28,18936,159,0,0,0,0,0,244028,3,0
8,0,0,1,17,28,18937,159,0,0,0,0,0,239703,3,0
0,0,0,0,29,28,18938,159,0,0,0,0,0,276611,3,0
2,0,0,0,27,28,18939,159,0,0,0,0,0,255538,3,0
0,0,0,0,35,28,18940,159,0,0,0,0,0,279684,3,0
0,0,0,0,14,29,18941,159,0,0,0,0,0,272660,2,0
0,0,0,0,28,29,18942,159,0,0,0,0,0,277291,3,0
0,0,0,0,40,29,18943,159,0,0,0,0,0,277290,3,0
0,0,0,0,41,29,18944,159,0,0,0,0,0,278871,3,0
0,0,0,0,36,29,18945,159,0,0,0,0,0,279685,3,0
1,0,0,0,37,29,18946,159,0,0,0,0,0,233472,3,0
0,0,0,0,33,29,18947,159,0,0,0,0,0,71840,3,0
0,0,0,0,99,0,18948,162,0,0,0,0,0,72755,3,0
0,0,0,0,1,3,18949,162,0,0,0,0,0,72757,3,0
0,0,0,0,2,4,18950,162,0,0,0,0,0,241935,3,0
0,0,0,0,3,6,18951,162,0,0,0,0,0,223678,3,0
0,0,0,0,4,7,18952,162,0,0,0,0,0,224661,3,0
0,0,0,0,5,9,18953,162,0,0,0,0,0,244083,3,0
0,0,0,0,6,11,18954,162,0,0,0,0,0,258184,3,0
0,0,0,0,7,23,18955,162,0,0,0,0,0,221932,3,0
0,0,0,0,8,14,18956,162,0,0,0,0,0,224518,3,0
0,0,0,0,9,27,18957,162,0,0,0,0,0,244109,3,0
0,0,0,0,10,25,18958,162,0,0,0,0,0,211732,3,0
0,0,0,0,14,28,18959,162,0,0,0,0,0,255564,3,0
0,0,0,0,11,28,18960,162,0,0,0,0,0,239909,3,0
0,0,0,0,15,28,18961,162,0,0,0,0,0,257532,3,0
0,0,0,0,12,28,18962,162,0,0,0,0,0,243534,3,0
0,0,0,0,13,28,18963,162,0,0,0,0,0,244458,3,0
0,0,0,0,16,28,18964,162,0,0,0,0,0,244635,3,0
0,0,0,0,17,28,18965,162,0,0,0,0,0,256246,3,0
0,0,0,0,21,28,18966,162,0,0,0,0,0,216287,3,0
0,0,0,0,20,28,18967,162,0,0,0,0,0,216249,3,0
0,0,0,0,18,28,18968,162,0,0,0,0,0,72756,3,0
0,0,0,0,19,28,18969,162,0,0,0,0,0,72759,3,0
0,0,0,0,22,28,18970,162,0,0,0,0,0,262905,3,0
0,0,0,0,23,29,18971,162,0,0,0,0,0,72758,3,0
0,0,0,0,1,0,18972,172,0,0,0,0,0,211953,3,0
0,0,0,0,23,3,18973,172,0,0,0,0,0,211893,3,0
1,0,0,0,37,4,18974,172,0,0,0,0,0,270116,3,0
0,0,0,0,5,6,18975,172,0,0,0,0,0,238964,3,0
0,0,0,0,3,7,18976,172,0,0,0,0,0,275921,3,0
2,0,0,1,30,12,18977,172,0,0,0,0,0,234283,3,0
0,0,0,0,39,13,18978,172,0,0,0,0,0,252016,3,0
1,0,0,0,7,15,18979,172,0,0,0,0,0,268916,4,0
9,0,0,1,16,16,18980,172,0,0,0,0,1,276337,4,0
13,1,0,1,34,24,18981,172,0,0,0,0,1,257144,3,0
10,0,0,1,11,26,18982,172,0,0,0,0,0,203457,3,0
2,0,0,1,10,28,18983,172,0,0,0,0,0,205044,3,0
5,0,0,1,8,28,18984,172,0,0,0,0,0,211720,3,0
0,0,0,0,19,28,18985,172,0,0,0,0,0,211880,3,0
1,0,0,0,6,28,18986,172,0,0,0,0,0,276534,3,0
0,0,0,0,24,28,18987,172,0,0,0,0,0,277588,3,0
0,0,0,0,31,28,18988,172,0,0,0,0,0,276182,3,0
0,0,0,0,4,28,18989,172,0,0,0,0,0,204153,3,0
1,0,0,0,49,28,18990,172,0,0,0,0,0,277154,3,0
0,0,0,0,2,28,18991,172,0,0,0,0,0,258647,3,0
0,0,0,0,15,28,18992,172,0,0,0,0,0,276266,3,0
0,0,0,0,38,28,18993,172,0,0,0,0,0,258643,3,0
0,0,0,0,45,28,18994,172,0,0,0,0,0,276134,3,0
0,0,0,0,21,29,18995,172,0,0,0,0,0,276269,3,0
0,0,0,0,36,29,18996,172,0,0,0,0,0,276341,3,0
0,0,0,0,27,29,18997,172,0,0,0,0,0,277585,3,0
0,0,0,0,22,29,18998,172,0,0,0,0,0,277231,3,0
0,0,0,0,29,29,18999,172,0,0,0,0,0,278794,3,0
0,0,0,0,44,29,19000,172,0,0,0,0,0,258638,3,0
0,0,0,0,28,29,19001,172,0,0,0,0,0,71930,3,0
0,0,0,0,26,29,19002,172,0,0,0,0,0,276270,3,0
0,0,0,0,40,29,19003,172,0,0,0,0,0,258640,3,0
0,0,0,0,20,29,19004,172,0,0,0,0,0,277497,3,0
0,0,0,0,35,29,19005,172,0,0,0,0,0,276340,3,0
0,0,0,0,18,29,19006,172,0,0,0,0,0,279683,3,0
0,0,0,0,22,0,19007,487,0,0,0,0,0,208719,3,0
0,0,0,0,2,3,19008,487,0,0,0,0,0,234987,3,0
0,0,0,0,4,4,19009,487,0,0,0,0,0,250993,3,0
0,0,0,0,14,6,19010,487,0,0,0,0,0,219767,3,0
0,0,0,0,3,7,19011,487,0,0,0,0,0,263089,2,0
0,0,0,0,26,10,19012,487,0,0,0,0,0,229285,2,0
0,0,0,0,17,23,19013,487,0,0,0,0,0,248765,2,0
0,0,0,0,27,13,19014,487,0,0,0,0,0,239744,3,0
0,0,0,0,8,15,19015,487,0,0,0,0,0,183632,2,0
0,0,0,0,7,27,19016,487,0,0,0,0,0,244179,2,0
0,0,0,0,9,25,19017,487,0,0,0,0,0,250763,3,0
0,0,0,0,10,28,19018,487,0,0,0,0,0,213949,2,0
0,0,0,0,21,28,19019,487,0,0,0,0,0,261653,4,0
0,0,0,0,6,28,19020,487,0,0,0,0,0,239494,3,0
0,0,0,0,25,28,19021,487,0,0,0,0,0,245760,2,0
0,0,0,0,1,28,19022,487,0,0,0,0,0,236613,3,0
0,0,0,0,11,28,19023,487,0,0,0,0,0,253694,2,0
0,0,0,0,18,28,19024,487,0,0,0,0,1,263025,4,0
0,0,0,0,32,28,19025,487,0,0,0,0,0,270002,3,0
0,0,0,0,33,28,19026,487,0,0,0,0,0,199347,2,0
0,0,0,0,13,28,19027,487,0,0,0,0,0,262840,3,0
0,0,0,0,16,28,19028,487,0,0,0,0,0,257286,3,0
0,0,0,0,37,28,19029,487,0,0,0,0,0,224271,3,0
0,0,0,0,5,29,19030,487,0,0,0,0,0,222838,3,0
0,0,0,0,38,29,19031,487,0,0,0,0,0,268652,3,0
0,0,0,0,36,29,19032,487,0,0,0,0,0,275284,3,0
0,0,0,0,35,29,19033,487,0,0,0,0,0,270452,3,0
0,0,0,0,29,29,19034,487,0,0,0,0,0,262839,3,0
0,0,0,0,30,29,19035,487,0,0,0,0,0,266684,3,0
0,0,0,0,28,29,19036,487,0,0,0,0,0,276292,3,0
0,0,0,0,23,29,19037,487,0,0,0,0,0,202456,3,0
0,0,0,0,16,0,19038,492,0,0,0,0,0,208776,3,0
0,0,0,0,2,4,19039,492,0,0,0,0,0,202803,3,0
0,0,0,0,24,5,19040,492,0,0,0,0,0,228757,3,0
0,0,0,0,26,6,19041,492,0,0,0,0,0,243628,3,0
0,0,0,0,9,12,19042,492,0,0,0,0,0,241540,3,0
0,0,0,0,7,13,19043,492,0,0,0,0,0,269604,2,0
0,0,0,0,6,15,19044,492,0,0,0,0,0,233880,3,0
0,0,0,0,29,16,19045,492,0,0,0,0,0,261745,3,0
0,0,0,0,8,17,19046,492,0,0,0,0,0,257307,2,0
0,0,0,0,20,19,19047,492,0,0,0,0,0,276600,3,0
0,0,0,0,18,25,19048,492,0,0,0,0,0,271395,3,0
0,0,0,0,33,28,19049,492,0,0,0,0,0,262904,3,0
0,0,0,0,19,28,19050,492,0,0,0,0,0,240335,2,0
0,0,0,0,4,28,19051,492,0,0,0,0,0,218656,3,0
0,0,0,0,17,28,19052,492,0,0,0,0,0,245750,3,0
0,0,0,0,1,28,19053,492,0,0,0,0,0,251465,3,0
0,0,0,0,30,28,19054,492,0,0,0,0,0,225545,3,0
0,0,0,0,34,28,19055,492,0,0,0,0,0,246257,3,0
0,0,0,0,27,28,19056,492,0,0,0,0,0,234831,3,0
0,0,0,0,10,28,19057,492,0,0,0,0,0,247123,3,0
0,0,0,0,14,28,19058,492,0,0,0,0,0,259256,2,0
0,0,0,0,25,28,19059,492,0,0,0,0,0,269472,2,0
0,0,0,0,21,28,19060,492,0,0,0,0,0,236627,3,0
0,0,0,0,5,29,19061,492,0,0,0,0,0,229803,3,0
0,0,0,0,11,29,19062,492,0,0,0,0,0,241038,3,0
0,0,0,0,22,29,19063,492,0,0,0,0,0,263731,3,0
0,0,0,0,36,29,19064,492,0,0,0,0,0,271936,3,0
0,0,0,0,13,29,19065,492,0,0,0,0,0,189248,3,0
0,0,0,0,31,29,19066,492,0,0,0,0,0,276993,3,0
0,0,0,0,35,0,19067,503,0,0,0,0,0,238674,3,0
2,0,0,0,15,3,19068,503,0,0,0,0,0,262664,3,0
0,0,0,0,31,4,19069,503,0,0,0,0,0,262534,3,0
0,0,0,0,33,6,19070,503,0,0,0,0,0,239903,3,0
0,0,0,0,2,7,19071,503,0,0,0,0,0,252320,3,0
1,0,0,0,28,10,19072,503,0,0,0,0,0,246127,4,0
5,0,0,1,10,23,19073,503,0,0,0,0,0,273114,3,0
7,0,0,1,27,13,19074,503,0,0,0,0,1,234385,4,0
2,0,0,0,19,15,19075,503,0,0,0,0,0,262667,3,0
5,0,0,1,22,27,19076,503,0,0,0,0,0,262978,3,0
13,1,0,1,30,25,19077,503,0,0,0,0,1,216377,4,0
2,0,0,0,11,28,19078,503,0,0,0,0,0,224335,3,0
0,0,0,0,25,28,19079,503,0,0,0,0,0,264168,4,0
0,0,0,0,8,28,19080,503,0,0,0,0,0,243514,3,0
0,0,0,0,23,28,19081,503,0,0,0,0,0,239634,3,0
0,0,0,0,37,28,19082,503,0,0,0,0,0,222484,3,0
5,0,0,1,21,28,19083,503,0,0,0,0,0,261047,3,0
3,0,0,0,29,28,19084,503,0,0,0,0,0,257007,3,0
0,0,0,0,40,28,19085,503,0,0,0,0,0,276317,3,0
0,0,0,0,39,28,19086,503,0,0,0,0,0,251405,3,0
0,0,0,0,6,28,19087,503,0,0,0,0,0,274098,3,0
2,0,0,0,7,28,19088,503,0,0,0,0,0,209317,3,0
0,0,0,0,5,28,19089,503,0,0,0,0,0,231424,3,0
3,0,0,0,9,29,19090,503,0,0,0,0,0,189607,3,0
0,0,0,0,32,29,19091,503,0,0,0,0,0,71283,3,0
0,0,0,0,24,29,19092,503,0,0,0,0,0,277509,3,0
0,0,0,0,17,29,19093,503,0,0,0,0,0,270788,3,0
0,0,0,0,1,29,19094,503,0,0,0,0,0,258864,3,0
0,0,0,0,38,29,19095,503,0,0,0,0,0,70206,3,0
0,0,0,0,1,0,19096,506,0,0,0,0,0,182520,3,0
4,0,0,1,2,3,19097,506,0,0,0,0,0,269866,3,0
0,0,0,0,23,4,19098,506,0,0,0,0,0,239686,3,0
3,0,0,1,13,6,19099,506,0,0,0,0,0,245769,2,0
1,0,0,0,26,7,19100,506,0,0,0,0,0,236675,3,0
3,0,0,1,10,9,19101,506,0,0,0,0,0,219449,3,0
3,0,0,1,21,11,19102,506,0,0,0,0,1,258400,3,0
0,0,0,0,11,12,19103,506,0,0,0,0,0,258644,3,0
8,0,0,1,34,16,19104,506,0,0,0,0,1,216255,5,0
3,0,0,1,14,18,19105,506,0,0,0,0,0,205892,4,0
13,1,0,1,15,25,19106,506,0,0,0,0,0,238643,3,0
4,0,0,1,7,28,19107,506,0,0,0,0,1,275738,5,0
2,0,0,0,9,28,19108,506,0,0,0,0,0,261200,2,0
0,0,0,0,29,28,19109,506,0,0,0,0,0,260078,3,0
0,0,0,0,4,28,19110,506,0,0,0,0,0,271046,3,0
0,0,0,0,22,28,19111,506,0,0,0,0,0,271171,3,0
2,0,0,0,30,28,19112,506,0,0,0,0,0,211952,3,0
0,0,0,0,16,28,19113,506,0,0,0,0,0,272538,3,0
0,0,0,0,40,28,19114,506,0,0,0,0,0,262973,3,0
2,0,0,0,8,28,19115,506,0,0,0,0,0,270935,3,0
0,0,0,0,17,28,19116,506,0,0,0,0,0,276671,3,0
0,0,0,0,5,28,19117,506,0,0,0,0,0,224433,3,0
1,0,0,0,24,28,19118,506,0,0,0,0,0,229756,3,0
0,0,0,0,25,29,19119,506,0,0,0,0,0,248545,3,0
0,0,0,0,12,29,19120,506,0,0,0,0,0,264400,3,0
0,0,0,0,18,29,19121,506,0,0,0,0,0,71284,3,0
0,0,0,0,27,29,19122,506,0,0,0,0,0,71286,3,0
0,0,0,0,1,0,19123,523,0,0,0,0,0,252911,3,0
3,0,0,0,7,3,19124,523,0,0,0,0,1,234279,3,0
1,0,0,0,16,4,19125,523,0,0,0,0,0,205096,3,0
3,0,0,0,8,5,19126,523,0,0,0,0,0,203754,3,0
1,0,0,0,29,6,19127,523,0,0,0,0,0,225636,4,0
2,0,0,0,19,7,19128,523,0,0,0,0,0,191252,2,0
0,0,0,0,6,10,19129,523,0,0,0,0,0,237490,3,0
7,0,0,1,33,13,19130,523,0,0,0,0,0,260369,3,0
1,0,0,0,31,15,19131,523,0,0,0,0,0,224424,3,0
7,0,0,1,10,24,19132,523,0,0,0,0,0,256282,3,0
12,0,0,1,9,26,19133,523,0,0,0,0,0,242291,3,0
4,0,0,0,23,28,19134,523,0,0,0,0,0,260014,3,0
1,0,0,0,14,28,19135,523,0,0,0,0,0,199479,4,0
3,0,0,0,17,28,19136,523,0,0,0,0,1,265783,3,0
0,0,0,0,21,28,19137,523,0,0,0,0,0,270461,3,0
0,0,0,0,30,28,19138,523,0,0,0,0,0,218873,3,0
6,0,0,1,22,28,19139,523,0,0,0,0,1,255789,4,0
0,0,0,0,20,28,19140,523,0,0,0,0,0,225075,3,0
0,0,0,0,15,28,19141,523,0,0,0,0,0,229610,3,0
0,0,0,0,11,28,19142,523,0,0,0,0,0,223147,3,0
0,0,0,0,18,28,19143,523,0,0,0,0,0,270839,3,0
0,0,0,0,34,28,19144,523,0,0,0,0,0,262915,3,0
0,0,0,0,38,28,19145,523,0,0,0,0,0,277504,3,0
0,0,0,0,35,29,19146,523,0,0,0,0,0,278042,3,0
3,0,0,0,39,29,19147,523,0,0,0,0,0,244040,3,0
0,0,0,0,24,29,19148,523,0,0,0,0,0,223899,3,0
5,0,0,1,25,29,19149,523,0,0,0,0,0,278043,2,0
0,0,0,0,1,0,19150,526,0,0,0,0,0,269269,3,0
0,0,0,0,7,3,19151,526,0,0,0,0,0,204388,3,0
0,0,0,0,23,4,19152,526,0,0,0,0,0,269315,3,0
1,0,0,0,24,6,19153,526,0,0,0,0,0,236467,3,0
2,0,0,0,14,7,19154,526,0,0,0,0,0,260186,4,0
3,0,0,0,26,9,19155,526,0,0,0,0,0,239666,2,0
3,0,0,0,27,11,19156,526,0,0,0,0,0,262902,3,0
7,0,0,1,11,12,19157,526,0,0,0,0,0,261528,3,0
5,0,0,1,30,16,19158,526,0,0,0,0,0,239661,3,0
8,0,0,1,8,18,19159,526,0,0,0,0,0,269318,2,0
6,0,0,1,20,25,19160,526,0,0,0,0,0,270881,2,0
4,0,0,0,10,28,19161,526,0,0,0,0,0,208096,3,0
1,0,0,0,18,28,19162,526,0,0,0,0,0,269320,3,0
0,0,0,0,19,28,19163,526,0,0,0,0,0,251323,3,0
1,0,0,0,16,28,19164,526,0,0,0,0,0,269321,3,0
0,0,0,0,35,28,19165,526,0,0,0,0,0,265750,3,0
2,0,0,0,9,28,19166,526,0,0,0,0,0,261334,3,0
6,0,0,1,29,28,19167,526,0,0,0,0,0,260716,1,0
1,0,0,0,21,28,19168,526,0,0,0,0,0,269316,1,0
0,0,0,0,37,28,19169,526,0,0,0,0,0,264222,3,0
0,0,0,0,3,28,19170,526,0,0,0,0,0,256233,3,0
0,0,0,0,17,28,19171,526,0,0,0,0,0,244707,3,0
0,0,0,0,6,28,19172,526,0,0,0,0,0,238784,3,0
0,0,0,0,31,29,19173,526,0,0,0,0,0,204552,3,0
2,0,0,0,2,29,19174,526,0,0,0,0,0,269317,2,0
0,0,0,0,33,29,19175,526,0,0,0,0,0,279218,3,0
0,0,0,0,34,29,19176,526,0,0,0,0,0,70205,3,0
0,0,0,0,39,29,19177,526,0,0,0,0,0,71288,3,0
0,0,0,0,1,0,19178,1826,0,0,0,0,0,261449,3,0
0,0,0,0,30,3,19179,1826,0,0,0,0,0,72776,3,0
0,0,0,0,13,4,19180,1826,0,0,0,0,0,251295,3,0
0,0,0,0,15,6,19181,1826,0,0,0,0,0,268533,3,0
0,0,0,0,99,7,19182,1826,0,0,0,0,0,72780,3,0
0,0,0,0,17,9,19183,1826,0,0,0,0,0,257483,3,0
0,0,0,0,18,11,19184,1826,0,0,0,0,0,252592,3,0
0,0,0,0,7,12,19185,1826,0,0,0,0,0,211737,3,0
0,0,0,0,21,16,19186,1826,0,0,0,0,0,256289,3,0
0,0,0,0,24,24,19187,1826,0,0,0,0,0,72779,3,0
0,0,0,0,3,26,19188,1826,0,0,0,0,0,193057,3,0
0,0,0,0,16,28,19189,1826,0,0,0,0,0,237601,3,0
0,0,0,0,6,28,19190,1826,0,0,0,0,0,72777,3,0
0,0,0,0,5,28,19191,1826,0,0,0,0,0,72775,3,0
0,0,0,0,19,28,19192,1826,0,0,0,0,0,252031,3,0
0,0,0,0,33,28,19193,1826,0,0,0,0,0,72770,3,0
0,0,0,0,8,28,19194,1826,0,0,0,0,0,251440,3,0
0,0,0,0,4,28,19195,1826,0,0,0,0,0,262936,3,0
0,0,0,0,20,28,19196,1826,0,0,0,0,0,72772,3,0
0,0,0,0,29,28,19197,1826,0,0,0,0,0,72778,3,0
0,0,0,0,2,28,19198,1826,0,0,0,0,0,272452,3,0
0,0,0,0,9,28,19199,1826,0,0,0,0,0,72781,3,0
0,0,0,0,23,28,19200,1826,0,0,0,0,0,209994,3,0
0,0,0,0,1,0,19201,110178,0,0,0,0,0,229067,3,0
1,0,0,0,19,3,19202,110178,0,0,0,0,0,222773,3,0
0,0,0,0,2,4,19203,110178,0,0,0,0,0,234934,3,0
0,0,0,0,4,6,19204,110178,0,0,0,0,0,211723,1,0
2,0,0,0,3,7,19205,110178,0,0,0,0,0,240158,2,0
1,0,0,0,15,9,19206,110178,0,0,0,0,0,209485,2,0
3,0,0,0,26,11,19207,110178,0,0,0,0,0,251441,1,0
2,0,0,0,36,12,19208,110178,0,0,0,0,0,229923,1,0
4,0,0,1,11,16,19209,110178,0,0,0,0,0,276583,3,0
7,0,0,1,24,18,19210,110178,0,0,0,0,0,262384,1,0
4,0,0,1,23,25,19211,110178,0,0,0,0,0,193260,3,0
0,0,0,0,16,28,19212,110178,0,0,0,0,0,239351,3,0
1,0,0,0,5,28,19213,110178,0,0,0,0,0,253462,3,0
0,0,0,0,18,28,19214,110178,0,0,0,0,0,189388,2,0
0,0,0,0,31,28,19215,110178,0,0,0,0,0,248579,2,0
0,0,0,0,30,28,19216,110178,0,0,0,0,0,257637,2,0
8,0,0,1,17,28,19217,110178,0,0,0,0,2,242183,3,0
2,0,0,0,9,28,19218,110178,0,0,0,0,0,243357,3,0
6,0,0,1,10,28,19219,110178,0,0,0,0,0,179516,3,0
1,0,0,0,21,28,19220,110178,0,0,0,0,1,258637,3,0
2,0,0,0,14,28,19221,110178,0,0,0,0,0,260405,3,0
4,0,0,1,20,28,19222,110178,0,0,0,0,1,256460,3,0
3,0,0,0,6,28,19223,110178,0,0,0,0,0,270073,3,0
0,0,0,0,22,29,19224,110178,0,0,0,0,0,223823,3,0
0,0,0,0,32,29,19225,110178,0,0,0,0,0,277886,3,0
5,0,0,1,8,29,19226,110178,0,0,0,0,0,276399,1,0
0,0,0,0,35,29,19227,110178,0,0,0,0,0,276585,3,0
0,0,0,0,7,29,19228,110178,0,0,0,0,0,276584,2,0
0,0,0,0,27,29,19229,110178,0,0,0,0,0,275094,3,0
0,0,0,0,1,0,19230,110501,0,0,0,0,0,247479,4,0
0,0,0,0,21,3,19231,110501,0,0,0,0,0,243971,3,0
0,0,0,0,2,4,19232,110501,0,0,0,0,0,276283,3,0
2,0,0,0,16,6,19233,110501,0,0,0,0,0,238634,3,0
1,0,0,0,24,7,19234,110501,0,0,0,0,0,252902,3,0
5,0,0,1,23,10,19235,110501,0,0,0,0,0,241900,3,0
2,0,0,0,11,13,19236,110501,0,0,0,0,0,244091,3,0
1,0,0,0,5,15,19237,110501,0,0,0,0,0,229184,3,0
5,0,0,1,30,18,19238,110501,0,0,0,0,0,240891,3,0
12,0,0,1,13,24,19239,110501,0,0,0,0,2,258547,4,0
7,0,0,1,7,26,19240,110501,0,0,0,0,0,238953,3,0
2,0,0,0,28,28,19241,110501,0,0,0,0,0,244076,3,0
0,0,0,0,8,28,19242,110501,0,0,0,0,0,236832,3,0
0,0,0,0,10,28,19243,110501,0,0,0,0,0,235253,3,0
1,0,0,0,4,28,19244,110501,0,0,0,0,0,256275,3,0
0,0,0,0,25,28,19245,110501,0,0,0,0,0,238734,3,0
0,0,0,0,18,28,19246,110501,0,0,0,0,0,275464,3,0
0,0,0,0,6,28,19247,110501,0,0,0,0,0,257255,3,0
3,0,0,1,9,28,19248,110501,0,0,0,0,1,240329,4,0
0,0,0,0,29,28,19249,110501,0,0,0,0,0,259165,3,0
0,0,0,0,22,28,19250,110501,0,0,0,0,0,258003,3,0
1,0,0,0,33,28,19251,110501,0,0,0,0,0,251307,4,0
0,0,0,0,20,28,19252,110501,0,0,0,0,0,276281,3,0
0,0,0,0,14,29,19253,110501,0,0,0,0,0,244280,3,0
0,0,0,0,40,29,19254,110501,0,0,0,0,0,269958,3,0
0,0,0,0,12,29,19255,110501,0,0,0,0,0,278870,3,0
0,0,0,0,32,29,19256,110501,0,0,0,0,0,274489,3,0
0,0,0,0,26,29,19257,110501,0,0,0,0,0,71819,3,0
0,0,0,0,12,0,19258,110532,0,0,0,0,0,251298,4,0
0,0,0,0,24,3,19259,110532,0,0,0,0,0,229487,4,0
3,0,0,0,5,4,19260,110532,0,0,0,0,1,239181,5,0
2,0,0,0,18,6,19261,110532,0,0,0,0,0,206269,3,0
0,0,0,0,25,7,19262,110532,0,0,0,0,0,263138,3,0
4,0,0,1,8,9,19263,110532,0,0,0,0,0,239690,3,0
5,0,0,1,7,11,19264,110532,0,0,0,0,0,224395,4,0
4,0,0,1,11,12,19265,110532,0,0,0,0,0,256877,3,0
3,0,0,0,17,16,19266,110532,0,0,0,0,0,244188,2,0
3,0,0,0,33,18,19267,110532,0,0,0,0,0,204044,3,0
7,0,0,1,13,25,19268,110532,0,0,0,0,2,206408,5,0
2,0,0,0,21,28,19269,110532,0,0,0,0,0,243345,3,0
1,0,0,0,14,28,19270,110532,0,0,0,0,0,244708,3,0
0,0,0,0,3,28,19271,110532,0,0,0,0,0,201815,3,0
3,0,0,0,15,28,19272,110532,0,0,0,0,0,243738,3,0
0,0,0,0,30,28,19273,110532,0,0,0,0,0,263674,3,0
3,0,0,0,10,28,19274,110532,0,0,0,0,0,238686,3,0
2,0,0,0,36,28,19275,110532,0,0,0,0,0,236490,5,0
0,0,0,0,28,28,19276,110532,0,0,0,0,0,248230,3,0
5,0,0,1,32,28,19277,110532,0,0,0,0,2,274999,5,0
0,0,0,0,1,28,19278,110532,0,0,0,0,0,245176,3,0
0,0,0,0,20,28,19279,110532,0,0,0,0,0,276606,3,0
0,0,0,0,4,28,19280,110532,0,0,0,0,0,262926,3,0
3,0,0,0,19,29,19281,110532,0,0,0,0,0,258895,3,0
1,0,0,0,9,29,19282,110532,0,0,0,0,0,257341,3,0
0,0,0,0,26,29,19283,110532,0,0,0,0,0,277654,3,0
0,0,0,0,22,29,19284,110532,0,0,0,0,0,227977,3,0
0,0,0,0,27,29,19285,110532,0,0,0,0,0,276607,3,0
0,0,0,0,40,29,19286,110532,0,0,0,0,0,279676,3,0
0,0,0,0,1,0,19287,110645,0,0,0,0,0,251433,2,0
4,0,0,1,28,3,19288,110645,0,0,0,0,0,251500,3,0
5,0,0,1,3,4,19289,110645,0,0,0,0,0,217841,3,0
0,0,0,0,2,6,19290,110645,0,0,0,0,0,241995,3,0
0,0,0,0,37,7,19291,110645,0,0,0,0,0,259272,3,0
1,0,0,0,21,12,19292,110645,0,0,0,0,0,251370,3,0
0,0,0,0,16,13,19293,110645,0,0,0,0,0,269133,3,0
3,0,0,0,4,15,19294,110645,0,0,0,0,0,238684,4,0
3,0,0,0,7,16,19295,110645,0,0,0,0,0,216183,4,0
10,0,0,1,9,24,19296,110645,0,0,0,0,0,257236,2,0
13,1,0,1,30,26,19297,110645,0,0,0,0,0,240156,3,0
2,0,0,0,6,28,19298,110645,0,0,0,0,0,252861,3,0
2,0,0,0,13,28,19299,110645,0,0,0,0,0,268272,3,0
0,0,0,0,23,28,19300,110645,0,0,0,0,0,239182,3,0
0,0,0,0,5,28,19301,110645,0,0,0,0,0,70289,3,0
0,0,0,0,24,28,19302,110645,0,0,0,0,0,243736,3,0
2,0,0,0,18,28,19303,110645,0,0,0,0,0,258510,3,0
0,0,0,0,38,28,19304,110645,0,0,0,0,0,263359,2,0
0,0,0,0,27,28,19305,110645,0,0,0,0,0,70343,3,0
0,0,0,0,25,28,19306,110645,0,0,0,0,0,260822,3,0
0,0,0,0,15,28,19307,110645,0,0,0,0,0,238963,3,0
0,0,0,0,29,28,19308,110645,0,0,0,0,0,70740,3,0
0,0,0,0,20,28,19309,110645,0,0,0,0,0,279143,3,0
1,0,0,0,39,29,19310,110645,0,0,0,0,0,268429,3,0
0,0,0,0,35,29,19311,110645,0,0,0,0,0,279114,3,0
0,0,0,0,34,29,19312,110645,0,0,0,0,0,279600,3,0
4,0,0,1,10,29,19313,110645,0,0,0,0,0,243932,3,0
0,0,0,0,32,29,19314,110645,0,0,0,0,0,70501,3,0
1,0,0,0,19,29,19315,110645,0,0,0,0,0,239498,3,0
4,0,0,1,8,29,19316,110645,0,0,0,0,0,276320,3,0
1,0,0,0,33,29,19317,110645,0,0,0,0,0,275262,3,0
1,0,0,0,22,29,19318,110645,0,0,0,0,0,71178,3,0
0,0,0,0,31,0,19319,110676,0,0,0,0,0,266906,3,0
1,0,0,0,17,3,19320,110676,0,0,0,0,0,211825,3,0
1,0,0,0,23,4,19321,110676,0,0,0,0,0,262635,1,0
0,0,0,0,5,6,19322,110676,0,0,0,0,0,261437,3,0
0,0,0,0,3,7,19323,110676,0,0,0,0,0,264440,3,0
5,0,0,1,6,9,19324,110676,0,0,0,0,1,258550,4,0
2,0,0,0,8,11,19325,110676,0,0,0,0,0,263065,3,0
7,0,0,1,20,12,19326,110676,0,0,0,0,0,259627,3,0
9,0,0,1,27,16,19327,110676,0,0,0,0,0,270877,3,0
4,0,0,1,14,18,19328,110676,0,0,0,0,0,224597,2,0
4,0,0,1,22,25,19329,110676,0,0,0,0,0,251224,2,0
0,0,0,0,19,28,19330,110676,0,0,0,0,0,251823,3,0
1,0,0,0,9,28,19331,110676,0,0,0,0,0,273776,3,0
1,0,0,0,15,28,19332,110676,0,0,0,0,0,246328,3,0
0,0,0,0,39,28,19333,110676,0,0,0,0,0,269831,3,0
0,0,0,0,1,28,19334,110676,0,0,0,0,0,276353,3,0
3,0,0,0,10,28,19335,110676,0,0,0,0,0,264215,3,0
0,0,0,0,16,28,19336,110676,0,0,0,0,0,267475,3,0
1,0,0,0,13,28,19337,110676,0,0,0,0,0,269865,2,0
0,0,0,0,48,28,19338,110676,0,0,0,0,0,262707,3,0
1,0,0,0,37,28,19339,110676,0,0,0,0,0,268624,3,0
0,0,0,0,4,28,19340,110676,0,0,0,0,0,258913,3,0
1,0,0,0,11,28,19341,110676,0,0,0,0,0,257009,3,0
0,0,0,0,28,29,19342,110676,0,0,0,0,0,277184,3,0
0,0,0,0,33,29,19343,110676,0,0,0,0,0,276413,3,0
0,0,0,0,29,29,19344,110676,0,0,0,0,0,272601,3,0
0,0,0,0,43,29,19345,110676,0,0,0,0,0,71928,3,0
0,0,0,0,1,0,19346,110683,0,0,0,0,0,269560,3,0
0,0,0,0,2,3,19347,110683,0,0,0,0,0,72774,3,0
0,0,0,0,3,4,19348,110683,0,0,0,0,0,233969,3,0
0,0,0,0,4,6,19349,110683,0,0,0,0,0,72678,3,0
0,0,0,0,5,7,19350,110683,0,0,0,0,0,72679,3,0
0,0,0,0,6,9,19351,110683,0,0,0,0,0,72680,3,0
0,0,0,0,7,11,19352,110683,0,0,0,0,0,258179,3,0
0,0,0,0,8,12,19353,110683,0,0,0,0,0,72684,3,0
0,0,0,0,9,16,19354,110683,0,0,0,0,0,72773,3,0
0,0,0,0,10,24,19355,110683,0,0,0,0,0,72767,3,0
0,0,0,0,11,26,19356,110683,0,0,0,0,0,72687,3,0
0,0,0,0,14,28,19357,110683,0,0,0,0,0,72683,3,0
0,0,0,0,16,28,19358,110683,0,0,0,0,0,72681,3,0
0,0,0,0,13,28,19359,110683,0,0,0,0,0,72674,3,0
0,0,0,0,15,28,19360,110683,0,0,0,0,0,72768,3,0
0,0,0,0,12,28,19361,110683,0,0,0,0,0,267461,3,0
0,0,0,0,18,28,19362,110683,0,0,0,0,0,72685,3,0
0,0,0,0,17,28,19363,110683,0,0,0,0,0,72682,3,0
0,0,0,0,19,28,19364,110683,0,0,0,0,0,72677,3,0
0,0,0,0,20,28,19365,110683,0,0,0,0,0,72769,3,0
0,0,0,0,21,28,19366,110683,0,0,0,0,0,72675,3,0
0,0,0,0,28,0,19367,110697,0,0,0,0,0,72522,3,0
0,0,0,0,36,3,19368,110697,0,0,0,0,0,72524,3,0
0,0,0,0,5,4,19369,110697,0,0,0,0,0,70752,3,0
0,0,0,0,29,6,19370,110697,0,0,0,0,0,234416,3,0
0,0,0,0,21,7,19371,110697,0,0,0,0,0,263881,3,0
0,0,0,0,32,12,19372,110697,0,0,0,0,0,72420,3,0
0,0,0,0,7,13,19373,110697,0,0,0,0,0,263150,3,0
0,0,0,0,6,15,19374,110697,0,0,0,0,0,72530,3,0
0,0,0,0,38,16,19375,110697,0,0,0,0,0,72554,3,0
0,0,0,0,9,24,19376,110697,0,0,0,0,0,262005,3,0
0,0,0,0,25,26,19377,110697,0,0,0,0,0,72529,3,0
0,0,0,0,10,28,19378,110697,0,0,0,0,0,69987,3,0
0,0,0,0,13,28,19379,110697,0,0,0,0,0,263135,3,0
0,0,0,0,15,28,19380,110697,0,0,0,0,0,72531,3,0
0,0,0,0,22,28,19381,110697,0,0,0,0,0,245719,3,0
0,0,0,0,33,28,19382,110697,0,0,0,0,0,265440,3,0
0,0,0,0,26,28,19383,110697,0,0,0,0,0,72421,3,0
0,0,0,0,17,28,19384,110697,0,0,0,0,0,72547,3,0
0,0,0,0,11,28,19385,110697,0,0,0,0,0,72550,3,0
0,0,0,0,3,28,19386,110697,0,0,0,0,0,72525,3,0
0,0,0,0,42,28,19387,110697,0,0,0,0,0,72548,3,0
0,0,0,0,43,28,19388,110697,0,0,0,0,0,72553,3,0
0,0,0,0,2,28,19389,110697,0,0,0,0,0,272557,3,0
0,0,0,0,37,29,19390,110697,0,0,0,0,0,72552,3,0
0,0,0,0,20,29,19391,110697,0,0,0,0,0,273885,3,0
0,0,0,0,4,29,19392,110697,0,0,0,0,0,72526,3,0
0,0,0,0,1,0,19393,111239,0,0,0,0,0,234858,4,0
2,0,0,0,22,3,19394,111239,0,0,0,0,0,241967,4,0
1,0,0,0,16,4,19395,111239,0,0,0,0,0,257147,3,0
1,0,0,0,32,6,19396,111239,0,0,0,0,0,242383,4,0
1,0,0,0,23,7,19397,111239,0,0,0,0,1,262593,5,0
3,0,0,0,34,10,19398,111239,0,0,0,0,0,227932,4,0
7,0,0,1,29,12,19399,111239,0,0,0,0,0,244034,5,0
1,0,0,0,48,14,19400,111239,0,0,0,0,0,263275,3,0
6,0,0,1,8,16,19401,111239,0,0,0,0,1,264253,4,0
6,0,0,1,37,24,19402,111239,0,0,0,0,1,198019,5,0
18,1,0,1,7,26,19403,111239,0,0,0,1,0,276312,3,0
7,0,0,1,11,28,19404,111239,0,0,0,0,3,234631,5,0
0,0,0,0,21,28,19405,111239,0,0,0,0,0,211954,3,0
0,0,0,0,6,28,19406,111239,0,0,0,0,0,232643,3,0
0,0,0,0,27,28,19407,111239,0,0,0,0,0,274912,3,0
0,0,0,0,40,28,19408,111239,0,0,0,0,0,263780,3,0
2,0,0,0,31,28,19409,111239,0,0,0,0,0,277805,3,0
1,0,0,0,43,28,19410,111239,0,0,0,0,0,270554,3,0
4,0,0,0,20,28,19411,111239,0,0,0,0,0,230607,3,0
0,0,0,0,19,28,19412,111239,0,0,0,0,0,263874,3,0
2,0,0,0,10,28,19413,111239,0,0,0,0,0,225849,3,0
1,0,0,0,30,28,19414,111239,0,0,0,0,1,71287,4,0
0,0,0,0,45,28,19415,111239,0,0,0,0,0,250956,3,0
0,0,0,0,49,29,19416,111239,0,0,0,0,0,269135,3,0
0,0,0,0,25,29,19417,111239,0,0,0,0,0,263614,3,0
0,0,0,0,33,29,19418,111239,0,0,0,0,0,263616,3,0
0,0,0,0,28,29,19419,111239,0,0,0,0,0,244026,3,0
0,0,0,0,41,29,19420,111239,0,0,0,0,0,275198,3,0
0,0,0,0,46,29,19421,111239,0,0,0,0,0,270552,3,0
0,0,0,0,2,29,19422,111239,0,0,0,0,0,278190,3,0
0,0,0,0,38,29,19423,111239,0,0,0,0,0,279116,3,0
0,0,0,0,1,0,19424,114019,0,0,0,0,0,279949,3,0
0,0,0,0,99,3,19425,114019,0,0,0,0,0,27251,3,0
0,0,0,0,11,4,19426,114019,0,0,0,0,0,27252,3,0
0,0,0,0,12,6,19427,114019,0,0,0,0,0,27253,3,0
0,0,0,0,13,7,19428,114019,0,0,0,0,0,27254,3,0
0,0,0,0,7,9,19429,114019,0,0,0,0,0,279955,3,0
0,0,0,0,14,11,19430,114019,0,0,0,0,0,27264,3,0
0,0,0,0,15,17,19431,114019,0,0,0,0,0,27265,3,0
0,0,0,0,16,18,19432,114019,0,0,0,0,0,27266,3,0
0,0,0,0,3,19,19433,114019,0,0,0,0,0,279951,3,0
0,0,0,0,4,25,19434,114019,0,0,0,0,0,279952,3,0
0,0,0,0,2,28,19435,114019,0,0,0,0,0,279950,3,0
0,0,0,0,10,28,19436,114019,0,0,0,0,0,279958,3,0
0,0,0,0,6,28,19437,114019,0,0,0,0,0,279954,3,0
0,0,0,0,9,28,19438,114019,0,0,0,0,0,279957,3,0
0,0,0,0,5,28,19439,114019,0,0,0,0,0,279953,3,0
0,0,0,0,8,28,19440,114019,0,0,0,0,0,279956,3,0
0,0,0,0,17,28,19441,114019,0,0,0,0,0,27263,3,0
0,0,0,0,1,0,19442,113002,0,0,0,0,0,247504,3,0
4,0,0,1,2,3,19443,113002,0,0,0,0,0,227246,3,0
0,0,0,0,6,4,19444,113002,0,0,0,0,0,238257,3,0
1,0,0,0,5,6,19445,113002,0,0,0,0,0,227254,3,0
0,0,0,0,12,7,19446,113002,0,0,0,0,0,265247,3,0
0,0,0,0,11,23,19447,113002,0,0,0,0,0,257001,3,0
0,0,0,0,10,13,19448,113002,0,0,0,0,0,243404,3,0
0,0,0,0,4,14,19449,113002,0,0,0,0,0,242830,3,0
0,0,0,0,18,15,19450,113002,0,0,0,0,0,263011,3,0
0,0,0,0,9,27,19451,113002,0,0,0,0,0,257008,3,0
0,0,0,0,19,25,19452,113002,0,0,0,0,0,256489,3,0
0,0,0,0,7,28,19453,113002,0,0,0,0,0,245802,3,0
0,0,0,0,23,28,19454,113002,0,0,0,0,0,258980,3,0
0,0,0,0,22,28,19455,113002,0,0,0,0,0,265249,3,0
5,0,0,1,14,28,19456,113002,0,0,0,0,0,227255,3,0
0,0,0,0,21,28,19457,113002,0,0,0,0,0,247796,3,0
0,0,0,0,16,28,19458,113002,0,0,0,0,0,265273,3,0
0,0,0,0,8,28,19459,113002,0,0,0,0,0,246426,3,0
0,0,0,0,28,28,19460,113002,0,0,0,0,0,263007,3,0
3,0,0,1,26,28,19461,113002,0,0,0,0,0,227257,3,0
2,0,0,1,17,28,19462,113002,0,0,0,0,0,235659,3,0
0,0,0,0,15,28,19463,113002,0,0,0,0,0,263013,3,0
0,0,0,0,13,28,19464,113002,0,0,0,0,0,258979,3,0
0,0,0,0,16,0,19465,113003,0,0,0,0,0,246178,3,0
0,0,0,0,22,3,19466,113003,0,0,0,0,0,236428,3,0
0,0,0,0,2,4,19467,113003,0,0,0,0,0,227346,3,0
18,0,0,1,3,6,19468,113003,0,0,0,0,0,227316,3,0
0,0,0,0,7,7,19469,113003,0,0,0,0,0,233662,3,0
6,0,0,1,14,10,19470,113003,0,0,0,0,0,227318,3,0
2,0,0,1,11,23,19471,113003,0,0,0,0,0,227361,3,0
2,0,0,1,15,13,19472,113003,0,0,0,0,0,227353,3,0
0,0,0,0,8,15,19473,113003,0,0,0,0,0,237197,3,0
0,0,0,0,13,27,19474,113003,0,0,0,0,0,265674,3,0
53,1,0,1,9,25,19475,113003,0,0,0,0,0,227331,3,0
0,0,0,0,12,28,19476,113003,0,0,0,0,0,245697,3,0
0,0,0,0,6,28,19477,113003,0,0,0,0,0,227344,3,0
0,0,0,0,5,28,19478,113003,0,0,0,0,0,253469,3,0
0,0,0,0,20,28,19479,113003,0,0,0,0,0,256094,3,0
0,0,0,0,21,28,19480,113003,0,0,0,0,0,264895,3,0
0,0,0,0,24,28,19481,113003,0,0,0,0,0,246272,3,0
0,0,0,0,25,28,19482,113003,0,0,0,0,0,232202,3,0
0,0,0,0,1,28,19483,113003,0,0,0,0,0,241547,3,0
0,0,0,0,23,28,19484,113003,0,0,0,0,0,265905,3,0
0,0,0,0,17,28,19485,113003,0,0,0,0,0,241548,3,0
3,0,0,1,10,28,19486,113003,0,0,0,0,0,227350,3,0
0,0,0,0,19,28,19487,113003,0,0,0,0,0,265860,3,0
0,0,0,0,1,0,19488,113004,0,0,0,0,0,247789,3,0
0,0,0,0,14,3,19489,113004,0,0,0,0,0,264947,3,0
0,0,0,0,5,4,19490,113004,0,0,0,0,0,248715,3,0
1,0,0,0,3,6,19491,113004,0,0,0,0,0,226375,3,0
0,0,0,0,17,7,19492,113004,0,0,0,0,0,233838,3,0
0,0,0,0,4,9,19493,113004,0,0,0,0,0,247790,3,0
8,0,0,1,13,11,19494,113004,0,0,0,0,0,227327,3,0
0,0,0,0,19,12,19495,113004,0,0,0,0,0,248822,3,0
0,0,0,0,7,16,19496,113004,0,0,0,0,0,244302,3,0
2,0,0,1,20,18,19497,113004,0,0,0,0,0,233837,3,0
35,1,0,1,11,25,19498,113004,0,0,0,0,0,226302,3,0
0,0,0,0,16,28,19499,113004,0,0,0,0,0,239345,3,0
0,0,0,0,2,28,19500,113004,0,0,0,0,0,262093,3,0
0,0,0,0,23,28,19501,113004,0,0,0,0,0,238470,3,0
0,0,0,0,18,28,19502,113004,0,0,0,0,0,264901,3,0
0,0,0,0,21,28,19503,113004,0,0,0,0,0,258310,3,0
0,0,0,0,10,28,19504,113004,0,0,0,0,0,261773,3,0
0,0,0,0,9,28,19505,113004,0,0,0,0,0,265004,3,0
0,0,0,0,22,28,19506,113004,0,0,0,0,0,261740,3,0
0,0,0,0,15,28,19507,113004,0,0,0,0,0,247788,3,0
0,0,0,0,8,28,19508,113004,0,0,0,0,0,247791,3,0
0,0,0,0,6,28,19509,113004,0,0,0,0,0,248717,3,0
0,0,0,0,12,28,19510,113004,0,0,0,0,0,257530,3,0
0,0,0,0,23,0,19511,113007,0,0,0,0,0,244890,3,0
0,0,0,0,13,3,19512,113007,0,0,0,0,0,270329,3,0
0,0,0,0,6,4,19513,113007,0,0,0,0,0,227282,3,0
0,0,0,0,16,6,19514,113007,0,0,0,0,0,273275,3,0
0,0,0,0,19,7,19515,113007,0,0,0,0,0,273280,3,0
0,0,0,0,10,23,19516,113007,0,0,0,0,0,227102,3,0
0,0,0,0,18,13,19517,113007,0,0,0,0,0,239761,3,0
0,0,0,0,7,14,19518,113007,0,0,0,0,0,242896,3,0
0,0,0,0,11,15,19519,113007,0,0,0,0,0,227323,3,0
0,0,0,0,20,27,19520,113007,0,0,0,0,0,227101,3,0
0,0,0,0,14,25,19521,113007,0,0,0,0,0,227310,3,0
0,0,0,0,9,28,19522,113007,0,0,0,0,0,245821,3,0
0,0,0,0,17,28,19523,113007,0,0,0,0,0,264233,3,0
0,0,0,0,15,28,19524,113007,0,0,0,0,0,247535,3,0
0,0,0,0,5,28,19525,113007,0,0,0,0,0,265421,3,0
0,0,0,0,1,28,19526,113007,0,0,0,0,0,227368,3,0
0,0,0,0,22,28,19527,113007,0,0,0,0,0,266975,3,0
0,0,0,0,8,28,19528,113007,0,0,0,0,0,265280,3,0
0,0,0,0,12,28,19529,113007,0,0,0,0,0,258940,3,0
0,0,0,0,4,28,19530,113007,0,0,0,0,0,239756,3,0
0,0,0,0,3,28,19531,113007,0,0,0,0,0,273279,3,0
0,0,0,0,2,28,19532,113007,0,0,0,0,0,227366,3,0
0,0,0,0,21,28,19533,113007,0,0,0,0,0,270330,3,0
0,0,0,0,1,0,19534,113008,0,0,0,0,0,243379,3,0
0,0,0,0,14,3,19535,113008,0,0,0,0,0,247461,3,0
1,0,0,1,13,4,19536,113008,0,0,0,0,0,226979,3,0
0,0,0,0,6,6,19537,113008,0,0,0,0,0,226998,3,0
0,0,0,0,5,7,19538,113008,0,0,0,0,0,266939,3,0
0,0,0,0,23,10,19539,113008,0,0,0,0,0,226988,3,0
11,0,0,1,10,23,19540,113008,0,0,0,0,0,226973,3,0
0,0,0,0,20,13,19541,113008,0,0,0,0,0,263966,3,0
21,0,0,1,9,15,19542,113008,0,0,0,0,0,226987,3,0
0,0,0,0,18,27,19543,113008,0,0,0,0,0,227013,3,0
0,0,0,0,11,25,19544,113008,0,0,0,0,0,233364,3,0
0,0,0,0,8,28,19545,113008,0,0,0,0,0,227003,3,0
6,0,0,1,3,28,19546,113008,0,0,0,0,0,226991,3,0
0,0,0,0,4,28,19547,113008,0,0,0,0,0,239791,3,0
0,0,0,0,2,28,19548,113008,0,0,0,0,0,235585,3,0
0,0,0,0,12,28,19549,113008,0,0,0,0,0,246152,3,0
1,0,0,1,22,28,19550,113008,0,0,0,0,0,226985,3,0
0,0,0,0,16,28,19551,113008,0,0,0,0,0,263964,3,0
0,0,0,0,19,28,19552,113008,0,0,0,0,0,241491,3,0
0,0,0,0,25,28,19553,113008,0,0,0,0,0,272114,3,0
0,0,0,0,21,28,19554,113008,0,0,0,0,0,264058,3,0
0,0,0,0,7,28,19555,113008,0,0,0,0,0,258915,3,0
0,0,0,0,15,28,19556,113008,0,0,0,0,0,246153,3,0
0,0,0,0,1,0,19557,113009,0,0,0,0,0,226335,3,0
0,0,0,0,23,3,19558,113009,0,0,0,0,0,248343,3,0
0,0,0,0,4,4,19559,113009,0,0,0,0,0,267382,3,0
0,0,0,0,12,6,19560,113009,0,0,0,0,0,244045,3,0
0,0,0,0,3,7,19561,113009,0,0,0,0,0,273469,3,0
0,0,0,0,14,10,19562,113009,0,0,0,0,0,232074,3,0
0,0,0,0,11,23,19563,113009,0,0,0,0,0,264012,3,0
0,0,0,0,16,13,19564,113009,0,0,0,0,0,232075,3,0
3,0,0,1,10,15,19565,113009,0,0,0,0,0,231432,3,0
0,0,0,0,22,27,19566,113009,0,0,0,0,0,266928,3,0
71,1,0,1,13,25,19567,113009,0,0,0,1,0,226301,3,0
0,0,0,0,9,28,19568,113009,0,0,0,0,0,243769,3,0
17,0,0,1,19,28,19569,113009,0,0,0,0,0,226336,3,0
0,0,0,0,21,28,19570,113009,0,0,0,0,0,267223,3,0
0,0,0,0,8,28,19571,113009,0,0,0,0,0,271040,3,0
0,0,0,0,18,28,19572,113009,0,0,0,0,0,243775,3,0
0,0,0,0,2,28,19573,113009,0,0,0,0,0,232073,3,0
0,0,0,0,20,28,19574,113009,0,0,0,0,0,236642,3,0
0,0,0,0,7,28,19575,113009,0,0,0,0,0,264011,3,0
0,0,0,0,17,28,19576,113009,0,0,0,0,0,273466,3,0
1,0,0,1,6,28,19577,113009,0,0,0,0,0,236640,3,0
0,0,0,0,5,28,19578,113009,0,0,0,0,0,226177,3,0
0,0,0,0,15,28,19579,113009,0,0,0,0,0,266816,3,0
0,0,0,0,1,0,19580,113010,0,0,0,0,0,278967,3,0
0,0,0,0,3,4,19581,113010,0,0,0,0,0,241225,3,0
0,0,0,0,4,5,19582,113010,0,0,0,0,0,241224,3,0
0,0,0,0,14,6,19583,113010,0,0,0,0,0,227453,3,0
0,0,0,0,11,23,19584,113010,0,0,0,0,0,246059,3,0
0,0,0,0,5,12,19585,113010,0,0,0,0,0,72156,3,0
0,0,0,0,8,13,19586,113010,0,0,0,0,0,256840,3,0
0,0,0,0,16,15,19587,113010,0,0,0,0,0,227455,3,0
0,0,0,0,6,16,19588,113010,0,0,0,0,0,272522,3,0
0,0,0,0,7,27,19589,113010,0,0,0,0,0,228724,3,0
0,0,0,0,9,25,19590,113010,0,0,0,0,0,242806,3,0
0,0,0,0,2,28,19591,113010,0,0,0,0,0,267237,3,0
18,0,0,1,10,28,19592,113010,0,0,0,0,0,227457,3,0
0,0,0,0,18,28,19593,113010,0,0,0,0,0,272524,3,0
0,0,0,0,23,28,19594,113010,0,0,0,0,0,272523,3,0
0,0,0,0,12,28,19595,113010,0,0,0,0,0,254564,3,0
0,0,0,0,21,28,19596,113010,0,0,0,0,0,264626,3,0
0,0,0,0,15,28,19597,113010,0,0,0,0,0,278968,3,0
0,0,0,0,13,28,19598,113010,0,0,0,0,0,227454,3,0
0,0,0,0,17,28,19599,113010,0,0,0,0,0,261093,3,0
0,0,0,0,20,28,19600,113010,0,0,0,0,0,244285,3,0
0,0,0,0,22,28,19601,113010,0,0,0,0,0,264630,3,0
10,0,0,1,24,28,19602,113010,0,0,0,0,0,227452,3,0
0,0,0,0,1,0,19603,113011,0,0,0,0,0,258680,3,0
0,0,0,0,12,3,19604,113011,0,0,0,0,0,244064,3,0
0,0,0,0,2,4,19605,113011,0,0,0,0,0,246317,3,0
0,0,0,0,20,6,19606,113011,0,0,0,0,0,233756,3,0
0,0,0,0,31,7,19607,113011,0,0,0,0,0,267530,3,0
0,0,0,0,6,23,19608,113011,0,0,0,0,0,240714,3,0
0,0,0,0,14,13,19609,113011,0,0,0,0,0,233852,3,0
18,0,0,1,8,14,19610,113011,0,0,0,0,0,233747,3,0
9,0,0,1,10,15,19611,113011,0,0,0,0,0,233751,3,0
25,1,0,1,11,27,19612,113011,0,0,0,0,0,233748,3,0
0,0,0,0,7,25,19613,113011,0,0,0,0,0,240717,3,0
0,0,0,0,17,28,19614,113011,0,0,0,0,0,267531,3,0
0,0,0,0,22,28,19615,113011,0,0,0,0,0,233854,3,0
0,0,0,0,18,28,19616,113011,0,0,0,0,0,264875,3,0
0,0,0,0,5,28,19617,113011,0,0,0,0,0,253417,3,0
0,0,0,0,24,28,19618,113011,0,0,0,0,0,244058,3,0
0,0,0,0,21,28,19619,113011,0,0,0,0,0,265536,3,0
0,0,0,0,16,28,19620,113011,0,0,0,0,0,264876,3,0
0,0,0,0,13,28,19621,113011,0,0,0,0,0,240720,3,0
0,0,0,0,15,28,19622,113011,0,0,0,0,0,265408,3,0
0,0,0,0,23,28,19623,113011,0,0,0,0,0,271007,3,0
1,0,0,0,4,28,19624,113011,0,0,0,0,0,233757,3,0
26,1,0,1,9,28,19625,113011,0,0,0,0,0,233746,3,0
0,0,0,0,1,0,19626,113012,0,0,0,0,0,258789,3,0
0,0,0,0,2,3,19627,113012,0,0,0,0,0,253436,3,0
3,0,0,1,4,4,19628,113012,0,0,0,0,0,227190,3,0
0,0,0,0,5,6,19629,113012,0,0,0,0,0,227780,3,0
0,0,0,0,19,7,19630,113012,0,0,0,0,0,262457,3,0
0,0,0,0,18,23,19631,113012,0,0,0,0,0,269404,3,0
0,0,0,0,3,13,19632,113012,0,0,0,0,0,258576,3,0
5,0,0,1,11,15,19633,113012,0,0,0,0,0,227203,3,0
0,0,0,0,8,27,19634,113012,0,0,0,0,0,237288,3,0
0,0,0,0,6,18,19635,113012,0,0,0,0,0,241667,3,0
14,0,0,1,10,25,19636,113012,0,0,0,0,0,227192,3,0
0,0,0,0,9,28,19637,113012,0,0,0,0,0,233244,3,0
0,0,0,0,22,28,19638,113012,0,0,0,0,0,259372,3,0
0,0,0,0,15,28,19639,113012,0,0,0,0,0,264725,3,0
0,0,0,0,12,28,19640,113012,0,0,0,0,0,256303,3,0
0,0,0,0,23,28,19641,113012,0,0,0,0,0,268942,3,0
0,0,0,0,7,28,19642,113012,0,0,0,0,0,254096,3,0
0,0,0,0,24,28,19643,113012,0,0,0,0,0,271945,3,0
0,0,0,0,13,28,19644,113012,0,0,0,0,0,271943,3,0
0,0,0,0,16,28,19645,113012,0,0,0,0,0,268945,3,0
0,0,0,0,17,28,19646,113012,0,0,0,0,0,246774,3,0
0,0,0,0,14,28,19647,113012,0,0,0,0,0,266949,3,0
0,0,0,0,20,28,19648,113012,0,0,0,0,0,242797,3,0
0,0,0,0,1,0,19649,113984,0,0,0,0,0,245871,3,0
0,0,0,0,14,3,19650,113984,0,0,0,0,0,266393,3,0
0,0,0,0,5,4,19651,113984,0,0,0,0,0,245877,3,0
0,0,0,0,4,6,19652,113984,0,0,0,0,0,245875,3,0
0,0,0,0,2,7,19653,113984,0,0,0,0,0,246967,3,0
0,0,0,0,8,10,19654,113984,0,0,0,0,0,268488,3,0
0,0,0,0,11,23,19655,113984,0,0,0,0,0,265305,3,0
0,0,0,0,22,13,19656,113984,0,0,0,0,0,266603,3,0
0,0,0,0,15,15,19657,113984,0,0,0,0,0,245882,3,0
0,0,0,0,18,27,19658,113984,0,0,0,0,0,243403,3,0
0,0,0,0,20,25,19659,113984,0,0,0,0,0,265277,3,0
0,0,0,0,10,28,19660,113984,0,0,0,0,0,265274,3,0
0,0,0,0,13,28,19661,113984,0,0,0,0,0,278771,3,0
0,0,0,0,9,28,19662,113984,0,0,0,0,0,245879,3,0
0,0,0,0,3,28,19663,113984,0,0,0,0,0,245876,3,0
0,0,0,0,12,28,19664,113984,0,0,0,0,0,245892,3,0
0,0,0,0,19,28,19665,113984,0,0,0,0,0,273387,3,0
0,0,0,0,7,28,19666,113984,0,0,0,0,0,245884,3,0
0,0,0,0,16,28,19667,113984,0,0,0,0,0,245883,3,0
0,0,0,0,21,28,19668,113984,0,0,0,0,0,266451,3,0
0,0,0,0,17,28,19669,113984,0,0,0,0,0,245886,3,0
0,0,0,0,6,28,19670,113984,0,0,0,0,0,268486,3,0
0,0,0,0,23,28,19671,113984,0,0,0,0,0,277911,3,0
0,0,0,0,12,0,19672,113996,0,0,0,0,0,246379,3,0
0,0,0,0,4,3,19673,113996,0,0,0,0,0,269674,3,0
0,0,0,0,18,4,19674,113996,0,0,0,0,0,246357,3,0
0,0,0,0,6,6,19675,113996,0,0,0,0,0,246364,3,0
0,0,0,0,3,7,19676,113996,0,0,0,0,0,246361,3,0
0,0,0,0,7,12,19677,113996,0,0,0,0,0,269679,3,0
0,0,0,0,15,13,19678,113996,0,0,0,0,0,246359,3,0
0,0,0,0,8,15,19679,113996,0,0,0,0,0,269678,3,0
0,0,0,0,14,16,19680,113996,0,0,0,0,0,246373,3,0
0,0,0,0,10,24,19681,113996,0,0,0,0,0,248789,3,0
0,0,0,0,19,26,19682,113996,0,0,0,0,0,246358,3,0
0,0,0,0,9,28,19683,113996,0,0,0,0,0,269681,3,0
0,0,0,0,53,28,19684,113996,0,0,0,0,0,247768,3,0
0,0,0,0,31,28,19685,113996,0,0,0,0,0,246366,3,0
0,0,0,0,16,28,19686,113996,0,0,0,0,0,248786,3,0
0,0,0,0,1,28,19687,113996,0,0,0,0,0,246355,3,0
0,0,0,0,24,28,19688,113996,0,0,0,0,0,248785,3,0
0,0,0,0,21,28,19689,113996,0,0,0,0,0,276599,3,0
0,0,0,0,22,28,19690,113996,0,0,0,0,0,276569,3,0
0,0,0,0,11,28,19691,113996,0,0,0,0,0,269675,3,0
0,0,0,0,13,28,19692,113996,0,0,0,0,0,269680,3,0
0,0,0,0,17,28,19693,113996,0,0,0,0,0,269677,3,0
0,0,0,0,23,28,19694,113996,0,0,0,0,0,274557,3,0
0,0,0,0,1,0,19695,115682,0,0,0,0,0,261848,3,0
0,0,0,0,9,3,19696,115682,0,0,0,0,0,261831,3,0
0,0,0,0,19,4,19697,115682,0,0,0,0,0,261853,3,0
0,0,0,0,15,6,19698,115682,0,0,0,0,0,261829,3,0
0,0,0,0,3,7,19699,115682,0,0,0,0,0,268470,3,0
0,0,0,0,6,13,19700,115682,0,0,0,0,0,261843,3,0
0,0,0,0,14,14,19701,115682,0,0,0,0,0,261830,3,0
0,0,0,0,8,15,19702,115682,0,0,0,0,0,261838,3,0
0,0,0,0,20,18,19703,115682,0,0,0,0,0,261855,3,0
0,0,0,0,10,24,19704,115682,0,0,0,0,0,261852,3,0
0,0,0,0,23,26,19705,115682,0,0,0,0,0,261849,3,0
0,0,0,0,11,28,19706,115682,0,0,0,0,0,261835,3,0
0,0,0,0,13,28,19707,115682,0,0,0,0,0,261841,3,0
0,0,0,0,2,28,19708,115682,0,0,0,0,0,261858,3,0
0,0,0,0,4,28,19709,115682,0,0,0,0,0,261832,3,0
0,0,0,0,12,28,19710,115682,0,0,0,0,0,261834,3,0
0,0,0,0,16,28,19711,115682,0,0,0,0,0,261837,3,0
0,0,0,0,18,28,19712,115682,0,0,0,0,0,261842,3,0
0,0,0,0,22,28,19713,115682,0,0,0,0,0,261857,3,0
0,0,0,0,5,28,19714,115682,0,0,0,0,0,261833,3,0
0,0,0,0,17,28,19715,115682,0,0,0,0,0,263479,3,0
0,0,0,0,21,28,19716,115682,0,0,0,0,0,261844,3,0
0,0,0,0,7,28,19717,115682,0,0,0,0,0,268472,3,0
0,0,0,0,1,0,19718,116428,0,0,0,0,0,266553,3,0
0,0,0,0,20,3,19719,116428,0,0,0,0,0,266945,3,0
0,0,0,0,4,4,19720,116428,0,0,0,0,0,264886,3,0
0,0,0,0,6,6,19721,116428,0,0,0,0,0,269661,3,0
0,0,0,0,3,7,19722,116428,0,0,0,0,0,269659,3,0
0,0,0,0,8,12,19723,116428,0,0,0,0,0,264891,3,0
0,0,0,0,7,13,19724,116428,0,0,0,0,0,269663,3,0
0,0,0,0,15,15,19725,116428,0,0,0,0,0,264932,3,0
0,0,0,0,23,16,19726,116428,0,0,0,0,0,266384,3,0
0,0,0,0,2,24,19727,116428,0,0,0,0,0,265868,3,0
0,0,0,0,9,26,19728,116428,0,0,0,0,0,269666,3,0
0,0,0,0,10,28,19729,116428,0,0,0,0,0,265300,3,0
0,0,0,0,17,28,19730,116428,0,0,0,0,0,269665,3,0
0,0,0,0,18,28,19731,116428,0,0,0,0,0,269657,3,0
0,0,0,0,11,28,19732,116428,0,0,0,0,0,273209,3,0
0,0,0,0,12,28,19733,116428,0,0,0,0,0,269655,3,0
0,0,0,0,19,28,19734,116428,0,0,0,0,0,274381,3,0
0,0,0,0,22,28,19735,116428,0,0,0,0,0,269662,3,0
0,0,0,0,14,28,19736,116428,0,0,0,0,0,273211,3,0
0,0,0,0,5,28,19737,116428,0,0,0,0,0,277544,3,0
0,0,0,0,13,28,19738,116428,0,0,0,0,0,273210,3,0
0,0,0,0,16,28,19739,116428,0,0,0,0,0,273215,3,0
0,0,0,0,21,28,19740,116428,0,0,0,0,0,269668,3,0
0,0,0,0,13,0,19741,111629,0,0,0,0,0,253065,3,0
0,0,0,0,22,3,19742,111629,0,0,0,0,0,248264,3,0
0,0,0,0,5,4,19743,111629,0,0,0,0,0,271396,3,0
0,0,0,0,4,6,19744,111629,0,0,0,0,0,201362,3,0
0,0,0,0,17,7,19745,111629,0,0,0,0,0,228194,3,0
4,0,0,1,21,10,19746,111629,0,0,0,0,3,252088,3,0
5,0,0,1,11,12,19747,111629,0,0,0,0,0,248289,3,0
0,0,0,0,23,13,19748,111629,0,0,0,0,0,248177,3,0
0,0,0,0,7,15,19749,111629,0,0,0,0,0,217232,3,0
4,0,0,1,29,16,19750,111629,0,0,0,0,2,259560,3,0
8,0,0,1,10,25,19751,111629,0,0,0,0,1,256998,3,0
0,0,0,0,20,28,19752,111629,0,0,0,0,0,259106,3,0
0,0,0,0,28,28,19753,111629,0,0,0,0,0,216472,3,0
0,0,0,0,8,28,19754,111629,0,0,0,0,0,253031,3,0
0,0,0,0,12,28,19755,111629,0,0,0,0,0,247631,3,0
0,0,0,0,1,28,19756,111629,0,0,0,0,0,248301,3,0
0,0,0,0,9,28,19757,111629,0,0,0,0,0,189508,3,0
1,0,0,1,6,28,19758,111629,0,0,0,0,0,248268,3,0
0,0,0,0,25,28,19759,111629,0,0,0,0,0,273779,3,0
0,0,0,0,33,28,19760,111629,0,0,0,0,0,248263,3,0
1,0,0,1,82,28,19761,111629,0,0,0,0,0,278694,3,0
0,0,0,0,19,28,19762,111629,0,0,0,0,0,278259,3,0
0,0,0,0,37,28,19763,111629,0,0,0,0,0,271987,3,0
0,0,0,0,27,29,19764,111629,0,0,0,0,0,253029,3,0
0,0,0,0,30,29,19765,111629,0,0,0,0,0,278692,3,0
0,0,0,0,44,29,19766,111629,0,0,0,0,0,216154,3,0
1,0,0,1,91,29,19767,111629,0,0,0,0,0,199908,3,0
0,0,0,0,59,29,19768,111629,0,0,0,0,0,71127,3,0
0,0,0,0,50,29,19769,111629,0,0,0,0,0,70969,3,0
0,0,0,0,62,29,19770,111629,0,0,0,0,0,71438,3,0
1,0,0,1,84,29,19771,111629,1,0,0,0,1,70794,3,0
0,0,0,0,57,29,19772,111629,0,0,0,0,0,71946,3,0
0,0,0,0,75,29,19773,111629,0,0,0,0,0,72052,3,0
0,0,0,0,66,29,19774,111629,0,0,0,0,0,71942,3,0
0,0,0,0,70,29,19775,111629,0,0,0,0,0,72058,3,0
0,0,0,0,1,0,19776,111633,0,0,0,0,0,72929,3,0
0,0,0,0,2,3,19777,111633,0,0,0,0,0,259736,3,0
0,0,0,0,4,4,19778,111633,0,0,0,0,0,72924,3,0
0,0,0,0,5,6,19779,111633,0,0,0,0,0,72928,3,0
0,0,0,0,3,7,19780,111633,0,0,0,0,0,255856,3,0
0,0,0,0,6,10,19781,111633,0,0,0,0,0,259741,3,0
0,0,0,0,7,23,19782,111633,0,0,0,0,0,72926,3,0
0,0,0,0,8,13,19783,111633,0,0,0,0,0,259738,3,0
0,0,0,0,10,15,19784,111633,0,0,0,0,0,72927,3,0
0,0,0,0,11,27,19785,111633,0,0,0,0,0,72925,3,0
0,0,0,0,9,25,19786,111633,0,0,0,0,0,207600,3,0
0,0,0,0,13,28,19787,111633,0,0,0,0,0,248332,3,0
0,0,0,0,14,28,19788,111633,0,0,0,0,0,253506,3,0
0,0,0,0,15,28,19789,111633,0,0,0,0,0,262377,3,0
0,0,0,0,16,28,19790,111633,0,0,0,0,0,254231,3,0
0,0,0,0,17,28,19791,111633,0,0,0,0,0,72922,3,0
0,0,0,0,18,28,19792,111633,0,0,0,0,0,253698,3,0
0,0,0,0,12,28,19793,111633,0,0,0,0,0,223060,3,0
0,0,0,0,19,28,19794,111633,0,0,0,0,0,258385,3,0
0,0,0,0,32,0,19795,113040,0,0,0,0,0,259732,3,0
0,0,0,0,2,3,19796,113040,0,0,0,0,0,277491,3,0
1,0,0,0,12,4,19797,113040,0,0,0,0,0,277570,3,0
1,0,0,0,4,6,19798,113040,0,0,0,0,0,230306,3,0
0,0,0,0,3,7,19799,113040,0,0,0,0,0,248276,3,0
1,0,0,0,6,9,19800,113040,0,0,0,0,0,220446,3,0
3,0,0,1,26,11,19801,113040,1,0,0,0,1,277489,3,0
0,0,0,0,22,12,19802,113040,0,0,0,0,0,248334,3,0
4,0,0,1,18,16,19803,113040,0,0,0,0,2,271664,3,0
0,0,0,0,10,18,19804,113040,0,0,0,0,0,212519,3,0
5,0,0,1,8,25,19805,113040,1,0,0,0,2,240035,3,0
5,0,0,1,9,28,19806,113040,0,0,0,0,0,213321,3,0
5,0,0,1,11,28,19807,113040,1,0,0,0,1,272312,3,0
0,0,0,0,33,28,19808,113040,0,0,0,0,0,277492,3,0
0,0,0,0,20,28,19809,113040,0,0,0,0,0,264486,3,0
0,0,0,0,1,28,19810,113040,0,0,0,0,0,278149,3,0
0,0,0,0,17,28,19811,113040,0,0,0,0,0,253702,3,0
0,0,0,0,15,28,19812,113040,0,0,0,0,0,278197,3,0
0,0,0,0,13,28,19813,113040,0,0,0,0,0,253670,3,0
0,0,0,0,66,28,19814,113040,0,0,0,0,0,277493,3,0
0,0,0,0,21,28,19815,113040,0,0,0,0,0,265659,3,0
0,0,0,0,77,28,19816,113040,0,0,0,0,0,277490,3,0
0,0,0,0,7,28,19817,113040,0,0,0,0,0,260108,3,0
0,0,0,0,24,29,19818,113040,0,0,0,0,0,260106,3,0
0,0,0,0,25,29,19819,113040,0,0,0,0,0,277494,3,0
0,0,0,0,23,29,19820,113040,0,0,0,0,0,278196,3,0
0,0,0,0,5,29,19821,113040,0,0,0,0,0,70792,3,0
0,0,0,0,1,0,19822,113146,0,0,0,0,0,245164,3,0
1,0,0,0,26,4,19823,113146,0,0,0,0,1,192499,3,0
1,0,0,0,5,5,19824,113146,0,0,0,0,0,199218,3,0
1,0,0,0,15,6,19825,113146,0,0,0,0,0,245165,3,0
3,0,0,1,11,12,19826,113146,0,0,0,0,1,248300,3,0
2,0,0,0,7,13,19827,113146,0,0,0,0,1,245170,3,0
1,0,0,0,18,15,19828,113146,0,0,0,0,0,247630,3,0
4,0,0,1,17,16,19829,113146,1,0,0,0,1,253479,3,0
1,0,0,0,10,18,19830,113146,0,0,0,0,0,223618,3,0
10,1,0,1,35,24,19831,113146,1,0,0,0,1,219948,3,0
10,1,0,1,9,26,19832,113146,0,0,0,0,1,202208,3,0
1,0,0,0,8,28,19833,113146,0,0,0,0,0,216273,3,0
1,0,0,0,44,28,19834,113146,0,0,0,0,0,253704,3,0
0,0,0,0,4,28,19835,113146,0,0,0,0,0,253669,3,0
0,0,0,0,2,28,19836,113146,0,0,0,0,0,254475,3,0
0,0,0,0,31,28,19837,113146,0,0,0,0,0,259646,3,0
8,0,0,1,99,28,19838,113146,0,0,0,0,1,216479,3,0
0,0,0,0,33,28,19839,113146,0,0,0,0,0,259346,3,0
1,0,0,0,25,28,19840,113146,0,0,0,0,0,266718,3,0
2,0,0,0,22,28,19841,113146,0,0,0,0,0,253476,3,0
0,0,0,0,45,28,19842,113146,0,0,0,0,0,71061,3,0
0,0,0,0,32,28,19843,113146,0,0,0,0,0,70970,3,0
0,0,0,0,16,28,19844,113146,0,0,0,0,0,266721,3,0
0,0,0,0,14,29,19845,113146,0,0,0,0,0,265454,3,0
0,0,0,0,27,29,19846,113146,0,0,0,0,0,259650,3,0
0,0,0,0,77,29,19847,113146,0,0,0,0,0,266719,3,0
0,0,0,0,24,29,19848,113146,0,0,0,0,0,71063,3,0
0,0,0,0,72,29,19849,113146,0,0,0,0,0,277479,3,0
0,0,0,0,13,29,19850,113146,0,0,0,0,0,259649,3,0
0,0,0,0,3,29,19851,113146,0,0,0,0,0,70972,3,0
0,0,0,0,19,29,19852,113146,0,0,0,0,0,236774,3,0
0,0,0,0,23,29,19853,113146,0,0,0,0,0,276628,3,0
0,0,0,0,1,0,19854,113257,0,0,0,0,0,223760,3,0
1,0,0,0,4,3,19855,113257,0,0,0,0,0,253726,3,0
3,0,0,1,15,4,19856,113257,0,0,0,0,0,248295,3,0
0,0,0,0,5,6,19857,113257,0,0,0,0,0,200727,3,0
0,0,0,0,18,7,19858,113257,0,0,0,0,0,245169,3,0
2,0,0,1,17,23,19859,113257,0,0,0,0,0,248315,3,0
1,0,0,0,7,13,19860,113257,0,0,0,0,0,248331,3,0
2,0,0,1,10,15,19861,113257,0,0,0,0,0,248297,3,0
3,0,0,1,19,27,19862,113257,0,0,0,0,1,256994,3,0
0,0,0,0,11,18,19863,113257,0,0,0,0,0,232251,3,0
12,1,0,1,21,25,19864,113257,0,0,0,0,0,195620,3,0
0,0,0,0,42,28,19865,113257,0,0,0,0,0,211476,3,0
1,0,0,0,25,28,19866,113257,0,0,0,0,0,253722,3,0
0,0,0,0,26,28,19867,113257,0,0,0,0,0,248274,3,0
0,0,0,0,36,28,19868,113257,0,0,0,0,0,248305,3,0
0,0,0,0,28,28,19869,113257,0,0,0,0,0,247670,3,0
0,0,0,0,23,28,19870,113257,0,0,0,0,0,248317,3,0
0,0,0,0,99,28,19871,113257,0,0,0,0,0,253499,3,0
0,0,0,0,29,28,19872,113257,0,0,0,0,0,276143,3,0
0,0,0,0,14,28,19873,113257,0,0,0,0,0,248206,3,0
0,0,0,0,24,28,19874,113257,0,0,0,0,0,256990,3,0
0,0,0,0,8,28,19875,113257,0,0,0,0,0,256993,3,0
0,0,0,0,45,28,19876,113257,0,0,0,0,0,256836,3,0
0,0,0,0,32,29,19877,113257,0,0,0,0,0,248197,3,0
0,0,0,0,22,29,19878,113257,0,0,0,0,0,258372,3,0
0,0,0,0,3,29,19879,113257,0,0,0,0,0,252246,3,0
1,0,0,0,81,29,19880,113257,0,0,0,0,0,248251,3,0
0,0,0,0,31,29,19881,113257,0,0,0,0,0,253701,3,0
0,0,0,0,24,0,19882,113297,0,0,0,0,0,248246,3,0
2,0,0,1,6,3,19883,113297,0,0,0,0,1,248247,3,0
2,0,0,1,3,4,19884,113297,0,0,0,0,0,208752,3,0
0,0,0,0,4,6,19885,113297,0,0,0,0,0,242672,3,0
2,0,0,1,27,7,19886,113297,0,0,0,0,1,270735,3,0
0,0,0,0,37,9,19887,113297,0,0,0,0,0,269671,3,0
0,0,0,0,5,11,19888,113297,0,0,0,0,0,202827,3,0
1,0,0,0,71,12,19889,113297,0,0,0,0,0,248319,3,0
0,0,0,0,30,16,19890,113297,0,0,0,0,0,259561,3,0
4,0,0,1,50,18,19891,113297,0,0,0,0,1,195838,3,0
3,0,0,1,10,25,19892,113297,0,0,0,0,0,242809,3,0
0,0,0,0,14,28,19893,113297,0,0,0,0,0,257893,3,0
0,0,0,0,8,28,19894,113297,0,0,0,0,0,234507,3,0
0,0,0,0,33,28,19895,113297,0,0,0,0,0,273880,3,0
0,0,0,0,22,28,19896,113297,0,0,0,0,0,277362,3,0
0,0,0,0,1,28,19897,113297,0,0,0,0,0,258556,3,0
5,0,0,1,17,28,19898,113297,0,0,0,0,0,245653,3,0
2,0,0,1,7,28,19899,113297,0,0,0,0,0,253708,3,0
1,0,0,0,47,28,19900,113297,0,0,0,0,0,263224,3,0
1,0,0,0,29,28,19901,113297,0,0,0,0,0,277360,3,0
0,0,0,0,51,28,19902,113297,0,0,0,0,0,277361,3,0
0,0,0,0,32,28,19903,113297,0,0,0,0,0,248318,3,0
3,0,0,1,11,28,19904,113297,1,0,0,0,2,253478,3,0
0,0,0,0,16,29,19905,113297,0,0,0,0,0,246715,3,0
0,0,0,0,13,0,19906,113298,0,0,0,0,0,253672,3,0
0,0,0,0,20,3,19907,113298,0,0,0,0,0,248296,3,0
1,0,0,0,3,4,19908,113298,0,0,0,0,0,223763,3,0
1,0,0,0,16,6,19909,113298,0,0,0,0,0,251644,3,0
2,0,0,0,41,7,19910,113298,0,0,0,0,0,277580,3,0
1,0,0,0,4,9,19911,113298,0,0,0,0,0,204787,3,0
0,0,0,0,8,11,19912,113298,0,0,0,0,0,248180,3,0
2,0,0,0,17,12,19913,113298,0,0,0,0,0,259648,3,0
1,0,0,0,10,16,19914,113298,1,0,0,0,1,248298,3,0
10,1,0,1,7,18,19915,113298,0,0,0,0,4,270741,3,0
10,1,0,1,9,25,19916,113298,2,0,0,0,4,269221,3,0
3,0,0,1,18,28,19917,113298,0,0,0,0,0,231933,3,0
1,0,0,0,15,28,19918,113298,0,0,0,0,0,233524,3,0
0,0,0,0,14,28,19919,113298,0,0,0,0,0,271011,3,0
0,0,0,0,30,28,19920,113298,0,0,0,0,0,248304,3,0
0,0,0,0,1,28,19921,113298,0,0,0,0,0,247626,3,0
3,0,0,1,11,28,19922,113298,0,0,0,0,0,248307,3,0
3,0,0,1,26,28,19923,113298,1,0,0,0,2,235754,3,0
0,0,0,0,5,28,19924,113298,0,0,0,0,0,223764,3,0
3,0,0,1,32,28,19925,113298,0,0,0,0,0,211017,3,0
0,0,0,0,28,28,19926,113298,0,0,0,0,0,213281,3,0
0,0,0,0,29,28,19927,113298,0,0,0,0,0,259137,3,0
0,0,0,0,21,28,19928,113298,0,0,0,0,0,248294,3,0
0,0,0,0,6,29,19929,113298,0,0,0,0,0,257685,3,0
0,0,0,0,44,29,19930,113298,0,0,0,0,0,264599,3,0
0,0,0,0,42,29,19931,113298,0,0,0,0,0,271900,3,0
0,0,0,0,55,29,19932,113298,0,0,0,0,0,265460,3,0
0,0,0,0,23,0,19933,113299,0,0,0,0,0,260146,3,0
0,0,0,0,3,3,19934,113299,0,0,0,0,0,258410,3,0
0,0,0,0,55,4,19935,113299,0,0,0,0,0,241672,3,0
2,0,0,1,15,6,19936,113299,0,0,0,0,0,277758,3,0
0,0,0,0,50,7,19937,113299,0,0,0,0,0,264499,3,0
0,0,0,0,7,12,19938,113299,0,0,0,0,0,253505,3,0
1,0,0,0,8,13,19939,113299,0,0,0,0,0,273877,3,0
2,0,0,1,13,15,19940,113299,0,0,0,0,0,263683,3,0
3,0,0,1,21,16,19941,113299,1,0,0,0,1,246778,3,0
2,0,0,1,91,24,19942,113299,0,0,0,0,1,215755,3,0
13,1,0,1,9,26,19943,113299,0,0,0,1,0,210380,3,0
0,0,0,0,26,28,19944,113299,0,0,0,0,0,236546,3,0
3,0,0,1,10,28,19945,113299,0,0,0,0,0,203902,3,0
0,0,0,0,5,28,19946,113299,0,0,0,0,0,253508,3,0
0,0,0,0,20,28,19947,113299,0,0,0,0,0,228188,3,0
0,0,0,0,1,28,19948,113299,0,0,0,0,0,208481,3,0
0,0,0,0,33,28,19949,113299,0,0,0,0,0,228195,3,0
0,0,0,0,4,28,19950,113299,0,0,0,0,0,262048,3,0
1,0,0,0,19,28,19951,113299,1,0,0,0,1,278234,3,0
0,0,0,0,6,28,19952,113299,0,0,0,0,0,278041,3,0
0,0,0,0,32,28,19953,113299,0,0,0,0,0,278247,3,0
0,0,0,0,24,28,19954,113299,0,0,0,0,0,70790,3,0
1,0,0,0,77,28,19955,113299,1,0,0,0,1,273878,3,0
2,0,0,1,14,29,19956,113299,0,0,0,0,0,264384,3,0
0,0,0,0,11,29,19957,113299,0,0,0,0,0,221285,3,0
0,0,0,0,27,29,19958,113299,0,0,0,0,0,253035,3,0
0,0,0,0,31,29,19959,113299,0,0,0,0,0,265457,3,0
0,0,0,0,22,29,19960,113299,0,0,0,0,0,278937,3,0
0,0,0,0,66,29,19961,113299,0,0,0,0,0,71923,3,0
0,0,0,0,17,29,19962,113299,0,0,0,0,0,270630,3,0
0,0,0,0,99,29,19963,113299,0,0,0,0,0,71927,3,0
0,0,0,0,25,29,19964,113299,0,0,0,0,0,71926,3,0
0,0,0,0,1,0,19965,113300,0,0,0,0,0,259729,3,0
0,0,0,0,2,3,19966,113300,0,0,0,0,0,248265,3,0
1,0,0,0,5,4,19967,113300,0,0,0,0,1,259730,3,0
1,0,0,0,4,6,19968,113300,0,0,0,0,0,248311,3,0
1,0,0,0,31,7,19969,113300,0,0,0,0,0,259340,3,0
7,0,0,1,7,23,19970,113300,1,0,0,0,3,231932,3,0
1,0,0,0,10,13,19971,113300,0,0,0,0,0,203173,3,0
1,0,0,0,8,14,19972,113300,0,0,0,0,0,208602,3,0
1,0,0,0,45,15,19973,113300,0,0,0,0,0,253712,3,0
3,0,0,1,29,27,19974,113300,0,0,0,0,0,248178,3,0
8,0,0,1,30,25,19975,113300,0,0,0,0,2,214784,3,0
0,0,0,0,16,28,19976,113300,0,0,0,0,0,233525,3,0
0,0,0,0,20,28,19977,113300,0,0,0,0,0,248252,3,0
0,0,0,0,35,28,19978,113300,0,0,0,0,0,70746,3,0
0,0,0,0,3,28,19979,113300,0,0,0,0,0,254092,3,0
0,0,0,0,13,28,19980,113300,0,0,0,0,0,248292,3,0
1,0,0,0,11,28,19981,113300,0,0,0,0,0,264662,3,0
7,0,0,1,6,28,19982,113300,0,0,0,0,0,259727,3,0
0,0,0,0,71,28,19983,113300,0,0,0,0,0,71064,3,0
0,0,0,0,17,28,19984,113300,0,0,0,0,0,262047,3,0
0,0,0,0,27,28,19985,113300,0,0,0,0,0,276629,3,0
0,0,0,0,60,28,19986,113300,0,0,0,0,0,276630,3,0
0,0,0,0,21,28,19987,113300,0,0,0,0,0,278055,3,0
0,0,0,0,44,29,19988,113300,0,0,0,0,0,273755,3,0
0,0,0,0,22,29,19989,113300,0,0,0,0,0,271012,3,0
0,0,0,0,28,29,19990,113300,0,0,0,0,0,273756,3,0
0,0,0,0,32,29,19991,113300,0,0,0,0,0,273754,3,0
3,0,0,1,34,29,19992,113300,0,0,0,0,0,189573,3,0
0,0,0,0,9,29,19993,113300,0,0,0,0,0,219768,3,0
0,0,0,0,25,0,19994,113301,0,0,0,0,0,217231,3,0
1,0,0,1,6,3,19995,113301,0,0,0,0,0,277566,3,0
0,0,0,0,44,4,19996,113301,0,0,0,0,0,270742,3,0
0,0,0,0,3,6,19997,113301,0,0,0,0,0,278697,3,0
0,0,0,0,88,7,19998,113301,0,0,0,0,0,273879,3,0
2,0,0,1,8,9,19999,113301,1,0,0,0,1,191294,3,0
0,0,0,0,24,11,20000,113301,0,0,0,0,0,278054,3,0
0,0,0,0,77,12,20001,113301,0,0,0,0,0,263058,3,0
1,0,0,1,46,16,20002,113301,0,0,0,0,0,277567,3,0
1,0,0,1,19,18,20003,113301,0,0,0,0,0,257684,3,0
0,0,0,0,12,25,20004,113301,0,0,0,0,0,259218,3,0
0,0,0,0,56,28,20005,113301,0,0,0,0,0,70658,3,0
0,0,0,0,41,28,20006,113301,0,0,0,0,0,270743,3,0
0,0,0,0,52,28,20007,113301,0,0,0,0,0,70615,3,0
0,0,0,0,59,28,20008,113301,0,0,0,0,0,70660,3,0
0,0,0,0,40,28,20009,113301,0,0,0,0,0,279585,3,0
0,0,0,0,60,28,20010,113301,0,0,0,0,0,70661,3,0
0,0,0,0,54,28,20011,113301,0,0,0,0,0,70654,3,0
0,0,0,0,50,28,20012,113301,0,0,0,0,0,70663,3,0
0,0,0,0,57,28,20013,113301,0,0,0,0,0,70656,3,0
0,0,0,0,55,28,20014,113301,0,0,0,0,0,70657,3,0
0,0,0,0,58,28,20015,113301,0,0,0,0,0,70659,3,0
0,0,0,0,53,28,20016,113301,0,0,0,0,0,70655,3,0
0,0,0,0,51,29,20017,113301,0,0,0,0,0,70662,3,0
0,0,0,0,1,0,20018,113302,0,0,0,0,0,225213,3,0
0,0,0,0,27,3,20019,113302,0,0,0,0,0,248310,3,0
0,0,0,0,23,4,20020,113302,0,0,0,0,0,263952,3,0
0,0,0,0,3,6,20021,113302,0,0,0,0,0,234508,3,0
0,0,0,0,32,7,20022,113302,0,0,0,0,0,260147,3,0
1,0,0,1,8,9,20023,113302,0,0,0,0,0,253064,3,0
0,0,0,0,6,11,20024,113302,0,0,0,0,0,222410,3,0
3,0,0,1,7,12,20025,113302,0,0,0,0,0,204882,3,0
0,0,0,0,19,16,20026,113302,0,0,0,0,0,228199,3,0
5,0,0,1,10,18,20027,113302,0,0,0,0,0,202589,3,0
5,0,0,1,11,25,20028,113302,0,0,0,0,1,190939,3,0
0,0,0,0,21,28,20029,113302,0,0,0,0,0,241114,3,0
2,0,0,1,39,28,20030,113302,0,0,0,0,0,264788,3,0
0,0,0,0,4,28,20031,113302,0,0,0,0,0,213327,3,0
0,0,0,0,14,28,20032,113302,0,0,0,0,0,253504,3,0
0,0,0,0,30,28,20033,113302,0,0,0,0,0,279584,3,0
0,0,0,0,24,28,20034,113302,0,0,0,0,0,259311,3,0
0,0,0,0,18,28,20035,113302,0,0,0,0,0,248308,3,0
0,0,0,0,2,28,20036,113302,0,0,0,0,0,256304,3,0
0,0,0,0,25,28,20037,113302,0,0,0,0,0,259764,3,0
0,0,0,0,16,28,20038,113302,0,0,0,0,0,253699,3,0
0,0,0,0,46,28,20039,113302,0,0,0,0,0,279659,3,0
0,0,0,0,29,28,20040,113302,0,0,0,0,0,278208,3,0
0,0,0,0,41,29,20041,113302,0,0,0,0,0,278258,3,0
0,0,0,0,99,29,20042,113302,0,0,0,0,0,253501,3,0
1,0,0,1,49,29,20043,113302,0,0,0,0,0,278257,3,0
0,0,0,0,45,29,20044,113302,0,0,0,0,0,278671,3,0
0,0,0,0,13,29,20045,113302,0,0,0,0,0,270653,3,0
0,0,0,0,44,29,20046,113302,0,0,0,0,0,278670,3,0
0,0,0,0,33,29,20047,113302,0,0,0,0,0,259731,3,0
1,0,0,1,51,29,20048,113302,0,0,0,0,0,279563,3,0
0,0,0,0,32,0,20049,114168,0,0,0,0,0,248325,3,0
0,0,0,0,24,4,20050,114168,0,0,0,0,0,248313,3,0
0,0,0,0,91,5,20051,114168,0,0,0,0,0,251118,3,0
1,0,0,0,4,6,20052,114168,0,0,0,0,0,264362,3,0
0,0,0,0,20,12,20053,114168,0,0,0,0,0,197925,3,0
0,0,0,0,14,13,20054,114168,0,0,0,0,0,231461,3,0
5,0,0,1,10,15,20055,114168,0,0,0,0,0,204035,3,0
2,0,0,1,17,16,20056,114168,0,0,0,0,0,261425,3,0
0,0,0,0,30,17,20057,114168,0,0,0,0,0,258449,3,0
0,0,0,0,19,19,20058,114168,0,0,0,0,0,248273,3,0
6,0,0,1,99,25,20059,114168,0,0,0,0,0,200471,3,0
5,0,0,1,8,28,20060,114168,1,0,0,0,2,277230,3,0
0,0,0,0,28,28,20061,114168,0,0,0,0,0,236453,3,0
0,0,0,0,6,28,20062,114168,0,0,0,0,0,248250,3,0
0,0,0,0,12,28,20063,114168,0,0,0,0,0,248327,3,0
0,0,0,0,31,28,20064,114168,0,0,0,0,0,259488,3,0
2,0,0,1,7,28,20065,114168,1,0,0,0,1,247627,3,0
0,0,0,0,27,28,20066,114168,0,0,0,0,0,271663,3,0
0,0,0,0,1,28,20067,114168,0,0,0,0,0,271239,3,0
0,0,0,0,11,28,20068,114168,0,0,0,0,0,248253,3,0
0,0,0,0,16,28,20069,114168,0,0,0,0,0,271240,3,0
0,0,0,0,18,28,20070,114168,0,0,0,0,0,257302,3,0
0,0,0,0,21,28,20071,114168,0,0,0,0,0,256997,3,0
0,0,0,0,77,29,20072,114168,0,0,0,0,0,273760,3,0
0,0,0,0,3,29,20073,114168,0,0,0,0,0,253502,3,0
0,0,0,0,44,29,20074,114168,0,0,0,0,0,273759,3,0
2,0,0,1,15,29,20075,114168,0,0,0,0,0,278674,3,0
3,0,0,1,9,29,20076,114168,0,0,0,0,1,250884,3,0
0,0,0,0,48,29,20077,114168,0,0,0,0,0,72157,3,0
0,0,0,0,1,0,20078,115202,0,0,0,0,0,248150,3,0
0,0,0,0,2,3,20079,115202,0,0,0,0,0,277478,3,0
1,0,0,1,34,4,20080,115202,0,0,0,0,0,265565,3,0
1,0,0,1,5,6,20081,115202,0,0,0,0,0,232364,3,0
0,0,0,0,39,7,20082,115202,0,0,0,0,0,275683,3,0
0,0,0,0,6,13,20083,115202,0,0,0,0,0,266720,3,0
1,0,0,1,4,14,20084,115202,0,0,0,0,0,259175,3,0
0,0,0,0,23,15,20085,115202,0,0,0,0,0,275687,3,0
6,0,0,1,8,18,20086,115202,1,0,0,0,2,239324,3,0
8,0,0,1,99,24,20087,115202,1,0,0,0,1,276752,3,0
8,0,0,1,9,26,20088,115202,2,0,0,0,2,204528,3,0
0,0,0,0,77,28,20089,115202,0,0,0,0,0,263730,3,0
0,0,0,0,81,28,20090,115202,0,0,0,0,0,270629,3,0
0,0,0,0,22,28,20091,115202,0,0,0,0,0,253697,3,0
0,0,0,0,74,28,20092,115202,0,0,0,0,0,278192,3,0
0,0,0,0,16,28,20093,115202,0,0,0,0,0,217534,3,0
0,0,0,0,19,28,20094,115202,0,0,0,0,0,236452,3,0
0,0,0,0,11,28,20095,115202,0,0,0,0,0,276985,3,0
0,0,0,0,18,28,20096,115202,0,0,0,0,0,258803,3,0
0,0,0,0,45,28,20097,115202,0,0,0,0,0,276984,3,0
0,0,0,0,17,28,20098,115202,0,0,0,0,0,278941,3,0
0,0,0,0,24,28,20099,115202,0,0,0,0,0,247628,3,0
0,0,0,0,30,28,20100,115202,0,0,0,0,0,253724,3,0
0,0,0,0,21,29,20101,115202,0,0,0,0,0,277546,3,0
0,0,0,0,80,29,20102,115202,0,0,0,0,0,250856,3,0
0,0,0,0,31,29,20103,115202,0,0,0,0,0,256305,3,0
0,0,0,0,10,29,20104,115202,0,0,0,0,0,277545,3,0
0,0,0,0,20,29,20105,115202,0,0,0,0,0,277229,3,0
1,0,0,1,7,29,20106,115202,0,0,0,0,0,275681,3,0
0,0,0,0,12,29,20107,115202,0,0,0,0,0,275682,3,0
0,0,0,0,48,29,20108,115202,0,0,0,0,0,248280,3,0
2,0,0,1,14,29,20109,115202,0,0,0,0,0,204133,3,0
0,0,0,0,22,0,20110,115995,0,0,0,0,0,264899,3,0
3,0,0,0,7,3,20111,115995,0,0,0,0,0,247788,3,0
1,0,0,0,4,4,20112,115995,0,0,0,0,0,264886,4,0
4,0,0,0,5,6,20113,115995,0,0,0,0,0,226998,3,0
3,0,0,0,19,7,20114,115995,0,0,0,0,0,264994,3,0
0,0,0,0,25,9,20115,115995,0,0,0,0,0,264903,4,0
6,0,0,1,31,11,20116,115995,0,0,0,0,1,243404,4,0
6,0,0,1,10,12,20117,115995,0,0,0,0,1,239345,3,0
3,0,0,0,17,16,20118,115995,0,0,0,0,0,248822,4,0
8,0,0,1,21,18,20119,115995,0,0,0,0,3,259287,5,0
10,1,0,1,11,25,20120,115995,0,0,0,0,1,244302,4,0
9,0,0,1,9,28,20121,115995,0,0,0,0,0,264890,3,0
0,0,0,0,18,28,20122,115995,0,0,0,0,0,264876,5,0
1,0,0,0,2,28,20123,115995,0,0,0,0,0,226991,5,0
0,0,0,0,13,28,20124,115995,0,0,0,0,0,267677,3,0
0,0,0,0,41,28,20125,115995,0,0,0,0,0,265008,3,0
1,0,0,0,12,28,20126,115995,0,0,0,0,0,247791,4,0
0,0,0,0,6,28,20127,115995,0,0,0,0,0,239756,5,0
0,0,0,0,14,28,20128,115995,0,0,0,0,0,277039,3,0
0,0,0,0,20,28,20129,115995,0,0,0,0,0,270525,3,0
0,0,0,0,3,28,20130,115995,0,0,0,0,0,265845,3,0
0,0,0,0,23,28,20131,115995,0,0,0,0,0,233337,3,0
0,0,0,0,26,28,20132,115995,0,0,0,0,0,268488,3,0
0,0,0,0,40,29,20133,115995,0,0,0,0,0,276441,3,0
0,0,0,0,24,29,20134,115995,0,0,0,0,0,265102,3,0
0,0,0,0,30,29,20135,115995,0,0,0,0,0,239344,4,0
0,0,0,0,44,29,20136,115995,0,0,0,0,0,266553,3,0
0,0,0,0,27,0,20137,115996,0,0,0,0,0,264915,2,0
0,0,0,0,4,4,20138,115996,0,0,0,0,0,264930,3,0
2,0,0,1,14,5,20139,115996,0,0,0,0,0,268478,3,0
1,0,0,0,24,6,20140,115996,0,0,0,0,0,264924,4,0
5,0,0,1,18,23,20141,115996,0,0,0,0,0,264891,4,0
0,0,0,0,13,12,20142,115996,0,0,0,0,0,264910,3,0
0,0,0,0,6,13,20143,115996,0,0,0,0,0,265035,5,0
0,0,0,0,16,15,20144,115996,0,0,0,0,0,264929,3,0
1,0,0,0,5,16,20145,115996,0,0,0,0,0,265409,3,0
4,0,0,1,11,27,20146,115996,0,0,0,0,0,264922,5,0
10,1,0,1,9,25,20147,115996,0,0,0,0,2,264976,4,0
2,0,0,1,31,28,20148,115996,0,0,0,0,0,264931,3,0
0,0,0,0,17,28,20149,115996,0,0,0,0,0,279866,3,0
0,0,0,0,2,28,20150,115996,0,0,0,0,0,265052,3,0
1,0,0,0,3,28,20151,115996,0,0,0,0,0,264926,3,0
0,0,0,0,1,28,20152,115996,0,0,0,0,0,265118,3,0
2,0,0,1,10,28,20153,115996,0,0,0,0,1,233322,3,0
0,0,0,0,7,28,20154,115996,0,0,0,0,0,276479,3,0
0,0,0,0,26,28,20155,115996,0,0,0,0,0,264912,3,0
0,0,0,0,8,28,20156,115996,0,0,0,0,0,276506,3,0
0,0,0,0,21,28,20157,115996,0,0,0,0,0,277265,3,0
1,0,0,0,20,28,20158,115996,0,0,0,0,0,277264,3,0
0,0,0,0,23,28,20159,115996,0,0,0,0,0,277263,3,0
0,0,0,0,12,29,20160,115996,0,0,0,0,0,279695,3,0
2,0,0,1,19,29,20161,115996,0,0,0,0,1,276507,4,0
0,0,0,0,34,29,20162,115996,0,0,0,0,0,271830,3,0
0,0,0,0,1,0,20163,115997,0,0,0,0,0,265054,2,0
1,0,0,0,17,3,20164,115997,0,0,0,0,1,264975,2,0
3,0,0,1,23,4,20165,115997,0,0,0,0,0,238470,3,0
0,0,0,0,4,6,20166,115997,0,0,0,0,0,257530,3,0
0,0,0,0,18,7,20167,115997,0,0,0,0,0,264955,3,0
1,0,0,0,14,13,20168,115997,0,0,0,0,1,264936,5,0
1,0,0,0,8,14,20169,115997,0,0,0,0,0,264925,4,0
5,0,0,1,28,15,20170,115997,0,0,0,0,0,264933,3,0
9,0,0,1,10,18,20171,115997,0,0,0,0,2,261773,5,0
11,1,0,1,19,24,20172,115997,0,0,0,0,2,264947,3,0
4,0,0,1,7,26,20173,115997,0,0,0,0,0,264939,4,0
1,0,0,0,9,28,20174,115997,0,0,0,0,0,264950,3,0
2,0,0,0,15,28,20175,115997,0,0,0,0,1,275904,3,0
0,0,0,0,31,28,20176,115997,0,0,0,0,0,264954,3,0
0,0,0,0,29,28,20177,115997,0,0,0,0,0,271404,3,0
0,0,0,0,26,28,20178,115997,0,0,0,0,0,264935,3,0
0,0,0,0,13,28,20179,115997,0,0,0,0,0,264956,3,0
0,0,0,0,22,28,20180,115997,0,0,0,0,0,273405,3,0
0,0,0,0,25,28,20181,115997,0,0,0,0,0,277041,3,0
1,0,0,0,20,28,20182,115997,0,0,0,0,0,271405,3,0
0,0,0,0,24,28,20183,115997,0,0,0,0,0,266399,3,0
0,0,0,0,21,28,20184,115997,0,0,0,0,0,264937,3,0
0,0,0,0,11,28,20185,115997,0,0,0,0,0,271406,3,0
0,0,0,0,27,29,20186,115997,0,0,0,0,0,277040,3,0
0,0,0,0,5,29,20187,115997,0,0,0,0,0,70811,3,0
0,0,0,0,1,0,20188,115998,0,0,0,0,0,247789,4,0
0,0,0,0,2,3,20189,115998,0,0,0,0,0,253417,3,0
0,0,0,0,4,4,20190,115998,0,0,0,0,0,226375,4,0
2,0,0,0,31,6,20191,115998,0,0,0,0,0,248715,3,0
0,0,0,0,14,7,20192,115998,0,0,0,0,0,271444,4,0
3,0,0,0,8,10,20193,115998,0,0,0,0,0,247790,3,0
3,0,0,0,23,23,20194,115998,0,0,0,0,1,266384,5,0
1,0,0,0,10,13,20195,115998,0,0,0,0,0,227337,3,0
5,0,0,1,5,15,20196,115998,0,0,0,0,1,248717,5,0
15,1,0,1,9,27,20197,115998,0,0,0,1,2,241846,3,0
7,0,0,1,11,25,20198,115998,0,0,0,0,1,226302,3,0
3,0,0,0,29,28,20199,115998,0,0,0,0,0,261740,3,0
2,0,0,0,7,28,20200,115998,0,0,0,0,1,264986,4,0
0,0,0,0,17,28,20201,115998,0,0,0,0,0,233839,3,0
2,0,0,0,24,28,20202,115998,0,0,0,0,0,241847,5,0
0,0,0,0,22,28,20203,115998,0,0,0,0,0,244301,3,0
5,0,0,1,6,28,20204,115998,0,0,0,0,1,233756,5,0
0,0,0,0,16,28,20205,115998,0,0,0,0,0,264934,3,0
0,0,0,0,30,28,20206,115998,0,0,0,0,0,265106,3,0
1,0,0,0,27,28,20207,115998,0,0,0,0,0,265078,3,0
8,0,0,1,25,28,20208,115998,0,0,0,0,1,265055,2,0
3,0,0,0,19,28,20209,115998,0,0,0,0,0,253486,3,0
0,0,0,0,21,28,20210,115998,0,0,0,0,0,264058,3,0
0,0,0,0,32,29,20211,115998,0,0,0,0,0,277014,3,0
0,0,0,0,28,29,20212,115998,0,0,0,0,0,262058,3,0
0,0,0,0,1,0,20213,115999,0,0,0,0,0,264999,1,0
3,0,0,1,8,3,20214,115999,0,0,0,0,0,262092,1,0
1,0,0,0,6,4,20215,115999,0,0,0,0,0,265000,1,0
4,0,0,1,15,6,20216,115999,0,0,0,0,0,276509,3,0
0,0,0,0,22,7,20217,115999,0,0,0,0,0,265004,1,0
6,0,0,1,11,23,20218,115999,0,0,0,0,0,274846,3,0
2,0,0,0,31,13,20219,115999,0,0,0,0,0,264991,1,0
1,0,0,0,33,14,20220,115999,0,0,0,0,0,262090,3,0
2,0,0,0,10,15,20221,115999,0,0,0,0,0,264989,1,0
3,0,0,1,7,27,20222,115999,0,0,0,0,0,265058,2,0
5,0,0,1,25,25,20223,115999,0,0,0,0,0,265020,3,0
4,0,0,1,16,28,20224,115999,0,0,0,0,0,265001,2,0
2,0,0,0,27,28,20225,115999,0,0,0,0,1,265006,3,0
3,0,0,1,9,28,20226,115999,0,0,0,0,0,268451,2,0
0,0,0,0,17,28,20227,115999,0,0,0,0,0,264988,3,0
0,0,0,0,28,28,20228,115999,0,0,0,0,0,264997,3,0
0,0,0,0,32,28,20229,115999,0,0,0,0,0,274847,3,0
0,0,0,0,14,28,20230,115999,0,0,0,0,0,265703,1,0
0,0,0,0,21,28,20231,115999,0,0,0,0,0,264995,3,0
0,0,0,0,24,28,20232,115999,0,0,0,0,0,276908,3,0
0,0,0,0,4,28,20233,115999,0,0,0,0,0,272657,3,0
0,0,0,0,20,28,20234,115999,0,0,0,0,0,227300,3,0
0,0,0,0,13,28,20235,115999,0,0,0,0,0,264990,3,0
1,0,0,0,18,29,20236,115999,0,0,0,0,0,272337,3,0
0,0,0,0,30,29,20237,115999,0,0,0,0,0,274850,3,0
0,0,0,0,30,0,20238,116000,0,0,0,0,0,265028,3,0
0,0,0,0,2,3,20239,116000,0,0,0,0,0,226313,3,0
0,0,0,0,4,4,20240,116000,0,0,0,0,0,266864,3,0
0,0,0,0,5,6,20241,116000,0,0,0,0,0,72446,3,0
0,0,0,0,15,7,20242,116000,0,0,0,0,0,265154,3,0
0,0,0,0,9,12,20243,116000,0,0,0,0,0,271794,3,0
0,0,0,0,16,13,20244,116000,0,0,0,0,0,271798,3,0
0,0,0,0,19,15,20245,116000,0,0,0,0,0,271795,3,0
0,0,0,0,11,16,20246,116000,0,0,0,0,0,226309,3,0
0,0,0,0,17,24,20247,116000,0,0,0,0,0,265029,3,0
0,0,0,0,10,26,20248,116000,0,0,0,0,0,265127,3,0
0,0,0,0,14,28,20249,116000,0,0,0,0,0,72470,3,0
0,0,0,0,20,28,20250,116000,0,0,0,0,0,266960,3,0
0,0,0,0,3,28,20251,116000,0,0,0,0,0,72443,3,0
0,0,0,0,6,28,20252,116000,0,0,0,0,0,72447,3,0
0,0,0,0,1,28,20253,116000,0,0,0,0,0,72441,3,0
0,0,0,0,38,28,20254,116000,0,0,0,0,0,72473,3,0
0,0,0,0,8,28,20255,116000,0,0,0,0,0,72471,3,0
0,0,0,0,7,28,20256,116000,0,0,0,0,0,72472,3,0
0,0,0,0,18,28,20257,116000,0,0,0,0,0,72449,3,0
0,0,0,0,13,28,20258,116000,0,0,0,0,0,72450,3,0
0,0,0,0,25,28,20259,116000,0,0,0,0,0,72448,3,0
0,0,0,0,12,0,20260,116001,0,0,0,0,0,265053,3,0
2,0,0,0,19,3,20261,116001,0,0,0,0,0,265033,3,0
1,0,0,0,16,4,20262,116001,0,0,0,0,0,265039,5,0
0,0,0,0,15,6,20263,116001,0,0,0,0,0,265045,3,0
1,0,0,0,18,7,20264,116001,0,0,0,0,0,265047,5,0
0,0,0,0,6,9,20265,116001,0,0,0,0,0,265042,5,0
5,0,0,1,17,11,20266,116001,0,0,0,0,1,272341,5,0
4,0,0,1,7,12,20267,116001,0,0,0,0,1,276505,5,0
5,0,0,1,11,16,20268,116001,0,0,0,0,0,265046,3,0
7,0,0,1,10,18,20269,116001,0,0,0,0,0,272338,3,0
6,0,0,1,9,25,20270,116001,0,0,0,0,1,272340,2,0
1,0,0,0,29,28,20271,116001,0,0,0,0,0,266403,3,0
0,0,0,0,21,28,20272,116001,0,0,0,0,0,265085,3,0
0,0,0,0,13,28,20273,116001,0,0,0,0,0,265049,3,0
0,0,0,0,23,28,20274,116001,0,0,0,0,0,265041,3,0
0,0,0,0,1,28,20275,116001,0,0,0,0,0,265043,3,0
0,0,0,0,4,28,20276,116001,0,0,0,0,0,276512,3,0
0,0,0,0,5,28,20277,116001,0,0,0,0,0,279865,3,0
0,0,0,0,22,28,20278,116001,0,0,0,0,0,265038,3,0
0,0,0,0,14,28,20279,116001,0,0,0,0,0,274662,3,0
0,0,0,0,24,28,20280,116001,0,0,0,0,0,276941,3,0
0,0,0,0,8,28,20281,116001,0,0,0,0,0,265048,3,0
0,0,0,0,27,28,20282,116001,0,0,0,0,0,274661,3,0
0,0,0,0,2,29,20283,116001,0,0,0,0,0,271842,3,0
0,0,0,0,30,29,20284,116001,0,0,0,0,0,277273,3,0
0,0,0,0,29,0,20285,116002,0,0,0,0,0,264966,3,0
1,0,0,0,2,3,20286,116002,0,0,0,0,0,265069,1,0
2,0,0,1,9,4,20287,116002,0,0,0,0,0,265063,2,0
0,0,0,0,6,6,20288,116002,0,0,0,0,0,279694,3,0
0,0,0,0,13,7,20289,116002,0,0,0,0,0,264992,1,0
2,0,0,1,18,23,20290,116002,0,0,0,0,0,265070,3,0
1,0,0,0,21,13,20291,116002,0,0,0,0,0,265079,3,0
3,0,0,1,11,14,20292,116002,0,0,0,0,1,239343,3,0
1,0,0,0,19,15,20293,116002,0,0,0,0,1,273563,4,0
3,0,0,1,28,27,20294,116002,0,0,0,0,0,265057,3,0
2,0,0,1,10,25,20295,116002,0,0,0,0,0,279693,3,0
1,0,0,0,27,28,20296,116002,0,0,0,0,0,265059,3,0
0,0,0,0,7,28,20297,116002,0,0,0,0,0,271838,3,0
0,0,0,0,8,28,20298,116002,0,0,0,0,0,271839,3,0
2,0,0,1,20,28,20299,116002,0,0,0,0,0,275849,3,0
0,0,0,0,12,28,20300,116002,0,0,0,0,0,265076,1,0
0,0,0,0,16,28,20301,116002,0,0,0,0,0,265060,1,0
0,0,0,0,26,28,20302,116002,0,0,0,0,0,265083,3,0
0,0,0,0,22,28,20303,116002,0,0,0,0,0,227302,3,0
0,0,0,0,14,28,20304,116002,0,0,0,0,0,273994,3,0
0,0,0,0,5,28,20305,116002,0,0,0,0,0,265066,3,0
0,0,0,0,1,28,20306,116002,0,0,0,0,0,265067,3,0
0,0,0,0,33,28,20307,116002,0,0,0,0,0,272342,3,0
0,0,0,0,3,29,20308,116002,0,0,0,0,0,266404,3,0
3,0,0,1,17,29,20309,116002,0,0,0,0,0,265080,3,0
0,0,0,0,4,29,20310,116002,0,0,0,0,0,265073,3,0
0,0,0,0,32,29,20311,116002,0,0,0,0,0,265844,3,0
0,0,0,0,1,0,20312,116003,0,0,0,0,0,271841,2,0
2,0,0,1,21,3,20313,116003,0,0,0,0,1,265007,3,0
0,0,0,0,28,4,20314,116003,0,0,0,0,0,264938,3,0
0,0,0,0,4,6,20315,116003,0,0,0,0,0,265023,2,0
4,0,0,1,26,7,20316,116003,0,0,0,0,0,271788,2,0
1,0,0,0,5,9,20317,116003,0,0,0,0,0,264985,3,0
0,0,0,0,8,11,20318,116003,0,0,0,0,0,271952,1,0
2,0,0,1,30,12,20319,116003,0,0,0,0,0,265034,2,0
2,0,0,1,19,16,20320,116003,0,0,0,0,0,264914,3,0
0,0,0,0,11,18,20321,116003,0,0,0,0,0,271845,2,0
3,0,0,1,23,25,20322,116003,0,0,0,0,0,267389,1,0
0,0,0,0,7,28,20323,116003,0,0,0,0,0,265093,3,0
1,0,0,0,9,28,20324,116003,0,0,0,0,0,265082,2,0
0,0,0,0,27,28,20325,116003,0,0,0,0,0,265015,3,0
0,0,0,0,25,28,20326,116003,0,0,0,0,0,265091,3,0
0,0,0,0,12,28,20327,116003,0,0,0,0,0,276842,3,0
3,0,0,1,29,28,20328,116003,0,0,0,0,0,265025,3,0
2,0,0,1,20,28,20329,116003,0,0,0,0,0,278718,2,0
0,0,0,0,14,28,20330,116003,0,0,0,0,0,276480,3,0
3,0,0,1,10,28,20331,116003,0,0,0,0,0,265101,3,0
0,0,0,0,13,28,20332,116003,0,0,0,0,0,271847,3,0
0,0,0,0,2,28,20333,116003,0,0,0,0,0,277616,2,0
0,0,0,0,6,28,20334,116003,0,0,0,0,0,264972,3,0
0,0,0,0,24,29,20335,116003,0,0,0,0,0,278000,3,0
0,0,0,0,16,29,20336,116003,0,0,0,0,0,271846,3,0
2,0,0,1,22,29,20337,116003,0,0,0,0,1,277278,2,0
1,0,0,0,18,29,20338,116003,0,0,0,0,0,271844,3,0
0,0,0,0,1,0,20339,116004,0,0,0,0,0,273411,1,0
0,0,0,0,8,3,20340,116004,0,0,0,0,0,265120,2,0
3,0,0,1,5,4,20341,116004,0,0,0,0,0,265119,1,0
0,0,0,0,14,6,20342,116004,0,0,0,0,0,265166,2,0
2,0,0,1,27,7,20343,116004,0,0,0,0,1,265121,2,0
0,0,0,0,21,12,20344,116004,0,0,0,0,0,273567,2,0
0,0,0,0,13,13,20345,116004,0,0,0,0,0,265123,3,0
4,0,0,1,18,15,20346,116004,0,0,0,0,0,265116,3,0
0,0,0,0,10,16,20347,116004,0,0,0,0,0,265126,3,0
2,0,0,1,11,24,20348,116004,0,0,0,0,0,265117,3,0
7,0,0,1,9,26,20349,116004,0,0,0,0,0,265026,3,0
2,0,0,1,15,28,20350,116004,0,0,0,0,0,265111,3,0
1,0,0,0,28,28,20351,116004,0,0,0,0,0,264921,3,0
1,0,0,0,19,28,20352,116004,0,0,0,0,0,264949,2,0
2,0,0,1,22,28,20353,116004,0,0,0,0,1,265124,2,0
0,0,0,0,77,28,20354,116004,0,0,0,0,0,272043,3,0
0,0,0,0,20,28,20355,116004,0,0,0,0,0,265107,3,0
0,0,0,0,23,28,20356,116004,0,0,0,0,0,271784,3,0
2,0,0,1,6,28,20357,116004,0,0,0,0,2,265122,3,0
0,0,0,0,39,28,20358,116004,0,0,0,0,0,277268,3,0
0,0,0,0,3,28,20359,116004,0,0,0,0,0,274848,3,0
1,0,0,0,29,28,20360,116004,0,0,0,0,0,271787,3,0
0,0,0,0,37,28,20361,116004,0,0,0,0,0,271848,3,0
0,0,0,0,16,29,20362,116004,0,0,0,0,0,265108,3,0
0,0,0,0,31,29,20363,116004,0,0,0,0,0,271786,3,0
1,0,0,0,17,29,20364,116004,0,0,0,0,0,276500,3,0
0,0,0,0,32,29,20365,116004,0,0,0,0,0,258940,3,0
0,0,0,0,1,0,20366,116005,0,0,0,0,0,265146,3,0
0,0,0,0,15,3,20367,116005,0,0,0,0,0,72584,3,0
0,0,0,0,4,4,20368,116005,0,0,0,0,0,265134,3,0
0,0,0,0,21,6,20369,116005,0,0,0,0,0,265359,3,0
0,0,0,0,3,7,20370,116005,0,0,0,0,0,272283,3,0
0,0,0,0,22,9,20371,116005,0,0,0,0,0,265132,3,0
0,0,0,0,14,11,20372,116005,0,0,0,0,0,265128,3,0
0,0,0,0,13,17,20373,116005,0,0,0,0,0,265141,3,0
0,0,0,0,10,18,20374,116005,0,0,0,0,0,72475,3,0
0,0,0,0,16,19,20375,116005,0,0,0,0,0,265144,3,0
0,0,0,0,20,25,20376,116005,0,0,0,0,0,265145,3,0
0,0,0,0,2,28,20377,116005,0,0,0,0,0,72474,3,0
0,0,0,0,17,28,20378,116005,0,0,0,0,0,265147,3,0
0,0,0,0,8,28,20379,116005,0,0,0,0,0,272287,3,0
0,0,0,0,27,28,20380,116005,0,0,0,0,0,72478,3,0
0,0,0,0,24,28,20381,116005,0,0,0,0,0,265143,3,0
0,0,0,0,23,28,20382,116005,0,0,0,0,0,72477,3,0
0,0,0,0,7,28,20383,116005,0,0,0,0,0,266406,3,0
0,0,0,0,19,28,20384,116005,0,0,0,0,0,72476,3,0
0,0,0,0,28,28,20385,116005,0,0,0,0,0,72479,3,0
0,0,0,0,11,28,20386,116005,0,0,0,0,0,265137,3,0
0,0,0,0,9,28,20387,116005,0,0,0,0,0,73022,3,0
0,0,0,0,49,28,20388,116005,0,0,0,0,0,72562,3,0
0,0,0,0,12,0,20389,116021,0,0,0,0,0,265086,4,0
2,0,0,1,2,3,20390,116021,0,0,0,0,0,265384,3,0
0,0,0,0,21,4,20391,116021,0,0,0,0,0,272482,5,0
1,0,0,0,20,6,20392,116021,0,0,0,0,1,265385,5,0
0,0,0,0,29,7,20393,116021,0,0,0,0,0,264920,4,0
4,0,0,1,17,12,20394,116021,0,0,0,0,0,272274,3,0
2,0,0,1,19,13,20395,116021,0,0,0,0,0,265383,5,0
0,0,0,0,26,15,20396,116021,0,0,0,0,0,265016,3,0
1,0,0,0,27,16,20397,116021,0,0,0,0,0,265378,5,0
2,0,0,1,14,24,20398,116021,0,0,0,0,0,246193,5,0
10,1,0,1,10,26,20399,116021,0,0,0,0,2,265377,5,0
2,0,0,1,13,28,20400,116021,0,0,0,0,1,262089,5,0
1,0,0,0,11,28,20401,116021,0,0,0,0,0,265381,3,0
0,0,0,0,30,28,20402,116021,0,0,0,0,0,264923,3,0
0,0,0,0,3,28,20403,116021,0,0,0,0,0,265360,3,0
0,0,0,0,25,28,20404,116021,0,0,0,0,0,276847,3,0
0,0,0,0,9,28,20405,116021,0,0,0,0,0,276504,3,0
0,0,0,0,7,28,20406,116021,0,0,0,0,0,276849,3,0
0,0,0,0,32,28,20407,116021,0,0,0,0,0,274511,3,0
0,0,0,0,8,28,20408,116021,0,0,0,0,0,265386,3,0
0,0,0,0,23,28,20409,116021,0,0,0,0,0,274510,3,0
0,0,0,0,33,28,20410,116021,0,0,0,0,0,274512,3,0
0,0,0,0,15,28,20411,116021,0,0,0,0,0,276502,3,0
0,0,0,0,4,29,20412,116021,0,0,0,0,0,265051,3,0
0,0,0,0,16,29,20413,116021,0,0,0,0,0,276848,3,0
0,0,0,0,1,29,20414,116021,0,0,0,0,0,265355,3,0
0,0,0,0,1,0,20415,116009,0,0,0,0,0,265242,3,0
3,0,0,1,15,3,20416,116009,0,0,0,0,0,265239,3,0
1,0,0,0,3,4,20417,116009,0,0,0,0,0,263013,3,0
0,0,0,0,6,6,20418,116009,0,0,0,0,0,246426,3,0
1,0,0,0,7,7,20419,116009,0,0,0,0,0,227119,3,0
2,0,0,0,21,9,20420,116009,0,0,0,0,0,244064,4,0
0,0,0,0,13,11,20421,116009,0,0,0,0,0,265240,3,0
8,0,0,1,9,12,20422,116009,0,0,0,0,0,245802,5,0
4,0,0,1,19,16,20423,116009,0,0,0,0,0,227110,3,0
2,0,0,0,12,18,20424,116009,0,0,0,0,0,239761,2,0
10,1,0,1,23,25,20425,116009,0,0,0,0,1,258980,4,0
7,0,0,1,25,28,20426,116009,0,0,0,0,2,233364,5,0
3,0,0,1,24,28,20427,116009,0,0,0,0,0,265571,2,0
0,0,0,0,32,28,20428,116009,0,0,0,0,0,262866,4,0
1,0,0,0,28,28,20429,116009,0,0,0,0,0,226979,3,0
0,0,0,0,18,28,20430,116009,0,0,0,0,0,270890,3,0
1,0,0,0,10,28,20431,116009,0,0,0,0,0,245872,4,0
0,0,0,0,2,28,20432,116009,0,0,0,0,0,248343,3,0
1,0,0,0,17,28,20433,116009,0,0,0,0,0,227003,3,0
0,0,0,0,27,28,20434,116009,0,0,0,0,0,266949,2,0
0,0,0,0,40,28,20435,116009,0,0,0,0,0,276298,3,0
0,0,0,0,26,28,20436,116009,0,0,0,0,0,264996,3,0
0,0,0,0,14,28,20437,116009,0,0,0,0,0,235593,3,0
0,0,0,0,29,29,20438,116009,0,0,0,0,0,266457,3,0
1,0,0,0,11,29,20439,116009,0,0,0,0,0,233746,3,0
0,0,0,0,61,29,20440,116009,0,0,0,0,0,71364,3,0
0,0,0,0,24,0,20441,116010,0,0,0,0,0,263009,3,0
0,0,0,0,15,3,20442,116010,0,0,0,0,0,236428,5,0
2,0,0,0,39,4,20443,116010,0,0,0,0,0,247461,5,0
0,0,0,0,7,6,20444,116010,0,0,0,0,0,265247,3,0
2,0,0,0,21,7,20445,116010,0,0,0,0,1,263007,5,0
0,0,0,0,5,9,20446,116010,0,0,0,0,0,265250,4,0
4,0,0,1,22,11,20447,116010,0,0,0,0,0,245882,5,0
3,0,0,0,19,12,20448,116010,0,0,0,0,0,241491,3,0
7,0,0,1,11,16,20449,116010,0,0,0,0,4,227323,5,0
13,1,0,1,10,18,20450,116010,0,0,0,0,0,265249,3,0
1,0,0,0,35,25,20451,116010,0,0,0,0,0,272001,3,0
2,0,0,0,14,28,20452,116010,0,0,0,0,0,227255,3,0
1,0,0,0,9,28,20453,116010,0,0,0,0,0,262330,3,0
1,0,0,0,12,28,20454,116010,0,0,0,0,0,227392,3,0
1,0,0,0,26,28,20455,116010,0,0,0,0,0,227383,3,0
0,0,0,0,1,28,20456,116010,0,0,0,0,0,243379,4,0
11,1,0,1,33,28,20457,116010,0,0,0,0,2,270407,5,0
0,0,0,0,8,28,20458,116010,0,0,0,0,0,226354,3,0
7,0,0,1,6,28,20459,116010,0,0,0,0,1,262093,4,0
0,0,0,0,28,28,20460,116010,0,0,0,0,0,271568,3,0
1,0,0,0,4,28,20461,116010,0,0,0,0,0,238257,4,0
0,0,0,0,18,28,20462,116010,0,0,0,0,0,227282,3,0
0,0,0,0,29,28,20463,116010,0,0,0,0,0,265248,3,0
0,0,0,0,3,29,20464,116010,0,0,0,0,0,246317,3,0
4,0,0,1,20,29,20465,116010,0,0,0,0,0,227125,3,0
1,0,0,0,23,29,20466,116010,0,0,0,0,0,273520,5,0
1,0,0,0,2,29,20467,116010,0,0,0,0,0,267300,3,0
0,0,0,0,16,29,20468,116010,0,0,0,0,0,261794,3,0
0,0,0,0,38,29,20469,116010,0,0,0,0,0,276883,3,0
0,0,0,0,36,29,20470,116010,0,0,0,0,0,279902,3,0
0,0,0,0,22,0,20471,116011,0,0,0,0,0,265254,2,0
0,0,0,0,2,3,20472,116011,0,0,0,0,0,262868,3,0
0,0,0,0,5,4,20473,116011,0,0,0,0,0,265262,2,0
0,0,0,0,21,6,20474,116011,0,0,0,0,0,264998,2,0
1,0,0,0,29,7,20475,116011,0,0,0,0,0,265252,2,0
4,0,0,1,14,12,20476,116011,0,0,0,0,0,264896,3,0
1,0,0,0,20,13,20477,116011,0,0,0,0,0,277966,3,0
1,0,0,0,25,15,20478,116011,0,0,0,0,0,266598,5,0
4,0,0,1,8,16,20479,116011,0,0,0,0,0,265333,3,0
7,0,0,1,17,24,20480,116011,0,0,0,0,0,265277,3,0
4,0,0,1,9,26,20481,116011,0,0,0,0,1,256489,4,0
0,0,0,0,77,28,20482,116011,0,0,0,0,0,226360,3,0
2,0,0,1,7,28,20483,116011,0,0,0,0,0,265258,4,0
0,0,0,0,11,28,20484,116011,0,0,0,0,0,265323,3,0
0,0,0,0,6,28,20485,116011,0,0,0,0,0,266939,4,0
0,0,0,0,1,28,20486,116011,0,0,0,0,0,265040,3,0
0,0,0,0,23,28,20487,116011,0,0,0,0,0,265265,3,0
1,0,0,0,24,28,20488,116011,0,0,0,0,1,265246,5,0
0,0,0,0,16,28,20489,116011,0,0,0,0,0,265261,3,0
0,0,0,0,10,28,20490,116011,0,0,0,0,0,265284,3,0
1,0,0,0,4,28,20491,116011,0,0,0,0,0,228081,3,0
1,0,0,0,13,28,20492,116011,0,0,0,0,0,279885,4,0
0,0,0,0,27,0,20493,116012,0,0,0,0,0,247504,2,0
0,0,0,0,14,3,20494,116012,0,0,0,0,0,250751,3,0
2,0,0,0,4,4,20495,116012,0,0,0,0,0,265293,1,0
2,0,0,0,21,6,20496,116012,0,0,0,0,0,263012,2,0
1,0,0,0,6,7,20497,116012,0,0,0,0,0,247797,2,0
1,0,0,0,10,9,20498,116012,0,0,0,0,0,265273,2,0
2,0,0,0,12,11,20499,116012,0,0,0,0,0,265271,1,0
3,0,0,1,17,12,20500,116012,0,0,0,0,0,242796,1,0
2,0,0,0,11,16,20501,116012,0,0,0,0,0,265275,1,0
6,0,0,1,7,18,20502,116012,0,0,0,0,1,263011,1,0
1,0,0,0,23,25,20503,116012,0,0,0,0,0,248794,3,0
5,0,0,1,9,28,20504,116012,0,0,0,0,0,258706,3,0
8,0,0,1,22,28,20505,116012,0,0,0,0,0,235659,2,0
0,0,0,0,8,28,20506,116012,0,0,0,0,0,254096,3,0
0,0,0,0,3,28,20507,116012,0,0,0,0,0,266551,3,0
0,0,0,0,91,28,20508,116012,0,0,0,0,0,267212,3,0
5,0,0,1,28,28,20509,116012,0,0,0,0,0,265263,3,0
0,0,0,0,15,28,20510,116012,0,0,0,0,0,265350,1,0
1,0,0,0,20,28,20511,116012,0,0,0,0,0,273227,3,0
2,0,0,0,16,28,20512,116012,0,0,0,0,0,268475,1,0
0,0,0,0,5,28,20513,116012,0,0,0,0,0,265268,3,0
0,0,0,0,25,28,20514,116012,0,0,0,0,0,266503,3,0
0,0,0,0,39,28,20515,116012,0,0,0,0,0,273838,3,0
0,0,0,0,36,29,20516,116012,0,0,0,0,0,275519,3,0
0,0,0,0,34,29,20517,116012,0,0,0,0,0,277965,3,0
0,0,0,0,13,29,20518,116012,0,0,0,0,0,273837,3,0
0,0,0,0,32,0,20519,116013,0,0,0,0,0,265279,3,0
0,0,0,0,16,3,20520,116013,0,0,0,0,0,258915,3,0
1,0,0,0,5,4,20521,116013,0,0,0,0,0,265421,2,0
0,0,0,0,14,6,20522,116013,0,0,0,0,0,273149,2,0
0,0,0,0,3,7,20523,116013,0,0,0,0,0,265336,2,0
0,0,0,0,7,23,20524,116013,0,0,0,0,0,265217,3,0
2,0,0,1,17,13,20525,116013,0,0,0,0,0,261835,3,0
1,0,0,0,6,14,20526,116013,0,0,0,0,0,227201,3,0
0,0,0,0,10,15,20527,116013,0,0,0,0,0,247477,4,0
2,0,0,1,8,27,20528,116013,0,0,0,0,0,226355,3,0
13,1,0,1,11,25,20529,116013,0,0,0,0,1,266254,2,0
2,0,0,1,9,28,20530,116013,0,0,0,0,0,246029,4,0
1,0,0,0,21,28,20531,116013,0,0,0,0,0,276846,3,0
3,0,0,1,22,28,20532,116013,0,0,0,0,0,265289,3,0
0,0,0,0,26,28,20533,116013,0,0,0,0,0,247116,3,0
0,0,0,0,40,28,20534,116013,0,0,0,0,0,266526,3,0
0,0,0,0,18,28,20535,116013,0,0,0,0,0,265292,3,0
0,0,0,0,33,28,20536,116013,0,0,0,0,0,265691,3,0
0,0,0,0,28,28,20537,116013,0,0,0,0,0,70304,2,0
0,0,0,0,20,28,20538,116013,0,0,0,0,0,272937,3,0
0,0,0,0,2,28,20539,116013,0,0,0,0,0,233330,2,0
0,0,0,0,1,0,20540,116014,0,0,0,0,0,227925,2,0
0,0,0,0,18,3,20541,116014,0,0,0,0,0,273687,3,0
1,0,0,1,3,4,20542,116014,0,0,0,0,0,245826,3,0
1,0,0,1,21,5,20543,116014,0,0,0,0,1,273919,3,0
1,0,0,1,23,6,20544,116014,0,0,0,0,0,241549,3,0
1,0,0,1,2,7,20545,116014,0,0,0,0,0,245889,2,0
0,0,0,0,4,10,20546,116014,0,0,0,0,0,265297,3,0
2,0,0,1,19,13,20547,116014,0,0,0,0,0,271739,3,0
0,0,0,0,8,15,20548,116014,0,0,0,0,0,266601,2,0
5,0,0,1,9,24,20549,116014,0,0,0,0,1,248728,4,0
6,0,0,1,20,26,20550,116014,0,0,0,0,0,227348,3,0
0,0,0,0,15,28,20551,116014,0,0,0,0,0,226351,3,0
0,0,0,0,10,28,20552,116014,0,0,0,0,0,265300,3,0
0,0,0,0,22,28,20553,116014,0,0,0,0,0,227115,3,0
0,0,0,0,14,28,20554,116014,0,0,0,0,0,235594,3,0
0,0,0,0,25,28,20555,116014,0,0,0,0,0,265295,3,0
0,0,0,0,12,28,20556,116014,0,0,0,0,0,265347,2,0
1,0,0,1,5,28,20557,116014,0,0,0,0,0,261793,2,0
0,0,0,0,16,28,20558,116014,0,0,0,0,0,270468,2,0
0,0,0,0,7,28,20559,116014,0,0,0,0,0,70783,3,0
0,0,0,0,41,28,20560,116014,0,0,0,0,0,270861,3,0
0,0,0,0,1,0,20561,116015,0,0,0,0,0,258680,3,0
1,0,0,0,2,3,20562,116015,0,0,0,0,0,265326,4,0
1,0,0,0,4,4,20563,116015,0,0,0,0,0,265237,3,0
0,0,0,0,6,6,20564,116015,0,0,0,0,0,245875,3,0
1,0,0,0,33,7,20565,116015,0,0,0,0,0,265319,3,0
5,0,0,1,23,23,20566,116015,0,0,0,0,0,227397,3,0
1,0,0,0,10,13,20567,116015,0,0,0,0,0,227353,4,0
0,0,0,0,5,14,20568,116015,0,0,0,0,0,246235,3,0
2,0,0,1,8,15,20569,116015,0,0,0,0,0,227257,4,0
0,0,0,0,20,27,20570,116015,0,0,0,0,0,265274,4,0
7,0,0,1,9,25,20571,116015,0,0,0,0,0,235657,4,0
2,0,0,1,7,28,20572,116015,0,0,0,0,2,265311,5,0
3,0,0,1,17,28,20573,116015,0,0,0,0,0,267328,3,0
1,0,0,0,25,28,20574,116015,0,0,0,0,0,267374,4,0
1,0,0,0,14,28,20575,116015,0,0,0,0,0,265332,3,0
0,0,0,0,21,28,20576,116015,0,0,0,0,0,242524,4,0
0,0,0,0,22,28,20577,116015,0,0,0,0,0,265338,3,0
1,0,0,0,15,28,20578,116015,0,0,0,0,0,265307,3,0
0,0,0,0,18,28,20579,116015,0,0,0,0,0,277983,3,0
0,0,0,0,26,28,20580,116015,0,0,0,0,0,265243,3,0
0,0,0,0,34,28,20581,116015,0,0,0,0,0,71365,3,0
0,0,0,0,1,0,20582,116016,0,0,0,0,0,265331,4,0
0,0,0,0,2,4,20583,116016,0,0,0,0,0,271347,3,0
3,0,0,1,20,5,20584,116016,0,0,0,0,0,265334,3,0
2,0,0,1,28,6,20585,116016,0,0,0,0,0,265012,2,0
0,0,0,0,19,23,20586,116016,0,0,0,0,0,273381,3,0
1,0,0,0,10,12,20587,116016,0,0,0,0,0,263966,3,0
1,0,0,0,8,13,20588,116016,0,0,0,0,1,261786,3,0
3,0,0,1,22,15,20589,116016,0,0,0,0,0,245443,3,0
0,0,0,0,7,16,20590,116016,0,0,0,0,0,264831,4,0
0,0,0,0,26,27,20591,116016,0,0,0,0,0,271809,3,0
2,0,0,1,25,25,20592,116016,0,0,0,0,0,244059,4,0
0,0,0,0,9,28,20593,116016,0,0,0,0,0,227252,3,0
2,0,0,1,18,28,20594,116016,0,0,0,0,0,227092,3,0
0,0,0,0,47,28,20595,116016,0,0,0,0,0,277793,3,0
0,0,0,0,17,28,20596,116016,0,0,0,0,0,246968,2,0
0,0,0,0,12,28,20597,116016,0,0,0,0,0,265269,3,0
0,0,0,0,21,28,20598,116016,0,0,0,0,0,273010,3,0
1,0,0,0,27,28,20599,116016,0,0,0,0,0,271728,2,0
1,0,0,0,23,28,20600,116016,0,0,0,0,1,265024,3,0
0,0,0,0,11,28,20601,116016,0,0,0,0,0,277367,2,0
0,0,0,0,15,28,20602,116016,0,0,0,0,0,70721,3,0
0,0,0,0,30,28,20603,116016,0,0,0,0,0,278619,3,0
0,0,0,0,35,0,20604,116017,0,0,0,0,0,266568,3,0
0,0,0,0,14,3,20605,116017,0,0,0,0,0,265339,3,0
0,0,0,0,33,4,20606,116017,0,0,0,0,0,227109,3,0
1,0,0,0,5,6,20607,116017,0,0,0,0,1,227254,3,0
1,0,0,0,15,7,20608,116017,0,0,0,0,0,233150,3,0
0,0,0,0,25,9,20609,116017,0,0,0,0,0,245830,3,0
3,0,0,0,7,11,20610,116017,0,0,0,0,0,265341,2,0
5,0,0,1,9,12,20611,116017,0,0,0,0,0,257001,3,0
10,1,0,1,11,16,20612,116017,0,0,0,0,1,257008,3,0
0,0,0,0,12,18,20613,116017,0,0,0,0,0,263964,3,0
21,1,0,1,21,25,20614,116017,0,0,0,1,0,246219,3,0
4,0,0,1,16,28,20615,116017,0,0,0,0,0,265340,3,0
0,0,0,0,6,28,20616,116017,0,0,0,0,0,226358,3,0
0,0,0,0,3,28,20617,116017,0,0,0,0,0,227264,3,0
1,0,0,0,4,28,20618,116017,0,0,0,0,0,253435,2,0
0,0,0,0,1,28,20619,116017,0,0,0,0,0,247796,3,0
3,0,0,0,8,28,20620,116017,0,0,0,0,2,248799,5,0
0,0,0,0,18,28,20621,116017,0,0,0,0,0,264875,3,0
6,0,0,1,20,28,20622,116017,0,0,0,0,0,240714,3,0
0,0,0,0,22,28,20623,116017,0,0,0,0,0,258979,3,0
0,0,0,0,30,28,20624,116017,0,0,0,0,0,265342,3,0
1,0,0,0,19,28,20625,116017,0,0,0,0,0,265317,3,0
0,0,0,0,26,28,20626,116017,0,0,0,0,0,275983,3,0
0,0,0,0,17,29,20627,116017,0,0,0,0,0,70817,3,0
0,0,0,0,23,0,20628,116020,0,0,0,0,0,244058,3,0
4,0,0,1,11,3,20629,116020,0,0,0,0,0,261785,2,0
0,0,0,0,17,4,20630,116020,0,0,0,0,0,258704,2,0
1,0,0,0,5,6,20631,116020,0,0,0,0,1,245877,5,0
0,0,0,0,12,7,20632,116020,0,0,0,0,0,265253,2,0
1,0,0,0,15,10,20633,116020,0,0,0,0,0,250826,3,0
1,0,0,0,10,12,20634,116020,0,0,0,0,0,265281,3,0
3,0,0,1,3,13,20635,116020,0,0,0,0,0,265233,4,0
2,0,0,1,29,15,20636,116020,0,0,0,0,0,245834,4,0
6,0,0,1,8,16,20637,116020,0,0,0,0,0,277963,3,0
5,0,0,1,9,25,20638,116020,0,0,0,0,0,227734,2,0
0,0,0,0,7,28,20639,116020,0,0,0,0,0,238096,3,0
0,0,0,0,27,28,20640,116020,0,0,0,0,0,265234,3,0
0,0,0,0,21,28,20641,116020,0,0,0,0,0,265224,3,0
0,0,0,0,2,28,20642,116020,0,0,0,0,0,262867,3,0
0,0,0,0,1,28,20643,116020,0,0,0,0,0,264889,3,0
1,0,0,0,20,28,20644,116020,0,0,0,0,0,266556,4,0
0,0,0,0,14,28,20645,116020,0,0,0,0,0,265259,3,0
0,0,0,0,4,28,20646,116020,0,0,0,0,0,233354,3,0
1,0,0,0,6,28,20647,116020,0,0,0,0,0,275458,3,0
0,0,0,0,19,28,20648,116020,0,0,0,0,0,264832,3,0
0,0,0,0,18,28,20649,116020,0,0,0,0,0,70576,3,0
0,0,0,0,32,28,20650,116020,0,0,0,0,0,266563,3,0
0,0,0,0,1,0,20651,116343,0,0,0,0,0,266907,3,0
2,0,0,1,23,4,20652,116343,0,0,0,0,1,227243,4,0
0,0,0,0,5,5,20653,116343,0,0,0,0,0,266913,3,0
1,0,0,0,4,6,20654,116343,0,0,0,0,0,265301,5,0
2,0,0,1,2,12,20655,116343,0,0,0,0,0,265286,3,0
0,0,0,0,8,13,20656,116343,0,0,0,0,0,270892,5,0
5,0,0,1,14,15,20657,116343,0,0,0,0,0,265019,5,0
0,0,0,0,6,16,20658,116343,0,0,0,0,0,266914,3,0
2,0,0,1,18,18,20659,116343,0,0,0,0,0,266922,5,0
1,0,0,0,19,24,20660,116343,0,0,0,0,0,233752,3,0
6,0,0,1,10,26,20661,116343,0,0,0,0,1,266975,4,0
2,0,0,1,9,28,20662,116343,0,0,0,0,1,266923,3,0
1,0,0,0,11,28,20663,116343,0,0,0,0,0,242784,3,0
1,0,0,0,7,28,20664,116343,0,0,0,0,0,266918,3,0
2,0,0,1,12,28,20665,116343,0,0,0,0,0,266915,5,0
0,0,0,0,16,28,20666,116343,0,0,0,0,0,248751,5,0
0,0,0,0,20,28,20667,116343,0,0,0,0,0,266926,3,0
1,0,0,0,17,28,20668,116343,0,0,0,0,1,268486,5,0
0,0,0,0,15,28,20669,116343,0,0,0,0,0,273050,3,0
0,0,0,0,13,28,20670,116343,0,0,0,0,0,276722,4,0
0,0,0,0,32,28,20671,116343,0,0,0,0,0,267583,3,0
0,0,0,0,34,28,20672,116343,0,0,0,0,0,267585,3,0
0,0,0,0,1,0,20673,131725,0,0,0,0,0,72402,3,0
0,0,0,0,99,3,20674,131725,0,0,0,0,0,72581,3,0
0,0,0,0,2,4,20675,131725,0,0,0,0,0,72566,3,0
0,0,0,0,3,6,20676,131725,0,0,0,0,0,273382,3,0
0,0,0,0,4,7,20677,131725,0,0,0,0,0,265287,3,0
0,0,0,0,5,23,20678,131725,0,0,0,0,0,273378,3,0
1,0,0,1,6,13,20679,131725,0,0,0,0,0,265264,3,0
0,0,0,0,7,14,20680,131725,0,0,0,0,0,72126,3,0
0,0,0,0,8,15,20681,131725,0,0,0,0,0,245883,3,0
0,0,0,0,9,27,20682,131725,0,0,0,0,0,270606,3,0
0,0,0,0,10,25,20683,131725,0,0,0,0,0,72432,3,0
0,0,0,0,15,28,20684,131725,0,0,0,0,0,270664,3,0
0,0,0,0,13,28,20685,131725,0,0,0,0,0,72577,3,0
0,0,0,0,14,28,20686,131725,0,0,0,0,0,72579,3,0
0,0,0,0,12,28,20687,131725,0,0,0,0,0,72575,3,0
0,0,0,0,11,28,20688,131725,0,0,0,0,0,72565,3,0
0,0,0,0,17,28,20689,131725,0,0,0,0,0,72580,3,0
0,0,0,0,16,28,20690,131725,0,0,0,0,0,72570,3,0
0,0,0,0,18,28,20691,131725,0,0,0,0,0,72428,3,0
0,0,0,0,19,28,20692,131725,0,0,0,0,0,72578,3,0
0,0,0,0,18,0,20693,116300,0,0,0,0,0,267204,1,0
0,0,0,0,11,3,20694,116300,0,0,0,0,0,242024,2,0
0,0,0,0,4,4,20695,116300,0,0,0,0,0,264011,3,0
0,0,0,0,3,6,20696,116300,0,0,0,0,0,233246,2,0
0,0,0,0,17,7,20697,116300,0,0,0,0,0,265352,3,0
0,0,0,0,6,9,20698,116300,0,0,0,0,0,267293,3,0
0,0,0,0,10,11,20699,116300,0,0,0,0,0,267201,2,0
1,0,0,1,24,12,20700,116300,0,0,0,0,0,267207,2,0
1,0,0,1,23,16,20701,116300,0,0,0,0,0,267206,2,0
1,0,0,1,91,18,20702,116300,0,0,0,0,0,266549,4,0
3,0,0,1,8,25,20703,116300,0,0,0,0,0,266094,3,0
0,0,0,0,5,28,20704,116300,0,0,0,0,0,227404,3,0
0,0,0,0,7,28,20705,116300,0,0,0,0,0,267211,3,0
0,0,0,0,12,28,20706,116300,0,0,0,0,0,267198,3,0
0,0,0,0,25,28,20707,116300,0,0,0,0,0,273484,1,0
0,0,0,0,1,28,20708,116300,0,0,0,0,0,267200,3,0
0,0,0,0,9,28,20709,116300,0,0,0,0,0,247512,3,0
0,0,0,0,33,28,20710,116300,0,0,0,0,0,267522,3,0
0,0,0,0,13,28,20711,116300,0,0,0,0,0,268348,3,0
0,0,0,0,21,28,20712,116300,0,0,0,0,0,267209,2,0
0,0,0,0,20,28,20713,116300,0,0,0,0,0,71495,3,0
0,0,0,0,28,28,20714,116300,0,0,0,0,0,270384,3,0
0,0,0,0,26,28,20715,116300,0,0,0,0,0,278625,3,0
0,0,0,0,22,29,20716,116300,0,0,0,0,0,267524,3,0
0,0,0,0,27,29,20717,116300,0,0,0,0,0,71666,3,0
0,0,0,0,18,0,20718,116302,0,0,0,0,0,267219,4,0
0,0,0,0,2,3,20719,116302,0,0,0,0,0,273470,3,0
0,0,0,0,20,4,20720,116302,0,0,0,0,0,267220,4,0
0,0,0,0,4,6,20721,116302,0,0,0,0,0,226177,4,0
0,0,0,0,23,7,20722,116302,0,0,0,0,0,265072,4,0
3,0,0,1,16,23,20723,116302,0,0,0,0,0,227381,3,0
0,0,0,0,21,13,20724,116302,0,0,0,0,0,227387,3,0
2,0,0,1,17,14,20725,116302,0,0,0,0,0,267217,5,0
2,0,0,1,13,15,20726,116302,0,0,0,0,0,267223,4,0
1,0,0,0,22,27,20727,116302,0,0,0,0,0,266093,3,0
8,1,0,1,9,25,20728,116302,0,0,0,1,0,264012,5,0
1,0,0,0,8,28,20729,116302,0,0,0,0,0,245839,5,0
0,0,0,0,24,28,20730,116302,0,0,0,0,0,273477,3,0
2,0,0,1,12,28,20731,116302,0,0,0,0,0,226359,3,0
0,0,0,0,25,28,20732,116302,0,0,0,0,0,226329,3,0
0,0,0,0,28,28,20733,116302,0,0,0,0,0,273497,3,0
0,0,0,0,5,28,20734,116302,0,0,0,0,0,273174,3,0
0,0,0,0,11,28,20735,116302,0,0,0,0,0,273270,3,0
2,0,0,1,15,28,20736,116302,0,0,0,0,0,71425,5,0
0,0,0,0,39,28,20737,116302,0,0,0,0,0,267224,3,0
0,0,0,0,26,28,20738,116302,0,0,0,0,0,71504,3,0
0,0,0,0,29,28,20739,116302,0,0,0,0,0,71665,3,0
0,0,0,0,27,28,20740,116302,0,0,0,0,0,270082,3,0
0,0,0,0,54,29,20741,116302,0,0,0,0,0,71502,3,0
0,0,0,0,44,29,20742,116302,0,0,0,0,0,267478,3,0
0,0,0,0,1,29,20743,116302,0,0,0,0,0,267215,3,0
0,0,0,0,1,0,20744,116303,0,0,0,0,0,243775,3,0
0,0,0,0,13,3,20745,116303,0,0,0,0,0,267247,3,0
0,0,0,0,3,4,20746,116303,0,0,0,0,0,267235,2,0
1,0,0,1,7,6,20747,116303,0,0,0,0,0,265862,3,0
0,0,0,0,11,7,20748,116303,0,0,0,0,0,233838,1,0
0,0,0,0,10,9,20749,116303,0,0,0,0,0,267238,3,0
0,0,0,0,6,11,20750,116303,0,0,0,0,0,245833,2,0
3,0,0,1,14,12,20751,116303,0,0,0,0,0,267369,2,0
2,0,0,1,5,16,20752,116303,0,0,0,0,0,273476,2,0
1,0,0,1,2,18,20753,116303,0,0,0,0,0,266091,4,0
0,0,0,0,34,25,20754,116303,0,0,0,0,0,277926,2,0
0,0,0,0,20,28,20755,116303,0,0,0,0,0,273471,3,0
1,0,0,1,8,28,20756,116303,0,0,0,0,0,267242,3,0
0,0,0,0,94,28,20757,116303,0,0,0,0,0,265506,3,0
0,0,0,0,24,28,20758,116303,0,0,0,0,0,248827,3,0
0,0,0,0,44,28,20759,116303,0,0,0,0,0,267521,3,0
1,0,0,1,17,28,20760,116303,0,0,0,0,0,267376,3,0
2,0,0,1,23,28,20761,116303,0,0,0,0,0,267277,3,0
0,0,0,0,51,28,20762,116303,0,0,0,0,0,267354,3,0
0,0,0,0,12,28,20763,116303,0,0,0,0,0,71663,3,0
0,0,0,0,16,28,20764,116303,0,0,0,0,0,277633,3,0
0,0,0,0,15,28,20765,116303,0,0,0,0,0,267346,3,0
0,0,0,0,21,28,20766,116303,0,0,0,0,0,71585,3,0
0,0,0,0,9,29,20767,116303,0,0,0,0,0,267234,3,0
0,0,0,0,18,29,20768,116303,0,0,0,0,0,273473,3,0
0,0,0,0,4,29,20769,116303,0,0,0,0,0,71662,3,0
0,0,0,0,25,29,20770,116303,0,0,0,0,0,267245,3,0
0,0,0,0,1,0,20771,116304,0,0,0,0,0,266816,3,0
0,0,0,0,14,3,20772,116304,0,0,0,0,0,247725,2,0
0,0,0,0,9,4,20773,116304,0,0,0,0,0,267261,2,0
0,0,0,0,5,6,20774,116304,0,0,0,0,0,227357,3,0
0,0,0,0,3,7,20775,116304,0,0,0,0,0,236642,3,0
1,0,0,0,12,9,20776,116304,0,0,0,0,0,243261,4,0
2,0,0,1,17,11,20777,116304,0,0,0,0,0,71560,3,0
1,0,0,0,2,12,20778,116304,0,0,0,0,0,266928,4,0
2,0,0,1,33,16,20779,116304,0,0,0,0,0,243263,2,0
4,1,0,1,7,18,20780,116304,0,0,0,0,0,279812,5,0
3,0,0,1,11,25,20781,116304,0,0,0,0,0,241545,2,0
1,0,0,0,4,28,20782,116304,0,0,0,0,0,273499,3,0
3,0,0,1,13,28,20783,116304,0,0,0,0,0,267243,3,0
0,0,0,0,39,28,20784,116304,0,0,0,0,0,274806,3,0
0,0,0,0,21,28,20785,116304,0,0,0,0,0,267257,3,0
0,0,0,0,28,28,20786,116304,0,0,0,0,0,226339,3,0
0,0,0,0,26,28,20787,116304,0,0,0,0,0,274779,3,0
0,0,0,0,6,28,20788,116304,0,0,0,0,0,71561,3,0
0,0,0,0,27,28,20789,116304,0,0,0,0,0,273495,3,0
0,0,0,0,18,28,20790,116304,0,0,0,0,0,273493,3,0
0,0,0,0,22,28,20791,116304,0,0,0,0,0,71562,3,0
0,0,0,0,16,28,20792,116304,0,0,0,0,0,71559,3,0
0,0,0,0,20,28,20793,116304,0,0,0,0,0,273502,3,0
0,0,0,0,8,29,20794,116304,0,0,0,0,0,279908,3,0
0,0,0,0,1,0,20795,116305,0,0,0,0,0,226335,3,0
1,0,0,1,28,3,20796,116305,0,0,0,0,0,264901,3,0
0,0,0,0,12,4,20797,116305,0,0,0,0,0,267221,3,0
0,0,0,0,3,6,20798,116305,0,0,0,0,0,267264,2,0
0,0,0,0,32,7,20799,116305,0,0,0,0,0,269123,2,0
1,0,0,1,13,9,20800,116305,0,0,0,0,0,70182,3,0
0,0,0,0,4,11,20801,116305,0,0,0,0,0,267372,3,0
1,0,0,1,24,12,20802,116305,0,0,0,0,0,270079,4,0
1,0,0,1,7,16,20803,116305,0,0,0,0,0,268302,3,0
3,0,0,1,9,18,20804,116305,0,0,0,0,0,232073,4,0
4,1,0,1,34,25,20805,116305,0,0,0,0,0,273488,2,0
0,0,0,0,26,28,20806,116305,0,0,0,0,0,71516,3,0
0,0,0,0,10,28,20807,116305,0,0,0,0,0,267497,3,0
0,0,0,0,11,28,20808,116305,0,0,0,0,0,267331,3,0
2,0,0,1,55,28,20809,116305,0,0,0,0,0,273472,3,0
0,0,0,0,37,28,20810,116305,0,0,0,0,0,246205,3,0
0,0,0,0,15,28,20811,116305,0,0,0,0,0,267517,3,0
0,0,0,0,23,28,20812,116305,0,0,0,0,0,267272,3,0
0,0,0,0,30,28,20813,116305,0,0,0,0,0,267251,3,0
0,0,0,0,33,28,20814,116305,0,0,0,0,0,71584,3,0
0,0,0,0,20,28,20815,116305,0,0,0,0,0,70309,3,0
0,0,0,0,19,28,20816,116305,0,0,0,0,0,274810,3,0
0,0,0,0,29,28,20817,116305,0,0,0,0,0,274761,3,0
0,0,0,0,41,29,20818,116305,0,0,0,0,0,70308,3,0
0,0,0,0,16,29,20819,116305,0,0,0,0,0,273508,3,0
0,0,0,0,8,29,20820,116305,0,0,0,0,0,70305,3,0
1,0,0,1,5,29,20821,116305,0,0,0,0,0,273777,3,0
0,0,0,0,1,0,20822,116306,0,0,0,0,0,238212,4,0
0,0,0,0,25,4,20823,116306,0,0,0,0,0,267289,3,0
1,0,0,1,4,5,20824,116306,0,0,0,0,0,268012,5,0
0,0,0,0,17,6,20825,116306,0,0,0,0,0,265854,2,0
0,0,0,0,20,10,20826,116306,0,0,0,0,0,273485,3,0
0,0,0,0,30,12,20827,116306,0,0,0,0,0,279811,5,0
0,0,0,0,13,13,20828,116306,0,0,0,0,0,227405,2,0
0,0,0,0,31,15,20829,116306,0,0,0,0,0,226988,3,0
0,0,0,0,8,16,20830,116306,0,0,0,0,0,267305,5,0
0,0,0,0,11,24,20831,116306,0,0,0,0,0,267282,3,0
3,0,0,1,9,26,20832,116306,0,0,0,0,0,267237,2,0
0,0,0,0,14,28,20833,116306,0,0,0,0,0,267275,3,0
0,0,0,0,5,28,20834,116306,0,0,0,0,0,267320,3,0
0,0,0,0,19,28,20835,116306,0,0,0,0,0,267379,3,0
0,0,0,0,33,28,20836,116306,0,0,0,0,0,273487,3,0
0,0,0,0,23,28,20837,116306,0,0,0,0,0,274762,3,0
1,0,0,1,16,28,20838,116306,0,0,0,0,0,70684,5,0
0,0,0,0,12,28,20839,116306,0,0,0,0,0,70675,3,0
0,0,0,0,21,28,20840,116306,0,0,0,0,0,267286,3,0
1,0,0,1,6,28,20841,116306,0,0,0,0,0,248367,3,0
0,0,0,0,2,28,20842,116306,0,0,0,0,0,227384,3,0
0,0,0,0,15,28,20843,116306,0,0,0,0,0,274139,4,0
0,0,0,0,22,28,20844,116306,0,0,0,0,0,274818,3,0
0,0,0,0,1,0,20845,116307,0,0,0,0,0,265856,4,0
0,0,0,0,32,3,20846,116307,0,0,0,0,0,273482,3,0
0,0,0,0,4,4,20847,116307,0,0,0,0,0,227421,5,0
0,0,0,0,3,6,20848,116307,0,0,0,0,0,267309,5,0
0,0,0,0,25,7,20849,116307,0,0,0,0,0,267519,5,0
1,0,0,1,15,9,20850,116307,0,0,0,0,0,267199,3,0
0,0,0,0,16,11,20851,116307,0,0,0,0,0,226320,3,0
1,0,0,1,20,12,20852,116307,0,0,0,0,0,267299,3,0
1,0,0,1,9,16,20853,116307,0,0,0,0,0,248219,5,0
2,0,0,1,10,18,20854,116307,0,0,0,0,0,226890,4,0
4,1,0,1,22,25,20855,116307,0,0,0,0,0,276359,4,0
0,0,0,0,7,28,20856,116307,0,0,0,0,0,246358,3,0
0,0,0,0,30,28,20857,116307,0,0,0,0,0,70502,3,0
0,0,0,0,2,28,20858,116307,0,0,0,0,0,243262,4,0
0,0,0,0,6,28,20859,116307,0,0,0,0,0,273468,4,0
0,0,0,0,21,28,20860,116307,0,0,0,0,0,279516,3,0
1,0,0,1,11,28,20861,116307,0,0,0,0,0,267213,3,0
0,0,0,0,12,28,20862,116307,0,0,0,0,0,267304,3,0
3,0,0,1,28,28,20863,116307,0,0,0,0,0,273504,4,0
0,0,0,0,29,28,20864,116307,0,0,0,0,0,276417,3,0
0,0,0,0,31,28,20865,116307,0,0,0,0,0,71531,3,0
0,0,0,0,40,28,20866,116307,0,0,0,0,0,274774,3,0
0,0,0,0,33,28,20867,116307,0,0,0,0,0,71664,3,0
0,0,0,0,13,29,20868,116307,0,0,0,0,0,227208,3,0
0,0,0,0,17,29,20869,116307,0,0,0,0,0,271403,3,0
0,0,0,0,14,29,20870,116307,0,0,0,0,0,267312,3,0
0,0,0,0,5,29,20871,116307,0,0,0,0,0,267291,3,0
0,0,0,0,18,29,20872,116307,0,0,0,0,0,267365,3,0
0,0,0,0,8,29,20873,116307,0,0,0,0,0,253175,3,0
0,0,0,0,1,0,20874,116308,0,0,0,0,0,267321,2,0
0,0,0,0,2,3,20875,116308,0,0,0,0,0,267325,2,0
0,0,0,0,3,4,20876,116308,0,0,0,0,0,267281,2,0
0,0,0,0,20,6,20877,116308,0,0,0,0,0,233341,3,0
0,0,0,0,16,7,20878,116308,0,0,0,0,0,267240,2,0
0,0,0,0,26,9,20879,116308,0,0,0,0,0,267384,4,0
0,0,0,0,14,11,20880,116308,0,0,0,0,0,267311,3,0
1,0,0,1,23,12,20881,116308,0,0,0,0,0,273163,3,0
4,1,0,1,29,16,20882,116308,0,0,0,0,0,273271,3,0
3,0,0,1,7,18,20883,116308,0,0,0,0,0,267318,3,0
2,0,0,1,66,25,20884,116308,0,0,0,0,0,71427,3,0
0,0,0,0,6,28,20885,116308,0,0,0,0,0,266401,3,0
0,0,0,0,19,28,20886,116308,0,0,0,0,0,267505,3,0
0,0,0,0,9,28,20887,116308,0,0,0,0,0,273481,2,0
0,0,0,0,4,28,20888,116308,0,0,0,0,0,272700,3,0
0,0,0,0,24,28,20889,116308,0,0,0,0,0,267314,3,0
0,0,0,0,22,28,20890,116308,0,0,0,0,0,267317,3,0
0,0,0,0,10,28,20891,116308,0,0,0,0,0,246899,3,0
0,0,0,0,21,28,20892,116308,0,0,0,0,0,268305,3,0
0,0,0,0,11,28,20893,116308,0,0,0,0,0,279810,3,0
0,0,0,0,5,28,20894,116308,0,0,0,0,0,267474,3,0
0,0,0,0,8,28,20895,116308,0,0,0,0,0,272826,3,0
0,0,0,0,17,28,20896,116308,0,0,0,0,0,277766,3,0
1,0,0,1,13,29,20897,116308,0,0,0,0,0,71494,2,0
0,0,0,0,99,29,20898,116308,0,0,0,0,0,274808,3,0
0,0,0,0,18,29,20899,116308,0,0,0,0,0,276275,3,0
0,0,0,0,21,0,20900,116309,0,0,0,0,0,232077,4,0
1,0,0,1,5,3,20901,116309,0,0,0,0,0,70713,3,0
0,0,0,0,7,4,20902,116309,0,0,0,0,0,267329,3,0
0,0,0,0,12,6,20903,116309,0,0,0,0,0,273168,3,0
1,0,0,1,18,7,20904,116309,0,0,0,0,0,267343,3,0
1,0,0,1,10,9,20905,116309,0,0,0,0,0,267336,5,0
0,0,0,0,14,11,20906,116309,0,0,0,0,0,279699,5,0
5,1,0,1,6,12,20907,116309,0,0,0,0,0,279799,3,0
1,0,0,1,77,16,20908,116309,0,0,0,0,0,273475,3,0
3,0,0,1,16,18,20909,116309,0,0,0,0,0,267268,2,0
4,1,0,1,9,25,20910,116309,0,0,0,0,0,226897,3,0
1,0,0,1,99,28,20911,116309,0,0,0,0,0,226893,5,0
0,0,0,0,11,28,20912,116309,0,0,0,0,0,227410,3,0
2,0,0,1,94,28,20913,116309,0,0,0,0,0,227359,3,0
0,0,0,0,4,28,20914,116309,0,0,0,0,0,267339,5,0
0,0,0,0,29,28,20915,116309,0,0,0,0,0,273483,3,0
1,0,0,1,25,28,20916,116309,0,0,0,0,0,267334,3,0
1,0,0,1,22,28,20917,116309,0,0,0,0,0,267254,3,0
0,0,0,0,20,28,20918,116309,0,0,0,0,0,267345,3,0
0,0,0,0,78,28,20919,116309,0,0,0,0,0,272084,3,0
0,0,0,0,2,28,20920,116309,0,0,0,0,0,70592,3,0
0,0,0,0,24,28,20921,116309,0,0,0,0,0,273480,5,0
0,0,0,0,13,28,20922,116309,0,0,0,0,0,269680,3,0
0,0,0,0,30,29,20923,116309,0,0,0,0,0,71530,3,0
0,0,0,0,17,29,20924,116309,0,0,0,0,0,273467,3,0
0,0,0,0,3,29,20925,116309,0,0,0,0,0,239791,3,0
0,0,0,0,8,29,20926,116309,0,0,0,0,0,235962,3,0
0,0,0,0,38,0,20927,116310,0,0,0,0,0,267273,3,0
0,0,0,0,3,3,20928,116310,0,0,0,0,0,271893,2,0
0,0,0,0,21,4,20929,116310,0,0,0,0,0,267203,2,0
0,0,0,0,15,6,20930,116310,0,0,0,0,0,244045,3,0
0,0,0,0,2,7,20931,116310,0,0,0,0,0,273469,4,0
0,0,0,0,14,10,20932,116310,0,0,0,0,0,267322,2,0
0,0,0,0,18,23,20933,116310,0,0,0,0,0,267227,3,0
0,0,0,0,17,13,20934,116310,0,0,0,0,0,264960,2,0
1,0,0,1,16,15,20935,116310,0,0,0,0,0,232075,2,0
2,0,0,1,10,27,20936,116310,0,0,0,0,0,236640,4,0
2,0,0,1,9,25,20937,116310,0,0,0,0,0,233244,3,0
0,0,0,0,28,28,20938,116310,0,0,0,0,0,226350,3,0
0,0,0,0,19,28,20939,116310,0,0,0,0,0,226336,3,0
0,0,0,0,6,28,20940,116310,0,0,0,0,0,232074,3,0
0,0,0,0,5,28,20941,116310,0,0,0,0,0,226318,3,0
0,0,0,0,1,28,20942,116310,0,0,0,0,0,267348,3,0
1,0,0,1,13,28,20943,116310,0,0,0,0,0,267278,3,0
0,0,0,0,77,28,20944,116310,0,0,0,0,0,228628,3,0
0,0,0,0,12,28,20945,116310,0,0,0,0,0,267333,3,0
0,0,0,0,22,28,20946,116310,0,0,0,0,0,267353,3,0
0,0,0,0,25,28,20947,116310,0,0,0,0,0,71160,3,0
0,0,0,0,8,28,20948,116310,0,0,0,0,0,267362,3,0
0,0,0,0,23,28,20949,116310,0,0,0,0,0,243769,3,0
0,0,0,0,4,29,20950,116310,0,0,0,0,0,243771,3,0
0,0,0,0,26,29,20951,116310,0,0,0,0,0,265868,3,0
0,0,0,0,7,29,20952,116310,0,0,0,0,0,243770,3,0
0,0,0,0,13,0,20953,116311,0,0,0,0,0,267368,2,0
0,0,0,0,3,3,20954,116311,0,0,0,0,0,267373,3,0
0,0,0,0,11,4,20955,116311,0,0,0,0,0,267367,3,0
0,0,0,0,6,6,20956,116311,0,0,0,0,0,268908,3,0
1,0,0,1,27,7,20957,116311,0,0,0,0,0,70110,4,0
0,0,0,0,7,10,20958,116311,0,0,0,0,0,267226,2,0
5,1,0,1,10,23,20959,116311,0,0,0,0,0,243403,3,0
0,0,0,0,8,13,20960,116311,0,0,0,0,0,267298,3,0
0,0,0,0,29,15,20961,116311,0,0,0,0,0,228565,4,0
0,0,0,0,21,27,20962,116311,0,0,0,0,0,273466,4,0
2,0,0,1,2,25,20963,116311,0,0,0,0,0,226316,2,0
0,0,0,0,24,28,20964,116311,0,0,0,0,0,273486,3,0
0,0,0,0,28,28,20965,116311,0,0,0,0,0,267370,2,0
0,0,0,0,12,28,20966,116311,0,0,0,0,0,243776,3,0
0,0,0,0,99,28,20967,116311,0,0,0,0,0,267202,3,0
0,0,0,0,19,28,20968,116311,0,0,0,0,0,273492,3,0
0,0,0,0,17,28,20969,116311,0,0,0,0,0,71583,3,0
0,0,0,0,5,28,20970,116311,0,0,0,0,0,233343,3,0
0,0,0,0,20,28,20971,116311,0,0,0,0,0,274813,3,0
0,0,0,0,33,28,20972,116311,0,0,0,0,0,241226,3,0
0,0,0,0,44,28,20973,116311,0,0,0,0,0,267351,3,0
0,0,0,0,9,28,20974,116311,0,0,0,0,0,276482,3,0
0,0,0,0,1,28,20975,116311,0,0,0,0,0,70484,3,0
0,0,0,0,18,29,20976,116311,0,0,0,0,0,247811,3,0
0,0,0,0,23,29,20977,116311,0,0,0,0,0,226327,3,0
0,0,0,0,16,29,20978,116311,0,0,0,0,0,267375,3,0
0,0,0,0,1,0,20979,116312,0,0,0,0,0,237673,3,0
1,0,0,1,6,3,20980,116312,0,0,0,0,0,272114,3,0
0,0,0,0,2,4,20981,116312,0,0,0,0,0,236641,3,0
0,0,0,0,4,6,20982,116312,0,0,0,0,0,267382,3,0
0,0,0,0,14,7,20983,116312,0,0,0,0,0,267386,2,0
1,0,0,1,5,9,20984,116312,0,0,0,0,0,227113,3,0
0,0,0,0,24,11,20985,116312,0,0,0,0,0,231736,3,0
1,0,0,1,10,12,20986,116312,0,0,0,0,0,226973,3,0
0,0,0,0,7,16,20987,116312,0,0,0,0,0,267378,3,0
0,0,0,0,21,18,20988,116312,0,0,0,0,0,243264,4,0
0,0,0,0,13,25,20989,116312,0,0,0,0,0,226301,3,0
2,0,0,1,15,28,20990,116312,0,0,0,0,0,267381,3,0
0,0,0,0,23,28,20991,116312,0,0,0,0,0,267330,3,0
2,0,0,1,11,28,20992,116312,0,0,0,0,0,271040,4,0
0,0,0,0,20,28,20993,116312,0,0,0,0,0,267391,2,0
0,0,0,0,22,28,20994,116312,0,0,0,0,0,267884,3,0
1,0,0,1,19,28,20995,116312,0,0,0,0,0,273379,3,0
0,0,0,0,16,28,20996,116312,0,0,0,0,0,71489,3,0
0,0,0,0,12,28,20997,116312,0,0,0,0,0,71586,2,0
0,0,0,0,18,28,20998,116312,0,0,0,0,0,71428,2,0
0,0,0,0,35,28,20999,116312,0,0,0,0,0,274767,3,0
0,0,0,0,8,28,21000,116312,0,0,0,0,0,273478,3,0
0,0,0,0,13,0,21001,116325,0,0,0,0,0,268942,4,0
1,0,0,0,15,3,21002,116325,0,0,0,0,0,227246,4,0
0,0,0,0,2,4,21003,116325,0,0,0,0,0,227190,3,0
0,0,0,0,23,6,21004,116325,0,0,0,0,0,242896,3,0
3,0,0,0,22,7,21005,116325,0,0,0,0,0,253436,5,0
1,0,0,0,21,10,21006,116325,0,0,0,0,0,242830,3,0
18,1,0,1,10,23,21007,116325,0,0,0,1,0,227102,3,0
8,0,0,1,14,13,21008,116325,0,0,0,0,0,241667,4,0
4,0,0,0,12,15,21009,116325,0,0,0,0,0,237289,4,0
12,0,0,1,6,27,21010,116325,0,0,0,0,0,262531,4,0
7,0,0,0,11,25,21011,116325,0,0,0,0,0,227203,4,0
9,0,0,1,9,28,21012,116325,0,0,0,0,0,237288,5,0
17,1,0,1,7,28,21013,116325,0,0,0,0,0,269404,3,0
5,0,0,0,16,28,21014,116325,0,0,0,0,0,227013,3,0
7,0,0,0,8,28,21015,116325,0,0,0,0,0,227191,3,0
0,0,0,0,1,28,21016,116325,0,0,0,0,0,227776,3,0
7,0,0,0,24,28,21017,116325,0,0,0,0,0,267530,5,0
0,0,0,0,26,28,21018,116325,0,0,0,0,0,276098,3,0
0,0,0,0,5,28,21019,116325,0,0,0,0,0,268941,4,0
4,0,0,0,19,28,21020,116325,0,0,0,0,0,268939,5,0
8,0,0,1,30,28,21021,116325,0,0,0,0,0,271446,5,0
0,0,0,0,25,28,21022,116325,0,0,0,0,0,268943,3,0
1,0,0,0,34,28,21023,116325,0,0,0,0,0,268947,3,0
0,0,0,0,33,29,21024,116325,0,0,0,0,0,268944,3,0
1,0,0,0,4,29,21025,116325,0,0,0,0,0,236479,3,0
0,0,0,0,28,29,21026,116325,0,0,0,0,0,272665,3,0
0,0,0,0,40,29,21027,116325,0,0,0,0,0,278194,3,0
0,0,0,0,1,0,21028,116326,0,0,0,0,0,258789,1,0
0,0,0,0,11,3,21029,116326,0,0,0,0,0,271945,1,0
2,0,0,0,5,4,21030,116326,0,0,0,0,0,227780,3,0
1,0,0,0,14,6,21031,116326,0,0,0,0,0,248800,1,0
5,0,0,1,7,7,21032,116326,0,0,0,0,0,262457,1,0
7,0,0,1,22,23,21033,116326,0,0,0,0,0,259372,2,0
1,0,0,0,3,13,21034,116326,0,0,0,0,0,258576,3,0
2,0,0,0,6,15,21035,116326,0,0,0,0,0,227344,2,0
5,0,0,1,18,27,21036,116326,0,0,0,0,0,273153,2,0
4,0,0,0,21,18,21037,116326,0,0,0,0,0,233155,2,0
10,0,0,1,9,25,21038,116326,0,0,0,0,0,264946,2,0
9,0,0,1,20,28,21039,116326,0,0,0,0,0,265900,3,0
9,0,0,1,16,28,21040,116326,0,0,0,0,0,268992,3,0
4,0,0,0,15,28,21041,116326,0,0,0,0,0,227137,3,0
0,0,0,0,23,28,21042,116326,0,0,0,0,0,264980,3,0
0,0,0,0,13,28,21043,116326,0,0,0,0,0,264865,3,0
5,0,0,1,8,28,21044,116326,0,0,0,0,0,262458,3,0
0,0,0,0,2,28,21045,116326,0,0,0,0,0,227466,3,0
1,0,0,0,4,28,21046,116326,0,0,0,0,0,242797,1,0
0,0,0,0,27,28,21047,116326,0,0,0,0,0,278195,3,0
0,0,0,0,28,28,21048,116326,0,0,0,0,0,272227,3,0
0,0,0,0,24,28,21049,116326,0,0,0,0,0,267326,3,0
0,0,0,0,50,28,21050,116326,0,0,0,0,0,272034,3,0
0,0,0,0,10,29,21051,116326,0,0,0,0,0,245879,3,0
0,0,0,0,46,29,21052,116326,0,0,0,0,0,279215,3,0
0,0,0,0,17,29,21053,116326,0,0,0,0,0,268996,3,0
0,0,0,0,1,0,21054,116327,0,0,0,0,0,227204,4,0
0,0,0,0,3,3,21055,116327,0,0,0,0,0,256302,3,0
1,0,0,0,15,4,21056,116327,0,0,0,0,0,272113,3,0
0,0,0,0,11,6,21057,116327,0,0,0,0,0,272112,5,0
0,0,0,0,20,7,21058,116327,0,0,0,0,0,272110,3,0
2,0,0,0,17,10,21059,116327,0,0,0,0,0,272201,3,0
5,0,0,1,19,23,21060,116327,0,0,0,0,0,264725,3,0
1,0,0,0,6,13,21061,116327,0,0,0,0,0,265280,5,0
6,0,0,1,10,15,21062,116327,0,0,0,0,0,272115,3,0
8,0,0,1,16,27,21063,116327,0,0,0,0,0,246630,5,0
13,1,0,1,18,25,21064,116327,0,0,0,0,0,272145,3,0
3,0,0,1,8,28,21065,116327,0,0,0,0,0,241023,4,0
0,0,0,0,9,28,21066,116327,0,0,0,0,0,253437,3,0
1,0,0,0,24,28,21067,116327,0,0,0,0,0,274754,5,0
0,0,0,0,7,28,21068,116327,0,0,0,0,0,256303,3,0
0,0,0,0,13,28,21069,116327,0,0,0,0,0,272271,3,0
1,0,0,0,21,28,21070,116327,0,0,0,0,0,268940,3,0
3,0,0,1,22,28,21071,116327,0,0,0,0,0,246356,3,0
2,0,0,0,14,28,21072,116327,0,0,0,0,0,272116,3,0
0,0,0,0,27,28,21073,116327,0,0,0,0,0,277339,3,0
0,0,0,0,5,28,21074,116327,0,0,0,0,0,272111,3,0
1,0,0,0,2,28,21075,116327,0,0,0,0,0,272109,3,0
0,0,0,0,29,28,21076,116327,0,0,0,0,0,272040,3,0
0,0,0,0,23,29,21077,116327,0,0,0,0,0,265021,3,0
0,0,0,0,13,0,21078,116328,0,0,0,0,0,272212,1,0
0,0,0,0,20,3,21079,116328,0,0,0,0,0,272125,3,0
2,0,0,0,3,4,21080,116328,0,0,0,0,0,272119,1,0
1,0,0,0,2,6,21081,116328,0,0,0,0,0,272203,1,0
1,0,0,0,17,7,21082,116328,0,0,0,0,0,272123,1,0
0,0,0,0,16,9,21083,116328,0,0,0,0,0,272127,1,0
0,0,0,0,19,11,21084,116328,0,0,0,0,0,272131,3,0
6,0,0,1,11,12,21085,116328,0,0,0,0,0,271942,2,0
4,0,0,1,31,16,21086,116328,0,0,0,0,0,272138,3,0
3,0,0,1,15,18,21087,116328,0,0,0,0,0,272135,1,0
5,0,0,1,7,25,21088,116328,0,0,0,0,0,246286,2,0
0,0,0,0,22,28,21089,116328,0,0,0,0,0,258577,3,0
0,0,0,0,10,28,21090,116328,0,0,0,0,0,272136,3,0
0,0,0,0,14,28,21091,116328,0,0,0,0,0,241517,3,0
0,0,0,0,21,28,21092,116328,0,0,0,0,0,272124,1,0
0,0,0,0,1,28,21093,116328,0,0,0,0,0,237287,3,0
1,0,0,0,6,28,21094,116328,0,0,0,0,0,272129,2,0
0,0,0,0,12,28,21095,116328,0,0,0,0,0,272269,3,0
0,0,0,0,18,28,21096,116328,0,0,0,0,0,272130,3,0
2,0,0,0,27,28,21097,116328,0,0,0,0,0,272137,1,0
0,0,0,0,9,28,21098,116328,0,0,0,0,0,272133,3,0
0,0,0,0,4,28,21099,116328,0,0,0,0,0,272120,3,0
2,0,0,0,24,28,21100,116328,0,0,0,0,0,272262,3,0
0,0,0,0,8,29,21101,116328,0,0,0,0,0,272128,3,0
0,0,0,0,34,29,21102,116328,0,0,0,0,0,272126,3,0
5,0,0,1,23,29,21103,116328,0,0,0,0,0,276445,3,0
0,0,0,0,1,0,21104,116330,0,0,0,0,0,272108,3,0
1,0,0,0,8,3,21105,116330,0,0,0,0,0,272029,3,0
1,0,0,0,19,4,21106,116330,0,0,0,0,0,272037,3,0
1,0,0,0,4,6,21107,116330,0,0,0,0,0,272090,5,0
0,0,0,0,11,7,21108,116330,0,0,0,0,0,272035,3,0
3,0,0,1,7,12,21109,116330,0,0,0,0,0,272259,3,0
1,0,0,0,15,13,21110,116330,0,0,0,0,0,272265,5,0
2,0,0,1,10,15,21111,116330,0,0,0,0,0,262460,4,0
3,0,0,1,16,16,21112,116330,0,0,0,0,0,272025,5,0
6,0,0,1,24,24,21113,116330,0,0,0,0,0,243407,3,0
2,0,0,1,14,26,21114,116330,0,0,0,0,0,228622,4,0
2,0,0,1,20,28,21115,116330,0,0,0,0,0,272032,3,0
0,0,0,0,23,28,21116,116330,0,0,0,0,0,272031,3,0
0,0,0,0,21,28,21117,116330,0,0,0,0,0,272038,3,0
2,0,0,1,6,28,21118,116330,0,0,0,0,0,266917,3,0
0,0,0,0,13,28,21119,116330,0,0,0,0,0,272042,3,0
3,0,0,1,22,28,21120,116330,0,0,0,0,0,272003,3,0
0,0,0,0,18,28,21121,116330,0,0,0,0,0,269679,3,0
0,0,0,0,30,28,21122,116330,0,0,0,0,0,272405,3,0
0,0,0,0,28,28,21123,116330,0,0,0,0,0,278663,3,0
0,0,0,0,29,28,21124,116330,0,0,0,0,0,272045,3,0
1,0,0,0,9,28,21125,116330,0,0,0,0,0,272024,3,0
0,0,0,0,13,0,21126,116331,0,0,0,0,0,275576,2,0
0,0,0,0,20,4,21127,116331,0,0,0,0,0,275574,2,0
0,0,0,0,18,5,21128,116331,0,0,0,0,0,272257,2,0
1,0,0,0,4,6,21129,116331,0,0,0,0,0,275579,3,0
0,0,0,0,6,10,21130,116331,0,0,0,0,0,276519,2,0
0,0,0,0,5,12,21131,116331,0,0,0,0,0,275578,2,0
0,0,0,0,7,13,21132,116331,0,0,0,0,0,275581,3,0
3,0,0,1,9,15,21133,116331,0,0,0,0,0,275587,3,0
2,0,0,1,23,16,21134,116331,0,0,0,0,0,278651,2,0
3,0,0,1,8,24,21135,116331,0,0,0,0,0,275586,2,0
6,0,0,1,15,26,21136,116331,0,0,0,0,0,275589,1,0
0,0,0,0,19,28,21137,116331,0,0,0,0,0,277697,3,0
3,0,0,1,11,28,21138,116331,0,0,0,0,0,275588,3,0
0,0,0,0,3,28,21139,116331,0,0,0,0,0,272187,3,0
0,0,0,0,17,28,21140,116331,0,0,0,0,0,246906,3,0
0,0,0,0,25,28,21141,116331,0,0,0,0,0,272117,3,0
0,0,0,0,14,28,21142,116331,0,0,0,0,0,275583,3,0
1,0,0,0,21,28,21143,116331,0,0,0,0,0,276468,3,0
0,0,0,0,1,28,21144,116331,0,0,0,0,0,275573,3,0
1,0,0,0,30,28,21145,116331,0,0,0,0,0,276446,3,0
0,0,0,0,24,28,21146,116331,0,0,0,0,0,273565,3,0
0,0,0,0,2,28,21147,116331,0,0,0,0,0,275580,3,0
0,0,0,0,13,0,21148,116332,0,0,0,0,0,235798,2,0
1,0,0,0,16,3,21149,116332,0,0,0,0,0,272234,3,0
2,0,0,0,2,4,21150,116332,0,0,0,0,0,246357,3,0
1,0,0,0,22,6,21151,116332,0,0,0,0,0,272232,2,0
0,0,0,0,18,7,21152,116332,0,0,0,0,0,272086,3,0
3,0,0,1,3,10,21153,116332,0,0,0,0,0,273547,3,0
4,0,0,1,8,23,21154,116332,0,0,0,0,0,272214,3,0
1,0,0,0,15,13,21155,116332,0,0,0,0,0,241518,2,0
0,0,0,0,5,15,21156,116332,0,0,0,0,0,272697,2,0
3,0,0,1,7,27,21157,116332,0,0,0,0,0,264089,2,0
6,0,0,1,10,25,21158,116332,0,0,0,0,0,264671,2,0
5,0,0,1,24,28,21159,116332,0,0,0,0,0,272217,2,0
0,0,0,0,9,28,21160,116332,0,0,0,0,0,70553,3,0
0,0,0,0,21,28,21161,116332,0,0,0,0,0,70991,2,0
0,0,0,0,11,28,21162,116332,0,0,0,0,0,269145,2,0
0,0,0,0,1,28,21163,116332,0,0,0,0,0,272235,3,0
1,0,0,0,17,28,21164,116332,0,0,0,0,0,233576,3,0
2,0,0,0,20,28,21165,116332,0,0,0,0,0,272229,2,0
1,0,0,0,23,28,21166,116332,0,0,0,0,0,272228,2,0
0,0,0,0,4,28,21167,116332,0,0,0,0,0,272231,3,0
0,0,0,0,19,28,21168,116332,0,0,0,0,0,247543,3,0
0,0,0,0,14,28,21169,116332,0,0,0,0,0,272224,3,0
0,0,0,0,6,28,21170,116332,0,0,0,0,0,272225,3,0
0,0,0,0,34,29,21171,116332,0,0,0,0,0,71503,3,0
0,0,0,0,99,29,21172,116332,0,0,0,0,0,272215,3,0
0,0,0,0,32,29,21173,116332,0,0,0,0,0,272044,3,0
0,0,0,0,25,0,21174,116333,0,0,0,0,0,264941,3,0
1,0,0,0,2,3,21175,116333,0,0,0,0,0,272009,2,0
0,0,0,0,19,4,21176,116333,0,0,0,0,0,272013,2,0
3,0,0,1,4,6,21177,116333,0,0,0,0,0,271944,2,0
1,0,0,0,20,7,21178,116333,0,0,0,0,0,272011,3,0
1,0,0,0,12,10,21179,116333,0,0,0,0,0,272008,2,0
2,0,0,0,11,13,21180,116333,0,0,0,0,0,246287,3,0
1,0,0,0,6,15,21181,116333,0,0,0,0,0,272007,3,0
5,0,0,1,9,18,21182,116333,0,0,0,0,0,272005,2,0
10,0,0,1,18,24,21183,116333,0,0,0,0,0,238422,1,0
12,0,0,1,10,26,21184,116333,0,0,0,0,0,246774,2,0
5,0,0,1,23,28,21185,116333,0,0,0,0,0,272004,3,0
0,0,0,0,8,28,21186,116333,0,0,0,0,0,272012,2,0
0,0,0,0,28,28,21187,116333,0,0,0,0,0,272017,3,0
0,0,0,0,17,28,21188,116333,0,0,0,0,0,272014,3,0
0,0,0,0,1,28,21189,116333,0,0,0,0,0,272021,3,0
0,0,0,0,26,28,21190,116333,0,0,0,0,0,278763,3,0
2,0,0,0,16,28,21191,116333,0,0,0,0,0,272015,2,0
0,0,0,0,14,28,21192,116333,0,0,0,0,0,272185,2,0
0,0,0,0,35,28,21193,116333,0,0,0,0,0,272019,3,0
0,0,0,0,30,28,21194,116333,0,0,0,0,0,272018,3,0
0,0,0,0,36,28,21195,116333,0,0,0,0,0,272020,2,0
0,0,0,0,21,28,21196,116333,0,0,0,0,0,262459,3,0
0,0,0,0,1,0,21197,116334,0,0,0,0,0,272061,2,0
1,0,0,0,16,3,21198,116334,0,0,0,0,0,272064,3,0
4,0,0,1,6,4,21199,116334,0,0,0,0,0,246364,5,0
0,0,0,0,3,5,21200,116334,0,0,0,0,0,268949,3,0
0,0,0,0,18,6,21201,116334,0,0,0,0,0,245959,3,0
1,0,0,0,7,7,21202,116334,0,0,0,0,0,272067,3,0
4,0,0,1,20,10,21203,116334,0,0,0,0,0,272081,4,0
7,0,0,1,8,13,21204,116334,0,0,0,0,0,245962,2,0
2,0,0,0,17,15,21205,116334,0,0,0,0,0,227674,3,0
7,0,0,1,21,24,21206,116334,0,0,0,0,0,271742,5,0
6,0,0,1,23,26,21207,116334,0,0,0,0,0,274780,4,0
2,0,0,0,11,28,21208,116334,0,0,0,0,0,272073,3,0
2,0,0,0,37,28,21209,116334,0,0,0,0,0,278653,3,0
3,0,0,0,15,28,21210,116334,0,0,0,0,0,272079,4,0
0,0,0,0,19,28,21211,116334,0,0,0,0,0,272083,3,0
0,0,0,0,30,28,21212,116334,0,0,0,0,0,277685,3,0
1,0,0,0,22,28,21213,116334,0,0,0,0,0,272078,4,0
5,0,0,1,14,28,21214,116334,0,0,0,0,0,272071,3,0
0,0,0,0,26,28,21215,116334,0,0,0,0,0,272082,3,0
0,0,0,0,27,28,21216,116334,0,0,0,0,0,272077,3,0
0,0,0,0,32,28,21217,116334,0,0,0,0,0,272072,3,0
0,0,0,0,4,28,21218,116334,0,0,0,0,0,71488,3,0
0,0,0,0,10,28,21219,116334,0,0,0,0,0,246359,3,0
0,0,0,0,24,29,21220,116334,0,0,0,0,0,71226,3,0
0,0,0,0,1,0,21221,116336,0,0,0,0,0,272213,3,0
2,0,0,1,21,3,21222,116336,0,0,0,0,0,271443,4,0
0,0,0,0,6,4,21223,116336,0,0,0,0,0,272210,3,0
1,0,0,0,2,6,21224,116336,0,0,0,0,0,272208,4,0
1,0,0,0,23,7,21225,116336,0,0,0,0,0,272207,3,0
0,0,0,0,5,10,21226,116336,0,0,0,0,0,272202,3,0
7,0,0,1,9,23,21227,116336,0,0,0,0,0,269131,3,0
0,0,0,0,8,13,21228,116336,0,0,0,0,0,261843,3,0
0,0,0,0,19,15,21229,116336,0,0,0,0,0,268994,3,0
5,0,0,1,10,27,21230,116336,0,0,0,0,0,259334,4,0
13,1,0,1,20,25,21231,116336,0,0,0,0,0,227369,3,0
2,0,0,1,7,28,21232,116336,0,0,0,0,0,262545,3,0
0,0,0,0,11,28,21233,116336,0,0,0,0,0,272200,3,0
3,0,0,1,18,28,21234,116336,0,0,0,0,0,272199,3,0
0,0,0,0,17,28,21235,116336,0,0,0,0,0,276796,3,0
0,0,0,0,13,28,21236,116336,0,0,0,0,0,272211,3,0
0,0,0,0,4,28,21237,116336,0,0,0,0,0,276711,4,0
0,0,0,0,31,28,21238,116336,0,0,0,0,0,278666,3,0
0,0,0,0,14,28,21239,116336,0,0,0,0,0,272205,3,0
0,0,0,0,26,28,21240,116336,0,0,0,0,0,276809,3,0
0,0,0,0,27,28,21241,116336,0,0,0,0,0,277259,3,0
0,0,0,0,1,0,21242,116337,0,0,0,0,0,228630,3,0
0,0,0,0,17,3,21243,116337,0,0,0,0,0,228626,3,0
2,0,0,0,5,4,21244,116337,0,0,0,0,0,272055,3,0
0,0,0,0,4,6,21245,116337,0,0,0,0,0,272059,4,0
1,0,0,0,7,7,21246,116337,0,0,0,0,0,272053,3,0
2,0,0,0,18,10,21247,116337,0,0,0,0,0,272054,3,0
6,0,0,1,11,23,21248,116337,0,0,0,0,0,272051,3,0
1,0,0,0,16,13,21249,116337,0,0,0,0,0,268945,3,0
1,0,0,0,8,15,21250,116337,0,0,0,0,0,227775,4,0
6,0,0,1,10,27,21251,116337,0,0,0,0,0,272056,3,0
14,1,0,1,19,25,21252,116337,0,0,0,0,0,272050,3,0
1,0,0,0,9,28,21253,116337,0,0,0,0,0,272047,3,0
5,0,0,1,21,28,21254,116337,0,0,0,0,0,241182,4,0
0,0,0,0,12,28,21255,116337,0,0,0,0,0,268993,4,0
1,0,0,0,3,28,21256,116337,0,0,0,0,0,261853,4,0
0,0,0,0,13,28,21257,116337,0,0,0,0,0,267127,3,0
1,0,0,0,20,28,21258,116337,0,0,0,0,0,272048,5,0
0,0,0,0,14,28,21259,116337,0,0,0,0,0,272060,3,0
0,0,0,0,29,28,21260,116337,0,0,0,0,0,277256,3,0
0,0,0,0,31,28,21261,116337,0,0,0,0,0,277258,3,0
6,0,0,1,6,28,21262,116337,0,0,0,0,0,275775,5,0
0,0,0,0,1,0,21263,116339,0,0,0,0,0,271943,3,0
0,0,0,0,19,3,21264,116339,0,0,0,0,0,272089,3,0
1,0,0,0,6,4,21265,116339,0,0,0,0,0,268995,2,0
1,0,0,0,4,6,21266,116339,0,0,0,0,0,268948,1,0
3,0,0,1,14,7,21267,116339,0,0,0,0,0,272087,1,0
0,0,0,0,5,10,21268,116339,0,0,0,0,0,242795,2,0
2,0,0,1,20,23,21269,116339,0,0,0,0,0,272098,2,0
2,0,0,1,22,13,21270,116339,0,0,0,0,0,272097,3,0
2,0,0,1,10,15,21271,116339,0,0,0,0,0,272094,3,0
2,0,0,1,11,27,21272,116339,0,0,0,0,0,272099,3,0
11,0,0,1,9,25,21273,116339,0,0,0,0,0,272101,2,0
1,0,0,0,7,28,21274,116339,0,0,0,0,0,272183,2,0
0,0,0,0,21,28,21275,116339,0,0,0,0,0,272065,3,0
1,0,0,0,3,28,21276,116339,0,0,0,0,0,260768,1,0
0,0,0,0,2,28,21277,116339,0,0,0,0,0,272085,3,0
0,0,0,0,13,28,21278,116339,0,0,0,0,0,273142,1,0
5,0,0,1,16,28,21279,116339,0,0,0,0,0,272100,2,0
0,0,0,0,23,28,21280,116339,0,0,0,0,0,272105,3,0
1,0,0,0,26,28,21281,116339,0,0,0,0,0,272626,2,0
0,0,0,0,8,28,21282,116339,0,0,0,0,0,272093,3,0
0,0,0,0,17,28,21283,116339,0,0,0,0,0,277903,3,0
0,0,0,0,25,0,21284,131125,0,0,0,0,0,272236,3,0
0,0,0,0,2,3,21285,131125,0,0,0,0,0,272168,3,0
3,0,0,1,22,4,21286,131125,0,0,0,0,0,265852,2,0
0,0,0,0,14,6,21287,131125,0,0,0,0,0,272174,3,0
2,0,0,0,17,7,21288,131125,0,0,0,0,0,272204,3,0
0,0,0,0,11,23,21289,131125,0,0,0,0,0,272163,3,0
1,0,0,0,21,13,21290,131125,0,0,0,0,0,272167,3,0
1,0,0,0,8,15,21291,131125,0,0,0,0,0,272164,4,0
4,0,0,1,7,27,21292,131125,0,0,0,0,0,272159,3,0
4,0,0,1,10,18,21293,131125,0,0,0,0,0,276904,3,0
8,0,0,1,9,25,21294,131125,0,0,0,0,0,272046,5,0
1,0,0,0,18,28,21295,131125,0,0,0,0,0,226960,3,0
7,0,0,1,16,28,21296,131125,0,0,0,0,0,265906,3,0
1,0,0,0,20,28,21297,131125,0,0,0,0,0,273244,4,0
0,0,0,0,15,28,21298,131125,0,0,0,0,0,227207,3,0
0,0,0,0,13,28,21299,131125,0,0,0,0,0,274075,3,0
0,0,0,0,19,28,21300,131125,0,0,0,0,0,277992,3,0
0,0,0,0,4,28,21301,131125,0,0,0,0,0,272170,3,0
0,0,0,0,1,28,21302,131125,0,0,0,0,0,272177,3,0
0,0,0,0,35,28,21303,131125,0,0,0,0,0,279890,3,0
0,0,0,0,6,28,21304,131125,0,0,0,0,0,272162,3,0
0,0,0,0,40,28,21305,131125,0,0,0,0,0,278313,3,0
0,0,0,0,5,28,21306,131125,0,0,0,0,0,277042,3,0
0,0,0,0,27,29,21307,131125,0,0,0,0,0,272754,3,0
0,0,0,0,1,0,21308,131391,0,0,0,0,0,275762,2,0
0,0,0,0,12,3,21309,131391,0,0,0,0,0,275765,3,0
2,0,0,0,21,4,21310,131391,0,0,0,0,0,275768,3,0
0,0,0,0,3,6,21311,131391,0,0,0,0,0,275770,1,0
0,0,0,0,15,7,21312,131391,0,0,0,0,0,272172,1,0
3,0,0,1,9,12,21313,131391,0,0,0,0,0,272049,2,0
1,0,0,0,5,13,21314,131391,0,0,0,0,0,277048,2,0
1,0,0,0,6,15,21315,131391,0,0,0,0,0,275774,2,0
5,0,0,1,10,16,21316,131391,0,0,0,0,0,275784,2,0
5,0,0,1,24,24,21317,131391,0,0,0,0,0,277123,3,0
3,0,0,1,17,26,21318,131391,0,0,0,0,0,275779,4,0
0,0,0,0,25,28,21319,131391,0,0,0,0,0,269678,3,0
5,0,0,1,7,28,21320,131391,0,0,0,0,0,275787,2,0
0,0,0,0,18,28,21321,131391,0,0,0,0,0,275777,3,0
0,0,0,0,16,28,21322,131391,0,0,0,0,0,272194,3,0
0,0,0,0,13,28,21323,131391,0,0,0,0,0,275761,3,0
3,0,0,1,19,28,21324,131391,0,0,0,0,0,277452,3,0
1,0,0,0,11,28,21325,131391,0,0,0,0,0,277073,3,0
0,0,0,0,14,28,21326,131391,0,0,0,0,0,275769,3,0
0,0,0,0,20,28,21327,131391,0,0,0,0,0,272121,3,0
0,0,0,0,99,28,21328,131391,0,0,0,0,0,275772,3,0
0,0,0,0,2,28,21329,131391,0,0,0,0,0,278135,3,0
1,0,0,0,4,28,21330,131391,0,0,0,0,0,277573,1,0
0,0,0,0,1,0,21331,131720,0,0,0,0,0,72217,3,0
0,0,0,0,2,3,21332,131720,0,0,0,0,0,72148,3,0
0,0,0,0,3,4,21333,131720,0,0,0,0,0,73029,3,0
0,0,0,0,4,6,21334,131720,0,0,0,0,0,72286,3,0
0,0,0,0,5,7,21335,131720,0,0,0,0,0,72223,3,0
0,0,0,0,9,23,21336,131720,0,0,0,0,0,72149,3,0
0,0,0,0,6,13,21337,131720,0,0,0,0,0,72285,3,0
0,0,0,0,7,15,21338,131720,0,0,0,0,0,72150,3,0
0,0,0,0,11,27,21339,131720,0,0,0,0,0,72222,3,0
0,0,0,0,8,18,21340,131720,0,0,0,0,0,72152,3,0
0,0,0,0,10,25,21341,131720,0,0,0,0,0,272239,3,0
0,0,0,0,13,28,21342,131720,0,0,0,0,0,272188,3,0
0,0,0,0,16,28,21343,131720,0,0,0,0,0,72147,3,0
0,0,0,0,14,28,21344,131720,0,0,0,0,0,72288,3,0
0,0,0,0,15,28,21345,131720,0,0,0,0,0,72215,3,0
0,0,0,0,20,28,21346,131720,0,0,0,0,0,275341,3,0
0,0,0,0,17,28,21347,131720,0,0,0,0,0,72279,3,0
0,0,0,0,18,28,21348,131720,0,0,0,0,0,72665,3,0
0,0,0,0,19,28,21349,131720,0,0,0,0,0,72290,3,0
0,0,0,0,12,28,21350,131720,0,0,0,0,0,72221,3,0
0,0,0,0,1,0,21351,131733,0,0,0,0,0,269921,3,0
0,0,0,0,2,3,21352,131733,0,0,0,0,0,273150,3,0
0,0,0,0,3,4,21353,131733,0,0,0,0,0,72340,3,0
0,0,0,0,4,6,21354,131733,0,0,0,0,0,246901,3,0
0,0,0,0,5,7,21355,131733,0,0,0,0,0,72345,3,0
0,0,0,0,9,23,21356,131733,0,0,0,0,0,72361,3,0
0,0,0,0,6,13,21357,131733,0,0,0,0,0,72359,3,0
0,0,0,0,7,15,21358,131733,0,0,0,0,0,72364,3,0
0,0,0,0,11,27,21359,131733,0,0,0,0,0,72367,3,0
0,0,0,0,8,18,21360,131733,0,0,0,0,0,72344,3,0
0,0,0,0,10,25,21361,131733,0,0,0,0,0,272266,3,0
0,0,0,0,13,28,21362,131733,0,0,0,0,0,275782,3,0
0,0,0,0,16,28,21363,131733,0,0,0,0,0,72366,3,0
0,0,0,0,12,28,21364,131733,0,0,0,0,0,72362,3,0
0,0,0,0,15,28,21365,131733,0,0,0,0,0,72377,3,0
0,0,0,0,14,28,21366,131733,0,0,0,0,0,72368,3,0
0,0,0,0,17,28,21367,131733,0,0,0,0,0,277387,3,0
0,0,0,0,18,28,21368,131733,0,0,0,0,0,277395,3,0
0,0,0,0,16,0,21369,116280,0,0,0,0,0,246178,3,0
0,0,0,0,71,3,21370,116280,0,0,0,0,0,266937,3,0
0,0,0,0,25,4,21371,116280,0,0,0,0,0,272010,3,0
0,0,0,0,23,6,21372,116280,0,0,0,0,0,227074,3,0
0,0,0,0,13,7,21373,116280,0,0,0,0,0,227096,3,0
0,0,0,0,9,23,21374,116280,0,0,0,0,0,266996,3,0
0,0,0,0,7,13,21375,116280,0,0,0,0,0,265861,3,0
0,0,0,0,15,15,21376,116280,0,0,0,0,0,247724,3,0
0,0,0,0,18,27,21377,116280,0,0,0,0,0,240717,3,0
0,0,0,0,21,18,21378,116280,0,0,0,0,0,266933,3,0
0,0,0,0,10,25,21379,116280,0,0,0,0,0,227073,3,0
0,0,0,0,11,28,21380,116280,0,0,0,0,0,227072,3,0
0,0,0,0,19,28,21381,116280,0,0,0,0,0,266962,3,0
0,0,0,0,77,28,21382,116280,0,0,0,0,0,241844,3,0
0,0,0,0,20,28,21383,116280,0,0,0,0,0,256094,3,0
0,0,0,0,1,28,21384,116280,0,0,0,0,0,266929,3,0
0,0,0,0,14,28,21385,116280,0,0,0,0,0,265859,3,0
0,0,0,0,3,28,21386,116280,0,0,0,0,0,227098,3,0
0,0,0,0,4,28,21387,116280,0,0,0,0,0,267061,3,0
0,0,0,0,26,28,21388,116280,0,0,0,0,0,275916,3,0
0,0,0,0,6,28,21389,116280,0,0,0,0,0,273818,3,0
0,0,0,0,8,28,21390,116280,0,0,0,0,0,227067,3,0
0,0,0,0,12,28,21391,116280,0,0,0,0,0,276421,3,0
0,0,0,0,44,29,21392,116280,0,0,0,0,0,275989,3,0
0,0,0,0,24,29,21393,116280,0,0,0,0,0,279910,3,0
0,0,0,0,17,29,21394,116280,0,0,0,0,0,267102,3,0
0,0,0,0,33,29,21395,116280,0,0,0,0,0,246786,3,0
0,0,0,0,1,0,21396,131358,0,0,0,0,0,265115,3,0
0,0,0,0,19,3,21397,131358,0,0,0,0,0,261858,3,0
0,0,0,0,80,4,21398,131358,0,0,0,0,0,276511,3,0
0,0,0,0,15,6,21399,131358,0,0,0,0,0,261829,3,0
0,0,0,0,13,7,21400,131358,0,0,0,0,0,268470,3,0
0,0,0,0,11,23,21401,131358,0,0,0,0,0,261852,3,0
0,0,0,0,6,13,21402,131358,0,0,0,0,0,261845,3,0
0,0,0,0,23,14,21403,131358,0,0,0,0,0,275938,3,0
0,0,0,0,2,15,21404,131358,0,0,0,0,0,267529,3,0
0,0,0,0,28,27,21405,131358,0,0,0,0,0,237290,3,0
0,0,0,0,10,25,21406,131358,0,0,0,0,0,261855,3,0
0,0,0,0,9,28,21407,131358,0,0,0,0,0,275927,3,0
0,0,0,0,17,28,21408,131358,0,0,0,0,0,261838,3,0
0,0,0,0,21,28,21409,131358,0,0,0,0,0,275932,3,0
0,0,0,0,3,28,21410,131358,0,0,0,0,0,263479,3,0
0,0,0,0,66,28,21411,131358,0,0,0,0,0,261857,3,0
0,0,0,0,8,28,21412,131358,0,0,0,0,0,275928,3,0
0,0,0,0,4,28,21413,131358,0,0,0,0,0,261832,3,0
0,0,0,0,16,28,21414,131358,0,0,0,0,0,273265,3,0
0,0,0,0,5,28,21415,131358,0,0,0,0,0,276400,3,0
0,0,0,0,14,28,21416,131358,0,0,0,0,0,276397,3,0
0,0,0,0,25,28,21417,131358,0,0,0,0,0,70851,3,0
0,0,0,0,99,28,21418,131358,0,0,0,0,0,275930,3,0
0,0,0,0,71,29,21419,131358,0,0,0,0,0,275933,3,0
0,0,0,0,22,29,21420,131358,0,0,0,0,0,275937,3,0
0,0,0,0,39,29,21421,131358,0,0,0,0,0,275939,3,0
0,0,0,0,20,29,21422,131358,0,0,0,0,0,277780,3,0
0,0,0,0,79,29,21423,131358,0,0,0,0,0,277772,3,0
0,0,0,0,72,29,21424,131358,0,0,0,0,0,277778,3,0
0,0,0,0,31,0,21425,131359,0,0,0,0,0,275966,3,0
0,0,0,0,26,3,21426,131359,0,0,0,0,0,275961,3,0
0,0,0,0,8,4,21427,131359,0,0,0,0,0,233747,3,0
0,0,0,0,25,6,21428,131359,0,0,0,0,0,275948,3,0
0,0,0,0,24,7,21429,131359,0,0,0,0,0,277813,3,0
0,0,0,0,15,23,21430,131359,0,0,0,0,0,273205,3,0
0,0,0,0,20,13,21431,131359,0,0,0,0,0,277951,3,0
0,0,0,0,21,14,21432,131359,0,0,0,0,0,275964,3,0
0,0,0,0,16,15,21433,131359,0,0,0,0,0,277812,3,0
0,0,0,0,19,27,21434,131359,0,0,0,0,0,275971,3,0
0,0,0,0,7,25,21435,131359,0,0,0,0,0,267531,3,0
0,0,0,0,5,28,21436,131359,0,0,0,0,0,275959,3,0
0,0,0,0,29,28,21437,131359,0,0,0,0,0,277815,3,0
0,0,0,0,10,28,21438,131359,0,0,0,0,0,275969,3,0
0,0,0,0,6,28,21439,131359,0,0,0,0,0,275949,3,0
0,0,0,0,1,28,21440,131359,0,0,0,0,0,275968,3,0
0,0,0,0,11,28,21441,131359,0,0,0,0,0,247792,3,0
0,0,0,0,18,28,21442,131359,0,0,0,0,0,275963,3,0
0,0,0,0,3,28,21443,131359,0,0,0,0,0,275962,3,0
0,0,0,0,12,28,21444,131359,0,0,0,0,0,275967,3,0
0,0,0,0,9,28,21445,131359,0,0,0,0,0,275946,3,0
0,0,0,0,17,28,21446,131359,0,0,0,0,0,277816,3,0
0,0,0,0,13,28,21447,131359,0,0,0,0,0,278089,3,0
0,0,0,0,22,29,21448,131359,0,0,0,0,0,275945,3,0
0,0,0,0,23,29,21449,131359,0,0,0,0,0,277952,3,0
0,0,0,0,1,0,21450,131360,0,0,0,0,0,275811,3,0
0,0,0,0,17,3,21451,131360,0,0,0,0,0,275817,3,0
0,0,0,0,77,4,21452,131360,0,0,0,0,0,273224,3,0
0,0,0,0,20,6,21453,131360,0,0,0,0,0,275813,3,0
0,0,0,0,6,7,21454,131360,0,0,0,0,0,275815,3,0
0,0,0,0,10,9,21455,131360,0,0,0,0,0,275824,3,0
0,0,0,0,30,11,21456,131360,0,0,0,0,0,274770,3,0
0,0,0,0,12,12,21457,131360,0,0,0,0,0,275826,3,0
0,0,0,0,21,16,21458,131360,0,0,0,0,0,265304,3,0
0,0,0,0,11,18,21459,131360,0,0,0,0,0,275828,3,0
0,0,0,0,9,25,21460,131360,0,0,0,0,0,275809,3,0
0,0,0,0,23,28,21461,131360,0,0,0,0,0,276345,3,0
0,0,0,0,16,28,21462,131360,0,0,0,0,0,275808,3,0
0,0,0,0,25,28,21463,131360,0,0,0,0,0,275820,3,0
0,0,0,0,7,28,21464,131360,0,0,0,0,0,275816,3,0
0,0,0,0,26,28,21465,131360,0,0,0,0,0,275810,3,0
0,0,0,0,8,28,21466,131360,0,0,0,0,0,275823,3,0
0,0,0,0,5,28,21467,131360,0,0,0,0,0,277945,3,0
0,0,0,0,19,28,21468,131360,0,0,0,0,0,275818,3,0
0,0,0,0,13,28,21469,131360,0,0,0,0,0,276382,3,0
0,0,0,0,28,28,21470,131360,0,0,0,0,0,275822,3,0
0,0,0,0,15,28,21471,131360,0,0,0,0,0,267520,3,0
0,0,0,0,24,28,21472,131360,0,0,0,0,0,275827,3,0
0,0,0,0,29,29,21473,131360,0,0,0,0,0,276381,3,0
0,0,0,0,14,29,21474,131360,0,0,0,0,0,275814,3,0
0,0,0,0,1,0,21475,131361,0,0,0,0,0,276850,3,0
0,0,0,0,15,3,21476,131361,0,0,0,0,0,273412,3,0
0,0,0,0,8,4,21477,131361,0,0,0,0,0,273403,3,0
0,0,0,0,6,6,21478,131361,0,0,0,0,0,275895,3,0
0,0,0,0,2,7,21479,131361,0,0,0,0,0,273406,3,0
0,0,0,0,5,9,21480,131361,0,0,0,0,0,273401,3,0
0,0,0,0,25,11,21481,131361,0,0,0,0,0,277308,3,0
0,0,0,0,17,12,21482,131361,0,0,0,0,0,273404,3,0
0,0,0,0,18,16,21483,131361,0,0,0,0,0,70148,3,0
0,0,0,0,10,18,21484,131361,0,0,0,0,0,275888,3,0
0,0,0,0,20,25,21485,131361,0,0,0,0,0,273410,3,0
0,0,0,0,24,28,21486,131361,0,0,0,0,0,275845,3,0
0,0,0,0,26,28,21487,131361,0,0,0,0,0,276615,3,0
0,0,0,0,3,28,21488,131361,0,0,0,0,0,266793,3,0
0,0,0,0,4,28,21489,131361,0,0,0,0,0,276620,3,0
0,0,0,0,21,28,21490,131361,0,0,0,0,0,275889,3,0
0,0,0,0,9,28,21491,131361,0,0,0,0,0,264911,3,0
0,0,0,0,29,28,21492,131361,0,0,0,0,0,277718,3,0
0,0,0,0,27,28,21493,131361,0,0,0,0,0,277709,3,0
0,0,0,0,13,28,21494,131361,0,0,0,0,0,276617,3,0
0,0,0,0,23,28,21495,131361,0,0,0,0,0,276239,3,0
0,0,0,0,16,28,21496,131361,0,0,0,0,0,277307,3,0
0,0,0,0,12,0,21497,131362,0,0,0,0,0,275913,3,0
0,0,0,0,6,3,21498,131362,0,0,0,0,0,275925,3,0
0,0,0,0,3,4,21499,131362,0,0,0,0,0,269657,3,0
0,0,0,0,25,6,21500,131362,0,0,0,0,0,227011,3,0
0,0,0,0,15,7,21501,131362,0,0,0,0,0,226976,3,0
0,0,0,0,11,9,21502,131362,0,0,0,0,0,275919,3,0
0,0,0,0,24,11,21503,131362,0,0,0,0,0,277881,3,0
0,0,0,0,9,12,21504,131362,0,0,0,0,0,275917,3,0
0,0,0,0,22,16,21505,131362,0,0,0,0,0,226985,3,0
0,0,0,0,19,24,21506,131362,0,0,0,0,0,273169,3,0
0,0,0,0,16,26,21507,131362,0,0,0,0,0,277451,3,0
0,0,0,0,13,28,21508,131362,0,0,0,0,0,273177,3,0
0,0,0,0,17,28,21509,131362,0,0,0,0,0,226975,3,0
0,0,0,0,10,28,21510,131362,0,0,0,0,0,70145,3,0
0,0,0,0,8,28,21511,131362,0,0,0,0,0,246414,3,0
0,0,0,0,1,28,21512,131362,0,0,0,0,0,266451,3,0
0,0,0,0,4,28,21513,131362,0,0,0,0,0,246633,3,0
0,0,0,0,44,28,21514,131362,0,0,0,0,0,276238,3,0
0,0,0,0,5,28,21515,131362,0,0,0,0,0,279933,3,0
0,0,0,0,20,28,21516,131362,0,0,0,0,0,275924,3,0
0,0,0,0,46,28,21517,131362,0,0,0,0,0,276237,3,0
0,0,0,0,40,28,21518,131362,0,0,0,0,0,275914,3,0
0,0,0,0,27,28,21519,131362,0,0,0,0,0,70047,3,0
0,0,0,0,48,29,21520,131362,0,0,0,0,0,277185,3,0
0,0,0,0,29,0,21521,131363,0,0,0,0,0,245871,3,0
0,0,0,0,27,3,21522,131363,0,0,0,0,0,243382,3,0
0,0,0,0,20,4,21523,131363,0,0,0,0,0,271107,3,0
0,0,0,0,18,6,21524,131363,0,0,0,0,0,233351,3,0
0,0,0,0,3,7,21525,131363,0,0,0,0,0,273391,3,0
0,0,0,0,24,23,21526,131363,0,0,0,0,0,275899,3,0
0,0,0,0,22,13,21527,131363,0,0,0,0,0,266911,3,0
0,0,0,0,7,14,21528,131363,0,0,0,0,0,275891,3,0
0,0,0,0,6,15,21529,131363,0,0,0,0,0,245888,3,0
0,0,0,0,14,27,21530,131363,0,0,0,0,0,273387,3,0
0,0,0,0,9,25,21531,131363,0,0,0,0,0,274811,3,0
0,0,0,0,11,28,21532,131363,0,0,0,0,0,265203,3,0
0,0,0,0,16,28,21533,131363,0,0,0,0,0,275894,3,0
0,0,0,0,17,28,21534,131363,0,0,0,0,0,276841,3,0
0,0,0,0,2,28,21535,131363,0,0,0,0,0,275898,3,0
0,0,0,0,25,28,21536,131363,0,0,0,0,0,275897,3,0
0,0,0,0,15,28,21537,131363,0,0,0,0,0,276843,3,0
0,0,0,0,23,28,21538,131363,0,0,0,0,0,275896,3,0
0,0,0,0,4,28,21539,131363,0,0,0,0,0,245891,3,0
0,0,0,0,5,28,21540,131363,0,0,0,0,0,273383,3,0
0,0,0,0,19,28,21541,131363,0,0,0,0,0,277962,3,0
0,0,0,0,32,28,21542,131363,0,0,0,0,0,245884,3,0
0,0,0,0,12,28,21543,131363,0,0,0,0,0,70581,3,0
0,0,0,0,13,29,21544,131363,0,0,0,0,0,274766,3,0
