offset6x,offset5y,offset10x,offset2x,defenders,offset2y,offset6y,offset7x,offset3x,offset8x,offset10y,offset3y,offset4x,offset7y,offset0x,offset8y,attackers,offset9x,midfielders,offset5x,offset0y,offset1x,offset4y,offset9y,offset1y,pos0role,pos6role,pos8role,pos4role,pos7role,pos2role,pos1role,pos10role,pos3role,pos9role,pos5role,formationname,position10,position6,offensiverating,position8,position5,formationaudioid,teamid,position2,formationid,relativeformationid,position4,position3,formationfullnameid,position0,position9,position7,position1
0.949999988079071,0.3199999928474426,0.38999998569488525,0.6499999761581421,4.5,0.15000000596046448,0.5600000023841858,0.5,0.3499999940395355,0.05000000074505806,0.875,0.15000000596046448,0.054999999701976776,0.550000011920929,0.5,0.5616999864578247,2.0,0.6000000238418579,3.5,0.5,0.014999999664723873,0.9449999928474426,0.22499999403953552,0.8799999952316284,0.22499999403953552,4161,25602,25602,8386,21314,12737,8386,38405,12737,38405,17089,4-1-3-2,26,12,2,16,10,12,-1,4,1,1,7,6,30,0,24,14,3
0.949999988079071,0.3700000047683716,0.49950000643730164,0.6499999761581421,4.5,0.15000000596046448,0.608299970626831,0.6499999761581421,0.3499999940395355,0.3499999940395355,0.875,0.15000000596046448,0.054999999701976776,0.512499988079071,0.5,0.512499988079071,1.0,0.05000000074505806,4.5,0.5,0.014999999664723873,0.9449999928474426,0.22499999403953552,0.6100000143051147,0.22499999403953552,4161,25602,21314,8386,21314,12737,8386,38405,12737,25602,17089,4-1-4-1,25,12,2,15,10,15,-1,4,2,2,7,6,31,0,16,13,3
0.3499999940395355,0.3375000059604645,0.49950000643730164,0.6499999761581421,5.0,0.15000000596046448,0.3375000059604645,0.8500000238418579,0.3499999940395355,0.5,0.875,0.15000000596046448,0.054999999701976776,0.6600000262260437,0.5,0.6600000262260437,1.0,0.15000000596046448,4.0,0.6499999761581421,0.014999999664723873,0.9449999928474426,0.22499999403953552,0.6600000262260437,0.22499999403953552,4161,17089,29570,8386,29570,12737,8386,38405,12737,29570,17089,4-2-3-1,25,11,2,18,9,14,-1,4,3,3,7,6,16,0,19,17,3
0.3499999940395355,0.3375000059604645,0.49950000643730164,0.6499999761581421,5.0,0.15000000596046448,0.3375000059604645,0.9100000262260437,0.3499999940395355,0.09000000357627869,0.875,0.15000000596046448,0.054999999701976776,0.5600000023841858,0.5,0.5600000023841858,1.0,0.5,4.0,0.6499999761581421,0.014999999664723873,0.9449999928474426,0.22499999403953552,0.6600000262260437,0.22499999403953552,4161,17089,25602,8386,25602,12737,8386,38405,12737,29570,17089,4-2-3-1(2),25,11,2,16,9,14,-1,4,4,4,7,6,3,0,18,12,3
0.3499999940395355,0.512499988079071,0.10000000149011612,0.6499999761581421,4.0,0.15000000596046448,0.512499988079071,0.8999999761581421,0.3499999940395355,0.6000000238418579,0.8324999809265137,0.15000000596046448,0.054999999701976776,0.8324999809265137,0.5,0.875,4.0,0.38999998569488525,2.0,0.6499999761581421,0.014999999664723873,0.9449999928474426,0.22499999403953552,0.8799999952316284,0.22499999403953552,4161,21314,38405,8386,33794,12737,8386,33794,12737,38405,21314,4-2-4,27,15,4,24,13,2,-1,4,5,5,7,6,33,0,26,23,3
0.5,0.512499988079071,0.38999998569488525,0.6499999761581421,4.0,0.15000000596046448,0.4749999940395355,0.3499999940395355,0.3499999940395355,0.5,0.875,0.15000000596046448,0.054999999701976776,0.512499988079071,0.5,0.6800000071525574,2.5,0.6000000238418579,3.5,0.6499999761581421,0.014999999664723873,0.9449999928474426,0.22499999403953552,0.8799999952316284,0.22499999403953552,4161,21314,29570,8386,21314,12737,8386,38405,12737,38405,21314,4-3-1-2,26,14,2,18,13,9,-1,4,6,6,7,6,34,0,24,15,3
0.5,0.512499988079071,0.49950000643730164,0.6499999761581421,4.0,0.15000000596046448,0.4749999940395355,0.3499999940395355,0.3499999940395355,0.675000011920929,0.875,0.15000000596046448,0.054999999701976776,0.512499988079071,0.5,0.6499999761581421,2.5,0.32499998807907104,3.5,0.6499999761581421,0.014999999664723873,0.9449999928474426,0.22499999403953552,0.6499999761581421,0.22499999403953552,4161,21314,29570,8386,21314,12737,8386,38405,12737,29570,21314,4-3-2-1,25,14,2,17,13,8,-1,4,7,7,7,6,20,0,19,15,3
0.5,0.512499988079071,0.10000000149011612,0.6499999761581421,4.0,0.15000000596046448,0.4749999940395355,0.3499999940395355,0.3499999940395355,0.8999999761581421,0.8500000238418579,0.15000000596046448,0.10000000149011612,0.512499988079071,0.5,0.8478999733924866,3.0,0.49950000643730164,3.0,0.6499999761581421,0.014999999664723873,0.8999999761581421,0.22499999403953552,0.8799999952316284,0.22499999403953552,4161,21314,33794,8386,21314,12737,8386,33794,12737,38405,21314,4-3-3,27,14,3,23,13,6,-1,4,8,8,7,6,17,0,25,15,3
0.6499999761581421,0.375,0.10000000149011612,0.6499999761581421,4.0,0.15000000596046448,0.512499988079071,0.3499999940395355,0.3499999940395355,0.8999999761581421,0.8414999842643738,0.15000000596046448,0.10000000149011612,0.512499988079071,0.5,0.8521000146865845,3.0,0.49950000643730164,3.0,0.5,0.014999999664723873,0.8999999761581421,0.22499999403953552,0.8799999952316284,0.22499999403953552,4161,21314,33794,8386,21314,12737,8386,33794,12737,38405,17089,4-3-3(2),27,13,3,23,10,6,-1,4,9,9,7,6,7,0,25,15,3
0.3499999940395355,0.3375000059604645,0.10000000149011612,0.6499999761581421,4.0,0.1550000011920929,0.3375000059604645,0.5,0.3499999940395355,0.8999999761581421,0.8500000238418579,0.15000000596046448,0.10000000149011612,0.5299999713897705,0.5,0.8585000038146973,3.0,0.49950000643730164,3.0,0.6499999761581421,0.014999999664723873,0.8999999761581421,0.22499999403953552,0.8799999952316284,0.22499999403953552,4161,17089,33794,8386,21314,12737,8386,33794,12737,38405,17089,4-3-3(3),27,11,3,23,9,6,-1,4,10,10,7,6,5,0,25,14,3
0.3499999940395355,0.512499988079071,0.10000000149011612,0.6499999761581421,4.0,0.15000000596046448,0.512499988079071,0.5,0.3499999940395355,0.8999999761581421,0.8500000238418579,0.15000000596046448,0.10000000149011612,0.6600000262260437,0.5,0.8457000255584717,3.0,0.49950000643730164,3.0,0.6499999761581421,0.014999999664723873,0.8999999761581421,0.22499999403953552,0.8799999952316284,0.22499999403953552,4161,21314,33794,8386,29570,12737,8386,33794,12737,38405,21314,4-3-3(4),27,15,3,23,13,6,-1,4,11,11,7,6,4,0,25,18,3
0.3499999940395355,0.3375000059604645,0.38999998569488525,0.6499999761581421,5.0,0.15000000596046448,0.3375000059604645,0.8199999928474426,0.3499999940395355,0.18000000715255737,0.875,0.15000000596046448,0.054999999701976776,0.6700000166893005,0.5,0.6700000166893005,2.0,0.6000000238418579,3.0,0.6499999761581421,0.014999999664723873,0.9449999928474426,0.22499999403953552,0.8799999952316284,0.22499999403953552,4161,17089,29570,8386,29570,12737,8386,38405,12737,38405,17089,4-2-2-2,26,11,2,19,9,10,-1,4,13,13,7,6,32,0,24,17,3
0.9399999976158142,0.3499999940395355,0.38999998569488525,0.6499999761581421,4.0,0.15000000596046448,0.5583000183105469,0.06750000268220901,0.3499999940395355,0.5,0.875,0.15000000596046448,0.054999999701976776,0.5566999912261963,0.5,0.6700000166893005,2.5,0.6000000238418579,3.5,0.5,0.014999999664723873,0.9449999928474426,0.22499999403953552,0.8799999952316284,0.22499999403953552,4161,25602,29570,8386,25602,12737,8386,38405,12737,38405,17089,4-1-2-1-2,26,12,2,18,10,11,-1,4,14,14,7,6,10,0,24,16,3
0.6499999761581421,0.3499999940395355,0.38999998569488525,0.6499999761581421,4.0,0.15000000596046448,0.512499988079071,0.3499999940395355,0.3499999940395355,0.5,0.875,0.15000000596046448,0.054999999701976776,0.512499988079071,0.5,0.6700000166893005,2.5,0.6000000238418579,3.5,0.5,0.014999999664723873,0.9449999928474426,0.22499999403953552,0.8799999952316284,0.22499999403953552,4161,21314,29570,8386,21314,12737,8386,38405,12737,38405,17089,4-1-2-1-2(2),26,13,2,18,10,11,-1,4,15,15,7,6,9,0,24,15,3
0.6499999761581421,0.6383000016212463,0.38999998569488525,0.6499999761581421,4.0,0.15000000596046448,0.512499988079071,0.3499999940395355,0.3499999940395355,0.10000000149011612,0.875,0.15000000596046448,0.054999999701976776,0.512499988079071,0.5,0.6383000016212463,2.0,0.6000000238418579,4.0,0.8999999761581421,0.014999999664723873,0.9449999928474426,0.22499999403953552,0.8799999952316284,0.22499999403953552,4161,21314,25602,8386,21314,12737,8386,38405,12737,38405,25602,4-4-2,26,13,2,16,12,10,-1,4,16,16,7,6,11,0,24,15,3
0.3499999940395355,0.3375000059604645,0.38999998569488525,0.6499999761581421,4.0,0.15000000596046448,0.3375000059604645,0.8999999761581421,0.3499999940395355,0.10000000149011612,0.875,0.15000000596046448,0.054999999701976776,0.6000000238418579,0.5,0.6000000238418579,2.0,0.6000000238418579,4.0,0.6499999761581421,0.014999999664723873,0.9449999928474426,0.22499999403953552,0.8799999952316284,0.22499999403953552,4161,17089,25602,8386,25602,12737,8386,38405,12737,38405,17089,4-4-2(2),26,11,2,16,9,10,-1,4,17,17,7,6,12,0,24,12,3
0.6499999761581421,0.6383000016212463,0.49950000643730164,0.6499999761581421,4.0,0.15000000596046448,0.512499988079071,0.3499999940395355,0.3499999940395355,0.10000000149011612,0.875,0.15000000596046448,0.054999999701976776,0.512499988079071,0.5,0.6384000182151794,1.5,0.5,4.5,0.8999999761581421,0.014999999664723873,0.9449999928474426,0.22499999403953552,0.6600000262260437,0.22499999403953552,4161,21314,25602,8386,21314,12737,8386,38405,12737,29570,25602,4-4-1-1(2),25,13,2,16,12,14,-1,4,18,18,7,6,18,0,18,15,3
0.6499999761581421,0.6499999761581421,0.49950000643730164,0.6499999761581421,4.0,0.15000000596046448,0.512499988079071,0.5024999976158142,0.3499999940395355,0.3499999940395355,0.875,0.15000000596046448,0.054999999701976776,0.4749999940395355,0.5,0.512499988079071,1.0,0.10000000149011612,5.0,0.8999999761581421,0.014999999664723873,0.9449999928474426,0.22499999403953552,0.6499999761581421,0.22499999403953552,4161,21314,21314,8386,21314,12737,8386,38405,12737,25602,25602,4-5-1(2),25,13,2,15,12,15,-1,4,20,20,7,6,19,0,16,14,3
0.5,0.5249999761581421,0.49950000643730164,0.6499999761581421,4.0,0.15000000596046448,0.4749999940395355,0.10000000149011612,0.3499999940395355,0.75,0.875,0.15000000596046448,0.054999999701976776,0.5249999761581421,0.5,0.6700000166893005,1.0,0.25,5.0,0.8999999761581421,0.014999999664723873,0.9449999928474426,0.22499999403953552,0.6700000166893005,0.22499999403953552,4161,21314,29570,8386,25602,12737,8386,38405,12737,29570,25602,4-5-1,25,14,2,17,12,14,-1,4,21,21,7,6,15,0,19,16,3
0.6499999761581421,0.6383000016212463,0.38999998569488525,0.5,3.5,0.17499999701976776,0.512499988079071,0.3499999940395355,0.2874999940395355,0.10000000149011612,0.875,0.125,0.5,0.512499988079071,0.5,0.6383000016212463,2.0,0.6000000238418579,4.5,0.8999999761581421,0.014999999664723873,0.7124999761581421,0.375,0.8799999952316284,0.125,4161,21314,25602,17089,21314,12737,12737,38405,12737,38405,25602,3-1-4-2,26,13,3,16,12,1,-1,5,22,22,10,6,28,0,24,15,4
0.3499999940395355,0.512499988079071,0.38999998569488525,0.5,3.0,0.17499999701976776,0.512499988079071,0.10000000149011612,0.2874999940395355,0.5,0.875,0.125,0.8999999761581421,0.6383000016212463,0.5,0.6899999976158142,2.5,0.6000000238418579,4.5,0.6499999761581421,0.014999999664723873,0.7124999761581421,0.6384000182151794,0.8799999952316284,0.125,4161,21314,29570,25602,25602,12737,12737,38405,12737,38405,21314,3-4-1-2,26,15,4,18,13,1,-1,5,23,23,12,6,29,0,24,16,4
0.3499999940395355,0.512499988079071,0.49950000643730164,0.5,3.0,0.17499999701976776,0.512499988079071,0.10000000149011612,0.2874999940395355,0.675000011920929,0.875,0.125,0.8999999761581421,0.6384000182151794,0.5,0.6499999761581421,2.0,0.32499998807907104,5.0,0.6499999761581421,0.014999999664723873,0.7124999761581421,0.6384000182151794,0.6499999761581421,0.125,4161,21314,29570,25602,25602,12737,12737,38405,12737,29570,21314,3-4-2-1,25,15,3,17,13,19,-1,5,24,24,12,6,21,0,19,16,4
0.3499999940395355,0.512499988079071,0.10000000149011612,0.5,3.0,0.17499999701976776,0.512499988079071,0.05000000074505806,0.2874999940395355,0.8999999761581421,0.8500000238418579,0.125,0.949999988079071,0.6316999793052673,0.5,0.8500000238418579,3.0,0.49950000643730164,4.0,0.6499999761581421,0.014999999664723873,0.7124999761581421,0.6316999793052673,0.8799999952316284,0.125,4161,21314,33794,25602,25602,12737,12737,33794,12737,38405,21314,3-4-3,27,15,4,23,13,0,-1,5,25,25,12,6,2,0,25,16,4
0.9200000166893005,0.3375000059604645,0.38999998569488525,0.5,3.0,0.17499999701976776,0.5249999761581421,0.07999999821186066,0.2874999940395355,0.5,0.875,0.125,0.6499999761581421,0.5249999761581421,0.5,0.6200000047683716,2.0,0.6000000238418579,5.0,0.3499999940395355,0.014999999664723873,0.7124999761581421,0.3375000059604645,0.8799999952316284,0.125,4161,25602,29570,17089,25602,12737,12737,38405,12737,38405,17089,3-5-2,26,12,3,18,11,1,-1,5,27,27,9,6,22,0,24,16,4
0.6499999761581421,0.11249999701976776,0.38999998569488525,0.7124999761581421,6.0,0.125,0.512499988079071,0.3499999940395355,0.5,0.5,0.875,0.17499999701976776,0.2874999940395355,0.512499988079071,0.5,0.6600000262260437,2.0,0.6000000238418579,2.0,0.15000000596046448,0.014999999664723873,0.8500000238418579,0.125,0.8799999952316284,0.11249999701976776,4161,21314,29570,12737,21314,12737,8386,38405,12737,38405,8386,5-2-1-2,26,13,1,18,7,4,-1,4,29,29,6,5,35,0,24,15,3
0.6499999761581421,0.11249999701976776,0.10000000149011612,0.7124999761581421,6.0,0.125,0.512499988079071,0.3499999940395355,0.5,0.8999999761581421,0.8199999928474426,0.17499999701976776,0.2874999940395355,0.512499988079071,0.5,0.8199999928474426,1.0,0.49950000643730164,3.0,0.15000000596046448,0.014999999664723873,0.8500000238418579,0.125,0.8799999952316284,0.11249999701976776,4161,21314,33794,12737,21314,12737,8386,33794,12737,38405,8386,5-2-3,27,13,1,23,7,3,-1,4,30,30,6,5,36,0,25,15,3
0.5,0.11249999701976776,0.38999998569488525,0.7124999761581421,5.0,0.125,0.3375000059604645,0.6499999761581421,0.5,0.3499999940395355,0.875,0.17499999701976776,0.2874999940395355,0.512499988079071,0.5,0.512499988079071,2.0,0.6000000238418579,3.0,0.15000000596046448,0.014999999664723873,0.8500000238418579,0.125,0.8799999952316284,0.11249999701976776,4161,17089,21314,12737,21314,12737,8386,38405,12737,38405,8386,5-3-2,26,10,1,15,7,4,-1,4,31,31,6,5,24,0,24,13,3
0.8999999761581421,0.11249999701976776,0.49950000643730164,0.7124999761581421,5.0,0.125,0.6384000182151794,0.6499999761581421,0.5,0.3499999940395355,0.875,0.17499999701976776,0.2874999940395355,0.512499988079071,0.5,0.512499988079071,1.0,0.10000000149011612,4.0,0.15000000596046448,0.014999999664723873,0.8500000238418579,0.125,0.6399999856948853,0.11249999701976776,4161,25602,21314,12737,21314,12737,8386,38405,12737,25602,8386,5-4-1(2),25,12,0,15,7,5,-1,4,33,33,6,5,14,0,16,13,3
0.3499999940395355,0.3375000059604645,0.10000000149011612,0.6499999761581421,4.0,0.15000000596046448,0.3375000059604645,0.5,0.3499999940395355,0.8999999761581421,0.8500000238418579,0.15000000596046448,0.054999999701976776,0.6600000262260437,0.5,0.8500000238418579,3.0,0.49950000643730164,3.0,0.6499999761581421,0.014999999664723873,0.9449999928474426,0.22499999403953552,0.8799999952316284,0.22499999403953552,4161,17089,33794,8386,29570,12737,8386,33794,12737,38405,17089,4-2-1-3,27,11,3,23,9,18,-1,4,36,36,7,6,27,0,25,18,3
0.6470000147819519,0.5874999761581421,0.38999998569488525,0.675000011920929,4.0,0.15000000596046448,0.550000011920929,0.34299999475479126,0.32499998807907104,0.07500000298023224,0.875,0.15000000596046448,0.08410000056028366,0.550000011920929,0.5,0.5874999761581421,2.0,0.6000000238418579,4.0,0.925000011920929,0.017500000074505806,0.925000011920929,0.22499999403953552,0.875,0.20000000298023224,4226,21185,25794,8513,21314,12802,8450,38405,12802,38275,25794,4-4-2,26,13,2,16,12,10,1,4,37,16,7,6,11,0,24,15,3
0.3499999940395355,0.3375000059604645,0.49950000643730164,0.6496000289916992,5.0,0.14949999749660492,0.3375000059604645,0.8999999761581421,0.36250001192092896,0.10000000149011612,0.875,0.15000000596046448,0.09319999814033508,0.5882999897003174,0.5,0.5882999897003174,1.0,0.5,4.0,0.6499999761581421,0.017500000074505806,0.9189000129699707,0.22499999403953552,0.6625000238418579,0.22499999403953552,4226,17089,25730,8578,25794,12737,8450,38341,12865,29957,17089,4-2-3-1(2),25,11,2,16,9,14,2,4,38,4,7,6,3,0,18,12,3
0.3499999940395355,0.3375000059604645,0.49950000643730164,0.7124999761581421,5.0,0.15000000596046448,0.3375000059604645,0.925000011920929,0.2874999940395355,0.07500000298023224,0.875,0.14839999377727509,0.07500000298023224,0.5874999761581421,0.5,0.5874999761581421,1.0,0.5,4.0,0.6499999761581421,0.017500000074505806,0.925000011920929,0.20000000298023224,0.6625000238418579,0.20000000298023224,4161,17089,25669,8450,25669,12737,8450,38213,12737,29570,17089,4-2-3-1(2),25,11,2,16,9,14,3,4,39,4,7,6,3,0,18,12,3
0.5,0.20000000298023224,0.38999998569488525,0.6567999720573425,5.0,0.15209999680519104,0.3375000059604645,0.6499999761581421,0.5,0.3499999940395355,0.875,0.15000000596046448,0.32499998807907104,0.512499988079071,0.5,0.512499988079071,2.0,0.6000000238418579,3.0,0.07500000298023224,0.017500000074505806,0.925000011920929,0.15000000596046448,0.875,0.20000000298023224,4161,17089,21314,12737,21445,12737,8578,38275,12737,38341,8578,5-3-2,26,10,1,15,7,4,4,4,40,31,6,5,24,0,24,13,3
0.3499999940395355,0.3375000059604645,0.49950000643730164,0.6549000144004822,5.0,0.14790000021457672,0.3375000059604645,0.925000011920929,0.335999995470047,0.07500000298023224,0.875,0.14790000021457672,0.07500000298023224,0.5874999761581421,0.5,0.5874999761581421,1.0,0.5,4.0,0.6499999761581421,0.017500000074505806,0.925000011920929,0.20000000298023224,0.6625000238418579,0.20000000298023224,4226,17153,25794,8513,25794,12802,8450,38405,12865,29957,17089,4-2-3-1(2),25,11,2,16,9,14,5,4,41,4,7,6,3,0,18,12,3
0.3499999940395355,0.3375000059604645,0.49950000643730164,0.6669999957084656,5.0,0.14830000698566437,0.3375000059604645,0.925000011920929,0.3601999878883362,0.07500000298023224,0.875,0.14900000393390656,0.07500000298023224,0.5874999761581421,0.5,0.5874999761581421,1.0,0.5,4.0,0.6499999761581421,0.017500000074505806,0.925000011920929,0.20000000298023224,0.6625000238418579,0.20000000298023224,4161,17089,25794,8386,25602,12737,8386,38213,12737,29637,17089,4-2-3-1(2),25,11,2,16,9,14,7,4,42,4,7,6,3,0,18,12,3
0.3499999940395355,0.3693999946117401,0.49950000643730164,0.6669999957084656,5.0,0.17499999701976776,0.37369999289512634,0.925000011920929,0.3352000117301941,0.07500000298023224,0.875,0.17499999701976776,0.10000000149011612,0.5874999761581421,0.4970000088214874,0.5874999761581421,1.0,0.5,4.0,0.652999997138977,0.019600000232458115,0.9211999773979187,0.22499999403953552,0.6944000124931335,0.21649999916553497,4161,17089,25794,8450,25794,12737,8450,38341,12737,29957,17089,4-2-3-1(2),25,11,2,16,9,14,8,4,43,4,7,6,3,0,18,12,3
0.3499999940395355,0.3375000059604645,0.07500000298023224,0.675000011920929,4.0,0.15000000596046448,0.3375000059604645,0.5,0.32499998807907104,0.925000011920929,0.824999988079071,0.15000000596046448,0.07500000298023224,0.6625000238418579,0.5,0.824999988079071,3.0,0.49950000643730164,3.0,0.6499999761581421,0.017500000074505806,0.9189000129699707,0.20000000298023224,0.875,0.195700004696846,4226,17089,33989,8578,29570,12802,8513,33989,12865,38275,17089,4-2-1-3,27,11,3,23,9,18,9,4,44,36,7,6,27,0,25,18,3
0.6499999761581421,0.3375000059604645,0.07500000298023224,0.6700999736785889,4.0,0.149399995803833,0.512499988079071,0.3499999940395355,0.36250001192092896,0.9241999983787537,0.8208000063896179,0.14949999749660492,0.07580000162124634,0.512499988079071,0.5,0.824999988079071,3.0,0.5090000033378601,3.0,0.5,0.017500000074505806,0.919700026512146,0.2004999965429306,0.875,0.19949999451637268,4226,21445,33989,8386,21314,12802,8513,33989,12865,38341,17089,4-3-3,27,13,3,23,10,6,10,4,45,9,7,6,7,0,25,15,3
0.35089999437332153,0.33880001306533813,0.49950000643730164,0.670799970626831,5.0,0.15000000596046448,0.33889999985694885,0.925000011920929,0.3330000042915344,0.07500000298023224,0.8727999925613403,0.14949999749660492,0.07270000129938126,0.5874999761581421,0.4909000098705292,0.5882999897003174,1.0,0.5,4.0,0.6509000062942505,0.019999999552965164,0.9180999994277954,0.19949999451637268,0.6646999716758728,0.19949999451637268,4226,17153,25794,8513,25794,12737,8450,38405,12865,29570,17089,4-2-3-1(2),25,11,2,16,9,14,11,4,46,4,7,6,3,0,18,12,3
0.3499999940395355,0.3375000059604645,0.49950000643730164,0.7124999761581421,5.0,0.17499999701976776,0.3375000059604645,0.925000011920929,0.2874999940395355,0.07500000298023224,0.875,0.17499999701976776,0.07500000298023224,0.5874999761581421,0.5,0.5874999761581421,1.0,0.5,4.0,0.6499999761581421,0.017500000074505806,0.925000011920929,0.20000000298023224,0.6625000238418579,0.20000000298023224,4161,17153,25669,8450,25794,12737,8450,38405,12737,29570,17089,4-2-3-1(2),25,11,2,16,9,14,12,4,47,4,7,6,3,0,18,12,3
0.6600000262260437,0.3375000059604645,0.07580000162124634,0.6396999955177307,4.0,0.14949999749660492,0.512499988079071,0.36000001430511475,0.3330000042915344,0.9241999983787537,0.8238999843597412,0.14949999749660492,0.08709999918937683,0.5116999745368958,0.503000020980835,0.8238999843597412,3.0,0.499099999666214,3.0,0.5,0.017500000074505806,0.9067999720573425,0.20000000298023224,0.8755000233650208,0.19949999451637268,4161,21314,33794,8450,21314,12865,8450,33989,12737,38341,17153,4-3-3,27,13,3,23,10,6,13,4,48,9,7,6,7,0,25,15,3
0.3499999940395355,0.3375000059604645,0.49950000643730164,0.6610000133514404,5.0,0.15000000596046448,0.3375000059604645,0.925000011920929,0.34209999442100525,0.07500000298023224,0.875,0.14949999749660492,0.07500000298023224,0.5874999761581421,0.5,0.5874999761581421,1.0,0.5,4.0,0.6499999761581421,0.017500000074505806,0.925000011920929,0.20000000298023224,0.6625000238418579,0.20000000298023224,4161,17089,25794,8450,25602,12802,8450,38213,12865,29570,17089,4-2-3-1(2),25,11,2,16,9,14,14,4,49,4,7,6,3,0,18,12,3
0.3499999940395355,0.3375000059604645,0.49950000643730164,0.7124999761581421,5.0,0.17499999701976776,0.3375000059604645,0.925000011920929,0.2874999940395355,0.07500000298023224,0.875,0.17339999973773956,0.07500000298023224,0.5874999761581421,0.5,0.5874999761581421,1.0,0.5,4.0,0.6499999761581421,0.017500000074505806,0.925000011920929,0.20000000298023224,0.6625000238418579,0.20000000298023224,4161,17089,25669,8450,25602,12737,8386,38213,12737,29637,17089,4-2-3-1(2),25,11,2,16,9,14,15,4,50,4,7,6,3,0,18,12,3
0.3499999940395355,0.3375000059604645,0.49950000643730164,0.640500009059906,5.0,0.14949999749660492,0.3375000059604645,0.925000011920929,0.32499998807907104,0.07500000298023224,0.875,0.14949999749660492,0.07500000298023224,0.5874999761581421,0.5,0.5874999761581421,1.0,0.5,4.0,0.6499999761581421,0.017500000074505806,0.925000011920929,0.22499999403953552,0.6625000238418579,0.22499999403953552,4161,17089,25602,8513,25794,12865,8450,38405,12865,29570,17153,4-2-3-1(2),25,11,2,16,9,14,17,4,51,4,7,6,3,0,18,12,3
0.6499999761581421,0.3375000059604645,0.07500000298023224,0.6466000080108643,4.0,0.14949999749660492,0.512499988079071,0.3499999940395355,0.34119999408721924,0.925000011920929,0.824999988079071,0.15049999952316284,0.07729999721050262,0.512499988079071,0.5091000199317932,0.824999988079071,3.0,0.49950000643730164,3.0,0.5,0.014999999664723873,0.9241999983787537,0.19949999451637268,0.875,0.19949999451637268,4226,21445,33989,8513,21381,12802,8450,33989,12802,38341,17153,4-3-3,27,13,3,23,10,6,18,4,52,9,7,6,7,0,25,15,3
0.8999999761581421,0.3375000059604645,0.49950000643730164,0.637499988079071,4.5,0.14949999749660492,0.635200023651123,0.6499999761581421,0.36250001192092896,0.3499999940395355,0.875,0.14949999749660492,0.10000000149011612,0.512499988079071,0.4970000088214874,0.512499988079071,1.0,0.10000000149011612,4.5,0.5,0.019999999552965164,0.925000011920929,0.19789999723434448,0.6499999761581421,0.20000000298023224,4161,25794,21381,8450,21185,12865,8386,38341,12737,25794,17153,4-1-4-1,25,12,2,15,10,15,19,4,53,2,7,6,31,0,16,13,3
0.36000001430511475,0.375,0.49950000643730164,0.675000011920929,5.0,0.15000000596046448,0.3580000102519989,0.9340999722480774,0.32499998807907104,0.10000000149011612,0.875,0.15000000596046448,0.09619999676942825,0.6406999826431274,0.5,0.6322000026702881,1.0,0.5,4.0,0.6399999856948853,0.017500000074505806,0.921999990940094,0.17499999701976776,0.6625000238418579,0.1914999932050705,4226,17089,25794,8578,25794,12865,8450,38405,12802,29957,17153,4-2-3-1(2),25,11,2,16,9,14,21,4,54,4,7,6,3,0,18,12,3
0.34610000252723694,0.375,0.49950000643730164,0.6639999747276306,5.0,0.15639999508857727,0.3239000141620636,0.9038000106811523,0.3239000141620636,0.07500000298023224,0.8899000287055969,0.15000000596046448,0.07500000298023224,0.5939000248908997,0.5,0.5874999761581421,1.0,0.5060999989509583,4.0,0.652999997138977,0.017500000074505806,0.925000011920929,0.20000000298023224,0.625,0.20000000298023224,4161,17153,25794,8450,25794,12865,8450,38405,12865,29637,17089,4-2-3-1(2),25,11,2,16,9,14,22,4,55,4,7,6,3,0,18,12,3
0.3499999940395355,0.3375000059604645,0.49950000643730164,0.675000011920929,5.0,0.15000000596046448,0.3375000059604645,0.925000011920929,0.32499998807907104,0.07500000298023224,0.875,0.15000000596046448,0.07500000298023224,0.5874999761581421,0.5,0.5874999761581421,1.0,0.5,4.0,0.6499999761581421,0.017500000074505806,0.925000011920929,0.20000000298023224,0.6625000238418579,0.20000000298023224,4226,17153,25794,8450,25602,12737,8450,38213,12737,29570,17089,4-2-3-1(2),25,11,2,16,9,14,23,4,56,4,7,6,3,0,18,12,3
0.3499999940395355,0.3375000059604645,0.49950000643730164,0.6816999912261963,5.0,0.1509000062942505,0.3375000059604645,0.9007999897003174,0.3203999996185303,0.09619999676942825,0.875,0.15209999680519104,0.07500000298023224,0.5249999761581421,0.5,0.5249999761581421,1.0,0.5,4.0,0.6499999761581421,0.017500000074505806,0.925000011920929,0.20000000298023224,0.6625000238418579,0.20000000298023224,4226,17089,25669,8450,25794,12865,8386,38341,12737,29637,17089,4-2-3-1(2),25,11,2,16,9,14,25,4,57,4,7,6,3,0,18,12,3
0.6399999856948853,0.20000000298023224,0.38999998569488525,0.7124999761581421,6.0,0.17499999701976776,0.4749999940395355,0.36000001430511475,0.5,0.5,0.875,0.17499999701976776,0.2874999940395355,0.4754999876022339,0.5,0.6625000238418579,2.0,0.6000000238418579,2.0,0.07500000298023224,0.017500000074505806,0.925000011920929,0.17499999701976776,0.875,0.20000000298023224,4161,21314,29570,12737,21314,12737,8450,38341,12737,38275,8450,5-2-1-2,26,13,1,18,7,4,27,4,58,29,6,5,35,0,24,15,3
0.3499999940395355,0.512499988079071,0.38999998569488525,0.5,3.0,0.15000000596046448,0.512499988079071,0.07500000298023224,0.2874999940395355,0.5,0.875,0.17499999701976776,0.925000011920929,0.5874999761581421,0.5,0.6625000238418579,2.5,0.6000000238418579,4.5,0.6499999761581421,0.017500000074505806,0.7124999761581421,0.5874999761581421,0.875,0.17499999701976776,4226,21185,29957,25730,25602,12865,12802,38213,12865,38213,21314,3-4-1-2,26,15,4,18,13,1,28,5,59,23,12,6,29,0,24,16,4
0.6499999761581421,0.3375000059604645,0.07500000298023224,0.7124999761581421,4.0,0.17499999701976776,0.512499988079071,0.3499999940395355,0.2874999940395355,0.925000011920929,0.824999988079071,0.17499999701976776,0.07500000298023224,0.512499988079071,0.5,0.824999988079071,3.0,0.49950000643730164,3.0,0.5,0.017500000074505806,0.925000011920929,0.20000000298023224,0.875,0.20000000298023224,4161,21314,33794,8450,21381,12802,8450,33794,12802,38213,17089,4-3-3,27,13,3,23,10,6,29,4,60,9,7,6,7,0,25,15,3
0.3499999940395355,0.3375000059604645,0.38999998569488525,0.7073000073432922,5.0,0.17499999701976776,0.3375000059604645,0.800000011920929,0.30079999566078186,0.20000000298023224,0.875,0.17499999701976776,0.07500000298023224,0.6625000238418579,0.5,0.6625000238418579,2.0,0.6000000238418579,3.0,0.6499999761581421,0.017500000074505806,0.925000011920929,0.20000000298023224,0.875,0.20000000298023224,4226,17089,29637,8578,29637,12737,8450,38405,12737,38275,17089,4-2-2-2,26,11,2,19,9,10,31,4,61,13,7,6,32,0,24,17,3
0.3499999940395355,0.512499988079071,0.49950000643730164,0.5,3.0,0.15000000596046448,0.512499988079071,0.07500000298023224,0.2874999940395355,0.800000011920929,0.875,0.1543000042438507,0.925000011920929,0.5874999761581421,0.5,0.6625000238418579,2.0,0.20000000298023224,5.0,0.6499999761581421,0.017500000074505806,0.6973999738693237,0.5874999761581421,0.6625000238418579,0.15000000596046448,4161,21185,29637,25794,25669,12737,12865,38405,12737,29957,21249,3-4-2-1,25,15,3,17,13,19,32,5,62,24,12,6,21,0,19,16,4
0.3499999940395355,0.3375000059604645,0.49950000643730164,0.6791999936103821,5.0,0.1517000049352646,0.3375000059604645,0.925000011920929,0.3564000129699707,0.07500000298023224,0.875,0.15369999408721924,0.07500000298023224,0.5874999761581421,0.5,0.5874999761581421,1.0,0.5,4.0,0.6499999761581421,0.017500000074505806,0.925000011920929,0.195700004696846,0.6625000238418579,0.22499999403953552,4226,17153,25602,8386,25794,12865,8450,38213,12865,29957,17153,4-2-3-1(2),25,11,2,16,9,14,33,4,63,4,7,6,3,0,18,12,3
0.3499999940395355,0.3375000059604645,0.38999998569488525,0.6762999892234802,4.0,0.16210000216960907,0.3375000059604645,0.8999999761581421,0.36250001192092896,0.10000000149011612,0.875,0.15379999577999115,0.07500000298023224,0.5385000109672546,0.5,0.5249999761581421,2.0,0.6000000238418579,4.0,0.6499999761581421,0.017500000074505806,0.925000011920929,0.20000000298023224,0.875,0.20000000298023224,4161,17089,25602,8386,25602,12737,8450,38405,12737,38275,17153,4-4-2(2),26,11,2,16,9,10,34,4,64,17,7,6,12,0,24,12,3
0.3499999940395355,0.3375000059604645,0.49950000643730164,0.7124999761581421,5.0,0.1543000042438507,0.3375000059604645,0.800000011920929,0.2874999940395355,0.5,0.875,0.15209999680519104,0.07500000298023224,0.6625000238418579,0.5,0.6625000238418579,1.0,0.20000000298023224,4.0,0.6499999761581421,0.017500000074505806,0.925000011920929,0.20000000298023224,0.6625000238418579,0.20000000298023224,4226,17153,29957,8450,29570,12865,8450,38405,12802,29637,17025,4-2-3-1,25,11,2,18,9,14,36,4,65,3,7,6,16,0,19,17,3
0.36000001430511475,0.550000011920929,0.49950000643730164,0.5,3.0,0.16910000145435333,0.4749999940395355,0.07500000298023224,0.2874999940395355,0.800000011920929,0.875,0.17499999701976776,0.925000011920929,0.5874999761581421,0.5,0.6625000238418579,2.0,0.20000000298023224,5.0,0.6399999856948853,0.017500000074505806,0.7124999761581421,0.5874999761581421,0.6625000238418579,0.17499999701976776,4226,21314,29637,25730,25730,12737,12865,38405,12802,29637,21185,3-4-2-1,25,15,3,17,13,19,38,5,66,24,12,6,21,0,19,16,4
0.3499999940395355,0.3375000059604645,0.49950000643730164,0.7124999761581421,5.0,0.17499999701976776,0.3375000059604645,0.925000011920929,0.2874999940395355,0.07500000298023224,0.875,0.17499999701976776,0.07500000298023224,0.5874999761581421,0.5,0.5874999761581421,1.0,0.5,4.0,0.6499999761581421,0.017500000074505806,0.925000011920929,0.20000000298023224,0.6625000238418579,0.20000000298023224,4226,17089,25669,8386,25794,12737,8578,38341,12802,29570,17025,4-2-3-1(2),25,11,2,16,9,14,45,4,67,4,7,6,3,0,18,12,3
0.5,0.512499988079071,0.07500000298023224,0.675000011920929,4.0,0.15000000596046448,0.512499988079071,0.3499999940395355,0.32499998807907104,0.925000011920929,0.824999988079071,0.15000000596046448,0.07500000298023224,0.512499988079071,0.5,0.824999988079071,3.0,0.49950000643730164,3.0,0.6499999761581421,0.017500000074505806,0.925000011920929,0.20000000298023224,0.875,0.20000000298023224,4161,21249,33861,8450,21185,12865,8450,33989,12802,38341,21185,4-3-3,27,14,3,23,13,6,48,4,68,8,7,6,17,0,25,15,3
0.3499999940395355,0.3375000059604645,0.49950000643730164,0.675000011920929,5.0,0.15000000596046448,0.3375000059604645,0.925000011920929,0.32499998807907104,0.07500000298023224,0.875,0.15000000596046448,0.07500000298023224,0.5874999761581421,0.5,0.5874999761581421,1.0,0.5,4.0,0.6499999761581421,0.017500000074505806,0.925000011920929,0.20000000298023224,0.6625000238418579,0.20000000298023224,4226,17089,25794,8578,25794,12802,8513,38405,12737,29570,17089,4-2-3-1(2),25,11,2,16,9,14,50,4,69,4,7,6,3,0,18,12,3
0.3499999940395355,0.512499988079071,0.49950000643730164,0.5,3.0,0.15000000596046448,0.512499988079071,0.07500000298023224,0.2874999940395355,0.800000011920929,0.875,0.14569999277591705,0.925000011920929,0.5874999761581421,0.4893999993801117,0.6625000238418579,2.0,0.20000000298023224,5.0,0.6499999761581421,0.017899999395012856,0.7124999761581421,0.5874999761581421,0.6625000238418579,0.15850000083446503,4226,21314,29570,25602,25602,12737,12737,38341,12737,29957,21314,3-4-2-1,25,15,3,17,13,19,52,5,70,24,12,6,21,0,19,16,4
0.5,0.20000000298023224,0.38999998569488525,0.6769000291824341,5.0,0.15160000324249268,0.3375000059604645,0.6499999761581421,0.5,0.3499999940395355,0.875,0.15000000596046448,0.3239000141620636,0.512499988079071,0.5,0.512499988079071,2.0,0.6000000238418579,3.0,0.07500000298023224,0.017500000074505806,0.925000011920929,0.15160000324249268,0.875,0.20000000298023224,4161,17089,21314,12802,21185,12737,8386,38405,12737,38275,8450,5-3-2,26,10,1,15,7,4,54,4,71,31,6,5,24,0,24,13,3
0.3499999940395355,0.512499988079071,0.49950000643730164,0.5,3.0,0.15000000596046448,0.512499988079071,0.07500000298023224,0.2874999940395355,0.800000011920929,0.875,0.17499999701976776,0.925000011920929,0.5874999761581421,0.5,0.6625000238418579,2.0,0.20000000298023224,5.0,0.6499999761581421,0.017500000074505806,0.7124999761581421,0.5874999761581421,0.6625000238418579,0.17499999701976776,4161,21314,29637,25730,25730,12737,12737,38213,12737,29570,21185,3-4-2-1,25,15,3,17,13,19,55,5,72,24,12,6,21,0,19,16,4
0.6499999761581421,0.20000000298023224,0.38999998569488525,0.675000011920929,6.0,0.15000000596046448,0.512499988079071,0.3499999940395355,0.5,0.5,0.875,0.15000000596046448,0.32499998807907104,0.512499988079071,0.5,0.6625000238418579,2.0,0.6000000238418579,2.0,0.07500000298023224,0.017500000074505806,0.925000011920929,0.15000000596046448,0.875,0.20000000298023224,4161,21314,29570,12737,21314,12737,8450,38405,12737,38405,8386,5-2-1-2,26,13,1,18,7,4,57,4,73,29,6,5,35,0,24,15,3
0.3499999940395355,0.3375000059604645,0.49950000643730164,0.7124999761581421,5.0,0.17499999701976776,0.3375000059604645,0.925000011920929,0.2874999940395355,0.07500000298023224,0.875,0.17499999701976776,0.07500000298023224,0.5874999761581421,0.5,0.5874999761581421,1.0,0.5,4.0,0.6499999761581421,0.017500000074505806,0.925000011920929,0.20000000298023224,0.6625000238418579,0.20000000298023224,4161,17089,25602,8450,25602,12737,8386,38405,12737,29570,17089,4-2-3-1(2),25,11,2,16,9,14,58,4,74,4,7,6,3,0,18,12,3
0.3499999940395355,0.3375000059604645,0.4000000059604645,0.675000011920929,4.0,0.15000000596046448,0.3375000059604645,0.925000011920929,0.3431999981403351,0.07500000298023224,0.8999999761581421,0.15209999680519104,0.07500000298023224,0.5874999761581421,0.5,0.5874999761581421,2.0,0.5909000039100647,4.0,0.6499999761581421,0.017500000074505806,0.925000011920929,0.20000000298023224,0.8500000238418579,0.20000000298023224,4161,17089,25602,8386,25669,12737,8386,38405,12737,38405,17089,4-4-2(2),26,11,2,16,9,10,62,4,75,17,7,6,12,0,24,12,3
0.36000001430511475,0.4749999940395355,0.38999998569488525,0.5030999779701233,3.0,0.1559000015258789,0.4984000027179718,0.07800000160932541,0.2874999940395355,0.5,0.875,0.17499999701976776,0.925000011920929,0.5440999865531921,0.5,0.6625000238418579,2.5,0.6000000238418579,4.5,0.6399999856948853,0.017500000074505806,0.7124999761581421,0.5440999865531921,0.875,0.17499999701976776,4226,21314,29570,25730,25730,12737,12737,38405,12865,38405,21314,3-4-1-2,26,15,4,18,13,1,64,5,76,23,12,6,29,0,24,16,4
0.3499999940395355,0.3375000059604645,0.49950000643730164,0.6689000129699707,5.0,0.15639999508857727,0.3375000059604645,0.8999999761581421,0.32499998807907104,0.05000000074505806,0.875,0.15639999508857727,0.05000000074505806,0.5713000297546387,0.5,0.579800009727478,1.0,0.5,4.0,0.6499999761581421,0.017500000074505806,0.925000011920929,0.22499999403953552,0.6625000238418579,0.22499999403953552,4161,17089,25602,8386,25794,12737,8578,38405,12865,29570,17089,4-2-3-1(2),25,11,2,16,9,14,65,4,77,4,7,6,3,0,18,12,3
0.6499999761581421,0.3375000059604645,0.07500000298023224,0.7124999761581421,4.0,0.17499999701976776,0.512499988079071,0.3499999940395355,0.2874999940395355,0.925000011920929,0.824999988079071,0.17499999701976776,0.07500000298023224,0.512499988079071,0.5,0.824999988079071,3.0,0.49950000643730164,3.0,0.5,0.017500000074505806,0.925000011920929,0.20000000298023224,0.875,0.20000000298023224,4161,21314,33794,8386,21314,12737,8386,33794,12737,38405,17089,4-3-3,27,13,3,23,10,6,66,4,78,9,7,6,7,0,25,15,3
0.925000011920929,0.3375000059604645,0.49950000643730164,0.675000011920929,4.5,0.15000000596046448,0.5874999761581421,0.6499999761581421,0.32499998807907104,0.3499999940395355,0.875,0.15000000596046448,0.07500000298023224,0.512499988079071,0.5,0.512499988079071,1.0,0.07500000298023224,4.5,0.5,0.017500000074505806,0.925000011920929,0.20000000298023224,0.5874999761581421,0.20000000298023224,4161,25602,21314,8450,21314,12737,8386,38213,12737,25602,17089,4-1-4-1,25,12,2,15,10,15,67,4,79,2,7,6,31,0,16,13,3
0.6499999761581421,0.5874999761581421,0.38999998569488525,0.7124999761581421,4.0,0.15639999508857727,0.512499988079071,0.3499999940395355,0.2946999967098236,0.07500000298023224,0.875,0.15209999680519104,0.07500000298023224,0.512499988079071,0.5,0.5874999761581421,2.0,0.6000000238418579,4.0,0.925000011920929,0.017500000074505806,0.925000011920929,0.20000000298023224,0.875,0.20000000298023224,4161,21314,25602,8450,21314,12737,8386,38405,12737,38405,25730,4-4-2,26,13,2,16,12,10,68,4,80,16,7,6,11,0,24,15,3
0.3499999940395355,0.3375000059604645,0.5024999976158142,0.6973000168800354,5.0,0.17499999701976776,0.3375000059604645,0.8999999761581421,0.3208000063896179,0.10000000149011612,0.8622000217437744,0.17499999701976776,0.07500000298023224,0.6499999761581421,0.5,0.6499999761581421,1.0,0.5,4.0,0.6499999761581421,0.017500000074505806,0.925000011920929,0.20000000298023224,0.6625000238418579,0.20000000298023224,4161,17089,25669,8450,25669,12737,8578,38405,12865,29957,17089,4-2-3-1(2),25,11,2,16,9,14,69,4,81,4,7,6,3,0,18,12,3
0.3499999940395355,0.3375000059604645,0.49950000643730164,0.7124999761581421,5.0,0.17499999701976776,0.375,0.8999999761581421,0.2874999940395355,0.10000000149011612,0.875,0.17499999701976776,0.07500000298023224,0.602400004863739,0.5,0.6065999865531921,1.0,0.5,4.0,0.6499999761581421,0.017500000074505806,0.925000011920929,0.20000000298023224,0.6625000238418579,0.20000000298023224,4161,17153,25602,8386,25794,12737,8386,38341,12737,29570,17089,4-2-3-1(2),25,11,2,16,9,14,70,4,82,4,7,6,3,0,18,12,3
0.925000011920929,0.3375000059604645,0.49950000643730164,0.675000011920929,4.5,0.15000000596046448,0.5874999761581421,0.6499999761581421,0.32499998807907104,0.3560999929904938,0.875,0.15000000596046448,0.07500000298023224,0.4749999940395355,0.5,0.4749999940395355,1.0,0.07500000298023224,4.5,0.5,0.017500000074505806,0.925000011920929,0.20000000298023224,0.5874999761581421,0.20000000298023224,4161,25669,21249,8386,21314,12737,8386,38405,12737,25602,17089,4-1-4-1,25,12,2,15,10,15,71,4,83,2,7,6,31,0,16,13,3
0.3499999940395355,0.512499988079071,0.07500000298023224,0.5,3.0,0.15000000596046448,0.512499988079071,0.07500000298023224,0.2897999882698059,0.925000011920929,0.824999988079071,0.17499999701976776,0.925000011920929,0.5874999761581421,0.5,0.824999988079071,3.0,0.49950000643730164,4.0,0.6499999761581421,0.017500000074505806,0.7102000117301941,0.5874999761581421,0.875,0.17499999701976776,4161,21381,33794,25730,25730,12737,12737,33794,12865,38341,21314,3-4-3,27,15,4,23,13,0,72,5,84,25,12,6,2,0,25,16,4
0.5,0.550000011920929,0.10000000149011612,0.6730999946594238,4.0,0.17499999701976776,0.512499988079071,0.3400000035762787,0.34209999442100525,0.9128999710083008,0.7749999761581421,0.1729000061750412,0.08399999886751175,0.550000011920929,0.5,0.7749999761581421,3.0,0.49950000643730164,3.0,0.6600000262260437,0.017500000074505806,0.9158999919891357,0.22499999403953552,0.8515999913215637,0.22499999403953552,4161,21381,33989,8450,21314,12865,8578,33989,12737,38275,21314,4-3-3,27,14,3,23,13,6,73,4,85,8,7,6,17,0,25,15,3
0.3400000035762787,0.512499988079071,0.07500000298023224,0.5,3.0,0.15000000596046448,0.5102999806404114,0.07500000298023224,0.3239000141620636,0.925000011920929,0.824999988079071,0.16439999639987946,0.925000011920929,0.5874999761581421,0.5,0.824999988079071,3.0,0.49950000643730164,4.0,0.6600000262260437,0.017500000074505806,0.6761000156402588,0.5874999761581421,0.875,0.16220000386238098,4226,21185,33794,25602,25602,12737,12737,33794,12737,38405,21314,3-4-3,27,15,4,23,13,0,74,5,86,25,12,6,2,0,25,16,4
0.3499999940395355,0.3375000059604645,0.49950000643730164,0.6962000131607056,5.0,0.15209999680519104,0.3375000059604645,0.9097999930381775,0.29170000553131104,0.10000000149011612,0.875,0.15000000596046448,0.07500000298023224,0.6044999957084656,0.5,0.6044999957084656,1.0,0.5,4.0,0.6499999761581421,0.017500000074505806,0.925000011920929,0.20000000298023224,0.6625000238418579,0.20000000298023224,4161,17089,25602,8386,25602,12737,8386,38341,12802,29570,17089,4-2-3-1(2),25,11,2,16,9,14,76,4,87,4,7,6,3,0,18,12,3
0.3499999940395355,0.3375000059604645,0.49950000643730164,0.7124999761581421,5.0,0.14730000495910645,0.3375000059604645,0.925000011920929,0.2874999940395355,0.07500000298023224,0.875,0.15160000324249268,0.07500000298023224,0.5874999761581421,0.5,0.5874999761581421,1.0,0.5,4.0,0.6499999761581421,0.017500000074505806,0.925000011920929,0.20000000298023224,0.6625000238418579,0.20000000298023224,4161,17089,25794,8386,25602,12737,8450,38341,12737,29570,17089,4-2-3-1(2),25,11,2,16,9,14,77,4,88,4,7,6,3,0,18,12,3
0.6600000262260437,0.375,0.05000000074505806,0.7124999761581421,4.0,0.1324000060558319,0.505299985408783,0.3400000035762787,0.2874999940395355,0.949999988079071,0.7919999957084656,0.13680000603199005,0.10000000149011612,0.550000011920929,0.5,0.7749999761581421,3.0,0.49000000953674316,3.0,0.4449999928474426,0.017500000074505806,0.8999999761581421,0.22499999403953552,0.8999999761581421,0.22499999403953552,4161,21314,33861,8578,21445,12737,8578,33989,12737,38341,17089,4-3-3,27,13,3,23,10,6,78,4,89,9,7,6,7,0,25,15,3
0.36000001430511475,0.320499986410141,0.49950000643730164,0.6466000080108643,5.0,0.17499999701976776,0.375,0.949999988079071,0.35109999775886536,0.05000000074505806,0.875,0.1729000061750412,0.07500000298023224,0.6129999756813049,0.503000020980835,0.6140999794006348,1.0,0.5,4.0,0.6399999856948853,0.019999999552965164,0.925000011920929,0.20000000298023224,0.6412000060081482,0.20000000298023224,4161,17089,25669,8386,25794,12737,8386,38341,12737,29637,17089,4-2-3-1(2),25,11,2,16,9,14,80,4,90,4,7,6,3,0,18,12,3
0.3499999940395355,0.3375000059604645,0.49950000643730164,0.7124999761581421,5.0,0.16279999911785126,0.3375000059604645,0.925000011920929,0.2874999940395355,0.07500000298023224,0.875,0.164900004863739,0.07500000298023224,0.5874999761581421,0.5,0.5874999761581421,1.0,0.5,4.0,0.6499999761581421,0.017500000074505806,0.925000011920929,0.20000000298023224,0.6625000238418579,0.20000000298023224,4161,17089,25794,8450,25602,12737,8450,38275,12737,29570,17089,4-2-3-1(2),25,11,2,16,9,14,81,4,91,4,7,6,3,0,18,12,3
0.6600000262260437,0.6499999761581421,0.38999998569488525,0.7124999761581421,4.0,0.17499999701976776,0.4968999922275543,0.3540000021457672,0.3147999942302704,0.05000000074505806,0.875,0.16439999639987946,0.07500000298023224,0.4749999940395355,0.5,0.6499999761581421,2.0,0.6000000238418579,4.0,0.949999988079071,0.017500000074505806,0.925000011920929,0.20000000298023224,0.875,0.20000000298023224,4161,21314,25602,8386,21249,12737,8386,38213,12737,38341,25602,4-4-2,26,13,2,16,12,10,82,4,92,16,7,6,11,0,24,15,3
0.6600000262260437,0.20000000298023224,0.38999998569488525,0.675000011920929,6.0,0.15000000596046448,0.5019000172615051,0.3400000035762787,0.5,0.5,0.875,0.15000000596046448,0.32499998807907104,0.550000011920929,0.5,0.6625000238418579,2.0,0.6000000238418579,2.0,0.07500000298023224,0.017500000074505806,0.925000011920929,0.15000000596046448,0.875,0.20000000298023224,4161,21185,29570,12737,21445,12737,8450,38405,12737,38405,8450,5-2-1-2,26,13,1,18,7,4,83,4,93,29,6,5,35,0,24,15,3
0.3499999940395355,0.375,0.49950000643730164,0.6769000291824341,5.0,0.17499999701976776,0.375,0.921999990940094,0.31790000200271606,0.07800000160932541,0.875,0.17499999701976776,0.05000000074505806,0.6499999761581421,0.5,0.6499999761581421,1.0,0.5,4.0,0.6600000262260437,0.017500000074505806,0.949999988079071,0.22499999403953552,0.6625000238418579,0.22499999403953552,4161,17089,25794,8578,25669,12737,8578,38341,12737,29570,17153,4-2-3-1(2),25,11,2,16,9,14,86,4,94,4,7,6,3,0,18,12,3
0.3499999940395355,0.3375000059604645,0.49950000643730164,0.7113999724388123,5.0,0.1712999939918518,0.3375000059604645,0.925000011920929,0.2874999940395355,0.07500000298023224,0.875,0.17499999701976776,0.07500000298023224,0.5874999761581421,0.5,0.5874999761581421,1.0,0.5,4.0,0.6499999761581421,0.017500000074505806,0.925000011920929,0.20000000298023224,0.6625000238418579,0.20000000298023224,4161,17089,25602,8450,25669,12737,8578,38341,12737,29570,17089,4-2-3-1(2),25,11,2,16,9,14,88,4,95,4,7,6,3,0,18,12,3
0.5,0.20000000298023224,0.38999998569488525,0.6639999747276306,5.0,0.17499999701976776,0.3375000059604645,0.6600000262260437,0.5,0.3400000035762787,0.875,0.15000000596046448,0.35109999775886536,0.4749999940395355,0.5,0.4749999940395355,2.0,0.6000000238418579,3.0,0.07500000298023224,0.017500000074505806,0.925000011920929,0.17499999701976776,0.875,0.20000000298023224,4161,17089,21314,12737,21314,12737,8450,38213,12737,38341,8578,5-3-2,26,10,1,15,7,4,89,4,96,31,6,5,24,0,24,13,3
0.6499999761581421,0.3375000059604645,0.07500000298023224,0.6859999895095825,4.0,0.16220000386238098,0.512499988079071,0.3499999940395355,0.30799999833106995,0.925000011920929,0.824999988079071,0.16009999811649323,0.07500000298023224,0.512499988079071,0.5,0.824999988079071,3.0,0.49950000643730164,3.0,0.5,0.017500000074505806,0.925000011920929,0.20000000298023224,0.875,0.20000000298023224,4161,21314,33794,8450,21445,12737,8386,33794,12737,38341,17089,4-3-3,27,13,3,23,10,6,91,4,97,9,7,6,7,0,25,15,3
0.925000011920929,0.3375000059604645,0.49950000643730164,0.675000011920929,4.5,0.15000000596046448,0.5874999761581421,0.6499999761581421,0.32499998807907104,0.3499999940395355,0.875,0.15000000596046448,0.07500000298023224,0.512499988079071,0.4970000088214874,0.512499988079071,1.0,0.07500000298023224,4.5,0.5,0.014999999664723873,0.925000011920929,0.20000000298023224,0.5874999761581421,0.20000000298023224,4161,25602,21314,8450,21314,12737,8386,38405,12737,25602,17153,4-1-4-1,25,12,2,15,10,15,92,4,98,2,7,6,31,0,16,13,3
0.34389999508857727,0.375,0.49950000643730164,0.637499988079071,5.0,0.14949999749660492,0.375,0.9241999983787537,0.33899998664855957,0.07569999992847443,0.875,0.14949999749660492,0.07500000298023224,0.5874999761581421,0.5,0.5882999897003174,1.0,0.4943999946117401,4.0,0.6600000262260437,0.017500000074505806,0.8999999761581421,0.19949999451637268,0.6560999751091003,0.19949999451637268,4226,17089,25794,8578,25602,12865,8386,38341,12865,29570,17089,4-2-3-1(2),25,11,2,16,9,14,94,4,99,4,7,6,3,0,18,12,3
0.3499999940395355,0.3375000059604645,0.49950000643730164,0.675000011920929,5.0,0.15000000596046448,0.3375000059604645,0.925000011920929,0.3310999870300293,0.07500000298023224,0.875,0.14949999749660492,0.07500000298023224,0.5874999761581421,0.5,0.5874999761581421,1.0,0.5,4.0,0.6499999761581421,0.017500000074505806,0.8999999761581421,0.20000000298023224,0.6625000238418579,0.20059999823570251,4226,17089,25794,8450,25602,12802,8450,38341,12737,29570,17153,4-2-3-1(2),25,11,2,16,9,14,95,4,100,4,7,6,3,0,18,12,3
0.3499999940395355,0.3375000059604645,0.49950000643730164,0.7034000158309937,5.0,0.17499999701976776,0.3375000059604645,0.925000011920929,0.3018999993801117,0.07500000298023224,0.875,0.1729000061750412,0.07500000298023224,0.5874999761581421,0.5,0.5874999761581421,1.0,0.5,4.0,0.6499999761581421,0.017500000074505806,0.925000011920929,0.20000000298023224,0.6625000238418579,0.20000000298023224,4161,17089,25730,8450,25730,12737,8386,38405,12737,29570,17089,4-2-3-1(2),25,11,2,16,9,14,97,4,101,4,7,6,3,0,18,12,3
0.6499999761581421,0.3375000059604645,0.07500000298023224,0.675000011920929,4.0,0.15000000596046448,0.512499988079071,0.3499999940395355,0.31700000166893005,0.925000011920929,0.824999988079071,0.14569999277591705,0.07500000298023224,0.512499988079071,0.5,0.824999988079071,3.0,0.49950000643730164,3.0,0.5,0.017500000074505806,0.925000011920929,0.20000000298023224,0.875,0.20000000298023224,4161,21445,33794,8386,21314,12737,8386,33794,12865,38341,17089,4-3-3,27,13,3,23,10,6,106,4,102,9,7,6,7,0,25,15,3
0.3499999940395355,0.3375000059604645,0.49950000643730164,0.7124999761581421,5.0,0.15000000596046448,0.3375000059604645,0.925000011920929,0.2874999940395355,0.07500000298023224,0.875,0.15000000596046448,0.07500000298023224,0.5874999761581421,0.5,0.5874999761581421,1.0,0.5,4.0,0.6499999761581421,0.017500000074505806,0.925000011920929,0.20000000298023224,0.6625000238418579,0.20000000298023224,4161,17153,25602,8386,25602,12737,8450,38341,12737,29637,17089,4-2-3-1(2),25,11,2,16,9,14,109,4,103,4,7,6,3,0,18,12,3
0.925000011920929,0.3375000059604645,0.49950000643730164,0.7095000147819519,4.5,0.14949999749660492,0.5874999761581421,0.6499999761581421,0.2935999929904938,0.3499999940395355,0.8669999837875366,0.14949999749660492,0.07500000298023224,0.512499988079071,0.5,0.512499988079071,1.0,0.07500000298023224,4.5,0.5,0.017500000074505806,0.925000011920929,0.20000000298023224,0.5874999761581421,0.20000000298023224,4226,25602,21185,8578,21314,12737,8578,38341,12737,25794,17089,4-1-4-1,25,12,2,15,10,15,110,4,104,2,7,6,31,0,16,13,3
0.5,0.20000000298023224,0.38999998569488525,0.675000011920929,5.0,0.15000000596046448,0.3375000059604645,0.6499999761581421,0.5,0.3499999940395355,0.875,0.15000000596046448,0.32499998807907104,0.512499988079071,0.5,0.512499988079071,2.0,0.6000000238418579,3.0,0.07500000298023224,0.017500000074505806,0.925000011920929,0.15000000596046448,0.875,0.20000000298023224,4161,17089,21381,12737,21314,12737,8578,38405,12737,38405,8578,5-3-2,26,10,1,15,7,4,121,4,105,31,6,5,24,0,24,13,3
0.3499999940395355,0.3375000059604645,0.49950000643730164,0.675000011920929,5.0,0.15000000596046448,0.3375000059604645,0.925000011920929,0.30979999899864197,0.07500000298023224,0.875,0.1543000042438507,0.07500000298023224,0.5874999761581421,0.5,0.5874999761581421,1.0,0.5,4.0,0.6499999761581421,0.017500000074505806,0.925000011920929,0.20000000298023224,0.6625000238418579,0.20000000298023224,4161,17089,25602,8386,25602,12737,8386,38341,12865,29570,17089,4-2-3-1(2),25,11,2,16,9,14,127,4,106,4,7,6,3,0,18,12,3
0.3499999940395355,0.3375000059604645,0.49950000643730164,0.675000011920929,5.0,0.15000000596046448,0.3375000059604645,0.925000011920929,0.3158999979496002,0.07500000298023224,0.875,0.14790000021457672,0.07500000298023224,0.5874999761581421,0.5,0.5874999761581421,1.0,0.5,4.0,0.6499999761581421,0.017500000074505806,0.925000011920929,0.20000000298023224,0.6625000238418579,0.20000000298023224,4161,17089,25794,8450,25602,12737,8450,38341,12737,29570,17089,4-2-3-1(2),25,11,2,16,9,14,142,4,107,4,7,6,3,0,18,12,3
0.6499999761581421,0.20000000298023224,0.38999998569488525,0.7124999761581421,6.0,0.17499999701976776,0.512499988079071,0.3499999940395355,0.5,0.5,0.875,0.15000000596046448,0.2874999940395355,0.512499988079071,0.5044999718666077,0.6625000238418579,2.0,0.6000000238418579,2.0,0.07500000298023224,0.019999999552965164,0.925000011920929,0.17499999701976776,0.875,0.20000000298023224,4161,21314,29637,12737,21249,12737,8450,38405,12737,38213,8450,5-2-1-2,26,13,1,18,7,4,143,4,108,29,6,5,35,0,24,15,3
0.3499999940395355,0.3375000059604645,0.49950000643730164,0.671999990940094,5.0,0.15000000596046448,0.3375000059604645,0.925000011920929,0.32499998807907104,0.07500000298023224,0.875,0.15000000596046448,0.07500000298023224,0.5874999761581421,0.5,0.5874999761581421,1.0,0.5,4.0,0.6499999761581421,0.017500000074505806,0.925000011920929,0.20000000298023224,0.6625000238418579,0.20000000298023224,4226,17089,25669,8450,25602,12737,8450,38213,12737,29570,17153,4-2-3-1(2),25,11,2,16,9,14,144,4,109,4,7,6,3,0,18,12,3
0.5,0.20000000298023224,0.38999998569488525,0.7124999761581421,5.0,0.15860000252723694,0.3375000059604645,0.6600000262260437,0.5,0.3400000035762787,0.875,0.15000000596046448,0.2874999940395355,0.492000013589859,0.5,0.5090000033378601,2.0,0.6000000238418579,3.0,0.07500000298023224,0.017500000074505806,0.925000011920929,0.1712999939918518,0.875,0.20000000298023224,4161,17089,21314,12737,21445,12737,8450,38213,12737,38341,8578,5-3-2,26,10,1,15,7,4,149,4,110,31,6,5,24,0,24,13,3
0.6499999761581421,0.3375000059604645,0.07500000298023224,0.7124999761581421,4.0,0.15000000596046448,0.512499988079071,0.3499999940395355,0.30869999527931213,0.925000011920929,0.824999988079071,0.15209999680519104,0.07500000298023224,0.512499988079071,0.5,0.824999988079071,3.0,0.49950000643730164,3.0,0.5,0.017500000074505806,0.925000011920929,0.20000000298023224,0.875,0.20000000298023224,4161,21314,33794,8450,21314,12737,8450,33794,12737,38213,17089,4-3-3,27,13,3,23,10,6,159,4,111,9,7,6,7,0,25,15,3
0.6499999761581421,0.3375000059604645,0.38999998569488525,0.6942999958992004,4.0,0.16220000386238098,0.512499988079071,0.3499999940395355,0.3025999963283539,0.5,0.875,0.16279999911785126,0.07500000298023224,0.512499988079071,0.5,0.6625000238418579,2.5,0.6000000238418579,3.5,0.5,0.017500000074505806,0.925000011920929,0.20000000298023224,0.875,0.20000000298023224,4161,21185,29957,8450,21314,12737,8450,38405,12737,38213,17089,4-1-2-1-2(2),26,13,2,18,10,11,160,4,112,15,7,6,9,0,24,15,3
0.6499999761581421,0.3375000059604645,0.07500000298023224,0.6870999932289124,4.0,0.14790000021457672,0.512499988079071,0.3499999940395355,0.32499998807907104,0.925000011920929,0.824999988079071,0.15000000596046448,0.07500000298023224,0.512499988079071,0.5,0.824999988079071,3.0,0.49950000643730164,3.0,0.5,0.017500000074505806,0.925000011920929,0.20000000298023224,0.875,0.20000000298023224,4161,21381,33794,8450,21314,12737,8450,33794,12737,38405,17089,4-3-3,27,13,3,23,10,6,162,4,113,9,7,6,7,0,25,15,3
0.3409000039100647,0.5472999811172485,0.3799999952316284,0.5,3.0,0.164900004863739,0.4749999940395355,0.07800000160932541,0.2874999940395355,0.4970000088214874,0.8729000091552734,0.16439999639987946,0.9128999710083008,0.5249999761581421,0.5,0.6815999746322632,2.5,0.6100000143051147,4.5,0.6399999856948853,0.017500000074505806,0.7124999761581421,0.5249999761581421,0.8707000017166138,0.16910000145435333,4161,21445,29957,25730,25602,12737,12737,38405,12737,38341,21185,3-4-1-2,26,15,4,18,13,1,165,5,114,23,12,6,29,0,24,16,4
0.925000011920929,0.3375000059604645,0.49000000953674316,0.7124999761581421,4.5,0.17499999701976776,0.5874999761581421,0.6499999761581421,0.2874999940395355,0.3499999940395355,0.8515999913215637,0.17499999701976776,0.07500000298023224,0.512499988079071,0.5,0.512499988079071,1.0,0.07500000298023224,4.5,0.5,0.017500000074505806,0.925000011920929,0.20000000298023224,0.5874999761581421,0.20000000298023224,4161,25602,21381,8513,21314,12737,8386,38213,12737,25602,17089,4-1-4-1,25,12,2,15,10,15,166,4,115,2,7,6,31,0,16,13,3
0.3499999940395355,0.4749999940395355,0.4903999865055084,0.503000020980835,3.0,0.14149999618530273,0.512499988079071,0.06589999794960022,0.2904999852180481,0.800000011920929,0.8766000270843506,0.17499999701976776,0.9370999932289124,0.5249999761581421,0.5,0.6625000238418579,2.0,0.20000000298023224,5.0,0.6590999960899353,0.017500000074505806,0.7124999761581421,0.5249999761581421,0.6625000238418579,0.17499999701976776,4161,21381,29637,25730,25730,12737,12802,38405,12802,29637,21314,3-4-2-1,25,15,3,17,13,19,169,5,116,24,12,6,21,0,19,16,4
0.6499999761581421,0.22499999403953552,0.38999998569488525,0.6435999870300293,6.0,0.15000000596046448,0.512499988079071,0.3499999940395355,0.5,0.5,0.875,0.15000000596046448,0.30570000410079956,0.512499988079071,0.5,0.6625000238418579,2.0,0.6000000238418579,2.0,0.0681999996304512,0.019999999552965164,0.8999999761581421,0.164900004863739,0.875,0.21649999916553497,4161,21249,29570,12737,21314,12865,8386,38405,12865,38405,8450,5-2-1-2,26,13,1,18,7,4,171,4,117,29,6,5,35,0,24,15,3
0.6499999761581421,0.5874999761581421,0.38999998569488525,0.7124999761581421,4.0,0.16060000658035278,0.512499988079071,0.3499999940395355,0.2874999940395355,0.07500000298023224,0.875,0.15850000083446503,0.07500000298023224,0.512499988079071,0.5,0.5874999761581421,2.0,0.6000000238418579,4.0,0.925000011920929,0.017500000074505806,0.925000011920929,0.20000000298023224,0.875,0.20000000298023224,4161,21185,25669,8386,21185,12865,8386,38405,12802,38213,25669,4-4-2,26,13,2,16,12,10,172,4,118,16,7,6,11,0,24,15,3
0.3499999940395355,0.512499988079071,0.38999998569488525,0.5,3.0,0.15000000596046448,0.512499988079071,0.07500000298023224,0.2935999929904938,0.5,0.875,0.15209999680519104,0.925000011920929,0.5874999761581421,0.5,0.6625000238418579,2.5,0.6000000238418579,4.5,0.6499999761581421,0.017500000074505806,0.7124999761581421,0.5874999761581421,0.875,0.15070000290870667,4161,21249,29957,25730,25730,12737,12737,38405,12802,38405,21185,3-4-1-2,26,15,4,18,13,1,175,5,119,23,12,6,29,0,24,16,4
0.4449999928474426,0.22499999403953552,0.38999998569488525,0.7124999761581421,5.0,0.125,0.3488999903202057,0.6499999761581421,0.5,0.3499999940395355,0.875,0.15000000596046448,0.2874999940395355,0.512499988079071,0.5,0.512499988079071,2.0,0.6000000238418579,3.0,0.05000000074505806,0.017500000074505806,0.949999988079071,0.125,0.875,0.22499999403953552,4161,17089,21445,12737,21185,12737,8450,38341,12737,38275,8578,5-3-2,26,10,1,15,7,4,180,4,120,31,6,5,24,0,24,13,3
0.6499999761581421,0.20000000298023224,0.07500000298023224,0.675000011920929,6.0,0.15000000596046448,0.512499988079071,0.3499999940395355,0.5,0.925000011920929,0.824999988079071,0.15000000596046448,0.32499998807907104,0.512499988079071,0.5,0.824999988079071,1.0,0.49950000643730164,3.0,0.07500000298023224,0.017500000074505806,0.925000011920929,0.15000000596046448,0.875,0.20000000298023224,4161,21314,33794,12737,21249,12737,8450,33794,12737,38213,8578,5-2-3,27,13,1,23,7,3,181,4,121,30,6,5,36,0,25,15,3
0.5,0.512499988079071,0.07500000298023224,0.7124999761581421,4.0,0.17499999701976776,0.512499988079071,0.3499999940395355,0.2874999940395355,0.925000011920929,0.824999988079071,0.17499999701976776,0.07500000298023224,0.512499988079071,0.5,0.824999988079071,3.0,0.49950000643730164,3.0,0.6499999761581421,0.017500000074505806,0.925000011920929,0.20000000298023224,0.875,0.20000000298023224,4226,21249,33989,8450,21314,12865,8450,33794,12802,38341,21314,4-3-3,27,14,3,23,13,6,189,4,122,8,7,6,17,0,25,15,3
0.6600000262260437,0.3375000059604645,0.3799999952316284,0.6549000144004822,4.0,0.15000000596046448,0.5081999897956848,0.3400000035762787,0.3450999855995178,0.5,0.8500000238418579,0.14569999277591705,0.07500000298023224,0.5103999972343445,0.5,0.6625000238418579,2.5,0.6000000238418579,3.5,0.5,0.017500000074505806,0.925000011920929,0.20000000298023224,0.875,0.20000000298023224,4226,21314,29570,8450,21314,12865,8450,38275,12802,38341,17089,4-1-2-1-2(2),26,13,2,18,10,11,191,4,123,15,7,6,9,0,24,15,3
0.3400000035762787,0.5110999941825867,0.49950000643730164,0.5,3.0,0.15000000596046448,0.504800021648407,0.07500000298023224,0.32499998807907104,0.800000011920929,0.875,0.15000000596046448,0.925000011920929,0.5874999761581421,0.5,0.6625000238418579,2.0,0.20000000298023224,5.0,0.6600000262260437,0.017500000074505806,0.6769000291824341,0.5874999761581421,0.6625000238418579,0.14730000495910645,4161,21381,29637,25602,25602,12737,12737,38213,12737,29637,21185,3-4-2-1,25,15,3,17,13,19,205,5,124,24,12,6,21,0,19,16,4
0.3499999940395355,0.512499988079071,0.07500000298023224,0.5,3.0,0.15000000596046448,0.512499988079071,0.07500000298023224,0.2874999940395355,0.925000011920929,0.824999988079071,0.17499999701976776,0.925000011920929,0.5874999761581421,0.49540001153945923,0.824999988079071,3.0,0.49950000643730164,4.0,0.6499999761581421,0.019999999552965164,0.7124999761581421,0.5874999761581421,0.875,0.17499999701976776,4161,21314,33794,25602,25602,12802,12802,33794,12737,38341,21314,3-4-3,27,15,4,23,13,0,206,5,125,25,12,6,2,0,25,16,4
0.6499999761581421,0.3587999939918518,0.38999998569488525,0.6700999736785889,4.0,0.1477999985218048,0.512499988079071,0.3499999940395355,0.3450999855995178,0.5,0.875,0.14790000021457672,0.07500000298023224,0.512499988079071,0.5,0.6625000238418579,2.5,0.6000000238418579,3.5,0.5,0.017500000074505806,0.925000011920929,0.20000000298023224,0.875,0.20000000298023224,4226,21314,29570,8450,21314,12802,8450,38405,12737,38213,17089,4-1-2-1-2(2),26,13,2,18,10,11,209,4,126,15,7,6,9,0,24,15,3
0.3499999940395355,0.3375000059604645,0.49950000643730164,0.675000011920929,5.0,0.15000000596046448,0.3375000059604645,0.925000011920929,0.32499998807907104,0.07500000298023224,0.875,0.15000000596046448,0.07500000298023224,0.5874999761581421,0.5,0.5874999761581421,1.0,0.5,4.0,0.6499999761581421,0.017500000074505806,0.925000011920929,0.20000000298023224,0.6625000238418579,0.20000000298023224,4161,17089,25730,8578,25602,12737,8386,38213,12737,29570,17089,4-2-3-1(2),25,11,2,16,9,14,210,4,127,4,7,6,3,0,18,12,3
0.925000011920929,0.3375000059604645,0.49950000643730164,0.7124999761581421,4.5,0.1436000019311905,0.5874999761581421,0.6499999761581421,0.2874999940395355,0.3499999940395355,0.875,0.14790000021457672,0.07500000298023224,0.512499988079071,0.503000020980835,0.512499988079071,1.0,0.07500000298023224,4.5,0.5,0.017500000074505806,0.925000011920929,0.20000000298023224,0.5874999761581421,0.20000000298023224,4161,25602,21314,8386,21314,12737,8386,38213,12737,25602,17089,4-1-4-1,25,12,2,15,10,15,211,4,128,2,7,6,31,0,16,13,3
0.6499999761581421,0.5874999761581421,0.38999998569488525,0.7124999761581421,4.0,0.17499999701976776,0.512499988079071,0.3499999940395355,0.2874999940395355,0.07500000298023224,0.875,0.17499999701976776,0.07500000298023224,0.512499988079071,0.5,0.5874999761581421,2.0,0.6000000238418579,4.0,0.925000011920929,0.017500000074505806,0.925000011920929,0.20000000298023224,0.875,0.20000000298023224,4161,21314,25730,8578,21314,12737,8386,38405,12737,38405,25730,4-4-2,26,13,2,16,12,10,217,4,129,16,7,6,11,0,24,15,3
0.3499999940395355,0.3375000059604645,0.49950000643730164,0.682200014591217,5.0,0.1729000061750412,0.3375000059604645,0.925000011920929,0.31779998540878296,0.07500000298023224,0.875,0.16009999811649323,0.07500000298023224,0.5874999761581421,0.5,0.5874999761581421,1.0,0.5,4.0,0.6499999761581421,0.017500000074505806,0.921999990940094,0.20000000298023224,0.6625000238418579,0.22339999675750732,4226,17089,25602,8513,25794,12737,8450,38341,12737,29637,17089,4-2-3-1(2),25,11,2,16,9,14,219,4,130,4,7,6,3,0,18,12,3
0.6600000262260437,0.3375000059604645,0.10000000149011612,0.6639999747276306,4.0,0.14949999749660492,0.4749999940395355,0.3400000035762787,0.3330000042915344,0.8999999761581421,0.7749999761581421,0.14730000495910645,0.07500000298023224,0.4749999940395355,0.5,0.7749999761581421,3.0,0.49950000643730164,3.0,0.5,0.017500000074505806,0.925000011920929,0.20000000298023224,0.875,0.20000000298023224,4161,21445,33989,8450,21314,12737,8450,33794,12737,38341,17089,4-3-3,27,13,3,23,10,6,229,4,131,9,7,6,7,0,25,15,3
0.3499999940395355,0.3375000059604645,0.49950000643730164,0.6730999946594238,5.0,0.1559000015258789,0.3375000059604645,0.925000011920929,0.34200000762939453,0.07500000298023224,0.875,0.15369999408721924,0.07500000298023224,0.5874999761581421,0.5,0.5874999761581421,1.0,0.5,4.0,0.6499999761581421,0.017500000074505806,0.925000011920929,0.20000000298023224,0.6625000238418579,0.20000000298023224,4161,17089,25794,8386,25794,12865,8450,38275,12865,29570,17089,4-2-3-1(2),25,11,2,16,9,14,230,4,132,4,7,6,3,0,18,12,3
0.3499999940395355,0.3375000059604645,0.49950000643730164,0.7124999761581421,5.0,0.17499999701976776,0.3375000059604645,0.925000011920929,0.2874999940395355,0.07500000298023224,0.875,0.17499999701976776,0.07500000298023224,0.5874999761581421,0.5,0.5874999761581421,1.0,0.5,4.0,0.6499999761581421,0.017500000074505806,0.925000011920929,0.20000000298023224,0.6625000238418579,0.20000000298023224,4226,17025,25794,8450,25794,12737,8386,38213,12865,29637,17089,4-2-3-1(2),25,11,2,16,9,14,231,4,133,4,7,6,3,0,18,12,3
0.5,0.20000000298023224,0.38999998569488525,0.7124999761581421,5.0,0.17499999701976776,0.3375000059604645,0.6499999761581421,0.5,0.3499999940395355,0.875,0.15000000596046448,0.2874999940395355,0.512499988079071,0.5,0.512499988079071,2.0,0.6000000238418579,3.0,0.07500000298023224,0.017500000074505806,0.925000011920929,0.17499999701976776,0.875,0.20000000298023224,4161,17089,21314,12737,21314,12737,8386,38405,12737,38341,8386,5-3-2,26,10,1,15,7,4,232,4,134,31,6,5,24,0,24,13,3
0.6509000062942505,0.3375000059604645,0.07500000298023224,0.6640999913215637,4.0,0.155799999833107,0.4749999940395355,0.3569999933242798,0.36250001192092896,0.925000011920929,0.824999988079071,0.1559000015258789,0.10000000149011612,0.4814000129699707,0.5,0.824999988079071,3.0,0.49000000953674316,3.0,0.5,0.017500000074505806,0.8999999761581421,0.22499999403953552,0.8999999761581421,0.2176000028848648,4161,21445,33794,8450,21381,12802,8578,33989,12802,38405,17025,4-3-3,27,13,3,23,10,6,234,4,135,9,7,6,7,0,25,15,3
0.35839998722076416,0.3375000059604645,0.4961000084877014,0.6448000073432922,5.0,0.149399995803833,0.375,0.8999999761581421,0.3479999899864197,0.10000000149011612,0.8999999761581421,0.14169999957084656,0.10000000149011612,0.6287000179290771,0.5,0.6499999761581421,1.0,0.5005000233650208,4.0,0.6499999761581421,0.017500000074505806,0.8999999761581421,0.22499999403953552,0.699999988079071,0.22499999403953552,4226,17089,25794,8578,25794,12865,8578,38213,12737,29570,17153,4-2-3-1(2),25,11,2,16,9,14,236,4,136,4,7,6,3,0,18,12,3
0.36000001430511475,0.4749999940395355,0.5090000033378601,0.5059999823570251,3.0,0.16269999742507935,0.550000011920929,0.07500000298023224,0.2904999852180481,0.800000011920929,0.8920000195503235,0.1712999939918518,0.925000011920929,0.5874999761581421,0.5049999952316284,0.6625000238418579,2.0,0.20000000298023224,5.0,0.6600000262260437,0.014999999664723873,0.7053999900817871,0.5874999761581421,0.6625000238418579,0.17339999973773956,4226,21314,29570,25602,25602,12737,12865,38405,12865,29570,21249,3-4-2-1,25,15,3,17,13,19,237,5,137,24,12,6,21,0,19,16,4
0.5,0.20000000298023224,0.38999998569488525,0.7124999761581421,5.0,0.17499999701976776,0.3375000059604645,0.6600000262260437,0.5,0.3400000035762787,0.875,0.15000000596046448,0.2874999940395355,0.5436000227928162,0.5,0.5371999740600586,2.0,0.6000000238418579,3.0,0.07500000298023224,0.017500000074505806,0.925000011920929,0.17499999701976776,0.875,0.20000000298023224,4161,17089,21445,12737,21381,12865,8386,38405,12737,38405,8386,5-3-2,26,10,1,15,7,4,240,4,138,31,6,5,24,0,24,13,3
0.3499999940395355,0.3375000059604645,0.49000000953674316,0.6730999946594238,5.0,0.17499999701976776,0.3375000059604645,0.925000011920929,0.3481000065803528,0.07500000298023224,0.8840000033378601,0.17499999701976776,0.09390000253915787,0.5874999761581421,0.5,0.5874999761581421,1.0,0.5,4.0,0.6499999761581421,0.017500000074505806,0.9038000106811523,0.22499999403953552,0.6625000238418579,0.22499999403953552,4226,17089,25602,8450,25602,12737,8386,38275,12865,29570,17089,4-2-3-1(2),25,11,2,16,9,14,241,4,139,4,7,6,3,0,18,12,3
0.3400000035762787,0.375,0.49950000643730164,0.7124999761581421,5.0,0.14309999346733093,0.375,0.8999999761581421,0.2874999940395355,0.10000000149011612,0.875,0.1451999992132187,0.10000000149011612,0.6499999761581421,0.5,0.6499999761581421,1.0,0.5,4.0,0.6600000262260437,0.017500000074505806,0.8999999761581421,0.22499999403953552,0.6625000238418579,0.22499999403953552,4161,17153,25794,8386,25602,12737,8386,38341,12737,29570,17089,4-2-3-1(2),25,11,2,16,9,14,242,4,140,4,7,6,3,0,18,12,3
0.6600000262260437,0.365200012922287,0.07500000298023224,0.6507999897003174,4.0,0.15639999508857727,0.550000011920929,0.3400000035762787,0.33709999918937683,0.925000011920929,0.824999988079071,0.15860000252723694,0.10000000149011612,0.515999972820282,0.5,0.824999988079071,3.0,0.49950000643730164,3.0,0.4970000088214874,0.017500000074505806,0.8999999761581421,0.22499999403953552,0.875,0.22499999403953552,4226,21445,33794,8450,21314,12802,8450,33794,12737,38405,17089,4-3-3,27,13,3,23,10,6,243,4,141,9,7,6,7,0,25,15,3
0.3499999940395355,0.3375000059604645,0.49950000643730164,0.7124999761581421,5.0,0.17499999701976776,0.3375000059604645,0.9090999960899353,0.36250001192092896,0.07880000025033951,0.875,0.17499999701976776,0.10000000149011612,0.6484000086784363,0.5,0.6499999761581421,1.0,0.5,4.0,0.6499999761581421,0.017500000074505806,0.9370999932289124,0.22499999403953552,0.6625000238418579,0.22499999403953552,4161,17089,25794,8386,25602,12737,8386,38405,12737,29570,17089,4-2-3-1(2),25,11,2,16,9,14,244,4,142,4,7,6,3,0,18,12,3
0.6499999761581421,0.3375000059604645,0.07500000298023224,0.6446999907493591,4.0,0.15000000596046448,0.512499988079071,0.3499999940395355,0.34630000591278076,0.925000011920929,0.824999988079071,0.15369999408721924,0.07500000298023224,0.512499988079071,0.5,0.824999988079071,3.0,0.4964999854564667,3.0,0.5,0.017500000074505806,0.925000011920929,0.20000000298023224,0.8707000017166138,0.20000000298023224,4226,21314,33861,8513,21314,12737,8450,33989,12737,38213,17089,4-3-3,27,13,3,23,10,6,245,4,143,9,7,6,7,0,25,15,3
0.3400000035762787,0.4925999939441681,0.07500000298023224,0.675000011920929,4.0,0.15000000596046448,0.5223000049591064,0.5,0.32499998807907104,0.925000011920929,0.824999988079071,0.15000000596046448,0.07500000298023224,0.6625000238418579,0.5,0.824999988079071,3.0,0.49000000953674316,3.0,0.6491000056266785,0.017500000074505806,0.925000011920929,0.20000000298023224,0.8999999761581421,0.20000000298023224,4226,21314,33794,8578,29570,12865,8450,33989,12865,38405,21314,4-3-3,27,15,3,23,13,6,246,4,144,11,7,6,4,0,25,18,3
0.6600000262260437,0.3375000059604645,0.09019999951124191,0.637499988079071,4.0,0.15000000596046448,0.550000011920929,0.3400000035762787,0.3431999981403351,0.925000011920929,0.824999988079071,0.15000000596046448,0.07500000298023224,0.5371999740600586,0.5,0.824999988079071,3.0,0.49950000643730164,3.0,0.5,0.017500000074505806,0.925000011920929,0.20000000298023224,0.875,0.20000000298023224,4161,21314,33989,8513,21381,12865,8450,33989,12865,38213,17089,4-3-3,27,13,3,23,10,6,247,4,145,9,7,6,7,0,25,15,3
0.36000001430511475,0.5174999833106995,0.07500000298023224,0.5,3.0,0.15000000596046448,0.5153999924659729,0.08789999783039093,0.2874999940395355,0.925000011920929,0.824999988079071,0.17499999701976776,0.9302999973297119,0.5249999761581421,0.5,0.824999988079071,3.0,0.49950000643730164,4.0,0.6570000052452087,0.017500000074505806,0.7124999761581421,0.5249999761581421,0.875,0.17499999701976776,4226,21381,33794,25730,25730,12802,12865,33794,12737,38213,21314,3-4-3,27,15,4,23,13,0,252,5,146,25,12,6,2,0,25,16,4
0.3499999940395355,0.3375000059604645,0.49950000643730164,0.675000011920929,5.0,0.15000000596046448,0.3375000059604645,0.9158999919891357,0.32499998807907104,0.10000000149011612,0.875,0.15000000596046448,0.07500000298023224,0.6342999935150146,0.5,0.6301000118255615,1.0,0.5,4.0,0.6499999761581421,0.017500000074505806,0.925000011920929,0.20000000298023224,0.699999988079071,0.20000000298023224,4161,17089,25669,8513,25669,12865,8513,38213,12802,29570,17089,4-2-3-1(2),25,11,2,16,9,14,254,4,147,4,7,6,3,0,18,12,3
0.36000001430511475,0.5133000016212463,0.38999998569488525,0.5,3.0,0.15000000596046448,0.5133000016212463,0.09319999814033508,0.2874999940395355,0.5,0.875,0.17499999701976776,0.925000011920929,0.5249999761581421,0.5,0.6625000238418579,2.5,0.6000000238418579,4.5,0.6539000272750854,0.017500000074505806,0.7124999761581421,0.5249999761581421,0.875,0.17499999701976776,4161,21185,29570,25730,25730,12802,12802,38405,12865,38405,21314,3-4-1-2,26,15,4,18,13,1,256,5,148,23,12,6,29,0,24,16,4
0.6499999761581421,0.6499999761581421,0.38999998569488525,0.675000011920929,4.0,0.15000000596046448,0.512499988079071,0.3499999940395355,0.32499998807907104,0.10000000149011612,0.875,0.15000000596046448,0.07500000298023224,0.512499988079071,0.5,0.6499999761581421,2.0,0.6000000238418579,4.0,0.8999999761581421,0.017500000074505806,0.925000011920929,0.20000000298023224,0.875,0.20000000298023224,4161,21314,25669,8450,21314,12737,8386,38405,12737,38405,25602,4-4-2,26,13,2,16,12,10,260,4,149,16,7,6,11,0,24,15,3
0.3400000035762787,0.5436000227928162,0.07500000298023224,0.6700999736785889,4.0,0.16699999570846558,0.5472999811172485,0.5,0.335999995470047,0.925000011920929,0.824999988079071,0.17499999701976776,0.07500000298023224,0.6625000238418579,0.5,0.824999988079071,3.0,0.49950000643730164,3.0,0.6600000262260437,0.017500000074505806,0.925000011920929,0.20000000298023224,0.875,0.20000000298023224,4161,21314,33794,8386,29570,12737,8578,33794,12737,38275,21445,4-3-3,27,15,3,23,13,6,263,4,150,11,7,6,4,0,25,18,3
0.3499999940395355,0.512499988079071,0.49950000643730164,0.5,3.0,0.15000000596046448,0.512499988079071,0.07500000298023224,0.32499998807907104,0.800000011920929,0.875,0.15000000596046448,0.925000011920929,0.5874999761581421,0.5,0.6625000238418579,2.0,0.20000000298023224,5.0,0.6499999761581421,0.017500000074505806,0.675000011920929,0.5874999761581421,0.6625000238418579,0.15000000596046448,4161,21185,29570,25730,25602,12737,12865,38213,12865,29570,21314,3-4-2-1,25,15,3,17,13,19,266,5,151,24,12,6,21,0,19,16,4
0.6539000272750854,0.20000000298023224,0.07500000298023224,0.7124999761581421,6.0,0.17499999701976776,0.4749999940395355,0.3409000039100647,0.5,0.925000011920929,0.824999988079071,0.17069999873638153,0.2874999940395355,0.4749999940395355,0.4909000098705292,0.824999988079071,1.0,0.49950000643730164,3.0,0.07500000298023224,0.014999999664723873,0.925000011920929,0.17499999701976776,0.875,0.20000000298023224,4226,21314,33794,12865,21381,12737,8578,33794,12737,38405,8386,5-2-3,27,13,1,23,7,3,267,4,152,30,6,5,36,0,25,15,3
0.6417999863624573,0.20000000298023224,0.38999998569488525,0.7124999761581421,6.0,0.17499999701976776,0.4749999940395355,0.36000001430511475,0.503000020980835,0.5,0.875,0.17499999701976776,0.2874999940395355,0.550000011920929,0.5,0.6625000238418579,2.0,0.6000000238418579,2.0,0.07500000298023224,0.017500000074505806,0.925000011920929,0.17499999701976776,0.875,0.20000000298023224,4226,21314,29570,12737,21314,12865,8386,38405,12737,38405,8386,5-2-1-2,26,13,1,18,7,4,269,4,153,29,6,5,35,0,24,15,3
0.503000020980835,0.550000011920929,0.49950000643730164,0.675000011920929,4.0,0.15000000596046448,0.4749999940395355,0.3400000035762787,0.32499998807907104,0.800000011920929,0.875,0.15000000596046448,0.07500000298023224,0.550000011920929,0.5,0.6625000238418579,2.5,0.20000000298023224,3.5,0.6600000262260437,0.017500000074505806,0.925000011920929,0.20000000298023224,0.6625000238418579,0.20000000298023224,4161,21249,29570,8386,21445,12737,8450,38341,12737,29570,21314,4-3-2-1,25,14,2,17,13,8,270,4,154,7,7,6,20,0,19,15,3
0.5,0.20000000298023224,0.38999998569488525,0.7124999761581421,5.0,0.1729000061750412,0.3375000059604645,0.6499999761581421,0.5,0.3499999940395355,0.875,0.14949999749660492,0.2874999940395355,0.512499988079071,0.5091000199317932,0.512499988079071,2.0,0.6000000238418579,3.0,0.07500000298023224,0.014999999664723873,0.925000011920929,0.17499999701976776,0.875,0.20000000298023224,4161,17089,21314,12737,21314,12737,8386,38405,12737,38405,8386,5-3-2,26,10,1,15,7,4,271,4,155,31,6,5,24,0,24,13,3
0.925000011920929,0.3375000059604645,0.38999998569488525,0.6761000156402588,4.0,0.16009999811649323,0.5874999761581421,0.07500000298023224,0.335999995470047,0.5,0.875,0.15369999408721924,0.07500000298023224,0.5874999761581421,0.5,0.6625000238418579,2.5,0.6000000238418579,3.5,0.5,0.017500000074505806,0.925000011920929,0.20000000298023224,0.875,0.20000000298023224,4161,25602,29570,8578,25794,12737,8450,38405,12737,38275,17089,4-1-2-1-2,26,12,2,18,10,11,278,4,156,14,7,6,10,0,24,16,3
0.3499999940395355,0.3375000059604645,0.49000000953674316,0.675000011920929,5.0,0.15000000596046448,0.3375000059604645,0.925000011920929,0.3158999979496002,0.07500000298023224,0.8500000238418579,0.15000000596046448,0.07500000298023224,0.5874999761581421,0.5,0.5874999761581421,1.0,0.5,4.0,0.6499999761581421,0.019600000232458115,0.925000011920929,0.20000000298023224,0.6625000238418579,0.20000000298023224,4161,17089,25794,8386,25602,12737,8578,38341,12802,29570,17089,4-2-3-1(2),25,11,2,16,9,14,280,4,157,4,7,6,3,0,18,12,3
0.3499999940395355,0.3375000059604645,0.49950000643730164,0.673799991607666,5.0,0.16060000658035278,0.3375000059604645,0.925000011920929,0.3158999979496002,0.10000000149011612,0.875,0.15000000596046448,0.07500000298023224,0.5874999761581421,0.5,0.6065999865531921,1.0,0.5,4.0,0.6499999761581421,0.017500000074505806,0.925000011920929,0.20000000298023224,0.6625000238418579,0.20000000298023224,4161,17089,25602,8386,25794,12737,8386,38275,12737,29570,17089,4-2-3-1(2),25,11,2,16,9,14,294,4,158,4,7,6,3,0,18,12,3
0.5,0.5414999723434448,0.10000000149011612,0.7124999761581421,4.0,0.17499999701976776,0.512499988079071,0.3490999937057495,0.2874999940395355,0.925000011920929,0.8206999897956848,0.17499999701976776,0.07500000298023224,0.5478000044822693,0.5,0.824999988079071,3.0,0.49950000643730164,3.0,0.6399999856948853,0.017500000074505806,0.925000011920929,0.20000000298023224,0.875,0.20000000298023224,4226,21314,33794,8386,21381,12865,8386,33794,12802,38341,21314,4-3-3,27,14,3,23,13,6,298,4,159,8,7,6,17,0,25,15,3
0.6499999761581421,0.3375000059604645,0.07500000298023224,0.675000011920929,4.0,0.15000000596046448,0.512499988079071,0.3499999940395355,0.32499998807907104,0.925000011920929,0.824999988079071,0.15000000596046448,0.07500000298023224,0.512499988079071,0.5,0.824999988079071,3.0,0.49950000643730164,3.0,0.5,0.017500000074505806,0.925000011920929,0.20000000298023224,0.875,0.20000000298023224,4161,21314,33794,8386,21445,12865,8386,33794,12865,38213,17089,4-3-3,27,13,3,23,10,6,299,4,160,9,7,6,7,0,25,15,3
0.5,0.5252000093460083,0.10000000149011612,0.675000011920929,4.0,0.15000000596046448,0.4749999940395355,0.3400000035762787,0.32499998807907104,0.902999997138977,0.7930999994277954,0.15000000596046448,0.07500000298023224,0.5188999772071838,0.5,0.7888000011444092,3.0,0.49950000643730164,3.0,0.6600000262260437,0.017500000074505806,0.925000011920929,0.20000000298023224,0.875,0.20000000298023224,4161,21314,33794,8386,21314,12865,8386,33861,12865,38341,21381,4-3-3,27,14,3,23,13,6,300,4,161,8,7,6,17,0,25,15,3
0.6600000262260437,0.3375000059604645,0.07500000298023224,0.7124999761581421,4.0,0.1543000042438507,0.5231000185012817,0.3400000035762787,0.32499998807907104,0.925000011920929,0.824999988079071,0.15000000596046448,0.07500000298023224,0.550000011920929,0.5,0.824999988079071,3.0,0.49950000643730164,3.0,0.5,0.017500000074505806,0.925000011920929,0.20000000298023224,0.875,0.20000000298023224,4226,21445,33794,8386,21314,12737,8386,33794,12737,38213,17025,4-3-3,27,13,3,23,10,6,301,4,162,9,7,6,7,0,25,15,3
0.6499999761581421,0.19949999451637268,0.07500000298023224,0.637499988079071,6.0,0.15160000324249268,0.512499988079071,0.3499999940395355,0.5,0.925000011920929,0.824999988079071,0.15000000596046448,0.3431999981403351,0.512499988079071,0.5,0.824999988079071,1.0,0.49950000643730164,3.0,0.07580000162124634,0.017500000074505806,0.9258000254631042,0.15160000324249268,0.875,0.19949999451637268,4161,21314,33989,12737,21314,12737,8513,33989,12737,38275,8450,5-2-3,27,13,1,23,7,3,305,4,163,30,6,5,36,0,25,15,3
0.6600000262260437,0.20000000298023224,0.07500000298023224,0.7124999761581421,6.0,0.14949999749660492,0.5116999745368958,0.3400000035762787,0.5,0.925000011920929,0.824999988079071,0.15000000596046448,0.2874999940395355,0.5112000107765198,0.5,0.824999988079071,1.0,0.5020999908447266,3.0,0.07500000298023224,0.017500000074505806,0.925000011920929,0.14949999749660492,0.8830000162124634,0.20000000298023224,4161,21314,33989,12737,21314,12865,8578,33989,12737,38341,8578,5-2-3,27,13,1,23,7,3,306,4,164,30,6,5,36,0,25,15,3
0.3499999940395355,0.375,0.49950000643730164,0.675000011920929,5.0,0.15000000596046448,0.3375000059604645,0.925000011920929,0.32499998807907104,0.07500000298023224,0.875,0.15000000596046448,0.07500000298023224,0.5874999761581421,0.5,0.5874999761581421,1.0,0.5,4.0,0.6470000147819519,0.017500000074505806,0.925000011920929,0.20000000298023224,0.6625000238418579,0.20000000298023224,4161,17089,25794,8450,25794,12737,8386,38341,12737,29570,17089,4-2-3-1(2),25,11,2,16,9,14,308,4,165,4,7,6,3,0,18,12,3
0.5,0.20000000298023224,0.38999998569488525,0.675000011920929,5.0,0.15000000596046448,0.3375000059604645,0.6499999761581421,0.5,0.3499999940395355,0.875,0.15000000596046448,0.32499998807907104,0.512499988079071,0.5,0.512499988079071,2.0,0.6000000238418579,3.0,0.07500000298023224,0.017500000074505806,0.925000011920929,0.15000000596046448,0.875,0.20000000298023224,4161,17089,21445,12865,21314,12737,8578,38405,12737,38405,8578,5-3-2,26,10,1,15,7,4,310,4,166,31,6,5,24,0,24,13,3
0.3499999940395355,0.3375000059604645,0.49950000643730164,0.6700999736785889,5.0,0.1542000025510788,0.3375000059604645,0.925000011920929,0.3239000141620636,0.07500000298023224,0.875,0.1509000062942505,0.07500000298023224,0.5874999761581421,0.5,0.5874999761581421,1.0,0.5,4.0,0.6499999761581421,0.017500000074505806,0.925000011920929,0.20000000298023224,0.6625000238418579,0.20000000298023224,4226,17089,25602,8386,25602,12865,8386,38405,12737,29570,17089,4-2-3-1(2),25,11,2,16,9,14,319,4,167,4,7,6,3,0,18,12,3
0.36000001430511475,0.36010000109672546,0.49950000643730164,0.637499988079071,5.0,0.15800000727176666,0.375,0.8999999761581421,0.2874999940395355,0.10000000149011612,0.875,0.17499999701976776,0.07500000298023224,0.6365000009536743,0.5,0.6385999917984009,1.0,0.5,4.0,0.6499999761581421,0.017500000074505806,0.8999999761581421,0.20000000298023224,0.6625000238418579,0.22499999403953552,4161,17089,25669,8578,25602,12737,8386,38405,12802,29570,17089,4-2-3-1(2),25,11,2,16,9,14,320,4,168,4,7,6,3,0,18,12,3
0.6600000262260437,0.20000000298023224,0.07500000298023224,0.675000011920929,6.0,0.15000000596046448,0.4749999940395355,0.3400000035762787,0.5,0.925000011920929,0.824999988079071,0.15000000596046448,0.32499998807907104,0.4749999940395355,0.5,0.824999988079071,1.0,0.49950000643730164,3.0,0.07500000298023224,0.017500000074505806,0.925000011920929,0.15000000596046448,0.875,0.20000000298023224,4161,21185,33794,12737,21314,12737,8578,33794,12737,38405,8450,5-2-3,27,13,1,23,7,3,321,4,169,30,6,5,36,0,25,15,3
0.3499999940395355,0.3375000059604645,0.49950000643730164,0.7124999761581421,5.0,0.15209999680519104,0.3375000059604645,0.925000011920929,0.30979999899864197,0.07500000298023224,0.875,0.15209999680519104,0.07500000298023224,0.5874999761581421,0.5,0.5874999761581421,1.0,0.5,4.0,0.6499999761581421,0.017500000074505806,0.925000011920929,0.20000000298023224,0.6625000238418579,0.20000000298023224,4226,17089,25602,8578,25602,12737,8450,38213,12737,29637,17089,4-2-3-1(2),25,11,2,16,9,14,322,4,170,4,7,6,3,0,18,12,3
0.3499999940395355,0.3375000059604645,0.49950000643730164,0.675000011920929,5.0,0.15000000596046448,0.3375000059604645,0.925000011920929,0.32499998807907104,0.07500000298023224,0.875,0.15000000596046448,0.07500000298023224,0.5874999761581421,0.5,0.5874999761581421,1.0,0.5,4.0,0.6499999761581421,0.017500000074505806,0.925000011920929,0.20000000298023224,0.6625000238418579,0.20000000298023224,4161,17089,25794,8513,25794,12865,8450,38213,12737,29570,17089,4-2-3-1(2),25,11,2,16,9,14,324,4,171,4,7,6,3,0,18,12,3
0.36000001430511475,0.36010000109672546,0.5085999965667725,0.6739000082015991,5.0,0.16329999268054962,0.375,0.8999999761581421,0.33219999074935913,0.10000000149011612,0.8999999761581421,0.16760000586509705,0.08410000056028366,0.6499999761581421,0.5,0.6499999761581421,1.0,0.5,4.0,0.6399999856948853,0.017500000074505806,0.8999999761581421,0.22499999403953552,0.6625000238418579,0.22499999403953552,4161,17089,25794,8578,25794,12737,8513,38341,12865,29957,17153,4-2-3-1(2),25,11,2,16,9,14,325,4,172,4,7,6,3,0,18,12,3
0.3400000035762787,0.4749999940395355,0.10000000149011612,0.6518999934196472,4.0,0.1665000021457672,0.545199990272522,0.5034999847412109,0.3481000065803528,0.9182000160217285,0.7749999761581421,0.17069999873638153,0.07500000298023224,0.699999988079071,0.5,0.7749999761581421,3.0,0.503000020980835,3.0,0.6438000202178955,0.017500000074505806,0.9279999732971191,0.22499999403953552,0.8999999761581421,0.22499999403953552,4161,21249,33861,8578,29570,12737,8578,33989,12865,38405,21185,4-3-3,27,15,3,23,13,6,326,4,173,11,7,6,4,0,25,18,3
0.3499999940395355,0.3375000059604645,0.5024999976158142,0.675000011920929,5.0,0.15000000596046448,0.3375000059604645,0.925000011920929,0.32499998807907104,0.07500000298023224,0.8999999761581421,0.15000000596046448,0.07500000298023224,0.5874999761581421,0.5,0.5874999761581421,1.0,0.5,4.0,0.6499999761581421,0.017500000074505806,0.925000011920929,0.20000000298023224,0.6625000238418579,0.20000000298023224,4161,17089,25602,8450,25794,12737,8386,38341,12737,29957,17089,4-2-3-1(2),25,11,2,16,9,14,327,4,174,4,7,6,3,0,18,12,3
0.3499999940395355,0.3375000059604645,0.49950000643730164,0.675000011920929,5.0,0.15000000596046448,0.3375000059604645,0.925000011920929,0.32499998807907104,0.07500000298023224,0.875,0.15000000596046448,0.07500000298023224,0.5874999761581421,0.5,0.5874999761581421,1.0,0.5,4.0,0.6499999761581421,0.017500000074505806,0.925000011920929,0.20000000298023224,0.6625000238418579,0.20000000298023224,4161,17089,25602,8450,25669,12737,8386,38213,12802,29570,17089,4-2-3-1(2),25,11,2,16,9,14,347,4,175,4,7,6,3,0,18,12,3
0.6499999761581421,0.20000000298023224,0.38999998569488525,0.6942999958992004,6.0,0.14569999277591705,0.512499988079071,0.3499999940395355,0.5,0.5,0.875,0.15000000596046448,0.3018999993801117,0.512499988079071,0.5,0.6625000238418579,2.0,0.6000000238418579,2.0,0.07500000298023224,0.017500000074505806,0.925000011920929,0.15000000596046448,0.875,0.20000000298023224,4161,21185,29570,12737,21249,12737,8578,38405,12737,38405,8578,5-2-1-2,26,13,1,18,7,4,357,4,176,29,6,5,35,0,24,15,3
0.3499999940395355,0.3375000059604645,0.49950000643730164,0.7124999761581421,5.0,0.15000000596046448,0.3375000059604645,0.925000011920929,0.2874999940395355,0.07500000298023224,0.875,0.15000000596046448,0.07500000298023224,0.5874999761581421,0.5,0.5874999761581421,1.0,0.5,4.0,0.6499999761581421,0.017500000074505806,0.925000011920929,0.20000000298023224,0.6625000238418579,0.20000000298023224,4161,17089,25602,8450,25602,12737,8450,38405,12737,29570,17089,4-2-3-1(2),25,11,2,16,9,14,361,4,177,4,7,6,3,0,18,12,3
0.6499999761581421,0.3375000059604645,0.07500000298023224,0.7124999761581421,4.0,0.17499999701976776,0.546500027179718,0.3499999940395355,0.2874999940395355,0.925000011920929,0.824999988079071,0.17499999701976776,0.07500000298023224,0.512499988079071,0.5,0.824999988079071,3.0,0.49950000643730164,3.0,0.5,0.017500000074505806,0.9279999732971191,0.20000000298023224,0.875,0.22499999403953552,4161,21445,33861,8386,21314,12737,8450,33794,12737,38213,17153,4-3-3,27,13,3,23,10,6,378,4,178,9,7,6,7,0,25,15,3
0.35910001397132874,0.3630000054836273,0.5090000033378601,0.7003999948501587,5.0,0.17499999701976776,0.37290000915527344,0.9128000140190125,0.32690000534057617,0.09619999676942825,0.8557999730110168,0.17499999701976776,0.07500000298023224,0.6499999761581421,0.5,0.6499999761581421,1.0,0.5187000036239624,4.0,0.652999997138977,0.017500000074505806,0.9189000129699707,0.22499999403953552,0.6455000042915344,0.22499999403953552,4161,17089,25602,8578,25669,12737,8386,38405,12737,29637,17089,4-2-3-1(2),25,11,2,16,9,14,379,4,179,4,7,6,3,0,18,12,3
0.3499999940395355,0.3375000059604645,0.49950000643730164,0.6791999936103821,5.0,0.14949999749660492,0.3375000059604645,0.925000011920929,0.335999995470047,0.07500000298023224,0.875,0.14949999749660492,0.07500000298023224,0.5874999761581421,0.5,0.5874999761581421,1.0,0.5,4.0,0.6499999761581421,0.017500000074505806,0.925000011920929,0.20000000298023224,0.6625000238418579,0.20000000298023224,4161,17089,25602,8450,25602,12737,8386,38341,12737,29570,17089,4-2-3-1(2),25,11,2,16,9,14,381,4,180,4,7,6,3,0,18,12,3
0.925000011920929,0.3375000059604645,0.49950000643730164,0.675000011920929,4.5,0.15000000596046448,0.5874999761581421,0.6499999761581421,0.32499998807907104,0.3499999940395355,0.875,0.15000000596046448,0.07500000298023224,0.512499988079071,0.5,0.512499988079071,1.0,0.07500000298023224,4.5,0.5,0.017500000074505806,0.925000011920929,0.20000000298023224,0.5874999761581421,0.20000000298023224,4161,25602,21314,8386,21314,12737,8386,38405,12737,25602,17089,4-1-4-1,25,12,2,15,10,15,383,4,181,2,7,6,31,0,16,13,3
0.3440000116825104,0.4749999940395355,0.07500000298023224,0.6980999708175659,4.0,0.16859999299049377,0.4749999940395355,0.5,0.2874999940395355,0.8999999761581421,0.824999988079071,0.17499999701976776,0.07500000298023224,0.6625000238418579,0.5,0.8154000043869019,3.0,0.49950000643730164,3.0,0.6399999856948853,0.017500000074505806,0.925000011920929,0.20000000298023224,0.875,0.20000000298023224,4161,21314,33794,8386,29570,12737,8450,33861,12737,38341,21314,4-3-3,27,15,3,23,13,6,393,4,182,11,7,6,4,0,25,18,3
0.5,0.20000000298023224,0.3799999952316284,0.6883000135421753,5.0,0.15209999680519104,0.3375000059604645,0.6478999853134155,0.5,0.3400000035762787,0.8511000275611877,0.1436000019311905,0.3147999942302704,0.4749999940395355,0.5,0.5371999740600586,2.0,0.5899999737739563,3.0,0.07500000298023224,0.017500000074505806,0.925000011920929,0.15000000596046448,0.8500000238418579,0.20000000298023224,4161,17089,21185,12865,21381,12802,8578,38405,12737,38405,8578,5-3-2,26,10,1,15,7,4,417,4,183,31,6,5,24,0,24,13,3
0.5,0.20000000298023224,0.38999998569488525,0.7124999761581421,5.0,0.17499999701976776,0.3375000059604645,0.6600000262260437,0.5059999823570251,0.3490999937057495,0.875,0.17499999701976776,0.2874999940395355,0.550000011920929,0.5,0.550000011920929,2.0,0.6000000238418579,3.0,0.07500000298023224,0.017500000074505806,0.925000011920929,0.17499999701976776,0.875,0.20000000298023224,4226,17089,21445,12865,21314,12802,8386,38405,12737,38341,8578,5-3-2,26,10,1,15,7,4,418,4,184,31,6,5,24,0,24,13,3
0.3499999940395355,0.3375000059604645,0.49950000643730164,0.7023000121116638,5.0,0.15000000596046448,0.3375000059604645,0.925000011920929,0.30079999566078186,0.07500000298023224,0.875,0.15209999680519104,0.07500000298023224,0.5874999761581421,0.5,0.5874999761581421,1.0,0.5,4.0,0.6499999761581421,0.017500000074505806,0.925000011920929,0.20000000298023224,0.6625000238418579,0.20000000298023224,4161,17089,25602,8450,25730,12737,8386,38405,12865,29570,17089,4-2-3-1(2),25,11,2,16,9,14,420,4,185,4,7,6,3,0,18,12,3
0.6499999761581421,0.3375000059604645,0.07500000298023224,0.6700999736785889,4.0,0.14839999377727509,0.512499988079071,0.3499999940395355,0.32690000534057617,0.925000011920929,0.824999988079071,0.14839999377727509,0.07500000298023224,0.512499988079071,0.4970000088214874,0.824999988079071,3.0,0.49950000643730164,3.0,0.5,0.014999999664723873,0.925000011920929,0.20000000298023224,0.875,0.20000000298023224,4161,21314,33794,8578,21314,12737,8450,33794,12737,38341,17089,4-3-3,27,13,3,23,10,6,423,4,186,9,7,6,7,0,25,15,3
0.925000011920929,0.20000000298023224,0.49950000643730164,0.6840999722480774,5.0,0.17499999701976776,0.5874999761581421,0.6399999856948853,0.5,0.36000001430511475,0.875,0.15000000596046448,0.3188999891281128,0.5005000233650208,0.5,0.4749999940395355,1.0,0.07500000298023224,4.0,0.07500000298023224,0.017500000074505806,0.925000011920929,0.17499999701976776,0.5874999761581421,0.20000000298023224,4161,25602,21381,12737,21314,12737,8386,38405,12737,25669,8386,5-4-1(2),25,12,0,15,7,5,433,4,187,33,6,5,14,0,16,13,3
0.3499999940395355,0.3375000059604645,0.49950000643730164,0.6434999704360962,5.0,0.17499999701976776,0.3375000059604645,0.925000011920929,0.35530000925064087,0.07500000298023224,0.8871999979019165,0.17499999701976776,0.08030000329017639,0.5874999761581421,0.5,0.5874999761581421,1.0,0.5,4.0,0.6499999761581421,0.017500000074505806,0.919700026512146,0.22499999403953552,0.6625000238418579,0.22499999403953552,4161,17089,25602,8578,25669,12737,8386,38405,12737,29637,17089,4-2-3-1(2),25,11,2,16,9,14,436,4,188,4,7,6,3,0,18,12,3
0.3499999940395355,0.3375000059604645,0.49950000643730164,0.6610000133514404,5.0,0.15049999952316284,0.3375000059604645,0.925000011920929,0.36250001192092896,0.07500000298023224,0.875,0.15049999952316284,0.07500000298023224,0.5874999761581421,0.5,0.5874999761581421,1.0,0.5,4.0,0.6499999761581421,0.017500000074505806,0.925000011920929,0.20000000298023224,0.6625000238418579,0.20000000298023224,4161,17089,25794,8450,25602,12737,8513,38213,12737,29570,17089,4-2-3-1(2),25,11,2,16,9,14,445,4,189,4,7,6,3,0,18,12,3
0.6600000262260437,0.6499999761581421,0.5055999755859375,0.637499988079071,4.0,0.1665000021457672,0.4749999940395355,0.3400000035762787,0.36250001192092896,0.08789999783039093,0.8999999761581421,0.1665000021457672,0.07500000298023224,0.4749999940395355,0.5,0.6499999761581421,1.5,0.5055999755859375,4.5,0.9060999751091003,0.017500000074505806,0.925000011920929,0.20000000298023224,0.699999988079071,0.20000000298023224,4161,21249,25794,8450,21185,12802,8450,38341,12802,29570,25794,4-4-1-1(2),25,13,2,16,12,14,448,4,190,18,7,6,18,0,18,15,3
0.36000001430511475,0.375,0.49950000643730164,0.6518999934196472,5.0,0.1729000061750412,0.375,0.8999999761581421,0.32989999651908875,0.10000000149011612,0.875,0.17499999701976776,0.09920000284910202,0.6499999761581421,0.5,0.6499999761581421,1.0,0.5,4.0,0.6600000262260437,0.017500000074505806,0.9258000254631042,0.22499999403953552,0.6625000238418579,0.22499999403953552,4161,17089,25794,8386,25669,12737,8386,38405,12737,29570,17153,4-2-3-1(2),25,11,2,16,9,14,449,4,191,4,7,6,3,0,18,12,3
0.3400000035762787,0.4749999940395355,0.07500000298023224,0.5,3.0,0.15000000596046448,0.4749999940395355,0.07500000298023224,0.36250001192092896,0.925000011920929,0.824999988079071,0.14569999277591705,0.925000011920929,0.5874999761581421,0.5,0.824999988079071,3.0,0.49950000643730164,4.0,0.6600000262260437,0.017500000074505806,0.675000011920929,0.5874999761581421,0.875,0.15000000596046448,4161,21249,33989,25602,25602,12737,12737,33989,12737,38213,21314,3-4-3,27,15,4,23,13,0,450,5,192,25,12,6,2,0,25,16,4
0.6499999761581421,0.5874999761581421,0.38999998569488525,0.675000011920929,4.0,0.15000000596046448,0.512499988079071,0.3499999940395355,0.32499998807907104,0.07500000298023224,0.875,0.15000000596046448,0.07500000298023224,0.512499988079071,0.5,0.5874999761581421,2.0,0.6000000238418579,4.0,0.925000011920929,0.017500000074505806,0.925000011920929,0.20000000298023224,0.875,0.20000000298023224,4161,21381,25602,8450,21314,12737,8450,38405,12737,38405,25602,4-4-2,26,13,2,16,12,10,452,4,193,16,7,6,11,0,24,15,3
0.3499999940395355,0.3375000059604645,0.49950000643730164,0.7124999761581421,5.0,0.17499999701976776,0.3375000059604645,0.925000011920929,0.2874999940395355,0.07500000298023224,0.875,0.17499999701976776,0.07500000298023224,0.5874999761581421,0.5,0.5874999761581421,1.0,0.5,4.0,0.6499999761581421,0.017500000074505806,0.925000011920929,0.20000000298023224,0.6625000238418579,0.20000000298023224,4161,17089,25602,8450,25602,12737,8386,38405,12737,29570,17089,4-2-3-1(2),25,11,2,16,9,14,453,4,194,4,7,6,3,0,18,12,3
0.3400000035762787,0.375,0.49000000953674316,0.675000011920929,5.0,0.15000000596046448,0.375,0.8999999761581421,0.32499998807907104,0.10000000149011612,0.8792999982833862,0.15000000596046448,0.07500000298023224,0.6499999761581421,0.5,0.6499999761581421,1.0,0.5,4.0,0.6600000262260437,0.017500000074505806,0.925000011920929,0.20000000298023224,0.6625000238418579,0.20000000298023224,4161,17089,25794,8386,25602,12737,8386,38341,12737,29570,17153,4-2-3-1(2),25,11,2,16,9,14,456,4,195,4,7,6,3,0,18,12,3
0.6600000262260437,0.3375000059604645,0.07500000298023224,0.675000011920929,4.0,0.15000000596046448,0.5329999923706055,0.3400000035762787,0.32499998807907104,0.925000011920929,0.824999988079071,0.15000000596046448,0.09619999676942825,0.534600019454956,0.5,0.824999988079071,3.0,0.49950000643730164,3.0,0.5,0.017500000074505806,0.925000011920929,0.22499999403953552,0.875,0.22499999403953552,4161,21249,33989,8386,21314,12737,8450,33861,12737,38405,17153,4-3-3,27,13,3,23,10,6,457,4,196,9,7,6,7,0,25,15,3
0.8999999761581421,0.3375000059604645,0.49950000643730164,0.675000011920929,4.5,0.15000000596046448,0.6499999761581421,0.6499999761581421,0.32499998807907104,0.3499999940395355,0.875,0.15000000596046448,0.07500000298023224,0.512499988079071,0.5,0.512499988079071,1.0,0.10000000149011612,4.5,0.5,0.017500000074505806,0.925000011920929,0.20000000298023224,0.6499999761581421,0.20000000298023224,4161,25602,21314,8450,21314,12737,8386,38405,12737,25602,17089,4-1-4-1,25,12,2,15,10,15,459,4,197,2,7,6,31,0,16,13,3
0.6499999761581421,0.6499999761581421,0.38999998569488525,0.6700999736785889,4.0,0.16699999570846558,0.512499988079071,0.3499999940395355,0.36250001192092896,0.09700000286102295,0.875,0.16699999570846558,0.06589999794960022,0.512499988079071,0.5,0.6499999761581421,2.0,0.6000000238418579,4.0,0.8999999761581421,0.017500000074505806,0.9401999711990356,0.22499999403953552,0.875,0.22499999403953552,4161,21249,25602,8450,21314,12737,8450,38405,12737,38213,25602,4-4-2,26,13,2,16,12,10,461,4,198,16,7,6,11,0,24,15,3
0.3400000035762787,0.375,0.49950000643730164,0.6567999720573425,5.0,0.17069999873638153,0.375,0.8999999761581421,0.3481000065803528,0.10000000149011612,0.875,0.16869999468326569,0.07500000298023224,0.6499999761581421,0.5,0.6499999761581421,1.0,0.5,4.0,0.6600000262260437,0.017500000074505806,0.925000011920929,0.20000000298023224,0.6625000238418579,0.20000000298023224,4161,17089,25669,8386,25794,12737,8386,38405,12737,29570,17153,4-2-3-1(2),25,11,2,16,9,14,462,4,199,4,7,6,3,0,18,12,3
0.3400000035762787,0.375,0.49950000643730164,0.675000011920929,5.0,0.15000000596046448,0.375,0.8999999761581421,0.32499998807907104,0.10000000149011612,0.875,0.15000000596046448,0.10000000149011612,0.6499999761581421,0.5,0.6470999717712402,1.0,0.5,4.0,0.6600000262260437,0.017500000074505806,0.8999999761581421,0.22499999403953552,0.6625000238418579,0.22499999403953552,4161,17089,25602,8450,25794,12737,8386,38213,12737,29570,17089,4-2-3-1(2),25,11,2,16,9,14,463,4,200,4,7,6,3,0,18,12,3
0.3400000035762787,0.375,0.49079999327659607,0.675000011920929,5.0,0.15000000596046448,0.375,0.8999999761581421,0.3310999870300293,0.10000000149011612,0.8999999761581421,0.1543000042438507,0.07500000298023224,0.6499999761581421,0.5,0.6499999761581421,1.0,0.49050000309944153,4.0,0.6600000262260437,0.017500000074505806,0.925000011920929,0.20000000298023224,0.6830000281333923,0.20000000298023224,4161,17089,25602,8386,25794,12737,8450,38213,12737,29570,17089,4-2-3-1(2),25,11,2,16,9,14,467,4,201,4,7,6,3,0,18,12,3
0.8999999761581421,0.3375000059604645,0.49950000643730164,0.7124999761581421,4.5,0.17499999701976776,0.6351000070571899,0.6499999761581421,0.2874999940395355,0.3400000035762787,0.875,0.17499999701976776,0.07500000298023224,0.512499988079071,0.5,0.5060999989509583,1.0,0.10000000149011612,4.5,0.5,0.017500000074505806,0.925000011920929,0.20000000298023224,0.6499999761581421,0.20000000298023224,4161,25602,21314,8386,21185,12737,8386,38341,12737,25669,17089,4-1-4-1,25,12,2,15,10,15,468,4,202,2,7,6,31,0,16,13,3
0.3499999940395355,0.3375000059604645,0.49950000643730164,0.6385999917984009,5.0,0.17499999701976776,0.3375000059604645,0.8999999761581421,0.36250001192092896,0.10000000149011612,0.8999999761581421,0.17499999701976776,0.07500000298023224,0.6499999761581421,0.5,0.6499999761581421,1.0,0.5,4.0,0.6499999761581421,0.017500000074505806,0.925000011920929,0.20000000298023224,0.6625000238418579,0.20000000298023224,4161,17089,25669,8386,25602,12737,8386,38405,12737,29570,17089,4-2-3-1(2),25,11,2,16,9,14,472,4,203,4,7,6,3,0,18,12,3
0.6600000262260437,0.3375000059604645,0.07500000298023224,0.6973000168800354,4.0,0.1436000019311905,0.5358999967575073,0.3400000035762787,0.2874999940395355,0.925000011920929,0.824999988079071,0.15000000596046448,0.07500000298023224,0.527400016784668,0.5,0.824999988079071,3.0,0.49950000643730164,3.0,0.5,0.017500000074505806,0.925000011920929,0.20000000298023224,0.875,0.20000000298023224,4161,21314,33794,8450,21314,12737,8386,33794,12737,38405,17089,4-3-3,27,13,3,23,10,6,479,4,204,9,7,6,7,0,25,15,3
0.3400000035762787,0.375,0.49950000643730164,0.675000011920929,5.0,0.15000000596046448,0.375,0.8999999761581421,0.32499998807907104,0.10000000149011612,0.875,0.15000000596046448,0.07500000298023224,0.6499999761581421,0.5,0.6499999761581421,1.0,0.5,4.0,0.6600000262260437,0.017500000074505806,0.925000011920929,0.20000000298023224,0.6625000238418579,0.20000000298023224,4161,17089,25794,8386,25669,12737,8450,38405,12737,29570,17089,4-2-3-1(2),25,11,2,16,9,14,480,4,205,4,7,6,3,0,18,12,3
0.3499999940395355,0.3375000059604645,0.49950000643730164,0.6761000156402588,5.0,0.17499999701976776,0.3375000059604645,0.925000011920929,0.3239000141620636,0.07500000298023224,0.875,0.17499999701976776,0.07500000298023224,0.5874999761581421,0.5,0.5874999761581421,1.0,0.5,4.0,0.6499999761581421,0.017500000074505806,0.925000011920929,0.20000000298023224,0.6625000238418579,0.20000000298023224,4161,17089,25602,8450,25602,12737,8450,38405,12737,29570,17089,4-2-3-1(2),25,11,2,16,9,14,481,4,206,4,7,6,3,0,18,12,3
0.6570000052452087,0.6499999761581421,0.3961000144481659,0.7124999761581421,4.0,0.1543000042438507,0.550000011920929,0.36000001430511475,0.31779998540878296,0.09690000116825104,0.8999999761581421,0.15000000596046448,0.07199999690055847,0.550000011920929,0.5,0.6499999761581421,2.0,0.6061000227928162,4.0,0.8999999761581421,0.017500000074505806,0.925000011920929,0.22499999403953552,0.8500000238418579,0.22499999403953552,4161,21249,25669,8386,21314,12737,8386,38213,12737,38275,25794,4-4-2,26,13,2,16,12,10,483,4,207,16,7,6,11,0,24,15,3
0.3499999940395355,0.3375000059604645,0.38999998569488525,0.7124999761581421,4.0,0.1729000061750412,0.3375000059604645,0.925000011920929,0.3018999993801117,0.07500000298023224,0.875,0.17499999701976776,0.07500000298023224,0.5874999761581421,0.5,0.5874999761581421,2.0,0.6000000238418579,4.0,0.6499999761581421,0.017500000074505806,0.925000011920929,0.20000000298023224,0.875,0.20000000298023224,4226,17153,25669,8386,25602,12802,8386,38341,12737,38405,17089,4-4-2(2),26,11,2,16,9,10,485,4,208,17,7,6,12,0,24,12,3
0.3499999940395355,0.512499988079071,0.07500000298023224,0.5,3.0,0.15000000596046448,0.512499988079071,0.07500000298023224,0.36250001192092896,0.925000011920929,0.824999988079071,0.1543000042438507,0.925000011920929,0.5874999761581421,0.5,0.824999988079071,3.0,0.49950000643730164,4.0,0.6499999761581421,0.019999999552965164,0.637499988079071,0.5874999761581421,0.875,0.1543000042438507,4161,21314,33989,25730,25730,12737,12737,33794,12737,38405,21314,3-4-3,27,15,4,23,13,0,487,5,209,25,12,6,2,0,25,16,4
0.3499999940395355,0.3375000059604645,0.49950000643730164,0.6628999710083008,5.0,0.15000000596046448,0.3375000059604645,0.925000011920929,0.3402000069618225,0.07500000298023224,0.875,0.15000000596046448,0.07500000298023224,0.5874999761581421,0.5,0.5874999761581421,1.0,0.5,4.0,0.6499999761581421,0.017500000074505806,0.925000011920929,0.20000000298023224,0.6625000238418579,0.20000000298023224,4161,17089,25602,8450,25794,12737,8386,38405,12737,29570,17089,4-2-3-1(2),25,11,2,16,9,14,489,4,210,4,7,6,3,0,18,12,3
0.9379000067710876,0.20000000298023224,0.49950000643730164,0.7124999761581421,5.0,0.17499999701976776,0.6270999908447266,0.6499999761581421,0.5076000094413757,0.3499999940395355,0.875,0.1712999939918518,0.2874999940395355,0.512499988079071,0.5,0.512499988079071,1.0,0.07119999825954437,4.0,0.07500000298023224,0.017500000074505806,0.925000011920929,0.17499999701976776,0.6291999816894531,0.20000000298023224,4161,25669,21185,12737,21381,12737,8578,38405,12802,25669,8450,5-4-1(2),25,12,0,15,7,5,492,4,211,33,6,5,14,0,16,13,3
0.925000011920929,0.3375000059604645,0.38999998569488525,0.637499988079071,4.5,0.15000000596046448,0.5874999761581421,0.5,0.36250001192092896,0.07500000298023224,0.875,0.15000000596046448,0.07500000298023224,0.512499988079071,0.5,0.5874999761581421,2.0,0.6000000238418579,3.5,0.5,0.017500000074505806,0.925000011920929,0.20000000298023224,0.875,0.20000000298023224,4226,25669,25794,8578,21314,12737,8578,38405,12737,38213,17089,4-1-3-2,26,12,2,16,10,12,503,4,212,1,7,6,30,0,24,14,3
0.3499999940395355,0.3375000059604645,0.49950000643730164,0.7003999948501587,5.0,0.164900004863739,0.3375000059604645,0.925000011920929,0.2874999940395355,0.07500000298023224,0.875,0.16699999570846558,0.07500000298023224,0.5874999761581421,0.5,0.5874999761581421,1.0,0.5,4.0,0.6499999761581421,0.017500000074505806,0.925000011920929,0.20000000298023224,0.6625000238418579,0.20000000298023224,4161,17153,25669,8386,25602,12737,8386,38405,12737,29570,17025,4-2-3-1(2),25,11,2,16,9,14,506,4,213,4,7,6,3,0,18,12,3
0.3499999940395355,0.3375000059604645,0.49950000643730164,0.675000011920929,5.0,0.15000000596046448,0.3375000059604645,0.925000011920929,0.32499998807907104,0.07500000298023224,0.875,0.15000000596046448,0.07500000298023224,0.5874999761581421,0.5,0.5874999761581421,1.0,0.5,4.0,0.6499999761581421,0.017500000074505806,0.925000011920929,0.20000000298023224,0.6625000238418579,0.20000000298023224,4161,17089,25602,8386,25602,12737,8386,38405,12737,29570,17089,4-2-3-1(2),25,11,2,16,9,14,517,4,214,4,7,6,3,0,18,12,3
0.925000011920929,0.3375000059604645,0.49950000643730164,0.6870999932289124,4.5,0.15000000596046448,0.5874999761581421,0.6499999761581421,0.32499998807907104,0.3499999940395355,0.875,0.15000000596046448,0.07500000298023224,0.512499988079071,0.5,0.512499988079071,1.0,0.07500000298023224,4.5,0.5,0.017500000074505806,0.925000011920929,0.20000000298023224,0.5874999761581421,0.20000000298023224,4161,25602,21314,8578,21445,12737,8450,38213,12737,25602,17089,4-1-4-1,25,12,2,15,10,15,523,4,215,2,7,6,31,0,16,13,3
0.3499999940395355,0.3375000059604645,0.49950000643730164,0.637499988079071,5.0,0.14790000021457672,0.3375000059604645,0.8999999761581421,0.36250001192092896,0.0908999964594841,0.875,0.14800000190734863,0.07500000298023224,0.6499999761581421,0.5,0.6499999761581421,1.0,0.5,4.0,0.6499999761581421,0.017500000074505806,0.925000011920929,0.20000000298023224,0.6625000238418579,0.20000000298023224,4161,17089,25602,8578,25602,12737,8450,38405,12737,29957,17153,4-2-3-1(2),25,11,2,16,9,14,526,4,216,4,7,6,3,0,18,12,3
0.6499999761581421,0.3375000059604645,0.07500000298023224,0.637499988079071,4.0,0.16009999811649323,0.512499988079071,0.3499999940395355,0.36250001192092896,0.925000011920929,0.824999988079071,0.16220000386238098,0.08110000193119049,0.512499988079071,0.5,0.824999988079071,3.0,0.49950000643730164,3.0,0.5,0.017500000074505806,0.9097999930381775,0.18940000236034393,0.875,0.18299999833106995,4226,21314,33794,8386,21314,12737,8386,33794,12737,38405,17089,4-3-3,27,13,3,23,10,6,531,4,217,9,7,6,7,0,25,15,3
0.5,0.20000000298023224,0.38999998569488525,0.675000011920929,5.0,0.15000000596046448,0.3375000059604645,0.6499999761581421,0.5,0.3499999940395355,0.875,0.15000000596046448,0.32499998807907104,0.512499988079071,0.5,0.512499988079071,2.0,0.6000000238418579,3.0,0.07500000298023224,0.017500000074505806,0.925000011920929,0.15000000596046448,0.875,0.20000000298023224,4161,17089,21314,12737,21314,12737,8578,38405,12737,38405,8386,5-3-2,26,10,1,15,7,4,537,4,218,31,6,5,24,0,24,13,3
0.36000001430511475,0.375,0.49950000643730164,0.675000011920929,5.0,0.15000000596046448,0.375,0.8999999761581421,0.32919999957084656,0.10000000149011612,0.875,0.15000000596046448,0.07500000298023224,0.5896000266075134,0.5,0.6065999865531921,1.0,0.520799994468689,4.0,0.6470000147819519,0.017500000074505806,0.925000011920929,0.20000000298023224,0.625,0.20000000298023224,4226,17089,25794,8450,25602,12737,8386,38213,12737,29570,17153,4-2-3-1(2),25,11,2,16,9,14,543,4,219,4,7,6,3,0,18,12,3
0.3499999940395355,0.3375000059604645,0.49950000643730164,0.640500009059906,5.0,0.14949999749660492,0.3375000059604645,0.925000011920929,0.3443000018596649,0.07500000298023224,0.875,0.14949999749660492,0.07500000298023224,0.5874999761581421,0.5,0.5874999761581421,1.0,0.5,4.0,0.6499999761581421,0.017500000074505806,0.925000011920929,0.20000000298023224,0.6625000238418579,0.20000000298023224,4161,17089,25602,8450,25602,12802,8386,38213,12737,29570,17089,4-2-3-1(2),25,11,2,16,9,14,563,4,220,4,7,6,3,0,18,12,3
0.3499999940395355,0.3375000059604645,0.49950000643730164,0.675000011920929,5.0,0.15000000596046448,0.3375000059604645,0.925000011920929,0.32499998807907104,0.07500000298023224,0.875,0.15000000596046448,0.07500000298023224,0.5874999761581421,0.5,0.5874999761581421,1.0,0.5,4.0,0.6499999761581421,0.017500000074505806,0.8999999761581421,0.20000000298023224,0.6625000238418579,0.2084999978542328,4161,17089,25602,8386,25602,12737,8386,38405,12737,29570,17089,4-2-3-1(2),25,11,2,16,9,14,567,4,221,4,7,6,3,0,18,12,3
0.3499999940395355,0.3375000059604645,0.38999998569488525,0.6446999907493591,5.0,0.15850000083446503,0.3375000059604645,0.800000011920929,0.33709999918937683,0.20000000298023224,0.875,0.15850000083446503,0.08709999918937683,0.6625000238418579,0.5,0.6625000238418579,2.0,0.6000000238418579,3.0,0.6499999761581421,0.017500000074505806,0.9067999720573425,0.22499999403953552,0.875,0.22499999403953552,4161,17089,29570,8386,29570,12737,8386,38405,12737,38405,17089,4-2-2-2,26,11,2,19,9,10,568,4,222,13,7,6,32,0,24,17,3
0.6499999761581421,0.5874999761581421,0.38999998569488525,0.675000011920929,4.0,0.15000000596046448,0.512499988079071,0.3499999940395355,0.32499998807907104,0.07500000298023224,0.875,0.15000000596046448,0.07500000298023224,0.512499988079071,0.5,0.5874999761581421,2.0,0.5899999737739563,4.0,0.925000011920929,0.017500000074505806,0.925000011920929,0.20000000298023224,0.8500000238418579,0.20000000298023224,4161,21185,25602,8386,21249,12737,8386,38405,12737,38405,25669,4-4-2,26,13,2,16,12,10,573,4,223,16,7,6,11,0,24,15,3
0.5,0.20000000298023224,0.38999998569488525,0.7124999761581421,5.0,0.17499999701976776,0.3375000059604645,0.6399999856948853,0.5,0.36000001430511475,0.875,0.15000000596046448,0.2874999940395355,0.5069000124931335,0.5,0.5069000124931335,2.0,0.6000000238418579,3.0,0.07500000298023224,0.017500000074505806,0.925000011920929,0.17499999701976776,0.875,0.20000000298023224,4161,17089,21314,12737,21381,12737,8386,38341,12865,38405,8450,5-3-2,26,10,1,15,7,4,576,4,224,31,6,5,24,0,24,13,3
0.3499999940395355,0.3375000059604645,0.38999998569488525,0.675000011920929,5.0,0.15000000596046448,0.3375000059604645,0.800000011920929,0.32499998807907104,0.20000000298023224,0.875,0.15000000596046448,0.07500000298023224,0.6625000238418579,0.5,0.6625000238418579,2.0,0.6000000238418579,3.0,0.6499999761581421,0.017500000074505806,0.925000011920929,0.20000000298023224,0.875,0.20000000298023224,4161,17089,29570,8450,29637,12865,8450,38341,12865,38405,17089,4-2-2-2,26,11,2,19,9,10,580,4,225,13,7,6,32,0,24,17,3
0.3409000039100647,0.5167999863624573,0.07500000298023224,0.675000011920929,4.0,0.15000000596046448,0.512499988079071,0.5,0.32499998807907104,0.925000011920929,0.824999988079071,0.15000000596046448,0.07500000298023224,0.6625000238418579,0.5,0.824999988079071,3.0,0.49950000643730164,3.0,0.6600000262260437,0.017500000074505806,0.925000011920929,0.20000000298023224,0.875,0.20000000298023224,4161,21314,33794,8386,29570,12737,8386,33794,12737,38405,21314,4-3-3,27,15,3,23,13,6,598,4,226,11,7,6,4,0,25,18,3
0.6600000262260437,0.6172999739646912,0.49950000643730164,0.6597999930381775,4.0,0.16279999911785126,0.4749999940395355,0.3400000035762787,0.3402000069618225,0.08110000193119049,0.875,0.16279999911785126,0.08410000056028366,0.4749999940395355,0.5,0.6258000135421753,1.5,0.5,4.5,0.925000011920929,0.017500000074505806,0.9279999732971191,0.22499999403953552,0.6420000195503235,0.22499999403953552,4226,21381,25794,8450,21314,12802,8578,38213,12802,29570,25794,4-4-1-1(2),25,13,2,16,12,14,605,4,227,18,7,6,18,0,18,15,3
0.3499999940395355,0.375,0.49950000643730164,0.6761000156402588,5.0,0.16439999639987946,0.3375000059604645,0.925000011920929,0.32690000534057617,0.07500000298023224,0.875,0.1665000021457672,0.08110000193119049,0.5874999761581421,0.5,0.5874999761581421,1.0,0.5,4.0,0.6399999856948853,0.017500000074505806,0.9279999732971191,0.22499999403953552,0.6625000238418579,0.22499999403953552,4161,17025,25794,8386,25794,12737,8578,38275,12802,29570,17089,4-2-3-1(2),25,11,2,16,9,14,607,4,228,4,7,6,3,0,18,12,3
0.6499999761581421,0.5874999761581421,0.38999998569488525,0.675000011920929,4.0,0.15000000596046448,0.512499988079071,0.3499999940395355,0.32499998807907104,0.07500000298023224,0.875,0.15000000596046448,0.07500000298023224,0.512499988079071,0.5,0.5874999761581421,2.0,0.6000000238418579,4.0,0.925000011920929,0.017500000074505806,0.949999988079071,0.20000000298023224,0.875,0.17499999701976776,4161,21314,25602,8450,21314,12737,8450,38405,12737,38405,25602,4-4-2,26,13,2,16,12,10,614,4,229,16,7,6,11,0,24,15,3
0.5,0.20000000298023224,0.38999998569488525,0.6779999732971191,5.0,0.15000000596046448,0.3375000059604645,0.6499999761581421,0.5,0.3499999940395355,0.875,0.15000000596046448,0.32499998807907104,0.512499988079071,0.5,0.512499988079071,2.0,0.6000000238418579,3.0,0.07500000298023224,0.017500000074505806,0.925000011920929,0.15000000596046448,0.875,0.20000000298023224,4161,17089,21381,12737,21445,12737,8450,38405,12737,38213,8450,5-3-2,26,10,1,15,7,4,631,4,230,31,6,5,24,0,24,13,3
0.3400000035762787,0.375,0.07500000298023224,0.6761000156402588,4.0,0.15850000083446503,0.375,0.5,0.3188999891281128,0.925000011920929,0.824999988079071,0.15219999849796295,0.07500000298023224,0.6463000178337097,0.5,0.824999988079071,3.0,0.49950000643730164,3.0,0.6499999761581421,0.017500000074505806,0.8999999761581421,0.20000000298023224,0.875,0.22499999403953552,4161,17089,33861,8386,29637,12737,8450,33989,12737,38405,17089,4-2-1-3,27,11,3,23,9,18,634,4,231,36,7,6,27,0,25,18,3
0.3499999940395355,0.3375000059604645,0.49950000643730164,0.6488999724388123,5.0,0.17069999873638153,0.3375000059604645,0.925000011920929,0.34200000762939453,0.07500000298023224,0.875,0.17069999873638153,0.07500000298023224,0.5874999761581421,0.5,0.5874999761581421,1.0,0.5,4.0,0.6499999761581421,0.017500000074505806,0.925000011920929,0.20000000298023224,0.6625000238418579,0.20000000298023224,4226,17089,25602,8450,25602,12865,8578,38405,12737,29570,17153,4-2-3-1(2),25,11,2,16,9,14,670,4,232,4,7,6,3,0,18,12,3
0.3499999940395355,0.3375000059604645,0.49950000643730164,0.7124999761581421,5.0,0.17499999701976776,0.3375000059604645,0.949999988079071,0.2874999940395355,0.05000000074505806,0.875,0.17499999701976776,0.07500000298023224,0.5249999761581421,0.5,0.5249999761581421,1.0,0.5,4.0,0.6499999761581421,0.017500000074505806,0.925000011920929,0.20000000298023224,0.6625000238418579,0.20000000298023224,4161,17089,25602,8450,25602,12802,8450,38405,12865,29570,17089,4-2-3-1(2),25,11,2,16,9,14,673,4,233,4,7,6,3,0,18,12,3
0.3400000035762787,0.5026999711990356,0.49950000643730164,0.5,3.0,0.15000000596046448,0.5005000233650208,0.08410000056028366,0.2874999940395355,0.800000011920929,0.875,0.17499999701976776,0.9370999932289124,0.5249999761581421,0.5,0.6625000238418579,2.0,0.20000000298023224,5.0,0.6600000262260437,0.017500000074505806,0.7124999761581421,0.5249999761581421,0.6625000238418579,0.17499999701976776,4161,21249,29570,25730,25730,12737,12865,38213,12737,29570,21185,3-4-2-1,25,15,3,17,13,19,674,5,234,24,12,6,21,0,19,16,4
0.3499999940395355,0.512499988079071,0.07500000298023224,0.5,3.0,0.15000000596046448,0.512499988079071,0.07500000298023224,0.2874999940395355,0.925000011920929,0.824999988079071,0.17499999701976776,0.925000011920929,0.5874999761581421,0.5,0.824999988079071,3.0,0.49950000643730164,4.0,0.6499999761581421,0.017500000074505806,0.7124999761581421,0.5874999761581421,0.875,0.17499999701976776,4161,21314,33794,25602,25602,12737,12737,33794,12737,38405,21314,3-4-3,27,15,4,23,13,0,675,5,235,25,12,6,2,0,25,16,4
0.3499999940395355,0.512499988079071,0.07500000298023224,0.5,3.0,0.15000000596046448,0.512499988079071,0.07500000298023224,0.2874999940395355,0.925000011920929,0.824999988079071,0.17499999701976776,0.925000011920929,0.5874999761581421,0.5,0.824999988079071,3.0,0.49950000643730164,4.0,0.6499999761581421,0.017500000074505806,0.7124999761581421,0.5874999761581421,0.875,0.17499999701976776,4161,21314,33794,25602,25602,12737,12737,33989,12865,38341,21249,3-4-3,27,15,4,23,13,0,680,5,236,25,12,6,2,0,25,16,4
0.3499999940395355,0.512499988079071,0.38999998569488525,0.5,3.0,0.15000000596046448,0.512499988079071,0.07500000298023224,0.32499998807907104,0.5,0.875,0.15000000596046448,0.925000011920929,0.5874999761581421,0.5,0.6625000238418579,2.5,0.6000000238418579,4.5,0.6499999761581421,0.017500000074505806,0.675000011920929,0.5874999761581421,0.875,0.15000000596046448,4161,21185,29570,25602,25730,12737,12865,38405,12737,38341,21249,3-4-1-2,26,15,4,18,13,1,681,5,237,23,12,6,29,0,24,16,4
0.3499999940395355,0.512499988079071,0.49950000643730164,0.5,3.0,0.15000000596046448,0.512499988079071,0.08110000193119049,0.32690000534057617,0.800000011920929,0.875,0.14949999749660492,0.9311000108718872,0.5249999761581421,0.5,0.6625000238418579,2.0,0.20000000298023224,5.0,0.6499999761581421,0.017500000074505806,0.6730999946594238,0.5249999761581421,0.6625000238418579,0.14949999749660492,4161,21314,29570,25730,25794,12737,12737,38275,12865,29570,21381,3-4-2-1,25,15,3,17,13,19,687,5,238,24,12,6,21,0,19,16,4
0.3499999940395355,0.3375000059604645,0.49950000643730164,0.7124999761581421,5.0,0.17499999701976776,0.3375000059604645,0.8500000238418579,0.2874999940395355,0.5,0.875,0.17499999701976776,0.07500000298023224,0.625,0.5,0.6625000238418579,1.0,0.15000000596046448,4.0,0.6499999761581421,0.017500000074505806,0.925000011920929,0.20000000298023224,0.625,0.20000000298023224,4161,17089,29570,8578,29570,12737,8450,38405,12737,29570,17089,4-2-3-1,25,11,2,18,9,14,688,4,239,3,7,6,16,0,19,17,3
0.6600000262260437,0.6330000162124634,0.3799999952316284,0.7124999761581421,4.0,0.17499999701976776,0.4749999940395355,0.34610000252723694,0.2874999940395355,0.10000000149011612,0.8500000238418579,0.17499999701976776,0.07500000298023224,0.4749999940395355,0.5,0.6244999766349792,2.0,0.6000000238418579,4.0,0.9007999897003174,0.017500000074505806,0.925000011920929,0.20000000298023224,0.8776999711990356,0.20000000298023224,4161,21314,25794,8450,21314,12737,8513,38275,12737,38341,25602,4-4-2,26,13,2,16,12,10,689,4,240,16,7,6,11,0,24,15,3
0.3499999940395355,0.3375000059604645,0.49950000643730164,0.675000011920929,5.0,0.15000000596046448,0.3375000059604645,0.925000011920929,0.3443000018596649,0.07500000298023224,0.875,0.15000000596046448,0.08110000193119049,0.5874999761581421,0.5,0.5874999761581421,1.0,0.5,4.0,0.6499999761581421,0.017500000074505806,0.925000011920929,0.22499999403953552,0.6625000238418579,0.20000000298023224,4161,17153,25794,8450,25794,12737,8450,38341,12737,29570,17025,4-2-3-1(2),25,11,2,16,9,14,691,4,241,4,7,6,3,0,18,12,3
0.36000001430511475,0.37369999289512634,0.49950000643730164,0.671999990940094,5.0,0.14149999618530273,0.375,0.9128999710083008,0.328000009059906,0.08030000329017639,0.875,0.13510000705718994,0.07500000298023224,0.6499999761581421,0.5,0.6499999761581421,1.0,0.5026000142097473,4.0,0.6438999772071838,0.017500000074505806,0.925000011920929,0.20000000298023224,0.6668000221252441,0.20000000298023224,4161,17089,25602,8513,25669,12737,8450,38405,12737,29570,17089,4-2-3-1(2),25,11,2,16,9,14,693,4,242,4,7,6,3,0,18,12,3
0.3499999940395355,0.3375000059604645,0.49950000643730164,0.6761000156402588,5.0,0.1477999985218048,0.3375000059604645,0.9438999891281128,0.3208000063896179,0.07500000298023224,0.875,0.14790000021457672,0.07500000298023224,0.5249999761581421,0.5,0.5249999761581421,1.0,0.5,4.0,0.6499999761581421,0.017500000074505806,0.925000011920929,0.20000000298023224,0.6625000238418579,0.20000000298023224,4161,17089,25602,8450,25602,12865,8513,38341,12737,29570,17089,4-2-3-1(2),25,11,2,16,9,14,694,4,243,4,7,6,3,0,18,12,3
0.3400000035762787,0.5210000276565552,0.49950000643730164,0.5,3.0,0.15000000596046448,0.5210000276565552,0.08179999887943268,0.32499998807907104,0.75,0.875,0.15000000596046448,0.927299976348877,0.5755000114440918,0.5,0.699999988079071,2.0,0.25,5.0,0.6600000262260437,0.017500000074505806,0.675000011920929,0.569100022315979,0.699999988079071,0.15000000596046448,4161,21249,29570,25669,25730,12737,12737,38341,12737,29570,21185,3-4-2-1,25,15,3,17,13,19,695,5,244,24,12,6,21,0,19,16,4
0.503000020980835,0.5217999815940857,0.10000000149011612,0.675000011920929,4.0,0.15000000596046448,0.4749999940395355,0.3400000035762787,0.32499998807907104,0.8999999761581421,0.8378000259399414,0.15000000596046448,0.07500000298023224,0.550000011920929,0.5,0.8292999863624573,3.0,0.49950000643730164,3.0,0.6600000262260437,0.017500000074505806,0.925000011920929,0.20000000298023224,0.875,0.20000000298023224,4161,21249,33989,8450,21445,12737,8450,33794,12737,38275,21314,4-3-3,27,14,3,23,13,6,696,4,245,8,7,6,17,0,25,15,3
0.503000020980835,0.482699990272522,0.07500000298023224,0.675000011920929,4.0,0.15000000596046448,0.550000011920929,0.3400000035762787,0.36250001192092896,0.925000011920929,0.7910000085830688,0.1543000042438507,0.10000000149011612,0.4869999885559082,0.5,0.7824000120162964,3.0,0.49950000643730164,3.0,0.6600000262260437,0.017500000074505806,0.8999999761581421,0.22499999403953552,0.875,0.22339999675750732,4161,21381,33989,8386,21185,12737,8578,33794,12737,38341,21314,4-3-3,27,14,3,23,13,6,697,4,246,8,7,6,17,0,25,15,3
0.3499999940395355,0.3375000059604645,0.49950000643730164,0.675000011920929,5.0,0.15000000596046448,0.3375000059604645,0.925000011920929,0.32499998807907104,0.07500000298023224,0.875,0.15000000596046448,0.07500000298023224,0.5874999761581421,0.5,0.5874999761581421,1.0,0.5,4.0,0.6499999761581421,0.017500000074505806,0.9189000129699707,0.20000000298023224,0.6625000238418579,0.2020999938249588,4161,17089,25602,8450,25669,12865,8578,38275,12737,29570,17153,4-2-3-1(2),25,11,2,16,9,14,698,4,247,4,7,6,3,0,18,12,3
0.6499999761581421,0.218299999833107,0.07500000298023224,0.675000011920929,6.0,0.15000000596046448,0.512499988079071,0.3499999940395355,0.5,0.925000011920929,0.824999988079071,0.15000000596046448,0.32499998807907104,0.550000011920929,0.5,0.824999988079071,1.0,0.49950000643730164,3.0,0.07500000298023224,0.017500000074505806,0.925000011920929,0.15000000596046448,0.875,0.20000000298023224,4226,21381,33794,12737,21314,12865,8386,33794,12737,38341,8450,5-2-3,27,13,1,23,7,3,700,4,248,30,6,5,36,0,25,15,3
0.3499999940395355,0.3375000059604645,0.49950000643730164,0.6488999724388123,5.0,0.17499999701976776,0.3375000059604645,0.925000011920929,0.335999995470047,0.07500000298023224,0.875,0.17499999701976776,0.07500000298023224,0.5874999761581421,0.5,0.5874999761581421,1.0,0.5,4.0,0.6499999761581421,0.017500000074505806,0.925000011920929,0.20000000298023224,0.6625000238418579,0.20000000298023224,4161,17089,25602,8450,25602,12865,8386,38405,12737,29570,17089,4-2-3-1(2),25,11,2,16,9,14,702,4,249,4,7,6,3,0,18,12,3
0.36000001430511475,0.375,0.49950000643730164,0.7124999761581421,5.0,0.14790000021457672,0.375,0.9258000254631042,0.2874999940395355,0.05979999899864197,0.875,0.15639999508857727,0.06889999657869339,0.6499999761581421,0.5,0.6499999761581421,1.0,0.5,4.0,0.6399999856948853,0.017500000074505806,0.9340999722480774,0.22499999403953552,0.6625000238418579,0.22499999403953552,4161,17089,25602,8386,25669,12737,8450,38341,12737,29570,17089,4-2-3-1(2),25,11,2,16,9,14,708,4,250,4,7,6,3,0,18,12,3
0.3400000035762787,0.550000011920929,0.10000000149011612,0.675000011920929,4.0,0.15000000596046448,0.49470001459121704,0.5,0.32499998807907104,0.8999999761581421,0.7930999994277954,0.15000000596046448,0.07500000298023224,0.6625000238418579,0.5,0.8483999967575073,3.0,0.49950000643730164,3.0,0.6600000262260437,0.017500000074505806,0.925000011920929,0.20000000298023224,0.875,0.20000000298023224,4161,21314,33794,8578,29570,12737,8450,33794,12737,38405,21381,4-3-3,27,15,3,23,13,6,710,4,251,11,7,6,4,0,25,18,3
0.6600000262260437,0.3375000059604645,0.10000000149011612,0.6644999980926514,4.0,0.17499999701976776,0.49619999527931213,0.3400000035762787,0.36250001192092896,0.8999999761581421,0.7749999761581421,0.17499999701976776,0.10000000149011612,0.49889999628067017,0.5,0.7782999873161316,3.0,0.49950000643730164,3.0,0.5,0.017500000074505806,0.9075000286102295,0.20499999821186066,0.875,0.20499999821186066,4161,21381,33989,8450,21314,12737,8450,33794,12737,38405,17089,4-3-3,27,13,3,23,10,6,711,4,252,9,7,6,7,0,25,15,3
0.3499999940395355,0.3375000059604645,0.49950000643730164,0.7124999761581421,5.0,0.16699999570846558,0.3375000059604645,0.925000011920929,0.2874999940395355,0.07500000298023224,0.875,0.17499999701976776,0.07500000298023224,0.5874999761581421,0.5,0.5874999761581421,1.0,0.5,4.0,0.6499999761581421,0.017500000074505806,0.925000011920929,0.20000000298023224,0.6625000238418579,0.20000000298023224,4161,17089,25602,8450,25602,12737,8386,38341,12737,29570,17089,4-2-3-1(2),25,11,2,16,9,14,718,4,253,4,7,6,3,0,18,12,3
0.3499999940395355,0.3375000059604645,0.49950000643730164,0.637499988079071,5.0,0.16009999811649323,0.3375000059604645,0.925000011920929,0.33410000801086426,0.07500000298023224,0.875,0.14730000495910645,0.09619999676942825,0.5874999761581421,0.5,0.5874999761581421,1.0,0.5,4.0,0.6499999761581421,0.017500000074505806,0.8999999761581421,0.20000000298023224,0.6625000238418579,0.18719999492168427,4161,17089,25669,8450,25602,12802,8386,38405,12737,29570,17089,4-2-3-1(2),25,11,2,16,9,14,741,4,254,4,7,6,3,0,18,12,3
0.3400000035762787,0.4749999940395355,0.07500000298023224,0.5,3.0,0.15000000596046448,0.4975999891757965,0.07500000298023224,0.2874999940395355,0.925000011920929,0.824999988079071,0.17499999701976776,0.925000011920929,0.5874999761581421,0.5,0.824999988079071,3.0,0.49950000643730164,4.0,0.6539000272750854,0.017500000074505806,0.7124999761581421,0.5874999761581421,0.875,0.17499999701976776,4161,21314,33794,25730,25602,12737,12737,33794,12737,38405,21314,3-4-3,27,15,4,23,13,0,744,5,255,25,12,6,2,0,25,16,4
0.3499999940395355,0.3375000059604645,0.49950000643730164,0.637499988079071,5.0,0.16859999299049377,0.3375000059604645,0.8999999761581421,0.36250001192092896,0.10000000149011612,0.875,0.16009999811649323,0.07500000298023224,0.6499999761581421,0.5,0.6499999761581421,1.0,0.5,4.0,0.6499999761581421,0.017500000074505806,0.925000011920929,0.20000000298023224,0.6625000238418579,0.20000000298023224,4161,17089,25669,8386,25669,12737,8450,38213,12865,29570,17089,4-2-3-1(2),25,11,2,16,9,14,748,4,256,4,7,6,3,0,18,12,3
0.5,0.20000000298023224,0.38999998569488525,0.6496000289916992,5.0,0.1436000019311905,0.3375000059604645,0.6499999761581421,0.5,0.3499999940395355,0.875,0.15000000596046448,0.3431999981403351,0.512499988079071,0.5,0.512499988079071,2.0,0.6000000238418579,3.0,0.07500000298023224,0.017500000074505806,0.925000011920929,0.14569999277591705,0.875,0.20000000298023224,4161,17089,21314,12737,21314,12737,8578,38213,12737,38405,8578,5-3-2,26,10,1,15,7,4,753,4,257,31,6,5,24,0,24,13,3
0.5,0.550000011920929,0.07500000298023224,0.6658999919891357,4.0,0.15000000596046448,0.512499988079071,0.3400000035762787,0.33219999074935913,0.925000011920929,0.824999988079071,0.15000000596046448,0.07500000298023224,0.550000011920929,0.5,0.824999988079071,3.0,0.49950000643730164,3.0,0.6399999856948853,0.017500000074505806,0.925000011920929,0.20000000298023224,0.875,0.19789999723434448,4161,21314,33989,8450,21381,12865,8386,33794,12865,38341,21445,4-3-3,27,14,3,23,13,6,819,4,258,8,7,6,17,0,25,15,3
0.6600000262260437,0.3375000059604645,0.07500000298023224,0.6518999934196472,4.0,0.17499999701976776,0.550000011920929,0.3400000035762787,0.3450999855995178,0.925000011920929,0.824999988079071,0.17499999701976776,0.07500000298023224,0.550000011920929,0.5,0.824999988079071,3.0,0.49950000643730164,3.0,0.5,0.017500000074505806,0.925000011920929,0.20000000298023224,0.875,0.20000000298023224,4226,21314,33794,8386,21185,12737,8386,33989,12737,38405,17089,4-3-3,27,13,3,23,10,6,820,4,259,9,7,6,7,0,25,15,3
0.8999999761581421,0.20000000298023224,0.49950000643730164,0.7124999761581421,5.0,0.15850000083446503,0.6499999761581421,0.6499999761581421,0.4848000109195709,0.3499999940395355,0.875,0.17499999701976776,0.2904999852180481,0.512499988079071,0.5,0.512499988079071,1.0,0.10000000149011612,4.0,0.07500000298023224,0.017500000074505806,0.925000011920929,0.15049999952316284,0.6499999761581421,0.20000000298023224,4161,25730,21249,12865,21314,12737,8450,38213,12737,25730,8578,5-4-1(2),25,12,0,15,7,5,822,4,260,33,6,5,14,0,16,13,3
0.6499999761581421,0.5874999761581421,0.38999998569488525,0.675000011920929,4.0,0.15000000596046448,0.512499988079071,0.3499999940395355,0.32499998807907104,0.07500000298023224,0.875,0.15000000596046448,0.07500000298023224,0.512499988079071,0.5,0.5874999761581421,2.0,0.6000000238418579,4.0,0.925000011920929,0.017500000074505806,0.925000011920929,0.20000000298023224,0.875,0.20000000298023224,4161,21314,25602,8450,21314,12865,8386,38405,12737,38405,25602,4-4-2,26,13,2,16,12,10,834,4,261,16,7,6,11,0,24,15,3
0.3499999940395355,0.3375000059604645,0.49950000643730164,0.6647999882698059,5.0,0.15000000596046448,0.3375000059604645,0.925000011920929,0.32919999957084656,0.07500000298023224,0.875,0.15000000596046448,0.07500000298023224,0.5874999761581421,0.5,0.5874999761581421,1.0,0.5,4.0,0.6499999761581421,0.017500000074505806,0.927299976348877,0.19949999451637268,0.6625000238418579,0.19949999451637268,4161,17089,25602,8450,25602,12737,8386,38405,12737,29570,17089,4-2-3-1(2),25,11,2,16,9,14,837,4,262,4,7,6,3,0,18,12,3
0.6499999761581421,0.5590000152587891,0.49950000643730164,0.6761000156402588,4.0,0.16279999911785126,0.512499988079071,0.3499999940395355,0.35420000553131104,0.09019999951124191,0.875,0.16060000658035278,0.07500000298023224,0.512499988079071,0.5,0.5512999892234802,1.5,0.5,4.5,0.9097999930381775,0.017500000074505806,0.925000011920929,0.20000000298023224,0.6625000238418579,0.20000000298023224,4161,21314,25602,8386,21249,12802,8450,38341,12737,29570,25602,4-4-1-1(2),25,13,2,16,12,14,873,4,263,18,7,6,18,0,18,15,3
0.3499999940395355,0.512499988079071,0.49950000643730164,0.5,3.0,0.15000000596046448,0.512499988079071,0.07500000298023224,0.32989999651908875,0.800000011920929,0.875,0.17499999701976776,0.925000011920929,0.5874999761581421,0.5,0.6625000238418579,2.0,0.20000000298023224,5.0,0.6499999761581421,0.017500000074505806,0.637499988079071,0.5874999761581421,0.6625000238418579,0.17499999701976776,4161,21445,29570,25730,25602,12737,12737,38341,12737,29570,21249,3-4-2-1,25,15,3,17,13,19,894,5,264,24,12,6,21,0,19,16,4
0.3499999940395355,0.512499988079071,0.07500000298023224,0.5,3.0,0.15000000596046448,0.512499988079071,0.10000000149011612,0.3208000063896179,0.925000011920929,0.824999988079071,0.17499999701976776,0.9158999919891357,0.6499999761581421,0.5,0.824999988079071,3.0,0.49950000643730164,4.0,0.6499999761581421,0.017500000074505806,0.637499988079071,0.6499999761581421,0.875,0.1729000061750412,4161,21249,33794,25730,25602,12802,12737,33794,12737,38341,21185,3-4-3,27,15,4,23,13,0,896,5,265,25,12,6,2,0,25,16,4
0.6499999761581421,0.3375000059604645,0.38999998569488525,0.637499988079071,4.0,0.17069999873638153,0.512499988079071,0.3499999940395355,0.36250001192092896,0.5,0.875,0.16859999299049377,0.07800000160932541,0.512499988079071,0.5,0.6625000238418579,2.5,0.6000000238418579,3.5,0.5,0.017500000074505806,0.9279999732971191,0.22499999403953552,0.875,0.22499999403953552,4226,21314,29570,8450,21314,12865,8386,38341,12802,38213,17025,4-1-2-1-2(2),26,13,2,18,10,11,897,4,266,15,7,6,9,0,24,15,3
0.6499999761581421,0.3375000059604645,0.38999998569488525,0.7124999761581421,4.0,0.1712999939918518,0.512499988079071,0.3499999940395355,0.2874999940395355,0.5,0.875,0.17499999701976776,0.07500000298023224,0.512499988079071,0.5,0.6625000238418579,2.5,0.6000000238418579,3.5,0.5,0.017500000074505806,0.925000011920929,0.20000000298023224,0.875,0.20000000298023224,4161,21445,29570,8450,21445,12802,8450,38405,12737,38275,17089,4-1-2-1-2(2),26,13,2,18,10,11,898,4,267,15,7,6,9,0,24,15,3
0.3499999940395355,0.3375000059604645,0.49950000643730164,0.675000011920929,5.0,0.17499999701976776,0.3375000059604645,0.925000011920929,0.32499998807907104,0.07500000298023224,0.875,0.17499999701976776,0.10000000149011612,0.5874999761581421,0.5,0.5874999761581421,1.0,0.5,4.0,0.6499999761581421,0.017500000074505806,0.9128999710083008,0.22499999403953552,0.6625000238418579,0.22499999403953552,4226,17089,25794,8450,25794,12865,8578,38405,12865,29570,17089,4-2-3-1(2),25,11,2,16,9,14,900,4,268,4,7,6,3,0,18,12,3
0.6600000262260437,0.3375000059604645,0.07800000160932541,0.675000011920929,4.0,0.15000000596046448,0.527400016784668,0.3400000035762787,0.32499998807907104,0.8999999761581421,0.8185999989509583,0.15000000596046448,0.07500000298023224,0.546500027179718,0.5,0.8004999756813049,3.0,0.49950000643730164,3.0,0.5,0.017500000074505806,0.925000011920929,0.20000000298023224,0.8500000238418579,0.20000000298023224,4226,21314,33989,8450,21445,12865,8386,33861,12802,38405,17089,4-3-3,27,13,3,23,10,6,918,4,269,9,7,6,7,0,25,15,3
0.5,0.5060999989509583,0.07800000160932541,0.675000011920929,4.0,0.15000000596046448,0.512499988079071,0.3400000035762787,0.33410000801086426,0.8999999761581421,0.8378000259399414,0.15850000083446503,0.10000000149011612,0.5005000233650208,0.5,0.8080000281333923,3.0,0.49950000643730164,3.0,0.6600000262260437,0.017500000074505806,0.925000011920929,0.19789999723434448,0.875,0.20000000298023224,4161,21314,33794,8450,21445,12865,8450,33989,12865,38341,21314,4-3-3,27,14,3,23,13,6,919,4,270,8,7,6,17,0,25,15,3
0.5,0.20000000298023224,0.38999998569488525,0.675000011920929,5.0,0.15000000596046448,0.3375000059604645,0.6399999856948853,0.5,0.36000001430511475,0.875,0.15000000596046448,0.32499998807907104,0.550000011920929,0.5,0.550000011920929,2.0,0.6000000238418579,3.0,0.07500000298023224,0.017500000074505806,0.925000011920929,0.15000000596046448,0.875,0.20000000298023224,4161,17089,21249,12737,21314,12865,8578,38405,12865,38405,8578,5-3-2,26,10,1,15,7,4,922,4,271,31,6,5,24,0,24,13,3
0.6499999761581421,0.5874999761581421,0.38999998569488525,0.7124999761581421,4.0,0.1665000021457672,0.512499988079071,0.3499999940395355,0.2874999940395355,0.07500000298023224,0.875,0.17499999701976776,0.07500000298023224,0.512499988079071,0.5,0.5874999761581421,2.0,0.6000000238418579,4.0,0.925000011920929,0.017500000074505806,0.925000011920929,0.20000000298023224,0.875,0.20000000298023224,4161,21185,25602,8386,21314,12737,8386,38405,12737,38405,25602,4-4-2,26,13,2,16,12,10,980,4,272,16,7,6,11,0,24,15,3
0.3499999940395355,0.3375000059604645,0.49950000643730164,0.637499988079071,5.0,0.17499999701976776,0.3375000059604645,0.925000011920929,0.36250001192092896,0.07500000298023224,0.875,0.17499999701976776,0.10000000149011612,0.5874999761581421,0.5,0.5874999761581421,1.0,0.5,4.0,0.6499999761581421,0.017500000074505806,0.8999999761581421,0.22499999403953552,0.6625000238418579,0.22499999403953552,4161,17153,25794,8450,25669,12737,8513,38341,12737,29570,17089,4-2-3-1(2),25,11,2,16,9,14,982,4,273,4,7,6,3,0,18,12,3
0.3499999940395355,0.3375000059604645,0.49950000643730164,0.7124999761581421,5.0,0.1543000042438507,0.3375000059604645,0.925000011920929,0.2874999940395355,0.07500000298023224,0.875,0.1535000056028366,0.07500000298023224,0.5874999761581421,0.4970000088214874,0.5874999761581421,1.0,0.5,4.0,0.6499999761581421,0.014999999664723873,0.925000011920929,0.20000000298023224,0.6625000238418579,0.20000000298023224,4161,17089,25669,8386,25602,12802,8386,38405,12737,29570,17089,4-2-3-1(2),25,11,2,16,9,14,1013,4,274,4,7,6,3,0,18,12,3
0.6499999761581421,0.3375000059604645,0.07500000298023224,0.675000011920929,4.0,0.15000000596046448,0.512499988079071,0.3499999940395355,0.32499998807907104,0.925000011920929,0.824999988079071,0.15000000596046448,0.07500000298023224,0.512499988079071,0.5,0.824999988079071,3.0,0.49950000643730164,3.0,0.5,0.017500000074505806,0.925000011920929,0.20000000298023224,0.875,0.20000000298023224,4161,21314,33794,8386,21314,12737,8386,33794,12737,38405,17089,4-3-3,27,13,3,23,10,6,1035,4,275,9,7,6,7,0,25,15,3
0.3499999940395355,0.3375000059604645,0.49950000643730164,0.7124999761581421,5.0,0.17499999701976776,0.3375000059604645,0.9158999919891357,0.2874999940395355,0.06889999657869339,0.875,0.17499999701976776,0.07500000298023224,0.5249999761581421,0.5,0.5249999761581421,1.0,0.5,4.0,0.6499999761581421,0.017500000074505806,0.925000011920929,0.20000000298023224,0.6625000238418579,0.20000000298023224,4161,17089,25602,8386,25602,12737,8386,38405,12737,29570,17089,4-2-3-1(2),25,11,2,16,9,14,1039,4,276,4,7,6,3,0,18,12,3
0.925000011920929,0.3375000059604645,0.49950000643730164,0.675000011920929,4.5,0.15000000596046448,0.5874999761581421,0.6499999761581421,0.32499998807907104,0.3499999940395355,0.875,0.15000000596046448,0.07500000298023224,0.512499988079071,0.5,0.512499988079071,1.0,0.07500000298023224,4.5,0.5,0.017500000074505806,0.925000011920929,0.20000000298023224,0.5874999761581421,0.20000000298023224,4161,25602,21314,8386,21314,12737,8386,38405,12737,25602,17089,4-1-4-1,25,12,2,15,10,15,1041,4,277,2,7,6,31,0,16,13,3
0.6499999761581421,0.5874999761581421,0.38999998569488525,0.675000011920929,4.0,0.15000000596046448,0.512499988079071,0.3499999940395355,0.32499998807907104,0.07500000298023224,0.875,0.15000000596046448,0.07500000298023224,0.512499988079071,0.5,0.5874999761581421,2.0,0.6000000238418579,4.0,0.925000011920929,0.017500000074505806,0.9060999751091003,0.20000000298023224,0.875,0.17499999701976776,4161,21314,25602,8386,21314,12737,8386,38405,12737,38405,25602,4-4-2,26,13,2,16,12,10,1043,4,278,16,7,6,11,0,24,15,3
0.6499999761581421,0.5874999761581421,0.38999998569488525,0.675000011920929,4.0,0.15000000596046448,0.512499988079071,0.3499999940395355,0.32499998807907104,0.07500000298023224,0.875,0.15000000596046448,0.07500000298023224,0.512499988079071,0.5,0.5874999761581421,2.0,0.6000000238418579,4.0,0.925000011920929,0.017500000074505806,0.925000011920929,0.20000000298023224,0.875,0.20000000298023224,4161,21314,25602,8386,21314,12737,8386,38405,12737,38405,25602,4-4-2,26,13,2,16,12,10,1048,4,279,16,7,6,11,0,24,15,3
0.3499999940395355,0.3375000059604645,0.49950000643730164,0.675000011920929,5.0,0.15000000596046448,0.3375000059604645,0.925000011920929,0.32499998807907104,0.07500000298023224,0.875,0.15000000596046448,0.07500000298023224,0.5874999761581421,0.5,0.5874999761581421,1.0,0.5,4.0,0.6499999761581421,0.017500000074505806,0.925000011920929,0.20000000298023224,0.6625000238418579,0.20000000298023224,4226,17153,25794,8386,25602,12865,8386,38275,12865,29570,17089,4-2-3-1(2),25,11,2,16,9,14,1318,4,280,4,7,6,3,0,18,12,3
0.6499999761581421,0.22499999403953552,0.38999998569488525,0.6658999919891357,6.0,0.1543000042438507,0.512499988079071,0.3499999940395355,0.5,0.5,0.875,0.15000000596046448,0.32499998807907104,0.512499988079071,0.5,0.6625000238418579,2.0,0.6000000238418579,2.0,0.08720000088214874,0.017500000074505806,0.9097999930381775,0.15000000596046448,0.875,0.20800000429153442,4161,21381,29570,12865,21381,12737,8578,38213,12737,38405,8450,5-2-1-2,26,13,1,18,7,4,1328,4,281,29,6,5,35,0,24,15,3
0.6499999761581421,0.22499999403953552,0.38999998569488525,0.7124999761581421,6.0,0.1729000061750412,0.512499988079071,0.3499999940395355,0.5060999989509583,0.5,0.875,0.17499999701976776,0.2874999940395355,0.512499988079071,0.5,0.6625000238418579,2.0,0.6000000238418579,2.0,0.07500000298023224,0.017500000074505806,0.925000011920929,0.16910000145435333,0.875,0.22499999403953552,4161,21185,29570,12737,21185,12737,8386,38341,12737,38341,8386,5-2-1-2,26,13,1,18,7,4,1330,4,282,29,6,5,35,0,24,15,3
0.3499999940395355,0.512499988079071,0.49950000643730164,0.5,3.0,0.15000000596046448,0.512499988079071,0.07500000298023224,0.32499998807907104,0.800000011920929,0.875,0.15000000596046448,0.925000011920929,0.5874999761581421,0.5,0.6625000238418579,2.0,0.20000000298023224,5.0,0.6600000262260437,0.017500000074505806,0.675000011920929,0.5874999761581421,0.6625000238418579,0.15000000596046448,4226,21185,29570,25602,25602,12737,12865,38405,12802,29570,21249,3-4-2-1,25,15,3,17,13,19,1331,5,283,24,12,6,21,0,19,16,4
0.5,0.20000000298023224,0.3799999952316284,0.7124999761581421,5.0,0.17069999873638153,0.3375000059604645,0.6600000262260437,0.5,0.3400000035762787,0.8500000238418579,0.16910000145435333,0.29660001397132874,0.550000011920929,0.5,0.550000011920929,2.0,0.6100000143051147,3.0,0.07500000298023224,0.017500000074505806,0.925000011920929,0.17499999701976776,0.8834999799728394,0.20000000298023224,4161,17089,21314,12737,21381,12737,8450,38213,12865,38341,8450,5-3-2,26,10,1,15,7,4,1334,4,284,31,6,5,24,0,24,13,3
0.6600000262260437,0.3375000059604645,0.07500000298023224,0.6912999749183655,4.0,0.17499999701976776,0.5223000049591064,0.34790000319480896,0.32690000534057617,0.925000011920929,0.824999988079071,0.17499999701976776,0.07500000298023224,0.5286999940872192,0.5,0.824999988079071,3.0,0.49950000643730164,3.0,0.5,0.017500000074505806,0.925000011920929,0.20000000298023224,0.875,0.20000000298023224,4161,21314,33794,8578,21314,12737,8386,33989,12737,38405,17153,4-3-3,27,13,3,23,10,6,1335,4,285,9,7,6,7,0,25,15,3
0.36000001430511475,0.375,0.49950000643730164,0.6639999747276306,5.0,0.17499999701976776,0.375,0.800000011920929,0.3522000014781952,0.5,0.875,0.17499999701976776,0.07500000298023224,0.6625000238418579,0.5,0.6625000238418579,1.0,0.20000000298023224,4.0,0.6399999856948853,0.017500000074505806,0.9228000044822693,0.20000000298023224,0.6625000238418579,0.18880000710487366,4161,17153,29957,8578,29570,12737,8450,38405,12737,29957,17089,4-2-3-1,25,11,2,18,9,14,1337,4,286,3,7,6,16,0,19,17,3
0.6600000262260437,0.6237000226974487,0.49950000643730164,0.675000011920929,4.0,0.15000000596046448,0.550000011920929,0.5060999989509583,0.3260999917984009,0.3400000035762787,0.875,0.15000000596046448,0.07500000298023224,0.4749999940395355,0.5,0.550000011920929,1.0,0.10000000149011612,5.0,0.921999990940094,0.017500000074505806,0.925000011920929,0.20000000298023224,0.6258000135421753,0.20000000298023224,4161,21314,21381,8386,21314,12737,8450,38405,12865,25794,25669,4-5-1(2),25,13,2,15,12,15,1341,4,287,20,7,6,19,0,16,14,3
0.5,0.20000000298023224,0.38999998569488525,0.637499988079071,5.0,0.125,0.3375000059604645,0.6499999761581421,0.5,0.3499999940395355,0.875,0.15000000596046448,0.36250001192092896,0.512499988079071,0.5,0.512499988079071,2.0,0.6000000238418579,3.0,0.07500000298023224,0.017500000074505806,0.925000011920929,0.125,0.875,0.20000000298023224,4161,17089,21249,12737,21381,12737,8578,38213,12865,38275,8578,5-3-2,26,10,1,15,7,4,1343,4,288,31,6,5,24,0,24,13,3
0.6499999761581421,0.3375000059604645,0.07500000298023224,0.675000011920929,4.0,0.15000000596046448,0.512499988079071,0.3418000042438507,0.32499998807907104,0.925000011920929,0.824999988079071,0.15000000596046448,0.07500000298023224,0.545199990272522,0.5,0.824999988079071,3.0,0.49950000643730164,3.0,0.5,0.017500000074505806,0.925000011920929,0.20000000298023224,0.875,0.20000000298023224,4161,21381,33794,8450,21314,12737,8450,33794,12737,38341,17153,4-3-3,27,13,3,23,10,6,1352,4,289,9,7,6,7,0,25,15,3
0.6499999761581421,0.5874999761581421,0.38999998569488525,0.5,3.5,0.15000000596046448,0.512499988079071,0.3499999940395355,0.3188999891281128,0.07500000298023224,0.875,0.16699999570846558,0.5,0.512499988079071,0.5,0.5874999761581421,2.0,0.6000000238418579,4.5,0.925000011920929,0.017500000074505806,0.6791999936103821,0.3375000059604645,0.875,0.14949999749660492,4161,21314,25730,17025,21314,12802,12737,38341,12737,38341,25730,3-1-4-2,26,13,3,16,12,1,1353,5,290,22,10,6,28,0,24,15,4
0.6600000262260437,0.3375000059604645,0.07500000298023224,0.6628999710083008,4.0,0.1477999985218048,0.5175999999046326,0.3400000035762787,0.34619998931884766,0.925000011920929,0.824999988079071,0.15209999680519104,0.10000000149011612,0.5238999724388123,0.5,0.824999988079071,3.0,0.49950000643730164,3.0,0.5,0.017500000074505806,0.8999999761581421,0.22499999403953552,0.875,0.22499999403953552,4226,21249,33861,8578,21381,12802,8578,33989,12802,38405,17089,4-3-3,27,13,3,23,10,6,1354,4,291,9,7,6,7,0,25,15,3
0.3499999940395355,0.3375000059604645,0.49950000643730164,0.675000011920929,5.0,0.15000000596046448,0.3375000059604645,0.925000011920929,0.32499998807907104,0.07500000298023224,0.875,0.15000000596046448,0.07500000298023224,0.5874999761581421,0.5,0.5874999761581421,1.0,0.5,4.0,0.6499999761581421,0.017500000074505806,0.925000011920929,0.22499999403953552,0.6625000238418579,0.22499999403953552,4161,17089,25794,8450,25602,12737,8386,38341,12737,29570,17089,4-2-3-1(2),25,11,2,16,9,14,1355,4,292,4,7,6,3,0,18,12,3
0.3499999940395355,0.3375000059604645,0.49950000643730164,0.675000011920929,5.0,0.15000000596046448,0.3375000059604645,0.925000011920929,0.32499998807907104,0.07500000298023224,0.875,0.15000000596046448,0.07500000298023224,0.5874999761581421,0.5,0.5874999761581421,1.0,0.5,4.0,0.6499999761581421,0.017500000074505806,0.925000011920929,0.20000000298023224,0.6625000238418579,0.20000000298023224,4161,17089,25794,8450,25794,12737,8386,38405,12737,29570,17089,4-2-3-1(2),25,11,2,16,9,14,1356,4,293,4,7,6,3,0,18,12,3
0.925000011920929,0.20000000298023224,0.49950000643730164,0.675000011920929,5.0,0.15000000596046448,0.5874999761581421,0.6499999761581421,0.5,0.3499999940395355,0.875,0.15000000596046448,0.32499998807907104,0.512499988079071,0.5,0.512499988079071,1.0,0.07500000298023224,4.0,0.07500000298023224,0.017500000074505806,0.925000011920929,0.15000000596046448,0.5874999761581421,0.20000000298023224,4161,25669,21381,12737,21314,12737,8450,38341,12737,25669,8578,5-4-1(2),25,12,0,15,7,5,1359,4,294,33,6,5,14,0,16,13,3
0.6600000262260437,0.3375000059604645,0.10000000149011612,0.6628999710083008,4.0,0.17499999701976776,0.5430999994277954,0.3400000035762787,0.335999995470047,0.8999999761581421,0.7749999761581421,0.17499999701976776,0.09019999951124191,0.550000011920929,0.5,0.7749999761581421,3.0,0.49950000643730164,3.0,0.5,0.017500000074505806,0.9158999919891357,0.22499999403953552,0.875,0.22499999403953552,4226,21381,33861,8450,21314,12737,8450,33989,12865,38405,17153,4-3-3,27,13,3,23,10,6,1362,4,295,9,7,6,7,0,25,15,3
0.6499999761581421,0.6420000195503235,0.38999998569488525,0.637499988079071,4.0,0.13670000433921814,0.512499988079071,0.3499999940395355,0.32499998807907104,0.10000000149011612,0.875,0.15000000596046448,0.09849999845027924,0.512499988079071,0.5,0.6463000178337097,2.0,0.6000000238418579,4.0,0.9067999720573425,0.017500000074505806,0.9200000166893005,0.17499999701976776,0.875,0.17499999701976776,4161,21314,25794,8386,21314,12737,8386,38405,12865,38405,25669,4-4-2,26,13,2,16,12,10,1363,4,296,16,7,6,11,0,24,15,3
0.925000011920929,0.3375000059604645,0.49950000643730164,0.675000011920929,4.5,0.15000000596046448,0.5874999761581421,0.6499999761581421,0.32499998807907104,0.3499999940395355,0.875,0.15000000596046448,0.07500000298023224,0.512499988079071,0.5,0.512499988079071,1.0,0.07500000298023224,4.5,0.5,0.017500000074505806,0.925000011920929,0.20000000298023224,0.5874999761581421,0.20000000298023224,4161,25669,21314,8513,21381,12737,8386,38341,12737,25602,17089,4-1-4-1,25,12,2,15,10,15,1366,4,297,2,7,6,31,0,16,13,3
0.6499999761581421,0.20000000298023224,0.07500000298023224,0.675000011920929,6.0,0.15000000596046448,0.512499988079071,0.3499999940395355,0.5,0.925000011920929,0.824999988079071,0.15000000596046448,0.3231000006198883,0.512499988079071,0.5,0.824999988079071,1.0,0.49950000643730164,3.0,0.07500000298023224,0.017500000074505806,0.925000011920929,0.15000000596046448,0.875,0.20000000298023224,4161,21314,33794,12737,21185,12737,8450,33794,12865,38405,8450,5-2-3,27,13,1,23,7,3,1367,4,298,30,6,5,36,0,25,15,3
0.6600000262260437,0.3375000059604645,0.07500000298023224,0.6586999893188477,4.0,0.17069999873638153,0.535099983215332,0.3400000035762787,0.36250001192092896,0.925000011920929,0.824999988079071,0.16859999299049377,0.07500000298023224,0.5371999740600586,0.5,0.824999988079071,3.0,0.5024999976158142,3.0,0.5,0.017500000074505806,0.925000011920929,0.20430000126361847,0.8999999761581421,0.20000000298023224,4226,21381,33861,8450,21314,12802,8450,33989,12865,38275,17089,4-3-3,27,13,3,23,10,6,1369,4,299,9,7,6,7,0,25,15,3
0.6499999761581421,0.3375000059604645,0.07500000298023224,0.6549999713897705,4.0,0.1728000044822693,0.512499988079071,0.3499999940395355,0.34200000762939453,0.925000011920929,0.824999988079071,0.17499999701976776,0.05000000074505806,0.512499988079071,0.5,0.824999988079071,3.0,0.49950000643730164,3.0,0.5,0.017500000074505806,0.949999988079071,0.22499999403953552,0.875,0.22499999403953552,4161,21249,33794,8513,21445,12737,8450,33794,12737,38213,17153,4-3-3,27,13,3,23,10,6,1386,4,300,9,7,6,7,0,25,15,3
0.6499999761581421,0.3375000059604645,0.07500000298023224,0.6791999936103821,4.0,0.13030000030994415,0.512499988079071,0.35910001397132874,0.32690000534057617,0.925000011920929,0.824999988079071,0.1356000006198883,0.07500000298023224,0.550000011920929,0.5,0.824999988079071,3.0,0.49950000643730164,3.0,0.5,0.017500000074505806,0.925000011920929,0.20000000298023224,0.875,0.20000000298023224,4161,21445,33794,8450,21314,12737,8450,33989,12737,38341,17089,4-3-3,27,13,3,23,10,6,1387,4,301,9,7,6,7,0,25,15,3
0.3499999940395355,0.512499988079071,0.07500000298023224,0.5,3.0,0.15000000596046448,0.512499988079071,0.07500000298023224,0.35109999775886536,0.925000011920929,0.824999988079071,0.16009999811649323,0.9128999710083008,0.6499999761581421,0.5,0.824999988079071,3.0,0.49950000643730164,4.0,0.6499999761581421,0.017500000074505806,0.6610000133514404,0.6499999761581421,0.875,0.16439999639987946,4161,21314,33794,25794,25669,12737,12737,33794,12737,38405,21314,3-4-3,27,15,4,23,13,0,1438,5,302,25,12,6,2,0,25,16,4
0.5,0.512499988079071,0.10000000149011612,0.7124999761581421,4.0,0.17499999701976776,0.512499988079071,0.34700000286102295,0.2874999940395355,0.8999999761581421,0.8036999702453613,0.17499999701976776,0.07500000298023224,0.5145999789237976,0.5,0.8122000098228455,3.0,0.49950000643730164,3.0,0.6600000262260437,0.017500000074505806,0.925000011920929,0.20000000298023224,0.875,0.20000000298023224,4161,21249,33794,8450,21314,12737,8386,33794,12737,38213,21314,4-3-3,27,14,3,23,13,6,1439,4,303,8,7,6,17,0,25,15,3
0.6430000066757202,0.3375000059604645,0.07500000298023224,0.675000011920929,4.0,0.15000000596046448,0.5295000076293945,0.34700000286102295,0.32499998807907104,0.925000011920929,0.824999988079071,0.15000000596046448,0.07500000298023224,0.527400016784668,0.5,0.824999988079071,3.0,0.49950000643730164,3.0,0.5,0.017500000074505806,0.925000011920929,0.20000000298023224,0.875,0.20000000298023224,4226,21314,33794,8450,21314,12865,8386,33794,12737,38213,17153,4-3-3,27,13,3,23,10,6,1443,4,304,9,7,6,7,0,25,15,3
0.5,0.550000011920929,0.07500000298023224,0.7124999761581421,4.0,0.125,0.512499988079071,0.36000001430511475,0.2874999940395355,0.925000011920929,0.824999988079071,0.125,0.07500000298023224,0.550000011920929,0.5,0.824999988079071,3.0,0.49950000643730164,3.0,0.652999997138977,0.017500000074505806,0.925000011920929,0.20000000298023224,0.875,0.20000000298023224,4161,21314,33794,8386,21185,12737,8386,33989,12737,38213,21314,4-3-3,27,14,3,23,13,6,1447,4,305,8,7,6,17,0,25,15,3
0.6600000262260437,0.5874999761581421,0.38999998569488525,0.6449999809265137,4.0,0.17499999701976776,0.505299985408783,0.34790000319480896,0.3375000059604645,0.07500000298023224,0.875,0.17499999701976776,0.07500000298023224,0.505299985408783,0.5,0.5874999761581421,2.0,0.6000000238418579,4.0,0.925000011920929,0.017500000074505806,0.925000011920929,0.20000000298023224,0.875,0.20000000298023224,4161,21445,25602,8450,21314,12737,8450,38405,12737,38405,25602,4-4-2,26,13,2,16,12,10,1456,4,306,16,7,6,11,0,24,15,3
0.3499999940395355,0.3375000059604645,0.49950000643730164,0.675000011920929,5.0,0.15000000596046448,0.3375000059604645,0.925000011920929,0.32499998807907104,0.07500000298023224,0.875,0.15000000596046448,0.07500000298023224,0.5874999761581421,0.5,0.5874999761581421,1.0,0.5,4.0,0.6499999761581421,0.017500000074505806,0.925000011920929,0.20000000298023224,0.6625000238418579,0.20000000298023224,4161,17025,25602,8386,25602,12737,8450,38341,12865,29637,17089,4-2-3-1(2),25,11,2,16,9,14,1463,4,307,4,7,6,3,0,18,12,3
0.6499999761581421,0.5874999761581421,0.38999998569488525,0.675000011920929,4.0,0.15000000596046448,0.512499988079071,0.3499999940395355,0.32499998807907104,0.07500000298023224,0.875,0.15000000596046448,0.07500000298023224,0.512499988079071,0.5,0.5874999761581421,2.0,0.6000000238418579,4.0,0.925000011920929,0.017500000074505806,0.925000011920929,0.20000000298023224,0.875,0.20000000298023224,4161,21314,25602,8386,21381,12737,8578,38341,12737,38405,25602,4-4-2,26,13,2,16,12,10,1473,4,308,16,7,6,11,0,24,15,3
0.6499999761581421,0.5874999761581421,0.38999998569488525,0.675000011920929,4.0,0.15000000596046448,0.512499988079071,0.3499999940395355,0.32499998807907104,0.07500000298023224,0.8770999908447266,0.15000000596046448,0.08410000056028366,0.512499988079071,0.5,0.5874999761581421,2.0,0.6000000238418579,4.0,0.925000011920929,0.017500000074505806,0.925000011920929,0.21490000188350677,0.875,0.20000000298023224,4161,21381,25794,8450,21314,12737,8386,38213,12737,38405,25602,4-4-2,26,13,2,16,12,10,1474,4,309,16,7,6,11,0,24,15,3
0.3499999940395355,0.3375000059604645,0.49950000643730164,0.675000011920929,5.0,0.15000000596046448,0.3375000059604645,0.925000011920929,0.3472999930381775,0.07500000298023224,0.875,0.15000000596046448,0.07500000298023224,0.5874999761581421,0.5,0.5874999761581421,1.0,0.5,4.0,0.6499999761581421,0.017500000074505806,0.925000011920929,0.20000000298023224,0.6625000238418579,0.20000000298023224,4161,17089,25794,8450,25602,12737,8386,38213,12737,29957,17025,4-2-3-1(2),25,11,2,16,9,14,1477,4,310,4,7,6,3,0,18,12,3
0.925000011920929,0.20000000298023224,0.49950000643730164,0.7124999761581421,5.0,0.17499999701976776,0.5874999761581421,0.6600000262260437,0.5,0.3400000035762787,0.875,0.15000000596046448,0.2874999940395355,0.550000011920929,0.5,0.550000011920929,1.0,0.07500000298023224,4.0,0.07500000298023224,0.017500000074505806,0.925000011920929,0.17499999701976776,0.5874999761581421,0.20000000298023224,4161,25669,21314,12802,21314,12802,8386,38213,12865,25602,8386,5-4-1(2),25,12,0,15,7,5,1478,4,311,33,6,5,14,0,16,13,3
0.6600000262260437,0.20000000298023224,0.07500000298023224,0.675000011920929,6.0,0.15000000596046448,0.5138000249862671,0.3400000035762787,0.5,0.925000011920929,0.824999988079071,0.15000000596046448,0.32499998807907104,0.512499988079071,0.5,0.824999988079071,1.0,0.49950000643730164,3.0,0.07500000298023224,0.017500000074505806,0.925000011920929,0.15000000596046448,0.875,0.20000000298023224,4161,21314,33989,12865,21314,12737,8578,33794,12737,38213,8578,5-2-3,27,13,1,23,7,3,1480,4,312,30,6,5,36,0,25,15,3
0.6499999761581421,0.5874999761581421,0.38999998569488525,0.7124999761581421,4.0,0.17499999701976776,0.512499988079071,0.3499999940395355,0.2874999940395355,0.07500000298023224,0.875,0.17499999701976776,0.07500000298023224,0.512499988079071,0.503000020980835,0.5874999761581421,2.0,0.6000000238418579,4.0,0.925000011920929,0.014999999664723873,0.925000011920929,0.20000000298023224,0.875,0.20000000298023224,4226,21314,25794,8386,21314,12737,8578,38341,12737,38405,25730,4-4-2,26,13,2,16,12,10,1516,4,313,16,7,6,11,0,24,15,3
0.3499999940395355,0.3375000059604645,0.49950000643730164,0.7124999761581421,5.0,0.1476999968290329,0.3375000059604645,0.925000011920929,0.2874999940395355,0.07500000298023224,0.875,0.149399995803833,0.07500000298023224,0.5874999761581421,0.5,0.5874999761581421,1.0,0.5,4.0,0.6499999761581421,0.017500000074505806,0.925000011920929,0.20000000298023224,0.6625000238418579,0.20000000298023224,4161,17089,25602,8386,25602,12737,8578,38405,12737,29570,17089,4-2-3-1(2),25,11,2,16,9,14,1530,4,314,4,7,6,3,0,18,12,3
0.6499999761581421,0.5874999761581421,0.38999998569488525,0.675000011920929,4.0,0.15000000596046448,0.512499988079071,0.3499999940395355,0.32499998807907104,0.07500000298023224,0.875,0.15000000596046448,0.07500000298023224,0.512499988079071,0.5,0.5874999761581421,2.0,0.6000000238418579,4.0,0.925000011920929,0.017500000074505806,0.8999999761581421,0.20000000298023224,0.875,0.19789999723434448,4161,21314,25602,8386,21314,12865,8386,38213,12737,38213,25602,4-4-2,26,13,2,16,12,10,1571,4,315,16,7,6,11,0,24,15,3
0.6499999761581421,0.19949999451637268,0.38999998569488525,0.6557000279426575,6.0,0.14949999749660492,0.512499988079071,0.3499999940395355,0.5,0.5,0.875,0.15000000596046448,0.32919999957084656,0.512499988079071,0.5,0.6625000238418579,2.0,0.6000000238418579,2.0,0.08030000329017639,0.017500000074505806,0.9258000254631042,0.14949999749660492,0.875,0.19949999451637268,4161,21314,29570,12737,21314,12737,8578,38341,12737,38405,8578,5-2-1-2,26,13,1,18,7,4,1572,4,316,29,6,5,35,0,24,15,3
0.3499999940395355,0.3375000059604645,0.49950000643730164,0.675000011920929,5.0,0.15000000596046448,0.3375000059604645,0.925000011920929,0.32499998807907104,0.07500000298023224,0.875,0.15000000596046448,0.07199999690055847,0.5874999761581421,0.5,0.5874999761581421,1.0,0.4970000088214874,4.0,0.6499999761581421,0.017500000074505806,0.9128999710083008,0.21060000360012054,0.6625000238418579,0.210099995136261,4161,17089,25602,8386,25602,12737,8386,38405,12737,29570,17089,4-2-3-1(2),25,11,2,16,9,14,1629,4,317,4,7,6,3,0,18,12,3
0.3499999940395355,0.512499988079071,0.07500000298023224,0.5,3.0,0.15000000596046448,0.512499988079071,0.07500000298023224,0.32499998807907104,0.925000011920929,0.824999988079071,0.15000000596046448,0.925000011920929,0.5874999761581421,0.5,0.824999988079071,3.0,0.49950000643730164,4.0,0.6499999761581421,0.017500000074505806,0.675000011920929,0.5874999761581421,0.875,0.15000000596046448,4161,21185,33794,25602,25602,12737,12737,33794,12802,38405,21445,3-4-3,27,15,4,23,13,0,1704,5,318,25,12,6,2,0,25,16,4
0.3499999940395355,0.3375000059604645,0.49950000643730164,0.675000011920929,5.0,0.15000000596046448,0.3375000059604645,0.925000011920929,0.32499998807907104,0.07500000298023224,0.875,0.15000000596046448,0.07500000298023224,0.5874999761581421,0.5,0.5874999761581421,1.0,0.5,4.0,0.6499999761581421,0.017500000074505806,0.925000011920929,0.20000000298023224,0.6625000238418579,0.20000000298023224,4226,17089,25602,8386,25669,12737,8386,38405,12802,29637,17025,4-2-3-1(2),25,11,2,16,9,14,1713,4,319,4,7,6,3,0,18,12,3
0.5,0.2206999957561493,0.38999998569488525,0.6700999736785889,5.0,0.16859999299049377,0.3375000059604645,0.6499999761581421,0.5,0.3499999940395355,0.875,0.15000000596046448,0.31779998540878296,0.512499988079071,0.5,0.512499988079071,2.0,0.6000000238418579,3.0,0.08410000056028366,0.017500000074505806,0.925000011920929,0.17080000042915344,0.875,0.20000000298023224,4161,17089,21314,12737,21314,12737,8386,38405,12737,38341,8450,5-3-2,26,10,1,15,7,4,1738,4,320,31,6,5,24,0,24,13,3
0.5,0.512499988079071,0.49950000643730164,0.675000011920929,4.0,0.15000000596046448,0.512499988079071,0.3499999940395355,0.32499998807907104,0.800000011920929,0.875,0.15000000596046448,0.07500000298023224,0.512499988079071,0.5,0.6625000238418579,2.5,0.20000000298023224,3.5,0.6499999761581421,0.017500000074505806,0.925000011920929,0.20000000298023224,0.6625000238418579,0.20000000298023224,4161,21314,29570,8450,21314,12737,8450,38213,12865,29570,21314,4-3-2-1,25,14,2,17,13,8,1744,4,321,7,7,6,20,0,19,15,3
0.3499999940395355,0.3375000059604645,0.49950000643730164,0.637499988079071,5.0,0.17499999701976776,0.3375000059604645,0.925000011920929,0.36250001192092896,0.07500000298023224,0.875,0.17499999701976776,0.07500000298023224,0.5874999761581421,0.5,0.5874999761581421,1.0,0.5,4.0,0.6499999761581421,0.017500000074505806,0.925000011920929,0.20000000298023224,0.6625000238418579,0.20000000298023224,4161,17153,25669,8578,25669,12737,8450,38405,12865,29570,17153,4-2-3-1(2),25,11,2,16,9,14,1745,4,322,4,7,6,3,0,18,12,3
0.3499999940395355,0.512499988079071,0.49950000643730164,0.5,3.0,0.15000000596046448,0.512499988079071,0.07500000298023224,0.3116999864578247,0.800000011920929,0.875,0.1696999967098236,0.925000011920929,0.5874999761581421,0.5,0.6625000238418579,2.0,0.20000000298023224,5.0,0.6499999761581421,0.017500000074505806,0.6931999921798706,0.5874999761581421,0.6625000238418579,0.17499999701976776,4226,21445,29570,25602,25602,12737,12737,38341,12737,29570,21445,3-4-2-1,25,15,3,17,13,19,1746,5,323,24,12,6,21,0,19,16,4
0.3499999940395355,0.512499988079071,0.49950000643730164,0.5,3.0,0.15000000596046448,0.512499988079071,0.07500000298023224,0.2874999940395355,0.800000011920929,0.875,0.17499999701976776,0.925000011920929,0.5874999761581421,0.5,0.6625000238418579,2.0,0.20000000298023224,5.0,0.6499999761581421,0.017500000074505806,0.7124999761581421,0.5874999761581421,0.6625000238418579,0.17499999701976776,4161,21249,29570,25602,25602,12802,12737,38405,12802,29570,21249,3-4-2-1,25,15,3,17,13,19,1750,5,324,24,12,6,21,0,19,16,4
0.5,0.20000000298023224,0.38999998569488525,0.7124999761581421,5.0,0.17499999701976776,0.3375000059604645,0.6499999761581421,0.5,0.3499999940395355,0.875,0.17499999701976776,0.2874999940395355,0.512499988079071,0.5,0.512499988079071,2.0,0.6000000238418579,3.0,0.07500000298023224,0.017500000074505806,0.925000011920929,0.17499999701976776,0.875,0.20000000298023224,4161,17089,21314,12737,21314,12737,8578,38405,12737,38341,8450,5-3-2,26,10,1,15,7,4,1756,4,325,31,6,5,24,0,24,13,3
0.5,0.512499988079071,0.07500000298023224,0.7124999761581421,4.0,0.17499999701976776,0.512499988079071,0.3499999940395355,0.2874999940395355,0.925000011920929,0.824999988079071,0.17499999701976776,0.07500000298023224,0.512499988079071,0.5,0.824999988079071,3.0,0.49950000643730164,3.0,0.6499999761581421,0.017500000074505806,0.925000011920929,0.20000000298023224,0.875,0.20000000298023224,4226,21249,33989,8450,21314,12737,8386,33794,12737,38213,21185,4-3-3,27,14,3,23,13,6,1757,4,326,8,7,6,17,0,25,15,3
0.3499999940395355,0.3375000059604645,0.49950000643730164,0.6658999919891357,5.0,0.17499999701976776,0.3375000059604645,0.9007999897003174,0.3614000082015991,0.10000000149011612,0.875,0.17499999701976776,0.07500000298023224,0.5641000270843506,0.5,0.5584999918937683,1.0,0.5,4.0,0.6499999761581421,0.017500000074505806,0.925000011920929,0.20000000298023224,0.6625000238418579,0.20000000298023224,4161,17089,25794,8450,25602,12865,8450,38405,12737,29570,17089,4-2-3-1(2),25,11,2,16,9,14,1786,4,327,4,7,6,3,0,18,12,3
0.5,0.550000011920929,0.38999998569488525,0.7124999761581421,4.0,0.17499999701976776,0.512499988079071,0.3400000035762787,0.2874999940395355,0.5,0.875,0.17499999701976776,0.07500000298023224,0.550000011920929,0.5,0.6625000238418579,2.5,0.6000000238418579,3.5,0.6600000262260437,0.017500000074505806,0.925000011920929,0.20000000298023224,0.875,0.20000000298023224,4161,21185,29570,8450,21445,12802,8450,38341,12737,38405,21445,4-3-1-2,26,14,2,18,13,9,1787,4,328,6,7,6,34,0,24,15,3
0.6499999761581421,0.3375000059604645,0.07500000298023224,0.7124999761581421,4.0,0.16859999299049377,0.512499988079071,0.3499999940395355,0.3118000030517578,0.925000011920929,0.824999988079071,0.16439999639987946,0.07500000298023224,0.512499988079071,0.5,0.824999988079071,3.0,0.49950000643730164,3.0,0.5,0.017500000074505806,0.925000011920929,0.20000000298023224,0.875,0.20000000298023224,4226,21445,33989,8450,21314,12865,8578,33794,12865,38341,17089,4-3-3,27,13,3,23,10,6,1788,4,329,9,7,6,7,0,25,15,3
0.3499999940395355,0.3375000059604645,0.49950000643730164,0.6700999736785889,5.0,0.15369999408721924,0.3375000059604645,0.925000011920929,0.3239000141620636,0.07500000298023224,0.875,0.15369999408721924,0.07500000298023224,0.5874999761581421,0.5,0.5874999761581421,1.0,0.5060999989509583,4.0,0.6499999761581421,0.017500000074505806,0.925000011920929,0.2190999984741211,0.6625000238418579,0.2190999984741211,4161,17153,25602,8386,25794,12737,8386,38405,12865,29570,17089,4-2-3-1(2),25,11,2,16,9,14,1790,4,330,4,7,6,3,0,18,12,3
0.3499999940395355,0.3375000059604645,0.49950000643730164,0.675000011920929,5.0,0.15000000596046448,0.3375000059604645,0.8999999761581421,0.32499998807907104,0.10000000149011612,0.875,0.15000000596046448,0.06289999932050705,0.6330000162124634,0.5,0.6449999809265137,1.0,0.5,4.0,0.6499999761581421,0.017500000074505806,0.925000011920929,0.22499999403953552,0.6625000238418579,0.22499999403953552,4226,17089,25602,8386,25669,12737,8450,38341,12737,29570,17089,4-2-3-1(2),25,11,2,16,9,14,1792,4,331,4,7,6,3,0,18,12,3
0.5,0.512499988079071,0.07500000298023224,0.7124999761581421,4.0,0.125,0.512499988079071,0.3499999940395355,0.2874999940395355,0.925000011920929,0.824999988079071,0.125,0.07500000298023224,0.512499988079071,0.4909000098705292,0.824999988079071,3.0,0.49950000643730164,3.0,0.6499999761581421,0.019999999552965164,0.925000011920929,0.20000000298023224,0.875,0.20000000298023224,4161,21314,33794,8386,21445,12737,8386,33989,12737,38213,21445,4-3-3,27,14,3,23,13,6,1793,4,332,8,7,6,17,0,25,15,3
0.6499999761581421,0.5874999761581421,0.49950000643730164,0.675000011920929,4.0,0.17499999701976776,0.512499988079071,0.3499999940395355,0.32199999690055847,0.07500000298023224,0.875,0.17499999701976776,0.07500000298023224,0.512499988079071,0.5,0.5874999761581421,1.5,0.5,4.5,0.925000011920929,0.017500000074505806,0.925000011920929,0.20000000298023224,0.6625000238418579,0.20000000298023224,4161,21314,25669,8578,21314,12737,8386,38213,12737,29570,25669,4-4-1-1(2),25,13,2,16,12,14,1794,4,333,18,7,6,18,0,18,15,3
0.35910001397132874,0.5253000259399414,0.49950000643730164,0.5,3.0,0.164900004863739,0.5202000141143799,0.07500000298023224,0.2874999940395355,0.800000011920929,0.875,0.14790000021457672,0.925000011920929,0.5874999761581421,0.5,0.6625000238418579,2.0,0.20000000298023224,5.0,0.652999997138977,0.017500000074505806,0.7124999761581421,0.5874999761581421,0.6625000238418579,0.15160000324249268,4161,21314,29570,25602,25602,12737,12737,38213,12737,29570,21249,3-4-2-1,25,15,3,17,13,19,1795,5,334,24,12,6,21,0,19,16,4
0.3499999940395355,0.3375000059604645,0.49950000643730164,0.6851999759674072,5.0,0.16439999639987946,0.3375000059604645,0.925000011920929,0.31779998540878296,0.07500000298023224,0.875,0.16009999811649323,0.07500000298023224,0.5874999761581421,0.5,0.5874999761581421,1.0,0.5,4.0,0.6499999761581421,0.017500000074505806,0.925000011920929,0.20000000298023224,0.6625000238418579,0.20000000298023224,4161,17089,25602,8450,25602,12737,8513,38405,12737,29637,17153,4-2-3-1(2),25,11,2,16,9,14,1796,4,335,4,7,6,3,0,18,12,3
0.5,0.5175999999046326,0.38999998569488525,0.6730999946594238,4.0,0.17499999701976776,0.512499988079071,0.34700000286102295,0.36250001192092896,0.5,0.875,0.17270000278949738,0.07500000298023224,0.5210000276565552,0.5,0.6625000238418579,2.5,0.6000000238418579,3.5,0.6600000262260437,0.017500000074505806,0.925000011920929,0.20000000298023224,0.875,0.20000000298023224,4161,21314,29570,8386,21249,12802,8450,38405,12737,38213,21314,4-3-1-2,26,14,2,18,13,9,1797,4,336,6,7,6,34,0,24,15,3
0.6499999761581421,0.20000000298023224,0.07500000298023224,0.6883000135421753,6.0,0.15000000596046448,0.512499988079071,0.3499999940395355,0.5,0.925000011920929,0.824999988079071,0.15000000596046448,0.3147999942302704,0.512499988079071,0.5,0.824999988079071,1.0,0.49950000643730164,3.0,0.07500000298023224,0.017500000074505806,0.925000011920929,0.15000000596046448,0.875,0.20000000298023224,4161,21314,33989,12865,21381,12865,8578,33989,12737,38213,8578,5-2-3,27,13,1,23,7,3,1798,4,337,30,6,5,36,0,25,15,3
0.6590999960899353,0.20000000298023224,0.07500000298023224,0.7063999772071838,6.0,0.15000000596046448,0.5103999972343445,0.34689998626708984,0.5,0.925000011920929,0.824999988079071,0.15000000596046448,0.2935999929904938,0.512499988079071,0.5,0.824999988079071,1.0,0.49950000643730164,3.0,0.07500000298023224,0.017500000074505806,0.925000011920929,0.15000000596046448,0.875,0.20000000298023224,4161,21314,33989,12737,21185,12737,8578,33989,12737,38213,8578,5-2-3,27,13,1,23,7,3,1799,4,338,30,6,5,36,0,25,15,3
0.3499999940395355,0.3375000059604645,0.49950000643730164,0.675000011920929,5.0,0.15000000596046448,0.3375000059604645,0.925000011920929,0.32499998807907104,0.07500000298023224,0.875,0.15000000596046448,0.07500000298023224,0.5874999761581421,0.5,0.5874999761581421,1.0,0.5,4.0,0.6499999761581421,0.017500000074505806,0.925000011920929,0.20000000298023224,0.6625000238418579,0.20000000298023224,4161,17153,25794,8386,25602,12737,8450,38341,12737,29637,17089,4-2-3-1(2),25,11,2,16,9,14,1800,4,339,4,7,6,3,0,18,12,3
0.3499999940395355,0.3375000059604645,0.49950000643730164,0.675000011920929,5.0,0.15000000596046448,0.3375000059604645,0.925000011920929,0.32499998807907104,0.07500000298023224,0.875,0.15000000596046448,0.07500000298023224,0.5874999761581421,0.5,0.5874999761581421,1.0,0.5,4.0,0.6499999761581421,0.017500000074505806,0.925000011920929,0.20000000298023224,0.6625000238418579,0.20000000298023224,4161,17089,25602,8578,25602,12737,8578,38405,12737,29637,17089,4-2-3-1(2),25,11,2,16,9,14,1801,4,340,4,7,6,3,0,18,12,3
0.3499999940395355,0.3375000059604645,0.49950000643730164,0.6527000069618225,5.0,0.149399995803833,0.3375000059604645,0.925000011920929,0.33719998598098755,0.07500000298023224,0.875,0.14949999749660492,0.07500000298023224,0.5874999761581421,0.5,0.5874999761581421,1.0,0.5,4.0,0.6499999761581421,0.017500000074505806,0.925000011920929,0.20000000298023224,0.6625000238418579,0.20000000298023224,4161,17153,25602,8450,25602,12737,8450,38213,12737,29570,17089,4-2-3-1(2),25,11,2,16,9,14,1802,4,341,4,7,6,3,0,18,12,3
0.5,0.20000000298023224,0.38999998569488525,0.7095000147819519,5.0,0.14949999749660492,0.3375000059604645,0.6499999761581421,0.5,0.3499999940395355,0.875,0.15000000596046448,0.2874999940395355,0.512499988079071,0.5,0.512499988079071,2.0,0.6000000238418579,3.0,0.07500000298023224,0.017500000074505806,0.925000011920929,0.14949999749660492,0.875,0.20000000298023224,4161,17089,21314,12865,21314,12737,8578,38405,12737,38213,8578,5-3-2,26,10,1,15,7,4,1803,4,342,31,6,5,24,0,24,13,3
0.5,0.20000000298023224,0.38999998569488525,0.6973000168800354,5.0,0.14949999749660492,0.3375000059604645,0.6600000262260437,0.5,0.3400000035762787,0.875,0.15000000596046448,0.30570000410079956,0.5112000107765198,0.5,0.5110999941825867,2.0,0.6000000238418579,3.0,0.07500000298023224,0.017500000074505806,0.925000011920929,0.14949999749660492,0.875,0.20000000298023224,4161,17153,21381,12737,21314,12865,8578,38405,12737,38213,8578,5-3-2,26,10,1,15,7,4,1804,4,343,31,6,5,24,0,24,13,3
0.3499999940395355,0.3375000059604645,0.49950000643730164,0.675000011920929,5.0,0.15000000596046448,0.3375000059604645,0.925000011920929,0.32499998807907104,0.07500000298023224,0.875,0.15000000596046448,0.07500000298023224,0.5874999761581421,0.5,0.5874999761581421,1.0,0.5,4.0,0.6499999761581421,0.017500000074505806,0.925000011920929,0.20000000298023224,0.6625000238418579,0.20000000298023224,4161,17089,25602,8450,25602,12737,8386,38341,12737,29570,17089,4-2-3-1(2),25,11,2,16,9,14,1805,4,344,4,7,6,3,0,18,12,3
0.3499999940395355,0.3361999988555908,0.49950000643730164,0.675000011920929,5.0,0.15000000596046448,0.3375000059604645,0.925000011920929,0.32499998807907104,0.07500000298023224,0.875,0.15000000596046448,0.07500000298023224,0.5874999761581421,0.5,0.5874999761581421,1.0,0.5,4.0,0.6399999856948853,0.017500000074505806,0.925000011920929,0.20000000298023224,0.6625000238418579,0.20000000298023224,4161,17089,25669,8578,25794,12737,8450,38405,12737,29570,17089,4-2-3-1(2),25,11,2,16,9,14,1806,4,345,4,7,6,3,0,18,12,3
0.6499999761581421,0.20000000298023224,0.07500000298023224,0.7124999761581421,6.0,0.17499999701976776,0.512499988079071,0.3499999940395355,0.5,0.925000011920929,0.824999988079071,0.15000000596046448,0.2874999940395355,0.512499988079071,0.5,0.824999988079071,1.0,0.49950000643730164,3.0,0.07500000298023224,0.017500000074505806,0.925000011920929,0.17499999701976776,0.875,0.20000000298023224,4161,21314,33794,12737,21314,12737,8578,33794,12737,38341,8578,5-2-3,27,13,1,23,7,3,1807,4,346,30,6,5,36,0,25,15,3
0.35910001397132874,0.375,0.49950000643730164,0.6700999736785889,5.0,0.14949999749660492,0.375,0.925000011920929,0.36250001192092896,0.07500000298023224,0.875,0.14949999749660492,0.07500000298023224,0.5874999761581421,0.5,0.5874999761581421,1.0,0.5,4.0,0.6499999761581421,0.017500000074505806,0.925000011920929,0.20000000298023224,0.6625000238418579,0.20000000298023224,4226,17089,25794,8513,25669,12802,8386,38213,12865,29957,17153,4-2-3-1(2),25,11,2,16,9,14,1808,4,347,4,7,6,3,0,18,12,3
0.3499999940395355,0.512499988079071,0.07500000298023224,0.5,3.0,0.15000000596046448,0.512499988079071,0.07500000298023224,0.2874999940395355,0.925000011920929,0.824999988079071,0.17499999701976776,0.925000011920929,0.5874999761581421,0.5,0.824999988079071,3.0,0.49950000643730164,4.0,0.6499999761581421,0.017500000074505806,0.7124999761581421,0.5874999761581421,0.875,0.17499999701976776,4161,21314,33794,25794,25602,12737,12865,33794,12737,38405,21314,3-4-3,27,15,4,23,13,0,1809,5,348,25,12,6,2,0,25,16,4
0.5,0.20000000298023224,0.38999998569488525,0.675000011920929,5.0,0.15000000596046448,0.3375000059604645,0.6499999761581421,0.5,0.36000001430511475,0.875,0.15000000596046448,0.33410000801086426,0.4749999940395355,0.5,0.4749999940395355,2.0,0.6000000238418579,3.0,0.07500000298023224,0.017500000074505806,0.925000011920929,0.14569999277591705,0.875,0.20000000298023224,4161,17089,21314,12737,21314,12737,8386,38405,12737,38405,8386,5-3-2,26,10,1,15,7,4,1814,4,349,31,6,5,24,0,24,13,3
0.3499999940395355,0.3375000059604645,0.49950000643730164,0.7124999761581421,5.0,0.17499999701976776,0.3375000059604645,0.925000011920929,0.2874999940395355,0.07500000298023224,0.875,0.17499999701976776,0.07500000298023224,0.5874999761581421,0.5,0.5874999761581421,1.0,0.5,4.0,0.6499999761581421,0.017500000074505806,0.925000011920929,0.20000000298023224,0.6625000238418579,0.20000000298023224,4226,17089,25602,8450,25602,12865,8386,38405,12737,29957,17089,4-2-3-1(2),25,11,2,16,9,14,1815,4,350,4,7,6,3,0,18,12,3
0.925000011920929,0.20000000298023224,0.49950000643730164,0.675000011920929,5.0,0.15000000596046448,0.5874999761581421,0.6499999761581421,0.5,0.3499999940395355,0.875,0.15000000596046448,0.32499998807907104,0.512499988079071,0.5,0.512499988079071,1.0,0.07500000298023224,4.0,0.07500000298023224,0.017500000074505806,0.925000011920929,0.15000000596046448,0.5874999761581421,0.20000000298023224,4161,25602,21314,12802,21314,12737,8450,38341,12737,25602,8386,5-4-1(2),25,12,0,15,7,5,1816,4,351,33,6,5,14,0,16,13,3
0.925000011920929,0.3375000059604645,0.49950000643730164,0.7124999761581421,4.5,0.17499999701976776,0.5874999761581421,0.6499999761581421,0.2874999940395355,0.3499999940395355,0.875,0.17499999701976776,0.07500000298023224,0.512499988079071,0.5,0.512499988079071,1.0,0.07500000298023224,4.5,0.5,0.017500000074505806,0.925000011920929,0.20000000298023224,0.5874999761581421,0.20000000298023224,4161,25669,21314,8386,21314,12737,8386,38405,12865,25794,17089,4-1-4-1,25,12,2,15,10,15,1819,4,352,2,7,6,31,0,16,13,3
0.6399999856948853,0.5249999761581421,0.38999998569488525,0.7124999761581421,4.0,0.17499999701976776,0.4749999940395355,0.3529999852180481,0.2874999940395355,0.09700000286102295,0.875,0.17499999701976776,0.07500000298023224,0.4749999940395355,0.5,0.5853999853134155,2.0,0.6000000238418579,4.0,0.9340999722480774,0.017500000074505806,0.925000011920929,0.20000000298023224,0.875,0.20000000298023224,4161,21185,25669,8386,21314,12802,8386,38275,12802,38341,25602,4-4-2,26,13,2,16,12,10,1824,4,353,16,7,6,11,0,24,15,3
0.3499999940395355,0.512499988079071,0.07500000298023224,0.5,3.0,0.15000000596046448,0.512499988079071,0.07500000298023224,0.32499998807907104,0.925000011920929,0.824999988079071,0.15000000596046448,0.925000011920929,0.5874999761581421,0.5,0.824999988079071,3.0,0.49950000643730164,4.0,0.6499999761581421,0.017500000074505806,0.675000011920929,0.5874999761581421,0.875,0.15000000596046448,4161,21314,33989,25730,25730,12737,12737,33794,12737,38213,21314,3-4-3,27,15,4,23,13,0,1826,5,354,25,12,6,2,0,25,16,4
0.3400000035762787,0.5379999876022339,0.49950000643730164,0.5,3.0,0.15000000596046448,0.5138000249862671,0.07500000298023224,0.32499998807907104,0.800000011920929,0.875,0.15000000596046448,0.925000011920929,0.5874999761581421,0.5,0.6625000238418579,2.0,0.20000000298023224,5.0,0.6600000262260437,0.017500000074505806,0.670799970626831,0.5874999761581421,0.6625000238418579,0.15160000324249268,4161,21445,29957,25730,25730,12865,12802,38213,12737,29637,21314,3-4-2-1,25,15,3,17,13,19,1831,5,355,24,12,6,21,0,19,16,4
0.3499999940395355,0.3375000059604645,0.38999998569488525,0.675000011920929,4.0,0.15000000596046448,0.3375000059604645,0.925000011920929,0.32499998807907104,0.07500000298023224,0.875,0.15000000596046448,0.07500000298023224,0.5874999761581421,0.5,0.5874999761581421,2.0,0.6000000238418579,4.0,0.6499999761581421,0.017500000074505806,0.925000011920929,0.20000000298023224,0.875,0.20000000298023224,4161,17089,25669,8450,25730,12865,8450,38341,12865,38405,17089,4-4-2(2),26,11,2,16,9,10,1832,4,356,17,7,6,12,0,24,12,3
0.5,0.20000000298023224,0.38999998569488525,0.675000011920929,5.0,0.15000000596046448,0.3375000059604645,0.6600000262260437,0.5,0.3400000035762787,0.875,0.15000000596046448,0.32499998807907104,0.512499988079071,0.5,0.512499988079071,2.0,0.6000000238418579,3.0,0.07500000298023224,0.017500000074505806,0.925000011920929,0.15000000596046448,0.875,0.20000000298023224,4161,17025,21185,12737,21445,12737,8513,38405,12737,38275,8450,5-3-2,26,10,1,15,7,4,1837,4,357,31,6,5,24,0,24,13,3
0.5,0.20000000298023224,0.38999998569488525,0.637499988079071,5.0,0.17499999701976776,0.3375000059604645,0.6499999761581421,0.5,0.3499999940395355,0.875,0.15000000596046448,0.36250001192092896,0.512499988079071,0.5,0.512499988079071,2.0,0.6000000238418579,3.0,0.07500000298023224,0.017500000074505806,0.925000011920929,0.17499999701976776,0.875,0.20000000298023224,4161,17089,21185,12737,21185,12737,8578,38213,12737,38275,8578,5-3-2,26,10,1,15,7,4,1842,4,358,31,6,5,24,0,24,13,3
0.3499999940395355,0.3375000059604645,0.49950000643730164,0.7124999761581421,5.0,0.17499999701976776,0.3375000059604645,0.925000011920929,0.2874999940395355,0.07500000298023224,0.875,0.17499999701976776,0.07500000298023224,0.5874999761581421,0.5,0.5874999761581421,1.0,0.5,4.0,0.6499999761581421,0.017500000074505806,0.925000011920929,0.20000000298023224,0.6625000238418579,0.20000000298023224,4161,17089,25602,8450,25602,12865,8386,38341,12737,29570,17089,4-2-3-1(2),25,11,2,16,9,14,1843,4,359,4,7,6,3,0,18,12,3
0.5,0.20000000298023224,0.38999998569488525,0.675000011920929,5.0,0.15000000596046448,0.3375000059604645,0.6499999761581421,0.5,0.3499999940395355,0.875,0.15000000596046448,0.32499998807907104,0.512499988079071,0.5,0.512499988079071,2.0,0.6000000238418579,3.0,0.07500000298023224,0.017500000074505806,0.925000011920929,0.15000000596046448,0.875,0.20000000298023224,4161,17153,21314,12737,21445,12737,8386,38275,12865,38213,8450,5-3-2,26,10,1,15,7,4,1848,4,360,31,6,5,24,0,24,13,3
0.3499999940395355,0.3375000059604645,0.49950000643730164,0.6700999736785889,5.0,0.17499999701976776,0.3375000059604645,0.9318000078201294,0.3450999855995178,0.10000000149011612,0.875,0.17499999701976776,0.06889999657869339,0.6371999979019165,0.5,0.6258000135421753,1.0,0.5,4.0,0.6499999761581421,0.017500000074505806,0.9189000129699707,0.22499999403953552,0.6625000238418579,0.21860000491142273,4161,17089,25669,8386,25602,12737,8386,38405,12737,29957,17153,4-2-3-1(2),25,11,2,16,9,14,1853,4,361,4,7,6,3,0,18,12,3
0.6600000262260437,0.6499999761581421,0.3799999952316284,0.637499988079071,4.0,0.17499999701976776,0.49410000443458557,0.3400000035762787,0.36250001192092896,0.10000000149011612,0.89410001039505,0.1665000021457672,0.07500000298023224,0.5005000233650208,0.5,0.6499999761581421,2.0,0.6100000143051147,4.0,0.8999999761581421,0.017500000074505806,0.925000011920929,0.20000000298023224,0.8500000238418579,0.20000000298023224,4161,21249,25602,8386,21314,12737,8450,38405,12737,38275,25602,4-4-2,26,13,2,16,12,10,1854,4,362,16,7,6,11,0,24,15,3
0.6499999761581421,0.6499999761581421,0.38999998569488525,0.7124999761581421,4.0,0.17499999701976776,0.512499988079071,0.3499999940395355,0.29660001397132874,0.10000000149011612,0.875,0.17499999701976776,0.07500000298023224,0.512499988079071,0.5,0.6499999761581421,2.0,0.6000000238418579,4.0,0.8999999761581421,0.017500000074505806,0.925000011920929,0.20000000298023224,0.875,0.20000000298023224,4161,21314,25602,8450,21314,12737,8386,38405,12737,38405,25602,4-4-2,26,13,2,16,12,10,1860,4,363,16,7,6,11,0,24,15,3
0.3400000035762787,0.375,0.49950000643730164,0.7124999761581421,5.0,0.17299999296665192,0.375,0.925000011920929,0.2874999940395355,0.07500000298023224,0.875,0.17499999701976776,0.07500000298023224,0.5874999761581421,0.5,0.5874999761581421,1.0,0.5,4.0,0.6600000262260437,0.017500000074505806,0.925000011920929,0.20000000298023224,0.6625000238418579,0.20000000298023224,4161,17089,25794,8386,25602,12737,8386,38341,12737,29570,17153,4-2-3-1(2),25,11,2,16,9,14,1861,4,364,4,7,6,3,0,18,12,3
0.3499999940395355,0.3375000059604645,0.49950000643730164,0.682200014591217,5.0,0.17069999873638153,0.3375000059604645,0.925000011920929,0.3147999942302704,0.07500000298023224,0.875,0.17499999701976776,0.07500000298023224,0.5874999761581421,0.5,0.5874999761581421,1.0,0.5,4.0,0.6499999761581421,0.017500000074505806,0.925000011920929,0.20000000298023224,0.6625000238418579,0.20000000298023224,4161,17089,25602,8578,25794,12737,8386,38405,12865,29570,17089,4-2-3-1(2),25,11,2,16,9,14,1862,4,365,4,7,6,3,0,18,12,3
0.3499999940395355,0.3375000059604645,0.49950000643730164,0.675000011920929,5.0,0.15000000596046448,0.3375000059604645,0.925000011920929,0.32499998807907104,0.07500000298023224,0.875,0.15000000596046448,0.07500000298023224,0.5874999761581421,0.5,0.5874999761581421,1.0,0.5,4.0,0.6499999761581421,0.017500000074505806,0.925000011920929,0.20000000298023224,0.6625000238418579,0.20000000298023224,4161,17089,25669,8386,25794,12737,8386,38213,12737,29570,17089,4-2-3-1(2),25,11,2,16,9,14,1867,4,366,4,7,6,3,0,18,12,3
0.3560999929904938,0.5188999772071838,0.07500000298023224,0.5,3.0,0.15000000596046448,0.5379999876022339,0.07500000298023224,0.2874999940395355,0.925000011920929,0.824999988079071,0.1712999939918518,0.921999990940094,0.5598000288009644,0.5,0.824999988079071,3.0,0.49950000643730164,4.0,0.6499999761581421,0.017500000074505806,0.7124999761581421,0.5555999875068665,0.875,0.15639999508857727,4161,21381,33989,25602,25602,12737,12737,33861,12737,38275,21314,3-4-3,27,15,4,23,13,0,1871,5,367,25,12,6,2,0,25,16,4
0.3499999940395355,0.3375000059604645,0.49950000643730164,0.675000011920929,5.0,0.15000000596046448,0.3375000059604645,0.800000011920929,0.32499998807907104,0.5,0.875,0.15000000596046448,0.07500000298023224,0.6625000238418579,0.5,0.6625000238418579,1.0,0.20000000298023224,4.0,0.6499999761581421,0.017500000074505806,0.925000011920929,0.20000000298023224,0.6625000238418579,0.20000000298023224,4161,17089,29570,8513,29637,12737,8578,38405,12737,29570,17153,4-2-3-1,25,11,2,18,9,14,1874,4,368,3,7,6,16,0,19,17,3
0.3499999940395355,0.3375000059604645,0.49950000643730164,0.7124999761581421,5.0,0.17499999701976776,0.3375000059604645,0.925000011920929,0.2874999940395355,0.07500000298023224,0.875,0.17499999701976776,0.05000000074505806,0.5874999761581421,0.5,0.5874999761581421,1.0,0.4970000088214874,4.0,0.6499999761581421,0.017500000074505806,0.949999988079071,0.22499999403953552,0.625,0.22499999403953552,4161,17025,25794,8450,25669,12865,8450,38341,12865,29570,17089,4-2-3-1(2),25,11,2,16,9,14,1876,4,369,4,7,6,3,0,18,12,3
0.6570000052452087,0.3375000059604645,0.07500000298023224,0.6639999747276306,4.0,0.17069999873638153,0.5223000049591064,0.3400000035762787,0.3449999988079071,0.925000011920929,0.824999988079071,0.17499999701976776,0.10000000149011612,0.5479000210762024,0.5,0.824999988079071,3.0,0.49950000643730164,3.0,0.5,0.017500000074505806,0.8999999761581421,0.22499999403953552,0.875,0.22499999403953552,4161,21249,33794,8450,21314,12737,8578,33794,12737,38405,17089,4-3-3,27,13,3,23,10,6,1877,4,370,9,7,6,7,0,25,15,3
0.3499999940395355,0.3375000059604645,0.49000000953674316,0.6597999930381775,5.0,0.17339999973773956,0.3375000059604645,0.925000011920929,0.36250001192092896,0.07500000298023224,0.8500000238418579,0.17499999701976776,0.07500000298023224,0.5874999761581421,0.5,0.5874999761581421,1.0,0.5,4.0,0.6499999761581421,0.017500000074505806,0.925000011920929,0.20000000298023224,0.6625000238418579,0.20000000298023224,4161,17089,25602,8386,25794,12737,8386,38405,12737,29570,17025,4-2-3-1(2),25,11,2,16,9,14,1884,4,371,4,7,6,3,0,18,12,3
0.3400000035762787,0.512499988079071,0.49950000643730164,0.5,3.0,0.17499999701976776,0.5167999863624573,0.07500000298023224,0.2874999940395355,0.75,0.875,0.17499999701976776,0.925000011920929,0.5874999761581421,0.5,0.699999988079071,2.0,0.25,5.0,0.6499999761581421,0.017500000074505806,0.7124999761581421,0.5874999761581421,0.699999988079071,0.17499999701976776,4226,21314,29637,25602,25602,12737,12737,38405,12737,29570,21249,3-4-2-1,25,15,3,17,13,19,1886,5,372,24,12,6,21,0,19,16,4
0.6399999856948853,0.3375000059604645,0.07500000298023224,0.7124999761581421,4.0,0.164900004863739,0.550000011920929,0.36000001430511475,0.2874999940395355,0.925000011920929,0.824999988079071,0.17339999973773956,0.07500000298023224,0.4749999940395355,0.5,0.824999988079071,3.0,0.49950000643730164,3.0,0.5,0.017500000074505806,0.925000011920929,0.20000000298023224,0.875,0.20000000298023224,4161,21381,33794,8386,21381,12737,8578,33861,12737,38405,17089,4-3-3,27,13,3,23,10,6,1887,4,373,9,7,6,7,0,25,15,3
0.3499999940395355,0.3375000059604645,0.49950000643730164,0.6730999946594238,5.0,0.14569999277591705,0.3375000059604645,0.925000011920929,0.3260999917984009,0.07500000298023224,0.875,0.14579999446868896,0.07500000298023224,0.5874999761581421,0.5091000199317932,0.5874999761581421,1.0,0.48179998993873596,4.0,0.6499999761581421,0.014999999664723873,0.925000011920929,0.20000000298023224,0.625,0.20000000298023224,4161,17025,25794,8386,25602,12737,8386,38405,12737,29637,17089,4-2-3-1(2),25,11,2,16,9,14,1888,4,374,4,7,6,3,0,18,12,3
0.6570000052452087,0.3375000059604645,0.10000000149011612,0.6628999710083008,4.0,0.15000000596046448,0.5116999745368958,0.3400000035762787,0.3310999870300293,0.8999999761581421,0.7749999761581421,0.15000000596046448,0.10000000149011612,0.4749999940395355,0.5,0.7749999761581421,3.0,0.49950000643730164,3.0,0.5,0.017500000074505806,0.8999999761581421,0.22499999403953552,0.875,0.22499999403953552,4161,21314,33794,8386,21381,12737,8386,33794,12737,38213,17089,4-3-3,27,13,3,23,10,6,1891,4,375,9,7,6,7,0,25,15,3
0.6600000262260437,0.5981000065803528,0.49950000643730164,0.7124999761581421,4.0,0.16220000386238098,0.4749999940395355,0.3499999940395355,0.2874999940395355,0.07500000298023224,0.875,0.17499999701976776,0.07500000298023224,0.512499988079071,0.5,0.5874999761581421,1.5,0.5,4.5,0.8999999761581421,0.014999999664723873,0.925000011920929,0.20000000298023224,0.6625000238418579,0.20000000298023224,4226,21381,25794,8450,21249,12737,8450,38341,12737,29570,25794,4-4-1-1(2),25,13,2,16,12,14,1896,4,376,18,7,6,18,0,18,15,3
0.9060999751091003,0.3375000059604645,0.5085999965667725,0.7124999761581421,4.5,0.1648000031709671,0.6202999949455261,0.6499999761581421,0.2874999940395355,0.3499999940395355,0.8500000238418579,0.1665000021457672,0.07500000298023224,0.512499988079071,0.5060999989509583,0.512499988079071,1.0,0.07199999690055847,4.5,0.5,0.014999999664723873,0.8999999761581421,0.20000000298023224,0.6223999857902527,0.22499999403953552,4161,25669,21185,8386,21185,12865,8450,38341,12737,25602,17089,4-1-4-1,25,12,2,15,10,15,1898,4,377,2,7,6,31,0,16,13,3
0.3499999940395355,0.3375000059604645,0.49950000643730164,0.6518999934196472,5.0,0.16220000386238098,0.3375000059604645,0.925000011920929,0.2874999940395355,0.07500000298023224,0.875,0.1648000031709671,0.07500000298023224,0.5874999761581421,0.5,0.5874999761581421,1.0,0.5,4.0,0.6499999761581421,0.014999999664723873,0.925000011920929,0.20000000298023224,0.6625000238418579,0.20000000298023224,4161,17089,25602,8450,25794,12737,8386,38405,12737,29570,17089,4-2-3-1(2),25,11,2,16,9,14,1900,4,378,4,7,6,3,0,18,12,3
0.6499999761581421,0.3375000059604645,0.07500000298023224,0.671999990940094,4.0,0.1436000019311905,0.512499988079071,0.3499999940395355,0.32499998807907104,0.925000011920929,0.824999988079071,0.15000000596046448,0.07500000298023224,0.512499988079071,0.5,0.824999988079071,3.0,0.49950000643730164,3.0,0.5,0.017500000074505806,0.925000011920929,0.20000000298023224,0.875,0.20000000298023224,4161,21381,33989,8578,21314,12802,8450,33794,12737,38341,17089,4-3-3,27,13,3,23,10,6,1903,4,379,9,7,6,7,0,25,15,3
0.3499999940395355,0.3375000059604645,0.49950000643730164,0.6700999736785889,5.0,0.1542000025510788,0.3375000059604645,0.925000011920929,0.3147999942302704,0.07500000298023224,0.875,0.1527000069618225,0.10000000149011612,0.5874999761581421,0.5,0.5874999761581421,1.0,0.5,4.0,0.6499999761581421,0.017500000074505806,0.8999999761581421,0.18299999833106995,0.6625000238418579,0.1808999925851822,4226,17153,25602,8386,25730,12737,8386,38341,12802,29570,17089,4-2-3-1(2),25,11,2,16,9,14,1904,4,380,4,7,6,3,0,18,12,3
0.36000001430511475,0.3077000081539154,0.49950000643730164,0.6780999898910522,5.0,0.17499999701976776,0.375,0.925000011920929,0.35420000553131104,0.07500000298023224,0.875,0.17499999701976776,0.07500000298023224,0.5874999761581421,0.5,0.5874999761581421,1.0,0.5,4.0,0.6399999856948853,0.017500000074505806,0.925000011920929,0.20000000298023224,0.6625000238418579,0.20000000298023224,4161,17089,25669,8386,25602,12737,8386,38213,12737,29957,17025,4-2-3-1(2),25,11,2,16,9,14,1905,4,381,4,7,6,3,0,18,12,3
0.6560999751091003,0.3375000059604645,0.07500000298023224,0.675000011920929,4.0,0.15000000596046448,0.4749999940395355,0.3499999940395355,0.36250001192092896,0.925000011920929,0.824999988079071,0.14569999277591705,0.08110000193119049,0.4749999940395355,0.5,0.824999988079071,3.0,0.49950000643730164,3.0,0.5,0.017500000074505806,0.925000011920929,0.22130000591278076,0.875,0.22499999403953552,4226,21445,33794,8578,21185,12737,8578,33794,12865,38341,17153,4-3-3,27,13,3,23,10,6,1906,4,382,9,7,6,7,0,25,15,3
0.5,0.1851000040769577,0.38999998569488525,0.675000011920929,5.0,0.15000000596046448,0.3375000059604645,0.6600000262260437,0.5,0.34299999475479126,0.875,0.15000000596046448,0.328000009059906,0.4749999940395355,0.4984999895095825,0.4749999940395355,2.0,0.6000000238418579,3.0,0.10000000149011612,0.017899999395012856,0.902999997138977,0.14149999618530273,0.875,0.18889999389648438,4161,17089,21381,12737,21314,12737,8578,38275,12802,38213,8450,5-3-2,26,10,1,15,7,4,1907,4,383,31,6,5,24,0,24,13,3
0.3499999940395355,0.512499988079071,0.07500000298023224,0.637499988079071,4.0,0.16750000417232513,0.512499988079071,0.5,0.36250001192092896,0.925000011920929,0.824999988079071,0.16120000183582306,0.07500000298023224,0.6625000238418579,0.5,0.824999988079071,3.0,0.49950000643730164,3.0,0.6499999761581421,0.017500000074505806,0.925000011920929,0.20000000298023224,0.875,0.20000000298023224,4161,21381,33794,8578,29957,12737,8578,33794,12737,38405,21185,4-3-3,27,15,3,23,13,6,1908,4,384,11,7,6,4,0,25,18,3
0.9067999720573425,0.3375000059604645,0.49950000643730164,0.675000011920929,4.5,0.15000000596046448,0.6499999761581421,0.6499999761581421,0.32499998807907104,0.3499999940395355,0.875,0.15000000596046448,0.07500000298023224,0.512499988079071,0.5,0.512499988079071,1.0,0.10000000149011612,4.5,0.5,0.017500000074505806,0.925000011920929,0.20000000298023224,0.6108999848365784,0.20000000298023224,4161,25602,21314,8386,21445,12865,8450,38213,12802,25730,17089,4-1-4-1,25,12,2,15,10,15,1910,4,385,2,7,6,31,0,16,13,3
0.6499999761581421,0.6499999761581421,0.49950000643730164,0.675000011920929,4.0,0.15000000596046448,0.512499988079071,0.3499999940395355,0.32499998807907104,0.10000000149011612,0.875,0.15000000596046448,0.07500000298023224,0.512499988079071,0.5,0.6499999761581421,1.5,0.5,4.5,0.8999999761581421,0.017500000074505806,0.925000011920929,0.20000000298023224,0.625,0.20000000298023224,4161,21185,25602,8578,21314,12802,8450,38341,12737,29957,25602,4-4-1-1(2),25,13,2,16,12,14,1913,4,386,18,7,6,18,0,18,15,3
0.8999999761581421,0.375,0.49950000643730164,0.682200014591217,4.5,0.17499999701976776,0.6499999761581421,0.6600000262260437,0.32690000534057617,0.36000001430511475,0.875,0.16859999299049377,0.07500000298023224,0.5153999924659729,0.5,0.550000011920929,1.0,0.10000000149011612,4.5,0.5120999813079834,0.017500000074505806,0.925000011920929,0.20000000298023224,0.6499999761581421,0.20000000298023224,4161,25794,21314,8386,21445,12802,8450,38405,12737,25669,17025,4-1-4-1,25,12,2,15,10,15,1914,4,387,2,7,6,31,0,16,13,3
0.6499999761581421,0.5874999761581421,0.38999998569488525,0.675000011920929,4.0,0.15000000596046448,0.512499988079071,0.3499999940395355,0.32499998807907104,0.07500000298023224,0.875,0.15000000596046448,0.07500000298023224,0.512499988079071,0.5,0.5874999761581421,2.0,0.6000000238418579,4.0,0.925000011920929,0.017500000074505806,0.925000011920929,0.20000000298023224,0.875,0.20000000298023224,4226,21185,25669,8386,21314,12737,8578,38405,12737,38341,25602,4-4-2,26,13,2,16,12,10,1915,4,388,16,7,6,11,0,24,15,3
0.9121000170707703,0.3375000059604645,0.49950000643730164,0.7124999761581421,4.5,0.17499999701976776,0.5249999761581421,0.6499999761581421,0.2874999940395355,0.3499999940395355,0.875,0.17499999701976776,0.07500000298023224,0.512499988079071,0.5,0.512499988079071,1.0,0.08709999918937683,4.5,0.5,0.017500000074505806,0.925000011920929,0.20000000298023224,0.5271000266075134,0.20000000298023224,4161,25602,21314,8386,21314,12865,8386,38341,12737,25602,17089,4-1-4-1,25,12,2,15,10,15,1917,4,389,2,7,6,31,0,16,13,3
0.3499999940395355,0.3375000059604645,0.49950000643730164,0.7124999761581421,5.0,0.17499999701976776,0.3375000059604645,0.925000011920929,0.30379998683929443,0.07500000298023224,0.875,0.17499999701976776,0.07500000298023224,0.5874999761581421,0.5,0.5874999761581421,1.0,0.5,4.0,0.6499999761581421,0.017500000074505806,0.925000011920929,0.20000000298023224,0.6625000238418579,0.20000000298023224,4161,17089,25669,8450,25730,12737,8386,38213,12737,29570,17089,4-2-3-1(2),25,11,2,16,9,14,1919,4,390,4,7,6,3,0,18,12,3
0.3400000035762787,0.550000011920929,0.49950000643730164,0.5,3.0,0.15000000596046448,0.5457000136375427,0.07500000298023224,0.3208000063896179,0.800000011920929,0.875,0.1542000025510788,0.925000011920929,0.5874999761581421,0.5,0.6625000238418579,2.0,0.20000000298023224,5.0,0.6600000262260437,0.017500000074505806,0.6689000129699707,0.5874999761581421,0.6625000238418579,0.15000000596046448,4161,21185,29570,25730,25730,12737,12737,38405,12737,29570,21185,3-4-2-1,25,15,3,17,13,19,1923,5,391,24,12,6,21,0,19,16,4
0.3499999940395355,0.3375000059604645,0.49950000643730164,0.6830000281333923,5.0,0.14949999749660492,0.3375000059604645,0.9258000254631042,0.32919999957084656,0.07419999688863754,0.875,0.14949999749660492,0.10000000149011612,0.5861999988555908,0.5,0.5861999988555908,1.0,0.5,4.0,0.6499999761581421,0.017500000074505806,0.8999999761581421,0.19949999451637268,0.6625000238418579,0.19949999451637268,4161,17089,25794,8450,25602,12737,8450,38341,12737,29637,17089,4-2-3-1(2),25,11,2,16,9,14,1924,4,392,4,7,6,3,0,18,12,3
0.6499999761581421,0.5874999761581421,0.38999998569488525,0.6518999934196472,4.0,0.14949999749660492,0.512499988079071,0.3499999940395355,0.32690000534057617,0.07500000298023224,0.875,0.14949999749660492,0.07500000298023224,0.512499988079071,0.4970000088214874,0.5874999761581421,2.0,0.6000000238418579,4.0,0.925000011920929,0.014999999664723873,0.925000011920929,0.20000000298023224,0.875,0.22499999403953552,4161,21314,25602,8386,21185,12737,8386,38405,12737,38275,25602,4-4-2,26,13,2,16,12,10,1925,4,393,16,7,6,11,0,24,15,3
0.6499999761581421,0.5874999761581421,0.38999998569488525,0.6647999882698059,4.0,0.1729000061750412,0.512499988079071,0.3499999940395355,0.2874999940395355,0.07500000298023224,0.875,0.17499999701976776,0.07500000298023224,0.512499988079071,0.5,0.5874999761581421,2.0,0.6000000238418579,4.0,0.925000011920929,0.017500000074505806,0.925000011920929,0.20000000298023224,0.875,0.20000000298023224,4161,21314,25602,8578,21314,12737,8386,38213,12737,38405,25794,4-4-2,26,13,2,16,12,10,1926,4,394,16,7,6,11,0,24,15,3
0.6499999761581421,0.20000000298023224,0.07500000298023224,0.673799991607666,6.0,0.15000000596046448,0.512499988079071,0.3499999940395355,0.5,0.925000011920929,0.824999988079071,0.15000000596046448,0.30979999899864197,0.512499988079071,0.5,0.824999988079071,1.0,0.49950000643730164,3.0,0.07500000298023224,0.017500000074505806,0.925000011920929,0.15000000596046448,0.875,0.20000000298023224,4161,21314,33794,12737,21185,12737,8578,33989,12737,38213,8578,5-2-3,27,13,1,23,7,3,1928,4,395,30,6,5,36,0,25,15,3
0.3499999940395355,0.3375000059604645,0.5024999976158142,0.675000011920929,5.0,0.15000000596046448,0.3375000059604645,0.925000011920929,0.32499998807907104,0.07500000298023224,0.875,0.15000000596046448,0.07500000298023224,0.5874999761581421,0.5,0.5874999761581421,1.0,0.5,4.0,0.6499999761581421,0.017500000074505806,0.925000011920929,0.20000000298023224,0.6625000238418579,0.20000000298023224,4161,17089,25602,8578,25794,12737,8450,38341,12737,29570,17089,4-2-3-1(2),25,11,2,16,9,14,1929,4,396,4,7,6,3,0,18,12,3
0.6499999761581421,0.5874999761581421,0.38999998569488525,0.6678000092506409,4.0,0.15369999408721924,0.512499988079071,0.3499999940395355,0.3352000117301941,0.07500000298023224,0.875,0.1559000015258789,0.07500000298023224,0.512499988079071,0.5,0.5874999761581421,2.0,0.6000000238418579,4.0,0.925000011920929,0.017500000074505806,0.925000011920929,0.20000000298023224,0.875,0.20000000298023224,4161,21314,25602,8386,21314,12737,8386,38405,12865,38405,25602,4-4-2,26,13,2,16,12,10,1930,4,397,16,7,6,11,0,24,15,3
0.3499999940395355,0.3375000059604645,0.49950000643730164,0.6549000144004822,5.0,0.17499999701976776,0.3375000059604645,0.925000011920929,0.3450999855995178,0.07500000298023224,0.875,0.17499999701976776,0.10000000149011612,0.5874999761581421,0.5,0.5874999761581421,1.0,0.5,4.0,0.6499999761581421,0.017500000074505806,0.9067999720573425,0.22499999403953552,0.6625000238418579,0.22499999403953552,4161,17089,25602,8450,25602,12737,8578,38405,12737,29570,17089,4-2-3-1(2),25,11,2,16,9,14,1931,4,398,4,7,6,3,0,18,12,3
0.5,0.20000000298023224,0.38999998569488525,0.7124999761581421,5.0,0.16439999639987946,0.3375000059604645,0.6499999761581421,0.5,0.3499999940395355,0.875,0.164900004863739,0.2874999940395355,0.512499988079071,0.5,0.512499988079071,2.0,0.6000000238418579,3.0,0.07500000298023224,0.017500000074505806,0.925000011920929,0.16439999639987946,0.875,0.20000000298023224,4161,17089,21314,12737,21445,12737,8578,38405,12737,38213,8578,5-3-2,26,10,1,15,7,4,1932,4,399,31,6,5,24,0,24,13,3
0.925000011920929,0.3375000059604645,0.49950000643730164,0.6579999923706055,4.5,0.1729000061750412,0.5874999761581421,0.6499999761581421,0.34200000762939453,0.3499999940395355,0.875,0.17499999701976776,0.07500000298023224,0.512499988079071,0.5,0.512499988079071,1.0,0.07500000298023224,4.5,0.5,0.017500000074505806,0.925000011920929,0.20000000298023224,0.5874999761581421,0.20000000298023224,4161,25602,21445,8386,21314,12737,8386,38341,12865,25794,17089,4-1-4-1,25,12,2,15,10,15,1933,4,400,2,7,6,31,0,16,13,3
0.5,0.20000000298023224,0.38999998569488525,0.6729999780654907,5.0,0.14949999749660492,0.3375000059604645,0.6499999761581421,0.5,0.3499999940395355,0.875,0.15000000596046448,0.3231000006198883,0.512499988079071,0.5,0.512499988079071,2.0,0.6000000238418579,3.0,0.07500000298023224,0.017500000074505806,0.925000011920929,0.14949999749660492,0.875,0.20000000298023224,4161,17089,21314,12737,21314,12737,8578,38405,12737,38405,8578,5-3-2,26,10,1,15,7,4,1934,4,401,31,6,5,24,0,24,13,3
0.5,0.20000000298023224,0.38999998569488525,0.6488999724388123,5.0,0.14949999749660492,0.3375000059604645,0.6499999761581421,0.5,0.3499999940395355,0.875,0.15000000596046448,0.33899998664855957,0.512499988079071,0.5,0.512499988079071,2.0,0.6000000238418579,3.0,0.07500000298023224,0.017500000074505806,0.925000011920929,0.14949999749660492,0.875,0.20000000298023224,4161,17089,21381,12737,21314,12737,8578,38341,12737,38341,8578,5-3-2,26,10,1,15,7,4,1935,4,402,31,6,5,24,0,24,13,3
0.5,0.20000000298023224,0.38999998569488525,0.7071999907493591,5.0,0.14949999749660492,0.375,0.6600000262260437,0.5,0.3400000035762787,0.875,0.15000000596046448,0.299699991941452,0.5116999745368958,0.5,0.5116999745368958,2.0,0.6000000238418579,3.0,0.07500000298023224,0.017500000074505806,0.925000011920929,0.14949999749660492,0.875,0.20000000298023224,4161,17153,21314,12737,21314,12737,8578,38405,12737,38213,8578,5-3-2,26,10,1,15,7,4,1936,4,403,31,6,5,24,0,24,13,3
0.6499999761581421,0.20000000298023224,0.07500000298023224,0.6700999736785889,6.0,0.14949999749660492,0.5223000049591064,0.3529999852180481,0.5,0.925000011920929,0.824999988079071,0.15000000596046448,0.3328999876976013,0.5217999815940857,0.5,0.824999988079071,1.0,0.49950000643730164,3.0,0.07500000298023224,0.017500000074505806,0.925000011920929,0.149399995803833,0.875,0.20000000298023224,4161,21314,33989,12865,21381,12865,8578,33989,12737,38405,8578,5-2-3,27,13,1,23,7,3,1937,4,404,30,6,5,36,0,25,15,3
0.34700000286102295,0.375,0.49950000643730164,0.675000011920929,5.0,0.15000000596046448,0.3693999946117401,0.925000011920929,0.32499998807907104,0.07500000298023224,0.875,0.15000000596046448,0.07500000298023224,0.5874999761581421,0.5,0.5874999761581421,1.0,0.5,4.0,0.6499999761581421,0.017500000074505806,0.925000011920929,0.20000000298023224,0.6625000238418579,0.20000000298023224,4161,17089,25602,8578,25794,12737,8386,38341,12737,29570,17089,4-2-3-1(2),25,11,2,16,9,14,1938,4,405,4,7,6,3,0,18,12,3
0.5,0.20000000298023224,0.38999998569488525,0.675000011920929,5.0,0.15000000596046448,0.3375000059604645,0.6499999761581421,0.5,0.3499999940395355,0.875,0.15000000596046448,0.3330000042915344,0.512499988079071,0.5,0.512499988079071,2.0,0.6000000238418579,3.0,0.07500000298023224,0.017500000074505806,0.925000011920929,0.1559000015258789,0.875,0.20000000298023224,4161,17089,21445,12737,21445,12737,8450,38213,12737,38275,8578,5-3-2,26,10,1,15,7,4,1939,4,406,31,6,5,24,0,24,13,3
0.5,0.20000000298023224,0.38999998569488525,0.6669999957084656,5.0,0.16859999299049377,0.3375000059604645,0.6499999761581421,0.5,0.3499999940395355,0.875,0.15000000596046448,0.3330000042915344,0.512499988079071,0.5,0.512499988079071,2.0,0.6000000238418579,3.0,0.07500000298023224,0.017500000074505806,0.925000011920929,0.1665000021457672,0.875,0.20000000298023224,4161,17153,21314,12737,21314,12737,8578,38275,12737,38341,8450,5-3-2,26,10,1,15,7,4,1940,4,407,31,6,5,24,0,24,13,3
0.3499999940395355,0.3375000059604645,0.49950000643730164,0.6525999903678894,5.0,0.14949999749660492,0.3375000059604645,0.925000011920929,0.326200008392334,0.07500000298023224,0.875,0.14949999749660492,0.06889999657869339,0.5874999761581421,0.5,0.5874999761581421,1.0,0.5,4.0,0.6499999761581421,0.017500000074505806,0.925000011920929,0.22499999403953552,0.6625000238418579,0.2084999978542328,4161,17089,25602,8450,25794,12737,8386,38341,12802,29637,17089,4-2-3-1(2),25,11,2,16,9,14,1943,4,408,4,7,6,3,0,18,12,3
0.925000011920929,0.20000000298023224,0.49950000643730164,0.675000011920929,5.0,0.15000000596046448,0.5874999761581421,0.6499999761581421,0.5,0.3499999940395355,0.875,0.15000000596046448,0.32499998807907104,0.512499988079071,0.5,0.512499988079071,1.0,0.07500000298023224,4.0,0.07500000298023224,0.017500000074505806,0.925000011920929,0.15000000596046448,0.5874999761581421,0.20000000298023224,4161,25602,21314,12737,21314,12737,8450,38341,12737,25730,8386,5-4-1(2),25,12,0,15,7,5,1944,4,409,33,6,5,14,0,16,13,3
0.5,0.20000000298023224,0.38999998569488525,0.7124999761581421,5.0,0.15850000083446503,0.3375000059604645,0.6600000262260437,0.503000020980835,0.3400000035762787,0.875,0.13940000534057617,0.2874999940395355,0.550000011920929,0.5,0.550000011920929,2.0,0.6000000238418579,3.0,0.07500000298023224,0.017500000074505806,0.925000011920929,0.1543000042438507,0.875,0.20000000298023224,4161,17153,21445,12737,21314,12737,8578,38341,12737,38405,8578,5-3-2,26,10,1,15,7,4,1947,4,410,31,6,5,24,0,24,13,3
0.925000011920929,0.3375000059604645,0.49950000643730164,0.6890000104904175,4.5,0.15209999680519104,0.5874999761581421,0.6499999761581421,0.2874999940395355,0.3499999940395355,0.875,0.14790000021457672,0.07500000298023224,0.512499988079071,0.5,0.512499988079071,1.0,0.10000000149011612,4.5,0.5,0.017500000074505806,0.925000011920929,0.20000000298023224,0.6258000135421753,0.17499999701976776,4161,25602,21249,8386,21445,12737,8450,38341,12737,25602,17089,4-1-4-1,25,12,2,15,10,15,1951,4,411,2,7,6,31,0,16,13,3
0.6499999761581421,0.3375000059604645,0.07500000298023224,0.637499988079071,4.0,0.15209999680519104,0.512499988079071,0.3499999940395355,0.34619998931884766,0.925000011920929,0.824999988079071,0.15000000596046448,0.10000000149011612,0.512499988079071,0.5,0.824999988079071,3.0,0.5090000033378601,3.0,0.5,0.017500000074505806,0.9158999919891357,0.22499999403953552,0.8999999761581421,0.22499999403953552,4161,21314,33794,8450,21314,12737,8450,33794,12737,38341,17089,4-3-3,27,13,3,23,10,6,1952,4,412,9,7,6,7,0,25,15,3
0.3499999940395355,0.375,0.49950000643730164,0.6669999957084656,5.0,0.17499999701976776,0.375,0.9128999710083008,0.36250001192092896,0.10000000149011612,0.875,0.17499999701976776,0.09920000284910202,0.6342999935150146,0.5,0.6499999761581421,1.0,0.5,4.0,0.652999997138977,0.017500000074505806,0.9007999897003174,0.20000000298023224,0.6901999711990356,0.20000000298023224,4161,17089,25794,8450,25602,12737,8450,38341,12737,29570,17089,4-2-3-1(2),25,11,2,16,9,14,1958,4,413,4,7,6,3,0,18,12,3
0.3499999940395355,0.3375000059604645,0.49950000643730164,0.7124999761581421,5.0,0.16009999811649323,0.3375000059604645,0.925000011920929,0.2874999940395355,0.07500000298023224,0.875,0.16439999639987946,0.07500000298023224,0.5874999761581421,0.4970000088214874,0.5874999761581421,1.0,0.5,4.0,0.6499999761581421,0.014999999664723873,0.925000011920929,0.20000000298023224,0.6625000238418579,0.20000000298023224,4161,17153,25602,8450,25602,12737,8578,38341,12737,29570,17089,4-2-3-1(2),25,11,2,16,9,14,1960,4,414,4,7,6,3,0,18,12,3
0.3499999940395355,0.3375000059604645,0.49950000643730164,0.7124999761581421,5.0,0.14149999618530273,0.3375000059604645,0.925000011920929,0.2874999940395355,0.07500000298023224,0.875,0.125,0.07500000298023224,0.5874999761581421,0.5,0.5874999761581421,1.0,0.5,4.0,0.6499999761581421,0.017500000074505806,0.925000011920929,0.20000000298023224,0.6625000238418579,0.20000000298023224,4161,17089,25602,8450,25602,12737,8450,38213,12737,29570,17089,4-2-3-1(2),25,11,2,16,9,14,1961,4,415,4,7,6,3,0,18,12,3
0.3499999940395355,0.512499988079071,0.49950000643730164,0.5,3.0,0.15000000596046448,0.512499988079071,0.07500000298023224,0.2874999940395355,0.800000011920929,0.875,0.17499999701976776,0.925000011920929,0.5874999761581421,0.5,0.6625000238418579,2.0,0.20000000298023224,5.0,0.6499999761581421,0.015399999916553497,0.7124999761581421,0.5874999761581421,0.6625000238418579,0.17499999701976776,4161,21314,29570,25730,25730,12737,12737,38405,12737,29570,21249,3-4-2-1,25,15,3,17,13,19,1962,5,416,24,12,6,21,0,19,16,4
0.6499999761581421,0.6499999761581421,0.3799999952316284,0.671999990940094,4.0,0.14569999277591705,0.49970000982284546,0.3499999940395355,0.33709999918937683,0.09549999982118607,0.8500000238418579,0.15000000596046448,0.07500000298023224,0.49970000982284546,0.5,0.6499999761581421,2.0,0.6100000143051147,4.0,0.8999999761581421,0.017500000074505806,0.925000011920929,0.20000000298023224,0.875,0.20000000298023224,4161,21314,25602,8386,21314,12737,8450,38341,12737,38405,25669,4-4-2,26,13,2,16,12,10,1968,4,417,16,7,6,11,0,24,15,3
0.5,0.20000000298023224,0.38999998569488525,0.7124999761581421,5.0,0.17499999701976776,0.3375000059604645,0.6600000262260437,0.5,0.3400000035762787,0.875,0.15000000596046448,0.2874999940395355,0.5245000123977661,0.5,0.5223000049591064,2.0,0.6000000238418579,3.0,0.07500000298023224,0.017500000074505806,0.925000011920929,0.17499999701976776,0.875,0.20000000298023224,4161,17153,21445,12737,21445,12802,8386,38405,12802,38405,8386,5-3-2,26,10,1,15,7,4,2014,4,418,31,6,5,24,0,24,13,3
0.6499999761581421,0.5874999761581421,0.38999998569488525,0.675000011920929,4.0,0.15000000596046448,0.512499988079071,0.3499999940395355,0.32499998807907104,0.07500000298023224,0.875,0.15000000596046448,0.07500000298023224,0.512499988079071,0.5,0.5874999761581421,2.0,0.6000000238418579,4.0,0.925000011920929,0.017500000074505806,0.925000011920929,0.20000000298023224,0.875,0.20000000298023224,4226,21314,25602,8450,21185,12802,8450,38213,12802,38275,25602,4-4-2,26,13,2,16,12,10,2017,4,419,16,7,6,11,0,24,15,3
0.5,0.20000000298023224,0.38999998569488525,0.675000011920929,5.0,0.15000000596046448,0.3375000059604645,0.6499999761581421,0.5,0.3499999940395355,0.875,0.15000000596046448,0.32499998807907104,0.512499988079071,0.5,0.512499988079071,2.0,0.6000000238418579,3.0,0.07500000298023224,0.017500000074505806,0.925000011920929,0.15000000596046448,0.875,0.20000000298023224,4161,17089,21445,12737,21314,12802,8386,38405,12737,38341,8386,5-3-2,26,10,1,15,7,4,2041,4,420,31,6,5,24,0,24,13,3
0.6499999761581421,0.5874999761581421,0.38999998569488525,0.675000011920929,4.0,0.15000000596046448,0.512499988079071,0.3499999940395355,0.35409998893737793,0.07500000298023224,0.875,0.15479999780654907,0.05000000074505806,0.512499988079071,0.5,0.5874999761581421,2.0,0.6000000238418579,4.0,0.925000011920929,0.017500000074505806,0.949999988079071,0.20430000126361847,0.875,0.20640000700950623,4161,21314,25794,8386,21314,12737,8450,38405,12737,38405,25602,4-4-2,26,13,2,16,12,10,2055,4,421,16,7,6,11,0,24,15,3
0.925000011920929,0.20000000298023224,0.49000000953674316,0.7124999761581421,5.0,0.17499999701976776,0.5874999761581421,0.6600000262260437,0.503000020980835,0.3400000035762787,0.8813999891281128,0.17499999701976776,0.2874999940395355,0.550000011920929,0.5,0.550000011920929,1.0,0.07500000298023224,4.0,0.07500000298023224,0.017500000074505806,0.925000011920929,0.17499999701976776,0.5874999761581421,0.20000000298023224,4161,25602,21185,12737,21314,12802,8450,38405,12865,25794,8450,5-4-1(2),25,12,0,15,7,5,2056,4,422,33,6,5,14,0,16,13,3
0.6509000062942505,0.3375000059604645,0.07500000298023224,0.675000011920929,4.0,0.15000000596046448,0.5019000172615051,0.3409000039100647,0.3068000078201294,0.925000011920929,0.824999988079071,0.15209999680519104,0.07500000298023224,0.4749999940395355,0.5,0.824999988079071,3.0,0.49950000643730164,3.0,0.5,0.017500000074505806,0.925000011920929,0.20000000298023224,0.875,0.20000000298023224,4161,21381,33794,8386,21185,12737,8450,33794,12802,38341,17089,4-3-3,27,13,3,23,10,6,10020,4,423,9,7,6,7,0,25,15,3
0.6600000262260437,0.20000000298023224,0.3799999952316284,0.6870999932289124,6.0,0.1543000042438507,0.47760000824928284,0.34299999475479126,0.5,0.5,0.8967999815940857,0.15000000596046448,0.30979999899864197,0.5260999798774719,0.5,0.6625000238418579,2.0,0.6039000153541565,2.0,0.07500000298023224,0.017500000074505806,0.925000011920929,0.15639999508857727,0.8500000238418579,0.20000000298023224,4226,21314,29957,12802,21249,12802,8450,38405,12865,38341,8450,5-2-1-2,26,13,1,18,7,4,10029,4,424,29,6,5,35,0,24,15,3
0.36000001430511475,0.4749999940395355,0.49950000643730164,0.5,3.0,0.15000000596046448,0.4749999940395355,0.05000000074505806,0.2874999940395355,0.800000011920929,0.875,0.15000000596046448,0.949999988079071,0.5249999761581421,0.5,0.6625000238418579,2.0,0.20000000298023224,5.0,0.6600000262260437,0.017500000074505806,0.7124999761581421,0.5249999761581421,0.6625000238418579,0.15850000083446503,4226,21381,29957,25730,25730,12865,12802,38341,12802,29637,21185,3-4-2-1,25,15,3,17,13,19,10030,5,425,24,12,6,21,0,19,16,4
0.6499999761581421,0.3375000059604645,0.07500000298023224,0.7124999761581421,4.0,0.15000000596046448,0.512499988079071,0.3499999940395355,0.2874999940395355,0.925000011920929,0.824999988079071,0.15000000596046448,0.07500000298023224,0.512499988079071,0.5,0.824999988079071,3.0,0.49950000643730164,3.0,0.5,0.017500000074505806,0.925000011920929,0.20000000298023224,0.875,0.20000000298023224,4226,21249,33861,8386,21445,12802,8386,33794,12802,38213,17089,4-3-3,27,13,3,23,10,6,10032,4,426,9,7,6,7,0,25,15,3
0.6499999761581421,0.6499999761581421,0.38999998569488525,0.6761000156402588,4.0,0.1712999939918518,0.512499988079071,0.3499999940395355,0.30570000410079956,0.10000000149011612,0.875,0.17499999701976776,0.07500000298023224,0.512499988079071,0.5,0.6499999761581421,2.0,0.6000000238418579,4.0,0.8999999761581421,0.017500000074505806,0.925000011920929,0.20000000298023224,0.875,0.20000000298023224,4161,21314,25794,8386,21185,12737,8386,38275,12737,38405,25602,4-4-2,26,13,2,16,12,10,10846,4,427,16,7,6,11,0,24,15,3
0.6509000062942505,0.20000000298023224,0.07500000298023224,0.7124999761581421,6.0,0.17499999701976776,0.4749999940395355,0.34610000252723694,0.5,0.925000011920929,0.824999988079071,0.15000000596046448,0.2874999940395355,0.4749999940395355,0.503000020980835,0.824999988079071,1.0,0.49950000643730164,3.0,0.07500000298023224,0.017899999395012856,0.925000011920929,0.17499999701976776,0.875,0.20000000298023224,4161,21185,33794,12737,21314,12865,8578,33794,12737,38405,8578,5-2-3,27,13,1,23,7,3,15001,4,428,30,6,5,36,0,25,15,3
0.3499999940395355,0.512499988079071,0.38999998569488525,0.5,3.0,0.15000000596046448,0.512499988079071,0.08410000056028366,0.2874999940395355,0.4970000088214874,0.875,0.17499999701976776,0.9401999711990356,0.5249999761581421,0.5,0.6965000033378601,2.5,0.6000000238418579,4.5,0.6499999761581421,0.017500000074505806,0.7124999761581421,0.5249999761581421,0.875,0.17499999701976776,4226,21314,29570,25730,25730,12802,12737,38341,12737,38405,21314,3-4-1-2,26,15,4,18,13,1,15009,5,429,23,12,6,29,0,24,16,4
0.3499999940395355,0.3375000059604645,0.49950000643730164,0.6919999718666077,5.0,0.15000000596046448,0.3375000059604645,0.925000011920929,0.30079999566078186,0.07500000298023224,0.875,0.14790000021457672,0.07500000298023224,0.5874999761581421,0.5,0.5874999761581421,1.0,0.5,4.0,0.6499999761581421,0.017500000074505806,0.925000011920929,0.20000000298023224,0.6625000238418579,0.20000000298023224,4161,17089,25602,8450,25602,12737,8450,38341,12737,29570,17089,4-2-3-1(2),25,11,2,16,9,14,15015,4,430,4,7,6,3,0,18,12,3
0.3499999940395355,0.3375000059604645,0.49950000643730164,0.6586999893188477,5.0,0.14159999787807465,0.3375000059604645,0.925000011920929,0.33219999074935913,0.07500000298023224,0.875,0.1436000019311905,0.08110000193119049,0.5874999761581421,0.5,0.5874999761581421,1.0,0.5,4.0,0.6499999761581421,0.017500000074505806,0.921999990940094,0.22499999403953552,0.6625000238418579,0.22499999403953552,4161,17089,25669,8513,25669,12737,8513,38213,12802,29570,17089,4-2-3-1(2),25,11,2,16,9,14,15040,4,431,4,7,6,3,0,18,12,3
0.6399999856948853,0.5746999979019165,0.38999998569488525,0.675000011920929,4.0,0.15000000596046448,0.5112000107765198,0.3400000035762787,0.32499998807907104,0.10000000149011612,0.875,0.15000000596046448,0.07500000298023224,0.512499988079071,0.5,0.5534999966621399,2.0,0.6008999943733215,4.0,0.8999999761581421,0.017500000074505806,0.925000011920929,0.20000000298023224,0.875,0.20000000298023224,4161,21185,25794,8450,21381,12737,8450,38213,12737,38275,25602,4-4-2,26,13,2,16,12,10,15048,4,432,16,7,6,11,0,24,15,3
0.5,0.20000000298023224,0.38999998569488525,0.7124999761581421,5.0,0.17499999701976776,0.3375000059604645,0.6399999856948853,0.5,0.3560999929904938,0.875,0.15000000596046448,0.2874999940395355,0.504800021648407,0.5,0.5095999836921692,2.0,0.6000000238418579,3.0,0.07500000298023224,0.017500000074505806,0.925000011920929,0.17499999701976776,0.875,0.20000000298023224,4226,17089,21314,12737,21314,12737,8450,38405,12737,38275,8386,5-3-2,26,10,1,15,7,4,100081,4,433,31,6,5,24,0,24,13,3
0.3499999940395355,0.3375000059604645,0.49950000643730164,0.6579999923706055,5.0,0.1451999992132187,0.3375000059604645,0.949999988079071,0.34200000762939453,0.05000000074505806,0.875,0.14730000495910645,0.07500000298023224,0.5249999761581421,0.5,0.5249999761581421,1.0,0.5,4.0,0.6499999761581421,0.017500000074505806,0.925000011920929,0.20000000298023224,0.6625000238418579,0.20000000298023224,4161,17089,25602,8386,25794,12865,8450,38405,12737,29570,17089,4-2-3-1(2),25,11,2,16,9,14,100087,4,434,4,7,6,3,0,18,12,3
0.36000001430511475,0.47850000858306885,0.07500000298023224,0.6549000144004822,4.0,0.1729000061750412,0.4749999940395355,0.5,0.335999995470047,0.925000011920929,0.824999988079071,0.17499999701976776,0.07500000298023224,0.6625000238418579,0.5,0.824999988079071,3.0,0.49950000643730164,3.0,0.6600000262260437,0.017500000074505806,0.925000011920929,0.20000000298023224,0.875,0.20000000298023224,4161,21185,33794,8450,29570,12737,8386,33794,12737,38405,21249,4-3-3,27,15,3,23,13,6,100135,4,435,11,7,6,4,0,25,18,3
0.6600000262260437,0.3375000059604645,0.07500000298023224,0.6851999759674072,4.0,0.17499999701976776,0.550000011920929,0.36000001430511475,0.3239000141620636,0.925000011920929,0.824999988079071,0.17499999701976776,0.07500000298023224,0.550000011920929,0.5,0.824999988079071,3.0,0.49950000643730164,3.0,0.5,0.017500000074505806,0.925000011920929,0.20000000298023224,0.875,0.20000000298023224,4161,21381,33794,8386,21445,12737,8386,33989,12737,38405,17089,4-3-3,27,13,3,23,10,6,100325,4,436,9,7,6,7,0,25,15,3
0.5,0.20000000298023224,0.38999998569488525,0.7124999761581421,5.0,0.15209999680519104,0.3375000059604645,0.6600000262260437,0.5,0.3400000035762787,0.875,0.15000000596046448,0.2874999940395355,0.5146999955177307,0.5,0.5188999772071838,2.0,0.6000000238418579,3.0,0.07500000298023224,0.017500000074505806,0.925000011920929,0.15000000596046448,0.875,0.20000000298023224,4161,17089,21314,12802,21314,12737,8386,38405,12865,38213,8386,5-3-2,26,10,1,15,7,4,100409,4,437,31,6,5,24,0,24,13,3
0.3499999940395355,0.36730000376701355,0.49950000643730164,0.675000011920929,5.0,0.15000000596046448,0.375,0.925000011920929,0.32499998807907104,0.07500000298023224,0.875,0.15000000596046448,0.07500000298023224,0.5874999761581421,0.5,0.5874999761581421,1.0,0.5,4.0,0.6499999761581421,0.017500000074505806,0.925000011920929,0.20000000298023224,0.6625000238418579,0.20000000298023224,4161,17089,25602,8386,25794,12737,8450,38341,12865,29570,17089,4-2-3-1(2),25,11,2,16,9,14,100632,4,438,4,7,6,3,0,18,12,3
0.3499999940395355,0.3375000059604645,0.07500000298023224,0.675000011920929,4.0,0.15000000596046448,0.3375000059604645,0.5,0.32499998807907104,0.925000011920929,0.824999988079071,0.15000000596046448,0.07500000298023224,0.6625000238418579,0.5,0.824999988079071,3.0,0.49950000643730164,3.0,0.6499999761581421,0.017500000074505806,0.925000011920929,0.20000000298023224,0.875,0.20000000298023224,4161,17089,33794,8578,29570,12737,8450,33989,12865,38213,17089,4-2-1-3,27,11,3,23,9,18,100634,4,439,36,7,6,27,0,25,18,3
0.3499999940395355,0.3375000059604645,0.49950000643730164,0.675000011920929,5.0,0.15000000596046448,0.3375000059604645,0.8999999761581421,0.328000009059906,0.10000000149011612,0.875,0.15000000596046448,0.07500000298023224,0.6499999761581421,0.5,0.6194000244140625,1.0,0.5,4.0,0.6499999761581421,0.017500000074505806,0.925000011920929,0.20000000298023224,0.6625000238418579,0.20000000298023224,4161,17089,25669,8450,25794,12737,8450,38213,12802,29957,17153,4-2-3-1(2),25,11,2,16,9,14,100646,4,440,4,7,6,3,0,18,12,3
0.5,0.5281999707221985,0.07500000298023224,0.675000011920929,4.0,0.15000000596046448,0.512499988079071,0.3400000035762787,0.32499998807907104,0.925000011920929,0.824999988079071,0.15000000596046448,0.07500000298023224,0.5338000059127808,0.5,0.824999988079071,3.0,0.49950000643730164,3.0,0.6600000262260437,0.017500000074505806,0.925000011920929,0.20000000298023224,0.875,0.20000000298023224,4161,21185,33794,8450,21445,12737,8578,33794,12737,38405,21314,4-3-3,27,14,3,23,13,6,100757,4,441,8,7,6,17,0,25,15,3
0.3499999940395355,0.3375000059604645,0.07500000298023224,0.675000011920929,4.0,0.15000000596046448,0.3375000059604645,0.5,0.32499998807907104,0.925000011920929,0.824999988079071,0.15000000596046448,0.07500000298023224,0.6625000238418579,0.5,0.824999988079071,3.0,0.49950000643730164,3.0,0.6499999761581421,0.017500000074505806,0.925000011920929,0.20000000298023224,0.875,0.20000000298023224,4161,17089,33794,8450,29637,12737,8450,33989,12737,38405,17089,4-2-1-3,27,11,3,23,9,18,100761,4,442,36,7,6,27,0,25,18,3
0.5,0.20000000298023224,0.38999998569488525,0.675000011920929,5.0,0.14790000021457672,0.3375000059604645,0.6499999761581421,0.5,0.3499999940395355,0.875,0.15000000596046448,0.32499998807907104,0.512499988079071,0.5,0.512499988079071,2.0,0.6000000238418579,3.0,0.07500000298023224,0.017500000074505806,0.925000011920929,0.15000000596046448,0.875,0.20000000298023224,4161,17089,21445,12737,21314,12737,8450,38341,12737,38213,8450,5-3-2,26,10,1,15,7,4,100804,4,443,31,6,5,24,0,24,13,3
0.5,0.20000000298023224,0.38999998569488525,0.675000011920929,5.0,0.15000000596046448,0.3375000059604645,0.6499999761581421,0.5,0.3499999940395355,0.875,0.15000000596046448,0.32499998807907104,0.512499988079071,0.5,0.512499988079071,2.0,0.6000000238418579,3.0,0.07500000298023224,0.017500000074505806,0.925000011920929,0.15000000596046448,0.875,0.20000000298023224,4161,17153,21314,12737,21314,12737,8450,38341,12737,38405,8450,5-3-2,26,10,1,15,7,4,100805,4,444,31,6,5,24,0,24,13,3
0.4970000088214874,0.550000011920929,0.10000000149011612,0.6538000106811523,4.0,0.15000000596046448,0.4749999940395355,0.3400000035762787,0.3431999981403351,0.8999999761581421,0.7749999761581421,0.15000000596046448,0.07500000298023224,0.550000011920929,0.5,0.7749999761581421,3.0,0.49950000643730164,3.0,0.6600000262260437,0.017500000074505806,0.925000011920929,0.20000000298023224,0.875,0.20000000298023224,4161,21185,33794,8450,21314,12737,8386,33989,12737,38405,21314,4-3-3,27,14,3,23,13,6,100851,4,445,8,7,6,17,0,25,15,3
0.5,0.20000000298023224,0.38999998569488525,0.675000011920929,5.0,0.15000000596046448,0.3375000059604645,0.6499999761581421,0.5,0.3499999940395355,0.875,0.15000000596046448,0.32499998807907104,0.512499988079071,0.5,0.512499988079071,2.0,0.6000000238418579,3.0,0.07500000298023224,0.017500000074505806,0.925000011920929,0.15000000596046448,0.875,0.20000000298023224,4161,17153,21185,12737,21314,12737,8386,38405,12737,38405,8450,5-3-2,26,10,1,15,7,4,100852,4,446,31,6,5,24,0,24,13,3
0.3499999940395355,0.3375000059604645,0.49950000643730164,0.7113999724388123,5.0,0.17499999701976776,0.3375000059604645,0.8999999761581421,0.31700000166893005,0.10000000149011612,0.875,0.17499999701976776,0.10000000149011612,0.6499999761581421,0.5,0.6499999761581421,1.0,0.5,4.0,0.6499999761581421,0.017500000074505806,0.925000011920929,0.2084999978542328,0.6625000238418579,0.20000000298023224,4161,17089,25669,8386,25602,12737,8450,38405,12737,29570,17153,4-2-3-1(2),25,11,2,16,9,14,100888,4,447,4,7,6,3,0,18,12,3
0.9257000088691711,0.375,0.49950000643730164,0.675000011920929,4.5,0.15000000596046448,0.6499999761581421,0.6399999856948853,0.32499998807907104,0.36000001430511475,0.875,0.15000000596046448,0.10000000149011612,0.550000011920929,0.5,0.550000011920929,1.0,0.08940000087022781,4.5,0.5,0.017500000074505806,0.8999999761581421,0.22499999403953552,0.6499999761581421,0.22499999403953552,4161,25669,21445,8513,21314,12737,8386,38213,12737,25794,17089,4-1-4-1,25,12,2,15,10,15,101014,4,448,2,7,6,31,0,16,13,3
0.3499999940395355,0.375,0.499099999666214,0.6507999897003174,5.0,0.15000000596046448,0.3630000054836273,0.9189000129699707,0.3492000102996826,0.10000000149011612,0.8999999761581421,0.15000000596046448,0.07500000298023224,0.6499999761581421,0.5,0.6499999761581421,1.0,0.503600001335144,4.0,0.6600000262260437,0.017500000074505806,0.925000011920929,0.20000000298023224,0.6660000085830688,0.20000000298023224,4161,17089,25602,8578,25794,12737,8450,38341,12865,29637,17089,4-2-3-1(2),25,11,2,16,9,14,101016,4,449,4,7,6,3,0,18,12,3
0.3499999940395355,0.3375000059604645,0.49950000643730164,0.637499988079071,5.0,0.16279999911785126,0.3375000059604645,0.9121000170707703,0.36250001192092896,0.10000000149011612,0.875,0.16279999911785126,0.07500000298023224,0.6499999761581421,0.5,0.6499999761581421,1.0,0.5,4.0,0.6499999761581421,0.017500000074505806,0.925000011920929,0.20000000298023224,0.6625000238418579,0.20000000298023224,4161,17089,25794,8450,25794,12737,8450,38341,12737,29570,17089,4-2-3-1(2),25,11,2,16,9,14,101020,4,450,4,7,6,3,0,18,12,3
0.5,0.20000000298023224,0.38999998569488525,0.675000011920929,5.0,0.15000000596046448,0.3375000059604645,0.6499999761581421,0.5,0.3499999940395355,0.875,0.15000000596046448,0.32499998807907104,0.512499988079071,0.5,0.512499988079071,2.0,0.6000000238418579,3.0,0.07500000298023224,0.017500000074505806,0.925000011920929,0.15000000596046448,0.875,0.20000000298023224,4161,17089,21314,12737,21314,12737,8386,38405,12737,38405,8450,5-3-2,26,10,1,15,7,4,101026,4,451,31,6,5,24,0,24,13,3
0.925000011920929,0.3375000059604645,0.49950000643730164,0.675000011920929,4.5,0.15000000596046448,0.5874999761581421,0.6499999761581421,0.32499998807907104,0.3499999940395355,0.875,0.15000000596046448,0.07500000298023224,0.512499988079071,0.5,0.512499988079071,1.0,0.07500000298023224,4.5,0.5,0.017500000074505806,0.925000011920929,0.20000000298023224,0.5874999761581421,0.20000000298023224,4161,25602,21445,8450,21185,12737,8513,38341,12737,25602,17089,4-1-4-1,25,12,2,15,10,15,101028,4,452,2,7,6,31,0,16,13,3
0.36000001430511475,0.375,0.4964999854564667,0.6466000080108643,5.0,0.15209999680519104,0.3310999870300293,0.9060999751091003,0.36250001192092896,0.10000000149011612,0.8999999761581421,0.1606999933719635,0.07500000298023224,0.6499999761581421,0.5,0.6499999761581421,1.0,0.503000020980835,4.0,0.6399999856948853,0.017500000074505806,0.925000011920929,0.20000000298023224,0.6446999907493591,0.20000000298023224,4161,17089,25602,8578,25602,12737,8386,38341,12737,29570,17089,4-2-3-1(2),25,11,2,16,9,14,101033,4,453,4,7,6,3,0,18,12,3
0.36000001430511475,0.375,0.49950000643730164,0.675000011920929,5.0,0.15000000596046448,0.375,0.925000011920929,0.32499998807907104,0.07500000298023224,0.875,0.15000000596046448,0.07500000298023224,0.6499999761581421,0.5,0.6499999761581421,1.0,0.5,4.0,0.6499999761581421,0.017500000074505806,0.925000011920929,0.22499999403953552,0.6446999907493591,0.22499999403953552,4161,17089,25602,8450,25794,12865,8450,38341,12865,29570,17089,4-2-3-1(2),25,11,2,16,9,14,101037,4,454,4,7,6,3,0,18,12,3
0.3499999940395355,0.3375000059604645,0.49950000643730164,0.675000011920929,5.0,0.15000000596046448,0.3375000059604645,0.925000011920929,0.32499998807907104,0.07500000298023224,0.875,0.15000000596046448,0.07500000298023224,0.5874999761581421,0.5,0.5874999761581421,1.0,0.5,4.0,0.6499999761581421,0.017500000074505806,0.925000011920929,0.20000000298023224,0.6625000238418579,0.20000000298023224,4161,17089,25602,8450,25669,12737,8386,38341,12737,29570,17089,4-2-3-1(2),25,11,2,16,9,14,101041,4,455,4,7,6,3,0,18,12,3
0.925000011920929,0.3375000059604645,0.49950000643730164,0.675000011920929,4.5,0.15000000596046448,0.5874999761581421,0.6499999761581421,0.32499998807907104,0.3499999940395355,0.875,0.15000000596046448,0.07500000298023224,0.512499988079071,0.5,0.512499988079071,1.0,0.07500000298023224,4.5,0.5,0.017500000074505806,0.925000011920929,0.20000000298023224,0.5874999761581421,0.20000000298023224,4161,25669,21381,8386,21381,12737,8386,38405,12865,25602,17089,4-1-4-1,25,12,2,15,10,15,101047,4,456,2,7,6,31,0,16,13,3
0.925000011920929,0.3375000059604645,0.49950000643730164,0.675000011920929,4.5,0.15000000596046448,0.5874999761581421,0.6499999761581421,0.32499998807907104,0.3499999940395355,0.875,0.15000000596046448,0.07500000298023224,0.512499988079071,0.5,0.512499988079071,1.0,0.07500000298023224,4.5,0.5,0.017500000074505806,0.925000011920929,0.20000000298023224,0.5874999761581421,0.20000000298023224,4161,25794,21381,8386,21381,12737,8386,38405,12865,25602,17089,4-1-4-1,25,12,2,15,10,15,101059,4,457,2,7,6,31,0,16,13,3
0.3499999940395355,0.3375000059604645,0.49950000643730164,0.7124999761581421,5.0,0.14790000021457672,0.3375000059604645,0.925000011920929,0.2874999940395355,0.07500000298023224,0.875,0.15000000596046448,0.07500000298023224,0.5874999761581421,0.5,0.5874999761581421,1.0,0.5,4.0,0.6499999761581421,0.017500000074505806,0.925000011920929,0.20000000298023224,0.6625000238418579,0.20000000298023224,4161,17089,25794,8386,25669,12802,8578,38405,12737,29570,17089,4-2-3-1(2),25,11,2,16,9,14,101083,4,458,4,7,6,3,0,18,12,3
0.6499999761581421,0.3375000059604645,0.07500000298023224,0.6610000133514404,4.0,0.17499999701976776,0.512499988079071,0.3499999940395355,0.3571999967098236,0.925000011920929,0.824999988079071,0.17499999701976776,0.07500000298023224,0.512499988079071,0.5,0.824999988079071,3.0,0.49950000643730164,3.0,0.5,0.017500000074505806,0.925000011920929,0.20000000298023224,0.875,0.20000000298023224,4161,21314,33794,8386,21445,12802,8450,33794,12737,38405,17089,4-3-3,27,13,3,23,10,6,101084,4,459,9,7,6,7,0,25,15,3
0.6499999761581421,0.3375000059604645,0.07500000298023224,0.6791999936103821,4.0,0.17499999701976776,0.512499988079071,0.3499999940395355,0.3328999876976013,0.925000011920929,0.824999988079071,0.17499999701976776,0.07500000298023224,0.512499988079071,0.5,0.824999988079071,3.0,0.49950000643730164,3.0,0.5,0.017500000074505806,0.925000011920929,0.20000000298023224,0.875,0.20000000298023224,4161,21314,33989,8386,21314,12865,8386,33794,12865,38213,17089,4-3-3,27,13,3,23,10,6,101085,4,460,9,7,6,7,0,25,15,3
0.3400000035762787,0.375,0.499099999666214,0.6912999749183655,5.0,0.17499999701976776,0.3643999993801117,0.9182000160217285,0.31779998540878296,0.08179999887943268,0.8669999837875366,0.17499999701976776,0.07729999721050262,0.5989999771118164,0.5,0.6031000018119812,1.0,0.49950000643730164,4.0,0.6600000262260437,0.017500000074505806,0.919700026512146,0.22499999403953552,0.6625000238418579,0.21220000088214874,4161,17089,25730,8450,25602,12737,8386,38341,12737,29637,17089,4-2-3-1(2),25,11,2,16,9,14,101088,4,461,4,7,6,3,0,18,12,3
0.3499999940395355,0.3375000059604645,0.38999998569488525,0.6689000129699707,4.0,0.16220000386238098,0.3375000059604645,0.925000011920929,0.3601999878883362,0.07500000298023224,0.875,0.1665000021457672,0.07500000298023224,0.5874999761581421,0.5,0.5874999761581421,2.0,0.6000000238418579,4.0,0.6499999761581421,0.017500000074505806,0.925000011920929,0.20000000298023224,0.875,0.20000000298023224,4161,17089,25669,8386,25794,12737,8450,38405,12865,38405,17089,4-4-2(2),26,11,2,16,9,10,101099,4,462,17,7,6,12,0,24,12,3
0.3499999940395355,0.3375000059604645,0.49950000643730164,0.637499988079071,5.0,0.17499999701976776,0.3375000059604645,0.925000011920929,0.36250001192092896,0.07500000298023224,0.875,0.17499999701976776,0.07500000298023224,0.5874999761581421,0.5,0.5874999761581421,1.0,0.5,4.0,0.6499999761581421,0.017500000074505806,0.925000011920929,0.20000000298023224,0.6625000238418579,0.20000000298023224,4161,17089,25602,8450,25602,12737,8578,38405,12865,29570,17089,4-2-3-1(2),25,11,2,16,9,14,101100,4,463,4,7,6,3,0,18,12,3
0.3499999940395355,0.3375000059604645,0.49950000643730164,0.6739000082015991,5.0,0.15209999680519104,0.3375000059604645,0.925000011920929,0.32499998807907104,0.07500000298023224,0.875,0.15000000596046448,0.07500000298023224,0.5874999761581421,0.5,0.5874999761581421,1.0,0.5,4.0,0.6499999761581421,0.017500000074505806,0.925000011920929,0.20000000298023224,0.6625000238418579,0.20000000298023224,4161,17153,25669,8450,25602,12737,8386,38341,12802,29637,17089,4-2-3-1(2),25,11,2,16,9,14,101101,4,464,4,7,6,3,0,18,12,3
0.3499999940395355,0.3375000059604645,0.38999998569488525,0.675000011920929,4.0,0.15000000596046448,0.3375000059604645,0.925000011920929,0.32499998807907104,0.07500000298023224,0.875,0.15000000596046448,0.07500000298023224,0.5874999761581421,0.5,0.5874999761581421,2.0,0.6000000238418579,4.0,0.6499999761581421,0.017500000074505806,0.925000011920929,0.20000000298023224,0.875,0.20000000298023224,4161,17089,25602,8513,25602,12802,8386,38405,12737,38405,17089,4-4-2(2),26,11,2,16,9,10,101103,4,465,17,7,6,12,0,24,12,3
0.3499999940395355,0.3375000059604645,0.38999998569488525,0.675000011920929,5.0,0.15000000596046448,0.3375000059604645,0.800000011920929,0.32499998807907104,0.20000000298023224,0.875,0.15000000596046448,0.07500000298023224,0.6625000238418579,0.5,0.6625000238418579,2.0,0.6000000238418579,3.0,0.6499999761581421,0.017500000074505806,0.925000011920929,0.20000000298023224,0.875,0.20000000298023224,4161,17025,29637,8450,29570,12737,8386,38405,12802,38341,17089,4-2-2-2,26,11,2,19,9,10,101105,4,466,13,7,6,32,0,24,17,3
0.6499999761581421,0.5874999761581421,0.38999998569488525,0.675000011920929,4.0,0.15000000596046448,0.512499988079071,0.3499999940395355,0.32499998807907104,0.07500000298023224,0.875,0.15000000596046448,0.10000000149011612,0.512499988079071,0.5,0.5874999761581421,2.0,0.6000000238418579,4.0,0.925000011920929,0.017500000074505806,0.925000011920929,0.22499999403953552,0.875,0.20000000298023224,4226,21314,25794,8386,21249,12737,8450,38405,12865,38275,25602,4-4-2,26,13,2,16,12,10,101108,4,467,16,7,6,11,0,24,15,3
0.6600000262260437,0.5874999761581421,0.49950000643730164,0.675000011920929,4.0,0.15000000596046448,0.550000011920929,0.3400000035762787,0.32499998807907104,0.07500000298023224,0.875,0.15000000596046448,0.07500000298023224,0.550000011920929,0.5,0.5874999761581421,1.5,0.5,4.5,0.925000011920929,0.017500000074505806,0.925000011920929,0.20000000298023224,0.6625000238418579,0.20000000298023224,4161,21185,25602,8386,21314,12802,8450,38405,12737,29957,25602,4-4-1-1(2),25,13,2,16,12,14,101110,4,468,18,7,6,18,0,18,15,3
0.6600000262260437,0.5874999761581421,0.38999998569488525,0.5,3.5,0.15000000596046448,0.5019000172615051,0.3400000035762787,0.2874999940395355,0.07500000298023224,0.875,0.17499999701976776,0.5,0.5393999814987183,0.5,0.5874999761581421,2.0,0.5899999737739563,4.5,0.925000011920929,0.017500000074505806,0.7124999761581421,0.3375000059604645,0.8500000238418579,0.17499999701976776,4161,21249,25602,17025,21445,12737,12737,38213,12865,38275,25794,3-1-4-2,26,13,3,16,12,1,101112,5,469,22,10,6,28,0,24,15,4
0.3499999940395355,0.3375000059604645,0.07500000298023224,0.7124999761581421,4.0,0.17499999701976776,0.3375000059604645,0.5,0.2874999940395355,0.925000011920929,0.824999988079071,0.17499999701976776,0.07500000298023224,0.6625000238418579,0.5,0.824999988079071,3.0,0.49950000643730164,3.0,0.6499999761581421,0.017500000074505806,0.925000011920929,0.20000000298023224,0.8644000291824341,0.20000000298023224,4161,17153,33861,8513,29957,12802,8450,33989,12737,38405,17089,4-2-1-3,27,11,3,23,9,18,105035,4,470,36,7,6,27,0,25,18,3
0.3400000035762787,0.37369999289512634,0.49950000643730164,0.7124999761581421,5.0,0.17499999701976776,0.375,0.8999999761581421,0.2874999940395355,0.10000000149011612,0.875,0.17499999701976776,0.07500000298023224,0.6499999761581421,0.5,0.6499999761581421,1.0,0.5,4.0,0.6600000262260437,0.017500000074505806,0.925000011920929,0.20000000298023224,0.6625000238418579,0.20000000298023224,4161,17153,25602,8450,25602,12737,8386,38213,12865,29570,17089,4-2-3-1(2),25,11,2,16,9,14,110062,4,471,4,7,6,3,0,18,12,3
0.5,0.20000000298023224,0.38999998569488525,0.7124999761581421,5.0,0.17499999701976776,0.3375000059604645,0.6499999761581421,0.5,0.3499999940395355,0.875,0.15000000596046448,0.2874999940395355,0.512499988079071,0.5,0.512499988079071,2.0,0.6000000238418579,3.0,0.07500000298023224,0.017500000074505806,0.925000011920929,0.16439999639987946,0.875,0.20000000298023224,4161,17089,21314,12737,21314,12737,8386,38405,12737,38405,8450,5-3-2,26,10,1,15,7,4,110069,4,472,31,6,5,24,0,24,13,3
0.6499999761581421,0.3375000059604645,0.07500000298023224,0.675000011920929,4.0,0.15000000596046448,0.512499988079071,0.3499999940395355,0.32499998807907104,0.925000011920929,0.824999988079071,0.15000000596046448,0.07500000298023224,0.512499988079071,0.5,0.824999988079071,3.0,0.49950000643730164,3.0,0.5,0.017500000074505806,0.925000011920929,0.20000000298023224,0.875,0.20000000298023224,4161,21314,33794,8386,21314,12737,8450,33861,12737,38341,17025,4-3-3,27,13,3,23,10,6,110072,4,473,9,7,6,7,0,25,15,3
0.6499999761581421,0.3375000059604645,0.07500000298023224,0.675000011920929,4.0,0.15000000596046448,0.512499988079071,0.3499999940395355,0.32499998807907104,0.925000011920929,0.824999988079071,0.15000000596046448,0.07500000298023224,0.512499988079071,0.5,0.824999988079071,3.0,0.49950000643730164,3.0,0.5,0.017500000074505806,0.925000011920929,0.20000000298023224,0.875,0.20000000298023224,4161,21314,33861,8513,21185,12737,8386,33861,12737,38405,17089,4-3-3,27,13,3,23,10,6,110075,4,474,9,7,6,7,0,25,15,3
0.3499999940395355,0.3375000059604645,0.07500000298023224,0.675000011920929,4.0,0.15000000596046448,0.3375000059604645,0.5,0.32499998807907104,0.925000011920929,0.824999988079071,0.15000000596046448,0.07500000298023224,0.512499988079071,0.5,0.824999988079071,3.0,0.49950000643730164,3.0,0.6499999761581421,0.017500000074505806,0.925000011920929,0.20000000298023224,0.875,0.20000000298023224,4161,17089,33794,8386,21314,12737,8386,33989,12802,38213,17089,4-3-3,27,11,3,23,9,6,110078,4,475,10,7,6,5,0,25,14,3
0.6399999856948853,0.22499999403953552,0.07500000298023224,0.7124999761581421,6.0,0.17499999701976776,0.4749999940395355,0.36000001430511475,0.5,0.925000011920929,0.824999988079071,0.17499999701976776,0.2874999940395355,0.4749999940395355,0.5,0.824999988079071,1.0,0.5090000033378601,3.0,0.07500000298023224,0.017500000074505806,0.925000011920929,0.17499999701976776,0.8999999761581421,0.22499999403953552,4161,21314,33989,12737,21314,12737,8578,33989,12737,38405,8578,5-2-3,27,13,1,23,7,3,110081,4,476,30,6,5,36,0,25,15,3
0.6499999761581421,0.3375000059604645,0.07500000298023224,0.7124999761581421,4.0,0.17499999701976776,0.512499988079071,0.3499999940395355,0.2874999940395355,0.925000011920929,0.824999988079071,0.17499999701976776,0.07500000298023224,0.512499988079071,0.5030999779701233,0.824999988079071,3.0,0.49950000643730164,3.0,0.5,0.019999999552965164,0.925000011920929,0.20000000298023224,0.875,0.20000000298023224,4161,21314,33794,8450,21445,12802,8386,33989,12865,38405,17089,4-3-3,27,13,3,23,10,6,110093,4,477,9,7,6,7,0,25,15,3
0.3499999940395355,0.512499988079071,0.49950000643730164,0.5,3.0,0.15000000596046448,0.512499988079071,0.07500000298023224,0.32499998807907104,0.800000011920929,0.875,0.15000000596046448,0.925000011920929,0.5874999761581421,0.5,0.6625000238418579,2.0,0.20000000298023224,5.0,0.6499999761581421,0.017500000074505806,0.675000011920929,0.5874999761581421,0.6625000238418579,0.15000000596046448,4161,21314,29570,25730,25730,12737,12737,38341,12737,29957,21314,3-4-2-1,25,15,3,17,13,19,110176,5,478,24,12,6,21,0,19,16,4
0.3499999940395355,0.512499988079071,0.07500000298023224,0.5,3.0,0.15000000596046448,0.512499988079071,0.07500000298023224,0.32499998807907104,0.925000011920929,0.824999988079071,0.15000000596046448,0.925000011920929,0.5874999761581421,0.5,0.824999988079071,3.0,0.49950000643730164,4.0,0.6499999761581421,0.017500000074505806,0.671999990940094,0.5874999761581421,0.875,0.14790000021457672,4226,21314,33794,25602,25602,12737,12737,33794,12737,38213,21381,3-4-3,27,15,4,23,13,0,110178,5,479,25,12,6,2,0,25,16,4
0.3499999940395355,0.512499988079071,0.49950000643730164,0.5,3.0,0.15000000596046448,0.512499988079071,0.07500000298023224,0.32499998807907104,0.800000011920929,0.875,0.15000000596046448,0.925000011920929,0.5874999761581421,0.5,0.6625000238418579,2.0,0.20000000298023224,5.0,0.6499999761581421,0.017500000074505806,0.675000011920929,0.5874999761581421,0.6625000238418579,0.15000000596046448,4161,21185,29570,25602,25730,12802,12737,38341,12737,29570,21314,3-4-2-1,25,15,3,17,13,19,110206,5,480,24,12,6,21,0,19,16,4
0.3400000035762787,0.375,0.4964999854564667,0.675000011920929,5.0,0.15000000596046448,0.375,0.8999999761581421,0.32499998807907104,0.10000000149011612,0.8999999761581421,0.15000000596046448,0.07500000298023224,0.6499999761581421,0.5,0.6499999761581421,1.0,0.5,4.0,0.6600000262260437,0.017500000074505806,0.925000011920929,0.20000000298023224,0.6625000238418579,0.20000000298023224,4161,17153,25794,8450,25602,12737,8386,38405,12737,29570,17089,4-2-3-1(2),25,11,2,16,9,14,110242,4,481,4,7,6,3,0,18,12,3
0.6499999761581421,0.20000000298023224,0.07500000298023224,0.675000011920929,6.0,0.15000000596046448,0.512499988079071,0.3499999940395355,0.5,0.925000011920929,0.824999988079071,0.15000000596046448,0.32499998807907104,0.512499988079071,0.5,0.824999988079071,1.0,0.49950000643730164,3.0,0.07500000298023224,0.017500000074505806,0.925000011920929,0.15000000596046448,0.875,0.20000000298023224,4161,21185,33989,12737,21314,12737,8578,33989,12737,38405,8578,5-2-3,27,13,1,23,7,3,110313,4,482,30,6,5,36,0,25,15,3
0.3499999940395355,0.3375000059604645,0.49950000643730164,0.675000011920929,5.0,0.15000000596046448,0.3375000059604645,0.925000011920929,0.32499998807907104,0.07500000298023224,0.875,0.15000000596046448,0.07500000298023224,0.5874999761581421,0.5,0.5874999761581421,1.0,0.5,4.0,0.6499999761581421,0.017500000074505806,0.925000011920929,0.20000000298023224,0.6625000238418579,0.20000000298023224,4161,17089,25602,8450,25602,12737,8386,38405,12737,29570,17089,4-2-3-1(2),25,11,2,16,9,14,110321,4,483,4,7,6,3,0,18,12,3
0.36000001430511475,0.550000011920929,0.07500000298023224,0.5,3.0,0.15000000596046448,0.550000011920929,0.07500000298023224,0.31779998540878296,0.925000011920929,0.824999988079071,0.17499999701976776,0.925000011920929,0.5874999761581421,0.5044999718666077,0.824999988079071,3.0,0.49950000643730164,4.0,0.6499999761581421,0.019999999552965164,0.6791999936103821,0.5874999761581421,0.875,0.17499999701976776,4226,21314,33989,25730,25730,12865,12737,33989,12737,38275,21314,3-4-3,27,15,4,23,13,0,110329,5,484,25,12,6,2,0,25,16,4
0.5,0.512499988079071,0.07500000298023224,0.637499988079071,4.0,0.17499999701976776,0.512499988079071,0.3499999940395355,0.36250001192092896,0.925000011920929,0.824999988079071,0.17499999701976776,0.07500000298023224,0.512499988079071,0.5,0.824999988079071,3.0,0.49950000643730164,3.0,0.6499999761581421,0.017500000074505806,0.925000011920929,0.20000000298023224,0.875,0.20000000298023224,4226,21185,33794,8386,21249,12737,8513,33794,12865,38213,21314,4-3-3,27,14,3,23,13,6,110373,4,485,8,7,6,17,0,25,15,3
0.3499999940395355,0.512499988079071,0.49950000643730164,0.5,3.0,0.15000000596046448,0.512499988079071,0.07500000298023224,0.36250001192092896,0.800000011920929,0.875,0.125,0.925000011920929,0.5874999761581421,0.5,0.6625000238418579,2.0,0.20000000298023224,5.0,0.6499999761581421,0.017500000074505806,0.637499988079071,0.5874999761581421,0.6625000238418579,0.125,4161,21381,29570,25794,25602,12737,12802,38341,12737,29637,21249,3-4-2-1,25,15,3,17,13,19,110374,5,486,24,12,6,21,0,19,16,4
0.3499999940395355,0.3375000059604645,0.49950000643730164,0.6578999757766724,5.0,0.17499999701976776,0.3375000059604645,0.925000011920929,0.33899998664855957,0.07500000298023224,0.875,0.17499999701976776,0.07500000298023224,0.5874999761581421,0.5,0.5874999761581421,1.0,0.5,4.0,0.6499999761581421,0.017500000074505806,0.925000011920929,0.20000000298023224,0.6625000238418579,0.20000000298023224,4161,17089,25669,8386,25669,12865,8450,38405,12737,29570,17025,4-2-3-1(2),25,11,2,16,9,14,110395,4,487,4,7,6,3,0,18,12,3
0.6499999761581421,0.5874999761581421,0.38999998569488525,0.675000011920929,4.0,0.15000000596046448,0.512499988079071,0.3499999940395355,0.32499998807907104,0.07500000298023224,0.875,0.15000000596046448,0.07500000298023224,0.512499988079071,0.5,0.5874999761581421,2.0,0.6000000238418579,4.0,0.925000011920929,0.017500000074505806,0.925000011920929,0.20000000298023224,0.875,0.20000000298023224,4161,21314,25669,8450,21249,12865,8578,38341,12737,38405,25602,4-4-2,26,13,2,16,12,10,110396,4,488,16,7,6,11,0,24,15,3
0.3499999940395355,0.3375000059604645,0.49950000643730164,0.6466000080108643,5.0,0.17499999701976776,0.3375000059604645,0.925000011920929,0.36250001192092896,0.07500000298023224,0.875,0.17499999701976776,0.10000000149011612,0.5874999761581421,0.503000020980835,0.5874999761581421,1.0,0.5,4.0,0.6499999761581421,0.019999999552965164,0.8999999761581421,0.22499999403953552,0.6625000238418579,0.22499999403953552,4161,17089,25602,8386,25669,12737,8386,38405,12802,29570,17153,4-2-3-1(2),25,11,2,16,9,14,110404,4,489,4,7,6,3,0,18,12,3
0.925000011920929,0.3375000059604645,0.38999998569488525,0.5,3.0,0.15000000596046448,0.5874999761581421,0.07500000298023224,0.32499998807907104,0.5,0.875,0.15000000596046448,0.6499999761581421,0.5874999761581421,0.5,0.6625000238418579,2.0,0.6000000238418579,5.0,0.3499999940395355,0.017500000074505806,0.675000011920929,0.3375000059604645,0.875,0.15000000596046448,4161,25669,29957,17089,25669,12737,12865,38405,12737,38405,17089,3-5-2,26,12,3,18,11,1,110468,5,490,27,9,6,22,0,24,16,4
0.5,0.20000000298023224,0.38999998569488525,0.6912999749183655,5.0,0.16060000658035278,0.3375000059604645,0.6600000262260437,0.5,0.3409000039100647,0.875,0.15000000596046448,0.3147999942302704,0.4749999940395355,0.5,0.4749999940395355,2.0,0.6000000238418579,3.0,0.07500000298023224,0.017500000074505806,0.925000011920929,0.16060000658035278,0.875,0.20000000298023224,4161,17089,21185,12737,21445,12737,8578,38341,12802,38213,8578,5-3-2,26,10,1,15,7,4,110500,4,491,31,6,5,24,0,24,13,3
0.6600000262260437,0.375,0.3799999952316284,0.675000011920929,4.0,0.15000000596046448,0.5231999754905701,0.3400000035762787,0.32499998807907104,0.5242000222206116,0.8515999913215637,0.15000000596046448,0.07500000298023224,0.5358999967575073,0.5,0.699999988079071,2.5,0.6000000238418579,3.5,0.503000020980835,0.017500000074505806,0.925000011920929,0.20000000298023224,0.875,0.20000000298023224,4161,21445,29957,8450,21185,12737,8450,38405,12737,38213,17025,4-1-2-1-2(2),26,13,2,18,10,11,110501,4,492,15,7,6,9,0,24,15,3
0.3499999940395355,0.3375000059604645,0.38999998569488525,0.6658999919891357,5.0,0.1436000019311905,0.3375000059604645,0.800000011920929,0.32499998807907104,0.20000000298023224,0.875,0.15000000596046448,0.07500000298023224,0.6625000238418579,0.5,0.6625000238418579,2.0,0.6000000238418579,3.0,0.6499999761581421,0.017500000074505806,0.925000011920929,0.20000000298023224,0.875,0.20000000298023224,4161,17089,29637,8450,29570,12865,8450,38213,12802,38405,17089,4-2-2-2,26,11,2,19,9,10,110502,4,493,13,7,6,32,0,24,17,3
0.3400000035762787,0.34599998593330383,0.4961000084877014,0.637499988079071,5.0,0.15800000727176666,0.375,0.949999988079071,0.2874999940395355,0.10000000149011612,0.8500000238418579,0.16269999742507935,0.05000000074505806,0.6392999887466431,0.5,0.6287000179290771,1.0,0.5347999930381775,4.0,0.6399999856948853,0.017500000074505806,0.8999999761581421,0.22499999403953552,0.6270999908447266,0.1808999925851822,4161,17089,25602,8386,25602,12802,8386,38213,12737,29570,17153,4-2-3-1(2),25,11,2,16,9,14,110532,4,494,4,7,6,3,0,18,12,3
0.5,0.20000000298023224,0.38999998569488525,0.675000011920929,5.0,0.15000000596046448,0.3375000059604645,0.6499999761581421,0.5,0.3499999940395355,0.875,0.15000000596046448,0.3147999942302704,0.512499988079071,0.5,0.512499988079071,2.0,0.6000000238418579,3.0,0.07500000298023224,0.017500000074505806,0.925000011920929,0.14949999749660492,0.875,0.20000000298023224,4226,17153,21185,12737,21381,12737,8450,38405,12737,38341,8578,5-3-2,26,10,1,15,7,4,110556,4,495,31,6,5,24,0,24,13,3
0.3499999940395355,0.3375000059604645,0.49950000643730164,0.7124999761581421,5.0,0.1712999939918518,0.3375000059604645,0.925000011920929,0.2874999940395355,0.07500000298023224,0.875,0.17499999701976776,0.07500000298023224,0.5874999761581421,0.5,0.5874999761581421,1.0,0.5,4.0,0.6499999761581421,0.017500000074505806,0.925000011920929,0.20000000298023224,0.6625000238418579,0.20000000298023224,4161,17089,25602,8386,25602,12865,8386,38405,12802,29570,17089,4-2-3-1(2),25,11,2,16,9,14,110580,4,496,4,7,6,3,0,18,12,3
0.3499999940395355,0.512499988079071,0.07500000298023224,0.5,3.0,0.15000000596046448,0.512499988079071,0.07500000298023224,0.32499998807907104,0.925000011920929,0.824999988079071,0.14790000021457672,0.925000011920929,0.5874999761581421,0.5,0.824999988079071,3.0,0.49950000643730164,4.0,0.6499999761581421,0.017500000074505806,0.675000011920929,0.5874999761581421,0.875,0.15000000596046448,4161,21314,33989,25730,25730,12802,12865,33861,12737,38405,21185,3-4-3,27,15,4,23,13,0,110588,5,497,25,12,6,2,0,25,16,4
0.3499999940395355,0.3375000059604645,0.49950000643730164,0.675000011920929,5.0,0.15000000596046448,0.3375000059604645,0.8999999761581421,0.32499998807907104,0.07500000298023224,0.875,0.15000000596046448,0.07500000298023224,0.5861999988555908,0.5,0.5874999761581421,1.0,0.5,4.0,0.6499999761581421,0.017500000074505806,0.925000011920929,0.20000000298023224,0.6625000238418579,0.20000000298023224,4226,17089,25669,8450,25794,12865,8450,38405,12865,29570,17089,4-2-3-1(2),25,11,2,16,9,14,110636,4,498,4,7,6,3,0,18,12,3
0.3499999940395355,0.3375000059604645,0.49950000643730164,0.7124999761581421,5.0,0.1509999930858612,0.3375000059604645,0.925000011920929,0.2874999940395355,0.07500000298023224,0.875,0.1543000042438507,0.07500000298023224,0.5874999761581421,0.5,0.5874999761581421,1.0,0.5,4.0,0.6499999761581421,0.017500000074505806,0.925000011920929,0.20000000298023224,0.6625000238418579,0.20000000298023224,4161,17089,25602,8450,25730,12802,8386,38213,12737,29570,17089,4-2-3-1(2),25,11,2,16,9,14,110645,4,499,4,7,6,3,0,18,12,3
0.3499999940395355,0.3375000059604645,0.49950000643730164,0.7124999761581421,5.0,0.16439999639987946,0.3375000059604645,0.925000011920929,0.2874999940395355,0.07500000298023224,0.875,0.16699999570846558,0.07500000298023224,0.5874999761581421,0.5,0.5874999761581421,1.0,0.5,4.0,0.6499999761581421,0.017500000074505806,0.925000011920929,0.20000000298023224,0.6625000238418579,0.20000000298023224,4226,17089,25794,8450,25794,12737,8386,38213,12737,29570,17089,4-2-3-1(2),25,11,2,16,9,14,110676,4,500,4,7,6,3,0,18,12,3
0.3499999940395355,0.3375000059604645,0.49950000643730164,0.675000011920929,5.0,0.15000000596046448,0.3375000059604645,0.925000011920929,0.32499998807907104,0.07500000298023224,0.875,0.15000000596046448,0.07500000298023224,0.5874999761581421,0.5,0.5874999761581421,1.0,0.5,4.0,0.6499999761581421,0.017500000074505806,0.925000011920929,0.20000000298023224,0.6625000238418579,0.20000000298023224,4161,17089,25602,8450,25602,12737,8386,38405,12737,29570,17089,4-2-3-1(2),25,11,2,16,9,14,110683,4,501,4,7,6,3,0,18,12,3
0.3499999940395355,0.512499988079071,0.49950000643730164,0.5,3.0,0.15000000596046448,0.512499988079071,0.07500000298023224,0.32499998807907104,0.800000011920929,0.875,0.15000000596046448,0.925000011920929,0.5874999761581421,0.5,0.6625000238418579,2.0,0.20000000298023224,5.0,0.6499999761581421,0.017500000074505806,0.675000011920929,0.5874999761581421,0.6625000238418579,0.15000000596046448,4161,21314,29637,25730,25602,12737,12737,38405,12737,29637,21314,3-4-2-1,25,15,3,17,13,19,110697,5,502,24,12,6,21,0,19,16,4
0.3499999940395355,0.512499988079071,0.07500000298023224,0.5,3.0,0.15000000596046448,0.512499988079071,0.07500000298023224,0.32499998807907104,0.925000011920929,0.824999988079071,0.15000000596046448,0.925000011920929,0.5874999761581421,0.5,0.824999988079071,3.0,0.49950000643730164,4.0,0.6499999761581421,0.017500000074505806,0.675000011920929,0.5874999761581421,0.875,0.15000000596046448,4161,21249,33794,25730,25730,12802,12865,33794,12737,38341,21314,3-4-3,27,15,4,23,13,0,110720,5,503,25,12,6,2,0,25,16,4
0.3499999940395355,0.512499988079071,0.07500000298023224,0.5,3.0,0.15000000596046448,0.512499988079071,0.07500000298023224,0.33899998664855957,0.925000011920929,0.824999988079071,0.14730000495910645,0.925000011920929,0.5874999761581421,0.5,0.824999988079071,3.0,0.49950000643730164,4.0,0.6499999761581421,0.017500000074505806,0.6669999957084656,0.5874999761581421,0.875,0.14730000495910645,4161,21314,33794,25669,25730,12865,12802,33989,12865,38213,21314,3-4-3,27,15,4,23,13,0,110724,5,504,25,12,6,2,0,25,16,4
0.3499999940395355,0.512499988079071,0.49950000643730164,0.5,3.0,0.15000000596046448,0.512499988079071,0.07500000298023224,0.32499998807907104,0.800000011920929,0.875,0.15000000596046448,0.925000011920929,0.5874999761581421,0.5,0.6625000238418579,2.0,0.20000000298023224,5.0,0.6499999761581421,0.017500000074505806,0.675000011920929,0.5874999761581421,0.6625000238418579,0.15000000596046448,4161,21249,29637,25602,25602,12802,12737,38341,12802,29570,21185,3-4-2-1,25,15,3,17,13,19,110738,5,505,24,12,6,21,0,19,16,4
0.5,0.512499988079071,0.07500000298023224,0.675000011920929,4.0,0.15000000596046448,0.512499988079071,0.3499999940395355,0.32499998807907104,0.925000011920929,0.824999988079071,0.15000000596046448,0.07500000298023224,0.512499988079071,0.5,0.824999988079071,3.0,0.49950000643730164,3.0,0.6499999761581421,0.017500000074505806,0.925000011920929,0.20000000298023224,0.875,0.20000000298023224,4161,21314,33794,8386,21249,12737,8578,33794,12737,38341,21445,4-3-3,27,14,3,23,13,6,110740,4,506,8,7,6,17,0,25,15,3
0.34700000286102295,0.3375000059604645,0.49950000643730164,0.675000011920929,5.0,0.15000000596046448,0.32899999618530273,0.925000011920929,0.32499998807907104,0.07500000298023224,0.875,0.15000000596046448,0.07500000298023224,0.5874999761581421,0.5,0.5874999761581421,1.0,0.5,4.0,0.6499999761581421,0.017500000074505806,0.925000011920929,0.20000000298023224,0.6625000238418579,0.20000000298023224,4161,17089,25794,8386,25794,12737,8450,38275,12737,29570,17089,4-2-3-1(2),25,11,2,16,9,14,110745,4,507,4,7,6,3,0,18,12,3
0.8999999761581421,0.3375000059604645,0.49950000643730164,0.675000011920929,4.5,0.15000000596046448,0.6351000070571899,0.6499999761581421,0.32499998807907104,0.3499999940395355,0.875,0.15000000596046448,0.07500000298023224,0.512499988079071,0.5,0.512499988079071,1.0,0.05000000074505806,4.5,0.5,0.017500000074505806,0.925000011920929,0.20000000298023224,0.6499999761581421,0.20000000298023224,4226,25602,21314,8386,21381,12865,8450,38405,12737,25794,17089,4-1-4-1,25,12,2,15,10,15,110746,4,508,2,7,6,31,0,16,13,3
0.3499999940395355,0.512499988079071,0.49950000643730164,0.5,3.0,0.15000000596046448,0.512499988079071,0.07500000298023224,0.2874999940395355,0.800000011920929,0.875,0.15219999849796295,0.925000011920929,0.5874999761581421,0.5076000094413757,0.6625000238418579,2.0,0.20000000298023224,5.0,0.6499999761581421,0.019999999552965164,0.7124999761581421,0.5874999761581421,0.6625000238418579,0.15639999508857727,4161,21185,29570,25602,25602,12737,12737,38213,12737,29570,21445,3-4-2-1,25,15,3,17,13,19,110747,5,509,24,12,6,21,0,19,16,4
0.3499999940395355,0.3375000059604645,0.49950000643730164,0.675000011920929,5.0,0.15000000596046448,0.35659998655319214,0.925000011920929,0.32499998807907104,0.07500000298023224,0.8770999908447266,0.15000000596046448,0.07500000298023224,0.5874999761581421,0.5,0.5874999761581421,1.0,0.5,4.0,0.6499999761581421,0.017500000074505806,0.925000011920929,0.20000000298023224,0.6625000238418579,0.20000000298023224,4161,17089,25794,8386,25602,12737,8386,38341,12737,29637,17089,4-2-3-1(2),25,11,2,16,9,14,110749,4,510,4,7,6,3,0,18,12,3
0.3499999940395355,0.3375000059604645,0.49950000643730164,0.6901999711990356,5.0,0.17499999701976776,0.3375000059604645,0.925000011920929,0.302700012922287,0.07500000298023224,0.875,0.17499999701976776,0.07500000298023224,0.5874999761581421,0.5,0.5874999761581421,1.0,0.5,4.0,0.6499999761581421,0.017500000074505806,0.925000011920929,0.20000000298023224,0.6625000238418579,0.20000000298023224,4161,17089,25669,8386,25602,12737,8450,38341,12737,29637,17089,4-2-3-1(2),25,11,2,16,9,14,110750,4,511,4,7,6,3,0,18,12,3
0.5,0.512499988079071,0.38999998569488525,0.675000011920929,4.0,0.15000000596046448,0.512499988079071,0.3499999940395355,0.32499998807907104,0.5,0.875,0.15000000596046448,0.07500000298023224,0.512499988079071,0.5,0.6625000238418579,2.5,0.6000000238418579,3.5,0.6499999761581421,0.017500000074505806,0.925000011920929,0.20000000298023224,0.875,0.20000000298023224,4161,21185,29570,8450,21185,12737,8578,38405,12737,38405,21314,4-3-1-2,26,14,2,18,13,9,110751,4,512,6,7,6,34,0,24,15,3
0.3499999940395355,0.3375000059604645,0.49950000643730164,0.675000011920929,5.0,0.15000000596046448,0.3375000059604645,0.925000011920929,0.32499998807907104,0.07500000298023224,0.875,0.15000000596046448,0.07500000298023224,0.5874999761581421,0.5,0.5874999761581421,1.0,0.5,4.0,0.6499999761581421,0.017500000074505806,0.925000011920929,0.20000000298023224,0.6625000238418579,0.20000000298023224,4161,17089,25602,8386,25669,12737,8578,38341,12737,29570,17089,4-2-3-1(2),25,11,2,16,9,14,110752,4,513,4,7,6,3,0,18,12,3
0.5,0.20000000298023224,0.38999998569488525,0.675000011920929,5.0,0.15000000596046448,0.3375000059604645,0.6499999761581421,0.5,0.3499999940395355,0.875,0.15000000596046448,0.32499998807907104,0.512499988079071,0.5,0.512499988079071,2.0,0.6000000238418579,3.0,0.07500000298023224,0.017500000074505806,0.925000011920929,0.15000000596046448,0.875,0.20000000298023224,4161,17089,21314,12737,21381,12737,8386,38341,12737,38405,8386,5-3-2,26,10,1,15,7,4,110765,4,514,31,6,5,24,0,24,13,3
0.3499999940395355,0.3375000059604645,0.49950000643730164,0.637499988079071,5.0,0.16699999570846558,0.3375000059604645,0.921999990940094,0.36250001192092896,0.10000000149011612,0.875,0.1543000042438507,0.08410000056028366,0.6499999761581421,0.5,0.6499999761581421,1.0,0.5,4.0,0.6499999761581421,0.017500000074505806,0.9067999720573425,0.22499999403953552,0.6625000238418579,0.22499999403953552,4161,17089,25669,8450,25602,12737,8578,38405,12865,29570,17089,4-2-3-1(2),25,11,2,16,9,14,110770,4,515,4,7,6,3,0,18,12,3
0.8999999761581421,0.3375000059604645,0.49950000643730164,0.7124999761581421,4.5,0.17339999973773956,0.6499999761581421,0.6499999761581421,0.2874999940395355,0.3499999940395355,0.875,0.17499999701976776,0.07500000298023224,0.512499988079071,0.5,0.512499988079071,1.0,0.09920000284910202,4.5,0.5,0.017500000074505806,0.925000011920929,0.20000000298023224,0.6499999761581421,0.20000000298023224,4161,25730,21314,8450,21314,12737,8386,38405,12737,25602,17089,4-1-4-1,25,12,2,15,10,15,110776,4,516,2,7,6,31,0,16,13,3
0.3499999940395355,0.3375000059604645,0.49950000643730164,0.675000011920929,5.0,0.15000000596046448,0.3375000059604645,0.925000011920929,0.32499998807907104,0.07500000298023224,0.875,0.15000000596046448,0.07500000298023224,0.5874999761581421,0.5,0.5874999761581421,1.0,0.5,4.0,0.6499999761581421,0.017500000074505806,0.925000011920929,0.20000000298023224,0.6625000238418579,0.20000000298023224,4161,17153,25602,8450,25669,12737,8386,38275,12865,29570,17089,4-2-3-1(2),25,11,2,16,9,14,110815,4,517,4,7,6,3,0,18,12,3
0.3400000035762787,0.375,0.49950000643730164,0.675000011920929,5.0,0.15000000596046448,0.35370001196861267,0.8999999761581421,0.32499998807907104,0.10000000149011612,0.875,0.15000000596046448,0.07500000298023224,0.6499999761581421,0.5,0.6499999761581421,1.0,0.5,4.0,0.6600000262260437,0.017500000074505806,0.925000011920929,0.20000000298023224,0.6625000238418579,0.20000000298023224,4161,17089,25794,8386,25602,12737,8386,38213,12737,29570,17153,4-2-3-1(2),25,11,2,16,9,14,110827,4,518,4,7,6,3,0,18,12,3
0.6600000262260437,0.6313999891281128,0.38999998569488525,0.7124999761581421,4.0,0.17499999701976776,0.4749999940395355,0.3400000035762787,0.2874999940395355,0.10000000149011612,0.875,0.17499999701976776,0.07500000298023224,0.4749999940395355,0.5,0.625,2.0,0.6000000238418579,4.0,0.8999999761581421,0.017500000074505806,0.925000011920929,0.20000000298023224,0.875,0.20000000298023224,4161,21249,25602,8386,21314,12737,8450,38405,12737,38341,25602,4-4-2,26,13,2,16,12,10,110832,4,519,16,7,6,11,0,24,15,3
0.6399999856948853,0.6207000017166138,0.3961000144481659,0.6639999747276306,4.0,0.17499999701976776,0.4749999940395355,0.35910001397132874,0.3481000065803528,0.10000000149011612,0.8855999708175659,0.17499999701976776,0.07500000298023224,0.4749999940395355,0.5,0.6499999761581421,2.0,0.5899999737739563,4.0,0.8999999761581421,0.017500000074505806,0.925000011920929,0.20000000298023224,0.8500000238418579,0.20000000298023224,4161,21314,25602,8386,21249,12737,8513,38275,12737,38405,25602,4-4-2,26,13,2,16,12,10,110839,4,520,16,7,6,11,0,24,15,3
0.3499999940395355,0.512499988079071,0.49950000643730164,0.5,3.0,0.15000000596046448,0.512499988079071,0.07500000298023224,0.2874999940395355,0.800000011920929,0.875,0.1543000042438507,0.925000011920929,0.5874999761581421,0.5,0.6625000238418579,2.0,0.20000000298023224,5.0,0.6499999761581421,0.017500000074505806,0.7124999761581421,0.5874999761581421,0.6625000238418579,0.15000000596046448,4161,21314,29570,25602,25602,12737,12737,38405,12737,29570,21314,3-4-2-1,25,15,3,17,13,19,110890,5,521,24,12,6,21,0,19,16,4
0.5,0.20000000298023224,0.38999998569488525,0.675000011920929,5.0,0.15000000596046448,0.3375000059604645,0.6499999761581421,0.5,0.3499999940395355,0.875,0.15000000596046448,0.32499998807907104,0.512499988079071,0.5,0.512499988079071,2.0,0.6000000238418579,3.0,0.07500000298023224,0.017500000074505806,0.925000011920929,0.15000000596046448,0.875,0.20000000298023224,4161,17153,21185,12737,21185,12802,8450,38275,12737,38341,8386,5-3-2,26,10,1,15,7,4,110908,4,522,31,6,5,24,0,24,13,3
0.5,0.20000000298023224,0.38999998569488525,0.675000011920929,5.0,0.15000000596046448,0.3375000059604645,0.6499999761581421,0.5,0.3499999940395355,0.875,0.15000000596046448,0.32499998807907104,0.512499988079071,0.5,0.512499988079071,2.0,0.6000000238418579,3.0,0.07500000298023224,0.017500000074505806,0.925000011920929,0.15000000596046448,0.875,0.20000000298023224,4161,17089,21314,12737,21381,12737,8578,38275,12737,38341,8450,5-3-2,26,10,1,15,7,4,110915,4,523,31,6,5,24,0,24,13,3
0.3499999940395355,0.3375000059604645,0.49950000643730164,0.675000011920929,5.0,0.15000000596046448,0.3375000059604645,0.925000011920929,0.32499998807907104,0.07500000298023224,0.875,0.15000000596046448,0.07500000298023224,0.5874999761581421,0.5,0.5874999761581421,1.0,0.5,4.0,0.6499999761581421,0.017500000074505806,0.925000011920929,0.20000000298023224,0.6625000238418579,0.20000000298023224,4161,17089,25602,8450,25669,12737,8386,38405,12865,29570,17089,4-2-3-1(2),25,11,2,16,9,14,110953,4,524,4,7,6,3,0,18,12,3
0.6499999761581421,0.3375000059604645,0.38999998569488525,0.675000011920929,4.0,0.15000000596046448,0.512499988079071,0.3499999940395355,0.32499998807907104,0.5,0.875,0.15000000596046448,0.07500000298023224,0.512499988079071,0.5,0.6625000238418579,2.5,0.6000000238418579,3.5,0.5,0.017500000074505806,0.925000011920929,0.20000000298023224,0.875,0.20000000298023224,4161,21314,29637,8386,21314,12737,8386,38405,12737,38405,17089,4-1-2-1-2(2),26,13,2,18,10,11,110955,4,525,15,7,6,9,0,24,15,3
0.6600000262260437,0.3375000059604645,0.07500000298023224,0.7124999761581421,4.0,0.17499999701976776,0.4749999940395355,0.3400000035762787,0.2874999940395355,0.925000011920929,0.824999988079071,0.17499999701976776,0.07500000298023224,0.4749999940395355,0.5,0.824999988079071,3.0,0.49950000643730164,3.0,0.5,0.014999999664723873,0.925000011920929,0.20000000298023224,0.875,0.20000000298023224,4226,21314,33861,8386,21381,12865,8386,33794,12802,38275,17025,4-3-3,27,13,3,23,10,6,110968,4,526,9,7,6,7,0,25,15,3
0.925000011920929,0.3375000059604645,0.49950000643730164,0.6881999969482422,4.5,0.15629999339580536,0.5874999761581421,0.6499999761581421,0.32499998807907104,0.3499999940395355,0.875,0.15000000596046448,0.07500000298023224,0.512499988079071,0.5,0.512499988079071,1.0,0.07500000298023224,4.5,0.5,0.017500000074505806,0.925000011920929,0.20000000298023224,0.5874999761581421,0.20000000298023224,4161,25602,21314,8450,21314,12737,8450,38341,12737,25669,17089,4-1-4-1,25,12,2,15,10,15,110969,4,527,2,7,6,31,0,16,13,3
0.3499999940395355,0.3375000059604645,0.49950000643730164,0.6840999722480774,5.0,0.1729000061750412,0.3375000059604645,0.925000011920929,0.32199999690055847,0.07500000298023224,0.875,0.17499999701976776,0.07500000298023224,0.5874999761581421,0.5,0.5874999761581421,1.0,0.5,4.0,0.6499999761581421,0.017500000074505806,0.925000011920929,0.20000000298023224,0.6625000238418579,0.20000000298023224,4161,17089,25669,8386,25602,12737,8386,38405,12802,29570,17153,4-2-3-1(2),25,11,2,16,9,14,110974,4,528,4,7,6,3,0,18,12,3
0.6499999761581421,0.6499999761581421,0.38999998569488525,0.6780999898910522,4.0,0.16699999570846558,0.512499988079071,0.3499999940395355,0.32499998807907104,0.07500000298023224,0.875,0.16699999570846558,0.07500000298023224,0.512499988079071,0.5,0.6499999761581421,2.0,0.6000000238418579,4.0,0.925000011920929,0.015300000086426735,0.925000011920929,0.20000000298023224,0.875,0.20000000298023224,4161,21314,25602,8513,21185,12737,8578,38405,12737,38341,25669,4-4-2,26,13,2,16,12,10,110975,4,529,16,7,6,11,0,24,15,3
0.3499999940395355,0.3375000059604645,0.49950000643730164,0.675000011920929,5.0,0.15000000596046448,0.3375000059604645,0.925000011920929,0.32499998807907104,0.07500000298023224,0.8712999820709229,0.15000000596046448,0.07270000129938126,0.5874999761581421,0.5,0.5874999761581421,1.0,0.5,4.0,0.6499999761581421,0.017500000074505806,0.925000011920929,0.19840000569820404,0.625,0.20000000298023224,4161,17089,25602,8386,25602,12802,8386,38405,12737,29570,17025,4-2-3-1(2),25,11,2,16,9,14,110978,4,530,4,7,6,3,0,18,12,3
0.3499999940395355,0.512499988079071,0.38999998569488525,0.5,3.0,0.15000000596046448,0.512499988079071,0.07500000298023224,0.3450999855995178,0.5,0.875,0.17069999873638153,0.925000011920929,0.5874999761581421,0.5,0.6625000238418579,2.5,0.6000000238418579,4.5,0.6499999761581421,0.017500000074505806,0.6517999768257141,0.5874999761581421,0.875,0.16859999299049377,4226,21249,29570,25730,25602,12737,12737,38405,12802,38275,21445,3-4-1-2,26,15,4,18,13,1,110980,5,531,23,12,6,29,0,24,16,4
0.3499999940395355,0.3375000059604645,0.5024999976158142,0.675000011920929,5.0,0.15000000596046448,0.3375000059604645,0.902999997138977,0.32499998807907104,0.10000000149011612,0.8999999761581421,0.15000000596046448,0.07500000298023224,0.6499999761581421,0.5,0.6499999761581421,1.0,0.503000020980835,4.0,0.6499999761581421,0.017500000074505806,0.9189000129699707,0.2190999984741211,0.699999988079071,0.22499999403953552,4161,17153,25794,8450,25730,12802,8450,38405,12737,29570,17089,4-2-3-1(2),25,11,2,16,9,14,110981,4,532,4,7,6,3,0,18,12,3
0.3499999940395355,0.3375000059604645,0.49950000643730164,0.675000011920929,5.0,0.15000000596046448,0.3375000059604645,0.925000011920929,0.32499998807907104,0.07500000298023224,0.875,0.15000000596046448,0.07500000298023224,0.5874999761581421,0.5,0.5874999761581421,1.0,0.5,4.0,0.6499999761581421,0.017500000074505806,0.925000011920929,0.20000000298023224,0.6625000238418579,0.20000000298023224,4161,17089,25669,8386,25669,12802,8386,38341,12737,29570,17089,4-2-3-1(2),25,11,2,16,9,14,110982,4,533,4,7,6,3,0,18,12,3
0.6499999761581421,0.3375000059604645,0.07500000298023224,0.7124999761581421,4.0,0.15000000596046448,0.512499988079071,0.3499999940395355,0.2874999940395355,0.925000011920929,0.824999988079071,0.15000000596046448,0.07500000298023224,0.512499988079071,0.5,0.824999988079071,3.0,0.49950000643730164,3.0,0.5,0.017500000074505806,0.925000011920929,0.20000000298023224,0.875,0.20000000298023224,4161,21314,33989,8386,21185,12865,8578,33794,12865,38213,17089,4-3-3,27,13,3,23,10,6,110986,4,534,9,7,6,7,0,25,15,3
0.6499999761581421,0.3375000059604645,0.07500000298023224,0.7124999761581421,4.0,0.14790000021457672,0.512499988079071,0.3499999940395355,0.2874999940395355,0.925000011920929,0.824999988079071,0.15209999680519104,0.07500000298023224,0.512499988079071,0.5,0.824999988079071,3.0,0.49950000643730164,3.0,0.5,0.017500000074505806,0.925000011920929,0.20000000298023224,0.875,0.20000000298023224,4161,21314,33794,8450,21314,12737,8450,33794,12802,38405,17153,4-3-3,27,13,3,23,10,6,110989,4,535,9,7,6,7,0,25,15,3
0.3400000035762787,0.5112000107765198,0.07500000298023224,0.5,3.0,0.15000000596046448,0.5069000124931335,0.10000000149011612,0.2874999940395355,0.925000011920929,0.824999988079071,0.14569999277591705,0.8999999761581421,0.5917999744415283,0.5,0.824999988079071,3.0,0.49950000643730164,4.0,0.6600000262260437,0.017500000074505806,0.7124999761581421,0.5981000065803528,0.875,0.15209999680519104,4161,21185,33861,25730,25730,12737,12737,33794,12737,38405,21381,3-4-3,27,15,4,23,13,0,110990,5,536,25,12,6,2,0,25,16,4
0.925000011920929,0.3375000059604645,0.49950000643730164,0.675000011920929,4.5,0.15000000596046448,0.5874999761581421,0.6499999761581421,0.32499998807907104,0.3499999940395355,0.875,0.15000000596046448,0.07500000298023224,0.512499988079071,0.5,0.512499988079071,1.0,0.07500000298023224,4.5,0.5,0.017500000074505806,0.925000011920929,0.20000000298023224,0.5874999761581421,0.20000000298023224,4161,25794,21314,8386,21314,12865,8450,38213,12737,25669,17089,4-1-4-1,25,12,2,15,10,15,110991,4,537,2,7,6,31,0,16,13,3
0.5,0.20000000298023224,0.38999998569488525,0.6901999711990356,5.0,0.15000000596046448,0.3375000059604645,0.6499999761581421,0.5,0.3499999940395355,0.875,0.15000000596046448,0.2874999940395355,0.512499988079071,0.5,0.512499988079071,2.0,0.6000000238418579,3.0,0.07500000298023224,0.017500000074505806,0.925000011920929,0.15000000596046448,0.875,0.20000000298023224,4161,17089,21185,12737,21314,12737,8386,38405,12737,38405,8513,5-3-2,26,10,1,15,7,4,110998,4,538,31,6,5,24,0,24,13,3
0.3499999940395355,0.3375000059604645,0.38999998569488525,0.675000011920929,4.0,0.15000000596046448,0.3375000059604645,0.925000011920929,0.3109999895095825,0.07500000298023224,0.875,0.14790000021457672,0.07500000298023224,0.5874999761581421,0.5,0.5874999761581421,2.0,0.6000000238418579,4.0,0.6499999761581421,0.017500000074505806,0.925000011920929,0.20000000298023224,0.875,0.20000000298023224,4161,17089,25602,8386,25730,12737,8450,38275,12737,38405,17089,4-4-2(2),26,11,2,16,9,10,111001,4,539,17,7,6,12,0,24,12,3
0.6499999761581421,0.5874999761581421,0.3799999952316284,0.675000011920929,4.0,0.15000000596046448,0.512499988079071,0.3499999940395355,0.32499998807907104,0.07500000298023224,0.8792999982833862,0.15000000596046448,0.07500000298023224,0.512499988079071,0.5,0.5874999761581421,2.0,0.6100000143051147,4.0,0.925000011920929,0.017500000074505806,0.925000011920929,0.20000000298023224,0.8770999908447266,0.20000000298023224,4161,21314,25602,8386,21381,12737,8450,38341,12865,38275,25669,4-4-2,26,13,2,16,12,10,111006,4,540,16,7,6,11,0,24,15,3
0.925000011920929,0.3375000059604645,0.49950000643730164,0.675000011920929,4.5,0.15000000596046448,0.5874999761581421,0.6499999761581421,0.30979999899864197,0.3499999940395355,0.875,0.14790000021457672,0.07500000298023224,0.512499988079071,0.5,0.512499988079071,1.0,0.07500000298023224,4.5,0.5,0.017500000074505806,0.925000011920929,0.20000000298023224,0.5874999761581421,0.20000000298023224,4161,25602,21314,8386,21381,12737,8450,38213,12865,25794,17025,4-1-4-1,25,12,2,15,10,15,111008,4,541,2,7,6,31,0,16,13,3
0.6499999761581421,0.5874999761581421,0.38999998569488525,0.5,3.5,0.15000000596046448,0.512499988079071,0.3499999940395355,0.32499998807907104,0.07500000298023224,0.875,0.15000000596046448,0.5,0.512499988079071,0.5,0.5874999761581421,2.0,0.6000000238418579,4.5,0.925000011920929,0.017500000074505806,0.675000011920929,0.3375000059604645,0.875,0.15000000596046448,4161,21314,25730,17089,21381,12802,12737,38213,12737,38405,25602,3-1-4-2,26,13,3,16,12,1,111010,5,542,22,10,6,28,0,24,15,4
0.6499999761581421,0.5874999761581421,0.38999998569488525,0.5,3.5,0.15000000596046448,0.512499988079071,0.3499999940395355,0.32499998807907104,0.07500000298023224,0.875,0.15000000596046448,0.5,0.512499988079071,0.5,0.5874999761581421,2.0,0.6000000238418579,4.5,0.925000011920929,0.017500000074505806,0.6446999907493591,0.3375000059604645,0.875,0.1543000042438507,4161,21445,25669,17089,21381,12737,12737,38275,12737,38213,25602,3-1-4-2,26,13,3,16,12,1,111014,5,543,22,10,6,28,0,24,15,4
0.6499999761581421,0.3375000059604645,0.38999998569488525,0.7124999761581421,4.0,0.17499999701976776,0.512499988079071,0.3499999940395355,0.2874999940395355,0.5,0.875,0.17499999701976776,0.07500000298023224,0.512499988079071,0.5,0.6625000238418579,2.5,0.6000000238418579,3.5,0.5,0.017500000074505806,0.925000011920929,0.20000000298023224,0.875,0.20000000298023224,4161,21445,29570,8450,21445,12865,8386,38405,12737,38405,17089,4-1-2-1-2(2),26,13,2,18,10,11,111019,4,544,15,7,6,9,0,24,15,3
0.6499999761581421,0.3375000059604645,0.07500000298023224,0.675000011920929,4.0,0.15000000596046448,0.512499988079071,0.3499999940395355,0.32499998807907104,0.925000011920929,0.824999988079071,0.15000000596046448,0.07500000298023224,0.512499988079071,0.5,0.824999988079071,3.0,0.49950000643730164,3.0,0.5,0.017500000074505806,0.925000011920929,0.20000000298023224,0.875,0.20000000298023224,4226,21314,33794,8386,21314,12737,8450,33794,12802,38405,17089,4-3-3,27,13,3,23,10,6,111020,4,545,9,7,6,7,0,25,15,3
0.6499999761581421,0.6087999939918518,0.38999998569488525,0.675000011920929,4.0,0.15000000596046448,0.4912000000476837,0.3499999940395355,0.32499998807907104,0.10000000149011612,0.875,0.15000000596046448,0.07500000298023224,0.4912000000476837,0.5,0.6074000000953674,2.0,0.6000000238418579,4.0,0.9060999751091003,0.017500000074505806,0.925000011920929,0.20000000298023224,0.875,0.20000000298023224,4161,21249,25602,8386,21314,12737,8386,38405,12802,38341,25730,4-4-2,26,13,2,16,12,10,111022,4,546,16,7,6,11,0,24,15,3
0.3499999940395355,0.3375000059604645,0.38999998569488525,0.682200014591217,5.0,0.16060000658035278,0.3375000059604645,0.800000011920929,0.3116999864578247,0.20000000298023224,0.875,0.16060000658035278,0.07500000298023224,0.6625000238418579,0.5,0.6625000238418579,2.0,0.6000000238418579,3.0,0.6499999761581421,0.017500000074505806,0.925000011920929,0.20000000298023224,0.875,0.20000000298023224,4161,17089,29570,8386,29570,12737,8386,38405,12737,38405,17089,4-2-2-2,26,11,2,19,9,10,111052,4,547,13,7,6,32,0,24,17,3
0.3499999940395355,0.3375000059604645,0.49950000643730164,0.6761000156402588,5.0,0.15800000727176666,0.3375000059604645,0.925000011920929,0.3208000063896179,0.07500000298023224,0.875,0.1559000015258789,0.07500000298023224,0.5874999761581421,0.5,0.5874999761581421,1.0,0.5,4.0,0.6499999761581421,0.017500000074505806,0.921999990940094,0.22499999403953552,0.6625000238418579,0.22499999403953552,4161,17089,25669,8578,25794,12865,8450,38275,12865,29570,17089,4-2-3-1(2),25,11,2,16,9,14,111065,4,548,4,7,6,3,0,18,12,3
0.925000011920929,0.3375000059604645,0.49950000643730164,0.675000011920929,4.5,0.15000000596046448,0.5874999761581421,0.6499999761581421,0.32499998807907104,0.36000001430511475,0.875,0.15000000596046448,0.07500000298023224,0.512499988079071,0.5,0.5295000076293945,1.0,0.07500000298023224,4.5,0.5,0.017500000074505806,0.925000011920929,0.20000000298023224,0.5874999761581421,0.20000000298023224,4226,25602,21314,8578,21314,12737,8386,38341,12737,25602,17025,4-1-4-1,25,12,2,15,10,15,111083,4,549,2,7,6,31,0,16,13,3
0.3499999940395355,0.3375000059604645,0.49950000643730164,0.675000011920929,5.0,0.15000000596046448,0.3375000059604645,0.925000011920929,0.32499998807907104,0.07500000298023224,0.875,0.15000000596046448,0.07500000298023224,0.5874999761581421,0.5,0.5874999761581421,1.0,0.5,4.0,0.6499999761581421,0.017500000074505806,0.925000011920929,0.20000000298023224,0.6625000238418579,0.20000000298023224,4161,17089,25602,8386,25602,12737,8578,38213,12737,29570,17153,4-2-3-1(2),25,11,2,16,9,14,111086,4,550,4,7,6,3,0,18,12,3
0.34700000286102295,0.3418000042438507,0.49950000643730164,0.675000011920929,5.0,0.15000000596046448,0.375,0.925000011920929,0.32499998807907104,0.07500000298023224,0.875,0.15000000596046448,0.07500000298023224,0.5874999761581421,0.5,0.5874999761581421,1.0,0.5,4.0,0.6600000262260437,0.017500000074505806,0.925000011920929,0.20000000298023224,0.6625000238418579,0.20000000298023224,4226,17089,25602,8450,25602,12737,8450,38213,12737,29570,17089,4-2-3-1(2),25,11,2,16,9,14,111088,4,551,4,7,6,3,0,18,12,3
0.925000011920929,0.3375000059604645,0.49950000643730164,0.6730999946594238,4.5,0.15680000185966492,0.5874999761581421,0.6499999761581421,0.3450999855995178,0.3499999940395355,0.875,0.15369999408721924,0.07500000298023224,0.512499988079071,0.5,0.512499988079071,1.0,0.07500000298023224,4.5,0.5,0.017500000074505806,0.925000011920929,0.20000000298023224,0.5874999761581421,0.20000000298023224,4161,25602,21185,8386,21249,12737,8386,38213,12737,25602,17089,4-1-4-1,25,12,2,15,10,15,111091,4,552,2,7,6,31,0,16,13,3
0.925000011920929,0.3375000059604645,0.49950000643730164,0.6880000233650208,4.5,0.1501999944448471,0.5874999761581421,0.6499999761581421,0.3100000023841858,0.3531000018119812,0.875,0.14830000698566437,0.07500000298023224,0.5315999984741211,0.5,0.5167999863624573,1.0,0.07500000298023224,4.5,0.5,0.017500000074505806,0.925000011920929,0.20000000298023224,0.5874999761581421,0.20000000298023224,4161,25602,21445,8386,21249,12737,8386,38341,12737,25669,17089,4-1-4-1,25,12,2,15,10,15,111092,4,553,2,7,6,31,0,16,13,3
0.6499999761581421,0.3375000059604645,0.07500000298023224,0.675000011920929,4.0,0.15000000596046448,0.512499988079071,0.3499999940395355,0.32499998807907104,0.925000011920929,0.824999988079071,0.15000000596046448,0.07500000298023224,0.512499988079071,0.5,0.824999988079071,3.0,0.49950000643730164,3.0,0.5,0.017500000074505806,0.925000011920929,0.20000000298023224,0.875,0.20000000298023224,4161,21185,33794,8450,21185,12737,8450,33794,12737,38405,17089,4-3-3,27,13,3,23,10,6,111097,4,554,9,7,6,7,0,25,15,3
0.3499999940395355,0.375,0.49950000643730164,0.675000011920929,5.0,0.15000000596046448,0.3375000059604645,0.9311000108718872,0.32499998807907104,0.10000000149011612,0.875,0.15000000596046448,0.07500000298023224,0.6499999761581421,0.5,0.6499999761581421,1.0,0.5,4.0,0.6409000158309937,0.017500000074505806,0.925000011920929,0.20000000298023224,0.6625000238418579,0.20000000298023224,4226,17089,25669,8513,25669,12737,8513,38213,12802,29570,17153,4-2-3-1(2),25,11,2,16,9,14,111111,4,555,4,7,6,3,0,18,12,3
0.5,0.20000000298023224,0.38999998569488525,0.675000011920929,5.0,0.15000000596046448,0.3375000059604645,0.6499999761581421,0.5,0.3499999940395355,0.875,0.15000000596046448,0.32499998807907104,0.512499988079071,0.5,0.512499988079071,2.0,0.6000000238418579,3.0,0.07500000298023224,0.017500000074505806,0.925000011920929,0.15000000596046448,0.875,0.20000000298023224,4161,17089,21185,12737,21249,12737,8386,38405,12737,38405,8386,5-3-2,26,10,1,15,7,4,111138,4,556,31,6,5,24,0,24,13,3
0.3513999879360199,0.4878000020980835,0.49950000643730164,0.4970000088214874,3.0,0.17499999701976776,0.4749999940395355,0.07500000298023224,0.2874999940395355,0.800000011920929,0.875,0.17499999701976776,0.925000011920929,0.5874999761581421,0.4970000088214874,0.6625000238418579,2.0,0.20000000298023224,5.0,0.6399999856948853,0.014999999664723873,0.7124999761581421,0.5874999761581421,0.6625000238418579,0.17499999701976776,4161,21249,29570,25602,25602,12737,12737,38405,12737,29570,21445,3-4-2-1,25,15,3,17,13,19,111139,5,557,24,12,6,21,0,19,16,4
0.3499999940395355,0.3375000059604645,0.49950000643730164,0.675000011920929,5.0,0.15000000596046448,0.3375000059604645,0.925000011920929,0.32499998807907104,0.05000000074505806,0.875,0.15000000596046448,0.07500000298023224,0.5874999761581421,0.5,0.5874999761581421,1.0,0.5,4.0,0.6499999761581421,0.017500000074505806,0.925000011920929,0.20000000298023224,0.6625000238418579,0.20000000298023224,4161,17089,25794,8386,25669,12737,8450,38341,12865,29570,17089,4-2-3-1(2),25,11,2,16,9,14,111140,4,558,4,7,6,3,0,18,12,3
0.3499999940395355,0.3375000059604645,0.49950000643730164,0.675000011920929,5.0,0.15000000596046448,0.3375000059604645,0.902999997138977,0.32499998807907104,0.07500000298023224,0.875,0.15000000596046448,0.07500000298023224,0.5874999761581421,0.5,0.5874999761581421,1.0,0.5,4.0,0.6499999761581421,0.017500000074505806,0.925000011920929,0.20000000298023224,0.6625000238418579,0.20000000298023224,4161,17153,25602,8386,25669,12865,8578,38275,12737,29570,17089,4-2-3-1(2),25,11,2,16,9,14,111144,4,559,4,7,6,3,0,18,12,3
0.3499999940395355,0.3375000059604645,0.49950000643730164,0.675000011920929,5.0,0.15000000596046448,0.3375000059604645,0.925000011920929,0.32499998807907104,0.07500000298023224,0.875,0.15000000596046448,0.07500000298023224,0.5874999761581421,0.5,0.5874999761581421,1.0,0.5,4.0,0.6499999761581421,0.017500000074505806,0.925000011920929,0.20000000298023224,0.6625000238418579,0.20000000298023224,4161,17089,25669,8386,25730,12737,8450,38213,12865,29570,17089,4-2-3-1(2),25,11,2,16,9,14,111235,4,560,4,7,6,3,0,18,12,3
0.6499999761581421,0.5874999761581421,0.383899986743927,0.7124999761581421,4.0,0.17499999701976776,0.512499988079071,0.3499999940395355,0.2874999940395355,0.07500000298023224,0.8500000238418579,0.17499999701976776,0.07500000298023224,0.512499988079071,0.5,0.5874999761581421,2.0,0.6100000143051147,4.0,0.925000011920929,0.017500000074505806,0.925000011920929,0.20000000298023224,0.8500000238418579,0.20000000298023224,4161,21185,25730,8450,21314,12737,8450,38405,12737,38213,25669,4-4-2,26,13,2,16,12,10,111239,4,561,16,7,6,11,0,24,15,3
0.36000001430511475,0.512499988079071,0.07500000298023224,0.5,3.0,0.15000000596046448,0.512499988079071,0.07500000298023224,0.32499998807907104,0.925000011920929,0.824999988079071,0.15000000596046448,0.925000011920929,0.5874999761581421,0.5,0.824999988079071,3.0,0.49950000643730164,4.0,0.6499999761581421,0.017500000074505806,0.675000011920929,0.5874999761581421,0.875,0.15000000596046448,4161,21314,33794,25602,25602,12802,12865,33794,12737,38213,21314,3-4-3,27,15,4,23,13,0,111273,5,562,25,12,6,2,0,25,16,4
0.8999999761581421,0.3375000059604645,0.49950000643730164,0.6881999969482422,4.5,0.17499999701976776,0.6499999761581421,0.6499999761581421,0.35109999775886536,0.3499999940395355,0.875,0.17499999701976776,0.07500000298023224,0.512499988079071,0.5,0.512499988079071,1.0,0.10000000149011612,4.5,0.5,0.017500000074505806,0.921999990940094,0.22499999403953552,0.6499999761581421,0.22499999403953552,4161,25602,21314,8450,21314,12737,8386,38213,12737,25602,17089,4-1-4-1,25,12,2,15,10,15,111276,4,563,2,7,6,31,0,16,13,3
0.925000011920929,0.3375000059604645,0.49950000643730164,0.7124999761581421,4.5,0.15209999680519104,0.5874999761581421,0.6499999761581421,0.30379998683929443,0.3499999940395355,0.875,0.15000000596046448,0.07500000298023224,0.512499988079071,0.5,0.512499988079071,1.0,0.07500000298023224,4.5,0.5,0.017500000074505806,0.925000011920929,0.20000000298023224,0.5874999761581421,0.20000000298023224,4161,25602,21381,8450,21185,12737,8450,38405,12737,25669,17089,4-1-4-1,25,12,2,15,10,15,111325,4,564,2,7,6,31,0,16,13,3
0.3499999940395355,0.3375000059604645,0.49950000643730164,0.7124999761581421,5.0,0.14149999618530273,0.3375000059604645,0.925000011920929,0.2874999940395355,0.07500000298023224,0.875,0.1436000019311905,0.07500000298023224,0.5874999761581421,0.5,0.5874999761581421,1.0,0.5,4.0,0.6499999761581421,0.017500000074505806,0.925000011920929,0.20000000298023224,0.6625000238418579,0.20000000298023224,4161,17089,25602,8386,25602,12737,8386,38405,12737,29570,17089,4-2-3-1(2),25,11,2,16,9,14,111326,4,565,4,7,6,3,0,18,12,3
0.6499999761581421,0.3375000059604645,0.07500000298023224,0.675000011920929,4.0,0.15000000596046448,0.5430999994277954,0.3499999940395355,0.32499998807907104,0.925000011920929,0.824999988079071,0.15000000596046448,0.07500000298023224,0.550000011920929,0.5,0.824999988079071,3.0,0.49950000643730164,3.0,0.5,0.017500000074505806,0.925000011920929,0.20000000298023224,0.875,0.20000000298023224,4161,21249,33794,8450,21314,12737,8578,33794,12737,38405,17089,4-3-3,27,13,3,23,10,6,111327,4,566,9,7,6,7,0,25,15,3
0.6499999761581421,0.3375000059604645,0.07500000298023224,0.675000011920929,4.0,0.15000000596046448,0.4749999940395355,0.3499999940395355,0.32499998807907104,0.925000011920929,0.824999988079071,0.15000000596046448,0.07500000298023224,0.4749999940395355,0.5,0.824999988079071,3.0,0.49950000643730164,3.0,0.5,0.015399999916553497,0.925000011920929,0.20000000298023224,0.875,0.20000000298023224,4161,21185,33794,8386,21445,12737,8386,33794,12865,38213,17089,4-3-3,27,13,3,23,10,6,111328,4,567,9,7,6,7,0,25,15,3
0.6499999761581421,0.5874999761581421,0.38999998569488525,0.7124999761581421,4.0,0.14790000021457672,0.512499988079071,0.3499999940395355,0.2874999940395355,0.07500000298023224,0.875,0.15000000596046448,0.07500000298023224,0.512499988079071,0.5,0.5874999761581421,2.0,0.6000000238418579,4.0,0.925000011920929,0.017500000074505806,0.925000011920929,0.20000000298023224,0.875,0.20000000298023224,4226,21314,25602,8386,21314,12802,8450,38405,12865,38405,25602,4-4-2,26,13,2,16,12,10,111329,4,568,16,7,6,11,0,24,15,3
0.8999999761581421,0.3375000059604645,0.5090000033378601,0.675000011920929,4.5,0.15000000596046448,0.6499999761581421,0.6499999761581421,0.36250001192092896,0.3499999940395355,0.8500000238418579,0.15000000596046448,0.07500000298023224,0.550000011920929,0.5,0.550000011920929,1.0,0.07800000160932541,4.5,0.5,0.017500000074505806,0.925000011920929,0.20000000298023224,0.6499999761581421,0.20000000298023224,4161,25602,21314,8386,21445,12865,8578,38405,12737,25602,17089,4-1-4-1,25,12,2,15,10,15,111339,4,569,2,7,6,31,0,16,13,3
0.6499999761581421,0.5874999761581421,0.38999998569488525,0.7124999761581421,4.0,0.16279999911785126,0.512499988079071,0.3499999940395355,0.2874999940395355,0.07500000298023224,0.875,0.164900004863739,0.07500000298023224,0.512499988079071,0.5,0.5874999761581421,2.0,0.6000000238418579,4.0,0.925000011920929,0.017500000074505806,0.925000011920929,0.20000000298023224,0.875,0.20000000298023224,4161,21314,25794,8578,21314,12737,8386,38405,12802,38275,25730,4-4-2,26,13,2,16,12,10,111380,4,570,16,7,6,11,0,24,15,3
0.3499999940395355,0.36090001463890076,0.49950000643730164,0.675000011920929,5.0,0.15000000596046448,0.36730000376701355,0.9189000129699707,0.32499998807907104,0.10000000149011612,0.875,0.15000000596046448,0.05380000174045563,0.6499999761581421,0.5,0.5939000248908997,1.0,0.503000020980835,4.0,0.6499999761581421,0.017500000074505806,0.9279999732971191,0.22499999403953552,0.6837999820709229,0.21279999613761902,4226,17089,25669,8513,25669,12802,8513,38275,12737,29570,17153,4-2-3-1(2),25,11,2,16,9,14,111393,4,571,4,7,6,3,0,18,12,3
0.6499999761581421,0.6499999761581421,0.38999998569488525,0.6518999934196472,4.0,0.17499999701976776,0.512499988079071,0.3499999940395355,0.3481000065803528,0.07580000162124634,0.875,0.17499999701976776,0.10000000149011612,0.512499988079071,0.5,0.6499999761581421,2.0,0.6000000238418579,4.0,0.8999999761581421,0.017500000074505806,0.9097999930381775,0.22499999403953552,0.875,0.22499999403953552,4226,21314,25602,8513,21314,12802,8513,38405,12737,38405,25602,4-4-2,26,13,2,16,12,10,111395,4,572,16,7,6,11,0,24,15,3
0.6499999761581421,0.6499999761581421,0.38999998569488525,0.7124999761581421,4.0,0.15209999680519104,0.512499988079071,0.3499999940395355,0.2874999940395355,0.10000000149011612,0.875,0.15639999508857727,0.07500000298023224,0.512499988079071,0.5,0.6499999761581421,2.0,0.6000000238418579,4.0,0.8999999761581421,0.017500000074505806,0.925000011920929,0.20000000298023224,0.875,0.20000000298023224,4226,21381,25730,8450,21314,12737,8450,38275,12802,38213,25730,4-4-2,26,13,2,16,12,10,111396,4,573,16,7,6,11,0,24,15,3
0.3499999940395355,0.3375000059604645,0.49950000643730164,0.675000011920929,5.0,0.15000000596046448,0.3375000059604645,0.925000011920929,0.32499998807907104,0.07500000298023224,0.875,0.15000000596046448,0.07500000298023224,0.5874999761581421,0.5060999989509583,0.6237000226974487,1.0,0.5,4.0,0.6499999761581421,0.017500000074505806,0.925000011920929,0.20000000298023224,0.6625000238418579,0.20000000298023224,4226,17089,25602,8513,25669,12802,8513,38213,12865,29637,17089,4-2-3-1(2),25,11,2,16,9,14,111397,4,574,4,7,6,3,0,18,12,3
0.6531000137329102,0.6194000244140625,0.3799999952316284,0.6669999957084656,4.0,0.17499999701976776,0.5153999924659729,0.3499999940395355,0.335999995470047,0.10000000149011612,0.8999999761581421,0.17499999701976776,0.09920000284910202,0.5210000276565552,0.49390000104904175,0.6223000288009644,2.0,0.6100000143051147,4.0,0.8999999761581421,0.014999999664723873,0.925000011920929,0.22290000319480896,0.8500000238418579,0.2084999978542328,4161,21185,25602,8450,21314,12802,8450,38275,12865,38213,25602,4-4-2,26,13,2,16,12,10,111398,4,575,16,7,6,11,0,24,15,3
0.6499999761581421,0.5874999761581421,0.38999998569488525,0.7124999761581421,4.0,0.17499999701976776,0.512499988079071,0.3499999940395355,0.2874999940395355,0.07500000298023224,0.875,0.17499999701976776,0.07500000298023224,0.512499988079071,0.5,0.5874999761581421,2.0,0.6000000238418579,4.0,0.925000011920929,0.017500000074505806,0.925000011920929,0.20000000298023224,0.875,0.20000000298023224,4226,21249,25602,8450,21314,12802,8450,38341,12737,38275,25602,4-4-2,26,13,2,16,12,10,111399,4,576,16,7,6,11,0,24,15,3
0.3499999940395355,0.3375000059604645,0.49950000643730164,0.675000011920929,5.0,0.15000000596046448,0.3375000059604645,0.925000011920929,0.33410000801086426,0.07500000298023224,0.875,0.14790000021457672,0.05000000074505806,0.5874999761581421,0.5,0.5874999761581421,1.0,0.5,4.0,0.6499999761581421,0.017500000074505806,0.949999988079071,0.22499999403953552,0.6625000238418579,0.22499999403953552,4226,17089,25669,8513,25669,12802,8513,38341,12865,29637,17153,4-2-3-1(2),25,11,2,16,9,14,111400,4,577,4,7,6,3,0,18,12,3
0.3499999940395355,0.3375000059604645,0.49950000643730164,0.675000011920929,5.0,0.15000000596046448,0.3375000059604645,0.925000011920929,0.32499998807907104,0.07500000298023224,0.875,0.15000000596046448,0.07500000298023224,0.5874999761581421,0.5,0.5874999761581421,1.0,0.5,4.0,0.6499999761581421,0.017500000074505806,0.925000011920929,0.20000000298023224,0.6625000238418579,0.20000000298023224,4161,17089,25602,8386,25602,12865,8386,38405,12737,29637,17089,4-2-3-1(2),25,11,2,16,9,14,111433,4,578,4,7,6,3,0,18,12,3
0.5,0.20000000298023224,0.38999998569488525,0.7124999761581421,5.0,0.17499999701976776,0.3375000059604645,0.6499999761581421,0.5,0.3499999940395355,0.875,0.15000000596046448,0.2874999940395355,0.512499988079071,0.5,0.512499988079071,2.0,0.6000000238418579,3.0,0.07500000298023224,0.017500000074505806,0.925000011920929,0.17499999701976776,0.875,0.20000000298023224,4226,17025,21185,12802,21185,12865,8578,38275,12865,38341,8578,5-3-2,26,10,1,15,7,4,111434,4,579,31,6,5,24,0,24,13,3
0.3538999855518341,0.3375000059604645,0.49950000643730164,0.675000011920929,5.0,0.15000000596046448,0.3346000015735626,0.9121000170707703,0.32499998807907104,0.08410000056028366,0.875,0.15000000596046448,0.07500000298023224,0.6499999761581421,0.5,0.6499999761581421,1.0,0.5,4.0,0.6499999761581421,0.017500000074505806,0.925000011920929,0.20000000298023224,0.6625000238418579,0.20000000298023224,4161,17089,25602,8450,25794,12865,8386,38405,12737,29637,17089,4-2-3-1(2),25,11,2,16,9,14,111462,4,580,4,7,6,3,0,18,12,3
0.6600000262260437,0.3375000059604645,0.10000000149011612,0.7124999761581421,4.0,0.13459999859333038,0.4797999858856201,0.3400000035762787,0.2874999940395355,0.925000011920929,0.7749999761581421,0.13670000433921814,0.07500000298023224,0.5266000032424927,0.5060999989509583,0.824999988079071,3.0,0.49950000643730164,3.0,0.5,0.014999999664723873,0.925000011920929,0.20000000298023224,0.875,0.20000000298023224,4161,21314,33794,8386,21314,12737,8386,33794,12737,38405,17089,4-3-3,27,13,3,23,10,6,111473,4,581,9,7,6,7,0,25,15,3
0.3499999940395355,0.3375000059604645,0.49950000643730164,0.7124999761581421,5.0,0.17499999701976776,0.3375000059604645,0.925000011920929,0.2874999940395355,0.10000000149011612,0.875,0.17499999701976776,0.07500000298023224,0.6499999761581421,0.5,0.6499999761581421,1.0,0.5,4.0,0.6499999761581421,0.017500000074505806,0.925000011920929,0.20000000298023224,0.6625000238418579,0.20000000298023224,4161,17089,25602,8386,25602,12737,8386,38405,12737,29570,17089,4-2-3-1(2),25,11,2,16,9,14,111527,4,582,4,7,6,3,0,18,12,3
0.5,0.512499988079071,0.07500000298023224,0.675000011920929,4.0,0.15000000596046448,0.512499988079071,0.3499999940395355,0.32499998807907104,0.925000011920929,0.824999988079071,0.15000000596046448,0.07500000298023224,0.512499988079071,0.5,0.824999988079071,3.0,0.49950000643730164,3.0,0.6499999761581421,0.017500000074505806,0.925000011920929,0.20000000298023224,0.875,0.20000000298023224,4161,21314,33861,8386,21445,12737,8450,33794,12737,38405,21314,4-3-3,27,14,3,23,13,6,111594,4,583,8,7,6,17,0,25,15,3
0.5,0.512499988079071,0.07500000298023224,0.675000011920929,4.0,0.15000000596046448,0.512499988079071,0.3499999940395355,0.32499998807907104,0.925000011920929,0.824999988079071,0.15000000596046448,0.07500000298023224,0.512499988079071,0.5,0.824999988079071,3.0,0.49950000643730164,3.0,0.6499999761581421,0.017500000074505806,0.925000011920929,0.20000000298023224,0.875,0.20000000298023224,4161,21314,33794,8386,21445,12737,8386,33794,12737,38341,21381,4-3-3,27,14,3,23,13,6,111629,4,584,8,7,6,17,0,25,15,3
0.3499999940395355,0.512499988079071,0.07500000298023224,0.675000011920929,4.0,0.15000000596046448,0.512499988079071,0.5,0.32499998807907104,0.925000011920929,0.824999988079071,0.15000000596046448,0.07500000298023224,0.6625000238418579,0.5,0.824999988079071,3.0,0.49950000643730164,3.0,0.6499999761581421,0.017500000074505806,0.925000011920929,0.20000000298023224,0.875,0.20000000298023224,4161,21314,33794,8450,29570,12737,8386,33794,12737,38341,21185,4-3-3,27,15,3,23,13,6,111633,4,585,11,7,6,4,0,25,18,3
0.3499999940395355,0.512499988079071,0.49950000643730164,0.5,3.0,0.15000000596046448,0.512499988079071,0.07500000298023224,0.36250001192092896,0.800000011920929,0.875,0.125,0.925000011920929,0.5249999761581421,0.5,0.6625000238418579,2.0,0.20000000298023224,5.0,0.6499999761581421,0.017500000074505806,0.637499988079071,0.5249999761581421,0.6625000238418579,0.125,4161,21314,29570,25794,25669,12737,12737,38213,12737,29637,21314,3-4-2-1,25,15,3,17,13,19,111651,5,586,24,12,6,21,0,19,16,4
0.5,0.512499988079071,0.07500000298023224,0.675000011920929,4.0,0.15000000596046448,0.512499988079071,0.3499999940395355,0.32499998807907104,0.925000011920929,0.824999988079071,0.15000000596046448,0.07500000298023224,0.512499988079071,0.5,0.824999988079071,3.0,0.49950000643730164,3.0,0.6499999761581421,0.017500000074505806,0.925000011920929,0.20000000298023224,0.875,0.20000000298023224,4161,21314,33794,8450,21381,12737,8450,33794,12737,38405,21445,4-3-3,27,14,3,23,13,6,111657,4,587,8,7,6,17,0,25,15,3
0.5,0.20000000298023224,0.38999998569488525,0.7124999761581421,5.0,0.17499999701976776,0.3375000059604645,0.6600000262260437,0.4970000088214874,0.3400000035762787,0.875,0.15479999780654907,0.2874999940395355,0.550000011920929,0.5,0.550000011920929,2.0,0.6000000238418579,3.0,0.07500000298023224,0.017500000074505806,0.925000011920929,0.17499999701976776,0.875,0.20000000298023224,4161,17089,21314,12737,21314,12737,8578,38405,12737,38405,8450,5-3-2,26,10,1,15,7,4,111659,4,588,31,6,5,24,0,24,13,3
0.3499999940395355,0.512499988079071,0.49950000643730164,0.5,3.0,0.15000000596046448,0.512499988079071,0.07500000298023224,0.32499998807907104,0.800000011920929,0.875,0.15000000596046448,0.925000011920929,0.5874999761581421,0.5,0.6625000238418579,2.0,0.20000000298023224,5.0,0.6499999761581421,0.017500000074505806,0.675000011920929,0.5874999761581421,0.6625000238418579,0.15000000596046448,4161,21314,29570,25602,25602,12865,12737,38275,12865,29570,21381,3-4-2-1,25,15,3,17,13,19,111674,5,589,24,12,6,21,0,19,16,4
0.36000001430511475,0.3375000059604645,0.49950000643730164,0.675000011920929,5.0,0.15000000596046448,0.375,0.9099000096321106,0.32499998807907104,0.07199999690055847,0.875,0.15000000596046448,0.07500000298023224,0.6499999761581421,0.5,0.6499999761581421,1.0,0.5,4.0,0.6499999761581421,0.017500000074505806,0.925000011920929,0.20000000298023224,0.6625000238418579,0.20000000298023224,4161,17089,25602,8578,25602,12737,8386,38405,12737,29570,17089,4-2-3-1(2),25,11,2,16,9,14,111701,4,590,4,7,6,3,0,18,12,3
0.3499999940395355,0.512499988079071,0.07500000298023224,0.675000011920929,4.0,0.15000000596046448,0.512499988079071,0.5,0.32499998807907104,0.925000011920929,0.824999988079071,0.15000000596046448,0.07500000298023224,0.6625000238418579,0.5,0.824999988079071,3.0,0.49950000643730164,3.0,0.6499999761581421,0.017500000074505806,0.925000011920929,0.20000000298023224,0.875,0.20000000298023224,4161,21314,33794,8450,29570,12865,8578,33794,12737,38213,21314,4-3-3,27,15,3,23,13,6,111705,4,591,11,7,6,4,0,25,18,3
0.925000011920929,0.3375000059604645,0.49950000643730164,0.6851999759674072,4.5,0.17499999701976776,0.5874999761581421,0.6499999761581421,0.34200000762939453,0.3499999940395355,0.8834999799728394,0.17499999701976776,0.07419999688863754,0.512499988079071,0.4909000098705292,0.512499988079071,1.0,0.07500000298023224,4.5,0.5,0.019999999552965164,0.9318000078201294,0.22499999403953552,0.5874999761581421,0.22499999403953552,4161,25602,21314,8386,21314,12737,8450,38213,12802,25602,17025,4-1-4-1,25,12,2,15,10,15,111706,4,592,2,7,6,31,0,16,13,3
0.6499999761581421,0.5874999761581421,0.38999998569488525,0.6597999930381775,4.0,0.1543000042438507,0.512499988079071,0.3499999940395355,0.36250001192092896,0.07500000298023224,0.875,0.15000000596046448,0.07500000298023224,0.512499988079071,0.5,0.5874999761581421,2.0,0.5899999737739563,4.0,0.925000011920929,0.017500000074505806,0.925000011920929,0.20000000298023224,0.8791999816894531,0.20000000298023224,4161,21314,25669,8450,21249,12802,8386,38405,12737,38275,25730,4-4-2,26,13,2,16,12,10,111708,4,593,16,7,6,11,0,24,15,3
0.9090999960899353,0.3375000059604645,0.5085999965667725,0.6610000133514404,4.5,0.17069999873638153,0.5407000184059143,0.6499999761581421,0.335999995470047,0.3499999940395355,0.8999999761581421,0.17499999701976776,0.07500000298023224,0.512499988079071,0.5,0.512499988079071,1.0,0.0908999964594841,4.5,0.5,0.017500000074505806,0.925000011920929,0.20000000298023224,0.5407000184059143,0.20000000298023224,4161,25730,21314,8386,21314,12865,8386,38213,12737,25730,17089,4-1-4-1,25,12,2,15,10,15,111710,4,594,2,7,6,31,0,16,13,3
0.5,0.20000000298023224,0.38999998569488525,0.675000011920929,5.0,0.15000000596046448,0.3375000059604645,0.6499999761581421,0.5,0.3499999940395355,0.875,0.15000000596046448,0.33410000801086426,0.512499988079071,0.5,0.512499988079071,2.0,0.6000000238418579,3.0,0.07500000298023224,0.017500000074505806,0.925000011920929,0.14569999277591705,0.875,0.20000000298023224,4161,17025,21381,12802,21249,12865,8386,38405,12737,38405,8386,5-3-2,26,10,1,15,7,4,111711,4,595,31,6,5,24,0,24,13,3
0.3499999940395355,0.3375000059604645,0.49950000643730164,0.6538000106811523,5.0,0.17499999701976776,0.3375000059604645,0.925000011920929,0.36250001192092896,0.07500000298023224,0.875,0.17499999701976776,0.07500000298023224,0.5874999761581421,0.5,0.5874999761581421,1.0,0.5,4.0,0.6499999761581421,0.017500000074505806,0.925000011920929,0.20000000298023224,0.6625000238418579,0.20000000298023224,4161,17089,25669,8386,25602,12737,8450,38405,12737,29570,17089,4-2-3-1(2),25,11,2,16,9,14,111715,4,596,4,7,6,3,0,18,12,3
0.49390000104904175,0.20000000298023224,0.3799999952316284,0.7124999761581421,5.0,0.17499999701976776,0.35589998960494995,0.6600000262260437,0.5,0.3400000035762787,0.8500000238418579,0.17499999701976776,0.2874999940395355,0.5116999745368958,0.5,0.550000011920929,2.0,0.6100000143051147,3.0,0.07500000298023224,0.017500000074505806,0.925000011920929,0.1729000061750412,0.8776000142097473,0.20000000298023224,4161,17089,21249,12802,21314,12865,8386,38405,12802,38405,8578,5-3-2,26,10,1,15,7,4,111716,4,597,31,6,5,24,0,24,13,3
0.3499999940395355,0.3375000059604645,0.49950000643730164,0.675000011920929,5.0,0.15000000596046448,0.3375000059604645,0.925000011920929,0.32499998807907104,0.07500000298023224,0.875,0.15000000596046448,0.07500000298023224,0.5874999761581421,0.5,0.5874999761581421,1.0,0.5,4.0,0.6499999761581421,0.017500000074505806,0.925000011920929,0.20000000298023224,0.6625000238418579,0.20000000298023224,4161,17025,25602,8450,25669,12802,8386,38405,12802,29570,17153,4-2-3-1(2),25,11,2,16,9,14,111722,4,598,4,7,6,3,0,18,12,3
0.9121000170707703,0.3375000059604645,0.49950000643730164,0.637499988079071,4.5,0.1543000042438507,0.6011000275611877,0.6499999761581421,0.33709999918937683,0.3499999940395355,0.875,0.15000000596046448,0.10000000149011612,0.512499988079071,0.5,0.512499988079071,1.0,0.10000000149011612,4.5,0.5,0.017500000074505806,0.9007999897003174,0.22499999403953552,0.6036999821662903,0.20000000298023224,4161,25602,21314,8386,21314,12737,8386,38405,12737,25669,17089,4-1-4-1,25,12,2,15,10,15,111724,4,599,2,7,6,31,0,16,13,3
0.6600000262260437,0.5874999761581421,0.38999998569488525,0.5,3.5,0.15000000596046448,0.5245000123977661,0.3400000035762787,0.2874999940395355,0.07500000298023224,0.875,0.125,0.5,0.5116999745368958,0.5044999718666077,0.5874999761581421,2.0,0.6000000238418579,4.5,0.925000011920929,0.014999999664723873,0.7124999761581421,0.3375000059604645,0.875,0.125,4161,21249,25602,17089,21185,12737,12802,38405,12737,38405,25602,3-1-4-2,26,13,3,16,12,1,111766,5,600,22,10,6,28,0,24,15,4
0.6499999761581421,0.5874999761581421,0.38999998569488525,0.675000011920929,4.0,0.15000000596046448,0.512499988079071,0.3499999940395355,0.32499998807907104,0.07500000298023224,0.875,0.15000000596046448,0.07500000298023224,0.512499988079071,0.5,0.5874999761581421,2.0,0.6000000238418579,4.0,0.925000011920929,0.017500000074505806,0.925000011920929,0.20000000298023224,0.875,0.20000000298023224,4161,21314,25602,8386,21314,12737,8386,38405,12737,38405,25602,4-4-2,26,13,2,16,12,10,111768,4,601,16,7,6,11,0,24,15,3
0.5,0.512499988079071,0.07500000298023224,0.6779999732971191,4.0,0.17499999701976776,0.512499988079071,0.3499999940395355,0.36250001192092896,0.925000011920929,0.824999988079071,0.164900004863739,0.07500000298023224,0.512499988079071,0.5,0.824999988079071,3.0,0.49950000643730164,3.0,0.6499999761581421,0.017500000074505806,0.925000011920929,0.20000000298023224,0.875,0.20000000298023224,4161,21314,33794,8386,21381,12737,8386,33794,12737,38341,21314,4-3-3,27,14,3,23,13,6,111769,4,602,8,7,6,17,0,25,15,3
0.925000011920929,0.3375000059604645,0.49950000643730164,0.675000011920929,4.5,0.15000000596046448,0.5874999761581421,0.6499999761581421,0.32499998807907104,0.3499999940395355,0.875,0.15000000596046448,0.07500000298023224,0.512499988079071,0.5,0.512499988079071,1.0,0.07500000298023224,4.5,0.5,0.017500000074505806,0.925000011920929,0.20000000298023224,0.5874999761581421,0.20000000298023224,4161,25602,21314,8386,21314,12737,8386,38213,12737,25602,17025,4-1-4-1,25,12,2,15,10,15,111774,4,603,2,7,6,31,0,16,13,3
0.6499999761581421,0.5564000010490417,0.3799999952316284,0.6931999921798706,4.0,0.15639999508857727,0.512499988079071,0.3499999940395355,0.3158999979496002,0.054499998688697815,0.8707000017166138,0.164900004863739,0.07500000298023224,0.512499988079071,0.5,0.5521000027656555,2.0,0.6100000143051147,4.0,0.9160000085830688,0.017500000074505806,0.925000011920929,0.20000000298023224,0.8729000091552734,0.20000000298023224,4161,21185,25602,8386,21314,12737,8386,38213,12737,38275,25602,4-4-2,26,13,2,16,12,10,111779,4,604,16,7,6,11,0,24,15,3
0.3499999940395355,0.512499988079071,0.49950000643730164,0.5,3.0,0.15000000596046448,0.512499988079071,0.05000000074505806,0.2874999940395355,0.800000011920929,0.875,0.17499999701976776,0.949999988079071,0.5249999761581421,0.5,0.6625000238418579,2.0,0.20000000298023224,5.0,0.6499999761581421,0.019999999552965164,0.7124999761581421,0.5249999761581421,0.6625000238418579,0.17499999701976776,4161,21314,29637,25602,25602,12737,12802,38213,12737,29637,21249,3-4-2-1,25,15,3,17,13,19,111811,5,605,24,12,6,21,0,19,16,4
0.5,0.5231000185012817,0.3799999952316284,0.7003999948501587,4.0,0.17499999701976776,0.512499988079071,0.3400000035762787,0.3147999942302704,0.4970000088214874,0.875,0.17499999701976776,0.08410000056028366,0.5188999772071838,0.5,0.6973000168800354,2.5,0.6100000143051147,3.5,0.6560999751091003,0.017500000074505806,0.925000011920929,0.22499999403953552,0.875,0.22499999403953552,4161,21249,29637,8450,21314,12737,8386,38405,12737,38405,21314,4-3-1-2,26,14,2,18,13,9,111817,4,606,6,7,6,34,0,24,15,3
0.3499999940395355,0.512499988079071,0.07500000298023224,0.5,3.0,0.15000000596046448,0.512499988079071,0.10000000149011612,0.2874999940395355,0.925000011920929,0.824999988079071,0.17499999701976776,0.8999999761581421,0.5249999761581421,0.5,0.824999988079071,3.0,0.49950000643730164,4.0,0.6499999761581421,0.017500000074505806,0.7124999761581421,0.5249999761581421,0.875,0.17499999701976776,4226,21314,33794,25730,25730,12802,12737,33794,12737,38213,21314,3-4-3,27,15,4,23,13,0,111822,5,607,25,12,6,2,0,25,16,4
0.3499999940395355,0.3375000059604645,0.49950000643730164,0.675000011920929,5.0,0.15000000596046448,0.3375000059604645,0.925000011920929,0.32499998807907104,0.07500000298023224,0.875,0.15000000596046448,0.07500000298023224,0.5874999761581421,0.5,0.5874999761581421,1.0,0.5,4.0,0.6499999761581421,0.017500000074505806,0.925000011920929,0.20000000298023224,0.6625000238418579,0.20000000298023224,4161,17089,25602,8386,25794,12737,8450,38275,12737,29570,17089,4-2-3-1(2),25,11,2,16,9,14,111928,4,608,4,7,6,3,0,18,12,3
0.6499999761581421,0.3375000059604645,0.07500000298023224,0.637499988079071,4.0,0.17499999701976776,0.512499988079071,0.3499999940395355,0.36250001192092896,0.925000011920929,0.824999988079071,0.17499999701976776,0.10000000149011612,0.512499988079071,0.5,0.824999988079071,3.0,0.5090000033378601,3.0,0.5,0.017500000074505806,0.8999999761581421,0.22499999403953552,0.8500000238418579,0.22499999403953552,4161,21445,33794,8450,21314,12865,8386,33794,12737,38341,17089,4-3-3,27,13,3,23,10,6,111974,4,609,9,7,6,7,0,25,15,3
0.5,0.5145999789237976,0.38999998569488525,0.675000011920929,4.0,0.15000000596046448,0.512499988079071,0.3400000035762787,0.32499998807907104,0.5,0.875,0.15000000596046448,0.07500000298023224,0.512499988079071,0.5,0.6625000238418579,2.5,0.6000000238418579,3.5,0.6600000262260437,0.017500000074505806,0.925000011920929,0.20000000298023224,0.875,0.20000000298023224,4161,21185,29637,8386,21314,12737,8578,38405,12865,38405,21314,4-3-1-2,26,14,2,18,13,9,111993,4,610,6,7,6,34,0,24,15,3
0.6448000073432922,0.20000000298023224,0.07500000298023224,0.7124999761581421,6.0,0.15000000596046448,0.5133000016212463,0.3400000035762787,0.5,0.925000011920929,0.824999988079071,0.15000000596046448,0.2874999940395355,0.5112000107765198,0.5,0.824999988079071,1.0,0.49950000643730164,3.0,0.07500000298023224,0.017500000074505806,0.925000011920929,0.15000000596046448,0.875,0.20000000298023224,4161,21314,33794,12865,21445,12737,8578,33794,12737,38213,8578,5-2-3,27,13,1,23,7,3,112072,4,611,30,6,5,36,0,25,15,3
0.5,0.512499988079071,0.07500000298023224,0.675000011920929,4.0,0.15000000596046448,0.512499988079071,0.3529999852180481,0.32499998807907104,0.925000011920929,0.824999988079071,0.15000000596046448,0.07500000298023224,0.527400016784668,0.5,0.824999988079071,3.0,0.49950000643730164,3.0,0.6499999761581421,0.017500000074505806,0.925000011920929,0.20000000298023224,0.875,0.20000000298023224,4161,21314,33794,8450,21381,12737,8450,33989,12737,38341,21314,4-3-3,27,14,3,23,13,6,112096,4,612,8,7,6,17,0,25,15,3
0.6499999761581421,0.5874999761581421,0.38999998569488525,0.7124999761581421,4.0,0.17499999701976776,0.512499988079071,0.3499999940395355,0.2874999940395355,0.07500000298023224,0.875,0.17499999701976776,0.07500000298023224,0.512499988079071,0.5,0.5874999761581421,2.0,0.6000000238418579,4.0,0.925000011920929,0.017500000074505806,0.925000011920929,0.20000000298023224,0.875,0.20000000298023224,4161,21314,25794,8450,21314,12737,8513,38275,12737,38405,25602,4-4-2,26,13,2,16,12,10,112115,4,613,16,7,6,11,0,24,15,3
0.3499999940395355,0.512499988079071,0.49950000643730164,0.5,3.0,0.15000000596046448,0.512499988079071,0.07500000298023224,0.32499998807907104,0.800000011920929,0.875,0.15000000596046448,0.925000011920929,0.5874999761581421,0.5,0.6625000238418579,2.0,0.20000000298023224,5.0,0.6499999761581421,0.017500000074505806,0.675000011920929,0.5874999761581421,0.6625000238418579,0.15000000596046448,4161,21185,29570,25602,25602,12737,12737,38405,12737,29957,21185,3-4-2-1,25,15,3,17,13,19,112124,5,614,24,12,6,21,0,19,16,4
0.5,0.4771000146865845,0.07500000298023224,0.637499988079071,4.0,0.1436000019311905,0.512499988079071,0.3400000035762787,0.32499998807907104,0.925000011920929,0.824999988079071,0.14790000021457672,0.07500000298023224,0.5238999724388123,0.5,0.824999988079071,3.0,0.49950000643730164,3.0,0.6399999856948853,0.017500000074505806,0.8999999761581421,0.22499999403953552,0.875,0.17499999701976776,4161,21314,33794,8386,21249,12865,8386,33794,12737,38405,21185,4-3-3,27,14,3,23,13,6,112126,4,615,8,7,6,17,0,25,15,3
0.6590999960899353,0.35589998960494995,0.38999998569488525,0.675000011920929,4.0,0.15000000596046448,0.4749999940395355,0.3400000035762787,0.32499998807907104,0.5,0.875,0.15000000596046448,0.07500000298023224,0.48559999465942383,0.5,0.6625000238418579,2.5,0.6000000238418579,3.5,0.48739999532699585,0.017500000074505806,0.925000011920929,0.20000000298023224,0.875,0.20000000298023224,4161,21445,29570,8450,21445,12865,8386,38341,12737,38341,17089,4-1-2-1-2(2),26,13,2,18,10,11,112134,4,616,15,7,6,9,0,24,15,3
0.36000001430511475,0.33320000767707825,0.49950000643730164,0.675000011920929,5.0,0.15000000596046448,0.33320000767707825,0.925000011920929,0.32499998807907104,0.07500000298023224,0.875,0.15000000596046448,0.07500000298023224,0.5874999761581421,0.5,0.5874999761581421,1.0,0.5,4.0,0.6399999856948853,0.017500000074505806,0.925000011920929,0.20000000298023224,0.6625000238418579,0.20000000298023224,4161,17025,25794,8386,25730,12737,8578,38405,12865,29570,17089,4-2-3-1(2),25,11,2,16,9,14,112139,4,617,4,7,6,3,0,18,12,3
0.6499999761581421,0.5874999761581421,0.38999998569488525,0.675000011920929,4.0,0.15000000596046448,0.512499988079071,0.3499999940395355,0.34619998931884766,0.07500000298023224,0.875,0.14100000262260437,0.07500000298023224,0.512499988079071,0.5,0.5874999761581421,2.0,0.6000000238418579,4.0,0.925000011920929,0.017500000074505806,0.925000011920929,0.20000000298023224,0.875,0.20000000298023224,4161,21314,25794,8386,21314,12737,8386,38405,12737,38405,25602,4-4-2,26,13,2,16,12,10,112163,4,618,16,7,6,11,0,24,15,3
0.3499999940395355,0.512499988079071,0.38999998569488525,0.5,3.0,0.15000000596046448,0.512499988079071,0.07500000298023224,0.34619998931884766,0.5,0.875,0.15000000596046448,0.925000011920929,0.5874999761581421,0.5,0.6625000238418579,2.5,0.6000000238418579,4.5,0.6499999761581421,0.017500000074505806,0.675000011920929,0.5874999761581421,0.875,0.15000000596046448,4161,21185,29570,25602,25730,12865,12737,38405,12737,38341,21445,3-4-1-2,26,15,4,18,13,1,112168,5,619,23,12,6,29,0,24,16,4
0.35910001397132874,0.375,0.383899986743927,0.7124999761581421,5.0,0.17499999701976776,0.375,0.800000011920929,0.2874999940395355,0.20000000298023224,0.8500000238418579,0.17499999701976776,0.07500000298023224,0.6625000238418579,0.5,0.6625000238418579,2.0,0.6000000238418579,3.0,0.6552000045776367,0.017500000074505806,0.925000011920929,0.20000000298023224,0.875,0.20000000298023224,4226,17089,29570,8578,29957,12802,8450,38405,12802,38341,17089,4-2-2-2,26,11,2,19,9,10,112172,4,620,13,7,6,32,0,24,17,3
0.6499999761581421,0.20000000298023224,0.07500000298023224,0.675000011920929,6.0,0.15000000596046448,0.512499988079071,0.3499999940395355,0.5,0.925000011920929,0.824999988079071,0.15000000596046448,0.32499998807907104,0.512499988079071,0.5,0.824999988079071,1.0,0.49950000643730164,3.0,0.07500000298023224,0.017500000074505806,0.925000011920929,0.15000000596046448,0.875,0.20000000298023224,4161,21314,33794,12737,21314,12865,8386,33794,12737,38213,8450,5-2-3,27,13,1,23,7,3,112180,4,621,30,6,5,36,0,25,15,3
0.3499999940395355,0.3375000059604645,0.49950000643730164,0.675000011920929,5.0,0.15000000596046448,0.3375000059604645,0.925000011920929,0.32499998807907104,0.07500000298023224,0.875,0.15000000596046448,0.07500000298023224,0.5874999761581421,0.5,0.5874999761581421,1.0,0.5,4.0,0.6499999761581421,0.017500000074505806,0.925000011920929,0.20000000298023224,0.6625000238418579,0.20000000298023224,4161,17153,25669,8578,25794,12737,8578,38341,12865,29570,17089,4-2-3-1(2),25,11,2,16,9,14,112199,4,622,4,7,6,3,0,18,12,3
0.925000011920929,0.3375000059604645,0.49950000643730164,0.675000011920929,4.5,0.15000000596046448,0.5874999761581421,0.6499999761581421,0.32499998807907104,0.3499999940395355,0.875,0.15000000596046448,0.07500000298023224,0.512499988079071,0.5,0.512499988079071,1.0,0.07500000298023224,4.5,0.5,0.017500000074505806,0.925000011920929,0.20000000298023224,0.5874999761581421,0.20000000298023224,4161,25794,21314,8386,21314,12737,8450,38341,12737,25602,17089,4-1-4-1,25,12,2,15,10,15,112222,4,623,2,7,6,31,0,16,13,3
0.3499999940395355,0.3375000059604645,0.5055000185966492,0.6496000289916992,5.0,0.15000000596046448,0.3375000059604645,0.8999999761581421,0.32499998807907104,0.10000000149011612,0.8999999761581421,0.15000000596046448,0.08720000088214874,0.6499999761581421,0.5,0.6499999761581421,1.0,0.5,4.0,0.6499999761581421,0.017500000074505806,0.9067999720573425,0.22499999403953552,0.6625000238418579,0.22499999403953552,4226,17089,25669,8513,25669,12865,8513,38405,12802,29637,17153,4-2-3-1(2),25,11,2,16,9,14,112224,4,624,4,7,6,3,0,18,12,3
0.3499999940395355,0.3375000059604645,0.49950000643730164,0.7003999948501587,5.0,0.14949999749660492,0.3375000059604645,0.925000011920929,0.30869999527931213,0.07500000298023224,0.875,0.14949999749660492,0.07500000298023224,0.5874999761581421,0.5,0.5874999761581421,1.0,0.5,4.0,0.6499999761581421,0.017500000074505806,0.925000011920929,0.20000000298023224,0.6625000238418579,0.20000000298023224,4161,17089,25602,8450,25602,12737,8386,38213,12737,29570,17089,4-2-3-1(2),25,11,2,16,9,14,112254,4,625,4,7,6,3,0,18,12,3
0.6499999761581421,0.5874999761581421,0.38999998569488525,0.675000011920929,4.0,0.15000000596046448,0.512499988079071,0.3499999940395355,0.32499998807907104,0.07500000298023224,0.875,0.15000000596046448,0.07500000298023224,0.512499988079071,0.5,0.5874999761581421,2.0,0.6000000238418579,4.0,0.925000011920929,0.017500000074505806,0.925000011920929,0.20000000298023224,0.875,0.20000000298023224,4161,21381,25602,8386,21314,12737,8450,38405,12802,38275,25602,4-4-2,26,13,2,16,12,10,112258,4,626,16,7,6,11,0,24,15,3
0.5,0.20000000298023224,0.38999998569488525,0.6639999747276306,5.0,0.15000000596046448,0.3375000059604645,0.6521000266075134,0.5,0.3499999940395355,0.875,0.15000000596046448,0.32989999651908875,0.5112000107765198,0.4970000088214874,0.5112000107765198,2.0,0.6000000238418579,3.0,0.07500000298023224,0.014999999664723873,0.925000011920929,0.149399995803833,0.875,0.20000000298023224,4161,17153,21314,12737,21314,12737,8578,38213,12737,38341,8578,5-3-2,26,10,1,15,7,4,112259,4,627,31,6,5,24,0,24,13,3
0.5,0.20000000298023224,0.38999998569488525,0.6859999895095825,5.0,0.149399995803833,0.3375000059604645,0.6499999761581421,0.5,0.3499999940395355,0.875,0.15000000596046448,0.3147999942302704,0.512499988079071,0.5,0.512499988079071,2.0,0.6000000238418579,3.0,0.07500000298023224,0.017500000074505806,0.925000011920929,0.14949999749660492,0.875,0.20000000298023224,4161,17089,21445,12737,21381,12737,8578,38405,12737,38405,8578,5-3-2,26,10,1,15,7,4,112260,4,628,31,6,5,24,0,24,13,3
0.375,0.3499999940395355,0.5,0.625,5.0,0.10000000149011612,0.3499999940395355,0.675000011920929,0.375,0.5,0.925000011920929,0.10000000149011612,0.15000000596046448,0.6499999761581421,0.5,0.6499999761581421,1.0,0.32499998807907104,4.0,0.625,0.07500000298023224,0.8500000238418579,0.11249999701976776,0.6499999761581421,0.11249999701976776,4161,17089,29570,8386,29570,12737,8386,38405,12737,29570,17089,4-2-3-1,25,11,2,18,9,14,112264,4,629,3,7,6,16,0,19,17,3
0.3529999852180481,0.3346000015735626,0.49950000643730164,0.6507999897003174,5.0,0.14569999277591705,0.33959999680519104,0.8999999761581421,0.36250001192092896,0.10000000149011612,0.875,0.15000000596046448,0.07500000298023224,0.6194000244140625,0.5,0.6258000135421753,1.0,0.5,4.0,0.6600000262260437,0.017500000074505806,0.925000011920929,0.20000000298023224,0.6625000238418579,0.20000000298023224,4161,17089,25602,8578,25794,12865,8450,38405,12802,29957,17089,4-2-3-1(2),25,11,2,16,9,14,112387,4,630,4,7,6,3,0,18,12,3
0.3499999940395355,0.3375000059604645,0.49950000643730164,0.675000011920929,5.0,0.15000000596046448,0.3375000059604645,0.925000011920929,0.32499998807907104,0.07500000298023224,0.875,0.15000000596046448,0.07500000298023224,0.5874999761581421,0.5,0.5874999761581421,1.0,0.5,4.0,0.6499999761581421,0.017500000074505806,0.921999990940094,0.20000000298023224,0.6625000238418579,0.22499999403953552,4161,17089,25602,8450,25794,12865,8450,38405,12737,29570,17089,4-2-3-1(2),25,11,2,16,9,14,112390,4,631,4,7,6,3,0,18,12,3
0.3499999940395355,0.3375000059604645,0.49950000643730164,0.675000011920929,5.0,0.15000000596046448,0.3375000059604645,0.925000011920929,0.32499998807907104,0.07500000298023224,0.875,0.15000000596046448,0.07500000298023224,0.5874999761581421,0.5,0.5874999761581421,1.0,0.5,4.0,0.6499999761581421,0.017500000074505806,0.925000011920929,0.20000000298023224,0.6625000238418579,0.20000000298023224,4226,17153,25602,8386,25602,12737,8386,38341,12737,29570,17089,4-2-3-1(2),25,11,2,16,9,14,112391,4,632,4,7,6,3,0,18,12,3
0.6499999761581421,0.5874999761581421,0.38999998569488525,0.675000011920929,4.0,0.15000000596046448,0.512499988079071,0.3499999940395355,0.32499998807907104,0.07500000298023224,0.875,0.15000000596046448,0.07500000298023224,0.512499988079071,0.5,0.5874999761581421,2.0,0.6000000238418579,4.0,0.925000011920929,0.017500000074505806,0.925000011920929,0.20000000298023224,0.875,0.20000000298023224,4161,21314,25730,8386,21314,12737,8450,38405,12737,38275,25794,4-4-2,26,13,2,16,12,10,112392,4,633,16,7,6,11,0,24,15,3
0.925000011920929,0.3375000059604645,0.49950000643730164,0.675000011920929,4.5,0.15000000596046448,0.5874999761581421,0.6499999761581421,0.32499998807907104,0.3499999940395355,0.875,0.15000000596046448,0.07500000298023224,0.512499988079071,0.5,0.512499988079071,1.0,0.07500000298023224,4.5,0.5,0.017500000074505806,0.925000011920929,0.20000000298023224,0.5874999761581421,0.20000000298023224,4161,25602,21314,8386,21445,12802,8386,38341,12737,25602,17025,4-1-4-1,25,12,2,15,10,15,112393,4,634,2,7,6,31,0,16,13,3
0.3499999940395355,0.3375000059604645,0.49950000643730164,0.675000011920929,5.0,0.15000000596046448,0.3375000059604645,0.925000011920929,0.32499998807907104,0.07500000298023224,0.875,0.15000000596046448,0.07500000298023224,0.5874999761581421,0.5,0.5874999761581421,1.0,0.5,4.0,0.6499999761581421,0.017500000074505806,0.925000011920929,0.20000000298023224,0.6625000238418579,0.20000000298023224,4161,17153,25794,8386,25602,12737,8450,38341,12737,29637,17089,4-2-3-1(2),25,11,2,16,9,14,112408,4,635,4,7,6,3,0,18,12,3
0.6499999761581421,0.6499999761581421,0.38999998569488525,0.6579999923706055,4.0,0.164900004863739,0.512499988079071,0.3499999940395355,0.3450999855995178,0.09700000286102295,0.875,0.16920000314712524,0.06520000100135803,0.512499988079071,0.5,0.6499999761581421,2.0,0.6000000238418579,4.0,0.8999999761581421,0.017500000074505806,0.949999988079071,0.22499999403953552,0.875,0.22499999403953552,4161,21314,25602,8450,21249,12737,8450,38213,12802,38405,25602,4-4-2,26,13,2,16,12,10,112427,4,636,16,7,6,11,0,24,15,3
0.3499999940395355,0.3375000059604645,0.07500000298023224,0.675000011920929,4.0,0.15000000596046448,0.3375000059604645,0.5,0.32499998807907104,0.925000011920929,0.824999988079071,0.15000000596046448,0.07500000298023224,0.6625000238418579,0.5,0.824999988079071,3.0,0.49950000643730164,3.0,0.6499999761581421,0.017500000074505806,0.925000011920929,0.20000000298023224,0.875,0.20000000298023224,4161,17089,33794,8386,29570,12737,8386,33794,12737,38405,17089,4-2-1-3,27,11,3,23,9,18,112472,4,637,36,7,6,27,0,25,18,3
0.3499999940395355,0.512499988079071,0.49950000643730164,0.5,3.0,0.15000000596046448,0.512499988079071,0.07500000298023224,0.32499998807907104,0.800000011920929,0.875,0.15000000596046448,0.925000011920929,0.5874999761581421,0.5,0.6625000238418579,2.0,0.20000000298023224,5.0,0.6499999761581421,0.017500000074505806,0.675000011920929,0.5874999761581421,0.6625000238418579,0.15000000596046448,4161,21381,29570,25730,25669,12737,12865,38405,12865,29570,21314,3-4-2-1,25,15,3,17,13,19,112493,5,638,24,12,6,21,0,19,16,4
0.3499999940395355,0.512499988079071,0.49950000643730164,0.5,3.0,0.15000000596046448,0.512499988079071,0.07500000298023224,0.32499998807907104,0.800000011920929,0.875,0.15000000596046448,0.925000011920929,0.5874999761581421,0.5,0.6625000238418579,2.0,0.20000000298023224,5.0,0.6499999761581421,0.017500000074505806,0.675000011920929,0.5874999761581421,0.6625000238418579,0.15000000596046448,4161,21314,29570,25730,25730,12802,12737,38213,12737,29637,21249,3-4-2-1,25,15,3,17,13,19,112494,5,639,24,12,6,21,0,19,16,4
0.3499999940395355,0.3375000059604645,0.49950000643730164,0.6474999785423279,5.0,0.14169999957084656,0.3375000059604645,0.925000011920929,0.3472999930381775,0.07500000298023224,0.875,0.1404999941587448,0.10000000149011612,0.5874999761581421,0.5,0.5874999761581421,1.0,0.5,4.0,0.6499999761581421,0.017500000074505806,0.8999999761581421,0.21060000360012054,0.6625000238418579,0.20640000700950623,4226,17153,25730,8450,25602,12737,8386,38341,12737,29570,17089,4-2-3-1(2),25,11,2,16,9,14,112513,4,640,4,7,6,3,0,18,12,3
0.925000011920929,0.3375000059604645,0.49950000643730164,0.675000011920929,4.5,0.15000000596046448,0.5874999761581421,0.6499999761581421,0.32499998807907104,0.3499999940395355,0.875,0.15000000596046448,0.07500000298023224,0.512499988079071,0.5,0.512499988079071,1.0,0.07500000298023224,4.5,0.5,0.017500000074505806,0.925000011920929,0.20000000298023224,0.5874999761581421,0.20000000298023224,4161,25794,21314,8578,21314,12737,8450,38405,12802,25794,17089,4-1-4-1,25,12,2,15,10,15,112535,4,641,2,7,6,31,0,16,13,3
0.3499999940395355,0.3375000059604645,0.49950000643730164,0.675000011920929,5.0,0.15000000596046448,0.3375000059604645,0.925000011920929,0.32499998807907104,0.07500000298023224,0.875,0.15000000596046448,0.07500000298023224,0.5874999761581421,0.5,0.5874999761581421,1.0,0.5,4.0,0.6499999761581421,0.017500000074505806,0.925000011920929,0.20000000298023224,0.6625000238418579,0.20000000298023224,4161,17089,25602,8386,25794,12737,8386,38213,12737,29570,17089,4-2-3-1(2),25,11,2,16,9,14,112540,4,642,4,7,6,3,0,18,12,3
0.3499999940395355,0.375,0.49950000643730164,0.7124999761581421,5.0,0.17499999701976776,0.375,0.925000011920929,0.2874999940395355,0.07500000298023224,0.875,0.17499999701976776,0.07500000298023224,0.5874999761581421,0.5,0.5874999761581421,1.0,0.5055999755859375,4.0,0.6560999751091003,0.017500000074505806,0.925000011920929,0.20000000298023224,0.699999988079071,0.20000000298023224,4161,17089,25669,8386,25602,12737,8386,38275,12737,29570,17153,4-2-3-1(2),25,11,2,16,9,14,112558,4,643,4,7,6,3,0,18,12,3
0.3499999940395355,0.3375000059604645,0.49950000643730164,0.675000011920929,5.0,0.15000000596046448,0.3375000059604645,0.925000011920929,0.3260999917984009,0.07500000298023224,0.875,0.15000000596046448,0.07500000298023224,0.6456999778747559,0.5,0.6456999778747559,1.0,0.5,4.0,0.6499999761581421,0.017500000074505806,0.925000011920929,0.20000000298023224,0.6625000238418579,0.20000000298023224,4161,17089,25669,8386,25602,12737,8386,38405,12737,29570,17089,4-2-3-1(2),25,11,2,16,9,14,112584,4,644,4,7,6,3,0,18,12,3
0.3499999940395355,0.3375000059604645,0.49950000643730164,0.675000011920929,5.0,0.15000000596046448,0.3375000059604645,0.925000011920929,0.32499998807907104,0.10000000149011612,0.875,0.15000000596046448,0.07500000298023224,0.5874999761581421,0.5,0.5896000266075134,1.0,0.5,4.0,0.6499999761581421,0.017500000074505806,0.925000011920929,0.20000000298023224,0.6625000238418579,0.20000000298023224,4161,17089,25794,8450,25602,12737,8513,38341,12737,29570,17025,4-2-3-1(2),25,11,2,16,9,14,112606,4,645,4,7,6,3,0,18,12,3
0.6499999761581421,0.5874999761581421,0.38999998569488525,0.5,3.5,0.15000000596046448,0.512499988079071,0.3499999940395355,0.32499998807907104,0.07500000298023224,0.875,0.15000000596046448,0.5,0.512499988079071,0.5,0.5874999761581421,2.0,0.6000000238418579,4.5,0.925000011920929,0.017500000074505806,0.675000011920929,0.3375000059604645,0.875,0.15000000596046448,4161,21314,25730,17089,21445,12737,12865,38405,12865,38213,25602,3-1-4-2,26,13,3,16,12,1,112615,5,646,22,10,6,28,0,24,15,4
0.925000011920929,0.3375000059604645,0.38999998569488525,0.5,3.0,0.13510000705718994,0.5874999761581421,0.07500000298023224,0.2874999940395355,0.5,0.875,0.1712999939918518,0.6499999761581421,0.5874999761581421,0.5,0.6625000238418579,2.0,0.6061000227928162,5.0,0.3499999940395355,0.017500000074505806,0.7124999761581421,0.3375000059604645,0.8770999908447266,0.16699999570846558,4161,25602,29570,17089,25602,12737,12737,38405,12737,38405,17089,3-5-2,26,12,3,18,11,1,112658,5,647,27,9,6,22,0,24,16,4
0.6499999761581421,0.3375000059604645,0.07500000298023224,0.675000011920929,4.0,0.15000000596046448,0.512499988079071,0.3499999940395355,0.32499998807907104,0.925000011920929,0.824999988079071,0.15000000596046448,0.07500000298023224,0.512499988079071,0.5,0.824999988079071,3.0,0.49950000643730164,3.0,0.5,0.017500000074505806,0.925000011920929,0.20000000298023224,0.875,0.20000000298023224,4161,21314,33794,8386,21314,12737,8513,33794,12737,38405,17089,4-3-3,27,13,3,23,10,6,112667,4,648,9,7,6,7,0,25,15,3
0.3499999940395355,0.3375000059604645,0.49950000643730164,0.6851999759674072,5.0,0.17499999701976776,0.3375000059604645,0.925000011920929,0.3330000042915344,0.07500000298023224,0.875,0.16859999299049377,0.10000000149011612,0.5874999761581421,0.5,0.5874999761581421,1.0,0.5,4.0,0.6499999761581421,0.017500000074505806,0.921999990940094,0.22499999403953552,0.6625000238418579,0.21279999613761902,4161,17089,25602,8386,25669,12865,8450,38213,12865,29570,17089,4-2-3-1(2),25,11,2,16,9,14,112670,4,649,4,7,6,3,0,18,12,3
0.925000011920929,0.3375000059604645,0.49950000643730164,0.7124999761581421,4.5,0.15850000083446503,0.5874999761581421,0.6499999761581421,0.2874999940395355,0.3499999940395355,0.875,0.17499999701976776,0.07500000298023224,0.512499988079071,0.5,0.512499988079071,1.0,0.07500000298023224,4.5,0.5,0.017500000074505806,0.925000011920929,0.20000000298023224,0.5874999761581421,0.20000000298023224,4161,25602,21185,8450,21314,12737,8386,38405,12802,25602,17089,4-1-4-1,25,12,2,15,10,15,112671,4,650,2,7,6,31,0,16,13,3
0.925000011920929,0.3375000059604645,0.49950000643730164,0.675000011920929,4.5,0.15000000596046448,0.5874999761581421,0.6499999761581421,0.32499998807907104,0.3499999940395355,0.875,0.15000000596046448,0.07500000298023224,0.512499988079071,0.5,0.512499988079071,1.0,0.07500000298023224,4.5,0.5,0.017500000074505806,0.925000011920929,0.20000000298023224,0.5874999761581421,0.20000000298023224,4226,25602,21314,8386,21314,12737,8386,38405,12865,25602,17153,4-1-4-1,25,12,2,15,10,15,112675,4,651,2,7,6,31,0,16,13,3
0.3499999940395355,0.3375000059604645,0.49950000643730164,0.675000011920929,5.0,0.15000000596046448,0.3375000059604645,0.925000011920929,0.32499998807907104,0.10000000149011612,0.875,0.15000000596046448,0.07500000298023224,0.5874999761581421,0.5,0.5874999761581421,1.0,0.5,4.0,0.6499999761581421,0.017500000074505806,0.8999999761581421,0.20000000298023224,0.6625000238418579,0.19200000166893005,4161,17089,25602,8450,25730,12802,8386,38213,12737,29570,17089,4-2-3-1(2),25,11,2,16,9,14,112689,4,652,4,7,6,3,0,18,12,3
0.3499999940395355,0.3375000059604645,0.49950000643730164,0.675000011920929,5.0,0.15000000596046448,0.3375000059604645,0.925000011920929,0.32499998807907104,0.07500000298023224,0.875,0.15000000596046448,0.07500000298023224,0.5874999761581421,0.5,0.5874999761581421,1.0,0.5,4.0,0.6499999761581421,0.017500000074505806,0.925000011920929,0.20000000298023224,0.6625000238418579,0.20000000298023224,4161,17153,25602,8386,25602,12802,8386,38405,12737,29570,17089,4-2-3-1(2),25,11,2,16,9,14,112705,4,653,4,7,6,3,0,18,12,3
0.3499999940395355,0.3375000059604645,0.49950000643730164,0.675000011920929,5.0,0.15000000596046448,0.3375000059604645,0.925000011920929,0.32499998807907104,0.07500000298023224,0.875,0.15000000596046448,0.07500000298023224,0.5874999761581421,0.5,0.5874999761581421,1.0,0.5,4.0,0.6499999761581421,0.017500000074505806,0.925000011920929,0.20000000298023224,0.6625000238418579,0.20000000298023224,4161,17089,25602,8578,25794,12865,8386,38405,12737,29570,17089,4-2-3-1(2),25,11,2,16,9,14,112713,4,654,4,7,6,3,0,18,12,3
0.3499999940395355,0.3375000059604645,0.49950000643730164,0.6435999870300293,5.0,0.14790000021457672,0.3375000059604645,0.925000011920929,0.32499998807907104,0.07500000298023224,0.875,0.15000000596046448,0.10000000149011612,0.5874999761581421,0.5,0.5874999761581421,1.0,0.5,4.0,0.6499999761581421,0.017500000074505806,0.9128999710083008,0.20000000298023224,0.6625000238418579,0.22499999403953552,4161,17089,25602,8450,25794,12865,8578,38405,12802,29570,17089,4-2-3-1(2),25,11,2,16,9,14,112716,4,655,4,7,6,3,0,18,12,3
0.5,0.20000000298023224,0.38999998569488525,0.675000011920929,5.0,0.15000000596046448,0.3375000059604645,0.6499999761581421,0.5,0.3499999940395355,0.875,0.15000000596046448,0.32499998807907104,0.512499988079071,0.5,0.512499988079071,2.0,0.6000000238418579,3.0,0.07500000298023224,0.017500000074505806,0.925000011920929,0.15000000596046448,0.875,0.20000000298023224,4161,17089,21445,12737,21381,12737,8578,38405,12737,38213,8578,5-3-2,26,10,1,15,7,4,112764,4,656,31,6,5,24,0,24,13,3
0.3499999940395355,0.3375000059604645,0.49950000643730164,0.675000011920929,5.0,0.15000000596046448,0.3375000059604645,0.925000011920929,0.32499998807907104,0.07500000298023224,0.875,0.15000000596046448,0.07500000298023224,0.5874999761581421,0.5,0.5874999761581421,1.0,0.5,4.0,0.6499999761581421,0.017500000074505806,0.925000011920929,0.20000000298023224,0.6625000238418579,0.20000000298023224,4161,17089,25602,8450,25794,12737,8450,38275,12737,29570,17089,4-2-3-1(2),25,11,2,16,9,14,112809,4,657,4,7,6,3,0,18,12,3
0.3499999940395355,0.3375000059604645,0.49950000643730164,0.675000011920929,5.0,0.15000000596046448,0.3375000059604645,0.925000011920929,0.32499998807907104,0.07500000298023224,0.875,0.15000000596046448,0.07500000298023224,0.5874999761581421,0.5,0.5874999761581421,1.0,0.5,4.0,0.6499999761581421,0.017500000074505806,0.925000011920929,0.20000000298023224,0.6625000238418579,0.20000000298023224,4161,17089,25669,8450,25602,12737,8578,38341,12865,29570,17025,4-2-3-1(2),25,11,2,16,9,14,112828,4,658,4,7,6,3,0,18,12,3
0.6499999761581421,0.3375000059604645,0.07500000298023224,0.675000011920929,4.0,0.15000000596046448,0.512499988079071,0.3499999940395355,0.29170000553131104,0.925000011920929,0.824999988079071,0.15000000596046448,0.07500000298023224,0.512499988079071,0.5,0.824999988079071,3.0,0.49950000643730164,3.0,0.5,0.017500000074505806,0.925000011920929,0.20000000298023224,0.875,0.20000000298023224,4161,21314,33794,8386,21314,12737,8450,33794,12865,38405,17089,4-3-3,27,13,3,23,10,6,112853,4,659,9,7,6,7,0,25,15,3
0.3499999940395355,0.3375000059604645,0.49950000643730164,0.675000011920929,5.0,0.15000000596046448,0.3375000059604645,0.925000011920929,0.32499998807907104,0.07500000298023224,0.875,0.15000000596046448,0.07500000298023224,0.5874999761581421,0.5,0.5874999761581421,1.0,0.5,4.0,0.6499999761581421,0.017500000074505806,0.925000011920929,0.20000000298023224,0.6625000238418579,0.20000000298023224,4226,17089,25602,8450,25602,12737,8386,38341,12737,29570,17089,4-2-3-1(2),25,11,2,16,9,14,112883,4,660,4,7,6,3,0,18,12,3
0.3499999940395355,0.3375000059604645,0.49950000643730164,0.6730999946594238,5.0,0.1500999927520752,0.3375000059604645,0.925000011920929,0.3208000063896179,0.07500000298023224,0.875,0.1477999985218048,0.07500000298023224,0.5874999761581421,0.5,0.5874999761581421,1.0,0.5,4.0,0.6499999761581421,0.017500000074505806,0.925000011920929,0.20000000298023224,0.6625000238418579,0.20000000298023224,4161,17025,25602,8450,25794,12737,8450,38405,12737,29570,17089,4-2-3-1(2),25,11,2,16,9,14,112885,4,661,4,7,6,3,0,18,12,3
0.6600000262260437,0.3375000059604645,0.05299999937415123,0.7124999761581421,4.0,0.1371999979019165,0.5422999858856201,0.3400000035762787,0.2874999940395355,0.8999999761581421,0.8133000135421753,0.13940000534057617,0.07500000298023224,0.5379999876022339,0.5,0.805899977684021,3.0,0.5052000284194946,3.0,0.5,0.017500000074505806,0.925000011920929,0.20000000298023224,0.8999999761581421,0.20000000298023224,4161,21445,33861,8578,21314,12802,8450,33861,12737,38275,17089,4-3-3,27,13,3,23,10,6,112893,4,662,9,7,6,7,0,25,15,3
0.3499999940395355,0.3375000059604645,0.49950000643730164,0.675000011920929,5.0,0.15000000596046448,0.3375000059604645,0.925000011920929,0.32499998807907104,0.07500000298023224,0.875,0.15000000596046448,0.07500000298023224,0.5874999761581421,0.5,0.5874999761581421,1.0,0.5,4.0,0.6499999761581421,0.017500000074505806,0.925000011920929,0.20000000298023224,0.6625000238418579,0.20000000298023224,4226,17089,25669,8578,25602,12802,8578,38405,12737,29957,17025,4-2-3-1(2),25,11,2,16,9,14,112908,4,663,4,7,6,3,0,18,12,3
0.35089999437332153,0.5410000085830688,0.3961000144481659,0.5,3.0,0.15000000596046448,0.550000011920929,0.05000000074505806,0.32499998807907104,0.5,0.8500000238418579,0.15000000596046448,0.925000011920929,0.5853999853134155,0.5,0.6625000238418579,2.5,0.6100000143051147,4.5,0.6539000272750854,0.017500000074505806,0.675000011920929,0.5874999761581421,0.875,0.15000000596046448,4161,21381,29570,25669,25730,12737,12865,38405,12802,38213,21314,3-4-1-2,26,15,4,18,13,1,112914,5,664,23,12,6,29,0,24,16,4
0.3499999940395355,0.3375000059604645,0.49950000643730164,0.675000011920929,5.0,0.15000000596046448,0.3375000059604645,0.925000011920929,0.32499998807907104,0.07500000298023224,0.875,0.15000000596046448,0.07500000298023224,0.5874999761581421,0.5,0.5874999761581421,1.0,0.5,4.0,0.6499999761581421,0.017500000074505806,0.925000011920929,0.20000000298023224,0.6625000238418579,0.20000000298023224,4161,17089,25602,8386,25602,12802,8386,38405,12737,29570,17089,4-2-3-1(2),25,11,2,16,9,14,112965,4,665,4,7,6,3,0,18,12,3
0.3499999940395355,0.3375000059604645,0.49950000643730164,0.675000011920929,5.0,0.15000000596046448,0.3375000059604645,0.925000011920929,0.36250001192092896,0.07500000298023224,0.875,0.15850000083446503,0.07500000298023224,0.5874999761581421,0.5,0.5874999761581421,1.0,0.5,4.0,0.6499999761581421,0.017500000074505806,0.925000011920929,0.20000000298023224,0.6625000238418579,0.20000000298023224,4161,17089,25602,8386,25602,12737,8386,38213,12737,29570,17089,4-2-3-1(2),25,11,2,16,9,14,112979,4,666,4,7,6,3,0,18,12,3
0.925000011920929,0.20000000298023224,0.49950000643730164,0.675000011920929,5.0,0.15000000596046448,0.5874999761581421,0.6499999761581421,0.5,0.3499999940395355,0.875,0.15000000596046448,0.32499998807907104,0.512499988079071,0.5,0.512499988079071,1.0,0.07500000298023224,4.0,0.07500000298023224,0.017500000074505806,0.925000011920929,0.15000000596046448,0.5874999761581421,0.20000000298023224,4161,25602,21314,12737,21381,12737,8386,38405,12737,25794,8386,5-4-1(2),25,12,0,15,7,5,112985,4,667,33,6,5,14,0,16,13,3
0.6499999761581421,0.3375000059604645,0.07500000298023224,0.675000011920929,4.0,0.15000000596046448,0.512499988079071,0.3499999940395355,0.32499998807907104,0.925000011920929,0.824999988079071,0.15000000596046448,0.07500000298023224,0.512499988079071,0.5,0.824999988079071,3.0,0.49950000643730164,3.0,0.5,0.017500000074505806,0.925000011920929,0.20000000298023224,0.875,0.20000000298023224,4161,21314,33794,8386,21314,12802,8450,33989,12737,38275,17025,4-3-3,27,13,3,23,10,6,112996,4,668,9,7,6,7,0,25,15,3
0.3499999940395355,0.3375000059604645,0.49950000643730164,0.675000011920929,5.0,0.15000000596046448,0.3375000059604645,0.925000011920929,0.32499998807907104,0.07500000298023224,0.875,0.15000000596046448,0.07500000298023224,0.5874999761581421,0.5,0.5874999761581421,1.0,0.5,4.0,0.6499999761581421,0.017500000074505806,0.9189000129699707,0.20000000298023224,0.6625000238418579,0.19789999723434448,4161,17089,25602,8386,25602,12737,8450,38405,12737,29570,17089,4-2-3-1(2),25,11,2,16,9,14,113018,4,669,4,7,6,3,0,18,12,3
0.3499999940395355,0.3375000059604645,0.49950000643730164,0.675000011920929,5.0,0.15000000596046448,0.3375000059604645,0.925000011920929,0.32499998807907104,0.07500000298023224,0.875,0.15000000596046448,0.07500000298023224,0.5874999761581421,0.5,0.5874999761581421,1.0,0.5,4.0,0.6499999761581421,0.017500000074505806,0.925000011920929,0.20000000298023224,0.6625000238418579,0.20000000298023224,4161,17153,25602,8386,25669,12802,8386,38405,12737,29570,17089,4-2-3-1(2),25,11,2,16,9,14,113029,4,670,4,7,6,3,0,18,12,3
0.925000011920929,0.3375000059604645,0.49950000643730164,0.675000011920929,4.5,0.15000000596046448,0.5874999761581421,0.6499999761581421,0.32499998807907104,0.3499999940395355,0.875,0.15000000596046448,0.07500000298023224,0.512499988079071,0.5,0.512499988079071,1.0,0.07500000298023224,4.5,0.5,0.017500000074505806,0.925000011920929,0.20000000298023224,0.5874999761581421,0.20000000298023224,4161,25669,21445,8450,21381,12865,8386,38341,12737,25669,17089,4-1-4-1,25,12,2,15,10,15,113037,4,671,2,7,6,31,0,16,13,3
0.3499999940395355,0.3375000059604645,0.49950000643730164,0.675000011920929,5.0,0.15000000596046448,0.3375000059604645,0.925000011920929,0.32499998807907104,0.07500000298023224,0.875,0.15000000596046448,0.07500000298023224,0.5874999761581421,0.5,0.5874999761581421,1.0,0.5,4.0,0.6499999761581421,0.017500000074505806,0.925000011920929,0.20000000298023224,0.6625000238418579,0.20000000298023224,4161,17089,25794,8386,25602,12737,8386,38405,12737,29570,17089,4-2-3-1(2),25,11,2,16,9,14,113040,4,672,4,7,6,3,0,18,12,3
0.925000011920929,0.20000000298023224,0.49950000643730164,0.675000011920929,5.0,0.15000000596046448,0.5874999761581421,0.6499999761581421,0.5,0.3499999940395355,0.875,0.15000000596046448,0.32499998807907104,0.512499988079071,0.5,0.512499988079071,1.0,0.07500000298023224,4.0,0.07500000298023224,0.017500000074505806,0.925000011920929,0.15000000596046448,0.5874999761581421,0.20000000298023224,4161,25602,21314,12737,21314,12865,8386,38213,12737,25602,8450,5-4-1(2),25,12,0,15,7,5,113044,4,673,33,6,5,14,0,16,13,3
0.6499999761581421,0.5874999761581421,0.38999998569488525,0.675000011920929,4.0,0.15000000596046448,0.512499988079071,0.3499999940395355,0.32499998807907104,0.07500000298023224,0.875,0.15000000596046448,0.07500000298023224,0.512499988079071,0.5,0.5874999761581421,2.0,0.6000000238418579,4.0,0.925000011920929,0.017500000074505806,0.925000011920929,0.20000000298023224,0.875,0.20000000298023224,4161,21249,25730,8386,21314,12737,8386,38275,12737,38213,25794,4-4-2,26,13,2,16,12,10,113057,4,674,16,7,6,11,0,24,15,3
0.3499999940395355,0.3375000059604645,0.49950000643730164,0.675000011920929,5.0,0.15000000596046448,0.3375000059604645,0.925000011920929,0.32499998807907104,0.10000000149011612,0.875,0.15000000596046448,0.07500000298023224,0.5874999761581421,0.5,0.6499999761581421,1.0,0.5,4.0,0.6499999761581421,0.017500000074505806,0.925000011920929,0.20000000298023224,0.6625000238418579,0.20000000298023224,4161,17089,25794,8450,25794,12737,8386,38405,12737,29570,17089,4-2-3-1(2),25,11,2,16,9,14,113060,4,675,4,7,6,3,0,18,12,3
0.3400000035762787,0.375,0.49950000643730164,0.637499988079071,5.0,0.17499999701976776,0.375,0.8999999761581421,0.36250001192092896,0.10000000149011612,0.875,0.17499999701976776,0.07500000298023224,0.6499999761581421,0.5,0.6499999761581421,1.0,0.5095000267028809,4.0,0.6399999856948853,0.017500000074505806,0.925000011920929,0.20000000298023224,0.625,0.20000000298023224,4161,17089,25730,8578,25669,12737,8450,38341,12737,29570,17025,4-2-3-1(2),25,11,2,16,9,14,113142,4,676,4,7,6,3,0,18,12,3
0.3499999940395355,0.512499988079071,0.3799999952316284,0.503000020980835,3.0,0.16910000145435333,0.512499988079071,0.07500000298023224,0.2874999940395355,0.5,0.8500000238418579,0.16920000314712524,0.925000011920929,0.5874999761581421,0.5,0.6625000238418579,2.5,0.6100000143051147,4.5,0.6499999761581421,0.017500000074505806,0.7124999761581421,0.5874999761581421,0.8500000238418579,0.164900004863739,4161,21185,29570,25602,25602,12737,12737,38405,12737,38275,21249,3-4-1-2,26,15,4,18,13,1,113146,5,677,23,12,6,29,0,24,16,4
0.3499999940395355,0.512499988079071,0.38999998569488525,0.5,3.0,0.15000000596046448,0.512499988079071,0.07500000298023224,0.33410000801086426,0.5,0.875,0.14790000021457672,0.9189000129699707,0.5874999761581421,0.5,0.6625000238418579,2.5,0.6000000238418579,4.5,0.6499999761581421,0.017500000074505806,0.6647999882698059,0.5249999761581421,0.875,0.15209999680519104,4161,21185,29570,25730,25602,12737,12737,38405,12865,38275,21185,3-4-1-2,26,15,4,18,13,1,113149,5,678,23,12,6,29,0,24,16,4
0.3499999940395355,0.3375000059604645,0.49950000643730164,0.675000011920929,5.0,0.15000000596046448,0.3375000059604645,0.800000011920929,0.32499998807907104,0.5,0.875,0.15000000596046448,0.07500000298023224,0.6625000238418579,0.5,0.6625000238418579,1.0,0.20000000298023224,4.0,0.6499999761581421,0.017500000074505806,0.925000011920929,0.20000000298023224,0.6625000238418579,0.20000000298023224,4161,17089,29570,8386,29570,12737,8386,38405,12737,29570,17089,4-2-3-1,25,11,2,18,9,14,113154,4,679,3,7,6,16,0,19,17,3
0.6499999761581421,0.5874999761581421,0.38999998569488525,0.675000011920929,4.0,0.15000000596046448,0.512499988079071,0.3499999940395355,0.32499998807907104,0.07500000298023224,0.875,0.15000000596046448,0.07500000298023224,0.512499988079071,0.5,0.5874999761581421,2.0,0.6000000238418579,4.0,0.925000011920929,0.017500000074505806,0.925000011920929,0.20000000298023224,0.875,0.20000000298023224,4161,21314,25602,8386,21314,12737,8386,38405,12737,38405,25602,4-4-2,26,13,2,16,12,10,113155,4,680,16,7,6,11,0,24,15,3
0.3499999940395355,0.3375000059604645,0.49950000643730164,0.675000011920929,5.0,0.15000000596046448,0.3375000059604645,0.925000011920929,0.32499998807907104,0.07500000298023224,0.875,0.15000000596046448,0.07500000298023224,0.5874999761581421,0.5,0.5874999761581421,1.0,0.5,4.0,0.6499999761581421,0.017500000074505806,0.925000011920929,0.20000000298023224,0.6625000238418579,0.20000000298023224,4161,17089,25794,8386,25730,12737,8450,38213,12865,29570,17089,4-2-3-1(2),25,11,2,16,9,14,113217,4,681,4,7,6,3,0,18,12,3
0.3499999940395355,0.3375000059604645,0.49950000643730164,0.675000011920929,5.0,0.15000000596046448,0.3375000059604645,0.925000011920929,0.32499998807907104,0.07500000298023224,0.875,0.15000000596046448,0.07500000298023224,0.5874999761581421,0.5,0.5874999761581421,1.0,0.5,4.0,0.6499999761581421,0.017500000074505806,0.925000011920929,0.20000000298023224,0.6625000238418579,0.20000000298023224,4161,17089,25602,8386,25602,12737,8386,38213,12737,29570,17089,4-2-3-1(2),25,11,2,16,9,14,113257,4,682,4,7,6,3,0,18,12,3
0.6499999761581421,0.5874999761581421,0.38999998569488525,0.7113999724388123,4.0,0.15850000083446503,0.512499988079071,0.3499999940395355,0.2946999967098236,0.07500000298023224,0.875,0.16279999911785126,0.07500000298023224,0.512499988079071,0.5,0.5874999761581421,2.0,0.6000000238418579,4.0,0.925000011920929,0.017500000074505806,0.925000011920929,0.20000000298023224,0.875,0.20000000298023224,4161,21314,25602,8386,21314,12737,8450,38275,12737,38405,25669,4-4-2,26,13,2,16,12,10,113297,4,684,16,7,6,11,0,24,15,3
0.3499999940395355,0.3375000059604645,0.49950000643730164,0.675000011920929,5.0,0.15000000596046448,0.3375000059604645,0.925000011920929,0.32499998807907104,0.07500000298023224,0.875,0.15000000596046448,0.07500000298023224,0.5874999761581421,0.5,0.5874999761581421,1.0,0.5,4.0,0.6499999761581421,0.017500000074505806,0.925000011920929,0.20000000298023224,0.6625000238418579,0.20000000298023224,4161,17153,25669,8386,25794,12737,8386,38341,12737,29570,17089,4-2-3-1(2),25,11,2,16,9,14,113298,4,685,4,7,6,3,0,18,12,3
0.5,0.512499988079071,0.07500000298023224,0.675000011920929,4.0,0.15000000596046448,0.512499988079071,0.3499999940395355,0.32499998807907104,0.925000011920929,0.824999988079071,0.15000000596046448,0.07500000298023224,0.512499988079071,0.5,0.824999988079071,3.0,0.49950000643730164,3.0,0.6499999761581421,0.019999999552965164,0.925000011920929,0.20000000298023224,0.875,0.20000000298023224,4161,21314,33794,8386,21314,12737,8386,33794,12737,38405,21445,4-3-3,27,14,3,23,13,6,113299,4,686,8,7,6,17,0,25,15,3
0.503000020980835,0.550000011920929,0.10000000149011612,0.6597999930381775,4.0,0.16279999911785126,0.4749999940395355,0.3400000035762787,0.36250001192092896,0.8999999761581421,0.8144000172615051,0.16279999911785126,0.07500000298023224,0.550000011920929,0.5,0.8165000081062317,3.0,0.49950000643730164,3.0,0.6600000262260437,0.017500000074505806,0.925000011920929,0.20000000298023224,0.875,0.20000000298023224,4161,21249,33794,8386,21314,12737,8386,33794,12737,38341,21381,4-3-3,27,14,3,23,13,6,113300,4,687,8,7,6,17,0,25,15,3
0.3499999940395355,0.3375000059604645,0.49950000643730164,0.675000011920929,5.0,0.15000000596046448,0.3375000059604645,0.925000011920929,0.32499998807907104,0.07500000298023224,0.875,0.15000000596046448,0.07500000298023224,0.5874999761581421,0.5,0.5874999761581421,1.0,0.5,4.0,0.6499999761581421,0.017500000074505806,0.925000011920929,0.20000000298023224,0.6625000238418579,0.20000000298023224,4161,17089,25669,8450,25602,12737,8386,38405,12737,29570,17025,4-2-3-1(2),25,11,2,16,9,14,113301,4,688,4,7,6,3,0,18,12,3
0.5,0.512499988079071,0.07500000298023224,0.675000011920929,4.0,0.15000000596046448,0.512499988079071,0.3499999940395355,0.32499998807907104,0.925000011920929,0.824999988079071,0.15000000596046448,0.07500000298023224,0.512499988079071,0.5,0.824999988079071,3.0,0.49950000643730164,3.0,0.6499999761581421,0.017500000074505806,0.925000011920929,0.20000000298023224,0.875,0.20000000298023224,4161,21314,33794,8386,21314,12737,8386,33989,12737,38405,21314,4-3-3,27,14,3,23,13,6,113302,4,689,8,7,6,17,0,25,15,3
0.3499999940395355,0.512499988079071,0.49950000643730164,0.5,3.0,0.15000000596046448,0.512499988079071,0.07500000298023224,0.32499998807907104,0.75,0.875,0.15000000596046448,0.925000011920929,0.5874999761581421,0.5,0.699999988079071,2.0,0.25,5.0,0.6499999761581421,0.017500000074505806,0.675000011920929,0.5874999761581421,0.699999988079071,0.15000000596046448,4226,21249,29570,25602,25602,12737,12737,38405,12737,29570,21185,3-4-2-1,25,15,3,17,13,19,113378,5,694,24,12,6,21,0,19,16,4
0.3499999940395355,0.512499988079071,0.07500000298023224,0.6791999936103821,4.0,0.1729000061750412,0.512499988079071,0.5,0.31779998540878296,0.925000011920929,0.824999988079071,0.17499999701976776,0.07500000298023224,0.692300021648407,0.503000020980835,0.824999988079071,3.0,0.49950000643730164,3.0,0.6499999761581421,0.014999999664723873,0.925000011920929,0.20000000298023224,0.875,0.20000000298023224,4161,21185,33794,8450,29570,12865,8386,33989,12737,38213,21314,4-3-3,27,15,3,23,13,6,113458,4,695,11,7,6,4,0,25,18,3
0.925000011920929,0.3375000059604645,0.49950000643730164,0.675000011920929,4.5,0.15000000596046448,0.5874999761581421,0.6499999761581421,0.32499998807907104,0.3499999940395355,0.875,0.15000000596046448,0.07500000298023224,0.512499988079071,0.5,0.512499988079071,1.0,0.07500000298023224,4.5,0.5,0.017500000074505806,0.925000011920929,0.20000000298023224,0.5874999761581421,0.20000000298023224,4161,25602,21314,8386,21445,12865,8450,38405,12737,25602,17089,4-1-4-1,25,12,2,15,10,15,113459,4,696,2,7,6,31,0,16,13,3
0.6499999761581421,0.3375000059604645,0.07500000298023224,0.675000011920929,4.0,0.15000000596046448,0.512499988079071,0.3499999940395355,0.32499998807907104,0.925000011920929,0.824999988079071,0.15000000596046448,0.07500000298023224,0.512499988079071,0.5,0.824999988079071,3.0,0.49950000643730164,3.0,0.5,0.017500000074505806,0.925000011920929,0.20000000298023224,0.875,0.20000000298023224,4226,21314,33794,8386,21381,12737,8386,33794,12802,38213,17025,4-3-3,27,13,3,23,10,6,113616,4,697,9,7,6,7,0,25,15,3
0.3499999940395355,0.3375000059604645,0.49950000643730164,0.675000011920929,5.0,0.15000000596046448,0.3375000059604645,0.925000011920929,0.32499998807907104,0.07500000298023224,0.875,0.15000000596046448,0.07500000298023224,0.5874999761581421,0.5,0.5874999761581421,1.0,0.5,4.0,0.6499999761581421,0.017500000074505806,0.925000011920929,0.20000000298023224,0.6625000238418579,0.20000000298023224,4161,17089,25602,8386,25794,12802,8450,38405,12737,29957,17089,4-2-3-1(2),25,11,2,16,9,14,113746,4,698,4,7,6,3,0,18,12,3
0.3499999940395355,0.3375000059604645,0.49950000643730164,0.675000011920929,5.0,0.15000000596046448,0.3375000059604645,0.800000011920929,0.32499998807907104,0.5,0.875,0.15000000596046448,0.07500000298023224,0.6625000238418579,0.5,0.6625000238418579,1.0,0.20000000298023224,4.0,0.6499999761581421,0.017500000074505806,0.925000011920929,0.20000000298023224,0.6625000238418579,0.20000000298023224,4161,17089,29957,8386,29570,12737,8450,38341,12737,29570,17025,4-2-3-1,25,11,2,18,9,14,113888,4,699,3,7,6,16,0,19,17,3
0.6499999761581421,0.20000000298023224,0.38999998569488525,0.6639999747276306,6.0,0.14949999749660492,0.512499988079071,0.3499999940395355,0.5,0.5,0.875,0.15000000596046448,0.35409998893737793,0.512499988079071,0.5,0.6625000238418579,2.0,0.6000000238418579,2.0,0.07500000298023224,0.017500000074505806,0.925000011920929,0.14949999749660492,0.875,0.20000000298023224,4161,21314,29570,12737,21185,12737,8578,38341,12737,38405,8578,5-2-1-2,26,13,1,18,7,4,113926,4,700,29,6,5,35,0,24,15,3
0.6499999761581421,0.5874999761581421,0.38999998569488525,0.675000011920929,4.0,0.15000000596046448,0.512499988079071,0.3499999940395355,0.32499998807907104,0.07500000298023224,0.875,0.15000000596046448,0.07500000298023224,0.512499988079071,0.5,0.5874999761581421,2.0,0.6000000238418579,4.0,0.925000011920929,0.017500000074505806,0.925000011920929,0.20000000298023224,0.875,0.20000000298023224,4161,21314,25602,8450,21381,12737,8450,38405,12802,38405,25602,4-4-2,26,13,2,16,12,10,113973,4,701,16,7,6,11,0,24,15,3
0.5,0.20000000298023224,0.38999998569488525,0.675000011920929,5.0,0.15000000596046448,0.3375000059604645,0.6499999761581421,0.5,0.3499999940395355,0.875,0.15000000596046448,0.32499998807907104,0.512499988079071,0.5,0.512499988079071,2.0,0.6000000238418579,3.0,0.07500000298023224,0.017500000074505806,0.925000011920929,0.15000000596046448,0.875,0.20000000298023224,4161,17153,21445,12737,21249,12802,8386,38213,12737,38405,8578,5-3-2,26,10,1,15,7,4,113974,4,702,31,6,5,24,0,24,13,3
0.3400000035762787,0.4749999940395355,0.49950000643730164,0.5,3.0,0.15000000596046448,0.4749999940395355,0.10000000149011612,0.32499998807907104,0.800000011920929,0.875,0.15000000596046448,0.9121000170707703,0.5249999761581421,0.5,0.6625000238418579,2.0,0.25,5.0,0.6600000262260437,0.017500000074505806,0.675000011920929,0.5249999761581421,0.6560999751091003,0.15000000596046448,4161,21249,29637,25602,25602,12737,12737,38341,12737,29570,21314,3-4-2-1,25,15,3,17,13,19,114004,5,703,24,12,6,21,0,19,16,4
0.6499999761581421,0.5874999761581421,0.38999998569488525,0.675000011920929,4.0,0.15000000596046448,0.512499988079071,0.3499999940395355,0.32499998807907104,0.07500000298023224,0.875,0.15000000596046448,0.07500000298023224,0.512499988079071,0.5,0.5874999761581421,2.0,0.6000000238418579,4.0,0.925000011920929,0.017500000074505806,0.925000011920929,0.20000000298023224,0.875,0.20000000298023224,4226,21314,25602,8450,21249,12802,8450,38275,12865,38341,25602,4-4-2,26,13,2,16,12,10,114023,4,704,16,7,6,11,0,24,15,3
0.3499999940395355,0.3375000059604645,0.38999998569488525,0.675000011920929,4.0,0.15000000596046448,0.3375000059604645,0.925000011920929,0.32499998807907104,0.07500000298023224,0.875,0.15000000596046448,0.07500000298023224,0.5874999761581421,0.5,0.5874999761581421,2.0,0.6000000238418579,4.0,0.6499999761581421,0.017500000074505806,0.925000011920929,0.20000000298023224,0.875,0.20000000298023224,4161,17153,25794,8450,25602,12737,8386,38405,12737,38275,17089,4-4-2(2),26,11,2,16,9,10,114147,4,807,17,7,6,12,0,24,12,3
0.3499999940395355,0.3375000059604645,0.49950000643730164,0.675000011920929,5.0,0.15000000596046448,0.3375000059604645,0.925000011920929,0.32499998807907104,0.07500000298023224,0.875,0.15000000596046448,0.07500000298023224,0.5874999761581421,0.5,0.5874999761581421,1.0,0.5,4.0,0.6499999761581421,0.017500000074505806,0.925000011920929,0.20000000298023224,0.6625000238418579,0.20000000298023224,4161,17089,25602,8386,25602,12865,8450,38275,12737,29570,17025,4-2-3-1(2),25,11,2,16,9,14,114161,4,808,4,7,6,3,0,18,12,3
0.3499999940395355,0.3375000059604645,0.49950000643730164,0.7124999761581421,5.0,0.16279999911785126,0.3375000059604645,0.925000011920929,0.2874999940395355,0.07500000298023224,0.875,0.16279999911785126,0.07500000298023224,0.5874999761581421,0.5,0.5874999761581421,1.0,0.5,4.0,0.6499999761581421,0.017500000074505806,0.925000011920929,0.20000000298023224,0.6625000238418579,0.20000000298023224,4161,17089,25794,8450,25730,12737,8450,38213,12737,29570,17089,4-2-3-1(2),25,11,2,16,9,14,114162,4,809,4,7,6,3,0,18,12,3
0.3499999940395355,0.512499988079071,0.49950000643730164,0.5,3.0,0.15000000596046448,0.512499988079071,0.07500000298023224,0.32499998807907104,0.800000011920929,0.875,0.15000000596046448,0.925000011920929,0.5874999761581421,0.5,0.6625000238418579,2.0,0.20000000298023224,5.0,0.6499999761581421,0.017500000074505806,0.675000011920929,0.5874999761581421,0.6625000238418579,0.15000000596046448,4161,21185,29570,25602,25794,12737,12737,38405,12737,29637,21314,3-4-2-1,25,15,3,17,13,19,114168,5,810,24,12,6,21,0,19,16,4
0.36000001430511475,0.49050000309944153,0.07500000298023224,0.503000020980835,3.0,0.17499999701976776,0.5048999786376953,0.10000000149011612,0.2874999940395355,0.925000011920929,0.824999988079071,0.17499999701976776,0.8999999761581421,0.5249999761581421,0.5060999989509583,0.824999988079071,3.0,0.49950000643730164,4.0,0.6399999856948853,0.019999999552965164,0.7124999761581421,0.5249999761581421,0.875,0.17499999701976776,4161,21314,33794,25669,25669,12737,12737,33989,12737,38275,21381,3-4-3,27,15,4,23,13,0,114326,5,811,25,12,6,2,0,25,16,4
0.5,0.512499988079071,0.07500000298023224,0.675000011920929,4.0,0.15000000596046448,0.512499988079071,0.3499999940395355,0.32499998807907104,0.925000011920929,0.824999988079071,0.15000000596046448,0.07500000298023224,0.512499988079071,0.5,0.824999988079071,3.0,0.49950000643730164,3.0,0.6499999761581421,0.017500000074505806,0.925000011920929,0.20000000298023224,0.875,0.20000000298023224,4161,21314,33861,8450,21185,12737,8450,33794,12802,38275,21249,4-3-3,27,14,3,23,13,6,114385,4,812,8,7,6,17,0,25,15,3
0.3499999940395355,0.3375000059604645,0.49950000643730164,0.675000011920929,5.0,0.15000000596046448,0.3375000059604645,0.925000011920929,0.32499998807907104,0.07500000298023224,0.875,0.15000000596046448,0.07500000298023224,0.5874999761581421,0.5,0.5874999761581421,1.0,0.5,4.0,0.6499999761581421,0.017500000074505806,0.925000011920929,0.20000000298023224,0.6625000238418579,0.20000000298023224,4161,17089,25669,8386,25602,12737,8386,38213,12737,29570,17025,4-2-3-1(2),25,11,2,16,9,14,114393,4,813,4,7,6,3,0,18,12,3
0.3400000035762787,0.4749999940395355,0.07500000298023224,0.5,3.0,0.15000000596046448,0.4749999940395355,0.06669999659061432,0.2874999940395355,0.925000011920929,0.824999988079071,0.17499999701976776,0.949999988079071,0.5249999761581421,0.5,0.824999988079071,3.0,0.49950000643730164,4.0,0.6590999960899353,0.017500000074505806,0.7124999761581421,0.5249999761581421,0.875,0.15639999508857727,4161,21185,33794,25602,25730,12737,12737,33794,12737,38213,21381,3-4-3,27,15,4,23,13,0,114510,5,915,25,12,6,2,0,25,16,4
0.925000011920929,0.3375000059604645,0.49950000643730164,0.7124999761581421,4.5,0.17499999701976776,0.5874999761581421,0.6499999761581421,0.2946999967098236,0.3499999940395355,0.875,0.17499999701976776,0.07500000298023224,0.512499988079071,0.5,0.512499988079071,1.0,0.07500000298023224,4.5,0.5,0.017500000074505806,0.925000011920929,0.20000000298023224,0.5874999761581421,0.20000000298023224,4161,25602,21381,8386,21314,12737,8386,38405,12802,25602,17089,4-1-4-1,25,12,2,15,10,15,114511,4,916,2,7,6,31,0,16,13,3
0.3499999940395355,0.3375000059604645,0.49950000643730164,0.675000011920929,5.0,0.15000000596046448,0.3375000059604645,0.925000011920929,0.32499998807907104,0.07500000298023224,0.875,0.15000000596046448,0.07500000298023224,0.5874999761581421,0.5,0.5874999761581421,1.0,0.5,4.0,0.6499999761581421,0.017500000074505806,0.925000011920929,0.20000000298023224,0.6625000238418579,0.20000000298023224,4161,17025,25602,8386,25794,12737,8386,38341,12737,29570,17089,4-2-3-1(2),25,11,2,16,9,14,114549,4,918,4,7,6,3,0,18,12,3
0.5,0.20000000298023224,0.38999998569488525,0.675000011920929,5.0,0.15000000596046448,0.3375000059604645,0.6499999761581421,0.5,0.3499999940395355,0.875,0.15000000596046448,0.32499998807907104,0.512499988079071,0.5,0.512499988079071,2.0,0.6000000238418579,3.0,0.07500000298023224,0.017500000074505806,0.925000011920929,0.15000000596046448,0.875,0.20000000298023224,4161,17089,21314,12737,21314,12865,8450,38405,12737,38405,8578,5-3-2,26,10,1,15,7,4,114577,4,919,31,6,5,24,0,24,13,3
0.6460999846458435,0.5874999761581421,0.38999998569488525,0.675000011920929,4.0,0.15000000596046448,0.5329999923706055,0.35910001397132874,0.32499998807907104,0.07500000298023224,0.875,0.15000000596046448,0.07500000298023224,0.5379999876022339,0.5,0.5874999761581421,2.0,0.6000000238418579,4.0,0.925000011920929,0.017500000074505806,0.925000011920929,0.20000000298023224,0.875,0.20000000298023224,4161,21185,25602,8386,21314,12802,8386,38341,12737,38405,25602,4-4-2,26,13,2,16,12,10,114580,4,920,16,7,6,11,0,24,15,3
0.3499999940395355,0.3375000059604645,0.07500000298023224,0.675000011920929,4.0,0.15000000596046448,0.3375000059604645,0.5,0.32499998807907104,0.925000011920929,0.824999988079071,0.15000000596046448,0.08110000193119049,0.6625000238418579,0.5,0.824999988079071,3.0,0.49950000643730164,3.0,0.6499999761581421,0.017500000074505806,0.925000011920929,0.20160000026226044,0.875,0.20000000298023224,4226,17153,33794,8450,29570,12802,8450,33989,12737,38341,17025,4-2-1-3,27,11,3,23,9,18,114581,4,921,36,7,6,27,0,25,18,3
0.34389999508857727,0.375,0.49950000643730164,0.6538000106811523,5.0,0.15000000596046448,0.375,0.8999999761581421,0.328000009059906,0.10000000149011612,0.875,0.15000000596046448,0.07800000160932541,0.6074000000953674,0.503000020980835,0.6159999966621399,1.0,0.4970000088214874,4.0,0.652999997138977,0.019999999552965164,0.8999999761581421,0.20000000298023224,0.699999988079071,0.20640000700950623,4226,17089,25669,8513,25669,12802,8513,38405,12737,29637,17153,4-2-3-1(2),25,11,2,16,9,14,114604,4,922,4,7,6,3,0,18,12,3
0.3499999940395355,0.3375000059604645,0.49950000643730164,0.675000011920929,5.0,0.15000000596046448,0.3375000059604645,0.800000011920929,0.32499998807907104,0.5,0.875,0.15000000596046448,0.07500000298023224,0.6625000238418579,0.5,0.6625000238418579,1.0,0.20000000298023224,4.0,0.6499999761581421,0.017500000074505806,0.925000011920929,0.20000000298023224,0.6625000238418579,0.20000000298023224,4161,17089,29570,8386,29570,12737,8386,38405,12737,29570,17089,4-2-3-1,25,11,2,18,9,14,114605,4,923,3,7,6,16,0,19,17,3
0.3499999940395355,0.3375000059604645,0.49950000643730164,0.6658999919891357,5.0,0.15209999680519104,0.3375000059604645,0.8999999761581421,0.32499998807907104,0.10000000149011612,0.875,0.15000000596046448,0.07500000298023224,0.5874999761581421,0.5,0.5939000248908997,1.0,0.5,4.0,0.6499999761581421,0.017500000074505806,0.925000011920929,0.20000000298023224,0.6625000238418579,0.20000000298023224,4161,17153,25602,8386,25602,12737,8386,38275,12737,29570,17089,4-2-3-1(2),25,11,2,16,9,14,114628,4,924,4,7,6,3,0,18,12,3
0.3499999940395355,0.3375000059604645,0.49950000643730164,0.675000011920929,5.0,0.15000000596046448,0.3375000059604645,0.925000011920929,0.32499998807907104,0.07500000298023224,0.875,0.15000000596046448,0.07500000298023224,0.5874999761581421,0.5,0.5874999761581421,1.0,0.5,4.0,0.6499999761581421,0.017500000074505806,0.925000011920929,0.20000000298023224,0.6625000238418579,0.20000000298023224,4161,17089,25602,8450,25602,12865,8513,38341,12737,29570,17089,4-2-3-1(2),25,11,2,16,9,14,114640,4,925,4,7,6,3,0,18,12,3
0.4982999861240387,0.512499988079071,0.38999998569488525,0.675000011920929,4.0,0.15000000596046448,0.5081999897956848,0.3400000035762787,0.32499998807907104,0.5,0.875,0.15000000596046448,0.07500000298023224,0.5095999836921692,0.5,0.6625000238418579,2.5,0.6000000238418579,3.5,0.6499999761581421,0.017500000074505806,0.925000011920929,0.20000000298023224,0.875,0.20000000298023224,4161,21185,29570,8386,21185,12737,8386,38213,12737,38341,21249,4-3-1-2,26,14,2,18,13,9,115202,4,1140,6,7,6,34,0,24,15,3
0.6499999761581421,0.5874999761581421,0.38999998569488525,0.6689000129699707,4.0,0.15209999680519104,0.512499988079071,0.3400000035762787,0.32499998807907104,0.07500000298023224,0.875,0.15000000596046448,0.07500000298023224,0.5210000276565552,0.5,0.5874999761581421,2.0,0.6000000238418579,4.0,0.925000011920929,0.017500000074505806,0.925000011920929,0.20000000298023224,0.875,0.20000000298023224,4161,21314,25602,8386,21314,12737,8386,38341,12737,38213,25602,4-4-2,26,13,2,16,12,10,115472,4,1144,16,7,6,11,0,24,15,3
0.925000011920929,0.3375000059604645,0.49950000643730164,0.675000011920929,4.5,0.15000000596046448,0.5874999761581421,0.6499999761581421,0.32499998807907104,0.3499999940395355,0.875,0.15000000596046448,0.07500000298023224,0.512499988079071,0.5,0.512499988079071,1.0,0.07500000298023224,4.5,0.5,0.017500000074505806,0.925000011920929,0.20000000298023224,0.5874999761581421,0.20000000298023224,4161,25602,21185,8386,21314,12802,8386,38405,12737,25794,17089,4-1-4-1,25,12,2,15,10,15,115491,4,1145,2,7,6,31,0,16,13,3
0.3499999940395355,0.3375000059604645,0.49950000643730164,0.675000011920929,5.0,0.15000000596046448,0.3375000059604645,0.925000011920929,0.32499998807907104,0.07500000298023224,0.875,0.15000000596046448,0.07500000298023224,0.5874999761581421,0.5,0.5874999761581421,1.0,0.5,4.0,0.6499999761581421,0.017500000074505806,0.925000011920929,0.20000000298023224,0.6625000238418579,0.20000000298023224,4161,17089,25602,8386,25602,12737,8386,38405,12737,29570,17089,4-2-3-1(2),25,11,2,16,9,14,115530,4,1149,4,7,6,3,0,18,12,3
0.925000011920929,0.3375000059604645,0.49950000643730164,0.675000011920929,4.5,0.15000000596046448,0.5874999761581421,0.6499999761581421,0.32499998807907104,0.3499999940395355,0.875,0.15000000596046448,0.07500000298023224,0.512499988079071,0.5,0.512499988079071,1.0,0.07500000298023224,4.5,0.5,0.017500000074505806,0.925000011920929,0.20000000298023224,0.5874999761581421,0.20000000298023224,4161,25602,21314,8386,21314,12737,8386,38405,12737,25602,17089,4-1-4-1,25,12,2,15,10,15,115536,4,1150,2,7,6,31,0,16,13,3
0.3499999940395355,0.3375000059604645,0.49950000643730164,0.675000011920929,5.0,0.15000000596046448,0.3375000059604645,0.925000011920929,0.32499998807907104,0.07500000298023224,0.8899000287055969,0.15000000596046448,0.07500000298023224,0.5874999761581421,0.5,0.5874999761581421,1.0,0.5,4.0,0.6499999761581421,0.017500000074505806,0.925000011920929,0.20000000298023224,0.6625000238418579,0.20000000298023224,4226,17025,25602,8578,25794,12865,8450,38213,12737,29570,17089,4-2-3-1(2),25,11,2,16,9,14,115841,4,1195,4,7,6,3,0,18,12,3
0.3400000035762787,0.4749999940395355,0.38999998569488525,0.5,3.0,0.15000000596046448,0.4749999940395355,0.05000000074505806,0.2874999940395355,0.5,0.875,0.15209999680519104,0.949999988079071,0.5249999761581421,0.5,0.6625000238418579,2.5,0.6000000238418579,4.5,0.6600000262260437,0.017500000074505806,0.7124999761581421,0.5249999761581421,0.875,0.14569999277591705,4161,21314,29570,25602,25602,12737,12737,38405,12802,38213,21249,3-4-1-2,26,15,4,18,13,1,115845,5,1196,23,12,6,29,0,24,16,4
0.375,0.3499999940395355,0.5,0.625,5.0,0.10000000149011612,0.3499999940395355,0.675000011920929,0.375,0.5,0.925000011920929,0.10000000149011612,0.15000000596046448,0.6499999761581421,0.5,0.6499999761581421,1.0,0.32499998807907104,4.0,0.625,0.07500000298023224,0.8500000238418579,0.11249999701976776,0.6499999761581421,0.11249999701976776,4161,17089,29570,8386,29570,12737,8386,38405,12737,29570,17089,4-2-3-1,25,11,2,18,9,14,115891,4,1197,3,7,6,16,0,19,17,3
0.3499999940395355,0.3375000059604645,0.49950000643730164,0.675000011920929,5.0,0.15000000596046448,0.3375000059604645,0.925000011920929,0.32499998807907104,0.07500000298023224,0.875,0.15000000596046448,0.07500000298023224,0.5874999761581421,0.5,0.5874999761581421,1.0,0.5,4.0,0.6499999761581421,0.017500000074505806,0.925000011920929,0.20000000298023224,0.6625000238418579,0.20000000298023224,4226,17089,25794,8450,25794,12865,8578,38405,12865,29957,17089,4-2-3-1(2),25,11,2,16,9,14,115995,4,1198,4,7,6,3,0,18,12,3
0.6499999761581421,0.5874999761581421,0.38999998569488525,0.675000011920929,4.0,0.15000000596046448,0.512499988079071,0.3499999940395355,0.32499998807907104,0.07500000298023224,0.875,0.15000000596046448,0.07500000298023224,0.512499988079071,0.5,0.5874999761581421,2.0,0.6000000238418579,4.0,0.925000011920929,0.017500000074505806,0.925000011920929,0.20000000298023224,0.875,0.20000000298023224,4161,21185,25730,8450,21185,12802,8578,38405,12802,38405,25602,4-4-2,26,13,2,16,12,10,115996,4,1199,16,7,6,11,0,24,15,3
0.5,0.550000011920929,0.38999998569488525,0.675000011920929,4.0,0.15000000596046448,0.512499988079071,0.3400000035762787,0.32499998807907104,0.5,0.875,0.15000000596046448,0.07500000298023224,0.550000011920929,0.5,0.6625000238418579,2.5,0.6000000238418579,3.5,0.6600000262260437,0.017500000074505806,0.925000011920929,0.20000000298023224,0.875,0.20000000298023224,4226,21249,29570,8578,21445,12865,8450,38405,12802,38275,21445,4-3-1-2,26,14,2,18,13,9,115997,4,1200,6,7,6,34,0,24,15,3
0.6499999761581421,0.3375000059604645,0.07500000298023224,0.675000011920929,4.0,0.15000000596046448,0.512499988079071,0.3499999940395355,0.32499998807907104,0.925000011920929,0.824999988079071,0.15000000596046448,0.08110000193119049,0.512499988079071,0.5,0.824999988079071,3.0,0.49950000643730164,3.0,0.5,0.017500000074505806,0.9279999732971191,0.22499999403953552,0.875,0.22499999403953552,4226,21445,33794,8450,21185,12802,8450,33989,12865,38405,17089,4-3-3,27,13,3,23,10,6,115998,4,1201,9,7,6,7,0,25,15,3
0.6499999761581421,0.5874999761581421,0.38999998569488525,0.675000011920929,4.0,0.15000000596046448,0.512499988079071,0.3499999940395355,0.32499998807907104,0.07500000298023224,0.875,0.15000000596046448,0.07500000298023224,0.512499988079071,0.5,0.5874999761581421,2.0,0.6000000238418579,4.0,0.925000011920929,0.017500000074505806,0.925000011920929,0.20000000298023224,0.875,0.20000000298023224,4226,21249,25669,8450,21249,12737,8578,38275,12737,38405,25602,4-4-2,26,13,2,16,12,10,115999,4,1202,16,7,6,11,0,24,15,3
0.6499999761581421,0.5874999761581421,0.38999998569488525,0.675000011920929,4.0,0.15000000596046448,0.512499988079071,0.3499999940395355,0.32499998807907104,0.07500000298023224,0.875,0.15000000596046448,0.07500000298023224,0.512499988079071,0.5,0.5874999761581421,2.0,0.6000000238418579,4.0,0.925000011920929,0.017500000074505806,0.925000011920929,0.20000000298023224,0.875,0.20000000298023224,4161,21314,25602,8386,21314,12737,8386,38405,12737,38405,25602,4-4-2,26,13,2,16,12,10,116000,4,1203,16,7,6,11,0,24,15,3
0.3499999940395355,0.3375000059604645,0.49950000643730164,0.675000011920929,5.0,0.15000000596046448,0.3375000059604645,0.925000011920929,0.32499998807907104,0.07500000298023224,0.875,0.15000000596046448,0.07500000298023224,0.5874999761581421,0.5,0.5874999761581421,1.0,0.5,4.0,0.6499999761581421,0.017500000074505806,0.925000011920929,0.20000000298023224,0.6625000238418579,0.20000000298023224,4161,17089,25730,8386,25730,12737,8450,38405,12737,29570,17089,4-2-3-1(2),25,11,2,16,9,14,116001,4,1204,4,7,6,3,0,18,12,3
0.3499999940395355,0.3375000059604645,0.5090000033378601,0.675000011920929,5.0,0.15000000596046448,0.3375000059604645,0.925000011920929,0.32499998807907104,0.07500000298023224,0.8500000238418579,0.15000000596046448,0.07500000298023224,0.5874999761581421,0.5,0.5874999761581421,1.0,0.5,4.0,0.6499999761581421,0.017500000074505806,0.925000011920929,0.20000000298023224,0.6625000238418579,0.20000000298023224,4226,17089,25602,8450,25602,12802,8450,38405,12737,29957,17153,4-2-3-1(2),25,11,2,16,9,14,116002,4,1205,4,7,6,3,0,18,12,3
0.5,0.512499988079071,0.07500000298023224,0.675000011920929,4.0,0.15000000596046448,0.512499988079071,0.3499999940395355,0.32499998807907104,0.925000011920929,0.824999988079071,0.15000000596046448,0.07500000298023224,0.512499988079071,0.5,0.824999988079071,3.0,0.49950000643730164,3.0,0.6499999761581421,0.017500000074505806,0.925000011920929,0.20000000298023224,0.875,0.20000000298023224,4161,21185,33794,8386,21314,12802,8386,33794,12737,38275,21314,4-3-3,27,14,3,23,13,6,116003,4,1206,8,7,6,17,0,25,15,3
0.6600000262260437,0.5874999761581421,0.38999998569488525,0.675000011920929,4.0,0.15000000596046448,0.550000011920929,0.3400000035762787,0.32499998807907104,0.07500000298023224,0.875,0.15000000596046448,0.07500000298023224,0.550000011920929,0.5,0.5874999761581421,2.0,0.6000000238418579,4.0,0.925000011920929,0.017500000074505806,0.925000011920929,0.20000000298023224,0.875,0.20000000298023224,4226,21314,25602,8513,21314,12865,8386,38405,12737,38275,25730,4-4-2,26,13,2,16,12,10,116004,4,1207,16,7,6,11,0,24,15,3
0.925000011920929,0.3375000059604645,0.49950000643730164,0.675000011920929,4.5,0.15000000596046448,0.5874999761581421,0.6499999761581421,0.32499998807907104,0.3499999940395355,0.875,0.15000000596046448,0.07500000298023224,0.512499988079071,0.5,0.512499988079071,1.0,0.07500000298023224,4.5,0.5,0.017500000074505806,0.925000011920929,0.20000000298023224,0.5874999761581421,0.20000000298023224,4161,25602,21314,8386,21314,12737,8386,38405,12737,25602,17089,4-1-4-1,25,12,2,15,10,15,116005,4,1208,2,7,6,31,0,16,13,3
0.3499999940395355,0.3375000059604645,0.49950000643730164,0.675000011920929,5.0,0.15000000596046448,0.3375000059604645,0.800000011920929,0.32499998807907104,0.5,0.875,0.15000000596046448,0.07500000298023224,0.6625000238418579,0.5,0.6625000238418579,1.0,0.20000000298023224,4.0,0.6499999761581421,0.017500000074505806,0.925000011920929,0.20000000298023224,0.6625000238418579,0.20000000298023224,4226,17089,29570,8513,29570,12865,8578,38405,12865,29570,17089,4-2-3-1,25,11,2,18,9,14,116009,4,1209,3,7,6,16,0,19,17,3
0.3499999940395355,0.3375000059604645,0.49950000643730164,0.675000011920929,5.0,0.15000000596046448,0.3375000059604645,0.925000011920929,0.32499998807907104,0.07500000298023224,0.875,0.15000000596046448,0.07199999690055847,0.5874999761581421,0.5,0.5874999761581421,1.0,0.5,4.0,0.6499999761581421,0.017500000074505806,0.921999990940094,0.22499999403953552,0.6625000238418579,0.22499999403953552,4161,17089,25602,8450,25602,12865,8450,38213,12865,29570,17089,4-2-3-1(2),25,11,2,16,9,14,116010,4,1210,4,7,6,3,0,18,12,3
0.3499999940395355,0.3375000059604645,0.49950000643730164,0.675000011920929,5.0,0.15000000596046448,0.3375000059604645,0.925000011920929,0.32499998807907104,0.07500000298023224,0.875,0.15000000596046448,0.07500000298023224,0.5874999761581421,0.5,0.5874999761581421,1.0,0.5,4.0,0.6499999761581421,0.017500000074505806,0.925000011920929,0.22499999403953552,0.6625000238418579,0.20000000298023224,4161,17089,25602,8386,25602,12737,8386,38405,12737,29570,17089,4-2-3-1(2),25,11,2,16,9,14,116011,4,1211,4,7,6,3,0,18,12,3
0.3499999940395355,0.375,0.49950000643730164,0.675000011920929,5.0,0.15000000596046448,0.375,0.949999988079071,0.32499998807907104,0.07500000298023224,0.875,0.15000000596046448,0.07500000298023224,0.6449000239372253,0.5,0.6499999761581421,1.0,0.5,4.0,0.6399999856948853,0.017500000074505806,0.925000011920929,0.20000000298023224,0.6625000238418579,0.20000000298023224,4161,17089,25602,8513,25602,12737,8386,38405,12737,29637,17089,4-2-3-1(2),25,11,2,16,9,14,116012,4,1212,4,7,6,3,0,18,12,3
0.3499999940395355,0.512499988079071,0.07500000298023224,0.5,3.0,0.15000000596046448,0.512499988079071,0.07500000298023224,0.32499998807907104,0.925000011920929,0.824999988079071,0.15000000596046448,0.925000011920929,0.5874999761581421,0.5,0.824999988079071,3.0,0.49950000643730164,4.0,0.6499999761581421,0.017500000074505806,0.675000011920929,0.5874999761581421,0.875,0.15000000596046448,4161,21445,33794,25602,25602,12737,12865,33794,12865,38213,21445,3-4-3,27,15,4,23,13,0,116013,5,1213,25,12,6,2,0,25,16,4
0.5,0.20000000298023224,0.38999998569488525,0.675000011920929,5.0,0.15000000596046448,0.3375000059604645,0.6600000262260437,0.5,0.3400000035762787,0.875,0.15000000596046448,0.32499998807907104,0.505299985408783,0.5,0.5145999789237976,2.0,0.6000000238418579,3.0,0.07500000298023224,0.017500000074505806,0.925000011920929,0.15000000596046448,0.875,0.20000000298023224,4161,17089,21381,12737,21314,12737,8386,38341,12737,38405,8386,5-3-2,26,10,1,15,7,4,116014,4,1214,31,6,5,24,0,24,13,3
0.3499999940395355,0.3375000059604645,0.10000000149011612,0.675000011920929,4.0,0.15000000596046448,0.3375000059604645,0.5,0.32499998807907104,0.925000011920929,0.8144000172615051,0.15000000596046448,0.07500000298023224,0.6625000238418579,0.5,0.824999988079071,3.0,0.49950000643730164,3.0,0.6499999761581421,0.017500000074505806,0.925000011920929,0.20000000298023224,0.875,0.20000000298023224,4226,17089,33794,8450,29570,12737,8450,33794,12737,38341,17089,4-2-1-3,27,11,3,23,9,18,116015,4,1215,36,7,6,27,0,25,18,3
0.3400000035762787,0.5196999907493591,0.07500000298023224,0.5,3.0,0.15000000596046448,0.5223000049591064,0.07500000298023224,0.2874999940395355,0.925000011920929,0.824999988079071,0.17499999701976776,0.925000011920929,0.5874999761581421,0.5,0.824999988079071,3.0,0.49950000643730164,4.0,0.6600000262260437,0.017500000074505806,0.7124999761581421,0.5874999761581421,0.875,0.164900004863739,4161,21314,33794,25602,25602,12737,12737,33794,12737,38341,21185,3-4-3,27,15,4,23,13,0,116016,5,1216,25,12,6,2,0,25,16,4
0.3499999940395355,0.3375000059604645,0.49950000643730164,0.675000011920929,5.0,0.15000000596046448,0.3375000059604645,0.925000011920929,0.32499998807907104,0.07500000298023224,0.875,0.15000000596046448,0.07500000298023224,0.5874999761581421,0.5,0.5874999761581421,1.0,0.5,4.0,0.6499999761581421,0.017500000074505806,0.925000011920929,0.20000000298023224,0.6625000238418579,0.20000000298023224,4226,17089,25794,8450,25794,12737,8386,38213,12865,29637,17089,4-2-3-1(2),25,11,2,16,9,14,116017,4,1217,4,7,6,3,0,18,12,3
0.9279999732971191,0.3375000059604645,0.5055999755859375,0.675000011920929,4.5,0.15000000596046448,0.6499999761581421,0.6499999761581421,0.32499998807907104,0.3499999940395355,0.8500000238418579,0.15000000596046448,0.07500000298023224,0.512499988079071,0.5,0.512499988079071,1.0,0.08410000056028366,4.5,0.5,0.017500000074505806,0.925000011920929,0.20000000298023224,0.6499999761581421,0.20000000298023224,4226,25602,21381,8450,21314,12737,8513,38275,12802,25602,17089,4-1-4-1,25,12,2,15,10,15,116020,4,1218,2,7,6,31,0,16,13,3
0.3499999940395355,0.512499988079071,0.49950000643730164,0.5,3.0,0.15000000596046448,0.512499988079071,0.07500000298023224,0.32499998807907104,0.800000011920929,0.875,0.15000000596046448,0.925000011920929,0.5874999761581421,0.5,0.6625000238418579,2.0,0.20000000298023224,5.0,0.6499999761581421,0.017500000074505806,0.675000011920929,0.5874999761581421,0.6625000238418579,0.15000000596046448,4226,21185,29570,25602,25730,12737,12737,38275,12737,29570,21314,3-4-2-1,25,15,3,17,13,19,116021,5,1219,24,12,6,21,0,19,16,4
0.503000020980835,0.5231000185012817,0.07500000298023224,0.675000011920929,4.0,0.15000000596046448,0.4749999940395355,0.3400000035762787,0.32499998807907104,0.925000011920929,0.824999988079071,0.15000000596046448,0.06589999794960022,0.5295000076293945,0.5,0.824999988079071,3.0,0.49950000643730164,3.0,0.6600000262260437,0.017500000074505806,0.925000011920929,0.22499999403953552,0.875,0.20160000026226044,4226,21314,33794,8578,21445,12865,8578,33794,12865,38405,21381,4-3-3,27,14,3,23,13,6,116033,4,1220,8,7,6,17,0,25,15,3
0.925000011920929,0.3375000059604645,0.49950000643730164,0.675000011920929,4.5,0.15000000596046448,0.5874999761581421,0.6600000262260437,0.32499998807907104,0.3409000039100647,0.875,0.15000000596046448,0.07500000298023224,0.5315999984741211,0.5,0.512499988079071,1.0,0.07500000298023224,4.5,0.5,0.017500000074505806,0.8999999761581421,0.20000000298023224,0.5874999761581421,0.17499999701976776,4161,25602,21314,8578,21381,12737,8450,38275,12737,25602,17089,4-1-4-1,25,12,2,15,10,15,116034,4,1221,2,7,6,31,0,16,13,3
0.34389999508857727,0.375,0.49950000643730164,0.675000011920929,5.0,0.15000000596046448,0.375,0.925000011920929,0.32499998807907104,0.07500000298023224,0.875,0.15000000596046448,0.07500000298023224,0.5874999761581421,0.5,0.5874999761581421,1.0,0.5,4.0,0.6430000066757202,0.017500000074505806,0.925000011920929,0.20000000298023224,0.6625000238418579,0.20000000298023224,4161,17153,25602,8513,25794,12737,8513,38275,12737,29570,17153,4-2-3-1(2),25,11,2,16,9,14,116035,4,1222,4,7,6,3,0,18,12,3
0.3499999940395355,0.3375000059604645,0.49950000643730164,0.675000011920929,5.0,0.15000000596046448,0.3375000059604645,0.925000011920929,0.32499998807907104,0.07500000298023224,0.875,0.15000000596046448,0.07500000298023224,0.5874999761581421,0.5,0.5874999761581421,1.0,0.5,4.0,0.6499999761581421,0.017500000074505806,0.925000011920929,0.20000000298023224,0.6625000238418579,0.20000000298023224,4161,17089,25602,8578,25602,12737,8450,38405,12737,29570,17089,4-2-3-1(2),25,11,2,16,9,14,116036,4,1223,4,7,6,3,0,18,12,3
0.36000001430511475,0.375,0.49950000643730164,0.7124999761581421,5.0,0.17499999701976776,0.375,0.925000011920929,0.2874999940395355,0.07500000298023224,0.875,0.17499999701976776,0.07500000298023224,0.5874999761581421,0.5,0.5874999761581421,1.0,0.5,4.0,0.6600000262260437,0.017500000074505806,0.925000011920929,0.20000000298023224,0.6625000238418579,0.20000000298023224,4161,17089,25794,8578,25794,12737,8386,38405,12802,29637,17089,4-2-3-1(2),25,11,2,16,9,14,116037,4,1224,4,7,6,3,0,18,12,3
0.3499999940395355,0.3375000059604645,0.49950000643730164,0.675000011920929,5.0,0.15000000596046448,0.3375000059604645,0.925000011920929,0.32499998807907104,0.07500000298023224,0.875,0.15000000596046448,0.07500000298023224,0.5874999761581421,0.5,0.5874999761581421,1.0,0.5,4.0,0.6499999761581421,0.017500000074505806,0.925000011920929,0.20000000298023224,0.6625000238418579,0.20000000298023224,4161,17089,25669,8450,25602,12865,8450,38341,12737,29570,17089,4-2-3-1(2),25,11,2,16,9,14,116039,4,1225,4,7,6,3,0,18,12,3
0.5,0.512499988079071,0.07500000298023224,0.675000011920929,4.0,0.15000000596046448,0.4749999940395355,0.3499999940395355,0.32499998807907104,0.925000011920929,0.824999988079071,0.15000000596046448,0.07500000298023224,0.512499988079071,0.5,0.824999988079071,3.0,0.49950000643730164,3.0,0.6499999761581421,0.017500000074505806,0.925000011920929,0.20000000298023224,0.875,0.20000000298023224,4161,21185,33794,8513,21185,12802,8386,33989,12737,38213,21445,4-3-3,27,14,3,23,13,6,116040,4,1226,8,7,6,17,0,25,15,3
0.925000011920929,0.3375000059604645,0.49950000643730164,0.675000011920929,4.5,0.15000000596046448,0.5874999761581421,0.6499999761581421,0.32499998807907104,0.3499999940395355,0.875,0.15000000596046448,0.07500000298023224,0.512499988079071,0.5,0.512499988079071,1.0,0.07500000298023224,4.5,0.5,0.017500000074505806,0.925000011920929,0.20000000298023224,0.5874999761581421,0.20000000298023224,4161,25602,21314,8386,21249,12865,8578,38405,12737,25730,17089,4-1-4-1,25,12,2,15,10,15,116042,4,1227,2,7,6,31,0,16,13,3
0.3499999940395355,0.3375000059604645,0.49950000643730164,0.675000011920929,5.0,0.15000000596046448,0.3375000059604645,0.925000011920929,0.32499998807907104,0.07500000298023224,0.875,0.15000000596046448,0.07500000298023224,0.5874999761581421,0.5,0.5874999761581421,1.0,0.5,4.0,0.6499999761581421,0.017500000074505806,0.925000011920929,0.20000000298023224,0.6625000238418579,0.20000000298023224,4226,17089,25730,8578,25730,12865,8386,38405,12737,29570,17089,4-2-3-1(2),25,11,2,16,9,14,116044,4,1228,4,7,6,3,0,18,12,3
0.3499999940395355,0.512499988079071,0.38999998569488525,0.5,3.0,0.15000000596046448,0.512499988079071,0.07500000298023224,0.32499998807907104,0.5,0.875,0.15000000596046448,0.925000011920929,0.5874999761581421,0.5,0.6625000238418579,2.5,0.6000000238418579,4.5,0.6499999761581421,0.017500000074505806,0.675000011920929,0.5874999761581421,0.875,0.15000000596046448,4161,21381,29570,25602,25730,12737,12737,38405,12737,38405,21314,3-4-1-2,26,15,4,18,13,1,116263,5,1429,23,12,6,29,0,24,16,4
0.3499999940395355,0.512499988079071,0.08110000193119049,0.5,3.0,0.15000000596046448,0.512499988079071,0.07500000298023224,0.32499998807907104,0.9128999710083008,0.7824000120162964,0.15000000596046448,0.925000011920929,0.5874999761581421,0.5,0.7749999761581421,3.0,0.49950000643730164,4.0,0.6499999761581421,0.017500000074505806,0.675000011920929,0.5874999761581421,0.875,0.15000000596046448,4161,21314,33794,25602,25602,12737,12737,33794,12737,38275,21445,3-4-3,27,15,4,23,13,0,116280,5,1430,25,12,6,2,0,25,16,4
0.6499999761581421,0.3375000059604645,0.07500000298023224,0.675000011920929,4.0,0.15000000596046448,0.512499988079071,0.3499999940395355,0.32499998807907104,0.925000011920929,0.824999988079071,0.15000000596046448,0.07500000298023224,0.512499988079071,0.5,0.824999988079071,3.0,0.49950000643730164,3.0,0.5,0.017500000074505806,0.925000011920929,0.20000000298023224,0.875,0.20000000298023224,4161,21381,33989,8450,21314,12865,8386,33794,12865,38405,17089,4-3-3,27,13,3,23,10,6,116282,4,1431,9,7,6,7,0,25,15,3
0.6499999761581421,0.3375000059604645,0.07500000298023224,0.675000011920929,4.0,0.15000000596046448,0.512499988079071,0.3499999940395355,0.32499998807907104,0.925000011920929,0.824999988079071,0.15000000596046448,0.07500000298023224,0.512499988079071,0.5,0.824999988079071,3.0,0.5024999976158142,3.0,0.5,0.017500000074505806,0.925000011920929,0.20000000298023224,0.875,0.20000000298023224,4161,21314,33861,8386,21445,12802,8386,33794,12737,38341,17089,4-3-3,27,13,3,23,10,6,116292,4,1432,9,7,6,7,0,25,15,3
0.6499999761581421,0.5874999761581421,0.38999998569488525,0.675000011920929,4.0,0.15000000596046448,0.512499988079071,0.3499999940395355,0.32499998807907104,0.07500000298023224,0.875,0.15000000596046448,0.07500000298023224,0.512499988079071,0.5,0.5874999761581421,2.0,0.6000000238418579,4.0,0.925000011920929,0.017500000074505806,0.925000011920929,0.20000000298023224,0.875,0.20000000298023224,4161,21185,25602,8450,21314,12802,8386,38275,12737,38405,25602,4-4-2,26,13,2,16,12,10,116295,4,1433,16,7,6,11,0,24,15,3
0.36000001430511475,0.30000001192092896,0.49950000643730164,0.6840999722480774,5.0,0.125,0.375,0.9431999921798706,0.32199999690055847,0.09319999814033508,0.875,0.125,0.07500000298023224,0.6499999761581421,0.5,0.6499999761581421,1.0,0.49390000104904175,4.0,0.6399999856948853,0.017500000074505806,0.921999990940094,0.19519999623298645,0.625,0.22499999403953552,4161,17089,25602,8386,25602,12737,8386,38405,12802,29570,17089,4-2-3-1(2),25,11,2,16,9,14,116300,4,1434,4,7,6,3,0,18,12,3
0.3499999940395355,0.3375000059604645,0.07500000298023224,0.675000011920929,4.0,0.15000000596046448,0.3375000059604645,0.5,0.32499998807907104,0.925000011920929,0.824999988079071,0.15000000596046448,0.06589999794960022,0.512499988079071,0.5,0.824999988079071,3.0,0.49950000643730164,3.0,0.6499999761581421,0.017500000074505806,0.949999988079071,0.22499999403953552,0.875,0.22499999403953552,4161,17089,33794,8450,21249,12737,8386,33989,12737,38213,17089,4-3-3,27,11,3,23,9,6,116302,4,1435,10,7,6,5,0,25,14,3
0.36000001430511475,0.375,0.49950000643730164,0.675000011920929,5.0,0.15000000596046448,0.375,0.9279999732971191,0.32499998807907104,0.08709999918937683,0.875,0.15000000596046448,0.07500000298023224,0.6499999761581421,0.5,0.6499999761581421,1.0,0.5,4.0,0.6399999856948853,0.017500000074505806,0.925000011920929,0.20000000298023224,0.6625000238418579,0.20000000298023224,4161,17025,25794,8450,25602,12737,8450,38275,12737,29570,17089,4-2-3-1(2),25,11,2,16,9,14,116303,4,1436,4,7,6,3,0,18,12,3
0.3499999940395355,0.3375000059604645,0.49950000643730164,0.675000011920929,5.0,0.15000000596046448,0.3375000059604645,0.925000011920929,0.32499998807907104,0.07500000298023224,0.8792999982833862,0.15000000596046448,0.07500000298023224,0.5874999761581421,0.5,0.5874999761581421,1.0,0.5,4.0,0.6499999761581421,0.017500000074505806,0.925000011920929,0.20000000298023224,0.6625000238418579,0.20000000298023224,4161,17089,25730,8513,25794,12737,8386,38275,12737,29570,17089,4-2-3-1(2),25,11,2,16,9,14,116304,4,1437,4,7,6,3,0,18,12,3
0.3499999940395355,0.3375000059604645,0.49950000643730164,0.7124999761581421,5.0,0.17499999701976776,0.3375000059604645,0.925000011920929,0.2874999940395355,0.07500000298023224,0.875,0.17499999701976776,0.07500000298023224,0.5874999761581421,0.5,0.5874999761581421,1.0,0.5,4.0,0.6499999761581421,0.017500000074505806,0.925000011920929,0.20000000298023224,0.6625000238418579,0.20000000298023224,4161,17089,25794,8386,25730,12802,8386,38405,12737,29570,17089,4-2-3-1(2),25,11,2,16,9,14,116305,4,1438,4,7,6,3,0,18,12,3
0.3499999940395355,0.3375000059604645,0.49950000643730164,0.675000011920929,5.0,0.15000000596046448,0.3375000059604645,0.925000011920929,0.32499998807907104,0.07500000298023224,0.875,0.15000000596046448,0.07500000298023224,0.5874999761581421,0.5,0.5874999761581421,1.0,0.5,4.0,0.6499999761581421,0.017500000074505806,0.925000011920929,0.20000000298023224,0.6625000238418579,0.20000000298023224,4161,17153,25602,8386,25730,12737,8450,38341,12802,29570,17089,4-2-3-1(2),25,11,2,16,9,14,116306,4,1439,4,7,6,3,0,18,12,3
0.3499999940395355,0.3375000059604645,0.49950000643730164,0.675000011920929,5.0,0.15000000596046448,0.3375000059604645,0.925000011920929,0.32499998807907104,0.07500000298023224,0.875,0.15000000596046448,0.07500000298023224,0.5874999761581421,0.5,0.5874999761581421,1.0,0.5,4.0,0.6499999761581421,0.017500000074505806,0.925000011920929,0.20000000298023224,0.6625000238418579,0.20000000298023224,4226,17025,25794,8513,25794,12737,8386,38275,12802,29570,17089,4-2-3-1(2),25,11,2,16,9,14,116307,4,1440,4,7,6,3,0,18,12,3
0.3499999940395355,0.3375000059604645,0.49950000643730164,0.675000011920929,5.0,0.15000000596046448,0.3375000059604645,0.925000011920929,0.32499998807907104,0.07500000298023224,0.875,0.15000000596046448,0.07500000298023224,0.5874999761581421,0.5,0.5874999761581421,1.0,0.5,4.0,0.6499999761581421,0.017500000074505806,0.925000011920929,0.20000000298023224,0.6625000238418579,0.20000000298023224,4161,17089,25602,8386,25794,12737,8386,38405,12737,29957,17089,4-2-3-1(2),25,11,2,16,9,14,116308,4,1441,4,7,6,3,0,18,12,3
0.3499999940395355,0.3375000059604645,0.49950000643730164,0.7124999761581421,5.0,0.17499999701976776,0.3375000059604645,0.925000011920929,0.2874999940395355,0.07500000298023224,0.875,0.17499999701976776,0.07500000298023224,0.5874999761581421,0.5,0.5874999761581421,1.0,0.5,4.0,0.6499999761581421,0.017500000074505806,0.925000011920929,0.20000000298023224,0.6625000238418579,0.20000000298023224,4161,17089,25794,8450,25794,12737,8450,38275,12737,29570,17089,4-2-3-1(2),25,11,2,16,9,14,116309,4,1442,4,7,6,3,0,18,12,3
0.925000011920929,0.3375000059604645,0.49950000643730164,0.675000011920929,4.5,0.15000000596046448,0.5874999761581421,0.6499999761581421,0.32499998807907104,0.3499999940395355,0.875,0.15000000596046448,0.07500000298023224,0.512499988079071,0.5,0.512499988079071,1.0,0.07500000298023224,4.5,0.5,0.017500000074505806,0.925000011920929,0.20000000298023224,0.5874999761581421,0.20000000298023224,4226,25669,21445,8450,21445,12802,8450,38275,12737,25794,17089,4-1-4-1,25,12,2,15,10,15,116310,4,1443,2,7,6,31,0,16,13,3
0.3499999940395355,0.3375000059604645,0.49950000643730164,0.675000011920929,5.0,0.15000000596046448,0.3375000059604645,0.925000011920929,0.32499998807907104,0.07500000298023224,0.875,0.15000000596046448,0.09019999951124191,0.5874999761581421,0.5,0.5874999761581421,1.0,0.5,4.0,0.6499999761581421,0.017500000074505806,0.925000011920929,0.22499999403953552,0.6625000238418579,0.20000000298023224,4226,17089,25602,8386,25794,12737,8450,38213,12737,29570,17025,4-2-3-1(2),25,11,2,16,9,14,116311,4,1444,4,7,6,3,0,18,12,3
0.3499999940395355,0.3375000059604645,0.49950000643730164,0.675000011920929,5.0,0.15000000596046448,0.3375000059604645,0.8999999761581421,0.32499998807907104,0.07800000160932541,0.875,0.15000000596046448,0.07500000298023224,0.6499999761581421,0.5,0.6499999761581421,1.0,0.5,4.0,0.6499999761581421,0.017500000074505806,0.925000011920929,0.20000000298023224,0.6625000238418579,0.20000000298023224,4161,17089,25602,8386,25602,12737,8450,38405,12737,29637,17089,4-2-3-1(2),25,11,2,16,9,14,116312,4,1445,4,7,6,3,0,18,12,3
0.925000011920929,0.3375000059604645,0.49950000643730164,0.675000011920929,4.5,0.15000000596046448,0.5874999761581421,0.6499999761581421,0.32499998807907104,0.3499999940395355,0.875,0.15000000596046448,0.07500000298023224,0.512499988079071,0.5,0.512499988079071,1.0,0.07500000298023224,4.5,0.5,0.017500000074505806,0.925000011920929,0.20000000298023224,0.5874999761581421,0.20000000298023224,4161,25602,21314,8386,21249,12737,8513,38405,12865,25602,17089,4-1-4-1,25,12,2,15,10,15,116323,4,1447,2,7,6,31,0,16,13,3
0.6600000262260437,0.3375000059604645,0.07500000298023224,0.675000011920929,4.0,0.15000000596046448,0.4749999940395355,0.3400000035762787,0.32499998807907104,0.925000011920929,0.824999988079071,0.15000000596046448,0.07500000298023224,0.4749999940395355,0.5,0.824999988079071,3.0,0.49950000643730164,3.0,0.5,0.017500000074505806,0.925000011920929,0.20000000298023224,0.875,0.19359999895095825,4226,21381,33989,8578,21381,12865,8578,33861,12865,38405,17089,4-3-3,27,13,3,23,10,6,116325,4,1448,9,7,6,7,0,25,15,3
0.3499999940395355,0.512499988079071,0.07500000298023224,0.675000011920929,4.0,0.15000000596046448,0.512499988079071,0.5,0.32499998807907104,0.925000011920929,0.824999988079071,0.15000000596046448,0.07500000298023224,0.6625000238418579,0.5,0.824999988079071,3.0,0.49950000643730164,3.0,0.6499999761581421,0.017500000074505806,0.925000011920929,0.20000000298023224,0.875,0.20000000298023224,4226,21381,33989,8578,29957,12802,8450,33989,12865,38405,21314,4-3-3,27,15,3,23,13,6,116326,4,1449,11,7,6,4,0,25,18,3
0.3499999940395355,0.3375000059604645,0.49950000643730164,0.675000011920929,5.0,0.15000000596046448,0.3375000059604645,0.925000011920929,0.32499998807907104,0.07500000298023224,0.875,0.15000000596046448,0.10000000149011612,0.5874999761581421,0.5,0.5874999761581421,1.0,0.5,4.0,0.6499999761581421,0.017500000074505806,0.925000011920929,0.1914999932050705,0.6625000238418579,0.20000000298023224,4226,17089,25602,8450,25602,12737,8386,38213,12802,29570,17089,4-2-3-1(2),25,11,2,16,9,14,116327,4,1450,4,7,6,3,0,18,12,3
0.6499999761581421,0.5874999761581421,0.38999998569488525,0.675000011920929,4.0,0.15000000596046448,0.512499988079071,0.3499999940395355,0.32499998807907104,0.07500000298023224,0.875,0.15000000596046448,0.07500000298023224,0.512499988079071,0.5,0.5874999761581421,2.0,0.6000000238418579,4.0,0.925000011920929,0.017500000074505806,0.925000011920929,0.20000000298023224,0.875,0.20000000298023224,4226,21314,25602,8450,21314,12737,8386,38405,12737,38405,25794,4-4-2,26,13,2,16,12,10,116328,4,1451,16,7,6,11,0,24,15,3
0.5,0.512499988079071,0.07500000298023224,0.675000011920929,4.0,0.15000000596046448,0.512499988079071,0.3499999940395355,0.32499998807907104,0.925000011920929,0.824999988079071,0.15000000596046448,0.07500000298023224,0.512499988079071,0.5,0.824999988079071,3.0,0.49950000643730164,3.0,0.6499999761581421,0.017500000074505806,0.925000011920929,0.20000000298023224,0.875,0.20000000298023224,4161,21314,33794,8386,21314,12737,8513,33794,12737,38405,21185,4-3-3,27,14,3,23,13,6,116330,4,1452,8,7,6,17,0,25,15,3
0.5,0.20000000298023224,0.38999998569488525,0.675000011920929,5.0,0.15000000596046448,0.3375000059604645,0.6499999761581421,0.5,0.3499999940395355,0.875,0.15000000596046448,0.32499998807907104,0.512499988079071,0.5,0.512499988079071,2.0,0.6000000238418579,3.0,0.07500000298023224,0.017500000074505806,0.925000011920929,0.15000000596046448,0.875,0.20000000298023224,4161,17089,21445,12737,21185,12737,8450,38341,12802,38405,8386,5-3-2,26,10,1,15,7,4,116331,4,1453,31,6,5,24,0,24,13,3
0.5,0.512499988079071,0.07500000298023224,0.675000011920929,4.0,0.15000000596046448,0.512499988079071,0.3499999940395355,0.32499998807907104,0.925000011920929,0.824999988079071,0.15000000596046448,0.07500000298023224,0.512499988079071,0.5,0.824999988079071,3.0,0.49950000643730164,3.0,0.6499999761581421,0.017500000074505806,0.925000011920929,0.20000000298023224,0.875,0.20000000298023224,4161,21314,33794,8386,21185,12737,8386,33794,12737,38341,21185,4-3-3,27,14,3,23,13,6,116332,4,1454,8,7,6,17,0,25,15,3
0.6600000262260437,0.5874999761581421,0.38999998569488525,0.675000011920929,4.0,0.15000000596046448,0.5167999863624573,0.3400000035762787,0.32499998807907104,0.07500000298023224,0.875,0.15000000596046448,0.07500000298023224,0.5210000276565552,0.5,0.5874999761581421,2.0,0.6000000238418579,4.0,0.925000011920929,0.017500000074505806,0.925000011920929,0.20000000298023224,0.875,0.20000000298023224,4161,21314,25602,8386,21445,12737,8450,38341,12737,38341,25669,4-4-2,26,13,2,16,12,10,116333,4,1455,16,7,6,11,0,24,15,3
0.3499999940395355,0.3375000059604645,0.49950000643730164,0.675000011920929,5.0,0.15000000596046448,0.3375000059604645,0.800000011920929,0.32499998807907104,0.5,0.875,0.15000000596046448,0.07500000298023224,0.6625000238418579,0.5,0.6625000238418579,1.0,0.20000000298023224,4.0,0.6499999761581421,0.017500000074505806,0.925000011920929,0.20000000298023224,0.6625000238418579,0.20000000298023224,4161,17089,29570,8578,29570,12737,8386,38405,12737,29570,17089,4-2-3-1,25,11,2,18,9,14,116334,4,1456,3,7,6,16,0,19,17,3
0.6499999761581421,0.3375000059604645,0.07500000298023224,0.675000011920929,4.0,0.15000000596046448,0.512499988079071,0.3499999940395355,0.32499998807907104,0.925000011920929,0.824999988079071,0.15000000596046448,0.07500000298023224,0.512499988079071,0.5,0.824999988079071,3.0,0.49950000643730164,3.0,0.5,0.017500000074505806,0.925000011920929,0.20000000298023224,0.875,0.20000000298023224,4226,21249,33989,8450,21314,12802,8450,33861,12865,38275,17089,4-3-3,27,13,3,23,10,6,116336,4,1457,9,7,6,7,0,25,15,3
0.3499999940395355,0.512499988079071,0.07500000298023224,0.675000011920929,4.0,0.15000000596046448,0.512499988079071,0.5,0.32499998807907104,0.925000011920929,0.824999988079071,0.15000000596046448,0.07500000298023224,0.6625000238418579,0.5,0.824999988079071,3.0,0.49950000643730164,3.0,0.6499999761581421,0.017500000074505806,0.925000011920929,0.20000000298023224,0.875,0.20000000298023224,4161,21314,33794,8386,29570,12737,8450,33794,12737,38341,21314,4-3-3,27,15,3,23,13,6,116337,4,1458,11,7,6,4,0,25,18,3
0.6499999761581421,0.3375000059604645,0.07500000298023224,0.675000011920929,4.0,0.15000000596046448,0.512499988079071,0.3499999940395355,0.32499998807907104,0.925000011920929,0.824999988079071,0.15000000596046448,0.07500000298023224,0.512499988079071,0.5,0.824999988079071,3.0,0.49950000643730164,3.0,0.5,0.017500000074505806,0.925000011920929,0.20000000298023224,0.875,0.20000000298023224,4226,21445,33794,8450,21249,12802,8386,33794,12737,38341,17089,4-3-3,27,13,3,23,10,6,116339,4,1459,9,7,6,7,0,25,15,3
0.3569999933242798,0.5095999836921692,0.38999998569488525,0.5091000199317932,3.0,0.15209999680519104,0.5153999924659729,0.10000000149011612,0.32499998807907104,0.5,0.875,0.15000000596046448,0.9067999720573425,0.64410001039505,0.5,0.6625000238418579,2.5,0.6000000238418579,4.5,0.6399999856948853,0.017500000074505806,0.675000011920929,0.6377999782562256,0.875,0.15000000596046448,4226,21445,29637,25602,25602,12737,12737,38405,12737,38405,21185,3-4-1-2,26,15,4,18,13,1,116343,5,1460,23,12,6,29,0,24,16,4
0.6499999761581421,0.20000000298023224,0.07500000298023224,0.675000011920929,6.0,0.15000000596046448,0.512499988079071,0.3499999940395355,0.5,0.925000011920929,0.824999988079071,0.15000000596046448,0.32499998807907104,0.512499988079071,0.5,0.824999988079071,1.0,0.49950000643730164,3.0,0.07500000298023224,0.017500000074505806,0.925000011920929,0.15000000596046448,0.875,0.20000000298023224,4161,21381,33861,12737,21314,12737,8386,33794,12737,38213,8386,5-2-3,27,13,1,23,7,3,116360,4,1463,30,6,5,36,0,25,15,3
0.6499999761581421,0.5874999761581421,0.38999998569488525,0.7124999761581421,4.0,0.15850000083446503,0.512499988079071,0.36000001430511475,0.32499998807907104,0.07500000298023224,0.875,0.15000000596046448,0.07500000298023224,0.5060999989509583,0.5,0.5874999761581421,2.0,0.6000000238418579,4.0,0.925000011920929,0.017500000074505806,0.925000011920929,0.20000000298023224,0.875,0.20000000298023224,4161,21314,25602,8386,21314,12737,8386,38275,12802,38405,25794,4-4-2,26,13,2,16,12,10,116361,4,1464,16,7,6,11,0,24,15,3
0.6600000262260437,0.5874999761581421,0.49950000643730164,0.675000011920929,4.0,0.15000000596046448,0.49970000982284546,0.5059999823570251,0.32499998807907104,0.3400000035762787,0.875,0.15000000596046448,0.07500000298023224,0.550000011920929,0.5,0.5138000249862671,1.0,0.07500000298023224,5.0,0.925000011920929,0.017500000074505806,0.925000011920929,0.20000000298023224,0.5874999761581421,0.20000000298023224,4161,21314,21314,8513,21314,12865,8450,38275,12865,25730,25669,4-5-1(2),25,13,2,15,12,15,116416,4,1468,20,7,6,19,0,16,14,3
0.9431999921798706,0.3375000059604645,0.49950000643730164,0.6689000129699707,4.5,0.17499999701976776,0.6342999935150146,0.6570000052452087,0.3402000069618225,0.36000001430511475,0.875,0.17499999701976776,0.09019999951124191,0.4975999891757965,0.5,0.550000011920929,1.0,0.06889999657869339,4.5,0.5,0.017500000074505806,0.8999999761581421,0.22499999403953552,0.6499999761581421,0.22499999403953552,4161,25602,21314,8386,21314,12737,8386,38405,12737,25602,17089,4-1-4-1,25,12,2,15,10,15,116417,4,1469,2,7,6,31,0,16,13,3
0.6399999856948853,0.6499999761581421,0.3799999952316284,0.675000011920929,4.0,0.15000000596046448,0.5145999789237976,0.36000001430511475,0.32499998807907104,0.08110000193119049,0.8628000020980835,0.15000000596046448,0.07500000298023224,0.5167999863624573,0.5,0.6499999761581421,2.0,0.6100000143051147,4.0,0.9097999930381775,0.017500000074505806,0.925000011920929,0.20000000298023224,0.8622000217437744,0.20000000298023224,4161,21185,25602,8386,21445,12737,8450,38213,12737,38405,25602,4-4-2,26,13,2,16,12,10,131110,4,1470,16,7,6,11,0,24,15,3
0.5,0.512499988079071,0.07500000298023224,0.675000011920929,4.0,0.15000000596046448,0.512499988079071,0.3499999940395355,0.32499998807907104,0.925000011920929,0.824999988079071,0.15000000596046448,0.07500000298023224,0.512499988079071,0.5,0.824999988079071,3.0,0.49950000643730164,3.0,0.6499999761581421,0.017500000074505806,0.925000011920929,0.20000000298023224,0.875,0.20000000298023224,4226,21314,33794,8386,21445,12737,8578,33794,12737,38341,21249,4-3-3,27,14,3,23,13,6,131125,4,1471,8,7,6,17,0,25,15,3
0.375,0.3499999940395355,0.5,0.625,5.0,0.10000000149011612,0.3499999940395355,0.675000011920929,0.375,0.5,0.925000011920929,0.10000000149011612,0.15000000596046448,0.6499999761581421,0.5,0.6499999761581421,1.0,0.32499998807907104,4.0,0.625,0.07500000298023224,0.8500000238418579,0.11249999701976776,0.6499999761581421,0.11249999701976776,4161,17089,29570,8386,29570,12737,8386,38405,12737,29570,17089,4-2-3-1,25,11,2,18,9,14,131159,4,1472,3,7,6,16,0,19,17,3
0.3499999940395355,0.3375000059604645,0.49950000643730164,0.675000011920929,5.0,0.15000000596046448,0.3375000059604645,0.925000011920929,0.32499998807907104,0.07500000298023224,0.875,0.15000000596046448,0.07500000298023224,0.5874999761581421,0.5,0.5874999761581421,1.0,0.5,4.0,0.6499999761581421,0.017500000074505806,0.925000011920929,0.20000000298023224,0.6625000238418579,0.20000000298023224,4161,17153,25602,8386,25794,12737,8386,38405,12865,29570,17025,4-2-3-1(2),25,11,2,16,9,14,131161,4,1473,4,7,6,3,0,18,12,3
0.3499999940395355,0.3375000059604645,0.49950000643730164,0.675000011920929,5.0,0.15000000596046448,0.3375000059604645,0.9279999732971191,0.30379998683929443,0.09690000116825104,0.8834999799728394,0.15639999508857727,0.07500000298023224,0.6499999761581421,0.5,0.6287000179290771,1.0,0.503000020980835,4.0,0.6499999761581421,0.017500000074505806,0.925000011920929,0.20000000298023224,0.6668000221252441,0.20000000298023224,4161,17089,25602,8386,25602,12865,8386,38405,12737,29570,17089,4-2-3-1(2),25,11,2,16,9,14,131173,4,1474,4,7,6,3,0,18,12,3
0.925000011920929,0.3375000059604645,0.49950000643730164,0.675000011920929,4.5,0.15000000596046448,0.5874999761581421,0.6499999761581421,0.32499998807907104,0.3499999940395355,0.875,0.15000000596046448,0.07500000298023224,0.512499988079071,0.5,0.512499988079071,1.0,0.07500000298023224,4.5,0.5,0.017500000074505806,0.925000011920929,0.20000000298023224,0.5874999761581421,0.20000000298023224,4161,25602,21314,8578,21314,12737,8386,38405,12737,25602,17089,4-1-4-1,25,12,2,15,10,15,131174,4,1475,2,7,6,31,0,16,13,3
0.375,0.3499999940395355,0.5,0.625,5.0,0.10000000149011612,0.3499999940395355,0.675000011920929,0.375,0.5,0.925000011920929,0.10000000149011612,0.15000000596046448,0.6499999761581421,0.5,0.6499999761581421,1.0,0.32499998807907104,4.0,0.625,0.07500000298023224,0.8500000238418579,0.11249999701976776,0.6499999761581421,0.11249999701976776,4161,17089,29570,8386,29570,12737,8386,38405,12737,29570,17089,4-2-3-1,25,11,2,18,9,14,131271,4,1476,3,7,6,16,0,19,17,3
0.5,0.512499988079071,0.07500000298023224,0.675000011920929,4.0,0.15000000596046448,0.512499988079071,0.34299999475479126,0.32499998807907104,0.925000011920929,0.824999988079071,0.15000000596046448,0.07500000298023224,0.5138000249862671,0.5,0.824999988079071,3.0,0.49950000643730164,3.0,0.6499999761581421,0.017500000074505806,0.925000011920929,0.20000000298023224,0.875,0.20000000298023224,4161,21314,33794,8386,21314,12737,8386,33794,12737,38405,21314,4-3-3,27,14,3,23,13,6,131358,4,1477,8,7,6,17,0,25,15,3
0.5,0.512499988079071,0.07500000298023224,0.675000011920929,4.0,0.15000000596046448,0.512499988079071,0.3499999940395355,0.32499998807907104,0.925000011920929,0.824999988079071,0.15000000596046448,0.07500000298023224,0.512499988079071,0.5,0.824999988079071,3.0,0.49950000643730164,3.0,0.6499999761581421,0.017500000074505806,0.925000011920929,0.20000000298023224,0.875,0.20000000298023224,4161,21314,33794,8386,21314,12737,8386,33794,12737,38405,21314,4-3-3,27,14,3,23,13,6,131359,4,1478,8,7,6,17,0,25,15,3
0.3499999940395355,0.3375000059604645,0.49950000643730164,0.675000011920929,5.0,0.15000000596046448,0.3375000059604645,0.925000011920929,0.32499998807907104,0.07500000298023224,0.875,0.15000000596046448,0.07500000298023224,0.5874999761581421,0.5,0.5874999761581421,1.0,0.4848000109195709,4.0,0.6499999761581421,0.017500000074505806,0.925000011920929,0.20000000298023224,0.625,0.20000000298023224,4161,17089,25602,8386,25602,12737,8386,38405,12737,29570,17089,4-2-3-1(2),25,11,2,16,9,14,131360,4,1479,4,7,6,3,0,18,12,3
0.8999999761581421,0.3375000059604645,0.49950000643730164,0.675000011920929,4.5,0.15000000596046448,0.6499999761581421,0.6499999761581421,0.32499998807907104,0.3499999940395355,0.875,0.15000000596046448,0.07500000298023224,0.512499988079071,0.5,0.512499988079071,1.0,0.10000000149011612,4.5,0.5,0.017500000074505806,0.925000011920929,0.20000000298023224,0.6478999853134155,0.20000000298023224,4161,25602,21314,8386,21314,12737,8386,38405,12737,25602,17089,4-1-4-1,25,12,2,15,10,15,131361,4,1480,2,7,6,31,0,16,13,3
0.3499999940395355,0.512499988079071,0.07500000298023224,0.5,3.0,0.15000000596046448,0.512499988079071,0.07500000298023224,0.32499998807907104,0.925000011920929,0.824999988079071,0.15000000596046448,0.925000011920929,0.5874999761581421,0.5,0.824999988079071,3.0,0.49950000643730164,4.0,0.6499999761581421,0.017500000074505806,0.675000011920929,0.5874999761581421,0.875,0.15000000596046448,4161,21185,33989,25602,25602,12865,12737,33794,12737,38341,21314,3-4-3,27,15,4,23,13,0,131362,5,1481,25,12,6,2,0,25,16,4
0.925000011920929,0.3375000059604645,0.49950000643730164,0.675000011920929,4.5,0.15000000596046448,0.5874999761581421,0.6499999761581421,0.32499998807907104,0.3499999940395355,0.875,0.15000000596046448,0.07500000298023224,0.512499988079071,0.5,0.512499988079071,1.0,0.07500000298023224,4.5,0.5,0.017500000074505806,0.925000011920929,0.20000000298023224,0.5874999761581421,0.20000000298023224,4161,25602,21314,8386,21314,12737,8386,38405,12737,25602,17089,4-1-4-1,25,12,2,15,10,15,131363,4,1482,2,7,6,31,0,16,13,3
0.3499999940395355,0.3375000059604645,0.49950000643730164,0.675000011920929,5.0,0.15000000596046448,0.3375000059604645,0.925000011920929,0.32499998807907104,0.07500000298023224,0.875,0.15000000596046448,0.07500000298023224,0.5874999761581421,0.5,0.5874999761581421,1.0,0.5,4.0,0.6499999761581421,0.017500000074505806,0.925000011920929,0.20000000298023224,0.6625000238418579,0.20000000298023224,4161,17089,25602,8450,25794,12737,8450,38405,12865,29570,17089,4-2-3-1(2),25,11,2,16,9,14,131388,4,1483,4,7,6,3,0,18,12,3
0.6499999761581421,0.5874999761581421,0.38999998569488525,0.675000011920929,4.0,0.15000000596046448,0.512499988079071,0.3499999940395355,0.32499998807907104,0.07500000298023224,0.875,0.15000000596046448,0.07500000298023224,0.512499988079071,0.5,0.5874999761581421,2.0,0.6000000238418579,4.0,0.925000011920929,0.017500000074505806,0.925000011920929,0.20000000298023224,0.875,0.20000000298023224,4226,21314,25730,8386,21185,12802,8386,38213,12737,38213,25602,4-4-2,26,13,2,16,12,10,131391,4,1484,16,7,6,11,0,24,15,3
0.3499999940395355,0.3375000059604645,0.49950000643730164,0.675000011920929,5.0,0.15000000596046448,0.3375000059604645,0.925000011920929,0.32499998807907104,0.07500000298023224,0.875,0.15000000596046448,0.07500000298023224,0.5874999761581421,0.5,0.5874999761581421,1.0,0.5,4.0,0.6499999761581421,0.017500000074505806,0.925000011920929,0.20000000298023224,0.6625000238418579,0.20000000298023224,4161,17089,25602,8386,25794,12737,8386,38405,12737,29570,17089,4-2-3-1(2),25,11,2,16,9,14,131447,4,1486,4,7,6,3,0,18,12,3
0.3499999940395355,0.3375000059604645,0.49950000643730164,0.675000011920929,5.0,0.15000000596046448,0.3375000059604645,0.925000011920929,0.32499998807907104,0.07500000298023224,0.875,0.15000000596046448,0.07500000298023224,0.5874999761581421,0.5,0.5874999761581421,1.0,0.5,4.0,0.6499999761581421,0.017500000074505806,0.925000011920929,0.20000000298023224,0.6625000238418579,0.20000000298023224,4161,17089,25602,8450,25602,12737,8386,38213,12802,29637,17089,4-2-3-1(2),25,11,2,16,9,14,131459,4,1487,4,7,6,3,0,18,12,3
0.3499999940395355,0.3375000059604645,0.49950000643730164,0.675000011920929,5.0,0.15000000596046448,0.3375000059604645,0.925000011920929,0.32499998807907104,0.07500000298023224,0.875,0.15000000596046448,0.07500000298023224,0.5874999761581421,0.5,0.5874999761581421,1.0,0.5,4.0,0.6499999761581421,0.017500000074505806,0.925000011920929,0.20000000298023224,0.6625000238418579,0.20000000298023224,4161,17089,25602,8386,25602,12737,8386,38405,12737,29570,17089,4-2-3-1(2),25,11,2,16,9,14,131463,4,1488,4,7,6,3,0,18,12,3
0.3499999940395355,0.3375000059604645,0.49950000643730164,0.675000011920929,5.0,0.15000000596046448,0.3375000059604645,0.925000011920929,0.32499998807907104,0.07500000298023224,0.875,0.15000000596046448,0.07500000298023224,0.5874999761581421,0.5,0.5874999761581421,1.0,0.5,4.0,0.6499999761581421,0.017500000074505806,0.925000011920929,0.20000000298023224,0.6625000238418579,0.20000000298023224,4161,17089,25602,8386,25602,12737,8386,38405,12737,29570,17089,4-2-3-1(2),25,11,2,16,9,14,131474,4,1489,4,7,6,3,0,18,12,3
0.925000011920929,0.3375000059604645,0.49950000643730164,0.675000011920929,4.5,0.15000000596046448,0.5874999761581421,0.6499999761581421,0.32499998807907104,0.3499999940395355,0.875,0.15000000596046448,0.07500000298023224,0.512499988079071,0.5,0.512499988079071,1.0,0.07500000298023224,4.5,0.5,0.017500000074505806,0.925000011920929,0.20000000298023224,0.5874999761581421,0.20000000298023224,4226,25602,21314,8386,21445,12737,8450,38341,12737,25794,17089,4-1-4-1,25,12,2,15,10,15,131477,4,1490,2,7,6,31,0,16,13,3
0.6499999761581421,0.3375000059604645,0.07500000298023224,0.675000011920929,4.0,0.15000000596046448,0.512499988079071,0.3499999940395355,0.32499998807907104,0.925000011920929,0.824999988079071,0.15000000596046448,0.07500000298023224,0.512499988079071,0.5,0.824999988079071,3.0,0.49950000643730164,3.0,0.5,0.017500000074505806,0.925000011920929,0.20000000298023224,0.875,0.20000000298023224,4226,21445,33794,8386,21314,12737,8386,33794,12737,38341,17025,4-3-3,27,13,3,23,10,6,131478,4,1491,9,7,6,7,0,25,15,3
0.8999999761581421,0.32899999618530273,0.49950000643730164,0.675000011920929,4.5,0.15000000596046448,0.6499999761581421,0.6399999856948853,0.32499998807907104,0.3582000136375427,0.875,0.15000000596046448,0.07500000298023224,0.550000011920929,0.5,0.5090000033378601,1.0,0.10000000149011612,4.5,0.5277000069618225,0.017500000074505806,0.925000011920929,0.20000000298023224,0.6499999761581421,0.20000000298023224,4161,25602,21314,8386,21381,12737,8386,38405,12737,25602,17089,4-1-4-1,25,12,2,15,10,15,131487,4,1492,2,7,6,31,0,16,13,3
0.6499999761581421,0.5874999761581421,0.38999998569488525,0.675000011920929,4.0,0.15000000596046448,0.512499988079071,0.3499999940395355,0.32499998807907104,0.07500000298023224,0.875,0.15000000596046448,0.07500000298023224,0.512499988079071,0.5,0.5874999761581421,2.0,0.6000000238418579,4.0,0.925000011920929,0.017500000074505806,0.925000011920929,0.20000000298023224,0.875,0.20000000298023224,4161,21314,25602,8386,21314,12737,8386,38405,12737,38405,25602,4-4-2,26,13,2,16,12,10,131488,4,1493,16,7,6,11,0,24,15,3
0.6499999761581421,0.20000000298023224,0.07500000298023224,0.675000011920929,6.0,0.15000000596046448,0.550000011920929,0.3499999940395355,0.5,0.925000011920929,0.824999988079071,0.15000000596046448,0.32499998807907104,0.47929999232292175,0.5,0.824999988079071,1.0,0.49950000643730164,3.0,0.07500000298023224,0.017500000074505806,0.925000011920929,0.15000000596046448,0.875,0.20000000298023224,4161,21314,33794,12802,21185,12737,8578,33794,12737,38405,8578,5-2-3,27,13,1,23,7,3,131491,4,1494,30,6,5,36,0,25,15,3
0.6499999761581421,0.3375000059604645,0.07500000298023224,0.675000011920929,4.0,0.15000000596046448,0.512499988079071,0.3499999940395355,0.32499998807907104,0.925000011920929,0.824999988079071,0.15000000596046448,0.07500000298023224,0.512499988079071,0.5,0.824999988079071,3.0,0.49950000643730164,3.0,0.5,0.017500000074505806,0.925000011920929,0.20000000298023224,0.875,0.20000000298023224,4161,21314,33794,8386,21314,12802,8450,33989,12865,38405,17089,4-3-3,27,13,3,23,10,6,131511,4,1495,9,7,6,7,0,25,15,3
0.375,0.3499999940395355,0.5,0.625,5.0,0.10000000149011612,0.3499999940395355,0.675000011920929,0.375,0.5,0.925000011920929,0.10000000149011612,0.15000000596046448,0.6499999761581421,0.5,0.6499999761581421,1.0,0.32499998807907104,4.0,0.625,0.07500000298023224,0.8500000238418579,0.11249999701976776,0.6499999761581421,0.11249999701976776,4161,17089,29570,8386,29570,12737,8386,38405,12737,29570,17089,4-2-3-1,25,11,2,18,9,14,131524,4,1496,3,7,6,16,0,19,17,3
0.375,0.3499999940395355,0.5,0.625,5.0,0.10000000149011612,0.3499999940395355,0.675000011920929,0.375,0.5,0.925000011920929,0.10000000149011612,0.15000000596046448,0.6499999761581421,0.5,0.6499999761581421,1.0,0.32499998807907104,4.0,0.625,0.07500000298023224,0.8500000238418579,0.11249999701976776,0.6499999761581421,0.11249999701976776,4161,17089,29570,8386,29570,12737,8386,38405,12737,29570,17089,4-2-3-1,25,11,2,18,9,14,131527,4,1497,3,7,6,16,0,19,17,3
0.375,0.3499999940395355,0.5,0.625,5.0,0.10000000149011612,0.3499999940395355,0.8500000238418579,0.375,0.15000000596046448,0.925000011920929,0.10000000149011612,0.15000000596046448,0.550000011920929,0.5,0.550000011920929,1.0,0.5,4.0,0.625,0.07500000298023224,0.8500000238418579,0.11249999701976776,0.6499999761581421,0.11249999701976776,4161,17089,25602,8386,25602,12737,8386,38405,12737,29570,17089,4-2-3-1(2),25,11,2,16,9,14,131532,4,1498,4,7,6,3,0,18,12,3
0.375,0.3499999940395355,0.5,0.625,5.0,0.10000000149011612,0.3499999940395355,0.8500000238418579,0.375,0.15000000596046448,0.925000011920929,0.10000000149011612,0.15000000596046448,0.550000011920929,0.5,0.550000011920929,1.0,0.5,4.0,0.625,0.07500000298023224,0.8500000238418579,0.11249999701976776,0.6499999761581421,0.11249999701976776,4161,17089,25602,8386,25602,12737,8386,38405,12737,29570,17089,4-2-3-1(2),25,11,2,16,9,14,131533,4,1499,4,7,6,3,0,18,12,3
0.375,0.3499999940395355,0.5,0.625,5.0,0.10000000149011612,0.3499999940395355,0.8500000238418579,0.375,0.15000000596046448,0.925000011920929,0.10000000149011612,0.15000000596046448,0.550000011920929,0.5,0.550000011920929,1.0,0.5,4.0,0.625,0.07500000298023224,0.8500000238418579,0.11249999701976776,0.6499999761581421,0.11249999701976776,4161,17089,25602,8386,25602,12737,8386,38405,12737,29570,17089,4-2-3-1(2),25,11,2,16,9,14,131534,4,1500,4,7,6,3,0,18,12,3
0.625,0.32499998807907104,0.125,0.625,4.0,0.10000000149011612,0.5,0.375,0.375,0.875,0.824999988079071,0.10000000149011612,0.15000000596046448,0.5,0.5,0.824999988079071,3.0,0.5,3.0,0.5,0.07500000298023224,0.8500000238418579,0.11249999701976776,0.925000011920929,0.11249999701976776,4161,21314,33794,8386,21314,12737,8386,33794,12737,38405,17089,4-3-3,27,13,3,23,10,6,131535,4,1501,9,7,6,7,0,25,15,3
0.375,0.3499999940395355,0.5,0.625,5.0,0.10000000149011612,0.3499999940395355,0.8500000238418579,0.375,0.15000000596046448,0.925000011920929,0.10000000149011612,0.15000000596046448,0.550000011920929,0.5,0.550000011920929,1.0,0.5,4.0,0.625,0.07500000298023224,0.8500000238418579,0.11249999701976776,0.6499999761581421,0.11249999701976776,4161,17089,25602,8386,25602,12737,8386,38405,12737,29570,17089,4-2-3-1(2),25,11,2,16,9,14,131536,4,1502,4,7,6,3,0,18,12,3
0.8500000238418579,0.32499998807907104,0.5,0.625,4.5,0.10000000149011612,0.550000011920929,0.625,0.375,0.375,0.925000011920929,0.10000000149011612,0.15000000596046448,0.5,0.5,0.5,1.0,0.15000000596046448,4.5,0.5,0.07500000298023224,0.8500000238418579,0.11249999701976776,0.550000011920929,0.11249999701976776,4161,25602,21314,8386,21314,12737,8386,38405,12737,25602,17089,4-1-4-1,25,12,2,15,10,15,131537,4,1503,2,7,6,31,0,16,13,3
0.375,0.3499999940395355,0.5,0.625,5.0,0.10000000149011612,0.3499999940395355,0.8500000238418579,0.375,0.15000000596046448,0.925000011920929,0.10000000149011612,0.15000000596046448,0.550000011920929,0.5,0.550000011920929,1.0,0.5,4.0,0.625,0.07500000298023224,0.8500000238418579,0.11249999701976776,0.6499999761581421,0.11249999701976776,4161,17089,25602,8386,25602,12737,8386,38405,12737,29570,17089,4-2-3-1(2),25,11,2,16,9,14,131538,4,1504,4,7,6,3,0,18,12,3
0.375,0.3499999940395355,0.5,0.625,5.0,0.10000000149011612,0.3499999940395355,0.8500000238418579,0.375,0.15000000596046448,0.925000011920929,0.10000000149011612,0.15000000596046448,0.550000011920929,0.5,0.550000011920929,1.0,0.5,4.0,0.625,0.07500000298023224,0.8500000238418579,0.11249999701976776,0.6499999761581421,0.11249999701976776,4161,17089,25602,8386,25602,12737,8386,38405,12737,29570,17089,4-2-3-1(2),25,11,2,16,9,14,131539,4,1505,4,7,6,3,0,18,12,3
0.8500000238418579,0.32499998807907104,0.5,0.625,4.5,0.10000000149011612,0.550000011920929,0.625,0.375,0.375,0.925000011920929,0.10000000149011612,0.15000000596046448,0.5,0.5,0.5,1.0,0.15000000596046448,4.5,0.5,0.07500000298023224,0.8500000238418579,0.11249999701976776,0.550000011920929,0.11249999701976776,4161,25602,21314,8386,21314,12737,8386,38405,12737,25602,17089,4-1-4-1,25,12,2,15,10,15,131540,4,1506,2,7,6,31,0,16,13,3
0.375,0.3499999940395355,0.5,0.625,5.0,0.10000000149011612,0.3499999940395355,0.8500000238418579,0.375,0.15000000596046448,0.925000011920929,0.10000000149011612,0.15000000596046448,0.550000011920929,0.5,0.550000011920929,1.0,0.5,4.0,0.625,0.07500000298023224,0.8500000238418579,0.11249999701976776,0.6499999761581421,0.11249999701976776,4161,17089,25602,8386,25602,12737,8386,38405,12737,29570,17089,4-2-3-1(2),25,11,2,16,9,14,131541,4,1507,4,7,6,3,0,18,12,3
0.625,0.11249999701976776,0.125,0.625,6.0,0.10000000149011612,0.5,0.375,0.5,0.875,0.824999988079071,0.10000000149011612,0.375,0.5,0.5,0.824999988079071,1.0,0.5,3.0,0.15000000596046448,0.07500000298023224,0.8500000238418579,0.10000000149011612,0.925000011920929,0.11249999701976776,4161,21314,33794,12737,21314,12737,8386,33794,12737,38405,8386,5-2-3,27,13,1,23,7,3,131542,4,1508,30,6,5,36,0,25,15,3
0.375,0.5,0.5,0.5,3.0,0.10000000149011612,0.5,0.15000000596046448,0.375,0.675000011920929,0.925000011920929,0.10000000149011612,0.8500000238418579,0.550000011920929,0.5,0.6499999761581421,2.0,0.32499998807907104,5.0,0.625,0.07500000298023224,0.625,0.550000011920929,0.6499999761581421,0.10000000149011612,4161,21314,29570,25602,25602,12737,12737,38405,12737,29570,21314,3-4-2-1,25,15,3,17,13,19,131543,5,1509,24,12,6,21,0,19,16,4
0.5,0.11249999701976776,0.375,0.625,5.0,0.10000000149011612,0.32499998807907104,0.625,0.5,0.375,0.925000011920929,0.10000000149011612,0.375,0.5,0.5,0.5,2.0,0.625,3.0,0.15000000596046448,0.07500000298023224,0.8500000238418579,0.10000000149011612,0.925000011920929,0.11249999701976776,4161,17089,21314,12737,21314,12737,8386,38405,12737,38405,8386,5-3-2,26,10,1,15,7,4,131544,4,1510,31,6,5,24,0,24,13,3
0.5,0.11249999701976776,0.375,0.625,5.0,0.10000000149011612,0.32499998807907104,0.625,0.5,0.375,0.925000011920929,0.10000000149011612,0.375,0.5,0.5,0.5,2.0,0.625,3.0,0.15000000596046448,0.07500000298023224,0.8500000238418579,0.10000000149011612,0.925000011920929,0.11249999701976776,4161,17089,21314,12737,21314,12737,8386,38405,12737,38405,8386,5-3-2,26,10,1,15,7,4,131545,4,1511,31,6,5,24,0,24,13,3
0.8500000238418579,0.11249999701976776,0.5,0.625,5.0,0.10000000149011612,0.550000011920929,0.625,0.5,0.375,0.925000011920929,0.10000000149011612,0.375,0.5,0.5,0.5,1.0,0.15000000596046448,4.0,0.15000000596046448,0.07500000298023224,0.8500000238418579,0.10000000149011612,0.550000011920929,0.11249999701976776,4161,25602,21314,12737,21314,12737,8386,38405,12737,25602,8386,5-4-1(2),25,12,0,15,7,5,131546,4,1512,33,6,5,14,0,16,13,3
0.625,0.11249999701976776,0.125,0.625,6.0,0.10000000149011612,0.5,0.375,0.5,0.875,0.824999988079071,0.10000000149011612,0.375,0.5,0.5,0.824999988079071,1.0,0.5,3.0,0.15000000596046448,0.07500000298023224,0.8500000238418579,0.10000000149011612,0.925000011920929,0.11249999701976776,4161,21314,33794,12737,21314,12737,8386,33794,12737,38405,8386,5-2-3,27,13,1,23,7,3,131547,4,1513,30,6,5,36,0,25,15,3
0.375,0.3499999940395355,0.5,0.625,5.0,0.10000000149011612,0.3499999940395355,0.8500000238418579,0.375,0.15000000596046448,0.925000011920929,0.10000000149011612,0.15000000596046448,0.550000011920929,0.5,0.550000011920929,1.0,0.5,4.0,0.625,0.07500000298023224,0.8500000238418579,0.11249999701976776,0.6499999761581421,0.11249999701976776,4161,17089,25602,8386,25602,12737,8386,38405,12737,29570,17089,4-2-3-1(2),25,11,2,16,9,14,131548,4,1514,4,7,6,3,0,18,12,3
0.5,0.5,0.375,0.625,4.0,0.10000000149011612,0.5,0.375,0.375,0.5,0.925000011920929,0.10000000149011612,0.15000000596046448,0.5,0.5,0.6499999761581421,2.5,0.625,3.5,0.625,0.07500000298023224,0.8500000238418579,0.11249999701976776,0.925000011920929,0.11249999701976776,4161,21314,29570,8386,21314,12737,8386,38405,12737,38405,21314,4-3-1-2,26,14,2,18,13,9,131549,4,1515,6,7,6,34,0,24,15,3
0.5,0.11249999701976776,0.375,0.625,5.0,0.10000000149011612,0.32499998807907104,0.625,0.5,0.375,0.925000011920929,0.10000000149011612,0.375,0.5,0.5,0.5,2.0,0.625,3.0,0.15000000596046448,0.07500000298023224,0.8500000238418579,0.10000000149011612,0.925000011920929,0.11249999701976776,4161,17089,21314,12737,21314,12737,8386,38405,12737,38405,8386,5-3-2,26,10,1,15,7,4,131550,4,1516,31,6,5,24,0,24,13,3
0.375,0.3499999940395355,0.5,0.625,5.0,0.10000000149011612,0.3499999940395355,0.8500000238418579,0.375,0.15000000596046448,0.925000011920929,0.10000000149011612,0.15000000596046448,0.550000011920929,0.5,0.550000011920929,1.0,0.5,4.0,0.625,0.07500000298023224,0.8500000238418579,0.11249999701976776,0.6499999761581421,0.11249999701976776,4161,17089,25602,8386,25602,12737,8386,38405,12737,29570,17089,4-2-3-1(2),25,11,2,16,9,14,131551,4,1517,4,7,6,3,0,18,12,3
0.5,0.11249999701976776,0.375,0.625,5.0,0.10000000149011612,0.32499998807907104,0.625,0.5,0.375,0.925000011920929,0.10000000149011612,0.375,0.5,0.5,0.5,2.0,0.625,3.0,0.15000000596046448,0.07500000298023224,0.8500000238418579,0.10000000149011612,0.925000011920929,0.11249999701976776,4161,17089,21314,12737,21314,12737,8386,38405,12737,38405,8386,5-3-2,26,10,1,15,7,4,131552,4,1518,31,6,5,24,0,24,13,3
0.375,0.3499999940395355,0.5,0.625,5.0,0.10000000149011612,0.3499999940395355,0.8500000238418579,0.375,0.15000000596046448,0.925000011920929,0.10000000149011612,0.15000000596046448,0.550000011920929,0.5,0.550000011920929,1.0,0.5,4.0,0.625,0.07500000298023224,0.8500000238418579,0.11249999701976776,0.6499999761581421,0.11249999701976776,4161,17089,25602,8386,25602,12737,8386,38405,12737,29570,17089,4-2-3-1(2),25,11,2,16,9,14,131553,4,1519,4,7,6,3,0,18,12,3
0.5,0.11249999701976776,0.375,0.625,5.0,0.10000000149011612,0.32499998807907104,0.625,0.5,0.375,0.925000011920929,0.10000000149011612,0.375,0.5,0.5,0.5,2.0,0.625,3.0,0.15000000596046448,0.07500000298023224,0.8500000238418579,0.10000000149011612,0.925000011920929,0.11249999701976776,4161,17089,21314,12737,21314,12737,8386,38405,12737,38405,8386,5-3-2,26,10,1,15,7,4,131554,4,1520,31,6,5,24,0,24,13,3
0.625,0.550000011920929,0.375,0.5,3.5,0.10000000149011612,0.5,0.375,0.375,0.15000000596046448,0.925000011920929,0.10000000149011612,0.5,0.5,0.5,0.550000011920929,2.0,0.625,4.5,0.8500000238418579,0.07500000298023224,0.625,0.32499998807907104,0.925000011920929,0.10000000149011612,4161,21314,25602,17089,21314,12737,12737,38405,12737,38405,25602,3-1-4-2,26,13,3,16,12,1,131555,5,1521,22,10,6,28,0,24,15,4
0.375,0.3499999940395355,0.5,0.625,5.0,0.10000000149011612,0.3499999940395355,0.8500000238418579,0.375,0.15000000596046448,0.925000011920929,0.10000000149011612,0.15000000596046448,0.550000011920929,0.5,0.550000011920929,1.0,0.5,4.0,0.625,0.07500000298023224,0.8500000238418579,0.11249999701976776,0.6499999761581421,0.11249999701976776,4161,17089,25602,8386,25602,12737,8386,38405,12737,29570,17089,4-2-3-1(2),25,11,2,16,9,14,131556,4,1522,4,7,6,3,0,18,12,3
0.375,0.3499999940395355,0.375,0.625,4.0,0.10000000149011612,0.3499999940395355,0.8500000238418579,0.375,0.15000000596046448,0.925000011920929,0.10000000149011612,0.15000000596046448,0.550000011920929,0.5,0.550000011920929,2.0,0.625,4.0,0.625,0.07500000298023224,0.8500000238418579,0.11249999701976776,0.925000011920929,0.11249999701976776,4161,17089,25602,8386,25602,12737,8386,38405,12737,38405,17089,4-4-2(2),26,11,2,16,9,10,131557,4,1523,17,7,6,12,0,24,12,3
0.625,0.32499998807907104,0.375,0.625,4.0,0.10000000149011612,0.5,0.375,0.375,0.5,0.925000011920929,0.10000000149011612,0.15000000596046448,0.5,0.5,0.6499999761581421,2.5,0.625,3.5,0.5,0.07500000298023224,0.8500000238418579,0.11249999701976776,0.925000011920929,0.11249999701976776,4161,21314,29570,8386,21314,12737,8386,38405,12737,38405,17089,4-1-2-1-2(2),26,13,2,18,10,11,131558,4,1524,15,7,6,9,0,24,15,3
0.625,0.550000011920929,0.5,0.625,4.0,0.10000000149011612,0.5,0.375,0.375,0.15000000596046448,0.925000011920929,0.10000000149011612,0.15000000596046448,0.5,0.5,0.550000011920929,1.5,0.5,4.5,0.8500000238418579,0.07500000298023224,0.8500000238418579,0.11249999701976776,0.6499999761581421,0.11249999701976776,4161,21314,25602,8386,21314,12737,8386,38405,12737,29570,25602,4-4-1-1(2),25,13,2,16,12,14,131559,4,1525,18,7,6,18,0,18,15,3
0.375,0.5,0.375,0.5,3.0,0.10000000149011612,0.5,0.15000000596046448,0.375,0.5,0.925000011920929,0.10000000149011612,0.8500000238418579,0.550000011920929,0.5,0.6499999761581421,2.5,0.625,4.5,0.625,0.07500000298023224,0.625,0.550000011920929,0.925000011920929,0.10000000149011612,4161,21314,29570,25602,25602,12737,12737,38405,12737,38405,21314,3-4-1-2,26,15,4,18,13,1,131560,5,1526,23,12,6,29,0,24,16,4
0.5,0.11249999701976776,0.375,0.625,5.0,0.10000000149011612,0.32499998807907104,0.625,0.5,0.375,0.925000011920929,0.10000000149011612,0.375,0.5,0.5,0.5,2.0,0.625,3.0,0.15000000596046448,0.07500000298023224,0.8500000238418579,0.10000000149011612,0.925000011920929,0.11249999701976776,4161,17089,21314,12737,21314,12737,8386,38405,12737,38405,8386,5-3-2,26,10,1,15,7,4,131561,4,1527,31,6,5,24,0,24,13,3
0.8500000238418579,0.32499998807907104,0.5,0.625,4.5,0.10000000149011612,0.550000011920929,0.625,0.375,0.375,0.925000011920929,0.10000000149011612,0.15000000596046448,0.5,0.5,0.5,1.0,0.15000000596046448,4.5,0.5,0.07500000298023224,0.8500000238418579,0.11249999701976776,0.550000011920929,0.11249999701976776,4161,25602,21314,8386,21314,12737,8386,38405,12737,25602,17089,4-1-4-1,25,12,2,15,10,15,131562,4,1528,2,7,6,31,0,16,13,3
0.375,0.3499999940395355,0.125,0.625,4.0,0.10000000149011612,0.3499999940395355,0.5,0.375,0.875,0.824999988079071,0.10000000149011612,0.15000000596046448,0.6499999761581421,0.5,0.824999988079071,3.0,0.5,3.0,0.625,0.07500000298023224,0.8500000238418579,0.11249999701976776,0.925000011920929,0.11249999701976776,4161,17089,33794,8386,29570,12737,8386,33794,12737,38405,17089,4-2-1-3,27,11,3,23,9,18,131563,4,1529,36,7,6,27,0,25,18,3
0.375,0.3499999940395355,0.5,0.625,5.0,0.10000000149011612,0.3499999940395355,0.8500000238418579,0.375,0.15000000596046448,0.925000011920929,0.10000000149011612,0.15000000596046448,0.550000011920929,0.5,0.550000011920929,1.0,0.5,4.0,0.625,0.07500000298023224,0.8500000238418579,0.11249999701976776,0.6499999761581421,0.11249999701976776,4161,17089,25602,8386,25602,12737,8386,38405,12737,29570,17089,4-2-3-1(2),25,11,2,16,9,14,131564,4,1530,4,7,6,3,0,18,12,3
0.375,0.3499999940395355,0.5,0.625,5.0,0.10000000149011612,0.3499999940395355,0.8500000238418579,0.375,0.15000000596046448,0.925000011920929,0.10000000149011612,0.15000000596046448,0.550000011920929,0.5,0.550000011920929,1.0,0.5,4.0,0.625,0.07500000298023224,0.8500000238418579,0.11249999701976776,0.6499999761581421,0.11249999701976776,4161,17089,25602,8386,25602,12737,8386,38405,12737,29570,17089,4-2-3-1(2),25,11,2,16,9,14,131565,4,1531,4,7,6,3,0,18,12,3
0.375,0.3499999940395355,0.5,0.625,5.0,0.10000000149011612,0.3499999940395355,0.8500000238418579,0.375,0.15000000596046448,0.925000011920929,0.10000000149011612,0.15000000596046448,0.550000011920929,0.5,0.550000011920929,1.0,0.5,4.0,0.625,0.07500000298023224,0.8500000238418579,0.11249999701976776,0.6499999761581421,0.11249999701976776,4161,17089,25602,8386,25602,12737,8386,38405,12737,29570,17089,4-2-3-1(2),25,11,2,16,9,14,131566,4,1532,4,7,6,3,0,18,12,3
0.375,0.3499999940395355,0.5,0.625,5.0,0.10000000149011612,0.3499999940395355,0.8500000238418579,0.375,0.15000000596046448,0.925000011920929,0.10000000149011612,0.15000000596046448,0.550000011920929,0.5,0.550000011920929,1.0,0.5,4.0,0.625,0.07500000298023224,0.8500000238418579,0.11249999701976776,0.6499999761581421,0.11249999701976776,4161,17089,25602,8386,25602,12737,8386,38405,12737,29570,17089,4-2-3-1(2),25,11,2,16,9,14,131567,4,1533,4,7,6,3,0,18,12,3
0.625,0.550000011920929,0.375,0.625,4.0,0.10000000149011612,0.5,0.375,0.375,0.15000000596046448,0.925000011920929,0.10000000149011612,0.15000000596046448,0.5,0.5,0.550000011920929,2.0,0.625,4.0,0.8500000238418579,0.07500000298023224,0.8500000238418579,0.11249999701976776,0.925000011920929,0.11249999701976776,4161,21314,25602,8386,21314,12737,8386,38405,12737,38405,25602,4-4-2,26,13,2,16,12,10,131568,4,1534,16,7,6,11,0,24,15,3
0.8500000238418579,0.32499998807907104,0.5,0.625,4.5,0.10000000149011612,0.550000011920929,0.625,0.375,0.375,0.925000011920929,0.10000000149011612,0.15000000596046448,0.5,0.5,0.5,1.0,0.15000000596046448,4.5,0.5,0.07500000298023224,0.8500000238418579,0.11249999701976776,0.550000011920929,0.11249999701976776,4161,25602,21314,8386,21314,12737,8386,38405,12737,25602,17089,4-1-4-1,25,12,2,15,10,15,131569,4,1535,2,7,6,31,0,16,13,3
0.625,0.32499998807907104,0.125,0.625,4.0,0.10000000149011612,0.5,0.375,0.375,0.875,0.824999988079071,0.10000000149011612,0.15000000596046448,0.5,0.5,0.824999988079071,3.0,0.5,3.0,0.5,0.07500000298023224,0.8500000238418579,0.11249999701976776,0.925000011920929,0.11249999701976776,4161,21314,33794,8386,21314,12737,8386,33794,12737,38405,17089,4-3-3,27,13,3,23,10,6,131570,4,1536,9,7,6,7,0,25,15,3
0.375,0.3499999940395355,0.5,0.625,5.0,0.10000000149011612,0.3499999940395355,0.8500000238418579,0.375,0.15000000596046448,0.925000011920929,0.10000000149011612,0.15000000596046448,0.550000011920929,0.5,0.550000011920929,1.0,0.5,4.0,0.625,0.07500000298023224,0.8500000238418579,0.11249999701976776,0.6499999761581421,0.11249999701976776,4161,17089,25602,8386,25602,12737,8386,38405,12737,29570,17089,4-2-3-1(2),25,11,2,16,9,14,131571,4,1537,4,7,6,3,0,18,12,3
0.5,0.11249999701976776,0.375,0.625,5.0,0.10000000149011612,0.32499998807907104,0.625,0.5,0.375,0.925000011920929,0.10000000149011612,0.375,0.5,0.5,0.5,2.0,0.625,3.0,0.15000000596046448,0.07500000298023224,0.8500000238418579,0.10000000149011612,0.925000011920929,0.11249999701976776,4161,17089,21314,12737,21314,12737,8386,38405,12737,38405,8386,5-3-2,26,10,1,15,7,4,131572,4,1538,31,6,5,24,0,24,13,3
0.625,0.550000011920929,0.375,0.625,4.0,0.10000000149011612,0.5,0.375,0.375,0.15000000596046448,0.925000011920929,0.10000000149011612,0.15000000596046448,0.5,0.5,0.550000011920929,2.0,0.625,4.0,0.8500000238418579,0.07500000298023224,0.8500000238418579,0.11249999701976776,0.925000011920929,0.11249999701976776,4161,21314,25602,8386,21314,12737,8386,38405,12737,38405,25602,4-4-2,26,13,2,16,12,10,131573,4,1539,16,7,6,11,0,24,15,3
0.5,0.11249999701976776,0.375,0.625,5.0,0.10000000149011612,0.32499998807907104,0.625,0.5,0.375,0.925000011920929,0.10000000149011612,0.375,0.5,0.5,0.5,2.0,0.625,3.0,0.15000000596046448,0.07500000298023224,0.8500000238418579,0.10000000149011612,0.925000011920929,0.11249999701976776,4161,17089,21314,12737,21314,12737,8386,38405,12737,38405,8386,5-3-2,26,10,1,15,7,4,131574,4,1540,31,6,5,24,0,24,13,3
0.5,0.5,0.125,0.625,4.0,0.10000000149011612,0.5,0.375,0.375,0.875,0.824999988079071,0.10000000149011612,0.15000000596046448,0.5,0.5,0.824999988079071,3.0,0.5,3.0,0.625,0.07500000298023224,0.8500000238418579,0.11249999701976776,0.925000011920929,0.11249999701976776,4161,21314,33794,8386,21314,12737,8386,33794,12737,38405,21314,4-3-3,27,14,3,23,13,6,131575,4,1541,8,7,6,17,0,25,15,3
0.625,0.11249999701976776,0.125,0.625,6.0,0.10000000149011612,0.5,0.375,0.5,0.875,0.824999988079071,0.10000000149011612,0.375,0.5,0.5,0.824999988079071,1.0,0.5,3.0,0.15000000596046448,0.07500000298023224,0.8500000238418579,0.10000000149011612,0.925000011920929,0.11249999701976776,4161,21314,33794,12737,21314,12737,8386,33794,12737,38405,8386,5-2-3,27,13,1,23,7,3,131576,4,1542,30,6,5,36,0,25,15,3
0.375,0.3499999940395355,0.5,0.625,5.0,0.10000000149011612,0.3499999940395355,0.8500000238418579,0.375,0.15000000596046448,0.925000011920929,0.10000000149011612,0.15000000596046448,0.550000011920929,0.5,0.550000011920929,1.0,0.5,4.0,0.625,0.07500000298023224,0.8500000238418579,0.11249999701976776,0.6499999761581421,0.11249999701976776,4161,17089,25602,8386,25602,12737,8386,38405,12737,29570,17089,4-2-3-1(2),25,11,2,16,9,14,131577,4,1543,4,7,6,3,0,18,12,3
0.375,0.5,0.125,0.5,3.0,0.10000000149011612,0.5,0.15000000596046448,0.375,0.875,0.824999988079071,0.10000000149011612,0.8500000238418579,0.550000011920929,0.5,0.824999988079071,3.0,0.5,4.0,0.625,0.07500000298023224,0.625,0.550000011920929,0.925000011920929,0.10000000149011612,4161,21314,33794,25602,25602,12737,12737,33794,12737,38405,21314,3-4-3,27,15,4,23,13,0,131578,5,1544,25,12,6,2,0,25,16,4
0.625,0.550000011920929,0.375,0.5,3.5,0.10000000149011612,0.5,0.375,0.375,0.15000000596046448,0.925000011920929,0.10000000149011612,0.5,0.5,0.5,0.550000011920929,2.0,0.625,4.5,0.8500000238418579,0.07500000298023224,0.625,0.32499998807907104,0.925000011920929,0.10000000149011612,4161,21314,25602,17089,21314,12737,12737,38405,12737,38405,25602,3-1-4-2,26,13,3,16,12,1,131579,5,1545,22,10,6,28,0,24,15,4
0.375,0.5,0.5,0.5,3.0,0.10000000149011612,0.5,0.15000000596046448,0.375,0.675000011920929,0.925000011920929,0.10000000149011612,0.8500000238418579,0.550000011920929,0.5,0.6499999761581421,2.0,0.32499998807907104,5.0,0.625,0.07500000298023224,0.625,0.550000011920929,0.6499999761581421,0.10000000149011612,4161,21314,29570,25602,25602,12737,12737,38405,12737,29570,21314,3-4-2-1,25,15,3,17,13,19,131580,5,1546,24,12,6,21,0,19,16,4
0.5,0.5,0.125,0.625,4.0,0.10000000149011612,0.5,0.375,0.375,0.875,0.824999988079071,0.10000000149011612,0.15000000596046448,0.5,0.5,0.824999988079071,3.0,0.5,3.0,0.625,0.07500000298023224,0.8500000238418579,0.11249999701976776,0.925000011920929,0.11249999701976776,4161,21314,33794,8386,21314,12737,8386,33794,12737,38405,21314,4-3-3,27,14,3,23,13,6,131581,4,1547,8,7,6,17,0,25,15,3
0.625,0.32499998807907104,0.125,0.625,4.0,0.10000000149011612,0.5,0.375,0.375,0.875,0.824999988079071,0.10000000149011612,0.15000000596046448,0.5,0.5,0.824999988079071,3.0,0.5,3.0,0.5,0.07500000298023224,0.8500000238418579,0.11249999701976776,0.925000011920929,0.11249999701976776,4161,21314,33794,8386,21314,12737,8386,33794,12737,38405,17089,4-3-3,27,13,3,23,10,6,131582,4,1548,9,7,6,7,0,25,15,3
0.625,0.550000011920929,0.375,0.625,4.0,0.10000000149011612,0.5,0.375,0.375,0.15000000596046448,0.925000011920929,0.10000000149011612,0.15000000596046448,0.5,0.5,0.550000011920929,2.0,0.625,4.0,0.8500000238418579,0.07500000298023224,0.8500000238418579,0.11249999701976776,0.925000011920929,0.11249999701976776,4161,21314,25602,8386,21314,12737,8386,38405,12737,38405,25602,4-4-2,26,13,2,16,12,10,131583,4,1549,16,7,6,11,0,24,15,3
0.5,0.11249999701976776,0.375,0.625,5.0,0.10000000149011612,0.32499998807907104,0.625,0.5,0.375,0.925000011920929,0.10000000149011612,0.375,0.5,0.5,0.5,2.0,0.625,3.0,0.15000000596046448,0.07500000298023224,0.8500000238418579,0.10000000149011612,0.925000011920929,0.11249999701976776,4161,17089,21314,12737,21314,12737,8386,38405,12737,38405,8386,5-3-2,26,10,1,15,7,4,131584,4,1550,31,6,5,24,0,24,13,3
0.375,0.5,0.375,0.5,3.0,0.10000000149011612,0.5,0.15000000596046448,0.375,0.5,0.925000011920929,0.10000000149011612,0.8500000238418579,0.550000011920929,0.5,0.6499999761581421,2.5,0.625,4.5,0.625,0.07500000298023224,0.625,0.550000011920929,0.925000011920929,0.10000000149011612,4161,21314,29570,25602,25602,12737,12737,38405,12737,38405,21314,3-4-1-2,26,15,4,18,13,1,131585,5,1551,23,12,6,29,0,24,16,4
0.375,0.3499999940395355,0.5,0.625,5.0,0.10000000149011612,0.3499999940395355,0.8500000238418579,0.375,0.15000000596046448,0.925000011920929,0.10000000149011612,0.15000000596046448,0.550000011920929,0.5,0.550000011920929,1.0,0.5,4.0,0.625,0.07500000298023224,0.8500000238418579,0.11249999701976776,0.6499999761581421,0.11249999701976776,4161,17089,25602,8386,25602,12737,8386,38405,12737,29570,17089,4-2-3-1(2),25,11,2,16,9,14,131586,4,1552,4,7,6,3,0,18,12,3
0.5,0.5,0.5,0.625,4.0,0.10000000149011612,0.5,0.375,0.375,0.675000011920929,0.925000011920929,0.10000000149011612,0.15000000596046448,0.5,0.5,0.6499999761581421,2.5,0.32499998807907104,3.5,0.625,0.07500000298023224,0.8500000238418579,0.11249999701976776,0.6499999761581421,0.11249999701976776,4161,21314,29570,8386,21314,12737,8386,38405,12737,29570,21314,4-3-2-1,25,14,2,17,13,8,131587,4,1553,7,7,6,20,0,19,15,3
0.625,0.550000011920929,0.375,0.625,4.0,0.10000000149011612,0.5,0.375,0.375,0.15000000596046448,0.925000011920929,0.10000000149011612,0.15000000596046448,0.5,0.5,0.550000011920929,2.0,0.625,4.0,0.8500000238418579,0.07500000298023224,0.8500000238418579,0.11249999701976776,0.925000011920929,0.11249999701976776,4161,21314,25602,8386,21314,12737,8386,38405,12737,38405,25602,4-4-2,26,13,2,16,12,10,131588,4,1554,16,7,6,11,0,24,15,3
0.5,0.11249999701976776,0.375,0.625,5.0,0.10000000149011612,0.32499998807907104,0.625,0.5,0.375,0.925000011920929,0.10000000149011612,0.375,0.5,0.5,0.5,2.0,0.625,3.0,0.15000000596046448,0.07500000298023224,0.8500000238418579,0.10000000149011612,0.925000011920929,0.11249999701976776,4161,17089,21314,12737,21314,12737,8386,38405,12737,38405,8386,5-3-2,26,10,1,15,7,4,131589,4,1555,31,6,5,24,0,24,13,3
0.375,0.5,0.5,0.5,3.0,0.10000000149011612,0.5,0.15000000596046448,0.375,0.675000011920929,0.925000011920929,0.10000000149011612,0.8500000238418579,0.550000011920929,0.5,0.6499999761581421,2.0,0.32499998807907104,5.0,0.625,0.07500000298023224,0.625,0.550000011920929,0.6499999761581421,0.10000000149011612,4161,21314,29570,25602,25602,12737,12737,38405,12737,29570,21314,3-4-2-1,25,15,3,17,13,19,131590,5,1556,24,12,6,21,0,19,16,4
0.375,0.5,0.125,0.625,4.0,0.10000000149011612,0.5,0.5,0.375,0.875,0.824999988079071,0.10000000149011612,0.15000000596046448,0.6499999761581421,0.5,0.824999988079071,3.0,0.5,3.0,0.625,0.07500000298023224,0.8500000238418579,0.11249999701976776,0.925000011920929,0.11249999701976776,4161,21314,33794,8386,29570,12737,8386,33794,12737,38405,21314,4-3-3,27,15,3,23,13,6,131591,4,1557,11,7,6,4,0,25,18,3
0.375,0.5,0.125,0.625,4.0,0.10000000149011612,0.5,0.5,0.375,0.875,0.824999988079071,0.10000000149011612,0.15000000596046448,0.6499999761581421,0.5,0.824999988079071,3.0,0.5,3.0,0.625,0.07500000298023224,0.8500000238418579,0.11249999701976776,0.925000011920929,0.11249999701976776,4161,21314,33794,8386,29570,12737,8386,33794,12737,38405,21314,4-3-3,27,15,3,23,13,6,131592,4,1558,11,7,6,4,0,25,18,3
0.625,0.32499998807907104,0.375,0.625,4.0,0.10000000149011612,0.5,0.375,0.375,0.5,0.925000011920929,0.10000000149011612,0.15000000596046448,0.5,0.5,0.6499999761581421,2.5,0.625,3.5,0.5,0.07500000298023224,0.8500000238418579,0.11249999701976776,0.925000011920929,0.11249999701976776,4161,21314,29570,8386,21314,12737,8386,38405,12737,38405,17089,4-1-2-1-2(2),26,13,2,18,10,11,131593,4,1559,15,7,6,9,0,24,15,3
0.375,0.3499999940395355,0.5,0.625,5.0,0.10000000149011612,0.3499999940395355,0.8500000238418579,0.375,0.15000000596046448,0.925000011920929,0.10000000149011612,0.15000000596046448,0.550000011920929,0.5,0.550000011920929,1.0,0.5,4.0,0.625,0.07500000298023224,0.8500000238418579,0.11249999701976776,0.6499999761581421,0.11249999701976776,4161,17089,25602,8386,25602,12737,8386,38405,12737,29570,17089,4-2-3-1(2),25,11,2,16,9,14,131594,4,1560,4,7,6,3,0,18,12,3
0.375,0.3499999940395355,0.5,0.625,5.0,0.10000000149011612,0.3499999940395355,0.8500000238418579,0.375,0.15000000596046448,0.925000011920929,0.10000000149011612,0.15000000596046448,0.550000011920929,0.5,0.550000011920929,1.0,0.5,4.0,0.625,0.07500000298023224,0.8500000238418579,0.11249999701976776,0.6499999761581421,0.11249999701976776,4161,17089,25602,8386,25602,12737,8386,38405,12737,29570,17089,4-2-3-1(2),25,11,2,16,9,14,131595,4,1561,4,7,6,3,0,18,12,3
0.375,0.3499999940395355,0.5,0.625,5.0,0.10000000149011612,0.3499999940395355,0.8500000238418579,0.375,0.15000000596046448,0.925000011920929,0.10000000149011612,0.15000000596046448,0.550000011920929,0.5,0.550000011920929,1.0,0.5,4.0,0.625,0.07500000298023224,0.8500000238418579,0.11249999701976776,0.6499999761581421,0.11249999701976776,4161,17089,25602,8386,25602,12737,8386,38405,12737,29570,17089,4-2-3-1(2),25,11,2,16,9,14,131596,4,1562,4,7,6,3,0,18,12,3
0.6499999761581421,0.5874999761581421,0.38999998569488525,0.675000011920929,4.0,0.15000000596046448,0.512499988079071,0.3499999940395355,0.32499998807907104,0.07500000298023224,0.875,0.15000000596046448,0.07500000298023224,0.512499988079071,0.5,0.5874999761581421,2.0,0.6000000238418579,4.0,0.925000011920929,0.017500000074505806,0.925000011920929,0.20000000298023224,0.875,0.20000000298023224,4226,21381,25794,8513,21314,12802,8450,38213,12737,38341,25794,4-4-2,26,13,2,16,12,10,131681,4,1563,16,7,6,11,0,24,15,3
0.5,0.20000000298023224,0.38999998569488525,0.675000011920929,5.0,0.15000000596046448,0.3375000059604645,0.6499999761581421,0.5,0.3499999940395355,0.875,0.15000000596046448,0.32499998807907104,0.512499988079071,0.5,0.512499988079071,2.0,0.6000000238418579,3.0,0.07500000298023224,0.017500000074505806,0.925000011920929,0.15000000596046448,0.875,0.20000000298023224,4161,17025,21381,12865,21445,12802,8578,38405,12737,38275,8578,5-3-2,26,10,1,15,7,4,131682,4,1564,31,6,5,24,0,24,13,3
0.6499999761581421,0.3375000059604645,0.07500000298023224,0.675000011920929,4.0,0.15000000596046448,0.512499988079071,0.3499999940395355,0.32499998807907104,0.925000011920929,0.824999988079071,0.15000000596046448,0.07500000298023224,0.512499988079071,0.5,0.824999988079071,3.0,0.49950000643730164,3.0,0.5,0.017500000074505806,0.925000011920929,0.20000000298023224,0.875,0.20000000298023224,4161,21381,33989,8386,21185,12737,8386,33989,12737,38275,17089,4-3-3,27,13,3,23,10,6,131720,4,1565,9,7,6,7,0,25,15,3
0.9189000129699707,0.375,0.38999998569488525,0.4970000088214874,3.0,0.17499999701976776,0.5555999875068665,0.09920000284910202,0.2874999940395355,0.503000020980835,0.875,0.17499999701976776,0.6600000262260437,0.5705000162124634,0.5,0.625,2.0,0.6000000238418579,5.0,0.36000001430511475,0.017500000074505806,0.7124999761581421,0.375,0.875,0.17499999701976776,4161,25730,29570,17089,25602,12737,12737,38405,12737,38213,17153,3-5-2,26,12,3,18,11,1,131724,5,1566,27,9,6,22,0,24,16,4
0.6499999761581421,0.20000000298023224,0.07500000298023224,0.675000011920929,6.0,0.15000000596046448,0.512499988079071,0.3499999940395355,0.5,0.925000011920929,0.824999988079071,0.15000000596046448,0.32499998807907104,0.512499988079071,0.5,0.824999988079071,1.0,0.49950000643730164,3.0,0.07500000298023224,0.017500000074505806,0.925000011920929,0.15000000596046448,0.875,0.20000000298023224,4226,21314,33794,12737,21314,12737,8386,33794,12737,38275,8386,5-2-3,27,13,1,23,7,3,131725,4,1567,30,6,5,36,0,25,15,3
0.5,0.512499988079071,0.07500000298023224,0.675000011920929,4.0,0.15000000596046448,0.512499988079071,0.3499999940395355,0.32499998807907104,0.925000011920929,0.824999988079071,0.15000000596046448,0.07500000298023224,0.512499988079071,0.5,0.824999988079071,3.0,0.49950000643730164,3.0,0.6499999761581421,0.017500000074505806,0.925000011920929,0.20000000298023224,0.875,0.20000000298023224,4161,21314,33794,8386,21314,12865,8578,33794,12737,38405,21381,4-3-3,27,14,3,23,13,6,131733,4,1568,8,7,6,17,0,25,15,3
0.3499999940395355,0.3375000059604645,0.49950000643730164,0.675000011920929,5.0,0.15000000596046448,0.3375000059604645,0.925000011920929,0.32499998807907104,0.07500000298023224,0.875,0.15000000596046448,0.07500000298023224,0.5874999761581421,0.5,0.5874999761581421,1.0,0.5,4.0,0.6499999761581421,0.017500000074505806,0.925000011920929,0.20000000298023224,0.6625000238418579,0.20000000298023224,4161,17089,25794,8450,25669,12737,8450,38405,12737,29570,17089,4-2-3-1(2),25,11,2,16,9,14,131735,4,1569,4,7,6,3,0,18,12,3
0.6499999761581421,0.3375000059604645,0.07500000298023224,0.6730999946594238,4.0,0.15369999408721924,0.512499988079071,0.3499999940395355,0.32499998807907104,0.925000011920929,0.824999988079071,0.15000000596046448,0.07500000298023224,0.512499988079071,0.4970000088214874,0.824999988079071,3.0,0.49950000643730164,3.0,0.5,0.017500000074505806,0.8999999761581421,0.20000000298023224,0.875,0.17499999701976776,4161,21314,33794,8386,21314,12737,8386,33794,12737,38405,17089,4-3-3,27,13,3,23,10,6,131739,4,1570,9,7,6,7,0,25,15,3
