ca_noseSupratip_NN_XXX_R_A,fa_periorbital_NR_IXX_L_M,ca_noseColumella_NN_XXX_D_U,fa_submental_NR_XXX_L_M,fa_jowl_NL_IXX_D_U,fa_preplatysmal_NL_XXX_L_M,ca_noseAla_NR_ICX_D_U,ca_noseAla_NL_ILX_N_W,fa_lip_NR_IXX_L_M,fa_neck_NL_XXP_L_M,fa_forehead_NN_XMX_L_M,fa_jowl_NL_SXX_L_M,ca_earAntihelix_NL_IXX_D_U,fa_cheeksMiddle_NL_XXX_L_M,fa_earHelix_NL_IXX_L_M,ca_noseAla_NR_IXX_N_W,fa_cheeks_NR_XMX_L_M,ca_earHelix_NL_SXP_B_F,ca_earHelix_NL_SXA_N_W,ca_noseAla_NR_IMX_B_F,fa_submandibular_NR_XXX_D_U,ca_noseAla_NL_XXA_N_W,ca_earAntihelix_NL_SXX_B_F,ca_earHelix_NR_IXX_B_F,ca_noseAla_NR_ICX_R_A,ca_earHelix_NL_SXP_N_W,fa_cheeksMiddle_NR_XXX_D_U,fa_submandibular_NR_XXX_L_M,ca_noseSupratip_NN_XXX_D_U,fa_forehead_NL_XLX_D_U,ca_noseColumella_NN_XXX_R_A,ca_noseAla_NR_XXA_R_A,ca_noseTip_NN_XXX_D_U,ca_noseColumella_NN_XXX_B_F,ca_noseAla_NL_ICX_N_W,ca_noseAla_NR_XXA_B_F,fa_lip_NR_IXX_D_U,fa_cheeks_NR_XMX_D_U,ca_noseAla_NR_ICX_B_F,fa_nasolabial_NL_IXX_D_U,fa_nose_NN_XXX_L_M,ca_earlobe_NR_XXX_D_U,ca_noseAla_NL_ICX_B_F,ca_noseAla_NL_IXX_D_U,fa_nasolabial_NR_IXX_D_U,fa_orbital_NL_IXX_D_U,ca_earHelix_NR_SXA_N_W,ca_noseAla_NR_ILX_R_A,ca_noseAla_NR_ILX_B_F,fa_forehead_NR_XLX_D_U,ca_noseAla_NL_IMX_N_W,ca_noseAla_NL_SXX_N_W,ca_noseAla_NL_XXA_R_A,ca_eartragus_NR_XXX_B_F,fa_jowl_NR_IXX_L_M,fa_periorbital_NL_IXX_D_U,fa_orbital_NR_IXX_L_M,fa_preplatysmal_NR_XXX_L_M,ca_noseAla_NR_SXX_R_A,ca_noseSupratip_NN_XXX_SL_SR,ca_noseAla_NR_IMX_N_W,ca_earHelix_NR_SXP_D_U,fa_lip_NL_SXX_D_U,ca_eartragus_NL_XXX_N_W,ca_earHelix_NR_IXX_N_W,ca_earAntihelix_NL_SXX_N_W,fa_submandibular_NL_XXX_L_M,ca_noseAla_NL_ILX_R_A,fa_orbital_NR_IXX_D_U,ca_earHelix_NL_IXX_B_F,ca_earAntihelix_NR_SXX_B_F,ca_noseAla_NR_SXX_B_F,ca_earlobe_NL_XXX_D_U,ca_noseAla_NR_ILX_N_W,ca_earHelix_NL_SXA_B_F,fa_forehead_NR_XLX_L_M,ca_earHelix_NR_SXP_B_F,ca_earHelix_NL_IXX_N_W,fa_periorbital_NL_IXX_L_M,fa_jowl_NR_IXX_D_U,ca_noseTip_NN_XXX_SL_SR,ca_earAntihelix_NR_SXX_N_W,fa_cheeks_NL_XMX_L_M,fa_earHelix_NR_IXX_L_M,fa_nasolabial_NR_IXX_L_M,ca_noseColumella_NN_XXX_SL_SR,ca_noseAla_NL_IMX_R_A,fa_orbital_NL_IXX_L_M,ca_noseAla_NL_SXX_R_A,fa_lip_NL_IXX_L_M,ca_noseAla_NR_SXX_D_U,ca_noseAla_NL_IXX_B_F,fa_temporal_NR_XLX_L_M,ca_noseAla_NR_XXA_N_W,fa_orbital_NR_XLX_D_U,fa_nasolabial_NL_IXX_L_M,fa_cheeksMiddle_NR_XXX_L_M,ca_noseAla_NR_ILX_D_U,ca_earHelix_NR_SXA_B_F,ca_earAntihelix_NR_SXX_D_U,ca_earHelix_NL_IXX_D_U,fa_forehead_NL_XLX_L_M,ca_eartragus_NL_XXX_D_U,ca_earHelix_NR_IXX_D_U,fa_mental_NN_XXX_L_M,ca_earAntihelix_NL_SXX_D_U,fa_lip_NR_SXX_L_M,ca_noseSupratip_NN_XXX_B_F,fa_earHelix_NL_SXX_L_M,fa_orbital_NL_XLX_D_U,fa_forehead_NN_XMX_D_U,fa_jowl_NL_SXX_D_U,ca_noseTip_NN_XXX_R_A,ca_noseAla_NR_XXA_D_U,fa_cheeksMiddle_NL_XXX_D_U,fa_temporal_NL_XLX_L_M,ca_earHelix_NR_SXP_N_W,fa_submental_NR_XXX_D_U,fa_jowl_NL_IXX_L_M,fa_periorbital_NR_IXX_D_U,ca_eartragus_NL_XXX_B_F,ca_noseAla_NR_SXX_N_W,ca_earHelix_NR_SXA_D_U,fa_nasolabial_NL_SXX_D_U,ca_earAntihelix_NL_IXX_B_F,fa_orbital_NL_XLX_L_M,fa_orbital_NL_SXX_D_U,fa_submental_NL_XXX_L_M,fa_temporal_NL_XLX_D_U,ca_earlobe_NL_XXX_N_W,ca_earHelix_NL_SXP_D_U,fa_mental_NN_XXX_D_U,fa_lip_NR_SXX_D_U,ca_noseAla_NR_IMX_D_U,ca_noseSupratip_NN_XXX_N_W,ca_noseTip_NN_XXX_N_W,fa_orbital_NR_SXX_L_M,ca_earHelix_NL_SXA_D_U,ca_noseAla_NR_IXX_R_A,ca_noseAla_NL_IMX_D_U,ca_noseAla_NL_SXX_D_U,fa_nasolabial_NR_SXX_D_U,ca_noseAla_NL_IXX_N_W,ca_earlobe_NR_XXX_N_W,fa_temporal_NR_XLX_D_U,fa_mental_NN_IXX_L_M,ca_earAntihelix_NL_IXX_N_W,fa_neck_NR_XXP_L_M,ca_earAntihelix_NR_IXX_B_F,fa_jowl_NR_SXX_L_M,fa_orbital_NR_XLX_L_M,ca_earlobe_NL_XXX_B_F,fa_mental_NN_IXX_D_U,fa_cheeks_NL_XMX_D_U,ca_noseAla_NL_ICX_D_U,ca_noseAla_NL_XXA_B_F,ca_noseAla_NL_ILX_D_U,fa_jowl_NR_SXX_D_U,fa_lip_NL_IXX_D_U,fa_orbital_NR_SXX_D_U,fa_nasolabial_NR_SXX_L_M,ca_eartragus_NR_XXX_D_U,ca_noseAla_NR_IXX_B_F,ca_noseAla_NL_ICX_R_A,ca_noseAla_NL_IMX_B_F,ca_earlobe_NR_XXX_B_F,fa_submandibular_NL_XXX_D_U,ca_noseAla_NL_ILX_B_F,ca_earAntihelix_NR_IXX_N_W,ca_noseAla_NL_XXA_D_U,ca_noseTip_NN_XXX_B_F,fa_earHelix_NR_SXX_L_M,ca_noseAla_NL_IXX_R_A,fa_orbital_NL_SXX_L_M,ca_noseAla_NR_IXX_D_U,fa_submental_NL_XXX_D_U,fa_lip_NL_SXX_L_M,ca_earAntihelix_NR_IXX_D_U,ca_noseColumella_NN_XXX_N_W,ca_noseAla_NR_IMX_R_A,ca_noseAla_NL_SXX_B_F,fa_nasolabial_NL_SXX_L_M,ca_eartragus_NR_XXX_N_W,ca_noseAla_NR_ICX_N_W,assetid
11,54,-19,-20,7,12,46,-55,5,-83,-34,30,16,-12,-26,16,-24,27,75,-13,7,10,54,21,-23,41,7,-16,-25,-71,-39,27,-45,-4,-64,0,30,45,-44,-27,62,26,-43,22,-31,12,78,3,-6,-65,-21,-31,27,-44,16,-13,-60,12,31,-5,-22,11,35,33,-38,7,-13,4,12,12,55,13,33,-55,15,35,28,-34,52,7,-1,20,-37,-26,72,-1,13,-52,32,2,-17,3,-31,12,7,45,-10,57,17,1,-31,-5,10,-45,-61,7,27,12,-12,8,-80,0,9,-6,7,-30,52,11,18,-13,-47,-29,-50,27,11,-4,-24,-21,90,-75,25,37,36,34,-27,10,28,-52,8,32,-17,27,15,-83,88,-28,-19,-82,9,29,-10,11,56,47,46,-1,57,2,28,-21,-44,11,2,-24,-13,19,9,-6,-19,-6,23,-9,7,35,22,11,30,11,33,15,13,-43,26,-64,7053
41,28,40,-7,21,19,71,-52,-1,-18,3,58,75,-21,40,33,-9,44,-42,13,0,32,81,100,-20,18,17,-1,71,-67,5,26,51,51,-63,-5,-9,35,-52,3,-56,-47,-51,71,0,43,-52,-2,3,-62,-6,-4,26,-51,-9,-23,17,21,52,-13,-7,-29,54,1,36,51,0,-1,44,100,76,9,-48,-55,-15,15,37,43,25,15,-11,29,-13,45,3,-3,16,17,52,-2,23,39,12,33,7,-5,-25,93,-19,3,-26,-7,52,-30,-8,8,35,26,37,10,-88,65,-2,51,16,20,18,-13,-2,-26,-50,-3,2,40,95,10,16,-7,35,21,-20,74,54,76,12,38,25,9,10,77,24,40,37,16,33,25,38,-18,92,43,0,78,78,41,73,-6,94,65,-7,10,-10,49,36,-21,14,79,3,4,23,51,79,33,9,16,70,-13,40,75,29,17,10,-9,-13,-61,50610
-2,0,-11,-22,9,-25,-28,-13,4,-5,58,19,-22,-35,48,0,13,-77,20,-18,24,31,-21,25,3,18,17,-28,15,-1,-15,18,14,10,-60,-4,0,39,21,21,-86,-45,17,49,21,72,5,26,58,0,-20,70,19,-87,-17,23,31,-25,24,-6,-19,-37,25,86,-22,28,-30,23,75,29,-22,33,-41,-8,-26,-11,-78,-25,11,10,-7,15,3,48,23,-4,5,31,24,-7,30,24,-100,31,38,22,-31,67,-24,-4,-58,-14,34,-52,-9,-7,-12,-24,76,34,49,17,-3,12,17,-100,7,2,-28,20,-80,75,5,40,-45,-27,22,-25,87,-20,-45,13,25,49,-6,-16,17,8,8,49,31,39,0,-8,89,-29,18,-6,-49,32,-33,21,40,39,-25,-7,68,8,2,19,-6,30,29,2,-17,12,24,58,18,13,-58,76,12,22,50,2,-17,-23,10,6,33,-6,91,-58,70004
11,0,89,-15,7,16,64,-20,-12,5,21,33,98,-23,-27,9,-6,-2,22,2,4,48,52,13,0,-22,31,-22,30,21,51,22,22,-26,-17,21,9,32,44,30,-7,99,40,65,30,46,30,2,20,18,-9,39,26,-83,-39,25,-19,15,44,-8,-10,-32,57,86,9,41,-21,3,54,15,51,18,96,-17,37,50,5,8,2,5,-1,49,-4,-28,-32,1,10,-22,43,-21,62,6,-33,45,34,-28,-19,43,31,55,20,42,41,20,-16,54,54,-13,52,33,2,62,4,30,31,-34,-19,11,-34,23,-87,39,62,28,-49,-52,11,-17,49,-26,-32,33,55,71,-49,-6,42,63,26,74,65,30,16,-24,49,-19,17,3,-48,39,-42,50,44,29,62,18,45,52,8,14,-46,42,8,-1,-5,52,3,17,25,30,-25,58,24,41,63,10,51,100,20,9,17,-44,94,-22,70020
3,-27,7,-3,-21,12,40,-26,-5,51,-25,52,-18,-16,81,20,-28,-3,-3,-13,-1,17,22,33,-34,-21,6,-4,18,-36,-14,22,31,-20,-28,-15,1,-12,-33,5,-75,-33,-37,26,1,-45,-26,2,29,-36,-18,9,25,-47,-12,0,-13,12,22,-3,-17,-43,1,22,43,28,-5,7,-44,33,17,-18,-37,-19,-27,-31,-8,42,-13,-25,0,21,-24,82,-14,3,12,-18,23,0,4,8,19,19,5,-14,-11,-26,-25,-7,-51,-4,18,-57,-7,-8,41,-3,52,8,-74,6,-16,19,11,13,-26,0,-17,9,-42,17,4,20,-49,-2,-4,-3,30,24,-46,47,3,46,18,16,-58,-1,2,47,3,19,16,31,30,17,14,52,-56,52,0,55,32,-3,40,-18,-28,12,-1,11,-6,17,11,-34,-15,52,-1,29,20,17,-31,51,0,-28,24,0,40,-25,0,12,-19,-2,18,-25,70131
2,-23,68,2,-16,13,-8,-21,8,-4,3,41,29,-9,39,13,-18,6,-22,-1,-1,-11,22,16,0,-24,-24,5,5,-4,47,16,-48,-1,-10,-16,-40,35,2,-17,-4,-24,1,17,-20,21,-32,14,28,-3,-37,7,17,-65,17,60,-10,13,19,-12,-39,9,6,39,23,25,4,13,25,17,27,-9,-27,-22,-9,2,10,17,-24,-20,-7,32,-11,37,-51,-2,37,-11,19,8,0,-3,0,-14,7,-52,-8,44,-3,13,-42,-1,17,-33,-10,9,22,-21,2,7,-52,36,17,-31,-24,-2,-24,-14,36,64,-63,6,-2,26,4,-4,-7,1,-15,-3,2,21,5,-5,10,8,15,-4,3,-4,0,27,13,22,-15,26,18,-4,0,29,3,0,24,39,-7,-17,43,36,-39,-2,-16,21,-2,0,-2,-5,0,27,35,-30,-1,2,0,10,17,-14,27,43,-8,37,-10,-16,44,-12,70260
21,-41,0,-5,-2,-11,64,-68,28,-40,20,39,-39,-19,56,38,-9,-45,27,12,-7,16,-46,13,-41,9,52,-6,65,-70,-2,11,56,10,-40,-6,7,16,-45,-14,-56,-78,-47,40,-17,58,18,-16,-32,-61,-15,-33,12,-90,-67,37,-27,-13,48,-6,-16,-95,55,52,7,67,-9,-12,60,13,-45,-22,-85,-62,-43,75,-48,0,-38,-4,-4,55,-20,62,-24,0,16,-22,47,18,20,3,-7,13,16,-43,-24,22,-40,-46,-100,58,-5,-100,-15,-47,58,40,68,15,-56,67,4,40,50,-14,12,-2,-67,37,-76,-29,0,22,-63,-3,25,-6,72,-52,-97,45,54,92,40,-15,16,-9,1,92,19,22,34,-48,72,-21,84,-40,-66,52,-7,32,80,23,66,-9,21,68,7,30,-47,-9,5,-42,9,27,-5,-32,87,40,41,76,0,22,39,-1,54,-46,-11,16,-23,-47,68,-38,70310
-4,95,33,-15,-9,52,17,-9,-20,-11,-11,-12,67,11,31,0,-41,55,-4,-42,6,0,60,51,-19,33,-3,-16,-45,-48,15,46,1,-22,-85,-14,12,45,-30,-20,-25,55,-28,48,-18,25,-6,12,41,-52,-58,13,46,-80,5,16,-45,52,38,-7,-58,40,37,-3,1,21,-15,15,23,50,54,41,52,-13,8,5,48,-5,98,-7,-5,13,-36,32,-19,-6,-13,-61,36,-20,69,-37,-10,1,8,-18,9,65,0,23,-30,16,42,-46,-29,25,4,-20,-27,13,-37,54,14,-9,-2,-21,20,2,-7,11,-83,7,-6,52,10,11,-6,-16,68,-1,49,-13,39,19,-72,-9,67,-2,22,17,67,55,0,-6,68,-14,-29,-11,7,0,29,-1,82,45,16,-14,63,58,6,-7,9,47,-38,-18,-40,11,6,40,-13,-12,-17,-22,22,66,49,1,7,63,20,-15,43,9,3,-88,70346
-4,32,-15,-2,0,16,52,-23,34,65,-14,75,46,-5,84,10,0,7,45,19,7,20,50,19,-32,29,16,-7,-25,-77,-46,33,-18,-5,-27,7,-12,49,-15,1,26,-7,-16,-50,0,33,48,-1,0,-81,4,56,35,-57,-11,0,86,16,29,-1,7,-63,27,49,-10,2,-9,0,48,17,48,14,-6,-19,-28,76,7,-7,39,0,4,-8,9,91,64,6,0,86,29,32,-5,13,4,23,2,52,5,19,-31,-2,-86,56,55,-91,6,0,27,11,86,1,-47,52,-15,-23,15,1,33,0,-5,6,-60,58,-52,27,-46,71,20,-3,37,-6,-57,26,28,-5,-41,10,35,-52,13,-5,-6,25,7,-7,36,7,-27,64,-43,75,58,58,62,61,52,5,20,55,-11,24,-9,58,14,-31,15,63,6,2,-39,-24,50,94,12,48,-51,1,29,49,-14,0,11,-7,41,-24,70508
-13,100,66,11,-10,36,61,22,-13,35,-12,34,63,10,70,1,15,11,14,-25,1,-24,70,54,-27,58,18,20,0,35,32,38,39,-26,-52,-15,42,26,0,9,-32,-44,0,55,9,18,-4,15,54,29,-40,85,37,-35,13,37,61,37,19,-2,-42,-78,23,17,1,-5,23,15,19,56,66,-17,-45,20,-31,-22,5,-5,96,-9,0,-25,4,75,27,1,-6,66,18,-7,4,-37,64,-23,12,19,23,-2,-34,-16,-57,-9,52,-58,-18,-15,10,-17,36,13,-26,27,-3,4,20,64,49,-26,1,37,-34,86,-12,3,42,16,4,11,28,100,-74,22,24,31,-33,8,15,-8,13,32,7,3,3,100,27,-10,-18,36,42,25,0,80,73,24,62,-14,0,24,44,5,14,51,-38,-26,-25,81,0,56,-25,4,-66,31,13,12,56,-26,12,65,7,-4,-15,9,14,-52,70540
7,87,41,-18,34,17,-10,-25,12,-4,-21,17,-23,-66,69,7,-5,24,84,-34,8,21,9,0,-18,81,42,-4,21,-42,4,18,33,9,-58,-7,-9,46,-23,-2,29,-55,-27,30,5,35,55,7,30,-35,-30,5,21,-83,20,-47,-37,19,24,-3,-26,-32,50,14,-25,62,-4,8,41,10,-3,26,-52,-21,-19,0,8,-24,94,33,0,30,1,71,-8,1,-14,-13,23,12,27,0,-2,22,14,1,-72,45,-26,-29,-89,-35,26,-91,-22,-31,20,7,23,17,-85,14,31,16,42,4,73,-4,35,-50,-73,10,-17,46,-22,-7,1,-18,44,-30,-37,36,46,31,-2,-27,75,-16,14,36,27,46,7,-31,44,-20,-49,-4,-33,26,-30,-11,61,45,-11,-11,47,8,-7,3,-33,17,4,-19,-39,-18,9,29,-77,12,-9,2,14,85,28,-4,16,-36,11,-14,23,-34,-1,-58,70772
14,-23,18,-9,-39,13,-7,-25,-28,-14,-30,34,46,-58,-6,19,-18,27,63,1,3,58,27,60,-16,58,15,3,-7,43,-6,14,29,37,-68,9,-25,27,3,-3,-78,23,0,77,0,50,57,20,49,46,7,7,17,-50,-32,-41,-20,14,15,-3,9,2,6,1,-56,79,4,21,51,61,25,33,32,-23,4,40,25,-50,-13,-36,-3,67,-22,-11,-7,1,4,-23,13,-28,11,22,-8,56,15,-6,-60,49,0,16,-34,-11,29,-37,-65,12,5,8,-23,12,-11,43,28,18,12,-11,52,-8,-25,-45,-52,12,-19,2,31,-32,35,-8,9,-31,0,55,5,69,-17,5,-28,-22,14,71,7,1,19,-24,10,3,-19,-14,30,36,-27,33,45,22,-9,4,49,44,-25,46,-34,29,26,-14,0,33,3,50,-22,16,2,-30,13,-26,76,-8,6,46,35,1,30,-39,-9,-68,70773
2,52,79,-41,37,-41,-71,-32,17,1,24,-11,43,-18,9,12,-31,15,89,-18,12,45,20,25,0,35,57,-32,20,3,18,31,34,-8,-4,-9,-10,47,-15,46,-23,35,-17,54,40,47,76,17,29,4,-8,31,31,-30,-22,-55,-33,-42,25,-5,-8,-50,34,-17,-55,66,-32,18,43,24,18,26,36,-30,-12,25,12,-49,21,34,-3,54,-33,3,57,4,15,-19,25,8,24,-6,-16,46,40,57,-23,58,-14,1,-71,23,51,-72,-35,0,-26,-29,32,40,-39,63,29,18,61,-6,32,33,-14,-51,-26,31,-37,48,11,-26,63,-40,62,-60,-52,12,35,69,-2,6,17,-44,20,72,23,46,11,-56,60,-28,-9,2,9,-2,-16,46,75,47,-72,-12,57,60,-11,51,-29,52,-4,1,-20,43,14,30,-7,16,-34,23,18,18,52,33,-29,44,21,15,23,-25,-21,-4,70786
46,88,42,-7,15,-3,53,-34,22,-7,-9,50,-11,34,29,24,4,39,76,-9,54,19,66,62,-26,64,45,-8,82,-68,-8,23,75,20,-51,-11,24,19,16,0,83,18,17,14,3,3,69,-10,39,-56,2,-24,23,-25,21,-37,-35,0,46,-6,0,-95,31,18,40,100,-4,-9,12,60,63,7,13,-35,-25,-9,36,34,96,16,-7,93,11,31,-8,-4,-6,-20,44,31,54,49,-6,16,13,0,26,24,-31,-13,-88,-53,0,-91,-84,-12,40,7,100,11,-71,48,-9,44,42,13,54,-6,11,-40,-26,-24,-28,45,64,54,23,-8,48,-25,-93,8,33,56,-31,15,14,-28,12,55,52,47,24,-29,48,52,13,-6,67,50,44,84,45,19,53,-12,23,51,20,37,-9,0,49,-25,-8,92,57,41,4,43,48,98,10,43,13,-6,42,-15,25,-9,7,-20,19,-51,70826
11,60,52,-10,-37,20,20,-23,-17,-10,-9,-14,52,5,-16,7,-20,20,12,-29,14,11,23,41,-22,13,4,-28,-3,-9,28,32,61,11,-79,0,-4,29,-27,-39,-9,-17,-27,26,-42,38,14,24,52,-14,-42,45,35,-35,-13,-54,28,21,9,-7,-42,-35,36,-20,-19,39,-33,23,40,43,24,58,-16,-22,-10,-5,20,-18,44,-38,-3,40,-21,-18,29,-3,-21,10,8,-23,11,20,-22,12,4,14,-2,56,-9,-8,-51,-14,32,-52,-11,-10,-36,-4,-27,3,-9,50,18,-5,2,-26,13,15,-26,-49,-38,44,-29,28,29,28,39,-11,43,-33,-35,4,38,23,-45,-20,-15,-30,14,22,9,28,6,-35,43,-2,11,-8,29,-16,24,42,68,29,17,0,52,57,-8,42,-20,33,19,-21,-29,42,14,52,10,-3,-49,-26,12,-9,27,18,-34,54,28,-21,58,-20,-20,-77,71584
-19,20,61,-18,-34,-6,96,-5,-32,-20,20,29,87,5,21,17,-11,2,-9,-36,16,29,13,17,-18,-26,20,-52,-81,-79,27,47,7,0,-33,-12,-2,-44,-17,1,-41,43,-16,71,2,61,-22,3,18,-76,-39,40,50,-65,-13,30,27,-5,39,-7,-39,-66,54,47,-32,100,-49,3,61,20,6,10,45,-5,20,83,-8,-23,24,-35,0,72,8,19,-16,1,-8,9,39,-25,30,-7,-41,29,34,-9,-1,99,9,4,5,80,58,-7,-51,2,1,-44,37,31,-100,11,60,6,21,-40,-31,1,-9,21,-65,39,-57,23,-24,-16,7,-18,66,3,-63,58,52,51,-41,8,52,-62,27,52,27,21,16,-2,66,-6,34,-18,-25,32,-33,1,42,-51,94,-11,98,11,-1,11,0,57,-10,-17,-34,-1,19,22,9,8,-48,27,25,38,71,4,0,81,19,-7,11,3,24,-30,71998
-7,39,13,-11,-19,27,-40,-25,6,18,-46,20,-4,-27,100,-4,-24,-17,-60,-35,-5,37,20,63,-14,-19,-8,-4,-36,-19,-7,18,30,-6,-41,-7,1,46,-42,-26,34,-36,-38,13,-30,43,-64,31,25,-19,-20,49,16,-84,-32,64,1,29,13,-9,-21,-39,21,83,42,29,0,25,48,65,17,-2,-45,-31,-1,35,-24,43,36,-24,-6,15,-6,100,-35,-6,-11,-4,12,4,-14,-26,-5,37,9,-25,-27,2,-6,-34,-60,33,19,-62,-44,-33,-7,-33,100,13,-56,15,21,8,-3,0,-24,-6,-15,63,-85,45,-26,1,-22,-4,-1,-10,11,85,-35,23,20,28,-10,11,4,-26,5,28,-12,1,1,88,9,-31,1,19,-19,27,-1,46,65,49,-40,-4,1,13,2,-2,-21,19,-31,-14,-29,46,-3,25,-9,10,-52,100,3,1,14,-3,-8,-9,16,-10,0,-14,92,-42,72026
-14,75,-1,-8,-3,15,-42,39,16,18,28,39,42,-4,52,-5,-4,27,-18,-1,-2,5,41,23,0,-29,18,10,9,14,-7,4,-45,-74,-3,11,-14,32,36,46,69,-36,35,-30,44,57,-18,10,38,9,-30,54,6,-36,36,17,100,14,8,-6,-30,-5,-6,30,12,9,9,11,66,22,44,-10,-42,39,6,21,29,2,81,-2,-4,18,0,49,-26,-4,-10,100,6,17,25,-65,68,3,34,-31,-4,-80,8,9,-26,19,38,-18,6,7,38,-3,13,34,-21,-7,-15,-1,17,70,-22,-30,20,30,-37,50,5,1,12,9,24,-8,31,47,-6,14,-3,-16,6,14,69,2,9,-17,23,0,-6,58,31,19,24,18,13,42,16,29,55,29,-46,11,-84,-1,-19,23,-5,44,-64,0,-3,29,-1,39,36,-3,-44,16,8,71,-28,-29,36,47,18,-13,-10,-4,38,-3,72068
11,62,26,-14,-6,24,-38,2,18,-2,65,3,33,15,9,2,-26,4,24,-11,27,24,7,23,-5,5,20,-17,8,14,-17,3,13,-13,-8,4,12,14,-16,-25,40,-21,-17,3,-29,10,20,7,39,31,-11,9,5,-21,6,-38,13,25,-2,-6,-11,-22,8,2,-17,13,-20,8,10,24,7,22,-20,7,-10,60,1,-16,51,-3,-5,12,-13,7,-40,-2,-6,0,-2,14,22,-10,-13,23,9,-63,12,5,-11,-6,-35,20,24,-36,-25,-10,8,-4,0,7,4,35,-11,19,19,-17,4,3,-3,-40,-20,11,-16,0,10,25,45,-15,27,-6,-25,-2,7,11,18,0,22,-17,7,10,21,-1,0,3,27,-2,19,-1,10,9,19,31,56,16,-40,4,4,37,10,47,-17,23,-10,-7,-12,32,27,40,20,18,-17,0,5,29,4,4,7,32,6,-6,21,-20,8,-3,72221
26,-9,33,-2,20,17,22,-24,6,18,11,61,67,-16,82,1,-9,-1,-2,4,8,16,49,65,-20,-7,-9,1,41,-45,-29,14,75,-7,-69,-7,-6,11,1,-3,21,-17,1,44,-2,22,-4,10,54,-44,0,16,14,-45,5,51,8,17,15,-5,0,-14,37,42,3,-1,4,8,26,71,46,17,-9,-24,24,14,-6,15,-4,20,-7,-4,-13,83,-17,-6,-4,12,14,7,22,-5,-3,16,4,-8,-28,24,24,17,-26,5,25,-22,27,17,45,11,100,7,-21,46,-42,25,-8,-3,-17,-21,21,49,-42,16,-16,1,39,20,4,-2,41,42,-15,3,36,26,30,38,-14,-5,4,25,23,1,3,32,40,26,-36,19,35,63,17,35,47,11,23,-10,25,44,-4,0,-24,19,-4,-20,3,27,9,54,-45,24,-12,99,2,-9,42,-20,44,73,2,-5,17,-23,37,-69,72387
-17,40,33,-4,-6,-5,50,56,22,2,-72,26,35,20,24,0,1,46,-12,-10,1,-15,63,42,-17,38,-21,6,-8,-5,2,31,7,18,-54,8,-12,34,34,-15,-15,-26,31,32,-23,65,-8,4,67,-5,-48,27,32,-39,-34,50,71,-3,11,-11,-47,-15,7,2,-13,1,7,4,80,42,62,42,-32,57,21,55,42,-11,38,-5,-10,-21,-1,21,10,-8,-27,66,10,17,19,-20,20,-16,4,-8,26,47,18,-8,-6,42,12,-6,-37,-9,45,-38,19,4,-6,33,0,-2,-15,28,46,-22,-12,64,-37,27,-33,21,46,3,30,-3,29,42,-20,0,9,36,-98,-10,13,-38,13,36,16,20,0,42,31,15,33,1,48,39,0,26,30,41,46,4,44,40,-17,44,-22,12,-16,-17,-15,23,2,67,33,-4,-78,23,12,18,34,-22,46,22,24,-26,40,-21,4,-56,72399
4,25,27,-11,-8,10,21,-36,0,-9,-42,63,65,-56,-26,20,-3,8,-9,-7,1,23,49,19,0,-8,0,14,-5,-61,-3,28,-7,55,-49,5,-15,47,1,22,-79,-3,0,61,20,60,-6,24,33,-60,-21,25,32,-100,-32,26,-48,10,24,-3,-20,29,9,-1,21,62,16,24,58,24,41,40,-3,-33,41,31,1,22,24,-8,0,55,3,-24,2,4,16,-42,22,-9,-5,52,-30,24,16,8,-61,68,33,31,-16,35,10,-13,-25,34,-44,39,-60,18,-32,42,21,-21,-3,-31,-8,1,-36,26,-100,28,49,29,-63,-28,-16,-12,57,-18,34,48,10,22,-40,1,30,58,12,26,-8,30,21,-27,56,29,12,-9,-67,71,-22,-58,27,45,20,3,68,41,-15,-12,-2,7,55,0,-12,-58,0,33,-4,-23,6,-68,11,29,61,2,-51,58,55,16,37,0,-13,-50,72418
10,45,9,9,-23,13,-14,-11,-9,8,17,-36,68,-10,56,13,-18,7,50,-1,2,17,35,6,-6,17,-17,4,14,6,-44,7,3,11,-26,5,-24,18,-6,-26,0,-82,-9,25,-28,-4,48,10,22,0,8,2,11,-52,20,42,16,12,11,-3,7,3,-24,33,-21,19,2,10,6,6,41,11,-76,-7,15,19,11,-27,38,-22,-4,27,-21,55,6,-6,2,-3,12,-15,10,-3,32,17,3,-6,2,2,21,4,-67,10,29,-66,-10,1,-40,21,52,0,16,-5,-11,4,-18,29,21,16,14,58,-52,1,-10,5,3,29,9,8,21,54,-1,13,-25,15,-8,17,1,-14,6,15,7,4,12,63,22,-1,54,9,3,-21,32,5,51,27,-16,0,0,-1,-26,6,7,31,0,-6,-9,6,3,19,58,1,8,52,3,-3,23,16,-47,76,47,1,6,8,37,-27,72864
23,30,46,7,-9,38,22,-2,33,62,90,47,76,45,100,15,-14,54,-8,-14,-13,21,63,81,-27,19,-13,41,35,31,-15,16,33,16,-37,9,8,26,-14,2,-5,-75,-12,42,0,-41,1,3,28,32,-21,15,17,-43,32,6,6,36,15,-1,-19,-44,37,-11,13,75,41,5,-41,75,74,29,-73,-2,22,33,65,-5,24,-9,1,100,-21,100,58,1,0,-7,16,36,44,15,66,25,26,61,52,42,29,8,-58,70,35,-63,33,9,19,23,91,29,-9,0,-13,26,-10,62,29,-21,32,13,-47,15,5,40,77,17,12,6,13,80,-42,-19,38,46,11,-23,9,0,12,47,44,40,17,95,15,-2,-2,62,88,40,22,57,75,33,26,11,42,3,8,9,35,40,14,-27,-13,61,-13,27,2,25,17,100,12,32,40,-20,24,82,4,0,31,36,4,-33,72880
16,68,100,3,-19,10,52,-50,-3,58,-15,-26,57,1,7,15,-36,3,44,11,7,43,14,33,-2,-15,39,32,-3,-44,20,9,-24,-24,-13,19,-48,14,-10,-12,80,-17,-15,56,-13,-7,10,22,-4,-40,36,13,14,-49,-15,32,-5,10,2,0,38,-27,29,22,-45,76,31,22,-12,37,9,22,-22,-40,-22,-29,-3,-48,69,-18,1,49,-54,11,-63,0,34,-23,5,-5,14,22,44,43,-1,-62,-9,34,-18,-7,-52,-33,10,-50,-2,-8,-9,46,4,3,-35,-18,-31,9,36,44,-27,-2,-27,27,-41,23,-17,18,-9,44,18,3,26,-34,-34,-9,26,27,63,38,0,-23,12,31,14,16,13,-34,24,45,52,58,-14,-24,40,32,50,23,54,14,38,-22,-43,8,-7,4,26,-4,4,23,7,-4,51,8,14,-5,9,1,52,0,-11,55,10,36,18,-3,18,-9,72980
11,58,15,4,15,24,-20,-16,8,4,52,15,28,-2,45,6,-31,-19,-25,-5,2,50,12,25,-7,-22,57,31,18,-43,-13,8,42,-4,-17,2,12,56,-8,19,43,-21,-5,23,12,-9,-27,19,43,-50,0,19,6,-29,9,-65,-2,24,10,-4,-1,-17,19,33,-35,-42,30,17,-7,24,11,31,-26,-16,-33,-3,-19,-30,60,13,-1,-34,-52,46,2,0,10,1,9,6,-9,-3,57,49,37,-9,-11,-4,-30,-8,-23,12,35,-22,-15,-9,-1,-11,19,40,-28,21,8,21,58,56,-25,-19,0,-68,-26,18,-16,28,7,17,22,4,34,58,-17,-34,18,64,31,-7,63,-17,11,64,-8,25,8,76,35,28,12,4,7,17,37,50,57,58,-21,6,-3,22,13,16,-35,35,-5,-7,-2,48,3,43,13,19,-5,23,9,70,23,-17,2,30,5,10,31,-36,35,-17,73052
14,33,61,-29,-2,21,18,-13,-34,-4,-9,10,-17,-28,-6,12,-18,-20,-14,-17,3,21,7,55,-14,16,-12,-26,15,10,1,39,61,29,-57,-5,-11,67,-15,20,-35,-43,-13,66,20,18,-16,26,45,4,-24,58,39,-23,-12,-80,-39,20,15,2,-24,-91,44,-52,12,52,-27,26,20,61,10,30,-34,-11,-58,0,-17,8,31,-2,4,42,-23,0,-50,4,9,-32,16,-34,-6,5,-26,22,17,-57,-37,13,-56,-11,-100,11,52,-100,-8,-13,-40,12,-27,22,-32,68,3,-1,-14,-31,8,7,-16,-74,-22,57,47,31,41,-19,35,-30,43,-65,-96,-29,45,58,-33,7,-23,56,8,57,-7,32,10,-71,42,-47,8,-4,38,7,-15,96,78,72,16,-7,12,71,-13,35,-47,49,5,-13,-16,90,4,47,12,-1,-17,-29,9,-18,67,8,-38,-9,13,9,29,-50,-60,-57,73053
-2,29,99,0,-5,16,11,3,-1,-12,78,33,72,-20,-21,7,-37,68,17,-26,7,28,63,70,15,100,-10,-55,-48,-37,2,19,-46,-3,-100,38,-5,18,30,21,-72,-27,30,69,24,66,24,46,100,-38,-38,99,22,-63,-57,55,6,16,-18,-7,-37,-33,0,-25,-5,66,-55,52,72,70,58,58,-19,3,24,19,62,3,19,-5,-2,69,-19,-18,-42,0,0,2,-24,10,36,19,4,28,27,-56,-18,77,15,17,-63,17,12,-69,0,22,-35,43,-10,23,-6,51,23,-23,-11,17,100,-15,-62,55,-65,95,44,16,41,-12,0,2,33,-83,-23,13,0,66,-68,-18,27,46,17,64,34,18,4,-91,32,-5,66,-12,35,16,-6,35,28,13,5,36,76,48,-5,-5,-18,14,17,18,-23,35,9,100,52,-24,-29,-13,15,21,74,-16,-32,68,52,-1,56,-18,-37,-100,73107
15,72,1,-20,-22,12,-12,-33,13,13,-1,71,64,21,71,5,-3,44,31,2,12,44,61,32,2,-10,-3,-8,12,-20,2,16,62,4,14,10,-7,-7,-11,0,33,-18,-8,20,1,-12,20,16,18,-12,23,4,16,-24,-5,-6,-57,12,-2,-5,24,-44,0,-7,-3,33,-9,21,-6,34,61,-7,-15,-32,5,65,43,-7,80,-22,-4,26,-8,70,14,-3,21,-48,-4,2,12,9,31,44,24,10,36,6,10,18,-6,62,26,-13,46,14,-5,17,62,25,-85,22,16,7,-1,31,-7,-7,-26,-1,-17,2,13,19,8,7,-32,-21,41,45,-49,8,2,63,7,9,71,8,11,61,10,20,3,46,42,0,7,14,6,83,5,44,74,-5,-13,12,3,26,-12,-39,24,26,8,5,4,40,13,20,5,5,10,56,10,68,22,-7,-6,64,-7,20,-4,23,-9,17,73145
7,3,14,-15,0,31,-60,-30,17,49,23,27,47,37,1,7,-38,-17,40,11,20,34,3,40,-3,20,1,-20,4,-75,0,16,20,-9,-26,8,-26,8,9,-35,67,-16,8,0,-23,-14,55,11,35,-72,0,1,15,-46,-16,-30,60,31,5,-1,-2,-55,36,5,-55,34,-22,12,-8,36,3,31,-20,-29,-15,39,-14,-50,0,2,-3,45,-61,1,22,-3,-2,52,6,25,44,7,-13,31,36,38,36,-2,-21,4,-67,64,43,-72,-21,6,21,2,0,32,-71,38,11,-8,-1,-11,16,-9,-30,-22,-52,3,0,20,29,41,62,-15,70,-36,-47,-34,35,13,-20,-1,34,1,17,15,45,18,8,-31,70,-3,-16,49,34,28,28,30,63,13,-57,9,0,36,-25,54,-19,49,7,-2,9,37,22,35,-21,-7,-12,5,16,27,-1,-9,20,46,30,0,30,-24,13,-27,73204
0,61,80,-27,11,40,-22,-6,9,11,-21,63,52,-9,-11,10,-6,-49,10,-13,11,18,15,45,0,-11,4,2,-17,-100,9,31,-68,-23,-8,6,17,64,-7,-2,52,25,-7,25,0,4,17,12,36,-100,-34,35,30,-83,21,10,16,40,26,-8,-35,-25,36,14,-26,28,5,12,-4,50,15,22,0,-6,-43,36,-48,-22,66,19,-2,26,-5,-12,17,-3,25,-12,27,18,16,-14,3,15,-3,17,-18,14,-39,37,-61,37,49,-47,-16,39,10,52,40,0,-100,29,19,-44,1,9,-12,-9,40,10,-87,33,10,68,4,-14,-27,-26,37,-72,-30,8,42,31,-40,-15,58,15,14,32,14,67,11,-64,37,58,-54,11,1,58,-19,44,54,58,-23,7,12,43,10,-21,14,50,-16,2,-11,38,10,38,-60,-43,4,44,14,60,24,-9,10,58,17,26,23,17,8,-11,73212
14,83,33,34,-5,50,37,9,47,23,17,67,25,26,91,7,1,4,-23,0,-30,17,40,28,-16,-26,-3,43,48,-29,-37,10,29,-14,-43,12,-6,38,11,-7,46,-54,10,27,-9,-6,-28,2,44,-20,-13,76,12,-36,61,14,85,49,1,-6,-11,3,11,47,-11,-23,43,2,0,27,43,15,-52,11,1,15,7,-17,94,-8,-5,-28,-8,95,30,-6,4,83,3,35,32,-18,55,17,9,33,35,-28,3,-3,-27,8,32,-30,28,-3,76,16,66,15,-40,29,-41,22,-2,61,-22,-8,56,20,-33,79,-1,28,22,57,0,34,3,100,1,2,9,27,21,31,82,-2,9,28,33,31,7,100,3,15,-5,23,23,77,55,37,58,43,39,10,-26,24,-2,-2,62,31,-18,-17,-2,39,-29,41,-7,21,-13,65,6,84,26,-7,72,26,18,5,13,62,43,-43,73272
5,69,-4,-15,-25,30,-10,-17,1,0,-50,6,19,-46,6,14,10,20,32,1,14,-19,40,27,11,11,2,-10,-43,-33,-16,28,-30,0,-30,-6,7,1,-15,-5,72,-17,-16,-17,-7,22,-10,28,18,-37,-13,3,32,-31,-40,-13,6,29,-4,-3,-12,21,-12,-21,3,8,-14,40,29,29,44,18,-27,-5,4,-33,18,-11,72,-21,3,-17,5,9,-51,8,7,-2,-8,0,-22,17,-37,-20,0,-56,-48,14,4,-6,-38,-34,13,-26,-50,-15,22,12,-62,-7,-49,-7,0,-40,0,-41,-5,-15,-48,-6,-28,3,-16,5,17,-26,18,-17,35,-13,9,2,-8,-37,-41,17,47,-26,5,-39,-31,3,3,24,39,19,32,0,21,17,-17,8,47,14,-19,-10,5,7,-2,18,-26,22,20,16,-3,10,16,20,35,-46,-6,-65,2,53,-14,-14,24,37,29,2,16,-20,-9,-25,73293
29,55,46,11,-9,28,13,-4,35,4,-9,47,49,15,28,12,-12,11,-1,-1,-39,57,32,45,-14,47,3,25,16,-31,-6,15,22,36,-45,27,-68,56,3,6,77,-66,3,62,2,-2,3,19,52,-32,27,86,15,-48,2,32,2,29,5,-2,26,-13,31,-3,-47,43,27,18,5,46,33,51,-58,-7,-6,29,14,-48,62,-11,-1,52,-8,32,40,0,12,12,2,40,29,22,83,57,8,38,26,79,-6,3,-62,21,41,-57,-25,2,-29,18,6,7,21,47,-3,41,2,82,46,-6,-11,32,-48,84,4,35,31,35,39,11,21,37,-16,51,33,89,6,16,18,9,16,87,28,35,13,30,21,33,-5,3,32,36,30,50,61,50,12,26,78,46,-70,41,-13,41,22,-14,0,51,-39,54,-3,41,12,8,15,25,62,-7,-27,52,27,10,51,-11,0,-46,73360
7,21,-25,9,-13,27,-32,-22,20,30,52,55,70,43,1,2,-9,-4,70,25,-52,36,43,27,2,-12,33,40,-1,6,-3,-1,-63,-32,-23,32,-16,22,20,31,83,-74,21,-25,41,27,70,10,22,-2,15,33,-2,-36,49,98,-15,27,4,-10,14,-14,-6,-6,-32,-22,40,12,24,25,47,8,-67,-23,-55,43,-2,-43,28,-8,-2,-27,-15,4,47,-1,27,-26,2,16,58,4,30,39,52,50,43,-60,-52,30,-56,37,44,-51,0,31,58,13,-20,51,-31,30,21,17,31,31,-7,-34,49,100,-41,33,14,24,3,18,44,8,-13,-56,-16,43,0,-20,-4,26,-60,18,-3,-21,52,24,1,-54,-12,46,69,29,4,54,24,69,54,25,-33,33,-63,38,-19,40,-54,46,1,4,27,74,-52,24,76,17,31,-21,-2,-52,-26,-33,57,75,23,23,12,-55,-11,-22,73436
0,58,-26,2,2,22,-13,-51,11,-4,-23,34,36,-43,19,11,-34,-4,23,18,-36,16,44,21,-32,-21,22,18,6,-71,-39,14,-61,-21,-35,-18,13,32,-6,9,39,-14,-6,32,13,-14,22,-35,-17,-68,-7,-9,14,-50,4,35,-27,22,52,-6,-7,2,27,33,-56,-34,17,-33,-17,20,43,-15,-8,-49,-13,43,-4,-57,69,2,-1,-38,-35,23,15,0,0,-38,52,14,20,-22,5,16,56,9,-39,32,-14,19,-11,41,57,-15,-5,22,50,19,38,56,-97,13,-21,-16,21,10,-20,6,-5,32,-49,-6,22,21,6,14,0,1,8,20,5,24,27,-26,52,32,-6,22,6,-27,22,21,11,12,7,4,-4,-4,2,22,1,27,74,29,-10,-18,32,14,13,3,-10,55,-23,-33,17,29,-34,-15,3,-18,-2,39,5,0,32,6,52,31,-6,1,-15,-10,29,-34,73480
10,8,50,-14,6,12,45,-18,15,17,-58,63,58,6,0,15,-32,-9,-1,-15,27,21,15,11,-27,-1,0,-15,9,-57,34,39,60,0,-28,-13,13,60,-28,19,-20,41,-28,57,18,44,3,3,54,-52,-20,39,36,-48,-16,21,-3,10,28,-12,-22,-73,27,-33,-28,8,-14,3,51,10,18,12,43,-22,-1,0,-8,-34,5,7,-10,16,-38,3,3,-7,1,-16,25,14,21,5,-13,19,10,0,15,52,1,2,-45,-9,47,-48,-48,0,10,-2,4,8,-75,49,-6,12,0,-14,10,-7,-18,34,-44,35,-57,41,-6,-13,22,-13,78,-27,-73,32,28,47,-32,15,5,-57,13,47,19,42,14,-36,76,-25,8,17,-6,72,-7,-12,46,57,42,-12,49,52,11,23,-22,49,4,-25,-12,-7,26,55,5,11,-32,8,10,-6,57,-8,9,64,-6,0,12,-22,-23,-28,73554
18,65,55,-7,9,2,-3,-65,-1,28,11,18,51,-16,-11,6,-1,33,-22,-23,4,52,50,8,2,1,23,-12,6,-45,9,27,-10,-29,-84,28,-27,17,-6,18,16,5,-5,58,22,27,-32,35,29,-38,-6,56,27,-50,13,63,44,2,21,-6,-6,76,29,11,-27,2,-11,34,26,11,49,46,-7,-64,25,25,33,-35,73,10,-5,-3,1,-3,-84,-3,9,52,21,-4,47,-2,-28,52,33,-75,-23,73,30,40,-5,24,33,5,-68,41,-1,20,-37,35,-35,52,20,6,23,-24,-1,-4,17,65,-44,57,38,35,2,13,4,-7,26,60,71,52,30,55,-54,-10,56,41,19,55,47,34,7,52,26,69,20,27,3,22,14,-16,54,27,-2,28,75,56,-25,-6,-8,31,-3,2,-21,-19,5,32,6,5,-2,-36,17,58,58,-2,-3,49,29,9,46,-5,12,-84,73634
1,84,57,-10,15,35,44,-2,-6,17,-3,24,96,-18,67,14,-10,-13,-42,0,10,21,31,25,-15,-25,25,-6,10,-73,-4,24,51,13,0,-6,22,24,4,26,5,-23,7,47,30,43,-41,-1,34,-71,-15,17,25,-63,43,31,-17,35,29,-5,-16,-29,30,32,26,-14,-6,-3,49,30,23,10,-31,-5,0,3,-19,28,88,12,-2,-17,-2,77,9,0,8,-17,27,-8,9,4,0,23,9,10,-12,29,-2,11,-18,-8,60,-26,-11,17,-28,5,40,14,-72,50,-25,0,30,-3,-24,-10,31,39,-58,13,-12,31,-1,24,-2,-9,100,82,-20,-10,27,29,14,7,10,-5,11,30,9,33,15,77,100,14,41,17,-9,25,20,46,61,24,44,-7,30,40,28,-1,21,61,2,-15,2,46,11,36,31,-2,11,47,10,12,47,-10,-26,94,-3,5,10,18,33,0,73969
-19,30,89,-31,2,5,50,-13,27,1,-6,-12,54,-7,58,16,-39,-6,-18,-48,23,38,-3,-1,-10,-75,2,-58,19,-52,33,50,22,-27,-35,-3,-23,32,31,3,-17,-17,29,74,1,62,-20,3,54,-62,-15,100,47,-68,-46,39,34,3,41,-9,-17,-28,0,-6,26,4,-57,6,58,-4,2,19,-17,-11,-27,-24,-1,16,33,2,-6,7,-40,57,-9,-1,-2,40,40,24,60,-5,-52,36,36,-11,-2,51,-24,-3,-64,10,45,-56,-13,-9,-17,-54,-10,31,-45,14,7,32,5,-61,-71,3,-32,47,-66,100,-41,40,-17,-18,-14,-30,63,73,-33,24,1,45,-57,-17,73,-47,40,45,58,42,13,81,63,-31,-11,2,-14,0,-5,-52,48,28,48,-1,50,18,-27,-9,-23,48,-6,-8,-49,-51,22,55,-3,33,-79,-13,41,81,75,5,-20,57,39,-2,20,-26,6,-36,74102
18,81,37,-1,-5,-5,21,-42,-11,-9,22,-29,29,24,62,11,0,2,-9,-7,14,31,14,54,-10,-9,17,9,23,52,8,4,20,-10,-19,2,33,37,-4,3,45,-47,-7,8,4,23,-18,8,23,46,3,-29,7,-15,31,33,38,-4,5,-4,4,-33,27,32,48,3,10,9,25,52,15,14,-41,-41,-46,12,3,49,77,-6,-4,0,8,64,49,-2,8,32,7,-7,16,2,9,31,31,51,26,7,-44,-22,-64,19,41,-56,-34,-24,-3,20,-2,31,-3,52,8,28,19,7,-16,-11,32,36,-16,-25,-8,32,6,30,54,-1,25,89,-35,21,26,26,25,13,7,-6,9,30,16,32,12,90,25,46,38,-9,9,-31,29,89,54,39,22,0,7,50,35,51,0,38,6,-10,-11,88,14,21,33,28,3,-6,8,15,8,-10,-4,31,11,7,13,0,28,-19,74179
20,61,-46,-3,-19,40,70,-21,51,10,7,73,-19,-5,81,16,-19,17,37,30,1,-4,46,34,0,41,29,-18,-6,-79,-11,16,2,-15,-45,7,-32,48,26,-30,25,-7,18,39,-33,12,17,10,46,-65,-9,7,19,-66,38,14,1,39,8,-5,-10,-68,25,27,36,82,-16,5,19,36,41,19,-9,-10,-3,15,7,34,52,-22,-4,63,-18,80,-1,-5,22,13,12,49,14,4,28,-7,41,0,8,11,-11,17,-94,-5,32,-79,15,18,36,45,78,43,-48,7,-33,-8,33,21,21,-24,34,20,-67,17,-49,47,-29,24,0,-2,55,-10,-70,20,14,32,19,65,-4,-46,7,39,15,46,16,7,54,-9,-32,9,-28,75,28,73,72,56,75,2,18,-8,-20,12,9,34,10,-2,22,73,3,43,-21,-9,11,70,5,0,35,-24,29,-6,51,24,13,10,45,-46,74188
12,1,72,-48,17,-40,32,-15,0,-14,40,0,73,-46,-9,17,-33,-31,80,-8,23,22,-32,37,-8,64,20,-39,21,-50,32,14,63,23,-22,-4,-14,35,0,21,-81,-6,-2,74,17,47,64,5,34,-45,-24,14,13,-71,-14,9,-80,-40,23,-5,-25,-24,21,-58,-55,63,-36,1,49,41,-24,19,5,-16,-52,40,-27,-62,-8,18,-3,54,-38,-10,8,3,15,-72,22,-2,16,10,-69,21,27,0,-46,36,-47,39,-74,43,37,-61,-30,35,13,-6,40,27,-65,4,-3,11,23,-66,54,1,-7,15,-68,15,31,38,7,-42,-25,-46,25,-83,-36,21,22,37,8,8,27,35,6,41,16,39,19,-60,26,-72,-27,-13,7,9,-38,46,62,39,33,-7,34,1,-14,-20,-21,34,11,-9,-9,41,23,32,-15,10,-5,34,5,40,73,0,7,76,2,15,16,-20,-42,-24,74207
16,37,48,-13,32,-10,41,-31,-4,-27,60,58,67,12,16,8,-18,23,1,-17,23,34,51,40,-14,50,48,-1,34,-100,-21,23,5,13,-34,11,4,22,-6,-4,67,-52,-5,40,1,67,-15,4,35,-100,-20,13,24,-86,15,62,-34,-9,32,-1,-19,32,36,100,41,-28,-2,3,67,47,48,28,-54,-30,8,73,21,37,42,36,2,-39,-19,25,56,4,0,-44,30,2,35,-3,0,38,-10,58,12,42,13,19,-48,79,29,-33,2,22,-17,13,67,-5,-100,18,-6,45,49,3,48,-36,4,70,-81,14,-21,49,11,-18,-12,-13,60,6,30,41,36,31,-9,26,31,-12,10,32,32,51,7,3,60,58,48,-27,5,65,-18,19,56,22,40,12,40,20,2,-13,-1,22,-3,-12,-17,12,22,38,48,42,28,58,11,33,39,-36,-17,63,20,-1,30,-3,100,-32,74217
0,43,16,-8,3,36,-21,-28,13,-45,-40,39,83,-27,43,22,-8,3,-12,-14,-5,14,58,38,-10,-36,-17,-2,-41,17,-14,16,-46,-10,-61,4,15,85,-23,-5,63,-35,-20,34,-2,34,-11,22,55,9,-16,51,14,-58,19,-5,-13,36,22,-9,-15,-43,35,41,20,-28,-1,24,29,40,61,29,-37,-29,19,5,7,18,47,5,-6,-35,-18,50,-19,-7,1,-23,20,19,52,18,28,16,16,-15,-21,30,22,5,-65,2,38,-65,-7,4,-2,13,64,17,-56,18,39,10,-17,29,-33,1,14,-10,-63,49,-31,45,3,-2,52,-9,47,1,-47,11,38,15,16,1,15,-30,20,15,51,46,22,3,46,3,-1,-45,5,38,-1,33,48,82,-22,5,29,23,13,42,28,40,16,-9,-10,37,-3,56,-9,9,-29,68,21,9,34,0,0,83,56,0,32,31,43,-61,74219
18,71,15,-3,11,5,30,-39,13,18,7,66,75,-55,14,7,11,39,-3,5,8,52,50,76,-22,44,15,-4,23,-22,-25,26,20,8,-25,16,9,69,-5,9,45,35,-7,17,17,7,-18,17,34,-11,18,9,26,-70,-48,-39,52,6,22,-11,17,-44,20,3,14,67,-3,16,4,74,46,27,11,-40,25,38,36,19,58,11,-13,61,18,18,29,-17,1,63,22,15,7,31,9,48,-14,37,-47,40,24,13,-60,9,-5,-48,-60,12,16,26,39,-16,-29,61,-5,19,16,17,33,-13,-45,-35,-70,9,-63,52,73,-16,7,-2,82,-21,-47,12,18,27,-39,27,19,-67,9,28,10,52,9,-7,82,41,9,18,72,66,-12,89,45,72,31,14,40,58,9,10,-44,-4,32,-23,4,92,11,34,10,20,11,45,8,32,16,-14,13,74,16,1,25,-40,13,-29,74235
-14,67,51,-11,-17,26,0,-18,18,-2,-49,3,90,-3,46,0,-36,22,56,12,-32,-14,64,63,-25,-5,12,8,-14,-44,-20,28,-10,1,-3,-12,7,64,10,-32,58,-99,13,28,-26,-52,61,-16,32,-60,-33,39,27,-54,12,21,-36,27,32,0,-30,-20,9,20,-60,64,9,-14,-48,58,58,7,-100,-20,-15,35,20,-63,71,-14,6,65,-43,49,66,7,1,-33,29,18,29,-18,29,-6,45,66,-2,-47,-14,18,-60,65,40,-73,39,21,49,29,17,51,-63,4,-6,-27,13,38,7,-23,8,25,-54,40,-18,31,31,26,9,-12,-2,14,-12,-9,14,-41,-27,44,0,-17,-1,-41,26,31,0,4,-4,50,42,-1,27,4,30,44,63,60,0,-10,-49,12,4,2,1,44,-21,-26,14,48,-30,37,41,-31,0,22,0,0,26,-22,56,89,28,-1,11,3,14,0,74238
31,63,55,-22,-12,12,-27,-28,27,-51,-54,47,52,-27,-8,20,-70,97,-50,-17,18,39,58,93,-6,-66,34,-16,66,-55,-9,33,25,-5,-43,0,-58,72,-11,12,73,8,-13,58,22,55,-44,11,-4,-54,-31,6,34,-82,-12,72,-42,11,26,-15,-33,9,42,-19,57,100,-17,12,57,90,64,4,3,-27,52,-10,98,58,70,-5,-12,100,-72,-9,-3,-8,-4,-42,25,27,27,3,-38,35,21,-2,-19,49,51,46,-73,-24,-34,-64,-6,45,-20,-4,18,18,-100,37,-30,8,31,-36,-63,8,-9,68,-86,2,0,71,52,-11,1,-22,39,-24,7,60,42,21,-37,25,-43,-1,16,19,25,73,20,-11,38,22,29,-51,58,56,2,-5,52,67,-29,-3,45,43,-64,8,0,-26,4,-6,-21,-1,17,-6,25,5,-20,20,15,-38,58,9,-18,58,32,-6,1,0,-8,-47,74305
7,18,67,-7,-4,24,34,-23,44,-8,13,74,38,11,40,12,-23,2,36,-19,25,33,21,31,-7,52,23,-27,-19,-15,30,31,-30,4,-38,12,-19,58,-16,1,-32,38,-18,40,2,46,37,12,30,-14,-7,19,27,-58,-6,18,57,20,22,-6,-10,-22,43,46,-9,83,-26,12,49,35,16,34,38,-19,15,74,0,-4,15,-5,-2,75,-26,43,45,1,3,58,20,46,40,8,-5,32,6,39,9,72,13,-8,-44,67,29,-49,18,-6,6,3,52,2,-55,41,32,12,21,-6,48,-6,-2,23,-55,21,-39,30,-4,-37,-3,-7,48,25,-23,52,41,32,-37,0,32,-40,20,34,41,28,12,20,50,31,22,-8,-4,78,-36,21,19,57,32,12,71,39,-21,-2,-31,26,9,-3,-21,22,22,30,20,11,-23,56,19,32,42,-6,4,38,26,0,32,-37,42,-42,74326
6,86,54,-21,0,-38,-17,-26,33,21,6,47,47,-12,100,10,-15,-17,-52,2,17,22,27,-15,-6,-63,-16,-35,3,0,6,17,-14,-24,-9,2,-10,47,-11,-14,54,15,-14,20,-10,-9,-64,12,18,-3,2,18,20,-47,-60,-6,23,-38,20,-4,4,32,29,91,-18,3,-34,12,-3,-18,32,-26,27,-25,18,23,-8,-26,91,-3,-2,12,-12,100,-12,-1,16,7,21,35,6,-7,-52,22,15,0,-7,1,25,43,7,21,39,8,-36,38,63,33,87,14,-41,43,9,-14,-14,-41,-64,-2,-73,8,-49,22,-26,19,-15,-34,20,-21,92,56,30,42,26,10,-5,16,10,-29,12,13,6,17,12,56,92,19,3,21,-17,57,-38,-21,58,43,-16,0,1,42,-11,23,-28,38,-3,-6,-2,-19,19,14,18,-13,-5,83,9,4,18,-2,60,51,17,15,-29,-26,83,-10,74428
6,20,78,-22,15,-4,-25,12,23,17,87,-22,20,11,-14,12,10,18,62,-20,47,49,26,45,-12,27,47,-15,13,-38,-7,19,73,-11,-44,17,16,9,34,4,-4,14,32,96,6,32,66,8,79,-37,-14,89,18,-12,-6,-27,-46,-5,31,-3,-14,-27,5,-35,0,66,-17,8,37,51,31,32,13,12,-10,-9,18,-1,22,14,-3,69,12,-14,-29,-2,4,-46,28,22,56,-14,-36,47,11,-22,9,26,-15,-5,-51,-4,23,-47,-65,-9,5,-29,-21,13,-10,67,-15,37,42,-38,18,10,-4,-28,-14,88,-43,42,40,0,73,-16,60,-79,-30,27,-3,100,9,-14,3,-32,16,100,58,41,11,-76,58,4,7,16,37,-15,2,70,52,6,-20,11,31,61,19,76,-20,26,-17,-19,-25,68,40,72,13,39,-58,-20,17,-1,91,11,2,21,27,3,30,-18,-34,-50,74459
-8,17,36,-14,11,16,40,-30,19,-23,37,62,30,12,2,6,20,45,58,-6,-11,38,23,61,-8,-11,27,-4,-10,28,25,22,0,9,-7,1,0,22,-10,5,-85,73,-8,50,1,39,51,4,10,29,-3,-6,22,-52,6,19,26,15,37,-5,-4,-27,32,41,-9,77,-3,6,37,65,21,16,74,-27,-29,24,43,-2,17,10,-2,70,22,3,-14,3,-6,24,34,20,9,-6,-27,34,32,-13,13,81,-33,0,-58,19,-9,-58,-61,0,8,-3,-39,36,0,35,17,7,24,-30,-17,-5,10,22,-58,-6,0,22,-10,-51,73,-13,21,-47,-25,54,28,15,-12,-5,-25,1,7,16,8,19,5,-54,25,-22,71,-21,-9,64,-47,65,56,22,40,0,76,30,-2,75,-32,-9,-2,-10,-13,58,-10,8,65,3,-55,-44,11,-21,51,-6,3,29,6,-11,16,-30,35,-5,74471
-9,4,-8,-7,7,-7,19,8,23,-6,-65,51,58,-14,-29,0,7,10,-3,-17,13,6,11,23,-6,-18,24,-16,21,-56,16,31,21,-12,-35,-11,6,45,19,4,-7,33,20,21,-1,54,-1,6,76,-62,-22,10,29,-30,-27,9,13,-6,9,-6,-21,-25,-12,2,-25,36,-14,8,52,21,8,12,33,6,-14,-56,6,-24,4,3,-2,36,6,-35,-10,-3,-22,21,4,21,35,-6,-40,4,25,-11,-11,44,-18,16,-32,-52,39,-34,-22,16,28,-45,-32,25,-60,2,14,17,24,-35,-22,8,-25,11,-36,8,-2,22,-26,-11,6,-6,12,-25,-24,1,-13,25,-52,-7,-44,-1,14,31,35,19,2,-24,10,11,73,-8,-22,50,-11,12,16,48,14,-14,39,-1,2,6,-7,43,-9,-2,-25,11,15,72,75,17,-61,-30,19,-41,25,8,28,63,29,-26,8,-8,2,-37,74472
-10,43,29,-22,-6,12,-23,-47,-5,-10,-37,9,81,3,45,20,-10,0,-8,-5,19,15,19,-2,-8,-25,3,-24,-34,-51,21,25,7,15,-53,-18,17,49,-28,-15,-10,3,-26,36,-15,48,-8,13,0,-51,-16,-1,21,-70,6,23,-50,10,24,-11,-17,8,19,0,24,36,-24,14,54,-7,25,5,2,-55,8,7,4,18,26,-6,-13,43,-16,41,6,-9,5,-49,22,-3,-12,12,-9,15,31,5,-3,63,11,17,-17,4,42,-19,-40,14,-6,-4,-11,31,-27,26,39,-19,0,-12,-21,8,5,31,-72,-11,-34,20,-31,-23,24,-22,47,19,6,38,25,1,-8,7,5,-39,7,0,-14,21,21,25,46,-35,-35,-9,-27,8,-17,-30,44,45,-24,-15,59,32,13,18,-31,44,9,-6,-1,-23,16,3,-25,-20,-18,-10,7,2,39,8,-6,77,10,6,8,-33,11,-54,74590
-19,-6,-4,-19,-4,3,0,-45,2,6,37,18,-61,-19,68,-2,-39,-5,65,-14,14,40,-3,17,2,67,-15,-19,-54,3,-19,11,-26,-19,2,-3,6,-18,-7,-6,44,-69,-15,-7,-2,8,50,31,21,-1,-8,1,14,-21,-21,-15,-23,1,8,-16,-10,-76,9,-26,-4,52,-20,25,21,20,0,6,-76,-41,-58,33,-7,-11,-17,-4,-18,46,-49,60,-38,-20,7,-33,12,-4,-51,-18,-29,33,-2,-45,-4,19,-60,-69,-82,24,-64,-70,-24,-76,29,-9,23,-1,-4,20,36,-23,-16,-34,52,-1,-36,0,-22,3,-71,-10,4,-17,30,-19,-12,-52,-85,-8,7,33,0,-37,-24,-71,-3,36,-51,-7,2,-28,-11,-21,-1,5,6,29,-5,31,60,-15,0,-12,19,12,8,22,-62,-61,-11,0,-24,30,13,13,16,-23,-32,17,-3,-43,-8,-1,22,-49,21,7,-4,-67,-3,-7,74600
15,74,80,-14,13,19,31,-31,-11,-9,3,75,89,-6,29,16,-61,33,-69,-29,2,32,43,26,-17,-36,29,-8,-18,-69,31,34,27,-9,-55,5,-42,73,-19,0,42,-25,-19,52,3,43,-72,18,41,-81,-30,73,35,-97,-9,-16,45,18,29,-5,-30,42,52,82,-6,-1,-11,19,42,20,47,29,-28,-27,26,0,37,-17,67,15,1,2,-54,24,-10,1,0,24,31,-14,2,4,-8,33,8,-19,-20,52,24,41,35,32,41,42,-26,39,10,3,17,6,-66,18,12,15,26,-16,-37,14,0,-9,-100,76,17,41,-25,-25,0,-15,52,45,41,47,52,51,-28,10,8,15,23,52,1,40,13,61,52,-18,-12,-10,-20,75,-17,12,66,79,32,4,54,18,-41,-2,-46,47,4,-18,-31,20,2,40,10,16,-26,16,23,10,52,14,8,90,30,1,29,-44,95,-55,74633
12,73,49,4,-6,9,-15,-27,17,55,-11,58,30,-3,42,0,9,0,7,-4,-14,29,13,22,2,8,24,6,17,6,29,17,21,4,-35,18,4,5,16,9,78,0,18,24,14,30,14,26,33,0,7,49,17,-25,39,41,6,8,4,0,9,-28,31,14,-20,20,6,26,34,18,15,9,1,-26,-19,56,5,-25,70,-7,5,27,3,47,-3,5,-2,3,4,18,25,20,-26,33,17,11,-3,38,-15,-15,-21,76,16,-23,-63,-11,60,9,5,21,-5,49,11,10,24,-25,15,6,33,48,-30,52,-19,14,10,-23,-2,4,50,4,-24,29,34,2,-26,7,24,-16,12,3,25,14,0,0,48,54,-4,55,8,47,-33,27,39,5,-14,19,40,52,5,-8,-34,15,18,1,-2,31,-15,34,0,11,17,11,12,19,22,7,62,25,19,-1,10,-30,8,-34,74642
13,40,66,-20,-12,2,41,-8,-37,-1,-29,30,82,-5,12,17,-11,10,-13,-18,15,21,36,4,-22,-39,-13,-19,-97,-47,28,24,-47,23,-55,18,-29,52,-35,38,-52,-58,-34,68,35,73,-18,18,7,-47,-18,34,26,-60,13,32,-30,1,5,3,-18,-32,4,-16,-36,2,-18,17,71,-1,41,33,-56,-6,-42,-21,18,-40,48,-15,7,11,-32,9,11,3,27,-13,7,-45,26,15,-20,27,43,2,-4,70,-29,17,-62,-13,39,-56,16,17,-5,82,-61,48,-23,7,39,-45,-11,-23,-38,10,17,28,-63,37,34,12,15,15,-7,-21,39,19,-37,-1,7,42,-4,-22,3,31,13,42,27,11,17,27,39,36,-9,0,14,16,27,-3,40,57,43,19,73,11,-25,-16,11,35,14,-21,-17,-1,15,8,4,-45,-8,-63,13,4,67,11,-4,76,-3,29,33,11,-14,-56,74748
-3,66,36,0,-11,21,18,-21,-58,-6,13,15,54,-35,14,7,-51,-21,28,-12,-3,17,7,3,-5,26,16,31,-6,2,-6,21,33,11,-34,-2,-7,36,0,1,29,-2,-1,27,7,7,9,26,43,5,-14,23,22,-72,0,-9,-52,21,4,-4,-16,-36,-43,22,4,24,32,25,10,4,6,0,-9,-19,-24,91,-29,-2,74,-11,-4,3,-60,11,-46,-4,7,-57,3,-57,2,11,-22,11,31,-39,-31,30,-30,10,-62,76,27,-63,-6,7,0,-2,-10,27,-24,32,1,-5,13,-26,19,-14,-9,-4,-74,24,2,32,-64,-51,-14,0,4,-69,-33,35,-42,38,-7,0,15,0,6,38,0,34,9,-64,5,0,19,-6,-58,19,-40,27,40,39,16,-5,28,28,-7,-8,-6,31,14,-6,-16,32,-4,42,17,-3,-20,-15,5,9,27,-14,-2,55,10,6,-4,-10,26,-38,74788
21,34,58,-12,22,17,33,-45,9,-25,-36,6,31,-49,24,19,-12,36,9,-12,10,56,48,40,-12,-12,20,-20,-35,-3,-27,8,23,6,-80,21,-38,35,-6,13,-41,-3,-5,71,11,55,29,23,20,-1,4,26,12,-55,18,15,48,18,29,-4,3,-23,25,30,15,66,-19,19,58,39,49,41,3,-44,-7,10,36,23,28,19,-1,64,10,30,9,2,4,51,30,11,51,-6,-35,58,49,9,-46,77,-13,-6,-95,4,28,-100,-2,-1,-45,23,-13,52,-36,5,38,19,22,-38,-8,-6,23,38,-58,28,-23,47,20,-20,29,-12,29,-80,-19,24,24,78,25,-8,-2,-19,15,79,48,48,20,-89,28,-70,1,-25,24,3,-6,28,77,47,33,16,79,4,-38,31,-3,29,-3,-11,-16,31,11,22,-11,17,0,-12,13,-5,72,-6,-44,28,21,4,38,0,18,-82,74918
17,49,-16,-14,-9,-1,77,12,-12,-8,12,99,-3,-69,30,6,-9,31,75,-1,-22,17,28,86,-21,38,13,14,16,-42,-42,26,27,5,-36,6,-32,45,0,15,36,-14,-1,17,13,3,68,4,39,-39,-4,25,28,-40,-34,10,-16,-1,10,-1,-5,-15,13,-1,-30,56,15,5,8,84,28,18,-28,13,15,40,30,-31,60,-5,3,45,-16,32,-24,4,-6,-21,9,-12,29,10,-49,17,-14,-27,-55,47,19,-5,-56,30,17,-52,-47,-7,47,3,23,-18,-69,0,-34,16,14,-52,40,6,-31,6,-37,26,44,9,93,-46,-15,-14,8,0,-22,46,15,60,-39,17,-11,36,10,58,27,10,5,0,9,17,-26,-8,87,100,-43,58,39,38,75,5,45,8,-36,-12,-25,20,13,-20,-2,57,-23,37,-19,14,-5,34,11,-5,18,6,46,-2,30,-7,18,-23,9,-36,75043
-17,18,73,-22,-1,5,-12,-1,-32,15,34,22,62,-7,-26,3,22,62,58,-36,31,30,52,67,-1,-20,0,-37,7,-2,19,36,46,-9,-38,-13,-37,20,7,40,-42,10,6,77,37,28,49,25,57,-6,-13,78,39,-20,-2,15,52,5,15,-2,-12,-57,51,-30,3,70,-37,26,36,71,51,21,21,1,-15,21,60,5,33,-3,0,71,14,-25,-5,5,3,31,15,-29,-6,7,-58,32,10,-5,-11,70,-13,1,4,11,20,-5,-31,2,-68,-66,-4,7,-21,30,2,20,0,-52,-22,-1,-12,19,-16,81,17,29,43,-23,24,-22,-4,7,-55,-9,49,83,-17,-2,33,24,25,84,-8,30,2,5,-4,-73,73,13,38,19,-24,14,81,14,-13,-15,71,23,-35,25,15,20,7,-1,-38,11,32,57,74,18,-64,-11,22,33,75,-1,-67,64,34,0,20,11,-35,-36,75148
0,33,58,-9,4,12,0,-20,5,0,-29,24,46,-42,-13,9,-41,57,-20,0,17,6,58,62,8,39,8,-6,-17,-29,7,27,-14,-15,-44,-9,-28,34,-8,14,44,-22,-10,41,9,74,-14,23,49,-28,-13,44,31,-49,-44,-1,-44,12,8,-11,-15,12,41,-23,-1,-25,-6,25,80,60,61,22,-24,-18,0,-33,52,1,17,0,-9,-30,-31,-10,-18,-9,-5,-32,9,0,21,2,-28,5,44,-17,-35,49,-3,18,2,-34,38,3,-14,22,20,0,-27,46,-56,63,-7,-29,10,-28,36,-3,-38,15,-48,44,29,21,43,-4,-23,-8,47,19,17,3,40,0,-4,30,-33,30,14,2,20,21,6,24,51,-10,-55,0,42,32,0,39,43,45,0,-12,51,60,-30,-20,-30,39,7,5,-5,42,16,48,-50,-26,-30,-20,15,-32,43,-3,14,49,17,-7,21,-20,-14,-46,113071
9,73,-18,10,26,26,2,-50,-30,-20,9,11,30,-79,-48,6,-73,-11,5,-1,-29,37,26,48,7,-8,8,10,-6,-20,-21,20,-65,11,-39,11,-38,95,-24,32,38,66,-26,-28,38,-4,9,21,-4,-8,-13,20,22,-58,-24,-14,-42,27,20,-4,-13,38,36,19,0,20,9,22,1,47,20,25,75,-49,-10,19,-14,7,78,29,2,7,-88,-51,-20,6,15,-21,20,-18,-14,24,-3,38,-6,-18,-77,71,-15,3,13,-10,0,6,-37,3,0,42,6,-6,-52,64,34,-20,5,1,-1,11,-24,-10,-60,24,24,44,0,-20,-7,10,-8,-50,43,45,38,-23,-34,24,-19,22,3,-21,-18,43,6,-55,-9,37,33,-21,-2,-5,-25,3,51,93,0,8,70,69,-43,-2,-52,0,25,6,-3,1,-28,-3,23,-21,26,0,2,-13,-26,10,2,25,35,16,24,-57,-7,-38,122377
-2,27,69,16,-10,7,-28,-40,21,6,-24,14,54,-16,50,3,30,0,-34,-12,17,25,10,61,3,7,-22,-24,-49,-76,0,30,13,18,-67,7,-92,53,-12,-15,70,-58,-17,69,-16,39,-32,37,55,-55,-12,42,31,-61,50,-12,19,8,-2,-12,-15,-47,29,12,27,71,-15,36,42,59,11,45,-58,-37,5,-8,3,25,24,-11,-11,75,17,48,77,-11,-4,17,-3,9,12,1,-2,23,17,79,-15,33,5,-19,-73,-47,1,-73,-31,-21,27,16,33,18,-5,5,-5,-33,-16,5,8,21,37,-7,-63,47,-36,28,33,-2,-34,21,52,-7,-50,-3,30,6,-56,8,21,-39,12,6,14,29,5,-6,66,49,32,5,35,21,1,37,100,57,-27,3,33,6,-91,-33,12,2,5,1,-13,37,43,50,32,-33,-13,37,11,11,72,27,22,51,17,0,43,10,8,-72,153275
3,55,52,4,13,-4,-77,-52,24,-4,-16,51,19,-35,-16,6,-26,0,39,5,8,34,16,11,10,4,30,-1,-10,-40,3,26,23,-9,-30,3,1,26,13,8,56,40,15,30,12,37,42,29,24,-27,11,72,21,-11,6,22,-40,-5,0,-7,10,-14,-2,-8,-27,55,-1,35,35,9,15,15,36,-52,-6,15,0,-27,45,15,-9,56,-17,-17,-19,-5,31,-33,-1,26,23,6,9,32,6,-18,-34,3,-6,11,-40,0,31,-44,29,10,19,1,-11,5,-48,20,-21,-1,30,13,8,-15,12,24,-14,71,23,29,-5,37,0,4,16,-26,-14,-5,1,37,-6,28,18,22,8,36,24,29,4,-30,16,8,11,-4,-6,51,33,27,34,25,-76,6,5,24,0,3,-1,32,2,11,10,31,7,26,10,1,13,-10,9,31,33,-15,17,18,13,31,17,0,-15,-28,178088
-1,36,77,-39,-31,40,13,-37,-12,34,27,62,57,-20,35,24,-18,-11,-25,-19,22,26,-24,1,-13,8,-24,-28,19,-19,39,31,16,26,-84,-19,-49,68,-11,-3,-57,11,-13,88,-1,95,-30,20,32,-9,-37,25,28,-100,0,88,-14,39,50,-13,-37,-44,36,30,17,83,-28,17,99,1,-25,18,10,-39,-48,100,-14,12,36,-32,-8,81,-16,30,-11,-3,12,-10,50,-11,29,10,-51,24,43,-12,-18,88,-49,-7,-60,100,2,-62,6,-9,-28,6,-43,44,-35,-16,25,-8,-24,-49,4,1,5,91,-100,24,-28,50,-80,-17,-14,-40,47,-33,-50,21,36,80,-24,-10,75,-34,21,78,32,50,24,-32,46,-61,4,31,-78,58,-13,-58,71,74,16,-18,88,-16,-48,-13,9,3,11,-14,-15,-58,22,33,4,-7,-10,-42,23,77,90,2,-28,56,27,13,18,9,30,-87,189387
-13,48,86,-6,-21,-19,-38,-9,-22,0,-12,60,31,-36,0,1,-12,63,58,-8,4,70,54,63,3,20,9,-21,-22,25,29,15,-12,-28,28,16,-33,-19,-9,6,52,38,-7,35,6,12,57,25,33,19,25,58,11,-6,-9,28,-20,-20,-7,-6,23,-18,8,-24,20,77,-21,25,20,61,57,4,43,-13,13,-6,64,21,56,-21,-4,72,-16,-8,-2,-2,16,-31,-7,-23,35,-45,30,69,13,-8,-20,-18,12,-2,-49,9,32,-49,-2,-1,1,-35,13,9,-1,0,20,14,10,29,15,-12,-17,44,-7,54,-11,21,52,8,-20,-3,17,0,-22,27,11,77,-12,18,19,-11,17,74,36,21,2,-7,17,22,3,2,51,58,8,40,33,-14,-37,19,-19,0,-33,-21,12,34,-47,6,-4,45,4,34,13,16,-46,16,17,13,37,-10,-3,31,13,17,5,14,-13,29,190483
-6,15,11,-14,-4,4,24,-37,-7,2,33,-1,90,-15,54,12,-24,-32,-26,-14,15,36,-43,1,-2,7,-1,-21,-25,14,-30,21,-36,18,-46,6,-60,47,-22,8,36,-19,-24,19,9,31,-22,33,20,17,-16,20,19,-87,-6,18,-57,4,18,-9,-19,-95,-2,23,-75,77,-22,31,30,0,-42,16,-17,-40,-17,97,-31,-73,15,-4,-6,80,-24,49,5,-4,0,-56,18,-16,-16,20,-52,34,35,5,-14,51,-19,-3,-36,100,40,-41,-19,-4,-6,27,1,36,-22,45,40,-7,-2,-52,9,4,-8,15,-88,22,-48,13,-19,3,8,-16,52,-15,-95,48,-4,15,-33,-6,38,-51,8,15,-13,11,14,-12,52,14,-16,0,-15,7,0,-50,42,47,26,4,51,46,-60,9,-29,41,21,-5,-12,-47,15,20,-15,-5,-1,3,8,37,20,3,-6,90,46,3,16,-32,20,-49,190824
-13,41,7,-22,-38,-37,6,0,15,-10,35,58,-52,-64,33,-7,-45,-46,60,-17,10,-4,0,-11,-27,66,-15,-36,0,-48,-11,32,-44,-48,-67,-26,-33,43,-15,21,-22,12,-13,14,26,42,63,0,5,-45,-51,39,30,-56,-40,-32,-45,-38,18,-10,-50,-44,-14,12,-35,-14,-37,0,37,-15,3,-25,14,-1,-66,56,-39,-42,42,-37,-7,-8,-49,30,1,-4,11,-43,19,18,23,-68,-56,-2,6,7,-60,-43,-62,-41,-73,66,28,-73,-9,-41,57,-44,-6,10,-49,-8,5,12,-14,-48,66,17,-41,-31,-52,40,-70,23,-9,-3,-21,-23,0,-75,-52,43,-13,19,-19,-1,33,-71,-9,18,27,23,-6,-67,1,-20,-34,-11,-11,48,-18,41,42,49,10,-25,-42,-6,-32,-22,-13,23,-69,-27,-10,36,10,7,-20,13,-32,-2,-8,37,14,16,62,-56,-31,13,-23,-16,18,-64,190939
24,-35,46,-14,5,-2,0,-30,-17,-8,-34,32,28,-12,25,25,-6,9,-80,-17,9,30,47,54,0,-33,-3,1,25,-24,-10,18,38,24,-65,4,-43,37,-9,0,-51,-43,-4,82,0,51,-71,29,45,-31,-20,19,19,-67,3,20,-36,-1,29,0,-19,-38,24,36,4,-25,2,28,52,54,39,41,-36,-33,25,23,4,26,-42,5,10,-19,12,18,0,11,13,-47,28,-13,26,48,-23,35,29,3,-13,34,19,0,-11,48,19,-18,-30,0,-62,44,6,31,-60,22,1,15,-1,-16,-34,-14,0,20,-72,16,-32,32,12,-9,-23,-14,25,81,-29,19,24,68,-12,3,10,-30,16,65,24,33,25,62,23,-28,23,-5,6,38,-3,-40,54,35,-2,6,34,24,-42,-35,0,20,43,4,-16,-36,11,48,17,15,5,2,15,-1,83,-10,-64,25,55,11,41,0,17,-62,190972
8,-4,37,-38,20,56,-1,-36,-57,13,-24,0,88,-100,-23,15,-71,85,-34,-3,27,12,60,83,-5,-32,6,-49,-18,3,14,32,33,11,-67,3,-74,73,0,16,-83,83,-5,75,14,-100,-36,26,31,6,-16,39,32,-57,-49,100,-20,57,26,-9,-16,-7,12,-44,45,33,-52,21,-100,84,58,23,80,-35,-22,98,84,44,-5,19,-6,26,-75,-23,-23,-3,1,-16,30,-69,14,12,-64,11,32,-20,-100,58,-27,29,26,100,19,29,28,27,-90,40,-46,35,-100,69,23,-27,6,-58,-35,7,-53,100,-57,45,22,54,17,-16,2,-41,84,51,-10,31,7,15,-43,3,39,23,11,20,17,53,17,54,84,-55,60,12,18,15,-20,-2,68,74,4,-1,58,59,-74,8,-39,21,16,-6,-5,-1,28,28,65,-29,5,-44,12,35,74,7,-92,84,32,1,21,-41,-41,-69,193254
14,49,71,4,7,21,-26,-43,4,-3,-1,38,64,-35,12,6,2,17,14,16,8,49,19,41,4,-19,31,-3,27,-52,6,17,7,15,-25,7,-14,65,1,28,52,-13,0,40,33,15,21,13,18,-52,21,0,19,-58,2,14,8,21,18,-2,20,-12,6,-9,21,70,0,10,17,42,21,20,-14,-44,-4,13,15,14,50,6,-2,72,15,14,-69,3,5,-15,16,3,46,31,-22,46,22,-57,-20,66,-8,3,-29,3,21,-23,-13,3,-31,5,5,16,-61,29,-25,25,34,-29,-23,3,2,17,-60,-4,-24,43,10,-49,2,5,28,12,-13,17,10,-15,6,23,19,-21,12,-14,43,45,12,14,30,31,48,-2,10,39,-35,27,48,66,-29,3,62,33,-16,4,-15,23,33,3,15,31,6,16,57,24,25,6,11,23,43,1,-31,64,24,2,16,-9,11,-33,194794
-2,-4,61,-1,0,12,-9,-56,9,-7,-73,5,24,-9,25,9,-26,0,-1,-17,2,41,11,34,-19,26,-20,-19,-5,0,29,18,-26,4,-47,-4,-88,24,-30,6,13,20,-34,37,3,56,-7,13,2,8,-21,-16,21,-81,8,-34,-48,11,27,-7,-20,-10,25,-10,-52,41,-20,11,61,36,8,23,21,-56,22,32,0,-51,-14,0,-6,38,-23,20,-20,0,-3,-43,27,5,18,2,-44,43,17,-22,-7,67,18,26,-37,14,33,-39,-15,24,-52,23,-44,19,-35,33,51,-19,-18,-39,25,-4,15,-20,-81,-18,52,31,-1,-7,5,-5,24,-43,-11,32,30,0,-14,11,-73,52,13,0,18,33,11,-47,24,15,-77,-7,-3,2,-4,-35,38,31,-6,-8,66,34,-87,8,-28,32,3,-20,-15,-37,1,0,-90,-21,-13,-48,14,-62,39,-4,-49,21,20,-2,24,-25,-22,-51,196316
2,50,66,-22,22,-24,-15,-30,25,-8,23,38,91,-45,21,8,-20,-6,-31,-14,-1,11,35,6,-8,-15,20,-25,30,-55,3,23,4,-26,-25,-13,3,-55,-4,-6,-78,61,-5,56,-4,20,-41,12,19,-51,-17,30,22,-45,-40,43,-68,-25,31,-4,-20,8,32,29,5,50,-27,16,11,11,32,-8,55,-27,1,-20,-9,2,39,24,-3,29,-12,18,-55,8,13,-56,32,22,52,-25,-45,12,19,-62,-54,-20,45,25,1,-7,46,5,-52,27,4,10,22,23,-44,22,-16,16,19,-45,-20,-2,-47,46,-42,35,3,35,4,9,26,-22,-8,30,4,55,35,80,-13,-7,17,5,8,82,54,35,6,24,-9,4,13,-7,18,35,10,39,22,-49,-12,-14,-19,24,3,1,-45,41,-27,-6,-12,34,-1,20,12,17,3,17,8,31,55,-1,4,90,-21,15,-6,-43,27,-21,198710
0,87,-23,-4,-5,24,-37,-37,-11,-4,40,32,-29,-26,-6,-1,13,27,27,6,9,30,23,36,12,-4,30,12,-55,-22,-26,20,-27,22,-54,16,3,41,-2,8,-6,-54,1,55,15,78,29,31,36,-30,-1,25,21,-69,-27,-27,-22,22,-7,-3,0,-9,33,-64,25,89,13,38,86,38,22,23,-50,-37,-54,0,31,18,95,0,3,99,7,-4,-41,6,24,-32,-14,-4,17,6,-24,32,3,-35,-35,93,-50,-24,-98,14,-35,-96,-6,-25,-4,44,-45,0,29,-1,5,-44,27,-24,0,-9,-23,-14,-67,19,22,63,16,-53,13,-4,52,-15,-14,41,39,48,-34,-11,-15,22,7,45,14,63,-6,-4,56,13,7,-4,5,39,-61,-12,48,36,-41,17,87,12,-4,11,8,-34,4,16,11,-15,8,38,23,-46,23,-40,6,-11,56,-10,-2,-32,10,19,26,4,-59,-51,199493
-5,61,-18,-15,7,-23,-37,-17,45,6,38,58,37,7,16,-9,31,7,16,29,13,51,25,34,16,-8,10,-32,6,40,-18,-6,-71,-39,68,31,-68,0,39,-15,60,-9,41,-33,-14,-27,22,9,12,45,35,18,-6,-20,-24,15,10,-26,-17,-9,32,-1,-13,4,11,30,-34,10,-19,28,38,8,-2,-21,4,24,16,-3,68,11,-7,60,26,11,-15,-1,24,8,-20,46,19,-27,2,49,6,-5,18,-32,11,5,-43,20,31,-37,-17,2,10,27,-1,-1,9,-29,-9,-7,8,-6,-3,-5,-27,23,-26,8,4,11,23,-6,19,-15,6,44,-4,-27,-8,-17,-12,11,20,3,-15,-19,15,11,-10,60,9,32,-3,7,31,71,2,41,-10,3,-44,33,-39,-24,-72,20,-10,39,-28,20,29,49,12,14,16,-11,-9,3,-17,17,-31,-4,8,50,14,20,8,-6,29,67,201908
35,44,64,0,-1,16,64,10,-18,16,-21,25,56,-29,45,15,-19,43,52,-19,-12,39,48,27,2,15,-26,0,27,-52,13,11,36,-8,37,22,-31,7,5,24,-56,5,2,49,22,26,57,9,25,-47,17,56,10,-21,-34,42,-23,16,10,-1,14,16,3,-22,3,79,1,10,30,24,45,-1,4,12,18,-11,40,5,43,0,1,79,-18,40,-42,8,26,-19,10,-30,23,-18,1,36,31,-40,-32,-4,12,2,-22,14,20,-32,-29,3,-19,19,61,27,-61,13,-31,62,-27,3,15,-25,-27,43,-23,57,-4,10,27,-13,-19,1,-10,16,20,24,0,80,15,30,45,-4,9,80,20,11,16,17,-9,27,-1,17,24,45,-5,32,12,11,64,20,-4,8,-31,-15,-1,24,-17,1,-21,41,-12,24,19,60,-7,63,6,42,49,-25,-23,52,36,27,-4,-2,-13,36,203895
-7,-10,39,-17,-14,-4,-45,-58,-20,-11,-18,30,52,-71,-7,24,-41,25,28,0,-1,30,26,35,-25,9,16,-15,-25,-12,19,27,7,4,-70,-24,-14,33,-30,34,4,-21,-26,78,36,24,32,24,17,-11,-14,26,26,-86,19,21,-44,-3,52,-5,-12,-10,41,-18,-37,36,-12,19,26,36,25,-7,-17,-64,-8,-82,25,-35,-15,-13,0,34,-33,-8,-10,8,13,-35,47,-12,11,4,-23,33,55,-9,-78,16,-9,10,-83,-96,52,-85,-47,10,8,5,-47,55,-61,36,54,-28,15,-15,9,12,24,22,-85,26,8,16,-31,-8,21,-17,23,-81,-11,26,44,2,-8,12,-1,10,13,0,9,17,26,-84,20,26,-18,-11,-32,21,-14,-17,38,33,-46,-25,14,39,-12,20,-25,51,4,-22,2,-20,-1,18,-23,-31,-33,-48,16,-2,81,12,13,48,23,14,-7,-27,-27,-70,204280
-4,22,74,15,-20,20,-1,-52,42,15,29,3,58,-35,21,12,1,51,-7,-18,4,14,-38,91,-43,14,17,1,11,-68,8,45,26,35,-33,-19,-34,41,-47,-24,-14,6,-47,56,-25,30,-16,10,19,-63,-31,37,44,-61,-13,-3,-31,18,30,-18,-32,-43,1,-35,-21,11,0,8,38,92,-41,4,2,-52,-55,58,48,-21,21,-22,-18,6,7,23,-11,-16,-7,-22,29,31,4,8,-16,12,4,-8,-32,62,-60,17,-82,56,21,-79,-89,17,-28,11,30,6,-89,-5,7,-12,22,-18,5,11,-13,5,-56,37,-37,16,41,1,-4,12,38,-95,-49,51,0,16,-52,-9,-4,-37,6,16,7,17,15,-97,38,9,3,13,37,16,13,18,62,46,1,-21,60,-7,-30,-1,-29,20,8,-42,-16,18,6,14,3,-12,12,34,8,15,58,13,-31,56,-14,-8,3,-24,-34,-37,205855
11,10,47,-39,-31,15,23,-35,-35,-3,-40,3,-48,-34,9,20,-36,-57,-31,-12,-7,34,-42,-54,-2,-39,5,-28,14,-28,9,20,41,34,-93,-7,-61,38,-11,2,-65,-30,-11,56,3,38,-28,22,39,-15,-28,46,19,-81,-18,-57,-65,13,22,-7,-29,-36,10,12,-42,-26,-25,22,42,-52,-41,23,-36,-35,-64,-13,-57,-37,2,-31,-8,-24,-30,11,-15,-6,10,-59,19,-42,21,50,-26,30,18,-8,-28,52,-62,-16,-100,-25,26,-100,-6,-20,-70,7,-52,22,-41,-7,6,16,5,-25,-40,5,-15,-62,-79,41,-39,-2,-63,-21,5,-37,43,-74,-38,36,9,40,-3,2,-21,-38,14,40,20,-1,21,-52,43,-34,-51,-4,-62,16,-9,-51,42,39,22,-3,52,-12,-58,2,-16,27,49,0,-8,-52,-8,37,-51,15,-23,-45,13,-18,57,4,-71,-44,41,8,23,-12,25,-95,206098
9,-2,57,-11,8,2,-9,-35,81,-6,18,100,89,-16,-7,15,-13,24,3,15,14,49,52,36,7,-4,19,-8,25,-1,24,10,-23,5,22,10,31,47,15,-4,63,77,16,29,-2,29,-12,4,20,0,-1,-11,8,-17,-36,-9,4,3,16,-9,-2,1,-11,8,35,-5,-6,8,33,37,56,-18,78,-33,58,-11,25,32,-3,12,-11,-19,-25,-8,-32,-8,27,-5,15,79,46,29,-24,45,51,-27,-16,1,64,39,-4,-9,65,1,-91,37,100,5,37,51,-82,10,1,29,17,-23,-10,0,-34,-3,-11,-9,18,34,36,-10,-7,-12,47,41,-6,52,-10,50,-38,6,15,16,7,50,47,33,18,46,46,51,86,-6,38,100,-18,22,41,45,-6,13,2,14,29,-5,-13,66,28,7,19,18,12,18,80,34,31,31,7,8,29,0,100,90,9,30,-16,-19,-1,23,206485
-5,38,65,-23,-7,20,-13,-24,27,-41,-9,3,-38,-76,74,4,-25,19,-17,-24,-17,-10,6,21,-5,30,1,-27,-17,-14,17,34,-36,3,-71,-10,-21,51,-32,3,43,-16,-32,29,3,21,-15,23,27,-3,-35,-22,32,-48,-29,-28,44,18,1,-3,-32,-37,32,1,-17,26,-28,19,17,21,6,16,-4,-25,-17,2,21,-15,39,-7,-5,24,-24,73,40,-4,1,36,0,28,-5,-5,-65,-8,34,39,-80,25,-17,-20,-57,-2,19,-60,-21,-20,2,-5,25,33,-51,52,38,-37,3,-54,32,-6,-28,-32,-46,-19,-48,42,8,-5,10,-24,38,11,-41,36,32,12,-62,-21,1,-45,7,12,-3,40,4,9,37,-7,-32,-42,7,4,-15,-19,31,50,-9,-7,26,52,-21,9,6,15,-3,-7,-19,-24,-15,24,-37,-37,-42,21,7,8,28,-7,2,-43,16,4,18,8,-8,-70,206561
89,50,76,5,7,-36,10,7,44,54,-3,39,100,-40,-9,100,-100,6,49,-84,-14,17,19,22,-5,0,7,-67,-100,-82,-13,41,-65,-5,-100,-13,-100,-30,-12,100,-39,-15,-18,100,98,24,44,30,53,-64,-19,35,38,-91,4,7,11,-51,33,-10,96,-100,-100,-13,12,10,-63,26,29,22,21,32,-11,12,-27,40,6,14,52,6,-11,4,-100,-9,-34,-8,1,10,33,38,16,-11,-18,-17,21,-33,-38,62,-28,68,14,10,12,15,-23,68,-14,-30,-58,24,-19,63,-100,-7,9,17,-6,36,13,13,-92,35,-19,24,-24,-100,16,-9,61,-14,-100,36,-100,-100,-77,-23,-4,-18,13,-100,18,25,100,-10,61,-85,17,55,-20,40,-100,-24,35,-26,-78,-9,57,61,-96,12,21,12,-9,-6,-87,-24,18,31,14,0,-8,-58,15,-15,100,17,-15,100,51,2,31,18,-18,-100,210366
12,43,88,-5,-12,28,-18,-66,16,1,5,55,36,-38,42,29,16,13,-23,-23,3,55,5,34,2,67,16,-7,23,-22,-24,16,11,22,-64,13,-58,69,-13,-20,-19,9,-15,69,-14,85,-18,34,34,-9,-12,9,14,-81,3,57,0,25,24,-11,-12,-27,36,-2,7,55,-14,32,87,35,5,24,3,-67,8,73,14,3,38,-7,-8,58,14,38,0,-5,12,5,23,13,19,29,5,52,22,-2,-38,57,6,19,-64,52,12,-61,4,13,-29,70,57,19,-100,31,10,11,11,1,65,-2,-8,58,-79,7,-46,26,-27,-35,-16,-7,24,-58,-36,44,36,72,1,-1,42,-47,11,71,18,25,29,-46,24,18,14,0,-27,66,-31,14,38,69,-18,13,51,34,-57,-10,-35,13,30,3,-20,15,3,33,31,10,-14,63,13,38,76,-4,-28,36,60,14,23,-42,13,-66,212197
13,18,74,-29,-33,28,-11,-63,-24,21,-15,12,75,-63,-34,27,-26,-43,-100,-22,-3,39,-38,29,-12,-71,-12,-30,-12,-91,12,40,22,34,-83,-4,-76,17,-28,29,26,91,-31,74,27,57,-100,40,27,-88,-41,61,39,-76,-15,51,-9,27,36,0,-41,-62,23,-74,17,100,-32,34,60,27,-39,6,91,-64,-29,51,-44,17,12,-35,5,100,-20,-33,-23,3,-11,-27,36,-34,23,34,-56,39,45,-22,-67,64,-33,21,-71,52,48,-75,-44,20,-42,24,-1,46,-73,54,16,9,-10,-51,-73,2,-14,50,-73,64,-48,-4,-58,-39,-15,-31,82,-100,-65,32,23,37,-52,5,6,-48,22,40,24,-5,28,-100,81,17,20,21,-57,24,-39,27,50,19,-9,-6,62,49,-73,-14,-67,49,38,-12,-20,29,0,24,16,6,5,-1,22,3,75,2,-44,71,63,-8,3,-67,-72,-88,212321
-11,18,71,-5,0,21,-10,2,-6,10,27,-20,0,19,-23,3,24,-5,9,-10,1,17,-2,47,2,75,-42,-11,-20,-51,-11,11,-20,4,-31,8,-50,0,1,5,-84,-51,1,26,5,29,12,26,31,-52,-28,41,11,-36,-3,21,-3,20,-5,-5,-29,-76,1,-32,3,66,-11,22,33,46,-4,21,-50,4,4,35,-9,8,16,0,-2,63,25,-30,4,1,1,-6,-5,-3,3,4,-47,19,9,0,26,11,0,6,-100,37,41,-100,-2,6,-22,23,-43,11,64,19,-1,-11,-41,-49,73,0,0,25,-36,42,-8,8,0,-14,-4,-8,-15,-72,-75,5,0,-3,-18,4,-1,-8,-1,1,5,10,6,-75,-15,38,-9,10,0,-24,-7,44,11,1,-12,6,11,18,-49,-2,-1,43,4,0,-11,45,0,33,-10,-13,-10,-41,-1,-8,26,0,-23,-3,32,4,21,-2,-30,-30,212523
-1,17,91,-34,-23,35,41,-49,-7,-25,0,33,58,-48,19,15,-38,62,-47,-33,18,44,26,66,-22,8,-4,-29,-40,-34,13,35,33,17,-86,1,-19,30,-28,-3,-43,35,-28,75,-5,80,-48,28,43,-33,-33,42,34,-92,-10,55,29,35,31,-9,-33,-48,28,-54,55,94,-30,26,88,63,29,30,35,-51,17,0,66,47,15,-25,-5,100,-36,18,-31,-1,0,20,29,-3,9,-8,-38,44,40,-32,-50,48,18,5,-100,-2,-9,-100,-31,1,-4,13,-1,39,-24,2,26,-11,-3,-36,8,-5,-10,58,-95,41,-17,37,-3,-10,2,-33,52,-52,-52,3,30,54,-46,4,17,-22,10,56,12,37,17,-45,52,-22,-50,-27,4,30,-6,4,46,31,42,1,47,3,-18,4,-16,-2,-5,-21,-30,9,17,43,-38,-12,-25,0,13,22,78,-6,-3,60,48,0,30,-17,-46,-89,214948
-8,0,5,-27,-62,16,18,-52,4,-12,40,29,35,-46,-11,22,23,-43,-21,-6,4,39,-9,49,-20,39,-15,-10,0,-54,-33,26,-30,21,-100,1,-85,72,-7,-1,-58,7,-8,57,0,100,-27,20,24,-49,-42,24,27,-100,15,70,-32,15,30,-14,-41,-44,-22,-2,-48,91,-12,19,100,49,-10,34,8,-52,-3,41,-44,-55,-7,-60,-10,91,12,-15,-10,-7,0,-39,27,6,19,10,-57,35,24,-15,-43,43,-7,32,-97,34,0,-94,-31,29,-49,31,-44,23,-31,27,32,0,-14,-51,31,7,4,77,-100,21,41,30,-6,-22,10,-30,27,-100,-52,65,-21,47,-37,-5,-37,38,5,45,22,32,22,-100,25,13,-11,-12,-8,35,-23,-15,46,77,16,-1,36,28,-85,12,-22,1,11,-20,-2,-17,7,21,-3,0,25,-41,7,-29,60,8,-50,37,50,-1,32,-30,3,-100,215069
15,50,44,-5,4,51,14,-15,29,27,52,0,99,-38,26,19,-44,24,-12,-20,3,33,31,22,-14,13,20,-6,24,-40,12,31,35,29,-77,3,-67,33,-9,23,-37,18,-8,65,27,55,-4,22,45,-48,-25,57,29,-99,5,52,-22,50,27,-9,-27,-6,-5,60,-6,70,-10,22,52,19,31,31,18,-18,8,31,26,-4,32,9,-7,77,-41,23,-16,-2,-6,-13,24,31,31,24,-32,31,43,-21,-41,55,8,21,-54,47,45,-52,-34,18,-28,0,35,44,-35,22,-14,18,20,-37,13,-8,-6,58,-100,52,-39,40,-22,-39,8,-7,28,-7,-9,58,0,30,-31,9,10,-40,18,29,30,39,21,-2,27,-3,8,27,-20,6,-32,-22,38,36,12,2,50,34,-72,-2,-38,48,23,-13,-16,-19,4,48,20,15,-23,36,18,2,67,-7,-25,98,35,-5,34,-40,67,-80,215443
-29,58,45,-23,-15,48,-23,-50,7,-41,-37,41,100,-52,-1,11,-27,73,-81,-25,16,2,39,61,-7,-32,19,-23,-88,-50,6,61,-44,8,-75,-19,-100,41,-39,20,-14,87,-41,41,20,62,-84,37,25,-55,-33,43,61,-100,-16,2,0,49,17,-6,-30,22,20,-43,62,100,-27,39,58,56,43,33,91,-51,39,-41,80,58,60,-13,0,100,-27,-3,-9,5,0,7,15,11,14,-3,-12,7,45,-13,-56,85,42,52,0,-27,6,1,-10,48,-64,-14,-34,46,-80,19,39,-71,17,-12,-31,3,-10,-5,-100,47,-43,27,9,-42,-8,-25,63,14,15,31,23,41,-78,-16,21,-45,26,43,15,27,11,10,65,-17,-9,-42,16,33,-37,-29,56,43,-20,-18,83,25,-100,-11,-28,6,0,-5,-21,-26,17,26,-15,-71,-50,-33,29,22,41,3,-61,100,32,0,37,-25,-49,-75,216199
-7,70,-3,-17,22,16,-63,-36,21,-24,1,43,78,-28,0,3,-15,-31,-38,-6,-10,36,3,0,32,5,18,2,-38,29,-16,18,-84,14,-23,4,-100,57,-20,25,78,48,-17,-21,23,37,-36,56,16,26,0,40,15,-63,-12,42,-30,17,0,-11,-1,18,-26,12,30,18,0,55,33,4,2,11,52,-39,-48,52,-32,34,65,20,-8,9,-5,0,-25,-2,26,-28,0,28,-43,29,-29,36,55,-27,-38,34,-51,30,38,64,52,36,-6,29,-27,44,-38,57,29,39,49,-57,21,-22,4,-9,-4,36,-61,39,10,7,-17,-35,29,-17,16,-23,19,6,-24,-34,-21,-3,2,13,-5,-32,-41,6,3,-36,14,-11,19,-22,-17,37,-35,-7,16,58,-60,8,35,41,-100,27,-38,52,27,32,0,-9,-10,20,12,-54,-9,-41,-3,1,-19,-10,-26,72,36,30,16,-38,-1,-19,220348
-15,28,52,-16,-7,5,21,-51,-17,-23,-16,-3,-6,-45,5,11,-33,30,22,-14,-2,31,44,33,-25,51,1,-1,-41,-37,38,35,21,15,-61,-7,-36,35,-31,18,-69,-52,-35,54,18,52,22,35,32,-38,-23,30,36,-73,-28,44,-23,5,15,-6,-22,-2,11,-25,54,46,-3,31,51,30,45,30,-54,-47,28,-15,32,47,34,-9,-3,52,-37,0,-8,3,-1,-36,14,-28,0,13,-42,32,9,-14,-38,54,26,1,-68,-12,-17,-64,-40,-1,-56,-1,2,6,-30,29,33,-24,0,-43,48,7,-33,41,-73,34,-37,36,-4,-28,35,-20,41,-17,-7,52,10,28,-49,-2,3,-43,9,30,0,36,12,-10,41,23,-2,-24,0,4,-21,-23,40,37,19,-13,52,28,-37,42,-16,-11,18,-23,-19,-21,-4,27,9,-27,-30,6,11,1,55,8,-58,-6,16,0,24,-13,-13,-64,221014
-60,31,69,-25,2,9,9,-46,3,63,-1,39,-7,4,19,47,-44,-4,13,-22,-4,-8,30,47,-60,-31,41,-29,31,-75,28,52,-32,-41,46,-79,-62,12,-23,36,-56,-67,-25,41,37,-31,0,-78,-63,-69,-46,-77,51,-68,-42,4,1,5,79,-16,-43,5,39,37,3,69,-34,-73,-34,44,37,-93,-70,-38,6,-31,2,-7,31,3,-15,74,-46,18,2,-7,-24,2,81,-3,7,-23,-28,-9,12,4,6,58,9,-10,-75,-17,55,-66,-45,-16,25,-38,-55,13,-86,56,17,-33,37,-28,-34,-24,-52,4,-64,-72,-31,54,-11,-24,15,-29,40,-16,-6,79,41,-43,21,3,25,-37,-10,-44,5,52,43,0,43,-42,93,62,-9,49,-23,79,67,16,7,-81,58,58,-65,24,-52,58,-19,-60,-22,75,-2,-62,100,-31,-60,-50,-8,37,42,-22,20,-3,12,-26,-95,-54,40,47,221556
3,83,61,-3,-17,28,-57,-36,34,43,-22,40,55,-3,14,13,-13,9,62,-2,10,22,23,22,6,28,-13,15,-15,-51,4,19,38,32,-33,3,-25,40,-19,-15,58,-11,-24,42,-14,49,52,37,36,-46,-17,35,20,-51,43,36,27,27,7,-7,-17,9,-36,20,-73,100,14,34,46,25,22,1,-7,-32,-1,-19,9,-72,87,-17,0,100,-17,15,-44,0,8,51,8,27,1,5,-9,21,-17,-41,-3,10,-1,5,-38,-29,39,-37,38,3,12,62,63,-17,-94,4,58,-33,-14,-11,25,-17,39,28,-45,45,-36,45,15,52,-1,-7,5,-94,3,40,-37,5,-18,-10,15,-33,0,6,3,43,16,-99,3,-5,31,42,14,44,47,27,54,37,-51,0,11,3,-22,-2,12,34,11,3,-3,22,6,34,22,-30,10,58,1,12,43,-16,10,52,29,17,0,11,10,-35,223138
8,5,68,-19,-28,17,20,-54,25,20,33,21,22,-37,87,13,0,58,45,-1,7,58,63,89,0,72,-17,0,-27,19,35,19,15,14,-66,25,-22,64,-8,-2,0,-6,-8,46,-5,74,47,26,24,11,-4,47,19,-29,3,17,-35,14,4,-12,-3,-52,9,-47,45,20,0,31,84,88,68,28,-6,-52,7,42,65,46,13,-24,-5,40,-4,82,13,3,16,-37,2,20,15,32,-30,60,26,15,-35,48,13,-3,-54,45,21,-49,-25,-7,24,40,22,24,3,16,28,-9,-16,-39,74,-15,16,23,-28,45,-37,10,79,-19,9,-18,27,-13,-58,-20,15,34,-41,9,-12,-42,15,33,12,11,10,-5,27,-5,20,20,79,26,-6,77,44,60,15,24,44,23,-23,-6,-8,22,30,3,1,74,5,27,31,-11,22,21,15,-15,47,-15,26,22,33,14,29,-5,-34,-64,223578
-17,48,55,-29,-3,15,0,-17,26,14,77,2,46,-4,8,12,4,-8,17,-25,35,25,23,15,-15,18,-13,-52,11,0,-16,29,-17,11,-48,-6,-82,18,10,0,30,-20,10,48,2,47,20,12,31,0,-38,67,29,-74,-30,-13,-13,13,19,-7,-40,0,-8,49,13,100,-54,12,49,18,22,24,-23,-19,27,68,-7,9,42,-4,-7,100,2,7,-54,-4,0,-13,18,21,39,5,-38,23,23,-48,-12,6,30,12,-40,64,-10,-34,18,9,-20,-16,-18,23,31,44,22,2,-14,-38,16,7,-34,-11,-73,66,-38,32,-6,-34,0,-31,23,-35,-4,14,-5,11,-32,-13,45,-39,18,9,39,32,16,-29,23,-5,49,13,-7,8,-38,15,24,15,0,-7,5,46,-84,2,-26,-11,7,-16,-25,10,33,32,51,1,-51,-13,21,47,50,9,-18,43,45,0,25,-29,58,-51,224970
-18,58,6,-4,2,8,0,-25,-31,-21,-40,20,72,-7,9,1,-51,2,0,-51,-7,27,3,18,-24,-1,-19,-8,-24,-47,9,33,-8,-25,-35,-20,-41,2,-39,3,23,-5,-36,30,4,47,4,19,6,-49,-35,30,33,-86,-32,20,-29,8,39,-5,-36,-5,30,23,2,39,-4,21,48,19,4,-3,-7,-24,-10,-35,7,0,58,1,0,51,-49,13,-40,3,-3,-35,35,-28,27,-16,-33,28,28,-29,-4,28,-7,15,-94,-8,36,-95,-63,13,-62,-19,-56,28,-45,24,18,-22,-16,-25,8,-6,-27,18,-88,26,-37,24,-29,-29,-5,-3,13,-35,-3,35,31,29,-5,-45,-33,-37,21,27,25,24,-1,-29,13,16,-34,-20,-31,24,-31,13,41,9,-2,-17,25,26,-39,-5,-43,41,-18,-22,-44,13,-6,6,-32,-21,-39,-51,21,-17,32,-6,-62,78,30,-5,-2,-42,26,-34,225200
-26,50,27,-21,-8,21,22,12,-33,-16,-23,14,56,-11,-28,14,-36,12,12,-2,4,5,3,34,3,4,27,-13,-33,37,28,29,-30,-10,-28,-14,-24,-7,19,22,-77,62,17,27,25,41,7,21,50,37,-23,-13,30,-14,-19,30,-33,19,11,-4,-23,-97,26,-17,-18,57,-15,22,40,32,0,20,63,14,-35,-13,8,-17,44,-6,-5,49,-29,-35,-25,1,-5,-29,12,-37,-10,20,-4,5,37,-24,-8,68,-37,-26,-96,-15,61,-98,-71,-29,-29,-35,-65,32,46,5,42,-36,26,-6,3,-6,-23,35,-13,-16,-37,27,-28,-14,30,-23,2,-78,-100,36,28,-18,-38,12,-35,-41,9,-17,-11,26,13,-75,4,57,76,-16,-27,21,-8,36,55,-5,19,-16,66,5,-24,31,-34,63,23,2,-5,37,5,51,76,-41,-57,-63,11,-31,27,-5,-34,57,39,-5,19,-33,-16,-32,225811
11,43,27,-11,29,13,13,-35,-25,-16,60,-15,54,-49,9,2,-100,-15,5,-9,1,45,-7,14,-8,-10,26,-20,17,-5,6,3,18,-6,-14,11,0,66,-13,10,24,36,-12,23,12,-7,9,15,18,-11,0,22,3,-47,32,-29,3,13,20,-6,-2,-28,42,-1,-18,-9,-21,14,0,11,-10,10,31,-36,-34,-31,-20,-13,34,25,-2,-7,-91,8,-49,-3,13,-12,19,-26,9,7,-21,45,55,-57,-54,16,-42,8,-33,-37,70,-47,-29,9,-33,-2,-11,55,18,32,-2,21,27,-15,-4,3,19,-15,-49,16,-2,79,-8,-31,10,-13,22,4,-21,41,41,37,32,9,-12,-3,10,33,6,81,5,8,22,-13,-27,-16,-6,-23,-25,16,43,67,10,11,11,34,0,5,-56,73,7,-10,-8,20,1,19,-36,23,-19,-11,5,-2,20,5,-33,52,7,12,11,-58,0,-14,227207
14,68,-42,-23,-5,-97,-45,37,52,-29,54,24,53,-74,42,64,-69,43,25,-35,16,35,35,38,-35,12,66,-17,-3,-34,49,21,16,-25,-100,2,-82,20,-36,60,15,53,-37,38,63,-65,16,18,31,-19,-62,44,23,-62,-5,-100,100,-100,0,-14,-66,-14,27,50,-31,92,-16,16,-54,40,34,3,44,39,29,34,41,-35,90,-6,-10,90,-68,48,32,-9,8,100,0,49,2,-6,-100,32,100,36,-80,-46,33,2,21,27,32,25,100,0,58,-40,61,100,7,79,-11,12,66,-100,7,-3,-9,-100,-57,44,13,-55,2,-100,-100,-24,-47,-29,-18,-100,22,29,-70,-6,-23,12,10,27,2,-52,67,-25,-50,-11,-3,-27,0,41,-100,-6,27,18,-47,3,-46,79,-82,-100,-19,31,-6,-36,-37,-12,16,29,-11,12,-7,64,7,-15,36,0,53,55,-11,7,1,-24,58,-100,227357
6,92,43,4,0,12,-72,-13,6,12,20,52,63,21,32,6,-28,50,22,-10,12,12,42,50,-3,25,15,-5,1,-42,-1,39,73,11,-66,-14,-33,30,14,20,76,-5,19,38,21,29,29,30,58,-39,-6,30,37,-37,-11,0,-20,13,15,-2,-7,-5,-9,-45,11,68,-5,28,26,51,43,42,-2,-22,0,3,52,10,90,-1,-1,73,-21,34,0,1,-22,-19,10,14,18,35,-10,14,13,9,2,57,3,10,-69,0,43,-69,-28,10,45,-33,-22,20,-58,24,-27,-4,14,-9,29,-28,-7,-1,-33,24,-18,32,19,14,-29,4,40,21,-10,6,-2,0,-37,23,96,-14,16,0,18,31,7,12,39,65,0,12,18,42,17,55,46,31,-70,-11,52,34,-38,-29,14,39,32,-1,-1,51,11,62,-4,-4,-31,-20,18,98,41,-28,52,58,39,-19,47,17,-49,-66,227794
-12,20,81,-32,-21,30,-10,-31,-4,-6,4,32,85,-56,5,13,-16,18,-13,-30,12,28,1,25,-3,-33,-29,-35,-17,-13,-1,33,-15,11,-52,-7,-60,44,-25,-34,-8,3,-23,61,-33,33,-7,40,37,-5,-43,36,30,-77,0,-44,-62,29,5,-4,-43,-45,20,-7,-8,100,-37,34,31,20,-2,36,1,-36,2,15,21,-7,16,-22,-3,100,-11,1,19,0,9,-62,2,-4,-25,11,-34,27,20,17,-58,51,-3,8,-76,7,15,-83,-27,7,-44,14,3,17,-18,43,19,-20,-29,-31,-29,15,8,-52,-78,34,-46,6,-55,-19,12,-34,27,-46,-46,-9,19,60,-6,-28,-6,-46,12,62,-24,5,15,-55,26,-33,43,-6,-50,36,-24,-21,51,44,-12,-7,50,41,-56,26,-33,18,12,-4,-27,-15,12,37,38,-21,-15,4,13,-6,62,13,-44,83,29,11,37,-35,-14,-52,229010
19,-10,90,2,-11,61,13,-51,-17,-17,-50,27,73,-60,-16,27,-33,7,-60,-20,16,22,0,18,-17,25,18,-10,28,-23,11,31,23,3,-88,-3,-62,42,-16,21,6,-42,-14,76,23,100,-63,22,17,-20,-32,14,32,-84,-16,80,-30,60,48,-6,-31,19,40,11,48,29,-12,22,100,19,-1,4,-33,-52,-27,16,8,45,-14,-10,-2,20,-38,-15,-27,-1,0,-34,43,-14,29,15,-36,21,17,-31,-55,32,-28,5,-12,16,-13,-16,-45,3,-11,43,-21,14,-29,27,17,3,16,-33,23,7,-23,82,-83,13,-75,33,1,-3,5,0,28,-87,16,81,43,37,-39,-4,-11,-78,11,35,29,31,26,-92,28,26,43,-18,3,37,-8,3,40,41,8,-3,26,34,-65,9,-12,-14,17,-14,-19,4,15,19,37,1,2,-23,12,-15,80,7,-12,72,20,0,5,-15,-2,-86,229624
-100,15,70,-27,1,31,13,53,24,-9,0,100,80,-37,35,17,-47,8,-15,-10,28,-76,6,-6,10,53,-19,-4,0,-90,30,31,16,17,100,10,16,-8,-14,20,49,-2,-14,67,20,-44,44,35,-1,-93,100,74,33,-100,39,-100,-30,31,25,-18,100,-24,97,5,-32,100,-3,30,-40,-5,1,-18,-9,49,0,81,9,-5,0,-2,24,-12,-38,39,15,8,6,-42,21,24,100,5,8,-76,15,13,-47,58,-4,6,1,84,5,-37,100,44,52,55,-13,18,-100,53,-35,-14,-17,9,25,16,52,-100,-100,75,-10,46,-59,-7,-20,-28,54,12,51,100,100,42,9,-26,36,-36,12,44,100,44,18,50,52,-100,19,-10,-59,100,-17,-46,9,-5,14,10,58,52,17,-22,22,-4,7,7,-10,-49,29,1,100,-15,21,-14,13,28,68,15,60,100,14,10,-17,21,0,100,229891
-49,50,94,-34,2,4,86,32,-33,-9,-1,-36,48,5,18,3,-21,36,-5,-63,43,-7,11,40,-43,-14,14,-77,-62,-45,-1,69,-49,-44,-45,-29,-70,0,-52,9,-11,16,-52,28,11,52,-2,21,52,-45,-37,55,65,-33,-27,4,-20,1,0,-10,-35,-69,20,55,-16,75,-80,25,55,36,9,9,9,34,21,-2,33,-13,56,6,-6,76,-24,15,-32,-4,-23,-19,0,-41,1,-55,-58,-8,32,-24,1,92,18,-14,-41,6,45,-44,-17,-17,-66,-52,11,32,-29,-3,0,-28,16,-56,-13,0,-33,4,-32,52,-72,39,23,-52,1,-40,33,3,-68,-6,23,79,-84,-8,19,-73,35,76,1,38,0,5,33,-51,52,-8,19,-24,-50,22,75,-2,83,-28,88,0,-71,8,-9,48,-54,-41,-58,22,44,52,60,-29,-100,18,36,36,30,1,-64,45,40,-22,10,-13,58,-42,230147
11,4,56,20,-2,14,25,-47,1,-20,3,22,43,2,-5,6,-48,17,4,-28,4,32,25,21,-15,0,43,0,4,13,-2,20,27,3,-38,-9,-41,69,-25,1,-9,-11,-26,49,0,21,-14,17,11,7,-9,18,19,-28,-29,-18,-67,17,26,0,-9,-14,20,-3,-19,35,0,17,25,27,17,12,-12,-47,3,-2,9,-12,15,-3,0,8,-32,0,-27,0,-1,-46,26,5,8,-2,18,30,1,-26,-9,54,-3,3,-29,-5,30,-31,0,2,-4,-7,-21,1,0,17,6,21,44,28,-9,31,-36,-26,-24,19,-12,30,23,6,22,20,15,-20,-13,40,19,52,1,1,-33,-11,14,55,7,30,7,-24,16,25,6,-20,18,17,-2,19,34,73,25,-8,54,14,-42,27,-18,26,-2,-15,-27,14,5,13,-19,22,-38,-29,16,-8,49,32,-2,41,12,-1,12,-15,-21,-38,230219
30,67,74,-8,-10,20,51,-47,-11,21,3,12,-24,-5,58,3,-52,-15,32,-11,18,82,3,11,-8,41,13,-6,21,-37,37,6,25,21,-43,23,-15,43,-7,34,-42,-34,-8,69,36,18,14,33,32,-32,2,74,6,-67,1,36,20,20,25,-13,2,-58,4,35,13,39,-8,30,18,12,-3,17,-38,-47,-28,1,-24,13,64,-8,-9,23,-46,60,-14,-5,14,32,23,-8,39,26,-11,79,-4,-14,-7,37,-37,-31,-100,2,20,-100,-27,-31,-48,28,30,-10,-81,28,-46,47,13,-5,34,-11,0,33,-64,78,-58,38,-4,0,9,-12,31,-34,-57,55,3,28,25,17,52,-62,4,28,39,35,4,-31,32,5,-32,21,-8,7,-3,35,54,42,50,20,37,26,-13,13,-14,23,25,-7,-8,33,19,33,-40,48,1,24,4,55,72,-11,-49,-27,35,16,17,-17,24,-43,230727
-7,32,38,5,-11,17,33,2,0,0,36,62,44,-17,72,8,-20,6,28,-1,13,46,0,36,2,4,-5,-10,-2,-44,-6,17,-24,-20,1,13,-56,42,25,3,22,-14,26,49,2,42,40,12,27,-39,-15,52,15,-49,-15,-20,-36,16,5,-4,-15,-14,0,28,-29,52,-9,13,46,34,-3,14,-7,-2,-3,13,6,-23,24,-9,-2,57,-22,67,0,0,7,-47,3,2,33,3,-20,46,2,-9,-15,14,-4,7,-40,-11,20,-49,27,9,3,-15,55,2,-9,17,-14,16,-4,-16,13,-38,-5,-2,-50,48,-27,32,0,-19,5,5,14,14,-8,6,4,34,-1,17,6,-25,12,34,28,31,8,5,14,7,28,1,0,73,-22,68,23,40,28,10,10,25,-62,-4,-15,22,0,5,-1,72,14,31,32,13,-13,52,10,-8,52,-39,4,41,37,8,13,-17,23,0,231102
2,-15,18,-33,-26,40,-47,-77,-4,-46,100,18,6,-29,32,4,-19,22,84,0,12,56,15,12,-9,45,-13,-32,-3,40,-2,23,-7,25,-83,0,-29,-3,-17,10,7,56,-18,21,8,31,80,36,30,46,-24,65,21,-75,-23,49,0,43,26,-11,-23,-60,0,30,-70,75,-29,33,28,12,15,8,61,-76,14,30,22,-72,-13,-28,-10,67,-19,34,-24,-2,-11,6,28,-3,48,24,-38,56,49,-16,-34,22,16,-30,-99,21,-7,-100,0,-31,-14,1,18,51,72,14,13,-3,-12,-31,48,3,-15,43,-72,70,-80,15,-7,-29,37,-34,0,-82,-64,7,0,2,-67,12,9,-83,11,5,54,16,7,-90,-1,-11,-25,-48,-5,15,-36,-39,41,-6,-42,0,26,9,-24,27,-17,-13,27,-9,2,-42,12,32,-38,-2,-6,12,12,-6,20,2,-13,4,54,-6,10,-18,12,-84,231108
3,80,55,-25,-9,6,-23,-39,0,-24,-9,32,84,-15,-3,6,-65,-11,-39,-27,24,31,19,12,-13,-24,-27,-43,0,-30,29,24,13,7,-38,1,-86,62,-24,23,31,10,-25,38,24,10,-47,18,24,-24,-30,30,25,-64,-6,-24,-33,6,17,-12,-31,31,40,3,15,36,-42,15,15,14,18,16,14,-37,-1,-5,-13,13,79,-8,-14,26,-65,-1,-25,-12,-14,-32,17,-3,43,9,-46,26,-9,-23,-11,55,0,44,11,-6,47,21,-23,43,-23,-6,5,-10,-28,11,25,6,-28,-39,-32,3,-3,-20,-61,31,8,38,-10,41,3,-29,30,-25,25,82,40,7,-26,-14,-61,11,12,9,43,37,9,-25,30,23,5,-24,-10,44,39,14,7,64,-20,-2,57,3,-78,13,-28,46,12,-12,-26,11,25,20,1,9,-13,1,12,-47,38,1,-27,85,18,-10,13,-30,1,-41,231236
-14,34,44,-13,-19,37,-14,-28,12,10,68,58,-8,-23,38,8,-31,-14,25,-21,34,1,-39,36,-11,63,5,-7,-27,-47,39,32,16,10,-74,-19,2,21,-24,16,-84,-24,-24,47,15,55,28,33,35,-47,-39,31,32,-90,21,-2,25,39,29,-2,-38,-72,18,-15,-22,80,-7,29,58,38,-41,20,-19,-30,-56,40,-15,-21,31,-22,0,80,-23,39,8,6,-1,29,27,12,25,-5,19,1,4,7,-32,31,-57,-36,-87,44,-47,-87,-18,-35,2,-23,3,9,-29,-15,44,-10,7,21,63,10,28,-2,-86,32,-45,22,-58,-35,13,-16,39,-35,-76,8,19,38,-37,-23,15,-44,6,36,25,23,10,-31,37,-14,5,9,-61,57,-44,-4,56,25,-14,-22,32,-17,1,20,-9,-52,-2,-11,-18,-7,35,38,9,-14,-60,6,7,13,47,10,2,-15,18,0,18,-9,-11,-75,231614
8,51,34,-15,-25,77,24,-49,0,42,19,47,58,-3,28,20,2,-30,-11,-8,-3,28,-13,17,-15,-9,-10,1,16,-15,30,26,38,24,-80,-10,-21,52,-4,-3,-5,5,-6,71,-3,44,-14,24,30,-13,-32,13,22,-79,3,60,16,77,39,-12,-31,-40,18,28,-58,29,3,24,45,16,-15,24,1,-50,-34,24,-31,-56,58,-23,-9,24,0,26,22,-6,9,15,38,4,18,23,-21,26,1,25,-7,41,-38,-14,-73,37,41,-75,-31,-17,-29,0,8,0,-38,28,22,20,-11,-20,-15,2,7,52,-78,15,-45,21,-25,18,23,-17,38,-31,-45,50,20,52,-20,12,41,-52,7,50,21,19,23,-28,37,-5,6,41,-23,45,10,-1,61,52,26,-10,41,32,-24,24,14,42,25,-13,-3,-1,0,33,0,21,-8,10,8,47,74,2,-29,58,47,11,26,13,25,-81,231640
-44,30,85,-29,0,19,2,-30,-24,47,34,36,-9,-14,31,7,28,-16,11,-36,16,55,-11,35,-23,38,11,-47,-33,-5,15,48,34,-29,-20,-16,-69,29,4,-1,-52,14,2,56,-3,57,1,20,47,2,-8,91,48,-34,-27,20,36,17,31,-7,-7,-81,18,5,-28,70,-47,16,58,40,-15,11,18,-27,-21,-13,-21,-25,26,-3,-4,48,39,29,-10,-1,-5,26,33,-22,13,-2,-51,52,41,-6,-16,37,-26,-48,-89,-17,43,-93,-8,-50,-18,-89,25,35,34,39,13,24,11,-42,30,-3,-24,18,-31,96,-67,33,-10,-41,-22,-31,52,-84,-84,6,16,67,-22,-7,8,-66,21,69,15,33,7,-87,56,-9,54,46,-12,37,-43,65,32,26,4,-19,40,31,-65,-7,-26,41,0,-23,-35,61,19,48,46,22,-95,19,21,26,58,-6,-19,-9,33,-3,8,-28,-4,-18,233045
-18,33,34,-25,7,-3,40,-16,2,-24,20,36,62,7,20,7,-35,27,-12,-42,38,0,36,37,-9,-12,-20,-59,-65,-64,18,31,-24,10,-87,-1,-28,41,-21,16,30,-38,-21,20,14,55,-24,30,49,-52,-48,8,31,-34,-14,-61,-42,-3,5,-3,-47,-30,47,-13,-9,24,-59,30,57,37,33,52,-34,-17,-6,18,24,-8,35,5,-2,6,-30,23,14,-1,-28,-25,5,4,-10,5,-31,0,39,22,-7,71,-13,-3,-65,4,39,-66,-38,-6,0,-30,-25,36,-28,23,52,-29,-22,-28,-17,19,-6,-58,-34,6,-19,8,43,8,37,-25,43,6,-32,-29,50,29,-55,-21,-1,-18,22,28,-11,6,7,-1,42,-66,26,-23,42,33,-2,36,71,45,39,0,69,24,-26,52,-27,37,5,-8,-34,33,41,51,10,-30,-57,-33,22,33,18,18,1,61,55,-32,55,-26,-30,-88,233343
-6,34,34,-23,-16,18,0,-35,8,65,-3,54,45,-22,9,13,4,0,13,-18,14,29,5,17,-5,18,3,-30,-26,-18,-15,20,23,26,-66,0,-41,43,-19,6,-41,20,-21,46,7,87,11,31,32,-5,-28,33,20,-52,22,58,31,18,10,-6,-29,-29,4,-22,-31,1,-32,27,91,18,6,17,16,-35,-15,-13,4,-33,33,-17,-4,4,8,7,12,-3,1,37,8,11,0,21,-26,28,48,10,-25,19,-15,-4,-66,-44,29,-63,-18,-7,-16,6,-15,46,-52,-10,9,-8,3,-27,13,6,25,55,-50,32,-43,17,-15,0,3,-25,52,-47,-34,8,6,17,-27,4,44,-43,8,17,1,17,15,-40,50,13,17,65,-17,47,-1,6,23,47,0,0,18,-11,-40,5,-8,31,20,-3,-16,5,13,31,23,-8,-9,-13,8,39,50,5,-15,43,39,5,17,-8,-20,-68,233800
-13,-26,27,-9,1,26,-76,-20,26,-27,8,26,61,-11,32,-1,-30,-17,-36,-21,6,35,-1,33,-13,36,6,-30,-1,-2,-6,24,-11,-49,-21,-12,-75,9,-4,8,57,-20,-3,7,9,-37,-31,20,20,4,-19,73,23,-57,-26,-64,-17,26,15,-8,-20,-34,-9,-6,-15,-14,-27,18,-37,33,0,-1,-22,-22,-1,16,-14,-13,-30,4,-9,-8,-27,29,-20,-10,-13,-23,14,35,27,-20,-32,36,47,-15,-18,-18,0,12,-67,2,50,-65,-29,10,-17,-40,7,49,-43,66,-1,-5,8,-30,36,-11,-21,-63,-57,71,-8,15,-11,-25,8,-11,16,-13,-37,-2,-4,1,0,-10,-75,-3,17,0,27,15,0,-19,18,34,54,-27,-11,22,-25,17,24,11,-75,-7,-18,72,-76,11,-17,47,-18,-10,-19,19,6,19,50,-4,-69,10,20,-74,10,-13,-15,58,10,-9,2,-18,-7,-22,234514
13,40,26,-12,-15,20,-18,-47,-45,-7,70,30,46,-23,35,23,-39,-30,-96,-4,-14,45,-35,-20,3,-25,-12,-13,14,-24,-24,15,29,24,-41,-2,-100,41,-6,20,10,27,-4,54,20,48,-86,36,19,-33,-6,16,14,-100,3,-19,6,16,19,-4,-3,22,-11,-30,52,4,-16,31,49,-21,-27,17,32,-50,-22,21,-17,41,45,-13,0,26,-43,36,-23,0,6,3,15,-33,-5,48,-33,45,19,-24,-24,22,-12,35,-29,52,-1,-22,-24,31,-43,38,-52,24,-2,6,10,2,-12,-32,-20,-16,0,-24,-100,14,3,0,-89,-22,-11,-14,25,10,8,10,-5,28,12,21,20,3,4,26,-2,0,22,21,25,24,-35,-8,-86,24,-21,-79,31,41,-13,0,21,9,-100,-17,-27,-4,48,3,2,-84,-15,18,-18,2,14,-45,7,24,55,-15,-42,45,51,9,19,-26,-19,-41,234779
-1,81,12,-18,17,-5,26,-23,15,2,-4,1,73,-12,-12,10,-24,-3,6,-19,18,-4,9,42,-16,33,4,-21,4,-29,4,25,11,12,-49,2,-30,35,-25,-27,-11,-58,-26,4,-28,26,14,14,20,-27,-34,-14,26,-42,-24,-25,6,-7,14,-6,-36,-62,35,-13,-63,38,-23,9,28,40,11,35,-64,-26,3,-34,-3,-64,78,15,-3,51,-19,-19,-12,-2,-15,2,13,14,-9,6,-26,-5,46,-16,-13,45,2,0,-54,-47,33,-50,-14,-3,-2,22,-14,45,-25,51,17,-12,8,-28,33,3,-28,-22,-43,-17,0,22,7,-2,35,-21,57,-10,-67,22,37,16,-29,-21,71,-1,3,18,-9,20,10,0,55,-4,5,2,7,4,7,31,47,34,23,-2,43,50,-30,39,-2,35,7,-18,-20,28,20,23,24,-14,-32,-7,5,70,5,1,-3,73,18,-16,32,-3,3,-51,235593
13,18,43,-5,-8,-2,62,-48,-5,10,-18,35,75,-28,26,16,-4,-7,-34,1,5,22,0,4,-42,-17,4,-4,3,-28,-11,23,31,-4,-56,-21,15,30,-61,17,4,31,-62,57,20,83,-21,2,-28,-19,-3,-20,22,-62,7,50,13,-4,40,-9,0,-41,64,17,-7,12,-7,-6,87,0,2,-18,31,-50,-48,14,-3,-10,23,-5,-10,30,-9,21,16,-6,1,5,40,-3,17,-15,-19,21,20,15,-27,52,-49,6,-68,-6,66,-69,-62,7,27,2,-11,20,-87,37,-2,27,3,-25,-15,-2,4,46,-62,-20,-21,19,-11,12,17,-7,32,-28,-46,73,64,26,42,30,-2,-22,4,26,18,19,21,-23,30,25,-21,10,-10,36,19,-3,31,28,57,-25,50,37,14,16,-13,69,-12,-45,0,1,4,-32,-3,26,-5,0,5,-7,58,-3,24,73,-11,4,-23,-15,32,-61,235824
5,31,18,-3,6,-4,51,-41,7,-22,-9,35,-13,-29,-7,2,-37,-38,41,6,4,32,-28,57,-23,20,42,-18,8,-62,2,14,0,-24,-15,2,0,19,4,-5,17,-24,3,47,-2,9,33,0,5,-51,0,15,11,22,-41,18,-51,-5,24,-6,0,-78,34,-37,-52,-7,-17,0,13,52,-24,15,-23,-42,-69,-5,-34,-63,30,4,-3,-7,-47,-5,-19,-3,3,-41,28,12,11,-11,-35,29,7,-10,-30,36,-65,-42,-75,-7,32,-82,-30,-41,22,-3,-47,6,-43,11,13,25,39,-41,23,-16,-38,20,24,19,-45,25,20,-12,11,-1,35,-64,-79,28,34,60,-16,-2,8,-50,0,61,14,25,4,-59,36,-22,10,-21,21,28,-11,86,60,26,56,3,40,3,3,11,-24,28,-11,-25,8,91,4,3,11,28,11,-44,0,7,47,-17,19,-23,-10,7,15,-22,-36,-17,236441
-4,14,65,-17,-73,58,1,-24,28,-22,-76,37,6,-15,23,25,-11,35,-21,-16,-15,44,29,65,-18,57,-7,-3,-22,-60,8,28,66,34,-68,1,-39,43,-10,-12,-30,-46,-10,69,-14,62,-25,37,61,-58,-19,77,29,-95,20,55,28,58,10,-3,-18,-10,-36,-2,20,58,-4,32,64,67,25,29,-48,-25,14,1,31,22,13,-74,-1,55,-8,22,-1,0,-10,37,9,24,7,36,-31,44,49,-1,-19,18,11,6,-57,6,-20,-52,-19,4,-48,10,-36,51,-51,11,28,-8,-6,-26,50,0,23,57,-90,81,-12,27,-2,-31,6,-19,44,-15,-16,75,-36,34,-20,0,40,-11,12,36,9,26,27,-13,42,-19,42,-23,-4,45,-38,-19,44,45,1,0,18,7,-37,10,-26,-22,38,-19,-14,-20,-14,61,44,-9,-21,-34,14,44,69,0,-49,1,51,-7,30,-25,3,-68,236541
8,25,45,-7,-28,25,-6,-54,15,-25,-6,15,39,-5,34,7,4,0,34,-15,12,24,-1,10,-6,62,2,8,-1,-2,-4,25,-8,-30,-55,-6,-52,60,-19,26,34,-25,-22,46,26,20,35,29,23,0,-15,21,28,-68,-8,-11,-8,24,17,0,-12,-52,14,-32,-27,58,8,29,21,6,7,26,-17,-51,-9,-5,10,-40,9,-32,4,58,-6,36,-2,6,0,-15,17,8,-10,15,-31,26,0,-5,-3,54,-3,0,-98,0,43,-94,-17,-3,-48,18,0,2,-20,9,14,-3,3,-27,70,0,-6,-11,-67,25,-31,11,-7,-6,-18,-8,33,-85,-58,41,11,5,-34,14,14,-36,10,6,-8,10,6,-80,35,-8,-77,-24,2,12,-17,-3,39,62,-4,-7,57,6,-51,-23,-38,41,19,-7,-15,0,11,20,-84,-3,-12,-2,12,12,47,0,-48,38,31,1,23,-37,-30,-54,236810
-1,22,91,-4,25,-78,30,-35,10,-95,16,-16,72,-57,17,-3,-63,-28,1,-100,50,-97,-13,48,-12,7,0,36,23,-19,-10,25,-70,-45,-75,15,-30,17,-55,-3,-34,14,-59,-36,-3,-75,-5,29,-95,-10,0,59,27,-100,-3,68,34,-80,4,-7,2,-18,1,16,3,100,36,27,-70,47,-4,-75,13,-35,-86,36,-20,-15,19,24,-4,100,-62,19,13,0,-2,34,2,9,100,3,-100,10,-100,12,-57,93,-78,15,-100,41,-3,-100,-16,9,-12,19,-33,-97,-66,10,-13,68,-2,-100,3,5,-4,68,-100,100,-4,16,-24,-92,-12,-5,-3,-100,-35,-91,3,-36,-30,-23,11,-11,13,-37,73,15,-3,-80,0,-16,-10,-97,-21,-13,-94,71,15,21,33,9,91,9,-31,-5,-64,-2,6,-12,-100,71,48,-96,16,-13,-18,-25,13,23,-35,5,-11,74,100,-1,-87,-63,36,-78,237321
-11,-11,28,-15,-2,0,12,-70,-37,-30,12,20,22,-18,40,20,-5,4,-23,-20,9,26,51,31,-29,-1,-6,-41,11,-64,-3,31,36,21,-57,-16,-8,47,-35,36,-33,-40,-38,52,38,71,-30,12,12,-55,-41,-3,32,-74,-14,25,-37,0,44,-9,-38,7,28,70,52,37,-41,14,76,29,52,0,-45,-66,16,24,6,47,0,1,-6,39,-2,37,-5,-5,-14,-24,42,-37,-8,24,-32,24,8,-5,-12,58,17,5,-41,20,45,-36,-40,0,-11,22,2,5,-35,67,38,-8,-5,-33,-5,15,-20,18,-76,0,-12,27,10,10,13,-15,35,-75,0,57,29,43,-12,-22,4,-15,6,39,-11,27,19,-67,37,22,42,-31,9,30,9,-24,37,47,10,-22,57,68,-9,24,-41,47,26,-28,-19,-20,9,12,50,-8,-19,4,7,22,52,15,-12,24,28,-16,-2,-39,75,-54,237916
-27,76,63,-12,20,11,0,12,2,7,21,45,50,31,-4,-3,36,-3,8,-20,22,35,31,69,20,47,23,-35,-25,-74,7,31,58,-6,-42,-4,-34,24,71,21,-19,-13,72,35,22,24,12,29,81,-81,-24,99,31,-28,-36,-67,-10,9,4,-8,-22,-34,18,-19,-14,-9,-38,25,28,67,33,32,-11,10,5,-16,1,-15,68,18,-8,0,32,-5,-69,-7,0,-7,7,8,-11,0,-22,34,3,-67,30,68,8,4,-25,-5,36,-23,-32,4,51,-76,-19,2,-27,43,17,-10,25,-24,45,-14,-38,-63,-28,100,-32,34,50,-30,41,-13,31,-12,-34,-5,20,45,-27,7,5,-31,14,47,-8,34,-4,-9,31,-1,14,7,46,43,-24,71,54,27,-2,-4,71,44,-36,40,25,36,0,19,-17,70,23,83,29,-8,-74,-17,18,14,36,-13,51,50,38,0,35,24,-13,-42,238050
-13,20,26,-9,29,-16,65,21,0,20,40,4,61,1,-7,-5,-20,-3,25,-20,8,8,11,23,-17,-27,0,-28,-39,-52,16,32,-49,-24,-24,1,-41,9,-24,22,-49,13,-25,12,26,52,32,11,44,-39,-33,19,33,-30,-38,34,-62,-16,-11,-1,-31,-48,20,27,-30,16,-28,13,61,23,5,30,8,22,-20,43,-7,-19,24,32,1,15,-33,-10,-2,7,-13,-47,-15,4,3,-47,-45,8,12,3,5,70,-24,-12,-54,28,44,-67,-34,-13,-29,-10,-25,6,-10,36,7,0,-5,-49,-22,-4,-33,39,-31,19,-44,31,9,-22,13,-9,41,-22,-42,52,21,26,-29,2,5,-45,20,25,1,30,-3,-32,44,13,29,20,4,1,-22,45,29,8,61,1,67,39,-45,20,-18,47,-46,-16,-20,46,7,43,19,-2,-58,-23,19,9,13,-4,-28,57,4,-16,28,-17,13,-23,238227
-5,44,83,-38,-35,21,40,-47,-7,0,-6,10,89,-32,33,26,-13,-3,-44,-24,-5,10,4,23,-23,-17,35,-19,-20,-24,42,38,23,36,-83,-9,-43,49,-28,18,-83,28,-31,94,19,79,-46,20,33,-19,-45,17,39,-100,23,31,-3,23,49,0,-43,13,7,26,49,36,-21,17,80,29,1,15,29,-47,-11,22,-4,47,27,-35,3,34,-12,36,-14,8,7,-4,50,-13,17,15,-55,10,75,-10,-35,84,-14,36,-22,15,-8,-19,24,34,-58,15,55,77,-68,32,45,-6,36,-49,-22,6,22,32,-100,21,10,46,-35,-46,37,-39,63,23,5,67,7,63,-69,-22,13,11,19,63,20,47,28,30,60,-48,30,-1,-41,16,-58,-33,46,50,42,-11,85,27,-39,33,0,-14,18,-26,-24,-37,-4,32,34,-9,-44,57,22,27,94,7,-55,85,26,12,11,1,32,-85,238593
-2,0,13,18,5,55,8,-39,12,13,8,18,48,-51,48,14,-17,5,-23,0,-4,36,1,34,-26,31,3,44,-19,-26,11,27,29,27,-61,-7,-62,100,-34,45,-86,2,-35,41,47,63,-22,15,31,-27,-7,15,26,-62,-5,56,-23,56,28,-7,-7,-38,-3,-2,-19,67,43,14,65,32,2,18,-2,-38,-19,69,9,-24,-6,9,-4,73,-17,49,1,-1,-5,-33,27,13,-2,19,-6,34,11,-2,-44,62,-16,10,-60,76,24,-54,3,7,-8,0,22,14,-33,24,39,-4,4,-6,30,-13,-12,57,-58,16,-9,46,-8,3,-2,15,22,-28,-46,55,-3,28,-35,-10,-60,-12,2,25,-1,47,10,-26,22,2,4,12,-9,25,4,20,40,100,7,-9,58,26,-62,-6,8,22,20,-27,2,18,-3,30,11,-3,-24,28,4,-62,44,-13,-7,49,-7,-3,19,8,0,-64,239608
2,20,32,-11,5,22,-14,2,21,2,56,66,69,-8,7,6,-13,-1,5,1,0,11,-9,3,13,43,6,-4,-25,-9,-42,18,-57,25,-48,15,-74,43,2,4,14,58,4,15,4,75,23,29,35,-11,-15,41,15,-80,-23,31,11,22,-1,-2,-16,5,7,20,-10,30,-2,24,78,-1,-12,27,58,-5,-40,26,-1,-3,1,2,-1,38,-7,4,14,1,4,14,0,22,7,21,-5,11,35,16,-3,49,-46,20,13,25,-28,-1,12,21,9,42,-49,37,-1,25,-27,-31,10,-3,49,-7,-11,45,-87,37,-55,23,-35,-39,16,-10,20,9,9,23,9,1,-7,28,19,-58,4,1,8,23,11,2,19,-3,43,0,-31,58,-34,-46,48,43,-13,16,49,26,-72,17,-17,-24,21,11,5,-37,-1,38,44,-30,-1,-47,4,23,15,-8,12,66,30,5,29,-15,22,-51,239977
-18,43,-23,-17,8,-29,-72,-39,-51,-8,86,22,40,-57,-22,8,-35,-24,24,-7,3,17,-11,27,2,-17,-2,-24,23,-26,-23,29,-69,-8,-14,-27,-44,16,-19,44,74,70,-15,-4,44,34,31,19,-7,-20,-15,-10,26,-16,-38,55,-48,-28,9,-4,-12,-46,-33,36,-26,56,-23,18,32,24,-8,-20,77,-48,-21,57,-19,-31,42,8,-3,60,-40,-19,-38,0,-6,-44,11,-46,6,2,-20,19,0,-24,-69,27,-13,-9,-39,46,48,-44,-38,-6,-70,-35,-14,1,-14,42,-12,-16,-3,-9,-7,-5,-21,56,-15,-12,-47,28,9,20,3,-18,44,-12,-48,33,-30,-41,-8,9,-8,-44,12,-43,10,26,10,-26,42,9,65,-8,8,3,4,31,48,17,-66,-23,31,44,-41,-2,-11,40,-2,4,1,31,1,-3,56,-13,-40,-11,15,-12,-4,-5,-63,34,20,-1,-15,-8,20,-15,240497
7,-19,12,-35,-19,3,-24,-35,0,-7,24,47,92,-28,-10,14,15,48,-12,0,22,36,46,56,-3,-10,0,-54,-25,-50,-19,13,-2,34,-61,5,-91,61,-1,33,-73,46,-1,45,35,52,-14,28,43,-54,-3,32,11,-56,-11,57,4,1,16,-8,-3,48,-14,-69,37,97,-58,26,57,54,47,31,49,-37,10,54,50,31,-26,-21,-3,98,14,-12,33,0,-4,-1,16,-4,25,33,-56,37,35,37,-30,54,13,54,20,62,15,17,-11,52,-96,-21,-7,38,-36,-30,11,-14,-1,-52,-12,13,-8,58,-52,35,35,50,31,-35,28,-36,72,16,43,75,-14,43,6,0,-8,33,6,39,28,50,15,21,72,-22,30,-8,34,49,-42,-5,38,60,-22,9,52,-31,-88,28,-16,15,33,-1,2,0,21,42,34,-12,-4,-3,9,-6,48,14,-96,91,32,2,33,-17,-68,-62,240683
10,58,51,34,-8,66,79,-20,-76,29,-44,-4,52,-13,5,11,4,-61,83,-20,24,27,12,63,-15,52,25,0,10,-5,0,33,43,25,1,-2,-90,34,-25,32,-77,-35,-23,44,31,55,77,21,29,-10,-1,70,33,-64,8,41,-85,67,-8,0,0,-79,-9,67,-65,-29,1,24,56,66,9,17,-33,-21,-70,-48,-64,-65,64,-9,1,-46,-3,3,-35,1,21,-74,-12,-78,-15,15,-10,28,29,-33,-14,18,-74,-24,-100,-47,84,-100,-52,-24,-91,13,-7,30,-12,-32,14,5,28,-9,49,5,11,43,-64,67,34,10,7,12,10,33,46,-79,-76,29,-6,46,-34,15,21,37,7,46,-15,8,10,-75,46,57,-52,31,5,0,10,83,-2,32,77,-2,16,-28,-94,0,4,80,14,-14,-17,82,24,32,-57,3,-4,-11,6,7,46,5,-92,47,8,21,16,0,56,0,240744
0,32,38,-87,48,-9,-15,-8,96,1,69,100,30,-98,-10,-29,-82,-31,18,-27,25,-66,-4,21,5,58,-37,-40,0,-24,25,3,2,43,-34,-44,-89,8,-23,6,-56,-9,-22,32,7,75,43,35,17,-27,32,-24,1,-21,16,30,-29,-9,-3,-8,30,25,4,-10,-15,100,-42,32,72,23,-3,-7,9,-11,-10,46,11,-14,25,49,-22,100,-77,-11,52,-3,100,-41,-1,100,57,100,-100,-69,98,47,-93,27,-12,-2,-17,64,33,-22,100,-4,68,37,-25,100,90,100,-100,-56,-35,-100,79,-27,15,33,-21,-24,21,100,1,-15,23,-88,49,-7,3,40,3,58,61,-68,-36,16,7,58,58,100,-27,-32,49,-4,15,1,5,100,-18,14,98,8,-15,-45,30,94,-87,29,28,34,100,3,-26,13,24,16,84,-54,14,-29,6,-40,33,-27,68,98,12,100,-9,27,-13,-35,241182
-9,-18,11,-21,4,28,7,-38,2,5,31,1,85,-10,65,2,-29,40,16,-28,19,25,12,11,-19,37,-17,-33,-20,-68,-18,32,-28,-4,-71,-1,-49,32,-22,-4,14,24,-22,44,-3,80,4,30,37,-61,-25,46,31,-72,5,3,-33,28,21,-14,-23,-49,41,-56,13,79,-34,27,83,14,8,38,19,-39,0,58,36,9,-22,3,-15,69,-27,64,35,-17,-13,-29,23,-3,-5,6,-57,23,20,36,-6,50,-3,14,-100,39,43,-100,-50,11,-48,-8,27,21,-24,57,16,-11,-18,-54,28,-6,6,6,-70,44,-61,26,-21,-23,2,-24,49,-86,-55,29,41,25,-45,-26,9,-58,8,27,-4,24,2,-79,51,-14,-12,3,-28,6,-21,-3,46,36,7,-5,49,54,-48,10,-41,43,8,-19,-26,-7,20,34,-2,-13,-39,27,12,20,47,-7,-49,81,27,-13,36,-42,-51,-72,241973
-35,88,20,22,13,30,40,-6,-6,-10,40,32,74,18,-33,7,25,-16,-8,2,10,21,44,67,-4,9,1,9,-65,5,15,34,-34,-5,-22,1,-36,75,0,4,-100,-8,0,83,4,47,-13,35,38,8,-28,39,39,-75,0,-23,57,33,1,-7,-28,-40,0,-19,-54,80,12,30,58,71,40,19,0,-5,-6,55,-18,-52,91,11,-3,75,27,-29,23,-3,4,56,2,-13,-27,30,44,23,2,25,14,50,-10,25,-29,66,44,-22,-51,22,2,3,-16,-2,6,51,29,-56,3,49,3,0,-2,-24,-70,37,86,44,6,-35,24,24,21,-8,-42,38,-1,-5,-28,-1,17,91,3,-6,-28,44,8,-27,20,-3,3,-9,6,38,-41,32,48,74,37,0,49,43,-30,28,-46,41,30,-5,0,29,11,36,-13,-56,-29,-22,1,21,82,3,-1,73,-14,3,15,-51,-18,-22,242492
-16,-16,22,-6,9,9,-6,-41,56,14,67,35,-27,0,44,-2,-20,-52,29,-7,33,34,-23,-1,1,17,-7,-24,-88,-8,-21,13,-72,10,-46,2,-41,36,-24,2,10,-46,-26,11,2,57,22,36,12,-6,1,30,15,-44,-5,47,27,9,-7,-10,0,-75,-31,20,-41,4,-24,33,57,0,-25,0,-43,-40,-36,52,-56,-38,-13,5,-7,-11,-17,42,-18,-4,21,26,-4,54,32,-7,-22,34,-2,-21,-2,24,-39,-38,-100,48,15,-100,-46,-36,-14,7,-14,-4,19,26,23,-28,-5,-18,9,-17,-6,44,-42,31,-63,38,-35,21,24,-8,50,-50,-75,51,-33,4,-10,21,4,-62,-3,6,32,37,-1,-49,49,20,-13,12,-35,39,18,28,32,38,-4,0,25,24,-36,26,-29,12,-5,2,-6,28,37,12,-20,-27,-24,-19,-2,5,14,-18,-16,-32,28,25,2,-29,12,-47,243904
14,22,32,-9,0,36,-10,-69,34,7,32,43,31,-31,6,15,-43,-10,-8,-4,3,41,6,27,-14,25,7,18,32,-18,22,15,20,23,-48,-12,43,38,-17,-2,-15,-19,-14,46,1,42,-8,11,11,-21,-5,14,14,-89,4,52,-7,37,45,-3,-8,-27,9,17,-32,94,18,12,55,25,2,13,-22,-77,-31,56,-13,-27,8,0,0,80,-29,8,0,1,7,-10,42,36,29,23,-15,42,0,-1,-29,40,-36,0,-71,60,-46,-82,-52,0,13,1,49,-1,-56,15,28,9,7,-20,25,0,-4,66,-94,8,35,27,-34,-24,-7,-9,66,-31,-21,49,14,34,23,26,0,36,11,30,26,27,18,-42,66,-13,34,10,-27,50,-23,0,45,37,-14,-10,35,24,39,-13,-22,-43,19,-12,0,6,4,15,9,8,21,45,10,-7,48,4,12,27,23,6,14,-20,6,-48,244262
14,17,47,-7,10,23,-16,-32,-9,22,-39,0,33,16,30,6,-20,26,6,-3,13,55,30,20,-10,23,0,-8,10,-15,14,14,41,-6,-46,13,-18,50,0,23,26,-13,0,48,25,10,13,36,43,-27,14,80,13,-28,-7,8,4,21,10,-4,13,-88,16,-36,34,36,-7,32,9,18,29,37,-16,-32,-4,42,29,32,12,11,-4,45,-22,28,9,-3,6,17,11,-7,7,10,-37,57,15,5,15,1,-4,-18,-68,57,21,-70,-21,-17,-40,12,-3,18,-66,57,12,22,3,-36,23,-10,-3,14,-27,79,-73,27,4,-8,22,-9,35,-54,-90,17,20,56,-3,13,3,-73,5,55,7,27,5,-57,35,-5,7,22,2,-6,-2,40,43,52,-17,13,2,63,-18,19,-10,19,8,-10,0,40,14,45,10,21,-17,2,6,-6,52,-11,-38,27,21,9,39,-11,-38,-48,244394
22,10,58,-21,-14,36,7,-33,-42,43,-35,40,65,-74,-17,13,-27,20,-39,-16,13,36,16,7,-9,12,-10,-24,17,-36,25,18,46,23,-51,0,-35,34,-8,-13,21,56,-6,38,-13,28,-40,18,48,-41,10,18,18,-87,-21,-4,-45,36,14,-1,11,-44,17,55,15,44,-27,19,29,1,21,30,55,-30,-5,16,29,6,15,-14,0,56,-34,-17,-12,0,-18,-55,18,-36,28,39,-70,39,18,-15,-77,69,0,-21,-15,21,30,-10,-8,-22,37,-4,-92,21,-62,38,1,29,-13,-72,12,-8,-32,-6,-86,24,-58,0,-33,-38,-3,-22,14,-30,-50,5,19,-8,-17,21,33,-60,15,-6,30,0,12,-18,15,-2,-23,42,-31,33,-44,-33,34,34,13,0,71,39,-38,-15,-21,31,40,-12,-14,-31,12,45,-8,33,-15,-88,18,25,39,-7,36,68,25,-14,32,-20,61,-54,244767
-5,46,-28,5,-7,8,-22,-25,63,9,23,85,-3,-12,-46,10,-32,9,14,-2,5,37,17,37,8,-12,9,8,-9,-24,-15,15,12,-17,27,9,3,12,12,-13,44,49,12,-10,-10,-17,11,8,11,-20,8,30,14,10,-3,-59,-44,6,1,-5,6,12,-24,-23,0,14,8,13,-27,38,19,11,49,-22,0,-17,13,-5,14,-3,-1,24,-34,-45,41,-2,6,-50,1,65,9,7,-1,34,21,37,-9,24,5,13,12,-6,53,20,-59,12,77,-14,-31,22,3,65,16,9,5,-5,-15,-22,-10,-63,9,30,25,13,29,5,35,5,10,-65,9,42,-25,33,-26,-5,-20,32,10,32,9,16,6,-64,10,-4,62,10,28,83,2,37,57,12,-20,10,25,62,4,32,-2,54,7,9,-2,35,4,11,67,10,-31,-32,9,-17,-11,-21,75,10,30,8,10,-7,-22,29,245278
3,-18,81,15,-17,11,2,-68,-49,-21,28,-7,58,49,43,29,4,-24,-80,-21,-9,36,-26,7,-1,-30,13,6,-7,-14,1,33,-23,43,-31,0,-61,37,-56,-19,-23,0,-55,48,-16,43,-72,33,-10,-21,-23,11,29,-70,22,43,-56,10,12,-3,-22,-34,5,-2,4,42,3,32,40,3,-24,20,2,-70,-24,13,-20,3,-26,-14,-2,52,4,41,-11,0,6,-47,10,-48,-24,30,-1,36,26,-8,43,61,-26,-2,-17,30,-10,-22,-9,-2,-58,60,27,29,-45,5,21,-33,14,0,-25,-15,19,44,-71,10,-26,-4,-37,3,18,13,40,44,-35,78,7,11,-43,3,13,-27,11,8,-20,-3,28,43,40,22,6,-21,-35,-6,7,-47,46,40,2,3,61,8,-61,18,-23,-8,27,0,-16,-44,-9,-7,11,-32,21,30,12,18,50,-16,-57,55,41,10,24,-25,-5,-30,245426
-5,48,31,-27,-41,46,47,-58,17,-29,28,26,14,-25,0,9,-26,8,6,-24,39,27,30,38,-30,26,-32,-35,-25,-48,0,39,8,-1,-56,-13,-61,49,-50,-14,-67,60,-51,46,-15,57,-14,26,15,-42,-19,-1,37,-87,-40,9,-15,45,30,-13,-17,-44,30,-13,-13,80,-36,23,61,39,24,23,62,-58,-1,27,1,-15,43,-44,-14,60,-26,-2,33,-14,2,-15,29,19,-16,1,-27,24,2,30,-26,65,-7,20,-33,38,-27,-31,-4,17,-18,5,24,4,-40,66,34,-8,-30,-27,14,32,-38,13,-81,0,-20,35,8,-57,9,-29,34,-56,-50,38,32,58,-30,-25,28,-23,5,57,-15,35,8,-49,35,-52,-15,-29,7,36,-51,-24,64,52,47,-15,64,64,-60,15,-10,-30,4,-29,-21,-29,41,14,-21,-10,-36,20,7,23,47,32,-17,12,4,2,22,-12,-13,-58,245741
-25,55,33,0,3,9,40,30,-4,-15,-35,-7,10,7,66,-4,3,14,35,-9,26,-16,11,9,-23,2,1,-9,-11,-40,2,13,23,-9,-41,-11,13,23,33,-9,-8,-18,34,24,-8,81,42,2,60,-34,-57,27,13,-47,6,20,51,9,4,-9,-58,-45,19,38,7,100,-12,-1,84,1,14,3,-10,26,-3,-17,15,8,56,3,-7,100,-3,60,-54,-7,-7,46,3,-10,8,-20,23,-18,24,-69,5,-16,-6,-9,-44,-23,-4,-55,-28,-11,73,-32,40,21,-29,19,-6,-6,0,17,9,-6,6,18,-55,25,-25,2,-45,33,3,0,21,-42,-39,42,16,2,-17,-22,16,-31,-13,1,7,2,-1,-54,20,-6,44,-12,-35,8,34,10,33,15,38,-7,-15,18,16,8,-25,-1,-23,-23,-8,21,28,61,44,-6,-25,39,-14,15,24,-4,71,8,-12,-4,3,-31,34,-40,245835
-7,80,6,-7,-23,-20,-84,-29,2,9,-80,32,48,-13,-16,-4,-20,35,60,-38,5,32,25,48,23,34,7,-39,-3,7,-14,23,-21,-42,41,3,-66,15,-2,-19,89,26,-2,-13,-27,26,58,13,1,11,3,55,21,-13,-72,-7,11,-19,-6,0,2,-20,-20,26,-26,69,-39,14,17,56,23,-28,27,-27,11,66,30,-16,87,-24,0,51,-13,-15,-38,1,2,18,-7,3,20,-65,-3,28,-3,-46,-12,-36,10,-11,-48,62,55,-48,-25,-10,-50,-26,15,-1,-35,-11,29,1,4,0,24,-31,-61,-15,-10,61,-28,18,43,-14,39,-4,41,-1,-25,35,-19,11,-14,7,19,-20,22,12,20,18,-5,-14,38,8,41,9,38,35,-20,47,42,21,-82,4,-33,-9,-70,48,-3,50,-64,25,-37,40,4,1,26,1,-54,7,22,50,-13,-30,-54,46,22,2,-25,-2,15,42,245906
10,40,52,-4,6,28,-7,-48,10,37,19,11,35,-10,47,8,-52,35,12,-30,14,25,37,60,-25,16,2,-6,9,4,11,18,12,-44,-56,-67,-11,54,-19,49,29,0,-22,67,50,61,8,13,-15,6,-24,14,21,-55,2,44,-52,29,44,-6,-23,-36,40,0,14,85,-7,10,66,64,38,0,-7,-47,-44,11,36,11,42,7,-9,84,-48,48,25,-6,-4,-50,44,6,17,-12,-5,24,42,20,-12,34,-43,18,-81,11,45,-72,-25,14,0,-32,9,44,57,49,7,-19,2,-1,12,-7,-7,45,-52,13,47,39,5,-25,10,-6,43,-9,-44,22,41,13,-27,1,-44,44,12,16,18,41,13,-3,41,-21,12,36,3,20,-29,48,54,52,-7,-71,32,46,-10,13,-16,49,-9,-24,-27,39,12,-13,15,-18,-16,8,11,-41,69,-6,1,36,22,-2,0,-15,0,-58,245999
5,7,39,-18,-21,21,58,-31,-6,27,33,31,46,-38,2,13,-26,45,7,-28,-10,20,26,67,-12,57,8,0,-7,0,1,31,0,27,-79,9,-23,45,-18,28,-35,13,-16,46,29,74,22,30,37,-6,-36,43,34,-100,35,63,19,21,29,0,-36,-27,21,-13,-15,33,-1,25,76,65,30,40,14,-33,-31,38,51,-20,12,-19,4,56,-25,-2,18,5,0,16,26,-10,12,33,-42,22,25,18,-36,78,-26,-9,-92,37,20,-87,-15,-10,-18,25,-66,26,-44,27,34,-2,6,-38,66,3,34,63,-100,39,-18,29,15,7,35,-20,27,-73,-32,69,25,38,-62,-17,1,-22,8,36,12,29,14,-73,29,2,-35,27,14,33,7,0,51,45,55,8,74,31,-23,28,-6,20,31,-8,-24,-4,-11,38,-28,-5,-31,-62,12,0,50,4,-17,47,43,1,41,-3,-6,-82,246139
-2,6,44,-16,3,13,18,-33,44,-8,-14,65,64,0,-32,19,-22,-9,17,-3,9,40,22,58,-5,32,-8,-9,-22,-32,45,25,37,43,-58,-5,-28,48,-32,11,-88,2,-30,70,9,51,19,30,34,-30,-21,44,24,-41,2,28,-8,17,33,-10,-21,-5,23,-41,0,69,-7,29,49,58,14,20,4,-37,-50,100,-17,10,-3,0,-7,58,-14,-31,2,-3,12,3,32,49,0,44,-31,40,25,5,1,84,-58,32,-36,86,56,-45,-38,35,-78,8,31,25,-42,57,34,-15,-3,-23,28,17,19,23,-41,42,17,36,40,8,21,-15,61,-69,-2,54,23,20,-9,-2,11,24,10,22,4,36,23,-84,57,-11,26,-8,35,58,6,35,58,51,21,-5,83,58,-26,14,-2,51,44,-6,-1,38,12,36,18,-14,-21,28,12,9,70,17,-76,51,-2,15,22,-1,-57,-58,246301
-39,30,67,14,-21,19,44,-40,22,1,21,57,73,-15,41,13,-19,-34,-26,-22,13,23,-8,25,-23,-7,11,-25,-71,-17,19,34,-74,17,-58,-9,-7,48,-35,1,-90,-63,-36,49,0,62,-26,26,9,-16,-36,29,35,-87,-22,23,1,19,21,-9,-35,-40,25,9,-16,30,-26,21,67,24,-9,6,-66,-43,-30,22,-33,-17,25,-23,-3,34,-18,38,-11,0,2,2,20,26,15,-7,-35,24,26,-12,-18,61,-33,3,-55,21,16,-52,-42,1,41,14,-28,27,-37,6,58,-48,13,-35,-11,20,-15,30,-88,28,-18,39,-48,-24,37,12,60,-28,-43,31,28,11,-32,-12,27,-21,8,11,16,40,16,-22,58,-58,36,1,-45,47,-18,4,68,50,41,-12,61,4,-6,38,-51,19,-5,-23,-19,4,13,10,41,-48,-26,-25,10,28,51,19,42,75,18,2,5,-54,9,-62,246666
4,61,100,-13,11,12,-1,-29,2,-11,13,36,96,-49,34,18,27,23,-1,-37,17,30,37,28,-21,-14,29,-12,7,-8,42,38,4,4,-84,-12,-28,30,-23,1,-51,-92,-27,77,0,48,-12,14,37,-3,-43,39,35,-75,3,-28,1,9,29,-15,-45,-2,60,4,-22,58,-13,20,50,29,35,25,-92,-23,11,-12,20,-16,54,13,-16,50,20,30,46,-5,1,0,29,1,35,-14,-45,25,36,47,-47,45,10,18,-32,-11,40,-31,-25,13,-24,-3,-2,37,-60,39,15,0,29,-61,-19,-17,9,-16,-72,41,-8,58,18,-43,30,-13,27,-8,-4,4,61,22,-18,-11,17,-12,18,22,35,58,14,11,28,-17,11,-9,15,50,-36,22,44,36,0,-13,46,42,-30,30,-7,40,-12,-21,-38,19,14,36,16,0,-27,-2,17,24,78,-17,-31,95,5,1,22,-4,10,-83,246871
-29,74,11,-10,-22,18,-19,-18,-41,16,-42,-2,66,-1,8,19,-35,-51,56,-18,2,26,-20,20,-18,28,5,-6,-61,-10,-27,21,18,19,-34,-22,-5,39,-27,16,-2,-16,-24,50,18,45,61,6,10,-11,-29,-17,20,-63,-36,63,-34,19,20,-1,-27,-22,-2,-35,-26,65,-7,3,49,21,-21,-28,-15,-20,-52,4,-49,-29,80,-20,2,74,-34,10,-2,7,0,-21,20,-38,-1,-11,-8,26,40,1,-12,16,-50,16,-93,18,44,-90,-16,15,5,-13,-11,39,-63,33,16,-19,3,-8,27,13,-36,61,-58,-18,-57,31,-58,-56,39,-12,42,-61,-25,20,0,25,33,-7,17,-56,-6,23,-1,30,21,-56,40,-16,31,16,-58,1,-60,40,23,38,-17,-21,19,32,-2,42,6,45,-12,-18,-15,37,2,11,35,-21,-30,-9,-6,30,52,13,5,65,7,2,-27,4,-33,-34,247678
-8,58,33,-15,-3,24,67,-50,-2,-21,15,-1,98,-45,40,11,-46,12,-73,-36,-5,34,29,1,-29,-52,10,0,0,-14,-16,42,-24,-2,-51,-8,-24,31,-51,-1,-62,-22,-54,16,-9,70,-71,23,-1,7,-25,27,40,-80,-8,11,20,23,21,-10,-27,-16,26,-13,37,66,1,27,72,-1,33,10,-15,-45,38,42,15,32,65,-7,-2,61,-38,36,19,4,-5,22,21,-10,-3,-3,-52,34,0,2,-49,58,40,20,11,45,14,6,-55,17,-41,2,-18,2,-87,56,-8,4,11,-48,-43,-6,2,-3,-80,29,-43,14,-13,-17,34,-15,40,-27,-19,36,29,24,-13,10,14,-47,9,25,-4,16,7,-17,41,-37,31,-19,-11,-12,-6,-33,58,31,65,-8,55,58,-27,41,-38,16,0,-30,-37,-30,-5,0,36,4,-37,-16,9,10,17,-6,-42,94,19,-3,6,-38,-10,-50,248602
-11,30,23,-19,16,9,-10,-30,-18,-8,-5,48,100,-31,6,14,0,14,-26,-28,9,41,16,6,-10,-19,1,-23,-41,-22,0,37,45,9,-80,-1,-52,67,-19,-4,-12,42,-20,50,-2,65,-37,31,39,-24,-25,59,36,-67,-9,7,-19,9,20,-6,-25,-9,31,14,7,43,-24,35,68,12,16,50,42,-26,12,34,12,8,30,17,-5,10,8,14,-16,-2,-12,-17,20,-6,16,1,-62,43,0,-21,-45,62,13,15,-51,46,60,-48,-6,15,-29,-27,-29,4,-22,43,27,7,0,-55,-21,4,-6,15,-66,63,-25,24,-24,-30,37,-19,60,14,-13,28,32,39,-38,-1,17,-20,18,43,17,21,10,19,60,-1,24,-7,-22,40,-32,5,51,70,-8,-2,63,44,-55,32,-18,57,1,-10,-27,0,9,43,-4,6,-34,-37,18,6,48,4,-29,98,39,-11,50,-15,-12,-75,248808
14,9,-48,0,-4,17,55,-35,3,19,-32,18,-30,20,52,8,-49,-10,34,3,0,11,19,46,-38,20,6,5,5,-93,-26,23,-25,-5,-51,-10,36,-3,-21,-11,24,-42,-20,0,-10,-20,41,-27,-30,-96,-4,0,21,-39,10,72,-76,16,52,-8,-5,-19,-6,52,-22,19,5,-27,-21,48,20,-9,-42,-38,-26,-43,-11,-28,-1,-4,-4,22,-55,54,10,-7,-1,-58,51,5,40,0,-11,10,24,3,1,67,-30,-7,-54,-41,34,-49,-14,-7,62,19,-9,27,-91,57,-14,13,4,-2,17,-5,20,67,-39,-2,-13,36,18,-6,12,-1,18,-11,-21,-14,-5,-14,-13,16,-25,-10,8,-15,41,39,10,-13,18,-29,-15,19,18,5,-3,91,86,0,55,-7,66,61,36,17,-16,35,-3,-38,4,91,0,-29,-15,11,-9,-10,8,-18,1,-4,66,-27,8,-2,-8,-25,56,-52,248959
23,68,82,1,-2,17,10,-46,13,5,-6,44,40,15,48,15,-6,-1,-9,-12,32,68,9,4,2,-9,17,-5,43,-98,-29,22,38,6,-25,18,13,10,-3,9,87,-12,-3,47,15,9,1,36,32,-86,23,80,23,-52,39,-3,-11,15,13,0,23,-68,40,-46,-50,60,-5,35,20,0,15,5,-12,-50,-61,54,2,-54,72,0,2,65,-12,49,-15,2,15,-38,12,25,5,37,33,65,18,-11,22,24,-58,28,-92,43,-12,-91,42,29,49,27,28,21,-79,26,1,33,16,31,-8,-10,37,4,-57,77,-4,3,-24,7,-6,0,44,26,-71,-13,39,98,22,1,25,-5,18,98,3,3,19,42,44,44,41,5,-17,45,3,11,58,8,7,16,24,25,15,-7,-22,-11,38,1,-14,15,31,33,56,31,66,38,16,22,46,-11,52,35,18,16,3,-23,-29,-28,249365
15,66,25,-10,18,19,32,-47,8,-21,-10,50,58,-11,67,11,-15,-7,-38,-11,23,28,21,14,-20,11,21,-24,27,-46,-5,26,1,-3,-61,-6,0,46,-12,28,44,1,-13,28,27,39,-38,6,29,-48,-21,16,25,-82,34,25,17,19,41,-10,-22,-57,68,40,-7,65,-27,8,41,11,19,4,6,-45,-13,-14,-6,-3,58,18,-10,61,-16,60,2,-9,-2,13,42,17,42,12,-37,26,22,-10,-2,40,-12,17,-51,-4,46,-58,-20,17,31,11,28,25,-86,40,10,14,22,-50,19,1,28,30,-83,17,2,58,-29,-2,32,-11,52,-4,-56,51,67,25,-12,16,0,-3,14,27,43,58,10,-2,55,17,-10,-22,-31,43,11,13,38,49,33,-6,41,42,1,32,5,47,12,-19,-11,15,21,29,-6,16,-13,28,13,1,28,2,32,49,32,-2,5,2,34,-60,249366
5,0,33,-13,-22,19,0,-4,11,-20,-9,33,69,25,-26,13,-44,-26,-30,-16,5,2,16,52,-7,-21,-11,-34,13,-24,10,24,-38,-27,-46,8,-55,52,-20,0,17,-30,-21,23,2,-19,-31,12,27,-19,-45,16,25,-45,-29,-10,-69,19,6,-9,-44,-20,23,-5,-75,41,-36,12,-19,54,14,36,-29,-7,-17,38,-28,-72,-6,-19,-7,41,-50,-28,-17,-9,-9,-69,6,11,25,-7,6,0,4,-13,18,47,-15,21,-43,27,37,-40,1,19,-26,-42,-17,3,-54,22,-5,-19,-10,4,-22,-15,-27,-7,-44,16,14,33,39,33,-14,-15,1,12,-24,-23,22,-1,-52,4,-58,17,21,1,23,31,14,10,1,31,7,-21,36,42,30,57,43,56,1,7,46,23,-55,-5,-54,36,-6,-6,-12,52,4,26,8,-20,-33,-18,21,-48,25,-16,-29,66,39,-8,35,-55,-7,-47,249393
33,69,-50,-7,-5,0,56,-24,-30,-7,19,90,-24,-27,35,16,-16,11,26,-13,24,33,17,35,-28,-40,44,-15,2,-63,-19,19,36,-21,-52,25,-3,60,-6,17,61,-24,-4,12,17,-54,31,6,37,-58,-6,44,17,-28,16,-64,35,0,39,-3,-8,-62,61,13,-67,91,-12,9,-49,32,17,35,-27,-28,-32,67,10,-67,66,-4,4,89,-15,29,-20,2,-10,40,37,-39,34,18,35,30,-36,-18,-21,65,-32,-2,-43,58,-57,-46,-6,0,15,17,24,-37,-75,-29,15,52,44,28,-29,-13,27,-72,-31,40,-45,11,34,47,34,-8,51,-43,-58,23,63,8,-41,5,-17,-48,18,6,31,13,17,-42,52,-10,11,-8,36,93,50,49,66,52,54,27,64,-26,-5,23,-33,-49,16,-27,-11,55,22,38,19,55,19,26,19,-12,14,-13,20,-10,52,-11,38,-36,23,-52,249399
33,36,29,-5,-21,34,54,31,-4,22,20,21,30,19,26,5,-12,13,-35,9,-32,22,38,52,-32,-47,-5,-18,77,-5,-14,13,78,4,-10,12,9,23,13,16,58,-19,15,29,17,-66,-31,-19,18,1,16,41,12,-62,32,-46,83,34,15,-1,15,-23,16,58,18,52,-19,-17,-65,47,41,0,-22,27,2,21,15,11,34,-22,1,58,-1,28,49,2,2,94,10,-6,41,-5,46,20,43,51,18,10,1,15,-89,10,14,-89,15,16,21,26,69,46,-66,3,-36,43,-7,38,-44,-38,34,-34,-68,35,0,44,10,-6,-9,-5,34,-41,-19,7,17,24,9,23,23,0,7,22,38,47,3,-35,34,-35,-36,22,20,11,-10,24,85,32,52,14,7,0,7,-11,34,21,-7,-31,13,35,-33,21,-35,42,25,76,6,8,30,-38,24,39,-20,1,4,29,74,-10,249617
15,80,2,0,0,9,-35,0,15,10,28,45,37,49,-6,9,-3,-3,45,0,-11,44,28,44,-1,-18,-3,44,23,-40,-10,2,18,-33,58,8,2,23,21,9,85,-23,22,16,20,-40,64,-7,29,-42,10,-24,-4,-30,79,-12,24,8,28,-4,10,11,40,22,-75,30,43,-9,-34,43,32,-7,-26,-5,-7,34,2,-78,77,0,-3,45,-18,-2,100,-1,9,-4,27,16,16,-11,48,44,4,100,33,20,0,13,-21,39,32,-16,-8,14,17,22,57,6,-23,22,-16,22,-8,46,-2,-15,70,-6,-30,-25,-5,21,19,52,-19,0,14,-25,9,11,41,29,54,24,26,-1,16,28,20,19,13,-31,14,5,27,9,20,35,48,37,70,22,-30,14,21,24,2,-12,17,31,-13,-2,3,35,-11,29,19,24,-14,60,17,41,16,-16,20,44,38,10,-3,10,16,57,250013
32,41,42,-3,-88,63,48,23,23,54,12,11,-5,32,20,-1,-38,8,-5,-7,1,50,29,25,-28,-10,25,33,40,13,22,1,43,-21,-56,18,12,43,-1,-10,29,-77,-1,19,-17,-24,10,-4,42,8,-2,9,0,-29,58,-22,7,61,20,-12,-4,-22,43,26,-85,-2,33,-7,-17,26,32,36,-82,15,-11,-25,11,-85,36,-86,-8,7,-20,22,92,-11,-3,-27,18,25,60,-41,56,46,32,68,43,27,-5,-7,-54,-27,-4,-50,77,-8,73,7,-5,36,-41,-25,-7,48,23,45,0,-68,78,-8,-32,1,15,11,41,-7,13,-3,11,-12,-25,-51,47,37,40,24,24,18,4,36,58,12,2,-10,11,-25,8,54,39,1,-2,54,79,25,46,18,23,-14,6,7,-15,-1,-41,-26,-6,52,1,46,6,48,10,1,2,14,22,-67,79,-1,-9,-1,36,-18,21,-61,250121
10,76,-16,13,-7,-22,-40,-21,2,31,32,39,87,57,42,4,-54,13,-30,9,-19,39,42,33,-30,19,45,16,35,-14,-43,13,-15,-24,-12,7,5,41,-5,0,68,-98,-2,0,13,45,-18,-6,16,-8,12,45,11,-62,47,55,60,-23,19,-11,9,50,9,68,-31,-7,15,-4,39,30,43,16,-100,-24,-21,88,14,-28,69,-2,-7,-1,-54,38,61,-6,-13,20,16,7,38,-29,8,35,29,68,52,4,-23,11,-30,97,58,-38,22,14,71,4,-4,24,-73,6,-45,17,38,0,26,-22,40,42,-63,40,-20,57,14,13,3,12,32,50,52,20,13,8,26,33,5,-23,12,4,36,56,3,48,34,-25,14,31,14,39,18,55,90,34,-43,9,2,15,0,0,0,62,-30,-28,13,61,-21,17,18,19,-17,1,11,-8,1,-22,74,80,15,-16,18,-2,67,-13,250390
19,32,11,-12,34,-42,-28,-13,-4,35,77,-14,-24,20,81,0,-52,-24,33,17,-9,61,37,19,-26,16,55,0,5,-50,-29,2,-9,-19,-31,24,44,56,2,58,82,-79,0,13,65,5,52,-6,3,-49,15,40,3,-49,100,11,79,-42,30,-3,16,-54,36,45,-75,55,2,-10,-1,17,35,31,-92,-13,-12,45,-24,-63,16,32,0,65,-58,70,91,1,-1,73,31,-11,51,-20,-8,60,-28,99,38,-16,-19,-63,-98,46,-22,-97,-8,-60,56,47,52,-21,-21,29,-10,19,56,-16,16,-36,100,24,-56,42,-20,26,3,30,25,-12,54,-26,-48,-18,33,30,60,45,46,-16,12,35,50,26,1,-2,57,11,68,34,6,-10,19,18,82,54,-27,22,-14,23,48,23,-74,-15,-17,-27,14,22,-12,0,73,17,44,54,12,40,13,-36,57,-20,13,0,27,-77,58,-35,250476
5,71,28,-3,-34,2,-1,-10,5,6,-28,43,-13,8,61,0,-13,16,24,5,3,5,14,42,-21,-49,38,-4,13,-69,19,26,3,-5,-32,13,2,27,13,-1,70,-15,14,4,-1,49,15,1,31,-75,-17,63,25,-54,37,68,-7,2,15,-7,-16,-66,8,46,72,49,-4,3,46,42,20,22,-14,-5,-45,75,20,68,74,-33,-5,39,-23,67,6,-4,-7,-24,16,0,33,7,60,4,13,1,2,11,-40,-15,-100,71,29,-97,1,-17,65,0,18,20,-100,31,-16,-15,39,58,-50,-9,36,71,-55,65,-6,19,0,25,2,-4,56,33,-68,-13,6,-29,-49,4,34,-7,11,-28,33,18,-2,27,55,6,24,5,9,61,19,81,75,26,0,15,13,36,2,-9,-30,31,8,-21,5,80,3,32,1,-13,-2,13,11,45,4,-7,62,2,-11,-5,23,-30,33,-30,251008
21,-5,55,4,6,5,65,-39,-8,9,-29,74,42,1,0,13,13,25,39,-11,-6,42,24,14,-16,-38,37,-8,7,-54,22,32,19,16,3,10,-55,25,-37,58,0,78,-33,49,58,22,32,14,-14,-50,9,14,25,-61,7,41,-16,7,25,-8,9,-4,14,35,-11,43,-5,12,27,21,20,0,77,-39,-51,66,25,-12,-2,6,-2,38,12,3,-9,-4,21,-17,20,-9,15,14,7,37,14,-9,0,49,-49,17,-15,60,19,-12,-23,17,-45,44,50,12,-99,14,1,26,34,8,-45,5,7,48,-60,15,3,31,-58,-26,16,3,39,-27,-8,50,16,46,-40,13,21,4,10,45,18,23,14,-28,43,2,17,8,-58,82,-29,37,43,22,65,10,49,14,-58,14,-10,18,14,-15,-11,29,-4,-10,12,23,5,50,11,23,52,4,-46,45,14,17,-1,-12,34,-6,252270
28,29,22,-32,-7,-6,46,-30,-4,-16,-46,-16,85,-32,-2,5,-52,-8,12,9,-1,28,27,20,-23,3,0,-8,49,-3,-14,17,9,-15,-37,10,-23,15,-13,0,-52,22,-11,14,2,22,7,5,7,7,8,10,15,-52,-7,51,-52,-6,26,-13,9,27,22,19,-29,15,-9,7,23,19,31,7,17,-31,-17,30,-8,-29,35,-3,-15,16,-57,-6,52,-15,-2,-51,23,4,26,8,1,25,24,48,-26,58,-21,10,-30,1,20,-31,-70,8,21,35,-16,20,-51,43,-20,23,0,-7,0,-18,-4,52,-52,5,-52,0,15,-11,10,-34,-1,-60,23,34,26,24,-9,-3,-58,-57,2,21,25,1,6,-58,-1,26,8,-17,16,-18,-8,30,46,15,44,10,55,50,-25,16,-51,25,6,-20,15,33,-1,7,10,23,18,-10,4,-30,16,-18,20,85,-3,-2,8,-52,21,-40,253719
4,17,27,-3,-15,2,-52,-43,8,-24,-15,25,62,24,2,12,-49,-9,25,-9,1,8,19,23,10,14,13,9,-10,-33,1,18,-56,0,-8,-19,-4,26,-24,-6,43,-4,-22,4,-2,46,44,20,-9,-48,-18,-12,18,-57,36,46,-84,3,16,-1,-19,-28,2,8,-52,14,10,17,48,19,24,-17,-6,-47,-17,-51,-3,-52,14,-13,3,32,-41,3,-33,3,22,-73,16,0,13,2,-1,10,2,-16,25,15,-14,-1,-40,-25,40,-47,-46,2,-6,35,-4,8,-73,16,41,-27,13,-3,27,-3,44,46,-61,-17,-19,32,12,8,4,-4,-1,-35,-23,-5,9,-17,16,9,-10,-16,1,-18,11,32,16,-44,-4,46,-35,-23,15,36,15,1,40,30,-52,-19,12,29,-11,-2,-25,43,1,9,-10,7,0,-7,-40,-28,3,2,2,-8,5,-3,-2,63,11,22,-16,-15,9,-13,254101
34,55,37,-10,-78,-100,74,-13,36,2,-6,36,-16,27,24,0,-16,28,41,-10,100,32,53,23,-14,47,1,55,100,-12,12,20,41,9,-21,32,-51,100,-11,100,-46,-23,-9,35,100,81,40,13,13,-12,-4,88,19,-47,18,23,49,-100,11,-9,-10,-60,31,-19,-33,92,57,6,89,25,49,29,-26,-18,27,30,22,-27,41,-78,-7,97,-8,25,-13,-11,12,36,10,20,100,6,-67,28,-2,-8,29,60,23,9,-29,30,-29,-23,-34,6,24,28,69,1,100,99,-26,22,3,-57,44,2,16,24,-49,84,-65,81,33,87,-18,-14,-99,-84,-60,-98,29,41,-100,-5,-100,-60,7,40,100,84,4,-87,-100,-100,41,5,28,31,82,13,-100,100,71,34,57,100,-68,-19,-100,-31,5,-17,-9,11,100,14,38,24,17,69,3,-100,35,-5,23,-5,5,13,30,-100,-21,-23,254135
29,23,61,-6,0,19,31,-50,51,-3,-5,39,39,-31,-22,14,-57,10,36,-16,-4,32,10,42,-13,63,12,-1,42,-17,7,24,24,20,-72,1,-29,52,-15,6,-27,68,-14,58,9,52,31,18,34,-18,-18,31,23,-35,-21,25,-4,17,34,-5,-19,-51,40,-64,-28,50,-5,18,58,38,13,33,66,-50,-33,19,14,-37,36,2,-2,61,-46,-26,17,0,-3,-13,32,52,40,35,-34,30,40,18,-33,66,-31,-11,-58,35,38,-52,-49,-18,20,24,-15,36,-57,64,9,33,10,-34,63,17,-25,21,-32,30,-76,22,0,-42,36,-9,45,-75,-58,47,43,48,-36,5,-23,-82,12,45,40,22,14,-61,48,-33,32,-4,0,40,-38,26,63,55,31,3,66,69,-31,44,-44,41,35,-10,-12,26,-3,32,46,32,-9,-12,15,-16,62,14,22,43,25,-1,34,-42,-55,-72,254310
-4,42,-5,-13,-25,24,-49,-14,3,14,58,63,77,30,28,5,-3,9,-52,1,11,33,19,31,7,11,0,-29,11,-4,6,7,13,18,2,0,-90,19,25,20,-8,-4,26,10,19,54,-45,31,36,-5,-12,58,7,-50,38,29,-10,25,8,-7,-13,-35,-21,-1,0,35,-30,27,56,31,18,-8,-7,-18,26,56,10,0,41,-25,-7,42,-3,29,-25,-2,7,8,7,9,30,8,3,29,40,-24,30,9,25,6,3,55,23,2,2,7,4,-8,36,42,6,-8,10,-5,3,7,14,-30,46,32,-49,52,-22,27,19,-19,10,-13,8,78,-37,-20,-20,32,18,6,-2,-16,8,33,30,27,10,82,8,-1,13,14,16,63,-19,-23,58,24,-51,0,10,-9,-87,13,2,24,12,6,3,-22,13,36,17,-6,-24,41,7,-8,11,-31,4,75,4,9,-7,-2,6,1,255523
1,56,58,-8,-14,37,-7,-48,-14,-15,-17,2,81,-28,80,12,-13,0,-16,-8,-5,37,5,4,-11,6,4,8,11,-54,14,34,3,23,-57,-8,-65,83,-10,23,-35,0,-9,58,24,47,-21,20,30,-54,-17,38,30,-84,-21,28,23,37,28,-12,-16,-51,7,-25,8,68,7,20,44,3,1,18,1,-50,-37,-5,0,9,58,-12,-11,63,-22,80,8,-6,-1,20,27,-13,19,19,6,36,25,8,-33,58,-40,20,-78,-5,47,-80,-5,19,-32,17,30,24,-67,46,14,-5,6,7,0,4,-14,26,-79,38,-38,26,-19,-37,0,-10,41,-58,-55,64,11,25,-34,-3,29,-37,13,24,21,26,13,-65,39,26,-21,-15,-20,1,-44,-6,17,84,-7,-7,58,49,-65,-4,-17,45,20,-11,-4,-8,-7,30,-28,-3,-10,27,13,34,63,4,-32,81,24,2,19,-18,-34,-58,256097
10,66,18,7,6,-8,29,-14,7,-57,-72,39,29,-12,10,-11,-5,11,42,-15,15,44,41,55,-43,56,15,-10,2,-46,-60,26,64,-4,9,0,-4,40,-6,13,73,-58,-6,56,21,38,23,1,38,-56,17,60,23,-56,-46,45,-74,-9,11,-9,15,-50,-50,-16,7,85,-9,1,41,56,40,10,-61,-19,-10,-18,9,-1,63,7,-10,84,-7,14,-17,-13,-8,-75,10,10,20,-51,12,42,8,-16,-20,3,-8,13,-78,-7,-16,-78,-6,14,52,-23,48,7,-80,35,-52,30,13,5,54,-38,-36,45,-57,58,-52,42,56,-39,4,7,42,-13,-50,64,-52,34,9,25,5,-54,3,33,21,46,-8,-8,41,78,3,-56,52,38,-37,66,38,37,29,0,2,31,0,4,-31,-15,-50,-41,-14,66,16,36,0,33,-35,49,3,20,56,-38,49,31,-10,-9,10,-36,-18,7,256355
-8,58,4,-27,20,-15,44,63,100,10,77,93,13,11,1,100,30,5,-44,-100,19,-69,-5,15,-12,22,35,-32,56,-67,52,23,100,-100,-23,-94,-40,-10,14,-29,-79,3,13,99,-27,24,-51,7,8,-59,-100,100,25,-65,13,-1,-33,-15,33,-5,-98,-30,100,-31,24,94,-34,4,23,13,-1,-19,14,66,-1,97,10,20,73,22,-2,90,40,0,21,3,-99,-40,35,95,24,96,-33,-73,22,31,4,8,0,4,-18,91,14,-18,51,0,100,-100,18,22,-67,59,29,100,32,-28,23,27,18,-6,-59,100,-28,39,-11,18,-43,-28,52,-44,-38,16,99,8,-15,51,-9,-29,100,9,24,40,100,-43,54,-47,17,9,-8,100,7,-37,38,-11,43,-97,8,58,-42,-36,-6,12,100,-13,-100,-37,17,6,14,100,-76,17,100,-4,100,26,99,9,-29,-100,-19,-7,-35,-24,256500
-8,63,29,-13,-3,6,49,-29,11,17,-17,-19,99,5,-4,21,-45,14,-35,5,4,20,51,55,-19,-5,-10,1,-8,-77,-4,29,4,43,-25,0,-38,65,-20,2,-27,21,-20,50,4,16,-34,13,15,-69,-21,33,31,-79,-5,-68,-49,6,26,-1,-20,3,-3,4,54,8,0,8,11,57,40,24,31,-30,12,-16,4,65,58,-4,1,-1,-39,-7,24,4,9,-57,27,7,8,51,-19,21,38,29,0,77,1,37,-36,-34,45,-44,16,36,-56,27,14,37,-54,47,4,-4,-8,-18,-7,-12,-9,-68,-75,33,23,31,39,-29,1,-14,-15,-30,5,-18,0,33,-23,-12,67,28,9,34,7,30,23,-38,-15,-31,12,17,32,-10,-36,23,67,63,45,-3,75,43,-38,0,-27,44,55,-22,4,23,5,15,8,-6,-9,9,8,50,48,-13,-54,89,5,8,20,-29,1,-28,256632
16,41,-29,-19,-34,6,-60,-44,-8,-4,51,0,-29,8,5,-3,-11,-6,38,-7,11,68,-1,25,0,-22,-1,-7,41,-28,-2,3,27,9,-22,1,-8,29,-6,-14,51,1,-3,-12,-16,19,35,25,21,-21,2,46,-1,0,-11,-36,-25,7,20,-5,0,-11,-14,-28,-33,67,-6,22,17,28,-7,-1,8,-46,-58,43,-13,-26,43,-37,-3,51,-6,6,-3,-1,-6,-19,19,-7,34,8,-35,64,36,-2,-5,-12,-65,-5,-34,33,11,-42,12,-3,3,-15,20,38,-60,32,-25,35,0,-29,-24,-11,3,-37,3,44,-16,1,-16,26,-17,-19,24,-43,-12,-8,-13,-3,38,30,-3,-14,-6,-3,36,0,0,-51,19,-5,48,-5,-17,-7,14,46,39,28,-58,2,-11,33,-5,-18,-8,5,6,0,-2,46,12,23,33,35,-11,15,-6,-6,-14,-11,4,-32,26,-2,0,-12,-38,-21,256970
11,32,18,-16,-15,-1,36,-37,-18,10,49,20,74,-7,-26,11,0,4,52,-25,14,43,50,48,-10,60,17,-31,21,6,9,20,-10,-11,-26,19,-41,57,-9,-13,-32,-11,-7,24,-15,52,54,11,15,4,-5,48,20,-21,-42,-2,-16,-2,25,-5,-4,-26,1,-6,-32,55,-28,12,56,52,51,14,-6,-37,25,44,1,-36,29,-17,-1,44,0,-23,-20,-2,-4,-16,24,-21,58,-2,-6,42,29,-19,-5,64,26,-2,-82,43,69,-81,-23,3,-10,11,17,33,26,3,13,33,16,-3,56,3,-29,0,-25,52,3,35,40,-25,-3,-15,5,-62,-19,39,0,27,-17,-6,25,5,10,29,57,34,12,-70,9,-4,22,9,39,20,-25,66,45,55,36,14,64,0,-38,-2,-37,64,-2,-13,-28,62,10,19,17,32,-48,17,10,24,28,2,-14,70,34,-6,10,-34,-7,-33,257320
-13,33,100,-14,-4,6,-58,-50,0,10,23,7,93,-17,52,9,-26,26,4,-24,-10,32,27,6,-32,-13,17,-17,-25,-42,61,34,47,-18,-98,-15,-34,58,-28,13,-43,-35,-26,65,16,-1,0,23,40,-41,-16,45,35,-74,9,20,21,6,36,-6,-17,-4,39,-2,1,97,-19,24,-2,9,22,10,-34,-52,17,42,21,2,30,-5,-4,90,-15,52,-11,0,-16,18,34,1,34,-19,-52,35,23,-15,-23,24,16,22,-46,43,12,-50,-41,21,6,-42,38,24,-61,17,41,-6,18,-52,-18,0,3,22,-72,45,-38,57,22,-21,6,-16,52,-17,-5,48,41,22,-45,5,39,-40,16,20,33,56,11,-15,51,-13,33,8,20,7,-25,-19,32,60,-58,-16,21,24,-34,2,-30,8,-20,-29,-19,-19,-8,44,30,-7,-45,35,19,42,68,0,8,90,10,-15,12,-29,-9,-98,257480
37,48,49,-5,17,43,5,-28,-46,-14,-2,-24,46,0,14,8,-58,16,-14,-16,24,15,21,21,-4,25,42,-8,9,-3,-9,9,-24,-11,-45,24,-7,6,-19,-11,44,7,-19,19,-12,-14,18,10,-11,-3,-18,2,12,-27,-35,45,-63,42,22,0,-18,-39,36,-24,-52,-61,-8,10,-6,19,28,30,17,-31,-25,12,25,-45,58,10,2,-39,-37,9,56,-2,14,-62,21,-40,32,15,14,19,2,61,-12,74,-19,-10,-34,5,38,-33,-42,-11,-8,9,40,12,2,21,-16,9,45,15,36,0,-37,50,-29,0,-26,22,0,17,11,-6,17,-16,-45,3,37,-5,-16,-1,-9,-19,13,-5,30,20,10,-21,16,16,-15,-14,0,-28,27,39,54,27,5,22,71,19,-6,11,-25,37,16,-5,-17,34,25,-10,-6,6,0,48,12,-2,19,-1,-7,46,11,12,29,-17,-20,-47,257563
0,14,12,-17,-16,5,38,-8,94,-15,16,67,64,-77,17,-10,6,30,-94,-13,-24,100,40,-2,-14,-42,-20,-22,1,-57,30,26,58,-64,-49,-100,-52,23,-14,1,-91,93,-13,57,0,78,-96,19,52,-53,-25,0,26,-75,-28,31,1,5,17,-7,-24,58,99,57,66,54,-21,18,76,0,34,-33,92,-12,27,66,27,69,13,-16,-8,50,13,17,35,-6,-1,4,17,100,87,17,27,100,54,40,-85,20,23,45,41,54,47,38,100,46,100,15,-22,56,-53,36,27,7,-20,29,-43,-16,-17,32,-73,-1,35,15,5,-81,9,-19,29,54,59,-18,100,-18,-90,-13,16,35,11,-19,89,15,-6,52,29,-5,0,-15,2,67,-87,-55,50,24,38,-100,18,35,-54,4,31,46,16,-14,-9,-53,-22,54,-7,5,-11,-25,10,10,60,-17,100,61,0,-4,-30,28,54,-52,257719
-2,40,92,-6,-10,-6,-62,-66,76,-32,0,-34,76,-47,-3,14,-14,7,6,-21,17,5,14,13,8,-11,15,-11,-32,22,31,20,-32,-36,-62,10,100,100,-22,95,-29,67,-31,66,93,60,-3,30,20,30,64,-24,24,-65,-77,62,11,-8,9,-7,49,-30,78,-3,-6,7,-14,26,61,14,12,24,62,-58,-12,64,0,-4,40,-12,-3,-6,-18,-7,38,1,16,16,16,47,-13,-4,-100,4,29,38,-39,44,-20,2,-69,47,34,-71,8,0,69,42,-24,29,-15,90,21,16,16,-100,-17,19,-92,60,-60,-44,28,-31,-5,3,32,-5,66,-19,-32,61,73,-24,-77,-59,24,24,16,7,-25,-47,14,-17,68,-28,3,-32,-8,-15,0,-10,63,97,-59,4,47,83,100,34,32,37,4,7,-28,-8,18,15,0,15,41,-27,16,23,67,19,64,70,15,19,18,85,-4,-65,257919
3,20,45,-13,-12,-17,-6,-47,-22,9,-29,0,81,12,-18,100,-63,28,-37,-25,50,44,18,61,-8,30,56,-3,-32,-100,-2,27,-14,12,-62,10,-58,43,-88,13,12,24,-89,22,13,67,-39,41,51,-95,-14,79,28,-74,77,28,-25,-5,12,-4,100,-57,9,15,29,11,-10,40,72,58,15,36,28,-46,-5,56,24,29,22,-11,34,4,-67,-20,-2,2,-6,-16,10,-14,9,20,10,43,26,-2,4,60,-8,-1,1,-16,44,0,-8,-3,-27,65,-30,25,-51,28,58,-17,56,18,27,15,78,34,-75,80,-28,86,0,-19,40,-11,74,-57,-60,9,11,64,-99,-37,3,-30,11,31,8,85,3,-62,30,28,25,-2,4,0,-19,0,9,44,-9,9,57,33,-61,40,-76,43,21,-8,-22,1,23,52,20,-19,12,-35,13,0,38,17,-29,81,70,-5,37,-78,3,-62,258507
-5,50,28,-11,-3,15,-11,40,22,35,79,31,56,8,74,4,15,22,52,9,-1,16,30,1,10,16,38,-13,22,-16,9,17,27,1,27,13,-62,-9,69,2,52,3,69,7,2,38,41,2,72,-11,19,63,17,-38,-2,0,2,15,-12,-4,21,-19,-30,39,23,27,-12,-2,39,1,31,24,6,38,8,-22,20,18,52,-4,0,30,34,81,-2,-1,-10,-14,-11,26,30,14,-13,16,21,3,12,-8,6,16,-99,-15,65,-97,20,13,-14,-25,31,20,-17,20,-10,23,39,-13,15,-23,3,-1,-39,62,-9,22,10,-1,35,-11,51,69,-21,-56,-31,-13,-31,10,36,-11,11,-13,30,22,9,78,52,-22,-3,36,13,26,5,41,40,-7,-11,15,-8,21,-64,32,8,64,11,8,10,41,0,72,-13,25,-63,29,10,50,5,-20,-15,58,44,-8,24,16,47,27,258509
-7,23,28,-33,-24,1,18,-52,1,6,-19,83,48,-34,-18,15,16,10,-14,-4,7,66,31,35,-14,20,11,-13,-31,-48,-17,19,8,22,-36,6,-23,76,-17,8,23,67,-19,58,6,90,-19,18,38,-51,-3,33,20,-79,29,-10,18,0,30,-5,-3,9,-3,41,-5,41,-14,17,97,33,32,17,58,-52,49,72,14,-11,25,-24,-4,45,4,-24,21,-4,9,3,31,-4,25,15,-67,64,7,17,-27,58,51,35,-9,73,-18,-8,-28,30,-14,4,-19,7,-97,41,27,12,11,-69,19,20,27,-5,-80,32,18,24,33,-51,34,-34,40,-6,2,40,-1,64,-9,0,-10,10,12,62,24,24,18,5,41,-2,16,4,36,94,-46,-9,63,79,18,3,55,43,-21,34,-44,-15,18,-13,-4,-6,5,35,28,10,-5,-15,12,-5,60,20,-19,50,21,10,17,-45,50,-40,258534
-20,44,80,6,0,23,-2,-9,11,21,14,46,68,-7,92,4,-4,30,-9,-15,1,14,39,48,-13,5,1,1,-31,-74,48,27,19,-8,-14,-6,-1,30,-4,-16,-25,-21,-3,50,-12,36,-4,19,43,-72,-30,35,26,-52,25,22,68,23,14,-4,-30,-29,5,16,18,50,1,18,33,46,39,10,-22,-13,13,25,27,18,37,2,-5,56,1,89,8,-1,-13,64,13,10,-2,-11,-4,11,8,6,-7,46,9,3,-37,11,38,-43,-12,4,29,-40,35,6,-100,36,21,-6,0,-3,9,-17,24,20,-52,30,-36,21,14,15,-12,5,0,67,-28,58,7,10,-19,-11,51,-38,5,7,-4,22,6,65,-2,6,52,21,17,52,19,25,52,31,-6,-9,42,36,-2,-9,20,42,-12,-15,-13,31,3,44,49,-9,-29,39,4,50,52,-18,28,64,-3,-11,10,18,17,-15,258885
17,-35,41,-18,-46,0,16,-55,0,29,14,10,58,-26,35,14,-52,28,58,-16,7,52,26,38,-25,26,-11,-20,6,-52,9,19,-14,25,-45,6,-57,51,-26,23,-6,-50,-25,52,25,19,58,22,25,-51,5,54,17,-38,-7,51,-10,-1,30,-4,4,-48,27,-80,-21,61,-18,18,21,37,24,31,-51,-60,-49,23,28,-22,-28,-46,1,62,-46,33,-30,4,-6,-3,28,3,15,26,-34,52,8,-32,-31,68,-50,-23,-66,13,-5,-67,-26,-25,-42,25,-13,7,-49,5,19,17,-8,-28,24,-3,0,50,-39,52,-43,22,-23,-11,-1,-20,33,-56,-52,22,29,27,-22,7,9,-42,10,27,17,22,15,-61,33,-36,46,29,-22,5,-14,7,62,54,16,9,66,4,-54,-2,-35,-6,24,-22,-9,7,7,26,45,16,-9,-11,10,3,57,-3,-40,55,43,-2,33,-38,-90,-46,259105
-8,40,81,-15,-19,5,-12,-23,8,-23,6,-14,100,-27,11,14,-21,-10,-79,-20,-4,24,16,47,-1,-7,-3,-11,-15,-61,33,32,28,5,-47,-3,-49,-6,-23,13,-27,-13,-24,58,14,39,-87,29,25,-58,-31,22,30,-97,-6,-1,35,5,25,-3,-29,18,14,41,30,43,-15,28,45,45,16,11,-16,-24,-18,100,-10,30,38,-16,0,36,-21,11,-83,3,1,23,22,7,10,4,-30,26,45,-77,-29,27,-21,49,54,100,66,58,-15,46,-29,-10,-5,44,-98,24,28,-8,-2,-31,-14,12,-3,2,-95,24,49,46,24,-27,33,-18,44,38,12,25,16,55,-43,-14,85,50,10,54,10,44,11,43,42,-44,4,-24,21,-3,-23,-58,19,-3,-11,-4,23,30,-51,28,-7,66,3,0,-17,-58,-3,26,8,-9,-30,-7,11,83,61,11,-28,100,27,1,14,-3,43,-48,259163
13,-6,90,-7,-2,12,36,-18,23,3,-18,82,9,-26,57,22,-44,-70,-2,-27,22,12,-45,18,-33,15,-7,-13,16,-34,30,30,14,35,-29,2,-31,49,-28,-5,83,-17,-28,62,-7,63,3,12,21,-30,-20,45,28,-47,-12,41,-37,9,24,-9,-21,-87,1,-36,-39,-29,-14,11,58,13,-37,7,-20,-22,-60,6,-63,-43,-11,-6,-3,-16,-40,52,-37,-4,-4,-33,24,22,-1,24,-25,11,24,-36,-28,77,-57,-2,-29,6,39,-31,-9,-4,-31,52,-37,28,-30,5,-12,-8,-8,-26,19,11,-8,40,-46,46,-58,25,-31,27,-32,-9,43,-34,-90,52,2,26,-47,1,28,-66,18,26,3,25,24,-21,42,-2,-77,2,-26,75,22,8,34,52,37,5,79,4,-32,-33,-6,41,23,-32,-21,12,21,20,-63,-7,3,-32,18,35,63,12,-29,7,28,0,11,-4,-25,-30,259173
-2,74,39,-3,1,-3,-39,-46,13,-5,-11,33,85,3,49,15,-17,-11,13,-16,14,27,4,33,-11,44,5,-15,-3,-32,8,22,16,3,-28,-13,-10,62,-39,12,25,-63,-40,31,12,56,14,22,14,-34,-18,-5,23,-79,-21,29,22,-2,23,-5,-17,-32,40,4,-45,21,-13,18,56,32,0,3,-65,-50,-2,66,-12,-38,76,0,-3,18,0,49,61,1,-4,13,24,11,-18,10,-22,28,31,58,0,22,-4,5,-77,71,35,-80,-19,8,4,10,-3,29,-50,41,29,-21,7,-16,43,0,-8,27,-80,-4,-34,38,-8,-6,15,-5,27,-40,-30,56,39,12,-23,-1,48,-32,4,14,-16,39,16,-46,24,-6,-22,-4,-9,31,-1,-11,52,61,-36,-14,25,36,-5,11,7,35,12,-12,-14,-9,17,13,-27,-21,17,-7,4,45,32,0,5,78,30,-1,3,7,-6,-34,259240
0,62,33,-14,8,3,-11,-31,45,29,-32,78,74,-19,-6,7,-45,-32,-53,-26,9,-75,-17,25,-15,-76,-11,-8,-3,-30,0,17,6,-88,-47,-1,3,47,-25,-1,46,-11,-24,6,1,-7,-45,26,22,-35,-8,64,16,-56,0,34,-21,2,8,-12,-9,-60,-5,27,-45,61,-12,26,-3,22,-14,3,-11,-30,-22,46,-27,-47,61,12,22,72,-50,-6,2,63,-3,-19,6,46,17,13,-19,57,19,-3,-27,27,-19,-16,-65,61,46,-62,-29,-18,77,8,-12,17,-47,29,23,14,-13,-20,-19,3,-13,39,-57,51,-43,35,-20,-10,2,-17,19,-24,-47,29,-1,10,72,-13,-8,-46,6,7,17,35,6,-21,17,-12,31,29,-17,77,-10,8,46,44,-12,0,24,37,0,3,43,47,13,-12,-20,10,9,25,37,15,-35,-9,7,4,9,2,77,73,40,-1,6,45,21,-46,259317
-1,13,49,-26,-35,16,5,-55,0,-26,-21,31,-20,-8,59,9,-42,29,22,-10,3,59,11,61,-16,77,2,-9,-33,-35,-24,25,-21,9,-76,5,-34,53,-7,17,21,-16,-8,71,19,71,26,18,31,-28,3,64,23,-30,12,44,-29,14,24,-13,2,-61,16,-91,2,98,-11,27,71,66,7,16,-14,-50,-24,36,24,3,13,-32,-9,98,-35,62,20,-3,9,-24,18,4,38,0,-57,52,-4,9,-15,42,-28,-21,-100,26,11,-94,-23,-27,-19,21,4,-12,-51,27,29,7,0,-59,77,5,2,37,-26,59,-82,44,13,-14,18,-26,23,-52,-67,52,26,58,-19,12,-4,-80,13,52,33,44,5,-55,26,28,29,-26,5,30,-12,43,25,55,-4,5,31,47,-48,35,-35,17,0,-14,-8,41,0,32,32,3,-26,9,12,-9,78,4,-22,-12,29,3,15,-38,-89,-80,259584
16,34,72,2,-18,18,26,-10,10,5,23,52,-26,-5,80,17,-20,13,43,-17,12,37,4,49,-20,56,-20,0,22,-74,31,11,62,35,-47,9,-24,23,-18,-9,27,-51,-12,54,-6,33,57,23,42,-77,-2,67,8,-14,1,61,-1,17,18,-2,-4,-63,-15,-76,-51,43,0,23,31,47,9,28,-49,-18,-15,68,21,-56,25,-15,-1,57,-17,81,-17,-1,-3,-3,14,25,9,58,5,38,-11,-20,-8,37,-10,-14,-49,70,-2,-49,-22,-14,0,5,16,-9,-39,-7,20,20,-21,12,63,21,-7,64,-14,63,-28,16,42,-5,6,2,0,-46,-69,22,-8,44,-23,-5,-10,-28,11,40,10,17,18,-46,-1,-18,-39,4,43,40,-7,51,38,28,27,12,33,1,-28,3,12,-4,55,-18,-7,51,12,47,-31,20,5,22,13,-10,55,21,4,-28,44,-1,34,14,-70,-47,259848
-12,74,8,-15,4,-11,21,-8,9,18,22,64,-38,-14,-8,2,10,4,43,-15,11,44,-4,34,-9,22,-17,-25,-23,-11,-1,21,1,15,11,0,-35,-2,-12,-13,-75,9,-13,18,-11,0,33,19,19,-6,4,61,19,-44,-27,-72,-11,-12,-6,-6,1,-17,-4,-36,29,24,-22,23,-4,31,-5,1,15,-6,-28,-25,3,15,73,3,-2,29,13,-9,21,2,12,-16,-8,11,-5,6,-36,44,-7,23,-21,39,-27,5,-82,-12,7,-90,-25,3,-37,-13,-67,-10,-32,2,33,8,-19,-29,28,2,-24,-71,-40,61,-47,24,-10,-29,34,-14,39,-68,-14,9,-2,57,1,-9,34,-52,-1,56,-6,22,1,-60,38,-19,44,19,-9,66,-34,65,16,2,19,1,35,5,-38,36,4,12,6,-6,-13,69,12,19,45,8,-35,-69,-2,28,19,2,-37,-36,-2,11,1,5,-31,13,260145
-100,61,63,31,-15,-91,-22,-8,100,6,-100,-20,3,16,72,14,33,99,-26,100,16,100,11,66,1,90,-34,33,76,-100,-90,-100,58,-55,21,-99,-100,4,-50,47,100,10,-51,99,47,34,-30,25,-30,-100,100,46,-100,-70,25,10,37,-92,-7,22,100,-4,93,18,-34,85,32,18,38,66,8,40,7,-9,100,27,99,-29,52,-17,33,78,29,71,43,-1,100,30,-5,96,100,0,-50,100,16,41,22,70,100,17,22,29,12,18,-62,15,79,-44,64,15,18,-42,-52,-100,-31,-52,84,40,37,14,-68,46,-100,2,-10,52,0,27,35,-28,-4,-53,89,-100,49,-89,-27,-100,12,-100,100,1,16,-21,35,-13,82,5,-11,-16,56,7,-42,4,-24,-99,70,-50,-98,7,10,14,2,0,100,8,16,-29,83,-100,-10,63,11,-27,100,39,79,3,13,100,39,7,28,22,260910
-8,48,30,-3,13,12,9,15,-15,6,0,100,-15,-6,67,13,21,2,-25,16,1,-100,6,40,-5,64,18,-16,49,-63,16,19,44,-38,-90,25,-98,67,0,11,-99,-14,-2,56,14,36,-23,24,26,-62,-3,41,20,-70,22,24,-40,9,19,-3,-3,-100,-7,-29,-20,75,-21,19,41,39,6,-36,-30,17,16,49,-27,-22,44,17,40,82,11,63,24,-56,13,-45,17,-7,39,30,-31,-100,31,19,2,53,-21,6,-84,49,20,-80,7,4,18,-73,16,25,-72,24,38,-56,17,-28,63,-32,8,25,-69,53,86,16,-23,22,-15,-5,55,22,-86,49,-6,61,-16,-9,19,100,1,59,41,14,12,1,54,-15,-55,6,-22,96,25,10,33,67,7,23,53,23,-100,-6,14,24,31,-8,15,10,0,26,-43,-60,-2,21,2,30,59,-32,20,-14,33,14,-37,13,-15,-89,261335
-50,68,-58,-34,-60,6,-16,-19,36,18,9,60,74,-100,-7,8,-36,-19,-10,-24,100,-49,13,2,-36,-31,26,-100,-4,39,18,52,49,-11,-47,0,-41,100,-2,53,-10,84,-2,34,52,46,-19,18,19,65,-68,86,53,-68,10,28,23,4,35,-10,-68,-31,100,21,-3,69,-100,20,47,3,10,-6,84,-20,-32,45,-17,-6,62,-59,-13,65,-46,-8,-15,-7,-10,28,37,38,24,2,-100,-51,43,-21,-100,-39,-31,4,-49,-58,36,-39,-26,0,58,-19,-11,42,66,27,58,-25,26,-100,-38,61,15,29,-64,88,-72,86,-40,-38,77,-37,100,-33,-37,31,100,-100,-20,3,-46,-70,19,-100,26,86,7,-28,100,-13,48,19,-43,55,-34,5,46,100,-14,0,-36,23,-35,79,17,35,3,-31,-23,3,100,19,58,-25,-41,-10,21,-35,35,61,57,74,34,-11,-6,14,30,-45,261360
-42,71,46,10,15,32,70,-12,43,75,100,100,70,-22,-13,18,-30,-27,-46,-24,10,33,-11,77,-24,-6,30,-19,-8,-12,12,47,9,2,4,-28,-51,24,4,51,-40,88,5,70,51,18,-47,25,44,-14,-22,78,48,-49,-66,-26,27,31,30,-9,-21,-88,3,-12,-9,100,-22,21,20,75,-9,-5,88,-16,11,17,-26,-8,69,14,-11,100,-26,-17,-23,-5,6,33,33,41,6,30,0,31,26,-28,-19,52,12,9,-36,19,43,-35,-30,3,-34,-54,79,25,17,68,-10,-10,32,-2,-8,-4,-64,-27,-50,77,-30,48,6,-58,4,8,31,6,-91,25,1,65,4,12,5,-32,23,66,6,50,21,10,33,3,36,74,7,100,-58,100,24,27,68,-30,52,65,-49,8,-1,47,30,-24,-21,99,10,43,44,-11,-40,79,22,-1,69,-3,-37,70,44,5,-7,-4,-7,6,261539
-21,14,37,-39,10,-19,-23,-37,0,-26,70,-19,52,-25,-22,3,-19,-6,-22,-5,12,29,4,14,1,-11,12,-46,-82,-14,23,23,9,0,-71,6,-25,52,-4,30,-92,23,-2,16,31,75,-16,33,39,-6,-34,48,24,-60,-51,42,26,-18,5,-1,-33,7,12,54,-16,17,-44,36,67,13,2,40,30,-37,0,33,-8,-2,6,10,-2,17,-17,-26,35,2,-1,18,2,-12,-6,0,-67,31,24,27,-26,36,0,17,-29,25,36,-32,-15,15,0,-18,-15,25,21,38,40,-35,12,-71,-7,10,-47,35,-58,48,-6,4,19,-13,84,-40,44,-25,8,45,13,5,-52,-6,-23,-9,10,4,-8,4,2,-29,45,-11,17,-26,17,-10,-14,6,40,52,-25,8,36,40,-26,73,7,32,0,2,-2,2,11,39,19,-37,-37,-16,11,-37,17,9,0,46,21,-1,40,1,48,-69,261785
-8,51,29,-21,-16,66,10,-16,28,-6,1,16,57,-14,5,12,12,19,10,-7,24,12,24,47,-19,0,-4,-29,-30,-56,-2,31,16,14,-41,-4,22,39,-23,-10,-58,-6,-23,56,-12,40,13,8,33,-61,-20,9,29,-15,12,-40,6,63,8,-3,-20,-16,1,-33,-6,35,-31,13,44,46,30,28,-10,-14,-6,6,24,-9,65,-12,-1,48,15,-1,52,2,2,-3,4,27,4,8,-24,9,12,40,-6,38,-1,0,-35,7,36,-23,-50,-5,-23,2,-15,6,-14,26,22,-1,-3,-25,-2,11,9,-35,-16,8,-4,44,22,13,38,-22,54,-39,-25,36,8,11,-47,-9,10,-8,8,8,0,47,6,-23,54,-10,25,-7,24,25,22,37,31,38,6,-3,34,32,17,46,17,40,11,-15,-7,39,20,34,52,-6,-17,-9,8,12,58,10,-29,61,4,0,27,18,-13,-42,261829
-13,0,23,-10,-56,27,42,-42,-6,8,-48,-14,29,-10,44,15,-44,16,-15,-21,6,31,16,-2,-18,-15,-13,-29,-23,-44,20,32,26,13,-72,-8,-42,28,-24,10,-100,-46,-19,56,8,75,-6,26,38,-42,-22,37,28,-87,-15,65,4,25,34,-6,-20,9,-11,37,-6,60,-29,26,76,-3,16,7,-43,-47,12,36,19,-10,-8,-56,-2,67,-31,48,-28,0,-10,-5,34,-4,6,13,-29,33,27,-24,-6,74,14,-2,-27,41,-20,-32,-24,-3,-51,-6,8,30,-90,22,41,4,-11,-29,-9,-5,-13,64,-85,39,-48,25,-20,-44,17,-12,55,28,7,39,-7,61,-32,0,12,-47,11,56,8,23,15,24,54,-27,52,7,-19,-14,-52,-55,40,29,42,-6,73,26,-43,10,-25,-21,13,-16,-14,-52,5,40,54,4,-31,16,14,6,57,-4,-48,26,47,-6,9,-23,33,-71,262045
-18,62,77,32,11,14,-4,1,100,12,6,54,100,14,42,2,-13,33,-69,-100,30,-100,61,26,-1,-68,12,-100,-14,-62,-12,31,66,-13,-26,-15,-50,37,32,16,-32,84,34,40,15,49,-63,15,93,-59,100,96,28,-68,-31,14,9,15,26,-7,100,12,9,86,55,100,-99,15,61,35,60,-37,74,-2,81,37,28,-5,48,8,-6,27,-5,48,14,0,-10,-4,24,99,100,-1,-14,-99,50,23,10,46,80,29,7,28,63,9,8,46,12,-54,59,52,-35,100,-11,15,14,-17,-66,5,-34,16,-66,92,-3,26,-12,35,34,33,35,28,40,26,7,35,-12,3,38,4,21,31,100,24,5,14,36,-100,23,13,-14,64,26,23,100,38,-3,-12,49,100,-49,35,28,60,-3,-2,-97,17,29,94,8,15,-60,60,21,43,40,5,9,98,31,-9,-35,32,78,-26,262105
30,9,94,0,39,52,24,-32,16,41,15,36,52,-47,13,1,-43,40,42,13,10,70,84,71,-18,3,49,1,10,-11,24,9,5,-26,-46,8,2,52,-2,-8,34,57,-5,71,-6,-21,28,7,47,-3,54,-11,5,-58,24,7,-17,52,42,-7,50,42,41,15,12,-16,1,5,-17,77,84,35,42,-34,-15,-9,37,6,15,40,-11,-51,-35,18,-25,-10,3,-41,44,12,58,-27,-30,63,18,-28,-55,70,-14,36,2,-29,25,8,13,36,31,2,37,20,-14,50,-21,49,49,-25,-5,-3,23,20,-55,-14,19,43,33,-9,6,-1,40,-24,34,18,42,62,52,49,1,20,16,58,58,41,5,-26,40,-48,4,41,37,29,-12,39,71,52,25,8,70,52,-1,12,14,24,-26,-19,13,37,11,47,-5,50,10,36,17,11,73,-2,28,52,4,3,33,17,12,-51,262198
26,50,69,5,26,29,47,-36,9,58,84,29,52,-46,66,8,-28,68,5,-10,14,54,51,57,-7,7,17,8,54,-82,-14,19,33,-8,-58,3,21,91,13,20,7,-80,9,57,22,40,1,23,65,-82,-8,78,20,-64,-24,-34,29,28,21,-9,-10,-47,20,6,8,82,8,22,47,62,44,37,-91,-33,-11,35,58,11,42,28,-9,66,-19,60,-27,-10,15,-5,21,6,16,14,28,48,-19,-17,-22,7,-18,3,-77,27,13,-72,-69,4,21,11,29,-22,-13,62,-6,35,17,19,4,4,-31,-21,-64,76,-21,36,32,13,23,5,46,5,-46,-10,19,67,34,7,-27,-19,6,69,14,37,10,25,47,63,28,58,29,43,20,82,61,87,43,1,7,61,20,24,-27,18,15,-8,-14,79,12,62,35,33,-13,27,6,-24,57,5,18,50,11,14,33,-27,15,-63,262408
-8,32,30,-33,41,13,13,-23,-19,-11,-27,5,75,-48,55,16,-19,14,45,-27,15,26,14,7,-7,40,37,-26,-22,-40,10,37,-7,15,-45,-1,-17,54,-34,0,-52,-20,-33,36,-3,18,33,17,18,-35,-22,2,35,-69,-65,-47,-39,12,11,-13,-26,-19,22,15,-3,60,-23,17,24,9,14,20,-11,-23,10,15,12,-10,32,42,-10,43,-28,51,-5,-5,5,-36,11,-23,8,4,-52,25,-8,-12,-40,55,9,9,-69,11,45,-66,-38,7,-14,26,3,-8,-60,33,20,-16,40,-49,35,7,-63,-44,-64,0,-31,24,-35,-41,15,-32,54,2,-24,-2,25,40,-52,-29,1,-32,12,40,10,24,15,4,55,-24,10,-10,-37,7,-46,41,65,52,13,-2,55,35,-17,15,-44,46,3,-8,-23,43,13,19,16,-16,-24,-1,11,-5,37,8,-17,76,19,5,21,-42,30,-47,262569
12,47,69,6,-4,0,58,-40,-1,-13,20,39,4,-4,39,8,3,-18,57,-2,23,25,2,44,-27,34,-28,-2,-14,-22,-14,23,-17,7,-22,16,15,17,-39,26,-47,0,-45,41,28,-9,49,13,3,-32,-3,12,28,-34,-10,-28,-23,-2,17,-5,-3,-39,54,16,-20,39,-2,7,0,43,5,23,7,-37,-36,9,-15,-25,40,-3,-1,40,-21,38,-24,-3,13,-5,21,0,-28,-4,4,24,0,-14,5,31,-34,-2,-63,15,5,-56,-13,-4,19,57,40,0,-54,45,28,17,-29,-2,34,-2,-21,-11,-37,15,-6,-12,29,29,-21,5,44,-25,-42,11,51,3,2,19,32,-6,1,7,-30,-7,9,-20,45,57,4,-13,30,34,45,71,19,20,58,9,34,36,21,-10,3,5,-1,-28,-10,70,19,0,8,16,51,35,0,37,38,-2,21,8,8,15,17,0,20,-26,262990
-5,60,31,-34,-23,28,-51,-64,-15,16,33,35,-22,-52,47,25,-35,36,-3,-17,34,-3,31,27,-21,49,-32,-33,14,-67,26,36,-13,9,-73,-23,-39,47,-33,-33,3,-24,-34,50,-33,40,-9,10,-3,-70,-43,9,35,-96,6,36,-3,28,39,-1,-42,40,11,-22,0,71,-34,7,38,27,29,4,-20,-68,5,19,36,-4,57,-23,0,71,-42,44,-36,3,-8,-6,37,-18,15,0,-52,-2,25,-34,-54,49,6,23,-30,17,-31,-30,20,20,-50,25,3,28,-51,-17,8,-30,-33,-52,44,5,9,37,-91,10,-22,33,-12,-52,-5,-36,61,-23,34,82,14,4,-35,-13,46,-23,13,3,17,32,25,-18,61,-40,-22,15,-10,37,-57,-46,62,50,-52,-23,46,-13,-40,-12,-40,-32,2,-19,-16,-48,34,-3,-19,-31,0,5,15,36,52,5,-47,-22,31,-5,8,-41,-22,-76,263021
1,66,83,-16,-5,-7,79,-56,14,-7,6,72,67,-64,42,23,-30,-2,7,-18,13,37,10,32,-47,-10,10,-18,21,-29,15,35,34,12,-52,-13,-12,23,-34,30,29,-19,-36,79,29,67,-5,13,8,-25,-29,13,36,-44,-58,-44,-56,-7,26,-10,-30,-50,22,10,33,100,-18,10,73,36,7,12,-16,-58,-43,37,-4,36,58,-8,-8,100,-31,42,6,-9,4,-58,26,17,6,15,-44,37,-4,6,-63,31,-49,-16,-99,34,48,-97,-26,-21,7,24,27,-6,-74,73,24,17,11,-43,-19,-12,-66,-42,-40,15,-82,-5,41,-21,-7,-17,18,-81,-52,49,22,52,-17,6,30,-80,8,52,8,-5,26,-81,17,-30,14,-8,39,66,-21,58,63,24,79,-15,31,70,-11,-7,-58,45,16,-47,-15,55,17,5,9,17,-3,23,8,26,80,-13,7,65,3,8,9,-58,0,-56,263056
-2,26,42,-19,3,21,6,-40,-25,-28,-23,45,38,-15,13,8,-20,6,-37,-17,7,38,19,29,-5,-41,20,11,-39,-72,30,19,41,22,-72,-11,-10,66,-10,4,-79,28,-6,64,4,51,-29,27,41,-69,-16,21,19,-57,-12,57,-8,22,25,-8,-16,-24,24,8,0,29,12,26,51,28,19,15,17,-42,-5,-15,7,4,22,3,-6,41,-23,14,-26,-1,3,-20,23,-12,10,29,-34,39,13,-19,-16,49,-3,-11,-33,-21,18,-36,-28,-12,-21,-12,-14,16,-64,11,18,2,18,-31,-38,7,-14,58,-54,16,-47,27,-6,-3,1,-18,31,-17,-24,43,24,22,1,4,50,-46,3,22,10,25,9,-25,30,1,56,-27,-6,33,-14,-1,49,66,6,-8,49,9,-9,-2,-10,19,25,-2,-12,0,7,45,51,3,-15,-8,2,47,64,5,-17,40,19,3,18,-13,11,-70,263227
-21,14,79,-19,-20,47,24,-39,-11,8,5,28,45,-22,75,18,0,-18,-13,-19,5,13,-31,31,-24,49,9,-8,-32,-44,9,33,-19,14,-65,-5,-44,48,-17,0,-67,-8,-16,61,-1,81,-9,26,22,-36,-35,57,32,-91,-1,21,-37,47,21,-3,-35,-38,17,23,0,72,-8,20,81,30,-32,11,-4,-44,-38,8,-16,-2,5,-18,-1,73,-3,76,0,0,1,-38,18,-11,23,1,0,14,24,4,-24,2,-37,9,-45,10,11,-44,-41,9,-8,12,15,26,-8,22,22,-28,9,4,49,9,5,25,-88,57,-40,38,-42,-31,16,-20,42,-25,-42,-10,17,22,-61,-10,-6,-40,11,23,26,38,21,-25,39,-43,21,8,-39,29,-31,-7,30,49,24,-3,2,19,-39,13,-29,7,1,-21,-13,-6,5,22,22,-27,-40,17,14,-13,60,8,-6,42,32,5,13,-27,22,-66,263310
-43,70,-100,-18,33,-12,-12,-11,100,13,40,100,49,-34,3,12,10,-26,-27,36,6,-35,-22,30,16,-62,2,-46,-100,6,7,13,-45,-32,34,-100,-100,4,45,-60,30,21,44,-7,-62,42,-86,8,27,3,2,44,19,-37,-7,-7,10,-14,2,-5,4,-57,-5,22,2,28,-50,10,42,30,-27,-100,9,-23,-29,63,-27,-31,65,32,-30,-18,9,2,12,2,-100,10,4,100,-3,17,-31,-36,34,13,-29,1,-29,-39,-52,64,50,-43,82,-21,81,-58,-58,36,-51,4,27,-12,4,-30,-64,-31,-7,-3,-36,50,-61,13,-5,-59,44,-19,45,51,-54,-9,-7,-55,-10,6,27,-67,21,-51,-3,12,12,88,45,-1,76,13,-8,99,-61,60,24,5,-11,-100,57,1,-99,41,3,47,17,17,32,61,7,25,100,-11,-45,-60,19,-5,-6,-33,83,55,100,-100,-100,0,16,36,263514
-2,55,70,16,-100,-91,-94,-3,-3,-43,100,-39,31,-8,10,16,-99,-74,-54,10,6,-17,20,55,18,-61,-100,-72,100,-36,28,22,36,-32,-67,1,-52,92,9,-23,-18,76,3,60,-24,79,-59,38,52,-15,-56,25,24,-74,59,39,15,-67,5,-10,-58,-39,-100,-1,16,-8,-64,33,81,57,15,15,75,2,-54,87,-76,18,52,-79,-9,-11,-96,10,65,-2,11,21,8,-15,79,13,-48,-22,-16,69,24,-2,-58,-30,-57,27,77,-57,-100,-33,100,-8,-34,-15,-100,100,21,-34,-100,-42,-64,12,-10,41,-70,31,-58,-91,50,33,100,21,23,1,-41,-100,-100,-1,-60,12,-33,-57,7,4,80,-93,19,7,23,34,-8,-51,49,-24,34,37,72,95,-92,-4,-1,100,-48,100,27,80,15,15,7,33,6,49,-5,-34,-11,-31,7,-30,59,15,100,30,24,14,10,25,2,-66,263851
-5,40,7,-22,-18,24,60,-11,75,-10,9,73,42,-57,78,15,-37,-11,-30,-9,25,31,11,-14,-28,-14,-7,-20,-100,5,-1,21,-18,37,11,0,-37,90,-40,-17,18,11,-39,5,-13,22,-3,7,4,-5,2,4,17,-80,10,-11,100,21,17,-2,-1,-16,-100,72,-19,33,-21,8,23,-21,14,-4,-40,-17,6,14,-7,-45,23,-19,1,50,-27,72,-13,3,-1,100,17,70,6,2,-25,29,12,-12,-63,49,7,6,-15,33,24,-33,29,33,98,-100,39,11,-83,12,83,3,-8,-25,-1,-7,12,-5,-80,-1,-84,-98,-43,16,-100,-22,84,9,-13,18,-100,27,-9,-38,-43,-37,12,26,4,-100,17,46,84,-30,23,-9,-43,74,13,-1,44,86,58,2,47,16,-41,-100,30,29,0,-26,-6,6,22,5,22,3,-22,50,12,-50,7,-6,99,55,0,0,-2,32,85,8,264116
3,13,70,-23,-13,-1,-22,-28,-9,9,45,12,36,-13,23,9,-22,14,-10,-32,4,17,9,5,-2,63,5,-38,-16,-24,1,32,-8,5,-51,6,-32,17,-33,-3,0,37,-31,36,-2,21,-10,30,31,-24,-32,55,31,-88,-23,25,-39,-2,8,-2,-31,3,24,31,-34,69,-41,33,24,3,7,25,41,-30,24,44,15,-31,12,-13,0,60,-14,21,8,4,-7,-49,5,-5,1,5,-48,18,17,2,-20,35,21,23,-27,33,24,-35,-13,24,-44,23,23,19,-46,26,21,-15,6,-48,67,5,-22,30,-86,56,-14,7,-13,-46,24,-25,70,19,2,19,27,28,-50,-18,-5,-16,16,26,0,6,10,8,69,-45,-11,9,-13,6,-46,-50,51,19,-24,5,33,31,-33,20,-40,25,7,0,-30,-47,5,31,-20,-16,-28,21,17,-8,37,5,-42,31,31,-4,25,-40,17,-52,264124
9,39,29,-14,6,22,-31,-19,9,-12,40,14,100,-31,49,21,-10,4,1,-18,10,28,13,2,-9,-46,15,-17,24,-31,-13,28,73,20,-86,-13,10,77,-12,-15,-34,9,-13,51,-17,94,-8,14,39,-25,-35,25,27,-86,7,23,-6,21,23,-9,-35,15,13,35,5,73,-17,14,94,8,14,21,22,-18,-1,71,6,2,33,3,-9,52,-16,48,-1,-3,6,4,21,6,19,24,-35,27,4,-12,-24,18,0,13,-21,56,39,-21,-4,12,32,-18,54,6,-41,49,0,19,20,-34,-47,0,0,29,-83,28,-31,34,-25,14,49,-13,32,-66,9,31,13,47,-1,2,12,-28,11,48,18,34,20,-51,32,-21,-17,-11,-31,21,18,20,54,79,-34,-15,18,46,13,46,-15,35,26,-11,-18,16,10,40,-4,18,-12,47,8,9,52,-1,28,100,30,7,19,-19,29,-85,264133
-2,-25,43,-12,-11,32,20,-25,17,19,25,56,27,-18,-6,21,-16,22,8,-16,35,20,23,34,-6,13,9,-39,-40,-43,-5,25,1,20,-44,-15,-11,15,-20,-10,-46,-45,-16,51,-15,42,9,9,12,-42,-25,-35,19,-52,-11,47,-43,31,15,-7,-27,-24,24,-42,17,36,-38,12,39,39,23,7,-37,-30,0,8,24,16,-22,-10,-4,52,-8,-5,-1,0,5,-37,13,23,-13,24,-49,20,2,-5,-26,89,6,3,-41,8,18,-41,-57,0,8,-7,-23,8,3,4,21,-23,10,-42,16,-2,-2,45,-47,-41,-30,18,-12,-12,11,-10,98,-16,-28,81,28,26,-23,-2,18,-27,8,26,-12,19,17,-16,96,4,31,21,-20,52,-14,10,30,20,20,-11,87,8,-13,2,-26,17,20,-4,-9,8,34,16,39,-22,-22,-21,9,0,52,-3,11,32,12,5,10,-28,-35,-42,264174
14,86,15,-2,-11,-5,-45,-28,18,1,33,18,-20,2,40,0,0,-6,48,-4,7,58,12,33,14,13,5,-14,-4,26,-2,1,-13,-9,30,20,-25,26,-14,-18,9,-17,-13,5,-14,-10,66,28,12,31,32,40,-2,-6,34,24,-3,-6,-9,-6,28,-37,10,-43,-18,79,-16,29,-12,31,13,-2,-14,-28,-3,0,-6,-14,87,-9,-3,84,-3,35,30,2,29,-4,-11,23,41,-13,-7,56,21,33,-2,4,-5,-4,-75,-1,0,-83,23,-2,32,19,25,17,-36,16,-7,8,3,-5,20,-11,38,26,-7,37,-29,25,28,10,-20,-3,42,-16,-35,42,13,49,19,17,29,-29,3,47,38,25,-1,-32,44,13,-7,1,29,26,16,52,25,23,-46,22,3,19,-27,-20,-10,3,-15,16,-1,57,7,14,-7,8,0,28,2,27,7,-10,29,-23,9,29,-1,-8,-35,30,264260
-37,-100,58,-2,23,17,100,-15,100,58,61,100,51,51,6,100,-2,53,4,-24,-5,36,0,18,-49,-43,56,-22,-100,-92,-35,54,19,100,33,-41,-100,42,-32,-51,27,24,-29,47,-52,100,9,-14,21,-90,30,-28,52,-59,-41,-50,-27,16,38,-10,30,-88,100,-34,-34,100,-19,-17,100,21,-1,41,30,-20,87,44,48,5,-100,23,-13,38,-4,5,-42,-10,-23,-38,36,100,69,12,4,36,-32,-38,44,-4,88,-47,-88,51,30,-85,100,-7,98,48,-33,-34,-65,-19,13,17,56,13,-29,-31,-27,-54,-56,-32,-100,31,-55,18,14,0,70,36,-100,-100,97,100,-48,-25,76,-87,20,100,67,31,100,36,71,-100,32,58,-54,100,14,7,-36,44,100,-38,-5,-17,-99,20,86,31,7,-48,-18,6,-4,24,92,18,-42,-34,20,68,50,-30,100,50,88,-22,45,80,-38,36,264543
11,15,35,-26,-9,31,22,-10,-49,71,100,-28,5,-17,88,7,-66,-16,54,-24,15,17,-8,-20,-10,29,-29,-19,-4,-84,3,13,1,-5,-55,6,-15,39,-7,0,25,-70,-4,43,1,-15,58,7,17,-80,-23,40,12,-100,76,-35,-80,32,22,-1,-23,-79,-6,47,-34,-42,-19,10,-9,-20,-12,3,-81,-11,-56,28,-21,-22,5,-12,0,-58,-69,92,16,-2,10,-81,19,-44,52,-1,-24,19,38,35,-14,20,-64,-2,-84,34,3,-91,-43,0,-75,35,17,37,-23,9,14,4,-28,-21,26,-4,71,-28,-100,36,-66,50,-68,-24,0,-25,3,-39,-75,-10,-3,14,-19,-2,-3,-65,11,14,49,50,7,-36,2,5,3,72,-68,-32,-17,-31,50,48,19,4,16,13,-18,-5,3,3,-2,-8,-22,-35,16,21,-13,1,1,19,9,1,42,-4,-73,-6,36,7,6,4,38,-51,264687
15,65,37,-14,0,29,43,-29,-3,-33,3,5,54,-1,0,15,-19,27,9,-21,7,40,34,55,-8,-7,21,-19,14,-9,-2,29,63,-16,-66,-7,15,55,-18,-8,-32,-27,-16,50,-8,32,-7,25,45,-4,-12,7,27,-40,5,7,-20,30,22,-6,-13,7,32,-42,27,67,-17,29,38,56,32,27,-36,-29,-3,-8,23,15,66,0,-3,54,-23,2,-19,1,3,1,20,-4,24,7,-29,38,13,-15,2,71,-2,24,-44,6,34,-39,-43,21,3,-3,-16,13,-37,63,4,25,20,-22,-11,-1,-3,15,-38,6,7,52,41,-14,84,-14,20,-15,1,32,35,83,-11,0,-2,4,14,80,25,52,12,0,21,-14,4,-33,39,9,-22,40,72,63,40,-4,67,69,12,83,11,36,5,-6,-18,39,8,47,10,26,-15,-18,13,2,50,0,6,56,34,2,29,10,-37,-65,264836
-9,-11,15,5,-6,-13,8,-100,8,0,73,57,100,-7,-3,10,-5,36,-19,-34,33,12,53,76,-100,-30,1,18,-26,19,37,25,44,-70,-100,-1,-1,85,-18,19,4,68,-17,16,18,49,-31,-99,53,22,-100,-100,26,-36,38,-30,14,-13,3,-1,-100,-3,48,-15,0,-23,16,-100,50,27,49,57,31,-100,10,69,-19,14,-12,-5,-2,-41,-5,-34,62,2,-25,13,4,7,77,0,-60,14,26,61,-18,83,45,12,3,66,35,-49,20,16,38,-52,-18,27,3,41,30,0,1,-59,-33,-40,44,-29,-31,-100,-13,39,13,-32,100,5,62,14,-11,-35,51,-6,-100,-20,34,9,19,-7,77,38,10,43,62,29,77,0,51,62,-30,-1,63,84,8,-2,83,44,-4,100,27,33,1,-99,-31,7,34,53,96,-1,-62,-48,18,37,18,-42,38,100,22,-26,58,25,-18,-100,264891
-5,78,37,-20,7,-5,-49,-46,-20,-10,17,-5,64,28,6,4,-4,44,-6,-21,30,45,52,36,4,3,18,-25,-35,35,47,32,14,-6,-77,2,40,37,-22,-39,-13,-30,-22,28,-38,61,0,42,54,34,-17,70,33,-57,0,3,7,-3,14,-3,-17,10,45,40,39,34,-25,43,71,41,43,65,-27,-46,12,18,38,50,85,7,-3,17,8,6,3,2,-6,6,14,-20,22,5,-19,45,15,11,23,65,4,-3,-38,7,35,-44,-75,0,0,-2,-23,18,3,35,54,-21,18,-23,2,21,2,13,-56,69,-28,42,18,30,77,-20,61,-22,12,-1,45,12,-37,-3,79,-18,23,13,21,42,2,-25,60,-46,36,-10,14,-3,28,34,84,40,-50,0,64,39,35,76,-20,31,5,5,-21,27,30,55,24,-22,-43,-26,21,85,28,22,0,57,37,-7,66,-18,28,-78,264932
-3,41,39,13,-96,-29,-71,-38,62,-75,52,43,45,1,-21,9,-100,-18,-100,-6,93,-80,9,9,7,35,100,-96,15,100,-7,25,-60,15,-100,0,-22,39,-11,-1,-10,-88,-11,24,-2,-75,-100,36,34,100,-24,31,28,-94,-23,33,-100,-19,20,-8,-24,33,57,57,90,-6,-85,35,-71,9,7,21,-88,-42,4,-100,-19,95,48,-97,-8,-11,-100,-19,9,-6,-3,-100,20,66,74,15,7,-76,21,7,2,56,1,5,5,-100,-10,5,-81,4,21,-27,-51,20,21,65,60,-23,100,11,37,85,-27,37,-98,29,-43,17,-12,-100,-8,2,100,53,33,-19,59,-47,-100,16,-69,-46,16,-48,72,15,9,45,100,19,-37,-71,-10,35,-100,0,22,39,-69,0,57,65,-21,-8,-82,-10,13,10,0,0,69,37,-53,-21,-31,-57,16,-69,24,85,23,45,28,-4,21,-81,41,-100,264937
-28,19,5,-39,-34,10,9,0,2,-11,42,7,82,8,64,-1,7,-20,-36,-25,28,4,-41,0,-10,20,-14,-61,-45,-33,3,33,1,13,-55,-6,-65,34,-3,-4,21,-19,-4,13,1,18,-34,21,41,-28,-46,57,33,-92,-10,-43,-16,10,1,0,-47,-80,23,29,-12,66,-63,21,17,-5,-33,18,-18,-2,-11,11,-14,-18,10,-29,2,75,5,61,23,3,-20,-16,1,5,-5,18,-76,4,34,26,5,29,-10,-24,-87,12,40,-82,-29,-29,-33,-44,17,33,0,43,27,-6,-17,-73,21,17,-9,-50,-90,57,-72,26,-76,-39,52,-41,52,-38,-86,-9,28,35,-45,-47,-63,-76,13,34,-5,26,-2,-26,54,-51,48,-10,-73,3,-43,-2,66,32,7,-6,29,47,-67,61,-18,41,20,-7,-21,0,28,42,62,-5,-72,20,13,-44,16,17,-31,83,32,-20,20,-17,38,-52,265254
6,-1,2,-17,7,-8,19,-42,21,-28,32,10,52,-25,45,6,-13,-9,32,-22,2,33,-1,33,-27,-12,13,-3,-28,1,-6,17,25,-21,-63,-14,4,54,-35,2,-17,-44,-35,27,2,58,38,10,14,13,-23,25,20,-34,25,23,-11,-7,30,-3,-21,-69,33,30,-40,36,-2,10,57,37,-4,14,-37,-40,-43,62,-12,-34,-10,7,-2,36,-6,45,-48,-2,-4,-21,30,19,23,-15,-38,32,33,-48,-23,41,-44,-14,-76,48,56,-75,-52,-15,29,-35,68,37,23,33,8,22,14,-34,-7,0,27,18,-32,26,-40,45,-5,30,47,-18,27,10,-71,63,32,36,16,5,6,-37,8,35,20,46,6,-1,27,-23,63,-26,-12,11,22,57,43,57,16,-15,39,33,3,42,-8,51,-16,-27,-22,52,2,16,58,20,-34,66,8,0,26,1,27,49,12,-3,14,-10,23,-60,265287
21,53,74,-21,17,2,29,-52,-4,-38,-32,12,77,-22,-7,15,-35,40,-17,-24,48,38,39,40,-11,0,21,-32,7,8,33,29,53,7,-76,-3,-8,78,-25,0,-1,18,-26,38,4,65,-23,28,30,8,-30,0,25,-72,-37,-2,77,1,20,-13,-33,-2,38,-2,22,43,-35,31,67,42,33,50,11,-53,10,16,31,29,40,17,-14,26,-36,-13,46,-12,0,58,17,-2,-5,28,-23,34,53,40,-21,87,5,14,-32,5,13,-36,-15,12,-10,-14,3,50,-11,51,0,20,22,-32,-9,-1,-39,2,-71,-5,-1,40,4,-1,58,-21,74,-1,-2,44,37,50,-11,10,8,0,13,51,-4,41,14,9,74,-25,-5,-37,0,27,-2,11,71,72,27,-4,87,46,-7,59,-10,15,28,-6,-23,14,46,31,2,18,-19,3,13,0,40,-2,-16,75,30,-1,48,-17,8,-77,265332
-34,47,43,1,-8,20,-23,12,96,-1,70,99,89,-22,28,-1,20,16,44,-100,3,100,21,17,-12,23,-13,18,43,19,38,40,-32,-14,100,97,-99,38,-100,24,-5,-40,-100,-7,24,100,-1,35,-1,22,100,16,36,-48,-12,-3,-3,20,20,-10,100,-44,23,-36,-47,100,16,37,95,13,24,42,-43,7,-10,15,19,-51,48,-8,-10,54,22,27,43,-3,-26,-3,19,100,-22,-2,-39,100,34,51,-36,-38,-6,-22,-77,29,35,-86,25,-31,52,-100,-16,35,19,43,-15,-36,-15,-40,-30,-25,-4,-7,-47,11,-83,100,-1,39,64,0,67,-42,-48,-48,26,-37,-31,-48,-38,-100,13,-39,-18,100,-1,-34,66,5,-12,-3,0,99,42,23,49,36,-20,100,-37,49,-100,64,71,37,-9,-9,-88,24,3,1,90,-35,-65,-15,13,-3,-6,-26,57,60,57,-25,47,72,-33,100,265342
-1,38,58,-22,-8,38,-51,-33,10,27,2,19,44,9,-15,8,-26,2,8,-24,9,35,19,60,-8,25,-2,-17,13,-46,19,21,-17,-5,-73,-7,-45,40,-1,0,10,-28,-3,41,0,34,0,28,61,-39,-31,62,22,-71,4,19,23,36,18,-8,-30,-28,31,-56,-13,80,-21,25,34,62,20,32,-29,-30,-1,37,3,-17,37,-7,-11,72,-35,-19,25,-7,-14,26,17,2,19,2,-39,36,2,27,10,12,0,14,-60,29,3,-52,-26,11,3,-14,-20,1,-26,26,13,-9,-4,-40,16,13,4,20,-66,63,-6,41,21,-40,18,-27,52,-72,-37,56,33,1,-19,-3,-6,-5,10,1,19,40,4,-62,52,21,-24,26,20,28,-37,6,37,44,-51,-8,13,28,-43,22,-6,2,6,-6,-23,3,8,58,-18,-11,-42,-20,10,0,44,12,1,46,26,-9,32,-9,-51,-72,265578
-31,47,-6,-16,-1,-9,-76,-1,35,-43,-15,25,74,16,40,-4,26,22,99,23,23,-7,36,22,33,33,46,-31,-51,22,32,15,-56,-22,-11,-9,10,7,23,19,54,7,23,-32,16,100,95,43,31,19,-21,17,16,-39,31,78,62,-8,-6,-9,-18,-14,17,-38,24,60,-30,40,100,24,39,6,17,-6,-49,-24,19,20,39,-4,-7,56,22,38,6,-3,31,65,-9,25,-22,1,-26,-7,52,7,22,-25,-52,26,-41,-26,42,-36,-38,22,20,-16,54,54,15,21,46,-69,51,-26,29,8,38,84,-42,12,48,26,-37,5,13,-16,64,-54,-18,38,16,-37,-32,-11,34,51,-9,-39,-24,28,-3,-54,62,1,67,-42,-36,32,8,46,42,6,-79,-8,-26,20,13,14,12,40,0,33,23,45,24,32,75,-71,-27,50,-11,22,-31,11,20,81,0,33,7,6,-30,-11,265716
-22,49,27,-5,-12,7,-21,-60,10,-27,9,18,77,-14,21,10,-21,19,65,-27,20,25,21,15,-14,65,-9,-12,-52,-41,39,34,3,11,-76,-21,1,29,-43,-1,-86,-10,-40,41,0,68,67,35,27,-41,-31,0,32,-85,9,22,23,9,32,-11,-33,26,20,48,-60,28,-11,31,74,15,24,13,-11,-65,-2,58,20,-65,49,-13,-13,30,-14,20,7,-8,-7,21,34,13,24,-1,-17,23,37,11,-26,61,-2,19,-27,63,-3,-23,-9,19,-25,-39,34,37,-49,15,60,-23,-9,-14,62,29,14,26,-84,0,-21,22,-38,-4,24,-7,35,-66,22,42,23,28,-31,-21,58,-22,13,28,25,23,14,-63,35,-38,29,-28,-38,11,0,-17,64,33,-19,-22,62,17,0,31,-31,-1,-2,-12,-24,-15,21,28,37,-23,-58,35,15,65,43,28,-23,76,15,-5,12,-32,50,-79,266237
-2,56,42,-6,-31,21,55,-31,-25,16,-24,26,16,12,8,0,-40,10,0,-15,-8,38,44,34,-26,-19,-1,7,-54,-3,1,20,3,-1,-23,19,9,29,-30,-14,-20,-17,-32,3,-12,2,3,18,18,3,-6,12,18,-35,58,47,-55,20,7,-16,-11,18,19,6,-30,36,5,25,24,28,42,35,-33,-26,-25,44,5,-31,48,-22,-6,35,-28,-6,24,0,9,-63,2,-26,-34,-13,8,29,12,5,5,75,-39,-17,7,52,-38,-5,-20,-30,-4,21,-29,-4,-21,-4,38,-10,-9,-7,-14,-33,44,55,-41,6,16,3,-15,29,-14,-8,5,35,22,14,19,20,-25,-4,15,-2,7,18,-41,5,-3,58,11,-1,42,16,-7,40,45,-15,39,29,47,17,66,1,4,-6,17,-16,-10,-21,-18,-1,-8,18,56,-15,-8,-22,5,16,8,-33,-1,31,-5,4,32,8,21,-25,266273
-16,100,-57,-29,-49,13,-72,-1,-7,14,39,41,38,21,100,1,-4,10,-29,-16,7,-67,0,13,2,46,18,-33,-67,-95,16,15,-56,-5,-40,16,-100,-78,45,-98,18,8,41,9,-100,51,-36,31,24,-100,-39,-85,19,-51,99,2,20,11,-64,0,-39,-66,100,-15,-60,46,-35,31,58,13,1,-2,9,0,0,-12,10,-64,100,-52,0,46,-4,100,26,3,-19,13,-64,-10,36,-1,-91,-64,-100,20,31,12,0,14,22,-5,31,27,-16,11,-18,-14,42,-100,-84,63,-100,-11,18,-94,42,18,86,7,-50,-82,-55,55,1,-42,41,-30,78,-69,-71,-24,100,-78,-71,0,-76,-56,12,-75,36,56,1,-61,78,-15,-49,13,1,46,-36,0,53,-72,-71,12,13,60,-96,39,-9,30,0,2,-17,-1,7,24,-40,-11,-22,39,13,-77,8,17,-18,40,22,-19,-5,-6,-7,-41,266457
-4,96,-22,12,18,31,4,-41,-24,-31,62,37,-8,38,87,-34,100,-15,43,-23,-18,-55,-18,17,-11,100,-17,7,-7,-28,7,27,27,-2,-65,-13,-100,-40,-43,-4,100,-43,-43,8,-4,52,100,24,25,-27,-100,6,26,-18,64,24,100,32,17,-3,-100,-100,52,-27,0,100,7,24,52,16,-27,38,-40,-43,-38,-12,-24,-27,94,16,-6,60,100,87,67,-2,-5,100,16,-18,46,100,-31,-57,-87,62,33,61,-54,-22,-37,-22,13,-48,-2,-45,-22,-57,100,-89,100,-61,10,-10,-12,-25,100,-6,64,29,-17,4,-100,98,75,5,44,9,30,-100,-100,38,56,38,-72,-13,52,-54,7,41,46,100,-32,-100,28,-11,-49,-32,100,33,3,66,34,-36,5,-13,58,-62,-100,47,15,11,100,-13,-21,69,-16,27,-65,-13,-12,100,6,66,8,-5,-22,-39,34,-6,36,18,-36,-63,266503
-11,98,51,-17,-2,12,-35,-13,-20,-29,-4,23,72,-13,61,14,-4,-30,8,-14,44,51,7,32,29,34,-11,-30,-67,-49,-19,25,-25,28,-15,6,-69,10,5,-1,73,-89,3,40,-3,37,-6,47,50,-37,7,39,22,-83,-23,24,9,12,-14,-12,6,-64,-26,44,20,77,-28,47,39,37,5,22,-90,-14,-3,88,-36,19,95,-3,-13,60,-4,58,-11,-11,23,2,-17,-10,-21,28,-13,44,4,-11,-8,0,-7,6,-93,65,47,-86,-3,0,-61,-23,18,3,-66,6,28,-10,-7,-15,19,-8,-16,30,-82,31,-21,28,-26,-18,-35,-17,50,-62,-67,32,-25,35,21,10,64,-17,9,33,-23,28,13,-50,52,7,-20,-29,-24,27,-18,39,54,18,-40,6,-5,8,-71,-20,0,46,30,31,-14,39,43,49,-15,-13,-44,14,6,72,44,-9,-66,77,43,22,17,-8,54,-20,266797
18,46,36,-98,26,29,-9,37,-2,1,0,39,100,-58,58,15,15,17,-3,-55,-2,-74,36,31,-15,-43,16,-97,26,-46,23,24,62,34,-66,-2,-9,61,-35,-17,-10,-32,-35,65,-17,41,28,26,37,-50,100,89,25,-73,1,-8,-17,29,33,-2,100,-41,36,-45,28,51,-100,25,46,31,34,100,-33,38,-3,50,17,14,48,26,57,50,17,56,0,3,-5,-10,32,-2,79,21,-95,-75,36,-3,-58,73,-7,-11,-63,52,1,-58,-30,-12,36,-25,17,33,-43,87,37,41,16,-100,0,-19,4,-3,-72,89,-72,52,-5,10,3,-100,55,0,-54,55,36,68,-25,-9,-12,-43,14,69,78,52,16,4,54,-77,85,0,-6,40,16,-17,49,65,-10,-3,72,86,-7,13,30,3,23,-15,-54,-15,-2,36,47,39,-2,16,13,0,67,-21,100,72,30,-2,100,30,-41,-68,266815
-34,58,2,-18,-2,7,-48,-23,5,-23,12,4,66,-52,29,3,11,16,-52,-8,9,10,33,43,8,7,0,-38,-85,-28,10,31,-42,-1,-60,1,0,11,-11,-22,3,-32,-9,-2,-21,41,-63,31,29,-31,-21,15,32,-100,10,-11,32,8,-3,-8,-22,7,11,68,65,96,-34,29,48,52,33,55,-34,-27,-10,-25,15,57,42,-7,-8,88,8,40,14,-7,-5,12,-7,2,10,7,-33,10,26,15,-57,50,-10,51,-19,-22,0,-2,-22,50,-23,-19,-18,24,-41,21,17,-67,5,-27,-6,4,0,0,-100,10,18,3,-13,-37,72,-17,72,36,6,-26,10,-6,-41,-47,0,29,15,-7,10,3,6,39,73,-62,40,-23,-15,13,-34,63,72,12,-49,0,50,19,0,60,-22,-1,6,8,-6,58,11,30,24,-67,-36,-24,15,-13,-1,3,-23,74,18,-6,54,-26,73,-64,267235
-3,72,36,-5,7,16,-36,-37,10,-7,-12,18,54,-4,14,-1,-19,17,6,-8,30,48,30,39,-6,7,-7,-15,-14,-39,3,18,-4,-4,-37,3,-9,66,-18,-31,10,-20,-19,20,-31,45,7,23,26,-39,-8,12,20,-38,3,23,57,16,11,-4,-7,-19,27,3,0,27,-16,23,52,37,29,37,-19,-36,-2,-5,17,-1,66,3,-5,28,-22,13,-5,-4,-6,39,9,8,19,7,6,49,5,6,2,34,-4,-7,-40,-6,39,-43,-9,-9,15,-13,6,1,-23,38,4,4,-3,1,4,17,-16,29,-39,7,-14,31,19,48,49,-7,32,0,-18,17,28,-4,7,9,54,-15,8,-5,18,32,0,3,33,-9,24,-5,17,27,56,32,75,58,-37,3,31,38,-9,40,-6,40,8,-5,-7,33,28,26,21,2,-27,9,9,43,22,18,12,54,26,-9,35,-6,9,-37,267341
6,-9,26,-11,-41,29,-39,-37,46,16,28,61,38,52,26,28,41,-6,-21,0,0,21,15,20,-12,-21,-2,-6,33,10,23,13,54,41,-63,-9,-28,58,-23,-20,17,-45,-24,45,-20,36,-22,19,11,5,-22,3,14,-33,69,33,29,28,21,-8,-20,-8,14,11,-11,19,-7,18,35,19,16,14,-44,-36,-10,42,-5,-15,-10,-40,-7,20,32,25,15,-5,0,24,22,46,2,36,-24,19,11,13,66,45,-10,-16,-39,55,18,-38,-32,-14,14,12,-9,12,-44,-26,16,7,-1,-24,-25,-18,66,34,-33,6,-38,33,1,42,-21,-12,21,27,-15,58,12,28,11,1,4,-37,15,31,5,32,31,28,20,13,33,16,1,60,52,28,52,63,-35,-12,44,-29,-26,-17,30,18,38,-14,-1,29,0,9,37,7,0,-7,14,15,47,-17,13,34,15,2,14,29,12,-63,268097
-7,46,19,-20,-52,6,-56,-62,63,-28,0,60,43,-35,52,11,49,14,60,2,19,50,54,85,21,44,-7,-12,-58,-17,-7,11,-76,27,-37,5,-20,76,-24,-38,-5,-61,-24,23,-37,40,55,50,31,-18,-10,12,9,-79,-48,71,42,6,16,-13,-11,-30,35,-10,11,74,-17,48,41,84,55,24,-60,-63,-35,80,15,8,44,-51,-14,73,48,52,42,-12,35,46,16,62,-40,27,-31,47,-10,44,-40,48,-38,4,-43,93,-27,-41,-19,1,7,61,-10,-9,-17,37,63,-55,-8,-29,40,10,-46,76,-76,12,17,45,10,-27,-7,-21,18,9,-35,11,34,11,4,0,83,15,-8,12,-37,45,10,10,18,-17,18,-29,9,65,-21,23,64,77,-51,5,49,37,-19,-2,11,-27,27,21,6,20,19,30,16,-54,20,-10,-8,86,24,8,5,46,33,39,24,8,-17,-37,268259
14,57,19,1,-30,4,31,-44,23,-32,-91,59,37,-10,30,10,-27,0,53,-36,31,52,38,-15,-10,26,-15,-6,0,-34,-14,20,45,26,-48,5,-65,25,-22,-25,22,16,-23,51,-26,38,52,19,17,-37,-17,21,19,-85,6,46,-19,3,43,-8,-21,0,29,63,-22,84,-4,21,33,-20,41,14,17,-38,-36,-60,2,-27,58,-29,54,83,-27,28,-14,-4,0,-22,44,26,10,35,-28,50,20,-14,-17,65,-35,20,-57,-59,46,-54,48,23,5,4,26,24,-87,19,74,39,-21,-29,28,10,11,48,-83,15,-32,4,-26,-28,-38,-3,75,-85,-1,-26,25,43,100,-11,63,-38,15,46,7,5,8,-86,77,16,35,-30,-30,63,-26,-18,5,25,32,1,66,23,-63,-37,-23,45,36,-9,-33,-14,33,16,36,33,-18,31,15,58,52,13,6,36,35,-2,11,-26,61,-51,268411
1,34,68,-24,7,-9,0,-30,1,-57,-33,14,73,-19,7,16,-29,6,-33,-12,24,29,22,5,-8,-37,-14,-38,-7,-46,35,23,33,19,-68,-6,0,49,-23,16,-45,-17,-21,71,17,36,-29,27,41,-47,-12,-6,23,-85,-34,23,1,-9,31,-4,-12,-11,25,66,4,35,-37,23,39,3,23,32,-20,-35,7,-45,9,5,27,9,-2,43,-30,10,-19,1,-1,3,29,8,-5,31,-58,32,44,-21,-23,52,10,19,-73,-46,50,-73,-27,21,-17,-22,-19,45,-88,39,28,11,-12,-57,-37,6,-29,27,-84,-8,-4,30,-16,-15,8,-27,58,-25,-12,23,27,66,-6,-5,-7,-3,6,64,-5,31,17,-19,58,-51,26,-57,-17,4,-15,-4,44,51,0,-6,52,39,0,8,-31,49,28,-8,-9,-3,23,44,35,10,-14,-14,8,-8,73,5,-12,69,8,-1,32,-32,74,-68,268632
9,41,25,13,22,48,67,-45,59,93,-8,73,-59,-15,0,21,-11,-28,-1,23,-13,-7,22,14,-31,-15,42,36,48,-29,-2,13,31,0,11,-3,-29,12,-26,-31,-47,-1,-24,16,-27,2,-14,-27,-20,-31,-21,-21,16,-23,-32,55,-25,47,39,0,-20,1,8,14,29,52,36,-28,-10,14,19,-41,-6,-46,-69,7,-29,23,38,24,-1,38,-1,5,6,-2,11,-17,38,59,31,-23,27,-5,0,6,-9,5,-71,-27,-64,-8,-21,-69,-5,-22,66,26,38,2,-38,3,9,21,44,27,-15,-27,-29,52,-24,-24,-33,13,18,-18,2,12,86,45,5,27,6,18,-11,0,3,-32,0,19,31,15,22,47,88,-27,42,94,17,78,-7,63,77,11,69,-4,6,1,-28,12,-61,-22,-26,-31,23,67,-13,-18,32,20,50,33,0,7,14,-27,68,-70,-52,8,-41,-53,8,13,268731
15,-18,19,43,-100,82,32,-14,-1,-74,-9,-59,1,-19,-20,100,-10,-2,-34,-70,5,23,32,4,-16,17,-80,-9,100,-17,11,10,34,17,-19,9,-100,32,1,-93,0,46,2,-32,-89,44,-20,-11,29,-19,7,19,10,-100,-81,-13,-23,81,30,-3,6,-48,97,33,-39,-17,0,-13,51,5,34,-31,41,-14,-1,41,1,-41,-9,-100,-1,0,1,-23,-8,0,9,-32,27,-7,100,-7,-26,23,34,-6,-30,4,-2,10,-59,45,-3,-61,-35,8,23,18,-24,34,-33,24,-6,-62,-74,4,22,72,-92,-12,-100,16,-14,28,-68,-28,-11,32,93,-52,-52,47,100,-4,-100,22,29,-15,0,-3,100,27,100,-53,93,-32,31,-74,-69,-39,-23,-80,98,29,29,8,0,27,-100,-10,-15,1,-7,-15,-69,-82,8,31,42,-66,9,-18,0,27,-29,66,22,1,19,8,-31,-12,43,-21,268837
-17,67,-8,-16,-20,11,-12,-21,45,4,-2,48,40,-1,-7,10,-19,-7,-100,-5,10,3,-6,10,5,-33,11,-15,-54,4,32,22,-27,-18,3,-17,3,51,3,-24,-17,-41,1,14,-24,47,-100,18,-2,16,-28,-1,20,-44,7,45,0,10,3,-9,-29,-36,-8,12,5,70,-15,19,51,3,2,5,-32,-24,0,1,0,-8,60,-21,-8,70,-22,-6,-55,-6,15,-3,2,45,-11,-4,-26,3,23,-64,2,66,8,8,-26,-23,21,-31,0,8,-12,-9,1,22,-24,5,36,-38,11,-23,-30,9,13,46,-44,-4,-28,37,-9,-18,50,-17,23,-11,-43,-14,-6,29,-11,0,23,-29,8,28,-10,37,10,-7,23,-2,30,4,-1,48,-20,16,27,52,-12,-15,64,3,3,52,26,18,-5,7,-3,25,8,0,43,-39,-47,3,8,38,15,9,-15,33,13,16,6,24,19,4,268942
-2,52,-55,-73,-29,-5,-10,-10,-18,-43,100,46,17,44,73,6,85,17,-14,-100,100,-34,7,39,8,2,100,47,-16,-22,4,17,-55,77,-43,-4,-100,-32,-12,41,-20,2,-13,45,42,52,-10,43,54,-11,-100,100,17,-31,0,3,65,-2,0,-7,-100,-22,-91,1,-3,58,61,40,55,43,10,-23,-2,-10,-6,100,17,-3,57,-29,-5,58,76,73,9,-1,9,66,-1,-15,100,-7,-87,-34,64,22,41,16,-5,-5,-46,100,17,-44,-7,-6,14,-42,25,66,98,22,24,-100,100,-99,1,-18,0,14,-31,100,-20,-100,32,75,100,-70,-54,-61,-22,-41,-91,-14,-100,100,-100,-20,14,-16,100,-100,8,-65,-76,1,1,-51,33,47,78,56,-1,-30,-13,-5,14,23,-100,100,-28,17,-7,9,-100,49,100,55,-2,-100,-28,24,14,-100,47,-7,16,20,100,9,-24,-29,0,-43,268947
-3,65,24,-8,-100,27,-44,-4,23,-44,-5,-2,33,-29,19,11,-2,39,18,-10,-6,29,29,23,12,-23,-100,-12,-54,-48,-16,28,42,11,-61,-1,-27,3,5,-8,-22,-3,7,51,-6,-44,14,39,53,-56,-28,67,26,-42,-16,-10,13,9,12,-6,-30,-26,15,-16,-33,42,-18,36,-48,24,27,25,-3,-6,1,47,37,-34,59,-100,-6,39,-6,16,28,-1,-7,5,13,18,51,30,-33,26,64,36,-32,66,0,4,-78,39,44,-77,-100,1,-2,-33,-24,65,45,40,100,-18,-100,-18,-25,47,-17,-13,-37,67,-12,16,-17,-28,40,-10,100,-6,-33,47,15,24,-37,15,17,-13,12,26,54,14,15,-2,100,10,25,-60,-16,-2,-32,33,-52,1,-43,-1,66,38,-24,44,42,43,29,9,-6,30,-15,51,29,-16,-33,-26,14,26,52,34,-4,33,19,-6,25,40,-18,-62,268996
31,21,76,-4,-13,19,0,-8,0,-35,30,39,29,-61,25,0,-52,11,24,2,-1,33,31,22,-13,12,12,-2,14,-93,2,14,-33,-37,-26,40,15,35,-1,-18,61,-34,-6,20,-24,20,21,6,21,-85,7,16,16,-44,-21,-58,52,19,4,-8,7,-15,41,6,-51,35,-1,3,29,23,24,48,-40,-3,3,79,3,-48,31,-19,-8,27,-40,21,-60,-10,4,63,6,0,39,-18,-3,28,0,-56,-44,44,-4,1,-20,52,23,-15,-16,1,63,54,9,0,-44,-7,-27,14,15,0,10,-11,-40,-57,-43,19,-19,43,14,27,19,-4,31,-7,-13,6,36,17,-54,7,-32,-18,14,19,37,42,1,-15,31,9,5,-36,10,44,21,6,51,35,1,34,46,-18,20,33,4,27,-12,-16,-3,6,-2,17,5,15,8,11,13,-7,20,-11,56,24,0,2,43,4,7,-27,269154
-17,34,58,-27,13,14,-24,-6,19,-39,-10,-2,68,-15,4,5,28,1,11,-20,18,29,5,43,-5,49,-25,-46,-1,-8,27,29,56,-14,-58,-9,-35,-3,16,-20,-81,15,17,82,-26,-3,3,38,79,-12,-25,96,32,-57,-27,-10,-40,13,22,-4,-23,-57,52,-11,-11,39,-45,39,3,48,4,24,5,-6,-29,-9,0,-11,26,7,-6,35,21,4,-1,1,6,-39,20,14,29,-8,-43,29,29,0,-16,34,-29,-5,-57,-2,39,-56,-30,-8,-6,-51,-23,30,61,51,31,3,-20,-42,41,21,-23,-13,-51,94,-31,4,-19,-62,45,-28,5,-9,-61,0,51,81,-20,-6,-39,-32,24,80,30,3,6,8,4,-37,-7,-37,-21,4,-63,28,58,-3,-24,-8,34,50,-35,44,-10,39,-7,-3,-18,20,19,79,-8,2,-61,-24,24,-30,83,21,-9,71,27,5,24,-10,-8,-60,269218
37,83,18,20,-12,6,47,-7,18,48,17,6,55,48,52,8,-37,31,54,8,-26,16,69,45,-14,-13,19,32,60,-24,-4,4,19,-3,-17,11,-7,47,-1,-6,15,-47,-1,19,1,-4,67,3,26,-19,1,31,5,-33,37,7,-15,7,24,-5,1,-18,11,10,-11,-28,31,0,0,50,63,12,-45,-9,-35,46,29,-16,75,-9,-5,-19,-9,57,-4,-3,12,-8,23,20,43,12,55,15,2,6,47,34,-41,0,-30,22,36,-38,34,5,32,20,87,-3,-43,52,-30,44,13,47,-16,-3,33,12,-35,29,-31,-3,30,44,5,19,64,45,-13,1,11,48,38,17,72,-16,11,48,42,-3,10,23,65,33,-28,47,20,14,51,51,49,38,47,8,34,51,-5,9,6,35,12,-14,7,54,-28,26,-21,44,13,88,10,74,19,-3,31,56,7,10,11,16,9,-19,269444
-8,23,88,-18,-16,21,-3,-57,25,0,-50,37,77,-43,-11,15,-35,-11,19,-42,-7,33,-20,63,-21,55,2,6,-38,-3,28,38,34,22,-100,-16,-22,28,-31,30,-29,-24,-35,74,35,50,26,39,51,0,-48,33,39,-98,5,-9,-10,18,38,-14,-48,-62,32,-84,33,97,1,34,51,60,-16,40,-27,-56,-58,36,-8,29,29,-14,-12,100,-31,-22,-5,-6,-10,-12,37,18,17,25,-49,33,23,-4,-38,55,-61,12,-100,21,39,-99,-85,8,-2,-21,-58,20,-75,28,56,-9,0,-49,50,9,-2,-9,-100,28,2,34,-34,-74,27,-21,44,-82,-70,0,32,55,-58,-27,7,-1,11,52,18,35,17,-63,44,3,-2,0,-31,50,-64,-15,61,28,-7,-16,52,29,-25,36,-12,46,26,-19,-41,-10,-6,46,23,-12,-56,-56,13,9,78,10,-7,81,42,-9,36,-14,-60,-100,269641
-26,58,-16,-14,70,7,-46,77,19,-16,100,7,-2,-9,58,-2,-9,20,-11,-31,16,-22,0,14,-11,-5,-16,-83,-58,-48,-14,30,-25,-7,-61,-12,-3,97,-14,11,9,19,-16,22,12,40,31,28,46,-49,-28,-60,31,-50,-23,-10,-75,5,24,-2,-28,-55,2,10,-56,88,-88,28,37,14,2,19,19,80,32,-1,23,-27,60,73,0,64,-5,58,-25,3,-8,-78,24,15,0,-23,-35,-23,11,-4,-14,-77,33,-18,-100,7,35,-98,37,-96,52,-85,45,11,-31,22,25,-35,-19,-39,26,0,-31,-11,-47,-57,-91,26,9,-26,-4,-17,6,-20,-70,-100,4,25,-30,-4,47,-27,8,26,0,23,-4,-10,6,-72,-21,-15,7,13,-30,42,49,100,-45,-13,-77,30,-8,-1,-5,35,-19,-10,-28,38,15,46,-15,-36,-32,45,11,64,23,-1,52,-3,34,-6,19,0,13,-60,269688
1,58,84,-49,16,-8,25,-21,1,-2,0,-13,57,-23,-26,17,0,-16,-8,-30,9,45,-3,20,-7,-22,32,-61,29,42,36,32,34,-1,-23,-3,-24,31,-18,-11,-31,39,-22,67,-14,17,-8,19,24,41,-10,33,31,-35,-38,4,49,-8,34,-1,-6,-22,34,-9,-15,3,-60,19,18,21,-1,3,40,-19,-30,-46,-13,-13,57,15,-3,2,-1,-26,-10,0,0,42,31,-4,36,-6,-36,42,35,-7,-22,70,-31,6,-14,-52,56,-17,-44,4,-16,-39,-23,35,4,47,-10,27,33,-35,-24,9,-33,6,-29,35,-5,31,0,-20,32,-50,60,-3,-22,25,30,61,-3,16,-31,-7,34,64,34,35,21,1,58,-17,43,-3,-2,-5,-17,20,43,29,21,-6,67,41,-24,36,-10,61,-2,-3,-37,16,9,20,47,25,-63,-19,34,-35,67,7,-16,61,35,3,-1,-8,-6,-23,269726
-18,81,61,-12,98,9,76,-34,100,52,43,90,95,-37,-2,100,-14,36,57,-13,12,100,39,54,-8,13,35,-19,-30,-75,-49,36,-3,11,24,-13,-57,-65,-14,-44,-34,20,-18,54,-34,66,0,10,32,-65,-39,-30,40,-53,-23,65,-6,6,23,-10,-37,1,3,-10,-14,62,-20,16,71,48,42,-45,61,-27,12,6,35,-20,73,100,-7,65,-11,-15,9,-3,-7,-28,19,100,61,1,-95,100,18,17,-40,54,6,5,-27,-28,36,-30,-52,-4,80,-17,14,3,-79,-65,74,0,29,-100,0,-25,-14,65,-58,-35,-33,17,-26,-100,-10,-13,78,-82,-2,-100,6,9,-14,-26,30,-49,13,9,55,16,100,-30,83,36,57,52,-18,100,-100,43,65,-68,68,-16,49,-57,-63,-3,65,48,4,-5,-20,55,10,29,85,-6,-28,24,12,35,54,-27,79,100,17,-13,-51,67,24,22,269728
9,34,40,-12,13,0,29,-12,45,24,-63,70,53,32,-6,14,0,-17,-35,-12,20,17,8,21,3,-54,21,-17,7,-43,-12,20,-13,27,-31,13,-27,43,-9,28,-19,-72,-12,42,24,-41,-20,23,27,-40,-14,98,21,-48,20,-18,7,0,9,-3,-15,13,9,4,-41,42,-17,21,-37,22,4,-100,-50,-12,-1,-10,-17,-43,27,8,-20,29,6,-7,-35,33,7,7,9,39,21,21,-17,15,-4,-37,28,68,-6,2,-43,-9,5,-44,4,1,62,47,-8,-5,-28,57,25,-14,25,-12,-3,-14,23,-9,-46,100,-77,18,11,6,-22,-13,28,32,13,25,8,23,-19,-8,13,-32,8,24,21,18,18,-12,27,9,83,24,12,82,1,21,50,47,27,8,65,55,-27,-14,33,0,27,0,-15,22,21,27,29,-15,12,-12,7,6,43,-15,59,28,18,10,-100,33,-4,-31,269852
0,31,33,-21,-14,6,14,-47,-24,-4,0,12,99,-55,13,15,-29,-20,-63,-9,13,46,-2,23,-15,-3,-17,-20,-20,-30,0,10,11,27,-64,-3,-23,47,-14,-1,-89,-29,-12,58,0,66,-68,14,34,-22,-7,12,8,-100,-4,87,-21,6,43,-7,-5,-24,45,64,-18,22,-21,13,71,23,0,15,-31,-49,0,100,-16,-26,32,-12,-1,28,-32,13,-8,3,-5,-13,41,-23,30,15,-65,46,49,-10,-51,62,5,25,-51,100,23,-41,-31,21,-39,8,9,49,-52,-3,16,7,-19,-70,-6,9,-2,82,-100,13,8,39,-38,-45,-27,-21,7,-71,-33,46,44,32,11,4,30,6,5,31,31,40,16,-60,6,-32,20,-5,-36,11,-47,-36,47,49,14,-1,63,-2,-21,-25,-27,19,15,-17,-4,-37,13,36,29,9,-18,15,7,40,61,8,-38,100,18,-4,17,-27,66,-65,269962
-1,-15,7,-39,-11,29,-33,-40,8,-4,12,35,26,-32,54,4,4,-19,-6,-4,9,26,-11,-17,-3,-14,8,-31,-32,-14,-2,20,-7,6,-47,-1,-18,30,-17,-9,34,-19,-15,16,-10,56,-13,26,26,-9,7,24,20,-71,7,38,34,30,10,-8,4,-21,11,41,37,22,-31,25,55,-16,-12,14,-20,-43,-9,63,-17,32,-13,-13,-6,18,5,57,11,-3,-11,29,9,12,2,16,-50,26,28,16,-35,45,-11,-4,-15,62,15,-13,-2,-6,22,-3,-4,26,-42,28,-9,-10,10,-46,-18,-15,10,41,-72,22,-48,5,-64,-20,-9,-39,35,-46,-27,-25,13,-6,-23,24,-24,-49,10,-9,4,7,8,-41,33,-38,15,-4,-63,38,-20,-17,48,38,-33,-1,42,32,-20,-12,-11,15,16,-3,0,-16,11,27,19,-7,-9,-3,11,-21,17,-15,23,27,28,-7,16,-10,39,-52,270141
-19,47,70,10,-4,65,4,-44,-37,-28,-60,7,73,-12,46,20,2,19,12,-25,12,17,23,16,-17,-17,23,4,-49,-67,18,39,5,13,-54,-21,8,47,-32,17,-58,-15,-33,76,11,98,13,14,17,-54,-29,7,34,-73,-8,36,-15,64,29,-3,-30,45,-20,0,40,92,3,17,94,20,27,3,-23,-43,3,36,23,36,45,-5,-1,86,10,54,-12,7,-2,5,27,-39,31,-1,-12,16,31,-12,-20,58,6,-20,1,39,26,11,-58,-21,-42,-2,14,25,-77,14,32,-30,23,-5,-16,29,2,30,-74,7,-50,58,-55,-27,21,12,55,-3,40,78,-21,31,-42,-14,29,-47,12,31,32,58,18,17,56,28,26,-26,-58,10,-26,6,27,50,5,-17,61,11,9,21,-40,27,-3,-15,-22,5,12,18,38,-31,-20,16,12,36,75,30,-41,75,22,-3,3,-36,10,-52,270219
-29,80,58,0,-14,15,2,-37,-9,-23,-25,-13,27,-23,31,2,3,24,45,-24,19,-2,21,40,-28,12,7,-13,-37,1,26,36,8,-18,-39,-23,-1,31,-35,5,-44,-74,-32,35,6,27,37,9,-6,13,-30,4,34,-47,12,16,-24,14,25,-1,-32,-35,30,-57,3,70,-13,9,32,35,17,-6,-76,-41,-20,31,19,4,68,-12,1,71,-1,19,-9,5,-9,-24,23,0,-2,-23,-48,-1,26,0,-21,41,-25,9,-37,23,30,-51,-27,8,15,-17,-27,25,-66,39,18,-33,6,-51,13,-12,20,10,-45,0,-3,33,41,-57,23,1,55,-64,-30,35,32,26,-43,-23,22,-11,16,26,-3,32,4,-51,58,-64,-47,-22,39,-12,-52,39,55,25,0,-20,41,41,-3,20,-19,34,-25,-25,-18,49,18,-4,-30,-35,-26,-23,13,17,36,-12,15,23,0,-10,-4,-18,-34,-39,270335
-19,29,70,-8,-3,-9,29,8,11,-22,0,40,45,7,43,7,22,-13,26,-10,9,26,-13,-17,-20,65,3,-19,-36,-19,35,34,18,22,-44,-2,0,29,-5,4,19,71,-6,42,8,58,16,21,46,-20,-20,44,35,-69,-1,43,-16,-11,8,-2,-20,-73,-52,86,-22,60,-21,22,66,-17,-15,12,72,11,9,15,-19,-23,20,-1,3,39,9,30,13,9,-2,-23,6,5,4,14,-29,25,18,21,4,50,4,4,-100,30,52,-100,-48,1,32,-9,5,13,-34,44,29,-7,1,-27,64,-20,1,60,-71,44,-60,11,-24,-9,14,-8,64,-52,-75,48,-50,54,-55,-12,5,-65,8,57,0,11,4,-39,63,-1,-14,-20,-25,58,-17,42,34,29,25,-4,48,48,-4,17,-28,58,15,-17,-13,43,8,46,-2,-12,-58,-2,5,8,42,-20,31,45,11,-2,9,-30,87,-44,270373
-29,11,-8,-16,11,3,-8,-36,-20,-40,42,3,43,-21,19,1,-1,-35,70,5,17,39,-19,11,-4,36,14,-14,-71,28,8,24,-13,15,-45,0,15,80,0,-3,-60,-19,-1,16,-8,59,74,34,45,33,-8,17,23,-54,23,34,-18,3,0,-10,-14,-66,25,10,-64,44,-17,31,57,16,-14,42,-18,-32,-41,34,-33,-64,9,6,-10,46,-3,23,-3,-5,11,-19,6,-17,-19,21,-40,37,32,-11,-17,65,-42,-23,-97,16,38,-97,-10,-24,4,2,11,32,-8,30,63,-38,8,-41,30,-8,22,31,-53,16,-53,19,-41,28,41,-19,42,-43,-70,30,25,46,-60,-29,10,-60,7,43,-22,14,0,-36,45,-1,21,-38,-42,12,29,9,49,79,-8,0,65,34,14,41,1,40,22,-8,0,10,15,42,35,-43,-17,21,9,16,24,-7,1,44,25,10,37,0,23,-49,270407
-22,-16,58,-100,-62,-97,34,-33,-7,-38,-36,30,92,0,-95,57,-58,-1,-36,70,-7,-59,18,32,-11,-4,86,-23,30,-98,16,25,8,40,-48,33,-46,44,-87,11,-49,-54,-100,44,12,64,-34,27,-57,-96,40,44,25,-63,49,51,6,-100,25,-6,36,-22,-39,14,-9,-45,-24,26,68,30,21,-100,-60,-31,-29,25,1,-11,-10,-61,-2,-37,-51,-100,0,0,-2,4,23,-9,64,-100,-6,-61,27,4,-1,56,-31,27,-59,31,32,-58,-10,23,47,-32,-62,27,-100,99,27,-100,85,-9,-4,-56,48,49,-64,45,3,2,40,-39,-27,-100,-75,-12,-26,-100,-38,-100,-79,-35,23,1,1,-100,64,2,59,-3,-75,-16,-31,-40,42,35,-27,15,29,45,-78,33,-16,100,-44,-27,16,37,-100,-8,70,17,-6,-66,-22,-100,-27,-58,3,24,46,-56,47,92,29,0,-100,16,20,-60,270532
23,3,62,13,61,-100,18,5,28,-68,29,-100,46,15,36,60,-42,20,19,-26,-24,-100,25,30,-40,-18,17,-58,-78,-83,31,29,29,47,-42,4,-100,-65,-52,-18,6,37,-52,81,-20,38,18,9,4,-89,-15,39,27,-79,72,44,100,-100,46,-9,-14,-80,100,43,-38,100,-54,8,36,28,27,14,48,4,16,100,23,-38,-14,57,-6,100,-34,37,-60,-5,-10,100,48,25,100,-8,10,-100,26,-68,15,91,18,-19,-25,47,27,-29,-10,-19,-6,33,100,28,38,100,67,-100,20,52,-17,45,70,42,-74,47,-98,37,-30,29,1,0,43,-55,-81,-100,100,49,4,18,40,-99,20,48,100,38,61,-64,41,-37,0,-67,-28,-100,22,-15,41,-64,23,4,96,100,-100,0,27,20,-8,-42,-21,-16,8,3,0,-94,-14,100,21,46,79,25,-6,38,7,-5,16,28,30,-41,270617
-20,17,-58,42,-56,-29,-54,91,14,6,-16,-59,28,29,53,8,11,22,13,0,-4,-100,7,1,21,100,100,-39,-96,-65,34,-30,-35,-2,-17,42,-100,6,-7,-1,23,-23,-18,-17,-4,45,9,33,45,-64,-100,28,16,-60,39,8,85,-30,-15,-30,-3,-26,0,32,-22,60,-41,29,45,-24,9,41,-24,-8,18,-51,33,68,13,-62,4,63,0,48,24,75,-9,81,-12,5,70,8,-62,34,44,15,-35,45,19,-11,12,-100,-22,14,100,-13,84,-21,40,37,-60,32,60,-60,100,-91,43,33,-40,12,-61,3,-57,92,-44,21,25,41,100,27,-24,50,-2,-25,-98,88,-24,-62,20,-41,75,100,9,37,62,-4,100,5,-27,-61,69,-2,100,-11,-72,32,49,29,-95,27,100,-19,13,18,23,1,-5,15,81,-100,-16,38,19,-29,-19,31,84,40,53,-4,36,100,35,-55,270861
6,100,75,0,79,-99,-17,-14,0,33,-14,1,100,28,4,18,27,-42,-68,-69,100,23,-2,34,-5,1,40,-33,-100,-28,20,24,0,17,-60,-4,6,7,13,43,-71,1,7,69,42,67,-64,23,22,-28,-41,25,23,-100,43,-57,60,-100,37,-7,-43,52,17,76,3,36,-35,21,70,33,-5,15,-4,-17,-51,35,-43,3,99,78,-4,37,21,4,-77,0,-3,50,38,-5,26,10,5,23,43,-80,30,86,-53,31,-5,42,-6,-2,41,31,-2,100,27,43,-11,23,8,22,38,7,-1,17,40,-55,-100,26,-81,40,-26,-36,-18,-1,39,-76,51,100,16,-39,-62,80,37,-80,11,-49,26,41,22,-76,40,-26,97,32,-26,3,-33,-60,37,5,-55,-5,45,20,8,-17,-9,-5,21,-5,-69,-58,100,16,97,21,-7,30,12,33,100,17,-5,100,37,-1,14,-13,79,-78,270901
-1,28,71,-4,-11,2,-21,-41,16,-18,15,31,48,-21,26,22,28,-100,4,-13,3,35,3,22,-15,46,-10,-6,-4,-34,1,24,34,28,-88,-8,-9,88,-14,-12,-38,10,-16,63,-7,57,5,24,49,-35,-34,50,22,-76,22,73,45,1,20,-10,-36,-2,14,-8,-15,84,-8,22,59,19,9,26,8,-41,-47,57,-100,-24,23,-8,-10,95,18,21,17,-7,5,29,18,16,20,30,-44,31,11,17,-16,10,-43,2,-86,75,29,-79,-22,-1,18,-20,18,9,-62,44,22,16,-12,-45,46,-3,13,76,-74,51,-61,34,-46,-14,34,-6,49,-49,-12,31,15,43,-30,-6,17,-67,11,42,22,35,23,-37,50,-16,8,-20,-44,37,-13,-19,33,88,-21,-7,9,46,-9,43,-11,32,34,-14,-10,-21,3,47,22,15,-21,22,10,31,66,-4,17,53,26,7,26,-15,0,-90,270965
-12,72,84,-45,74,-29,-82,18,-49,7,-54,70,100,60,100,16,3,64,-67,-11,49,73,48,14,-9,20,1,-96,100,-89,23,25,61,5,-67,-16,-13,100,-18,-100,2,52,-20,60,-100,73,-74,39,22,-100,-12,46,25,-75,22,24,27,-26,20,-8,-11,-9,43,100,-58,-53,-83,36,78,14,43,26,47,16,18,100,62,-56,68,72,-6,-59,2,100,-56,-1,4,31,20,-55,25,-3,-43,74,100,-53,62,100,15,89,-33,65,-5,-32,-13,86,34,-49,6,100,-100,31,20,-4,35,-53,16,-21,20,29,-75,47,-29,100,20,42,18,-100,6,-93,-12,67,46,50,-28,36,37,-30,16,49,23,100,16,-100,19,-21,36,5,23,78,44,-60,69,100,-83,-18,100,30,-12,21,-100,-4,1,-10,-10,-58,63,23,23,-8,-14,3,15,40,62,-38,33,100,18,5,26,-100,100,-67,271114
-28,38,57,-1,16,4,-24,-8,4,-13,25,25,68,-26,87,4,-39,-11,-5,-35,18,4,7,15,0,19,-13,7,-73,-42,28,32,15,20,-90,-6,-25,37,-9,-30,-16,-23,-9,57,-31,69,-16,36,56,-39,-66,49,33,-85,-12,54,9,3,-1,-5,-64,-57,36,16,33,37,4,41,79,16,9,29,-28,-1,4,-22,-9,26,45,11,-3,40,-40,85,-16,0,-3,9,-3,0,-17,3,-16,3,21,-16,-29,48,9,19,-32,-28,42,-29,8,13,-29,-6,22,19,-5,30,37,-47,-13,-23,22,28,-29,56,-81,49,-37,-2,-30,-11,12,-2,0,15,-65,36,35,16,-44,-29,33,-47,11,15,-20,-1,0,35,1,-28,-55,-12,-29,38,-16,-12,68,31,-26,-5,47,28,-24,20,13,44,4,0,-35,-15,16,54,-47,-50,-39,19,12,50,57,29,-34,74,36,-5,28,10,28,-88,271347
-21,34,25,-13,-100,67,-2,0,100,-10,39,100,48,53,13,-3,50,0,-10,4,-46,-100,6,9,9,-41,30,-18,-14,85,0,12,57,-12,-32,43,-6,-71,14,56,-5,-9,11,34,54,-85,-18,33,50,42,-13,41,16,-35,100,-21,-100,67,10,-3,9,-31,97,12,-29,4,-16,27,-85,9,1,48,-6,-2,-16,-100,-6,-24,35,-100,-1,-12,53,13,53,4,-11,-100,11,100,59,-3,34,-100,28,55,51,53,-21,-11,-35,-100,30,-44,-23,-10,71,-25,-13,30,100,100,5,-100,33,31,-48,3,100,-22,-32,45,-33,-16,-12,-21,42,-16,23,0,-29,-100,94,-12,29,100,-19,-32,11,-11,60,-16,0,0,24,62,60,-11,-15,100,-23,21,-100,-73,-2,39,54,100,-3,43,51,28,-1,6,4,18,-45,53,51,-100,-3,-17,10,-20,34,2,72,42,57,-10,46,49,5,-31,271403
27,18,58,-11,-18,11,-19,-26,31,31,-12,33,57,-14,31,23,4,4,1,-15,8,33,5,33,0,85,-5,-7,79,-37,33,10,71,38,-34,-11,-25,28,7,56,-19,-20,7,61,58,87,-1,26,45,-38,-17,26,12,-63,1,69,-17,12,24,5,-16,-63,7,-7,-34,48,-6,22,86,34,9,18,-15,-28,11,6,7,-38,27,-16,8,47,4,29,1,11,14,-8,23,36,6,40,-8,34,22,2,-16,38,12,-9,-100,8,62,-95,-38,-13,-19,23,22,20,-38,9,19,20,-4,-6,78,1,-5,65,-60,26,-28,12,-29,-17,0,-13,2,-4,-72,-21,9,63,23,11,6,-28,9,63,4,13,23,0,4,-42,-1,30,-28,44,-10,22,52,28,-23,-13,38,15,-26,3,-8,61,41,0,-11,19,8,47,6,18,-19,19,10,5,62,0,-20,62,42,15,18,-7,-4,-35,271452
-2,52,74,-8,-13,32,-17,-43,37,28,-11,34,18,-49,52,15,5,40,49,-7,4,6,18,32,-15,85,16,-9,24,-13,6,27,-31,19,-43,-11,-28,52,-8,9,62,-2,-13,45,12,68,41,14,22,-5,-33,12,27,-76,34,1,5,31,22,-8,-33,-55,17,-48,7,82,-10,11,70,31,17,17,-6,-40,22,66,40,7,39,-13,-7,72,4,49,13,-2,-6,8,24,31,1,25,-49,4,44,14,-37,47,16,14,-100,63,25,-100,-23,11,-23,31,55,41,-66,48,15,-23,16,-47,75,7,40,3,-74,14,-45,34,-25,-8,-8,-10,58,-79,-58,65,15,-13,-25,-4,46,-48,6,-12,2,33,17,-69,58,-19,-27,29,-21,43,-4,-20,33,55,-14,-14,48,45,-26,-2,0,33,30,-17,-10,-14,4,17,-21,-24,11,52,8,56,45,7,-27,19,19,-3,13,1,-44,-48,271459
1,65,40,37,11,24,23,-44,33,1,-58,58,31,-19,-17,7,6,1,16,-21,-5,16,16,14,-19,-4,-9,26,18,-21,2,16,18,21,-44,-4,-25,41,-17,-4,20,2,-20,39,-6,33,15,12,14,-19,-15,-8,18,-23,-3,10,-15,23,21,-8,-17,-32,-13,-9,-11,16,26,10,39,13,20,12,3,-47,-23,-48,5,-17,67,11,-5,24,-6,-17,-10,-4,-11,-24,24,31,18,14,15,15,4,-10,-14,70,-19,-7,-55,-41,30,-51,-52,-9,-20,39,-52,3,-66,18,14,-10,-8,16,-6,15,-4,14,-20,-6,-32,32,-2,13,6,35,8,-18,-34,40,-13,28,-14,-11,-87,-31,5,29,21,31,11,-10,9,61,49,0,-2,55,9,33,42,39,24,-5,73,12,-21,9,-6,29,14,-19,-19,33,-5,12,63,-8,-3,-48,6,-83,41,14,-22,28,12,-7,11,-7,-1,-49,271688
-9,-28,17,-100,-4,1,35,4,100,1,-100,72,2,-4,40,6,6,-37,-7,-19,42,-100,15,40,10,-36,-38,-100,37,2,-9,17,42,-19,87,36,-100,-26,43,-19,87,-15,42,50,-18,5,-27,15,23,19,-23,100,20,-26,-42,16,83,0,0,-14,-25,-29,70,3,47,-43,-100,13,10,34,19,22,-13,5,-100,54,-39,66,-14,-4,-7,-80,2,36,-10,-4,5,72,1,97,100,5,-100,-100,-100,-6,8,25,-100,-61,-85,28,29,-100,99,-55,100,-70,-5,-100,30,100,-6,-44,-39,-100,-8,-47,-18,19,-27,100,-49,-5,18,50,-29,-100,47,23,-55,-13,64,-38,5,23,-12,-62,18,-38,100,-2,7,40,50,24,34,0,23,73,58,58,58,-19,36,36,26,100,-96,-21,-13,31,8,8,-20,63,40,20,42,-41,-43,-6,16,-2,49,-46,100,5,96,5,21,-9,13,87,271743
-17,26,38,4,-46,-7,-12,-2,-17,-6,50,-51,79,-1,0,-2,-17,-9,43,-7,-11,22,3,0,10,-80,13,8,-29,6,20,18,4,-19,-10,-1,-42,36,26,1,25,-16,22,8,1,31,46,21,48,1,2,55,17,-72,-44,30,-8,-9,0,-4,1,-38,17,37,-9,45,10,18,40,-3,1,0,-13,0,4,2,-8,-9,31,-46,0,52,-23,-2,-1,3,-19,-4,2,-21,6,3,-40,20,32,-7,1,34,2,-8,-39,17,46,-44,-73,-8,-52,-37,-30,31,-16,-20,16,-12,13,-44,-42,-9,-41,32,-68,60,-58,11,-41,-22,3,2,36,-69,-36,100,11,-31,-14,12,-49,-62,15,-27,9,9,-1,-66,37,18,67,-6,-41,-41,-14,-2,54,33,-10,-3,35,-28,-40,0,-6,44,8,8,-9,1,-11,44,72,-12,-13,-23,15,-44,12,-10,-56,75,26,-17,-3,-7,47,-13,271807
-5,40,-48,-20,1,-4,-50,-38,16,-32,49,19,63,8,43,-4,-4,42,-16,-15,26,50,48,48,-5,12,14,-31,-30,17,-36,30,12,-26,-81,-2,10,54,-15,-14,38,-4,-14,19,-14,62,0,34,48,13,-7,65,32,-51,31,28,-11,-2,3,-7,-6,4,32,-4,33,51,-29,34,65,52,42,37,-3,-39,21,58,39,51,39,0,-3,54,-5,37,-36,2,-5,3,3,7,20,-14,-46,52,33,-37,3,11,18,19,-30,43,39,-26,-44,20,25,-30,15,37,3,21,31,-5,17,-45,11,9,33,32,-51,63,-1,40,25,10,27,-20,40,24,3,16,33,38,-21,16,22,8,12,38,19,41,-4,3,39,-24,6,-32,15,23,8,33,66,58,-50,-4,11,21,11,14,-27,36,-15,-6,-15,25,26,50,8,-6,-21,14,11,19,19,8,26,60,37,-5,37,-28,-11,-82,271841
-19,24,7,-27,27,-18,90,40,-12,0,70,19,65,-10,66,14,8,3,-26,-16,4,21,0,60,-1,31,-3,-27,-2,35,-41,24,-9,25,-35,1,-20,-7,-12,20,-45,-44,-9,-2,25,18,-23,28,66,32,-16,32,22,-51,-24,-61,0,-19,-19,-8,-18,-52,-16,53,24,24,-26,31,28,60,7,53,-37,35,9,-14,6,11,21,28,0,21,9,58,4,3,17,-7,-20,-10,-24,38,-18,23,5,4,-5,58,8,-8,-77,-11,14,-69,-16,-10,-11,-24,8,1,82,8,-15,6,-2,-13,36,-10,-33,-60,-52,26,-3,19,-13,-55,53,-25,-17,14,-58,-20,-12,39,-15,-1,-21,-5,6,40,-25,19,14,27,-17,-46,35,1,-7,7,-55,77,71,-11,86,2,55,10,-22,48,4,17,36,2,-13,77,4,70,44,5,-54,8,5,-14,-2,-9,-7,74,23,18,54,4,66,-35,271940
100,17,11,-21,2,20,24,-35,10,-11,-31,79,78,-29,49,17,11,2,35,-6,17,29,14,-20,-13,51,48,-27,8,-63,17,19,57,-75,-82,0,-14,49,-30,27,-21,-35,-29,66,31,21,88,18,37,-62,-63,19,19,-78,-31,46,-55,20,36,-6,-40,13,27,7,-36,-10,-27,16,17,-19,7,32,-21,-37,-8,53,-1,-31,8,3,-6,-36,17,49,10,-1,-100,-37,35,14,94,24,-32,26,21,6,-41,69,-18,-39,-41,45,17,-48,-68,-10,68,-7,-4,23,-69,48,66,21,51,-27,63,-9,-24,45,-73,16,-100,22,-44,-30,19,-24,66,6,5,-100,30,63,-77,-17,33,-51,18,75,16,23,18,-34,62,-10,31,-12,-51,75,-31,-13,45,51,25,0,70,49,-13,-63,39,13,22,-15,-3,-11,19,38,100,21,-12,-5,17,23,67,-9,69,64,10,-100,34,39,5,-84,271974
22,28,55,-22,21,9,0,-20,15,-3,84,10,36,-24,-8,8,-32,14,21,-28,25,43,15,38,-7,17,7,-24,-5,20,-2,7,19,8,-73,17,22,46,-17,10,15,-24,-16,34,6,44,22,18,44,9,-11,-4,8,-27,-22,-3,-2,7,2,-4,-10,-40,31,-28,-13,34,-22,18,46,37,15,60,-28,-22,-22,3,16,-17,8,20,-3,37,-26,-6,-6,-3,-6,-16,0,21,33,15,-41,42,-9,-18,-33,49,-21,-18,-56,33,26,-56,-61,-19,-21,47,-35,-7,52,41,18,18,8,-41,17,0,-12,4,-28,-7,-23,48,23,-11,52,-22,24,-42,-41,-1,32,20,1,-10,-22,-25,14,18,33,48,9,-35,26,0,6,-2,22,1,0,30,44,48,0,17,47,47,18,46,-3,30,15,-6,-26,34,26,45,8,18,-3,-31,13,-37,37,0,-21,36,29,-9,60,-3,-22,-74,272014
-5,35,29,-29,22,0,-18,-38,100,-28,54,100,36,17,33,9,-15,13,71,-25,39,32,28,15,3,-2,-3,18,-75,3,19,30,2,17,-81,-9,25,60,2,-11,25,-56,0,61,-10,7,73,39,68,13,-16,-72,27,-56,24,-10,1,-2,13,-13,-18,-2,100,16,-24,49,19,41,7,15,33,41,-52,-37,-3,-6,17,-28,23,22,-15,55,-5,33,48,-7,9,-27,14,95,31,11,-48,30,12,50,16,12,-1,-5,-67,-23,28,-69,-65,-7,32,-58,24,11,71,62,8,17,-6,-44,-4,2,24,-12,-55,-71,-36,37,2,-25,10,-27,40,0,-1,62,100,30,-62,-1,-15,-36,11,29,32,36,10,1,39,11,19,-27,3,100,-21,7,68,58,-15,-9,13,63,24,-5,22,31,12,3,-25,11,37,68,19,20,-47,27,10,-29,61,1,25,46,24,10,41,30,30,-82,272034
-2,67,-47,-18,15,4,-27,-14,-23,-38,37,77,11,20,48,3,4,-15,39,-11,20,-100,-10,33,-10,32,22,-16,-18,34,25,15,51,-40,-56,-10,-52,41,-8,-33,-37,-20,-7,30,-34,15,40,26,51,38,-21,46,15,-28,0,-8,-19,4,19,-4,-23,-71,24,2,-37,48,-16,28,10,35,-13,27,-23,-13,-38,29,-17,-55,63,14,-6,-2,17,54,80,-2,0,-15,23,-23,25,0,-20,-100,37,76,23,20,-39,-49,-87,24,41,-85,-10,-35,32,-60,23,36,44,58,33,28,24,-17,31,-23,0,-7,-26,45,-52,100,-4,-2,62,-19,58,28,-70,57,24,66,14,10,14,-47,7,63,27,99,2,28,58,-36,2,-38,-2,76,-12,51,63,43,-25,-10,23,58,-50,63,29,39,-2,-7,-6,48,20,52,89,31,-43,19,9,25,29,-24,35,3,30,-2,31,30,-1,-56,272077
-11,60,-2,-25,3,0,-37,-12,40,-28,50,100,89,-14,39,-1,23,11,67,-8,25,17,20,41,-5,12,1,-25,-60,-31,-11,14,2,-1,-45,-5,12,21,0,-5,22,-60,2,15,-6,50,18,26,42,-30,-7,27,11,-34,18,0,-23,2,2,-5,-10,-30,10,13,12,31,-24,26,48,42,20,24,-61,-17,-13,66,12,-24,64,1,-5,31,27,40,54,-6,-3,-23,0,40,67,-2,-35,14,14,57,-22,92,-14,-11,-54,68,30,-46,-15,-12,47,-38,9,14,2,68,-100,-100,1,-35,11,-23,30,-4,-34,26,-12,29,57,28,41,-24,34,6,-32,9,13,41,-38,-22,60,-68,2,39,71,28,2,-29,33,-31,5,-28,17,98,20,42,54,22,-38,-3,92,70,15,48,50,29,-3,-4,-1,43,26,46,5,-100,-4,6,3,76,17,-25,50,41,12,-1,29,52,9,-44,272126
8,44,82,-19,-5,-2,-10,-50,10,0,14,-6,-24,-4,49,12,-18,6,6,-28,23,47,11,23,-18,27,0,-36,2,-19,30,24,63,3,-64,-12,8,35,-43,-23,-7,-76,-44,55,-21,24,5,28,50,-16,-13,44,23,-40,-7,-42,19,-2,32,-5,-16,-30,46,-6,-31,16,-38,26,27,25,10,36,-74,-52,-10,14,6,-29,51,-4,-2,12,-14,50,38,0,-3,12,32,18,10,5,-37,46,25,40,-8,52,-12,-15,-70,23,5,-70,-18,-16,14,-27,-2,24,30,47,28,18,-2,-33,22,7,-8,-45,-37,43,-16,32,-1,30,20,-21,58,-18,-33,12,51,65,-4,7,35,-14,12,63,13,32,11,-20,58,-31,1,-1,0,-7,19,35,71,30,-8,-10,49,54,3,25,-12,3,6,-16,-24,32,25,51,-5,20,-33,-5,13,36,55,6,15,-25,30,-2,39,-11,-13,-66,272200
-16,5,-14,30,0,-37,-61,-8,0,-29,25,27,68,-58,92,3,-6,22,0,-2,43,-94,7,46,18,12,-24,-31,41,-26,24,26,-58,3,9,-7,-100,33,-3,14,10,-50,-8,27,15,56,-7,43,35,-16,-16,25,27,-93,-48,26,3,-38,-4,-13,-14,-37,14,73,80,39,-33,41,62,42,14,23,-48,-3,-23,-20,28,72,10,2,-8,48,-8,87,5,-2,16,-11,-3,0,-7,8,-41,-95,-4,16,-58,27,-22,19,-100,-43,55,-100,-100,13,-12,-32,42,-9,-50,100,52,-28,-25,-50,10,76,-52,36,-97,28,-32,15,-44,25,22,30,43,-45,-38,72,12,19,-19,-6,74,-36,4,20,-7,14,0,-30,42,11,-20,-29,-31,38,40,24,26,29,-61,-10,27,100,-100,25,-22,58,13,18,-6,28,41,32,-23,-28,-48,36,5,77,27,75,-15,75,18,16,18,-19,67,9,272445
-4,38,4,-16,38,35,-20,-48,27,0,42,36,-5,-12,67,12,-10,-26,52,19,12,41,-27,24,-13,22,-2,3,-6,-6,-9,8,15,0,-23,0,15,61,0,-8,4,-48,0,-9,-6,37,45,9,25,-4,-6,6,9,-31,-4,-17,3,34,10,-3,-4,-60,34,41,-15,74,2,10,38,27,-28,-8,-43,-46,-45,47,-28,-13,52,35,-1,65,-13,64,-28,1,6,-11,10,25,11,15,29,40,12,-23,-4,32,-48,-11,-80,46,35,-80,-21,-12,34,-7,52,10,-1,94,12,14,0,30,18,-21,-5,-20,-30,8,-26,35,-3,-10,44,-15,0,-43,-62,14,32,39,25,-4,4,-28,0,41,10,36,11,-37,0,-34,58,0,-2,27,-9,73,69,62,-21,-3,34,88,21,43,-9,34,17,-14,18,68,12,24,52,14,28,46,-1,8,-10,-20,31,-3,0,6,-9,-12,37,-24,272561
-24,74,26,-12,4,10,36,-43,57,-5,28,92,36,-3,82,14,-10,28,-33,-15,-6,0,73,34,-46,-26,11,-6,-100,-1,-17,44,-40,-30,-48,-24,-42,57,-57,-40,16,-31,-58,55,-39,45,-54,0,-9,-1,-32,-19,44,-72,30,44,-23,11,38,-6,-32,-53,49,-24,9,100,-6,-2,43,35,44,1,-30,-44,7,61,29,15,67,2,-5,71,-10,80,17,-2,-12,-30,37,57,19,2,-50,1,7,18,-8,42,8,3,-78,69,24,-81,32,8,55,20,50,11,-23,58,36,-26,12,-47,-35,-14,33,45,-70,-15,-27,29,100,34,9,-13,64,-65,-37,32,49,63,-70,-18,-1,-35,1,64,18,29,17,-34,61,-39,5,-6,17,85,33,9,55,57,38,-27,46,53,-38,8,40,25,3,-46,-13,6,-8,-9,-46,-24,-47,50,3,-22,55,-14,55,35,5,-8,0,40,-25,-48,272600
-3,60,44,-6,14,5,-27,-35,0,-6,36,7,71,-31,20,7,-11,15,52,-23,-8,35,27,26,12,22,33,15,-20,-36,-5,25,-14,9,-49,1,-8,43,-5,-16,51,-10,-6,13,-16,3,47,36,35,-36,-18,25,23,-56,-37,-33,-28,4,-9,-4,-19,-13,19,21,21,48,13,37,16,30,27,27,-11,-34,13,18,13,22,76,16,-1,40,-17,19,58,3,8,-20,-13,4,2,9,-34,31,0,57,-33,23,10,-4,-48,26,36,-48,-1,-9,-19,8,37,-5,-22,52,35,-8,29,-38,17,18,-37,-20,-52,23,-58,29,-10,-9,11,-6,56,-39,-19,52,22,29,-18,2,1,-62,7,27,-1,29,4,-29,58,25,67,-4,-9,12,-14,29,54,45,-33,3,18,60,-14,22,-14,40,9,14,-23,26,-9,36,61,-12,-23,34,6,36,16,17,-19,74,21,7,27,-9,27,-50,272862
-2,33,76,18,44,-35,-6,-29,-11,3,-68,0,34,58,-17,27,34,17,7,-50,0,-100,18,36,-10,-33,22,-100,100,23,31,34,33,18,-62,-16,-100,79,0,-3,-51,30,-3,4,-2,61,3,24,45,23,-10,51,36,-57,53,18,-6,-39,36,-5,-8,13,100,-18,-36,57,-100,21,65,33,18,23,28,-26,1,29,21,-43,22,44,-7,67,32,-20,4,-2,-7,-10,37,-18,63,34,-100,-75,100,6,64,72,2,12,-57,19,23,-50,-98,10,55,-19,-31,100,100,86,26,-2,21,-95,-38,33,43,26,-60,53,-2,35,-10,-23,14,14,56,-45,10,22,100,42,-45,31,86,-3,26,41,62,31,12,-31,58,-37,46,2,-9,8,-19,-8,51,79,-49,-9,22,83,-99,9,-42,27,36,-8,-51,-2,0,40,70,-8,13,-27,28,67,99,33,51,36,42,-7,20,-42,-1,-65,272924
10,34,21,-45,-9,-25,49,-60,9,-30,-18,5,39,-9,-4,27,-3,-18,54,-13,34,36,-17,25,-37,41,1,-44,6,-10,-20,26,37,28,-66,-24,21,52,-41,-6,-33,-38,-43,43,-12,75,55,6,23,-15,-14,13,30,-49,-19,55,-39,-23,41,-10,-12,-34,37,31,-64,83,-41,1,75,30,-22,16,-33,-58,-30,-12,-25,-54,8,-13,-3,82,0,-5,60,-3,8,-29,40,-6,5,27,-35,36,37,52,-5,47,-38,-2,-75,-17,51,-73,-41,-6,40,-19,54,35,-21,70,15,42,8,-34,34,10,-2,56,-48,14,-28,21,-39,30,47,-45,48,-100,-32,46,32,55,11,15,9,-26,0,55,3,22,29,-100,48,-25,67,-28,-44,17,28,60,51,52,46,-27,47,64,28,45,-7,50,28,-39,-16,54,36,22,58,39,-9,50,-1,-1,41,14,33,44,22,8,13,-8,35,-65,273382
-11,46,12,7,60,16,-100,-15,92,-27,100,-15,92,6,40,2,-10,27,24,-21,35,-37,17,0,-11,11,26,-21,-94,5,-18,18,-31,-1,-100,-25,-100,17,-23,-52,13,23,-22,-3,-54,12,21,28,-32,1,-34,49,16,-83,14,-82,-21,17,8,-5,-35,-20,28,30,11,31,-20,29,11,1,17,14,28,-18,-22,37,24,12,50,58,-6,29,-10,41,49,-6,-4,-42,9,92,24,-9,-43,-36,24,44,11,54,-22,-17,100,42,100,100,-20,-17,-2,-9,4,24,31,46,19,100,28,-47,9,35,16,-83,-82,47,-21,-10,73,73,82,0,100,-25,-20,-1,30,-5,-51,29,-68,-20,8,-7,28,-9,2,-27,100,-44,16,-28,72,-20,76,100,70,17,-100,-25,56,48,-100,79,-32,100,-9,-11,-16,100,28,-31,11,100,-19,0,10,-55,-3,32,0,91,17,-3,17,-28,23,-100,273477
20,22,37,-100,-31,6,23,-31,16,-2,-40,21,84,-100,26,12,-8,36,-36,-17,-22,100,31,64,-17,19,-75,-46,-16,-90,16,22,17,4,-97,-69,-2,52,-23,42,6,-6,-23,58,38,100,-44,20,40,-85,-79,70,21,-64,-100,-51,5,7,18,0,-79,-35,50,18,-19,37,-45,18,100,63,32,0,-6,-34,-2,-51,35,-20,34,-31,0,29,-9,29,25,3,10,3,20,21,24,15,-97,100,-100,25,-100,40,-1,-52,-51,-35,31,-51,-100,-56,29,-19,31,-100,-3,46,10,-100,-75,-90,15,-21,-100,-56,-63,72,-5,47,12,14,47,-100,100,-16,-40,-44,50,-79,-94,-54,-8,-4,9,-81,27,47,14,-17,100,0,59,-3,10,20,3,37,12,53,24,-67,43,43,-1,51,77,27,13,-14,-8,33,-18,41,49,-100,-1,30,8,0,58,-22,32,84,24,11,4,79,10,-97,273478
-25,72,-13,-5,-7,13,20,100,100,-43,51,27,59,-18,52,5,17,-20,39,-22,8,-100,-11,-16,-1,39,-83,-12,-51,45,-20,32,-4,-4,-12,-100,-8,3,18,-9,-81,-57,15,36,-4,30,46,11,33,51,18,71,33,-68,35,54,2,15,11,-3,20,-59,-2,4,-37,74,-11,13,32,-16,-12,-50,-51,100,9,65,-17,-35,65,-5,-3,90,5,56,11,2,-11,-9,10,100,-5,1,-9,-100,8,23,-10,-36,11,5,-84,57,40,-92,-35,4,100,-56,40,6,70,8,-52,-5,-84,-5,47,-14,32,68,-65,73,-60,21,-48,1,-64,-5,38,-54,-53,39,0,38,-15,23,12,-58,19,38,-6,16,5,-57,39,-15,-33,-42,-51,32,-12,0,43,10,20,-98,-35,12,-11,-67,30,38,4,-2,-21,0,8,33,-38,-6,-60,44,21,-1,35,-14,98,61,48,-12,-50,35,-1,-10,273480
-26,17,-50,-20,-68,23,-12,-6,100,-7,-12,-7,52,45,13,0,32,15,20,-2,21,-10,17,29,-2,6,15,-28,-100,6,-7,24,-19,-15,-33,-5,-4,14,-16,-41,-10,0,-14,-13,-44,30,42,32,28,6,-10,-100,22,-27,0,-26,-27,24,-11,-2,-12,-29,-100,8,-14,22,-28,34,33,30,13,39,3,-6,-12,55,12,-38,17,-70,-3,15,37,13,47,0,-15,-34,-12,100,34,7,-17,-10,-4,44,51,76,-14,-15,-63,61,27,-56,-1,-14,45,-42,1,-5,50,8,15,-42,17,-16,19,-13,8,-27,-25,-100,-43,24,12,64,17,-21,33,23,-30,-18,-100,-25,-15,-22,18,-29,1,-24,37,24,-3,14,33,-11,19,-7,10,-12,64,35,55,16,-10,-3,79,9,-4,18,56,24,9,0,1,33,22,31,-5,-41,0,-5,5,15,-17,-15,46,49,21,-14,39,60,-1,-33,273482
14,68,44,-6,26,8,2,-13,-2,-6,72,-7,60,39,-100,-41,10,20,2,-16,15,-69,24,40,-10,8,-52,-35,100,-46,2,23,90,0,-55,86,-26,49,-7,-5,-3,-12,-7,48,-6,100,5,20,50,-47,-16,4,25,-29,0,-49,100,9,11,1,-15,-21,21,7,-6,33,-35,19,100,42,24,-26,-7,-15,100,25,18,-4,57,22,5,28,29,-100,19,6,-7,100,10,0,100,54,-39,-65,12,24,26,33,100,-4,-39,12,34,-43,-22,-6,-10,-21,10,13,-4,38,-100,-15,-48,-37,10,1,16,-48,-27,2,7,76,22,56,39,-7,84,16,-24,-100,24,40,-31,44,40,11,11,41,100,76,-40,4,82,0,9,-4,22,-17,62,43,-9,52,4,86,33,40,-27,38,46,30,54,-9,-14,42,16,52,0,-14,-2,4,11,32,47,0,-7,57,19,-7,-25,52,-2,-56,273484
2,-78,-28,-4,-100,18,-43,14,14,-35,39,25,55,39,18,-2,-2,21,13,-23,57,-100,28,38,-7,12,33,31,96,-26,7,11,-14,-2,-41,-2,-12,100,-21,-2,62,-4,-21,-31,-5,67,13,26,-45,-22,-100,61,14,-17,-50,-100,20,18,-3,1,-100,-12,5,7,-15,20,29,25,68,36,28,11,-2,13,2,100,18,-13,-81,-100,4,17,0,16,33,4,-11,12,-4,10,100,2,-50,-100,100,28,32,100,0,-1,-22,87,26,-27,0,-3,32,-65,5,98,9,34,20,100,36,-54,12,20,-45,-100,-16,64,-8,5,19,-8,59,0,100,-87,-15,-21,7,37,-35,100,6,-10,9,39,100,4,-1,-93,100,6,26,-34,21,26,-9,58,45,100,-45,-4,100,34,-10,64,3,25,6,-9,-25,57,49,-43,19,100,-8,2,7,8,-31,24,32,50,19,-10,10,5,2,-40,273485
-6,46,-15,-5,-100,29,-42,-9,-19,0,17,63,51,18,-2,5,32,17,10,-9,40,-100,24,32,-4,6,-13,21,-52,-33,2,16,8,-6,-46,-4,-97,85,-19,-35,23,-14,-18,6,-38,42,12,25,36,-27,-12,-11,13,-25,-49,3,13,28,13,-12,-13,-31,38,-17,-14,23,23,26,43,35,25,7,-14,-12,-11,25,13,-13,55,-100,-12,20,39,-5,52,-8,-14,15,13,-17,81,0,-20,-99,6,51,20,76,-13,-17,-41,14,33,-42,-2,-18,44,-23,-22,7,-18,38,20,-23,-9,-25,3,-17,-34,0,-23,-11,-31,28,17,61,60,-7,48,-12,-34,25,40,-2,-50,-22,-3,-29,10,-4,83,29,3,-12,48,-22,22,0,17,52,68,37,71,88,-40,-2,79,37,-94,65,30,30,1,-4,-4,37,41,40,21,-21,-30,-24,10,6,6,-16,45,50,12,-14,7,35,-20,-47,273488
-16,43,-67,-58,-100,-61,-28,-42,-62,-9,-30,2,100,17,51,37,-58,-1,-68,-69,100,-29,1,40,-6,-5,-18,-8,0,4,-5,20,6,-46,-77,-19,-100,90,-25,100,-24,66,-27,-15,100,-24,-62,33,28,0,26,19,20,-54,-40,-19,17,-79,5,-6,26,-21,35,-4,-65,23,-5,29,-19,37,3,9,70,-45,7,15,-2,-62,36,-100,-5,28,-49,50,48,-4,-19,17,6,-61,35,-100,-15,-29,100,45,19,46,5,-80,10,22,36,4,-100,-82,-12,-1,17,100,100,100,31,-100,-17,17,-2,32,-46,-14,-54,18,-4,32,31,-12,52,-74,100,-72,-21,100,38,-100,-52,-36,-47,-4,10,-100,35,30,39,-77,100,-36,43,-7,30,1,-7,-19,52,91,-30,-19,44,100,-100,56,-20,35,-97,-5,-68,-18,100,27,38,-100,-18,16,13,-43,-13,12,-12,100,-17,-19,8,-20,-3,-80,273493
10,11,38,-12,3,2,50,-47,52,-3,69,59,50,14,5,5,13,15,38,50,13,-68,21,36,-25,3,33,-16,-33,-31,22,16,30,-18,-57,-7,-34,14,-33,-21,-3,-3,-32,32,-22,31,12,13,30,-28,5,36,16,-27,10,5,-9,3,19,-3,1,-22,20,-1,-48,-19,-15,13,28,38,15,35,0,-56,-10,38,15,-11,7,3,-4,99,13,4,40,-2,-4,-7,18,50,8,7,-43,-100,21,40,12,27,-16,-22,-29,25,31,-30,0,-12,35,-67,-8,20,-15,100,-100,27,33,-36,0,-6,13,2,-27,-9,-9,24,11,6,35,-12,32,-10,-22,60,19,-47,-61,-55,-6,-43,6,-48,4,26,5,-11,31,-47,65,-2,12,68,6,28,62,14,50,-6,46,100,-33,34,70,30,7,-24,52,27,16,31,12,48,-20,-11,7,-10,32,-6,33,49,15,-2,36,73,-6,-58,273497
-15,100,-18,-60,-64,20,12,-22,50,0,47,-4,68,43,3,-4,19,16,42,-100,23,41,23,39,16,4,15,15,-67,4,-9,23,7,-54,-100,7,-13,-41,27,34,0,-13,28,-2,33,-25,13,43,27,4,-96,-37,22,-29,16,-100,-40,20,-17,-3,-97,-37,100,0,-29,23,16,38,-20,40,22,57,-17,-26,-10,32,16,-21,91,-64,-2,20,22,4,100,-1,-100,-32,-17,52,91,22,-100,39,13,100,36,17,-12,-18,-38,30,27,-78,40,-19,20,-22,-15,15,20,19,37,-18,15,-100,0,-40,25,-100,-27,-36,-23,100,17,53,69,-59,45,33,-37,-100,100,-41,-52,12,-100,-35,12,-40,96,100,-5,-3,46,6,54,-1,23,-7,46,38,16,-38,14,7,16,15,-11,71,30,24,23,11,-100,37,28,29,64,-17,-27,-17,13,-100,-2,-41,25,45,17,-97,58,33,-3,-100,273504
-8,-7,100,-22,-27,6,93,-22,2,-24,35,50,61,-7,-35,13,24,-11,44,-9,43,25,-18,0,-32,35,-11,-45,0,-29,46,32,47,-1,-11,1,-100,45,18,3,-37,77,18,74,2,70,48,3,29,-29,-30,28,30,-66,31,-25,-30,3,28,-11,-32,-56,81,-29,27,61,-48,3,76,-2,-18,17,72,-18,-38,42,-5,24,-4,-23,-6,73,26,-34,44,-3,8,-33,27,-4,-1,-2,-50,18,12,42,-7,15,-43,45,-55,39,-11,-49,33,40,79,-16,42,9,-87,-43,17,28,-13,-58,34,-11,16,-17,-71,30,-30,37,-14,-23,31,-21,54,-46,-57,-36,80,30,-36,13,29,-36,16,29,-9,33,4,-38,52,-5,70,-24,-14,67,-14,1,54,44,85,-8,12,-34,-100,35,-5,-7,2,-24,-14,6,44,26,87,27,8,51,17,29,75,-14,77,66,3,7,8,-6,-8,-18,273687
-13,10,-43,-18,-11,12,-56,-22,17,-8,7,100,87,-53,14,21,-1,37,-28,-29,65,44,30,53,-3,10,-4,-28,-46,-23,6,27,-76,-55,-19,4,3,31,-46,-11,-59,-31,-47,64,-16,30,0,41,-1,-16,-4,1,27,-71,-10,11,100,12,13,-6,-4,19,30,-37,-91,78,-30,38,33,54,30,16,-29,2,0,81,42,-60,3,-14,52,69,-3,14,-7,3,-8,100,15,18,84,24,-26,43,54,-6,-56,49,1,26,11,76,12,15,62,27,39,53,-26,56,-72,17,-31,0,-4,-24,-6,-5,-9,12,-71,17,-78,94,-15,44,29,-19,36,-4,15,-13,29,4,-29,38,-31,-49,15,23,22,93,25,-38,35,-30,7,-7,-8,100,35,4,25,34,2,1,84,11,-27,60,65,9,25,-6,-28,3,65,19,3,0,12,-29,15,43,64,-5,37,87,26,-4,22,65,-45,-2,273772
14,15,0,-9,-42,-98,28,-36,62,-12,4,55,59,26,14,15,-22,-22,-22,4,21,55,3,84,2,-13,17,-12,100,73,-15,0,-4,43,-24,23,-100,39,-13,54,-55,-28,-16,30,52,51,-31,32,16,70,16,34,2,-59,26,44,-8,-100,6,-5,16,-17,100,-1,11,87,-16,26,54,88,2,16,-26,-38,-67,20,-23,7,14,-47,-4,80,-24,18,-57,-2,13,-22,10,56,39,17,61,57,20,-54,18,63,-66,27,-76,29,29,-73,-11,29,27,-43,8,19,-100,100,24,1,20,67,-19,-2,21,47,-54,39,99,20,10,-34,3,-11,55,-41,-22,-14,100,63,-100,0,-6,100,1,66,44,20,18,-40,52,-28,11,-13,8,55,-45,59,48,40,32,20,69,98,-94,6,-10,26,20,-1,7,55,23,13,8,3,27,6,3,1,27,-4,27,55,13,17,15,-11,0,-25,273827
12,84,62,1,7,10,15,-32,24,-14,1,14,40,15,-1,4,24,14,19,-25,5,64,31,27,-9,100,28,-6,10,0,22,15,66,-25,-5,16,-100,0,-14,33,38,-2,-12,44,36,49,6,18,24,3,-4,48,12,-54,40,9,17,11,23,-5,-4,-24,77,-8,3,30,-6,18,50,26,32,33,-4,-30,11,48,13,3,76,7,-5,29,23,-4,75,-5,0,13,24,24,-5,-11,-21,63,32,74,14,63,13,0,-36,40,6,-33,-43,-1,-100,-35,36,30,-42,75,0,33,27,-20,97,9,39,13,-50,52,-14,13,1,63,56,0,25,-50,-28,33,76,76,15,-2,69,-18,20,77,-4,13,4,-47,23,-8,26,-14,-1,19,55,27,40,-2,15,14,66,76,-99,57,31,5,-13,-11,-23,28,7,23,33,34,-58,36,19,73,45,10,-100,38,12,0,33,29,-7,-2,273837
15,22,3,-1,6,-22,-68,-21,-4,13,38,29,64,-2,23,7,2,18,9,15,-35,48,34,41,8,0,10,11,32,-52,0,6,68,37,-28,5,-20,38,35,-14,16,7,37,60,-19,-19,9,9,57,-58,11,48,4,-36,-42,-38,-36,-23,16,-11,10,-34,-39,36,2,42,12,8,-15,45,33,6,9,-16,-20,47,17,3,20,5,-4,38,6,22,60,-3,10,-33,19,-20,32,45,-24,46,23,46,8,67,-22,-2,-49,58,41,-42,30,-2,37,-34,24,21,-65,48,-13,15,13,-18,1,-19,-50,-36,-34,52,14,35,29,-8,-1,-2,12,14,-37,58,-47,52,48,19,-10,15,6,52,30,32,6,11,12,15,72,14,25,44,-22,40,46,39,-65,6,71,42,-12,-4,-24,37,44,8,14,38,-35,55,73,16,-26,16,5,-2,58,-16,31,65,16,12,5,-23,35,-26,273906
6,-3,33,-32,-25,10,-23,-24,3,10,-13,31,61,-25,-3,15,-24,-2,6,-22,-2,32,-13,13,-19,2,11,-37,23,-36,8,31,31,-3,-79,-6,-28,26,-15,7,-68,63,-14,61,10,46,9,21,46,-33,-34,54,31,-100,11,47,7,10,36,-5,-34,4,27,85,-17,52,-37,21,49,15,-13,4,65,-26,-30,-18,-4,-14,-2,-23,0,52,-21,-5,-10,7,-6,6,33,8,39,-6,-45,32,67,-10,-27,20,-34,18,-29,-25,2,-33,-29,17,-4,0,-20,65,-58,14,27,9,11,-42,2,9,16,42,-100,54,-29,27,-43,-46,9,-36,58,-23,0,70,28,50,-36,-9,23,-30,23,49,39,26,16,-26,60,-45,68,10,-45,40,-51,1,44,26,-25,-5,18,14,-27,15,-15,0,-5,-16,-19,1,0,47,70,6,-15,-20,24,35,63,9,-4,58,34,-4,3,-15,83,-79,274038
-28,56,-65,-15,-31,7,-21,15,42,19,33,98,-38,17,20,4,42,-7,2,4,5,32,-2,54,35,-59,20,2,-79,-72,7,9,-9,-10,-51,100,-100,0,34,-11,59,-32,30,-41,-9,53,2,51,24,-68,-100,48,8,-37,-34,-40,100,6,-6,-3,-100,-34,-100,-41,53,78,-3,52,62,51,-3,-43,-41,20,-52,5,0,44,60,-27,2,100,40,19,38,7,18,100,-7,42,4,14,3,31,82,35,7,41,-49,1,-85,17,-13,-86,36,-5,66,1,25,80,-100,-9,33,-80,16,5,-22,-40,-37,-38,-34,49,7,7,-44,-42,-41,-17,7,-47,-43,-100,-99,-100,67,-13,100,-2,-15,-100,4,4,0,-64,9,19,83,19,-42,100,-43,55,23,-2,-24,99,38,-6,-100,-40,62,-8,15,35,1,58,5,22,95,-81,-13,31,-15,100,-41,-39,64,-35,69,17,-44,64,-35,-53,274126
6,6,54,-6,-22,18,7,-54,-5,23,-46,52,34,-25,71,20,-17,-29,-30,0,-5,46,0,46,-5,27,6,-6,1,-26,41,13,36,40,-63,-2,-32,24,-5,13,-56,-51,-4,52,18,58,-36,25,34,-20,-21,34,13,-100,-3,55,-24,18,34,-5,-21,-43,34,56,11,19,-8,27,62,43,-1,16,-56,-52,-11,47,-30,9,16,-19,0,13,-11,68,1,3,4,-30,33,-8,34,37,-19,46,22,3,-23,70,-16,-20,-87,45,0,-87,-25,-22,-26,7,43,18,-14,27,26,6,4,-20,22,-7,-9,50,-100,35,12,22,-28,-23,0,-9,38,18,-47,34,38,58,3,9,4,7,13,56,33,21,18,23,38,-16,57,22,-26,58,-19,15,69,25,6,-2,68,30,-35,4,14,4,37,-5,3,18,-5,35,60,7,0,42,14,13,55,-6,-26,37,27,4,15,15,58,-63,274208
-20,65,73,1,1,19,-29,-17,-12,26,-13,70,70,-43,-19,29,-3,-23,30,0,20,13,32,41,-16,-18,-37,28,-25,-45,0,29,25,-19,-54,-22,-100,21,-20,25,-23,-68,-26,75,27,7,-37,13,24,-35,-41,-21,31,-69,54,34,-1,19,22,-12,-40,-51,30,-23,-14,14,27,7,10,44,30,0,-69,-12,-30,25,-29,-16,55,1,-11,12,-9,-27,2,-7,-12,-6,23,-17,-7,37,1,9,-12,3,-42,62,-38,-12,-100,8,73,-99,-58,-15,-12,10,-43,-16,-71,29,44,-35,-39,2,-10,-13,45,40,-62,-16,29,11,-44,26,16,0,7,-29,-55,34,27,0,6,-52,-100,36,-5,1,-8,12,31,-15,6,54,35,26,-48,81,24,6,51,21,-30,-27,62,23,-100,26,-8,76,42,-19,-5,0,18,18,45,-36,-26,-44,-4,-95,76,-13,-20,70,16,-10,-7,-14,-17,-58,274357
-17,-100,-100,51,-1,17,100,100,-100,20,8,49,68,8,100,24,-15,52,-100,-100,54,1,6,100,-100,-37,-100,4,100,-45,-30,39,18,-2,58,-25,-100,-7,-25,-58,-75,100,-23,-100,-56,50,-100,22,-16,-46,-100,43,39,-53,33,100,100,16,15,-5,-100,28,24,27,-39,-60,4,23,42,100,5,-35,100,100,100,-100,53,30,-100,0,-6,-61,-10,100,21,0,-14,100,15,-95,-7,100,-17,3,-58,22,14,55,96,-52,-45,-100,68,-33,27,-52,31,-100,11,-62,15,39,93,-31,-100,-16,-100,19,33,100,-50,42,-100,1,50,1,26,49,18,-33,68,-4,25,-100,-64,9,19,-100,10,-100,-6,2,25,-30,17,-21,27,20,47,48,-9,60,73,-9,100,-22,55,42,-100,26,36,68,100,-100,-97,58,56,-11,-19,-29,-13,12,13,26,-100,16,34,73,-2,-12,-30,36,24,58,274387
-16,-1,89,-20,29,-30,0,-20,-7,-4,29,-36,41,-8,25,15,-18,-2,5,-25,7,50,5,61,-6,51,3,-32,-16,44,45,19,37,-9,-30,-7,6,15,16,32,-53,-10,15,76,32,19,9,10,20,46,-13,19,18,-9,-69,11,-8,-32,38,-3,-14,-64,33,-29,32,50,-29,10,26,59,4,14,-16,-25,7,32,-3,35,2,32,0,53,-8,25,-18,4,7,-13,39,-9,12,-11,-45,53,13,-11,-11,81,6,-31,-61,20,64,-67,-58,-30,-33,-39,-28,16,-16,36,25,7,4,-48,55,-9,-53,19,-9,18,-5,22,56,-30,7,-18,59,14,-61,64,35,30,17,1,16,-4,25,33,13,22,16,15,58,4,-44,-4,57,-30,-20,46,19,15,1,-7,80,35,6,5,-23,67,-12,-5,-25,51,5,20,-49,5,-78,-23,24,10,76,-9,-37,43,34,6,14,-23,-19,-29,274389
-11,100,-7,-9,-14,59,100,14,100,26,10,98,17,46,20,15,49,-1,-70,-19,-24,12,6,-9,-100,-23,-61,26,-37,-55,-43,30,76,-12,32,-100,-100,25,-18,-100,-100,19,-18,44,-98,-97,-5,-17,33,-48,-88,-5,31,-61,8,1,32,56,47,-8,-100,14,96,43,-58,100,24,-17,-100,-12,12,25,-26,35,24,49,2,-46,98,-10,-9,100,43,16,21,-5,20,21,49,99,28,-50,-3,8,-100,23,60,-47,27,55,7,38,51,5,25,52,100,-25,-26,-99,-51,12,-6,-2,-63,-15,-54,-23,8,5,-59,-29,-83,20,-48,25,-14,-13,29,-14,7,-100,100,-22,100,20,52,-64,4,-34,-17,21,17,-19,30,-7,100,26,-48,98,33,-13,-42,25,100,-100,-47,17,-100,-15,30,57,-48,-98,-16,-10,-25,64,100,-1,-62,-14,7,41,45,-23,96,22,100,22,23,29,62,29,274393
100,29,56,-8,9,-10,16,-50,1,-7,43,-18,45,-62,-6,8,16,21,13,-25,20,49,30,44,-11,9,-11,-19,-61,-25,-7,27,-20,-15,-57,-4,-16,53,-13,-16,-6,-15,-12,23,-16,50,14,22,54,-26,-11,15,24,-33,11,9,-31,-4,11,-6,-7,-24,39,-7,-15,33,-20,25,52,43,34,39,-19,-43,-11,19,19,-13,28,10,-9,30,18,-4,83,-4,-3,-36,11,4,9,13,-19,45,18,76,-52,33,-16,-11,-37,18,34,-36,-16,-8,32,0,-15,13,15,58,-6,33,-16,-24,4,-1,10,10,-32,16,-23,45,22,44,40,-9,33,-17,-26,-3,33,57,-13,8,-10,-21,10,53,8,42,5,-16,31,-4,22,-8,24,-12,46,38,68,54,16,-4,32,53,-12,33,1,38,18,-14,-20,38,19,52,23,28,-15,-14,11,-13,27,1,32,48,32,-6,39,2,0,-59,274761
-7,100,29,-1,-100,46,54,-14,-21,-37,-58,-7,82,46,23,26,-34,59,20,-29,32,6,45,51,-12,11,85,-48,-100,-32,-45,39,-14,-3,-100,3,-48,50,-45,-1,13,0,-45,100,-4,-32,13,35,13,-37,-100,-16,39,-56,7,-51,-1,27,1,-7,-100,-51,52,-31,-43,63,-46,34,-26,51,42,62,-2,-16,9,71,56,-40,100,-100,-4,54,-28,23,-2,-3,-11,-4,1,-17,0,100,5,9,40,-6,59,100,5,-16,-15,52,47,-20,-26,-16,-45,65,-2,38,87,55,100,-17,85,34,12,18,3,-49,-53,-17,-43,20,36,55,27,-6,100,-49,-53,17,56,-100,-100,-30,-15,-45,11,-100,-1,19,25,-60,100,-100,-31,-54,36,-16,55,17,50,50,54,1,100,55,-48,28,49,45,100,-11,-25,16,34,15,-50,-17,-6,-8,13,-13,100,13,-42,79,52,-12,63,51,-43,-100,274774
-23,91,-18,-12,13,12,-60,-6,20,-12,25,100,58,29,45,7,6,9,56,-49,55,-45,24,36,-17,15,58,-35,-40,-20,48,23,37,-100,-58,-100,-100,60,-50,-48,100,-22,-46,34,-47,100,61,30,10,-17,-28,41,23,-33,24,6,-60,10,3,-6,-29,-62,78,0,-84,31,-36,30,100,37,25,14,-18,-12,-40,3,9,-50,100,14,-5,32,17,44,75,-3,-19,-55,2,28,90,-26,-18,-45,30,72,22,100,-40,-14,-93,0,52,-100,26,-15,99,-47,46,30,-30,33,-5,-55,56,-14,16,-7,27,1,-31,36,-32,43,5,-9,22,-13,76,-44,-67,16,86,10,0,-28,28,-29,17,8,90,43,7,-80,76,-100,55,-12,3,100,-8,49,21,58,-62,-100,96,40,-100,24,35,51,-25,-14,-45,49,58,11,54,-57,-43,47,18,32,37,-7,100,58,-15,-19,18,40,-5,-61,274806
3,49,-50,-14,10,14,-70,-20,-45,-44,94,78,38,-32,38,0,23,56,15,97,-40,-100,5,33,16,7,45,1,-13,-3,-35,11,27,74,-35,-100,-100,42,21,8,0,1,24,13,10,21,17,21,40,-6,5,50,9,-35,17,-31,100,16,2,-3,5,-16,100,-14,-55,44,2,21,19,33,1,4,0,-23,25,-14,52,-2,40,12,37,21,25,40,12,-65,0,97,3,-48,99,21,-33,-100,22,18,-29,10,24,17,-3,3,7,-2,-48,14,3,-23,35,21,30,57,-5,-27,47,-29,5,1,19,-30,-33,47,-48,38,28,8,13,-15,30,-50,-17,5,100,23,-4,1,4,-7,3,24,100,38,0,-51,30,10,90,-45,26,97,5,0,41,40,-70,-100,7,56,-100,16,69,5,20,18,100,1,-39,43,86,-27,8,36,3,1,13,0,3,32,23,0,5,67,-11,-35,275019
3,91,-10,-22,18,17,-25,-58,-3,-5,2,-47,47,-46,80,7,-30,-30,100,-99,8,48,-18,28,-14,43,16,-15,-26,-29,-14,16,-25,-60,-9,-11,-98,65,-11,20,-37,-12,-14,42,18,64,100,15,42,-30,-55,20,18,-94,22,-100,67,18,34,40,-56,-100,100,-2,-86,88,-14,11,74,31,-24,8,-9,-57,-53,22,-27,-17,100,15,-3,72,-30,82,52,0,-14,69,36,-14,23,-14,-32,46,39,50,-41,16,-59,-4,-82,33,-19,-72,-26,-4,100,6,48,32,-36,11,8,6,19,-27,57,0,23,-100,-92,27,47,65,-39,-16,3,-22,73,-2,-19,78,100,-29,54,6,-6,38,9,-27,26,65,9,7,71,-23,-7,-5,-40,-30,-22,-12,53,66,-22,-12,17,4,-93,2,8,-21,-9,-15,-100,-14,10,40,32,8,2,42,11,0,43,0,96,44,-47,-11,6,10,-18,-12,275126
-2,63,5,-18,-6,18,-12,-31,2,-24,55,-3,16,13,69,15,-6,25,-23,-7,26,18,26,36,-10,52,-8,-28,-18,-47,3,23,12,24,-73,-8,-3,55,-30,-11,7,-63,-31,10,-10,61,-20,19,30,-42,-27,2,24,-54,9,7,-24,18,13,-9,-27,-17,46,-18,19,40,-30,18,58,34,26,41,-67,-33,13,15,25,16,54,-3,-9,47,1,64,38,-8,-12,-31,12,-7,9,17,-42,16,31,31,21,71,9,2,-35,-9,20,-36,-19,0,-21,0,-13,33,-27,42,16,-20,-6,-44,52,9,3,9,-54,-3,23,18,28,0,64,-20,58,-32,-20,23,48,20,-2,-16,4,19,15,19,4,18,14,-23,57,-31,-5,-24,30,16,5,23,71,58,-18,-10,64,44,-5,66,-8,25,21,-11,-9,27,26,30,7,-26,-5,-8,15,7,11,9,-24,16,18,-13,39,-9,-9,-75,275277
36,22,-13,-13,-25,10,27,4,-3,70,-31,-23,-37,-30,46,7,-11,1,32,0,0,36,37,33,-19,47,-3,-18,13,-92,-44,11,8,-19,-42,17,-17,80,-8,34,85,2,-10,27,39,12,37,0,51,-94,29,-36,15,-41,6,-11,-19,10,2,-1,31,-54,3,2,-33,25,-14,-2,10,37,29,8,-4,8,0,19,-4,-11,34,-27,4,10,-10,52,-25,4,-7,-20,4,0,40,-4,-9,38,-31,-13,-27,4,-6,0,-33,23,-51,-37,1,3,76,12,21,-25,-30,34,-69,47,3,-2,45,-22,17,-14,-42,-28,-3,20,29,40,31,-13,27,81,-49,-4,0,39,0,37,8,0,5,42,39,19,9,66,26,20,-4,70,28,-14,25,46,52,82,30,14,8,32,-15,28,-51,-56,-2,-21,-4,42,0,51,-46,46,-17,17,5,-2,23,-21,74,-52,33,-4,7,-52,-22,-40,275302
-4,48,70,1,3,38,38,-24,-10,38,-30,12,42,-24,7,14,-22,10,30,-13,22,26,15,16,-8,-5,-4,-1,-19,-29,40,30,19,22,-54,-5,-19,35,-19,-6,-67,-37,-19,63,-4,42,22,17,35,-18,-23,26,27,-48,-20,3,-24,37,14,-9,-26,-42,-2,-16,-5,8,-1,20,39,16,16,32,-37,-24,-13,25,10,-10,46,2,-9,9,-33,6,-20,-6,15,-32,14,-2,-9,25,-15,24,7,-14,-27,62,-14,-11,-65,9,39,-69,-33,-13,-49,10,-24,7,-55,33,42,-11,-3,-13,-7,-1,-18,13,-45,24,-25,21,-1,-19,12,2,41,-78,-41,57,0,18,-33,-15,52,-24,5,18,-10,22,12,-75,40,-8,14,40,0,9,-23,8,49,40,40,-5,63,32,-18,14,-30,43,25,-8,-13,9,20,34,13,-12,-9,-29,4,46,62,-1,-51,51,7,14,31,-34,-11,-54,275333
2,35,52,-15,18,13,37,-16,-7,-16,67,-30,52,7,0,3,-3,18,17,-20,20,28,23,46,-12,11,21,-26,5,-12,20,32,63,-10,-54,-11,11,41,-24,-29,-39,-8,-26,36,-28,55,16,17,47,-11,-1,25,34,-20,21,-11,13,13,20,-3,-1,-20,40,-7,-7,30,-25,19,52,48,23,33,-7,-12,-13,-7,19,-5,19,19,-3,30,-12,-2,0,1,-4,17,20,-15,6,-7,-26,27,29,0,6,52,-13,-8,-38,-20,43,-38,-54,-11,6,-27,-14,32,40,72,37,19,21,-26,11,15,0,-7,-18,30,-12,20,24,16,98,-15,38,-17,-24,9,38,60,-8,13,14,-12,15,62,4,20,0,-15,38,-18,20,-16,22,-14,15,52,74,41,34,-14,54,71,9,93,-27,43,-4,-11,-22,52,19,47,19,17,-44,-12,14,12,37,15,6,51,24,-6,32,-34,-7,-50,275887
-20,15,74,-19,-8,3,-7,7,21,11,57,50,76,10,36,9,-2,21,5,-14,16,17,32,18,3,-34,-1,-20,-3,-26,39,34,46,13,-93,-19,-6,19,9,8,-48,-42,12,69,11,69,2,29,73,-24,-37,64,31,-37,-16,65,11,3,16,-5,-36,-14,23,8,5,39,-16,33,64,18,27,35,-37,3,-4,-5,20,9,15,-8,-7,42,7,41,-13,0,-5,21,13,29,-6,35,-36,19,29,-9,1,37,-3,-4,-28,9,34,-38,-28,-4,26,-49,2,34,0,8,10,3,0,-30,-29,1,1,63,-37,62,-37,29,14,4,64,-18,45,12,-8,28,25,35,-17,8,5,-37,17,34,-6,28,10,11,46,-19,58,12,13,46,3,31,62,20,-8,-16,38,12,-7,64,39,31,32,4,-8,31,17,75,45,0,-75,1,17,10,71,1,27,71,19,-5,38,36,-4,-91,275927
-12,38,13,-15,1,9,-45,85,-19,5,12,100,72,-39,55,18,8,24,20,-63,35,-100,29,50,10,10,-29,-3,0,5,-30,33,28,-10,-72,48,-65,40,26,5,-4,-41,26,86,5,61,14,22,66,1,100,51,33,-74,-32,65,37,9,25,-7,100,-52,100,-56,39,100,-96,21,71,49,26,-5,-34,82,31,0,21,4,27,-1,-1,100,12,55,-22,2,6,40,22,-18,-17,7,-100,-100,97,-17,-35,52,31,22,-80,13,12,-92,-28,20,-72,-18,11,100,-77,99,0,-37,-25,-100,61,7,-26,68,-73,50,-51,28,-26,33,-15,-14,-13,-24,-36,56,100,50,6,-15,-18,-49,20,46,-17,28,20,-22,-12,-42,-70,6,-32,100,26,34,63,39,-46,53,52,100,-63,-30,-98,4,6,8,-60,29,34,67,-3,-36,-40,9,18,33,86,9,-74,57,100,2,-4,-100,-56,-71,276004
0,53,17,0,-28,13,-100,-27,68,-9,-19,-2,43,-2,-1,20,20,-46,-45,100,-59,-36,-30,5,-3,-16,72,-21,100,-100,62,100,-1,-51,-64,-1,40,34,20,34,-35,27,17,100,36,69,-48,35,59,-100,-14,45,100,-57,-5,3,2,10,-100,-6,-15,16,97,7,-3,-20,-23,33,77,4,-29,50,18,-24,-41,66,-45,-12,48,-26,-7,-17,12,-6,27,-2,98,3,-99,61,-7,56,-7,-37,12,27,-1,28,-41,-17,-80,29,16,-75,-41,-24,100,-83,-53,12,42,71,-78,-30,72,-9,-18,24,-14,14,-57,48,21,100,-51,11,7,-3,22,-39,7,48,100,16,-26,10,-32,16,14,17,-6,100,20,-32,24,-9,53,-9,-47,17,17,-9,62,33,-100,-3,26,71,39,9,100,23,58,-1,98,-8,-60,56,60,-31,-29,-52,14,-32,100,24,94,50,9,100,47,100,18,-68,276098
-36,44,-11,-39,-100,-8,10,-11,10,-9,100,-20,77,-95,-16,3,-13,17,-15,-8,-5,25,36,23,-6,-27,-100,-39,-24,-31,-31,33,-3,-14,-16,5,-45,58,-15,13,-41,76,-12,-26,11,-100,-25,24,38,-15,0,15,33,-36,-58,-4,16,-9,4,-4,1,-33,42,11,-17,5,-40,26,-100,21,36,27,77,-15,-8,100,21,-23,46,-100,-4,5,-8,-15,0,0,-18,19,2,11,21,1,-58,29,40,0,-96,44,-3,7,-35,100,56,-32,28,4,-21,-37,-12,45,23,50,-100,-88,-100,-58,-29,-21,-54,-5,-32,15,8,100,9,-6,-2,-39,69,33,-37,-24,43,29,-37,62,-100,8,10,31,22,100,3,36,66,0,82,-10,6,-20,-1,0,70,57,12,7,46,49,-43,-6,-43,54,0,-5,-3,0,-6,39,86,-86,-43,-13,11,-100,-28,-20,-19,79,23,-17,29,-39,8,-14,276417
26,22,-63,2,16,13,8,-20,-11,12,43,63,60,21,58,2,-41,17,-29,-7,4,52,30,33,-19,-61,74,10,68,-24,-38,17,40,-28,-40,0,36,52,-5,44,12,12,-5,33,45,-1,-29,6,23,-21,8,29,15,-37,26,0,-61,14,39,1,7,21,31,23,-24,-34,9,6,0,32,29,0,25,-23,-4,28,17,-23,18,20,3,-35,-40,63,12,8,-1,-72,36,-1,55,-27,6,51,29,9,20,18,-3,26,30,24,62,29,8,26,58,1,38,28,-46,52,1,41,73,8,-61,-31,27,9,-39,27,-1,47,4,29,-5,2,46,91,21,39,35,81,-12,3,40,2,10,79,54,47,3,97,47,-35,-10,13,8,52,28,5,89,52,7,1,15,63,30,-3,-5,61,-27,-17,-6,8,3,24,-21,41,7,37,9,39,35,-31,63,64,8,-1,0,-7,18,-43,276467
0,71,15,-29,-7,10,7,-42,-1,-21,-11,93,100,-4,33,22,3,-25,-54,-24,-21,-100,-10,18,-29,7,19,-32,26,19,27,39,3,-24,-73,-32,-42,57,-44,-4,-15,13,-45,65,0,31,-57,15,31,18,-29,23,40,-79,78,56,23,10,45,62,-27,-68,72,-16,8,18,-36,11,28,15,-13,-17,8,-42,-33,2,-24,5,68,-4,42,23,-4,30,20,4,-3,34,44,-2,12,2,46,-100,28,22,-7,19,-30,8,22,2,40,23,-43,5,5,-22,4,26,4,84,19,8,16,45,8,-21,71,52,-78,-41,-50,36,-22,-20,42,-30,50,-33,-72,100,73,77,-6,-27,28,-52,28,79,29,37,24,-25,49,-37,-7,-22,-19,100,-21,-32,55,58,5,-34,20,83,-42,37,-10,44,3,-30,-23,-29,-20,30,-1,7,-32,3,27,26,66,-22,6,100,26,-3,-15,-9,-12,-74,276621
-18,79,33,-9,2,14,17,-18,-3,-11,-17,4,58,-9,5,10,-11,17,21,20,18,11,37,40,-2,5,24,-19,5,-35,12,14,42,0,12,-29,27,34,15,-3,9,-6,12,18,-1,-33,22,-3,23,-37,-20,-52,16,-18,-6,-14,13,15,13,0,-20,-17,5,10,-13,21,-19,-4,-29,39,37,-14,-9,-16,-4,-15,17,-11,83,1,1,21,-13,4,-5,6,6,0,14,-6,-17,10,3,13,21,1,-5,36,-2,-1,-42,-3,56,-39,-38,0,10,-47,-1,25,-68,28,24,4,23,-2,7,4,-6,-8,-18,-48,-5,26,21,60,47,-9,42,-6,-16,52,4,11,27,9,-9,-3,-5,14,-18,26,11,-10,41,-16,8,-11,19,1,67,45,58,33,19,-32,36,24,27,40,21,54,12,-4,18,45,16,21,9,3,-24,0,-6,-10,16,4,8,55,-18,7,-14,25,11,13,276711
100,18,27,27,-47,-47,0,81,22,46,30,99,28,-44,100,100,-98,24,-47,-16,100,-46,7,7,-14,-5,-92,54,2,32,41,22,56,-19,-1,-28,-100,-100,6,29,51,-50,7,100,31,-44,-49,30,53,50,17,78,19,-44,42,55,-35,-47,48,-5,16,-68,16,4,16,59,26,27,-48,5,6,26,-51,77,25,-8,23,15,8,-44,46,50,-92,100,40,-3,-5,-39,48,18,74,84,100,-48,-100,36,-50,-70,19,-40,-72,-38,-5,-79,-100,-41,63,89,30,-100,74,100,-82,-88,-91,100,0,52,42,55,-43,77,-63,-100,-9,-16,100,17,-26,-30,-68,76,17,44,-55,100,-47,-63,14,42,74,-100,100,-36,-19,7,58,41,-9,100,-16,21,30,-98,-1,-29,-74,100,-100,100,13,-6,84,-12,-14,19,100,56,48,-91,-24,31,12,-32,100,50,63,24,-88,-2,29,9,0,-1,276787
2,-22,49,-24,100,7,9,-38,21,-3,61,14,61,38,56,9,-35,-2,-100,4,100,-100,18,45,-6,-87,-100,62,-10,-53,-1,18,37,-39,-38,7,1,-28,-1,100,-7,29,-2,23,100,0,-100,22,41,-50,-2,44,16,-48,21,100,100,7,4,-12,-1,-28,19,32,-37,-9,63,25,8,49,21,27,26,-36,-15,-6,0,-41,-5,100,-14,-16,-44,63,37,-10,2,100,2,13,64,30,-2,-100,49,40,46,3,-11,-8,-66,1,32,-58,-15,-10,15,0,46,47,100,47,18,100,-100,-3,-92,-43,19,100,-48,43,-37,12,-1,-6,100,-23,-18,-76,-33,3,19,45,-24,-44,-100,-36,10,43,66,12,11,-65,-16,15,34,-4,0,27,-2,62,39,-20,10,9,2,46,1,100,30,33,30,-8,7,57,100,39,25,100,14,48,9,-100,24,-43,12,68,100,0,27,34,30,-39,276864
20,56,67,44,6,-99,36,28,14,-10,98,59,70,5,18,19,22,22,80,-32,-25,28,14,20,3,56,-44,-30,22,-100,21,31,78,31,-69,-4,-6,22,15,85,-8,26,17,74,85,70,83,33,81,-100,-59,37,30,-50,100,-36,-6,-100,28,52,-62,8,30,0,-67,68,-30,34,66,19,13,62,39,-15,-16,100,21,-61,49,3,-5,65,24,17,12,-3,-4,-18,27,12,-9,46,-100,28,39,-1,-3,71,-14,21,-55,100,62,-62,-19,21,13,-49,28,40,4,99,-57,29,-44,-99,62,41,100,-34,-48,38,0,17,3,40,62,44,100,-48,9,77,26,49,-24,1,-100,0,20,48,-10,20,19,-61,100,-79,-25,-10,3,52,31,34,100,29,27,-2,69,100,-4,54,66,55,46,2,-29,30,-26,86,-41,30,-7,25,17,-100,74,43,12,66,57,-2,66,64,-19,-88,276883
0,51,-50,-18,-83,-4,-100,-15,40,-22,15,14,84,-13,-45,4,-20,-3,-65,-16,10,-33,6,44,-9,6,2,-25,-100,-6,0,19,-29,-28,-52,-93,25,46,-26,-100,21,46,-26,26,-100,32,-64,33,31,-4,-8,38,18,-22,-83,-42,-27,-4,6,-9,-7,-68,98,-42,-66,52,-26,31,30,44,6,15,44,-18,-7,11,-5,-63,43,-82,-10,51,-10,-50,26,-10,-5,-16,8,35,63,5,-27,-35,32,22,-8,-97,-9,20,-23,7,58,-27,-48,18,100,-47,-39,29,-5,28,16,-2,3,-30,6,-7,-64,-46,-22,35,18,23,3,13,34,-18,47,-16,-69,23,100,-49,-29,-40,-30,17,4,-51,62,23,5,-29,47,-12,34,-22,5,20,19,19,53,48,-100,-93,-96,30,25,36,52,62,5,-6,-13,23,10,32,34,-4,-38,-40,5,-25,27,-7,99,83,33,-6,15,47,-37,-53,277039
1,80,51,-9,3,8,-49,-16,63,-32,-1,56,-12,9,72,20,13,65,-8,-26,10,35,36,65,-10,-69,18,-8,-10,-32,-2,33,75,0,-58,-3,-97,52,-16,0,14,-59,-16,54,2,32,-40,22,42,-32,-18,47,32,-100,-17,17,2,7,32,-12,-22,-5,98,44,70,62,-9,20,36,55,32,20,-92,-21,-27,38,70,54,88,6,-5,100,15,73,-8,0,0,-2,29,57,64,-3,-100,35,39,-16,-22,75,34,20,-23,30,-7,25,27,-57,32,-22,11,37,-34,20,36,12,15,-9,-51,-28,0,25,-100,44,10,53,-55,3,64,-9,61,27,-23,-42,100,75,-25,-13,-29,46,25,73,61,53,22,5,62,-23,32,-32,-67,61,2,80,15,56,-52,-2,52,27,-100,56,70,-10,-3,-8,-28,71,9,43,22,12,-28,13,22,-33,54,-27,30,100,16,-2,20,72,49,-59,277145
-24,40,47,-9,52,3,21,-27,-4,19,86,-65,53,14,-37,4,87,10,-4,-17,14,-42,15,34,-5,-41,9,-10,16,97,-8,30,-16,-9,24,-7,-100,-49,49,2,12,15,46,38,0,11,22,31,47,100,8,17,30,-13,49,34,12,2,15,-6,11,-45,69,-18,-27,25,-9,29,11,33,17,17,40,-26,-12,1,12,-17,42,52,-22,30,80,-38,15,-1,-18,4,18,-7,0,19,-49,-43,21,17,20,75,-11,-25,-63,7,35,-46,69,-24,16,14,-44,22,91,32,51,-4,9,-43,-43,18,51,33,-12,19,-36,100,13,82,2,-10,22,-44,-48,-80,67,23,34,12,-38,-29,12,26,1,98,4,-28,22,28,23,19,14,-64,80,30,0,-49,21,-7,75,27,-98,4,40,35,20,-5,-18,27,16,48,90,-2,-60,-44,14,-36,38,17,14,72,29,-17,16,38,-27,27,277169
-28,98,8,-14,0,3,3,12,19,30,98,100,80,-15,6,-1,48,13,3,-18,-15,-100,14,23,23,-48,27,6,-56,-2,-32,25,-29,17,-56,24,-15,14,15,-10,0,100,15,25,-12,80,-19,39,66,-8,-11,64,25,-60,31,24,-9,2,-2,-3,-12,-41,71,70,-2,22,3,38,80,25,11,40,100,11,-19,-14,7,14,100,-1,-2,46,51,1,56,4,-28,-22,0,13,38,11,17,-100,51,55,-18,29,-33,-45,13,-9,38,-6,26,-97,98,40,-27,50,17,9,-29,-84,28,16,-63,-24,34,23,-57,61,-33,42,-7,-24,68,-14,17,-34,-100,49,70,12,9,60,-100,-100,20,13,-23,42,1,-12,20,-31,64,29,-8,100,-27,31,73,10,3,23,27,6,-12,75,-18,38,13,22,-17,27,-11,65,67,-81,-33,-24,20,-100,27,-25,100,77,60,-27,44,-14,75,-58,277170
-5,6,42,-23,58,25,20,-32,-3,3,-28,52,84,-5,23,6,22,19,45,-26,11,10,15,32,-7,25,-19,-7,-36,-36,39,24,-23,3,-77,6,-100,50,-34,-1,-2,-8,-36,12,0,42,32,33,42,-36,-40,45,27,-40,92,52,6,24,0,-4,-41,-65,27,-34,-39,66,-9,35,45,29,17,28,-25,-29,-6,-22,21,-42,17,60,-8,100,12,17,60,-28,-10,0,-1,-6,36,13,-31,9,0,54,3,43,-6,-9,-67,-13,44,-63,-37,-16,28,1,-13,-5,-4,10,37,-17,-18,-31,-30,-2,77,52,-38,48,-55,25,0,19,37,-27,40,-31,-61,15,27,-2,-60,-6,-22,-67,9,-1,36,25,4,-30,41,-19,-12,2,-2,63,18,22,50,52,17,2,42,9,-100,37,0,48,16,-5,-27,25,12,40,7,-19,26,-9,7,-23,15,-3,26,86,48,-9,25,-3,-20,-79,277283
-17,8,10,-36,10,-4,4,-9,100,-9,-51,9,37,-67,55,-4,24,4,23,-96,41,35,36,-3,2,1,-14,1,25,23,23,23,60,-12,-100,-80,8,-14,14,-15,-77,-94,15,59,-7,-22,90,30,58,26,8,100,27,-36,-13,55,100,-5,16,-9,13,-33,99,-29,-12,39,-3,30,-24,-10,42,41,-18,-8,12,23,9,-28,5,12,-2,74,28,48,-5,2,-9,100,13,98,38,5,-100,34,17,-2,-64,30,13,4,1,35,23,-6,100,-9,70,-51,-40,9,7,-38,-16,-100,-20,-95,21,-12,-16,52,-37,100,-87,13,10,15,-78,-36,40,70,-25,-6,100,-66,-67,30,-95,-28,22,-60,32,12,-5,59,42,7,-25,-10,21,9,20,-12,35,-11,-2,-79,40,-33,3,-79,-17,32,5,4,-97,-1,40,59,-19,-100,-21,-36,18,-100,58,-14,69,-18,100,-10,41,-19,-11,-100,277411
-13,22,25,24,29,44,-35,-29,5,-81,70,-18,34,23,23,3,11,19,22,-81,24,85,24,32,-14,13,33,-33,-23,-14,21,19,18,-15,-36,-100,12,22,-18,4,27,-45,-16,-3,2,48,24,18,32,-12,9,21,20,-27,-2,9,77,37,8,-3,9,-33,29,0,-22,20,-44,22,47,32,24,35,-41,-28,-7,28,19,-22,33,28,-3,21,19,22,78,-1,-21,83,7,5,38,-4,-42,89,-7,75,12,31,-9,-19,-44,20,12,-47,-23,-18,7,-36,3,-8,100,-56,20,-52,31,-36,14,26,-5,4,-25,20,-35,6,17,90,42,7,100,0,-33,17,31,12,-7,-8,4,-34,14,10,38,8,0,-1,100,-95,6,-75,14,-17,92,41,74,22,-36,-100,30,-54,11,36,-3,8,-4,-14,-78,42,12,35,6,-51,-54,3,14,2,-3,17,5,30,12,-22,36,0,-1,-34,277633
-9,11,31,-17,-13,-25,8,-44,24,-29,3,0,5,-35,31,6,-23,-17,15,-14,3,27,10,13,-25,66,23,-26,-27,-50,17,30,-4,20,-69,-6,-18,28,-42,7,-25,-53,-42,27,10,66,11,19,25,-50,-17,65,30,-58,-20,12,-14,-26,29,-8,-17,-96,14,-12,18,10,-36,21,70,12,10,9,-56,-44,-33,17,-17,19,18,-11,-6,9,-15,28,3,-4,-12,-7,28,25,14,15,-49,25,33,3,-43,65,-35,8,-58,18,33,-52,-36,5,37,3,30,32,-69,33,31,-4,22,-52,59,-5,-17,12,-55,62,71,12,-32,-10,15,-19,52,-9,-100,-4,18,8,-25,-4,41,68,8,6,14,13,6,4,52,-55,25,-29,-33,2,-5,-13,75,25,-44,-8,63,37,-20,17,-17,33,17,-23,-12,-16,100,25,28,-7,-13,29,9,45,29,-6,36,7,4,-11,11,-14,-7,-72,277846
-2,38,-73,-31,98,-24,-93,36,100,29,100,57,2,-31,10,12,39,1,12,-22,24,-15,-7,57,6,-37,19,-35,56,36,-1,28,43,13,-65,-26,-100,37,38,20,-2,100,38,48,23,52,-21,13,37,29,-10,-27,29,-14,35,82,93,-27,32,-6,-13,-93,100,15,0,77,-33,12,51,56,-6,16,100,35,-22,40,2,34,36,100,-4,85,33,7,18,1,-24,100,30,100,68,47,-69,-14,31,22,-37,45,-18,-35,-98,64,48,-100,30,-35,100,-74,-34,31,31,100,3,28,15,-67,-33,0,44,81,-12,-24,-92,36,28,-49,18,-34,74,-65,-97,-62,100,78,-2,18,44,-98,32,78,69,34,11,-57,77,-100,31,28,26,55,-48,78,32,37,-92,-27,46,98,-97,23,37,49,49,5,-19,79,26,39,43,27,17,-29,34,47,50,0,100,0,92,-23,15,34,25,-63,277869
-16,52,28,11,-2,-18,-65,-19,24,-53,58,5,74,0,42,-26,35,14,18,2,35,44,4,29,-3,4,-20,-48,100,7,-15,17,59,-4,-86,-7,4,37,16,5,-35,13,18,35,6,75,22,39,70,-3,-13,79,15,-53,19,33,-3,-23,5,-2,-12,-39,-100,20,3,34,-47,35,72,28,5,19,21,-28,-13,6,17,4,46,-3,-2,35,42,42,43,-2,7,4,5,28,22,26,-54,48,16,44,-5,19,-14,-7,-77,30,46,-84,-30,-4,74,-64,16,16,27,32,10,-10,-18,-39,8,40,28,42,-54,77,-40,100,-12,39,69,11,100,-27,-40,-19,-100,25,-100,34,-38,-39,15,23,24,100,-23,-32,100,-3,-19,-51,-11,-7,43,21,25,42,-62,-4,18,35,2,61,-3,43,23,-2,11,25,31,74,-27,-8,-43,13,17,-23,35,37,80,68,50,8,23,1,13,-84,277927
7,0,35,12,-6,7,6,0,48,28,28,58,57,25,100,7,3,74,55,-2,0,21,77,32,-4,62,-26,8,-14,-44,-27,8,33,16,-45,5,36,42,-10,-7,-25,-66,-9,52,-13,-6,62,32,47,-44,-6,23,10,-30,40,30,66,7,-3,-8,-5,-27,-46,62,-20,17,9,28,14,30,75,14,-67,-3,65,20,71,-21,-14,-9,-7,22,15,98,45,-8,4,56,-3,39,5,-10,22,22,-36,36,32,14,58,-21,-4,21,-15,-17,-51,-20,27,62,35,-39,42,15,-17,-31,-22,28,60,-3,22,48,-31,20,-58,18,48,58,-16,10,15,98,-21,43,-46,23,3,4,48,-61,4,24,6,18,10,79,15,90,-6,27,47,58,68,36,61,34,5,1,14,13,37,-19,-19,-8,-8,-4,-4,41,0,47,-1,-34,-8,30,3,41,51,-4,31,52,8,3,13,-21,58,-47,277949
8,33,3,-13,100,25,-35,-16,100,25,-73,35,80,-45,1,10,-2,2,23,-17,100,-100,21,29,-16,8,22,-74,100,-30,16,27,-16,-61,-56,23,34,5,-13,100,-14,-35,-11,54,100,-24,17,26,1,-22,-20,69,27,-38,43,-22,17,25,17,0,-20,-37,100,-36,-48,3,-76,27,-33,28,19,-14,-32,-16,-20,21,0,-41,42,100,1,-10,-1,0,-16,3,-11,22,18,100,54,23,-28,-100,6,-16,-45,2,-25,0,-39,8,40,-49,-39,-1,52,-67,-23,4,-64,100,15,18,22,-28,5,9,39,-33,-36,72,-15,47,7,-12,37,-15,34,-15,-39,3,100,35,-100,16,-10,-18,7,35,55,46,10,-22,32,-24,21,25,7,32,-17,0,58,0,-34,21,3,100,37,37,-28,39,23,-15,-12,0,100,1,4,16,-40,-29,10,-3,56,8,52,75,4,-8,-12,-28,-55,-55,277954
6,14,-30,0,-97,17,-52,72,39,10,77,100,60,58,36,16,36,7,34,-100,-3,100,11,54,-11,-50,30,40,-100,-41,50,16,57,-74,-59,13,61,-13,1,-10,3,-45,3,43,-12,6,65,25,17,-36,0,3,15,-45,74,-34,100,18,12,-9,-2,-33,100,-15,-100,32,39,28,4,57,16,15,-42,54,-12,48,7,-100,7,-100,-10,67,32,37,69,-10,-3,100,11,44,27,13,52,100,8,61,55,-48,-7,-15,-65,53,32,-74,-39,-16,100,-48,12,7,19,-3,100,37,31,55,-58,-38,74,-29,-43,2,-29,22,20,-3,-1,0,39,-60,-17,100,99,21,10,-39,41,-33,16,22,31,23,13,-57,39,-23,-15,9,21,100,-4,54,100,-14,-48,15,-1,-5,65,0,9,28,13,-14,-100,51,-2,17,-31,39,-52,11,18,43,40,-38,99,56,43,-1,18,8,-12,-56,277965
13,23,64,-26,-20,40,-16,-38,7,25,8,51,73,0,24,19,12,35,37,14,4,40,23,74,-7,60,-12,16,19,0,49,20,54,32,-60,-3,8,81,-5,14,-23,-9,0,71,12,85,41,23,56,0,0,22,21,-52,30,58,25,40,9,-3,0,-33,16,-47,17,90,18,22,81,72,27,42,-2,-39,-15,25,31,20,9,-23,1,91,8,20,52,6,14,7,7,12,17,38,-21,41,23,43,7,37,-16,6,-82,18,60,-86,-44,9,9,32,-1,28,-20,27,33,-2,-7,-15,62,16,35,62,-52,20,6,47,8,47,85,-23,24,-62,-32,42,22,37,-12,11,8,2,8,40,18,48,17,-76,23,5,-18,28,16,46,40,47,46,78,-16,-2,38,33,7,72,-4,62,37,-7,13,52,1,56,-23,-3,-4,0,6,-5,72,13,8,79,12,12,41,-7,-44,-62,278001
36,69,60,-17,-3,7,100,12,-78,22,98,48,44,-55,-1,0,-82,10,7,-26,21,30,18,27,10,15,-100,-57,9,26,24,27,-1,-11,3,8,-100,-52,-62,-1,14,64,-63,15,2,49,5,10,34,40,-21,55,28,-25,-58,32,18,5,16,36,-24,-49,100,-12,51,43,-57,10,56,20,25,5,64,13,-1,44,15,35,50,0,-8,51,-74,-4,-22,-5,-18,22,15,-80,10,-11,-99,28,100,-29,-58,89,3,-2,-60,23,48,-49,-53,-6,-21,67,31,97,34,-91,-100,-7,-100,-100,20,0,-45,34,-27,53,-54,98,41,55,-48,-17,61,-9,-60,75,100,-25,-28,92,-24,-60,25,-27,8,98,-3,6,63,-12,15,23,42,49,62,36,37,-51,100,10,90,-91,-100,-44,4,46,-10,10,-28,37,20,33,34,-7,-63,37,24,-22,13,4,-27,49,43,-21,6,5,3,3,278007
15,21,67,-17,19,29,25,-32,-7,-38,69,0,40,0,13,9,-5,51,37,-21,0,36,42,43,-5,5,12,-27,34,-31,10,17,57,9,-38,0,-13,27,-10,0,-16,-22,-7,58,0,30,15,14,43,-29,-24,23,17,-40,-34,4,39,31,30,-7,-26,-14,37,7,19,64,-26,11,28,52,37,29,-23,-34,19,-4,39,19,9,20,-6,25,0,16,-10,-3,-3,34,29,0,25,9,-4,33,-4,3,0,69,11,-6,-35,5,7,-31,-31,-9,-24,-6,3,-8,-12,33,8,28,13,-1,-5,-7,-36,10,-37,20,-57,30,19,-11,7,-17,34,-24,-17,42,37,39,-17,0,38,-52,12,37,25,29,11,-22,34,-19,45,-35,17,11,-22,32,78,27,22,1,68,34,-16,9,-12,6,5,-5,-20,29,2,45,21,29,-16,-9,11,50,58,-6,-27,49,11,-4,28,-13,5,-38,278017
-25,-10,18,-32,-14,7,3,-35,100,12,-20,100,79,23,64,-15,-41,50,25,-7,13,100,63,30,-22,-1,-16,-27,-26,-57,63,31,-5,-12,-10,-22,-18,18,-32,-35,0,-29,-35,17,-36,29,43,0,0,-46,-37,81,32,-50,7,18,15,5,37,-8,-36,-58,49,-14,25,41,-27,3,32,32,66,-11,-22,-30,20,37,51,-7,4,-17,-6,33,-30,70,52,0,42,13,37,85,-20,96,-29,99,-8,47,22,-8,17,6,-17,23,14,-10,-58,5,70,-46,78,-7,-58,-97,51,-32,-13,-28,-30,-11,7,28,-52,83,-51,24,28,24,-30,-33,56,20,-47,1,47,29,-85,-57,-27,-36,12,32,-21,23,-18,14,56,-18,-9,12,33,100,18,20,19,26,4,-23,-7,-100,-16,-16,58,11,100,-22,-9,19,13,-1,-12,-34,-22,82,12,-24,17,-12,67,82,28,42,-13,54,-15,-10,278046
-14,100,23,-20,18,13,26,-28,2,20,-100,38,25,15,76,3,-31,-16,34,-21,28,5,-18,11,-25,4,11,-56,0,55,-8,37,-9,-16,-46,-23,-21,17,-37,15,-40,20,-38,48,15,-47,30,12,-43,60,-32,72,38,-58,-24,-1,-55,12,33,-4,-33,-57,29,45,5,81,-56,9,-51,10,-17,-100,24,-31,-10,-100,-16,0,100,18,-5,85,-22,74,9,0,-2,-41,33,5,34,-16,-53,4,14,11,12,-100,-9,-17,-68,-100,43,-71,38,-20,-13,-32,48,17,60,-49,2,-9,13,-57,2,13,-17,-11,-55,71,-49,20,-30,-17,2,-19,61,-44,-63,-13,32,36,-30,6,-30,-52,6,35,35,20,7,-42,62,-42,25,19,-31,34,-16,38,52,17,25,-22,-100,-49,-21,9,-31,40,-14,-25,-19,38,27,-43,31,-9,26,51,9,-5,50,13,-12,26,8,-2,-100,-30,51,-48,278172
13,100,-17,-17,-13,-1,-6,-15,100,-11,25,31,18,-27,-100,-2,0,98,-25,-47,4,-39,81,7,-16,-44,-44,-42,11,51,1,24,-18,2,-63,-14,-100,50,-28,52,-37,-2,-25,50,47,-100,-27,8,-28,53,17,21,26,-43,42,-100,100,0,24,-3,16,-100,-47,-2,-6,70,-42,8,-100,15,82,5,0,-16,43,-100,100,-2,100,-18,0,69,2,-100,45,0,-9,100,20,100,71,14,-15,-36,19,47,-31,24,46,-9,-33,-100,49,-25,100,-11,22,-44,5,27,-44,24,-78,76,-40,-15,-50,-2,55,-100,-40,21,23,28,17,14,57,-19,100,-23,-100,-100,-48,-100,-47,-34,67,32,16,-100,68,30,-3,-20,100,-13,30,-11,16,37,14,34,54,56,-6,-17,21,23,-100,49,16,48,15,-19,-48,30,1,-29,33,76,20,5,9,69,50,-5,24,25,53,-13,6,17,-1,-63,278194
-16,66,39,-13,1,23,-12,-36,-7,-1,-37,27,2,-28,68,5,-27,27,16,-25,4,3,-23,3,-23,69,-6,-1,-38,-42,6,33,-33,-3,-60,-12,0,32,-32,-9,-2,17,-28,38,-4,44,16,15,10,-34,-27,23,30,-65,0,39,0,23,26,-7,-27,-46,22,-41,26,69,-5,15,43,3,-21,12,13,-40,-32,55,29,24,63,5,-7,70,-26,65,-18,0,-10,-2,23,-6,0,-10,-2,3,42,-17,-29,9,-31,11,-77,44,26,-74,-16,8,1,0,25,41,-80,1,27,-37,-9,0,67,0,0,34,-64,20,-44,34,-90,-14,-8,-13,23,15,-52,23,25,-22,-52,0,-22,-47,4,-22,0,34,7,19,24,7,-18,-2,-87,20,-16,-22,13,30,-12,-9,8,4,-2,-8,18,30,-12,-21,-20,-21,3,11,-18,-38,-40,25,7,-17,41,-1,3,5,18,-9,14,16,-39,-60,278403
6,13,4,-13,-20,-11,65,-45,-7,14,-36,15,82,2,15,15,-23,23,12,-11,11,-12,46,45,-34,27,-2,-19,23,-23,-7,28,26,-15,-30,-27,1,27,-36,-9,-75,-2,-36,31,-8,13,18,-5,-8,-31,-8,-12,29,-47,-9,29,13,-13,40,-5,-9,-22,30,4,-30,-37,-23,-2,13,41,60,-17,-9,-43,15,-7,33,-46,6,-19,-3,-29,-26,12,-46,-2,14,-2,38,-14,8,-14,-46,-15,16,-38,14,15,26,21,-11,6,55,0,-40,15,11,18,28,16,-23,54,16,0,-4,-54,31,-7,-22,31,-51,-13,22,32,0,-42,5,-14,5,-17,-33,12,28,63,-8,-9,6,17,8,62,8,32,13,-10,6,28,-45,14,9,33,-26,43,28,36,64,-26,14,52,2,6,-18,57,-12,-31,-13,45,10,-8,-28,0,0,34,6,0,31,-8,9,95,-6,13,-16,-12,18,-28,278404
-6,-14,47,-26,-12,34,-17,-32,-7,5,-10,48,76,-20,23,13,-16,29,32,1,-23,30,45,32,0,17,0,29,-45,4,-1,35,0,41,-72,-4,-1,30,-7,-4,-86,68,-3,55,-1,69,47,26,48,-6,-25,35,32,-64,6,89,-19,36,12,-8,-25,-24,10,29,7,48,32,27,70,31,43,28,61,-41,21,6,31,15,-8,-11,-5,68,-3,28,-12,0,11,10,9,-9,19,28,-22,31,14,-11,-19,34,26,-3,-73,18,13,-77,-56,-1,10,1,36,16,-58,25,22,-20,-2,-14,27,2,-2,88,-58,28,-26,23,24,-22,52,-24,24,-64,-24,51,14,44,-61,11,-18,-25,3,41,20,23,16,-81,27,-3,50,5,20,49,-15,36,33,14,-17,-1,33,29,-4,55,-23,14,24,0,7,34,-20,50,38,-20,15,46,5,-4,57,3,14,75,20,8,33,-27,34,-75,278412
-2,35,26,-19,-1,1,-38,-22,3,7,21,-3,65,-15,90,6,-9,-12,30,-17,24,14,26,12,-1,26,6,-24,-23,-52,-1,19,9,6,-44,-10,-50,50,0,-2,-30,-49,3,45,0,32,30,19,44,-43,-28,41,22,-83,42,38,52,1,21,0,-28,-15,16,14,-11,87,-25,20,35,6,21,22,-52,-24,19,50,-14,-3,32,2,0,73,-13,82,16,7,-5,50,21,2,-1,24,-72,17,31,24,-7,62,12,38,-35,19,32,-46,-5,40,-61,-17,40,32,8,18,14,-8,7,-72,33,3,45,41,-86,42,-12,24,-31,0,-25,-18,58,-24,-8,18,13,23,-2,-2,42,-19,6,23,-3,22,6,-23,58,-44,-11,8,-28,0,-9,-29,40,56,-35,-11,64,16,-45,-28,-17,35,21,0,-17,-21,25,45,-16,-10,-40,44,7,37,46,0,-62,51,26,-3,22,-14,7,-43,278661
-18,3,-18,-14,-13,17,-34,-36,50,-31,4,37,45,-1,44,10,-16,45,40,-15,6,17,43,47,-26,0,6,-20,-39,9,10,25,18,-3,-40,-12,23,13,-18,-1,34,70,-19,27,1,46,33,6,-2,10,-27,10,28,-12,19,55,27,16,39,-13,-28,-61,7,-22,13,-5,-23,3,53,49,44,-2,72,-37,-12,44,44,7,6,-12,-13,-3,-14,42,11,-12,-5,17,38,41,18,-19,-27,15,31,7,0,44,-11,-33,-57,32,51,-49,-41,-35,50,-12,41,27,-4,36,44,-26,5,-25,-7,6,8,60,-8,9,-56,12,19,-1,6,-15,39,-84,-66,55,10,48,-49,-40,25,-57,16,49,17,12,12,-72,39,-19,-21,-34,18,53,1,54,53,13,-35,-16,41,36,23,4,-17,53,-18,-26,-16,54,6,-5,-4,-27,-40,42,16,9,29,5,47,48,13,-3,-5,-18,-10,-43,278751
-2,34,27,45,29,-5,-18,-10,76,2,86,-26,100,52,100,-100,25,100,-100,-21,81,12,100,86,11,-15,62,-30,100,-78,0,-18,72,2,16,20,-100,-3,-5,9,-6,-36,-2,51,0,100,-100,16,-4,100,-100,40,-18,-73,-44,-9,64,-7,-100,100,-100,12,19,43,9,68,-4,18,100,84,100,-95,-33,-10,53,100,100,7,44,27,-3,57,13,100,-9,-4,4,42,-100,61,100,79,17,9,100,-11,65,-46,50,-100,4,63,74,-2,89,-100,34,-100,49,100,88,-77,-16,12,1,16,-14,34,-38,-10,-74,34,-43,-100,97,-18,100,59,100,-66,11,-100,16,-42,74,28,32,-47,18,-44,100,-91,-100,-62,100,1,100,3,100,-52,2,42,100,0,-21,23,-46,-100,-100,100,-82,73,79,10,-18,41,100,-1,100,13,-76,46,15,51,52,72,35,100,30,1,-92,-100,38,19,278773
-4,78,3,-12,26,-11,-52,-49,24,1,56,22,45,-31,6,15,-25,18,4,-6,30,22,25,40,16,6,12,-15,4,-23,-9,31,5,-3,-44,-8,-39,27,15,26,32,-6,12,36,26,39,6,26,57,-29,10,29,30,-31,-31,-6,-26,-12,3,-3,9,-23,11,-8,-8,34,-14,28,34,40,26,27,-5,-44,-4,8,21,-7,75,28,0,37,-21,6,-29,4,4,-32,5,17,14,19,-3,23,18,-21,-34,70,-2,-5,-40,11,37,-40,-48,-7,12,-7,-13,16,0,50,27,-22,11,0,6,-4,-45,-5,-29,33,-20,50,18,-10,30,-10,28,-18,-25,30,11,41,-17,-3,35,-18,21,43,13,51,14,-17,28,31,20,2,16,33,3,33,42,27,-51,-8,71,44,-35,23,-15,38,20,17,-10,35,28,57,21,-23,-56,-10,20,43,35,-3,7,45,40,4,25,-13,-4,-45,278801
0,52,65,-21,1,0,22,-80,100,0,26,52,35,-8,63,21,3,6,-33,-7,-7,47,16,32,-11,-11,5,18,-40,-48,27,20,-8,38,-33,-11,-97,3,-25,-43,-32,-63,-26,70,-41,-8,-41,14,39,-52,-13,-2,22,-77,20,96,47,0,27,-10,-13,-39,25,9,28,9,15,11,-4,32,18,35,-65,-87,-24,46,7,22,60,3,-4,7,0,62,14,-1,-3,38,25,100,14,34,-51,47,28,12,-9,13,-25,-8,-89,51,40,-84,18,-10,98,-11,-21,26,-28,31,43,6,4,-55,-28,-27,14,100,-76,-8,-19,34,-12,-12,4,-24,41,-7,-27,-7,24,11,-21,19,33,-22,8,12,-2,33,22,1,42,-12,19,-1,-10,57,-6,8,57,3,20,-13,32,28,-90,7,65,40,36,-11,-5,7,-8,41,21,4,-8,-21,8,23,71,-28,100,39,16,0,16,63,11,-36,278813
-9,12,82,-3,40,-99,-11,-16,-43,-99,-42,-13,76,15,64,5,-58,17,-100,-36,29,56,32,59,-11,-38,100,-6,-1,-80,-26,36,73,-1,-50,-14,-86,73,-19,-16,5,-14,-15,60,-16,44,-100,27,51,-81,41,53,33,-29,35,-26,-30,-100,24,-6,36,-16,100,2,49,-60,-4,25,41,62,29,19,-2,-21,4,37,13,55,7,39,-1,-53,-62,61,-7,2,-13,-26,23,-45,-4,-13,51,56,-100,-1,5,67,0,-18,16,10,22,19,-19,-20,9,-48,0,-100,-75,98,0,14,100,51,-45,-48,51,-20,-27,48,-100,93,58,-33,10,-1,-30,12,-16,26,100,16,-2,1,8,-100,19,13,-4,96,6,26,-29,-23,65,-100,51,-12,-31,88,37,71,-16,-10,64,100,-48,8,-17,18,-16,-10,-32,83,29,53,68,17,-36,-5,15,8,60,-37,10,76,33,-16,22,-23,8,-52,278894
5,82,42,-13,-100,16,-32,-4,99,-10,-1,100,73,-60,19,12,-10,54,41,-27,9,0,43,70,-9,-5,-12,-15,-24,-51,-4,24,25,25,-39,-5,-80,31,-25,18,13,-32,-23,32,21,58,62,26,30,-43,-24,37,21,-95,12,23,22,17,20,-8,-30,-14,11,7,12,59,-15,26,53,68,44,70,-21,7,10,13,56,5,92,-100,-7,63,-11,18,6,5,-8,32,17,100,56,16,-43,0,25,7,-78,-10,7,11,-21,-3,-17,-26,-37,10,97,19,-8,23,-60,42,67,-3,-14,-33,62,-12,17,20,-90,35,-46,11,100,2,37,-13,30,-9,4,-22,17,6,-3,8,65,-18,13,69,57,10,14,-60,28,-33,72,-11,0,96,-8,-12,48,31,-33,-3,-13,46,-83,37,100,-19,14,-8,-16,-15,9,35,35,-4,12,-5,14,70,35,-11,100,41,57,-6,73,100,5,-38,278923
8,47,27,-10,17,21,-21,-21,-8,9,22,9,45,-19,31,9,-9,10,3,-11,12,51,19,33,-9,17,9,0,2,-23,3,16,10,12,-40,5,-28,51,-4,0,-10,-36,-3,33,4,66,7,26,48,-21,-8,54,18,-48,11,-24,14,23,11,-3,-9,-29,34,2,0,35,0,23,74,34,18,29,-37,-24,0,12,10,0,51,22,-1,40,-14,31,55,0,10,7,10,-5,20,27,-9,51,1,60,-24,0,-4,-1,-67,4,42,-67,-42,-3,-10,-22,4,1,11,63,22,27,7,-7,17,-9,7,-14,-51,49,-18,37,14,35,31,-9,35,-3,-29,49,37,52,1,17,32,-19,9,52,19,35,12,3,34,8,-2,11,15,11,33,31,52,58,-22,6,-2,67,-32,31,-22,45,25,-8,-12,32,13,49,-2,27,-41,8,6,33,35,-9,-12,48,36,9,29,-23,8,-41,278949
-38,7,51,-9,20,-9,-15,-24,-8,39,38,0,78,7,2,12,10,-29,-23,-29,-8,21,4,46,-23,4,17,-11,-22,27,-2,49,-20,-19,-27,-26,-34,0,-19,-14,-32,-8,-17,37,-18,1,-21,11,8,26,-13,52,46,-60,1,5,23,-10,22,-7,-14,-43,13,41,1,69,-10,13,5,48,3,1,-9,-26,-9,32,-31,4,11,17,-9,57,11,1,4,-6,7,18,21,-13,-3,4,-42,20,29,8,7,16,-10,1,-86,25,76,-81,-40,1,-15,-56,16,30,-2,41,30,3,15,-45,4,-6,-9,8,-60,50,-7,40,-13,-36,34,-9,33,-7,-46,34,13,78,-41,-6,21,-3,19,76,-1,40,13,-22,33,43,62,39,-14,5,-42,58,18,-1,-14,-22,17,40,-33,32,-31,71,1,-21,-27,54,-8,11,55,5,-82,9,20,33,39,-5,-19,76,30,6,4,-30,22,-26,278981
23,42,19,-14,-42,7,44,-16,11,-17,34,36,29,-1,70,10,-4,40,100,-17,14,42,50,34,-10,62,23,-10,27,44,6,11,61,-11,-17,7,-20,21,-10,-6,-20,-16,-10,34,1,29,95,-1,-3,52,0,6,10,-24,18,22,-25,9,40,-8,0,6,22,-20,-24,56,-9,-3,30,44,42,9,-19,-15,-4,43,32,-20,34,-42,-7,34,4,78,-12,-6,8,-20,37,3,13,-15,-31,37,26,-1,-6,17,-15,1,-10,28,17,-1,-13,0,27,16,73,22,-29,-21,19,34,21,-26,48,-16,8,24,-22,3,-50,28,47,15,-20,-15,50,2,3,54,21,58,-6,0,47,-40,14,56,12,29,11,9,50,31,-12,-16,42,55,14,30,56,15,41,6,13,-23,-19,-19,1,14,-16,-9,-17,24,15,-2,-25,33,-1,70,11,37,35,-13,20,28,16,7,8,0,-24,-18,279008
-7,61,82,-9,-15,47,-62,-23,15,-23,12,21,69,-29,17,9,13,-3,-36,0,-10,18,20,73,-9,-22,-19,21,-25,-6,39,17,-6,-12,-28,-18,-3,35,-7,-10,13,-2,-4,61,-6,25,-31,18,32,0,-8,11,19,-32,46,-15,-1,47,3,-5,-11,-30,26,-24,-4,37,19,14,32,69,21,9,8,-26,-18,30,0,-8,62,-18,-2,49,11,15,-5,0,8,14,4,16,22,0,-3,19,2,-7,-21,21,-20,16,-6,33,35,-11,-18,14,5,-3,24,-1,-24,30,38,-24,-19,1,-14,-15,39,-9,-34,8,-22,38,39,-30,19,-8,-25,0,-28,21,25,21,-3,-2,29,-25,6,20,22,40,12,0,-25,-12,27,-21,41,19,-32,39,52,36,-63,-15,21,22,1,17,7,35,-4,-7,0,43,-9,31,39,-24,-25,26,5,35,61,-11,2,66,9,8,7,8,-17,-29,279071
19,17,20,-17,-24,28,-25,-66,21,-20,-4,-7,27,-31,7,23,-27,-16,20,-8,27,24,20,46,-7,18,17,-5,35,-30,-19,27,37,50,-82,-22,24,39,-15,-3,-6,-41,-21,37,-1,32,9,23,41,-31,-5,13,31,-82,-30,-4,13,29,32,-14,-5,-23,22,33,-21,29,-7,21,37,48,19,25,-43,-62,-10,8,-18,-25,11,-22,-10,27,-35,6,-13,-6,-6,2,32,8,31,63,-34,22,20,-13,-21,63,-15,6,-50,1,-15,-42,-64,-1,-29,0,-38,9,-76,30,12,12,15,-40,13,-19,-35,11,-82,13,-22,25,-22,-51,5,-20,33,2,-27,26,19,28,-13,8,23,-28,14,28,27,24,24,19,35,-3,-1,-19,-25,13,-45,-16,32,40,-29,-26,61,26,27,15,-19,-11,65,-7,-16,-19,28,37,6,11,14,-39,10,24,37,-16,-39,34,32,-8,17,-19,47,-84,279101
-23,-5,29,-19,1,11,-79,2,-13,-23,-42,-7,29,-35,-17,5,-17,-10,-32,-22,13,22,-8,7,5,3,8,-47,-32,-14,8,23,-3,-26,4,-8,-35,-10,-5,11,-70,-50,-7,9,9,17,-29,22,24,-22,-6,17,28,-36,-11,29,3,13,-10,-3,-4,-49,6,16,-36,-31,-49,19,22,9,-11,-6,-61,7,0,12,-15,-28,8,1,0,-23,-16,-16,-10,0,-7,7,-11,-12,5,-22,-33,24,15,-20,-35,13,-4,1,-32,23,34,-33,-15,0,-48,-34,-22,14,-32,7,12,-7,10,-37,0,-5,-25,35,-40,19,0,0,-5,-11,-7,-18,47,49,-49,-9,3,21,-24,-10,45,1,10,21,3,0,5,46,45,-6,28,-21,-4,1,-14,31,27,-8,-80,-10,15,5,-36,-7,-21,36,-21,3,-28,31,15,24,16,-7,-67,-21,8,52,8,-3,-54,34,16,-6,-10,-20,18,5,279502
-11,6,10,-9,0,19,12,-15,-15,12,-48,-8,63,-35,0,12,11,9,3,0,20,20,7,22,-6,18,-20,-20,-8,5,14,22,-23,21,-52,-9,-6,54,4,24,-47,-25,2,48,21,41,-2,9,33,9,-15,-7,19,-54,-43,58,17,17,12,-15,-17,-55,37,-4,2,-23,-19,11,46,21,7,9,-37,-13,-11,67,5,4,5,0,-16,-28,5,0,16,-14,0,18,12,-19,14,21,-12,18,24,11,-28,47,-15,-7,-75,80,36,-77,3,-10,16,8,10,23,-26,46,25,-2,-22,-15,14,-3,-49,64,-55,-8,-44,26,-11,-27,26,-8,48,31,-56,85,36,14,-23,10,57,-48,5,14,13,28,10,27,49,52,16,14,-8,0,-29,-1,-9,50,13,-8,47,41,-1,32,-31,42,21,-6,1,5,18,32,12,-3,-25,8,4,68,49,-3,11,65,5,0,9,-30,-1,-52,279506
29,67,60,-5,51,0,43,-56,2,-10,63,38,70,0,23,24,-43,12,-15,-17,17,25,52,57,2,2,61,-4,34,-84,21,24,-4,12,-75,-5,20,39,-8,77,-24,-69,-5,66,70,-19,-14,9,29,-88,-49,-2,26,-35,14,-9,-52,1,45,-5,-49,-21,64,-14,-61,-16,-3,9,-10,60,50,31,-61,-57,5,58,9,-56,72,47,3,-19,-38,20,3,6,1,-44,45,-3,33,20,19,25,45,7,-1,86,7,8,-67,52,57,-65,-23,5,7,40,5,41,-61,65,3,8,64,19,4,-12,19,-4,-32,-4,48,69,47,23,0,-6,61,41,-27,56,62,14,1,26,-33,50,7,13,32,70,24,40,62,-13,-46,-11,45,45,25,52,100,38,44,-3,87,62,21,5,-5,55,18,3,-14,51,19,29,-55,5,-18,-1,6,-18,65,-10,9,70,29,-1,31,-5,-15,-76,279609
21,-5,26,-20,8,13,11,-35,0,-15,38,-22,57,-27,-22,17,-11,-15,26,-21,1,27,0,30,-14,19,20,-7,26,-11,-2,21,38,9,-63,-10,-20,49,-23,14,25,-26,-21,35,17,42,20,10,20,-8,-15,27,19,-61,-3,28,-48,11,33,-4,-17,-38,39,16,-62,40,-9,14,43,33,2,19,-30,-38,-6,30,-12,-67,0,9,-2,49,-21,-13,37,-1,-9,-62,30,6,22,27,-27,26,27,40,-30,72,-3,18,-33,29,41,-25,-27,18,30,-8,-9,25,-29,23,4,28,18,-30,19,15,-4,38,-62,21,0,31,9,-16,5,-19,22,-75,-39,58,41,30,-4,9,13,6,13,30,20,30,15,-68,24,-23,-5,-14,7,-21,-23,4,54,49,9,-9,68,30,-25,1,-20,43,25,-13,-17,2,0,23,-17,28,-17,-9,12,16,35,14,29,67,29,-11,20,-20,12,-62,279634
38,-7,68,-9,20,21,67,-16,5,44,-1,47,31,41,71,0,-52,56,-86,-1,-13,57,96,80,-22,-13,58,29,67,-39,17,15,15,-50,-5,24,2,21,5,51,25,-99,6,46,49,27,-97,2,31,-49,26,62,15,-67,6,4,-69,21,37,-7,26,12,30,51,33,6,29,0,33,87,93,23,-95,-17,-11,20,50,32,-15,14,-3,-10,-45,73,-22,-1,8,-73,36,8,61,-4,28,58,-17,-29,52,25,-12,7,-26,21,0,-23,2,7,27,57,57,-12,-56,44,-29,35,61,24,-27,-28,-4,11,-65,61,8,60,94,-12,52,-10,19,84,10,16,24,40,13,24,-15,15,9,41,62,61,0,79,19,60,58,43,94,49,-24,35,34,33,69,23,28,35,7,47,-11,-3,-4,-22,-2,31,-12,32,54,36,34,50,8,-30,44,-29,26,35,14,7,24,-6,57,-5,279680
4,79,5,-10,-7,47,-52,-35,8,-31,-5,22,94,0,24,9,-5,5,44,-15,20,35,20,27,-5,10,0,-25,9,-17,-33,25,32,-10,-72,1,5,57,10,-11,38,-11,8,19,-14,51,36,24,42,-17,-19,54,27,-42,35,28,61,46,2,-7,-19,-51,26,-16,-29,23,-24,23,58,29,18,41,-11,-35,-30,-5,4,-28,77,-12,-4,22,2,21,7,0,-22,49,1,9,36,14,-26,34,20,10,5,57,-29,2,-52,-8,49,-49,-23,0,35,-13,42,23,-21,55,6,10,6,-38,6,-3,50,40,-41,54,-58,38,21,24,74,-9,21,-50,-52,14,23,1,0,2,-21,-60,17,3,35,39,10,-40,23,-15,14,-30,19,26,42,48,15,58,-52,-1,57,52,9,76,0,47,16,-6,-16,45,17,40,15,9,-22,37,18,-5,20,-4,33,91,40,-24,39,4,-5,-75,279694
19,55,9,-31,5,6,56,-46,10,-33,-12,8,100,-26,61,26,-19,12,6,-6,2,29,33,92,-35,9,18,-18,43,-18,-35,34,11,25,-42,-10,7,31,-55,-60,-44,-80,-52,34,-63,27,-4,6,23,-22,-8,2,34,-78,-29,-9,-17,6,23,-10,-8,9,28,3,4,56,-18,5,35,91,39,36,-78,-48,-6,15,18,3,48,2,-14,74,-21,58,39,-14,2,-19,23,9,33,16,-20,26,3,35,-28,69,2,13,-39,5,31,-23,-58,7,-23,11,58,6,-89,61,-7,28,21,-20,2,19,-36,-11,-77,-1,-17,38,14,1,21,-31,76,-13,1,10,29,52,-6,-26,10,-20,11,51,36,36,27,-4,75,-14,29,-34,12,15,8,72,79,32,57,-10,70,64,5,13,-31,30,15,-36,-5,67,3,24,44,30,25,58,11,-5,34,19,-24,100,-14,4,36,-21,4,-45,279696
0,0,0,0,0,0,0,0,0,0,0,0,0,0,0,0,0,0,0,0,0,0,0,0,0,0,0,0,0,0,0,0,0,0,0,0,0,0,0,0,0,0,0,0,0,0,0,0,0,0,0,0,0,0,0,0,0,0,0,0,0,0,0,0,0,0,0,0,0,0,0,0,0,0,0,0,0,0,0,0,0,0,0,0,0,0,0,0,0,0,0,0,0,0,0,0,0,0,0,0,0,0,0,0,0,0,0,0,0,0,0,0,0,0,0,0,0,0,0,0,0,0,0,0,0,0,0,0,0,0,0,0,0,0,0,0,0,0,0,0,0,0,0,0,0,0,0,0,0,0,0,0,0,0,0,0,0,0,0,0,0,0,0,0,0,0,0,0,0,0,0,0,0,0,0,0,0,0,0,0,0,0,0,0,279744
12,43,47,-24,17,68,-21,-39,-32,-15,3,38,7,-41,16,7,-21,36,11,-10,17,44,10,27,0,-11,4,-4,-3,-22,-12,16,40,44,-69,13,-14,49,-2,21,-50,37,-2,57,22,40,12,36,34,-22,0,23,13,-64,40,67,-19,68,0,-7,0,-33,-31,-26,2,44,-5,36,38,29,0,39,20,-42,-36,41,23,15,40,14,-7,16,-29,19,15,-6,11,-10,-1,-34,37,23,-15,43,-8,22,-45,52,-50,7,-14,56,-49,-24,40,12,-2,27,-19,-12,-35,44,35,4,6,-10,-18,18,34,64,-68,23,7,34,-29,-49,6,-24,21,-16,-20,40,-33,48,-17,-24,0,10,6,46,37,35,8,-6,22,27,79,-15,-31,44,-58,-40,25,45,-20,14,51,41,-13,6,-31,-41,22,-1,-7,-33,20,34,74,5,20,-13,6,-4,58,18,-2,7,10,9,41,-39,-31,-67,279923
